X[s],"Trigno IM sensor 3: EMG 3 (IM)",X[s],"Trigno IM sensor 3: Mag 3.Z (IM)",X[s],"Trigno IM sensor 4: EMG 4 (IM)",X[s],"Trigno IM sensor 4: Mag 4.Z (IM)"
0.000000,6.009003E-05,0.000000,123,0.000000,-1.611353E-05,0.000000,-2
0.0009,-5.035477E-06,0.0135,125,0.0009,3.726253E-05,0.0135,-3
0.0018,6.74754E-05,0.027,125,0.0018,2.652018E-05,0.027,0
0.0027,0.000193698,0.0405,125,0.0027,1.712062E-05,0.0405,-3
0.0036,0.0001272297,0.054,123,0.0036,4.666209E-05,0.054,-3
0.0045,3.457694E-05,0.0675,124,0.0045,2.383459E-05,0.0675,-5
0.0054,-0.0001198444,0.081,124,0.0054,-1.510643E-05,0.081,-3
0.0063,-8.123904E-05,0.0945,125,0.0063,-3.692683E-05,0.0945,-3
0.0072,-7.653925E-05,0.108,124,0.0072,-5.807584E-05,0.108,-5
0.0081,-0.0002279393,0.1215,123,0.0081,-3.726253E-05,0.1215,-2
0.009000001,-0.0001003738,0.135,124,0.009000001,-4.196231E-05,0.135,-4
0.0099,-3.961242E-05,0.1485,124,0.0099,-5.136187E-05,0.1485,-4
0.0108,-7.721065E-05,0.162,124,0.0108,-7.821774E-05,0.162,-4
0.0117,-6.881819E-05,0.1755,123,0.0117,-5.539025E-05,0.1755,-6
0.0126,2.349889E-06,0.189,123,0.0126,-0.0001060807,0.189,-5
0.0135,-2.047761E-05,0.2025,123,0.0135,-0.000239353,0.2025,-4
0.0144,-2.18204E-05,0.216,124,0.0144,-0.0002124971,0.216,-4
0.0153,9.063859E-06,0.2295,124,0.0153,-0.0001164874,0.2295,-4
0.0162,2.618448E-05,0.243,124,0.0162,9.063859E-06,0.243,-5
0.0171,-2.652018E-05,0.2565,122,0.0171,0.0001594568,0.2565,-4
0.018,-9.063859E-06,0.27,123,0.018,0.0002490883,0.27,-3
0.0189,5.404745E-05,0.2835,122,0.0189,0.0001131304,0.2835,-3
0.0198,0.0001178302,0.297,123,0.0198,2.819867E-05,0.297,-3
0.0207,0.0002584878,0.3105,124,0.0207,2.853437E-05,0.3105,-4
0.0216,0.0003024643,0.324,123,0.0216,1.409934E-05,0.324,-2
0.0225,0.0001876554,0.3375,123,0.0225,-1.342794E-06,0.3375,-3
0.0234,0.000102388,0.351,124,0.0234,2.349889E-06,0.351,-3
0.0243,-9.970245E-05,0.3645,123,0.0243,3.189136E-05,0.3645,0
0.0252,-0.0002615091,0.378,123,0.0252,1.275654E-05,0.378,-3
0.0261,-0.0003004501,0.3915,123,0.0261,-8.258183E-05,0.3915,-2
0.027,-0.000235996,0.405,123,0.027,-0.0001853056,0.405,-2
0.0279,6.713969E-07,0.4185,124,0.0279,-0.0002158541,0.4185,-3
0.0288,8.291753E-05,0.432,125,0.0288,-0.0001832914,0.432,-3
0.0297,0.0001054093,0.4455,124,0.0297,-7.586786E-05,0.4455,-5
0.0306,0.0001272297,0.459,124,0.0306,-1.443504E-05,0.459,-4
0.0315,0.0001114519,0.4725,123,0.0315,4.129091E-05,0.4725,-2
0.0324,-7.721065E-05,0.486,125,0.0324,7.754635E-05,0.486,-3
0.0333,-0.0002370031,0.4995,122,0.0333,1.510643E-05,0.4995,-5
0.0342,-0.000323949,0.513,123,0.0342,2.047761E-05,0.513,-5
0.0351,-0.0002205539,0.5265,124,0.0351,1.678492E-05,0.5265,-4
0.036,-5.304036E-05,0.54,124,0.036,8.560311E-05,0.54,-4
0.0369,-1.208515E-05,0.5535,125,0.0369,0.0001232013,0.5535,-3
0.0378,7.418937E-05,0.567,123,0.0378,6.143282E-05,0.567,-3
0.0387,0.0001628138,0.5805,123,0.0387,2.383459E-05,0.5805,-2
0.0396,0.0002225681,0.594,123,0.0396,4.49836E-05,0.594,-5
0.0405,0.0001493858,0.6075,122,0.0405,-1.644922E-05,0.6075,-5
0.0414,0.0001242084,0.621,124,0.0414,-5.102617E-05,0.621,-4
0.0423,1.107805E-05,0.6345,123,0.0423,-7.049668E-05,0.6345,-1
0.0432,-0.000112459,0.648,125,0.0432,-4.29694E-05,0.648,-2
0.0441,-0.0003293202,0.6615,123,0.0441,-4.162661E-05,0.6615,-1
0.045,-0.0002997787,0.675,123,0.045,-7.855344E-05,0.675,-6
0.0459,-9.835965E-05,0.6885,124,0.0459,-0.0001591211,0.6885,-6
0.0468,-9.030289E-05,0.702,123,0.0468,-0.0001775845,0.702,-3
0.0477,-1.913481E-05,0.7155,124,0.0477,-0.0001634852,0.7155,-7
0.0486,5.606165E-05,0.729,125,0.0486,-0.000136965,0.729,-3
0.0495,1.779202E-05,0.7425,126,0.0495,-3.659113E-05,0.7425,-2
0.0504,9.768826E-05,0.756,124,0.0504,0.0001070878,0.756,-4
0.0513,0.000112459,0.7695,123,0.0513,0.0001675135,0.7695,-2
0.0522,1.007095E-05,0.783,123,0.0522,8.358892E-05,0.783,-8
0.0531,-3.692683E-06,0.7965,122,0.0531,7.150377E-05,0.7965,-4
0.054,7.217517E-05,0.81,123,0.054,5.069047E-05,0.81,-3
0.0549,4.129091E-05,0.8235,122,0.0549,4.699779E-06,0.8235,-5
0.0558,5.706874E-05,0.837,122,0.0558,-2.18204E-05,0.837,-3
0.0567,6.277562E-05,0.8505,121,0.0567,-2.517739E-05,0.8505,-4
0.0576,3.323415E-05,0.864,121,0.0576,-1.376364E-05,0.864,-5
0.0585,5.404745E-05,0.8775,122,0.0585,-5.874724E-05,0.8775,-5
0.0594,-1.577783E-05,0.891,121,0.0594,-0.0001040665,0.891,-7
0.0603,-8.023193E-05,0.9045,121,0.0603,-9.164568E-05,0.9045,-4
0.0612,-2.450599E-05,0.918,121,0.0612,-8.69459E-05,0.918,-6
0.0621,5.203327E-05,0.9315,121,0.0621,-8.92958E-05,0.9315,-5
0.063,3.524834E-05,0.945,122,0.063,-1.007095E-05,0.945,-6
0.0639,4.36408E-05,0.9585,121,0.0639,6.411841E-05,0.9585,-6
0.0648,0.0001151446,0.972,121,0.0648,3.692683E-05,0.972,-4
0.0657,8.157473E-05,0.9855,121,0.0657,-1.712062E-05,0.9855,-2
0.0666,3.021286E-06,0.999,122,0.0666,1.812772E-05,0.999,-4
0.0675,-2.383459E-05,1.0125,122,0.0675,-1.409934E-05,1.0125,-1
0.0684,-3.189136E-05,1.026,123,0.0684,-8.728161E-06,1.026,-2
0.0693,-4.733349E-05,1.0395,122,0.0693,-2.383459E-05,1.0395,-7
0.0702,-2.316319E-05,1.053,121,0.0702,-2.014191E-05,1.053,-2
0.0711,6.64683E-05,1.0665,121,0.0711,-1.510643E-05,1.0665,-9
0.072,1.208515E-05,1.08,120,0.072,-3.256275E-05,1.08,-4
0.0729,-0.0001094377,1.0935,122,0.0729,-3.994812E-05,1.0935,-4
0.07380001,-0.0001544213,1.107,120,0.07380001,-1.779202E-05,1.107,-5
0.07470001,-0.0001846342,1.1205,122,0.07470001,-3.021286E-05,1.1205,-2
0.0756,-0.0001144732,1.134,122,0.0756,-6.277562E-05,1.134,-4
0.0765,-5.136187E-05,1.1475,122,0.0765,-4.699779E-05,1.1475,-3
0.0774,-0.0001050736,1.161,121,0.0774,-4.33051E-05,1.161,-5
0.0783,-1.242084E-05,1.1745,121,0.0783,-0.0001524071,1.1745,-3
0.0792,-2.887007E-05,1.188,121,0.0792,-0.000161471,1.188,-4
0.0801,-3.826963E-05,1.2015,120,0.0801,-6.51255E-05,1.2015,-3
0.081,-4.028382E-06,1.215,122,0.081,-2.047761E-05,1.215,-4
0.0819,4.699779E-06,1.2285,121,0.0819,6.78111E-05,1.2285,-4
0.0828,1.376364E-05,1.242,121,0.0828,7.217517E-05,1.242,-6
0.0837,4.129091E-05,1.2555,120,0.0837,0.0001097734,1.2555,-1
0.0846,5.203327E-05,1.269,122,0.0846,9.164568E-05,1.269,-4
0.0855,4.263371E-05,1.2825,121,0.0855,1.174945E-05,1.2825,-4
0.0864,6.009003E-05,1.296,121,0.0864,-1.644922E-05,1.296,-6
0.0873,6.54612E-05,1.3095,120,0.0873,-1.745632E-05,1.3095,-4
0.0882,0.0001070878,1.323,121,0.0882,-0.0001477073,1.323,-6
0.0891,0.0001695277,1.3365,121,0.0891,-0.000218204,1.3365,-5
0.09,0.0001604639,1.35,120,0.09,-0.0001346151,1.35,-3
0.0909,0.0001930266,1.3635,121,0.0909,-6.378271E-05,1.3635,-3
0.0918,0.0001070878,1.377,122,0.0918,5.975433E-05,1.377,-2
0.0927,6.143282E-05,1.3905,120,0.0927,0.0001789273,1.3905,-6
0.0936,-2.920577E-05,1.404,120,0.0936,0.0001473716,1.404,-2
0.09450001,-8.191043E-05,1.4175,121,0.09450001,-1.678492E-06,1.4175,-3
0.09540001,-0.0001668421,1.431,120,0.09540001,-4.834058E-05,1.431,-4
0.09630001,-0.000239353,1.4445,122,0.09630001,-1.846342E-05,1.4445,-4
0.0972,-0.0002584878,1.458,120,0.0972,0.0001138018,1.458,-2
0.0981,-0.0001373007,1.4715,122,0.0981,0.0002514381,1.4715,-3
0.099,-0.0001399863,1.485,119,0.099,0.000179263,1.485,0
0.0999,-6.243992E-05,1.4985,122,0.0999,3.121996E-05,1.4985,-6
0.1008,2.417029E-05,1.512,120,0.1008,1.477073E-05,1.512,-4
0.1017,4.129091E-05,1.5255,122,0.1017,-1.242084E-05,1.5255,-5
0.1026,2.383459E-05,1.539,120,0.1026,-7.888914E-05,1.539,-5
0.1035,-0.0001067521,1.5525,121,0.1035,-7.284657E-05,1.5525,-5
0.1044,-6.61326E-05,1.566,120,0.1044,-6.814679E-05,1.566,-3
0.1053,-1.342794E-06,1.5795,120,0.1053,-5.169757E-05,1.5795,-3
0.1062,-2.450599E-05,1.593,119,0.1062,-7.486076E-05,1.593,-1
0.1071,2.652018E-05,1.6065,120,0.1071,-5.270466E-05,1.6065,-4
0.108,0.0002010834,1.62,120,0.108,-1.141375E-05,1.62,-3
0.1089,0.00024271,1.6335,120,0.1089,-3.121996E-05,1.6335,-3
0.1098,9.130999E-05,1.647,119,0.1098,-7.351797E-05,1.647,-1
0.1107,-3.021286E-05,1.6605,121,0.1107,-3.994812E-05,1.6605,-3
0.1116,-7.452507E-05,1.674,121,0.1116,-1.678492E-05,1.674,-3
0.1125,-0.0001097734,1.6875,121,0.1125,-1.443504E-05,1.6875,-5
0.1134,-9.164568E-05,1.701,120,0.1134,-4.36408E-06,1.701,-7
0.1143,-2.21561E-05,1.7145,121,0.1143,-1.947051E-05,1.7145,-5
0.1152,-1.846342E-05,1.728,120,0.1152,-0.0001279011,1.728,-5
0.1161,-1.007095E-06,1.7415,120,0.1161,-0.000172549,1.7415,-1
0.117,-0.000164828,1.755,121,0.117,-0.0001010452,1.755,-2
0.1179,-6.54612E-05,1.7685,120,0.1179,-8.493171E-05,1.7685,-2
0.1188,-3.121996E-05,1.782,122,0.1188,-0.0001067521,1.782,-2
0.1197,-4.599069E-05,1.7955,120,0.1197,-4.061952E-05,1.7955,0
0.1206,-0.0001050736,1.809,120,0.1206,2.383459E-05,1.809,-3
0.1215,-3.256275E-05,1.8225,121,0.1215,-2.719158E-05,1.8225,-3
0.1224,0.0002145113,1.836,121,0.1224,-5.136187E-05,1.836,-1
0.1233,0.0002171969,1.8495,122,0.1233,-6.478981E-05,1.8495,-3
0.1242,5.203327E-05,1.863,121,0.1242,3.356985E-06,1.863,-2
0.1251,-7.318227E-05,1.8765,120,0.1251,5.001907E-05,1.8765,-5
0.126,-5.001907E-05,1.89,120,0.126,0.0001161517,1.89,-1
0.1269,-0.000140322,1.9035,120,0.1269,7.452507E-05,1.9035,-2
0.1278,-4.53193E-05,1.917,122,0.1278,9.970245E-05,1.917,-4
0.1287,7.083238E-05,1.9305,120,0.1287,8.96315E-05,1.9305,-1
0.1296,3.121996E-05,1.944,120,0.1296,-3.021286E-06,1.944,-3
0.1305,-9.365987E-05,1.9575,120,0.1305,-3.356985E-06,1.9575,-3
0.1314,-0.0001151446,1.971,121,0.1314,-1.477073E-05,1.971,0
0.1323,-3.793393E-05,1.9845,119,0.1323,-4.162661E-05,1.9845,-3
0.1332,-1.107805E-05,1.998,121,0.1332,-7.586786E-05,1.998,0
0.1341,0.0001634852,2.0115,120,0.1341,-7.956054E-05,2.0115,-3
0.135,0.000256138,2.025,120,0.135,-5.438316E-05,2.025,-3
0.1359,0.0002396887,2.0385,120,0.1359,-2.752728E-05,2.0385,-4
0.1368,0.0001292439,2.052,119,0.1368,-2.517739E-05,2.052,-7
0.1377,-2.786297E-05,2.0655,121,0.1377,3.323415E-05,2.0655,-4
0.1386,-8.795301E-05,2.079,121,0.1386,4.46479E-05,2.079,-5
0.1395,-7.083238E-05,2.0925,121,0.1395,-3.826963E-05,2.0925,-5
0.1404,-1.980621E-05,2.106,120,0.1404,-6.78111E-05,2.106,-5
0.1413,-3.356985E-05,2.1195,121,0.1413,-6.378271E-06,2.1195,-5
0.1422,-2.316319E-05,2.133,121,0.1422,-1.678492E-06,2.133,-4
0.1431,-4.095522E-05,2.1465,121,0.1431,-3.189136E-05,2.1465,-4
0.144,-6.71397E-05,2.16,120,0.144,-1.913481E-05,2.16,-2
0.1449,-2.584878E-05,2.1735,119,0.1449,-2.1149E-05,2.1735,-2
0.1458,-4.028382E-06,2.187,121,0.1458,-7.217517E-05,2.187,-7
0.1467,8.560311E-05,2.2005,120,0.1467,-8.090334E-05,2.2005,-5
0.1476,4.061952E-05,2.214,120,0.1476,-3.659113E-05,2.214,-6
0.1485,4.800488E-05,2.2275,120,0.1485,-2.920577E-05,2.2275,-1
0.1494,3.189136E-05,2.241,120,0.1494,-2.450599E-05,2.241,-4
0.1503,-3.860533E-05,2.2545,121,0.1503,-3.524834E-05,2.2545,-5
0.1512,-0.0001597925,2.268,120,0.1512,-3.826963E-05,2.268,-3
0.1521,-0.0002554666,2.2815,121,0.1521,-5.404745E-05,2.2815,-5
0.153,-0.0002155184,2.295,122,0.153,-0.000172549,2.295,-4
0.1539,-0.0001322652,2.3085,120,0.1539,-0.0002077974,2.3085,-4
0.1548,-5.001907E-05,2.322,120,0.1548,-0.0001591211,2.322,-3
0.1557,2.24918E-05,2.3355,120,0.1557,-0.0001074235,2.3355,-4
0.1566,4.53193E-05,2.349,121,0.1566,-4.699779E-05,2.349,-3
0.1575,1.913481E-05,2.3625,120,0.1575,0.0001540856,2.3625,-3
0.1584,1.980621E-05,2.376,120,0.1584,0.0001836271,2.376,-3
0.1593,5.941863E-05,2.3895,120,0.1593,0.0001560998,2.3895,-5
0.1602,4.095522E-05,2.403,120,0.1602,0.0001138018,2.403,-3
0.1611,1.846342E-05,2.4165,120,0.1611,9.903105E-05,2.4165,-4
0.162,-2.450599E-05,2.43,121,0.162,7.150377E-05,2.43,-1
0.1629,-6.210422E-05,2.4435,120,0.1629,4.229801E-05,2.4435,-2
0.1638,-7.150377E-05,2.457,121,0.1638,9.063859E-06,2.457,-4
0.1647,-1.678492E-05,2.4705,121,0.1647,-1.107805E-05,2.4705,-2
0.1656,0.0001332723,2.484,120,0.1656,6.378271E-06,2.484,-6
0.1665,0.0001701991,2.4975,120,0.1665,-3.424125E-05,2.4975,-4
0.1674,0.0001346151,2.511,120,0.1674,-5.572595E-05,2.511,-2
0.1683,2.18204E-05,2.5245,120,0.1683,-1.779202E-05,2.5245,-3
0.1692,-8.090334E-05,2.538,120,0.1692,-0.0001305867,2.538,-2
0.1701,-4.53193E-05,2.5515,120,0.1701,-0.0002554666,2.5515,-3
0.171,-8.358892E-05,2.565,120,0.171,-0.0001960479,2.565,-4
0.1719,-7.049668E-05,2.5785,121,0.1719,-0.0001117876,2.5785,-2
0.1728,-8.392462E-06,2.592,121,0.1728,-7.519646E-05,2.592,-8
0.1737,-3.256275E-05,2.6055,121,0.1737,6.74754E-05,2.6055,-4
0.1746,-6.311131E-05,2.619,121,0.1746,0.0001560998,2.619,-6
0.1755,3.793393E-05,2.6325,122,0.1755,9.433127E-05,2.6325,-5
0.1764,4.263371E-05,2.646,120,0.1764,8.82887E-05,2.646,-6
0.1773,2.014191E-06,2.6595,122,0.1773,5.740444E-05,2.6595,-5
0.1782,-3.121996E-05,2.673,121,0.1782,4.565499E-05,2.673,-7
0.1791,1.040665E-05,2.6865,123,0.1791,2.383459E-05,2.6865,-4
0.18,4.129091E-05,2.7,122,0.18,-4.263371E-05,2.7,-3
0.1809,7.418937E-05,2.7135,122,0.1809,-7.217517E-05,2.7135,-2
0.1818,9.903105E-05,2.727,120,0.1818,-3.860533E-05,2.727,-4
0.1827,4.53193E-05,2.7405,121,0.1827,-4.49836E-05,2.7405,-3
0.1836,-1.208515E-05,2.754,122,0.1836,-7.116808E-05,2.754,-2
0.1845,-9.634547E-05,2.7675,120,0.1845,-4.196231E-05,2.7675,-6
0.1854,-0.000115816,2.781,120,0.1854,-2.987716E-05,2.781,-2
0.1863,-0.0001030594,2.7945,121,0.1863,-8.123904E-05,2.7945,-3
0.1872,5.740444E-05,2.808,122,0.1872,-9.231708E-05,2.808,-5
0.1881,0.0001188373,2.8215,121,0.1881,-4.867628E-05,2.8215,-3
0.189,2.047761E-05,2.835,121,0.189,-1.913481E-05,2.835,-3
0.1899,-5.841154E-05,2.8485,120,0.1899,5.035477E-06,2.8485,0
0.1908,-0.0001416648,2.862,122,0.1908,2.819867E-05,2.862,-3
0.1917,-0.0001839628,2.8755,121,0.1917,7.553216E-05,2.8755,-3
0.1926,-9.164568E-05,2.889,121,0.1926,2.28275E-05,2.889,-3
0.1935,-2.417029E-05,2.9025,120,0.1935,-5.136187E-05,2.9025,-3
0.1944,0.0001131304,2.916,120,0.1944,-5.673304E-05,2.916,-2
0.1953,0.000144686,2.9295,120,0.1953,-2.685588E-05,2.9295,-2
0.1962,5.035477E-05,2.943,122,0.1962,-3.793393E-05,2.943,-5
0.1971,7.217517E-05,2.9565,120,0.1971,-3.793393E-05,2.9565,-3
0.198,5.740444E-05,2.97,120,0.198,3.659113E-05,2.97,-6
0.1989,-9.735256E-06,2.9835,121,0.1989,7.183947E-05,2.9835,-5
0.1998,5.035477E-06,2.997,121,0.1998,3.961242E-05,2.997,-3
0.2007,-3.692683E-05,3.0105,121,0.2007,-4.028382E-06,3.0105,-2
0.2016,-4.800488E-05,3.024,122,0.2016,-8.358892E-05,3.024,-2
0.2025,-2.652018E-05,3.0375,0,0.2025,-0.0001534142,3.0375,0
0.2034,-1.174945E-05,3.051,0,0.2034,-0.0001607996,3.051,0
0.2043,6.64683E-05,3.0645,0,0.2043,-0.0001577783,3.0645,0
0.2052,0.0001299153,3.078,0,0.2052,-6.74754E-05,3.078,0
0.2061,9.701686E-05,3.0915,0,0.2061,3.927672E-05,3.0915,0
0.207,9.903105E-05,3.105,0,0.207,9.433127E-05,3.105,0
0.2079,5.774014E-05,3.1185,0,0.2079,7.049668E-06,3.1185,0
0.2088,-5.941863E-05,3.132,0,0.2088,6.478981E-05,3.132,0
0.2097,4.867628E-05,3.1455,0,0.2097,0.0001658351,3.1455,0
0.2106,0.0001117876,3.159,0,0.2106,5.337606E-05,3.159,0
0.2115,-4.095522E-05,3.1725,0,0.2115,8.392462E-06,3.1725,0
0.2124,-0.0002376745,3.186,0,0.2124,-8.392462E-06,3.186,0
0.2133,-0.0004078737,3.1995,0,0.2133,-7.016098E-05,3.1995,0
0.2142,-0.0003571832,3.213,0,0.2142,-8.560311E-05,3.213,0
0.2151,-0.0003615473,3.2265,0,0.2151,-8.89601E-05,3.2265,0
0.216,-0.0002000763,3.24,0,0.216,-5.069047E-05,3.24,0
0.2169,-4.36408E-06,3.2535,0,0.2169,1.947051E-05,3.2535,0
0.2178,2.081331E-05,3.267,0,0.2178,1.040665E-05,3.267,0
0.2187,-1.846342E-05,3.2805,0,0.2187,-1.007095E-06,3.2805,0
0.2196,-1.242084E-05,3.294,0,0.2196,-5.639734E-05,3.294,0
0.2205,5.001907E-05,3.3075,0,0.2205,-7.418937E-05,3.3075,0
0.2214,3.894102E-05,3.321,0,0.2214,-6.57969E-05,3.321,0
0.2223,6.64683E-05,3.3345,0,0.2223,-1.342794E-06,3.3345,0
0.2232,7.452507E-05,3.348,0,0.2232,9.063859E-06,3.348,0
0.2241,4.46479E-05,3.3615,0,0.2241,-3.222705E-05,3.3615,0
0.225,5.337606E-05,3.375,0,0.225,-1.779202E-05,3.375,0
0.2259,0.0001040665,3.3885,0,0.2259,1.007095E-06,3.3885,0
0.2268,7.418937E-05,3.402,0,0.2268,-0.0001168231,3.402,0
0.2277,0.0001319295,3.4155,0,0.2277,-0.0001920195,3.4155,0
0.2286,0.0001030594,3.429,0,0.2286,-0.0001383078,3.429,0
0.2295,8.392462E-05,3.4425,0,0.2295,-0.0001144732,3.4425,0
0.2304,9.768826E-05,3.456,0,0.2304,-1.846342E-05,3.456,0
0.2313,9.533837E-05,3.4695,0,0.2313,9.869535E-05,3.4695,0
0.2322,8.157473E-05,3.483,0,0.2322,0.0001782559,3.483,0
0.2331,2.047761E-05,3.4965,0,0.2331,0.0001607996,3.4965,0
0.234,-0.0001205158,3.51,0,0.234,7.989624E-05,3.51,0
0.2349,-0.0001285725,3.5235,0,0.2349,-3.021286E-06,3.5235,0
0.2358,-5.404745E-05,3.537,0,0.2358,1.510643E-05,3.537,0
0.2367,-4.162661E-05,3.5505,0,0.2367,1.040665E-05,3.5505,0
0.2376,-2.081331E-05,3.564,0,0.2376,-3.323415E-05,3.564,0
0.2385,-1.040665E-05,3.5775,0,0.2385,-1.242084E-05,3.5775,0
0.2394,2.584878E-05,3.591,0,0.2394,1.443504E-05,3.591,0
0.2403,-9.063859E-06,3.6045,0,0.2403,-2.719158E-05,3.6045,0
0.2412,9.735256E-06,3.618,0,0.2412,1.510643E-05,3.618,0
0.2421,8.728161E-06,3.6315,0,0.2421,3.323415E-05,3.6315,0
0.243,-1.678492E-06,3.645,0,0.243,-3.121996E-05,3.645,0
0.2439,1.275654E-05,3.6585,0,0.2439,-5.337606E-05,3.6585,0
0.2448,4.53193E-05,3.672,0,0.2448,-7.888914E-05,3.672,0
0.2457,0.0001007095,3.6855,0,0.2457,-0.000105745,3.6855,0
0.2466,0.0002312963,3.699,0,0.2466,-0.0001775845,3.699,0
0.2475,0.0002930648,3.7125,0,0.2475,-0.0003605402,3.7125,0
0.2484,0.0001141375,3.726,0,0.2484,-0.0004481575,3.726,0
0.2493,-5.203327E-05,3.7395,0,0.2493,-0.0003189135,3.7395,0
0.2502,-0.0001822843,3.753,0,0.2502,-0.0002175326,3.753,0
0.2511,-0.0003051499,3.7665,0,0.2511,-4.53193E-05,3.7665,0
0.252,-0.0002688945,3.78,0,0.252,0.0002098116,3.78,0
0.2529,-0.0002554666,3.7935,0,0.2529,0.0005663233,3.7935,0
0.2538,-0.0001769131,3.807,0,0.2538,0.0005837796,3.807,0
0.2547,-7.553216E-05,3.8205,0,0.2547,0.0002292821,3.8205,0
0.2556,-5.001907E-05,3.834,0,0.2556,0.0001326009,3.834,0
0.2565,-6.042573E-05,3.8475,0,0.2565,9.097429E-05,3.8475,0
0.2574,-3.121996E-05,3.861,0,0.2574,6.378271E-05,3.861,0
0.2583,7.721065E-06,3.8745,0,0.2583,4.028382E-06,3.8745,0
0.2592,6.042573E-06,3.888,0,0.2592,-1.007095E-06,3.888,0
0.2601,-1.376364E-05,3.9015,0,0.2601,-3.021286E-06,3.9015,0
0.261,7.318227E-05,3.915,0,0.261,-2.618448E-05,3.915,0
0.2619,0.0001889983,3.9285,0,0.2619,-5.035477E-05,3.9285,0
0.2628,0.0001067521,3.942,0,0.2628,-5.673304E-05,3.942,0
0.2637,5.035477E-06,3.9555,0,0.2637,-0.0001168231,3.9555,0
0.2646,-1.544213E-05,3.969,0,0.2646,-0.0002010834,3.969,0
0.2655,-4.867628E-05,3.9825,0,0.2655,-0.0002175326,3.9825,0
0.2664,-0.0001003738,3.996,0,0.2664,-0.0002440528,3.996,0
0.2673,-2.920577E-05,4.0095,0,0.2673,-0.0003179065,4.0095,0
0.2682,0.000158114,4.023,0,0.2682,-0.0003256275,4.023,0
0.2691,0.0002581521,4.0365,0,0.2691,-0.0001628138,4.0365,0
0.27,0.000291722,4.05,0,0.27,4.39765E-05,4.05,0
0.2709,0.0001574426,4.0635,0,0.2709,0.0002030976,4.0635,0
0.2718,-3.323415E-05,4.077,0,0.2718,0.0003004501,4.077,0
0.2727,-0.0001883268,4.0905,0,0.2727,0.0003823606,4.0905,0
0.2736,-0.0003048142,4.104,0,0.2736,0.000207126,4.104,0
0.2745,-0.0003293202,4.1175,0,0.2745,5.874724E-05,4.1175,0
0.2754,-8.82887E-05,4.131,0,0.2754,2.1149E-05,4.131,0
0.2763,-6.74754E-05,4.1445,0,0.2763,4.162661E-05,4.1445,0
0.2772,-6.378271E-05,4.158,0,0.2772,6.378271E-06,4.158,0
0.2781,-1.376364E-05,4.1715,0,0.2781,-5.673304E-05,4.1715,0
0.279,-9.063859E-06,4.185,0,0.279,-1.577783E-05,4.185,0
0.2799,-8.392462E-06,4.1985,0,0.2799,-3.256275E-05,4.1985,0
0.2808,1.275654E-05,4.212,0,0.2808,-7.553216E-05,4.212,0
0.2817,-5.136187E-05,4.2255,0,0.2817,-9.701686E-05,4.2255,0
0.2826,-3.994812E-05,4.239,0,0.2826,-7.653925E-05,4.239,0
0.2835,4.632639E-05,4.2525,0,0.2835,-5.539025E-05,4.2525,0
0.2844,0.0001010452,4.266,0,0.2844,-9.298848E-05,4.266,0
0.2853,9.835965E-05,4.2795,0,0.2853,-0.0001309224,4.2795,0
0.2862,3.927672E-05,4.293,0,0.2862,-9.298848E-05,4.293,0
0.2871,9.466698E-05,4.3065,0,0.2871,-6.445411E-05,4.3065,0
0.288,0.0001221943,4.32,0,0.288,-9.265278E-05,4.32,0
0.2889,0.0001070878,4.3335,0,0.2889,-0.0001534142,4.3335,0
0.2898,0.0001467002,4.347,0,0.2898,-8.493171E-05,4.347,0
0.2907,0.0001134661,4.3605,0,0.2907,-3.457694E-05,4.3605,0
0.2916,-2.786297E-05,4.374,0,0.2916,-4.43122E-05,4.374,0
0.2925,-0.0002541238,4.3875,0,0.2925,6.411841E-05,4.3875,0
0.2934,-0.0002876936,4.401,0,0.2934,0.0001195087,4.401,0
0.2943,-7.788205E-05,4.4145,0,0.2943,7.956054E-05,4.4145,0
0.2952,-4.934768E-05,4.428,0,0.2952,2.618448E-05,4.428,0
0.2961,-7.284657E-05,4.4415,0,0.2961,-4.36408E-06,4.4415,0
0.297,-4.33051E-05,4.455,0,0.297,-3.524834E-05,4.455,0
0.2979,-3.424125E-05,4.4685,0,0.2979,-3.860533E-05,4.4685,0
0.2988,-9.735256E-06,4.482,0,0.2988,-6.243992E-05,4.482,0
0.2997,7.418937E-05,4.4955,0,0.2997,-2.18204E-05,4.4955,0
0.3006,0.0001842985,4.509,0,0.3006,4.36408E-06,4.509,0
0.3015,0.0002077974,4.5225,0,0.3015,-4.43122E-05,4.5225,0
0.3024,0.0003655757,4.536,0,0.3024,-5.539025E-05,4.536,0
0.3033,0.0003283131,4.5495,0,0.3033,-2.349889E-06,4.5495,0
0.3042,0.0001560998,4.563,0,0.3042,-2.685588E-05,4.563,0
0.3051,-0.0002151827,4.5765,0,0.3051,-8.224613E-05,4.5765,0
0.306,-0.0004619211,4.59,0,0.306,-5.740444E-05,4.59,0
0.3069,-0.0003101854,4.6035,0,0.3069,-8.72816E-05,4.6035,0
0.3078,-0.0003776608,4.617,0,0.3078,-0.0001470359,4.617,0
0.3087,-0.0001144732,4.6305,0,0.3087,-0.0001292439,4.6305,0
0.3096,1.712062E-05,4.644,0,0.3096,-5.874724E-05,4.644,0
0.3105,1.443504E-05,4.6575,0,0.3105,1.174945E-05,4.6575,0
0.3114,-2.18204E-05,4.671,0,0.3114,6.210422E-05,4.671,0
0.3123,-4.632639E-05,4.6845,0,0.3123,8.96315E-05,4.6845,0
0.3132,2.24918E-05,4.698,0,0.3132,0.0001205158,4.698,0
0.3141,2.786297E-05,4.7115,0,0.3141,6.311131E-05,4.7115,0
0.315,1.745632E-05,4.725,0,0.315,2.1149E-05,4.725,0
0.3159,1.443504E-05,4.7385,0,0.3159,1.510643E-05,4.7385,0
0.3168,-1.376364E-05,4.752,0,0.3168,3.793393E-05,4.752,0
0.3177,7.721065E-06,4.7655,0,0.3177,3.189136E-05,4.7655,0
0.3186,4.934768E-05,4.779,0,0.3186,-3.356985E-05,4.779,0
0.3195,7.049668E-06,4.7925,0,0.3195,2.18204E-05,4.7925,0
0.3204,-1.678492E-05,4.806,0,0.3204,3.860533E-05,4.806,0
0.3213,-1.376364E-05,4.8195,0,0.3213,-3.256275E-05,4.8195,0
0.3222,-5.706874E-06,4.833,0,0.3222,-4.36408E-05,4.833,0
0.3231,1.510643E-05,4.8465,0,0.3231,-2.316319E-05,4.8465,0
0.324,2.584878E-05,4.86,0,0.324,-5.304036E-05,4.86,0
0.3249,-2.987716E-05,4.8735,0,0.3249,-7.318227E-05,4.8735,0
0.3258,-6.814679E-05,4.887,0,0.3258,-9.970245E-05,4.887,0
0.3267,2.014191E-06,4.9005,0,0.3267,-6.076142E-05,4.9005,0
0.3276,3.457694E-05,4.914,0,0.3276,-6.54612E-05,4.914,0
0.3285,1.107805E-05,4.9275,0,0.3285,-8.69459E-05,4.9275,0
0.3294,1.947051E-05,4.941,0,0.3294,-8.761731E-05,4.941,0
0.3303,2.316319E-05,4.9545,0,0.3303,-5.035477E-05,4.9545,0
0.3312,0.0001171588,4.968,0,0.3312,2.014191E-06,4.968,0
0.3321,0.0002306248,4.9815,0,0.3321,5.136187E-05,4.9815,0
0.333,9.869535E-05,4.995,0,0.333,0.000144686,4.995,0
0.3339,-6.210422E-05,5.0085,0,0.3339,6.881819E-05,5.0085,0
0.3348,-7.888914E-05,5.022,0,0.3348,-7.989624E-05,5.022,0
0.3357,-8.358892E-05,5.0355,0,0.3357,-9.164568E-05,5.0355,0
0.3366,-0.0001567712,5.049,0,0.3366,-1.409934E-05,5.049,0
0.3375,-6.478981E-05,5.0625,0,0.3375,-3.021286E-05,5.0625,0
0.3384,5.203327E-05,5.076,0,0.3384,-5.136187E-05,5.076,0
0.3393,0.0001258869,5.0895,0,0.3393,-0.0001987335,5.0895,0
0.3402,0.0001185016,5.103,0,0.3402,-0.000263859,5.103,0
0.3411,6.814679E-05,5.1165,0,0.3411,-0.0002108186,5.1165,0
0.342,6.378271E-06,5.13,0,0.342,-0.0001127947,5.13,0
0.3429,-0.0001618067,5.1435,0,0.3429,1.510643E-05,5.1435,0
0.3438,-0.0001839628,5.157,0,0.3438,0.0002890364,5.157,0
0.3447,-0.0001131304,5.1705,0,0.3447,0.0004112306,5.1705,0
0.3456,-0.0001151446,5.184,0,0.3456,0.0002903792,5.184,0
0.3465,-7.150377E-05,5.1975,0,0.3465,0.0001550927,5.1975,0
0.3474,3.356985E-07,5.211,0,0.3474,0.0001218585,5.211,0
0.3483,-8.392462E-06,5.2245,0,0.3483,4.733349E-05,5.2245,0
0.3492,2.24918E-05,5.238,0,0.3492,1.409934E-05,5.238,0
0.3501,5.035477E-06,5.2515,0,0.3501,5.706874E-06,5.2515,0
0.351,-3.692683E-06,5.265,0,0.351,-2.584878E-05,5.265,0
0.3519,9.063859E-06,5.2785,0,0.3519,-2.887007E-05,5.2785,0
0.3528,1.242084E-05,5.292,0,0.3528,-5.438316E-05,5.292,0
0.3537,3.189136E-05,5.3055,0,0.3537,-5.438316E-05,5.3055,0
0.3546,-3.356985E-07,5.319,0,0.3546,-6.78111E-05,5.319,0
0.3555,1.678492E-06,5.3325,0,0.3555,-7.754635E-05,5.3325,0
0.3564,2.752728E-05,5.346,0,0.3564,-9.298848E-05,5.346,0
0.3573,1.678492E-05,5.3595,0,0.3573,-4.061952E-05,5.3595,0
0.3582,2.349889E-06,5.373,0,0.3582,-7.116808E-05,5.373,0
0.3591,1.644922E-05,5.3865,0,0.3591,-0.0001198444,5.3865,0
0.36,-1.242084E-05,5.4,0,0.36,-6.982528E-05,5.4,0
0.3609,-2.383459E-05,5.4135,0,0.3609,-1.376364E-05,5.4135,0
0.3618,-2.18204E-05,5.427,0,0.3618,-4.49836E-05,5.427,0
0.3627,-5.035477E-06,5.4405,0,0.3627,-8.191043E-05,5.4405,0
0.3636,3.289845E-05,5.454,0,0.3636,-0.0001413291,5.454,0
0.3645,0.0001054093,5.4675,0,0.3645,-0.0001718776,5.4675,0
0.3654,0.0001037308,5.481,0,0.3654,-0.0002474098,5.481,0
0.3663,5.740444E-05,5.4945,0,0.3663,-0.0002829938,5.4945,0
0.3672,3.726253E-05,5.508,0,0.3672,-0.0001084306,5.508,0
0.3681,-1.309224E-05,5.5215,0,0.3681,0.0001027237,5.5215,0
0.369,-0.000193698,5.535,0,0.369,0.0001386435,5.535,0
0.3699,-0.000214847,5.5485,0,0.3699,0.0001594568,5.5485,0
0.3708,-3.692683E-06,5.562,0,0.3708,0.0002098116,5.562,0
0.3717,6.143282E-05,5.5755,0,0.3717,9.768826E-05,5.5755,0
0.3726,7.049668E-06,5.589,0,0.3726,6.713969E-07,5.589,0
0.3735,-0.0001040665,5.6025,0,0.3735,2.1149E-05,5.6025,0
0.3744,0.0001258869,5.616,0,0.3744,1.745632E-05,5.616,0
0.3753,0.0001483787,5.6295,0,0.3753,-2.685588E-05,5.6295,0
0.3762,0.0001245441,5.643,0,0.3762,-1.712062E-05,5.643,0
0.3771,0.0001134661,5.6565,0,0.3771,-7.351797E-05,5.6565,0
0.378,0.0001604639,5.67,0,0.378,-0.0001322652,5.67,0
0.3789,-4.834058E-05,5.6835,0,0.3789,-0.0001064164,5.6835,0
0.3798,-0.0001164874,5.697,0,0.3798,-0.0001077592,5.697,0
0.3807,0.0001000381,5.7105,0,0.3807,-4.599069E-05,5.7105,0
0.3816,-5.337606E-05,5.724,0,0.3816,3.054856E-05,5.724,0
0.3825,-0.0003316701,5.7375,0,0.3825,6.378271E-05,5.7375,0
0.3834,-0.0003685969,5.751,0,0.3834,0.0001030594,5.751,0
0.3843,-0.0001957122,5.7645,0,0.3843,0.000119173,5.7645,0
0.3852,-0.0001550927,5.778,0,0.3852,9.063859E-06,5.778,0
0.3861,-9.500267E-05,5.7915,0,0.3861,-6.042573E-05,5.7915,0
0.387,-3.793393E-05,5.805,0,0.387,-1.007095E-06,5.805,0
0.3879,7.351797E-05,5.8185,0,0.3879,9.735256E-06,5.8185,0
0.3888,0.0001420005,5.832,0,0.3888,-1.644922E-05,5.832,0
0.3897,-2.752728E-05,5.8455,0,0.3897,-2.24918E-05,5.8455,0
0.3906,-2.618448E-05,5.859,0,0.3906,1.846342E-05,5.859,0
0.3915,0.0001144732,5.8725,0,0.3915,7.721065E-06,5.8725,0
0.3924,1.779202E-05,5.886,0,0.3924,-1.510643E-05,5.886,0
0.3933,-2.987716E-05,5.8995,0,0.3933,-3.793393E-05,5.8995,0
0.3942,-4.028382E-05,5.913,0,0.3942,-3.826963E-05,5.913,0
0.3951,-6.74754E-05,5.9265,0,0.3951,-3.424125E-05,5.9265,0
0.396,-2.21561E-05,5.94,0,0.396,-5.807584E-05,5.94,0
0.3969,2.21561E-05,5.9535,0,0.3969,-7.855344E-05,5.9535,0
0.3978,3.323415E-05,5.967,0,0.3978,-3.021286E-05,5.967,0
0.3987,4.800488E-05,5.9805,0,0.3987,-2.987716E-05,5.9805,0
0.3996,5.337606E-05,5.994,0,0.3996,-9.030289E-05,5.994,0
0.4005,1.812772E-05,6.0075,0,0.4005,-4.196231E-05,6.0075,0
0.4014,-7.049668E-06,6.021,0,0.4014,-2.014191E-06,6.021,0
0.4023,2.786297E-05,6.0345,0,0.4023,-4.699779E-05,6.0345,0
0.4032,6.109713E-05,6.048,0,0.4032,-4.061952E-05,6.048,0
0.4041,3.692683E-06,6.0615,0,0.4041,-2.28275E-05,6.0615,0
0.405,6.713969E-06,6.075,0,0.405,-2.685588E-05,6.075,0
0.4059,2.316319E-05,6.0885,0,0.4059,-2.719158E-05,6.0885,0
0.4068,2.18204E-05,6.102,0,0.4068,-4.129091E-05,6.102,0
0.4077,1.577783E-05,6.1155,0,0.4077,-7.721065E-06,6.1155,0
0.4086,-5.203327E-05,6.129,0,0.4086,-1.275654E-05,6.129,0
0.4095,-1.107805E-05,6.1425,0,0.4095,-4.565499E-05,6.1425,0
0.4104,5.001907E-05,6.156,0,0.4104,-5.505455E-05,6.156,0
0.4113,5.572595E-05,6.1695,0,0.4113,-1.309224E-05,6.1695,0
0.4122,5.941863E-05,6.183,0,0.4122,-2.584878E-05,6.183,0
0.4131,6.176852E-05,6.1965,0,0.4131,-4.867628E-05,6.1965,0
0.414,6.478981E-05,6.21,0,0.414,-1.812772E-05,6.21,0
0.4149,7.721065E-06,6.2235,0,0.4149,0,6.2235,0
0.4158,-9.567407E-05,6.237,0,0.4158,-2.316319E-05,6.237,0
0.4167,-1.812772E-05,6.2505,0,0.4167,-2.853437E-05,6.2505,0
0.4176,1.040665E-05,6.264,0,0.4176,2.786297E-05,6.264,0
0.4185,-2.584878E-05,6.2775,0,0.4185,1.678492E-05,6.2775,0
0.4194,-1.275654E-05,6.291,0,0.4194,-3.356985E-06,6.291,0
0.4203,-1.174945E-05,6.3045,0,0.4203,-7.049668E-06,6.3045,0
0.4212,-3.256275E-05,6.318,0,0.4212,-2.014191E-06,6.318,0
0.4221,-3.726253E-05,6.3315,0,0.4221,2.047761E-05,6.3315,0
0.423,-2.24918E-05,6.345,0,0.423,-3.692683E-06,6.345,0
0.4239,-2.047761E-05,6.3585,0,0.4239,-2.24918E-05,6.3585,0
0.4248,-4.33051E-05,6.372,0,0.4248,2.987716E-05,6.372,0
0.4257,-2.752728E-05,6.3855,0,0.4257,1.275654E-05,6.3855,0
0.4266,1.174945E-05,6.399,0,0.4266,-3.256275E-05,6.399,0
0.4275,2.349889E-06,6.4125,0,0.4275,9.063859E-06,6.4125,0
0.4284,1.174945E-05,6.426,0,0.4284,-1.779202E-05,6.426,0
0.4293,1.174945E-05,6.4395,0,0.4293,-5.404745E-05,6.4395,0
0.4302,1.007095E-06,6.453,0,0.4302,-3.424125E-05,6.453,0
0.4311,3.692683E-06,6.4665,0,0.4311,-1.141375E-05,6.4665,0
0.432,3.692683E-06,6.48,0,0.432,-1.309224E-05,6.48,0
0.4329,-2.987716E-05,6.4935,0,0.4329,-3.189136E-05,6.4935,0
0.4338,3.659113E-05,6.507,0,0.4338,-4.934768E-05,6.507,0
0.4347,-3.021286E-06,6.5205,0,0.4347,-5.069047E-05,6.5205,0
0.4356,-1.846342E-05,6.534,0,0.4356,-3.927672E-05,6.534,0
0.4365,-8.728161E-06,6.5475,0,0.4365,-5.136187E-05,6.5475,0
0.4374,6.042573E-06,6.561,0,0.4374,-5.169757E-05,6.561,0
0.4383,-2.450599E-05,6.5745,0,0.4383,-2.21561E-05,6.5745,0
0.4392,-3.994812E-05,6.588,0,0.4392,-2.316319E-05,6.588,0
0.4401,-1.745632E-05,6.6015,0,0.4401,-4.666209E-05,6.6015,0
0.441,-1.812772E-05,6.615,0,0.441,2.652018E-05,6.615,0
0.4419,-3.121996E-05,6.6285,0,0.4419,3.591974E-05,6.6285,0
0.4428,-2.1149E-05,6.642,0,0.4428,-5.706874E-06,6.642,0
0.4437,-2.786297E-05,6.6555,0,0.4437,6.713969E-06,6.6555,0
0.4446,-6.176852E-05,6.669,0,0.4446,2.316319E-05,6.669,0
0.4455,-3.726253E-05,6.6825,0,0.4455,-6.713969E-07,6.6825,0
0.4464,-7.721065E-06,6.696,0,0.4464,-1.242084E-05,6.696,0
0.4473,-2.584878E-05,6.7095,0,0.4473,-3.256275E-05,6.7095,0
0.4482,-5.706874E-06,6.723,0,0.4482,-2.584878E-05,6.723,0
0.4491,-1.174945E-05,6.7365,0,0.4491,-1.980621E-05,6.7365,0
0.45,-3.054856E-05,6.75,0,0.45,-3.659113E-05,6.75,0
0.4509,-3.021286E-06,6.7635,0,0.4509,-2.987716E-05,6.7635,0
0.4518,5.706874E-06,6.777,0,0.4518,8.392462E-06,6.777,0
0.4527,-3.692683E-06,6.7905,0,0.4527,-1.779202E-05,6.7905,0
0.4536,-3.021286E-06,6.804,0,0.4536,-4.229801E-05,6.804,0
0.4545,-1.510643E-05,6.8175,0,0.4545,-7.721065E-06,6.8175,0
0.4554,-1.644922E-05,6.831,0,0.4554,-7.721065E-06,6.831,0
0.4563,1.443504E-05,6.8445,0,0.4563,-2.920577E-05,6.8445,0
0.4572,3.625543E-05,6.858,0,0.4572,-2.853437E-05,6.858,0
0.4581,8.392462E-06,6.8715,0,0.4581,-6.713969E-07,6.8715,0
0.459,3.356985E-07,6.885,0,0.459,-4.36408E-06,6.885,0
0.4599,-2.349889E-06,6.8985,0,0.4599,-2.383459E-05,6.8985,0
0.4608,1.779202E-05,6.912,0,0.4608,-3.860533E-05,6.912,0
0.4617,-4.699779E-06,6.9255,0,0.4617,-1.510643E-05,6.9255,0
0.4626,-3.256275E-05,6.939,0,0.4626,5.035477E-06,6.939,0
0.4635,1.678492E-06,6.9525,0,0.4635,-1.980621E-05,6.9525,0
0.4644,4.699779E-06,6.966,0,0.4644,-4.33051E-05,6.966,0
0.4653,-3.491264E-05,6.9795,0,0.4653,-2.014191E-06,6.9795,0
0.4662,-1.678492E-05,6.993,0,0.4662,-5.706874E-06,6.993,0
0.4671,9.063859E-06,7.0065,0,0.4671,-3.894102E-05,7.0065,0
0.468,-4.39765E-05,7.02,0,0.468,-9.063859E-06,7.02,0
0.4689,-8.627451E-05,7.0335,0,0.4689,-2.786297E-05,7.0335,0
0.4698,-7.586786E-05,7.047,0,0.4698,-6.243992E-05,7.047,0
0.4707,-7.318227E-05,7.0605,0,0.4707,-5.371176E-05,7.0605,0
0.4716,-8.090334E-05,7.074,0,0.4716,1.678492E-06,7.074,0
0.4725,-3.793393E-05,7.0875,0,0.4725,3.088426E-05,7.0875,0
0.4734,-3.121996E-05,7.101,0,0.4734,3.189136E-05,7.101,0
0.4743,-2.18204E-05,7.1145,0,0.4743,-6.713969E-06,7.1145,0
0.4752,5.001907E-05,7.128,0,0.4752,5.035477E-05,7.128,0
0.4761,7.183947E-05,7.1415,0,0.4761,6.210422E-05,7.1415,0
0.477,8.526741E-05,7.155,0,0.477,-4.867628E-05,7.155,0
0.4779,9.500267E-05,7.1685,0,0.4779,-7.553216E-05,7.1685,0
0.4788,2.383459E-05,7.182,0,0.4788,2.014191E-05,7.182,0
0.4797,4.36408E-06,7.1955,0,0.4797,-1.376364E-05,7.1955,0
0.4806,4.229801E-05,7.209,0,0.4806,-0.0001033951,7.209,0
0.4815,2.920577E-05,7.2225,0,0.4815,-7.016098E-05,7.2225,0
0.4824,1.443504E-05,7.236,0,0.4824,-3.390555E-05,7.236,0
0.4833,5.001907E-05,7.2495,0,0.4833,-6.344701E-05,7.2495,0
0.4842,5.304036E-05,7.263,0,0.4842,-7.586786E-05,7.263,0
0.4851,3.860533E-05,7.2765,0,0.4851,-5.505455E-05,7.2765,0
0.486,0.0001205158,7.29,0,0.486,-5.035477E-05,7.29,0
0.4869,9.433127E-05,7.3035,0,0.4869,-3.121996E-05,7.3035,0
0.4878,2.349889E-06,7.317,0,0.4878,-2.652018E-05,7.317,0
0.4887,-7.721065E-06,7.3305,0,0.4887,8.056763E-06,7.3305,0
0.4896,-0.0001003738,7.344,0,0.4896,2.618448E-05,7.344,0
0.4905,-0.0001654994,7.3575,0,0.4905,1.443504E-05,7.3575,0
0.4914,-0.0001440146,7.371,0,0.4914,1.007095E-06,7.371,0
0.4923,-0.0001060807,7.3845,0,0.4923,1.779202E-05,7.3845,0
0.4932,-3.994812E-05,7.398,0,0.4932,2.349889E-06,7.398,0
0.4941,-4.33051E-05,7.4115,0,0.4941,-4.33051E-05,7.4115,0
0.495,-6.57969E-05,7.425,0,0.495,3.021286E-06,7.425,0
0.4959,-5.069047E-05,7.4385,0,0.4959,2.349889E-06,7.4385,0
0.4968,-5.438316E-05,7.452,0,0.4968,-2.719158E-05,7.452,0
0.4977,-4.901198E-05,7.4655,0,0.4977,-2.383459E-05,7.4655,0
0.4986,-5.069047E-05,7.479,0,0.4986,9.063859E-06,7.479,0
0.4995,-3.591974E-05,7.4925,0,0.4995,-4.36408E-06,7.4925,0
0.5004,-1.678492E-06,7.506,0,0.5004,-2.484169E-05,7.506,0
0.5013,7.016098E-05,7.5195,0,0.5013,-2.920577E-05,7.5195,0
0.5022,5.069047E-05,7.533,0,0.5022,-3.826963E-05,7.533,0
0.5031,4.028382E-06,7.5465,0,0.5031,-2.450599E-05,7.5465,0
0.504,4.46479E-05,7.56,0,0.504,-6.411841E-05,7.56,0
0.5049,5.673304E-05,7.5735,0,0.5049,-0.0001178302,7.5735,0
0.5058,3.021286E-05,7.587,0,0.5058,-5.304036E-05,7.587,0
0.5067,-4.36408E-06,7.6005,0,0.5067,-4.800488E-05,7.6005,0
0.5076,1.409934E-05,7.614,0,0.5076,-8.493171E-05,7.614,0
0.5085,7.721065E-06,7.6275,0,0.5085,-2.987716E-05,7.6275,0
0.5094,4.867628E-05,7.641,0,0.5094,3.994812E-05,7.641,0
0.5103,6.948959E-05,7.6545,0,0.5103,6.74754E-05,7.6545,0
0.5112,-1.275654E-05,7.668,0,0.5112,6.411841E-05,7.668,0
0.5121,-3.021286E-05,7.6815,0,0.5121,2.786297E-05,7.6815,0
0.513,1.007095E-06,7.695,0,0.513,3.088426E-05,7.695,0
0.5139,-2.383459E-05,7.7085,0,0.5139,1.846342E-05,7.7085,0
0.5148,-4.49836E-05,7.722,0,0.5148,-1.678492E-06,7.722,0
0.5157,-2.719158E-05,7.7355,0,0.5157,1.510643E-05,7.7355,0
0.5166,-3.860533E-05,7.749,0,0.5166,2.584878E-05,7.749,0
0.5175,-5.270466E-05,7.7625,0,0.5175,-3.021286E-06,7.7625,0
0.5184,-3.793393E-05,7.776,0,0.5184,-1.779202E-05,7.776,0
0.5193,-2.987716E-05,7.7895,0,0.5193,1.812772E-05,7.7895,0
0.5202,-2.014191E-05,7.803,0,0.5202,6.378271E-06,7.803,0
0.5211,2.014191E-05,7.8165,0,0.5211,-4.699779E-05,7.8165,0
0.522,7.418937E-05,7.83,0,0.522,-2.584878E-05,7.83,0
0.5229,0.0001366293,7.8435,0,0.5229,-4.901198E-05,7.8435,0
0.5238,0.0001631495,7.857,0,0.5238,-8.627451E-05,7.857,0
0.5247,0.0001473716,7.8705,0,0.5247,-0.0001181659,7.8705,0
0.5256,0.0001044022,7.884,0,0.5256,-0.0001238727,7.884,0
0.5265,4.901198E-05,7.8975,0,0.5265,-0.0001373007,7.8975,0
0.5274,6.042573E-06,7.911,0,0.5274,-0.0001292439,7.911,0
0.5283,-6.478981E-05,7.9245,0,0.5283,-0.0001087663,7.9245,0
0.5292,-0.000193698,7.938,0,0.5292,-5.337606E-05,7.938,0
0.5301,-0.0002947433,7.9515,0,0.5301,5.337606E-05,7.9515,0
0.531,-0.0002178683,7.965,0,0.531,9.433127E-05,7.965,0
0.5319,-6.74754E-05,7.9785,0,0.5319,3.457694E-05,7.9785,0
0.5328,-3.054856E-05,7.992,0,0.5328,5.673304E-05,7.992,0
0.5337,-4.46479E-05,8.0055,0,0.5337,3.121996E-05,8.0055,0
0.5346,-1.510643E-05,8.019,0,0.5346,-2.551309E-05,8.019,0
0.5355,-1.208515E-05,8.0325,0,0.5355,1.040665E-05,8.0325,0
0.5364,7.049668E-06,8.046,0,0.5364,2.1149E-05,8.046,0
0.5373,-1.678492E-06,8.0595,0,0.5373,4.028382E-06,8.0595,0
0.5382,-3.524834E-05,8.073,0,0.5382,5.706874E-06,8.073,0
0.5391,-3.323415E-05,8.0865,0,0.5391,9.735256E-06,8.0865,0
0.54,-2.517739E-05,8.1,0,0.54,7.721065E-06,8.1,0
0.5409,-1.947051E-05,8.1135,0,0.5409,-2.987716E-05,8.1135,0
0.5418,1.007095E-05,8.127,0,0.5418,-8.258183E-05,8.127,0
0.5427,3.457694E-05,8.1405,0,0.5427,-3.927672E-05,8.1405,0
0.5436,3.894102E-05,8.154,0,0.5436,-9.735256E-06,8.154,0
0.5445,7.418937E-05,8.1675,0,0.5445,-1.174945E-05,8.1675,0
0.5454,0.0001708705,8.181,0,0.5454,-4.699779E-05,8.181,0
0.5463,0.0002155184,8.1945,0,0.5463,-0.0001560998,8.1945,0
0.5472,0.0002944076,8.208,0,0.5472,-0.0002574807,8.208,0
0.5481,0.0001950408,8.2215,0,0.5481,-0.0003185779,8.2215,0
0.549,-5.270466E-05,8.235,0,0.549,-0.0001973907,8.235,0
0.5499,-9.298848E-05,8.2485,0,0.5499,-6.344701E-05,8.2485,0
0.5508,-0.0001950408,8.262,0,0.5508,6.378271E-06,8.262,0
0.5517,-0.0004051881,8.2755,0,0.5517,0.0001943694,8.2755,0
0.5526,-0.0002789654,8.289,0,0.5526,0.0003944457,8.289,0
0.5535,-5.035477E-05,8.3025,0,0.5535,0.0003135424,8.3025,0
0.5544,6.378271E-06,8.316,0,0.5544,0.0001708705,8.316,0
0.5553,1.309224E-05,8.3295,0,0.5553,8.761731E-05,8.3295,0
0.5562,3.356985E-07,8.343,0,0.5562,5.337606E-05,8.343,0
0.5571,-1.443504E-05,8.3565,0,0.5571,4.263371E-05,8.3565,0
0.558,-2.081331E-05,8.37,0,0.558,-1.174945E-05,8.37,0
0.5589,8.392462E-06,8.3835,0,0.5589,-2.18204E-05,8.3835,0
0.5598,-3.793393E-05,8.397,0,0.5598,1.242084E-05,8.397,0
0.5607,-1.510643E-05,8.4105,0,0.5607,-6.713969E-07,8.4105,0
0.5616,3.726253E-05,8.424,0,0.5616,-5.404745E-05,8.424,0
0.5625,6.713969E-07,8.4375,0,0.5625,-2.920577E-05,8.4375,0
0.5634,-1.678492E-06,8.451,0,0.5634,-3.524834E-05,8.451,0
0.5643,6.210422E-05,8.4645,0,0.5643,-7.284657E-05,8.4645,0
0.5652,3.994812E-05,8.478,0,0.5652,-5.539025E-05,8.478,0
0.5661,1.376364E-05,8.4915,0,0.5661,-3.793393E-05,8.4915,0
0.567,1.577783E-05,8.505,0,0.567,-3.894102E-05,8.505,0
0.5679,2.014191E-05,8.5185,0,0.5679,-5.069047E-05,8.5185,0
0.5688,6.277562E-05,8.532,0,0.5688,-6.881819E-05,8.532,0
0.5697,0.0001205158,8.5455,0,0.5697,-8.89601E-05,8.5455,0
0.5706,0.0001252155,8.559,0,0.5706,-9.970245E-05,8.559,0
0.5715,8.526741E-05,8.5725,0,0.5715,-0.0001017166,8.5725,0
0.5724,4.53193E-05,8.586,0,0.5724,-9.433127E-05,8.586,0
0.5733,1.342794E-05,8.5995,0,0.5733,-4.196231E-05,8.5995,0
0.5742,-4.867628E-05,8.613,0,0.5742,-3.994812E-05,8.613,0
0.5751,-0.0002000763,8.6265,0,0.5751,-5.807584E-05,8.6265,0
0.576,-0.0001795987,8.64,0,0.576,-5.035477E-06,8.64,0
0.5769,-2.517739E-05,8.6535,0,0.5769,1.007095E-06,8.6535,0
0.5778,-2.853437E-05,8.667,0,0.5778,-5.438316E-05,8.667,0
0.5787,-1.141375E-05,8.6805,0,0.5787,-4.766919E-05,8.6805,0
0.5796,-2.18204E-05,8.694,0,0.5796,1.678492E-06,8.694,0
0.5805,-5.740444E-05,8.7075,0,0.5805,7.385367E-06,8.7075,0
0.5814,-7.418937E-05,8.721,0,0.5814,1.678492E-06,8.721,0
0.5823,-3.323415E-05,8.7345,0,0.5823,-1.141375E-05,8.7345,0
0.5832,9.399558E-06,8.748,0,0.5832,-1.007095E-05,8.748,0
0.5841,-1.644922E-05,8.7615,0,0.5841,-4.36408E-06,8.7615,0
0.585,-1.007095E-06,8.775,0,0.585,-5.236896E-05,8.775,0
0.5859,6.143282E-05,8.7885,0,0.5859,-9.500267E-05,8.7885,0
0.5868,6.344701E-05,8.802,0,0.5868,-9.567407E-05,8.802,0
0.5877,7.217517E-05,8.8155,0,0.5877,-0.0001379721,8.8155,0
0.5886,8.426032E-05,8.829,0,0.5886,-0.0001769131,8.829,0
0.5895,9.097429E-05,8.8425,0,0.5895,-9.936675E-05,8.8425,0
0.5904,0.0002138399,8.856,0,0.5904,-6.6804E-05,8.856,0
0.5913,7.956054E-05,8.8695,0,0.5913,-0.0001044022,8.8695,0
0.5922,-0.0001883268,8.883,0,0.5922,-0.0001131304,8.883,0
0.5931,-0.0001077592,8.8965,0,0.5931,5.203327E-05,8.8965,0
0.594,-5.069047E-05,8.91,0,0.594,0.0001346151,8.91,0
0.5949,-0.0001628138,8.9235,0,0.5949,0.0001161517,8.9235,0
0.5958,-3.323415E-05,8.937,0,0.5958,0.000119173,8.937,0
0.5967,0.0001272297,8.9505,0,0.5967,0.0001735561,8.9505,0
0.5976,0.0001607996,8.964,0,0.5976,0.0001742275,8.964,0
0.5985,0.0001550927,8.9775,0,0.5985,5.673304E-05,8.9775,0
0.5994,0.0001473716,8.991,0,0.5994,-9.030289E-05,8.991,0
0.6003,-7.888914E-05,9.0045,0,0.6003,-6.411841E-05,9.0045,0
0.6012,-0.0001587854,9.018,0,0.6012,-9.869535E-05,9.018,0
0.6021,-0.0002178683,9.0315,0,0.6021,-0.000144686,9.0315,0
0.603,-0.0001493858,9.045,0,0.603,1.309224E-05,9.045,0
0.6039,-0.0001785916,9.0585,0,0.6039,0.0001114519,9.0585,0
0.6048,-0.0002913863,9.072001,0,0.6048,0.0001728847,9.072001,0
0.6057,-0.0002390173,9.0855,0,0.6057,0.0001849699,9.0855,0
0.6066,-6.344701E-05,9.099,0,0.6066,9.701686E-05,9.099,0
0.6075,5.136187E-05,9.1125,0,0.6075,3.726253E-05,9.1125,0
0.6084,-1.376364E-05,9.126,0,0.6084,-2.584878E-05,9.126,0
0.6093,2.517739E-05,9.1395,0,0.6093,-2.081331E-05,9.1395,0
0.6102,0.0002306248,9.153,0,0.6102,-2.18204E-05,9.153,0
0.6111,0.0002306248,9.1665,0,0.6111,-3.189136E-05,9.1665,0
0.612,0.0003299916,9.18,0,0.612,-5.706874E-05,9.18,0
0.6129,0.0004025025,9.1935,0,0.6129,-0.0002155184,9.1935,0
0.6138,0.0002447242,9.207,0,0.6138,-0.0002786297,9.207,0
0.6147,-4.766919E-05,9.2205,0,0.6147,-0.0003266346,9.2205,0
0.6156,-0.0003702754,9.234,0,0.6156,-0.0003528191,9.234,0
0.6165,-0.0006881819,9.2475,0,0.6165,-0.0001863127,9.2475,0
0.6174,-0.000558938,9.261,0,0.6174,-1.544213E-05,9.261,0
0.6183,-0.0003192493,9.2745,0,0.6183,0.0001567712,9.2745,0
0.6192,-5.069047E-05,9.288,0,0.6192,0.000281651,9.288,0
0.6201,3.356985E-07,9.3015,0,0.6201,0.0002655375,9.3015,0
0.621,-3.793393E-05,9.315,0,0.621,0.0002702373,9.315,0
0.6219,-2.417029E-05,9.3285,0,0.6219,0.0001849699,9.3285,0
0.6228,3.927672E-05,9.342,0,0.6228,6.411841E-05,9.342,0
0.6237,0.000105745,9.3555,0,0.6237,-2.752728E-05,9.3555,0
0.6246,0.0001245441,9.369,0,0.6246,-0.0001067521,9.369,0
0.6255,5.774014E-05,9.3825,0,0.6255,-0.0001658351,9.3825,0
0.6264,-6.814679E-05,9.396,0,0.6264,-0.0001765774,9.396,0
0.6273,-3.927672E-05,9.4095,0,0.6273,-3.591974E-05,9.4095,0
0.6282,6.009003E-05,9.423,0,0.6282,-3.189136E-05,9.423,0
0.6291,0.0001376364,9.4365,0,0.6291,-0.0002370031,9.4365,0
0.63,0.0001748989,9.45,0,0.63,-0.0002242466,9.45,0
0.6309,0.000179263,9.4635,0,0.6309,-0.000252781,9.4635,0
0.6318,0.0001070878,9.477,0,0.6318,-0.0002531167,9.477,0
0.6327,0.0001601282,9.4905,0,0.6327,-3.256275E-05,9.4905,0
0.6336,0.0001144732,9.504,0,0.6336,0.0002558022,9.504,0
0.6345,1.007095E-05,9.5175,0,0.6345,0.0004078737,9.5175,0
0.6354,9.063859E-06,9.531,0,0.6354,0.0003722896,9.531,0
0.6363,4.129091E-05,9.5445,0,0.6363,0.0003461051,9.5445,0
0.6372,-1.510643E-05,9.558,0,0.6372,0.0001641566,9.558,0
0.6381,-1.544213E-05,9.5715,0,0.6381,9.399558E-06,9.5715,0
0.639,9.701686E-05,9.585,0,0.639,-0.0001044022,9.585,0
0.6399,0.0001584497,9.5985,0,0.6399,-0.0001510643,9.5985,0
0.6408,9.903105E-05,9.612,0,0.6408,-0.0001228656,9.612,0
0.6417,-2.618448E-05,9.6255,0,0.6417,-0.0001601282,9.6255,0
0.6426,-0.0001762417,9.639,0,0.6426,-0.0001983978,9.639,0
0.6435,-0.000144686,9.6525,0,0.6435,-0.0001688563,9.6525,0
0.6444,-4.196231E-05,9.666,0,0.6444,-6.64683E-05,9.666,0
0.6453,-4.599069E-05,9.6795,0,0.6453,-5.706874E-05,9.6795,0
0.6462,-6.61326E-05,9.693,0,0.6462,-2.349889E-06,9.693,0
0.6471,4.33051E-05,9.7065,0,0.6471,0.000102388,9.7065,0
0.648,0.0002007477,9.72,0,0.648,3.424125E-05,9.72,0
0.6489,0.0002057832,9.7335,0,0.6489,-5.069047E-05,9.7335,0
0.6498,0.0001822843,9.747,0,0.6498,-8.69459E-05,9.747,0
0.6507,7.351797E-05,9.7605,0,0.6507,-0.0001493858,9.7605,0
0.6516,-5.807584E-05,9.774,0,0.6516,-0.0001866484,9.774,0
0.6525,-0.000148043,9.7875,0,0.6525,-0.0002625162,9.7875,0
0.6534,-0.0002964218,9.801,0,0.6534,-0.0002840009,9.801,0
0.6543,-0.0002766156,9.8145,0,0.6543,-0.0001769131,9.8145,0
0.6552,-0.0002077974,9.828,0,0.6552,-5.539025E-05,9.828,0
0.6561,-0.0001047379,9.8415,0,0.6561,-1.275654E-05,9.8415,0
0.657,3.054856E-05,9.855,0,0.657,9.500267E-05,9.855,0
0.6579,2.349889E-05,9.8685,0,0.6579,0.0002400244,9.8685,0
0.6588,3.659113E-05,9.882,0,0.6588,0.000260502,9.882,0
0.6597,0.0001587854,9.8955,0,0.6597,0.0003256275,9.8955,0
0.6606,-3.356985E-06,9.909,0,0.6606,0.0003793393,9.909,0
0.6615,-0.0001060807,9.9225,0,0.6615,0.0002077974,9.9225,0
0.6624,1.141375E-05,9.936,0,0.6624,9.097429E-05,9.936,0
0.6633,1.846342E-05,9.9495,0,0.6633,3.491264E-05,9.9495,0
0.6642,-7.016098E-05,9.963,0,0.6642,2.517739E-05,9.963,0
0.6651,-0.0001171588,9.976501,0,0.6651,3.457694E-05,9.976501,0
0.666,-4.53193E-05,9.99,0,0.666,-4.901198E-05,9.99,0
0.6669,2.719158E-05,10.0035,0,0.6669,-8.69459E-05,10.0035,0
0.6678,-1.007095E-06,10.017,0,0.6678,-4.229801E-05,10.017,0
0.6687,1.309224E-05,10.0305,0,0.6687,-5.337606E-05,10.0305,0
0.6696,3.054856E-05,10.044,0,0.6696,-0.0001121233,10.044,0
0.6705,9.063859E-06,10.0575,0,0.6705,-9.130999E-05,10.0575,0
0.6714,3.927672E-05,10.071,0,0.6714,-6.61326E-05,10.071,0
0.6723,0.0002333104,10.0845,0,0.6723,-9.869535E-05,10.0845,0
0.6732,0.0006193637,10.098,0,0.6732,-0.0001705348,10.098,0
0.6741,0.0005710231,10.1115,0,0.6741,-0.0002547952,10.1115,0
0.675,0.0002547952,10.125,0,0.675,-0.0003588617,10.125,0
0.6759,1.812772E-05,10.1385,0,0.6759,-0.0004105592,10.1385,0
0.6768,-0.0001017166,10.152,0,0.6768,-0.0004565499,10.152,0
0.6777,-0.000548867,10.1655,0,0.6777,-0.0003702754,10.1655,0
0.6786,-0.0004239872,10.179,0,0.6786,-0.0002433814,10.179,0
0.6795,-5.471885E-05,10.1925,0,0.6795,1.980621E-05,10.1925,0
0.6804,-8.69459E-05,10.206,0,0.6804,0.0002591592,10.206,0
0.6813,1.443504E-05,10.2195,0,0.6813,0.000460914,10.2195,0
0.6822,-0.0001292439,10.233,0,0.6822,0.000457557,10.233,0
0.6831,-0.0004669566,10.2465,0,0.6831,0.0001913481,10.2465,0
0.684,-0.0004703136,10.26,0,0.684,0.0002077974,10.26,0
0.6849,-0.0002840009,10.2735,0,0.6849,0.0001863127,10.2735,0
0.6858,-0.0001842985,10.287,0,0.6858,8.426032E-05,10.287,0
0.6867,-0.0001467002,10.3005,0,0.6867,7.855344E-05,10.3005,0
0.6876,-6.076142E-05,10.314,0,0.6876,6.243992E-05,10.314,0
0.6885,-8.761731E-05,10.3275,0,0.6885,-2.719158E-05,10.3275,0
0.6894,-4.699779E-06,10.341,0,0.6894,-3.424125E-05,10.341,0
0.6903,4.263371E-05,10.3545,0,0.6903,-5.774014E-05,10.3545,0
0.6912,6.881819E-05,10.368,0,0.6912,-1.577783E-05,10.368,0
0.6921,2.786297E-05,10.3815,0,0.6921,1.007095E-05,10.3815,0
0.693,-6.378271E-06,10.395,0,0.693,-6.478981E-05,10.395,0
0.6939,7.721065E-06,10.4085,0,0.6939,-0.0001064164,10.4085,0
0.6948,-3.524834E-05,10.422,0,0.6948,-6.915389E-05,10.422,0
0.6957,-1.007095E-06,10.4355,0,0.6957,-4.733349E-05,10.4355,0
0.6966,3.591974E-05,10.449,0,0.6966,-7.989624E-05,10.449,0
0.6975,4.36408E-06,10.4625,0,0.6975,-6.61326E-05,10.4625,0
0.6984,4.666209E-05,10.476,0,0.6984,-6.411841E-05,10.476,0
0.6993,8.92958E-05,10.4895,0,0.6993,-9.936675E-05,10.4895,0
0.7002,8.69459E-05,10.503,0,0.7002,-7.653925E-05,10.503,0
0.7011,0.0001047379,10.5165,0,0.7011,-6.64683E-05,10.5165,0
0.702,0.0001272297,10.53,0,0.702,-5.706874E-05,10.53,0
0.7029,9.970245E-05,10.5435,0,0.7029,-8.392462E-06,10.5435,0
0.7038,7.721065E-05,10.557,0,0.7038,-5.001907E-05,10.557,0
0.7047,8.224613E-05,10.5705,0,0.7047,-5.203327E-05,10.5705,0
0.7056,6.848249E-05,10.584,0,0.7056,5.337606E-05,10.584,0
0.7065,3.860533E-05,10.5975,0,0.7065,1.712062E-05,10.5975,0
0.7074,5.337606E-05,10.611,0,0.7074,-0.0001097734,10.611,0
0.7083,5.941863E-05,10.6245,0,0.7083,-0.0001054093,10.6245,0
0.7092,7.486076E-05,10.638,0,0.7092,-6.61326E-05,10.638,0
0.7101,0.0001406577,10.6515,0,0.7101,-7.653925E-05,10.6515,0
0.711,0.0001584497,10.665,0,0.711,-1.846342E-05,10.665,0
0.7119,0.0001688563,10.6785,0,0.7119,-1.174945E-05,10.6785,0
0.7128,0.0001527428,10.692,0,0.7128,1.477073E-05,10.692,0
0.7137,1.712062E-05,10.7055,0,0.7137,1.678492E-05,10.7055,0
0.7146,-7.821774E-05,10.719,0,0.7146,0,10.719,0
0.7155,-7.150377E-05,10.7325,0,0.7155,-2.349889E-05,10.7325,0
0.7164,-5.136187E-05,10.746,0,0.7164,-7.754635E-05,10.746,0
0.7173,-2.047761E-05,10.7595,0,0.7173,-5.975433E-05,10.7595,0
0.7182,-5.136187E-05,10.773,0,0.7182,1.342794E-06,10.773,0
0.7191,-6.076142E-05,10.7865,0,0.7191,5.203327E-05,10.7865,0
0.72,-5.404745E-05,10.8,0,0.72,3.189136E-05,10.8,0
0.7209,-2.484169E-05,10.8135,0,0.7209,-1.007095E-06,10.8135,0
0.7218,-4.800488E-05,10.827,0,0.7218,-7.754635E-05,10.827,0
0.7227,-2.853437E-05,10.8405,0,0.7227,-7.754635E-05,10.8405,0
0.7236,-5.505455E-05,10.854,0,0.7236,-2.484169E-05,10.854,0
0.7245,-0.0001262226,10.8675,0,0.7245,4.095522E-05,10.8675,0
0.7254,-0.0001352865,10.881,0,0.7254,9.735256E-06,10.881,0
0.7263,-0.0001168231,10.8945,0,0.7263,-3.726253E-05,10.8945,0
0.7272,-8.661021E-05,10.908,0,0.7272,-2.719158E-05,10.908,0
0.7281,-8.123904E-05,10.9215,0,0.7281,8.157473E-05,10.9215,0
0.729,-2.920577E-05,10.935,0,0.729,0.0001013809,10.935,0
0.7299,2.18204E-05,10.9485,0,0.7299,9.735256E-05,10.9485,0
0.7308,3.524834E-05,10.962,0,0.7308,2.014191E-06,10.962,0
0.7317,0.0001013809,10.9755,0,0.7317,-9.298848E-05,10.9755,0
0.7326,0.0001185016,10.989,0,0.7326,-0.000102388,10.989,0
0.7335,9.970245E-05,11.0025,0,0.7335,-7.385367E-05,11.0025,0
0.7344,9.433127E-05,11.016,0,0.7344,-6.344701E-05,11.016,0
0.7353,8.69459E-05,11.0295,0,0.7353,-1.913481E-05,11.0295,0
0.7362,7.284657E-05,11.043,0,0.7362,-2.584878E-05,11.043,0
0.7371,2.316319E-05,11.0565,0,0.7371,-2.584878E-05,11.0565,0
0.738,-4.934768E-05,11.07,0,0.738,1.678492E-05,11.07,0
0.7389,-0.0001044022,11.0835,0,0.7389,-0.0001272297,11.0835,0
0.7398,-8.96315E-05,11.097,0,0.7398,-0.0002541238,11.097,0
0.7407,-9.298848E-05,11.1105,0,0.7407,-0.0002353246,11.1105,0
0.7416,-6.210422E-05,11.124,0,0.7416,-0.0001550927,11.124,0
0.7425,-3.356985E-05,11.1375,0,0.7425,-4.733349E-05,11.1375,0
0.7434,4.800488E-05,11.151,0,0.7434,0.0002081331,11.151,0
0.7443,0.0001144732,11.1645,0,0.7443,0.0004867628,11.1645,0
0.7452,0.0001077592,11.178,0,0.7452,0.0003266346,11.178,0
0.7461,0.0001010452,11.1915,0,0.7461,3.323415E-05,11.1915,0
0.747,3.054856E-05,11.205,0,0.747,3.289845E-05,11.205,0
0.7479,9.063859E-06,11.2185,0,0.7479,-5.505455E-05,11.2185,0
0.7488,-2.752728E-05,11.232,0,0.7488,-2.987716E-05,11.232,0
0.7497,-7.284657E-05,11.2455,0,0.7497,-5.874724E-05,11.2455,0
0.7506,-9.164568E-05,11.259,0,0.7506,-0.0002000763,11.259,0
0.7515,-5.841154E-05,11.2725,0,0.7515,-0.0001279011,11.2725,0
0.7524,-4.901198E-05,11.286,0,0.7524,-6.915389E-05,11.286,0
0.7533,-5.572595E-05,11.2995,0,0.7533,-8.493171E-05,11.2995,0
0.7542,-0.0001138018,11.313,0,0.7542,-6.982528E-05,11.313,0
0.7551,-0.0001406577,11.3265,0,0.7551,-5.001907E-05,11.3265,0
0.756,-0.0001389792,11.34,0,0.756,-1.712062E-05,11.34,0
0.7569,-0.0001188373,11.3535,0,0.7569,1.107805E-05,11.3535,0
0.7578,-0.0001114519,11.367,0,0.7578,-6.378271E-06,11.367,0
0.7587,-0.000102388,11.3805,0,0.7587,3.356985E-05,11.3805,0
0.7596,-1.141375E-05,11.394,0,0.7596,2.719158E-05,11.394,0
0.7605,6.881819E-05,11.4075,0,0.7605,-6.713969E-06,11.4075,0
0.7614,0.0001084306,11.421,0,0.7614,-1.040665E-05,11.421,0
0.7623,0.0001242084,11.4345,0,0.7623,3.524834E-05,11.4345,0
0.7632,0.0001339437,11.448,0,0.7632,3.994812E-05,11.448,0
0.7641,0.0001003738,11.4615,0,0.7641,-1.510643E-05,11.4615,0
0.765,3.659113E-05,11.475,0,0.765,2.383459E-05,11.475,0
0.7659,1.980621E-05,11.4885,0,0.7659,6.713969E-06,11.4885,0
0.7668,1.712062E-05,11.502,0,0.7668,-2.786297E-05,11.502,0
0.7677,-6.143282E-05,11.5155,0,0.7677,-6.378271E-06,11.5155,0
0.7686,-5.606165E-05,11.529,0,0.7686,5.706874E-06,11.529,0
0.7695,-2.853437E-05,11.5425,0,0.7695,1.007095E-06,11.5425,0
0.7704,-5.270466E-05,11.556,0,0.7704,1.040665E-05,11.556,0
0.7713,-3.591974E-05,11.5695,0,0.7713,-1.879912E-05,11.5695,0
0.7722,-2.081331E-05,11.583,0,0.7722,-2.920577E-05,11.583,0
0.7731,-4.33051E-05,11.5965,0,0.7731,-5.337606E-05,11.5965,0
0.774,-4.800488E-05,11.61,0,0.774,-6.277562E-05,11.61,0
0.7749,1.812772E-05,11.6235,0,0.7749,-4.800488E-05,11.6235,0
0.7758,-4.095522E-05,11.637,0,0.7758,-2.24918E-05,11.637,0
0.7767,-3.860533E-05,11.6505,0,0.7767,-4.229801E-05,11.6505,0
0.7776,3.860533E-05,11.664,0,0.7776,-5.404745E-05,11.664,0
0.7785,2.987716E-05,11.6775,0,0.7785,1.007095E-05,11.6775,0
0.7794,2.081331E-05,11.691,0,0.7794,3.591974E-05,11.691,0
0.7803,1.174945E-05,11.7045,0,0.7803,-6.378271E-06,11.7045,0
0.7812,-5.035477E-05,11.718,0,0.7812,-3.323415E-05,11.718,0
0.7821,-7.888914E-05,11.7315,0,0.7821,-1.544213E-05,11.7315,0
0.783,-6.210422E-05,11.745,0,0.783,-1.812772E-05,11.745,0
0.7839,-0.0001017166,11.7585,0,0.7839,-2.316319E-05,11.7585,0
0.7848,-9.970245E-05,11.772,0,0.7848,-2.047761E-05,11.772,0
0.7857,-7.083238E-05,11.7855,0,0.7857,1.174945E-05,11.7855,0
0.7866,-6.478981E-05,11.799,0,0.7866,4.46479E-05,11.799,0
0.7875,-6.51255E-05,11.8125,0,0.7875,4.36408E-06,11.8125,0
0.7884,-3.491264E-05,11.826,0,0.7884,-2.920577E-05,11.826,0
0.7893,8.392462E-06,11.8395,0,0.7893,-5.035477E-05,11.8395,0
0.7902,5.807584E-05,11.853,0,0.7902,-0.000102388,11.853,0
0.7911,9.903105E-05,11.8665,0,0.7911,-0.0001490501,11.8665,0
0.792,6.54612E-05,11.88,0,0.792,-5.572595E-05,11.88,0
0.7929,7.016098E-05,11.8935,0,0.7929,5.035477E-06,11.8935,0
0.7938,9.164568E-05,11.907,0,0.7938,-1.980621E-05,11.907,0
0.7947,0.0001594568,11.9205,0,0.7947,5.035477E-06,11.9205,0
0.7956,0.0001265583,11.934,0,0.7956,-2.24918E-05,11.934,0
0.7965,7.553216E-05,11.9475,0,0.7965,-2.316319E-05,11.9475,0
0.7974,7.049668E-05,11.961,0,0.7974,1.544213E-05,11.961,0
0.7983,5.606165E-05,11.9745,0,0.7983,-1.242084E-05,11.9745,0
0.7992,0,11.988,0,0.7992,-1.477073E-05,11.988,0
0.8001,-3.927672E-05,12.0015,0,0.8001,-5.706874E-06,12.0015,0
0.801,1.007095E-06,12.015,0,0.801,-1.477073E-05,12.015,0
0.8019,6.713969E-06,12.0285,0,0.8019,-5.069047E-05,12.0285,0
0.8028,-4.028382E-05,12.042,0,0.8028,-3.390555E-05,12.042,0
0.8037,1.141375E-05,12.0555,0,0.8037,-1.242084E-05,12.0555,0
0.8046,-2.047761E-05,12.069,0,0.8046,-7.553216E-05,12.069,0
0.8055,-5.673304E-05,12.0825,0,0.8055,-2.450599E-05,12.0825,0
0.8064,-2.417029E-05,12.096,0,0.8064,-1.208515E-05,12.096,0
0.8073,-3.390555E-05,12.1095,0,0.8073,-2.920577E-05,12.1095,0
0.8082,-9.567407E-05,12.123,0,0.8082,-2.349889E-06,12.123,0
0.8091,-7.553216E-05,12.1365,0,0.8091,2.1149E-05,12.1365,0
0.81,-6.311131E-05,12.15,0,0.81,-4.699779E-06,12.15,0
0.8109,-7.620356E-05,12.1635,0,0.8109,-7.385367E-06,12.1635,0
0.8118,-7.553216E-05,12.177,0,0.8118,-2.719158E-05,12.177,0
0.8127,-4.666209E-05,12.1905,0,0.8127,-1.510643E-05,12.1905,0
0.8136,4.699779E-06,12.204,0,0.8136,-1.510643E-05,12.204,0
0.8145,1.712062E-05,12.2175,0,0.8145,-5.169757E-05,12.2175,0
0.8154,5.404745E-05,12.231,0,0.8154,-6.009003E-05,12.231,0
0.8163,5.404745E-05,12.2445,0,0.8163,-3.356985E-07,12.2445,0
0.8172,2.853437E-05,12.258,0,0.8172,-1.443504E-05,12.258,0
0.8181,3.356985E-07,12.2715,0,0.8181,-7.821774E-05,12.2715,0
0.819,-1.242084E-05,12.285,0,0.819,-3.356985E-05,12.285,0
0.8199,3.356985E-07,12.2985,0,0.8199,-3.021286E-06,12.2985,0
0.8208,3.591974E-05,12.312,0,0.8208,-5.035477E-06,12.312,0
0.8217,5.740444E-05,12.3255,0,0.8217,6.713969E-07,12.3255,0
0.8226,6.344701E-05,12.339,0,0.8226,1.913481E-05,12.339,0
0.8235,5.169757E-05,12.3525,0,0.8235,2.786297E-05,12.3525,0
0.8244,9.063859E-06,12.366,0,0.8244,1.712062E-05,12.366,0
0.8253,-4.867628E-05,12.3795,0,0.8253,-3.121996E-05,12.3795,0
0.8262,-7.956054E-05,12.393,0,0.8262,-2.417029E-05,12.393,0
0.8271,-9.500267E-05,12.4065,0,0.8271,7.721065E-06,12.4065,0
0.828,-2.853437E-05,12.42,0,0.828,-1.174945E-05,12.42,0
0.8289,-4.33051E-05,12.4335,0,0.8289,-2.719158E-05,12.4335,0
0.8298,-5.035477E-05,12.447,0,0.8298,2.349889E-06,12.447,0
0.8307,-2.349889E-05,12.4605,0,0.8307,-1.007095E-05,12.4605,0
0.8316,-3.726253E-05,12.474,0,0.8316,-5.471885E-05,12.474,0
0.8325,-4.599069E-05,12.4875,0,0.8325,-1.007095E-06,12.4875,0
0.8334,-4.061952E-05,12.501,0,0.8334,-1.443504E-05,12.501,0
0.8343,-4.867628E-05,12.5145,0,0.8343,-5.069047E-05,12.5145,0
0.8352,-1.510643E-05,12.528,0,0.8352,-6.54612E-05,12.528,0
0.8361,2.014191E-06,12.5415,0,0.8361,-3.424125E-05,12.5415,0
0.837,-7.049668E-06,12.555,0,0.837,-3.524834E-05,12.555,0
0.8379,1.678492E-06,12.5685,0,0.8379,-3.289845E-05,12.5685,0
0.8388,2.18204E-05,12.582,0,0.8388,-2.752728E-05,12.582,0
0.8397,3.323415E-05,12.5955,0,0.8397,6.411841E-05,12.5955,0
0.8406,-1.678492E-06,12.609,0,0.8406,5.807584E-05,12.609,0
0.8415,2.349889E-05,12.6225,0,0.8415,2.685588E-06,12.6225,0
0.8424,3.524834E-05,12.636,0,0.8424,-3.121996E-05,12.636,0
0.8433,4.666209E-05,12.6495,0,0.8433,-6.378271E-06,12.6495,0
0.8442,4.666209E-05,12.663,0,0.8442,-2.014191E-06,12.663,0
0.8451,1.275654E-05,12.6765,0,0.8451,-4.666209E-05,12.6765,0
0.846,-3.289845E-05,12.69,0,0.846,-2.719158E-05,12.69,0
0.8469,-1.644922E-05,12.7035,0,0.8469,-1.678492E-06,12.7035,0
0.8478,-8.728161E-06,12.717,0,0.8478,-5.001907E-05,12.717,0
0.8487,-0.0001107805,12.7305,0,0.8487,-5.136187E-05,12.7305,0
0.8496,-5.270466E-05,12.744,0,0.8496,-1.275654E-05,12.744,0
0.8505,-1.510643E-05,12.7575,0,0.8505,-1.644922E-05,12.7575,0
0.8514,-6.64683E-05,12.771,0,0.8514,-3.021286E-05,12.771,0
0.8523,-1.913481E-05,12.7845,0,0.8523,-4.263371E-05,12.7845,0
0.8532,-1.712062E-05,12.798,0,0.8532,-2.786297E-05,12.798,0
0.8541,4.028382E-06,12.8115,0,0.8541,-9.735256E-06,12.8115,0
0.855,5.035477E-06,12.825,0,0.855,-3.793393E-05,12.825,0
0.8559,1.644922E-05,12.8385,0,0.8559,-3.591974E-05,12.8385,0
0.8568,3.457694E-05,12.852,0,0.8568,8.056763E-06,12.852,0
0.8577,4.028382E-06,12.8655,0,0.8577,-2.316319E-05,12.8655,0
0.8586,2.1149E-05,12.879,0,0.8586,-5.673304E-05,12.879,0
0.8595001,1.040665E-05,12.8925,0,0.8595001,-1.812772E-05,12.8925,0
0.8604,-1.846342E-05,12.906,0,0.8604,-3.021286E-06,12.906,0
0.8613,7.721065E-06,12.9195,0,0.8613,-3.692683E-05,12.9195,0
0.8622,-3.021286E-06,12.933,0,0.8622,-1.040665E-05,12.933,0
0.8631,-4.39765E-05,12.9465,0,0.8631,7.721065E-06,12.9465,0
0.864,-2.954147E-05,12.96,0,0.864,-2.014191E-06,12.96,0
0.8649,-1.174945E-05,12.9735,0,0.8649,7.721065E-06,12.9735,0
0.8658,-1.040665E-05,12.987,0,0.8658,-1.644922E-05,12.987,0
0.8667,1.980621E-05,13.0005,0,0.8667,2.853437E-05,13.0005,0
0.8676,1.779202E-05,13.014,0,0.8676,5.572595E-05,13.014,0
0.8685,5.404745E-05,13.0275,0,0.8685,4.061952E-05,13.0275,0
0.8694,5.740444E-05,13.041,0,0.8694,-6.948959E-05,13.041,0
0.8703,3.356985E-07,13.0545,0,0.8703,-9.097429E-05,13.0545,0
0.8712,-8.392462E-06,13.068,0,0.8712,-9.164568E-05,13.068,0
0.8721,2.18204E-05,13.0815,0,0.8721,-9.903105E-05,13.0815,0
0.873,3.021286E-06,13.095,0,0.873,-6.848249E-05,13.095,0
0.8739,1.174945E-05,13.1085,0,0.8739,-4.162661E-05,13.1085,0
0.8748,5.035477E-06,13.122,0,0.8748,-2.014191E-05,13.122,0
0.8757,-2.987716E-05,13.1355,0,0.8757,1.678492E-06,13.1355,0
0.8766,-1.510643E-05,13.149,0,0.8766,2.786297E-05,13.149,0
0.8775,-1.913481E-05,13.1625,0,0.8775,1.779202E-05,13.1625,0
0.8784,-1.678492E-05,13.176,0,0.8784,5.706874E-06,13.176,0
0.8793,1.040665E-05,13.1895,0,0.8793,-3.021286E-05,13.1895,0
0.8802,-1.577783E-05,13.203,0,0.8802,-9.063859E-06,13.203,0
0.8811,-5.069047E-05,13.2165,0,0.8811,-1.510643E-05,13.2165,0
0.882,-1.342794E-06,13.23,0,0.882,-3.927672E-05,13.23,0
0.8829,2.517739E-05,13.2435,0,0.8829,-2.383459E-05,13.2435,0
0.8838,-5.673304E-05,13.257,0,0.8838,1.342794E-06,13.257,0
0.8847,-5.706874E-05,13.2705,0,0.8847,-1.309224E-05,13.2705,0
0.8856,-2.383459E-05,13.284,0,0.8856,-6.848249E-05,13.284,0
0.8865,-2.417029E-05,13.2975,0,0.8865,-2.618448E-05,13.2975,0
0.8874,-1.007095E-05,13.311,0,0.8874,-5.371176E-06,13.311,0
0.8883,-2.786297E-05,13.3245,0,0.8883,-5.673304E-05,13.3245,0
0.8892,1.007095E-06,13.338,0,0.8892,-3.021286E-05,13.338,0
0.8901,-1.712062E-05,13.3515,0,0.8901,-2.719158E-05,13.3515,0
0.891,2.316319E-05,13.365,0,0.891,-1.947051E-05,13.365,0
0.8919,1.141375E-05,13.3785,0,0.8919,-6.378271E-06,13.3785,0
0.8928,5.035477E-06,13.392,0,0.8928,-2.752728E-05,13.392,0
0.8937,3.961242E-05,13.4055,0,0.8937,6.713969E-06,13.4055,0
0.8946,-3.356985E-07,13.419,0,0.8946,4.934768E-05,13.419,0
0.8955,-6.042573E-06,13.4325,0,0.8955,-5.035477E-06,13.4325,0
0.8964,-3.356985E-07,13.446,0,0.8964,-1.913481E-05,13.446,0
0.8973,-2.349889E-06,13.4595,0,0.8973,2.047761E-05,13.4595,0
0.8982,-8.392462E-06,13.473,0,0.8982,-1.040665E-05,13.473,0
0.8991,7.049668E-06,13.4865,0,0.8991,-5.471885E-05,13.4865,0
0.9,-2.920577E-05,13.5,0,0.9,-1.040665E-05,13.5,0
0.9009,-2.450599E-05,13.5135,0,0.9009,3.021286E-06,13.5135,0
0.9018,-1.678492E-05,13.527,0,0.9018,-1.678492E-05,13.527,0
0.9027,-2.719158E-05,13.5405,0,0.9027,1.107805E-05,13.5405,0
0.9036,-2.853437E-05,13.554,0,0.9036,5.438316E-05,13.554,0
0.9045,-1.007095E-05,13.5675,0,0.9045,-1.242084E-05,13.5675,0
0.9054,-1.007095E-06,13.581,0,0.9054,-7.217517E-05,13.581,0
0.9063,2.652018E-05,13.5945,0,0.9063,-6.51255E-05,13.5945,0
0.9072,5.203327E-05,13.608,0,0.9072,-3.826963E-05,13.608,0
0.9081,1.040665E-05,13.6215,0,0.9081,9.399558E-06,13.6215,0
0.909,-1.980621E-05,13.635,0,0.909,3.356985E-07,13.635,0
0.9099,-4.129091E-05,13.6485,0,0.9099,-5.471885E-05,13.6485,0
0.9108,-6.009003E-05,13.662,0,0.9108,-3.692683E-06,13.662,0
0.9117,-3.356985E-07,13.6755,0,0.9117,-1.007095E-06,13.6755,0
0.9126,2.1149E-05,13.689,0,0.9126,-5.706874E-05,13.689,0
0.9135,-1.510643E-05,13.7025,0,0.9135,-3.323415E-05,13.7025,0
0.9144,1.275654E-05,13.716,0,0.9144,2.349889E-06,13.716,0
0.9153,-8.392462E-06,13.7295,0,0.9153,-3.491264E-05,13.7295,0
0.9162,2.853437E-05,13.743,0,0.9162,-3.659113E-05,13.743,0
0.9171,4.599069E-05,13.7565,0,0.9171,-1.107805E-05,13.7565,0
0.918,-2.685588E-06,13.77,0,0.918,-3.088426E-05,13.77,0
0.9189,-1.376364E-05,13.7835,0,0.9189,-3.155566E-05,13.7835,0
0.9198,-1.678492E-06,13.797,0,0.9198,-3.121996E-05,13.797,0
0.9207,2.081331E-05,13.8105,0,0.9207,1.712062E-05,13.8105,0
0.9216,-6.61326E-05,13.824,0,0.9216,-6.378271E-06,13.824,0
0.9225,-6.478981E-05,13.8375,0,0.9225,-3.457694E-05,13.8375,0
0.9234,-4.699779E-06,13.851,0,0.9234,-3.927672E-05,13.851,0
0.9243,-2.987716E-05,13.8645,0,0.9243,-1.007095E-06,13.8645,0
0.9252,-1.779202E-05,13.878,0,0.9252,-1.544213E-05,13.878,0
0.9261,1.040665E-05,13.8915,0,0.9261,-4.061952E-05,13.8915,0
0.927,-1.644922E-05,13.905,0,0.927,-1.443504E-05,13.905,0
0.9279,-2.349889E-06,13.9185,0,0.9279,-2.987716E-05,13.9185,0
0.9288,3.323415E-05,13.932,0,0.9288,-6.076142E-05,13.932,0
0.9297,-3.625543E-05,13.9455,0,0.9297,-4.632639E-05,13.9455,0
0.9306,-4.800488E-05,13.959,0,0.9306,-7.049668E-06,13.959,0
0.9315,-4.36408E-06,13.9725,0,0.9315,-3.356985E-07,13.9725,0
0.9324,-1.107805E-05,13.986,0,0.9324,-4.36408E-06,13.986,0
0.9333,-2.685588E-05,13.9995,0,0.9333,-3.189136E-05,13.9995,0
0.9342,-2.24918E-05,14.013,0,0.9342,-2.014191E-06,14.013,0
0.9351,-2.18204E-05,14.0265,0,0.9351,2.316319E-05,14.0265,0
0.936,6.713969E-07,14.04,0,0.936,-4.36408E-06,14.04,0
0.9369,2.383459E-05,14.0535,0,0.9369,-1.644922E-05,14.0535,0
0.9378,1.913481E-05,14.067,0,0.9378,1.544213E-05,14.067,0
0.9387,2.383459E-05,14.0805,0,0.9387,-6.713969E-06,14.0805,0
0.9396001,3.424125E-05,14.094,0,0.9396001,-4.53193E-05,14.094,0
0.9405,-1.678492E-05,14.1075,0,0.9405,1.309224E-05,14.1075,0
0.9414001,-5.001907E-05,14.121,0,0.9414001,1.477073E-05,14.121,0
0.9423,-1.879912E-05,14.1345,0,0.9423,-1.107805E-05,14.1345,0
0.9432001,-1.846342E-05,14.148,0,0.9432001,-1.342794E-05,14.148,0
0.9441,4.36408E-06,14.1615,0,0.9441,-2.349889E-06,14.1615,0
0.9450001,4.095522E-05,14.175,0,0.9450001,-9.399558E-06,14.175,0
0.9459,7.721065E-06,14.1885,0,0.9459,-3.524834E-05,14.1885,0
0.9468,2.752728E-05,14.202,0,0.9468,-4.095522E-05,14.202,0
0.9477,1.242084E-05,14.2155,0,0.9477,-1.577783E-05,14.2155,0
0.9486,2.21561E-05,14.229,0,0.9486,-1.208515E-05,14.229,0
0.9495,4.129091E-05,14.2425,0,0.9495,-3.793393E-05,14.2425,0
0.9504,-4.800488E-05,14.256,0,0.9504,-4.599069E-05,14.256,0
0.9513,-0.0001121233,14.2695,0,0.9513,-1.846342E-05,14.2695,0
0.9522,-7.653925E-05,14.283,0,0.9522,-1.342794E-05,14.283,0
0.9531,-9.835965E-05,14.2965,0,0.9531,-6.143282E-05,14.2965,0
0.954,-0.0001393149,14.31,0,0.954,-2.752728E-05,14.31,0
0.9549,-8.426032E-05,14.3235,0,0.9549,-1.779202E-05,14.3235,0
0.9558,-3.424125E-05,14.337,0,0.9558,-5.941863E-05,14.337,0
0.9567,-4.263371E-05,14.3505,0,0.9567,-5.438316E-05,14.3505,0
0.9576,-1.980621E-05,14.364,0,0.9576,-2.517739E-05,14.364,0
0.9585,3.323415E-05,14.3775,0,0.9585,-8.728161E-06,14.3775,0
0.9594,1.275654E-05,14.391,0,0.9594,-6.713969E-06,14.391,0
0.9603,2.652018E-05,14.4045,0,0.9603,-4.599069E-05,14.4045,0
0.9612,3.457694E-05,14.418,0,0.9612,-7.049668E-06,14.418,0
0.9621,-6.378271E-06,14.4315,0,0.9621,2.047761E-05,14.4315,0
0.963,6.713969E-07,14.445,0,0.963,-1.242084E-05,14.445,0
0.9639,1.913481E-05,14.4585,0,0.9639,-2.1149E-05,14.4585,0
0.9648,3.692683E-06,14.472,0,0.9648,1.644922E-05,14.472,0
0.9657,-8.392462E-06,14.4855,0,0.9657,-6.042573E-06,14.4855,0
0.9666,2.551309E-05,14.499,0,0.9666,-3.457694E-05,14.499,0
0.9675,1.007095E-05,14.5125,0,0.9675,0,14.5125,0
0.9684,-3.021286E-06,14.526,0,0.9684,-3.256275E-05,14.526,0
0.9693,1.242084E-05,14.5395,0,0.9693,-7.989624E-05,14.5395,0
0.9702,6.243992E-05,14.553,0,0.9702,-5.069047E-05,14.553,0
0.9711,-2.349889E-06,14.5665,0,0.9711,-2.24918E-05,14.5665,0
0.972,7.049668E-06,14.58,0,0.972,-2.954147E-05,14.58,0
0.9729,1.678492E-05,14.5935,0,0.9729,-2.719158E-05,14.5935,0
0.9738,9.735256E-06,14.607,0,0.9738,-5.505455E-05,14.607,0
0.9747,2.1149E-05,14.6205,0,0.9747,-4.33051E-05,14.6205,0
0.9756,4.36408E-05,14.634,0,0.9756,-9.735256E-06,14.634,0
0.9765,5.706874E-06,14.6475,0,0.9765,-2.014191E-05,14.6475,0
0.9774,1.812772E-05,14.661,0,0.9774,-3.927672E-05,14.661,0
0.9783,2.047761E-05,14.6745,0,0.9783,3.994812E-05,14.6745,0
0.9792,-2.014191E-05,14.688,0,0.9792,5.203327E-05,14.688,0
0.9801,-2.853437E-05,14.7015,0,0.9801,-2.383459E-05,14.7015,0
0.981,-7.721065E-06,14.715,0,0.981,-1.007095E-06,14.715,0
0.9819,-1.510643E-05,14.7285,0,0.9819,-7.385367E-06,14.7285,0
0.9828,-3.826963E-05,14.742,0,0.9828,-5.001907E-05,14.742,0
0.9837,-3.323415E-05,14.7555,0,0.9837,-4.33051E-05,14.7555,0
0.9846,-1.779202E-05,14.769,0,0.9846,-2.014191E-06,14.769,0
0.9855,-2.584878E-05,14.7825,0,0.9855,-2.28275E-05,14.7825,0
0.9864,-2.618448E-05,14.796,0,0.9864,-4.867628E-05,14.796,0
0.9873,6.378271E-06,14.8095,0,0.9873,-4.599069E-05,14.8095,0
0.9882,-1.678492E-06,14.823,0,0.9882,-1.644922E-05,14.823,0
0.9891,1.544213E-05,14.8365,0,0.9891,2.014191E-06,14.8365,0
0.99,2.383459E-05,14.85,0,0.99,8.392462E-06,14.85,0
0.9909,1.275654E-05,14.8635,0,0.9909,5.136187E-05,14.8635,0
0.9918,-1.242084E-05,14.877,0,0.9918,5.539025E-05,14.877,0
0.9927,-2.752728E-05,14.8905,0,0.9927,8.392462E-06,14.8905,0
0.9936,-5.706874E-06,14.904,0,0.9936,-3.860533E-05,14.904,0
0.9945,-4.699779E-06,14.9175,0,0.9945,-9.735256E-06,14.9175,0
0.9954,-1.644922E-05,14.931,0,0.9954,-1.443504E-05,14.931,0
0.9963,-3.256275E-05,14.9445,0,0.9963,-6.076142E-05,14.9445,0
0.9972,-1.409934E-05,14.958,0,0.9972,-2.584878E-05,14.958,0
0.9981,-1.644922E-05,14.9715,0,0.9981,2.652018E-05,14.9715,0
0.999,-4.968337E-05,14.985,0,0.999,-7.721065E-06,14.985,0
0.9999,-4.867628E-05,14.9985,0,0.9999,-5.706874E-06,14.9985,0
1.0008,-2.484169E-05,15.012,0,1.0008,-2.21561E-05,15.012,0
1.0017,3.021286E-06,15.0255,0,1.0017,-3.054856E-05,15.0255,0
1.0026,-6.042573E-06,15.039,0,1.0026,-1.174945E-05,15.039,0
1.0035,-2.719158E-05,15.0525,0,1.0035,-4.129091E-05,15.0525,0
1.0044,-1.007095E-05,15.066,0,1.0044,-4.867628E-05,15.066,0
1.0053,-4.36408E-06,15.0795,0,1.0053,-1.913481E-05,15.0795,0
1.0062,2.1149E-05,15.093,0,1.0062,-5.001907E-05,15.093,0
1.0071,3.558404E-05,15.1065,0,1.0071,-5.807584E-05,15.1065,0
1.008,2.24918E-05,15.12,0,1.008,1.409934E-05,15.12,0
1.0089,5.874724E-05,15.1335,0,1.0089,-1.577783E-05,15.1335,0
1.0098,-1.678492E-06,15.147,0,1.0098,-0.0001252155,15.147,0
1.0107,-6.143282E-05,15.1605,0,1.0107,-0.0001000381,15.1605,0
1.0116,-4.061952E-05,15.174,0,1.0116,-1.980621E-05,15.174,0
1.0125,-3.155566E-05,15.1875,0,1.0125,-1.174945E-05,15.1875,0
1.0134,-2.21561E-05,15.201,0,1.0134,-1.510643E-05,15.201,0
1.0143,1.309224E-05,15.2145,0,1.0143,1.947051E-05,15.2145,0
1.0152,2.21561E-05,15.228,0,1.0152,1.208515E-05,15.228,0
1.0161,3.289845E-05,15.2415,0,1.0161,3.121996E-05,15.2415,0
1.017,1.309224E-05,15.255,0,1.017,-9.735256E-06,15.255,0
1.0179,9.399558E-06,15.2685,0,1.0179,-3.457694E-05,15.2685,0
1.0188,-1.007095E-06,15.282,0,1.0188,2.618448E-05,15.282,0
1.0197,1.275654E-05,15.2955,0,1.0197,2.652018E-05,15.2955,0
1.0206,9.735256E-06,15.309,0,1.0206,-3.021286E-05,15.309,0
1.0215,-3.356985E-07,15.3225,0,1.0215,5.035477E-06,15.3225,0
1.0224,2.014191E-05,15.336,0,1.0224,0,15.336,0
1.0233,8.392462E-06,15.3495,0,1.0233,-4.36408E-05,15.3495,0
1.0242,-3.424125E-05,15.363,0,1.0242,-4.867628E-05,15.363,0
1.0251,-3.424125E-05,15.3765,0,1.0251,-4.061952E-05,15.3765,0
1.026,-1.577783E-05,15.39,0,1.026,-3.054856E-05,15.39,0
1.0269,-4.33051E-05,15.4035,0,1.0269,-2.24918E-05,15.4035,0
1.0278,-2.618448E-05,15.417,0,1.0278,-3.793393E-05,15.417,0
1.0287,1.007095E-05,15.4305,0,1.0287,-1.577783E-05,15.4305,0
1.0296,9.063859E-06,15.444,0,1.0296,4.699779E-06,15.444,0
1.0305,-1.376364E-05,15.4575,0,1.0305,-2.618448E-05,15.4575,0
1.0314,-5.035477E-06,15.471,0,1.0314,-2.752728E-05,15.471,0
1.0323,-5.706874E-06,15.4845,0,1.0323,1.107805E-05,15.4845,0
1.0332,-7.049668E-06,15.498,0,1.0332,0,15.498,0
1.0341,-1.443504E-05,15.5115,0,1.0341,-3.155566E-05,15.5115,0
1.035,1.510643E-05,15.525,0,1.035,5.035477E-06,15.525,0
1.0359,2.517739E-05,15.5385,0,1.0359,1.443504E-05,15.5385,0
1.0368,-3.759823E-05,15.552,0,1.0368,-2.047761E-05,15.552,0
1.0377,-4.733349E-05,15.5655,0,1.0377,-1.107805E-05,15.5655,0
1.0386,-5.975433E-05,15.579,0,1.0386,-6.378271E-06,15.579,0
1.0395,-3.692683E-05,15.5925,0,1.0395,-2.047761E-05,15.5925,0
1.0404,7.049668E-06,15.606,0,1.0404,-1.913481E-05,15.606,0
1.0413,-3.021286E-06,15.6195,0,1.0413,-4.061952E-05,15.6195,0
1.0422,-2.316319E-05,15.633,0,1.0422,-2.1149E-05,15.633,0
1.0431,-4.33051E-05,15.6465,0,1.0431,-1.510643E-05,15.6465,0
1.044,-4.934768E-05,15.66,0,1.044,-4.49836E-05,15.66,0
1.0449,-1.577783E-05,15.6735,0,1.0449,-4.934768E-05,15.6735,0
1.0458,-9.735256E-06,15.687,0,1.0458,-1.208515E-05,15.687,0
1.0467,-3.356985E-07,15.7005,0,1.0467,-2.517739E-05,15.7005,0
1.0476,4.632639E-05,15.714,0,1.0476,-6.210422E-05,15.714,0
1.0485,2.18204E-05,15.7275,0,1.0485,-9.063859E-06,15.7275,0
1.0494,1.678492E-06,15.741,0,1.0494,1.141375E-05,15.741,0
1.0503,2.24918E-05,15.7545,0,1.0503,-9.735256E-06,15.7545,0
1.0512,2.349889E-05,15.768,0,1.0512,1.644922E-05,15.768,0
1.0521,-2.047761E-05,15.7815,0,1.0521,2.652018E-05,15.7815,0
1.053,-9.063859E-06,15.795,0,1.053,-1.913481E-05,15.795,0
1.0539,2.1149E-05,15.8085,0,1.0539,-2.853437E-05,15.8085,0
1.0548,1.443504E-05,15.822,0,1.0548,-2.517739E-05,15.822,0
1.0557,1.174945E-05,15.8355,0,1.0557,-1.510643E-05,15.8355,0
1.0566,-3.726253E-05,15.849,0,1.0566,-5.337606E-05,15.849,0
1.0575,-3.793393E-05,15.8625,0,1.0575,-7.452507E-05,15.8625,0
1.0584,-5.706874E-05,15.876,0,1.0584,-4.800488E-05,15.876,0
1.0593,-4.33051E-05,15.8895,0,1.0593,0,15.8895,0
1.0602,-5.706874E-06,15.903,0,1.0602,4.36408E-06,15.903,0
1.0611,-2.1149E-05,15.9165,0,1.0611,-4.162661E-05,15.9165,0
1.062,-6.009003E-05,15.93,0,1.062,-1.376364E-05,15.93,0
1.0629,-3.491264E-05,15.9435,0,1.0629,0,15.9435,0
1.0638,-2.18204E-05,15.957,0,1.0638,-5.874724E-05,15.957,0
1.0647,8.392462E-06,15.9705,0,1.0647,-5.539025E-05,15.9705,0
1.0656,1.644922E-05,15.984,0,1.0656,-2.349889E-05,15.984,0
1.0665,2.450599E-05,15.9975,0,1.0665,-3.256275E-05,15.9975,0
1.0674,3.726253E-05,16.011,0,1.0674,-2.450599E-05,16.011,0
1.0683,5.069047E-05,16.0245,0,1.0683,-2.450599E-05,16.0245,0
1.0692,2.484169E-05,16.038,0,1.0692,3.994812E-05,16.038,0
1.0701,1.107805E-05,16.0515,0,1.0701,2.954147E-05,16.0515,0
1.071,2.1149E-05,16.065,0,1.071,-1.712062E-05,16.065,0
1.0719,-6.713969E-07,16.0785,0,1.0719,-3.356985E-07,16.0785,0
1.0728,-4.196231E-05,16.092,0,1.0728,1.443504E-05,16.092,0
1.0737,-2.081331E-05,16.1055,0,1.0737,-1.376364E-05,16.1055,0
1.0746,2.987716E-05,16.119,0,1.0746,-4.33051E-05,16.119,0
1.0755,6.378271E-06,16.1325,0,1.0755,-5.706874E-06,16.1325,0
1.0764,-3.356985E-07,16.146,0,1.0764,-3.356985E-07,16.146,0
1.0773,4.36408E-06,16.1595,0,1.0773,-3.961242E-05,16.1595,0
1.0782,1.846342E-05,16.173,0,1.0782,-2.417029E-05,16.173,0
1.0791,-1.644922E-05,16.1865,0,1.0791,3.659113E-05,16.1865,0
1.08,-1.309224E-05,16.2,0,1.08,2.316319E-05,16.2,0
1.0809,-3.256275E-05,16.2135,0,1.0809,-2.047761E-05,16.2135,0
1.0818,1.107805E-05,16.227,0,1.0818,-2.349889E-06,16.227,0
1.0827,-1.107805E-05,16.2405,0,1.0827,-1.007095E-05,16.2405,0
1.0836,-6.71397E-05,16.254,0,1.0836,-3.591974E-05,16.254,0
1.0845,-3.860533E-05,16.2675,0,1.0845,-4.867628E-05,16.2675,0
1.0854,-2.450599E-05,16.281,0,1.0854,-9.466698E-05,16.281,0
1.0863,-3.323415E-05,16.2945,0,1.0863,-5.774014E-05,16.2945,0
1.0872,1.174945E-05,16.308,0,1.0872,-4.028382E-05,16.308,0
1.0881,2.1149E-05,16.3215,0,1.0881,-3.692683E-05,16.3215,0
1.089,7.721065E-06,16.335,0,1.089,3.356985E-05,16.335,0
1.0899,-2.584878E-05,16.3485,0,1.0899,6.411841E-05,16.3485,0
1.0908,-3.323415E-05,16.362,0,1.0908,1.107805E-05,16.362,0
1.0917,2.1149E-05,16.3755,0,1.0917,-1.242084E-05,16.3755,0
1.0926,5.706874E-06,16.389,0,1.0926,9.063859E-06,16.389,0
1.0935,-2.685588E-06,16.4025,0,1.0935,-1.409934E-05,16.4025,0
1.0944,7.049668E-06,16.416,0,1.0944,-2.584878E-05,16.416,0
1.0953,1.376364E-05,16.4295,0,1.0953,-5.740444E-05,16.4295,0
1.0962,-3.692683E-06,16.443,0,1.0962,-6.57969E-05,16.443,0
1.0971,-1.678492E-06,16.4565,0,1.0971,-5.438316E-05,16.4565,0
1.098,-1.309224E-05,16.47,0,1.098,-3.625543E-05,16.47,0
1.0989,-4.39765E-05,16.4835,0,1.0989,-3.994812E-05,16.4835,0
1.0998,-5.035477E-05,16.497,0,1.0998,1.712062E-05,16.497,0
1.1007,-4.46479E-05,16.5105,0,1.1007,1.040665E-05,16.5105,0
1.1016,-3.692683E-05,16.524,0,1.1016,-3.659113E-05,16.524,0
1.1025,-3.524834E-05,16.5375,0,1.1025,-2.584878E-05,16.5375,0
1.1034,-2.786297E-05,16.551,0,1.1034,-4.39765E-05,16.551,0
1.1043,-4.36408E-06,16.5645,0,1.1043,-8.426032E-05,16.5645,0
1.1052,3.424125E-05,16.578,0,1.1052,-4.699779E-05,16.578,0
1.1061,3.994812E-05,16.5915,0,1.1061,-7.721065E-06,16.5915,0
1.107,2.450599E-05,16.605,0,1.107,-2.24918E-05,16.605,0
1.1079,2.786297E-05,16.6185,0,1.1079,-8.392462E-06,16.6185,0
1.1088,2.719158E-05,16.632,0,1.1088,-2.1149E-05,16.632,0
1.1097,6.713969E-07,16.6455,0,1.1097,-9.735256E-06,16.6455,0
1.1106,-3.793393E-05,16.659,0,1.1106,-1.007095E-05,16.659,0
1.1115,-1.242084E-05,16.6725,0,1.1115,-4.196231E-05,16.6725,0
1.1124,-3.021286E-06,16.686,0,1.1124,-4.53193E-05,16.686,0
1.1133,-4.867628E-05,16.6995,0,1.1133,-3.692683E-06,16.6995,0
1.1142,-1.342794E-05,16.713,0,1.1142,-1.007095E-05,16.713,0
1.1151,2.18204E-05,16.7265,0,1.1151,-4.061952E-05,16.7265,0
1.116,-6.378271E-06,16.74,0,1.116,-5.706874E-06,16.74,0
1.1169,1.812772E-05,16.7535,0,1.1169,1.544213E-05,16.7535,0
1.1178,3.457694E-05,16.767,0,1.1178,-2.517739E-05,16.767,0
1.1187,-1.510643E-05,16.7805,0,1.1187,-3.860533E-05,16.7805,0
1.1196,-9.063859E-06,16.794,0,1.1196,-5.706874E-06,16.794,0
1.1205,6.713969E-07,16.8075,0,1.1205,0,16.8075,0
1.1214,-2.383459E-05,16.821,0,1.1214,-1.174945E-05,16.821,0
1.1223,1.409934E-05,16.8345,0,1.1223,-2.21561E-05,16.8345,0
1.1232,5.069047E-05,16.848,0,1.1232,1.678492E-06,16.848,0
1.1241,2.014191E-05,16.8615,0,1.1241,4.699779E-06,16.8615,0
1.125,-1.242084E-05,16.875,0,1.125,-3.054856E-05,16.875,0
1.1259,-2.349889E-05,16.8885,0,1.1259,-1.846342E-05,16.8885,0
1.1268,-1.107805E-05,16.902,0,1.1268,1.040665E-05,16.902,0
1.1277,-1.879912E-05,16.9155,0,1.1277,-3.121996E-05,16.9155,0
1.1286,-4.53193E-05,16.929,0,1.1286,-7.888914E-05,16.929,0
1.1295,-3.793393E-05,16.9425,0,1.1295,-1.040665E-05,16.9425,0
1.1304,-3.021286E-06,16.956,0,1.1304,1.443504E-05,16.956,0
1.1313,1.510643E-05,16.9695,0,1.1313,-2.484169E-05,16.9695,0
1.1322,-7.721065E-06,16.983,0,1.1322,-9.063859E-06,16.983,0
1.1331,-8.795301E-05,16.9965,0,1.1331,-7.721065E-06,16.9965,0
1.134,-8.090334E-05,17.01,0,1.134,-1.947051E-05,17.01,0
1.1349,-2.853437E-05,17.0235,0,1.1349,-2.21561E-05,17.0235,0
1.1358,-9.735256E-06,17.037,0,1.1358,-2.752728E-05,17.037,0
1.1367,-3.692683E-06,17.0505,0,1.1367,-1.678492E-06,17.0505,0
1.1376,-1.712062E-05,17.064,0,1.1376,5.371176E-06,17.064,0
1.1385,3.390555E-05,17.0775,0,1.1385,-1.544213E-05,17.0775,0
1.1394,1.174945E-05,17.091,0,1.1394,-1.913481E-05,17.091,0
1.1403,6.713969E-07,17.1045,0,1.1403,7.049668E-06,17.1045,0
1.1412,-1.644922E-05,17.118,0,1.1412,-8.392462E-06,17.118,0
1.1421,-1.174945E-05,17.1315,0,1.1421,-3.726253E-05,17.1315,0
1.143,-2.517739E-05,17.145,0,1.143,-7.385367E-06,17.145,0
1.1439,-1.141375E-05,17.1585,0,1.1439,2.24918E-05,17.1585,0
1.1448,-5.337606E-05,17.172,0,1.1448,-4.061952E-05,17.172,0
1.1457,-4.599069E-05,17.1855,0,1.1457,-2.517739E-05,17.1855,0
1.1466,-1.712062E-05,17.199,0,1.1466,-9.735256E-06,17.199,0
1.1475,-3.692683E-06,17.2125,0,1.1475,-1.678492E-05,17.2125,0
1.1484,4.229801E-05,17.226,0,1.1484,-1.342794E-06,17.226,0
1.1493,8.96315E-05,17.2395,0,1.1493,-1.242084E-05,17.2395,0
1.1502,6.814679E-05,17.253,0,1.1502,3.356985E-07,17.253,0
1.1511,2.484169E-05,17.2665,0,1.1511,-1.812772E-05,17.2665,0
1.152,2.450599E-05,17.28,0,1.152,-3.659113E-05,17.28,0
1.1529,5.337606E-05,17.2935,0,1.1529,-4.263371E-05,17.2935,0
1.1538,3.189136E-05,17.307,0,1.1538,1.141375E-05,17.307,0
1.1547,1.779202E-05,17.3205,0,1.1547,0,17.3205,0
1.1556,-2.349889E-06,17.334,0,1.1556,-6.881819E-05,17.334,0
1.1565,-3.692683E-06,17.3475,0,1.1565,-1.007095E-05,17.3475,0
1.1574,-3.021286E-05,17.361,0,1.1574,-2.786297E-05,17.361,0
1.1583,-1.376364E-05,17.3745,0,1.1583,-5.069047E-05,17.3745,0
1.1592,-9.735256E-06,17.388,0,1.1592,-2.853437E-05,17.388,0
1.1601,-3.961242E-05,17.4015,0,1.1601,1.409934E-05,17.4015,0
1.161,-3.021286E-05,17.415,0,1.161,-1.712062E-05,17.415,0
1.1619,-5.404745E-05,17.4285,0,1.1619,-5.471885E-05,17.4285,0
1.1628,-3.356985E-06,17.442,0,1.1628,-6.277562E-05,17.442,0
1.1637,2.920577E-05,17.4555,0,1.1637,-4.565499E-05,17.4555,0
1.1646,-2.819867E-05,17.469,0,1.1646,-5.404745E-05,17.469,0
1.1655,-2.484169E-05,17.4825,0,1.1655,-5.807584E-05,17.4825,0
1.1664,5.035477E-06,17.496,0,1.1664,-2.853437E-05,17.496,0
1.1673,1.342794E-06,17.5095,0,1.1673,1.376364E-05,17.5095,0
1.1682,-4.599069E-05,17.523,0,1.1682,-1.577783E-05,17.523,0
1.1691,-4.867628E-05,17.5365,0,1.1691,-3.591974E-05,17.5365,0
1.17,-6.54612E-05,17.55,0,1.17,2.685588E-06,17.55,0
1.1709,-2.887007E-05,17.5635,0,1.1709,2.920577E-05,17.5635,0
1.1718,9.399558E-06,17.577,0,1.1718,2.014191E-06,17.577,0
1.1727,1.947051E-05,17.5905,0,1.1727,-2.349889E-05,17.5905,0
1.1736,-1.208515E-05,17.604,0,1.1736,-9.063859E-06,17.604,0
1.1745,2.047761E-05,17.6175,0,1.1745,-1.007095E-05,17.6175,0
1.1754,2.752728E-05,17.631,0,1.1754,-2.920577E-05,17.631,0
1.1763,4.968337E-05,17.6445,0,1.1763,-8.191043E-05,17.6445,0
1.1772,3.692683E-06,17.658,0,1.1772,-3.692683E-05,17.658,0
1.1781,-8.392462E-06,17.6715,0,1.1781,7.049668E-06,17.6715,0
1.179,4.36408E-06,17.685,0,1.179,-2.719158E-05,17.685,0
1.1799,-3.054856E-05,17.6985,0,1.1799,-4.39765E-05,17.6985,0
1.1808,-1.477073E-05,17.712,0,1.1808,3.323415E-05,17.712,0
1.1817,1.577783E-05,17.7255,0,1.1817,5.404745E-05,17.7255,0
1.1826,1.477073E-05,17.739,0,1.1826,-4.33051E-05,17.739,0
1.1835,1.678492E-06,17.7525,0,1.1835,7.721065E-06,17.7525,0
1.1844,-4.196231E-05,17.766,0,1.1844,1.376364E-05,17.766,0
1.1853,-4.061952E-05,17.7795,0,1.1853,-5.035477E-05,17.7795,0
1.1862,-2.1149E-05,17.793,0,1.1862,-4.39765E-05,17.793,0
1.1871,-7.083238E-05,17.8065,0,1.1871,-1.007095E-05,17.8065,0
1.188,-5.102617E-05,17.82,0,1.188,-9.735256E-06,17.82,0
1.1889,-6.948959E-05,17.8335,0,1.1889,-1.007095E-05,17.8335,0
1.1898,-1.107805E-05,17.847,0,1.1898,-2.719158E-05,17.847,0
1.1907,5.069047E-05,17.8605,0,1.1907,5.706874E-06,17.8605,0
1.1916,5.035477E-05,17.874,0,1.1916,1.812772E-05,17.874,0
1.1925,7.754635E-05,17.8875,0,1.1925,-2.450599E-05,17.8875,0
1.1934,9.500267E-05,17.901,0,1.1934,-4.46479E-05,17.901,0
1.1943,3.692683E-06,17.9145,0,1.1943,-7.721065E-06,17.9145,0
1.1952,-4.129091E-05,17.928,0,1.1952,-2.383459E-05,17.928,0
1.1961,-1.644922E-05,17.9415,0,1.1961,-4.33051E-05,17.9415,0
1.197,-1.644922E-05,17.955,0,1.197,6.713969E-06,17.955,0
1.1979,-2.987716E-05,17.9685,0,1.1979,1.309224E-05,17.9685,0
1.1988,-5.941863E-05,17.982,0,1.1988,-2.349889E-05,17.982,0
1.1997,-5.740444E-05,17.9955,0,1.1997,-2.349889E-05,17.9955,0
1.2006,-5.572595E-05,18.009,0,1.2006,-7.049668E-06,18.009,0
1.2015,-3.625543E-05,18.0225,0,1.2015,-2.719158E-05,18.0225,0
1.2024,-1.443504E-05,18.036,0,1.2024,-2.719158E-05,18.036,0
1.2033,-1.644922E-05,18.0495,0,1.2033,-3.826963E-05,18.0495,0
1.2042,1.007095E-06,18.063,0,1.2042,-7.049668E-06,18.063,0
1.2051,2.18204E-05,18.0765,0,1.2051,-3.021286E-06,18.0765,0
1.206,-3.021286E-06,18.09,0,1.206,-4.196231E-05,18.09,0
1.2069,-1.846342E-05,18.1035,0,1.2069,-4.867628E-05,18.1035,0
1.2078,1.779202E-05,18.117,0,1.2078,-1.678492E-06,18.117,0
1.2087,2.047761E-05,18.1305,0,1.2087,-9.063859E-06,18.1305,0
1.2096,7.721065E-06,18.144,0,1.2096,-3.390555E-05,18.144,0
1.2105,-3.692683E-06,18.1575,0,1.2105,-1.342794E-05,18.1575,0
1.2114,-1.510643E-05,18.171,0,1.2114,-2.014191E-05,18.171,0
1.2123,-2.920577E-05,18.1845,0,1.2123,-3.659113E-05,18.1845,0
1.2132,-5.706874E-06,18.198,0,1.2132,-2.652018E-05,18.198,0
1.2141,-2.752728E-05,18.2115,0,1.2141,1.342794E-06,18.2115,0
1.215,-1.342794E-05,18.225,0,1.215,-9.063859E-06,18.225,0
1.2159,2.349889E-06,18.2385,0,1.2159,-1.409934E-05,18.2385,0
1.2168,1.309224E-05,18.252,0,1.2168,-5.136187E-05,18.252,0
1.2177,-1.443504E-05,18.2655,0,1.2177,-3.927672E-05,18.2655,0
1.2186,-4.196231E-05,18.279,0,1.2186,-6.042573E-06,18.279,0
1.2195,-7.049668E-06,18.2925,0,1.2195,-1.376364E-05,18.2925,0
1.2204,3.021286E-06,18.306,0,1.2204,-1.846342E-05,18.306,0
1.2213,-3.793393E-05,18.3195,0,1.2213,2.014191E-05,18.3195,0
1.2222,-1.644922E-05,18.333,0,1.2222,-1.107805E-05,18.333,0
1.2231,1.913481E-05,18.3465,0,1.2231,-5.001907E-05,18.3465,0
1.224,5.035477E-06,18.36,0,1.224,-1.376364E-05,18.36,0
1.2249,3.793393E-05,18.3735,0,1.2249,-6.713969E-07,18.3735,0
1.2258,4.53193E-05,18.387,0,1.2258,-3.390555E-05,18.387,0
1.2267,1.846342E-05,18.4005,0,1.2267,-3.927672E-05,18.4005,0
1.2276,-1.678492E-05,18.414,0,1.2276,-5.035477E-06,18.414,0
1.2285,-1.846342E-05,18.4275,0,1.2285,-7.385367E-06,18.4275,0
1.2294,3.021286E-06,18.441,0,1.2294,-7.385367E-06,18.441,0
1.2303,-4.49836E-05,18.4545,0,1.2303,-4.867628E-05,18.4545,0
1.2312,-5.673304E-05,18.468,0,1.2312,-3.222705E-05,18.468,0
1.2321,-1.913481E-05,18.4815,0,1.2321,5.035477E-06,18.4815,0
1.233,-4.061952E-05,18.495,0,1.233,-2.719158E-05,18.495,0
1.2339,-2.316319E-05,18.5085,0,1.2339,-3.390555E-05,18.5085,0
1.2348,-3.659113E-05,18.522,0,1.2348,-5.706874E-06,18.522,0
1.2357,2.383459E-05,18.5355,0,1.2357,-1.007095E-06,18.5355,0
1.2366,6.948959E-05,18.549,0,1.2366,-6.009003E-05,18.549,0
1.2375,7.721065E-06,18.5625,0,1.2375,-3.189136E-05,18.5625,0
1.2384,-2.484169E-05,18.576,0,1.2384,1.678492E-06,18.576,0
1.2393,-1.242084E-05,18.5895,0,1.2393,-2.719158E-05,18.5895,0
1.2402,6.814679E-05,18.603,0,1.2402,-3.356985E-07,18.603,0
1.2411,3.155566E-05,18.6165,0,1.2411,2.349889E-05,18.6165,0
1.242,5.035477E-06,18.63,0,1.242,1.242084E-05,18.63,0
1.2429,-5.706874E-06,18.6435,0,1.2429,-4.699779E-06,18.6435,0
1.2438,5.035477E-06,18.657,0,1.2438,-8.728161E-06,18.657,0
1.2447,-1.678492E-06,18.6705,0,1.2447,1.678492E-06,18.6705,0
1.2456,-3.021286E-05,18.684,0,1.2456,1.577783E-05,18.684,0
1.2465,-6.6804E-05,18.6975,0,1.2465,-2.786297E-05,18.6975,0
1.2474,-2.752728E-05,18.711,0,1.2474,-6.176852E-05,18.711,0
1.2483,-2.551309E-05,18.7245,0,1.2483,-2.752728E-05,18.7245,0
1.2492,-5.169757E-05,18.738,0,1.2492,-2.987716E-05,18.738,0
1.2501,-4.196231E-05,18.7515,0,1.2501,-6.915389E-05,18.7515,0
1.251,-3.054856E-05,18.765,0,1.251,-2.18204E-05,18.765,0
1.2519,-2.18204E-05,18.7785,0,1.2519,0,18.7785,0
1.2528,-1.913481E-05,18.792,0,1.2528,-4.196231E-05,18.792,0
1.2537,-1.678492E-06,18.8055,0,1.2537,-2.484169E-05,18.8055,0
1.2546,9.735256E-06,18.819,0,1.2546,2.584878E-05,18.819,0
1.2555,-1.376364E-05,18.8325,0,1.2555,-1.678492E-06,18.8325,0
1.2564,-2.28275E-05,18.846,0,1.2564,-4.061952E-05,18.846,0
1.2573,1.409934E-05,18.8595,0,1.2573,-6.143282E-05,18.8595,0
1.2582,1.544213E-05,18.873,0,1.2582,-4.129091E-05,18.873,0
1.2591,7.721065E-06,18.8865,0,1.2591,6.042573E-06,18.8865,0
1.26,7.049668E-06,18.9,0,1.26,-4.599069E-05,18.9,0
1.2609,8.392462E-06,18.9135,0,1.2609,-6.64683E-05,18.9135,0
1.2618,-3.524834E-05,18.927,0,1.2618,-3.088426E-05,18.927,0
1.2627,-1.779202E-05,18.9405,0,1.2627,-1.208515E-05,18.9405,0
1.2636,3.356985E-05,18.954,0,1.2636,-5.136187E-05,18.954,0
1.2645,1.208515E-05,18.9675,0,1.2645,-3.356985E-06,18.9675,0
1.2654,2.21561E-05,18.981,0,1.2654,3.558404E-05,18.981,0
1.2663,1.409934E-05,18.9945,0,1.2663,-5.706874E-06,18.9945,0
1.2672,-8.728161E-06,19.008,0,1.2672,8.728161E-06,19.008,0
1.2681,-1.107805E-05,19.0215,0,1.2681,1.644922E-05,19.0215,0
1.269,1.846342E-05,19.035,0,1.269,-2.349889E-06,19.035,0
1.2699,3.457694E-05,19.0485,0,1.2699,9.063859E-06,19.0485,0
1.2708,2.18204E-05,19.062,0,1.2708,1.141375E-05,19.062,0
1.2717,-6.713969E-07,19.0755,0,1.2717,2.752728E-05,19.0755,0
1.2726,-7.318227E-05,19.089,0,1.2726,-3.356985E-06,19.089,0
1.2735,-7.150377E-05,19.1025,0,1.2735,-4.33051E-05,19.1025,0
1.2744,-5.069047E-05,19.116,0,1.2744,-6.881819E-05,19.116,0
1.2753,-3.894102E-05,19.1295,0,1.2753,-9.735256E-06,19.1295,0
1.2762,-4.599069E-05,19.143,0,1.2762,-2.21561E-05,19.143,0
1.2771,-1.779202E-05,19.1565,0,1.2771,-7.284657E-05,19.1565,0
1.278,5.706874E-06,19.17,0,1.278,-3.759823E-05,19.17,0
1.2789,3.558404E-05,19.1835,0,1.2789,-2.719158E-05,19.1835,0
1.2798,-2.047761E-05,19.197,0,1.2798,-7.888914E-05,19.197,0
1.2807,4.49836E-05,19.2105,0,1.2807,-5.136187E-05,19.2105,0
1.2816,3.457694E-05,19.224,0,1.2816,-1.107805E-05,19.224,0
1.2825,2.551309E-05,19.2375,0,1.2825,1.342794E-05,19.2375,0
1.2834,6.009003E-05,19.251,0,1.2834,-3.692683E-06,19.251,0
1.2843,4.196231E-05,19.2645,0,1.2843,-4.129091E-05,19.2645,0
1.2852,1.409934E-05,19.278,0,1.2852,-1.510643E-05,19.278,0
1.2861,1.712062E-05,19.2915,0,1.2861,1.040665E-05,19.2915,0
1.287,2.18204E-05,19.305,0,1.287,-8.392462E-06,19.305,0
1.2879,1.040665E-05,19.3185,0,1.2879,-2.383459E-05,19.3185,0
1.2888,-3.860533E-05,19.332,0,1.2888,-3.692683E-06,19.332,0
1.2897,-1.644922E-05,19.3455,0,1.2897,-5.035477E-06,19.3455,0
1.2906,-1.376364E-05,19.359,0,1.2906,-4.766919E-05,19.359,0
1.2915,-1.409934E-05,19.3725,0,1.2915,-2.652018E-05,19.3725,0
1.2924,4.699779E-06,19.386,0,1.2924,-2.920577E-05,19.386,0
1.2933,-2.047761E-05,19.3995,0,1.2933,-6.311131E-05,19.3995,0
1.2942,-6.948959E-05,19.413,0,1.2942,-4.196231E-05,19.413,0
1.2951,-6.311131E-05,19.4265,0,1.2951,-1.107805E-05,19.4265,0
1.296,-4.39765E-05,19.44,0,1.296,-1.779202E-05,19.44,0
1.2969,-2.517739E-05,19.4535,0,1.2969,1.174945E-05,19.4535,0
1.2978,6.042573E-06,19.467,0,1.2978,-4.028382E-06,19.467,0
1.2987,2.047761E-05,19.4805,0,1.2987,1.712062E-05,19.4805,0
1.2996,-2.383459E-05,19.494,0,1.2996,3.692683E-06,19.494,0
1.3005,-5.035477E-05,19.5075,0,1.3005,-4.129091E-05,19.5075,0
1.3014,-5.706874E-06,19.521,0,1.3014,-3.692683E-05,19.521,0
1.3023,-2.887007E-05,19.5345,0,1.3023,-7.049668E-06,19.5345,0
1.3032,-2.853437E-05,19.548,0,1.3032,-1.577783E-05,19.548,0
1.3041,0,19.5615,0,1.3041,-4.800488E-05,19.5615,0
1.305,-7.049668E-06,19.575,0,1.305,-1.275654E-05,19.575,0
1.3059,-4.699779E-06,19.5885,0,1.3059,1.309224E-05,19.5885,0
1.3068,1.174945E-05,19.602,0,1.3068,-1.409934E-05,19.602,0
1.3077,3.189136E-05,19.6155,0,1.3077,-4.33051E-05,19.6155,0
1.3086,9.735256E-06,19.629,0,1.3086,-2.18204E-05,19.629,0
1.3095,1.040665E-05,19.6425,0,1.3095,-3.121996E-05,19.6425,0
1.3104,-1.846342E-05,19.656,0,1.3104,-2.719158E-05,19.656,0
1.3113,4.39765E-05,19.6695,0,1.3113,0,19.6695,0
1.3122,1.007095E-06,19.683,0,1.3122,-1.510643E-05,19.683,0
1.3131,-7.486076E-05,19.6965,0,1.3131,-1.611353E-05,19.6965,0
1.314,-4.129091E-05,19.71,0,1.314,-2.316319E-05,19.71,0
1.3149,-2.887007E-05,19.7235,0,1.3149,-2.652018E-05,19.7235,0
1.3158,-4.196231E-05,19.737,0,1.3158,1.846342E-05,19.737,0
1.3167,-2.853437E-05,19.7505,0,1.3167,6.713969E-07,19.7505,0
1.3176,2.450599E-05,19.764,0,1.3176,-3.927672E-05,19.764,0
1.3185,2.652018E-05,19.7775,0,1.3185,3.021286E-06,19.7775,0
1.3194,-2.014191E-05,19.791,0,1.3194,-3.356985E-07,19.791,0
1.3203,-5.539025E-05,19.8045,0,1.3203,-3.994812E-05,19.8045,0
1.3212,-2.450599E-05,19.818,0,1.3212,-3.726253E-05,19.818,0
1.3221,-1.510643E-05,19.8315,0,1.3221,2.349889E-06,19.8315,0
1.323,-5.404745E-05,19.845,0,1.323,-1.208515E-05,19.845,0
1.3239,-7.385367E-05,19.8585,0,1.3239,-1.107805E-05,19.8585,0
1.3248,-3.726253E-05,19.872,0,1.3248,-5.404745E-05,19.872,0
1.3257,-3.356985E-06,19.8855,0,1.3257,-2.081331E-05,19.8855,0
1.3266,7.821774E-05,19.899,0,1.3266,6.042573E-06,19.899,0
1.3275,5.505455E-05,19.9125,0,1.3275,-2.24918E-05,19.9125,0
1.3284,6.076142E-05,19.926,0,1.3284,-5.606165E-05,19.926,0
1.3293,8.358892E-05,19.9395,0,1.3293,-5.706874E-06,19.9395,0
1.3302,7.318227E-05,19.953,0,1.3302,-1.242084E-05,19.953,0
1.3311,3.558404E-05,19.9665,0,1.3311,-6.076142E-05,19.9665,0
1.332,-9.735256E-06,19.98,0,1.332,-1.141375E-05,19.98,0
1.3329,-2.752728E-05,19.9935,0,1.3329,6.378271E-06,19.9935,0
1.3338,-3.659113E-05,20.007,0,1.3338,-3.088426E-05,20.007,0
1.3347,-3.591974E-05,20.0205,0,1.3347,-3.189136E-05,20.0205,0
1.3356,-3.793393E-05,20.034,0,1.3356,-1.712062E-05,20.034,0
1.3365,9.399558E-06,20.0475,0,1.3365,-7.721065E-06,20.0475,0
1.3374,1.007095E-05,20.061,0,1.3374,-1.376364E-05,20.061,0
1.3383,5.035477E-06,20.0745,0,1.3383,-3.222705E-05,20.0745,0
1.3392,-1.577783E-05,20.088,0,1.3392,-1.040665E-05,20.088,0
1.3401,-2.24918E-05,20.1015,0,1.3401,2.1149E-05,20.1015,0
1.341,-2.652018E-05,20.115,0,1.341,-1.644922E-05,20.115,0
1.3419,-3.659113E-05,20.1285,0,1.3419,-3.289845E-05,20.1285,0
1.3428,-5.035477E-05,20.142,0,1.3428,1.309224E-05,20.142,0
1.3437,3.356985E-06,20.1555,0,1.3437,6.713969E-07,20.1555,0
1.3446,4.800488E-05,20.169,0,1.3446,-5.740444E-05,20.169,0
1.3455,1.644922E-05,20.1825,0,1.3455,-3.390555E-05,20.1825,0
1.3464,2.1149E-05,20.196,0,1.3464,-1.745632E-05,20.196,0
1.3473,-1.477073E-05,20.2095,0,1.3473,-3.356985E-05,20.2095,0
1.3482,-4.800488E-05,20.223,0,1.3482,-3.121996E-05,20.223,0
1.3491,-4.33051E-05,20.2365,0,1.3491,-3.256275E-05,20.2365,0
1.35,-3.390555E-05,20.25,0,1.35,5.035477E-06,20.25,0
1.3509,-2.047761E-05,20.2635,0,1.3509,2.853437E-05,20.2635,0
1.3518,-1.712062E-05,20.277,0,1.3518,-3.491264E-05,20.277,0
1.3527,5.706874E-06,20.2905,0,1.3527,-3.054856E-05,20.2905,0
1.3536,2.853437E-05,20.304,0,1.3536,2.18204E-05,20.304,0
1.3545,-2.450599E-05,20.3175,0,1.3545,-3.356985E-07,20.3175,0
1.3554,5.035477E-06,20.331,0,1.3554,-1.174945E-05,20.331,0
1.3563,7.721065E-06,20.3445,0,1.3563,1.947051E-05,20.3445,0
1.3572,6.378271E-06,20.358,0,1.3572,8.392462E-06,20.358,0
1.3581,7.049668E-06,20.3715,0,1.3581,-9.130999E-05,20.3715,0
1.359,4.36408E-06,20.385,0,1.359,-6.109713E-05,20.385,0
1.3599,1.376364E-05,20.3985,0,1.3599,9.063859E-06,20.3985,0
1.3608,5.035477E-06,20.412,0,1.3608,-3.860533E-05,20.412,0
1.3617,2.1149E-05,20.4255,0,1.3617,-3.189136E-05,20.4255,0
1.3626,1.007095E-06,20.439,0,1.3626,-1.477073E-05,20.439,0
1.3635,-3.054856E-05,20.4525,0,1.3635,-2.383459E-05,20.4525,0
1.3644,-3.356985E-06,20.466,0,1.3644,-2.450599E-05,20.466,0
1.3653,3.692683E-06,20.4795,0,1.3653,-3.793393E-05,20.4795,0
1.3662,-2.887007E-05,20.493,0,1.3662,-9.735256E-06,20.493,0
1.3671,-4.49836E-05,20.5065,0,1.3671,2.484169E-05,20.5065,0
1.368,-1.443504E-05,20.52,0,1.368,-1.510643E-05,20.52,0
1.3689,-2.887007E-05,20.5335,0,1.3689,-3.894102E-05,20.5335,0
1.3698,-5.673304E-05,20.547,0,1.3698,2.349889E-06,20.547,0
1.3707,-5.706874E-05,20.5605,0,1.3707,-2.316319E-05,20.5605,0
1.3716,-4.968337E-05,20.574,0,1.3716,-4.934768E-05,20.574,0
1.3725,-9.063859E-06,20.5875,0,1.3725,-2.28275E-05,20.5875,0
1.3734,2.887007E-05,20.601,0,1.3734,-3.021286E-06,20.601,0
1.3743,2.349889E-05,20.6145,0,1.3743,-2.383459E-05,20.6145,0
1.3752,-8.392462E-06,20.628,0,1.3752,-8.056763E-06,20.628,0
1.3761,-1.107805E-05,20.6415,0,1.3761,4.36408E-06,20.6415,0
1.377,2.517739E-05,20.655,0,1.377,-2.819867E-05,20.655,0
1.3779,6.176852E-05,20.6685,0,1.3779,-2.987716E-05,20.6685,0
1.3788,3.054856E-05,20.682,0,1.3788,-3.424125E-05,20.682,0
1.3797,1.544213E-05,20.6955,0,1.3797,-2.853437E-05,20.6955,0
1.3806,2.584878E-05,20.709,0,1.3806,-1.577783E-05,20.709,0
1.3815,1.275654E-05,20.7225,0,1.3815,-3.256275E-05,20.7225,0
1.3824,-7.721065E-06,20.736,0,1.3824,-5.807584E-05,20.736,0
1.3833,-1.879912E-05,20.7495,0,1.3833,-5.371176E-06,20.7495,0
1.3842,-1.107805E-05,20.763,0,1.3842,-1.141375E-05,20.763,0
1.3851,1.712062E-05,20.7765,0,1.3851,-4.901198E-05,20.7765,0
1.386,-2.349889E-06,20.79,0,1.386,-8.392462E-06,20.79,0
1.3869,-2.652018E-05,20.8035,0,1.3869,1.846342E-05,20.8035,0
1.3878,-1.007095E-06,20.817,0,1.3878,-2.484169E-05,20.817,0
1.3887,-3.021286E-06,20.8305,0,1.3887,-2.349889E-05,20.8305,0
1.3896,-6.344701E-05,20.844,0,1.3896,-3.021286E-06,20.844,0
1.3905,-4.43122E-05,20.8575,0,1.3905,-7.721065E-06,20.8575,0
1.3914,-3.356985E-07,20.871,0,1.3914,-1.779202E-05,20.871,0
1.3923,1.040665E-05,20.8845,0,1.3923,-3.390555E-05,20.8845,0
1.3932,-7.049668E-06,20.898,0,1.3932,-9.063859E-06,20.898,0
1.3941,-2.28275E-05,20.9115,0,1.3941,2.652018E-05,20.9115,0
1.395,-5.740444E-05,20.925,0,1.395,-2.18204E-05,20.925,0
1.3959,-2.752728E-05,20.9385,0,1.3959,-3.054856E-05,20.9385,0
1.3968,-8.728161E-06,20.952,0,1.3968,6.042573E-06,20.952,0
1.3977,-3.021286E-06,20.9655,0,1.3977,-8.728161E-06,20.9655,0
1.3986,-6.378271E-06,20.979,0,1.3986,-5.438316E-05,20.979,0
1.3995,-1.611353E-05,20.9925,0,1.3995,-1.779202E-05,20.9925,0
1.4004,2.1149E-05,21.006,0,1.4004,4.028382E-06,21.006,0
1.4013,3.692683E-06,21.0195,0,1.4013,-3.054856E-05,21.0195,0
1.4022,2.719158E-05,21.033,0,1.4022,-3.121996E-05,21.033,0
1.4031,2.24918E-05,21.0465,0,1.4031,-5.706874E-06,21.0465,0
1.404,-3.021286E-06,21.06,0,1.404,-2.551309E-05,21.06,0
1.4049,-2.853437E-05,21.0735,0,1.4049,-3.961242E-05,21.0735,0
1.4058,-1.107805E-05,21.087,0,1.4058,-4.599069E-05,21.087,0
1.4067,-1.712062E-05,21.1005,0,1.4067,-3.021286E-05,21.1005,0
1.4076,-4.39765E-05,21.114,0,1.4076,-2.517739E-05,21.114,0
1.4085,-7.049668E-06,21.1275,0,1.4085,-2.920577E-05,21.1275,0
1.4094,1.007095E-05,21.141,0,1.4094,-3.692683E-05,21.141,0
1.4103,-2.047761E-05,21.1545,0,1.4103,-1.443504E-05,21.1545,0
1.4112,-2.920577E-05,21.168,0,1.4112,-1.577783E-05,21.168,0
1.4121,-3.390555E-05,21.1815,0,1.4121,-4.46479E-05,21.1815,0
1.413,-3.860533E-05,21.195,0,1.413,-4.36408E-06,21.195,0
1.4139,3.356985E-07,21.2085,0,1.4139,1.611353E-05,21.2085,0
1.4148,6.713969E-07,21.222,0,1.4148,-1.007095E-06,21.222,0
1.4157,1.980621E-05,21.2355,0,1.4157,9.735256E-06,21.2355,0
1.4166,2.517739E-05,21.249,0,1.4166,7.721065E-06,21.249,0
1.4175,4.028382E-06,21.2625,0,1.4175,-1.275654E-05,21.2625,0
1.4184,-2.685588E-06,21.276,0,1.4184,-2.24918E-05,21.276,0
1.4193,-1.678492E-06,21.2895,0,1.4193,-3.155566E-05,21.2895,0
1.4202,-1.342794E-05,21.303,0,1.4202,-1.376364E-05,21.303,0
1.4211,-4.43122E-05,21.3165,0,1.4211,-2.014191E-06,21.3165,0
1.422,-3.390555E-05,21.33,0,1.422,-2.719158E-05,21.33,0
1.4229,-4.699779E-06,21.3435,0,1.4229,-3.894102E-05,21.3435,0
1.4238,4.36408E-06,21.357,0,1.4238,-2.349889E-06,21.357,0
1.4247,8.392462E-06,21.3705,0,1.4247,-2.18204E-05,21.3705,0
1.4256,9.063859E-06,21.384,0,1.4256,-5.539025E-05,21.384,0
1.4265,-1.242084E-05,21.3975,0,1.4265,6.378271E-06,21.3975,0
1.4274,7.721065E-06,21.411,0,1.4274,-4.36408E-06,21.411,0
1.4283,3.524834E-05,21.4245,0,1.4283,-2.954147E-05,21.4245,0
1.4292,1.242084E-05,21.438,0,1.4292,-2.316319E-05,21.438,0
1.4301,-5.035477E-06,21.4515,0,1.4301,-7.721065E-06,21.4515,0
1.431,1.007095E-06,21.465,0,1.431,-1.443504E-05,21.465,0
1.4319,-2.21561E-05,21.4785,0,1.4319,-1.477073E-05,21.4785,0
1.4328,4.36408E-06,21.492,0,1.4328,-3.793393E-05,21.492,0
1.4337,-1.376364E-05,21.5055,0,1.4337,-1.275654E-05,21.5055,0
1.4346,-6.814679E-05,21.519,0,1.4346,-1.107805E-05,21.519,0
1.4355,-4.263371E-05,21.5325,0,1.4355,-2.853437E-05,21.5325,0
1.4364,-7.049668E-06,21.546,0,1.4364,-3.524834E-05,21.546,0
1.4373,-3.356985E-07,21.5595,0,1.4373,6.378271E-06,21.5595,0
1.4382,1.309224E-05,21.573,0,1.4382,1.174945E-05,21.573,0
1.4391,-7.385367E-06,21.5865,0,1.4391,-4.33051E-05,21.5865,0
1.44,-3.256275E-05,21.6,0,1.44,-2.081331E-05,21.6,0
1.4409,-2.14847E-05,21.6135,0,1.4409,-3.021286E-05,21.6135,0
1.4418,-2.652018E-05,21.627,0,1.4418,-7.150377E-05,21.627,0
1.4427,2.21561E-05,21.6405,0,1.4427,-4.39765E-05,21.6405,0
1.4436,1.443504E-05,21.654,0,1.4436,3.121996E-05,21.654,0
1.4445,1.712062E-05,21.6675,0,1.4445,4.666209E-05,21.6675,0
1.4454,1.007095E-06,21.681,0,1.4454,1.275654E-05,21.681,0
1.4463,2.987716E-05,21.6945,0,1.4463,2.517739E-05,21.6945,0
1.4472,3.323415E-05,21.708,0,1.4472,1.577783E-05,21.708,0
1.4481,-3.524834E-05,21.7215,0,1.4481,-2.819867E-05,21.7215,0
1.449,-3.659113E-05,21.735,0,1.449,-6.74754E-05,21.735,0
1.4499,1.040665E-05,21.7485,0,1.4499,-6.411841E-05,21.7485,0
1.4508,5.035477E-06,21.762,0,1.4508,9.063859E-06,21.762,0
1.4517,1.040665E-05,21.7755,0,1.4517,-1.477073E-05,21.7755,0
1.4526,1.174945E-05,21.789,0,1.4526,-5.807584E-05,21.789,0
1.4535,-1.913481E-05,21.8025,0,1.4535,-1.376364E-05,21.8025,0
1.4544,-2.652018E-05,21.816,0,1.4544,-3.021286E-06,21.816,0
1.4553,1.007095E-06,21.8295,0,1.4553,-3.390555E-05,21.8295,0
1.4562,3.054856E-05,21.843,0,1.4562,-2.719158E-05,21.843,0
1.4571,-2.383459E-05,21.8565,0,1.4571,-1.107805E-05,21.8565,0
1.458,-3.189136E-05,21.87,0,1.458,-1.342794E-05,21.87,0
1.4589,-8.392462E-06,21.8835,0,1.4589,-1.342794E-06,21.8835,0
1.4598,-1.510643E-05,21.897,0,1.4598,-1.644922E-05,21.897,0
1.4607,-4.53193E-05,21.9105,0,1.4607,-5.203327E-05,21.9105,0
1.4616,-3.927672E-05,21.924,0,1.4616,-1.409934E-05,21.924,0
1.4625,-1.913481E-05,21.9375,0,1.4625,-1.309224E-05,21.9375,0
1.4634,-2.383459E-05,21.951,0,1.4634,-6.210422E-05,21.951,0
1.4643,-6.076142E-05,21.9645,0,1.4643,-1.309224E-05,21.9645,0
1.4652,-4.39765E-05,21.978,0,1.4652,-8.392462E-06,21.978,0
1.4661,8.392462E-06,21.9915,0,1.4661,-5.841154E-05,21.9915,0
1.467,1.544213E-05,22.005,0,1.467,-1.678492E-06,22.005,0
1.4679,1.779202E-05,22.0185,0,1.4679,2.450599E-05,22.0185,0
1.4688,7.721065E-06,22.032,0,1.4688,-3.189136E-05,22.032,0
1.4697,1.040665E-05,22.0455,0,1.4697,-2.819867E-05,22.0455,0
1.4706,-3.356985E-07,22.059,0,1.4706,1.544213E-05,22.059,0
1.4715,-3.692683E-05,22.0725,0,1.4715,-7.385367E-06,22.0725,0
1.4724,-1.644922E-05,22.086,0,1.4724,-3.155566E-05,22.086,0
1.4733,-2.349889E-06,22.0995,0,1.4733,-4.666209E-05,22.0995,0
1.4742,-3.356985E-07,22.113,0,1.4742,-1.242084E-05,22.113,0
1.4751,3.390555E-05,22.1265,0,1.4751,-1.678492E-06,22.1265,0
1.476,4.699779E-06,22.14,0,1.476,-5.270466E-05,22.14,0
1.4769,-1.342794E-06,22.1535,0,1.4769,-6.948959E-05,22.1535,0
1.4778,-1.275654E-05,22.167,0,1.4778,-5.706874E-06,22.167,0
1.4787,-1.779202E-05,22.1805,0,1.4787,-9.735256E-06,22.1805,0
1.4796,5.035477E-06,22.194,0,1.4796,-5.471885E-05,22.194,0
1.4805,-3.356985E-07,22.2075,0,1.4805,-1.174945E-05,22.2075,0
1.4814,-1.242084E-05,22.221,0,1.4814,2.014191E-06,22.221,0
1.4823,-2.081331E-05,22.2345,0,1.4823,-3.591974E-05,22.2345,0
1.4832,3.793393E-05,22.248,0,1.4832,-5.035477E-06,22.248,0
1.4841,3.591974E-05,22.2615,0,1.4841,1.779202E-05,22.2615,0
1.485,-1.678492E-05,22.275,0,1.485,-1.577783E-05,22.275,0
1.4859,-4.39765E-05,22.2885,0,1.4859,-2.349889E-05,22.2885,0
1.4868,-1.577783E-05,22.302,0,1.4868,-2.719158E-05,22.302,0
1.4877,-3.356985E-07,22.3155,0,1.4877,-1.477073E-05,22.3155,0
1.4886,-3.155566E-05,22.329,0,1.4886,8.392462E-06,22.329,0
1.4895,-2.618448E-05,22.3425,0,1.4895,-1.577783E-05,22.3425,0
1.4904,2.349889E-06,22.356,0,1.4904,-3.323415E-05,22.356,0
1.4913,-2.24918E-05,22.3695,0,1.4913,2.383459E-05,22.3695,0
1.4922,7.721065E-06,22.383,0,1.4922,1.174945E-05,22.383,0
1.4931,1.376364E-05,22.3965,0,1.4931,-4.599069E-05,22.3965,0
1.494,1.007095E-06,22.41,0,1.494,7.385367E-06,22.41,0
1.4949,2.652018E-05,22.4235,0,1.4949,-1.141375E-05,22.4235,0
1.4958,3.323415E-05,22.437,0,1.4958,-5.304036E-05,22.437,0
1.4967,-1.947051E-05,22.4505,0,1.4967,-7.486076E-05,22.4505,0
1.4976,-6.243992E-05,22.464,0,1.4976,-2.517739E-05,22.464,0
1.4985,-2.18204E-05,22.4775,0,1.4985,-8.728161E-06,22.4775,0
1.4994,1.577783E-05,22.491,0,1.4994,-3.121996E-05,22.491,0
1.5003,-8.056763E-06,22.5045,0,1.5003,-4.968337E-05,22.5045,0
1.5012,3.356985E-06,22.518,0,1.5012,-1.644922E-05,22.518,0
1.5021,5.035477E-06,22.5315,0,1.5021,1.309224E-05,22.5315,0
1.503,-2.786297E-05,22.545,0,1.503,-1.712062E-05,22.545,0
1.5039,-2.652018E-05,22.5585,0,1.5039,-4.800488E-05,22.5585,0
1.5048,-2.316319E-05,22.572,0,1.5048,-6.713969E-06,22.572,0
1.5057,1.040665E-05,22.5855,0,1.5057,-3.021286E-06,22.5855,0
1.5066,4.061952E-05,22.599,0,1.5066,-5.035477E-05,22.599,0
1.5075,1.846342E-05,22.6125,0,1.5075,-1.678492E-06,22.6125,0
1.5084,-1.107805E-05,22.626,0,1.5084,-4.36408E-06,22.626,0
1.5093,1.376364E-05,22.6395,0,1.5093,-3.424125E-05,22.6395,0
1.5102,4.53193E-05,22.653,0,1.5102,-1.644922E-05,22.653,0
1.5111,1.242084E-05,22.6665,0,1.5111,-1.443504E-05,22.6665,0
1.512,-1.678492E-06,22.68,0,1.512,-4.196231E-05,22.68,0
1.5129,-1.007095E-06,22.6935,0,1.5129,-3.457694E-05,22.6935,0
1.5138,-1.376364E-05,22.707,0,1.5138,-3.524834E-05,22.707,0
1.5147,-5.471885E-05,22.7205,0,1.5147,-6.713969E-06,22.7205,0
1.5156,-2.685588E-05,22.734,0,1.5156,1.913481E-05,22.734,0
1.5165,2.014191E-05,22.7475,0,1.5165,-1.745632E-05,22.7475,0
1.5174,-2.685588E-06,22.761,0,1.5174,-3.289845E-05,22.761,0
1.5183,-3.591974E-05,22.7745,0,1.5183,1.174945E-05,22.7745,0
1.5192,-4.028382E-06,22.788,0,1.5192,6.713969E-06,22.788,0
1.5201,-1.477073E-05,22.8015,0,1.5201,-4.196231E-05,22.8015,0
1.521,-4.733349E-05,22.815,0,1.521,-5.035477E-06,22.815,0
1.5219,2.652018E-05,22.8285,0,1.5219,-4.36408E-06,22.8285,0
1.5228,3.356985E-07,22.842,0,1.5228,-4.901198E-05,22.842,0
1.5237,-3.927672E-05,22.8555,0,1.5237,-2.349889E-05,22.8555,0
1.5246,-3.491264E-05,22.869,0,1.5246,3.692683E-06,22.869,0
1.5255,-2.450599E-05,22.8825,0,1.5255,-3.692683E-06,22.8825,0
1.5264,-3.054856E-05,22.896,0,1.5264,-9.063859E-06,22.896,0
1.5273,-4.800488E-05,22.9095,0,1.5273,-1.980621E-05,22.9095,0
1.5282,-2.584878E-05,22.923,0,1.5282,-7.721065E-06,22.923,0
1.5291,-5.941863E-05,22.9365,0,1.5291,-1.309224E-05,22.9365,0
1.53,-3.524834E-05,22.95,0,1.53,-3.054856E-05,22.95,0
1.5309,-6.713969E-06,22.9635,0,1.5309,-4.095522E-05,22.9635,0
1.5318,-1.376364E-05,22.977,0,1.5318,-5.035477E-06,22.977,0
1.5327,-5.706874E-06,22.9905,0,1.5327,-1.779202E-05,22.9905,0
1.5336,1.409934E-05,23.004,0,1.5336,-5.270466E-05,23.004,0
1.5345,-2.014191E-06,23.0175,0,1.5345,-1.678492E-06,23.0175,0
1.5354,1.510643E-05,23.031,0,1.5354,3.021286E-06,23.031,0
1.5363,1.846342E-05,23.0445,0,1.5363,-3.994812E-05,23.0445,0
1.5372,2.349889E-06,23.058,0,1.5372,-1.980621E-05,23.058,0
1.5381,1.007095E-06,23.0715,0,1.5381,-5.035477E-06,23.0715,0
1.539,1.342794E-06,23.085,0,1.539,-1.712062E-05,23.085,0
1.5399,1.443504E-05,23.0985,0,1.5399,-1.242084E-05,23.0985,0
1.5408,1.443504E-05,23.112,0,1.5408,-5.941863E-05,23.112,0
1.5417,-2.450599E-05,23.1255,0,1.5417,-6.076142E-05,23.1255,0
1.5426,7.721065E-06,23.139,0,1.5426,-4.263371E-05,23.139,0
1.5435,1.443504E-05,23.1525,0,1.5435,-2.047761E-05,23.1525,0
1.5444,4.36408E-05,23.166,0,1.5444,5.035477E-06,23.166,0
1.5453,2.719158E-05,23.1795,0,1.5453,8.090334E-05,23.1795,0
1.5462,-3.591974E-05,23.193,0,1.5462,5.001907E-05,23.193,0
1.5471,-3.591974E-05,23.2065,0,1.5471,-3.927672E-05,23.2065,0
1.548,1.007095E-06,23.22,0,1.548,-3.356985E-05,23.22,0
1.5489,-5.035477E-06,23.2335,0,1.5489,-1.913481E-05,23.2335,0
1.5498,-2.853437E-05,23.247,0,1.5498,-4.263371E-05,23.247,0
1.5507,-1.174945E-05,23.2605,0,1.5507,-5.606165E-05,23.2605,0
1.5516,2.484169E-05,23.274,0,1.5516,1.242084E-05,23.274,0
1.5525,-2.316319E-05,23.2875,0,1.5525,-1.678492E-06,23.2875,0
1.5534,-3.927672E-05,23.301,0,1.5534,-2.551309E-05,23.301,0
1.5543,-6.378271E-06,23.3145,0,1.5543,-4.599069E-05,23.3145,0
1.5552,-7.721065E-06,23.328,0,1.5552,-2.18204E-05,23.328,0
1.5561,1.007095E-05,23.3415,0,1.5561,-1.577783E-05,23.3415,0
1.557,1.544213E-05,23.355,0,1.557,-3.793393E-05,23.355,0
1.5579,7.385367E-06,23.3685,0,1.5579,-5.807584E-05,23.3685,0
1.5588,-3.726253E-05,23.382,0,1.5588,-3.390555E-05,23.382,0
1.5597,-1.275654E-05,23.3955,0,1.5597,-5.069047E-05,23.3955,0
1.5606,1.242084E-05,23.409,0,1.5606,-7.217517E-05,23.409,0
1.5615,-5.706874E-06,23.4225,0,1.5615,-5.706874E-06,23.4225,0
1.5624,-7.049668E-06,23.436,0,1.5624,4.800488E-05,23.436,0
1.5633,2.349889E-06,23.4495,0,1.5633,1.544213E-05,23.4495,0
1.5642,-5.270466E-05,23.463,0,1.5642,-1.947051E-05,23.463,0
1.5651,-5.136187E-05,23.4765,0,1.5651,-9.399558E-06,23.4765,0
1.566,4.36408E-06,23.49,0,1.566,-5.035477E-06,23.49,0
1.5669,-2.316319E-05,23.5035,0,1.5669,-2.383459E-05,23.5035,0
1.5678,-2.047761E-05,23.517,0,1.5678,-4.632639E-05,23.517,0
1.5687,1.678492E-05,23.5305,0,1.5687,-1.141375E-05,23.5305,0
1.5696,4.800488E-05,23.544,0,1.5696,1.980621E-05,23.544,0
1.5705,3.121996E-05,23.5575,0,1.5705,6.378271E-06,23.5575,0
1.5714,2.584878E-05,23.571,0,1.5714,-3.457694E-05,23.571,0
1.5723,-1.007095E-06,23.5845,0,1.5723,-1.510643E-05,23.5845,0
1.5732,-5.035477E-06,23.598,0,1.5732,-8.392462E-06,23.598,0
1.5741,-4.36408E-06,23.6115,0,1.5741,-4.632639E-05,23.6115,0
1.575,3.356985E-07,23.625,0,1.575,0,23.625,0
1.5759,-2.28275E-05,23.6385,0,1.5759,1.242084E-05,23.6385,0
1.5768,-1.913481E-05,23.652,0,1.5768,-2.484169E-05,23.652,0
1.5777,9.063859E-06,23.6655,0,1.5777,-3.524834E-05,23.6655,0
1.5786,-1.913481E-05,23.679,0,1.5786,6.378271E-06,23.679,0
1.5795,-3.994812E-05,23.6925,0,1.5795,-6.378271E-06,23.6925,0
1.5804,-3.591974E-05,23.706,0,1.5804,-4.53193E-05,23.706,0
1.5813,-2.517739E-05,23.7195,0,1.5813,-4.901198E-05,23.7195,0
1.5822,-2.987716E-05,23.733,0,1.5822,-2.18204E-05,23.733,0
1.5831,-6.243992E-05,23.7465,0,1.5831,-1.913481E-05,23.7465,0
1.584,-4.49836E-05,23.76,0,1.584,-4.968337E-05,23.76,0
1.5849,2.24918E-05,23.7735,0,1.5849,-5.471885E-05,23.7735,0
1.5858,3.860533E-05,23.787,0,1.5858,5.706874E-06,23.787,0
1.5867,-5.706874E-06,23.8005,0,1.5867,-1.107805E-05,23.8005,0
1.5876,-1.107805E-05,23.814,0,1.5876,-5.270466E-05,23.814,0
1.5885,-2.24918E-05,23.8275,0,1.5885,-1.107805E-05,23.8275,0
1.5894,1.040665E-05,23.841,0,1.5894,2.047761E-05,23.841,0
1.5903,1.644922E-05,23.8545,0,1.5903,-8.392462E-06,23.8545,0
1.5912,1.409934E-05,23.868,0,1.5912,-1.745632E-05,23.868,0
1.5921,-1.107805E-05,23.8815,0,1.5921,-6.042573E-06,23.8815,0
1.593,-7.721065E-06,23.895,0,1.593,-4.028382E-06,23.895,0
1.5939,1.510643E-05,23.9085,0,1.5939,-3.692683E-06,23.9085,0
1.5948,4.263371E-05,23.922,0,1.5948,-2.014191E-05,23.922,0
1.5957,4.53193E-05,23.9355,0,1.5957,-3.356985E-07,23.9355,0
1.5966,6.109713E-05,23.949,0,1.5966,-7.385367E-06,23.949,0
1.5975,5.941863E-05,23.9625,0,1.5975,-3.256275E-05,23.9625,0
1.5984,1.174945E-05,23.976,0,1.5984,-3.726253E-05,23.976,0
1.5993,-5.673304E-05,23.9895,0,1.5993,-7.049668E-06,23.9895,0
1.6002,-1.644922E-05,24.003,0,1.6002,-2.450599E-05,24.003,0
1.6011,2.014191E-06,24.0165,0,1.6011,-6.176852E-05,24.0165,0
1.602,-1.309224E-05,24.03,0,1.602,-1.947051E-05,24.03,0
1.6029,-1.644922E-05,24.0435,0,1.6029,4.699779E-06,24.0435,0
1.6038,-6.6804E-05,24.057,0,1.6038,-2.920577E-05,24.057,0
1.6047,-5.539025E-05,24.0705,0,1.6047,-3.524834E-05,24.0705,0
1.6056,-3.256275E-05,24.084,0,1.6056,-5.035477E-06,24.084,0
1.6065,-3.189136E-05,24.0975,0,1.6065,-1.544213E-05,24.0975,0
1.6074,-4.33051E-05,24.111,0,1.6074,-1.443504E-05,24.111,0
1.6083,-2.18204E-05,24.1245,0,1.6083,-2.517739E-05,24.1245,0
1.6092,1.007095E-06,24.138,0,1.6092,-1.309224E-05,24.138,0
1.6101,-1.712062E-05,24.1515,0,1.6101,-1.980621E-05,24.1515,0
1.611,-2.719158E-05,24.165,0,1.611,-3.558404E-05,24.165,0
1.6119,3.457694E-05,24.1785,0,1.6119,-4.061952E-05,24.1785,0
1.6128,-7.049668E-06,24.192,0,1.6128,-7.385367E-06,24.192,0
1.6137,-1.074235E-05,24.2055,0,1.6137,-2.1149E-05,24.2055,0
1.6146,1.644922E-05,24.219,0,1.6146,-4.196231E-05,24.219,0
1.6155,-3.256275E-05,24.2325,0,1.6155,-4.028382E-06,24.2325,0
1.6164,-1.644922E-05,24.246,0,1.6164,1.510643E-05,24.246,0
1.6173,2.349889E-06,24.2595,0,1.6173,-7.721065E-06,24.2595,0
1.6182,4.766919E-05,24.273,0,1.6182,-1.007095E-06,24.273,0
1.6191,1.947051E-05,24.2865,0,1.6191,-3.021286E-06,24.2865,0
1.62,3.692683E-06,24.3,0,1.62,-2.853437E-05,24.3,0
1.6209,2.652018E-05,24.3135,0,1.6209,-2.316319E-05,24.3135,0
1.6218,6.378271E-06,24.327,0,1.6218,-4.46479E-05,24.327,0
1.6227,-1.040665E-05,24.3405,0,1.6227,-2.484169E-05,24.3405,0
1.6236,-1.812772E-05,24.354,0,1.6236,-4.36408E-06,24.354,0
1.6245,-4.33051E-05,24.3675,0,1.6245,-2.719158E-05,24.3675,0
1.6254,-5.404745E-05,24.381,0,1.6254,-2.1149E-05,24.381,0
1.6263,-9.063859E-06,24.3945,0,1.6263,3.524834E-05,24.3945,0
1.6272,1.007095E-05,24.408,0,1.6272,2.18204E-05,24.408,0
1.6281,-3.927672E-05,24.4215,0,1.6281,-4.666209E-05,24.4215,0
1.629,-7.418937E-05,24.435,0,1.629,-4.196231E-05,24.435,0
1.6299,-1.275654E-05,24.4485,0,1.6299,-9.399558E-06,24.4485,0
1.6308,9.735256E-06,24.462,0,1.6308,-2.853437E-05,24.462,0
1.6317,-6.713969E-07,24.4755,0,1.6317,-3.457694E-05,24.4755,0
1.6326,1.007095E-05,24.489,0,1.6326,-6.378271E-06,24.489,0
1.6335,1.007095E-06,24.5025,0,1.6335,-1.107805E-05,24.5025,0
1.6344,-8.056763E-06,24.516,0,1.6344,-2.887007E-05,24.516,0
1.6353,-8.392462E-06,24.5295,0,1.6353,-3.256275E-05,24.5295,0
1.6362,-4.36408E-06,24.543,0,1.6362,-2.21561E-05,24.543,0
1.6371,-3.424125E-05,24.5565,0,1.6371,-2.349889E-05,24.5565,0
1.638,1.376364E-05,24.57,0,1.638,-3.256275E-05,24.57,0
1.6389,6.378271E-06,24.5835,0,1.6389,-4.599069E-05,24.5835,0
1.6398,-1.812772E-05,24.597,0,1.6398,-2.18204E-05,24.597,0
1.6407,0,24.6105,0,1.6407,-3.994812E-05,24.6105,0
1.6416,1.913481E-05,24.624,0,1.6416,-6.915389E-05,24.624,0
1.6425,9.063859E-06,24.6375,0,1.6425,-1.208515E-05,24.6375,0
1.6434,4.699779E-06,24.651,0,1.6434,-1.174945E-05,24.651,0
1.6443,-1.174945E-05,24.6645,0,1.6443,-4.33051E-05,24.6645,0
1.6452,-2.047761E-05,24.678,0,1.6452,-2.786297E-05,24.678,0
1.6461,-4.028382E-06,24.6915,0,1.6461,9.735256E-06,24.6915,0
1.647,-1.913481E-05,24.705,0,1.647,3.021286E-06,24.705,0
1.6479,-5.606165E-05,24.7185,0,1.6479,-8.728161E-06,24.7185,0
1.6488,-3.256275E-05,24.732,0,1.6488,-3.155566E-05,24.732,0
1.6497,2.685588E-06,24.7455,0,1.6497,-1.678492E-06,24.7455,0
1.6506,1.040665E-05,24.759,0,1.6506,1.309224E-05,24.759,0
1.6515,-2.652018E-05,24.7725,0,1.6515,-3.793393E-05,24.7725,0
1.6524,-1.947051E-05,24.786,0,1.6524,-6.51255E-05,24.786,0
1.6533,-3.793393E-05,24.7995,0,1.6533,-1.980621E-05,24.7995,0
1.6542,-3.826963E-05,24.813,0,1.6542,-1.846342E-05,24.813,0
1.6551,1.007095E-06,24.8265,0,1.6551,-2.920577E-05,24.8265,0
1.656,1.712062E-05,24.84,0,1.656,5.304036E-05,24.84,0
1.6569,2.954147E-05,24.8535,0,1.6569,2.349889E-05,24.8535,0
1.6578,4.666209E-05,24.867,0,1.6578,-1.980621E-05,24.867,0
1.6587,8.560311E-05,24.8805,0,1.6587,3.021286E-06,24.8805,0
1.6596,7.721065E-06,24.894,0,1.6596,2.887007E-05,24.894,0
1.6605,-3.323415E-05,24.9075,0,1.6605,-3.356985E-07,24.9075,0
1.6614,-1.779202E-05,24.921,0,1.6614,2.047761E-05,24.921,0
1.6623,1.712062E-05,24.9345,0,1.6623,-8.392462E-06,24.9345,0
1.6632,-2.450599E-05,24.948,0,1.6632,-3.927672E-05,24.948,0
1.6641,-6.143282E-05,24.9615,0,1.6641,-1.376364E-05,24.9615,0
1.665,-1.342794E-05,24.975,0,1.665,-1.275654E-05,24.975,0
1.6659,5.371176E-06,24.9885,0,1.6659,-2.551309E-05,24.9885,0
1.6668,1.007095E-06,25.002,0,1.6668,-1.779202E-05,25.002,0
1.6677,1.712062E-05,25.0155,0,1.6677,-2.719158E-05,25.0155,0
1.6686,3.189136E-05,25.029,0,1.6686,-5.203327E-05,25.029,0
1.6695,1.007095E-05,25.0425,0,1.6695,-1.510643E-05,25.0425,0
1.6704,1.309224E-05,25.056,0,1.6704,-3.390555E-05,25.056,0
1.6713,-2.349889E-05,25.0695,0,1.6713,-6.277562E-05,25.0695,0
1.6722,-4.196231E-05,25.083,0,1.6722,-7.418937E-05,25.083,0
1.6731,-2.652018E-05,25.0965,0,1.6731,-5.136187E-05,25.0965,0
1.674,-1.779202E-05,25.11,0,1.674,-4.867628E-05,25.11,0
1.6749,-3.457694E-05,25.1235,0,1.6749,-4.196231E-05,25.1235,0
1.6758,-9.735256E-06,25.137,0,1.6758,-3.491264E-05,25.137,0
1.6767,9.063859E-06,25.1505,0,1.6767,-6.042573E-06,25.1505,0
1.6776,-1.577783E-05,25.164,0,1.6776,3.927672E-05,25.164,0
1.6785,-2.047761E-05,25.1775,0,1.6785,4.53193E-05,25.1775,0
1.6794,1.242084E-05,25.191,0,1.6794,-8.056763E-06,25.191,0
1.6803,-6.042573E-06,25.2045,0,1.6803,1.913481E-05,25.2045,0
1.6812,-8.392462E-06,25.218,0,1.6812,-4.36408E-06,25.218,0
1.6821,1.779202E-05,25.2315,0,1.6821,-8.123904E-05,25.2315,0
1.683,-1.846342E-05,25.245,0,1.683,-3.994812E-05,25.245,0
1.6839,-5.706874E-06,25.2585,0,1.6839,-2.450599E-05,25.2585,0
1.6848,5.706874E-06,25.272,0,1.6848,-3.591974E-05,25.272,0
1.6857,7.049668E-06,25.2855,0,1.6857,-2.383459E-05,25.2855,0
1.6866,-3.692683E-05,25.299,0,1.6866,-1.712062E-05,25.299,0
1.6875,-1.376364E-05,25.3125,0,1.6875,-2.28275E-05,25.3125,0
1.6884,1.007095E-05,25.326,0,1.6884,-2.383459E-05,25.326,0
1.6893,1.309224E-05,25.3395,0,1.6893,-2.618448E-05,25.3395,0
1.6902,2.450599E-05,25.353,0,1.6902,-3.356985E-07,25.353,0
1.6911,-1.040665E-05,25.3665,0,1.6911,-1.007095E-06,25.3665,0
1.692,-8.392462E-06,25.38,0,1.692,-2.719158E-05,25.38,0
1.6929,1.577783E-05,25.3935,0,1.6929,-3.155566E-05,25.3935,0
1.6938,3.021286E-06,25.407,0,1.6938,0,25.407,0
1.6947,-1.477073E-05,25.4205,0,1.6947,-6.378271E-06,25.4205,0
1.6956,-1.913481E-05,25.434,0,1.6956,-4.49836E-05,25.434,0
1.6965,-1.510643E-05,25.4475,0,1.6965,-1.644922E-05,25.4475,0
1.6974,-1.007095E-06,25.461,0,1.6974,1.443504E-05,25.461,0
1.6983,-3.692683E-06,25.4745,0,1.6983,-1.913481E-05,25.4745,0
1.6992,-6.378271E-06,25.488,0,1.6992,1.007095E-06,25.488,0
1.7001,-4.36408E-05,25.5015,0,1.7001,7.721065E-06,25.5015,0
1.701,-2.28275E-05,25.515,0,1.701,-1.678492E-06,25.515,0
1.7019,-9.399558E-06,25.5285,0,1.7019,-3.356985E-06,25.5285,0
1.7028,-3.189136E-05,25.542,0,1.7028,-4.263371E-05,25.542,0
1.7037,-4.36408E-06,25.5555,0,1.7037,-2.786297E-05,25.5555,0
1.7046,-1.980621E-05,25.569,0,1.7046,-1.443504E-05,25.569,0
1.7055,-3.524834E-05,25.5825,0,1.7055,-4.39765E-05,25.5825,0
1.7064,-1.980621E-05,25.596,0,1.7064,-4.632639E-05,25.596,0
1.7073,-3.457694E-05,25.6095,0,1.7073,1.007095E-06,25.6095,0
1.7082,-5.706874E-06,25.623,0,1.7082,5.035477E-06,25.623,0
1.7091,-1.913481E-05,25.6365,0,1.7091,-5.941863E-05,25.6365,0
1.71,-1.712062E-05,25.65,0,1.71,-2.517739E-05,25.65,0
1.7109,5.673304E-05,25.6635,0,1.7109,1.846342E-05,25.6635,0
1.7118,2.21561E-05,25.677,0,1.7118,-2.752728E-05,25.677,0
1.7127,-1.107805E-05,25.6905,0,1.7127,-3.659113E-05,25.6905,0
1.7136,2.685588E-06,25.704,0,1.7136,-4.36408E-06,25.704,0
1.7145,-1.376364E-05,25.7175,0,1.7145,-1.846342E-05,25.7175,0
1.7154,-3.088426E-05,25.731,0,1.7154,-3.424125E-05,25.731,0
1.7163,-4.36408E-06,25.7445,0,1.7163,-3.994812E-05,25.7445,0
1.7172,1.644922E-05,25.758,0,1.7172,-1.477073E-05,25.758,0
1.7181,-6.378271E-06,25.7715,0,1.7181,8.392462E-06,25.7715,0
1.719,-6.042573E-06,25.785,0,1.719,-1.107805E-05,25.785,0
1.7199,3.994812E-05,25.7985,0,1.7199,-4.599069E-05,25.7985,0
1.7208,-6.378271E-06,25.812,0,1.7208,-1.510643E-05,25.812,0
1.7217,-2.383459E-05,25.8255,0,1.7217,-2.786297E-05,25.8255,0
1.7226,2.1149E-05,25.839,0,1.7226,-5.404745E-05,25.839,0
1.7235,1.947051E-05,25.8525,0,1.7235,1.913481E-05,25.8525,0
1.7244,-2.618448E-05,25.866,0,1.7244,6.042573E-06,25.866,0
1.7253,-4.229801E-05,25.8795,0,1.7253,-4.36408E-05,25.8795,0
1.7262,-2.652018E-05,25.893,0,1.7262,-6.042573E-06,25.893,0
1.7271,-3.726253E-05,25.9065,0,1.7271,6.378271E-06,25.9065,0
1.728,-2.450599E-05,25.92,0,1.728,5.035477E-06,25.92,0
1.7289,-7.049668E-06,25.9335,0,1.7289,-1.443504E-05,25.9335,0
1.7298,1.141375E-05,25.947,0,1.7298,-4.162661E-05,25.947,0
1.7307,3.021286E-06,25.9605,0,1.7307,-1.242084E-05,25.9605,0
1.7316,3.121996E-05,25.974,0,1.7316,-1.242084E-05,25.974,0
1.7325,2.920577E-05,25.9875,0,1.7325,-4.196231E-05,25.9875,0
1.7334,2.349889E-06,26.001,0,1.7334,-4.49836E-05,26.001,0
1.7343,-9.735256E-06,26.0145,0,1.7343,-7.721065E-06,26.0145,0
1.7352,-2.618448E-05,26.028,0,1.7352,-9.063859E-06,26.028,0
1.7361,-2.652018E-05,26.0415,0,1.7361,-5.337606E-05,26.0415,0
1.737,-4.934768E-05,26.055,0,1.737,-2.652018E-05,26.055,0
1.7379,-4.46479E-05,26.0685,0,1.7379,6.713969E-06,26.0685,0
1.7388,-2.618448E-05,26.082,0,1.7388,-3.289845E-05,26.082,0
1.7397,-4.699779E-06,26.0955,0,1.7397,-3.356985E-05,26.0955,0
1.7406,2.24918E-05,26.109,0,1.7406,3.021286E-06,26.109,0
1.7415,2.349889E-05,26.1225,0,1.7415,-1.678492E-06,26.1225,0
1.7424,4.061952E-05,26.136,0,1.7424,-1.510643E-05,26.136,0
1.7433,6.948959E-05,26.1495,0,1.7433,-2.551309E-05,26.1495,0
1.7442,-6.713969E-07,26.163,0,1.7442,-1.846342E-05,26.163,0
1.7451,-4.934768E-05,26.1765,0,1.7451,-6.713969E-07,26.1765,0
1.746,-1.577783E-05,26.19,0,1.746,-1.779202E-05,26.19,0
1.7469,-2.047761E-05,26.2035,0,1.7469,-1.443504E-05,26.2035,0
1.7478,-2.081331E-05,26.217,0,1.7478,8.728161E-06,26.217,0
1.7487,-1.342794E-06,26.2305,0,1.7487,-2.18204E-05,26.2305,0
1.7496,-1.443504E-05,26.244,0,1.7496,-5.337606E-05,26.244,0
1.7505,-2.014191E-05,26.2575,0,1.7505,-6.713969E-07,26.2575,0
1.7514,6.378271E-06,26.271,0,1.7514,-5.035477E-06,26.271,0
1.7523,-1.107805E-05,26.2845,0,1.7523,-3.390555E-05,26.2845,0
1.7532,-4.733349E-05,26.298,0,1.7532,-2.652018E-05,26.298,0
1.7541,-1.678492E-05,26.3115,0,1.7541,-1.678492E-06,26.3115,0
1.755,7.721065E-06,26.325,0,1.755,-7.049668E-06,26.325,0
1.7559,-1.879912E-05,26.3385,0,1.7559,-2.719158E-05,26.3385,0
1.7568,-5.035477E-06,26.352,0,1.7568,-6.243992E-05,26.352,0
1.7577,5.941863E-05,26.3655,0,1.7577,-2.417029E-05,26.3655,0
1.7586,3.323415E-05,26.379,0,1.7586,-3.356985E-07,26.379,0
1.7595,3.692683E-06,26.3925,0,1.7595,-1.644922E-05,26.3925,0
1.7604,7.049668E-06,26.406,0,1.7604,-3.793393E-05,26.406,0
1.7613,-7.721065E-06,26.4195,0,1.7613,8.392462E-06,26.4195,0
1.7622,-3.323415E-05,26.433,0,1.7622,-7.721065E-06,26.433,0
1.7631,5.706874E-06,26.4465,0,1.7631,-5.841154E-05,26.4465,0
1.764,-5.639734E-05,26.46,0,1.764,-3.524834E-05,26.46,0
1.7649,-5.774014E-05,26.4735,0,1.7649,-1.510643E-05,26.4735,0
1.7658,-2.853437E-05,26.487,0,1.7658,-5.639734E-05,26.487,0
1.7667,-1.275654E-05,26.5005,0,1.7667,-2.987716E-05,26.5005,0
1.7676,-2.450599E-05,26.514,0,1.7676,4.867628E-05,26.514,0
1.7685,5.035477E-06,26.5275,0,1.7685,1.678492E-06,26.5275,0
1.7694,5.673304E-05,26.541,0,1.7694,-3.491264E-05,26.541,0
1.7703,4.263371E-05,26.5545,0,1.7703,-4.632639E-05,26.5545,0
1.7712,2.24918E-05,26.568,0,1.7712,-1.409934E-05,26.568,0
1.7721,2.920577E-05,26.5815,0,1.7721,1.040665E-05,26.5815,0
1.773,4.699779E-06,26.595,0,1.773,1.007095E-06,26.595,0
1.7739,5.706874E-06,26.6085,0,1.7739,7.385367E-06,26.6085,0
1.7748,1.577783E-05,26.622,0,1.7748,6.411841E-05,26.622,0
1.7757,-3.793393E-05,26.6355,0,1.7757,-1.141375E-05,26.6355,0
1.7766,-4.46479E-05,26.649,0,1.7766,-7.956054E-05,26.649,0
1.7775,-2.014191E-06,26.6625,0,1.7775,-4.733349E-05,26.6625,0
1.7784,-1.980621E-05,26.676,0,1.7784,-2.853437E-05,26.676,0
1.7793,-3.390555E-05,26.6895,0,1.7793,-5.069047E-05,26.6895,0
1.7802,-4.061952E-05,26.703,0,1.7802,-4.901198E-05,26.703,0
1.7811,-3.692683E-05,26.7165,0,1.7811,-6.378271E-06,26.7165,0
1.782,-3.424125E-05,26.73,0,1.782,-1.275654E-05,26.73,0
1.7829,-1.409934E-05,26.7435,0,1.7829,-1.242084E-05,26.7435,0
1.7838,1.007095E-06,26.757,0,1.7838,-3.323415E-05,26.757,0
1.7847,-1.779202E-05,26.7705,0,1.7847,-1.947051E-05,26.7705,0
1.7856,-4.934768E-05,26.784,0,1.7856,-1.376364E-05,26.784,0
1.7865,-3.591974E-05,26.7975,0,1.7865,-3.894102E-05,26.7975,0
1.7874,-1.443504E-05,26.811,0,1.7874,-5.438316E-05,26.811,0
1.7883,-3.692683E-05,26.8245,0,1.7883,-6.713969E-07,26.8245,0
1.7892,-3.256275E-05,26.838,0,1.7892,-2.316319E-05,26.838,0
1.7901,-1.376364E-05,26.8515,0,1.7901,-6.51255E-05,26.8515,0
1.791,-1.879912E-05,26.865,0,1.791,-1.007095E-06,26.865,0
1.7919,4.800488E-05,26.8785,0,1.7919,3.054856E-05,26.8785,0
1.7928,7.687495E-05,26.892,0,1.7928,-9.735256E-06,26.892,0
1.7937,-1.007095E-06,26.9055,0,1.7937,-3.793393E-05,26.9055,0
1.7946,2.349889E-06,26.919,0,1.7946,1.678492E-06,26.919,0
1.7955,-1.644922E-05,26.9325,0,1.7955,4.028382E-06,26.9325,0
1.7964,-1.812772E-05,26.946,0,1.7964,-2.047761E-05,26.946,0
1.7973,1.678492E-06,26.9595,0,1.7973,-4.968337E-05,26.9595,0
1.7982,-3.356985E-07,26.973,0,1.7982,-2.18204E-05,26.973,0
1.7991,7.385367E-06,26.9865,0,1.7991,-2.18204E-05,26.9865,0
1.8,7.418937E-05,27,0,1.8,-4.028382E-05,27,0
1.8009,5.673304E-05,27.0135,0,1.8009,-9.735256E-06,27.0135,0
1.8018,1.510643E-05,27.027,0,1.8018,7.351797E-05,27.027,0
1.8027,-1.879912E-05,27.0405,0,1.8027,1.007095E-05,27.0405,0
1.8036,1.007095E-06,27.054,0,1.8036,-4.666209E-05,27.054,0
1.8045,-1.409934E-05,27.0675,0,1.8045,-7.721065E-06,27.0675,0
1.8054,-5.539025E-05,27.081,0,1.8054,-2.014191E-06,27.081,0
1.8063,-3.457694E-05,27.0945,0,1.8063,-3.726253E-05,27.0945,0
1.8072,-1.947051E-05,27.108,0,1.8072,-3.121996E-05,27.108,0
1.8081,-4.33051E-05,27.1215,0,1.8081,-6.713969E-07,27.1215,0
1.809,-2.719158E-05,27.135,0,1.809,-6.378271E-06,27.135,0
1.8099,6.378271E-06,27.1485,0,1.8099,-1.644922E-05,27.1485,0
1.8108,2.551309E-05,27.162,0,1.8108,-2.920577E-05,27.162,0
1.8117,1.678492E-05,27.1755,0,1.8117,-9.735256E-06,27.1755,0
1.8126,-7.049668E-06,27.189,0,1.8126,0,27.189,0
1.8135,-5.337606E-05,27.2025,0,1.8135,-3.659113E-05,27.2025,0
1.8144,-4.49836E-05,27.216,0,1.8144,-5.505455E-05,27.216,0
1.8153,-3.558404E-05,27.2295,0,1.8153,-4.028382E-06,27.2295,0
1.8162,-2.920577E-05,27.243,0,1.8162,-1.040665E-05,27.243,0
1.8171,-1.275654E-05,27.2565,0,1.8171,-4.196231E-05,27.2565,0
1.818,-1.644922E-05,27.27,0,1.818,-4.699779E-06,27.27,0
1.8189,-3.356985E-07,27.2835,0,1.8189,8.392462E-06,27.2835,0
1.8198,-3.356985E-07,27.297,0,1.8198,-3.659113E-05,27.297,0
1.8207,1.678492E-06,27.3105,0,1.8207,-4.53193E-05,27.3105,0
1.8216,-2.484169E-05,27.324,0,1.8216,-1.745632E-05,27.324,0
1.8225,-1.712062E-05,27.3375,0,1.8225,-2.853437E-05,27.3375,0
1.8234,-1.074235E-05,27.351,0,1.8234,-3.155566E-05,27.351,0
1.8243,2.786297E-05,27.3645,0,1.8243,-3.424125E-05,27.3645,0
1.8252,4.632639E-05,27.378,0,1.8252,-1.376364E-05,27.378,0
1.8261,-4.36408E-06,27.3915,0,1.8261,1.007095E-06,27.3915,0
1.827,3.356985E-07,27.405,0,1.827,-8.392462E-06,27.405,0
1.8279,1.275654E-05,27.4185,0,1.8279,-3.323415E-05,27.4185,0
1.8288,-3.591974E-05,27.432,0,1.8288,-4.699779E-06,27.432,0
1.8297,-9.735256E-06,27.4455,0,1.8297,-1.275654E-05,27.4455,0
1.8306,-4.028382E-06,27.459,0,1.8306,-4.061952E-05,27.459,0
1.8315,-2.853437E-05,27.4725,0,1.8315,-7.049668E-06,27.4725,0
1.8324,-2.047761E-05,27.486,0,1.8324,7.049668E-06,27.486,0
1.8333,-6.042573E-06,27.4995,0,1.8333,-2.383459E-05,27.4995,0
1.8342,7.721065E-06,27.513,0,1.8342,-5.706874E-06,27.513,0
1.8351,-3.356985E-07,27.5265,0,1.8351,2.349889E-06,27.5265,0
1.836,1.745632E-05,27.54,0,1.836,-6.378271E-06,27.54,0
1.8369,2.517739E-05,27.5535,0,1.8369,-5.706874E-06,27.5535,0
1.8378,3.692683E-05,27.567,0,1.8378,-2.786297E-05,27.567,0
1.8387,4.129091E-05,27.5805,0,1.8387,-1.275654E-05,27.5805,0
1.8396,1.644922E-05,27.594,0,1.8396,-3.692683E-06,27.594,0
1.8405,2.685588E-06,27.6075,0,1.8405,-2.987716E-05,27.6075,0
1.8414,1.544213E-05,27.621,0,1.8414,-4.934768E-05,27.621,0
1.8423,-1.812772E-05,27.6345,0,1.8423,-5.706874E-06,27.6345,0
1.8432,-4.33051E-05,27.648,0,1.8432,-5.035477E-06,27.648,0
1.8441,-4.229801E-05,27.6615,0,1.8441,-6.143282E-05,27.6615,0
1.845,-4.934768E-05,27.675,0,1.845,-1.779202E-05,27.675,0
1.8459,-4.33051E-05,27.6885,0,1.8459,-1.309224E-05,27.6885,0
1.8468,-2.652018E-05,27.702,0,1.8468,-7.217517E-05,27.702,0
1.8477,-4.129091E-05,27.7155,0,1.8477,-6.881819E-05,27.7155,0
1.8486,-5.539025E-05,27.729,0,1.8486,-2.1149E-05,27.729,0
1.8495,-2.517739E-05,27.7425,0,1.8495,-2.517739E-05,27.7425,0
1.8504,-3.356985E-07,27.756,0,1.8504,-8.728161E-06,27.756,0
1.8513,-8.392462E-06,27.7695,0,1.8513,-1.477073E-05,27.7695,0
1.8522,-1.242084E-05,27.783,0,1.8522,-1.678492E-05,27.783,0
1.8531,3.121996E-05,27.7965,0,1.8531,8.392462E-06,27.7965,0
1.854,3.021286E-06,27.81,0,1.854,-2.484169E-05,27.81,0
1.8549,-1.275654E-05,27.8235,0,1.8549,-2.484169E-05,27.8235,0
1.8558,2.383459E-05,27.837,0,1.8558,1.040665E-05,27.837,0
1.8567,4.733349E-05,27.8505,0,1.8567,-1.409934E-05,27.8505,0
1.8576,4.53193E-05,27.864,0,1.8576,-5.304036E-05,27.864,0
1.8585,1.779202E-05,27.8775,0,1.8585,-1.644922E-05,27.8775,0
1.8594,9.063859E-06,27.891,0,1.8594,-1.846342E-05,27.891,0
1.8603,-9.063859E-06,27.9045,0,1.8603,-4.39765E-05,27.9045,0
1.8612,-2.047761E-05,27.918,0,1.8612,-3.356985E-05,27.918,0
1.8621,-2.450599E-05,27.9315,0,1.8621,-1.208515E-05,27.9315,0
1.863,1.242084E-05,27.945,0,1.863,2.349889E-06,27.945,0
1.8639,-3.692683E-06,27.9585,0,1.8639,-2.047761E-05,27.9585,0
1.8648,-1.107805E-05,27.972,0,1.8648,-5.539025E-05,27.972,0
1.8657,-3.524834E-05,27.9855,0,1.8657,-2.24918E-05,27.9855,0
1.8666,-1.913481E-05,27.999,0,1.8666,4.699779E-06,27.999,0
1.8675,4.028382E-06,28.0125,0,1.8675,-3.726253E-05,28.0125,0
1.8684,-1.510643E-05,28.026,0,1.8684,-5.874724E-05,28.026,0
1.8693,-2.450599E-05,28.0395,0,1.8693,-1.779202E-05,28.0395,0
1.8702,-2.047761E-05,28.053,0,1.8702,-3.491264E-05,28.053,0
1.8711,-4.699779E-06,28.0665,0,1.8711,-5.807584E-05,28.0665,0
1.872,-2.349889E-06,28.08,0,1.872,4.46479E-05,28.08,0
1.8729,-1.007095E-05,28.0935,0,1.8729,3.726253E-05,28.0935,0
1.8738,6.378271E-06,28.107,0,1.8738,-1.980621E-05,28.107,0
1.8747,-1.242084E-05,28.1205,0,1.8747,-1.342794E-05,28.1205,0
1.8756,-3.994812E-05,28.134,0,1.8756,8.392462E-06,28.134,0
1.8765,-1.242084E-05,28.1475,0,1.8765,4.699779E-06,28.1475,0
1.8774,-1.577783E-05,28.161,0,1.8774,3.021286E-06,28.161,0
1.8783,-1.141375E-05,28.1745,0,1.8783,-2.853437E-05,28.1745,0
1.8792,1.242084E-05,28.188,0,1.8792,-2.349889E-06,28.188,0
1.8801,3.021286E-06,28.2015,0,1.8801,-7.049668E-06,28.2015,0
1.881,-1.443504E-05,28.215,0,1.881,-2.786297E-05,28.215,0
1.8819,-8.056763E-06,28.2285,0,1.8819,-2.18204E-05,28.2285,0
1.8828,-1.510643E-05,28.242,0,1.8828,-6.042573E-06,28.242,0
1.8837,1.342794E-06,28.2555,0,1.8837,-2.752728E-05,28.2555,0
1.8846,1.007095E-05,28.269,0,1.8846,-5.975433E-05,28.269,0
1.8855,-1.644922E-05,28.2825,0,1.8855,-8.392462E-06,28.2825,0
1.8864,-1.275654E-05,28.296,0,1.8864,-9.735256E-06,28.296,0
1.8873,1.174945E-05,28.3095,0,1.8873,-3.054856E-05,28.3095,0
1.8882,-1.040665E-05,28.323,0,1.8882,-5.706874E-06,28.323,0
1.8891,-3.256275E-05,28.3365,0,1.8891,3.692683E-06,28.3365,0
1.89,-3.424125E-05,28.35,0,1.89,-6.713969E-06,28.35,0
1.8909,-2.24918E-05,28.3635,0,1.8909,1.779202E-05,28.3635,0
1.8918,-2.28275E-05,28.377,0,1.8918,-2.1149E-05,28.377,0
1.8927,1.644922E-05,28.3905,0,1.8927,-2.18204E-05,28.3905,0
1.8936,7.284657E-05,28.404,0,1.8936,6.713969E-06,28.404,0
1.8945,2.551309E-05,28.4175,0,1.8945,-4.53193E-05,28.4175,0
1.8954,2.21561E-05,28.431,0,1.8954,-8.090334E-05,28.431,0
1.8963,-2.349889E-06,28.4445,0,1.8963,-4.095522E-05,28.4445,0
1.8972,-7.049668E-06,28.458,0,1.8972,-3.860533E-05,28.458,0
1.8981,1.242084E-05,28.4715,0,1.8981,-7.318227E-05,28.4715,0
1.899,-2.18204E-05,28.485,0,1.899,-2.18204E-05,28.485,0
1.8999,-2.349889E-05,28.4985,0,1.8999,1.779202E-05,28.4985,0
1.9008,-4.36408E-05,28.512,0,1.9008,-1.309224E-05,28.512,0
1.9017,-5.706874E-05,28.5255,0,1.9017,-2.987716E-05,28.5255,0
1.9026,-7.049668E-06,28.539,0,1.9026,1.443504E-05,28.539,0
1.9035,-3.491264E-05,28.5525,0,1.9035,0,28.5525,0
1.9044,-6.311131E-05,28.566,0,1.9044,-1.812772E-05,28.566,0
1.9053,-1.275654E-05,28.5795,0,1.9053,-4.43122E-05,28.5795,0
1.9062,2.1149E-05,28.593,0,1.9062,-2.24918E-05,28.593,0
1.9071,4.666209E-05,28.6065,0,1.9071,-8.392462E-06,28.6065,0
1.908,4.196231E-05,28.62,0,1.908,-1.577783E-05,28.62,0
1.9089,3.356985E-06,28.6335,0,1.9089,-2.484169E-05,28.6335,0
1.9098,-3.692683E-06,28.647,0,1.9098,-1.007095E-06,28.647,0
1.9107,9.735256E-06,28.6605,0,1.9107,7.049668E-06,28.6605,0
1.9116,2.618448E-05,28.674,0,1.9116,-4.934768E-05,28.674,0
1.9125,-1.644922E-05,28.6875,0,1.9125,-2.719158E-05,28.6875,0
1.9134,-7.049668E-06,28.701,0,1.9134,-1.510643E-05,28.701,0
1.9143,2.349889E-06,28.7145,0,1.9143,-3.927672E-05,28.7145,0
1.9152,-4.33051E-05,28.728,0,1.9152,-2.853437E-05,28.728,0
1.9161,-3.256275E-05,28.7415,0,1.9161,-9.063859E-06,28.7415,0
1.917,-2.21561E-05,28.755,0,1.917,-1.510643E-05,28.755,0
1.9179,-1.779202E-05,28.7685,0,1.9179,-1.443504E-05,28.7685,0
1.9188,-1.208515E-05,28.782,0,1.9188,-4.867628E-05,28.782,0
1.9197,-9.063859E-06,28.7955,0,1.9197,-2.24918E-05,28.7955,0
1.9206,2.1149E-05,28.809,0,1.9206,1.342794E-06,28.809,0
1.9215,-5.035477E-06,28.8225,0,1.9215,-2.920577E-05,28.8225,0
1.9224,-5.035477E-06,28.836,0,1.9224,-5.236896E-05,28.836,0
1.9233,-2.349889E-06,28.8495,0,1.9233,-1.208515E-05,28.8495,0
1.9242,-3.256275E-05,28.863,0,1.9242,-2.920577E-05,28.863,0
1.9251,8.728161E-06,28.8765,0,1.9251,-3.457694E-05,28.8765,0
1.926,-5.706874E-06,28.89,0,1.926,4.867628E-05,28.89,0
1.9269,-1.779202E-05,28.9035,0,1.9269,6.109713E-05,28.9035,0
1.9278,-8.392462E-06,28.917,0,1.9278,-2.819867E-05,28.917,0
1.9287,-1.678492E-06,28.9305,0,1.9287,-4.162661E-05,28.9305,0
1.9296,-1.779202E-05,28.944,0,1.9296,1.678492E-06,28.944,0
1.9305,-3.424125E-05,28.9575,0,1.9305,-7.385367E-06,28.9575,0
1.9314,-2.719158E-05,28.971,0,1.9314,-1.376364E-05,28.971,0
1.9323,-3.021286E-06,28.9845,0,1.9323,-2.719158E-05,28.9845,0
1.9332,2.349889E-06,28.998,0,1.9332,-1.678492E-06,28.998,0
1.9341,-1.779202E-05,29.0115,0,1.9341,1.678492E-06,29.0115,0
1.935,3.356985E-07,29.025,0,1.935,-1.644922E-05,29.025,0
1.9359,2.21561E-05,29.0385,0,1.9359,-4.867628E-05,29.0385,0
1.9368,7.721065E-06,29.052,0,1.9368,-1.712062E-05,29.052,0
1.9377,1.242084E-05,29.0655,0,1.9377,-2.484169E-05,29.0655,0
1.9386,1.443504E-05,29.079,0,1.9386,-5.539025E-05,29.079,0
1.9395,-2.584878E-05,29.0925,0,1.9395,-2.1149E-05,29.0925,0
1.9404,-2.349889E-06,29.106,0,1.9404,-3.021286E-06,29.106,0
1.9413,-1.510643E-05,29.1195,0,1.9413,-2.417029E-05,29.1195,0
1.9422,-5.404745E-05,29.133,0,1.9422,-4.33051E-05,29.133,0
1.9431,-2.417029E-05,29.1465,0,1.9431,-7.049668E-06,29.1465,0
1.944,5.035477E-06,29.16,0,1.944,0,29.16,0
1.9449,1.141375E-05,29.1735,0,1.9449,-1.107805E-05,29.1735,0
1.9458,1.309224E-05,29.187,0,1.9458,-3.994812E-05,29.187,0
1.9467,1.174945E-05,29.2005,0,1.9467,-1.242084E-05,29.2005,0
1.9476,-2.484169E-05,29.214,0,1.9476,-2.349889E-06,29.214,0
1.9485,-3.256275E-05,29.2275,0,1.9485,-3.625543E-05,29.2275,0
1.9494,-4.36408E-06,29.241,0,1.9494,-4.162661E-05,29.241,0
1.9503,-2.853437E-05,29.2545,0,1.9503,-3.692683E-06,29.2545,0
1.9512,-1.510643E-05,29.268,0,1.9512,-1.040665E-05,29.268,0
1.9521,2.517739E-05,29.2815,0,1.9521,-4.33051E-05,29.2815,0
1.953,-2.685588E-06,29.295,0,1.953,-5.035477E-06,29.295,0
1.9539,2.1149E-05,29.3085,0,1.9539,9.399558E-06,29.3085,0
1.9548,3.793393E-05,29.322,0,1.9548,-2.752728E-05,29.322,0
1.9557,2.349889E-05,29.3355,0,1.9557,-1.779202E-05,29.3355,0
1.9566,-1.913481E-05,29.349,0,1.9566,-6.713969E-07,29.349,0
1.9575,-8.392462E-06,29.3625,0,1.9575,-3.054856E-05,29.3625,0
1.9584,-2.450599E-05,29.376,0,1.9584,-2.383459E-05,29.376,0
1.9593,-1.544213E-05,29.3895,0,1.9593,-3.021286E-05,29.3895,0
1.9602,1.242084E-05,29.403,0,1.9602,-1.745632E-05,29.403,0
1.9611,7.385367E-06,29.4165,0,1.9611,1.712062E-05,29.4165,0
1.962,-1.678492E-06,29.43,0,1.962,5.706874E-06,29.43,0
1.9629,-3.356985E-07,29.4435,0,1.9629,-1.577783E-05,29.4435,0
1.9638,-6.713969E-07,29.457,0,1.9638,-3.021286E-06,29.457,0
1.9647,3.356985E-07,29.4705,0,1.9647,-1.174945E-05,29.4705,0
1.9656,7.721065E-06,29.484,0,1.9656,-3.793393E-05,29.484,0
1.9665,-5.069047E-05,29.4975,0,1.9665,-1.242084E-05,29.4975,0
1.9674,-3.793393E-05,29.511,0,1.9674,-1.577783E-05,29.511,0
1.9683,-9.735256E-06,29.5245,0,1.9683,-4.599069E-05,29.5245,0
1.9692,-4.229801E-05,29.538,0,1.9692,-2.987716E-05,29.538,0
1.9701,-4.129091E-05,29.5515,0,1.9701,6.378271E-06,29.5515,0
1.971,-2.987716E-05,29.565,0,1.971,-1.779202E-05,29.565,0
1.9719,-3.356985E-07,29.5785,0,1.9719,-3.793393E-05,29.5785,0
1.9728,5.706874E-06,29.592,0,1.9728,-4.196231E-05,29.592,0
1.9737,2.081331E-05,29.6055,0,1.9737,-1.846342E-05,29.6055,0
1.9746,-6.713969E-06,29.619,0,1.9746,-1.544213E-05,29.619,0
1.9755,-2.584878E-05,29.6325,0,1.9755,-3.726253E-05,29.6325,0
1.9764,-3.021286E-05,29.646,0,1.9764,-4.095522E-05,29.646,0
1.9773,-1.376364E-05,29.6595,0,1.9773,-1.174945E-05,29.6595,0
1.9782,1.376364E-05,29.673,0,1.9782,-3.189136E-05,29.673,0
1.9791,1.577783E-05,29.6865,0,1.9791,-6.814679E-05,29.6865,0
1.98,-9.063859E-06,29.7,0,1.98,-1.846342E-05,29.7,0
1.9809,9.063859E-06,29.7135,0,1.9809,2.954147E-05,29.7135,0
1.9818,4.028382E-06,29.727,0,1.9818,3.994812E-05,29.727,0
1.9827,2.349889E-06,29.7405,0,1.9827,1.712062E-05,29.7405,0
1.9836,-1.242084E-05,29.754,0,1.9836,1.678492E-05,29.754,0
1.9845,-2.786297E-05,29.7675,0,1.9845,-1.007095E-06,29.7675,0
1.9854,-3.558404E-05,29.781,0,1.9854,-2.719158E-05,29.781,0
1.9863,-2.383459E-05,29.7945,0,1.9863,-5.874724E-05,29.7945,0
1.9872,-1.275654E-05,29.808,0,1.9872,-3.524834E-05,29.808,0
1.9881,-1.913481E-05,29.8215,0,1.9881,-6.042573E-06,29.8215,0
1.989,1.208515E-05,29.835,0,1.989,-1.980621E-05,29.835,0
1.9899,4.53193E-05,29.8485,0,1.9899,-3.894102E-05,29.8485,0
1.9908,-3.692683E-06,29.862,0,1.9908,-1.107805E-05,29.862,0
1.9917,-2.450599E-05,29.8755,0,1.9917,-1.611353E-05,29.8755,0
1.9926,2.450599E-05,29.889,0,1.9926,-4.49836E-05,29.889,0
1.9935,-3.021286E-06,29.9025,0,1.9935,-1.342794E-05,29.9025,0
1.9944,-3.256275E-05,29.916,0,1.9944,-1.409934E-05,29.916,0
1.9953,-7.049668E-06,29.9295,0,1.9953,-5.069047E-05,29.9295,0
1.9962,-3.121996E-05,29.943,0,1.9962,-4.33051E-05,29.943,0
1.9971,-4.46479E-05,29.9565,0,1.9971,-1.644922E-05,29.9565,0
1.998,-2.349889E-06,29.97,0,1.998,-3.491264E-05,29.97,0
1.9989,7.721065E-06,29.9835,0,1.9989,-3.424125E-05,29.9835,0
1.9998,1.040665E-05,29.997,0,1.9998,-4.129091E-05,29.997,0
2.0007,2.349889E-05,30.0105,0,2.0007,1.510643E-05,30.0105,0
2.0016,-2.719158E-05,30.024,0,2.0016,4.36408E-06,30.024,0
2.0025,-1.309224E-05,30.0375,0,2.0025,-2.383459E-05,30.0375,0
2.0034,8.728161E-06,30.051,0,2.0034,-3.021286E-05,30.051,0
2.0043,-2.047761E-05,30.0645,0,2.0043,2.920577E-05,30.0645,0
2.0052,-4.196231E-05,30.078,0,2.0052,-4.699779E-06,30.078,0
2.0061,-7.385367E-06,30.0915,0,2.0061,-7.083238E-05,30.0915,0
2.007,5.706874E-06,30.105,0,2.007,-2.316319E-05,30.105,0
2.0079,-8.728161E-06,30.1185,0,2.0079,-7.721065E-06,30.1185,0
2.0088,-3.121996E-05,30.132,0,2.0088,-2.584878E-05,30.132,0
2.0097,-2.450599E-05,30.1455,0,2.0097,-1.544213E-05,30.1455,0
2.0106,-7.385367E-06,30.159,0,2.0106,1.174945E-05,30.159,0
2.0115,1.510643E-05,30.1725,0,2.0115,5.706874E-06,30.1725,0
2.0124,3.390555E-05,30.186,0,2.0124,0,30.186,0
2.0133,-1.007095E-06,30.1995,0,2.0133,-2.954147E-05,30.1995,0
2.0142,4.36408E-06,30.213,0,2.0142,-1.309224E-05,30.213,0
2.0151,-2.551309E-05,30.2265,0,2.0151,-1.242084E-05,30.2265,0
2.016,-3.323415E-05,30.24,0,2.016,-3.289845E-05,30.24,0
2.0169,4.699779E-06,30.2535,0,2.0169,-3.826963E-05,30.2535,0
2.0178,7.049668E-06,30.267,0,2.0178,3.356985E-06,30.267,0
2.0187,1.745632E-05,30.2805,0,2.0187,-1.074235E-05,30.2805,0
2.0196,1.376364E-05,30.294,0,2.0196,-6.210422E-05,30.294,0
2.0205,-1.544213E-05,30.3075,0,2.0205,-1.376364E-05,30.3075,0
2.0214,7.385367E-06,30.321,0,2.0214,2.349889E-06,30.321,0
2.0223,4.699779E-06,30.3345,0,2.0223,-2.551309E-05,30.3345,0
2.0232,-3.021286E-06,30.348,0,2.0232,-2.887007E-05,30.348,0
2.0241,3.692683E-06,30.3615,0,2.0241,0,30.3615,0
2.025,-7.721065E-06,30.375,0,2.025,-1.544213E-05,30.375,0
2.0259,-9.735256E-06,30.3885,0,2.0259,-1.947051E-05,30.3885,0
2.0268,-4.699779E-06,30.402,0,2.0268,-3.558404E-05,30.402,0
2.0277,-1.242084E-05,30.4155,0,2.0277,-1.913481E-05,30.4155,0
2.0286,-3.289845E-05,30.429,0,2.0286,-2.047761E-05,30.429,0
2.0295,-4.766919E-05,30.4425,0,2.0295,-3.659113E-05,30.4425,0
2.0304,3.021286E-06,30.456,0,2.0304,-2.450599E-05,30.456,0
2.0313,-1.107805E-05,30.4695,0,2.0313,-1.242084E-05,30.4695,0
2.0322,3.289845E-05,30.483,0,2.0322,-3.793393E-05,30.483,0
2.0331,4.39765E-05,30.4965,0,2.0331,-7.418937E-05,30.4965,0
2.034,-7.049668E-06,30.51,0,2.034,-3.826963E-05,30.51,0
2.0349,2.920577E-05,30.5235,0,2.0349,-1.779202E-05,30.5235,0
2.0358,3.860533E-05,30.537,0,2.0358,-3.491264E-05,30.537,0
2.0367,-4.968337E-05,30.5505,0,2.0367,3.558404E-05,30.5505,0
2.0376,-6.411841E-05,30.564,0,2.0376,4.263371E-05,30.564,0
2.0385,-2.24918E-05,30.5775,0,2.0385,6.713969E-06,30.5775,0
2.0394,-1.846342E-05,30.591,0,2.0394,-1.443504E-05,30.591,0
2.0403,-1.309224E-05,30.6045,0,2.0403,-4.53193E-05,30.6045,0
2.0412,3.323415E-05,30.618,0,2.0412,-2.450599E-05,30.618,0
2.0421,6.814679E-05,30.6315,0,2.0421,-7.385367E-06,30.6315,0
2.043,1.846342E-05,30.645,0,2.043,-1.879912E-05,30.645,0
2.0439,-8.728161E-06,30.6585,0,2.0439,-2.719158E-05,30.6585,0
2.0448,-3.356985E-06,30.672,0,2.0448,2.484169E-05,30.672,0
2.0457,-1.309224E-05,30.6855,0,2.0457,-5.706874E-06,30.6855,0
2.0466,-2.014191E-06,30.699,0,2.0466,-4.565499E-05,30.699,0
2.0475,-3.692683E-06,30.7125,0,2.0475,-1.141375E-05,30.7125,0
2.0484,-3.021286E-05,30.726,0,2.0484,-1.007095E-05,30.726,0
2.0493,-3.256275E-05,30.7395,0,2.0493,-3.793393E-05,30.7395,0
2.0502,-2.853437E-05,30.753,0,2.0502,-4.162661E-05,30.753,0
2.0511,-2.517739E-05,30.7665,0,2.0511,-2.24918E-05,30.7665,0
2.052,-4.061952E-05,30.78,0,2.052,-2.719158E-05,30.78,0
2.0529,-3.121996E-05,30.7935,0,2.0529,-2.1149E-05,30.7935,0
2.0538,-1.510643E-05,30.807,0,2.0538,-5.035477E-05,30.807,0
2.0547,6.042573E-06,30.8205,0,2.0547,-3.021286E-06,30.8205,0
2.0556,-1.174945E-05,30.834,0,2.0556,1.980621E-05,30.834,0
2.0565,6.042573E-06,30.8475,0,2.0565,3.356985E-06,30.8475,0
2.0574,3.591974E-05,30.861,0,2.0574,-1.544213E-05,30.861,0
2.0583,-2.18204E-05,30.8745,0,2.0583,-5.706874E-06,30.8745,0
2.0592,-1.644922E-05,30.888,0,2.0592,-3.692683E-06,30.888,0
2.0601,-3.524834E-05,30.9015,0,2.0601,-4.766919E-05,30.9015,0
2.061,-4.867628E-05,30.915,0,2.061,-3.021286E-06,30.915,0
2.0619,-1.779202E-05,30.9285,0,2.0619,-1.040665E-05,30.9285,0
2.0628,-1.376364E-05,30.942,0,2.0628,-5.136187E-05,30.942,0
2.0637,-4.36408E-06,30.9555,0,2.0637,-3.289845E-05,30.9555,0
2.0646,-2.920577E-05,30.969,0,2.0646,-5.035477E-06,30.969,0
2.0655,-1.611353E-05,30.9825,0,2.0655,-9.735256E-06,30.9825,0
2.0664,-1.208515E-05,30.996,0,2.0664,-7.385367E-06,30.996,0
2.0673,1.980621E-05,31.0095,0,2.0673,-3.726253E-05,31.0095,0
2.0682,4.666209E-05,31.023,0,2.0682,-2.517739E-05,31.023,0
2.0691,-1.141375E-05,31.0365,0,2.0691,-3.356985E-07,31.0365,0
2.07,-3.491264E-05,31.05,0,2.07,-2.887007E-05,31.05,0
2.0709,1.040665E-05,31.0635,0,2.0709,-4.028382E-05,31.0635,0
2.0718,1.007095E-06,31.077,0,2.0718,5.706874E-06,31.077,0
2.0727,2.920577E-05,31.0905,0,2.0727,3.692683E-06,31.0905,0
2.0736,6.076142E-05,31.104,0,2.0736,-2.954147E-05,31.104,0
2.0745,2.383459E-05,31.1175,0,2.0745,-6.378271E-06,31.1175,0
2.0754,-2.047761E-05,31.131,0,2.0754,-9.063859E-06,31.131,0
2.0763,-7.385367E-06,31.1445,0,2.0763,-2.887007E-05,31.1445,0
2.0772,9.735256E-06,31.158,0,2.0772,-1.443504E-05,31.158,0
2.0781,-2.920577E-05,31.1715,0,2.0781,8.392462E-06,31.1715,0
2.079,-2.18204E-05,31.185,0,2.079,-4.699779E-06,31.185,0
2.0799,-1.174945E-05,31.1985,0,2.0799,-2.719158E-05,31.1985,0
2.0808,-2.719158E-05,31.212,0,2.0808,-3.591974E-05,31.212,0
2.0817,-3.659113E-05,31.2255,0,2.0817,-1.678492E-05,31.2255,0
2.0826,3.356985E-06,31.239,0,2.0826,1.477073E-05,31.239,0
2.0835,-1.443504E-05,31.2525,0,2.0835,-2.652018E-05,31.2525,0
2.0844,-2.047761E-05,31.266,0,2.0844,-4.968337E-05,31.266,0
2.0853,-1.678492E-05,31.2795,0,2.0853,2.349889E-06,31.2795,0
2.0862,1.309224E-05,31.293,0,2.0862,-8.392462E-06,31.293,0
2.0871,-7.721065E-06,31.3065,0,2.0871,-5.606165E-05,31.3065,0
2.088,-3.558404E-05,31.32,0,2.088,-1.107805E-05,31.32,0
2.0889,-4.666209E-05,31.3335,0,2.0889,3.021286E-06,31.3335,0
2.0898,-3.793393E-05,31.347,0,2.0898,-4.46479E-05,31.347,0
2.0907,-1.007095E-06,31.3605,0,2.0907,-3.155566E-05,31.3605,0
2.0916,1.007095E-06,31.374,0,2.0916,-2.920577E-05,31.374,0
2.0925,1.577783E-05,31.3875,0,2.0925,-2.450599E-05,31.3875,0
2.0934,1.812772E-05,31.401,0,2.0934,-2.047761E-05,31.401,0
2.0943,5.035477E-06,31.4145,0,2.0943,-1.007095E-06,31.4145,0
2.0952,-1.846342E-05,31.428,0,2.0952,2.24918E-05,31.428,0
2.0961,-3.256275E-05,31.4415,0,2.0961,-2.786297E-05,31.4415,0
2.097,-3.256275E-05,31.455,0,2.097,-2.853437E-05,31.455,0
2.0979,-1.443504E-05,31.4685,0,2.0979,-5.069047E-05,31.4685,0
2.0988,-4.867628E-05,31.482,0,2.0988,-1.678492E-05,31.482,0
2.0997,-4.095522E-05,31.4955,0,2.0997,-1.208515E-05,31.4955,0
2.1006,-1.443504E-05,31.509,0,2.1006,-4.599069E-05,31.509,0
2.1015,-2.047761E-05,31.5225,0,2.1015,-1.846342E-05,31.5225,0
2.1024,1.846342E-05,31.536,0,2.1024,1.846342E-05,31.536,0
2.1033,5.270466E-05,31.5495,0,2.1033,-1.342794E-05,31.5495,0
2.1042,3.189136E-05,31.563,0,2.1042,-2.18204E-05,31.563,0
2.1051,-3.356985E-07,31.5765,0,2.1051,-2.014191E-06,31.5765,0
2.106,2.349889E-06,31.59,0,2.106,-6.042573E-06,31.59,0
2.1069,-6.042573E-06,31.6035,0,2.1069,-2.24918E-05,31.6035,0
2.1078,5.706874E-06,31.617,0,2.1078,-3.826963E-05,31.617,0
2.1087,2.450599E-05,31.6305,0,2.1087,-1.174945E-05,31.6305,0
2.1096,1.913481E-05,31.644,0,2.1096,-1.107805E-05,31.644,0
2.1105,1.007095E-06,31.6575,0,2.1105,-3.860533E-05,31.6575,0
2.1114,6.042573E-06,31.671,0,2.1114,-4.834058E-05,31.671,0
2.1123,-1.242084E-05,31.6845,0,2.1123,-1.007095E-06,31.6845,0
2.1132,-1.644922E-05,31.698,0,2.1132,-1.342794E-05,31.698,0
2.1141,-6.378271E-06,31.7115,0,2.1141,-5.102617E-05,31.7115,0
2.115,-2.920577E-05,31.725,0,2.115,-1.678492E-05,31.725,0
2.1159,-3.256275E-05,31.7385,0,2.1159,-3.356985E-06,31.7385,0
2.1168,-7.049668E-06,31.752,0,2.1168,-3.121996E-05,31.752,0
2.1177,4.129091E-05,31.7655,0,2.1177,-8.392462E-06,31.7655,0
2.1186,1.443504E-05,31.779,0,2.1186,1.040665E-05,31.779,0
2.1195,5.606165E-05,31.7925,0,2.1195,-4.36408E-06,31.7925,0
2.1204,2.24918E-05,31.806,0,2.1204,-1.779202E-05,31.806,0
2.1213,-8.056763E-06,31.8195,0,2.1213,-2.24918E-05,31.8195,0
2.1222,-2.987716E-05,31.833,0,2.1222,-1.812772E-05,31.833,0
2.1231,-2.14847E-05,31.8465,0,2.1231,-3.021286E-06,31.8465,0
2.124,-6.713969E-06,31.86,0,2.124,-2.014191E-05,31.86,0
2.1249,-1.141375E-05,31.8735,0,2.1249,-3.759823E-05,31.8735,0
2.1258,-1.846342E-05,31.887,0,2.1258,-1.007095E-05,31.887,0
2.1267,-3.021286E-06,31.9005,0,2.1267,-1.376364E-05,31.9005,0
2.1276,-1.443504E-05,31.914,0,2.1276,-7.754635E-05,31.914,0
2.1285,-2.517739E-05,31.9275,0,2.1285,-2.18204E-05,31.9275,0
2.1294,-2.719158E-05,31.941,0,2.1294,-3.021286E-06,31.941,0
2.1303,-3.659113E-05,31.9545,0,2.1303,-3.759823E-05,31.9545,0
2.1312,5.035477E-06,31.968,0,2.1312,-4.095522E-05,31.968,0
2.1321,-8.392462E-06,31.9815,0,2.1321,-1.510643E-05,31.9815,0
2.133,9.735256E-06,31.995,0,2.133,0,31.995,0
2.1339,2.349889E-06,32.0085,0,2.1339,-2.18204E-05,32.0085,0
2.1348,-3.356985E-07,32.022,0,2.1348,-4.33051E-05,32.022,0
2.1357,-2.450599E-05,32.0355,0,2.1357,-1.275654E-05,32.0355,0
2.1366,-4.061952E-05,32.049,0,2.1366,-4.36408E-06,32.049,0
2.1375,-2.18204E-05,32.0625,0,2.1375,-3.524834E-05,32.0625,0
2.1384,-1.376364E-05,32.076,0,2.1384,-3.927672E-05,32.076,0
2.1393,-3.088426E-05,32.0895,0,2.1393,-1.107805E-05,32.0895,0
2.1402,-1.107805E-05,32.103,0,2.1402,-1.443504E-05,32.103,0
2.1411,-1.678492E-06,32.1165,0,2.1411,-5.639734E-05,32.1165,0
2.142,-2.450599E-05,32.13,0,2.142,-1.678492E-06,32.13,0
2.1429,-2.18204E-05,32.1435,0,2.1429,1.208515E-05,32.1435,0
2.1438,-1.342794E-05,32.157,0,2.1438,-4.162661E-05,32.157,0
2.1447,8.056763E-06,32.1705,0,2.1447,-3.289845E-05,32.1705,0
2.1456,-2.24918E-05,32.184,0,2.1456,3.356985E-06,32.184,0
2.1465,-3.356985E-07,32.1975,0,2.1465,-5.706874E-06,32.1975,0
2.1474,1.678492E-06,32.211,0,2.1474,-8.728161E-06,32.211,0
2.1483,-1.107805E-05,32.2245,0,2.1483,-2.719158E-05,32.2245,0
2.1492,-2.24918E-05,32.238,0,2.1492,-1.376364E-05,32.238,0
2.1501,-9.735256E-06,32.2515,0,2.1501,6.378271E-06,32.2515,0
2.151,3.356985E-07,32.265,0,2.151,-2.316319E-05,32.265,0
2.1519,9.399558E-06,32.2785,0,2.1519,-4.33051E-05,32.2785,0
2.1528,-1.678492E-06,32.292,0,2.1528,-2.618448E-05,32.292,0
2.1537,-9.735256E-06,32.3055,0,2.1537,-4.196231E-05,32.3055,0
2.1546,-5.035477E-06,32.319,0,2.1546,-6.6804E-05,32.319,0
2.1555,-2.18204E-05,32.3325,0,2.1555,-2.18204E-05,32.3325,0
2.1564,-4.36408E-05,32.346,0,2.1564,1.174945E-05,32.346,0
2.1573,-5.270466E-05,32.3595,0,2.1573,1.846342E-05,32.3595,0
2.1582,-4.33051E-05,32.373,0,2.1582,3.558404E-05,32.373,0
2.1591,-5.035477E-06,32.3865,0,2.1591,2.484169E-05,32.3865,0
2.16,6.042573E-06,32.4,0,2.16,-1.342794E-06,32.4,0
2.1609,3.457694E-05,32.4135,0,2.1609,-1.242084E-05,32.4135,0
2.1618,3.189136E-05,32.427,0,2.1618,-2.551309E-05,32.427,0
2.1627,1.846342E-05,32.4405,0,2.1627,-1.208515E-05,32.4405,0
2.1636,-7.721065E-06,32.454,0,2.1636,-3.256275E-05,32.454,0
2.1645,-4.699779E-06,32.4675,0,2.1645,-4.46479E-05,32.4675,0
2.1654,3.189136E-05,32.481,0,2.1654,-5.069047E-05,32.481,0
2.1663,1.712062E-05,32.4945,0,2.1663,1.342794E-06,32.4945,0
2.1672,-3.692683E-06,32.508,0,2.1672,-2.316319E-05,32.508,0
2.1681,-1.644922E-05,32.5215,0,2.1681,-5.606165E-05,32.5215,0
2.169,6.378271E-06,32.535,0,2.169,3.692683E-06,32.535,0
2.1699,5.572595E-05,32.5485,0,2.1699,1.611353E-05,32.5485,0
2.1708,1.107805E-05,32.562,0,2.1708,-4.129091E-05,32.562,0
2.1717,-3.021286E-06,32.5755,0,2.1717,-3.256275E-05,32.5755,0
2.1726,2.685588E-06,32.589,0,2.1726,1.040665E-05,32.589,0
2.1735,-1.040665E-05,32.6025,0,2.1735,4.36408E-06,32.6025,0
2.1744,-5.035477E-06,32.616,0,2.1744,3.021286E-06,32.616,0
2.1753,-1.342794E-06,32.6295,0,2.1753,-2.987716E-05,32.6295,0
2.1762,7.721065E-06,32.643,0,2.1762,-8.728161E-06,32.643,0
2.1771,-4.263371E-05,32.6565,0,2.1771,-1.107805E-05,32.6565,0
2.178,-4.733349E-05,32.67,0,2.178,-6.109713E-05,32.67,0
2.1789,-1.409934E-05,32.6835,0,2.1789,-6.277562E-05,32.6835,0
2.1798,-2.752728E-05,32.697,0,2.1798,-9.063859E-06,32.697,0
2.1807,-2.24918E-05,32.7105,0,2.1807,-1.174945E-05,32.7105,0
2.1816,1.544213E-05,32.724,0,2.1816,-3.793393E-05,32.724,0
2.1825,-3.021286E-05,32.7375,0,2.1825,-1.678492E-05,32.7375,0
2.1834,-3.189136E-05,32.751,0,2.1834,-2.18204E-05,32.751,0
2.1843,1.376364E-05,32.7645,0,2.1843,-5.136187E-05,32.7645,0
2.1852,-2.18204E-05,32.778,0,2.1852,-1.779202E-05,32.778,0
2.1861,-4.196231E-05,32.7915,0,2.1861,8.728161E-06,32.7915,0
2.187,-1.275654E-05,32.805,0,2.187,-5.035477E-06,32.805,0
2.1879,-1.879912E-05,32.8185,0,2.1879,-2.316319E-05,32.8185,0
2.1888,-1.510643E-05,32.832,0,2.1888,-3.625543E-05,32.832,0
2.1897,3.088426E-05,32.8455,0,2.1897,-1.812772E-05,32.8455,0
2.1906,6.344701E-05,32.859,0,2.1906,-3.021286E-06,32.859,0
2.1915,2.1149E-05,32.8725,0,2.1915,-4.632639E-05,32.8725,0
2.1924,-3.356985E-07,32.886,0,2.1924,-6.143282E-05,32.886,0
2.1933,-3.356985E-07,32.8995,0,2.1933,-1.678492E-06,32.8995,0
2.1942,6.713969E-07,32.913,0,2.1942,-1.376364E-05,32.913,0
2.1951,-3.021286E-06,32.9265,0,2.1951,-4.49836E-05,32.9265,0
2.196,-2.349889E-06,32.94,0,2.196,7.049668E-06,32.94,0
2.1969,-1.644922E-05,32.9535,0,2.1969,2.1149E-05,32.9535,0
2.1978,-3.256275E-05,32.967,0,2.1978,-2.047761E-05,32.967,0
2.1987,-4.36408E-06,32.9805,0,2.1987,-1.510643E-05,32.9805,0
2.1996,-1.510643E-05,32.994,0,2.1996,-1.007095E-06,32.994,0
2.2005,-2.584878E-05,33.0075,0,2.2005,-1.107805E-05,33.0075,0
2.2014,1.007095E-06,33.021,0,2.2014,-1.678492E-05,33.021,0
2.2023,3.289845E-05,33.0345,0,2.2023,-2.450599E-05,33.0345,0
2.2032,-1.107805E-05,33.048,0,2.2032,-1.712062E-05,33.048,0
2.2041,-4.565499E-05,33.0615,0,2.2041,1.242084E-05,33.0615,0
2.205,-3.054856E-05,33.075,0,2.205,8.056763E-06,33.075,0
2.2059,-3.256275E-05,33.0885,0,2.2059,-2.752728E-05,33.0885,0
2.2068,-3.390555E-05,33.102,0,2.2068,-3.021286E-06,33.102,0
2.2077,-1.040665E-05,33.1155,0,2.2077,-1.174945E-05,33.1155,0
2.2086,2.584878E-05,33.129,0,2.2086,-4.934768E-05,33.129,0
2.2095,1.846342E-05,33.1425,0,2.2095,-8.728161E-06,33.1425,0
2.2104,3.659113E-05,33.156,0,2.2104,5.706874E-06,33.156,0
2.2113,3.457694E-05,33.1695,0,2.2113,-2.752728E-05,33.1695,0
2.2122,-1.812772E-05,33.183,0,2.2122,-2.014191E-05,33.183,0
2.2131,-1.242084E-05,33.1965,0,2.2131,7.049668E-06,33.1965,0
2.214,1.678492E-05,33.21,0,2.214,2.014191E-05,33.21,0
2.2149,-3.323415E-05,33.2235,0,2.2149,6.713969E-07,33.2235,0
2.2158,-3.121996E-05,33.237,0,2.2158,-3.121996E-05,33.237,0
2.2167,-3.692683E-06,33.2505,0,2.2167,-2.584878E-05,33.2505,0
2.2176,-1.376364E-05,33.264,0,2.2176,-2.618448E-05,33.264,0
2.2185,-3.088426E-05,33.2775,0,2.2185,-5.270466E-05,33.2775,0
2.2194,3.356985E-06,33.291,0,2.2194,-5.841154E-05,33.291,0
2.2203,2.349889E-06,33.3045,0,2.2203,-2.316319E-05,33.3045,0
2.2212,-4.36408E-06,33.318,0,2.2212,-4.901198E-05,33.318,0
2.2221,-3.692683E-06,33.3315,0,2.2221,-7.049668E-05,33.3315,0
2.223,-3.356985E-06,33.345,0,2.223,-2.920577E-05,33.345,0
2.2239,7.049668E-06,33.3585,0,2.2239,-2.014191E-06,33.3585,0
2.2248,3.289845E-05,33.372,0,2.2248,-2.786297E-05,33.372,0
2.2257,-1.477073E-05,33.3855,0,2.2257,-3.491264E-05,33.3855,0
2.2266,-3.054856E-05,33.399,0,2.2266,1.342794E-06,33.399,0
2.2275,-2.349889E-05,33.4125,0,2.2275,-1.947051E-05,33.4125,0
2.2284,-2.584878E-05,33.426,0,2.2284,-1.678492E-05,33.426,0
2.2293,-2.047761E-05,33.4395,0,2.2293,-2.1149E-05,33.4395,0
2.2302,-1.846342E-05,33.453,0,2.2302,-3.726253E-05,33.453,0
2.2311,-1.678492E-06,33.4665,0,2.2311,-3.155566E-05,33.4665,0
2.232,3.692683E-06,33.48,0,2.232,-3.860533E-05,33.48,0
2.2329,4.028382E-06,33.4935,0,2.2329,-5.304036E-05,33.4935,0
2.2338,-1.745632E-05,33.507,0,2.2338,1.678492E-06,33.507,0
2.2347,-3.994812E-05,33.5205,0,2.2347,3.491264E-05,33.5205,0
2.2356,-1.443504E-05,33.534,0,2.2356,-3.558404E-05,33.534,0
2.2365,-4.028382E-06,33.5475,0,2.2365,-1.544213E-05,33.5475,0
2.2374,-8.056763E-06,33.561,0,2.2374,6.713969E-07,33.561,0
2.2383,2.1149E-05,33.5745,0,2.2383,-1.107805E-05,33.5745,0
2.2392,3.826963E-05,33.588,0,2.2392,-1.141375E-05,33.588,0
2.2401,-6.042573E-06,33.6015,0,2.2401,1.409934E-05,33.6015,0
2.241,-2.719158E-05,33.615,0,2.241,1.678492E-05,33.615,0
2.2419,-8.392462E-06,33.6285,0,2.2419,1.275654E-05,33.6285,0
2.2428,1.309224E-05,33.642,0,2.2428,-2.618448E-05,33.642,0
2.2437,-3.356985E-06,33.6555,0,2.2437,-2.652018E-05,33.6555,0
2.2446,2.349889E-06,33.669,0,2.2446,0,33.669,0
2.2455,3.256275E-05,33.6825,0,2.2455,-3.054856E-05,33.6825,0
2.2464,2.24918E-05,33.696,0,2.2464,-3.323415E-05,33.696,0
2.2473,-2.316319E-05,33.7095,0,2.2473,0,33.7095,0
2.2482,-1.107805E-05,33.723,0,2.2482,-3.356985E-06,33.723,0
2.2491,-4.36408E-06,33.7365,0,2.2491,-4.39765E-05,33.7365,0
2.25,-2.652018E-05,33.75,0,2.25,1.007095E-06,33.75,0
2.2509,-2.987716E-05,33.7635,0,2.2509,3.356985E-07,33.7635,0
2.2518,-9.735256E-06,33.777,0,2.2518,-3.054856E-05,33.777,0
2.2527,-2.450599E-05,33.7905,0,2.2527,-1.779202E-05,33.7905,0
2.2536,-4.129091E-05,33.804,0,2.2536,-3.356985E-07,33.804,0
2.2545,-2.652018E-05,33.8175,0,2.2545,-2.081331E-05,33.8175,0
2.2554,-2.652018E-05,33.831,0,2.2554,-2.450599E-05,33.831,0
2.2563,-1.007095E-05,33.8445,0,2.2563,-3.726253E-05,33.8445,0
2.2572,-3.021286E-06,33.858,0,2.2572,-2.18204E-05,33.858,0
2.2581,-2.920577E-05,33.8715,0,2.2581,-7.049668E-06,33.8715,0
2.259,-5.706874E-06,33.885,0,2.259,-3.692683E-05,33.885,0
2.2599,1.913481E-05,33.8985,0,2.2599,-5.807584E-05,33.8985,0
2.2608,-2.853437E-05,33.912,0,2.2608,-1.644922E-05,33.912,0
2.2617,-1.376364E-05,33.9255,0,2.2617,-2.383459E-05,33.9255,0
2.2626,1.712062E-05,33.939,0,2.2626,-5.069047E-05,33.939,0
2.2635,-1.242084E-05,33.9525,0,2.2635,-1.644922E-05,33.9525,0
2.2644,-1.611353E-05,33.966,0,2.2644,-3.356985E-07,33.966,0
2.2653,-3.021286E-06,33.9795,0,2.2653,-1.980621E-05,33.9795,0
2.2662,-1.107805E-05,33.993,0,2.2662,-2.18204E-05,33.993,0
2.2671,-3.524834E-05,34.0065,0,2.2671,1.007095E-06,34.0065,0
2.268,-2.047761E-05,34.02,0,2.268,-1.309224E-05,34.02,0
2.2689,1.040665E-05,34.0335,0,2.2689,-1.812772E-05,34.0335,0
2.2698,0,34.047,0,2.2698,-4.36408E-05,34.047,0
2.2707,8.056763E-06,34.0605,0,2.2707,-2.887007E-05,34.0605,0
2.2716,1.879912E-05,34.074,0,2.2716,-2.786297E-05,34.074,0
2.2725,-8.392462E-06,34.0875,0,2.2725,-4.867628E-05,34.0875,0
2.2734,-2.21561E-05,34.101,0,2.2734,-5.035477E-05,34.101,0
2.2743,-3.927672E-05,34.1145,0,2.2743,-1.678492E-06,34.1145,0
2.2752,-1.510643E-05,34.128,0,2.2752,-1.242084E-05,34.128,0
2.2761,2.047761E-05,34.1415,0,2.2761,-3.826963E-05,34.1415,0
2.277,4.028382E-05,34.155,0,2.277,1.846342E-05,34.155,0
2.2779,5.035477E-05,34.1685,0,2.2779,7.049668E-06,34.1685,0
2.2788,-1.309224E-05,34.182,0,2.2788,-5.337606E-05,34.182,0
2.2797,-3.356985E-06,34.1955,0,2.2797,-1.712062E-05,34.1955,0
2.2806,-1.007095E-06,34.209,0,2.2806,1.242084E-05,34.209,0
2.2815,-9.735256E-06,34.2225,0,2.2815,-8.728161E-06,34.2225,0
2.2824,3.356985E-07,34.236,0,2.2824,-1.980621E-05,34.236,0
2.2833,1.007095E-05,34.2495,0,2.2833,-3.323415E-05,34.2495,0
2.2842,-1.678492E-06,34.263,0,2.2842,-9.735256E-06,34.263,0
2.2851,-3.692683E-05,34.2765,0,2.2851,1.443504E-05,34.2765,0
2.286,-3.659113E-05,34.29,0,2.286,-7.049668E-06,34.29,0
2.2869,-2.618448E-05,34.3035,0,2.2869,-2.786297E-05,34.3035,0
2.2878,-3.457694E-05,34.317,0,2.2878,-2.349889E-06,34.317,0
2.2887,-1.913481E-05,34.3305,0,2.2887,-8.392462E-06,34.3305,0
2.2896,3.961242E-05,34.344,0,2.2896,-6.478981E-05,34.344,0
2.2905,2.618448E-05,34.3575,0,2.2905,-3.927672E-05,34.3575,0
2.2914,3.491264E-05,34.371,0,2.2914,-2.014191E-06,34.371,0
2.2923,5.069047E-05,34.3845,0,2.2923,-3.088426E-05,34.3845,0
2.2932,-3.356985E-07,34.398,0,2.2932,-3.726253E-05,34.398,0
2.2941,-4.666209E-05,34.4115,0,2.2941,0,34.4115,0
2.295,-1.409934E-05,34.425,0,2.295,-2.316319E-05,34.425,0
2.2959,-9.735256E-06,34.4385,0,2.2959,-3.659113E-05,34.4385,0
2.2968,-1.376364E-05,34.452,0,2.2968,-3.625543E-05,34.452,0
2.2977,5.706874E-06,34.4655,0,2.2977,-1.107805E-05,34.4655,0
2.2986,1.275654E-05,34.479,0,2.2986,1.007095E-05,34.479,0
2.2995,3.356985E-05,34.4925,0,2.2995,-1.107805E-05,34.4925,0
2.3004,-3.021286E-06,34.506,0,2.3004,-4.632639E-05,34.506,0
2.3013,-6.378271E-05,34.5195,0,2.3013,-2.047761E-05,34.5195,0
2.3022,-3.524834E-05,34.533,0,2.3022,-3.054856E-05,34.533,0
2.3031,1.309224E-05,34.5465,0,2.3031,-3.726253E-05,34.5465,0
2.304,-1.376364E-05,34.56,0,2.304,4.867628E-05,34.56,0
2.3049,-3.491264E-05,34.5735,0,2.3049,4.666209E-05,34.5735,0
2.3058,1.040665E-05,34.587,0,2.3058,-1.846342E-05,34.587,0
2.3067,4.934768E-05,34.6005,0,2.3067,-2.047761E-05,34.6005,0
2.3076,-9.063859E-06,34.614,0,2.3076,1.275654E-05,34.614,0
2.3085,-1.107805E-05,34.6275,0,2.3085,-2.685588E-06,34.6275,0
2.3094,7.049668E-06,34.641,0,2.3094,-1.812772E-05,34.641,0
2.3103,-1.980621E-05,34.6545,0,2.3103,-5.774014E-05,34.6545,0
2.3112,-2.28275E-05,34.668,0,2.3112,-2.349889E-05,34.668,0
2.3121,-1.510643E-05,34.6815,0,2.3121,1.275654E-05,34.6815,0
2.313,-2.316319E-05,34.695,0,2.313,-9.063859E-06,34.695,0
2.3139,-2.752728E-05,34.7085,0,2.3139,-3.256275E-05,34.7085,0
2.3148,-3.457694E-05,34.722,0,2.3148,2.014191E-06,34.722,0
2.3157,-1.510643E-05,34.7355,0,2.3157,-1.107805E-05,34.7355,0
2.3166,-8.392462E-06,34.749,0,2.3166,-4.766919E-05,34.749,0
2.3175,-3.121996E-05,34.7625,0,2.3175,-5.706874E-06,34.7625,0
2.3184,-2.18204E-05,34.776,0,2.3184,2.719158E-05,34.776,0
2.3193,-1.309224E-05,34.7895,0,2.3193,-3.155566E-05,34.7895,0
2.3202,-5.941863E-05,34.803,0,2.3202,-4.565499E-05,34.803,0
2.3211,-5.471885E-05,34.8165,0,2.3211,-1.409934E-05,34.8165,0
2.322,-2.618448E-05,34.83,0,2.322,-5.706874E-06,34.83,0
2.3229,-9.735256E-06,34.8435,0,2.3229,-6.378271E-06,34.8435,0
2.3238,7.049668E-06,34.857,0,2.3238,-2.719158E-05,34.857,0
2.3247,3.726253E-05,34.8705,0,2.3247,-2.349889E-06,34.8705,0
2.3256,4.36408E-06,34.884,0,2.3256,-2.24918E-05,34.884,0
2.3265,-3.356985E-07,34.8975,0,2.3265,-6.881819E-05,34.8975,0
2.3274,3.323415E-05,34.911,0,2.3274,-8.96315E-05,34.911,0
2.3283,-1.678492E-06,34.9245,0,2.3283,-3.323415E-05,34.9245,0
2.3292,-2.349889E-06,34.938,0,2.3292,-2.987716E-05,34.938,0
2.3301,1.040665E-05,34.9515,0,2.3301,-5.673304E-05,34.9515,0
2.331,-1.174945E-05,34.965,0,2.331,-3.054856E-05,34.965,0
2.3319,-1.107805E-05,34.9785,0,2.3319,-2.14847E-05,34.9785,0
2.3328,1.107805E-05,34.992,0,2.3328,-4.196231E-05,34.992,0
2.3337,-2.18204E-05,35.0055,0,2.3337,-3.021286E-06,35.0055,0
2.3346,-1.812772E-05,35.019,0,2.3346,3.189136E-05,35.019,0
2.3355,-1.376364E-05,35.0325,0,2.3355,-1.544213E-05,35.0325,0
2.3364,-4.36408E-06,35.046,0,2.3364,-2.517739E-05,35.046,0
2.3373,-1.376364E-05,35.0595,0,2.3373,-3.356985E-05,35.0595,0
2.3382,2.014191E-06,35.073,0,2.3382,-4.061952E-05,35.073,0
2.3391,1.577783E-05,35.0865,0,2.3391,-8.056763E-06,35.0865,0
2.34,-6.378271E-06,35.1,0,2.34,-9.735256E-06,35.1,0
2.3409,-1.208515E-05,35.1135,0,2.3409,-3.424125E-05,35.1135,0
2.3418,-6.378271E-06,35.127,0,2.3418,8.728161E-06,35.127,0
2.3427,-1.309224E-05,35.1405,0,2.3427,-9.399558E-06,35.1405,0
2.3436,1.309224E-05,35.154,0,2.3436,-5.203327E-05,35.154,0
2.3445,2.349889E-05,35.1675,0,2.3445,-9.735256E-06,35.1675,0
2.3454,5.035477E-06,35.181,0,2.3454,1.242084E-05,35.181,0
2.3463,2.047761E-05,35.1945,0,2.3463,-2.383459E-05,35.1945,0
2.3472,-3.692683E-06,35.208,0,2.3472,-2.349889E-05,35.208,0
2.3481,-1.980621E-05,35.2215,0,2.3481,8.056763E-06,35.2215,0
2.349,-4.196231E-05,35.235,0,2.349,-5.371176E-06,35.235,0
2.3499,-2.517739E-05,35.2485,0,2.3499,-2.484169E-05,35.2485,0
2.3508,6.042573E-06,35.262,0,2.3508,-3.994812E-05,35.262,0
2.3517,-2.719158E-05,35.2755,0,2.3517,-1.141375E-05,35.2755,0
2.3526,-3.457694E-05,35.289,0,2.3526,1.141375E-05,35.289,0
2.3535,1.040665E-05,35.3025,0,2.3535,-2.450599E-05,35.3025,0
2.3544,5.706874E-06,35.316,0,2.3544,-3.088426E-05,35.316,0
2.3553,-1.409934E-05,35.3295,0,2.3553,-7.049668E-06,35.3295,0
2.3562,-1.947051E-05,35.343,0,2.3562,-3.692683E-06,35.343,0
2.3571,9.735256E-06,35.3565,0,2.3571,-3.927672E-05,35.3565,0
2.358,-1.007095E-06,35.37,0,2.358,-1.678492E-06,35.37,0
2.3589,4.699779E-06,35.3835,0,2.3589,1.141375E-05,35.3835,0
2.3598,1.913481E-05,35.397,0,2.3598,-2.551309E-05,35.397,0
2.3607,-1.846342E-05,35.4105,0,2.3607,-3.323415E-05,35.4105,0
2.3616,-3.155566E-05,35.424,0,2.3616,-1.040665E-05,35.424,0
2.3625,-9.399558E-06,35.4375,0,2.3625,-1.913481E-05,35.4375,0
2.3634,6.378271E-06,35.451,0,2.3634,-1.913481E-05,35.451,0
2.3643,4.36408E-06,35.4645,0,2.3643,-4.129091E-05,35.4645,0
2.3652,2.383459E-05,35.478,0,2.3652,-9.735256E-06,35.478,0
2.3661,-2.383459E-05,35.4915,0,2.3661,2.517739E-05,35.4915,0
2.367,-7.385367E-06,35.505,0,2.367,-2.24918E-05,35.505,0
2.3679,1.577783E-05,35.5185,0,2.3679,-4.33051E-05,35.5185,0
2.3688,-3.524834E-05,35.532,0,2.3688,3.021286E-06,35.532,0
2.3697,-2.853437E-05,35.5455,0,2.3697,-4.699779E-06,35.5455,0
2.3706,-2.047761E-05,35.559,0,2.3706,-4.061952E-05,35.559,0
2.3715,-2.618448E-05,35.5725,0,2.3715,-7.721065E-06,35.5725,0
2.3724,1.309224E-05,35.586,0,2.3724,-1.342794E-06,35.586,0
2.3733,3.659113E-05,35.5995,0,2.3733,-5.404745E-05,35.5995,0
2.3742,3.054856E-05,35.613,0,2.3742,-6.64683E-05,35.613,0
2.3751,2.349889E-05,35.6265,0,2.3751,-2.954147E-05,35.6265,0
2.376,2.383459E-05,35.64,0,2.376,-1.712062E-05,35.64,0
2.3769,9.735256E-06,35.6535,0,2.3769,-1.846342E-05,35.6535,0
2.3778,1.409934E-05,35.667,0,2.3778,4.699779E-06,35.667,0
2.3787,-1.913481E-05,35.6805,0,2.3787,-2.014191E-06,35.6805,0
2.3796,-2.786297E-05,35.694,0,2.3796,-2.517739E-05,35.694,0
2.3805,-1.913481E-05,35.7075,0,2.3805,-3.558404E-05,35.7075,0
2.3814,-2.349889E-06,35.721,0,2.3814,-4.968337E-05,35.721,0
2.3823,-1.644922E-05,35.7345,0,2.3823,-4.028382E-06,35.7345,0
2.3832,-2.316319E-05,35.748,0,2.3832,-1.174945E-05,35.748,0
2.3841,-1.947051E-05,35.7615,0,2.3841,-4.53193E-05,35.7615,0
2.385,-3.356985E-05,35.775,0,2.385,1.678492E-06,35.775,0
2.3859,-4.229801E-05,35.7885,0,2.3859,1.309224E-05,35.7885,0
2.3868,-5.404745E-05,35.802,0,2.3868,-2.786297E-05,35.802,0
2.3877,-6.042573E-06,35.8155,0,2.3877,-1.846342E-05,35.8155,0
2.3886,-1.242084E-05,35.829,0,2.3886,1.275654E-05,35.829,0
2.3895,5.035477E-06,35.8425,0,2.3895,4.699779E-06,35.8425,0
2.3904,1.577783E-05,35.856,0,2.3904,-5.706874E-06,35.856,0
2.3913,4.028382E-06,35.8695,0,2.3913,-3.289845E-05,35.8695,0
2.3922,-7.721065E-06,35.883,0,2.3922,-1.846342E-05,35.883,0
2.3931,-1.577783E-05,35.8965,0,2.3931,-1.879912E-05,35.8965,0
2.394,-8.728161E-06,35.91,0,2.394,-3.356985E-05,35.91,0
2.3949,6.713969E-06,35.9235,0,2.3949,-5.169757E-05,35.9235,0
2.3958,-2.24918E-05,35.937,0,2.3958,-1.174945E-05,35.937,0
2.3967,-4.263371E-05,35.9505,0,2.3967,-9.735256E-06,35.9505,0
2.3976,-2.920577E-05,35.964,0,2.3976,-4.162661E-05,35.964,0
2.3985,-3.390555E-05,35.9775,0,2.3985,1.544213E-05,35.9775,0
2.3994,-1.913481E-05,35.991,0,2.3994,1.678492E-06,35.991,0
2.4003,0,36.0045,0,2.4003,-4.699779E-05,36.0045,0
2.4012,4.095522E-05,36.018,0,2.4012,-9.063859E-06,36.018,0
2.4021,1.577783E-05,36.0315,0,2.4021,1.779202E-05,36.0315,0
2.403,-4.599069E-05,36.045,0,2.403,-2.18204E-05,36.045,0
2.4039,-3.155566E-05,36.0585,0,2.4039,-2.752728E-05,36.0585,0
2.4048,1.577783E-05,36.072,0,2.4048,-2.517739E-05,36.072,0
2.4057,1.477073E-05,36.0855,0,2.4057,-3.256275E-05,36.0855,0
2.4066,-1.510643E-05,36.099,0,2.4066,-2.954147E-05,36.099,0
2.4075,-2.1149E-05,36.1125,0,2.4075,-5.203327E-05,36.1125,0
2.4084,2.18204E-05,36.126,0,2.4084,-5.304036E-05,36.126,0
2.4093,-5.706874E-06,36.1395,0,2.4093,7.049668E-06,36.1395,0
2.4102,-2.383459E-05,36.153,0,2.4102,2.1149E-05,36.153,0
2.4111,-3.356985E-07,36.1665,0,2.4111,-8.056763E-06,36.1665,0
2.412,-2.081331E-05,36.18,0,2.412,-1.678492E-06,36.18,0
2.4129,-1.376364E-05,36.1935,0,2.4129,-1.107805E-05,36.1935,0
2.4138,-5.035477E-06,36.207,0,2.4138,-3.692683E-05,36.207,0
2.4147,4.263371E-05,36.2205,0,2.4147,-2.18204E-05,36.2205,0
2.4156,3.356985E-06,36.234,0,2.4156,-3.021286E-06,36.234,0
2.4165,2.014191E-05,36.2475,0,2.4165,-1.141375E-05,36.2475,0
2.4174,2.18204E-05,36.261,0,2.4174,-1.443504E-05,36.261,0
2.4183,1.644922E-05,36.2745,0,2.4183,-3.524834E-05,36.2745,0
2.4192,-8.392462E-06,36.288,0,2.4192,-2.417029E-05,36.288,0
2.4201,-2.853437E-05,36.3015,0,2.4201,5.035477E-06,36.3015,0
2.421,-3.189136E-05,36.315,0,2.421,-1.309224E-05,36.315,0
2.4219,-5.136187E-05,36.3285,0,2.4219,-2.853437E-05,36.3285,0
2.4228,-4.867628E-05,36.342,0,2.4228,1.040665E-05,36.342,0
2.4237,-1.174945E-05,36.3555,0,2.4237,1.040665E-05,36.3555,0
2.4246,4.666209E-05,36.369,0,2.4246,-3.793393E-05,36.369,0
2.4255,8.023193E-05,36.3825,0,2.4255,-2.349889E-06,36.3825,0
2.4264,3.994812E-05,36.396,0,2.4264,-1.107805E-05,36.396,0
2.4273,6.378271E-06,36.4095,0,2.4273,-8.426032E-05,36.4095,0
2.4282,3.424125E-05,36.423,0,2.4282,-7.251087E-05,36.423,0
2.4291,-1.644922E-05,36.4365,0,2.4291,-1.174945E-05,36.4365,0
2.43,-2.551309E-05,36.45,0,2.43,-1.779202E-05,36.45,0
2.4309,-2.450599E-05,36.4635,0,2.4309,-4.46479E-05,36.4635,0
2.4318,-1.107805E-05,36.477,0,2.4318,-6.6804E-05,36.477,0
2.4327,4.028382E-06,36.4905,0,2.4327,-2.719158E-05,36.4905,0
2.4336,-5.035477E-06,36.504,0,2.4336,-3.356985E-06,36.504,0
2.4345,-2.584878E-05,36.5175,0,2.4345,-1.947051E-05,36.5175,0
2.4354,-2.417029E-05,36.531,0,2.4354,-5.539025E-05,36.531,0
2.4363,-3.793393E-05,36.5445,0,2.4363,-2.786297E-05,36.5445,0
2.4372,-1.242084E-05,36.558,0,2.4372,-2.752728E-05,36.558,0
2.4381,1.342794E-05,36.5715,0,2.4381,-3.826963E-05,36.5715,0
2.439,-2.24918E-05,36.585,0,2.439,4.699779E-06,36.585,0
2.4399,-1.141375E-05,36.5985,0,2.4399,3.189136E-05,36.5985,0
2.4408,-1.644922E-05,36.612,0,2.4408,-1.678492E-06,36.612,0
2.4417,-2.316319E-05,36.6255,0,2.4417,-1.107805E-05,36.6255,0
2.4426,-3.189136E-05,36.639,0,2.4426,8.392462E-06,36.639,0
2.4435,-1.107805E-05,36.6525,0,2.4435,5.706874E-06,36.6525,0
2.4444,-1.913481E-05,36.666,0,2.4444,1.007095E-06,36.666,0
2.4453,-1.409934E-05,36.6795,0,2.4453,-2.450599E-05,36.6795,0
2.4462,7.721065E-06,36.693,0,2.4462,-1.510643E-05,36.693,0
2.4471,6.042573E-06,36.7065,0,2.4471,8.728161E-06,36.7065,0
2.448,8.728161E-06,36.72,0,2.448,-1.141375E-05,36.72,0
2.4489,2.047761E-05,36.7335,0,2.4489,-3.793393E-05,36.7335,0
2.4498,-2.349889E-06,36.747,0,2.4498,6.042573E-06,36.747,0
2.4507,-1.443504E-05,36.7605,0,2.4507,-8.392462E-06,36.7605,0
2.4516,2.21561E-05,36.774,0,2.4516,-5.673304E-05,36.774,0
2.4525,-7.049668E-06,36.7875,0,2.4525,-1.980621E-05,36.7875,0
2.4534,-2.18204E-05,36.801,0,2.4534,-9.063859E-06,36.801,0
2.4543,-3.356985E-07,36.8145,0,2.4543,-3.558404E-05,36.8145,0
2.4552,2.1149E-05,36.828,0,2.4552,-4.33051E-05,36.828,0
2.4561,-4.33051E-05,36.8415,0,2.4561,-9.063859E-06,36.8415,0
2.457,-5.807584E-05,36.855,0,2.457,-8.392462E-06,36.855,0
2.4579,-1.141375E-05,36.8685,0,2.4579,-2.24918E-05,36.8685,0
2.4588,2.349889E-06,36.882,0,2.4588,-4.834058E-05,36.882,0
2.4597,-5.035477E-06,36.8955,0,2.4597,-1.678492E-06,36.8955,0
2.4606,-3.961242E-05,36.909,0,2.4606,7.721065E-06,36.909,0
2.4615,-2.18204E-05,36.9225,0,2.4615,-1.812772E-05,36.9225,0
2.4624,2.920577E-05,36.936,0,2.4624,-2.853437E-05,36.936,0
2.4633,1.980621E-05,36.9495,0,2.4633,7.721065E-06,36.9495,0
2.4642,-2.081331E-05,36.963,0,2.4642,4.36408E-06,36.963,0
2.4651,-7.385367E-06,36.9765,0,2.4651,-3.189136E-05,36.9765,0
2.466,-1.275654E-05,36.99,0,2.466,1.678492E-06,36.99,0
2.4669,-1.107805E-05,37.0035,0,2.4669,-5.035477E-06,37.0035,0
2.4678,2.349889E-06,37.017,0,2.4678,-4.33051E-05,37.017,0
2.4687,-2.1149E-05,37.0305,0,2.4687,-1.644922E-05,37.0305,0
2.4696,-2.719158E-05,37.044,0,2.4696,-2.349889E-06,37.044,0
2.4705,-3.054856E-05,37.0575,0,2.4705,-1.443504E-05,37.0575,0
2.4714,-4.49836E-05,37.071,0,2.4714,-2.316319E-05,37.071,0
2.4723,-2.24918E-05,37.0845,0,2.4723,-4.061952E-05,37.0845,0
2.4732,-1.913481E-05,37.098,0,2.4732,-3.189136E-05,37.098,0
2.4741,1.980621E-05,37.1115,0,2.4741,-4.36408E-06,37.1115,0
2.475,4.162661E-05,37.125,0,2.475,-3.591974E-05,37.125,0
2.4759,3.558404E-05,37.1385,0,2.4759,-4.666209E-05,37.1385,0
2.4768,2.349889E-06,37.152,0,2.4768,-9.399558E-06,37.152,0
2.4777,2.786297E-05,37.1655,0,2.4777,-4.699779E-06,37.1655,0
2.4786,6.277562E-05,37.179,0,2.4786,-4.565499E-05,37.179,0
2.4795,-9.063859E-06,37.1925,0,2.4795,-1.779202E-05,37.1925,0
2.4804,-5.941863E-05,37.206,0,2.4804,-9.063859E-06,37.206,0
2.4813,-4.39765E-05,37.2195,0,2.4813,-4.733349E-05,37.2195,0
2.4822,-5.807584E-05,37.233,0,2.4822,-3.726253E-05,37.233,0
2.4831,-5.471885E-05,37.2465,0,2.4831,-1.779202E-05,37.2465,0
2.484,-3.793393E-05,37.26,0,2.484,-2.853437E-05,37.26,0
2.4849,-1.443504E-05,37.2735,0,2.4849,-1.644922E-05,37.2735,0
2.4858,7.721065E-06,37.287,0,2.4858,-3.692683E-05,37.287,0
2.4867,4.263371E-05,37.3005,0,2.4867,-2.316319E-05,37.3005,0
2.4876,1.107805E-05,37.314,0,2.4876,-1.242084E-05,37.314,0
2.4885,2.014191E-06,37.3275,0,2.4885,-3.726253E-05,37.3275,0
2.4894,2.24918E-05,37.341,0,2.4894,-4.46479E-05,37.341,0
2.4903,-3.021286E-06,37.3545,0,2.4903,1.040665E-05,37.3545,0
2.4912,-1.577783E-05,37.368,0,2.4912,1.040665E-05,37.368,0
2.4921,-1.107805E-05,37.3815,0,2.4921,-4.53193E-05,37.3815,0
2.493,-7.721065E-06,37.395,0,2.493,-4.028382E-06,37.395,0
2.4939,1.376364E-05,37.4085,0,2.4939,6.713969E-07,37.4085,0
2.4948,2.752728E-05,37.422,0,2.4948,-2.24918E-05,37.422,0
2.4957,5.706874E-06,37.4355,0,2.4957,-1.107805E-05,37.4355,0
2.4966,-3.826963E-05,37.449,0,2.4966,-6.713969E-06,37.449,0
2.4975,-3.659113E-05,37.4625,0,2.4975,-5.706874E-06,37.4625,0
2.4984,-2.417029E-05,37.476,0,2.4984,-1.678492E-05,37.476,0
2.4993,-2.551309E-05,37.4895,0,2.4993,-4.632639E-05,37.4895,0
2.5002,9.735256E-06,37.503,0,2.5002,-2.081331E-05,37.503,0
2.5011,1.376364E-05,37.5165,0,2.5011,-2.14847E-05,37.5165,0
2.502,-1.007095E-06,37.53,0,2.502,-4.43122E-05,37.53,0
2.5029,1.007095E-05,37.5435,0,2.5029,-5.706874E-05,37.5435,0
2.5038,-5.706874E-06,37.557,0,2.5038,-1.577783E-05,37.557,0
2.5047,-1.779202E-05,37.5705,0,2.5047,4.699779E-06,37.5705,0
2.5056,3.692683E-06,37.584,0,2.5056,-2.853437E-05,37.584,0
2.5065,-2.047761E-05,37.5975,0,2.5065,-1.477073E-05,37.5975,0
2.5074,3.054856E-05,37.611,0,2.5074,2.719158E-05,37.611,0
2.5083,2.987716E-05,37.6245,0,2.5083,-3.021286E-06,37.6245,0
2.5092,0,37.638,0,2.5092,-3.625543E-05,37.638,0
2.5101,1.644922E-05,37.6515,0,2.5101,1.409934E-05,37.6515,0
2.511,1.577783E-05,37.665,0,2.511,-2.349889E-06,37.665,0
2.5119,-1.376364E-05,37.6785,0,2.5119,-1.477073E-05,37.6785,0
2.5128,6.378271E-06,37.692,0,2.5128,-2.954147E-05,37.692,0
2.5137,-9.063859E-06,37.7055,0,2.5137,-3.390555E-05,37.7055,0
2.5146,-8.157473E-05,37.719,0,2.5146,-5.505455E-05,37.719,0
2.5155,-4.36408E-05,37.7325,0,2.5155,-6.54612E-05,37.7325,0
2.5164,6.378271E-06,37.746,0,2.5164,-5.774014E-05,37.746,0
2.5173,-4.599069E-05,37.7595,0,2.5173,-1.745632E-05,37.7595,0
2.5182,-4.162661E-05,37.773,0,2.5182,3.155566E-05,37.773,0
2.5191,-5.035477E-06,37.7865,0,2.5191,1.577783E-05,37.7865,0
2.52,3.356985E-07,37.8,0,2.52,1.409934E-05,37.8,0
2.5209,9.063859E-06,37.8135,0,2.5209,1.409934E-05,37.8135,0
2.5218,7.721065E-06,37.827,0,2.5218,-2.920577E-05,37.827,0
2.5227,3.054856E-05,37.8405,0,2.5227,-5.035477E-06,37.8405,0
2.5236,-3.927672E-05,37.854,0,2.5236,-7.385367E-06,37.854,0
2.5245,-1.544213E-05,37.8675,0,2.5245,1.174945E-05,37.8675,0
2.5254,2.450599E-05,37.881,0,2.5254,4.36408E-06,37.881,0
2.5263,-2.584878E-05,37.8945,0,2.5263,-4.263371E-05,37.8945,0
2.5272,-4.699779E-05,37.908,0,2.5272,-1.409934E-05,37.908,0
2.5281,-6.61326E-05,37.9215,0,2.5281,2.316319E-05,37.9215,0
2.529,-3.726253E-05,37.935,0,2.529,-2.18204E-05,37.935,0
2.5299,3.256275E-05,37.9485,0,2.5299,-4.699779E-05,37.9485,0
2.5308,1.577783E-05,37.962,0,2.5308,1.007095E-05,37.962,0
2.5317,1.141375E-05,37.9755,0,2.5317,2.584878E-05,37.9755,0
2.5326,2.047761E-05,37.989,0,2.5326,-1.812772E-05,37.989,0
2.5335,-2.349889E-06,38.0025,0,2.5335,-2.987716E-05,38.0025,0
2.5344,1.846342E-05,38.016,0,2.5344,-2.081331E-05,38.016,0
2.5353,3.591974E-05,38.0295,0,2.5353,-5.673304E-05,38.0295,0
2.5362,1.846342E-05,38.043,0,2.5362,-5.807584E-05,38.043,0
2.5371,2.450599E-05,38.0565,0,2.5371,-2.047761E-05,38.0565,0
2.538,-1.107805E-05,38.07,0,2.538,-3.121996E-05,38.07,0
2.5389,-3.155566E-05,38.0835,0,2.5389,-5.471885E-05,38.0835,0
2.5398,-5.706874E-06,38.097,0,2.5398,-6.814679E-05,38.097,0
2.5407,-2.014191E-06,38.1105,0,2.5407,-1.208515E-05,38.1105,0
2.5416,-1.947051E-05,38.124,0,2.5416,1.779202E-05,38.124,0
2.5425,-8.392462E-06,38.1375,0,2.5425,-1.242084E-05,38.1375,0
2.5434,-1.309224E-05,38.151,0,2.5434,-3.961242E-05,38.151,0
2.5443,-4.39765E-05,38.1645,0,2.5443,-2.383459E-05,38.1645,0
2.5452,-3.356985E-06,38.178,0,2.5452,-9.063859E-06,38.178,0
2.5461,1.712062E-05,38.1915,0,2.5461,-3.894102E-05,38.1915,0
2.547,-1.577783E-05,38.205,0,2.547,-1.644922E-05,38.205,0
2.5479,-1.007095E-06,38.2185,0,2.5479,-2.349889E-06,38.2185,0
2.5488,-2.685588E-06,38.232,0,2.5488,-2.21561E-05,38.232,0
2.5497,-4.53193E-05,38.2455,0,2.5497,2.349889E-06,38.2455,0
2.5506,-5.539025E-05,38.259,0,2.5506,3.021286E-06,38.259,0
2.5515,-3.054856E-05,38.2725,0,2.5515,-5.035477E-06,38.2725,0
2.5524,-5.505455E-05,38.286,0,2.5524,-1.342794E-06,38.286,0
2.5533,-1.779202E-05,38.2995,0,2.5533,-3.088426E-05,38.2995,0
2.5542,1.040665E-05,38.313,0,2.5542,-1.510643E-05,38.313,0
2.5551,-3.692683E-06,38.3265,0,2.5551,-6.042573E-06,38.3265,0
2.556,-3.021286E-06,38.34,0,2.556,-2.920577E-05,38.34,0
2.5569,-4.36408E-06,38.3535,0,2.5569,-5.169757E-05,38.3535,0
2.5578,-8.392462E-06,38.367,0,2.5578,3.692683E-06,38.367,0
2.5587,2.014191E-06,38.3805,0,2.5587,-1.913481E-05,38.3805,0
2.5596,2.24918E-05,38.394,0,2.5596,-6.74754E-05,38.394,0
2.5605,-7.721065E-06,38.4075,0,2.5605,-1.980621E-05,38.4075,0
2.5614,-1.174945E-05,38.421,0,2.5614,3.356985E-06,38.421,0
2.5623,1.242084E-05,38.4345,0,2.5623,-1.779202E-05,38.4345,0
2.5632,1.040665E-05,38.448,0,2.5632,-2.853437E-05,38.448,0
2.5641,-3.356985E-06,38.4615,0,2.5641,1.913481E-05,38.4615,0
2.565,1.443504E-05,38.475,0,2.565,2.24918E-05,38.475,0
2.5659,1.879912E-05,38.4885,0,2.5659,-1.242084E-05,38.4885,0
2.5668,-2.349889E-06,38.502,0,2.5668,-4.699779E-05,38.502,0
2.5677,-2.28275E-05,38.5155,0,2.5677,-2.584878E-05,38.5155,0
2.5686,7.385367E-06,38.529,0,2.5686,-7.049668E-06,38.529,0
2.5695,4.699779E-06,38.5425,0,2.5695,-1.007095E-05,38.5425,0
2.5704,4.699779E-06,38.556,0,2.5704,-2.484169E-05,38.556,0
2.5713,1.242084E-05,38.5695,0,2.5713,2.349889E-06,38.5695,0
2.5722,-6.042573E-06,38.583,0,2.5722,-1.242084E-05,38.583,0
2.5731,1.779202E-05,38.5965,0,2.5731,-5.706874E-05,38.5965,0
2.574,1.678492E-06,38.61,0,2.574,-9.063859E-06,38.61,0
2.5749,-1.644922E-05,38.6235,0,2.5749,-1.544213E-05,38.6235,0
2.5758,-2.24918E-05,38.637,0,2.5758,-5.035477E-05,38.637,0
2.5767,-1.275654E-05,38.6505,0,2.5767,-2.584878E-05,38.6505,0
2.5776,-2.383459E-05,38.664,0,2.5776,-3.021286E-06,38.664,0
2.5785,-3.424125E-05,38.6775,0,2.5785,-1.275654E-05,38.6775,0
2.5794,-2.24918E-05,38.691,0,2.5794,-2.786297E-05,38.691,0
2.5803,6.378271E-06,38.7045,0,2.5803,-5.941863E-05,38.7045,0
2.5812,-1.577783E-05,38.718,0,2.5812,-2.584878E-05,38.718,0
2.5821,-1.510643E-05,38.7315,0,2.5821,1.107805E-05,38.7315,0
2.583,-3.356985E-07,38.745,0,2.583,-2.853437E-05,38.745,0
2.5839,-1.745632E-05,38.7585,0,2.5839,-4.263371E-05,38.7585,0
2.5848,-3.491264E-05,38.772,0,2.5848,-4.699779E-06,38.772,0
2.5857,-2.786297E-05,38.7855,0,2.5857,-4.699779E-06,38.7855,0
2.5866,-5.035477E-06,38.799,0,2.5866,-3.591974E-05,38.799,0
2.5875,4.36408E-06,38.8125,0,2.5875,1.040665E-05,38.8125,0
2.5884,3.457694E-05,38.826,0,2.5884,1.342794E-06,38.826,0
2.5893,4.666209E-05,38.8395,0,2.5893,-4.733349E-05,38.8395,0
2.5902,-1.376364E-05,38.853,0,2.5902,-4.129091E-05,38.853,0
2.5911,-4.36408E-06,38.8665,0,2.5911,-6.713969E-06,38.8665,0
2.592,3.054856E-05,38.88,0,2.592,-1.678492E-05,38.88,0
2.5929,2.417029E-05,38.8935,0,2.5929,-2.719158E-05,38.8935,0
2.5938,-3.692683E-06,38.907,0,2.5938,-3.054856E-05,38.907,0
2.5947,-1.745632E-05,38.9205,0,2.5947,-2.014191E-05,38.9205,0
2.5956,-1.913481E-05,38.934,0,2.5956,1.443504E-05,38.934,0
2.5965,-2.685588E-05,38.9475,0,2.5965,-1.510643E-05,38.9475,0
2.5974,-1.913481E-05,38.961,0,2.5974,-3.927672E-05,38.961,0
2.5983,-2.316319E-05,38.9745,0,2.5983,-5.035477E-06,38.9745,0
2.5992,-1.644922E-05,38.988,0,2.5992,-7.721065E-06,38.988,0
2.6001,9.735256E-06,39.0015,0,2.6001,-4.196231E-05,39.0015,0
2.601,2.349889E-06,39.015,0,2.601,-5.706874E-06,39.015,0
2.6019,1.443504E-05,39.0285,0,2.6019,-2.047761E-05,39.0285,0
2.6028,3.457694E-05,39.042,0,2.6028,-4.867628E-05,39.042,0
2.6037,1.913481E-05,39.0555,0,2.6037,-4.53193E-05,39.0555,0
2.6046,-2.450599E-05,39.069,0,2.6046,-1.242084E-05,39.069,0
2.6055,-3.491264E-05,39.0825,0,2.6055,-1.812772E-05,39.0825,0
2.6064,-3.558404E-05,39.096,0,2.6064,-3.558404E-05,39.096,0
2.6073,-2.685588E-05,39.1095,0,2.6073,-2.719158E-05,39.1095,0
2.6082,-2.450599E-05,39.123,0,2.6082,-1.107805E-05,39.123,0
2.6091,-6.277562E-05,39.1365,0,2.6091,1.007095E-06,39.1365,0
2.61,-2.450599E-05,39.15,0,2.61,-2.383459E-05,39.15,0
2.6109,-1.678492E-06,39.1635,0,2.6109,-4.33051E-05,39.1635,0
2.6118,-2.517739E-05,39.177,0,2.6118,-3.021286E-06,39.177,0
2.6127,-5.035477E-06,39.1905,0,2.6127,-5.706874E-06,39.1905,0
2.6136,7.721065E-06,39.204,0,2.6136,-5.001907E-05,39.204,0
2.6145,-3.524834E-05,39.2175,0,2.6145,-1.174945E-05,39.2175,0
2.6154,-3.189136E-05,39.231,0,2.6154,5.035477E-06,39.231,0
2.6163,-3.524834E-05,39.2445,0,2.6163,-3.625543E-05,39.2445,0
2.6172,-1.242084E-05,39.258,0,2.6172,-1.544213E-05,39.258,0
2.6181,3.021286E-06,39.2715,0,2.6181,4.028382E-06,39.2715,0
2.619,2.383459E-05,39.285,0,2.619,-2.584878E-05,39.285,0
2.6199,6.277562E-05,39.2985,0,2.6199,-1.309224E-05,39.2985,0
2.6208,5.069047E-05,39.312,0,2.6208,-9.735256E-06,39.312,0
2.6217,1.779202E-05,39.3255,0,2.6217,-1.376364E-05,39.3255,0
2.6226,-2.081331E-05,39.339,0,2.6226,-3.054856E-05,39.339,0
2.6235,-8.728161E-06,39.3525,0,2.6235,-4.632639E-05,39.3525,0
2.6244,1.678492E-06,39.366,0,2.6244,-4.565499E-05,39.366,0
2.6253,-4.43122E-05,39.3795,0,2.6253,-5.035477E-06,39.3795,0
2.6262,-4.39765E-05,39.393,0,2.6262,3.558404E-05,39.393,0
2.6271,-1.007095E-06,39.4065,0,2.6271,-3.356985E-07,39.4065,0
2.628,-3.189136E-05,39.42,0,2.628,3.356985E-07,39.42,0
2.6289,-2.24918E-05,39.4335,0,2.6289,-3.692683E-06,39.4335,0
2.6298,5.035477E-06,39.447,0,2.6298,-1.577783E-05,39.447,0
2.6307,-1.007095E-06,39.4605,0,2.6307,7.385367E-06,39.4605,0
2.6316,1.174945E-05,39.474,0,2.6316,2.014191E-05,39.474,0
2.6325,1.007095E-05,39.4875,0,2.6325,7.721065E-06,39.4875,0
2.6334,-8.392462E-06,39.501,0,2.6334,1.678492E-06,39.501,0
2.6343,-1.913481E-05,39.5145,0,2.6343,-5.035477E-05,39.5145,0
2.6352,-8.728161E-06,39.528,0,2.6352,-5.572595E-05,39.528,0
2.6361,-5.706874E-06,39.5415,0,2.6361,-2.417029E-05,39.5415,0
2.637,-1.107805E-05,39.555,0,2.637,-2.853437E-05,39.555,0
2.6379,-1.644922E-05,39.5685,0,2.6379,-5.572595E-05,39.5685,0
2.6388,-4.229801E-05,39.582,0,2.6388,3.356985E-07,39.582,0
2.6397,-2.18204E-05,39.5955,0,2.6397,2.920577E-05,39.5955,0
2.6406,9.735256E-06,39.609,0,2.6406,-3.088426E-05,39.609,0
2.6415,2.349889E-06,39.6225,0,2.6415,3.356985E-06,39.6225,0
2.6424,1.644922E-05,39.636,0,2.6424,-1.644922E-05,39.636,0
2.6433,1.510643E-05,39.6495,0,2.6433,-6.71397E-05,39.6495,0
2.6442,5.035477E-06,39.663,0,2.6442,-3.692683E-05,39.663,0
2.6451,7.049668E-06,39.6765,0,2.6451,-3.692683E-06,39.6765,0
2.646,-6.378271E-06,39.69,0,2.646,-2.349889E-06,39.69,0
2.6469,3.692683E-06,39.7035,0,2.6469,-2.618448E-05,39.7035,0
2.6478,3.121996E-05,39.717,0,2.6478,-5.438316E-05,39.717,0
2.6487,1.913481E-05,39.7305,0,2.6487,-2.014191E-05,39.7305,0
2.6496,-2.551309E-05,39.744,0,2.6496,-2.316319E-05,39.744,0
2.6505,-1.712062E-05,39.7575,0,2.6505,-3.793393E-05,39.7575,0
2.6514,-2.719158E-05,39.771,0,2.6514,-3.424125E-05,39.771,0
2.6523,-3.121996E-05,39.7845,0,2.6523,1.644922E-05,39.7845,0
2.6532,-1.980621E-05,39.798,0,2.6532,-1.275654E-05,39.798,0
2.6541,-2.517739E-05,39.8115,0,2.6541,-5.270466E-05,39.8115,0
2.655,-3.189136E-05,39.825,0,2.655,-5.706874E-06,39.825,0
2.6559,2.21561E-05,39.8385,0,2.6559,1.242084E-05,39.8385,0
2.6568,1.644922E-05,39.852,0,2.6568,-2.685588E-05,39.852,0
2.6577,-3.894102E-05,39.8655,0,2.6577,-1.040665E-05,39.8655,0
2.6586,-1.712062E-05,39.879,0,2.6586,-2.685588E-06,39.879,0
2.6595,-9.399558E-06,39.8925,0,2.6595,-6.042573E-06,39.8925,0
2.6604,-2.417029E-05,39.906,0,2.6604,1.678492E-06,39.906,0
2.6613,-1.007095E-05,39.9195,0,2.6613,-1.779202E-05,39.9195,0
2.6622,6.378271E-06,39.933,0,2.6622,-2.18204E-05,39.933,0
2.6631,-7.049668E-06,39.9465,0,2.6631,-3.692683E-06,39.9465,0
2.664,1.275654E-05,39.96,0,2.664,-2.047761E-05,39.96,0
2.6649,1.879912E-05,39.9735,0,2.6649,-4.33051E-05,39.9735,0
2.6658,-7.385367E-06,39.987,0,2.6658,4.36408E-06,39.987,0
2.6667,-8.392462E-06,40.0005,0,2.6667,-1.275654E-05,40.0005,0
2.6676,3.021286E-06,40.014,0,2.6676,-4.666209E-05,40.014,0
2.6685,-1.980621E-05,40.0275,0,2.6685,-1.846342E-05,40.0275,0
2.6694,-1.040665E-05,40.041,0,2.6694,-5.706874E-06,40.041,0
2.6703,-4.36408E-06,40.0545,0,2.6703,-5.404745E-05,40.0545,0
2.6712,8.392462E-06,40.068,0,2.6712,-2.383459E-05,40.068,0
2.6721,6.713969E-06,40.0815,0,2.6721,2.349889E-06,40.0815,0
2.673,1.309224E-05,40.095,0,2.673,-1.644922E-05,40.095,0
2.6739,-3.189136E-05,40.1085,0,2.6739,-3.155566E-05,40.1085,0
2.6748,-3.961242E-05,40.122,0,2.6748,-4.733349E-05,40.122,0
2.6757,-1.510643E-05,40.1355,0,2.6757,-2.719158E-05,40.1355,0
2.6766,-1.174945E-05,40.149,0,2.6766,-1.712062E-05,40.149,0
2.6775,-7.049668E-06,40.1625,0,2.6775,-1.947051E-05,40.1625,0
2.6784,3.726253E-05,40.176,0,2.6784,-5.471885E-05,40.176,0
2.6793,3.692683E-05,40.1895,0,2.6793,-1.107805E-05,40.1895,0
2.6802,5.673304E-05,40.203,0,2.6802,-9.735256E-06,40.203,0
2.6811,3.927672E-05,40.2165,0,2.6811,-5.001907E-05,40.2165,0
2.682,-1.409934E-05,40.23,0,2.682,-1.779202E-05,40.23,0
2.6829,-3.457694E-05,40.2435,0,2.6829,-2.047761E-05,40.2435,0
2.6838,-2.316319E-05,40.257,0,2.6838,-4.39765E-05,40.257,0
2.6847,2.081331E-05,40.2705,0,2.6847,-1.242084E-05,40.2705,0
2.6856,1.040665E-05,40.284,0,2.6856,-8.392462E-06,40.284,0
2.6865,-1.678492E-06,40.2975,0,2.6865,-1.510643E-05,40.2975,0
2.6874,-2.383459E-05,40.311,0,2.6874,-1.309224E-05,40.311,0
2.6883,-2.417029E-05,40.3245,0,2.6883,-3.390555E-05,40.3245,0
2.6892,-3.826963E-05,40.338,0,2.6892,-7.721065E-06,40.338,0
2.6901,-5.774014E-05,40.3515,0,2.6901,-4.36408E-06,40.3515,0
2.691,-7.620356E-05,40.365,0,2.691,-3.961242E-05,40.365,0
2.6919,-4.39765E-05,40.3785,0,2.6919,-4.33051E-05,40.3785,0
2.6928,-2.584878E-05,40.392,0,2.6928,1.007095E-06,40.392,0
2.6937,-9.063859E-06,40.4055,0,2.6937,-1.007095E-06,40.4055,0
2.6946,1.577783E-05,40.419,0,2.6946,-2.417029E-05,40.419,0
2.6955,-1.779202E-05,40.4325,0,2.6955,-1.007095E-06,40.4325,0
2.6964,1.510643E-05,40.446,0,2.6964,-6.713969E-07,40.446,0
2.6973,3.860533E-05,40.4595,0,2.6973,-2.719158E-05,40.4595,0
2.6982,-2.618448E-05,40.473,0,2.6982,-1.242084E-05,40.473,0
2.6991,-3.121996E-05,40.4865,0,2.6991,9.063859E-06,40.4865,0
2.7,-1.745632E-05,40.5,0,2.7,-5.371176E-06,40.5,0
2.7009,-2.450599E-05,40.5135,0,2.7009,0,40.5135,0
2.7018,-1.007095E-06,40.527,0,2.7018,-9.735256E-06,40.527,0
2.7027,-9.399558E-06,40.5405,0,2.7027,-1.510643E-05,40.5405,0
2.7036,-1.107805E-05,40.554,0,2.7036,-1.644922E-05,40.554,0
2.7045,-7.385367E-06,40.5675,0,2.7045,-2.349889E-05,40.5675,0
2.7054,1.678492E-05,40.581,0,2.7054,-2.920577E-05,40.581,0
2.7063,1.174945E-05,40.5945,0,2.7063,2.349889E-06,40.5945,0
2.7072,5.035477E-06,40.608,0,2.7072,-6.713969E-07,40.608,0
2.7081,-1.275654E-05,40.6215,0,2.7081,-4.699779E-05,40.6215,0
2.709,-5.706874E-06,40.635,0,2.709,-1.477073E-05,40.635,0
2.7099,1.040665E-05,40.6485,0,2.7099,-2.047761E-05,40.6485,0
2.7108,3.692683E-06,40.662,0,2.7108,-4.129091E-05,40.662,0
2.7117,-1.007095E-06,40.6755,0,2.7117,-1.544213E-05,40.6755,0
2.7126,-1.846342E-05,40.689,0,2.7126,-1.174945E-05,40.689,0
2.7135,-8.392462E-06,40.7025,0,2.7135,-2.349889E-06,40.7025,0
2.7144,-2.685588E-06,40.716,0,2.7144,-2.349889E-05,40.716,0
2.7153,-2.349889E-06,40.7295,0,2.7153,-3.994812E-05,40.7295,0
2.7162,-2.484169E-05,40.743,0,2.7162,-2.047761E-05,40.743,0
2.7171,-6.948959E-05,40.7565,0,2.7171,-2.014191E-06,40.7565,0
2.718,-3.189136E-05,40.77,0,2.718,-3.121996E-05,40.77,0
2.7189,-2.047761E-05,40.7835,0,2.7189,-5.371176E-05,40.7835,0
2.7198,-4.968337E-05,40.797,0,2.7198,-7.049668E-06,40.797,0
2.7207,-1.275654E-05,40.8105,0,2.7207,-1.007095E-06,40.8105,0
2.7216,3.793393E-05,40.824,0,2.7216,-3.793393E-05,40.824,0
2.7225,3.021286E-05,40.8375,0,2.7225,-6.378271E-06,40.8375,0
2.7234,2.853437E-05,40.851,0,2.7234,-1.007095E-05,40.851,0
2.7243,1.678492E-06,40.8645,0,2.7243,-6.277562E-05,40.8645,0
2.7252,1.980621E-05,40.878,0,2.7252,-3.189136E-05,40.878,0
2.7261,4.699779E-06,40.8915,0,2.7261,-9.735256E-06,40.8915,0
2.727,-1.107805E-05,40.905,0,2.727,-9.735256E-06,40.905,0
2.7279,3.021286E-06,40.9185,0,2.7279,-1.779202E-05,40.9185,0
2.7288,8.056763E-06,40.932,0,2.7288,-4.565499E-05,40.932,0
2.7297,-1.779202E-05,40.9455,0,2.7297,-3.759823E-05,40.9455,0
2.7306,-1.846342E-05,40.959,0,2.7306,-8.056763E-06,40.959,0
2.7315,1.242084E-05,40.9725,0,2.7315,3.356985E-05,40.9725,0
2.7324,1.242084E-05,40.986,0,2.7324,-1.174945E-05,40.986,0
2.7333,-5.035477E-06,40.9995,0,2.7333,-1.443504E-05,40.9995,0
2.7342,-9.063859E-06,41.013,0,2.7342,7.385367E-06,41.013,0
2.7351,3.323415E-05,41.0265,0,2.7351,-2.349889E-06,41.0265,0
2.736,-8.728161E-06,41.04,0,2.736,1.409934E-05,41.04,0
2.7369,-2.584878E-05,41.0535,0,2.7369,1.678492E-06,41.0535,0
2.7378,-3.894102E-05,41.067,0,2.7378,-5.270466E-05,41.067,0
2.7387,4.36408E-06,41.0805,0,2.7387,-7.956054E-05,41.0805,0
2.7396,1.007095E-05,41.094,0,2.7396,-5.941863E-05,41.094,0
2.7405,1.174945E-05,41.1075,0,2.7405,-6.344701E-05,41.1075,0
2.7414,-3.692683E-06,41.121,0,2.7414,-3.793393E-05,41.121,0
2.7423,-2.081331E-05,41.1345,0,2.7423,-3.524834E-05,41.1345,0
2.7432,-1.712062E-05,41.148,0,2.7432,3.994812E-05,41.148,0
2.7441,-2.719158E-05,41.1615,0,2.7441,4.263371E-05,41.1615,0
2.745,-1.040665E-05,41.175,0,2.745,-1.376364E-05,41.175,0
2.7459,1.141375E-05,41.1885,0,2.7459,-2.987716E-05,41.1885,0
2.7468,-1.443504E-05,41.202,0,2.7468,-1.678492E-06,41.202,0
2.7477,-2.517739E-05,41.2155,0,2.7477,-1.107805E-05,41.2155,0
2.7486,-7.049668E-06,41.229,0,2.7486,-4.733349E-05,41.229,0
2.7495,-2.685588E-06,41.2425,0,2.7495,7.385367E-06,41.2425,0
2.7504,-1.007095E-06,41.256,0,2.7504,1.879912E-05,41.256,0
2.7513,2.652018E-05,41.2695,0,2.7513,-7.049668E-06,41.2695,0
2.7522,2.1149E-05,41.283,0,2.7522,-5.706874E-06,41.283,0
2.7531,-8.728161E-06,41.2965,0,2.7531,1.544213E-05,41.2965,0
2.754,-9.735256E-06,41.31,0,2.754,-5.035477E-06,41.31,0
2.7549,3.021286E-06,41.3235,0,2.7549,-1.376364E-05,41.3235,0
2.7558,7.049668E-06,41.337,0,2.7558,-3.558404E-05,41.337,0
2.7567,-1.779202E-05,41.3505,0,2.7567,-2.047761E-05,41.3505,0
2.7576,-4.699779E-05,41.364,0,2.7576,-5.035477E-06,41.364,0
2.7585,-4.263371E-05,41.3775,0,2.7585,-3.390555E-05,41.3775,0
2.7594,-3.390555E-05,41.391,0,2.7594,-4.699779E-05,41.391,0
2.7603,-4.196231E-05,41.4045,0,2.7603,-1.577783E-05,41.4045,0
2.7612,-2.18204E-05,41.418,0,2.7612,-1.141375E-05,41.418,0
2.7621,-5.706874E-06,41.4315,0,2.7621,-4.229801E-05,41.4315,0
2.763,-3.524834E-05,41.445,0,2.763,-7.385367E-06,41.445,0
2.7639,5.035477E-06,41.4585,0,2.7639,-4.229801E-05,41.4585,0
2.7648,1.342794E-06,41.472,0,2.7648,-5.505455E-05,41.472,0
2.7657,-3.894102E-05,41.4855,0,2.7657,-4.934768E-05,41.4855,0
2.7666,-3.356985E-06,41.499,0,2.7666,-2.584878E-05,41.499,0
2.7675,1.678492E-06,41.5125,0,2.7675,-2.349889E-05,41.5125,0
2.7684,-4.666209E-05,41.526,0,2.7684,-4.162661E-05,41.526,0
2.7693,-1.947051E-05,41.5395,0,2.7693,-3.659113E-05,41.5395,0
2.7702,-9.063859E-06,41.553,0,2.7702,7.049668E-06,41.553,0
2.7711,-2.685588E-06,41.5665,0,2.7711,1.007095E-05,41.5665,0
2.772,1.040665E-05,41.58,0,2.772,-4.599069E-05,41.58,0
2.7729,3.659113E-05,41.5935,0,2.7729,-5.539025E-05,41.5935,0
2.7738,4.699779E-05,41.607,0,2.7738,1.309224E-05,41.607,0
2.7747,1.443504E-05,41.6205,0,2.7747,-3.692683E-06,41.6205,0
2.7756,1.007095E-05,41.634,0,2.7756,-4.867628E-05,41.634,0
2.7765,-1.745632E-05,41.6475,0,2.7765,-4.36408E-06,41.6475,0
2.7774,-2.719158E-05,41.661,0,2.7774,2.18204E-05,41.661,0
2.7783,-1.174945E-05,41.6745,0,2.7783,-2.517739E-05,41.6745,0
2.7792,1.309224E-05,41.688,0,2.7792,-1.477073E-05,41.688,0
2.7801,6.713969E-06,41.7015,0,2.7801,8.392462E-06,41.7015,0
2.781,2.28275E-05,41.715,0,2.781,4.699779E-06,41.715,0
2.7819,1.577783E-05,41.7285,0,2.7819,-1.141375E-05,41.7285,0
2.7828,-1.107805E-05,41.742,0,2.7828,-3.524834E-05,41.742,0
2.7837,-4.36408E-06,41.7555,0,2.7837,-1.779202E-05,41.7555,0
2.7846,-1.477073E-05,41.769,0,2.7846,2.014191E-06,41.769,0
2.7855,-2.24918E-05,41.7825,0,2.7855,-8.728161E-06,41.7825,0
2.7864,-1.107805E-05,41.796,0,2.7864,-3.927672E-05,41.796,0
2.7873,-1.779202E-05,41.8095,0,2.7873,-1.242084E-05,41.8095,0
2.7882,1.342794E-06,41.823,0,2.7882,-1.107805E-05,41.823,0
2.7891,7.049668E-06,41.8365,0,2.7891,-2.887007E-05,41.8365,0
2.79,-2.517739E-05,41.85,0,2.79,-1.812772E-05,41.85,0
2.7909,-3.155566E-05,41.8635,0,2.7909,-2.24918E-05,41.8635,0
2.7918,-1.678492E-05,41.877,0,2.7918,-4.599069E-05,41.877,0
2.7927,-1.007095E-06,41.8905,0,2.7927,-2.987716E-05,41.8905,0
2.7936,-3.524834E-05,41.904,0,2.7936,-1.577783E-05,41.904,0
2.7945,-8.728161E-06,41.9175,0,2.7945,-2.014191E-05,41.9175,0
2.7954,7.721065E-06,41.931,0,2.7954,-1.678492E-05,41.931,0
2.7963,2.24918E-05,41.9445,0,2.7963,-3.726253E-05,41.9445,0
2.7972,8.392462E-06,41.958,0,2.7972,-2.014191E-06,41.958,0
2.7981,3.356985E-07,41.9715,0,2.7981,0,41.9715,0
2.799,1.947051E-05,41.985,0,2.799,-2.28275E-05,41.985,0
2.7999,-9.399558E-06,41.9985,0,2.7999,-2.853437E-05,41.9985,0
2.8008,-1.846342E-05,42.012,0,2.8008,-1.107805E-05,42.012,0
2.8017,1.007095E-05,42.0255,0,2.8017,-4.36408E-06,42.0255,0
2.8026,4.028382E-06,42.039,0,2.8026,-3.692683E-05,42.039,0
2.8035,-7.721065E-06,42.0525,0,2.8035,-6.713969E-07,42.0525,0
2.8044,-1.510643E-05,42.066,0,2.8044,2.1149E-05,42.066,0
2.8053,-3.961242E-05,42.0795,0,2.8053,-3.289845E-05,42.0795,0
2.8062,-6.411841E-05,42.093,0,2.8062,-2.21561E-05,42.093,0
2.8071,-3.659113E-05,42.1065,0,2.8071,3.692683E-06,42.1065,0
2.808,-3.155566E-05,42.12,0,2.808,-3.356985E-07,42.12,0
2.8089,-4.666209E-05,42.1335,0,2.8089,-1.107805E-05,42.1335,0
2.8098,-1.913481E-05,42.147,0,2.8098,-3.088426E-05,42.147,0
2.8107,7.385367E-06,42.1605,0,2.8107,-2.652018E-05,42.1605,0
2.8116,-2.584878E-05,42.174,0,2.8116,-2.752728E-05,42.174,0
2.8125,-3.189136E-05,42.1875,0,2.8125,-4.834058E-05,42.1875,0
2.8134,-7.049668E-06,42.201,0,2.8134,-4.53193E-05,42.201,0
2.8143,2.1149E-05,42.2145,0,2.8143,-8.392462E-06,42.2145,0
2.8152,2.853437E-05,42.228,0,2.8152,-4.36408E-06,42.228,0
2.8161,4.061952E-05,42.2415,0,2.8161,-3.390555E-05,42.2415,0
2.817,1.678492E-06,42.255,0,2.817,-3.692683E-06,42.255,0
2.8179,2.047761E-05,42.2685,0,2.8179,2.047761E-05,42.2685,0
2.8188,3.726253E-05,42.282,0,2.8188,-1.409934E-05,42.282,0
2.8197,3.726253E-05,42.2955,0,2.8197,-7.049668E-06,42.2955,0
2.8206,9.063859E-06,42.309,0,2.8206,-1.342794E-05,42.309,0
2.8215,9.735256E-06,42.3225,0,2.8215,-6.378271E-06,42.3225,0
2.8224,5.035477E-06,42.336,0,2.8224,-1.846342E-05,42.336,0
2.8233,-7.049668E-06,42.3495,0,2.8233,-4.766919E-05,42.3495,0
2.8242,-1.342794E-06,42.363,0,2.8242,-2.618448E-05,42.363,0
2.8251,1.342794E-06,42.3765,0,2.8251,-1.779202E-05,42.3765,0
2.826,-1.510643E-05,42.39,0,2.826,-3.860533E-05,42.39,0
2.8269,-1.913481E-05,42.4035,0,2.8269,-5.371176E-05,42.4035,0
2.8278,-1.443504E-05,42.417,0,2.8278,-2.014191E-06,42.417,0
2.8287,-2.652018E-05,42.4305,0,2.8287,-9.735256E-06,42.4305,0
2.8296,-1.846342E-05,42.444,0,2.8296,-6.009003E-05,42.444,0
2.8305,-6.378271E-06,42.4575,0,2.8305,-9.399558E-06,42.4575,0
2.8314,-2.719158E-05,42.471,0,2.8314,1.376364E-05,42.471,0
2.8323,-1.779202E-05,42.4845,0,2.8323,-4.800488E-05,42.4845,0
2.8332,-9.735256E-06,42.498,0,2.8332,-5.404745E-05,42.498,0
2.8341,-2.584878E-05,42.5115,0,2.8341,-3.256275E-05,42.5115,0
2.835,-7.049668E-06,42.525,0,2.835,-3.524834E-05,42.525,0
2.8359,2.349889E-06,42.5385,0,2.8359,8.392462E-06,42.5385,0
2.8368,1.678492E-05,42.552,0,2.8368,2.719158E-05,42.552,0
2.8377,6.713969E-07,42.5655,0,2.8377,1.644922E-05,42.5655,0
2.8386,-1.007095E-06,42.579,0,2.8386,1.544213E-05,42.579,0
2.8395,9.063859E-06,42.5925,0,2.8395,-1.745632E-05,42.5925,0
2.8404,-7.385367E-06,42.606,0,2.8404,-5.236896E-05,42.606,0
2.8413,-1.309224E-05,42.6195,0,2.8413,-4.196231E-05,42.6195,0
2.8422,-6.713969E-06,42.633,0,2.8422,-3.491264E-05,42.633,0
2.8431,1.577783E-05,42.6465,0,2.8431,-5.203327E-05,42.6465,0
2.844,1.443504E-05,42.66,0,2.844,-5.035477E-06,42.66,0
2.8449,-8.056763E-06,42.6735,0,2.8449,1.947051E-05,42.6735,0
2.8458,-1.510643E-05,42.687,0,2.8458,-2.853437E-05,42.687,0
2.8467,-3.659113E-05,42.7005,0,2.8467,-4.599069E-05,42.7005,0
2.8476,-3.524834E-05,42.714,0,2.8476,-1.577783E-05,42.714,0
2.8485,-5.035477E-06,42.7275,0,2.8485,-2.584878E-05,42.7275,0
2.8494,-3.256275E-05,42.741,0,2.8494,-2.618448E-05,42.741,0
2.8503,-6.042573E-06,42.7545,0,2.8503,-3.759823E-05,42.7545,0
2.8512,1.174945E-05,42.768,0,2.8512,-1.007095E-05,42.768,0
2.8521,1.174945E-05,42.7815,0,2.8521,1.007095E-05,42.7815,0
2.853,-4.36408E-06,42.795,0,2.853,-1.947051E-05,42.795,0
2.8539,-2.383459E-05,42.8085,0,2.8539,-3.356985E-05,42.8085,0
2.8548,-3.591974E-05,42.822,0,2.8548,6.713969E-06,42.822,0
2.8557,-2.1149E-05,42.8355,0,2.8557,-1.779202E-05,42.8355,0
2.8566,4.028382E-06,42.849,0,2.8566,-6.143282E-05,42.849,0
2.8575,6.378271E-06,42.8625,0,2.8575,-1.174945E-05,42.8625,0
2.8584,7.721065E-06,42.876,0,2.8584,-1.007095E-06,42.876,0
2.8593,-1.443504E-05,42.8895,0,2.8593,-3.021286E-05,42.8895,0
2.8602,-9.063859E-06,42.903,0,2.8602,2.349889E-06,42.903,0
2.8611,-3.323415E-05,42.9165,0,2.8611,2.987716E-05,42.9165,0
2.862,-3.457694E-05,42.93,0,2.862,-4.699779E-06,42.93,0
2.8629,-3.491264E-05,42.9435,0,2.8629,-3.189136E-05,42.9435,0
2.8638,-1.477073E-05,42.957,0,2.8638,-5.975433E-05,42.957,0
2.8647,-2.014191E-06,42.9705,0,2.8647,-2.819867E-05,42.9705,0
2.8656,2.28275E-05,42.984,0,2.8656,-7.721065E-06,42.984,0
2.8665,2.819867E-05,42.9975,0,2.8665,-2.18204E-05,42.9975,0
2.8674,8.392462E-06,43.011,0,2.8674,1.040665E-05,43.011,0
2.8683,6.713969E-07,43.0245,0,2.8683,5.874724E-05,43.0245,0
2.8692,-1.107805E-05,43.038,0,2.8692,1.510643E-05,43.038,0
2.8701,-2.014191E-06,43.0515,0,2.8701,-4.599069E-05,43.0515,0
2.871,1.678492E-06,43.065,0,2.871,6.713969E-07,43.065,0
2.8719,7.049668E-06,43.0785,0,2.8719,1.007095E-06,43.0785,0
2.8728,-1.644922E-05,43.092,0,2.8728,-3.894102E-05,43.092,0
2.8737,1.309224E-05,43.1055,0,2.8737,-2.618448E-05,43.1055,0
2.8746,7.049668E-06,43.119,0,2.8746,-8.728161E-06,43.119,0
2.8755,-8.728161E-06,43.1325,0,2.8755,-1.913481E-05,43.1325,0
2.8764,-4.36408E-06,43.146,0,2.8764,-2.920577E-05,43.146,0
2.8773,9.063859E-06,43.1595,0,2.8773,-4.800488E-05,43.1595,0
2.8782,-2.383459E-05,43.173,0,2.8782,-1.947051E-05,43.173,0
2.8791,-6.848249E-05,43.1865,0,2.8791,-1.678492E-06,43.1865,0
2.88,-5.203327E-05,43.2,0,2.88,-2.618448E-05,43.2,0
2.8809,-3.491264E-05,43.2135,0,2.8809,-3.558404E-05,43.2135,0
2.8818,-2.584878E-05,43.227,0,2.8818,3.021286E-06,43.227,0
2.8827,-2.1149E-05,43.2405,0,2.8827,-3.021286E-05,43.2405,0
2.8836,2.349889E-06,43.254,0,2.8836,-0.0001064164,43.254,0
2.8845,-1.644922E-05,43.2675,0,2.8845,-4.263371E-05,43.2675,0
2.8854,-2.349889E-06,43.281,0,2.8854,-1.913481E-05,43.281,0
2.8863,-1.342794E-06,43.2945,0,2.8863,-5.438316E-05,43.2945,0
2.8872,2.853437E-05,43.308,0,2.8872,-2.047761E-05,43.308,0
2.8881,1.846342E-05,43.3215,0,2.8881,2.652018E-05,43.3215,0
2.889,1.712062E-05,43.335,0,2.889,-6.378271E-06,43.335,0
2.8899,1.644922E-05,43.3485,0,2.8899,-2.383459E-05,43.3485,0
2.8908,2.584878E-05,43.362,0,2.8908,-2.719158E-05,43.362,0
2.8917,5.001907E-05,43.3755,0,2.8917,-5.706874E-06,43.3755,0
2.8926,2.24918E-05,43.389,0,2.8926,8.392462E-06,43.389,0
2.8935,3.356985E-07,43.4025,0,2.8935,-2.18204E-05,43.4025,0
2.8944,6.713969E-07,43.416,0,2.8944,-4.162661E-05,43.416,0
2.8953,-3.356985E-07,43.4295,0,2.8953,2.685588E-06,43.4295,0
2.8962,-6.378271E-06,43.443,0,2.8962,-1.074235E-05,43.443,0
2.8971,-7.049668E-06,43.4565,0,2.8971,-3.289845E-05,43.4565,0
2.898,-2.786297E-05,43.47,0,2.898,2.349889E-06,43.47,0
2.8989,-2.853437E-05,43.4835,0,2.8989,2.417029E-05,43.4835,0
2.8998,-2.987716E-05,43.497,0,2.8998,-2.719158E-05,43.497,0
2.9007,-1.678492E-05,43.5105,0,2.9007,-3.289845E-05,43.5105,0
2.9016,-2.719158E-05,43.524,0,2.9016,3.021286E-06,43.524,0
2.9025,-1.812772E-05,43.5375,0,2.9025,-2.081331E-05,43.5375,0
2.9034,-3.356985E-07,43.551,0,2.9034,-3.390555E-05,43.551,0
2.9043,-1.007095E-05,43.5645,0,2.9043,-4.599069E-05,43.5645,0
2.9052,-3.323415E-05,43.578,0,2.9052,-2.316319E-05,43.578,0
2.9061,-3.189136E-05,43.5915,0,2.9061,-2.24918E-05,43.5915,0
2.907,-8.728161E-06,43.605,0,2.907,-3.659113E-05,43.605,0
2.9079,-1.577783E-05,43.6185,0,2.9079,-5.203327E-05,43.6185,0
2.9088,-4.39765E-05,43.632,0,2.9088,0,43.632,0
2.9097,-3.558404E-05,43.6455,0,2.9097,-1.376364E-05,43.6455,0
2.9106,-2.047761E-05,43.659,0,2.9106,-4.968337E-05,43.659,0
2.9115,-1.107805E-05,43.6725,0,2.9115,1.040665E-05,43.6725,0
2.9124,-2.652018E-05,43.686,0,2.9124,7.721065E-06,43.686,0
2.9133,-1.242084E-05,43.6995,0,2.9133,-2.920577E-05,43.6995,0
2.9142,5.471885E-05,43.713,0,2.9142,-1.309224E-05,43.713,0
2.9151,3.189136E-05,43.7265,0,2.9151,5.706874E-06,43.7265,0
2.916,5.035477E-06,43.74,0,2.916,-1.678492E-05,43.74,0
2.9169,1.409934E-05,43.7535,0,2.9169,-1.712062E-05,43.7535,0
2.9178,-5.035477E-06,43.767,0,2.9178,-4.666209E-05,43.767,0
2.9187,-6.042573E-06,43.7805,0,2.9187,-2.417029E-05,43.7805,0
2.9196,-1.309224E-05,43.794,0,2.9196,1.174945E-05,43.794,0
2.9205,5.706874E-06,43.8075,0,2.9205,-2.383459E-05,43.8075,0
2.9214,2.719158E-05,43.821,0,2.9214,-2.987716E-05,43.821,0
2.9223,3.021286E-06,43.8345,0,2.9223,0,43.8345,0
2.9232,-3.356985E-07,43.848,0,2.9232,-7.721065E-06,43.848,0
2.9241,1.275654E-05,43.8615,0,2.9241,-2.954147E-05,43.8615,0
2.925,-8.728161E-06,43.875,0,2.925,5.706874E-06,43.875,0
2.9259,-3.189136E-05,43.8885,0,2.9259,1.779202E-05,43.8885,0
2.9268,-2.316319E-05,43.902,0,2.9268,-1.644922E-05,43.902,0
2.9277,-1.913481E-05,43.9155,0,2.9277,-3.692683E-06,43.9155,0
2.9286,-3.726253E-05,43.929,0,2.9286,-4.699779E-06,43.929,0
2.9295,-2.349889E-05,43.9425,0,2.9295,-2.584878E-05,43.9425,0
2.9304,-7.049668E-06,43.956,0,2.9304,-4.129091E-05,43.956,0
2.9313,-5.706874E-06,43.9695,0,2.9313,-4.49836E-05,43.9695,0
2.9322,7.721065E-06,43.983,0,2.9322,-1.342794E-05,43.983,0
2.9331,1.309224E-05,43.9965,0,2.9331,-1.544213E-05,43.9965,0
2.934,8.392462E-06,44.01,0,2.934,-4.43122E-05,44.01,0
2.9349,1.712062E-05,44.0235,0,2.9349,-6.042573E-05,44.0235,0
2.9358,1.678492E-06,44.037,0,2.9358,-5.035477E-06,44.037,0
2.9367,-1.913481E-05,44.0505,0,2.9367,9.735256E-06,44.0505,0
2.9376,2.349889E-06,44.064,0,2.9376,-1.611353E-05,44.064,0
2.9385,-2.1149E-05,44.0775,0,2.9385,-4.632639E-05,44.0775,0
2.9394,-3.256275E-05,44.091,0,2.9394,-8.056763E-06,44.091,0
2.9403,-2.24918E-05,44.1045,0,2.9403,-3.994812E-05,44.1045,0
2.9412,2.1149E-05,44.118,0,2.9412,-1.980621E-05,44.118,0
2.9421,1.443504E-05,44.1315,0,2.9421,4.36408E-06,44.1315,0
2.943,-1.376364E-05,44.145,0,2.943,-1.141375E-05,44.145,0
2.9439,-2.014191E-06,44.1585,0,2.9439,-2.081331E-05,44.1585,0
2.9448,-1.678492E-06,44.172,0,2.9448,-4.43122E-05,44.172,0
2.9457,-1.812772E-05,44.1855,0,2.9457,-2.853437E-05,44.1855,0
2.9466,-3.994812E-05,44.199,0,2.9466,-2.786297E-05,44.199,0
2.9475,-3.793393E-05,44.2125,0,2.9475,-5.001907E-05,44.2125,0
2.9484,-3.256275E-05,44.226,0,2.9484,-5.236896E-05,44.226,0
2.9493,-4.263371E-05,44.2395,0,2.9493,-7.049668E-06,44.2395,0
2.9502,-2.047761E-05,44.253,0,2.9502,1.208515E-05,44.253,0
2.9511,4.36408E-06,44.2665,0,2.9511,-4.229801E-05,44.2665,0
2.952,1.141375E-05,44.28,0,2.952,-7.049668E-06,44.28,0
2.9529,2.920577E-05,44.2935,0,2.9529,1.980621E-05,44.2935,0
2.9538,2.383459E-05,44.307,0,2.9538,-2.450599E-05,44.307,0
2.9547,3.558404E-05,44.3205,0,2.9547,-3.491264E-05,44.3205,0
2.9556,7.049668E-06,44.334,0,2.9556,-6.713969E-07,44.334,0
2.9565,6.713969E-06,44.3475,0,2.9565,-1.544213E-05,44.3475,0
2.9574,9.735256E-06,44.361,0,2.9574,-1.712062E-05,44.361,0
2.9583,2.819867E-05,44.3745,0,2.9583,-3.994812E-05,44.3745,0
2.9592,3.021286E-06,44.388,0,2.9592,-1.510643E-05,44.388,0
2.9601,-1.309224E-05,44.4015,0,2.9601,2.786297E-05,44.4015,0
2.961,1.007095E-05,44.415,0,2.961,-2.349889E-06,44.415,0
2.9619,1.678492E-06,44.4285,0,2.9619,-4.39765E-05,44.4285,0
2.9628,-4.129091E-05,44.442,0,2.9628,-2.819867E-05,44.442,0
2.9637,-1.846342E-05,44.4555,0,2.9637,-3.121996E-05,44.4555,0
2.9646,-1.174945E-05,44.469,0,2.9646,-6.61326E-05,44.469,0
2.9655,-8.392462E-06,44.4825,0,2.9655,-1.745632E-05,44.4825,0
2.9664,-2.987716E-05,44.496,0,2.9664,1.141375E-05,44.496,0
2.9673,-2.18204E-05,44.5095,0,2.9673,2.954147E-05,44.5095,0
2.9682,-2.18204E-05,44.523,0,2.9682,1.376364E-05,44.523,0
2.9691,-2.383459E-05,44.5365,0,2.9691,1.644922E-05,44.5365,0
2.97,-9.399558E-06,44.55,0,2.97,-5.035477E-06,44.55,0
2.9709,-6.378271E-06,44.5635,0,2.9709,-1.644922E-05,44.5635,0
2.9718,-1.342794E-05,44.577,0,2.9718,-2.752728E-05,44.577,0
2.9727,-1.376364E-05,44.5905,0,2.9727,-1.846342E-05,44.5905,0
2.9736,-3.524834E-05,44.604,0,2.9736,-2.383459E-05,44.604,0
2.9745,-1.980621E-05,44.6175,0,2.9745,-3.994812E-05,44.6175,0
2.9754,3.692683E-06,44.631,0,2.9754,-4.36408E-05,44.631,0
2.9763,-4.766919E-05,44.6445,0,2.9763,-7.385367E-06,44.6445,0
2.9772,-7.284657E-05,44.658,0,2.9772,-1.712062E-05,44.658,0
2.9781,-4.39765E-05,44.6715,0,2.9781,-5.941863E-05,44.6715,0
2.979,-1.040665E-05,44.685,0,2.979,-7.721065E-06,44.685,0
2.9799,1.309224E-05,44.6985,0,2.9799,1.980621E-05,44.6985,0
2.9808,9.063859E-06,44.712,0,2.9808,-1.812772E-05,44.712,0
2.9817,-5.706874E-06,44.7255,0,2.9817,-9.063859E-06,44.7255,0
2.9826,9.735256E-06,44.739,0,2.9826,-2.014191E-06,44.739,0
2.9835,4.699779E-06,44.7525,0,2.9835,-8.728161E-06,44.7525,0
2.9844,1.712062E-05,44.766,0,2.9844,-7.385367E-06,44.766,0
2.9853,2.786297E-05,44.7795,0,2.9853,-3.256275E-05,44.7795,0
2.9862,1.779202E-05,44.793,0,2.9862,-1.040665E-05,44.793,0
2.9871,-2.584878E-05,44.8065,0,2.9871,-6.378271E-06,44.8065,0
2.988,-1.644922E-05,44.82,0,2.988,-3.121996E-05,44.82,0
2.9889,7.049668E-06,44.8335,0,2.9889,-2.954147E-05,44.8335,0
2.9898,-2.383459E-05,44.847,0,2.9898,-1.007095E-06,44.847,0
2.9907,-1.376364E-05,44.8605,0,2.9907,-1.309224E-05,44.8605,0
2.9916,1.242084E-05,44.874,0,2.9916,-4.129091E-05,44.874,0
2.9925,-2.316319E-05,44.8875,0,2.9925,-1.040665E-05,44.8875,0
2.9934,1.309224E-05,44.901,0,2.9934,-2.349889E-06,44.901,0
2.9943,4.766919E-05,44.9145,0,2.9943,-4.196231E-05,44.9145,0
2.9952,2.1149E-05,44.928,0,2.9952,-2.853437E-05,44.928,0
2.9961,2.349889E-05,44.9415,0,2.9961,1.477073E-05,44.9415,0
2.997,2.349889E-06,44.955,0,2.997,-1.712062E-05,44.955,0
2.9979,3.356985E-06,44.9685,0,2.9979,-3.121996E-05,44.9685,0
2.9988,8.056763E-06,44.982,0,2.9988,-5.270466E-05,44.982,0
2.9997,-3.356985E-06,44.9955,0,2.9997,-2.551309E-05,44.9955,0
3.0006,-3.390555E-05,45.009,0,3.0006,-1.007095E-05,45.009,0
3.0015,-2.853437E-05,45.0225,0,3.0015,-3.289845E-05,45.0225,0
3.0024,-2.1149E-05,45.036,0,3.0024,-5.169757E-05,45.036,0
3.0033,-8.728161E-06,45.0495,0,3.0033,4.36408E-06,45.0495,0
3.0042,-2.349889E-06,45.063,0,3.0042,-6.378271E-06,45.063,0
3.0051,5.035477E-06,45.0765,0,3.0051,-3.994812E-05,45.0765,0
3.006,-1.846342E-05,45.09,0,3.006,-4.699779E-06,45.09,0
3.0069,-1.242084E-05,45.1035,0,3.0069,-9.735256E-06,45.1035,0
3.0078,1.376364E-05,45.117,0,3.0078,-4.46479E-05,45.117,0
3.0087,-2.24918E-05,45.1305,0,3.0087,-5.807584E-05,45.1305,0
3.0096,-2.450599E-05,45.144,0,3.0096,-1.409934E-05,45.144,0
3.0105,-1.678492E-06,45.1575,0,3.0105,-3.356985E-07,45.1575,0
3.0114,-1.409934E-05,45.171,0,3.0114,-3.356985E-05,45.171,0
3.0123,-2.584878E-05,45.1845,0,3.0123,-4.733349E-05,45.1845,0
3.0132,-8.728161E-06,45.198,0,3.0132,3.356985E-07,45.198,0
3.0141,2.349889E-06,45.2115,0,3.0141,-1.611353E-05,45.2115,0
3.015,-1.107805E-05,45.225,0,3.015,-2.685588E-05,45.225,0
3.0159,-1.107805E-05,45.2385,0,3.0159,-4.196231E-05,45.2385,0
3.0168,-9.735256E-06,45.252,0,3.0168,1.678492E-06,45.252,0
3.0177,3.021286E-06,45.2655,0,3.0177,-4.028382E-06,45.2655,0
3.0186,1.712062E-05,45.279,0,3.0186,-4.028382E-05,45.279,0
3.0195,-1.678492E-06,45.2925,0,3.0195,1.342794E-06,45.2925,0
3.0204,-1.510643E-05,45.306,0,3.0204,2.349889E-05,45.306,0
3.0213,-2.819867E-05,45.3195,0,3.0213,-2.349889E-05,45.3195,0
3.0222,-7.049668E-06,45.333,0,3.0222,-3.524834E-05,45.333,0
3.0231,-1.779202E-05,45.3465,0,3.0231,-2.24918E-05,45.3465,0
3.024,-2.584878E-05,45.36,0,3.024,-3.692683E-05,45.36,0
3.0249,-1.779202E-05,45.3735,0,3.0249,-1.107805E-05,45.3735,0
3.0258,-3.021286E-06,45.387,0,3.0258,-2.853437E-05,45.387,0
3.0267,-6.042573E-06,45.4005,0,3.0267,-1.107805E-05,45.4005,0
3.0276,-3.356985E-07,45.414,0,3.0276,1.846342E-05,45.414,0
3.0285,1.577783E-05,45.4275,0,3.0285,-9.735256E-06,45.4275,0
3.0294,1.007095E-05,45.441,0,3.0294,-6.814679E-05,45.441,0
3.0303,-2.517739E-05,45.4545,0,3.0303,-4.196231E-05,45.4545,0
3.0312,9.399558E-06,45.468,0,3.0312,-2.014191E-05,45.468,0
3.0321,3.088426E-05,45.4815,0,3.0321,-5.807584E-05,45.4815,0
3.033,1.376364E-05,45.495,0,3.033,-1.644922E-05,45.495,0
3.0339,-7.721065E-06,45.5085,0,3.0339,4.800488E-05,45.5085,0
3.0348,-1.577783E-05,45.522,0,3.0348,7.049668E-06,45.522,0
3.0357,-4.061952E-05,45.5355,0,3.0357,-1.510643E-05,45.5355,0
3.0366,-4.666209E-05,45.549,0,3.0366,2.014191E-06,45.549,0
3.0375,0,45.5625,0,3.0375,0,45.5625,0
3.0384,0,45.576,0,3.0384,0,45.576,0
3.0393,0,45.5895,0,3.0393,0,45.5895,0
3.0402,0,45.603,0,3.0402,0,45.603,0
3.0411,0,45.6165,0,3.0411,0,45.6165,0
3.042,0,45.63,0,3.042,0,45.63,0
3.0429,0,45.6435,0,3.0429,0,45.6435,0
3.0438,0,45.657,0,3.0438,0,45.657,0
3.0447,0,45.6705,0,3.0447,0,45.6705,0
3.0456,0,45.684,0,3.0456,0,45.684,0
3.0465,0,45.6975,0,3.0465,0,45.6975,0
3.0474,0,45.711,0,3.0474,0,45.711,0
3.0483,0,45.7245,0,3.0483,0,45.7245,0
3.0492,0,45.738,0,3.0492,0,45.738,0
3.0501,0,45.7515,0,3.0501,0,45.7515,0
3.051,0,45.765,0,3.051,0,45.765,0
3.0519,0,45.7785,0,3.0519,0,45.7785,0
3.0528,0,45.792,0,3.0528,0,45.792,0
3.0537,0,45.8055,0,3.0537,0,45.8055,0
3.0546,0,45.819,0,3.0546,0,45.819,0
3.0555,0,45.8325,0,3.0555,0,45.8325,0
3.0564,0,45.846,0,3.0564,0,45.846,0
3.0573,0,45.8595,0,3.0573,0,45.8595,0
3.0582,0,45.873,0,3.0582,0,45.873,0
3.0591,0,45.8865,0,3.0591,0,45.8865,0
3.06,0,45.9,0,3.06,0,45.9,0
3.0609,0,45.9135,0,3.0609,0,45.9135,0
3.0618,0,45.927,0,3.0618,0,45.927,0
3.0627,0,45.9405,0,3.0627,0,45.9405,0
3.0636,0,45.954,0,3.0636,0,45.954,0
3.0645,0,45.9675,0,3.0645,0,45.9675,0
3.0654,0,45.981,0,3.0654,0,45.981,0
3.0663,0,45.9945,0,3.0663,0,45.9945,0
3.0672,0,46.008,0,3.0672,0,46.008,0
3.0681,0,46.0215,0,3.0681,0,46.0215,0
3.069,0,46.035,0,3.069,0,46.035,0
3.0699,0,46.0485,0,3.0699,0,46.0485,0
3.0708,0,46.062,0,3.0708,0,46.062,0
3.0717,0,46.0755,0,3.0717,0,46.0755,0
3.0726,0,46.089,0,3.0726,0,46.089,0
3.0735,0,46.1025,0,3.0735,0,46.1025,0
3.0744,0,46.116,0,3.0744,0,46.116,0
3.0753,0,46.1295,0,3.0753,0,46.1295,0
3.0762,0,46.143,0,3.0762,0,46.143,0
3.0771,0,46.1565,0,3.0771,0,46.1565,0
3.078,0,46.17,0,3.078,0,46.17,0
3.0789,0,46.1835,0,3.0789,0,46.1835,0
3.0798,0,46.197,0,3.0798,0,46.197,0
3.0807,0,46.2105,0,3.0807,0,46.2105,0
3.0816,0,46.224,0,3.0816,0,46.224,0
3.0825,0,46.2375,0,3.0825,0,46.2375,0
3.0834,0,46.251,0,3.0834,0,46.251,0
3.0843,0,46.2645,0,3.0843,0,46.2645,0
3.0852,0,46.278,0,3.0852,0,46.278,0
3.0861,0,46.2915,0,3.0861,0,46.2915,0
3.087,0,46.305,0,3.087,0,46.305,0
3.0879,0,46.3185,0,3.0879,0,46.3185,0
3.0888,0,46.332,0,3.0888,0,46.332,0
3.0897,0,46.3455,0,3.0897,0,46.3455,0
3.0906,0,46.359,0,3.0906,0,46.359,0
3.0915,0,46.3725,0,3.0915,0,46.3725,0
3.0924,0,46.386,0,3.0924,0,46.386,0
3.0933,0,46.3995,0,3.0933,0,46.3995,0
3.0942,0,46.413,0,3.0942,0,46.413,0
3.0951,0,46.4265,0,3.0951,0,46.4265,0
3.096,0,46.44,0,3.096,0,46.44,0
3.0969,0,46.4535,0,3.0969,0,46.4535,0
3.0978,0,46.467,0,3.0978,0,46.467,0
3.0987,0,46.4805,0,3.0987,0,46.4805,0
3.0996,0,46.494,0,3.0996,0,46.494,0
3.1005,0,46.5075,0,3.1005,0,46.5075,0
3.1014,0,46.521,0,3.1014,0,46.521,0
3.1023,0,46.5345,0,3.1023,0,46.5345,0
3.1032,0,46.548,0,3.1032,0,46.548,0
3.1041,0,46.5615,0,3.1041,0,46.5615,0
3.105,0,46.575,0,3.105,0,46.575,0
3.1059,0,46.5885,0,3.1059,0,46.5885,0
3.1068,0,46.602,0,3.1068,0,46.602,0
3.1077,0,46.6155,0,3.1077,0,46.6155,0
3.1086,0,46.629,0,3.1086,0,46.629,0
3.1095,0,46.6425,0,3.1095,0,46.6425,0
3.1104,0,46.656,0,3.1104,0,46.656,0
3.1113,0,46.6695,0,3.1113,0,46.6695,0
3.1122,0,46.683,0,3.1122,0,46.683,0
3.1131,0,46.6965,0,3.1131,0,46.6965,0
3.114,0,46.71,0,3.114,0,46.71,0
3.1149,0,46.7235,0,3.1149,0,46.7235,0
3.1158,0,46.737,0,3.1158,0,46.737,0
3.1167,0,46.7505,0,3.1167,0,46.7505,0
3.1176,0,46.764,0,3.1176,0,46.764,0
3.1185,0,46.7775,0,3.1185,0,46.7775,0
3.1194,0,46.791,0,3.1194,0,46.791,0
3.1203,0,46.8045,0,3.1203,0,46.8045,0
3.1212,0,46.818,0,3.1212,0,46.818,0
3.1221,0,46.8315,0,3.1221,0,46.8315,0
3.123,0,46.845,0,3.123,0,46.845,0
3.1239,0,46.8585,0,3.1239,0,46.8585,0
3.1248,0,46.872,0,3.1248,0,46.872,0
3.1257,0,46.8855,0,3.1257,0,46.8855,0
3.1266,0,46.899,0,3.1266,0,46.899,0
3.1275,0,46.9125,0,3.1275,0,46.9125,0
3.1284,0,46.926,0,3.1284,0,46.926,0
3.1293,0,46.9395,0,3.1293,0,46.9395,0
3.1302,0,46.953,0,3.1302,0,46.953,0
3.1311,0,46.9665,0,3.1311,0,46.9665,0
3.132,0,46.98,0,3.132,0,46.98,0
3.1329,0,46.9935,0,3.1329,0,46.9935,0
3.1338,0,47.007,0,3.1338,0,47.007,0
3.1347,0,47.0205,0,3.1347,0,47.0205,0
3.1356,0,47.034,0,3.1356,0,47.034,0
3.1365,0,47.0475,0,3.1365,0,47.0475,0
3.1374,0,47.061,0,3.1374,0,47.061,0
3.1383,0,47.0745,0,3.1383,0,47.0745,0
3.1392,0,47.088,0,3.1392,0,47.088,0
3.1401,0,47.1015,0,3.1401,0,47.1015,0
3.141,0,47.115,0,3.141,0,47.115,0
3.1419,0,47.1285,0,3.1419,0,47.1285,0
3.1428,0,47.142,0,3.1428,0,47.142,0
3.1437,0,47.1555,0,3.1437,0,47.1555,0
3.1446,0,47.169,0,3.1446,0,47.169,0
3.1455,0,47.1825,0,3.1455,0,47.1825,0
3.1464,0,47.196,0,3.1464,0,47.196,0
3.1473,0,47.2095,0,3.1473,0,47.2095,0
3.1482,0,47.223,0,3.1482,0,47.223,0
3.1491,0,47.2365,0,3.1491,0,47.2365,0
3.15,0,47.25,0,3.15,0,47.25,0
3.1509,0,47.2635,0,3.1509,0,47.2635,0
3.1518,0,47.277,0,3.1518,0,47.277,0
3.1527,0,47.2905,0,3.1527,0,47.2905,0
3.1536,0,47.304,0,3.1536,0,47.304,0
3.1545,0,47.3175,0,3.1545,0,47.3175,0
3.1554,0,47.331,0,3.1554,0,47.331,0
3.1563,0,47.3445,0,3.1563,0,47.3445,0
3.1572,0,47.358,0,3.1572,0,47.358,0
3.1581,0,47.3715,0,3.1581,0,47.3715,0
3.159,0,47.385,0,3.159,0,47.385,0
3.1599,0,47.3985,0,3.1599,0,47.3985,0
3.1608,0,47.412,0,3.1608,0,47.412,0
3.1617,0,47.4255,0,3.1617,0,47.4255,0
3.1626,0,47.439,0,3.1626,0,47.439,0
3.1635,0,47.4525,0,3.1635,0,47.4525,0
3.1644,0,47.466,0,3.1644,0,47.466,0
3.1653,0,47.4795,0,3.1653,0,47.4795,0
3.1662,0,47.493,0,3.1662,0,47.493,0
3.1671,0,47.5065,0,3.1671,0,47.5065,0
3.168,0,47.52,0,3.168,0,47.52,0
3.1689,0,47.5335,0,3.1689,0,47.5335,0
3.1698,0,47.547,0,3.1698,0,47.547,0
3.1707,0,47.5605,0,3.1707,0,47.5605,0
3.1716,0,47.574,0,3.1716,0,47.574,0
3.1725,0,47.5875,0,3.1725,0,47.5875,0
3.1734,0,47.601,0,3.1734,0,47.601,0
3.1743,0,47.6145,0,3.1743,0,47.6145,0
3.1752,0,47.628,0,3.1752,0,47.628,0
3.1761,0,47.6415,0,3.1761,0,47.6415,0
3.177,0,47.655,0,3.177,0,47.655,0
3.1779,0,47.6685,0,3.1779,0,47.6685,0
3.1788,0,47.682,0,3.1788,0,47.682,0
3.1797,0,47.6955,0,3.1797,0,47.6955,0
3.1806,0,47.709,0,3.1806,0,47.709,0
3.1815,0,47.7225,0,3.1815,0,47.7225,0
3.1824,0,47.736,0,3.1824,0,47.736,0
3.1833,0,47.7495,0,3.1833,0,47.7495,0
3.1842,0,47.763,0,3.1842,0,47.763,0
3.1851,0,47.7765,0,3.1851,0,47.7765,0
3.186,0,47.79,0,3.186,0,47.79,0
3.1869,0,47.8035,0,3.1869,0,47.8035,0
3.1878,0,47.817,0,3.1878,0,47.817,0
3.1887,0,47.8305,0,3.1887,0,47.8305,0
3.1896,0,47.844,0,3.1896,0,47.844,0
3.1905,0,47.8575,0,3.1905,0,47.8575,0
3.1914,0,47.871,0,3.1914,0,47.871,0
3.1923,0,47.8845,0,3.1923,0,47.8845,0
3.1932,0,47.898,0,3.1932,0,47.898,0
3.1941,0,47.9115,0,3.1941,0,47.9115,0
3.195,0,47.925,0,3.195,0,47.925,0
3.1959,0,47.9385,0,3.1959,0,47.9385,0
3.1968,0,47.952,0,3.1968,0,47.952,0
3.1977,0,47.9655,0,3.1977,0,47.9655,0
3.1986,0,47.979,0,3.1986,0,47.979,0
3.1995,0,47.9925,0,3.1995,0,47.9925,0
3.2004,0,48.006,0,3.2004,0,48.006,0
3.2013,0,48.0195,0,3.2013,0,48.0195,0
3.2022,0,48.033,0,3.2022,0,48.033,0
3.2031,0,48.0465,0,3.2031,0,48.0465,0
3.204,0,48.06,0,3.204,0,48.06,0
3.2049,0,48.0735,0,3.2049,0,48.0735,0
3.2058,0,48.087,0,3.2058,0,48.087,0
3.2067,0,48.1005,0,3.2067,0,48.1005,0
3.2076,0,48.114,0,3.2076,0,48.114,0
3.2085,0,48.1275,0,3.2085,0,48.1275,0
3.2094,0,48.141,0,3.2094,0,48.141,0
3.2103,0,48.1545,0,3.2103,0,48.1545,0
3.2112,0,48.168,0,3.2112,0,48.168,0
3.2121,0,48.1815,0,3.2121,0,48.1815,0
3.213,0,48.195,0,3.213,0,48.195,0
3.2139,0,48.2085,0,3.2139,0,48.2085,0
3.2148,0,48.222,0,3.2148,0,48.222,0
3.2157,0,48.2355,0,3.2157,0,48.2355,0
3.2166,0,48.249,0,3.2166,0,48.249,0
3.2175,0,48.2625,0,3.2175,0,48.2625,0
3.2184,0,48.276,0,3.2184,0,48.276,0
3.2193,0,48.2895,0,3.2193,0,48.2895,0
3.2202,0,48.303,0,3.2202,0,48.303,0
3.2211,0,48.3165,0,3.2211,0,48.3165,0
3.222,0,48.33,0,3.222,0,48.33,0
3.2229,0,48.3435,0,3.2229,0,48.3435,0
3.2238,0,48.357,0,3.2238,0,48.357,0
3.2247,0,48.3705,0,3.2247,0,48.3705,0
3.2256,0,48.384,0,3.2256,0,48.384,0
3.2265,0,48.3975,0,3.2265,0,48.3975,0
3.2274,0,48.411,0,3.2274,0,48.411,0
3.2283,0,48.4245,0,3.2283,0,48.4245,0
3.2292,0,48.438,0,3.2292,0,48.438,0
3.2301,0,48.4515,0,3.2301,0,48.4515,0
3.231,0,48.465,0,3.231,0,48.465,0
3.2319,0,48.4785,0,3.2319,0,48.4785,0
3.2328,0,48.492,0,3.2328,0,48.492,0
3.2337,0,48.5055,0,3.2337,0,48.5055,0
3.2346,0,48.519,0,3.2346,0,48.519,0
3.2355,0,48.5325,0,3.2355,0,48.5325,0
3.2364,0,48.546,0,3.2364,0,48.546,0
3.2373,0,48.5595,0,3.2373,0,48.5595,0
3.2382,0,48.573,0,3.2382,0,48.573,0
3.2391,0,48.5865,0,3.2391,0,48.5865,0
3.24,0,48.6,0,3.24,0,48.6,0
3.2409,0,48.6135,0,3.2409,0,48.6135,0
3.2418,0,48.627,0,3.2418,0,48.627,0
3.2427,0,48.6405,0,3.2427,0,48.6405,0
3.2436,0,48.654,0,3.2436,0,48.654,0
3.2445,0,48.6675,0,3.2445,0,48.6675,0
3.2454,0,48.681,0,3.2454,0,48.681,0
3.2463,0,48.6945,0,3.2463,0,48.6945,0
3.2472,0,48.708,0,3.2472,0,48.708,0
3.2481,0,48.7215,0,3.2481,0,48.7215,0
3.249,0,48.735,0,3.249,0,48.735,0
3.2499,0,48.7485,0,3.2499,0,48.7485,0
3.2508,0,48.762,0,3.2508,0,48.762,0
3.2517,0,48.7755,0,3.2517,0,48.7755,0
3.2526,0,48.789,0,3.2526,0,48.789,0
3.2535,0,48.8025,0,3.2535,0,48.8025,0
3.2544,0,48.816,0,3.2544,0,48.816,0
3.2553,0,48.8295,0,3.2553,0,48.8295,0
3.2562,0,48.843,0,3.2562,0,48.843,0
3.2571,0,48.8565,0,3.2571,0,48.8565,0
3.258,0,48.87,0,3.258,0,48.87,0
3.2589,0,48.8835,0,3.2589,0,48.8835,0
3.2598,0,48.897,0,3.2598,0,48.897,0
3.2607,0,48.9105,0,3.2607,0,48.9105,0
3.2616,0,48.924,0,3.2616,0,48.924,0
3.2625,0,48.9375,0,3.2625,0,48.9375,0
3.2634,0,48.951,0,3.2634,0,48.951,0
3.2643,0,48.9645,0,3.2643,0,48.9645,0
3.2652,0,48.978,0,3.2652,0,48.978,0
3.2661,0,48.9915,0,3.2661,0,48.9915,0
3.267,0,49.005,0,3.267,0,49.005,0
3.2679,0,49.0185,0,3.2679,0,49.0185,0
3.2688,0,49.032,0,3.2688,0,49.032,0
3.2697,0,49.0455,0,3.2697,0,49.0455,0
3.2706,0,49.059,0,3.2706,0,49.059,0
3.2715,0,49.0725,0,3.2715,0,49.0725,0
3.2724,0,49.086,0,3.2724,0,49.086,0
3.2733,0,49.0995,0,3.2733,0,49.0995,0
3.2742,0,49.113,0,3.2742,0,49.113,0
3.2751,0,49.1265,0,3.2751,0,49.1265,0
3.276,0,49.14,0,3.276,0,49.14,0
3.2769,0,49.1535,0,3.2769,0,49.1535,0
3.2778,0,49.167,0,3.2778,0,49.167,0
3.2787,0,49.1805,0,3.2787,0,49.1805,0
3.2796,0,49.194,0,3.2796,0,49.194,0
3.2805,0,49.2075,0,3.2805,0,49.2075,0
3.2814,0,49.221,0,3.2814,0,49.221,0
3.2823,0,49.2345,0,3.2823,0,49.2345,0
3.2832,0,49.248,0,3.2832,0,49.248,0
3.2841,0,49.2615,0,3.2841,0,49.2615,0
3.285,0,49.275,0,3.285,0,49.275,0
3.2859,0,49.2885,0,3.2859,0,49.2885,0
3.2868,0,49.302,0,3.2868,0,49.302,0
3.2877,0,49.3155,0,3.2877,0,49.3155,0
3.2886,0,49.329,0,3.2886,0,49.329,0
3.2895,0,49.3425,0,3.2895,0,49.3425,0
3.2904,0,49.356,0,3.2904,0,49.356,0
3.2913,0,49.3695,0,3.2913,0,49.3695,0
3.2922,0,49.383,0,3.2922,0,49.383,0
3.2931,0,49.3965,0,3.2931,0,49.3965,0
3.294,0,49.41,0,3.294,0,49.41,0
3.2949,0,49.4235,0,3.2949,0,49.4235,0
3.2958,0,49.437,0,3.2958,0,49.437,0
3.2967,0,49.4505,0,3.2967,0,49.4505,0
3.2976,0,49.464,0,3.2976,0,49.464,0
3.2985,0,49.4775,0,3.2985,0,49.4775,0
3.2994,0,49.491,0,3.2994,0,49.491,0
3.3003,0,49.5045,0,3.3003,0,49.5045,0
3.3012,0,49.518,0,3.3012,0,49.518,0
3.3021,0,49.5315,0,3.3021,0,49.5315,0
3.303,0,49.545,0,3.303,0,49.545,0
3.3039,0,49.5585,0,3.3039,0,49.5585,0
3.3048,0,49.572,0,3.3048,0,49.572,0
3.3057,0,49.5855,0,3.3057,0,49.5855,0
3.3066,0,49.599,0,3.3066,0,49.599,0
3.3075,0,49.6125,0,3.3075,0,49.6125,0
3.3084,0,49.626,0,3.3084,0,49.626,0
3.3093,0,49.6395,0,3.3093,0,49.6395,0
3.3102,0,49.653,0,3.3102,0,49.653,0
3.3111,0,49.6665,0,3.3111,0,49.6665,0
3.312,0,49.68,0,3.312,0,49.68,0
3.3129,0,49.6935,0,3.3129,0,49.6935,0
3.3138,0,49.707,0,3.3138,0,49.707,0
3.3147,0,49.7205,0,3.3147,0,49.7205,0
3.3156,0,49.734,0,3.3156,0,49.734,0
3.3165,0,49.7475,0,3.3165,0,49.7475,0
3.3174,0,49.761,0,3.3174,0,49.761,0
3.3183,0,49.7745,0,3.3183,0,49.7745,0
3.3192,0,49.788,0,3.3192,0,49.788,0
3.3201,0,49.8015,0,3.3201,0,49.8015,0
3.321,0,49.815,0,3.321,0,49.815,0
3.3219,0,49.8285,0,3.3219,0,49.8285,0
3.3228,0,49.842,0,3.3228,0,49.842,0
3.3237,0,49.8555,0,3.3237,0,49.8555,0
3.3246,0,49.869,0,3.3246,0,49.869,0
3.3255,0,49.8825,0,3.3255,0,49.8825,0
3.3264,0,49.896,0,3.3264,0,49.896,0
3.3273,0,49.9095,0,3.3273,0,49.9095,0
3.3282,0,49.923,0,3.3282,0,49.923,0
3.3291,0,49.9365,0,3.3291,0,49.9365,0
3.33,0,49.95,0,3.33,0,49.95,0
3.3309,0,49.9635,0,3.3309,0,49.9635,0
3.3318,0,49.977,0,3.3318,0,49.977,0
3.3327,0,49.9905,0,3.3327,0,49.9905,0
3.3336,0,50.004,0,3.3336,0,50.004,0
3.3345,0,50.0175,0,3.3345,0,50.0175,0
3.3354,0,50.031,0,3.3354,0,50.031,0
3.3363,0,50.0445,0,3.3363,0,50.0445,0
3.3372,0,50.058,0,3.3372,0,50.058,0
3.3381,0,50.0715,0,3.3381,0,50.0715,0
3.339,0,50.085,0,3.339,0,50.085,0
3.3399,0,50.0985,0,3.3399,0,50.0985,0
3.3408,0,50.112,0,3.3408,0,50.112,0
3.3417,0,50.1255,0,3.3417,0,50.1255,0
3.3426,0,50.139,0,3.3426,0,50.139,0
3.3435,0,50.1525,0,3.3435,0,50.1525,0
3.3444,0,50.166,0,3.3444,0,50.166,0
3.3453,0,50.1795,0,3.3453,0,50.1795,0
3.3462,0,50.193,0,3.3462,0,50.193,0
3.3471,0,50.2065,0,3.3471,0,50.2065,0
3.348,0,50.22,0,3.348,0,50.22,0
3.3489,0,50.2335,0,3.3489,0,50.2335,0
3.3498,0,50.247,0,3.3498,0,50.247,0
3.3507,0,50.2605,0,3.3507,0,50.2605,0
3.3516,0,50.274,0,3.3516,0,50.274,0
3.3525,0,50.2875,0,3.3525,0,50.2875,0
3.3534,0,50.301,0,3.3534,0,50.301,0
3.3543,0,50.3145,0,3.3543,0,50.3145,0
3.3552,0,50.328,0,3.3552,0,50.328,0
3.3561,0,50.3415,0,3.3561,0,50.3415,0
3.357,0,50.355,0,3.357,0,50.355,0
3.3579,0,50.3685,0,3.3579,0,50.3685,0
3.3588,0,50.382,0,3.3588,0,50.382,0
3.3597,0,50.3955,0,3.3597,0,50.3955,0
3.3606,0,50.409,0,3.3606,0,50.409,0
3.3615,0,50.4225,0,3.3615,0,50.4225,0
3.3624,0,50.436,0,3.3624,0,50.436,0
3.3633,0,50.4495,0,3.3633,0,50.4495,0
3.3642,0,50.463,0,3.3642,0,50.463,0
3.3651,0,50.4765,0,3.3651,0,50.4765,0
3.366,0,50.49,0,3.366,0,50.49,0
3.3669,0,50.5035,0,3.3669,0,50.5035,0
3.3678,0,50.517,0,3.3678,0,50.517,0
3.3687,0,50.5305,0,3.3687,0,50.5305,0
3.3696,0,50.544,0,3.3696,0,50.544,0
3.3705,0,50.5575,0,3.3705,0,50.5575,0
3.3714,0,50.571,0,3.3714,0,50.571,0
3.3723,0,50.5845,0,3.3723,0,50.5845,0
3.3732,0,50.598,0,3.3732,0,50.598,0
3.3741,0,50.6115,0,3.3741,0,50.6115,0
3.375,0,50.625,0,3.375,0,50.625,0
3.3759,0,50.6385,0,3.3759,0,50.6385,0
3.3768,0,50.652,0,3.3768,0,50.652,0
3.3777,0,50.6655,0,3.3777,0,50.6655,0
3.3786,0,50.679,0,3.3786,0,50.679,0
3.3795,0,50.6925,0,3.3795,0,50.6925,0
3.3804,0,50.706,0,3.3804,0,50.706,0
3.3813,0,50.7195,0,3.3813,0,50.7195,0
3.3822,0,50.733,0,3.3822,0,50.733,0
3.3831,0,50.7465,0,3.3831,0,50.7465,0
3.384,0,50.76,0,3.384,0,50.76,0
3.3849,0,50.7735,0,3.3849,0,50.7735,0
3.3858,0,50.787,0,3.3858,0,50.787,0
3.3867,0,50.8005,0,3.3867,0,50.8005,0
3.3876,0,50.814,0,3.3876,0,50.814,0
3.3885,0,50.8275,0,3.3885,0,50.8275,0
3.3894,0,50.841,0,3.3894,0,50.841,0
3.3903,0,50.8545,0,3.3903,0,50.8545,0
3.3912,0,50.868,0,3.3912,0,50.868,0
3.3921,0,50.8815,0,3.3921,0,50.8815,0
3.393,0,50.895,0,3.393,0,50.895,0
3.3939,0,50.9085,0,3.3939,0,50.9085,0
3.3948,0,50.922,0,3.3948,0,50.922,0
3.3957,0,50.9355,0,3.3957,0,50.9355,0
3.3966,0,50.949,0,3.3966,0,50.949,0
3.3975,0,50.9625,0,3.3975,0,50.9625,0
3.3984,0,50.976,0,3.3984,0,50.976,0
3.3993,0,50.9895,0,3.3993,0,50.9895,0
3.4002,0,51.003,0,3.4002,0,51.003,0
3.4011,0,51.0165,0,3.4011,0,51.0165,0
3.402,0,51.03,0,3.402,0,51.03,0
3.4029,0,51.0435,0,3.4029,0,51.0435,0
3.4038,0,51.057,0,3.4038,0,51.057,0
3.4047,0,51.0705,0,3.4047,0,51.0705,0
3.4056,0,51.084,0,3.4056,0,51.084,0
3.4065,0,51.0975,0,3.4065,0,51.0975,0
3.4074,0,51.111,0,3.4074,0,51.111,0
3.4083,0,51.1245,0,3.4083,0,51.1245,0
3.4092,0,51.138,0,3.4092,0,51.138,0
3.4101,0,51.1515,0,3.4101,0,51.1515,0
3.411,0,51.165,0,3.411,0,51.165,0
3.4119,0,51.1785,0,3.4119,0,51.1785,0
3.4128,0,51.192,0,3.4128,0,51.192,0
3.4137,0,51.2055,0,3.4137,0,51.2055,0
3.4146,0,51.219,0,3.4146,0,51.219,0
3.4155,0,51.2325,0,3.4155,0,51.2325,0
3.4164,0,51.246,0,3.4164,0,51.246,0
3.4173,0,51.2595,0,3.4173,0,51.2595,0
3.4182,0,51.273,0,3.4182,0,51.273,0
3.4191,0,51.2865,0,3.4191,0,51.2865,0
3.42,0,51.3,0,3.42,0,51.3,0
3.4209,0,51.3135,0,3.4209,0,51.3135,0
3.4218,0,51.327,0,3.4218,0,51.327,0
3.4227,0,51.3405,0,3.4227,0,51.3405,0
3.4236,0,51.354,0,3.4236,0,51.354,0
3.4245,0,51.3675,0,3.4245,0,51.3675,0
3.4254,0,51.381,0,3.4254,0,51.381,0
3.4263,0,51.3945,0,3.4263,0,51.3945,0
3.4272,0,51.408,0,3.4272,0,51.408,0
3.4281,0,51.4215,0,3.4281,0,51.4215,0
3.429,0,51.435,0,3.429,0,51.435,0
3.4299,0,51.4485,0,3.4299,0,51.4485,0
3.4308,0,51.462,0,3.4308,0,51.462,0
3.4317,0,51.4755,0,3.4317,0,51.4755,0
3.4326,0,51.489,0,3.4326,0,51.489,0
3.4335,0,51.5025,0,3.4335,0,51.5025,0
3.4344,0,51.516,0,3.4344,0,51.516,0
3.4353,0,51.5295,0,3.4353,0,51.5295,0
3.4362,0,51.543,0,3.4362,0,51.543,0
3.4371,0,51.5565,0,3.4371,0,51.5565,0
3.438,0,51.57,0,3.438,0,51.57,0
3.4389,0,51.5835,0,3.4389,0,51.5835,0
3.4398,0,51.597,0,3.4398,0,51.597,0
3.4407,0,51.6105,0,3.4407,0,51.6105,0
3.4416,0,51.624,0,3.4416,0,51.624,0
3.4425,0,51.6375,0,3.4425,0,51.6375,0
3.4434,0,51.651,0,3.4434,0,51.651,0
3.4443,0,51.6645,0,3.4443,0,51.6645,0
3.4452,0,51.678,0,3.4452,0,51.678,0
3.4461,0,51.6915,0,3.4461,0,51.6915,0
3.447,0,51.705,0,3.447,0,51.705,0
3.4479,0,51.7185,0,3.4479,0,51.7185,0
3.4488,0,51.732,0,3.4488,0,51.732,0
3.4497,0,51.7455,0,3.4497,0,51.7455,0
3.4506,0,51.759,0,3.4506,0,51.759,0
3.4515,0,51.7725,0,3.4515,0,51.7725,0
3.4524,0,51.786,0,3.4524,0,51.786,0
3.4533,0,51.7995,0,3.4533,0,51.7995,0
3.4542,0,51.813,0,3.4542,0,51.813,0
3.4551,0,51.8265,0,3.4551,0,51.8265,0
3.456,0,51.84,0,3.456,0,51.84,0
3.4569,0,51.8535,0,3.4569,0,51.8535,0
3.4578,0,51.867,0,3.4578,0,51.867,0
3.4587,0,51.8805,0,3.4587,0,51.8805,0
3.4596,0,51.894,0,3.4596,0,51.894,0
3.4605,0,51.9075,0,3.4605,0,51.9075,0
3.4614,0,51.921,0,3.4614,0,51.921,0
3.4623,0,51.9345,0,3.4623,0,51.9345,0
3.4632,0,51.948,0,3.4632,0,51.948,0
3.4641,0,51.9615,0,3.4641,0,51.9615,0
3.465,0,51.975,0,3.465,0,51.975,0
3.4659,0,51.9885,0,3.4659,0,51.9885,0
3.4668,0,52.002,0,3.4668,0,52.002,0
3.4677,0,52.0155,0,3.4677,0,52.0155,0
3.4686,0,52.029,0,3.4686,0,52.029,0
3.4695,0,52.0425,0,3.4695,0,52.0425,0
3.4704,0,52.056,0,3.4704,0,52.056,0
3.4713,0,52.0695,0,3.4713,0,52.0695,0
3.4722,0,52.083,0,3.4722,0,52.083,0
3.4731,0,52.0965,0,3.4731,0,52.0965,0
3.474,0,52.11,0,3.474,0,52.11,0
3.4749,0,52.1235,0,3.4749,0,52.1235,0
3.4758,0,52.137,0,3.4758,0,52.137,0
3.4767,0,52.1505,0,3.4767,0,52.1505,0
3.4776,0,52.164,0,3.4776,0,52.164,0
3.4785,0,52.1775,0,3.4785,0,52.1775,0
3.4794,0,52.191,0,3.4794,0,52.191,0
3.4803,0,52.2045,0,3.4803,0,52.2045,0
3.4812,0,52.218,0,3.4812,0,52.218,0
3.4821,0,52.2315,0,3.4821,0,52.2315,0
3.483,0,52.245,0,3.483,0,52.245,0
3.4839,0,52.2585,0,3.4839,0,52.2585,0
3.4848,0,52.272,0,3.4848,0,52.272,0
3.4857,0,52.2855,0,3.4857,0,52.2855,0
3.4866,0,52.299,0,3.4866,0,52.299,0
3.4875,0,52.3125,0,3.4875,0,52.3125,0
3.4884,0,52.326,0,3.4884,0,52.326,0
3.4893,0,52.3395,0,3.4893,0,52.3395,0
3.4902,0,52.353,0,3.4902,0,52.353,0
3.4911,0,52.3665,0,3.4911,0,52.3665,0
3.492,0,52.38,0,3.492,0,52.38,0
3.4929,0,52.3935,0,3.4929,0,52.3935,0
3.4938,0,52.407,0,3.4938,0,52.407,0
3.4947,0,52.4205,0,3.4947,0,52.4205,0
3.4956,0,52.434,0,3.4956,0,52.434,0
