X[s],"Trigno IM sensor 3: EMG 3 (IM)",X[s],"Trigno IM sensor 3: Mag 3.Z (IM)",X[s],"Trigno IM sensor 4: EMG 4 (IM)",X[s],"Trigno IM sensor 4: Mag 4.Z (IM)"
0.000000,6.713969E-07,0.000000,119,0.000000,-3.692683E-06,0.000000,0
0.0009,-1.913481E-05,0.0135,120,0.0009,1.376364E-05,0.0135,0
0.0018,-2.1149E-05,0.027,120,0.0018,4.46479E-05,0.027,1
0.0027,-8.392462E-06,0.0405,119,0.0027,3.054856E-05,0.0405,-3
0.0036,-5.539025E-05,0.054,118,0.0036,5.035477E-06,0.054,0
0.0045,-4.39765E-05,0.0675,120,0.0045,-7.721065E-06,0.0675,-2
0.0054,-1.107805E-05,0.081,118,0.0054,-5.035477E-06,0.081,1
0.0063,-2.047761E-05,0.0945,119,0.0063,-1.040665E-05,0.0945,-3
0.0072,-2.349889E-06,0.108,119,0.0072,-2.349889E-06,0.108,-1
0.0081,-2.18204E-05,0.1215,119,0.0081,-3.088426E-05,0.1215,0
0.009000001,-3.356985E-05,0.135,119,0.009000001,-3.088426E-05,0.135,1
0.0099,1.040665E-05,0.1485,119,0.0099,-1.242084E-05,0.1485,3
0.0108,1.980621E-05,0.162,119,0.0108,3.356985E-07,0.162,2
0.0117,2.349889E-05,0.1755,119,0.0117,-1.107805E-05,0.1755,2
0.0126,1.040665E-05,0.189,120,0.0126,-2.047761E-05,0.189,-1
0.0135,1.577783E-05,0.2025,119,0.0135,-3.390555E-05,0.2025,-1
0.0144,4.666209E-05,0.216,120,0.0144,-5.606165E-05,0.216,1
0.0153,2.081331E-05,0.2295,120,0.0153,-4.599069E-05,0.2295,1
0.0162,6.378271E-06,0.243,120,0.0162,-3.323415E-05,0.243,0
0.0171,1.309224E-05,0.2565,119,0.0171,-4.733349E-05,0.2565,0
0.018,-4.028382E-06,0.27,118,0.018,-5.471885E-05,0.27,-4
0.0189,1.678492E-06,0.2835,119,0.0189,-2.584878E-05,0.2835,0
0.0198,1.812772E-05,0.297,118,0.0198,-3.524834E-05,0.297,0
0.0207,4.36408E-06,0.3105,120,0.0207,-3.927672E-05,0.3105,0
0.0216,-1.577783E-05,0.324,120,0.0216,-2.853437E-05,0.324,2
0.0225,1.007095E-06,0.3375,120,0.0225,-1.947051E-05,0.3375,0
0.0234,-4.36408E-06,0.351,120,0.0234,-2.081331E-05,0.351,2
0.0243,-3.591974E-05,0.3645,119,0.0243,-5.337606E-05,0.3645,0
0.0252,3.155566E-05,0.378,119,0.0252,-4.901198E-05,0.378,0
0.0261,2.719158E-05,0.3915,119,0.0261,-4.46479E-05,0.3915,-1
0.027,-5.706874E-06,0.405,120,0.027,-4.196231E-05,0.405,0
0.0279,3.356985E-06,0.4185,121,0.0279,-4.129091E-05,0.4185,0
0.0288,1.309224E-05,0.432,119,0.0288,-6.64683E-05,0.432,0
0.0297,-2.014191E-06,0.4455,119,0.0297,-2.652018E-05,0.4455,0
0.0306,-5.304036E-05,0.459,120,0.0306,-3.356985E-06,0.459,-3
0.0315,-3.860533E-05,0.4725,120,0.0315,-4.733349E-05,0.4725,0
0.0324,-1.913481E-05,0.486,120,0.0324,-7.150377E-05,0.486,1
0.0333,-2.819867E-05,0.4995,119,0.0333,9.063859E-06,0.4995,-2
0.0342,-8.728161E-06,0.513,119,0.0342,-5.706874E-06,0.513,-1
0.0351,-7.049668E-06,0.5265,118,0.0351,-5.404745E-05,0.5265,0
0.036,-1.779202E-05,0.54,120,0.036,-3.356985E-06,0.54,2
0.0369,3.356985E-07,0.5535,119,0.0369,2.786297E-05,0.5535,1
0.0378,-1.007095E-06,0.567,120,0.0378,1.007095E-06,0.567,0
0.0387,2.28275E-05,0.5805,119,0.0387,-2.584878E-05,0.5805,0
0.0396,5.035477E-06,0.594,119,0.0396,1.980621E-05,0.594,0
0.0405,1.409934E-05,0.6075,117,0.0405,-2.685588E-06,0.6075,0
0.0414,-1.678492E-06,0.621,117,0.0414,-1.745632E-05,0.621,0
0.0423,-5.035477E-06,0.6345,118,0.0423,-3.994812E-05,0.6345,1
0.0432,-9.063859E-06,0.648,119,0.0432,7.049668E-06,0.648,0
0.0441,-4.39765E-05,0.6615,119,0.0441,7.385367E-06,0.6615,0
0.045,-3.356985E-05,0.675,119,0.045,-3.726253E-05,0.675,0
0.0459,5.035477E-06,0.6885,118,0.0459,-3.826963E-05,0.6885,0
0.0468,-3.591974E-05,0.702,120,0.0468,3.121996E-05,0.702,-1
0.0477,-4.49836E-05,0.7155,120,0.0477,-4.028382E-06,0.7155,0
0.0486,1.309224E-05,0.729,119,0.0486,-4.934768E-05,0.729,4
0.0495,7.721065E-06,0.7425,120,0.0495,2.652018E-05,0.7425,0
0.0504,5.706874E-06,0.756,119,0.0504,2.752728E-05,0.756,0
0.0513,3.692683E-06,0.7695,121,0.0513,-2.920577E-05,0.7695,-4
0.0522,3.860533E-05,0.783,119,0.0522,-3.591974E-05,0.783,2
0.0531,1.510643E-05,0.7965,120,0.0531,2.1149E-05,0.7965,-3
0.054,1.745632E-05,0.81,118,0.054,3.021286E-06,0.81,1
0.0549,2.349889E-06,0.8235,120,0.0549,-1.510643E-05,0.8235,1
0.0558,6.713969E-06,0.837,120,0.0558,-5.438316E-05,0.837,-3
0.0567,-5.035477E-06,0.8505,120,0.0567,-1.040665E-05,0.8505,0
0.0576,-4.632639E-05,0.864,121,0.0576,2.517739E-05,0.864,-1
0.0585,-4.263371E-05,0.8775,120,0.0585,-1.913481E-05,0.8775,0
0.0594,-4.834058E-05,0.891,118,0.0594,-3.793393E-05,0.891,0
0.0603,-3.659113E-05,0.9045,120,0.0603,2.1149E-05,0.9045,-1
0.0612,-9.735256E-06,0.918,119,0.0612,6.378271E-06,0.918,-3
0.0621,-3.558404E-05,0.9315,119,0.0621,-6.076142E-05,0.9315,0
0.063,-2.383459E-05,0.945,120,0.063,-5.706874E-06,0.945,-3
0.0639,2.752728E-05,0.9585,119,0.0639,1.174945E-05,0.9585,0
0.0648,-2.316319E-05,0.972,119,0.0648,-3.726253E-05,0.972,0
0.0657,-3.390555E-05,0.9855,120,0.0657,-2.719158E-05,0.9855,0
0.0666,-1.376364E-05,0.999,121,0.0666,1.812772E-05,0.999,-2
0.0675,-1.644922E-05,1.0125,119,0.0675,-1.040665E-05,1.0125,0
0.0684,-1.644922E-05,1.026,120,0.0684,-2.618448E-05,1.026,-4
0.0693,-6.042573E-06,1.0395,120,0.0693,-5.539025E-05,1.0395,-2
0.0702,4.666209E-05,1.053,121,0.0702,-3.390555E-05,1.053,-1
0.0711,5.807584E-05,1.0665,121,0.0711,-3.021286E-06,1.0665,0
0.072,3.726253E-05,1.08,120,0.072,-6.042573E-05,1.08,0
0.0729,5.203327E-05,1.0935,120,0.0729,-6.411841E-05,1.0935,0
0.07380001,9.735256E-06,1.107,121,0.07380001,1.141375E-05,1.107,0
0.07470001,-9.735256E-06,1.1205,120,0.07470001,-2.618448E-05,1.1205,0
0.0756,1.242084E-05,1.134,121,0.0756,-7.553216E-05,1.134,0
0.0765,-5.706874E-06,1.1475,122,0.0765,-2.685588E-06,1.1475,-1
0.0774,-2.618448E-05,1.161,121,0.0774,1.040665E-05,1.161,1
0.0783,-4.263371E-05,1.1745,121,0.0783,-4.666209E-05,1.1745,1
0.0792,-4.901198E-05,1.188,122,0.0792,-2.484169E-05,1.188,-1
0.0801,-3.994812E-05,1.2015,122,0.0801,2.047761E-05,1.2015,-4
0.081,-8.392462E-06,1.215,122,0.081,9.063859E-06,1.215,2
0.0819,1.040665E-05,1.2285,123,0.0819,-1.409934E-05,1.2285,-2
0.0828,-8.392462E-06,1.242,124,0.0828,-2.450599E-05,1.242,-2
0.0837,-5.706874E-06,1.2555,122,0.0837,-1.510643E-05,1.2555,0
0.0846,2.1149E-05,1.269,122,0.0846,-1.342794E-05,1.269,0
0.0855,1.678492E-06,1.2825,122,0.0855,-3.256275E-05,1.2825,-1
0.0864,7.385367E-06,1.296,121,0.0864,-5.203327E-05,1.296,-1
0.0873,1.242084E-05,1.3095,122,0.0873,-1.678492E-06,1.3095,0
0.0882,-2.316319E-05,1.323,123,0.0882,-7.049668E-06,1.323,-2
0.0891,7.049668E-06,1.3365,122,0.0891,-6.311131E-05,1.3365,0
0.09,2.719158E-05,1.35,123,0.09,7.049668E-06,1.35,2
0.0909,-2.349889E-05,1.3635,123,0.0909,4.599069E-05,1.3635,0
0.0918,-2.652018E-05,1.377,123,0.0918,-3.054856E-05,1.377,0
0.0927,-1.208515E-05,1.3905,124,0.0927,-3.826963E-05,1.3905,0
0.0936,-2.047761E-05,1.404,123,0.0936,6.378271E-06,1.404,0
0.09450001,-3.256275E-05,1.4175,123,0.09450001,-7.721065E-06,1.4175,0
0.09540001,-1.040665E-05,1.431,123,0.09540001,-2.618448E-05,1.431,0
0.09630001,-3.356985E-06,1.4445,123,0.09630001,-6.344701E-05,1.4445,0
0.0972,-3.222705E-05,1.458,123,0.0972,-3.692683E-06,1.458,1
0.0981,-5.539025E-05,1.4715,123,0.0981,4.33051E-05,1.4715,-2
0.099,-4.129091E-05,1.485,123,0.099,-2.28275E-05,1.485,-1
0.0999,-2.618448E-05,1.4985,121,0.0999,-3.793393E-05,1.4985,-1
0.1008,-1.846342E-05,1.512,123,0.1008,1.577783E-05,1.512,0
0.1017,-7.049668E-06,1.5255,122,0.1017,-1.107805E-05,1.5255,0
0.1026,-1.007095E-06,1.539,124,0.1026,-4.699779E-05,1.539,0
0.1035,-1.242084E-05,1.5525,123,0.1035,-4.028382E-06,1.5525,0
0.1044,-2.685588E-06,1.566,123,0.1044,3.356985E-06,1.566,0
0.1053,-2.383459E-05,1.5795,123,0.1053,-5.203327E-05,1.5795,0
0.1062,-2.316319E-05,1.593,123,0.1062,-2.081331E-05,1.593,2
0.1071,-2.28275E-05,1.6065,124,0.1071,1.544213E-05,1.6065,0
0.108,-9.063859E-06,1.62,123,0.108,-1.745632E-05,1.62,0
0.1089,-2.920577E-05,1.6335,123,0.1089,-3.659113E-05,1.6335,0
0.1098,-1.510643E-05,1.647,123,0.1098,-4.867628E-05,1.647,1
0.1107,1.040665E-05,1.6605,123,0.1107,-2.417029E-05,1.6605,-1
0.1116,1.913481E-05,1.674,122,0.1116,-1.678492E-06,1.674,-1
0.1125,7.385367E-06,1.6875,123,0.1125,-2.484169E-05,1.6875,-1
0.1134,2.517739E-05,1.701,123,0.1134,-5.706874E-05,1.701,1
0.1143,-1.242084E-05,1.7145,125,0.1143,1.007095E-06,1.7145,1
0.1152,2.349889E-06,1.728,126,0.1152,-1.174945E-05,1.728,0
0.1161,4.699779E-06,1.7415,122,0.1161,-8.493171E-05,1.7415,0
0.117,1.141375E-05,1.755,123,0.117,-1.980621E-05,1.755,0
0.1179,-1.678492E-05,1.7685,123,0.1179,2.349889E-06,1.7685,1
0.1188,-2.081331E-05,1.782,123,0.1188,-4.162661E-05,1.782,1
0.1197,3.021286E-05,1.7955,122,0.1197,-3.524834E-05,1.7955,0
0.1206,1.678492E-05,1.809,123,0.1206,1.510643E-05,1.809,0
0.1215,1.947051E-05,1.8225,122,0.1215,6.042573E-06,1.8225,2
0.1224,1.376364E-05,1.836,124,0.1224,-2.987716E-05,1.836,1
0.1233,-3.021286E-06,1.8495,123,0.1233,-5.673304E-05,1.8495,0
0.1242,7.385367E-06,1.863,123,0.1242,-2.316319E-05,1.863,0
0.1251,3.021286E-05,1.8765,122,0.1251,-3.356985E-07,1.8765,2
0.126,-1.443504E-05,1.89,123,0.126,-2.584878E-05,1.89,0
0.1269,-1.107805E-05,1.9035,123,0.1269,-3.726253E-05,1.9035,0
0.1278,-6.378271E-06,1.917,123,0.1278,0,1.917,0
0.1287,-2.081331E-05,1.9305,122,0.1287,-4.36408E-06,1.9305,-1
0.1296,-6.042573E-06,1.944,123,0.1296,-6.378271E-05,1.944,0
0.1305,-6.378271E-06,1.9575,123,0.1305,1.107805E-05,1.9575,4
0.1314,-3.793393E-05,1.971,122,0.1314,-1.678492E-06,1.971,0
0.1323,-4.934768E-05,1.9845,122,0.1323,-6.076142E-05,1.9845,-2
0.1332,1.242084E-05,1.998,123,0.1332,-1.040665E-05,1.998,1
0.1341,-1.107805E-05,2.0115,121,0.1341,1.812772E-05,2.0115,0
0.135,-2.28275E-05,2.025,123,0.135,-5.035477E-06,2.025,1
0.1359,-4.699779E-06,2.0385,122,0.1359,1.007095E-06,2.0385,2
0.1368,-3.256275E-05,2.052,122,0.1368,-4.129091E-05,2.052,0
0.1377,-1.913481E-05,2.0655,123,0.1377,-1.510643E-05,2.0655,1
0.1386,-3.155566E-05,2.079,121,0.1386,2.484169E-05,2.079,0
0.1395,-3.323415E-05,2.0925,123,0.1395,-9.063859E-06,2.0925,0
0.1404,-2.719158E-05,2.106,122,0.1404,-3.054856E-05,2.106,0
0.1413,-5.169757E-05,2.1195,122,0.1413,1.342794E-05,2.1195,1
0.1422,-1.577783E-05,2.133,122,0.1422,-9.063859E-06,2.133,3
0.1431,3.726253E-05,2.1465,121,0.1431,-6.478981E-05,2.1465,0
0.144,1.980621E-05,2.16,122,0.144,-1.342794E-05,2.16,0
0.1449,1.745632E-05,2.1735,121,0.1449,-5.035477E-06,2.1735,0
0.1458,9.735256E-06,2.187,122,0.1458,-4.733349E-05,2.187,0
0.1467,1.477073E-05,2.2005,122,0.1467,-4.632639E-05,2.2005,4
0.1476,-3.356985E-07,2.214,122,0.1476,-3.021286E-06,2.214,-2
0.1485,-4.36408E-06,2.2275,121,0.1485,-1.376364E-05,2.2275,1
0.1494,-2.685588E-06,2.241,121,0.1494,-3.323415E-05,2.241,0
0.1503,-5.035477E-06,2.2545,122,0.1503,-4.800488E-05,2.2545,1
0.1512,1.577783E-05,2.268,123,0.1512,-1.342794E-05,2.268,0
0.1521,5.169757E-05,2.2815,122,0.1521,-9.063859E-06,2.2815,0
0.153,2.081331E-05,2.295,121,0.153,-3.860533E-05,2.295,-1
0.1539,3.189136E-05,2.3085,123,0.1539,-5.035477E-05,2.3085,-2
0.1548,2.887007E-05,2.322,122,0.1548,1.577783E-05,2.322,-1
0.1557,1.007095E-06,2.3355,121,0.1557,-1.174945E-05,2.3355,0
0.1566,1.242084E-05,2.349,121,0.1566,-6.64683E-05,2.349,1
0.1575,5.035477E-06,2.3625,123,0.1575,1.913481E-05,2.3625,1
0.1584,-5.740444E-05,2.376,121,0.1584,2.450599E-05,2.376,1
0.1593,-5.404745E-05,2.3895,123,0.1593,-2.853437E-05,2.3895,-1
0.1602,1.980621E-05,2.403,122,0.1602,-2.383459E-05,2.403,0
0.1611,-1.846342E-05,2.4165,121,0.1611,1.846342E-05,2.4165,-1
0.162,-1.712062E-05,2.43,122,0.162,-6.042573E-06,2.43,1
0.1629,1.141375E-05,2.4435,122,0.1629,-2.450599E-05,2.4435,-1
0.1638,-1.409934E-05,2.457,121,0.1638,-5.572595E-05,2.457,-2
0.1647,-3.356985E-07,2.4705,122,0.1647,3.692683E-06,2.4705,0
0.1656,5.706874E-06,2.484,122,0.1656,2.047761E-05,2.484,1
0.1665,-9.735256E-06,2.4975,121,0.1665,-1.644922E-05,2.4975,0
0.1674,-1.174945E-05,2.511,122,0.1674,-5.136187E-05,2.511,0
0.1683,-1.342794E-06,2.5245,122,0.1683,1.678492E-06,2.5245,0
0.1692,-1.074235E-05,2.538,121,0.1692,-7.049668E-06,2.538,0
0.1701,-3.222705E-05,2.5515,122,0.1701,-6.311131E-05,2.5515,-1
0.171,-2.24918E-05,2.565,123,0.171,3.021286E-06,2.565,-2
0.1719,-4.196231E-05,2.5785,123,0.1719,3.558404E-05,2.5785,2
0.1728,-5.471885E-05,2.592,122,0.1728,-2.618448E-05,2.592,0
0.1737,3.692683E-06,2.6055,121,0.1737,-1.980621E-05,2.6055,1
0.1746,-1.174945E-05,2.619,122,0.1746,2.21561E-05,2.619,-1
0.1755,-3.021286E-05,2.6325,123,0.1755,1.678492E-06,2.6325,1
0.1764,-1.779202E-05,2.646,123,0.1764,-1.074235E-05,2.646,1
0.1773,-1.947051E-05,2.6595,122,0.1773,-5.069047E-05,2.6595,1
0.1782,-1.510643E-05,2.673,122,0.1782,-1.208515E-05,2.673,0
0.1791,-1.040665E-05,2.6865,122,0.1791,1.477073E-05,2.6865,-3
0.18,9.063859E-06,2.7,124,0.18,-3.692683E-05,2.7,-2
0.1809,-5.706874E-06,2.7135,122,0.1809,-5.270466E-05,2.7135,0
0.1818,-1.611353E-05,2.727,122,0.1818,9.735256E-06,2.727,0
0.1827,1.678492E-05,2.7405,122,0.1827,-2.719158E-05,2.7405,1
0.1836,3.692683E-06,2.754,121,0.1836,-7.217517E-05,2.754,-2
0.1845,-9.735256E-06,2.7675,122,0.1845,-6.378271E-06,2.7675,-2
0.1854,-6.378271E-06,2.781,122,0.1854,-1.913481E-05,2.781,0
0.1863,-1.376364E-05,2.7945,123,0.1863,-6.210422E-05,2.7945,-2
0.1872,5.706874E-06,2.808,122,0.1872,-4.43122E-05,2.808,-1
0.1881,-1.342794E-06,2.8215,122,0.1881,-1.107805E-05,2.8215,1
0.189,2.685588E-06,2.835,122,0.189,-3.390555E-05,2.835,1
0.1899,-1.712062E-05,2.8485,122,0.1899,-4.162661E-05,2.8485,-1
0.1908,-1.644922E-05,2.862,123,0.1908,-5.035477E-05,2.862,3
0.1917,4.699779E-06,2.8755,122,0.1917,-2.047761E-05,2.8755,0
0.1926,-3.356985E-06,2.889,122,0.1926,3.189136E-05,2.889,0
0.1935,-5.035477E-06,2.9025,122,0.1935,-2.349889E-06,2.9025,1
0.1944,1.174945E-05,2.916,122,0.1944,-4.36408E-05,2.916,0
0.1953,-5.035477E-06,2.9295,123,0.1953,1.443504E-05,2.9295,0
0.1962,-2.719158E-05,2.943,122,0.1962,-5.706874E-06,2.943,1
0.1971,-7.721065E-06,2.9565,122,0.1971,-6.74754E-05,2.9565,1
0.198,-3.591974E-05,2.97,122,0.198,-8.392462E-06,2.97,-2
0.1989,-3.021286E-05,2.9835,123,0.1989,1.544213E-05,2.9835,-2
0.1998,-2.1149E-05,2.997,121,0.1998,-6.378271E-05,2.997,1
0.2007,-3.356985E-06,3.0105,123,0.2007,-1.712062E-05,3.0105,1
0.2016,-1.376364E-05,3.024,0,0.2016,1.812772E-05,3.024,0
0.2025,-1.779202E-05,3.0375,0,0.2025,4.699779E-06,3.0375,0
0.2034,4.129091E-05,3.051,0,0.2034,-1.040665E-05,3.051,0
0.2043,1.913481E-05,3.0645,0,0.2043,-5.673304E-05,3.0645,0
0.2052,-1.376364E-05,3.078,0,0.2052,-1.107805E-05,3.078,0
0.2061,-5.136187E-05,3.0915,0,0.2061,5.035477E-06,3.0915,0
0.207,-3.961242E-05,3.105,0,0.207,-2.719158E-05,3.105,0
0.2079,-4.33051E-05,3.1185,0,0.2079,-4.733349E-05,3.1185,0
0.2088,-3.189136E-05,3.132,0,0.2088,2.349889E-06,3.132,0
0.2097,-2.18204E-05,3.1455,0,0.2097,-1.275654E-05,3.1455,0
0.2106,-3.021286E-06,3.159,0,0.2106,-5.572595E-05,3.159,0
0.2115,-1.712062E-05,3.1725,0,0.2115,-1.107805E-05,3.1725,0
0.2124,1.242084E-05,3.186,0,0.2124,-3.692683E-06,3.186,0
0.2133,-5.035477E-06,3.1995,0,0.2133,-5.001907E-05,3.1995,0
0.2142,-1.712062E-05,3.213,0,0.2142,-5.203327E-05,3.213,0
0.2151,-3.692683E-06,3.2265,0,0.2151,-3.021286E-06,3.2265,0
0.216,-7.049668E-06,3.24,0,0.216,-3.591974E-05,3.24,0
0.2169,-1.242084E-05,3.2535,0,0.2169,-3.289845E-05,3.2535,0
0.2178,5.035477E-06,3.267,0,0.2178,-3.356985E-05,3.267,0
0.2187,5.706874E-06,3.2805,0,0.2187,-1.040665E-05,3.2805,0
0.2196,1.040665E-05,3.294,0,0.2196,1.712062E-05,3.294,0
0.2205,8.392462E-06,3.3075,0,0.2205,-3.054856E-05,3.3075,0
0.2214,-3.356985E-07,3.321,0,0.2214,-6.009003E-05,3.321,0
0.2223,-9.735256E-06,3.3345,0,0.2223,2.652018E-05,3.3345,0
0.2232,-1.107805E-05,3.348,0,0.2232,-2.685588E-06,3.348,0
0.2241,3.692683E-06,3.3615,0,0.2241,-6.948959E-05,3.3615,0
0.225,9.735256E-06,3.375,0,0.225,-1.007095E-06,3.375,0
0.2259,1.242084E-05,3.3885,0,0.2259,3.121996E-05,3.3885,0
0.2268,1.409934E-05,3.402,0,0.2268,-1.510643E-05,3.402,0
0.2277,3.524834E-05,3.4155,0,0.2277,-1.846342E-05,3.4155,0
0.2286,1.309224E-05,3.429,0,0.2286,2.584878E-05,3.429,0
0.2295,1.242084E-05,3.4425,0,0.2295,9.735256E-06,3.4425,0
0.2304,1.980621E-05,3.456,0,0.2304,-1.174945E-05,3.456,0
0.2313,9.735256E-06,3.4695,0,0.2313,-3.591974E-05,3.4695,0
0.2322,1.275654E-05,3.483,0,0.2322,1.678492E-06,3.483,0
0.2331,-2.1149E-05,3.4965,0,0.2331,1.510643E-05,3.4965,0
0.234,-3.323415E-05,3.51,0,0.234,-2.887007E-05,3.51,0
0.2349,-2.18204E-05,3.5235,0,0.2349,-4.49836E-05,3.5235,0
0.2358,0,3.537,0,0.2358,4.36408E-06,3.537,0
0.2367,-2.584878E-05,3.5505,0,0.2367,-4.36408E-06,3.5505,0
0.2376,-1.510643E-05,3.564,0,0.2376,-6.478981E-05,3.564,0
0.2385,7.721065E-06,3.5775,0,0.2385,1.342794E-05,3.5775,0
0.2394,6.042573E-06,3.591,0,0.2394,1.980621E-05,3.591,0
0.2403,-2.24918E-05,3.6045,0,0.2403,-4.867628E-05,3.6045,0
0.2412,-2.853437E-05,3.618,0,0.2412,-2.551309E-05,3.618,0
0.2421,-1.745632E-05,3.6315,0,0.2421,5.035477E-06,3.6315,0
0.243,-1.376364E-05,3.645,0,0.243,-3.054856E-05,3.645,0
0.2439,0,3.6585,0,0.2439,-2.517739E-05,3.6585,0
0.2448,-8.392462E-06,3.672,0,0.2448,-5.069047E-05,3.672,0
0.2457,-6.378271E-06,3.6855,0,0.2457,-3.491264E-05,3.6855,0
0.2466,-1.779202E-05,3.699,0,0.2466,2.18204E-05,3.699,0
0.2475,-1.678492E-06,3.7125,0,0.2475,-1.376364E-05,3.7125,0
0.2484,5.371176E-06,3.726,0,0.2484,-4.800488E-05,3.726,0
0.2493,-7.721065E-06,3.7395,0,0.2493,1.443504E-05,3.7395,0
0.2502,-3.356985E-07,3.753,0,0.2502,3.692683E-06,3.753,0
0.2511,1.477073E-05,3.7665,0,0.2511,-6.210422E-05,3.7665,0
0.252,-1.510643E-05,3.78,0,0.252,-1.309224E-05,3.78,0
0.2529,-3.356985E-07,3.7935,0,0.2529,1.678492E-06,3.7935,0
0.2538,1.678492E-06,3.807,0,0.2538,-4.33051E-05,3.807,0
0.2547,-6.713969E-06,3.8205,0,0.2547,-3.189136E-05,3.8205,0
0.2556,1.712062E-05,3.834,0,0.2556,7.721065E-06,3.834,0
0.2565,3.692683E-06,3.8475,0,0.2565,-1.409934E-05,3.8475,0
0.2574,1.443504E-05,3.861,0,0.2574,-1.913481E-05,3.861,0
0.2583,9.399558E-06,3.8745,0,0.2583,-3.994812E-05,3.8745,0
0.2592,9.063859E-06,3.888,0,0.2592,-1.443504E-05,3.888,0
0.2601,-2.987716E-05,3.9015,0,0.2601,-3.256275E-05,3.9015,0
0.261,-3.659113E-05,3.915,0,0.261,-6.881819E-05,3.915,0
0.2619,-8.728161E-06,3.9285,0,0.2619,-6.176852E-05,3.9285,0
0.2628,-3.524834E-05,3.942,0,0.2628,-2.685588E-06,3.942,0
0.2637,-2.652018E-05,3.9555,0,0.2637,-2.081331E-05,3.9555,0
0.2646,7.721065E-06,3.969,0,0.2646,-8.090334E-05,3.969,0
0.2655,-1.174945E-05,3.9825,0,0.2655,1.510643E-05,3.9825,0
0.2664,-2.014191E-06,3.996,0,0.2664,2.081331E-05,3.996,0
0.2673,-1.846342E-05,4.0095,0,0.2673,-4.968337E-05,4.0095,0
0.2682,-6.378271E-06,4.023,0,0.2682,-3.289845E-05,4.023,0
0.2691,-2.316319E-05,4.0365,0,0.2691,1.376364E-05,4.0365,0
0.27,-2.18204E-05,4.05,0,0.27,-5.706874E-06,4.05,0
0.2709,-4.36408E-06,4.0635,0,0.2709,-1.846342E-05,4.0635,0
0.2718,-1.141375E-05,4.077,0,0.2718,-5.606165E-05,4.077,0
0.2727,8.392462E-06,4.0905,0,0.2727,-5.706874E-06,4.0905,0
0.2736,9.399558E-06,4.104,0,0.2736,3.323415E-05,4.104,0
0.2745,-1.846342E-05,4.1175,0,0.2745,-1.007095E-06,4.1175,0
0.2754,3.692683E-06,4.131,0,0.2754,-3.625543E-05,4.131,0
0.2763,-2.349889E-06,4.1445,0,0.2763,2.517739E-05,4.1445,0
0.2772,-9.735256E-06,4.158,0,0.2772,2.685588E-06,4.158,0
0.2781,-4.699779E-06,4.1715,0,0.2781,-5.572595E-05,4.1715,0
0.279,5.035477E-06,4.185,0,0.279,1.007095E-05,4.185,0
0.2799,2.316319E-05,4.1985,0,0.2799,3.356985E-06,4.1985,0
0.2808,1.913481E-05,4.212,0,0.2808,-6.109713E-05,4.212,0
0.2817,-5.706874E-06,4.2255,0,0.2817,-4.699779E-06,4.2255,0
0.2826,3.356985E-07,4.239,0,0.2826,2.1149E-05,4.239,0
0.2835,-1.275654E-05,4.2525,0,0.2835,-9.399558E-06,4.2525,0
0.2844,-1.510643E-05,4.266,0,0.2844,-1.779202E-05,4.266,0
0.2853,-8.728161E-06,4.2795,0,0.2853,-3.457694E-05,4.2795,0
0.2862,-1.275654E-05,4.293,0,0.2862,-3.021286E-06,4.293,0
0.2871,-6.54612E-05,4.3065,0,0.2871,-1.107805E-05,4.3065,0
0.288,-3.692683E-05,4.32,0,0.288,-3.927672E-05,4.32,0
0.2889,-2.1149E-05,4.3335,0,0.2889,-6.74754E-05,4.3335,0
0.2898,-1.107805E-05,4.347,0,0.2898,-6.713969E-06,4.347,0
0.2907,2.584878E-05,4.3605,0,0.2907,-2.450599E-05,4.3605,0
0.2916,-3.356985E-07,4.374,0,0.2916,-6.478981E-05,4.374,0
0.2925,-1.510643E-05,4.3875,0,0.2925,4.028382E-06,4.3875,0
0.2934,-1.007095E-06,4.401,0,0.2934,2.920577E-05,4.401,0
0.2943,-1.913481E-05,4.4145,0,0.2943,-2.450599E-05,4.4145,0
0.2952,3.256275E-05,4.428,0,0.2952,-5.136187E-05,4.428,0
0.2961,1.007095E-06,4.4415,0,0.2961,-9.735256E-06,4.4415,0
0.297,-1.107805E-05,4.455,0,0.297,-1.477073E-05,4.455,0
0.2979,6.713969E-07,4.4685,0,0.2979,-1.443504E-05,4.4685,0
0.2988,3.356985E-07,4.482,0,0.2988,-3.994812E-05,4.482,0
0.2997,3.021286E-06,4.4955,0,0.2997,-2.24918E-05,4.4955,0
0.3006,-1.980621E-05,4.509,0,0.3006,1.174945E-05,4.509,0
0.3015,-1.007095E-05,4.5225,0,0.3015,-1.477073E-05,4.5225,0
0.3024,2.383459E-05,4.536,0,0.3024,-4.699779E-05,4.536,0
0.3033,-1.309224E-05,4.5495,0,0.3033,1.846342E-05,4.5495,0
0.3042,-1.644922E-05,4.563,0,0.3042,-4.36408E-06,4.563,0
0.3051,-1.678492E-06,4.5765,0,0.3051,-6.982528E-05,4.5765,0
0.306,-1.477073E-05,4.59,0,0.306,-1.678492E-06,4.59,0
0.3069,-4.934768E-05,4.6035,0,0.3069,-1.242084E-05,4.6035,0
0.3078,-2.719158E-05,4.617,0,0.3078,-6.948959E-05,4.617,0
0.3087,2.1149E-05,4.6305,0,0.3087,-4.229801E-05,4.6305,0
0.3096,-3.424125E-05,4.644,0,0.3096,-1.007095E-05,4.644,0
0.3105,-1.779202E-05,4.6575,0,0.3105,-4.36408E-06,4.6575,0
0.3114,1.007095E-05,4.671,0,0.3114,-2.18204E-05,4.671,0
0.3123,3.021286E-06,4.6845,0,0.3123,-4.49836E-05,4.6845,0
0.3132,-1.376364E-05,4.698,0,0.3132,3.021286E-06,4.698,0
0.3141,-4.33051E-05,4.7115,0,0.3141,1.577783E-05,4.7115,0
0.315,-4.53193E-05,4.725,0,0.315,-1.644922E-05,4.725,0
0.3159,-2.517739E-05,4.7385,0,0.3159,-4.800488E-05,4.7385,0
0.3168,-3.591974E-05,4.752,0,0.3168,3.692683E-06,4.752,0
0.3177,-1.141375E-05,4.7655,0,0.3177,-8.056763E-06,4.7655,0
0.3186,-1.141375E-05,4.779,0,0.3186,-5.035477E-05,4.779,0
0.3195,-1.376364E-05,4.7925,0,0.3195,-1.275654E-05,4.7925,0
0.3204,1.174945E-05,4.806,0,0.3204,-1.913481E-05,4.806,0
0.3213,-3.356985E-07,4.8195,0,0.3213,-5.706874E-05,4.8195,0
0.3222,3.994812E-05,4.833,0,0.3222,-2.349889E-06,4.833,0
0.3231,2.24918E-05,4.8465,0,0.3231,2.383459E-05,4.8465,0
0.324,-3.356985E-07,4.86,0,0.324,-7.721065E-06,4.86,0
0.3249,1.376364E-05,4.8735,0,0.3249,-1.443504E-05,4.8735,0
0.3258,2.1149E-05,4.887,0,0.3258,-4.867628E-05,4.887,0
0.3267,-1.409934E-05,4.9005,0,0.3267,-2.047761E-05,4.9005,0
0.3276,-5.069047E-05,4.914,0,0.3276,2.1149E-05,4.914,0
0.3285,-4.599069E-05,4.9275,0,0.3285,-1.510643E-05,4.9275,0
0.3294,3.021286E-06,4.941,0,0.3294,-2.417029E-05,4.941,0
0.3303,-1.376364E-05,4.9545,0,0.3303,5.203327E-05,4.9545,0
0.3312,-3.659113E-05,4.968,0,0.3312,1.174945E-05,4.968,0
0.3321,-9.735256E-06,4.9815,0,0.3321,-6.78111E-05,4.9815,0
0.333,-6.713969E-06,4.995,0,0.333,1.007095E-06,4.995,0
0.3339,9.063859E-06,5.0085,0,0.3339,-4.36408E-06,5.0085,0
0.3348,-3.692683E-06,5.022,0,0.3348,-6.6804E-05,5.022,0
0.3357,-1.745632E-05,5.0355,0,0.3357,-4.53193E-05,5.0355,0
0.3366,-2.584878E-05,5.049,0,0.3366,1.007095E-06,5.049,0
0.3375,-1.040665E-05,5.0625,0,0.3375,-1.174945E-05,5.0625,0
0.3384,-3.155566E-05,5.076,0,0.3384,-3.054856E-05,5.076,0
0.3393,-1.846342E-05,5.0895,0,0.3393,-3.927672E-05,5.0895,0
0.3402,8.392462E-06,5.103,0,0.3402,-3.021286E-06,5.103,0
0.3411,3.726253E-05,5.1165,0,0.3411,2.383459E-05,5.1165,0
0.342,2.987716E-05,5.13,0,0.342,2.685588E-06,5.13,0
0.3429,4.129091E-05,5.1435,0,0.3429,-4.934768E-05,5.1435,0
0.3438,4.632639E-05,5.157,0,0.3438,-1.007095E-06,5.157,0
0.3447,1.409934E-05,5.1705,0,0.3447,-1.376364E-05,5.1705,0
0.3456,1.376364E-05,5.184,0,0.3456,-7.821774E-05,5.184,0
0.3465,1.712062E-05,5.1975,0,0.3465,-8.392462E-06,5.1975,0
0.3474,-3.558404E-05,5.211,0,0.3474,-7.049668E-06,5.211,0
0.3483,-4.800488E-05,5.2245,0,0.3483,-4.934768E-05,5.2245,0
0.3492,-1.644922E-05,5.238,0,0.3492,-2.047761E-05,5.238,0
0.3501,-1.947051E-05,5.2515,0,0.3501,8.392462E-06,5.2515,0
0.351,-3.692683E-06,5.265,0,0.351,-1.174945E-05,5.265,0
0.3519,1.007095E-06,5.2785,0,0.3519,-2.14847E-05,5.2785,0
0.3528,-1.443504E-05,5.292,0,0.3528,-4.196231E-05,5.292,0
0.3537,1.544213E-05,5.3055,0,0.3537,-2.18204E-05,5.3055,0
0.3546,5.404745E-05,5.319,0,0.3546,-1.611353E-05,5.319,0
0.3555,5.001907E-05,5.3325,0,0.3555,-5.539025E-05,5.3325,0
0.3564,2.853437E-05,5.346,0,0.3564,-5.136187E-05,5.346,0
0.3573,4.36408E-06,5.3595,0,0.3573,1.678492E-06,5.3595,0
0.3582,-1.678492E-06,5.373,0,0.3582,3.021286E-06,5.373,0
0.3591,-5.706874E-06,5.3865,0,0.3591,-5.841154E-05,5.3865,0
0.36,-2.719158E-05,5.4,0,0.36,-4.699779E-06,5.4,0
0.3609,-3.759823E-05,5.4135,0,0.3609,2.450599E-05,5.4135,0
0.3618,-6.61326E-05,5.427,0,0.3618,-3.256275E-05,5.427,0
0.3627,-5.404745E-05,5.4405,0,0.3627,-5.236896E-05,5.4405,0
0.3636,-3.826963E-05,5.454,0,0.3636,-4.36408E-06,5.454,0
0.3645,-2.752728E-05,5.4675,0,0.3645,-9.735256E-06,5.4675,0
0.3654,-1.107805E-05,5.481,0,0.3654,-2.920577E-05,5.481,0
0.3663,-6.713969E-07,5.4945,0,0.3663,-3.894102E-05,5.4945,0
0.3672,1.174945E-05,5.508,0,0.3672,-2.584878E-05,5.508,0
0.3681,-2.349889E-06,5.5215,0,0.3681,-6.378271E-06,5.5215,0
0.369,-3.256275E-05,5.535,0,0.369,-4.666209E-05,5.535,0
0.3699,-1.242084E-05,5.5485,0,0.3699,-5.740444E-05,5.5485,0
0.3708,-1.644922E-05,5.562,0,0.3708,1.879912E-05,5.562,0
0.3717,-1.007095E-05,5.5755,0,0.3717,-1.141375E-05,5.5755,0
0.3726,-6.378271E-06,5.589,0,0.3726,-6.54612E-05,5.589,0
0.3735,-3.323415E-05,5.6025,0,0.3735,7.721065E-06,5.6025,0
0.3744,-8.392462E-06,5.616,0,0.3744,3.323415E-05,5.616,0
0.3753,2.685588E-05,5.6295,0,0.3753,-3.256275E-05,5.6295,0
0.3762,2.517739E-05,5.643,0,0.3762,-1.846342E-05,5.643,0
0.3771,-1.644922E-05,5.6565,0,0.3771,1.510643E-05,5.6565,0
0.378,-4.36408E-06,5.67,0,0.378,7.049668E-06,5.67,0
0.3789,8.392462E-06,5.6835,0,0.3789,-3.356985E-06,5.6835,0
0.3798,-1.141375E-05,5.697,0,0.3798,-3.793393E-05,5.697,0
0.3807,2.081331E-05,5.7105,0,0.3807,0,5.7105,0
0.3816,5.706874E-06,5.724,0,0.3816,2.349889E-05,5.724,0
0.3825,-3.256275E-05,5.7375,0,0.3825,-9.735256E-06,5.7375,0
0.3834,-1.947051E-05,5.751,0,0.3834,-4.46479E-05,5.751,0
0.3843,-1.947051E-05,5.7645,0,0.3843,6.378271E-06,5.7645,0
0.3852,-3.256275E-05,5.778,0,0.3852,5.035477E-06,5.778,0
0.3861,-9.399558E-06,5.7915,0,0.3861,-5.270466E-05,5.7915,0
0.387,1.208515E-05,5.805,0,0.387,2.685588E-06,5.805,0
0.3879,9.735256E-06,5.8185,0,0.3879,1.242084E-05,5.8185,0
0.3888,-3.692683E-06,5.832,0,0.3888,-4.229801E-05,5.832,0
0.3897,2.920577E-05,5.8455,0,0.3897,-2.517739E-05,5.8455,0
0.3906,3.222705E-05,5.859,0,0.3906,1.577783E-05,5.859,0
0.3915,-1.275654E-05,5.8725,0,0.3915,-2.517739E-05,5.8725,0
0.3924,-3.356985E-06,5.886,0,0.3924,-2.047761E-05,5.886,0
0.3933,2.047761E-05,5.8995,0,0.3933,-5.807584E-05,5.8995,0
0.3942,-9.063859E-06,5.913,0,0.3942,-1.107805E-05,5.913,0
0.3951,-1.879912E-05,5.9265,0,0.3951,-3.356985E-06,5.9265,0
0.396,-1.376364E-05,5.94,0,0.396,-4.39765E-05,5.94,0
0.3969,-1.712062E-05,5.9535,0,0.3969,-5.774014E-05,5.9535,0
0.3978,-1.309224E-05,5.967,0,0.3978,1.678492E-06,5.967,0
0.3987,1.007095E-06,5.9805,0,0.3987,-2.584878E-05,5.9805,0
0.3996,-2.21561E-05,5.994,0,0.3996,-7.754635E-05,5.994,0
0.4005,-1.141375E-05,6.0075,0,0.4005,-7.049668E-06,6.0075,0
0.4014,-2.987716E-05,6.021,0,0.4014,-2.047761E-05,6.021,0
0.4023,-3.155566E-05,6.0345,0,0.4023,-6.143282E-05,6.0345,0
0.4032,5.706874E-06,6.048,0,0.4032,-2.719158E-05,6.048,0
0.4041,-1.409934E-05,6.0615,0,0.4041,3.021286E-06,6.0615,0
0.405,-2.316319E-05,6.075,0,0.405,-1.007095E-05,6.075,0
0.4059,-2.14847E-05,6.0885,0,0.4059,-7.049668E-06,6.0885,0
0.4068,4.36408E-06,6.102,0,0.4068,-3.961242E-05,6.102,0
0.4077,5.035477E-06,6.1155,0,0.4077,-2.719158E-05,6.1155,0
0.4086,-2.450599E-05,6.129,0,0.4086,-1.242084E-05,6.129,0
0.4095,-7.049668E-06,6.1425,0,0.4095,-3.256275E-05,6.1425,0
0.4104,1.644922E-05,6.156,0,0.4104,-5.706874E-05,6.156,0
0.4113,-2.719158E-05,6.1695,0,0.4113,6.378271E-06,6.1695,0
0.4122,-2.349889E-06,6.183,0,0.4122,-5.706874E-06,6.183,0
0.4131,2.786297E-05,6.1965,0,0.4131,-5.471885E-05,6.1965,0
0.414,6.042573E-06,6.21,0,0.414,1.242084E-05,6.21,0
0.4149,-2.18204E-05,6.2235,0,0.4149,1.577783E-05,6.2235,0
0.4158,-3.289845E-05,6.237,0,0.4158,-4.43122E-05,6.237,0
0.4167,-3.323415E-05,6.2505,0,0.4167,-2.517739E-05,6.2505,0
0.4176,-7.016098E-05,6.264,0,0.4176,1.040665E-05,6.264,0
0.4185,-7.150377E-05,6.2775,0,0.4185,-1.678492E-06,6.2775,0
0.4194,-5.807584E-05,6.291,0,0.4194,-2.014191E-05,6.291,0
0.4203,-4.33051E-05,6.3045,0,0.4203,-3.625543E-05,6.3045,0
0.4212,-4.36408E-06,6.318,0,0.4212,1.779202E-05,6.318,0
0.4221,6.378271E-06,6.3315,0,0.4221,2.316319E-05,6.3315,0
0.423,1.040665E-05,6.345,0,0.423,-2.484169E-05,6.345,0
0.4239,3.054856E-05,6.3585,0,0.4239,-3.356985E-05,6.3585,0
0.4248,2.450599E-05,6.372,0,0.4248,2.316319E-05,6.372,0
0.4257,2.887007E-05,6.3855,0,0.4257,-1.678492E-06,6.3855,0
0.4266,-1.376364E-05,6.399,0,0.4266,-5.740444E-05,6.399,0
0.4275,0,6.4125,0,0.4275,-2.014191E-06,6.4125,0
0.4284,4.129091E-05,6.426,0,0.4284,1.678492E-05,6.426,0
0.4293,9.399558E-06,6.4395,0,0.4293,-3.994812E-05,6.4395,0
0.4302,-2.417029E-05,6.453,0,0.4302,-1.913481E-05,6.453,0
0.4311,-2.349889E-05,6.4665,0,0.4311,5.035477E-06,6.4665,0
0.432,-1.779202E-05,6.48,0,0.432,-1.107805E-05,6.48,0
0.4329,4.36408E-06,6.4935,0,0.4329,-6.378271E-06,6.4935,0
0.4338,8.392462E-06,6.507,0,0.4338,-4.733349E-05,6.507,0
0.4347,7.385367E-06,6.5205,0,0.4347,-2.853437E-05,6.5205,0
0.4356,2.719158E-05,6.534,0,0.4356,-2.450599E-05,6.534,0
0.4365,9.063859E-06,6.5475,0,0.4365,-5.471885E-05,6.5475,0
0.4374,1.812772E-05,6.561,0,0.4374,-6.64683E-05,6.561,0
0.4383,9.063859E-06,6.5745,0,0.4383,1.443504E-05,6.5745,0
0.4392,8.056763E-06,6.588,0,0.4392,-1.275654E-05,6.588,0
0.4401,2.584878E-05,6.6015,0,0.4401,-7.351797E-05,6.6015,0
0.441,1.242084E-05,6.615,0,0.441,-1.007095E-06,6.615,0
0.4419,3.692683E-06,6.6285,0,0.4419,3.457694E-05,6.6285,0
0.4428,-4.36408E-06,6.642,0,0.4428,-2.987716E-05,6.642,0
0.4437,-3.021286E-05,6.6555,0,0.4437,-4.229801E-05,6.6555,0
0.4446,-3.356985E-05,6.669,0,0.4446,-3.356985E-07,6.669,0
0.4455,-1.544213E-05,6.6825,0,0.4455,-4.699779E-06,6.6825,0
0.4464,-3.289845E-05,6.696,0,0.4464,-1.174945E-05,6.696,0
0.4473,-4.699779E-05,6.7095,0,0.4473,-4.196231E-05,6.7095,0
0.4482,-9.735256E-06,6.723,0,0.4482,1.007095E-06,6.723,0
0.4491,-7.553216E-05,6.7365,0,0.4491,-9.399558E-06,6.7365,0
0.45,-6.51255E-05,6.75,0,0.45,-4.53193E-05,6.75,0
0.4509,-2.014191E-06,6.7635,0,0.4509,-4.49836E-05,6.7635,0
0.4518,-5.706874E-06,6.777,0,0.4518,7.049668E-06,6.777,0
0.4527,3.692683E-06,6.7905,0,0.4527,-2.349889E-05,6.7905,0
0.4536,1.309224E-05,6.804,0,0.4536,-6.57969E-05,6.804,0
0.4545,4.699779E-06,6.8175,0,0.4545,6.378271E-06,6.8175,0
0.4554,3.692683E-06,6.831,0,0.4554,9.735256E-06,6.831,0
0.4563,7.721065E-06,6.8445,0,0.4563,-4.599069E-05,6.8445,0
0.4572,-2.517739E-05,6.858,0,0.4572,-1.208515E-05,6.858,0
0.4581,-4.028382E-06,6.8715,0,0.4581,1.040665E-05,6.8715,0
0.459,-3.021286E-06,6.885,0,0.459,-1.007095E-06,6.885,0
0.4599,3.692683E-06,6.8985,0,0.4599,-4.36408E-06,6.8985,0
0.4608,1.242084E-05,6.912,0,0.4608,-3.860533E-05,6.912,0
0.4617,1.376364E-05,6.9255,0,0.4617,2.014191E-06,6.9255,0
0.4626,2.853437E-05,6.939,0,0.4626,3.759823E-05,6.939,0
0.4635,6.713969E-07,6.9525,0,0.4635,-2.484169E-05,6.9525,0
0.4644,2.1149E-05,6.966,0,0.4644,-2.584878E-05,6.966,0
0.4653,1.443504E-05,6.9795,0,0.4653,1.947051E-05,6.9795,0
0.4662,-3.356985E-05,6.993,0,0.4662,-6.378271E-06,6.993,0
0.4671,3.692683E-06,7.0065,0,0.4671,-6.74754E-05,7.0065,0
0.468,1.712062E-05,7.02,0,0.468,-2.349889E-06,7.02,0
0.4689,1.040665E-05,7.0335,0,0.4689,1.544213E-05,7.0335,0
0.4698,6.713969E-07,7.047,0,0.4698,-3.793393E-05,7.047,0
0.4707,-5.706874E-06,7.0605,0,0.4707,-3.591974E-05,7.0605,0
0.4716,-2.1149E-05,7.074,0,0.4716,-1.007095E-06,7.074,0
0.4725,-1.947051E-05,7.0875,0,0.4725,1.678492E-06,7.0875,0
0.4734,-1.040665E-05,7.101,0,0.4734,-2.719158E-05,7.101,0
0.4743,7.721065E-06,7.1145,0,0.4743,-4.867628E-05,7.1145,0
0.4752,-2.786297E-05,7.128,0,0.4752,-2.719158E-05,7.128,0
0.4761,-6.143282E-05,7.1415,0,0.4761,-1.174945E-05,7.1415,0
0.477,-1.980621E-05,7.155,0,0.477,-3.625543E-05,7.155,0
0.4779,-1.242084E-05,7.1685,0,0.4779,-3.558404E-05,7.1685,0
0.4788,-2.618448E-05,7.182,0,0.4788,1.309224E-05,7.182,0
0.4797,-1.980621E-05,7.1955,0,0.4797,-1.779202E-05,7.1955,0
0.4806,-1.443504E-05,7.209,0,0.4806,-7.888914E-05,7.209,0
0.4815,-3.692683E-05,7.2225,0,0.4815,-1.141375E-05,7.2225,0
0.4824,-1.342794E-06,7.236,0,0.4824,-1.644922E-05,7.236,0
0.4833,-3.021286E-06,7.2495,0,0.4833,-6.881819E-05,7.2495,0
0.4842,-7.721065E-06,7.263,0,0.4842,-6.948959E-05,7.263,0
0.4851,-1.309224E-05,7.2765,0,0.4851,-1.846342E-05,7.2765,0
0.486,7.385367E-06,7.29,0,0.486,-1.107805E-05,7.29,0
0.4869,-1.577783E-05,7.3035,0,0.4869,-2.853437E-05,7.3035,0
0.4878,-2.014191E-05,7.317,0,0.4878,-5.069047E-05,7.317,0
0.4887,1.644922E-05,7.3305,0,0.4887,-8.056763E-06,7.3305,0
0.4896,3.826963E-05,7.344,0,0.4896,2.652018E-05,7.344,0
0.4905,9.735256E-06,7.3575,0,0.4905,-2.1149E-05,7.3575,0
0.4914,2.786297E-05,7.371,0,0.4914,-4.599069E-05,7.371,0
0.4923,-6.713969E-06,7.3845,0,0.4923,1.040665E-05,7.3845,0
0.4932,3.356985E-07,7.398,0,0.4932,2.349889E-06,7.398,0
0.4941,5.270466E-05,7.4115,0,0.4941,-6.143282E-05,7.4115,0
0.495,1.443504E-05,7.425,0,0.495,2.349889E-06,7.425,0
0.4959,-2.987716E-05,7.4385,0,0.4959,-1.678492E-06,7.4385,0
0.4968,-4.061952E-05,7.452,0,0.4968,-5.203327E-05,7.452,0
0.4977,-1.678492E-05,7.4655,0,0.4977,-2.853437E-05,7.4655,0
0.4986,-1.980621E-05,7.479,0,0.4986,6.042573E-06,7.479,0
0.4995,-3.021286E-05,7.4925,0,0.4995,-1.812772E-05,7.4925,0
0.5004,-2.1149E-05,7.506,0,0.5004,-2.685588E-05,7.506,0
0.5013,-2.014191E-05,7.5195,0,0.5013,-4.061952E-05,7.5195,0
0.5022,3.021286E-06,7.533,0,0.5022,3.021286E-06,7.533,0
0.5031,5.304036E-05,7.5465,0,0.5031,9.063859E-06,7.5465,0
0.504,1.443504E-05,7.56,0,0.504,-2.28275E-05,7.56,0
0.5049,1.678492E-06,7.5735,0,0.5049,-3.793393E-05,7.5735,0
0.5058,1.678492E-06,7.587,0,0.5058,1.409934E-05,7.587,0
0.5067,2.014191E-06,7.6005,0,0.5067,2.349889E-06,7.6005,0
0.5076,-5.706874E-06,7.614,0,0.5076,-5.337606E-05,7.614,0
0.5085,-8.056763E-06,7.6275,0,0.5085,5.706874E-06,7.6275,0
0.5094,-2.1149E-05,7.641,0,0.5094,8.392462E-06,7.641,0
0.5103,-5.807584E-05,7.6545,0,0.5103,-2.853437E-05,7.6545,0
0.5112,-3.692683E-05,7.668,0,0.5112,-4.36408E-06,7.668,0
0.5121,-2.920577E-05,7.6815,0,0.5121,2.316319E-05,7.6815,0
0.513,-3.625543E-05,7.695,0,0.513,6.378271E-06,7.695,0
0.5139,-1.242084E-05,7.7085,0,0.5139,2.349889E-06,7.7085,0
0.5148,1.107805E-05,7.722,0,0.5148,-3.390555E-05,7.722,0
0.5157,2.1149E-05,7.7355,0,0.5157,-1.174945E-05,7.7355,0
0.5166,4.095522E-05,7.749,0,0.5166,-3.692683E-06,7.749,0
0.5175,1.443504E-05,7.7625,0,0.5175,-4.46479E-05,7.7625,0
0.5184,-8.728161E-06,7.776,0,0.5184,-8.69459E-05,7.776,0
0.5193,6.378271E-06,7.7895,0,0.5193,-1.577783E-05,7.7895,0
0.5202,1.174945E-05,7.803,0,0.5202,-9.735256E-06,7.803,0
0.5211,1.577783E-05,7.8165,0,0.5211,-7.183947E-05,7.8165,0
0.522,-6.042573E-06,7.83,0,0.522,5.035477E-06,7.83,0
0.5229,-1.779202E-05,7.8435,0,0.5229,1.577783E-05,7.8435,0
0.5238,-3.256275E-05,7.857,0,0.5238,-5.438316E-05,7.857,0
0.5247,-3.256275E-05,7.8705,0,0.5247,-4.39765E-05,7.8705,0
0.5256,-4.666209E-05,7.884,0,0.5256,1.678492E-06,7.884,0
0.5265,-2.517739E-05,7.8975,0,0.5265,8.392462E-06,7.8975,0
0.5274,-4.666209E-05,7.911,0,0.5274,-2.316319E-05,7.911,0
0.5283,-2.685588E-05,7.9245,0,0.5283,-5.606165E-05,7.9245,0
0.5292,2.18204E-05,7.938,0,0.5292,-7.049668E-06,7.938,0
0.5301,-8.392462E-06,7.9515,0,0.5301,7.385367E-06,7.9515,0
0.531,-3.021286E-06,7.965,0,0.531,-3.256275E-05,7.965,0
0.5319,6.713969E-07,7.9785,0,0.5319,-4.129091E-05,7.9785,0
0.5328,-9.063859E-06,7.992,0,0.5328,1.242084E-05,7.992,0
0.5337,-2.1149E-05,8.0055,0,0.5337,-6.713969E-07,8.0055,0
0.5346,-1.510643E-05,8.019,0,0.5346,-6.378271E-05,8.019,0
0.5355,-1.309224E-05,8.0325,0,0.5355,-1.208515E-05,8.0325,0
0.5364,-7.385367E-06,8.046,0,0.5364,1.644922E-05,8.046,0
0.5373,-1.913481E-05,8.0595,0,0.5373,-2.987716E-05,8.0595,0
0.5382,2.349889E-06,8.073,0,0.5382,-1.040665E-05,8.073,0
0.5391,-7.721065E-06,8.0865,0,0.5391,1.040665E-05,8.0865,0
0.54,-7.049668E-06,8.1,0,0.54,-3.021286E-06,8.1,0
0.5409,1.107805E-05,8.1135,0,0.5409,4.36408E-06,8.1135,0
0.5418,-3.021286E-06,8.127,0,0.5418,-2.719158E-05,8.127,0
0.5427,1.644922E-05,8.1405,0,0.5427,-2.1149E-05,8.1405,0
0.5436,5.941863E-05,8.154,0,0.5436,-1.980621E-05,8.154,0
0.5445,3.457694E-05,8.1675,0,0.5445,-5.270466E-05,8.1675,0
0.5454,-3.356985E-06,8.181,0,0.5454,-7.016098E-05,8.181,0
0.5463,-1.342794E-05,8.1945,0,0.5463,4.699779E-06,8.1945,0
0.5472,9.735256E-06,8.208,0,0.5472,-2.551309E-05,8.208,0
0.5481,-1.779202E-05,8.2215,0,0.5481,-6.143282E-05,8.2215,0
0.549,-1.812772E-05,8.235,0,0.549,1.443504E-05,8.235,0
0.5499,-1.040665E-05,8.2485,0,0.5499,3.860533E-05,8.2485,0
0.5508,-1.779202E-05,8.262,0,0.5508,-4.196231E-05,8.262,0
0.5517,-2.18204E-05,8.2755,0,0.5517,-2.18204E-05,8.2755,0
0.5526,-2.316319E-05,8.289,0,0.5526,2.24918E-05,8.289,0
0.5535,-1.745632E-05,8.3025,0,0.5535,3.692683E-06,8.3025,0
0.5544,-7.721065E-06,8.316,0,0.5544,-2.920577E-05,8.316,0
0.5553,-3.356985E-07,8.3295,0,0.5553,-5.001907E-05,8.3295,0
0.5562,2.349889E-06,8.343,0,0.5562,-6.378271E-06,8.343,0
0.5571,-1.913481E-05,8.3565,0,0.5571,1.174945E-05,8.3565,0
0.558,-3.356985E-07,8.37,0,0.558,-8.056763E-06,8.37,0
0.5589,2.081331E-05,8.3835,0,0.5589,-5.639734E-05,8.3835,0
0.5598,-1.577783E-05,8.397,0,0.5598,-1.007095E-06,8.397,0
0.5607,-1.980621E-05,8.4105,0,0.5607,-1.644922E-05,8.4105,0
0.5616,7.721065E-06,8.424,0,0.5616,-5.471885E-05,8.424,0
0.5625,-8.392462E-06,8.4375,0,0.5625,-7.721065E-06,8.4375,0
0.5634,-3.390555E-05,8.451,0,0.5634,-1.745632E-05,8.451,0
0.5643,-2.920577E-05,8.4645,0,0.5643,-5.941863E-05,8.4645,0
0.5652,2.349889E-06,8.478,0,0.5652,-2.517739E-05,8.478,0
0.5661,-8.392462E-06,8.4915,0,0.5661,-8.392462E-06,8.4915,0
0.567,-2.18204E-05,8.505,0,0.567,-2.484169E-05,8.505,0
0.5679,-9.735256E-06,8.5185,0,0.5679,-1.779202E-05,8.5185,0
0.5688,-1.342794E-06,8.532,0,0.5688,-5.169757E-05,8.532,0
0.5697,-1.980621E-05,8.5455,0,0.5697,-2.987716E-05,8.5455,0
0.5706,-6.54612E-05,8.559,0,0.5706,-2.786297E-05,8.559,0
0.5715,-5.069047E-05,8.5725,0,0.5715,-5.740444E-05,8.5725,0
0.5724,-1.712062E-05,8.586,0,0.5724,-7.553216E-05,8.586,0
0.5733,-1.544213E-05,8.5995,0,0.5733,-1.544213E-05,8.5995,0
0.5742,-2.786297E-05,8.613,0,0.5742,-1.309224E-05,8.613,0
0.5751,1.040665E-05,8.6265,0,0.5751,-5.639734E-05,8.6265,0
0.576,3.692683E-05,8.64,0,0.576,1.913481E-05,8.64,0
0.5769,3.390555E-05,8.6535,0,0.5769,4.901198E-05,8.6535,0
0.5778,3.524834E-05,8.667,0,0.5778,-2.819867E-05,8.667,0
0.5787,2.014191E-06,8.6805,0,0.5787,-1.040665E-05,8.6805,0
0.5796,-1.309224E-05,8.694,0,0.5796,3.189136E-05,8.694,0
0.5805,-7.049668E-06,8.7075,0,0.5805,1.309224E-05,8.7075,0
0.5814,3.692683E-06,8.721,0,0.5814,-1.678492E-05,8.721,0
0.5823,1.947051E-05,8.7345,0,0.5823,-3.927672E-05,8.7345,0
0.5832,-5.706874E-06,8.748,0,0.5832,-1.007095E-05,8.748,0
0.5841,-1.745632E-05,8.7615,0,0.5841,1.577783E-05,8.7615,0
0.585,2.21561E-05,8.775,0,0.585,-2.316319E-05,8.775,0
0.5859,2.349889E-06,8.7885,0,0.5859,-4.46479E-05,8.7885,0
0.5868,-2.920577E-05,8.802,0,0.5868,2.014191E-06,8.802,0
0.5877,-1.141375E-05,8.8155,0,0.5877,-1.007095E-05,8.8155,0
0.5886,7.721065E-06,8.829,0,0.5886,-7.150377E-05,8.829,0
0.5895,-3.692683E-06,8.8425,0,0.5895,-9.063859E-06,8.8425,0
0.5904,3.155566E-05,8.856,0,0.5904,-4.36408E-06,8.856,0
0.5913,5.069047E-05,8.8695,0,0.5913,-5.841154E-05,8.8695,0
0.5922,1.174945E-05,8.883,0,0.5922,-7.385367E-06,8.883,0
0.5931,1.577783E-05,8.8965,0,0.5931,2.047761E-05,8.8965,0
0.594,9.063859E-06,8.91,0,0.594,1.980621E-05,8.91,0
0.5949,-1.577783E-05,8.9235,0,0.5949,-8.392462E-06,8.9235,0
0.5958,6.713969E-07,8.937,0,0.5958,-3.323415E-05,8.937,0
0.5967,-1.812772E-05,8.9505,0,0.5967,-1.678492E-06,8.9505,0
0.5976,-3.927672E-05,8.964,0,0.5976,-8.056763E-06,8.964,0
0.5985,-8.392462E-06,8.9775,0,0.5985,-3.894102E-05,8.9775,0
0.5994,2.349889E-06,8.991,0,0.5994,-5.639734E-05,8.991,0
0.6003,-3.256275E-05,9.0045,0,0.6003,6.378271E-06,9.0045,0
0.6012,-4.867628E-05,9.018,0,0.6012,3.021286E-06,9.018,0
0.6021,-4.196231E-05,9.0315,0,0.6021,-7.385367E-05,9.0315,0
0.603,-2.047761E-05,9.045,0,0.603,-6.378271E-06,9.045,0
0.6039,-2.349889E-05,9.0585,0,0.6039,8.392462E-06,9.0585,0
0.6048,-2.316319E-05,9.072001,0,0.6048,-7.653925E-05,9.072001,0
0.6057,-3.256275E-05,9.0855,0,0.6057,-3.894102E-05,9.0855,0
0.6066,-4.699779E-06,9.099,0,0.6066,-3.356985E-06,9.099,0
0.6075,1.846342E-05,9.1125,0,0.6075,-1.846342E-05,9.1125,0
0.6084,1.745632E-05,9.126,0,0.6084,4.028382E-06,9.126,0
0.6093,-1.846342E-05,9.1395,0,0.6093,2.1149E-05,9.1395,0
0.6102,-1.107805E-05,9.153,0,0.6102,5.203327E-05,9.153,0
0.6111,-1.376364E-05,9.1665,0,0.6111,1.712062E-05,9.1665,0
0.612,-3.189136E-05,9.18,0,0.612,-1.644922E-05,9.18,0
0.6129,-2.584878E-05,9.1935,0,0.6129,-3.121996E-05,9.1935,0
0.6138,-2.21561E-05,9.207,0,0.6138,1.846342E-05,9.207,0
0.6147,-1.309224E-05,9.2205,0,0.6147,-8.392462E-06,9.2205,0
0.6156,-9.735256E-06,9.234,0,0.6156,-7.016098E-05,9.234,0
0.6165,-5.035477E-06,9.2475,0,0.6165,-9.735256E-06,9.2475,0
0.6174,2.853437E-05,9.261,0,0.6174,-5.371176E-06,9.261,0
0.6183,8.728161E-06,9.2745,0,0.6183,-6.881819E-05,9.2745,0
0.6192,-3.356985E-07,9.288,0,0.6192,-8.96315E-05,9.288,0
0.6201,-4.36408E-06,9.3015,0,0.6201,-2.450599E-05,9.3015,0
0.621,-2.18204E-05,9.315,0,0.621,-2.047761E-05,9.315,0
0.6219,-3.356985E-06,9.3285,0,0.6219,-1.846342E-05,9.3285,0
0.6228,2.081331E-05,9.342,0,0.6228,-4.766919E-05,9.342,0
0.6237,-5.706874E-06,9.3555,0,0.6237,-2.047761E-05,9.3555,0
0.6246,-5.404745E-05,9.369,0,0.6246,8.056763E-06,9.369,0
0.6255,-3.591974E-05,9.3825,0,0.6255,-2.316319E-05,9.3825,0
0.6264,-3.054856E-05,9.396,0,0.6264,-5.270466E-05,9.396,0
0.6273,-3.826963E-05,9.4095,0,0.6273,1.544213E-05,9.4095,0
0.6282,-2.618448E-05,9.423,0,0.6282,7.721065E-06,9.423,0
0.6291,1.846342E-05,9.4365,0,0.6291,-4.968337E-05,9.4365,0
0.63,-1.846342E-05,9.45,0,0.63,-1.342794E-06,9.45,0
0.6309,1.141375E-05,9.4635,0,0.6309,-1.409934E-05,9.4635,0
0.6318,4.800488E-05,9.477,0,0.6318,-5.639734E-05,9.477,0
0.6327,-2.316319E-05,9.4905,0,0.6327,-2.18204E-05,9.4905,0
0.6336,-3.289845E-05,9.504,0,0.6336,1.409934E-05,9.504,0
0.6345,-1.443504E-05,9.5175,0,0.6345,-1.309224E-05,9.5175,0
0.6354,-2.383459E-05,9.531,0,0.6354,-2.450599E-05,9.531,0
0.6363,-1.544213E-05,9.5445,0,0.6363,-5.774014E-05,9.5445,0
0.6372,1.242084E-05,9.558,0,0.6372,-3.524834E-05,9.558,0
0.6381,1.040665E-05,9.5715,0,0.6381,-4.49836E-05,9.5715,0
0.639,0,9.585,0,0.639,-6.74754E-05,9.585,0
0.6399,2.047761E-05,9.5985,0,0.6399,-6.076142E-05,9.5985,0
0.6408,2.383459E-05,9.612,0,0.6408,-3.021286E-06,9.612,0
0.6417,-3.021286E-06,9.6255,0,0.6417,-1.242084E-05,9.6255,0
0.6426,2.383459E-05,9.639,0,0.6426,-7.452507E-05,9.639,0
0.6435,1.544213E-05,9.6525,0,0.6435,-4.699779E-06,9.6525,0
0.6444,-3.591974E-05,9.666,0,0.6444,4.699779E-06,9.666,0
0.6453,-3.457694E-05,9.6795,0,0.6453,-3.591974E-05,9.6795,0
0.6462,-4.36408E-06,9.693,0,0.6462,-1.342794E-05,9.693,0
0.6471,-4.129091E-05,9.7065,0,0.6471,1.812772E-05,9.7065,0
0.648,-5.035477E-06,9.72,0,0.648,2.618448E-05,9.72,0
0.6489,1.309224E-05,9.7335,0,0.6489,2.652018E-05,9.7335,0
0.6498,-2.349889E-06,9.747,0,0.6498,-6.378271E-06,9.747,0
0.6507,1.846342E-05,9.7605,0,0.6507,2.1149E-05,9.7605,0
0.6516,3.826963E-05,9.774,0,0.6516,4.129091E-05,9.774,0
0.6525,1.812772E-05,9.7875,0,0.6525,-1.644922E-05,9.7875,0
0.6534,-3.356985E-07,9.801,0,0.6534,-4.263371E-05,9.801,0
0.6543,-2.18204E-05,9.8145,0,0.6543,1.174945E-05,9.8145,0
0.6552,3.692683E-06,9.828,0,0.6552,-2.18204E-05,9.828,0
0.6561,-2.685588E-06,9.8415,0,0.6561,-7.318227E-05,9.8415,0
0.657,7.721065E-06,9.855,0,0.657,-1.510643E-05,9.855,0
0.6579,2.383459E-05,9.8685,0,0.6579,8.392462E-06,9.8685,0
0.6588,-1.678492E-06,9.882,0,0.6588,-7.284657E-05,9.882,0
0.6597,-3.793393E-05,9.8955,0,0.6597,-7.016098E-05,9.8955,0
0.6606,-3.927672E-05,9.909,0,0.6606,-2.383459E-05,9.909,0
0.6615,-1.913481E-05,9.9225,0,0.6615,-3.524834E-05,9.9225,0
0.6624,-1.443504E-05,9.936,0,0.6624,-2.383459E-05,9.936,0
0.6633,-6.713969E-07,9.9495,0,0.6633,-3.121996E-05,9.9495,0
0.6642,1.208515E-05,9.963,0,0.6642,4.028382E-06,9.963,0
0.6651,1.779202E-05,9.976501,0,0.6651,1.980621E-05,9.976501,0
0.666,2.920577E-05,9.99,0,0.666,3.356985E-05,9.99,0
0.6669,1.477073E-05,10.0035,0,0.6669,5.035477E-06,10.0035,0
0.6678,3.356985E-07,10.017,0,0.6678,4.968337E-05,10.017,0
0.6687,4.36408E-06,10.0305,0,0.6687,3.860533E-05,10.0305,0
0.6696,1.678492E-06,10.044,0,0.6696,-2.450599E-05,10.044,0
0.6705,-7.049668E-06,10.0575,0,0.6705,3.021286E-06,10.0575,0
0.6714,-2.21561E-05,10.071,0,0.6714,2.316319E-05,10.071,0
0.6723,-3.021286E-05,10.0845,0,0.6723,-1.779202E-05,10.0845,0
0.6732,-4.33051E-05,10.098,0,0.6732,-1.141375E-05,10.098,0
0.6741,-6.210422E-05,10.1115,0,0.6741,2.484169E-05,10.1115,0
0.675,-4.33051E-05,10.125,0,0.675,2.450599E-05,10.125,0
0.6759,-3.289845E-05,10.1385,0,0.6759,2.349889E-05,10.1385,0
0.6768,-5.035477E-05,10.152,0,0.6768,-2.349889E-05,10.152,0
0.6777,-1.712062E-05,10.1655,0,0.6777,3.021286E-06,10.1655,0
0.6786,6.378271E-06,10.179,0,0.6786,-1.913481E-05,10.179,0
0.6795,-9.735256E-06,10.1925,0,0.6795,-5.572595E-05,10.1925,0
0.6804,2.014191E-06,10.206,0,0.6804,-8.258183E-05,10.206,0
0.6813,3.323415E-05,10.2195,0,0.6813,-3.860533E-05,10.2195,0
0.6822,1.141375E-05,10.233,0,0.6822,-4.867628E-05,10.233,0
0.6831,-2.18204E-05,10.2465,0,0.6831,-0.0001077592,10.2465,0
0.684,-1.913481E-05,10.26,0,0.684,-5.069047E-05,10.26,0
0.6849,-2.954147E-05,10.2735,0,0.6849,0,10.2735,0
0.6858,5.035477E-06,10.287,0,0.6858,-4.33051E-05,10.287,0
0.6867,2.920577E-05,10.3005,0,0.6867,-8.392462E-06,10.3005,0
0.6876,1.409934E-05,10.314,0,0.6876,5.606165E-05,10.314,0
0.6885,7.049668E-06,10.3275,0,0.6885,1.141375E-05,10.3275,0
0.6894,1.376364E-05,10.341,0,0.6894,-3.054856E-05,10.341,0
0.6903,2.349889E-06,10.3545,0,0.6903,-6.74754E-05,10.3545,0
0.6912,-3.356985E-07,10.368,0,0.6912,-3.826963E-05,10.368,0
0.6921,-2.887007E-05,10.3815,0,0.6921,-5.706874E-06,10.3815,0
0.693,7.049668E-06,10.395,0,0.693,-1.913481E-05,10.395,0
0.6939,-6.042573E-06,10.4085,0,0.6939,-1.779202E-05,10.4085,0
0.6948,-2.719158E-05,10.422,0,0.6948,4.061952E-05,10.422,0
0.6957,-2.786297E-05,10.4355,0,0.6957,3.558404E-05,10.4355,0
0.6966,2.349889E-06,10.449,0,0.6966,-2.081331E-05,10.449,0
0.6975,3.390555E-05,10.4625,0,0.6975,4.028382E-06,10.4625,0
0.6984,2.047761E-05,10.476,0,0.6984,-1.779202E-05,10.476,0
0.6993,-4.699779E-05,10.4895,0,0.6993,-5.740444E-05,10.4895,0
0.7002,-5.807584E-05,10.503,0,0.7002,-4.46479E-05,10.503,0
0.7011,-3.860533E-05,10.5165,0,0.7011,-4.263371E-05,10.5165,0
0.702,-1.174945E-05,10.53,0,0.702,-7.217517E-05,10.53,0
0.7029,-9.735256E-06,10.5435,0,0.7029,-8.92958E-05,10.5435,0
0.7038,6.713969E-07,10.557,0,0.7038,-9.298848E-05,10.557,0
0.7047,2.517739E-05,10.5705,0,0.7047,-2.652018E-05,10.5705,0
0.7056,4.229801E-05,10.584,0,0.7056,2.987716E-05,10.584,0
0.7065,2.047761E-05,10.5975,0,0.7065,-1.342794E-06,10.5975,0
0.7074,1.577783E-05,10.611,0,0.7074,-6.076142E-05,10.611,0
0.7083,-8.392462E-06,10.6245,0,0.7083,2.584878E-05,10.6245,0
0.7092,-2.349889E-06,10.638,0,0.7092,-3.356985E-07,10.638,0
0.7101,-4.699779E-06,10.6515,0,0.7101,-9.063859E-05,10.6515,0
0.711,-1.510643E-05,10.665,0,0.711,-1.376364E-05,10.665,0
0.7119,-3.256275E-05,10.6785,0,0.7119,-1.208515E-05,10.6785,0
0.7128,-1.678492E-05,10.692,0,0.7128,-6.982528E-05,10.692,0
0.7137,-3.021286E-06,10.7055,0,0.7137,-5.539025E-05,10.7055,0
0.7146,-1.376364E-05,10.719,0,0.7146,-1.779202E-05,10.719,0
0.7155,-7.721065E-06,10.7325,0,0.7155,-2.484169E-05,10.7325,0
0.7164,-1.040665E-05,10.746,0,0.7164,-2.18204E-05,10.746,0
0.7173,-1.678492E-05,10.7595,0,0.7173,-3.524834E-05,10.7595,0
0.7182,-1.309224E-05,10.773,0,0.7182,2.014191E-06,10.773,0
0.7191,-9.063859E-06,10.7865,0,0.7191,3.390555E-05,10.7865,0
0.72,-2.517739E-05,10.8,0,0.72,1.007095E-06,10.8,0
0.7209,-1.510643E-05,10.8135,0,0.7209,-1.242084E-05,10.8135,0
0.7218,-2.081331E-05,10.827,0,0.7218,2.584878E-05,10.827,0
0.7227,-3.927672E-05,10.8405,0,0.7227,4.699779E-06,10.8405,0
0.7236,-8.728161E-06,10.854,0,0.7236,-6.009003E-05,10.854,0
0.7245,1.040665E-05,10.8675,0,0.7245,-9.063859E-06,10.8675,0
0.7254,-1.846342E-05,10.881,0,0.7254,9.063859E-06,10.881,0
0.7263,-1.242084E-05,10.8945,0,0.7263,-4.867628E-05,10.8945,0
0.7272,1.846342E-05,10.908,0,0.7272,-4.599069E-05,10.908,0
0.7281,0,10.9215,0,0.7281,1.947051E-05,10.9215,0
0.729,-1.980621E-05,10.935,0,0.729,-2.349889E-06,10.935,0
0.7299,-3.021286E-06,10.9485,0,0.7299,-4.632639E-05,10.9485,0
0.7308,-1.007095E-06,10.962,0,0.7308,-0.0001171588,10.962,0
0.7317,3.356985E-06,10.9755,0,0.7317,-6.243992E-05,10.9755,0
0.7326,-4.53193E-05,10.989,0,0.7326,-1.644922E-05,10.989,0
0.7335,-2.618448E-05,11.0025,0,0.7335,-7.284657E-05,11.0025,0
0.7344,-2.24918E-05,11.016,0,0.7344,-7.754635E-05,11.016,0
0.7353,-3.289845E-05,11.0295,0,0.7353,3.356985E-07,11.0295,0
0.7362,-3.524834E-05,11.043,0,0.7362,-1.074235E-05,11.043,0
0.7371,-1.544213E-05,11.0565,0,0.7371,-3.256275E-05,11.0565,0
0.738,1.376364E-05,11.07,0,0.738,5.136187E-05,11.07,0
0.7389,3.021286E-05,11.0835,0,0.7389,4.53193E-05,11.0835,0
0.7398,-4.699779E-06,11.097,0,0.7398,-6.713969E-06,11.097,0
0.7407,9.063859E-06,11.1105,0,0.7407,-1.477073E-05,11.1105,0
0.7416,3.692683E-06,11.124,0,0.7416,1.443504E-05,11.124,0
0.7425,-6.713969E-06,11.1375,0,0.7425,-3.390555E-05,11.1375,0
0.7434,7.385367E-06,11.151,0,0.7434,-4.867628E-05,11.151,0
0.7443,3.256275E-05,11.1645,0,0.7443,-5.706874E-05,11.1645,0
0.7452,2.21561E-05,11.178,0,0.7452,-3.289845E-05,11.178,0
0.7461,-7.721065E-06,11.1915,0,0.7461,-5.035477E-06,11.1915,0
0.747,-2.987716E-05,11.205,0,0.747,-2.450599E-05,11.205,0
0.7479,-1.712062E-05,11.2185,0,0.7479,-2.081331E-05,11.2185,0
0.7488,-2.719158E-05,11.232,0,0.7488,4.968337E-05,11.232,0
0.7497,-5.706874E-06,11.2455,0,0.7497,4.46479E-05,11.2455,0
0.7506,1.443504E-05,11.259,0,0.7506,-1.040665E-05,11.259,0
0.7515,-2.349889E-05,11.2725,0,0.7515,6.243992E-05,11.2725,0
0.7524,2.24918E-05,11.286,0,0.7524,6.54612E-05,11.286,0
0.7533,5.337606E-05,11.2995,0,0.7533,-3.356985E-06,11.2995,0
0.7542,3.121996E-05,11.313,0,0.7542,-3.356985E-06,11.313,0
0.7551,7.385367E-06,11.3265,0,0.7551,2.28275E-05,11.3265,0
0.756,4.028382E-06,11.34,0,0.756,-5.035477E-06,11.34,0
0.7569,6.378271E-06,11.3535,0,0.7569,-2.047761E-05,11.3535,0
0.7578,2.349889E-06,11.367,0,0.7578,-6.848249E-05,11.367,0
0.7587,-2.18204E-05,11.3805,0,0.7587,-5.941863E-05,11.3805,0
0.7596,-7.251087E-05,11.394,0,0.7596,-5.874724E-05,11.394,0
0.7605,-6.948959E-05,11.4075,0,0.7605,-8.627451E-05,11.4075,0
0.7614,-9.399558E-06,11.421,0,0.7614,-9.802396E-05,11.421,0
0.7623,1.712062E-05,11.4345,0,0.7623,-4.666209E-05,11.4345,0
0.7632,9.735256E-06,11.448,0,0.7632,-4.867628E-05,11.448,0
0.7641,-1.779202E-05,11.4615,0,0.7641,-9.835965E-05,11.4615,0
0.765,-2.450599E-05,11.475,0,0.765,-1.913481E-05,11.475,0
0.7659,1.040665E-05,11.4885,0,0.7659,3.054856E-05,11.4885,0
0.7668,-7.049668E-06,11.502,0,0.7668,-4.699779E-06,11.502,0
0.7677,-5.001907E-05,11.5155,0,0.7677,1.980621E-05,11.5155,0
0.7686,-4.632639E-05,11.529,0,0.7686,0.0001030594,11.529,0
0.7695,-2.853437E-05,11.5425,0,0.7695,4.934768E-05,11.5425,0
0.7704,7.721065E-06,11.556,0,0.7704,9.735256E-06,11.556,0
0.7713,4.800488E-05,11.5695,0,0.7713,-2.24918E-05,11.5695,0
0.7722,2.14847E-05,11.583,0,0.7722,5.706874E-06,11.583,0
0.7731,4.699779E-06,11.5965,0,0.7731,2.1149E-05,11.5965,0
0.774,1.275654E-05,11.61,0,0.774,-6.713969E-07,11.61,0
0.7749,-2.18204E-05,11.6235,0,0.7749,-3.793393E-05,11.6235,0
0.7758,-4.632639E-05,11.637,0,0.7758,1.779202E-05,11.637,0
0.7767,-1.242084E-05,11.6505,0,0.7767,-2.316319E-05,11.6505,0
0.7776,-1.712062E-05,11.664,0,0.7776,-8.291753E-05,11.664,0
0.7785,-3.021286E-06,11.6775,0,0.7785,-4.33051E-05,11.6775,0
0.7794,2.652018E-05,11.691,0,0.7794,-2.887007E-05,11.691,0
0.7803,1.443504E-05,11.7045,0,0.7803,-6.982528E-05,11.7045,0
0.7812,1.510643E-05,11.718,0,0.7812,-8.761731E-05,11.718,0
0.7821,4.39765E-05,11.7315,0,0.7821,-3.189136E-05,11.7315,0
0.783,7.922484E-05,11.745,0,0.783,-2.484169E-05,11.745,0
0.7839,2.920577E-05,11.7585,0,0.7839,-2.584878E-05,11.7585,0
0.7848,-2.450599E-05,11.772,0,0.7848,-1.577783E-05,11.772,0
0.7857,-6.478981E-05,11.7855,0,0.7857,5.606165E-05,11.7855,0
0.7866,-0.0001356222,11.799,0,0.7866,-5.706874E-06,11.799,0
0.7875,-0.000102388,11.8125,0,0.7875,-7.553216E-05,11.8125,0
0.7884,-5.404745E-05,11.826,0,0.7884,-8.82887E-05,11.826,0
0.7893,-3.994812E-05,11.8395,0,0.7893,-1.913481E-05,11.8395,0
0.7902,4.129091E-05,11.853,0,0.7902,-1.376364E-05,11.853,0
0.7911,9.332418E-05,11.8665,0,0.7911,-7.251087E-05,11.8665,0
0.792,4.49836E-05,11.88,0,0.792,3.021286E-06,11.88,0
0.7929,2.1149E-05,11.8935,0,0.7929,2.853437E-05,11.8935,0
0.7938,-3.390555E-05,11.907,0,0.7938,-3.323415E-05,11.907,0
0.7947,-4.095522E-05,11.9205,0,0.7947,8.392462E-06,11.9205,0
0.7956,-2.719158E-05,11.934,0,0.7956,5.169757E-05,11.934,0
0.7965,-1.913481E-05,11.9475,0,0.7965,2.1149E-05,11.9475,0
0.7974,2.517739E-05,11.961,0,0.7974,1.879912E-05,11.961,0
0.7983,1.443504E-05,11.9745,0,0.7983,-3.994812E-05,11.9745,0
0.7992,0,11.988,0,0.7992,-5.673304E-05,11.988,0
0.8001,4.599069E-05,12.0015,0,0.8001,-5.404745E-05,12.0015,0
0.801,3.390555E-05,12.015,0,0.801,-7.284657E-05,12.015,0
0.8019,2.349889E-05,12.0285,0,0.8019,-8.761731E-05,12.0285,0
0.8028,1.913481E-05,12.042,0,0.8028,-2.853437E-05,12.042,0
0.8037,-7.049668E-06,12.0555,0,0.8037,-1.577783E-05,12.0555,0
0.8046,1.007095E-06,12.069,0,0.8046,-5.001907E-05,12.069,0
0.8055,-9.063859E-06,12.0825,0,0.8055,-1.107805E-05,12.0825,0
0.8064,-2.047761E-05,12.096,0,0.8064,1.577783E-05,12.096,0
0.8073,-3.726253E-05,12.1095,0,0.8073,7.721065E-06,12.1095,0
0.8082,-1.309224E-05,12.123,0,0.8082,6.378271E-06,12.123,0
0.8091,-3.323415E-05,12.1365,0,0.8091,-1.242084E-05,12.1365,0
0.81,-2.853437E-05,12.15,0,0.81,-4.867628E-05,12.15,0
0.8109,-2.517739E-05,12.1635,0,0.8109,-6.009003E-05,12.1635,0
0.8118,-4.36408E-06,12.177,0,0.8118,-7.754635E-05,12.177,0
0.8127,-1.510643E-05,12.1905,0,0.8127,-2.18204E-05,12.1905,0
0.8136,-3.692683E-06,12.204,0,0.8136,2.652018E-05,12.204,0
0.8145,1.812772E-05,12.2175,0,0.8145,7.351797E-05,12.2175,0
0.8154,-1.309224E-05,12.231,0,0.8154,7.956054E-05,12.231,0
0.8163,-2.618448E-05,12.2445,0,0.8163,0.0001819486,12.2445,0
0.8172,-1.712062E-05,12.258,0,0.8172,0.0002064546,12.258,0
0.8181,-9.735256E-06,12.2715,0,0.8181,0.0001315938,12.2715,0
0.819,-1.779202E-05,12.285,0,0.819,7.754635E-05,12.285,0
0.8199,-3.256275E-05,12.2985,0,0.8199,-8.023193E-05,12.2985,0
0.8208,-1.443504E-05,12.312,0,0.8208,-0.0001889983,12.312,0
0.8217,1.980621E-05,12.3255,0,0.8217,-0.0001460288,12.3255,0
0.8226,1.275654E-05,12.339,0,0.8226,-8.358892E-05,12.339,0
0.8235,4.061952E-05,12.3525,0,0.8235,-0.0001342794,12.3525,0
0.8244,-3.994812E-05,12.366,0,0.8244,-0.0001705348,12.366,0
0.8253,-1.913481E-05,12.3795,0,0.8253,-0.0001456931,12.3795,0
0.8262,-1.007095E-06,12.393,0,0.8262,-5.740444E-05,12.393,0
0.8271,-6.881819E-05,12.4065,0,0.8271,-6.378271E-06,12.4065,0
0.828,-5.270466E-05,12.42,0,0.828,-1.913481E-05,12.42,0
0.8289,-2.21561E-05,12.4335,0,0.8289,-5.337606E-05,12.4335,0
0.8298,-2.047761E-05,12.447,0,0.8298,-2.383459E-05,12.447,0
0.8307,-3.726253E-05,12.4605,0,0.8307,-2.1149E-05,12.4605,0
0.8316,-1.846342E-05,12.474,0,0.8316,-6.64683E-05,12.474,0
0.8325,1.376364E-05,12.4875,0,0.8325,1.947051E-05,12.4875,0
0.8334,6.378271E-06,12.501,0,0.8334,5.606165E-05,12.501,0
0.8343,-2.383459E-05,12.5145,0,0.8343,-1.040665E-05,12.5145,0
0.8352,-1.980621E-05,12.528,0,0.8352,-6.378271E-06,12.528,0
0.8361,-4.061952E-05,12.5415,0,0.8361,2.987716E-05,12.5415,0
0.837,-2.047761E-05,12.555,0,0.837,2.450599E-05,12.555,0
0.8379,-1.678492E-06,12.5685,0,0.8379,2.1149E-05,12.5685,0
0.8388,-7.721065E-06,12.582,0,0.8388,-1.879912E-05,12.582,0
0.8397,1.376364E-05,12.5955,0,0.8397,-9.063859E-06,12.5955,0
0.8406,4.766919E-05,12.609,0,0.8406,-1.879912E-05,12.609,0
0.8415,2.887007E-05,12.6225,0,0.8415,-5.304036E-05,12.6225,0
0.8424,1.174945E-05,12.636,0,0.8424,-4.901198E-05,12.636,0
0.8433,3.189136E-05,12.6495,0,0.8433,7.049668E-06,12.6495,0
0.8442,4.263371E-05,12.663,0,0.8442,-8.392462E-06,12.663,0
0.8451,4.46479E-05,12.6765,0,0.8451,-4.095522E-05,12.6765,0
0.846,3.356985E-06,12.69,0,0.846,1.376364E-05,12.69,0
0.8469,-4.33051E-05,12.7035,0,0.8469,2.18204E-05,12.7035,0
0.8478,-8.090334E-05,12.717,0,0.8478,-1.980621E-05,12.717,0
0.8487,-5.438316E-05,12.7305,0,0.8487,-3.558404E-05,12.7305,0
0.8496,-1.510643E-05,12.744,0,0.8496,-2.349889E-06,12.744,0
0.8505,-3.054856E-05,12.7575,0,0.8505,-4.53193E-05,12.7575,0
0.8514,-5.035477E-06,12.771,0,0.8514,-8.627451E-05,12.771,0
0.8523,5.874724E-05,12.7845,0,0.8523,-0.0001040665,12.7845,0
0.8532,3.860533E-05,12.798,0,0.8532,-3.994812E-05,12.798,0
0.8541,3.390555E-05,12.8115,0,0.8541,-3.424125E-05,12.8115,0
0.855,1.376364E-05,12.825,0,0.855,-7.351797E-05,12.825,0
0.8559,-1.577783E-05,12.8385,0,0.8559,-8.72816E-05,12.8385,0
0.8568,-2.584878E-05,12.852,0,0.8568,-3.021286E-05,12.852,0
0.8577,3.692683E-06,12.8655,0,0.8577,-1.208515E-05,12.8655,0
0.8586,5.706874E-06,12.879,0,0.8586,-5.035477E-05,12.879,0
0.8595001,-7.418937E-05,12.8925,0,0.8595001,3.491264E-05,12.8925,0
0.8604,-7.721065E-06,12.906,0,0.8604,7.217517E-05,12.906,0
0.8613,5.975433E-05,12.9195,0,0.8613,3.591974E-05,12.9195,0
0.8622,-2.584878E-05,12.933,0,0.8622,7.418937E-05,12.933,0
0.8631,-5.572595E-05,12.9465,0,0.8631,9.970245E-05,12.9465,0
0.864,-1.644922E-05,12.96,0,0.864,6.378271E-05,12.96,0
0.8649,-5.706874E-06,12.9735,0,0.8649,3.189136E-05,12.9735,0
0.8658,-3.356985E-07,12.987,0,0.8658,-2.786297E-05,12.987,0
0.8667,4.699779E-05,13.0005,0,0.8667,-1.577783E-05,13.0005,0
0.8676,8.426032E-05,13.014,0,0.8676,-2.752728E-05,13.014,0
0.8685,6.74754E-05,13.0275,0,0.8685,-0.0001010452,13.0275,0
0.8694,3.994812E-05,13.041,0,0.8694,-0.0001121233,13.041,0
0.8703,6.042573E-06,13.0545,0,0.8703,-6.78111E-05,13.0545,0
0.8712,-8.560311E-05,13.068,0,0.8712,-0.0001030594,13.068,0
0.8721,-5.404745E-05,13.0815,0,0.8721,-0.000140322,13.0815,0
0.873,-3.189136E-05,13.095,0,0.873,-6.64683E-05,13.095,0
0.8739,-0.0001003738,13.1085,0,0.8739,-1.644922E-05,13.1085,0
0.8748,-0.0001037308,13.122,0,0.8748,-1.779202E-05,13.122,0
0.8757,2.920577E-05,13.1355,0,0.8757,5.706874E-05,13.1355,0
0.8766,5.874724E-05,13.149,0,0.8766,0.000115816,13.149,0
0.8775,3.659113E-05,13.1625,0,0.8775,5.673304E-05,13.1625,0
0.8784,-1.342794E-06,13.176,0,0.8784,6.009003E-05,13.176,0
0.8793,-1.443504E-05,13.1895,0,0.8793,1.443504E-05,13.1895,0
0.8802,2.014191E-05,13.203,0,0.8802,3.390555E-05,13.203,0
0.8811,3.088426E-05,13.2165,0,0.8811,4.53193E-05,13.2165,0
0.882,-4.599069E-05,13.23,0,0.882,-3.390555E-05,13.23,0
0.8829,-2.719158E-05,13.2435,0,0.8829,-5.673304E-05,13.2435,0
0.8838,-1.007095E-05,13.257,0,0.8838,0,13.257,0
0.8847,-1.141375E-05,13.2705,0,0.8847,-2.349889E-05,13.2705,0
0.8856,-4.095522E-05,13.284,0,0.8856,-7.150377E-05,13.284,0
0.8865,-2.652018E-05,13.2975,0,0.8865,-3.994812E-05,13.2975,0
0.8874,-3.054856E-05,13.311,0,0.8874,-3.659113E-05,13.311,0
0.8883,-2.1149E-05,13.3245,0,0.8883,-6.076142E-05,13.3245,0
0.8892,-6.61326E-05,13.338,0,0.8892,-6.445411E-05,13.338,0
0.8901,-2.450599E-05,13.3515,0,0.8901,-1.107805E-05,13.3515,0
0.891,-1.141375E-05,13.365,0,0.891,2.450599E-05,13.365,0
0.8919,-1.007095E-05,13.3785,0,0.8919,1.107805E-05,13.3785,0
0.8928,0,13.392,0,0.8928,-6.143282E-05,13.392,0
0.8937,4.36408E-06,13.4055,0,0.8937,1.846342E-05,13.4055,0
0.8946,-3.726253E-05,13.419,0,0.8946,4.901198E-05,13.419,0
0.8955,3.021286E-06,13.4325,0,0.8955,-3.021286E-05,13.4325,0
0.8964,1.812772E-05,13.446,0,0.8964,-9.869535E-05,13.446,0
0.8973,-2.24918E-05,13.4595,0,0.8973,-6.076142E-05,13.4595,0
0.8982,-1.510643E-05,13.473,0,0.8982,-8.023193E-05,13.473,0
0.8991,-2.450599E-05,13.4865,0,0.8991,-7.687495E-05,13.4865,0
0.9,-3.390555E-05,13.5,0,0.9,7.586786E-05,13.5,0
0.9009,3.726253E-05,13.5135,0,0.9009,0.0001312581,13.5135,0
0.9018,6.378271E-05,13.527,0,0.9018,5.975433E-05,13.527,0
0.9027,1.678492E-06,13.5405,0,0.9027,2.786297E-05,13.5405,0
0.9036,0,13.554,0,0.9036,2.047761E-05,13.554,0
0.9045,1.611353E-05,13.5675,0,0.9045,-2.081331E-05,13.5675,0
0.9054,3.323415E-05,13.581,0,0.9054,3.356985E-07,13.581,0
0.9063,-4.36408E-06,13.5945,0,0.9063,-7.687495E-05,13.5945,0
0.9072,1.779202E-05,13.608,0,0.9072,-3.726253E-05,13.608,0
0.9081,-1.107805E-05,13.6215,0,0.9081,-5.035477E-05,13.6215,0
0.909,-2.719158E-05,13.635,0,0.909,-0.0001064164,13.635,0
0.9099,-9.735256E-06,13.6485,0,0.9099,-0.0001044022,13.6485,0
0.9108,-2.450599E-05,13.662,0,0.9108,-2.819867E-05,13.662,0
0.9117,-4.33051E-05,13.6755,0,0.9117,-4.129091E-05,13.6755,0
0.9126,-2.18204E-05,13.689,0,0.9126,-7.318227E-05,13.689,0
0.9135,-3.793393E-05,13.7025,0,0.9135,-2.21561E-05,13.7025,0
0.9144,1.409934E-05,13.716,0,0.9144,3.457694E-05,13.716,0
0.9153,3.457694E-05,13.7295,0,0.9153,2.316319E-05,13.7295,0
0.9162,-5.706874E-06,13.743,0,0.9162,3.994812E-05,13.743,0
0.9171,-1.107805E-05,13.7565,0,0.9171,5.841154E-05,13.7565,0
0.918,-2.047761E-05,13.77,0,0.918,2.349889E-06,13.77,0
0.9189,-2.484169E-05,13.7835,0,0.9189,-3.457694E-05,13.7835,0
0.9198,-1.242084E-05,13.797,0,0.9198,-7.016098E-05,13.797,0
0.9207,-4.028382E-06,13.8105,0,0.9207,-2.316319E-05,13.8105,0
0.9216,9.231708E-05,13.824,0,0.9216,9.063859E-06,13.824,0
0.9225,0.0001285725,13.8375,0,0.9225,-6.210422E-05,13.8375,0
0.9234,7.888914E-05,13.851,0,0.9234,-0.0001101091,13.851,0
0.9243,2.349889E-05,13.8645,0,0.9243,-3.793393E-05,13.8645,0
0.9252,-7.049668E-06,13.878,0,0.9252,-7.754635E-05,13.878,0
0.9261,-8.191043E-05,13.8915,0,0.9261,-0.0001399863,13.8915,0
0.927,-0.0001426719,13.905,0,0.927,-6.344701E-05,13.905,0
0.9279,-9.164568E-05,13.9185,0,0.9279,-3.491264E-05,13.9185,0
0.9288,-5.706874E-06,13.932,0,0.9288,-7.821774E-05,13.932,0
0.9297,4.699779E-06,13.9455,0,0.9297,-0.000126894,13.9455,0
0.9306,4.53193E-05,13.959,0,0.9306,-7.553216E-05,13.959,0
0.9315,8.157473E-05,13.9725,0,0.9315,-6.009003E-05,13.9725,0
0.9324,-5.706874E-06,13.986,0,0.9324,-6.411841E-05,13.986,0
0.9333,-6.344701E-05,13.9995,0,0.9333,1.577783E-05,13.9995,0
0.9342,-2.786297E-05,14.013,0,0.9342,0.0001769131,14.013,0
0.9351,-8.392462E-06,14.0265,0,0.9351,0.0002232395,14.0265,0
0.936,1.040665E-05,14.04,0,0.936,0.0001299153,14.04,0
0.9369,2.24918E-05,14.0535,0,0.9369,8.560311E-05,14.0535,0
0.9378,-2.24918E-05,14.067,0,0.9378,0.0001030594,14.067,0
0.9387,-8.661021E-05,14.0805,0,0.9387,5.203327E-05,14.0805,0
0.9396001,-6.176852E-05,14.094,0,0.9396001,3.356985E-07,14.094,0
0.9405,-5.337606E-05,14.1075,0,0.9405,3.457694E-05,14.1075,0
0.9414001,-5.136187E-05,14.121,0,0.9414001,5.102617E-05,14.121,0
0.9423,-2.987716E-05,14.1345,0,0.9423,-6.71397E-05,14.1345,0
0.9432001,-4.36408E-05,14.148,0,0.9432001,-0.0001178302,14.148,0
0.9441,-4.028382E-06,14.1615,0,0.9441,-0.0001409934,14.1615,0
0.9450001,5.874724E-05,14.175,0,0.9450001,-0.0001591211,14.175,0
0.9459,8.426032E-05,14.1885,0,0.9459,-0.0001420005,14.1885,0
0.9468,5.069047E-05,14.202,0,0.9468,-0.0001087663,14.202,0
0.9477,2.786297E-05,14.2155,0,0.9477,-2.28275E-05,14.2155,0
0.9486,0,14.229,0,0.9486,6.009003E-05,14.229,0
0.9495,7.418937E-05,14.2425,0,0.9495,0.0001379721,14.2425,0
0.9504,8.291753E-05,14.256,0,0.9504,0.0001514,14.256,0
0.9513,4.733349E-05,14.2695,0,0.9513,0.0001537499,14.2695,0
0.9522,-5.706874E-06,14.283,0,0.9522,4.36408E-05,14.283,0
0.9531,1.007095E-06,14.2965,0,0.9531,-8.72816E-05,14.2965,0
0.954,-2.719158E-05,14.31,0,0.954,-0.0001010452,14.31,0
0.9549,-7.183947E-05,14.3235,0,0.9549,-9.701686E-05,14.3235,0
0.9558,-0.0002118257,14.337,0,0.9558,-0.0001312581,14.337,0
0.9567,-0.0001634852,14.3505,0,0.9567,-7.821774E-05,14.3505,0
0.9576,-4.39765E-05,14.364,0,0.9576,-3.021286E-06,14.364,0
0.9585,7.721065E-06,14.3775,0,0.9585,-4.36408E-06,14.3775,0
0.9594,2.1149E-05,14.391,0,0.9594,-3.994812E-05,14.391,0
0.9603,4.599069E-05,14.4045,0,0.9603,-9.063859E-05,14.4045,0
0.9612,-3.692683E-06,14.418,0,0.9612,-6.344701E-05,14.418,0
0.9621,-7.049668E-05,14.4315,0,0.9621,-1.242084E-05,14.4315,0
0.963,-8.224613E-05,14.445,0,0.963,-5.471885E-05,14.445,0
0.9639,-0.0001114519,14.4585,0,0.9639,-7.150377E-05,14.4585,0
0.9648,-3.726253E-05,14.472,0,0.9648,5.069047E-05,14.472,0
0.9657,4.766919E-05,14.4855,0,0.9657,7.486076E-05,14.4855,0
0.9666,6.176852E-05,14.499,0,0.9666,-8.728161E-06,14.499,0
0.9675,0.0001104448,14.5125,0,0.9675,6.378271E-05,14.5125,0
0.9684,9.970245E-05,14.526,0,0.9684,6.74754E-05,14.526,0
0.9693,-4.196231E-05,14.5395,0,0.9693,-3.692683E-06,14.5395,0
0.9702,-0.0001164874,14.553,0,0.9702,-2.047761E-05,14.553,0
0.9711,-7.888914E-05,14.5665,0,0.9711,-3.424125E-05,14.5665,0
0.972,3.994812E-05,14.58,0,0.972,-6.076142E-05,14.58,0
0.9729,-1.544213E-05,14.5935,0,0.9729,-0.0001094377,14.5935,0
0.9738,-6.948959E-05,14.607,0,0.9738,-0.0001953765,14.607,0
0.9747,-2.920577E-05,14.6205,0,0.9747,-0.0001530785,14.6205,0
0.9756,-8.627451E-05,14.634,0,0.9756,-0.0001141375,14.634,0
0.9765,-9.097429E-05,14.6475,0,0.9765,-8.493171E-05,14.6475,0
0.9774,-1.644922E-05,14.661,0,0.9774,-2.18204E-05,14.661,0
0.9783,-3.692683E-06,14.6745,0,0.9783,9.768826E-05,14.6745,0
0.9792,-1.644922E-05,14.688,0,0.9792,0.0001218585,14.688,0
0.9801,-3.692683E-06,14.7015,0,0.9801,6.54612E-05,14.7015,0
0.981,-1.678492E-05,14.715,0,0.981,0.0001017166,14.715,0
0.9819,5.673304E-05,14.7285,0,0.9819,6.277562E-05,14.7285,0
0.9828,7.754635E-05,14.742,0,0.9828,-1.913481E-05,14.742,0
0.9837,-1.644922E-05,14.7555,0,0.9837,-9.735256E-06,14.7555,0
0.9846,1.577783E-05,14.769,0,0.9846,2.652018E-05,14.769,0
0.9855,2.551309E-05,14.7825,0,0.9855,-4.33051E-05,14.7825,0
0.9864,9.600977E-05,14.796,0,0.9864,-5.203327E-05,14.796,0
0.9873,0.0001413291,14.8095,0,0.9873,-0.0001087663,14.8095,0
0.9882,0.0001070878,14.823,0,0.9882,-9.701686E-05,14.823,0
0.9891,3.994812E-05,14.8365,0,0.9891,-3.994812E-05,14.8365,0
0.99,1.980621E-05,14.85,0,0.99,-5.874724E-05,14.85,0
0.9909,1.309224E-05,14.8635,0,0.9909,-4.33051E-05,14.8635,0
0.9918,4.666209E-05,14.877,0,0.9918,2.551309E-05,14.877,0
0.9927,4.53193E-05,14.8905,0,0.9927,-1.913481E-05,14.8905,0
0.9936,6.277562E-05,14.904,0,0.9936,-0.0001131304,14.904,0
0.9945,3.994812E-05,14.9175,0,0.9945,-5.572595E-05,14.9175,0
0.9954,-3.356985E-07,14.931,0,0.9954,-4.196231E-05,14.931,0
0.9963,-6.74754E-05,14.9445,0,0.9963,-8.96315E-05,14.9445,0
0.9972,-0.000123537,14.958,0,0.9972,-4.800488E-05,14.958,0
0.9981,-8.526741E-05,14.9715,0,0.9981,-3.927672E-05,14.9715,0
0.999,-0.0001228656,14.985,0,0.999,-0.0001386435,14.985,0
0.9999,-0.0001473716,14.9985,0,0.9999,-0.0001228656,14.9985,0
1.0008,-0.0001077592,15.012,0,1.0008,-1.376364E-05,15.012,0
1.0017,-6.915389E-05,15.0255,0,1.0017,0.0001064164,15.0255,0
1.0026,-9.198138E-05,15.039,0,1.0026,0.0001366293,15.039,0
1.0035,-5.270466E-05,15.0525,0,1.0035,0.0001094377,15.0525,0
1.0044,-1.745632E-05,15.066,0,1.0044,4.129091E-05,15.066,0
1.0053,-2.1149E-05,15.0795,0,1.0053,7.284657E-05,15.0795,0
1.0062,1.980621E-05,15.093,0,1.0062,4.53193E-05,15.093,0
1.0071,7.016098E-05,15.1065,0,1.0071,1.376364E-05,15.1065,0
1.008,-7.049668E-06,15.12,0,1.008,6.076142E-05,15.12,0
1.0089,2.517739E-05,15.1335,0,1.0089,7.385367E-05,15.1335,0
1.0098,3.927672E-05,15.147,0,1.0098,-1.544213E-05,15.147,0
1.0107,2.652018E-05,15.1605,0,1.0107,-6.210422E-05,15.1605,0
1.0116,1.712062E-05,15.174,0,1.0116,-4.33051E-05,15.174,0
1.0125,2.752728E-05,15.1875,0,1.0125,-9.970245E-05,15.1875,0
1.0134,8.728161E-06,15.201,0,1.0134,-0.0001171588,15.201,0
1.0143,0.0001174945,15.2145,0,1.0143,-0.0001366293,15.2145,0
1.0152,0.000115816,15.228,0,1.0152,-5.203327E-05,15.228,0
1.0161,-2.987716E-05,15.2415,0,1.0161,7.721065E-06,15.2415,0
1.017,-2.014191E-06,15.255,0,1.017,2.786297E-05,15.255,0
1.0179,5.337606E-05,15.2685,0,1.0179,5.774014E-05,15.2685,0
1.0188,4.129091E-05,15.282,0,1.0188,0.0001420005,15.282,0
1.0197,-1.040665E-05,15.2955,0,1.0197,6.378271E-05,15.2955,0
1.0206,-4.733349E-05,15.309,0,1.0206,-3.659113E-05,15.309,0
1.0215,-6.042573E-06,15.3225,0,1.0215,-6.378271E-06,15.3225,0
1.0224,-2.081331E-05,15.336,0,1.0224,-1.242084E-05,15.336,0
1.0233,3.927672E-05,15.3495,0,1.0233,-0.0001621424,15.3495,0
1.0242,2.349889E-05,15.363,0,1.0242,-0.0003598688,15.363,0
1.0251,-5.438316E-05,15.3765,0,1.0251,-0.0003189135,15.3765,0
1.026,-9.735256E-06,15.39,0,1.026,-0.0003289845,15.39,0
1.0269,0.0001111162,15.4035,0,1.0269,-0.0002336461,15.4035,0
1.0278,0.0001762417,15.417,0,1.0278,-0.0001373007,15.417,0
1.0287,0.0001225299,15.4305,0,1.0287,0.0001033951,15.4305,0
1.0296,1.544213E-05,15.444,0,1.0296,0.0003716182,15.444,0
1.0305,-4.061952E-05,15.4575,0,1.0305,0.0005058976,15.4575,0
1.0314,-6.378271E-06,15.471,0,1.0314,0.000348455,15.471,0
1.0323,-0.0001218585,15.4845,0,1.0323,0.0002098116,15.4845,0
1.0332,-0.0003024643,15.498,0,1.0332,7.418937E-05,15.498,0
1.0341,-0.0001097734,15.5115,0,1.0341,6.378271E-06,15.5115,0
1.035,7.452507E-05,15.525,0,1.035,5.203327E-05,15.525,0
1.0359,5.035477E-05,15.5385,0,1.0359,3.793393E-05,15.5385,0
1.0368,-7.486076E-05,15.552,0,1.0368,-5.807584E-05,15.552,0
1.0377,-0.0001493858,15.5655,0,1.0377,-6.009003E-05,15.5655,0
1.0386,-0.0001940337,15.579,0,1.0386,-3.323415E-05,15.579,0
1.0395,-0.0001819486,15.5925,0,1.0395,-5.438316E-05,15.5925,0
1.0404,-0.0001426719,15.606,0,1.0404,-7.418937E-05,15.606,0
1.0413,-3.457694E-05,15.6195,0,1.0413,-8.560311E-05,15.6195,0
1.0422,3.424125E-05,15.633,0,1.0422,-4.028382E-05,15.633,0
1.0431,1.309224E-05,15.6465,0,1.0431,1.007095E-06,15.6465,0
1.044,7.217517E-05,15.66,0,1.044,-1.107805E-05,15.66,0
1.0449,5.404745E-05,15.6735,0,1.0449,-5.304036E-05,15.6735,0
1.0458,-0.0001279011,15.687,0,1.0458,-1.678492E-05,15.687,0
1.0467,-9.567407E-05,15.7005,0,1.0467,-2.349889E-05,15.7005,0
1.0476,2.316319E-05,15.714,0,1.0476,-9.533837E-05,15.714,0
1.0485,1.477073E-05,15.7275,0,1.0485,-7.821774E-05,15.7275,0
1.0494,7.486076E-05,15.741,0,1.0494,-0.0001037308,15.741,0
1.0503,0.0001148089,15.7545,0,1.0503,-0.0001426719,15.7545,0
1.0512,0.0001077592,15.768,0,1.0512,-5.874724E-05,15.768,0
1.0521,2.24918E-05,15.7815,0,1.0521,-2.752728E-05,15.7815,0
1.053,5.874724E-05,15.795,0,1.053,-3.591974E-05,15.795,0
1.0539,5.941863E-05,15.8085,0,1.0539,-2.349889E-06,15.8085,0
1.0548,8.526741E-05,15.822,0,1.0548,1.040665E-05,15.822,0
1.0557,8.426032E-05,15.8355,0,1.0557,6.411841E-05,15.8355,0
1.0566,8.728161E-06,15.849,0,1.0566,4.666209E-05,15.849,0
1.0575,7.486076E-05,15.8625,0,1.0575,-2.652018E-05,15.8625,0
1.0584,5.874724E-05,15.876,0,1.0584,-4.39765E-05,15.876,0
1.0593,2.18204E-05,15.8895,0,1.0593,-2.887007E-05,15.8895,0
1.0602,-0.0001003738,15.903,0,1.0602,-0.0002165255,15.903,0
1.0611,-0.0001950408,15.9165,0,1.0611,-0.0003675898,15.9165,0
1.062,-0.0001816129,15.93,0,1.062,-0.0003085069,15.93,0
1.0629,-0.0001493858,15.9435,0,1.0629,-0.0002544594,15.9435,0
1.0638,-6.076142E-05,15.957,0,1.0638,-0.0001621424,15.957,0
1.0647,-4.028382E-06,15.9705,0,1.0647,6.54612E-05,15.9705,0
1.0656,3.021286E-05,15.984,0,1.0656,0.000340734,15.984,0
1.0665,3.524834E-05,15.9975,0,1.0665,0.0003635614,15.9975,0
1.0674,-3.121996E-05,16.011,0,1.0674,0.0002168612,16.011,0
1.0683,-1.443504E-05,16.0245,0,1.0683,0.0002306248,16.0245,0
1.0692,5.136187E-05,16.038,0,1.0692,0.0001607996,16.038,0
1.0701,2.987716E-05,16.0515,0,1.0701,8.291753E-05,16.0515,0
1.071,3.256275E-05,16.065,0,1.071,3.759823E-05,16.065,0
1.0719,4.599069E-05,16.0785,0,1.0719,-5.404745E-05,16.0785,0
1.0728,7.418937E-05,16.092,0,1.0728,-5.337606E-05,16.092,0
1.0737,1.309224E-05,16.1055,0,1.0737,-5.102617E-05,16.1055,0
1.0746,5.706874E-05,16.119,0,1.0746,-8.358892E-05,16.119,0
1.0755,3.121996E-05,16.1325,0,1.0755,-1.242084E-05,16.1325,0
1.0764,-1.879912E-05,16.146,0,1.0764,-6.881819E-05,16.146,0
1.0773,1.107805E-05,16.1595,0,1.0773,-0.0001309224,16.1595,0
1.0782,1.577783E-05,16.173,0,1.0782,-0.0001534142,16.173,0
1.0791,1.745632E-05,16.1865,0,1.0791,-0.0001275654,16.1865,0
1.08,4.800488E-05,16.2,0,1.08,-0.0001121233,16.2,0
1.0809,3.390555E-05,16.2135,0,1.0809,-9.164568E-05,16.2135,0
1.0818,9.735256E-06,16.227,0,1.0818,-7.418937E-05,16.227,0
1.0827,2.014191E-06,16.2405,0,1.0827,-2.954147E-05,16.2405,0
1.0836,-1.208515E-05,16.254,0,1.0836,-0.0001003738,16.254,0
1.0845,2.24918E-05,16.2675,0,1.0845,-0.0001618067,16.2675,0
1.0854,7.754635E-05,16.281,0,1.0854,-0.0001013809,16.281,0
1.0863,9.164568E-05,16.2945,0,1.0863,3.793393E-05,16.2945,0
1.0872,3.894102E-05,16.308,0,1.0872,0.0001285725,16.308,0
1.0881,4.196231E-05,16.3215,0,1.0881,0.0001735561,16.3215,0
1.089,-0.0001524071,16.335,0,1.089,0.0001315938,16.335,0
1.0899,-0.0001426719,16.3485,0,1.0899,0.0001420005,16.3485,0
1.0908,-9.332418E-05,16.362,0,1.0908,7.620356E-05,16.362,0
1.0917,-4.028382E-06,16.3755,0,1.0917,1.544213E-05,16.3755,0
1.0926,-2.349889E-05,16.389,0,1.0926,1.040665E-05,16.389,0
1.0935,-3.289845E-05,16.4025,0,1.0935,-3.659113E-05,16.4025,0
1.0944,-3.524834E-05,16.416,0,1.0944,-5.035477E-05,16.416,0
1.0953,-5.404745E-05,16.4295,0,1.0953,-7.620356E-05,16.4295,0
1.0962,-4.162661E-05,16.443,0,1.0962,-5.371176E-05,16.443,0
1.0971,4.46479E-05,16.4565,0,1.0971,3.054856E-05,16.4565,0
1.098,3.659113E-05,16.47,0,1.098,3.927672E-05,16.47,0
1.0989,-9.164568E-05,16.4835,0,1.0989,-5.471885E-05,16.4835,0
1.0998,-6.478981E-05,16.497,0,1.0998,-3.591974E-05,16.497,0
1.1007,-3.591974E-05,16.5105,0,1.1007,-3.726253E-05,16.5105,0
1.1016,-2.719158E-05,16.524,0,1.1016,-3.860533E-05,16.524,0
1.1025,-3.591974E-05,16.5375,0,1.1025,7.251087E-05,16.5375,0
1.1034,1.779202E-05,16.551,0,1.1034,9.231708E-05,16.551,0
1.1043,-2.18204E-05,16.5645,0,1.1043,-2.719158E-05,16.5645,0
1.1052,-4.36408E-06,16.578,0,1.1052,-7.687495E-05,16.578,0
1.1061,3.356985E-07,16.5915,0,1.1061,-3.591974E-05,16.5915,0
1.107,-0.0001517357,16.605,0,1.107,-6.076142E-05,16.605,0
1.1079,-0.0001097734,16.6185,0,1.1079,-8.627451E-05,16.6185,0
1.1088,8.023193E-05,16.632,0,1.1088,-8.661021E-05,16.632,0
1.1097,9.365987E-05,16.6455,0,1.1097,-0.0001033951,16.6455,0
1.1106,4.53193E-05,16.659,0,1.1106,-0.0001514,16.659,0
1.1115,1.947051E-05,16.6725,0,1.1115,-0.0002057832,16.6725,0
1.1124,5.740444E-05,16.686,0,1.1124,-0.0002323034,16.686,0
1.1133,3.424125E-05,16.6995,0,1.1133,-0.0001238727,16.6995,0
1.1142,-1.376364E-05,16.713,0,1.1142,-0.000105745,16.713,0
1.1151,5.438316E-05,16.7265,0,1.1151,-9.735256E-06,16.7265,0
1.116,-3.994812E-05,16.74,0,1.116,0.0001131304,16.74,0
1.1169,-3.894102E-05,16.7535,0,1.1169,5.807584E-05,16.7535,0
1.1178,-4.061952E-05,16.767,0,1.1178,7.284657E-05,16.767,0
1.1187,-0.0001842985,16.7805,0,1.1187,0.0001654994,16.7805,0
1.1196,-0.0001319295,16.794,0,1.1196,0.000197055,16.794,0
1.1205,6.042573E-06,16.8075,0,1.1205,0.0002719158,16.8075,0
1.1214,-2.18204E-05,16.821,0,1.1214,0.0001983978,16.821,0
1.1223,-3.222705E-05,16.8345,0,1.1223,-2.24918E-05,16.8345,0
1.1232,2.987716E-05,16.848,0,1.1232,-2.954147E-05,16.848,0
1.1241,-2.417029E-05,16.8615,0,1.1241,-0.0001168231,16.8615,0
1.125,6.6804E-05,16.875,0,1.125,-0.0002500954,16.875,0
1.1259,7.217517E-05,16.8885,0,1.1259,-0.0002531167,16.8885,0
1.1268,-6.311131E-05,16.902,0,1.1268,-0.0001312581,16.902,0
1.1277,-0.0001386435,16.9155,0,1.1277,-0.0001111162,16.9155,0
1.1286,-3.994812E-05,16.929,0,1.1286,-5.941863E-05,16.929,0
1.1295,0.0002682231,16.9425,0,1.1295,0.0001708705,16.9425,0
1.1304,0.0002534524,16.956,0,1.1304,0.0002809796,16.956,0
1.1313,5.371176E-06,16.9695,0,1.1313,0.0002292821,16.9695,0
1.1322,1.007095E-06,16.983,0,1.1322,0.0001527428,16.983,0
1.1331,-0.0001285725,16.9965,0,1.1331,0.0001252155,16.9965,0
1.134,-0.0001470359,17.01,0,1.134,5.136187E-05,17.01,0
1.1349,-1.779202E-05,17.0235,0,1.1349,-2.18204E-05,17.0235,0
1.1358,-5.035477E-05,17.037,0,1.1358,-0.0001104448,17.037,0
1.1367,-0.0001077592,17.0505,0,1.1367,-0.0001050736,17.0505,0
1.1376,-6.6804E-05,17.064,0,1.1376,-0.0001138018,17.064,0
1.1385,-4.733349E-05,17.0775,0,1.1385,-0.0001248798,17.0775,0
1.1394,-3.356985E-07,17.091,0,1.1394,-7.553216E-05,17.091,0
1.1403,6.042573E-05,17.1045,0,1.1403,4.699779E-05,17.1045,0
1.1412,-1.678492E-05,17.118,0,1.1412,3.155566E-05,17.118,0
1.1421,2.349889E-06,17.1315,0,1.1421,-0.0001245441,17.1315,0
1.143,1.846342E-05,17.145,0,1.143,-8.627451E-05,17.145,0
1.1439,1.678492E-05,17.1585,0,1.1439,-0.0001138018,17.1585,0
1.1448,9.970245E-05,17.172,0,1.1448,-0.0002380102,17.172,0
1.1457,0.0002574807,17.1855,0,1.1457,-0.0002433814,17.1855,0
1.1466,0.0002856794,17.199,0,1.1466,-0.0001305867,17.199,0
1.1475,0.0001107805,17.2125,0,1.1475,-6.176852E-05,17.2125,0
1.1484,1.577783E-05,17.226,0,1.1484,1.678492E-06,17.226,0
1.1493,-0.0001138018,17.2395,0,1.1493,3.121996E-05,17.2395,0
1.1502,-0.0003041428,17.253,0,1.1502,0.0002074617,17.253,0
1.1511,-0.0003511406,17.2665,0,1.1511,0.0001883268,17.2665,0
1.152,-9.433127E-05,17.28,0,1.152,5.236896E-05,17.28,0
1.1529,6.814679E-05,17.2935,0,1.1529,-3.021286E-06,17.2935,0
1.1538,2.652018E-05,17.307,0,1.1538,9.063859E-06,17.307,0
1.1547,8.96315E-05,17.3205,0,1.1547,-2.853437E-05,17.3205,0
1.1556,8.761731E-05,17.334,0,1.1556,-0.0001460288,17.334,0
1.1565,6.713969E-07,17.3475,0,1.1565,-0.0001221943,17.3475,0
1.1574,-9.567407E-05,17.361,0,1.1574,-6.009003E-05,17.361,0
1.1583,-0.0001362936,17.3745,0,1.1583,-8.82887E-05,17.3745,0
1.1592,-0.0001718776,17.388,0,1.1592,9.063859E-06,17.388,0
1.1601,-0.0001003738,17.4015,0,1.1601,-7.016098E-05,17.4015,0
1.161,7.116808E-05,17.415,0,1.161,-0.0002081331,17.415,0
1.1619,2.484169E-05,17.4285,0,1.1619,-0.0002876936,17.4285,0
1.1628,-6.378271E-06,17.442,0,1.1628,-0.0002635233,17.442,0
1.1637,2.786297E-05,17.4555,0,1.1637,-0.0001044022,17.4555,0
1.1646,-1.309224E-05,17.469,0,1.1646,0.0001822843,17.469,0
1.1655,-7.116808E-05,17.4825,0,1.1655,0.0005253681,17.4825,0
1.1664,-6.74754E-05,17.496,0,1.1664,0.0004508431,17.496,0
1.1673,-6.948959E-05,17.5095,0,1.1673,0.0002514381,17.5095,0
1.1682,-0.0001064164,17.523,0,1.1682,0.0001420005,17.523,0
1.1691,-6.009003E-05,17.5365,0,1.1691,1.544213E-05,17.5365,0
1.17,3.356985E-06,17.55,0,1.17,3.323415E-05,17.55,0
1.1709,3.961242E-05,17.5635,0,1.1709,8.392462E-06,17.5635,0
1.1718,9.231708E-05,17.577,0,1.1718,-0.000123537,17.577,0
1.1727,0.0001775845,17.5905,0,1.1727,-0.0001775845,17.5905,0
1.1736,0.0001030594,17.604,0,1.1736,-0.0001943694,17.604,0
1.1745,0.0001141375,17.6175,0,1.1745,-0.0001990692,17.6175,0
1.1754,0.0001111162,17.631,0,1.1754,-0.0001591211,17.631,0
1.1763,0.000105745,17.6445,0,1.1763,-7.351797E-05,17.6445,0
1.1772,8.426032E-05,17.658,0,1.1772,-3.692683E-06,17.658,0
1.1781,2.786297E-05,17.6715,0,1.1781,0.0001174945,17.6715,0
1.179,3.726253E-05,17.685,0,1.179,0.0001705348,17.685,0
1.1799,1.007095E-06,17.6985,0,1.1799,6.948959E-05,17.6985,0
1.1808,2.1149E-05,17.712,0,1.1808,2.417029E-05,17.712,0
1.1817,1.678492E-06,17.7255,0,1.1817,-7.351797E-05,17.7255,0
1.1826,0,17.739,0,1.1826,-0.0001332723,17.739,0
1.1835,-4.46479E-05,17.7525,0,1.1835,-5.505455E-05,17.7525,0
1.1844,-0.0001785916,17.766,0,1.1844,-4.33051E-05,17.766,0
1.1853,-0.0002121614,17.7795,0,1.1853,-0.0001104448,17.7795,0
1.1862,-4.733349E-05,17.793,0,1.1862,-0.0001460288,17.793,0
1.1871,-2.316319E-05,17.8065,0,1.1871,-2.719158E-05,17.8065,0
1.188,-7.150377E-05,17.82,0,1.188,8.392462E-06,17.82,0
1.1889,-8.661021E-05,17.8335,0,1.1889,-3.524834E-05,17.8335,0
1.1898,-4.968337E-05,17.847,0,1.1898,-5.572595E-05,17.847,0
1.1907,-1.107805E-05,17.8605,0,1.1907,6.042573E-06,17.8605,0
1.1916,-4.901198E-05,17.874,0,1.1916,7.721065E-06,17.874,0
1.1925,9.735256E-06,17.8875,0,1.1925,-7.150377E-05,17.8875,0
1.1934,1.678492E-05,17.901,0,1.1934,-9.701686E-05,17.901,0
1.1943,-7.888914E-05,17.9145,0,1.1943,-2.24918E-05,17.9145,0
1.1952,-8.191043E-05,17.928,0,1.1952,2.014191E-06,17.928,0
1.1961,3.927672E-05,17.9415,0,1.1961,-3.994812E-05,17.9415,0
1.197,0.0002265965,17.955,0,1.197,6.210422E-05,17.955,0
1.1979,0.000285008,17.9685,0,1.1979,8.258183E-05,17.9685,0
1.1988,0.0001252155,17.982,0,1.1988,-1.577783E-05,17.982,0
1.1997,1.141375E-05,17.9955,0,1.1997,-1.510643E-05,17.9955,0
1.2006,4.53193E-05,18.009,0,1.2006,6.042573E-06,18.009,0
1.2015,8.69459E-05,18.0225,0,1.2015,-9.030289E-05,18.0225,0
1.2024,-4.36408E-06,18.036,0,1.2024,-0.0001819486,18.036,0
1.2033,-5.706874E-06,18.0495,0,1.2033,-0.0002276036,18.0495,0
1.2042,-1.510643E-05,18.063,0,1.2042,-0.0002487526,18.063,0
1.2051,-4.901198E-05,18.0765,0,1.2051,-0.0002289464,18.0765,0
1.206,-6.6804E-05,18.09,0,1.206,-0.0002688945,18.09,0
1.2069,-0.0001044022,18.1035,0,1.2069,-0.0001151446,18.1035,0
1.2078,1.477073E-05,18.117,0,1.2078,0.0001339437,18.117,0
1.2087,-8.92958E-05,18.1305,0,1.2087,0.0002594949,18.1305,0
1.2096,-0.0001601282,18.144,0,1.2096,0.0002047761,18.144,0
1.2105,-4.43122E-05,18.1575,0,1.2105,0.0001658351,18.1575,0
1.2114,-7.284657E-05,18.171,0,1.2114,7.855344E-05,18.171,0
1.2123,5.136187E-05,18.1845,0,1.2123,4.599069E-05,18.1845,0
1.2132,1.577783E-05,18.198,0,1.2132,0.000158114,18.198,0
1.2141,-0.0001681849,18.2115,0,1.2141,0.0002373388,18.2115,0
1.215,-0.0001379721,18.225,0,1.215,0.0002386816,18.225,0
1.2159,-6.61326E-05,18.2385,0,1.2159,0.0002145113,18.2385,0
1.2168,-0.0001628138,18.252,0,1.2168,2.1149E-05,18.252,0
1.2177,-0.0001426719,18.2655,0,1.2177,-3.927672E-05,18.2655,0
1.2186,-0.0001470359,18.279,0,1.2186,-6.009003E-05,18.279,0
1.2195,-0.0001104448,18.2925,0,1.2195,-8.82887E-05,18.2925,0
1.2204,-6.344701E-05,18.306,0,1.2204,-6.344701E-05,18.306,0
1.2213,-1.107805E-05,18.3195,0,1.2213,0.0001131304,18.3195,0
1.2222,1.040665E-05,18.333,0,1.2222,0.000102388,18.333,0
1.2231,6.277562E-05,18.3465,0,1.2231,-9.500267E-05,18.3465,0
1.224,0.0001104448,18.36,0,1.224,-9.735256E-06,18.36,0
1.2249,0.0002440528,18.3735,0,1.2249,1.577783E-05,18.3735,0
1.2258,0.000197055,18.387,0,1.2258,-4.196231E-05,18.387,0
1.2267,6.344701E-05,18.4005,0,1.2267,-4.599069E-05,18.4005,0
1.2276,4.43122E-05,18.414,0,1.2276,-7.553216E-05,18.414,0
1.2285,-5.001907E-05,18.4275,0,1.2285,-0.0001279011,18.4275,0
1.2294,-0.000102388,18.441,0,1.2294,-0.0001853056,18.441,0
1.2303,-0.0001094377,18.4545,0,1.2303,-0.0002081331,18.4545,0
1.2312,5.740444E-05,18.468,0,1.2312,-0.000175906,18.468,0
1.2321,8.023193E-05,18.4815,0,1.2321,-0.0001185016,18.4815,0
1.233,2.517739E-05,18.495,0,1.233,-4.095522E-05,18.495,0
1.2339,3.692683E-06,18.5085,0,1.2339,-2.18204E-05,18.5085,0
1.2348,-2.383459E-05,18.522,0,1.2348,-5.706874E-06,18.522,0
1.2357,-8.157473E-05,18.5355,0,1.2357,-4.36408E-06,18.5355,0
1.2366,-6.78111E-05,18.549,0,1.2366,-2.24918E-05,18.549,0
1.2375,-8.291753E-05,18.5625,0,1.2375,2.316319E-05,18.5625,0
1.2384,6.378271E-06,18.576,0,1.2384,6.948959E-05,18.576,0
1.2393,8.258183E-05,18.5895,0,1.2393,1.544213E-05,18.5895,0
1.2402,0.0001443503,18.603,0,1.2402,-7.721065E-06,18.603,0
1.2411,0.0001738918,18.6165,0,1.2411,3.021286E-06,18.6165,0
1.242,0.0001930266,18.63,0,1.242,-2.719158E-05,18.63,0
1.2429,0.0002064546,18.6435,0,1.2429,-2.987716E-05,18.6435,0
1.2438,9.903105E-05,18.657,0,1.2438,-3.826963E-05,18.657,0
1.2447,3.021286E-05,18.6705,0,1.2447,9.063859E-06,18.6705,0
1.2456,-2.786297E-05,18.684,0,1.2456,-3.558404E-05,18.684,0
1.2465,-0.0001409934,18.6975,0,1.2465,-8.996719E-05,18.6975,0
1.2474,-0.0001997406,18.711,0,1.2474,-9.500267E-05,18.711,0
1.2483,-0.0001309224,18.7245,0,1.2483,-3.591974E-05,18.7245,0
1.2492,-0.0001856413,18.738,0,1.2492,-4.733349E-05,18.738,0
1.2501,-8.123904E-05,18.7515,0,1.2501,-9.701686E-05,18.7515,0
1.251,-2.349889E-06,18.765,0,1.251,-3.323415E-05,18.765,0
1.2519,6.143282E-05,18.7785,0,1.2519,-8.728161E-06,18.7785,0
1.2528,7.888914E-05,18.792,0,1.2528,-0.0001161517,18.792,0
1.2537,5.069047E-05,18.8055,0,1.2537,-0.0001926909,18.8055,0
1.2546,-5.874724E-05,18.819,0,1.2546,-0.0001785916,18.819,0
1.2555,-0.0001205158,18.8325,0,1.2555,-0.0001883268,18.8325,0
1.2564,6.176852E-05,18.846,0,1.2564,-0.0001453574,18.846,0
1.2573,0.0002222324,18.8595,0,1.2573,-4.29694E-05,18.8595,0
1.2582,0.0001685206,18.873,0,1.2582,0.0001386435,18.873,0
1.2591,4.666209E-05,18.8865,0,1.2591,0.0002873579,18.8865,0
1.26,-4.46479E-05,18.9,0,1.26,0.0002326391,18.9,0
1.2609,-0.0002437171,18.9135,0,1.2609,4.565499E-05,18.9135,0
1.2618,-0.0003420768,18.927,0,1.2618,3.457694E-05,18.927,0
1.2627,-0.0001188373,18.9405,0,1.2627,2.349889E-06,18.9405,0
1.2636,-7.150377E-05,18.954,0,1.2636,-7.284657E-05,18.954,0
1.2645,-3.659113E-05,18.9675,0,1.2645,3.726253E-05,18.9675,0
1.2654,1.007095E-05,18.981,0,1.2654,4.800488E-05,18.981,0
1.2663,-1.342794E-06,18.9945,0,1.2663,-2.887007E-05,18.9945,0
1.2672,-2.383459E-05,19.008,0,1.2672,4.39765E-05,19.008,0
1.2681,-2.853437E-05,19.0215,0,1.2681,7.553216E-05,19.0215,0
1.269,8.224613E-05,19.035,0,1.269,5.102617E-05,19.035,0
1.2699,0.000109102,19.0485,0,1.2699,2.719158E-05,19.0485,0
1.2708,5.841154E-05,19.062,0,1.2708,-5.740444E-05,19.062,0
1.2717,0.0001111162,19.0755,0,1.2717,-5.337606E-05,19.0755,0
1.2726,1.477073E-05,19.089,0,1.2726,-5.035477E-06,19.089,0
1.2735,-0.0001359579,19.1025,0,1.2735,-0.0001044022,19.1025,0
1.2744,-0.0001104448,19.116,0,1.2744,-0.0001748989,19.116,0
1.2753,-5.740444E-05,19.1295,0,1.2753,-0.0001077592,19.1295,0
1.2762,-8.392462E-06,19.143,0,1.2762,-0.000112459,19.143,0
1.2771,0.0001013809,19.1565,0,1.2771,4.028382E-06,19.1565,0
1.278,0.0001319295,19.17,0,1.278,3.021286E-05,19.17,0
1.2789,-3.356985E-07,19.1835,0,1.2789,3.021286E-06,19.1835,0
1.2798,2.18204E-05,19.197,0,1.2798,1.846342E-05,19.197,0
1.2807,8.96315E-05,19.2105,0,1.2807,0.0001779202,19.2105,0
1.2816,-4.129091E-05,19.224,0,1.2816,0.0001661708,19.224,0
1.2825,-2.047761E-05,19.2375,0,1.2825,-7.721065E-06,19.2375,0
1.2834,7.888914E-05,19.251,0,1.2834,-2.484169E-05,19.251,0
1.2843,8.157473E-05,19.2645,0,1.2843,-5.169757E-05,19.2645,0
1.2852,7.418937E-05,19.278,0,1.2852,-3.826963E-05,19.278,0
1.2861,0.0001349508,19.2915,0,1.2861,-5.941863E-05,19.2915,0
1.287,0.0002695659,19.305,0,1.287,-0.0001376364,19.305,0
1.2879,0.0001248798,19.3185,0,1.2879,-0.0001839628,19.3185,0
1.2888,-3.994812E-05,19.332,0,1.2888,-0.0001151446,19.332,0
1.2897,-0.0001735561,19.3455,0,1.2897,-0.0001460288,19.3455,0
1.2906,-0.0001030594,19.359,0,1.2906,-8.123904E-05,19.359,0
1.2915,-7.486076E-05,19.3725,0,1.2915,7.553216E-05,19.3725,0
1.2924,-0.0001349508,19.386,0,1.2924,0.0002306248,19.386,0
1.2933,-0.0002074617,19.3995,0,1.2933,0.0002521096,19.3995,0
1.2942,-0.0001923552,19.413,0,1.2942,0.0001144732,19.413,0
1.2951,-0.0002682231,19.4265,0,1.2951,4.867628E-05,19.4265,0
1.296,-0.0001188373,19.44,0,1.296,9.063859E-06,19.44,0
1.2969,2.349889E-05,19.4535,0,1.2969,-4.39765E-05,19.4535,0
1.2978,4.901198E-05,19.467,0,1.2978,-8.69459E-05,19.467,0
1.2987,2.853437E-05,19.4805,0,1.2987,-1.846342E-05,19.4805,0
1.2996,-3.323415E-05,19.494,0,1.2996,-1.007095E-06,19.494,0
1.3005,-1.644922E-05,19.5075,0,1.3005,-7.217517E-05,19.5075,0
1.3014,-7.956054E-05,19.521,0,1.3014,-0.0001651637,19.521,0
1.3023,-7.183947E-05,19.5345,0,1.3023,-9.164568E-05,19.5345,0
1.3032,-3.189136E-05,19.548,0,1.3032,-8.89601E-05,19.548,0
1.3041,1.980621E-05,19.5615,0,1.3041,-0.0001221943,19.5615,0
1.305,0.0002279393,19.575,0,1.305,-2.316319E-05,19.575,0
1.3059,0.000288365,19.5885,0,1.3059,2.081331E-05,19.5885,0
1.3068,0.0001326009,19.602,0,1.3068,-1.107805E-05,19.602,0
1.3077,1.040665E-05,19.6155,0,1.3077,-3.021286E-06,19.6155,0
1.3086,-0.0001211871,19.629,0,1.3086,4.46479E-05,19.629,0
1.3095,-0.000348455,19.6425,0,1.3095,3.323415E-05,19.6425,0
1.3104,-0.0002007477,19.656,0,1.3104,3.961242E-05,19.656,0
1.3113,-3.021286E-06,19.6695,0,1.3113,-3.994812E-05,19.6695,0
1.3122,7.956054E-05,19.683,0,1.3122,-1.745632E-05,19.683,0
1.3131,6.109713E-05,19.6965,0,1.3131,1.040665E-05,19.6965,0
1.314,2.752728E-05,19.71,0,1.314,-3.121996E-05,19.71,0
1.3149,-1.678492E-06,19.7235,0,1.3149,-4.46479E-05,19.7235,0
1.3158,-0.0001121233,19.737,0,1.3158,-5.035477E-06,19.737,0
1.3167,-9.835965E-05,19.7505,0,1.3167,-2.28275E-05,19.7505,0
1.3176,-8.392462E-06,19.764,0,1.3176,-6.076142E-05,19.764,0
1.3185,4.46479E-05,19.7775,0,1.3185,3.155566E-05,19.7775,0
1.3194,8.392462E-05,19.791,0,1.3194,7.721065E-06,19.791,0
1.3203,3.591974E-05,19.8045,0,1.3203,-0.0001077592,19.8045,0
1.3212,9.634547E-05,19.818,0,1.3212,-8.996719E-05,19.818,0
1.3221,6.948959E-05,19.8315,0,1.3221,-7.150377E-05,19.8315,0
1.323,8.560311E-05,19.845,0,1.323,-7.821774E-05,19.845,0
1.3239,0.000158114,19.8585,0,1.3239,-0.0001289082,19.8585,0
1.3248,0.0001574426,19.872,0,1.3248,-0.0002692302,19.872,0
1.3257,0.0001040665,19.8855,0,1.3257,-0.0002970932,19.8855,0
1.3266,1.544213E-05,19.899,0,1.3266,-0.0002786297,19.899,0
1.3275,3.189136E-05,19.9125,0,1.3275,-0.000291722,19.9125,0
1.3284,-3.726253E-05,19.926,0,1.3284,-0.0001453574,19.926,0
1.3293,0,19.9395,0,1.3293,0.0001923552,19.9395,0
1.3302,-9.433127E-05,19.953,0,1.3302,0.0004387579,19.953,0
1.3311,-0.0001651637,19.9665,0,1.3311,0.0004625925,19.9665,0
1.332,-0.0002212253,19.98,0,1.332,0.0004307012,19.98,0
1.3329,-0.0001238727,19.9935,0,1.3329,0.0003205921,19.9935,0
1.3338,-5.941863E-05,20.007,0,1.3338,0.0001467002,20.007,0
1.3347,-5.706874E-06,20.0205,0,1.3347,8.89601E-05,20.0205,0
1.3356,4.229801E-05,20.034,0,1.3356,8.023193E-05,20.034,0
1.3365,-1.913481E-05,20.0475,0,1.3365,1.309224E-05,20.0475,0
1.3374,-2.014191E-06,20.061,0,1.3374,-3.457694E-05,20.061,0
1.3383,0.0001003738,20.0745,0,1.3383,-0.0001208515,20.0745,0
1.3392,-6.378271E-06,20.088,0,1.3392,-0.000102388,20.088,0
1.3401,-0.0001379721,20.1015,0,1.3401,-0.0001000381,20.1015,0
1.341,-0.0001315938,20.115,0,1.341,-0.0002104829,20.115,0
1.3419,-4.733349E-05,20.1285,0,1.3419,-0.0002517739,20.1285,0
1.3428,-2.24918E-05,20.142,0,1.3428,-0.0001503929,20.142,0
1.3437,-1.947051E-05,20.1555,0,1.3437,-4.867628E-05,20.1555,0
1.3446,1.644922E-05,20.169,0,1.3446,-2.786297E-05,20.169,0
1.3455,-3.256275E-05,20.1825,0,1.3455,6.076142E-05,20.1825,0
1.3464,-3.793393E-05,20.196,0,1.3464,0.000154757,20.196,0
1.3473,9.634547E-05,20.2095,0,1.3473,4.901198E-05,20.2095,0
1.3482,0.0001299153,20.223,0,1.3482,-7.956054E-05,20.223,0
1.3491,5.539025E-05,20.2365,0,1.3491,-6.51255E-05,20.2365,0
1.35,-3.256275E-05,20.25,0,1.35,-9.533837E-05,20.25,0
1.3509,-6.109713E-05,20.2635,0,1.3509,-9.567407E-05,20.2635,0
1.3518,-0.0001470359,20.277,0,1.3518,-7.754635E-05,20.277,0
1.3527,-4.800488E-05,20.2905,0,1.3527,-3.356985E-06,20.2905,0
1.3536,4.263371E-05,20.304,0,1.3536,3.121996E-05,20.304,0
1.3545,2.28275E-05,20.3175,0,1.3545,4.061952E-05,20.3175,0
1.3554,3.457694E-05,20.331,0,1.3554,3.994812E-05,20.331,0
1.3563,-8.392462E-06,20.3445,0,1.3563,5.438316E-05,20.3445,0
1.3572,-3.121996E-05,20.358,0,1.3572,-1.275654E-05,20.358,0
1.3581,-8.157473E-05,20.3715,0,1.3581,-7.956054E-05,20.3715,0
1.359,-9.903105E-05,20.385,0,1.359,-3.860533E-05,20.385,0
1.3599,-5.841154E-05,20.3985,0,1.3599,-4.129091E-05,20.3985,0
1.3608,5.035477E-06,20.412,0,1.3608,-9.433127E-05,20.412,0
1.3617,5.505455E-05,20.4255,0,1.3617,-7.653925E-05,20.4255,0
1.3626,7.687495E-05,20.439,0,1.3626,-3.390555E-05,20.439,0
1.3635,8.123904E-05,20.4525,0,1.3635,-7.956054E-05,20.4525,0
1.3644,0.0001406577,20.466,0,1.3644,-0.0001168231,20.466,0
1.3653,0.0001483787,20.4795,0,1.3653,-0.0002111543,20.4795,0
1.3662,1.107805E-05,20.493,0,1.3662,-0.0002074617,20.493,0
1.3671,-7.351797E-05,20.5065,0,1.3671,-0.0001319295,20.5065,0
1.368,-5.069047E-05,20.52,0,1.368,-5.941863E-05,20.52,0
1.3689,-1.712062E-05,20.5335,0,1.3689,-1.913481E-05,20.5335,0
1.3698,-9.365987E-05,20.547,0,1.3698,7.486076E-05,20.547,0
1.3707,-3.826963E-05,20.5605,0,1.3707,0.000218204,20.5605,0
1.3716,0.0001816129,20.574,0,1.3716,0.0001554284,20.574,0
1.3725,0.0004723278,20.5875,0,1.3725,0.0001628138,20.5875,0
1.3734,0.0004058595,20.601,0,1.3734,4.800488E-05,20.601,0
1.3743,3.692683E-05,20.6145,0,1.3743,-0.0001564355,20.6145,0
1.3752,-4.33051E-05,20.628,0,1.3752,-0.0001624781,20.628,0
1.3761,-0.0001493858,20.6415,0,1.3761,-0.0001433432,20.6415,0
1.377,-0.0004719921,20.655,0,1.377,-0.0001047379,20.655,0
1.3779,-0.0004599069,20.6685,0,1.3779,3.356985E-07,20.6685,0
1.3788,-0.0001077592,20.682,0,1.3788,0.0002185397,20.682,0
1.3797,-3.826963E-05,20.6955,0,1.3797,0.000164828,20.6955,0
1.3806,2.752728E-05,20.709,0,1.3806,-6.411841E-05,20.709,0
1.3815,0.0002306248,20.7225,0,1.3815,-0.0001426719,20.7225,0
1.3824,0.000327306,20.736,0,1.3824,-5.975433E-05,20.736,0
1.3833,0.0001500572,20.7495,0,1.3833,4.49836E-05,20.7495,0
1.3842,-2.21561E-05,20.763,0,1.3842,3.289845E-05,20.763,0
1.3851,-0.0001802701,20.7765,0,1.3851,2.014191E-06,20.7765,0
1.386,-0.0003773251,20.79,0,1.386,0.0001712062,20.79,0
1.3869,-0.0004065309,20.8035,0,1.3869,0.0002084688,20.8035,0
1.3878,-0.0001738918,20.817,0,1.3878,7.016098E-05,20.817,0
1.3887,-0.0001379721,20.8305,0,1.3887,5.740444E-05,20.8305,0
1.3896,-6.344701E-05,20.844,0,1.3896,1.812772E-05,20.844,0
1.3905,8.82887E-05,20.8575,0,1.3905,-2.920577E-05,20.8575,0
1.3914,0.000172549,20.871,0,1.3914,-4.867628E-05,20.871,0
1.3923,0.0001654994,20.8845,0,1.3923,-0.0001453574,20.8845,0
1.3932,8.560311E-05,20.898,0,1.3932,-0.0001443503,20.898,0
1.3941,-4.46479E-05,20.9115,0,1.3941,-7.217517E-05,20.9115,0
1.395,-0.0001594568,20.925,0,1.395,-0.0001258869,20.925,0
1.3959,-0.0001577783,20.9385,0,1.3959,-0.0001060807,20.9385,0
1.3968,-0.0001017166,20.952,0,1.3968,6.54612E-05,20.952,0
1.3977,2.1149E-05,20.9655,0,1.3977,7.183947E-05,20.9655,0
1.3986,0.0001802701,20.979,0,1.3986,-2.349889E-06,20.979,0
1.3995,0.000235996,20.9925,0,1.3995,-2.584878E-05,20.9925,0
1.4004,0.0004468147,21.006,0,1.4004,-0.0001467002,21.006,0
1.4013,0.0005763943,21.0195,0,1.4013,-0.000249424,21.0195,0
1.4022,0.0004401007,21.033,0,1.4022,-0.0002165255,21.033,0
1.4031,0.0001789273,21.0465,0,1.4031,-0.0001074235,21.0465,0
1.404,-8.795301E-05,21.06,0,1.404,1.577783E-05,21.06,0
1.4049,-0.000341741,21.0735,0,1.4049,0.0001218585,21.0735,0
1.4058,-0.0008113832,21.087,0,1.4058,7.989624E-05,21.087,0
1.4067,-0.0007237659,21.1005,0,1.4067,0.0001084306,21.1005,0
1.4076,-0.0003236133,21.114,0,1.4076,0.0001148089,21.114,0
1.4085,-9.970245E-05,21.1275,0,1.4085,8.426032E-05,21.1275,0
1.4094,-5.941863E-05,21.141,0,1.4094,2.21561E-05,21.141,0
1.4103,-2.484169E-05,21.1545,0,1.4103,4.49836E-05,21.1545,0
1.4112,2.24918E-05,21.168,0,1.4112,-1.007095E-06,21.168,0
1.4121,7.721065E-06,21.1815,0,1.4121,-0.0001030594,21.1815,0
1.413,3.524834E-05,21.195,0,1.413,-2.719158E-05,21.195,0
1.4139,1.980621E-05,21.2085,0,1.4139,-3.356985E-07,21.2085,0
1.4148,-2.18204E-05,21.222,0,1.4148,-8.96315E-05,21.222,0
1.4157,3.256275E-05,21.2355,0,1.4157,-0.0001107805,21.2355,0
1.4166,8.560311E-05,21.249,0,1.4166,-0.0001292439,21.249,0
1.4175,0.0001849699,21.2625,0,1.4175,-0.0001591211,21.2625,0
1.4184,0.0002420386,21.276,0,1.4184,-0.0001238727,21.276,0
1.4193,0.0002410315,21.2895,0,1.4193,-0.000102388,21.2895,0
1.4202,0.0001789273,21.303,0,1.4202,-4.33051E-05,21.303,0
1.4211,0.0001782559,21.3165,0,1.4211,2.719158E-05,21.3165,0
1.422,6.243992E-05,21.33,0,1.422,-0.000105745,21.33,0
1.4229,-0.0001131304,21.3435,0,1.4229,-0.0002057832,21.3435,0
1.4238,-0.0001567712,21.357,0,1.4238,-0.0001101091,21.357,0
1.4247,-6.478981E-05,21.3705,0,1.4247,5.136187E-05,21.3705,0
1.4256,6.042573E-06,21.384,0,1.4256,4.43122E-05,21.384,0
1.4265,9.567407E-05,21.3975,0,1.4265,7.956054E-05,21.3975,0
1.4274,0.0001483787,21.411,0,1.4274,0.0001775845,21.411,0
1.4283,5.337606E-05,21.4245,0,1.4283,7.150377E-05,21.4245,0
1.4292,-2.484169E-05,21.438,0,1.4292,-9.399558E-06,21.438,0
1.4301,-0.0001144732,21.4515,0,1.4301,1.846342E-05,21.4515,0
1.431,-0.0002098116,21.465,0,1.431,1.913481E-05,21.465,0
1.4319,-0.0001765774,21.4785,0,1.4319,0.0001218585,21.4785,0
1.4328,-6.143282E-05,21.492,0,1.4328,0.0001440146,21.492,0
1.4337,1.242084E-05,21.5055,0,1.4337,0.0001000381,21.5055,0
1.4346,6.378271E-06,21.519,0,1.4346,0.0001144732,21.519,0
1.4355,-6.042573E-06,21.5325,0,1.4355,9.198138E-05,21.5325,0
1.4364,-1.577783E-05,21.546,0,1.4364,2.853437E-05,21.546,0
1.4373,-1.846342E-05,21.5595,0,1.4373,7.385367E-06,21.5595,0
1.4382,-4.934768E-05,21.573,0,1.4382,-0.0002138399,21.573,0
1.4391,-3.289845E-05,21.5865,0,1.4391,-0.0004155947,21.5865,0
1.44,7.721065E-06,21.6,0,1.44,-0.0003299916,21.6,0
1.4409,-1.846342E-05,21.6135,0,1.4409,-0.0002161898,21.6135,0
1.4418,-2.24918E-05,21.627,0,1.4418,-0.000161471,21.627,0
1.4427,-2.551309E-05,21.6405,0,1.4427,5.606165E-05,21.6405,0
1.4436,4.733349E-05,21.654,0,1.4436,0.0004441291,21.654,0
1.4445,3.021286E-06,21.6675,0,1.4445,0.0004897841,21.6675,0
1.4454,-2.081331E-05,21.681,0,1.4454,0.0002010834,21.681,0
1.4463,2.887007E-05,21.6945,0,1.4463,1.678492E-06,21.6945,0
1.4472,8.728161E-06,21.708,0,1.4472,-1.745632E-05,21.708,0
1.4481,3.021286E-06,21.7215,0,1.4481,-9.063859E-06,21.7215,0
1.449,0.0001097734,21.735,0,1.449,-3.424125E-05,21.735,0
1.4499,0.0001436789,21.7485,0,1.4499,-7.687495E-05,21.7485,0
1.4508,0.0001010452,21.762,0,1.4508,-2.316319E-05,21.762,0
1.4517,0.0001607996,21.7755,0,1.4517,-6.277562E-05,21.7755,0
1.4526,0.0001440146,21.789,0,1.4526,-0.0001923552,21.789,0
1.4535,5.371176E-06,21.8025,0,1.4535,-0.0002756084,21.8025,0
1.4544,2.652018E-05,21.816,0,1.4544,-0.0003635614,21.816,0
1.4553,9.500267E-05,21.8295,0,1.4553,-0.0003850462,21.8295,0
1.4562,-0.0001148089,21.843,0,1.4562,-0.0002061189,21.843,0
1.4571,-0.0003054856,21.8565,0,1.4571,1.174945E-05,21.8565,0
1.458,-0.0002192111,21.87,0,1.458,0.0002695659,21.87,0
1.4589,-8.123904E-05,21.8835,0,1.4589,0.0004723278,21.8835,0
1.4598,2.349889E-05,21.897,0,1.4598,0.0001977264,21.897,0
1.4607,-1.712062E-05,21.9105,0,1.4607,6.54612E-05,21.9105,0
1.4616,3.994812E-05,21.924,0,1.4616,4.196231E-05,21.924,0
1.4625,7.486076E-05,21.9375,0,1.4625,-2.316319E-05,21.9375,0
1.4634,-8.224613E-05,21.951,0,1.4634,-8.459602E-05,21.951,0
1.4643,-0.0001342794,21.9645,0,1.4643,-1.745632E-05,21.9645,0
1.4652,-0.0001836271,21.978,0,1.4652,-2.21561E-05,21.978,0
1.4661,2.752728E-05,21.9915,0,1.4661,-9.097429E-05,21.9915,0
1.467,0.0001534142,22.005,0,1.467,-1.309224E-05,22.005,0
1.4679,-9.063859E-06,22.0185,0,1.4679,-0.0001628138,22.0185,0
1.4688,5.270466E-05,22.032,0,1.4688,-0.0002772869,22.032,0
1.4697,3.189136E-05,22.0455,0,1.4697,-0.0002756084,22.0455,0
1.4706,-5.337606E-05,22.059,0,1.4706,-0.0002034333,22.059,0
1.4715,-7.016098E-05,22.0725,0,1.4715,-6.076142E-05,22.0725,0
1.4724,-3.524834E-05,22.086,0,1.4724,7.016098E-05,22.086,0
1.4733,-0.0001154803,22.0995,0,1.4733,0.0001453574,22.0995,0
1.4742,-0.0002658732,22.113,0,1.4742,0.0001701991,22.113,0
1.4751,-0.0002588235,22.1265,0,1.4751,0.000112459,22.1265,0
1.476,-0.00018262,22.14,0,1.476,0.0001299153,22.14,0
1.4769,-4.229801E-05,22.1535,0,1.4769,0.0001017166,22.1535,0
1.4778,6.411841E-05,22.167,0,1.4778,0.000102388,22.167,0
1.4787,0.0001174945,22.1805,0,1.4787,1.007095E-06,22.1805,0
1.4796,0.0001164874,22.194,0,1.4796,-0.0001282368,22.194,0
1.4805,1.376364E-05,22.2075,0,1.4805,-5.471885E-05,22.2075,0
1.4814,6.243992E-05,22.221,0,1.4814,-1.611353E-05,22.221,0
1.4823,9.802396E-05,22.2345,0,1.4823,-6.378271E-05,22.2345,0
1.4832,7.989624E-05,22.248,0,1.4832,-2.081331E-05,22.248,0
1.4841,6.277562E-05,22.2615,0,1.4841,9.298848E-05,22.2615,0
1.485,3.860533E-05,22.275,0,1.485,0.0001564355,22.275,0
1.4859,0.0001795987,22.2885,0,1.4859,4.901198E-05,22.2885,0
1.4868,0.0002077974,22.302,0,1.4868,-0.0001017166,22.302,0
1.4877,5.203327E-05,22.3155,0,1.4877,-8.191043E-05,22.3155,0
1.4886,3.692683E-06,22.329,0,1.4886,-0.0001131304,22.329,0
1.4895,0.0001178302,22.3425,0,1.4895,-0.0001930266,22.3425,0
1.4904,0.0002178683,22.356,0,1.4904,-0.0002665446,22.356,0
1.4913,0.0001641566,22.3695,0,1.4913,-0.0002497597,22.3695,0
1.4922,0.0002111543,22.383,0,1.4922,-0.0002198825,22.383,0
1.4931,4.061952E-05,22.3965,0,1.4931,-0.0001228656,22.3965,0
1.494,-0.0004518502,22.41,0,1.494,9.298848E-05,22.41,0
1.4949,-0.0006186923,22.4235,0,1.4949,0.0001386435,22.4235,0
1.4958,-0.0002732586,22.437,0,1.4958,0.0001601282,22.437,0
1.4967,-0.0002474098,22.4505,0,1.4967,0.0002353246,22.4505,0
1.4976,-0.0001718776,22.464,0,1.4976,0.000197055,22.464,0
1.4985,-4.36408E-06,22.4775,0,1.4985,7.620356E-05,22.4775,0
1.4994,4.129091E-05,22.491,0,1.4994,0.0001171588,22.491,0
1.5003,3.155566E-05,22.5045,0,1.5003,5.035477E-06,22.5045,0
1.5012,3.927672E-05,22.518,0,1.5012,-2.316319E-05,22.518,0
1.5021,9.634547E-05,22.5315,0,1.5021,-0.0001453574,22.5315,0
1.503,6.277562E-05,22.545,0,1.503,-0.0003880674,22.545,0
1.5039,8.72816E-05,22.5585,0,1.5039,-0.0005089189,22.5585,0
1.5048,0.0001097734,22.572,0,1.5048,-0.0004112306,22.572,0
1.5057,-4.36408E-06,22.5855,0,1.5057,-0.0001806058,22.5855,0
1.5066,-0.0001111162,22.599,0,1.5066,-1.644922E-05,22.599,0
1.5075,-0.000197055,22.6125,0,1.5075,0.0003635614,22.6125,0
1.5084,-0.0001161517,22.626,0,1.5084,0.0004132448,22.626,0
1.5093,-0.0001248798,22.6395,0,1.5093,0.0003333486,22.6395,0
1.5102,-9.634547E-05,22.653,0,1.5102,0.0002897078,22.653,0
1.5111,5.874724E-05,22.6665,0,1.5111,0.0001712062,22.6665,0
1.512,0.0001715419,22.68,0,1.512,4.666209E-05,22.68,0
1.5129,0.0001258869,22.6935,0,1.5129,-1.007095E-05,22.6935,0
1.5138,6.54612E-05,22.707,0,1.5138,-6.344701E-05,22.707,0
1.5147,4.061952E-05,22.7205,0,1.5147,-0.0001252155,22.7205,0
1.5156,0.0001138018,22.734,0,1.5156,-0.0001916838,22.734,0
1.5165,0.0001926909,22.7475,0,1.5165,-0.0002329748,22.7475,0
1.5174,0.0001983978,22.761,0,1.5174,-0.0002178683,22.761,0
1.5183,0.0001849699,22.7745,0,1.5183,-7.956054E-05,22.7745,0
1.5192,5.035477E-05,22.788,0,1.5192,-5.371176E-06,22.788,0
1.5201,1.443504E-05,22.8015,0,1.5201,1.342794E-05,22.8015,0
1.521,0.0001339437,22.815,0,1.521,0.000148043,22.815,0
1.5219,0.0001228656,22.8285,0,1.5219,0.0002286107,22.8285,0
1.5228,-1.107805E-05,22.842,0,1.5228,0.0001359579,22.842,0
1.5237,-0.0001319295,22.8555,0,1.5237,4.229801E-05,22.8555,0
1.5246,1.644922E-05,22.869,0,1.5246,1.913481E-05,22.869,0
1.5255,4.766919E-05,22.8825,0,1.5255,6.713969E-06,22.8825,0
1.5264,-0.0001782559,22.896,0,1.5264,-2.383459E-05,22.896,0
1.5273,-0.0001537499,22.9095,0,1.5273,-8.493171E-05,22.9095,0
1.5282,-8.627451E-05,22.923,0,1.5282,-5.404745E-05,22.923,0
1.5291,-0.0002380102,22.9365,0,1.5291,-4.36408E-05,22.9365,0
1.53,2.28275E-05,22.95,0,1.53,-6.478981E-05,22.95,0
1.5309,0.0001188373,22.9635,0,1.5309,-8.358892E-05,22.9635,0
1.5318,-8.123904E-05,22.977,0,1.5318,-1.644922E-05,22.977,0
1.5327,-0.0002621805,22.9905,0,1.5327,-3.860533E-05,22.9905,0
1.5336,-0.0002688945,23.004,0,1.5336,-0.0002769512,23.004,0
1.5345,-0.0002500954,23.0175,0,1.5345,-0.0004172732,23.0175,0
1.5354,-0.0002051118,23.031,0,1.5354,-0.0004897841,23.031,0
1.5363,-0.0001070878,23.0445,0,1.5363,-0.0005058976,23.0445,0
1.5372,-6.74754E-05,23.058,0,1.5372,-0.0002920577,23.058,0
1.5381,-6.51255E-05,23.0715,0,1.5381,4.53193E-05,23.0715,0
1.539,0.0001003738,23.085,0,1.539,0.0004629282,23.085,0
1.5399,0.0001245441,23.0985,0,1.5399,0.0005958648,23.0985,0
1.5408,7.083238E-05,23.112,0,1.5408,0.0003884031,23.112,0
1.5417,0.0001030594,23.1255,0,1.5417,0.0003001145,23.1255,0
1.5426,0.000161471,23.139,0,1.5426,0.0001607996,23.139,0
1.5435,0.0001242084,23.1525,0,1.5435,7.385367E-06,23.1525,0
1.5444,7.855344E-05,23.166,0,1.5444,-0.0001148089,23.166,0
1.5453,0.0001450217,23.1795,0,1.5453,-0.0001027237,23.1795,0
1.5462,6.6804E-05,23.193,0,1.5462,-0.0001138018,23.193,0
1.5471,-0.0001215228,23.2065,0,1.5471,-0.0001154803,23.2065,0
1.548,-6.076142E-05,23.22,0,1.548,2.383459E-05,23.22,0
1.5489,3.726253E-05,23.2335,0,1.5489,0.0001077592,23.2335,0
1.5498,-1.376364E-05,23.247,0,1.5498,7.721065E-05,23.247,0
1.5507,-4.36408E-06,23.2605,0,1.5507,-3.390555E-05,23.2605,0
1.5516,8.795301E-05,23.274,0,1.5516,-8.89601E-05,23.274,0
1.5525,2.349889E-06,23.2875,0,1.5525,-5.136187E-05,23.2875,0
1.5534,1.678492E-06,23.301,0,1.5534,-3.356985E-07,23.301,0
1.5543,0.0001769131,23.3145,0,1.5543,1.577783E-05,23.3145,0
1.5552,0.0001806058,23.328,0,1.5552,1.141375E-05,23.328,0
1.5561,0.0001738918,23.3415,0,1.5561,8.224613E-05,23.3415,0
1.557,0.0002064546,23.355,0,1.557,6.6804E-05,23.355,0
1.5579,3.524834E-05,23.3685,0,1.5579,-9.970245E-05,23.3685,0
1.5588,-9.869535E-05,23.382,0,1.5588,-0.0001896696,23.382,0
1.5597,-0.0002252537,23.3955,0,1.5597,-0.0003148852,23.3955,0
1.5606,-0.000337377,23.409,0,1.5606,-0.0004166018,23.409,0
1.5615,-0.0003011215,23.4225,0,1.5615,-0.0003662471,23.4225,0
1.5624,-0.0001010452,23.436,0,1.5624,-0.0003256275,23.436,0
1.5633,-1.443504E-05,23.4495,0,1.5633,-0.0001594568,23.4495,0
1.5642,9.063859E-06,23.463,0,1.5642,0.0001916838,23.463,0
1.5651,9.198138E-05,23.4765,0,1.5651,0.0003800107,23.4765,0
1.566,0.0002789654,23.49,0,1.566,0.0004092164,23.49,0
1.5669,0.0002729229,23.5035,0,1.5669,0.0004333867,23.5035,0
1.5678,0.0001285725,23.517,0,1.5678,0.0002084688,23.517,0
1.5687,-4.162661E-05,23.5305,0,1.5687,-2.786297E-05,23.5305,0
1.5696,-0.0004192874,23.544,0,1.5696,-0.0001990692,23.544,0
1.5705,-0.0005884795,23.5575,0,1.5705,-0.0002175326,23.5575,0
1.5714,-0.0002544594,23.571,0,1.5714,-0.000164828,23.571,0
1.5723,-5.304036E-05,23.5845,0,1.5723,-1.141375E-05,23.5845,0
1.5732,2.652018E-05,23.598,0,1.5732,0.0002611734,23.598,0
1.5741,0.000109102,23.6115,0,1.5741,0.0002457313,23.6115,0
1.575,3.927672E-05,23.625,0,1.575,0.0001232013,23.625,0
1.5759,0.0001856413,23.6385,0,1.5759,2.618448E-05,23.6385,0
1.5768,0.0001171588,23.652,0,1.5768,-5.874724E-05,23.652,0
1.5777,-4.061952E-05,23.6655,0,1.5777,-4.599069E-05,23.6655,0
1.5786,-6.6804E-05,23.679,0,1.5786,-7.486076E-05,23.679,0
1.5795,-0.0002074617,23.6925,0,1.5795,-0.0001332723,23.6925,0
1.5804,-0.0002564736,23.706,0,1.5804,-0.000148043,23.706,0
1.5813,-0.0002104829,23.7195,0,1.5813,-0.000252781,23.7195,0
1.5822,-5.774014E-05,23.733,0,1.5822,-0.0001836271,23.733,0
1.5831,0.0001295796,23.7465,0,1.5831,-6.78111E-05,23.7465,0
1.584,0.0002265965,23.76,0,1.584,-1.913481E-05,23.76,0
1.5849,0.0002185397,23.7735,0,1.5849,-7.721065E-06,23.7735,0
1.5858,0.0001671778,23.787,0,1.5858,0.0001406577,23.787,0
1.5867,0.0001487144,23.8005,0,1.5867,5.673304E-05,23.8005,0
1.5876,0.0001795987,23.814,0,1.5876,-4.867628E-05,23.814,0
1.5885,0.0002507668,23.8275,0,1.5885,4.129091E-05,23.8275,0
1.5894,0.0002628519,23.841,0,1.5894,-1.376364E-05,23.841,0
1.5903,0.0002276036,23.8545,0,1.5903,-0.0001332723,23.8545,0
1.5912,4.733349E-05,23.868,0,1.5912,-9.164568E-05,23.868,0
1.5921,-0.0003749752,23.8815,0,1.5921,-3.457694E-05,23.8815,0
1.593,-0.0004354009,23.895,0,1.593,-6.109713E-05,23.895,0
1.5939,-0.0001782559,23.9085,0,1.5939,-1.309224E-05,23.9085,0
1.5948,0.0001420005,23.922,0,1.5948,7.721065E-05,23.922,0
1.5957,0.0002353246,23.9355,0,1.5957,8.023193E-05,23.9355,0
1.5966,2.24918E-05,23.949,0,1.5966,-9.701686E-05,23.949,0
1.5975,-0.0001987335,23.9625,0,1.5975,-0.0002621805,23.9625,0
1.5984,-0.0002628519,23.976,0,1.5984,-0.0002715801,23.976,0
1.5993,-0.0003860533,23.9895,0,1.5993,-0.000189334,23.9895,0
1.6002,-0.0003074998,24.003,0,1.6002,-7.956054E-05,24.003,0
1.6011,-0.000119173,24.0165,0,1.6011,-1.342794E-06,24.0165,0
1.602,-5.471885E-05,24.03,0,1.602,0.0001168231,24.03,0
1.6029,4.699779E-06,24.0435,0,1.6029,0.0001416648,24.0435,0
1.6038,0.0001201801,24.057,0,1.6038,8.023193E-05,24.057,0
1.6047,0.0001174945,24.0705,0,1.6047,9.332418E-05,24.0705,0
1.6056,0.0001033951,24.084,0,1.6056,0.0001661708,24.084,0
1.6065,0.0002447242,24.0975,0,1.6065,0.0001097734,24.0975,0
1.6074,0.0003078355,24.111,0,1.6074,-0.0001104448,24.111,0
1.6083,0.0002343175,24.1245,0,1.6083,-0.0002635233,24.1245,0
1.6092,0.0001930266,24.138,0,1.6092,-0.0002064546,24.138,0
1.6101,-4.129091E-05,24.1515,0,1.6101,-6.915389E-05,24.1515,0
1.611,-0.0003353628,24.165,0,1.611,0.0001104448,24.165,0
1.6119,-0.0002101472,24.1785,0,1.6119,0.000179263,24.1785,0
1.6128,-0.0001913481,24.192,0,1.6128,0.0002296178,24.192,0
1.6137,-0.0001084306,24.2055,0,1.6137,7.351797E-05,24.2055,0
1.6146,-3.894102E-05,24.219,0,1.6146,-0.0001262226,24.219,0
1.6155,1.577783E-05,24.2325,0,1.6155,-6.814679E-05,24.2325,0
1.6164,9.600977E-05,24.246,0,1.6164,-4.666209E-05,24.246,0
1.6173,8.426032E-05,24.2595,0,1.6173,-0.0001671778,24.2595,0
1.6182,5.874724E-05,24.273,0,1.6182,-0.0002403601,24.273,0
1.6191,1.913481E-05,24.2865,0,1.6191,-0.0001916838,24.2865,0
1.62,-9.063859E-06,24.3,0,1.62,-0.0002732586,24.3,0
1.6209,-5.035477E-06,24.3135,0,1.6209,-0.0002047761,24.3135,0
1.6218,4.196231E-05,24.327,0,1.6218,0.0001514,24.327,0
1.6227,3.390555E-05,24.3405,0,1.6227,0.0004669566,24.3405,0
1.6236,8.661021E-05,24.354,0,1.6236,0.0003904173,24.354,0
1.6245,9.365987E-05,24.3675,0,1.6245,0.0002695659,24.3675,0
1.6254,6.74754E-05,24.381,0,1.6254,0.0001641566,24.381,0
1.6263,5.505455E-05,24.3945,0,1.6263,8.69459E-05,24.3945,0
1.6272,1.712062E-05,24.408,0,1.6272,1.846342E-05,24.408,0
1.6281,-4.061952E-05,24.4215,0,1.6281,-8.224613E-05,24.4215,0
1.629,1.577783E-05,24.435,0,1.629,-2.450599E-05,24.435,0
1.6299,-2.24918E-05,24.4485,0,1.6299,-5.438316E-05,24.4485,0
1.6308,4.36408E-06,24.462,0,1.6308,-9.768826E-05,24.462,0
1.6317,0.0001527428,24.4755,0,1.6317,-0.0001299153,24.4755,0
1.6326,4.800488E-05,24.489,0,1.6326,-8.795301E-05,24.489,0
1.6335,-0.0001084306,24.5025,0,1.6335,6.74754E-05,24.5025,0
1.6344,-5.471885E-05,24.516,0,1.6344,0.0001305867,24.516,0
1.6353,0.000235996,24.5295,0,1.6353,6.109713E-05,24.5295,0
1.6362,0.000337377,24.543,0,1.6362,-3.356985E-06,24.543,0
1.6371,0.0001789273,24.5565,0,1.6371,-8.96315E-05,24.5565,0
1.638,-1.980621E-05,24.57,0,1.638,-0.0001527428,24.57,0
1.6389,-0.0003743038,24.5835,0,1.6389,-0.0002027619,24.5835,0
1.6398,-0.0005163043,24.597,0,1.6398,-0.0001101091,24.597,0
1.6407,-0.0003172351,24.6105,0,1.6407,-3.692683E-06,24.6105,0
1.6416,-0.0001386435,24.624,0,1.6416,-5.941863E-05,24.624,0
1.6425,1.242084E-05,24.6375,0,1.6425,-1.644922E-05,24.6375,0
1.6434,7.754635E-05,24.651,0,1.6434,1.812772E-05,24.651,0
1.6443,2.954147E-05,24.6645,0,1.6443,-9.097429E-05,24.6645,0
1.6452,-2.652018E-05,24.678,0,1.6452,-0.0001144732,24.678,0
1.6461,-8.996719E-05,24.6915,0,1.6461,-0.0001722133,24.6915,0
1.647,-0.0001312581,24.705,0,1.647,-0.0002615091,24.705,0
1.6479,-1.846342E-05,24.7185,0,1.6479,-0.000249424,24.7185,0
1.6488,-8.191043E-05,24.732,0,1.6488,-0.0002014191,24.732,0
1.6497,-9.701686E-05,24.7455,0,1.6497,3.323415E-05,24.7455,0
1.6506,-0.000115816,24.759,0,1.6506,0.0002007477,24.759,0
1.6515,5.706874E-06,24.7725,0,1.6515,0.0001668421,24.7725,0
1.6524,2.1149E-05,24.786,0,1.6524,8.090334E-05,24.786,0
1.6533,6.378271E-06,24.7995,0,1.6533,1.712062E-05,24.7995,0
1.6542,0.000235996,24.813,0,1.6542,-4.43122E-05,24.813,0
1.6551,0.0003179065,24.8265,0,1.6551,-0.0001822843,24.8265,0
1.656,0.0002601663,24.84,0,1.656,-0.0001195087,24.84,0
1.6569,1.275654E-05,24.8535,0,1.6569,3.927672E-05,24.8535,0
1.6578,-4.196231E-05,24.867,0,1.6578,0.0001114519,24.867,0
1.6587,-0.0002054475,24.8805,0,1.6587,0.0001957122,24.8805,0
1.6596,-0.0003716182,24.894,0,1.6596,0.0001661708,24.894,0
1.6605,-0.0003252918,24.9075,0,1.6605,1.107805E-05,24.9075,0
1.6614,-0.0002098116,24.921,0,1.6614,-3.356985E-05,24.921,0
1.6623,-1.342794E-06,24.9345,0,1.6623,-8.761731E-05,24.9345,0
1.6632,-2.047761E-05,24.948,0,1.6632,-0.0001376364,24.948,0
1.6641,-2.853437E-05,24.9615,0,1.6641,-4.39765E-05,24.9615,0
1.665,4.229801E-05,24.975,0,1.665,-6.042573E-05,24.975,0
1.6659,-3.356985E-07,24.9885,0,1.6659,-0.0001470359,24.9885,0
1.6668,0.0001681849,25.002,0,1.6668,-4.263371E-05,25.002,0
1.6677,0.0003246204,25.0155,0,1.6677,0.0001164874,25.0155,0
1.6686,0.0004159304,25.029,0,1.6686,0.0001097734,25.029,0
1.6695,0.0005475243,25.0425,0,1.6695,0.0001493858,25.0425,0
1.6704,0.0002944076,25.056,0,1.6704,0.0001460288,25.056,0
1.6713,-0.0001782559,25.0695,0,1.6713,2.349889E-06,25.0695,0
1.6722,-0.0002091402,25.083,0,1.6722,-2.18204E-05,25.083,0
1.6731,-0.0003346914,25.0965,0,1.6731,1.007095E-06,25.0965,0
1.674,9.063859E-06,25.11,0,1.674,-7.049668E-06,25.11,0
1.6749,-0.000112459,25.1235,0,1.6749,-5.035477E-05,25.1235,0
1.6758,-0.0002957504,25.137,0,1.6758,-0.0001295796,25.137,0
1.6767,-0.0002118257,25.1505,0,1.6767,-0.0001198444,25.1505,0
1.6776,-0.0002192111,25.164,0,1.6776,-0.0001540856,25.164,0
1.6785,-0.0001366293,25.1775,0,1.6785,-7.251087E-05,25.1775,0
1.6794,-6.076142E-05,25.191,0,1.6794,1.174945E-05,25.191,0
1.6803,7.016098E-05,25.2045,0,1.6803,8.258183E-05,25.2045,0
1.6812,0.0001285725,25.218,0,1.6812,0.000115816,25.218,0
1.6821,5.807584E-05,25.2315,0,1.6821,4.263371E-05,25.2315,0
1.683,3.189136E-05,25.245,0,1.683,0.000105745,25.245,0
1.6839,-6.243992E-05,25.2585,0,1.6839,2.853437E-05,25.2585,0
1.6848,0.0001567712,25.272,0,1.6848,-0.0001889983,25.272,0
1.6857,0.0002232395,25.2855,0,1.6857,-0.0002662089,25.2855,0
1.6866,0.0001534142,25.299,0,1.6866,-0.000172549,25.299,0
1.6875,-6.915389E-05,25.3125,0,1.6875,-6.915389E-05,25.3125,0
1.6884,-0.0001920195,25.326,0,1.6884,6.74754E-05,25.326,0
1.6893,-0.0001574426,25.3395,0,1.6893,0.0001806058,25.3395,0
1.6902,-0.0002161898,25.353,0,1.6902,9.701686E-05,25.353,0
1.6911,-1.409934E-05,25.3665,0,1.6911,-3.591974E-05,25.3665,0
1.692,0.000102388,25.38,0,1.692,-8.560311E-05,25.38,0
1.6929,3.726253E-05,25.3935,0,1.6929,-0.0001144732,25.3935,0
1.6938,-2.853437E-05,25.407,0,1.6938,-8.224613E-05,25.407,0
1.6947,5.069047E-05,25.4205,0,1.6947,1.309224E-05,25.4205,0
1.6956,3.826963E-05,25.434,0,1.6956,-6.378271E-06,25.434,0
1.6965,5.035477E-06,25.4475,0,1.6965,3.692683E-06,25.4475,0
1.6974,3.692683E-05,25.461,0,1.6974,-1.712062E-05,25.461,0
1.6983,-5.774014E-05,25.4745,0,1.6983,-1.309224E-05,25.4745,0
1.6992,-0.000164828,25.488,0,1.6992,-9.869535E-05,25.488,0
1.7001,-8.627451E-05,25.5015,0,1.7001,-7.284657E-05,25.5015,0
1.701,0.0001054093,25.515,0,1.701,-3.860533E-05,25.515,0
1.7019,0.0001671778,25.5285,0,1.7019,-0.0001044022,25.5285,0
1.7028,0.0001148089,25.542,0,1.7028,-0.0002289464,25.542,0
1.7037,0.0001151446,25.5555,0,1.7037,-0.0002618448,25.5555,0
1.7046,5.673304E-05,25.569,0,1.7046,-0.0002860151,25.569,0
1.7055,-6.478981E-05,25.5825,0,1.7055,-0.0002312963,25.5825,0
1.7064,-2.484169E-05,25.596,0,1.7064,-9.030289E-05,25.596,0
1.7073,9.231708E-05,25.6095,0,1.7073,0.0001876554,25.6095,0
1.7082,5.069047E-05,25.623,0,1.7082,0.0004434577,25.623,0
1.7091,0.0001221943,25.6365,0,1.7091,0.000200412,25.6365,0
1.71,9.701686E-05,25.65,0,1.71,-1.342794E-06,25.65,0
1.7109,-8.761731E-05,25.6635,0,1.7109,1.309224E-05,25.6635,0
1.7118,-7.721065E-05,25.677,0,1.7118,2.719158E-05,25.677,0
1.7127,4.901198E-05,25.6905,0,1.7127,4.901198E-05,25.6905,0
1.7136,2.047761E-05,25.704,0,1.7136,0.0003605402,25.704,0
1.7145,-1.007095E-05,25.7175,0,1.7145,0.0005280537,25.7175,0
1.7154,-0.0002232395,25.731,0,1.7154,0.0002930648,25.731,0
1.7163,-0.0001836271,25.7445,0,1.7163,9.164568E-05,25.7445,0
1.7172,0.0001510643,25.758,0,1.7172,8.090334E-05,25.758,0
1.7181,6.6804E-05,25.7715,0,1.7181,1.510643E-05,25.7715,0
1.719,-7.083238E-05,25.785,0,1.719,-0.000115816,25.785,0
1.7199,-7.620356E-05,25.7985,0,1.7199,-0.0001816129,25.7985,0
1.7208,2.652018E-05,25.812,0,1.7208,-0.0001148089,25.812,0
1.7217,5.035477E-05,25.8255,0,1.7217,-0.0001644923,25.8255,0
1.7226,7.284657E-05,25.839,0,1.7226,-0.0002581521,25.839,0
1.7235,-9.399558E-06,25.8525,0,1.7235,-0.0001742275,25.8525,0
1.7244,-1.376364E-05,25.866,0,1.7244,-9.030289E-05,25.866,0
1.7253,-0.0001470359,25.8795,0,1.7253,-0.0001305867,25.8795,0
1.7262,-7.821774E-05,25.893,0,1.7262,4.263371E-05,25.893,0
1.7271,1.577783E-05,25.9065,0,1.7271,0.0001138018,25.9065,0
1.728,0.0002423743,25.92,0,1.728,-0.0001114519,25.92,0
1.7289,0.0004360723,25.9335,0,1.7289,-0.000228275,25.9335,0
1.7298,0.0001675135,25.947,0,1.7298,-0.0002762798,25.947,0
1.7307,-0.0001537499,25.9605,0,1.7307,-0.0002480812,25.9605,0
1.7316,-0.0001722133,25.974,0,1.7316,-0.0001483787,25.974,0
1.7325,-0.0004035096,25.9875,0,1.7325,-0.0001040665,25.9875,0
1.7334,-0.0005116045,26.001,0,1.7334,-0.000327306,26.001,0
1.7343,-0.0001718776,26.0145,0,1.7343,-0.0001426719,26.0145,0
1.7352,-9.970245E-05,26.028,0,1.7352,2.920577E-05,26.028,0
1.7361,-9.298848E-05,26.0415,0,1.7361,0.0001040665,26.0415,0
1.737,-8.224613E-05,26.055,0,1.737,0.0002574807,26.055,0
1.7379,-0.0001943694,26.0685,0,1.7379,0.0004622568,26.0685,0
1.7388,-1.879912E-05,26.082,0,1.7388,0.0004307012,26.082,0
1.7397,0.0002856794,26.0955,0,1.7397,0.0001554284,26.0955,0
1.7406,0.0003642329,26.109,0,1.7406,-9.802396E-05,26.109,0
1.7415,0.0003672541,26.1225,0,1.7415,-0.0002826581,26.1225,0
1.7424,0.0003098497,26.136,0,1.7424,-0.0002588235,26.136,0
1.7433,0.0001604639,26.1495,0,1.7433,-0.0002621805,26.1495,0
1.7442,0.0001299153,26.163,0,1.7442,-0.0001809415,26.163,0
1.7451,0.000256138,26.1765,0,1.7451,-2.316319E-05,26.1765,0
1.746,0.0001889983,26.19,0,1.746,6.009003E-05,26.19,0
1.7469,-4.901198E-05,26.2035,0,1.7469,3.591974E-05,26.2035,0
1.7478,-3.021286E-06,26.217,0,1.7478,0.000224918,26.217,0
1.7487,-3.054856E-05,26.2305,0,1.7487,0.0002521096,26.2305,0
1.7496,-0.0008150759,26.244,0,1.7496,0.0002447242,26.244,0
1.7505,-0.0008063478,26.2575,0,1.7505,0.0001574426,26.2575,0
1.7514,-0.0003447623,26.271,0,1.7514,6.076142E-05,26.271,0
1.7523,-0.0003514763,26.2845,0,1.7523,-2.21561E-05,26.2845,0
1.7532,-0.0004360723,26.298,0,1.7532,-2.920577E-05,26.298,0
1.7541,-0.000185977,26.3115,0,1.7541,1.510643E-05,26.3115,0
1.755,4.934768E-05,26.325,0,1.755,2.014191E-06,26.325,0
1.7559,9.768826E-05,26.3385,0,1.7559,-6.61326E-05,26.3385,0
1.7568,9.634547E-05,26.352,0,1.7568,-0.0001661708,26.352,0
1.7577,0.0001661708,26.3655,0,1.7577,-0.0001560998,26.3655,0
1.7586,0.0002769512,26.379,0,1.7586,-0.0001839628,26.379,0
1.7595,0.0002568093,26.3925,0,1.7595,-0.0003461051,26.3925,0
1.7604,0.0001943694,26.406,0,1.7604,-0.0004542001,26.406,0
1.7613,0.0001520714,26.4195,0,1.7613,-0.0004602426,26.4195,0
1.7622,0.0002668803,26.433,0,1.7622,-0.0003497978,26.433,0
1.7631,0.0001742275,26.4465,0,1.7631,-8.795301E-05,26.4465,0
1.764,-6.478981E-05,26.46,0,1.764,0.0003716182,26.46,0
1.7649,3.793393E-05,26.4735,0,1.7649,0.0004844129,26.4735,0
1.7658,-0.0001393149,26.487,0,1.7658,0.0004132448,26.487,0
1.7667,-0.0003031357,26.5005,0,1.7667,0.0004122377,26.5005,0
1.7676,-0.0001242084,26.514,0,1.7676,0.0002957504,26.514,0
1.7685,-2.316319E-05,26.5275,0,1.7685,0.0001205158,26.5275,0
1.7694,-1.913481E-05,26.541,0,1.7694,4.53193E-05,26.541,0
1.7703,5.203327E-05,26.5545,0,1.7703,8.392462E-06,26.5545,0
1.7712,7.351797E-05,26.568,0,1.7712,7.049668E-06,26.568,0
1.7721,5.572595E-05,26.5815,0,1.7721,-4.867628E-05,26.5815,0
1.773,0.0001037308,26.595,0,1.773,-0.0002259251,26.595,0
1.7739,0.0002504311,26.6085,0,1.7739,-0.0002977645,26.6085,0
1.7748,0.0003326772,26.622,0,1.7748,-0.0002265965,26.622,0
1.7757,0.0002544594,26.6355,0,1.7757,-0.000193698,26.6355,0
1.7766,0.0001544213,26.649,0,1.7766,-0.000246067,26.649,0
1.7775,0.0001507286,26.6625,0,1.7775,-1.678492E-05,26.6625,0
1.7784,-2.887007E-05,26.676,0,1.7784,8.392462E-05,26.676,0
1.7793,-0.0001332723,26.6895,0,1.7793,-0.0001470359,26.6895,0
1.7802,-0.0001413291,26.703,0,1.7802,-7.486076E-05,26.703,0
1.7811,-0.0002863508,26.7165,0,1.7811,4.095522E-05,26.7165,0
1.782,-0.000428687,26.73,0,1.782,1.947051E-05,26.73,0
1.7829,-0.0001567712,26.7435,0,1.7829,1.309224E-05,26.7435,0
1.7838,6.411841E-05,26.757,0,1.7838,-6.042573E-06,26.757,0
1.7847,0.0001245441,26.7705,0,1.7847,2.21561E-05,26.7705,0
1.7856,0.0001379721,26.784,0,1.7856,-0.0001540856,26.784,0
1.7865,0.0001379721,26.7975,0,1.7865,-0.0002212253,26.7975,0
1.7874,0.000119173,26.811,0,1.7874,-0.0001346151,26.811,0
1.7883,-0.0001037308,26.8245,0,1.7883,8.224613E-05,26.8245,0
1.7892,-4.901198E-05,26.838,0,1.7892,0.0002453956,26.838,0
1.7901,-7.989624E-05,26.8515,0,1.7901,0.000203769,26.8515,0
1.791,-0.0002655375,26.865,0,1.791,0.000200412,26.865,0
1.7919,-0.0002366674,26.8785,0,1.7919,0.000186984,26.8785,0
1.7928,-4.599069E-05,26.892,0,1.7928,8.96315E-05,26.892,0
1.7937,-4.33051E-05,26.9055,0,1.7937,4.39765E-05,26.9055,0
1.7946,-4.632639E-05,26.919,0,1.7946,1.812772E-05,26.919,0
1.7955,-4.46479E-05,26.9325,0,1.7955,-0.0002138399,26.9325,0
1.7964,0.0001849699,26.946,0,1.7964,-0.0003840391,26.946,0
1.7973,0.0004461433,26.9595,0,1.7973,-0.0002339818,26.9595,0
1.7982,0.0004001526,26.973,0,1.7982,-3.994812E-05,26.973,0
1.7991,0.0003199207,26.9865,0,1.7991,1.745632E-05,26.9865,0
1.8,9.768826E-05,27,0,1.8,7.754635E-05,27,0
1.8009,-0.0001900053,27.0135,0,1.8009,0.0001215228,27.0135,0
1.8018,-0.0003494621,27.027,0,1.8018,0.0001688563,27.027,0
1.8027,-0.000285008,27.0405,0,1.8027,0.0001473716,27.0405,0
1.8036,-7.620356E-05,27.054,0,1.8036,1.913481E-05,27.054,0
1.8045,7.049668E-06,27.0675,0,1.8045,1.913481E-05,27.0675,0
1.8054,-1.342794E-05,27.081,0,1.8054,3.759823E-05,27.081,0
1.8063,2.685588E-06,27.0945,0,1.8063,-4.733349E-05,27.0945,0
1.8072,-5.505455E-05,27.108,0,1.8072,-0.0001094377,27.108,0
1.8081,-6.210422E-05,27.1215,0,1.8081,-0.000312871,27.1215,0
1.809,0.0001040665,27.135,0,1.809,-0.0004508431,27.135,0
1.8099,0.0001735561,27.1485,0,1.8099,-0.0005052262,27.1485,0
1.8108,0.0003790036,27.162,0,1.8108,-0.0005042191,27.162,0
1.8117,0.0004387579,27.1755,0,1.8117,-0.0003189135,27.1755,0
1.8126,0.000246067,27.189,0,1.8126,-1.107805E-05,27.189,0
1.8135,-0.0001769131,27.2025,0,1.8135,0.0002222324,27.2025,0
1.8144,-0.0007257801,27.216,0,1.8144,0.0001769131,27.216,0
1.8153,-0.0008654307,27.2295,0,1.8153,0.000200412,27.2295,0
1.8162,-0.0007284657,27.243,0,1.8162,0.000383032,27.243,0
1.8171,-0.0003612116,27.2565,0,1.8171,0.0002920577,27.2565,0
1.818,7.049668E-06,27.27,0,1.818,0.0002652018,27.27,0
1.8189,0.0001232013,27.2835,0,1.8189,0.0002655375,27.2835,0
1.8198,0.000102388,27.297,0,1.8198,0.0001540856,27.297,0
1.8207,0.0001040665,27.3105,0,1.8207,9.097429E-05,27.3105,0
1.8216,9.567407E-05,27.324,0,1.8216,6.109713E-05,27.324,0
1.8225,7.754635E-05,27.3375,0,1.8225,-1.174945E-05,27.3375,0
1.8234,9.634547E-05,27.351,0,1.8234,-7.318227E-05,27.351,0
1.8243,0.0001433432,27.3645,0,1.8243,-0.0001406577,27.3645,0
1.8252,0.0001131304,27.378,0,1.8252,-9.835965E-05,27.378,0
1.8261,0.0001473716,27.3915,0,1.8261,-0.0001440146,27.3915,0
1.827,0.0001406577,27.405,0,1.827,-0.0003101854,27.405,0
1.8279,0.0003205921,27.4185,0,1.8279,-0.0004538643,27.4185,0
1.8288,0.0004058595,27.432,0,1.8288,-0.0004904555,27.432,0
1.8297,0.0002074617,27.4455,0,1.8297,-0.0004176089,27.4455,0
1.8306,6.243992E-05,27.459,0,1.8306,-0.0002020905,27.459,0
1.8315,-3.356985E-07,27.4725,0,1.8315,0.0002826581,27.4725,0
1.8324,-0.0003850462,27.486,0,1.8324,0.0006515908,27.486,0
1.8333,-0.0006653544,27.4995,0,1.8333,0.000418616,27.4995,0
1.8342,-0.0003528191,27.513,0,1.8342,0.0003044785,27.513,0
1.8351,-0.0001242084,27.5265,0,1.8351,0.000281651,27.5265,0
1.836,1.007095E-06,27.54,0,1.836,0.0002084688,27.54,0
1.8369,8.661021E-05,27.5535,0,1.8369,0.0001389792,27.5535,0
1.8378,0.0001436789,27.567,0,1.8378,2.584878E-05,27.567,0
1.8387,0.0001117876,27.5805,0,1.8387,1.074235E-05,27.5805,0
1.8396,-7.452507E-05,27.594,0,1.8396,-5.673304E-05,27.594,0
1.8405,8.728161E-06,27.6075,0,1.8405,-8.157473E-05,27.6075,0
1.8414,0.0003058213,27.621,0,1.8414,-0.0001708705,27.621,0
1.8423,0.0002380102,27.6345,0,1.8423,-0.0002077974,27.6345,0
1.8432,8.627451E-05,27.648,0,1.8432,-0.0003226062,27.648,0
1.8441,-4.901198E-05,27.6615,0,1.8441,-0.000340734,27.6615,0
1.845,-0.0002175326,27.675,0,1.845,-0.0001930266,27.675,0
1.8459,-0.0002339818,27.6885,0,1.8459,-0.0001003738,27.6885,0
1.8468,-0.0001225299,27.702,0,1.8468,-0.0001295796,27.702,0
1.8477,0.0001497215,27.7155,0,1.8477,-8.82887E-05,27.7155,0
1.8486,0.0001413291,27.729,0,1.8486,-5.035477E-06,27.729,0
1.8495,2.652018E-05,27.7425,0,1.8495,-8.560311E-05,27.7425,0
1.8504,-4.632639E-05,27.756,0,1.8504,-3.558404E-05,27.756,0
1.8513,-0.0001050736,27.7695,0,1.8513,1.510643E-05,27.7695,0
1.8522,-0.0002044404,27.783,0,1.8522,0.0001171588,27.783,0
1.8531,-0.0001101091,27.7965,0,1.8531,0.0002007477,27.7965,0
1.854,3.591974E-05,27.81,0,1.854,-1.510643E-05,27.81,0
1.8549,7.486076E-05,27.8235,0,1.8549,-0.0001571069,27.8235,0
1.8558,0.0001104448,27.837,0,1.8558,-0.0001225299,27.837,0
1.8567,0.0001379721,27.8505,0,1.8567,-0.0001681849,27.8505,0
1.8576,9.567407E-05,27.864,0,1.8576,-0.0001748989,27.864,0
1.8585,-1.107805E-05,27.8775,0,1.8585,2.349889E-05,27.8775,0
1.8594,-0.0002594949,27.891,0,1.8594,0.000102388,27.891,0
1.8603,-0.0001950408,27.9045,0,1.8603,0.0001272297,27.9045,0
1.8612,-0.0001587854,27.918,0,1.8612,9.500267E-05,27.918,0
1.8621,-9.231708E-05,27.9315,0,1.8621,0.0001181659,27.9315,0
1.863,2.1149E-05,27.945,0,1.863,0.0001715419,27.945,0
1.8639,5.136187E-05,27.9585,0,1.8639,0.0001836271,27.9585,0
1.8648,9.298848E-05,27.972,0,1.8648,0.0001742275,27.972,0
1.8657,0.0002030976,27.9855,0,1.8657,6.378271E-05,27.9855,0
1.8666,0.0004179446,27.999,0,1.8666,-0.0001450217,27.999,0
1.8675,0.0004588998,28.0125,0,1.8675,-0.0002074617,28.0125,0
1.8684,0.0003098497,28.026,0,1.8684,-0.0001879911,28.026,0
1.8693,0.0002091402,28.0395,0,1.8693,-0.0001705348,28.0395,0
1.8702,-0.0001127947,28.053,0,1.8702,-9.030289E-05,28.053,0
1.8711,-0.0004951553,28.0665,0,1.8711,7.586786E-05,28.0665,0
1.872,-0.0003511406,28.08,0,1.872,0.0001601282,28.08,0
1.8729,-0.0002930648,28.0935,0,1.8729,-6.378271E-06,28.0935,0
1.8738,-6.64683E-05,28.107,0,1.8738,-9.097429E-05,28.107,0
1.8747,-5.706874E-06,28.1205,0,1.8747,-9.164568E-05,28.1205,0
1.8756,-7.251087E-05,28.134,0,1.8756,-5.102617E-05,28.134,0
1.8765,-0.0001530785,28.1475,0,1.8765,-3.155566E-05,28.1475,0
1.8774,-9.869535E-05,28.161,0,1.8774,-8.358892E-05,28.161,0
1.8783,5.035477E-06,28.1745,0,1.8783,-0.0001910124,28.1745,0
1.8792,2.584878E-05,28.188,0,1.8792,-0.0002722515,28.188,0
1.8801,-5.941863E-05,28.2015,0,1.8801,-0.0002551308,28.2015,0
1.881,0.0002088045,28.215,0,1.881,-0.0001510643,28.215,0
1.8819,0.000246067,28.2285,0,1.8819,0.0001030594,28.2285,0
1.8828,4.095522E-05,28.242,0,1.8828,0.0002030976,28.242,0
1.8837,-9.735256E-05,28.2555,0,1.8837,3.256275E-05,28.2555,0
1.8846,-0.0003034714,28.269,0,1.8846,7.116808E-05,28.269,0
1.8855,-0.0003226062,28.2825,0,1.8855,7.217517E-05,28.2825,0
1.8864,-9.970245E-05,28.296,0,1.8864,5.001907E-05,28.296,0
1.8873,0.0001594568,28.3095,0,1.8873,9.970245E-05,28.3095,0
1.8882,0.0002044404,28.323,0,1.8882,0.0003289845,28.323,0
1.8891,0.0001319295,28.3365,0,1.8891,0.0003692683,28.3365,0
1.89,7.721065E-05,28.35,0,1.89,0.0003152209,28.35,0
1.8909,-3.826963E-05,28.3635,0,1.8909,0.0001544213,28.3635,0
1.8918,-8.090334E-05,28.377,0,1.8918,7.385367E-06,28.377,0
1.8927,-0.0001097734,28.3905,0,1.8927,-3.021286E-05,28.3905,0
1.8936,-4.565499E-05,28.404,0,1.8936,-7.956054E-05,28.404,0
1.8945,-1.275654E-05,28.4175,0,1.8945,-0.0002084688,28.4175,0
1.8954,6.009003E-05,28.431,0,1.8954,-0.0002688945,28.431,0
1.8963,6.915389E-05,28.4445,0,1.8963,-0.0002326391,28.4445,0
1.8972,5.706874E-06,28.458,0,1.8972,-0.0001876554,28.458,0
1.8981,4.632639E-05,28.4715,0,1.8981,-0.0001168231,28.4715,0
1.899,4.934768E-05,28.485,0,1.899,8.224613E-05,28.485,0
1.8999,-8.92958E-05,28.4985,0,1.8999,-3.021286E-06,28.4985,0
1.9008,6.411841E-05,28.512,0,1.9008,-0.0001477073,28.512,0
1.9017,5.539025E-05,28.5255,0,1.9017,-0.0001560998,28.5255,0
1.9026,-7.620356E-05,28.539,0,1.9026,-9.198138E-05,28.539,0
1.9035,7.486076E-05,28.5525,0,1.9035,-3.155566E-05,28.5525,0
1.9044,0.0004427863,28.566,0,1.9044,7.284657E-05,28.566,0
1.9053,0.0006912032,28.5795,0,1.9053,7.251087E-05,28.5795,0
1.9062,0.0005293965,28.593,0,1.9062,9.903105E-05,28.593,0
1.9071,0.0003313344,28.6065,0,1.9071,4.33051E-05,28.6065,0
1.908,0.0001436789,28.62,0,1.908,1.577783E-05,28.62,0
1.9089,-0.0006002289,28.6335,0,1.9089,-2.853437E-05,28.6335,0
1.9098,-0.0007261158,28.647,0,1.9098,-4.766919E-05,28.647,0
1.9107,-0.0002192111,28.6605,0,1.9107,-7.351797E-05,28.6605,0
1.9116,-0.0005606165,28.674,0,1.9116,-0.0001272297,28.674,0
1.9125,-0.0006724041,28.6875,0,1.9125,-9.903105E-05,28.6875,0
1.9134,-0.0001631495,28.701,0,1.9134,-0.0001507286,28.701,0
1.9143,-0.0001597925,28.7145,0,1.9143,-0.0001611353,28.7145,0
1.9152,-0.0003769894,28.728,0,1.9152,-0.0001507286,28.728,0
1.9161,-0.000257145,28.7415,0,1.9161,-0.000161471,28.7415,0
1.917,3.994812E-05,28.755,0,1.917,-0.0002333104,28.755,0
1.9179,1.040665E-05,28.7685,0,1.9179,-0.0003215991,28.7685,0
1.9188,-1.812772E-05,28.782,0,1.9188,-0.0003474479,28.782,0
1.9197,0.0001467002,28.7955,0,1.9197,-0.0002490883,28.7955,0
1.9206,0.0002621805,28.809,0,1.9206,8.560311E-05,28.809,0
1.9215,0.0002628519,28.8225,0,1.9215,0.0005267109,28.8225,0
1.9224,0.0002729229,28.836,0,1.9224,0.0005418173,28.836,0
1.9233,0.0001443503,28.8495,0,1.9233,0.0004508431,28.8495,0
1.9242,1.174945E-05,28.863,0,1.9242,0.0003192493,28.863,0
1.9251,3.692683E-06,28.8765,0,1.9251,7.351797E-05,28.8765,0
1.926,-0.0001326009,28.89,0,1.926,-0.0001044022,28.89,0
1.9269,-0.000193698,28.9035,0,1.9269,-0.0002138399,28.9035,0
1.9278,5.035477E-06,28.917,0,1.9278,-0.0002185397,28.917,0
1.9287,7.754635E-05,28.9305,0,1.9287,-0.0001493858,28.9305,0
1.9296,1.510643E-05,28.944,0,1.9296,1.846342E-05,28.944,0
1.9305,-1.712062E-05,28.9575,0,1.9305,0.0001654994,28.9575,0
1.9314,7.049668E-05,28.971,0,1.9314,0.000105745,28.971,0
1.9323,8.526741E-05,28.9845,0,1.9323,3.994812E-05,28.9845,0
1.9332,-3.021286E-06,28.998,0,1.9332,0.0001017166,28.998,0
1.9341,1.712062E-05,29.0115,0,1.9341,0.0001544213,29.0115,0
1.935,9.869535E-05,29.025,0,1.935,4.095522E-05,29.025,0
1.9359,0.0001265583,29.0385,0,1.9359,-8.392462E-06,29.0385,0
1.9368,0.0001675135,29.052,0,1.9368,2.18204E-05,29.052,0
1.9377,0.000249424,29.0655,0,1.9377,3.155566E-05,29.0655,0
1.9386,0.0003467765,29.079,0,1.9386,-8.426032E-05,29.079,0
1.9395,0.0006851606,29.0925,0,1.9395,-3.189136E-05,29.0925,0
1.9404,0.000724773,29.106,0,1.9404,-5.136187E-05,29.106,0
1.9413,0.0003155566,29.1195,0,1.9413,-0.0001534142,29.1195,0
1.9422,9.970245E-05,29.133,0,1.9422,-0.0002286107,29.133,0
1.9431,-0.0002104829,29.1465,0,1.9431,-0.0002598306,29.1465,0
1.944,-0.0007895628,29.16,0,1.944,-0.0002517739,29.16,0
1.9449,-0.0008214542,29.1735,0,1.9449,-0.0001285725,29.1735,0
1.9458,-0.0005683375,29.187,0,1.9458,-3.088426E-05,29.187,0
1.9467,-0.000552224,29.2005,0,1.9467,5.606165E-05,29.2005,0
1.9476,-0.0003873961,29.214,0,1.9476,8.560311E-05,29.214,0
1.9485,-0.0002447242,29.2275,0,1.9485,3.390555E-05,29.2275,0
1.9494,-0.0001910124,29.241,0,1.9494,0.0001054093,29.241,0
1.9503,-0.0001379721,29.2545,0,1.9503,0.0001242084,29.2545,0
1.9512,-8.661021E-05,29.268,0,1.9512,-6.109713E-05,29.268,0
1.9521,7.721065E-06,29.2815,0,1.9521,-0.0002259251,29.2815,0
1.953,0.0001003738,29.295,0,1.953,-0.0002014191,29.295,0
1.9539,0.0001386435,29.3085,0,1.9539,-0.0002366674,29.3085,0
1.9548,0.0001534142,29.322,0,1.9548,-0.0002947433,29.322,0
1.9557,0.0003031357,29.3355,0,1.9557,-0.0001940337,29.3355,0
1.9566,0.0003588617,29.349,0,1.9566,-8.627451E-05,29.349,0
1.9575,0.0001265583,29.3625,0,1.9575,9.533837E-05,29.3625,0
1.9584,-1.644922E-05,29.376,0,1.9584,0.0002400244,29.376,0
1.9593,-4.33051E-05,29.3895,0,1.9593,0.000411902,29.3895,0
1.9602,5.304036E-05,29.403,0,1.9602,0.0004629282,29.403,0
1.9611,-7.721065E-06,29.4165,0,1.9611,0.0002346532,29.4165,0
1.962,3.088426E-05,29.43,0,1.962,7.016098E-05,29.43,0
1.9629,3.390555E-05,29.4435,0,1.9629,-4.901198E-05,29.4435,0
1.9638,-4.599069E-05,29.457,0,1.9638,-0.000109102,29.457,0
1.9647,-0.0001050736,29.4705,0,1.9647,-0.0001114519,29.4705,0
1.9656,-0.0001077592,29.484,0,1.9656,-0.000115816,29.484,0
1.9665,-3.189136E-05,29.4975,0,1.9665,-6.378271E-05,29.4975,0
1.9674,4.39765E-05,29.511,0,1.9674,8.761731E-05,29.511,0
1.9683,4.53193E-05,29.5245,0,1.9683,7.049668E-05,29.5245,0
1.9692,3.927672E-05,29.538,0,1.9692,-6.076142E-05,29.538,0
1.9701,5.270466E-05,29.5515,0,1.9701,-9.735256E-05,29.5515,0
1.971,5.539025E-05,29.565,0,1.971,-9.164568E-05,29.565,0
1.9719,6.54612E-05,29.5785,0,1.9719,-0.0001087663,29.5785,0
1.9728,0.0001326009,29.592,0,1.9728,-0.0002064546,29.592,0
1.9737,0.0002178683,29.6055,0,1.9737,-0.0001225299,29.6055,0
1.9746,0.0001359579,29.619,0,1.9746,-0.0001185016,29.619,0
1.9755,-1.040665E-05,29.6325,0,1.9755,1.007095E-05,29.6325,0
1.9764,3.256275E-05,29.646,0,1.9764,7.217517E-05,29.646,0
1.9773,1.980621E-05,29.6595,0,1.9773,7.956054E-05,29.6595,0
1.9782,0.0001326009,29.673,0,1.9782,6.277562E-05,29.673,0
1.9791,8.526741E-05,29.6865,0,1.9791,-1.712062E-05,29.6865,0
1.98,-1.980621E-05,29.7,0,1.98,2.987716E-05,29.7,0
1.9809,9.903105E-05,29.7135,0,1.9809,5.740444E-05,29.7135,0
1.9818,0.0002400244,29.727,0,1.9818,1.174945E-05,29.727,0
1.9827,1.779202E-05,29.7405,0,1.9827,-4.867628E-05,29.7405,0
1.9836,-0.0002970932,29.754,0,1.9836,-0.0001463645,29.754,0
1.9845,-0.0006160067,29.7675,0,1.9845,-0.0002789654,29.7675,0
1.9854,-0.0005528954,29.781,0,1.9854,-0.0004538643,29.781,0
1.9863,-0.0003642329,29.7945,0,1.9863,-0.0004310368,29.7945,0
1.9872,-7.049668E-06,29.808,0,1.9872,-0.0001651637,29.808,0
1.9881,0.0002239109,29.8215,0,1.9881,0.0001070878,29.8215,0
1.989,2.1149E-05,29.835,0,1.989,0.0003356985,29.835,0
1.9899,-0.0001433432,29.8485,0,1.9899,0.0004924697,29.8485,0
1.9908,5.606165E-05,29.862,0,1.9908,0.0004535287,29.862,0
1.9917,-5.941863E-05,29.8755,0,1.9917,0.0002229038,29.8755,0
1.9926,-0.0002574807,29.889,0,1.9926,0,29.889,0
1.9935,-0.0001560998,29.9025,0,1.9935,4.263371E-05,29.9025,0
1.9944,5.539025E-05,29.916,0,1.9944,-9.063859E-06,29.916,0
1.9953,0.0003541619,29.9295,0,1.9953,-0.0001732204,29.9295,0
1.9962,0.0005730373,29.943,0,1.9962,-0.0002212253,29.943,0
1.9971,0.0003058213,29.9565,0,1.9971,-0.0002081331,29.9565,0
1.998,-5.404745E-05,29.97,0,1.998,-0.0002574807,29.97,0
1.9989,-0.0004058595,29.9835,0,1.9989,-0.0001896696,29.9835,0
1.9998,-0.0006693827,29.997,0,1.9998,-2.24918E-05,29.997,0
2.0007,-0.0004155947,30.0105,0,2.0007,0.0002138399,30.0105,0
2.0016,-3.256275E-05,30.024,0,2.0016,0.0003581903,30.024,0
2.0025,0.0002272679,30.0375,0,2.0025,0.0001577783,30.0375,0
2.0034,0.0005045548,30.051,0,2.0034,-4.33051E-05,30.051,0
2.0043,0.0008939651,30.0645,0,2.0043,-6.042573E-06,30.0645,0
2.0052,0.0007392081,30.078,0,2.0052,-1.947051E-05,30.078,0
2.0061,0.0003121996,30.0915,0,2.0061,-4.49836E-05,30.0915,0
2.007,-0.0002534524,30.105,0,2.007,9.735256E-06,30.105,0
2.0079,-0.0008399176,30.1185,0,2.0079,-8.358892E-05,30.1185,0
2.0088,-0.0009278706,30.132,0,2.0088,-0.0002027619,30.132,0
2.0097,-0.0003155566,30.1455,0,2.0097,-0.0001839628,30.1455,0
2.0106,-0.0002121614,30.159,0,2.0106,-9.567407E-05,30.159,0
2.0115,-0.000154757,30.1725,0,2.0115,-6.915389E-05,30.1725,0
2.0124,-4.028382E-06,30.186,0,2.0124,6.61326E-05,30.186,0
2.0133,2.517739E-05,30.1995,0,2.0133,0.0001198444,30.1995,0
2.0142,4.229801E-05,30.213,0,2.0142,5.606165E-05,30.213,0
2.0151,-9.735256E-06,30.2265,0,2.0151,-2.316319E-05,30.2265,0
2.016,7.083238E-05,30.24,0,2.016,-0.0001752346,30.24,0
2.0169,0.0001017166,30.2535,0,2.0169,-0.0002447242,30.2535,0
2.0178,6.076142E-05,30.267,0,2.0178,-0.0001990692,30.267,0
2.0187,9.097429E-05,30.2805,0,2.0187,-0.0002232395,30.2805,0
2.0196,0.0002239109,30.294,0,2.0196,-0.0002185397,30.294,0
2.0205,0.0001916838,30.3075,0,2.0205,2.349889E-06,30.3075,0
2.0214,0.0002024262,30.321,0,2.0214,0.0002702373,30.321,0
2.0223,0.0001550927,30.3345,0,2.0223,0.0002312963,30.3345,0
2.0232,1.913481E-05,30.348,0,2.0232,9.298848E-05,30.348,0
2.0241,-0.0002333104,30.3615,0,2.0241,-5.706874E-05,30.3615,0
2.025,-0.0001900053,30.375,0,2.025,-0.0002453956,30.375,0
2.0259,-2.584878E-05,30.3885,0,2.0259,-0.0004206302,30.3885,0
2.0268,0.0001178302,30.402,0,2.0268,-0.0004931411,30.402,0
2.0277,0.0001953765,30.4155,0,2.0277,-0.0003212634,30.4155,0
2.0286,0.0002648661,30.429,0,2.0286,6.243992E-05,30.429,0
2.0295,1.577783E-05,30.4425,0,2.0295,0.0003514763,30.4425,0
2.0304,-5.136187E-05,30.456,0,2.0304,0.0005757229,30.456,0
2.0313,-0.0001292439,30.4695,0,2.0313,0.0006593118,30.4695,0
2.0322,-0.0002349889,30.483,0,2.0322,0.0004881056,30.483,0
2.0331,-8.358892E-05,30.4965,0,2.0331,0.0002128328,30.4965,0
2.034,3.659113E-05,30.51,0,2.034,6.411841E-05,30.51,0
2.0349,1.040665E-05,30.5235,0,2.0349,1.510643E-05,30.5235,0
2.0358,-1.040665E-05,30.537,0,2.0358,-2.819867E-05,30.537,0
2.0367,-6.61326E-05,30.5505,0,2.0367,-7.586786E-05,30.5505,0
2.0376,-4.800488E-05,30.564,0,2.0376,-1.644922E-05,30.564,0
2.0385,-1.745632E-05,30.5775,0,2.0385,6.411841E-05,30.5775,0
2.0394,1.040665E-05,30.591,0,2.0394,2.014191E-06,30.591,0
2.0403,3.793393E-05,30.6045,0,2.0403,-8.157473E-05,30.6045,0
2.0412,0.0001339437,30.618,0,2.0412,-0.0001104448,30.618,0
2.0421,0.0002762798,30.6315,0,2.0421,-0.0001144732,30.6315,0
2.043,0.0003078355,30.645,0,2.043,-0.0002108186,30.645,0
2.0439,0.0002534524,30.6585,0,2.0439,-0.0001678492,30.6585,0
2.0448,2.450599E-05,30.672,0,2.0448,-2.18204E-05,30.672,0
2.0457,-0.000148043,30.6855,0,2.0457,-9.164568E-05,30.6855,0
2.0466,-0.0001433432,30.699,0,2.0466,-0.0002890364,30.699,0
2.0475,-2.954147E-05,30.7125,0,2.0475,-0.0002581521,30.7125,0
2.0484,-5.136187E-05,30.726,0,2.0484,-0.0002648661,30.726,0
2.0493,1.947051E-05,30.7395,0,2.0493,-0.000291722,30.7395,0
2.0502,1.712062E-05,30.753,0,2.0502,-8.627451E-05,30.753,0
2.0511,-0.0002474098,30.7665,0,2.0511,0.0001430075,30.7665,0
2.052,-0.0002212253,30.78,0,2.052,0.0002205539,30.78,0
2.0529,7.385367E-06,30.7935,0,2.0529,0.0002111543,30.7935,0
2.0538,8.023193E-05,30.807,0,2.0538,0.0001963836,30.807,0
2.0547,0.0003323415,30.8205,0,2.0547,0.0001399863,30.8205,0
2.0556,0.0004985122,30.834,0,2.0556,7.956054E-05,30.834,0
2.0565,0.0001232013,30.8475,0,2.0565,-0.0001205158,30.8475,0
2.0574,-0.0003269703,30.861,0,2.0574,-0.000154757,30.861,0
2.0583,-0.0005075761,30.8745,0,2.0583,-0.0001218585,30.8745,0
2.0592,-0.0006525979,30.888,0,2.0592,-0.000144686,30.888,0
2.0601,-0.0006777752,30.9015,0,2.0601,-9.869535E-05,30.9015,0
2.061,-0.000327306,30.915,0,2.061,0.0001171588,30.915,0
2.0619,-9.164568E-05,30.9285,0,2.0619,0.0001174945,30.9285,0
2.0628,-7.553216E-05,30.942,0,2.0628,8.69459E-05,30.942,0
2.0637,-2.349889E-05,30.9555,0,2.0637,5.807584E-05,30.9555,0
2.0646,-3.356985E-05,30.969,0,2.0646,6.411841E-05,30.969,0
2.0655,4.095522E-05,30.9825,0,2.0655,2.652018E-05,30.9825,0
2.0664,0.0001326009,30.996,0,2.0664,-2.584878E-05,30.996,0
2.0673,0.0001080949,31.0095,0,2.0673,-8.560311E-05,31.0095,0
2.0682,0.0001171588,31.023,0,2.0682,-7.553216E-05,31.023,0
2.0691,0.0001775845,31.0365,0,2.0691,-0.000126894,31.0365,0
2.07,0.0001534142,31.05,0,2.07,-0.0002198825,31.05,0
2.0709,0.0002349889,31.0635,0,2.0709,-0.0002235752,31.0635,0
2.0718,0.0001510643,31.077,0,2.0718,-0.0002232395,31.077,0
2.0727,0.0001433432,31.0905,0,2.0727,-0.0001846342,31.0905,0
2.0736,0.0001534142,31.104,0,2.0736,-8.023193E-05,31.104,0
2.0745,0.0001681849,31.1175,0,2.0745,0.0001349508,31.1175,0
2.0754,7.150377E-05,31.131,0,2.0754,0.0001359579,31.131,0
2.0763,6.076142E-05,31.1445,0,2.0763,0.0001077592,31.1445,0
2.0772,2.21561E-05,31.158,0,2.0772,0.0001094377,31.158,0
2.0781,-0.0002447242,31.1715,0,2.0781,1.174945E-05,31.1715,0
2.079,-0.0002440528,31.185,0,2.079,2.349889E-06,31.185,0
2.0799,3.457694E-05,31.1985,0,2.0799,6.71397E-05,31.1985,0
2.0808,0.0002628519,31.212,0,2.0808,6.57969E-05,31.212,0
2.0817,0.0001420005,31.2255,0,2.0817,-0.0001007095,31.2255,0
2.0826,-5.304036E-05,31.239,0,2.0826,-0.0001873197,31.239,0
2.0835,-0.0001060807,31.2525,0,2.0835,-0.0001567712,31.2525,0
2.0844,7.318227E-05,31.266,0,2.0844,-0.0001701991,31.266,0
2.0853,-1.174945E-05,31.2795,0,2.0853,-4.263371E-05,31.2795,0
2.0862,-7.418937E-05,31.293,0,2.0862,0.0002111543,31.293,0
2.0871,-8.761731E-05,31.3065,0,2.0871,0.0001943694,31.3065,0
2.088,-0.0003226062,31.32,0,2.088,0.000144686,31.32,0
2.0889,-0.0004770276,31.3335,0,2.0889,0.0001138018,31.3335,0
2.0898,-0.0001685206,31.347,0,2.0898,-1.846342E-05,31.347,0
2.0907,1.980621E-05,31.3605,0,2.0907,-3.155566E-05,31.3605,0
2.0916,7.385367E-06,31.374,0,2.0916,0.0001487144,31.374,0
2.0925,0.0001413291,31.3875,0,2.0925,0.0001309224,31.3875,0
2.0934,0.0001816129,31.401,0,2.0934,7.486076E-05,31.401,0
2.0943,0.0001782559,31.4145,0,2.0943,-2.920577E-05,31.4145,0
2.0952,0.0003501335,31.428,0,2.0952,-2.047761E-05,31.428,0
2.0961,0.0003474479,31.4415,0,2.0961,-4.129091E-05,31.4415,0
2.097,6.948959E-05,31.455,0,2.097,-0.0002051118,31.455,0
2.0979,-0.0002265965,31.4685,0,2.0979,-0.0002709087,31.4685,0
2.0988,-0.0003497978,31.482,0,2.0988,-0.0002306248,31.482,0
2.0997,-0.0004337225,31.4955,0,2.0997,-0.0001362936,31.4955,0
2.1006,-0.0001668421,31.509,0,2.1006,-0.0001070878,31.509,0
2.1015,5.001907E-05,31.5225,0,2.1015,7.721065E-05,31.5225,0
2.1024,9.802396E-05,31.536,0,2.1024,0.0002124971,31.536,0
2.1033,-3.088426E-05,31.5495,0,2.1033,-4.800488E-05,31.5495,0
2.1042,-0.0001211871,31.563,0,2.1042,-0.0001326009,31.563,0
2.1051,-7.586786E-05,31.5765,0,2.1051,-0.0001802701,31.5765,0
2.106,-2.316319E-05,31.59,0,2.106,-0.0004061952,31.59,0
2.1069,3.424125E-05,31.6035,0,2.1069,-0.0006032502,31.6035,0
2.1078,8.72816E-05,31.617,0,2.1078,-0.0005028763,31.617,0
2.1087,7.150377E-05,31.6305,0,2.1087,-0.0002618448,31.6305,0
2.1096,5.337606E-05,31.644,0,2.1096,-4.263371E-05,31.644,0
2.1105,-1.846342E-05,31.6575,0,2.1105,0.0004437934,31.6575,0
2.1114,3.457694E-05,31.671,0,2.1114,0.0008234684,31.671,0
2.1123,0.0001366293,31.6845,0,2.1123,0.0007113451,31.6845,0
2.1132,0.0001111162,31.698,0,2.1132,0.0004501717,31.698,0
2.1141,0.0001017166,31.7115,0,2.1141,0.0001715419,31.7115,0
2.115,1.779202E-05,31.725,0,2.115,0.0001312581,31.725,0
2.1159,-6.948959E-05,31.7385,0,2.1159,0.0001084306,31.7385,0
2.1168,-5.136187E-05,31.752,0,2.1168,-3.558404E-05,31.752,0
2.1177,4.934768E-05,31.7655,0,2.1177,-5.807584E-05,31.7655,0
2.1186,9.231708E-05,31.779,0,2.1186,-1.947051E-05,31.779,0
2.1195,0.0002312963,31.7925,0,2.1195,-1.846342E-05,31.7925,0
2.1204,0.0003004501,31.806,0,2.1204,-4.129091E-05,31.806,0
2.1213,2.484169E-05,31.8195,0,2.1213,-0.0001292439,31.8195,0
2.1222,-0.000200412,31.833,0,2.1222,-5.706874E-05,31.833,0
2.1231,-0.0002178683,31.8465,0,2.1231,-0.0001040665,31.8465,0
2.124,-0.0001077592,31.86,0,2.124,-0.0001483787,31.86,0
2.1249,2.316319E-05,31.8735,0,2.1249,-0.0001560998,31.8735,0
2.1258,0.0001252155,31.887,0,2.1258,-9.164568E-05,31.887,0
2.1267,-7.016098E-05,31.9005,0,2.1267,-8.761731E-05,31.9005,0
2.1276,-9.567407E-05,31.914,0,2.1276,-6.478981E-05,31.914,0
2.1285,-0.0001571069,31.9275,0,2.1285,5.069047E-05,31.9275,0
2.1294,-5.673304E-05,31.941,0,2.1294,1.577783E-05,31.941,0
2.1303,0.0002464027,31.9545,0,2.1303,-9.433127E-05,31.9545,0
2.1312,0.0005414817,31.968,0,2.1312,-0.0001829557,31.968,0
2.1321,0.0005958648,31.9815,0,2.1321,-0.0001339437,31.9815,0
2.133,0.0004437934,31.995,0,2.133,-9.164568E-05,31.995,0
2.1339,0.0001591211,32.0085,0,2.1339,-8.392462E-05,32.0085,0
2.1348,-0.0002064546,32.022,0,2.1348,-5.404745E-05,32.022,0
2.1357,-0.0002064546,32.0355,0,2.1357,8.023193E-05,32.0355,0
2.1366,-0.0001675135,32.049,0,2.1366,7.116808E-05,32.049,0
2.1375,-0.0003743038,32.0625,0,2.1375,-7.989624E-05,32.0625,0
2.1384,-0.0008916152,32.076,0,2.1384,-0.0001487144,32.076,0
2.1393,-0.0009799039,32.0895,0,2.1393,-0.0001507286,32.0895,0
2.1402,-0.0005220111,32.103,0,2.1402,-0.0002299535,32.103,0
2.1411,-0.0003900816,32.1165,0,2.1411,-0.0002192111,32.1165,0
2.142,-0.0002245823,32.13,0,2.142,7.049668E-06,32.13,0
2.1429,3.424125E-05,32.1435,0,2.1429,0.0001198444,32.1435,0
2.1438,3.457694E-05,32.157,0,2.1438,0.0001070878,32.157,0
2.1447,-2.24918E-05,32.1705,0,2.1447,0.0001748989,32.1705,0
2.1456,-5.975433E-05,32.184,0,2.1456,0.0001641566,32.184,0
2.1465,6.948959E-05,32.1975,0,2.1465,8.82887E-05,32.1975,0
2.1474,0.0001963836,32.211,0,2.1474,4.36408E-06,32.211,0
2.1483,0.0002272679,32.2245,0,2.1483,-0.0001346151,32.2245,0
2.1492,0.000235996,32.238,0,2.1492,-0.0002477455,32.238,0
2.1501,0.0002440528,32.2515,0,2.1501,-0.0004387579,32.2515,0
2.151,0.0003555047,32.265,0,2.151,-0.0004394293,32.265,0
2.1519,0.0002091402,32.2785,0,2.1519,-0.0002598306,32.2785,0
2.1528,4.36408E-05,32.292,0,2.1528,-1.779202E-05,32.292,0
2.1537,0.0002803082,32.3055,0,2.1537,0.0002987717,32.3055,0
2.1546,0.0004884413,32.319,0,2.1546,0.0005062333,32.319,0
2.1555,0.0003138781,32.3325,0,2.1555,0.0004743419,32.3325,0
2.1564,0.0001849699,32.346,0,2.1564,0.0002735943,32.346,0
2.1573,-7.922484E-05,32.3595,0,2.1573,0.0001121233,32.3595,0
2.1582,-0.0006643473,32.373,0,2.1582,0.0001215228,32.373,0
2.1591,-0.0005246967,32.3865,0,2.1591,0.000105745,32.3865,0
2.16,-0.0001900053,32.4,0,2.16,7.217517E-05,32.4,0
2.1609,-6.948959E-05,32.4135,0,2.1609,5.203327E-05,32.4135,0
2.1618,-6.445411E-05,32.427,0,2.1618,2.1149E-05,32.427,0
2.1627,-5.136187E-05,32.4405,0,2.1627,2.517739E-05,32.4405,0
2.1636,2.786297E-05,32.454,0,2.1636,9.063859E-06,32.454,0
2.1645,-1.275654E-05,32.4675,0,2.1645,-0.000158114,32.4675,0
2.1654,-2.920577E-05,32.481,0,2.1654,-0.000224918,32.481,0
2.1663,-6.277562E-05,32.4945,0,2.1663,-0.0001510643,32.4945,0
2.1672,-3.894102E-05,32.508,0,2.1672,-0.0001816129,32.508,0
2.1681,6.915389E-05,32.5215,0,2.1681,-0.0001977264,32.5215,0
2.169,0.0001218585,32.535,0,2.169,-6.243992E-05,32.535,0
2.1699,0.0002198825,32.5485,0,2.1699,6.009003E-05,32.5485,0
2.1708,0.0003511406,32.562,0,2.1708,-2.349889E-06,32.562,0
2.1717,0.0003068284,32.5755,0,2.1717,-6.378271E-05,32.5755,0
2.1726,0.0003058213,32.589,0,2.1726,7.049668E-06,32.589,0
2.1735,0.0001806058,32.6025,0,2.1735,1.544213E-05,32.6025,0
2.1744,-4.666209E-05,32.616,0,2.1744,-9.835965E-05,32.616,0
2.1753,-0.0001920195,32.6295,0,2.1753,-0.0003672541,32.6295,0
2.1762,-0.000372961,32.643,0,2.1762,-0.0003900816,32.643,0
2.1771,-0.0003440909,32.6565,0,2.1771,-0.0003957885,32.6565,0
2.178,-0.000231632,32.67,0,2.178,-0.0004387579,32.67,0
2.1789,-0.0001309224,32.6835,0,2.1789,-0.0001681849,32.6835,0
2.1798,-4.263371E-05,32.697,0,2.1798,0.0002017548,32.697,0
2.1807,1.309224E-05,32.7105,0,2.1807,0.0002702373,32.7105,0
2.1816,2.450599E-05,32.724,0,2.1816,0.0004155947,32.724,0
2.1825,3.189136E-05,32.7375,0,2.1825,0.0005149615,32.7375,0
2.1834,1.913481E-05,32.751,0,2.1834,0.0004246586,32.751,0
2.1843,1.980621E-05,32.7645,0,2.1843,0.0001795987,32.7645,0
2.1852,5.102617E-05,32.778,0,2.1852,8.89601E-05,32.778,0
2.1861,3.323415E-05,32.7915,0,2.1861,6.57969E-05,32.7915,0
2.187,1.544213E-05,32.805,0,2.187,2.349889E-06,32.805,0
2.1879,2.1149E-05,32.8185,0,2.1879,-5.069047E-05,32.8185,0
2.1888,0.0001111162,32.832,0,2.1888,-0.0002588235,32.832,0
2.1897,6.6804E-05,32.8455,0,2.1897,-0.0003353628,32.8455,0
2.1906,-7.821774E-05,32.859,0,2.1906,-0.000285008,32.859,0
2.1915,-0.0001292439,32.8725,0,2.1915,-0.0002205539,32.8725,0
2.1924,-0.0002584878,32.886,0,2.1924,-0.0001017166,32.886,0
2.1933,-5.035477E-06,32.8995,0,2.1933,0.0001406577,32.8995,0
2.1942,0.0002709087,32.913,0,2.1942,0.0002051118,32.913,0
2.1951,0.0004901198,32.9265,0,2.1951,-0.0001453574,32.9265,0
2.196,0.0004588998,32.94,0,2.196,-0.0001742275,32.94,0
2.1969,0.0002735943,32.9535,0,2.1969,-0.0001386435,32.9535,0
2.1978,0.0001433432,32.967,0,2.1978,-0.0001366293,32.967,0
2.1987,-2.584878E-05,32.9805,0,2.1987,8.392462E-05,32.9805,0
2.1996,-0.0002809796,32.994,0,2.1996,0.0002333104,32.994,0
2.2005,-0.0005404745,33.0075,0,2.2005,0.0002789654,33.0075,0
2.2014,-0.0004045167,33.021,0,2.2014,0.0002568093,33.021,0
2.2023,-0.0002903792,33.0345,0,2.2023,0.0002272679,33.0345,0
2.2032,-0.0001651637,33.048,0,2.2032,0.0001873197,33.048,0
2.2041,-0.0001571069,33.0615,0,2.2041,7.016098E-05,33.0615,0
2.205,-0.0001990692,33.075,0,2.205,-5.136187E-05,33.075,0
2.2059,-0.0001131304,33.0885,0,2.2059,-0.0001138018,33.0885,0
2.2068,4.263371E-05,33.102,0,2.2068,-3.424125E-05,33.102,0
2.2077,0.000126894,33.1155,0,2.2077,-3.994812E-05,33.1155,0
2.2086,8.526741E-05,33.129,0,2.2086,-0.0001205158,33.129,0
2.2095,0.0001339437,33.1425,0,2.2095,-7.486076E-05,33.1425,0
2.2104,0.0003360342,33.156,0,2.2104,-6.54612E-05,33.156,0
2.2113,0.000140322,33.1695,0,2.2113,-0.0001295796,33.1695,0
2.2122,3.021286E-06,33.183,0,2.2122,-0.0001339437,33.183,0
2.2131,0.0001524071,33.1965,0,2.2131,-0.0002269322,33.1965,0
2.214,-0.0001037308,33.21,0,2.214,-0.0004293584,33.21,0
2.2149,-0.0003951171,33.2235,0,2.2149,-0.0004276799,33.2235,0
2.2158,-0.00033402,33.237,0,2.2158,-0.0003894102,33.237,0
2.2167,-9.802396E-05,33.2505,0,2.2167,-0.0001279011,33.2505,0
2.2176,8.358892E-05,33.264,0,2.2176,0.0002558022,33.264,0
2.2185,0.0001044022,33.2775,0,2.2185,0.0004226444,33.2775,0
2.2194,-3.424125E-05,33.291,0,2.2194,0.0003313344,33.291,0
2.2203,-0.0001077592,33.3045,0,2.2203,0.0003105211,33.3045,0
2.2212,-9.097429E-05,33.318,0,2.2212,0.0001376364,33.318,0
2.2221,0.0001366293,33.3315,0,2.2221,-1.309224E-05,33.3315,0
2.223,0.0001769131,33.345,0,2.223,3.256275E-05,33.345,0
2.2239,-1.107805E-05,33.3585,0,2.2239,4.800488E-05,33.3585,0
2.2248,-4.39765E-05,33.372,0,2.2248,-2.551309E-05,33.372,0
2.2257,-3.591974E-05,33.3855,0,2.2257,1.510643E-05,33.3855,0
2.2266,2.853437E-05,33.399,0,2.2266,1.007095E-05,33.399,0
2.2275,0.0003461051,33.4125,0,2.2275,-9.533837E-05,33.4125,0
2.2284,0.0004374151,33.426,0,2.2284,-0.000193698,33.426,0
2.2293,0.0001379721,33.4395,0,2.2293,-0.0002581521,33.4395,0
2.2302,-0.0001698634,33.453,0,2.2302,-0.0001701991,33.453,0
2.2311,-0.0002665446,33.4665,0,2.2311,-0.0001084306,33.4665,0
2.232,-0.000478706,33.48,0,2.232,1.141375E-05,33.48,0
2.2329,-0.0005401389,33.4935,0,2.2329,0.0001044022,33.4935,0
2.2338,-0.0001292439,33.507,0,2.2338,4.263371E-05,33.507,0
2.2347,-5.941863E-05,33.5205,0,2.2347,-3.424125E-05,33.5205,0
2.2356,9.231708E-05,33.534,0,2.2356,-0.0001033951,33.534,0
2.2365,0.0002064546,33.5475,0,2.2365,-4.599069E-05,33.5475,0
2.2374,0.000361883,33.561,0,2.2374,-2.786297E-05,33.561,0
2.2383,0.0002467384,33.5745,0,2.2383,-8.426032E-05,33.5745,0
2.2392,4.36408E-06,33.588,0,2.2392,-6.009003E-05,33.588,0
2.2401,-0.0001973907,33.6015,0,2.2401,-2.28275E-05,33.6015,0
2.241,-0.0002682231,33.615,0,2.241,-1.107805E-05,33.615,0
2.2419,-4.53193E-05,33.6285,0,2.2419,-7.956054E-05,33.6285,0
2.2428,9.231708E-05,33.642,0,2.2428,-0.000136965,33.642,0
2.2437,0.0001107805,33.6555,0,2.2437,-0.0001554284,33.6555,0
2.2446,0.0001359579,33.669,0,2.2446,-5.169757E-05,33.669,0
2.2455,-1.242084E-05,33.6825,0,2.2455,2.417029E-05,33.6825,0
2.2464,-0.0002242466,33.696,0,2.2464,5.102617E-05,33.696,0
2.2473,-2.887007E-05,33.7095,0,2.2473,8.358892E-05,33.7095,0
2.2482,0.0002027619,33.723,0,2.2482,6.51255E-05,33.723,0
2.2491,0.0004333867,33.7365,0,2.2491,-4.733349E-05,33.7365,0
2.25,0.0005807584,33.75,0,2.25,-5.371176E-05,33.75,0
2.2509,0.000587808,33.7635,0,2.2509,-4.061952E-05,33.7635,0
2.2518,0.0002840009,33.777,0,2.2518,-1.007095E-05,33.777,0
2.2527,-0.0001574426,33.7905,0,2.2527,0.0001299153,33.7905,0
2.2536,-0.0005616235,33.804,0,2.2536,9.533837E-05,33.804,0
2.2545,-0.000812726,33.8175,0,2.2545,-2.652018E-05,33.8175,0
2.2554,-0.0006438697,33.831,0,2.2554,-0.0001077592,33.831,0
2.2563,-0.0002302892,33.8445,0,2.2563,-0.0002521096,33.8445,0
2.2572,-8.493171E-05,33.858,0,2.2572,-0.0001628138,33.858,0
2.2581,-3.524834E-05,33.8715,0,2.2581,2.349889E-05,33.8715,0
2.259,-4.33051E-05,33.885,0,2.259,0.000126894,33.885,0
2.2599,2.517739E-05,33.8985,0,2.2599,0.0003125353,33.8985,0
2.2608,2.316319E-05,33.912,0,2.2608,0.0004142519,33.912,0
2.2617,9.634547E-05,33.9255,0,2.2617,0.0001483787,33.9255,0
2.2626,0.0001675135,33.939,0,2.2626,1.107805E-05,33.939,0
2.2635,4.061952E-05,33.9525,0,2.2635,7.016098E-05,33.9525,0
2.2644,-7.620356E-05,33.966,0,2.2644,1.174945E-05,33.966,0
2.2653,8.89601E-05,33.9795,0,2.2653,-4.36408E-05,33.9795,0
2.2662,8.96315E-05,33.993,0,2.2662,9.735256E-06,33.993,0
2.2671,-7.049668E-05,34.0065,0,2.2671,6.881819E-05,34.0065,0
2.268,-8.426032E-05,34.02,0,2.268,3.054856E-05,34.02,0
2.2689,0.0001164874,34.0335,0,2.2689,-5.136187E-05,34.0335,0
2.2698,0.0003367056,34.047,0,2.2698,-6.6804E-05,34.047,0
2.2707,0.0003262989,34.0605,0,2.2707,-4.39765E-05,34.0605,0
2.2716,0.0001795987,34.074,0,2.2716,-0.0002064546,34.074,0
2.2725,-6.344701E-05,34.0875,0,2.2725,-0.0004545357,34.0875,0
2.2734,-0.0002151827,34.101,0,2.2734,-0.0004209659,34.101,0
2.2743,-6.982528E-05,34.1145,0,2.2743,-0.0002326391,34.1145,0
2.2752,6.78111E-05,34.128,0,2.2752,-0.0001101091,34.128,0
2.2761,8.392462E-06,34.1415,0,2.2761,-4.699779E-06,34.1415,0
2.277,-0.0001668421,34.155,0,2.277,0.0003447623,34.155,0
2.2779,-0.0001500572,34.1685,0,2.2779,0.0002742657,34.1685,0
2.2788,-0.0001094377,34.182,0,2.2788,4.36408E-05,34.182,0
2.2797,-4.229801E-05,34.1955,0,2.2797,3.793393E-05,34.1955,0
2.2806,-1.007095E-05,34.209,0,2.2806,2.652018E-05,34.209,0
2.2815,-1.007095E-05,34.2225,0,2.2815,-0.0001060807,34.2225,0
2.2824,-1.007095E-05,34.236,0,2.2824,-0.0001990692,34.236,0
2.2833,-2.349889E-06,34.2495,0,2.2833,-0.0001883268,34.2495,0
2.2842,9.164568E-05,34.263,0,2.2842,-8.89601E-05,34.263,0
2.2851,7.486076E-05,34.2765,0,2.2851,3.927672E-05,34.2765,0
2.286,5.774014E-05,34.29,0,2.286,0.0001064164,34.29,0
2.2869,5.001907E-05,34.3035,0,2.2869,0.0001571069,34.3035,0
2.2878,9.231708E-05,34.317,0,2.2878,0.0001171588,34.317,0
2.2887,0.0002544594,34.3305,0,2.2887,4.028382E-06,34.3305,0
2.2896,0.0002521096,34.344,0,2.2896,-0.0001544213,34.344,0
2.2905,-3.793393E-05,34.3575,0,2.2905,-0.0001661708,34.3575,0
2.2914,-0.000193698,34.371,0,2.2914,-0.0001708705,34.371,0
2.2923,-0.0001802701,34.3845,0,2.2923,-0.0002568093,34.3845,0
2.2932,-0.0003561761,34.398,0,2.2932,-0.0001755703,34.398,0
2.2941,-0.0002366674,34.4115,0,2.2941,-5.673304E-05,34.4115,0
2.295,0.0003608759,34.425,0,2.295,9.500267E-05,34.425,0
2.2959,0.0003692683,34.4385,0,2.2959,0.000200412,34.4385,0
2.2968,0.0002897078,34.452,0,2.2968,0.0002356603,34.452,0
2.2977,0.0001433432,34.4655,0,2.2977,0.0001853056,34.4655,0
2.2986,-0.0001084306,34.479,0,2.2986,0.0001564355,34.479,0
2.2995,-0.0003326772,34.4925,0,2.2995,0.000109102,34.4925,0
2.3004,-0.0003464408,34.506,0,2.3004,-3.121996E-05,34.506,0
2.3013,-0.0002171969,34.5195,0,2.3013,-6.009003E-05,34.5195,0
2.3022,-0.0002608377,34.533,0,2.3022,-7.721065E-05,34.533,0
2.3031,-0.0001698634,34.5465,0,2.3031,-0.0001359579,34.5465,0
2.304,2.786297E-05,34.56,0,2.304,-5.069047E-05,34.56,0
2.3049,7.016098E-05,34.5735,0,2.3049,9.097429E-05,34.5735,0
2.3058,1.577783E-05,34.587,0,2.3058,9.097429E-05,34.587,0
2.3067,-9.970245E-05,34.6005,0,2.3067,-5.539025E-05,34.6005,0
2.3076,-0.0002101472,34.614,0,2.3076,-2.954147E-05,34.614,0
2.3085,-0.0002742657,34.6275,0,2.3085,-0.000130251,34.6275,0
2.3094,-0.0002336461,34.641,0,2.3094,-0.0001920195,34.641,0
2.3103,-2.920577E-05,34.6545,0,2.3103,-0.0001490501,34.6545,0
2.3112,0.0001621424,34.668,0,2.3112,-3.558404E-05,34.668,0
2.3121,0.0002145113,34.6815,0,2.3121,-1.644922E-05,34.6815,0
2.313,9.600977E-05,34.695,0,2.313,6.713969E-07,34.695,0
2.3139,-0.0001164874,34.7085,0,2.3139,7.150377E-05,34.7085,0
2.3148,-0.0001866484,34.722,0,2.3148,0.000102388,34.722,0
2.3157,-0.0002057832,34.7355,0,2.3157,2.786297E-05,34.7355,0
2.3166,-0.0001678492,34.749,0,2.3166,-7.620356E-05,34.749,0
2.3175,6.378271E-05,34.7625,0,2.3175,-7.318227E-05,34.7625,0
2.3184,0.0001534142,34.776,0,2.3184,-4.565499E-05,34.776,0
2.3193,0.0002017548,34.7895,0,2.3193,-6.915389E-05,34.7895,0
2.3202,0.0001621424,34.803,0,2.3202,-0.0001782559,34.803,0
2.3211,9.030289E-05,34.8165,0,2.3211,-0.0001957122,34.8165,0
2.322,0.0001695277,34.83,0,2.322,-0.000154757,34.83,0
2.3229,0.0001997406,34.8435,0,2.3229,-0.0001252155,34.8435,0
2.3238,0.0001524071,34.857,0,2.3238,-0.0001134661,34.857,0
2.3247,0.0001164874,34.8705,0,2.3247,0.000105745,34.8705,0
2.3256,9.433127E-05,34.884,0,2.3256,0.0003702754,34.884,0
2.3265,-3.054856E-05,34.8975,0,2.3265,0.0002276036,34.8975,0
2.3274,-7.016098E-05,34.911,0,2.3274,-4.934768E-05,34.911,0
2.3283,0.0001151446,34.9245,0,2.3283,-8.023193E-05,34.9245,0
2.3292,0.0002554666,34.938,0,2.3292,-2.719158E-05,34.938,0
2.3301,0.0001846342,34.9515,0,2.3301,3.323415E-05,34.9515,0
2.331,4.129091E-05,34.965,0,2.331,8.996719E-05,34.965,0
2.3319,-6.210422E-05,34.9785,0,2.3319,8.72816E-05,34.9785,0
2.3328,0.0001399863,34.992,0,2.3328,2.316319E-05,34.992,0
2.3337,6.881819E-05,35.0055,0,2.3337,3.692683E-05,35.0055,0
2.3346,-0.0001507286,35.019,0,2.3346,6.009003E-05,35.019,0
2.3355,-0.0001671778,35.0325,0,2.3355,7.049668E-06,35.0325,0
2.3364,-0.0001990692,35.046,0,2.3364,-7.553216E-05,35.046,0
2.3373,-8.224613E-05,35.0595,0,2.3373,-0.0001050736,35.0595,0
2.3382,2.18204E-05,35.073,0,2.3382,-9.701686E-05,35.073,0
2.3391,-7.284657E-05,35.0865,0,2.3391,-0.0001349508,35.0865,0
2.34,-5.404745E-05,35.1,0,2.34,-0.0001695277,35.1,0
2.3409,-3.659113E-05,35.1135,0,2.3409,-0.0002255894,35.1135,0
2.3418,-0.0001252155,35.127,0,2.3418,-0.0001356222,35.127,0
2.3427,-0.0001517357,35.1405,0,2.3427,-4.867628E-05,35.1405,0
2.3436,-7.452507E-05,35.154,0,2.3436,-2.752728E-05,35.154,0
2.3445,-5.505455E-05,35.1675,0,2.3445,0.0001003738,35.1675,0
2.3454,-8.426032E-05,35.181,0,2.3454,0.0001943694,35.181,0
2.3463,9.063859E-06,35.1945,0,2.3463,0.0001772488,35.1945,0
2.3472,5.236896E-05,35.208,0,2.3472,0.000102388,35.208,0
2.3481,7.687495E-05,35.2215,0,2.3481,-7.855344E-05,35.2215,0
2.349,0.0001735561,35.235,0,2.349,-0.0002960861,35.235,0
2.3499,0.0003165637,35.2485,0,2.3499,-0.0003098497,35.2485,0
2.3508,0.0002017548,35.262,0,2.3508,-0.0002833295,35.262,0
2.3517,-5.539025E-05,35.2755,0,2.3517,-0.0001151446,35.2755,0
2.3526,-0.0003071641,35.289,0,2.3526,0.0002077974,35.289,0
2.3535,-0.0005079118,35.3025,0,2.3535,0.0004072023,35.3025,0
2.3544,-0.0003662471,35.316,0,2.3544,0.0002077974,35.316,0
2.3553,-0.0002061189,35.3295,0,2.3553,0.0001534142,35.3295,0
2.3562,-4.53193E-05,35.343,0,2.3562,5.606165E-05,35.343,0
2.3571,9.097429E-05,35.3565,0,2.3571,8.392462E-06,35.3565,0
2.358,0.0002440528,35.37,0,2.358,5.203327E-05,35.37,0
2.3589,0.0001913481,35.3835,0,2.3589,1.040665E-05,35.3835,0
2.3598,-8.459602E-05,35.397,0,2.3598,-4.229801E-05,35.397,0
2.3607,-0.0001503929,35.4105,0,2.3607,-3.726253E-05,35.4105,0
2.3616,-0.0001604639,35.424,0,2.3616,6.378271E-06,35.424,0
2.3625,-0.0001967193,35.4375,0,2.3625,-8.392462E-06,35.4375,0
2.3634,-1.913481E-05,35.451,0,2.3634,-7.956054E-05,35.451,0
2.3643,0.0001195087,35.4645,0,2.3643,-8.258183E-05,35.4645,0
2.3652,0.000172549,35.478,0,2.3652,2.1149E-05,35.478,0
2.3661,0.0003454337,35.4915,0,2.3661,-3.894102E-05,35.4915,0
2.367,0.0003447623,35.505,0,2.367,-0.0002970932,35.505,0
2.3679,0.0001221943,35.5185,0,2.3679,-0.0004669566,35.5185,0
2.3688,0.0001373007,35.532,0,2.3688,-0.000345098,35.532,0
2.3697,0.0001312581,35.5455,0,2.3697,-0.0002568093,35.5455,0
2.3706,-0.0001665064,35.559,0,2.3706,-7.888914E-05,35.559,0
2.3715,-0.0004028382,35.5725,0,2.3715,0.0002695659,35.5725,0
2.3724,-9.231708E-05,35.586,0,2.3724,0.00042533,35.586,0
2.3733,-0.0001923552,35.5995,0,2.3733,0.0002652018,35.5995,0
2.3742,-0.0001534142,35.613,0,2.3742,0.0001373007,35.613,0
2.3751,-7.452507E-05,35.6265,0,2.3751,8.459602E-05,35.6265,0
2.376,-3.726253E-05,35.64,0,2.376,7.284657E-05,35.64,0
2.3769,-3.121996E-05,35.6535,0,2.3769,5.673304E-05,35.6535,0
2.3778,-1.745632E-05,35.667,0,2.3778,-6.64683E-05,35.667,0
2.3787,2.652018E-05,35.6805,0,2.3787,-7.956054E-05,35.6805,0
2.3796,4.196231E-05,35.694,0,2.3796,-4.53193E-05,35.694,0
2.3805,7.150377E-05,35.7075,0,2.3805,-0.0001389792,35.7075,0
2.3814,0.0001218585,35.721,0,2.3814,-0.000197055,35.721,0
2.3823,9.903105E-05,35.7345,0,2.3823,-0.0001453574,35.7345,0
2.3832,0.0002799725,35.748,0,2.3832,-9.433127E-05,35.748,0
2.3841,0.0003971313,35.7615,0,2.3841,-0.0001131304,35.7615,0
2.385,8.96315E-05,35.775,0,2.385,-0.0001346151,35.775,0
2.3859,-5.941863E-05,35.7885,0,2.3859,-0.0001171588,35.7885,0
2.3868,-0.000115816,35.802,0,2.3868,-0.0001416648,35.802,0
2.3877,-0.0001795987,35.8155,0,2.3877,-0.0001017166,35.8155,0
2.3886,-0.0001027237,35.829,0,2.3886,0.0001027237,35.829,0
2.3895,2.349889E-06,35.8425,0,2.3895,0.0003561761,35.8425,0
2.3904,-5.706874E-05,35.856,0,2.3904,0.0004129091,35.856,0
2.3913,-3.390555E-05,35.8695,0,2.3913,0.0001883268,35.8695,0
2.3922,4.36408E-05,35.883,0,2.3922,1.846342E-05,35.883,0
2.3931,0.0002789654,35.8965,0,2.3931,-1.007095E-05,35.8965,0
2.394,0.0003575189,35.91,0,2.394,1.007095E-06,35.91,0
2.3949,0.0001111162,35.9235,0,2.3949,-6.848249E-05,35.9235,0
2.3958,-1.174945E-05,35.937,0,2.3958,-5.740444E-05,35.937,0
2.3967,-0.0004172732,35.9505,0,2.3967,-6.076142E-05,35.9505,0
2.3976,-0.0006358129,35.964,0,2.3976,-8.996719E-05,35.964,0
2.3985,-0.0004004883,35.9775,0,2.3985,-4.061952E-05,35.9775,0
2.3994,-0.0002329748,35.991,0,2.3994,-3.189136E-05,35.991,0
2.4003,-5.001907E-05,36.0045,0,2.4003,-4.095522E-05,36.0045,0
2.4012,-6.378271E-06,36.018,0,2.4012,-5.136187E-05,36.018,0
2.4021,1.040665E-05,36.0315,0,2.4021,-4.934768E-05,36.0315,0
2.403,-5.471885E-05,36.045,0,2.403,-4.666209E-05,36.045,0
2.4039,-0.0001634852,36.0585,0,2.4039,-7.553216E-05,36.0585,0
2.4048,-1.376364E-05,36.072,0,2.4048,-0.000148043,36.072,0
2.4057,-1.007095E-06,36.0855,0,2.4057,-9.768826E-05,36.0855,0
2.4066,-6.210422E-05,36.099,0,2.4066,-6.78111E-05,36.099,0
2.4075,2.954147E-05,36.1125,0,2.4075,-6.61326E-05,36.1125,0
2.4084,0.0001174945,36.126,0,2.4084,-3.759823E-05,36.126,0
2.4093,-0.0001144732,36.1395,0,2.4093,5.841154E-05,36.1395,0
2.4102,-4.196231E-05,36.153,0,2.4102,7.385367E-06,36.153,0
2.4111,0.0002017548,36.1665,0,2.4111,-7.083238E-05,36.1665,0
2.412,0.0002803082,36.18,0,2.412,-3.726253E-05,36.18,0
2.4129,0.0003521477,36.1935,0,2.4129,-0.0001138018,36.1935,0
2.4138,0.0002964218,36.207,0,2.4138,-0.0001977264,36.207,0
2.4147,0.0001493858,36.2205,0,2.4147,-9.466698E-05,36.2205,0
2.4156,-1.409934E-05,36.234,0,2.4156,-3.390555E-05,36.234,0
2.4165,-0.0001470359,36.2475,0,2.4165,1.980621E-05,36.2475,0
2.4174,6.076142E-05,36.261,0,2.4174,0.0001554284,36.261,0
2.4183,9.365987E-05,36.2745,0,2.4183,0.0001443503,36.2745,0
2.4192,-3.692683E-06,36.288,0,2.4192,-9.298848E-05,36.288,0
2.4201,-2.047761E-05,36.3015,0,2.4201,-0.0001507286,36.3015,0
2.421,6.713969E-06,36.315,0,2.421,-0.0001406577,36.315,0
2.4219,-0.0001332723,36.3285,0,2.4219,-5.136187E-05,36.3285,0
2.4228,-6.51255E-05,36.342,0,2.4228,-7.049668E-06,36.342,0
2.4237,-3.994812E-05,36.3555,0,2.4237,-0.0001809415,36.3555,0
2.4246,-4.095522E-05,36.369,0,2.4246,-0.0001832914,36.369,0
2.4255,-6.64683E-05,36.3825,0,2.4255,-0.0001651637,36.3825,0
2.4264,-0.0001896696,36.396,0,2.4264,-4.36408E-06,36.396,0
2.4273,-0.0002641947,36.4095,0,2.4273,0.0002970932,36.4095,0
2.4282,-0.0001638209,36.423,0,2.4282,0.000604593,36.423,0
2.4291,3.860533E-05,36.4365,0,2.4291,0.0004615854,36.4365,0
2.43,6.109713E-05,36.45,0,2.43,0.0002574807,36.45,0
2.4309,-1.678492E-06,36.4635,0,2.4309,0.0001560998,36.4635,0
2.4318,1.846342E-05,36.477,0,2.4318,6.411841E-05,36.477,0
2.4327,4.129091E-05,36.4905,0,2.4327,5.841154E-05,36.4905,0
2.4336,5.706874E-06,36.504,0,2.4336,2.417029E-05,36.504,0
2.4345,-1.342794E-06,36.5175,0,2.4345,-4.263371E-05,36.5175,0
2.4354,3.390555E-05,36.531,0,2.4354,-8.426032E-05,36.531,0
2.4363,9.600977E-05,36.5445,0,2.4363,-3.625543E-05,36.5445,0
2.4372,1.040665E-05,36.558,0,2.4372,-6.54612E-05,36.558,0
2.4381,-1.644922E-05,36.5715,0,2.4381,-0.000161471,36.5715,0
2.439,7.284657E-05,36.585,0,2.439,-0.0001443503,36.585,0
2.4399,3.726253E-05,36.5985,0,2.4399,-0.0002333104,36.5985,0
2.4408,-1.779202E-05,36.612,0,2.4408,-0.0002940719,36.612,0
2.4417,2.316319E-05,36.6255,0,2.4417,-0.0002991073,36.6255,0
2.4426,0.0001769131,36.639,0,2.4426,-0.0002588235,36.639,0
2.4435,0.0002064546,36.6525,0,2.4435,-0.0001957122,36.6525,0
2.4444,0.000263859,36.666,0,2.4444,-4.53193E-05,36.666,0
2.4453,0.0002346532,36.6795,0,2.4453,5.572595E-05,36.6795,0
2.4462,9.533837E-05,36.693,0,2.4462,0.0001957122,36.693,0
2.4471,-5.941863E-05,36.7065,0,2.4471,0.0002541238,36.7065,0
2.448,-0.0001198444,36.72,0,2.448,9.298848E-05,36.72,0
2.4489,-0.0002819867,36.7335,0,2.4489,3.994812E-05,36.7335,0
2.4498,-0.000316228,36.747,0,2.4498,6.6804E-05,36.747,0
2.4507,-0.0002997787,36.7605,0,2.4507,-9.735256E-06,36.7605,0
2.4516,-7.217517E-05,36.774,0,2.4516,-0.0001104448,36.774,0
2.4525,-6.61326E-05,36.7875,0,2.4525,-5.706874E-06,36.7875,0
2.4534,-0.0001560998,36.801,0,2.4534,1.846342E-05,36.801,0
2.4543,-0.0001604639,36.8145,0,2.4543,-2.786297E-05,36.8145,0
2.4552,-7.620356E-05,36.828,0,2.4552,-4.867628E-05,36.828,0
2.4561,7.385367E-06,36.8415,0,2.4561,-0.0001185016,36.8415,0
2.457,1.309224E-05,36.855,0,2.457,-0.0001601282,36.855,0
2.4579,1.913481E-05,36.8685,0,2.4579,-0.0001060807,36.8685,0
2.4588,-3.021286E-06,36.882,0,2.4588,-8.560311E-05,36.882,0
2.4597,-0.000109102,36.8955,0,2.4597,-1.947051E-05,36.8955,0
2.4606,-1.174945E-05,36.909,0,2.4606,7.083238E-05,36.909,0
2.4615,7.888914E-05,36.9225,0,2.4615,3.692683E-05,36.9225,0
2.4624,0.000112459,36.936,0,2.4624,-4.49836E-05,36.936,0
2.4633,0.0001064164,36.9495,0,2.4633,-2.786297E-05,36.9495,0
2.4642,9.097429E-05,36.963,0,2.4642,9.735256E-06,36.963,0
2.4651,8.493171E-05,36.9765,0,2.4651,3.591974E-05,36.9765,0
2.466,8.023193E-05,36.99,0,2.466,-9.735256E-06,36.99,0
2.4669,0.0001483787,37.0035,0,2.4669,-2.24918E-05,37.0035,0
2.4678,0.0001044022,37.017,0,2.4678,-5.337606E-05,37.017,0
2.4687,-1.409934E-05,37.0305,0,2.4687,-6.881819E-05,37.0305,0
2.4696,-6.176852E-05,37.044,0,2.4696,-3.021286E-06,37.044,0
2.4705,-0.0001567712,37.0575,0,2.4705,-1.879912E-05,37.0575,0
2.4714,-0.0001866484,37.071,0,2.4714,-0.0002061189,37.071,0
2.4723,9.567407E-05,37.0845,0,2.4723,-0.0002507668,37.0845,0
2.4732,0.0002433814,37.098,0,2.4732,-5.639734E-05,37.098,0
2.4741,0.0002947433,37.1115,0,2.4741,0.0001104448,37.1115,0
2.475,0.0002292821,37.125,0,2.475,0.0001151446,37.125,0
2.4759,8.89601E-05,37.1385,0,2.4759,0.0002709087,37.1385,0
2.4768,-1.443504E-05,37.152,0,2.4768,0.0002994431,37.152,0
2.4777,-9.668116E-05,37.1655,0,2.4777,0.0001007095,37.1655,0
2.4786,-0.000102388,37.179,0,2.4786,-4.33051E-05,37.179,0
2.4795,-3.726253E-05,37.1925,0,2.4795,3.121996E-05,37.1925,0
2.4804,-0.0001933623,37.206,0,2.4804,3.457694E-05,37.206,0
2.4813,-0.0001537499,37.2195,0,2.4813,-6.478981E-05,37.2195,0
2.4822,-2.349889E-05,37.233,0,2.4822,-8.92958E-05,37.233,0
2.4831,-8.291753E-05,37.2465,0,2.4831,-2.18204E-05,37.2465,0
2.484,-0.0001201801,37.26,0,2.484,-7.418937E-05,37.26,0
2.4849,-0.0001544213,37.2735,0,2.4849,-0.0002655375,37.2735,0
2.4858,-0.0001866484,37.287,0,2.4858,-0.0003964599,37.287,0
2.4867,-0.0003054856,37.3005,0,2.4867,-0.0003491264,37.3005,0
2.4876,-0.0002608377,37.314,0,2.4876,-0.0002091402,37.314,0
2.4885,-0.0001312581,37.3275,0,2.4885,-2.383459E-05,37.3275,0
2.4894,-3.793393E-05,37.341,0,2.4894,0.0001641566,37.341,0
2.4903,-2.853437E-05,37.3545,0,2.4903,0.0004061952,37.3545,0
2.4912,0.0001279011,37.368,0,2.4912,0.000340734,37.368,0
2.4921,0.0001795987,37.3815,0,2.4921,6.54612E-05,37.3815,0
2.493,0.0001550927,37.395,0,2.493,6.277562E-05,37.395,0
2.4939,0.0001040665,37.4085,0,2.4939,8.191043E-05,37.4085,0
2.4948,6.814679E-05,37.422,0,2.4948,-1.712062E-05,37.422,0
2.4957,2.987716E-05,37.4355,0,2.4957,-2.21561E-05,37.4355,0
2.4966,9.063859E-06,37.449,0,2.4966,4.599069E-05,37.449,0
2.4975,0.0001151446,37.4625,0,2.4975,1.477073E-05,37.4625,0
2.4984,0.0001977264,37.476,0,2.4984,-5.337606E-05,37.476,0
2.4993,0.0001148089,37.4895,0,2.4993,-0.0001084306,37.4895,0
2.5002,-8.795301E-05,37.503,0,2.5002,-7.721065E-05,37.503,0
2.5011,-0.0002024262,37.5165,0,2.5011,-7.922484E-05,37.5165,0
2.502,-0.0001003738,37.53,0,2.502,-0.0001433432,37.53,0
2.5029,-6.109713E-05,37.5435,0,2.5029,-0.0001453574,37.5435,0
2.5038,-3.088426E-05,37.557,0,2.5038,-6.54612E-05,37.557,0
2.5047,3.189136E-05,37.5705,0,2.5047,-7.687495E-05,37.5705,0
2.5056,-0.0001037308,37.584,0,2.5056,-0.0001134661,37.584,0
2.5065,-5.807584E-05,37.5975,0,2.5065,4.699779E-05,37.5975,0
2.5074,7.721065E-06,37.611,0,2.5074,8.023193E-05,37.611,0
2.5083,-2.349889E-06,37.6245,0,2.5083,4.934768E-05,37.6245,0
2.5092,0.0001080949,37.638,0,2.5092,8.69459E-05,37.638,0
2.5101,0.0001178302,37.6515,0,2.5101,-1.174945E-05,37.6515,0
2.511,6.143282E-05,37.665,0,2.511,-0.0001507286,37.665,0
2.5119,-3.692683E-06,37.6785,0,2.5119,-0.0002000763,37.6785,0
2.5128,6.378271E-06,37.692,0,2.5128,-0.0002047761,37.692,0
2.5137,0.0001178302,37.7055,0,2.5137,-0.0001678492,37.7055,0
2.5146,-3.356985E-07,37.719,0,2.5146,-0.0001920195,37.719,0
2.5155,-2.417029E-05,37.7325,0,2.5155,-0.0001245441,37.7325,0
2.5164,-3.356985E-07,37.746,0,2.5164,-0.0001460288,37.746,0
2.5173,-0.0001047379,37.7595,0,2.5173,-7.183947E-05,37.7595,0
2.5182,-9.634547E-05,37.773,0,2.5182,0.0001440146,37.773,0
2.5191,3.524834E-05,37.7865,0,2.5191,0.0003555047,37.7865,0
2.52,-9.735256E-06,37.8,0,2.52,0.000464271,37.8,0
2.5209,-3.591974E-05,37.8135,0,2.5209,0.0002222324,37.8135,0
2.5218,-1.040665E-05,37.827,0,2.5218,-1.174945E-05,37.827,0
2.5227,8.291753E-05,37.8405,0,2.5227,-0.0001584497,37.8405,0
2.5236,4.53193E-05,37.854,0,2.5236,-0.0001601282,37.854,0
2.5245,6.54612E-05,37.8675,0,2.5245,-0.0001708705,37.8675,0
2.5254,0.0001433432,37.881,0,2.5254,-0.0001107805,37.881,0
2.5263,2.685588E-06,37.8945,0,2.5263,0.0001104448,37.8945,0
2.5272,-0.0001322652,37.908,0,2.5272,0.0003192493,37.908,0
2.5281,-0.0001141375,37.9215,0,2.5281,0.0001399863,37.9215,0
2.529,-7.553216E-05,37.935,0,2.529,-1.342794E-05,37.935,0
2.5299,5.203327E-05,37.9485,0,2.5299,3.189136E-05,37.9485,0
2.5308,0.000158114,37.962,0,2.5308,2.081331E-05,37.962,0
2.5317,-1.544213E-05,37.9755,0,2.5317,1.409934E-05,37.9755,0
2.5326,-0.0001795987,37.989,0,2.5326,-6.64683E-05,37.989,0
2.5335,-0.0001644923,38.0025,0,2.5335,-8.92958E-05,38.0025,0
2.5344,-0.0002346532,38.016,0,2.5344,-4.800488E-05,38.016,0
2.5353,-0.0001359579,38.0295,0,2.5353,-4.061952E-05,38.0295,0
2.5362,4.800488E-05,38.043,0,2.5362,-1.879912E-05,38.043,0
2.5371,0.0002668803,38.0565,0,2.5371,-5.807584E-05,38.0565,0
2.538,0.0006119784,38.07,0,2.538,-0.0001926909,38.07,0
2.5389,0.0005173113,38.0835,0,2.5389,-0.0003333486,38.0835,0
2.5398,0.0001507286,38.097,0,2.5398,-0.0003991455,38.097,0
2.5407,3.189136E-05,38.1105,0,2.5407,-0.000190341,38.1105,0
2.5416,-0.0004018311,38.124,0,2.5416,5.505455E-05,38.124,0
2.5425,-0.0006525979,38.1375,0,2.5425,0.0001218585,38.1375,0
2.5434,-0.0004004883,38.151,0,2.5434,0.0002245823,38.151,0
2.5443,-0.0001470359,38.1645,0,2.5443,0.0004172732,38.1645,0
2.5452,-0.0002386816,38.178,0,2.5452,0.0002353246,38.178,0
2.5461,-0.0001433432,38.1915,0,2.5461,6.143282E-05,38.1915,0
2.547,7.821774E-05,38.205,0,2.547,8.023193E-05,38.205,0
2.5479,0.0001913481,38.2185,0,2.5479,8.392462E-06,38.2185,0
2.5488,8.89601E-05,38.232,0,2.5488,-6.478981E-05,38.232,0
2.5497,4.196231E-05,38.2455,0,2.5497,-4.129091E-05,38.2455,0
2.5506,4.43122E-05,38.259,0,2.5506,-1.577783E-05,38.259,0
2.5515,-0.0001816129,38.2725,0,2.5515,-0.000158114,38.2725,0
2.5524,-0.000256138,38.286,0,2.5524,-0.0002296178,38.286,0
2.5533,-1.208515E-05,38.2995,0,2.5533,-0.0002534524,38.2995,0
2.5542,0.0001198444,38.313,0,2.5542,-0.0002034333,38.313,0
2.5551,-2.349889E-06,38.3265,0,2.5551,-0.0001775845,38.3265,0
2.556,-8.023193E-05,38.34,0,2.556,-7.754635E-05,38.34,0
2.5569,2.484169E-05,38.3535,0,2.5569,0.0001232013,38.3535,0
2.5578,8.89601E-05,38.367,0,2.5578,0.000235996,38.367,0
2.5587,0.0001044022,38.3805,0,2.5587,0.0001366293,38.3805,0
2.5596,0.0001010452,38.394,0,2.5596,1.510643E-05,38.394,0
2.5605,0.0001245441,38.4075,0,2.5605,6.210422E-05,38.4075,0
2.5614,9.970245E-05,38.421,0,2.5614,6.277562E-05,38.421,0
2.5623,0.0001591211,38.4345,0,2.5623,-8.526741E-05,38.4345,0
2.5632,0.0002353246,38.448,0,2.5632,-0.0001846342,38.448,0
2.5641,7.922484E-05,38.4615,0,2.5641,-0.000207126,38.4615,0
2.565,-7.351797E-05,38.475,0,2.565,-0.0002682231,38.475,0
2.5659,5.337606E-05,38.4885,0,2.5659,-0.0002870222,38.4885,0
2.5668,0.0002440528,38.502,0,2.5668,-0.0002769512,38.502,0
2.5677,0.0001624781,38.5155,0,2.5677,8.056763E-06,38.5155,0
2.5686,0.0002034333,38.529,0,2.5686,0.0001534142,38.529,0
2.5695,3.726253E-05,38.5425,0,2.5695,0.0003058213,38.5425,0
2.5704,-0.0002051118,38.556,0,2.5704,0.0003461051,38.556,0
2.5713,-0.0004783703,38.5695,0,2.5713,0.0003662471,38.5695,0
2.5722,-0.0005025406,38.583,0,2.5722,0.0001054093,38.583,0
2.5731,-0.0002668803,38.5965,0,2.5731,-0.0001399863,38.5965,0
2.574,-0.0001255512,38.61,0,2.574,-0.0001188373,38.61,0
2.5749,-4.901198E-05,38.6235,0,2.5749,-6.009003E-05,38.6235,0
2.5758,-2.786297E-05,38.637,0,2.5758,-8.69459E-05,38.637,0
2.5767,-9.030289E-05,38.6505,0,2.5767,-5.706874E-06,38.6505,0
2.5776,8.291753E-05,38.664,0,2.5776,0.0001084306,38.664,0
2.5785,8.72816E-05,38.6775,0,2.5785,8.459602E-05,38.6775,0
2.5794,0.0001524071,38.691,0,2.5794,1.846342E-05,38.691,0
2.5803,0.0003326772,38.7045,0,2.5803,-4.229801E-05,38.7045,0
2.5812,0.0003380484,38.718,0,2.5812,-2.887007E-05,38.718,0
2.5821,0.0002198825,38.7315,0,2.5821,-9.500267E-05,38.7315,0
2.583,0.0002034333,38.745,0,2.583,-0.0001775845,38.745,0
2.5839,-0.0001080949,38.7585,0,2.5839,-0.0002655375,38.7585,0
2.5848,-0.0004199588,38.772,0,2.5848,-0.0001755703,38.772,0
2.5857,-0.0004139162,38.7855,0,2.5857,-6.78111E-05,38.7855,0
2.5866,-0.0003709468,38.799,0,2.5866,-1.577783E-05,38.799,0
2.5875,-0.0001701991,38.8125,0,2.5875,0.0001735561,38.8125,0
2.5884,-3.860533E-05,38.826,0,2.5884,0.000175906,38.826,0
2.5893,-5.572595E-05,38.8395,0,2.5893,6.042573E-06,38.8395,0
2.5902,-6.243992E-05,38.853,0,2.5902,1.745632E-05,38.853,0
2.5911,-2.484169E-05,38.8665,0,2.5911,3.692683E-06,38.8665,0
2.592,3.927672E-05,38.88,0,2.592,-6.143282E-05,38.88,0
2.5929,8.89601E-05,38.8935,0,2.5929,-7.217517E-05,38.8935,0
2.5938,0.0001285725,38.907,0,2.5938,-7.083238E-05,38.907,0
2.5947,4.599069E-05,38.9205,0,2.5947,-5.035477E-05,38.9205,0
2.5956,6.311131E-05,38.934,0,2.5956,-0.000123537,38.934,0
2.5965,4.263371E-05,38.9475,0,2.5965,-0.0002262608,38.9475,0
2.5974,-6.713969E-07,38.961,0,2.5974,-0.0002464027,38.961,0
2.5983,7.754635E-05,38.9745,0,2.5983,-0.0001510643,38.9745,0
2.5992,0.0003044785,38.988,0,2.5992,-9.936675E-05,38.988,0
2.6001,0.0003313344,39.0015,0,2.6001,2.1149E-05,39.0015,0
2.601,0.0001701991,39.015,0,2.601,0.000224918,39.015,0
2.6019,3.726253E-05,39.0285,0,2.6019,0.000260502,39.0285,0
2.6028,-0.0002225681,39.042,0,2.6028,9.365987E-05,39.042,0
2.6037,-0.0004394293,39.0555,0,2.6037,1.477073E-05,39.0555,0
2.6046,-0.00018262,39.069,0,2.6046,-8.69459E-05,39.069,0
2.6055,-9.735256E-06,39.0825,0,2.6055,-0.0002930648,39.0825,0
2.6064,0.0001138018,39.096,0,2.6064,-0.0003293202,39.096,0
2.6073,0.0003320058,39.1095,0,2.6073,-0.000239353,39.1095,0
2.6082,0.0002641947,39.123,0,2.6082,-6.713969E-07,39.123,0
2.6091,-1.443504E-05,39.1365,0,2.6091,0.0002212253,39.1365,0
2.61,-0.0001238727,39.15,0,2.61,0.0004317082,39.15,0
2.6109,-0.0002537881,39.1635,0,2.6109,0.0002813153,39.1635,0
2.6118,-0.0003514763,39.177,0,2.6118,0.0001621424,39.177,0
2.6127,-0.0002030976,39.1905,0,2.6127,6.6804E-05,39.1905,0
2.6136,-2.584878E-05,39.204,0,2.6136,-7.721065E-05,39.204,0
2.6145,2.954147E-05,39.2175,0,2.6145,-6.210422E-05,39.2175,0
2.6154,5.539025E-05,39.231,0,2.6154,-3.759823E-05,39.231,0
2.6163,5.035477E-06,39.2445,0,2.6163,-0.0001661708,39.2445,0
2.6172,-9.063859E-06,39.258,0,2.6172,-0.0001624781,39.258,0
2.6181,-4.599069E-05,39.2715,0,2.6181,-0.0001339437,39.2715,0
2.619,-8.392462E-06,39.285,0,2.619,1.376364E-05,39.285,0
2.6199,-3.356985E-07,39.2985,0,2.6199,6.042573E-06,39.2985,0
2.6208,-1.712062E-05,39.312,0,2.6208,-8.89601E-05,39.312,0
2.6217,5.270466E-05,39.3255,0,2.6217,7.049668E-05,39.3255,0
2.6226,9.164568E-05,39.339,0,2.6226,0.0002400244,39.339,0
2.6235,0.0001782559,39.3525,0,2.6235,0.0002091402,39.3525,0
2.6244,0.0002279393,39.366,0,2.6244,2.1149E-05,39.366,0
2.6253,0.0002155184,39.3795,0,2.6253,-7.586786E-05,39.3795,0
2.6262,0.0001080949,39.393,0,2.6262,-0.000109102,39.393,0
2.6271,-0.0001044022,39.4065,0,2.6271,-0.0001218585,39.4065,0
2.628,-2.081331E-05,39.42,0,2.628,-3.524834E-05,39.42,0
2.6289,-4.39765E-05,39.4335,0,2.6289,8.023193E-05,39.4335,0
2.6298,-8.426032E-05,39.447,0,2.6298,9.634547E-05,39.447,0
2.6307,0.0001433432,39.4605,0,2.6307,5.304036E-05,39.4605,0
2.6316,8.89601E-05,39.474,0,2.6316,-4.061952E-05,39.474,0
2.6325,-9.399557E-05,39.4875,0,2.6325,-0.0001245441,39.4875,0
2.6334,-0.0001007095,39.501,0,2.6334,-0.0001211871,39.501,0
2.6343,-0.0002051118,39.5145,0,2.6343,-0.0001584497,39.5145,0
2.6352,-0.0003884031,39.528,0,2.6352,-0.0001420005,39.528,0
2.6361,-0.0003924315,39.5415,0,2.6361,-5.404745E-05,39.5415,0
2.637,-0.0001695277,39.555,0,2.637,5.337606E-05,39.555,0
2.6379,-0.0001198444,39.5685,0,2.6379,-1.577783E-05,39.5685,0
2.6388,-8.493171E-05,39.582,0,2.6388,-7.956054E-05,39.582,0
2.6397,5.606165E-05,39.5955,0,2.6397,-3.659113E-05,39.5955,0
2.6406,3.659113E-05,39.609,0,2.6406,-2.383459E-05,39.609,0
2.6415,0.0001037308,39.6225,0,2.6415,4.53193E-05,39.6225,0
2.6424,0.0001178302,39.636,0,2.6424,2.047761E-05,39.636,0
2.6433,7.687495E-05,39.6495,0,2.6433,-3.356985E-07,39.6495,0
2.6442,9.298848E-05,39.663,0,2.6442,2.887007E-05,39.663,0
2.6451,0.0001067521,39.6765,0,2.6451,0.0001030594,39.6765,0
2.646,4.028382E-06,39.69,0,2.646,6.411841E-05,39.69,0
2.6469,2.1149E-05,39.7035,0,2.6469,1.846342E-05,39.7035,0
2.6478,7.351797E-05,39.717,0,2.6478,-1.007095E-05,39.717,0
2.6487,-5.673304E-05,39.7305,0,2.6487,-2.786297E-05,39.7305,0
2.6496,-6.6804E-05,39.744,0,2.6496,-0.0001097734,39.744,0
2.6505,0.0002648661,39.7575,0,2.6505,-0.0001514,39.7575,0
2.6514,0.0004192874,39.771,0,2.6514,-0.0001836271,39.771,0
2.6523,0.0004474861,39.7845,0,2.6523,-0.0001930266,39.7845,0
2.6532,0.0002772869,39.798,0,2.6532,-0.0002067903,39.798,0
2.6541,0.0001420005,39.8115,0,2.6541,-0.0002034333,39.8115,0
2.655,-0.0001748989,39.825,0,2.655,-0.0001084306,39.825,0
2.6559,-0.0004129091,39.8385,0,2.6559,-2.014191E-06,39.8385,0
2.6568,-0.0004729991,39.852,0,2.6568,0.0001433432,39.852,0
2.6577,-0.0005022049,39.8655,0,2.6577,0.0001201801,39.8655,0
2.6586,-0.0003803464,39.879,0,2.6586,0.0002084688,39.879,0
2.6595,-0.0001067521,39.8925,0,2.6595,0.0002615091,39.8925,0
2.6604,2.24918E-05,39.906,0,2.6604,0.0002057832,39.906,0
2.6613,-2.987716E-05,39.9195,0,2.6613,5.337606E-05,39.9195,0
2.6622,-0.0002124971,39.933,0,2.6622,2.450599E-05,39.933,0
2.6631,-0.0002269322,39.9465,0,2.6631,2.014191E-06,39.9465,0
2.664,-7.687495E-05,39.96,0,2.664,-5.975433E-05,39.96,0
2.6649,-1.745632E-05,39.9735,0,2.6649,-8.89601E-05,39.9735,0
2.6658,8.291753E-05,39.987,0,2.6658,-1.712062E-05,39.987,0
2.6667,0.0001332723,40.0005,0,2.6667,-2.652018E-05,40.0005,0
2.6676,0.0001211871,40.014,0,2.6676,-0.0001201801,40.014,0
2.6685,0.0002450599,40.0275,0,2.6685,-0.0001225299,40.0275,0
2.6694,0.0002947433,40.041,0,2.6694,-0.0002910506,40.041,0
2.6703,0.0001628138,40.0545,0,2.6703,-0.0004226444,40.0545,0
2.6712,0.0001514,40.068,0,2.6712,-0.0003706111,40.068,0
2.6721,3.994812E-05,40.0815,0,2.6721,-0.0001775845,40.0815,0
2.673,-0.0001799344,40.095,0,2.673,0.0001920195,40.095,0
2.6739,-0.0002208896,40.1085,0,2.6739,0.0004938125,40.1085,0
2.6748,-8.89601E-05,40.122,0,2.6748,0.0004280156,40.122,0
2.6757,2.24918E-05,40.1355,0,2.6757,0.0002128328,40.1355,0
2.6766,1.644922E-05,40.149,0,2.6766,0.0001356222,40.149,0
2.6775,-6.277562E-05,40.1625,0,2.6775,2.853437E-05,40.1625,0
2.6784,1.577783E-05,40.176,0,2.6784,-2.786297E-05,40.176,0
2.6793,1.107805E-05,40.1895,0,2.6793,2.618448E-05,40.1895,0
2.6802,2.417029E-05,40.203,0,2.6802,-3.088426E-05,40.203,0
2.6811,5.505455E-05,40.2165,0,2.6811,-8.92958E-05,40.2165,0
2.682,5.337606E-05,40.23,0,2.682,3.356985E-07,40.23,0
2.6829,2.517739E-05,40.2435,0,2.6829,-8.392462E-06,40.2435,0
2.6838,1.040665E-05,40.257,0,2.6838,-0.0001154803,40.257,0
2.6847,-1.678492E-06,40.2705,0,2.6847,-0.0001574426,40.2705,0
2.6856,1.712062E-05,40.284,0,2.6856,-8.023193E-05,40.284,0
2.6865,6.54612E-05,40.2975,0,2.6865,-7.318227E-05,40.2975,0
2.6874,2.887007E-05,40.311,0,2.6874,-0.0001443503,40.311,0
2.6883,-3.054856E-05,40.3245,0,2.6883,-0.0002621805,40.3245,0
2.6892,0.0001607996,40.338,0,2.6892,-0.0002239109,40.338,0
2.6901,0.0004374151,40.3515,0,2.6901,-0.0003011215,40.3515,0
2.691,0.0004823987,40.365,0,2.691,-0.0003665827,40.365,0
2.6919,0.0004991837,40.3785,0,2.6919,-0.0002497597,40.3785,0
2.6928,0.0001661708,40.392,0,2.6928,5.438316E-05,40.392,0
2.6937,-0.0002188754,40.4055,0,2.6937,9.533837E-05,40.4055,0
2.6946,-0.0005361105,40.419,0,2.6946,0.0002252537,40.419,0
2.6955,-0.000608957,40.4325,0,2.6955,0.0004588998,40.4325,0
2.6964,-0.0002719158,40.446,0,2.6964,0.000446479,40.446,0
2.6973,-0.0002091402,40.4595,0,2.6973,0.0002628519,40.4595,0
2.6982,-0.0001769131,40.473,0,2.6982,0.0001332723,40.473,0
2.6991,-0.0001795987,40.4865,0,2.6991,4.46479E-05,40.4865,0
2.7,-0.0001077592,40.5,0,2.7,-3.457694E-05,40.5,0
2.7009,9.365987E-05,40.5135,0,2.7009,-3.155566E-05,40.5135,0
2.7018,0.0001312581,40.527,0,2.7018,-7.989624E-05,40.527,0
2.7027,-2.349889E-06,40.5405,0,2.7027,-1.376364E-05,40.5405,0
2.7036,-4.46479E-05,40.554,0,2.7036,-4.699779E-06,40.554,0
2.7045,-8.89601E-05,40.5675,0,2.7045,-9.198138E-05,40.5675,0
2.7054,-0.0001101091,40.581,0,2.7054,-0.000252781,40.581,0
2.7063,6.6804E-05,40.5945,0,2.7063,-0.0003259632,40.5945,0
2.7072,0.0001168231,40.608,0,2.7072,-0.0002977645,40.608,0
2.7081,0.0002299535,40.6215,0,2.7081,-0.0002205539,40.6215,0
2.709,0.0004051881,40.635,0,2.709,-6.210422E-05,40.635,0
2.7099,0.0003071641,40.6485,0,2.7099,0.0001607996,40.6485,0
2.7108,3.121996E-05,40.662,0,2.7108,0.0002735943,40.662,0
2.7117,-8.023193E-05,40.6755,0,2.7117,0.0002205539,40.6755,0
2.7126,-0.0001960479,40.689,0,2.7126,0.0001376364,40.689,0
2.7135,-0.0005149615,40.7025,0,2.7135,2.920577E-05,40.7025,0
2.7144,-0.0002870222,40.716,0,2.7144,-5.706874E-06,40.716,0
2.7153,2.517739E-05,40.7295,0,2.7153,-9.500267E-05,40.7295,0
2.7162,0.000105745,40.743,0,2.7162,-2.987716E-05,40.743,0
2.7171,9.701686E-05,40.7565,0,2.7171,-1.040665E-05,40.7565,0
2.718,-0.0001675135,40.77,0,2.718,-6.6804E-05,40.77,0
2.7189,-0.000285008,40.7835,0,2.7189,-4.49836E-05,40.7835,0
2.7198,-0.0001604639,40.797,0,2.7198,-2.081331E-05,40.797,0
2.7207,-9.030289E-05,40.8105,0,2.7207,-0.0001131304,40.8105,0
2.7216,-5.639734E-05,40.824,0,2.7216,-0.0001634852,40.824,0
2.7225,-4.36408E-06,40.8375,0,2.7225,-9.835965E-05,40.8375,0
2.7234,0.0001080949,40.851,0,2.7234,-4.867628E-05,40.851,0
2.7243,0.000119173,40.8645,0,2.7243,-0.0001564355,40.8645,0
2.7252,0.0001252155,40.878,0,2.7252,-0.0001483787,40.878,0
2.7261,8.224613E-05,40.8915,0,2.7261,-0.0001856413,40.8915,0
2.727,9.835965E-05,40.905,0,2.727,-0.0002098116,40.905,0
2.7279,-5.572595E-05,40.9185,0,2.7279,-9.903105E-05,40.9185,0
2.7288,-1.980621E-05,40.932,0,2.7288,0.0001681849,40.932,0
2.7297,0.000126894,40.9455,0,2.7297,0.0004239872,40.9455,0
2.7306,0.000112459,40.959,0,2.7306,0.000379675,40.959,0
2.7315,3.591974E-05,40.9725,0,2.7315,0.0001456931,40.9725,0
2.7324,-1.376364E-05,40.986,0,2.7324,0.0001000381,40.986,0
2.7333,-5.069047E-05,40.9995,0,2.7333,0.0001097734,40.9995,0
2.7342,2.484169E-05,41.013,0,2.7342,-4.599069E-05,41.013,0
2.7351,2.484169E-05,41.0265,0,2.7351,-0.0001490501,41.0265,0
2.736,-3.356985E-07,41.04,0,2.736,-7.452507E-05,41.04,0
2.7369,4.196231E-05,41.0535,0,2.7369,-3.558404E-05,41.0535,0
2.7378,9.097429E-05,41.067,0,2.7378,-6.881819E-05,41.067,0
2.7387,0.0001409934,41.0805,0,2.7387,-6.78111E-05,41.0805,0
2.7396,-7.049668E-06,41.094,0,2.7396,-7.452507E-05,41.094,0
2.7405,9.231708E-05,41.1075,0,2.7405,-4.632639E-05,41.1075,0
2.7414,8.96315E-05,41.121,0,2.7414,6.042573E-06,41.121,0
2.7423,-0.0001722133,41.1345,0,2.7423,3.927672E-05,41.1345,0
2.7432,-6.948959E-05,41.148,0,2.7432,7.150377E-05,41.148,0
2.7441,3.591974E-05,41.1615,0,2.7441,-1.980621E-05,41.1615,0
2.745,-4.46479E-05,41.175,0,2.745,-9.970245E-05,41.175,0
2.7459,0.0001279011,41.1885,0,2.7459,-6.848249E-05,41.1885,0
2.7468,0.0002306248,41.202,0,2.7468,-3.289845E-05,41.202,0
2.7477,7.821774E-05,41.2155,0,2.7477,-3.927672E-05,41.2155,0
2.7486,-0.0002339818,41.229,0,2.7486,-0.0001430075,41.229,0
2.7495,-0.0003890745,41.2425,0,2.7495,-0.0001349508,41.2425,0
2.7504,-0.00051664,41.256,0,2.7504,-0.0001571069,41.256,0
2.7513,-0.00024271,41.2695,0,2.7513,-0.0003175708,41.2695,0
2.7522,0.000203769,41.283,0,2.7522,-0.0001920195,41.283,0
2.7531,0.0002034333,41.2965,0,2.7531,6.411841E-05,41.2965,0
2.754,8.157473E-05,41.31,0,2.754,0.0001027237,41.31,0
2.7549,-2.417029E-05,41.3235,0,2.7549,-1.007095E-06,41.3235,0
2.7558,-0.0002218967,41.337,0,2.7558,-1.644922E-05,41.337,0
2.7567,-0.0002655375,41.3505,0,2.7567,6.61326E-05,41.3505,0
2.7576,5.337606E-05,41.364,0,2.7576,9.231708E-05,41.364,0
2.7585,0.0001483787,41.3775,0,2.7585,9.567407E-05,41.3775,0
2.7594,0.0001101091,41.391,0,2.7594,0.000158114,41.391,0
2.7603,-6.478981E-05,41.4045,0,2.7603,0.0001433432,41.4045,0
2.7612,-0.0001695277,41.418,0,2.7612,3.860533E-05,41.418,0
2.7621,-0.0001685206,41.4315,0,2.7621,-8.258183E-05,41.4315,0
2.763,-0.000112459,41.445,0,2.763,-4.028382E-05,41.445,0
2.7639,-9.063859E-06,41.4585,0,2.7639,-2.18204E-05,41.4585,0
2.7648,-2.484169E-05,41.472,0,2.7648,-3.558404E-05,41.472,0
2.7657,-3.759823E-05,41.4855,0,2.7657,-9.735256E-06,41.4855,0
2.7666,-1.107805E-05,41.499,0,2.7666,9.063859E-06,41.499,0
2.7675,6.076142E-05,41.5125,0,2.7675,-0.0001537499,41.5125,0
2.7684,0.0001131304,41.526,0,2.7684,-0.0002487526,41.526,0
2.7693,0.0002312963,41.5395,0,2.7693,-0.0002077974,41.5395,0
2.7702,0.0003346914,41.553,0,2.7702,-0.0001456931,41.553,0
2.7711,0.0001654994,41.5665,0,2.7711,-0.0001319295,41.5665,0
2.772,4.934768E-05,41.58,0,2.772,-6.61326E-05,41.58,0
2.7729,-3.256275E-05,41.5935,0,2.7729,4.46479E-05,41.5935,0
2.7738,-0.0002222324,41.607,0,2.7738,3.256275E-05,41.607,0
2.7747,-0.0001507286,41.6205,0,2.7747,-4.36408E-06,41.6205,0
2.7756,-1.644922E-05,41.634,0,2.7756,7.150377E-05,41.634,0
2.7765,-0.0001275654,41.6475,0,2.7765,0.0001601282,41.6475,0
2.7774,1.846342E-05,41.661,0,2.7774,0.0001607996,41.661,0
2.7783,1.007095E-06,41.6745,0,2.7783,0.0002735943,41.6745,0
2.7792,-7.049668E-05,41.688,0,2.7792,0.0001842985,41.688,0
2.7801,-5.035477E-06,41.7015,0,2.7801,0.0001510643,41.7015,0
2.781,4.53193E-05,41.715,0,2.781,0.0001389792,41.715,0
2.7819,7.217517E-05,41.7285,0,2.7819,1.510643E-05,41.7285,0
2.7828,0.000105745,41.742,0,2.7828,-4.263371E-05,41.742,0
2.7837,0.0001104448,41.7555,0,2.7837,-2.349889E-06,41.7555,0
2.7846,5.539025E-05,41.769,0,2.7846,-2.316319E-05,41.769,0
2.7855,-5.706874E-06,41.7825,0,2.7855,-0.0001436789,41.7825,0
2.7864,-2.853437E-05,41.796,0,2.7864,-0.0001785916,41.796,0
2.7873,2.450599E-05,41.8095,0,2.7873,-0.0001460288,41.8095,0
2.7882,8.560311E-05,41.823,0,2.7882,-0.0001373007,41.823,0
2.7891,7.721065E-05,41.8365,0,2.7891,-0.0001809415,41.8365,0
2.79,4.36408E-05,41.85,0,2.79,-3.558404E-05,41.85,0
2.7909,2.1149E-05,41.8635,0,2.7909,1.544213E-05,41.8635,0
2.7918,0.0001980621,41.877,0,2.7918,-2.652018E-05,41.877,0
2.7927,0.0002239109,41.8905,0,2.7927,3.591974E-05,41.8905,0
2.7936,-7.721065E-06,41.904,0,2.7936,8.157473E-05,41.904,0
2.7945,-6.915389E-05,41.9175,0,2.7945,3.390555E-05,41.9175,0
2.7954,-7.821774E-05,41.931,0,2.7954,2.987716E-05,41.931,0
2.7963,-5.136187E-05,41.9445,0,2.7963,-4.699779E-05,41.9445,0
2.7972,-0.0001070878,41.958,0,2.7972,-1.980621E-05,41.958,0
2.7981,-0.0001453574,41.9715,0,2.7981,4.39765E-05,41.9715,0
2.799,-0.0001211871,41.985,0,2.799,-6.109713E-05,41.985,0
2.7999,-6.6804E-05,41.9985,0,2.7999,-0.0002722515,41.9985,0
2.8008,-6.143282E-05,42.012,0,2.8008,-0.0003252918,42.012,0
2.8017,0.0001782559,42.0255,0,2.8017,-0.0003185779,42.0255,0
2.8026,0.0003461051,42.039,0,2.8026,-0.0002514381,42.039,0
2.8035,0.0002544594,42.0525,0,2.8035,-2.383459E-05,42.0525,0
2.8044,-8.96315E-05,42.066,0,2.8044,0.0001967193,42.066,0
2.8053,-0.0004025025,42.0795,0,2.8053,0.0001352865,42.0795,0
2.8062,-0.0004105592,42.093,0,2.8062,2.517739E-05,42.093,0
2.8071,-0.0002994431,42.1065,0,2.8071,-4.934768E-05,42.1065,0
2.808,-0.0001715419,42.12,0,2.808,7.150377E-05,42.12,0
2.8089,-5.471885E-05,42.1335,0,2.8089,0.0001769131,42.1335,0
2.8098,-1.242084E-05,42.147,0,2.8098,0.000295079,42.147,0
2.8107,-6.478981E-05,42.1605,0,2.8107,0.000274937,42.1605,0
2.8116,-1.242084E-05,42.174,0,2.8116,0.0001245441,42.174,0
2.8125,3.659113E-05,42.1875,0,2.8125,-6.478981E-05,42.1875,0
2.8134,3.323415E-05,42.201,0,2.8134,-0.0002091402,42.201,0
2.8143,-5.807584E-05,42.2145,0,2.8143,-0.000172549,42.2145,0
2.8152,1.141375E-05,42.228,0,2.8152,-0.0001802701,42.228,0
2.8161,3.591974E-05,42.2415,0,2.8161,-0.0001436789,42.2415,0
2.817,0.0001765774,42.255,0,2.817,5.539025E-05,42.255,0
2.8179,0.0002024262,42.2685,0,2.8179,0.0001762417,42.2685,0
2.8188,8.157473E-05,42.282,0,2.8188,9.433127E-05,42.282,0
2.8197,-9.298848E-05,42.2955,0,2.8197,3.356985E-05,42.2955,0
2.8206,-0.0001560998,42.309,0,2.8206,3.356985E-05,42.309,0
2.8215,-0.0001514,42.3225,0,2.8215,-4.095522E-05,42.3225,0
2.8224,-0.0001762417,42.336,0,2.8224,-0.0001077592,42.336,0
2.8233,-9.701686E-05,42.3495,0,2.8233,-0.0001618067,42.3495,0
2.8242,3.659113E-05,42.363,0,2.8242,-0.0001238727,42.363,0
2.8251,5.606165E-05,42.3765,0,2.8251,-0.0001185016,42.3765,0
2.826,1.577783E-05,42.39,0,2.826,-8.291753E-05,42.39,0
2.8269,3.726253E-05,42.4035,0,2.8269,5.606165E-05,42.4035,0
2.8278,-0.0001232013,42.417,0,2.8278,0.0001809415,42.417,0
2.8287,-0.0001574426,42.4305,0,2.8287,5.169757E-05,42.4305,0
2.8296,0.000175906,42.444,0,2.8296,-0.0001067521,42.444,0
2.8305,0.0004166018,42.4575,0,2.8305,-7.687495E-05,42.4575,0
2.8314,0.00042533,42.471,0,2.8314,-0.000119173,42.471,0
2.8323,0.0003635614,42.4845,0,2.8323,-0.000330663,42.4845,0
2.8332,0.0001245441,42.498,0,2.8332,-0.0003712825,42.498,0
2.8341,-0.0004874342,42.5115,0,2.8341,-0.000246067,42.5115,0
2.835,-0.000548867,42.525,0,2.835,-0.0001607996,42.525,0
2.8359,-0.0002276036,42.5385,0,2.8359,7.385367E-06,42.5385,0
2.8368,-0.0001977264,42.552,0,2.8368,0.0003568475,42.552,0
2.8377,-6.51255E-05,42.5655,0,2.8377,0.0005898222,42.5655,0
2.8386,7.754635E-05,42.579,0,2.8386,0.0003541619,42.579,0
2.8395,4.061952E-05,42.5925,0,2.8395,0.0001715419,42.5925,0
2.8404,1.712062E-05,42.606,0,2.8404,0.0001010452,42.606,0
2.8413,4.934768E-05,42.6195,0,2.8413,8.795301E-05,42.6195,0
2.8422,1.644922E-05,42.633,0,2.8422,8.392462E-06,42.633,0
2.8431,4.934768E-05,42.6465,0,2.8431,-6.54612E-05,42.6465,0
2.844,7.620356E-05,42.66,0,2.844,1.309224E-05,42.66,0
2.8449,0.0001218585,42.6735,0,2.8449,6.713969E-06,42.6735,0
2.8458,0.0001990692,42.687,0,2.8458,-0.000115816,42.687,0
2.8467,0.0003367056,42.7005,0,2.8467,-0.0001225299,42.7005,0
2.8476,0.0003944457,42.714,0,2.8476,-7.553216E-05,42.714,0
2.8485,0.0004051881,42.7275,0,2.8485,-9.466698E-05,42.7275,0
2.8494,0.0001910124,42.741,0,2.8494,-0.0001225299,42.741,0
2.8503,-0.0002145113,42.7545,0,2.8503,-0.0001738918,42.7545,0
2.8512,-0.0004850843,42.768,0,2.8512,-0.0001634852,42.768,0
2.8521,-0.0005290608,42.7815,0,2.8521,-0.0001252155,42.7815,0
2.853,-0.0003511406,42.795,0,2.853,-4.934768E-05,42.795,0
2.8539,-0.0002840009,42.8085,0,2.8539,-1.242084E-05,42.8085,0
2.8548,-0.0001748989,42.822,0,2.8548,-9.063859E-06,42.822,0
2.8557,-7.721065E-05,42.8355,0,2.8557,-6.6804E-05,42.8355,0
2.8566,-1.846342E-05,42.849,0,2.8566,-0.0002077974,42.849,0
2.8575,1.678492E-06,42.8625,0,2.8575,-0.0001829557,42.8625,0
2.8584,1.174945E-05,42.876,0,2.8584,-0.0001359579,42.876,0
2.8593,-4.028382E-06,42.8895,0,2.8593,-0.0002030976,42.8895,0
2.8602,-3.155566E-05,42.903,0,2.8602,-0.0001138018,42.903,0
2.8611,4.46479E-05,42.9165,0,2.8611,0.0001040665,42.9165,0
2.862,5.069047E-05,42.93,0,2.862,1.007095E-06,42.93,0
2.8629,2.786297E-05,42.9435,0,2.8629,5.337606E-05,42.9435,0
2.8638,6.243992E-05,42.957,0,2.8638,0.000207126,42.957,0
2.8647,7.217517E-05,42.9705,0,2.8647,0.0002601663,42.9705,0
2.8656,1.242084E-05,42.984,0,2.8656,0.0001399863,42.984,0
2.8665,2.752728E-05,42.9975,0,2.8665,1.141375E-05,42.9975,0
2.8674,3.860533E-05,43.011,0,2.8674,-1.007095E-05,43.011,0
2.8683,5.001907E-05,43.0245,0,2.8683,9.265278E-05,43.0245,0
2.8692,5.941863E-05,43.038,0,2.8692,6.277562E-05,43.038,0
2.8701,3.625543E-05,43.0515,0,2.8701,-6.378271E-05,43.0515,0
2.871,5.203327E-05,43.065,0,2.871,-5.404745E-05,43.065,0
2.8719,0.0001131304,43.0785,0,2.8719,-6.143282E-05,43.0785,0
2.8728,0.0001097734,43.092,0,2.8728,-3.927672E-05,43.092,0
2.8737,5.874724E-05,43.1055,0,2.8737,4.901198E-05,43.1055,0
2.8746,6.378271E-05,43.119,0,2.8746,9.298848E-05,43.119,0
2.8755,9.231708E-05,43.1325,0,2.8755,2.819867E-05,43.1325,0
2.8764,4.129091E-05,43.146,0,2.8764,4.263371E-05,43.146,0
2.8773,3.994812E-05,43.1595,0,2.8773,-8.056763E-06,43.1595,0
2.8782,7.385367E-06,43.173,0,2.8782,-6.378271E-05,43.173,0
2.8791,6.143282E-05,43.1865,0,2.8791,-0.0001483787,43.1865,0
2.88,0.0003380484,43.2,0,2.88,-0.0004139162,43.2,0
2.8809,0.000503212,43.2135,0,2.8809,-0.0006552835,43.2135,0
2.8818,0.0003675898,43.227,0,2.8818,-0.000657969,43.227,0
2.8827,9.970245E-05,43.2405,0,2.8827,-0.0005495384,43.2405,0
2.8836,-0.0002923934,43.254,0,2.8836,-0.0002702373,43.254,0
2.8845,-0.0004706493,43.2675,0,2.8845,0.0004132448,43.2675,0
2.8854,-0.0007224231,43.281,0,2.8854,0.0008509957,43.281,0
2.8863,-0.0006928816,43.2945,0,2.8863,0.000914107,43.2945,0
2.8872,-0.0002712444,43.308,0,2.8872,0.0005925078,43.308,0
2.8881,-0.0001258869,43.3215,0,2.8881,0.0003299916,43.3215,0
2.889,-0.000105745,43.335,0,2.889,0.0002124971,43.335,0
2.8899,-7.217517E-05,43.3485,0,2.8899,4.599069E-05,43.3485,0
2.8908,-7.318227E-05,43.362,0,2.8908,-0.0001366293,43.362,0
2.8917,-4.800488E-05,43.3755,0,2.8917,-0.000148043,43.3755,0
2.8926,-1.846342E-05,43.389,0,2.8926,-0.0001782559,43.389,0
2.8935,-1.846342E-05,43.4025,0,2.8935,-0.0002054475,43.4025,0
2.8944,5.606165E-05,43.416,0,2.8944,1.678492E-05,43.416,0
2.8953,0.0001359579,43.4295,0,2.8953,0.0001534142,43.4295,0
2.8962,0.0002279393,43.443,0,2.8962,1.510643E-05,43.443,0
2.8971,0.0002655375,43.4565,0,2.8971,-0.0001262226,43.4565,0
2.898,0.0001500572,43.47,0,2.898,-0.0001282368,43.47,0
2.8989,5.606165E-05,43.4835,0,2.8989,-0.0001332723,43.4835,0
2.8998,3.424125E-05,43.497,0,2.8998,-0.000179263,43.497,0
2.9007,-9.802396E-05,43.5105,0,2.9007,-0.0001963836,43.5105,0
2.9016,-0.0001030594,43.524,0,2.9016,-0.0001178302,43.524,0
2.9025,7.821774E-05,43.5375,0,2.9025,-6.78111E-05,43.5375,0
2.9034,1.947051E-05,43.551,0,2.9034,-1.644922E-05,43.551,0
2.9043,-8.291753E-05,43.5645,0,2.9043,1.577783E-05,43.5645,0
2.9052,-6.411841E-05,43.578,0,2.9052,2.517739E-05,43.578,0
2.9061,9.365987E-05,43.5915,0,2.9061,-0.0001027237,43.5915,0
2.907,0.0003454337,43.605,0,2.907,-0.0002413672,43.605,0
2.9079,0.0003675898,43.6185,0,2.9079,-0.0001883268,43.6185,0
2.9088,0.0001769131,43.632,0,2.9088,-6.713969E-07,43.632,0
2.9097,0.000158114,43.6455,0,2.9097,0.0001232013,43.6455,0
2.9106,-0.0001389792,43.659,0,2.9106,7.586786E-05,43.659,0
2.9115,-0.0003625544,43.6725,0,2.9115,6.277562E-05,43.6725,0
2.9124,-0.000482063,43.686,0,2.9124,8.426032E-05,43.686,0
2.9133,-0.0003269703,43.6995,0,2.9133,2.1149E-05,43.6995,0
2.9142,-0.0002685588,43.713,0,2.9142,-0.0001067521,43.713,0
2.9151,-0.0001675135,43.7265,0,2.9151,-7.553216E-05,43.7265,0
2.916,-5.203327E-05,43.74,0,2.916,-6.344701E-05,43.74,0
2.9169,-5.539025E-05,43.7535,0,2.9169,-2.920577E-05,43.7535,0
2.9178,-0.0001832914,43.767,0,2.9178,-4.33051E-05,43.767,0
2.9187,-0.0002165255,43.7805,0,2.9187,-4.46479E-05,43.7805,0
2.9196,-0.0001309224,43.794,0,2.9196,4.36408E-06,43.794,0
2.9205,-3.356985E-07,43.8075,0,2.9205,1.309224E-05,43.8075,0
2.9214,7.418937E-05,43.821,0,2.9214,4.263371E-05,43.821,0
2.9223,9.903105E-05,43.8345,0,2.9223,0.0001044022,43.8345,0
2.9232,8.560311E-05,43.848,0,2.9232,7.721065E-06,43.848,0
2.9241,0.0001010452,43.8615,0,2.9241,-7.553216E-05,43.8615,0
2.925,0.0001366293,43.875,0,2.925,1.544213E-05,43.875,0
2.9259,0.0001379721,43.8885,0,2.9259,2.853437E-05,43.8885,0
2.9268,9.869535E-05,43.902,0,2.9268,-2.719158E-05,43.902,0
2.9277,5.203327E-05,43.9155,0,2.9277,-4.733349E-05,43.9155,0
2.9286,7.486076E-05,43.929,0,2.9286,-7.418937E-05,43.929,0
2.9295,7.754635E-05,43.9425,0,2.9295,-7.888914E-05,43.9425,0
2.9304,0.0001003738,43.956,0,2.9304,-0.0001282368,43.956,0
2.9313,0.0001070878,43.9695,0,2.9313,-0.000239353,43.9695,0
2.9322,0.0001386435,43.983,0,2.9322,-0.0002077974,43.983,0
2.9331,0.0001500572,43.9965,0,2.9331,-7.888914E-05,43.9965,0
2.934,0.0001728847,44.01,0,2.934,-3.491264E-05,44.01,0
2.9349,4.53193E-05,44.0235,0,2.9349,6.814679E-05,44.0235,0
2.9358,0.0002098116,44.037,0,2.9358,7.989624E-05,44.037,0
2.9367,0.0003964599,44.0505,0,2.9367,-3.054856E-05,44.0505,0
2.9376,0.0002124971,44.064,0,2.9376,-0.0002141756,44.064,0
2.9385,-0.0001923552,44.0775,0,2.9385,-0.0002437171,44.0775,0
2.9394,-0.0002628519,44.091,0,2.9394,-0.0001134661,44.091,0
2.9403,-0.0002312963,44.1045,0,2.9403,9.231708E-05,44.1045,0
2.9412,-0.0001154803,44.118,0,2.9412,9.500267E-05,44.118,0
2.9421,9.869535E-05,44.1315,0,2.9421,3.826963E-05,44.1315,0
2.943,0.0002762798,44.145,0,2.943,0.0001121233,44.145,0
2.9439,0.0002688945,44.1585,0,2.9439,0.0001795987,44.1585,0
2.9448,-0.0001930266,44.172,0,2.9448,5.740444E-05,44.172,0
2.9457,-0.0003152209,44.1855,0,2.9457,0.0001514,44.1855,0
2.9466,-0.0004588998,44.199,0,2.9466,0.0002806439,44.199,0
2.9475,-0.0005159685,44.2125,0,2.9475,0.0003232776,44.2125,0
2.9484,-0.0003118639,44.226,0,2.9484,0.0002413672,44.226,0
2.9493,-0.0001765774,44.2395,0,2.9493,0.0001967193,44.2395,0
2.9502,-8.761731E-05,44.253,0,2.9502,9.365987E-05,44.253,0
2.9511,7.721065E-06,44.2665,0,2.9511,-4.36408E-05,44.2665,0
2.952,5.035477E-06,44.28,0,2.952,-3.424125E-05,44.28,0
2.9529,4.263371E-05,44.2935,0,2.9529,-2.853437E-05,44.2935,0
2.9538,5.136187E-05,44.307,0,2.9538,-0.0001111162,44.307,0
2.9547,1.141375E-05,44.3205,0,2.9547,-0.000119173,44.3205,0
2.9556,2.450599E-05,44.334,0,2.9556,-5.069047E-05,44.334,0
2.9565,1.980621E-05,44.3475,0,2.9565,-9.768826E-05,44.3475,0
2.9574,4.867628E-05,44.361,0,2.9574,-0.0001809415,44.361,0
2.9583,5.304036E-05,44.3745,0,2.9583,-0.0001634852,44.3745,0
2.9592,0.0001299153,44.388,0,2.9592,-5.069047E-05,44.388,0
2.9601,0.0002077974,44.4015,0,2.9601,-4.129091E-05,44.4015,0
2.961,0.0002141756,44.415,0,2.961,-0.0001070878,44.415,0
2.9619,0.0001379721,44.4285,0,2.9619,-0.0001597925,44.4285,0
2.9628,-2.18204E-05,44.442,0,2.9628,-0.0001084306,44.442,0
2.9637,-0.0001423362,44.4555,0,2.9637,-0.000133608,44.4555,0
2.9646,-8.459602E-05,44.469,0,2.9646,-0.0002974289,44.469,0
2.9655,0.0001416648,44.4825,0,2.9655,-0.0003001145,44.4825,0
2.9664,0.0003091783,44.496,0,2.9664,-0.0002064546,44.496,0
2.9673,0.0001483787,44.5095,0,2.9673,-0.0001185016,44.5095,0
2.9682,-4.834058E-05,44.523,0,2.9682,5.471885E-05,44.523,0
2.9691,-0.0001242084,44.5365,0,2.9691,0.0002457313,44.5365,0
2.97,-0.0002447242,44.55,0,2.97,0.0003481193,44.55,0
2.9709,-0.0003286488,44.5635,0,2.9709,0.0001675135,44.5635,0
2.9718,-0.0003011215,44.577,0,2.9718,2.652018E-05,44.577,0
2.9727,-2.987716E-05,44.5905,0,2.9727,1.577783E-05,44.5905,0
2.9736,-6.243992E-05,44.604,0,2.9736,-4.666209E-05,44.604,0
2.9745,-4.196231E-05,44.6175,0,2.9745,-0.0001557641,44.6175,0
2.9754,9.634547E-05,44.631,0,2.9754,-0.0002682231,44.631,0
2.9763,0.0001386435,44.6445,0,2.9763,-0.0003746395,44.6445,0
2.9772,0.0001299153,44.658,0,2.9772,-0.0003954528,44.658,0
2.9781,6.51255E-05,44.6715,0,2.9781,-0.0002353246,44.6715,0
2.979,1.913481E-05,44.685,0,2.979,-1.947051E-05,44.685,0
2.9799,6.74754E-05,44.6985,0,2.9799,0.0002652018,44.6985,0
2.9808,-3.356985E-07,44.712,0,2.9808,0.0004555428,44.712,0
2.9817,-0.0001681849,44.7255,0,2.9817,0.000470985,44.7255,0
2.9826,1.040665E-05,44.739,0,2.9826,0.0003756466,44.739,0
2.9835,0.000190341,44.7525,0,2.9835,0.0002655375,44.7525,0
2.9844,0.000295079,44.766,0,2.9844,0.0001487144,44.766,0
2.9853,0.0003857175,44.7795,0,2.9853,2.853437E-05,44.7795,0
2.9862,0.0004750133,44.793,0,2.9862,-2.484169E-05,44.793,0
2.9871,0.0002467384,44.8065,0,2.9871,-9.567407E-05,44.8065,0
2.988,-8.023193E-05,44.82,0,2.988,-0.0001856413,44.82,0
2.9889,-0.0003256275,44.8335,0,2.9889,-0.0003051499,44.8335,0
2.9898,-0.0003689326,44.847,0,2.9898,-0.0002903792,44.847,0
2.9907,-0.0008922865,44.8605,0,2.9907,-0.000291722,44.8605,0
2.9916,-0.000695903,44.874,0,2.9916,-0.00024271,44.874,0
2.9925,-0.0001799344,44.8875,0,2.9925,4.061952E-05,44.8875,0
2.9934,-9.500267E-05,44.901,0,2.9934,0.0002699016,44.901,0
2.9943,-0.0001248798,44.9145,0,2.9943,0.0002400244,44.9145,0
2.9952,-2.584878E-05,44.928,0,2.9952,0.0001084306,44.928,0
2.9961,8.92958E-05,44.9415,0,2.9961,2.551309E-05,44.9415,0
2.997,0.0001493858,44.955,0,2.997,-3.356985E-07,44.955,0
2.9979,0.0001960479,44.9685,0,2.9979,-2.383459E-05,44.9685,0
2.9988,0.0001574426,44.982,0,2.9988,-6.210422E-05,44.982,0
2.9997,3.457694E-05,44.9955,0,2.9997,-7.519646E-05,44.9955,0
3.0006,-4.800488E-05,45.009,0,3.0006,-7.821774E-05,45.009,0
3.0015,1.376364E-05,45.0225,0,3.0015,-0.0001000381,45.0225,0
3.0024,2.24918E-05,45.036,0,3.0024,-0.0001232013,45.036,0
3.0033,0.000169192,45.0495,0,3.0033,-4.733349E-05,45.0495,0
3.0042,0.0002608377,45.063,0,3.0042,-6.64683E-05,45.063,0
3.0051,0.0001644923,45.0765,0,3.0051,-0.0001973907,45.0765,0
3.006,-5.337606E-05,45.09,0,3.006,-0.0001211871,45.09,0
3.0069,-0.0002222324,45.1035,0,3.0069,-3.591974E-05,45.1035,0
3.0078,-0.0001604639,45.117,0,3.0078,-5.539025E-05,45.117,0
3.0087,-7.083238E-05,45.1305,0,3.0087,1.678492E-06,45.1305,0
3.0096,-1.712062E-05,45.144,0,3.0096,0.0001440146,45.144,0
3.0105,-1.174945E-05,45.1575,0,3.0105,0.0001661708,45.1575,0
3.0114,5.035477E-06,45.171,0,3.0114,8.023193E-05,45.171,0
3.0123,0.0001285725,45.1845,0,3.0123,-6.61326E-05,45.1845,0
3.0132,0.0001342794,45.198,0,3.0132,-2.987716E-05,45.198,0
3.0141,7.586786E-05,45.2115,0,3.0141,7.016098E-05,45.2115,0
3.015,0.0001309224,45.225,0,3.015,6.713969E-06,45.225,0
3.0159,0.0001607996,45.2385,0,3.0159,-5.706874E-05,45.2385,0
3.0168,0.0001111162,45.252,0,3.0168,-0.0001420005,45.252,0
3.0177,0.0001144732,45.2655,0,3.0177,-0.0003326772,45.2655,0
3.0186,-1.007095E-06,45.279,0,3.0186,-0.0004988479,45.279,0
3.0195,-0.0001507286,45.2925,0,3.0195,-0.0003289845,45.2925,0
3.0204,-3.894102E-05,45.306,0,3.0204,-8.157473E-05,45.306,0
3.0213,-5.404745E-05,45.3195,0,3.0213,0.0001460288,45.3195,0
3.0222,-9.097429E-05,45.333,0,3.0222,0.0004051881,45.333,0
3.0231,-0.0001789273,45.3465,0,3.0231,0.0003984741,45.3465,0
3.024,0,45.36,0,3.024,0,45.36,0
3.0249,0,45.3735,0,3.0249,0,45.3735,0
3.0258,0,45.387,0,3.0258,0,45.387,0
3.0267,0,45.4005,0,3.0267,0,45.4005,0
3.0276,0,45.414,0,3.0276,0,45.414,0
3.0285,0,45.4275,0,3.0285,0,45.4275,0
3.0294,0,45.441,0,3.0294,0,45.441,0
3.0303,0,45.4545,0,3.0303,0,45.4545,0
3.0312,0,45.468,0,3.0312,0,45.468,0
3.0321,0,45.4815,0,3.0321,0,45.4815,0
3.033,0,45.495,0,3.033,0,45.495,0
3.0339,0,45.5085,0,3.0339,0,45.5085,0
3.0348,0,45.522,0,3.0348,0,45.522,0
3.0357,0,45.5355,0,3.0357,0,45.5355,0
3.0366,0,45.549,0,3.0366,0,45.549,0
3.0375,0,45.5625,0,3.0375,0,45.5625,0
3.0384,0,45.576,0,3.0384,0,45.576,0
3.0393,0,45.5895,0,3.0393,0,45.5895,0
3.0402,0,45.603,0,3.0402,0,45.603,0
3.0411,0,45.6165,0,3.0411,0,45.6165,0
3.042,0,45.63,0,3.042,0,45.63,0
3.0429,0,45.6435,0,3.0429,0,45.6435,0
3.0438,0,45.657,0,3.0438,0,45.657,0
3.0447,0,45.6705,0,3.0447,0,45.6705,0
3.0456,0,45.684,0,3.0456,0,45.684,0
3.0465,0,45.6975,0,3.0465,0,45.6975,0
3.0474,0,45.711,0,3.0474,0,45.711,0
3.0483,0,45.7245,0,3.0483,0,45.7245,0
3.0492,0,45.738,0,3.0492,0,45.738,0
3.0501,0,45.7515,0,3.0501,0,45.7515,0
3.051,0,45.765,0,3.051,0,45.765,0
3.0519,0,45.7785,0,3.0519,0,45.7785,0
3.0528,0,45.792,0,3.0528,0,45.792,0
3.0537,0,45.8055,0,3.0537,0,45.8055,0
3.0546,0,45.819,0,3.0546,0,45.819,0
3.0555,0,45.8325,0,3.0555,0,45.8325,0
3.0564,0,45.846,0,3.0564,0,45.846,0
3.0573,0,45.8595,0,3.0573,0,45.8595,0
3.0582,0,45.873,0,3.0582,0,45.873,0
3.0591,0,45.8865,0,3.0591,0,45.8865,0
3.06,0,45.9,0,3.06,0,45.9,0
3.0609,0,45.9135,0,3.0609,0,45.9135,0
3.0618,0,45.927,0,3.0618,0,45.927,0
3.0627,0,45.9405,0,3.0627,0,45.9405,0
3.0636,0,45.954,0,3.0636,0,45.954,0
3.0645,0,45.9675,0,3.0645,0,45.9675,0
3.0654,0,45.981,0,3.0654,0,45.981,0
3.0663,0,45.9945,0,3.0663,0,45.9945,0
3.0672,0,46.008,0,3.0672,0,46.008,0
3.0681,0,46.0215,0,3.0681,0,46.0215,0
3.069,0,46.035,0,3.069,0,46.035,0
3.0699,0,46.0485,0,3.0699,0,46.0485,0
3.0708,0,46.062,0,3.0708,0,46.062,0
3.0717,0,46.0755,0,3.0717,0,46.0755,0
3.0726,0,46.089,0,3.0726,0,46.089,0
3.0735,0,46.1025,0,3.0735,0,46.1025,0
3.0744,0,46.116,0,3.0744,0,46.116,0
3.0753,0,46.1295,0,3.0753,0,46.1295,0
3.0762,0,46.143,0,3.0762,0,46.143,0
3.0771,0,46.1565,0,3.0771,0,46.1565,0
3.078,0,46.17,0,3.078,0,46.17,0
3.0789,0,46.1835,0,3.0789,0,46.1835,0
3.0798,0,46.197,0,3.0798,0,46.197,0
3.0807,0,46.2105,0,3.0807,0,46.2105,0
3.0816,0,46.224,0,3.0816,0,46.224,0
3.0825,0,46.2375,0,3.0825,0,46.2375,0
3.0834,0,46.251,0,3.0834,0,46.251,0
3.0843,0,46.2645,0,3.0843,0,46.2645,0
3.0852,0,46.278,0,3.0852,0,46.278,0
3.0861,0,46.2915,0,3.0861,0,46.2915,0
3.087,0,46.305,0,3.087,0,46.305,0
3.0879,0,46.3185,0,3.0879,0,46.3185,0
3.0888,0,46.332,0,3.0888,0,46.332,0
3.0897,0,46.3455,0,3.0897,0,46.3455,0
3.0906,0,46.359,0,3.0906,0,46.359,0
3.0915,0,46.3725,0,3.0915,0,46.3725,0
3.0924,0,46.386,0,3.0924,0,46.386,0
3.0933,0,46.3995,0,3.0933,0,46.3995,0
3.0942,0,46.413,0,3.0942,0,46.413,0
3.0951,0,46.4265,0,3.0951,0,46.4265,0
3.096,0,46.44,0,3.096,0,46.44,0
3.0969,0,46.4535,0,3.0969,0,46.4535,0
3.0978,0,46.467,0,3.0978,0,46.467,0
3.0987,0,46.4805,0,3.0987,0,46.4805,0
3.0996,0,46.494,0,3.0996,0,46.494,0
3.1005,0,46.5075,0,3.1005,0,46.5075,0
3.1014,0,46.521,0,3.1014,0,46.521,0
3.1023,0,46.5345,0,3.1023,0,46.5345,0
3.1032,0,46.548,0,3.1032,0,46.548,0
3.1041,0,46.5615,0,3.1041,0,46.5615,0
3.105,0,46.575,0,3.105,0,46.575,0
3.1059,0,46.5885,0,3.1059,0,46.5885,0
3.1068,0,46.602,0,3.1068,0,46.602,0
3.1077,0,46.6155,0,3.1077,0,46.6155,0
3.1086,0,46.629,0,3.1086,0,46.629,0
3.1095,0,46.6425,0,3.1095,0,46.6425,0
3.1104,0,46.656,0,3.1104,0,46.656,0
3.1113,0,46.6695,0,3.1113,0,46.6695,0
3.1122,0,46.683,0,3.1122,0,46.683,0
3.1131,0,46.6965,0,3.1131,0,46.6965,0
3.114,0,46.71,0,3.114,0,46.71,0
3.1149,0,46.7235,0,3.1149,0,46.7235,0
3.1158,0,46.737,0,3.1158,0,46.737,0
3.1167,0,46.7505,0,3.1167,0,46.7505,0
3.1176,0,46.764,0,3.1176,0,46.764,0
3.1185,0,46.7775,0,3.1185,0,46.7775,0
3.1194,0,46.791,0,3.1194,0,46.791,0
3.1203,0,46.8045,0,3.1203,0,46.8045,0
3.1212,0,46.818,0,3.1212,0,46.818,0
3.1221,0,46.8315,0,3.1221,0,46.8315,0
3.123,0,46.845,0,3.123,0,46.845,0
3.1239,0,46.8585,0,3.1239,0,46.8585,0
3.1248,0,46.872,0,3.1248,0,46.872,0
3.1257,0,46.8855,0,3.1257,0,46.8855,0
3.1266,0,46.899,0,3.1266,0,46.899,0
3.1275,0,46.9125,0,3.1275,0,46.9125,0
3.1284,0,46.926,0,3.1284,0,46.926,0
3.1293,0,46.9395,0,3.1293,0,46.9395,0
3.1302,0,46.953,0,3.1302,0,46.953,0
3.1311,0,46.9665,0,3.1311,0,46.9665,0
3.132,0,46.98,0,3.132,0,46.98,0
3.1329,0,46.9935,0,3.1329,0,46.9935,0
3.1338,0,47.007,0,3.1338,0,47.007,0
3.1347,0,47.0205,0,3.1347,0,47.0205,0
3.1356,0,47.034,0,3.1356,0,47.034,0
3.1365,0,47.0475,0,3.1365,0,47.0475,0
3.1374,0,47.061,0,3.1374,0,47.061,0
3.1383,0,47.0745,0,3.1383,0,47.0745,0
3.1392,0,47.088,0,3.1392,0,47.088,0
3.1401,0,47.1015,0,3.1401,0,47.1015,0
3.141,0,47.115,0,3.141,0,47.115,0
3.1419,0,47.1285,0,3.1419,0,47.1285,0
3.1428,0,47.142,0,3.1428,0,47.142,0
3.1437,0,47.1555,0,3.1437,0,47.1555,0
3.1446,0,47.169,0,3.1446,0,47.169,0
3.1455,0,47.1825,0,3.1455,0,47.1825,0
3.1464,0,47.196,0,3.1464,0,47.196,0
3.1473,0,47.2095,0,3.1473,0,47.2095,0
3.1482,0,47.223,0,3.1482,0,47.223,0
3.1491,0,47.2365,0,3.1491,0,47.2365,0
3.15,0,47.25,0,3.15,0,47.25,0
3.1509,0,47.2635,0,3.1509,0,47.2635,0
3.1518,0,47.277,0,3.1518,0,47.277,0
3.1527,0,47.2905,0,3.1527,0,47.2905,0
3.1536,0,47.304,0,3.1536,0,47.304,0
3.1545,0,47.3175,0,3.1545,0,47.3175,0
3.1554,0,47.331,0,3.1554,0,47.331,0
3.1563,0,47.3445,0,3.1563,0,47.3445,0
3.1572,0,47.358,0,3.1572,0,47.358,0
3.1581,0,47.3715,0,3.1581,0,47.3715,0
3.159,0,47.385,0,3.159,0,47.385,0
3.1599,0,47.3985,0,3.1599,0,47.3985,0
3.1608,0,47.412,0,3.1608,0,47.412,0
3.1617,0,47.4255,0,3.1617,0,47.4255,0
3.1626,0,47.439,0,3.1626,0,47.439,0
3.1635,0,47.4525,0,3.1635,0,47.4525,0
3.1644,0,47.466,0,3.1644,0,47.466,0
3.1653,0,47.4795,0,3.1653,0,47.4795,0
3.1662,0,47.493,0,3.1662,0,47.493,0
3.1671,0,47.5065,0,3.1671,0,47.5065,0
3.168,0,47.52,0,3.168,0,47.52,0
3.1689,0,47.5335,0,3.1689,0,47.5335,0
3.1698,0,47.547,0,3.1698,0,47.547,0
3.1707,0,47.5605,0,3.1707,0,47.5605,0
3.1716,0,47.574,0,3.1716,0,47.574,0
3.1725,0,47.5875,0,3.1725,0,47.5875,0
3.1734,0,47.601,0,3.1734,0,47.601,0
3.1743,0,47.6145,0,3.1743,0,47.6145,0
3.1752,0,47.628,0,3.1752,0,47.628,0
3.1761,0,47.6415,0,3.1761,0,47.6415,0
3.177,0,47.655,0,3.177,0,47.655,0
3.1779,0,47.6685,0,3.1779,0,47.6685,0
3.1788,0,47.682,0,3.1788,0,47.682,0
3.1797,0,47.6955,0,3.1797,0,47.6955,0
3.1806,0,47.709,0,3.1806,0,47.709,0
3.1815,0,47.7225,0,3.1815,0,47.7225,0
3.1824,0,47.736,0,3.1824,0,47.736,0
3.1833,0,47.7495,0,3.1833,0,47.7495,0
3.1842,0,47.763,0,3.1842,0,47.763,0
3.1851,0,47.7765,0,3.1851,0,47.7765,0
3.186,0,47.79,0,3.186,0,47.79,0
3.1869,0,47.8035,0,3.1869,0,47.8035,0
3.1878,0,47.817,0,3.1878,0,47.817,0
3.1887,0,47.8305,0,3.1887,0,47.8305,0
3.1896,0,47.844,0,3.1896,0,47.844,0
3.1905,0,47.8575,0,3.1905,0,47.8575,0
3.1914,0,47.871,0,3.1914,0,47.871,0
3.1923,0,47.8845,0,3.1923,0,47.8845,0
3.1932,0,47.898,0,3.1932,0,47.898,0
3.1941,0,47.9115,0,3.1941,0,47.9115,0
3.195,0,47.925,0,3.195,0,47.925,0
3.1959,0,47.9385,0,3.1959,0,47.9385,0
3.1968,0,47.952,0,3.1968,0,47.952,0
3.1977,0,47.9655,0,3.1977,0,47.9655,0
3.1986,0,47.979,0,3.1986,0,47.979,0
3.1995,0,47.9925,0,3.1995,0,47.9925,0
3.2004,0,48.006,0,3.2004,0,48.006,0
3.2013,0,48.0195,0,3.2013,0,48.0195,0
3.2022,0,48.033,0,3.2022,0,48.033,0
3.2031,0,48.0465,0,3.2031,0,48.0465,0
3.204,0,48.06,0,3.204,0,48.06,0
3.2049,0,48.0735,0,3.2049,0,48.0735,0
3.2058,0,48.087,0,3.2058,0,48.087,0
3.2067,0,48.1005,0,3.2067,0,48.1005,0
3.2076,0,48.114,0,3.2076,0,48.114,0
3.2085,0,48.1275,0,3.2085,0,48.1275,0
3.2094,0,48.141,0,3.2094,0,48.141,0
3.2103,0,48.1545,0,3.2103,0,48.1545,0
3.2112,0,48.168,0,3.2112,0,48.168,0
3.2121,0,48.1815,0,3.2121,0,48.1815,0
3.213,0,48.195,0,3.213,0,48.195,0
3.2139,0,48.2085,0,3.2139,0,48.2085,0
3.2148,0,48.222,0,3.2148,0,48.222,0
3.2157,0,48.2355,0,3.2157,0,48.2355,0
3.2166,0,48.249,0,3.2166,0,48.249,0
3.2175,0,48.2625,0,3.2175,0,48.2625,0
3.2184,0,48.276,0,3.2184,0,48.276,0
3.2193,0,48.2895,0,3.2193,0,48.2895,0
3.2202,0,48.303,0,3.2202,0,48.303,0
3.2211,0,48.3165,0,3.2211,0,48.3165,0
3.222,0,48.33,0,3.222,0,48.33,0
3.2229,0,48.3435,0,3.2229,0,48.3435,0
3.2238,0,48.357,0,3.2238,0,48.357,0
3.2247,0,48.3705,0,3.2247,0,48.3705,0
3.2256,0,48.384,0,3.2256,0,48.384,0
3.2265,0,48.3975,0,3.2265,0,48.3975,0
3.2274,0,48.411,0,3.2274,0,48.411,0
3.2283,0,48.4245,0,3.2283,0,48.4245,0
3.2292,0,48.438,0,3.2292,0,48.438,0
3.2301,0,48.4515,0,3.2301,0,48.4515,0
3.231,0,48.465,0,3.231,0,48.465,0
3.2319,0,48.4785,0,3.2319,0,48.4785,0
3.2328,0,48.492,0,3.2328,0,48.492,0
3.2337,0,48.5055,0,3.2337,0,48.5055,0
3.2346,0,48.519,0,3.2346,0,48.519,0
3.2355,0,48.5325,0,3.2355,0,48.5325,0
3.2364,0,48.546,0,3.2364,0,48.546,0
3.2373,0,48.5595,0,3.2373,0,48.5595,0
3.2382,0,48.573,0,3.2382,0,48.573,0
3.2391,0,48.5865,0,3.2391,0,48.5865,0
3.24,0,48.6,0,3.24,0,48.6,0
3.2409,0,48.6135,0,3.2409,0,48.6135,0
3.2418,0,48.627,0,3.2418,0,48.627,0
3.2427,0,48.6405,0,3.2427,0,48.6405,0
3.2436,0,48.654,0,3.2436,0,48.654,0
3.2445,0,48.6675,0,3.2445,0,48.6675,0
3.2454,0,48.681,0,3.2454,0,48.681,0
3.2463,0,48.6945,0,3.2463,0,48.6945,0
3.2472,0,48.708,0,3.2472,0,48.708,0
3.2481,0,48.7215,0,3.2481,0,48.7215,0
3.249,0,48.735,0,3.249,0,48.735,0
3.2499,0,48.7485,0,3.2499,0,48.7485,0
3.2508,0,48.762,0,3.2508,0,48.762,0
3.2517,0,48.7755,0,3.2517,0,48.7755,0
3.2526,0,48.789,0,3.2526,0,48.789,0
3.2535,0,48.8025,0,3.2535,0,48.8025,0
3.2544,0,48.816,0,3.2544,0,48.816,0
3.2553,0,48.8295,0,3.2553,0,48.8295,0
3.2562,0,48.843,0,3.2562,0,48.843,0
3.2571,0,48.8565,0,3.2571,0,48.8565,0
3.258,0,48.87,0,3.258,0,48.87,0
3.2589,0,48.8835,0,3.2589,0,48.8835,0
3.2598,0,48.897,0,3.2598,0,48.897,0
3.2607,0,48.9105,0,3.2607,0,48.9105,0
3.2616,0,48.924,0,3.2616,0,48.924,0
3.2625,0,48.9375,0,3.2625,0,48.9375,0
3.2634,0,48.951,0,3.2634,0,48.951,0
3.2643,0,48.9645,0,3.2643,0,48.9645,0
3.2652,0,48.978,0,3.2652,0,48.978,0
3.2661,0,48.9915,0,3.2661,0,48.9915,0
3.267,0,49.005,0,3.267,0,49.005,0
3.2679,0,49.0185,0,3.2679,0,49.0185,0
3.2688,0,49.032,0,3.2688,0,49.032,0
3.2697,0,49.0455,0,3.2697,0,49.0455,0
3.2706,0,49.059,0,3.2706,0,49.059,0
3.2715,0,49.0725,0,3.2715,0,49.0725,0
3.2724,0,49.086,0,3.2724,0,49.086,0
3.2733,0,49.0995,0,3.2733,0,49.0995,0
3.2742,0,49.113,0,3.2742,0,49.113,0
3.2751,0,49.1265,0,3.2751,0,49.1265,0
3.276,0,49.14,0,3.276,0,49.14,0
3.2769,0,49.1535,0,3.2769,0,49.1535,0
3.2778,0,49.167,0,3.2778,0,49.167,0
3.2787,0,49.1805,0,3.2787,0,49.1805,0
3.2796,0,49.194,0,3.2796,0,49.194,0
3.2805,0,49.2075,0,3.2805,0,49.2075,0
3.2814,0,49.221,0,3.2814,0,49.221,0
3.2823,0,49.2345,0,3.2823,0,49.2345,0
3.2832,0,49.248,0,3.2832,0,49.248,0
3.2841,0,49.2615,0,3.2841,0,49.2615,0
3.285,0,49.275,0,3.285,0,49.275,0
3.2859,0,49.2885,0,3.2859,0,49.2885,0
3.2868,0,49.302,0,3.2868,0,49.302,0
3.2877,0,49.3155,0,3.2877,0,49.3155,0
3.2886,0,49.329,0,3.2886,0,49.329,0
3.2895,0,49.3425,0,3.2895,0,49.3425,0
3.2904,0,49.356,0,3.2904,0,49.356,0
3.2913,0,49.3695,0,3.2913,0,49.3695,0
3.2922,0,49.383,0,3.2922,0,49.383,0
3.2931,0,49.3965,0,3.2931,0,49.3965,0
3.294,0,49.41,0,3.294,0,49.41,0
3.2949,0,49.4235,0,3.2949,0,49.4235,0
3.2958,0,49.437,0,3.2958,0,49.437,0
3.2967,0,49.4505,0,3.2967,0,49.4505,0
3.2976,0,49.464,0,3.2976,0,49.464,0
3.2985,0,49.4775,0,3.2985,0,49.4775,0
3.2994,0,49.491,0,3.2994,0,49.491,0
3.3003,0,49.5045,0,3.3003,0,49.5045,0
3.3012,0,49.518,0,3.3012,0,49.518,0
3.3021,0,49.5315,0,3.3021,0,49.5315,0
3.303,0,49.545,0,3.303,0,49.545,0
3.3039,0,49.5585,0,3.3039,0,49.5585,0
3.3048,0,49.572,0,3.3048,0,49.572,0
3.3057,0,49.5855,0,3.3057,0,49.5855,0
3.3066,0,49.599,0,3.3066,0,49.599,0
3.3075,0,49.6125,0,3.3075,0,49.6125,0
3.3084,0,49.626,0,3.3084,0,49.626,0
3.3093,0,49.6395,0,3.3093,0,49.6395,0
3.3102,0,49.653,0,3.3102,0,49.653,0
3.3111,0,49.6665,0,3.3111,0,49.6665,0
3.312,0,49.68,0,3.312,0,49.68,0
3.3129,0,49.6935,0,3.3129,0,49.6935,0
3.3138,0,49.707,0,3.3138,0,49.707,0
3.3147,0,49.7205,0,3.3147,0,49.7205,0
3.3156,0,49.734,0,3.3156,0,49.734,0
3.3165,0,49.7475,0,3.3165,0,49.7475,0
3.3174,0,49.761,0,3.3174,0,49.761,0
3.3183,0,49.7745,0,3.3183,0,49.7745,0
3.3192,0,49.788,0,3.3192,0,49.788,0
3.3201,0,49.8015,0,3.3201,0,49.8015,0
3.321,0,49.815,0,3.321,0,49.815,0
3.3219,0,49.8285,0,3.3219,0,49.8285,0
3.3228,0,49.842,0,3.3228,0,49.842,0
3.3237,0,49.8555,0,3.3237,0,49.8555,0
3.3246,0,49.869,0,3.3246,0,49.869,0
3.3255,0,49.8825,0,3.3255,0,49.8825,0
3.3264,0,49.896,0,3.3264,0,49.896,0
3.3273,0,49.9095,0,3.3273,0,49.9095,0
3.3282,0,49.923,0,3.3282,0,49.923,0
3.3291,0,49.9365,0,3.3291,0,49.9365,0
3.33,0,49.95,0,3.33,0,49.95,0
3.3309,0,49.9635,0,3.3309,0,49.9635,0
3.3318,0,49.977,0,3.3318,0,49.977,0
3.3327,0,49.9905,0,3.3327,0,49.9905,0
3.3336,0,50.004,0,3.3336,0,50.004,0
3.3345,0,50.0175,0,3.3345,0,50.0175,0
3.3354,0,50.031,0,3.3354,0,50.031,0
3.3363,0,50.0445,0,3.3363,0,50.0445,0
3.3372,0,50.058,0,3.3372,0,50.058,0
3.3381,0,50.0715,0,3.3381,0,50.0715,0
3.339,0,50.085,0,3.339,0,50.085,0
3.3399,0,50.0985,0,3.3399,0,50.0985,0
3.3408,0,50.112,0,3.3408,0,50.112,0
3.3417,0,50.1255,0,3.3417,0,50.1255,0
3.3426,0,50.139,0,3.3426,0,50.139,0
3.3435,0,50.1525,0,3.3435,0,50.1525,0
3.3444,0,50.166,0,3.3444,0,50.166,0
3.3453,0,50.1795,0,3.3453,0,50.1795,0
3.3462,0,50.193,0,3.3462,0,50.193,0
3.3471,0,50.2065,0,3.3471,0,50.2065,0
3.348,0,50.22,0,3.348,0,50.22,0
3.3489,0,50.2335,0,3.3489,0,50.2335,0
3.3498,0,50.247,0,3.3498,0,50.247,0
3.3507,0,50.2605,0,3.3507,0,50.2605,0
3.3516,0,50.274,0,3.3516,0,50.274,0
3.3525,0,50.2875,0,3.3525,0,50.2875,0
3.3534,0,50.301,0,3.3534,0,50.301,0
3.3543,0,50.3145,0,3.3543,0,50.3145,0
3.3552,0,50.328,0,3.3552,0,50.328,0
3.3561,0,50.3415,0,3.3561,0,50.3415,0
3.357,0,50.355,0,3.357,0,50.355,0
3.3579,0,50.3685,0,3.3579,0,50.3685,0
3.3588,0,50.382,0,3.3588,0,50.382,0
3.3597,0,50.3955,0,3.3597,0,50.3955,0
3.3606,0,50.409,0,3.3606,0,50.409,0
3.3615,0,50.4225,0,3.3615,0,50.4225,0
3.3624,0,50.436,0,3.3624,0,50.436,0
3.3633,0,50.4495,0,3.3633,0,50.4495,0
3.3642,0,50.463,0,3.3642,0,50.463,0
3.3651,0,50.4765,0,3.3651,0,50.4765,0
3.366,0,50.49,0,3.366,0,50.49,0
3.3669,0,50.5035,0,3.3669,0,50.5035,0
3.3678,0,50.517,0,3.3678,0,50.517,0
3.3687,0,50.5305,0,3.3687,0,50.5305,0
3.3696,0,50.544,0,3.3696,0,50.544,0
3.3705,0,50.5575,0,3.3705,0,50.5575,0
3.3714,0,50.571,0,3.3714,0,50.571,0
3.3723,0,50.5845,0,3.3723,0,50.5845,0
3.3732,0,50.598,0,3.3732,0,50.598,0
3.3741,0,50.6115,0,3.3741,0,50.6115,0
3.375,0,50.625,0,3.375,0,50.625,0
3.3759,0,50.6385,0,3.3759,0,50.6385,0
3.3768,0,50.652,0,3.3768,0,50.652,0
3.3777,0,50.6655,0,3.3777,0,50.6655,0
3.3786,0,50.679,0,3.3786,0,50.679,0
3.3795,0,50.6925,0,3.3795,0,50.6925,0
3.3804,0,50.706,0,3.3804,0,50.706,0
3.3813,0,50.7195,0,3.3813,0,50.7195,0
3.3822,0,50.733,0,3.3822,0,50.733,0
3.3831,0,50.7465,0,3.3831,0,50.7465,0
3.384,0,50.76,0,3.384,0,50.76,0
3.3849,0,50.7735,0,3.3849,0,50.7735,0
3.3858,0,50.787,0,3.3858,0,50.787,0
3.3867,0,50.8005,0,3.3867,0,50.8005,0
3.3876,0,50.814,0,3.3876,0,50.814,0
3.3885,0,50.8275,0,3.3885,0,50.8275,0
3.3894,0,50.841,0,3.3894,0,50.841,0
3.3903,0,50.8545,0,3.3903,0,50.8545,0
3.3912,0,50.868,0,3.3912,0,50.868,0
3.3921,0,50.8815,0,3.3921,0,50.8815,0
3.393,0,50.895,0,3.393,0,50.895,0
3.3939,0,50.9085,0,3.3939,0,50.9085,0
3.3948,0,50.922,0,3.3948,0,50.922,0
3.3957,0,50.9355,0,3.3957,0,50.9355,0
3.3966,0,50.949,0,3.3966,0,50.949,0
3.3975,0,50.9625,0,3.3975,0,50.9625,0
3.3984,0,50.976,0,3.3984,0,50.976,0
3.3993,0,50.9895,0,3.3993,0,50.9895,0
3.4002,0,51.003,0,3.4002,0,51.003,0
3.4011,0,51.0165,0,3.4011,0,51.0165,0
3.402,0,51.03,0,3.402,0,51.03,0
3.4029,0,51.0435,0,3.4029,0,51.0435,0
3.4038,0,51.057,0,3.4038,0,51.057,0
3.4047,0,51.0705,0,3.4047,0,51.0705,0
3.4056,0,51.084,0,3.4056,0,51.084,0
3.4065,0,51.0975,0,3.4065,0,51.0975,0
3.4074,0,51.111,0,3.4074,0,51.111,0
3.4083,0,51.1245,0,3.4083,0,51.1245,0
3.4092,0,51.138,0,3.4092,0,51.138,0
3.4101,0,51.1515,0,3.4101,0,51.1515,0
3.411,0,51.165,0,3.411,0,51.165,0
3.4119,0,51.1785,0,3.4119,0,51.1785,0
3.4128,0,51.192,0,3.4128,0,51.192,0
3.4137,0,51.2055,0,3.4137,0,51.2055,0
3.4146,0,51.219,0,3.4146,0,51.219,0
3.4155,0,51.2325,0,3.4155,0,51.2325,0
3.4164,0,51.246,0,3.4164,0,51.246,0
3.4173,0,51.2595,0,3.4173,0,51.2595,0
3.4182,0,51.273,0,3.4182,0,51.273,0
3.4191,0,51.2865,0,3.4191,0,51.2865,0
3.42,0,51.3,0,3.42,0,51.3,0
3.4209,0,51.3135,0,3.4209,0,51.3135,0
3.4218,0,51.327,0,3.4218,0,51.327,0
3.4227,0,51.3405,0,3.4227,0,51.3405,0
3.4236,0,51.354,0,3.4236,0,51.354,0
3.4245,0,51.3675,0,3.4245,0,51.3675,0
3.4254,0,51.381,0,3.4254,0,51.381,0
3.4263,0,51.3945,0,3.4263,0,51.3945,0
3.4272,0,51.408,0,3.4272,0,51.408,0
3.4281,0,51.4215,0,3.4281,0,51.4215,0
3.429,0,51.435,0,3.429,0,51.435,0
3.4299,0,51.4485,0,3.4299,0,51.4485,0
3.4308,0,51.462,0,3.4308,0,51.462,0
3.4317,0,51.4755,0,3.4317,0,51.4755,0
3.4326,0,51.489,0,3.4326,0,51.489,0
3.4335,0,51.5025,0,3.4335,0,51.5025,0
3.4344,0,51.516,0,3.4344,0,51.516,0
3.4353,0,51.5295,0,3.4353,0,51.5295,0
3.4362,0,51.543,0,3.4362,0,51.543,0
3.4371,0,51.5565,0,3.4371,0,51.5565,0
3.438,0,51.57,0,3.438,0,51.57,0
3.4389,0,51.5835,0,3.4389,0,51.5835,0
3.4398,0,51.597,0,3.4398,0,51.597,0
3.4407,0,51.6105,0,3.4407,0,51.6105,0
3.4416,0,51.624,0,3.4416,0,51.624,0
3.4425,0,51.6375,0,3.4425,0,51.6375,0
3.4434,0,51.651,0,3.4434,0,51.651,0
3.4443,0,51.6645,0,3.4443,0,51.6645,0
3.4452,0,51.678,0,3.4452,0,51.678,0
3.4461,0,51.6915,0,3.4461,0,51.6915,0
3.447,0,51.705,0,3.447,0,51.705,0
3.4479,0,51.7185,0,3.4479,0,51.7185,0
3.4488,0,51.732,0,3.4488,0,51.732,0
3.4497,0,51.7455,0,3.4497,0,51.7455,0
3.4506,0,51.759,0,3.4506,0,51.759,0
3.4515,0,51.7725,0,3.4515,0,51.7725,0
3.4524,0,51.786,0,3.4524,0,51.786,0
3.4533,0,51.7995,0,3.4533,0,51.7995,0
3.4542,0,51.813,0,3.4542,0,51.813,0
3.4551,0,51.8265,0,3.4551,0,51.8265,0
3.456,0,51.84,0,3.456,0,51.84,0
3.4569,0,51.8535,0,3.4569,0,51.8535,0
3.4578,0,51.867,0,3.4578,0,51.867,0
3.4587,0,51.8805,0,3.4587,0,51.8805,0
3.4596,0,51.894,0,3.4596,0,51.894,0
3.4605,0,51.9075,0,3.4605,0,51.9075,0
3.4614,0,51.921,0,3.4614,0,51.921,0
3.4623,0,51.9345,0,3.4623,0,51.9345,0
3.4632,0,51.948,0,3.4632,0,51.948,0
3.4641,0,51.9615,0,3.4641,0,51.9615,0
3.465,0,51.975,0,3.465,0,51.975,0
3.4659,0,51.9885,0,3.4659,0,51.9885,0
3.4668,0,52.002,0,3.4668,0,52.002,0
3.4677,0,52.0155,0,3.4677,0,52.0155,0
3.4686,0,52.029,0,3.4686,0,52.029,0
3.4695,0,52.0425,0,3.4695,0,52.0425,0
3.4704,0,52.056,0,3.4704,0,52.056,0
3.4713,0,52.0695,0,3.4713,0,52.0695,0
3.4722,0,52.083,0,3.4722,0,52.083,0
3.4731,0,52.0965,0,3.4731,0,52.0965,0
3.474,0,52.11,0,3.474,0,52.11,0
3.4749,0,52.1235,0,3.4749,0,52.1235,0
3.4758,0,52.137,0,3.4758,0,52.137,0
3.4767,0,52.1505,0,3.4767,0,52.1505,0
3.4776,0,52.164,0,3.4776,0,52.164,0
3.4785,0,52.1775,0,3.4785,0,52.1775,0
3.4794,0,52.191,0,3.4794,0,52.191,0
3.4803,0,52.2045,0,3.4803,0,52.2045,0
3.4812,0,52.218,0,3.4812,0,52.218,0
3.4821,0,52.2315,0,3.4821,0,52.2315,0
3.483,0,52.245,0,3.483,0,52.245,0
3.4839,0,52.2585,0,3.4839,0,52.2585,0
3.4848,0,52.272,0,3.4848,0,52.272,0
3.4857,0,52.2855,0,3.4857,0,52.2855,0
3.4866,0,52.299,0,3.4866,0,52.299,0
3.4875,0,52.3125,0,3.4875,0,52.3125,0
3.4884,0,52.326,0,3.4884,0,52.326,0
3.4893,0,52.3395,0,3.4893,0,52.3395,0
3.4902,0,52.353,0,3.4902,0,52.353,0
3.4911,0,52.3665,0,3.4911,0,52.3665,0
3.492,0,52.38,0,3.492,0,52.38,0
3.4929,0,52.3935,0,3.4929,0,52.3935,0
3.4938,0,52.407,0,3.4938,0,52.407,0
3.4947,0,52.4205,0,3.4947,0,52.4205,0
3.4956,0,52.434,0,3.4956,0,52.434,0
