X[s],"Trigno IM sensor 3: EMG 3 (IM)",X[s],"Trigno IM sensor 3: Mag 3.Z (IM)",X[s],"Trigno IM sensor 4: EMG 4 (IM)",X[s],"Trigno IM sensor 4: Mag 4.Z (IM)"
0.000000,-3.692683E-06,0.000000,112,0.000000,-1.980621E-05,0.000000,5
0.0009,4.36408E-06,0.0135,113,0.0009,2.484169E-05,0.0135,4
0.0018,-5.371176E-06,0.027,113,0.0018,1.007095E-05,0.027,4
0.0027,5.706874E-06,0.0405,113,0.0027,2.28275E-05,0.0405,3
0.0036,8.728161E-06,0.054,113,0.0036,3.659113E-05,0.054,5
0.0045,-1.309224E-05,0.0675,113,0.0045,3.524834E-05,0.0675,2
0.0054,9.735256E-06,0.081,111,0.0054,1.678492E-06,0.081,1
0.0063,-1.644922E-05,0.0945,113,0.0063,-8.728161E-06,0.0945,2
0.0072,-2.786297E-05,0.108,113,0.0072,-5.035477E-06,0.108,4
0.0081,6.713969E-07,0.1215,113,0.0081,-9.735256E-06,0.1215,6
0.009000001,-7.385367E-06,0.135,112,0.009000001,-2.786297E-05,0.135,5
0.0099,-3.356985E-07,0.1485,111,0.0099,-2.987716E-05,0.1485,8
0.0108,-3.390555E-05,0.162,113,0.0108,-3.256275E-05,0.162,5
0.0117,-3.390555E-05,0.1755,112,0.0117,-3.524834E-05,0.1755,5
0.0126,-3.121996E-05,0.189,112,0.0126,-3.692683E-06,0.189,5
0.0135,1.544213E-05,0.2025,110,0.0135,-2.853437E-05,0.2025,6
0.0144,4.36408E-06,0.216,113,0.0144,-4.196231E-05,0.216,2
0.0153,-2.417029E-05,0.2295,113,0.0153,-2.18204E-05,0.2295,6
0.0162,1.242084E-05,0.243,113,0.0162,-1.309224E-05,0.243,4
0.0171,5.471885E-05,0.2565,113,0.0171,-6.6804E-05,0.2565,1
0.018,1.544213E-05,0.27,114,0.018,-7.183947E-05,0.27,6
0.0189,4.36408E-06,0.2835,114,0.0189,-5.270466E-05,0.2835,2
0.0198,2.987716E-05,0.297,113,0.0198,-6.210422E-05,0.297,2
0.0207,-3.021286E-06,0.3105,113,0.0207,-6.411841E-05,0.3105,6
0.0216,-2.18204E-05,0.324,112,0.0216,-2.316319E-05,0.324,5
0.0225,-1.107805E-05,0.3375,114,0.0225,-1.644922E-05,0.3375,5
0.0234,-1.174945E-05,0.351,113,0.0234,5.706874E-06,0.351,5
0.0243,-2.517739E-05,0.3645,113,0.0243,1.611353E-05,0.3645,5
0.0252,-2.786297E-05,0.378,114,0.0252,-3.659113E-05,0.378,4
0.0261,-2.047761E-05,0.3915,113,0.0261,-2.786297E-05,0.3915,5
0.027,-2.652018E-05,0.405,114,0.027,-2.417029E-05,0.405,3
0.0279,-1.242084E-05,0.4185,113,0.0279,-4.33051E-05,0.4185,7
0.0288,-1.107805E-05,0.432,113,0.0288,-7.855344E-05,0.432,4
0.0297,-1.309224E-05,0.4455,113,0.0297,-1.745632E-05,0.4455,4
0.0306,-1.107805E-05,0.459,112,0.0306,4.46479E-05,0.459,3
0.0315,-1.510643E-05,0.4725,112,0.0315,-2.349889E-06,0.4725,5
0.0324,-2.383459E-05,0.486,113,0.0324,-4.33051E-05,0.486,5
0.0333,-2.484169E-05,0.4995,113,0.0333,4.39765E-05,0.4995,7
0.0342,-9.063859E-06,0.513,113,0.0342,1.577783E-05,0.513,5
0.0351,-1.846342E-05,0.5265,114,0.0351,-7.217517E-05,0.5265,5
0.036,-2.920577E-05,0.54,113,0.036,1.309224E-05,0.54,5
0.0369,-2.618448E-05,0.5535,114,0.0369,2.517739E-05,0.5535,4
0.0378,-5.136187E-05,0.567,114,0.0378,-6.277562E-05,0.567,5
0.0387,7.049668E-06,0.5805,113,0.0387,-5.639734E-05,0.5805,5
0.0396,-1.174945E-05,0.594,112,0.0396,1.107805E-05,0.594,8
0.0405,2.316319E-05,0.6075,112,0.0405,1.342794E-06,0.6075,6
0.0414,-1.510643E-05,0.621,111,0.0414,-2.18204E-05,0.621,2
0.0423,-2.517739E-05,0.6345,114,0.0423,-6.54612E-05,0.6345,2
0.0432,1.779202E-05,0.648,113,0.0432,7.721065E-06,0.648,2
0.0441,3.692683E-06,0.6615,115,0.0441,1.376364E-05,0.6615,2
0.045,-3.524834E-05,0.675,115,0.045,-4.666209E-05,0.675,0
0.0459,-1.544213E-05,0.6885,117,0.0459,-5.136187E-05,0.6885,0
0.0468,-1.275654E-05,0.702,118,0.0468,5.069047E-05,0.702,0
0.0477,-1.678492E-05,0.7155,119,0.0477,1.309224E-05,0.7155,1
0.0486,6.378271E-06,0.729,122,0.0486,-5.337606E-05,0.729,0
0.0495,2.349889E-06,0.7425,121,0.0495,1.309224E-05,0.7425,1
0.0504,-2.920577E-05,0.756,121,0.0504,4.196231E-05,0.756,-2
0.0513,-5.203327E-05,0.7695,122,0.0513,-3.457694E-05,0.7695,1
0.0522,3.189136E-05,0.783,121,0.0522,-7.049668E-06,0.783,1
0.0531,1.678492E-06,0.7965,120,0.0531,3.457694E-05,0.7965,2
0.054,-3.591974E-05,0.81,120,0.054,5.035477E-06,0.81,-1
0.0549,4.36408E-06,0.8235,119,0.0549,-2.349889E-06,0.8235,1
0.0558,-1.309224E-05,0.837,119,0.0558,-5.069047E-05,0.837,5
0.0567,-1.007095E-05,0.8505,120,0.0567,-2.316319E-05,0.8505,2
0.0576,-3.659113E-05,0.864,120,0.0576,-1.712062E-05,0.864,3
0.0585,-6.009003E-05,0.8775,119,0.0585,-4.46479E-05,0.8775,2
0.0594,-2.21561E-05,0.891,119,0.0594,-6.64683E-05,0.891,6
0.0603,9.735256E-06,0.9045,117,0.0603,2.1149E-05,0.9045,3
0.0612,-8.728161E-06,0.918,118,0.0612,-3.021286E-06,0.918,4
0.0621,-2.18204E-05,0.9315,119,0.0621,-8.224613E-05,0.9315,1
0.063,4.028382E-06,0.945,117,0.063,1.040665E-05,0.945,5
0.0639,5.471885E-05,0.9585,118,0.0639,1.174945E-05,0.9585,7
0.0648,5.706874E-06,0.972,118,0.0648,-6.042573E-05,0.972,4
0.0657,5.572595E-05,0.9855,118,0.0657,-5.001907E-05,0.9855,4
0.0666,6.143282E-05,0.999,119,0.0666,1.443504E-05,0.999,4
0.0675,3.189136E-05,1.0125,120,0.0675,1.174945E-05,1.0125,2
0.0684,1.510643E-05,1.026,117,0.0684,-9.063859E-06,1.026,4
0.0693,7.721065E-06,1.0395,117,0.0693,-5.270466E-05,1.0395,4
0.0702,1.242084E-05,1.053,117,0.0702,3.692683E-06,1.053,6
0.0711,-5.706874E-06,1.0665,116,0.0711,7.385367E-06,1.0665,5
0.072,3.356985E-07,1.08,117,0.072,-3.524834E-05,1.08,6
0.0729,-1.107805E-05,1.0935,117,0.0729,-6.445411E-05,1.0935,5
0.07380001,-3.356985E-06,1.107,118,0.07380001,1.577783E-05,1.107,5
0.07470001,7.385367E-06,1.1205,117,0.07470001,-5.035477E-06,1.1205,6
0.0756,3.726253E-05,1.134,117,0.0756,-9.365987E-05,1.134,6
0.0765,-1.040665E-05,1.1475,116,0.0765,1.510643E-05,1.1475,3
0.0774,-4.061952E-05,1.161,116,0.0774,2.719158E-05,1.161,5
0.0783,-4.733349E-05,1.1745,117,0.0783,-3.054856E-05,1.1745,4
0.0792,-3.457694E-05,1.188,117,0.0792,1.208515E-05,1.188,4
0.0801,-4.061952E-05,1.2015,116,0.0801,4.766919E-05,1.2015,4
0.081,-3.189136E-05,1.215,116,0.081,1.913481E-05,1.215,6
0.0819,-1.309224E-05,1.2285,117,0.0819,-9.735256E-06,1.2285,7
0.0828,-1.443504E-05,1.242,116,0.0828,-6.210422E-05,1.242,5
0.0837,2.652018E-05,1.2555,117,0.0837,-2.719158E-05,1.2555,2
0.0846,-1.577783E-05,1.269,113,0.0846,3.356985E-06,1.269,4
0.0855,-4.46479E-05,1.2825,116,0.0855,-5.001907E-05,1.2825,5
0.0864,-1.040665E-05,1.296,116,0.0864,-6.411841E-05,1.296,5
0.0873,1.007095E-06,1.3095,114,0.0873,1.174945E-05,1.3095,5
0.0882,6.713969E-07,1.323,117,0.0882,-4.699779E-06,1.323,6
0.0891,-9.063859E-06,1.3365,116,0.0891,-0.0001171588,1.3365,7
0.09,-1.678492E-06,1.35,116,0.09,-3.659113E-05,1.35,8
0.0909,6.210422E-05,1.3635,116,0.0909,-7.385367E-06,1.3635,7
0.0918,3.994812E-05,1.377,118,0.0918,-8.157473E-05,1.377,8
0.0927,-2.18204E-05,1.3905,116,0.0927,-5.404745E-05,1.3905,7
0.0936,-3.289845E-05,1.404,118,0.0936,5.035477E-06,1.404,4
0.09450001,-3.021286E-05,1.4175,115,0.09450001,-2.685588E-06,1.4175,7
0.09540001,-7.721065E-06,1.431,115,0.09540001,-1.007095E-06,1.431,7
0.09630001,-3.524834E-05,1.4445,116,0.09630001,-4.33051E-05,1.4445,11
0.0972,1.577783E-05,1.458,116,0.0972,-2.1149E-05,1.458,8
0.0981,3.457694E-05,1.4715,116,0.0981,-1.443504E-05,1.4715,8
0.099,3.692683E-06,1.485,116,0.099,-4.565499E-05,1.485,5
0.0999,-2.1149E-05,1.4985,116,0.0999,-5.471885E-05,1.4985,7
0.1008,-1.678492E-06,1.512,117,0.1008,2.18204E-05,1.512,5
0.1017,2.618448E-05,1.5255,116,0.1017,-1.040665E-05,1.5255,5
0.1026,-3.692683E-06,1.539,116,0.1026,-8.090334E-05,1.539,8
0.1035,-3.356985E-07,1.5525,116,0.1035,2.081331E-05,1.5525,5
0.1044,3.323415E-05,1.566,116,0.1044,4.196231E-05,1.566,5
0.1053,-5.706874E-06,1.5795,116,0.1053,-3.961242E-05,1.5795,7
0.1062,3.692683E-05,1.593,117,0.1062,-3.826963E-05,1.593,7
0.1071,2.047761E-05,1.6065,115,0.1071,1.007095E-05,1.6065,6
0.108,-3.356985E-07,1.62,116,0.108,2.014191E-06,1.62,8
0.1089,-2.349889E-06,1.6335,115,0.1089,-1.376364E-05,1.6335,5
0.1098,-6.042573E-06,1.647,117,0.1098,-6.61326E-05,1.647,5
0.1107,1.577783E-05,1.6605,117,0.1107,-1.007095E-06,1.6605,2
0.1116,-2.853437E-05,1.674,114,0.1116,2.383459E-05,1.674,3
0.1125,-2.719158E-05,1.6875,116,0.1125,-1.376364E-05,1.6875,6
0.1134,-1.913481E-05,1.701,117,0.1134,-4.934768E-05,1.701,6
0.1143,-6.378271E-06,1.7145,116,0.1143,4.800488E-05,1.7145,8
0.1152,9.735256E-06,1.728,117,0.1152,2.685588E-05,1.728,8
0.1161,-3.491264E-05,1.7415,116,0.1161,-7.284657E-05,1.7415,6
0.117,-4.196231E-05,1.755,116,0.117,1.376364E-05,1.755,6
0.1179,-2.349889E-06,1.7685,116,0.1179,5.941863E-05,1.7685,5
0.1188,7.049668E-06,1.782,115,0.1188,-4.061952E-05,1.782,7
0.1197,-2.18204E-05,1.7955,116,0.1197,-5.270466E-05,1.7955,7
0.1206,-1.980621E-05,1.809,115,0.1206,2.920577E-05,1.809,8
0.1215,-2.081331E-05,1.8225,115,0.1215,-2.047761E-05,1.8225,9
0.1224,6.378271E-06,1.836,117,0.1224,-2.786297E-05,1.836,10
0.1233,-1.712062E-05,1.8495,116,0.1233,-5.975433E-05,1.8495,3
0.1242,-2.584878E-05,1.863,115,0.1242,4.36408E-06,1.863,5
0.1251,-5.975433E-05,1.8765,115,0.1251,3.356985E-07,1.8765,7
0.126,-8.661021E-05,1.89,116,0.126,-5.673304E-05,1.89,8
0.1269,-6.143282E-05,1.9035,116,0.1269,-6.076142E-05,1.9035,7
0.1278,-2.719158E-05,1.917,116,0.1278,5.035477E-06,1.917,7
0.1287,-4.867628E-05,1.9305,116,0.1287,-2.887007E-05,1.9305,4
0.1296,-3.692683E-05,1.944,116,0.1296,-9.466698E-05,1.944,4
0.1305,2.853437E-05,1.9575,115,0.1305,1.141375E-05,1.9575,6
0.1314,4.39765E-05,1.971,115,0.1314,2.987716E-05,1.971,6
0.1323,2.24918E-05,1.9845,115,0.1323,-3.424125E-05,1.9845,5
0.1332,2.383459E-05,1.998,114,0.1332,-3.524834E-05,1.998,6
0.1341,3.894102E-05,2.0115,115,0.1341,2.551309E-05,2.0115,5
0.135,2.24918E-05,2.025,115,0.135,-1.712062E-05,2.025,6
0.1359,1.309224E-05,2.0385,116,0.1359,-2.920577E-05,2.0385,6
0.1368,3.692683E-06,2.052,115,0.1368,-6.61326E-05,2.052,8
0.1377,-1.107805E-05,2.0655,114,0.1377,-1.443504E-05,2.0655,3
0.1386,-1.107805E-05,2.079,116,0.1386,2.316319E-05,2.079,6
0.1395,1.577783E-05,2.0925,114,0.1395,-2.517739E-05,2.0925,8
0.1404,-4.36408E-06,2.106,116,0.1404,-6.411841E-05,2.106,3
0.1413,-3.692683E-06,2.1195,116,0.1413,1.040665E-05,2.1195,7
0.1422,1.141375E-05,2.133,116,0.1422,6.713969E-07,2.133,7
0.1431,-8.728161E-06,2.1465,115,0.1431,-7.989624E-05,2.1465,7
0.144,-2.047761E-05,2.16,116,0.144,2.349889E-05,2.16,7
0.1449,-3.155566E-05,2.1735,116,0.1449,4.53193E-05,2.1735,6
0.1458,-7.351797E-05,2.187,115,0.1458,-4.263371E-05,2.187,7
0.1467,-4.699779E-06,2.2005,116,0.1467,-5.069047E-05,2.2005,6
0.1476,-1.040665E-05,2.214,114,0.1476,1.376364E-05,2.214,6
0.1485,1.007095E-05,2.2275,115,0.1485,-1.443504E-05,2.2275,4
0.1494,-1.678492E-05,2.241,115,0.1494,-3.457694E-05,2.241,8
0.1503,-1.242084E-05,2.2545,117,0.1503,-5.404745E-05,2.2545,3
0.1512,1.611353E-05,2.268,116,0.1512,1.980621E-05,2.268,5
0.1521,-4.699779E-05,2.2815,115,0.1521,4.196231E-05,2.2815,6
0.153,-6.344701E-05,2.295,114,0.153,-2.081331E-05,2.295,6
0.1539,-2.853437E-05,2.3085,116,0.1539,-4.028382E-05,2.3085,7
0.1548,-2.047761E-05,2.322,116,0.1548,2.383459E-05,2.322,3
0.1557,-2.987716E-05,2.3355,116,0.1557,-7.049668E-06,2.3355,8
0.1566,-1.779202E-05,2.349,116,0.1566,-6.814679E-05,2.349,4
0.1575,-3.189136E-05,2.3625,114,0.1575,6.713969E-07,2.3625,5
0.1584,5.337606E-05,2.376,116,0.1584,1.007095E-05,2.376,5
0.1593,1.107805E-05,2.3895,116,0.1593,-7.217517E-05,2.3895,3
0.1602,-5.136187E-05,2.403,115,0.1602,-6.378271E-06,2.403,6
0.1611,-2.987716E-05,2.4165,116,0.1611,3.424125E-05,2.4165,6
0.162,-8.056763E-06,2.43,118,0.162,-3.021286E-06,2.43,8
0.1629,9.063859E-06,2.4435,117,0.1629,-8.728161E-06,2.4435,5
0.1638,-1.376364E-05,2.457,117,0.1638,-5.941863E-05,2.457,7
0.1647,3.860533E-05,2.4705,118,0.1647,-3.088426E-05,2.4705,5
0.1656,3.961242E-05,2.484,117,0.1656,-2.18204E-05,2.484,5
0.1665,-2.618448E-05,2.4975,117,0.1665,-6.478981E-05,2.4975,5
0.1674,-2.349889E-06,2.511,117,0.1674,-8.090334E-05,2.511,5
0.1683,3.726253E-05,2.5245,116,0.1683,1.812772E-05,2.5245,6
0.1692,-8.056763E-06,2.538,117,0.1692,-1.779202E-05,2.538,4
0.1701,-6.042573E-06,2.5515,117,0.1701,-8.560311E-05,2.5515,3
0.171,2.652018E-05,2.565,117,0.171,7.721065E-06,2.565,3
0.1719,4.934768E-05,2.5785,115,0.1719,3.759823E-05,2.5785,4
0.1728,-2.18204E-05,2.592,116,0.1728,-4.867628E-05,2.592,4
0.1737,-2.920577E-05,2.6055,116,0.1737,-1.275654E-05,2.6055,2
0.1746,-3.356985E-07,2.619,116,0.1746,3.793393E-05,2.619,6
0.1755,-3.524834E-05,2.6325,116,0.1755,2.1149E-05,2.6325,4
0.1764,-1.846342E-05,2.646,116,0.1764,-1.007095E-05,2.646,3
0.1773,2.014191E-06,2.6595,116,0.1773,-5.203327E-05,2.6595,4
0.1782,4.800488E-05,2.673,116,0.1782,1.242084E-05,2.673,4
0.1791,7.083238E-05,2.6865,116,0.1791,1.007095E-06,2.6865,5
0.18,1.510643E-05,2.7,116,0.18,-5.304036E-05,2.7,6
0.1809,1.174945E-05,2.7135,117,0.1809,-6.64683E-05,2.7135,5
0.1818,1.174945E-05,2.727,118,0.1818,9.735256E-06,2.727,8
0.1827,4.028382E-06,2.7405,116,0.1827,-8.392462E-06,2.7405,4
0.1836,7.049668E-06,2.754,117,0.1836,-7.553216E-05,2.754,1
0.1845,-7.049668E-06,2.7675,117,0.1845,2.081331E-05,2.7675,5
0.1854,-1.107805E-05,2.781,116,0.1854,2.484169E-05,2.781,4
0.1863,-1.745632E-05,2.7945,117,0.1863,-3.256275E-05,2.7945,5
0.1872,-7.620356E-05,2.808,116,0.1872,-1.779202E-05,2.808,3
0.1881,-6.74754E-05,2.8215,116,0.1881,2.719158E-05,2.8215,3
0.189,-4.43122E-05,2.835,116,0.189,5.035477E-06,2.835,5
0.1899,-3.457694E-05,2.8485,118,0.1899,3.356985E-07,2.8485,3
0.1908,-3.558404E-05,2.862,117,0.1908,-5.606165E-05,2.862,5
0.1917,7.721065E-06,2.8755,117,0.1917,2.685588E-06,2.8755,5
0.1926,3.591974E-05,2.889,117,0.1926,3.356985E-07,2.889,3
0.1935,1.577783E-05,2.9025,117,0.1935,-7.754635E-05,2.9025,3
0.1944,1.678492E-06,2.916,118,0.1944,-9.030289E-05,2.916,3
0.1953,9.735256E-06,2.9295,119,0.1953,1.174945E-05,2.9295,3
0.1962,-1.443504E-05,2.943,118,0.1962,5.035477E-06,2.943,1
0.1971,-6.042573E-06,2.9565,116,0.1971,-8.72816E-05,2.9565,3
0.198,1.947051E-05,2.97,117,0.198,1.443504E-05,2.97,8
0.1989,-2.383459E-05,2.9835,117,0.1989,4.733349E-05,2.9835,3
0.1998,-7.016098E-05,2.997,116,0.1998,-4.867628E-05,2.997,4
0.2007,-3.961242E-05,3.0105,117,0.2007,-5.740444E-05,3.0105,2
0.2016,-6.042573E-05,3.024,0,0.2016,-6.378271E-06,3.024,0
0.2025,-5.169757E-05,3.0375,0,0.2025,-1.644922E-05,3.0375,0
0.2034,-8.392462E-06,3.051,0,0.2034,-2.685588E-05,3.051,0
0.2043,-3.659113E-05,3.0645,0,0.2043,-5.471885E-05,3.0645,0
0.2052,-4.36408E-06,3.078,0,0.2052,-2.1149E-05,3.078,0
0.2061,3.390555E-05,3.0915,0,0.2061,1.309224E-05,3.0915,0
0.207,1.678492E-06,3.105,0,0.207,-3.021286E-05,3.105,0
0.2079,-1.678492E-06,3.1185,0,0.2079,-5.539025E-05,3.1185,0
0.2088,1.040665E-05,3.132,0,0.2088,2.1149E-05,3.132,0
0.2097,1.577783E-05,3.1455,0,0.2097,-3.356985E-06,3.1455,0
0.2106,-2.047761E-05,3.159,0,0.2106,-7.150377E-05,3.159,0
0.2115,-9.735256E-06,3.1725,0,0.2115,1.107805E-05,3.1725,0
0.2124,3.054856E-05,3.186,0,0.2124,1.879912E-05,3.186,0
0.2133,-3.692683E-06,3.1995,0,0.2133,-3.390555E-05,3.1995,0
0.2142,5.471885E-05,3.213,0,0.2142,-2.18204E-05,3.213,0
0.2151,4.263371E-05,3.2265,0,0.2151,1.477073E-05,3.2265,0
0.216,1.712062E-05,3.24,0,0.216,2.685588E-06,3.24,0
0.2169,2.014191E-05,3.2535,0,0.2169,-1.644922E-05,3.2535,0
0.2178,2.652018E-05,3.267,0,0.2178,-5.706874E-05,3.267,0
0.2187,2.685588E-05,3.2805,0,0.2187,-3.356985E-06,3.2805,0
0.2196,-8.728161E-06,3.294,0,0.2196,3.491264E-05,3.294,0
0.2205,9.063859E-06,3.3075,0,0.2205,-1.779202E-05,3.3075,0
0.2214,1.443504E-05,3.321,0,0.2214,-5.404745E-05,3.321,0
0.2223,-1.510643E-05,3.3345,0,0.2223,3.054856E-05,3.3345,0
0.2232,-1.208515E-05,3.348,0,0.2232,1.544213E-05,3.348,0
0.2241,-1.779202E-05,3.3615,0,0.2241,-7.888914E-05,3.3615,0
0.225,-1.376364E-05,3.375,0,0.225,-1.678492E-06,3.375,0
0.2259,-2.014191E-06,3.3885,0,0.2259,-3.021286E-06,3.3885,0
0.2268,-3.256275E-05,3.402,0,0.2268,-9.466698E-05,3.402,0
0.2277,-0.0001107805,3.4155,0,0.2277,-6.210422E-05,3.4155,0
0.2286,-5.304036E-05,3.429,0,0.2286,6.378271E-06,3.429,0
0.2295,-3.323415E-05,3.4425,0,0.2295,-2.786297E-05,3.4425,0
0.2304,-2.719158E-05,3.456,0,0.2304,-3.692683E-05,3.456,0
0.2313,-4.733349E-05,3.4695,0,0.2313,-6.881819E-05,3.4695,0
0.2322,-1.141375E-05,3.483,0,0.2322,6.378271E-06,3.483,0
0.2331,-2.887007E-05,3.4965,0,0.2331,3.021286E-06,3.4965,0
0.234,-4.599069E-05,3.51,0,0.234,-2.719158E-05,3.51,0
0.2349,2.349889E-06,3.5235,0,0.2349,-3.121996E-05,3.5235,0
0.2358,-2.685588E-06,3.537,0,0.2358,2.652018E-05,3.537,0
0.2367,-1.678492E-05,3.5505,0,0.2367,-4.699779E-06,3.5505,0
0.2376,-5.706874E-06,3.564,0,0.2376,-7.183947E-05,3.564,0
0.2385,1.376364E-05,3.5775,0,0.2385,8.728161E-06,3.5775,0
0.2394,1.242084E-05,3.591,0,0.2394,2.517739E-05,3.591,0
0.2403,3.021286E-06,3.6045,0,0.2403,-2.28275E-05,3.6045,0
0.2412,5.673304E-05,3.618,0,0.2412,-2.584878E-05,3.618,0
0.2421,2.047761E-05,3.6315,0,0.2421,2.1149E-05,3.6315,0
0.243,1.678492E-05,3.645,0,0.243,9.735256E-06,3.645,0
0.2439,2.316319E-05,3.6585,0,0.2439,-2.014191E-06,3.6585,0
0.2448,-1.242084E-05,3.672,0,0.2448,-6.277562E-05,3.672,0
0.2457,-1.779202E-05,3.6855,0,0.2457,-1.644922E-05,3.6855,0
0.2466,-4.901198E-05,3.699,0,0.2466,2.786297E-05,3.699,0
0.2475,-5.203327E-05,3.7125,0,0.2475,-2.786297E-05,3.7125,0
0.2484,-2.685588E-05,3.726,0,0.2484,-7.284657E-05,3.726,0
0.2493,4.36408E-06,3.7395,0,0.2493,1.678492E-06,3.7395,0
0.2502,-2.18204E-05,3.753,0,0.2502,-3.793393E-05,3.753,0
0.2511,-4.196231E-05,3.7665,0,0.2511,-0.0001027237,3.7665,0
0.252,-2.685588E-06,3.78,0,0.252,1.510643E-05,3.78,0
0.2529,5.203327E-05,3.7935,0,0.2529,1.107805E-05,3.7935,0
0.2538,-1.107805E-05,3.807,0,0.2538,-6.848249E-05,3.807,0
0.2547,-5.136187E-05,3.8205,0,0.2547,-1.913481E-05,3.8205,0
0.2556,-3.826963E-05,3.834,0,0.2556,8.392462E-06,3.834,0
0.2565,-4.39765E-05,3.8475,0,0.2565,-3.356985E-07,3.8475,0
0.2574,-1.980621E-05,3.861,0,0.2574,-1.275654E-05,3.861,0
0.2583,1.846342E-05,3.8745,0,0.2583,-4.162661E-05,3.8745,0
0.2592,3.121996E-05,3.888,0,0.2592,1.275654E-05,3.888,0
0.2601,5.136187E-05,3.9015,0,0.2601,1.242084E-05,3.9015,0
0.261,4.36408E-05,3.915,0,0.261,-2.18204E-05,3.915,0
0.2619,2.24918E-05,3.9285,0,0.2619,-4.095522E-05,3.9285,0
0.2628,7.721065E-06,3.942,0,0.2628,2.517739E-05,3.942,0
0.2637,1.007095E-05,3.9555,0,0.2637,-1.980621E-05,3.9555,0
0.2646,1.309224E-05,3.969,0,0.2646,-8.593881E-05,3.969,0
0.2655,3.659113E-05,3.9825,0,0.2655,1.242084E-05,3.9825,0
0.2664,7.049668E-06,3.996,0,0.2664,8.056763E-06,3.996,0
0.2673,-7.721065E-06,4.0095,0,0.2673,-7.888914E-05,4.0095,0
0.2682,-5.035477E-06,4.023,0,0.2682,-3.021286E-05,4.023,0
0.2691,5.706874E-06,4.0365,0,0.2691,4.028382E-06,4.0365,0
0.27,2.047761E-05,4.05,0,0.27,-7.721065E-06,4.05,0
0.2709,6.378271E-06,4.0635,0,0.2709,-8.728161E-06,4.0635,0
0.2718,-1.376364E-05,4.077,0,0.2718,-5.471885E-05,4.077,0
0.2727,-3.356985E-07,4.0905,0,0.2727,-8.056763E-06,4.0905,0
0.2736,-7.083238E-05,4.104,0,0.2736,3.356985E-06,4.104,0
0.2745,-9.433127E-05,4.1175,0,0.2745,-4.33051E-05,4.1175,0
0.2754,-5.673304E-05,4.131,0,0.2754,-5.438316E-05,4.131,0
0.2763,-2.920577E-05,4.1445,0,0.2763,3.994812E-05,4.1445,0
0.2772,-2.853437E-05,4.158,0,0.2772,3.356985E-07,4.158,0
0.2781,-2.987716E-05,4.1715,0,0.2781,-7.821774E-05,4.1715,0
0.279,3.356985E-06,4.185,0,0.279,1.007095E-06,4.185,0
0.2799,4.867628E-05,4.1985,0,0.2799,4.800488E-05,4.1985,0
0.2808,2.047761E-05,4.212,0,0.2808,-4.061952E-05,4.212,0
0.2817,2.383459E-05,4.2255,0,0.2817,-5.606165E-05,4.2255,0
0.2826,1.980621E-05,4.239,0,0.2826,6.042573E-06,4.239,0
0.2835,-1.812772E-05,4.2525,0,0.2835,-1.980621E-05,4.2525,0
0.2844,-1.510643E-05,4.266,0,0.2844,-2.786297E-05,4.266,0
0.2853,-9.063859E-06,4.2795,0,0.2853,-5.740444E-05,4.2795,0
0.2862,-1.544213E-05,4.293,0,0.2862,-2.349889E-06,4.293,0
0.2871,-2.887007E-05,4.3065,0,0.2871,3.189136E-05,4.3065,0
0.288,-1.947051E-05,4.32,0,0.288,-5.706874E-06,4.32,0
0.2889,-1.174945E-05,4.3335,0,0.2889,-4.36408E-05,4.3335,0
0.2898,-7.049668E-06,4.347,0,0.2898,3.591974E-05,4.347,0
0.2907,4.36408E-06,4.3605,0,0.2907,1.309224E-05,4.3605,0
0.2916,8.392462E-06,4.374,0,0.2916,-6.848249E-05,4.374,0
0.2925,-7.385367E-06,4.3875,0,0.2925,2.18204E-05,4.3875,0
0.2934,1.007095E-06,4.401,0,0.2934,2.417029E-05,4.401,0
0.2943,1.007095E-05,4.4145,0,0.2943,-5.001907E-05,4.4145,0
0.2952,-3.088426E-05,4.428,0,0.2952,-5.404745E-05,4.428,0
0.2961,-1.678492E-06,4.4415,0,0.2961,3.356985E-07,4.4415,0
0.297,6.713969E-07,4.455,0,0.297,-1.577783E-05,4.455,0
0.2979,-1.208515E-05,4.4685,0,0.2979,-2.316319E-05,4.4685,0
0.2988,4.028382E-06,4.482,0,0.2988,-6.478981E-05,4.482,0
0.2997,9.063859E-06,4.4955,0,0.2997,-5.706874E-06,4.4955,0
0.3006,-8.89601E-05,4.509,0,0.3006,1.342794E-06,4.509,0
0.3015,-8.526741E-05,4.5225,0,0.3015,-6.64683E-05,4.5225,0
0.3024,-4.33051E-05,4.536,0,0.3024,-7.418937E-05,4.536,0
0.3033,-4.196231E-05,4.5495,0,0.3033,1.141375E-05,4.5495,0
0.3042,-5.001907E-05,4.563,0,0.3042,6.713969E-07,4.563,0
0.3051,-3.390555E-05,4.5765,0,0.3051,-8.090334E-05,4.5765,0
0.306,-1.376364E-05,4.59,0,0.306,1.141375E-05,4.59,0
0.3069,5.807584E-05,4.6035,0,0.3069,5.001907E-05,4.6035,0
0.3078,3.860533E-05,4.617,0,0.3078,-3.524834E-05,4.617,0
0.3087,-2.24918E-05,4.6305,0,0.3087,-8.728161E-06,4.6305,0
0.3096,-3.289845E-05,4.644,0,0.3096,4.39765E-05,4.644,0
0.3105,-9.735256E-06,4.6575,0,0.3105,1.980621E-05,4.6575,0
0.3114,1.040665E-05,4.671,0,0.3114,-8.728161E-06,4.671,0
0.3123,-8.728161E-06,4.6845,0,0.3123,-4.666209E-05,4.6845,0
0.3132,2.853437E-05,4.698,0,0.3132,-3.256275E-05,4.698,0
0.3141,7.318227E-05,4.7115,0,0.3141,-3.021286E-06,4.7115,0
0.315,1.376364E-05,4.725,0,0.315,-3.021286E-05,4.725,0
0.3159,1.678492E-06,4.7385,0,0.3159,-4.129091E-05,4.7385,0
0.3168,3.457694E-05,4.752,0,0.3168,1.779202E-05,4.752,0
0.3177,1.812772E-05,4.7655,0,0.3177,-7.721065E-06,4.7655,0
0.3186,1.678492E-06,4.779,0,0.3186,-7.486076E-05,4.779,0
0.3195,1.678492E-05,4.7925,0,0.3195,5.035477E-06,4.7925,0
0.3204,2.18204E-05,4.806,0,0.3204,-3.356985E-07,4.806,0
0.3213,-1.913481E-05,4.8195,0,0.3213,-8.493171E-05,4.8195,0
0.3222,-1.712062E-05,4.833,0,0.3222,-2.18204E-05,4.833,0
0.3231,-6.042573E-06,4.8465,0,0.3231,2.652018E-05,4.8465,0
0.324,1.040665E-05,4.86,0,0.324,1.208515E-05,4.86,0
0.3249,8.392462E-06,4.8735,0,0.3249,-1.779202E-05,4.8735,0
0.3258,-2.618448E-05,4.887,0,0.3258,-7.586786E-05,4.887,0
0.3267,1.678492E-06,4.9005,0,0.3267,-2.484169E-05,4.9005,0
0.3276,-6.076142E-05,4.914,0,0.3276,-2.517739E-05,4.914,0
0.3285,-6.74754E-05,4.9275,0,0.3285,-7.687495E-05,4.9275,0
0.3294,-2.853437E-05,4.941,0,0.3294,-8.627451E-05,4.941,0
0.3303,-5.069047E-05,4.9545,0,0.3303,1.342794E-06,4.9545,0
0.3312,-2.752728E-05,4.968,0,0.3312,-3.692683E-06,4.968,0
0.3321,-1.275654E-05,4.9815,0,0.3321,-9.500267E-05,4.9815,0
0.333,-8.392462E-06,4.995,0,0.333,8.392462E-06,4.995,0
0.3339,3.088426E-05,5.0085,0,0.3339,3.726253E-05,5.0085,0
0.3348,-2.517739E-05,5.022,0,0.3348,-5.304036E-05,5.022,0
0.3357,-3.323415E-05,5.0355,0,0.3357,1.242084E-05,5.0355,0
0.3366,-1.376364E-05,5.049,0,0.3366,4.632639E-05,5.049,0
0.3375,-9.063859E-06,5.0625,0,0.3375,1.644922E-05,5.0625,0
0.3384,1.040665E-05,5.076,0,0.3384,1.678492E-06,5.076,0
0.3393,-5.371176E-06,5.0895,0,0.3393,-3.189136E-05,5.0895,0
0.3402,2.920577E-05,5.103,0,0.3402,2.316319E-05,5.103,0
0.3411,7.385367E-06,5.1165,0,0.3411,2.24918E-05,5.1165,0
0.342,-9.063859E-06,5.13,0,0.342,-2.954147E-05,5.13,0
0.3429,2.21561E-05,5.1435,0,0.3429,-4.33051E-05,5.1435,0
0.3438,1.913481E-05,5.157,0,0.3438,2.819867E-05,5.157,0
0.3447,-7.385367E-06,5.1705,0,0.3447,5.035477E-06,5.1705,0
0.3456,-1.678492E-06,5.184,0,0.3456,-8.258183E-05,5.184,0
0.3465,-3.692683E-06,5.1975,0,0.3465,1.242084E-05,5.1975,0
0.3474,4.33051E-05,5.211,0,0.3474,-1.342794E-06,5.211,0
0.3483,4.229801E-05,5.2245,0,0.3483,-7.888914E-05,5.2245,0
0.3492,4.599069E-05,5.238,0,0.3492,-4.263371E-05,5.238,0
0.3501,3.961242E-05,5.2515,0,0.3501,2.081331E-05,5.2515,0
0.351,2.853437E-05,5.265,0,0.351,-1.913481E-05,5.265,0
0.3519,3.659113E-05,5.2785,0,0.3519,-5.706874E-06,5.2785,0
0.3528,2.014191E-06,5.292,0,0.3528,-6.61326E-05,5.292,0
0.3537,-8.392462E-06,5.3055,0,0.3537,-2.584878E-05,5.3055,0
0.3546,-5.539025E-05,5.319,0,0.3546,-2.584878E-05,5.319,0
0.3555,-6.344701E-05,5.3325,0,0.3555,-8.157473E-05,5.3325,0
0.3564,-3.424125E-05,5.346,0,0.3564,-8.661021E-05,5.346,0
0.3573,-4.196231E-05,5.3595,0,0.3573,4.028382E-06,5.3595,0
0.3582,-5.001907E-05,5.373,0,0.3582,-2.719158E-05,5.373,0
0.3591,-2.786297E-05,5.3865,0,0.3591,-9.433127E-05,5.3865,0
0.36,-1.812772E-05,5.4,0,0.36,3.524834E-05,5.4,0
0.3609,6.109713E-05,5.4135,0,0.3609,5.001907E-05,5.4135,0
0.3618,2.786297E-05,5.427,0,0.3618,-4.867628E-05,5.427,0
0.3627,6.378271E-06,5.4405,0,0.3627,-2.584878E-05,5.4405,0
0.3636,9.735256E-06,5.454,0,0.3636,2.383459E-05,5.454,0
0.3645,-7.049668E-06,5.4675,0,0.3645,3.356985E-07,5.4675,0
0.3654,-1.779202E-05,5.481,0,0.3654,-1.107805E-05,5.481,0
0.3663,-6.378271E-06,5.4945,0,0.3663,-5.001907E-05,5.4945,0
0.3672,-5.706874E-06,5.508,0,0.3672,5.035477E-06,5.508,0
0.3681,-7.016098E-05,5.5215,0,0.3681,6.713969E-06,5.5215,0
0.369,-5.539025E-05,5.535,0,0.369,-3.356985E-05,5.535,0
0.3699,-5.572595E-05,5.5485,0,0.3699,-4.33051E-05,5.5485,0
0.3708,-4.263371E-05,5.562,0,0.3708,4.061952E-05,5.562,0
0.3717,-3.121996E-05,5.5755,0,0.3717,7.721065E-06,5.5755,0
0.3726,-1.644922E-05,5.589,0,0.3726,-8.459602E-05,5.589,0
0.3735,-1.040665E-05,5.6025,0,0.3735,-8.728161E-06,5.6025,0
0.3744,2.450599E-05,5.616,0,0.3744,2.517739E-05,5.616,0
0.3753,1.779202E-05,5.6295,0,0.3753,-3.256275E-05,5.6295,0
0.3762,-8.392462E-06,5.643,0,0.3762,-1.107805E-05,5.643,0
0.3771,2.349889E-06,5.6565,0,0.3771,1.174945E-05,5.6565,0
0.378,2.316319E-05,5.67,0,0.378,-6.713969E-07,5.67,0
0.3789,1.040665E-05,5.6835,0,0.3789,3.692683E-06,5.6835,0
0.3798,1.745632E-05,5.697,0,0.3798,-4.49836E-05,5.697,0
0.3807,4.53193E-05,5.7105,0,0.3807,-9.399558E-06,5.7105,0
0.3816,-5.136187E-05,5.724,0,0.3816,2.517739E-05,5.724,0
0.3825,-7.318227E-05,5.7375,0,0.3825,-2.24918E-05,5.7375,0
0.3834,-3.591974E-05,5.751,0,0.3834,-5.807584E-05,5.751,0
0.3843,-1.745632E-05,5.7645,0,0.3843,1.309224E-05,5.7645,0
0.3852,-4.53193E-05,5.778,0,0.3852,-3.088426E-05,5.778,0
0.3861,-3.256275E-05,5.7915,0,0.3861,-9.500267E-05,5.7915,0
0.387,2.24918E-05,5.805,0,0.387,5.371176E-06,5.805,0
0.3879,5.539025E-05,5.8185,0,0.3879,2.853437E-05,5.8185,0
0.3888,1.879912E-05,5.832,0,0.3888,-7.553216E-05,5.832,0
0.3897,-2.752728E-05,5.8455,0,0.3897,-7.418937E-05,5.8455,0
0.3906,-9.063859E-06,5.859,0,0.3906,2.450599E-05,5.859,0
0.3915,-7.385367E-06,5.8725,0,0.3915,-1.644922E-05,5.8725,0
0.3924,-1.007095E-05,5.886,0,0.3924,-3.726253E-05,5.886,0
0.3933,-3.927672E-05,5.8995,0,0.3933,-5.807584E-05,5.8995,0
0.3942,-1.779202E-05,5.913,0,0.3942,-6.713969E-06,5.913,0
0.3951,5.136187E-05,5.9265,0,0.3951,9.399558E-06,5.9265,0
0.396,7.016098E-05,5.94,0,0.396,-2.450599E-05,5.94,0
0.3969,3.726253E-05,5.9535,0,0.3969,-5.035477E-05,5.9535,0
0.3978,3.323415E-05,5.967,0,0.3978,4.028382E-05,5.967,0
0.3987,7.049668E-06,5.9805,0,0.3987,5.035477E-06,5.9805,0
0.3996,5.706874E-06,5.994,0,0.3996,-7.284657E-05,5.994,0
0.4005,2.1149E-05,6.0075,0,0.4005,3.692683E-06,6.0075,0
0.4014,-2.450599E-05,6.021,0,0.4014,2.21561E-05,6.021,0
0.4023,-8.627451E-05,6.0345,0,0.4023,-4.733349E-05,6.0345,0
0.4032,-5.404745E-05,6.048,0,0.4032,9.399558E-06,6.048,0
0.4041,-1.846342E-05,6.0615,0,0.4041,3.189136E-05,6.0615,0
0.405,-3.222705E-05,6.075,0,0.405,-9.735256E-06,6.075,0
0.4059,-2.047761E-05,6.0885,0,0.4059,-1.107805E-05,6.0885,0
0.4068,-2.517739E-05,6.102,0,0.4068,-5.001907E-05,6.102,0
0.4077,8.392462E-06,6.1155,0,0.4077,-4.36408E-06,6.1155,0
0.4086,4.061952E-05,6.129,0,0.4086,1.208515E-05,6.129,0
0.4095,0,6.1425,0,0.4095,-4.229801E-05,6.1425,0
0.4104,3.021286E-06,6.156,0,0.4104,-6.478981E-05,6.156,0
0.4113,3.021286E-06,6.1695,0,0.4113,1.477073E-05,6.1695,0
0.4122,7.049668E-06,6.183,0,0.4122,4.028382E-06,6.183,0
0.4131,7.385367E-06,6.1965,0,0.4131,-0.0001010452,6.1965,0
0.414,-1.644922E-05,6.21,0,0.414,-8.392462E-06,6.21,0
0.4149,-2.819867E-05,6.2235,0,0.4149,2.081331E-05,6.2235,0
0.4158,-2.652018E-05,6.237,0,0.4158,-6.009003E-05,6.237,0
0.4167,5.706874E-06,6.2505,0,0.4167,-1.309224E-05,6.2505,0
0.4176,5.706874E-06,6.264,0,0.4176,2.618448E-05,6.264,0
0.4185,-7.385367E-06,6.2775,0,0.4185,1.107805E-05,6.2775,0
0.4194,-1.644922E-05,6.291,0,0.4194,1.107805E-05,6.291,0
0.4203,-2.920577E-05,6.3045,0,0.4203,-2.18204E-05,6.3045,0
0.4212,-8.392462E-06,6.318,0,0.4212,3.021286E-06,6.318,0
0.4221,-7.821774E-05,6.3315,0,0.4221,-5.706874E-06,6.3315,0
0.423,-9.735256E-05,6.345,0,0.423,-5.371176E-05,6.345,0
0.4239,-2.920577E-05,6.3585,0,0.4239,-5.673304E-05,6.3585,0
0.4248,1.678492E-06,6.372,0,0.4248,-1.141375E-05,6.372,0
0.4257,-1.477073E-05,6.3855,0,0.4257,-3.927672E-05,6.3855,0
0.4266,-3.356985E-06,6.399,0,0.4266,-8.526741E-05,6.399,0
0.4275,1.678492E-05,6.4125,0,0.4275,-8.392462E-06,6.4125,0
0.4284,6.009003E-05,6.426,0,0.4284,2.853437E-05,6.426,0
0.4293,1.712062E-05,6.4395,0,0.4293,-5.337606E-05,6.4395,0
0.4302,-3.189136E-05,6.453,0,0.4302,-5.404745E-05,6.453,0
0.4311,1.477073E-05,6.4665,0,0.4311,1.443504E-05,6.4665,0
0.432,-1.376364E-05,6.48,0,0.432,-3.356985E-07,6.48,0
0.4329,-1.913481E-05,6.4935,0,0.4329,-4.53193E-05,6.4935,0
0.4338,3.356985E-06,6.507,0,0.4338,-7.687495E-05,6.507,0
0.4347,9.735256E-06,6.5205,0,0.4347,1.007095E-05,6.5205,0
0.4356,3.155566E-05,6.534,0,0.4356,4.196231E-05,6.534,0
0.4365,2.383459E-05,6.5475,0,0.4365,-4.43122E-05,6.5475,0
0.4374,1.678492E-06,6.561,0,0.4374,-6.948959E-05,6.561,0
0.4383,-7.049668E-06,6.5745,0,0.4383,2.786297E-05,6.5745,0
0.4392,3.692683E-06,6.588,0,0.4392,5.035477E-06,6.588,0
0.4401,-1.678492E-06,6.6015,0,0.4401,-6.51255E-05,6.6015,0
0.441,5.706874E-06,6.615,0,0.441,1.107805E-05,6.615,0
0.4419,2.987716E-05,6.6285,0,0.4419,2.987716E-05,6.6285,0
0.4428,6.378271E-06,6.642,0,0.4428,-5.471885E-05,6.642,0
0.4437,8.056763E-06,6.6555,0,0.4437,-4.36408E-06,6.6555,0
0.4446,-3.356985E-07,6.669,0,0.4446,3.994812E-05,6.669,0
0.4455,-2.24918E-05,6.6825,0,0.4455,1.678492E-06,6.6825,0
0.4464,-3.323415E-05,6.696,0,0.4464,-1.309224E-05,6.696,0
0.4473,-4.46479E-05,6.7095,0,0.4473,-5.673304E-05,6.7095,0
0.4482,-1.242084E-05,6.723,0,0.4482,2.349889E-06,6.723,0
0.4491,-1.443504E-05,6.7365,0,0.4491,3.692683E-06,6.7365,0
0.45,-4.162661E-05,6.75,0,0.45,-4.46479E-05,6.75,0
0.4509,-1.913481E-05,6.7635,0,0.4509,-4.028382E-05,6.7635,0
0.4518,-3.961242E-05,6.777,0,0.4518,3.591974E-05,6.777,0
0.4527,1.342794E-06,6.7905,0,0.4527,2.24918E-05,6.7905,0
0.4536,3.054856E-05,6.804,0,0.4536,-7.016098E-05,6.804,0
0.4545,-3.356985E-07,6.8175,0,0.4545,1.577783E-05,6.8175,0
0.4554,-3.524834E-05,6.831,0,0.4554,4.33051E-05,6.831,0
0.4563,-4.196231E-05,6.8445,0,0.4563,-4.800488E-05,6.8445,0
0.4572,2.551309E-05,6.858,0,0.4572,-4.901198E-05,6.858,0
0.4581,-5.706874E-06,6.8715,0,0.4581,7.721065E-06,6.8715,0
0.459,-3.692683E-06,6.885,0,0.459,-1.376364E-05,6.885,0
0.4599,1.040665E-05,6.8985,0,0.4599,-2.047761E-05,6.8985,0
0.4608,-2.18204E-05,6.912,0,0.4608,-6.54612E-05,6.912,0
0.4617,-4.699779E-06,6.9255,0,0.4617,-7.049668E-06,6.9255,0
0.4626,-5.035477E-06,6.939,0,0.4626,2.719158E-05,6.939,0
0.4635,-1.275654E-05,6.9525,0,0.4635,-5.203327E-05,6.9525,0
0.4644,-9.735256E-06,6.966,0,0.4644,-7.620356E-05,6.966,0
0.4653,-8.728161E-06,6.9795,0,0.4653,1.980621E-05,6.9795,0
0.4662,-3.390555E-05,6.993,0,0.4662,-1.275654E-05,6.993,0
0.4671,-3.054856E-05,7.0065,0,0.4671,-9.567407E-05,7.0065,0
0.468,-1.174945E-05,7.02,0,0.468,1.208515E-05,7.02,0
0.4689,9.063859E-06,7.0335,0,0.4689,2.786297E-05,7.0335,0
0.4698,-4.867628E-05,7.047,0,0.4698,-4.129091E-05,7.047,0
0.4707,-6.51255E-05,7.0605,0,0.4707,-4.800488E-05,7.0605,0
0.4716,-2.987716E-05,7.074,0,0.4716,1.376364E-05,7.074,0
0.4725,-4.263371E-05,7.0875,0,0.4725,-2.18204E-05,7.0875,0
0.4734,-3.558404E-05,7.101,0,0.4734,-3.121996E-05,7.101,0
0.4743,-2.517739E-05,7.1145,0,0.4743,-7.016098E-05,7.1145,0
0.4752,1.309224E-05,7.128,0,0.4752,-1.208515E-05,7.128,0
0.4761,5.572595E-05,7.1415,0,0.4761,-1.477073E-05,7.1415,0
0.477,3.088426E-05,7.155,0,0.477,-5.102617E-05,7.155,0
0.4779,5.706874E-06,7.1685,0,0.4779,-5.236896E-05,7.1685,0
0.4788,1.107805E-05,7.182,0,0.4788,2.484169E-05,7.182,0
0.4797,2.28275E-05,7.1955,0,0.4797,6.042573E-06,7.1955,0
0.4806,2.786297E-05,7.209,0,0.4806,-9.332418E-05,7.209,0
0.4815,1.544213E-05,7.2225,0,0.4815,3.356985E-07,7.2225,0
0.4824,2.1149E-05,7.236,0,0.4824,2.987716E-05,7.236,0
0.4833,1.107805E-05,7.2495,0,0.4833,-3.894102E-05,7.2495,0
0.4842,-3.021286E-06,7.263,0,0.4842,-1.846342E-05,7.263,0
0.4851,5.035477E-06,7.2765,0,0.4851,1.376364E-05,7.2765,0
0.486,-3.692683E-06,7.29,0,0.486,-1.275654E-05,7.29,0
0.4869,-1.779202E-05,7.3035,0,0.4869,0,7.3035,0
0.4878,-6.713969E-06,7.317,0,0.4878,-5.740444E-05,7.317,0
0.4887,-5.035477E-06,7.3305,0,0.4887,0,7.3305,0
0.4896,-8.661021E-05,7.344,0,0.4896,5.035477E-06,7.344,0
0.4905,-8.82887E-05,7.3575,0,0.4905,-4.43122E-05,7.3575,0
0.4914,-4.49836E-05,7.371,0,0.4914,-7.318227E-05,7.371,0
0.4923,-3.054856E-05,7.3845,0,0.4923,1.342794E-06,7.3845,0
0.4932,-2.752728E-05,7.398,0,0.4932,-2.047761E-05,7.398,0
0.4941,-1.577783E-05,7.4115,0,0.4941,-7.620356E-05,7.4115,0
0.495,9.063859E-06,7.425,0,0.495,1.846342E-05,7.425,0
0.4959,1.947051E-05,7.4385,0,0.4959,4.867628E-05,7.4385,0
0.4968,-9.735256E-06,7.452,0,0.4968,-5.673304E-05,7.452,0
0.4977,-1.678492E-06,7.4655,0,0.4977,-2.450599E-05,7.4655,0
0.4986,-1.544213E-05,7.479,0,0.4986,2.920577E-05,7.479,0
0.4995,-7.049668E-06,7.4925,0,0.4995,-3.692683E-06,7.4925,0
0.5004,1.174945E-05,7.506,0,0.5004,-1.208515E-05,7.506,0
0.5013,7.721065E-06,7.5195,0,0.5013,-4.53193E-05,7.5195,0
0.5022,2.484169E-05,7.533,0,0.5022,9.063859E-06,7.533,0
0.5031,9.735256E-06,7.5465,0,0.5031,4.263371E-05,7.5465,0
0.504,-2.014191E-06,7.56,0,0.504,-9.063859E-06,7.56,0
0.5049,-2.987716E-05,7.5735,0,0.5049,-5.404745E-05,7.5735,0
0.5058,-1.443504E-05,7.587,0,0.5058,1.577783E-05,7.587,0
0.5067,1.007095E-05,7.6005,0,0.5067,-7.049668E-06,7.6005,0
0.5076,-7.721065E-06,7.614,0,0.5076,-6.881819E-05,7.614,0
0.5085,3.692683E-06,7.6275,0,0.5085,-4.699779E-06,7.6275,0
0.5094,4.36408E-05,7.641,0,0.5094,-2.887007E-05,7.641,0
0.5103,-1.577783E-05,7.6545,0,0.5103,-0.0001121233,7.6545,0
0.5112,4.43122E-05,7.668,0,0.5112,-7.251087E-05,7.668,0
0.5121,3.591974E-05,7.6815,0,0.5121,-1.376364E-05,7.6815,0
0.513,2.014191E-06,7.695,0,0.513,-1.275654E-05,7.695,0
0.5139,7.049668E-06,7.7085,0,0.5139,6.713969E-07,7.7085,0
0.5148,1.141375E-05,7.722,0,0.5148,-1.107805E-05,7.722,0
0.5157,2.987716E-05,7.7355,0,0.5157,3.323415E-05,7.7355,0
0.5166,-3.961242E-05,7.749,0,0.5166,6.042573E-06,7.749,0
0.5175,-3.323415E-05,7.7625,0,0.5175,-3.826963E-05,7.7625,0
0.5184,-7.721065E-06,7.776,0,0.5184,-5.673304E-05,7.776,0
0.5193,-1.712062E-05,7.7895,0,0.5193,1.577783E-05,7.7895,0
0.5202,-1.275654E-05,7.803,0,0.5202,-7.721065E-06,7.803,0
0.5211,-1.107805E-05,7.8165,0,0.5211,-8.627451E-05,7.8165,0
0.522,-1.644922E-05,7.83,0,0.522,1.712062E-05,7.83,0
0.5229,1.443504E-05,7.8435,0,0.5229,4.867628E-05,7.8435,0
0.5238,-2.1149E-05,7.857,0,0.5238,-3.591974E-05,7.857,0
0.5247,-2.618448E-05,7.8705,0,0.5247,-2.014191E-06,7.8705,0
0.5256,-1.275654E-05,7.884,0,0.5256,5.169757E-05,7.884,0
0.5265,-1.242084E-05,7.8975,0,0.5265,-1.678492E-06,7.8975,0
0.5274,-2.18204E-05,7.911,0,0.5274,-5.706874E-06,7.911,0
0.5283,-1.174945E-05,7.9245,0,0.5283,-5.035477E-05,7.9245,0
0.5292,5.270466E-05,7.938,0,0.5292,-2.18204E-05,7.938,0
0.5301,2.24918E-05,7.9515,0,0.5301,-8.392462E-06,7.9515,0
0.531,-2.752728E-05,7.965,0,0.531,-3.994812E-05,7.965,0
0.5319,-3.356985E-07,7.9785,0,0.5319,-6.176852E-05,7.9785,0
0.5328,1.007095E-05,7.992,0,0.5328,-5.706874E-06,7.992,0
0.5337,-5.035477E-06,8.0055,0,0.5337,-8.728161E-06,8.0055,0
0.5346,-1.275654E-05,8.019,0,0.5346,-8.291753E-05,8.019,0
0.5355,-7.049668E-06,8.0325,0,0.5355,-1.242084E-05,8.0325,0
0.5364,4.129091E-05,8.046,0,0.5364,3.692683E-05,8.046,0
0.5373,1.242084E-05,8.0595,0,0.5373,-4.632639E-05,8.0595,0
0.5382,-3.457694E-05,8.073,0,0.5382,-5.304036E-05,8.073,0
0.5391,-9.063859E-06,8.0865,0,0.5391,7.721065E-06,8.0865,0
0.54,-1.913481E-05,8.1,0,0.54,2.349889E-06,8.1,0
0.5409,-1.913481E-05,8.1135,0,0.5409,-4.33051E-05,8.1135,0
0.5418,-2.24918E-05,8.127,0,0.5418,-7.553216E-05,8.127,0
0.5427,6.378271E-06,8.1405,0,0.5427,-1.107805E-05,8.1405,0
0.5436,5.404745E-05,8.154,0,0.5436,5.337606E-05,8.154,0
0.5445,9.063859E-06,8.1675,0,0.5445,-8.392462E-06,8.1675,0
0.5454,1.846342E-05,8.181,0,0.5454,-3.826963E-05,8.181,0
0.5463,2.652018E-05,8.1945,0,0.5463,5.136187E-05,8.1945,0
0.5472,-1.443504E-05,8.208,0,0.5472,5.035477E-06,8.208,0
0.5481,-2.517739E-05,8.2215,0,0.5481,-7.721065E-05,8.2215,0
0.549,-9.399558E-06,8.235,0,0.549,3.356985E-07,8.235,0
0.5499,-7.721065E-06,8.2485,0,0.5499,1.745632E-05,8.2485,0
0.5508,-4.699779E-06,8.262,0,0.5508,-6.74754E-05,8.262,0
0.5517,-2.819867E-05,8.2755,0,0.5517,-1.678492E-05,8.2755,0
0.5526,-1.443504E-05,8.289,0,0.5526,1.577783E-05,8.289,0
0.5535,-3.121996E-05,8.3025,0,0.5535,-2.853437E-05,8.3025,0
0.5544,-2.383459E-05,8.316,0,0.5544,-4.061952E-05,8.316,0
0.5553,-7.385367E-06,8.3295,0,0.5553,-8.493171E-05,8.3295,0
0.5562,-2.517739E-05,8.343,0,0.5562,-4.39765E-05,8.343,0
0.5571,-0.0001077592,8.3565,0,0.5571,-2.21561E-05,8.3565,0
0.558,-8.090334E-05,8.37,0,0.558,-5.203327E-05,8.37,0
0.5589,0,8.3835,0,0.5589,-6.51255E-05,8.3835,0
0.5598,-2.18204E-05,8.397,0,0.5598,7.721065E-06,8.397,0
0.5607,-1.913481E-05,8.4105,0,0.5607,-7.049668E-06,8.4105,0
0.5616,3.323415E-05,8.424,0,0.5616,-8.459602E-05,8.424,0
0.5625,0.0001151446,8.4375,0,0.5625,1.644922E-05,8.4375,0
0.5634,0.000112459,8.451,0,0.5634,3.558404E-05,8.451,0
0.5643,7.989624E-05,8.4645,0,0.5643,-7.956054E-05,8.4645,0
0.5652,3.323415E-05,8.478,0,0.5652,-2.1149E-05,8.478,0
0.5661,2.618448E-05,8.4915,0,0.5661,3.793393E-05,8.4915,0
0.567,4.699779E-05,8.505,0,0.567,-1.409934E-05,8.505,0
0.5679,6.713969E-07,8.5185,0,0.5679,-1.913481E-05,8.5185,0
0.5688,-0.0001876554,8.532,0,0.5688,-6.54612E-05,8.532,0
0.5697,-0.0001816129,8.5455,0,0.5697,-1.611353E-05,8.5455,0
0.5706,-0.0001534142,8.559,0,0.5706,1.712062E-05,8.559,0
0.5715,-0.0001399863,8.5725,0,0.5715,-4.39765E-05,8.5725,0
0.5724,-8.493171E-05,8.586,0,0.5724,-3.726253E-05,8.586,0
0.5733,-4.867628E-05,8.5995,0,0.5733,6.915389E-05,8.5995,0
0.5742,-5.169757E-05,8.613,0,0.5742,5.740444E-05,8.613,0
0.5751,-4.867628E-05,8.6265,0,0.5751,-2.887007E-05,8.6265,0
0.576,4.49836E-05,8.64,0,0.576,6.243992E-05,8.64,0
0.5769,0.000372961,8.6535,0,0.5769,2.954147E-05,8.6535,0
0.5778,0.0004343938,8.667,0,0.5778,-5.102617E-05,8.667,0
0.5787,0.0002547952,8.6805,0,0.5787,6.713969E-07,8.6805,0
0.5796,0.0001554284,8.694,0,0.5796,4.39765E-05,8.694,0
0.5805,6.51255E-05,8.7075,0,0.5805,-1.577783E-05,8.7075,0
0.5814,2.719158E-05,8.721,0,0.5814,-3.591974E-05,8.721,0
0.5823,-3.054856E-05,8.7345,0,0.5823,-8.627451E-05,8.7345,0
0.5832,-0.0004390936,8.748,0,0.5832,-3.256275E-05,8.748,0
0.5841,-0.0006019074,8.7615,0,0.5841,-2.047761E-05,8.7615,0
0.585,-0.0002534524,8.775,0,0.585,-4.867628E-05,8.775,0
0.5859,-0.0001413291,8.7885,0,0.5859,-6.009003E-05,8.7885,0
0.5868,-9.634547E-05,8.802,0,0.5868,4.263371E-05,8.802,0
0.5877,-6.881819E-05,8.8155,0,0.5877,5.404745E-05,8.8155,0
0.5886,-4.867628E-05,8.829,0,0.5886,-5.069047E-05,8.829,0
0.5895,-8.493171E-05,8.8425,0,0.5895,1.309224E-05,8.8425,0
0.5904,-7.888914E-05,8.856,0,0.5904,2.349889E-06,8.856,0
0.5913,-8.761731E-05,8.8695,0,0.5913,-8.96315E-05,8.8695,0
0.5922,-6.009003E-05,8.883,0,0.5922,-8.090334E-05,8.883,0
0.5931,-3.424125E-05,8.8965,0,0.5931,-3.826963E-05,8.8965,0
0.594,6.713969E-06,8.91,0,0.594,-3.524834E-05,8.91,0
0.5949,-3.021286E-06,8.9235,0,0.5949,-4.46479E-05,8.9235,0
0.5958,2.047761E-05,8.937,0,0.5958,-7.418937E-05,8.937,0
0.5967,5.841154E-05,8.9505,0,0.5967,-1.409934E-05,8.9505,0
0.5976,3.424125E-05,8.964,0,0.5976,6.57969E-05,8.964,0
0.5985,5.203327E-05,8.9775,0,0.5985,3.323415E-05,8.9775,0
0.5994,6.814679E-05,8.991,0,0.5994,7.351797E-05,8.991,0
0.6003,5.673304E-05,9.0045,0,0.6003,0.0001376364,9.0045,0
0.6012,3.021286E-05,9.018,0,0.6012,6.61326E-05,9.018,0
0.6021,2.450599E-05,9.0315,0,0.6021,-7.385367E-05,9.0315,0
0.603,4.46479E-05,9.045,0,0.603,-2.484169E-05,9.045,0
0.6039,-1.376364E-05,9.0585,0,0.6039,-3.860533E-05,9.0585,0
0.6048,-4.196231E-05,9.072001,0,0.6048,-0.0001487144,9.072001,0
0.6057,3.793393E-05,9.0855,0,0.6057,-0.0001393149,9.0855,0
0.6066,4.699779E-06,9.099,0,0.6066,-6.478981E-05,9.099,0
0.6075,2.517739E-05,9.1125,0,0.6075,-6.881819E-05,9.1125,0
0.6084,3.826963E-05,9.126,0,0.6084,-5.908293E-05,9.126,0
0.6093,5.874724E-05,9.1395,0,0.6093,-7.452507E-05,9.1395,0
0.6102,5.774014E-05,9.153,0,0.6102,-4.229801E-05,9.153,0
0.6111,2.584878E-05,9.1665,0,0.6111,-4.196231E-05,9.1665,0
0.612,4.263371E-05,9.18,0,0.612,-5.069047E-05,9.18,0
0.6129,3.860533E-05,9.1935,0,0.6129,7.049668E-06,9.1935,0
0.6138,1.040665E-05,9.207,0,0.6138,3.054856E-05,9.207,0
0.6147,7.049668E-06,9.2205,0,0.6147,-0.0001265583,9.2205,0
0.6156,-4.061952E-05,9.234,0,0.6156,-0.0002252537,9.234,0
0.6165,-3.927672E-05,9.2475,0,0.6165,-0.0001487144,9.2475,0
0.6174,5.035477E-06,9.261,0,0.6174,-7.452507E-05,9.261,0
0.6183,-1.913481E-05,9.2745,0,0.6183,-3.558404E-05,9.2745,0
0.6192,-1.577783E-05,9.288,0,0.6192,4.53193E-05,9.288,0
0.6201,-3.390555E-05,9.3015,0,0.6201,0.0001809415,9.3015,0
0.621,3.793393E-05,9.315,0,0.621,0.0002776226,9.315,0
0.6219,0.0001017166,9.3285,0,0.6219,0.0002903792,9.3285,0
0.6228,8.96315E-05,9.342,0,0.6228,0.0001765774,9.342,0
0.6237,0.0001477073,9.3555,0,0.6237,0.0001963836,9.3555,0
0.6246,0.000115816,9.369,0,0.6246,0.0001809415,9.369,0
0.6255,4.53193E-05,9.3825,0,0.6255,7.049668E-06,9.3825,0
0.6264,6.210422E-05,9.396,0,0.6264,-9.701686E-05,9.396,0
0.6273,6.009003E-05,9.4095,0,0.6273,-6.948959E-05,9.4095,0
0.6282,8.728161E-06,9.423,0,0.6282,-0.0001201801,9.423,0
0.6291,-3.356985E-06,9.4365,0,0.6291,-0.0001930266,9.4365,0
0.63,-1.443504E-05,9.45,0,0.63,-8.795301E-05,9.45,0
0.6309,3.659113E-05,9.4635,0,0.6309,-1.040665E-05,9.4635,0
0.6318,4.901198E-05,9.477,0,0.6318,-7.553216E-05,9.477,0
0.6327,-2.383459E-05,9.4905,0,0.6327,-0.0001080949,9.4905,0
0.6336,1.779202E-05,9.504,0,0.6336,-9.970245E-05,9.504,0
0.6345,0.0001406577,9.5175,0,0.6345,-0.0001255512,9.5175,0
0.6354,9.634547E-05,9.531,0,0.6354,-0.0001178302,9.531,0
0.6363,7.620356E-05,9.5445,0,0.6363,-0.000133608,9.5445,0
0.6372,6.009003E-05,9.558,0,0.6372,-7.284657E-05,9.558,0
0.6381,-3.155566E-05,9.5715,0,0.6381,-5.941863E-05,9.5715,0
0.639,-4.43122E-05,9.585,0,0.639,-6.210422E-05,9.585,0
0.6399,-6.210422E-05,9.5985,0,0.6399,6.143282E-05,9.5985,0
0.6408,-0.0002044404,9.612,0,0.6408,0.0001493858,9.612,0
0.6417,-0.0002500954,9.6255,0,0.6417,7.687495E-05,9.6255,0
0.6426,-5.471885E-05,9.639,0,0.6426,9.634547E-05,9.639,0
0.6435,-1.342794E-06,9.6525,0,0.6435,0.0002635233,9.6525,0
0.6444,3.189136E-05,9.666,0,0.6444,0.0002333104,9.666,0
0.6453,3.021286E-05,9.6795,0,0.6453,3.390555E-05,9.6795,0
0.6462,1.947051E-05,9.693,0,0.6462,-2.652018E-05,9.693,0
0.6471,-2.685588E-05,9.7065,0,0.6471,1.779202E-05,9.7065,0
0.648,-1.443504E-05,9.72,0,0.648,4.36408E-06,9.72,0
0.6489,4.263371E-05,9.7335,0,0.6489,-5.203327E-05,9.7335,0
0.6498,-0.0001423362,9.747,0,0.6498,-0.0001507286,9.747,0
0.6507,-0.0002151827,9.7605,0,0.6507,-0.0002064546,9.7605,0
0.6516,-0.0001527428,9.774,0,0.6516,-0.0002487526,9.774,0
0.6525,0.0002786297,9.7875,0,0.6525,-0.0001688563,9.7875,0
0.6534,0.0006455482,9.801,0,0.6534,-0.0001490501,9.801,0
0.6543,0.0004763562,9.8145,0,0.6543,-0.0001705348,9.8145,0
0.6552,0.0003313344,9.828,0,0.6552,-0.0002766156,9.828,0
0.6561,0.0001930266,9.8415,0,0.6561,-0.0005297322,9.8415,0
0.657,-3.692683E-06,9.855,0,0.657,-0.0005216755,9.855,0
0.6579,-0.0002242466,9.8685,0,0.6579,-0.0004031739,9.8685,0
0.6588,-0.0005230182,9.882,0,0.6588,-0.0002930648,9.882,0
0.6597,-0.0006640116,9.8955,0,0.6597,-3.793393E-05,9.8955,0
0.6606,-0.0003769894,9.909,0,0.6606,0.0003649043,9.909,0
0.6615,-0.0002598306,9.9225,0,0.6615,0.0007274586,9.9225,0
0.6624,-0.0002635233,9.936,0,0.6624,0.0008107118,9.936,0
0.6633,-0.0002648661,9.9495,0,0.6633,0.0007398794,9.9495,0
0.6642,-0.0001258869,9.963,0,0.6642,0.0007556573,9.963,0
0.6651,-0.0001252155,9.976501,0,0.6651,0.0007086595,9.976501,0
0.666,-0.0002131685,9.99,0,0.666,0.0004239872,9.99,0
0.6669,-0.0002108186,10.0035,0,0.6669,0.0001940337,10.0035,0
0.6678,-0.0001863127,10.017,0,0.6678,9.533837E-05,10.017,0
0.6687,-0.000179263,10.0305,0,0.6687,-1.644922E-05,10.0305,0
0.6696,-4.39765E-05,10.044,0,0.6696,-5.539025E-05,10.044,0
0.6705,0.0005777371,10.0575,0,0.6705,0.0001000381,10.0575,0
0.6714,0.0008610666,10.071,0,0.6714,7.486076E-05,10.071,0
0.6723,0.0005663233,10.0845,0,0.6723,-0.0001520714,10.0845,0
0.6732,0.0002366674,10.098,0,0.6732,-0.0002746014,10.098,0
0.6741,-5.438316E-05,10.1115,0,0.6741,-0.0003105211,10.1115,0
0.675,-0.0002329748,10.125,0,0.675,-0.0004125734,10.125,0
0.6759,-0.0005857939,10.1385,0,0.6759,-0.0004078737,10.1385,0
0.6768,-0.0005915007,10.152,0,0.6768,-0.000323949,10.152,0
0.6777,-0.0003961242,10.1655,0,0.6777,-0.0001836271,10.1655,0
0.6786,-0.0001728847,10.179,0,0.6786,-0.0001265583,10.179,0
0.6795,3.726253E-05,10.1925,0,0.6795,-0.0002729229,10.1925,0
0.6804,4.46479E-05,10.206,0,0.6804,-0.0004078737,10.206,0
0.6813,-5.807584E-05,10.2195,0,0.6813,-0.0003034714,10.2195,0
0.6822,-0.0001574426,10.233,0,0.6822,-0.000252781,10.233,0
0.6831,-0.0001211871,10.2465,0,0.6831,-0.0002131685,10.2465,0
0.684,-1.980621E-05,10.26,0,0.684,-0.0001285725,10.26,0
0.6849,-2.551309E-05,10.2735,0,0.6849,-0.000133608,10.2735,0
0.6858,8.526741E-05,10.287,0,0.6858,-7.016098E-05,10.287,0
0.6867,0.0001346151,10.3005,0,0.6867,3.524834E-05,10.3005,0
0.6876,0.0001087663,10.314,0,0.6876,0.000112459,10.314,0
0.6885,0.000144686,10.3275,0,0.6885,5.438316E-05,10.3275,0
0.6894,0.000200412,10.341,0,0.6894,-0.0001185016,10.341,0
0.6903,0.0002866865,10.3545,0,0.6903,-0.0002588235,10.3545,0
0.6912,0.0002897078,10.368,0,0.6912,-0.0002232395,10.368,0
0.6921,0.0001953765,10.3815,0,0.6921,-0.0001762417,10.3815,0
0.693,0.0002433814,10.395,0,0.693,-0.0001839628,10.395,0
0.6939,0.0003602045,10.4085,0,0.6939,-0.0001567712,10.4085,0
0.6948,0.0006374914,10.422,0,0.6948,8.728161E-06,10.422,0
0.6957,0.0004172732,10.4355,0,0.6957,0.0001094377,10.4355,0
0.6966,5.740444E-05,10.449,0,0.6966,2.18204E-05,10.449,0
0.6975,0.0002088045,10.4625,0,0.6975,5.001907E-05,10.4625,0
0.6984,3.054856E-05,10.476,0,0.6984,-2.618448E-05,10.476,0
0.6993,-0.0005794156,10.4895,0,0.6993,-0.0001080949,10.4895,0
0.7002,-0.0005404745,10.503,0,0.7002,-0.0001178302,10.503,0
0.7011,-0.0002366674,10.5165,0,0.7011,-8.258183E-05,10.5165,0
0.702,-7.418937E-05,10.53,0,0.702,4.666209E-05,10.53,0
0.7029,-4.196231E-05,10.5435,0,0.7029,0.0001708705,10.5435,0
0.7038,-9.735256E-06,10.557,0,0.7038,6.64683E-05,10.557,0
0.7047,-0.0001185016,10.5705,0,0.7047,-4.867628E-05,10.5705,0
0.7056,-0.0002433814,10.584,0,0.7056,-0.0001030594,10.584,0
0.7065,-0.000193698,10.5975,0,0.7065,-4.36408E-05,10.5975,0
0.7074,-0.0001044022,10.611,0,0.7074,-0.0001245441,10.611,0
0.7083,1.980621E-05,10.6245,0,0.7083,-0.0002769512,10.6245,0
0.7092,-4.46479E-05,10.638,0,0.7092,-0.0004179446,10.638,0
0.7101,-0.0001037308,10.6515,0,0.7101,-0.0004538643,10.6515,0
0.711,-0.0001433432,10.665,0,0.711,-0.0001701991,10.665,0
0.7119,3.860533E-05,10.6785,0,0.7119,3.927672E-05,10.6785,0
0.7128,0.000105745,10.692,0,0.7128,0.0001930266,10.692,0
0.7137,0.0001433432,10.7055,0,0.7137,0.000418616,10.7055,0
0.7146,0.0002024262,10.719,0,0.7146,0.0005018692,10.719,0
0.7155,0.0003353628,10.7325,0,0.7155,0.0002870222,10.7325,0
0.7164,0.0002474098,10.746,0,0.7164,8.291753E-05,10.746,0
0.7173,0.0002484169,10.7595,0,0.7173,7.251087E-05,10.7595,0
0.7182,2.316319E-05,10.773,0,0.7182,8.82887E-05,10.773,0
0.7191,-7.016098E-05,10.7865,0,0.7191,0.0002319677,10.7865,0
0.72,-0.0003071641,10.8,0,0.72,0.0002910506,10.8,0
0.7209,-0.000115816,10.8135,0,0.7209,0.0003430838,10.8135,0
0.7218,5.841154E-05,10.827,0,0.7218,0.0004276799,10.827,0
0.7227,0.0002098116,10.8405,0,0.7227,0.0002682231,10.8405,0
0.7236,0.0001607996,10.854,0,0.7236,2.1149E-05,10.854,0
0.7245,-1.107805E-05,10.8675,0,0.7245,-6.78111E-05,10.8675,0
0.7254,-0.0001295796,10.881,0,0.7254,-5.841154E-05,10.881,0
0.7263,-0.0002235752,10.8945,0,0.7263,-0.000102388,10.8945,0
0.7272,-0.0002165255,10.908,0,0.7272,5.069047E-05,10.908,0
0.7281,-0.0002910506,10.9215,0,0.7281,0.0001755703,10.9215,0
0.729,-0.0001440146,10.935,0,0.729,0.0002262608,10.935,0
0.7299,-8.358892E-05,10.9485,0,0.7299,0.0001540856,10.9485,0
0.7308,-8.191043E-05,10.962,0,0.7308,-9.735256E-06,10.962,0
0.7317,-2.349889E-06,10.9755,0,0.7317,0.0001054093,10.9755,0
0.7326,0.0002077974,10.989,0,0.7326,8.526741E-05,10.989,0
0.7335,0.0002198825,11.0025,0,0.7335,0,11.0025,0
0.7344,2.014191E-05,11.016,0,0.7344,-0.0001853056,11.016,0
0.7353,-0.0001164874,11.0295,0,0.7353,-0.0001748989,11.0295,0
0.7362,-0.0001705348,11.043,0,0.7362,-0.0003074998,11.043,0
0.7371,1.174945E-05,11.0565,0,0.7371,-0.0004290226,11.0565,0
0.738,0.0001020523,11.07,0,0.738,-0.0003252918,11.07,0
0.7389,0.0001963836,11.0835,0,0.7389,-0.000323949,11.0835,0
0.7398,0.0001775845,11.097,0,0.7398,-0.000323949,11.097,0
0.7407,0.0001943694,11.1105,0,0.7407,-0.0002370031,11.1105,0
0.7416,6.076142E-05,11.124,0,0.7416,8.392462E-05,11.124,0
0.7425,-0.0002151827,11.1375,0,0.7425,0.000249424,11.1375,0
0.7434,6.009003E-05,11.151,0,0.7434,0.0003850462,11.151,0
0.7443,0.0002863508,11.1645,0,0.7443,0.0004733349,11.1645,0
0.7452,0.0003736324,11.178,0,0.7452,0.000439765,11.178,0
0.7461,0.0001577783,11.1915,0,0.7461,0.000140322,11.1915,0
0.747,-0.0001923552,11.205,0,0.747,-0.000126894,11.205,0
0.7479,-0.0003434196,11.2185,0,0.7479,-0.0002020905,11.2185,0
0.7488,-0.0007284657,11.232,0,0.7488,-9.063859E-05,11.232,0
0.7497,-0.0006348058,11.2455,0,0.7497,-5.975433E-05,11.2455,0
0.7506,-0.0003276417,11.259,0,0.7506,-0.000179263,11.259,0
0.7515,0.0001621424,11.2725,0,0.7515,-5.001907E-05,11.2725,0
0.7524,0.0002380102,11.286,0,0.7524,0.000161471,11.286,0
0.7533,2.349889E-05,11.2995,0,0.7533,0.0001812772,11.2995,0
0.7542,-8.358892E-05,11.313,0,0.7542,0.0001477073,11.313,0
0.7551,-9.231708E-05,11.3265,0,0.7551,5.975433E-05,11.3265,0
0.756,-0.0003487907,11.34,0,0.756,-8.493171E-05,11.34,0
0.7569,-0.0003568475,11.3535,0,0.7569,-0.000172549,11.3535,0
0.7578,-0.0002796368,11.367,0,0.7578,-0.0002329748,11.367,0
0.7587,1.678492E-05,11.3805,0,0.7587,-0.0002353246,11.3805,0
0.7596,0.0001433432,11.394,0,0.7596,-0.0002997787,11.394,0
0.7605,0.0001258869,11.4075,0,0.7605,-0.000407538,11.4075,0
0.7614,0.0001728847,11.421,0,0.7614,-0.0003343557,11.421,0
0.7623,0.000207126,11.4345,0,0.7623,-0.0001104448,11.4345,0
0.7632,6.277562E-05,11.448,0,0.7632,7.721065E-06,11.448,0
0.7641,-0.000161471,11.4615,0,0.7641,1.745632E-05,11.4615,0
0.765,-0.0001735561,11.475,0,0.765,0.0001342794,11.475,0
0.7659,6.881819E-05,11.4885,0,0.7659,0.0002688945,11.4885,0
0.7668,-2.18204E-05,11.502,0,0.7668,0.0002507668,11.502,0
0.7677,-7.721065E-05,11.5155,0,0.7677,0.0001678492,11.5155,0
0.7686,0.0002876936,11.529,0,0.7686,6.6804E-05,11.529,0
0.7695,0.0006428626,11.5425,0,0.7695,-7.183947E-05,11.5425,0
0.7704,0.0008556955,11.556,0,0.7704,-0.0002655375,11.556,0
0.7713,0.0004823987,11.5695,0,0.7713,-0.0004679637,11.5695,0
0.7722,0.0001607996,11.583,0,0.7722,-0.0005502098,11.583,0
0.7731,9.063859E-06,11.5965,0,0.7731,-0.0002997787,11.5965,0
0.774,-0.0003400626,11.61,0,0.774,0.0001577783,11.61,0
0.7749,-0.000826154,11.6235,0,0.7749,0.0004129091,11.6235,0
0.7758,-0.0005028763,11.637,0,0.7758,0.0005904936,11.637,0
0.7767,0.0003998169,11.6505,0,0.7767,0.0005015335,11.6505,0
0.7776,0.0002890364,11.664,0,0.7776,0.0002608377,11.664,0
0.7785,-2.719158E-05,11.6775,0,0.7785,0.0002423743,11.6775,0
0.7794,-0.0001883268,11.691,0,0.7794,0.0001554284,11.691,0
0.7803,-0.0004995193,11.7045,0,0.7803,-3.927672E-05,11.7045,0
0.7812,-0.0006666972,11.718,0,0.7812,-6.378271E-05,11.718,0
0.7821,-0.0004441291,11.7315,0,0.7821,1.712062E-05,11.7315,0
0.783,-0.0001416648,11.745,0,0.783,-4.46479E-05,11.745,0
0.7839,-5.337606E-05,11.7585,0,0.7839,-0.0001292439,11.7585,0
0.7848,-4.162661E-05,11.772,0,0.7848,-0.0001916838,11.772,0
0.7857,-9.735256E-06,11.7855,0,0.7857,-0.0002064546,11.7855,0
0.7866,2.719158E-05,11.799,0,0.7866,-0.0002255894,11.799,0
0.7875,7.217517E-05,11.8125,0,0.7875,-0.0003004501,11.8125,0
0.7884,0.0001876554,11.826,0,0.7884,-0.0002363317,11.826,0
0.7893,0.0002568093,11.8395,0,0.7893,-4.196231E-05,11.8395,0
0.7902,0.0002621805,11.853,0,0.7902,-2.652018E-05,11.853,0
0.7911,0.0004172732,11.8665,0,0.7911,-5.337606E-05,11.8665,0
0.792,0.0005297322,11.88,0,0.792,-7.553216E-05,11.88,0
0.7929,0.0004155947,11.8935,0,0.7929,-9.466698E-05,11.8935,0
0.7938,0.0001554284,11.907,0,0.7938,-0.000224918,11.907,0
0.7947,-0.0002111543,11.9205,0,0.7947,-0.0001279011,11.9205,0
0.7956,-0.0002262608,11.934,0,0.7956,0.0001420005,11.934,0
0.7965,-0.0004129091,11.9475,0,0.7965,7.217517E-05,11.9475,0
0.7974,-0.0003803464,11.961,0,0.7974,5.102617E-05,11.961,0
0.7983,-0.0003873961,11.9745,0,0.7983,2.28275E-05,11.9745,0
0.7992,-0.0001863127,11.988,0,0.7992,2.047761E-05,11.988,0
0.8001,-0.0001050736,12.0015,0,0.8001,-4.36408E-06,12.0015,0
0.801,6.277562E-05,12.015,0,0.801,-4.934768E-05,12.015,0
0.8019,-8.627451E-05,12.0285,0,0.8019,-0.0001366293,12.0285,0
0.8028,-6.009003E-05,12.042,0,0.8028,-6.814679E-05,12.042,0
0.8037,1.846342E-05,12.0555,0,0.8037,-2.887007E-05,12.0555,0
0.8046,2.047761E-05,12.069,0,0.8046,-5.807584E-05,12.069,0
0.8055,0.0001044022,12.0825,0,0.8055,1.510643E-05,12.0825,0
0.8064,0.0001037308,12.096,0,0.8064,-7.418937E-05,12.096,0
0.8073,2.316319E-05,12.1095,0,0.8073,-0.0003021286,12.1095,0
0.8082,6.61326E-05,12.123,0,0.8082,-0.0004813916,12.123,0
0.8091,0.000109102,12.1365,0,0.8091,-0.0005596094,12.1365,0
0.81,0.0001178302,12.15,0,0.81,-0.0006059358,12.15,0
0.8109,0.0002433814,12.1635,0,0.8109,-0.0003602045,12.1635,0
0.8118,0.0003286488,12.177,0,0.8118,-1.309224E-05,12.177,0
0.8127,0.0001712062,12.1905,0,0.8127,0.0002776226,12.1905,0
0.8136,-5.774014E-05,12.204,0,0.8136,0.0003739681,12.204,0
0.8145,1.745632E-05,12.2175,0,0.8145,0.000207126,12.2175,0
0.8154,0.0001889983,12.231,0,0.8154,0.0002346532,12.231,0
0.8163,0.0002064546,12.2445,0,0.8163,0.0002840009,12.2445,0
0.8172,0.0004649424,12.258,0,0.8172,0.0001628138,12.258,0
0.8181,0.000439765,12.2715,0,0.8181,0.0001097734,12.2715,0
0.819,0.0001295796,12.285,0,0.819,0.0003044785,12.285,0
0.8199,-0.0003927672,12.2985,0,0.8199,0.0003313344,12.2985,0
0.8208,-0.0006697185,12.312,0,0.8208,0.000164828,12.312,0
0.8217,-0.0005173113,12.3255,0,0.8217,8.96315E-05,12.3255,0
0.8226,-0.0003064927,12.339,0,0.8226,6.478981E-05,12.339,0
0.8235,-0.0002104829,12.3525,0,0.8235,-5.203327E-05,12.3525,0
0.8244,-0.000197055,12.366,0,0.8244,1.208515E-05,12.366,0
0.8253,-0.0001285725,12.3795,0,0.8253,-5.136187E-05,12.3795,0
0.8262,-0.0001208515,12.393,0,0.8262,-7.116808E-05,12.393,0
0.8271,3.994812E-05,12.4065,0,0.8271,-3.356985E-07,12.4065,0
0.828,0.0003081712,12.42,0,0.828,-9.701686E-05,12.42,0
0.8289,0.0002440528,12.4335,0,0.8289,-0.0001047379,12.4335,0
0.8298,5.941863E-05,12.447,0,0.8298,3.222705E-05,12.447,0
0.8307,5.337606E-05,12.4605,0,0.8307,6.277562E-05,12.4605,0
0.8316,-2.719158E-05,12.474,0,0.8316,-1.947051E-05,12.474,0
0.8325,-0.0003491264,12.4875,0,0.8325,-5.606165E-05,12.4875,0
0.8334,-0.0003138781,12.501,0,0.8334,-5.337606E-05,12.501,0
0.8343,3.457694E-05,12.5145,0,0.8343,-3.625543E-05,12.5145,0
0.8352,4.632639E-05,12.528,0,0.8352,-0.0001127947,12.528,0
0.8361,0.0001594568,12.5415,0,0.8361,-6.378271E-05,12.5415,0
0.837,0.0002208896,12.555,0,0.837,-0.0001312581,12.555,0
0.8379,8.96315E-05,12.5685,0,0.8379,-0.0001906767,12.5685,0
0.8388,-0.0001211871,12.582,0,0.8388,-0.0002020905,12.582,0
0.8397,-0.0003246204,12.5955,0,0.8397,-0.0002225681,12.5955,0
0.8406,-6.478981E-05,12.609,0,0.8406,-0.000231632,12.609,0
0.8415,8.69459E-05,12.6225,0,0.8415,-0.0002645304,12.6225,0
0.8424,1.678492E-06,12.636,0,0.8424,-0.0004437934,12.636,0
0.8433,-7.116808E-05,12.6495,0,0.8433,-0.0003085069,12.6495,0
0.8442,8.82887E-05,12.663,0,0.8442,-0.0001319295,12.663,0
0.8451,0.000200412,12.6765,0,0.8451,0.0001953765,12.6765,0
0.846,0.0004857557,12.69,0,0.846,0.0005337606,12.69,0
0.8469,0.0005092546,12.7035,0,0.8469,0.0006482337,12.7035,0
0.8478,0.0002759442,12.717,0,0.8478,0.0004924697,12.717,0
0.8487,-0.0001386435,12.7305,0,0.8487,0.0002618448,12.7305,0
0.8496,-0.0005680018,12.744,0,0.8496,0.0002692302,12.744,0
0.8505,-0.0007512932,12.7575,0,0.8505,0.0001322652,12.7575,0
0.8514,-0.0004971694,12.771,0,0.8514,5.438316E-05,12.771,0
0.8523,-0.0001809415,12.7845,0,0.8523,-8.224613E-05,12.7845,0
0.8532,3.256275E-05,12.798,0,0.8532,-0.0001017166,12.798,0
0.8541,-5.270466E-05,12.8115,0,0.8541,-9.231708E-05,12.8115,0
0.855,-4.46479E-05,12.825,0,0.855,-0.0001722133,12.825,0
0.8559,0.0001947051,12.8385,0,0.8559,-0.0002020905,12.8385,0
0.8568,0.0002702373,12.852,0,0.8568,-0.0001634852,12.852,0
0.8577,0.0002876936,12.8655,0,0.8577,-0.0001453574,12.8655,0
0.8586,0.0003994812,12.879,0,0.8586,-8.258183E-05,12.879,0
0.8595001,0.0002554666,12.8925,0,0.8595001,7.754635E-05,12.8925,0
0.8604,-0.0001520714,12.906,0,0.8604,2.316319E-05,12.906,0
0.8613,-0.0001631495,12.9195,0,0.8613,-4.095522E-05,12.9195,0
0.8622,2.719158E-05,12.933,0,0.8622,0.0001121233,12.933,0
0.8631,6.378271E-06,12.9465,0,0.8631,0.0001107805,12.9465,0
0.864,0.000309514,12.96,0,0.864,-0.0001675135,12.96,0
0.8649,0.000421973,12.9735,0,0.8649,-0.0003716182,12.9735,0
0.8658,0.0001114519,12.987,0,0.8658,-0.0004125734,12.987,0
0.8667,-8.291753E-05,13.0005,0,0.8667,-0.0003289845,13.0005,0
0.8676,-0.0003098497,13.014,0,0.8676,-0.0001735561,13.014,0
0.8685,-0.0003504692,13.0275,0,0.8685,5.740444E-05,13.0275,0
0.8694,-0.0004531929,13.041,0,0.8694,0.0003635614,13.041,0
0.8703,-0.0002685588,13.0545,0,0.8703,0.0005445029,13.0545,0
0.8712,-4.699779E-05,13.068,0,0.8712,0.0003521477,13.068,0
0.8721,-5.706874E-05,13.0815,0,0.8721,0.0001483787,13.0815,0
0.873,-9.970245E-05,13.095,0,0.873,0.0001151446,13.095,0
0.8739,1.107805E-05,13.1085,0,0.8739,5.236896E-05,13.1085,0
0.8748,6.009003E-05,13.122,0,0.8748,-0.0001346151,13.122,0
0.8757,3.524834E-05,13.1355,0,0.8757,-0.0002628519,13.1355,0
0.8766,-3.625543E-05,13.149,0,0.8766,-0.0002467384,13.149,0
0.8775,3.289845E-05,13.1625,0,0.8775,-0.0001906767,13.1625,0
0.8784,0.0001255512,13.176,0,0.8784,-0.0001000381,13.176,0
0.8793,7.318227E-05,13.1895,0,0.8793,0.0001037308,13.1895,0
0.8802,4.061952E-05,13.203,0,0.8802,0.0002218967,13.203,0
0.8811,5.035477E-06,13.2165,0,0.8811,-3.021286E-05,13.2165,0
0.882,1.678492E-06,13.23,0,0.882,-0.0003048142,13.23,0
0.8829,7.183947E-05,13.2435,0,0.8829,-0.0003860533,13.2435,0
0.8838,0.0001755703,13.257,0,0.8838,-0.0003685969,13.257,0
0.8847,0.0004199588,13.2705,0,0.8847,-0.0003021286,13.2705,0
0.8856,0.00024271,13.284,0,0.8856,-6.64683E-05,13.284,0
0.8865,0.0001094377,13.2975,0,0.8865,0.0002611734,13.2975,0
0.8874,4.934768E-05,13.311,0,0.8874,0.0004588998,13.311,0
0.8883,-0.0003575189,13.3245,0,0.8883,0.0002910506,13.3245,0
0.8892,-0.0005290608,13.338,0,0.8892,0.0002222324,13.338,0
0.8901,-0.0002652018,13.3515,0,0.8901,0.0002380102,13.3515,0
0.891,-0.0001077592,13.365,0,0.891,0.0002101472,13.365,0
0.8919,-5.807584E-05,13.3785,0,0.8919,4.263371E-05,13.3785,0
0.8928,0.0001426719,13.392,0,0.8928,-1.342794E-05,13.392,0
0.8937,0.0001621424,13.4055,0,0.8937,5.471885E-05,13.4055,0
0.8946,6.713969E-06,13.419,0,0.8946,-3.356985E-06,13.419,0
0.8955,9.701686E-05,13.4325,0,0.8955,-0.0001510643,13.4325,0
0.8964,0.0001910124,13.446,0,0.8964,-0.0002823224,13.446,0
0.8973,5.673304E-05,13.4595,0,0.8973,-0.0002319677,13.4595,0
0.8982,-5.673304E-05,13.473,0,0.8982,-0.000246067,13.473,0
0.8991,6.54612E-05,13.4865,0,0.8991,-0.0001883268,13.4865,0
0.9,0.0001030594,13.5,0,0.9,0.0001171588,13.5,0
0.9009,0.0001708705,13.5135,0,0.9009,0.0003121996,13.5135,0
0.9018,0.000323949,13.527,0,0.9018,8.493171E-05,13.527,0
0.9027,0.0001285725,13.5405,0,0.9027,4.36408E-06,13.5405,0
0.9036,-2.652018E-05,13.554,0,0.9036,-4.028382E-06,13.554,0
0.9045,-1.980621E-05,13.5675,0,0.9045,-7.251087E-05,13.5675,0
0.9054,-0.0003991455,13.581,0,0.9054,-0.0001164874,13.581,0
0.9063,-0.0006781109,13.5945,0,0.9063,-0.0001560998,13.5945,0
0.9072,-0.0001708705,13.608,0,0.9072,-9.063859E-05,13.608,0
0.9081,-0.0001389792,13.6215,0,0.9081,-0.0001097734,13.6215,0
0.909,-8.96315E-05,13.635,0,0.909,-0.000193698,13.635,0
0.9099,0.0002668803,13.6485,0,0.9099,-0.0001131304,13.6485,0
0.9108,0.0003927672,13.662,0,0.9108,0.0001107805,13.662,0
0.9117,0.0002333104,13.6755,0,0.9117,6.814679E-05,13.6755,0
0.9126,3.356985E-05,13.689,0,0.9126,-1.913481E-05,13.689,0
0.9135,-0.000148043,13.7025,0,0.9135,2.349889E-06,13.7025,0
0.9144,-0.0005058976,13.716,0,0.9144,-0.0002319677,13.716,0
0.9153,-0.0005804227,13.7295,0,0.9153,-0.0003504692,13.7295,0
0.9162,-0.000169192,13.743,0,0.9162,-0.000158114,13.743,0
0.9171,-0.0001876554,13.7565,0,0.9171,2.1149E-05,13.7565,0
0.918,-0.0002517739,13.77,0,0.918,0.0002386816,13.77,0
0.9189,-9.231708E-05,13.7835,0,0.9189,0.0003863889,13.7835,0
0.9198,0.0002185397,13.797,0,0.9198,0.0003689326,13.797,0
0.9207,0.0003125353,13.8105,0,0.9207,0.0002487526,13.8105,0
0.9216,0.000256138,13.824,0,0.9216,0.0001255512,13.824,0
0.9225,0.0003360342,13.8375,0,0.9225,9.063859E-06,13.8375,0
0.9234,0.000281651,13.851,0,0.9234,-2.652018E-05,13.851,0
0.9243,0.0002276036,13.8645,0,0.9243,-1.208515E-05,13.8645,0
0.9252,0.0003501335,13.878,0,0.9252,-5.471885E-05,13.878,0
0.9261,6.478981E-05,13.8915,0,0.9261,-0.0001117876,13.8915,0
0.927,-0.0004333867,13.905,0,0.927,-1.577783E-05,13.905,0
0.9279,-0.0003937743,13.9185,0,0.9279,3.457694E-05,13.9185,0
0.9288,-0.00036289,13.932,0,0.9288,-9.298848E-05,13.932,0
0.9297,-0.0005337606,13.9455,0,0.9297,-0.0001641566,13.9455,0
0.9306,-0.0002722515,13.959,0,0.9306,-0.000109102,13.959,0
0.9315,-0.0001376364,13.9725,0,0.9315,-0.0001712062,13.9725,0
0.9324,-0.0001550927,13.986,0,0.9324,-0.0001829557,13.986,0
0.9333,-0.0001201801,13.9995,0,0.9333,-0.0001507286,13.9995,0
0.9342,-9.768826E-05,14.013,0,0.9342,7.016098E-05,14.013,0
0.9351,3.323415E-05,14.0265,0,0.9351,0.0001164874,14.0265,0
0.936,0.0002960861,14.04,0,0.936,-0.0001346151,14.04,0
0.9369,0.0005609522,14.0535,0,0.9369,-0.0002208896,14.0535,0
0.9378,0.0006146639,14.067,0,0.9378,-0.0001607996,14.067,0
0.9387,0.000555581,14.0805,0,0.9387,-0.0001883268,14.0805,0
0.9396001,0.000316228,14.094,0,0.9396001,-0.000179263,14.094,0
0.9405,-0.0002981003,14.1075,0,0.9405,7.989624E-05,14.1075,0
0.9414001,-0.0005925078,14.121,0,0.9414001,0.0001876554,14.121,0
0.9423,-0.0004565499,14.1345,0,0.9423,0.000203769,14.1345,0
0.9432001,-0.0001413291,14.148,0,0.9432001,0.0002343175,14.148,0
0.9441,8.325322E-05,14.1615,0,0.9441,0.0003121996,14.1615,0
0.9450001,0.0001436789,14.175,0,0.9450001,0.0001675135,14.175,0
0.9459,4.43122E-05,14.1885,0,0.9459,4.196231E-05,14.1885,0
0.9468,-9.500267E-05,14.202,0,0.9468,-6.109713E-05,14.202,0
0.9477,-2.28275E-05,14.2155,0,0.9477,-9.600977E-05,14.2155,0
0.9486,9.835965E-05,14.229,0,0.9486,-0.0001117876,14.229,0
0.9495,2.987716E-05,14.2425,0,0.9495,-0.0001477073,14.2425,0
0.9504,6.109713E-05,14.256,0,0.9504,-0.000158114,14.256,0
0.9513,0.0001386435,14.2695,0,0.9513,-7.586786E-05,14.2695,0
0.9522,0.0002225681,14.283,0,0.9522,-0.000133608,14.283,0
0.9531,0.0003612116,14.2965,0,0.9531,-0.0002477455,14.2965,0
0.954,0.0005394674,14.31,0,0.954,-0.0003098497,14.31,0
0.9549,0.0002756084,14.3235,0,0.9549,-0.0003951171,14.3235,0
0.9558,1.980621E-05,14.337,0,0.9558,-0.0003967956,14.337,0
0.9567,-1.913481E-05,14.3505,0,0.9567,-5.337606E-05,14.3505,0
0.9576,-0.0002477455,14.364,0,0.9576,0.0003847105,14.364,0
0.9585,-0.0005727016,14.3775,0,0.9585,0.0004424506,14.3775,0
0.9594,-0.0002568093,14.391,0,0.9594,0.0003071641,14.391,0
0.9603,-0.0001376364,14.4045,0,0.9603,8.056764E-05,14.4045,0
0.9612,-0.0002648661,14.418,0,0.9612,4.46479E-05,14.418,0
0.9621,-0.0002957504,14.4315,0,0.9621,0.0001044022,14.4315,0
0.963,-3.189136E-05,14.445,0,0.963,0.0001171588,14.445,0
0.9639,3.860533E-05,14.4585,0,0.9639,0.0001218585,14.4585,0
0.9648,7.888914E-05,14.472,0,0.9648,0.0002410315,14.472,0
0.9657,0.0001668421,14.4855,0,0.9657,0.0001574426,14.4855,0
0.9666,0.0002020905,14.499,0,0.9666,-4.53193E-05,14.499,0
0.9675,2.517739E-05,14.5125,0,0.9675,8.090334E-05,14.5125,0
0.9684,-8.627451E-05,14.526,0,0.9684,0.0001084306,14.526,0
0.9693,-9.030289E-05,14.5395,0,0.9693,-3.256275E-05,14.5395,0
0.9702,-0.0001040665,14.553,0,0.9702,-0.0002128328,14.553,0
0.9711,8.392462E-05,14.5665,0,0.9711,-0.0005515526,14.5665,0
0.972,0.0001977264,14.58,0,0.972,-0.0007734493,14.58,0
0.9729,3.524834E-05,14.5935,0,0.9729,-0.0007106737,14.5935,0
0.9738,-7.049668E-06,14.607,0,0.9738,-0.0003873961,14.607,0
0.9747,-8.224613E-05,14.6205,0,0.9747,0.0001386435,14.6205,0
0.9756,-0.0001654994,14.634,0,0.9756,0.0004750133,14.634,0
0.9765,-3.591974E-05,14.6475,0,0.9765,0.0006495765,14.6475,0
0.9774,5.774014E-05,14.661,0,0.9774,0.0005461815,14.661,0
0.9783,-3.457694E-05,14.6745,0,0.9783,0.0003685969,14.6745,0
0.9792,-2.484169E-05,14.688,0,0.9792,0.0001117876,14.688,0
0.9801,2.920577E-05,14.7015,0,0.9801,-5.807584E-05,14.7015,0
0.981,0.0001782559,14.715,0,0.981,8.560311E-05,14.715,0
0.9819,0.0002218967,14.7285,0,0.9819,9.399558E-06,14.7285,0
0.9828,0.0002957504,14.742,0,0.9828,-0.0001473716,14.742,0
0.9837,0.0002611734,14.7555,0,0.9837,-0.0001379721,14.7555,0
0.9846,0.0002957504,14.769,0,0.9846,-0.0001346151,14.769,0
0.9855,0.0002729229,14.7825,0,0.9855,-0.0001708705,14.7825,0
0.9864,0.0001228656,14.796,0,0.9864,-0.0002088045,14.796,0
0.9873,-0.0002934005,14.8095,0,0.9873,-0.0003236133,14.8095,0
0.9882,-0.0005257038,14.823,0,0.9882,-0.0003195849,14.823,0
0.9891,-5.337606E-05,14.8365,0,0.9891,-9.835965E-05,14.8365,0
0.99,0.000467628,14.85,0,0.99,0.0001366293,14.85,0
0.9909,0.0004743419,14.8635,0,0.9909,0.000112459,14.8635,0
0.9918,0.0002346532,14.877,0,0.9918,0.0001822843,14.877,0
0.9927,-7.855344E-05,14.8905,0,0.9927,3.491264E-05,14.8905,0
0.9936,-0.0008157473,14.904,0,0.9936,-0.0001789273,14.904,0
0.9945,-0.001052415,14.9175,0,0.9945,-0.0001571069,14.9175,0
0.9954,-0.000562295,14.931,0,0.9954,-6.143282E-05,14.931,0
0.9963,-0.0002474098,14.9445,0,0.9963,1.644922E-05,14.9445,0
0.9972,-0.0002803082,14.958,0,0.9972,0.0001822843,14.958,0
0.9981,-0.0002437171,14.9715,0,0.9981,0.0003226062,14.9715,0
0.999,-0.0003380484,14.985,0,0.999,0.000144686,14.985,0
0.9999,-0.0003692683,14.9985,0,0.9999,1.678492E-06,14.9985,0
1.0008,-0.0001722133,15.012,0,1.0008,-1.409934E-05,15.012,0
1.0017,-8.023193E-05,15.0255,0,1.0017,-5.706874E-06,15.0255,0
1.0026,0.0001930266,15.039,0,1.0026,-4.901198E-05,15.039,0
1.0035,0.0005112688,15.0525,0,1.0035,-0.0001305867,15.0525,0
1.0044,0.0005193255,15.066,0,1.0044,-0.0002118257,15.066,0
1.0053,0.0004098878,15.0795,0,1.0053,-0.0002175326,15.0795,0
1.0062,0.0001359579,15.093,0,1.0062,-0.0002138399,15.093,0
1.0071,-0.0004293584,15.1065,0,1.0071,-0.0003004501,15.1065,0
1.008,-0.0004948195,15.12,0,1.008,-0.0001678492,15.12,0
1.0089,-2.450599E-05,15.1335,0,1.0089,1.309224E-05,15.1335,0
1.0098,0.0001084306,15.147,0,1.0098,0.0001117876,15.147,0
1.0107,6.009003E-05,15.1605,0,1.0107,0.0002380102,15.1605,0
1.0116,0.0001050736,15.174,0,1.0116,7.486076E-05,15.174,0
1.0125,0.0001728847,15.1875,0,1.0125,-0.0001490501,15.1875,0
1.0134,0.000186984,15.201,0,1.0134,-0.0001443503,15.201,0
1.0143,0.0002688945,15.2145,0,1.0143,-0.0001940337,15.2145,0
1.0152,0.000415259,15.228,0,1.0152,-0.000115816,15.228,0
1.0161,0.0003380484,15.2415,0,1.0161,-1.678492E-06,15.2415,0
1.017,0.0001376364,15.255,0,1.017,9.835965E-05,15.255,0
1.0179,-7.217517E-05,15.2685,0,1.0179,3.323415E-05,15.2685,0
1.0188,-0.0002074617,15.282,0,1.0188,-9.164568E-05,15.282,0
1.0197,3.591974E-05,15.2955,0,1.0197,-0.0003588617,15.2955,0
1.0206,0.000252781,15.309,0,1.0206,-0.0004723278,15.309,0
1.0215,0.0001379721,15.3225,0,1.0215,-0.000281651,15.3225,0
1.0224,1.510643E-05,15.336,0,1.0224,4.39765E-05,15.336,0
1.0233,-0.00018262,15.3495,0,1.0233,0.0002128328,15.3495,0
1.0242,-0.0004246586,15.363,0,1.0242,0.000542153,15.363,0
1.0251,-6.143282E-05,15.3765,0,1.0251,0.0006207065,15.3765,0
1.026,7.754635E-05,15.39,0,1.026,0.000509926,15.39,0
1.0269,-3.390555E-05,15.4035,0,1.0269,0.0002192111,15.4035,0
1.0278,-7.016098E-05,15.417,0,1.0278,-7.721065E-06,15.417,0
1.0287,-7.284657E-05,15.4305,0,1.0287,-1.510643E-05,15.4305,0
1.0296,-5.774014E-05,15.444,0,1.0296,-0.0001104448,15.444,0
1.0305,5.874724E-05,15.4575,0,1.0305,-0.0002034333,15.4575,0
1.0314,0.00024271,15.471,0,1.0314,-0.0001735561,15.471,0
1.0323,0.0003044785,15.4845,0,1.0323,-6.143282E-05,15.4845,0
1.0332,0.0001500572,15.498,0,1.0332,-6.143282E-05,15.498,0
1.0341,-5.908293E-05,15.5115,0,1.0341,-3.256275E-05,15.5115,0
1.035,-0.0002030976,15.525,0,1.035,0.000148043,15.525,0
1.0359,-0.0003085069,15.5385,0,1.0359,0.0002218967,15.5385,0
1.0368,-9.970245E-05,15.552,0,1.0368,9.298848E-05,15.552,0
1.0377,6.042573E-05,15.5655,0,1.0377,-1.309224E-05,15.5655,0
1.0386,6.277562E-05,15.579,0,1.0386,2.24918E-05,15.579,0
1.0395,-5.807584E-05,15.5925,0,1.0395,7.049668E-06,15.5925,0
1.0404,-0.0002168612,15.606,0,1.0404,5.035477E-06,15.606,0
1.0413,-9.399557E-05,15.6195,0,1.0413,-2.349889E-06,15.6195,0
1.0422,0.0001027237,15.633,0,1.0422,-4.699779E-06,15.633,0
1.0431,7.418937E-05,15.6465,0,1.0431,-1.174945E-05,15.6465,0
1.044,7.486076E-05,15.66,0,1.044,-0.0001349508,15.66,0
1.0449,1.678492E-06,15.6735,0,1.0449,-0.000288365,15.6735,0
1.0458,-0.0001567712,15.687,0,1.0458,-0.0003299916,15.687,0
1.0467,-0.0001366293,15.7005,0,1.0467,-0.0004098878,15.7005,0
1.0476,-9.970245E-05,15.714,0,1.0476,-0.0004273442,15.714,0
1.0485,-0.0001503929,15.7275,0,1.0485,-0.0001322652,15.7275,0
1.0494,1.477073E-05,15.741,0,1.0494,7.821774E-05,15.741,0
1.0503,0.0002319677,15.7545,0,1.0503,0.0002158541,15.7545,0
1.0512,0.0002205539,15.768,0,1.0512,0.000316228,15.768,0
1.0521,7.486076E-05,15.7815,0,1.0521,0.0001675135,15.7815,0
1.053,-3.558404E-05,15.795,0,1.053,-0.0002779583,15.795,0
1.0539,0.0001060807,15.8085,0,1.0539,-0.0005216755,15.8085,0
1.0548,0.0002047761,15.822,0,1.0548,-0.0004350652,15.822,0
1.0557,1.040665E-05,15.8355,0,1.0557,-0.0002521096,15.8355,0
1.0566,-0.0002534524,15.849,0,1.0566,9.567407E-05,15.849,0
1.0575,-0.0002873579,15.8625,0,1.0575,0.0004625925,15.8625,0
1.0584,-0.0003595331,15.876,0,1.0584,0.0004505074,15.876,0
1.0593,-0.0001634852,15.8895,0,1.0593,0.0004132448,15.8895,0
1.0602,6.411841E-05,15.903,0,1.0602,0.000460914,15.903,0
1.0611,0.0003299916,15.9165,0,1.0611,0.0002440528,15.9165,0
1.062,0.0003662471,15.93,0,1.062,0.0001500572,15.93,0
1.0629,0.0002903792,15.9435,0,1.0629,9.835965E-05,15.9435,0
1.0638,0.0001097734,15.957,0,1.0638,-2.383459E-05,15.957,0
1.0647,-0.0004233158,15.9705,0,1.0647,-4.129091E-05,15.9705,0
1.0656,-0.0004290226,15.984,0,1.0656,-0.0001329366,15.984,0
1.0665,2.920577E-05,15.9975,0,1.0665,-0.0001131304,15.9975,0
1.0674,0.0001930266,16.011,0,1.0674,-0.0001232013,16.011,0
1.0683,-0.0001695277,16.0245,0,1.0683,-0.0002104829,16.0245,0
1.0692,-0.0004129091,16.038,0,1.0692,-0.0001681849,16.038,0
1.0701,-0.0003014572,16.0515,0,1.0701,-1.443504E-05,16.0515,0
1.071,-8.224613E-05,16.065,0,1.071,-1.611353E-05,16.065,0
1.0719,0.0001930266,16.0785,0,1.0719,-0.0002027619,16.0785,0
1.0728,0.0004723278,16.092,0,1.0728,-0.0001795987,16.092,0
1.0737,0.0004223087,16.1055,0,1.0737,-0.0003226062,16.1055,0
1.0746,0.0002101472,16.119,0,1.0746,-0.0005028763,16.119,0
1.0755,-0.0001933623,16.1325,0,1.0755,-0.0004394293,16.1325,0
1.0764,-0.000372961,16.146,0,1.0764,-0.0003736324,16.146,0
1.0773,-0.0002437171,16.1595,0,1.0773,-0.0001591211,16.1595,0
1.0782,-0.0002742657,16.173,0,1.0782,0.0003998169,16.173,0
1.0791,-0.0002423743,16.1865,0,1.0791,0.0007267872,16.1865,0
1.08,0.0001926909,16.2,0,1.08,0.0005327535,16.2,0
1.0809,0.0002786297,16.2135,0,1.0809,0.0003118639,16.2135,0
1.0818,0.0002521096,16.227,0,1.0818,0.0002067903,16.227,0
1.0827,0.0002346532,16.2405,0,1.0827,0.0001819486,16.2405,0
1.0836,-0.000133608,16.254,0,1.0836,7.821774E-05,16.254,0
1.0845,-0.0005226826,16.2675,0,1.0845,-7.049668E-05,16.2675,0
1.0854,-0.0004058595,16.281,0,1.0854,-5.270466E-05,16.281,0
1.0863,-4.867628E-05,16.2945,0,1.0863,-3.491264E-05,16.2945,0
1.0872,2.1149E-05,16.308,0,1.0872,-9.298848E-05,16.308,0
1.0881,7.318227E-05,16.3215,0,1.0881,-0.0002047761,16.3215,0
1.089,0.0001544213,16.335,0,1.089,-0.0001467002,16.335,0
1.0899,-3.457694E-05,16.3485,0,1.0899,-0.0002752728,16.3485,0
1.0908,-0.0001151446,16.362,0,1.0908,-0.0004427863,16.362,0
1.0917,3.994812E-05,16.3755,0,1.0917,-0.0003753109,16.3755,0
1.0926,0.0002265965,16.389,0,1.0926,-0.0002262608,16.389,0
1.0935,0.0006697185,16.4025,0,1.0935,-3.121996E-05,16.4025,0
1.0944,0.0008483101,16.416,0,1.0944,0.0001077592,16.416,0
1.0953,0.0003528191,16.4295,0,1.0953,2.383459E-05,16.4295,0
1.0962,0.0001121233,16.443,0,1.0962,-0.0001346151,16.443,0
1.0971,-0.0001789273,16.4565,0,1.0971,-0.0001342794,16.4565,0
1.098,-0.0006989242,16.47,0,1.098,3.390555E-05,16.47,0
1.0989,-0.000695903,16.4835,0,1.0989,0.0001950408,16.4835,0
1.0998,-0.0003957885,16.497,0,1.0998,0.0003105211,16.497,0
1.1007,-0.0001987335,16.5105,0,1.1007,0.0002809796,16.5105,0
1.1016,-0.0001772488,16.524,0,1.1016,0.0001416648,16.524,0
1.1025,-2.24918E-05,16.5375,0,1.1025,0.0001346151,16.5375,0
1.1034,1.208515E-05,16.551,0,1.1034,3.021286E-06,16.551,0
1.1043,2.28275E-05,16.5645,0,1.1043,-0.0001077592,16.5645,0
1.1052,-4.196231E-05,16.578,0,1.1052,-0.0001339437,16.578,0
1.1061,-1.309224E-05,16.5915,0,1.1061,-5.304036E-05,16.5915,0
1.107,1.510643E-05,16.605,0,1.107,-6.378271E-06,16.605,0
1.1079,1.913481E-05,16.6185,0,1.1079,4.43122E-05,16.6185,0
1.1088,4.666209E-05,16.632,0,1.1088,-8.661021E-05,16.632,0
1.1097,0.0001252155,16.6455,0,1.1097,-0.0001520714,16.6455,0
1.1106,0.0001017166,16.659,0,1.1106,-0.0003403983,16.659,0
1.1115,0.0001117876,16.6725,0,1.1115,-0.000591165,16.6725,0
1.1124,0.0001537499,16.686,0,1.1124,-0.0004928054,16.686,0
1.1133,0.0002534524,16.6995,0,1.1133,-0.0001453574,16.6995,0
1.1142,0.0002077974,16.713,0,1.1142,0.000133608,16.713,0
1.1151,-4.867628E-05,16.7265,0,1.1151,0.0004072023,16.7265,0
1.116,-3.356985E-07,16.74,0,1.116,0.0006173495,16.74,0
1.1169,3.021286E-06,16.7535,0,1.1169,0.0004830701,16.7535,0
1.1178,3.155566E-05,16.767,0,1.1178,0.0001493858,16.767,0
1.1187,7.821774E-05,16.7805,0,1.1187,7.620356E-05,16.7805,0
1.1196,-6.478981E-05,16.794,0,1.1196,0.0001185016,16.794,0
1.1205,-0.0001295796,16.8075,0,1.1205,0.0001507286,16.8075,0
1.1214,8.258183E-05,16.821,0,1.1214,6.109713E-05,16.821,0
1.1223,8.123904E-05,16.8345,0,1.1223,-0.0001010452,16.8345,0
1.1232,0.0002057832,16.848,0,1.1232,-5.740444E-05,16.848,0
1.1241,0.0001896696,16.8615,0,1.1241,-0.0001134661,16.8615,0
1.125,-6.311131E-05,16.875,0,1.125,-0.0003246204,16.875,0
1.1259,-4.39765E-05,16.8885,0,1.1259,-0.000369604,16.8885,0
1.1268,-8.392462E-05,16.902,0,1.1268,-0.0001111162,16.902,0
1.1277,-0.0001517357,16.9155,0,1.1277,4.129091E-05,16.9155,0
1.1286,-1.812772E-05,16.929,0,1.1286,1.678492E-06,16.929,0
1.1295,9.097429E-05,16.9425,0,1.1295,0.0002121614,16.9425,0
1.1304,6.411841E-05,16.956,0,1.1304,0.0003111925,16.956,0
1.1313,7.855344E-05,16.9695,0,1.1313,0.0001436789,16.9695,0
1.1322,-6.57969E-05,16.983,0,1.1322,4.263371E-05,16.983,0
1.1331,-0.0002124971,16.9965,0,1.1331,4.666209E-05,16.9965,0
1.134,-8.090334E-05,17.01,0,1.134,-2.316319E-05,17.01,0
1.1349,1.980621E-05,17.0235,0,1.1349,-0.0001557641,17.0235,0
1.1358,0.0001923552,17.037,0,1.1358,-0.0001889983,17.037,0
1.1367,0.000281651,17.0505,0,1.1367,-9.970245E-05,17.0505,0
1.1376,-2.081331E-05,17.064,0,1.1376,-0.0001050736,17.064,0
1.1385,-0.0002171969,17.0775,0,1.1385,-5.639734E-05,17.0775,0
1.1394,-0.0001413291,17.091,0,1.1394,2.1149E-05,17.091,0
1.1403,-0.0002141756,17.1045,0,1.1403,6.881819E-05,17.1045,0
1.1412,0.0001963836,17.118,0,1.1412,-0.0001027237,17.118,0
1.1421,0.0001856413,17.1315,0,1.1421,-0.0002662089,17.1315,0
1.143,-0.0001863127,17.145,0,1.143,-0.0003054856,17.145,0
1.1439,-0.0001618067,17.1585,0,1.1439,-0.0005804227,17.1585,0
1.1448,2.920577E-05,17.172,0,1.1448,-0.0006703899,17.172,0
1.1457,-0.0001373007,17.1855,0,1.1457,-0.0003185779,17.1855,0
1.1466,-0.0001809415,17.199,0,1.1466,3.021286E-05,17.199,0
1.1475,-9.735256E-06,17.2125,0,1.1475,0.0002742657,17.2125,0
1.1484,-0.0002813153,17.226,0,1.1484,0.0006834821,17.226,0
1.1493,-0.0006794537,17.2395,0,1.1493,0.0007180591,17.2395,0
1.1502,-0.0003739681,17.253,0,1.1502,0.0005052262,17.253,0
1.1511,-0.0001537499,17.2665,0,1.1511,0.000190341,17.2665,0
1.152,-6.378271E-05,17.28,0,1.152,5.606165E-05,17.28,0
1.1529,-4.867628E-05,17.2935,0,1.1529,2.652018E-05,17.2935,0
1.1538,6.210422E-05,17.307,0,1.1538,0.0001037308,17.307,0
1.1547,0.0001698634,17.3205,0,1.1547,3.121996E-05,17.3205,0
1.1556,5.169757E-05,17.334,0,1.1556,-0.0001426719,17.334,0
1.1565,0.0001299153,17.3475,0,1.1565,-8.493171E-05,17.3475,0
1.1574,0.0001493858,17.361,0,1.1574,-7.888914E-05,17.361,0
1.1583,-2.719158E-05,17.3745,0,1.1583,-0.0001678492,17.3745,0
1.1592,3.189136E-05,17.388,0,1.1592,-0.0002108186,17.388,0
1.1601,0.0001742275,17.4015,0,1.1601,-0.0001705348,17.4015,0
1.161,0,17.415,0,1.161,-0.0001688563,17.415,0
1.1619,-0.0001618067,17.4285,0,1.1619,-8.661021E-05,17.4285,0
1.1628,1.443504E-05,17.442,0,1.1628,-0.0001117876,17.442,0
1.1637,0.0002655375,17.4555,0,1.1637,-4.263371E-05,17.4555,0
1.1646,0.0004367437,17.469,0,1.1646,8.89601E-05,17.469,0
1.1655,0.000555581,17.4825,0,1.1655,0.0001426719,17.4825,0
1.1664,0.0005797513,17.496,0,1.1664,-3.994812E-05,17.496,0
1.1673,0.0002880293,17.5095,0,1.1673,-0.0001215228,17.5095,0
1.1682,-0.0002947433,17.523,0,1.1682,-0.000246067,17.523,0
1.1691,-0.0007710994,17.5365,0,1.1691,-0.0003346914,17.5365,0
1.17,-0.0008328679,17.55,0,1.17,-0.0001906767,17.55,0
1.1709,-0.0003565118,17.5635,0,1.1709,-8.090334E-05,17.5635,0
1.1718,-4.33051E-05,17.577,0,1.1718,-5.371176E-06,17.577,0
1.1727,-4.33051E-05,17.5905,0,1.1727,0.0002588235,17.5905,0
1.1736,3.994812E-05,17.604,0,1.1736,0.0003568475,17.604,0
1.1745,2.920577E-05,17.6175,0,1.1745,0.0001601282,17.6175,0
1.1754,3.121996E-05,17.631,0,1.1754,4.196231E-05,17.631,0
1.1763,6.277562E-05,17.6445,0,1.1763,-2.081331E-05,17.6445,0
1.1772,8.023193E-05,17.658,0,1.1772,-3.524834E-05,17.658,0
1.1781,5.606165E-05,17.6715,0,1.1781,-0.0001695277,17.6715,0
1.179,3.994812E-05,17.685,0,1.179,-0.0002124971,17.685,0
1.1799,6.076142E-05,17.6985,0,1.1799,-0.0001252155,17.6985,0
1.1808,5.941863E-05,17.712,0,1.1808,-5.774014E-05,17.712,0
1.1817,4.867628E-05,17.7255,0,1.1817,2.484169E-05,17.7255,0
1.1826,7.586786E-05,17.739,0,1.1826,4.934768E-05,17.739,0
1.1835,7.418937E-05,17.7525,0,1.1835,3.189136E-05,17.7525,0
1.1844,0.0001326009,17.766,0,1.1844,-0.0001064164,17.766,0
1.1853,0.0001601282,17.7795,0,1.1853,-0.0002507668,17.7795,0
1.1862,0.0001420005,17.793,0,1.1862,-0.0001849699,17.793,0
1.1871,9.869535E-05,17.8065,0,1.1871,-5.404745E-05,17.8065,0
1.188,0.000197055,17.82,0,1.188,5.136187E-05,17.82,0
1.1889,0.0003091783,17.8335,0,1.1889,0.0001285725,17.8335,0
1.1898,0.0003649043,17.847,0,1.1898,0.0001574426,17.847,0
1.1907,0.0002628519,17.8605,0,1.1907,0.0001326009,17.8605,0
1.1916,-0.0001829557,17.874,0,1.1916,0.0001500572,17.874,0
1.1925,-0.0003931029,17.8875,0,1.1925,0.0001829557,17.8875,0
1.1934,-0.0005082475,17.901,0,1.1934,0.000158114,17.901,0
1.1943,-0.0005438316,17.9145,0,1.1943,0.0001305867,17.9145,0
1.1952,-0.0002920577,17.928,0,1.1952,-7.653925E-05,17.928,0
1.1961,-0.0001107805,17.9415,0,1.1961,-0.0002863508,17.9415,0
1.197,-8.459602E-05,17.955,0,1.197,-0.0002437171,17.955,0
1.1979,9.063859E-06,17.9685,0,1.1979,-0.0002591592,17.9685,0
1.1988,0.000256138,17.982,0,1.1988,-0.0003064927,17.982,0
1.1997,0.0003219348,17.9955,0,1.1997,-0.0002312963,17.9955,0
1.2006,0.0001829557,18.009,0,1.2006,0.0001141375,18.009,0
1.2015,5.136187E-05,18.0225,0,1.2015,0.0002440528,18.0225,0
1.2024,-0.0001634852,18.036,0,1.2024,0.000341741,18.036,0
1.2033,-0.0003390555,18.0495,0,1.2033,0.0003111925,18.0495,0
1.2042,-0.0001873197,18.063,0,1.2042,0.0003172351,18.063,0
1.2051,-1.779202E-05,18.0765,0,1.2051,0.0001822843,18.0765,0
1.206,5.035477E-06,18.09,0,1.206,3.726253E-05,18.09,0
1.2069,4.129091E-05,18.1035,0,1.2069,2.316319E-05,18.1035,0
1.2078,0.0001114519,18.117,0,1.2078,5.874724E-05,18.117,0
1.2087,0.0001530785,18.1305,0,1.2087,-0.0001161517,18.1305,0
1.2096,6.71397E-05,18.144,0,1.2096,-0.0001315938,18.144,0
1.2105,-2.584878E-05,18.1575,0,1.2105,-0.000105745,18.1575,0
1.2114,-9.265278E-05,18.171,0,1.2114,-0.0003689326,18.171,0
1.2123,-0.0002390173,18.1845,0,1.2123,-0.0006102998,18.1845,0
1.2132,-0.0001148089,18.198,0,1.2132,-0.0005431601,18.198,0
1.2141,-9.365987E-05,18.2115,0,1.2141,-0.0002776226,18.2115,0
1.215,3.256275E-05,18.225,0,1.215,6.411841E-05,18.225,0
1.2159,8.560311E-05,18.2385,0,1.2159,0.0003481193,18.2385,0
1.2168,0.0002853437,18.252,0,1.2168,0.0003722896,18.252,0
1.2177,0.0004817273,18.2655,0,1.2177,0.0004495003,18.2655,0
1.2186,0.0004226444,18.279,0,1.2186,0.0003397269,18.279,0
1.2195,0.0003890745,18.2925,0,1.2195,0.0001732204,18.2925,0
1.2204,0.0003041428,18.306,0,1.2204,2.719158E-05,18.306,0
1.2213,-5.438316E-05,18.3195,0,1.2213,1.510643E-05,18.3195,0
1.2222,-0.0003138781,18.333,0,1.2222,-9.466698E-05,18.333,0
1.2231,-0.0003615473,18.3465,0,1.2231,-0.0002195468,18.3465,0
1.224,-0.0006771038,18.36,0,1.224,-0.0001195087,18.36,0
1.2249,-0.0002235752,18.3735,0,1.2249,-0.0001265583,18.3735,0
1.2258,0.0001577783,18.387,0,1.2258,-0.0001916838,18.387,0
1.2267,0.0002400244,18.4005,0,1.2267,-5.169757E-05,18.4005,0
1.2276,0.0001242084,18.414,0,1.2276,3.457694E-05,18.414,0
1.2285,-0.0001272297,18.4275,0,1.2285,-6.713969E-06,18.4275,0
1.2294,-0.0003625544,18.441,0,1.2294,2.853437E-05,18.441,0
1.2303,-0.0005072404,18.4545,0,1.2303,-5.069047E-05,18.4545,0
1.2312,2.920577E-05,18.468,0,1.2312,-2.652018E-05,18.468,0
1.2321,0.0003111925,18.4815,0,1.2321,-4.229801E-05,18.4815,0
1.233,0.0002433814,18.495,0,1.233,-8.86244E-05,18.495,0
1.2339,6.411841E-05,18.5085,0,1.2339,-0.0001077592,18.5085,0
1.2348,6.076142E-05,18.522,0,1.2348,-3.726253E-05,18.522,0
1.2357,-0.0004088808,18.5355,0,1.2357,-0.0001000381,18.5355,0
1.2366,-0.0006525979,18.549,0,1.2366,-0.000185977,18.549,0
1.2375,-0.0002890364,18.5625,0,1.2375,-0.000140322,18.5625,0
1.2384,-0.0001352865,18.576,0,1.2384,-0.0001279011,18.576,0
1.2393,-0.0001782559,18.5895,0,1.2393,-8.89601E-05,18.5895,0
1.2402,7.721065E-06,18.603,0,1.2402,-6.713969E-07,18.603,0
1.2411,-1.007095E-06,18.6165,0,1.2411,-5.740444E-05,18.6165,0
1.242,2.920577E-05,18.63,0,1.242,-4.599069E-05,18.63,0
1.2429,0.000115816,18.6435,0,1.2429,-1.779202E-05,18.6435,0
1.2438,0.0001678492,18.657,0,1.2438,-0.0001594568,18.657,0
1.2447,0.0002218967,18.6705,0,1.2447,-0.0002735943,18.6705,0
1.2456,0.0001332723,18.684,0,1.2456,-0.0003988098,18.684,0
1.2465,0.0001997406,18.6975,0,1.2465,-0.0003860533,18.6975,0
1.2474,0.0001876554,18.711,0,1.2474,-0.0001245441,18.711,0
1.2483,0.000158114,18.7245,0,1.2483,0.0002937362,18.7245,0
1.2492,0.0001211871,18.738,0,1.2492,0.0004837415,18.738,0
1.2501,-1.913481E-05,18.7515,0,1.2501,0.0004934767,18.7515,0
1.251,-0.000140322,18.765,0,1.251,0.0005727016,18.765,0
1.2519,-6.713969E-07,18.7785,0,1.2519,0.0002930648,18.7785,0
1.2528,9.365987E-05,18.792,0,1.2528,0.0001265583,18.792,0
1.2537,0.0001601282,18.8055,0,1.2537,0.0001097734,18.8055,0
1.2546,3.860533E-05,18.819,0,1.2546,9.903105E-05,18.819,0
1.2555,-0.0002333104,18.8325,0,1.2555,4.632639E-05,18.8325,0
1.2564,-0.0001775845,18.846,0,1.2564,-4.934768E-05,18.846,0
1.2573,0.0001218585,18.8595,0,1.2573,-0.0001745632,18.8595,0
1.2582,5.337606E-05,18.873,0,1.2582,-9.198138E-05,18.873,0
1.2591,-1.544213E-05,18.8865,0,1.2591,-2.316319E-05,18.8865,0
1.26,5.203327E-05,18.9,0,1.26,-0.0001413291,18.9,0
1.2609,-5.807584E-05,18.9135,0,1.2609,-0.0001255512,18.9135,0
1.2618,-9.030289E-05,18.927,0,1.2618,3.189136E-05,18.927,0
1.2627,-1.242084E-05,18.9405,0,1.2627,2.047761E-05,18.9405,0
1.2636,6.243992E-05,18.954,0,1.2636,-0.0001594568,18.954,0
1.2645,4.699779E-06,18.9675,0,1.2645,1.107805E-05,18.9675,0
1.2654,-0.0001910124,18.981,0,1.2654,5.404745E-05,18.981,0
1.2663,-5.740444E-05,18.9945,0,1.2663,-9.097429E-05,18.9945,0
1.2672,3.356985E-07,19.008,0,1.2672,-0.0001121233,19.008,0
1.2681,-3.558404E-05,19.0215,0,1.2681,-8.761731E-05,19.0215,0
1.269,3.894102E-05,19.035,0,1.269,-0.000190341,19.035,0
1.2699,0,19.0485,0,1.2699,-0.0003279774,19.0485,0
1.2708,3.692683E-06,19.062,0,1.2708,-0.0004058595,19.062,0
1.2717,6.54612E-05,19.0755,0,1.2717,-0.0003179065,19.0755,0
1.2726,2.349889E-06,19.089,0,1.2726,-8.090334E-05,19.089,0
1.2735,-2.24918E-05,19.1025,0,1.2735,0.000126894,19.1025,0
1.2744,-1.678492E-06,19.116,0,1.2744,0.0002205539,19.116,0
1.2753,0.0001067521,19.1295,0,1.2753,0.0002343175,19.1295,0
1.2762,3.424125E-05,19.143,0,1.2762,0.0002376745,19.143,0
1.2771,-5.706874E-06,19.1565,0,1.2771,0.0002010834,19.1565,0
1.278,6.378271E-05,19.17,0,1.278,0.000148043,19.17,0
1.2789,0.0001795987,19.1835,0,1.2789,8.82887E-05,19.1835,0
1.2798,2.18204E-05,19.197,0,1.2798,-6.64683E-05,19.197,0
1.2807,-5.304036E-05,19.2105,0,1.2807,-6.74754E-05,19.2105,0
1.2816,5.606165E-05,19.224,0,1.2816,-3.726253E-05,19.224,0
1.2825,-3.726253E-05,19.2375,0,1.2825,-3.558404E-05,19.2375,0
1.2834,-0.000102388,19.251,0,1.2834,-9.802396E-05,19.251,0
1.2843,-3.726253E-05,19.2645,0,1.2843,-9.970245E-05,19.2645,0
1.2852,4.53193E-05,19.278,0,1.2852,-5.270466E-05,19.278,0
1.2861,9.567407E-05,19.2915,0,1.2861,-9.433127E-05,19.2915,0
1.287,0.0002205539,19.305,0,1.287,-0.0001977264,19.305,0
1.2879,0.0004394293,19.3185,0,1.2879,-0.0005035477,19.3185,0
1.2888,0.0007194019,19.332,0,1.2888,-0.0004199588,19.332,0
1.2897,0.0007885557,19.3455,0,1.2897,-0.0001641566,19.3455,0
1.2906,0.0001836271,19.359,0,1.2906,-9.298848E-05,19.359,0
1.2915,-0.0004975051,19.3725,0,1.2915,9.365987E-05,19.3725,0
1.2924,-0.0008614023,19.386,0,1.2924,0.0004159304,19.386,0
1.2933,-0.00131191,19.3995,0,1.2933,0.0003642329,19.3995,0
1.2942,-0.0008006409,19.413,0,1.2942,0.0003038071,19.413,0
1.2951,-0.0002964218,19.4265,0,1.2951,0.000337377,19.4265,0
1.296,-0.0001456931,19.44,0,1.296,0.0001896696,19.44,0
1.2969,-7.351797E-05,19.4535,0,1.2969,7.016098E-05,19.4535,0
1.2978,1.409934E-05,19.467,0,1.2978,7.385367E-06,19.467,0
1.2987,0.000102388,19.4805,0,1.2987,3.054856E-05,19.4805,0
1.2996,1.980621E-05,19.494,0,1.2996,-3.692683E-06,19.494,0
1.3005,0.0001980621,19.5075,0,1.3005,-6.210422E-05,19.5075,0
1.3014,0.0002709087,19.521,0,1.3014,-0.0001712062,19.521,0
1.3023,1.577783E-05,19.5345,0,1.3023,-0.0002339818,19.5345,0
1.3032,-0.0001225299,19.548,0,1.3032,-0.0001953765,19.548,0
1.3041,-0.0001829557,19.5615,0,1.3041,-8.123904E-05,19.5615,0
1.305,-0.0002064546,19.575,0,1.305,0.0001258869,19.575,0
1.3059,-0.0001185016,19.5885,0,1.3059,0.0001524071,19.5885,0
1.3068,9.903105E-05,19.602,0,1.3068,4.53193E-05,19.602,0
1.3077,0.0001178302,19.6155,0,1.3077,-5.337606E-05,19.6155,0
1.3086,0.0001017166,19.629,0,1.3086,-3.390555E-05,19.629,0
1.3095,0.0002084688,19.6425,0,1.3095,-2.652018E-05,19.6425,0
1.3104,0.0002453956,19.656,0,1.3104,-6.51255E-05,19.656,0
1.3113,0.0003326772,19.6695,0,1.3113,-0.0003440909,19.6695,0
1.3122,0.0003541619,19.683,0,1.3122,-0.0004971694,19.683,0
1.3131,0.0001997406,19.6965,0,1.3131,-0.000503212,19.6965,0
1.314,0.0002514381,19.71,0,1.314,-0.0004417792,19.71,0
1.3149,1.007095E-06,19.7235,0,1.3149,-0.0001467002,19.7235,0
1.3158,-0.0005005265,19.737,0,1.3158,0.0003279774,19.737,0
1.3167,-0.0003155566,19.7505,0,1.3167,0.0005807584,19.7505,0
1.3176,-5.706874E-05,19.764,0,1.3176,0.0003910887,19.764,0
1.3185,-0.0001795987,19.7775,0,1.3185,0.0003474479,19.7775,0
1.3194,-5.304036E-05,19.791,0,1.3194,0.0003111925,19.791,0
1.3203,-6.54612E-05,19.8045,0,1.3203,0.0001027237,19.8045,0
1.3212,-9.835965E-05,19.818,0,1.3212,6.210422E-05,19.818,0
1.3221,7.116808E-05,19.8315,0,1.3221,8.090334E-05,19.8315,0
1.323,0.0001836271,19.845,0,1.323,2.450599E-05,19.845,0
1.3239,0.0003205921,19.8585,0,1.3239,-1.577783E-05,19.8585,0
1.3248,0.0003172351,19.872,0,1.3248,-5.673304E-05,19.872,0
1.3257,0.0002051118,19.8855,0,1.3257,-8.526741E-05,19.8855,0
1.3266,6.277562E-05,19.899,0,1.3266,-0.0001977264,19.899,0
1.3275,-0.0001205158,19.9125,0,1.3275,-0.0002386816,19.9125,0
1.3284,-0.0001299153,19.926,0,1.3284,-0.0002091402,19.926,0
1.3293,-0.0002685588,19.9395,0,1.3293,-0.0001211871,19.9395,0
1.3302,-0.000252781,19.953,0,1.3302,-9.835965E-05,19.953,0
1.3311,-0.0001299153,19.9665,0,1.3311,-5.673304E-05,19.9665,0
1.332,-1.913481E-05,19.98,0,1.332,7.754635E-05,19.98,0
1.3329,-2.987716E-05,19.9935,0,1.3329,-1.107805E-05,19.9935,0
1.3338,-8.89601E-05,20.007,0,1.3338,-0.0002390173,20.007,0
1.3347,0.0002668803,20.0205,0,1.3347,-0.0004105592,20.0205,0
1.3356,0.0002772869,20.034,0,1.3356,-0.0003776608,20.034,0
1.3365,0.0002621805,20.0475,0,1.3365,-0.0001950408,20.0475,0
1.3374,0.0001550927,20.061,0,1.3374,3.793393E-05,20.061,0
1.3383,-0.0003226062,20.0745,0,1.3383,0.0002051118,20.0745,0
1.3392,-0.0008781872,20.088,0,1.3392,0.0004528573,20.088,0
1.3401,-0.0006025788,20.1015,0,1.3401,0.0005995575,20.1015,0
1.341,-0.0001040665,20.115,0,1.341,0.0003427482,20.115,0
1.3419,-1.611353E-05,20.1285,0,1.3419,8.358892E-05,20.1285,0
1.3428,1.577783E-05,20.142,0,1.3428,0.0001080949,20.142,0
1.3437,2.1149E-05,20.1555,0,1.3437,3.692683E-05,20.1555,0
1.3446,3.457694E-05,20.169,0,1.3446,-7.989624E-05,20.169,0
1.3455,0.0001060807,20.1825,0,1.3455,6.042573E-06,20.1825,0
1.3464,3.961242E-05,20.196,0,1.3464,-1.275654E-05,20.196,0
1.3473,4.36408E-06,20.2095,0,1.3473,-0.0001245441,20.2095,0
1.3482,3.726253E-05,20.223,0,1.3482,-0.0002014191,20.223,0
1.3491,9.903105E-05,20.2365,0,1.3491,-0.000323949,20.2365,0
1.35,0.0001393149,20.25,0,1.35,-0.0004810559,20.25,0
1.3509,0.0001849699,20.2635,0,1.3509,-0.0005173113,20.2635,0
1.3518,0.0001967193,20.277,0,1.3518,-0.000379675,20.277,0
1.3527,4.666209E-05,20.2905,0,1.3527,-4.49836E-05,20.2905,0
1.3536,-9.466698E-05,20.304,0,1.3536,0.0003642329,20.304,0
1.3545,-0.0001131304,20.3175,0,1.3545,0.0004830701,20.3175,0
1.3554,-6.143282E-05,20.331,0,1.3554,0.0002601663,20.331,0
1.3563,-1.007095E-05,20.3445,0,1.3563,0.0002067903,20.3445,0
1.3572,9.030289E-05,20.358,0,1.3572,0.0001554284,20.358,0
1.3581,0.0002104829,20.3715,0,1.3581,6.378271E-06,20.3715,0
1.359,0.0002897078,20.385,0,1.359,-4.666209E-05,20.385,0
1.3599,0.0004125734,20.3985,0,1.3599,-9.500267E-05,20.3985,0
1.3608,0.0001534142,20.412,0,1.3608,-0.0001856413,20.412,0
1.3617,-0.0002406958,20.4255,0,1.3617,-0.0001940337,20.4255,0
1.3626,-0.000186984,20.439,0,1.3626,-9.533837E-05,20.439,0
1.3635,-0.0002709087,20.4525,0,1.3635,3.491264E-05,20.4525,0
1.3644,-0.000263859,20.466,0,1.3644,0.0001087663,20.466,0
1.3653,-0.0001621424,20.4795,0,1.3653,-2.450599E-05,20.4795,0
1.3662,8.392462E-06,20.493,0,1.3662,-1.477073E-05,20.493,0
1.3671,9.634547E-05,20.5065,0,1.3671,-2.18204E-05,20.5065,0
1.368,4.599069E-05,20.52,0,1.368,-0.0001151446,20.52,0
1.3689,-9.063859E-06,20.5335,0,1.3689,-0.000102388,20.5335,0
1.3698,-5.706874E-06,20.547,0,1.3698,-4.36408E-06,20.547,0
1.3707,9.466698E-05,20.5605,0,1.3707,-6.71397E-05,20.5605,0
1.3716,0.0002299535,20.574,0,1.3716,-0.0001530785,20.574,0
1.3725,0.0002977645,20.5875,0,1.3725,-3.356985E-06,20.5875,0
1.3734,0.0002252537,20.601,0,1.3734,1.275654E-05,20.601,0
1.3743,-1.309224E-05,20.6145,0,1.3743,-6.176852E-05,20.6145,0
1.3752,-0.0001987335,20.628,0,1.3752,9.298848E-05,20.628,0
1.3761,-0.0001537499,20.6415,0,1.3761,0.000105745,20.6415,0
1.377,-5.069047E-05,20.655,0,1.377,7.754635E-05,20.655,0
1.3779,-3.121996E-05,20.6685,0,1.3779,3.323415E-05,20.6685,0
1.3788,8.291753E-05,20.682,0,1.3788,-0.0001185016,20.682,0
1.3797,4.263371E-05,20.6955,0,1.3797,-0.0001782559,20.6955,0
1.3806,2.349889E-05,20.709,0,1.3806,-8.224613E-05,20.709,0
1.3815,-7.452507E-05,20.7225,0,1.3815,-0.0001715419,20.7225,0
1.3824,-0.0003118639,20.736,0,1.3824,-0.0003363699,20.736,0
1.3833,-0.000207126,20.7495,0,1.3833,-0.0002272679,20.7495,0
1.3842,-0.0001352865,20.763,0,1.3842,9.634547E-05,20.763,0
1.3851,-0.0002380102,20.7765,0,1.3851,0.0001238727,20.7765,0
1.386,-9.198138E-05,20.79,0,1.386,0.0003595331,20.79,0
1.3869,-6.009003E-05,20.8035,0,1.3869,0.0004897841,20.8035,0
1.3878,-1.477073E-05,20.817,0,1.3878,0.0002265965,20.817,0
1.3887,0.000105745,20.8305,0,1.3887,0.0001161517,20.8305,0
1.3896,0.0001849699,20.844,0,1.3896,4.36408E-05,20.844,0
1.3905,9.231708E-05,20.8575,0,1.3905,-0.0001587854,20.8575,0
1.3914,8.69459E-05,20.871,0,1.3914,-0.000291722,20.871,0
1.3923,0.0001332723,20.8845,0,1.3923,-0.0003182421,20.8845,0
1.3932,0.0001520714,20.898,0,1.3932,-0.00018262,20.898,0
1.3941,5.069047E-05,20.9115,0,1.3941,-2.081331E-05,20.9115,0
1.395,6.277562E-05,20.925,0,1.395,4.129091E-05,20.925,0
1.3959,-7.653925E-05,20.9385,0,1.3959,0.0001628138,20.9385,0
1.3968,-4.129091E-05,20.952,0,1.3968,0.0002581521,20.952,0
1.3977,8.86244E-05,20.9655,0,1.3977,0.0001413291,20.9655,0
1.3986,0.0001748989,20.979,0,1.3986,-3.692683E-06,20.979,0
1.3995,0.0003004501,20.9925,0,1.3995,8.96315E-05,20.9925,0
1.4004,0.0001990692,21.006,0,1.4004,0.0001064164,21.006,0
1.4013,-0.0001507286,21.0195,0,1.4013,3.189136E-05,21.0195,0
1.4022,-0.0005139544,21.033,0,1.4022,-1.644922E-05,21.033,0
1.4031,-0.0008379034,21.0465,0,1.4031,-6.478981E-05,21.0465,0
1.404,-0.0008714733,21.06,0,1.404,-0.0001044022,21.06,0
1.4049,-0.0002064546,21.0735,0,1.4049,-7.956054E-05,21.0735,0
1.4058,-0.000102388,21.087,0,1.4058,-9.164568E-05,21.087,0
1.4067,-0.0001030594,21.1005,0,1.4067,-3.524834E-05,21.1005,0
1.4076,4.36408E-06,21.114,0,1.4076,-2.450599E-05,21.114,0
1.4085,-2.349889E-06,21.1275,0,1.4085,-0.0001097734,21.1275,0
1.4094,5.706874E-06,21.141,0,1.4094,-0.0001467002,21.141,0
1.4103,5.203327E-05,21.1545,0,1.4103,-6.948959E-05,21.1545,0
1.4112,9.164568E-05,21.168,0,1.4112,-7.083238E-05,21.168,0
1.4121,0.0001560998,21.1815,0,1.4121,-0.0001668421,21.1815,0
1.413,0.0002111543,21.195,0,1.413,-9.332418E-05,21.195,0
1.4139,0.0002239109,21.2085,0,1.4139,-5.001907E-05,21.2085,0
1.4148,0.0001973907,21.222,0,1.4148,-0.0001215228,21.222,0
1.4157,0.0002265965,21.2355,0,1.4157,-0.0001010452,21.2355,0
1.4166,0.0002158541,21.249,0,1.4166,-6.6804E-05,21.249,0
1.4175,0.0001863127,21.2625,0,1.4175,-8.627451E-05,21.2625,0
1.4184,0.0001436789,21.276,0,1.4184,-2.920577E-05,21.276,0
1.4193,-3.021286E-06,21.2895,0,1.4193,-8.392462E-06,21.2895,0
1.4202,-0.0002010834,21.303,0,1.4202,9.433127E-05,21.303,0
1.4211,-0.0001876554,21.3165,0,1.4211,9.869535E-05,21.3165,0
1.422,-3.793393E-05,21.33,0,1.422,5.606165E-05,21.33,0
1.4229,0.0001809415,21.3435,0,1.4229,3.356985E-06,21.3435,0
1.4238,0.0002158541,21.357,0,1.4238,-4.599069E-05,21.357,0
1.4247,0.0002205539,21.3705,0,1.4247,-0.0001379721,21.3705,0
1.4256,4.968337E-05,21.384,0,1.4256,-0.0002346532,21.384,0
1.4265,-0.00024271,21.3975,0,1.4265,-0.0001426719,21.3975,0
1.4274,-0.0001715419,21.411,0,1.4274,-0.0001362936,21.411,0
1.4283,-0.0001054093,21.4245,0,1.4283,-0.0001195087,21.4245,0
1.4292,4.095522E-05,21.438,0,1.4292,2.853437E-05,21.438,0
1.4301,0.0001708705,21.4515,0,1.4301,0.000161471,21.4515,0
1.431,0.0001279011,21.465,0,1.431,0.0001440146,21.465,0
1.4319,-7.385367E-06,21.4785,0,1.4319,0.0002101472,21.4785,0
1.4328,-4.867628E-05,21.492,0,1.4328,0.0002467384,21.492,0
1.4337,-9.298848E-05,21.5055,0,1.4337,0.0001567712,21.5055,0
1.4346,-0.0002547952,21.519,0,1.4346,5.035477E-06,21.519,0
1.4355,-3.256275E-05,21.5325,0,1.4355,3.356985E-07,21.5325,0
1.4364,-1.007095E-06,21.546,0,1.4364,-0.0001238727,21.546,0
1.4373,-9.903105E-05,21.5595,0,1.4373,-0.0001654994,21.5595,0
1.4382,8.392462E-06,21.573,0,1.4382,-0.0001641566,21.573,0
1.4391,-3.356985E-07,21.5865,0,1.4391,-0.0002809796,21.5865,0
1.44,-9.735256E-06,21.6,0,1.44,-0.0001064164,21.6,0
1.4409,0.0001621424,21.6135,0,1.4409,3.021286E-05,21.6135,0
1.4418,0.0003561761,21.627,0,1.4418,-2.584878E-05,21.627,0
1.4427,0.0005542382,21.6405,0,1.4427,5.337606E-05,21.6405,0
1.4436,0.0004625925,21.654,0,1.4436,0.0002668803,21.654,0
1.4445,9.567407E-05,21.6675,0,1.4445,0.0001101091,21.6675,0
1.4454,-0.000312871,21.681,0,1.4454,-2.719158E-05,21.681,0
1.4463,-0.0006972458,21.6945,0,1.4463,-7.620356E-05,21.6945,0
1.4472,-0.0005841153,21.708,0,1.4472,3.121996E-05,21.708,0
1.4481,-0.000316228,21.7215,0,1.4481,1.678492E-06,21.7215,0
1.449,-0.0001950408,21.735,0,1.449,-4.867628E-05,21.735,0
1.4499,-3.424125E-05,21.7485,0,1.4499,-2.081331E-05,21.7485,0
1.4508,-1.242084E-05,21.762,0,1.4508,3.323415E-05,21.762,0
1.4517,-3.323415E-05,21.7755,0,1.4517,-7.049668E-06,21.7755,0
1.4526,-3.591974E-05,21.789,0,1.4526,-0.000172549,21.789,0
1.4535,3.121996E-05,21.8025,0,1.4535,-0.0001171588,21.8025,0
1.4544,4.33051E-05,21.816,0,1.4544,-0.0001134661,21.816,0
1.4553,8.157473E-05,21.8295,0,1.4553,-0.0001685206,21.8295,0
1.4562,0.0001836271,21.843,0,1.4562,-7.888914E-05,21.843,0
1.4571,0.0001597925,21.8565,0,1.4571,-4.196231E-05,21.8565,0
1.458,0.0001631495,21.87,0,1.458,1.745632E-05,21.87,0
1.4589,0.0001218585,21.8835,0,1.4589,0.0001232013,21.8835,0
1.4598,-9.231708E-05,21.897,0,1.4598,0.0001688563,21.897,0
1.4607,-8.661021E-05,21.9105,0,1.4607,0.0002064546,21.9105,0
1.4616,-5.270466E-05,21.924,0,1.4616,0.0003232776,21.924,0
1.4625,-0.0001326009,21.9375,0,1.4625,0.0001782559,21.9375,0
1.4634,-8.493171E-05,21.951,0,1.4634,1.947051E-05,21.951,0
1.4643,4.666209E-05,21.9645,0,1.4643,9.735256E-05,21.9645,0
1.4652,3.659113E-05,21.978,0,1.4652,3.692683E-06,21.978,0
1.4661,-4.632639E-05,21.9915,0,1.4661,-0.0001050736,21.9915,0
1.467,3.591974E-05,22.005,0,1.467,-4.565499E-05,22.005,0
1.4679,0.0001107805,22.0185,0,1.4679,-2.014191E-06,22.0185,0
1.4688,4.599069E-05,22.032,0,1.4688,-6.54612E-05,22.032,0
1.4697,4.196231E-05,22.0455,0,1.4697,-1.107805E-05,22.0455,0
1.4706,0.000295079,22.059,0,1.4706,-7.721065E-06,22.059,0
1.4715,0.0004169375,22.0725,0,1.4715,-0.0002195468,22.0725,0
1.4724,0.0005015335,22.086,0,1.4724,-0.0003652399,22.086,0
1.4733,0.0003595331,22.0995,0,1.4733,-0.0003884031,22.0995,0
1.4742,-7.754635E-05,22.113,0,1.4742,-0.0002554666,22.113,0
1.4751,-0.000351812,22.1265,0,1.4751,-0.0001409934,22.1265,0
1.476,-0.0002981003,22.14,0,1.476,3.726253E-05,22.14,0
1.4769,-0.0001517357,22.1535,0,1.4769,0.0001426719,22.1535,0
1.4778,-0.0001279011,22.167,0,1.4778,0.0001846342,22.167,0
1.4787,-9.164568E-05,22.1805,0,1.4787,3.894102E-05,22.1805,0
1.4796,-0.000239353,22.194,0,1.4796,-9.063859E-06,22.194,0
1.4805,-0.0002151827,22.2075,0,1.4805,7.754635E-05,22.2075,0
1.4814,-5.270466E-05,22.221,0,1.4814,8.023193E-05,22.221,0
1.4823,-0.0002279393,22.2345,0,1.4823,-4.39765E-05,22.2345,0
1.4832,-0.0002863508,22.248,0,1.4832,-1.443504E-05,22.248,0
1.4841,-0.0002333104,22.2615,0,1.4841,9.097429E-05,22.2615,0
1.485,-0.0002077974,22.275,0,1.485,7.452507E-05,22.275,0
1.4859,-0.0001735561,22.2885,0,1.4859,3.994812E-05,22.2885,0
1.4868,-4.196231E-05,22.302,0,1.4868,-0.0001265583,22.302,0
1.4877,9.634547E-05,22.3155,0,1.4877,-9.903105E-05,22.3155,0
1.4886,-4.867628E-05,22.329,0,1.4886,-1.577783E-05,22.329,0
1.4895,-1.947051E-05,22.3425,0,1.4895,1.846342E-05,22.3425,0
1.4904,-0.0001292439,22.356,0,1.4904,6.713969E-07,22.356,0
1.4913,-4.028382E-05,22.3695,0,1.4913,1.577783E-05,22.3695,0
1.4922,3.021286E-06,22.383,0,1.4922,-1.644922E-05,22.383,0
1.4931,-1.577783E-05,22.3965,0,1.4931,-7.150377E-05,22.3965,0
1.494,9.768826E-05,22.41,0,1.494,3.659113E-05,22.41,0
1.4949,4.834058E-05,22.4235,0,1.4949,2.652018E-05,22.4235,0
1.4958,7.821774E-05,22.437,0,1.4958,-7.418937E-05,22.437,0
1.4967,0.0001067521,22.4505,0,1.4967,-8.090334E-05,22.4505,0
1.4976,6.51255E-05,22.464,0,1.4976,-7.351797E-05,22.464,0
1.4985,0.0001117876,22.4775,0,1.4985,-5.706874E-05,22.4775,0
1.4994,0.0001188373,22.491,0,1.4994,-8.157473E-05,22.491,0
1.5003,0.0001762417,22.5045,0,1.5003,-0.0003226062,22.5045,0
1.5012,0.0002803082,22.518,0,1.5012,-0.0004518502,22.518,0
1.5021,0.0004098878,22.5315,0,1.5021,-0.0002658732,22.5315,0
1.503,0.0005146257,22.545,0,1.503,-0.000154757,22.545,0
1.5039,0.0001628138,22.5585,0,1.5039,-2.18204E-05,22.5585,0
1.5048,-0.0001198444,22.572,0,1.5048,0.0003622186,22.572,0
1.5057,-0.0002353246,22.5855,0,1.5057,0.0004129091,22.5855,0
1.5066,-0.0003645686,22.599,0,1.5066,0.0001896696,22.599,0
1.5075,-0.0003521477,22.6125,0,1.5075,0.000119173,22.6125,0
1.5084,-5.740444E-05,22.626,0,1.5084,3.491264E-05,22.626,0
1.5093,-1.376364E-05,22.6395,0,1.5093,-6.6804E-05,22.6395,0
1.5102,4.53193E-05,22.653,0,1.5102,-6.57969E-05,22.653,0
1.5111,7.351797E-05,22.6665,0,1.5111,-4.061952E-05,22.6665,0
1.512,6.344701E-05,22.68,0,1.512,-3.826963E-05,22.68,0
1.5129,0.0002836652,22.6935,0,1.5129,-1.242084E-05,22.6935,0
1.5138,0.0002467384,22.707,0,1.5138,-3.256275E-05,22.707,0
1.5147,3.155566E-05,22.7205,0,1.5147,6.143282E-05,22.7205,0
1.5156,-0.0003226062,22.734,0,1.5156,0.0001688563,22.734,0
1.5165,-0.0004172732,22.7475,0,1.5165,0.0001366293,22.7475,0
1.5174,-0.0004723278,22.761,0,1.5174,-1.141375E-05,22.761,0
1.5183,-0.0002480812,22.7745,0,1.5183,-9.063859E-06,22.7745,0
1.5192,-0.0001238727,22.788,0,1.5192,-0.0001245441,22.788,0
1.5201,-2.1149E-05,22.8015,0,1.5201,-0.0002870222,22.8015,0
1.521,8.728161E-06,22.815,0,1.521,-0.0001426719,22.815,0
1.5219,5.673304E-05,22.8285,0,1.5219,-8.728161E-06,22.8285,0
1.5228,9.097429E-05,22.842,0,1.5228,-4.061952E-05,22.842,0
1.5237,-1.443504E-05,22.8555,0,1.5237,-2.21561E-05,22.8555,0
1.5246,2.719158E-05,22.869,0,1.5246,0.0001225299,22.869,0
1.5255,0.0001017166,22.8825,0,1.5255,7.956054E-05,22.8825,0
1.5264,0.0001688563,22.896,0,1.5264,2.652018E-05,22.896,0
1.5273,5.841154E-05,22.9095,0,1.5273,-2.887007E-05,22.9095,0
1.5282,5.539025E-05,22.923,0,1.5282,-3.591974E-05,22.923,0
1.5291,4.49836E-05,22.9365,0,1.5291,5.774014E-05,22.9365,0
1.53,-5.136187E-05,22.95,0,1.53,7.083238E-05,22.95,0
1.5309,1.846342E-05,22.9635,0,1.5309,2.383459E-05,22.9635,0
1.5318,0.0001305867,22.977,0,1.5318,-2.349889E-06,22.977,0
1.5327,9.533837E-05,22.9905,0,1.5327,-0.0001883268,22.9905,0
1.5336,3.894102E-05,23.004,0,1.5336,-0.000260502,23.004,0
1.5345,2.987716E-05,23.0175,0,1.5345,-6.478981E-05,23.0175,0
1.5354,8.056763E-06,23.031,0,1.5354,8.526741E-05,23.031,0
1.5363,2.014191E-05,23.0445,0,1.5363,0.000203769,23.0445,0
1.5372,-7.049668E-06,23.058,0,1.5372,0.0002641947,23.058,0
1.5381,-8.92958E-05,23.0715,0,1.5381,0.0001252155,23.0715,0
1.539,-0.0001037308,23.085,0,1.539,-0.0001762417,23.085,0
1.5399,1.510643E-05,23.0985,0,1.5399,-0.0003739681,23.0985,0
1.5408,4.733349E-05,23.112,0,1.5408,-0.0004988479,23.112,0
1.5417,4.263371E-05,23.1255,0,1.5417,-0.0004055238,23.1255,0
1.5426,-3.994812E-05,23.139,0,1.5426,-0.000136965,23.139,0
1.5435,-0.0001295796,23.1525,0,1.5435,0.0001017166,23.1525,0
1.5444,-8.056764E-05,23.166,0,1.5444,0.0003320058,23.166,0
1.5453,1.712062E-05,23.1795,0,1.5453,0.0004270085,23.1795,0
1.5462,3.591974E-05,23.193,0,1.5462,0.0003125353,23.193,0
1.5471,2.18204E-05,23.2065,0,1.5471,5.438316E-05,23.2065,0
1.548,0,23.22,0,1.548,9.634547E-05,23.22,0
1.5489,-7.553216E-05,23.2335,0,1.5489,5.673304E-05,23.2335,0
1.5498,-0.0001436789,23.247,0,1.5498,-6.848249E-05,23.247,0
1.5507,2.652018E-05,23.2605,0,1.5507,-7.754635E-05,23.2605,0
1.5516,7.150377E-05,23.274,0,1.5516,-3.558404E-05,23.274,0
1.5525,3.054856E-05,23.2875,0,1.5525,-8.795301E-05,23.2875,0
1.5534,-2.584878E-05,23.301,0,1.5534,-0.000148043,23.301,0
1.5543,3.591974E-05,23.3145,0,1.5543,-0.000185977,23.3145,0
1.5552,5.874724E-05,23.328,0,1.5552,-0.0001453574,23.328,0
1.5561,-1.242084E-05,23.3415,0,1.5561,-8.96315E-05,23.3415,0
1.557,-8.392462E-06,23.355,0,1.557,-0.0001339437,23.355,0
1.5579,-2.014191E-06,23.3685,0,1.5579,-9.903105E-05,23.3685,0
1.5588,-4.196231E-05,23.382,0,1.5588,6.009003E-05,23.382,0
1.5597,2.887007E-05,23.3955,0,1.5597,0.000136965,23.3955,0
1.5606,6.143282E-05,23.409,0,1.5606,9.365987E-05,23.409,0
1.5615,0.0001997406,23.4225,0,1.5615,0.0001282368,23.4225,0
1.5624,0.0001661708,23.436,0,1.5624,7.418937E-05,23.436,0
1.5633,0.0001406577,23.4495,0,1.5633,-2.349889E-06,23.4495,0
1.5642,0.0001467002,23.463,0,1.5642,-3.692683E-06,23.463,0
1.5651,3.994812E-05,23.4765,0,1.5651,1.510643E-05,23.4765,0
1.566,6.478981E-05,23.49,0,1.566,-1.980621E-05,23.49,0
1.5669,-4.263371E-05,23.5035,0,1.5669,-4.934768E-05,23.5035,0
1.5678,-0.0003487907,23.517,0,1.5678,-5.941863E-05,23.517,0
1.5687,-0.000521004,23.5305,0,1.5687,-5.539025E-05,23.5305,0
1.5696,-0.0004206302,23.544,0,1.5696,-2.819867E-05,23.544,0
1.5705,-8.82887E-05,23.5575,0,1.5705,-4.565499E-05,23.5575,0
1.5714,-6.009003E-05,23.571,0,1.5714,-6.848249E-05,23.571,0
1.5723,-8.224613E-05,23.5845,0,1.5723,1.846342E-05,23.5845,0
1.5732,-0.0001386435,23.598,0,1.5732,-2.786297E-05,23.598,0
1.5741,-0.0001064164,23.6115,0,1.5741,-0.0001201801,23.6115,0
1.575,-9.567407E-05,23.625,0,1.575,-2.987716E-05,23.625,0
1.5759,3.659113E-05,23.6385,0,1.5759,-4.028382E-06,23.6385,0
1.5768,8.056764E-05,23.652,0,1.5768,-7.083238E-05,23.652,0
1.5777,5.706874E-05,23.6655,0,1.5777,-0.0001080949,23.6655,0
1.5786,0.0002145113,23.679,0,1.5786,-0.0001013809,23.679,0
1.5795,0.0003810178,23.6925,0,1.5795,-0.0001342794,23.6925,0
1.5804,0.0005045548,23.706,0,1.5804,-0.000119173,23.706,0
1.5813,0.0004461433,23.7195,0,1.5813,-0.0001107805,23.7195,0
1.5822,3.155566E-05,23.733,0,1.5822,1.712062E-05,23.733,0
1.5831,-0.0002729229,23.7465,0,1.5831,5.169757E-05,23.7465,0
1.584,-0.0004592355,23.76,0,1.584,5.874724E-05,23.76,0
1.5849,-0.0006264134,23.7735,0,1.5849,-1.007095E-06,23.7735,0
1.5858,-0.0002299535,23.787,0,1.5858,-6.042573E-06,23.787,0
1.5867,-4.53193E-05,23.8005,0,1.5867,-0.0001117876,23.8005,0
1.5876,-0.0002957504,23.814,0,1.5876,-0.0002131685,23.814,0
1.5885,-0.000190341,23.8275,0,1.5885,-0.0001500572,23.8275,0
1.5894,0.000112459,23.841,0,1.5894,2.652018E-05,23.841,0
1.5903,0.0001728847,23.8545,0,1.5903,6.881819E-05,23.8545,0
1.5912,0.0002306248,23.868,0,1.5912,7.821774E-05,23.868,0
1.5921,0.0001326009,23.8815,0,1.5921,-3.021286E-06,23.8815,0
1.593,0.0001661708,23.895,0,1.593,-8.392462E-05,23.895,0
1.5939,0.000144686,23.9085,0,1.5939,-9.869535E-05,23.9085,0
1.5948,8.023193E-05,23.922,0,1.5948,-0.0001359579,23.922,0
1.5957,-1.947051E-05,23.9355,0,1.5957,2.18204E-05,23.9355,0
1.5966,-5.740444E-05,23.949,0,1.5966,0.0002047761,23.949,0
1.5975,-0.0002299535,23.9625,0,1.5975,0.0003843748,23.9625,0
1.5984,-0.00033402,23.976,0,1.5984,0.000341741,23.976,0
1.5993,8.392462E-06,23.9895,0,1.5993,0.0002692302,23.9895,0
1.6002,9.768826E-05,24.003,0,1.6002,0.0001305867,24.003,0
1.6011,0.0001896696,24.0165,0,1.6011,3.692683E-05,24.0165,0
1.602,0.0002292821,24.03,0,1.602,6.6804E-05,24.03,0
1.6029,0.0001225299,24.0435,0,1.6029,2.685588E-06,24.0435,0
1.6038,5.740444E-05,24.057,0,1.6038,-9.164568E-05,24.057,0
1.6047,-9.063859E-06,24.0705,0,1.6047,-0.0001017166,24.0705,0
1.6056,-0.0002225681,24.084,0,1.6056,-5.941863E-05,24.084,0
1.6065,-0.0002517739,24.0975,0,1.6065,-6.948959E-05,24.0975,0
1.6074,-0.0001440146,24.111,0,1.6074,-9.365987E-05,24.111,0
1.6083,5.035477E-05,24.1245,0,1.6083,-0.0001188373,24.1245,0
1.6092,0.000105745,24.138,0,1.6092,-0.0001010452,24.138,0
1.6101,7.183947E-05,24.1515,0,1.6101,-0.0001060807,24.1515,0
1.611,1.040665E-05,24.165,0,1.611,-0.0001473716,24.165,0
1.6119,-3.021286E-06,24.1785,0,1.6119,-0.0001634852,24.1785,0
1.6128,1.242084E-05,24.192,0,1.6128,1.309224E-05,24.192,0
1.6137,7.150377E-05,24.2055,0,1.6137,-2.685588E-06,24.2055,0
1.6146,4.129091E-05,24.219,0,1.6146,-0.000115816,24.219,0
1.6155,8.96315E-05,24.2325,0,1.6155,1.174945E-05,24.2325,0
1.6164,9.365987E-05,24.246,0,1.6164,2.18204E-05,24.246,0
1.6173,-3.155566E-05,24.2595,0,1.6173,-0.0001127947,24.2595,0
1.6182,7.888914E-05,24.273,0,1.6182,-0.0001362936,24.273,0
1.6191,9.433127E-05,24.2865,0,1.6191,-0.0001554284,24.2865,0
1.62,3.860533E-05,24.3,0,1.62,-0.0001980621,24.3,0
1.6209,-3.793393E-05,24.3135,0,1.6209,-0.0001728847,24.3135,0
1.6218,-0.0001282368,24.327,0,1.6218,-0.0001342794,24.327,0
1.6227,-1.913481E-05,24.3405,0,1.6227,-3.356985E-07,24.3405,0
1.6236,-3.692683E-06,24.354,0,1.6236,0.000274937,24.354,0
1.6245,6.57969E-05,24.3675,0,1.6245,0.0002652018,24.3675,0
1.6254,5.606165E-05,24.381,0,1.6254,0.0001215228,24.381,0
1.6263,-3.524834E-05,24.3945,0,1.6263,3.491264E-05,24.3945,0
1.6272,-9.399557E-05,24.408,0,1.6272,2.584878E-05,24.408,0
1.6281,-0.0001621424,24.4215,0,1.6281,-4.867628E-05,24.4215,0
1.629,-0.0001829557,24.435,0,1.629,-3.625543E-05,24.435,0
1.6299,-4.867628E-05,24.4485,0,1.6299,-6.210422E-05,24.4485,0
1.6308,-6.378271E-06,24.462,0,1.6308,-0.0002735943,24.462,0
1.6317,-1.812772E-05,24.4755,0,1.6317,-0.000291722,24.4755,0
1.6326,4.196231E-05,24.489,0,1.6326,-0.0001534142,24.489,0
1.6335,6.881819E-05,24.5025,0,1.6335,-7.385367E-06,24.5025,0
1.6344,2.24918E-05,24.516,0,1.6344,0.0001517357,24.516,0
1.6353,6.210422E-05,24.5295,0,1.6353,0.0002010834,24.5295,0
1.6362,3.189136E-05,24.543,0,1.6362,0.0001755703,24.543,0
1.6371,-0.0001084306,24.5565,0,1.6371,0.0001020523,24.5565,0
1.638,-9.835965E-05,24.57,0,1.638,7.049668E-06,24.57,0
1.6389,-4.095522E-05,24.5835,0,1.6389,3.356985E-06,24.5835,0
1.6398,-1.913481E-05,24.597,0,1.6398,9.198138E-05,24.597,0
1.6407,7.385367E-06,24.6105,0,1.6407,1.812772E-05,24.6105,0
1.6416,6.277562E-05,24.624,0,1.6416,-8.291753E-05,24.624,0
1.6425,0.0002611734,24.6375,0,1.6425,1.342794E-05,24.6375,0
1.6434,0.000407538,24.651,0,1.6434,-7.049668E-06,24.651,0
1.6443,0.0002930648,24.6645,0,1.6443,-0.0001889983,24.6645,0
1.6452,0.0001634852,24.678,0,1.6452,-0.0002541238,24.678,0
1.6461,0.0001258869,24.6915,0,1.6461,-0.0001477073,24.6915,0
1.647,-2.584878E-05,24.705,0,1.647,-9.701686E-05,24.705,0
1.6479,9.399558E-06,24.7185,0,1.6479,5.941863E-05,24.7185,0
1.6488,4.263371E-05,24.732,0,1.6488,0.0003837034,24.732,0
1.6497,-0.0001540856,24.7455,0,1.6497,0.0003675898,24.7455,0
1.6506,-0.0005361105,24.759,0,1.6506,0.0001104448,24.759,0
1.6515,-0.0004669566,24.7725,0,1.6515,4.43122E-05,24.7725,0
1.6524,-0.0003320058,24.786,0,1.6524,-4.800488E-05,24.786,0
1.6533,-0.0001584497,24.7995,0,1.6533,-1.779202E-05,24.7995,0
1.6542,4.800488E-05,24.813,0,1.6542,-3.457694E-05,24.813,0
1.6551,-7.150377E-05,24.8265,0,1.6551,-0.0001467002,24.8265,0
1.656,-0.0003058213,24.84,0,1.656,-0.0001033951,24.84,0
1.6569,-0.0001010452,24.8535,0,1.6569,-7.351797E-05,24.8535,0
1.6578,0.0001393149,24.867,0,1.6578,-0.0001007095,24.867,0
1.6587,0.0002131685,24.8805,0,1.6587,-0.0001080949,24.8805,0
1.6596,0.0002678874,24.894,0,1.6596,-7.385367E-06,24.894,0
1.6605,0.0001205158,24.9075,0,1.6605,1.812772E-05,24.9075,0
1.6614,8.392462E-06,24.921,0,1.6614,-6.378271E-06,24.921,0
1.6623,-0.0001265583,24.9345,0,1.6623,-5.639734E-05,24.9345,0
1.6632,-0.0003390555,24.948,0,1.6632,-1.913481E-05,24.948,0
1.6641,-0.0002346532,24.9615,0,1.6641,-4.666209E-05,24.9615,0
1.665,-4.666209E-05,24.975,0,1.665,-8.526741E-05,24.975,0
1.6659,-4.36408E-05,24.9885,0,1.6659,-8.493171E-05,24.9885,0
1.6668,-8.627451E-05,25.002,0,1.6668,-3.054856E-05,25.002,0
1.6677,-1.477073E-05,25.0155,0,1.6677,-3.927672E-05,25.0155,0
1.6686,2.719158E-05,25.029,0,1.6686,-0.0001064164,25.029,0
1.6695,4.867628E-05,25.0425,0,1.6695,-9.735256E-06,25.0425,0
1.6704,3.659113E-05,25.056,0,1.6704,-3.356985E-07,25.056,0
1.6713,2.24918E-05,25.0695,0,1.6713,-5.001907E-05,25.0695,0
1.6722,0.0001883268,25.083,0,1.6722,-2.987716E-05,25.083,0
1.6731,0.0003769894,25.0965,0,1.6731,-4.733349E-05,25.0965,0
1.674,0.0005575952,25.11,0,1.674,-0.0001829557,25.11,0
1.6749,0.0004246586,25.1235,0,1.6749,-0.0002551308,25.1235,0
1.6758,3.256275E-05,25.137,0,1.6758,-0.0002635233,25.137,0
1.6767,-0.0002541238,25.1505,0,1.6767,-0.0001477073,25.1505,0
1.6776,-0.0004914626,25.164,0,1.6776,5.774014E-05,25.164,0
1.6785,-0.0003249561,25.1775,0,1.6785,0.0001560998,25.1775,0
1.6794,-6.210422E-05,25.191,0,1.6794,0.0001406577,25.191,0
1.6803,0.0002017548,25.2045,0,1.6803,9.835965E-05,25.2045,0
1.6812,0.0003014572,25.218,0,1.6812,4.599069E-05,25.218,0
1.6821,0.0003125353,25.2315,0,1.6821,-0.0001621424,25.2315,0
1.683,0.0002017548,25.245,0,1.683,-9.970245E-05,25.245,0
1.6839,-4.33051E-05,25.2585,0,1.6839,5.337606E-05,25.2585,0
1.6848,-0.0004236515,25.272,0,1.6848,2.047761E-05,25.272,0
1.6857,-0.0008117189,25.2855,0,1.6857,9.735256E-05,25.2855,0
1.6866,-0.0003964599,25.299,0,1.6866,0.0002675517,25.299,0
1.6875,-7.217517E-05,25.3125,0,1.6875,0.0002091402,25.3125,0
1.6884,-5.337606E-05,25.326,0,1.6884,0.0001161517,25.326,0
1.6893,-4.599069E-05,25.3395,0,1.6893,4.46479E-05,25.3395,0
1.6902,6.042573E-06,25.353,0,1.6902,5.505455E-05,25.353,0
1.6911,3.424125E-05,25.3665,0,1.6911,-9.869535E-05,25.3665,0
1.692,8.560311E-05,25.38,0,1.692,-0.0003534905,25.38,0
1.6929,0.0001339437,25.3935,0,1.6929,-0.0004729991,25.3935,0
1.6938,0.0001715419,25.407,0,1.6938,-0.0003662471,25.407,0
1.6947,0.0002339818,25.4205,0,1.6947,-0.0002091402,25.4205,0
1.6956,0.0001802701,25.434,0,1.6956,1.174945E-05,25.434,0
1.6965,1.846342E-05,25.4475,0,1.6965,0.0004065309,25.4475,0
1.6974,-8.157473E-05,25.461,0,1.6974,0.0003931029,25.461,0
1.6983,-0.0002138399,25.4745,0,1.6983,0.0002474098,25.4745,0
1.6992,-8.761731E-05,25.488,0,1.6992,0.0002239109,25.488,0
1.7001,2.584878E-05,25.5015,0,1.7001,0.0002319677,25.5015,0
1.701,7.754635E-05,25.515,0,1.701,0.0001836271,25.515,0
1.7019,5.941863E-05,25.5285,0,1.7019,7.083238E-05,25.5285,0
1.7028,4.49836E-05,25.542,0,1.7028,-7.922484E-05,25.542,0
1.7037,2.081331E-05,25.5555,0,1.7037,-2.786297E-05,25.5555,0
1.7046,-5.706874E-05,25.569,0,1.7046,-6.311131E-05,25.569,0
1.7055,-3.054856E-05,25.5825,0,1.7055,-0.0002453956,25.5825,0
1.7064,3.390555E-05,25.596,0,1.7064,-0.000235996,25.596,0
1.7073,-1.913481E-05,25.6095,0,1.7073,-0.0001054093,25.6095,0
1.7082,1.309224E-05,25.623,0,1.7082,-0.0002010834,25.623,0
1.7091,5.404745E-05,25.6365,0,1.7091,-0.0002860151,25.6365,0
1.71,6.848249E-05,25.65,0,1.71,-8.627451E-05,25.65,0
1.7109,9.634547E-05,25.6635,0,1.7109,8.392462E-06,25.6635,0
1.7118,7.754635E-05,25.677,0,1.7118,-1.107805E-05,25.677,0
1.7127,0.0001282368,25.6905,0,1.7127,0.000105745,25.6905,0
1.7136,0.0001809415,25.704,0,1.7136,0.0003058213,25.704,0
1.7145,0.0002907149,25.7175,0,1.7145,0.0002568093,25.7175,0
1.7154,0.0002269322,25.731,0,1.7154,3.054856E-05,25.731,0
1.7163,-2.316319E-05,25.7445,0,1.7163,-9.298848E-05,25.7445,0
1.7172,-0.0002212253,25.758,0,1.7172,-7.553216E-05,25.758,0
1.7181,-0.000337377,25.7715,0,1.7181,-3.021286E-06,25.7715,0
1.719,-0.0003259632,25.785,0,1.719,-4.565499E-05,25.785,0
1.7199,-0.0001399863,25.7985,0,1.7199,3.591974E-05,25.7985,0
1.7208,6.411841E-05,25.812,0,1.7208,7.620356E-05,25.812,0
1.7217,0.0001305867,25.8255,0,1.7217,-4.666209E-05,25.8255,0
1.7226,0.0001527428,25.839,0,1.7226,-8.593881E-05,25.839,0
1.7235,0.0001658351,25.8525,0,1.7235,5.975433E-05,25.8525,0
1.7244,0.0001420005,25.866,0,1.7244,6.143282E-05,25.866,0
1.7253,0.0001863127,25.8795,0,1.7253,-0.0001252155,25.8795,0
1.7262,0.0001822843,25.893,0,1.7262,-0.0001393149,25.893,0
1.7271,0.0001379721,25.9065,0,1.7271,-9.198138E-05,25.9065,0
1.728,0.0001963836,25.92,0,1.728,-1.712062E-05,25.92,0
1.7289,7.083238E-05,25.9335,0,1.7289,3.356985E-06,25.9335,0
1.7298,-0.0006955672,25.947,0,1.7298,-1.376364E-05,25.947,0
1.7307,-0.001061479,25.9605,0,1.7307,-4.666209E-05,25.9605,0
1.7316,-0.000457557,25.974,0,1.7316,-0.0001238727,25.974,0
1.7325,-0.0001769131,25.9875,0,1.7325,-5.572595E-05,25.9875,0
1.7334,-0.0001631495,26.001,0,1.7334,-9.735256E-06,26.001,0
1.7343,-3.826963E-05,26.0145,0,1.7343,6.243992E-05,26.0145,0
1.7352,-1.309224E-05,26.028,0,1.7352,-2.349889E-05,26.028,0
1.7361,-2.014191E-05,26.0415,0,1.7361,-0.0001366293,26.0415,0
1.737,3.558404E-05,26.055,0,1.737,-7.486076E-05,26.055,0
1.7379,0.0001178302,26.0685,0,1.7379,-6.61326E-05,26.0685,0
1.7388,0.0001366293,26.082,0,1.7388,-0.0001386435,26.082,0
1.7397,0.0002843366,26.0955,0,1.7397,-0.0001712062,26.0955,0
1.7406,0.0004448005,26.109,0,1.7406,-0.0001440146,26.109,0
1.7415,0.0004176089,26.1225,0,1.7415,-0.0001604639,26.1225,0
1.7424,0.0001161517,26.136,0,1.7424,-0.0001802701,26.136,0
1.7433,-0.000246067,26.1495,0,1.7433,-0.0001148089,26.1495,0
1.7442,-0.0002044404,26.163,0,1.7442,7.284657E-05,26.163,0
1.7451,-0.0003403983,26.1765,0,1.7451,7.116808E-05,26.1765,0
1.746,-0.0002366674,26.19,0,1.746,-4.599069E-05,26.19,0
1.7469,0.0003481193,26.2035,0,1.7469,4.162661E-05,26.2035,0
1.7478,0.0005314107,26.217,0,1.7478,0.0001399863,26.217,0
1.7487,0.0002709087,26.2305,0,1.7487,8.82887E-05,26.2305,0
1.7496,-9.433127E-05,26.244,0,1.7496,8.761731E-05,26.244,0
1.7505,-0.0003924315,26.2575,0,1.7505,0.0002138399,26.2575,0
1.7514,-0.0006230564,26.271,0,1.7514,0.0002218967,26.271,0
1.7523,-0.0004357366,26.2845,0,1.7523,0.0001003738,26.2845,0
1.7532,-0.0002135042,26.298,0,1.7532,2.349889E-05,26.298,0
1.7541,-0.0001426719,26.3115,0,1.7541,-5.203327E-05,26.3115,0
1.755,1.577783E-05,26.325,0,1.755,-0.000249424,26.325,0
1.7559,0.0002447242,26.3385,0,1.7559,-0.0003434196,26.3385,0
1.7568,0.0004102236,26.352,0,1.7568,-0.0003259632,26.352,0
1.7577,0.0002339818,26.3655,0,1.7577,-0.0001923552,26.3655,0
1.7586,3.659113E-05,26.379,0,1.7586,-8.82887E-05,26.379,0
1.7595,-2.014191E-06,26.3925,0,1.7595,4.33051E-05,26.3925,0
1.7604,-0.0002054475,26.406,0,1.7604,-1.678492E-05,26.406,0
1.7613,-0.000323949,26.4195,0,1.7613,0.0001362936,26.4195,0
1.7622,-0.0001554284,26.433,0,1.7622,0.0002413672,26.433,0
1.7631,1.779202E-05,26.4465,0,1.7631,0.0001658351,26.4465,0
1.764,0.000119173,26.46,0,1.764,0.0002306248,26.46,0
1.7649,0.0002051118,26.4735,0,1.7649,0.0001715419,26.4735,0
1.7658,6.713969E-07,26.487,0,1.7658,-2.752728E-05,26.487,0
1.7667,-0.0001242084,26.5005,0,1.7667,-9.835965E-05,26.5005,0
1.7676,-1.678492E-05,26.514,0,1.7676,-7.486076E-05,26.514,0
1.7685,-1.174945E-05,26.5275,0,1.7685,-3.155566E-05,26.5275,0
1.7694,2.719158E-05,26.541,0,1.7694,-4.36408E-06,26.541,0
1.7703,6.076142E-05,26.5545,0,1.7703,0,26.5545,0
1.7712,0.0001295796,26.568,0,1.7712,9.500267E-05,26.568,0
1.7721,0.000197055,26.5815,0,1.7721,7.251087E-05,26.5815,0
1.773,0.0001675135,26.595,0,1.773,-6.814679E-05,26.595,0
1.7739,9.600977E-05,26.6085,0,1.7739,-0.0001003738,26.6085,0
1.7748,2.920577E-05,26.622,0,1.7748,-3.256275E-05,26.622,0
1.7757,-5.706874E-06,26.6355,0,1.7757,-7.922484E-05,26.6355,0
1.7766,1.477073E-05,26.649,0,1.7766,-0.0001883268,26.649,0
1.7775,4.934768E-05,26.6625,0,1.7775,-5.471885E-05,26.6625,0
1.7784,7.553216E-05,26.676,0,1.7784,-2.24918E-05,26.676,0
1.7793,3.155566E-05,26.6895,0,1.7793,-9.802396E-05,26.6895,0
1.7802,-3.591974E-05,26.703,0,1.7802,-9.298848E-05,26.703,0
1.7811,-9.063859E-06,26.7165,0,1.7811,1.443504E-05,26.7165,0
1.782,-7.016098E-05,26.73,0,1.782,2.081331E-05,26.73,0
1.7829,-0.0001030594,26.7435,0,1.7829,8.392462E-06,26.7435,0
1.7838,4.263371E-05,26.757,0,1.7838,1.040665E-05,26.757,0
1.7847,0.0002652018,26.7705,0,1.7847,-0.0001326009,26.7705,0
1.7856,0.0002574807,26.784,0,1.7856,-0.0003279774,26.784,0
1.7865,0.0001164874,26.7975,0,1.7865,-0.0003743038,26.7975,0
1.7874,6.74754E-05,26.811,0,1.7874,-0.0003346914,26.811,0
1.7883,2.652018E-05,26.8245,0,1.7883,-0.0001346151,26.8245,0
1.7892,-0.0001312581,26.838,0,1.7892,0.0001013809,26.838,0
1.7901,-0.0002537881,26.8515,0,1.7901,0.0002692302,26.8515,0
1.791,-0.0001426719,26.865,0,1.791,0.0003622186,26.865,0
1.7919,-0.0002198825,26.8785,0,1.7919,0.0003497978,26.8785,0
1.7928,-0.0003719539,26.892,0,1.7928,0.000295079,26.892,0
1.7937,-0.0001812772,26.9055,0,1.7937,0.0002568093,26.9055,0
1.7946,-6.143282E-05,26.919,0,1.7946,0.0001386435,26.919,0
1.7955,2.349889E-05,26.9325,0,1.7955,6.109713E-05,26.9325,0
1.7964,6.210422E-05,26.946,0,1.7964,-2.853437E-05,26.946,0
1.7973,2.920577E-05,26.9595,0,1.7973,-7.620356E-05,26.9595,0
1.7982,4.129091E-05,26.973,0,1.7982,-1.510643E-05,26.973,0
1.7991,0,26.9865,0,1.7991,-3.659113E-05,26.9865,0
1.8,-7.016098E-05,27,0,1.8,-9.533837E-05,27,0
1.8009,-0.0001463645,27.0135,0,1.8009,-0.0001487144,27.0135,0
1.8018,-3.155566E-05,27.027,0,1.8018,-7.989624E-05,27.027,0
1.8027,3.591974E-05,27.0405,0,1.8027,-8.92958E-05,27.0405,0
1.8036,2.517739E-05,27.054,0,1.8036,-0.0001762417,27.054,0
1.8045,8.459602E-05,27.0675,0,1.8045,-7.653925E-05,27.0675,0
1.8054,0.0001252155,27.081,0,1.8054,-3.994812E-05,27.081,0
1.8063,0.0002138399,27.0945,0,1.8063,-0.0001178302,27.0945,0
1.8072,0.0002165255,27.108,0,1.8072,-0.000126894,27.108,0
1.8081,0.0001305867,27.1215,0,1.8081,-4.53193E-05,27.1215,0
1.809,2.21561E-05,27.135,0,1.809,-6.74754E-05,27.135,0
1.8099,-0.0001114519,27.1485,0,1.8099,-0.0001252155,27.1485,0
1.8108,-0.0001560998,27.162,0,1.8108,-0.0001836271,27.162,0
1.8117,-0.0001185016,27.1755,0,1.8117,-2.618448E-05,27.1755,0
1.8126,-9.970245E-05,27.189,0,1.8126,2.551309E-05,27.189,0
1.8135,0.0002490883,27.2025,0,1.8135,-3.356985E-07,27.2025,0
1.8144,0.0004078737,27.216,0,1.8144,-8.761731E-05,27.216,0
1.8153,0.0001849699,27.2295,0,1.8153,-5.404745E-05,27.2295,0
1.8162,-6.378271E-06,27.243,0,1.8162,-9.768826E-05,27.243,0
1.8171,-0.0001846342,27.2565,0,1.8171,-0.0001930266,27.2565,0
1.818,-0.0003064927,27.27,0,1.818,-4.129091E-05,27.27,0
1.8189,-0.0004834058,27.2835,0,1.8189,0.0001399863,27.2835,0
1.8198,-0.0002759442,27.297,0,1.8198,0.0002010834,27.297,0
1.8207,-0.0001352865,27.3105,0,1.8207,0.000256138,27.3105,0
1.8216,-0.000235996,27.324,0,1.8216,0.0002977645,27.324,0
1.8225,-0.0001950408,27.3375,0,1.8225,0.0001839628,27.3375,0
1.8234,-7.956054E-05,27.351,0,1.8234,0.0001433432,27.351,0
1.8243,-0.000164828,27.3645,0,1.8243,4.36408E-06,27.3645,0
1.8252,-5.236896E-05,27.378,0,1.8252,3.356985E-07,27.378,0
1.8261,0.0001430075,27.3915,0,1.8261,-5.740444E-05,27.3915,0
1.827,0.0001487144,27.405,0,1.827,-0.0001299153,27.405,0
1.8279,9.365987E-05,27.4185,0,1.8279,-0.0001292439,27.4185,0
1.8288,2.584878E-05,27.432,0,1.8288,-1.779202E-05,27.432,0
1.8297,-6.713969E-06,27.4455,0,1.8297,-5.236896E-05,27.4455,0
1.8306,2.987716E-05,27.459,0,1.8306,-0.0001037308,27.459,0
1.8315,9.701686E-05,27.4725,0,1.8315,-3.121996E-05,27.4725,0
1.8324,0.000112459,27.486,0,1.8324,-3.961242E-05,27.486,0
1.8333,3.759823E-05,27.4995,0,1.8333,-0.000144686,27.4995,0
1.8342,3.021286E-06,27.513,0,1.8342,-0.0001456931,27.513,0
1.8351,1.678492E-06,27.5265,0,1.8351,-7.956054E-05,27.5265,0
1.836,9.936675E-05,27.54,0,1.836,-8.661021E-05,27.54,0
1.8369,0.0003185779,27.5535,0,1.8369,-3.692683E-06,27.5535,0
1.8378,0.0002333104,27.567,0,1.8378,9.869535E-05,27.567,0
1.8387,0.0001393149,27.5805,0,1.8387,8.023193E-05,27.5805,0
1.8396,-6.109713E-05,27.594,0,1.8396,9.768826E-05,27.594,0
1.8405,-0.0003078355,27.6075,0,1.8405,1.812772E-05,27.6075,0
1.8414,-0.0002232395,27.621,0,1.8414,-6.71397E-05,27.621,0
1.8423,-9.567407E-05,27.6345,0,1.8423,-1.342794E-06,27.6345,0
1.8432,-0.0001520714,27.648,0,1.8432,-2.21561E-05,27.648,0
1.8441,-0.0001017166,27.6615,0,1.8441,-0.0001560998,27.6615,0
1.845,1.040665E-05,27.675,0,1.845,-6.311131E-05,27.675,0
1.8459,7.016098E-05,27.6885,0,1.8459,-7.083238E-05,27.6885,0
1.8468,-5.841154E-05,27.702,0,1.8468,-0.0001668421,27.702,0
1.8477,2.349889E-05,27.7155,0,1.8477,-7.251087E-05,27.7155,0
1.8486,6.277562E-05,27.729,0,1.8486,0.000112459,27.729,0
1.8495,2.21561E-05,27.7425,0,1.8495,0.0001383078,27.7425,0
1.8504,3.726253E-05,27.756,0,1.8504,2.517739E-05,27.756,0
1.8513,4.968337E-05,27.7695,0,1.8513,-0.0001279011,27.7695,0
1.8522,8.96315E-05,27.783,0,1.8522,-0.0001238727,27.783,0
1.8531,5.035477E-05,27.7965,0,1.8531,-6.478981E-05,27.7965,0
1.854,2.349889E-06,27.81,0,1.854,-0.0001255512,27.81,0
1.8549,5.673304E-05,27.8235,0,1.8549,-6.009003E-05,27.8235,0
1.8558,9.063859E-05,27.837,0,1.8558,0.0001735561,27.837,0
1.8567,0.0001178302,27.8505,0,1.8567,0.0001728847,27.8505,0
1.8576,0.0001493858,27.864,0,1.8576,7.486076E-05,27.864,0
1.8585,5.069047E-05,27.8775,0,1.8585,0.0001185016,27.8775,0
1.8594,-1.443504E-05,27.891,0,1.8594,-1.812772E-05,27.891,0
1.8603,-2.987716E-05,27.9045,0,1.8603,-0.0002007477,27.9045,0
1.8612,5.035477E-06,27.918,0,1.8612,-0.0001654994,27.918,0
1.8621,0.0001084306,27.9315,0,1.8621,-8.795301E-05,27.9315,0
1.863,0.0003897459,27.945,0,1.863,-5.035477E-06,27.945,0
1.8639,0.0003860533,27.9585,0,1.8639,0,27.9585,0
1.8648,-2.954147E-05,27.972,0,1.8648,-3.256275E-05,27.972,0
1.8657,-0.0003289845,27.9855,0,1.8657,-0.0001490501,27.9855,0
1.8666,-0.0005045548,27.999,0,1.8666,-0.0002108186,27.999,0
1.8675,-0.0004686351,28.0125,0,1.8675,-5.136187E-05,28.0125,0
1.8684,-0.0001916838,28.026,0,1.8684,0.0001601282,28.026,0
1.8693,7.956054E-05,28.0395,0,1.8693,0.0003877317,28.0395,0
1.8702,-7.721065E-06,28.053,0,1.8702,0.0003424124,28.053,0
1.8711,-7.754635E-05,28.0665,0,1.8711,0.0001386435,28.0665,0
1.872,-3.659113E-05,28.08,0,1.872,0.0001070878,28.08,0
1.8729,-9.164568E-05,28.0935,0,1.8729,6.478981E-05,28.0935,0
1.8738,-0.0001044022,28.107,0,1.8738,5.706874E-06,28.107,0
1.8747,-0.0001376364,28.1205,0,1.8747,-2.1149E-05,28.1205,0
1.8756,-8.459602E-05,28.134,0,1.8756,-1.443504E-05,28.134,0
1.8765,-7.150377E-05,28.1475,0,1.8765,-0.0001299153,28.1475,0
1.8774,1.376364E-05,28.161,0,1.8774,-0.0002390173,28.161,0
1.8783,0.000112459,28.1745,0,1.8783,-0.0002547952,28.1745,0
1.8792,6.076142E-05,28.188,0,1.8792,-0.0001876554,28.188,0
1.8801,7.721065E-05,28.2015,0,1.8801,-0.000112459,28.2015,0
1.881,9.634547E-05,28.215,0,1.881,6.713969E-07,28.215,0
1.8819,-4.632639E-05,28.2285,0,1.8819,3.994812E-05,28.2285,0
1.8828,-0.0001453574,28.242,0,1.8828,-2.853437E-05,28.242,0
1.8837,-2.987716E-05,28.2555,0,1.8837,-2.551309E-05,28.2555,0
1.8846,3.189136E-05,28.269,0,1.8846,-3.356985E-05,28.269,0
1.8855,0.000112459,28.2825,0,1.8855,6.915389E-05,28.2825,0
1.8864,0.0001500572,28.296,0,1.8864,3.021286E-05,28.296,0
1.8873,9.970245E-05,28.3095,0,1.8873,-0.0001017166,28.3095,0
1.8882,5.740444E-05,28.323,0,1.8882,-0.0001322652,28.323,0
1.8891,4.33051E-05,28.3365,0,1.8891,-9.600977E-05,28.3365,0
1.89,0.0001138018,28.35,0,1.89,-0.0001611353,28.35,0
1.8909,0.0001853056,28.3635,0,1.8909,-0.0001413291,28.3635,0
1.8918,0.0001037308,28.377,0,1.8918,-6.57969E-05,28.377,0
1.8927,7.888914E-05,28.3905,0,1.8927,9.231708E-05,28.3905,0
1.8936,-7.553216E-05,28.404,0,1.8936,0.0002024262,28.404,0
1.8945,-0.0002685588,28.4175,0,1.8945,4.196231E-05,28.4175,0
1.8954,-0.0002890364,28.431,0,1.8954,-8.560311E-05,28.431,0
1.8963,-0.0001238727,28.4445,0,1.8963,-7.016098E-05,28.4445,0
1.8972,0.0001822843,28.458,0,1.8972,-5.069047E-05,28.458,0
1.8981,0.0003924315,28.4715,0,1.8981,-0.0001013809,28.4715,0
1.899,0.0003850462,28.485,0,1.899,2.24918E-05,28.485,0
1.8999,0.0003283131,28.4985,0,1.8999,5.639734E-05,28.4985,0
1.9008,0.0002235752,28.512,0,1.9008,-0.0001675135,28.512,0
1.9017,-0.0001990692,28.5255,0,1.9017,-0.0003786679,28.5255,0
1.9026,-0.0007079881,28.539,0,1.9026,-0.000323949,28.539,0
1.9035,-0.0006374914,28.5525,0,1.9035,-0.0001910124,28.5525,0
1.9044,-0.000348455,28.566,0,1.9044,6.71397E-05,28.566,0
1.9053,-0.0003981384,28.5795,0,1.9053,0.0002662089,28.5795,0
1.9062,-0.000235996,28.593,0,1.9062,0.0005988861,28.593,0
1.9071,-0.0001688563,28.6065,0,1.9071,0.0006092928,28.6065,0
1.908,-3.256275E-05,28.62,0,1.908,0.0002641947,28.62,0
1.9089,2.920577E-05,28.6335,0,1.9089,8.291753E-05,28.6335,0
1.9098,4.263371E-05,28.647,0,1.9098,9.231708E-05,28.647,0
1.9107,4.095522E-05,28.6605,0,1.9107,-1.678492E-05,28.6605,0
1.9116,0.0001164874,28.674,0,1.9116,-0.0001131304,28.674,0
1.9125,0.0001769131,28.6875,0,1.9125,-5.304036E-05,28.6875,0
1.9134,6.143282E-05,28.701,0,1.9134,-2.853437E-05,28.701,0
1.9143,-2.887007E-05,28.7145,0,1.9143,-0.0001064164,28.7145,0
1.9152,-5.874724E-05,28.728,0,1.9152,-9.500267E-05,28.728,0
1.9161,3.927672E-05,28.7415,0,1.9161,-4.632639E-05,28.7415,0
1.917,0.0001514,28.755,0,1.917,-6.948959E-05,28.755,0
1.9179,0.000278294,28.7685,0,1.9179,-9.835965E-05,28.7685,0
1.9188,0.0003420768,28.782,0,1.9188,-0.0002024262,28.782,0
1.9197,0.00036289,28.7955,0,1.9197,-0.0001732204,28.7955,0
1.9206,0.0003890745,28.809,0,1.9206,-0.0001205158,28.809,0
1.9215,0.0001701991,28.8225,0,1.9215,-0.0001097734,28.8225,0
1.9224,-2.349889E-06,28.836,0,1.9224,-7.284657E-05,28.836,0
1.9233,-0.0002239109,28.8495,0,1.9233,0.000105745,28.8495,0
1.9242,-0.0004058595,28.863,0,1.9242,-5.706874E-06,28.863,0
1.9251,-0.0003165637,28.8765,0,1.9251,-0.0001027237,28.8765,0
1.926,-0.0001997406,28.89,0,1.926,1.208515E-05,28.89,0
1.9269,-0.0001601282,28.9035,0,1.9269,-1.141375E-05,28.9035,0
1.9278,-7.553216E-05,28.917,0,1.9278,-5.169757E-05,28.917,0
1.9287,-3.054856E-05,28.9305,0,1.9287,1.644922E-05,28.9305,0
1.9296,-1.309224E-05,28.944,0,1.9296,5.706874E-05,28.944,0
1.9305,-2.987716E-05,28.9575,0,1.9305,-7.385367E-06,28.9575,0
1.9314,7.016098E-05,28.971,0,1.9314,-7.687495E-05,28.971,0
1.9323,4.599069E-05,28.9845,0,1.9323,-0.0001806058,28.9845,0
1.9332,-0.000115816,28.998,0,1.9332,-0.000175906,28.998,0
1.9341,-9.466698E-05,29.0115,0,1.9341,-0.0001037308,29.0115,0
1.935,-8.761731E-05,29.025,0,1.935,-6.344701E-05,29.025,0
1.9359,3.021286E-05,29.0385,0,1.9359,5.304036E-05,29.0385,0
1.9368,5.941863E-05,29.052,0,1.9368,0.0002729229,29.052,0
1.9377,1.409934E-05,29.0655,0,1.9377,0.000140322,29.0655,0
1.9386,3.289845E-05,29.079,0,1.9386,-7.284657E-05,29.079,0
1.9395,2.652018E-05,29.0925,0,1.9395,-8.291753E-05,29.0925,0
1.9404,6.109713E-05,29.106,0,1.9404,-0.0001530785,29.106,0
1.9413,0.0002695659,29.1195,0,1.9413,-0.0002453956,29.1195,0
1.9422,0.0002618448,29.133,0,1.9422,-0.0001285725,29.133,0
1.9431,8.426032E-05,29.1465,0,1.9431,1.443504E-05,29.1465,0
1.944,8.89601E-05,29.16,0,1.944,6.6804E-05,29.16,0
1.9449,2.316319E-05,29.1735,0,1.9449,0.0001413291,29.1735,0
1.9458,-0.0001198444,29.187,0,1.9458,4.599069E-05,29.187,0
1.9467,5.337606E-05,29.2005,0,1.9467,-0.0001564355,29.2005,0
1.9476,8.96315E-05,29.214,0,1.9476,-0.0002413672,29.214,0
1.9485,-0.0001097734,29.2275,0,1.9485,-0.0002178683,29.2275,0
1.9494,-0.0001315938,29.241,0,1.9494,2.349889E-05,29.241,0
1.9503,-9.936675E-05,29.2545,0,1.9503,0.0003031357,29.2545,0
1.9512,-0.0002312963,29.268,0,1.9512,0.0003487907,29.268,0
1.9521,-0.0002017548,29.2815,0,1.9521,0.0002265965,29.2815,0
1.953,-0.0001013809,29.295,0,1.953,0.0001752346,29.295,0
1.9539,-0.0001376364,29.3085,0,1.9539,0.0001178302,29.3085,0
1.9548,-0.0001352865,29.322,0,1.9548,-4.028382E-06,29.322,0
1.9557,6.411841E-05,29.3355,0,1.9557,1.141375E-05,29.3355,0
1.9566,0.0001017166,29.349,0,1.9566,1.644922E-05,29.349,0
1.9575,7.486076E-05,29.3625,0,1.9575,1.980621E-05,29.3625,0
1.9584,4.666209E-05,29.376,0,1.9584,-2.18204E-05,29.376,0
1.9593,2.887007E-05,29.3895,0,1.9593,-0.0001077592,29.3895,0
1.9602,-1.678492E-06,29.403,0,1.9602,-3.659113E-05,29.403,0
1.9611,-7.620356E-05,29.4165,0,1.9611,-0.0001853056,29.4165,0
1.962,-0.0001540856,29.43,0,1.962,-0.0003786679,29.43,0
1.9629,-7.888914E-05,29.4435,0,1.9629,-0.0003615473,29.4435,0
1.9638,-3.256275E-05,29.457,0,1.9638,-0.0002128328,29.457,0
1.9647,0.0001279011,29.4705,0,1.9647,-0.0001463645,29.4705,0
1.9656,0.0003309987,29.484,0,1.9656,-3.961242E-05,29.484,0
1.9665,0.0002819867,29.4975,0,1.9665,0.0001285725,29.4975,0
1.9674,0.0002910506,29.511,0,1.9674,0.0002279393,29.511,0
1.9683,0.0001463645,29.5245,0,1.9683,6.814679E-05,29.5245,0
1.9692,-0.0003202563,29.538,0,1.9692,6.243992E-05,29.538,0
1.9701,-0.0004518502,29.5515,0,1.9701,0.0001248798,29.5515,0
1.971,-0.0001853056,29.565,0,1.971,0.0001003738,29.565,0
1.9719,-0.0001560998,29.5785,0,1.9719,7.016098E-05,29.5785,0
1.9728,-2.18204E-05,29.592,0,1.9728,5.539025E-05,29.592,0
1.9737,7.855344E-05,29.6055,0,1.9737,7.385367E-05,29.6055,0
1.9746,3.659113E-05,29.619,0,1.9746,-2.316319E-05,29.619,0
1.9755,-7.049668E-06,29.6325,0,1.9755,-0.000161471,29.6325,0
1.9764,0.0001094377,29.646,0,1.9764,-0.0001856413,29.646,0
1.9773,0.000281651,29.6595,0,1.9773,-5.001907E-05,29.6595,0
1.9782,0.0002887007,29.673,0,1.9782,-8.92958E-05,29.673,0
1.9791,0.0002057832,29.6865,0,1.9791,-0.0001252155,29.6865,0
1.98,3.424125E-05,29.7,0,1.98,4.934768E-05,29.7,0
1.9809,-7.653925E-05,29.7135,0,1.9809,8.795301E-05,29.7135,0
1.9818,-0.0001104448,29.727,0,1.9818,-2.417029E-05,29.727,0
1.9827,-1.779202E-05,29.7405,0,1.9827,-3.994812E-05,29.7405,0
1.9836,5.035477E-06,29.754,0,1.9836,4.599069E-05,29.754,0
1.9845,3.524834E-05,29.7675,0,1.9845,4.867628E-05,29.7675,0
1.9854,0.0004078737,29.781,0,1.9854,1.040665E-05,29.781,0
1.9863,0.0003514763,29.7945,0,1.9863,-9.869535E-05,29.7945,0
1.9872,8.358892E-05,29.808,0,1.9872,-0.0001060807,29.808,0
1.9881,-0.0004149233,29.8215,0,1.9881,-0.0001218585,29.8215,0
1.989,-0.0005448386,29.835,0,1.989,-0.0001594568,29.835,0
1.9899,-0.0006317846,29.8485,0,1.9899,-0.0001101091,29.8485,0
1.9908,-0.0006348058,29.862,0,1.9908,9.063859E-06,29.862,0
1.9917,-0.0003709468,29.8755,0,1.9917,-5.371176E-06,29.8755,0
1.9926,-8.426032E-05,29.889,0,1.9926,-1.510643E-05,29.889,0
1.9935,-5.539025E-05,29.9025,0,1.9935,8.224613E-05,29.9025,0
1.9944,9.802396E-05,29.916,0,1.9944,0.0001470359,29.916,0
1.9953,0.0001477073,29.9295,0,1.9953,0.0002077974,29.9295,0
1.9962,0.0001782559,29.943,0,1.9962,0.0001366293,29.943,0
1.9971,0.0001275654,29.9565,0,1.9971,4.36408E-05,29.9565,0
1.998,5.035477E-05,29.97,0,1.998,-2.584878E-05,29.97,0
1.9989,-8.291753E-05,29.9835,0,1.9989,-5.740444E-05,29.9835,0
1.9998,6.210422E-05,29.997,0,1.9998,-0.0001765774,29.997,0
2.0007,0.0004783703,30.0105,0,2.0007,-0.0002279393,30.0105,0
2.0016,0.0006160067,30.024,0,2.0016,-0.0003001145,30.024,0
2.0025,0.000288365,30.0375,0,2.0025,-0.0003555047,30.0375,0
2.0034,-0.0001550927,30.051,0,2.0034,-0.0002064546,30.051,0
2.0043,-0.0003434196,30.0645,0,2.0043,8.92958E-05,30.0645,0
2.0052,-0.0004484932,30.078,0,2.0052,0.0002699016,30.078,0
2.0061,-0.0004135805,30.0915,0,2.0061,0.0002128328,30.0915,0
2.007,-0.0002067903,30.105,0,2.007,0.0001554284,30.105,0
2.0079,-0.0001775845,30.1185,0,2.0079,7.821774E-05,30.1185,0
2.0088,-6.51255E-05,30.132,0,2.0088,-1.174945E-05,30.132,0
2.0097,0.0001178302,30.1455,0,2.0097,3.591974E-05,30.1455,0
2.0106,9.600977E-05,30.159,0,2.0106,3.189136E-05,30.159,0
2.0115,2.853437E-05,30.1725,0,2.0115,-0.0001218585,30.1725,0
2.0124,2.920577E-05,30.186,0,2.0124,-4.129091E-05,30.186,0
2.0133,-7.284657E-05,30.1995,0,2.0133,5.001907E-05,30.1995,0
2.0142,-3.994812E-05,30.213,0,2.0142,5.471885E-05,30.213,0
2.0151,0.0001433432,30.2265,0,2.0151,5.404745E-05,30.2265,0
2.016,0.0001017166,30.24,0,2.016,-6.64683E-05,30.24,0
2.0169,0.000102388,30.2535,0,2.0169,-0.0001440146,30.2535,0
2.0178,0.0001097734,30.267,0,2.0178,-7.721065E-05,30.267,0
2.0187,0.0001050736,30.2805,0,2.0187,-0.0001007095,30.2805,0
2.0196,0.0001232013,30.294,0,2.0196,-0.0001715419,30.294,0
2.0205,0.000337377,30.3075,0,2.0205,-9.097429E-05,30.3075,0
2.0214,0.0004894484,30.321,0,2.0214,-0.0002158541,30.321,0
2.0223,0.0004317082,30.3345,0,2.0223,-0.0003951171,30.3345,0
2.0232,0.0003826963,30.348,0,2.0232,-0.0003524834,30.348,0
2.0241,1.007095E-06,30.3615,0,2.0241,-0.000115816,30.3615,0
2.025,-0.0003390555,30.375,0,2.025,0.0001332723,30.375,0
2.0259,-0.0004941482,30.3885,0,2.0259,0.0003823606,30.3885,0
2.0268,-0.0004988479,30.402,0,2.0268,0.000457557,30.402,0
2.0277,-0.0002558022,30.4155,0,2.0277,0.0004421149,30.4155,0
2.0286,-0.0001849699,30.429,0,2.0286,0.0003111925,30.429,0
2.0295,-8.358892E-05,30.4425,0,2.0295,0.0001107805,30.4425,0
2.0304,-6.311131E-05,30.456,0,2.0304,1.141375E-05,30.456,0
2.0313,-5.270466E-05,30.4695,0,2.0313,5.706874E-05,30.4695,0
2.0322,-3.088426E-05,30.483,0,2.0322,2.618448E-05,30.483,0
2.0331,-2.18204E-05,30.4965,0,2.0331,-7.653925E-05,30.4965,0
2.034,-2.24918E-05,30.51,0,2.034,-0.0001064164,30.51,0
2.0349,9.332418E-05,30.5235,0,2.0349,-0.0002856794,30.5235,0
2.0358,0.0001144732,30.537,0,2.0358,-0.0005267109,30.537,0
2.0367,3.189136E-05,30.5505,0,2.0367,-0.0004917983,30.5505,0
2.0376,3.021286E-05,30.564,0,2.0376,-0.0003266346,30.564,0
2.0385,-7.251087E-05,30.5775,0,2.0385,-0.0002252537,30.5775,0
2.0394,3.692683E-06,30.591,0,2.0394,0.0001487144,30.591,0
2.0403,0.0001238727,30.6045,0,2.0403,0.0003595331,30.6045,0
2.0412,0.0001782559,30.618,0,2.0412,0.0004723278,30.618,0
2.0421,0.0001265583,30.6315,0,2.0421,0.0005011978,30.6315,0
2.043,3.356985E-07,30.645,0,2.043,0.0002339818,30.645,0
2.0439,-6.210422E-05,30.6585,0,2.0439,5.035477E-05,30.6585,0
2.0448,-7.956054E-05,30.672,0,2.0448,5.001907E-05,30.672,0
2.0457,5.438316E-05,30.6855,0,2.0457,-2.719158E-05,30.6855,0
2.0466,0.0001144732,30.699,0,2.0466,-0.0001802701,30.699,0
2.0475,6.948959E-05,30.7125,0,2.0475,-0.0001114519,30.7125,0
2.0484,-5.706874E-06,30.726,0,2.0484,-4.53193E-05,30.726,0
2.0493,-0.0002232395,30.7395,0,2.0493,-6.478981E-05,30.7395,0
2.0502,-0.0001947051,30.753,0,2.0502,-4.129091E-05,30.753,0
2.0511,-6.210422E-05,30.7665,0,2.0511,3.256275E-05,30.7665,0
2.052,-0.0001205158,30.78,0,2.052,-1.510643E-05,30.78,0
2.0529,-0.0001101091,30.7935,0,2.0529,-9.433127E-05,30.7935,0
2.0538,-4.49836E-05,30.807,0,2.0538,-0.0001359579,30.807,0
2.0547,-4.36408E-05,30.8205,0,2.0547,-7.855344E-05,30.8205,0
2.0556,-7.016098E-05,30.834,0,2.0556,-5.471885E-05,30.834,0
2.0565,0.0001597925,30.8475,0,2.0565,-0.0001262226,30.8475,0
2.0574,0.0003474479,30.861,0,2.0574,-0.0001775845,30.861,0
2.0583,0.0002118257,30.8745,0,2.0583,-0.000119173,30.8745,0
2.0592,0.000126894,30.888,0,2.0592,-9.433127E-05,30.888,0
2.0601,-1.443504E-05,30.9015,0,2.0601,-0.0001806058,30.9015,0
2.061,-0.0003333486,30.915,0,2.061,-4.867628E-05,30.915,0
2.0619,-0.0002558022,30.9285,0,2.0619,6.042573E-06,30.9285,0
2.0628,3.356985E-06,30.942,0,2.0628,2.685588E-06,30.942,0
2.0637,-6.009003E-05,30.9555,0,2.0637,-4.39765E-05,30.9555,0
2.0646,-8.560311E-05,30.969,0,2.0646,-6.881819E-05,30.969,0
2.0655,-4.36408E-06,30.9825,0,2.0655,-9.433127E-05,30.9825,0
2.0664,4.800488E-05,30.996,0,2.0664,-6.344701E-05,30.996,0
2.0673,9.533837E-05,31.0095,0,2.0673,6.042573E-06,31.0095,0
2.0682,0.0003326772,31.023,0,2.0682,0.0002339818,31.023,0
2.0691,0.0002541238,31.0365,0,2.0691,0.0002991073,31.0365,0
2.07,3.155566E-05,31.05,0,2.07,8.795301E-05,31.05,0
2.0709,-0.0001138018,31.0635,0,2.0709,3.054856E-05,31.0635,0
2.0718,-0.0002806439,31.077,0,2.0718,8.661021E-05,31.077,0
2.0727,-0.0002054475,31.0905,0,2.0727,-9.365987E-05,31.0905,0
2.0736,-5.606165E-05,31.104,0,2.0736,-0.000467628,31.104,0
2.0745,0.0001654994,31.1175,0,2.0745,-0.0004105592,31.1175,0
2.0754,0.0005925078,31.131,0,2.0754,-0.0003581903,31.131,0
2.0763,0.0003266346,31.1445,0,2.0763,-0.0004058595,31.1445,0
2.0772,-0.0002474098,31.158,0,2.0772,-0.0001470359,31.158,0
2.0781,-0.0002081331,31.1715,0,2.0781,0.0002484169,31.1715,0
2.079,-0.000477699,31.185,0,2.079,0.0002970932,31.185,0
2.0799,-0.001089342,31.1985,0,2.0799,0.0002682231,31.1985,0
2.0808,-0.000527718,31.212,0,2.0808,0.0003756466,31.212,0
2.0817,1.040665E-05,31.2255,0,2.0817,0.0005193255,31.2255,0
2.0826,-4.834058E-05,31.239,0,2.0826,0.0003105211,31.239,0
2.0835,-8.023193E-05,31.2525,0,2.0835,7.150377E-05,31.2525,0
2.0844,-4.33051E-05,31.266,0,2.0844,-1.376364E-05,31.266,0
2.0853,-6.378271E-06,31.2795,0,2.0853,7.183947E-05,31.2795,0
2.0862,6.378271E-05,31.293,0,2.0862,7.049668E-06,31.293,0
2.0871,0.0003266346,31.3065,0,2.0871,-9.533837E-05,31.3065,0
2.088,0.000555581,31.32,0,2.088,-2.517739E-05,31.32,0
2.0889,0.0004669566,31.3335,0,2.0889,-4.733349E-05,31.3335,0
2.0898,0.0002212253,31.347,0,2.0898,-0.0002171969,31.347,0
2.0907,4.632639E-05,31.3605,0,2.0907,-0.0002091402,31.3605,0
2.0916,-2.14847E-05,31.374,0,2.0916,-0.0001312581,31.374,0
2.0925,0.0002836652,31.3875,0,2.0925,-0.0001977264,31.3875,0
2.0934,0.0005535668,31.401,0,2.0934,-0.0002020905,31.401,0
2.0943,0.0004629282,31.4145,0,2.0943,-0.000148043,31.4145,0
2.0952,6.6804E-05,31.428,0,2.0952,2.081331E-05,31.428,0
2.0961,-0.00066804,31.4415,0,2.0961,8.426032E-05,31.4415,0
2.097,-0.001017502,31.455,0,2.097,0.0001044022,31.455,0
2.0979,-0.0005864652,31.4685,0,2.0979,0.0001080949,31.4685,0
2.0988,-0.0001641566,31.482,0,2.0988,8.258183E-05,31.482,0
2.0997,-7.385367E-05,31.4955,0,2.0997,3.054856E-05,31.4955,0
2.1006,-1.913481E-05,31.509,0,2.1006,-0.0001010452,31.509,0
2.1015,9.063859E-06,31.5225,0,2.1015,-9.600977E-05,31.5225,0
2.1024,0.0001225299,31.536,0,2.1024,-0.000197055,31.536,0
2.1033,0.000115816,31.5495,0,2.1033,-0.000291722,31.5495,0
2.1042,0.0001151446,31.563,0,2.1042,-0.0001487144,31.563,0
2.1051,0.0001607996,31.5765,0,2.1051,-2.584878E-05,31.5765,0
2.106,0.0001540856,31.59,0,2.106,3.054856E-05,31.59,0
2.1069,0.0001393149,31.6035,0,2.1069,0.000109102,31.6035,0
2.1078,7.721065E-05,31.617,0,2.1078,-0.0001033951,31.617,0
2.1087,0.0001460288,31.6305,0,2.1087,-0.0001514,31.6305,0
2.1096,0.0001252155,31.644,0,2.1096,-0.0001131304,31.644,0
2.1105,0.0002088045,31.6575,0,2.1105,-8.392462E-05,31.6575,0
2.1114,0.0001597925,31.671,0,2.1114,1.242084E-05,31.671,0
2.1123,1.779202E-05,31.6845,0,2.1123,0.0001487144,31.6845,0
2.1132,-0.000175906,31.698,0,2.1132,0.000102388,31.698,0
2.1141,-0.0001983978,31.7115,0,2.1141,0.0001342794,31.7115,0
2.115,-7.083238E-05,31.725,0,2.115,0.0001708705,31.725,0
2.1159,-8.224613E-05,31.7385,0,2.1159,0.0001654994,31.7385,0
2.1168,-7.150377E-05,31.752,0,2.1168,8.157473E-05,31.752,0
2.1177,-2.551309E-05,31.7655,0,2.1177,-3.021286E-06,31.7655,0
2.1186,-1.107805E-05,31.779,0,2.1186,5.270466E-05,31.779,0
2.1195,1.913481E-05,31.7925,0,2.1195,1.242084E-05,31.7925,0
2.1204,0.0001467002,31.806,0,2.1204,-0.0001383078,31.806,0
2.1213,0.0001832914,31.8195,0,2.1213,-0.0001195087,31.8195,0
2.1222,0.000164828,31.833,0,2.1222,-4.36408E-06,31.833,0
2.1231,0.0001232013,31.8465,0,2.1231,9.735256E-06,31.8465,0
2.124,8.258183E-05,31.86,0,2.124,-7.687495E-05,31.86,0
2.1249,0.0001040665,31.8735,0,2.1249,7.150377E-05,31.8735,0
2.1258,-1.376364E-05,31.887,0,2.1258,0.0001473716,31.887,0
2.1267,-0.0001067521,31.9005,0,2.1267,-6.948959E-05,31.9005,0
2.1276,-0.000119173,31.914,0,2.1276,-0.000144686,31.914,0
2.1285,-6.71397E-05,31.9275,0,2.1285,-8.157473E-05,31.9275,0
2.1294,-0.0002903792,31.941,0,2.1294,-0.0001164874,31.941,0
2.1303,-0.000285008,31.9545,0,2.1303,-7.821774E-05,31.9545,0
2.1312,0.0001171588,31.968,0,2.1312,8.493171E-05,31.968,0
2.1321,0.0001171588,31.9815,0,2.1321,0.0001628138,31.9815,0
2.133,-6.378271E-06,31.995,0,2.133,0.0001084306,31.995,0
2.1339,-9.735256E-06,32.0085,0,2.1339,-6.61326E-05,32.0085,0
2.1348,-3.793393E-05,32.022,0,2.1348,-0.0002840009,32.022,0
2.1357,-0.0002420386,32.0355,0,2.1357,-0.0002339818,32.0355,0
2.1366,-0.0001681849,32.049,0,2.1366,-0.0001842985,32.049,0
2.1375,-0.0001906767,32.0625,0,2.1375,-0.0001634852,32.0625,0
2.1384,-1.712062E-05,32.076,0,2.1384,-0.0001178302,32.076,0
2.1393,0.0001305867,32.0895,0,2.1393,3.457694E-05,32.0895,0
2.1402,0.0003360342,32.103,0,2.1402,-6.143282E-05,32.103,0
2.1411,0.0003266346,32.1165,0,2.1411,-0.0002568093,32.1165,0
2.142,0,32.13,0,2.142,-9.298848E-05,32.13,0
2.1429,-0.0001748989,32.1435,0,2.1429,9.164568E-05,32.1435,0
2.1438,-0.0003645686,32.157,0,2.1438,0.0002809796,32.157,0
2.1447,-0.0003558404,32.1705,0,2.1447,0.0003189135,32.1705,0
2.1456,-0.000193698,32.184,0,2.1456,0.0002232395,32.184,0
2.1465,-7.351797E-05,32.1975,0,2.1465,0.0001060807,32.1975,0
2.1474,-0.000185977,32.211,0,2.1474,0.0001809415,32.211,0
2.1483,-0.0002410315,32.2245,0,2.1483,9.466698E-05,32.2245,0
2.1492,-0.0001178302,32.238,0,2.1492,-4.129091E-05,32.238,0
2.1501,-7.989624E-05,32.2515,0,2.1501,-9.903105E-05,32.2515,0
2.151,1.174945E-05,32.265,0,2.151,-8.224613E-05,32.265,0
2.1519,4.901198E-05,32.2785,0,2.1519,-7.956054E-05,32.2785,0
2.1528,-9.399557E-05,32.292,0,2.1528,7.721065E-06,32.292,0
2.1537,-2.047761E-05,32.3055,0,2.1537,-1.745632E-05,32.3055,0
2.1546,0.0001560998,32.319,0,2.1546,6.713969E-07,32.319,0
2.1555,0.0002635233,32.3325,0,2.1555,9.835965E-05,32.3325,0
2.1564,0.0005253681,32.346,0,2.1564,-7.116808E-05,32.346,0
2.1573,0.0005743801,32.3595,0,2.1573,-0.0003189135,32.3595,0
2.1582,0.0006677043,32.373,0,2.1582,-0.0003961242,32.373,0
2.1591,0.0005777371,32.3865,0,2.1591,-0.000323949,32.3865,0
2.16,7.586786E-05,32.4,0,2.16,-0.0001728847,32.4,0
2.1609,-0.0003716182,32.4135,0,2.1609,5.169757E-05,32.4135,0
2.1618,-0.0004585641,32.427,0,2.1618,0.000203769,32.427,0
2.1627,-0.0007482719,32.4405,0,2.1627,0.0003632258,32.4405,0
2.1636,-0.0005988861,32.454,0,2.1636,0.000278294,32.454,0
2.1645,-0.0003571832,32.4675,0,2.1645,3.524834E-05,32.4675,0
2.1654,-4.33051E-05,32.481,0,2.1654,-3.323415E-05,32.481,0
2.1663,0.0001554284,32.4945,0,2.1663,5.706874E-06,32.4945,0
2.1672,7.888914E-05,32.508,0,2.1672,-0.0001658351,32.508,0
2.1681,-1.644922E-05,32.5215,0,2.1681,-0.0005129473,32.5215,0
2.169,5.874724E-05,32.535,0,2.169,-0.0005646449,32.535,0
2.1699,-8.795301E-05,32.5485,0,2.1699,-0.0004491646,32.5485,0
2.1708,-0.0001607996,32.562,0,2.1708,-0.0002715801,32.562,0
2.1717,0.0001282368,32.5755,0,2.1717,0.0001352865,32.5755,0
2.1726,0.0002675517,32.589,0,2.1726,0.0004159304,32.589,0
2.1735,0.0001601282,32.6025,0,2.1735,0.0006707255,32.6025,0
2.1744,0.0001393149,32.616,0,2.1744,0.0005206683,32.616,0
2.1753,0.000295079,32.6295,0,2.1753,0.0002380102,32.6295,0
2.1762,0.0003051499,32.643,0,2.1762,0.0001399863,32.643,0
2.1771,0.0002544594,32.6565,0,2.1771,0.0001094377,32.6565,0
2.178,7.620356E-05,32.67,0,2.178,4.162661E-05,32.67,0
2.1789,2.920577E-05,32.6835,0,2.1789,-5.404745E-05,32.6835,0
2.1798,-0.0001681849,32.697,0,2.1798,-6.71397E-05,32.697,0
2.1807,-0.0003820249,32.7105,0,2.1807,-8.023193E-05,32.7105,0
2.1816,-0.00033402,32.724,0,2.1816,-0.0001037308,32.724,0
2.1825,-0.0002141756,32.7375,0,2.1825,-2.887007E-05,32.7375,0
2.1834,-0.0001829557,32.751,0,2.1834,-3.054856E-05,32.751,0
2.1843,-0.0001997406,32.7645,0,2.1843,-9.500267E-05,32.7645,0
2.1852,-0.0001728847,32.778,0,2.1852,-8.325322E-05,32.778,0
2.1861,3.625543E-05,32.7915,0,2.1861,-8.358892E-05,32.7915,0
2.187,0.0001685206,32.805,0,2.187,-0.0001671778,32.805,0
2.1879,0.0001567712,32.8185,0,2.1879,-0.0003158923,32.8185,0
2.1888,0.0001651637,32.832,0,2.1888,-0.0004088808,32.832,0
2.1897,0.0002453956,32.8455,0,2.1897,-0.0001802701,32.8455,0
2.1906,0.0001886625,32.859,0,2.1906,-2.383459E-05,32.859,0
2.1915,0.0001084306,32.8725,0,2.1915,9.735256E-06,32.8725,0
2.1924,6.948959E-05,32.886,0,2.1924,9.835965E-05,32.886,0
2.1933,0.000133608,32.8995,0,2.1933,0.0001174945,32.8995,0
2.1942,0.0001762417,32.913,0,2.1942,5.035477E-06,32.913,0
2.1951,-0.0001362936,32.9265,0,2.1951,-0.0001742275,32.9265,0
2.196,-0.0001829557,32.94,0,2.196,-0.0001164874,32.94,0
2.1969,5.001907E-05,32.9535,0,2.1969,1.443504E-05,32.9535,0
2.1978,-0.0002151827,32.967,0,2.1978,-7.284657E-05,32.967,0
2.1987,-0.0001144732,32.9805,0,2.1987,6.74754E-05,32.9805,0
2.1996,-0.0004206302,32.994,0,2.1996,0.0002373388,32.994,0
2.2005,-0.0004488289,33.0075,0,2.2005,0.0001453574,33.0075,0
2.2014,-0.0002151827,33.021,0,2.2014,2.349889E-06,33.021,0
2.2023,-0.0001373007,33.0345,0,2.2023,-0.0001467002,33.0345,0
2.2032,-1.947051E-05,33.048,0,2.2032,-0.0002511025,33.048,0
2.2041,-3.189136E-05,33.0615,0,2.2041,-0.000231632,33.0615,0
2.205,-6.54612E-05,33.075,0,2.205,-0.000158114,33.075,0
2.2059,4.095522E-05,33.0885,0,2.2059,-7.888914E-05,33.0885,0
2.2068,9.634547E-05,33.102,0,2.2068,0.0001876554,33.102,0
2.2077,-4.129091E-05,33.1155,0,2.2077,0.0004229801,33.1155,0
2.2086,-0.0001060807,33.129,0,2.2086,0.0001701991,33.129,0
2.2095,-4.800488E-05,33.1425,0,2.2095,4.901198E-05,33.1425,0
2.2104,4.36408E-06,33.156,0,2.2104,2.752728E-05,33.156,0
2.2113,5.941863E-05,33.1695,0,2.2113,2.652018E-05,33.1695,0
2.2122,0.0001678492,33.183,0,2.2122,4.800488E-05,33.183,0
2.2131,0.0001245441,33.1965,0,2.2131,8.627451E-05,33.1965,0
2.214,0.000112459,33.21,0,2.214,0.0001067521,33.21,0
2.2149,0.0001436789,33.2235,0,2.2149,8.291753E-05,33.2235,0
2.2158,0.0001238727,33.237,0,2.2158,-1.342794E-05,33.237,0
2.2167,8.023193E-05,33.2505,0,2.2167,1.443504E-05,33.2505,0
2.2176,3.994812E-05,33.264,0,2.2176,-3.927672E-05,33.264,0
2.2185,5.069047E-05,33.2775,0,2.2185,-0.0001507286,33.2775,0
2.2194,9.231708E-05,33.291,0,2.2194,-0.0002084688,33.291,0
2.2203,0.0001232013,33.3045,0,2.2203,-0.0001420005,33.3045,0
2.2212,0.0001332723,33.318,0,2.2212,-0.0001829557,33.318,0
2.2221,5.975433E-05,33.3315,0,2.2221,-0.0002336461,33.3315,0
2.223,8.69459E-05,33.345,0,2.223,2.987716E-05,33.345,0
2.2239,0.0001373007,33.3585,0,2.2239,0.0001077592,33.3585,0
2.2248,8.560311E-05,33.372,0,2.2248,-0.00027393,33.372,0
2.2257,0.0002517739,33.3855,0,2.2257,-0.0002386816,33.3855,0
2.2266,0.000249424,33.399,0,2.2266,-0.0001114519,33.399,0
2.2275,3.390555E-05,33.4125,0,2.2275,-0.0001681849,33.4125,0
2.2284,3.189136E-05,33.426,0,2.2284,-8.392462E-06,33.426,0
2.2293,-0.0002312963,33.4395,0,2.2293,0.0001943694,33.4395,0
2.2302,-0.0004192874,33.453,0,2.2302,0.0002601663,33.453,0
2.2311,-0.0001211871,33.4665,0,2.2311,0.0002406958,33.4665,0
2.232,-8.392462E-06,33.48,0,2.232,0.0002776226,33.48,0
2.2329,-1.477073E-05,33.4935,0,2.2329,0.0001430075,33.4935,0
2.2338,-0.0002474098,33.507,0,2.2338,3.054856E-05,33.507,0
2.2347,-7.586786E-05,33.5205,0,2.2347,-2.349889E-05,33.5205,0
2.2356,1.275654E-05,33.534,0,2.2356,-7.016098E-05,33.534,0
2.2365,0.0001594568,33.5475,0,2.2365,-4.36408E-06,33.5475,0
2.2374,0.0001574426,33.561,0,2.2374,-0.0001131304,33.561,0
2.2383,-5.572595E-05,33.5745,0,2.2383,-0.0002205539,33.5745,0
2.2392,-0.0001926909,33.588,0,2.2392,-0.0001460288,33.588,0
2.2401,-0.0002554666,33.6015,0,2.2401,-4.800488E-05,33.6015,0
2.241,-0.0004374151,33.615,0,2.241,-2.14847E-05,33.615,0
2.2419,-0.0002420386,33.6285,0,2.2419,2.349889E-06,33.6285,0
2.2428,-0.0001762417,33.642,0,2.2428,-0.000112459,33.642,0
2.2437,-0.0002232395,33.6555,0,2.2437,-0.0001174945,33.6555,0
2.2446,-0.0001359579,33.669,0,2.2446,-6.61326E-05,33.669,0
2.2455,-1.275654E-05,33.6825,0,2.2455,3.591974E-05,33.6825,0
2.2464,-1.242084E-05,33.696,0,2.2464,8.123904E-05,33.696,0
2.2473,8.69459E-05,33.7095,0,2.2473,-1.644922E-05,33.7095,0
2.2482,0.000105745,33.723,0,2.2482,-9.298848E-05,33.723,0
2.2491,9.298848E-05,33.7365,0,2.2491,-0.0001433432,33.7365,0
2.25,0.0001161517,33.75,0,2.25,-4.39765E-05,33.75,0
2.2509,0.000190341,33.7635,0,2.2509,8.224613E-05,33.7635,0
2.2518,0.0001886625,33.777,0,2.2518,0.0001467002,33.777,0
2.2527,7.150377E-05,33.7905,0,2.2527,6.54612E-05,33.7905,0
2.2536,0.0001258869,33.804,0,2.2536,3.356985E-07,33.804,0
2.2545,1.913481E-05,33.8175,0,2.2545,-7.150377E-05,33.8175,0
2.2554,-6.009003E-05,33.831,0,2.2554,-8.593881E-05,33.831,0
2.2563,-0.0002688945,33.8445,0,2.2563,-8.090334E-05,33.8445,0
2.2572,-0.0003608759,33.858,0,2.2572,4.129091E-05,33.858,0
2.2581,-7.956054E-05,33.8715,0,2.2581,9.903105E-05,33.8715,0
2.259,9.231708E-05,33.885,0,2.259,5.874724E-05,33.885,0
2.2599,3.356985E-06,33.8985,0,2.2599,-7.385367E-05,33.8985,0
2.2608,3.860533E-05,33.912,0,2.2608,-0.0001440146,33.912,0
2.2617,0.0001275654,33.9255,0,2.2617,-0.0001282368,33.9255,0
2.2626,0.0001997406,33.939,0,2.2626,-0.0001185016,33.939,0
2.2635,0.0002923934,33.9525,0,2.2635,6.478981E-05,33.9525,0
2.2644,0.0004273442,33.966,0,2.2644,0.0001044022,33.966,0
2.2653,0.000418616,33.9795,0,2.2653,-9.735256E-06,33.9795,0
2.2662,0.0002064546,33.993,0,2.2662,-0.0001044022,33.993,0
2.2671,-0.0001225299,34.0065,0,2.2671,-0.0001443503,34.0065,0
2.268,-0.0001769131,34.02,0,2.268,-9.768826E-05,34.02,0
2.2689,-0.0003602045,34.0335,0,2.2689,-2.18204E-05,34.0335,0
2.2698,-0.0004897841,34.047,0,2.2698,-2.349889E-06,34.047,0
2.2707,-2.987716E-05,34.0605,0,2.2707,0.0002077974,34.0605,0
2.2716,-9.399558E-06,34.074,0,2.2716,0.0002010834,34.074,0
2.2725,-0.0001456931,34.0875,0,2.2725,4.800488E-05,34.0875,0
2.2734,2.652018E-05,34.101,0,2.2734,5.337606E-05,34.101,0
2.2743,4.53193E-05,34.1145,0,2.2743,0.0001842985,34.1145,0
2.2752,3.726253E-05,34.128,0,2.2752,6.814679E-05,34.128,0
2.2761,0.0003675898,34.1415,0,2.2761,-0.0001205158,34.1415,0
2.277,0.0003783322,34.155,0,2.277,-8.69459E-05,34.155,0
2.2779,0.0001493858,34.1685,0,2.2779,-9.970245E-05,34.1685,0
2.2788,-1.712062E-05,34.182,0,2.2788,-0.0001527428,34.182,0
2.2797,-0.0003172351,34.1955,0,2.2797,-5.169757E-05,34.1955,0
2.2806,-0.0004562142,34.209,0,2.2806,0.000126894,34.209,0
2.2815,-0.0001883268,34.2225,0,2.2815,2.752728E-05,34.2225,0
2.2824,-0.0001453574,34.236,0,2.2824,-3.021286E-05,34.236,0
2.2833,-0.0003074998,34.2495,0,2.2833,-6.311131E-05,34.2495,0
2.2842,-7.888914E-05,34.263,0,2.2842,-4.599069E-05,34.263,0
2.2851,1.678492E-05,34.2765,0,2.2851,-3.121996E-05,34.2765,0
2.286,-6.210422E-05,34.29,0,2.286,-8.82887E-05,34.29,0
2.2869,1.174945E-05,34.3035,0,2.2869,-0.000190341,34.3035,0
2.2878,8.023193E-05,34.317,0,2.2878,-0.000239353,34.317,0
2.2887,0.0001319295,34.3305,0,2.2887,-0.0002682231,34.3305,0
2.2896,0.0001470359,34.344,0,2.2896,-0.0002537881,34.344,0
2.2905,8.392462E-05,34.3575,0,2.2905,-0.0001205158,34.3575,0
2.2914,0.0001477073,34.371,0,2.2914,-1.644922E-05,34.371,0
2.2923,6.74754E-05,34.3845,0,2.2923,6.411841E-05,34.3845,0
2.2932,-7.016098E-05,34.398,0,2.2932,0.0002447242,34.398,0
2.2941,-0.0001537499,34.4115,0,2.2941,0.0003682612,34.4115,0
2.295,-8.92958E-05,34.425,0,2.295,0.0002406958,34.425,0
2.2959,3.356985E-06,34.4385,0,2.2959,8.224613E-05,34.4385,0
2.2968,2.652018E-05,34.452,0,2.2968,-1.174945E-05,34.452,0
2.2977,-9.063859E-06,34.4655,0,2.2977,7.049668E-06,34.4655,0
2.2986,-5.706874E-06,34.479,0,2.2986,1.040665E-05,34.479,0
2.2995,2.1149E-05,34.4925,0,2.2995,-2.920577E-05,34.4925,0
2.3004,4.666209E-05,34.506,0,2.3004,-6.411841E-05,34.506,0
2.3013,7.888914E-05,34.5195,0,2.3013,-2.383459E-05,34.5195,0
2.3022,6.71397E-05,34.533,0,2.3022,-6.74754E-05,34.533,0
2.3031,6.713969E-07,34.5465,0,2.3031,-9.030289E-05,34.5465,0
2.304,-5.908293E-05,34.56,0,2.304,1.913481E-05,34.56,0
2.3049,2.853437E-05,34.5735,0,2.3049,-2.21561E-05,34.5735,0
2.3058,5.001907E-05,34.587,0,2.3058,-0.0001644923,34.587,0
2.3067,0.0001460288,34.6005,0,2.3067,-0.0001477073,34.6005,0
2.3076,7.687495E-05,34.614,0,2.3076,-0.000115816,34.614,0
2.3085,9.970245E-05,34.6275,0,2.3085,-0.0001651637,34.6275,0
2.3094,0.0003256275,34.641,0,2.3094,-0.0001560998,34.641,0
2.3103,0.0002772869,34.6545,0,2.3103,-0.0001292439,34.6545,0
2.3112,0.0001171588,34.668,0,2.3112,-1.712062E-05,34.668,0
2.3121,-0.0001342794,34.6815,0,2.3121,9.399557E-05,34.6815,0
2.313,-0.0003320058,34.695,0,2.313,0.0001295796,34.695,0
2.3139,-0.0004860914,34.7085,0,2.3139,0.0001174945,34.7085,0
2.3148,-0.000351812,34.722,0,2.3148,0.0001607996,34.722,0
2.3157,-0.0001037308,34.7355,0,2.3157,6.411841E-05,34.7355,0
2.3166,-0.0002655375,34.749,0,2.3166,-2.618448E-05,34.749,0
2.3175,-0.0002588235,34.7625,0,2.3175,6.814679E-05,34.7625,0
2.3184,9.768826E-05,34.776,0,2.3184,0.0001215228,34.776,0
2.3193,7.351797E-05,34.7895,0,2.3193,-4.800488E-05,34.7895,0
2.3202,-2.987716E-05,34.803,0,2.3202,-0.0001215228,34.803,0
2.3211,-0.0001084306,34.8165,0,2.3211,-0.0001453574,34.8165,0
2.322,-9.231708E-05,34.83,0,2.322,-0.0002245823,34.83,0
2.3229,-0.0001211871,34.8435,0,2.3229,-0.0001997406,34.8435,0
2.3238,-2.920577E-05,34.857,0,2.3238,-0.0001467002,34.857,0
2.3247,8.023193E-05,34.8705,0,2.3247,0.0001211871,34.8705,0
2.3256,6.478981E-05,34.884,0,2.3256,0.0002017548,34.884,0
2.3265,4.901198E-05,34.8975,0,2.3265,0.0001688563,34.8975,0
2.3274,8.795301E-05,34.911,0,2.3274,0.0001238727,34.911,0
2.3283,0.0001242084,34.9245,0,2.3283,8.560311E-05,34.9245,0
2.3292,0.0002302892,34.938,0,2.3292,1.879912E-05,34.938,0
2.3301,0.0003202563,34.9515,0,2.3301,-6.143282E-05,34.9515,0
2.331,0.0002292821,34.965,0,2.331,1.174945E-05,34.965,0
2.3319,0.0001164874,34.9785,0,2.3319,6.57969E-05,34.9785,0
2.3328,0.0001064164,34.992,0,2.3328,1.544213E-05,34.992,0
2.3337,-6.411841E-05,35.0055,0,2.3337,-1.040665E-05,35.0055,0
2.3346,-0.0002836652,35.019,0,2.3346,-5.035477E-06,35.019,0
2.3355,-0.0002665446,35.0325,0,2.3355,-5.673304E-05,35.0325,0
2.3364,-5.404745E-05,35.046,0,2.3364,-4.129091E-05,35.046,0
2.3373,-7.150377E-05,35.0595,0,2.3373,-8.090334E-05,35.0595,0
2.3382,-7.586786E-05,35.073,0,2.3382,-7.754635E-05,35.073,0
2.3391,-0.000102388,35.0865,0,2.3391,-5.975433E-05,35.0865,0
2.34,-8.392462E-05,35.1,0,2.34,-6.57969E-05,35.1,0
2.3409,-2.752728E-05,35.1135,0,2.3409,-8.191043E-05,35.1135,0
2.3418,-2.081331E-05,35.127,0,2.3418,-5.706874E-06,35.127,0
2.3427,1.678492E-06,35.1405,0,2.3427,-1.644922E-05,35.1405,0
2.3436,1.208515E-05,35.154,0,2.3436,-7.418937E-05,35.154,0
2.3445,1.812772E-05,35.1675,0,2.3445,1.007095E-06,35.1675,0
2.3454,3.994812E-05,35.181,0,2.3454,2.383459E-05,35.181,0
2.3463,3.189136E-05,35.1945,0,2.3463,-3.054856E-05,35.1945,0
2.3472,0.0001121233,35.208,0,2.3472,-1.678492E-06,35.208,0
2.3481,5.337606E-05,35.2215,0,2.3481,2.21561E-05,35.2215,0
2.349,2.987716E-05,35.235,0,2.349,-2.584878E-05,35.235,0
2.3499,0.0001215228,35.2485,0,2.3499,-0.0001524071,35.2485,0
2.3508,0.0001171588,35.262,0,2.3508,-0.0003414054,35.262,0
2.3517,0.0001634852,35.2755,0,2.3517,-0.0003064927,35.2755,0
2.3526,0.0001567712,35.289,0,2.3526,-0.0002433814,35.289,0
2.3535,6.210422E-05,35.3025,0,2.3535,-0.000186984,35.3025,0
2.3544,-6.344701E-05,35.316,0,2.3544,1.074235E-05,35.316,0
2.3553,-0.0001708705,35.3295,0,2.3553,0.0003105211,35.3295,0
2.3562,-0.0002239109,35.343,0,2.3562,0.0003323415,35.343,0
2.3571,-0.0001436789,35.3565,0,2.3571,0.0002010834,35.3565,0
2.358,-4.229801E-05,35.37,0,2.358,0.0001779202,35.37,0
2.3589,-8.627451E-05,35.3835,0,2.3589,0.0001228656,35.3835,0
2.3598,-0.0001577783,35.397,0,2.3598,5.035477E-06,35.397,0
2.3607,-3.894102E-05,35.4105,0,2.3607,5.874724E-05,35.4105,0
2.3616,2.652018E-05,35.424,0,2.3616,7.351797E-05,35.424,0
2.3625,1.544213E-05,35.4375,0,2.3625,1.913481E-05,35.4375,0
2.3634,1.040665E-05,35.451,0,2.3634,-4.968337E-05,35.451,0
2.3643,1.376364E-05,35.4645,0,2.3643,-5.169757E-05,35.4645,0
2.3652,-6.378271E-06,35.478,0,2.3652,-4.733349E-05,35.478,0
2.3661,8.056763E-06,35.4915,0,2.3661,-0.0001232013,35.4915,0
2.367,4.39765E-05,35.505,0,2.367,-0.0002185397,35.505,0
2.3679,8.526741E-05,35.5185,0,2.3679,-0.0002900435,35.5185,0
2.3688,0.0001426719,35.532,0,2.3688,-0.0001735561,35.532,0
2.3697,0.0001121233,35.5455,0,2.3697,-9.768826E-05,35.5455,0
2.3706,3.323415E-05,35.559,0,2.3706,-0.0001604639,35.559,0
2.3715,-0.0001326009,35.5725,0,2.3715,6.378271E-06,35.5725,0
2.3724,-0.0002017548,35.586,0,2.3724,0.000256138,35.586,0
2.3733,-0.0002017548,35.5995,0,2.3733,0.0001789273,35.5995,0
2.3742,-0.000112459,35.613,0,2.3742,6.948959E-05,35.613,0
2.3751,-4.095522E-05,35.6265,0,2.3751,9.970245E-05,35.6265,0
2.376,-1.644922E-05,35.64,0,2.376,8.258183E-05,35.64,0
2.3769,7.721065E-06,35.6535,0,2.3769,-1.779202E-05,35.6535,0
2.3778,9.869535E-05,35.667,0,2.3778,-0.0002621805,35.667,0
2.3787,0.0001977264,35.6805,0,2.3787,-0.0004625925,35.6805,0
2.3796,0.0001527428,35.694,0,2.3796,-0.0004454719,35.694,0
2.3805,5.874724E-05,35.7075,0,2.3805,-0.0003031357,35.7075,0
2.3814,-7.251087E-05,35.721,0,2.3814,-8.157473E-05,35.721,0
2.3823,-0.0002044404,35.7345,0,2.3823,0.000249424,35.7345,0
2.3832,-0.0001346151,35.748,0,2.3832,0.0004142519,35.748,0
2.3841,-3.659113E-05,35.7615,0,2.3841,0.0003722896,35.7615,0
2.385,-9.970245E-05,35.775,0,2.385,0.0002373388,35.775,0
2.3859,-5.807584E-05,35.7885,0,2.3859,0.0001221943,35.7885,0
2.3868,-3.894102E-05,35.802,0,2.3868,1.644922E-05,35.802,0
2.3877,9.903105E-05,35.8155,0,2.3877,2.652018E-05,35.8155,0
2.3886,0.000200412,35.829,0,2.3886,7.385367E-05,35.829,0
2.3895,0.0004115663,35.8425,0,2.3895,1.342794E-05,35.8425,0
2.3904,0.0004132448,35.856,0,2.3904,-8.392462E-05,35.856,0
2.3913,0.0002400244,35.8695,0,2.3913,-0.0001822843,35.8695,0
2.3922,-5.706874E-06,35.883,0,2.3922,-0.0002088045,35.883,0
2.3931,-0.0005304036,35.8965,0,2.3931,-0.0002541238,35.8965,0
2.394,-0.0005572595,35.91,0,2.394,-0.0002420386,35.91,0
2.3949,-0.0001493858,35.9235,0,2.3949,-2.987716E-05,35.9235,0
2.3958,-0.0001087663,35.937,0,2.3958,0.0002504311,35.937,0
2.3967,-0.0002138399,35.9505,0,2.3967,0.0001886625,35.9505,0
2.3976,-7.888914E-05,35.964,0,2.3976,9.063859E-06,35.964,0
2.3985,3.726253E-05,35.9775,0,2.3985,0.000130251,35.9775,0
2.3994,3.692683E-05,35.991,0,2.3994,0.0001111162,35.991,0
2.4003,-3.927672E-05,36.0045,0,2.4003,-1.779202E-05,36.0045,0
2.4012,-1.309224E-05,36.018,0,2.4012,-2.685588E-05,36.018,0
2.4021,1.510643E-05,36.0315,0,2.4021,-1.074235E-05,36.0315,0
2.403,7.150377E-05,36.045,0,2.403,-5.136187E-05,36.045,0
2.4039,0.0003726253,36.0585,0,2.4039,-8.92958E-05,36.0585,0
2.4048,0.000601236,36.072,0,2.4048,-0.000203769,36.072,0
2.4057,0.0005367819,36.0855,0,2.4057,-0.0001863127,36.0855,0
2.4066,0.0002876936,36.099,0,2.4066,-0.0001742275,36.099,0
2.4075,-3.356985E-05,36.1125,0,2.4075,-0.0001248798,36.1125,0
2.4084,-0.0004474861,36.126,0,2.4084,-1.913481E-05,36.126,0
2.4093,-0.0005257038,36.1395,0,2.4093,0.000144686,36.1395,0
2.4102,-0.0003692683,36.153,0,2.4102,7.016098E-05,36.153,0
2.4111,-0.0002339818,36.1665,0,2.4111,-3.524834E-05,36.1665,0
2.412,-0.0002876936,36.18,0,2.412,2.484169E-05,36.18,0
2.4129,-0.0004058595,36.1935,0,2.4129,5.270466E-05,36.1935,0
2.4138,-0.0001816129,36.207,0,2.4138,-3.692683E-06,36.207,0
2.4147,-5.706874E-05,36.2205,0,2.4147,1.275654E-05,36.2205,0
2.4156,-5.438316E-05,36.234,0,2.4156,5.337606E-05,36.234,0
2.4165,2.920577E-05,36.2475,0,2.4165,6.74754E-05,36.2475,0
2.4174,-2.349889E-06,36.261,0,2.4174,9.399558E-06,36.261,0
2.4183,-5.136187E-05,36.2745,0,2.4183,-6.51255E-05,36.2745,0
2.4192,9.500267E-05,36.288,0,2.4192,-2.417029E-05,36.288,0
2.4201,0.0001144732,36.3015,0,2.4201,2.1149E-05,36.3015,0
2.421,0.0001104448,36.315,0,2.421,3.356985E-07,36.315,0
2.4219,0.0002131685,36.3285,0,2.4219,-7.452507E-05,36.3285,0
2.4228,0.0002047761,36.342,0,2.4228,-1.040665E-05,36.342,0
2.4237,0.0001715419,36.3555,0,2.4237,-7.821774E-05,36.3555,0
2.4246,0.0001816129,36.369,0,2.4246,-0.0001571069,36.369,0
2.4255,9.231708E-05,36.3825,0,2.4255,-5.572595E-05,36.3825,0
2.4264,6.713969E-06,36.396,0,2.4264,-4.33051E-05,36.396,0
2.4273,-6.948959E-05,36.4095,0,2.4273,-9.500267E-05,36.4095,0
2.4282,-0.0001346151,36.423,0,2.4282,-4.095522E-05,36.423,0
2.4291,-2.24918E-05,36.4365,0,2.4291,7.049668E-05,36.4365,0
2.43,5.337606E-05,36.45,0,2.43,9.231708E-05,36.45,0
2.4309,3.054856E-05,36.4635,0,2.4309,6.74754E-05,36.4635,0
2.4318,1.812772E-05,36.477,0,2.4318,-7.385367E-06,36.477,0
2.4327,4.39765E-05,36.4905,0,2.4327,-1.040665E-05,36.4905,0
2.4336,8.291753E-05,36.504,0,2.4336,-8.392462E-06,36.504,0
2.4345,8.96315E-05,36.5175,0,2.4345,-7.486076E-05,36.5175,0
2.4354,0.0001822843,36.531,0,2.4354,-0.00021149,36.531,0
2.4363,0.0002655375,36.5445,0,2.4363,-0.0002702373,36.5445,0
2.4372,0.0002306248,36.558,0,2.4372,-0.0003132067,36.558,0
2.4381,3.894102E-05,36.5715,0,2.4381,-0.0003487907,36.5715,0
2.439,-0.0002326391,36.585,0,2.439,-0.0001876554,36.585,0
2.4399,-0.0002413672,36.5985,0,2.4399,3.256275E-05,36.5985,0
2.4408,-0.0002128328,36.612,0,2.4408,0.0001534142,36.612,0
2.4417,-0.0001416648,36.6255,0,2.4417,0.0002413672,36.6255,0
2.4426,-1.342794E-06,36.639,0,2.4426,0.0001816129,36.639,0
2.4435,-1.611353E-05,36.6525,0,2.4435,0.0001554284,36.6525,0
2.4444,-7.989624E-05,36.666,0,2.4444,0.0002339818,36.666,0
2.4453,-6.478981E-05,36.6795,0,2.4453,0.000144686,36.6795,0
2.4462,-5.035477E-06,36.693,0,2.4462,0.0001957122,36.693,0
2.4471,-4.196231E-05,36.7065,0,2.4471,0.0002709087,36.7065,0
2.448,1.040665E-05,36.72,0,2.448,6.948959E-05,36.72,0
2.4489,5.203327E-05,36.7335,0,2.4489,-0.0002245823,36.7335,0
2.4498,2.853437E-05,36.747,0,2.4498,-0.000175906,36.747,0
2.4507,8.728161E-06,36.7605,0,2.4507,-0.0002104829,36.7605,0
2.4516,4.36408E-06,36.774,0,2.4516,-0.0003635614,36.774,0
2.4525,8.392462E-06,36.7875,0,2.4525,-0.0002507668,36.7875,0
2.4534,6.881819E-05,36.801,0,2.4534,-9.063859E-06,36.801,0
2.4543,7.217517E-05,36.8145,0,2.4543,1.745632E-05,36.8145,0
2.4552,-1.879912E-05,36.828,0,2.4552,7.586786E-05,36.828,0
2.4561,-1.678492E-06,36.8415,0,2.4561,0.0003071641,36.8415,0
2.457,-1.007095E-05,36.855,0,2.457,0.0005018692,36.855,0
2.4579,1.678492E-06,36.8685,0,2.4579,0.000327306,36.8685,0
2.4588,-9.164568E-05,36.882,0,2.4588,6.948959E-05,36.882,0
2.4597,-0.0001332723,36.8955,0,2.4597,2.450599E-05,36.8955,0
2.4606,-8.157473E-05,36.909,0,2.4606,1.376364E-05,36.909,0
2.4615,-0.000112459,36.9225,0,2.4615,-9.835965E-05,36.9225,0
2.4624,-0.0001030594,36.936,0,2.4624,-0.0001245441,36.936,0
2.4633,-4.129091E-05,36.9495,0,2.4633,-6.478981E-05,36.9495,0
2.4642,-6.378271E-06,36.963,0,2.4642,-0.0001171588,36.963,0
2.4651,-2.349889E-06,36.9765,0,2.4651,-0.000140322,36.9765,0
2.466,-1.107805E-05,36.99,0,2.466,-8.996719E-05,36.99,0
2.4669,-4.028382E-05,37.0035,0,2.4669,-0.000161471,37.0035,0
2.4678,-5.539025E-05,37.017,0,2.4678,-0.0002302892,37.017,0
2.4687,-8.728161E-06,37.0305,0,2.4687,-0.0001587854,37.0305,0
2.4696,0.0001322652,37.044,0,2.4696,-5.136187E-05,37.044,0
2.4705,0.0003326772,37.0575,0,2.4705,-1.376364E-05,37.0575,0
2.4714,0.0002890364,37.071,0,2.4714,-6.143282E-05,37.071,0
2.4723,0.0002145113,37.0845,0,2.4723,-0.0002030976,37.0845,0
2.4732,-8.291753E-05,37.098,0,2.4732,-0.000231632,37.098,0
2.4741,-0.0003370413,37.1115,0,2.4741,-0.000207126,37.1115,0
2.475,-0.0001104448,37.125,0,2.475,-0.0001681849,37.125,0
2.4759,0.0001252155,37.1385,0,2.4759,2.349889E-06,37.1385,0
2.4768,0.000144686,37.152,0,2.4768,0.0002853437,37.152,0
2.4777,-0.000267216,37.1655,0,2.4777,0.0003028,37.1655,0
2.4786,-0.0005545739,37.179,0,2.4786,0.000112459,37.179,0
2.4795,-0.0003481193,37.1925,0,2.4795,0.0001399863,37.1925,0
2.4804,-0.0002373388,37.206,0,2.4804,0.0001443503,37.206,0
2.4813,-0.0001399863,37.2195,0,2.4813,-1.611353E-05,37.2195,0
2.4822,-1.678492E-06,37.233,0,2.4822,-4.766919E-05,37.233,0
2.4831,0.0001228656,37.2465,0,2.4831,9.063859E-06,37.2465,0
2.484,0.0003702754,37.26,0,2.484,-3.021286E-06,37.26,0
2.4849,0.00033402,37.2735,0,2.4849,-1.846342E-05,37.2735,0
2.4858,6.210422E-05,37.287,0,2.4858,-7.553216E-05,37.287,0
2.4867,5.270466E-05,37.3005,0,2.4867,-1.644922E-05,37.3005,0
2.4876,2.1149E-05,37.314,0,2.4876,-1.208515E-05,37.314,0
2.4885,-0.0003387198,37.3275,0,2.4885,-9.030289E-05,37.3275,0
2.4894,-0.0001185016,37.341,0,2.4894,-0.0001279011,37.341,0
2.4903,9.164568E-05,37.3545,0,2.4903,-0.0001054093,37.3545,0
2.4912,5.001907E-05,37.368,0,2.4912,-0.0001426719,37.368,0
2.4921,0.0001607996,37.3815,0,2.4921,-0.0001497215,37.3815,0
2.493,0.000322942,37.395,0,2.493,-1.644922E-05,37.395,0
2.4939,0.0002299535,37.4085,0,2.4939,-1.510643E-05,37.4085,0
2.4948,8.392462E-05,37.422,0,2.4948,-0.0001248798,37.422,0
2.4957,-0.0001292439,37.4355,0,2.4957,-0.0001829557,37.4355,0
2.4966,-0.0003387198,37.449,0,2.4966,-0.0001101091,37.449,0
2.4975,-0.0001920195,37.4625,0,2.4975,-4.39765E-05,37.4625,0
2.4984,-0.0002185397,37.476,0,2.4984,9.030289E-05,37.476,0
2.4993,-0.0001685206,37.4895,0,2.4993,0.0001104448,37.4895,0
2.5002,-1.510643E-05,37.503,0,2.5002,0.0001947051,37.503,0
2.5011,-7.586786E-05,37.5165,0,2.5011,0.0001399863,37.5165,0
2.502,-2.719158E-05,37.53,0,2.502,2.517739E-05,37.53,0
2.5029,3.793393E-05,37.5435,0,2.5029,2.618448E-05,37.5435,0
2.5038,4.934768E-05,37.557,0,2.5038,9.936675E-05,37.557,0
2.5047,4.666209E-05,37.5705,0,2.5047,6.210422E-05,37.5705,0
2.5056,4.028382E-06,37.584,0,2.5056,-8.996719E-05,37.584,0
2.5065,4.901198E-05,37.5975,0,2.5065,-9.063859E-06,37.5975,0
2.5074,8.761731E-05,37.611,0,2.5074,3.524834E-05,37.611,0
2.5083,4.733349E-05,37.6245,0,2.5083,-2.417029E-05,37.6245,0
2.5092,4.196231E-05,37.638,0,2.5092,-2.752728E-05,37.638,0
2.5101,5.673304E-05,37.6515,0,2.5101,-1.846342E-05,37.6515,0
2.511,1.745632E-05,37.665,0,2.511,-1.846342E-05,37.665,0
2.5119,3.021286E-06,37.6785,0,2.5119,-3.524834E-05,37.6785,0
2.5128,-1.913481E-05,37.692,0,2.5128,-0.0001329366,37.692,0
2.5137,2.652018E-05,37.7055,0,2.5137,-7.418937E-05,37.7055,0
2.5146,6.076142E-05,37.719,0,2.5146,-3.121996E-05,37.719,0
2.5155,6.009003E-05,37.7325,0,2.5155,-4.934768E-05,37.7325,0
2.5164,5.270466E-05,37.746,0,2.5164,-5.941863E-05,37.746,0
2.5173,4.901198E-05,37.7595,0,2.5173,-4.599069E-05,37.7595,0
2.5182,6.042573E-05,37.773,0,2.5182,-5.639734E-05,37.773,0
2.5191,0.0002030976,37.7865,0,2.5191,-0.0001544213,37.7865,0
2.52,0.0001285725,37.8,0,2.52,-7.083238E-05,37.8,0
2.5209,3.189136E-05,37.8135,0,2.5209,3.759823E-05,37.8135,0
2.5218,-5.169757E-05,37.827,0,2.5218,-2.349889E-06,37.827,0
2.5227,-0.0002531167,37.8405,0,2.5227,5.841154E-05,37.8405,0
2.5236,-0.0002648661,37.854,0,2.5236,0.0001080949,37.854,0
2.5245,-6.881819E-05,37.8675,0,2.5245,2.1149E-05,37.8675,0
2.5254,-5.639734E-05,37.881,0,2.5254,-5.572595E-05,37.881,0
2.5263,-8.224613E-05,37.8945,0,2.5263,-0.0001802701,37.8945,0
2.5272,-1.544213E-05,37.908,0,2.5272,-0.0003098497,37.908,0
2.5281,5.035477E-06,37.9215,0,2.5281,-0.0002997787,37.9215,0
2.529,-8.090334E-05,37.935,0,2.529,-0.0003461051,37.935,0
2.5299,-4.934768E-05,37.9485,0,2.5299,-0.0002077974,37.9485,0
2.5308,3.021286E-06,37.962,0,2.5308,0.0001299153,37.962,0
2.5317,1.947051E-05,37.9755,0,2.5317,0.0003212634,37.9755,0
2.5326,5.740444E-05,37.989,0,2.5326,0.0004578927,37.989,0
2.5335,2.450599E-05,38.0025,0,2.5335,0.0004689708,38.0025,0
2.5344,-2.316319E-05,38.016,0,2.5344,0.0003565118,38.016,0
2.5353,-5.706874E-05,38.0295,0,2.5353,0.0001326009,38.0295,0
2.5362,4.36408E-06,38.043,0,2.5362,5.136187E-05,38.043,0
2.5371,3.021286E-06,38.0565,0,2.5371,5.236896E-05,38.0565,0
2.538,-1.174945E-05,38.07,0,2.538,-8.056763E-06,38.07,0
2.5389,3.323415E-05,38.0835,0,2.5389,-4.867628E-05,38.0835,0
2.5398,2.349889E-05,38.097,0,2.5398,-9.332418E-05,38.097,0
2.5407,1.678492E-06,38.1105,0,2.5407,-6.713969E-07,38.1105,0
2.5416,-3.692683E-06,38.124,0,2.5416,-1.745632E-05,38.124,0
2.5425,-4.766919E-05,38.1375,0,2.5425,-0.0001077592,38.1375,0
2.5434,-3.826963E-05,38.151,0,2.5434,-0.0001493858,38.151,0
2.5443,3.121996E-05,38.1645,0,2.5443,-8.795301E-05,38.1645,0
2.5452,5.706874E-05,38.178,0,2.5452,-0.000126894,38.178,0
2.5461,0.0002198825,38.1915,0,2.5461,-0.0001574426,38.1915,0
2.547,0.0005757229,38.205,0,2.547,-0.0001487144,38.205,0
2.5479,0.0006979171,38.2185,0,2.5479,-0.0002662089,38.2185,0
2.5488,0.0005448386,38.232,0,2.5488,-0.0003434196,38.232,0
2.5497,0.0001198444,38.2455,0,2.5497,-0.0001933623,38.2455,0
2.5506,-0.0005183184,38.259,0,2.5506,9.063859E-06,38.259,0
2.5515,-0.0009288777,38.2725,0,2.5515,0.0001607996,38.2725,0
2.5524,-0.0009057145,38.286,0,2.5524,0.0002574807,38.286,0
2.5533,-0.0005720302,38.2995,0,2.5533,0.0002333104,38.2995,0
2.5542,-0.0001174945,38.313,0,2.5542,0.0002010834,38.313,0
2.5551,6.143282E-05,38.3265,0,2.5551,9.970245E-05,38.3265,0
2.556,5.304036E-05,38.34,0,2.556,3.256275E-05,38.34,0
2.5569,-8.761731E-05,38.3535,0,2.5569,-2.18204E-05,38.3535,0
2.5578,-0.0001185016,38.367,0,2.5578,1.007095E-06,38.367,0
2.5587,-2.417029E-05,38.3805,0,2.5587,-1.745632E-05,38.3805,0
2.5596,3.189136E-05,38.394,0,2.5596,-9.701686E-05,38.394,0
2.5605,1.376364E-05,38.4075,0,2.5605,-2.047761E-05,38.4075,0
2.5614,3.927672E-05,38.421,0,2.5614,1.040665E-05,38.421,0
2.5623,8.560311E-05,38.4345,0,2.5623,-6.076142E-05,38.4345,0
2.5632,5.337606E-05,38.448,0,2.5632,-9.030289E-05,38.448,0
2.5641,5.874724E-05,38.4615,0,2.5641,-2.920577E-05,38.4615,0
2.565,-2.21561E-05,38.475,0,2.565,-6.210422E-05,38.475,0
2.5659,-2.920577E-05,38.4885,0,2.5659,-7.553216E-05,38.4885,0
2.5668,-1.947051E-05,38.502,0,2.5668,-0.0001218585,38.502,0
2.5677,1.947051E-05,38.5155,0,2.5677,-4.901198E-05,38.5155,0
2.5686,9.198138E-05,38.529,0,2.5686,-1.477073E-05,38.529,0
2.5695,0.0001232013,38.5425,0,2.5695,-9.399557E-05,38.5425,0
2.5704,0.0001990692,38.556,0,2.5704,-8.157473E-05,38.556,0
2.5713,0.0001010452,38.5695,0,2.5713,1.577783E-05,38.5695,0
2.5722,-2.1149E-05,38.583,0,2.5722,-2.618448E-05,38.583,0
2.5731,-2.21561E-05,38.5965,0,2.5731,-0.0001017166,38.5965,0
2.574,-2.081331E-05,38.61,0,2.574,-7.385367E-06,38.61,0
2.5749,-1.644922E-05,38.6235,0,2.5749,1.846342E-05,38.6235,0
2.5758,-1.107805E-05,38.637,0,2.5758,-6.478981E-05,38.637,0
2.5767,-2.618448E-05,38.6505,0,2.5767,-5.673304E-05,38.6505,0
2.5776,1.007095E-06,38.664,0,2.5776,-2.383459E-05,38.664,0
2.5785,9.063859E-06,38.6775,0,2.5785,-1.745632E-05,38.6775,0
2.5794,7.452507E-05,38.691,0,2.5794,-3.591974E-05,38.691,0
2.5803,7.553216E-05,38.7045,0,2.5803,-7.721065E-05,38.7045,0
2.5812,9.097429E-05,38.718,0,2.5812,-6.344701E-05,38.718,0
2.5821,8.123904E-05,38.7315,0,2.5821,-1.107805E-05,38.7315,0
2.583,3.457694E-05,38.745,0,2.583,-3.692683E-05,38.745,0
2.5839,5.438316E-05,38.7585,0,2.5839,-4.867628E-05,38.7585,0
2.5848,0.0002007477,38.772,0,2.5848,5.740444E-05,38.772,0
2.5857,0.000477699,38.7855,0,2.5857,4.43122E-05,38.7855,0
2.5866,0.0006317846,38.799,0,2.5866,-3.860533E-05,38.799,0
2.5875,0.0003299916,38.8125,0,2.5875,-0.0001782559,38.8125,0
2.5884,-8.426032E-05,38.826,0,2.5884,-0.0002477455,38.826,0
2.5893,-0.0005505455,38.8395,0,2.5893,-0.0002615091,38.8395,0
2.5902,-0.0009486839,38.853,0,2.5902,-0.0001232013,38.853,0
2.5911,-0.0006740825,38.8665,0,2.5911,5.639734E-05,38.8665,0
2.592,-0.0002554666,38.88,0,2.592,0.0002648661,38.88,0
2.5929,-0.0001426719,38.8935,0,2.5929,0.0004723278,38.8935,0
2.5938,-0.0001044022,38.907,0,2.5938,0.0003021286,38.907,0
2.5947,-1.275654E-05,38.9205,0,2.5947,0.0001349508,38.9205,0
2.5956,-5.270466E-05,38.934,0,2.5956,0.0001044022,38.934,0
2.5965,-8.795301E-05,38.9475,0,2.5965,1.846342E-05,38.9475,0
2.5974,-5.874724E-05,38.961,0,2.5974,-5.304036E-05,38.961,0
2.5983,-2.584878E-05,38.9745,0,2.5983,-5.371176E-06,38.9745,0
2.5992,1.846342E-05,38.988,0,2.5992,-9.735256E-06,38.988,0
2.6001,3.591974E-05,39.0015,0,2.6001,-7.888914E-05,39.0015,0
2.601,4.263371E-05,39.015,0,2.601,-9.735256E-06,39.015,0
2.6019,0.0001017166,39.0285,0,2.6019,1.007095E-06,39.0285,0
2.6028,9.231708E-05,39.042,0,2.6028,-7.553216E-05,39.042,0
2.6037,3.927672E-05,39.0555,0,2.6037,-8.627451E-05,39.0555,0
2.6046,4.39765E-05,39.069,0,2.6046,-4.061952E-05,39.069,0
2.6055,7.418937E-05,39.0825,0,2.6055,-5.539025E-05,39.0825,0
2.6064,5.069047E-05,39.096,0,2.6064,-7.016098E-05,39.096,0
2.6073,3.054856E-05,39.1095,0,2.6073,-8.795301E-05,39.1095,0
2.6082,5.337606E-05,39.123,0,2.6082,-4.36408E-05,39.123,0
2.6091,7.754635E-05,39.1365,0,2.6091,1.980621E-05,39.1365,0
2.61,7.553216E-05,39.15,0,2.61,-3.659113E-05,39.15,0
2.6109,6.378271E-05,39.1635,0,2.6109,-6.478981E-05,39.1635,0
2.6118,4.39765E-05,39.177,0,2.6118,-3.591974E-05,39.177,0
2.6127,1.040665E-05,39.1905,0,2.6127,-8.96315E-05,39.1905,0
2.6136,7.385367E-05,39.204,0,2.6136,-0.0002151827,39.204,0
2.6145,5.975433E-05,39.2175,0,2.6145,-0.0001567712,39.2175,0
2.6154,-4.33051E-05,39.231,0,2.6154,-0.0001493858,39.231,0
2.6163,-6.411841E-05,39.2445,0,2.6163,-0.0001101091,39.2445,0
2.6172,-1.376364E-05,39.258,0,2.6172,-8.392462E-06,39.258,0
2.6181,-1.544213E-05,39.2715,0,2.6181,9.634547E-05,39.2715,0
2.619,-1.577783E-05,39.285,0,2.619,0.0001930266,39.285,0
2.6199,3.356985E-07,39.2985,0,2.6199,0.000148043,39.2985,0
2.6208,-4.095522E-05,39.312,0,2.6208,1.577783E-05,39.312,0
2.6217,2.24918E-05,39.3255,0,2.6217,2.987716E-05,39.3255,0
2.6226,7.620356E-05,39.339,0,2.6226,6.915389E-05,39.339,0
2.6235,2.819867E-05,39.3525,0,2.6235,3.591974E-05,39.3525,0
2.6244,1.007095E-05,39.366,0,2.6244,-1.208515E-05,39.366,0
2.6253,-1.040665E-05,39.3795,0,2.6253,1.309224E-05,39.3795,0
2.6262,1.242084E-05,39.393,0,2.6262,-3.457694E-05,39.393,0
2.6271,1.174945E-05,39.4065,0,2.6271,-9.970245E-05,39.4065,0
2.628,1.040665E-05,39.42,0,2.628,7.049668E-06,39.42,0
2.6289,3.021286E-06,39.4335,0,2.6289,-1.913481E-05,39.4335,0
2.6298,-1.309224E-05,39.447,0,2.6298,-0.0001044022,39.447,0
2.6307,-3.390555E-05,39.4605,0,2.6307,-5.270466E-05,39.4605,0
2.6316,6.713969E-07,39.474,0,2.6316,-1.544213E-05,39.474,0
2.6325,2.1149E-05,39.4875,0,2.6325,-3.793393E-05,39.4875,0
2.6334,-2.618448E-05,39.501,0,2.6334,-4.39765E-05,39.501,0
2.6343,-3.424125E-05,39.5145,0,2.6343,-6.344701E-05,39.5145,0
2.6352,-5.035477E-06,39.528,0,2.6352,-1.309224E-05,39.528,0
2.6361,-0.0001060807,39.5415,0,2.6361,4.263371E-05,39.5415,0
2.637,-0.0001164874,39.555,0,2.637,-2.24918E-05,39.555,0
2.6379,-6.948959E-05,39.5685,0,2.6379,-4.968337E-05,39.5685,0
2.6388,6.378271E-06,39.582,0,2.6388,3.860533E-05,39.582,0
2.6397,4.33051E-05,39.5955,0,2.6397,2.685588E-06,39.5955,0
2.6406,6.411841E-05,39.609,0,2.6406,-6.982528E-05,39.609,0
2.6415,7.855344E-05,39.6225,0,2.6415,1.443504E-05,39.6225,0
2.6424,7.284657E-05,39.636,0,2.6424,0,39.636,0
2.6433,-3.189136E-05,39.6495,0,2.6433,-7.553216E-05,39.6495,0
2.6442,-6.74754E-05,39.663,0,2.6442,-5.404745E-05,39.663,0
2.6451,-5.874724E-05,39.6765,0,2.6451,-9.735256E-06,39.6765,0
2.646,-1.846342E-05,39.69,0,2.646,-3.256275E-05,39.69,0
2.6469,7.754635E-05,39.7035,0,2.6469,-2.987716E-05,39.7035,0
2.6478,-8.728161E-06,39.717,0,2.6478,-5.941863E-05,39.717,0
2.6487,-9.634547E-05,39.7305,0,2.6487,9.399558E-06,39.7305,0
2.6496,-0.0001715419,39.744,0,2.6496,3.356985E-05,39.744,0
2.6505,-0.0001409934,39.7575,0,2.6505,-3.692683E-06,39.7575,0
2.6514,-3.659113E-05,39.771,0,2.6514,-4.061952E-05,39.771,0
2.6523,5.941863E-05,39.7845,0,2.6523,4.599069E-05,39.7845,0
2.6532,2.28275E-05,39.798,0,2.6532,-8.392462E-06,39.798,0
2.6541,5.740444E-05,39.8115,0,2.6541,-5.941863E-05,39.8115,0
2.655,0.000109102,39.825,0,2.655,1.544213E-05,39.825,0
2.6559,5.304036E-05,39.8385,0,2.6559,-3.021286E-06,39.8385,0
2.6568,9.063859E-06,39.852,0,2.6568,-7.183947E-05,39.852,0
2.6577,-8.82887E-05,39.8655,0,2.6577,-1.510643E-05,39.8655,0
2.6586,-0.0002104829,39.879,0,2.6586,1.510643E-05,39.879,0
2.6595,-0.0001910124,39.8925,0,2.6595,8.728161E-06,39.8925,0
2.6604,-4.196231E-05,39.906,0,2.6604,3.927672E-05,39.906,0
2.6613,1.678492E-06,39.9195,0,2.6613,-2.920577E-05,39.9195,0
2.6622,6.6804E-05,39.933,0,2.6622,4.229801E-05,39.933,0
2.6631,0.0001661708,39.9465,0,2.6631,3.189136E-05,39.9465,0
2.664,8.358892E-05,39.96,0,2.664,-3.591974E-05,39.96,0
2.6649,3.659113E-05,39.9735,0,2.6649,-5.270466E-05,39.9735,0
2.6658,3.189136E-05,39.987,0,2.6658,1.007095E-06,39.987,0
2.6667,1.040665E-05,40.0005,0,2.6667,0,40.0005,0
2.6676,-7.788205E-05,40.014,0,2.6676,-8.69459E-05,40.014,0
2.6685,-0.0001507286,40.0275,0,2.6685,-3.524834E-05,40.0275,0
2.6694,-7.821774E-05,40.041,0,2.6694,2.887007E-05,40.041,0
2.6703,4.229801E-05,40.0545,0,2.6703,-1.577783E-05,40.0545,0
2.6712,4.46479E-05,40.068,0,2.6712,-1.644922E-05,40.068,0
2.6721,-5.673304E-05,40.0815,0,2.6721,4.599069E-05,40.0815,0
2.673,-7.351797E-05,40.095,0,2.673,-1.913481E-05,40.095,0
2.6739,6.378271E-06,40.1085,0,2.6739,-4.800488E-05,40.1085,0
2.6748,2.349889E-06,40.122,0,2.6748,-0.000126894,40.122,0
2.6757,2.786297E-05,40.1355,0,2.6757,-0.0001574426,40.1355,0
2.6766,0.0001003738,40.149,0,2.6766,-0.0001769131,40.149,0
2.6775,0.0001013809,40.1625,0,2.6775,-0.000185977,40.1625,0
2.6784,-0.0001007095,40.176,0,2.6784,-0.0001077592,40.176,0
2.6793,-0.0001037308,40.1895,0,2.6793,6.982528E-05,40.1895,0
2.6802,-9.097429E-05,40.203,0,2.6802,7.150377E-05,40.203,0
2.6811,-0.0001017166,40.2165,0,2.6811,-8.392462E-05,40.2165,0
2.682,-0.0001104448,40.23,0,2.682,-5.841154E-05,40.23,0
2.6829,-5.639734E-05,40.2435,0,2.6829,2.1149E-05,40.2435,0
2.6838,-9.433127E-05,40.257,0,2.6838,-2.047761E-05,40.257,0
2.6847,5.035477E-06,40.2705,0,2.6847,0.0001030594,40.2705,0
2.6856,3.524834E-05,40.284,0,2.6856,0.0002601663,40.284,0
2.6865,-4.666209E-05,40.2975,0,2.6865,0.0001668421,40.2975,0
2.6874,3.021286E-06,40.311,0,2.6874,0.000126894,40.311,0
2.6883,1.577783E-05,40.3245,0,2.6883,3.994812E-05,40.3245,0
2.6892,3.189136E-05,40.338,0,2.6892,-3.021286E-06,40.338,0
2.6901,3.189136E-05,40.3515,0,2.6901,-7.553216E-05,40.3515,0
2.691,2.920577E-05,40.365,0,2.691,-0.0002289464,40.365,0
2.6919,5.337606E-05,40.3785,0,2.6919,-0.0002635233,40.3785,0
2.6928,4.733349E-05,40.392,0,2.6928,-6.009003E-05,40.392,0
2.6937,3.726253E-05,40.4055,0,2.6937,2.081331E-05,40.4055,0
2.6946,3.323415E-05,40.419,0,2.6946,2.081331E-05,40.419,0
2.6955,3.558404E-05,40.4325,0,2.6955,0.0002279393,40.4325,0
2.6964,0.0001218585,40.446,0,2.6964,0.0002695659,40.446,0
2.6973,6.143282E-05,40.4595,0,2.6973,6.915389E-05,40.4595,0
2.6982,-1.745632E-05,40.473,0,2.6982,1.980621E-05,40.473,0
2.6991,2.618448E-05,40.4865,0,2.6991,3.457694E-05,40.4865,0
2.7,1.980621E-05,40.5,0,2.7,-1.678492E-06,40.5,0
2.7009,1.007095E-05,40.5135,0,2.7009,-3.558404E-05,40.5135,0
2.7018,9.735256E-06,40.527,0,2.7018,-7.385367E-05,40.527,0
2.7027,5.673304E-05,40.5405,0,2.7027,-1.107805E-05,40.5405,0
2.7036,4.632639E-05,40.554,0,2.7036,-3.659113E-05,40.554,0
2.7045,2.484169E-05,40.5675,0,2.7045,-8.627451E-05,40.5675,0
2.7054,7.452507E-05,40.581,0,2.7054,-8.123904E-05,40.581,0
2.7063,1.644922E-05,40.5945,0,2.7063,-1.678492E-05,40.5945,0
2.7072,1.107805E-05,40.608,0,2.7072,-3.323415E-05,40.608,0
2.7081,2.652018E-05,40.6215,0,2.7081,-9.365987E-05,40.6215,0
2.709,-5.706874E-06,40.635,0,2.709,-6.277562E-05,40.635,0
2.7099,-2.047761E-05,40.6485,0,2.7099,-6.076142E-05,40.6485,0
2.7108,-2.652018E-05,40.662,0,2.7108,-9.567407E-05,40.662,0
2.7117,-1.107805E-05,40.6755,0,2.7117,-5.438316E-05,40.6755,0
2.7126,-3.524834E-05,40.689,0,2.7126,-2.014191E-05,40.689,0
2.7135,-3.894102E-05,40.7025,0,2.7135,-5.606165E-05,40.7025,0
2.7144,-5.404745E-05,40.716,0,2.7144,-6.009003E-05,40.716,0
2.7153,-2.954147E-05,40.7295,0,2.7153,-9.869535E-05,40.7295,0
2.7162,6.378271E-06,40.743,0,2.7162,-6.277562E-05,40.743,0
2.7171,0,40.7565,0,2.7171,-4.666209E-05,40.7565,0
2.718,-7.049668E-06,40.77,0,2.718,-6.344701E-05,40.77,0
2.7189,2.21561E-05,40.7835,0,2.7189,-9.164568E-05,40.7835,0
2.7198,0.0001896696,40.797,0,2.7198,-2.349889E-06,40.797,0
2.7207,0.0001997406,40.8105,0,2.7207,-2.954147E-05,40.8105,0
2.7216,5.807584E-05,40.824,0,2.7216,-0.0001104448,40.824,0
2.7225,-8.392462E-06,40.8375,0,2.7225,-2.652018E-05,40.8375,0
2.7234,-0.0001628138,40.851,0,2.7234,-3.021286E-06,40.851,0
2.7243,-0.0002843366,40.8645,0,2.7243,-3.793393E-05,40.8645,0
2.7252,-0.0002141756,40.878,0,2.7252,-1.376364E-05,40.878,0
2.7261,-0.0002554666,40.8915,0,2.7261,3.189136E-05,40.8915,0
2.727,-0.0001312581,40.905,0,2.727,2.719158E-05,40.905,0
2.7279,-8.795301E-05,40.9185,0,2.7279,7.049668E-06,40.9185,0
2.7288,-8.761731E-05,40.932,0,2.7288,-2.618448E-05,40.932,0
2.7297,-4.46479E-05,40.9455,0,2.7297,3.021286E-05,40.9455,0
2.7306,-5.001907E-05,40.959,0,2.7306,5.438316E-05,40.959,0
2.7315,-2.349889E-05,40.9725,0,2.7315,1.040665E-05,40.9725,0
2.7324,-3.021286E-06,40.986,0,2.7324,-2.316319E-05,40.986,0
2.7333,1.007095E-06,40.9995,0,2.7333,3.289845E-05,40.9995,0
2.7342,3.121996E-05,41.013,0,2.7342,2.21561E-05,41.013,0
2.7351,5.069047E-05,41.0265,0,2.7351,-5.807584E-05,41.0265,0
2.736,9.466698E-05,41.04,0,2.736,3.256275E-05,41.04,0
2.7369,0.000203769,41.0535,0,2.7369,1.141375E-05,41.0535,0
2.7378,0.0002064546,41.067,0,2.7378,-7.049668E-05,41.067,0
2.7387,0.0001795987,41.0805,0,2.7387,-2.014191E-05,41.0805,0
2.7396,0.0001050736,41.094,0,2.7396,2.24918E-05,41.094,0
2.7405,4.39765E-05,41.1075,0,2.7405,-1.242084E-05,41.1075,0
2.7414,-0.0001238727,41.121,0,2.7414,-3.390555E-05,41.121,0
2.7423,-0.0001900053,41.1345,0,2.7423,-7.418937E-05,41.1345,0
2.7432,-1.242084E-05,41.148,0,2.7432,-2.1149E-05,41.148,0
2.7441,-5.136187E-05,41.1615,0,2.7441,3.323415E-05,41.1615,0
2.745,-0.0001856413,41.175,0,2.745,-2.652018E-05,41.175,0
2.7459,-0.0002081331,41.1885,0,2.7459,-5.606165E-05,41.1885,0
2.7468,-0.0001822843,41.202,0,2.7468,1.577783E-05,41.202,0
2.7477,3.289845E-05,41.2155,0,2.7477,-1.174945E-05,41.2155,0
2.7486,0.0001037308,41.229,0,2.7486,-9.735256E-05,41.229,0
2.7495,-4.229801E-05,41.2425,0,2.7495,-2.450599E-05,41.2425,0
2.7504,-8.661021E-05,41.256,0,2.7504,-3.054856E-05,41.256,0
2.7513,-7.888914E-05,41.2695,0,2.7513,-9.500267E-05,41.2695,0
2.7522,5.706874E-06,41.283,0,2.7522,-5.505455E-05,41.283,0
2.7531,1.879912E-05,41.2965,0,2.7531,3.591974E-05,41.2965,0
2.754,2.1149E-05,41.31,0,2.754,3.793393E-05,41.31,0
2.7549,9.735256E-06,41.3235,0,2.7549,1.174945E-05,41.3235,0
2.7558,-3.457694E-05,41.337,0,2.7558,-4.196231E-05,41.337,0
2.7567,3.591974E-05,41.3505,0,2.7567,2.349889E-06,41.3505,0
2.7576,8.358892E-05,41.364,0,2.7576,1.980621E-05,41.364,0
2.7585,3.054856E-05,41.3775,0,2.7585,-2.719158E-05,41.3775,0
2.7594,6.243992E-05,41.391,0,2.7594,-6.042573E-05,41.391,0
2.7603,9.231708E-05,41.4045,0,2.7603,-3.424125E-05,41.4045,0
2.7612,9.030289E-05,41.418,0,2.7612,-7.754635E-05,41.418,0
2.7621,0.0001326009,41.4315,0,2.7621,-0.0001430075,41.4315,0
2.763,8.82887E-05,41.445,0,2.763,-3.021286E-05,41.445,0
2.7639,0.0001097734,41.4585,0,2.7639,-1.174945E-05,41.4585,0
2.7648,4.800488E-05,41.472,0,2.7648,-8.761731E-05,41.472,0
2.7657,-4.33051E-05,41.4855,0,2.7657,-0.0001265583,41.4855,0
2.7666,-4.800488E-05,41.499,0,2.7666,-0.0001688563,41.499,0
2.7675,-6.076142E-05,41.5125,0,2.7675,-0.0001930266,41.5125,0
2.7684,-0.0001215228,41.526,0,2.7684,-0.0001618067,41.526,0
2.7693,-0.0001319295,41.5395,0,2.7693,-7.519646E-05,41.5395,0
2.7702,-8.493171E-05,41.553,0,2.7702,0.0002225681,41.553,0
2.7711,-4.263371E-05,41.5665,0,2.7711,0.0004025025,41.5665,0
2.772,-4.53193E-05,41.58,0,2.772,0.0002531167,41.58,0
2.7729,-7.351797E-05,41.5935,0,2.7729,9.231708E-05,41.5935,0
2.7738,-8.392462E-05,41.607,0,2.7738,0.0001500572,41.607,0
2.7747,-1.644922E-05,41.6205,0,2.7747,7.486076E-05,41.6205,0
2.7756,8.728161E-06,41.634,0,2.7756,-5.673304E-05,41.634,0
2.7765,-2.719158E-05,41.6475,0,2.7765,-1.812772E-05,41.6475,0
2.7774,2.719158E-05,41.661,0,2.7774,-5.001907E-05,41.661,0
2.7783,9.030289E-05,41.6745,0,2.7783,-0.0002507668,41.6745,0
2.7792,0.0001232013,41.688,0,2.7792,-0.0003303273,41.688,0
2.7801,0.0001326009,41.7015,0,2.7801,-0.0001973907,41.7015,0
2.781,7.788205E-05,41.715,0,2.781,-0.000148043,41.715,0
2.7819,-3.256275E-05,41.7285,0,2.7819,-7.788205E-05,41.7285,0
2.7828,-6.881819E-05,41.742,0,2.7828,0.0001309224,41.742,0
2.7837,-6.814679E-05,41.7555,0,2.7837,0.0002776226,41.7555,0
2.7846,-9.433127E-05,41.769,0,2.7846,0.0002662089,41.769,0
2.7855,-6.176852E-05,41.7825,0,2.7855,0.0002118257,41.7825,0
2.7864,-3.625543E-05,41.796,0,2.7864,0.000200412,41.796,0
2.7873,-5.270466E-05,41.8095,0,2.7873,0.000249424,41.8095,0
2.7882,-5.740444E-05,41.823,0,2.7882,0.0001121233,41.823,0
2.7891,-2.786297E-05,41.8365,0,2.7891,-3.726253E-05,41.8365,0
2.79,3.054856E-05,41.85,0,2.79,3.054856E-05,41.85,0
2.7909,7.855344E-05,41.8635,0,2.7909,0,41.8635,0
2.7918,4.599069E-05,41.877,0,2.7918,-7.553216E-05,41.877,0
2.7927,3.289845E-05,41.8905,0,2.7927,-7.687495E-05,41.8905,0
2.7936,4.53193E-05,41.904,0,2.7936,-2.081331E-05,41.904,0
2.7945,4.263371E-05,41.9175,0,2.7945,-3.591974E-05,41.9175,0
2.7954,1.846342E-05,41.931,0,2.7954,-7.553216E-05,41.931,0
2.7963,-4.36408E-06,41.9445,0,2.7963,-0.0001121233,41.9445,0
2.7972,1.275654E-05,41.958,0,2.7972,-9.768826E-05,41.958,0
2.7981,1.510643E-05,41.9715,0,2.7981,-7.217517E-05,41.9715,0
2.799,1.040665E-05,41.985,0,2.799,-0.0001030594,41.985,0
2.7999,-4.36408E-06,41.9985,0,2.7999,-0.0001651637,41.9985,0
2.8008,-4.699779E-06,42.012,0,2.8008,-7.721065E-05,42.012,0
2.8017,-3.692683E-06,42.0255,0,2.8017,-5.404745E-05,42.0255,0
2.8026,-1.947051E-05,42.039,0,2.8026,-0.0001121233,42.039,0
2.8035,-4.36408E-06,42.0525,0,2.8035,-1.376364E-05,42.0525,0
2.8044,3.860533E-05,42.066,0,2.8044,-2.047761E-05,42.066,0
2.8053,7.217517E-05,42.0795,0,2.8053,-0.0001111162,42.0795,0
2.8062,5.471885E-05,42.093,0,2.8062,-5.874724E-05,42.093,0
2.8071,5.001907E-05,42.1065,0,2.8071,-2.618448E-05,42.1065,0
2.808,6.713969E-06,42.12,0,2.808,-2.584878E-05,42.12,0
2.8089,-8.358892E-05,42.1335,0,2.8089,-7.687495E-05,42.1335,0
2.8098,-3.323415E-05,42.147,0,2.8098,-9.835965E-05,42.147,0
2.8107,4.263371E-05,42.1605,0,2.8107,-2.752728E-05,42.1605,0
2.8116,-6.881819E-05,42.174,0,2.8116,-1.409934E-05,42.174,0
2.8125,-0.0002675517,42.1875,0,2.8125,-3.894102E-05,42.1875,0
2.8134,-6.478981E-05,42.201,0,2.8134,-5.136187E-05,42.201,0
2.8143,7.418937E-05,42.2145,0,2.8143,2.853437E-05,42.2145,0
2.8152,-0.0001228656,42.228,0,2.8152,-1.443504E-05,42.228,0
2.8161,-0.0001376364,42.2415,0,2.8161,-7.687495E-05,42.2415,0
2.817,-7.553216E-05,42.255,0,2.817,5.035477E-06,42.255,0
2.8179,-0.000115816,42.2685,0,2.8179,3.860533E-05,42.2685,0
2.8188,-0.0001084306,42.282,0,2.8188,-3.659113E-05,42.282,0
2.8197,3.021286E-06,42.2955,0,2.8197,-2.450599E-05,42.2955,0
2.8206,1.007095E-06,42.309,0,2.8206,2.987716E-05,42.309,0
2.8215,2.685588E-06,42.3225,0,2.8215,-3.021286E-06,42.3225,0
2.8224,2.1149E-05,42.336,0,2.8224,-1.678492E-05,42.336,0
2.8233,8.392462E-06,42.3495,0,2.8233,-5.908293E-05,42.3495,0
2.8242,4.934768E-05,42.363,0,2.8242,-3.021286E-06,42.363,0
2.8251,-1.174945E-05,42.3765,0,2.8251,2.517739E-05,42.3765,0
2.826,-6.6804E-05,42.39,0,2.826,-2.383459E-05,42.39,0
2.8269,4.666209E-05,42.4035,0,2.8269,-6.076142E-05,42.4035,0
2.8278,8.82887E-05,42.417,0,2.8278,2.1149E-05,42.417,0
2.8287,2.047761E-05,42.4305,0,2.8287,-1.443504E-05,42.4305,0
2.8296,1.174945E-05,42.444,0,2.8296,-8.996719E-05,42.444,0
2.8305,3.457694E-05,42.4575,0,2.8305,1.510643E-05,42.4575,0
2.8314,6.814679E-05,42.471,0,2.8314,4.934768E-05,42.471,0
2.8323,-2.383459E-05,42.4845,0,2.8323,-1.275654E-05,42.4845,0
2.8332,-0.0001168231,42.498,0,2.8332,-3.155566E-05,42.498,0
2.8341,-4.43122E-05,42.5115,0,2.8341,2.383459E-05,42.5115,0
2.835,-2.618448E-05,42.525,0,2.835,1.376364E-05,42.525,0
2.8359,-1.107805E-05,42.5385,0,2.8359,-8.728161E-06,42.5385,0
2.8368,-2.014191E-06,42.552,0,2.8368,-3.961242E-05,42.552,0
2.8377,1.947051E-05,42.5655,0,2.8377,7.721065E-06,42.5655,0
2.8386,1.141375E-05,42.579,0,2.8386,2.081331E-05,42.579,0
2.8395,1.174945E-05,42.5925,0,2.8395,-3.121996E-05,42.5925,0
2.8404,6.713969E-07,42.606,0,2.8404,-5.740444E-05,42.606,0
2.8413,1.409934E-05,42.6195,0,2.8413,-1.678492E-06,42.6195,0
2.8422,3.189136E-05,42.633,0,2.8422,-1.174945E-05,42.633,0
2.8431,1.812772E-05,42.6465,0,2.8431,-7.183947E-05,42.6465,0
2.844,5.606165E-05,42.66,0,2.844,3.088426E-05,42.66,0
2.8449,6.57969E-05,42.6735,0,2.8449,3.323415E-05,42.6735,0
2.8458,-9.399558E-06,42.687,0,2.8458,-5.270466E-05,42.687,0
2.8467,8.661021E-05,42.7005,0,2.8467,-1.007095E-06,42.7005,0
2.8476,9.768826E-05,42.714,0,2.8476,3.323415E-05,42.714,0
2.8485,5.035477E-05,42.7275,0,2.8485,-1.174945E-05,42.7275,0
2.8494,-9.063859E-06,42.741,0,2.8494,-2.618448E-05,42.741,0
2.8503,4.36408E-06,42.7545,0,2.8503,-6.948959E-05,42.7545,0
2.8512,2.21561E-05,42.768,0,2.8512,-3.256275E-05,42.768,0
2.8521,-6.74754E-05,42.7815,0,2.8521,-1.913481E-05,42.7815,0
2.853,-6.54612E-05,42.795,0,2.853,-7.284657E-05,42.795,0
2.8539,-2.349889E-05,42.8085,0,2.8539,-5.841154E-05,42.8085,0
2.8548,-4.43122E-05,42.822,0,2.8548,2.383459E-05,42.822,0
2.8557,-3.994812E-05,42.8355,0,2.8557,-6.713969E-07,42.8355,0
2.8566,-1.477073E-05,42.849,0,2.8566,-8.023193E-05,42.849,0
2.8575,-2.18204E-05,42.8625,0,2.8575,1.275654E-05,42.8625,0
2.8584,-4.36408E-06,42.876,0,2.8584,3.591974E-05,42.876,0
2.8593,-3.591974E-05,42.8895,0,2.8593,-5.975433E-05,42.8895,0
2.8602,-1.007095E-06,42.903,0,2.8602,-7.049668E-05,42.903,0
2.8611,-3.323415E-05,42.9165,0,2.8611,3.692683E-06,42.9165,0
2.862,-2.752728E-05,42.93,0,2.862,-7.049668E-06,42.93,0
2.8629,-1.309224E-05,42.9435,0,2.8629,-1.712062E-05,42.9435,0
2.8638,-2.1149E-05,42.957,0,2.8638,-4.095522E-05,42.957,0
2.8647,1.342794E-06,42.9705,0,2.8647,6.378271E-06,42.9705,0
2.8656,3.994812E-05,42.984,0,2.8656,3.021286E-05,42.984,0
2.8665,3.558404E-05,42.9975,0,2.8665,8.056763E-06,42.9975,0
2.8674,1.443504E-05,43.011,0,2.8674,-2.24918E-05,43.011,0
2.8683,2.383459E-05,43.0245,0,2.8683,9.735256E-06,43.0245,0
2.8692,3.692683E-06,43.038,0,2.8692,-0.0001047379,43.038,0
2.8701,1.980621E-05,43.0515,0,2.8701,-0.0002128328,43.0515,0
2.871,2.1149E-05,43.065,0,2.871,-0.0001211871,43.065,0
2.8719,4.36408E-06,43.0785,0,2.8719,-9.365987E-05,43.0785,0
2.8728,-6.74754E-05,43.092,0,2.8728,-0.0001144732,43.092,0
2.8737,-7.217517E-05,43.1055,0,2.8737,-6.6804E-05,43.1055,0
2.8746,-7.888914E-05,43.119,0,2.8746,8.493171E-05,43.119,0
2.8755,-8.69459E-05,43.1325,0,2.8755,0.0001493858,43.1325,0
2.8764,-6.74754E-05,43.146,0,2.8764,0.0001527428,43.146,0
2.8773,-3.189136E-05,43.1595,0,2.8773,7.486076E-05,43.1595,0
2.8782,-6.378271E-06,43.173,0,2.8782,0.0001205158,43.173,0
2.8791,-4.36408E-06,43.1865,0,2.8791,0.0001554284,43.1865,0
2.88,-3.121996E-05,43.2,0,2.88,5.069047E-05,43.2,0
2.8809,-2.349889E-05,43.2135,0,2.8809,-8.392462E-06,43.2135,0
2.8818,-1.376364E-05,43.227,0,2.8818,6.51255E-05,43.227,0
2.8827,1.443504E-05,43.2405,0,2.8827,2.652018E-05,43.2405,0
2.8836,-1.242084E-05,43.254,0,2.8836,-8.69459E-05,43.254,0
2.8845,-1.040665E-05,43.2675,0,2.8845,-9.063859E-06,43.2675,0
2.8854,5.337606E-05,43.281,0,2.8854,-3.356985E-07,43.281,0
2.8863,4.934768E-05,43.2945,0,2.8863,-7.284657E-05,43.2945,0
2.8872,-3.692683E-06,43.308,0,2.8872,-1.644922E-05,43.308,0
2.8881,4.028382E-06,43.3215,0,2.8881,4.46479E-05,43.3215,0
2.889,2.349889E-05,43.335,0,2.889,0,43.335,0
2.8899,-7.385367E-06,43.3485,0,2.8899,-4.263371E-05,43.3485,0
2.8908,-6.378271E-06,43.362,0,2.8908,-9.164568E-05,43.362,0
2.8917,8.392462E-06,43.3755,0,2.8917,-2.920577E-05,43.3755,0
2.8926,-6.61326E-05,43.389,0,2.8926,-1.644922E-05,43.389,0
2.8935,-7.284657E-05,43.4025,0,2.8935,-7.687495E-05,43.4025,0
2.8944,-3.054856E-05,43.416,0,2.8944,-8.72816E-05,43.416,0
2.8953,-3.289845E-05,43.4295,0,2.8953,-1.409934E-05,43.4295,0
2.8962,-7.385367E-05,43.443,0,2.8962,-4.39765E-05,43.443,0
2.8971,-2.853437E-05,43.4565,0,2.8971,-9.802396E-05,43.4565,0
2.898,1.577783E-05,43.47,0,2.898,2.349889E-06,43.47,0
2.8989,1.040665E-05,43.4835,0,2.8989,3.356985E-07,43.4835,0
2.8998,-4.36408E-06,43.497,0,2.8998,-5.673304E-05,43.497,0
2.9007,-4.162661E-05,43.5105,0,2.9007,-7.586786E-05,43.5105,0
2.9016,-1.443504E-05,43.524,0,2.9016,-1.544213E-05,43.524,0
2.9025,2.954147E-05,43.5375,0,2.9025,-1.577783E-05,43.5375,0
2.9034,3.189136E-05,43.551,0,2.9034,-1.342794E-06,43.551,0
2.9043,-3.021286E-06,43.5645,0,2.9043,-5.337606E-05,43.5645,0
2.9052,2.517739E-05,43.578,0,2.9052,-1.846342E-05,43.578,0
2.9061,6.814679E-05,43.5915,0,2.9061,-3.256275E-05,43.5915,0
2.907,5.539025E-05,43.605,0,2.907,-6.109713E-05,43.605,0
2.9079,2.987716E-05,43.6185,0,2.9079,-8.560311E-05,43.6185,0
2.9088,6.143282E-05,43.632,0,2.9088,-8.056763E-06,43.632,0
2.9097,5.001907E-05,43.6455,0,2.9097,-1.980621E-05,43.6455,0
2.9106,3.692683E-05,43.659,0,2.9106,-0.0001010452,43.659,0
2.9115,4.162661E-05,43.6725,0,2.9115,-1.342794E-06,43.6725,0
2.9124,-8.392462E-06,43.686,0,2.9124,2.047761E-05,43.686,0
2.9133,-9.600977E-05,43.6995,0,2.9133,-4.934768E-05,43.6995,0
2.9142,-4.49836E-05,43.713,0,2.9142,-6.378271E-06,43.713,0
2.9151,-8.358892E-05,43.7265,0,2.9151,3.256275E-05,43.7265,0
2.916,-0.0001524071,43.74,0,2.916,1.477073E-05,43.74,0
2.9169,-0.0001399863,43.7535,0,2.9169,-1.107805E-05,43.7535,0
2.9178,-0.0001117876,43.767,0,2.9178,-4.028382E-05,43.767,0
2.9187,-0.000136965,43.7805,0,2.9187,-6.713969E-07,43.7805,0
2.9196,-0.0001373007,43.794,0,2.9196,1.577783E-05,43.794,0
2.9205,-1.376364E-05,43.8075,0,2.9205,-2.685588E-06,43.8075,0
2.9214,6.076142E-05,43.821,0,2.9214,-1.913481E-05,43.821,0
2.9223,0.0001178302,43.8345,0,2.9223,1.644922E-05,43.8345,0
2.9232,0.0001661708,43.848,0,2.9232,-2.719158E-05,43.848,0
2.9241,0.0001795987,43.8615,0,2.9241,-5.337606E-05,43.8615,0
2.925,0.0001460288,43.875,0,2.925,2.819867E-05,43.875,0
2.9259,0.0001587854,43.8885,0,2.9259,3.692683E-06,43.8885,0
2.9268,0.000109102,43.902,0,2.9268,-6.881819E-05,43.902,0
2.9277,5.304036E-05,43.9155,0,2.9277,-3.323415E-05,43.9155,0
2.9286,5.841154E-05,43.929,0,2.9286,-3.860533E-05,43.929,0
2.9295,5.774014E-05,43.9425,0,2.9295,-8.89601E-05,43.9425,0
2.9304,-3.591974E-05,43.956,0,2.9304,-7.049668E-05,43.956,0
2.9313,-0.0001077592,43.9695,0,2.9313,-8.224613E-05,43.9695,0
2.9322,-9.533837E-05,43.983,0,2.9322,-1.779202E-05,43.983,0
2.9331,-0.0001138018,43.9965,0,2.9331,2.853437E-05,43.9965,0
2.934,-0.0001144732,44.01,0,2.934,-1.913481E-05,44.01,0
2.9349,-8.89601E-05,44.0235,0,2.9349,-4.733349E-05,44.0235,0
2.9358,-7.721065E-05,44.037,0,2.9358,3.994812E-05,44.037,0
2.9367,-4.901198E-05,44.0505,0,2.9367,7.721065E-06,44.0505,0
2.9376,1.107805E-05,44.064,0,2.9376,-4.901198E-05,44.064,0
2.9385,1.309224E-05,44.0775,0,2.9385,5.001907E-05,44.0775,0
2.9394,-2.383459E-05,44.091,0,2.9394,3.826963E-05,44.091,0
2.9403,-7.687495E-05,44.1045,0,2.9403,-2.652018E-05,44.1045,0
2.9412,-8.224613E-05,44.118,0,2.9412,3.692683E-06,44.118,0
2.9421,-4.867628E-05,44.1315,0,2.9421,4.33051E-05,44.1315,0
2.943,-4.46479E-05,44.145,0,2.943,1.712062E-05,44.145,0
2.9439,0,44.1585,0,2.9439,-2.316319E-05,44.1585,0
2.9448,3.054856E-05,44.172,0,2.9448,-0.0001040665,44.172,0
2.9457,9.903105E-05,44.1855,0,2.9457,-3.054856E-05,44.1855,0
2.9466,0.0001319295,44.199,0,2.9466,1.443504E-05,44.199,0
2.9475,5.001907E-05,44.2125,0,2.9475,-5.035477E-06,44.2125,0
2.9484,2.1149E-05,44.226,0,2.9484,-2.853437E-05,44.226,0
2.9493,2.517739E-05,44.2395,0,2.9493,4.46479E-05,44.2395,0
2.9502,1.040665E-05,44.253,0,2.9502,4.095522E-05,44.253,0
2.9511,-4.33051E-05,44.2665,0,2.9511,-3.793393E-05,44.2665,0
2.952,-1.745632E-05,44.28,0,2.952,2.450599E-05,44.28,0
2.9529,5.874724E-05,44.2935,0,2.9529,3.356985E-07,44.2935,0
2.9538,1.309224E-05,44.307,0,2.9538,-6.915389E-05,44.307,0
2.9547,-2.014191E-06,44.3205,0,2.9547,-4.36408E-05,44.3205,0
2.9556,3.323415E-05,44.334,0,2.9556,-6.378271E-06,44.334,0
2.9565,2.349889E-05,44.3475,0,2.9565,-4.129091E-05,44.3475,0
2.9574,2.383459E-05,44.361,0,2.9574,-8.023193E-05,44.361,0
2.9583,3.591974E-05,44.3745,0,2.9583,-0.000112459,44.3745,0
2.9592,2.551309E-05,44.388,0,2.9592,-4.800488E-05,44.388,0
2.9601,-9.030289E-05,44.4015,0,2.9601,1.678492E-06,44.4015,0
2.961,-9.030289E-05,44.415,0,2.961,-3.726253E-05,44.415,0
2.9619,-4.733349E-05,44.4285,0,2.9619,-5.404745E-05,44.4285,0
2.9628,-3.726253E-05,44.442,0,2.9628,5.505455E-05,44.442,0
2.9637,-5.941863E-05,44.4555,0,2.9637,3.390555E-05,44.4555,0
2.9646,-2.887007E-05,44.469,0,2.9646,-6.948959E-05,44.469,0
2.9655,6.042573E-06,44.4825,0,2.9655,1.309224E-05,44.4825,0
2.9664,3.726253E-05,44.496,0,2.9664,2.920577E-05,44.496,0
2.9673,-1.242084E-05,44.5095,0,2.9673,-6.243992E-05,44.5095,0
2.9682,-3.894102E-05,44.523,0,2.9682,-5.102617E-05,44.523,0
2.9691,-5.001907E-05,44.5365,0,2.9691,-2.24918E-05,44.5365,0
2.97,-4.095522E-05,44.55,0,2.97,-5.673304E-05,44.55,0
2.9709,-7.855344E-05,44.5635,0,2.9709,-5.941863E-05,44.5635,0
2.9718,-5.572595E-05,44.577,0,2.9718,-7.888914E-05,44.577,0
2.9727,3.121996E-05,44.5905,0,2.9727,-3.256275E-05,44.5905,0
2.9736,-1.913481E-05,44.604,0,2.9736,6.378271E-06,44.604,0
2.9745,-5.136187E-05,44.6175,0,2.9745,-3.289845E-05,44.6175,0
2.9754,-1.846342E-05,44.631,0,2.9754,-4.061952E-05,44.631,0
2.9763,-5.236896E-05,44.6445,0,2.9763,1.174945E-05,44.6445,0
2.9772,-7.284657E-05,44.658,0,2.9772,-1.376364E-05,44.658,0
2.9781,-8.627451E-05,44.6715,0,2.9781,-9.768826E-05,44.6715,0
2.979,-5.337606E-05,44.685,0,2.979,1.208515E-05,44.685,0
2.9799,-6.378271E-06,44.6985,0,2.9799,3.759823E-05,44.6985,0
2.9808,1.309224E-05,44.712,0,2.9808,-2.349889E-06,44.712,0
2.9817,0.0001201801,44.7255,0,2.9817,3.054856E-05,44.7255,0
2.9826,9.768826E-05,44.739,0,2.9826,4.46479E-05,44.739,0
2.9835,6.076142E-05,44.7525,0,2.9835,1.309224E-05,44.7525,0
2.9844,0.0001114519,44.766,0,2.9844,-2.014191E-05,44.766,0
2.9853,9.063859E-06,44.7795,0,2.9853,-7.351797E-05,44.7795,0
2.9862,-6.076142E-05,44.793,0,2.9862,-3.961242E-05,44.793,0
2.9871,-0.0001376364,44.8065,0,2.9871,4.699779E-06,44.8065,0
2.988,-0.0001185016,44.82,0,2.988,-2.349889E-05,44.82,0
2.9889,-4.867628E-05,44.8335,0,2.9889,-6.076142E-05,44.8335,0
2.9898,8.728161E-06,44.847,0,2.9898,3.424125E-05,44.847,0
2.9907,7.083238E-05,44.8605,0,2.9907,2.786297E-05,44.8605,0
2.9916,7.083238E-05,44.874,0,2.9916,-7.217517E-05,44.874,0
2.9925,1.544213E-05,44.8875,0,2.9925,1.040665E-05,44.8875,0
2.9934,5.740444E-05,44.901,0,2.9934,2.987716E-05,44.901,0
2.9943,4.666209E-05,44.9145,0,2.9943,-5.069047E-05,44.9145,0
2.9952,6.78111E-05,44.928,0,2.9952,-6.478981E-05,44.928,0
2.9961,5.337606E-05,44.9415,0,2.9961,1.510643E-05,44.9415,0
2.997,5.706874E-05,44.955,0,2.997,-1.980621E-05,44.955,0
2.9979,6.78111E-05,44.9685,0,2.9979,-2.719158E-05,44.9685,0
2.9988,8.090334E-05,44.982,0,2.9988,-4.33051E-05,44.982,0
2.9997,9.298848E-05,44.9955,0,2.9997,2.349889E-05,44.9955,0
3.0006,7.049668E-05,45.009,0,3.0006,4.800488E-05,45.009,0
3.0015,3.726253E-05,45.0225,0,3.0015,-3.021286E-06,45.0225,0
3.0024,2.316319E-05,45.036,0,3.0024,-1.107805E-05,45.036,0
3.0033,-1.242084E-05,45.0495,0,3.0033,3.994812E-05,45.0495,0
3.0042,-4.196231E-05,45.063,0,3.0042,1.510643E-05,45.063,0
3.0051,-5.001907E-05,45.0765,0,3.0051,-5.740444E-05,45.0765,0
3.006,-3.189136E-05,45.09,0,3.006,2.887007E-05,45.09,0
3.0069,-0.0001030594,45.1035,0,3.0069,1.712062E-05,45.1035,0
3.0078,-0.0001483787,45.117,0,3.0078,-5.874724E-05,45.117,0
3.0087,-0.0001211871,45.1305,0,3.0087,-2.719158E-05,45.1305,0
3.0096,-6.009003E-05,45.144,0,3.0096,3.591974E-05,45.144,0
3.0105,-5.102617E-05,45.1575,0,3.0105,3.356985E-06,45.1575,0
3.0114,-8.493171E-05,45.171,0,3.0114,-8.728161E-06,45.171,0
3.0123,-6.814679E-05,45.1845,0,3.0123,-7.083238E-05,45.1845,0
3.0132,-3.222705E-05,45.198,0,3.0132,-4.36408E-06,45.198,0
3.0141,-6.143282E-05,45.2115,0,3.0141,2.853437E-05,45.2115,0
3.015,-2.316319E-05,45.225,0,3.015,-1.510643E-05,45.225,0
3.0159,1.141375E-05,45.2385,0,3.0159,-3.390555E-05,45.2385,0
3.0168,3.088426E-05,45.252,0,3.0168,3.491264E-05,45.252,0
3.0177,5.136187E-05,45.2655,0,3.0177,2.28275E-05,45.2655,0
3.0186,3.054856E-05,45.279,0,3.0186,-5.572595E-05,45.279,0
3.0195,6.61326E-05,45.2925,0,3.0195,4.766919E-05,45.2925,0
3.0204,5.572595E-05,45.306,0,3.0204,3.591974E-05,45.306,0
3.0213,1.040665E-05,45.3195,0,3.0213,-6.74754E-05,45.3195,0
3.0222,7.586786E-05,45.333,0,3.0222,-4.29694E-05,45.333,0
3.0231,3.524834E-05,45.3465,0,3.0231,5.706874E-06,45.3465,0
3.024,0,45.36,0,3.024,0,45.36,0
3.0249,0,45.3735,0,3.0249,0,45.3735,0
3.0258,0,45.387,0,3.0258,0,45.387,0
3.0267,0,45.4005,0,3.0267,0,45.4005,0
3.0276,0,45.414,0,3.0276,0,45.414,0
3.0285,0,45.4275,0,3.0285,0,45.4275,0
3.0294,0,45.441,0,3.0294,0,45.441,0
3.0303,0,45.4545,0,3.0303,0,45.4545,0
3.0312,0,45.468,0,3.0312,0,45.468,0
3.0321,0,45.4815,0,3.0321,0,45.4815,0
3.033,0,45.495,0,3.033,0,45.495,0
3.0339,0,45.5085,0,3.0339,0,45.5085,0
3.0348,0,45.522,0,3.0348,0,45.522,0
3.0357,0,45.5355,0,3.0357,0,45.5355,0
3.0366,0,45.549,0,3.0366,0,45.549,0
3.0375,0,45.5625,0,3.0375,0,45.5625,0
3.0384,0,45.576,0,3.0384,0,45.576,0
3.0393,0,45.5895,0,3.0393,0,45.5895,0
3.0402,0,45.603,0,3.0402,0,45.603,0
3.0411,0,45.6165,0,3.0411,0,45.6165,0
3.042,0,45.63,0,3.042,0,45.63,0
3.0429,0,45.6435,0,3.0429,0,45.6435,0
3.0438,0,45.657,0,3.0438,0,45.657,0
3.0447,0,45.6705,0,3.0447,0,45.6705,0
3.0456,0,45.684,0,3.0456,0,45.684,0
3.0465,0,45.6975,0,3.0465,0,45.6975,0
3.0474,0,45.711,0,3.0474,0,45.711,0
3.0483,0,45.7245,0,3.0483,0,45.7245,0
3.0492,0,45.738,0,3.0492,0,45.738,0
3.0501,0,45.7515,0,3.0501,0,45.7515,0
3.051,0,45.765,0,3.051,0,45.765,0
3.0519,0,45.7785,0,3.0519,0,45.7785,0
3.0528,0,45.792,0,3.0528,0,45.792,0
3.0537,0,45.8055,0,3.0537,0,45.8055,0
3.0546,0,45.819,0,3.0546,0,45.819,0
3.0555,0,45.8325,0,3.0555,0,45.8325,0
3.0564,0,45.846,0,3.0564,0,45.846,0
3.0573,0,45.8595,0,3.0573,0,45.8595,0
3.0582,0,45.873,0,3.0582,0,45.873,0
3.0591,0,45.8865,0,3.0591,0,45.8865,0
3.06,0,45.9,0,3.06,0,45.9,0
3.0609,0,45.9135,0,3.0609,0,45.9135,0
3.0618,0,45.927,0,3.0618,0,45.927,0
3.0627,0,45.9405,0,3.0627,0,45.9405,0
3.0636,0,45.954,0,3.0636,0,45.954,0
3.0645,0,45.9675,0,3.0645,0,45.9675,0
3.0654,0,45.981,0,3.0654,0,45.981,0
3.0663,0,45.9945,0,3.0663,0,45.9945,0
3.0672,0,46.008,0,3.0672,0,46.008,0
3.0681,0,46.0215,0,3.0681,0,46.0215,0
3.069,0,46.035,0,3.069,0,46.035,0
3.0699,0,46.0485,0,3.0699,0,46.0485,0
3.0708,0,46.062,0,3.0708,0,46.062,0
3.0717,0,46.0755,0,3.0717,0,46.0755,0
3.0726,0,46.089,0,3.0726,0,46.089,0
3.0735,0,46.1025,0,3.0735,0,46.1025,0
3.0744,0,46.116,0,3.0744,0,46.116,0
3.0753,0,46.1295,0,3.0753,0,46.1295,0
3.0762,0,46.143,0,3.0762,0,46.143,0
3.0771,0,46.1565,0,3.0771,0,46.1565,0
3.078,0,46.17,0,3.078,0,46.17,0
3.0789,0,46.1835,0,3.0789,0,46.1835,0
3.0798,0,46.197,0,3.0798,0,46.197,0
3.0807,0,46.2105,0,3.0807,0,46.2105,0
3.0816,0,46.224,0,3.0816,0,46.224,0
3.0825,0,46.2375,0,3.0825,0,46.2375,0
3.0834,0,46.251,0,3.0834,0,46.251,0
3.0843,0,46.2645,0,3.0843,0,46.2645,0
3.0852,0,46.278,0,3.0852,0,46.278,0
3.0861,0,46.2915,0,3.0861,0,46.2915,0
3.087,0,46.305,0,3.087,0,46.305,0
3.0879,0,46.3185,0,3.0879,0,46.3185,0
3.0888,0,46.332,0,3.0888,0,46.332,0
3.0897,0,46.3455,0,3.0897,0,46.3455,0
3.0906,0,46.359,0,3.0906,0,46.359,0
3.0915,0,46.3725,0,3.0915,0,46.3725,0
3.0924,0,46.386,0,3.0924,0,46.386,0
3.0933,0,46.3995,0,3.0933,0,46.3995,0
3.0942,0,46.413,0,3.0942,0,46.413,0
3.0951,0,46.4265,0,3.0951,0,46.4265,0
3.096,0,46.44,0,3.096,0,46.44,0
3.0969,0,46.4535,0,3.0969,0,46.4535,0
3.0978,0,46.467,0,3.0978,0,46.467,0
3.0987,0,46.4805,0,3.0987,0,46.4805,0
3.0996,0,46.494,0,3.0996,0,46.494,0
3.1005,0,46.5075,0,3.1005,0,46.5075,0
3.1014,0,46.521,0,3.1014,0,46.521,0
3.1023,0,46.5345,0,3.1023,0,46.5345,0
3.1032,0,46.548,0,3.1032,0,46.548,0
3.1041,0,46.5615,0,3.1041,0,46.5615,0
3.105,0,46.575,0,3.105,0,46.575,0
3.1059,0,46.5885,0,3.1059,0,46.5885,0
3.1068,0,46.602,0,3.1068,0,46.602,0
3.1077,0,46.6155,0,3.1077,0,46.6155,0
3.1086,0,46.629,0,3.1086,0,46.629,0
3.1095,0,46.6425,0,3.1095,0,46.6425,0
3.1104,0,46.656,0,3.1104,0,46.656,0
3.1113,0,46.6695,0,3.1113,0,46.6695,0
3.1122,0,46.683,0,3.1122,0,46.683,0
3.1131,0,46.6965,0,3.1131,0,46.6965,0
3.114,0,46.71,0,3.114,0,46.71,0
3.1149,0,46.7235,0,3.1149,0,46.7235,0
3.1158,0,46.737,0,3.1158,0,46.737,0
3.1167,0,46.7505,0,3.1167,0,46.7505,0
3.1176,0,46.764,0,3.1176,0,46.764,0
3.1185,0,46.7775,0,3.1185,0,46.7775,0
3.1194,0,46.791,0,3.1194,0,46.791,0
3.1203,0,46.8045,0,3.1203,0,46.8045,0
3.1212,0,46.818,0,3.1212,0,46.818,0
3.1221,0,46.8315,0,3.1221,0,46.8315,0
3.123,0,46.845,0,3.123,0,46.845,0
3.1239,0,46.8585,0,3.1239,0,46.8585,0
3.1248,0,46.872,0,3.1248,0,46.872,0
3.1257,0,46.8855,0,3.1257,0,46.8855,0
3.1266,0,46.899,0,3.1266,0,46.899,0
3.1275,0,46.9125,0,3.1275,0,46.9125,0
3.1284,0,46.926,0,3.1284,0,46.926,0
3.1293,0,46.9395,0,3.1293,0,46.9395,0
3.1302,0,46.953,0,3.1302,0,46.953,0
3.1311,0,46.9665,0,3.1311,0,46.9665,0
3.132,0,46.98,0,3.132,0,46.98,0
3.1329,0,46.9935,0,3.1329,0,46.9935,0
3.1338,0,47.007,0,3.1338,0,47.007,0
3.1347,0,47.0205,0,3.1347,0,47.0205,0
3.1356,0,47.034,0,3.1356,0,47.034,0
3.1365,0,47.0475,0,3.1365,0,47.0475,0
3.1374,0,47.061,0,3.1374,0,47.061,0
3.1383,0,47.0745,0,3.1383,0,47.0745,0
3.1392,0,47.088,0,3.1392,0,47.088,0
3.1401,0,47.1015,0,3.1401,0,47.1015,0
3.141,0,47.115,0,3.141,0,47.115,0
3.1419,0,47.1285,0,3.1419,0,47.1285,0
3.1428,0,47.142,0,3.1428,0,47.142,0
3.1437,0,47.1555,0,3.1437,0,47.1555,0
3.1446,0,47.169,0,3.1446,0,47.169,0
3.1455,0,47.1825,0,3.1455,0,47.1825,0
3.1464,0,47.196,0,3.1464,0,47.196,0
3.1473,0,47.2095,0,3.1473,0,47.2095,0
3.1482,0,47.223,0,3.1482,0,47.223,0
3.1491,0,47.2365,0,3.1491,0,47.2365,0
3.15,0,47.25,0,3.15,0,47.25,0
3.1509,0,47.2635,0,3.1509,0,47.2635,0
3.1518,0,47.277,0,3.1518,0,47.277,0
3.1527,0,47.2905,0,3.1527,0,47.2905,0
3.1536,0,47.304,0,3.1536,0,47.304,0
3.1545,0,47.3175,0,3.1545,0,47.3175,0
3.1554,0,47.331,0,3.1554,0,47.331,0
3.1563,0,47.3445,0,3.1563,0,47.3445,0
3.1572,0,47.358,0,3.1572,0,47.358,0
3.1581,0,47.3715,0,3.1581,0,47.3715,0
3.159,0,47.385,0,3.159,0,47.385,0
3.1599,0,47.3985,0,3.1599,0,47.3985,0
3.1608,0,47.412,0,3.1608,0,47.412,0
3.1617,0,47.4255,0,3.1617,0,47.4255,0
3.1626,0,47.439,0,3.1626,0,47.439,0
3.1635,0,47.4525,0,3.1635,0,47.4525,0
3.1644,0,47.466,0,3.1644,0,47.466,0
3.1653,0,47.4795,0,3.1653,0,47.4795,0
3.1662,0,47.493,0,3.1662,0,47.493,0
3.1671,0,47.5065,0,3.1671,0,47.5065,0
3.168,0,47.52,0,3.168,0,47.52,0
3.1689,0,47.5335,0,3.1689,0,47.5335,0
3.1698,0,47.547,0,3.1698,0,47.547,0
3.1707,0,47.5605,0,3.1707,0,47.5605,0
3.1716,0,47.574,0,3.1716,0,47.574,0
3.1725,0,47.5875,0,3.1725,0,47.5875,0
3.1734,0,47.601,0,3.1734,0,47.601,0
3.1743,0,47.6145,0,3.1743,0,47.6145,0
3.1752,0,47.628,0,3.1752,0,47.628,0
3.1761,0,47.6415,0,3.1761,0,47.6415,0
3.177,0,47.655,0,3.177,0,47.655,0
3.1779,0,47.6685,0,3.1779,0,47.6685,0
3.1788,0,47.682,0,3.1788,0,47.682,0
3.1797,0,47.6955,0,3.1797,0,47.6955,0
3.1806,0,47.709,0,3.1806,0,47.709,0
3.1815,0,47.7225,0,3.1815,0,47.7225,0
3.1824,0,47.736,0,3.1824,0,47.736,0
3.1833,0,47.7495,0,3.1833,0,47.7495,0
3.1842,0,47.763,0,3.1842,0,47.763,0
3.1851,0,47.7765,0,3.1851,0,47.7765,0
3.186,0,47.79,0,3.186,0,47.79,0
3.1869,0,47.8035,0,3.1869,0,47.8035,0
3.1878,0,47.817,0,3.1878,0,47.817,0
3.1887,0,47.8305,0,3.1887,0,47.8305,0
3.1896,0,47.844,0,3.1896,0,47.844,0
3.1905,0,47.8575,0,3.1905,0,47.8575,0
3.1914,0,47.871,0,3.1914,0,47.871,0
3.1923,0,47.8845,0,3.1923,0,47.8845,0
3.1932,0,47.898,0,3.1932,0,47.898,0
3.1941,0,47.9115,0,3.1941,0,47.9115,0
3.195,0,47.925,0,3.195,0,47.925,0
3.1959,0,47.9385,0,3.1959,0,47.9385,0
3.1968,0,47.952,0,3.1968,0,47.952,0
3.1977,0,47.9655,0,3.1977,0,47.9655,0
3.1986,0,47.979,0,3.1986,0,47.979,0
3.1995,0,47.9925,0,3.1995,0,47.9925,0
3.2004,0,48.006,0,3.2004,0,48.006,0
3.2013,0,48.0195,0,3.2013,0,48.0195,0
3.2022,0,48.033,0,3.2022,0,48.033,0
3.2031,0,48.0465,0,3.2031,0,48.0465,0
3.204,0,48.06,0,3.204,0,48.06,0
3.2049,0,48.0735,0,3.2049,0,48.0735,0
3.2058,0,48.087,0,3.2058,0,48.087,0
3.2067,0,48.1005,0,3.2067,0,48.1005,0
3.2076,0,48.114,0,3.2076,0,48.114,0
3.2085,0,48.1275,0,3.2085,0,48.1275,0
3.2094,0,48.141,0,3.2094,0,48.141,0
3.2103,0,48.1545,0,3.2103,0,48.1545,0
3.2112,0,48.168,0,3.2112,0,48.168,0
3.2121,0,48.1815,0,3.2121,0,48.1815,0
3.213,0,48.195,0,3.213,0,48.195,0
3.2139,0,48.2085,0,3.2139,0,48.2085,0
3.2148,0,48.222,0,3.2148,0,48.222,0
3.2157,0,48.2355,0,3.2157,0,48.2355,0
3.2166,0,48.249,0,3.2166,0,48.249,0
3.2175,0,48.2625,0,3.2175,0,48.2625,0
3.2184,0,48.276,0,3.2184,0,48.276,0
3.2193,0,48.2895,0,3.2193,0,48.2895,0
3.2202,0,48.303,0,3.2202,0,48.303,0
3.2211,0,48.3165,0,3.2211,0,48.3165,0
3.222,0,48.33,0,3.222,0,48.33,0
3.2229,0,48.3435,0,3.2229,0,48.3435,0
3.2238,0,48.357,0,3.2238,0,48.357,0
3.2247,0,48.3705,0,3.2247,0,48.3705,0
3.2256,0,48.384,0,3.2256,0,48.384,0
3.2265,0,48.3975,0,3.2265,0,48.3975,0
3.2274,0,48.411,0,3.2274,0,48.411,0
3.2283,0,48.4245,0,3.2283,0,48.4245,0
3.2292,0,48.438,0,3.2292,0,48.438,0
3.2301,0,48.4515,0,3.2301,0,48.4515,0
3.231,0,48.465,0,3.231,0,48.465,0
3.2319,0,48.4785,0,3.2319,0,48.4785,0
3.2328,0,48.492,0,3.2328,0,48.492,0
3.2337,0,48.5055,0,3.2337,0,48.5055,0
3.2346,0,48.519,0,3.2346,0,48.519,0
3.2355,0,48.5325,0,3.2355,0,48.5325,0
3.2364,0,48.546,0,3.2364,0,48.546,0
3.2373,0,48.5595,0,3.2373,0,48.5595,0
3.2382,0,48.573,0,3.2382,0,48.573,0
3.2391,0,48.5865,0,3.2391,0,48.5865,0
3.24,0,48.6,0,3.24,0,48.6,0
3.2409,0,48.6135,0,3.2409,0,48.6135,0
3.2418,0,48.627,0,3.2418,0,48.627,0
3.2427,0,48.6405,0,3.2427,0,48.6405,0
3.2436,0,48.654,0,3.2436,0,48.654,0
3.2445,0,48.6675,0,3.2445,0,48.6675,0
3.2454,0,48.681,0,3.2454,0,48.681,0
3.2463,0,48.6945,0,3.2463,0,48.6945,0
3.2472,0,48.708,0,3.2472,0,48.708,0
3.2481,0,48.7215,0,3.2481,0,48.7215,0
3.249,0,48.735,0,3.249,0,48.735,0
3.2499,0,48.7485,0,3.2499,0,48.7485,0
3.2508,0,48.762,0,3.2508,0,48.762,0
3.2517,0,48.7755,0,3.2517,0,48.7755,0
3.2526,0,48.789,0,3.2526,0,48.789,0
3.2535,0,48.8025,0,3.2535,0,48.8025,0
3.2544,0,48.816,0,3.2544,0,48.816,0
3.2553,0,48.8295,0,3.2553,0,48.8295,0
3.2562,0,48.843,0,3.2562,0,48.843,0
3.2571,0,48.8565,0,3.2571,0,48.8565,0
3.258,0,48.87,0,3.258,0,48.87,0
3.2589,0,48.8835,0,3.2589,0,48.8835,0
3.2598,0,48.897,0,3.2598,0,48.897,0
3.2607,0,48.9105,0,3.2607,0,48.9105,0
3.2616,0,48.924,0,3.2616,0,48.924,0
3.2625,0,48.9375,0,3.2625,0,48.9375,0
3.2634,0,48.951,0,3.2634,0,48.951,0
3.2643,0,48.9645,0,3.2643,0,48.9645,0
3.2652,0,48.978,0,3.2652,0,48.978,0
3.2661,0,48.9915,0,3.2661,0,48.9915,0
3.267,0,49.005,0,3.267,0,49.005,0
3.2679,0,49.0185,0,3.2679,0,49.0185,0
3.2688,0,49.032,0,3.2688,0,49.032,0
3.2697,0,49.0455,0,3.2697,0,49.0455,0
3.2706,0,49.059,0,3.2706,0,49.059,0
3.2715,0,49.0725,0,3.2715,0,49.0725,0
3.2724,0,49.086,0,3.2724,0,49.086,0
3.2733,0,49.0995,0,3.2733,0,49.0995,0
3.2742,0,49.113,0,3.2742,0,49.113,0
3.2751,0,49.1265,0,3.2751,0,49.1265,0
3.276,0,49.14,0,3.276,0,49.14,0
3.2769,0,49.1535,0,3.2769,0,49.1535,0
3.2778,0,49.167,0,3.2778,0,49.167,0
3.2787,0,49.1805,0,3.2787,0,49.1805,0
3.2796,0,49.194,0,3.2796,0,49.194,0
3.2805,0,49.2075,0,3.2805,0,49.2075,0
3.2814,0,49.221,0,3.2814,0,49.221,0
3.2823,0,49.2345,0,3.2823,0,49.2345,0
3.2832,0,49.248,0,3.2832,0,49.248,0
3.2841,0,49.2615,0,3.2841,0,49.2615,0
3.285,0,49.275,0,3.285,0,49.275,0
3.2859,0,49.2885,0,3.2859,0,49.2885,0
3.2868,0,49.302,0,3.2868,0,49.302,0
3.2877,0,49.3155,0,3.2877,0,49.3155,0
3.2886,0,49.329,0,3.2886,0,49.329,0
3.2895,0,49.3425,0,3.2895,0,49.3425,0
3.2904,0,49.356,0,3.2904,0,49.356,0
3.2913,0,49.3695,0,3.2913,0,49.3695,0
3.2922,0,49.383,0,3.2922,0,49.383,0
3.2931,0,49.3965,0,3.2931,0,49.3965,0
3.294,0,49.41,0,3.294,0,49.41,0
3.2949,0,49.4235,0,3.2949,0,49.4235,0
3.2958,0,49.437,0,3.2958,0,49.437,0
3.2967,0,49.4505,0,3.2967,0,49.4505,0
3.2976,0,49.464,0,3.2976,0,49.464,0
3.2985,0,49.4775,0,3.2985,0,49.4775,0
3.2994,0,49.491,0,3.2994,0,49.491,0
3.3003,0,49.5045,0,3.3003,0,49.5045,0
3.3012,0,49.518,0,3.3012,0,49.518,0
3.3021,0,49.5315,0,3.3021,0,49.5315,0
3.303,0,49.545,0,3.303,0,49.545,0
3.3039,0,49.5585,0,3.3039,0,49.5585,0
3.3048,0,49.572,0,3.3048,0,49.572,0
3.3057,0,49.5855,0,3.3057,0,49.5855,0
3.3066,0,49.599,0,3.3066,0,49.599,0
3.3075,0,49.6125,0,3.3075,0,49.6125,0
3.3084,0,49.626,0,3.3084,0,49.626,0
3.3093,0,49.6395,0,3.3093,0,49.6395,0
3.3102,0,49.653,0,3.3102,0,49.653,0
3.3111,0,49.6665,0,3.3111,0,49.6665,0
3.312,0,49.68,0,3.312,0,49.68,0
3.3129,0,49.6935,0,3.3129,0,49.6935,0
3.3138,0,49.707,0,3.3138,0,49.707,0
3.3147,0,49.7205,0,3.3147,0,49.7205,0
3.3156,0,49.734,0,3.3156,0,49.734,0
3.3165,0,49.7475,0,3.3165,0,49.7475,0
3.3174,0,49.761,0,3.3174,0,49.761,0
3.3183,0,49.7745,0,3.3183,0,49.7745,0
3.3192,0,49.788,0,3.3192,0,49.788,0
3.3201,0,49.8015,0,3.3201,0,49.8015,0
3.321,0,49.815,0,3.321,0,49.815,0
3.3219,0,49.8285,0,3.3219,0,49.8285,0
3.3228,0,49.842,0,3.3228,0,49.842,0
3.3237,0,49.8555,0,3.3237,0,49.8555,0
3.3246,0,49.869,0,3.3246,0,49.869,0
3.3255,0,49.8825,0,3.3255,0,49.8825,0
3.3264,0,49.896,0,3.3264,0,49.896,0
3.3273,0,49.9095,0,3.3273,0,49.9095,0
3.3282,0,49.923,0,3.3282,0,49.923,0
3.3291,0,49.9365,0,3.3291,0,49.9365,0
3.33,0,49.95,0,3.33,0,49.95,0
3.3309,0,49.9635,0,3.3309,0,49.9635,0
3.3318,0,49.977,0,3.3318,0,49.977,0
3.3327,0,49.9905,0,3.3327,0,49.9905,0
3.3336,0,50.004,0,3.3336,0,50.004,0
3.3345,0,50.0175,0,3.3345,0,50.0175,0
3.3354,0,50.031,0,3.3354,0,50.031,0
3.3363,0,50.0445,0,3.3363,0,50.0445,0
3.3372,0,50.058,0,3.3372,0,50.058,0
3.3381,0,50.0715,0,3.3381,0,50.0715,0
3.339,0,50.085,0,3.339,0,50.085,0
3.3399,0,50.0985,0,3.3399,0,50.0985,0
3.3408,0,50.112,0,3.3408,0,50.112,0
3.3417,0,50.1255,0,3.3417,0,50.1255,0
3.3426,0,50.139,0,3.3426,0,50.139,0
3.3435,0,50.1525,0,3.3435,0,50.1525,0
3.3444,0,50.166,0,3.3444,0,50.166,0
3.3453,0,50.1795,0,3.3453,0,50.1795,0
3.3462,0,50.193,0,3.3462,0,50.193,0
3.3471,0,50.2065,0,3.3471,0,50.2065,0
3.348,0,50.22,0,3.348,0,50.22,0
3.3489,0,50.2335,0,3.3489,0,50.2335,0
3.3498,0,50.247,0,3.3498,0,50.247,0
3.3507,0,50.2605,0,3.3507,0,50.2605,0
3.3516,0,50.274,0,3.3516,0,50.274,0
3.3525,0,50.2875,0,3.3525,0,50.2875,0
3.3534,0,50.301,0,3.3534,0,50.301,0
3.3543,0,50.3145,0,3.3543,0,50.3145,0
3.3552,0,50.328,0,3.3552,0,50.328,0
3.3561,0,50.3415,0,3.3561,0,50.3415,0
3.357,0,50.355,0,3.357,0,50.355,0
3.3579,0,50.3685,0,3.3579,0,50.3685,0
3.3588,0,50.382,0,3.3588,0,50.382,0
3.3597,0,50.3955,0,3.3597,0,50.3955,0
3.3606,0,50.409,0,3.3606,0,50.409,0
3.3615,0,50.4225,0,3.3615,0,50.4225,0
3.3624,0,50.436,0,3.3624,0,50.436,0
3.3633,0,50.4495,0,3.3633,0,50.4495,0
3.3642,0,50.463,0,3.3642,0,50.463,0
3.3651,0,50.4765,0,3.3651,0,50.4765,0
3.366,0,50.49,0,3.366,0,50.49,0
3.3669,0,50.5035,0,3.3669,0,50.5035,0
3.3678,0,50.517,0,3.3678,0,50.517,0
3.3687,0,50.5305,0,3.3687,0,50.5305,0
3.3696,0,50.544,0,3.3696,0,50.544,0
3.3705,0,50.5575,0,3.3705,0,50.5575,0
3.3714,0,50.571,0,3.3714,0,50.571,0
3.3723,0,50.5845,0,3.3723,0,50.5845,0
3.3732,0,50.598,0,3.3732,0,50.598,0
3.3741,0,50.6115,0,3.3741,0,50.6115,0
3.375,0,50.625,0,3.375,0,50.625,0
3.3759,0,50.6385,0,3.3759,0,50.6385,0
3.3768,0,50.652,0,3.3768,0,50.652,0
3.3777,0,50.6655,0,3.3777,0,50.6655,0
3.3786,0,50.679,0,3.3786,0,50.679,0
3.3795,0,50.6925,0,3.3795,0,50.6925,0
3.3804,0,50.706,0,3.3804,0,50.706,0
3.3813,0,50.7195,0,3.3813,0,50.7195,0
3.3822,0,50.733,0,3.3822,0,50.733,0
3.3831,0,50.7465,0,3.3831,0,50.7465,0
3.384,0,50.76,0,3.384,0,50.76,0
3.3849,0,50.7735,0,3.3849,0,50.7735,0
3.3858,0,50.787,0,3.3858,0,50.787,0
3.3867,0,50.8005,0,3.3867,0,50.8005,0
3.3876,0,50.814,0,3.3876,0,50.814,0
3.3885,0,50.8275,0,3.3885,0,50.8275,0
3.3894,0,50.841,0,3.3894,0,50.841,0
3.3903,0,50.8545,0,3.3903,0,50.8545,0
3.3912,0,50.868,0,3.3912,0,50.868,0
3.3921,0,50.8815,0,3.3921,0,50.8815,0
3.393,0,50.895,0,3.393,0,50.895,0
3.3939,0,50.9085,0,3.3939,0,50.9085,0
3.3948,0,50.922,0,3.3948,0,50.922,0
3.3957,0,50.9355,0,3.3957,0,50.9355,0
3.3966,0,50.949,0,3.3966,0,50.949,0
3.3975,0,50.9625,0,3.3975,0,50.9625,0
3.3984,0,50.976,0,3.3984,0,50.976,0
3.3993,0,50.9895,0,3.3993,0,50.9895,0
3.4002,0,51.003,0,3.4002,0,51.003,0
3.4011,0,51.0165,0,3.4011,0,51.0165,0
3.402,0,51.03,0,3.402,0,51.03,0
3.4029,0,51.0435,0,3.4029,0,51.0435,0
3.4038,0,51.057,0,3.4038,0,51.057,0
3.4047,0,51.0705,0,3.4047,0,51.0705,0
3.4056,0,51.084,0,3.4056,0,51.084,0
3.4065,0,51.0975,0,3.4065,0,51.0975,0
3.4074,0,51.111,0,3.4074,0,51.111,0
3.4083,0,51.1245,0,3.4083,0,51.1245,0
3.4092,0,51.138,0,3.4092,0,51.138,0
3.4101,0,51.1515,0,3.4101,0,51.1515,0
3.411,0,51.165,0,3.411,0,51.165,0
3.4119,0,51.1785,0,3.4119,0,51.1785,0
3.4128,0,51.192,0,3.4128,0,51.192,0
3.4137,0,51.2055,0,3.4137,0,51.2055,0
3.4146,0,51.219,0,3.4146,0,51.219,0
3.4155,0,51.2325,0,3.4155,0,51.2325,0
3.4164,0,51.246,0,3.4164,0,51.246,0
3.4173,0,51.2595,0,3.4173,0,51.2595,0
3.4182,0,51.273,0,3.4182,0,51.273,0
3.4191,0,51.2865,0,3.4191,0,51.2865,0
3.42,0,51.3,0,3.42,0,51.3,0
3.4209,0,51.3135,0,3.4209,0,51.3135,0
3.4218,0,51.327,0,3.4218,0,51.327,0
3.4227,0,51.3405,0,3.4227,0,51.3405,0
3.4236,0,51.354,0,3.4236,0,51.354,0
3.4245,0,51.3675,0,3.4245,0,51.3675,0
3.4254,0,51.381,0,3.4254,0,51.381,0
3.4263,0,51.3945,0,3.4263,0,51.3945,0
3.4272,0,51.408,0,3.4272,0,51.408,0
3.4281,0,51.4215,0,3.4281,0,51.4215,0
3.429,0,51.435,0,3.429,0,51.435,0
3.4299,0,51.4485,0,3.4299,0,51.4485,0
3.4308,0,51.462,0,3.4308,0,51.462,0
3.4317,0,51.4755,0,3.4317,0,51.4755,0
3.4326,0,51.489,0,3.4326,0,51.489,0
3.4335,0,51.5025,0,3.4335,0,51.5025,0
3.4344,0,51.516,0,3.4344,0,51.516,0
3.4353,0,51.5295,0,3.4353,0,51.5295,0
3.4362,0,51.543,0,3.4362,0,51.543,0
3.4371,0,51.5565,0,3.4371,0,51.5565,0
3.438,0,51.57,0,3.438,0,51.57,0
3.4389,0,51.5835,0,3.4389,0,51.5835,0
3.4398,0,51.597,0,3.4398,0,51.597,0
3.4407,0,51.6105,0,3.4407,0,51.6105,0
3.4416,0,51.624,0,3.4416,0,51.624,0
3.4425,0,51.6375,0,3.4425,0,51.6375,0
3.4434,0,51.651,0,3.4434,0,51.651,0
3.4443,0,51.6645,0,3.4443,0,51.6645,0
3.4452,0,51.678,0,3.4452,0,51.678,0
3.4461,0,51.6915,0,3.4461,0,51.6915,0
3.447,0,51.705,0,3.447,0,51.705,0
3.4479,0,51.7185,0,3.4479,0,51.7185,0
3.4488,0,51.732,0,3.4488,0,51.732,0
3.4497,0,51.7455,0,3.4497,0,51.7455,0
3.4506,0,51.759,0,3.4506,0,51.759,0
3.4515,0,51.7725,0,3.4515,0,51.7725,0
3.4524,0,51.786,0,3.4524,0,51.786,0
3.4533,0,51.7995,0,3.4533,0,51.7995,0
3.4542,0,51.813,0,3.4542,0,51.813,0
3.4551,0,51.8265,0,3.4551,0,51.8265,0
3.456,0,51.84,0,3.456,0,51.84,0
3.4569,0,51.8535,0,3.4569,0,51.8535,0
3.4578,0,51.867,0,3.4578,0,51.867,0
3.4587,0,51.8805,0,3.4587,0,51.8805,0
3.4596,0,51.894,0,3.4596,0,51.894,0
3.4605,0,51.9075,0,3.4605,0,51.9075,0
3.4614,0,51.921,0,3.4614,0,51.921,0
3.4623,0,51.9345,0,3.4623,0,51.9345,0
3.4632,0,51.948,0,3.4632,0,51.948,0
3.4641,0,51.9615,0,3.4641,0,51.9615,0
3.465,0,51.975,0,3.465,0,51.975,0
3.4659,0,51.9885,0,3.4659,0,51.9885,0
3.4668,0,52.002,0,3.4668,0,52.002,0
3.4677,0,52.0155,0,3.4677,0,52.0155,0
3.4686,0,52.029,0,3.4686,0,52.029,0
3.4695,0,52.0425,0,3.4695,0,52.0425,0
3.4704,0,52.056,0,3.4704,0,52.056,0
3.4713,0,52.0695,0,3.4713,0,52.0695,0
3.4722,0,52.083,0,3.4722,0,52.083,0
3.4731,0,52.0965,0,3.4731,0,52.0965,0
3.474,0,52.11,0,3.474,0,52.11,0
3.4749,0,52.1235,0,3.4749,0,52.1235,0
3.4758,0,52.137,0,3.4758,0,52.137,0
3.4767,0,52.1505,0,3.4767,0,52.1505,0
3.4776,0,52.164,0,3.4776,0,52.164,0
3.4785,0,52.1775,0,3.4785,0,52.1775,0
3.4794,0,52.191,0,3.4794,0,52.191,0
3.4803,0,52.2045,0,3.4803,0,52.2045,0
3.4812,0,52.218,0,3.4812,0,52.218,0
3.4821,0,52.2315,0,3.4821,0,52.2315,0
3.483,0,52.245,0,3.483,0,52.245,0
3.4839,0,52.2585,0,3.4839,0,52.2585,0
3.4848,0,52.272,0,3.4848,0,52.272,0
3.4857,0,52.2855,0,3.4857,0,52.2855,0
3.4866,0,52.299,0,3.4866,0,52.299,0
3.4875,0,52.3125,0,3.4875,0,52.3125,0
3.4884,0,52.326,0,3.4884,0,52.326,0
3.4893,0,52.3395,0,3.4893,0,52.3395,0
3.4902,0,52.353,0,3.4902,0,52.353,0
3.4911,0,52.3665,0,3.4911,0,52.3665,0
3.492,0,52.38,0,3.492,0,52.38,0
3.4929,0,52.3935,0,3.4929,0,52.3935,0
3.4938,0,52.407,0,3.4938,0,52.407,0
3.4947,0,52.4205,0,3.4947,0,52.4205,0
3.4956,0,52.434,0,3.4956,0,52.434,0
