X[s],"Trigno IM sensor 3: EMG 3 (IM)",X[s],"Trigno IM sensor 3: Mag 3.Z (IM)",X[s],"Trigno IM sensor 4: EMG 4 (IM)",X[s],"Trigno IM sensor 4: Mag 4.Z (IM)"
0.000000,-0.0001688563,0.000000,49,0.000000,-4.263371E-05,0.000000,97
0.0009,-0.0002920577,0.0135,49,0.0009,1.980621E-05,0.0135,95
0.0018,-0.0001426719,0.027,49,0.0018,6.915389E-05,0.027,96
0.0027,0.0001527428,0.0405,50,0.0027,-2.752728E-05,0.0405,94
0.0036,7.486076E-05,0.054,50,0.0036,-7.016098E-05,0.054,97
0.0045,0.0001151446,0.0675,49,0.0045,-7.016098E-05,0.0675,93
0.0054,0.0001420005,0.081,51,0.0054,2.887007E-05,0.081,91
0.0063,5.337606E-05,0.0945,51,0.0063,0.0001315938,0.0945,95
0.0072,-8.392462E-05,0.108,52,0.0072,0.0001487144,0.108,98
0.0081,-0.0001312581,0.1215,49,0.0081,5.438316E-05,0.1215,95
0.009000001,-0.0001094377,0.135,51,0.009000001,-6.344701E-05,0.135,96
0.0099,0.0001467002,0.1485,50,0.0099,-4.33051E-05,0.1485,90
0.0108,0.0004038453,0.162,50,0.0108,-5.203327E-05,0.162,95
0.0117,0.0002269322,0.1755,50,0.0117,-0.0001040665,0.1755,94
0.0126,9.231708E-05,0.189,49,0.0126,-9.668116E-05,0.189,91
0.0135,0.0001641566,0.2025,50,0.0135,-1.879912E-05,0.2025,95
0.0144,0.0001064164,0.216,50,0.0144,-5.673304E-05,0.216,95
0.0153,-4.162661E-05,0.2295,50,0.0153,-3.088426E-05,0.2295,96
0.0162,-9.936675E-05,0.243,49,0.0162,-1.376364E-05,0.243,96
0.0171,-0.0001258869,0.2565,52,0.0171,-4.867628E-05,0.2565,99
0.018,-0.0001943694,0.27,50,0.018,-9.768826E-05,0.27,98
0.0189,-0.0002269322,0.2835,50,0.0189,-8.090334E-05,0.2835,99
0.0198,-0.0001816129,0.297,50,0.0198,-0.0001218585,0.297,96
0.0207,-7.855344E-05,0.3105,50,0.0207,-0.0001117876,0.3105,94
0.0216,2.450599E-05,0.324,49,0.0216,-9.365987E-05,0.324,94
0.0225,8.392462E-06,0.3375,47,0.0225,-0.000109102,0.3375,98
0.0234,5.102617E-05,0.351,49,0.0234,-0.0001107805,0.351,97
0.0243,3.793393E-05,0.3645,50,0.0243,-9.500267E-05,0.3645,92
0.0252,2.28275E-05,0.378,50,0.0252,-5.841154E-05,0.378,99
0.0261,4.39765E-05,0.3915,50,0.0261,-4.49836E-05,0.3915,97
0.027,6.982528E-05,0.405,51,0.027,-2.920577E-05,0.405,99
0.0279,4.36408E-06,0.4185,50,0.0279,-2.316319E-05,0.4185,94
0.0288,0,0.432,51,0.0288,-8.72816E-05,0.432,96
0.0297,1.443504E-05,0.4455,52,0.0297,-7.586786E-05,0.4455,95
0.0306,4.53193E-05,0.459,50,0.0306,-4.061952E-05,0.459,96
0.0315,1.712062E-05,0.4725,51,0.0315,-7.385367E-05,0.4725,99
0.0324,3.088426E-05,0.486,51,0.0324,-5.774014E-05,0.486,97
0.0333,-1.846342E-05,0.4995,51,0.0333,-6.378271E-06,0.4995,99
0.0342,-3.793393E-05,0.513,51,0.0342,-2.618448E-05,0.513,95
0.0351,2.1149E-05,0.5265,51,0.0351,-7.553216E-05,0.5265,94
0.036,-5.874724E-05,0.54,51,0.036,-3.189136E-05,0.54,97
0.0369,-6.6804E-05,0.5535,52,0.0369,-1.712062E-05,0.5535,98
0.0378,2.853437E-05,0.567,51,0.0378,-2.047761E-05,0.567,96
0.0387,2.349889E-06,0.5805,52,0.0387,-3.189136E-05,0.5805,98
0.0396,-3.121996E-05,0.594,51,0.0396,1.141375E-05,0.594,98
0.0405,2.18204E-05,0.6075,50,0.0405,5.270466E-05,0.6075,98
0.0414,1.980621E-05,0.621,52,0.0414,7.687495E-05,0.621,96
0.0423,2.517739E-05,0.6345,52,0.0423,3.659113E-05,0.6345,96
0.0432,8.023193E-05,0.648,50,0.0432,2.920577E-05,0.648,95
0.0441,0.0001017166,0.6615,52,0.0441,9.433127E-05,0.6615,98
0.045,0.0001769131,0.675,50,0.045,3.524834E-05,0.675,95
0.0459,0.0002799725,0.6885,51,0.0459,1.376364E-05,0.6885,97
0.0468,0.0001107805,0.702,49,0.0468,3.558404E-05,0.702,97
0.0477,7.922484E-05,0.7155,52,0.0477,7.049668E-06,0.7155,94
0.0486,0.0001366293,0.729,51,0.0486,-4.095522E-05,0.729,97
0.0495,0.0001104448,0.7425,51,0.0495,-2.383459E-05,0.7425,97
0.0504,0.0001245441,0.756,52,0.0504,-4.196231E-05,0.756,98
0.0513,0.0001027237,0.7695,52,0.0513,-7.855344E-05,0.7695,94
0.0522,2.349889E-06,0.783,53,0.0522,-4.095522E-05,0.783,93
0.0531,-3.323415E-05,0.7965,52,0.0531,-4.061952E-05,0.7965,95
0.054,-5.941863E-05,0.81,51,0.054,-4.867628E-05,0.81,96
0.0549,-2.081331E-05,0.8235,54,0.0549,-6.74754E-05,0.8235,95
0.0558,4.800488E-05,0.837,54,0.0558,-3.927672E-05,0.837,95
0.0567,5.136187E-05,0.8505,53,0.0567,3.994812E-05,0.8505,96
0.0576,5.673304E-05,0.864,54,0.0576,5.606165E-05,0.864,98
0.0585,6.378271E-06,0.8775,53,0.0585,9.164568E-05,0.8775,96
0.0594,-5.136187E-05,0.891,53,0.0594,4.061952E-05,0.891,92
0.0603,-8.82887E-05,0.9045,54,0.0603,4.39765E-05,0.9045,92
0.0612,-8.157473E-05,0.918,54,0.0612,1.913481E-05,0.918,95
0.0621,-3.659113E-05,0.9315,53,0.0621,-2.047761E-05,0.9315,94
0.063,-0.0001168231,0.945,55,0.063,1.712062E-05,0.945,93
0.0639,-7.418937E-05,0.9585,53,0.0639,-8.728161E-06,0.9585,96
0.0648,-2.450599E-05,0.972,53,0.0648,-5.505455E-05,0.972,95
0.0657,-7.150377E-05,0.9855,53,0.0657,-0.0001305867,0.9855,95
0.0666,-0.0001178302,0.999,53,0.0666,-0.0001352865,0.999,93
0.0675,-0.0001440146,1.0125,54,0.0675,-7.721065E-05,1.0125,92
0.0684,-0.0002017548,1.026,54,0.0684,-4.699779E-06,1.026,93
0.0693,-0.0001715419,1.0395,54,0.0693,-3.625543E-05,1.0395,98
0.0702,-0.0001584497,1.053,55,0.0702,3.491264E-05,1.053,95
0.0711,-0.000133608,1.0665,55,0.0711,9.970245E-05,1.0665,98
0.072,4.028382E-06,1.08,54,0.072,5.304036E-05,1.08,94
0.0729,0.000218204,1.0935,54,0.0729,-9.399558E-06,1.0935,95
0.07380001,0.00024271,1.107,54,0.07380001,0.0001154803,1.107,93
0.07470001,0.0001386435,1.1205,53,0.07470001,0.0002433814,1.1205,95
0.0756,0.0001607996,1.134,54,0.0756,0.0001816129,1.134,96
0.0765,3.894102E-05,1.1475,53,0.0765,0.0001433432,1.1475,93
0.0774,-8.392462E-06,1.161,53,0.0774,0.0001084306,1.161,93
0.0783,-1.947051E-05,1.1745,52,0.0783,5.673304E-05,1.1745,95
0.0792,-0.0001198444,1.188,53,0.0792,4.632639E-05,1.188,97
0.0801,-0.000224918,1.2015,53,0.0801,1.712062E-05,1.2015,92
0.081,-0.0001849699,1.215,53,0.081,-7.351797E-05,1.215,97
0.0819,-0.0001188373,1.2285,54,0.0819,-9.970245E-05,1.2285,92
0.0828,-4.229801E-05,1.242,53,0.0828,-7.016098E-05,1.242,95
0.0837,1.712062E-05,1.2555,53,0.0837,-1.242084E-05,1.2555,96
0.0846,5.706874E-05,1.269,54,0.0846,-6.713969E-07,1.269,91
0.0855,-2.517739E-05,1.2825,53,0.0855,-7.956054E-05,1.2825,90
0.0864,-9.735256E-05,1.296,55,0.0864,-0.0001926909,1.296,94
0.0873,-0.0001849699,1.3095,55,0.0873,-0.0001577783,1.3095,96
0.0882,-0.0001806058,1.323,56,0.0882,-0.0001138018,1.323,95
0.0891,-0.0001080949,1.3365,56,0.0891,-0.000172549,1.3365,93
0.09,-0.0001080949,1.35,55,0.09,-0.0001218585,1.35,94
0.0909,-0.0001010452,1.3635,58,0.0909,-0.0001460288,1.3635,93
0.0918,-1.242084E-05,1.377,57,0.0918,-0.0001319295,1.377,96
0.0927,-0.0001426719,1.3905,58,0.0927,-6.6804E-05,1.3905,94
0.0936,-0.0001990692,1.404,58,0.0936,1.913481E-05,1.404,97
0.09450001,-1.409934E-05,1.4175,56,0.09450001,-2.584878E-05,1.4175,98
0.09540001,0.0001654994,1.431,56,0.09540001,-2.652018E-05,1.431,97
0.09630001,0.000148043,1.4445,55,0.09630001,-1.242084E-05,1.4445,97
0.0972,1.913481E-05,1.458,55,0.0972,-9.835965E-05,1.458,96
0.0981,-4.43122E-05,1.4715,55,0.0981,-9.433127E-05,1.4715,97
0.099,9.399558E-06,1.485,56,0.099,-0.0001117876,1.485,100
0.0999,-2.014191E-06,1.4985,54,0.0999,-0.0001571069,1.4985,97
0.1008,-3.524834E-05,1.512,54,0.1008,-0.0001386435,1.512,96
0.1017,-2.28275E-05,1.5255,55,0.1017,-0.0001050736,1.5255,99
0.1026,-1.007095E-06,1.539,53,0.1026,-9.835965E-05,1.539,98
0.1035,1.443504E-05,1.5525,54,0.1035,-2.014191E-05,1.5525,99
0.1044,8.89601E-05,1.566,53,0.1044,8.056763E-06,1.566,95
0.1053,5.740444E-05,1.5795,53,0.1053,1.107805E-05,1.5795,97
0.1062,-6.478981E-05,1.593,52,0.1062,-1.644922E-05,1.593,99
0.1071,-2.887007E-05,1.6065,52,0.1071,-1.947051E-05,1.6065,99
0.108,9.365987E-05,1.62,52,0.108,2.18204E-05,1.62,97
0.1089,0.000109102,1.6335,52,0.1089,1.208515E-05,1.6335,102
0.1098,9.634547E-05,1.647,51,0.1098,-2.383459E-05,1.647,99
0.1107,0.0001000381,1.6605,50,0.1107,-6.076142E-05,1.6605,100
0.1116,1.846342E-05,1.674,51,0.1116,-8.023193E-05,1.674,102
0.1125,-1.309224E-05,1.6875,51,0.1125,-7.788205E-05,1.6875,97
0.1134,6.009003E-05,1.701,51,0.1134,-0.0001315938,1.701,99
0.1143,-8.89601E-05,1.7145,51,0.1143,-4.39765E-05,1.7145,100
0.1152,-0.0001077592,1.728,51,0.1152,2.014191E-06,1.728,100
0.1161,0.0001097734,1.7415,49,0.1161,9.332418E-05,1.7415,100
0.117,0.0001510643,1.755,50,0.117,0.0002057832,1.755,97
0.1179,-1.644922E-05,1.7685,50,0.1179,0.0001507286,1.7685,102
0.1188,-9.399558E-06,1.782,49,0.1188,9.365987E-05,1.782,101
0.1197,-7.553216E-05,1.7955,50,0.1197,6.411841E-05,1.7955,100
0.1206,-0.0001587854,1.809,49,0.1206,6.64683E-05,1.809,100
0.1215,-0.0001668421,1.8225,48,0.1215,3.826963E-05,1.8225,99
0.1224,-0.0001047379,1.836,49,0.1224,-1.174945E-05,1.836,101
0.1233,4.229801E-05,1.8495,49,0.1233,6.277562E-05,1.8495,98
0.1242,2.316319E-05,1.863,49,0.1242,0.0001514,1.863,99
0.1251,6.009003E-05,1.8765,47,0.1251,0.0001889983,1.8765,101
0.126,0.0002141756,1.89,48,0.126,9.701686E-05,1.89,102
0.1269,0.0001319295,1.9035,48,0.1269,1.107805E-05,1.9035,105
0.1278,1.007095E-06,1.917,48,0.1278,6.61326E-05,1.917,102
0.1287,3.491264E-05,1.9305,48,0.1287,4.800488E-05,1.9305,100
0.1296,6.6804E-05,1.944,47,0.1296,-7.049668E-06,1.944,102
0.1305,3.121996E-05,1.9575,47,0.1305,7.721065E-06,1.9575,102
0.1314,7.217517E-05,1.971,47,0.1314,2.349889E-06,1.971,101
0.1323,8.89601E-05,1.9845,47,0.1323,-3.256275E-05,1.9845,102
0.1332,-1.107805E-05,1.998,48,0.1332,-0.0001084306,1.998,103
0.1341,-6.61326E-05,2.0115,46,0.1341,-0.0001839628,2.0115,103
0.135,-2.18204E-05,2.025,46,0.135,-0.0002403601,2.025,104
0.1359,-4.49836E-05,2.0385,46,0.1359,-0.0002682231,2.0385,104
0.1368,-7.049668E-06,2.052,45,0.1368,-0.0002786297,2.052,103
0.1377,-1.947051E-05,2.0655,47,0.1377,-0.0002400244,2.0655,104
0.1386,-7.821774E-05,2.079,46,0.1386,-0.0002030976,2.079,104
0.1395,-4.733349E-05,2.0925,48,0.1395,-0.0002312963,2.0925,100
0.1404,-5.673304E-05,2.106,46,0.1404,-0.0002007477,2.106,104
0.1413,-0.0001238727,2.1195,46,0.1413,-2.618448E-05,2.1195,99
0.1422,-7.083238E-05,2.133,45,0.1422,6.6804E-05,2.133,100
0.1431,-4.061952E-05,2.1465,45,0.1431,0.0001013809,2.1465,105
0.144,-0.0001215228,2.16,45,0.144,0.0001930266,2.16,101
0.1449,-6.411841E-05,2.1735,47,0.1449,0.0002500954,2.1735,103
0.1458,-8.392462E-06,2.187,45,0.1458,0.0002725872,2.187,101
0.1467,-3.558404E-05,2.2005,45,0.1467,0.0002386816,2.2005,104
0.1476,-6.411841E-05,2.214,46,0.1476,9.903105E-05,2.214,104
0.1485,2.685588E-05,2.2275,46,0.1485,3.457694E-05,2.2275,102
0.1494,-3.256275E-05,2.241,46,0.1494,2.752728E-05,2.241,101
0.1503,-2.685588E-05,2.2545,49,0.1503,-3.088426E-05,2.2545,103
0.1512,2.349889E-06,2.268,47,0.1512,-2.316319E-05,2.268,100
0.1521,1.510643E-05,2.2815,49,0.1521,-2.316319E-05,2.2815,101
0.153,6.378271E-06,2.295,47,0.153,-7.016098E-05,2.295,101
0.1539,6.881819E-05,2.3085,46,0.1539,-7.687495E-05,2.3085,100
0.1548,2.652018E-05,2.322,49,0.1548,-1.342794E-05,2.322,99
0.1557,6.54612E-05,2.3355,48,0.1557,-8.661021E-05,2.3355,103
0.1566,0.0001077592,2.349,46,0.1566,-0.0001463645,2.349,100
0.1575,7.284657E-05,2.3625,48,0.1575,-8.72816E-05,2.3625,103
0.1584,1.309224E-05,2.376,48,0.1584,-0.0001077592,2.376,100
0.1593,5.673304E-05,2.3895,49,0.1593,-0.0001295796,2.3895,103
0.1602,8.82887E-05,2.403,47,0.1602,-0.0001426719,2.403,103
0.1611,1.846342E-05,2.4165,49,0.1611,-0.0001238727,2.4165,101
0.162,4.129091E-05,2.43,48,0.162,4.901198E-05,2.43,100
0.1629,1.577783E-05,2.4435,49,0.1629,7.821774E-05,2.4435,98
0.1638,-1.174945E-05,2.457,48,0.1638,-1.107805E-05,2.457,97
0.1647,-8.526741E-05,2.4705,49,0.1647,0,2.4705,102
0.1656,-7.486076E-05,2.484,49,0.1656,7.888914E-05,2.484,100
0.1665,-3.457694E-05,2.4975,49,0.1665,0.0001876554,2.4975,104
0.1674,-4.49836E-05,2.511,49,0.1674,7.486076E-05,2.511,103
0.1683,-0.0001245441,2.5245,49,0.1683,-3.524834E-05,2.5245,102
0.1692,0.0001252155,2.538,50,0.1692,2.316319E-05,2.538,102
0.1701,0.0003612116,2.5515,49,0.1701,-6.076142E-05,2.5515,98
0.171,0.0001782559,2.565,50,0.171,-5.337606E-05,2.565,100
0.1719,7.049668E-06,2.5785,51,0.1719,-7.351797E-05,2.5785,103
0.1728,-7.385367E-06,2.592,51,0.1728,-0.0001312581,2.592,100
0.1737,-3.591974E-05,2.6055,50,0.1737,-0.0001889983,2.6055,99
0.1746,-0.0001064164,2.619,51,0.1746,-0.0001436789,2.619,100
0.1755,-0.0002192111,2.6325,50,0.1755,-0.0001332723,2.6325,100
0.1764,-0.0002108186,2.646,51,0.1764,-0.0001077592,2.646,98
0.1773,2.349889E-06,2.6595,51,0.1773,-2.349889E-06,2.6595,103
0.1782,-6.915389E-05,2.673,52,0.1782,0.0001077592,2.673,100
0.1791,-8.325322E-05,2.6865,50,0.1791,0.0002447242,2.6865,100
0.18,8.023193E-05,2.7,51,0.18,0.000249424,2.7,101
0.1809,0.0001117876,2.7135,52,0.1809,0.0002554666,2.7135,99
0.1818,8.661021E-05,2.727,51,0.1818,0.0002692302,2.727,100
0.1827,0.0001785916,2.7405,51,0.1827,0.0001842985,2.7405,101
0.1836,7.721065E-05,2.754,50,0.1836,6.042573E-05,2.754,99
0.1845,-0.0001426719,2.7675,52,0.1845,1.779202E-05,2.7675,100
0.1854,-8.996719E-05,2.781,53,0.1854,-1.376364E-05,2.781,101
0.1863,6.814679E-05,2.7945,51,0.1863,-1.275654E-05,2.7945,97
0.1872,4.934768E-05,2.808,52,0.1872,8.056763E-06,2.808,100
0.1881,2.450599E-05,2.8215,52,0.1881,-4.162661E-05,2.8215,100
0.189,0.0001010452,2.835,52,0.189,-0.0001218585,2.835,101
0.1899,6.881819E-05,2.8485,51,0.1899,-0.0001668421,2.8485,99
0.1908,-2.21561E-05,2.862,52,0.1908,-0.0002165255,2.862,99
0.1917,-9.097429E-05,2.8755,52,0.1917,-0.0001943694,2.8755,101
0.1926,-4.196231E-05,2.889,52,0.1926,-0.0001705348,2.889,98
0.1935,-0.0001020523,2.9025,53,0.1935,-0.0001346151,2.9025,97
0.1944,-0.0001591211,2.916,52,0.1944,-6.277562E-05,2.916,102
0.1953,-0.0001564355,2.9295,51,0.1953,0.000190341,2.9295,98
0.1962,-0.0001292439,2.943,52,0.1962,0.000235996,2.943,98
0.1971,3.558404E-05,2.9565,51,0.1971,6.57969E-05,2.9565,97
0.198,0.0001947051,2.97,52,0.198,2.987716E-05,2.97,100
0.1989,8.426032E-05,2.9835,53,0.1989,1.376364E-05,2.9835,98
0.1998,5.874724E-05,2.997,53,0.1998,-1.208515E-05,2.997,98
0.2007,0.0001084306,3.0105,53,0.2007,-3.457694E-05,3.0105,99
0.2016,-5.639734E-05,3.024,54,0.2016,-4.33051E-05,3.024,98
0.2025,-8.89601E-05,3.0375,53,0.2025,-4.263371E-05,3.0375,96
0.2034,-9.735256E-05,3.051,54,0.2034,-4.46479E-05,3.051,96
0.2043,-0.0001161517,3.0645,53,0.2043,-7.989624E-05,3.0645,102
0.2052,-0.0001856413,3.078,0,0.2052,-7.687495E-05,3.078,0
0.2061,-9.701686E-05,3.0915,0,0.2061,-8.090334E-05,3.0915,0
0.207,6.74754E-05,3.105,0,0.207,-0.0001161517,3.105,0
0.2079,8.69459E-05,3.1185,0,0.2079,-0.0001188373,3.1185,0
0.2088,-3.558404E-05,3.132,0,0.2088,-6.57969E-05,3.132,0
0.2097,-1.208515E-05,3.1455,0,0.2097,-5.438316E-05,3.1455,0
0.2106,3.424125E-05,3.159,0,0.2106,-0.0001054093,3.159,0
0.2115,-3.524834E-05,3.1725,0,0.2115,-6.74754E-05,3.1725,0
0.2124,2.014191E-06,3.186,0,0.2124,-1.779202E-05,3.186,0
0.2133,1.040665E-05,3.1995,0,0.2133,-9.231708E-05,3.1995,0
0.2142,-6.311131E-05,3.213,0,0.2142,-0.0001232013,3.213,0
0.2151,-5.874724E-05,3.2265,0,0.2151,-0.0001171588,3.2265,0
0.216,6.378271E-06,3.24,0,0.216,-8.191043E-05,3.24,0
0.2169,-1.846342E-05,3.2535,0,0.2169,-5.270466E-05,3.2535,0
0.2178,-1.342794E-06,3.267,0,0.2178,-7.351797E-05,3.267,0
0.2187,2.1149E-05,3.2805,0,0.2187,-6.848249E-05,3.2805,0
0.2196,-2.584878E-05,3.294,0,0.2196,-3.323415E-05,3.294,0
0.2205,1.510643E-05,3.3075,0,0.2205,-5.304036E-05,3.3075,0
0.2214,3.726253E-05,3.321,0,0.2214,-8.996719E-05,3.321,0
0.2223,-3.927672E-05,3.3345,0,0.2223,-3.927672E-05,3.3345,0
0.2232,-1.678492E-05,3.348,0,0.2232,-3.054856E-05,3.348,0
0.2241,2.1149E-05,3.3615,0,0.2241,-5.169757E-05,3.3615,0
0.225,-6.076142E-05,3.375,0,0.225,-3.994812E-05,3.375,0
0.2259,-1.913481E-05,3.3885,0,0.2259,-3.021286E-06,3.3885,0
0.2268,2.819867E-05,3.402,0,0.2268,-1.577783E-05,3.402,0
0.2277,3.793393E-05,3.4155,0,0.2277,-2.24918E-05,3.4155,0
0.2286,-6.378271E-05,3.429,0,0.2286,-3.826963E-05,3.429,0
0.2295,3.692683E-06,3.4425,0,0.2295,-9.533837E-05,3.4425,0
0.2304,1.947051E-05,3.456,0,0.2304,-0.0001117876,3.456,0
0.2313,-3.356985E-06,3.4695,0,0.2313,-8.358892E-05,3.4695,0
0.2322,-4.36408E-06,3.483,0,0.2322,-2.014191E-06,3.483,0
0.2331,-5.706874E-06,3.4965,0,0.2331,5.606165E-05,3.4965,0
0.234,-2.24918E-05,3.51,0,0.234,0.0001188373,3.51,0
0.2349,-2.316319E-05,3.5235,0,0.2349,0.0001070878,3.5235,0
0.2358,-4.061952E-05,3.537,0,0.2358,0.0001265583,3.537,0
0.2367,-6.176852E-05,3.5505,0,0.2367,0.0001030594,3.5505,0
0.2376,2.21561E-05,3.564,0,0.2376,8.023193E-05,3.564,0
0.2385,-1.007095E-06,3.5775,0,0.2385,9.500267E-05,3.5775,0
0.2394,5.203327E-05,3.591,0,0.2394,3.323415E-05,3.591,0
0.2403,4.699779E-05,3.6045,0,0.2403,-1.174945E-05,3.6045,0
0.2412,-1.980621E-05,3.618,0,0.2412,-5.404745E-05,3.618,0
0.2421,4.196231E-05,3.6315,0,0.2421,-4.867628E-05,3.6315,0
0.243,0.0001030594,3.645,0,0.243,-1.242084E-05,3.645,0
0.2439,0.0001514,3.6585,0,0.2439,-4.565499E-05,3.6585,0
0.2448,0.0001326009,3.672,0,0.2448,-4.263371E-05,3.672,0
0.2457,-6.948959E-05,3.6855,0,0.2457,-2.014191E-05,3.6855,0
0.2466,-0.0001507286,3.699,0,0.2466,-2.584878E-05,3.699,0
0.2475,-9.735256E-05,3.7125,0,0.2475,1.309224E-05,3.7125,0
0.2484,-0.000161471,3.726,0,0.2484,3.692683E-06,3.726,0
0.2493,-0.000169192,3.7395,0,0.2493,1.544213E-05,3.7395,0
0.2502,-4.733349E-05,3.753,0,0.2502,-5.102617E-05,3.753,0
0.2511,8.82887E-05,3.7665,0,0.2511,-6.210422E-05,3.7665,0
0.252,3.121996E-05,3.78,0,0.252,1.577783E-05,3.78,0
0.2529,-2.349889E-06,3.7935,0,0.2529,-3.927672E-05,3.7935,0
0.2538,8.090334E-05,3.807,0,0.2538,-9.768826E-05,3.807,0
0.2547,1.174945E-05,3.8205,0,0.2547,-9.097429E-05,3.8205,0
0.2556,-4.934768E-05,3.834,0,0.2556,-5.169757E-05,3.834,0
0.2565,1.007095E-06,3.8475,0,0.2565,4.33051E-05,3.8475,0
0.2574,-6.378271E-05,3.861,0,0.2574,6.915389E-05,3.861,0
0.2583,-1.611353E-05,3.8745,0,0.2583,1.242084E-05,3.8745,0
0.2592,-5.941863E-05,3.888,0,0.2592,-3.356985E-06,3.888,0
0.2601,-0.0001510643,3.9015,0,0.2601,2.28275E-05,3.9015,0
0.261,-4.934768E-05,3.915,0,0.261,7.721065E-06,3.915,0
0.2619,-1.107805E-05,3.9285,0,0.2619,-3.591974E-05,3.9285,0
0.2628,-7.486076E-05,3.942,0,0.2628,-2.349889E-06,3.942,0
0.2637,-9.063859E-06,3.9555,0,0.2637,1.040665E-05,3.9555,0
0.2646,8.761731E-05,3.969,0,0.2646,-3.659113E-05,3.969,0
0.2655,7.956054E-05,3.9825,0,0.2655,4.901198E-05,3.9825,0
0.2664,0.000154757,3.996,0,0.2664,0.0001567712,3.996,0
0.2673,0.0002124971,4.0095,0,0.2673,8.426032E-05,4.0095,0
0.2682,0.0001420005,4.023,0,0.2682,5.337606E-05,4.023,0
0.2691,4.599069E-05,4.0365,0,0.2691,-1.007095E-05,4.0365,0
0.27,7.721065E-06,4.05,0,0.27,-0.0001305867,4.05,0
0.2709,-1.678492E-06,4.0635,0,0.2709,-0.0001497215,4.0635,0
0.2718,-1.376364E-05,4.077,0,0.2718,-0.0001305867,4.077,0
0.2727,5.035477E-06,4.0905,0,0.2727,-0.0001107805,4.0905,0
0.2736,5.404745E-05,4.104,0,0.2736,-0.0001178302,4.104,0
0.2745,1.443504E-05,4.1175,0,0.2745,-0.000161471,4.1175,0
0.2754,7.452507E-05,4.131,0,0.2754,-1.107805E-05,4.131,0
0.2763,7.150377E-05,4.1445,0,0.2763,5.874724E-05,4.1445,0
0.2772,0.0001748989,4.158,0,0.2772,4.733349E-05,4.158,0
0.2781,0.0001386435,4.1715,0,0.2781,-2.316319E-05,4.1715,0
0.279,-0.0001144732,4.185,0,0.279,-7.586786E-05,4.185,0
0.2799,-9.399557E-05,4.1985,0,0.2799,-8.996719E-05,4.1985,0
0.2808,-1.040665E-05,4.212,0,0.2808,-0.0001211871,4.212,0
0.2817,-2.987716E-05,4.2255,0,0.2817,-0.0001292439,4.2255,0
0.2826,-4.061952E-05,4.239,0,0.2826,-5.404745E-05,4.239,0
0.2835,-4.800488E-05,4.2525,0,0.2835,3.659113E-05,4.2525,0
0.2844,-4.565499E-05,4.266,0,0.2844,6.109713E-05,4.266,0
0.2853,-4.061952E-05,4.2795,0,0.2853,-1.409934E-05,4.2795,0
0.2862,-0.0001420005,4.293,0,0.2862,3.826963E-05,4.293,0
0.2871,-0.0001782559,4.3065,0,0.2871,7.486076E-05,4.3065,0
0.288,-8.358892E-05,4.32,0,0.288,1.510643E-05,4.32,0
0.2889,-1.174945E-05,4.3335,0,0.2889,-4.699779E-06,4.3335,0
0.2898,1.510643E-05,4.347,0,0.2898,-3.256275E-05,4.347,0
0.2907,2.349889E-06,4.3605,0,0.2907,-7.553216E-05,4.3605,0
0.2916,3.457694E-05,4.374,0,0.2916,-9.097429E-05,4.374,0
0.2925,-4.061952E-05,4.3875,0,0.2925,-4.733349E-05,4.3875,0
0.2934,-1.980621E-05,4.401,0,0.2934,-2.920577E-05,4.401,0
0.2943,9.903105E-05,4.4145,0,0.2943,-5.304036E-05,4.4145,0
0.2952,8.96315E-05,4.428,0,0.2952,-7.049668E-06,4.428,0
0.2961,-6.243992E-05,4.4415,0,0.2961,2.18204E-05,4.4415,0
0.297,-0.0001346151,4.455,0,0.297,-1.644922E-05,4.455,0
0.2979,-0.0001117876,4.4685,0,0.2979,1.644922E-05,4.4685,0
0.2988,-7.083238E-05,4.482,0,0.2988,3.054856E-05,4.482,0
0.2997,-0.0001883268,4.4955,0,0.2997,2.685588E-06,4.4955,0
0.3006,-0.0001510643,4.509,0,0.3006,-5.371176E-06,4.509,0
0.3015,-7.251087E-05,4.5225,0,0.3015,3.659113E-05,4.5225,0
0.3024,8.560311E-05,4.536,0,0.3024,2.853437E-05,4.536,0
0.3033,0.0001144732,4.5495,0,0.3033,-1.577783E-05,4.5495,0
0.3042,2.752728E-05,4.563,0,0.3042,-9.500267E-05,4.563,0
0.3051,2.014191E-05,4.5765,0,0.3051,-0.0001248798,4.5765,0
0.306,-5.975433E-05,4.59,0,0.306,-8.291753E-05,4.59,0
0.3069,-8.191043E-05,4.6035,0,0.3069,-9.365987E-05,4.6035,0
0.3078,-4.36408E-05,4.617,0,0.3078,-0.0001383078,4.617,0
0.3087,8.493171E-05,4.6305,0,0.3087,-5.606165E-05,4.6305,0
0.3096,-2.987716E-05,4.644,0,0.3096,0.0001094377,4.644,0
0.3105,-5.874724E-05,4.6575,0,0.3105,0.0001668421,4.6575,0
0.3114,3.726253E-05,4.671,0,0.3114,0.000186984,4.671,0
0.3123,7.687495E-05,4.6845,0,0.3123,0.0001077592,4.6845,0
0.3132,-6.74754E-05,4.698,0,0.3132,8.560311E-05,4.698,0
0.3141,-5.539025E-05,4.7115,0,0.3141,0.0001252155,4.7115,0
0.315,5.941863E-05,4.725,0,0.315,0.0001111162,4.725,0
0.3159,0.0001282368,4.7385,0,0.3159,4.49836E-05,4.7385,0
0.3168,4.666209E-05,4.752,0,0.3168,4.229801E-05,4.752,0
0.3177,1.712062E-05,4.7655,0,0.3177,6.109713E-05,4.7655,0
0.3186,3.692683E-06,4.779,0,0.3186,1.007095E-05,4.779,0
0.3195,-0.0001111162,4.7925,0,0.3195,-7.821774E-05,4.7925,0
0.3204,-7.653925E-05,4.806,0,0.3204,-0.0002353246,4.806,0
0.3213,-5.136187E-05,4.8195,0,0.3213,-0.000158114,4.8195,0
0.3222,-0.0001148089,4.833,0,0.3222,-8.358892E-05,4.833,0
0.3231,-0.0001151446,4.8465,0,0.3231,1.007095E-06,4.8465,0
0.324,-6.210422E-05,4.86,0,0.324,4.33051E-05,4.86,0
0.3249,-8.023193E-05,4.8735,0,0.3249,5.203327E-05,4.8735,0
0.3258,-4.934768E-05,4.887,0,0.3258,3.558404E-05,4.887,0
0.3267,-5.270466E-05,4.9005,0,0.3267,2.551309E-05,4.9005,0
0.3276,-9.298848E-05,4.914,0,0.3276,3.323415E-05,4.914,0
0.3285,-5.706874E-06,4.9275,0,0.3285,3.256275E-05,4.9275,0
0.3294,1.879912E-05,4.941,0,0.3294,6.042573E-05,4.941,0
0.3303,-4.53193E-05,4.9545,0,0.3303,8.82887E-05,4.9545,0
0.3312,2.316319E-05,4.968,0,0.3312,2.1149E-05,4.968,0
0.3321,7.016098E-05,4.9815,0,0.3321,-6.74754E-05,4.9815,0
0.333,1.275654E-05,4.995,0,0.333,-1.174945E-05,4.995,0
0.3339,8.560311E-05,5.0085,0,0.3339,-5.001907E-05,5.0085,0
0.3348,0.0001017166,5.022,0,0.3348,-0.0001252155,5.022,0
0.3357,6.78111E-05,5.0355,0,0.3357,-0.0001141375,5.0355,0
0.3366,-1.040665E-05,5.049,0,0.3366,-9.030289E-05,5.049,0
0.3375,0.0001164874,5.0625,0,0.3375,-2.24918E-05,5.0625,0
0.3384,0.0001366293,5.076,0,0.3384,2.28275E-05,5.076,0
0.3393,9.130999E-05,5.0895,0,0.3393,-3.021286E-05,5.0895,0
0.3402,0.0001574426,5.103,0,0.3402,-3.826963E-05,5.103,0
0.3411,0.0001849699,5.1165,0,0.3411,-4.599069E-05,5.1165,0
0.342,0.0001574426,5.13,0,0.342,-8.560311E-05,5.13,0
0.3429,0.0001107805,5.1435,0,0.3429,-0.0001221943,5.1435,0
0.3438,5.438316E-05,5.157,0,0.3438,-6.143282E-05,5.157,0
0.3447,3.524834E-05,5.1705,0,0.3447,-2.719158E-05,5.1705,0
0.3456,4.36408E-05,5.184,0,0.3456,-4.43122E-05,5.184,0
0.3465,-5.203327E-05,5.1975,0,0.3465,-2.920577E-05,5.1975,0
0.3474,-9.164568E-05,5.211,0,0.3474,-2.987716E-05,5.211,0
0.3483,-8.795301E-05,5.2245,0,0.3483,-7.150377E-05,5.2245,0
0.3492,-0.0001571069,5.238,0,0.3492,1.913481E-05,5.238,0
0.3501,-0.0001752346,5.2515,0,0.3501,1.174945E-05,5.2515,0
0.351,-0.0001695277,5.265,0,0.351,-0.0001151446,5.265,0
0.3519,-0.000148043,5.2785,0,0.3519,-9.030289E-05,5.2785,0
0.3528,-7.150377E-05,5.292,0,0.3528,-8.426032E-05,5.292,0
0.3537,-7.721065E-06,5.3055,0,0.3537,-7.788205E-05,5.3055,0
0.3546,0.0001013809,5.319,0,0.3546,-8.593881E-05,5.319,0
0.3555,0.0001279011,5.3325,0,0.3555,-0.0001346151,5.3325,0
0.3564,3.692683E-06,5.346,0,0.3564,-0.0001080949,5.346,0
0.3573,-3.256275E-05,5.3595,0,0.3573,-4.53193E-05,5.3595,0
0.3582,3.558404E-05,5.373,0,0.3582,-6.009003E-05,5.373,0
0.3591,2.887007E-05,5.3865,0,0.3591,-9.198138E-05,5.3865,0
0.36,3.356985E-06,5.4,0,0.36,-1.947051E-05,5.4,0
0.3609,0.0001688563,5.4135,0,0.3609,-1.443504E-05,5.4135,0
0.3618,0.0001258869,5.427,0,0.3618,-6.378271E-05,5.427,0
0.3627,1.174945E-05,5.4405,0,0.3627,1.745632E-05,5.4405,0
0.3636,-3.692683E-06,5.454,0,0.3636,5.471885E-05,5.454,0
0.3645,-9.735256E-06,5.4675,0,0.3645,2.24918E-05,5.4675,0
0.3654,-5.975433E-05,5.481,0,0.3654,-1.242084E-05,5.481,0
0.3663,-1.544213E-05,5.4945,0,0.3663,-1.275654E-05,5.4945,0
0.3672,3.692683E-06,5.508,0,0.3672,6.344701E-05,5.508,0
0.3681,-0.0001530785,5.5215,0,0.3681,-7.150377E-05,5.5215,0
0.369,-0.0001832914,5.535,0,0.369,-9.802396E-05,5.535,0
0.3699,-7.486076E-05,5.5485,0,0.3699,5.136187E-05,5.5485,0
0.3708,-0.0001131304,5.562,0,0.3708,0.000154757,5.562,0
0.3717,-5.304036E-05,5.5755,0,0.3717,0.0002098116,5.5755,0
0.3726,7.217517E-05,5.589,0,0.3726,0.0001550927,5.589,0
0.3735,8.392462E-06,5.6025,0,0.3735,5.035477E-05,5.6025,0
0.3744,7.385367E-06,5.616,0,0.3744,-0.0001164874,5.616,0
0.3753,-1.980621E-05,5.6295,0,0.3753,-0.0001977264,5.6295,0
0.3762,-0.0001634852,5.643,0,0.3762,-0.0001262226,5.643,0
0.3771,-0.0001896696,5.6565,0,0.3771,-5.069047E-05,5.6565,0
0.378,-0.0001742275,5.67,0,0.378,9.567407E-05,5.67,0
0.3789,-0.0002306248,5.6835,0,0.3789,0.0002521096,5.6835,0
0.3798,-0.000105745,5.697,0,0.3798,0.000193698,5.697,0
0.3807,9.365987E-05,5.7105,0,0.3807,0.0001376364,5.7105,0
0.3816,0.0001762417,5.724,0,0.3816,0.0001299153,5.724,0
0.3825,5.807584E-05,5.7375,0,0.3825,8.358892E-05,5.7375,0
0.3834,-5.841154E-05,5.751,0,0.3834,5.404745E-05,5.751,0
0.3843,-9.735256E-05,5.7645,0,0.3843,-2.047761E-05,5.7645,0
0.3852,-6.814679E-05,5.778,0,0.3852,-8.82887E-05,5.778,0
0.3861,4.867628E-05,5.7915,0,0.3861,-0.000102388,5.7915,0
0.387,0.0001245441,5.805,0,0.387,-8.92958E-05,5.805,0
0.3879,9.634547E-05,5.8185,0,0.3879,-7.687495E-05,5.8185,0
0.3888,7.351797E-05,5.832,0,0.3888,-6.74754E-05,5.832,0
0.3897,5.471885E-05,5.8455,0,0.3897,-2.618448E-05,5.8455,0
0.3906,4.129091E-05,5.859,0,0.3906,-5.908293E-05,5.859,0
0.3915,2.652018E-05,5.8725,0,0.3915,-8.661021E-05,5.8725,0
0.3924,1.678492E-06,5.886,0,0.3924,-6.076142E-05,5.886,0
0.3933,-4.53193E-05,5.8995,0,0.3933,-0.0001117876,5.8995,0
0.3942,-8.89601E-05,5.913,0,0.3942,-0.0001148089,5.913,0
0.3951,-0.0001000381,5.9265,0,0.3951,-8.72816E-05,5.9265,0
0.396,2.652018E-05,5.94,0,0.396,3.659113E-05,5.94,0
0.3969,3.793393E-05,5.9535,0,0.3969,6.411841E-05,5.9535,0
0.3978,-0.0001292439,5.967,0,0.3978,5.706874E-05,5.967,0
0.3987,-0.0001104448,5.9805,0,0.3987,3.121996E-05,5.9805,0
0.3996,-4.867628E-05,5.994,0,0.3996,-2.28275E-05,5.994,0
0.4005,-0.0001742275,6.0075,0,0.4005,-7.049668E-06,6.0075,0
0.4014,-0.0001420005,6.021,0,0.4014,3.356985E-06,6.021,0
0.4023,2.047761E-05,6.0345,0,0.4023,-4.061952E-05,6.0345,0
0.4032,6.411841E-05,6.048,0,0.4032,-8.627451E-05,6.048,0
0.4041,6.814679E-05,6.0615,0,0.4041,-5.941863E-05,6.0615,0
0.405,6.009003E-05,6.075,0,0.405,-3.894102E-05,6.075,0
0.4059,3.524834E-05,6.0885,0,0.4059,-1.779202E-05,6.0885,0
0.4068,3.961242E-05,6.102,0,0.4068,-6.344701E-05,6.102,0
0.4077,9.768826E-05,6.1155,0,0.4077,-0.0001272297,6.1155,0
0.4086,1.174945E-05,6.129,0,0.4086,-0.0001299153,6.129,0
0.4095,-9.164568E-05,6.1425,0,0.4095,-6.478981E-05,6.1425,0
0.4104,-7.083238E-05,6.156,0,0.4104,-1.712062E-05,6.156,0
0.4113,-7.721065E-06,6.1695,0,0.4113,2.819867E-05,6.1695,0
0.4122,1.007095E-05,6.183,0,0.4122,-8.728161E-06,6.183,0
0.4131,6.74754E-05,6.1965,0,0.4131,-4.766919E-05,6.1965,0
0.414,0.0001873197,6.21,0,0.414,2.417029E-05,6.21,0
0.4149,0.0002165255,6.2235,0,0.4149,-8.392462E-06,6.2235,0
0.4158,0.000112459,6.237,0,0.4158,-9.936675E-05,6.237,0
0.4167,1.846342E-05,6.2505,0,0.4167,-0.0001463645,6.2505,0
0.4176,-8.123904E-05,6.264,0,0.4176,-0.0001473716,6.264,0
0.4185,-3.793393E-05,6.2775,0,0.4185,-0.0001275654,6.2775,0
0.4194,-3.256275E-05,6.291,0,0.4194,-0.0001695277,6.291,0
0.4203,-1.745632E-05,6.3045,0,0.4203,-0.0001373007,6.3045,0
0.4212,8.392462E-06,6.318,0,0.4212,1.141375E-05,6.318,0
0.4221,0.0001134661,6.3315,0,0.4221,0.0001044022,6.3315,0
0.423,6.814679E-05,6.345,0,0.423,8.493171E-05,6.345,0
0.4239,5.706874E-06,6.3585,0,0.4239,5.539025E-05,6.3585,0
0.4248,-1.040665E-05,6.372,0,0.4248,6.411841E-05,6.372,0
0.4257,3.390555E-05,6.3855,0,0.4257,3.054856E-05,6.3855,0
0.4266,6.344701E-05,6.399,0,0.4266,-3.021286E-06,6.399,0
0.4275,-6.009003E-05,6.4125,0,0.4275,-4.867628E-05,6.4125,0
0.4284,-8.358892E-05,6.426,0,0.4284,-7.284657E-05,6.426,0
0.4293,-8.627451E-05,6.4395,0,0.4293,-0.0001211871,6.4395,0
0.4302,-8.661021E-05,6.453,0,0.4302,-0.0001940337,6.453,0
0.4311,-6.378271E-06,6.4665,0,0.4311,-0.0002232395,6.4665,0
0.432,-9.399558E-06,6.48,0,0.432,-0.0002910506,6.48,0
0.4329,-3.927672E-05,6.4935,0,0.4329,-0.0003783322,6.4935,0
0.4338,3.860533E-05,6.507,0,0.4338,-0.0001816129,6.507,0
0.4347,-2.517739E-05,6.5205,0,0.4347,-3.424125E-05,6.5205,0
0.4356,-0.000115816,6.534,0,0.4356,-8.89601E-05,6.534,0
0.4365,-4.33051E-05,6.5475,0,0.4365,0.0001574426,6.5475,0
0.4374,0.0001376364,6.561,0,0.4374,0.0002091402,6.561,0
0.4383,0.0001842985,6.5745,0,0.4383,0.0002628519,6.5745,0
0.4392,0.0001030594,6.588,0,0.4392,0.0003414054,6.588,0
0.4401,6.009003E-05,6.6015,0,0.4401,0.0002574807,6.6015,0
0.441,8.560311E-05,6.615,0,0.441,0.0002218967,6.615,0
0.4419,0.0001218585,6.6285,0,0.4419,0.0002353246,6.6285,0
0.4428,5.606165E-05,6.642,0,0.4428,0.0001769131,6.642,0
0.4437,-5.438316E-05,6.6555,0,0.4437,1.342794E-06,6.6555,0
0.4446,-1.846342E-05,6.669,0,0.4446,0.0001044022,6.669,0
0.4455,0.0001500572,6.6825,0,0.4455,0.0001863127,6.6825,0
0.4464,0.0001675135,6.696,0,0.4464,9.097429E-05,6.696,0
0.4473,-1.779202E-05,6.7095,0,0.4473,-7.049668E-05,6.7095,0
0.4482,-8.96315E-05,6.723,0,0.4482,-6.277562E-05,6.723,0
0.4491,-5.236896E-05,6.7365,0,0.4491,-4.733349E-05,6.7365,0
0.45,4.39765E-05,6.75,0,0.45,-7.821774E-05,6.75,0
0.4509,5.337606E-05,6.7635,0,0.4509,-0.0001154803,6.7635,0
0.4518,-6.54612E-05,6.777,0,0.4518,-8.325322E-05,6.777,0
0.4527,-4.632639E-05,6.7905,0,0.4527,-6.009003E-05,6.7905,0
0.4536,-3.356985E-07,6.804,0,0.4536,-0.0001215228,6.804,0
0.4545,-6.076142E-05,6.8175,0,0.4545,-0.0001258869,6.8175,0
0.4554,-6.411841E-05,6.831,0,0.4554,-0.0001070878,6.831,0
0.4563,-8.224613E-05,6.8445,0,0.4563,-0.0001440146,6.8445,0
0.4572,-6.076142E-05,6.858,0,0.4572,-0.0001010452,6.858,0
0.4581,-5.539025E-05,6.8715,0,0.4581,1.611353E-05,6.8715,0
0.459,9.399558E-06,6.885,0,0.459,2.752728E-05,6.885,0
0.4599,-2.786297E-05,6.8985,0,0.4599,2.920577E-05,6.8985,0
0.4608,-6.948959E-05,6.912,0,0.4608,6.948959E-05,6.912,0
0.4617,-0.000144686,6.9255,0,0.4617,5.941863E-05,6.9255,0
0.4626,-0.0001769131,6.939,0,0.4626,4.632639E-05,6.939,0
0.4635,-0.0001483787,6.9525,0,0.4635,5.203327E-05,6.9525,0
0.4644,-0.0001712062,6.966,0,0.4644,-7.049668E-06,6.966,0
0.4653,-0.0001423362,6.9795,0,0.4653,-2.584878E-05,6.9795,0
0.4662,-5.606165E-05,6.993,0,0.4662,-6.478981E-05,6.993,0
0.4671,-5.740444E-05,7.0065,0,0.4671,-0.0001594568,7.0065,0
0.468,2.24918E-05,7.02,0,0.468,-7.452507E-05,7.02,0
0.4689,0.0001185016,7.0335,0,0.4689,-3.457694E-05,7.0335,0
0.4698,0.0001003738,7.047,0,0.4698,-6.243992E-05,7.047,0
0.4707,5.606165E-05,7.0605,0,0.4707,-2.887007E-05,7.0605,0
0.4716,-1.107805E-05,7.074,0,0.4716,-1.678492E-06,7.074,0
0.4725,-1.745632E-05,7.0875,0,0.4725,1.510643E-05,7.0875,0
0.4734,-9.365987E-05,7.101,0,0.4734,6.009003E-05,7.101,0
0.4743,-0.0001708705,7.1145,0,0.4743,3.021286E-05,7.1145,0
0.4752,-0.0002380102,7.128,0,0.4752,1.846342E-05,7.128,0
0.4761,-0.0001534142,7.1415,0,0.4761,2.517739E-05,7.1415,0
0.477,-0.0001524071,7.155,0,0.477,4.196231E-05,7.155,0
0.4779,-0.0001712062,7.1685,0,0.4779,-0.0001144732,7.1685,0
0.4788,-0.0001524071,7.182,0,0.4788,-9.567407E-05,7.182,0
0.4797,5.337606E-05,7.1955,0,0.4797,-6.076142E-05,7.1955,0
0.4806,0.0002373388,7.209,0,0.4806,-0.0001084306,7.209,0
0.4815,0.0001654994,7.2225,0,0.4815,-8.157473E-05,7.2225,0
0.4824,7.217517E-05,7.236,0,0.4824,-9.298848E-05,7.236,0
0.4833,0.0001326009,7.2495,0,0.4833,-7.486076E-05,7.2495,0
0.4842,4.229801E-05,7.263,0,0.4842,-5.874724E-05,7.263,0
0.4851,-1.174945E-05,7.2765,0,0.4851,-4.666209E-05,7.2765,0
0.486,4.867628E-05,7.29,0,0.486,-3.860533E-05,7.29,0
0.4869,-1.040665E-05,7.3035,0,0.4869,3.121996E-05,7.3035,0
0.4878,4.36408E-06,7.317,0,0.4878,4.028382E-06,7.317,0
0.4887,7.083238E-05,7.3305,0,0.4887,3.121996E-05,7.3305,0
0.4896,0.0002138399,7.344,0,0.4896,1.577783E-05,7.344,0
0.4905,0.000112459,7.3575,0,0.4905,-0.0001373007,7.3575,0
0.4914,-3.390555E-05,7.371,0,0.4914,-0.0002823224,7.371,0
0.4923,-4.867628E-05,7.3845,0,0.4923,-0.0003756466,7.3845,0
0.4932,-7.049668E-06,7.398,0,0.4932,-0.0003659113,7.398,0
0.4941,2.18204E-05,7.4115,0,0.4941,-0.0002447242,7.4115,0
0.495,-3.961242E-05,7.425,0,0.495,-4.699779E-05,7.425,0
0.4959,-3.021286E-06,7.4385,0,0.4959,0.0002077974,7.4385,0
0.4968,0.0001379721,7.452,0,0.4968,0.0003884031,7.452,0
0.4977,0.0003461051,7.4655,0,0.4977,0.0005297322,7.4655,0
0.4986,0.0001272297,7.479,0,0.4986,0.0004454719,7.479,0
0.4995,-2.618448E-05,7.4925,0,0.4995,0.0003219348,7.4925,0
0.5004,-2.920577E-05,7.506,0,0.5004,0.0002239109,7.506,0
0.5013,-7.553216E-05,7.5195,0,0.5013,0.0001272297,7.5195,0
0.5022,-0.0001980621,7.533,0,0.5022,8.92958E-05,7.533,0
0.5031,-0.0001423362,7.5465,0,0.5031,7.989624E-05,7.5465,0
0.504,1.040665E-05,7.56,0,0.504,-3.692683E-06,7.56,0
0.5049,-2.24918E-05,7.5735,0,0.5049,-0.0001054093,7.5735,0
0.5058,-1.779202E-05,7.587,0,0.5058,-2.819867E-05,7.587,0
0.5067,3.054856E-05,7.6005,0,0.5067,5.035477E-06,7.6005,0
0.5076,-1.174945E-05,7.614,0,0.5076,-8.023193E-05,7.614,0
0.5085,-7.821774E-05,7.6275,0,0.5085,-4.36408E-05,7.6275,0
0.5094,-9.030289E-05,7.641,0,0.5094,-0.0001151446,7.641,0
0.5103,-0.0001027237,7.6545,0,0.5103,-0.0001708705,7.6545,0
0.5112,-0.0001141375,7.668,0,0.5112,-0.0001769131,7.668,0
0.5121,-0.0001913481,7.6815,0,0.5121,-0.0001923552,7.6815,0
0.513,-0.000154757,7.695,0,0.513,-0.0002010834,7.695,0
0.5139,-0.0001416648,7.7085,0,0.5139,-0.0001467002,7.7085,0
0.5148,-1.309224E-05,7.722,0,0.5148,-0.000148043,7.722,0
0.5157,2.987716E-05,7.7355,0,0.5157,-0.0001040665,7.7355,0
0.5166,-8.426032E-05,7.749,0,0.5166,-8.090334E-05,7.749,0
0.5175,-3.692683E-05,7.7625,0,0.5175,-6.54612E-05,7.7625,0
0.5184,2.24918E-05,7.776,0,0.5184,-4.49836E-05,7.776,0
0.5193,2.349889E-06,7.7895,0,0.5193,-4.867628E-05,7.7895,0
0.5202,7.956054E-05,7.803,0,0.5202,-9.097429E-05,7.803,0
0.5211,0.0001151446,7.8165,0,0.5211,-0.0001668421,7.8165,0
0.522,1.275654E-05,7.83,0,0.522,-0.0001816129,7.83,0
0.5229,0.0001064164,7.8435,0,0.5229,-3.189136E-05,7.8435,0
0.5238,0.0002128328,7.857,0,0.5238,0.0002198825,7.857,0
0.5247,0.0002185397,7.8705,0,0.5247,0.0001571069,7.8705,0
0.5256,9.030289E-05,7.884,0,0.5256,1.174945E-05,7.884,0
0.5265,6.411841E-05,7.8975,0,0.5265,4.867628E-05,7.8975,0
0.5274,4.901198E-05,7.911,0,0.5274,0.000119173,7.911,0
0.5283,2.383459E-05,7.9245,0,0.5283,-5.371176E-05,7.9245,0
0.5292,1.242084E-05,7.938,0,0.5292,-7.083238E-05,7.938,0
0.5301,6.042573E-06,7.9515,0,0.5301,-9.433127E-05,7.9515,0
0.531,9.063859E-06,7.965,0,0.531,-4.901198E-05,7.965,0
0.5319,5.102617E-05,7.9785,0,0.5319,4.061952E-05,7.9785,0
0.5328,4.599069E-05,7.992,0,0.5328,0.0001178302,7.992,0
0.5337,-7.049668E-06,8.0055,0,0.5337,0.0002312963,8.0055,0
0.5346,-3.659113E-05,8.019,0,0.5346,0.000105745,8.019,0
0.5355,-9.164568E-05,8.0325,0,0.5355,-2.853437E-05,8.0325,0
0.5364,-3.054856E-05,8.046,0,0.5364,-5.404745E-05,8.046,0
0.5373,-4.028382E-06,8.0595,0,0.5373,-9.903105E-05,8.0595,0
0.5382,-6.076142E-05,8.073,0,0.5382,-0.0001097734,8.073,0
0.5391,-0.0001366293,8.0865,0,0.5391,-7.653925E-05,8.0865,0
0.54,-0.0001376364,8.1,0,0.54,-0.0001322652,8.1,0
0.5409,-0.0001185016,8.1135,0,0.5409,-0.0001188373,8.1135,0
0.5418,-6.311131E-05,8.127,0,0.5418,-3.793393E-05,8.127,0
0.5427,-9.063859E-05,8.1405,0,0.5427,-5.572595E-05,8.1405,0
0.5436,7.049668E-06,8.154,0,0.5436,2.349889E-06,8.154,0
0.5445,0.0001151446,8.1675,0,0.5445,8.392462E-06,8.1675,0
0.5454,8.426032E-05,8.181,0,0.5454,1.376364E-05,8.181,0
0.5463,2.316319E-05,8.1945,0,0.5463,7.016098E-05,8.1945,0
0.5472,3.994812E-05,8.208,0,0.5472,3.189136E-05,8.208,0
0.5481,-1.141375E-05,8.2215,0,0.5481,-0.000185977,8.2215,0
0.549,-0.0001174945,8.235,0,0.549,-4.263371E-05,8.235,0
0.5499,-5.673304E-05,8.2485,0,0.5499,2.349889E-05,8.2485,0
0.5508,8.89601E-05,8.262,0,0.5508,-9.130999E-05,8.262,0
0.5517,-3.424125E-05,8.2755,0,0.5517,-0.0001379721,8.2755,0
0.5526,-0.0001258869,8.289,0,0.5526,-0.000130251,8.289,0
0.5535,6.311131E-05,8.3025,0,0.5535,-9.768826E-05,8.3025,0
0.5544,0.0002786297,8.316,0,0.5544,-5.136187E-05,8.316,0
0.5553,0.0003132067,8.3295,0,0.5553,-2.014191E-05,8.3295,0
0.5562,-2.652018E-05,8.343,0,0.5562,-1.174945E-05,8.343,0
0.5571,-0.0002010834,8.3565,0,0.5571,-2.047761E-05,8.3565,0
0.558,-0.0002433814,8.37,0,0.558,-0.0001097734,8.37,0
0.5589,-9.399557E-05,8.3835,0,0.5589,-6.54612E-05,8.3835,0
0.5598,-0.000102388,8.397,0,0.5598,1.577783E-05,8.397,0
0.5607,-0.0001151446,8.4105,0,0.5607,-5.807584E-05,8.4105,0
0.5616,2.853437E-05,8.424,0,0.5616,3.356985E-06,8.424,0
0.5625,-3.726253E-05,8.4375,0,0.5625,0.0001386435,8.4375,0
0.5634,-6.64683E-05,8.451,0,0.5634,9.835965E-05,8.451,0
0.5643,-8.392462E-06,8.4645,0,0.5643,9.735256E-06,8.4645,0
0.5652,6.277562E-05,8.478,0,0.5652,-3.356985E-06,8.478,0
0.5661,9.735256E-06,8.4915,0,0.5661,1.309224E-05,8.4915,0
0.567,7.049668E-06,8.505,0,0.567,-4.599069E-05,8.505,0
0.5679,4.49836E-05,8.5185,0,0.5679,-3.323415E-05,8.5185,0
0.5688,3.860533E-05,8.532,0,0.5688,-1.712062E-05,8.532,0
0.5697,6.143282E-05,8.5455,0,0.5697,1.107805E-05,8.5455,0
0.5706,4.39765E-05,8.559,0,0.5706,-2.28275E-05,8.559,0
0.5715,-1.107805E-05,8.5725,0,0.5715,-0.0001258869,8.5725,0
0.5724,-3.994812E-05,8.586,0,0.5724,-0.0001292439,8.586,0
0.5733,-0.0001534142,8.5995,0,0.5733,-3.356985E-05,8.5995,0
0.5742,-7.956054E-05,8.613,0,0.5742,9.365987E-05,8.613,0
0.5751,8.090334E-05,8.6265,0,0.5751,0.0001728847,8.6265,0
0.576,-1.174945E-05,8.64,0,0.576,0.000109102,8.64,0
0.5769,3.860533E-05,8.6535,0,0.5769,4.095522E-05,8.6535,0
0.5778,-8.392462E-06,8.667,0,0.5778,1.577783E-05,8.667,0
0.5787,-2.18204E-05,8.6805,0,0.5787,3.189136E-05,8.6805,0
0.5796,-0.0001010452,8.694,0,0.5796,-1.779202E-05,8.694,0
0.5805,-7.284657E-05,8.7075,0,0.5805,-5.606165E-05,8.7075,0
0.5814,-7.687495E-05,8.721,0,0.5814,-5.941863E-05,8.721,0
0.5823,-2.316319E-05,8.7345,0,0.5823,-5.069047E-05,8.7345,0
0.5832,-3.457694E-05,8.748,0,0.5832,9.332418E-05,8.748,0
0.5841,-0.0001127947,8.7615,0,0.5841,-6.378271E-06,8.7615,0
0.585,-0.0001111162,8.775,0,0.585,-3.793393E-05,8.775,0
0.5859,-4.36408E-06,8.7885,0,0.5859,0.0001913481,8.7885,0
0.5868,-7.721065E-05,8.802,0,0.5868,0.0001688563,8.802,0
0.5877,-6.881819E-05,8.8155,0,0.5877,2.853437E-05,8.8155,0
0.5886,4.028382E-05,8.829,0,0.5886,-8.96315E-05,8.829,0
0.5895,2.652018E-05,8.8425,0,0.5895,-0.0001312581,8.8425,0
0.5904,1.376364E-05,8.856,0,0.5904,-0.000158114,8.856,0
0.5913,0.0002870222,8.8695,0,0.5913,-0.0002161898,8.8695,0
0.5922,0.0003588617,8.883,0,0.5922,-0.0001607996,8.883,0
0.5931,0.0002171969,8.8965,0,0.5931,-5.069047E-05,8.8965,0
0.594,0.0001846342,8.91,0,0.594,0.0001151446,8.91,0
0.5949,7.687495E-05,8.9235,0,0.5949,0.0002027619,8.9235,0
0.5958,5.069047E-05,8.937,0,0.5958,0.000231632,8.937,0
0.5967,-7.989624E-05,8.9505,0,0.5967,9.768826E-05,8.9505,0
0.5976,-5.807584E-05,8.964,0,0.5976,4.263371E-05,8.964,0
0.5985,0.0001148089,8.9775,0,0.5985,1.779202E-05,8.9775,0
0.5994,4.968337E-05,8.991,0,0.5994,-7.486076E-05,8.991,0
0.6003,-6.51255E-05,9.0045,0,0.6003,-3.860533E-05,9.0045,0
0.6012,-6.78111E-05,9.018,0,0.6012,-2.316319E-05,9.018,0
0.6021,-3.994812E-05,9.0315,0,0.6021,-9.399557E-05,9.0315,0
0.603,-2.719158E-05,9.045,0,0.603,-6.042573E-05,9.045,0
0.6039,-4.733349E-05,9.0585,0,0.6039,-4.800488E-05,9.0585,0
0.6048,-3.021286E-06,9.072001,0,0.6048,8.728161E-06,9.072001,0
0.6057,-3.994812E-05,9.0855,0,0.6057,1.879912E-05,9.0855,0
0.6066,-9.634547E-05,9.099,0,0.6066,-9.970245E-05,9.099,0
0.6075,-8.358892E-05,9.1125,0,0.6075,-0.0003346914,9.1125,0
0.6084,-5.270466E-05,9.126,0,0.6084,-0.0004652781,9.126,0
0.6093,-3.591974E-05,9.1395,0,0.6093,-0.0005163043,9.1395,0
0.6102,-4.632639E-05,9.153,0,0.6102,-0.0003202563,9.153,0
0.6111,-1.712062E-05,9.1665,0,0.6111,1.309224E-05,9.1665,0
0.612,6.378271E-06,9.18,0,0.612,0.0003689326,9.18,0
0.6129,-3.793393E-05,9.1935,0,0.6129,0.0005790799,9.1935,0
0.6138,-1.510643E-05,9.207,0,0.6138,0.0004978409,9.207,0
0.6147,6.948959E-05,9.2205,0,0.6147,0.0003320058,9.2205,0
0.6156,9.701686E-05,9.234,0,0.6156,0.0001863127,9.234,0
0.6165,1.208515E-05,9.2475,0,0.6165,6.6804E-05,9.2475,0
0.6174,0.0001198444,9.261,0,0.6174,-1.141375E-05,9.261,0
0.6183,7.217517E-05,9.2745,0,0.6183,-0.0001430075,9.2745,0
0.6192,-6.378271E-06,9.288,0,0.6192,-0.0001876554,9.288,0
0.6201,-7.049668E-06,9.3015,0,0.6201,-0.0001309224,9.3015,0
0.621,6.042573E-06,9.315,0,0.621,-6.74754E-05,9.315,0
0.6219,-7.418937E-05,9.3285,0,0.6219,-5.404745E-05,9.3285,0
0.6228,-9.298848E-05,9.342,0,0.6228,-0.0001050736,9.342,0
0.6237,-7.418937E-05,9.3555,0,0.6237,-0.0001138018,9.3555,0
0.6246,-0.000126894,9.369,0,0.6246,-0.0001618067,9.369,0
0.6255,-7.553216E-05,9.3825,0,0.6255,-0.0002057832,9.3825,0
0.6264,6.411841E-05,9.396,0,0.6264,-0.0001644923,9.396,0
0.6273,8.157473E-05,9.4095,0,0.6273,-9.164568E-05,9.4095,0
0.6282,6.51255E-05,9.423,0,0.6282,-9.332418E-05,9.423,0
0.6291,-4.061952E-05,9.4365,0,0.6291,-7.721065E-05,9.4365,0
0.63,-0.0001591211,9.45,0,0.63,3.659113E-05,9.45,0
0.6309,-0.0001084306,9.4635,0,0.6309,-7.284657E-05,9.4635,0
0.6318,4.028382E-05,9.477,0,0.6318,-0.0001675135,9.477,0
0.6327,7.855344E-05,9.4905,0,0.6327,-0.0001131304,9.4905,0
0.6336,-4.33051E-05,9.504,0,0.6336,-0.0001077592,9.504,0
0.6345,-3.793393E-05,9.5175,0,0.6345,-8.291753E-05,9.5175,0
0.6354,-9.634547E-05,9.531,0,0.6354,2.21561E-05,9.531,0
0.6363,-0.000148043,9.5445,0,0.6363,9.701686E-05,9.5445,0
0.6372,-1.712062E-05,9.558,0,0.6372,0.0002353246,9.558,0
0.6381,0.000119173,9.5715,0,0.6381,0.0002400244,9.5715,0
0.639,5.203327E-05,9.585,0,0.639,0.0001205158,9.585,0
0.6399,0.0001097734,9.5985,0,0.6399,0.0002108186,9.5985,0
0.6408,0.0001322652,9.612,0,0.6408,0.0001409934,9.612,0
0.6417,-3.625543E-05,9.6255,0,0.6417,2.853437E-05,9.6255,0
0.6426,-5.874724E-05,9.639,0,0.6426,-4.36408E-06,9.639,0
0.6435,-3.793393E-05,9.6525,0,0.6435,1.779202E-05,9.6525,0
0.6444,-7.788205E-05,9.666,0,0.6444,-1.107805E-05,9.666,0
0.6453,-0.0001044022,9.6795,0,0.6453,-7.620356E-05,9.6795,0
0.6462,-1.913481E-05,9.693,0,0.6462,-6.881819E-05,9.693,0
0.6471,7.486076E-05,9.7065,0,0.6471,-6.478981E-05,9.7065,0
0.648,6.78111E-05,9.72,0,0.648,-6.478981E-05,9.72,0
0.6489,3.356985E-05,9.7335,0,0.6489,-6.277562E-05,9.7335,0
0.6498,0.0002829938,9.747,0,0.6498,-0.0002054475,9.747,0
0.6507,0.0001675135,9.7605,0,0.6507,-0.0002292821,9.7605,0
0.6516,-0.0001460288,9.774,0,0.6516,-0.0001913481,9.774,0
0.6525,-0.0002474098,9.7875,0,0.6525,-0.0002823224,9.7875,0
0.6534,-0.0002054475,9.801,0,0.6534,-0.000175906,9.801,0
0.6543,-0.0001782559,9.8145,0,0.6543,0.000102388,9.8145,0
0.6552,-0.0001440146,9.828,0,0.6552,0.0001634852,9.828,0
0.6561,-4.766919E-05,9.8415,0,0.6561,5.337606E-05,9.8415,0
0.657,-0.000179263,9.855,0,0.657,7.418937E-05,9.855,0
0.6579,-0.0001362936,9.8685,0,0.6579,5.807584E-05,9.8685,0
0.6588,-9.802396E-05,9.882,0,0.6588,5.203327E-05,9.882,0
0.6597,-7.687495E-05,9.8955,0,0.6597,8.761731E-05,9.8955,0
0.6606,7.049668E-06,9.909,0,0.6606,8.123904E-05,9.909,0
0.6615,-4.867628E-05,9.9225,0,0.6615,4.834058E-05,9.9225,0
0.6624,-0.0001497215,9.936,0,0.6624,-8.090334E-05,9.936,0
0.6633,-2.18204E-05,9.9495,0,0.6633,-0.0001789273,9.9495,0
0.6642,5.001907E-05,9.963,0,0.6642,3.390555E-05,9.963,0
0.6651,-4.095522E-05,9.976501,0,0.6651,8.560311E-05,9.976501,0
0.666,8.72816E-05,9.99,0,0.666,0.0001101091,9.99,0
0.6669,0.0001174945,10.0035,0,0.6669,8.358892E-05,10.0035,0
0.6678,9.097429E-05,10.017,0,0.6678,-1.107805E-05,10.017,0
0.6687,9.063859E-05,10.0305,0,0.6687,-6.076142E-05,10.0305,0
0.6696,0.0002329748,10.044,0,0.6696,-0.0001064164,10.044,0
0.6705,0.0001265583,10.0575,0,0.6705,-0.0001238727,10.0575,0
0.6714,4.196231E-05,10.071,0,0.6714,-0.0001077592,10.071,0
0.6723,8.258183E-05,10.0845,0,0.6723,-5.001907E-05,10.0845,0
0.6732,2.1149E-05,10.098,0,0.6732,-2.450599E-05,10.098,0
0.6741,-4.46479E-05,10.1115,0,0.6741,-6.277562E-05,10.1115,0
0.675,-2.853437E-05,10.125,0,0.675,-0.0001420005,10.125,0
0.6759,-3.793393E-05,10.1385,0,0.6759,-9.600977E-05,10.1385,0
0.6768,-5.941863E-05,10.152,0,0.6768,-1.141375E-05,10.152,0
0.6777,-2.14847E-05,10.1655,0,0.6777,0.0001399863,10.1655,0
0.6786,1.309224E-05,10.179,0,0.6786,0.000158114,10.179,0
0.6795,8.560311E-05,10.1925,0,0.6795,0.0001017166,10.1925,0
0.6804,0.0001070878,10.206,0,0.6804,5.673304E-05,10.206,0
0.6813,-8.392462E-05,10.2195,0,0.6813,-0.0001131304,10.2195,0
0.6822,-0.0002433814,10.233,0,0.6822,-0.0001675135,10.233,0
0.6831,-0.0002406958,10.2465,0,0.6831,-0.0001326009,10.2465,0
0.684,-0.000281651,10.26,0,0.684,-2.954147E-05,10.26,0
0.6849,-0.0002272679,10.2735,0,0.6849,0.0001977264,10.2735,0
0.6858,-9.533837E-05,10.287,0,0.6858,0.0003749752,10.287,0
0.6867,0.0002433814,10.3005,0,0.6867,0.0002477455,10.3005,0
0.6876,0.0003414054,10.314,0,0.6876,7.486076E-05,10.314,0
0.6885,0.0001688563,10.3275,0,0.6885,-8.526741E-05,10.3275,0
0.6894,2.887007E-05,10.341,0,0.6894,-0.0001537499,10.341,0
0.6903,3.591974E-05,10.3545,0,0.6903,-0.0001866484,10.3545,0
0.6912,-4.263371E-05,10.368,0,0.6912,-0.000164828,10.368,0
0.6921,-6.74754E-05,10.3815,0,0.6921,-6.78111E-05,10.3815,0
0.693,2.853437E-05,10.395,0,0.693,-9.500267E-05,10.395,0
0.6939,6.64683E-05,10.4085,0,0.6939,-0.0001275654,10.4085,0
0.6948,-2.786297E-05,10.422,0,0.6948,-3.961242E-05,10.422,0
0.6957,-1.678492E-06,10.4355,0,0.6957,4.565499E-05,10.4355,0
0.6966,0.0001084306,10.449,0,0.6966,3.726253E-05,10.449,0
0.6975,7.150377E-05,10.4625,0,0.6975,3.826963E-05,10.4625,0
0.6984,6.411841E-05,10.476,0,0.6984,2.920577E-05,10.476,0
0.6993,-3.323415E-05,10.4895,0,0.6993,7.721065E-06,10.4895,0
0.7002,-0.0001292439,10.503,0,0.7002,-8.493171E-05,10.503,0
0.7011,6.948959E-05,10.5165,0,0.7011,-8.123904E-05,10.5165,0
0.702,0.0001789273,10.53,0,0.702,-0.0002873579,10.53,0
0.7029,0.0001232013,10.5435,0,0.7029,-0.0004860914,10.5435,0
0.7038,0.0002158541,10.557,0,0.7038,-0.0003655757,10.557,0
0.7047,4.800488E-05,10.5705,0,0.7047,-0.0002665446,10.5705,0
0.7056,-0.0001040665,10.584,0,0.7056,-0.000161471,10.584,0
0.7065,-0.0002396887,10.5975,0,0.7065,-4.867628E-05,10.5975,0
0.7074,-0.0002944076,10.611,0,0.7074,5.102617E-05,10.611,0
0.7083,-0.0002732586,10.6245,0,0.7083,0.0001594568,10.6245,0
0.7092,-0.0001587854,10.638,0,0.7092,0.000252781,10.638,0
0.7101,4.53193E-05,10.6515,0,0.7101,0.0003602045,10.6515,0
0.711,-1.242084E-05,10.665,0,0.711,0.0002621805,10.665,0
0.7119,-7.217517E-05,10.6785,0,0.7119,0.000161471,10.6785,0
0.7128,-2.18204E-05,10.692,0,0.7128,0.0001040665,10.692,0
0.7137,-1.242084E-05,10.7055,0,0.7137,5.706874E-05,10.7055,0
0.7146,-6.210422E-05,10.719,0,0.7146,3.021286E-05,10.719,0
0.7155,-6.61326E-05,10.7325,0,0.7155,-3.692683E-06,10.7325,0
0.7164,-5.706874E-06,10.746,0,0.7164,-3.994812E-05,10.746,0
0.7173,7.351797E-05,10.7595,0,0.7173,-5.975433E-05,10.7595,0
0.7182,8.996719E-05,10.773,0,0.7182,1.174945E-05,10.773,0
0.7191,6.814679E-05,10.7865,0,0.7191,3.927672E-05,10.7865,0
0.72,9.634547E-05,10.8,0,0.72,-1.040665E-05,10.8,0
0.7209,0.0001252155,10.8135,0,0.7209,2.719158E-05,10.8135,0
0.7218,7.922484E-05,10.827,0,0.7218,8.82887E-05,10.827,0
0.7227,0.0001225299,10.8405,0,0.7227,5.740444E-05,10.8405,0
0.7236,0.0001460288,10.854,0,0.7236,-1.309224E-05,10.854,0
0.7245,5.606165E-05,10.8675,0,0.7245,-6.042573E-06,10.8675,0
0.7254,-4.800488E-05,10.881,0,0.7254,-0.0001000381,10.881,0
0.7263,-9.164568E-05,10.8945,0,0.7263,-0.0002171969,10.8945,0
0.7272,7.049668E-06,10.908,0,0.7272,-0.0001839628,10.908,0
0.7281,0.0001393149,10.9215,0,0.7281,-0.0001252155,10.9215,0
0.729,0.0003561761,10.935,0,0.729,-4.666209E-05,10.935,0
0.7299,0.0001426719,10.9485,0,0.7299,3.021286E-06,10.9485,0
0.7308,1.812772E-05,10.962,0,0.7308,-3.323415E-05,10.962,0
0.7317,-6.243992E-05,10.9755,0,0.7317,-9.500267E-05,10.9755,0
0.7326,-0.0002594949,10.989,0,0.7326,-0.0001399863,10.989,0
0.7335,-0.0002218967,11.0025,0,0.7335,-0.0001426719,11.0025,0
0.7344,-3.994812E-05,11.016,0,0.7344,-9.433127E-05,11.016,0
0.7353,-2.28275E-05,11.0295,0,0.7353,-2.21561E-05,11.0295,0
0.7362,-4.36408E-05,11.043,0,0.7362,8.728161E-06,11.043,0
0.7371,0.0001701991,11.0565,0,0.7371,-1.678492E-06,11.0565,0
0.738,0.0001812772,11.07,0,0.738,3.826963E-05,11.07,0
0.7389,8.560311E-05,11.0835,0,0.7389,0.0001366293,11.0835,0
0.7398,2.417029E-05,11.097,0,0.7398,9.500267E-05,11.097,0
0.7407,-6.109713E-05,11.1105,0,0.7407,9.735256E-06,11.1105,0
0.7416,-0.0001329366,11.124,0,0.7416,-5.606165E-05,11.124,0
0.7425,-3.054856E-05,11.1375,0,0.7425,3.356985E-06,11.1375,0
0.7434,-4.43122E-05,11.151,0,0.7434,0.0001326009,11.151,0
0.7443,-1.510643E-05,11.1645,0,0.7443,-9.500267E-05,11.1645,0
0.7452,-1.275654E-05,11.178,0,0.7452,-0.0001705348,11.178,0
0.7461,-1.409934E-05,11.1915,0,0.7461,-0.000197055,11.1915,0
0.747,-7.553216E-05,11.205,0,0.747,-0.0001809415,11.205,0
0.7479,-6.61326E-05,11.2185,0,0.7479,-8.023193E-05,11.2185,0
0.7488,-0.0001238727,11.232,0,0.7488,3.860533E-05,11.232,0
0.7497,-0.0002329748,11.2455,0,0.7497,7.183947E-05,11.2455,0
0.7506,-0.0001782559,11.259,0,0.7506,6.411841E-05,11.259,0
0.7515,-0.0001641566,11.2725,0,0.7515,0.0001500572,11.2725,0
0.7524,-2.1149E-05,11.286,0,0.7524,0.0001675135,11.286,0
0.7533,0.000218204,11.2995,0,0.7533,7.284657E-05,11.2995,0
0.7542,2.517739E-05,11.313,0,0.7542,-4.867628E-05,11.313,0
0.7551,-0.000105745,11.3265,0,0.7551,-0.0001117876,11.3265,0
0.756,2.450599E-05,11.34,0,0.756,-0.0001020523,11.34,0
0.7569,2.819867E-05,11.3535,0,0.7569,-2.752728E-05,11.3535,0
0.7578,1.846342E-05,11.367,0,0.7578,1.712062E-05,11.367,0
0.7587,-2.954147E-05,11.3805,0,0.7587,7.553216E-05,11.3805,0
0.7596,-3.591974E-05,11.394,0,0.7596,2.484169E-05,11.394,0
0.7605,-0.0001393149,11.4075,0,0.7605,-5.169757E-05,11.4075,0
0.7614,-0.0002054475,11.421,0,0.7614,-0.0002467384,11.421,0
0.7623,-0.0001594568,11.4345,0,0.7623,-0.0002991073,11.4345,0
0.7632,-3.793393E-05,11.448,0,0.7632,-0.0001916838,11.448,0
0.7641,0.0001097734,11.4615,0,0.7641,-0.0001399863,11.4615,0
0.765,3.054856E-05,11.475,0,0.765,-7.553216E-05,11.475,0
0.7659,-2.853437E-05,11.4885,0,0.7659,1.812772E-05,11.4885,0
0.7668,-1.644922E-05,11.502,0,0.7668,-4.028382E-06,11.502,0
0.7677,-4.565499E-05,11.5155,0,0.7677,0.0001285725,11.5155,0
0.7686,-2.517739E-05,11.529,0,0.7686,0.0002319677,11.529,0
0.7695,3.491264E-05,11.5425,0,0.7695,0.0002729229,11.5425,0
0.7704,6.042573E-06,11.556,0,0.7704,0.0002168612,11.556,0
0.7713,3.692683E-06,11.5695,0,0.7713,0.0001493858,11.5695,0
0.7722,-4.129091E-05,11.583,0,0.7722,0.0001007095,11.583,0
0.7731,-6.042573E-05,11.5965,0,0.7731,9.768826E-05,11.5965,0
0.774,-3.927672E-05,11.61,0,0.774,-0.0001329366,11.61,0
0.7749,-1.779202E-05,11.6235,0,0.7749,-0.000330663,11.6235,0
0.7758,-7.150377E-05,11.637,0,0.7758,-0.0002688945,11.637,0
0.7767,-1.443504E-05,11.6505,0,0.7767,-0.0001654994,11.6505,0
0.7776,0.0001047379,11.664,0,0.7776,-3.256275E-05,11.664,0
0.7785,-3.692683E-06,11.6775,0,0.7785,0.0001527428,11.6775,0
0.7794,4.599069E-05,11.691,0,0.7794,0.0001564355,11.691,0
0.7803,0.000148043,11.7045,0,0.7803,8.358892E-05,11.7045,0
0.7812,8.69459E-05,11.718,0,0.7812,4.53193E-05,11.718,0
0.7821,2.517739E-05,11.7315,0,0.7821,5.471885E-05,11.7315,0
0.783,6.143282E-05,11.745,0,0.783,-4.095522E-05,11.745,0
0.7839,2.28275E-05,11.7585,0,0.7839,-0.0001839628,11.7585,0
0.7848,1.745632E-05,11.772,0,0.7848,-0.0003202563,11.772,0
0.7857,3.659113E-05,11.7855,0,0.7857,-0.0003524834,11.7855,0
0.7866,9.231708E-05,11.799,0,0.7866,-0.0001997406,11.799,0
0.7875,5.069047E-05,11.8125,0,0.7875,-0.0001752346,11.8125,0
0.7884,4.699779E-05,11.826,0,0.7884,-4.229801E-05,11.826,0
0.7893,6.51255E-05,11.8395,0,0.7893,0.0003236133,11.8395,0
0.7902,6.6804E-05,11.853,0,0.7902,0.0005045548,11.853,0
0.7911,0.0001245441,11.8665,0,0.7911,0.0004733349,11.8665,0
0.792,6.411841E-05,11.88,0,0.792,0.0003064927,11.88,0
0.7929,-1.678492E-06,11.8935,0,0.7929,0.0001782559,11.8935,0
0.7938,-3.356985E-07,11.907,0,0.7938,6.411841E-05,11.907,0
0.7947,7.150377E-05,11.9205,0,0.7947,-2.014191E-06,11.9205,0
0.7956,8.96315E-05,11.934,0,0.7956,-6.71397E-05,11.934,0
0.7965,0.0001111162,11.9475,0,0.7965,-0.000115816,11.9475,0
0.7974,3.793393E-05,11.961,0,0.7974,-0.0001208515,11.961,0
0.7983,7.721065E-06,11.9745,0,0.7983,-0.0001634852,11.9745,0
0.7992,-9.600977E-05,11.988,0,0.7992,-0.0001185016,11.988,0
0.8001,-0.0001373007,12.0015,0,0.8001,-0.0001185016,12.0015,0
0.801,-1.913481E-05,12.015,0,0.801,-0.0001349508,12.015,0
0.8019,2.349889E-06,12.0285,0,0.8019,-0.0002151827,12.0285,0
0.8028,-9.735256E-06,12.042,0,0.8028,-0.0001339437,12.042,0
0.8037,1.577783E-05,12.0555,0,0.8037,-0.0002840009,12.0555,0
0.8046,-7.754635E-05,12.069,0,0.8046,-0.0003810178,12.069,0
0.8055,-0.0002084688,12.0825,0,0.8055,-0.0002514381,12.0825,0
0.8064,-2.316319E-05,12.096,0,0.8064,-1.678492E-06,12.096,0
0.8073,9.768826E-05,12.1095,0,0.8073,9.668116E-05,12.1095,0
0.8082,0.0002158541,12.123,0,0.8082,-3.021286E-05,12.123,0
0.8091,0.0003521477,12.1365,0,0.8091,-4.028382E-06,12.1365,0
0.81,0.0002225681,12.15,0,0.81,4.867628E-05,12.15,0
0.8109,1.779202E-05,12.1635,0,0.8109,7.183947E-05,12.1635,0
0.8118,-4.229801E-05,12.177,0,0.8118,6.78111E-05,12.177,0
0.8127,5.673304E-05,12.1905,0,0.8127,9.365987E-05,12.1905,0
0.8136,0.0001228656,12.204,0,0.8136,4.766919E-05,12.204,0
0.8145,0.000197055,12.2175,0,0.8145,-2.987716E-05,12.2175,0
0.8154,0.0002594949,12.231,0,0.8154,-5.539025E-05,12.231,0
0.8163,0.0001507286,12.2445,0,0.8163,-4.53193E-05,12.2445,0
0.8172,4.263371E-05,12.258,0,0.8172,-4.39765E-05,12.258,0
0.8181,-2.349889E-06,12.2715,0,0.8181,-5.270466E-05,12.2715,0
0.819,-0.0001453574,12.285,0,0.819,4.733349E-05,12.285,0
0.8199,-0.0003837034,12.2985,0,0.8199,0.0001373007,12.2985,0
0.8208,-0.0005112688,12.312,0,0.8208,6.61326E-05,12.312,0
0.8217,-0.0006233921,12.3255,0,0.8217,-2.316319E-05,12.3255,0
0.8226,-0.0005851224,12.339,0,0.8226,-7.049668E-06,12.339,0
0.8235,-0.0005797513,12.3525,0,0.8235,-4.565499E-05,12.3525,0
0.8244,-0.0004474861,12.366,0,0.8244,-0.0001010452,12.366,0
0.8253,-0.0002974289,12.3795,0,0.8253,-7.956054E-05,12.3795,0
0.8262,-0.0002648661,12.393,0,0.8262,-3.054856E-05,12.393,0
0.8271,-0.0001695277,12.4065,0,0.8271,-4.196231E-05,12.4065,0
0.828,1.007095E-05,12.42,0,0.828,-3.860533E-05,12.42,0
0.8289,7.049668E-06,12.4335,0,0.8289,-3.927672E-05,12.4335,0
0.8298,-4.901198E-05,12.447,0,0.8298,-2.752728E-05,12.447,0
0.8307,-0.000144686,12.4605,0,0.8307,-9.164568E-05,12.4605,0
0.8316,-0.0002131685,12.474,0,0.8316,-0.0001020523,12.474,0
0.8325,-0.0001762417,12.4875,0,0.8325,-3.659113E-05,12.4875,0
0.8334,-2.551309E-05,12.501,0,0.8334,3.659113E-05,12.501,0
0.8343,8.560311E-05,12.5145,0,0.8343,4.800488E-05,12.5145,0
0.8352,3.457694E-05,12.528,0,0.8352,1.913481E-05,12.528,0
0.8361,0.0001621424,12.5415,0,0.8361,-6.378271E-05,12.5415,0
0.837,0.0001258869,12.555,0,0.837,-0.0001816129,12.555,0
0.8379,0.0001144732,12.5685,0,0.8379,-0.0001846342,12.5685,0
0.8388,0.0002145113,12.582,0,0.8388,-0.0003534905,12.582,0
0.8397,0.0002064546,12.5955,0,0.8397,-0.000436408,12.5955,0
0.8406,0.0002030976,12.609,0,0.8406,-0.0002631876,12.609,0
0.8415,0.0001779202,12.6225,0,0.8415,-4.196231E-05,12.6225,0
0.8424,8.96315E-05,12.636,0,0.8424,0.0002641947,12.636,0
0.8433,-1.644922E-05,12.6495,0,0.8433,0.0005847868,12.6495,0
0.8442,-0.0001020523,12.663,0,0.8442,0.0004508431,12.663,0
0.8451,-5.740444E-05,12.6765,0,0.8451,0.0002487526,12.6765,0
0.846,-5.203327E-05,12.69,0,0.846,0.0002158541,12.69,0
0.8469,8.023193E-05,12.7035,0,0.8469,0.0001111162,12.7035,0
0.8478,0.0003393912,12.717,0,0.8478,-6.74754E-05,12.717,0
0.8487,0.0003971313,12.7305,0,0.8487,-0.0001295796,12.7305,0
0.8496,0.0001373007,12.744,0,0.8496,-9.567407E-05,12.744,0
0.8505,5.606165E-05,12.7575,0,0.8505,-2.786297E-05,12.7575,0
0.8514,1.678492E-05,12.771,0,0.8514,8.82887E-05,12.771,0
0.8523,8.224613E-05,12.7845,0,0.8523,0.0002061189,12.7845,0
0.8532,0.0001070878,12.798,0,0.8532,0.0001567712,12.798,0
0.8541,6.378271E-06,12.8115,0,0.8541,9.903105E-05,12.8115,0
0.855,-6.713969E-07,12.825,0,0.855,4.263371E-05,12.825,0
0.8559,0.0001017166,12.8385,0,0.8559,-1.309224E-05,12.8385,0
0.8568,2.786297E-05,12.852,0,0.8568,2.517739E-05,12.852,0
0.8577,8.728161E-06,12.8655,0,0.8577,2.047761E-05,12.8655,0
0.8586,0.0001067521,12.879,0,0.8586,-2.987716E-05,12.879,0
0.8595001,9.869535E-05,12.8925,0,0.8595001,1.174945E-05,12.8925,0
0.8604,1.544213E-05,12.906,0,0.8604,1.913481E-05,12.906,0
0.8613,1.644922E-05,12.9195,0,0.8613,-5.001907E-05,12.9195,0
0.8622,7.452507E-05,12.933,0,0.8622,-5.639734E-05,12.933,0
0.8631,-3.390555E-05,12.9465,0,0.8631,-1.443504E-05,12.9465,0
0.864,5.706874E-06,12.96,0,0.864,-6.042573E-05,12.96,0
0.8649,5.874724E-05,12.9735,0,0.8649,-9.768826E-05,12.9735,0
0.8658,9.231708E-05,12.987,0,0.8658,-0.0001138018,12.987,0
0.8667,-1.443504E-05,13.0005,0,0.8667,-0.0001634852,13.0005,0
0.8676,-6.378271E-05,13.014,0,0.8676,-0.000109102,13.014,0
0.8685,-3.457694E-05,13.0275,0,0.8685,-0.0001973907,13.0275,0
0.8694,-7.721065E-06,13.041,0,0.8694,-0.0003252918,13.041,0
0.8703,-3.390555E-05,13.0545,0,0.8703,-0.000239353,13.0545,0
0.8712,2.584878E-05,13.068,0,0.8712,-0.0002027619,13.068,0
0.8721,3.356985E-05,13.0815,0,0.8721,-1.342794E-05,13.0815,0
0.873,-4.733349E-05,13.095,0,0.873,0.0003068284,13.095,0
0.8739,-6.277562E-05,13.1085,0,0.8739,0.0003434196,13.1085,0
0.8748,-4.36408E-05,13.122,0,0.8748,0.0002225681,13.122,0
0.8757,-0.0001017166,13.1355,0,0.8757,0.0001228656,13.1355,0
0.8766,-0.0001195087,13.149,0,0.8766,0.0001084306,13.149,0
0.8775,-8.89601E-05,13.1625,0,0.8775,4.46479E-05,13.1625,0
0.8784,5.706874E-06,13.176,0,0.8784,7.217517E-05,13.176,0
0.8793,8.291753E-05,13.1895,0,0.8793,3.994812E-05,13.1895,0
0.8802,-4.867628E-05,13.203,0,0.8802,-6.948959E-05,13.203,0
0.8811,-4.49836E-05,13.2165,0,0.8811,-0.0001225299,13.2165,0
0.882,0,13.23,0,0.882,-0.000144686,13.23,0
0.8829,5.471885E-05,13.2435,0,0.8829,-0.0001587854,13.2435,0
0.8838,5.035477E-06,13.257,0,0.8838,-0.0001299153,13.257,0
0.8847,2.1149E-05,13.2705,0,0.8847,-0.0001154803,13.2705,0
0.8856,0.0001044022,13.284,0,0.8856,-7.385367E-05,13.284,0
0.8865,1.846342E-05,13.2975,0,0.8865,8.023193E-05,13.2975,0
0.8874,-3.726253E-05,13.311,0,0.8874,7.687495E-05,13.311,0
0.8883,4.666209E-05,13.3245,0,0.8883,-3.524834E-05,13.3245,0
0.8892,2.584878E-05,13.338,0,0.8892,-8.123904E-05,13.338,0
0.8901,-5.807584E-05,13.3515,0,0.8901,-3.659113E-05,13.3515,0
0.891,-7.385367E-05,13.365,0,0.891,-3.625543E-05,13.365,0
0.8919,-0.0001601282,13.3785,0,0.8919,-7.821774E-05,13.3785,0
0.8928,-5.337606E-05,13.392,0,0.8928,-0.0001386435,13.392,0
0.8937,1.846342E-05,13.4055,0,0.8937,-0.0001856413,13.4055,0
0.8946,-6.478981E-05,13.419,0,0.8946,-0.0001916838,13.419,0
0.8955,-0.0001477073,13.4325,0,0.8955,-0.0002296178,13.4325,0
0.8964,-5.438316E-05,13.446,0,0.8964,-0.0001920195,13.446,0
0.8973,6.713969E-07,13.4595,0,0.8973,-8.526741E-05,13.4595,0
0.8982,-7.083238E-05,13.473,0,0.8982,-4.49836E-05,13.473,0
0.8991,-7.989624E-05,13.4865,0,0.8991,-4.632639E-05,13.4865,0
0.9,-0.0001755703,13.5,0,0.9,-4.263371E-05,13.5,0
0.9009,-0.0002487526,13.5135,0,0.9009,-7.150377E-05,13.5135,0
0.9018,-0.0002239109,13.527,0,0.9018,-9.869535E-05,13.527,0
0.9027,1.779202E-05,13.5405,0,0.9027,-0.0001097734,13.5405,0
0.9036,0.000148043,13.554,0,0.9036,-0.0001134661,13.554,0
0.9045,0.0001695277,13.5675,0,0.9045,-0.0001487144,13.5675,0
0.9054,0.0001698634,13.581,0,0.9054,-2.316319E-05,13.581,0
0.9063,0.0001500572,13.5945,0,0.9063,5.471885E-05,13.5945,0
0.9072,0.0001205158,13.608,0,0.9072,6.009003E-05,13.608,0
0.9081,0.000281651,13.6215,0,0.9081,0.0001070878,13.6215,0
0.909,0.0003051499,13.635,0,0.909,0.0001470359,13.635,0
0.9099,0.0001409934,13.6485,0,0.9099,0.0002252537,13.6485,0
0.9108,-2.349889E-06,13.662,0,0.9108,0.0002104829,13.662,0
0.9117,-0.0001399863,13.6755,0,0.9117,5.337606E-05,13.6755,0
0.9126,-0.0003024643,13.689,0,0.9126,-0.0001916838,13.689,0
0.9135,-0.0003840391,13.7025,0,0.9135,-0.0001201801,13.7025,0
0.9144,-0.0003467765,13.716,0,0.9144,-3.491264E-05,13.716,0
0.9153,-0.0003400626,13.7295,0,0.9153,-7.922484E-05,13.7295,0
0.9162,-0.0003326772,13.743,0,0.9162,-0.0001299153,13.743,0
0.9171,-0.0002910506,13.7565,0,0.9171,-8.560311E-05,13.7565,0
0.918,-6.78111E-05,13.77,0,0.918,2.349889E-06,13.77,0
0.9189,5.539025E-05,13.7835,0,0.9189,-3.323415E-05,13.7835,0
0.9198,8.89601E-05,13.797,0,0.9198,-5.270466E-05,13.797,0
0.9207,0.0001013809,13.8105,0,0.9207,4.263371E-05,13.8105,0
0.9216,0.000105745,13.824,0,0.9216,6.71397E-05,13.824,0
0.9225,3.054856E-05,13.8375,0,0.9225,4.196231E-05,13.8375,0
0.9234,-5.807584E-05,13.851,0,0.9234,6.378271E-06,13.851,0
0.9243,-0.000164828,13.8645,0,0.9243,-1.812772E-05,13.8645,0
0.9252,-5.639734E-05,13.878,0,0.9252,-0.0001282368,13.878,0
0.9261,0.0001151446,13.8915,0,0.9261,-0.0002467384,13.8915,0
0.927,-3.390555E-05,13.905,0,0.927,-0.000200412,13.905,0
0.9279,-0.0001295796,13.9185,0,0.9279,-0.0001473716,13.9185,0
0.9288,-8.224613E-05,13.932,0,0.9288,-0.0001406577,13.932,0
0.9297,-2.887007E-05,13.9455,0,0.9297,-2.24918E-05,13.9455,0
0.9306,-3.356985E-05,13.959,0,0.9306,8.325322E-05,13.959,0
0.9315,3.021286E-06,13.9725,0,0.9315,0.0001621424,13.9725,0
0.9324,0.0003031357,13.986,0,0.9324,0.0002487526,13.986,0
0.9333,0.0004659495,13.9995,0,0.9333,0.0001366293,13.9995,0
0.9342,0.0002000763,14.013,0,0.9342,3.994812E-05,14.013,0
0.9351,-2.719158E-05,14.0265,0,0.9351,3.692683E-05,14.0265,0
0.936,-0.0001171588,14.04,0,0.936,0.0001456931,14.04,0
0.9369,-0.0001215228,14.0535,0,0.9369,0.0003111925,14.0535,0
0.9378,-0.0001624781,14.067,0,0.9378,0.0003158923,14.067,0
0.9387,-0.0002343175,14.0805,0,0.9387,0.0002138399,14.0805,0
0.9396001,-8.224613E-05,14.094,0,0.9396001,3.256275E-05,14.094,0
0.9405,0.0002124971,14.1075,0,0.9405,2.517739E-05,14.1075,0
0.9414001,0.0005354391,14.121,0,0.9414001,5.505455E-05,14.121,0
0.9423,0.0002991073,14.1345,0,0.9423,-0.0003524834,14.1345,0
0.9432001,8.82887E-05,14.148,0,0.9432001,-0.0004209659,14.148,0
0.9441,8.426032E-05,14.1615,0,0.9441,-5.304036E-05,14.1615,0
0.9450001,8.526741E-05,14.175,0,0.9450001,0.0001185016,14.175,0
0.9459,0.0001178302,14.1885,0,0.9459,0.0002044404,14.1885,0
0.9468,0.0001225299,14.202,0,0.9468,0.0002306248,14.202,0
0.9477,3.491264E-05,14.2155,0,0.9477,0.0003481193,14.2155,0
0.9486,6.210422E-05,14.229,0,0.9486,0.0002776226,14.229,0
0.9495,8.795301E-05,14.2425,0,0.9495,0.0001728847,14.2425,0
0.9504,2.920577E-05,14.256,0,0.9504,0.0001080949,14.256,0
0.9513,-1.510643E-05,14.2695,0,0.9513,4.46479E-05,14.2695,0
0.9522,1.107805E-05,14.283,0,0.9522,-4.061952E-05,14.283,0
0.9531,6.948959E-05,14.2965,0,0.9531,-0.0001671778,14.2965,0
0.954,-5.404745E-05,14.31,0,0.954,-0.0002118257,14.31,0
0.9549,-8.291753E-05,14.3235,0,0.9549,-0.0002406958,14.3235,0
0.9558,-5.001907E-05,14.337,0,0.9558,-0.0002615091,14.337,0
0.9567,-5.471885E-05,14.3505,0,0.9567,-0.0001950408,14.3505,0
0.9576,-0.0001540856,14.364,0,0.9576,-0.0001856413,14.364,0
0.9585,-9.265278E-05,14.3775,0,0.9585,-0.0001524071,14.3775,0
0.9594,-7.620356E-05,14.391,0,0.9594,-0.0001933623,14.391,0
0.9603,-1.342794E-05,14.4045,0,0.9603,-0.0002876936,14.4045,0
0.9612,1.309224E-05,14.418,0,0.9612,-0.0002312963,14.418,0
0.9621,-9.097429E-05,14.4315,0,0.9621,-6.210422E-05,14.4315,0
0.963,0,14.445,0,0.963,0.0001500572,14.445,0
0.9639,-1.913481E-05,14.4585,0,0.9639,0.0002279393,14.4585,0
0.9648,-9.903105E-05,14.472,0,0.9648,0.0002286107,14.472,0
0.9657,-5.001907E-05,14.4855,0,0.9657,0.000115816,14.4855,0
0.9666,4.028382E-05,14.499,0,0.9666,2.21561E-05,14.499,0
0.9675,1.477073E-05,14.5125,0,0.9675,7.083238E-05,14.5125,0
0.9684,4.196231E-05,14.526,0,0.9684,3.323415E-05,14.526,0
0.9693,2.920577E-05,14.5395,0,0.9693,-0.0001117876,14.5395,0
0.9702,-4.565499E-05,14.553,0,0.9702,-8.426032E-05,14.553,0
0.9711,-0.0001587854,14.5665,0,0.9711,-9.365987E-05,14.5665,0
0.972,-5.874724E-05,14.58,0,0.972,-5.438316E-05,14.58,0
0.9729,0.0001201801,14.5935,0,0.9729,-1.644922E-05,14.5935,0
0.9738,4.599069E-05,14.607,0,0.9738,-0.0001379721,14.607,0
0.9747,1.309224E-05,14.6205,0,0.9747,-8.627451E-05,14.6205,0
0.9756,-3.524834E-05,14.634,0,0.9756,-3.860533E-05,14.634,0
0.9765,1.577783E-05,14.6475,0,0.9765,-3.054856E-05,14.6475,0
0.9774,2.517739E-05,14.661,0,0.9774,-5.807584E-05,14.661,0
0.9783,-8.358892E-05,14.6745,0,0.9783,-1.577783E-05,14.6745,0
0.9792,-5.203327E-05,14.688,0,0.9792,-4.49836E-05,14.688,0
0.9801,-3.021286E-06,14.7015,0,0.9801,-9.634547E-05,14.7015,0
0.981,1.141375E-05,14.715,0,0.981,-4.699779E-06,14.715,0
0.9819,5.706874E-06,14.7285,0,0.9819,5.807584E-05,14.7285,0
0.9828,-0.0001151446,14.742,0,0.9828,3.121996E-05,14.742,0
0.9837,-0.0001654994,14.7555,0,0.9837,0.0001211871,14.7555,0
0.9846,-0.0001695277,14.769,0,0.9846,0.0001527428,14.769,0
0.9855,-0.0001537499,14.7825,0,0.9855,-0.0001500572,14.7825,0
0.9864,-5.001907E-05,14.796,0,0.9864,-0.000278294,14.796,0
0.9873,0.0001362936,14.8095,0,0.9873,-0.0003343557,14.8095,0
0.9882,0.0003447623,14.823,0,0.9882,-0.0003471122,14.823,0
0.9891,0.0004129091,14.8365,0,0.9891,-0.0002641947,14.8365,0
0.99,0.0001433432,14.85,0,0.99,-0.0001665064,14.85,0
0.9909,8.291753E-05,14.8635,0,0.9909,-4.46479E-05,14.8635,0
0.9918,-4.46479E-05,14.877,0,0.9918,9.768826E-05,14.877,0
0.9927,-7.183947E-05,14.8905,0,0.9927,0.0001715419,14.8905,0
0.9936,3.189136E-05,14.904,0,0.9936,0.0001097734,14.904,0
0.9945,4.53193E-05,14.9175,0,0.9945,0.0001963836,14.9175,0
0.9954,-4.36408E-05,14.931,0,0.9954,0.0001500572,14.931,0
0.9963,-0.0001671778,14.9445,0,0.9963,0.0001232013,14.9445,0
0.9972,-0.0002957504,14.958,0,0.9972,0.0001319295,14.958,0
0.9981,-0.000281651,14.9715,0,0.9981,8.023193E-05,14.9715,0
0.999,-7.083238E-05,14.985,0,0.999,9.567407E-05,14.985,0
0.9999,5.706874E-06,14.9985,0,0.9999,-6.713969E-07,14.9985,0
1.0008,2.618448E-05,15.012,0,1.0008,-0.0002759442,15.012,0
1.0017,3.994812E-05,15.0255,0,1.0017,-0.0002467384,15.0255,0
1.0026,0.0001326009,15.039,0,1.0026,-9.668116E-05,15.039,0
1.0035,3.356985E-07,15.0525,0,1.0035,-0.0002158541,15.0525,0
1.0044,-2.014191E-06,15.066,0,1.0044,-6.277562E-05,15.066,0
1.0053,-1.141375E-05,15.0795,0,1.0053,0.0001681849,15.0795,0
1.0062,-4.196231E-05,15.093,0,1.0062,0.0003595331,15.093,0
1.0071,5.706874E-06,15.1065,0,1.0071,0.0004058595,15.1065,0
1.008,-0.0001211871,15.12,0,1.008,0.0002138399,15.12,0
1.0089,-0.0001604639,15.1335,0,1.0089,8.69459E-05,15.1335,0
1.0098,-2.18204E-05,15.147,0,1.0098,4.46479E-05,15.147,0
1.0107,1.510643E-05,15.1605,0,1.0107,-3.256275E-05,15.1605,0
1.0116,-5.706874E-06,15.174,0,1.0116,-3.390555E-05,15.174,0
1.0125,-6.378271E-06,15.1875,0,1.0125,-8.291753E-05,15.1875,0
1.0134,-2.383459E-05,15.201,0,1.0134,-0.0001265583,15.201,0
1.0143,2.652018E-05,15.2145,0,1.0143,-0.0001292439,15.2145,0
1.0152,-1.846342E-05,15.228,0,1.0152,-0.0001332723,15.228,0
1.0161,-1.913481E-05,15.2415,0,1.0161,-0.0001205158,15.2415,0
1.017,1.577783E-05,15.255,0,1.017,-0.0001463645,15.255,0
1.0179,-2.18204E-05,15.2685,0,1.0179,-0.0002245823,15.2685,0
1.0188,-6.344701E-05,15.282,0,1.0188,-0.0002027619,15.282,0
1.0197,-2.584878E-05,15.2955,0,1.0197,-0.0001027237,15.2955,0
1.0206,-9.399558E-06,15.309,0,1.0206,-9.198138E-05,15.309,0
1.0215,-5.941863E-05,15.3225,0,1.0215,-0.0001238727,15.3225,0
1.0224,-0.000144686,15.336,0,1.0224,-0.0001550927,15.336,0
1.0233,-0.0001550927,15.3495,0,1.0233,-9.466698E-05,15.3495,0
1.0242,-0.000115816,15.363,0,1.0242,-3.994812E-05,15.363,0
1.0251,-0.0001671778,15.3765,0,1.0251,-4.196231E-05,15.3765,0
1.026,0.0001473716,15.39,0,1.026,4.196231E-05,15.39,0
1.0269,0.0002574807,15.4035,0,1.0269,0.000185977,15.4035,0
1.0278,0.0001205158,15.417,0,1.0278,0.0001440146,15.417,0
1.0287,-1.342794E-06,15.4305,0,1.0287,8.157473E-05,15.4305,0
1.0296,-3.860533E-05,15.444,0,1.0296,6.74754E-05,15.444,0
1.0305,-3.356985E-07,15.4575,0,1.0305,2.014191E-05,15.4575,0
1.0314,3.323415E-05,15.471,0,1.0314,5.035477E-06,15.471,0
1.0323,-2.987716E-05,15.4845,0,1.0323,-5.706874E-06,15.4845,0
1.0332,-1.846342E-05,15.498,0,1.0332,-0.0001322652,15.498,0
1.0341,5.136187E-05,15.5115,0,1.0341,-0.0002108186,15.5115,0
1.035,-4.800488E-05,15.525,0,1.035,-0.0001879911,15.525,0
1.0359,-2.047761E-05,15.5385,0,1.0359,-0.0001352865,15.5385,0
1.0368,0.0001054093,15.552,0,1.0368,-3.323415E-05,15.552,0
1.0377,8.258183E-05,15.5655,0,1.0377,4.934768E-05,15.5655,0
1.0386,-3.155566E-05,15.579,0,1.0386,4.263371E-05,15.579,0
1.0395,-4.901198E-05,15.5925,0,1.0395,0.0001550927,15.5925,0
1.0404,-7.821774E-05,15.606,0,1.0404,0.0002131685,15.606,0
1.0413,-7.855344E-05,15.6195,0,1.0413,0.0001493858,15.6195,0
1.0422,-9.298848E-05,15.633,0,1.0422,0.0001560998,15.633,0
1.0431,-6.243992E-05,15.6465,0,1.0431,0.000148043,15.6465,0
1.044,-1.107805E-05,15.66,0,1.044,0.0001027237,15.66,0
1.0449,-6.210422E-05,15.6735,0,1.0449,-3.088426E-05,15.6735,0
1.0458,-0.0001574426,15.687,0,1.0458,-6.042573E-05,15.687,0
1.0467,-2.014191E-05,15.7005,0,1.0467,-9.567407E-05,15.7005,0
1.0476,0.0001312581,15.714,0,1.0476,-0.0001987335,15.714,0
1.0485,0.0001376364,15.7275,0,1.0485,-7.486076E-05,15.7275,0
1.0494,9.768826E-05,15.741,0,1.0494,2.652018E-05,15.741,0
1.0503,9.903105E-05,15.7545,0,1.0503,4.766919E-05,15.7545,0
1.0512,0.0001983978,15.768,0,1.0512,3.222705E-05,15.768,0
1.0521,2.786297E-05,15.7815,0,1.0521,-1.040665E-05,15.7815,0
1.053,-0.0001722133,15.795,0,1.053,-0.0001420005,15.795,0
1.0539,-8.090334E-05,15.8085,0,1.0539,-0.0001973907,15.8085,0
1.0548,2.014191E-06,15.822,0,1.0548,-0.0001654994,15.822,0
1.0557,6.948959E-05,15.8355,0,1.0557,1.577783E-05,15.8355,0
1.0566,0.0002252537,15.849,0,1.0566,0.0001258869,15.849,0
1.0575,0.0001977264,15.8625,0,1.0575,3.457694E-05,15.8625,0
1.0584,7.284657E-05,15.876,0,1.0584,-2.584878E-05,15.876,0
1.0593,-6.61326E-05,15.8895,0,1.0593,-8.493171E-05,15.8895,0
1.0602,-1.812772E-05,15.903,0,1.0602,-0.0001349508,15.903,0
1.0611,8.92958E-05,15.9165,0,1.0611,-0.0001225299,15.9165,0
1.062,-8.795301E-05,15.93,0,1.062,-0.0001178302,15.93,0
1.0629,-0.0001295796,15.9435,0,1.0629,-0.0001675135,15.9435,0
1.0638,-8.291753E-05,15.957,0,1.0638,-0.0001624781,15.957,0
1.0647,-8.023193E-05,15.9705,0,1.0647,1.040665E-05,15.9705,0
1.0656,-4.196231E-05,15.984,0,1.0656,7.754635E-05,15.984,0
1.0665,-6.713969E-07,15.9975,0,1.0665,4.766919E-05,15.9975,0
1.0674,7.721065E-06,16.011,0,1.0674,-1.913481E-05,16.011,0
1.0683,0.0001010452,16.0245,0,1.0683,-1.913481E-05,16.0245,0
1.0692,0.0001487144,16.038,0,1.0692,7.721065E-06,16.038,0
1.0701,0.0001131304,16.0515,0,1.0701,6.54612E-05,16.0515,0
1.071,7.217517E-05,16.065,0,1.071,3.659113E-05,16.065,0
1.0719,-8.82887E-05,16.0785,0,1.0719,-0.0001174945,16.0785,0
1.0728,-0.0002346532,16.092,0,1.0728,-2.316319E-05,16.092,0
1.0737,-0.0002057832,16.1055,0,1.0737,3.826963E-05,16.1055,0
1.0746,-0.0001168231,16.119,0,1.0746,0,16.119,0
1.0755,-0.0002138399,16.1325,0,1.0755,-4.33051E-05,16.1325,0
1.0764,-0.0002306248,16.146,0,1.0764,0,16.146,0
1.0773,-0.0001953765,16.1595,0,1.0773,-0.0001225299,16.1595,0
1.0782,-0.0001067521,16.173,0,1.0782,-9.231708E-05,16.173,0
1.0791,-3.457694E-05,16.1865,0,1.0791,4.46479E-05,16.1865,0
1.08,-6.78111E-05,16.2,0,1.08,-3.155566E-05,16.2,0
1.0809,-8.224613E-05,16.2135,0,1.0809,-4.028382E-06,16.2135,0
1.0818,-2.618448E-05,16.227,0,1.0818,-4.800488E-05,16.227,0
1.0827,4.36408E-06,16.2405,0,1.0827,-6.109713E-05,16.2405,0
1.0836,0.0001795987,16.254,0,1.0836,-5.706874E-06,16.254,0
1.0845,0.0001748989,16.2675,0,1.0845,1.141375E-05,16.2675,0
1.0854,7.989624E-05,16.281,0,1.0854,1.947051E-05,16.281,0
1.0863,1.376364E-05,16.2945,0,1.0863,6.445411E-05,16.2945,0
1.0872,-5.706874E-06,16.308,0,1.0872,5.740444E-05,16.308,0
1.0881,2.047761E-05,16.3215,0,1.0881,-2.014191E-06,16.3215,0
1.089,-2.349889E-06,16.335,0,1.089,3.356985E-07,16.335,0
1.0899,-2.316319E-05,16.3485,0,1.0899,3.994812E-05,16.3485,0
1.0908,5.740444E-05,16.362,0,1.0908,3.860533E-05,16.362,0
1.0917,5.941863E-05,16.3755,0,1.0917,-5.035477E-06,16.3755,0
1.0926,1.242084E-05,16.389,0,1.0926,-4.766919E-05,16.389,0
1.0935,-1.242084E-05,16.4025,0,1.0935,-0.0001205158,16.4025,0
1.0944,-3.726253E-05,16.416,0,1.0944,-0.0001201801,16.416,0
1.0953,1.510643E-05,16.4295,0,1.0953,-0.0001628138,16.4295,0
1.0962,-1.913481E-05,16.443,0,1.0962,-0.0002198825,16.443,0
1.0971,-0.000102388,16.4565,0,1.0971,-0.000246067,16.4565,0
1.098,-4.061952E-05,16.47,0,1.098,-0.0002836652,16.47,0
1.0989,-3.054856E-05,16.4835,0,1.0989,-0.000239353,16.4835,0
1.0998,-9.466698E-05,16.497,0,1.0998,-2.652018E-05,16.497,0
1.1007,3.692683E-06,16.5105,0,1.1007,0.0001695277,16.5105,0
1.1016,6.982528E-05,16.524,0,1.1016,0.0004307012,16.524,0
1.1025,0.0001070878,16.5375,0,1.1025,0.0005428244,16.5375,0
1.1034,0.0002185397,16.551,0,1.1034,0.000330663,16.551,0
1.1043,0.0001618067,16.5645,0,1.1043,0.0001769131,16.5645,0
1.1052,0.0001258869,16.578,0,1.1052,0.0001393149,16.578,0
1.1061,0.0001634852,16.5915,0,1.1061,0.000175906,16.5915,0
1.107,0.0001258869,16.605,0,1.107,0.0001876554,16.605,0
1.1079,8.82887E-05,16.6185,0,1.1079,9.735256E-05,16.6185,0
1.1088,6.881819E-05,16.632,0,1.1088,3.994812E-05,16.632,0
1.1097,7.956054E-05,16.6455,0,1.1097,3.121996E-05,16.6455,0
1.1106,9.063859E-06,16.659,0,1.1106,-7.217517E-05,16.659,0
1.1115,-3.289845E-05,16.6725,0,1.1115,-0.0001258869,16.6725,0
1.1124,-3.692683E-05,16.686,0,1.1124,-8.023193E-05,16.686,0
1.1133,-0.000130251,16.6995,0,1.1133,6.713969E-06,16.6995,0
1.1142,-0.0001329366,16.713,0,1.1142,7.721065E-05,16.713,0
1.1151,-3.524834E-05,16.7265,0,1.1151,8.258183E-05,16.7265,0
1.116,-8.761731E-05,16.74,0,1.116,-1.913481E-05,16.74,0
1.1169,-9.835965E-05,16.7535,0,1.1169,-0.0001930266,16.7535,0
1.1178,-3.894102E-05,16.767,0,1.1178,-0.0004202945,16.767,0
1.1187,-9.835965E-05,16.7805,0,1.1187,-0.0004766918,16.7805,0
1.1196,-4.699779E-05,16.794,0,1.1196,-0.0004290226,16.794,0
1.1205,-3.558404E-05,16.8075,0,1.1205,-0.0003511406,16.8075,0
1.1214,-3.491264E-05,16.821,0,1.1214,-2.987716E-05,16.821,0
1.1223,-2.450599E-05,16.8345,0,1.1223,0.0002934005,16.8345,0
1.1232,-9.298848E-05,16.848,0,1.1232,0.0002641947,16.848,0
1.1241,-3.793393E-05,16.8615,0,1.1241,0.0002480812,16.8615,0
1.125,0.0001195087,16.875,0,1.125,0.0001923552,16.875,0
1.1259,0.0002064546,16.8885,0,1.1259,6.848249E-05,16.8885,0
1.1268,0.0002208896,16.902,0,1.1268,6.378271E-05,16.902,0
1.1277,0.0001460288,16.9155,0,1.1277,-1.611353E-05,16.9155,0
1.1286,0.0001067521,16.929,0,1.1286,-8.358892E-05,16.929,0
1.1295,0.0001117876,16.9425,0,1.1295,-3.927672E-05,16.9425,0
1.1304,9.433127E-05,16.956,0,1.1304,-1.644922E-05,16.956,0
1.1313,-0.0001047379,16.9695,0,1.1313,-9.030289E-05,16.9695,0
1.1322,-0.0002366674,16.983,0,1.1322,-0.0001346151,16.983,0
1.1331,-0.0003944457,16.9965,0,1.1331,-0.0001393149,16.9965,0
1.134,-0.0004699779,17.01,0,1.134,-0.0001628138,17.01,0
1.1349,-0.0004347295,17.0235,0,1.1349,-0.0002218967,17.0235,0
1.1358,-8.560311E-05,17.037,0,1.1358,-0.0001910124,17.037,0
1.1367,2.584878E-05,17.0505,0,1.1367,-4.49836E-05,17.0505,0
1.1376,-3.591974E-05,17.064,0,1.1376,4.901198E-05,17.064,0
1.1385,0.000200412,17.0775,0,1.1385,5.203327E-05,17.0775,0
1.1394,0.0001232013,17.091,0,1.1394,-0.0001534142,17.091,0
1.1403,-2.987716E-05,17.1045,0,1.1403,-0.0001930266,17.1045,0
1.1412,4.162661E-05,17.118,0,1.1412,-8.761731E-05,17.118,0
1.1421,8.023193E-05,17.1315,0,1.1421,-0.0002077974,17.1315,0
1.143,-0.000119173,17.145,0,1.143,-0.0002715801,17.145,0
1.1439,-8.761731E-05,17.1585,0,1.1439,-0.0002390173,17.1585,0
1.1448,2.316319E-05,17.172,0,1.1448,-0.0001594568,17.172,0
1.1457,7.284657E-05,17.1855,0,1.1457,3.558404E-05,17.1855,0
1.1466,0.0001977264,17.199,0,1.1466,0.0001886625,17.199,0
1.1475,0.0001252155,17.2125,0,1.1475,0.0001433432,17.2125,0
1.1484,-1.712062E-05,17.226,0,1.1484,0.0001299153,17.226,0
1.1493,1.846342E-05,17.2395,0,1.1493,0.0001829557,17.2395,0
1.1502,3.994812E-05,17.253,0,1.1502,0.0002534524,17.253,0
1.1511,-8.224613E-05,17.2665,0,1.1511,0.0001782559,17.2665,0
1.152,-8.560311E-05,17.28,0,1.152,8.69459E-05,17.28,0
1.1529,2.014191E-06,17.2935,0,1.1529,5.404745E-05,17.2935,0
1.1538,-3.524834E-05,17.307,0,1.1538,7.418937E-05,17.307,0
1.1547,5.706874E-06,17.3205,0,1.1547,2.1149E-05,17.3205,0
1.1556,5.069047E-05,17.334,0,1.1556,-3.491264E-05,17.334,0
1.1565,3.021286E-06,17.3475,0,1.1565,-6.042573E-06,17.3475,0
1.1574,2.517739E-05,17.361,0,1.1574,-1.812772E-05,17.361,0
1.1583,5.941863E-05,17.3745,0,1.1583,-4.565499E-05,17.3745,0
1.1592,-5.807584E-05,17.388,0,1.1592,-0.0001460288,17.388,0
1.1601,-0.0001967193,17.4015,0,1.1601,-0.000207126,17.4015,0
1.161,-0.0001584497,17.415,0,1.161,-0.0001789273,17.415,0
1.1619,4.733349E-05,17.4285,0,1.1619,-0.0001742275,17.4285,0
1.1628,0.0003971313,17.442,0,1.1628,-6.042573E-05,17.442,0
1.1637,0.0004155947,17.4555,0,1.1637,0.0001305867,17.4555,0
1.1646,0.0001957122,17.469,0,1.1646,0.0001571069,17.469,0
1.1655,5.874724E-05,17.4825,0,1.1655,6.243992E-05,17.4825,0
1.1664,1.779202E-05,17.496,0,1.1664,-7.721065E-06,17.496,0
1.1673,-6.243992E-05,17.5095,0,1.1673,-2.349889E-05,17.5095,0
1.1682,-4.867628E-05,17.523,0,1.1682,-5.035477E-06,17.523,0
1.1691,-2.719158E-05,17.5365,0,1.1691,1.242084E-05,17.5365,0
1.17,-0.0001524071,17.55,0,1.17,-4.934768E-05,17.55,0
1.1709,-0.0001144732,17.5635,0,1.1709,-0.0002420386,17.5635,0
1.1718,-9.433127E-05,17.577,0,1.1718,-0.0003226062,17.577,0
1.1727,-9.164568E-05,17.5905,0,1.1727,-0.0003471122,17.5905,0
1.1736,-6.848249E-05,17.604,0,1.1736,-0.0002457313,17.604,0
1.1745,-3.021286E-05,17.6175,0,1.1745,-6.54612E-05,17.6175,0
1.1754,-5.270466E-05,17.631,0,1.1754,0.0002897078,17.631,0
1.1763,-3.189136E-05,17.6445,0,1.1763,0.0005727016,17.6445,0
1.1772,-1.107805E-05,17.658,0,1.1772,0.0008107118,17.658,0
1.1781,-8.426032E-05,17.6715,0,1.1781,0.0006442054,17.6715,0
1.179,-6.61326E-05,17.685,0,1.179,0.0002430457,17.685,0
1.1799,-3.591974E-05,17.6985,0,1.1799,3.356985E-06,17.6985,0
1.1808,-0.0001524071,17.712,0,1.1808,-0.0001097734,17.712,0
1.1817,-8.795301E-05,17.7255,0,1.1817,-0.0001319295,17.7255,0
1.1826,3.894102E-05,17.739,0,1.1826,-7.687495E-05,17.739,0
1.1835,-6.948959E-05,17.7525,0,1.1835,-1.309224E-05,17.7525,0
1.1844,-1.644922E-05,17.766,0,1.1844,3.927672E-05,17.766,0
1.1853,5.035477E-05,17.7795,0,1.1853,-4.565499E-05,17.7795,0
1.1862,-5.706874E-06,17.793,0,1.1862,-0.0001527428,17.793,0
1.1871,-7.754635E-05,17.8065,0,1.1871,-0.0001409934,17.8065,0
1.188,-3.793393E-05,17.82,0,1.188,-0.0001342794,17.82,0
1.1889,-7.586786E-05,17.8335,0,1.1889,-0.0001806058,17.8335,0
1.1898,1.980621E-05,17.847,0,1.1898,-0.0001765774,17.847,0
1.1907,1.577783E-05,17.8605,0,1.1907,-0.0001430075,17.8605,0
1.1916,4.934768E-05,17.874,0,1.1916,-0.000133608,17.874,0
1.1925,6.948959E-05,17.8875,0,1.1925,-0.0001799344,17.8875,0
1.1934,0.000109102,17.901,0,1.1934,-0.0001849699,17.901,0
1.1943,5.941863E-05,17.9145,0,1.1943,-8.392462E-05,17.9145,0
1.1952,4.129091E-05,17.928,0,1.1952,-5.706874E-06,17.928,0
1.1961,0.0001107805,17.9415,0,1.1961,2.719158E-05,17.9415,0
1.197,2.24918E-05,17.955,0,1.197,3.189136E-05,17.955,0
1.1979,-4.196231E-05,17.9685,0,1.1979,9.399558E-06,17.9685,0
1.1988,-4.800488E-05,17.982,0,1.1988,-7.284657E-05,17.982,0
1.1997,-8.426032E-05,17.9955,0,1.1997,-6.210422E-05,17.9955,0
1.2006,-0.0001560998,18.009,0,1.2006,-2.517739E-05,18.009,0
1.2015,-9.802396E-05,18.0225,0,1.2015,-6.948959E-05,18.0225,0
1.2024,-3.356985E-07,18.036,0,1.2024,-9.332418E-05,18.036,0
1.2033,0.0001144732,18.0495,0,1.2033,-9.164568E-05,18.0495,0
1.2042,9.097429E-05,18.063,0,1.2042,-8.761731E-05,18.063,0
1.2051,-1.107805E-05,18.0765,0,1.2051,-9.130999E-05,18.0765,0
1.206,-7.385367E-05,18.09,0,1.206,-9.567407E-05,18.09,0
1.2069,-8.69459E-05,18.1035,0,1.2069,-7.217517E-05,18.1035,0
1.2078,-0.0001634852,18.117,0,1.2078,-3.457694E-05,18.117,0
1.2087,-0.0001060807,18.1305,0,1.2087,-5.001907E-05,18.1305,0
1.2096,0.0001373007,18.144,0,1.2096,-6.076142E-05,18.144,0
1.2105,0.0004266728,18.1575,0,1.2105,1.007095E-06,18.1575,0
1.2114,0.0004790417,18.171,0,1.2114,1.980621E-05,18.171,0
1.2123,0.0001957122,18.1845,0,1.2123,-1.007095E-05,18.1845,0
1.2132,2.18204E-05,18.198,0,1.2132,-1.309224E-05,18.198,0
1.2141,-3.356985E-07,18.2115,0,1.2141,1.510643E-05,18.2115,0
1.215,8.69459E-05,18.225,0,1.215,1.007095E-05,18.225,0
1.2159,2.517739E-05,18.2385,0,1.2159,-7.049668E-06,18.2385,0
1.2168,7.721065E-05,18.252,0,1.2168,-8.728161E-06,18.252,0
1.2177,0.0001366293,18.2655,0,1.2177,7.754635E-05,18.2655,0
1.2186,-0.0002104829,18.279,0,1.2186,3.021286E-06,18.279,0
1.2195,-0.0004028382,18.2925,0,1.2195,-7.418937E-05,18.2925,0
1.2204,-0.0004045167,18.306,0,1.2204,-9.063859E-06,18.306,0
1.2213,-0.0005105974,18.3195,0,1.2213,-1.678492E-05,18.3195,0
1.2222,-0.0004313726,18.333,0,1.2222,5.001907E-05,18.333,0
1.2231,-0.0001188373,18.3465,0,1.2231,-3.021286E-06,18.3465,0
1.224,0.0001806058,18.36,0,1.224,-0.0001238727,18.36,0
1.2249,2.316319E-05,18.3735,0,1.2249,-0.0001292439,18.3735,0
1.2258,-0.0002259251,18.387,0,1.2258,-0.0001722133,18.387,0
1.2267,-0.0001940337,18.4005,0,1.2267,-0.0001500572,18.4005,0
1.2276,-9.399558E-06,18.414,0,1.2276,-0.0001047379,18.414,0
1.2285,0.0002423743,18.4275,0,1.2285,-0.0001879911,18.4275,0
1.2294,0.0002843366,18.441,0,1.2294,-0.0001534142,18.441,0
1.2303,0.0001742275,18.4545,0,1.2303,0.0001070878,18.4545,0
1.2312,7.486076E-05,18.468,0,1.2312,0.0003863889,18.468,0
1.2321,-7.721065E-06,18.4815,0,1.2321,0.0003447623,18.4815,0
1.233,-7.721065E-06,18.495,0,1.233,0.0002188754,18.495,0
1.2339,3.189136E-05,18.5085,0,1.2339,0.0001151446,18.5085,0
1.2348,5.035477E-06,18.522,0,1.2348,6.411841E-05,18.522,0
1.2357,-8.056763E-06,18.5355,0,1.2357,4.263371E-05,18.5355,0
1.2366,6.78111E-05,18.549,0,1.2366,-1.107805E-05,18.549,0
1.2375,3.356985E-06,18.5625,0,1.2375,-2.819867E-05,18.5625,0
1.2384,6.378271E-05,18.576,0,1.2384,-3.927672E-05,18.576,0
1.2393,7.687495E-05,18.5895,0,1.2393,-0.0001453574,18.5895,0
1.2402,6.61326E-05,18.603,0,1.2402,-0.000186984,18.603,0
1.2411,9.735256E-06,18.6165,0,1.2411,-0.0002151827,18.6165,0
1.242,1.409934E-05,18.63,0,1.242,-0.0002588235,18.63,0
1.2429,1.544213E-05,18.6435,0,1.2429,-0.0001853056,18.6435,0
1.2438,2.316319E-05,18.657,0,1.2438,-4.599069E-05,18.657,0
1.2447,-2.014191E-05,18.6705,0,1.2447,8.392462E-05,18.6705,0
1.2456,-3.659113E-05,18.684,0,1.2456,0.000112459,18.684,0
1.2465,5.203327E-05,18.6975,0,1.2465,8.392462E-05,18.6975,0
1.2474,1.477073E-05,18.711,0,1.2474,4.901198E-05,18.711,0
1.2483,-4.632639E-05,18.7245,0,1.2483,1.812772E-05,18.7245,0
1.2492,-1.577783E-05,18.738,0,1.2492,1.275654E-05,18.738,0
1.2501,1.309224E-05,18.7515,0,1.2501,6.009003E-05,18.7515,0
1.251,-6.076142E-05,18.765,0,1.251,0.0001574426,18.765,0
1.2519,-5.841154E-05,18.7785,0,1.2519,8.090334E-05,18.7785,0
1.2528,-1.443504E-05,18.792,0,1.2528,2.047761E-05,18.792,0
1.2537,-5.639734E-05,18.8055,0,1.2537,2.652018E-05,18.8055,0
1.2546,-5.136187E-05,18.819,0,1.2546,2.047761E-05,18.819,0
1.2555,3.088426E-05,18.8325,0,1.2555,-7.251087E-05,18.8325,0
1.2564,-2.417029E-05,18.846,0,1.2564,-0.000148043,18.846,0
1.2573,-1.376364E-05,18.8595,0,1.2573,-0.0001762417,18.8595,0
1.2582,-1.779202E-05,18.873,0,1.2582,-0.0001433432,18.873,0
1.2591,-9.903105E-05,18.8865,0,1.2591,-0.0001228656,18.8865,0
1.26,-6.009003E-05,18.9,0,1.26,-9.365987E-05,18.9,0
1.2609,-7.049668E-06,18.9135,0,1.2609,1.779202E-05,18.9135,0
1.2618,-5.136187E-05,18.927,0,1.2618,8.090334E-05,18.927,0
1.2627,-2.081331E-05,18.9405,0,1.2627,-2.014191E-05,18.9405,0
1.2636,4.095522E-05,18.954,0,1.2636,-7.452507E-05,18.954,0
1.2645,1.040665E-05,18.9675,0,1.2645,-3.659113E-05,18.9675,0
1.2654,1.275654E-05,18.981,0,1.2654,3.356985E-07,18.981,0
1.2663,7.016098E-05,18.9945,0,1.2663,-1.947051E-05,18.9945,0
1.2672,5.539025E-05,19.008,0,1.2672,-3.692683E-05,19.008,0
1.2681,-1.141375E-05,19.0215,0,1.2681,-4.095522E-05,19.0215,0
1.269,3.692683E-06,19.035,0,1.269,-5.471885E-05,19.035,0
1.2699,1.913481E-05,19.0485,0,1.2699,-7.888914E-05,19.0485,0
1.2708,1.007095E-05,19.062,0,1.2708,-0.0001386435,19.062,0
1.2717,-8.392462E-06,19.0755,0,1.2717,-7.721065E-05,19.0755,0
1.2726,-2.920577E-05,19.089,0,1.2726,6.009003E-05,19.089,0
1.2735,-3.457694E-05,19.1025,0,1.2735,9.634547E-05,19.1025,0
1.2744,6.713969E-07,19.116,0,1.2744,9.600977E-05,19.116,0
1.2753,-1.947051E-05,19.1295,0,1.2753,0.0002366674,19.1295,0
1.2762,1.846342E-05,19.143,0,1.2762,0.0003118639,19.143,0
1.2771,5.438316E-05,19.1565,0,1.2771,0.0002652018,19.1565,0
1.278,-1.107805E-05,19.17,0,1.278,0.0002531167,19.17,0
1.2789,5.035477E-06,19.1835,0,1.2789,0.0001389792,19.1835,0
1.2798,-8.392462E-06,19.197,0,1.2798,3.726253E-05,19.197,0
1.2807,-6.54612E-05,19.2105,0,1.2807,-2.383459E-05,19.2105,0
1.2816,-5.740444E-05,19.224,0,1.2816,-2.349889E-05,19.224,0
1.2825,-2.954147E-05,19.2375,0,1.2825,-2.719158E-05,19.2375,0
1.2834,-2.349889E-06,19.251,0,1.2834,-8.661021E-05,19.251,0
1.2843,3.860533E-05,19.2645,0,1.2843,-0.000123537,19.2645,0
1.2852,-1.107805E-05,19.278,0,1.2852,-0.0001070878,19.278,0
1.2861,1.242084E-05,19.2915,0,1.2861,-8.392462E-05,19.2915,0
1.287,6.78111E-05,19.305,0,1.287,-7.183947E-05,19.305,0
1.2879,2.349889E-05,19.3185,0,1.2879,-7.183947E-05,19.3185,0
1.2888,-5.001907E-05,19.332,0,1.2888,-1.913481E-05,19.332,0
1.2897,5.706874E-06,19.3455,0,1.2897,-3.457694E-05,19.3455,0
1.2906,6.009003E-05,19.359,0,1.2906,-7.452507E-05,19.359,0
1.2915,-7.721065E-05,19.3725,0,1.2915,-3.189136E-05,19.3725,0
1.2924,-0.000112459,19.386,0,1.2924,-5.203327E-05,19.386,0
1.2933,-6.478981E-05,19.3995,0,1.2933,-9.869535E-05,19.3995,0
1.2942,-8.426032E-05,19.413,0,1.2942,-5.136187E-05,19.413,0
1.2951,-6.009003E-05,19.4265,0,1.2951,-4.666209E-05,19.4265,0
1.296,1.174945E-05,19.44,0,1.296,-3.659113E-05,19.44,0
1.2969,1.779202E-05,19.4535,0,1.2969,-1.007095E-05,19.4535,0
1.2978,6.277562E-05,19.467,0,1.2978,4.699779E-06,19.467,0
1.2987,4.53193E-05,19.4805,0,1.2987,1.040665E-05,19.4805,0
1.2996,7.821774E-05,19.494,0,1.2996,3.356985E-07,19.494,0
1.3005,5.270466E-05,19.5075,0,1.3005,3.021286E-06,19.5075,0
1.3014,3.961242E-05,19.521,0,1.3014,-4.33051E-05,19.521,0
1.3023,1.577783E-05,19.5345,0,1.3023,-1.007095E-06,19.5345,0
1.3032,1.577783E-05,19.548,0,1.3032,-1.577783E-05,19.548,0
1.3041,7.083238E-05,19.5615,0,1.3041,-3.189136E-05,19.5615,0
1.305,-2.517739E-05,19.575,0,1.305,1.443504E-05,19.575,0
1.3059,-0.0001138018,19.5885,0,1.3059,1.544213E-05,19.5885,0
1.3068,-0.0001456931,19.602,0,1.3068,-5.236896E-05,19.602,0
1.3077,-0.0001524071,19.6155,0,1.3077,-5.606165E-05,19.6155,0
1.3086,-0.0001453574,19.629,0,1.3086,-3.961242E-05,19.629,0
1.3095,-6.6804E-05,19.6425,0,1.3095,-4.632639E-05,19.6425,0
1.3104,-7.553216E-05,19.656,0,1.3104,-5.069047E-05,19.656,0
1.3113,-1.644922E-05,19.6695,0,1.3113,-7.721065E-05,19.6695,0
1.3122,-1.913481E-05,19.683,0,1.3122,-8.191043E-05,19.683,0
1.3131,-2.719158E-05,19.6965,0,1.3131,-0.0001000381,19.6965,0
1.314,9.399558E-06,19.71,0,1.314,-0.0001131304,19.71,0
1.3149,2.887007E-05,19.7235,0,1.3149,-0.0001362936,19.7235,0
1.3158,-3.927672E-05,19.737,0,1.3158,-9.869535E-05,19.737,0
1.3167,-3.793393E-05,19.7505,0,1.3167,-7.452507E-05,19.7505,0
1.3176,-4.33051E-05,19.764,0,1.3176,-6.478981E-05,19.764,0
1.3185,-6.378271E-05,19.7775,0,1.3185,-2.047761E-05,19.7775,0
1.3194,5.337606E-05,19.791,0,1.3194,4.36408E-06,19.791,0
1.3203,2.920577E-05,19.8045,0,1.3203,-1.980621E-05,19.8045,0
1.3212,-8.157473E-05,19.818,0,1.3212,-1.712062E-05,19.818,0
1.3221,-4.968337E-05,19.8315,0,1.3221,-1.040665E-05,19.8315,0
1.323,-1.879912E-05,19.845,0,1.323,-3.256275E-05,19.845,0
1.3239,-4.36408E-06,19.8585,0,1.3239,-5.874724E-05,19.8585,0
1.3248,6.009003E-05,19.872,0,1.3248,-7.183947E-05,19.872,0
1.3257,7.150377E-05,19.8855,0,1.3257,-3.121996E-05,19.8855,0
1.3266,6.042573E-06,19.899,0,1.3266,-3.155566E-05,19.899,0
1.3275,4.666209E-05,19.9125,0,1.3275,-6.076142E-05,19.9125,0
1.3284,9.869535E-05,19.926,0,1.3284,-4.162661E-05,19.926,0
1.3293,1.678492E-05,19.9395,0,1.3293,2.484169E-05,19.9395,0
1.3302,3.927672E-05,19.953,0,1.3302,-3.356985E-07,19.953,0
1.3311,0.0001087663,19.9665,0,1.3311,-2.987716E-05,19.9665,0
1.332,1.443504E-05,19.98,0,1.332,-1.376364E-05,19.98,0
1.3329,4.263371E-05,19.9935,0,1.3329,2.24918E-05,19.9935,0
1.3338,8.224613E-05,20.007,0,1.3338,2.786297E-05,20.007,0
1.3347,6.378271E-06,20.0205,0,1.3347,-3.793393E-05,20.0205,0
1.3356,-2.18204E-05,20.034,0,1.3356,-6.176852E-05,20.034,0
1.3365,6.74754E-05,20.0475,0,1.3365,-4.36408E-06,20.0475,0
1.3374,0.0001406577,20.061,0,1.3374,8.023193E-05,20.061,0
1.3383,0.0001493858,20.0745,0,1.3383,6.57969E-05,20.0745,0
1.3392,0.0001151446,20.088,0,1.3392,6.6804E-05,20.088,0
1.3401,4.800488E-05,20.1015,0,1.3401,9.634547E-05,20.1015,0
1.341,6.143282E-05,20.115,0,1.341,6.74754E-05,20.115,0
1.3419,0.0001087663,20.1285,0,1.3419,3.994812E-05,20.1285,0
1.3428,6.176852E-05,20.142,0,1.3428,3.021286E-06,20.142,0
1.3437,2.517739E-05,20.1555,0,1.3437,-3.524834E-05,20.1555,0
1.3446,6.076142E-05,20.169,0,1.3446,-4.565499E-05,20.169,0
1.3455,7.049668E-06,20.1825,0,1.3455,1.342794E-05,20.1825,0
1.3464,6.344701E-05,20.196,0,1.3464,2.316319E-05,20.196,0
1.3473,4.263371E-05,20.2095,0,1.3473,-1.342794E-06,20.2095,0
1.3482,-4.699779E-06,20.223,0,1.3482,-3.457694E-05,20.223,0
1.3491,-7.083238E-05,20.2365,0,1.3491,-8.627451E-05,20.2365,0
1.35,-6.277562E-05,20.25,0,1.35,-7.083238E-05,20.25,0
1.3509,-7.183947E-05,20.2635,0,1.3509,-5.740444E-05,20.2635,0
1.3518,-6.378271E-05,20.277,0,1.3518,-5.639734E-05,20.277,0
1.3527,-0.0001050736,20.2905,0,1.3527,-1.812772E-05,20.2905,0
1.3536,-0.0001138018,20.304,0,1.3536,-1.812772E-05,20.304,0
1.3545,7.049668E-06,20.3175,0,1.3545,-5.706874E-05,20.3175,0
1.3554,-9.735256E-06,20.331,0,1.3554,-6.74754E-05,20.331,0
1.3563,-5.539025E-05,20.3445,0,1.3563,-3.491264E-05,20.3445,0
1.3572,-2.484169E-05,20.358,0,1.3572,-5.673304E-05,20.358,0
1.3581,-2.920577E-05,20.3715,0,1.3581,-0.0001185016,20.3715,0
1.359,-8.392462E-05,20.385,0,1.359,-7.956054E-05,20.385,0
1.3599,9.735256E-06,20.3985,0,1.3599,-5.136187E-05,20.3985,0
1.3608,1.242084E-05,20.412,0,1.3608,-9.030289E-05,20.412,0
1.3617,-8.627451E-05,20.4255,0,1.3617,-3.088426E-05,20.4255,0
1.3626,-2.517739E-05,20.439,0,1.3626,2.819867E-05,20.439,0
1.3635,9.466698E-05,20.4525,0,1.3635,1.712062E-05,20.4525,0
1.3644,0.0001910124,20.466,0,1.3644,-2.853437E-05,20.466,0
1.3653,0.0002467384,20.4795,0,1.3653,-7.183947E-05,20.4795,0
1.3662,0.000203769,20.493,0,1.3662,-3.860533E-05,20.493,0
1.3671,0.000158114,20.5065,0,1.3671,-1.376364E-05,20.5065,0
1.368,4.263371E-05,20.52,0,1.368,1.141375E-05,20.52,0
1.3689,-0.0001064164,20.5335,0,1.3689,7.653925E-05,20.5335,0
1.3698,-0.0003078355,20.547,0,1.3698,0.0001359579,20.547,0
1.3707,-0.0004377508,20.5605,0,1.3707,0.000102388,20.5605,0
1.3716,-0.0004441291,20.574,0,1.3716,1.409934E-05,20.574,0
1.3725,-0.0005022049,20.5875,0,1.3725,2.819867E-05,20.5875,0
1.3734,-0.000408545,20.601,0,1.3734,3.054856E-05,20.601,0
1.3743,-0.0002420386,20.6145,0,1.3743,-1.242084E-05,20.6145,0
1.3752,-0.0002406958,20.628,0,1.3752,-9.735256E-06,20.628,0
1.3761,-0.0001577783,20.6415,0,1.3761,1.913481E-05,20.6415,0
1.377,-2.920577E-05,20.655,0,1.377,1.275654E-05,20.655,0
1.3779,1.712062E-05,20.6685,0,1.3779,2.685588E-06,20.6685,0
1.3788,4.263371E-05,20.682,0,1.3788,-2.853437E-05,20.682,0
1.3797,4.599069E-05,20.6955,0,1.3797,-4.36408E-06,20.6955,0
1.3806,3.961242E-05,20.709,0,1.3806,1.846342E-05,20.709,0
1.3815,9.231708E-05,20.7225,0,1.3815,1.678492E-06,20.7225,0
1.3824,9.903105E-05,20.736,0,1.3824,-1.644922E-05,20.736,0
1.3833,7.553216E-05,20.7495,0,1.3833,-1.074235E-05,20.7495,0
1.3842,0.0001339437,20.763,0,1.3842,-2.551309E-05,20.763,0
1.3851,0.0001386435,20.7765,0,1.3851,-6.74754E-05,20.7765,0
1.386,5.874724E-05,20.79,0,1.386,-2.383459E-05,20.79,0
1.3869,3.323415E-05,20.8035,0,1.3869,-6.378271E-05,20.8035,0
1.3878,1.107805E-05,20.817,0,1.3878,-8.661021E-05,20.817,0
1.3887,3.323415E-05,20.8305,0,1.3887,-7.016098E-05,20.8305,0
1.3896,1.678492E-06,20.844,0,1.3896,-3.860533E-05,20.844,0
1.3905,4.632639E-05,20.8575,0,1.3905,-2.047761E-05,20.8575,0
1.3914,0.0001279011,20.871,0,1.3914,1.947051E-05,20.871,0
1.3923,0.000164828,20.8845,0,1.3923,3.457694E-05,20.8845,0
1.3932,0.0002077974,20.898,0,1.3932,4.733349E-05,20.898,0
1.3941,0.0001416648,20.9115,0,1.3941,2.417029E-05,20.9115,0
1.395,0.0001567712,20.925,0,1.395,-2.014191E-06,20.925,0
1.3959,0.0001560998,20.9385,0,1.3959,-1.644922E-05,20.9385,0
1.3968,3.860533E-05,20.952,0,1.3968,1.577783E-05,20.952,0
1.3977,1.309224E-05,20.9655,0,1.3977,1.309224E-05,20.9655,0
1.3986,5.270466E-05,20.979,0,1.3986,-1.779202E-05,20.979,0
1.3995,-3.961242E-05,20.9925,0,1.3995,2.014191E-05,20.9925,0
1.4004,1.678492E-06,21.006,0,1.4004,3.222705E-05,21.006,0
1.4013,1.779202E-05,21.0195,0,1.4013,-5.001907E-05,21.0195,0
1.4022,-3.289845E-05,21.033,0,1.4022,-3.558404E-05,21.033,0
1.4031,-7.217517E-05,21.0465,0,1.4031,-1.712062E-05,21.0465,0
1.404,-9.735256E-06,21.06,0,1.404,-3.524834E-05,21.06,0
1.4049,1.443504E-05,21.0735,0,1.4049,-3.692683E-05,21.0735,0
1.4058,1.208515E-05,21.087,0,1.4058,-0.0001144732,21.087,0
1.4067,-8.92958E-05,21.1005,0,1.4067,-0.000105745,21.1005,0
1.4076,-0.0001853056,21.114,0,1.4076,-2.786297E-05,21.114,0
1.4085,-0.0001517357,21.1275,0,1.4085,2.752728E-05,21.1275,0
1.4094,-9.835965E-05,21.141,0,1.4094,-6.713969E-07,21.141,0
1.4103,-0.0001000381,21.1545,0,1.4103,3.994812E-05,21.1545,0
1.4112,-6.948959E-05,21.168,0,1.4112,5.740444E-05,21.168,0
1.4121,-2.24918E-05,21.1815,0,1.4121,-8.82887E-05,21.1815,0
1.413,-7.788205E-05,21.195,0,1.413,-0.0001272297,21.195,0
1.4139,-3.659113E-05,21.2085,0,1.4139,-0.0001201801,21.2085,0
1.4148,2.450599E-05,21.222,0,1.4148,-0.0001557641,21.222,0
1.4157,-2.786297E-05,21.2355,0,1.4157,-5.337606E-05,21.2355,0
1.4166,-4.33051E-05,21.249,0,1.4166,9.634547E-05,21.249,0
1.4175,4.36408E-06,21.2625,0,1.4175,1.812772E-05,21.2625,0
1.4184,1.007095E-05,21.276,0,1.4184,-3.121996E-05,21.276,0
1.4193,3.860533E-05,21.2895,0,1.4193,-2.618448E-05,21.2895,0
1.4202,-1.544213E-05,21.303,0,1.4202,-9.735256E-06,21.303,0
1.4211,-9.198138E-05,21.3165,0,1.4211,-3.356985E-05,21.3165,0
1.422,-5.539025E-05,21.33,0,1.422,-4.766919E-05,21.33,0
1.4229,-1.309224E-05,21.3435,0,1.4229,-3.390555E-05,21.3435,0
1.4238,-5.035477E-05,21.357,0,1.4238,2.1149E-05,21.357,0
1.4247,-2.853437E-05,21.3705,0,1.4247,6.042573E-06,21.3705,0
1.4256,2.1149E-05,21.384,0,1.4256,3.021286E-06,21.384,0
1.4265,-1.275654E-05,21.3975,0,1.4265,5.236896E-05,21.3975,0
1.4274,4.263371E-05,21.411,0,1.4274,9.735256E-06,21.411,0
1.4283,2.987716E-05,21.4245,0,1.4283,-6.6804E-05,21.4245,0
1.4292,8.426032E-05,21.438,0,1.4292,-6.009003E-05,21.438,0
1.4301,8.023193E-05,21.4515,0,1.4301,-3.625543E-05,21.4515,0
1.431,5.874724E-05,21.465,0,1.431,-2.517739E-05,21.465,0
1.4319,4.968337E-05,21.4785,0,1.4319,-3.692683E-06,21.4785,0
1.4328,8.661021E-05,21.492,0,1.4328,-2.819867E-05,21.492,0
1.4337,3.054856E-05,21.5055,0,1.4337,-1.712062E-05,21.5055,0
1.4346,-5.270466E-05,21.519,0,1.4346,-3.457694E-05,21.519,0
1.4355,4.699779E-05,21.5325,0,1.4355,-3.659113E-05,21.5325,0
1.4364,0.0001067521,21.546,0,1.4364,-3.021286E-05,21.546,0
1.4373,6.009003E-05,21.5595,0,1.4373,-2.954147E-05,21.5595,0
1.4382,0.0001030594,21.573,0,1.4382,-6.210422E-05,21.573,0
1.4391,0.0001245441,21.5865,0,1.4391,-0.0001114519,21.5865,0
1.44,5.807584E-05,21.6,0,1.44,-4.162661E-05,21.6,0
1.4409,0.0001305867,21.6135,0,1.4409,1.275654E-05,21.6135,0
1.4418,0.0001769131,21.627,0,1.4418,-3.793393E-05,21.627,0
1.4427,-2.887007E-05,21.6405,0,1.4427,-5.740444E-05,21.6405,0
1.4436,-0.0001218585,21.654,0,1.4436,-3.323415E-05,21.654,0
1.4445,-0.0001215228,21.6675,0,1.4445,-4.33051E-05,21.6675,0
1.4454,-0.0001782559,21.681,0,1.4454,-4.46479E-05,21.681,0
1.4463,-0.0002178683,21.6945,0,1.4463,-6.210422E-05,21.6945,0
1.4472,-0.0002232395,21.708,0,1.4472,-6.54612E-05,21.708,0
1.4481,-0.0002403601,21.7215,0,1.4481,-6.277562E-05,21.7215,0
1.449,-0.0001688563,21.735,0,1.449,-7.821774E-05,21.735,0
1.4499,-9.970245E-05,21.7485,0,1.4499,-9.332418E-05,21.7485,0
1.4508,-0.0001607996,21.762,0,1.4508,-6.948959E-05,21.762,0
1.4517,-0.0001117876,21.7755,0,1.4517,-5.774014E-05,21.7755,0
1.4526,-4.263371E-05,21.789,0,1.4526,-5.471885E-05,21.789,0
1.4535,-0.0001117876,21.8025,0,1.4535,-1.342794E-06,21.8025,0
1.4544,-6.814679E-05,21.816,0,1.4544,-9.063859E-06,21.816,0
1.4553,-2.685588E-05,21.8295,0,1.4553,-2.551309E-05,21.8295,0
1.4562,-6.881819E-05,21.843,0,1.4562,1.309224E-05,21.843,0
1.4571,-5.941863E-05,21.8565,0,1.4571,3.189136E-05,21.8565,0
1.458,2.987716E-05,21.87,0,1.458,4.061952E-05,21.87,0
1.4589,0.0001134661,21.8835,0,1.4589,3.692683E-05,21.8835,0
1.4598,0.0001178302,21.897,0,1.4598,3.155566E-05,21.897,0
1.4607,7.788205E-05,21.9105,0,1.4607,3.994812E-05,21.9105,0
1.4616,7.418937E-05,21.924,0,1.4616,4.800488E-05,21.924,0
1.4625,0.000115816,21.9375,0,1.4625,7.721065E-06,21.9375,0
1.4634,9.634547E-05,21.951,0,1.4634,-1.107805E-05,21.951,0
1.4643,4.263371E-05,21.9645,0,1.4643,2.21561E-05,21.9645,0
1.4652,9.164568E-05,21.978,0,1.4652,2.652018E-05,21.978,0
1.4661,0.0001117876,21.9915,0,1.4661,1.980621E-05,21.9915,0
1.467,6.64683E-05,22.005,0,1.467,4.666209E-05,22.005,0
1.4679,0.0001433432,22.0185,0,1.4679,4.162661E-05,22.0185,0
1.4688,0.0001564355,22.032,0,1.4688,2.28275E-05,22.032,0
1.4697,0.0001272297,22.0455,0,1.4697,4.061952E-05,22.0455,0
1.4706,0.0001309224,22.059,0,1.4706,4.599069E-05,22.059,0
1.4715,0.0001131304,22.0725,0,1.4715,1.712062E-05,22.0725,0
1.4724,1.309224E-05,22.086,0,1.4724,1.174945E-05,22.086,0
1.4733,1.678492E-06,22.0995,0,1.4733,-9.399558E-06,22.0995,0
1.4742,-6.814679E-05,22.113,0,1.4742,-9.063859E-06,22.113,0
1.4751,-0.0001574426,22.1265,0,1.4751,-1.242084E-05,22.1265,0
1.476,-0.0002024262,22.14,0,1.476,-2.349889E-05,22.14,0
1.4769,-0.0001621424,22.1535,0,1.4769,-4.39765E-05,22.1535,0
1.4778,-0.000231632,22.167,0,1.4778,-3.659113E-05,22.167,0
1.4787,-0.0001849699,22.1805,0,1.4787,-2.014191E-05,22.1805,0
1.4796,-6.74754E-05,22.194,0,1.4796,-4.196231E-05,22.194,0
1.4805,-9.298848E-05,22.2075,0,1.4805,-3.625543E-05,22.2075,0
1.4814,-6.344701E-05,22.221,0,1.4814,-1.342794E-06,22.221,0
1.4823,-5.371176E-06,22.2345,0,1.4823,-2.18204E-05,22.2345,0
1.4832,3.088426E-05,22.248,0,1.4832,-2.517739E-05,22.248,0
1.4841,1.040665E-05,22.2615,0,1.4841,-6.042573E-06,22.2615,0
1.485,5.203327E-05,22.275,0,1.485,1.544213E-05,22.275,0
1.4859,3.189136E-05,22.2885,0,1.4859,3.189136E-05,22.2885,0
1.4868,4.867628E-05,22.302,0,1.4868,1.577783E-05,22.302,0
1.4877,7.049668E-06,22.3155,0,1.4877,7.217517E-05,22.3155,0
1.4886,3.256275E-05,22.329,0,1.4886,8.996719E-05,22.329,0
1.4895,0.0001064164,22.3425,0,1.4895,1.544213E-05,22.3425,0
1.4904,9.365987E-05,22.356,0,1.4904,-3.155566E-05,22.356,0
1.4913,4.699779E-05,22.3695,0,1.4913,-2.450599E-05,22.3695,0
1.4922,2.1149E-05,22.383,0,1.4922,-4.229801E-05,22.383,0
1.4931,4.867628E-05,22.3965,0,1.4931,-9.433127E-05,22.3965,0
1.494,3.356985E-06,22.41,0,1.494,-6.814679E-05,22.41,0
1.4949,-5.169757E-05,22.4235,0,1.4949,-7.989624E-05,22.4235,0
1.4958,1.141375E-05,22.437,0,1.4958,-8.392462E-05,22.437,0
1.4967,1.577783E-05,22.4505,0,1.4967,-7.217517E-05,22.4505,0
1.4976,-7.687495E-05,22.464,0,1.4976,-6.915389E-05,22.464,0
1.4985,-7.788205E-05,22.4775,0,1.4985,-9.030289E-05,22.4775,0
1.4994,-3.860533E-05,22.491,0,1.4994,-9.869535E-05,22.491,0
1.5003,-1.443504E-05,22.5045,0,1.5003,-9.634547E-05,22.5045,0
1.5012,-0.0001111162,22.518,0,1.5012,-9.298848E-05,22.518,0
1.5021,-7.821774E-05,22.5315,0,1.5021,-7.620356E-05,22.5315,0
1.503,1.577783E-05,22.545,0,1.503,-3.659113E-05,22.545,0
1.5039,-6.881819E-05,22.5585,0,1.5039,-2.450599E-05,22.5585,0
1.5048,-0.0001111162,22.572,0,1.5048,-2.551309E-05,22.572,0
1.5057,-4.129091E-05,22.5855,0,1.5057,-2.24918E-05,22.5855,0
1.5066,-2.383459E-05,22.599,0,1.5066,-2.383459E-05,22.599,0
1.5075,-0.000115816,22.6125,0,1.5075,3.189136E-05,22.6125,0
1.5084,-0.0001275654,22.626,0,1.5084,2.450599E-05,22.626,0
1.5093,-0.0001168231,22.6395,0,1.5093,-4.36408E-06,22.6395,0
1.5102,-9.701686E-05,22.653,0,1.5102,1.544213E-05,22.653,0
1.5111,-9.735256E-05,22.6665,0,1.5111,-1.947051E-05,22.6665,0
1.512,-1.141375E-05,22.68,0,1.512,-5.001907E-05,22.68,0
1.5129,2.014191E-06,22.6935,0,1.5129,-4.53193E-05,22.6935,0
1.5138,5.874724E-05,22.707,0,1.5138,-7.687495E-05,22.707,0
1.5147,5.874724E-05,22.7205,0,1.5147,-5.807584E-05,22.7205,0
1.5156,6.243992E-05,22.734,0,1.5156,-4.901198E-05,22.734,0
1.5165,5.975433E-05,22.7475,0,1.5165,-5.740444E-05,22.7475,0
1.5174,7.721065E-05,22.761,0,1.5174,-4.39765E-05,22.761,0
1.5183,-1.678492E-06,22.7745,0,1.5183,-1.980621E-05,22.7745,0
1.5192,4.599069E-05,22.788,0,1.5192,-3.625543E-05,22.788,0
1.5201,0.0001755703,22.8015,0,1.5201,-4.800488E-05,22.8015,0
1.521,0.0001101091,22.815,0,1.521,-1.376364E-05,22.815,0
1.5219,0.0001265583,22.8285,0,1.5219,-1.007095E-06,22.8285,0
1.5228,0.0001799344,22.842,0,1.5228,-1.678492E-05,22.842,0
1.5237,0.0001282368,22.8555,0,1.5237,-6.042573E-06,22.8555,0
1.5246,3.625543E-05,22.869,0,1.5246,2.014191E-06,22.869,0
1.5255,-5.706874E-06,22.8825,0,1.5255,-3.457694E-05,22.8825,0
1.5264,-4.095522E-05,22.896,0,1.5264,-1.242084E-05,22.896,0
1.5273,-6.009003E-05,22.9095,0,1.5273,7.721065E-06,22.9095,0
1.5282,-9.231708E-05,22.923,0,1.5282,2.719158E-05,22.923,0
1.5291,-7.956054E-05,22.9365,0,1.5291,2.1149E-05,22.9365,0
1.53,-0.0001185016,22.95,0,1.53,2.752728E-05,22.95,0
1.5309,-6.74754E-05,22.9635,0,1.5309,1.712062E-05,22.9635,0
1.5318,-6.143282E-05,22.977,0,1.5318,5.841154E-05,22.977,0
1.5327,-9.365987E-05,22.9905,0,1.5327,4.733349E-05,22.9905,0
1.5336,-7.083238E-05,23.004,0,1.5336,-6.713969E-07,23.004,0
1.5345,-0.0001161517,23.0175,0,1.5345,1.913481E-05,23.0175,0
1.5354,-0.0001037308,23.031,0,1.5354,4.129091E-05,23.031,0
1.5363,-8.123904E-05,23.0445,0,1.5363,3.726253E-05,23.0445,0
1.5372,-8.224613E-05,23.058,0,1.5372,4.53193E-05,23.058,0
1.5381,-7.183947E-05,23.0715,0,1.5381,4.666209E-05,23.0715,0
1.539,-6.6804E-05,23.085,0,1.539,3.356985E-05,23.085,0
1.5399,-5.136187E-05,23.0985,0,1.5399,3.256275E-05,23.0985,0
1.5408,4.800488E-05,23.112,0,1.5408,1.107805E-05,23.112,0
1.5417,4.263371E-05,23.1255,0,1.5417,3.021286E-05,23.1255,0
1.5426,4.162661E-05,23.139,0,1.5426,1.208515E-05,23.139,0
1.5435,7.116808E-05,23.1525,0,1.5435,-2.450599E-05,23.1525,0
1.5444,9.164568E-05,23.166,0,1.5444,-4.599069E-05,23.166,0
1.5453,5.371176E-06,23.1795,0,1.5453,-2.18204E-05,23.1795,0
1.5462,2.1149E-05,23.193,0,1.5462,-4.46479E-05,23.193,0
1.5471,9.063859E-05,23.2065,0,1.5471,-8.191043E-05,23.2065,0
1.548,3.860533E-05,23.22,0,1.548,-1.879912E-05,23.22,0
1.5489,5.069047E-05,23.2335,0,1.5489,9.399558E-06,23.2335,0
1.5498,0.000109102,23.247,0,1.5498,-3.524834E-05,23.247,0
1.5507,1.980621E-05,23.2605,0,1.5507,-1.644922E-05,23.2605,0
1.5516,-4.599069E-05,23.274,0,1.5516,7.385367E-06,23.274,0
1.5525,-5.706874E-06,23.2875,0,1.5525,-2.551309E-05,23.2875,0
1.5534,-2.819867E-05,23.301,0,1.5534,-2.551309E-05,23.301,0
1.5543,-2.1149E-05,23.3145,0,1.5543,-4.599069E-05,23.3145,0
1.5552,1.107805E-05,23.328,0,1.5552,-4.162661E-05,23.328,0
1.5561,7.721065E-06,23.3415,0,1.5561,3.356985E-07,23.3415,0
1.557,-1.107805E-05,23.355,0,1.557,-2.316319E-05,23.355,0
1.5579,2.819867E-05,23.3685,0,1.5579,-4.162661E-05,23.3685,0
1.5588,-6.74754E-05,23.382,0,1.5588,-3.591974E-05,23.382,0
1.5597,-5.203327E-05,23.3955,0,1.5597,-4.196231E-05,23.3955,0
1.5606,2.349889E-06,23.409,0,1.5606,-7.754635E-05,23.409,0
1.5615,-4.43122E-05,23.4225,0,1.5615,-9.063859E-05,23.4225,0
1.5624,-5.539025E-05,23.436,0,1.5624,-8.526741E-05,23.436,0
1.5633,-5.136187E-05,23.4495,0,1.5633,-0.0001104448,23.4495,0
1.5642,-5.874724E-05,23.463,0,1.5642,-7.888914E-05,23.463,0
1.5651,-7.687495E-05,23.4765,0,1.5651,-1.678492E-05,23.4765,0
1.566,-1.577783E-05,23.49,0,1.566,-2.551309E-05,23.49,0
1.5669,2.652018E-05,23.5035,0,1.5669,-7.486076E-05,23.5035,0
1.5678,-3.256275E-05,23.517,0,1.5678,-0.0001050736,23.517,0
1.5687,-1.376364E-05,23.5305,0,1.5687,-8.459602E-05,23.5305,0
1.5696,8.157473E-05,23.544,0,1.5696,-3.088426E-05,23.544,0
1.5705,4.263371E-05,23.5575,0,1.5705,-7.620356E-05,23.5575,0
1.5714,2.819867E-05,23.571,0,1.5714,-0.0001020523,23.571,0
1.5723,2.383459E-05,23.5845,0,1.5723,-5.740444E-05,23.5845,0
1.5732,7.150377E-05,23.598,0,1.5732,-4.263371E-05,23.598,0
1.5741,7.653925E-05,23.6115,0,1.5741,-4.33051E-05,23.6115,0
1.575,2.081331E-05,23.625,0,1.575,-3.256275E-05,23.625,0
1.5759,1.846342E-05,23.6385,0,1.5759,-2.954147E-05,23.6385,0
1.5768,6.009003E-05,23.652,0,1.5768,-3.692683E-06,23.652,0
1.5777,5.069047E-05,23.6655,0,1.5777,3.558404E-05,23.6655,0
1.5786,2.417029E-05,23.679,0,1.5786,2.987716E-05,23.679,0
1.5795,2.752728E-05,23.6925,0,1.5795,-4.699779E-06,23.6925,0
1.5804,-1.980621E-05,23.706,0,1.5804,1.007095E-06,23.706,0
1.5813,3.189136E-05,23.7195,0,1.5813,0,23.7195,0
1.5822,4.666209E-05,23.733,0,1.5822,1.779202E-05,23.733,0
1.5831,3.524834E-05,23.7465,0,1.5831,2.383459E-05,23.7465,0
1.584,4.666209E-05,23.76,0,1.584,2.517739E-05,23.76,0
1.5849,6.51255E-05,23.7735,0,1.5849,2.819867E-05,23.7735,0
1.5858,-2.987716E-05,23.787,0,1.5858,5.740444E-05,23.787,0
1.5867,-1.040665E-05,23.8005,0,1.5867,4.599069E-05,23.8005,0
1.5876,5.706874E-05,23.814,0,1.5876,2.383459E-05,23.814,0
1.5885,-1.913481E-05,23.8275,0,1.5885,5.874724E-05,23.8275,0
1.5894,-7.553216E-05,23.841,0,1.5894,7.083238E-05,23.841,0
1.5903,-3.793393E-05,23.8545,0,1.5903,1.913481E-05,23.8545,0
1.5912,-1.980621E-05,23.868,0,1.5912,2.21561E-05,23.868,0
1.5921,-5.807584E-05,23.8815,0,1.5921,2.853437E-05,23.8815,0
1.593,-4.699779E-06,23.895,0,1.593,8.056763E-06,23.895,0
1.5939,-1.779202E-05,23.9085,0,1.5939,-6.042573E-06,23.9085,0
1.5948,3.356985E-06,23.922,0,1.5948,-2.618448E-05,23.922,0
1.5957,-1.745632E-05,23.9355,0,1.5957,-8.392462E-06,23.9355,0
1.5966,-4.766919E-05,23.949,0,1.5966,3.021286E-06,23.949,0
1.5975,-3.659113E-05,23.9625,0,1.5975,-2.786297E-05,23.9625,0
1.5984,-3.054856E-05,23.976,0,1.5984,-3.860533E-05,23.976,0
1.5993,-5.807584E-05,23.9895,0,1.5993,-3.524834E-05,23.9895,0
1.6002,-3.826963E-05,24.003,0,1.6002,-7.150377E-05,24.003,0
1.6011,1.913481E-05,24.0165,0,1.6011,-9.869535E-05,24.0165,0
1.602,-1.644922E-05,24.03,0,1.602,-7.183947E-05,24.03,0
1.6029,-2.752728E-05,24.0435,0,1.6029,-8.392462E-05,24.0435,0
1.6038,3.759823E-05,24.057,0,1.6038,-0.0001017166,24.057,0
1.6047,1.544213E-05,24.0705,0,1.6047,-6.915389E-05,24.0705,0
1.6056,-2.450599E-05,24.084,0,1.6056,-5.606165E-05,24.084,0
1.6065,-5.706874E-06,24.0975,0,1.6065,-7.821774E-05,24.0975,0
1.6074,5.337606E-05,24.111,0,1.6074,-6.478981E-05,24.111,0
1.6083,0.0001064164,24.1245,0,1.6083,-6.344701E-05,24.1245,0
1.6092,8.157473E-05,24.138,0,1.6092,-3.927672E-05,24.138,0
1.6101,5.975433E-05,24.1515,0,1.6101,-1.846342E-05,24.1515,0
1.611,5.136187E-05,24.165,0,1.611,-2.517739E-05,24.165,0
1.6119,-3.390555E-05,24.1785,0,1.6119,-2.954147E-05,24.1785,0
1.6128,-0.0001319295,24.192,0,1.6128,1.040665E-05,24.192,0
1.6137,-0.0001151446,24.2055,0,1.6137,1.510643E-05,24.2055,0
1.6146,-0.0001151446,24.219,0,1.6146,-8.392462E-06,24.219,0
1.6155,-0.0001685206,24.2325,0,1.6155,3.524834E-05,24.2325,0
1.6164,-8.493171E-05,24.246,0,1.6164,4.934768E-05,24.246,0
1.6173,-3.927672E-05,24.2595,0,1.6173,2.1149E-05,24.2595,0
1.6182,-4.934768E-05,24.273,0,1.6182,4.36408E-06,24.273,0
1.6191,-3.356985E-06,24.2865,0,1.6191,1.544213E-05,24.2865,0
1.62,0.0001030594,24.3,0,1.62,4.36408E-06,24.3,0
1.6209,8.123904E-05,24.3135,0,1.6209,-5.706874E-06,24.3135,0
1.6218,7.486076E-05,24.327,0,1.6218,-2.786297E-05,24.327,0
1.6227,0.0001134661,24.3405,0,1.6227,-1.174945E-05,24.3405,0
1.6236,7.754635E-05,24.354,0,1.6236,-1.678492E-06,24.354,0
1.6245,0.0001107805,24.3675,0,1.6245,-7.721065E-06,24.3675,0
1.6254,0.0001607996,24.381,0,1.6254,-1.510643E-05,24.381,0
1.6263,9.869535E-05,24.3945,0,1.6263,1.913481E-05,24.3945,0
1.6272,0.0001000381,24.408,0,1.6272,3.692683E-06,24.408,0
1.6281,9.600977E-05,24.4215,0,1.6281,-3.927672E-05,24.4215,0
1.629,-3.793393E-05,24.435,0,1.629,-1.208515E-05,24.435,0
1.6299,1.779202E-05,24.4485,0,1.6299,-1.242084E-05,24.4485,0
1.6308,6.143282E-05,24.462,0,1.6308,-5.069047E-05,24.462,0
1.6317,1.309224E-05,24.4755,0,1.6317,-2.819867E-05,24.4755,0
1.6326,-5.001907E-05,24.489,0,1.6326,0,24.489,0
1.6335,-3.927672E-05,24.5025,0,1.6335,-3.054856E-05,24.5025,0
1.6344,-2.450599E-05,24.516,0,1.6344,-3.256275E-05,24.516,0
1.6353,-2.484169E-05,24.5295,0,1.6353,-3.121996E-05,24.5295,0
1.6362,-3.994812E-05,24.543,0,1.6362,-2.047761E-05,24.543,0
1.6371,-8.392462E-06,24.5565,0,1.6371,3.021286E-06,24.5565,0
1.638,-2.987716E-05,24.57,0,1.638,-5.035477E-06,24.57,0
1.6389,-1.644922E-05,24.5835,0,1.6389,-1.644922E-05,24.5835,0
1.6398,-5.203327E-05,24.597,0,1.6398,4.36408E-06,24.597,0
1.6407,-9.802396E-05,24.6105,0,1.6407,-2.584878E-05,24.6105,0
1.6416,-3.826963E-05,24.624,0,1.6416,-8.358892E-05,24.624,0
1.6425,-7.318227E-05,24.6375,0,1.6425,-7.821774E-05,24.6375,0
1.6434,-9.735256E-05,24.651,0,1.6434,-7.721065E-05,24.651,0
1.6443,-5.136187E-05,24.6645,0,1.6443,-7.150377E-05,24.6645,0
1.6452,-4.39765E-05,24.678,0,1.6452,-5.203327E-05,24.678,0
1.6461,-6.915389E-05,24.6915,0,1.6461,-1.309224E-05,24.6915,0
1.647,-5.807584E-05,24.705,0,1.647,3.457694E-05,24.705,0
1.6479,-5.304036E-05,24.7185,0,1.6479,5.069047E-05,24.7185,0
1.6488,-3.424125E-05,24.732,0,1.6488,1.745632E-05,24.732,0
1.6497,-0.0001050736,24.7455,0,1.6497,3.927672E-05,24.7455,0
1.6506,-0.0001121233,24.759,0,1.6506,1.712062E-05,24.759,0
1.6515,-9.835965E-05,24.7725,0,1.6515,6.042573E-06,24.7725,0
1.6524,-8.023193E-05,24.786,0,1.6524,-5.035477E-06,24.786,0
1.6533,-0.0001242084,24.7995,0,1.6533,3.021286E-06,24.7995,0
1.6542,-8.023193E-05,24.813,0,1.6542,-7.385367E-06,24.813,0
1.6551,-6.713969E-06,24.8265,0,1.6551,-1.040665E-05,24.8265,0
1.656,-9.164568E-05,24.84,0,1.656,-4.699779E-06,24.84,0
1.6569,-6.243992E-05,24.8535,0,1.6569,-2.081331E-05,24.8535,0
1.6578,2.349889E-06,24.867,0,1.6578,-3.457694E-05,24.867,0
1.6587,-2.21561E-05,24.8805,0,1.6587,-2.349889E-06,24.8805,0
1.6596,-6.009003E-05,24.894,0,1.6596,1.779202E-05,24.894,0
1.6605,-8.224613E-05,24.9075,0,1.6605,-1.577783E-05,24.9075,0
1.6614,-5.203327E-05,24.921,0,1.6614,-1.007095E-05,24.921,0
1.6623,4.129091E-05,24.9345,0,1.6623,-5.136187E-05,24.9345,0
1.6632,-2.349889E-06,24.948,0,1.6632,-7.284657E-05,24.948,0
1.6641,-0.0001027237,24.9615,0,1.6641,-6.74754E-05,24.9615,0
1.665,-4.599069E-05,24.975,0,1.665,-7.821774E-05,24.975,0
1.6659,-2.618448E-05,24.9885,0,1.6659,-6.143282E-05,24.9885,0
1.6668,-3.961242E-05,25.002,0,1.6668,-1.510643E-05,25.002,0
1.6677,-4.196231E-05,25.0155,0,1.6677,-3.323415E-05,25.0155,0
1.6686,1.678492E-05,25.029,0,1.6686,-3.390555E-05,25.029,0
1.6695,-3.491264E-05,25.0425,0,1.6695,1.443504E-05,25.0425,0
1.6704,1.309224E-05,25.056,0,1.6704,4.36408E-06,25.056,0
1.6713,0.0001070878,25.0695,0,1.6713,-1.007095E-05,25.0695,0
1.6722,6.143282E-05,25.083,0,1.6722,2.081331E-05,25.083,0
1.6731,-1.544213E-05,25.0965,0,1.6731,3.591974E-05,25.0965,0
1.674,2.517739E-05,25.11,0,1.674,3.994812E-05,25.11,0
1.6749,3.390555E-05,25.1235,0,1.6749,3.054856E-05,25.1235,0
1.6758,-3.692683E-06,25.137,0,1.6758,-1.174945E-05,25.137,0
1.6767,-2.920577E-05,25.1505,0,1.6767,-1.913481E-05,25.1505,0
1.6776,-3.256275E-05,25.164,0,1.6776,-1.309224E-05,25.164,0
1.6785,2.24918E-05,25.1775,0,1.6785,-4.39765E-05,25.1775,0
1.6794,2.316319E-05,25.191,0,1.6794,-6.881819E-05,25.191,0
1.6803,7.721065E-06,25.2045,0,1.6803,-4.49836E-05,25.2045,0
1.6812,3.860533E-05,25.218,0,1.6812,-3.054856E-05,25.218,0
1.6821,5.673304E-05,25.2315,0,1.6821,-4.43122E-05,25.2315,0
1.683,2.450599E-05,25.245,0,1.683,1.208515E-05,25.245,0
1.6839,5.941863E-05,25.2585,0,1.6839,3.591974E-05,25.2585,0
1.6848,7.486076E-05,25.272,0,1.6848,-2.484169E-05,25.272,0
1.6857,7.049668E-05,25.2855,0,1.6857,-1.510643E-05,25.2855,0
1.6866,5.136187E-05,25.299,0,1.6866,-6.378271E-06,25.299,0
1.6875,1.913481E-05,25.3125,0,1.6875,-3.121996E-05,25.3125,0
1.6884,1.779202E-05,25.326,0,1.6884,-2.920577E-05,25.326,0
1.6893,4.968337E-05,25.3395,0,1.6893,-3.390555E-05,25.3395,0
1.6902,1.443504E-05,25.353,0,1.6902,-2.551309E-05,25.353,0
1.6911,-1.644922E-05,25.3665,0,1.6911,-6.411841E-05,25.3665,0
1.692,-6.713969E-07,25.38,0,1.692,-8.86244E-05,25.38,0
1.6929,3.726253E-05,25.3935,0,1.6929,-7.922484E-05,25.3935,0
1.6938,-4.867628E-05,25.407,0,1.6938,-2.920577E-05,25.407,0
1.6947,-2.517739E-05,25.4205,0,1.6947,-2.450599E-05,25.4205,0
1.6956,5.471885E-05,25.434,0,1.6956,-6.009003E-05,25.434,0
1.6965,-4.599069E-05,25.4475,0,1.6965,-1.712062E-05,25.4475,0
1.6974,-3.457694E-05,25.461,0,1.6974,-1.577783E-05,25.461,0
1.6983,5.337606E-05,25.4745,0,1.6983,-5.471885E-05,25.4745,0
1.6992,2.450599E-05,25.488,0,1.6992,-3.994812E-05,25.488,0
1.7001,5.035477E-06,25.5015,0,1.7001,-2.047761E-05,25.5015,0
1.701,3.524834E-05,25.515,0,1.701,-3.356985E-05,25.515,0
1.7019,5.035477E-06,25.5285,0,1.7019,-2.517739E-05,25.5285,0
1.7028,2.819867E-05,25.542,0,1.7028,-3.894102E-05,25.542,0
1.7037,-1.376364E-05,25.5555,0,1.7037,-9.063859E-06,25.5555,0
1.7046,-4.968337E-05,25.569,0,1.7046,1.275654E-05,25.569,0
1.7055,-4.061952E-05,25.5825,0,1.7055,-2.047761E-05,25.5825,0
1.7064,-2.584878E-05,25.596,0,1.7064,-1.779202E-05,25.596,0
1.7073,-8.258183E-05,25.6095,0,1.7073,3.189136E-05,25.6095,0
1.7082,-7.553216E-05,25.623,0,1.7082,3.088426E-05,25.623,0
1.7091,-6.378271E-06,25.6365,0,1.7091,2.786297E-05,25.6365,0
1.71,-6.54612E-05,25.65,0,1.71,6.311131E-05,25.65,0
1.7109,-4.934768E-05,25.6635,0,1.7109,3.994812E-05,25.6635,0
1.7118,-1.342794E-06,25.677,0,1.7118,5.706874E-06,25.677,0
1.7127,-4.095522E-05,25.6905,0,1.7127,1.242084E-05,25.6905,0
1.7136,-5.001907E-05,25.704,0,1.7136,4.129091E-05,25.704,0
1.7145,-3.356985E-07,25.7175,0,1.7145,6.042573E-06,25.7175,0
1.7154,2.652018E-05,25.731,0,1.7154,-6.378271E-06,25.731,0
1.7163,7.385367E-06,25.7445,0,1.7163,-2.081331E-05,25.7445,0
1.7172,1.309224E-05,25.758,0,1.7172,-6.713969E-06,25.758,0
1.7181,9.735256E-06,25.7715,0,1.7181,-3.021286E-06,25.7715,0
1.719,-1.342794E-06,25.785,0,1.719,-2.21561E-05,25.785,0
1.7199,4.699779E-06,25.7985,0,1.7199,-3.457694E-05,25.7985,0
1.7208,-3.826963E-05,25.812,0,1.7208,-1.174945E-05,25.812,0
1.7217,3.054856E-05,25.8255,0,1.7217,-1.510643E-05,25.8255,0
1.7226,0.0001030594,25.839,0,1.7226,-5.169757E-05,25.839,0
1.7235,3.591974E-05,25.8525,0,1.7235,-2.316319E-05,25.8525,0
1.7244,2.752728E-05,25.866,0,1.7244,-2.349889E-05,25.866,0
1.7253,2.417029E-05,25.8795,0,1.7253,-4.46479E-05,25.8795,0
1.7262,-2.28275E-05,25.893,0,1.7262,-6.076142E-05,25.893,0
1.7271,-3.524834E-05,25.9065,0,1.7271,-2.450599E-05,25.9065,0
1.728,-2.18204E-05,25.92,0,1.728,-2.853437E-05,25.92,0
1.7289,-5.404745E-05,25.9335,0,1.7289,-1.947051E-05,25.9335,0
1.7298,-3.256275E-05,25.947,0,1.7298,-2.920577E-05,25.947,0
1.7307,-5.706874E-05,25.9605,0,1.7307,-2.450599E-05,25.9605,0
1.7316,-4.46479E-05,25.974,0,1.7316,-4.36408E-06,25.974,0
1.7325,-2.316319E-05,25.9875,0,1.7325,-4.33051E-05,25.9875,0
1.7334,-2.349889E-05,26.001,0,1.7334,-6.076142E-05,26.001,0
1.7343,-7.251087E-05,26.0145,0,1.7343,-3.659113E-05,26.0145,0
1.7352,-4.867628E-05,26.028,0,1.7352,-5.774014E-05,26.028,0
1.7361,-4.263371E-05,26.0415,0,1.7361,-9.030289E-05,26.0415,0
1.737,-0.0001117876,26.055,0,1.737,-4.33051E-05,26.055,0
1.7379,-0.0001252155,26.0685,0,1.7379,-3.625543E-05,26.0685,0
1.7388,-7.251087E-05,26.082,0,1.7388,-8.291753E-05,26.082,0
1.7397,-9.030289E-05,26.0955,0,1.7397,-0.0001030594,26.0955,0
1.7406,-0.0001701991,26.109,0,1.7406,-6.009003E-05,26.109,0
1.7415,-9.030289E-05,26.1225,0,1.7415,-5.337606E-05,26.1225,0
1.7424,-4.800488E-05,26.136,0,1.7424,-3.826963E-05,26.136,0
1.7433,9.063859E-06,26.1495,0,1.7433,-5.539025E-05,26.1495,0
1.7442,5.941863E-05,26.163,0,1.7442,-2.014191E-05,26.163,0
1.7451,9.500267E-05,26.1765,0,1.7451,1.611353E-05,26.1765,0
1.746,0.0001064164,26.19,0,1.746,-1.376364E-05,26.19,0
1.7469,0.0001332723,26.2035,0,1.7469,-3.390555E-05,26.2035,0
1.7478,0.0001205158,26.217,0,1.7478,7.721065E-06,26.217,0
1.7487,0.0001070878,26.2305,0,1.7487,-2.450599E-05,26.2305,0
1.7496,0.0001769131,26.244,0,1.7496,-2.987716E-05,26.244,0
1.7505,0.0001185016,26.2575,0,1.7505,1.208515E-05,26.2575,0
1.7514,1.242084E-05,26.271,0,1.7514,9.063859E-06,26.271,0
1.7523,5.975433E-05,26.2845,0,1.7523,-3.021286E-06,26.2845,0
1.7532,0.0001178302,26.298,0,1.7532,1.846342E-05,26.298,0
1.7541,7.049668E-06,26.3115,0,1.7541,3.659113E-05,26.3115,0
1.755,-3.021286E-06,26.325,0,1.755,4.129091E-05,26.325,0
1.7559,3.692683E-06,26.3385,0,1.7559,3.121996E-05,26.3385,0
1.7568,1.779202E-05,26.352,0,1.7568,-2.014191E-06,26.352,0
1.7577,-3.121996E-05,26.3655,0,1.7577,1.678492E-06,26.3655,0
1.7586,-7.418937E-05,26.379,0,1.7586,-8.728161E-06,26.379,0
1.7595,-2.752728E-05,26.3925,0,1.7595,-1.342794E-06,26.3925,0
1.7604,-1.443504E-05,26.406,0,1.7604,-2.014191E-06,26.406,0
1.7613,-3.927672E-05,26.4195,0,1.7613,6.948959E-05,26.4195,0
1.7622,1.208515E-05,26.433,0,1.7622,5.740444E-05,26.433,0
1.7631,4.901198E-05,26.4465,0,1.7631,2.1149E-05,26.4465,0
1.764,-1.208515E-05,26.46,0,1.764,4.129091E-05,26.46,0
1.7649,6.243992E-05,26.4735,0,1.7649,2.349889E-06,26.4735,0
1.7658,0.0001248798,26.487,0,1.7658,-3.692683E-05,26.487,0
1.7667,6.948959E-05,26.5005,0,1.7667,6.713969E-07,26.5005,0
1.7676,3.726253E-05,26.514,0,1.7676,3.323415E-05,26.514,0
1.7685,4.162661E-05,26.5275,0,1.7685,-6.713969E-07,26.5275,0
1.7694,3.524834E-05,26.541,0,1.7694,-1.309224E-05,26.541,0
1.7703,0.0001080949,26.5545,0,1.7703,-3.155566E-05,26.5545,0
1.7712,6.74754E-05,26.568,0,1.7712,-1.577783E-05,26.568,0
1.7721,1.577783E-05,26.5815,0,1.7721,-3.860533E-05,26.5815,0
1.773,5.136187E-05,26.595,0,1.773,-6.311131E-05,26.595,0
1.7739,3.457694E-05,26.6085,0,1.7739,-7.855344E-05,26.6085,0
1.7748,-2.517739E-05,26.622,0,1.7748,-5.438316E-05,26.622,0
1.7757,-6.57969E-05,26.6355,0,1.7757,-3.793393E-05,26.6355,0
1.7766,6.042573E-06,26.649,0,1.7766,-5.337606E-05,26.649,0
1.7775,-4.666209E-05,26.6625,0,1.7775,-3.356985E-05,26.6625,0
1.7784,-4.061952E-05,26.676,0,1.7784,-1.007095E-06,26.676,0
1.7793,3.457694E-05,26.6895,0,1.7793,-3.021286E-06,26.6895,0
1.7802,-5.975433E-05,26.703,0,1.7802,-2.450599E-05,26.703,0
1.7811,-0.0001252155,26.7165,0,1.7811,4.36408E-06,26.7165,0
1.782,-8.258183E-05,26.73,0,1.782,-3.054856E-05,26.73,0
1.7829,-0.0001027237,26.7435,0,1.7829,-5.841154E-05,26.7435,0
1.7838,-0.0001101091,26.757,0,1.7838,-4.733349E-05,26.757,0
1.7847,-8.090334E-05,26.7705,0,1.7847,-2.383459E-05,26.7705,0
1.7856,-7.452507E-05,26.784,0,1.7856,-3.021286E-06,26.784,0
1.7865,-7.956054E-05,26.7975,0,1.7865,-3.793393E-05,26.7975,0
1.7874,-4.095522E-05,26.811,0,1.7874,-5.404745E-05,26.811,0
1.7883,-5.841154E-05,26.8245,0,1.7883,3.356985E-07,26.8245,0
1.7892,-8.224613E-05,26.838,0,1.7892,-2.1149E-05,26.838,0
1.7901,-1.510643E-05,26.8515,0,1.7901,-4.53193E-05,26.8515,0
1.791,-3.591974E-05,26.865,0,1.791,5.035477E-06,26.865,0
1.7919,-2.014191E-05,26.8785,0,1.7919,-9.063859E-06,26.8785,0
1.7928,3.692683E-06,26.892,0,1.7928,-4.766919E-05,26.892,0
1.7937,-7.821774E-05,26.9055,0,1.7937,-4.901198E-05,26.9055,0
1.7946,-8.996719E-05,26.919,0,1.7946,-3.894102E-05,26.919,0
1.7955,-3.994812E-05,26.9325,0,1.7955,-3.793393E-05,26.9325,0
1.7964,-2.014191E-05,26.946,0,1.7964,-3.759823E-05,26.946,0
1.7973,6.54612E-05,26.9595,0,1.7973,-4.901198E-05,26.9595,0
1.7982,2.584878E-05,26.973,0,1.7982,-3.793393E-05,26.973,0
1.7991,3.021286E-05,26.9865,0,1.7991,-3.524834E-05,26.9865,0
1.8,5.304036E-05,27,0,1.8,-3.659113E-05,27,0
1.8009,3.793393E-05,27.0135,0,1.8009,-3.524834E-05,27.0135,0
1.8018,-8.392462E-06,27.027,0,1.8018,-1.409934E-05,27.027,0
1.8027,2.349889E-06,27.0405,0,1.8027,-2.21561E-05,27.0405,0
1.8036,-1.779202E-05,27.054,0,1.8036,-4.699779E-05,27.054,0
1.8045,-5.539025E-05,27.0675,0,1.8045,-1.477073E-05,27.0675,0
1.8054,-5.740444E-05,27.081,0,1.8054,-1.208515E-05,27.081,0
1.8063,-9.030289E-05,27.0945,0,1.8063,-5.337606E-05,27.0945,0
1.8072,-3.390555E-05,27.108,0,1.8072,-3.256275E-05,27.108,0
1.8081,-6.61326E-05,27.1215,0,1.8081,-4.36408E-06,27.1215,0
1.809,-3.659113E-05,27.135,0,1.809,-6.378271E-06,27.135,0
1.8099,-3.256275E-05,27.1485,0,1.8099,-1.913481E-05,27.1485,0
1.8108,-3.390555E-05,27.162,0,1.8108,-2.21561E-05,27.162,0
1.8117,-4.196231E-05,27.1755,0,1.8117,1.443504E-05,27.1755,0
1.8126,-8.224613E-05,27.189,0,1.8126,2.1149E-05,27.189,0
1.8135,-5.404745E-05,27.2025,0,1.8135,-4.36408E-06,27.2025,0
1.8144,-1.947051E-05,27.216,0,1.8144,-1.779202E-05,27.216,0
1.8153,-0.000115816,27.2295,0,1.8153,-6.713969E-07,27.2295,0
1.8162,-6.076142E-05,27.243,0,1.8162,-1.812772E-05,27.243,0
1.8171,6.411841E-05,27.2565,0,1.8171,-3.659113E-05,27.2565,0
1.818,2.316319E-05,27.27,0,1.818,1.107805E-05,27.27,0
1.8189,2.853437E-05,27.2835,0,1.8189,2.24918E-05,27.2835,0
1.8198,6.009003E-05,27.297,0,1.8198,-1.577783E-05,27.297,0
1.8207,1.107805E-05,27.3105,0,1.8207,-9.735256E-06,27.3105,0
1.8216,-2.987716E-05,27.324,0,1.8216,1.342794E-06,27.324,0
1.8225,1.141375E-05,27.3375,0,1.8225,-1.477073E-05,27.3375,0
1.8234,5.505455E-05,27.351,0,1.8234,-9.399558E-06,27.351,0
1.8243,5.471885E-05,27.3645,0,1.8243,-2.349889E-05,27.3645,0
1.8252,7.150377E-05,27.378,0,1.8252,-2.853437E-05,27.378,0
1.8261,0.000119173,27.3915,0,1.8261,-2.450599E-05,27.3915,0
1.827,7.016098E-05,27.405,0,1.827,-3.289845E-05,27.405,0
1.8279,5.001907E-05,27.4185,0,1.8279,-4.867628E-05,27.4185,0
1.8288,2.786297E-05,27.432,0,1.8288,-1.644922E-05,27.432,0
1.8297,6.311131E-05,27.4455,0,1.8297,-2.18204E-05,27.4455,0
1.8306,0.0001121233,27.459,0,1.8306,-5.270466E-05,27.459,0
1.8315,8.090334E-05,27.4725,0,1.8315,-7.049668E-06,27.4725,0
1.8324,7.318227E-05,27.486,0,1.8324,-1.678492E-05,27.486,0
1.8333,0.0001097734,27.4995,0,1.8333,-5.136187E-05,27.4995,0
1.8342,6.54612E-05,27.513,0,1.8342,-3.524834E-05,27.513,0
1.8351,6.344701E-05,27.5265,0,1.8351,-1.812772E-05,27.5265,0
1.836,6.51255E-05,27.54,0,1.836,5.035477E-06,27.54,0
1.8369,4.733349E-05,27.5535,0,1.8369,1.678492E-06,27.5535,0
1.8378,3.021286E-05,27.567,0,1.8378,-9.735256E-06,27.567,0
1.8387,-6.076142E-05,27.5805,0,1.8387,5.035477E-06,27.5805,0
1.8396,-5.069047E-05,27.594,0,1.8396,-5.706874E-06,27.594,0
1.8405,3.189136E-05,27.6075,0,1.8405,-5.136187E-05,27.6075,0
1.8414,1.141375E-05,27.621,0,1.8414,-4.162661E-05,27.621,0
1.8423,-3.826963E-05,27.6345,0,1.8423,-2.819867E-05,27.6345,0
1.8432,5.035477E-06,27.648,0,1.8432,-3.256275E-05,27.648,0
1.8441,-2.920577E-05,27.6615,0,1.8441,-5.270466E-05,27.6615,0
1.845,-9.936675E-05,27.675,0,1.845,-2.316319E-05,27.675,0
1.8459,-9.433127E-05,27.6885,0,1.8459,-3.524834E-05,27.6885,0
1.8468,-5.673304E-05,27.702,0,1.8468,-6.814679E-05,27.702,0
1.8477,-7.486076E-05,27.7155,0,1.8477,-2.987716E-05,27.7155,0
1.8486,-0.000133608,27.729,0,1.8486,-1.913481E-05,27.729,0
1.8495,-9.265278E-05,27.7425,0,1.8495,-3.860533E-05,27.7425,0
1.8504,-9.970245E-05,27.756,0,1.8504,-2.887007E-05,27.756,0
1.8513,-6.61326E-05,27.7695,0,1.8513,-2.987716E-05,27.7695,0
1.8522,-2.383459E-05,27.783,0,1.8522,-2.014191E-06,27.783,0
1.8531,-3.524834E-05,27.7965,0,1.8531,6.042573E-06,27.7965,0
1.854,-3.256275E-05,27.81,0,1.854,-8.056763E-06,27.81,0
1.8549,-1.376364E-05,27.8235,0,1.8549,-1.376364E-05,27.8235,0
1.8558,-8.090334E-05,27.837,0,1.8558,3.692683E-06,27.837,0
1.8567,-5.505455E-05,27.8505,0,1.8567,-1.242084E-05,27.8505,0
1.8576,3.927672E-05,27.864,0,1.8576,-3.558404E-05,27.864,0
1.8585,9.063859E-06,27.8775,0,1.8585,-2.685588E-06,27.8775,0
1.8594,-3.524834E-05,27.891,0,1.8594,4.699779E-06,27.891,0
1.8603,1.242084E-05,27.9045,0,1.8603,-1.174945E-05,27.9045,0
1.8612,4.766919E-05,27.918,0,1.8612,-1.174945E-05,27.918,0
1.8621,-3.558404E-05,27.9315,0,1.8621,-5.706874E-06,27.9315,0
1.863,-1.242084E-05,27.945,0,1.863,-1.208515E-05,27.945,0
1.8639,2.349889E-06,27.9585,0,1.8639,-1.779202E-05,27.9585,0
1.8648,-1.275654E-05,27.972,0,1.8648,-1.644922E-05,27.972,0
1.8657,-3.121996E-05,27.9855,0,1.8657,6.042573E-06,27.9855,0
1.8666,-4.33051E-05,27.999,0,1.8666,1.577783E-05,27.999,0
1.8675,-5.774014E-05,28.0125,0,1.8675,-1.510643E-05,28.0125,0
1.8684,-3.121996E-05,28.026,0,1.8684,-2.584878E-05,28.026,0
1.8693,-4.934768E-05,28.0395,0,1.8693,6.378271E-06,28.0395,0
1.8702,2.014191E-06,28.053,0,1.8702,-1.477073E-05,28.053,0
1.8711,2.819867E-05,28.0665,0,1.8711,-3.323415E-05,28.0665,0
1.872,-1.443504E-05,28.08,0,1.872,1.309224E-05,28.08,0
1.8729,7.486076E-05,28.0935,0,1.8729,6.378271E-06,28.0935,0
1.8738,9.365987E-05,28.107,0,1.8738,-1.376364E-05,28.107,0
1.8747,1.779202E-05,28.1205,0,1.8747,1.779202E-05,28.1205,0
1.8756,4.36408E-06,28.134,0,1.8756,4.196231E-05,28.134,0
1.8765,1.309224E-05,28.1475,0,1.8765,1.443504E-05,28.1475,0
1.8774,2.786297E-05,28.161,0,1.8774,7.721065E-06,28.161,0
1.8783,9.903105E-05,28.1745,0,1.8783,-4.699779E-06,28.1745,0
1.8792,1.745632E-05,28.188,0,1.8792,2.1149E-05,28.188,0
1.8801,-5.069047E-05,28.2015,0,1.8801,3.390555E-05,28.2015,0
1.881,-1.678492E-05,28.215,0,1.881,1.947051E-05,28.215,0
1.8819,1.409934E-05,28.2285,0,1.8819,-6.713969E-07,28.2285,0
1.8828,-4.061952E-05,28.242,0,1.8828,1.712062E-05,28.242,0
1.8837,-2.551309E-05,28.2555,0,1.8837,2.450599E-05,28.2555,0
1.8846,4.36408E-05,28.269,0,1.8846,-1.376364E-05,28.269,0
1.8855,-2.349889E-06,28.2825,0,1.8855,1.544213E-05,28.2825,0
1.8864,3.927672E-05,28.296,0,1.8864,3.021286E-05,28.296,0
1.8873,0.0001010452,28.3095,0,1.8873,9.063859E-06,28.3095,0
1.8882,2.047761E-05,28.323,0,1.8882,2.383459E-05,28.323,0
1.8891,-1.107805E-05,28.3365,0,1.8891,2.853437E-05,28.3365,0
1.89,4.263371E-05,28.35,0,1.89,5.035477E-06,28.35,0
1.8909,-3.021286E-06,28.3635,0,1.8909,6.713969E-07,28.3635,0
1.8918,1.007095E-05,28.377,0,1.8918,-2.28275E-05,28.377,0
1.8927,1.510643E-05,28.3905,0,1.8927,-1.275654E-05,28.3905,0
1.8936,-1.644922E-05,28.404,0,1.8936,-1.510643E-05,28.404,0
1.8945,-5.001907E-05,28.4175,0,1.8945,-3.860533E-05,28.4175,0
1.8954,-3.021286E-05,28.431,0,1.8954,-5.069047E-05,28.431,0
1.8963,-2.987716E-05,28.4445,0,1.8963,-2.1149E-05,28.4445,0
1.8972,-5.270466E-05,28.458,0,1.8972,-4.095522E-05,28.458,0
1.8981,-3.356985E-07,28.4715,0,1.8981,-6.74754E-05,28.4715,0
1.899,-4.599069E-05,28.485,0,1.899,-2.417029E-05,28.485,0
1.8999,-2.719158E-05,28.4985,0,1.8999,-5.337606E-05,28.4985,0
1.9008,5.035477E-06,28.512,0,1.9008,-8.426032E-05,28.512,0
1.9017,-2.987716E-05,28.5255,0,1.9017,-6.948959E-05,28.5255,0
1.9026,-8.224613E-05,28.539,0,1.9026,-5.639734E-05,28.539,0
1.9035,-6.210422E-05,28.5525,0,1.9035,-6.54612E-05,28.5525,0
1.9044,-7.150377E-05,28.566,0,1.9044,-7.318227E-05,28.566,0
1.9053,-1.644922E-05,28.5795,0,1.9053,-8.426032E-05,28.5795,0
1.9062,-8.157473E-05,28.593,0,1.9062,-6.881819E-05,28.593,0
1.9071,-7.284657E-05,28.6065,0,1.9071,-3.390555E-05,28.6065,0
1.908,7.049668E-06,28.62,0,1.908,-4.196231E-05,28.62,0
1.9089,-8.392462E-06,28.6335,0,1.9089,-5.069047E-05,28.6335,0
1.9098,-3.054856E-05,28.647,0,1.9098,-3.256275E-05,28.647,0
1.9107,1.242084E-05,28.6605,0,1.9107,-5.337606E-05,28.6605,0
1.9116,2.517739E-05,28.674,0,1.9116,-7.821774E-05,28.674,0
1.9125,-3.726253E-05,28.6875,0,1.9125,-4.565499E-05,28.6875,0
1.9134,-5.706874E-06,28.701,0,1.9134,-4.33051E-05,28.701,0
1.9143,9.735256E-06,28.7145,0,1.9143,-6.277562E-05,28.7145,0
1.9152,-1.242084E-05,28.728,0,1.9152,-7.016098E-05,28.728,0
1.9161,-3.155566E-05,28.7415,0,1.9161,-5.001907E-05,28.7415,0
1.917,2.652018E-05,28.755,0,1.917,-5.270466E-05,28.755,0
1.9179,1.443504E-05,28.7685,0,1.9179,-6.78111E-05,28.7685,0
1.9188,2.618448E-05,28.782,0,1.9188,-7.821774E-05,28.782,0
1.9197,-3.692683E-06,28.7955,0,1.9197,-5.807584E-05,28.7955,0
1.9206,-6.74754E-05,28.809,0,1.9206,-4.699779E-05,28.809,0
1.9215,-2.316319E-05,28.8225,0,1.9215,-5.941863E-05,28.8225,0
1.9224,-1.510643E-05,28.836,0,1.9224,-6.143282E-05,28.836,0
1.9233,-0.0001195087,28.8495,0,1.9233,-2.28275E-05,28.8495,0
1.9242,-7.486076E-05,28.863,0,1.9242,-3.256275E-05,28.863,0
1.9251,3.860533E-05,28.8765,0,1.9251,-4.263371E-05,28.8765,0
1.926,-5.807584E-05,28.89,0,1.926,-6.378271E-06,28.89,0
1.9269,-2.517739E-05,28.9035,0,1.9269,-7.049668E-06,28.9035,0
1.9278,2.383459E-05,28.917,0,1.9278,-4.263371E-05,28.917,0
1.9287,-4.666209E-05,28.9305,0,1.9287,-7.721065E-06,28.9305,0
1.9296,-8.761731E-05,28.944,0,1.9296,-1.007095E-05,28.944,0
1.9305,-2.450599E-05,28.9575,0,1.9305,-1.678492E-06,28.9575,0
1.9314,9.063859E-06,28.971,0,1.9314,7.049668E-06,28.971,0
1.9323,2.450599E-05,28.9845,0,1.9323,1.678492E-06,28.9845,0
1.9332,3.524834E-05,28.998,0,1.9332,1.107805E-05,28.998,0
1.9341,0.0001067521,29.0115,0,1.9341,9.399558E-06,29.0115,0
1.935,9.265278E-05,29.025,0,1.935,9.063859E-06,29.025,0
1.9359,8.023193E-05,29.0385,0,1.9359,-4.36408E-06,29.0385,0
1.9368,2.752728E-05,29.052,0,1.9368,2.316319E-05,29.052,0
1.9377,4.129091E-05,29.0655,0,1.9377,3.356985E-07,29.0655,0
1.9386,6.411841E-05,29.079,0,1.9386,-3.793393E-05,29.079,0
1.9395,-6.378271E-06,29.0925,0,1.9395,-1.678492E-06,29.0925,0
1.9404,2.349889E-05,29.106,0,1.9404,3.356985E-07,29.106,0
1.9413,4.263371E-05,29.1195,0,1.9413,-1.947051E-05,29.1195,0
1.9422,6.713969E-07,29.133,0,1.9422,-1.141375E-05,29.133,0
1.9431,-6.109713E-05,29.1465,0,1.9431,4.699779E-06,29.1465,0
1.944,-4.666209E-05,29.16,0,1.944,-5.706874E-06,29.16,0
1.9449,1.242084E-05,29.1735,0,1.9449,-3.692683E-06,29.1735,0
1.9458,8.392462E-06,29.187,0,1.9458,-1.107805E-05,29.187,0
1.9467,-4.901198E-05,29.2005,0,1.9467,1.879912E-05,29.2005,0
1.9476,-4.33051E-05,29.214,0,1.9476,3.558404E-05,29.214,0
1.9485,6.378271E-06,29.2275,0,1.9485,6.042573E-06,29.2275,0
1.9494,-1.376364E-05,29.241,0,1.9494,-1.007095E-06,29.241,0
1.9503,-4.095522E-05,29.2545,0,1.9503,2.551309E-05,29.2545,0
1.9512,-9.735256E-06,29.268,0,1.9512,1.510643E-05,29.268,0
1.9521,5.941863E-05,29.2815,0,1.9521,-2.719158E-05,29.2815,0
1.953,-4.36408E-05,29.295,0,1.953,1.712062E-05,29.295,0
1.9539,-8.728161E-06,29.3085,0,1.9539,3.894102E-05,29.3085,0
1.9548,4.129091E-05,29.322,0,1.9548,2.383459E-05,29.322,0
1.9557,-4.867628E-05,29.3355,0,1.9557,2.987716E-05,29.3355,0
1.9566,-4.33051E-05,29.349,0,1.9566,4.061952E-05,29.349,0
1.9575,9.063859E-06,29.3625,0,1.9575,3.591974E-05,29.3625,0
1.9584,-2.349889E-05,29.376,0,1.9584,1.879912E-05,29.376,0
1.9593,1.007095E-06,29.3895,0,1.9593,-1.510643E-05,29.3895,0
1.9602,1.174945E-05,29.403,0,1.9602,4.028382E-06,29.403,0
1.9611,-7.016098E-05,29.4165,0,1.9611,2.853437E-05,29.4165,0
1.962,-4.666209E-05,29.43,0,1.962,-1.107805E-05,29.43,0
1.9629,-8.392462E-06,29.4435,0,1.9629,-1.812772E-05,29.4435,0
1.9638,-5.740444E-05,29.457,0,1.9638,8.728161E-06,29.457,0
1.9647,-3.994812E-05,29.4705,0,1.9647,1.678492E-06,29.4705,0
1.9656,2.316319E-05,29.484,0,1.9656,-2.887007E-05,29.484,0
1.9665,-3.457694E-05,29.4975,0,1.9665,-7.385367E-06,29.4975,0
1.9674,-9.735256E-06,29.511,0,1.9674,-1.242084E-05,29.511,0
1.9683,2.719158E-05,29.5245,0,1.9683,-4.733349E-05,29.5245,0
1.9692,-3.457694E-05,29.538,0,1.9692,-4.33051E-05,29.538,0
1.9701,-6.948959E-05,29.5515,0,1.9701,3.356985E-07,29.5515,0
1.971,-2.484169E-05,29.565,0,1.971,-2.349889E-06,29.565,0
1.9719,-1.040665E-05,29.5785,0,1.9719,-1.242084E-05,29.5785,0
1.9728,6.378271E-06,29.592,0,1.9728,-9.735256E-06,29.592,0
1.9737,1.409934E-05,29.6055,0,1.9737,-6.378271E-06,29.6055,0
1.9746,4.162661E-05,29.619,0,1.9746,-1.242084E-05,29.619,0
1.9755,2.853437E-05,29.6325,0,1.9755,-2.920577E-05,29.6325,0
1.9764,3.021286E-05,29.646,0,1.9764,-3.659113E-05,29.646,0
1.9773,6.713969E-07,29.6595,0,1.9773,-5.035477E-06,29.6595,0
1.9782,7.351797E-05,29.673,0,1.9782,-2.584878E-05,29.673,0
1.9791,5.941863E-05,29.6865,0,1.9791,-4.867628E-05,29.6865,0
1.98,1.242084E-05,29.7,0,1.98,-8.392462E-06,29.7,0
1.9809,4.129091E-05,29.7135,0,1.9809,-1.174945E-05,29.7135,0
1.9818,4.733349E-05,29.727,0,1.9818,-4.129091E-05,29.727,0
1.9827,1.577783E-05,29.7405,0,1.9827,-4.095522E-05,29.7405,0
1.9836,-1.913481E-05,29.754,0,1.9836,-2.887007E-05,29.754,0
1.9845,3.021286E-06,29.7675,0,1.9845,-4.867628E-05,29.7675,0
1.9854,4.901198E-05,29.781,0,1.9854,-6.64683E-05,29.781,0
1.9863,0.000102388,29.7945,0,1.9863,-9.365987E-05,29.7945,0
1.9872,8.728161E-06,29.808,0,1.9872,-7.116808E-05,29.808,0
1.9881,-7.016098E-05,29.8215,0,1.9881,-5.304036E-05,29.8215,0
1.989,-3.222705E-05,29.835,0,1.989,-7.251087E-05,29.835,0
1.9899,2.349889E-06,29.8485,0,1.9899,-9.265278E-05,29.8485,0
1.9908,-6.143282E-05,29.862,0,1.9908,-4.901198E-05,29.862,0
1.9917,-4.33051E-05,29.8755,0,1.9917,-3.759823E-05,29.8755,0
1.9926,2.484169E-05,29.889,0,1.9926,-7.888914E-05,29.889,0
1.9935,-2.584878E-05,29.9025,0,1.9935,-4.061952E-05,29.9025,0
1.9944,4.46479E-05,29.916,0,1.9944,-1.107805E-05,29.916,0
1.9953,8.89601E-05,29.9295,0,1.9953,-4.867628E-05,29.9295,0
1.9962,-3.994812E-05,29.943,0,1.9962,-5.941863E-05,29.943,0
1.9971,-3.323415E-05,29.9565,0,1.9971,-2.618448E-05,29.9565,0
1.998,4.666209E-05,29.97,0,1.998,-4.39765E-05,29.97,0
1.9989,1.141375E-05,29.9835,0,1.9989,-3.390555E-05,29.9835,0
1.9998,2.652018E-05,29.997,0,1.9998,-4.229801E-05,29.997,0
2.0007,5.236896E-05,30.0105,0,2.0007,-4.699779E-06,30.0105,0
2.0016,5.337606E-05,30.024,0,2.0016,2.349889E-06,30.024,0
2.0025,3.189136E-05,30.0375,0,2.0025,-7.721065E-06,30.0375,0
2.0034,5.740444E-05,30.051,0,2.0034,-5.706874E-06,30.051,0
2.0043,2.484169E-05,30.0645,0,2.0043,2.920577E-05,30.0645,0
2.0052,-1.577783E-05,30.078,0,2.0052,7.049668E-06,30.078,0
2.0061,3.121996E-05,30.0915,0,2.0061,-2.417029E-05,30.0915,0
2.007,5.706874E-06,30.105,0,2.007,3.021286E-06,30.105,0
2.0079,-1.409934E-05,30.1185,0,2.0079,5.035477E-06,30.1185,0
2.0088,4.800488E-05,30.132,0,2.0088,-2.652018E-05,30.132,0
2.0097,-3.323415E-05,30.1455,0,2.0097,-3.457694E-05,30.1455,0
2.0106,-8.627451E-05,30.159,0,2.0106,-2.719158E-05,30.159,0
2.0115,-5.874724E-05,30.1725,0,2.0115,-3.994812E-05,30.1725,0
2.0124,-2.887007E-05,30.186,0,2.0124,-2.484169E-05,30.186,0
2.0133,-2.349889E-06,30.1995,0,2.0133,-3.256275E-05,30.1995,0
2.0142,-4.733349E-05,30.213,0,2.0142,-3.323415E-05,30.213,0
2.0151,-7.754635E-05,30.2265,0,2.0151,-1.040665E-05,30.2265,0
2.016,-3.927672E-05,30.24,0,2.016,-2.920577E-05,30.24,0
2.0169,-4.33051E-05,30.2535,0,2.0169,-3.726253E-05,30.2535,0
2.0178,-7.217517E-05,30.267,0,2.0178,7.721065E-06,30.267,0
2.0187,-5.706874E-05,30.2805,0,2.0187,1.712062E-05,30.2805,0
2.0196,-2.618448E-05,30.294,0,2.0196,7.049668E-06,30.294,0
2.0205,-6.478981E-05,30.3075,0,2.0205,4.46479E-05,30.3075,0
2.0214,-2.047761E-05,30.321,0,2.0214,3.323415E-05,30.321,0
2.0223,-4.49836E-05,30.3345,0,2.0223,5.706874E-06,30.3345,0
2.0232,-6.143282E-05,30.348,0,2.0232,1.577783E-05,30.348,0
2.0241,-8.392462E-05,30.3615,0,2.0241,3.994812E-05,30.3615,0
2.025,-4.095522E-05,30.375,0,2.025,3.054856E-05,30.375,0
2.0259,-5.001907E-05,30.3885,0,2.0259,1.947051E-05,30.3885,0
2.0268,3.356985E-07,30.402,0,2.0268,0,30.402,0
2.0277,-1.309224E-05,30.4155,0,2.0277,1.812772E-05,30.4155,0
2.0286,-4.36408E-06,30.429,0,2.0286,3.054856E-05,30.429,0
2.0295,7.721065E-06,30.4425,0,2.0295,1.007095E-06,30.4425,0
2.0304,-6.378271E-06,30.456,0,2.0304,-1.779202E-05,30.456,0
2.0313,-8.258183E-05,30.4695,0,2.0313,-3.021286E-06,30.4695,0
2.0322,-4.53193E-05,30.483,0,2.0322,-2.719158E-05,30.483,0
2.0331,4.699779E-05,30.4965,0,2.0331,-4.934768E-05,30.4965,0
2.034,-3.256275E-05,30.51,0,2.034,-2.047761E-05,30.51,0
2.0349,-5.069047E-05,30.5235,0,2.0349,-1.611353E-05,30.5235,0
2.0358,-1.678492E-06,30.537,0,2.0358,-3.659113E-05,30.537,0
2.0367,-4.33051E-05,30.5505,0,2.0367,-1.678492E-05,30.5505,0
2.0376,-6.6804E-05,30.564,0,2.0376,-1.007095E-06,30.564,0
2.0385,-4.36408E-06,30.5775,0,2.0385,-1.275654E-05,30.5775,0
2.0394,-2.316319E-05,30.591,0,2.0394,-2.450599E-05,30.591,0
2.0403,-2.887007E-05,30.6045,0,2.0403,-3.121996E-05,30.6045,0
2.0412,1.040665E-05,30.618,0,2.0412,-2.18204E-05,30.618,0
2.0421,2.1149E-05,30.6315,0,2.0421,-3.054856E-05,30.6315,0
2.043,-5.035477E-06,30.645,0,2.043,-4.867628E-05,30.645,0
2.0439,3.424125E-05,30.6585,0,2.0439,-6.51255E-05,30.6585,0
2.0448,-1.040665E-05,30.672,0,2.0448,-2.752728E-05,30.672,0
2.0457,4.36408E-06,30.6855,0,2.0457,-3.860533E-05,30.6855,0
2.0466,4.129091E-05,30.699,0,2.0466,-6.143282E-05,30.699,0
2.0475,-2.685588E-06,30.7125,0,2.0475,-7.721065E-06,30.7125,0
2.0484,2.24918E-05,30.726,0,2.0484,-5.035477E-06,30.726,0
2.0493,2.517739E-05,30.7395,0,2.0493,-2.316319E-05,30.7395,0
2.0502,6.51255E-05,30.753,0,2.0502,-1.644922E-05,30.753,0
2.0511,1.409934E-05,30.7665,0,2.0511,-7.049668E-06,30.7665,0
2.052,1.846342E-05,30.78,0,2.052,-1.141375E-05,30.78,0
2.0529,5.270466E-05,30.7935,0,2.0529,-3.054856E-05,30.7935,0
2.0538,7.217517E-05,30.807,0,2.0538,-4.901198E-05,30.807,0
2.0547,3.894102E-05,30.8205,0,2.0547,-2.316319E-05,30.8205,0
2.0556,-5.673304E-05,30.834,0,2.0556,-4.800488E-05,30.834,0
2.0565,-3.994812E-05,30.8475,0,2.0565,-7.754635E-05,30.8475,0
2.0574,-4.53193E-05,30.861,0,2.0574,-8.191043E-05,30.861,0
2.0583,-7.385367E-05,30.8745,0,2.0583,-3.994812E-05,30.8745,0
2.0592,-4.800488E-05,30.888,0,2.0592,-3.793393E-05,30.888,0
2.0601,1.947051E-05,30.9015,0,2.0601,-6.344701E-05,30.9015,0
2.061,-5.841154E-05,30.915,0,2.061,-1.644922E-05,30.915,0
2.0619,2.047761E-05,30.9285,0,2.0619,7.721065E-06,30.9285,0
2.0628,8.560311E-05,30.942,0,2.0628,-1.376364E-05,30.942,0
2.0637,4.800488E-05,30.9555,0,2.0637,1.779202E-05,30.9555,0
2.0646,2.920577E-05,30.969,0,2.0646,3.424125E-05,30.969,0
2.0655,3.121996E-05,30.9825,0,2.0655,1.678492E-05,30.9825,0
2.0664,-1.007095E-06,30.996,0,2.0664,1.577783E-05,30.996,0
2.0673,5.069047E-05,31.0095,0,2.0673,0,31.0095,0
2.0682,1.712062E-05,31.023,0,2.0682,1.577783E-05,31.023,0
2.0691,-7.653925E-05,31.0365,0,2.0691,3.054856E-05,31.0365,0
2.07,-5.706874E-06,31.05,0,2.07,1.342794E-06,31.05,0
2.0709,3.390555E-05,31.0635,0,2.0709,-5.706874E-06,31.0635,0
2.0718,-5.975433E-05,31.077,0,2.0718,3.289845E-05,31.077,0
2.0727,-2.819867E-05,31.0905,0,2.0727,1.174945E-05,31.0905,0
2.0736,4.263371E-05,31.104,0,2.0736,-3.793393E-05,31.104,0
2.0745,-5.941863E-05,31.1175,0,2.0745,-1.644922E-05,31.1175,0
2.0754,-7.049668E-05,31.131,0,2.0754,-3.021286E-06,31.131,0
2.0763,-1.275654E-05,31.1445,0,2.0763,-2.987716E-05,31.1445,0
2.0772,3.021286E-06,31.158,0,2.0772,-3.356985E-05,31.158,0
2.0781,-8.258183E-05,31.1715,0,2.0781,-1.107805E-05,31.1715,0
2.079,-4.800488E-05,31.185,0,2.079,-1.443504E-05,31.185,0
2.0799,-4.968337E-05,31.1985,0,2.0799,-2.21561E-05,31.1985,0
2.0808,-2.551309E-05,31.212,0,2.0808,-2.450599E-05,31.212,0
2.0817,-5.404745E-05,31.2255,0,2.0817,-7.385367E-06,31.2255,0
2.0826,-8.82887E-05,31.239,0,2.0826,-6.713969E-07,31.239,0
2.0835,-5.471885E-05,31.2525,0,2.0835,-3.726253E-05,31.2525,0
2.0844,-4.196231E-05,31.266,0,2.0844,-4.46479E-05,31.266,0
2.0853,-5.673304E-05,31.2795,0,2.0853,-2.28275E-05,31.2795,0
2.0862,-4.263371E-05,31.293,0,2.0862,-4.33051E-05,31.293,0
2.0871,2.349889E-05,31.3065,0,2.0871,-5.807584E-05,31.3065,0
2.088,6.378271E-06,31.32,0,2.088,-2.24918E-05,31.32,0
2.0889,-1.678492E-05,31.3335,0,2.0889,-2.21561E-05,31.3335,0
2.0898,3.524834E-05,31.347,0,2.0898,-4.733349E-05,31.347,0
2.0907,5.606165E-05,31.3605,0,2.0907,-4.33051E-05,31.3605,0
2.0916,-2.786297E-05,31.374,0,2.0916,-3.793393E-05,31.374,0
2.0925,-3.356985E-07,31.3875,0,2.0925,-5.404745E-05,31.3875,0
2.0934,1.577783E-05,31.401,0,2.0934,-4.867628E-05,31.401,0
2.0943,5.069047E-05,31.4145,0,2.0943,-5.706874E-05,31.4145,0
2.0952,4.53193E-05,31.428,0,2.0952,-2.786297E-05,31.428,0
2.0961,3.994812E-05,31.4415,0,2.0961,-8.728161E-06,31.4415,0
2.097,6.71397E-05,31.455,0,2.097,-1.443504E-05,31.455,0
2.0979,8.023193E-05,31.4685,0,2.0979,-2.719158E-05,31.4685,0
2.0988,2.719158E-05,31.482,0,2.0988,2.349889E-06,31.482,0
2.0997,7.016098E-05,31.4955,0,2.0997,3.356985E-07,31.4955,0
2.1006,9.433127E-05,31.509,0,2.1006,-3.021286E-05,31.509,0
2.1015,2.24918E-05,31.5225,0,2.1015,6.713969E-06,31.5225,0
2.1024,5.807584E-05,31.536,0,2.1024,4.028382E-06,31.536,0
2.1033,7.486076E-05,31.5495,0,2.1033,-3.323415E-05,31.5495,0
2.1042,1.577783E-05,31.563,0,2.1042,-3.894102E-05,31.563,0
2.1051,-6.042573E-06,31.5765,0,2.1051,-1.376364E-05,31.5765,0
2.106,2.652018E-05,31.59,0,2.106,-3.558404E-05,31.59,0
2.1069,2.18204E-05,31.6035,0,2.1069,-4.196231E-05,31.6035,0
2.1078,4.196231E-05,31.617,0,2.1078,-6.076142E-05,31.617,0
2.1087,2.618448E-05,31.6305,0,2.1087,-4.36408E-05,31.6305,0
2.1096,-3.121996E-05,31.644,0,2.1096,-4.33051E-05,31.644,0
2.1105,-2.920577E-05,31.6575,0,2.1105,-8.426032E-05,31.6575,0
2.1114,-1.174945E-05,31.671,0,2.1114,-9.970245E-05,31.671,0
2.1123,-9.399557E-05,31.6845,0,2.1123,-5.203327E-05,31.6845,0
2.1132,-0.0001077592,31.698,0,2.1132,-6.344701E-05,31.698,0
2.1141,-3.793393E-05,31.7115,0,2.1141,-8.358892E-05,31.7115,0
2.115,-6.881819E-05,31.725,0,2.115,-3.021286E-05,31.725,0
2.1159,-9.600977E-05,31.7385,0,2.1159,-3.323415E-05,31.7385,0
2.1168,-3.659113E-05,31.752,0,2.1168,-4.666209E-05,31.752,0
2.1177,-5.807584E-05,31.7655,0,2.1177,-5.203327E-05,31.7655,0
2.1186,-9.634547E-05,31.779,0,2.1186,-1.980621E-05,31.779,0
2.1195,-5.404745E-05,31.7925,0,2.1195,-2.819867E-05,31.7925,0
2.1204,-2.316319E-05,31.806,0,2.1204,-3.155566E-05,31.806,0
2.1213,-2.484169E-05,31.8195,0,2.1213,-2.853437E-05,31.8195,0
2.1222,-8.123904E-05,31.833,0,2.1222,-1.007095E-06,31.833,0
2.1231,-5.774014E-05,31.8465,0,2.1231,3.457694E-05,31.8465,0
2.124,-1.174945E-05,31.86,0,2.124,4.229801E-05,31.86,0
2.1249,-3.692683E-05,31.8735,0,2.1249,3.994812E-05,31.8735,0
2.1258,-6.57969E-05,31.887,0,2.1258,8.258183E-05,31.887,0
2.1267,-4.36408E-05,31.9005,0,2.1267,6.277562E-05,31.9005,0
2.1276,2.719158E-05,31.914,0,2.1276,1.745632E-05,31.914,0
2.1285,-2.517739E-05,31.9275,0,2.1285,3.591974E-05,31.9275,0
2.1294,-3.961242E-05,31.941,0,2.1294,3.927672E-05,31.941,0
2.1303,-2.584878E-05,31.9545,0,2.1303,1.174945E-05,31.9545,0
2.1312,-8.090334E-05,31.968,0,2.1312,3.289845E-05,31.968,0
2.1321,-7.956054E-05,31.9815,0,2.1321,4.867628E-05,31.9815,0
2.133,-2.1149E-05,31.995,0,2.133,3.793393E-05,31.995,0
2.1339,-2.752728E-05,32.0085,0,2.1339,1.309224E-05,32.0085,0
2.1348,-2.349889E-06,32.022,0,2.1348,-6.042573E-06,32.022,0
2.1357,-9.399558E-06,32.0355,0,2.1357,1.779202E-05,32.0355,0
2.1366,3.994812E-05,32.049,0,2.1366,-3.356985E-06,32.049,0
2.1375,7.486076E-05,32.0625,0,2.1375,-2.24918E-05,32.0625,0
2.1384,6.378271E-05,32.076,0,2.1384,-3.826963E-05,32.076,0
2.1393,6.713969E-06,32.0895,0,2.1393,-1.007095E-06,32.0895,0
2.1402,3.457694E-05,32.103,0,2.1402,1.007095E-06,32.103,0
2.1411,0.0001027237,32.1165,0,2.1411,-3.323415E-05,32.1165,0
2.142,-8.728161E-06,32.13,0,2.142,-1.376364E-05,32.13,0
2.1429,-1.208515E-05,32.1435,0,2.1429,-5.035477E-06,32.1435,0
2.1438,3.726253E-05,32.157,0,2.1438,-3.793393E-05,32.157,0
2.1447,-3.457694E-05,32.1705,0,2.1447,2.349889E-06,32.1705,0
2.1456,-5.404745E-05,32.184,0,2.1456,2.1149E-05,32.184,0
2.1465,1.007095E-06,32.1975,0,2.1465,1.913481E-05,32.1975,0
2.1474,-8.056763E-06,32.211,0,2.1474,1.577783E-05,32.211,0
2.1483,3.021286E-06,32.2245,0,2.1483,-5.706874E-06,32.2245,0
2.1492,2.1149E-05,32.238,0,2.1492,-4.36408E-06,32.238,0
2.1501,3.726253E-05,32.2515,0,2.1501,-2.685588E-06,32.2515,0
2.151,2.450599E-05,32.265,0,2.151,-2.047761E-05,32.265,0
2.1519,4.800488E-05,32.2785,0,2.1519,-4.53193E-05,32.2785,0
2.1528,-9.735256E-06,32.292,0,2.1528,-1.443504E-05,32.292,0
2.1537,2.652018E-05,32.3055,0,2.1537,-4.800488E-05,32.3055,0
2.1546,7.318227E-05,32.319,0,2.1546,-9.869535E-05,32.319,0
2.1555,1.040665E-05,32.3325,0,2.1555,-7.217517E-05,32.3325,0
2.1564,-2.383459E-05,32.346,0,2.1564,-5.539025E-05,32.346,0
2.1573,8.728161E-06,32.3595,0,2.1573,-8.291753E-05,32.3595,0
2.1582,-2.450599E-05,32.373,0,2.1582,-6.61326E-05,32.373,0
2.1591,-4.095522E-05,32.3865,0,2.1591,-5.136187E-05,32.3865,0
2.16,-2.24918E-05,32.4,0,2.16,-4.968337E-05,32.4,0
2.1609,7.049668E-06,32.4135,0,2.1609,-5.035477E-05,32.4135,0
2.1618,4.196231E-05,32.427,0,2.1618,-5.270466E-05,32.427,0
2.1627,3.088426E-05,32.4405,0,2.1627,-2.853437E-05,32.4405,0
2.1636,0.0001097734,32.454,0,2.1636,-4.36408E-06,32.454,0
2.1645,8.761731E-05,32.4675,0,2.1645,-5.706874E-06,32.4675,0
2.1654,6.411841E-05,32.481,0,2.1654,-1.611353E-05,32.481,0
2.1663,-2.349889E-06,32.4945,0,2.1663,1.007095E-06,32.4945,0
2.1672,2.316319E-05,32.508,0,2.1672,-1.242084E-05,32.508,0
2.1681,5.975433E-05,32.5215,0,2.1681,-4.263371E-05,32.5215,0
2.169,-4.263371E-05,32.535,0,2.169,-1.477073E-05,32.535,0
2.1699,-3.424125E-05,32.5485,0,2.1699,-4.196231E-05,32.5485,0
2.1708,3.356985E-07,32.562,0,2.1708,-7.351797E-05,32.562,0
2.1717,-7.284657E-05,32.5755,0,2.1717,-4.733349E-05,32.5755,0
2.1726,-5.069047E-05,32.589,0,2.1726,-3.054856E-05,32.589,0
2.1735,-3.994812E-05,32.6025,0,2.1735,-3.759823E-05,32.6025,0
2.1744,-2.18204E-05,32.616,0,2.1744,-2.853437E-05,32.616,0
2.1753,3.189136E-05,32.6295,0,2.1753,-4.733349E-05,32.6295,0
2.1762,-9.063859E-06,32.643,0,2.1762,-4.061952E-05,32.643,0
2.1771,-7.083238E-05,32.6565,0,2.1771,-3.021286E-05,32.6565,0
2.178,-4.33051E-05,32.67,0,2.178,-5.941863E-05,32.67,0
2.1789,4.36408E-06,32.6835,0,2.1789,-5.975433E-05,32.6835,0
2.1798,-6.277562E-05,32.697,0,2.1798,-1.174945E-05,32.697,0
2.1807,-1.913481E-05,32.7105,0,2.1807,-1.107805E-05,32.7105,0
2.1816,5.740444E-05,32.724,0,2.1816,-5.572595E-05,32.724,0
2.1825,-4.46479E-05,32.7375,0,2.1825,-2.014191E-05,32.7375,0
2.1834,-1.242084E-05,32.751,0,2.1834,-7.385367E-06,32.751,0
2.1843,3.121996E-05,32.7645,0,2.1843,-2.887007E-05,32.7645,0
2.1852,-2.349889E-05,32.778,0,2.1852,-1.141375E-05,32.778,0
2.1861,-6.344701E-05,32.7915,0,2.1861,3.088426E-05,32.7915,0
2.187,-7.721065E-06,32.805,0,2.187,5.136187E-05,32.805,0
2.1879,-9.063859E-06,32.8185,0,2.1879,5.203327E-05,32.8185,0
2.1888,2.517739E-05,32.832,0,2.1888,4.46479E-05,32.832,0
2.1897,1.779202E-05,32.8455,0,2.1897,6.009003E-05,32.8455,0
2.1906,8.358892E-05,32.859,0,2.1906,5.606165E-05,32.859,0
2.1915,3.793393E-05,32.8725,0,2.1915,1.846342E-05,32.8725,0
2.1924,2.551309E-05,32.886,0,2.1924,-1.443504E-05,32.886,0
2.1933,1.040665E-05,32.8995,0,2.1933,-4.699779E-06,32.8995,0
2.1942,-2.18204E-05,32.913,0,2.1942,-2.987716E-05,32.913,0
2.1951,-7.049668E-06,32.9265,0,2.1951,-6.478981E-05,32.9265,0
2.196,-6.478981E-05,32.94,0,2.196,-3.524834E-05,32.94,0
2.1969,-0.0001010452,32.9535,0,2.1969,-3.558404E-05,32.9535,0
2.1978,-6.210422E-05,32.967,0,2.1978,-4.43122E-05,32.967,0
2.1987,-2.21561E-05,32.9805,0,2.1987,-3.088426E-05,32.9805,0
2.1996,-0.0001060807,32.994,0,2.1996,3.356985E-07,32.994,0
2.2005,-6.74754E-05,33.0075,0,2.2005,-7.049668E-06,33.0075,0
2.2014,-1.544213E-05,33.021,0,2.2014,-1.376364E-05,33.021,0
2.2023,3.390555E-05,33.0345,0,2.2023,-2.819867E-05,33.0345,0
2.2032,-7.721065E-06,33.048,0,2.2032,-3.021286E-06,33.048,0
2.2041,-3.021286E-06,33.0615,0,2.2041,3.692683E-06,33.0615,0
2.205,3.726253E-05,33.075,0,2.205,-2.450599E-05,33.075,0
2.2059,4.565499E-05,33.0885,0,2.2059,-2.450599E-05,33.0885,0
2.2068,1.107805E-05,33.102,0,2.2068,1.242084E-05,33.102,0
2.2077,5.404745E-05,33.1155,0,2.2077,4.36408E-06,33.1155,0
2.2086,3.659113E-05,33.129,0,2.2086,-3.793393E-05,33.129,0
2.2095,-2.417029E-05,33.1425,0,2.2095,-9.735256E-06,33.1425,0
2.2104,1.376364E-05,33.156,0,2.2104,3.692683E-06,33.156,0
2.2113,2.1149E-05,33.1695,0,2.2113,-3.189136E-05,33.1695,0
2.2122,5.035477E-06,33.183,0,2.2122,-3.961242E-05,33.183,0
2.2131,-3.021286E-06,33.1965,0,2.2131,-2.349889E-05,33.1965,0
2.214,2.18204E-05,33.21,0,2.214,-3.793393E-05,33.21,0
2.2149,-4.129091E-05,33.2235,0,2.2149,-5.035477E-05,33.2235,0
2.2158,-2.349889E-05,33.237,0,2.2158,-7.553216E-05,33.237,0
2.2167,-8.392462E-06,33.2505,0,2.2167,-5.136187E-05,33.2505,0
2.2176,-3.860533E-05,33.264,0,2.2176,-2.450599E-05,33.264,0
2.2185,2.349889E-06,33.2775,0,2.2185,-2.551309E-05,33.2775,0
2.2194,1.309224E-05,33.291,0,2.2194,-1.980621E-05,33.291,0
2.2203,-6.915389E-05,33.3045,0,2.2203,2.1149E-05,33.3045,0
2.2212,-5.236896E-05,33.318,0,2.2212,1.174945E-05,33.318,0
2.2221,1.913481E-05,33.3315,0,2.2221,-1.443504E-05,33.3315,0
2.223,-3.659113E-05,33.345,0,2.223,8.392462E-06,33.345,0
2.2239,-2.719158E-05,33.3585,0,2.2239,3.356985E-06,33.3585,0
2.2248,2.081331E-05,33.372,0,2.2248,-1.107805E-05,33.372,0
2.2257,-3.726253E-05,33.3855,0,2.2257,-8.392462E-06,33.3855,0
2.2266,-9.265278E-05,33.399,0,2.2266,6.042573E-06,33.399,0
2.2275,-2.517739E-05,33.4125,0,2.2275,-1.913481E-05,33.4125,0
2.2284,-5.706874E-06,33.426,0,2.2284,-2.316319E-05,33.426,0
2.2293,2.1149E-05,33.4395,0,2.2293,-3.457694E-05,33.4395,0
2.2302,3.323415E-05,33.453,0,2.2302,-1.980621E-05,33.453,0
2.2311,-1.275654E-05,33.4665,0,2.2311,-2.014191E-05,33.4665,0
2.232,-4.632639E-05,33.48,0,2.232,-1.913481E-05,33.48,0
2.2329,8.056763E-06,33.4935,0,2.2329,-2.21561E-05,33.4935,0
2.2338,-1.040665E-05,33.507,0,2.2338,1.409934E-05,33.507,0
2.2347,-4.867628E-05,33.5205,0,2.2347,9.063859E-06,33.5205,0
2.2356,1.443504E-05,33.534,0,2.2356,-3.256275E-05,33.534,0
2.2365,-4.733349E-05,33.5475,0,2.2365,-9.735256E-06,33.5475,0
2.2374,2.752728E-05,33.561,0,2.2374,-1.242084E-05,33.561,0
2.2383,1.644922E-05,33.5745,0,2.2383,-5.471885E-05,33.5745,0
2.2392,-9.231708E-05,33.588,0,2.2392,-5.169757E-05,33.588,0
2.2401,-8.627451E-05,33.6015,0,2.2401,-3.256275E-05,33.6015,0
2.241,-5.975433E-05,33.615,0,2.241,-4.196231E-05,33.615,0
2.2419,-3.826963E-05,33.6285,0,2.2419,-5.941863E-05,33.6285,0
2.2428,2.853437E-05,33.642,0,2.2428,-7.888914E-05,33.642,0
2.2437,-3.457694E-05,33.6555,0,2.2437,-5.807584E-05,33.6555,0
2.2446,-3.994812E-05,33.669,0,2.2446,-7.284657E-05,33.669,0
2.2455,1.174945E-05,33.6825,0,2.2455,-8.627451E-05,33.6825,0
2.2464,-3.356985E-06,33.696,0,2.2464,-7.150377E-05,33.696,0
2.2473,-3.424125E-05,33.7095,0,2.2473,-2.719158E-05,33.7095,0
2.2482,-1.644922E-05,33.723,0,2.2482,-2.014191E-05,33.723,0
2.2491,3.659113E-05,33.7365,0,2.2491,-5.035477E-05,33.7365,0
2.25,-1.174945E-05,33.75,0,2.25,-4.196231E-05,33.75,0
2.2509,5.404745E-05,33.7635,0,2.2509,-3.860533E-05,33.7635,0
2.2518,9.735256E-05,33.777,0,2.2518,-5.606165E-05,33.777,0
2.2527,-4.53193E-05,33.7905,0,2.2527,-2.24918E-05,33.7905,0
2.2536,-2.517739E-05,33.804,0,2.2536,-1.644922E-05,33.804,0
2.2545,5.404745E-05,33.8175,0,2.2545,-2.618448E-05,33.8175,0
2.2554,-1.107805E-05,33.831,0,2.2554,-2.383459E-05,33.831,0
2.2563,1.309224E-05,33.8445,0,2.2563,-3.390555E-05,33.8445,0
2.2572,2.383459E-05,33.858,0,2.2572,-7.721065E-06,33.858,0
2.2581,-3.054856E-05,33.8715,0,2.2581,-4.699779E-06,33.8715,0
2.259,-1.107805E-05,33.885,0,2.259,-1.376364E-05,33.885,0
2.2599,3.323415E-05,33.8985,0,2.2599,-8.392462E-06,33.8985,0
2.2608,-4.39765E-05,33.912,0,2.2608,2.853437E-05,33.912,0
2.2617,-1.376364E-05,33.9255,0,2.2617,3.054856E-05,33.9255,0
2.2626,4.800488E-05,33.939,0,2.2626,9.063859E-06,33.939,0
2.2635,8.392462E-06,33.9525,0,2.2635,4.632639E-05,33.9525,0
2.2644,-1.544213E-05,33.966,0,2.2644,6.344701E-05,33.966,0
2.2653,5.035477E-06,33.9795,0,2.2653,2.786297E-05,33.9795,0
2.2662,1.409934E-05,33.993,0,2.2662,4.129091E-05,33.993,0
2.2671,-3.860533E-05,34.0065,0,2.2671,5.169757E-05,34.0065,0
2.268,-3.927672E-05,34.02,0,2.268,3.457694E-05,34.02,0
2.2689,-2.450599E-05,34.0335,0,2.2689,2.618448E-05,34.0335,0
2.2698,-1.074235E-05,34.047,0,2.2698,1.745632E-05,34.047,0
2.2707,-1.544213E-05,34.0605,0,2.2707,4.49836E-05,34.0605,0
2.2716,3.323415E-05,34.074,0,2.2716,5.337606E-05,34.074,0
2.2725,-7.049668E-06,34.0875,0,2.2725,3.558404E-05,34.0875,0
2.2734,1.913481E-05,34.101,0,2.2734,1.174945E-05,34.101,0
2.2743,-7.049668E-06,34.1145,0,2.2743,2.786297E-05,34.1145,0
2.2752,2.517739E-05,34.128,0,2.2752,1.007095E-05,34.128,0
2.2761,5.069047E-05,34.1415,0,2.2761,-2.584878E-05,34.1415,0
2.277,-2.584878E-05,34.155,0,2.277,-2.685588E-06,34.155,0
2.2779,-5.270466E-05,34.1685,0,2.2779,7.721065E-06,34.1685,0
2.2788,-2.417029E-05,34.182,0,2.2788,-2.652018E-05,34.182,0
2.2797,-3.726253E-05,34.1955,0,2.2797,-2.719158E-05,34.1955,0
2.2806,-4.733349E-05,34.209,0,2.2806,-3.793393E-05,34.209,0
2.2815,-3.826963E-05,34.2225,0,2.2815,-6.210422E-05,34.2225,0
2.2824,-9.735256E-06,34.236,0,2.2824,-6.076142E-05,34.236,0
2.2833,2.652018E-05,34.2495,0,2.2833,-7.620356E-05,34.2495,0
2.2842,-2.920577E-05,34.263,0,2.2842,-4.599069E-05,34.263,0
2.2851,-6.009003E-05,34.2765,0,2.2851,-5.270466E-05,34.2765,0
2.286,-1.141375E-05,34.29,0,2.286,-7.687495E-05,34.29,0
2.2869,-2.349889E-06,34.3035,0,2.2869,-7.486076E-05,34.3035,0
2.2878,-7.788205E-05,34.317,0,2.2878,-4.800488E-05,34.317,0
2.2887,-4.196231E-05,34.3305,0,2.2887,-5.740444E-05,34.3305,0
2.2896,2.1149E-05,34.344,0,2.2896,-7.956054E-05,34.344,0
2.2905,-9.298848E-05,34.3575,0,2.2905,-3.558404E-05,34.3575,0
2.2914,-5.169757E-05,34.371,0,2.2914,-2.047761E-05,34.371,0
2.2923,7.721065E-06,34.3845,0,2.2923,-5.035477E-05,34.3845,0
2.2932,-1.644922E-05,34.398,0,2.2932,-4.196231E-05,34.398,0
2.2941,-5.404745E-05,34.4115,0,2.2941,-1.309224E-05,34.4115,0
2.295,-2.719158E-05,34.425,0,2.295,-2.853437E-05,34.425,0
2.2959,-2.081331E-05,34.4385,0,2.2959,-2.450599E-05,34.4385,0
2.2968,1.947051E-05,34.452,0,2.2968,-3.457694E-05,34.452,0
2.2977,6.042573E-06,34.4655,0,2.2977,-2.484169E-05,34.4655,0
2.2986,-1.846342E-05,34.479,0,2.2986,4.36408E-06,34.479,0
2.2995,-8.056763E-06,34.4925,0,2.2995,-2.316319E-05,34.4925,0
2.3004,4.162661E-05,34.506,0,2.3004,-3.256275E-05,34.506,0
2.3013,8.392462E-06,34.5195,0,2.3013,-1.846342E-05,34.5195,0
2.3022,-1.242084E-05,34.533,0,2.3022,-3.289845E-05,34.533,0
2.3031,4.061952E-05,34.5465,0,2.3031,-5.606165E-05,34.5465,0
2.304,-1.779202E-05,34.56,0,2.304,-3.390555E-05,34.56,0
2.3049,3.793393E-05,34.5735,0,2.3049,-3.927672E-05,34.5735,0
2.3058,8.96315E-05,34.587,0,2.3058,-7.553216E-05,34.587,0
2.3067,4.867628E-05,34.6005,0,2.3067,-7.687495E-05,34.6005,0
2.3076,-2.920577E-05,34.614,0,2.3076,-5.673304E-05,34.614,0
2.3085,2.719158E-05,34.6275,0,2.3085,-5.471885E-05,34.6275,0
2.3094,6.109713E-05,34.641,0,2.3094,-5.471885E-05,34.641,0
2.3103,8.493171E-05,34.6545,0,2.3103,-6.915389E-05,34.6545,0
2.3112,2.014191E-05,34.668,0,2.3112,-4.129091E-05,34.668,0
2.3121,3.189136E-05,34.6815,0,2.3121,-2.18204E-05,34.6815,0
2.313,7.586786E-05,34.695,0,2.313,-2.450599E-05,34.695,0
2.3139,5.740444E-05,34.7085,0,2.3139,-2.1149E-05,34.7085,0
2.3148,1.913481E-05,34.722,0,2.3148,2.349889E-05,34.722,0
2.3157,4.599069E-05,34.7355,0,2.3157,2.1149E-05,34.7355,0
2.3166,2.1149E-05,34.749,0,2.3166,-4.36408E-06,34.749,0
2.3175,-4.666209E-05,34.7625,0,2.3175,2.786297E-05,34.7625,0
2.3184,-2.719158E-05,34.776,0,2.3184,4.196231E-05,34.776,0
2.3193,-1.510643E-05,34.7895,0,2.3193,4.36408E-06,34.7895,0
2.3202,2.349889E-05,34.803,0,2.3202,-3.356985E-06,34.803,0
2.3211,-8.392462E-06,34.8165,0,2.3211,6.378271E-06,34.8165,0
2.322,-2.853437E-05,34.83,0,2.322,-9.063859E-06,34.83,0
2.3229,-3.994812E-05,34.8435,0,2.3229,-1.174945E-05,34.8435,0
2.3238,8.392462E-06,34.857,0,2.3238,-2.18204E-05,34.857,0
2.3247,-7.385367E-06,34.8705,0,2.3247,9.063859E-06,34.8705,0
2.3256,-9.433127E-05,34.884,0,2.3256,2.987716E-05,34.884,0
2.3265,-1.779202E-05,34.8975,0,2.3265,1.745632E-05,34.8975,0
2.3274,4.061952E-05,34.911,0,2.3274,2.24918E-05,34.911,0
2.3283,-3.121996E-05,34.9245,0,2.3283,4.632639E-05,34.9245,0
2.3292,1.242084E-05,34.938,0,2.3292,4.263371E-05,34.938,0
2.3301,8.426032E-05,34.9515,0,2.3301,2.584878E-05,34.9515,0
2.331,4.699779E-06,34.965,0,2.331,6.411841E-05,34.965,0
2.3319,2.047761E-05,34.9785,0,2.3319,7.754635E-05,34.9785,0
2.3328,5.706874E-05,34.992,0,2.3328,5.270466E-05,34.992,0
2.3337,3.860533E-05,35.0055,0,2.3337,4.800488E-05,35.0055,0
2.3346,-6.210422E-05,35.019,0,2.3346,5.337606E-05,35.019,0
2.3355,-2.081331E-05,35.0325,0,2.3355,3.155566E-05,35.0325,0
2.3364,-1.644922E-05,35.046,0,2.3364,6.378271E-06,35.046,0
2.3373,-4.33051E-05,35.0595,0,2.3373,-9.063859E-06,35.0595,0
2.3382,-6.478981E-05,35.073,0,2.3382,1.678492E-06,35.073,0
2.3391,-0.000126894,35.0865,0,2.3391,1.678492E-06,35.0865,0
2.34,-6.78111E-05,35.1,0,2.34,-2.719158E-05,35.1,0
2.3409,-1.477073E-05,35.1135,0,2.3409,-3.021286E-05,35.1135,0
2.3418,-6.814679E-05,35.127,0,2.3418,3.356985E-06,35.127,0
2.3427,-7.754635E-05,35.1405,0,2.3427,-1.510643E-05,35.1405,0
2.3436,-1.644922E-05,35.154,0,2.3436,-5.404745E-05,35.154,0
2.3445,-7.553216E-05,35.1675,0,2.3445,-1.879912E-05,35.1675,0
2.3454,3.021286E-06,35.181,0,2.3454,-3.558404E-05,35.181,0
2.3463,4.129091E-05,35.1945,0,2.3463,-7.821774E-05,35.1945,0
2.3472,-1.510643E-05,35.208,0,2.3472,-6.54612E-05,35.208,0
2.3481,-2.853437E-05,35.2215,0,2.3481,-4.196231E-05,35.2215,0
2.349,5.035477E-06,35.235,0,2.349,-5.001907E-05,35.235,0
2.3499,2.719158E-05,35.2485,0,2.3499,-5.874724E-05,35.2485,0
2.3508,4.733349E-05,35.262,0,2.3508,-7.083238E-05,35.262,0
2.3517,9.735256E-06,35.2755,0,2.3517,-5.874724E-05,35.2755,0
2.3526,-2.853437E-05,35.289,0,2.3526,-5.102617E-05,35.289,0
2.3535,1.678492E-05,35.3025,0,2.3535,-5.706874E-05,35.3025,0
2.3544,-3.356985E-07,35.316,0,2.3544,-6.344701E-05,35.316,0
2.3553,-4.162661E-05,35.3295,0,2.3553,-3.994812E-05,35.3295,0
2.3562,2.954147E-05,35.343,0,2.3562,-2.316319E-05,35.343,0
2.3571,4.36408E-05,35.3565,0,2.3571,-4.061952E-05,35.3565,0
2.358,-2.383459E-05,35.37,0,2.358,-1.846342E-05,35.37,0
2.3589,7.351797E-05,35.3835,0,2.3589,-2.014191E-05,35.3835,0
2.3598,9.030289E-05,35.397,0,2.3598,-4.699779E-05,35.397,0
2.3607,-5.471885E-05,35.4105,0,2.3607,-2.819867E-05,35.4105,0
2.3616,-6.210422E-05,35.424,0,2.3616,-1.107805E-05,35.424,0
2.3625,-3.558404E-05,35.4375,0,2.3625,-9.063859E-06,35.4375,0
2.3634,-2.920577E-05,35.451,0,2.3634,-9.735256E-06,35.451,0
2.3643,1.644922E-05,35.4645,0,2.3643,-1.712062E-05,35.4645,0
2.3652,-6.378271E-06,35.478,0,2.3652,1.812772E-05,35.478,0
2.3661,-4.666209E-05,35.4915,0,2.3661,3.524834E-05,35.4915,0
2.367,-1.107805E-05,35.505,0,2.367,1.678492E-05,35.505,0
2.3679,1.544213E-05,35.5185,0,2.3679,2.349889E-06,35.5185,0
2.3688,-6.814679E-05,35.532,0,2.3688,1.947051E-05,35.532,0
2.3697,-5.941863E-05,35.5455,0,2.3697,3.021286E-06,35.5455,0
2.3706,3.692683E-06,35.559,0,2.3706,-1.879912E-05,35.559,0
2.3715,-7.418937E-05,35.5725,0,2.3715,1.107805E-05,35.5725,0
2.3724,-6.378271E-06,35.586,0,2.3724,9.735256E-06,35.586,0
2.3733,6.814679E-05,35.5995,0,2.3733,-3.054856E-05,35.5995,0
2.3742,-1.644922E-05,35.613,0,2.3742,-3.692683E-05,35.613,0
2.3751,-4.39765E-05,35.6265,0,2.3751,-1.779202E-05,35.6265,0
2.376,6.713969E-06,35.64,0,2.376,-3.524834E-05,35.64,0
2.3769,-4.33051E-05,35.6535,0,2.3769,-4.061952E-05,35.6535,0
2.3778,-3.659113E-05,35.667,0,2.3778,-4.867628E-05,35.667,0
2.3787,-7.418937E-05,35.6805,0,2.3787,-1.879912E-05,35.6805,0
2.3796,-0.000112459,35.694,0,2.3796,1.309224E-05,35.694,0
2.3805,-7.183947E-05,35.7075,0,2.3805,-8.728161E-06,35.7075,0
2.3814,-6.243992E-05,35.721,0,2.3814,-4.095522E-05,35.721,0
2.3823,-7.553216E-05,35.7345,0,2.3823,-1.544213E-05,35.7345,0
2.3832,-4.53193E-05,35.748,0,2.3832,-2.920577E-05,35.748,0
2.3841,1.040665E-05,35.7615,0,2.3841,-5.841154E-05,35.7615,0
2.385,-2.18204E-05,35.775,0,2.385,-3.524834E-05,35.775,0
2.3859,-5.404745E-05,35.7885,0,2.3859,-4.196231E-05,35.7885,0
2.3868,-1.174945E-05,35.802,0,2.3868,-6.076142E-05,35.802,0
2.3877,4.867628E-05,35.8155,0,2.3877,-4.129091E-05,35.8155,0
2.3886,9.063859E-06,35.829,0,2.3886,-2.417029E-05,35.829,0
2.3895,1.376364E-05,35.8425,0,2.3895,-1.510643E-05,35.8425,0
2.3904,5.807584E-05,35.856,0,2.3904,-9.063859E-06,35.856,0
2.3913,9.097429E-05,35.8695,0,2.3913,-2.853437E-05,35.8695,0
2.3922,6.881819E-05,35.883,0,2.3922,-1.141375E-05,35.883,0
2.3931,4.666209E-05,35.8965,0,2.3931,-2.1149E-05,35.8965,0
2.394,0.000105745,35.91,0,2.394,-3.088426E-05,35.91,0
2.3949,7.083238E-05,35.9235,0,2.3949,-3.289845E-05,35.9235,0
2.3958,-1.107805E-05,35.937,0,2.3958,-1.678492E-05,35.937,0
2.3967,1.544213E-05,35.9505,0,2.3967,-4.33051E-05,35.9505,0
2.3976,5.673304E-05,35.964,0,2.3976,-7.049668E-05,35.964,0
2.3985,-5.304036E-05,35.9775,0,2.3985,-4.666209E-05,35.9775,0
2.3994,-3.793393E-05,35.991,0,2.3994,-4.834058E-05,35.991,0
2.4003,4.800488E-05,36.0045,0,2.4003,-9.332418E-05,36.0045,0
2.4012,-5.807584E-05,36.018,0,2.4012,-7.385367E-05,36.018,0
2.4021,-3.961242E-05,36.0315,0,2.4021,-4.565499E-05,36.0315,0
2.403,1.376364E-05,36.045,0,2.403,-5.136187E-05,36.045,0
2.4039,-6.042573E-06,36.0585,0,2.4039,-5.807584E-05,36.0585,0
2.4048,2.618448E-05,36.072,0,2.4048,-8.291753E-05,36.072,0
2.4057,3.793393E-05,36.0855,0,2.4057,-7.486076E-05,36.0855,0
2.4066,-2.349889E-06,36.099,0,2.4066,-5.539025E-05,36.099,0
2.4075,-2.517739E-05,36.1125,0,2.4075,-5.941863E-05,36.1125,0
2.4084,1.577783E-05,36.126,0,2.4084,-4.934768E-05,36.126,0
2.4093,-2.014191E-06,36.1395,0,2.4093,-2.1149E-05,36.1395,0
2.4102,-1.107805E-05,36.153,0,2.4102,-1.644922E-05,36.153,0
2.4111,4.733349E-05,36.1665,0,2.4111,-2.920577E-05,36.1665,0
2.412,-1.644922E-05,36.18,0,2.412,-5.035477E-06,36.18,0
2.4129,2.786297E-05,36.1935,0,2.4129,-2.014191E-06,36.1935,0
2.4138,8.459602E-05,36.207,0,2.4138,-2.853437E-05,36.207,0
2.4147,-2.819867E-05,36.2205,0,2.4147,-1.678492E-05,36.2205,0
2.4156,-7.754635E-05,36.234,0,2.4156,-9.735256E-06,36.234,0
2.4165,-1.443504E-05,36.2475,0,2.4165,-1.947051E-05,36.2475,0
2.4174,-1.107805E-05,36.261,0,2.4174,-2.584878E-05,36.261,0
2.4183,3.994812E-05,36.2745,0,2.4183,-4.229801E-05,36.2745,0
2.4192,1.510643E-05,36.288,0,2.4192,-1.846342E-05,36.288,0
2.4201,-1.409934E-05,36.3015,0,2.4201,-2.349889E-06,36.3015,0
2.421,-9.735256E-06,36.315,0,2.421,-2.719158E-05,36.315,0
2.4219,9.063859E-06,36.3285,0,2.4219,-2.618448E-05,36.3285,0
2.4228,7.049668E-06,36.342,0,2.4228,2.752728E-05,36.342,0
2.4237,5.069047E-05,36.3555,0,2.4237,2.18204E-05,36.3555,0
2.4246,6.6804E-05,36.369,0,2.4246,-2.1149E-05,36.369,0
2.4255,1.779202E-05,36.3825,0,2.4255,2.1149E-05,36.3825,0
2.4264,8.157473E-05,36.396,0,2.4264,2.21561E-05,36.396,0
2.4273,5.874724E-05,36.4095,0,2.4273,-2.081331E-05,36.4095,0
2.4282,-2.719158E-05,36.423,0,2.4282,2.28275E-05,36.423,0
2.4291,-3.256275E-05,36.4365,0,2.4291,5.069047E-05,36.4365,0
2.43,-7.418937E-05,36.45,0,2.43,4.800488E-05,36.45,0
2.4309,-6.109713E-05,36.4635,0,2.4309,4.934768E-05,36.4635,0
2.4318,-1.342794E-06,36.477,0,2.4318,3.994812E-05,36.477,0
2.4327,-4.49836E-05,36.4905,0,2.4327,5.874724E-05,36.4905,0
2.4336,-9.030289E-05,36.504,0,2.4336,5.539025E-05,36.504,0
2.4345,-5.203327E-05,36.5175,0,2.4345,2.081331E-05,36.5175,0
2.4354,-4.229801E-05,36.531,0,2.4354,1.242084E-05,36.531,0
2.4363,-0.0001044022,36.5445,0,2.4363,2.584878E-05,36.5445,0
2.4372,-3.189136E-05,36.558,0,2.4372,1.007095E-05,36.558,0
2.4381,1.913481E-05,36.5715,0,2.4381,-2.752728E-05,36.5715,0
2.439,-3.457694E-05,36.585,0,2.439,5.706874E-06,36.585,0
2.4399,-5.706874E-06,36.5985,0,2.4399,1.242084E-05,36.5985,0
2.4408,2.819867E-05,36.612,0,2.4408,-1.644922E-05,36.612,0
2.4417,-4.43122E-05,36.6255,0,2.4417,-3.692683E-06,36.6255,0
2.4426,-0.0001107805,36.639,0,2.4426,1.846342E-05,36.639,0
2.4435,-5.807584E-05,36.6525,0,2.4435,2.28275E-05,36.6525,0
2.4444,-5.136187E-05,36.666,0,2.4444,1.846342E-05,36.666,0
2.4453,-5.740444E-05,36.6795,0,2.4453,9.063859E-06,36.6795,0
2.4462,-4.162661E-05,36.693,0,2.4462,1.879912E-05,36.693,0
2.4471,-8.358892E-05,36.7065,0,2.4471,1.443504E-05,36.7065,0
2.448,-7.083238E-05,36.72,0,2.448,-2.349889E-05,36.72,0
2.4489,-2.21561E-05,36.7335,0,2.4489,-4.33051E-05,36.7335,0
2.4498,-6.009003E-05,36.747,0,2.4498,-2.819867E-05,36.747,0
2.4507,-6.243992E-05,36.7605,0,2.4507,-6.277562E-05,36.7605,0
2.4516,5.035477E-06,36.774,0,2.4516,-0.0001084306,36.774,0
2.4525,-3.927672E-05,36.7875,0,2.4525,-6.54612E-05,36.7875,0
2.4534,5.706874E-06,36.801,0,2.4534,-7.418937E-05,36.801,0
2.4543,2.18204E-05,36.8145,0,2.4543,-9.802396E-05,36.8145,0
2.4552,7.754635E-05,36.828,0,2.4552,-7.821774E-05,36.828,0
2.4561,4.229801E-05,36.8415,0,2.4561,-4.263371E-05,36.8415,0
2.457,7.318227E-05,36.855,0,2.457,-5.941863E-05,36.855,0
2.4579,0.0001198444,36.8685,0,2.4579,-6.814679E-05,36.8685,0
2.4588,0.0001107805,36.882,0,2.4588,-6.881819E-05,36.882,0
2.4597,5.841154E-05,36.8955,0,2.4597,-3.793393E-05,36.8955,0
2.4606,3.054856E-05,36.909,0,2.4606,-4.229801E-05,36.909,0
2.4615,7.284657E-05,36.9225,0,2.4615,-5.774014E-05,36.9225,0
2.4624,4.129091E-05,36.936,0,2.4624,-6.042573E-05,36.936,0
2.4633,1.980621E-05,36.9495,0,2.4633,-4.196231E-05,36.9495,0
2.4642,7.150377E-05,36.963,0,2.4642,-4.599069E-05,36.963,0
2.4651,5.069047E-05,36.9765,0,2.4651,-7.016098E-05,36.9765,0
2.466,-6.042573E-06,36.99,0,2.466,-3.524834E-05,36.99,0
2.4669,8.560311E-05,37.0035,0,2.4669,-4.800488E-05,37.0035,0
2.4678,5.069047E-05,37.017,0,2.4678,-7.116808E-05,37.017,0
2.4687,-6.042573E-06,37.0305,0,2.4687,-3.323415E-05,37.0305,0
2.4696,-3.021286E-06,37.044,0,2.4696,-3.692683E-06,37.044,0
2.4705,2.853437E-05,37.0575,0,2.4705,5.035477E-06,37.0575,0
2.4714,-6.713969E-07,37.071,0,2.4714,1.980621E-05,37.071,0
2.4723,4.800488E-05,37.0845,0,2.4723,3.356985E-06,37.0845,0
2.4732,5.069047E-05,37.098,0,2.4732,2.719158E-05,37.098,0
2.4741,7.150377E-05,37.1115,0,2.4741,3.591974E-05,37.1115,0
2.475,5.438316E-05,37.125,0,2.475,1.174945E-05,37.125,0
2.4759,7.049668E-05,37.1385,0,2.4759,1.577783E-05,37.1385,0
2.4768,-3.726253E-05,37.152,0,2.4768,3.424125E-05,37.152,0
2.4777,-5.136187E-05,37.1655,0,2.4777,2.551309E-05,37.1655,0
2.4786,1.040665E-05,37.179,0,2.4786,1.242084E-05,37.179,0
2.4795,-6.78111E-05,37.1925,0,2.4795,3.994812E-05,37.1925,0
2.4804,-9.231708E-05,37.206,0,2.4804,5.001907E-05,37.206,0
2.4813,-2.551309E-05,37.2195,0,2.4813,1.242084E-05,37.2195,0
2.4822,-6.814679E-05,37.233,0,2.4822,1.242084E-05,37.233,0
2.4831,-9.433127E-05,37.2465,0,2.4831,3.457694E-05,37.2465,0
2.484,-2.081331E-05,37.26,0,2.484,-5.706874E-06,37.26,0
2.4849,-4.028382E-05,37.2735,0,2.4849,-3.088426E-05,37.2735,0
2.4858,-1.644922E-05,37.287,0,2.4858,-5.539025E-05,37.287,0
2.4867,-6.109713E-05,37.3005,0,2.4867,-4.867628E-05,37.3005,0
2.4876,-0.0001346151,37.314,0,2.4876,-4.49836E-05,37.314,0
2.4885,-8.358892E-05,37.3275,0,2.4885,-6.848249E-05,37.3275,0
2.4894,-6.57969E-05,37.341,0,2.4894,-8.92958E-05,37.341,0
2.4903,-9.097429E-05,37.3545,0,2.4903,-4.834058E-05,37.3545,0
2.4912,-6.176852E-05,37.368,0,2.4912,-5.203327E-05,37.368,0
2.4921,-1.376364E-05,37.3815,0,2.4921,-6.848249E-05,37.3815,0
2.493,-3.189136E-05,37.395,0,2.493,-3.692683E-05,37.395,0
2.4939,-5.337606E-05,37.4085,0,2.4939,-5.975433E-05,37.4085,0
2.4948,-3.659113E-05,37.422,0,2.4948,-7.754635E-05,37.422,0
2.4957,-3.524834E-05,37.4355,0,2.4957,-6.109713E-05,37.4355,0
2.4966,-9.265278E-05,37.449,0,2.4966,-4.867628E-05,37.449,0
2.4975,-7.452507E-05,37.4625,0,2.4975,-5.001907E-05,37.4625,0
2.4984,-5.606165E-05,37.476,0,2.4984,-5.270466E-05,37.476,0
2.4993,-1.678492E-06,37.4895,0,2.4993,-5.136187E-05,37.4895,0
2.5002,-4.33051E-05,37.503,0,2.5002,-2.014191E-05,37.503,0
2.5011,-5.807584E-05,37.5165,0,2.5011,-1.376364E-05,37.5165,0
2.502,-9.735256E-06,37.53,0,2.502,-1.913481E-05,37.53,0
2.5029,-3.826963E-05,37.5435,0,2.5029,-2.349889E-05,37.5435,0
2.5038,-6.64683E-05,37.557,0,2.5038,1.141375E-05,37.557,0
2.5047,-8.728161E-06,37.5705,0,2.5047,-2.047761E-05,37.5705,0
2.5056,2.584878E-05,37.584,0,2.5056,-5.706874E-05,37.584,0
2.5065,-4.800488E-05,37.5975,0,2.5065,-1.309224E-05,37.5975,0
2.5074,2.21561E-05,37.611,0,2.5074,0,37.611,0
2.5083,4.263371E-05,37.6245,0,2.5083,-3.088426E-05,37.6245,0
2.5092,6.378271E-06,37.638,0,2.5092,-2.349889E-06,37.638,0
2.5101,-1.443504E-05,37.6515,0,2.5101,1.678492E-05,37.6515,0
2.511,3.189136E-05,37.665,0,2.511,0,37.665,0
2.5119,2.349889E-06,37.6785,0,2.5119,7.721065E-06,37.6785,0
2.5128,3.591974E-05,37.692,0,2.5128,-9.399558E-06,37.692,0
2.5137,3.021286E-06,37.7055,0,2.5137,7.385367E-06,37.7055,0
2.5146,-4.061952E-05,37.719,0,2.5146,-1.678492E-06,37.719,0
2.5155,1.577783E-05,37.7325,0,2.5155,-5.706874E-06,37.7325,0
2.5164,2.887007E-05,37.746,0,2.5164,0,37.746,0
2.5173,-6.51255E-05,37.7595,0,2.5173,1.846342E-05,37.7595,0
2.5182,1.007095E-06,37.773,0,2.5182,7.385367E-06,37.773,0
2.5191,0.0001054093,37.7865,0,2.5191,-2.316319E-05,37.7865,0
2.52,-3.692683E-06,37.8,0,2.52,-1.007095E-06,37.8,0
2.5209,8.560311E-05,37.8135,0,2.5209,4.028382E-06,37.8135,0
2.5218,0.0001265583,37.827,0,2.5218,-3.256275E-05,37.827,0
2.5227,2.786297E-05,37.8405,0,2.5227,-2.618448E-05,37.8405,0
2.5236,-3.356985E-07,37.854,0,2.5236,-1.007095E-06,37.854,0
2.5245,3.390555E-05,37.8675,0,2.5245,-3.356985E-06,37.8675,0
2.5254,3.994812E-05,37.881,0,2.5254,-3.726253E-05,37.881,0
2.5263,3.323415E-05,37.8945,0,2.5263,-5.035477E-05,37.8945,0
2.5272,-3.356985E-07,37.908,0,2.5272,-1.846342E-05,37.908,0
2.5281,1.309224E-05,37.9215,0,2.5281,-9.063859E-06,37.9215,0
2.529,-7.385367E-06,37.935,0,2.529,-2.316319E-05,37.935,0
2.5299,-5.371176E-06,37.9485,0,2.5299,-3.088426E-05,37.9485,0
2.5308,-2.316319E-05,37.962,0,2.5308,3.356985E-07,37.962,0
2.5317,-2.450599E-05,37.9755,0,2.5317,-1.342794E-05,37.9755,0
2.5326,1.544213E-05,37.989,0,2.5326,-3.323415E-05,37.989,0
2.5335,-4.53193E-05,38.0025,0,2.5335,6.042573E-06,38.0025,0
2.5344,5.035477E-06,38.016,0,2.5344,1.208515E-05,38.016,0
2.5353,2.719158E-05,38.0295,0,2.5353,-2.316319E-05,38.0295,0
2.5362,-5.438316E-05,38.043,0,2.5362,-1.577783E-05,38.043,0
2.5371,-1.980621E-05,38.0565,0,2.5371,-4.36408E-06,38.0565,0
2.538,-1.846342E-05,38.07,0,2.538,-2.24918E-05,38.07,0
2.5389,-1.107805E-05,38.0835,0,2.5389,-2.081331E-05,38.0835,0
2.5398,4.129091E-05,38.097,0,2.5398,-2.081331E-05,38.097,0
2.5407,-1.409934E-05,38.1105,0,2.5407,-7.049668E-06,38.1105,0
2.5416,-3.356985E-06,38.124,0,2.5416,0,38.124,0
2.5425,3.692683E-05,38.1375,0,2.5425,-2.719158E-05,38.1375,0
2.5434,3.088426E-05,38.151,0,2.5434,-2.920577E-05,38.151,0
2.5443,-3.289845E-05,38.1645,0,2.5443,-9.735256E-06,38.1645,0
2.5452,3.591974E-05,38.178,0,2.5452,-2.18204E-05,38.178,0
2.5461,8.761731E-05,38.1915,0,2.5461,-4.061952E-05,38.1915,0
2.547,3.088426E-05,38.205,0,2.547,-2.349889E-06,38.205,0
2.5479,2.920577E-05,38.2185,0,2.5479,2.24918E-05,38.2185,0
2.5488,0.0001040665,38.232,0,2.5488,1.007095E-06,38.232,0
2.5497,-9.399558E-06,38.2455,0,2.5497,1.544213E-05,38.2455,0
2.5506,-3.860533E-05,38.259,0,2.5506,3.256275E-05,38.259,0
2.5515,3.356985E-07,38.2725,0,2.5515,3.457694E-05,38.2725,0
2.5524,-2.1149E-05,38.286,0,2.5524,3.323415E-05,38.286,0
2.5533,-1.141375E-05,38.2995,0,2.5533,1.040665E-05,38.2995,0
2.5542,7.049668E-06,38.313,0,2.5542,3.726253E-05,38.313,0
2.5551,-3.457694E-05,38.3265,0,2.5551,3.591974E-05,38.3265,0
2.556,-6.378271E-06,38.34,0,2.556,1.644922E-05,38.34,0
2.5569,6.814679E-05,38.3535,0,2.5569,1.141375E-05,38.3535,0
2.5578,-2.18204E-05,38.367,0,2.5578,3.994812E-05,38.367,0
2.5587,-1.309224E-05,38.3805,0,2.5587,1.913481E-05,38.3805,0
2.5596,4.196231E-05,38.394,0,2.5596,7.049668E-06,38.394,0
2.5605,-1.443504E-05,38.4075,0,2.5605,3.591974E-05,38.4075,0
2.5614,1.678492E-06,38.421,0,2.5614,2.417029E-05,38.421,0
2.5623,1.141375E-05,38.4345,0,2.5623,-9.735256E-06,38.4345,0
2.5632,-2.551309E-05,38.448,0,2.5632,-1.812772E-05,38.448,0
2.5641,-9.231708E-05,38.4615,0,2.5641,-1.342794E-05,38.4615,0
2.565,-3.927672E-05,38.475,0,2.565,-4.129091E-05,38.475,0
2.5659,-4.36408E-06,38.4885,0,2.5659,-4.061952E-05,38.4885,0
2.5668,-1.040665E-05,38.502,0,2.5668,-6.076142E-05,38.502,0
2.5677,1.644922E-05,38.5155,0,2.5677,-5.807584E-05,38.5155,0
2.5686,7.620356E-05,38.529,0,2.5686,-5.539025E-05,38.529,0
2.5695,4.196231E-05,38.5425,0,2.5695,-7.821774E-05,38.5425,0
2.5704,3.826963E-05,38.556,0,2.5704,-9.701686E-05,38.556,0
2.5713,-9.735256E-06,38.5695,0,2.5713,-7.855344E-05,38.5695,0
2.5722,6.378271E-06,38.583,0,2.5722,-8.627451E-05,38.583,0
2.5731,1.510643E-05,38.5965,0,2.5731,-0.0001178302,38.5965,0
2.574,-1.443504E-05,38.61,0,2.574,-7.116808E-05,38.61,0
2.5749,-1.644922E-05,38.6235,0,2.5749,-6.54612E-05,38.6235,0
2.5758,-2.618448E-05,38.637,0,2.5758,-7.989624E-05,38.637,0
2.5767,-1.980621E-05,38.6505,0,2.5767,-6.78111E-05,38.6505,0
2.5776,-2.584878E-05,38.664,0,2.5776,-4.39765E-05,38.664,0
2.5785,-2.618448E-05,38.6775,0,2.5785,-3.390555E-05,38.6775,0
2.5794,-1.745632E-05,38.691,0,2.5794,-2.517739E-05,38.691,0
2.5803,1.913481E-05,38.7045,0,2.5803,-2.618448E-05,38.7045,0
2.5812,-1.040665E-05,38.718,0,2.5812,2.652018E-05,38.718,0
2.5821,1.242084E-05,38.7315,0,2.5821,6.378271E-05,38.7315,0
2.583,3.692683E-06,38.745,0,2.583,5.001907E-05,38.745,0
2.5839,2.1149E-05,38.7585,0,2.5839,5.337606E-05,38.7585,0
2.5848,-7.150377E-05,38.772,0,2.5848,6.57969E-05,38.772,0
2.5857,-4.129091E-05,38.7855,0,2.5857,3.189136E-05,38.7855,0
2.5866,2.954147E-05,38.799,0,2.5866,-2.014191E-05,38.799,0
2.5875,-7.653925E-05,38.8125,0,2.5875,-3.356985E-06,38.8125,0
2.5884,-0.0001178302,38.826,0,2.5884,6.378271E-06,38.826,0
2.5893,-6.54612E-05,38.8395,0,2.5893,-4.632639E-05,38.8395,0
2.5902,-4.196231E-05,38.853,0,2.5902,-4.565499E-05,38.853,0
2.5911,-8.86244E-05,38.8665,0,2.5911,-1.275654E-05,38.8665,0
2.592,-3.155566E-05,38.88,0,2.592,-1.644922E-05,38.88,0
2.5929,-5.035477E-05,38.8935,0,2.5929,-1.745632E-05,38.8935,0
2.5938,-2.484169E-05,38.907,0,2.5938,-4.196231E-05,38.907,0
2.5947,-7.284657E-05,38.9205,0,2.5947,-3.491264E-05,38.9205,0
2.5956,-0.0001178302,38.934,0,2.5956,-2.18204E-05,38.934,0
2.5965,-8.560311E-05,38.9475,0,2.5965,-6.109713E-05,38.9475,0
2.5974,-5.471885E-05,38.961,0,2.5974,-8.627451E-05,38.961,0
2.5983,-9.298848E-05,38.9745,0,2.5983,-4.263371E-05,38.9745,0
2.5992,-8.090334E-05,38.988,0,2.5992,-3.860533E-05,38.988,0
2.6001,-3.356985E-07,39.0015,0,2.6001,-5.001907E-05,39.0015,0
2.601,-5.371176E-06,39.015,0,2.601,-1.812772E-05,39.015,0
2.6019,1.779202E-05,39.0285,0,2.6019,-1.443504E-05,39.0285,0
2.6028,5.673304E-05,39.042,0,2.6028,-3.457694E-05,39.042,0
2.6037,6.109713E-05,39.0555,0,2.6037,-4.129091E-05,39.0555,0
2.6046,-1.242084E-05,39.069,0,2.6046,-3.356985E-07,39.069,0
2.6055,8.392462E-06,39.0825,0,2.6055,3.692683E-06,39.0825,0
2.6064,4.599069E-05,39.096,0,2.6064,-8.392462E-06,39.096,0
2.6073,5.539025E-05,39.1095,0,2.6073,-1.208515E-05,39.1095,0
2.6082,-2.786297E-05,39.123,0,2.6082,1.745632E-05,39.123,0
2.6091,-4.867628E-05,39.1365,0,2.6091,1.644922E-05,39.1365,0
2.61,-6.378271E-06,39.15,0,2.61,4.36408E-06,39.15,0
2.6109,-3.961242E-05,39.1635,0,2.6109,5.706874E-06,39.1635,0
2.6118,-5.471885E-05,39.177,0,2.6118,2.1149E-05,39.177,0
2.6127,1.040665E-05,39.1905,0,2.6127,3.692683E-06,39.1905,0
2.6136,3.994812E-05,39.204,0,2.6136,-2.28275E-05,39.204,0
2.6145,-2.987716E-05,39.2175,0,2.6145,1.712062E-05,39.2175,0
2.6154,-5.706874E-05,39.231,0,2.6154,1.745632E-05,39.231,0
2.6163,-4.162661E-05,39.2445,0,2.6163,-2.517739E-05,39.2445,0
2.6172,-3.524834E-05,39.258,0,2.6172,-1.510643E-05,39.258,0
2.6181,-7.217517E-05,39.2715,0,2.6181,-9.399558E-06,39.2715,0
2.619,-1.712062E-05,39.285,0,2.619,-2.484169E-05,39.285,0
2.6199,-3.726253E-05,39.2985,0,2.6199,-3.021286E-05,39.2985,0
2.6208,2.618448E-05,39.312,0,2.6208,-6.344701E-05,39.312,0
2.6217,4.095522E-05,39.3255,0,2.6217,-5.236896E-05,39.3255,0
2.6226,2.417029E-05,39.339,0,2.6226,-4.39765E-05,39.339,0
2.6235,7.083238E-05,39.3525,0,2.6235,-5.572595E-05,39.3525,0
2.6244,8.157473E-05,39.366,0,2.6244,-7.418937E-05,39.366,0
2.6253,3.021286E-06,39.3795,0,2.6253,-4.733349E-05,39.3795,0
2.6262,4.36408E-05,39.393,0,2.6262,-4.800488E-05,39.393,0
2.6271,0.0001111162,39.4065,0,2.6271,-6.948959E-05,39.4065,0
2.628,-2.349889E-06,39.42,0,2.628,-4.766919E-05,39.42,0
2.6289,-1.980621E-05,39.4335,0,2.6289,-2.28275E-05,39.4335,0
2.6298,-1.107805E-05,39.447,0,2.6298,-3.390555E-05,39.447,0
2.6307,-2.584878E-05,39.4605,0,2.6307,-3.121996E-05,39.4605,0
2.6316,-8.795301E-05,39.474,0,2.6316,6.713969E-07,39.474,0
2.6325,-3.323415E-05,39.4875,0,2.6325,5.035477E-06,39.4875,0
2.6334,-1.443504E-05,39.501,0,2.6334,-1.007095E-05,39.501,0
2.6343,2.349889E-06,39.5145,0,2.6343,-1.980621E-05,39.5145,0
2.6352,0,39.528,0,2.6352,2.349889E-06,39.528,0
2.6361,-8.728161E-06,39.5415,0,2.6361,-6.042573E-06,39.5415,0
2.637,-2.349889E-05,39.555,0,2.637,-3.054856E-05,39.555,0
2.6379,1.644922E-05,39.5685,0,2.6379,-2.450599E-05,39.5685,0
2.6388,8.392462E-06,39.582,0,2.6388,2.685588E-05,39.582,0
2.6397,-8.392462E-06,39.5955,0,2.6397,1.242084E-05,39.5955,0
2.6406,5.774014E-05,39.609,0,2.6406,-2.18204E-05,39.609,0
2.6415,2.450599E-05,39.6225,0,2.6415,9.399558E-06,39.6225,0
2.6424,5.606165E-05,39.636,0,2.6424,-1.174945E-05,39.636,0
2.6433,6.814679E-05,39.6495,0,2.6433,-5.035477E-05,39.6495,0
2.6442,1.174945E-05,39.663,0,2.6442,-5.001907E-05,39.663,0
2.6451,-3.793393E-05,39.6765,0,2.6451,-5.539025E-05,39.6765,0
2.646,-5.035477E-05,39.69,0,2.646,-6.61326E-05,39.69,0
2.6469,-1.779202E-05,39.7035,0,2.6469,-6.881819E-05,39.7035,0
2.6478,1.544213E-05,39.717,0,2.6478,-9.063859E-05,39.717,0
2.6487,-6.311131E-05,39.7305,0,2.6487,-7.653925E-05,39.7305,0
2.6496,-0.0001258869,39.744,0,2.6496,-5.740444E-05,39.744,0
2.6505,-8.123904E-05,39.7575,0,2.6505,-7.855344E-05,39.7575,0
2.6514,-5.807584E-05,39.771,0,2.6514,-9.466698E-05,39.771,0
2.6523,-9.231708E-05,39.7845,0,2.6523,-5.975433E-05,39.7845,0
2.6532,-4.867628E-05,39.798,0,2.6532,-6.848249E-05,39.798,0
2.6541,2.618448E-05,39.8115,0,2.6541,-9.466698E-05,39.8115,0
2.655,-4.901198E-05,39.825,0,2.655,-6.61326E-05,39.825,0
2.6559,1.712062E-05,39.8385,0,2.6559,-4.36408E-05,39.8385,0
2.6568,2.383459E-05,39.852,0,2.6568,-6.344701E-05,39.852,0
2.6577,2.349889E-06,39.8655,0,2.6577,-5.270466E-05,39.8655,0
2.6586,3.356985E-07,39.879,0,2.6586,-2.383459E-05,39.879,0
2.6595,-6.713969E-06,39.8925,0,2.6595,-2.719158E-05,39.8925,0
2.6604,1.846342E-05,39.906,0,2.6604,-3.793393E-05,39.906,0
2.6613,8.661021E-05,39.9195,0,2.6613,-3.726253E-05,39.9195,0
2.6622,5.069047E-05,39.933,0,2.6622,3.021286E-06,39.933,0
2.6631,2.349889E-06,39.9465,0,2.6631,2.551309E-05,39.9465,0
2.664,3.860533E-05,39.96,0,2.664,6.378271E-06,39.96,0
2.6649,5.572595E-05,39.9735,0,2.6649,2.014191E-06,39.9735,0
2.6658,1.812772E-05,39.987,0,2.6658,3.323415E-05,39.987,0
2.6667,-3.356985E-07,40.0005,0,2.6667,2.450599E-05,40.0005,0
2.6676,4.263371E-05,40.014,0,2.6676,1.174945E-05,40.014,0
2.6685,-1.913481E-05,40.0275,0,2.6685,4.53193E-05,40.0275,0
2.6694,-1.510643E-05,40.041,0,2.6694,2.618448E-05,40.041,0
2.6703,5.001907E-05,40.0545,0,2.6703,-5.706874E-06,40.0545,0
2.6712,-1.510643E-05,40.068,0,2.6712,1.947051E-05,40.068,0
2.6721,-4.061952E-05,40.0815,0,2.6721,3.457694E-05,40.0815,0
2.673,4.699779E-06,40.095,0,2.673,8.392462E-06,40.095,0
2.6739,3.256275E-05,40.1085,0,2.6739,8.728161E-06,40.1085,0
2.6748,3.457694E-05,40.122,0,2.6748,-7.721065E-06,40.122,0
2.6757,3.659113E-05,40.1355,0,2.6757,-5.706874E-06,40.1355,0
2.6766,6.881819E-05,40.149,0,2.6766,7.721065E-06,40.149,0
2.6775,8.69459E-05,40.1625,0,2.6775,-4.699779E-06,40.1625,0
2.6784,8.291753E-05,40.176,0,2.6784,-1.376364E-05,40.176,0
2.6793,4.39765E-05,40.1895,0,2.6793,2.484169E-05,40.1895,0
2.6802,5.069047E-05,40.203,0,2.6802,1.577783E-05,40.203,0
2.6811,5.874724E-05,40.2165,0,2.6811,-1.107805E-05,40.2165,0
2.682,-5.706874E-06,40.23,0,2.682,2.1149E-05,40.23,0
2.6829,-2.484169E-05,40.2435,0,2.6829,2.1149E-05,40.2435,0
2.6838,-2.450599E-05,40.257,0,2.6838,-5.035477E-06,40.257,0
2.6847,4.129091E-05,40.2705,0,2.6847,-1.409934E-05,40.2705,0
2.6856,2.853437E-05,40.284,0,2.6856,-3.692683E-06,40.284,0
2.6865,2.18204E-05,40.2975,0,2.6865,-1.376364E-05,40.2975,0
2.6874,2.887007E-05,40.311,0,2.6874,-2.584878E-05,40.311,0
2.6883,5.471885E-05,40.3245,0,2.6883,-4.196231E-05,40.3245,0
2.6892,4.36408E-06,40.338,0,2.6892,-2.618448E-05,40.338,0
2.6901,-1.107805E-05,40.3515,0,2.6901,-1.477073E-05,40.3515,0
2.691,4.129091E-05,40.365,0,2.691,-2.18204E-05,40.365,0
2.6919,4.43122E-05,40.3785,0,2.6919,-1.913481E-05,40.3785,0
2.6928,-5.807584E-05,40.392,0,2.6928,-4.36408E-06,40.392,0
2.6937,-3.726253E-05,40.4055,0,2.6937,-5.706874E-06,40.4055,0
2.6946,7.049668E-06,40.419,0,2.6946,-1.846342E-05,40.419,0
2.6955,-0.0001003738,40.4325,0,2.6955,7.721065E-06,40.4325,0
2.6964,-0.0001332723,40.446,0,2.6964,2.081331E-05,40.446,0
2.6973,-7.486076E-05,40.4595,0,2.6973,3.692683E-06,40.4595,0
2.6982,-7.687495E-05,40.473,0,2.6982,1.174945E-05,40.473,0
2.6991,-0.0001077592,40.4865,0,2.6991,2.517739E-05,40.4865,0
2.7,-7.553216E-05,40.5,0,2.7,7.049668E-06,40.5,0
2.7009,-9.768826E-05,40.5135,0,2.7009,1.846342E-05,40.5135,0
2.7018,-5.539025E-05,40.527,0,2.7018,1.477073E-05,40.527,0
2.7027,-3.289845E-05,40.5405,0,2.7027,2.819867E-05,40.5405,0
2.7036,2.1149E-05,40.554,0,2.7036,4.53193E-05,40.554,0
2.7045,1.107805E-05,40.5675,0,2.7045,1.644922E-05,40.5675,0
2.7054,3.860533E-05,40.581,0,2.7054,1.007095E-06,40.581,0
2.7063,-4.699779E-06,40.5945,0,2.7063,2.18204E-05,40.5945,0
2.7072,-1.678492E-06,40.608,0,2.7072,-3.692683E-06,40.608,0
2.7081,6.64683E-05,40.6215,0,2.7081,-3.189136E-05,40.6215,0
2.709,7.721065E-06,40.635,0,2.709,-1.107805E-05,40.635,0
2.7099,-5.069047E-05,40.6485,0,2.7099,0,40.6485,0
2.7108,-4.699779E-06,40.662,0,2.7108,-2.551309E-05,40.662,0
2.7117,5.941863E-05,40.6755,0,2.7117,-2.24918E-05,40.6755,0
2.7126,-2.954147E-05,40.689,0,2.7126,1.107805E-05,40.689,0
2.7135,-1.376364E-05,40.7025,0,2.7135,5.035477E-06,40.7025,0
2.7144,9.735256E-06,40.716,0,2.7144,-8.392462E-06,40.716,0
2.7153,-5.371176E-06,40.7295,0,2.7153,-3.860533E-05,40.7295,0
2.7162,-7.586786E-05,40.743,0,2.7162,-2.18204E-05,40.743,0
2.7171,-0.0001151446,40.7565,0,2.7171,-6.713969E-06,40.7565,0
2.718,-5.740444E-05,40.77,0,2.718,-3.155566E-05,40.77,0
2.7189,-4.599069E-05,40.7835,0,2.7189,-3.860533E-05,40.7835,0
2.7198,-7.553216E-05,40.797,0,2.7198,-9.735256E-06,40.797,0
2.7207,-1.980621E-05,40.8105,0,2.7207,-3.021286E-05,40.8105,0
2.7216,2.517739E-05,40.824,0,2.7216,-4.733349E-05,40.824,0
2.7225,-5.035477E-06,40.8375,0,2.7225,-9.735256E-06,40.8375,0
2.7234,5.572595E-05,40.851,0,2.7234,-2.081331E-05,40.851,0
2.7243,9.433127E-05,40.8645,0,2.7243,-5.035477E-05,40.8645,0
2.7252,4.36408E-05,40.878,0,2.7252,-3.189136E-05,40.878,0
2.7261,3.424125E-05,40.8915,0,2.7261,-2.18204E-05,40.8915,0
2.727,5.001907E-05,40.905,0,2.727,-4.565499E-05,40.905,0
2.7279,7.049668E-06,40.9185,0,2.7279,-4.229801E-05,40.9185,0
2.7288,5.438316E-05,40.932,0,2.7288,-6.915389E-05,40.932,0
2.7297,5.606165E-05,40.9455,0,2.7297,-6.51255E-05,40.9455,0
2.7306,1.242084E-05,40.959,0,2.7306,-6.210422E-05,40.959,0
2.7315,6.411841E-05,40.9725,0,2.7315,-7.284657E-05,40.9725,0
2.7324,5.975433E-05,40.986,0,2.7324,-8.392462E-05,40.986,0
2.7333,-8.392462E-06,40.9995,0,2.7333,-6.143282E-05,40.9995,0
2.7342,1.174945E-05,41.013,0,2.7342,-6.814679E-05,41.013,0
2.7351,2.652018E-05,41.0265,0,2.7351,-9.030289E-05,41.0265,0
2.736,-6.78111E-05,41.04,0,2.736,-6.143282E-05,41.04,0
2.7369,-5.706874E-05,41.0535,0,2.7369,-3.927672E-05,41.0535,0
2.7378,-2.719158E-05,41.067,0,2.7378,-5.404745E-05,41.067,0
2.7387,-8.459602E-05,41.0805,0,2.7387,-4.53193E-05,41.0805,0
2.7396,-0.0001258869,41.094,0,2.7396,-7.721065E-06,41.094,0
2.7405,-8.627451E-05,41.1075,0,2.7405,3.021286E-06,41.1075,0
2.7414,-8.661021E-05,41.121,0,2.7414,2.014191E-06,41.121,0
2.7423,-4.43122E-05,41.1345,0,2.7423,-1.007095E-06,41.1345,0
2.7432,-2.819867E-05,41.148,0,2.7432,2.047761E-05,41.148,0
2.7441,-8.258183E-05,41.1615,0,2.7441,2.987716E-05,41.1615,0
2.745,-8.795301E-05,41.175,0,2.745,-1.678492E-06,41.175,0
2.7459,-4.901198E-05,41.1885,0,2.7459,-1.644922E-05,41.1885,0
2.7468,-6.982528E-05,41.202,0,2.7468,2.014191E-06,41.202,0
2.7477,-9.567407E-05,41.2155,0,2.7477,-1.510643E-05,41.2155,0
2.7486,-3.927672E-05,41.229,0,2.7486,-4.666209E-05,41.229,0
2.7495,-1.376364E-05,41.2425,0,2.7495,-2.987716E-05,41.2425,0
2.7504,2.920577E-05,41.256,0,2.7504,-4.733349E-05,41.256,0
2.7513,5.236896E-05,41.2695,0,2.7513,-4.733349E-05,41.2695,0
2.7522,1.376364E-05,41.283,0,2.7522,-1.376364E-05,41.283,0
2.7531,-2.987716E-05,41.2965,0,2.7531,-1.913481E-05,41.2965,0
2.754,-4.867628E-05,41.31,0,2.754,-2.618448E-05,41.31,0
2.7549,-3.692683E-05,41.3235,0,2.7549,-3.793393E-05,41.3235,0
2.7558,1.712062E-05,41.337,0,2.7558,-4.800488E-05,41.337,0
2.7567,-1.242084E-05,41.3505,0,2.7567,-5.304036E-05,41.3505,0
2.7576,-3.457694E-05,41.364,0,2.7576,-3.793393E-05,41.364,0
2.7585,-3.054856E-05,41.3775,0,2.7585,-5.203327E-05,41.3775,0
2.7594,6.378271E-06,41.391,0,2.7594,-7.486076E-05,41.391,0
2.7603,-3.726253E-05,41.4045,0,2.7603,-4.33051E-05,41.4045,0
2.7612,2.1149E-05,41.418,0,2.7612,-5.941863E-05,41.418,0
2.7621,7.788205E-05,41.4315,0,2.7621,-0.0001013809,41.4315,0
2.763,5.035477E-06,41.445,0,2.763,-8.157473E-05,41.445,0
2.7639,5.841154E-05,41.4585,0,2.7639,-8.157473E-05,41.4585,0
2.7648,7.452507E-05,41.472,0,2.7648,-9.332418E-05,41.472,0
2.7657,2.081331E-05,41.4855,0,2.7657,-4.49836E-05,41.4855,0
2.7666,9.735256E-06,41.499,0,2.7666,-6.713969E-07,41.499,0
2.7675,2.719158E-05,41.5125,0,2.7675,1.409934E-05,41.5125,0
2.7684,1.913481E-05,41.526,0,2.7684,1.980621E-05,41.526,0
2.7693,7.251087E-05,41.5395,0,2.7693,1.812772E-05,41.5395,0
2.7702,2.081331E-05,41.553,0,2.7702,4.263371E-05,41.553,0
2.7711,-3.894102E-05,41.5665,0,2.7711,6.109713E-05,41.5665,0
2.772,-4.599069E-05,41.58,0,2.772,3.826963E-05,41.58,0
2.7729,-2.987716E-05,41.5935,0,2.7729,4.129091E-05,41.5935,0
2.7738,-6.311131E-05,41.607,0,2.7738,6.948959E-05,41.607,0
2.7747,-5.941863E-05,41.6205,0,2.7747,5.975433E-05,41.6205,0
2.7756,-1.007095E-05,41.634,0,2.7756,5.169757E-05,41.634,0
2.7765,-8.090334E-05,41.6475,0,2.7765,8.426032E-05,41.6475,0
2.7774,-4.36408E-05,41.661,0,2.7774,8.761731E-05,41.661,0
2.7783,1.309224E-05,41.6745,0,2.7783,5.270466E-05,41.6745,0
2.7792,-5.874724E-05,41.688,0,2.7792,7.217517E-05,41.688,0
2.7801,-8.526741E-05,41.7015,0,2.7801,9.634547E-05,41.7015,0
2.781,-6.042573E-06,41.715,0,2.781,8.89601E-05,41.715,0
2.7819,3.356985E-06,41.7285,0,2.7819,9.231708E-05,41.7285,0
2.7828,1.242084E-05,41.742,0,2.7828,6.814679E-05,41.742,0
2.7837,3.625543E-05,41.7555,0,2.7837,6.915389E-05,41.7555,0
2.7846,4.061952E-05,41.769,0,2.7846,6.411841E-05,41.769,0
2.7855,-6.713969E-07,41.7825,0,2.7855,1.242084E-05,41.7825,0
2.7864,4.733349E-05,41.796,0,2.7864,-1.644922E-05,41.796,0
2.7873,4.263371E-05,41.8095,0,2.7873,0,41.8095,0
2.7882,2.954147E-05,41.823,0,2.7882,-3.591974E-05,41.823,0
2.7891,6.74754E-05,41.8365,0,2.7891,-8.426032E-05,41.8365,0
2.79,8.392462E-06,41.85,0,2.79,-5.203327E-05,41.85,0
2.7909,9.164568E-05,41.8635,0,2.7909,-4.632639E-05,41.8635,0
2.7918,7.653925E-05,41.877,0,2.7918,-9.063859E-05,41.877,0
2.7927,-2.417029E-05,41.8905,0,2.7927,-0.0001067521,41.8905,0
2.7936,-5.404745E-05,41.904,0,2.7936,-8.593881E-05,41.904,0
2.7945,-2.652018E-05,41.9175,0,2.7945,-0.0001033951,41.9175,0
2.7954,-1.745632E-05,41.931,0,2.7954,-0.0001279011,41.931,0
2.7963,2.987716E-05,41.9445,0,2.7963,-0.0001507286,41.9445,0
2.7972,-1.007095E-06,41.958,0,2.7972,-0.000130251,41.958,0
2.7981,1.007095E-06,41.9715,0,2.7981,-0.000115816,41.9715,0
2.799,2.450599E-05,41.985,0,2.799,-0.0001255512,41.985,0
2.7999,1.678492E-06,41.9985,0,2.7999,-0.0001201801,41.9985,0
2.8008,-6.243992E-05,42.012,0,2.8008,-7.318227E-05,42.012,0
2.8017,-2.18204E-05,42.0255,0,2.8017,-5.639734E-05,42.0255,0
2.8026,1.678492E-06,42.039,0,2.8026,-7.049668E-05,42.039,0
2.8035,-4.599069E-05,42.0525,0,2.8035,-2.987716E-05,42.0525,0
2.8044,-4.33051E-05,42.066,0,2.8044,-1.443504E-05,42.066,0
2.8053,-5.606165E-05,42.0795,0,2.8053,-3.659113E-05,42.0795,0
2.8062,-5.136187E-05,42.093,0,2.8062,-2.21561E-05,42.093,0
2.8071,-7.150377E-05,42.1065,0,2.8071,-2.685588E-06,42.1065,0
2.808,-2.551309E-05,42.12,0,2.808,-6.378271E-06,42.12,0
2.8089,-1.644922E-05,42.1335,0,2.8089,-1.712062E-05,42.1335,0
2.8098,3.356985E-06,42.147,0,2.8098,-4.53193E-05,42.147,0
2.8107,-6.378271E-06,42.1605,0,2.8107,-2.887007E-05,42.1605,0
2.8116,-6.042573E-05,42.174,0,2.8116,-5.706874E-06,42.174,0
2.8125,-2.987716E-05,42.1875,0,2.8125,-2.618448E-05,42.1875,0
2.8134,1.577783E-05,42.201,0,2.8134,-4.061952E-05,42.201,0
2.8143,-7.150377E-05,42.2145,0,2.8143,-1.510643E-05,42.2145,0
2.8152,-5.438316E-05,42.228,0,2.8152,-2.652018E-05,42.228,0
2.8161,2.920577E-05,42.2415,0,2.8161,-6.009003E-05,42.2415,0
2.817,-5.572595E-05,42.255,0,2.817,-1.947051E-05,42.255,0
2.8179,-5.069047E-05,42.2685,0,2.8179,-6.713969E-06,42.2685,0
2.8188,-3.356985E-07,42.282,0,2.8188,-5.035477E-06,42.282,0
2.8197,-9.735256E-06,42.2955,0,2.8197,1.443504E-05,42.2955,0
2.8206,-5.941863E-05,42.309,0,2.8206,2.887007E-05,42.309,0
2.8215,-1.174945E-05,42.3225,0,2.8215,6.713969E-06,42.3225,0
2.8224,2.618448E-05,42.336,0,2.8224,-8.056763E-06,42.336,0
2.8233,5.035477E-06,42.3495,0,2.8233,-1.712062E-05,42.3495,0
2.8242,-2.349889E-05,42.363,0,2.8242,-1.980621E-05,42.363,0
2.8251,-5.304036E-05,42.3765,0,2.8251,-2.584878E-05,42.3765,0
2.826,-4.061952E-05,42.39,0,2.826,-5.371176E-05,42.39,0
2.8269,-3.289845E-05,42.4035,0,2.8269,-7.284657E-05,42.4035,0
2.8278,-6.915389E-05,42.417,0,2.8278,-4.733349E-05,42.417,0
2.8287,-3.558404E-05,42.4305,0,2.8287,-6.311131E-05,42.4305,0
2.8296,2.450599E-05,42.444,0,2.8296,-7.284657E-05,42.444,0
2.8305,1.141375E-05,42.4575,0,2.8305,-2.853437E-05,42.4575,0
2.8314,4.129091E-05,42.471,0,2.8314,-1.040665E-05,42.471,0
2.8323,7.486076E-05,42.4845,0,2.8323,-2.887007E-05,42.4845,0
2.8332,0.0001000381,42.498,0,2.8332,-1.040665E-05,42.498,0
2.8341,6.915389E-05,42.5115,0,2.8341,2.450599E-05,42.5115,0
2.835,4.934768E-05,42.525,0,2.835,2.652018E-05,42.525,0
2.8359,3.457694E-05,42.5385,0,2.8359,2.316319E-05,42.5385,0
2.8368,7.284657E-05,42.552,0,2.8368,1.174945E-05,42.552,0
2.8377,1.309224E-05,42.5655,0,2.8377,3.289845E-05,42.5655,0
2.8386,-9.164568E-05,42.579,0,2.8386,3.088426E-05,42.579,0
2.8395,-3.524834E-05,42.5925,0,2.8395,2.047761E-05,42.5925,0
2.8404,-3.356985E-07,42.606,0,2.8404,1.980621E-05,42.606,0
2.8413,-3.994812E-05,42.6195,0,2.8413,5.874724E-05,42.6195,0
2.8422,1.577783E-05,42.633,0,2.8422,5.941863E-05,42.633,0
2.8431,4.095522E-05,42.6465,0,2.8431,3.457694E-05,42.6465,0
2.844,-1.577783E-05,42.66,0,2.844,6.411841E-05,42.66,0
2.8449,2.853437E-05,42.6735,0,2.8449,6.143282E-05,42.6735,0
2.8458,6.915389E-05,42.687,0,2.8458,2.18204E-05,42.687,0
2.8467,8.69459E-05,42.7005,0,2.8467,1.947051E-05,42.7005,0
2.8476,-1.141375E-05,42.714,0,2.8476,4.028382E-05,42.714,0
2.8485,7.721065E-06,42.7275,0,2.8485,2.047761E-05,42.7275,0
2.8494,5.035477E-06,42.741,0,2.8494,2.517739E-05,42.741,0
2.8503,3.155566E-05,42.7545,0,2.8503,1.644922E-05,42.7545,0
2.8512,1.980621E-05,42.768,0,2.8512,5.438316E-05,42.768,0
2.8521,-8.493171E-05,42.7815,0,2.8521,6.54612E-05,42.7815,0
2.853,-6.109713E-05,42.795,0,2.853,3.390555E-05,42.795,0
2.8539,-2.28275E-05,42.8085,0,2.8539,1.779202E-05,42.8085,0
2.8548,-8.459602E-05,42.822,0,2.8548,4.53193E-05,42.822,0
2.8557,-9.567407E-05,42.8355,0,2.8557,1.846342E-05,42.8355,0
2.8566,-4.263371E-05,42.849,0,2.8566,-2.1149E-05,42.849,0
2.8575,-6.814679E-05,42.8625,0,2.8575,1.107805E-05,42.8625,0
2.8584,-9.063859E-05,42.876,0,2.8584,2.014191E-06,42.876,0
2.8593,-2.417029E-05,42.8895,0,2.8593,-3.793393E-05,42.8895,0
2.8602,3.994812E-05,42.903,0,2.8602,-4.565499E-05,42.903,0
2.8611,-6.74754E-05,42.9165,0,2.8611,-2.987716E-05,42.9165,0
2.862,-5.539025E-05,42.93,0,2.862,-3.793393E-05,42.93,0
2.8629,-6.713969E-07,42.9435,0,2.8629,-4.061952E-05,42.9435,0
2.8638,-6.713969E-07,42.957,0,2.8638,-5.337606E-05,42.957,0
2.8647,-5.740444E-05,42.9705,0,2.8647,-4.095522E-05,42.9705,0
2.8656,-4.733349E-05,42.984,0,2.8656,-2.786297E-05,42.984,0
2.8665,-8.392462E-06,42.9975,0,2.8665,-3.524834E-05,42.9975,0
2.8674,1.577783E-05,43.011,0,2.8674,-4.733349E-05,43.011,0
2.8683,-1.779202E-05,43.0245,0,2.8683,-2.18204E-05,43.0245,0
2.8692,4.867628E-05,43.038,0,2.8692,-3.692683E-05,43.038,0
2.8701,6.109713E-05,43.0515,0,2.8701,-5.606165E-05,43.0515,0
2.871,1.007095E-06,43.065,0,2.871,-2.719158E-05,43.065,0
2.8719,4.699779E-06,43.0785,0,2.8719,-2.047761E-05,43.0785,0
2.8728,1.040665E-05,43.092,0,2.8728,-6.277562E-05,43.092,0
2.8737,-7.888914E-05,43.1055,0,2.8737,-6.74754E-05,43.1055,0
2.8746,-7.150377E-05,43.119,0,2.8746,-6.009003E-05,43.119,0
2.8755,-4.36408E-05,43.1325,0,2.8755,-5.404745E-05,43.1325,0
2.8764,-3.088426E-05,43.146,0,2.8764,-5.572595E-05,43.146,0
2.8773,3.793393E-05,43.1595,0,2.8773,-7.855344E-05,43.1595,0
2.8782,-9.063859E-06,43.173,0,2.8782,-7.083238E-05,43.173,0
2.8791,-4.46479E-05,43.1865,0,2.8791,-8.157473E-05,43.1865,0
2.88,-3.591974E-05,43.2,0,2.88,-9.802396E-05,43.2,0
2.8809,6.378271E-06,43.2135,0,2.8809,-0.0001007095,43.2135,0
2.8818,-3.591974E-05,43.227,0,2.8818,-6.78111E-05,43.227,0
2.8827,-2.450599E-05,43.2405,0,2.8827,-7.553216E-05,43.2405,0
2.8836,3.424125E-05,43.254,0,2.8836,-8.291753E-05,43.254,0
2.8845,-1.913481E-05,43.2675,0,2.8845,-7.486076E-05,43.2675,0
2.8854,4.53193E-05,43.281,0,2.8854,-7.486076E-05,43.281,0
2.8863,0.0001010452,43.2945,0,2.8863,-8.89601E-05,43.2945,0
2.8872,1.779202E-05,43.308,0,2.8872,-5.539025E-05,43.308,0
2.8881,-1.007095E-06,43.3215,0,2.8881,-3.256275E-05,43.3215,0
2.889,6.009003E-05,43.335,0,2.889,-4.196231E-05,43.335,0
2.8899,2.1149E-05,43.3485,0,2.8899,-3.189136E-05,43.3485,0
2.8908,4.36408E-05,43.362,0,2.8908,-4.43122E-05,43.362,0
2.8917,4.766919E-05,43.3755,0,2.8917,-3.323415E-05,43.3755,0
2.8926,2.316319E-05,43.389,0,2.8926,-1.174945E-05,43.389,0
2.8935,1.678492E-06,43.4025,0,2.8935,-3.524834E-05,43.4025,0
2.8944,4.196231E-05,43.416,0,2.8944,-4.834058E-05,43.416,0
2.8953,2.853437E-05,43.4295,0,2.8953,-3.356985E-07,43.4295,0
2.8962,9.735256E-06,43.443,0,2.8962,-2.349889E-06,43.443,0
2.8971,6.378271E-05,43.4565,0,2.8971,-2.853437E-05,43.4565,0
2.898,3.726253E-05,43.47,0,2.898,1.309224E-05,43.47,0
2.8989,2.853437E-05,43.4835,0,2.8989,1.409934E-05,43.4835,0
2.8998,1.745632E-05,43.497,0,2.8998,-9.735256E-06,43.497,0
2.9007,1.376364E-05,43.5105,0,2.9007,6.378271E-06,43.5105,0
2.9016,-1.879912E-05,43.524,0,2.9016,2.853437E-05,43.524,0
2.9025,-9.735256E-06,43.5375,0,2.9025,2.652018E-05,43.5375,0
2.9034,-5.706874E-06,43.551,0,2.9034,2.1149E-05,43.551,0
2.9043,3.726253E-05,43.5645,0,2.9043,1.712062E-05,43.5645,0
2.9052,-1.577783E-05,43.578,0,2.9052,4.666209E-05,43.578,0
2.9061,1.712062E-05,43.5915,0,2.9061,4.36408E-05,43.5915,0
2.907,5.539025E-05,43.605,0,2.907,3.323415E-05,43.605,0
2.9079,4.095522E-05,43.6185,0,2.9079,2.1149E-05,43.6185,0
2.9088,-2.752728E-05,43.632,0,2.9088,4.53193E-05,43.632,0
2.9097,-4.129091E-05,43.6455,0,2.9097,1.947051E-05,43.6455,0
2.9106,-3.256275E-05,43.659,0,2.9106,-2.652018E-05,43.659,0
2.9115,-8.661021E-05,43.6725,0,2.9115,7.721065E-06,43.6725,0
2.9124,-7.150377E-05,43.686,0,2.9124,7.721065E-06,43.686,0
2.9133,-6.54612E-05,43.6995,0,2.9133,-1.779202E-05,43.6995,0
2.9142,-8.795301E-05,43.713,0,2.9142,-9.399558E-06,43.713,0
2.9151,-0.0001037308,43.7265,0,2.9151,7.049668E-06,43.7265,0
2.916,-5.941863E-05,43.74,0,2.916,-9.063859E-06,43.74,0
2.9169,-6.814679E-05,43.7535,0,2.9169,-3.289845E-05,43.7535,0
2.9178,-4.733349E-05,43.767,0,2.9178,-5.975433E-05,43.767,0
2.9187,-5.807584E-05,43.7805,0,2.9187,-6.076142E-05,43.7805,0
2.9196,-0.0001332723,43.794,0,2.9196,-4.162661E-05,43.794,0
2.9205,-7.956054E-05,43.8075,0,2.9205,-4.46479E-05,43.8075,0
2.9214,-1.678492E-06,43.821,0,2.9214,-3.256275E-05,43.821,0
2.9223,-7.888914E-05,43.8345,0,2.9223,7.385367E-06,43.8345,0
2.9232,-2.853437E-05,43.848,0,2.9232,0,43.848,0
2.9241,7.116808E-05,43.8615,0,2.9241,-3.860533E-05,43.8615,0
2.925,-4.196231E-05,43.875,0,2.925,-2.014191E-06,43.875,0
2.9259,-1.007095E-06,43.8885,0,2.9259,-7.049668E-06,43.8885,0
2.9268,7.956054E-05,43.902,0,2.9268,-4.800488E-05,43.902,0
2.9277,6.78111E-05,43.9155,0,2.9277,-3.390555E-05,43.9155,0
2.9286,-2.24918E-05,43.929,0,2.9286,-1.644922E-05,43.929,0
2.9295,3.591974E-05,43.9425,0,2.9295,-2.450599E-05,43.9425,0
2.9304,6.411841E-05,43.956,0,2.9304,-3.189136E-05,43.956,0
2.9313,5.069047E-05,43.9695,0,2.9313,-4.263371E-05,43.9695,0
2.9322,2.987716E-05,43.983,0,2.9322,-3.457694E-05,43.983,0
2.9331,3.424125E-05,43.9965,0,2.9331,-1.644922E-05,43.9965,0
2.934,2.316319E-05,44.01,0,2.934,-2.584878E-05,44.01,0
2.9349,2.652018E-05,44.0235,0,2.9349,-2.752728E-05,44.0235,0
2.9358,-1.947051E-05,44.037,0,2.9358,-3.356985E-07,44.037,0
2.9367,-2.047761E-05,44.0505,0,2.9367,-1.510643E-05,44.0505,0
2.9376,3.155566E-05,44.064,0,2.9376,-3.491264E-05,44.064,0
2.9385,-3.088426E-05,44.0775,0,2.9385,5.371176E-06,44.0775,0
2.9394,-5.001907E-05,44.091,0,2.9394,-1.947051E-05,44.091,0
2.9403,-5.807584E-05,44.1045,0,2.9403,-5.304036E-05,44.1045,0
2.9412,-3.793393E-05,44.118,0,2.9412,-3.927672E-05,44.118,0
2.9421,-6.848249E-05,44.1315,0,2.9421,-3.390555E-05,44.1315,0
2.943,-2.484169E-05,44.145,0,2.943,-6.009003E-05,44.145,0
2.9439,3.591974E-05,44.1585,0,2.9439,-9.600977E-05,44.1585,0
2.9448,2.719158E-05,44.172,0,2.9448,-0.0001255512,44.172,0
2.9457,3.021286E-06,44.1855,0,2.9457,-9.936675E-05,44.1855,0
2.9466,5.572595E-05,44.199,0,2.9466,-6.478981E-05,44.199,0
2.9475,7.284657E-05,44.2125,0,2.9475,-5.371176E-05,44.2125,0
2.9484,5.740444E-05,44.226,0,2.9484,-6.344701E-05,44.226,0
2.9493,3.491264E-05,44.2395,0,2.9493,-2.450599E-05,44.2395,0
2.9502,6.411841E-05,44.253,0,2.9502,-2.24918E-05,44.253,0
2.9511,0.0001221943,44.2665,0,2.9511,-5.404745E-05,44.2665,0
2.952,7.385367E-06,44.28,0,2.952,-2.18204E-05,44.28,0
2.9529,-2.920577E-05,44.2935,0,2.9529,-1.644922E-05,44.2935,0
2.9538,6.378271E-06,44.307,0,2.9538,-3.457694E-05,44.307,0
2.9547,3.356985E-05,44.3205,0,2.9547,-1.611353E-05,44.3205,0
2.9556,-1.477073E-05,44.334,0,2.9556,2.685588E-05,44.334,0
2.9565,1.342794E-05,44.3475,0,2.9565,-3.692683E-06,44.3475,0
2.9574,-6.378271E-06,44.361,0,2.9574,3.692683E-06,44.361,0
2.9583,2.1149E-05,44.3745,0,2.9583,-6.378271E-06,44.3745,0
2.9592,2.349889E-06,44.388,0,2.9592,2.383459E-05,44.388,0
2.9601,-6.176852E-05,44.4015,0,2.9601,3.524834E-05,44.4015,0
2.961,-1.376364E-05,44.415,0,2.961,-6.713969E-07,44.415,0
2.9619,3.524834E-05,44.4285,0,2.9619,5.706874E-06,44.4285,0
2.9628,-6.713969E-06,44.442,0,2.9628,3.390555E-05,44.442,0
2.9637,2.014191E-06,44.4555,0,2.9637,1.040665E-05,44.4555,0
2.9646,5.874724E-05,44.469,0,2.9646,3.692683E-06,44.469,0
2.9655,3.692683E-06,44.4825,0,2.9655,3.726253E-05,44.4825,0
2.9664,-4.766919E-05,44.496,0,2.9664,3.189136E-05,44.496,0
2.9673,3.692683E-06,44.5095,0,2.9673,1.879912E-05,44.5095,0
2.9682,7.418937E-05,44.523,0,2.9682,2.786297E-05,44.523,0
2.9691,-3.659113E-05,44.5365,0,2.9691,2.652018E-05,44.5365,0
2.97,-1.712062E-05,44.55,0,2.97,8.392462E-06,44.55,0
2.9709,3.256275E-05,44.5635,0,2.9709,-1.275654E-05,44.5635,0
2.9718,3.189136E-05,44.577,0,2.9718,-2.517739E-05,44.577,0
2.9727,3.021286E-06,44.5905,0,2.9727,-2.551309E-05,44.5905,0
2.9736,-5.270466E-05,44.604,0,2.9736,-7.721065E-06,44.604,0
2.9745,-2.786297E-05,44.6175,0,2.9745,-2.21561E-05,44.6175,0
2.9754,3.021286E-06,44.631,0,2.9754,-4.800488E-05,44.631,0
2.9763,-4.800488E-05,44.6445,0,2.9763,-2.24918E-05,44.6445,0
2.9772,1.577783E-05,44.658,0,2.9772,-4.061952E-05,44.658,0
2.9781,2.450599E-05,44.6715,0,2.9781,-6.210422E-05,44.6715,0
2.979,-2.450599E-05,44.685,0,2.979,-2.786297E-05,44.685,0
2.9799,2.786297E-05,44.6985,0,2.9799,-2.987716E-05,44.6985,0
2.9808,7.721065E-06,44.712,0,2.9808,-3.994812E-05,44.712,0
2.9817,-3.054856E-05,44.7255,0,2.9817,-2.652018E-05,44.7255,0
2.9826,-5.169757E-05,44.739,0,2.9826,-2.18204E-05,44.739,0
2.9835,-3.390555E-05,44.7525,0,2.9835,-2.551309E-05,44.7525,0
2.9844,-3.054856E-05,44.766,0,2.9844,-3.793393E-05,44.766,0
2.9853,1.846342E-05,44.7795,0,2.9853,-3.524834E-05,44.7795,0
2.9862,-7.721065E-06,44.793,0,2.9862,-6.378271E-06,44.793,0
2.9871,1.443504E-05,44.8065,0,2.9871,1.644922E-05,44.8065,0
2.988,2.1149E-05,44.82,0,2.988,6.713969E-07,44.82,0
2.9889,4.095522E-05,44.8335,0,2.9889,-5.035477E-06,44.8335,0
2.9898,-2.618448E-05,44.847,0,2.9898,2.1149E-05,44.847,0
2.9907,-5.706874E-06,44.8605,0,2.9907,1.678492E-06,44.8605,0
2.9916,4.061952E-05,44.874,0,2.9916,-1.443504E-05,44.874,0
2.9925,-3.793393E-05,44.8875,0,2.9925,1.174945E-05,44.8875,0
2.9934,-5.102617E-05,44.901,0,2.9934,6.378271E-06,44.901,0
2.9943,1.007095E-06,44.9145,0,2.9943,-9.735256E-06,44.9145,0
2.9952,-2.484169E-05,44.928,0,2.9952,1.007095E-06,44.928,0
2.9961,-6.344701E-05,44.9415,0,2.9961,7.385367E-06,44.9415,0
2.997,2.014191E-06,44.955,0,2.997,-2.014191E-06,44.955,0
2.9979,-3.826963E-05,44.9685,0,2.9979,-7.721065E-06,44.9685,0
2.9988,-1.007095E-06,44.982,0,2.9988,-1.107805E-05,44.982,0
2.9997,-1.947051E-05,44.9955,0,2.9997,1.141375E-05,44.9955,0
3.0006,-3.994812E-05,45.009,0,3.0006,3.726253E-05,45.009,0
3.0015,-2.987716E-05,45.0225,0,3.0015,2.887007E-05,45.0225,0
3.0024,-1.409934E-05,45.036,0,3.0024,2.450599E-05,45.036,0
3.0033,-7.620356E-05,45.0495,0,3.0033,5.673304E-05,45.0495,0
3.0042,-0.0001148089,45.063,0,3.0042,4.095522E-05,45.063,0
3.0051,-6.478981E-05,45.0765,0,3.0051,1.174945E-05,45.0765,0
3.006,-0.0001131304,45.09,0,3.006,4.53193E-05,45.09,0
3.0069,-0.0001332723,45.1035,0,3.0069,5.975433E-05,45.1035,0
3.0078,-9.097429E-05,45.117,0,3.0078,2.18204E-05,45.117,0
3.0087,-0.0001510643,45.1305,0,3.0087,1.846342E-05,45.1305,0
3.0096,-0.0001644923,45.144,0,3.0096,2.584878E-05,45.144,0
3.0105,-0.0001255512,45.1575,0,3.0105,2.047761E-05,45.1575,0
3.0114,-9.970245E-05,45.171,0,3.0114,-9.735256E-06,45.171,0
3.0123,-4.162661E-05,45.1845,0,3.0123,-1.644922E-05,45.1845,0
3.0132,-6.210422E-05,45.198,0,3.0132,-3.692683E-06,45.198,0
3.0141,-1.812772E-05,45.2115,0,3.0141,-1.980621E-05,45.2115,0
3.015,3.054856E-05,45.225,0,3.015,-5.471885E-05,45.225,0
3.0159,1.577783E-05,45.2385,0,3.0159,-8.023193E-05,45.2385,0
3.0168,-1.007095E-06,45.252,0,3.0168,-5.136187E-05,45.252,0
3.0177,1.846342E-05,45.2655,0,3.0177,-7.754635E-05,45.2655,0
3.0186,7.385367E-05,45.279,0,3.0186,-0.0001080949,45.279,0
3.0195,1.644922E-05,45.2925,0,3.0195,-6.64683E-05,45.2925,0
3.0204,1.980621E-05,45.306,0,3.0204,-6.478981E-05,45.306,0
3.0213,3.524834E-05,45.3195,0,3.0213,-7.620356E-05,45.3195,0
3.0222,3.121996E-05,45.333,0,3.0222,-6.143282E-05,45.333,0
3.0231,1.342794E-06,45.3465,0,3.0231,-4.934768E-05,45.3465,0
3.024,5.136187E-05,45.36,0,3.024,-7.217517E-05,45.36,0
3.0249,5.572595E-05,45.3735,0,3.0249,-8.426032E-05,45.3735,0
3.0258,0.0001097734,45.387,0,3.0258,-0.0001067521,45.387,0
3.0267,9.231708E-05,45.4005,0,3.0267,-8.661021E-05,45.4005,0
3.0276,6.915389E-05,45.414,0,3.0276,-7.183947E-05,45.414,0
3.0285,0.0001070878,45.4275,0,3.0285,-8.056764E-05,45.4275,0
3.0294,0.0001238727,45.441,0,3.0294,-6.61326E-05,45.441,0
3.0303,6.478981E-05,45.4545,0,3.0303,-1.779202E-05,45.4545,0
3.0312,9.533837E-05,45.468,0,3.0312,-2.719158E-05,45.468,0
3.0321,0.0001634852,45.4815,0,3.0321,-5.807584E-05,45.4815,0
3.033,3.994812E-05,45.495,0,3.033,-1.309224E-05,45.495,0
3.0339,2.517739E-05,45.5085,0,3.0339,-1.007095E-06,45.5085,0
3.0348,5.337606E-05,45.522,0,3.0348,-3.222705E-05,45.522,0
3.0357,-2.383459E-05,45.5355,0,3.0357,-2.047761E-05,45.5355,0
3.0366,-7.083238E-05,45.549,0,3.0366,1.342794E-06,45.549,0
3.0375,-2.18204E-05,45.5625,0,3.0375,-9.735256E-06,45.5625,0
3.0384,-4.129091E-05,45.576,0,3.0384,-1.644922E-05,45.576,0
3.0393,-4.699779E-05,45.5895,0,3.0393,-5.371176E-06,45.5895,0
3.0402,-4.43122E-05,45.603,0,3.0402,2.316319E-05,45.603,0
3.0411,-6.378271E-05,45.6165,0,3.0411,2.853437E-05,45.6165,0
3.042,-5.203327E-05,45.63,0,3.042,1.712062E-05,45.63,0
3.0429,-3.356985E-06,45.6435,0,3.0429,3.390555E-05,45.6435,0
3.0438,-6.78111E-05,45.657,0,3.0438,7.016098E-05,45.657,0
3.0447,-6.57969E-05,45.6705,0,3.0447,4.800488E-05,45.6705,0
3.0456,-4.162661E-05,45.684,0,3.0456,-5.706874E-06,45.684,0
3.0465,-8.996719E-05,45.6975,0,3.0465,9.735256E-06,45.6975,0
3.0474,-4.33051E-05,45.711,0,3.0474,-2.1149E-05,45.711,0
3.0483,-2.081331E-05,45.7245,0,3.0483,-5.270466E-05,45.7245,0
3.0492,-2.349889E-05,45.738,0,3.0492,-3.524834E-05,45.738,0
3.0501,-3.189136E-05,45.7515,0,3.0501,-1.644922E-05,45.7515,0
3.051,-3.591974E-05,45.765,0,3.051,-3.256275E-05,45.765,0
3.0519,-2.18204E-05,45.7785,0,3.0519,-5.304036E-05,45.7785,0
3.0528,-5.706874E-06,45.792,0,3.0528,-6.61326E-05,45.792,0
3.0537,-1.779202E-05,45.8055,0,3.0537,-3.927672E-05,45.8055,0
3.0546,-2.081331E-05,45.819,0,3.0546,-2.517739E-05,45.819,0
3.0555,-1.812772E-05,45.8325,0,3.0555,-4.29694E-05,45.8325,0
3.0564,2.014191E-06,45.846,0,3.0564,-5.539025E-05,45.846,0
3.0573,1.443504E-05,45.8595,0,3.0573,-3.189136E-05,45.8595,0
3.0582,2.450599E-05,45.873,0,3.0582,-2.450599E-05,45.873,0
3.0591,8.224613E-05,45.8865,0,3.0591,-5.136187E-05,45.8865,0
3.06,-4.36408E-06,45.9,0,3.06,-3.054856E-05,45.9,0
3.0609,5.706874E-06,45.9135,0,3.0609,-3.491264E-05,45.9135,0
3.0618,6.176852E-05,45.927,0,3.0618,-6.51255E-05,45.927,0
3.0627,9.634547E-05,45.9405,0,3.0627,-6.6804E-05,45.9405,0
3.0636,5.069047E-05,45.954,0,3.0636,-3.692683E-05,45.954,0
3.0645,4.800488E-05,45.9675,0,3.0645,-5.404745E-05,45.9675,0
3.0654,3.726253E-05,45.981,0,3.0654,-4.33051E-05,45.981,0
3.0663,8.090334E-05,45.9945,0,3.0663,-5.941863E-05,45.9945,0
3.0672,4.800488E-05,46.008,0,3.0672,-3.726253E-05,46.008,0
3.0681,-6.478981E-05,46.0215,0,3.0681,-3.927672E-05,46.0215,0
3.069,-1.980621E-05,46.035,0,3.069,-6.478981E-05,46.035,0
3.0699,5.539025E-05,46.0485,0,3.0699,-6.78111E-05,46.0485,0
3.0708,-3.860533E-05,46.062,0,3.0708,-3.524834E-05,46.062,0
3.0717,-1.477073E-05,46.0755,0,3.0717,-4.196231E-05,46.0755,0
3.0726,7.888914E-05,46.089,0,3.0726,-7.620356E-05,46.089,0
3.0735,-2.517739E-05,46.1025,0,3.0735,-4.36408E-05,46.1025,0
3.0744,-6.713969E-06,46.116,0,3.0744,-4.095522E-05,46.116,0
3.0753,3.155566E-05,46.1295,0,3.0753,-5.069047E-05,46.1295,0
3.0762,1.242084E-05,46.143,0,3.0762,-5.136187E-05,46.143,0
3.0771,-3.323415E-05,46.1565,0,3.0771,-3.155566E-05,46.1565,0
3.078,0,46.17,0,3.078,0,46.17,0
3.0789,0,46.1835,0,3.0789,0,46.1835,0
3.0798,0,46.197,0,3.0798,0,46.197,0
3.0807,0,46.2105,0,3.0807,0,46.2105,0
3.0816,0,46.224,0,3.0816,0,46.224,0
3.0825,0,46.2375,0,3.0825,0,46.2375,0
3.0834,0,46.251,0,3.0834,0,46.251,0
3.0843,0,46.2645,0,3.0843,0,46.2645,0
3.0852,0,46.278,0,3.0852,0,46.278,0
3.0861,0,46.2915,0,3.0861,0,46.2915,0
3.087,0,46.305,0,3.087,0,46.305,0
3.0879,0,46.3185,0,3.0879,0,46.3185,0
3.0888,0,46.332,0,3.0888,0,46.332,0
3.0897,0,46.3455,0,3.0897,0,46.3455,0
3.0906,0,46.359,0,3.0906,0,46.359,0
3.0915,0,46.3725,0,3.0915,0,46.3725,0
3.0924,0,46.386,0,3.0924,0,46.386,0
3.0933,0,46.3995,0,3.0933,0,46.3995,0
3.0942,0,46.413,0,3.0942,0,46.413,0
3.0951,0,46.4265,0,3.0951,0,46.4265,0
3.096,0,46.44,0,3.096,0,46.44,0
3.0969,0,46.4535,0,3.0969,0,46.4535,0
3.0978,0,46.467,0,3.0978,0,46.467,0
3.0987,0,46.4805,0,3.0987,0,46.4805,0
3.0996,0,46.494,0,3.0996,0,46.494,0
3.1005,0,46.5075,0,3.1005,0,46.5075,0
3.1014,0,46.521,0,3.1014,0,46.521,0
3.1023,0,46.5345,0,3.1023,0,46.5345,0
3.1032,0,46.548,0,3.1032,0,46.548,0
3.1041,0,46.5615,0,3.1041,0,46.5615,0
3.105,0,46.575,0,3.105,0,46.575,0
3.1059,0,46.5885,0,3.1059,0,46.5885,0
3.1068,0,46.602,0,3.1068,0,46.602,0
3.1077,0,46.6155,0,3.1077,0,46.6155,0
3.1086,0,46.629,0,3.1086,0,46.629,0
3.1095,0,46.6425,0,3.1095,0,46.6425,0
3.1104,0,46.656,0,3.1104,0,46.656,0
3.1113,0,46.6695,0,3.1113,0,46.6695,0
3.1122,0,46.683,0,3.1122,0,46.683,0
3.1131,0,46.6965,0,3.1131,0,46.6965,0
3.114,0,46.71,0,3.114,0,46.71,0
3.1149,0,46.7235,0,3.1149,0,46.7235,0
3.1158,0,46.737,0,3.1158,0,46.737,0
3.1167,0,46.7505,0,3.1167,0,46.7505,0
3.1176,0,46.764,0,3.1176,0,46.764,0
3.1185,0,46.7775,0,3.1185,0,46.7775,0
3.1194,0,46.791,0,3.1194,0,46.791,0
3.1203,0,46.8045,0,3.1203,0,46.8045,0
3.1212,0,46.818,0,3.1212,0,46.818,0
3.1221,0,46.8315,0,3.1221,0,46.8315,0
3.123,0,46.845,0,3.123,0,46.845,0
3.1239,0,46.8585,0,3.1239,0,46.8585,0
3.1248,0,46.872,0,3.1248,0,46.872,0
3.1257,0,46.8855,0,3.1257,0,46.8855,0
3.1266,0,46.899,0,3.1266,0,46.899,0
3.1275,0,46.9125,0,3.1275,0,46.9125,0
3.1284,0,46.926,0,3.1284,0,46.926,0
3.1293,0,46.9395,0,3.1293,0,46.9395,0
3.1302,0,46.953,0,3.1302,0,46.953,0
3.1311,0,46.9665,0,3.1311,0,46.9665,0
3.132,0,46.98,0,3.132,0,46.98,0
3.1329,0,46.9935,0,3.1329,0,46.9935,0
3.1338,0,47.007,0,3.1338,0,47.007,0
3.1347,0,47.0205,0,3.1347,0,47.0205,0
3.1356,0,47.034,0,3.1356,0,47.034,0
3.1365,0,47.0475,0,3.1365,0,47.0475,0
3.1374,0,47.061,0,3.1374,0,47.061,0
3.1383,0,47.0745,0,3.1383,0,47.0745,0
3.1392,0,47.088,0,3.1392,0,47.088,0
3.1401,0,47.1015,0,3.1401,0,47.1015,0
3.141,0,47.115,0,3.141,0,47.115,0
3.1419,0,47.1285,0,3.1419,0,47.1285,0
3.1428,0,47.142,0,3.1428,0,47.142,0
3.1437,0,47.1555,0,3.1437,0,47.1555,0
3.1446,0,47.169,0,3.1446,0,47.169,0
3.1455,0,47.1825,0,3.1455,0,47.1825,0
3.1464,0,47.196,0,3.1464,0,47.196,0
3.1473,0,47.2095,0,3.1473,0,47.2095,0
3.1482,0,47.223,0,3.1482,0,47.223,0
3.1491,0,47.2365,0,3.1491,0,47.2365,0
3.15,0,47.25,0,3.15,0,47.25,0
3.1509,0,47.2635,0,3.1509,0,47.2635,0
3.1518,0,47.277,0,3.1518,0,47.277,0
3.1527,0,47.2905,0,3.1527,0,47.2905,0
3.1536,0,47.304,0,3.1536,0,47.304,0
3.1545,0,47.3175,0,3.1545,0,47.3175,0
3.1554,0,47.331,0,3.1554,0,47.331,0
3.1563,0,47.3445,0,3.1563,0,47.3445,0
3.1572,0,47.358,0,3.1572,0,47.358,0
3.1581,0,47.3715,0,3.1581,0,47.3715,0
3.159,0,47.385,0,3.159,0,47.385,0
3.1599,0,47.3985,0,3.1599,0,47.3985,0
3.1608,0,47.412,0,3.1608,0,47.412,0
3.1617,0,47.4255,0,3.1617,0,47.4255,0
3.1626,0,47.439,0,3.1626,0,47.439,0
3.1635,0,47.4525,0,3.1635,0,47.4525,0
3.1644,0,47.466,0,3.1644,0,47.466,0
3.1653,0,47.4795,0,3.1653,0,47.4795,0
3.1662,0,47.493,0,3.1662,0,47.493,0
3.1671,0,47.5065,0,3.1671,0,47.5065,0
3.168,0,47.52,0,3.168,0,47.52,0
3.1689,0,47.5335,0,3.1689,0,47.5335,0
3.1698,0,47.547,0,3.1698,0,47.547,0
3.1707,0,47.5605,0,3.1707,0,47.5605,0
3.1716,0,47.574,0,3.1716,0,47.574,0
3.1725,0,47.5875,0,3.1725,0,47.5875,0
3.1734,0,47.601,0,3.1734,0,47.601,0
3.1743,0,47.6145,0,3.1743,0,47.6145,0
3.1752,0,47.628,0,3.1752,0,47.628,0
3.1761,0,47.6415,0,3.1761,0,47.6415,0
3.177,0,47.655,0,3.177,0,47.655,0
3.1779,0,47.6685,0,3.1779,0,47.6685,0
3.1788,0,47.682,0,3.1788,0,47.682,0
3.1797,0,47.6955,0,3.1797,0,47.6955,0
3.1806,0,47.709,0,3.1806,0,47.709,0
3.1815,0,47.7225,0,3.1815,0,47.7225,0
3.1824,0,47.736,0,3.1824,0,47.736,0
3.1833,0,47.7495,0,3.1833,0,47.7495,0
3.1842,0,47.763,0,3.1842,0,47.763,0
3.1851,0,47.7765,0,3.1851,0,47.7765,0
3.186,0,47.79,0,3.186,0,47.79,0
3.1869,0,47.8035,0,3.1869,0,47.8035,0
3.1878,0,47.817,0,3.1878,0,47.817,0
3.1887,0,47.8305,0,3.1887,0,47.8305,0
3.1896,0,47.844,0,3.1896,0,47.844,0
3.1905,0,47.8575,0,3.1905,0,47.8575,0
3.1914,0,47.871,0,3.1914,0,47.871,0
3.1923,0,47.8845,0,3.1923,0,47.8845,0
3.1932,0,47.898,0,3.1932,0,47.898,0
3.1941,0,47.9115,0,3.1941,0,47.9115,0
3.195,0,47.925,0,3.195,0,47.925,0
3.1959,0,47.9385,0,3.1959,0,47.9385,0
3.1968,0,47.952,0,3.1968,0,47.952,0
3.1977,0,47.9655,0,3.1977,0,47.9655,0
3.1986,0,47.979,0,3.1986,0,47.979,0
3.1995,0,47.9925,0,3.1995,0,47.9925,0
3.2004,0,48.006,0,3.2004,0,48.006,0
3.2013,0,48.0195,0,3.2013,0,48.0195,0
3.2022,0,48.033,0,3.2022,0,48.033,0
3.2031,0,48.0465,0,3.2031,0,48.0465,0
3.204,0,48.06,0,3.204,0,48.06,0
3.2049,0,48.0735,0,3.2049,0,48.0735,0
3.2058,0,48.087,0,3.2058,0,48.087,0
3.2067,0,48.1005,0,3.2067,0,48.1005,0
3.2076,0,48.114,0,3.2076,0,48.114,0
3.2085,0,48.1275,0,3.2085,0,48.1275,0
3.2094,0,48.141,0,3.2094,0,48.141,0
3.2103,0,48.1545,0,3.2103,0,48.1545,0
3.2112,0,48.168,0,3.2112,0,48.168,0
3.2121,0,48.1815,0,3.2121,0,48.1815,0
3.213,0,48.195,0,3.213,0,48.195,0
3.2139,0,48.2085,0,3.2139,0,48.2085,0
3.2148,0,48.222,0,3.2148,0,48.222,0
3.2157,0,48.2355,0,3.2157,0,48.2355,0
3.2166,0,48.249,0,3.2166,0,48.249,0
3.2175,0,48.2625,0,3.2175,0,48.2625,0
3.2184,0,48.276,0,3.2184,0,48.276,0
3.2193,0,48.2895,0,3.2193,0,48.2895,0
3.2202,0,48.303,0,3.2202,0,48.303,0
3.2211,0,48.3165,0,3.2211,0,48.3165,0
3.222,0,48.33,0,3.222,0,48.33,0
3.2229,0,48.3435,0,3.2229,0,48.3435,0
3.2238,0,48.357,0,3.2238,0,48.357,0
3.2247,0,48.3705,0,3.2247,0,48.3705,0
3.2256,0,48.384,0,3.2256,0,48.384,0
3.2265,0,48.3975,0,3.2265,0,48.3975,0
3.2274,0,48.411,0,3.2274,0,48.411,0
3.2283,0,48.4245,0,3.2283,0,48.4245,0
3.2292,0,48.438,0,3.2292,0,48.438,0
3.2301,0,48.4515,0,3.2301,0,48.4515,0
3.231,0,48.465,0,3.231,0,48.465,0
3.2319,0,48.4785,0,3.2319,0,48.4785,0
3.2328,0,48.492,0,3.2328,0,48.492,0
3.2337,0,48.5055,0,3.2337,0,48.5055,0
3.2346,0,48.519,0,3.2346,0,48.519,0
3.2355,0,48.5325,0,3.2355,0,48.5325,0
3.2364,0,48.546,0,3.2364,0,48.546,0
3.2373,0,48.5595,0,3.2373,0,48.5595,0
3.2382,0,48.573,0,3.2382,0,48.573,0
3.2391,0,48.5865,0,3.2391,0,48.5865,0
3.24,0,48.6,0,3.24,0,48.6,0
3.2409,0,48.6135,0,3.2409,0,48.6135,0
3.2418,0,48.627,0,3.2418,0,48.627,0
3.2427,0,48.6405,0,3.2427,0,48.6405,0
3.2436,0,48.654,0,3.2436,0,48.654,0
3.2445,0,48.6675,0,3.2445,0,48.6675,0
3.2454,0,48.681,0,3.2454,0,48.681,0
3.2463,0,48.6945,0,3.2463,0,48.6945,0
3.2472,0,48.708,0,3.2472,0,48.708,0
3.2481,0,48.7215,0,3.2481,0,48.7215,0
3.249,0,48.735,0,3.249,0,48.735,0
3.2499,0,48.7485,0,3.2499,0,48.7485,0
3.2508,0,48.762,0,3.2508,0,48.762,0
3.2517,0,48.7755,0,3.2517,0,48.7755,0
3.2526,0,48.789,0,3.2526,0,48.789,0
3.2535,0,48.8025,0,3.2535,0,48.8025,0
3.2544,0,48.816,0,3.2544,0,48.816,0
3.2553,0,48.8295,0,3.2553,0,48.8295,0
3.2562,0,48.843,0,3.2562,0,48.843,0
3.2571,0,48.8565,0,3.2571,0,48.8565,0
3.258,0,48.87,0,3.258,0,48.87,0
3.2589,0,48.8835,0,3.2589,0,48.8835,0
3.2598,0,48.897,0,3.2598,0,48.897,0
3.2607,0,48.9105,0,3.2607,0,48.9105,0
3.2616,0,48.924,0,3.2616,0,48.924,0
3.2625,0,48.9375,0,3.2625,0,48.9375,0
3.2634,0,48.951,0,3.2634,0,48.951,0
3.2643,0,48.9645,0,3.2643,0,48.9645,0
3.2652,0,48.978,0,3.2652,0,48.978,0
3.2661,0,48.9915,0,3.2661,0,48.9915,0
3.267,0,49.005,0,3.267,0,49.005,0
3.2679,0,49.0185,0,3.2679,0,49.0185,0
3.2688,0,49.032,0,3.2688,0,49.032,0
3.2697,0,49.0455,0,3.2697,0,49.0455,0
3.2706,0,49.059,0,3.2706,0,49.059,0
3.2715,0,49.0725,0,3.2715,0,49.0725,0
3.2724,0,49.086,0,3.2724,0,49.086,0
3.2733,0,49.0995,0,3.2733,0,49.0995,0
3.2742,0,49.113,0,3.2742,0,49.113,0
3.2751,0,49.1265,0,3.2751,0,49.1265,0
3.276,0,49.14,0,3.276,0,49.14,0
3.2769,0,49.1535,0,3.2769,0,49.1535,0
3.2778,0,49.167,0,3.2778,0,49.167,0
3.2787,0,49.1805,0,3.2787,0,49.1805,0
3.2796,0,49.194,0,3.2796,0,49.194,0
3.2805,0,49.2075,0,3.2805,0,49.2075,0
3.2814,0,49.221,0,3.2814,0,49.221,0
3.2823,0,49.2345,0,3.2823,0,49.2345,0
3.2832,0,49.248,0,3.2832,0,49.248,0
3.2841,0,49.2615,0,3.2841,0,49.2615,0
3.285,0,49.275,0,3.285,0,49.275,0
3.2859,0,49.2885,0,3.2859,0,49.2885,0
3.2868,0,49.302,0,3.2868,0,49.302,0
3.2877,0,49.3155,0,3.2877,0,49.3155,0
3.2886,0,49.329,0,3.2886,0,49.329,0
3.2895,0,49.3425,0,3.2895,0,49.3425,0
3.2904,0,49.356,0,3.2904,0,49.356,0
3.2913,0,49.3695,0,3.2913,0,49.3695,0
3.2922,0,49.383,0,3.2922,0,49.383,0
3.2931,0,49.3965,0,3.2931,0,49.3965,0
3.294,0,49.41,0,3.294,0,49.41,0
3.2949,0,49.4235,0,3.2949,0,49.4235,0
3.2958,0,49.437,0,3.2958,0,49.437,0
3.2967,0,49.4505,0,3.2967,0,49.4505,0
3.2976,0,49.464,0,3.2976,0,49.464,0
3.2985,0,49.4775,0,3.2985,0,49.4775,0
3.2994,0,49.491,0,3.2994,0,49.491,0
3.3003,0,49.5045,0,3.3003,0,49.5045,0
3.3012,0,49.518,0,3.3012,0,49.518,0
3.3021,0,49.5315,0,3.3021,0,49.5315,0
3.303,0,49.545,0,3.303,0,49.545,0
3.3039,0,49.5585,0,3.3039,0,49.5585,0
3.3048,0,49.572,0,3.3048,0,49.572,0
3.3057,0,49.5855,0,3.3057,0,49.5855,0
3.3066,0,49.599,0,3.3066,0,49.599,0
3.3075,0,49.6125,0,3.3075,0,49.6125,0
3.3084,0,49.626,0,3.3084,0,49.626,0
3.3093,0,49.6395,0,3.3093,0,49.6395,0
3.3102,0,49.653,0,3.3102,0,49.653,0
3.3111,0,49.6665,0,3.3111,0,49.6665,0
3.312,0,49.68,0,3.312,0,49.68,0
3.3129,0,49.6935,0,3.3129,0,49.6935,0
3.3138,0,49.707,0,3.3138,0,49.707,0
3.3147,0,49.7205,0,3.3147,0,49.7205,0
3.3156,0,49.734,0,3.3156,0,49.734,0
3.3165,0,49.7475,0,3.3165,0,49.7475,0
3.3174,0,49.761,0,3.3174,0,49.761,0
3.3183,0,49.7745,0,3.3183,0,49.7745,0
3.3192,0,49.788,0,3.3192,0,49.788,0
3.3201,0,49.8015,0,3.3201,0,49.8015,0
3.321,0,49.815,0,3.321,0,49.815,0
3.3219,0,49.8285,0,3.3219,0,49.8285,0
3.3228,0,49.842,0,3.3228,0,49.842,0
3.3237,0,49.8555,0,3.3237,0,49.8555,0
3.3246,0,49.869,0,3.3246,0,49.869,0
3.3255,0,49.8825,0,3.3255,0,49.8825,0
3.3264,0,49.896,0,3.3264,0,49.896,0
3.3273,0,49.9095,0,3.3273,0,49.9095,0
3.3282,0,49.923,0,3.3282,0,49.923,0
3.3291,0,49.9365,0,3.3291,0,49.9365,0
3.33,0,49.95,0,3.33,0,49.95,0
3.3309,0,49.9635,0,3.3309,0,49.9635,0
3.3318,0,49.977,0,3.3318,0,49.977,0
3.3327,0,49.9905,0,3.3327,0,49.9905,0
3.3336,0,50.004,0,3.3336,0,50.004,0
3.3345,0,50.0175,0,3.3345,0,50.0175,0
3.3354,0,50.031,0,3.3354,0,50.031,0
3.3363,0,50.0445,0,3.3363,0,50.0445,0
3.3372,0,50.058,0,3.3372,0,50.058,0
3.3381,0,50.0715,0,3.3381,0,50.0715,0
3.339,0,50.085,0,3.339,0,50.085,0
3.3399,0,50.0985,0,3.3399,0,50.0985,0
3.3408,0,50.112,0,3.3408,0,50.112,0
3.3417,0,50.1255,0,3.3417,0,50.1255,0
3.3426,0,50.139,0,3.3426,0,50.139,0
3.3435,0,50.1525,0,3.3435,0,50.1525,0
3.3444,0,50.166,0,3.3444,0,50.166,0
3.3453,0,50.1795,0,3.3453,0,50.1795,0
3.3462,0,50.193,0,3.3462,0,50.193,0
3.3471,0,50.2065,0,3.3471,0,50.2065,0
3.348,0,50.22,0,3.348,0,50.22,0
3.3489,0,50.2335,0,3.3489,0,50.2335,0
3.3498,0,50.247,0,3.3498,0,50.247,0
3.3507,0,50.2605,0,3.3507,0,50.2605,0
3.3516,0,50.274,0,3.3516,0,50.274,0
3.3525,0,50.2875,0,3.3525,0,50.2875,0
3.3534,0,50.301,0,3.3534,0,50.301,0
3.3543,0,50.3145,0,3.3543,0,50.3145,0
3.3552,0,50.328,0,3.3552,0,50.328,0
3.3561,0,50.3415,0,3.3561,0,50.3415,0
3.357,0,50.355,0,3.357,0,50.355,0
3.3579,0,50.3685,0,3.3579,0,50.3685,0
3.3588,0,50.382,0,3.3588,0,50.382,0
3.3597,0,50.3955,0,3.3597,0,50.3955,0
3.3606,0,50.409,0,3.3606,0,50.409,0
3.3615,0,50.4225,0,3.3615,0,50.4225,0
3.3624,0,50.436,0,3.3624,0,50.436,0
3.3633,0,50.4495,0,3.3633,0,50.4495,0
3.3642,0,50.463,0,3.3642,0,50.463,0
3.3651,0,50.4765,0,3.3651,0,50.4765,0
3.366,0,50.49,0,3.366,0,50.49,0
3.3669,0,50.5035,0,3.3669,0,50.5035,0
3.3678,0,50.517,0,3.3678,0,50.517,0
3.3687,0,50.5305,0,3.3687,0,50.5305,0
3.3696,0,50.544,0,3.3696,0,50.544,0
3.3705,0,50.5575,0,3.3705,0,50.5575,0
3.3714,0,50.571,0,3.3714,0,50.571,0
3.3723,0,50.5845,0,3.3723,0,50.5845,0
3.3732,0,50.598,0,3.3732,0,50.598,0
3.3741,0,50.6115,0,3.3741,0,50.6115,0
3.375,0,50.625,0,3.375,0,50.625,0
3.3759,0,50.6385,0,3.3759,0,50.6385,0
3.3768,0,50.652,0,3.3768,0,50.652,0
3.3777,0,50.6655,0,3.3777,0,50.6655,0
3.3786,0,50.679,0,3.3786,0,50.679,0
3.3795,0,50.6925,0,3.3795,0,50.6925,0
3.3804,0,50.706,0,3.3804,0,50.706,0
3.3813,0,50.7195,0,3.3813,0,50.7195,0
3.3822,0,50.733,0,3.3822,0,50.733,0
3.3831,0,50.7465,0,3.3831,0,50.7465,0
3.384,0,50.76,0,3.384,0,50.76,0
3.3849,0,50.7735,0,3.3849,0,50.7735,0
3.3858,0,50.787,0,3.3858,0,50.787,0
3.3867,0,50.8005,0,3.3867,0,50.8005,0
3.3876,0,50.814,0,3.3876,0,50.814,0
3.3885,0,50.8275,0,3.3885,0,50.8275,0
3.3894,0,50.841,0,3.3894,0,50.841,0
3.3903,0,50.8545,0,3.3903,0,50.8545,0
3.3912,0,50.868,0,3.3912,0,50.868,0
3.3921,0,50.8815,0,3.3921,0,50.8815,0
3.393,0,50.895,0,3.393,0,50.895,0
3.3939,0,50.9085,0,3.3939,0,50.9085,0
3.3948,0,50.922,0,3.3948,0,50.922,0
3.3957,0,50.9355,0,3.3957,0,50.9355,0
3.3966,0,50.949,0,3.3966,0,50.949,0
3.3975,0,50.9625,0,3.3975,0,50.9625,0
3.3984,0,50.976,0,3.3984,0,50.976,0
3.3993,0,50.9895,0,3.3993,0,50.9895,0
3.4002,0,51.003,0,3.4002,0,51.003,0
3.4011,0,51.0165,0,3.4011,0,51.0165,0
3.402,0,51.03,0,3.402,0,51.03,0
3.4029,0,51.0435,0,3.4029,0,51.0435,0
3.4038,0,51.057,0,3.4038,0,51.057,0
3.4047,0,51.0705,0,3.4047,0,51.0705,0
3.4056,0,51.084,0,3.4056,0,51.084,0
3.4065,0,51.0975,0,3.4065,0,51.0975,0
3.4074,0,51.111,0,3.4074,0,51.111,0
3.4083,0,51.1245,0,3.4083,0,51.1245,0
3.4092,0,51.138,0,3.4092,0,51.138,0
3.4101,0,51.1515,0,3.4101,0,51.1515,0
3.411,0,51.165,0,3.411,0,51.165,0
3.4119,0,51.1785,0,3.4119,0,51.1785,0
3.4128,0,51.192,0,3.4128,0,51.192,0
3.4137,0,51.2055,0,3.4137,0,51.2055,0
3.4146,0,51.219,0,3.4146,0,51.219,0
3.4155,0,51.2325,0,3.4155,0,51.2325,0
3.4164,0,51.246,0,3.4164,0,51.246,0
3.4173,0,51.2595,0,3.4173,0,51.2595,0
3.4182,0,51.273,0,3.4182,0,51.273,0
3.4191,0,51.2865,0,3.4191,0,51.2865,0
3.42,0,51.3,0,3.42,0,51.3,0
3.4209,0,51.3135,0,3.4209,0,51.3135,0
3.4218,0,51.327,0,3.4218,0,51.327,0
3.4227,0,51.3405,0,3.4227,0,51.3405,0
3.4236,0,51.354,0,3.4236,0,51.354,0
3.4245,0,51.3675,0,3.4245,0,51.3675,0
3.4254,0,51.381,0,3.4254,0,51.381,0
3.4263,0,51.3945,0,3.4263,0,51.3945,0
3.4272,0,51.408,0,3.4272,0,51.408,0
3.4281,0,51.4215,0,3.4281,0,51.4215,0
3.429,0,51.435,0,3.429,0,51.435,0
3.4299,0,51.4485,0,3.4299,0,51.4485,0
3.4308,0,51.462,0,3.4308,0,51.462,0
3.4317,0,51.4755,0,3.4317,0,51.4755,0
3.4326,0,51.489,0,3.4326,0,51.489,0
3.4335,0,51.5025,0,3.4335,0,51.5025,0
3.4344,0,51.516,0,3.4344,0,51.516,0
3.4353,0,51.5295,0,3.4353,0,51.5295,0
3.4362,0,51.543,0,3.4362,0,51.543,0
3.4371,0,51.5565,0,3.4371,0,51.5565,0
3.438,0,51.57,0,3.438,0,51.57,0
3.4389,0,51.5835,0,3.4389,0,51.5835,0
3.4398,0,51.597,0,3.4398,0,51.597,0
3.4407,0,51.6105,0,3.4407,0,51.6105,0
3.4416,0,51.624,0,3.4416,0,51.624,0
3.4425,0,51.6375,0,3.4425,0,51.6375,0
3.4434,0,51.651,0,3.4434,0,51.651,0
3.4443,0,51.6645,0,3.4443,0,51.6645,0
3.4452,0,51.678,0,3.4452,0,51.678,0
3.4461,0,51.6915,0,3.4461,0,51.6915,0
3.447,0,51.705,0,3.447,0,51.705,0
3.4479,0,51.7185,0,3.4479,0,51.7185,0
3.4488,0,51.732,0,3.4488,0,51.732,0
3.4497,0,51.7455,0,3.4497,0,51.7455,0
3.4506,0,51.759,0,3.4506,0,51.759,0
3.4515,0,51.7725,0,3.4515,0,51.7725,0
3.4524,0,51.786,0,3.4524,0,51.786,0
3.4533,0,51.7995,0,3.4533,0,51.7995,0
3.4542,0,51.813,0,3.4542,0,51.813,0
3.4551,0,51.8265,0,3.4551,0,51.8265,0
3.456,0,51.84,0,3.456,0,51.84,0
3.4569,0,51.8535,0,3.4569,0,51.8535,0
3.4578,0,51.867,0,3.4578,0,51.867,0
3.4587,0,51.8805,0,3.4587,0,51.8805,0
3.4596,0,51.894,0,3.4596,0,51.894,0
3.4605,0,51.9075,0,3.4605,0,51.9075,0
3.4614,0,51.921,0,3.4614,0,51.921,0
3.4623,0,51.9345,0,3.4623,0,51.9345,0
3.4632,0,51.948,0,3.4632,0,51.948,0
3.4641,0,51.9615,0,3.4641,0,51.9615,0
3.465,0,51.975,0,3.465,0,51.975,0
3.4659,0,51.9885,0,3.4659,0,51.9885,0
3.4668,0,52.002,0,3.4668,0,52.002,0
3.4677,0,52.0155,0,3.4677,0,52.0155,0
3.4686,0,52.029,0,3.4686,0,52.029,0
3.4695,0,52.0425,0,3.4695,0,52.0425,0
3.4704,0,52.056,0,3.4704,0,52.056,0
3.4713,0,52.0695,0,3.4713,0,52.0695,0
3.4722,0,52.083,0,3.4722,0,52.083,0
3.4731,0,52.0965,0,3.4731,0,52.0965,0
3.474,0,52.11,0,3.474,0,52.11,0
3.4749,0,52.1235,0,3.4749,0,52.1235,0
3.4758,0,52.137,0,3.4758,0,52.137,0
3.4767,0,52.1505,0,3.4767,0,52.1505,0
3.4776,0,52.164,0,3.4776,0,52.164,0
3.4785,0,52.1775,0,3.4785,0,52.1775,0
3.4794,0,52.191,0,3.4794,0,52.191,0
3.4803,0,52.2045,0,3.4803,0,52.2045,0
3.4812,0,52.218,0,3.4812,0,52.218,0
3.4821,0,52.2315,0,3.4821,0,52.2315,0
3.483,0,52.245,0,3.483,0,52.245,0
3.4839,0,52.2585,0,3.4839,0,52.2585,0
3.4848,0,52.272,0,3.4848,0,52.272,0
3.4857,0,52.2855,0,3.4857,0,52.2855,0
3.4866,0,52.299,0,3.4866,0,52.299,0
3.4875,0,52.3125,0,3.4875,0,52.3125,0
3.4884,0,52.326,0,3.4884,0,52.326,0
3.4893,0,52.3395,0,3.4893,0,52.3395,0
3.4902,0,52.353,0,3.4902,0,52.353,0
3.4911,0,52.3665,0,3.4911,0,52.3665,0
3.492,0,52.38,0,3.492,0,52.38,0
3.4929,0,52.3935,0,3.4929,0,52.3935,0
3.4938,0,52.407,0,3.4938,0,52.407,0
3.4947,0,52.4205,0,3.4947,0,52.4205,0
3.4956,0,52.434,0,3.4956,0,52.434,0
