X[s],"Trigno IM sensor 3: EMG 3 (IM)",X[s],"Trigno IM sensor 3: Mag 3.Z (IM)",X[s],"Trigno IM sensor 4: EMG 4 (IM)",X[s],"Trigno IM sensor 4: Mag 4.Z (IM)"
0.000000,-9.735256E-06,0.000000,120,0.000000,-2.954147E-05,0.000000,1
0.0009,-1.510643E-05,0.0135,120,0.0009,1.107805E-05,0.0135,0
0.0018,-1.510643E-05,0.027,120,0.0018,2.383459E-05,0.027,-1
0.0027,-1.678492E-06,0.0405,121,0.0027,9.063859E-06,0.0405,0
0.0036,-1.577783E-05,0.054,119,0.0036,8.728161E-06,0.054,-3
0.0045,-1.376364E-05,0.0675,120,0.0045,3.356985E-06,0.0675,0
0.0054,-2.484169E-05,0.081,120,0.0054,7.049668E-06,0.081,-3
0.0063,-2.014191E-05,0.0945,121,0.0063,4.36408E-06,0.0945,-1
0.0072,7.721065E-06,0.108,120,0.0072,-8.392462E-06,0.108,1
0.0081,-2.014191E-06,0.1215,119,0.0081,-3.256275E-05,0.1215,-1
0.009000001,-1.846342E-05,0.135,119,0.009000001,-4.666209E-05,0.135,-1
0.0099,2.24918E-05,0.1485,119,0.0099,-4.666209E-05,0.1485,0
0.0108,2.484169E-05,0.162,121,0.0108,-2.786297E-05,0.162,-2
0.0117,-1.342794E-06,0.1755,120,0.0117,-3.558404E-05,0.1755,2
0.0126,1.779202E-05,0.189,119,0.0126,-2.987716E-05,0.189,0
0.0135,1.309224E-05,0.2025,119,0.0135,-2.316319E-05,0.2025,-1
0.0144,-4.699779E-06,0.216,118,0.0144,-4.263371E-05,0.216,0
0.0153,-3.021286E-06,0.2295,120,0.0153,-4.129091E-05,0.2295,0
0.0162,-4.699779E-06,0.243,118,0.0162,-4.196231E-05,0.243,-1
0.0171,-4.162661E-05,0.2565,121,0.0171,-4.36408E-05,0.2565,2
0.018,-5.203327E-05,0.27,117,0.018,-3.021286E-05,0.27,-1
0.0189,-2.450599E-05,0.2835,119,0.0189,-2.584878E-05,0.2835,-3
0.0198,-1.577783E-05,0.297,119,0.0198,-3.121996E-05,0.297,-2
0.0207,-3.591974E-05,0.3105,120,0.0207,-1.644922E-05,0.3105,1
0.0216,-1.443504E-05,0.324,120,0.0216,-2.987716E-05,0.324,1
0.0225,-9.735256E-06,0.3375,119,0.0225,-1.812772E-05,0.3375,0
0.0234,1.040665E-05,0.351,120,0.0234,-2.517739E-05,0.351,1
0.0243,-7.049668E-06,0.3645,118,0.0243,-4.733349E-05,0.3645,-1
0.0252,-2.987716E-05,0.378,119,0.0252,-3.524834E-05,0.378,0
0.0261,-2.047761E-05,0.3915,119,0.0261,-2.18204E-05,0.3915,0
0.027,-7.049668E-06,0.405,120,0.027,-2.652018E-05,0.405,0
0.0279,-1.107805E-05,0.4185,119,0.0279,-2.349889E-05,0.4185,-3
0.0288,-2.417029E-05,0.432,119,0.0288,-3.457694E-05,0.432,2
0.0297,-5.035477E-06,0.4455,120,0.0297,-2.28275E-05,0.4455,0
0.0306,-3.121996E-05,0.459,120,0.0306,1.644922E-05,0.459,1
0.0315,-1.644922E-05,0.4725,121,0.0315,-2.383459E-05,0.4725,0
0.0324,-3.356985E-06,0.486,119,0.0324,-3.390555E-05,0.486,-2
0.0333,-2.316319E-05,0.4995,119,0.0333,7.721065E-06,0.4995,-1
0.0342,-1.174945E-05,0.513,119,0.0342,-1.443504E-05,0.513,-1
0.0351,2.349889E-06,0.5265,119,0.0351,-5.136187E-05,0.5265,0
0.036,-3.356985E-07,0.54,119,0.036,-6.378271E-06,0.54,1
0.0369,2.584878E-05,0.5535,120,0.0369,-7.721065E-06,0.5535,2
0.0378,1.040665E-05,0.567,119,0.0378,-4.33051E-05,0.567,-1
0.0387,2.517739E-05,0.5805,120,0.0387,-1.846342E-05,0.5805,0
0.0396,5.706874E-06,0.594,119,0.0396,2.014191E-06,0.594,-1
0.0405,1.947051E-05,0.6075,119,0.0405,-9.735256E-06,0.6075,0
0.0414,2.081331E-05,0.621,120,0.0414,-1.913481E-05,0.621,-1
0.0423,1.174945E-05,0.6345,120,0.0423,-2.484169E-05,0.6345,-1
0.0432,7.721065E-06,0.648,121,0.0432,-4.028382E-06,0.648,0
0.0441,-5.438316E-05,0.6615,120,0.0441,-2.987716E-05,0.6615,0
0.045,-3.726253E-05,0.675,120,0.045,-4.934768E-05,0.675,-3
0.0459,-1.309224E-05,0.6885,119,0.0459,-5.471885E-05,0.6885,0
0.0468,-3.659113E-05,0.702,120,0.0468,-2.349889E-06,0.702,-1
0.0477,-2.28275E-05,0.7155,121,0.0477,-2.081331E-05,0.7155,0
0.0486,1.544213E-05,0.729,120,0.0486,-5.304036E-05,0.729,-1
0.0495,-2.316319E-05,0.7425,119,0.0495,1.443504E-05,0.7425,-2
0.0504,3.021286E-06,0.756,119,0.0504,2.1149E-05,0.756,-2
0.0513,-3.021286E-06,0.7695,120,0.0513,-3.054856E-05,0.7695,-3
0.0522,-3.692683E-06,0.783,120,0.0522,-5.035477E-06,0.783,0
0.0531,-1.007095E-05,0.7965,120,0.0531,1.980621E-05,0.7965,-3
0.054,-1.510643E-05,0.81,121,0.054,2.349889E-06,0.81,-2
0.0549,-5.706874E-06,0.8235,120,0.0549,5.706874E-06,0.8235,-3
0.0558,-3.021286E-06,0.837,120,0.0558,-3.256275E-05,0.837,1
0.0567,3.356985E-06,0.8505,121,0.0567,-2.349889E-06,0.8505,0
0.0576,6.713969E-06,0.864,120,0.0576,2.014191E-05,0.864,-1
0.0585,-1.644922E-05,0.8775,120,0.0585,-4.028382E-06,0.8775,0
0.0594,-1.644922E-05,0.891,122,0.0594,-5.337606E-05,0.891,0
0.0603,-1.644922E-05,0.9045,121,0.0603,-1.678492E-06,0.9045,-1
0.0612,-2.450599E-05,0.918,120,0.0612,1.678492E-06,0.918,0
0.0621,-3.356985E-07,0.9315,121,0.0621,-4.33051E-05,0.9315,0
0.063,-1.107805E-05,0.945,120,0.063,-6.378271E-06,0.945,0
0.0639,9.063859E-06,0.9585,120,0.0639,2.349889E-06,0.9585,0
0.0648,2.987716E-05,0.972,122,0.0648,-3.994812E-05,0.972,0
0.0657,1.644922E-05,0.9855,121,0.0657,-3.356985E-05,0.9855,0
0.0666,-1.577783E-05,0.999,121,0.0666,9.735256E-06,0.999,-2
0.0675,-5.035477E-06,1.0125,122,0.0675,-1.242084E-05,1.0125,-1
0.0684,6.713969E-07,1.026,122,0.0684,-2.014191E-05,1.026,-3
0.0693,1.577783E-05,1.0395,121,0.0693,-4.934768E-05,1.0395,-1
0.0702,5.706874E-06,1.053,123,0.0702,-2.18204E-05,1.053,1
0.0711,4.36408E-06,1.0665,122,0.0711,1.007095E-06,1.0665,0
0.072,1.309224E-05,1.08,122,0.072,-2.887007E-05,1.08,-1
0.0729,7.721065E-06,1.0935,122,0.0729,-5.471885E-05,1.0935,0
0.07380001,-1.141375E-05,1.107,122,0.07380001,-5.035477E-06,1.107,0
0.07470001,-4.699779E-06,1.1205,120,0.07470001,-1.745632E-05,1.1205,0
0.0756,-1.309224E-05,1.134,121,0.0756,-6.143282E-05,1.134,0
0.0765,-2.450599E-05,1.1475,120,0.0765,-1.107805E-05,1.1475,-1
0.0774,-2.21561E-05,1.161,121,0.0774,-9.063859E-06,1.161,0
0.0783,-4.666209E-05,1.1745,121,0.0783,-4.699779E-05,1.1745,0
0.0792,-3.994812E-05,1.188,122,0.0792,-3.994812E-05,1.188,0
0.0801,-2.819867E-05,1.2015,121,0.0801,-7.385367E-06,1.2015,-1
0.081,-3.155566E-05,1.215,121,0.081,-1.947051E-05,1.215,1
0.0819,-3.121996E-05,1.2285,121,0.0819,-3.155566E-05,1.2285,0
0.0828,-3.692683E-06,1.242,121,0.0828,-4.33051E-05,1.242,0
0.0837,3.021286E-06,1.2555,122,0.0837,-5.035477E-06,1.2555,-2
0.0846,3.356985E-06,1.269,121,0.0846,1.309224E-05,1.269,-1
0.0855,7.385367E-06,1.2825,121,0.0855,-1.107805E-05,1.2825,-1
0.0864,1.007095E-05,1.296,122,0.0864,-3.457694E-05,1.296,-1
0.0873,-1.409934E-05,1.3095,123,0.0873,7.385367E-06,1.3095,-1
0.0882,-2.014191E-06,1.323,122,0.0882,-1.678492E-06,1.323,-1
0.0891,1.577783E-05,1.3365,121,0.0891,-4.39765E-05,1.3365,-2
0.09,-6.713969E-06,1.35,121,0.09,-1.342794E-06,1.35,0
0.0909,-2.349889E-05,1.3635,122,0.0909,2.316319E-05,1.3635,0
0.0918,-1.342794E-05,1.377,122,0.0918,-1.376364E-05,1.377,-2
0.0927,2.786297E-05,1.3905,123,0.0927,-5.706874E-06,1.3905,0
0.0936,-6.378271E-06,1.404,121,0.0936,1.812772E-05,1.404,-3
0.09450001,-1.678492E-06,1.4175,122,0.09450001,1.879912E-05,1.4175,0
0.09540001,2.014191E-06,1.431,122,0.09540001,-3.021286E-06,1.431,1
0.09630001,-4.699779E-06,1.4445,122,0.09630001,-3.121996E-05,1.4445,0
0.0972,-1.644922E-05,1.458,122,0.0972,-2.18204E-05,1.458,1
0.0981,-1.242084E-05,1.4715,123,0.0981,-2.450599E-05,1.4715,-2
0.099,-3.692683E-06,1.485,122,0.099,-5.404745E-05,1.485,0
0.0999,5.035477E-06,1.4985,122,0.0999,-5.807584E-05,1.4985,2
0.1008,-1.443504E-05,1.512,123,0.1008,-1.678492E-06,1.512,0
0.1017,-2.920577E-05,1.5255,120,0.1017,-1.174945E-05,1.5255,0
0.1026,-2.349889E-05,1.539,123,0.1026,-4.49836E-05,1.539,1
0.1035,-1.577783E-05,1.5525,122,0.1035,-9.063859E-06,1.5525,-1
0.1044,-1.913481E-05,1.566,122,0.1044,6.378271E-06,1.566,-3
0.1053,-3.927672E-05,1.5795,122,0.1053,-3.189136E-05,1.5795,0
0.1062,-2.383459E-05,1.593,122,0.1062,-1.477073E-05,1.593,1
0.1071,-2.484169E-05,1.6065,121,0.1071,1.174945E-05,1.6065,0
0.108,-1.779202E-05,1.62,121,0.108,-1.913481E-05,1.62,0
0.1089,-1.577783E-05,1.6335,122,0.1089,-3.793393E-05,1.6335,1
0.1098,-4.699779E-06,1.647,120,0.1098,-4.901198E-05,1.647,0
0.1107,-4.36408E-06,1.6605,123,0.1107,-2.21561E-05,1.6605,-1
0.1116,1.443504E-05,1.674,121,0.1116,-1.577783E-05,1.674,-2
0.1125,1.544213E-05,1.6875,121,0.1125,-3.793393E-05,1.6875,0
0.1134,4.36408E-06,1.701,119,0.1134,-5.304036E-05,1.701,-1
0.1143,5.371176E-06,1.7145,122,0.1143,1.376364E-05,1.7145,0
0.1152,2.786297E-05,1.728,122,0.1152,-7.049668E-06,1.728,0
0.1161,3.189136E-05,1.7415,123,0.1161,-6.74754E-05,1.7415,0
0.117,7.721065E-06,1.755,122,0.117,-1.510643E-05,1.755,-1
0.1179,-1.107805E-05,1.7685,122,0.1179,6.042573E-06,1.7685,-3
0.1188,-2.383459E-05,1.782,122,0.1188,-2.450599E-05,1.782,0
0.1197,1.007095E-06,1.7955,122,0.1197,-3.323415E-05,1.7955,-1
0.1206,-1.107805E-05,1.809,122,0.1206,1.242084E-05,1.809,0
0.1215,3.356985E-06,1.8225,123,0.1215,1.040665E-05,1.8225,1
0.1224,-2.349889E-06,1.836,120,0.1224,-1.174945E-05,1.836,0
0.1233,5.035477E-06,1.8495,124,0.1233,-3.894102E-05,1.8495,0
0.1242,-1.107805E-05,1.863,122,0.1242,-9.399558E-06,1.863,-1
0.1251,-5.001907E-05,1.8765,122,0.1251,3.356985E-07,1.8765,-3
0.126,-2.786297E-05,1.89,123,0.126,-4.061952E-05,1.89,-2
0.1269,5.035477E-06,1.9035,122,0.1269,-4.196231E-05,1.9035,-1
0.1278,-1.980621E-05,1.917,123,0.1278,5.035477E-06,1.917,0
0.1287,-1.947051E-05,1.9305,122,0.1287,-9.735256E-06,1.9305,2
0.1296,1.040665E-05,1.944,123,0.1296,-5.606165E-05,1.944,2
0.1305,-1.376364E-05,1.9575,124,0.1305,9.399558E-06,1.9575,1
0.1314,-1.779202E-05,1.971,122,0.1314,-2.014191E-06,1.971,0
0.1323,7.721065E-06,1.9845,122,0.1323,-4.968337E-05,1.9845,0
0.1332,-2.584878E-05,1.998,122,0.1332,-2.987716E-05,1.998,0
0.1341,-3.793393E-05,2.0115,122,0.1341,-3.356985E-06,2.0115,0
0.135,1.678492E-06,2.025,123,0.135,-1.745632E-05,2.025,-3
0.1359,-5.706874E-06,2.0385,122,0.1359,-1.846342E-05,2.0385,1
0.1368,-1.678492E-06,2.052,121,0.1368,-4.061952E-05,2.052,0
0.1377,1.477073E-05,2.0655,123,0.1377,-1.812772E-05,2.0655,0
0.1386,1.712062E-05,2.079,123,0.1386,2.349889E-06,2.079,0
0.1395,1.309224E-05,2.0925,121,0.1395,-4.129091E-05,2.0925,0
0.1404,-9.063859E-06,2.106,122,0.1404,-4.800488E-05,2.106,-2
0.1413,-1.376364E-05,2.1195,122,0.1413,1.141375E-05,2.1195,-3
0.1422,8.728161E-06,2.133,122,0.1422,4.36408E-06,2.133,-2
0.1431,2.1149E-05,2.1465,123,0.1431,-5.136187E-05,2.1465,-1
0.144,4.632639E-05,2.16,121,0.144,3.356985E-07,2.16,0
0.1449,6.042573E-06,2.1735,122,0.1449,2.349889E-05,2.1735,-1
0.1458,-4.33051E-05,2.187,122,0.1458,-3.021286E-06,2.187,0
0.1467,-2.618448E-05,2.2005,123,0.1467,-1.376364E-05,2.2005,0
0.1476,-1.712062E-05,2.214,122,0.1476,1.544213E-05,2.214,1
0.1485,-2.752728E-05,2.2275,123,0.1485,4.36408E-06,2.2275,1
0.1494,-1.510643E-05,2.241,123,0.1494,-1.309224E-05,2.241,0
0.1503,1.141375E-05,2.2545,121,0.1503,-2.719158E-05,2.2545,-2
0.1512,1.342794E-06,2.268,122,0.1512,-2.18204E-05,2.268,-1
0.1521,-1.712062E-05,2.2815,123,0.1521,-2.517739E-05,2.2815,0
0.153,-1.007095E-06,2.295,123,0.153,-3.927672E-05,2.295,0
0.1539,-1.678492E-06,2.3085,122,0.1539,-5.035477E-05,2.3085,-1
0.1548,-1.443504E-05,2.322,121,0.1548,-9.399558E-06,2.322,2
0.1557,-2.014191E-06,2.3355,121,0.1557,-2.853437E-05,2.3355,0
0.1566,7.721065E-06,2.349,123,0.1566,-6.74754E-05,2.349,0
0.1575,-1.376364E-05,2.3625,122,0.1575,-6.378271E-06,2.3625,1
0.1584,2.1149E-05,2.376,122,0.1584,1.040665E-05,2.376,1
0.1593,1.577783E-05,2.3895,122,0.1593,-3.524834E-05,2.3895,0
0.1602,-3.289845E-05,2.403,123,0.1602,-1.879912E-05,2.403,1
0.1611,-2.18204E-05,2.4165,123,0.1611,1.712062E-05,2.4165,0
0.162,-5.706874E-06,2.43,123,0.162,5.035477E-06,2.43,0
0.1629,-1.846342E-05,2.4435,122,0.1629,-8.392462E-06,2.4435,1
0.1638,-1.309224E-05,2.457,124,0.1638,-4.46479E-05,2.457,0
0.1647,1.678492E-06,2.4705,124,0.1647,-1.544213E-05,2.4705,-1
0.1656,6.378271E-06,2.484,122,0.1656,-2.685588E-06,2.484,-1
0.1665,1.040665E-05,2.4975,122,0.1665,-2.652018E-05,2.4975,0
0.1674,4.53193E-05,2.511,122,0.1674,-3.994812E-05,2.511,0
0.1683,-1.007095E-06,2.5245,123,0.1683,1.342794E-05,2.5245,1
0.1692,-3.021286E-06,2.538,123,0.1692,5.706874E-06,2.538,0
0.1701,1.913481E-05,2.5515,121,0.1701,-5.606165E-05,2.5515,1
0.171,-1.510643E-05,2.565,122,0.171,-1.376364E-05,2.565,0
0.1719,-8.392462E-06,2.5785,121,0.1719,-1.678492E-06,2.5785,-4
0.1728,-1.040665E-05,2.592,122,0.1728,-4.129091E-05,2.592,0
0.1737,-3.961242E-05,2.6055,122,0.1737,-3.524834E-05,2.6055,-2
0.1746,-4.39765E-05,2.619,121,0.1746,6.713969E-06,2.619,0
0.1755,-4.46479E-05,2.6325,122,0.1755,-1.846342E-05,2.6325,-2
0.1764,-3.054856E-05,2.646,121,0.1764,-1.712062E-05,2.646,2
0.1773,-2.014191E-05,2.6595,122,0.1773,-4.095522E-05,2.6595,2
0.1782,-7.385367E-06,2.673,122,0.1782,-1.107805E-05,2.673,0
0.1791,1.678492E-06,2.6865,123,0.1791,-1.779202E-05,2.6865,0
0.18,-2.450599E-05,2.7,122,0.18,-4.162661E-05,2.7,-1
0.1809,-2.349889E-06,2.7135,123,0.1809,-5.203327E-05,2.7135,0
0.1818,1.678492E-06,2.727,123,0.1818,7.049668E-06,2.727,0
0.1827,-2.316319E-05,2.7405,122,0.1827,-2.081331E-05,2.7405,0
0.1836,-2.18204E-05,2.754,121,0.1836,-7.284657E-05,2.754,0
0.1845,-1.745632E-05,2.7675,122,0.1845,-1.376364E-05,2.7675,0
0.1854,-5.706874E-06,2.781,120,0.1854,1.074235E-05,2.781,0
0.1863,-3.021286E-06,2.7945,122,0.1863,-2.316319E-05,2.7945,0
0.1872,2.786297E-05,2.808,124,0.1872,-1.577783E-05,2.808,0
0.1881,3.121996E-05,2.8215,122,0.1881,2.18204E-05,2.8215,1
0.189,1.913481E-05,2.835,123,0.189,-2.685588E-06,2.835,2
0.1899,5.035477E-06,2.8485,123,0.1899,-1.846342E-05,2.8485,0
0.1908,3.088426E-05,2.862,123,0.1908,-3.659113E-05,2.862,1
0.1917,2.24918E-05,2.8755,123,0.1917,-2.786297E-05,2.8755,0
0.1926,-1.409934E-05,2.889,123,0.1926,-2.987716E-05,2.889,-1
0.1935,-8.728161E-06,2.9025,122,0.1935,-2.887007E-05,2.9025,-1
0.1944,7.049668E-06,2.916,122,0.1944,-4.196231E-05,2.916,0
0.1953,-1.577783E-05,2.9295,123,0.1953,5.706874E-06,2.9295,0
0.1962,-1.174945E-05,2.943,123,0.1962,-4.36408E-06,2.943,-1
0.1971,2.014191E-06,2.9565,122,0.1971,-5.270466E-05,2.9565,1
0.198,-1.409934E-05,2.97,123,0.198,7.721065E-06,2.97,0
0.1989,-2.316319E-05,2.9835,123,0.1989,2.1149E-05,2.9835,1
0.1998,-2.18204E-05,2.997,124,0.1998,-4.29694E-05,2.997,0
0.2007,-6.210422E-05,3.0105,124,0.2007,-3.121996E-05,3.0105,0
0.2016,-6.210422E-05,3.024,122,0.2016,5.371176E-06,3.024,-1
0.2025,-3.726253E-05,3.0375,0,0.2025,5.035477E-06,3.0375,0
0.2034,-2.517739E-05,3.051,0,0.2034,-1.779202E-05,3.051,0
0.2043,-1.644922E-05,3.0645,0,0.2043,-4.666209E-05,3.0645,0
0.2052,-4.699779E-06,3.078,0,0.2052,-5.371176E-06,3.078,0
0.2061,-1.846342E-05,3.0915,0,0.2061,-2.349889E-06,3.0915,0
0.207,-2.349889E-05,3.105,0,0.207,-3.927672E-05,3.105,0
0.2079,8.056763E-06,3.1185,0,0.2079,-4.53193E-05,3.1185,0
0.2088,-1.712062E-05,3.132,0,0.2088,-3.356985E-06,3.132,0
0.2097,-2.24918E-05,3.1455,0,0.2097,-1.678492E-05,3.1455,0
0.2106,5.035477E-06,3.159,0,0.2106,-5.404745E-05,3.159,0
0.2115,-5.035477E-06,3.1725,0,0.2115,-9.735256E-06,3.1725,0
0.2124,8.728161E-06,3.186,0,0.2124,1.007095E-06,3.186,0
0.2133,2.1149E-05,3.1995,0,0.2133,-3.759823E-05,3.1995,0
0.2142,1.174945E-05,3.213,0,0.2142,-2.450599E-05,3.213,0
0.2151,6.378271E-06,3.2265,0,0.2151,1.678492E-06,3.2265,0
0.216,9.063859E-06,3.24,0,0.216,-1.309224E-05,3.24,0
0.2169,1.040665E-05,3.2535,0,0.2169,-3.054856E-05,3.2535,0
0.2178,2.349889E-06,3.267,0,0.2178,-5.438316E-05,3.267,0
0.2187,-7.385367E-06,3.2805,0,0.2187,-2.21561E-05,3.2805,0
0.2196,-3.390555E-05,3.294,0,0.2196,-1.040665E-05,3.294,0
0.2205,-3.659113E-05,3.3075,0,0.2205,-4.46479E-05,3.3075,0
0.2214,-4.129091E-05,3.321,0,0.2214,-6.176852E-05,3.321,0
0.2223,-3.826963E-05,3.3345,0,0.2223,-3.356985E-07,3.3345,0
0.2232,-6.042573E-06,3.348,0,0.2232,-1.812772E-05,3.348,0
0.2241,-1.510643E-05,3.3615,0,0.2241,-5.740444E-05,3.3615,0
0.225,-1.275654E-05,3.375,0,0.225,-3.356985E-07,3.375,0
0.2259,4.632639E-05,3.3885,0,0.2259,9.735256E-06,3.3885,0
0.2268,3.994812E-05,3.402,0,0.2268,-3.121996E-05,3.402,0
0.2277,1.846342E-05,3.4155,0,0.2277,-1.040665E-05,3.4155,0
0.2286,1.947051E-05,3.429,0,0.2286,7.049668E-06,3.429,0
0.2295,6.378271E-06,3.4425,0,0.2295,1.678492E-06,3.4425,0
0.2304,-1.510643E-05,3.456,0,0.2304,-1.913481E-05,3.456,0
0.2313,-6.713969E-07,3.4695,0,0.2313,-3.659113E-05,3.4695,0
0.2322,-2.685588E-06,3.483,0,0.2322,3.356985E-06,3.483,0
0.2331,-7.049668E-06,3.4965,0,0.2331,-2.349889E-06,3.4965,0
0.234,-2.014191E-06,3.51,0,0.234,-3.390555E-05,3.51,0
0.2349,6.713969E-07,3.5235,0,0.2349,-4.095522E-05,3.5235,0
0.2358,-2.18204E-05,3.537,0,0.2358,-1.342794E-06,3.537,0
0.2367,-2.349889E-05,3.5505,0,0.2367,-1.611353E-05,3.5505,0
0.2376,-2.014191E-06,3.564,0,0.2376,-5.539025E-05,3.564,0
0.2385,-1.879912E-05,3.5775,0,0.2385,3.692683E-06,3.5775,0
0.2394,-3.356985E-05,3.591,0,0.2394,1.678492E-05,3.591,0
0.2403,-1.980621E-05,3.6045,0,0.2403,-3.054856E-05,3.6045,0
0.2412,-4.599069E-05,3.618,0,0.2412,1.477073E-05,3.618,0
0.2421,-5.270466E-05,3.6315,0,0.2421,1.846342E-05,3.6315,0
0.243,-1.208515E-05,3.645,0,0.243,2.349889E-06,3.645,0
0.2439,-3.323415E-05,3.6585,0,0.2439,-8.392462E-06,3.6585,0
0.2448,-3.591974E-05,3.672,0,0.2448,-3.793393E-05,3.672,0
0.2457,-1.678492E-05,3.6855,0,0.2457,-1.409934E-05,3.6855,0
0.2466,-1.174945E-05,3.699,0,0.2466,9.063859E-06,3.699,0
0.2475,-7.049668E-06,3.7125,0,0.2475,-2.853437E-05,3.7125,0
0.2484,3.021286E-06,3.726,0,0.2484,-3.558404E-05,3.726,0
0.2493,9.399558E-06,3.7395,0,0.2493,1.208515E-05,3.7395,0
0.2502,2.1149E-05,3.753,0,0.2502,6.042573E-06,3.753,0
0.2511,2.24918E-05,3.7665,0,0.2511,-5.539025E-05,3.7665,0
0.252,2.383459E-05,3.78,0,0.252,-1.107805E-05,3.78,0
0.2529,3.692683E-05,3.7935,0,0.2529,5.035477E-06,3.7935,0
0.2538,4.129091E-05,3.807,0,0.2538,-3.289845E-05,3.807,0
0.2547,3.793393E-05,3.8205,0,0.2547,-4.666209E-05,3.8205,0
0.2556,9.399558E-06,3.834,0,0.2556,-5.706874E-06,3.834,0
0.2565,-1.510643E-05,3.8475,0,0.2565,-1.947051E-05,3.8475,0
0.2574,3.692683E-06,3.861,0,0.2574,-3.289845E-05,3.861,0
0.2583,2.920577E-05,3.8745,0,0.2583,-3.961242E-05,3.8745,0
0.2592,-5.706874E-06,3.888,0,0.2592,-1.846342E-05,3.888,0
0.2601,-1.107805E-05,3.9015,0,0.2601,-7.721065E-06,3.9015,0
0.261,9.399558E-06,3.915,0,0.261,-3.826963E-05,3.915,0
0.2619,-7.049668E-06,3.9285,0,0.2619,-5.035477E-05,3.9285,0
0.2628,-2.014191E-05,3.942,0,0.2628,-1.107805E-05,3.942,0
0.2637,-6.042573E-06,3.9555,0,0.2637,-2.383459E-05,3.9555,0
0.2646,-6.042573E-06,3.969,0,0.2646,-6.042573E-05,3.969,0
0.2655,-1.846342E-05,3.9825,0,0.2655,-5.706874E-06,3.9825,0
0.2664,-2.920577E-05,3.996,0,0.2664,-1.510643E-05,3.996,0
0.2673,-4.599069E-05,4.0095,0,0.2673,-4.43122E-05,4.0095,0
0.2682,1.678492E-06,4.023,0,0.2682,-4.53193E-05,4.023,0
0.2691,-2.18204E-05,4.0365,0,0.2691,-1.040665E-05,4.0365,0
0.27,-1.107805E-05,4.05,0,0.27,-1.443504E-05,4.05,0
0.2709,-1.947051E-05,4.0635,0,0.2709,-1.980621E-05,4.0635,0
0.2718,-2.28275E-05,4.077,0,0.2718,-5.673304E-05,4.077,0
0.2727,-2.1149E-05,4.0905,0,0.2727,-2.18204E-05,4.0905,0
0.2736,-3.692683E-05,4.104,0,0.2736,-6.713969E-07,4.104,0
0.2745,-2.685588E-05,4.1175,0,0.2745,-2.014191E-05,4.1175,0
0.2754,-2.014191E-06,4.131,0,0.2754,-4.867628E-05,4.131,0
0.2763,-1.309224E-05,4.1445,0,0.2763,1.510643E-05,4.1445,0
0.2772,-1.712062E-05,4.158,0,0.2772,1.141375E-05,4.158,0
0.2781,6.042573E-06,4.1715,0,0.2781,-4.632639E-05,4.1715,0
0.279,-2.819867E-05,4.185,0,0.279,1.678492E-06,4.185,0
0.2799,-2.652018E-05,4.1985,0,0.2799,2.014191E-05,4.1985,0
0.2808,-1.007095E-06,4.212,0,0.2808,-1.510643E-05,4.212,0
0.2817,-1.309224E-05,4.2255,0,0.2817,-2.081331E-05,4.2255,0
0.2826,-1.745632E-05,4.239,0,0.2826,1.040665E-05,4.239,0
0.2835,-2.383459E-05,4.2525,0,0.2835,-1.913481E-05,4.2525,0
0.2844,-1.510643E-05,4.266,0,0.2844,-2.24918E-05,4.266,0
0.2853,0,4.2795,0,0.2853,-3.524834E-05,4.2795,0
0.2862,5.035477E-06,4.293,0,0.2862,3.356985E-06,4.293,0
0.2871,-2.014191E-06,4.3065,0,0.2871,-2.349889E-06,4.3065,0
0.288,-4.36408E-05,4.32,0,0.288,-4.33051E-05,4.32,0
0.2889,-2.1149E-05,4.3335,0,0.2889,-3.793393E-05,4.3335,0
0.2898,1.007095E-06,4.347,0,0.2898,9.735256E-06,4.347,0
0.2907,-9.735256E-06,4.3605,0,0.2907,-9.063859E-06,4.3605,0
0.2916,6.378271E-06,4.374,0,0.2916,-5.203327E-05,4.374,0
0.2925,1.980621E-05,4.3875,0,0.2925,0,4.3875,0
0.2934,5.740444E-05,4.401,0,0.2934,1.712062E-05,4.401,0
0.2943,2.752728E-05,4.4145,0,0.2943,-1.980621E-05,4.4145,0
0.2952,-1.174945E-05,4.428,0,0.2952,-9.399558E-06,4.428,0
0.2961,-4.36408E-06,4.4415,0,0.2961,1.879912E-05,4.4415,0
0.297,-7.385367E-06,4.455,0,0.297,2.349889E-06,4.455,0
0.2979,9.735256E-06,4.4685,0,0.2979,-7.721065E-06,4.4685,0
0.2988,2.014191E-06,4.482,0,0.2988,-3.121996E-05,4.482,0
0.2997,4.36408E-06,4.4955,0,0.2997,-2.18204E-05,4.4955,0
0.3006,-7.721065E-06,4.509,0,0.3006,9.399558E-06,4.509,0
0.3015,-2.517739E-05,4.5225,0,0.3015,-1.309224E-05,4.5225,0
0.3024,-2.1149E-05,4.536,0,0.3024,-4.934768E-05,4.536,0
0.3033,-2.652018E-05,4.5495,0,0.3033,6.378271E-06,4.5495,0
0.3042,-1.376364E-05,4.563,0,0.3042,-1.409934E-05,4.563,0
0.3051,2.081331E-05,4.5765,0,0.3051,-6.61326E-05,4.5765,0
0.306,5.035477E-06,4.59,0,0.306,-8.392462E-06,4.59,0
0.3069,3.256275E-05,4.6035,0,0.3069,-1.242084E-05,4.6035,0
0.3078,3.726253E-05,4.617,0,0.3078,-5.539025E-05,4.617,0
0.3087,-3.356985E-07,4.6305,0,0.3087,-4.53193E-05,4.6305,0
0.3096,6.713969E-07,4.644,0,0.3096,-7.721065E-06,4.644,0
0.3105,-1.376364E-05,4.6575,0,0.3105,-1.779202E-05,4.6575,0
0.3114,-1.812772E-05,4.671,0,0.3114,-3.659113E-05,4.671,0
0.3123,-1.678492E-06,4.6845,0,0.3123,-5.539025E-05,4.6845,0
0.3132,-2.014191E-06,4.698,0,0.3132,-1.678492E-05,4.698,0
0.3141,-3.927672E-05,4.7115,0,0.3141,-1.376364E-05,4.7115,0
0.315,-3.088426E-05,4.725,0,0.315,-3.591974E-05,4.725,0
0.3159,-2.383459E-05,4.7385,0,0.3159,-4.43122E-05,4.7385,0
0.3168,-5.371176E-06,4.752,0,0.3168,7.721065E-06,4.752,0
0.3177,2.349889E-06,4.7655,0,0.3177,-1.309224E-05,4.7655,0
0.3186,6.378271E-06,4.779,0,0.3186,-6.54612E-05,4.779,0
0.3195,-8.392462E-06,4.7925,0,0.3195,-1.107805E-05,4.7925,0
0.3204,2.685588E-05,4.806,0,0.3204,1.577783E-05,4.806,0
0.3213,3.524834E-05,4.8195,0,0.3213,-1.477073E-05,4.8195,0
0.3222,7.721065E-06,4.833,0,0.3222,9.399558E-06,4.833,0
0.3231,-3.390555E-05,4.8465,0,0.3231,1.141375E-05,4.8465,0
0.324,-3.256275E-05,4.86,0,0.324,-8.392462E-06,4.86,0
0.3249,-1.141375E-05,4.8735,0,0.3249,3.021286E-06,4.8735,0
0.3258,-1.980621E-05,4.887,0,0.3258,-3.256275E-05,4.887,0
0.3267,-3.356985E-07,4.9005,0,0.3267,-2.584878E-05,4.9005,0
0.3276,-3.356985E-06,4.914,0,0.3276,2.014191E-06,4.914,0
0.3285,-2.517739E-05,4.9275,0,0.3285,-4.129091E-05,4.9275,0
0.3294,-9.735256E-06,4.941,0,0.3294,-5.337606E-05,4.941,0
0.3303,-1.712062E-05,4.9545,0,0.3303,1.174945E-05,4.9545,0
0.3312,-1.174945E-05,4.968,0,0.3312,-1.107805E-05,4.968,0
0.3321,-1.174945E-05,4.9815,0,0.3321,-5.337606E-05,4.9815,0
0.333,-2.28275E-05,4.995,0,0.333,-1.174945E-05,4.995,0
0.3339,1.040665E-05,5.0085,0,0.3339,-1.007095E-06,5.0085,0
0.3348,-8.392462E-06,5.022,0,0.3348,-4.39765E-05,5.022,0
0.3357,1.141375E-05,5.0355,0,0.3357,-3.356985E-05,5.0355,0
0.3366,9.063859E-06,5.049,0,0.3366,-7.049668E-06,5.049,0
0.3375,6.042573E-06,5.0625,0,0.3375,-1.980621E-05,5.0625,0
0.3384,-8.392462E-06,5.076,0,0.3384,-3.894102E-05,5.076,0
0.3393,7.721065E-06,5.0895,0,0.3393,-5.941863E-05,5.0895,0
0.3402,-1.107805E-05,5.103,0,0.3402,-1.980621E-05,5.103,0
0.3411,-7.586786E-05,5.1165,0,0.3411,1.577783E-05,5.1165,0
0.342,-4.666209E-05,5.13,0,0.342,-3.692683E-06,5.13,0
0.3429,-1.107805E-05,5.1435,0,0.3429,-4.229801E-05,5.1435,0
0.3438,-4.095522E-05,5.157,0,0.3438,-1.007095E-06,5.157,0
0.3447,-8.056763E-06,5.1705,0,0.3447,-4.699779E-06,5.1705,0
0.3456,1.745632E-05,5.184,0,0.3456,-4.867628E-05,5.184,0
0.3465,-1.007095E-06,5.1975,0,0.3465,1.678492E-06,5.1975,0
0.3474,2.316319E-05,5.211,0,0.3474,-8.392462E-06,5.211,0
0.3483,2.517739E-05,5.2245,0,0.3483,-4.061952E-05,5.2245,0
0.3492,-2.349889E-05,5.238,0,0.3492,-3.491264E-05,5.238,0
0.3501,-1.644922E-05,5.2515,0,0.3501,-1.779202E-05,5.2515,0
0.351,1.174945E-05,5.265,0,0.351,-1.107805E-05,5.265,0
0.3519,-1.107805E-05,5.2785,0,0.3519,-7.049668E-06,5.2785,0
0.3528,-4.699779E-06,5.292,0,0.3528,-4.162661E-05,5.292,0
0.3537,5.035477E-06,5.3055,0,0.3537,-4.028382E-06,5.3055,0
0.3546,-1.678492E-06,5.319,0,0.3546,1.779202E-05,5.319,0
0.3555,-2.786297E-05,5.3325,0,0.3555,-3.121996E-05,5.3325,0
0.3564,-1.812772E-05,5.346,0,0.3564,-3.994812E-05,5.346,0
0.3573,-1.174945E-05,5.3595,0,0.3573,7.721065E-06,5.3595,0
0.3582,-8.392462E-06,5.373,0,0.3582,-3.692683E-06,5.373,0
0.3591,-6.713969E-06,5.3865,0,0.3591,-5.270466E-05,5.3865,0
0.36,-2.685588E-06,5.4,0,0.36,-2.349889E-06,5.4,0
0.3609,-6.042573E-06,5.4135,0,0.3609,6.713969E-06,5.4135,0
0.3618,3.356985E-07,5.427,0,0.3618,-3.558404E-05,5.427,0
0.3627,3.021286E-05,5.4405,0,0.3627,-1.510643E-05,5.4405,0
0.3636,-3.289845E-05,5.454,0,0.3636,7.385367E-06,5.454,0
0.3645,-3.457694E-05,5.4675,0,0.3645,3.356985E-07,5.4675,0
0.3654,-5.706874E-06,5.481,0,0.3654,-9.063859E-06,5.481,0
0.3663,5.706874E-06,5.4945,0,0.3663,-2.21561E-05,5.4945,0
0.3672,-7.721065E-06,5.508,0,0.3672,-1.309224E-05,5.508,0
0.3681,-3.625543E-05,5.5215,0,0.3681,-1.913481E-05,5.5215,0
0.369,-5.706874E-06,5.535,0,0.369,-3.793393E-05,5.535,0
0.3699,-2.081331E-05,5.5485,0,0.3699,-3.793393E-05,5.5485,0
0.3708,-2.417029E-05,5.562,0,0.3708,-4.699779E-06,5.562,0
0.3717,1.309224E-05,5.5755,0,0.3717,-1.040665E-05,5.5755,0
0.3726,6.713969E-07,5.589,0,0.3726,-5.371176E-05,5.589,0
0.3735,-5.035477E-06,5.6025,0,0.3735,-7.385367E-06,5.6025,0
0.3744,9.063859E-06,5.616,0,0.3744,1.107805E-05,5.616,0
0.3753,5.706874E-06,5.6295,0,0.3753,-2.450599E-05,5.6295,0
0.3762,3.256275E-05,5.643,0,0.3762,-2.18204E-05,5.643,0
0.3771,2.349889E-05,5.6565,0,0.3771,6.378271E-06,5.6565,0
0.378,4.36408E-06,5.67,0,0.378,6.378271E-06,5.67,0
0.3789,-2.584878E-05,5.6835,0,0.3789,-1.879912E-05,5.6835,0
0.3798,-1.678492E-06,5.697,0,0.3798,-4.39765E-05,5.697,0
0.3807,-4.36408E-06,5.7105,0,0.3807,-1.040665E-05,5.7105,0
0.3816,-6.74754E-05,5.724,0,0.3816,2.349889E-06,5.724,0
0.3825,-5.874724E-05,5.7375,0,0.3825,-2.719158E-05,5.7375,0
0.3834,-2.24918E-05,5.751,0,0.3834,-5.404745E-05,5.751,0
0.3843,-2.316319E-05,5.7645,0,0.3843,-7.385367E-06,5.7645,0
0.3852,8.728161E-06,5.778,0,0.3852,-6.378271E-06,5.778,0
0.3861,2.517739E-05,5.7915,0,0.3861,-6.64683E-05,5.7915,0
0.387,-2.1149E-05,5.805,0,0.387,-6.378271E-06,5.805,0
0.3879,1.309224E-05,5.8185,0,0.3879,-4.36408E-06,5.8185,0
0.3888,3.054856E-05,5.832,0,0.3888,-5.874724E-05,5.832,0
0.3897,-7.721065E-06,5.8455,0,0.3897,-3.356985E-05,5.8455,0
0.3906,-2.349889E-05,5.859,0,0.3906,-2.349889E-06,5.859,0
0.3915,-1.242084E-05,5.8725,0,0.3915,-1.644922E-05,5.8725,0
0.3924,-7.049668E-06,5.886,0,0.3924,-2.24918E-05,5.886,0
0.3933,-1.309224E-05,5.8995,0,0.3933,-4.162661E-05,5.8995,0
0.3942,1.040665E-05,5.913,0,0.3942,-3.692683E-06,5.913,0
0.3951,2.853437E-05,5.9265,0,0.3951,1.477073E-05,5.9265,0
0.396,-4.36408E-06,5.94,0,0.396,-2.316319E-05,5.94,0
0.3969,2.014191E-05,5.9535,0,0.3969,-2.652018E-05,5.9535,0
0.3978,1.107805E-05,5.967,0,0.3978,1.141375E-05,5.967,0
0.3987,-1.712062E-05,5.9805,0,0.3987,2.349889E-06,5.9805,0
0.3996,-1.007095E-06,5.994,0,0.3996,-6.478981E-05,5.994,0
0.4005,7.721065E-06,6.0075,0,0.4005,-1.309224E-05,6.0075,0
0.4014,-9.063859E-06,6.021,0,0.4014,-5.706874E-06,6.021,0
0.4023,-2.28275E-05,6.0345,0,0.4023,-5.001907E-05,6.0345,0
0.4032,-7.049668E-06,6.048,0,0.4032,-3.726253E-05,6.048,0
0.4041,-1.376364E-05,6.0615,0,0.4041,1.678492E-06,6.0615,0
0.405,-3.088426E-05,6.075,0,0.405,-2.014191E-05,6.075,0
0.4059,-3.256275E-05,6.0885,0,0.4059,-1.980621E-05,6.0885,0
0.4068,-1.275654E-05,6.102,0,0.4068,-4.699779E-05,6.102,0
0.4077,-1.947051E-05,6.1155,0,0.4077,-2.450599E-05,6.1155,0
0.4086,-5.203327E-05,6.129,0,0.4086,-5.035477E-06,6.129,0
0.4095,-4.196231E-05,6.1425,0,0.4095,-3.356985E-05,6.1425,0
0.4104,-1.309224E-05,6.156,0,0.4104,-4.53193E-05,6.156,0
0.4113,-2.920577E-05,6.1695,0,0.4113,1.342794E-06,6.1695,0
0.4122,-2.786297E-05,6.183,0,0.4122,-1.644922E-05,6.183,0
0.4131,-5.035477E-06,6.1965,0,0.4131,-5.874724E-05,6.1965,0
0.414,-2.719158E-05,6.21,0,0.414,6.378271E-06,6.21,0
0.4149,2.584878E-05,6.2235,0,0.4149,1.913481E-05,6.2235,0
0.4158,4.934768E-05,6.237,0,0.4158,-2.887007E-05,6.237,0
0.4167,-2.887007E-05,6.2505,0,0.4167,-1.980621E-05,6.2505,0
0.4176,-1.107805E-05,6.264,0,0.4176,1.980621E-05,6.264,0
0.4185,-1.107805E-05,6.2775,0,0.4185,-1.376364E-05,6.2775,0
0.4194,-2.316319E-05,6.291,0,0.4194,-2.316319E-05,6.291,0
0.4203,1.712062E-05,6.3045,0,0.4203,-3.726253E-05,6.3045,0
0.4212,3.659113E-05,6.318,0,0.4212,-3.356985E-07,6.318,0
0.4221,-1.107805E-05,6.3315,0,0.4221,-2.987716E-05,6.3315,0
0.423,-1.644922E-05,6.345,0,0.423,-4.263371E-05,6.345,0
0.4239,9.399558E-06,6.3585,0,0.4239,-3.256275E-05,6.3585,0
0.4248,-3.021286E-06,6.372,0,0.4248,1.007095E-06,6.372,0
0.4257,-1.174945E-05,6.3855,0,0.4257,-6.042573E-06,6.3855,0
0.4266,-1.007095E-06,6.399,0,0.4266,-5.539025E-05,6.399,0
0.4275,-8.728161E-06,6.4125,0,0.4275,-7.385367E-06,6.4125,0
0.4284,2.1149E-05,6.426,0,0.4284,1.309224E-05,6.426,0
0.4293,1.309224E-05,6.4395,0,0.4293,-3.894102E-05,6.4395,0
0.4302,-1.141375E-05,6.453,0,0.4302,-2.920577E-05,6.453,0
0.4311,-3.860533E-05,6.4665,0,0.4311,-3.356985E-06,6.4665,0
0.432,-2.685588E-06,6.48,0,0.432,3.356985E-07,6.48,0
0.4329,1.040665E-05,6.4935,0,0.4329,-9.735256E-06,6.4935,0
0.4338,-1.376364E-05,6.507,0,0.4338,-3.927672E-05,6.507,0
0.4347,5.035477E-06,6.5205,0,0.4347,-1.577783E-05,6.5205,0
0.4356,4.800488E-05,6.534,0,0.4356,9.063859E-06,6.534,0
0.4365,9.063859E-06,6.5475,0,0.4365,-2.752728E-05,6.5475,0
0.4374,-1.007095E-06,6.561,0,0.4374,-4.800488E-05,6.561,0
0.4383,1.678492E-05,6.5745,0,0.4383,2.349889E-06,6.5745,0
0.4392,-7.049668E-06,6.588,0,0.4392,-1.242084E-05,6.588,0
0.4401,-1.678492E-05,6.6015,0,0.4401,-6.61326E-05,6.6015,0
0.441,-1.510643E-05,6.615,0,0.441,3.021286E-06,6.615,0
0.4419,-2.047761E-05,6.6285,0,0.4419,3.961242E-05,6.6285,0
0.4428,-5.136187E-05,6.642,0,0.4428,-3.826963E-05,6.642,0
0.4437,-2.987716E-05,6.6555,0,0.4437,-4.53193E-05,6.6555,0
0.4446,-3.726253E-05,6.669,0,0.4446,5.706874E-06,6.669,0
0.4455,-2.685588E-05,6.6825,0,0.4455,-9.735256E-06,6.6825,0
0.4464,-8.392462E-06,6.696,0,0.4464,-3.189136E-05,6.696,0
0.4473,-1.678492E-06,6.7095,0,0.4473,-5.236896E-05,6.7095,0
0.4482,7.721065E-06,6.723,0,0.4482,-7.049668E-06,6.723,0
0.4491,9.399558E-06,6.7365,0,0.4491,3.356985E-06,6.7365,0
0.45,7.721065E-06,6.75,0,0.45,-2.450599E-05,6.75,0
0.4509,5.035477E-06,6.7635,0,0.4509,-5.404745E-05,6.7635,0
0.4518,-9.063859E-06,6.777,0,0.4518,-4.699779E-06,6.777,0
0.4527,8.392462E-06,6.7905,0,0.4527,-1.376364E-05,6.7905,0
0.4536,-3.356985E-06,6.804,0,0.4536,-5.874724E-05,6.804,0
0.4545,-7.721065E-06,6.8175,0,0.4545,0,6.8175,0
0.4554,4.028382E-06,6.831,0,0.4554,2.819867E-05,6.831,0
0.4563,-2.316319E-05,6.8445,0,0.4563,-2.484169E-05,6.8445,0
0.4572,-4.39765E-05,6.858,0,0.4572,-1.510643E-05,6.858,0
0.4581,-3.860533E-05,6.8715,0,0.4581,1.376364E-05,6.8715,0
0.459,-2.551309E-05,6.885,0,0.459,-7.049668E-06,6.885,0
0.4599,-1.242084E-05,6.8985,0,0.4599,-1.409934E-05,6.8985,0
0.4608,-1.947051E-05,6.912,0,0.4608,-4.33051E-05,6.912,0
0.4617,2.349889E-06,6.9255,0,0.4617,-1.409934E-05,6.9255,0
0.4626,-1.779202E-05,6.939,0,0.4626,9.063859E-06,6.939,0
0.4635,-2.887007E-05,6.9525,0,0.4635,-3.256275E-05,6.9525,0
0.4644,3.256275E-05,6.966,0,0.4644,-4.061952E-05,6.966,0
0.4653,-1.644922E-05,6.9795,0,0.4653,-3.021286E-06,6.9795,0
0.4662,-2.685588E-05,6.993,0,0.4662,-3.692683E-06,6.993,0
0.4671,2.719158E-05,7.0065,0,0.4671,-5.572595E-05,7.0065,0
0.468,8.392462E-06,7.02,0,0.468,-1.141375E-05,7.02,0
0.4689,1.376364E-05,7.0335,0,0.4689,8.728161E-06,7.0335,0
0.4698,2.652018E-05,7.047,0,0.4698,-4.162661E-05,7.047,0
0.4707,-2.24918E-05,7.0605,0,0.4707,-3.793393E-05,7.0605,0
0.4716,-1.913481E-05,7.074,0,0.4716,-4.36408E-06,7.074,0
0.4725,-7.721065E-06,7.0875,0,0.4725,-5.035477E-06,7.0875,0
0.4734,5.035477E-06,7.101,0,0.4734,-1.510643E-05,7.101,0
0.4743,-1.342794E-06,7.1145,0,0.4743,-3.759823E-05,7.1145,0
0.4752,-8.392462E-06,7.128,0,0.4752,-4.36408E-05,7.128,0
0.4761,3.994812E-05,7.1415,0,0.4761,-3.323415E-05,7.1415,0
0.477,3.524834E-05,7.155,0,0.477,-4.129091E-05,7.155,0
0.4779,3.021286E-06,7.1685,0,0.4779,-5.203327E-05,7.1685,0
0.4788,4.699779E-06,7.182,0,0.4788,3.356985E-07,7.182,0
0.4797,2.349889E-05,7.1955,0,0.4797,3.356985E-07,7.1955,0
0.4806,1.275654E-05,7.209,0,0.4806,-4.129091E-05,7.209,0
0.4815,-1.007095E-06,7.2225,0,0.4815,-4.36408E-06,7.2225,0
0.4824,-3.054856E-05,7.236,0,0.4824,1.443504E-05,7.236,0
0.4833,-3.558404E-05,7.2495,0,0.4833,-2.18204E-05,7.2495,0
0.4842,-2.21561E-05,7.263,0,0.4842,-9.399558E-06,7.263,0
0.4851,-8.056763E-06,7.2765,0,0.4851,2.450599E-05,7.2765,0
0.486,-1.712062E-05,7.29,0,0.486,2.349889E-05,7.29,0
0.4869,-2.618448E-05,7.3035,0,0.4869,-2.014191E-06,7.3035,0
0.4878,-2.786297E-05,7.317,0,0.4878,-2.920577E-05,7.317,0
0.4887,-2.014191E-06,7.3305,0,0.4887,3.356985E-07,7.3305,0
0.4896,2.887007E-05,7.344,0,0.4896,9.063859E-06,7.344,0
0.4905,7.049668E-06,7.3575,0,0.4905,-2.652018E-05,7.3575,0
0.4914,-5.706874E-06,7.371,0,0.4914,-3.323415E-05,7.371,0
0.4923,-2.920577E-05,7.3845,0,0.4923,1.443504E-05,7.3845,0
0.4932,1.007095E-06,7.398,0,0.4932,6.042573E-06,7.398,0
0.4941,3.826963E-05,7.4115,0,0.4941,-5.203327E-05,7.4115,0
0.495,-7.721065E-06,7.425,0,0.495,-1.040665E-05,7.425,0
0.4959,-4.061952E-05,7.4385,0,0.4959,1.242084E-05,7.4385,0
0.4968,-1.174945E-05,7.452,0,0.4968,-3.659113E-05,7.452,0
0.4977,3.323415E-05,7.4655,0,0.4977,-2.18204E-05,7.4655,0
0.4986,-1.712062E-05,7.479,0,0.4986,-1.477073E-05,7.479,0
0.4995,-1.577783E-05,7.4925,0,0.4995,-2.618448E-05,7.4925,0
0.5004,-8.392462E-06,7.506,0,0.5004,-3.692683E-05,7.506,0
0.5013,-6.378271E-06,7.5195,0,0.5013,-5.304036E-05,7.5195,0
0.5022,7.049668E-06,7.533,0,0.5022,-2.047761E-05,7.533,0
0.5031,-2.24918E-05,7.5465,0,0.5031,-1.779202E-05,7.5465,0
0.504,-1.879912E-05,7.56,0,0.504,-4.666209E-05,7.56,0
0.5049,2.349889E-06,7.5735,0,0.5049,-4.867628E-05,7.5735,0
0.5058,-9.399558E-06,7.587,0,0.5058,-1.443504E-05,7.587,0
0.5067,-4.46479E-05,7.6005,0,0.5067,-3.659113E-05,7.6005,0
0.5076,-1.477073E-05,7.614,0,0.5076,-7.553216E-05,7.614,0
0.5085,-1.007095E-06,7.6275,0,0.5085,-1.980621E-05,7.6275,0
0.5094,-1.309224E-05,7.641,0,0.5094,3.021286E-06,7.641,0
0.5103,-3.524834E-05,7.6545,0,0.5103,-5.740444E-05,7.6545,0
0.5112,-1.275654E-05,7.668,0,0.5112,-3.256275E-05,7.668,0
0.5121,-2.652018E-05,7.6815,0,0.5121,4.867628E-05,7.6815,0
0.513,-2.24918E-05,7.695,0,0.513,1.477073E-05,7.695,0
0.5139,-1.510643E-05,7.7085,0,0.5139,-1.879912E-05,7.7085,0
0.5148,-1.980621E-05,7.722,0,0.5148,-4.733349E-05,7.722,0
0.5157,-1.846342E-05,7.7355,0,0.5157,-5.035477E-06,7.7355,0
0.5166,-1.544213E-05,7.749,0,0.5166,4.46479E-05,7.749,0
0.5175,-1.644922E-05,7.7625,0,0.5175,1.779202E-05,7.7625,0
0.5184,-1.007095E-05,7.776,0,0.5184,-2.987716E-05,7.776,0
0.5193,-2.081331E-05,7.7895,0,0.5193,-3.356985E-07,7.7895,0
0.5202,1.678492E-06,7.803,0,0.5202,-2.047761E-05,7.803,0
0.5211,-1.510643E-05,7.8165,0,0.5211,-7.150377E-05,7.8165,0
0.522,-2.618448E-05,7.83,0,0.522,3.356985E-07,7.83,0
0.5229,-1.510643E-05,7.8435,0,0.5229,-2.349889E-06,7.8435,0
0.5238,-1.007095E-05,7.857,0,0.5238,-5.471885E-05,7.857,0
0.5247,-4.666209E-05,7.8705,0,0.5247,-5.001907E-05,7.8705,0
0.5256,-2.987716E-05,7.884,0,0.5256,1.007095E-06,7.884,0
0.5265,-3.256275E-05,7.8975,0,0.5265,-1.947051E-05,7.8975,0
0.5274,-1.712062E-05,7.911,0,0.5274,-4.968337E-05,7.911,0
0.5283,4.36408E-06,7.9245,0,0.5283,-6.411841E-05,7.9245,0
0.5292,4.36408E-06,7.938,0,0.5292,-2.853437E-05,7.938,0
0.5301,-1.611353E-05,7.9515,0,0.5301,-4.36408E-06,7.9515,0
0.531,-2.316319E-05,7.965,0,0.531,-3.994812E-05,7.965,0
0.5319,9.063859E-06,7.9785,0,0.5319,-5.337606E-05,7.9785,0
0.5328,-6.713969E-07,7.992,0,0.5328,-5.706874E-06,7.992,0
0.5337,-9.399558E-06,8.0055,0,0.5337,-5.035477E-06,8.0055,0
0.5346,1.779202E-05,8.019,0,0.5346,-5.136187E-05,8.019,0
0.5355,1.510643E-05,8.0325,0,0.5355,3.356985E-07,8.0325,0
0.5364,4.196231E-05,8.046,0,0.5364,7.385367E-06,8.046,0
0.5373,5.874724E-05,8.0595,0,0.5373,-2.987716E-05,8.0595,0
0.5382,4.39765E-05,8.073,0,0.5382,-2.047761E-05,8.073,0
0.5391,2.450599E-05,8.0865,0,0.5391,1.007095E-06,8.0865,0
0.54,2.652018E-05,8.1,0,0.54,-9.399558E-06,8.1,0
0.5409,1.443504E-05,8.1135,0,0.5409,-1.510643E-05,8.1135,0
0.5418,8.056763E-06,8.127,0,0.5418,-4.39765E-05,8.127,0
0.5427,-1.007095E-06,8.1405,0,0.5427,-1.040665E-05,8.1405,0
0.5436,-3.021286E-05,8.154,0,0.5436,1.309224E-05,8.154,0
0.5445,-4.196231E-05,8.1675,0,0.5445,-2.954147E-05,8.1675,0
0.5454,-2.719158E-05,8.181,0,0.5454,-4.061952E-05,8.181,0
0.5463,-8.728161E-06,8.1945,0,0.5463,5.035477E-06,8.1945,0
0.5472,-6.378271E-06,8.208,0,0.5472,-5.706874E-06,8.208,0
0.5481,4.699779E-06,8.2215,0,0.5481,-6.411841E-05,8.2215,0
0.549,-9.399558E-06,8.235,0,0.549,-2.450599E-05,8.235,0
0.5499,-1.107805E-05,8.2485,0,0.5499,3.021286E-06,8.2485,0
0.5508,-2.047761E-05,8.262,0,0.5508,-4.632639E-05,8.262,0
0.5517,1.779202E-05,8.2755,0,0.5517,-5.438316E-05,8.2755,0
0.5526,-5.706874E-06,8.289,0,0.5526,-1.174945E-05,8.289,0
0.5535,-1.174945E-05,8.3025,0,0.5535,-1.980621E-05,8.3025,0
0.5544,-8.728161E-06,8.316,0,0.5544,-2.853437E-05,8.316,0
0.5553,2.920577E-05,8.3295,0,0.5553,-4.129091E-05,8.3295,0
0.5562,3.256275E-05,8.343,0,0.5562,1.309224E-05,8.343,0
0.5571,-2.1149E-05,8.3565,0,0.5571,4.129091E-05,8.3565,0
0.558,-4.867628E-05,8.37,0,0.558,-1.208515E-05,8.37,0
0.5589,-1.812772E-05,8.3835,0,0.5589,-3.222705E-05,8.3835,0
0.5598,-3.189136E-05,8.397,0,0.5598,2.28275E-05,8.397,0
0.5607,-1.409934E-05,8.4105,0,0.5607,3.021286E-06,8.4105,0
0.5616,-1.141375E-05,8.424,0,0.5616,-3.289845E-05,8.424,0
0.5625,-2.21561E-05,8.4375,0,0.5625,9.735256E-06,8.4375,0
0.5634,2.786297E-05,8.451,0,0.5634,2.652018E-05,8.451,0
0.5643,-1.409934E-05,8.4645,0,0.5643,-2.517739E-05,8.4645,0
0.5652,-7.049668E-06,8.478,0,0.5652,-3.323415E-05,8.478,0
0.5661,-3.356985E-07,8.4915,0,0.5661,-2.349889E-06,8.4915,0
0.567,-6.378271E-06,8.505,0,0.567,-2.887007E-05,8.505,0
0.5679,-2.752728E-05,8.5185,0,0.5679,-4.934768E-05,8.5185,0
0.5688,-1.577783E-05,8.532,0,0.5688,-8.358892E-05,8.532,0
0.5697,0,8.5455,0,0.5697,-3.524834E-05,8.5455,0
0.5706,-3.021286E-06,8.559,0,0.5706,-2.28275E-05,8.559,0
0.5715,-1.275654E-05,8.5725,0,0.5715,-4.49836E-05,8.5725,0
0.5724,1.712062E-05,8.586,0,0.5724,-2.987716E-05,8.586,0
0.5733,-1.510643E-05,8.5995,0,0.5733,4.53193E-05,8.5995,0
0.5742,-1.712062E-05,8.613,0,0.5742,3.994812E-05,8.613,0
0.5751,7.721065E-06,8.6265,0,0.5751,-9.063859E-06,8.6265,0
0.576,1.342794E-06,8.64,0,0.576,5.035477E-05,8.64,0
0.5769,-3.424125E-05,8.6535,0,0.5769,6.948959E-05,8.6535,0
0.5778,-3.121996E-05,8.667,0,0.5778,2.752728E-05,8.667,0
0.5787,1.040665E-05,8.6805,0,0.5787,1.074235E-05,8.6805,0
0.5796,-1.174945E-05,8.694,0,0.5796,1.141375E-05,8.694,0
0.5805,-7.049668E-06,8.7075,0,0.5805,-1.342794E-05,8.7075,0
0.5814,-3.021286E-06,8.721,0,0.5814,-2.987716E-05,8.721,0
0.5823,3.356985E-06,8.7345,0,0.5823,-3.088426E-05,8.7345,0
0.5832,1.846342E-05,8.748,0,0.5832,-3.356985E-07,8.748,0
0.5841,-1.107805E-05,8.7615,0,0.5841,1.409934E-05,8.7615,0
0.585,-3.356985E-07,8.775,0,0.585,-7.049668E-06,8.775,0
0.5859,-3.692683E-06,8.7885,0,0.5859,-3.390555E-05,8.7885,0
0.5868,-3.692683E-06,8.802,0,0.5868,-1.040665E-05,8.802,0
0.5877,4.699779E-06,8.8155,0,0.5877,-2.853437E-05,8.8155,0
0.5886,2.014191E-06,8.829,0,0.5886,-9.399557E-05,8.829,0
0.5895,-1.812772E-05,8.8425,0,0.5895,-5.337606E-05,8.8425,0
0.5904,3.457694E-05,8.856,0,0.5904,-5.606165E-05,8.856,0
0.5913,2.517739E-05,8.8695,0,0.5913,-0.0001077592,8.8695,0
0.5922,-6.713969E-06,8.883,0,0.5922,-0.0001178302,8.883,0
0.5931,-5.706874E-06,8.8965,0,0.5931,-8.325322E-05,8.8965,0
0.594,-7.049668E-06,8.91,0,0.594,-7.553216E-05,8.91,0
0.5949,-1.443504E-05,8.9235,0,0.5949,-0.0001030594,8.9235,0
0.5958,-7.721065E-06,8.937,0,0.5958,-0.000102388,8.937,0
0.5967,-2.417029E-05,8.9505,0,0.5967,-6.042573E-05,8.9505,0
0.5976,-3.793393E-05,8.964,0,0.5976,1.644922E-05,8.964,0
0.5985,9.063859E-06,8.9775,0,0.5985,2.887007E-05,8.9775,0
0.5994,-9.735256E-06,8.991,0,0.5994,7.049668E-05,8.991,0
0.6003,-7.083238E-05,9.0045,0,0.6003,0.0001433432,9.0045,0
0.6012,-4.666209E-05,9.018,0,0.6012,0.0001131304,9.018,0
0.6021,-1.544213E-05,9.0315,0,0.6021,9.735256E-06,9.0315,0
0.603,-2.1149E-05,9.045,0,0.603,-6.713969E-07,9.045,0
0.6039,1.879912E-05,9.0585,0,0.6039,-5.706874E-06,9.0585,0
0.6048,3.323415E-05,9.072001,0,0.6048,-4.968337E-05,9.072001,0
0.6057,9.735256E-06,9.0855,0,0.6057,-4.699779E-06,9.0855,0
0.6066,2.920577E-05,9.099,0,0.6066,-3.356985E-07,9.099,0
0.6075,3.256275E-05,9.1125,0,0.6075,-2.954147E-05,9.1125,0
0.6084,-2.28275E-05,9.126,0,0.6084,-2.349889E-05,9.126,0
0.6093,-6.378271E-06,9.1395,0,0.6093,-4.061952E-05,9.1395,0
0.6102,-5.706874E-06,9.153,0,0.6102,-2.484169E-05,9.153,0
0.6111,-2.21561E-05,9.1665,0,0.6111,-1.913481E-05,9.1665,0
0.612,5.035477E-06,9.18,0,0.612,-4.263371E-05,9.18,0
0.6129,4.36408E-06,9.1935,0,0.6129,-4.263371E-05,9.1935,0
0.6138,-1.107805E-05,9.207,0,0.6138,-1.342794E-06,9.207,0
0.6147,-4.36408E-06,9.2205,0,0.6147,-2.18204E-05,9.2205,0
0.6156,1.510643E-05,9.234,0,0.6156,-5.975433E-05,9.234,0
0.6165,9.735256E-06,9.2475,0,0.6165,-9.735256E-06,9.2475,0
0.6174,-3.021286E-05,9.261,0,0.6174,-2.383459E-05,9.261,0
0.6183,-9.735256E-06,9.2745,0,0.6183,-6.210422E-05,9.2745,0
0.6192,-2.18204E-05,9.288,0,0.6192,-3.155566E-05,9.288,0
0.6201,-5.807584E-05,9.3015,0,0.6201,-9.063859E-06,9.3015,0
0.621,-3.121996E-05,9.315,0,0.621,7.721065E-06,9.315,0
0.6219,-3.692683E-06,9.3285,0,0.6219,2.652018E-05,9.3285,0
0.6228,-4.39765E-05,9.342,0,0.6228,-3.793393E-05,9.342,0
0.6237,-7.284657E-05,9.3555,0,0.6237,-5.539025E-05,9.3555,0
0.6246,-6.915389E-05,9.369,0,0.6246,-4.263371E-05,9.369,0
0.6255,-5.740444E-05,9.3825,0,0.6255,-9.466698E-05,9.3825,0
0.6264,-7.049668E-06,9.396,0,0.6264,-9.500267E-05,9.396,0
0.6273,-3.356985E-07,9.4095,0,0.6273,-4.49836E-05,9.4095,0
0.6282,1.174945E-05,9.423,0,0.6282,-6.74754E-05,9.423,0
0.6291,3.692683E-06,9.4365,0,0.6291,-8.090334E-05,9.4365,0
0.63,-7.049668E-06,9.45,0,0.63,-4.028382E-06,9.45,0
0.6309,3.155566E-05,9.4635,0,0.6309,3.994812E-05,9.4635,0
0.6318,2.752728E-05,9.477,0,0.6318,6.71397E-05,9.477,0
0.6327,6.6804E-05,9.4905,0,0.6327,0.000102388,9.4905,0
0.6336,3.793393E-05,9.504,0,0.6336,0.000109102,9.504,0
0.6345,1.174945E-05,9.5175,0,0.6345,2.383459E-05,9.5175,0
0.6354,6.042573E-06,9.531,0,0.6354,-2.18204E-05,9.531,0
0.6363,-9.063859E-06,9.5445,0,0.6363,-4.39765E-05,9.5445,0
0.6372,-4.196231E-05,9.558,0,0.6372,-4.33051E-05,9.558,0
0.6381,-1.846342E-05,9.5715,0,0.6381,-2.584878E-05,9.5715,0
0.639,2.24918E-05,9.585,0,0.639,-1.107805E-05,9.585,0
0.6399,6.277562E-05,9.5985,0,0.6399,-3.726253E-05,9.5985,0
0.6408,2.551309E-05,9.612,0,0.6408,-3.927672E-05,9.612,0
0.6417,9.063859E-06,9.6255,0,0.6417,-4.33051E-05,9.6255,0
0.6426,1.678492E-06,9.639,0,0.6426,-6.344701E-05,9.639,0
0.6435,-4.196231E-05,9.6525,0,0.6435,3.054856E-05,9.6525,0
0.6444,-4.934768E-05,9.666,0,0.6444,7.183947E-05,9.666,0
0.6453,-3.189136E-05,9.6795,0,0.6453,-2.517739E-05,9.6795,0
0.6462,-4.196231E-05,9.693,0,0.6462,-7.318227E-05,9.693,0
0.6471,-1.913481E-05,9.7065,0,0.6471,-6.076142E-05,9.7065,0
0.648,7.721065E-06,9.72,0,0.648,-8.69459E-05,9.72,0
0.6489,-3.088426E-05,9.7335,0,0.6489,-0.000105745,9.7335,0
0.6498,-5.673304E-05,9.747,0,0.6498,-0.0001232013,9.747,0
0.6507,-2.517739E-05,9.7605,0,0.6507,-7.989624E-05,9.7605,0
0.6516,-3.524834E-05,9.774,0,0.6516,-2.584878E-05,9.774,0
0.6525,-1.174945E-05,9.7875,0,0.6525,-1.644922E-05,9.7875,0
0.6534,2.14847E-05,9.801,0,0.6534,3.356985E-06,9.801,0
0.6543,-2.920577E-05,9.8145,0,0.6543,6.109713E-05,9.8145,0
0.6552,-5.941863E-05,9.828,0,0.6552,7.620356E-05,9.828,0
0.6561,-6.378271E-06,9.8415,0,0.6561,1.577783E-05,9.8415,0
0.657,1.040665E-05,9.855,0,0.657,5.236896E-05,9.855,0
0.6579,3.558404E-05,9.8685,0,0.6579,8.593881E-05,9.8685,0
0.6588,2.349889E-06,9.882,0,0.6588,1.745632E-05,9.882,0
0.6597,2.383459E-05,9.8955,0,0.6597,4.028382E-05,9.8955,0
0.6606,1.275654E-05,9.909,0,0.6606,4.800488E-05,9.909,0
0.6615,-4.36408E-06,9.9225,0,0.6615,-3.021286E-06,9.9225,0
0.6624,7.721065E-06,9.936,0,0.6624,-6.378271E-06,9.936,0
0.6633,-2.819867E-05,9.9495,0,0.6633,-5.069047E-05,9.9495,0
0.6642,-5.136187E-05,9.963,0,0.6642,-5.270466E-05,9.963,0
0.6651,-5.337606E-05,9.976501,0,0.6651,-3.021286E-06,9.976501,0
0.666,-2.316319E-05,9.99,0,0.666,1.678492E-06,9.99,0
0.6669,-3.356985E-06,10.0035,0,0.6669,-2.685588E-05,10.0035,0
0.6678,-7.385367E-06,10.017,0,0.6678,1.577783E-05,10.017,0
0.6687,7.385367E-06,10.0305,0,0.6687,-1.745632E-05,10.0305,0
0.6696,2.450599E-05,10.044,0,0.6696,-7.284657E-05,10.044,0
0.6705,-5.706874E-06,10.0575,0,0.6705,-4.934768E-05,10.0575,0
0.6714,3.424125E-05,10.071,0,0.6714,-2.786297E-05,10.071,0
0.6723,7.721065E-06,10.0845,0,0.6723,-6.54612E-05,10.0845,0
0.6732,-3.054856E-05,10.098,0,0.6732,-4.766919E-05,10.098,0
0.6741,-2.1149E-05,10.1115,0,0.6741,-2.786297E-05,10.1115,0
0.675,-1.577783E-05,10.125,0,0.675,-5.136187E-05,10.125,0
0.6759,-2.349889E-06,10.1385,0,0.6759,-3.121996E-05,10.1385,0
0.6768,8.392462E-06,10.152,0,0.6768,-3.054856E-05,10.152,0
0.6777,9.735256E-06,10.1655,0,0.6777,-3.692683E-06,10.1655,0
0.6786,-2.349889E-06,10.179,0,0.6786,-8.056763E-06,10.179,0
0.6795,1.107805E-05,10.1925,0,0.6795,-2.618448E-05,10.1925,0
0.6804,9.063859E-06,10.206,0,0.6804,-2.719158E-05,10.206,0
0.6813,-3.726253E-05,10.2195,0,0.6813,3.860533E-05,10.2195,0
0.6822,-2.584878E-05,10.233,0,0.6822,-3.457694E-05,10.233,0
0.6831,1.040665E-05,10.2465,0,0.6831,-7.754635E-05,10.2465,0
0.684,-1.644922E-05,10.26,0,0.684,-5.102617E-05,10.26,0
0.6849,-1.443504E-05,10.2735,0,0.6849,-9.433127E-05,10.2735,0
0.6858,-3.424125E-05,10.287,0,0.6858,-0.0001487144,10.287,0
0.6867,-4.800488E-05,10.3005,0,0.6867,-0.0001453574,10.3005,0
0.6876,-4.196231E-05,10.314,0,0.6876,-5.941863E-05,10.314,0
0.6885,2.719158E-05,10.3275,0,0.6885,-2.316319E-05,10.3275,0
0.6894,4.666209E-05,10.341,0,0.6894,2.28275E-05,10.341,0
0.6903,3.659113E-05,10.3545,0,0.6903,3.356985E-07,10.3545,0
0.6912,3.390555E-05,10.368,0,0.6912,2.887007E-05,10.368,0
0.6921,4.599069E-05,10.3815,0,0.6921,3.457694E-05,10.3815,0
0.693,4.733349E-05,10.395,0,0.693,-2.014191E-06,10.395,0
0.6939,1.443504E-05,10.4085,0,0.6939,-3.659113E-05,10.4085,0
0.6948,-2.316319E-05,10.422,0,0.6948,-1.107805E-05,10.422,0
0.6957,-1.678492E-06,10.4355,0,0.6957,-1.678492E-06,10.4355,0
0.6966,3.793393E-05,10.449,0,0.6966,-2.18204E-05,10.449,0
0.6975,8.392462E-06,10.4625,0,0.6975,2.517739E-05,10.4625,0
0.6984,3.356985E-07,10.476,0,0.6984,3.625543E-05,10.476,0
0.6993,-6.713969E-07,10.4895,0,0.6993,-6.378271E-06,10.4895,0
0.7002,2.349889E-06,10.503,0,0.7002,3.088426E-05,10.503,0
0.7011,-8.728161E-06,10.5165,0,0.7011,5.706874E-06,10.5165,0
0.702,-3.591974E-05,10.53,0,0.702,-5.639734E-05,10.53,0
0.7029,-1.678492E-06,10.5435,0,0.7029,-4.196231E-05,10.5435,0
0.7038,1.913481E-05,10.557,0,0.7038,-1.812772E-05,10.557,0
0.7047,-1.309224E-05,10.5705,0,0.7047,6.713969E-06,10.5705,0
0.7056,-5.673304E-05,10.584,0,0.7056,7.083238E-05,10.584,0
0.7065,-2.920577E-05,10.5975,0,0.7065,-6.042573E-06,10.5975,0
0.7074,-4.196231E-05,10.611,0,0.7074,-9.231708E-05,10.611,0
0.7083,-4.934768E-05,10.6245,0,0.7083,-7.788205E-05,10.6245,0
0.7092,-4.733349E-05,10.638,0,0.7092,-0.0001383078,10.638,0
0.7101,-6.51255E-05,10.6515,0,0.7101,-0.0001473716,10.6515,0
0.711,-8.358892E-05,10.665,0,0.711,-3.692683E-05,10.665,0
0.7119,-3.524834E-05,10.6785,0,0.7119,-1.812772E-05,10.6785,0
0.7128,2.652018E-05,10.692,0,0.7128,-1.745632E-05,10.692,0
0.7137,1.342794E-06,10.7055,0,0.7137,7.754635E-05,10.7055,0
0.7146,1.007095E-06,10.719,0,0.7146,0.0001406577,10.719,0
0.7155,2.786297E-05,10.7325,0,0.7155,0.0001554284,10.7325,0
0.7164,3.424125E-05,10.746,0,0.7164,0.0001037308,10.746,0
0.7173,2.652018E-05,10.7595,0,0.7173,-3.356985E-06,10.7595,0
0.7182,1.376364E-05,10.773,0,0.7182,-1.812772E-05,10.773,0
0.7191,2.987716E-05,10.7865,0,0.7191,-9.735256E-06,10.7865,0
0.72,3.726253E-05,10.8,0,0.72,-5.035477E-05,10.8,0
0.7209,6.344701E-05,10.8135,0,0.7209,-9.164568E-05,10.8135,0
0.7218,2.752728E-05,10.827,0,0.7218,-5.404745E-05,10.827,0
0.7227,5.035477E-06,10.8405,0,0.7227,-3.793393E-05,10.8405,0
0.7236,-9.735256E-06,10.854,0,0.7236,-6.344701E-05,10.854,0
0.7245,-4.129091E-05,10.8675,0,0.7245,1.141375E-05,10.8675,0
0.7254,-3.860533E-05,10.881,0,0.7254,8.358892E-05,10.881,0
0.7263,-2.853437E-05,10.8945,0,0.7263,3.189136E-05,10.8945,0
0.7272,-2.752728E-05,10.908,0,0.7272,5.035477E-06,10.908,0
0.7281,-2.853437E-05,10.9215,0,0.7281,5.035477E-06,10.9215,0
0.729,4.36408E-06,10.935,0,0.729,-1.275654E-05,10.935,0
0.7299,-3.323415E-05,10.9485,0,0.7299,-2.1149E-05,10.9485,0
0.7308,-2.450599E-05,10.962,0,0.7308,-6.948959E-05,10.962,0
0.7317,3.189136E-05,10.9755,0,0.7317,-5.606165E-05,10.9755,0
0.7326,5.539025E-05,10.989,0,0.7326,-3.323415E-05,10.989,0
0.7335,1.174945E-05,11.0025,0,0.7335,-5.975433E-05,11.0025,0
0.7344,-9.735256E-06,11.016,0,0.7344,-8.89601E-05,11.016,0
0.7353,-1.376364E-05,11.0295,0,0.7353,-5.639734E-05,11.0295,0
0.7362,-3.289845E-05,11.043,0,0.7362,-5.572595E-05,11.043,0
0.7371,-8.325322E-05,11.0565,0,0.7371,-0.0001010452,11.0565,0
0.738,-9.298848E-05,11.07,0,0.738,-5.304036E-05,11.07,0
0.7389,-7.016098E-05,11.0835,0,0.7389,-2.517739E-05,11.0835,0
0.7398,1.242084E-05,11.097,0,0.7398,-5.270466E-05,11.097,0
0.7407,1.577783E-05,11.1105,0,0.7407,-2.014191E-05,11.1105,0
0.7416,4.263371E-05,11.124,0,0.7416,3.558404E-05,11.124,0
0.7425,-1.242084E-05,11.1375,0,0.7425,4.867628E-05,11.1375,0
0.7434,-5.471885E-05,11.151,0,0.7434,5.404745E-05,11.151,0
0.7443,-6.814679E-05,11.1645,0,0.7443,0,11.1645,0
0.7452,-5.673304E-05,11.178,0,0.7452,2.014191E-06,11.178,0
0.7461,-1.913481E-05,11.1915,0,0.7461,-2.18204E-05,11.1915,0
0.747,1.812772E-05,11.205,0,0.747,-4.196231E-05,11.205,0
0.7479,3.323415E-05,11.2185,0,0.7479,-3.659113E-05,11.2185,0
0.7488,2.316319E-05,11.232,0,0.7488,9.399558E-06,11.232,0
0.7497,4.867628E-05,11.2455,0,0.7497,1.174945E-05,11.2455,0
0.7506,-3.692683E-06,11.259,0,0.7506,-9.030289E-05,11.259,0
0.7515,-1.846342E-05,11.2725,0,0.7515,-2.24918E-05,11.2725,0
0.7524,-1.644922E-05,11.286,0,0.7524,3.356985E-05,11.286,0
0.7533,-8.89601E-05,11.2995,0,0.7533,-9.063859E-06,11.2995,0
0.7542,-8.224613E-05,11.313,0,0.7542,-2.584878E-05,11.313,0
0.7551,-0.0001044022,11.3265,0,0.7551,-2.719158E-05,11.3265,0
0.756,-4.53193E-05,11.34,0,0.756,-5.438316E-05,11.34,0
0.7569,-1.309224E-05,11.3535,0,0.7569,-5.471885E-05,11.3535,0
0.7578,2.18204E-05,11.367,0,0.7578,-8.996719E-05,11.367,0
0.7587,7.083238E-05,11.3805,0,0.7587,-7.821774E-05,11.3805,0
0.7596,5.841154E-05,11.394,0,0.7596,-6.478981E-05,11.394,0
0.7605,2.316319E-05,11.4075,0,0.7605,-7.116808E-05,11.4075,0
0.7614,6.243992E-05,11.421,0,0.7614,-2.584878E-05,11.421,0
0.7623,8.291753E-05,11.4345,0,0.7623,6.915389E-05,11.4345,0
0.7632,4.095522E-05,11.448,0,0.7632,4.666209E-05,11.448,0
0.7641,4.53193E-05,11.4615,0,0.7641,1.174945E-05,11.4615,0
0.765,1.779202E-05,11.475,0,0.765,4.028382E-05,11.475,0
0.7659,-1.107805E-05,11.4885,0,0.7659,6.713969E-07,11.4885,0
0.7668,-1.309224E-05,11.502,0,0.7668,-8.291753E-05,11.502,0
0.7677,-2.349889E-06,11.5155,0,0.7677,-2.450599E-05,11.5155,0
0.7686,-3.524834E-05,11.529,0,0.7686,3.424125E-05,11.529,0
0.7695,-4.061952E-05,11.5425,0,0.7695,3.457694E-05,11.5425,0
0.7704,-1.477073E-05,11.556,0,0.7704,2.18204E-05,11.556,0
0.7713,2.450599E-05,11.5695,0,0.7713,2.652018E-05,11.5695,0
0.7722,1.107805E-05,11.583,0,0.7722,4.095522E-05,11.583,0
0.7731,4.699779E-05,11.5965,0,0.7731,3.424125E-05,11.5965,0
0.774,9.164568E-05,11.61,0,0.774,3.994812E-05,11.61,0
0.7749,4.46479E-05,11.6235,0,0.7749,-2.014191E-05,11.6235,0
0.7758,-2.24918E-05,11.637,0,0.7758,5.706874E-06,11.637,0
0.7767,-3.323415E-05,11.6505,0,0.7767,9.063859E-06,11.6505,0
0.7776,-4.800488E-05,11.664,0,0.7776,-8.89601E-05,11.664,0
0.7785,-4.028382E-05,11.6775,0,0.7785,-7.351797E-05,11.6775,0
0.7794,-6.009003E-05,11.691,0,0.7794,-4.800488E-05,11.691,0
0.7803,-5.572595E-05,11.7045,0,0.7803,-8.023193E-05,11.7045,0
0.7812,-4.53193E-05,11.718,0,0.7812,-5.505455E-05,11.718,0
0.7821,-5.673304E-05,11.7315,0,0.7821,-3.726253E-05,11.7315,0
0.783,-2.18204E-05,11.745,0,0.783,-3.692683E-05,11.745,0
0.7839,-2.786297E-05,11.7585,0,0.7839,1.980621E-05,11.7585,0
0.7848,-2.584878E-05,11.772,0,0.7848,1.409934E-05,11.772,0
0.7857,-1.141375E-05,11.7855,0,0.7857,3.860533E-05,11.7855,0
0.7866,3.692683E-06,11.799,0,0.7866,-1.342794E-05,11.799,0
0.7875,-8.392462E-06,11.8125,0,0.7875,-5.471885E-05,11.8125,0
0.7884,3.356985E-06,11.826,0,0.7884,-5.404745E-05,11.826,0
0.7893,2.24918E-05,11.8395,0,0.7893,4.095522E-05,11.8395,0
0.7902,2.047761E-05,11.853,0,0.7902,4.263371E-05,11.853,0
0.7911,2.24918E-05,11.8665,0,0.7911,-6.344701E-05,11.8665,0
0.792,-1.510643E-05,11.88,0,0.792,-2.987716E-05,11.88,0
0.7929,-1.947051E-05,11.8935,0,0.7929,-4.666209E-05,11.8935,0
0.7938,7.385367E-06,11.907,0,0.7938,-0.0001900053,11.907,0
0.7947,-5.706874E-06,11.9205,0,0.7947,-0.0001953765,11.9205,0
0.7956,-8.392462E-06,11.934,0,0.7956,-0.0001554284,11.934,0
0.7965,5.337606E-05,11.9475,0,0.7965,-0.0001299153,11.9475,0
0.7974,6.61326E-05,11.961,0,0.7974,-2.21561E-05,11.961,0
0.7983,1.040665E-05,11.9745,0,0.7983,4.196231E-05,11.9745,0
0.7992,-1.376364E-05,11.988,0,0.7992,0.0001352865,11.988,0
0.8001,-4.129091E-05,12.0015,0,0.8001,0.0001967193,12.0015,0
0.801,-8.627451E-05,12.015,0,0.801,0.0001943694,12.015,0
0.8019,-4.934768E-05,12.0285,0,0.8019,0.0001215228,12.0285,0
0.8028,-2.24918E-05,12.042,0,0.8028,0.0001238727,12.042,0
0.8037,-4.028382E-06,12.0555,0,0.8037,4.867628E-05,12.0555,0
0.8046,-2.24918E-05,12.069,0,0.8046,-4.867628E-05,12.069,0
0.8055,-5.270466E-05,12.0825,0,0.8055,-3.189136E-05,12.0825,0
0.8064,-1.443504E-05,12.096,0,0.8064,-3.994812E-05,12.096,0
0.8073,2.349889E-06,12.1095,0,0.8073,-7.016098E-05,12.1095,0
0.8082,5.606165E-05,12.123,0,0.8082,-6.076142E-05,12.123,0
0.8091,-9.399558E-06,12.1365,0,0.8091,-1.309224E-05,12.1365,0
0.81,-3.659113E-05,12.15,0,0.81,-3.054856E-05,12.15,0
0.8109,-1.913481E-05,12.1635,0,0.8109,-6.61326E-05,12.1635,0
0.8118,6.042573E-06,12.177,0,0.8118,-0.0001131304,12.177,0
0.8127,-1.712062E-05,12.1905,0,0.8127,-8.661021E-05,12.1905,0
0.8136,-1.141375E-05,12.204,0,0.8136,-3.155566E-05,12.204,0
0.8145,-2.1149E-05,12.2175,0,0.8145,-6.210422E-05,12.2175,0
0.8154,2.719158E-05,12.231,0,0.8154,-7.150377E-05,12.231,0
0.8163,0.0001326009,12.2445,0,0.8163,-7.049668E-06,12.2445,0
0.8172,0.0001487144,12.258,0,0.8172,-2.920577E-05,12.258,0
0.8181,0.0001097734,12.2715,0,0.8181,-6.64683E-05,12.2715,0
0.819,5.304036E-05,12.285,0,0.819,-7.049668E-06,12.285,0
0.8199,7.721065E-06,12.2985,0,0.8199,1.577783E-05,12.2985,0
0.8208,-7.821774E-05,12.312,0,0.8208,-4.733349E-05,12.312,0
0.8217,-0.0002091402,12.3255,0,0.8217,-4.46479E-05,12.3255,0
0.8226,-0.000252781,12.339,0,0.8226,-4.699779E-05,12.339,0
0.8235,-0.0001762417,12.3525,0,0.8235,-0.0001151446,12.3525,0
0.8244,-8.627451E-05,12.366,0,0.8244,-0.0001500572,12.366,0
0.8253,-3.793393E-05,12.3795,0,0.8253,-0.0001386435,12.3795,0
0.8262,-2.719158E-05,12.393,0,0.8262,-9.097429E-05,12.393,0
0.8271,-4.800488E-05,12.4065,0,0.8271,-3.021286E-06,12.4065,0
0.828,-5.606165E-05,12.42,0,0.828,5.606165E-05,12.42,0
0.8289,-1.007095E-05,12.4335,0,0.8289,7.888914E-05,12.4335,0
0.8298,-7.721065E-06,12.447,0,0.8298,0.0001829557,12.447,0
0.8307,4.263371E-05,12.4605,0,0.8307,0.0001218585,12.4605,0
0.8316,0.0001037308,12.474,0,0.8316,3.021286E-06,12.474,0
0.8325,9.097429E-05,12.4875,0,0.8325,4.263371E-05,12.4875,0
0.8334,6.54612E-05,12.501,0,0.8334,6.51255E-05,12.501,0
0.8343,8.392462E-06,12.5145,0,0.8343,5.035477E-06,12.5145,0
0.8352,3.994812E-05,12.528,0,0.8352,5.035477E-06,12.528,0
0.8361,1.342794E-06,12.5415,0,0.8361,8.056763E-06,12.5415,0
0.837,1.678492E-06,12.555,0,0.837,-4.968337E-05,12.555,0
0.8379,-8.392462E-06,12.5685,0,0.8379,-6.243992E-05,12.5685,0
0.8388,1.275654E-05,12.582,0,0.8388,-7.217517E-05,12.582,0
0.8397,6.109713E-05,12.5955,0,0.8397,-4.632639E-05,12.5955,0
0.8406,2.517739E-05,12.609,0,0.8406,-6.51255E-05,12.609,0
0.8415,7.385367E-06,12.6225,0,0.8415,-8.157473E-05,12.6225,0
0.8424,-7.049668E-06,12.636,0,0.8424,-6.78111E-05,12.636,0
0.8433,4.028382E-06,12.6495,0,0.8433,-5.001907E-05,12.6495,0
0.8442,3.860533E-05,12.663,0,0.8442,-0.0001087663,12.663,0
0.8451,-9.063859E-06,12.6765,0,0.8451,-0.0001356222,12.6765,0
0.846,-5.706874E-06,12.69,0,0.846,-7.452507E-05,12.69,0
0.8469,4.800488E-05,12.7035,0,0.8469,-4.196231E-05,12.7035,0
0.8478,3.625543E-05,12.717,0,0.8478,-3.289845E-05,12.717,0
0.8487,3.155566E-05,12.7305,0,0.8487,1.947051E-05,12.7305,0
0.8496,0.0001138018,12.744,0,0.8496,0.0001010452,12.744,0
0.8505,5.337606E-05,12.7575,0,0.8505,9.231708E-05,12.7575,0
0.8514,-8.123904E-05,12.771,0,0.8514,3.591974E-05,12.771,0
0.8523,-0.0001225299,12.7845,0,0.8523,-6.042573E-05,12.7845,0
0.8532,-0.0001258869,12.798,0,0.8532,-4.53193E-05,12.798,0
0.8541,-0.0001067521,12.8115,0,0.8541,3.256275E-05,12.8115,0
0.855,-6.143282E-05,12.825,0,0.855,2.28275E-05,12.825,0
0.8559,-4.800488E-05,12.8385,0,0.8559,3.054856E-05,12.8385,0
0.8568,-3.054856E-05,12.852,0,0.8568,8.82887E-05,12.852,0
0.8577,1.040665E-05,12.8655,0,0.8577,4.867628E-05,12.8655,0
0.8586,3.491264E-05,12.879,0,0.8586,-2.719158E-05,12.879,0
0.8595001,3.054856E-05,12.8925,0,0.8595001,1.376364E-05,12.8925,0
0.8604,-1.342794E-06,12.906,0,0.8604,-1.107805E-05,12.906,0
0.8613,-2.21561E-05,12.9195,0,0.8613,-0.000115816,12.9195,0
0.8622,-1.107805E-05,12.933,0,0.8622,-0.0001527428,12.933,0
0.8631,-5.807584E-05,12.9465,0,0.8631,-0.0001185016,12.9465,0
0.864,-5.740444E-05,12.96,0,0.864,-9.030289E-05,12.96,0
0.8649,-2.316319E-05,12.9735,0,0.8649,-4.867628E-05,12.9735,0
0.8658,-2.047761E-05,12.987,0,0.8658,-2.047761E-05,12.987,0
0.8667,-9.063859E-06,13.0005,0,0.8667,3.289845E-05,13.0005,0
0.8676,-5.471885E-05,13.014,0,0.8676,9.164568E-05,13.014,0
0.8685,-1.376364E-05,13.0275,0,0.8685,0.0001003738,13.0275,0
0.8694,1.779202E-05,13.041,0,0.8694,5.102617E-05,13.041,0
0.8703,4.196231E-05,13.0545,0,0.8703,2.316319E-05,13.0545,0
0.8712,3.659113E-05,13.068,0,0.8712,-2.752728E-05,13.068,0
0.8721,-1.007095E-06,13.0815,0,0.8721,-7.049668E-05,13.0815,0
0.873,-4.699779E-06,13.095,0,0.873,-7.721065E-06,13.095,0
0.8739,2.316319E-05,13.1085,0,0.8739,1.510643E-05,13.1085,0
0.8748,3.289845E-05,13.122,0,0.8748,-3.189136E-05,13.122,0
0.8757,6.277562E-05,13.1355,0,0.8757,-5.035477E-05,13.1355,0
0.8766,2.954147E-05,13.149,0,0.8766,3.692683E-06,13.149,0
0.8775,-1.007095E-05,13.1625,0,0.8775,-2.24918E-05,13.1625,0
0.8784,-3.927672E-05,13.176,0,0.8784,-3.659113E-05,13.176,0
0.8793,3.054856E-05,13.1895,0,0.8793,-3.860533E-05,13.1895,0
0.8802,5.706874E-05,13.203,0,0.8802,-3.457694E-05,13.203,0
0.8811,7.049668E-06,13.2165,0,0.8811,-4.162661E-05,13.2165,0
0.882,-8.92958E-05,13.23,0,0.882,-9.030289E-05,13.23,0
0.8829,-9.399557E-05,13.2435,0,0.8829,-9.231708E-05,13.2435,0
0.8838,-7.351797E-05,13.257,0,0.8838,-5.807584E-05,13.257,0
0.8847,-5.069047E-05,13.2705,0,0.8847,-7.284657E-05,13.2705,0
0.8856,2.786297E-05,13.284,0,0.8856,-5.069047E-05,13.284,0
0.8865,4.49836E-05,13.2975,0,0.8865,4.36408E-05,13.2975,0
0.8874,1.510643E-05,13.311,0,0.8874,4.53193E-05,13.311,0
0.8883,-8.392462E-06,13.3245,0,0.8883,-2.484169E-05,13.3245,0
0.8892,-3.021286E-06,13.338,0,0.8892,-3.927672E-05,13.338,0
0.8901,2.652018E-05,13.3515,0,0.8901,1.141375E-05,13.3515,0
0.891,-3.524834E-05,13.365,0,0.891,-1.007095E-06,13.365,0
0.8919,-9.869535E-05,13.3785,0,0.8919,-2.014191E-05,13.3785,0
0.8928,-4.33051E-05,13.392,0,0.8928,-7.083238E-05,13.392,0
0.8937,-1.980621E-05,13.4055,0,0.8937,-5.740444E-05,13.4055,0
0.8946,6.143282E-05,13.419,0,0.8946,-2.24918E-05,13.419,0
0.8955,9.869535E-05,13.4325,0,0.8955,-2.987716E-05,13.4325,0
0.8964,7.620356E-05,13.446,0,0.8964,-2.316319E-05,13.446,0
0.8973,1.510643E-05,13.4595,0,0.8973,2.551309E-05,13.4595,0
0.8982,-1.678492E-06,13.473,0,0.8982,2.1149E-05,13.473,0
0.8991,-1.712062E-05,13.4865,0,0.8991,-2.316319E-05,13.4865,0
0.9,-7.687495E-05,13.5,0,0.9,1.678492E-05,13.5,0
0.9009,-7.150377E-05,13.5135,0,0.9009,1.376364E-05,13.5135,0
0.9018,-1.409934E-05,13.527,0,0.9018,-4.162661E-05,13.527,0
0.9027,2.954147E-05,13.5405,0,0.9027,-2.920577E-05,13.5405,0
0.9036,-5.706874E-06,13.554,0,0.9036,-3.860533E-05,13.554,0
0.9045,1.309224E-05,13.5675,0,0.9045,-8.69459E-05,13.5675,0
0.9054,1.577783E-05,13.581,0,0.9054,-0.0001453574,13.581,0
0.9063,0.0001178302,13.5945,0,0.9063,-0.0002098116,13.5945,0
0.9072,0.0002615091,13.608,0,0.9072,-0.0001990692,13.608,0
0.9081,0.0002668803,13.6215,0,0.9081,-0.0002044404,13.6215,0
0.909,0.0001889983,13.635,0,0.909,-0.0001467002,13.635,0
0.9099,3.189136E-05,13.6485,0,0.9099,-0.0001010452,13.6485,0
0.9108,-0.0001332723,13.662,0,0.9108,7.754635E-05,13.662,0
0.9117,-0.0002940719,13.6755,0,0.9117,0.0002490883,13.6755,0
0.9126,-0.0003769894,13.689,0,0.9126,0.0002339818,13.689,0
0.9135,-0.0003296559,13.7025,0,0.9135,0.0002776226,13.7025,0
0.9144,-0.0001265583,13.716,0,0.9144,0.0002796368,13.716,0
0.9153,-1.107805E-05,13.7295,0,0.9153,0.0001245441,13.7295,0
0.9162,-1.712062E-05,13.743,0,0.9162,7.217517E-05,13.743,0
0.9171,-6.6804E-05,13.7565,0,0.9171,9.063859E-05,13.7565,0
0.918,-5.471885E-05,13.77,0,0.918,3.121996E-05,13.77,0
0.9189,-8.728161E-06,13.7835,0,0.9189,3.021286E-06,13.7835,0
0.9198,-3.256275E-05,13.797,0,0.9198,-4.061952E-05,13.797,0
0.9207,-8.392462E-05,13.8105,0,0.9207,-3.491264E-05,13.8105,0
0.9216,-9.399558E-06,13.824,0,0.9216,-8.728161E-06,13.824,0
0.9225,7.049668E-06,13.8375,0,0.9225,-5.539025E-05,13.8375,0
0.9234,1.980621E-05,13.851,0,0.9234,-9.433127E-05,13.851,0
0.9243,3.323415E-05,13.8645,0,0.9243,-5.203327E-05,13.8645,0
0.9252,5.572595E-05,13.878,0,0.9252,-6.277562E-05,13.878,0
0.9261,9.634547E-05,13.8915,0,0.9261,-0.0001326009,13.8915,0
0.927,0.000126894,13.905,0,0.927,-8.89601E-05,13.905,0
0.9279,0.0001483787,13.9185,0,0.9279,-5.874724E-05,13.9185,0
0.9288,0.0001017166,13.932,0,0.9288,-8.291753E-05,13.932,0
0.9297,4.263371E-05,13.9455,0,0.9297,-7.855344E-05,13.9455,0
0.9306,7.821774E-05,13.959,0,0.9306,-5.975433E-05,13.959,0
0.9315,-1.812772E-05,13.9725,0,0.9315,-5.807584E-05,13.9725,0
0.9324,-0.0001406577,13.986,0,0.9324,-2.349889E-06,13.986,0
0.9333,-0.0001111162,13.9995,0,0.9333,-1.678492E-06,13.9995,0
0.9342,-3.524834E-05,14.013,0,0.9342,1.174945E-05,14.013,0
0.9351,-2.584878E-05,14.0265,0,0.9351,1.846342E-05,14.0265,0
0.936,3.256275E-05,14.04,0,0.936,4.263371E-05,14.04,0
0.9369,0.0001275654,14.0535,0,0.9369,3.793393E-05,14.0535,0
0.9378,4.229801E-05,14.067,0,0.9378,7.653925E-05,14.067,0
0.9387,-8.358892E-05,14.0805,0,0.9387,2.014191E-06,14.0805,0
0.9396001,-0.000119173,14.094,0,0.9396001,-8.82887E-05,14.094,0
0.9405,-0.0001514,14.1075,0,0.9405,-3.054856E-05,14.1075,0
0.9414001,-0.0001373007,14.121,0,0.9414001,4.36408E-06,14.121,0
0.9423,-3.793393E-05,14.1345,0,0.9423,-4.599069E-05,14.1345,0
0.9432001,-6.042573E-06,14.148,0,0.9432001,-2.719158E-05,14.148,0
0.9441,-4.263371E-05,14.1615,0,0.9441,6.378271E-06,14.1615,0
0.9450001,-8.728161E-06,14.175,0,0.9450001,-1.846342E-05,14.175,0
0.9459,1.040665E-05,14.1885,0,0.9459,-7.385367E-06,14.1885,0
0.9468,1.644922E-05,14.202,0,0.9468,-3.994812E-05,14.202,0
0.9477,5.606165E-05,14.2155,0,0.9477,-2.18204E-05,14.2155,0
0.9486,0.0001708705,14.229,0,0.9486,-1.678492E-05,14.229,0
0.9495,8.69459E-05,14.2425,0,0.9495,-2.316319E-05,14.2425,0
0.9504,3.088426E-05,14.256,0,0.9504,-3.625543E-05,14.256,0
0.9513,2.887007E-05,14.2695,0,0.9513,-3.356985E-06,14.2695,0
0.9522,3.189136E-05,14.283,0,0.9522,-2.18204E-05,14.283,0
0.9531,8.056763E-06,14.2965,0,0.9531,-5.908293E-05,14.2965,0
0.954,-4.867628E-05,14.31,0,0.954,-8.526741E-05,14.31,0
0.9549,1.678492E-05,14.3235,0,0.9549,-0.0001205158,14.3235,0
0.9558,2.1149E-05,14.337,0,0.9558,-0.0001409934,14.337,0
0.9567,-3.054856E-05,14.3505,0,0.9567,-0.0001376364,14.3505,0
0.9576,-7.083238E-05,14.364,0,0.9576,-6.61326E-05,14.364,0
0.9585,1.007095E-06,14.3775,0,0.9585,-2.819867E-05,14.3775,0
0.9594,1.947051E-05,14.391,0,0.9594,1.376364E-05,14.391,0
0.9603,-1.342794E-05,14.4045,0,0.9603,3.289845E-05,14.4045,0
0.9612,1.107805E-05,14.418,0,0.9612,6.243992E-05,14.418,0
0.9621,-4.699779E-05,14.4315,0,0.9621,9.903105E-05,14.4315,0
0.963,-7.217517E-05,14.445,0,0.963,4.53193E-05,14.445,0
0.9639,-5.941863E-05,14.4585,0,0.9639,-1.510643E-05,14.4585,0
0.9648,-2.517739E-05,14.472,0,0.9648,2.987716E-05,14.472,0
0.9657,1.007095E-05,14.4855,0,0.9657,2.047761E-05,14.4855,0
0.9666,-1.174945E-05,14.499,0,0.9666,-7.620356E-05,14.499,0
0.9675,-3.793393E-05,14.5125,0,0.9675,-5.606165E-05,14.5125,0
0.9684,2.349889E-06,14.526,0,0.9684,-8.191043E-05,14.526,0
0.9693,-1.510643E-05,14.5395,0,0.9693,-0.0001258869,14.5395,0
0.9702,-9.164568E-05,14.553,0,0.9702,-0.0001141375,14.553,0
0.9711,-1.980621E-05,14.5665,0,0.9711,-1.678492E-06,14.5665,0
0.972,1.644922E-05,14.58,0,0.972,6.009003E-05,14.58,0
0.9729,-2.14847E-05,14.5935,0,0.9729,8.526741E-05,14.5935,0
0.9738,1.141375E-05,14.607,0,0.9738,7.452507E-05,14.607,0
0.9747,3.860533E-05,14.6205,0,0.9747,9.332418E-05,14.6205,0
0.9756,4.39765E-05,14.634,0,0.9756,0.0001044022,14.634,0
0.9765,4.263371E-05,14.6475,0,0.9765,-1.141375E-05,14.6475,0
0.9774,4.43122E-05,14.661,0,0.9774,-7.620356E-05,14.661,0
0.9783,1.678492E-06,14.6745,0,0.9783,-7.116808E-05,14.6745,0
0.9792,0,14.688,0,0.9792,-0.0001467002,14.688,0
0.9801,6.042573E-06,14.7015,0,0.9801,-0.000239353,14.7015,0
0.981,-1.812772E-05,14.715,0,0.981,-9.970245E-05,14.715,0
0.9819,-3.356985E-06,14.7285,0,0.9819,3.994812E-05,14.7285,0
0.9828,2.719158E-05,14.742,0,0.9828,7.956054E-05,14.742,0
0.9837,3.558404E-05,14.7555,0,0.9837,8.090334E-05,14.7555,0
0.9846,1.913481E-05,14.769,0,0.9846,0.0001900053,14.769,0
0.9855,4.263371E-05,14.7825,0,0.9855,0.0001822843,14.7825,0
0.9864,3.155566E-05,14.796,0,0.9864,4.599069E-05,14.796,0
0.9873,-9.298848E-05,14.8095,0,0.9873,-6.61326E-05,14.8095,0
0.9882,-0.0001292439,14.823,0,0.9882,-2.853437E-05,14.823,0
0.9891,-8.392462E-05,14.8365,0,0.9891,3.558404E-05,14.8365,0
0.99,-2.551309E-05,14.85,0,0.99,-1.644922E-05,14.85,0
0.9909,-4.36408E-06,14.8635,0,0.9909,-4.129091E-05,14.8635,0
0.9918,1.879912E-05,14.877,0,0.9918,2.1149E-05,14.877,0
0.9927,-1.275654E-05,14.8905,0,0.9927,-7.721065E-06,14.8905,0
0.9936,-7.385367E-06,14.904,0,0.9936,-7.888914E-05,14.904,0
0.9945,1.040665E-05,14.9175,0,0.9945,-5.471885E-05,14.9175,0
0.9954,7.083238E-05,14.931,0,0.9954,-1.779202E-05,14.931,0
0.9963,3.894102E-05,14.9445,0,0.9963,-5.169757E-05,14.9445,0
0.9972,7.721065E-06,14.958,0,0.9972,-5.471885E-05,14.958,0
0.9981,-2.786297E-05,14.9715,0,0.9981,-3.927672E-05,14.9715,0
0.999,-2.719158E-05,14.985,0,0.999,-5.673304E-05,14.985,0
0.9999,-6.61326E-05,14.9985,0,0.9999,-7.855344E-05,14.9985,0
1.0008,-5.606165E-05,15.012,0,1.0008,-5.471885E-05,15.012,0
1.0017,-7.049668E-05,15.0255,0,1.0017,-5.404745E-05,15.0255,0
1.0026,-8.056764E-05,15.039,0,1.0026,-6.814679E-05,15.039,0
1.0035,-5.304036E-05,15.0525,0,1.0035,-7.418937E-05,15.0525,0
1.0044,-4.666209E-05,15.066,0,1.0044,-6.948959E-05,15.066,0
1.0053,-6.61326E-05,15.0795,0,1.0053,2.047761E-05,15.0795,0
1.0062,-4.196231E-05,15.093,0,1.0062,1.477073E-05,15.093,0
1.0071,0.0001688563,15.1065,0,1.0071,-3.591974E-05,15.1065,0
1.008,0.0002880293,15.12,0,1.008,2.517739E-05,15.12,0
1.0089,0.0003595331,15.1335,0,1.0089,2.24918E-05,15.1335,0
1.0098,0.0002326391,15.147,0,1.0098,-3.793393E-05,15.147,0
1.0107,3.692683E-06,15.1605,0,1.0107,-5.740444E-05,15.1605,0
1.0116,-0.0001658351,15.174,0,1.0116,-7.385367E-05,15.174,0
1.0125,-0.0002719158,15.1875,0,1.0125,-0.0001282368,15.1875,0
1.0134,-0.0001957122,15.201,0,1.0134,-7.754635E-05,15.201,0
1.0143,-0.0001658351,15.2145,0,1.0143,-1.980621E-05,15.2145,0
1.0152,-0.000161471,15.228,0,1.0152,3.189136E-05,15.228,0
1.0161,-1.644922E-05,15.2415,0,1.0161,4.766919E-05,15.2415,0
1.017,4.43122E-05,15.255,0,1.017,1.477073E-05,15.255,0
1.0179,5.404745E-05,15.2685,0,1.0179,-9.735256E-06,15.2685,0
1.0188,4.229801E-05,15.282,0,1.0188,6.009003E-05,15.282,0
1.0197,1.242084E-05,15.2955,0,1.0197,7.116808E-05,15.2955,0
1.0206,1.846342E-05,15.309,0,1.0206,-9.399558E-06,15.309,0
1.0215,-0.0001232013,15.3225,0,1.0215,-7.721065E-06,15.3225,0
1.0224,-0.000190341,15.336,0,1.0224,-2.1149E-05,15.336,0
1.0233,-8.627451E-05,15.3495,0,1.0233,-5.841154E-05,15.3495,0
1.0242,-3.121996E-05,15.363,0,1.0242,-4.39765E-05,15.363,0
1.0251,-3.558404E-05,15.3765,0,1.0251,6.713969E-06,15.3765,0
1.026,3.155566E-05,15.39,0,1.026,1.712062E-05,15.39,0
1.0269,9.399558E-06,15.4035,0,1.0269,-1.544213E-05,15.4035,0
1.0278,-3.021286E-05,15.417,0,1.0278,-0.0001188373,15.417,0
1.0287,8.392462E-06,15.4305,0,1.0287,-0.000115816,15.4305,0
1.0296,-3.860533E-05,15.444,0,1.0296,-9.231708E-05,15.444,0
1.0305,-6.411841E-05,15.4575,0,1.0305,-0.0001326009,15.4575,0
1.0314,-5.136187E-05,15.471,0,1.0314,-0.0001245441,15.471,0
1.0323,-1.745632E-05,15.4845,0,1.0323,-1.947051E-05,15.4845,0
1.0332,1.510643E-05,15.498,0,1.0332,4.36408E-06,15.498,0
1.0341,6.378271E-05,15.5115,0,1.0341,6.176852E-05,15.5115,0
1.035,9.567407E-05,15.525,0,1.035,0.0001806058,15.525,0
1.0359,0.0001164874,15.5385,0,1.0359,0.0001238727,15.5385,0
1.0368,0.0001054093,15.552,0,1.0368,5.337606E-05,15.552,0
1.0377,9.298848E-05,15.5655,0,1.0377,5.706874E-06,15.5655,0
1.0386,-5.706874E-06,15.579,0,1.0386,8.056763E-06,15.579,0
1.0395,-8.72816E-05,15.5925,0,1.0395,8.392462E-06,15.5925,0
1.0404,-1.913481E-05,15.606,0,1.0404,6.713969E-07,15.606,0
1.0413,3.457694E-05,15.6195,0,1.0413,-1.611353E-05,15.6195,0
1.0422,7.721065E-06,15.633,0,1.0422,-4.934768E-05,15.633,0
1.0431,-3.692683E-06,15.6465,0,1.0431,-6.210422E-05,15.6465,0
1.044,8.392462E-06,15.66,0,1.044,-0.0001151446,15.66,0
1.0449,5.102617E-05,15.6735,0,1.0449,-0.0001470359,15.6735,0
1.0458,3.356985E-07,15.687,0,1.0458,-9.701686E-05,15.687,0
1.0467,3.155566E-05,15.7005,0,1.0467,-6.009003E-05,15.7005,0
1.0476,8.761731E-05,15.714,0,1.0476,-5.606165E-05,15.714,0
1.0485,8.392462E-06,15.7275,0,1.0485,2.24918E-05,15.7275,0
1.0494,-1.644922E-05,15.741,0,1.0494,7.217517E-05,15.741,0
1.0503,5.136187E-05,15.7545,0,1.0503,6.411841E-05,15.7545,0
1.0512,0.000144686,15.768,0,1.0512,2.383459E-05,15.768,0
1.0521,8.392462E-06,15.7815,0,1.0521,2.316319E-05,15.7815,0
1.053,-8.92958E-05,15.795,0,1.053,1.980621E-05,15.795,0
1.0539,-3.793393E-05,15.8085,0,1.0539,1.409934E-05,15.8085,0
1.0548,-5.606165E-05,15.822,0,1.0548,2.316319E-05,15.822,0
1.0557,-0.0001379721,15.8355,0,1.0557,5.572595E-05,15.8355,0
1.0566,-0.0002054475,15.849,0,1.0566,3.927672E-05,15.849,0
1.0575,-0.0001164874,15.8625,0,1.0575,3.155566E-05,15.8625,0
1.0584,-1.477073E-05,15.876,0,1.0584,9.399558E-06,15.876,0
1.0593,-2.24918E-05,15.8895,0,1.0593,5.069047E-05,15.8895,0
1.0602,2.450599E-05,15.903,0,1.0602,2.417029E-05,15.903,0
1.0611,2.920577E-05,15.9165,0,1.0611,-4.263371E-05,15.9165,0
1.062,1.007095E-06,15.93,0,1.062,-2.21561E-05,15.93,0
1.0629,1.846342E-05,15.9435,0,1.0629,-2.551309E-05,15.9435,0
1.0638,1.174945E-05,15.957,0,1.0638,-0.0001114519,15.957,0
1.0647,2.1149E-05,15.9705,0,1.0647,-0.0001000381,15.9705,0
1.0656,-3.659113E-05,15.984,0,1.0656,-7.083238E-05,15.984,0
1.0665,-4.36408E-06,15.9975,0,1.0665,-7.989624E-05,15.9975,0
1.0674,2.014191E-05,16.011,0,1.0674,-3.356985E-05,16.011,0
1.0683,4.229801E-05,16.0245,0,1.0683,-1.107805E-05,16.0245,0
1.0692,5.035477E-06,16.038,0,1.0692,2.081331E-05,16.038,0
1.0701,1.779202E-05,16.0515,0,1.0701,3.726253E-05,16.0515,0
1.071,0.0001597925,16.065,0,1.071,-1.107805E-05,16.065,0
1.0719,0.000312871,16.0785,0,1.0719,-5.807584E-05,16.0785,0
1.0728,0.0003165637,16.092,0,1.0728,-1.879912E-05,16.092,0
1.0737,0.0002554666,16.1055,0,1.0737,-7.586786E-05,16.1055,0
1.0746,8.291753E-05,16.119,0,1.0746,-0.0001493858,16.119,0
1.0755,-0.0001886625,16.1325,0,1.0755,-6.143282E-05,16.1325,0
1.0764,-0.0004095522,16.146,0,1.0764,-4.061952E-05,16.146,0
1.0773,-0.0004548714,16.1595,0,1.0773,-9.466698E-05,16.1595,0
1.0782,-0.0003528191,16.173,0,1.0782,-6.54612E-05,16.173,0
1.0791,-0.0001208515,16.1865,0,1.0791,-3.390555E-05,16.1865,0
1.08,-5.572595E-05,16.2,0,1.08,-1.611353E-05,16.2,0
1.0809,-6.378271E-05,16.2135,0,1.0809,-1.846342E-05,16.2135,0
1.0818,6.713969E-06,16.227,0,1.0818,-7.418937E-05,16.227,0
1.0827,8.761731E-05,16.2405,0,1.0827,-7.284657E-05,16.2405,0
1.0836,4.36408E-05,16.254,0,1.0836,-0.0001295796,16.254,0
1.0845,2.450599E-05,16.2675,0,1.0845,-0.0001040665,16.2675,0
1.0854,-4.733349E-05,16.281,0,1.0854,-3.356985E-05,16.281,0
1.0863,-6.881819E-05,16.2945,0,1.0863,-1.376364E-05,16.2945,0
1.0872,-5.001907E-05,16.308,0,1.0872,2.349889E-06,16.308,0
1.0881,-2.383459E-05,16.3215,0,1.0881,8.157473E-05,16.3215,0
1.089,9.735256E-06,16.335,0,1.089,0.0002155184,16.335,0
1.0899,-1.678492E-06,16.3485,0,1.0899,0.0001889983,16.3485,0
1.0908,-3.692683E-06,16.362,0,1.0908,9.164568E-05,16.362,0
1.0917,3.692683E-06,16.3755,0,1.0917,5.740444E-05,16.3755,0
1.0926,-2.819867E-05,16.389,0,1.0926,3.356985E-05,16.389,0
1.0935,-1.040665E-05,16.4025,0,1.0935,2.349889E-06,16.4025,0
1.0944,2.887007E-05,16.416,0,1.0944,-4.36408E-06,16.416,0
1.0953,3.994812E-05,16.4295,0,1.0953,-3.625543E-05,16.4295,0
1.0962,2.047761E-05,16.443,0,1.0962,-4.33051E-05,16.443,0
1.0971,-5.069047E-05,16.4565,0,1.0971,-8.89601E-05,16.4565,0
1.098,-1.174945E-05,16.47,0,1.098,-0.000148043,16.47,0
1.0989,2.383459E-05,16.4835,0,1.0989,-0.0001426719,16.4835,0
1.0998,3.356985E-06,16.497,0,1.0998,-9.533837E-05,16.497,0
1.1007,2.652018E-05,16.5105,0,1.1007,-6.210422E-05,16.5105,0
1.1016,0.0001010452,16.524,0,1.1016,-2.551309E-05,16.524,0
1.1025,0.0001174945,16.5375,0,1.1025,7.721065E-05,16.5375,0
1.1034,0.0001379721,16.551,0,1.1034,0.0001185016,16.551,0
1.1043,9.231708E-05,16.5645,0,1.1043,2.853437E-05,16.5645,0
1.1052,4.028382E-06,16.578,0,1.1052,-8.72816E-05,16.578,0
1.1061,3.927672E-05,16.5915,0,1.1061,-5.001907E-05,16.5915,0
1.107,0.0001044022,16.605,0,1.107,-6.74754E-05,16.605,0
1.1079,-4.43122E-05,16.6185,0,1.1079,-9.500267E-05,16.6185,0
1.1088,-0.0001117876,16.632,0,1.1088,-7.351797E-05,16.632,0
1.1097,4.028382E-05,16.6455,0,1.1097,1.510643E-05,16.6455,0
1.1106,9.097429E-05,16.659,0,1.1106,9.231708E-05,16.659,0
1.1115,4.36408E-06,16.6725,0,1.1115,1.174945E-05,16.6725,0
1.1124,-1.107805E-05,16.686,0,1.1124,-8.258183E-05,16.686,0
1.1133,5.606165E-05,16.6995,0,1.1133,-4.028382E-06,16.6995,0
1.1142,2.652018E-05,16.713,0,1.1142,-7.385367E-06,16.713,0
1.1151,-0.0001440146,16.7265,0,1.1151,-2.920577E-05,16.7265,0
1.116,-8.627451E-05,16.74,0,1.116,9.701686E-05,16.74,0
1.1169,-8.627451E-05,16.7535,0,1.1169,7.217517E-05,16.7535,0
1.1178,-0.0001255512,16.767,0,1.1178,-5.270466E-05,16.767,0
1.1187,-6.848249E-05,16.7805,0,1.1187,-6.54612E-05,16.7805,0
1.1196,6.713969E-06,16.794,0,1.1196,-1.846342E-05,16.794,0
1.1205,9.970245E-05,16.8075,0,1.1205,-9.063859E-06,16.8075,0
1.1214,0.0001527428,16.821,0,1.1214,1.141375E-05,16.821,0
1.1223,7.620356E-05,16.8345,0,1.1223,-1.443504E-05,16.8345,0
1.1232,-0.0001010452,16.848,0,1.1232,-2.1149E-05,16.848,0
1.1241,-0.0001963836,16.8615,0,1.1241,-1.007095E-06,16.8615,0
1.125,-0.0002168612,16.875,0,1.125,-4.632639E-05,16.875,0
1.1259,-0.0001886625,16.8885,0,1.1259,-3.155566E-05,16.8885,0
1.1268,-2.987716E-05,16.902,0,1.1268,-2.081331E-05,16.902,0
1.1277,-2.316319E-05,16.9155,0,1.1277,-7.956054E-05,16.9155,0
1.1286,-0.0001000381,16.929,0,1.1286,-0.0001074235,16.929,0
1.1295,3.021286E-06,16.9425,0,1.1295,-1.376364E-05,16.9425,0
1.1304,3.524834E-05,16.956,0,1.1304,2.24918E-05,16.956,0
1.1313,3.289845E-05,16.9695,0,1.1313,-3.424125E-05,16.9695,0
1.1322,2.719158E-05,16.983,0,1.1322,-3.927672E-05,16.983,0
1.1331,-2.719158E-05,16.9965,0,1.1331,2.1149E-05,16.9965,0
1.134,1.107805E-05,17.01,0,1.134,-5.471885E-05,17.01,0
1.1349,-1.779202E-05,17.0235,0,1.1349,-0.0001000381,17.0235,0
1.1358,-7.049668E-06,17.037,0,1.1358,-0.0001362936,17.037,0
1.1367,4.129091E-05,17.0505,0,1.1367,-0.000112459,17.0505,0
1.1376,-1.678492E-05,17.064,0,1.1376,-5.874724E-05,17.064,0
1.1385,4.666209E-05,17.0775,0,1.1385,-4.196231E-05,17.0775,0
1.1394,0.0001698634,17.091,0,1.1394,3.054856E-05,17.091,0
1.1403,9.869535E-05,17.1045,0,1.1403,0.0001047379,17.1045,0
1.1412,-2.21561E-05,17.118,0,1.1412,1.040665E-05,17.118,0
1.1421,-4.867628E-05,17.1315,0,1.1421,-3.961242E-05,17.1315,0
1.143,-4.061952E-05,17.145,0,1.143,-6.378271E-06,17.145,0
1.1439,-0.0001077592,17.1585,0,1.1439,-5.035477E-06,17.1585,0
1.1448,-3.356985E-07,17.172,0,1.1448,-3.659113E-05,17.172,0
1.1457,0.000109102,17.1855,0,1.1457,-2.349889E-06,17.1855,0
1.1466,5.001907E-05,17.199,0,1.1466,0.0001003738,17.199,0
1.1475,6.378271E-06,17.2125,0,1.1475,8.82887E-05,17.2125,0
1.1484,-1.376364E-05,17.226,0,1.1484,4.800488E-05,17.226,0
1.1493,-3.457694E-05,17.2395,0,1.1493,1.007095E-06,17.2395,0
1.1502,-7.821774E-05,17.253,0,1.1502,-1.409934E-05,17.253,0
1.1511,-0.0001292439,17.2665,0,1.1511,-4.36408E-06,17.2665,0
1.152,-4.46479E-05,17.28,0,1.152,-5.169757E-05,17.28,0
1.1529,-9.063859E-06,17.2935,0,1.1529,-7.586786E-05,17.2935,0
1.1538,-1.007095E-05,17.307,0,1.1538,3.021286E-06,17.307,0
1.1547,4.934768E-05,17.3205,0,1.1547,-5.975433E-05,17.3205,0
1.1556,6.411841E-05,17.334,0,1.1556,-0.0001500572,17.334,0
1.1565,1.913481E-05,17.3475,0,1.1565,-5.908293E-05,17.3475,0
1.1574,3.860533E-05,17.361,0,1.1574,-1.007095E-06,17.361,0
1.1583,2.920577E-05,17.3745,0,1.1583,-3.457694E-05,17.3745,0
1.1592,-7.016098E-05,17.388,0,1.1592,-2.349889E-06,17.388,0
1.1601,-0.0001232013,17.4015,0,1.1601,9.735256E-05,17.4015,0
1.161,-5.505455E-05,17.415,0,1.161,0.0001262226,17.415,0
1.1619,6.378271E-06,17.4285,0,1.1619,2.685588E-05,17.4285,0
1.1628,-7.049668E-06,17.442,0,1.1628,-3.323415E-05,17.442,0
1.1637,1.913481E-05,17.4555,0,1.1637,-1.309224E-05,17.4555,0
1.1646,4.263371E-05,17.469,0,1.1646,-6.74754E-05,17.469,0
1.1655,3.524834E-05,17.4825,0,1.1655,-0.000115816,17.4825,0
1.1664,5.337606E-05,17.496,0,1.1664,-8.023193E-05,17.496,0
1.1673,4.43122E-05,17.5095,0,1.1673,-3.054856E-05,17.5095,0
1.1682,3.054856E-05,17.523,0,1.1682,-3.927672E-05,17.523,0
1.1691,0.0001906767,17.5365,0,1.1691,3.994812E-05,17.5365,0
1.17,0.000126894,17.55,0,1.17,0.0001413291,17.55,0
1.1709,-8.526741E-05,17.5635,0,1.1709,1.443504E-05,17.5635,0
1.1718,-0.0001312581,17.577,0,1.1718,-0.0001597925,17.577,0
1.1727,-0.0001675135,17.5905,0,1.1727,-0.0001054093,17.5905,0
1.1736,-0.0001668421,17.604,0,1.1736,-7.620356E-05,17.604,0
1.1745,-5.270466E-05,17.6175,0,1.1745,-3.860533E-05,17.6175,0
1.1754,5.471885E-05,17.631,0,1.1754,5.035477E-05,17.631,0
1.1763,8.157473E-05,17.6445,0,1.1763,9.231708E-05,17.6445,0
1.1772,9.634547E-05,17.658,0,1.1772,8.72816E-05,17.658,0
1.1781,9.634547E-05,17.6715,0,1.1781,0.0001030594,17.6715,0
1.179,-1.678492E-05,17.685,0,1.179,2.920577E-05,17.685,0
1.1799,-7.486076E-05,17.6985,0,1.1799,-1.309224E-05,17.6985,0
1.1808,-3.793393E-05,17.712,0,1.1808,1.443504E-05,17.712,0
1.1817,1.678492E-05,17.7255,0,1.1817,-1.712062E-05,17.7255,0
1.1826,3.726253E-05,17.739,0,1.1826,-7.553216E-05,17.739,0
1.1835,-1.208515E-05,17.7525,0,1.1835,-3.927672E-05,17.7525,0
1.1844,-0.000119173,17.766,0,1.1844,-1.745632E-05,17.766,0
1.1853,-9.466698E-05,17.7795,0,1.1853,-5.572595E-05,17.7795,0
1.1862,-6.51255E-05,17.793,0,1.1862,-5.572595E-05,17.793,0
1.1871,-4.699779E-06,17.8065,0,1.1871,-3.424125E-05,17.8065,0
1.188,4.43122E-05,17.82,0,1.188,-6.61326E-05,17.82,0
1.1889,5.001907E-05,17.8335,0,1.1889,-6.143282E-05,17.8335,0
1.1898,7.486076E-05,17.847,0,1.1898,-6.076142E-05,17.847,0
1.1907,0.0001285725,17.8605,0,1.1907,-5.270466E-05,17.8605,0
1.1916,0.0001607996,17.874,0,1.1916,-4.39765E-05,17.874,0
1.1925,0.0002178683,17.8875,0,1.1925,-6.411841E-05,17.8875,0
1.1934,0.0001352865,17.901,0,1.1934,-0.0001144732,17.901,0
1.1943,-3.424125E-05,17.9145,0,1.1943,-0.0001299153,17.9145,0
1.1952,-0.000161471,17.928,0,1.1952,-0.0001332723,17.928,0
1.1961,-0.0002641947,17.9415,0,1.1961,-0.0001433432,17.9415,0
1.197,-0.0003424124,17.955,0,1.197,-0.0001067521,17.955,0
1.1979,-0.0003011215,17.9685,0,1.1979,-3.021286E-05,17.9685,0
1.1988,-7.821774E-05,17.982,0,1.1988,4.39765E-05,17.982,0
1.1997,4.263371E-05,17.9955,0,1.1997,0.000123537,17.9955,0
1.2006,2.18204E-05,18.009,0,1.2006,0.0001279011,18.009,0
1.2015,-1.678492E-06,18.0225,0,1.2015,0.0001279011,18.0225,0
1.2024,1.644922E-05,18.036,0,1.2024,0.0001366293,18.036,0
1.2033,-1.913481E-05,18.0495,0,1.2033,7.183947E-05,18.0495,0
1.2042,2.081331E-05,18.063,0,1.2042,3.860533E-05,18.063,0
1.2051,-1.409934E-05,18.0765,0,1.2051,2.987716E-05,18.0765,0
1.206,-3.424125E-05,18.09,0,1.206,-1.644922E-05,18.09,0
1.2069,-6.57969E-05,18.1035,0,1.2069,-5.270466E-05,18.1035,0
1.2078,-6.64683E-05,18.117,0,1.2078,-1.678492E-06,18.117,0
1.2087,-3.591974E-05,18.1305,0,1.2087,-3.692683E-06,18.1305,0
1.2096,3.189136E-05,18.144,0,1.2096,-6.982528E-05,18.144,0
1.2105,4.699779E-05,18.1575,0,1.2105,-4.028382E-06,18.1575,0
1.2114,0.0001138018,18.171,0,1.2114,2.1149E-05,18.171,0
1.2123,6.54612E-05,18.1845,0,1.2123,-8.023193E-05,18.1845,0
1.2132,5.035477E-06,18.198,0,1.2132,-0.000112459,18.198,0
1.2141,8.493171E-05,18.2115,0,1.2141,-5.471885E-05,18.2115,0
1.215,0.0001275654,18.225,0,1.215,-0.0001641566,18.225,0
1.2159,0.0001198444,18.2385,0,1.2159,-0.0002400244,18.2385,0
1.2168,1.376364E-05,18.252,0,1.2168,-0.0002511025,18.252,0
1.2177,2.014191E-05,18.2655,0,1.2177,-0.0001537499,18.2655,0
1.2186,7.083238E-05,18.279,0,1.2186,-4.33051E-05,18.279,0
1.2195,3.356985E-07,18.2925,0,1.2195,-3.692683E-06,18.2925,0
1.2204,-3.054856E-05,18.306,0,1.2204,0.0001393149,18.306,0
1.2213,-1.712062E-05,18.3195,0,1.2213,0.0003414054,18.3195,0
1.2222,-0.0001097734,18.333,0,1.2222,0.0002611734,18.333,0
1.2231,-0.0001198444,18.3465,0,1.2231,0.0001292439,18.3465,0
1.224,-0.000123537,18.36,0,1.224,6.478981E-05,18.36,0
1.2249,-6.61326E-05,18.3735,0,1.2249,2.047761E-05,18.3735,0
1.2258,-1.242084E-05,18.387,0,1.2258,-2.383459E-05,18.387,0
1.2267,-1.913481E-05,18.4005,0,1.2267,-2.551309E-05,18.4005,0
1.2276,2.014191E-06,18.414,0,1.2276,-1.342794E-06,18.414,0
1.2285,4.46479E-05,18.4275,0,1.2285,-2.887007E-05,18.4275,0
1.2294,6.57969E-05,18.441,0,1.2294,-5.841154E-05,18.441,0
1.2303,6.54612E-05,18.4545,0,1.2303,-7.318227E-05,18.4545,0
1.2312,2.417029E-05,18.468,0,1.2312,-8.728161E-06,18.468,0
1.2321,-2.383459E-05,18.4815,0,1.2321,1.712062E-05,18.4815,0
1.233,-2.18204E-05,18.495,0,1.233,-3.155566E-05,18.495,0
1.2339,-2.853437E-05,18.5085,0,1.2339,-0.0001084306,18.5085,0
1.2348,-4.263371E-05,18.522,0,1.2348,-7.553216E-05,18.522,0
1.2357,-2.853437E-05,18.5355,0,1.2357,-6.210422E-05,18.5355,0
1.2366,3.323415E-05,18.549,0,1.2366,-0.000119173,18.549,0
1.2375,6.277562E-05,18.5625,0,1.2375,-6.6804E-05,18.5625,0
1.2384,5.001907E-05,18.576,0,1.2384,-1.913481E-05,18.576,0
1.2393,3.894102E-05,18.5895,0,1.2393,3.356985E-07,18.5895,0
1.2402,-5.706874E-06,18.603,0,1.2402,5.740444E-05,18.603,0
1.2411,-3.625543E-05,18.6165,0,1.2411,3.927672E-05,18.6165,0
1.242,-3.692683E-06,18.63,0,1.242,-3.692683E-06,18.63,0
1.2429,8.89601E-05,18.6435,0,1.2429,1.510643E-05,18.6435,0
1.2438,0.000119173,18.657,0,1.2438,-5.841154E-05,18.657,0
1.2447,9.164568E-05,18.6705,0,1.2447,-0.0001853056,18.6705,0
1.2456,-1.712062E-05,18.684,0,1.2456,-0.0002823224,18.684,0
1.2465,-9.835965E-05,18.6975,0,1.2465,-0.0003400626,18.6975,0
1.2474,-7.284657E-05,18.711,0,1.2474,-0.0003249561,18.711,0
1.2483,-0.0001587854,18.7245,0,1.2483,-0.0001745632,18.7245,0
1.2492,-0.0001534142,18.738,0,1.2492,-5.874724E-05,18.738,0
1.2501,-0.0001493858,18.7515,0,1.2501,0.0001262226,18.7515,0
1.251,-0.0001420005,18.765,0,1.251,0.0004505074,18.765,0
1.2519,-0.0002084688,18.7785,0,1.2519,0.0003756466,18.7785,0
1.2528,-8.392462E-05,18.792,0,1.2528,0.0001685206,18.792,0
1.2537,7.721065E-06,18.8055,0,1.2537,8.526741E-05,18.8055,0
1.2546,-2.014191E-06,18.819,0,1.2546,7.116808E-05,18.819,0
1.2555,-5.706874E-06,18.8325,0,1.2555,6.344701E-05,18.8325,0
1.2564,2.383459E-05,18.846,0,1.2564,6.411841E-05,18.846,0
1.2573,2.1149E-05,18.8595,0,1.2573,-3.356985E-07,18.8595,0
1.2582,1.208515E-05,18.873,0,1.2582,-3.189136E-05,18.873,0
1.2591,5.203327E-05,18.8865,0,1.2591,-1.040665E-05,18.8865,0
1.26,0.0001040665,18.9,0,1.26,-4.263371E-05,18.9,0
1.2609,7.016098E-05,18.9135,0,1.2609,-7.083238E-05,18.9135,0
1.2618,1.779202E-05,18.927,0,1.2618,-3.692683E-06,18.927,0
1.2627,-1.779202E-05,18.9405,0,1.2627,-6.378271E-06,18.9405,0
1.2636,-6.78111E-05,18.954,0,1.2636,-0.0001312581,18.954,0
1.2645,-3.860533E-05,18.9675,0,1.2645,-0.0001607996,18.9675,0
1.2654,-1.913481E-05,18.981,0,1.2654,-0.0001900053,18.981,0
1.2663,-8.392462E-06,18.9945,0,1.2663,-0.0002124971,18.9945,0
1.2672,4.129091E-05,19.008,0,1.2672,-0.0001795987,19.008,0
1.2681,0.000115816,19.0215,0,1.2681,-3.390555E-05,19.0215,0
1.269,0.0002064546,19.035,0,1.269,9.466698E-05,19.035,0
1.2699,0.0001809415,19.0485,0,1.2699,0.0001967193,19.0485,0
1.2708,8.89601E-05,19.062,0,1.2708,0.0001520714,19.062,0
1.2717,-6.009003E-05,19.0755,0,1.2717,8.89601E-05,19.0755,0
1.2726,-0.0001436789,19.089,0,1.2726,7.855344E-05,19.089,0
1.2735,-9.231708E-05,19.1025,0,1.2735,2.752728E-05,19.1025,0
1.2744,-9.701686E-05,19.116,0,1.2744,-3.457694E-05,19.116,0
1.2753,-0.0001134661,19.1295,0,1.2753,2.383459E-05,19.1295,0
1.2762,-6.713969E-07,19.143,0,1.2762,-1.342794E-05,19.143,0
1.2771,0.0001117876,19.1565,0,1.2771,-0.0001238727,19.1565,0
1.278,0.0001178302,19.17,0,1.278,-9.634547E-05,19.17,0
1.2789,9.298848E-05,19.1835,0,1.2789,-0.000112459,19.1835,0
1.2798,7.183947E-05,19.197,0,1.2798,-0.0001779202,19.197,0
1.2807,-7.486076E-05,19.2105,0,1.2807,-0.000102388,19.2105,0
1.2816,-0.0001252155,19.224,0,1.2816,2.349889E-06,19.224,0
1.2825,-0.0001198444,19.2375,0,1.2825,4.49836E-05,19.2375,0
1.2834,-0.0001178302,19.251,0,1.2834,0.0001359579,19.251,0
1.2843,-9.869535E-05,19.2645,0,1.2843,1.040665E-05,19.2645,0
1.2852,-4.33051E-05,19.278,0,1.2852,-8.96315E-05,19.278,0
1.2861,8.560311E-05,19.2915,0,1.2861,-0.0001037308,19.2915,0
1.287,0.0002484169,19.305,0,1.287,-0.0001393149,19.305,0
1.2879,0.0002326391,19.3185,0,1.2879,-0.0001527428,19.3185,0
1.2888,0.000169192,19.332,0,1.2888,-8.728161E-06,19.332,0
1.2897,3.155566E-05,19.3455,0,1.2897,2.1149E-05,19.3455,0
1.2906,-5.539025E-05,19.359,0,1.2906,-2.349889E-05,19.359,0
1.2915,-0.000126894,19.3725,0,1.2915,7.418937E-05,19.3725,0
1.2924,-0.0001594568,19.386,0,1.2924,8.96315E-05,19.386,0
1.2933,-0.0002098116,19.3995,0,1.2933,-1.107805E-05,19.3995,0
1.2942,-0.0001332723,19.413,0,1.2942,-2.853437E-05,19.413,0
1.2951,3.591974E-05,19.4265,0,1.2951,-4.36408E-06,19.4265,0
1.296,8.392462E-05,19.44,0,1.296,6.378271E-06,19.44,0
1.2969,7.284657E-05,19.4535,0,1.2969,2.450599E-05,19.4535,0
1.2978,1.275654E-05,19.467,0,1.2978,-9.365987E-05,19.467,0
1.2987,3.121996E-05,19.4805,0,1.2987,-0.0001467002,19.4805,0
1.2996,-4.263371E-05,19.494,0,1.2996,-0.0001406577,19.494,0
1.3005,-0.0001238727,19.5075,0,1.3005,-0.0001373007,19.5075,0
1.3014,-0.0001453574,19.521,0,1.3014,-0.0001080949,19.521,0
1.3023,-4.196231E-05,19.5345,0,1.3023,3.356985E-07,19.5345,0
1.3032,-1.007095E-06,19.548,0,1.3032,8.392462E-05,19.548,0
1.3041,-9.869535E-05,19.5615,0,1.3041,0.0001698634,19.5615,0
1.305,-0.0001775845,19.575,0,1.305,0.0001755703,19.575,0
1.3059,-7.183947E-05,19.5885,0,1.3059,0.0002279393,19.5885,0
1.3068,3.256275E-05,19.602,0,1.3068,0.0001010452,19.602,0
1.3077,-5.706874E-06,19.6155,0,1.3077,2.484169E-05,19.6155,0
1.3086,-2.047761E-05,19.629,0,1.3086,2.920577E-05,19.629,0
1.3095,1.947051E-05,19.6425,0,1.3095,3.692683E-06,19.6425,0
1.3104,5.069047E-05,19.656,0,1.3104,-7.721065E-06,19.656,0
1.3113,2.887007E-05,19.6695,0,1.3113,-6.076142E-05,19.6695,0
1.3122,6.478981E-05,19.683,0,1.3122,-7.553216E-05,19.683,0
1.3131,4.666209E-05,19.6965,0,1.3131,-0.0001138018,19.6965,0
1.314,2.652018E-05,19.71,0,1.314,-0.0001654994,19.71,0
1.3149,3.189136E-05,19.7235,0,1.3149,-0.0001728847,19.7235,0
1.3158,3.860533E-05,19.737,0,1.3158,-9.701686E-05,19.737,0
1.3167,1.678492E-06,19.7505,0,1.3167,-4.263371E-05,19.7505,0
1.3176,-3.289845E-05,19.764,0,1.3176,-6.009003E-05,19.764,0
1.3185,3.793393E-05,19.7775,0,1.3185,0.0001362936,19.7775,0
1.3194,0.0001910124,19.791,0,1.3194,0.0001856413,19.791,0
1.3203,0.0001473716,19.8045,0,1.3203,8.728161E-06,19.8045,0
1.3212,0.0001070878,19.818,0,1.3212,-1.712062E-05,19.818,0
1.3221,-1.846342E-05,19.8315,0,1.3221,-3.390555E-05,19.8315,0
1.323,-0.0001198444,19.845,0,1.323,-6.143282E-05,19.845,0
1.3239,-0.0001762417,19.8585,0,1.3239,-6.210422E-05,19.8585,0
1.3248,-0.0002151827,19.872,0,1.3248,-4.867628E-05,19.872,0
1.3257,-3.524834E-05,19.8855,0,1.3257,8.392462E-06,19.8855,0
1.3266,-3.994812E-05,19.899,0,1.3266,3.726253E-05,19.899,0
1.3275,-5.471885E-05,19.9125,0,1.3275,-5.706874E-06,19.9125,0
1.3284,-2.349889E-06,19.926,0,1.3284,-4.095522E-05,19.926,0
1.3293,-3.860533E-05,19.9395,0,1.3293,-2.920577E-05,19.9395,0
1.3302,-2.685588E-06,19.953,0,1.3302,-4.129091E-05,19.953,0
1.3311,1.040665E-05,19.9665,0,1.3311,-5.941863E-05,19.9665,0
1.332,-1.007095E-06,19.98,0,1.332,-3.860533E-05,19.98,0
1.3329,7.721065E-06,19.9935,0,1.3329,-5.941863E-05,19.9935,0
1.3338,8.392462E-06,20.007,0,1.3338,-9.533837E-05,20.007,0
1.3347,4.867628E-05,20.0205,0,1.3347,-3.659113E-05,20.0205,0
1.3356,5.740444E-05,20.034,0,1.3356,2.047761E-05,20.034,0
1.3365,-3.088426E-05,20.0475,0,1.3365,2.786297E-05,20.0475,0
1.3374,-9.164568E-05,20.061,0,1.3374,-2.719158E-05,20.061,0
1.3383,-7.687495E-05,20.0745,0,1.3383,-5.740444E-05,20.0745,0
1.3392,-9.030289E-05,20.088,0,1.3392,-4.33051E-05,20.088,0
1.3401,4.36408E-05,20.1015,0,1.3401,-6.61326E-05,20.1015,0
1.341,7.049668E-05,20.115,0,1.341,-8.761731E-05,20.115,0
1.3419,7.351797E-05,20.1285,0,1.3419,-0.0001010452,20.1285,0
1.3428,6.378271E-05,20.142,0,1.3428,-5.337606E-05,20.142,0
1.3437,6.64683E-05,20.1555,0,1.3437,-7.821774E-05,20.1555,0
1.3446,7.721065E-06,20.169,0,1.3446,-0.0001279011,20.169,0
1.3455,1.007095E-06,20.1825,0,1.3455,4.028382E-06,20.1825,0
1.3464,-1.174945E-05,20.196,0,1.3464,3.692683E-06,20.196,0
1.3473,-3.894102E-05,20.2095,0,1.3473,-3.457694E-05,20.2095,0
1.3482,9.399558E-06,20.223,0,1.3482,5.304036E-05,20.223,0
1.3491,1.678492E-06,20.2365,0,1.3491,1.947051E-05,20.2365,0
1.35,4.800488E-05,20.25,0,1.35,-3.323415E-05,20.25,0
1.3509,0.0001188373,20.2635,0,1.3509,-1.477073E-05,20.2635,0
1.3518,0.0001111162,20.277,0,1.3518,-3.256275E-05,20.277,0
1.3527,9.298848E-05,20.2905,0,1.3527,6.881819E-05,20.2905,0
1.3536,6.378271E-05,20.304,0,1.3536,0.0001188373,20.304,0
1.3545,6.143282E-05,20.3175,0,1.3545,-1.846342E-05,20.3175,0
1.3554,-3.793393E-05,20.331,0,1.3554,-6.848249E-05,20.331,0
1.3563,-8.291753E-05,20.3445,0,1.3563,3.356985E-07,20.3445,0
1.3572,7.721065E-06,20.358,0,1.3572,8.358892E-05,20.358,0
1.3581,-2.819867E-05,20.3715,0,1.3581,7.452507E-05,20.3715,0
1.359,-6.277562E-05,20.385,0,1.359,0.0001080949,20.385,0
1.3599,-0.0001812772,20.3985,0,1.3599,7.183947E-05,20.3985,0
1.3608,-0.0001436789,20.412,0,1.3608,1.913481E-05,20.412,0
1.3617,-1.107805E-05,20.4255,0,1.3617,-2.752728E-05,20.4255,0
1.3626,-0.0001171588,20.439,0,1.3626,-1.443504E-05,20.439,0
1.3635,-0.0001819486,20.4525,0,1.3635,-5.035477E-05,20.4525,0
1.3644,-6.243992E-05,20.466,0,1.3644,-7.385367E-05,20.466,0
1.3653,-5.539025E-05,20.4795,0,1.3653,-6.814679E-05,20.4795,0
1.3662,-0.0001406577,20.493,0,1.3662,3.021286E-06,20.493,0
1.3671,-6.143282E-05,20.5065,0,1.3671,3.793393E-05,20.5065,0
1.368,2.685588E-05,20.52,0,1.368,-8.526741E-05,20.52,0
1.3689,1.409934E-05,20.5335,0,1.3689,-0.0001433432,20.5335,0
1.3698,3.524834E-05,20.547,0,1.3698,-7.888914E-05,20.547,0
1.3707,5.874724E-05,20.5605,0,1.3707,-4.800488E-05,20.5605,0
1.3716,9.903105E-05,20.574,0,1.3716,-3.860533E-05,20.574,0
1.3725,0.0001107805,20.5875,0,1.3725,0.0001174945,20.5875,0
1.3734,-1.275654E-05,20.601,0,1.3734,0.0002074617,20.601,0
1.3743,1.242084E-05,20.6145,0,1.3743,3.558404E-05,20.6145,0
1.3752,5.236896E-05,20.628,0,1.3752,-8.728161E-06,20.628,0
1.3761,-3.256275E-05,20.6415,0,1.3761,-1.678492E-06,20.6415,0
1.377,-8.224613E-05,20.655,0,1.377,-3.961242E-05,20.655,0
1.3779,-8.023193E-05,20.6685,0,1.3779,-5.807584E-05,20.6685,0
1.3788,-1.779202E-05,20.682,0,1.3788,-5.505455E-05,20.682,0
1.3797,-6.009003E-05,20.6955,0,1.3797,-2.517739E-05,20.6955,0
1.3806,-3.591974E-05,20.709,0,1.3806,-4.36408E-06,20.709,0
1.3815,0.0002400244,20.7225,0,1.3815,-6.378271E-06,20.7225,0
1.3824,0.000404181,20.736,0,1.3824,-1.678492E-06,20.736,0
1.3833,0.000172549,20.7495,0,1.3833,1.779202E-05,20.7495,0
1.3842,-7.620356E-05,20.763,0,1.3842,-1.443504E-05,20.763,0
1.3851,-0.0001799344,20.7765,0,1.3851,-0.0001185016,20.7765,0
1.386,-0.0002799725,20.79,0,1.386,-9.231708E-05,20.79,0
1.3869,-0.0001846342,20.8035,0,1.3869,-8.157473E-05,20.8035,0
1.3878,5.236896E-05,20.817,0,1.3878,-8.224613E-05,20.817,0
1.3887,7.754635E-05,20.8305,0,1.3887,-5.673304E-05,20.8305,0
1.3896,0.0001080949,20.844,0,1.3896,-4.39765E-05,20.844,0
1.3905,4.733349E-05,20.8575,0,1.3905,-8.493171E-05,20.8575,0
1.3914,-1.007095E-06,20.871,0,1.3914,-5.404745E-05,20.871,0
1.3923,-6.243992E-05,20.8845,0,1.3923,-4.196231E-05,20.8845,0
1.3932,-2.450599E-05,20.898,0,1.3932,-4.028382E-06,20.898,0
1.3941,0.0001295796,20.9115,0,1.3941,-1.644922E-05,20.9115,0
1.395,0.0002168612,20.925,0,1.395,-0.0001201801,20.925,0
1.3959,9.567407E-05,20.9385,0,1.3959,-0.0002312963,20.9385,0
1.3968,6.54612E-05,20.952,0,1.3968,-0.0002326391,20.952,0
1.3977,-0.0001356222,20.9655,0,1.3977,-0.0002480812,20.9655,0
1.3986,-0.0002803082,20.979,0,1.3986,-0.0001994049,20.979,0
1.3995,-0.0003387198,20.9925,0,1.3995,7.486076E-05,20.9925,0
1.4004,-0.0001628138,21.006,0,1.4004,0.0003588617,21.006,0
1.4013,-3.692683E-06,21.0195,0,1.4013,0.0003145495,21.0195,0
1.4022,-2.652018E-05,21.033,0,1.4022,0.000197055,21.033,0
1.4031,-4.263371E-05,21.0465,0,1.4031,0.0001728847,21.0465,0
1.404,-3.927672E-05,21.06,0,1.404,0.0001607996,21.06,0
1.4049,-6.243992E-05,21.0735,0,1.4049,6.009003E-05,21.0735,0
1.4058,-9.533837E-05,21.087,0,1.4058,-3.826963E-05,21.087,0
1.4067,1.577783E-05,21.1005,0,1.4067,-2.28275E-05,21.1005,0
1.4076,4.46479E-05,21.114,0,1.4076,-9.735256E-06,21.114,0
1.4085,4.934768E-05,21.1275,0,1.4085,-2.652018E-05,21.1275,0
1.4094,5.404745E-05,21.141,0,1.4094,-3.994812E-05,21.141,0
1.4103,3.793393E-05,21.1545,0,1.4103,3.289845E-05,21.1545,0
1.4112,3.692683E-05,21.168,0,1.4112,-4.33051E-05,21.168,0
1.4121,5.337606E-05,21.1815,0,1.4121,-0.0001641566,21.1815,0
1.413,-1.644922E-05,21.195,0,1.413,-9.433127E-05,21.195,0
1.4139,-3.390555E-05,21.2085,0,1.4139,-5.471885E-05,21.2085,0
1.4148,8.795301E-05,21.222,0,1.4148,-6.277562E-05,21.222,0
1.4157,7.150377E-05,21.2355,0,1.4157,-7.452507E-05,21.2355,0
1.4166,7.116808E-05,21.249,0,1.4166,-7.821774E-05,21.249,0
1.4175,0.000197055,21.2625,0,1.4175,-9.533837E-05,21.2625,0
1.4184,8.69459E-05,21.276,0,1.4184,-0.0001258869,21.276,0
1.4193,-0.0001111162,21.2895,0,1.4193,-0.0001430075,21.2895,0
1.4202,-0.0001366293,21.303,0,1.4202,-9.768826E-05,21.303,0
1.4211,-0.0002017548,21.3165,0,1.4211,-6.74754E-05,21.3165,0
1.422,-0.0002098116,21.33,0,1.422,-3.994812E-05,21.33,0
1.4229,2.920577E-05,21.3435,0,1.4229,0.0001144732,21.3435,0
1.4238,9.198138E-05,21.357,0,1.4238,0.0002628519,21.357,0
1.4247,5.001907E-05,21.3705,0,1.4247,0.0001453574,21.3705,0
1.4256,3.894102E-05,21.384,0,1.4256,1.007095E-05,21.384,0
1.4265,-7.721065E-06,21.3975,0,1.4265,5.941863E-05,21.3975,0
1.4274,1.275654E-05,21.411,0,1.4274,3.189136E-05,21.411,0
1.4283,3.054856E-05,21.4245,0,1.4283,-4.901198E-05,21.4245,0
1.4292,-5.471885E-05,21.438,0,1.4292,-5.035477E-06,21.438,0
1.4301,-2.920577E-05,21.4515,0,1.4301,2.24918E-05,21.4515,0
1.431,6.009003E-05,21.465,0,1.431,-1.644922E-05,21.465,0
1.4319,4.766919E-05,21.4785,0,1.4319,-2.517739E-05,21.4785,0
1.4328,-6.478981E-05,21.492,0,1.4328,-2.786297E-05,21.492,0
1.4337,-3.927672E-05,21.5055,0,1.4337,-1.443504E-05,21.5055,0
1.4346,-9.567407E-05,21.519,0,1.4346,-6.78111E-05,21.519,0
1.4355,-0.0001000381,21.5325,0,1.4355,-0.0001134661,21.5325,0
1.4364,5.539025E-05,21.546,0,1.4364,-0.0001473716,21.546,0
1.4373,8.560311E-05,21.5595,0,1.4373,-0.0001916838,21.5595,0
1.4382,5.069047E-05,21.573,0,1.4382,-0.0002500954,21.573,0
1.4391,-7.486076E-05,21.5865,0,1.4391,-0.0003326772,21.5865,0
1.44,-7.821774E-05,21.6,0,1.44,-0.0002507668,21.6,0
1.4409,3.323415E-05,21.6135,0,1.4409,-0.0001040665,21.6135,0
1.4418,5.539025E-05,21.627,0,1.4418,9.097429E-05,21.627,0
1.4427,0.0001238727,21.6405,0,1.4427,0.0003665827,21.6405,0
1.4436,7.687495E-05,21.654,0,1.4436,0.000449836,21.654,0
1.4445,3.155566E-05,21.6675,0,1.4445,0.000295079,21.6675,0
1.4454,5.035477E-05,21.681,0,1.4454,0.000158114,21.681,0
1.4463,5.639734E-05,21.6945,0,1.4463,4.53193E-05,21.6945,0
1.4472,4.196231E-05,21.708,0,1.4472,3.356985E-07,21.708,0
1.4481,7.888914E-05,21.7215,0,1.4481,-2.987716E-05,21.7215,0
1.449,5.001907E-05,21.735,0,1.449,-6.042573E-05,21.735,0
1.4499,-0.0001117876,21.7485,0,1.4499,-7.956054E-05,21.7485,0
1.4508,-0.0001863127,21.762,0,1.4508,1.980621E-05,21.762,0
1.4517,-7.049668E-06,21.7755,0,1.4517,2.18204E-05,21.7755,0
1.4526,2.24918E-05,21.789,0,1.4526,-3.524834E-05,21.789,0
1.4535,-7.049668E-05,21.8025,0,1.4535,4.632639E-05,21.8025,0
1.4544,-2.584878E-05,21.816,0,1.4544,5.102617E-05,21.816,0
1.4553,-0.0001087663,21.8295,0,1.4553,-2.349889E-05,21.8295,0
1.4562,-0.0001641566,21.843,0,1.4562,-1.242084E-05,21.843,0
1.4571,-0.0001453574,21.8565,0,1.4571,-8.392462E-06,21.8565,0
1.458,-0.0001322652,21.87,0,1.458,-0.0001013809,21.87,0
1.4589,-7.083238E-05,21.8835,0,1.4589,-0.0001544213,21.8835,0
1.4598,-4.599069E-05,21.897,0,1.4598,-0.0001567712,21.897,0
1.4607,1.712062E-05,21.9105,0,1.4607,-0.000126894,21.9105,0
1.4616,1.309224E-05,21.924,0,1.4616,-8.224613E-05,21.924,0
1.4625,4.36408E-06,21.9375,0,1.4625,-0.000102388,21.9375,0
1.4634,-3.256275E-05,21.951,0,1.4634,-0.0001315938,21.951,0
1.4643,-1.040665E-05,21.9645,0,1.4643,-8.728161E-06,21.9645,0
1.4652,-6.042573E-06,21.978,0,1.4652,3.961242E-05,21.978,0
1.4661,4.129091E-05,21.9915,0,1.4661,2.417029E-05,21.9915,0
1.467,5.069047E-05,22.005,0,1.467,5.673304E-05,22.005,0
1.4679,2.349889E-06,22.0185,0,1.4679,-1.275654E-05,22.0185,0
1.4688,0.0001097734,22.032,0,1.4688,-5.136187E-05,22.032,0
1.4697,0.000257145,22.0455,0,1.4697,-3.927672E-05,22.0455,0
1.4706,0.000144686,22.059,0,1.4706,-6.54612E-05,22.059,0
1.4715,4.129091E-05,22.0725,0,1.4715,-0.0001171588,22.0725,0
1.4724,4.36408E-06,22.086,0,1.4724,-7.318227E-05,22.086,0
1.4733,-0.0001030594,22.0995,0,1.4733,-9.063859E-05,22.0995,0
1.4742,-5.203327E-05,22.113,0,1.4742,-2.853437E-05,22.113,0
1.4751,0.0001430075,22.1265,0,1.4751,5.740444E-05,22.1265,0
1.476,7.620356E-05,22.14,0,1.476,2.24918E-05,22.14,0
1.4769,-5.539025E-05,22.1535,0,1.4769,-4.699779E-06,22.1535,0
1.4778,-0.000115816,22.167,0,1.4778,4.229801E-05,22.167,0
1.4787,-0.000102388,22.1805,0,1.4787,4.196231E-05,22.1805,0
1.4796,-0.0002554666,22.194,0,1.4796,2.551309E-05,22.194,0
1.4805,-0.0001537499,22.2075,0,1.4805,5.102617E-05,22.2075,0
1.4814,8.224613E-05,22.221,0,1.4814,8.056763E-06,22.221,0
1.4823,6.378271E-06,22.2345,0,1.4823,-3.894102E-05,22.2345,0
1.4832,5.069047E-05,22.248,0,1.4832,-6.848249E-05,22.248,0
1.4841,6.881819E-05,22.2615,0,1.4841,-7.553216E-05,22.2615,0
1.485,5.236896E-05,22.275,0,1.485,-3.323415E-05,22.275,0
1.4859,-2.752728E-05,22.2885,0,1.4859,-1.980621E-05,22.2885,0
1.4868,6.076142E-05,22.302,0,1.4868,-4.29694E-05,22.302,0
1.4877,0.0002487526,22.3155,0,1.4877,-1.376364E-05,22.3155,0
1.4886,0.000144686,22.329,0,1.4886,-6.009003E-05,22.329,0
1.4895,6.6804E-05,22.3425,0,1.4895,-2.047761E-05,22.3425,0
1.4904,3.558404E-05,22.356,0,1.4904,-8.392462E-06,22.356,0
1.4913,-0.0001507286,22.3695,0,1.4913,-0.0001188373,22.3695,0
1.4922,-0.0003810178,22.383,0,1.4922,-0.0002178683,22.383,0
1.4931,-0.0002722515,22.3965,0,1.4931,-0.000235996,22.3965,0
1.494,-1.712062E-05,22.41,0,1.494,-5.874724E-05,22.41,0
1.4949,3.894102E-05,22.4235,0,1.4949,5.471885E-05,22.4235,0
1.4958,6.143282E-05,22.437,0,1.4958,0.0001889983,22.437,0
1.4967,4.934768E-05,22.4505,0,1.4967,0.0003850462,22.4505,0
1.4976,-4.53193E-05,22.464,0,1.4976,0.0002420386,22.464,0
1.4985,1.007095E-06,22.4775,0,1.4985,8.325322E-05,22.4775,0
1.4994,8.560311E-05,22.491,0,1.4994,6.814679E-05,22.491,0
1.5003,7.016098E-05,22.5045,0,1.5003,3.692683E-06,22.5045,0
1.5012,-9.869535E-05,22.518,0,1.5012,2.1149E-05,22.518,0
1.5021,-0.0002232395,22.5315,0,1.5021,7.721065E-06,22.5315,0
1.503,-0.0001514,22.545,0,1.503,-5.639734E-05,22.545,0
1.5039,-0.000102388,22.5585,0,1.5039,-0.0001245441,22.5585,0
1.5048,-0.0001356222,22.572,0,1.5048,-9.030289E-05,22.572,0
1.5057,-5.035477E-05,22.5855,0,1.5057,-8.493171E-05,22.5855,0
1.5066,2.28275E-05,22.599,0,1.5066,-0.0001064164,22.599,0
1.5075,4.766919E-05,22.6125,0,1.5075,-2.618448E-05,22.6125,0
1.5084,6.51255E-05,22.626,0,1.5084,3.726253E-05,22.626,0
1.5093,8.96315E-05,22.6395,0,1.5093,1.376364E-05,22.6395,0
1.5102,8.023193E-05,22.653,0,1.5102,-2.014191E-06,22.653,0
1.5111,-2.685588E-06,22.6665,0,1.5111,2.987716E-05,22.6665,0
1.512,1.913481E-05,22.68,0,1.512,-3.659113E-05,22.68,0
1.5129,4.666209E-05,22.6935,0,1.5129,-0.0001433432,22.6935,0
1.5138,4.867628E-05,22.707,0,1.5138,-0.0001950408,22.707,0
1.5147,4.46479E-05,22.7205,0,1.5147,-0.0001584497,22.7205,0
1.5156,5.438316E-05,22.734,0,1.5156,-7.486076E-05,22.734,0
1.5165,-7.049668E-06,22.7475,0,1.5165,-7.855344E-05,22.7475,0
1.5174,3.625543E-05,22.761,0,1.5174,-1.510643E-05,22.761,0
1.5183,2.349889E-06,22.7745,0,1.5183,8.82887E-05,22.7745,0
1.5192,-2.18204E-05,22.788,0,1.5192,7.519646E-05,22.788,0
1.5201,-2.014191E-06,22.8015,0,1.5201,3.088426E-05,22.8015,0
1.521,1.242084E-05,22.815,0,1.521,1.678492E-05,22.815,0
1.5219,0.0002124971,22.8285,0,1.5219,3.457694E-05,22.8285,0
1.5228,0.0002487526,22.842,0,1.5228,-5.706874E-06,22.842,0
1.5237,6.713969E-07,22.8555,0,1.5237,-6.61326E-05,22.8555,0
1.5246,-4.934768E-05,22.869,0,1.5246,-4.968337E-05,22.869,0
1.5255,-9.130999E-05,22.8825,0,1.5255,-8.89601E-05,22.8825,0
1.5264,-0.0001738918,22.896,0,1.5264,-8.89601E-05,22.896,0
1.5273,-2.18204E-05,22.9095,0,1.5273,-9.835965E-05,22.9095,0
1.5282,3.524834E-05,22.923,0,1.5282,-3.659113E-05,22.923,0
1.5291,-0.0001540856,22.9365,0,1.5291,-4.53193E-05,22.9365,0
1.53,-4.901198E-05,22.95,0,1.53,1.141375E-05,22.95,0
1.5309,0.0001050736,22.9635,0,1.5309,0.0001420005,22.9635,0
1.5318,0.0001775845,22.977,0,1.5318,0.0001393149,22.977,0
1.5327,3.356985E-07,22.9905,0,1.5327,-3.558404E-05,22.9905,0
1.5336,-9.802396E-05,23.004,0,1.5336,-0.0001413291,23.004,0
1.5345,-8.426032E-05,23.0175,0,1.5345,-0.0001285725,23.0175,0
1.5354,4.263371E-05,23.031,0,1.5354,-0.0001211871,23.031,0
1.5363,0.0001963836,23.0445,0,1.5363,-0.0001201801,23.0445,0
1.5372,0.0001591211,23.058,0,1.5372,-2.349889E-05,23.058,0
1.5381,0.0001272297,23.0715,0,1.5381,0.000105745,23.0715,0
1.539,2.752728E-05,23.085,0,1.539,0.0001359579,23.085,0
1.5399,-0.0001668421,23.0985,0,1.5399,0.0001275654,23.0985,0
1.5408,-0.0004535287,23.112,0,1.5408,5.874724E-05,23.112,0
1.5417,-0.0004209659,23.1255,0,1.5417,5.438316E-05,23.1255,0
1.5426,-0.0002960861,23.139,0,1.5426,6.78111E-05,23.139,0
1.5435,-0.000161471,23.1525,0,1.5435,-3.222705E-05,23.1525,0
1.5444,-2.28275E-05,23.166,0,1.5444,-5.941863E-05,23.166,0
1.5453,1.779202E-05,23.1795,0,1.5453,-2.987716E-05,23.1795,0
1.5462,3.457694E-05,23.193,0,1.5462,-4.46479E-05,23.193,0
1.5471,5.706874E-05,23.2065,0,1.5471,-0.0001188373,23.2065,0
1.548,6.411841E-05,23.22,0,1.548,-4.028382E-05,23.22,0
1.5489,-6.713969E-06,23.2335,0,1.5489,2.1149E-05,23.2335,0
1.5498,2.652018E-05,23.247,0,1.5498,6.713969E-06,23.247,0
1.5507,6.042573E-05,23.2605,0,1.5507,5.203327E-05,23.2605,0
1.5516,-8.728161E-06,23.274,0,1.5516,-1.577783E-05,23.274,0
1.5525,4.699779E-06,23.2875,0,1.5525,-8.224613E-05,23.2875,0
1.5534,5.639734E-05,23.301,0,1.5534,-0.0002484169,23.301,0
1.5543,8.023193E-05,23.3145,0,1.5543,-0.0003669185,23.3145,0
1.5552,6.948959E-05,23.328,0,1.5552,-0.0003044785,23.328,0
1.5561,5.975433E-05,23.3415,0,1.5561,-0.0001440146,23.3415,0
1.557,0.0001070878,23.355,0,1.557,3.558404E-05,23.355,0
1.5579,-1.443504E-05,23.3685,0,1.5579,0.0001258869,23.3685,0
1.5588,-9.298848E-05,23.382,0,1.5588,0.0002594949,23.382,0
1.5597,-7.083238E-05,23.3955,0,1.5597,0.0001822843,23.3955,0
1.5606,-4.800488E-05,23.409,0,1.5606,0.0001134661,23.409,0
1.5615,-8.392462E-06,23.4225,0,1.5615,0.0001285725,23.4225,0
1.5624,7.553216E-05,23.436,0,1.5624,0.0001708705,23.436,0
1.5633,4.901198E-05,23.4495,0,1.5633,0.0001607996,23.4495,0
1.5642,5.572595E-05,23.463,0,1.5642,0.0001352865,23.463,0
1.5651,3.054856E-05,23.4765,0,1.5651,3.289845E-05,23.4765,0
1.566,-6.713969E-07,23.49,0,1.566,-2.786297E-05,23.49,0
1.5669,-5.539025E-05,23.5035,0,1.5669,-1.107805E-05,23.5035,0
1.5678,-1.074235E-05,23.517,0,1.5678,-7.418937E-05,23.517,0
1.5687,-2.316319E-05,23.5305,0,1.5687,-8.493171E-05,23.5305,0
1.5696,-3.961242E-05,23.544,0,1.5696,-7.351797E-05,23.544,0
1.5705,4.53193E-05,23.5575,0,1.5705,-0.0001148089,23.5575,0
1.5714,0.0001456931,23.571,0,1.5714,-0.0001020523,23.571,0
1.5723,0.0001151446,23.5845,0,1.5723,-5.203327E-05,23.5845,0
1.5732,5.337606E-05,23.598,0,1.5732,-7.620356E-05,23.598,0
1.5741,5.404745E-05,23.6115,0,1.5741,-7.788205E-05,23.6115,0
1.575,5.740444E-05,23.625,0,1.575,-1.141375E-05,23.625,0
1.5759,-1.208515E-05,23.6385,0,1.5759,2.1149E-05,23.6385,0
1.5768,-0.0001060807,23.652,0,1.5768,-7.016098E-05,23.652,0
1.5777,-6.176852E-05,23.6655,0,1.5777,-0.0001487144,23.6655,0
1.5786,0.0001312581,23.679,0,1.5786,-0.0001396506,23.679,0
1.5795,0.000144686,23.6925,0,1.5795,-0.0001228656,23.6925,0
1.5804,0.0001312581,23.706,0,1.5804,-7.620356E-05,23.706,0
1.5813,-2.584878E-05,23.7195,0,1.5813,-0.0001900053,23.7195,0
1.5822,-0.0002044404,23.733,0,1.5822,-0.0001812772,23.733,0
1.5831,-0.0001279011,23.7465,0,1.5831,-6.210422E-05,23.7465,0
1.584,-0.0001819486,23.76,0,1.584,-0.0001309224,23.76,0
1.5849,-0.0002168612,23.7735,0,1.5849,-0.0001440146,23.7735,0
1.5858,-0.0002205539,23.787,0,1.5858,-9.097429E-05,23.787,0
1.5867,-0.0001393149,23.8005,0,1.5867,5.673304E-05,23.8005,0
1.5876,-9.433127E-05,23.814,0,1.5876,0.0001373007,23.814,0
1.5885,-2.18204E-05,23.8275,0,1.5885,0.0001745632,23.8275,0
1.5894,3.323415E-05,23.841,0,1.5894,0.0002823224,23.841,0
1.5903,-1.678492E-06,23.8545,0,1.5903,0.0002910506,23.8545,0
1.5912,-0.0001228656,23.868,0,1.5912,0.000133608,23.868,0
1.5921,-5.035477E-05,23.8815,0,1.5921,8.023193E-05,23.8815,0
1.593,5.035477E-06,23.895,0,1.593,2.1149E-05,23.895,0
1.5939,2.920577E-05,23.9085,0,1.5939,1.074235E-05,23.9085,0
1.5948,8.560311E-05,23.922,0,1.5948,-7.049668E-06,23.922,0
1.5957,0.0001164874,23.9355,0,1.5957,7.721065E-06,23.9355,0
1.5966,9.701686E-05,23.949,0,1.5966,6.6804E-05,23.949,0
1.5975,2.383459E-05,23.9625,0,1.5975,3.323415E-05,23.9625,0
1.5984,-6.009003E-05,23.976,0,1.5984,-3.927672E-05,23.976,0
1.5993,-5.774014E-05,23.9895,0,1.5993,-3.222705E-05,23.9895,0
1.6002,-3.524834E-05,24.003,0,1.6002,-6.6804E-05,24.003,0
1.6011,3.994812E-05,24.0165,0,1.6011,-8.761731E-05,24.0165,0
1.602,9.735256E-06,24.03,0,1.602,-3.356985E-07,24.03,0
1.6029,5.606165E-05,24.0435,0,1.6029,-2.987716E-05,24.0435,0
1.6038,6.009003E-05,24.057,0,1.6038,-0.0002735943,24.057,0
1.6047,2.652018E-05,24.0705,0,1.6047,-0.0003370413,24.0705,0
1.6056,9.164568E-05,24.084,0,1.6056,-0.0002796368,24.084,0
1.6065,0.0002024262,24.0975,0,1.6065,-0.0001983978,24.0975,0
1.6074,0.0002373388,24.111,0,1.6074,-6.74754E-05,24.111,0
1.6083,4.901198E-05,24.1245,0,1.6083,0.0001097734,24.1245,0
1.6092,-6.109713E-05,24.138,0,1.6092,0.0003085069,24.138,0
1.6101,-3.021286E-05,24.1515,0,1.6101,0.0002101472,24.1515,0
1.611,-6.713969E-07,24.165,0,1.611,-0.0001752346,24.165,0
1.6119,6.143282E-05,24.1785,0,1.6119,-0.0003118639,24.1785,0
1.6128,8.090334E-05,24.192,0,1.6128,-0.0002635233,24.192,0
1.6137,-5.539025E-05,24.2055,0,1.6137,-0.000197055,24.2055,0
1.6146,-5.102617E-05,24.219,0,1.6146,-0.000105745,24.219,0
1.6155,-1.040665E-05,24.2325,0,1.6155,0.0001232013,24.2325,0
1.6164,-0.0002437171,24.246,0,1.6164,0.0003910887,24.246,0
1.6173,-0.0002218967,24.2595,0,1.6173,0.0004354009,24.2595,0
1.6182,-6.411841E-05,24.273,0,1.6182,0.0003017929,24.273,0
1.6191,-0.0001665064,24.2865,0,1.6191,0.0001755703,24.2865,0
1.62,-0.0001399863,24.3,0,1.62,2.920577E-05,24.3,0
1.6209,-5.136187E-05,24.3135,0,1.6209,2.24918E-05,24.3135,0
1.6218,-2.786297E-05,24.327,0,1.6218,1.007095E-06,24.327,0
1.6227,-4.33051E-05,24.3405,0,1.6227,-2.719158E-05,24.3405,0
1.6236,-6.143282E-05,24.354,0,1.6236,-3.793393E-05,24.354,0
1.6245,1.678492E-06,24.3675,0,1.6245,-4.095522E-05,24.3675,0
1.6254,2.786297E-05,24.381,0,1.6254,-8.157473E-05,24.381,0
1.6263,-1.678492E-05,24.3945,0,1.6263,-3.121996E-05,24.3945,0
1.6272,2.786297E-05,24.408,0,1.6272,-1.544213E-05,24.408,0
1.6281,0.0001386435,24.4215,0,1.6281,-7.653925E-05,24.4215,0
1.629,0.0002500954,24.435,0,1.629,-0.0001285725,24.435,0
1.6299,0.0003568475,24.4485,0,1.6299,-0.0002077974,24.4485,0
1.6308,0.0002239109,24.462,0,1.6308,-0.000235996,24.462,0
1.6317,-2.081331E-05,24.4755,0,1.6317,-0.0001943694,24.4755,0
1.6326,-0.0001886625,24.489,0,1.6326,-0.0001550927,24.489,0
1.6335,-0.0002658732,24.5025,0,1.6335,-6.076142E-05,24.5025,0
1.6344,-0.0002688945,24.516,0,1.6344,8.795301E-05,24.516,0
1.6353,-0.0002420386,24.5295,0,1.6353,4.733349E-05,24.5295,0
1.6362,-0.0001460288,24.543,0,1.6362,8.358892E-05,24.543,0
1.6371,-1.544213E-05,24.5565,0,1.6371,2.383459E-05,24.5565,0
1.638,3.356985E-06,24.57,0,1.638,-3.961242E-05,24.57,0
1.6389,-1.376364E-05,24.5835,0,1.6389,-9.735256E-05,24.5835,0
1.6398,4.699779E-06,24.597,0,1.6398,-3.256275E-05,24.597,0
1.6407,4.934768E-05,24.6105,0,1.6407,5.438316E-05,24.6105,0
1.6416,0.0001138018,24.624,0,1.6416,2.954147E-05,24.624,0
1.6425,0.0001164874,24.6375,0,1.6425,8.560311E-05,24.6375,0
1.6434,0.0001574426,24.651,0,1.6434,2.081331E-05,24.651,0
1.6443,0.0001399863,24.6645,0,1.6443,-0.0001554284,24.6645,0
1.6452,8.89601E-05,24.678,0,1.6452,-0.0001601282,24.678,0
1.6461,0.0002302892,24.6915,0,1.6461,-0.0001681849,24.6915,0
1.647,0.0002574807,24.705,0,1.647,-0.000102388,24.705,0
1.6479,-3.692683E-05,24.7185,0,1.6479,1.242084E-05,24.7185,0
1.6488,-0.0001762417,24.732,0,1.6488,0.0001695277,24.732,0
1.6497,-0.0002077974,24.7455,0,1.6497,0.000228275,24.7455,0
1.6506,-0.0002890364,24.759,0,1.6506,2.316319E-05,24.759,0
1.6515,-0.0003293202,24.7725,0,1.6515,-4.934768E-05,24.7725,0
1.6524,-0.0001362936,24.786,0,1.6524,-8.82887E-05,24.786,0
1.6533,-3.826963E-05,24.7995,0,1.6533,-8.560311E-05,24.7995,0
1.6542,3.356985E-05,24.813,0,1.6542,-6.311131E-05,24.813,0
1.6551,3.659113E-05,24.8265,0,1.6551,-3.222705E-05,24.8265,0
1.656,-5.706874E-06,24.84,0,1.656,7.284657E-05,24.84,0
1.6569,1.779202E-05,24.8535,0,1.6569,0.0001151446,24.8535,0
1.6578,-1.443504E-05,24.867,0,1.6578,4.968337E-05,24.867,0
1.6587,4.061952E-05,24.8805,0,1.6587,3.591974E-05,24.8805,0
1.6596,0.0002218967,24.894,0,1.6596,7.083238E-05,24.894,0
1.6605,0.0002668803,24.9075,0,1.6605,-1.376364E-05,24.9075,0
1.6614,0.0002252537,24.921,0,1.6614,-0.000115816,24.921,0
1.6623,0.0001252155,24.9345,0,1.6623,-0.0001292439,24.9345,0
1.6632,-0.0002652018,24.948,0,1.6632,-8.023193E-05,24.948,0
1.6641,-0.0003722896,24.9615,0,1.6641,-4.33051E-05,24.9615,0
1.665,-0.0001426719,24.975,0,1.665,-1.409934E-05,24.975,0
1.6659,-0.0001221943,24.9885,0,1.6659,3.189136E-05,24.9885,0
1.6668,7.653925E-05,25.002,0,1.6668,0.0001037308,25.002,0
1.6677,0.000112459,25.0155,0,1.6677,-8.392462E-06,25.0155,0
1.6686,3.021286E-06,25.029,0,1.6686,-7.620356E-05,25.029,0
1.6695,-0.0001154803,25.0425,0,1.6695,-2.014191E-05,25.0425,0
1.6704,-3.356985E-06,25.056,0,1.6704,5.706874E-06,25.056,0
1.6713,5.874724E-05,25.0695,0,1.6713,-7.821774E-05,25.0695,0
1.6722,0.0001487144,25.083,0,1.6722,-6.411841E-05,25.083,0
1.6731,8.761731E-05,25.0965,0,1.6731,-9.802396E-05,25.0965,0
1.674,3.356985E-05,25.11,0,1.674,-0.0002155184,25.11,0
1.6749,-8.661021E-05,25.1235,0,1.6749,-0.0002840009,25.1235,0
1.6758,-0.0001930266,25.137,0,1.6758,-0.0002756084,25.137,0
1.6767,-0.000102388,25.1505,0,1.6767,-0.0001829557,25.1505,0
1.6776,2.786297E-05,25.164,0,1.6776,-7.754635E-05,25.164,0
1.6785,2.887007E-05,25.1775,0,1.6785,8.291753E-05,25.1775,0
1.6794,3.189136E-05,25.191,0,1.6794,0.0002406958,25.191,0
1.6803,7.721065E-06,25.2045,0,1.6803,0.0002682231,25.2045,0
1.6812,-1.644922E-05,25.218,0,1.6812,0.000119173,25.218,0
1.6821,0.0001305867,25.2315,0,1.6821,-3.793393E-05,25.2315,0
1.683,0.0003205921,25.245,0,1.683,4.196231E-05,25.245,0
1.6839,0.0003363699,25.2585,0,1.6839,7.452507E-05,25.2585,0
1.6848,0.0001953765,25.272,0,1.6848,4.263371E-05,25.272,0
1.6857,6.076142E-05,25.2855,0,1.6857,1.544213E-05,25.2855,0
1.6866,-0.0002306248,25.299,0,1.6866,2.920577E-05,25.299,0
1.6875,-0.0003494621,25.3125,0,1.6875,4.39765E-05,25.3125,0
1.6884,-0.0003246204,25.326,0,1.6884,5.673304E-05,25.326,0
1.6893,-8.82887E-05,25.3395,0,1.6893,-3.356985E-07,25.3395,0
1.6902,-6.51255E-05,25.353,0,1.6902,1.678492E-06,25.353,0
1.6911,-0.0001433432,25.3665,0,1.6911,-0.0001000381,25.3665,0
1.692,-0.0001550927,25.38,0,1.692,-0.0002242466,25.38,0
1.6929,-0.0001440146,25.3935,0,1.6929,-0.0002370031,25.3935,0
1.6938,-0.0001067521,25.407,0,1.6938,-0.0001329366,25.407,0
1.6947,-4.36408E-06,25.4205,0,1.6947,-4.061952E-05,25.4205,0
1.6956,5.069047E-05,25.434,0,1.6956,8.89601E-05,25.434,0
1.6965,6.311131E-05,25.4475,0,1.6965,0.0002131685,25.4475,0
1.6974,0.000144686,25.461,0,1.6974,9.030289E-05,25.461,0
1.6983,0.0002252537,25.4745,0,1.6983,-2.584878E-05,25.4745,0
1.6992,0.0003252918,25.488,0,1.6992,-3.088426E-05,25.488,0
1.7001,0.0002601663,25.5015,0,1.7001,-3.692683E-06,25.5015,0
1.701,8.89601E-05,25.515,0,1.701,4.43122E-05,25.515,0
1.7019,-0.0002500954,25.5285,0,1.7019,3.558404E-05,25.5285,0
1.7028,-0.0003360342,25.542,0,1.7028,-3.994812E-05,25.542,0
1.7037,-0.0001836271,25.5555,0,1.7037,-3.994812E-05,25.5555,0
1.7046,-0.0001473716,25.569,0,1.7046,1.376364E-05,25.569,0
1.7055,-0.000193698,25.5825,0,1.7055,5.874724E-05,25.5825,0
1.7064,-0.0002091402,25.596,0,1.7064,7.318227E-05,25.596,0
1.7073,-0.0001399863,25.6095,0,1.7073,0.0001507286,25.6095,0
1.7082,-7.821774E-05,25.623,0,1.7082,4.733349E-05,25.623,0
1.7091,4.129091E-05,25.6365,0,1.7091,-0.0001628138,25.6365,0
1.71,0.0001282368,25.65,0,1.71,-0.0001460288,25.65,0
1.7109,0.0001285725,25.6635,0,1.7109,-0.0002010834,25.6635,0
1.7118,5.035477E-06,25.677,0,1.7118,-0.0002265965,25.677,0
1.7127,3.121996E-05,25.6905,0,1.7127,-0.0001816129,25.6905,0
1.7136,9.063859E-05,25.704,0,1.7136,-6.814679E-05,25.704,0
1.7145,0.000102388,25.7175,0,1.7145,5.035477E-06,25.7175,0
1.7154,9.399557E-05,25.731,0,1.7154,-6.378271E-06,25.731,0
1.7163,0.000154757,25.7445,0,1.7163,-9.936675E-05,25.7445,0
1.7172,0.000140322,25.758,0,1.7172,-6.54612E-05,25.758,0
1.7181,-1.208515E-05,25.7715,0,1.7181,-8.426032E-05,25.7715,0
1.719,-0.0001346151,25.785,0,1.719,-0.0001473716,25.785,0
1.7199,-9.701686E-05,25.7985,0,1.7199,-0.0001299153,25.7985,0
1.7208,3.524834E-05,25.812,0,1.7208,-8.661021E-05,25.812,0
1.7217,0.0002641947,25.8255,0,1.7217,-1.544213E-05,25.8255,0
1.7226,0.0004313726,25.839,0,1.7226,5.471885E-05,25.839,0
1.7235,0.0003367056,25.8525,0,1.7235,0.0001514,25.8525,0
1.7244,8.89601E-05,25.866,0,1.7244,0.000123537,25.866,0
1.7253,-0.0001900053,25.8795,0,1.7253,0.0001107805,25.8795,0
1.7262,-0.0003981384,25.893,0,1.7262,0.0002010834,25.893,0
1.7271,-0.0002994431,25.9065,0,1.7271,0.0003259632,25.9065,0
1.728,-0.0001990692,25.92,0,1.728,0.0003360342,25.92,0
1.7289,-0.0001174945,25.9335,0,1.7289,0.0002329748,25.9335,0
1.7298,-7.989624E-05,25.947,0,1.7298,0.0001453574,25.947,0
1.7307,-7.418937E-05,25.9605,0,1.7307,7.486076E-05,25.9605,0
1.7316,-5.941863E-05,25.974,0,1.7316,1.007095E-05,25.974,0
1.7325,-0.0001077592,25.9875,0,1.7325,-0.0001218585,25.9875,0
1.7334,-2.652018E-05,26.001,0,1.7334,-0.0001816129,26.001,0
1.7343,0.0001376364,26.0145,0,1.7343,-0.0001379721,26.0145,0
1.7352,0.0003414054,26.028,0,1.7352,-0.0001990692,26.028,0
1.7361,0.000161471,26.0415,0,1.7361,-0.0002376745,26.0415,0
1.737,4.162661E-05,26.055,0,1.737,-0.0001517357,26.055,0
1.7379,-0.0001527428,26.0685,0,1.7379,-3.390555E-05,26.0685,0
1.7388,-0.0002641947,26.082,0,1.7388,3.726253E-05,26.082,0
1.7397,-0.0001205158,26.0955,0,1.7397,-1.913481E-05,26.0955,0
1.7406,-7.016098E-05,26.109,0,1.7406,7.989624E-05,26.109,0
1.7415,-2.987716E-05,26.1225,0,1.7415,6.042573E-05,26.1225,0
1.7424,0.0001138018,26.136,0,1.7424,-0.0001064164,26.136,0
1.7433,3.591974E-05,26.1495,0,1.7433,-0.0002225681,26.1495,0
1.7442,1.141375E-05,26.163,0,1.7442,-0.0001816129,26.163,0
1.7451,5.471885E-05,26.1765,0,1.7451,-8.627451E-05,26.1765,0
1.746,0.0001097734,26.19,0,1.746,-5.740444E-05,26.19,0
1.7469,5.035477E-05,26.2035,0,1.7469,-5.035477E-05,26.2035,0
1.7478,7.385367E-06,26.217,0,1.7478,7.049668E-06,26.217,0
1.7487,0.0001040665,26.2305,0,1.7487,-6.51255E-05,26.2305,0
1.7496,7.754635E-05,26.244,0,1.7496,-0.0001483787,26.244,0
1.7505,7.049668E-05,26.2575,0,1.7505,-0.0002138399,26.2575,0
1.7514,-1.040665E-05,26.271,0,1.7514,-0.0001963836,26.271,0
1.7523,-0.0002715801,26.2845,0,1.7523,-0.0001604639,26.2845,0
1.7532,-0.0002685588,26.298,0,1.7532,-6.478981E-05,26.298,0
1.7541,-0.0001863127,26.3115,0,1.7541,0.0001148089,26.3115,0
1.755,-7.821774E-05,26.325,0,1.755,0.0001926909,26.325,0
1.7559,-4.934768E-05,26.3385,0,1.7559,0.0003497978,26.3385,0
1.7568,-4.229801E-05,26.352,0,1.7568,0.0003098497,26.352,0
1.7577,-7.721065E-06,26.3655,0,1.7577,0.0001171588,26.3655,0
1.7586,1.779202E-05,26.379,0,1.7586,2.584878E-05,26.379,0
1.7595,5.337606E-05,26.3925,0,1.7595,-6.009003E-05,26.3925,0
1.7604,6.848249E-05,26.406,0,1.7604,-0.000175906,26.406,0
1.7613,3.524834E-05,26.4195,0,1.7613,-0.0001574426,26.4195,0
1.7622,-2.517739E-05,26.433,0,1.7622,-0.0002024262,26.433,0
1.7631,1.745632E-05,26.4465,0,1.7631,-0.0002531167,26.4465,0
1.764,3.860533E-05,26.46,0,1.764,-0.0001628138,26.46,0
1.7649,0.0001493858,26.4735,0,1.7649,-2.450599E-05,26.4735,0
1.7658,0.0001967193,26.487,0,1.7658,8.426032E-05,26.487,0
1.7667,7.754635E-05,26.5005,0,1.7667,7.620356E-05,26.5005,0
1.7676,9.903105E-05,26.514,0,1.7676,0.0001712062,26.514,0
1.7685,-4.196231E-05,26.5275,0,1.7685,8.157473E-05,26.5275,0
1.7694,-0.0001406577,26.541,0,1.7694,0.0001087663,26.541,0
1.7703,-0.0002232395,26.5545,0,1.7703,0.0001279011,26.5545,0
1.7712,-0.0001312581,26.568,0,1.7712,0.0001282368,26.568,0
1.7721,-0.0001077592,26.5815,0,1.7721,0.0001245441,26.5815,0
1.773,-0.0001383078,26.595,0,1.773,1.577783E-05,26.595,0
1.7739,-1.309224E-05,26.6085,0,1.7739,-7.486076E-05,26.6085,0
1.7748,3.793393E-05,26.622,0,1.7748,-9.869535E-05,26.622,0
1.7757,3.994812E-05,26.6355,0,1.7757,-0.0001326009,26.6355,0
1.7766,0.0001027237,26.649,0,1.7766,-0.0001379721,26.649,0
1.7775,0.0002584878,26.6625,0,1.7775,-2.853437E-05,26.6625,0
1.7784,6.54612E-05,26.676,0,1.7784,2.517739E-05,26.676,0
1.7793,-0.0001322652,26.6895,0,1.7793,-0.000112459,26.6895,0
1.7802,-3.860533E-05,26.703,0,1.7802,-0.0001319295,26.703,0
1.7811,-2.786297E-05,26.7165,0,1.7811,-6.009003E-05,26.7165,0
1.782,6.915389E-05,26.73,0,1.782,-4.36408E-05,26.73,0
1.7829,-4.800488E-05,26.7435,0,1.7829,-8.358892E-05,26.7435,0
1.7838,-6.311131E-05,26.757,0,1.7838,-0.0001762417,26.757,0
1.7847,0.0001211871,26.7705,0,1.7847,-0.000161471,26.7705,0
1.7856,4.565499E-05,26.784,0,1.7856,-0.0001084306,26.784,0
1.7865,-0.0001641566,26.7975,0,1.7865,-0.0001728847,26.7975,0
1.7874,-1.779202E-05,26.811,0,1.7874,-7.553216E-05,26.811,0
1.7883,2.1149E-05,26.8245,0,1.7883,9.030289E-05,26.8245,0
1.7892,-3.726253E-05,26.838,0,1.7892,0.0001889983,26.838,0
1.7901,2.349889E-05,26.8515,0,1.7901,0.0001762417,26.8515,0
1.791,-8.023193E-05,26.865,0,1.791,5.740444E-05,26.865,0
1.7919,8.392462E-06,26.8785,0,1.7919,6.61326E-05,26.8785,0
1.7928,-1.846342E-05,26.892,0,1.7928,-8.392462E-06,26.892,0
1.7937,-0.0001651637,26.9055,0,1.7937,-3.793393E-05,26.9055,0
1.7946,-0.0001601282,26.919,0,1.7946,-8.761731E-05,26.919,0
1.7955,-3.793393E-05,26.9325,0,1.7955,-0.000193698,26.9325,0
1.7964,-1.174945E-05,26.946,0,1.7964,-0.0002591592,26.946,0
1.7973,-6.042573E-06,26.9595,0,1.7973,-0.0002242466,26.9595,0
1.7982,0.0001017166,26.973,0,1.7982,-6.243992E-05,26.973,0
1.7991,0.0001409934,26.9865,0,1.7991,-1.376364E-05,26.9865,0
1.8,0.000112459,27,0,1.8,0.0001242084,27,0
1.8009,0.0002312963,27.0135,0,1.8009,0.0002198825,27.0135,0
1.8018,0.0001876554,27.027,0,1.8018,0.0002870222,27.027,0
1.8027,0.0001443503,27.0405,0,1.8027,0.0003390555,27.0405,0
1.8036,8.82887E-05,27.054,0,1.8036,0.0002225681,27.054,0
1.8045,-7.016098E-05,27.0675,0,1.8045,2.987716E-05,27.0675,0
1.8054,-0.0001940337,27.081,0,1.8054,-3.591974E-05,27.081,0
1.8063,-6.478981E-05,27.0945,0,1.8063,-0.0001453574,27.0945,0
1.8072,8.426032E-05,27.108,0,1.8072,-0.0001822843,27.108,0
1.8081,6.176852E-05,27.1215,0,1.8081,-8.89601E-05,27.1215,0
1.809,5.706874E-06,27.135,0,1.809,-0.0001010452,27.135,0
1.8099,-1.040665E-05,27.1485,0,1.8099,-0.0001661708,27.1485,0
1.8108,-0.000109102,27.162,0,1.8108,-0.0001262226,27.162,0
1.8117,-0.0001467002,27.1755,0,1.8117,3.961242E-05,27.1755,0
1.8126,-0.0001567712,27.189,0,1.8126,0.0002245823,27.189,0
1.8135,-0.0001332723,27.2025,0,1.8135,0.0002161898,27.2025,0
1.8144,-0.0001634852,27.216,0,1.8144,0.0001111162,27.216,0
1.8153,-0.0001309224,27.2295,0,1.8153,3.189136E-05,27.2295,0
1.8162,-8.191043E-05,27.243,0,1.8162,-7.049668E-06,27.243,0
1.8171,-3.457694E-05,27.2565,0,1.8171,-0.0001114519,27.2565,0
1.818,3.356985E-06,27.27,0,1.818,-8.123904E-05,27.27,0
1.8189,5.740444E-05,27.2835,0,1.8189,-4.36408E-05,27.2835,0
1.8198,-3.021286E-06,27.297,0,1.8198,-4.095522E-05,27.297,0
1.8207,-4.867628E-05,27.3105,0,1.8207,2.484169E-05,27.3105,0
1.8216,2.1149E-05,27.324,0,1.8216,2.551309E-05,27.324,0
1.8225,0.0001258869,27.3375,0,1.8225,-2.1149E-05,27.3375,0
1.8234,1.913481E-05,27.351,0,1.8234,-0.0001121233,27.351,0
1.8243,1.141375E-05,27.3645,0,1.8243,-0.0001245441,27.3645,0
1.8252,-5.706874E-06,27.378,0,1.8252,-3.524834E-05,27.378,0
1.8261,-6.109713E-05,27.3915,0,1.8261,-4.699779E-05,27.3915,0
1.827,0.0002118257,27.405,0,1.827,-9.198138E-05,27.405,0
1.8279,0.0004293584,27.4185,0,1.8279,-0.0001389792,27.4185,0
1.8288,0.0002252537,27.432,0,1.8288,-0.0001668421,27.432,0
1.8297,-0.0001373007,27.4455,0,1.8297,-0.0002477455,27.4455,0
1.8306,-0.0001339437,27.459,0,1.8306,-0.0001866484,27.459,0
1.8315,-0.0003467765,27.4725,0,1.8315,-6.042573E-06,27.4725,0
1.8324,-0.0005448386,27.486,0,1.8324,3.793393E-05,27.486,0
1.8333,-0.0001661708,27.4995,0,1.8333,1.376364E-05,27.4995,0
1.8342,8.69459E-05,27.513,0,1.8342,0.0001104448,27.513,0
1.8351,0.0001312581,27.5265,0,1.8351,0.0002017548,27.5265,0
1.836,0.000133608,27.54,0,1.836,7.452507E-05,27.54,0
1.8369,0.0001252155,27.5535,0,1.8369,-1.913481E-05,27.5535,0
1.8378,8.72816E-05,27.567,0,1.8378,-7.821774E-05,27.567,0
1.8387,-1.846342E-05,27.5805,0,1.8387,-5.539025E-05,27.5805,0
1.8396,-0.0001094377,27.594,0,1.8396,-1.107805E-05,27.594,0
1.8405,-6.009003E-05,27.6075,0,1.8405,-2.786297E-05,27.6075,0
1.8414,0.0002235752,27.621,0,1.8414,3.793393E-05,27.621,0
1.8423,0.0004622568,27.6345,0,1.8423,0.0001822843,27.6345,0
1.8432,0.0003863889,27.648,0,1.8432,8.224613E-05,27.648,0
1.8441,0.0001537499,27.6615,0,1.8441,-6.042573E-06,27.6615,0
1.845,-9.735256E-06,27.675,0,1.845,3.692683E-05,27.675,0
1.8459,-0.0002960861,27.6885,0,1.8459,7.049668E-06,27.6885,0
1.8468,-0.0005142901,27.702,0,1.8468,-0.0001671778,27.702,0
1.8477,-0.0003847105,27.7155,0,1.8477,-0.000267216,27.7155,0
1.8486,-0.0002410315,27.729,0,1.8486,-0.0002188754,27.729,0
1.8495,-0.0001577783,27.7425,0,1.8495,-0.0001641566,27.7425,0
1.8504,-7.385367E-05,27.756,0,1.8504,-0.0001265583,27.756,0
1.8513,-6.71397E-05,27.7695,0,1.8513,-0.000119173,27.7695,0
1.8522,2.652018E-05,27.783,0,1.8522,-1.040665E-05,27.783,0
1.8531,-1.644922E-05,27.7965,0,1.8531,-8.728161E-06,27.7965,0
1.854,2.987716E-05,27.81,0,1.854,4.129091E-05,27.81,0
1.8549,0.0001812772,27.8235,0,1.8549,9.634547E-05,27.8235,0
1.8558,0.0001863127,27.837,0,1.8558,0.0001383078,27.837,0
1.8567,8.023193E-05,27.8505,0,1.8567,0.0001426719,27.8505,0
1.8576,-2.24918E-05,27.864,0,1.8576,0.000185977,27.864,0
1.8585,-8.090334E-05,27.8775,0,1.8585,0.0001326009,27.8775,0
1.8594,-0.0001571069,27.891,0,1.8594,3.692683E-06,27.891,0
1.8603,-0.0001349508,27.9045,0,1.8603,-3.121996E-05,27.9045,0
1.8612,1.712062E-05,27.918,0,1.8612,-3.021286E-06,27.918,0
1.8621,4.162661E-05,27.9315,0,1.8621,4.599069E-05,27.9315,0
1.863,8.056763E-06,27.945,0,1.863,3.390555E-05,27.945,0
1.8639,5.941863E-05,27.9585,0,1.8639,6.042573E-06,27.9585,0
1.8648,0.0003236133,27.972,0,1.8648,-5.807584E-05,27.972,0
1.8657,0.0003017929,27.9855,0,1.8657,1.376364E-05,27.9855,0
1.8666,0.0001587854,27.999,0,1.8666,1.007095E-06,27.999,0
1.8675,7.418937E-05,28.0125,0,1.8675,-8.459602E-05,28.0125,0
1.8684,-8.69459E-05,28.026,0,1.8684,-8.89601E-05,28.026,0
1.8693,-0.0003494621,28.0395,0,1.8693,-9.130999E-05,28.0395,0
1.8702,-0.000148043,28.053,0,1.8702,-0.0001097734,28.053,0
1.8711,-8.89601E-05,28.0665,0,1.8711,-0.0001305867,28.0665,0
1.872,-3.894102E-05,28.08,0,1.872,-8.224613E-05,28.08,0
1.8729,0.0001104448,28.0935,0,1.8729,-0.0001144732,28.0935,0
1.8738,6.210422E-05,28.107,0,1.8738,-0.0001846342,28.107,0
1.8747,3.021286E-06,28.1205,0,1.8747,-0.0001943694,28.1205,0
1.8756,-3.121996E-05,28.134,0,1.8756,-0.0001708705,28.134,0
1.8765,-4.39765E-05,28.1475,0,1.8765,-0.000218204,28.1475,0
1.8774,-7.251087E-05,28.161,0,1.8774,-0.0001883268,28.161,0
1.8783,-9.735256E-06,28.1745,0,1.8783,-8.392462E-06,28.1745,0
1.8792,-2.349889E-06,28.188,0,1.8792,0.0001319295,28.188,0
1.8801,4.53193E-05,28.2015,0,1.8801,8.426032E-05,28.2015,0
1.881,4.599069E-05,28.215,0,1.881,0.0002682231,28.215,0
1.8819,7.754635E-05,28.2285,0,1.8819,0.0004266728,28.2285,0
1.8828,1.007095E-05,28.242,0,1.8828,0.0004078737,28.242,0
1.8837,-2.349889E-05,28.2555,0,1.8837,0.0001987335,28.2555,0
1.8846,-0.0001383078,28.269,0,1.8846,8.291753E-05,28.269,0
1.8855,9.735256E-06,28.2825,0,1.8855,7.721065E-06,28.2825,0
1.8864,0.0002541238,28.296,0,1.8864,-0.0001174945,28.296,0
1.8873,0.000341741,28.3095,0,1.8873,-0.0002725872,28.3095,0
1.8882,0.0001675135,28.323,0,1.8882,-0.0004535287,28.323,0
1.8891,9.097429E-05,28.3365,0,1.8891,-0.000433051,28.3365,0
1.89,-0.0001084306,28.35,0,1.89,-0.0003655757,28.35,0
1.8909,-0.0003182421,28.3635,0,1.8909,-0.0001178302,28.3635,0
1.8918,-0.0003917601,28.377,0,1.8918,0.0001070878,28.377,0
1.8927,-0.0003776608,28.3905,0,1.8927,0.0003219348,28.3905,0
1.8936,-0.0001806058,28.404,0,1.8936,0.0004508431,28.404,0
1.8945,-2.584878E-05,28.4175,0,1.8945,0.0002514381,28.4175,0
1.8954,-1.376364E-05,28.431,0,1.8954,0.0001493858,28.431,0
1.8963,-4.36408E-06,28.4445,0,1.8963,0.000140322,28.4445,0
1.8972,-3.894102E-05,28.458,0,1.8972,1.779202E-05,28.458,0
1.8981,-1.678492E-05,28.4715,0,1.8981,-9.567407E-05,28.4715,0
1.899,-3.356985E-06,28.485,0,1.899,-0.0001339437,28.485,0
1.8999,3.726253E-05,28.4985,0,1.8999,-0.0002447242,28.4985,0
1.9008,6.344701E-05,28.512,0,1.9008,-0.0002866865,28.512,0
1.9017,7.956054E-05,28.5255,0,1.9017,-0.0002091402,28.5255,0
1.9026,7.687495E-05,28.539,0,1.9026,-9.735256E-05,28.539,0
1.9035,4.733349E-05,28.5525,0,1.9035,1.007095E-05,28.5525,0
1.9044,3.054856E-05,28.566,0,1.9044,9.735256E-05,28.566,0
1.9053,-8.023193E-05,28.5795,0,1.9053,0.0002383459,28.5795,0
1.9062,-0.0001373007,28.593,0,1.9062,0.0001782559,28.593,0
1.9071,-6.009003E-05,28.6065,0,1.9071,-2.18204E-05,28.6065,0
1.908,8.392462E-06,28.62,0,1.908,-0.0001983978,28.62,0
1.9089,0.0001258869,28.6335,0,1.9089,-0.0001990692,28.6335,0
1.9098,0.0001376364,28.647,0,1.9098,-7.888914E-05,28.647,0
1.9107,6.009003E-05,28.6605,0,1.9107,-3.692683E-05,28.6605,0
1.9116,4.46479E-05,28.674,0,1.9116,3.424125E-05,28.674,0
1.9125,3.121996E-05,28.6875,0,1.9125,0.0001621424,28.6875,0
1.9134,7.049668E-06,28.701,0,1.9134,0.0001661708,28.701,0
1.9143,5.874724E-05,28.7145,0,1.9143,5.572595E-05,28.7145,0
1.9152,0.0001473716,28.728,0,1.9152,1.980621E-05,28.728,0
1.9161,0.000270573,28.7415,0,1.9161,6.042573E-06,28.7415,0
1.917,0.0001601282,28.755,0,1.917,-8.627451E-05,28.755,0
1.9179,9.433127E-05,28.7685,0,1.9179,-0.0001765774,28.7685,0
1.9188,3.356985E-05,28.782,0,1.9188,-0.0002487526,28.782,0
1.9197,-4.061952E-05,28.7955,0,1.9197,-0.0002010834,28.7955,0
1.9206,-0.0001275654,28.809,0,1.9206,-7.284657E-05,28.809,0
1.9215,-0.0001030594,28.8225,0,1.9215,2.24918E-05,28.8225,0
1.9224,2.517739E-05,28.836,0,1.9224,-2.316319E-05,28.836,0
1.9233,0.0001225299,28.8495,0,1.9233,-7.553216E-05,28.8495,0
1.9242,5.404745E-05,28.863,0,1.9242,-7.586786E-05,28.863,0
1.9251,-2.383459E-05,28.8765,0,1.9251,-0.0001211871,28.8765,0
1.926,-0.0001564355,28.89,0,1.926,-0.0001433432,28.89,0
1.9269,-0.0003528191,28.9035,0,1.9269,-0.0001322652,28.9035,0
1.9278,-0.0004367437,28.917,0,1.9278,-0.0001685206,28.917,0
1.9287,-0.0003494621,28.9305,0,1.9287,-0.0002729229,28.9305,0
1.9296,-0.0001396506,28.944,0,1.9296,-0.0001309224,28.944,0
1.9305,-1.477073E-05,28.9575,0,1.9305,0.0001802701,28.9575,0
1.9314,0.0001362936,28.971,0,1.9314,0.0005273823,28.971,0
1.9323,6.78111E-05,28.9845,0,1.9323,0.0004723278,28.9845,0
1.9332,-7.553216E-05,28.998,0,1.9332,0.0004018311,28.998,0
1.9341,-2.719158E-05,29.0115,0,1.9341,0.000288365,29.0115,0
1.935,-1.342794E-06,29.025,0,1.935,9.164568E-05,29.025,0
1.9359,-3.826963E-05,29.0385,0,1.9359,2.28275E-05,29.0385,0
1.9368,-4.699779E-05,29.052,0,1.9368,-1.510643E-05,29.052,0
1.9377,2.584878E-05,29.0655,0,1.9377,-4.800488E-05,29.0655,0
1.9386,-8.023193E-05,29.079,0,1.9386,-0.0001373007,29.079,0
1.9395,-0.0001708705,29.0925,0,1.9395,-0.000197055,29.0925,0
1.9404,-1.174945E-05,29.106,0,1.9404,-0.0002225681,29.106,0
1.9413,-1.846342E-05,29.1195,0,1.9413,-0.0002474098,29.1195,0
1.9422,7.754635E-05,29.133,0,1.9422,-0.0001520714,29.133,0
1.9431,7.486076E-05,29.1465,0,1.9431,-9.399558E-06,29.1465,0
1.944,0.000112459,29.16,0,1.944,0.0001151446,29.16,0
1.9449,0.0001030594,29.1735,0,1.9449,0.0001842985,29.1735,0
1.9458,0.0001460288,29.187,0,1.9458,0.0001037308,29.187,0
1.9467,6.881819E-05,29.2005,0,1.9467,2.719158E-05,29.2005,0
1.9476,8.728161E-06,29.214,0,1.9476,9.735256E-06,29.214,0
1.9485,1.309224E-05,29.2275,0,1.9485,-4.565499E-05,29.2275,0
1.9494,-4.33051E-05,29.241,0,1.9494,-9.030289E-05,29.241,0
1.9503,-7.318227E-05,29.2545,0,1.9503,-5.136187E-05,29.2545,0
1.9512,1.812772E-05,29.268,0,1.9512,-3.524834E-05,29.268,0
1.9521,7.821774E-05,29.2815,0,1.9521,-0.0001077592,29.2815,0
1.953,0.0001185016,29.295,0,1.953,-0.0001171588,29.295,0
1.9539,8.560311E-05,29.3085,0,1.9539,-0.0001567712,29.3085,0
1.9548,1.007095E-05,29.322,0,1.9548,-0.0003185779,29.322,0
1.9557,3.189136E-05,29.3355,0,1.9557,-0.0004894484,29.3355,0
1.9566,-2.18204E-05,29.349,0,1.9566,-0.0003978027,29.349,0
1.9575,-9.030289E-05,29.3625,0,1.9575,-0.0002611734,29.3625,0
1.9584,-4.196231E-05,29.376,0,1.9584,-0.0001151446,29.376,0
1.9593,-1.409934E-05,29.3895,0,1.9593,0.0001366293,29.3895,0
1.9602,-7.721065E-06,29.403,0,1.9602,0.0003910887,29.403,0
1.9611,5.203327E-05,29.4165,0,1.9611,0.0004451362,29.4165,0
1.962,3.793393E-05,29.43,0,1.962,0.0002923934,29.43,0
1.9629,1.980621E-05,29.4435,0,1.9629,0.0002302892,29.4435,0
1.9638,-7.016098E-05,29.457,0,1.9638,0.0001822843,29.457,0
1.9647,3.961242E-05,29.4705,0,1.9647,9.231708E-05,29.4705,0
1.9656,0.0001688563,29.484,0,1.9656,3.323415E-05,29.484,0
1.9665,8.023193E-05,29.4975,0,1.9665,3.189136E-05,29.4975,0
1.9674,-2.316319E-05,29.511,0,1.9674,-4.666209E-05,29.511,0
1.9683,-0.0001272297,29.5245,0,1.9683,-0.0001712062,29.5245,0
1.9692,1.107805E-05,29.538,0,1.9692,-0.0002030976,29.538,0
1.9701,0.0002856794,29.5515,0,1.9701,-0.0001554284,29.5515,0
1.971,0.000548867,29.565,0,1.971,-5.606165E-05,29.565,0
1.9719,0.0003998169,29.5785,0,1.9719,-5.035477E-06,29.5785,0
1.9728,0.0002373388,29.592,0,1.9728,-8.291753E-05,29.592,0
1.9737,-0.0001138018,29.6055,0,1.9737,-9.533837E-05,29.6055,0
1.9746,-0.0005894866,29.619,0,1.9746,-0.0001171588,29.619,0
1.9755,-0.0007633783,29.6325,0,1.9755,-5.774014E-05,29.6325,0
1.9764,-0.000555581,29.646,0,1.9764,-8.123904E-05,29.646,0
1.9773,-0.0003105211,29.6595,0,1.9773,3.961242E-05,29.6595,0
1.9782,-9.701686E-05,29.673,0,1.9782,0.000197055,29.673,0
1.9791,2.1149E-05,29.6865,0,1.9791,3.189136E-05,29.6865,0
1.98,-0.0001211871,29.7,0,1.98,-6.64683E-05,29.7,0
1.9809,-9.701686E-05,29.7135,0,1.9809,-8.392462E-06,29.7135,0
1.9818,-3.021286E-05,29.727,0,1.9818,3.121996E-05,29.727,0
1.9827,-8.761731E-05,29.7405,0,1.9827,5.337606E-05,29.7405,0
1.9836,3.826963E-05,29.754,0,1.9836,1.510643E-05,29.754,0
1.9845,9.332418E-05,29.7675,0,1.9845,-4.666209E-05,29.7675,0
1.9854,0.0001430075,29.781,0,1.9854,-4.36408E-05,29.781,0
1.9863,0.0003215991,29.7945,0,1.9863,-0.0001077592,29.7945,0
1.9872,0.0002594949,29.808,0,1.9872,-5.706874E-05,29.808,0
1.9881,8.090334E-05,29.8215,0,1.9881,0,29.8215,0
1.989,-1.107805E-05,29.835,0,1.989,-6.009003E-05,29.835,0
1.9899,-0.0002171969,29.8485,0,1.9899,-0.0003793393,29.8485,0
1.9908,-0.0003212634,29.862,0,1.9908,-0.0004756848,29.862,0
1.9917,-0.0002088045,29.8755,0,1.9917,-0.0003074998,29.8755,0
1.9926,-0.0001530785,29.889,0,1.9926,-0.0001624781,29.889,0
1.9935,-3.021286E-06,29.9025,0,1.9935,7.452507E-05,29.9025,0
1.9944,4.263371E-05,29.916,0,1.9944,0.0003064927,29.916,0
1.9953,2.719158E-05,29.9295,0,1.9953,0.0003773251,29.9295,0
1.9962,2.383459E-05,29.943,0,1.9962,0.0003316701,29.943,0
1.9971,2.920577E-05,29.9565,0,1.9971,-1.913481E-05,29.9565,0
1.998,0.000154757,29.97,0,1.998,-0.0001705348,29.97,0
1.9989,0.0001540856,29.9835,0,1.9989,-0.0002195468,29.9835,0
1.9998,0.0001775845,29.997,0,1.9998,-0.0002051118,29.997,0
2.0007,0.0002044404,30.0105,0,2.0007,-0.0001030594,30.0105,0
2.0016,0.0001144732,30.024,0,2.0016,3.591974E-05,30.024,0
2.0025,7.687495E-05,30.0375,0,2.0025,0.0002447242,30.0375,0
2.0034,3.155566E-05,30.051,0,2.0034,0.00033402,30.051,0
2.0043,-3.189136E-05,30.0645,0,2.0043,0.0003743038,30.0645,0
2.0052,-9.231708E-05,30.078,0,2.0052,0.0004031739,30.078,0
2.0061,-0.0001661708,30.0915,0,2.0061,0.0003514763,30.0915,0
2.007,-0.0001010452,30.105,0,2.007,0.0002487526,30.105,0
2.0079,1.644922E-05,30.1185,0,2.0079,8.291753E-05,30.1185,0
2.0088,1.309224E-05,30.132,0,2.0088,-6.881819E-05,30.132,0
2.0097,0.0001628138,30.1455,0,2.0097,-0.0003555047,30.1455,0
2.0106,0.0005740444,30.159,0,2.0106,-0.0005337606,30.159,0
2.0115,0.0005391318,30.1725,0,2.0115,-0.0005988861,30.1725,0
2.0124,0.000285008,30.186,0,2.0124,-0.0004142519,30.186,0
2.0133,0.000115816,30.1995,0,2.0133,-0.0001010452,30.1995,0
2.0142,-0.0002051118,30.213,0,2.0142,0.0002380102,30.213,0
2.0151,-0.0008832227,30.2265,0,2.0151,0.0004750133,30.2265,0
2.016,-0.0008818799,30.24,0,2.016,0.0003219348,30.24,0
2.0169,-0.0003706111,30.2535,0,2.0169,0.0001050736,30.2535,0
2.0178,-0.0001114519,30.267,0,2.0178,0.0001322652,30.267,0
2.0187,-7.855344E-05,30.2805,0,2.0187,5.471885E-05,30.2805,0
2.0196,-1.644922E-05,30.294,0,2.0196,-3.558404E-05,30.294,0
2.0205,2.517739E-05,30.3075,0,2.0205,-4.196231E-05,30.3075,0
2.0214,6.143282E-05,30.321,0,2.0214,-8.392462E-05,30.321,0
2.0223,3.692683E-06,30.3345,0,2.0223,-0.0002245823,30.3345,0
2.0232,-7.284657E-05,30.348,0,2.0232,-0.0002450599,30.348,0
2.0241,-2.752728E-05,30.3615,0,2.0241,-0.000161471,30.3615,0
2.025,-2.047761E-05,30.375,0,2.025,-0.0001332723,30.375,0
2.0259,5.203327E-05,30.3885,0,2.0259,-9.433127E-05,30.3885,0
2.0268,0.0001601282,30.402,0,2.0268,-6.243992E-05,30.402,0
2.0277,0.0002145113,30.4155,0,2.0277,8.392462E-06,30.4155,0
2.0286,0.0001517357,30.429,0,2.0286,4.599069E-05,30.429,0
2.0295,2.987716E-05,30.4425,0,2.0295,8.392462E-06,30.4425,0
2.0304,4.263371E-05,30.456,0,2.0304,-5.371176E-06,30.456,0
2.0313,9.298848E-05,30.4695,0,2.0313,4.599069E-05,30.4695,0
2.0322,0.0001769131,30.483,0,2.0322,-3.256275E-05,30.483,0
2.0331,0.0001795987,30.4965,0,2.0331,-0.0001121233,30.4965,0
2.034,3.591974E-05,30.51,0,2.034,-6.6804E-05,30.51,0
2.0349,4.263371E-05,30.5235,0,2.0349,-8.392462E-05,30.5235,0
2.0358,0.0001178302,30.537,0,2.0358,-0.0002198825,30.537,0
2.0367,0.0001393149,30.5505,0,2.0367,-0.0002776226,30.5505,0
2.0376,2.349889E-05,30.564,0,2.0376,-0.0002568093,30.564,0
2.0385,9.735256E-06,30.5775,0,2.0385,-0.0001359579,30.5775,0
2.0394,-3.692683E-06,30.591,0,2.0394,6.6804E-05,30.591,0
2.0403,-0.0001101091,30.6045,0,2.0403,0.0001641566,30.6045,0
2.0412,-0.0002769512,30.618,0,2.0412,0.0001701991,30.618,0
2.0421,-0.0003135424,30.6315,0,2.0421,0.0001742275,30.6315,0
2.043,-0.0002067903,30.645,0,2.043,5.941863E-05,30.645,0
2.0439,-0.0001460288,30.6585,0,2.0439,-4.36408E-06,30.6585,0
2.0448,-0.0002044404,30.672,0,2.0448,5.740444E-05,30.672,0
2.0457,-0.0001346151,30.6855,0,2.0457,-1.510643E-05,30.6855,0
2.0466,8.661021E-05,30.699,0,2.0466,-0.0001127947,30.699,0
2.0475,0.000133608,30.7125,0,2.0475,-2.1149E-05,30.7125,0
2.0484,5.807584E-05,30.726,0,2.0484,-3.692683E-06,30.726,0
2.0493,1.040665E-05,30.7395,0,2.0493,-3.054856E-05,30.7395,0
2.0502,-2.517739E-05,30.753,0,2.0502,-5.740444E-05,30.753,0
2.0511,-4.061952E-05,30.7665,0,2.0511,1.007095E-05,30.7665,0
2.052,-4.33051E-05,30.78,0,2.052,2.24918E-05,30.78,0
2.0529,1.678492E-06,30.7935,0,2.0529,1.846342E-05,30.7935,0
2.0538,2.383459E-05,30.807,0,2.0538,-2.383459E-05,30.807,0
2.0547,-7.016098E-05,30.8205,0,2.0547,-0.0001483787,30.8205,0
2.0556,1.712062E-05,30.834,0,2.0556,-0.0001742275,30.834,0
2.0565,0.0001225299,30.8475,0,2.0565,-0.0001856413,30.8475,0
2.0574,0.0002628519,30.861,0,2.0574,-0.0001661708,30.861,0
2.0583,0.0003635614,30.8745,0,2.0583,-6.210422E-05,30.8745,0
2.0592,0.0002312963,30.888,0,2.0592,-2.652018E-05,30.888,0
2.0601,-4.129091E-05,30.9015,0,2.0601,-0.0001339437,30.9015,0
2.061,-0.0002245823,30.915,0,2.061,-0.0001292439,30.915,0
2.0619,-0.0002517739,30.9285,0,2.0619,-2.652018E-05,30.9285,0
2.0628,-0.0001883268,30.942,0,2.0628,6.411841E-05,30.942,0
2.0637,2.047761E-05,30.9555,0,2.0637,0.0001913481,30.9555,0
2.0646,0.000133608,30.969,0,2.0646,0.0003860533,30.969,0
2.0655,0.0001352865,30.9825,0,2.0655,0.0003541619,30.9825,0
2.0664,2.920577E-05,30.996,0,2.0664,0.0002601663,30.996,0
2.0673,3.424125E-05,31.0095,0,2.0673,0.0001064164,31.0095,0
2.0682,-0.0001084306,31.023,0,2.0682,-2.316319E-05,31.023,0
2.0691,-0.0003508049,31.0365,0,2.0691,-7.653925E-05,31.0365,0
2.07,-0.0001722133,31.05,0,2.07,-0.0001171588,31.05,0
2.0709,-7.016098E-05,31.0635,0,2.0709,-0.0002168612,31.0635,0
2.0718,-6.51255E-05,31.077,0,2.0718,-0.0001534142,31.077,0
2.0727,-3.021286E-05,31.0905,0,2.0727,-0.0001295796,31.0905,0
2.0736,-8.392462E-06,31.104,0,2.0736,-0.0001688563,31.104,0
2.0745,-3.054856E-05,31.1175,0,2.0745,6.713969E-07,31.1175,0
2.0754,-3.021286E-06,31.131,0,2.0754,0.0002081331,31.131,0
2.0763,2.853437E-05,31.1445,0,2.0763,0.0002034333,31.1445,0
2.0772,0.0001030594,31.158,0,2.0772,0.0001299153,31.158,0
2.0781,0.0002373388,31.1715,0,2.0781,0.0001775845,31.1715,0
2.079,0.0002742657,31.185,0,2.079,-5.001907E-05,31.185,0
2.0799,0.0001681849,31.1985,0,2.0799,-0.0003937743,31.1985,0
2.0808,4.028382E-05,31.212,0,2.0808,-0.0005075761,31.212,0
2.0817,-0.0001426719,31.2255,0,2.0817,-0.0004223087,31.2255,0
2.0826,-0.0001896696,31.239,0,2.0826,-0.0001460288,31.239,0
2.0835,-0.0002141756,31.2525,0,2.0835,0.0001994049,31.2525,0
2.0844,-0.0001326009,31.266,0,2.0844,0.0005428244,31.266,0
2.0853,-0.0001661708,31.2795,0,2.0853,0.0006656901,31.2795,0
2.0862,-0.0001493858,31.293,0,2.0862,0.0004048524,31.293,0
2.0871,-9.903105E-05,31.3065,0,2.0871,0.000115816,31.3065,0
2.088,-2.584878E-05,31.32,0,2.088,5.203327E-05,31.32,0
2.0889,5.807584E-05,31.3335,0,2.0889,-1.477073E-05,31.3335,0
2.0898,4.263371E-05,31.347,0,2.0898,-9.835965E-05,31.347,0
2.0907,3.860533E-05,31.3605,0,2.0907,-0.000130251,31.3605,0
2.0916,6.109713E-05,31.374,0,2.0916,-0.0001305867,31.374,0
2.0925,7.754635E-05,31.3875,0,2.0925,-0.0001524071,31.3875,0
2.0934,9.265278E-05,31.401,0,2.0934,-0.0001178302,31.401,0
2.0943,0.0001312581,31.4145,0,2.0943,-0.0001117876,31.4145,0
2.0952,0.0002272679,31.428,0,2.0952,-6.948959E-05,31.428,0
2.0961,0.0002655375,31.4415,0,2.0961,3.021286E-06,31.4415,0
2.097,0.0002118257,31.455,0,2.097,-2.014191E-06,31.455,0
2.0979,6.277562E-05,31.4685,0,2.0979,-0.0001742275,31.4685,0
2.0988,-0.0001779202,31.482,0,2.0988,-0.0002088045,31.482,0
2.0997,-0.0003346914,31.4955,0,2.0997,-0.0002064546,31.4955,0
2.1006,-0.0002225681,31.509,0,2.1006,-0.0002057832,31.509,0
2.1015,-0.0001440146,31.5225,0,2.1015,-0.0001094377,31.5225,0
2.1024,-9.097429E-05,31.536,0,2.1024,-4.901198E-05,31.536,0
2.1033,-7.385367E-06,31.5495,0,2.1033,-1.443504E-05,31.5495,0
2.1042,-7.351797E-05,31.563,0,2.1042,-6.57969E-05,31.563,0
2.1051,-8.258183E-05,31.5765,0,2.1051,-0.0001373007,31.5765,0
2.106,-8.090334E-05,31.59,0,2.106,-0.000193698,31.59,0
2.1069,7.385367E-06,31.6035,0,2.1069,-0.0001319295,31.6035,0
2.1078,3.558404E-05,31.617,0,2.1078,-0.0001185016,31.617,0
2.1087,0.0001822843,31.6305,0,2.1087,-6.243992E-05,31.6305,0
2.1096,0.0004763562,31.644,0,2.1096,7.351797E-05,31.644,0
2.1105,0.0002870222,31.6575,0,2.1105,9.365987E-05,31.6575,0
2.1114,-9.533837E-05,31.671,0,2.1114,-0.000112459,31.671,0
2.1123,-7.721065E-05,31.6845,0,2.1123,-0.000154757,31.6845,0
2.1132,-5.941863E-05,31.698,0,2.1132,-7.721065E-05,31.698,0
2.1141,-0.0002118257,31.7115,0,2.1141,-5.706874E-06,31.7115,0
2.115,-0.0003212634,31.725,0,2.115,0.0002967575,31.725,0
2.1159,-0.0001084306,31.7385,0,2.1159,0.0003138781,31.7385,0
2.1168,-0.0001134661,31.752,0,2.1168,0.000148043,31.752,0
2.1177,-0.0001950408,31.7655,0,2.1177,7.486076E-05,31.7655,0
2.1186,-0.0001127947,31.779,0,2.1186,0.0001822843,31.779,0
2.1195,1.879912E-05,31.7925,0,2.1195,0.0001621424,31.7925,0
2.1204,-8.728161E-06,31.806,0,2.1204,6.009003E-05,31.806,0
2.1213,-4.901198E-05,31.8195,0,2.1213,-6.378271E-06,31.8195,0
2.1222,-9.130999E-05,31.833,0,2.1222,4.36408E-06,31.833,0
2.1231,-4.263371E-05,31.8465,0,2.1231,-2.786297E-05,31.8465,0
2.124,6.411841E-05,31.86,0,2.124,-0.0001245441,31.86,0
2.1249,0.0001413291,31.8735,0,2.1249,-0.0001312581,31.8735,0
2.1258,0.000207126,31.887,0,2.1258,-7.452507E-05,31.887,0
2.1267,0.000144686,31.9005,0,2.1267,-0.0001232013,31.9005,0
2.1276,0.0001312581,31.914,0,2.1276,-0.0001896696,31.914,0
2.1285,0.0003259632,31.9275,0,2.1285,-0.0001799344,31.9275,0
2.1294,0.0003501335,31.941,0,2.1294,-0.0001131304,31.941,0
2.1303,0.0003642329,31.9545,0,2.1303,-0.0001467002,31.9545,0
2.1312,0.0001232013,31.968,0,2.1312,1.275654E-05,31.968,0
2.1321,-9.063859E-05,31.9815,0,2.1321,0.0001460288,31.9815,0
2.133,-0.0003179065,31.995,0,2.133,4.129091E-05,31.995,0
2.1339,-0.0004192874,32.0085,0,2.1339,-0.0001453574,32.0085,0
2.1348,-0.000390753,32.022,0,2.1348,-0.0003588617,32.022,0
2.1357,-0.0002947433,32.0355,0,2.1357,-0.0003333486,32.0355,0
2.1366,8.96315E-05,32.049,0,2.1366,-0.0001359579,32.049,0
2.1375,5.001907E-05,32.0625,0,2.1375,6.51255E-05,32.0625,0
2.1384,-6.713969E-07,32.076,0,2.1384,0.0002970932,32.076,0
2.1393,1.443504E-05,32.0895,0,2.1393,0.0004666209,32.0895,0
2.1402,-0.0001705348,32.103,0,2.1402,0.0003803464,32.103,0
2.1411,-0.0002091402,32.1165,0,2.1411,0.0002766156,32.1165,0
2.142,-8.89601E-05,32.13,0,2.142,0.0002333104,32.13,0
2.1429,-2.349889E-06,32.1435,0,2.1429,0.0001554284,32.1435,0
2.1438,-1.510643E-05,32.157,0,2.1438,1.376364E-05,32.157,0
2.1447,-7.721065E-06,32.1705,0,2.1447,-0.0001715419,32.1705,0
2.1456,1.040665E-05,32.184,0,2.1456,-0.0003571832,32.184,0
2.1465,7.721065E-06,32.1975,0,2.1465,-0.0004260014,32.1975,0
2.1474,0.0001218585,32.211,0,2.1474,-0.0003501335,32.211,0
2.1483,0.0003085069,32.2245,0,2.1483,-0.0002074617,32.2245,0
2.1492,0.0003434196,32.238,0,2.1492,7.083238E-05,32.238,0
2.1501,0.0005606165,32.2515,0,2.1501,0.0003806821,32.2515,0
2.151,0.0004884413,32.265,0,2.151,0.0004025025,32.265,0
2.1519,5.069047E-05,32.2785,0,2.1519,0.0002312963,32.2785,0
2.1528,-0.0002843366,32.292,0,2.1528,0.0001299153,32.292,0
2.1537,-0.0004172732,32.3055,0,2.1537,-8.728161E-06,32.3055,0
2.1546,-0.0006062714,32.319,0,2.1546,-0.0002218967,32.319,0
2.1555,-0.0005129473,32.3325,0,2.1555,-0.0001980621,32.3325,0
2.1564,-0.0001373007,32.346,0,2.1564,-0.0001406577,32.346,0
2.1573,-9.835965E-05,32.3595,0,2.1573,-0.0001460288,32.3595,0
2.1582,-1.913481E-05,32.373,0,2.1582,-0.0001413291,32.373,0
2.1591,7.687495E-05,32.3865,0,2.1591,-1.342794E-06,32.3865,0
2.16,6.71397E-05,32.4,0,2.16,8.82887E-05,32.4,0
2.1609,4.43122E-05,32.4135,0,2.1609,-0.000112459,32.4135,0
2.1618,-5.706874E-06,32.427,0,2.1618,-0.0003444266,32.427,0
2.1627,-6.378271E-06,32.4405,0,2.1627,-0.0001560998,32.4405,0
2.1636,3.726253E-05,32.454,0,2.1636,9.701686E-05,32.454,0
2.1645,-5.740444E-05,32.4675,0,2.1645,0.000140322,32.4675,0
2.1654,5.337606E-05,32.481,0,2.1654,0.0001560998,32.481,0
2.1663,0.0001779202,32.4945,0,2.1663,0.0002615091,32.4945,0
2.1672,0.0001131304,32.508,0,2.1672,9.869535E-05,32.508,0
2.1681,0.0001084306,32.5215,0,2.1681,-6.277562E-05,32.5215,0
2.169,1.947051E-05,32.535,0,2.169,-2.517739E-05,32.535,0
2.1699,3.189136E-05,32.5485,0,2.1699,-7.989624E-05,32.5485,0
2.1708,-8.392462E-06,32.562,0,2.1708,-0.0002534524,32.562,0
2.1717,3.692683E-05,32.5755,0,2.1717,-0.0002353246,32.5755,0
2.1726,2.24918E-05,32.589,0,2.1726,-0.0001389792,32.589,0
2.1735,-0.0001114519,32.6025,0,2.1735,-0.0001426719,32.6025,0
2.1744,-6.009003E-05,32.616,0,2.1744,-0.0002403601,32.616,0
2.1753,8.392462E-05,32.6295,0,2.1753,-0.0003481193,32.6295,0
2.1762,0.0002265965,32.643,0,2.1762,-0.0003682612,32.643,0
2.1771,0.000133608,32.6565,0,2.1771,-0.0003367056,32.6565,0
2.178,2.786297E-05,32.67,0,2.178,-6.277562E-05,32.67,0
2.1789,2.819867E-05,32.6835,0,2.1789,0.0003937743,32.6835,0
2.1798,5.874724E-05,32.697,0,2.1798,0.0007180591,32.697,0
2.1807,-5.404745E-05,32.7105,0,2.1807,0.0005508812,32.7105,0
2.1816,-0.0001910124,32.724,0,2.1816,0.0002964218,32.724,0
2.1825,-0.0002098116,32.7375,0,2.1825,0.0003071641,32.7375,0
2.1834,-0.0001265583,32.751,0,2.1834,0.0002239109,32.751,0
2.1843,-0.0001386435,32.7645,0,2.1843,8.96315E-05,32.7645,0
2.1852,-9.600977E-05,32.778,0,2.1852,5.874724E-05,32.778,0
2.1861,-1.376364E-05,32.7915,0,2.1861,3.994812E-05,32.7915,0
2.187,1.913481E-05,32.805,0,2.187,-6.713969E-07,32.805,0
2.1879,4.800488E-05,32.8185,0,2.1879,-3.894102E-05,32.8185,0
2.1888,8.291753E-05,32.832,0,2.1888,-8.090334E-05,32.832,0
2.1897,0.000144686,32.8455,0,2.1897,-7.821774E-05,32.8455,0
2.1906,0.0001161517,32.859,0,2.1906,-0.0001037308,32.859,0
2.1915,8.82887E-05,32.8725,0,2.1915,-0.0001346151,32.8725,0
2.1924,6.076142E-05,32.886,0,2.1924,-0.0001829557,32.886,0
2.1933,-0.0001775845,32.8995,0,2.1933,-0.0001842985,32.8995,0
2.1942,-0.0003884031,32.913,0,2.1942,-0.000172549,32.913,0
2.1951,6.64683E-05,32.9265,0,2.1951,-0.0002806439,32.9265,0
2.196,0.0002722515,32.94,0,2.196,-0.0003471122,32.94,0
2.1969,0.0001668421,32.9535,0,2.1969,-0.000379675,32.9535,0
2.1978,3.927672E-05,32.967,0,2.1978,-0.0002977645,32.967,0
2.1987,-0.0001809415,32.9805,0,2.1987,-0.0001430075,32.9805,0
2.1996,-0.0004025025,32.994,0,2.1996,0.0001010452,32.994,0
2.2005,-0.0002541238,33.0075,0,2.2005,0.0002306248,33.0075,0
2.2014,-0.0001641566,33.021,0,2.2014,0.0002974289,33.021,0
2.2023,-0.0001174945,33.0345,0,2.2023,0.0001141375,33.0345,0
2.2032,2.081331E-05,33.048,0,2.2032,-0.0001279011,33.048,0
2.2041,2.417029E-05,33.0615,0,2.2041,-0.0001574426,33.0615,0
2.205,9.701686E-05,33.075,0,2.205,-0.0001470359,33.075,0
2.2059,0.0001742275,33.0885,0,2.2059,-9.903105E-05,33.0885,0
2.2068,2.652018E-05,33.102,0,2.2068,7.385367E-06,33.102,0
2.2077,-0.0001104448,33.1155,0,2.2077,9.869535E-05,33.1155,0
2.2086,-0.0002601663,33.129,0,2.2086,0.0001433432,33.129,0
2.2095,-0.0002823224,33.1425,0,2.2095,5.169757E-05,33.1425,0
2.2104,-9.735256E-06,33.156,0,2.2104,-0.0001748989,33.156,0
2.2113,0.0001577783,33.1695,0,2.2113,-0.0001285725,33.1695,0
2.2122,0.0001829557,33.183,0,2.2122,4.834058E-05,33.183,0
2.2131,0.0001111162,33.1965,0,2.2131,0.0001661708,33.1965,0
2.214,-2.349889E-05,33.21,0,2.214,3.222705E-05,33.21,0
2.2149,5.136187E-05,33.2235,0,2.2149,-1.242084E-05,33.2235,0
2.2158,0.0001272297,33.237,0,2.2158,-0.0001772488,33.237,0
2.2167,0.0001745632,33.2505,0,2.2167,-0.0002903792,33.2505,0
2.2176,0.0001701991,33.264,0,2.2176,-0.0002064546,33.264,0
2.2185,8.89601E-05,33.2775,0,2.2185,-9.533837E-05,33.2775,0
2.2194,-1.107805E-05,33.291,0,2.2194,8.728161E-06,33.291,0
2.2203,-0.0001594568,33.3045,0,2.2203,0.0002299535,33.3045,0
2.2212,-7.418937E-05,33.318,0,2.2212,0.000140322,33.318,0
2.2221,0.0001322652,33.3315,0,2.2221,5.136187E-05,33.3315,0
2.223,-3.558404E-05,33.345,0,2.223,0.0001131304,33.345,0
2.2239,-0.0001883268,33.3585,0,2.2239,0.000112459,33.3585,0
2.2248,-0.0001205158,33.372,0,2.2248,7.754635E-05,33.372,0
2.2257,6.210422E-05,33.3855,0,2.2257,6.210422E-05,33.3855,0
2.2266,0.0002735943,33.399,0,2.2266,0.0001299153,33.399,0
2.2275,0.0004199588,33.4125,0,2.2275,4.196231E-05,33.4125,0
2.2284,0.0003380484,33.426,0,2.2284,-5.404745E-05,33.426,0
2.2293,0.0001560998,33.4395,0,2.2293,-6.378271E-05,33.4395,0
2.2302,-0.0001295796,33.453,0,2.2302,3.860533E-05,33.453,0
2.2311,-0.0004971694,33.4665,0,2.2311,9.097429E-05,33.4665,0
2.232,-0.0004394293,33.48,0,2.232,6.411841E-05,33.48,0
2.2329,-0.0001524071,33.4935,0,2.2329,-1.376364E-05,33.4935,0
2.2338,-0.0001708705,33.507,0,2.2338,-6.042573E-06,33.507,0
2.2347,-8.89601E-05,33.5205,0,2.2347,-2.349889E-06,33.5205,0
2.2356,-2.014191E-06,33.534,0,2.2356,-2.920577E-05,33.534,0
2.2365,-2.28275E-05,33.5475,0,2.2365,6.378271E-05,33.5475,0
2.2374,-6.478981E-05,33.561,0,2.2374,7.620356E-05,33.561,0
2.2383,-4.666209E-05,33.5745,0,2.2383,-1.242084E-05,33.5745,0
2.2392,-3.121996E-05,33.588,0,2.2392,-9.936675E-05,33.588,0
2.2401,-5.404745E-05,33.6015,0,2.2401,-0.0001171588,33.6015,0
2.241,5.069047E-05,33.615,0,2.241,-0.0002420386,33.615,0
2.2419,0.0002370031,33.6285,0,2.2419,-0.0003501335,33.6285,0
2.2428,0.0003313344,33.642,0,2.2428,-0.0003343557,33.642,0
2.2437,0.0002433814,33.6555,0,2.2437,-0.0003343557,33.6555,0
2.2446,0.0002521096,33.669,0,2.2446,-0.0001923552,33.669,0
2.2455,7.351797E-05,33.6825,0,2.2455,-5.337606E-05,33.6825,0
2.2464,-0.0001842985,33.696,0,2.2464,0.0001853056,33.696,0
2.2473,-0.0002057832,33.7095,0,2.2473,0.0003447623,33.7095,0
2.2482,-0.000323949,33.723,0,2.2482,0.0002098116,33.723,0
2.2491,-0.0002665446,33.7365,0,2.2491,0.0001866484,33.7365,0
2.25,-0.0001151446,33.75,0,2.25,0.0001453574,33.75,0
2.2509,-3.625543E-05,33.7635,0,2.2509,-5.404745E-05,33.7635,0
2.2518,-2.316319E-05,33.777,0,2.2518,-0.0002312963,33.777,0
2.2527,-6.713969E-07,33.7905,0,2.2527,-0.0003843748,33.7905,0
2.2536,-7.385367E-06,33.804,0,2.2536,-0.0003051499,33.804,0
2.2545,0.0001977264,33.8175,0,2.2545,-2.652018E-05,33.8175,0
2.2554,0.0003528191,33.831,0,2.2554,0.0002279393,33.831,0
2.2563,0.0002145113,33.8445,0,2.2563,0.0002222324,33.8445,0
2.2572,6.948959E-05,33.858,0,2.2572,0.0003058213,33.858,0
2.2581,-6.210422E-05,33.8715,0,2.2581,0.0001500572,33.8715,0
2.259,-0.0002353246,33.885,0,2.259,-0.0001111162,33.885,0
2.2599,-0.0002688945,33.8985,0,2.2599,-0.0002954147,33.8985,0
2.2608,-0.0002500954,33.912,0,2.2608,-0.0001453574,33.912,0
2.2617,-8.96315E-05,33.9255,0,2.2617,3.323415E-05,33.9255,0
2.2626,-4.36408E-06,33.939,0,2.2626,0.0002067903,33.939,0
2.2635,9.365987E-05,33.9525,0,2.2635,0.0003058213,33.9525,0
2.2644,0.0001886625,33.966,0,2.2644,0.0001980621,33.966,0
2.2653,0.0001238727,33.9795,0,2.2653,3.994812E-05,33.9795,0
2.2662,4.934768E-05,33.993,0,2.2662,7.083238E-05,33.993,0
2.2671,-7.049668E-06,34.0065,0,2.2671,6.143282E-05,34.0065,0
2.268,-5.404745E-05,34.02,0,2.268,-4.666209E-05,34.02,0
2.2689,2.584878E-05,34.0335,0,2.2689,-0.0001527428,34.0335,0
2.2698,0.0003454337,34.047,0,2.2698,-0.0003353628,34.047,0
2.2707,0.0003494621,34.0605,0,2.2707,-0.0004810559,34.0605,0
2.2716,0.0003111925,34.074,0,2.2716,-0.0004310368,34.074,0
2.2725,9.634547E-05,34.0875,0,2.2725,-0.000358526,34.0875,0
2.2734,-0.000566659,34.101,0,2.2734,-0.0002020905,34.101,0
2.2743,-0.0005518883,34.1145,0,2.2743,8.89601E-05,34.1145,0
2.2752,-6.74754E-05,34.128,0,2.2752,0.0004058595,34.128,0
2.2761,6.54612E-05,34.1415,0,2.2761,0.0004092164,34.1415,0
2.277,8.258183E-05,34.155,0,2.277,0.0002171969,34.155,0
2.2779,-2.18204E-05,34.1685,0,2.2779,0.000112459,34.1685,0
2.2788,-0.0001171588,34.182,0,2.2788,2.853437E-05,34.182,0
2.2797,-0.0003299916,34.1955,0,2.2797,-1.007095E-06,34.1955,0
2.2806,-0.0002145113,34.209,0,2.2806,3.994812E-05,34.209,0
2.2815,-1.879912E-05,34.2225,0,2.2815,1.007095E-05,34.2225,0
2.2824,3.692683E-06,34.236,0,2.2824,-1.846342E-05,34.236,0
2.2833,7.620356E-05,34.2495,0,2.2833,-4.095522E-05,34.2495,0
2.2842,0.0001460288,34.263,0,2.2842,-5.941863E-05,34.263,0
2.2851,5.236896E-05,34.2765,0,2.2851,-0.0001279011,34.2765,0
2.286,5.035477E-06,34.29,0,2.286,-0.0002876936,34.29,0
2.2869,2.652018E-05,34.3035,0,2.2869,-0.0003118639,34.3035,0
2.2878,7.956054E-05,34.317,0,2.2878,-0.0001554284,34.317,0
2.2887,-0.0001500572,34.3305,0,2.2887,-7.150377E-05,34.3305,0
2.2896,-0.0001295796,34.344,0,2.2896,7.821774E-05,34.344,0
2.2905,8.795301E-05,34.3575,0,2.2905,0.0002648661,34.3575,0
2.2914,0.0001460288,34.371,0,2.2914,0.0001795987,34.371,0
2.2923,0.0001211871,34.3845,0,2.2923,3.424125E-05,34.3845,0
2.2932,0.0001416648,34.398,0,2.2932,-5.035477E-06,34.398,0
2.2941,9.500267E-05,34.4115,0,2.2941,-0.0001846342,34.4115,0
2.295,-0.0001185016,34.425,0,2.295,-0.0003232776,34.425,0
2.2959,-0.0004632639,34.4385,0,2.2959,-0.0004246586,34.4385,0
2.2968,-0.0002547952,34.452,0,2.2968,-0.0004129091,34.452,0
2.2977,2.349889E-05,34.4655,0,2.2977,-0.0001379721,34.4655,0
2.2986,0.000369604,34.479,0,2.2986,0.0001440146,34.479,0
2.2995,0.000689189,34.4925,0,2.2995,0.0002772869,34.4925,0
2.3004,0.0005337606,34.506,0,2.3004,0.0003709468,34.506,0
2.3013,0.0001755703,34.5195,0,2.3013,0.0002913863,34.5195,0
2.3022,-0.0003081712,34.533,0,2.3022,0.0002564736,34.533,0
2.3031,-0.0005868009,34.5465,0,2.3031,0.0002034333,34.5465,0
2.304,-0.0008298467,34.56,0,2.304,0.0001406577,34.56,0
2.3049,-0.0004491646,34.5735,0,2.3049,4.095522E-05,34.5735,0
2.3058,-6.277562E-05,34.587,0,2.3058,-7.418937E-05,34.587,0
2.3067,-6.713969E-06,34.6005,0,2.3067,-6.042573E-05,34.6005,0
2.3076,0.0001688563,34.614,0,2.3076,-6.74754E-05,34.614,0
2.3085,0.0003138781,34.6275,0,2.3085,-3.793393E-05,34.6275,0
2.3094,0.0002222324,34.641,0,2.3094,4.263371E-05,34.641,0
2.3103,0.000115816,34.6545,0,2.3103,-4.934768E-05,34.6545,0
2.3112,7.150377E-05,34.668,0,2.3112,-8.090334E-05,34.668,0
2.3121,-0.0001362936,34.6815,0,2.3121,-7.821774E-05,34.6815,0
2.313,-0.000291722,34.695,0,2.313,-0.0001151446,34.695,0
2.3139,-8.96315E-05,34.7085,0,2.3139,-0.0001275654,34.7085,0
2.3148,-4.733349E-05,34.722,0,2.3148,-0.0001117876,34.722,0
2.3157,-1.141375E-05,34.7355,0,2.3157,-9.433127E-05,34.7355,0
2.3166,7.418937E-05,34.749,0,2.3166,-0.000130251,34.749,0
2.3175,3.054856E-05,34.7625,0,2.3175,2.383459E-05,34.7625,0
2.3184,-3.793393E-05,34.776,0,2.3184,0.0001121233,34.776,0
2.3193,-2.517739E-05,34.7895,0,2.3193,-7.016098E-05,34.7895,0
2.3202,-1.443504E-05,34.803,0,2.3202,-0.000119173,34.803,0
2.3211,2.652018E-05,34.8165,0,2.3211,-4.599069E-05,34.8165,0
2.322,0.000119173,34.83,0,2.322,-2.652018E-05,34.83,0
2.3229,0.0001930266,34.8435,0,2.3229,8.69459E-05,34.8435,0
2.3238,0.000148043,34.857,0,2.3238,6.042573E-05,34.857,0
2.3247,0.000112459,34.8705,0,2.3247,-8.459602E-05,34.8705,0
2.3256,-5.236896E-05,34.884,0,2.3256,-0.0004588998,34.884,0
2.3265,-7.956054E-05,34.8975,0,2.3265,-0.0009271992,34.8975,0
2.3274,6.210422E-05,34.911,0,2.3274,-0.001012802,34.911,0
2.3283,4.129091E-05,34.9245,0,2.3283,-0.0007032883,34.9245,0
2.3292,2.853437E-05,34.938,0,2.3292,-0.0002376745,34.938,0
2.3301,-2.987716E-05,34.9515,0,2.3301,0.0004213016,34.9515,0
2.331,-3.659113E-05,34.965,0,2.331,0.001080613,34.965,0
2.3319,-0.0001107805,34.9785,0,2.3319,0.001206836,34.9785,0
2.3328,-8.291753E-05,34.992,0,2.3328,0.0007751278,34.992,0
2.3337,9.735256E-06,35.0055,0,2.3337,0.0005062333,35.0055,0
2.3346,2.383459E-05,35.019,0,2.3346,0.0003877317,35.019,0
2.3355,4.632639E-05,35.0325,0,2.3355,0.0003058213,35.0325,0
2.3364,0,35.046,0,2.3364,0.0001285725,35.046,0
2.3373,-3.356985E-05,35.0595,0,2.3373,-3.256275E-05,35.0595,0
2.3382,-3.994812E-05,35.073,0,2.3382,-5.505455E-05,35.073,0
2.3391,-2.383459E-05,35.0865,0,2.3391,-7.888914E-05,35.0865,0
2.34,-1.242084E-05,35.1,0,2.34,-0.0001097734,35.1,0
2.3409,7.284657E-05,35.1135,0,2.3409,-0.0001473716,35.1135,0
2.3418,7.721065E-05,35.127,0,2.3418,-0.0001507286,35.127,0
2.3427,8.69459E-05,35.1405,0,2.3427,-0.0001386435,35.1405,0
2.3436,0.0001003738,35.154,0,2.3436,-0.0002161898,35.154,0
2.3445,-5.136187E-05,35.1675,0,2.3445,-0.0002171969,35.1675,0
2.3454,-0.0003064927,35.181,0,2.3454,-0.0002124971,35.181,0
2.3463,-0.000161471,35.1945,0,2.3463,-0.0002400244,35.1945,0
2.3472,6.042573E-06,35.208,0,2.3472,-0.0002155184,35.208,0
2.3481,1.174945E-05,35.2215,0,2.3481,-0.0002168612,35.2215,0
2.349,0.0001359579,35.235,0,2.349,-0.0001134661,35.235,0
2.3499,0.0001779202,35.2485,0,2.3499,1.846342E-05,35.2485,0
2.3508,0.0001393149,35.262,0,2.3508,-6.61326E-05,35.262,0
2.3517,6.042573E-06,35.2755,0,2.3517,-0.0001661708,35.2755,0
2.3526,-0.0001470359,35.289,0,2.3526,-0.0001983978,35.289,0
2.3535,-0.0001587854,35.3025,0,2.3535,-0.0002480812,35.3025,0
2.3544,-1.242084E-05,35.316,0,2.3544,-0.000218204,35.316,0
2.3553,2.349889E-06,35.3295,0,2.3553,6.378271E-06,35.3295,0
2.3562,0.0001366293,35.343,0,2.3562,0.0001900053,35.343,0
2.3571,0.0003111925,35.3565,0,2.3571,0.0003108568,35.3565,0
2.358,0.0001514,35.37,0,2.358,0.0002786297,35.37,0
2.3589,-9.298848E-05,35.3835,0,2.3589,0.000186984,35.3835,0
2.3598,-0.0001064164,35.397,0,2.3598,0.0001037308,35.397,0
2.3607,-8.358892E-05,35.4105,0,2.3607,4.263371E-05,35.4105,0
2.3616,-0.000291722,35.424,0,2.3616,9.735256E-06,35.424,0
2.3625,-0.0002991073,35.4375,0,2.3625,-2.316319E-05,35.4375,0
2.3634,-7.452507E-05,35.451,0,2.3634,-4.33051E-05,35.451,0
2.3643,6.64683E-05,35.4645,0,2.3643,-0.0002027619,35.4645,0
2.3652,3.189136E-05,35.478,0,2.3652,-0.0003655757,35.478,0
2.3661,6.109713E-05,35.4915,0,2.3661,-0.0003544976,35.4915,0
2.367,7.083238E-05,35.505,0,2.367,-0.0003058213,35.505,0
2.3679,4.867628E-05,35.5185,0,2.3679,-0.0001806058,35.5185,0
2.3688,9.231708E-05,35.532,0,2.3688,0.0001252155,35.532,0
2.3697,0.0003085069,35.5455,0,2.3697,0.0003350271,35.5455,0
2.3706,0.0003071641,35.559,0,2.3706,0.000263859,35.559,0
2.3715,3.692683E-05,35.5725,0,2.3715,0.0002319677,35.5725,0
2.3724,-0.0002356603,35.586,0,2.3724,0.000249424,35.586,0
2.3733,-0.0003924315,35.5995,0,2.3733,7.553216E-05,35.5995,0
2.3742,-0.000580087,35.613,0,2.3742,2.450599E-05,35.613,0
2.3751,-0.0004320439,35.6265,0,2.3751,2.1149E-05,35.6265,0
2.376,-0.0001567712,35.64,0,2.376,2.1149E-05,35.64,0
2.3769,-3.659113E-05,35.6535,0,2.3769,-1.812772E-05,35.6535,0
2.3778,3.155566E-05,35.667,0,2.3778,-2.014191E-05,35.667,0
2.3787,0.0001164874,35.6805,0,2.3787,1.040665E-05,35.6805,0
2.3796,0.0002668803,35.694,0,2.3796,-2.517739E-05,35.694,0
2.3805,0.0002944076,35.7075,0,2.3805,-6.344701E-05,35.7075,0
2.3814,0.0002306248,35.721,0,2.3814,-6.478981E-05,35.721,0
2.3823,8.426032E-05,35.7345,0,2.3823,-1.074235E-05,35.7345,0
2.3832,-0.000112459,35.748,0,2.3832,-7.251087E-05,35.748,0
2.3841,-0.0005864652,35.7615,0,2.3841,-0.0001621424,35.7615,0
2.385,-0.0006364843,35.775,0,2.385,-0.0001493858,35.775,0
2.3859,4.53193E-05,35.7885,0,2.3859,-0.0002020905,35.7885,0
2.3868,0.0002380102,35.802,0,2.3868,-0.0002339818,35.802,0
2.3877,0.0002655375,35.8155,0,2.3877,-8.627451E-05,35.8155,0
2.3886,0.0001265583,35.829,0,2.3886,8.526741E-05,35.829,0
2.3895,-3.256275E-05,35.8425,0,2.3895,7.888914E-05,35.8425,0
2.3904,-4.968337E-05,35.856,0,2.3904,-2.685588E-06,35.856,0
2.3913,8.358892E-05,35.8695,0,2.3913,-7.687495E-05,35.8695,0
2.3922,0.0001930266,35.883,0,2.3922,-4.53193E-05,35.883,0
2.3931,0.0001607996,35.8965,0,2.3931,-3.289845E-05,35.8965,0
2.394,0.0001003738,35.91,0,2.394,1.107805E-05,35.91,0
2.3949,-7.049668E-06,35.9235,0,2.3949,1.846342E-05,35.9235,0
2.3958,-2.450599E-05,35.937,0,2.3958,2.584878E-05,35.937,0
2.3967,3.155566E-05,35.9505,0,2.3967,-3.390555E-05,35.9505,0
2.3976,-3.356985E-07,35.964,0,2.3976,-0.0001003738,35.964,0
2.3985,6.311131E-05,35.9775,0,2.3985,-9.701686E-05,35.9775,0
2.3994,0.0001487144,35.991,0,2.3994,-0.0001587854,35.991,0
2.4003,5.841154E-05,36.0045,0,2.4003,-0.0002158541,36.0045,0
2.4012,5.270466E-05,36.018,0,2.4012,-0.0002030976,36.018,0
2.4021,-4.36408E-06,36.0315,0,2.4021,-6.61326E-05,36.0315,0
2.403,-0.0001829557,36.045,0,2.403,5.337606E-05,36.045,0
2.4039,-0.0003410697,36.0585,0,2.4039,4.263371E-05,36.0585,0
2.4048,-0.0001396506,36.072,0,2.4048,0.0001326009,36.072,0
2.4057,-3.692683E-06,36.0855,0,2.4057,0.0001977264,36.0855,0
2.4066,-4.46479E-05,36.099,0,2.4066,0.0002453956,36.099,0
2.4075,-2.786297E-05,36.1125,0,2.4075,0.0001631495,36.1125,0
2.4084,-4.699779E-05,36.126,0,2.4084,3.356985E-05,36.126,0
2.4093,-1.812772E-05,36.1395,0,2.4093,3.692683E-05,36.1395,0
2.4102,-4.028382E-06,36.153,0,2.4102,-5.136187E-05,36.153,0
2.4111,-2.819867E-05,36.1665,0,2.4111,-0.0003333486,36.1665,0
2.412,-4.49836E-05,36.18,0,2.412,-0.0004313726,36.18,0
2.4129,-1.443504E-05,36.1935,0,2.4129,-0.0003309987,36.1935,0
2.4138,8.761731E-05,36.207,0,2.4138,-0.0003387198,36.207,0
2.4147,0.0001426719,36.2205,0,2.4147,-6.57969E-05,36.2205,0
2.4156,0.000158114,36.234,0,2.4156,0.0002722515,36.234,0
2.4165,0.0002014191,36.2475,0,2.4165,0.0003501335,36.2475,0
2.4174,0.0001557641,36.261,0,2.4174,0.0002628519,36.261,0
2.4183,5.236896E-05,36.2745,0,2.4183,0.0001138018,36.2745,0
2.4192,-0.0001117876,36.288,0,2.4192,0.0002453956,36.288,0
2.4201,-8.761731E-05,36.3015,0,2.4201,0.0002964218,36.3015,0
2.421,-8.96315E-05,36.315,0,2.421,0.0001779202,36.315,0
2.4219,-0.0001661708,36.3285,0,2.4219,0.0002024262,36.3285,0
2.4228,-0.000172549,36.342,0,2.4228,0.00021149,36.342,0
2.4237,-4.699779E-05,36.3555,0,2.4237,2.349889E-06,36.3555,0
2.4246,2.24918E-05,36.369,0,2.4246,-0.0001309224,36.369,0
2.4255,3.524834E-05,36.3825,0,2.4255,-3.927672E-05,36.3825,0
2.4264,0.0001218585,36.396,0,2.4264,-7.586786E-05,36.396,0
2.4273,0.0001775845,36.4095,0,2.4273,-0.0001534142,36.4095,0
2.4282,0.0005381246,36.423,0,2.4282,-0.0002235752,36.423,0
2.4291,0.0005690089,36.4365,0,2.4291,-0.0002668803,36.4365,0
2.43,0.0002641947,36.45,0,2.43,-0.0003645686,36.45,0
2.4309,-0.0001668421,36.4635,0,2.4309,-0.000429694,36.4635,0
2.4318,-0.000446479,36.477,0,2.4318,-0.0004243229,36.477,0
2.4327,-0.0005492027,36.4905,0,2.4327,-0.0002581521,36.4905,0
2.4336,-0.0004421149,36.504,0,2.4336,0.0001567712,36.504,0
2.4345,-0.0002346532,36.5175,0,2.4345,0.0005038834,36.5175,0
2.4354,-6.478981E-05,36.531,0,2.4354,0.0006724041,36.531,0
2.4363,2.047761E-05,36.5445,0,2.4363,0.0004981766,36.5445,0
2.4372,9.063859E-06,36.558,0,2.4372,0.0001802701,36.558,0
2.4381,0.0001225299,36.5715,0,2.4381,6.210422E-05,36.5715,0
2.439,6.277562E-05,36.585,0,2.439,8.023193E-05,36.585,0
2.4399,-0.0001020523,36.5985,0,2.4399,-6.076142E-05,36.5985,0
2.4408,-0.0001534142,36.612,0,2.4408,-0.000130251,36.612,0
2.4417,-8.224613E-05,36.6255,0,2.4417,-7.318227E-05,36.6255,0
2.4426,-6.57969E-05,36.639,0,2.4426,-4.095522E-05,36.639,0
2.4435,-7.452507E-05,36.6525,0,2.4435,-0.0001453574,36.6525,0
2.4444,-0.0001054093,36.666,0,2.4444,-0.0001866484,36.666,0
2.4453,-0.0001695277,36.6795,0,2.4453,-0.0001594568,36.6795,0
2.4462,-5.404745E-05,36.693,0,2.4462,-9.365987E-05,36.693,0
2.4471,0.0002091402,36.7065,0,2.4471,-6.378271E-06,36.7065,0
2.448,0.0002511025,36.72,0,2.448,-4.53193E-05,36.72,0
2.4489,0.0002225681,36.7335,0,2.4489,-0.0001245441,36.7335,0
2.4498,0.0001460288,36.747,0,2.4498,-7.116808E-05,36.747,0
2.4507,5.706874E-06,36.7605,0,2.4507,-4.46479E-05,36.7605,0
2.4516,-0.0001681849,36.774,0,2.4516,-0.0001795987,36.774,0
2.4525,-0.0001131304,36.7875,0,2.4525,-0.0002178683,36.7875,0
2.4534,0.0001205158,36.801,0,2.4534,-0.000200412,36.801,0
2.4543,0.0001111162,36.8145,0,2.4543,-0.0002413672,36.8145,0
2.4552,-1.342794E-06,36.828,0,2.4552,-0.000193698,36.828,0
2.4561,-0.0002222324,36.8415,0,2.4561,1.309224E-05,36.8415,0
2.457,-0.0001943694,36.855,0,2.457,0.0002413672,36.855,0
2.4579,2.18204E-05,36.8685,0,2.4579,0.0001178302,36.8685,0
2.4588,7.486076E-05,36.882,0,2.4588,-1.544213E-05,36.882,0
2.4597,2.887007E-05,36.8955,0,2.4597,1.107805E-05,36.8955,0
2.4606,-2.24918E-05,36.909,0,2.4606,3.860533E-05,36.909,0
2.4615,1.745632E-05,36.9225,0,2.4615,1.141375E-05,36.9225,0
2.4624,8.023193E-05,36.936,0,2.4624,-1.107805E-05,36.936,0
2.4633,4.901198E-05,36.9495,0,2.4633,7.721065E-06,36.9495,0
2.4642,1.107805E-05,36.963,0,2.4642,-5.606165E-05,36.963,0
2.4651,-9.768826E-05,36.9765,0,2.4651,-7.687495E-05,36.9765,0
2.466,-0.000123537,36.99,0,2.466,2.920577E-05,36.99,0
2.4669,-1.644922E-05,37.0035,0,2.4669,1.309224E-05,37.0035,0
2.4678,0.0002628519,37.017,0,2.4678,-7.754635E-05,37.017,0
2.4687,0.0001769131,37.0305,0,2.4687,-7.620356E-05,37.0305,0
2.4696,1.376364E-05,37.044,0,2.4696,-0.0001594568,37.044,0
2.4705,-6.881819E-05,37.0575,0,2.4705,-0.0001782559,37.0575,0
2.4714,-0.0001104448,37.071,0,2.4714,-0.0001000381,37.071,0
2.4723,4.53193E-05,37.0845,0,2.4723,-3.927672E-05,37.0845,0
2.4732,0.000295079,37.098,0,2.4732,-4.867628E-05,37.098,0
2.4741,0.0002809796,37.1115,0,2.4741,0.0001134661,37.1115,0
2.475,0.0001017166,37.125,0,2.475,0.0001916838,37.125,0
2.4759,-0.000169192,37.1385,0,2.4759,7.284657E-05,37.1385,0
2.4768,-0.0003457694,37.152,0,2.4768,0.0001527428,37.152,0
2.4777,-0.000428687,37.1655,0,2.4777,0.0001386435,37.1655,0
2.4786,-0.0003286488,37.179,0,2.4786,4.33051E-05,37.179,0
2.4795,-6.74754E-05,37.1925,0,2.4795,8.392462E-05,37.1925,0
2.4804,-1.309224E-05,37.206,0,2.4804,9.835965E-05,37.206,0
2.4813,-1.242084E-05,37.2195,0,2.4813,1.913481E-05,37.2195,0
2.4822,3.155566E-05,37.233,0,2.4822,3.726253E-05,37.233,0
2.4831,2.652018E-05,37.2465,0,2.4831,6.378271E-05,37.2465,0
2.484,0.0001164874,37.26,0,2.484,1.947051E-05,37.26,0
2.4849,7.687495E-05,37.2735,0,2.4849,-0.0001144732,37.2735,0
2.4858,-4.766919E-05,37.287,0,2.4858,-0.0002104829,37.287,0
2.4867,-3.591974E-05,37.3005,0,2.4867,-0.0001030594,37.3005,0
2.4876,-6.378271E-05,37.314,0,2.4876,-4.599069E-05,37.314,0
2.4885,-6.143282E-05,37.3275,0,2.4885,-3.424125E-05,37.3275,0
2.4894,7.385367E-06,37.341,0,2.4894,-2.417029E-05,37.341,0
2.4903,9.164568E-05,37.3545,0,2.4903,1.342794E-06,37.3545,0
2.4912,6.6804E-05,37.368,0,2.4912,-0.0002299535,37.368,0
2.4921,5.941863E-05,37.3815,0,2.4921,-0.0003001145,37.3815,0
2.493,5.371176E-06,37.395,0,2.493,-0.0002198825,37.395,0
2.4939,2.047761E-05,37.4085,0,2.4939,-0.0001450217,37.4085,0
2.4948,4.733349E-05,37.422,0,2.4948,4.46479E-05,37.422,0
2.4957,0.0001037308,37.4355,0,2.4957,0.0002296178,37.4355,0
2.4966,0.0001097734,37.449,0,2.4966,0.0002014191,37.449,0
2.4975,9.030289E-05,37.4625,0,2.4975,0.0001362936,37.4625,0
2.4984,-1.007095E-06,37.476,0,2.4984,8.090334E-05,37.476,0
2.4993,-6.57969E-05,37.4895,0,2.4993,4.028382E-05,37.4895,0
2.5002,3.424125E-05,37.503,0,2.5002,1.544213E-05,37.503,0
2.5011,-2.752728E-05,37.5165,0,2.5011,-5.841154E-05,37.5165,0
2.502,-6.814679E-05,37.53,0,2.502,-8.761731E-05,37.53,0
2.5029,-9.835965E-05,37.5435,0,2.5029,-2.484169E-05,37.5435,0
2.5038,-0.0001349508,37.557,0,2.5038,5.035477E-06,37.557,0
2.5047,-1.980621E-05,37.5705,0,2.5047,2.21561E-05,37.5705,0
2.5056,0.000112459,37.584,0,2.5056,-1.309224E-05,37.584,0
2.5065,0.0001339437,37.5975,0,2.5065,1.309224E-05,37.5975,0
2.5074,0.0001070878,37.611,0,2.5074,-7.284657E-05,37.611,0
2.5083,3.726253E-05,37.6245,0,2.5083,-0.0002662089,37.6245,0
2.5092,-7.553216E-05,37.638,0,2.5092,-0.0002692302,37.638,0
2.5101,-8.358892E-05,37.6515,0,2.5101,-0.0001822843,37.6515,0
2.511,5.941863E-05,37.665,0,2.511,-0.0001144732,37.665,0
2.5119,-5.270466E-05,37.6785,0,2.5119,-5.404745E-05,37.6785,0
2.5128,2.383459E-05,37.692,0,2.5128,9.433127E-05,37.692,0
2.5137,5.673304E-05,37.7055,0,2.5137,0.0001050736,37.7055,0
2.5146,-1.745632E-05,37.719,0,2.5146,0.0001275654,37.719,0
2.5155,-3.390555E-05,37.7325,0,2.5155,0.000186984,37.7325,0
2.5164,-1.242084E-05,37.746,0,2.5164,0.0002541238,37.746,0
2.5173,-0.0001104448,37.7595,0,2.5173,0.0001497215,37.7595,0
2.5182,-0.0001171588,37.773,0,2.5182,6.814679E-05,37.773,0
2.5191,4.666209E-05,37.7865,0,2.5191,3.222705E-05,37.7865,0
2.52,0.000144686,37.8,0,2.52,-4.699779E-06,37.8,0
2.5209,0.0001389792,37.8135,0,2.5209,-0.0001668421,37.8135,0
2.5218,0.0003434196,37.827,0,2.5218,-0.0002796368,37.827,0
2.5227,0,37.8405,0,2.5227,-0.0002594949,37.8405,0
2.5236,-0.0004105592,37.854,0,2.5236,-0.0002235752,37.854,0
2.5245,-0.0005236896,37.8675,0,2.5245,-0.0001094377,37.8675,0
2.5254,-0.0003766537,37.881,0,2.5254,0.0001812772,37.881,0
2.5263,-0.0001769131,37.8945,0,2.5263,0.000278294,37.8945,0
2.5272,9.298848E-05,37.908,0,2.5272,8.96315E-05,37.908,0
2.5281,0.0001064164,37.9215,0,2.5281,1.309224E-05,37.9215,0
2.529,2.584878E-05,37.935,0,2.529,5.774014E-05,37.935,0
2.5299,-0.0001745632,37.9485,0,2.5299,1.913481E-05,37.9485,0
2.5308,-7.956054E-05,37.962,0,2.5308,-5.169757E-05,37.962,0
2.5317,0.000105745,37.9755,0,2.5317,-8.761731E-05,37.9755,0
2.5326,-2.28275E-05,37.989,0,2.5326,-0.000123537,37.989,0
2.5335,-7.956054E-05,38.0025,0,2.5335,-3.155566E-05,38.0025,0
2.5344,-3.860533E-05,38.016,0,2.5344,8.795301E-05,38.016,0
2.5353,2.652018E-05,38.0295,0,2.5353,0.0001255512,38.0295,0
2.5362,5.572595E-05,38.043,0,2.5362,9.063859E-06,38.043,0
2.5371,5.606165E-05,38.0565,0,2.5371,-2.1149E-05,38.0565,0
2.538,0.0001178302,38.07,0,2.538,-6.378271E-06,38.07,0
2.5389,0.0002507668,38.0835,0,2.5389,-3.558404E-05,38.0835,0
2.5398,0.0003259632,38.097,0,2.5398,-7.150377E-05,38.097,0
2.5407,9.600977E-05,38.1105,0,2.5407,-7.821774E-05,38.1105,0
2.5416,-7.418937E-05,38.124,0,2.5416,-0.0002584878,38.124,0
2.5425,-2.383459E-05,38.1375,0,2.5425,-0.0004729991,38.1375,0
2.5434,-3.155566E-05,38.151,0,2.5434,-0.0004568856,38.151,0
2.5443,-4.263371E-05,38.1645,0,2.5443,-0.0003252918,38.1645,0
2.5452,5.404745E-05,38.178,0,2.5452,-0.0001829557,38.178,0
2.5461,0.0002406958,38.1915,0,2.5461,0.0001527428,38.1915,0
2.547,0.0003367056,38.205,0,2.547,0.000376318,38.205,0
2.5479,-0.0001111162,38.2185,0,2.5479,0.0004260014,38.2185,0
2.5488,-0.000477699,38.232,0,2.5488,0.0003608759,38.232,0
2.5497,-0.0003346914,38.2455,0,2.5497,0.0001923552,38.2455,0
2.5506,-0.0003088426,38.259,0,2.5506,0.0001634852,38.259,0
2.5515,-0.000235996,38.2725,0,2.5515,0.0001500572,38.2725,0
2.5524,-9.433127E-05,38.286,0,2.5524,5.774014E-05,38.286,0
2.5533,-7.049668E-06,38.2995,0,2.5533,-5.270466E-05,38.2995,0
2.5542,1.376364E-05,38.313,0,2.5542,-4.867628E-05,38.313,0
2.5551,6.243992E-05,38.3265,0,2.5551,-5.673304E-05,38.3265,0
2.556,5.774014E-05,38.34,0,2.556,-6.243992E-05,38.34,0
2.5569,6.344701E-05,38.3535,0,2.5569,-8.258183E-05,38.3535,0
2.5578,8.291753E-05,38.367,0,2.5578,-8.191043E-05,38.367,0
2.5587,9.298848E-05,38.3805,0,2.5587,-0.0001816129,38.3805,0
2.5596,0.0001332723,38.394,0,2.5596,-0.000252781,38.394,0
2.5605,0.0001305867,38.4075,0,2.5605,-0.0001685206,38.4075,0
2.5614,0.000235996,38.421,0,2.5614,-0.0001077592,38.421,0
2.5623,0.0002480812,38.4345,0,2.5623,-0.0001054093,38.4345,0
2.5632,-6.713969E-07,38.448,0,2.5632,4.36408E-06,38.448,0
2.5641,5.337606E-05,38.4615,0,2.5641,-5.673304E-05,38.4615,0
2.565,8.493171E-05,38.475,0,2.565,-0.0001795987,38.475,0
2.5659,-0.000197055,38.4885,0,2.5659,-0.0001315938,38.4885,0
2.5668,-0.0003058213,38.502,0,2.5668,-4.666209E-05,38.502,0
2.5677,-9.231708E-05,38.5155,0,2.5677,9.466698E-05,38.5155,0
2.5686,-1.242084E-05,38.529,0,2.5686,0.0002574807,38.529,0
2.5695,9.365987E-05,38.5425,0,2.5695,0.0003138781,38.5425,0
2.5704,7.351797E-05,38.556,0,2.5704,0.0001607996,38.556,0
2.5713,1.007095E-05,38.5695,0,2.5713,1.980621E-05,38.5695,0
2.5722,6.042573E-06,38.583,0,2.5722,-3.390555E-05,38.583,0
2.5731,-6.042573E-06,38.5965,0,2.5731,-9.365987E-05,38.5965,0
2.574,-0.0001436789,38.61,0,2.574,-6.109713E-05,38.61,0
2.5749,-7.821774E-05,38.6235,0,2.5749,5.203327E-05,38.6235,0
2.5758,6.713969E-06,38.637,0,2.5758,8.224613E-05,38.637,0
2.5767,-0.0001305867,38.6505,0,2.5767,5.841154E-05,38.6505,0
2.5776,-0.0001654994,38.664,0,2.5776,3.256275E-05,38.664,0
2.5785,-0.0001322652,38.6775,0,2.5785,-4.599069E-05,38.6775,0
2.5794,-7.049668E-06,38.691,0,2.5794,-9.097429E-05,38.691,0
2.5803,2.24918E-05,38.7045,0,2.5803,-0.0001359579,38.7045,0
2.5812,6.076142E-05,38.718,0,2.5812,-0.0001198444,38.718,0
2.5821,7.754635E-05,38.7315,0,2.5821,-0.0001292439,38.7315,0
2.583,5.203327E-05,38.745,0,2.583,-2.652018E-05,38.745,0
2.5839,0.0001795987,38.7585,0,2.5839,4.061952E-05,38.7585,0
2.5848,0.0002507668,38.772,0,2.5848,7.183947E-05,38.772,0
2.5857,0.0002168612,38.7855,0,2.5857,-8.056764E-05,38.7855,0
2.5866,0.0001487144,38.799,0,2.5866,-0.0002776226,38.799,0
2.5875,-4.901198E-05,38.8125,0,2.5875,-0.0002588235,38.8125,0
2.5884,-0.0003575189,38.826,0,2.5884,-0.0002665446,38.826,0
2.5893,-0.0004367437,38.8395,0,2.5893,-0.0003632258,38.8395,0
2.5902,-0.0002077974,38.853,0,2.5902,-0.0001950408,38.853,0
2.5911,-2.24918E-05,38.8665,0,2.5911,0.0001534142,38.8665,0
2.592,5.001907E-05,38.88,0,2.592,0.0002447242,38.88,0
2.5929,0.0001500572,38.8935,0,2.5929,0.0002467384,38.8935,0
2.5938,0.0001849699,38.907,0,2.5938,0.0001769131,38.907,0
2.5947,0.0001299153,38.9205,0,2.5947,0.0001131304,38.9205,0
2.5956,6.143282E-05,38.934,0,2.5956,0.000158114,38.934,0
2.5965,-0.0001507286,38.9475,0,2.5965,0.0001470359,38.9475,0
2.5974,-0.0003011215,38.961,0,2.5974,7.620356E-05,38.961,0
2.5983,-0.0001618067,38.9745,0,2.5983,4.36408E-05,38.9745,0
2.5992,-6.210422E-05,38.988,0,2.5992,-0.0001339437,38.988,0
2.6001,-3.424125E-05,39.0015,0,2.6001,-0.0002195468,39.0015,0
2.601,1.242084E-05,39.015,0,2.601,-8.89601E-05,39.015,0
2.6019,0.0001678492,39.0285,0,2.6019,-2.517739E-05,39.0285,0
2.6028,0.0002433814,39.042,0,2.6028,6.277562E-05,39.042,0
2.6037,0.0001097734,39.0555,0,2.6037,0.0002641947,39.0555,0
2.6046,0.0001305867,39.069,0,2.6046,0.0002695659,39.069,0
2.6055,4.867628E-05,39.0825,0,2.6055,5.975433E-05,39.0825,0
2.6064,-3.356985E-07,39.096,0,2.6064,-2.853437E-05,39.096,0
2.6073,3.994812E-05,39.1095,0,2.6073,-8.325322E-05,39.1095,0
2.6082,0.000112459,39.123,0,2.6082,-6.57969E-05,39.123,0
2.6091,6.210422E-05,39.1365,0,2.6091,-3.591974E-05,39.1365,0
2.61,-0.0001064164,39.15,0,2.61,-5.404745E-05,39.15,0
2.6109,-0.0001054093,39.1635,0,2.6109,-7.318227E-05,39.1635,0
2.6118,-8.358892E-05,39.177,0,2.6118,-2.21561E-05,39.177,0
2.6127,-0.0001916838,39.1905,0,2.6127,-8.92958E-05,39.1905,0
2.6136,7.150377E-05,39.204,0,2.6136,-0.0001943694,39.204,0
2.6145,0.0001070878,39.2175,0,2.6145,-0.0002779583,39.2175,0
2.6154,-3.390555E-05,39.231,0,2.6154,-0.0004031739,39.231,0
2.6163,4.53193E-05,39.2445,0,2.6163,-0.0003689326,39.2445,0
2.6172,-2.18204E-05,39.258,0,2.6172,-0.0002366674,39.258,0
2.6181,-0.0003316701,39.2715,0,2.6181,4.263371E-05,39.2715,0
2.619,-0.0003988098,39.285,0,2.619,0.0003326772,39.285,0
2.6199,-0.0001483787,39.2985,0,2.6199,0.0004407721,39.2985,0
2.6208,1.678492E-06,39.312,0,2.6208,0.0002903792,39.312,0
2.6217,-6.74754E-05,39.3255,0,2.6217,0.0001366293,39.3255,0
2.6226,-0.0001399863,39.339,0,2.6226,7.351797E-05,39.339,0
2.6235,-7.452507E-05,39.3525,0,2.6235,2.786297E-05,39.3525,0
2.6244,8.023193E-05,39.366,0,2.6244,-1.812772E-05,39.366,0
2.6253,0.0001027237,39.3795,0,2.6253,3.726253E-05,39.3795,0
2.6262,4.39765E-05,39.393,0,2.6262,1.342794E-06,39.393,0
2.6271,6.109713E-05,39.4065,0,2.6271,-6.478981E-05,39.4065,0
2.628,1.577783E-05,39.42,0,2.628,-4.33051E-05,39.42,0
2.6289,-3.558404E-05,39.4335,0,2.6289,-4.666209E-05,39.4335,0
2.6298,7.486076E-05,39.447,0,2.6298,-0.0001141375,39.447,0
2.6307,0.0001084306,39.4605,0,2.6307,-0.0001409934,39.4605,0
2.6316,0.0001352865,39.474,0,2.6316,-0.0001500572,39.474,0
2.6325,0.000239353,39.4875,0,2.6325,-0.0001514,39.4875,0
2.6334,0.0002081331,39.501,0,2.6334,-0.0002145113,39.501,0
2.6343,-3.726253E-05,39.5145,0,2.6343,-0.000239353,39.5145,0
2.6352,-0.0001295796,39.528,0,2.6352,-0.0001426719,39.528,0
2.6361,-5.337606E-05,39.5415,0,2.6361,-5.001907E-05,39.5415,0
2.637,-0.0001983978,39.555,0,2.637,-0.0001460288,39.555,0
2.6379,-0.0001510643,39.5685,0,2.6379,-0.0001819486,39.5685,0
2.6388,-7.721065E-06,39.582,0,2.6388,-1.242084E-05,39.582,0
2.6397,-7.284657E-05,39.5955,0,2.6397,2.987716E-05,39.5955,0
2.6406,-4.43122E-05,39.609,0,2.6406,0.0001574426,39.609,0
2.6415,5.572595E-05,39.6225,0,2.6415,0.0003353628,39.6225,0
2.6424,0.0001050736,39.636,0,2.6424,0.0003004501,39.636,0
2.6433,7.653925E-05,39.6495,0,2.6433,0.000148043,39.6495,0
2.6442,8.023193E-05,39.663,0,2.6442,6.042573E-05,39.663,0
2.6451,6.51255E-05,39.6765,0,2.6451,8.157473E-05,39.6765,0
2.646,-6.814679E-05,39.69,0,2.646,7.922484E-05,39.69,0
2.6469,-0.000189334,39.7035,0,2.6469,-7.049668E-05,39.7035,0
2.6478,-0.0001161517,39.717,0,2.6478,-0.0002051118,39.717,0
2.6487,-0.0001292439,39.7305,0,2.6487,-0.0002806439,39.7305,0
2.6496,-0.0001587854,39.744,0,2.6496,-0.0002477455,39.744,0
2.6505,1.040665E-05,39.7575,0,2.6505,-0.0003612116,39.7575,0
2.6514,0.0001349508,39.771,0,2.6514,-0.0003877317,39.771,0
2.6523,0.0001607996,39.7845,0,2.6523,-0.0001597925,39.7845,0
2.6532,0.0001712062,39.798,0,2.6532,0.0001044022,39.798,0
2.6541,0.0001916838,39.8115,0,2.6541,0.0002675517,39.8115,0
2.655,0.0001701991,39.825,0,2.655,0.0004401007,39.825,0
2.6559,7.486076E-05,39.8385,0,2.6559,0.0004166018,39.8385,0
2.6568,-2.987716E-05,39.852,0,2.6568,0.0001607996,39.852,0
2.6577,-2.316319E-05,39.8655,0,2.6577,9.466698E-05,39.8655,0
2.6586,-1.242084E-05,39.879,0,2.6586,9.030289E-05,39.879,0
2.6595,3.692683E-05,39.8925,0,2.6595,2.652018E-05,39.8925,0
2.6604,-4.36408E-06,39.906,0,2.6604,3.021286E-06,39.906,0
2.6613,-5.035477E-06,39.9195,0,2.6613,2.014191E-05,39.9195,0
2.6622,-2.752728E-05,39.933,0,2.6622,-1.443504E-05,39.933,0
2.6631,-0.0001201801,39.9465,0,2.6631,-0.0001188373,39.9465,0
2.664,-3.323415E-05,39.96,0,2.664,-0.0001618067,39.96,0
2.6649,2.752728E-05,39.9735,0,2.6649,-0.0001399863,39.9735,0
2.6658,-1.544213E-05,39.987,0,2.6658,-0.0001634852,39.987,0
2.6667,-3.088426E-05,40.0005,0,2.6667,-0.0001876554,40.0005,0
2.6676,-6.009003E-05,40.014,0,2.6676,-0.0001641566,40.014,0
2.6685,-5.069047E-05,40.0275,0,2.6685,-2.014191E-05,40.0275,0
2.6694,-1.913481E-05,40.041,0,2.6694,6.74754E-05,40.041,0
2.6703,-5.404745E-05,40.0545,0,2.6703,3.591974E-05,40.0545,0
2.6712,-6.478981E-05,40.068,0,2.6712,9.533837E-05,40.068,0
2.6721,6.378271E-06,40.0815,0,2.6721,6.109713E-05,40.0815,0
2.673,2.819867E-05,40.095,0,2.673,2.517739E-05,40.095,0
2.6739,-7.620356E-05,40.1085,0,2.6739,1.174945E-05,40.1085,0
2.6748,-7.016098E-05,40.122,0,2.6748,-0.0002098116,40.122,0
2.6757,-1.510643E-05,40.1355,0,2.6757,-0.0004061952,40.1355,0
2.6766,-0.0001000381,40.149,0,2.6766,-0.0004803845,40.149,0
2.6775,-5.874724E-05,40.1625,0,2.6775,-0.0003776608,40.1625,0
2.6784,5.706874E-05,40.176,0,2.6784,-0.0001842985,40.176,0
2.6793,5.606165E-05,40.1895,0,2.6793,0.0002067903,40.1895,0
2.6802,7.452507E-05,40.203,0,2.6802,0.0003931029,40.203,0
2.6811,0.0001134661,40.2165,0,2.6811,0.0003249561,40.2165,0
2.682,6.243992E-05,40.23,0,2.682,0.0003568475,40.23,0
2.6829,-5.270466E-05,40.2435,0,2.6829,0.0002474098,40.2435,0
2.6838,-6.6804E-05,40.257,0,2.6838,5.941863E-05,40.257,0
2.6847,4.263371E-05,40.2705,0,2.6847,2.383459E-05,40.2705,0
2.6856,0.000203769,40.284,0,2.6856,6.61326E-05,40.284,0
2.6865,0.0001799344,40.2975,0,2.6865,5.203327E-05,40.2975,0
2.6874,3.994812E-05,40.311,0,2.6874,2.349889E-06,40.311,0
2.6883,-2.316319E-05,40.3245,0,2.6883,-3.927672E-05,40.3245,0
2.6892,-0.0001148089,40.338,0,2.6892,-2.28275E-05,40.338,0
2.6901,-0.0001178302,40.3515,0,2.6901,-8.392462E-06,40.3515,0
2.691,-4.53193E-05,40.365,0,2.691,-8.72816E-05,40.365,0
2.6919,8.090334E-05,40.3785,0,2.6919,-0.0001836271,40.3785,0
2.6928,-5.035477E-06,40.392,0,2.6928,-0.0001211871,40.392,0
2.6937,-0.0001628138,40.4055,0,2.6937,-0.0001178302,40.4055,0
2.6946,-0.0002688945,40.419,0,2.6946,-0.0001775845,40.419,0
2.6955,-0.0003192493,40.4325,0,2.6955,-9.298848E-05,40.4325,0
2.6964,-4.196231E-05,40.446,0,2.6964,2.21561E-05,40.446,0
2.6973,-6.814679E-05,40.4595,0,2.6973,-7.049668E-06,40.4595,0
2.6982,-1.174945E-05,40.473,0,2.6982,2.920577E-05,40.473,0
2.6991,3.021286E-06,40.4865,0,2.6991,-2.18204E-05,40.4865,0
2.7,3.021286E-06,40.5,0,2.7,-0.0001594568,40.5,0
2.7009,0.0001040665,40.5135,0,2.7009,-0.0001742275,40.5135,0
2.7018,0.0001292439,40.527,0,2.7018,-0.0001873197,40.527,0
2.7027,0.0001950408,40.5405,0,2.7027,-0.0001285725,40.5405,0
2.7036,0.0001409934,40.554,0,2.7036,-2.584878E-05,40.554,0
2.7045,-0.0001211871,40.5675,0,2.7045,8.157473E-05,40.5675,0
2.7054,-0.0003091783,40.581,0,2.7054,5.471885E-05,40.581,0
2.7063,-0.0001990692,40.5945,0,2.7063,7.486076E-05,40.5945,0
2.7072,-0.000281651,40.608,0,2.7072,9.634547E-05,40.608,0
2.7081,-0.0001795987,40.6215,0,2.7081,0.000133608,40.6215,0
2.709,-1.242084E-05,40.635,0,2.709,0.0001332723,40.635,0
2.7099,-2.24918E-05,40.6485,0,2.7099,6.814679E-05,40.6485,0
2.7108,-2.28275E-05,40.662,0,2.7108,-1.107805E-05,40.662,0
2.7117,4.766919E-05,40.6755,0,2.7117,-3.793393E-05,40.6755,0
2.7126,6.210422E-05,40.689,0,2.7126,-2.1149E-05,40.689,0
2.7135,4.061952E-05,40.7025,0,2.7135,-6.478981E-05,40.7025,0
2.7144,0.000133608,40.716,0,2.7144,-9.030289E-05,40.716,0
2.7153,0.0001232013,40.7295,0,2.7153,-0.000144686,40.7295,0
2.7162,9.097429E-05,40.743,0,2.7162,-0.0001138018,40.743,0
2.7171,0.0001527428,40.7565,0,2.7171,-1.644922E-05,40.7565,0
2.718,9.768826E-05,40.77,0,2.718,-3.021286E-05,40.77,0
2.7189,8.291753E-05,40.7835,0,2.7189,3.625543E-05,40.7835,0
2.7198,0.0002413672,40.797,0,2.7198,0.0001889983,40.797,0
2.7207,0.00024271,40.8105,0,2.7207,6.814679E-05,40.8105,0
2.7216,0.0001282368,40.824,0,2.7216,-3.994812E-05,40.824,0
2.7225,2.920577E-05,40.8375,0,2.7225,3.021286E-06,40.8375,0
2.7234,-0.0001211871,40.851,0,2.7234,-2.484169E-05,40.851,0
2.7243,-0.0003266346,40.8645,0,2.7243,-5.539025E-05,40.8645,0
2.7252,-0.0003672541,40.878,0,2.7252,-3.021286E-06,40.878,0
2.7261,-0.0001876554,40.8915,0,2.7261,-4.699779E-06,40.8915,0
2.727,-9.970245E-05,40.905,0,2.727,-9.030289E-05,40.905,0
2.7279,-5.606165E-05,40.9185,0,2.7279,-0.0001399863,40.9185,0
2.7288,8.056763E-06,40.932,0,2.7288,-0.0001252155,40.932,0
2.7297,4.766919E-05,40.9455,0,2.7297,-5.270466E-05,40.9455,0
2.7306,8.224613E-05,40.959,0,2.7306,-3.759823E-05,40.959,0
2.7315,0.0001994049,40.9725,0,2.7315,-7.586786E-05,40.9725,0
2.7324,0.0003649043,40.986,0,2.7324,-9.701686E-05,40.986,0
2.7333,0.0002588235,40.9995,0,2.7333,-0.0001178302,40.9995,0
2.7342,8.291753E-05,41.013,0,2.7342,-0.0001097734,41.013,0
2.7351,-2.24918E-05,41.0265,0,2.7351,-0.0001346151,41.0265,0
2.736,-0.0001631495,41.04,0,2.736,3.356985E-07,41.04,0
2.7369,-0.0003118639,41.0535,0,2.7369,9.231708E-05,41.0535,0
2.7378,-0.0003279774,41.067,0,2.7378,1.242084E-05,41.067,0
2.7387,-5.001907E-05,41.0805,0,2.7387,5.505455E-05,41.0805,0
2.7396,9.567407E-05,41.094,0,2.7396,0.0001748989,41.094,0
2.7405,4.39765E-05,41.1075,0,2.7405,0.000130251,41.1075,0
2.7414,-3.793393E-05,41.121,0,2.7414,0.0001554284,41.121,0
2.7423,-0.000140322,41.1345,0,2.7423,0.0001413291,41.1345,0
2.7432,-0.0001107805,41.148,0,2.7432,7.553216E-05,41.148,0
2.7441,-2.047761E-05,41.1615,0,2.7441,6.076142E-05,41.1615,0
2.745,5.740444E-05,41.175,0,2.745,3.323415E-05,41.175,0
2.7459,3.994812E-05,41.1885,0,2.7459,-4.867628E-05,41.1885,0
2.7468,-1.779202E-05,41.202,0,2.7468,-3.021286E-05,41.202,0
2.7477,3.088426E-05,41.2155,0,2.7477,-1.107805E-05,41.2155,0
2.7486,1.443504E-05,41.229,0,2.7486,-9.231708E-05,41.229,0
2.7495,5.035477E-06,41.2425,0,2.7495,-9.164568E-05,41.2425,0
2.7504,8.426032E-05,41.256,0,2.7504,-7.956054E-05,41.256,0
2.7513,6.948959E-05,41.2695,0,2.7513,-0.0002450599,41.2695,0
2.7522,5.203327E-05,41.283,0,2.7522,-0.0002987717,41.283,0
2.7531,4.49836E-05,41.2965,0,2.7531,-0.0002474098,41.2965,0
2.754,7.721065E-06,41.31,0,2.754,-0.0002145113,41.31,0
2.7549,8.560311E-05,41.3235,0,2.7549,-4.800488E-05,41.3235,0
2.7558,0.0001809415,41.337,0,2.7558,0.0002245823,41.337,0
2.7567,0.0001000381,41.3505,0,2.7567,0.0004018311,41.3505,0
2.7576,5.001907E-05,41.364,0,2.7576,0.0003588617,41.364,0
2.7585,-6.042573E-06,41.3775,0,2.7585,0.0001141375,41.3775,0
2.7594,-2.987716E-05,41.391,0,2.7594,-0.0001074235,41.391,0
2.7603,-0.0001953765,41.4045,0,2.7603,-0.0001329366,41.4045,0
2.7612,-0.0002984359,41.418,0,2.7612,-0.000186984,41.418,0
2.7621,-0.0002725872,41.4315,0,2.7621,-0.00021149,41.4315,0
2.763,-0.0001104448,41.445,0,2.763,-8.627451E-05,41.445,0
2.7639,2.24918E-05,41.4585,0,2.7639,0.0001044022,41.4585,0
2.7648,0.0001218585,41.472,0,2.7648,0.000136965,41.472,0
2.7657,5.740444E-05,41.4855,0,2.7657,8.325322E-05,41.4855,0
2.7666,-5.102617E-05,41.499,0,2.7666,4.901198E-05,41.499,0
2.7675,-3.356985E-06,41.5125,0,2.7675,-4.632639E-05,41.5125,0
2.7684,0.0001265583,41.526,0,2.7684,-2.450599E-05,41.526,0
2.7693,0.0001131304,41.5395,0,2.7693,-6.74754E-05,41.5395,0
2.7702,5.404745E-05,41.553,0,2.7702,-4.061952E-05,41.553,0
2.7711,-2.047761E-05,41.5665,0,2.7711,8.82887E-05,41.5665,0
2.772,-8.023193E-05,41.58,0,2.772,9.198138E-05,41.58,0
2.7729,-6.378271E-06,41.5935,0,2.7729,-1.477073E-05,41.5935,0
2.7738,-0.0001117876,41.607,0,2.7738,2.719158E-05,41.607,0
2.7747,-0.0001349508,41.6205,0,2.7747,-6.948959E-05,41.6205,0
2.7756,-6.042573E-06,41.634,0,2.7756,-0.0002145113,41.634,0
2.7765,-1.040665E-05,41.6475,0,2.7765,-0.0001389792,41.6475,0
2.7774,2.987716E-05,41.661,0,2.7774,-8.325322E-05,41.661,0
2.7783,0.0001144732,41.6745,0,2.7783,-1.510643E-05,41.6745,0
2.7792,0.0001983978,41.688,0,2.7792,4.061952E-05,41.688,0
2.7801,0.0002709087,41.7015,0,2.7801,0.0001138018,41.7015,0
2.781,0.0002984359,41.715,0,2.781,2.18204E-05,41.715,0
2.7819,0.0002400244,41.7285,0,2.7819,-0.0001943694,41.7285,0
2.7828,1.376364E-05,41.742,0,2.7828,-0.0002719158,41.742,0
2.7837,-2.719158E-05,41.7555,0,2.7837,-0.0001926909,41.7555,0
2.7846,-7.821774E-05,41.769,0,2.7846,-6.109713E-05,41.769,0
2.7855,-2.786297E-05,41.7825,0,2.7855,8.426032E-05,41.7825,0
2.7864,-0.000112459,41.796,0,2.7864,0.0001631495,41.796,0
2.7873,-0.0003343557,41.8095,0,2.7873,8.560311E-05,41.8095,0
2.7882,-0.0004176089,41.823,0,2.7882,5.471885E-05,41.823,0
2.7891,-0.0004706493,41.8365,0,2.7891,-7.956054E-05,41.8365,0
2.79,-0.0004323796,41.85,0,2.79,-1.510643E-05,41.85,0
2.7909,-0.0001651637,41.8635,0,2.7909,1.040665E-05,41.8635,0
2.7918,-9.500267E-05,41.877,0,2.7918,-4.33051E-05,41.877,0
2.7927,-3.491264E-05,41.8905,0,2.7927,-2.383459E-05,41.8905,0
2.7936,-2.047761E-05,41.904,0,2.7936,1.409934E-05,41.904,0
2.7945,2.014191E-06,41.9175,0,2.7945,4.028382E-06,41.9175,0
2.7954,2.349889E-06,41.931,0,2.7954,-3.155566E-05,41.931,0
2.7963,4.699779E-05,41.9445,0,2.7963,-8.593881E-05,41.9445,0
2.7972,5.874724E-05,41.958,0,2.7972,-0.0001174945,41.958,0
2.7981,-4.699779E-06,41.9715,0,2.7981,-7.284657E-05,41.9715,0
2.799,-4.028382E-06,41.985,0,2.799,-4.263371E-05,41.985,0
2.7999,4.599069E-05,41.9985,0,2.7999,-3.155566E-05,41.9985,0
2.8008,6.076142E-05,42.012,0,2.8008,-1.678492E-06,42.012,0
2.8017,3.927672E-05,42.0255,0,2.8017,2.081331E-05,42.0255,0
2.8026,8.92958E-05,42.039,0,2.8026,1.577783E-05,42.039,0
2.8035,0.0001017166,42.0525,0,2.8035,4.800488E-05,42.0525,0
2.8044,0.0001017166,42.066,0,2.8044,2.484169E-05,42.066,0
2.8053,7.217517E-05,42.0795,0,2.8053,-7.150377E-05,42.0795,0
2.8062,0.0001849699,42.093,0,2.8062,-0.0002007477,42.093,0
2.8071,0.0002695659,42.1065,0,2.8071,-0.000270573,42.1065,0
2.808,0.0001594568,42.12,0,2.808,-0.0002762798,42.12,0
2.8089,9.365987E-05,42.1335,0,2.8089,-0.000175906,42.1335,0
2.8098,8.69459E-05,42.147,0,2.8098,-9.063859E-06,42.147,0
2.8107,-1.644922E-05,42.1605,0,2.8107,0.0002433814,42.1605,0
2.8116,-0.0001658351,42.174,0,2.8116,0.0004696422,42.174,0
2.8125,-9.097429E-05,42.1875,0,2.8125,0.0002675517,42.1875,0
2.8134,-5.539025E-05,42.201,0,2.8134,9.869535E-05,42.201,0
2.8143,-6.411841E-05,42.2145,0,2.8143,0.0001054093,42.2145,0
2.8152,-4.33051E-05,42.228,0,2.8152,4.867628E-05,42.228,0
2.8161,2.450599E-05,42.2415,0,2.8161,-1.678492E-06,42.2415,0
2.817,-7.385367E-06,42.255,0,2.817,2.887007E-05,42.255,0
2.8179,3.692683E-06,42.2685,0,2.8179,8.392462E-06,42.2685,0
2.8188,-2.584878E-05,42.282,0,2.8188,-5.941863E-05,42.282,0
2.8197,2.383459E-05,42.2955,0,2.8197,-4.867628E-05,42.2955,0
2.8206,2.618448E-05,42.309,0,2.8206,-2.383459E-05,42.309,0
2.8215,5.706874E-06,42.3225,0,2.8215,-5.136187E-05,42.3225,0
2.8224,-5.001907E-05,42.336,0,2.8224,-5.203327E-05,42.336,0
2.8233,-2.450599E-05,42.3495,0,2.8233,-7.888914E-05,42.3495,0
2.8242,3.994812E-05,42.363,0,2.8242,-6.344701E-05,42.363,0
2.8251,3.356985E-07,42.3765,0,2.8251,-0.0001232013,42.3765,0
2.826,3.726253E-05,42.39,0,2.826,-0.0001789273,42.39,0
2.8269,7.553216E-05,42.4035,0,2.8269,-0.0001765774,42.4035,0
2.8278,-2.719158E-05,42.417,0,2.8278,-9.332418E-05,42.417,0
2.8287,-4.196231E-05,42.4305,0,2.8287,-3.121996E-05,42.4305,0
2.8296,2.584878E-05,42.444,0,2.8296,3.994812E-05,42.444,0
2.8305,-3.356985E-07,42.4575,0,2.8305,0.0001467002,42.4575,0
2.8314,-2.484169E-05,42.471,0,2.8314,8.560311E-05,42.471,0
2.8323,-1.577783E-05,42.4845,0,2.8323,-3.726253E-05,42.4845,0
2.8332,6.042573E-06,42.498,0,2.8332,-4.33051E-05,42.498,0
2.8341,1.678492E-06,42.5115,0,2.8341,5.035477E-06,42.5115,0
2.835,4.699779E-06,42.525,0,2.835,-3.524834E-05,42.525,0
2.8359,-4.36408E-06,42.5385,0,2.8359,-2.24918E-05,42.5385,0
2.8368,-5.035477E-06,42.552,0,2.8368,-2.1149E-05,42.552,0
2.8377,1.242084E-05,42.5655,0,2.8377,-5.606165E-05,42.5655,0
2.8386,-4.36408E-06,42.579,0,2.8386,-9.768826E-05,42.579,0
2.8395,5.404745E-05,42.5925,0,2.8395,-0.0001822843,42.5925,0
2.8404,3.860533E-05,42.606,0,2.8404,-0.0002289464,42.606,0
2.8413,6.814679E-05,42.6195,0,2.8413,-0.0001064164,42.6195,0
2.8422,-9.063859E-06,42.633,0,2.8422,-0.000175906,42.633,0
2.8431,-0.0001044022,42.6465,0,2.8431,-0.0001722133,42.6465,0
2.844,-0.0001362936,42.66,0,2.844,-3.793393E-05,42.66,0
2.8449,-0.0002474098,42.6735,0,2.8449,5.035477E-05,42.6735,0
2.8458,-0.0002440528,42.687,0,2.8458,4.095522E-05,42.687,0
2.8467,-3.927672E-05,42.7005,0,2.8467,0.0001097734,42.7005,0
2.8476,-4.46479E-05,42.714,0,2.8476,0.0002091402,42.714,0
2.8485,7.553216E-05,42.7275,0,2.8485,0.0001701991,42.7275,0
2.8494,0.0003659113,42.741,0,2.8494,0.0002433814,42.741,0
2.8503,0.0003427482,42.7545,0,2.8503,0.0002030976,42.7545,0
2.8512,0.0001144732,42.768,0,2.8512,0.0001044022,42.768,0
2.8521,-7.553216E-05,42.7815,0,2.8521,7.653925E-05,42.7815,0
2.853,-0.0001567712,42.795,0,2.853,5.740444E-05,42.795,0
2.8539,-0.0003004501,42.8085,0,2.8539,-1.007095E-06,42.8085,0
2.8548,-0.0003706111,42.822,0,2.8548,1.577783E-05,42.822,0
2.8557,-0.0003081712,42.8355,0,2.8557,-6.277562E-05,42.8355,0
2.8566,-0.000154757,42.849,0,2.8566,-0.0001980621,42.849,0
2.8575,-5.404745E-05,42.8625,0,2.8575,-0.0001483787,42.8625,0
2.8584,-4.36408E-06,42.876,0,2.8584,-9.164568E-05,42.876,0
2.8593,-8.526741E-05,42.8895,0,2.8593,-0.0001185016,42.8895,0
2.8602,-9.701686E-05,42.903,0,2.8602,-2.450599E-05,42.903,0
2.8611,-1.779202E-05,42.9165,0,2.8611,7.620356E-05,42.9165,0
2.862,1.510643E-05,42.93,0,2.862,6.143282E-05,42.93,0
2.8629,2.316319E-05,42.9435,0,2.8629,4.36408E-06,42.9435,0
2.8638,-1.275654E-05,42.957,0,2.8638,-7.016098E-05,42.957,0
2.8647,3.021286E-06,42.9705,0,2.8647,-6.311131E-05,42.9705,0
2.8656,9.265278E-05,42.984,0,2.8656,-6.311131E-05,42.984,0
2.8665,4.229801E-05,42.9975,0,2.8665,-9.365987E-05,42.9975,0
2.8674,9.365987E-05,43.011,0,2.8674,-8.291753E-05,43.011,0
2.8683,0.0001332723,43.0245,0,2.8683,2.18204E-05,43.0245,0
2.8692,0.0001413291,43.038,0,2.8692,-7.553216E-05,43.038,0
2.8701,0.0002252537,43.0515,0,2.8701,-0.0001698634,43.0515,0
2.871,0.0001295796,43.065,0,2.871,-9.500267E-05,43.065,0
2.8719,3.659113E-05,43.0785,0,2.8719,7.721065E-06,43.0785,0
2.8728,-1.342794E-05,43.092,0,2.8728,-6.713969E-06,43.092,0
2.8737,-3.021286E-06,43.1055,0,2.8737,4.061952E-05,43.1055,0
2.8746,-1.678492E-05,43.119,0,2.8746,0.0001178302,43.119,0
2.8755,1.577783E-05,43.1325,0,2.8755,9.365987E-05,43.1325,0
2.8764,-6.344701E-05,43.146,0,2.8764,6.378271E-06,43.146,0
2.8773,-0.0001097734,43.1595,0,2.8773,-3.356985E-05,43.1595,0
2.8782,-3.726253E-05,43.173,0,2.8782,-7.049668E-06,43.173,0
2.8791,-2.652018E-05,43.1865,0,2.8791,-3.121996E-05,43.1865,0
2.88,-2.685588E-06,43.2,0,2.88,-9.970245E-05,43.2,0
2.8809,3.927672E-05,43.2135,0,2.8809,-0.0001748989,43.2135,0
2.8818,2.517739E-05,43.227,0,2.8818,-0.0001695277,43.227,0
2.8827,-1.443504E-05,43.2405,0,2.8827,-0.0002608377,43.2405,0
2.8836,1.376364E-05,43.254,0,2.8836,-0.0002467384,43.254,0
2.8845,9.164568E-05,43.2675,0,2.8845,-7.855344E-05,43.2675,0
2.8854,0.0001762417,43.281,0,2.8854,0.0001373007,43.281,0
2.8863,0.0001765774,43.2945,0,2.8863,0.0001715419,43.2945,0
2.8872,5.807584E-05,43.308,0,2.8872,0.0002077974,43.308,0
2.8881,-4.699779E-06,43.3215,0,2.8881,0.0002709087,43.3215,0
2.889,-0.0001346151,43.335,0,2.889,0.0001265583,43.335,0
2.8899,-0.0001883268,43.3485,0,2.8899,3.894102E-05,43.3485,0
2.8908,-8.291753E-05,43.362,0,2.8908,4.36408E-06,43.362,0
2.8917,1.040665E-05,43.3755,0,2.8917,2.987716E-05,43.3755,0
2.8926,0.000109102,43.389,0,2.8926,1.242084E-05,43.389,0
2.8935,0.0001131304,43.4025,0,2.8935,-6.6804E-05,43.4025,0
2.8944,1.913481E-05,43.416,0,2.8944,-5.807584E-05,43.416,0
2.8953,-9.567407E-05,43.4295,0,2.8953,-5.035477E-06,43.4295,0
2.8962,-4.33051E-05,43.443,0,2.8962,-6.6804E-05,43.443,0
2.8971,0.0001769131,43.4565,0,2.8971,-0.000158114,43.4565,0
2.898,0.0004763562,43.47,0,2.898,-9.701686E-05,43.47,0
2.8989,0.0004293584,43.4835,0,2.8989,-7.956054E-05,43.4835,0
2.8998,0.0001164874,43.497,0,2.8998,-0.0001849699,43.497,0
2.9007,-0.0001973907,43.5105,0,2.9007,-0.0001567712,43.5105,0
2.9016,-0.0003457694,43.524,0,2.9016,-9.634547E-05,43.524,0
2.9025,-0.0006220493,43.5375,0,2.9025,-6.78111E-05,43.5375,0
2.9034,-0.0006092928,43.551,0,2.9034,8.224613E-05,43.551,0
2.9043,-0.0003843748,43.5645,0,2.9043,0.0001950408,43.5645,0
2.9052,-0.0002138399,43.578,0,2.9052,0.0001080949,43.578,0
2.9061,-0.0001366293,43.5915,0,2.9061,-1.644922E-05,43.5915,0
2.907,-3.256275E-05,43.605,0,2.907,-7.217517E-05,43.605,0
2.9079,2.349889E-05,43.6185,0,2.9079,-9.030289E-05,43.6185,0
2.9088,-1.309224E-05,43.632,0,2.9088,-2.652018E-05,43.632,0
2.9097,6.411841E-05,43.6455,0,2.9097,3.793393E-05,43.6455,0
2.9106,8.627451E-05,43.659,0,2.9106,9.567407E-05,43.659,0
2.9115,3.692683E-06,43.6725,0,2.9115,0.0001258869,43.6725,0
2.9124,-4.36408E-06,43.686,0,2.9124,0.0001030594,43.686,0
2.9133,-9.735256E-06,43.6995,0,2.9133,-7.754635E-05,43.6995,0
2.9142,6.411841E-05,43.713,0,2.9142,-0.0002433814,43.713,0
2.9151,7.351797E-05,43.7265,0,2.9151,-0.0002329748,43.7265,0
2.916,7.486076E-05,43.74,0,2.916,-0.0002534524,43.74,0
2.9169,3.054856E-05,43.7535,0,2.9169,-0.0001574426,43.7535,0
2.9178,-5.706874E-06,43.767,0,2.9178,2.652018E-05,43.767,0
2.9187,0.0001205158,43.7805,0,2.9187,0.0002323034,43.7805,0
2.9196,0.0001319295,43.794,0,2.9196,0.0002252537,43.794,0
2.9205,8.761731E-05,43.8075,0,2.9205,0.0001913481,43.8075,0
2.9214,0.0001013809,43.821,0,2.9214,8.157473E-05,43.821,0
2.9223,0.0001319295,43.8345,0,2.9223,-1.678492E-05,43.8345,0
2.9232,6.6804E-05,43.848,0,2.9232,-0.0001087663,43.848,0
2.9241,-1.779202E-05,43.8615,0,2.9241,-0.000221561,43.8615,0
2.925,-3.356985E-07,43.875,0,2.925,-9.701686E-05,43.875,0
2.9259,2.349889E-06,43.8885,0,2.9259,5.706874E-06,43.8885,0
2.9268,-5.270466E-05,43.902,0,2.9268,6.54612E-05,43.902,0
2.9277,-6.143282E-05,43.9155,0,2.9277,0.0002138399,43.9155,0
2.9286,-8.392462E-06,43.929,0,2.9286,0.0003175708,43.929,0
2.9295,8.291753E-05,43.9425,0,2.9295,0.0001218585,43.9425,0
2.9304,6.076142E-05,43.956,0,2.9304,6.378271E-06,43.956,0
2.9313,2.786297E-05,43.9695,0,2.9313,-5.606165E-05,43.9695,0
2.9322,-4.028382E-06,43.983,0,2.9322,-6.478981E-05,43.983,0
2.9331,-5.035477E-06,43.9965,0,2.9331,-3.860533E-05,43.9965,0
2.934,-5.706874E-06,44.01,0,2.934,-5.908293E-05,44.01,0
2.9349,-3.289845E-05,44.0235,0,2.9349,-7.687495E-05,44.0235,0
2.9358,-3.961242E-05,44.037,0,2.9358,-3.457694E-05,44.037,0
2.9367,-3.021286E-06,44.0505,0,2.9367,-8.627451E-05,44.0505,0
2.9376,2.584878E-05,44.064,0,2.9376,-0.0001866484,44.064,0
2.9385,-2.652018E-05,44.0775,0,2.9385,-0.0002242466,44.0775,0
2.9394,-2.450599E-05,44.091,0,2.9394,-0.0002024262,44.091,0
2.9403,3.088426E-05,44.1045,0,2.9403,-0.0001846342,44.1045,0
2.9412,6.143282E-05,44.118,0,2.9412,-0.0001077592,44.118,0
2.9421,0.0001101091,44.1315,0,2.9421,4.49836E-05,44.1315,0
2.943,0.0001456931,44.145,0,2.943,4.53193E-05,44.145,0
2.9439,5.236896E-05,44.1585,0,2.9439,-1.342794E-05,44.1585,0
2.9448,-1.242084E-05,44.172,0,2.9448,-6.848249E-05,44.172,0
2.9457,-1.174945E-05,44.1855,0,2.9457,4.901198E-05,44.1855,0
2.9466,2.517739E-05,44.199,0,2.9466,0.0001185016,44.199,0
2.9475,9.835965E-05,44.2125,0,2.9475,7.016098E-05,44.2125,0
2.9484,0.0001701991,44.226,0,2.9484,6.277562E-05,44.226,0
2.9493,7.049668E-05,44.2395,0,2.9493,6.076142E-05,44.2395,0
2.9502,-6.57969E-05,44.253,0,2.9502,-1.544213E-05,44.253,0
2.9511,-0.000285008,44.2665,0,2.9511,-0.0001373007,44.2665,0
2.952,-0.0004434577,44.28,0,2.952,-0.0001238727,44.28,0
2.9529,-0.0003454337,44.2935,0,2.9529,-9.365987E-05,44.2935,0
2.9538,-0.0003172351,44.307,0,2.9538,-0.0001010452,44.307,0
2.9547,-0.0001198444,44.3205,0,2.9547,-2.551309E-05,44.3205,0
2.9556,-6.713969E-07,44.334,0,2.9556,0.0001232013,44.334,0
2.9565,2.1149E-05,44.3475,0,2.9565,1.678492E-06,44.3475,0
2.9574,-3.021286E-06,44.361,0,2.9574,-0.0001050736,44.361,0
2.9583,2.21561E-05,44.3745,0,2.9583,-8.426032E-05,44.3745,0
2.9592,-7.553216E-05,44.388,0,2.9592,-4.53193E-05,44.388,0
2.9601,-4.53193E-05,44.4015,0,2.9601,8.392462E-06,44.4015,0
2.961,3.121996E-05,44.415,0,2.961,5.471885E-05,44.415,0
2.9619,9.063859E-06,44.4285,0,2.9619,8.89601E-05,44.4285,0
2.9628,1.376364E-05,44.442,0,2.9628,0.0001111162,44.442,0
2.9637,2.316319E-05,44.4555,0,2.9637,6.378271E-06,44.4555,0
2.9646,-3.356985E-06,44.469,0,2.9646,-7.721065E-05,44.469,0
2.9655,0.0001211871,44.4825,0,2.9655,-7.049668E-06,44.4825,0
2.9664,0.0001997406,44.496,0,2.9664,2.24918E-05,44.496,0
2.9673,0.0001319295,44.5095,0,2.9673,-4.33051E-05,44.5095,0
2.9682,0.0002769512,44.523,0,2.9682,-3.155566E-05,44.523,0
2.9691,0.000197055,44.5365,0,2.9691,5.337606E-05,44.5365,0
2.97,1.779202E-05,44.55,0,2.97,4.061952E-05,44.55,0
2.9709,-3.054856E-05,44.5635,0,2.9709,-0.0001040665,44.5635,0
2.9718,-0.0001876554,44.577,0,2.9718,-0.0002158541,44.577,0
2.9727,-0.0003867247,44.5905,0,2.9727,-0.0001765774,44.5905,0
2.9736,-0.0002044404,44.604,0,2.9736,-0.0001594568,44.604,0
2.9745,-5.236896E-05,44.6175,0,2.9745,-0.0001319295,44.6175,0
2.9754,4.800488E-05,44.631,0,2.9754,-6.6804E-05,44.631,0
2.9763,-1.712062E-05,44.6445,0,2.9763,8.090334E-05,44.6445,0
2.9772,-6.71397E-05,44.658,0,2.9772,0.0001420005,44.658,0
2.9781,-7.721065E-06,44.6715,0,2.9781,0.0001607996,44.6715,0
2.979,-5.136187E-05,44.685,0,2.979,0.0001641566,44.685,0
2.9799,2.21561E-05,44.6985,0,2.9799,0.0001111162,44.6985,0
2.9808,8.459602E-05,44.712,0,2.9808,4.666209E-05,44.712,0
2.9817,0.0001178302,44.7255,0,2.9817,4.666209E-05,44.7255,0
2.9826,2.618448E-05,44.739,0,2.9826,3.356985E-07,44.739,0
2.9835,-4.129091E-05,44.7525,0,2.9835,-4.43122E-05,44.7525,0
2.9844,-9.466698E-05,44.766,0,2.9844,-1.779202E-05,44.766,0
2.9853,-0.0001168231,44.7795,0,2.9853,-5.673304E-05,44.7795,0
2.9862,-5.236896E-05,44.793,0,2.9862,-6.881819E-05,44.793,0
2.9871,2.18204E-05,44.8065,0,2.9871,-8.090334E-05,44.8065,0
2.988,7.754635E-05,44.82,0,2.988,-0.000140322,44.82,0
2.9889,7.754635E-05,44.8335,0,2.9889,-0.0001782559,44.8335,0
2.9898,7.788205E-05,44.847,0,2.9898,-0.0001426719,44.847,0
2.9907,5.069047E-05,44.8605,0,2.9907,-0.0002178683,44.8605,0
2.9916,5.874724E-05,44.874,0,2.9916,-0.0002064546,44.874,0
2.9925,1.275654E-05,44.8875,0,2.9925,-9.399558E-06,44.8875,0
2.9934,1.342794E-06,44.901,0,2.9934,0.0002212253,44.901,0
2.9943,8.224613E-05,44.9145,0,2.9943,0.0001295796,44.9145,0
2.9952,5.740444E-05,44.928,0,2.9952,0.0001963836,44.928,0
2.9961,6.411841E-05,44.9415,0,2.9961,0.0002534524,44.9415,0
2.997,2.517739E-05,44.955,0,2.997,8.89601E-05,44.955,0
2.9979,-0.000115816,44.9685,0,2.9979,1.644922E-05,44.9685,0
2.9988,-2.1149E-05,44.982,0,2.9988,-3.256275E-05,44.982,0
2.9997,7.452507E-05,44.9955,0,2.9997,-5.069047E-05,44.9955,0
3.0006,7.922484E-05,45.009,0,3.0006,-0.0001292439,45.009,0
3.0015,8.191043E-05,45.0225,0,3.0015,-0.0002118257,45.0225,0
3.0024,-0.0001070878,45.036,0,3.0024,-0.000316228,45.036,0
3.0033,-0.0001930266,45.0495,0,3.0033,-0.000281651,45.0495,0
3.0042,8.82887E-05,45.063,0,3.0042,-0.0001947051,45.063,0
3.0051,0.0001943694,45.0765,0,3.0051,-5.236896E-05,45.0765,0
3.006,0.000112459,45.09,0,3.006,0.0001420005,45.09,0
3.0069,1.040665E-05,45.1035,0,3.0069,0.0002232395,45.1035,0
3.0078,-7.016098E-05,45.117,0,3.0078,0.0001010452,45.117,0
3.0087,-0.0001735561,45.1305,0,3.0087,1.309224E-05,45.1305,0
3.0096,-0.0001973907,45.144,0,3.0096,5.203327E-05,45.144,0
3.0105,-9.533837E-05,45.1575,0,3.0105,6.411841E-05,45.1575,0
3.0114,-0.0001695277,45.171,0,3.0114,6.478981E-05,45.171,0
3.0123,-0.0001232013,45.1845,0,3.0123,0.0001174945,45.1845,0
3.0132,-0.0001527428,45.198,0,3.0132,0.0001654994,45.198,0
3.0141,-0.0001050736,45.2115,0,3.0141,0.0001238727,45.2115,0
3.015,2.014191E-06,45.225,0,3.015,7.385367E-06,45.225,0
3.0159,-7.721065E-06,45.2385,0,3.0159,-3.323415E-05,45.2385,0
3.0168,-1.846342E-05,45.252,0,3.0168,6.713969E-07,45.252,0
3.0177,-3.021286E-06,45.2655,0,3.0177,9.063859E-06,45.2655,0
3.0186,3.121996E-05,45.279,0,3.0186,-7.418937E-05,45.279,0
3.0195,-6.713969E-06,45.2925,0,3.0195,-6.378271E-05,45.2925,0
3.0204,1.376364E-05,45.306,0,3.0204,-1.644922E-05,45.306,0
3.0213,6.948959E-05,45.3195,0,3.0213,-7.586786E-05,45.3195,0
3.0222,5.270466E-05,45.333,0,3.0222,-9.365987E-05,45.333,0
3.0231,3.524834E-05,45.3465,0,3.0231,-6.948959E-05,45.3465,0
3.024,0.0001618067,45.36,0,3.024,-7.083238E-05,45.36,0
3.0249,0.0002225681,45.3735,0,3.0249,-4.632639E-05,45.3735,0
3.0258,7.418937E-05,45.387,0,3.0258,-5.169757E-05,45.387,0
3.0267,-2.887007E-05,45.4005,0,3.0267,-7.620356E-05,45.4005,0
3.0276,-2.383459E-05,45.414,0,3.0276,-6.57969E-05,45.414,0
3.0285,-5.270466E-05,45.4275,0,3.0285,-9.298848E-05,45.4275,0
3.0294,-6.009003E-05,45.441,0,3.0294,-9.164568E-05,45.441,0
3.0303,1.980621E-05,45.4545,0,3.0303,-2.887007E-05,45.4545,0
3.0312,-0.0001097734,45.468,0,3.0312,-6.378271E-05,45.468,0
3.0321,-0.0001030594,45.4815,0,3.0321,-8.795301E-05,45.4815,0
3.033,9.063859E-06,45.495,0,3.033,-1.040665E-05,45.495,0
3.0339,-7.721065E-06,45.5085,0,3.0339,-6.243992E-05,45.5085,0
3.0348,-6.243992E-05,45.522,0,3.0348,-0.0002467384,45.522,0
3.0357,-6.713969E-07,45.5355,0,3.0357,-0.0002007477,45.5355,0
3.0366,6.713969E-07,45.549,0,3.0366,-9.231708E-05,45.549,0
3.0375,0,45.5625,0,3.0375,0,45.5625,0
3.0384,0,45.576,0,3.0384,0,45.576,0
3.0393,0,45.5895,0,3.0393,0,45.5895,0
3.0402,0,45.603,0,3.0402,0,45.603,0
3.0411,0,45.6165,0,3.0411,0,45.6165,0
3.042,0,45.63,0,3.042,0,45.63,0
3.0429,0,45.6435,0,3.0429,0,45.6435,0
3.0438,0,45.657,0,3.0438,0,45.657,0
3.0447,0,45.6705,0,3.0447,0,45.6705,0
3.0456,0,45.684,0,3.0456,0,45.684,0
3.0465,0,45.6975,0,3.0465,0,45.6975,0
3.0474,0,45.711,0,3.0474,0,45.711,0
3.0483,0,45.7245,0,3.0483,0,45.7245,0
3.0492,0,45.738,0,3.0492,0,45.738,0
3.0501,0,45.7515,0,3.0501,0,45.7515,0
3.051,0,45.765,0,3.051,0,45.765,0
3.0519,0,45.7785,0,3.0519,0,45.7785,0
3.0528,0,45.792,0,3.0528,0,45.792,0
3.0537,0,45.8055,0,3.0537,0,45.8055,0
3.0546,0,45.819,0,3.0546,0,45.819,0
3.0555,0,45.8325,0,3.0555,0,45.8325,0
3.0564,0,45.846,0,3.0564,0,45.846,0
3.0573,0,45.8595,0,3.0573,0,45.8595,0
3.0582,0,45.873,0,3.0582,0,45.873,0
3.0591,0,45.8865,0,3.0591,0,45.8865,0
3.06,0,45.9,0,3.06,0,45.9,0
3.0609,0,45.9135,0,3.0609,0,45.9135,0
3.0618,0,45.927,0,3.0618,0,45.927,0
3.0627,0,45.9405,0,3.0627,0,45.9405,0
3.0636,0,45.954,0,3.0636,0,45.954,0
3.0645,0,45.9675,0,3.0645,0,45.9675,0
3.0654,0,45.981,0,3.0654,0,45.981,0
3.0663,0,45.9945,0,3.0663,0,45.9945,0
3.0672,0,46.008,0,3.0672,0,46.008,0
3.0681,0,46.0215,0,3.0681,0,46.0215,0
3.069,0,46.035,0,3.069,0,46.035,0
3.0699,0,46.0485,0,3.0699,0,46.0485,0
3.0708,0,46.062,0,3.0708,0,46.062,0
3.0717,0,46.0755,0,3.0717,0,46.0755,0
3.0726,0,46.089,0,3.0726,0,46.089,0
3.0735,0,46.1025,0,3.0735,0,46.1025,0
3.0744,0,46.116,0,3.0744,0,46.116,0
3.0753,0,46.1295,0,3.0753,0,46.1295,0
3.0762,0,46.143,0,3.0762,0,46.143,0
3.0771,0,46.1565,0,3.0771,0,46.1565,0
3.078,0,46.17,0,3.078,0,46.17,0
3.0789,0,46.1835,0,3.0789,0,46.1835,0
3.0798,0,46.197,0,3.0798,0,46.197,0
3.0807,0,46.2105,0,3.0807,0,46.2105,0
3.0816,0,46.224,0,3.0816,0,46.224,0
3.0825,0,46.2375,0,3.0825,0,46.2375,0
3.0834,0,46.251,0,3.0834,0,46.251,0
3.0843,0,46.2645,0,3.0843,0,46.2645,0
3.0852,0,46.278,0,3.0852,0,46.278,0
3.0861,0,46.2915,0,3.0861,0,46.2915,0
3.087,0,46.305,0,3.087,0,46.305,0
3.0879,0,46.3185,0,3.0879,0,46.3185,0
3.0888,0,46.332,0,3.0888,0,46.332,0
3.0897,0,46.3455,0,3.0897,0,46.3455,0
3.0906,0,46.359,0,3.0906,0,46.359,0
3.0915,0,46.3725,0,3.0915,0,46.3725,0
3.0924,0,46.386,0,3.0924,0,46.386,0
3.0933,0,46.3995,0,3.0933,0,46.3995,0
3.0942,0,46.413,0,3.0942,0,46.413,0
3.0951,0,46.4265,0,3.0951,0,46.4265,0
3.096,0,46.44,0,3.096,0,46.44,0
3.0969,0,46.4535,0,3.0969,0,46.4535,0
3.0978,0,46.467,0,3.0978,0,46.467,0
3.0987,0,46.4805,0,3.0987,0,46.4805,0
3.0996,0,46.494,0,3.0996,0,46.494,0
3.1005,0,46.5075,0,3.1005,0,46.5075,0
3.1014,0,46.521,0,3.1014,0,46.521,0
3.1023,0,46.5345,0,3.1023,0,46.5345,0
3.1032,0,46.548,0,3.1032,0,46.548,0
3.1041,0,46.5615,0,3.1041,0,46.5615,0
3.105,0,46.575,0,3.105,0,46.575,0
3.1059,0,46.5885,0,3.1059,0,46.5885,0
3.1068,0,46.602,0,3.1068,0,46.602,0
3.1077,0,46.6155,0,3.1077,0,46.6155,0
3.1086,0,46.629,0,3.1086,0,46.629,0
3.1095,0,46.6425,0,3.1095,0,46.6425,0
3.1104,0,46.656,0,3.1104,0,46.656,0
3.1113,0,46.6695,0,3.1113,0,46.6695,0
3.1122,0,46.683,0,3.1122,0,46.683,0
3.1131,0,46.6965,0,3.1131,0,46.6965,0
3.114,0,46.71,0,3.114,0,46.71,0
3.1149,0,46.7235,0,3.1149,0,46.7235,0
3.1158,0,46.737,0,3.1158,0,46.737,0
3.1167,0,46.7505,0,3.1167,0,46.7505,0
3.1176,0,46.764,0,3.1176,0,46.764,0
3.1185,0,46.7775,0,3.1185,0,46.7775,0
3.1194,0,46.791,0,3.1194,0,46.791,0
3.1203,0,46.8045,0,3.1203,0,46.8045,0
3.1212,0,46.818,0,3.1212,0,46.818,0
3.1221,0,46.8315,0,3.1221,0,46.8315,0
3.123,0,46.845,0,3.123,0,46.845,0
3.1239,0,46.8585,0,3.1239,0,46.8585,0
3.1248,0,46.872,0,3.1248,0,46.872,0
3.1257,0,46.8855,0,3.1257,0,46.8855,0
3.1266,0,46.899,0,3.1266,0,46.899,0
3.1275,0,46.9125,0,3.1275,0,46.9125,0
3.1284,0,46.926,0,3.1284,0,46.926,0
3.1293,0,46.9395,0,3.1293,0,46.9395,0
3.1302,0,46.953,0,3.1302,0,46.953,0
3.1311,0,46.9665,0,3.1311,0,46.9665,0
3.132,0,46.98,0,3.132,0,46.98,0
3.1329,0,46.9935,0,3.1329,0,46.9935,0
3.1338,0,47.007,0,3.1338,0,47.007,0
3.1347,0,47.0205,0,3.1347,0,47.0205,0
3.1356,0,47.034,0,3.1356,0,47.034,0
3.1365,0,47.0475,0,3.1365,0,47.0475,0
3.1374,0,47.061,0,3.1374,0,47.061,0
3.1383,0,47.0745,0,3.1383,0,47.0745,0
3.1392,0,47.088,0,3.1392,0,47.088,0
3.1401,0,47.1015,0,3.1401,0,47.1015,0
3.141,0,47.115,0,3.141,0,47.115,0
3.1419,0,47.1285,0,3.1419,0,47.1285,0
3.1428,0,47.142,0,3.1428,0,47.142,0
3.1437,0,47.1555,0,3.1437,0,47.1555,0
3.1446,0,47.169,0,3.1446,0,47.169,0
3.1455,0,47.1825,0,3.1455,0,47.1825,0
3.1464,0,47.196,0,3.1464,0,47.196,0
3.1473,0,47.2095,0,3.1473,0,47.2095,0
3.1482,0,47.223,0,3.1482,0,47.223,0
3.1491,0,47.2365,0,3.1491,0,47.2365,0
3.15,0,47.25,0,3.15,0,47.25,0
3.1509,0,47.2635,0,3.1509,0,47.2635,0
3.1518,0,47.277,0,3.1518,0,47.277,0
3.1527,0,47.2905,0,3.1527,0,47.2905,0
3.1536,0,47.304,0,3.1536,0,47.304,0
3.1545,0,47.3175,0,3.1545,0,47.3175,0
3.1554,0,47.331,0,3.1554,0,47.331,0
3.1563,0,47.3445,0,3.1563,0,47.3445,0
3.1572,0,47.358,0,3.1572,0,47.358,0
3.1581,0,47.3715,0,3.1581,0,47.3715,0
3.159,0,47.385,0,3.159,0,47.385,0
3.1599,0,47.3985,0,3.1599,0,47.3985,0
3.1608,0,47.412,0,3.1608,0,47.412,0
3.1617,0,47.4255,0,3.1617,0,47.4255,0
3.1626,0,47.439,0,3.1626,0,47.439,0
3.1635,0,47.4525,0,3.1635,0,47.4525,0
3.1644,0,47.466,0,3.1644,0,47.466,0
3.1653,0,47.4795,0,3.1653,0,47.4795,0
3.1662,0,47.493,0,3.1662,0,47.493,0
3.1671,0,47.5065,0,3.1671,0,47.5065,0
3.168,0,47.52,0,3.168,0,47.52,0
3.1689,0,47.5335,0,3.1689,0,47.5335,0
3.1698,0,47.547,0,3.1698,0,47.547,0
3.1707,0,47.5605,0,3.1707,0,47.5605,0
3.1716,0,47.574,0,3.1716,0,47.574,0
3.1725,0,47.5875,0,3.1725,0,47.5875,0
3.1734,0,47.601,0,3.1734,0,47.601,0
3.1743,0,47.6145,0,3.1743,0,47.6145,0
3.1752,0,47.628,0,3.1752,0,47.628,0
3.1761,0,47.6415,0,3.1761,0,47.6415,0
3.177,0,47.655,0,3.177,0,47.655,0
3.1779,0,47.6685,0,3.1779,0,47.6685,0
3.1788,0,47.682,0,3.1788,0,47.682,0
3.1797,0,47.6955,0,3.1797,0,47.6955,0
3.1806,0,47.709,0,3.1806,0,47.709,0
3.1815,0,47.7225,0,3.1815,0,47.7225,0
3.1824,0,47.736,0,3.1824,0,47.736,0
3.1833,0,47.7495,0,3.1833,0,47.7495,0
3.1842,0,47.763,0,3.1842,0,47.763,0
3.1851,0,47.7765,0,3.1851,0,47.7765,0
3.186,0,47.79,0,3.186,0,47.79,0
3.1869,0,47.8035,0,3.1869,0,47.8035,0
3.1878,0,47.817,0,3.1878,0,47.817,0
3.1887,0,47.8305,0,3.1887,0,47.8305,0
3.1896,0,47.844,0,3.1896,0,47.844,0
3.1905,0,47.8575,0,3.1905,0,47.8575,0
3.1914,0,47.871,0,3.1914,0,47.871,0
3.1923,0,47.8845,0,3.1923,0,47.8845,0
3.1932,0,47.898,0,3.1932,0,47.898,0
3.1941,0,47.9115,0,3.1941,0,47.9115,0
3.195,0,47.925,0,3.195,0,47.925,0
3.1959,0,47.9385,0,3.1959,0,47.9385,0
3.1968,0,47.952,0,3.1968,0,47.952,0
3.1977,0,47.9655,0,3.1977,0,47.9655,0
3.1986,0,47.979,0,3.1986,0,47.979,0
3.1995,0,47.9925,0,3.1995,0,47.9925,0
3.2004,0,48.006,0,3.2004,0,48.006,0
3.2013,0,48.0195,0,3.2013,0,48.0195,0
3.2022,0,48.033,0,3.2022,0,48.033,0
3.2031,0,48.0465,0,3.2031,0,48.0465,0
3.204,0,48.06,0,3.204,0,48.06,0
3.2049,0,48.0735,0,3.2049,0,48.0735,0
3.2058,0,48.087,0,3.2058,0,48.087,0
3.2067,0,48.1005,0,3.2067,0,48.1005,0
3.2076,0,48.114,0,3.2076,0,48.114,0
3.2085,0,48.1275,0,3.2085,0,48.1275,0
3.2094,0,48.141,0,3.2094,0,48.141,0
3.2103,0,48.1545,0,3.2103,0,48.1545,0
3.2112,0,48.168,0,3.2112,0,48.168,0
3.2121,0,48.1815,0,3.2121,0,48.1815,0
3.213,0,48.195,0,3.213,0,48.195,0
3.2139,0,48.2085,0,3.2139,0,48.2085,0
3.2148,0,48.222,0,3.2148,0,48.222,0
3.2157,0,48.2355,0,3.2157,0,48.2355,0
3.2166,0,48.249,0,3.2166,0,48.249,0
3.2175,0,48.2625,0,3.2175,0,48.2625,0
3.2184,0,48.276,0,3.2184,0,48.276,0
3.2193,0,48.2895,0,3.2193,0,48.2895,0
3.2202,0,48.303,0,3.2202,0,48.303,0
3.2211,0,48.3165,0,3.2211,0,48.3165,0
3.222,0,48.33,0,3.222,0,48.33,0
3.2229,0,48.3435,0,3.2229,0,48.3435,0
3.2238,0,48.357,0,3.2238,0,48.357,0
3.2247,0,48.3705,0,3.2247,0,48.3705,0
3.2256,0,48.384,0,3.2256,0,48.384,0
3.2265,0,48.3975,0,3.2265,0,48.3975,0
3.2274,0,48.411,0,3.2274,0,48.411,0
3.2283,0,48.4245,0,3.2283,0,48.4245,0
3.2292,0,48.438,0,3.2292,0,48.438,0
3.2301,0,48.4515,0,3.2301,0,48.4515,0
3.231,0,48.465,0,3.231,0,48.465,0
3.2319,0,48.4785,0,3.2319,0,48.4785,0
3.2328,0,48.492,0,3.2328,0,48.492,0
3.2337,0,48.5055,0,3.2337,0,48.5055,0
3.2346,0,48.519,0,3.2346,0,48.519,0
3.2355,0,48.5325,0,3.2355,0,48.5325,0
3.2364,0,48.546,0,3.2364,0,48.546,0
3.2373,0,48.5595,0,3.2373,0,48.5595,0
3.2382,0,48.573,0,3.2382,0,48.573,0
3.2391,0,48.5865,0,3.2391,0,48.5865,0
3.24,0,48.6,0,3.24,0,48.6,0
3.2409,0,48.6135,0,3.2409,0,48.6135,0
3.2418,0,48.627,0,3.2418,0,48.627,0
3.2427,0,48.6405,0,3.2427,0,48.6405,0
3.2436,0,48.654,0,3.2436,0,48.654,0
3.2445,0,48.6675,0,3.2445,0,48.6675,0
3.2454,0,48.681,0,3.2454,0,48.681,0
3.2463,0,48.6945,0,3.2463,0,48.6945,0
3.2472,0,48.708,0,3.2472,0,48.708,0
3.2481,0,48.7215,0,3.2481,0,48.7215,0
3.249,0,48.735,0,3.249,0,48.735,0
3.2499,0,48.7485,0,3.2499,0,48.7485,0
3.2508,0,48.762,0,3.2508,0,48.762,0
3.2517,0,48.7755,0,3.2517,0,48.7755,0
3.2526,0,48.789,0,3.2526,0,48.789,0
3.2535,0,48.8025,0,3.2535,0,48.8025,0
3.2544,0,48.816,0,3.2544,0,48.816,0
3.2553,0,48.8295,0,3.2553,0,48.8295,0
3.2562,0,48.843,0,3.2562,0,48.843,0
3.2571,0,48.8565,0,3.2571,0,48.8565,0
3.258,0,48.87,0,3.258,0,48.87,0
3.2589,0,48.8835,0,3.2589,0,48.8835,0
3.2598,0,48.897,0,3.2598,0,48.897,0
3.2607,0,48.9105,0,3.2607,0,48.9105,0
3.2616,0,48.924,0,3.2616,0,48.924,0
3.2625,0,48.9375,0,3.2625,0,48.9375,0
3.2634,0,48.951,0,3.2634,0,48.951,0
3.2643,0,48.9645,0,3.2643,0,48.9645,0
3.2652,0,48.978,0,3.2652,0,48.978,0
3.2661,0,48.9915,0,3.2661,0,48.9915,0
3.267,0,49.005,0,3.267,0,49.005,0
3.2679,0,49.0185,0,3.2679,0,49.0185,0
3.2688,0,49.032,0,3.2688,0,49.032,0
3.2697,0,49.0455,0,3.2697,0,49.0455,0
3.2706,0,49.059,0,3.2706,0,49.059,0
3.2715,0,49.0725,0,3.2715,0,49.0725,0
3.2724,0,49.086,0,3.2724,0,49.086,0
3.2733,0,49.0995,0,3.2733,0,49.0995,0
3.2742,0,49.113,0,3.2742,0,49.113,0
3.2751,0,49.1265,0,3.2751,0,49.1265,0
3.276,0,49.14,0,3.276,0,49.14,0
3.2769,0,49.1535,0,3.2769,0,49.1535,0
3.2778,0,49.167,0,3.2778,0,49.167,0
3.2787,0,49.1805,0,3.2787,0,49.1805,0
3.2796,0,49.194,0,3.2796,0,49.194,0
3.2805,0,49.2075,0,3.2805,0,49.2075,0
3.2814,0,49.221,0,3.2814,0,49.221,0
3.2823,0,49.2345,0,3.2823,0,49.2345,0
3.2832,0,49.248,0,3.2832,0,49.248,0
3.2841,0,49.2615,0,3.2841,0,49.2615,0
3.285,0,49.275,0,3.285,0,49.275,0
3.2859,0,49.2885,0,3.2859,0,49.2885,0
3.2868,0,49.302,0,3.2868,0,49.302,0
3.2877,0,49.3155,0,3.2877,0,49.3155,0
3.2886,0,49.329,0,3.2886,0,49.329,0
3.2895,0,49.3425,0,3.2895,0,49.3425,0
3.2904,0,49.356,0,3.2904,0,49.356,0
3.2913,0,49.3695,0,3.2913,0,49.3695,0
3.2922,0,49.383,0,3.2922,0,49.383,0
3.2931,0,49.3965,0,3.2931,0,49.3965,0
3.294,0,49.41,0,3.294,0,49.41,0
3.2949,0,49.4235,0,3.2949,0,49.4235,0
3.2958,0,49.437,0,3.2958,0,49.437,0
3.2967,0,49.4505,0,3.2967,0,49.4505,0
3.2976,0,49.464,0,3.2976,0,49.464,0
3.2985,0,49.4775,0,3.2985,0,49.4775,0
3.2994,0,49.491,0,3.2994,0,49.491,0
3.3003,0,49.5045,0,3.3003,0,49.5045,0
3.3012,0,49.518,0,3.3012,0,49.518,0
3.3021,0,49.5315,0,3.3021,0,49.5315,0
3.303,0,49.545,0,3.303,0,49.545,0
3.3039,0,49.5585,0,3.3039,0,49.5585,0
3.3048,0,49.572,0,3.3048,0,49.572,0
3.3057,0,49.5855,0,3.3057,0,49.5855,0
3.3066,0,49.599,0,3.3066,0,49.599,0
3.3075,0,49.6125,0,3.3075,0,49.6125,0
3.3084,0,49.626,0,3.3084,0,49.626,0
3.3093,0,49.6395,0,3.3093,0,49.6395,0
3.3102,0,49.653,0,3.3102,0,49.653,0
3.3111,0,49.6665,0,3.3111,0,49.6665,0
3.312,0,49.68,0,3.312,0,49.68,0
3.3129,0,49.6935,0,3.3129,0,49.6935,0
3.3138,0,49.707,0,3.3138,0,49.707,0
3.3147,0,49.7205,0,3.3147,0,49.7205,0
3.3156,0,49.734,0,3.3156,0,49.734,0
3.3165,0,49.7475,0,3.3165,0,49.7475,0
3.3174,0,49.761,0,3.3174,0,49.761,0
3.3183,0,49.7745,0,3.3183,0,49.7745,0
3.3192,0,49.788,0,3.3192,0,49.788,0
3.3201,0,49.8015,0,3.3201,0,49.8015,0
3.321,0,49.815,0,3.321,0,49.815,0
3.3219,0,49.8285,0,3.3219,0,49.8285,0
3.3228,0,49.842,0,3.3228,0,49.842,0
3.3237,0,49.8555,0,3.3237,0,49.8555,0
3.3246,0,49.869,0,3.3246,0,49.869,0
3.3255,0,49.8825,0,3.3255,0,49.8825,0
3.3264,0,49.896,0,3.3264,0,49.896,0
3.3273,0,49.9095,0,3.3273,0,49.9095,0
3.3282,0,49.923,0,3.3282,0,49.923,0
3.3291,0,49.9365,0,3.3291,0,49.9365,0
3.33,0,49.95,0,3.33,0,49.95,0
3.3309,0,49.9635,0,3.3309,0,49.9635,0
3.3318,0,49.977,0,3.3318,0,49.977,0
3.3327,0,49.9905,0,3.3327,0,49.9905,0
3.3336,0,50.004,0,3.3336,0,50.004,0
3.3345,0,50.0175,0,3.3345,0,50.0175,0
3.3354,0,50.031,0,3.3354,0,50.031,0
3.3363,0,50.0445,0,3.3363,0,50.0445,0
3.3372,0,50.058,0,3.3372,0,50.058,0
3.3381,0,50.0715,0,3.3381,0,50.0715,0
3.339,0,50.085,0,3.339,0,50.085,0
3.3399,0,50.0985,0,3.3399,0,50.0985,0
3.3408,0,50.112,0,3.3408,0,50.112,0
3.3417,0,50.1255,0,3.3417,0,50.1255,0
3.3426,0,50.139,0,3.3426,0,50.139,0
3.3435,0,50.1525,0,3.3435,0,50.1525,0
3.3444,0,50.166,0,3.3444,0,50.166,0
3.3453,0,50.1795,0,3.3453,0,50.1795,0
3.3462,0,50.193,0,3.3462,0,50.193,0
3.3471,0,50.2065,0,3.3471,0,50.2065,0
3.348,0,50.22,0,3.348,0,50.22,0
3.3489,0,50.2335,0,3.3489,0,50.2335,0
3.3498,0,50.247,0,3.3498,0,50.247,0
3.3507,0,50.2605,0,3.3507,0,50.2605,0
3.3516,0,50.274,0,3.3516,0,50.274,0
3.3525,0,50.2875,0,3.3525,0,50.2875,0
3.3534,0,50.301,0,3.3534,0,50.301,0
3.3543,0,50.3145,0,3.3543,0,50.3145,0
3.3552,0,50.328,0,3.3552,0,50.328,0
3.3561,0,50.3415,0,3.3561,0,50.3415,0
3.357,0,50.355,0,3.357,0,50.355,0
3.3579,0,50.3685,0,3.3579,0,50.3685,0
3.3588,0,50.382,0,3.3588,0,50.382,0
3.3597,0,50.3955,0,3.3597,0,50.3955,0
3.3606,0,50.409,0,3.3606,0,50.409,0
3.3615,0,50.4225,0,3.3615,0,50.4225,0
3.3624,0,50.436,0,3.3624,0,50.436,0
3.3633,0,50.4495,0,3.3633,0,50.4495,0
3.3642,0,50.463,0,3.3642,0,50.463,0
3.3651,0,50.4765,0,3.3651,0,50.4765,0
3.366,0,50.49,0,3.366,0,50.49,0
3.3669,0,50.5035,0,3.3669,0,50.5035,0
3.3678,0,50.517,0,3.3678,0,50.517,0
3.3687,0,50.5305,0,3.3687,0,50.5305,0
3.3696,0,50.544,0,3.3696,0,50.544,0
3.3705,0,50.5575,0,3.3705,0,50.5575,0
3.3714,0,50.571,0,3.3714,0,50.571,0
3.3723,0,50.5845,0,3.3723,0,50.5845,0
3.3732,0,50.598,0,3.3732,0,50.598,0
3.3741,0,50.6115,0,3.3741,0,50.6115,0
3.375,0,50.625,0,3.375,0,50.625,0
3.3759,0,50.6385,0,3.3759,0,50.6385,0
3.3768,0,50.652,0,3.3768,0,50.652,0
3.3777,0,50.6655,0,3.3777,0,50.6655,0
3.3786,0,50.679,0,3.3786,0,50.679,0
3.3795,0,50.6925,0,3.3795,0,50.6925,0
3.3804,0,50.706,0,3.3804,0,50.706,0
3.3813,0,50.7195,0,3.3813,0,50.7195,0
3.3822,0,50.733,0,3.3822,0,50.733,0
3.3831,0,50.7465,0,3.3831,0,50.7465,0
3.384,0,50.76,0,3.384,0,50.76,0
3.3849,0,50.7735,0,3.3849,0,50.7735,0
3.3858,0,50.787,0,3.3858,0,50.787,0
3.3867,0,50.8005,0,3.3867,0,50.8005,0
3.3876,0,50.814,0,3.3876,0,50.814,0
3.3885,0,50.8275,0,3.3885,0,50.8275,0
3.3894,0,50.841,0,3.3894,0,50.841,0
3.3903,0,50.8545,0,3.3903,0,50.8545,0
3.3912,0,50.868,0,3.3912,0,50.868,0
3.3921,0,50.8815,0,3.3921,0,50.8815,0
3.393,0,50.895,0,3.393,0,50.895,0
3.3939,0,50.9085,0,3.3939,0,50.9085,0
3.3948,0,50.922,0,3.3948,0,50.922,0
3.3957,0,50.9355,0,3.3957,0,50.9355,0
3.3966,0,50.949,0,3.3966,0,50.949,0
3.3975,0,50.9625,0,3.3975,0,50.9625,0
3.3984,0,50.976,0,3.3984,0,50.976,0
3.3993,0,50.9895,0,3.3993,0,50.9895,0
3.4002,0,51.003,0,3.4002,0,51.003,0
3.4011,0,51.0165,0,3.4011,0,51.0165,0
3.402,0,51.03,0,3.402,0,51.03,0
3.4029,0,51.0435,0,3.4029,0,51.0435,0
3.4038,0,51.057,0,3.4038,0,51.057,0
3.4047,0,51.0705,0,3.4047,0,51.0705,0
3.4056,0,51.084,0,3.4056,0,51.084,0
3.4065,0,51.0975,0,3.4065,0,51.0975,0
3.4074,0,51.111,0,3.4074,0,51.111,0
3.4083,0,51.1245,0,3.4083,0,51.1245,0
3.4092,0,51.138,0,3.4092,0,51.138,0
3.4101,0,51.1515,0,3.4101,0,51.1515,0
3.411,0,51.165,0,3.411,0,51.165,0
3.4119,0,51.1785,0,3.4119,0,51.1785,0
3.4128,0,51.192,0,3.4128,0,51.192,0
3.4137,0,51.2055,0,3.4137,0,51.2055,0
3.4146,0,51.219,0,3.4146,0,51.219,0
3.4155,0,51.2325,0,3.4155,0,51.2325,0
3.4164,0,51.246,0,3.4164,0,51.246,0
3.4173,0,51.2595,0,3.4173,0,51.2595,0
3.4182,0,51.273,0,3.4182,0,51.273,0
3.4191,0,51.2865,0,3.4191,0,51.2865,0
3.42,0,51.3,0,3.42,0,51.3,0
3.4209,0,51.3135,0,3.4209,0,51.3135,0
3.4218,0,51.327,0,3.4218,0,51.327,0
3.4227,0,51.3405,0,3.4227,0,51.3405,0
3.4236,0,51.354,0,3.4236,0,51.354,0
3.4245,0,51.3675,0,3.4245,0,51.3675,0
3.4254,0,51.381,0,3.4254,0,51.381,0
3.4263,0,51.3945,0,3.4263,0,51.3945,0
3.4272,0,51.408,0,3.4272,0,51.408,0
3.4281,0,51.4215,0,3.4281,0,51.4215,0
3.429,0,51.435,0,3.429,0,51.435,0
3.4299,0,51.4485,0,3.4299,0,51.4485,0
3.4308,0,51.462,0,3.4308,0,51.462,0
3.4317,0,51.4755,0,3.4317,0,51.4755,0
3.4326,0,51.489,0,3.4326,0,51.489,0
3.4335,0,51.5025,0,3.4335,0,51.5025,0
3.4344,0,51.516,0,3.4344,0,51.516,0
3.4353,0,51.5295,0,3.4353,0,51.5295,0
3.4362,0,51.543,0,3.4362,0,51.543,0
3.4371,0,51.5565,0,3.4371,0,51.5565,0
3.438,0,51.57,0,3.438,0,51.57,0
3.4389,0,51.5835,0,3.4389,0,51.5835,0
3.4398,0,51.597,0,3.4398,0,51.597,0
3.4407,0,51.6105,0,3.4407,0,51.6105,0
3.4416,0,51.624,0,3.4416,0,51.624,0
3.4425,0,51.6375,0,3.4425,0,51.6375,0
3.4434,0,51.651,0,3.4434,0,51.651,0
3.4443,0,51.6645,0,3.4443,0,51.6645,0
3.4452,0,51.678,0,3.4452,0,51.678,0
3.4461,0,51.6915,0,3.4461,0,51.6915,0
3.447,0,51.705,0,3.447,0,51.705,0
3.4479,0,51.7185,0,3.4479,0,51.7185,0
3.4488,0,51.732,0,3.4488,0,51.732,0
3.4497,0,51.7455,0,3.4497,0,51.7455,0
3.4506,0,51.759,0,3.4506,0,51.759,0
3.4515,0,51.7725,0,3.4515,0,51.7725,0
3.4524,0,51.786,0,3.4524,0,51.786,0
3.4533,0,51.7995,0,3.4533,0,51.7995,0
3.4542,0,51.813,0,3.4542,0,51.813,0
3.4551,0,51.8265,0,3.4551,0,51.8265,0
3.456,0,51.84,0,3.456,0,51.84,0
3.4569,0,51.8535,0,3.4569,0,51.8535,0
3.4578,0,51.867,0,3.4578,0,51.867,0
3.4587,0,51.8805,0,3.4587,0,51.8805,0
3.4596,0,51.894,0,3.4596,0,51.894,0
3.4605,0,51.9075,0,3.4605,0,51.9075,0
3.4614,0,51.921,0,3.4614,0,51.921,0
3.4623,0,51.9345,0,3.4623,0,51.9345,0
3.4632,0,51.948,0,3.4632,0,51.948,0
3.4641,0,51.9615,0,3.4641,0,51.9615,0
3.465,0,51.975,0,3.465,0,51.975,0
3.4659,0,51.9885,0,3.4659,0,51.9885,0
3.4668,0,52.002,0,3.4668,0,52.002,0
3.4677,0,52.0155,0,3.4677,0,52.0155,0
3.4686,0,52.029,0,3.4686,0,52.029,0
3.4695,0,52.0425,0,3.4695,0,52.0425,0
3.4704,0,52.056,0,3.4704,0,52.056,0
3.4713,0,52.0695,0,3.4713,0,52.0695,0
3.4722,0,52.083,0,3.4722,0,52.083,0
3.4731,0,52.0965,0,3.4731,0,52.0965,0
3.474,0,52.11,0,3.474,0,52.11,0
3.4749,0,52.1235,0,3.4749,0,52.1235,0
3.4758,0,52.137,0,3.4758,0,52.137,0
3.4767,0,52.1505,0,3.4767,0,52.1505,0
3.4776,0,52.164,0,3.4776,0,52.164,0
3.4785,0,52.1775,0,3.4785,0,52.1775,0
3.4794,0,52.191,0,3.4794,0,52.191,0
3.4803,0,52.2045,0,3.4803,0,52.2045,0
3.4812,0,52.218,0,3.4812,0,52.218,0
3.4821,0,52.2315,0,3.4821,0,52.2315,0
3.483,0,52.245,0,3.483,0,52.245,0
3.4839,0,52.2585,0,3.4839,0,52.2585,0
3.4848,0,52.272,0,3.4848,0,52.272,0
3.4857,0,52.2855,0,3.4857,0,52.2855,0
3.4866,0,52.299,0,3.4866,0,52.299,0
3.4875,0,52.3125,0,3.4875,0,52.3125,0
3.4884,0,52.326,0,3.4884,0,52.326,0
3.4893,0,52.3395,0,3.4893,0,52.3395,0
3.4902,0,52.353,0,3.4902,0,52.353,0
3.4911,0,52.3665,0,3.4911,0,52.3665,0
3.492,0,52.38,0,3.492,0,52.38,0
3.4929,0,52.3935,0,3.4929,0,52.3935,0
3.4938,0,52.407,0,3.4938,0,52.407,0
3.4947,0,52.4205,0,3.4947,0,52.4205,0
3.4956,0,52.434,0,3.4956,0,52.434,0
