X[s],"Trigno IM sensor 3: EMG 3 (IM)",X[s],"Trigno IM sensor 3: Mag 3.Z (IM)",X[s],"Trigno IM sensor 4: EMG 4 (IM)",X[s],"Trigno IM sensor 4: Mag 4.Z (IM)"
0.000000,-0.000130251,0.000000,46,0.000000,0.0002665446,0.000000,101
0.0009,-5.035477E-05,0.0135,49,0.0009,0.0003736324,0.0135,104
0.0018,9.735256E-05,0.027,47,0.0018,0.0003578546,0.027,98
0.0027,8.157473E-05,0.0405,48,0.0027,0.0002051118,0.0405,102
0.0036,-5.941863E-05,0.054,48,0.0036,8.761731E-05,0.054,100
0.0045,-8.89601E-05,0.0675,48,0.0045,6.076142E-05,0.0675,103
0.0054,-4.867628E-05,0.081,47,0.0054,3.256275E-05,0.081,99
0.0063,6.042573E-06,0.0945,47,0.0063,-2.047761E-05,0.0945,102
0.0072,4.733349E-05,0.108,48,0.0072,-8.82887E-05,0.108,98
0.0081,-1.913481E-05,0.1215,49,0.0081,-0.0001554284,0.1215,100
0.009000001,-9.600977E-05,0.135,47,0.009000001,-0.0001198444,0.135,104
0.0099,-5.136187E-05,0.1485,48,0.0099,-6.78111E-05,0.1485,102
0.0108,2.652018E-05,0.162,47,0.0108,-0.0001117876,0.162,99
0.0117,-0.0001208515,0.1755,47,0.0117,-0.000278294,0.1755,101
0.0126,-0.0001198444,0.189,47,0.0126,-0.00033402,0.189,99
0.0135,6.478981E-05,0.2025,46,0.0135,-0.0001896696,0.2025,100
0.0144,0.0001681849,0.216,47,0.0144,-0.0001520714,0.216,100
0.0153,9.164568E-05,0.2295,47,0.0153,-9.869535E-05,0.2295,98
0.0162,-1.678492E-05,0.243,46,0.0162,6.076142E-05,0.243,98
0.0171,-0.0001332723,0.2565,48,0.0171,0.0001900053,0.2565,101
0.018,-5.874724E-05,0.27,47,0.018,0.0001393149,0.27,99
0.0189,6.143282E-05,0.2835,47,0.0189,4.733349E-05,0.2835,101
0.0198,4.43122E-05,0.297,47,0.0198,7.855344E-05,0.297,106
0.0207,1.107805E-05,0.3105,48,0.0207,0.0001134661,0.3105,99
0.0216,2.24918E-05,0.324,47,0.0216,2.819867E-05,0.324,100
0.0225,2.987716E-05,0.3375,48,0.0225,-5.035477E-06,0.3375,99
0.0234,-5.035477E-06,0.351,49,0.0234,1.812772E-05,0.351,99
0.0243,-4.49836E-05,0.3645,48,0.0243,1.947051E-05,0.3645,98
0.0252,-0.0001514,0.378,49,0.0252,1.980621E-05,0.378,101
0.0261,-0.0001876554,0.3915,46,0.0261,-9.399558E-06,0.3915,100
0.027,-0.0001507286,0.405,48,0.027,-3.457694E-05,0.405,101
0.0279,-1.510643E-05,0.4185,48,0.0279,-3.994812E-05,0.4185,103
0.0288,-5.270466E-05,0.432,47,0.0288,-0.0001040665,0.432,101
0.0297,-0.0001675135,0.4455,48,0.0297,-0.000190341,0.4455,100
0.0306,-0.0001010452,0.459,48,0.0306,-0.0001668421,0.459,102
0.0315,-9.399557E-05,0.4725,48,0.0315,-0.0001923552,0.4725,103
0.0324,-2.652018E-05,0.486,48,0.0324,4.061952E-05,0.486,103
0.0333,-3.793393E-05,0.4995,48,0.0333,0.0002138399,0.4995,101
0.0342,2.484169E-05,0.513,48,0.0342,0.0001651637,0.513,97
0.0351,7.687495E-05,0.5265,47,0.0351,1.242084E-05,0.5265,101
0.036,3.189136E-05,0.54,47,0.036,-1.678492E-06,0.54,100
0.0369,4.39765E-05,0.5535,46,0.0369,5.035477E-06,0.5535,102
0.0378,4.599069E-05,0.567,46,0.0378,7.788205E-05,0.567,103
0.0387,1.577783E-05,0.5805,46,0.0387,7.888914E-05,0.5805,99
0.0396,8.090334E-05,0.594,46,0.0396,-4.766919E-05,0.594,102
0.0405,0.0001205158,0.6075,47,0.0405,-0.0001362936,0.6075,98
0.0414,7.418937E-05,0.621,46,0.0414,-0.0001839628,0.621,102
0.0423,1.510643E-05,0.6345,45,0.0423,-0.000207126,0.6345,100
0.0432,1.980621E-05,0.648,46,0.0432,-0.0001366293,0.648,98
0.0441,3.424125E-05,0.6615,48,0.0441,-9.701686E-05,0.6615,104
0.045,2.014191E-05,0.675,47,0.045,-0.0003132067,0.675,103
0.0459,-1.510643E-05,0.6885,46,0.0459,-0.000415259,0.6885,103
0.0468,-8.627451E-05,0.702,45,0.0468,-0.0003091783,0.702,101
0.0477,-1.342794E-05,0.7155,45,0.0477,-0.0001097734,0.7155,103
0.0486,9.768826E-05,0.729,44,0.0486,0.0001842985,0.729,103
0.0495,4.53193E-05,0.7425,44,0.0495,0.0003669185,0.7425,98
0.0504,0.0001003738,0.756,45,0.0504,0.000460914,0.756,100
0.0513,2.383459E-05,0.7695,46,0.0513,0.0003863889,0.7695,100
0.0522,-0.0001292439,0.783,45,0.0522,0.0003048142,0.783,102
0.0531,-0.0001218585,0.7965,45,0.0531,0.0001631495,0.7965,101
0.054,0.0001205158,0.81,46,0.054,7.351797E-05,0.81,102
0.0549,0.0001319295,0.8235,46,0.0549,7.620356E-05,0.8235,100
0.0558,3.121996E-05,0.837,46,0.0558,-1.980621E-05,0.837,99
0.0567,-4.39765E-05,0.8505,46,0.0567,-5.270466E-05,0.8505,100
0.0576,-5.001907E-05,0.864,46,0.0576,-4.599069E-05,0.864,103
0.0585,-7.284657E-05,0.8775,45,0.0585,-2.853437E-05,0.8775,102
0.0594,-3.256275E-05,0.891,45,0.0594,-4.028382E-05,0.891,101
0.0603,-1.309224E-05,0.9045,44,0.0603,-2.584878E-05,0.9045,103
0.0612,-6.6804E-05,0.918,46,0.0612,-5.505455E-05,0.918,101
0.0621,-9.903105E-05,0.9315,45,0.0621,-9.936675E-05,0.9315,101
0.063,-0.0002245823,0.945,46,0.063,-0.0001248798,0.945,102
0.0639,-0.0002457313,0.9585,45,0.0639,-9.970245E-05,0.9585,102
0.0648,-3.659113E-05,0.972,45,0.0648,-0.0001070878,0.972,102
0.0657,0.000249424,0.9855,45,0.0657,-4.39765E-05,0.9855,100
0.0666,0.0002903792,0.999,46,0.0666,6.143282E-05,0.999,101
0.0675,0.0002386816,1.0125,46,0.0675,1.846342E-05,1.0125,103
0.0684,0.0001319295,1.026,47,0.0684,3.558404E-05,1.026,104
0.0693,8.493171E-05,1.0395,46,0.0693,-4.666209E-05,1.0395,98
0.0702,-1.678492E-06,1.053,45,0.0702,-6.143282E-05,1.053,103
0.0711,-4.666209E-05,1.0665,46,0.0711,-6.378271E-06,1.0665,103
0.072,-4.39765E-05,1.08,45,0.072,7.217517E-05,1.08,100
0.0729,-5.270466E-05,1.0935,44,0.0729,3.121996E-05,1.0935,103
0.07380001,-5.270466E-05,1.107,45,0.07380001,1.779202E-05,1.107,103
0.07470001,-4.36408E-06,1.1205,45,0.07470001,-8.291753E-05,1.1205,102
0.0756,-1.644922E-05,1.134,46,0.0756,-0.0001661708,1.134,99
0.0765,-5.337606E-05,1.1475,46,0.0765,-9.567407E-05,1.1475,101
0.0774,-5.035477E-05,1.161,46,0.0774,-3.390555E-05,1.161,103
0.0783,3.457694E-05,1.1745,47,0.0783,-3.021286E-05,1.1745,100
0.0792,7.150377E-05,1.188,48,0.0792,-0.0001332723,1.188,101
0.0801,-1.242084E-05,1.2015,48,0.0801,-0.0001379721,1.2015,97
0.081,1.443504E-05,1.215,48,0.081,-0.0001138018,1.215,100
0.0819,1.980621E-05,1.2285,48,0.0819,-0.0001631495,1.2285,100
0.0828,-1.913481E-05,1.242,48,0.0828,-0.0001426719,1.242,101
0.0837,-7.351797E-05,1.2555,48,0.0837,1.443504E-05,1.2555,100
0.0846,-0.0001795987,1.269,48,0.0846,7.586786E-05,1.269,101
0.0855,-9.265278E-05,1.2825,48,0.0855,-1.275654E-05,1.2825,101
0.0864,5.035477E-06,1.296,49,0.0864,-4.263371E-05,1.296,97
0.0873,-3.256275E-05,1.3095,49,0.0873,5.337606E-05,1.3095,97
0.0882,2.1149E-05,1.323,49,0.0882,-2.014191E-06,1.323,101
0.0891,0.0001279011,1.3365,50,0.0891,-7.016098E-05,1.3365,100
0.09,8.795301E-05,1.35,50,0.09,8.157473E-05,1.35,99
0.0909,9.433127E-05,1.3635,48,0.0909,-7.116808E-05,1.3635,102
0.0918,1.812772E-05,1.377,49,0.0918,-0.0003501335,1.377,100
0.0927,-0.0001144732,1.3905,49,0.0927,-0.0003316701,1.3905,102
0.0936,-0.0001349508,1.404,49,0.0936,-0.0002903792,1.404,102
0.09450001,-0.0001238727,1.4175,49,0.09450001,-0.0002410315,1.4175,104
0.09540001,2.014191E-06,1.431,51,0.09540001,6.478981E-05,1.431,101
0.09630001,0.0001641566,1.4445,50,0.09630001,0.0004414435,1.4445,101
0.0972,0.0002171969,1.458,51,0.0972,0.0007892271,1.458,103
0.0981,7.721065E-06,1.4715,50,0.0981,0.0006972458,1.4715,103
0.099,-1.913481E-05,1.485,50,0.099,0.0003430838,1.485,98
0.0999,6.076142E-05,1.4985,48,0.0999,0.0001675135,1.4985,100
0.1008,6.378271E-06,1.512,49,0.1008,5.438316E-05,1.512,102
0.1017,-3.860533E-05,1.5255,49,0.1017,-6.478981E-05,1.5255,107
0.1026,3.189136E-05,1.539,49,0.1026,-0.0001272297,1.539,102
0.1035,-1.913481E-05,1.5525,49,0.1035,-0.0001279011,1.5525,105
0.1044,-7.888914E-05,1.566,48,0.1044,-0.0001802701,1.566,106
0.1053,-4.129091E-05,1.5795,50,0.1053,-0.0002218967,1.5795,106
0.1062,2.719158E-05,1.593,48,0.1062,-0.0002067903,1.593,104
0.1071,-8.291753E-05,1.6065,47,0.1071,-0.0001299153,1.6065,103
0.108,-0.0001346151,1.62,46,0.108,-6.210422E-05,1.62,106
0.1089,-3.323415E-05,1.6335,46,0.1089,-2.047761E-05,1.6335,102
0.1098,7.754635E-05,1.647,48,0.1098,1.980621E-05,1.647,104
0.1107,-6.948959E-05,1.6605,47,0.1107,-0.0001641566,1.6605,104
0.1116,-0.0001634852,1.674,46,0.1116,-0.0002514381,1.674,104
0.1125,-6.277562E-05,1.6875,47,0.1125,-0.0001883268,1.6875,103
0.1134,1.477073E-05,1.701,47,0.1134,-0.0001668421,1.701,102
0.1143,1.846342E-05,1.7145,47,0.1143,-4.33051E-05,1.7145,104
0.1152,-1.007095E-05,1.728,46,0.1152,1.879912E-05,1.728,105
0.1161,-4.061952E-05,1.7415,47,0.1161,-5.270466E-05,1.7415,103
0.117,-0.0001389792,1.755,46,0.117,-6.009003E-05,1.755,107
0.1179,-0.0001420005,1.7685,47,0.1179,-6.042573E-05,1.7685,103
0.1188,-9.567407E-05,1.782,48,0.1188,-8.92958E-05,1.782,104
0.1197,-9.600977E-05,1.7955,47,0.1197,-0.0001554284,1.7955,106
0.1206,-2.349889E-05,1.809,46,0.1206,-0.0001047379,1.809,103
0.1215,3.659113E-05,1.8225,45,0.1215,-4.061952E-05,1.8225,103
0.1224,4.229801E-05,1.836,45,0.1224,-7.318227E-05,1.836,104
0.1233,3.726253E-05,1.8495,46,0.1233,-6.54612E-05,1.8495,103
0.1242,2.1149E-05,1.863,45,0.1242,2.853437E-05,1.863,106
0.1251,3.189136E-05,1.8765,45,0.1251,4.129091E-05,1.8765,103
0.126,5.606165E-05,1.89,45,0.126,2.920577E-05,1.89,106
0.1269,5.606165E-05,1.9035,45,0.1269,5.807584E-05,1.9035,103
0.1278,-3.289845E-05,1.917,45,0.1278,0.0001339437,1.917,105
0.1287,6.713969E-07,1.9305,45,0.1287,7.049668E-05,1.9305,103
0.1296,2.517739E-05,1.944,45,0.1296,-4.229801E-05,1.944,101
0.1305,5.572595E-05,1.9575,45,0.1305,-3.591974E-05,1.9575,106
0.1314,7.351797E-05,1.971,45,0.1314,-1.913481E-05,1.971,102
0.1323,0.0001010452,1.9845,46,0.1323,-1.309224E-05,1.9845,105
0.1332,-5.438316E-05,1.998,44,0.1332,0.0001003738,1.998,103
0.1341,-0.0002077974,2.0115,44,0.1341,9.533837E-05,2.0115,107
0.135,-0.0001775845,2.025,43,0.135,-2.853437E-05,2.025,103
0.1359,-0.0001406577,2.0385,43,0.1359,2.786297E-05,2.0385,104
0.1368,-9.164568E-05,2.052,44,0.1368,-0.0001027237,2.052,106
0.1377,-5.001907E-05,2.0655,45,0.1377,-0.0001279011,2.0655,105
0.1386,7.351797E-05,2.079,44,0.1386,-0.0001080949,2.079,106
0.1395,0.0001366293,2.0925,43,0.1395,-0.0001544213,2.0925,104
0.1404,0.0001094377,2.106,43,0.1404,-0.0001460288,2.106,104
0.1413,9.768826E-05,2.1195,43,0.1413,-0.0001228656,2.1195,105
0.1422,2.652018E-05,2.133,44,0.1422,-0.0001111162,2.133,100
0.1431,3.323415E-05,2.1465,43,0.1431,4.162661E-05,2.1465,103
0.144,-9.063859E-06,2.16,44,0.144,0.0001715419,2.16,102
0.1449,2.1149E-05,2.1735,43,0.1449,0.0001930266,2.1735,104
0.1458,3.726253E-05,2.187,44,0.1458,0.0001762417,2.187,103
0.1467,-4.666209E-05,2.2005,44,0.1467,0.0002118257,2.2005,101
0.1476,-3.826963E-05,2.214,44,0.1476,0.000105745,2.214,102
0.1485,-1.846342E-05,2.2275,45,0.1485,-3.356985E-05,2.2275,103
0.1494,3.793393E-05,2.241,43,0.1494,-5.874724E-05,2.241,101
0.1503,8.82887E-05,2.2545,45,0.1503,2.987716E-05,2.2545,105
0.1512,4.666209E-05,2.268,43,0.1512,0.0001218585,2.268,104
0.1521,3.692683E-05,2.2815,43,0.1521,0.000109102,2.2815,102
0.153,1.309224E-05,2.295,43,0.153,1.040665E-05,2.295,104
0.1539,-5.941863E-05,2.3085,44,0.1539,-5.035477E-06,2.3085,107
0.1548,-0.0001722133,2.322,41,0.1548,-1.309224E-05,2.322,101
0.1557,-0.0001514,2.3355,43,0.1557,-1.712062E-05,2.3355,102
0.1566,-1.644922E-05,2.349,42,0.1566,-8.996719E-05,2.349,103
0.1575,-6.378271E-06,2.3625,45,0.1575,-6.71397E-05,2.3625,104
0.1584,0.000144686,2.376,43,0.1584,-6.311131E-05,2.376,103
0.1593,4.800488E-05,2.3895,42,0.1593,-0.0001453574,2.3895,106
0.1602,-0.0001027237,2.403,44,0.1602,-8.426032E-05,2.403,103
0.1611,-4.46479E-05,2.4165,42,0.1611,1.208515E-05,2.4165,104
0.162,0.0001675135,2.43,44,0.162,5.807584E-05,2.43,103
0.1629,0.0001960479,2.4435,44,0.1629,5.673304E-05,2.4435,103
0.1638,0.0002084688,2.457,43,0.1638,-6.78111E-05,2.457,103
0.1647,0.0001285725,2.4705,42,0.1647,-2.819867E-05,2.4705,106
0.1656,-2.719158E-05,2.484,45,0.1656,-9.567407E-05,2.484,104
0.1665,-0.000105745,2.4975,43,0.1665,-6.713969E-07,2.4975,105
0.1674,-7.251087E-05,2.511,44,0.1674,0.0001658351,2.511,107
0.1683,-0.0001117876,2.5245,43,0.1683,0.000285008,2.5245,106
0.1692,-0.0001208515,2.538,43,0.1692,0.0003148852,2.538,107
0.1701,-5.841154E-05,2.5515,43,0.1701,0.000197055,2.5515,103
0.171,-0.0001221943,2.565,45,0.171,0.0001107805,2.565,107
0.1719,-9.936675E-05,2.5785,44,0.1719,3.659113E-05,2.5785,104
0.1728,-3.390555E-05,2.592,44,0.1728,-8.526741E-05,2.592,107
0.1737,-2.18204E-05,2.6055,45,0.1737,-0.0001114519,2.6055,106
0.1746,-7.486076E-05,2.619,43,0.1746,-0.0001373007,2.619,102
0.1755,-3.994812E-05,2.6325,43,0.1755,-0.0001698634,2.6325,103
0.1764,1.040665E-05,2.646,44,0.1764,-0.0001319295,2.646,105
0.1773,-1.745632E-05,2.6595,43,0.1773,-0.0001275654,2.6595,104
0.1782,-2.920577E-05,2.673,43,0.1782,-5.807584E-05,2.673,100
0.1791,-5.035477E-06,2.6865,43,0.1791,5.035477E-06,2.6865,104
0.18,3.994812E-05,2.7,42,0.18,-7.083238E-05,2.7,103
0.1809,8.426032E-05,2.7135,44,0.1809,-0.0001349508,2.7135,102
0.1818,8.392462E-06,2.727,43,0.1818,-0.0001386435,2.727,106
0.1827,3.189136E-05,2.7405,43,0.1827,-0.0001131304,2.7405,101
0.1836,5.606165E-05,2.754,44,0.1836,-5.505455E-05,2.754,102
0.1845,3.726253E-05,2.7675,44,0.1845,5.337606E-05,2.7675,103
0.1854,5.606165E-05,2.781,45,0.1854,-3.121996E-05,2.781,103
0.1863,6.009003E-05,2.7945,43,0.1863,-0.0001164874,2.7945,104
0.1872,1.644922E-05,2.808,43,0.1872,-0.0001225299,2.808,102
0.1881,-7.049668E-06,2.8215,43,0.1881,-0.0001185016,2.8215,102
0.189,-3.860533E-05,2.835,44,0.189,-9.298848E-05,2.835,104
0.1899,-4.867628E-05,2.8485,43,0.1899,-6.64683E-05,2.8485,107
0.1908,-5.035477E-06,2.862,45,0.1908,-4.565499E-05,2.862,103
0.1917,-3.424125E-05,2.8755,44,0.1917,-2.047761E-05,2.8755,107
0.1926,-3.994812E-05,2.889,44,0.1926,-7.016098E-05,2.889,105
0.1935,3.356985E-05,2.9025,45,0.1935,-0.0001003738,2.9025,105
0.1944,-4.599069E-05,2.916,45,0.1944,-0.0001735561,2.916,107
0.1953,-7.620356E-05,2.9295,42,0.1953,-8.89601E-05,2.9295,104
0.1962,2.349889E-06,2.943,44,0.1962,-0.0001030594,2.943,103
0.1971,-3.021286E-06,2.9565,45,0.1971,-0.0001994049,2.9565,101
0.198,-8.526741E-05,2.97,44,0.198,-0.0001722133,2.97,102
0.1989,-4.36408E-05,2.9835,42,0.1989,-7.989624E-05,2.9835,101
0.1998,-2.316319E-05,2.997,44,0.1998,-4.46479E-05,2.997,101
0.2007,-6.344701E-05,3.0105,44,0.2007,-9.970245E-05,3.0105,100
0.2016,-9.399557E-05,3.024,0,0.2016,-4.229801E-05,3.024,0
0.2025,5.337606E-05,3.0375,0,0.2025,5.069047E-05,3.0375,0
0.2034,8.123904E-05,3.051,0,0.2034,5.841154E-05,3.051,0
0.2043,6.948959E-05,3.0645,0,0.2043,2.047761E-05,3.0645,0
0.2052,7.116808E-05,3.078,0,0.2052,6.143282E-05,3.078,0
0.2061,4.49836E-05,3.0915,0,0.2061,8.996719E-05,3.0915,0
0.207,2.349889E-06,3.105,0,0.207,2.786297E-05,3.105,0
0.2079,4.39765E-05,3.1185,0,0.2079,-1.678492E-05,3.1185,0
0.2088,-3.189136E-05,3.132,0,0.2088,6.277562E-05,3.132,0
0.2097,-5.136187E-05,3.1455,0,0.2097,8.96315E-05,3.1455,0
0.2106,3.054856E-05,3.159,0,0.2106,0.0001037308,3.159,0
0.2115,-1.040665E-05,3.1725,0,0.2115,0.0001413291,3.1725,0
0.2124,5.236896E-05,3.186,0,0.2124,3.021286E-06,3.186,0
0.2133,4.53193E-05,3.1995,0,0.2133,-0.0002024262,3.1995,0
0.2142,-7.956054E-05,3.213,0,0.2142,-0.0002239109,3.213,0
0.2151,-7.418937E-05,3.2265,0,0.2151,-4.599069E-05,3.2265,0
0.216,-5.941863E-05,3.24,0,0.216,-1.107805E-05,3.24,0
0.2169,-7.855344E-05,3.2535,0,0.2169,5.304036E-05,3.2535,0
0.2178,-7.922484E-05,3.267,0,0.2178,0.0001507286,3.267,0
0.2187,-0.0001044022,3.2805,0,0.2187,5.941863E-05,3.2805,0
0.2196,-3.625543E-05,3.294,0,0.2196,3.390555E-05,3.294,0
0.2205,-1.712062E-05,3.3075,0,0.2205,-5.706874E-06,3.3075,0
0.2214,-2.18204E-05,3.321,0,0.2214,2.450599E-05,3.321,0
0.2223,2.954147E-05,3.3345,0,0.2223,0.0001500572,3.3345,0
0.2232,4.263371E-05,3.348,0,0.2232,0.000203769,3.348,0
0.2241,9.500267E-05,3.3615,0,0.2241,9.433127E-05,3.3615,0
0.225,2.618448E-05,3.375,0,0.225,-0.0001285725,3.375,0
0.2259,2.316319E-05,3.3885,0,0.2259,-0.0001681849,3.3885,0
0.2268,7.486076E-05,3.402,0,0.2268,-0.0001701991,3.402,0
0.2277,1.712062E-05,3.4155,0,0.2277,-0.000249424,3.4155,0
0.2286,1.510643E-05,3.429,0,0.2286,-0.000186984,3.429,0
0.2295,4.632639E-05,3.4425,0,0.2295,0.0002702373,3.4425,0
0.2304,1.577783E-05,3.456,0,0.2304,0.0004595712,3.456,0
0.2313,5.270466E-05,3.4695,0,0.2313,0.0001789273,3.4695,0
0.2322,-1.712062E-05,3.483,0,0.2322,6.948959E-05,3.483,0
0.2331,-0.0001054093,3.4965,0,0.2331,2.417029E-05,3.4965,0
0.234,-6.814679E-05,3.51,0,0.234,-8.69459E-05,3.51,0
0.2349,-8.82887E-05,3.5235,0,0.2349,-0.0001148089,3.5235,0
0.2358,-9.567407E-05,3.537,0,0.2358,-3.524834E-05,3.537,0
0.2367,-3.390555E-05,3.5505,0,0.2367,-6.948959E-05,3.5505,0
0.2376,6.54612E-05,3.564,0,0.2376,-7.586786E-05,3.564,0
0.2385,7.721065E-06,3.5775,0,0.2385,-2.18204E-05,3.5775,0
0.2394,-2.719158E-05,3.591,0,0.2394,0,3.591,0
0.2403,-2.685588E-05,3.6045,0,0.2403,-7.284657E-05,3.6045,0
0.2412,-0.0001080949,3.618,0,0.2412,-7.620356E-05,3.618,0
0.2421,-0.0002312963,3.6315,0,0.2421,-0.0001104448,3.6315,0
0.243,-9.600977E-05,3.645,0,0.243,-0.0001665064,3.645,0
0.2439,-6.74754E-05,3.6585,0,0.2439,-0.0001675135,3.6585,0
0.2448,-8.627451E-05,3.672,0,0.2448,-0.0002017548,3.672,0
0.2457,-0.0001453574,3.6855,0,0.2457,-0.000154757,3.6855,0
0.2466,-0.0001040665,3.699,0,0.2466,-8.358892E-05,3.699,0
0.2475,-1.040665E-05,3.7125,0,0.2475,1.712062E-05,3.7125,0
0.2484,8.258183E-05,3.726,0,0.2484,6.076142E-05,3.726,0
0.2493,0.0001634852,3.7395,0,0.2493,0.0001386435,3.7395,0
0.2502,0.0001326009,3.753,0,0.2502,0.0002188754,3.753,0
0.2511,0.0001520714,3.7665,0,0.2511,0.0001151446,3.7665,0
0.252,-1.779202E-05,3.78,0,0.252,8.258183E-05,3.78,0
0.2529,-0.0001530785,3.7935,0,0.2529,-1.678492E-05,3.7935,0
0.2538,-0.0001033951,3.807,0,0.2538,-9.970245E-05,3.807,0
0.2547,-3.927672E-05,3.8205,0,0.2547,-6.61326E-05,3.8205,0
0.2556,-1.141375E-05,3.834,0,0.2556,-6.78111E-05,3.834,0
0.2565,5.102617E-05,3.8475,0,0.2565,-5.606165E-05,3.8475,0
0.2574,5.606165E-05,3.861,0,0.2574,-1.812772E-05,3.861,0
0.2583,-1.040665E-05,3.8745,0,0.2583,0,3.8745,0
0.2592,-1.309224E-05,3.888,0,0.2592,4.901198E-05,3.888,0
0.2601,-4.599069E-05,3.9015,0,0.2601,3.256275E-05,3.9015,0
0.261,4.599069E-05,3.915,0,0.261,-2.1149E-05,3.915,0
0.2619,-1.879912E-05,3.9285,0,0.2619,-8.86244E-05,3.9285,0
0.2628,-0.0001131304,3.942,0,0.2628,-4.263371E-05,3.942,0
0.2637,-3.189136E-05,3.9555,0,0.2637,-5.807584E-05,3.9555,0
0.2646,4.263371E-05,3.969,0,0.2646,-9.567407E-05,3.969,0
0.2655,-3.793393E-05,3.9825,0,0.2655,-2.853437E-05,3.9825,0
0.2664,7.083238E-05,3.996,0,0.2664,-0.0001044022,3.996,0
0.2673,0.0001440146,4.0095,0,0.2673,-0.000197055,4.0095,0
0.2682,0.000109102,4.023,0,0.2682,-0.0001755703,4.023,0
0.2691,0.0001574426,4.0365,0,0.2691,-0.0001134661,4.0365,0
0.27,0.0001822843,4.05,0,0.27,-0.0001574426,4.05,0
0.2709,0.0001631495,4.0635,0,0.2709,-0.000154757,4.0635,0
0.2718,7.922484E-05,4.077,0,0.2718,-5.001907E-05,4.077,0
0.2727,3.256275E-05,4.0905,0,0.2727,-2.987716E-05,4.0905,0
0.2736,2.349889E-05,4.104,0,0.2736,1.443504E-05,4.104,0
0.2745,-1.342794E-06,4.1175,0,0.2745,0.0001426719,4.1175,0
0.2754,5.035477E-06,4.131,0,0.2754,7.418937E-05,4.131,0
0.2763,-5.471885E-05,4.1445,0,0.2763,3.424125E-05,4.1445,0
0.2772,-6.042573E-06,4.158,0,0.2772,-8.627451E-05,4.158,0
0.2781,4.196231E-05,4.1715,0,0.2781,-0.0002101472,4.1715,0
0.279,-3.491264E-05,4.185,0,0.279,-8.92958E-05,4.185,0
0.2799,-3.323415E-05,4.1985,0,0.2799,-0.000112459,4.1985,0
0.2808,-4.129091E-05,4.212,0,0.2808,-0.0001144732,4.212,0
0.2817,-0.0001134661,4.2255,0,0.2817,-3.524834E-05,4.2255,0
0.2826,-0.0001490501,4.239,0,0.2826,7.150377E-05,4.239,0
0.2835,-6.74754E-05,4.2525,0,0.2835,0.0001916838,4.2525,0
0.2844,-8.157473E-05,4.266,0,0.2844,0.0001889983,4.266,0
0.2853,-0.000109102,4.2795,0,0.2853,0.0001050736,4.2795,0
0.2862,-2.349889E-06,4.293,0,0.2862,0.000274937,4.293,0
0.2871,0.0001742275,4.3065,0,0.2871,0.0003195849,4.3065,0
0.288,1.980621E-05,4.32,0,0.288,0.0001876554,4.32,0
0.2889,2.349889E-06,4.3335,0,0.2889,8.560311E-05,4.3335,0
0.2898,0.0001258869,4.347,0,0.2898,7.351797E-05,4.347,0
0.2907,0.0001292439,4.3605,0,0.2907,2.450599E-05,4.3605,0
0.2916,7.486076E-05,4.374,0,0.2916,-4.901198E-05,4.374,0
0.2925,2.349889E-06,4.3875,0,0.2925,4.061952E-05,4.3875,0
0.2934,5.673304E-05,4.401,0,0.2934,9.634547E-05,4.401,0
0.2943,0.0001285725,4.4145,0,0.2943,2.417029E-05,4.4145,0
0.2952,4.46479E-05,4.428,0,0.2952,1.107805E-05,4.428,0
0.2961,3.457694E-05,4.4415,0,0.2961,8.493171E-05,4.4415,0
0.297,3.457694E-05,4.455,0,0.297,9.500267E-05,4.455,0
0.2979,-6.378271E-06,4.4685,0,0.2979,-9.768826E-05,4.4685,0
0.2988,8.728161E-06,4.482,0,0.2988,-0.0002051118,4.482,0
0.2997,-9.063859E-05,4.4955,0,0.2997,-0.000189334,4.4955,0
0.3006,-0.0001198444,4.509,0,0.3006,-0.0001782559,4.509,0
0.3015,-3.323415E-05,4.5225,0,0.3015,-0.0001913481,4.5225,0
0.3024,-6.478981E-05,4.536,0,0.3024,-0.0002370031,4.536,0
0.3033,-0.0001359579,4.5495,0,0.3033,2.752728E-05,4.5495,0
0.3042,-5.941863E-05,4.563,0,0.3042,0.000323949,4.563,0
0.3051,-1.007095E-06,4.5765,0,0.3051,0.0003058213,4.5765,0
0.306,-2.719158E-05,4.59,0,0.306,0.0002487526,4.59,0
0.3069,-6.478981E-05,4.6035,0,0.3069,0.0001661708,4.6035,0
0.3078,2.618448E-05,4.617,0,0.3078,1.208515E-05,4.617,0
0.3087,-6.51255E-05,4.6305,0,0.3087,-4.968337E-05,4.6305,0
0.3096,-0.0001040665,4.644,0,0.3096,-2.14847E-05,4.644,0
0.3105,-1.242084E-05,4.6575,0,0.3105,5.706874E-06,4.6575,0
0.3114,-4.33051E-05,4.671,0,0.3114,-7.620356E-05,4.671,0
0.3123,-0.0001215228,4.6845,0,0.3123,-0.0001030594,4.6845,0
0.3132,-0.0001215228,4.698,0,0.3132,-0.0001218585,4.698,0
0.3141,-0.0002286107,4.7115,0,0.3141,-0.0001440146,4.7115,0
0.315,-9.030289E-05,4.725,0,0.315,-0.0001849699,4.725,0
0.3159,9.802396E-05,4.7385,0,0.3159,-0.0002151827,4.7385,0
0.3168,2.584878E-05,4.752,0,0.3168,-0.0001305867,4.752,0
0.3177,4.33051E-05,4.7655,0,0.3177,-0.0001097734,4.7655,0
0.3186,0.0001148089,4.779,0,0.3186,-0.000154757,4.779,0
0.3195,-1.342794E-05,4.7925,0,0.3195,1.309224E-05,4.7925,0
0.3204,-2.819867E-05,4.806,0,0.3204,-1.309224E-05,4.806,0
0.3213,5.035477E-06,4.8195,0,0.3213,-0.0002131685,4.8195,0
0.3222,-2.920577E-05,4.833,0,0.3222,-0.0003474479,4.833,0
0.3231,-8.69459E-05,4.8465,0,0.3231,-0.0002581521,4.8465,0
0.324,1.208515E-05,4.86,0,0.324,-0.0002017548,4.86,0
0.3249,1.174945E-05,4.8735,0,0.3249,-4.766919E-05,4.8735,0
0.3258,-2.383459E-05,4.887,0,0.3258,-6.71397E-05,4.887,0
0.3267,-8.795301E-05,4.9005,0,0.3267,-0.0001104448,4.9005,0
0.3276,-0.0001537499,4.914,0,0.3276,3.121996E-05,4.914,0
0.3285,-0.0002205539,4.9275,0,0.3285,0.000164828,4.9275,0
0.3294,-8.426032E-05,4.941,0,0.3294,0.0001473716,4.941,0
0.3303,-2.584878E-05,4.9545,0,0.3303,0.0001997406,4.9545,0
0.3312,2.417029E-05,4.968,0,0.3312,0.000207126,4.968,0
0.3321,-4.36408E-06,4.9815,0,0.3321,0.000218204,4.9815,0
0.333,-5.941863E-05,4.995,0,0.333,0.0001514,4.995,0
0.3339,-1.309224E-05,5.0085,0,0.3339,9.332418E-05,5.0085,0
0.3348,7.721065E-05,5.022,0,0.3348,-3.356985E-06,5.022,0
0.3357,0.000119173,5.0355,0,0.3357,-0.0001003738,5.0355,0
0.3366,2.383459E-05,5.049,0,0.3366,-6.74754E-05,5.049,0
0.3375,-7.855344E-05,5.0625,0,0.3375,6.713969E-07,5.0625,0
0.3384,-0.0001554284,5.076,0,0.3384,-7.385367E-06,5.076,0
0.3393,3.692683E-06,5.0895,0,0.3393,-1.712062E-05,5.0895,0
0.3402,-7.888914E-05,5.103,0,0.3402,-6.6804E-05,5.103,0
0.3411,-6.009003E-05,5.1165,0,0.3411,-6.61326E-05,5.1165,0
0.342,6.009003E-05,5.13,0,0.342,-5.774014E-05,5.13,0
0.3429,0.0002759442,5.1435,0,0.3429,0.0001524071,5.1435,0
0.3438,0.0002047761,5.157,0,0.3438,0.000203769,5.157,0
0.3447,-1.678492E-06,5.1705,0,0.3447,3.860533E-05,5.1705,0
0.3456,9.903105E-05,5.184,0,0.3456,-8.325322E-05,5.184,0
0.3465,9.970245E-05,5.1975,0,0.3465,-1.947051E-05,5.1975,0
0.3474,1.980621E-05,5.211,0,0.3474,-3.088426E-05,5.211,0
0.3483,4.733349E-05,5.2245,0,0.3483,-0.0002212253,5.2245,0
0.3492,2.584878E-05,5.238,0,0.3492,-0.0002702373,5.238,0
0.3501,4.196231E-05,5.2515,0,0.3501,-0.0002020905,5.2515,0
0.351,6.243992E-05,5.265,0,0.351,-0.000154757,5.265,0
0.3519,-1.342794E-06,5.2785,0,0.3519,-8.627451E-05,5.2785,0
0.3528,7.620356E-05,5.292,0,0.3528,-0.0001524071,5.292,0
0.3537,6.74754E-05,5.3055,0,0.3537,-0.0001705348,5.3055,0
0.3546,4.733349E-05,5.319,0,0.3546,-0.0002044404,5.319,0
0.3555,5.941863E-05,5.3325,0,0.3555,-0.000224918,5.3325,0
0.3564,4.39765E-05,5.346,0,0.3564,-0.0001299153,5.346,0
0.3573,1.007095E-06,5.3595,0,0.3573,-3.189136E-05,5.3595,0
0.3582,-2.450599E-05,5.373,0,0.3582,5.841154E-05,5.373,0
0.3591,5.471885E-05,5.3865,0,0.3591,0.0001947051,5.3865,0
0.36,1.007095E-06,5.4,0,0.36,0.0002450599,5.4,0
0.3609,1.174945E-05,5.4135,0,0.3609,0.0002084688,5.4135,0
0.3618,6.277562E-05,5.427,0,0.3618,9.164568E-05,5.427,0
0.3627,1.510643E-05,5.4405,0,0.3627,0.000119173,5.4405,0
0.3636,-4.229801E-05,5.454,0,0.3636,0.0001383078,5.454,0
0.3645,-2.18204E-05,5.4675,0,0.3645,7.217517E-05,5.4675,0
0.3654,-3.457694E-05,5.481,0,0.3654,1.510643E-05,5.481,0
0.3663,-3.424125E-05,5.4945,0,0.3663,-8.86244E-05,5.4945,0
0.3672,-4.867628E-05,5.508,0,0.3672,-0.0001685206,5.508,0
0.3681,-2.349889E-05,5.5215,0,0.3681,-0.0001487144,5.5215,0
0.369,9.835965E-05,5.535,0,0.369,-0.0001198444,5.535,0
0.3699,6.411841E-05,5.5485,0,0.3699,-8.69459E-05,5.5485,0
0.3708,-1.208515E-05,5.562,0,0.3708,-4.699779E-06,5.562,0
0.3717,-9.063859E-06,5.5755,0,0.3717,8.72816E-05,5.5755,0
0.3726,-1.779202E-05,5.589,0,0.3726,1.611353E-05,5.589,0
0.3735,-0.000161471,5.6025,0,0.3735,-2.18204E-05,5.6025,0
0.3744,-0.000158114,5.616,0,0.3744,-1.510643E-05,5.616,0
0.3753,-9.433127E-05,5.6295,0,0.3753,-6.915389E-05,5.6295,0
0.3762,5.975433E-05,5.643,0,0.3762,-8.392462E-06,5.643,0
0.3771,0.0001205158,5.6565,0,0.3771,4.800488E-05,5.6565,0
0.378,9.869535E-05,5.67,0,0.378,6.042573E-06,5.67,0
0.3789,6.076142E-05,5.6835,0,0.3789,-5.774014E-05,5.6835,0
0.3798,5.069047E-05,5.697,0,0.3798,-9.433127E-05,5.697,0
0.3807,-2.853437E-05,5.7105,0,0.3807,-2.014191E-06,5.7105,0
0.3816,-7.217517E-05,5.724,0,0.3816,6.277562E-05,5.724,0
0.3825,-3.927672E-05,5.7375,0,0.3825,5.270466E-05,5.7375,0
0.3834,1.275654E-05,5.751,0,0.3834,1.846342E-05,5.751,0
0.3843,-2.853437E-05,5.7645,0,0.3843,-4.53193E-05,5.7645,0
0.3852,1.242084E-05,5.778,0,0.3852,-6.143282E-05,5.778,0
0.3861,0.0001144732,5.7915,0,0.3861,-0.0001701991,5.7915,0
0.387,-3.692683E-06,5.805,0,0.387,-0.0001040665,5.805,0
0.3879,-1.577783E-05,5.8185,0,0.3879,0.000130251,5.8185,0
0.3888,-2.484169E-05,5.832,0,0.3888,0.0002135042,5.832,0
0.3897,-0.0001144732,5.8455,0,0.3897,0.0002554666,5.8455,0
0.3906,-0.0001708705,5.859,0,0.3906,0.0001876554,5.859,0
0.3915,-0.0001701991,5.8725,0,0.3915,4.43122E-05,5.8725,0
0.3924,-0.0001644923,5.886,0,0.3924,-2.014191E-05,5.886,0
0.3933,-6.74754E-05,5.8995,0,0.3933,-1.846342E-05,5.8995,0
0.3942,0.0001279011,5.913,0,0.3942,6.311131E-05,5.913,0
0.3951,0.0001305867,5.9265,0,0.3951,5.337606E-05,5.9265,0
0.396,-6.243992E-05,5.94,0,0.396,5.740444E-05,5.94,0
0.3969,-5.471885E-05,5.9535,0,0.3969,-2.081331E-05,5.9535,0
0.3978,-5.404745E-05,5.967,0,0.3978,-7.721065E-06,5.967,0
0.3987,-1.376364E-05,5.9805,0,0.3987,2.517739E-05,5.9805,0
0.3996,2.584878E-05,5.994,0,0.3996,-0.0001265583,5.994,0
0.4005,-8.224613E-05,6.0075,0,0.4005,-0.000193698,6.0075,0
0.4014,-0.0001456931,6.021,0,0.4014,-0.0002440528,6.021,0
0.4023,-0.0001550927,6.0345,0,0.4023,-0.0003360342,6.0345,0
0.4032,-0.0002239109,6.048,0,0.4032,-0.0003199207,6.048,0
0.4041,-9.298848E-05,6.0615,0,0.4041,-0.0001339437,6.0615,0
0.405,-1.947051E-05,6.075,0,0.405,0.0001483787,6.075,0
0.4059,-2.853437E-05,6.0885,0,0.4059,0.0002453956,6.0885,0
0.4068,7.754635E-05,6.102,0,0.4068,0.0001728847,6.102,0
0.4077,0.0002829938,6.1155,0,0.4077,0.0003172351,6.1155,0
0.4086,0.0003377127,6.129,0,0.4086,0.0003165637,6.129,0
0.4095,0.0001500572,6.1425,0,0.4095,7.351797E-05,6.1425,0
0.4104,5.706874E-06,6.156,0,0.4104,-6.411841E-05,6.156,0
0.4113,-7.888914E-05,6.1695,0,0.4113,-4.53193E-05,6.1695,0
0.4122,-2.920577E-05,6.183,0,0.4122,-0.0001467002,6.183,0
0.4131,-3.189136E-05,6.1965,0,0.4131,-0.0001863127,6.1965,0
0.414,-0.0001258869,6.21,0,0.414,-0.0001084306,6.21,0
0.4149,-0.0001218585,6.2235,0,0.4149,-6.076142E-05,6.2235,0
0.4158,4.028382E-05,6.237,0,0.4158,-0.0001141375,6.237,0
0.4167,5.874724E-05,6.2505,0,0.4167,-6.478981E-05,6.2505,0
0.4176,-0.0001131304,6.264,0,0.4176,7.049668E-06,6.264,0
0.4185,-0.0001399863,6.2775,0,0.4185,-0.0001185016,6.2775,0
0.4194,-0.000102388,6.291,0,0.4194,-0.0001618067,6.291,0
0.4203,1.040665E-05,6.3045,0,0.4203,-0.0001910124,6.3045,0
0.4212,3.759823E-05,6.318,0,0.4212,-0.0001641566,6.318,0
0.4221,-3.793393E-05,6.3315,0,0.4221,-0.00021149,6.3315,0
0.423,7.486076E-05,6.345,0,0.423,-0.0002098116,6.345,0
0.4239,9.433127E-05,6.3585,0,0.4239,-0.0001185016,6.3585,0
0.4248,-6.982528E-05,6.372,0,0.4248,6.042573E-06,6.372,0
0.4257,-9.735256E-06,6.3855,0,0.4257,-7.217517E-05,6.3855,0
0.4266,0.000186984,6.399,0,0.4266,-0.000312871,6.399,0
0.4275,5.874724E-05,6.4125,0,0.4275,-0.000256138,6.4125,0
0.4284,2.014191E-06,6.426,0,0.4284,-0.0003199207,6.426,0
0.4293,7.754635E-05,6.4395,0,0.4293,-0.0001748989,6.4395,0
0.4302,9.365987E-05,6.453,0,0.4302,0.0002007477,6.453,0
0.4311,2.047761E-05,6.4665,0,0.4311,0.000608957,6.4665,0
0.432,0.0001064164,6.48,0,0.432,0.0006361486,6.48,0
0.4329,0.0001111162,6.4935,0,0.4329,0.0002903792,6.4935,0
0.4338,2.517739E-05,6.507,0,0.4338,3.323415E-05,6.507,0
0.4347,-3.659113E-05,6.5205,0,0.4347,3.524834E-05,6.5205,0
0.4356,-6.109713E-05,6.534,0,0.4356,4.666209E-05,6.534,0
0.4365,-9.466698E-05,6.5475,0,0.4365,-6.881819E-05,6.5475,0
0.4374,-0.0001148089,6.561,0,0.4374,-0.0001644923,6.561,0
0.4383,-0.0001493858,6.5745,0,0.4383,-0.0001560998,6.5745,0
0.4392,-0.0001430075,6.588,0,0.4392,-0.0002447242,6.588,0
0.4401,-0.0001070878,6.6015,0,0.4401,-0.0001990692,6.6015,0
0.441,-0.0001433432,6.615,0,0.441,-6.54612E-05,6.615,0
0.4419,-0.0001010452,6.6285,0,0.4419,-2.349889E-06,6.6285,0
0.4428,-2.618448E-05,6.642,0,0.4428,0.0001299153,6.642,0
0.4437,3.289845E-05,6.6555,0,0.4437,0.0001487144,6.6555,0
0.4446,-6.042573E-06,6.669,0,0.4446,5.606165E-05,6.669,0
0.4455,-2.584878E-05,6.6825,0,0.4455,-3.927672E-05,6.6825,0
0.4464,-1.376364E-05,6.696,0,0.4464,-7.821774E-05,6.696,0
0.4473,3.323415E-05,6.7095,0,0.4473,-7.217517E-05,6.7095,0
0.4482,-1.879912E-05,6.723,0,0.4482,-2.819867E-05,6.723,0
0.4491,-3.155566E-05,6.7365,0,0.4491,6.378271E-06,6.7365,0
0.45,-2.954147E-05,6.75,0,0.45,-3.088426E-05,6.75,0
0.4509,-1.644922E-05,6.7635,0,0.4509,-0.000148043,6.7635,0
0.4518,-8.090334E-05,6.777,0,0.4518,-9.063859E-05,6.777,0
0.4527,1.309224E-05,6.7905,0,0.4527,-4.229801E-05,6.7905,0
0.4536,0.0001742275,6.804,0,0.4536,-7.351797E-05,6.804,0
0.4545,1.846342E-05,6.8175,0,0.4545,5.438316E-05,6.8175,0
0.4554,-1.309224E-05,6.831,0,0.4554,1.107805E-05,6.831,0
0.4563,3.323415E-05,6.8445,0,0.4563,-7.821774E-05,6.8445,0
0.4572,-8.627451E-05,6.858,0,0.4572,-0.0001097734,6.858,0
0.4581,-0.0001292439,6.8715,0,0.4581,-0.0002594949,6.8715,0
0.459,5.169757E-05,6.885,0,0.459,-0.0002853437,6.885,0
0.4599,8.157473E-05,6.8985,0,0.4599,-0.0002306248,6.8985,0
0.4608,0.0001326009,6.912,0,0.4608,-0.0001312581,6.912,0
0.4617,9.634547E-05,6.9255,0,0.4617,5.136187E-05,6.9255,0
0.4626,-9.533837E-05,6.939,0,0.4626,0.0001406577,6.939,0
0.4635,-4.061952E-05,6.9525,0,0.4635,0.0001285725,6.9525,0
0.4644,9.768826E-05,6.966,0,0.4644,-5.404745E-05,6.966,0
0.4653,1.376364E-05,6.9795,0,0.4653,-0.0001064164,6.9795,0
0.4662,-7.586786E-05,6.993,0,0.4662,-9.600977E-05,6.993,0
0.4671,1.040665E-05,7.0065,0,0.4671,-0.0001215228,7.0065,0
0.468,-2.383459E-05,7.02,0,0.468,0.0001319295,7.02,0
0.4689,3.692683E-06,7.0335,0,0.4689,0.0004162661,7.0335,0
0.4698,5.337606E-05,7.047,0,0.4698,0.0003524834,7.047,0
0.4707,-5.001907E-05,7.0605,0,0.4707,0.0002386816,7.0605,0
0.4716,-1.846342E-05,7.074,0,0.4716,0.0001953765,7.074,0
0.4725,3.826963E-05,7.0875,0,0.4725,0.0001080949,7.0875,0
0.4734,2.752728E-05,7.101,0,0.4734,3.491264E-05,7.101,0
0.4743,0.0001272297,7.1145,0,0.4743,8.82887E-05,7.1145,0
0.4752,0.000119173,7.128,0,0.4752,4.028382E-05,7.128,0
0.4761,-2.047761E-05,7.1415,0,0.4761,1.040665E-05,7.1415,0
0.477,-0.0001373007,7.155,0,0.477,-6.61326E-05,7.155,0
0.4779,-0.0001705348,7.1685,0,0.4779,-8.392462E-05,7.1685,0
0.4788,-0.0001738918,7.182,0,0.4788,1.342794E-06,7.182,0
0.4797,-0.0001571069,7.1955,0,0.4797,1.577783E-05,7.1955,0
0.4806,-0.0001279011,7.209,0,0.4806,-9.500267E-05,7.209,0
0.4815,-0.0001131304,7.2225,0,0.4815,4.36408E-05,7.2225,0
0.4824,-0.0001013809,7.236,0,0.4824,-5.572595E-05,7.236,0
0.4833,-5.908293E-05,7.2495,0,0.4833,-7.989624E-05,7.2495,0
0.4842,1.846342E-05,7.263,0,0.4842,6.277562E-05,7.263,0
0.4851,-7.888914E-05,7.2765,0,0.4851,3.054856E-05,7.2765,0
0.486,-7.653925E-05,7.29,0,0.486,-4.129091E-05,7.29,0
0.4869,-5.874724E-05,7.3035,0,0.4869,-9.399557E-05,7.3035,0
0.4878,1.443504E-05,7.317,0,0.4878,-6.210422E-05,7.317,0
0.4887,-2.584878E-05,7.3305,0,0.4887,1.947051E-05,7.3305,0
0.4896,-9.298848E-05,7.344,0,0.4896,6.143282E-05,7.344,0
0.4905,-5.706874E-06,7.3575,0,0.4905,5.774014E-05,7.3575,0
0.4914,-7.049668E-06,7.371,0,0.4914,1.107805E-05,7.371,0
0.4923,-7.519646E-05,7.3845,0,0.4923,-2.987716E-05,7.3845,0
0.4932,-5.841154E-05,7.398,0,0.4932,-9.365987E-05,7.398,0
0.4941,2.24918E-05,7.4115,0,0.4941,-0.0001994049,7.4115,0
0.495,9.063859E-06,7.425,0,0.495,-8.426032E-05,7.425,0
0.4959,9.567407E-05,7.4385,0,0.4959,-0.0001174945,7.4385,0
0.4968,0.0001473716,7.452,0,0.4968,3.524834E-05,7.452,0
0.4977,6.411841E-05,7.4655,0,0.4977,0.0002641947,7.4655,0
0.4986,-1.980621E-05,7.479,0,0.4986,0.0001591211,7.479,0
0.4995,2.081331E-05,7.4925,0,0.4995,-1.678492E-06,7.4925,0
0.5004,-0.0001003738,7.506,0,0.5004,-7.888914E-05,7.506,0
0.5013,-0.0001685206,7.5195,0,0.5013,-2.887007E-05,7.5195,0
0.5022,-0.0001265583,7.533,0,0.5022,-5.606165E-05,7.533,0
0.5031,-8.493171E-05,7.5465,0,0.5031,-0.0001050736,7.5465,0
0.504,-0.0001634852,7.56,0,0.504,-6.143282E-05,7.56,0
0.5049,-7.318227E-05,7.5735,0,0.5049,0.0001779202,7.5735,0
0.5058,0.0001688563,7.587,0,0.5058,0.0002265965,7.587,0
0.5067,0.0003461051,7.6005,0,0.5067,8.560311E-05,7.6005,0
0.5076,0.0004746777,7.614,0,0.5076,1.141375E-05,7.614,0
0.5085,0.0003299916,7.6275,0,0.5085,5.539025E-05,7.6275,0
0.5094,0.0002789654,7.641,0,0.5094,-8.89601E-05,7.641,0
0.5103,0.0002594949,7.6545,0,0.5103,-0.0002534524,7.6545,0
0.5112,0.0002178683,7.668,0,0.5112,-0.0002292821,7.668,0
0.5121,3.591974E-05,7.6815,0,0.5121,-0.0002326391,7.6815,0
0.513,-8.761731E-05,7.695,0,0.513,-0.0002356603,7.695,0
0.5139,-2.28275E-05,7.7085,0,0.5139,-0.0001554284,7.7085,0
0.5148,1.846342E-05,7.722,0,0.5148,-0.0001255512,7.722,0
0.5157,-3.558404E-05,7.7355,0,0.5157,-3.793393E-05,7.7355,0
0.5166,1.242084E-05,7.749,0,0.5166,-0.0001242084,7.749,0
0.5175,0.000140322,7.7625,0,0.5175,-0.000257145,7.7625,0
0.5184,6.78111E-05,7.776,0,0.5184,-0.0002574807,7.776,0
0.5193,-2.18204E-05,7.7895,0,0.5193,0,7.7895,0
0.5202,-4.162661E-05,7.803,0,0.5202,0.0001806058,7.803,0
0.5211,-4.263371E-05,7.8165,0,0.5211,7.687495E-05,7.8165,0
0.522,-0.0001097734,7.83,0,0.522,-7.251087E-05,7.83,0
0.5229,-3.793393E-05,7.8435,0,0.5229,-6.713969E-07,7.8435,0
0.5238,1.342794E-06,7.857,0,0.5238,-2.1149E-05,7.857,0
0.5247,-6.378271E-05,7.8705,0,0.5247,-0.0001607996,7.8705,0
0.5256,-3.826963E-05,7.884,0,0.5256,-0.0001413291,7.884,0
0.5265,9.970245E-05,7.8975,0,0.5265,-0.0001000381,7.8975,0
0.5274,0.0001084306,7.911,0,0.5274,-0.0001430075,7.911,0
0.5283,5.404745E-05,7.9245,0,0.5283,-0.0003783322,7.9245,0
0.5292,-2.081331E-05,7.938,0,0.5292,-0.0003081712,7.938,0
0.5301,-2.383459E-05,7.9515,0,0.5301,-7.418937E-05,7.9515,0
0.531,6.411841E-05,7.965,0,0.531,9.567407E-05,7.965,0
0.5319,-6.344701E-05,7.9785,0,0.5319,0.0001832914,7.9785,0
0.5328,-0.0002588235,7.992,0,0.5328,0.0001913481,7.992,0
0.5337,-0.0001782559,8.0055,0,0.5337,0.0001467002,8.0055,0
0.5346,-8.459602E-05,8.019,0,0.5346,-0.000144686,8.019,0
0.5355,-0.0002323034,8.0325,0,0.5355,-0.0002742657,8.0325,0
0.5364,-0.0001393149,8.046,0,0.5364,-0.0002383459,8.046,0
0.5373,1.174945E-05,8.0595,0,0.5373,-0.0002312963,8.0595,0
0.5382,-4.162661E-05,8.073,0,0.5382,-0.0001315938,8.073,0
0.5391,-0.0001389792,8.0865,0,0.5391,0.0001070878,8.0865,0
0.54,-0.0001567712,8.1,0,0.54,0.0002558022,8.1,0
0.5409,-0.0001534142,8.1135,0,0.5409,7.553216E-05,8.1135,0
0.5418,-3.256275E-05,8.127,0,0.5418,7.620356E-05,8.127,0
0.5427,6.411841E-05,8.1405,0,0.5427,0.0002286107,8.1405,0
0.5436,4.934768E-05,8.154,0,0.5436,0.0003427482,8.154,0
0.5445,3.961242E-05,8.1675,0,0.5445,0.000291722,8.1675,0
0.5454,-1.309224E-05,8.181,0,0.5454,0.0003125353,8.181,0
0.5463,0,8.1945,0,0.5463,0.0003716182,8.1945,0
0.5472,7.452507E-05,8.208,0,0.5472,0.0003098497,8.208,0
0.5481,0.0001467002,8.2215,0,0.5481,0.000193698,8.2215,0
0.549,0.0001131304,8.235,0,0.549,0.0001769131,8.235,0
0.5499,3.726253E-05,8.2485,0,0.5499,3.256275E-05,8.2485,0
0.5508,6.042573E-05,8.262,0,0.5508,1.275654E-05,8.262,0
0.5517,0.0001285725,8.2755,0,0.5517,-1.980621E-05,8.2755,0
0.5526,-4.061952E-05,8.289,0,0.5526,-5.136187E-05,8.289,0
0.5535,-5.706874E-05,8.3025,0,0.5535,-0.0001084306,8.3025,0
0.5544,-7.620356E-05,8.316,0,0.5544,-4.968337E-05,8.316,0
0.5553,-7.452507E-05,8.3295,0,0.5553,3.625543E-05,8.3295,0
0.5562,-0.0001255512,8.343,0,0.5562,-2.349889E-06,8.343,0
0.5571,-0.0002306248,8.3565,0,0.5571,6.042573E-06,8.3565,0
0.558,-0.0001205158,8.37,0,0.558,-5.941863E-05,8.37,0
0.5589,-4.162661E-05,8.3835,0,0.5589,-0.000214847,8.3835,0
0.5598,-7.284657E-05,8.397,0,0.5598,-0.0001218585,8.397,0
0.5607,7.049668E-06,8.4105,0,0.5607,-9.231708E-05,8.4105,0
0.5616,0.000235996,8.424,0,0.5616,-0.0003256275,8.424,0
0.5625,0.00033402,8.4375,0,0.5625,-0.0005287251,8.4375,0
0.5634,0.0002923934,8.451,0,0.5634,-0.0004870985,8.451,0
0.5643,0.0001205158,8.4645,0,0.5643,-0.0003843748,8.4645,0
0.5652,-1.577783E-05,8.478,0,0.5652,-0.0003165637,8.478,0
0.5661,1.107805E-05,8.4915,0,0.5661,0.0001094377,8.4915,0
0.567,-0.0001044022,8.505,0,0.567,0.0005139544,8.505,0
0.5679,-0.0003199207,8.5185,0,0.5679,0.0004750133,8.5185,0
0.5688,-0.0002336461,8.532,0,0.5688,0.0002145113,8.532,0
0.5697,-1.107805E-05,8.5455,0,0.5697,0.0002292821,8.5455,0
0.5706,-5.035477E-06,8.559,0,0.5706,0.0004172732,8.559,0
0.5715,2.652018E-05,8.5725,0,0.5715,0.0004817273,8.5725,0
0.5724,7.754635E-05,8.586,0,0.5724,0.0002574807,8.586,0
0.5733,4.632639E-05,8.5995,0,0.5733,7.788205E-05,8.5995,0
0.5742,5.337606E-05,8.613,0,0.5742,3.860533E-05,8.613,0
0.5751,7.922484E-05,8.6265,0,0.5751,-2.719158E-05,8.6265,0
0.576,1.577783E-05,8.64,0,0.576,-5.774014E-05,8.64,0
0.5769,2.584878E-05,8.6535,0,0.5769,-6.948959E-05,8.6535,0
0.5778,8.996719E-05,8.667,0,0.5778,-9.735256E-05,8.667,0
0.5787,9.500267E-05,8.6805,0,0.5787,-0.0001044022,8.6805,0
0.5796,3.726253E-05,8.694,0,0.5796,-0.0001161517,8.694,0
0.5805,9.097429E-05,8.7075,0,0.5805,-0.0001520714,8.7075,0
0.5814,0.0001044022,8.721,0,0.5814,-0.0001916838,8.721,0
0.5823,6.814679E-05,8.7345,0,0.5823,-0.0002648661,8.7345,0
0.5832,3.356985E-07,8.748,0,0.5832,-0.0002581521,8.748,0
0.5841,-0.0001493858,8.7615,0,0.5841,-0.000224918,8.7615,0
0.585,-0.0001748989,8.775,0,0.585,-0.0001514,8.775,0
0.5859,-0.0001685206,8.7885,0,0.5859,-0.0001037308,8.7885,0
0.5868,-0.0001896696,8.802,0,0.5868,-2.1149E-05,8.802,0
0.5877,-0.0001205158,8.8155,0,0.5877,3.726253E-05,8.8155,0
0.5886,8.728161E-06,8.829,0,0.5886,-2.14847E-05,8.829,0
0.5895,0.0001708705,8.8425,0,0.5895,8.426032E-05,8.8425,0
0.5904,0.0002826581,8.856,0,0.5904,0.0001171588,8.856,0
0.5913,0.0001816129,8.8695,0,0.5913,0.0001097734,8.8695,0
0.5922,0.000112459,8.883,0,0.5922,5.270466E-05,8.883,0
0.5931,3.021286E-06,8.8965,0,0.5931,-6.176852E-05,8.8965,0
0.594,-6.109713E-05,8.91,0,0.594,-2.584878E-05,8.91,0
0.5949,-0.0001275654,8.9235,0,0.5949,-5.606165E-05,8.9235,0
0.5958,-7.553216E-05,8.937,0,0.5958,-0.0002232395,8.937,0
0.5967,-0.0001050736,8.9505,0,0.5967,-0.0002615091,8.9505,0
0.5976,-0.0001990692,8.964,0,0.5976,-0.0002645304,8.964,0
0.5985,-0.0001064164,8.9775,0,0.5985,-0.0002947433,8.9775,0
0.5994,-0.0001097734,8.991,0,0.5994,-0.0003011215,8.991,0
0.6003,-0.0001013809,9.0045,0,0.6003,-0.0001963836,9.0045,0
0.6012,1.376364E-05,9.018,0,0.6012,-0.0001064164,9.018,0
0.6021,3.189136E-05,9.0315,0,0.6021,-8.056763E-06,9.0315,0
0.603,-3.826963E-05,9.045,0,0.603,0.0001037308,9.045,0
0.6039,3.692683E-06,9.0585,0,0.6039,0.0001594568,9.0585,0
0.6048,3.054856E-05,9.072001,0,0.6048,0.0001319295,9.072001,0
0.6057,-8.258183E-05,9.0855,0,0.6057,0.0001168231,9.0855,0
0.6066,-0.0001221943,9.099,0,0.6066,1.007095E-06,9.099,0
0.6075,-5.169757E-05,9.1125,0,0.6075,-0.0001373007,9.1125,0
0.6084,-9.063859E-05,9.126,0,0.6084,-0.0001144732,9.126,0
0.6093,-5.001907E-05,9.1395,0,0.6093,-0.0001326009,9.1395,0
0.6102,4.733349E-05,9.153,0,0.6102,0.0001117876,9.153,0
0.6111,-2.18204E-05,9.1665,0,0.6111,0.0002141756,9.1665,0
0.612,-0.0001131304,9.18,0,0.612,-5.035477E-06,9.18,0
0.6129,-0.0001544213,9.1935,0,0.6129,-0.000119173,9.1935,0
0.6138,-0.0002500954,9.207,0,0.6138,-0.0001473716,9.207,0
0.6147,-0.0001769131,9.2205,0,0.6147,-0.0002239109,9.2205,0
0.6156,-9.802396E-05,9.234,0,0.6156,-0.0004629282,9.234,0
0.6165,-0.0001738918,9.2475,0,0.6165,-0.0002887007,9.2475,0
0.6174,-0.0001644923,9.261,0,0.6174,-0.0001560998,9.261,0
0.6183,0.0001225299,9.2745,0,0.6183,-2.618448E-05,9.2745,0
0.6192,0.0003964599,9.288,0,0.6192,1.611353E-05,9.288,0
0.6201,0.0003897459,9.3015,0,0.6201,0.0001930266,9.3015,0
0.621,0.0003900816,9.315,0,0.621,0.0004035096,9.315,0
0.6219,0.0002947433,9.3285,0,0.6219,0.0002964218,9.3285,0
0.6228,0.0001349508,9.342,0,0.6228,0.0002715801,9.342,0
0.6237,5.941863E-05,9.3555,0,0.6237,0.0004924697,9.3555,0
0.6246,1.309224E-05,9.369,0,0.6246,0.0003487907,9.369,0
0.6255,-3.927672E-05,9.3825,0,0.6255,9.768826E-05,9.3825,0
0.6264,-1.577783E-05,9.396,0,0.6264,7.016098E-05,9.396,0
0.6273,-0.0001030594,9.4095,0,0.6273,7.989624E-05,9.4095,0
0.6282,-7.418937E-05,9.423,0,0.6282,6.6804E-05,9.423,0
0.6291,-5.270466E-05,9.4365,0,0.6291,4.39765E-05,9.4365,0
0.63,-0.0001252155,9.45,0,0.63,5.673304E-05,9.45,0
0.6309,-0.0001003738,9.4635,0,0.6309,6.51255E-05,9.4635,0
0.6318,-0.0001225299,9.477,0,0.6318,-5.069047E-05,9.477,0
0.6327,-0.0001607996,9.4905,0,0.6327,-0.0001339437,9.4905,0
0.6336,-0.0001467002,9.504,0,0.6336,-0.000154757,9.504,0
0.6345,-0.0001621424,9.5175,0,0.6345,-0.0001450217,9.5175,0
0.6354,-0.0001285725,9.531,0,0.6354,-0.0001980621,9.531,0
0.6363,-1.376364E-05,9.5445,0,0.6363,-0.0002406958,9.5445,0
0.6372,-5.706874E-06,9.558,0,0.6372,-6.915389E-05,9.558,0
0.6381,-5.404745E-05,9.5715,0,0.6381,0.0001487144,9.5715,0
0.639,-5.572595E-05,9.585,0,0.639,3.323415E-05,9.585,0
0.6399,1.846342E-05,9.5985,0,0.6399,-1.443504E-05,9.5985,0
0.6408,-4.39765E-05,9.612,0,0.6408,-2.954147E-05,9.612,0
0.6417,-4.901198E-05,9.6255,0,0.6417,-0.0001517357,9.6255,0
0.6426,5.069047E-05,9.639,0,0.6426,-0.0001708705,9.639,0
0.6435,2.652018E-05,9.6525,0,0.6435,-8.358892E-05,9.6525,0
0.6444,0.0001584497,9.666,0,0.6444,-7.721065E-05,9.666,0
0.6453,0.0002091402,9.6795,0,0.6453,-0.0001389792,9.6795,0
0.6462,2.887007E-05,9.693,0,0.6462,-0.0001473716,9.693,0
0.6471,7.385367E-06,9.7065,0,0.6471,-5.975433E-05,9.7065,0
0.648,8.157473E-05,9.72,0,0.648,-5.606165E-05,9.72,0
0.6489,0.0001299153,9.7335,0,0.6489,-6.344701E-05,9.7335,0
0.6498,0.0001245441,9.747,0,0.6498,-4.934768E-05,9.747,0
0.6507,7.553216E-05,9.7605,0,0.6507,-8.96315E-05,9.7605,0
0.6516,-4.800488E-05,9.774,0,0.6516,-0.0002940719,9.774,0
0.6525,-9.164568E-05,9.7875,0,0.6525,-0.0003739681,9.7875,0
0.6534,-0.0001329366,9.801,0,0.6534,-0.0003286488,9.801,0
0.6543,-0.0001232013,9.8145,0,0.6543,-0.0002406958,9.8145,0
0.6552,-0.000130251,9.828,0,0.6552,-8.593881E-05,9.828,0
0.6561,-9.903105E-05,9.8415,0,0.6561,0.0004048524,9.8415,0
0.657,-3.021286E-06,9.855,0,0.657,0.0005770657,9.855,0
0.6579,0.0001809415,9.8685,0,0.6579,0.0003951171,9.8685,0
0.6588,0.0001305867,9.882,0,0.6588,0.0001252155,9.882,0
0.6597,-1.678492E-06,9.8955,0,0.6597,3.692683E-06,9.8955,0
0.6606,-8.493171E-05,9.909,0,0.6606,-4.36408E-06,9.909,0
0.6615,-7.687495E-05,9.9225,0,0.6615,-4.834058E-05,9.9225,0
0.6624,-2.584878E-05,9.936,0,0.6624,-0.0001030594,9.936,0
0.6633,-3.793393E-05,9.9495,0,0.6633,-0.000140322,9.9495,0
0.6642,-7.620356E-05,9.963,0,0.6642,-5.706874E-05,9.963,0
0.6651,-6.6804E-05,9.976501,0,0.6651,4.263371E-05,9.976501,0
0.666,3.424125E-05,9.99,0,0.666,4.699779E-06,9.99,0
0.6669,6.848249E-05,10.0035,0,0.6669,-8.69459E-05,10.0035,0
0.6678,-7.418937E-05,10.017,0,0.6678,-8.89601E-05,10.017,0
0.6687,-0.0001943694,10.0305,0,0.6687,-0.0002762798,10.0305,0
0.6696,-0.0001926909,10.044,0,0.6696,-0.0002064546,10.044,0
0.6705,-0.0001795987,10.0575,0,0.6705,0.0001795987,10.0575,0
0.6714,-4.061952E-05,10.071,0,0.6714,0.0001188373,10.071,0
0.6723,9.332418E-05,10.0845,0,0.6723,-0.000193698,10.0845,0
0.6732,0.0001832914,10.098,0,0.6732,-0.0002907149,10.098,0
0.6741,0.0003642329,10.1115,0,0.6741,-4.599069E-05,10.1115,0
0.675,0.0004478218,10.125,0,0.675,-0.0001524071,10.125,0
0.6759,0.0002809796,10.1385,0,0.6759,-0.0001319295,10.1385,0
0.6768,3.659113E-05,10.152,0,0.6768,7.956054E-05,10.152,0
0.6777,-0.0001651637,10.1655,0,0.6777,0.0003400626,10.1655,0
0.6786,-0.0003199207,10.179,0,0.6786,0.0002319677,10.179,0
0.6795,-0.0002289464,10.1925,0,0.6795,0.0001587854,10.1925,0
0.6804,0.0001285725,10.206,0,0.6804,0.0002910506,10.206,0
0.6813,0.0001816129,10.2195,0,0.6813,0.0002880293,10.2195,0
0.6822,0.0001164874,10.233,0,0.6822,0.0002084688,10.233,0
0.6831,0.0001769131,10.2465,0,0.6831,8.493171E-05,10.2465,0
0.684,5.001907E-05,10.26,0,0.684,5.673304E-05,10.26,0
0.6849,5.136187E-05,10.2735,0,0.6849,9.835965E-05,10.2735,0
0.6858,8.560311E-05,10.287,0,0.6858,-1.309224E-05,10.287,0
0.6867,-5.337606E-05,10.3005,0,0.6867,-0.0001423362,10.3005,0
0.6876,-8.090334E-05,10.314,0,0.6876,-0.0001104448,10.314,0
0.6885,-2.517739E-05,10.3275,0,0.6885,-2.417029E-05,10.3275,0
0.6894,4.800488E-05,10.341,0,0.6894,-6.848249E-05,10.341,0
0.6903,-1.644922E-05,10.3545,0,0.6903,-0.0001255512,10.3545,0
0.6912,-8.92958E-05,10.368,0,0.6912,-9.735256E-05,10.368,0
0.6921,-9.600977E-05,10.3815,0,0.6921,-9.567407E-05,10.3815,0
0.693,-4.632639E-05,10.395,0,0.693,-0.0001816129,10.395,0
0.6939,-4.934768E-05,10.4085,0,0.6939,-0.0001678492,10.4085,0
0.6948,-0.0001634852,10.422,0,0.6948,-0.0001080949,10.422,0
0.6957,-0.0001393149,10.4355,0,0.6957,-8.627451E-05,10.4355,0
0.6966,1.644922E-05,10.449,0,0.6966,-0.0001349508,10.449,0
0.6975,-4.196231E-05,10.4625,0,0.6975,-0.000105745,10.4625,0
0.6984,-0.0001164874,10.476,0,0.6984,-7.217517E-05,10.476,0
0.6993,-3.894102E-05,10.4895,0,0.6993,-2.28275E-05,10.4895,0
0.7002,0,10.503,0,0.7002,0.0001171588,10.503,0
0.7011,7.083238E-05,10.5165,0,0.7011,0.0002346532,10.5165,0
0.702,0.0001000381,10.53,0,0.702,0.0002232395,10.53,0
0.7029,-3.021286E-06,10.5435,0,0.7029,7.553216E-05,10.5435,0
0.7038,4.53193E-05,10.557,0,0.7038,4.36408E-06,10.557,0
0.7047,1.644922E-05,10.5705,0,0.7047,-3.524834E-05,10.5705,0
0.7056,9.735256E-06,10.584,0,0.7056,-9.533837E-05,10.584,0
0.7065,9.298848E-05,10.5975,0,0.7065,-0.0001134661,10.5975,0
0.7074,9.869535E-05,10.611,0,0.7074,-6.78111E-05,10.611,0
0.7083,0.0001366293,10.6245,0,0.7083,8.224613E-05,10.6245,0
0.7092,0.0001413291,10.638,0,0.7092,3.927672E-05,10.638,0
0.7101,7.721065E-05,10.6515,0,0.7101,-0.000105745,10.6515,0
0.711,8.728161E-06,10.665,0,0.711,-5.874724E-05,10.665,0
0.7119,5.203327E-05,10.6785,0,0.7119,-4.028382E-05,10.6785,0
0.7128,3.994812E-05,10.692,0,0.7128,4.36408E-06,10.692,0
0.7137,2.014191E-06,10.7055,0,0.7137,7.418937E-05,10.7055,0
0.7146,-1.275654E-05,10.719,0,0.7146,0.0001356222,10.719,0
0.7155,-4.061952E-05,10.7325,0,0.7155,4.867628E-05,10.7325,0
0.7164,-7.016098E-05,10.746,0,0.7164,-0.0001044022,10.746,0
0.7173,-2.719158E-05,10.7595,0,0.7173,-0.0001658351,10.7595,0
0.7182,-0.0001030594,10.773,0,0.7182,-0.0002370031,10.773,0
0.7191,-0.000193698,10.7865,0,0.7191,-8.627451E-05,10.7865,0
0.72,-7.016098E-05,10.8,0,0.72,3.860533E-05,10.8,0
0.7209,0.0001151446,10.8135,0,0.7209,0.000341741,10.8135,0
0.7218,4.061952E-05,10.827,0,0.7218,0.0003810178,10.827,0
0.7227,-6.243992E-05,10.8405,0,0.7227,0.0001258869,10.8405,0
0.7236,-5.069047E-05,10.854,0,0.7236,-4.33051E-05,10.854,0
0.7245,-0.0001097734,10.8675,0,0.7245,-8.023193E-05,10.8675,0
0.7254,-7.821774E-05,10.881,0,0.7254,-0.0001064164,10.881,0
0.7263,-5.572595E-05,10.8945,0,0.7263,-0.0001456931,10.8945,0
0.7272,-7.183947E-05,10.908,0,0.7272,-0.0001346151,10.908,0
0.7281,-0.000109102,10.9215,0,0.7281,-9.835965E-05,10.9215,0
0.729,-5.941863E-05,10.935,0,0.729,-0.0001950408,10.935,0
0.7299,5.807584E-05,10.9485,0,0.7299,-0.0002232395,10.9485,0
0.7308,8.459602E-05,10.962,0,0.7308,-0.0001215228,10.962,0
0.7317,4.36408E-06,10.9755,0,0.7317,1.309224E-05,10.9755,0
0.7326,-9.164568E-05,10.989,0,0.7326,0.0001379721,10.989,0
0.7335,-5.404745E-05,11.0025,0,0.7335,0.0001161517,11.0025,0
0.7344,7.351797E-05,11.016,0,0.7344,3.558404E-05,11.016,0
0.7353,3.692683E-06,11.0295,0,0.7353,2.383459E-05,11.0295,0
0.7362,2.786297E-05,11.043,0,0.7362,-4.129091E-05,11.043,0
0.7371,6.411841E-05,11.0565,0,0.7371,-0.0002044404,11.0565,0
0.738,-4.129091E-05,11.07,0,0.738,-0.0002118257,11.07,0
0.7389,2.1149E-05,11.0835,0,0.7389,-0.0002910506,11.0835,0
0.7398,1.510643E-05,11.097,0,0.7398,-0.0002306248,11.097,0
0.7407,-0.0001185016,11.1105,0,0.7407,-9.835965E-05,11.1105,0
0.7416,-0.0002151827,11.124,0,0.7416,-7.586786E-05,11.124,0
0.7425,-0.0001279011,11.1375,0,0.7425,3.054856E-05,11.1375,0
0.7434,3.860533E-05,11.151,0,0.7434,0.000252781,11.151,0
0.7443,1.376364E-05,11.1645,0,0.7443,0.0002165255,11.1645,0
0.7452,-0.0001530785,11.178,0,0.7452,0.0001070878,11.178,0
0.7461,-0.0001873197,11.1915,0,0.7461,7.620356E-05,11.1915,0
0.747,-5.606165E-05,11.205,0,0.747,4.968337E-05,11.205,0
0.7479,-2.987716E-05,11.2185,0,0.7479,9.063859E-06,11.2185,0
0.7488,-0.0001074235,11.232,0,0.7488,-4.33051E-05,11.232,0
0.7497,-2.383459E-05,11.2455,0,0.7497,-5.069047E-05,11.2455,0
0.7506,6.411841E-05,11.259,0,0.7506,-1.275654E-05,11.259,0
0.7515,-6.109713E-05,11.2725,0,0.7515,-5.941863E-05,11.2725,0
0.7524,-1.040665E-05,11.286,0,0.7524,-0.0001352865,11.286,0
0.7533,7.687495E-05,11.2995,0,0.7533,-0.0001681849,11.2995,0
0.7542,8.728161E-06,11.313,0,0.7542,-0.0001947051,11.313,0
0.7551,-3.390555E-05,11.3265,0,0.7551,-0.0002564736,11.3265,0
0.756,6.51255E-05,11.34,0,0.756,-0.0002447242,11.34,0
0.7569,3.726253E-05,11.3535,0,0.7569,-0.0002178683,11.3535,0
0.7578,5.673304E-05,11.367,0,0.7578,-0.0001050736,11.367,0
0.7587,0.0001782559,11.3805,0,0.7587,0.0001527428,11.3805,0
0.7596,0.0002128328,11.394,0,0.7596,0.0001708705,11.394,0
0.7605,3.021286E-06,11.4075,0,0.7605,2.484169E-05,11.4075,0
0.7614,-7.620356E-05,11.421,0,0.7614,-0.0001577783,11.421,0
0.7623,-0.0001181659,11.4345,0,0.7623,-0.0001577783,11.4345,0
0.7632,-3.659113E-05,11.448,0,0.7632,-8.96315E-05,11.448,0
0.7641,0.0001668421,11.4615,0,0.7641,8.224613E-05,11.4615,0
0.765,7.016098E-05,11.475,0,0.765,0.0002766156,11.475,0
0.7659,-0.0001312581,11.4885,0,0.7659,7.284657E-05,11.4885,0
0.7668,-0.0001346151,11.502,0,0.7668,-0.0001275654,11.502,0
0.7677,-8.392462E-06,11.5155,0,0.7677,-0.0001832914,11.5155,0
0.7686,-2.383459E-05,11.529,0,0.7686,-0.0001896696,11.529,0
0.7695,7.150377E-05,11.5425,0,0.7695,-0.0001611353,11.5425,0
0.7704,6.143282E-05,11.556,0,0.7704,9.063859E-06,11.556,0
0.7713,0.0001520714,11.5695,0,0.7713,0.0001121233,11.5695,0
0.7722,0.0001309224,11.583,0,0.7722,8.89601E-05,11.583,0
0.7731,0.000102388,11.5965,0,0.7731,7.687495E-05,11.5965,0
0.774,4.867628E-05,11.61,0,0.774,0.0002326391,11.61,0
0.7749,-2.484169E-05,11.6235,0,0.7749,0.0004427863,11.6235,0
0.7758,-3.558404E-05,11.637,0,0.7758,0.0002621805,11.637,0
0.7767,-1.040665E-05,11.6505,0,0.7767,0.0001017166,11.6505,0
0.7776,-9.265278E-05,11.664,0,0.7776,0.0001305867,11.664,0
0.7785,-0.0001816129,11.6775,0,0.7785,0.0001094377,11.6775,0
0.7794,-0.0001514,11.691,0,0.7794,2.618448E-05,11.691,0
0.7803,-0.0001514,11.7045,0,0.7803,5.035477E-06,11.7045,0
0.7812,7.385367E-06,11.718,0,0.7812,-1.577783E-05,11.718,0
0.7821,0.0001198444,11.7315,0,0.7821,7.855344E-05,11.7315,0
0.783,7.922484E-05,11.745,0,0.783,2.920577E-05,11.745,0
0.7839,6.411841E-05,11.7585,0,0.7839,-6.57969E-05,11.7585,0
0.7848,5.874724E-05,11.772,0,0.7848,-3.591974E-05,11.772,0
0.7857,-4.599069E-05,11.7855,0,0.7857,-1.309224E-05,11.7855,0
0.7866,-8.023193E-05,11.799,0,0.7866,-7.586786E-05,11.799,0
0.7875,-1.174945E-05,11.8125,0,0.7875,-0.0001638209,11.8125,0
0.7884,-3.524834E-05,11.826,0,0.7884,-0.0002574807,11.826,0
0.7893,-0.0001161517,11.8395,0,0.7893,-0.0002413672,11.8395,0
0.7902,-4.129091E-05,11.853,0,0.7902,-0.000239353,11.853,0
0.7911,5.841154E-05,11.8665,0,0.7911,-0.0001467002,11.8665,0
0.792,-4.699779E-05,11.88,0,0.792,2.987716E-05,11.88,0
0.7929,-0.0001198444,11.8935,0,0.7929,-8.426032E-05,11.8935,0
0.7938,-0.0001097734,11.907,0,0.7938,-0.0003158923,11.907,0
0.7947,-2.719158E-05,11.9205,0,0.7947,-0.0001802701,11.9205,0
0.7956,-3.860533E-05,11.934,0,0.7956,2.853437E-05,11.934,0
0.7965,-1.947051E-05,11.9475,0,0.7965,0.0001775845,11.9475,0
0.7974,-7.049668E-06,11.961,0,0.7974,0.0002722515,11.961,0
0.7983,-2.21561E-05,11.9745,0,0.7983,0.0003575189,11.9745,0
0.7992,-3.424125E-05,11.988,0,0.7992,0.0002813153,11.988,0
0.8001,-0.0001044022,12.0015,0,0.8001,0.0001044022,12.0015,0
0.801,-4.934768E-05,12.015,0,0.801,-1.275654E-05,12.015,0
0.8019,9.567407E-05,12.0285,0,0.8019,-5.673304E-05,12.0285,0
0.8028,4.028382E-05,12.042,0,0.8028,-5.471885E-05,12.042,0
0.8037,4.800488E-05,12.0555,0,0.8037,-0.0001171588,12.0555,0
0.8046,0.0001386435,12.069,0,0.8046,-0.0001450217,12.069,0
0.8055,9.701686E-05,12.0825,0,0.8055,-0.0001144732,12.0825,0
0.8064,6.51255E-05,12.096,0,0.8064,-0.000130251,12.096,0
0.8073,0.0001151446,12.1095,0,0.8073,-0.0001443503,12.1095,0
0.8082,0.0001070878,12.123,0,0.8082,-0.0001171588,12.123,0
0.8091,0.0001013809,12.1365,0,0.8091,-5.001907E-05,12.1365,0
0.81,8.761731E-05,12.15,0,0.81,-1.275654E-05,12.15,0
0.8109,1.712062E-05,12.1635,0,0.8109,1.040665E-05,12.1635,0
0.8118,-2.349889E-05,12.177,0,0.8118,-1.980621E-05,12.177,0
0.8127,-5.572595E-05,12.1905,0,0.8127,-6.344701E-05,12.1905,0
0.8136,-2.383459E-05,12.204,0,0.8136,-0.0002292821,12.204,0
0.8145,-3.155566E-05,12.2175,0,0.8145,-0.0003326772,12.2175,0
0.8154,9.433127E-05,12.231,0,0.8154,-0.0003078355,12.231,0
0.8163,0.0001473716,12.2445,0,0.8163,-0.0002776226,12.2445,0
0.8172,0.0001205158,12.258,0,0.8172,-0.0001594568,12.258,0
0.8181,-0.0001030594,12.2715,0,0.8181,0.0001440146,12.2715,0
0.819,-0.0002185397,12.285,0,0.819,0.000542153,12.285,0
0.8199,-0.0001701991,12.2985,0,0.8199,0.0004179446,12.2985,0
0.8208,-0.0001738918,12.312,0,0.8208,0.0002390173,12.312,0
0.8217,-0.0002702373,12.3255,0,0.8217,7.284657E-05,12.3255,0
0.8226,-1.309224E-05,12.339,0,0.8226,-0.0001510643,12.339,0
0.8235,0.0003581903,12.3525,0,0.8235,-8.82887E-05,12.3525,0
0.8244,0.0004095522,12.366,0,0.8244,4.699779E-05,12.366,0
0.8253,0.0002974289,12.3795,0,0.8253,-2.383459E-05,12.3795,0
0.8262,0.0001003738,12.393,0,0.8262,5.035477E-06,12.393,0
0.8271,-6.713969E-06,12.4065,0,0.8271,9.768826E-05,12.4065,0
0.828,6.378271E-06,12.42,0,0.828,5.169757E-05,12.42,0
0.8289,-1.712062E-05,12.4335,0,0.8289,1.309224E-05,12.4335,0
0.8298,-0.0001017166,12.447,0,0.8298,-5.706874E-06,12.447,0
0.8307,-6.210422E-05,12.4605,0,0.8307,-2.24918E-05,12.4605,0
0.8316,4.968337E-05,12.474,0,0.8316,-2.316319E-05,12.474,0
0.8325,-4.699779E-06,12.4875,0,0.8325,4.095522E-05,12.4875,0
0.8334,-1.812772E-05,12.501,0,0.8334,2.853437E-05,12.501,0
0.8343,1.174945E-05,12.5145,0,0.8343,-9.433127E-05,12.5145,0
0.8352,6.378271E-06,12.528,0,0.8352,-8.661021E-05,12.528,0
0.8361,-0.0001467002,12.5415,0,0.8361,-4.39765E-05,12.5415,0
0.837,-0.0001225299,12.555,0,0.837,1.913481E-05,12.555,0
0.8379,-0.00024271,12.5685,0,0.8379,5.941863E-05,12.5685,0
0.8388,-0.0003914244,12.582,0,0.8388,-6.042573E-05,12.582,0
0.8397,-0.0004014954,12.5955,0,0.8397,-3.457694E-05,12.5955,0
0.8406,-0.0003501335,12.609,0,0.8406,-6.277562E-05,12.609,0
0.8415,-0.0003054856,12.6225,0,0.8415,-0.0003121996,12.6225,0
0.8424,-0.0002776226,12.636,0,0.8424,-0.0004911269,12.636,0
0.8433,-0.0003101854,12.6495,0,0.8433,-0.0004421149,12.6495,0
0.8442,-0.0002323034,12.663,0,0.8442,-0.0001211871,12.663,0
0.8451,-0.0002944076,12.6765,0,0.8451,-5.035477E-06,12.6765,0
0.846,-0.0003266346,12.69,0,0.846,0.0001326009,12.69,0
0.8469,-4.196231E-05,12.7035,0,0.8469,0.0004682994,12.7035,0
0.8478,0.0003434196,12.717,0,0.8478,0.0004213016,12.717,0
0.8487,0.0004766918,12.7305,0,0.8487,0.0001285725,12.7305,0
0.8496,0.0002077974,12.744,0,0.8496,0.0001540856,12.744,0
0.8505,4.699779E-05,12.7575,0,0.8505,0.0001634852,12.7575,0
0.8514,0.000126894,12.771,0,0.8514,0.000249424,12.771,0
0.8523,0.0002769512,12.7845,0,0.8523,0.0003246204,12.7845,0
0.8532,0.0001178302,12.798,0,0.8532,0.000179263,12.798,0
0.8541,0.0001675135,12.8115,0,0.8541,0.000133608,12.8115,0
0.855,0.0003534905,12.825,0,0.855,5.337606E-05,12.825,0
0.8559,0.0002104829,12.8385,0,0.8559,-8.358892E-05,12.8385,0
0.8568,7.620356E-05,12.852,0,0.8568,-0.0001258869,12.852,0
0.8577,8.72816E-05,12.8655,0,0.8577,-0.0001960479,12.8655,0
0.8586,0.0001178302,12.879,0,0.8586,-0.0002265965,12.879,0
0.8595001,5.001907E-05,12.8925,0,0.8595001,-0.0001500572,12.8925,0
0.8604,1.141375E-05,12.906,0,0.8604,-0.0001326009,12.906,0
0.8613,3.927672E-05,12.9195,0,0.8613,-0.0001822843,12.9195,0
0.8622,-3.189136E-05,12.933,0,0.8622,-0.0001443503,12.933,0
0.8631,-7.855344E-05,12.9465,0,0.8631,-0.0001420005,12.9465,0
0.864,-9.063859E-06,12.96,0,0.864,-0.0001560998,12.96,0
0.8649,4.36408E-06,12.9735,0,0.8649,-1.376364E-05,12.9735,0
0.8658,9.735256E-06,12.987,0,0.8658,4.934768E-05,12.987,0
0.8667,3.390555E-05,13.0005,0,0.8667,7.150377E-05,13.0005,0
0.8676,-2.24918E-05,13.014,0,0.8676,5.471885E-05,13.014,0
0.8685,-4.800488E-05,13.0275,0,0.8685,4.196231E-05,13.0275,0
0.8694,3.356985E-06,13.041,0,0.8694,-0.0001211871,13.041,0
0.8703,-6.009003E-05,13.0545,0,0.8703,-0.0001285725,13.0545,0
0.8712,-7.821774E-05,13.068,0,0.8712,-0.000186984,13.068,0
0.8721,3.189136E-05,13.0815,0,0.8721,-0.0002098116,13.0815,0
0.873,-4.867628E-05,13.095,0,0.873,-0.0001728847,13.095,0
0.8739,-1.510643E-05,13.1085,0,0.8739,-0.0001164874,13.1085,0
0.8748,0.0001201801,13.122,0,0.8748,-5.639734E-05,13.122,0
0.8757,-1.309224E-05,13.1355,0,0.8757,-9.835965E-05,13.1355,0
0.8766,-9.466698E-05,13.149,0,0.8766,-0.0001178302,13.149,0
0.8775,-3.256275E-05,13.1625,0,0.8775,-6.71397E-05,13.1625,0
0.8784,-2.887007E-05,13.176,0,0.8784,-8.627451E-05,13.176,0
0.8793,-1.846342E-05,13.1895,0,0.8793,-0.0001638209,13.1895,0
0.8802,-5.404745E-05,13.203,0,0.8802,-1.141375E-05,13.203,0
0.8811,-5.706874E-06,13.2165,0,0.8811,0.0002195468,13.2165,0
0.882,-7.318227E-05,13.23,0,0.882,2.786297E-05,13.23,0
0.8829,-0.0001077592,13.2435,0,0.8829,-0.0001554284,13.2435,0
0.8838,-0.000161471,13.257,0,0.8838,-0.0002487526,13.257,0
0.8847,-0.0002722515,13.2705,0,0.8847,-0.0005260395,13.2705,0
0.8856,-9.567407E-05,13.284,0,0.8856,-0.0005213398,13.284,0
0.8865,3.625543E-05,13.2975,0,0.8865,-0.0001876554,13.2975,0
0.8874,0.0001950408,13.311,0,0.8874,0.0003387198,13.311,0
0.8883,0.0003595331,13.3245,0,0.8883,0.0004897841,13.3245,0
0.8892,0.0003575189,13.338,0,0.8892,0.0004478218,13.338,0
0.8901,0.0002440528,13.3515,0,0.8901,0.0004897841,13.3515,0
0.891,9.365987E-05,13.365,0,0.891,0.0004307012,13.365,0
0.8919,-2.349889E-06,13.3785,0,0.8919,0.0003558404,13.3785,0
0.8928,6.109713E-05,13.392,0,0.8928,0.0002380102,13.392,0
0.8937,2.819867E-05,13.4055,0,0.8937,0.0001514,13.4055,0
0.8946,8.426032E-05,13.419,0,0.8946,0.0001003738,13.419,0
0.8955,0.0001164874,13.4325,0,0.8955,5.673304E-05,13.4325,0
0.8964,0.0001349508,13.446,0,0.8964,3.256275E-05,13.446,0
0.8973,-1.107805E-05,13.4595,0,0.8973,3.524834E-05,13.4595,0
0.8982,-4.39765E-05,13.473,0,0.8982,-6.74754E-05,13.473,0
0.8991,4.699779E-06,13.4865,0,0.8991,-0.0002151827,13.4865,0
0.9,-7.586786E-05,13.5,0,0.9,-0.0002232395,13.5,0
0.9009,-9.231708E-05,13.5135,0,0.9009,-0.000295079,13.5135,0
0.9018,-2.551309E-05,13.527,0,0.9018,-0.0003766537,13.527,0
0.9027,-0.0001138018,13.5405,0,0.9027,-0.0002635233,13.5405,0
0.9036,-0.0001205158,13.554,0,0.9036,-0.0001379721,13.554,0
0.9045,4.800488E-05,13.5675,0,0.9045,-3.927672E-05,13.5675,0
0.9054,8.761731E-05,13.581,0,0.9054,-3.021286E-06,13.581,0
0.9063,0.0002088045,13.5945,0,0.9063,1.678492E-06,13.5945,0
0.9072,0.0002890364,13.608,0,0.9072,3.860533E-05,13.608,0
0.9081,0.0001490501,13.6215,0,0.9081,-8.493171E-05,13.6215,0
0.909,-4.867628E-05,13.635,0,0.909,-0.0002218967,13.635,0
0.9099,-0.0001292439,13.6485,0,0.9099,-0.0002829938,13.6485,0
0.9108,-0.0002547952,13.662,0,0.9108,-0.0001829557,13.662,0
0.9117,-0.0003048142,13.6755,0,0.9117,-0.0002286107,13.6755,0
0.9126,-0.0002652018,13.689,0,0.9126,-0.0001225299,13.689,0
0.9135,-9.399557E-05,13.7025,0,0.9135,0.0001534142,13.7025,0
0.9144,0.0001876554,13.716,0,0.9144,0.0003971313,13.716,0
0.9153,9.936675E-05,13.7295,0,0.9153,0.0002171969,13.7295,0
0.9162,-6.243992E-05,13.743,0,0.9162,0.0002292821,13.743,0
0.9171,-0.0001205158,13.7565,0,0.9171,0.0003165637,13.7565,0
0.918,-0.000179263,13.77,0,0.918,0.0002937362,13.77,0
0.9189,-0.0001886625,13.7835,0,0.9189,0.0002514381,13.7835,0
0.9198,-0.0002232395,13.797,0,0.9198,9.768826E-05,13.797,0
0.9207,-0.0001816129,13.8105,0,0.9207,-3.860533E-05,13.8105,0
0.9216,-0.0001641566,13.824,0,0.9216,-7.351797E-05,13.824,0
0.9225,-0.0001671778,13.8375,0,0.9225,-0.0002920577,13.8375,0
0.9234,-5.874724E-05,13.851,0,0.9234,-0.000322942,13.851,0
0.9243,-0.0001255512,13.8645,0,0.9243,-0.0002907149,13.8645,0
0.9252,-0.0001534142,13.878,0,0.9252,-0.0003118639,13.878,0
0.9261,-5.404745E-05,13.8915,0,0.9261,-6.848249E-05,13.8915,0
0.927,-0.0001131304,13.905,0,0.927,9.097429E-05,13.905,0
0.9279,-6.210422E-05,13.9185,0,0.9279,0.0001819486,13.9185,0
0.9288,-0.0001040665,13.932,0,0.9288,4.36408E-06,13.932,0
0.9297,-0.0001728847,13.9455,0,0.9297,-0.0001540856,13.9455,0
0.9306,-0.0001913481,13.959,0,0.9306,-0.0001748989,13.959,0
0.9315,-0.0001920195,13.9725,0,0.9315,-0.0001809415,13.9725,0
0.9324,-0.0002124971,13.986,0,0.9324,7.888914E-05,13.986,0
0.9333,-0.000172549,13.9995,0,0.9333,0.000312871,13.9995,0
0.9342,7.251087E-05,14.013,0,0.9342,0.0003259632,14.013,0
0.9351,0.0003568475,14.0265,0,0.9351,2.1149E-05,14.0265,0
0.936,0.0005777371,14.04,0,0.936,-8.96315E-05,14.04,0
0.9369,0.0005797513,14.0535,0,0.9369,5.774014E-05,14.0535,0
0.9378,0.0002719158,14.067,0,0.9378,-2.21561E-05,14.067,0
0.9387,0.0001185016,14.0805,0,0.9387,-8.291753E-05,14.0805,0
0.9396001,0.0001564355,14.094,0,0.9396001,-0.0001604639,14.094,0
0.9405,-6.713969E-07,14.1075,0,0.9405,2.349889E-06,14.1075,0
0.9414001,-4.33051E-05,14.121,0,0.9414001,-6.076142E-05,14.121,0
0.9423,-1.007095E-05,14.1345,0,0.9423,-0.0002208896,14.1345,0
0.9432001,8.157473E-05,14.148,0,0.9432001,-0.0001829557,14.148,0
0.9441,0.0001117876,14.1615,0,0.9441,-0.0002057832,14.1615,0
0.9450001,0.0001198444,14.175,0,0.9450001,-0.0001111162,14.175,0
0.9459,4.028382E-05,14.1885,0,0.9459,-2.987716E-05,14.1885,0
0.9468,-4.699779E-06,14.202,0,0.9468,-3.726253E-05,14.202,0
0.9477,6.378271E-06,14.2155,0,0.9477,1.812772E-05,14.2155,0
0.9486,-1.644922E-05,14.229,0,0.9486,4.666209E-05,14.229,0
0.9495,-3.524834E-05,14.2425,0,0.9495,6.143282E-05,14.2425,0
0.9504,-3.054856E-05,14.256,0,0.9504,9.500267E-05,14.256,0
0.9513,-7.049668E-05,14.2695,0,0.9513,0.0002222324,14.2695,0
0.9522,-6.042573E-05,14.283,0,0.9522,0.0003125353,14.283,0
0.9531,-3.994812E-05,14.2965,0,0.9531,0.0001366293,14.2965,0
0.954,-5.404745E-05,14.31,0,0.954,0.0001064164,14.31,0
0.9549,-0.000105745,14.3235,0,0.9549,6.6804E-05,14.3235,0
0.9558,-6.210422E-05,14.337,0,0.9558,-3.289845E-05,14.337,0
0.9567,-0.0001174945,14.3505,0,0.9567,6.378271E-06,14.3505,0
0.9576,-0.0001641566,14.364,0,0.9576,6.210422E-05,14.364,0
0.9585,-0.0001017166,14.3775,0,0.9585,1.678492E-06,14.3775,0
0.9594,-3.726253E-05,14.391,0,0.9594,-0.0001544213,14.391,0
0.9603,2.652018E-05,14.4045,0,0.9603,-0.0002034333,14.4045,0
0.9612,-1.678492E-05,14.418,0,0.9612,-0.000158114,14.418,0
0.9621,-1.510643E-05,14.4315,0,0.9621,-0.000126894,14.4315,0
0.963,3.088426E-05,14.445,0,0.963,-0.000161471,14.445,0
0.9639,7.049668E-06,14.4585,0,0.9639,-3.558404E-05,14.4585,0
0.9648,-3.021286E-06,14.472,0,0.9648,8.89601E-05,14.472,0
0.9657,6.009003E-05,14.4855,0,0.9657,-9.567407E-05,14.4855,0
0.9666,3.793393E-05,14.499,0,0.9666,-0.0001802701,14.499,0
0.9675,-9.735256E-06,14.5125,0,0.9675,-8.090334E-05,14.5125,0
0.9684,6.713969E-07,14.526,0,0.9684,7.049668E-06,14.526,0
0.9693,8.157473E-05,14.5395,0,0.9693,3.659113E-05,14.5395,0
0.9702,8.358892E-05,14.553,0,0.9702,-1.644922E-05,14.553,0
0.9711,3.356985E-07,14.5665,0,0.9711,-5.740444E-05,14.5665,0
0.972,-3.021286E-06,14.58,0,0.972,-7.956054E-05,14.58,0
0.9729,2.584878E-05,14.5935,0,0.9729,-8.627451E-05,14.5935,0
0.9738,4.263371E-05,14.607,0,0.9738,-0.0001198444,14.607,0
0.9747,8.358892E-05,14.6205,0,0.9747,1.007095E-06,14.6205,0
0.9756,-4.39765E-05,14.634,0,0.9756,3.894102E-05,14.634,0
0.9765,-7.418937E-05,14.6475,0,0.9765,-0.0001688563,14.6475,0
0.9774,-6.143282E-05,14.661,0,0.9774,-0.0001285725,14.661,0
0.9783,-0.0001258869,14.6745,0,0.9783,0.0001735561,14.6745,0
0.9792,-0.0001131304,14.688,0,0.9792,-4.565499E-05,14.688,0
0.9801,-3.894102E-05,14.7015,0,0.9801,-0.0002635233,14.7015,0
0.981,-0.0001634852,14.715,0,0.981,0.0001205158,14.715,0
0.9819,-2.584878E-05,14.7285,0,0.9819,0.0002984359,14.7285,0
0.9828,0.0001930266,14.742,0,0.9828,0.0002124971,14.742,0
0.9837,8.123904E-05,14.7555,0,0.9837,0.0001174945,14.7555,0
0.9846,7.721065E-06,14.769,0,0.9846,-3.692683E-06,14.769,0
0.9855,0.0001067521,14.7825,0,0.9855,-9.097429E-05,14.7825,0
0.9864,0.0003028,14.796,0,0.9864,-0.0001074235,14.796,0
0.9873,0.0003252918,14.8095,0,0.9873,-6.344701E-05,14.8095,0
0.9882,0.0001527428,14.823,0,0.9882,3.927672E-05,14.823,0
0.9891,4.095522E-05,14.8365,0,0.9891,6.378271E-05,14.8365,0
0.99,1.443504E-05,14.85,0,0.99,0.0001205158,14.85,0
0.9909,-2.685588E-06,14.8635,0,0.9909,8.291753E-05,14.8635,0
0.9918,-6.277562E-05,14.877,0,0.9918,0.0001144732,14.877,0
0.9927,-9.835965E-05,14.8905,0,0.9927,4.766919E-05,14.8905,0
0.9936,-8.426032E-05,14.904,0,0.9936,-0.0001463645,14.904,0
0.9945,-0.0001326009,14.9175,0,0.9945,-0.0001849699,14.9175,0
0.9954,-0.0001534142,14.931,0,0.9954,-0.000172549,14.931,0
0.9963,-0.0001346151,14.9445,0,0.9963,-0.0001960479,14.9445,0
0.9972,-0.0001426719,14.958,0,0.9972,-5.706874E-05,14.958,0
0.9981,-0.0001574426,14.9715,0,0.9981,0.0001373007,14.9715,0
0.999,-0.0001453574,14.985,0,0.999,8.96315E-05,14.985,0
0.9999,-9.365987E-05,14.9985,0,0.9999,9.265278E-05,14.9985,0
1.0008,6.478981E-05,15.012,0,1.0008,-1.409934E-05,15.012,0
1.0017,2.21561E-05,15.0255,0,1.0017,-5.874724E-05,15.0255,0
1.0026,-2.047761E-05,15.039,0,1.0026,-9.130999E-05,15.039,0
1.0035,3.323415E-05,15.0525,0,1.0035,-0.0001188373,15.0525,0
1.0044,4.129091E-05,15.066,0,1.0044,-0.0001168231,15.066,0
1.0053,-9.735256E-06,15.0795,0,1.0053,-8.157473E-05,15.0795,0
1.0062,-8.224613E-05,15.093,0,1.0062,-7.956054E-05,15.093,0
1.0071,-0.0001540856,15.1065,0,1.0071,-9.030289E-05,15.1065,0
1.008,-0.0002903792,15.12,0,1.008,-3.256275E-05,15.12,0
1.0089,-0.000433051,15.1335,0,1.0089,-0.0001527428,15.1335,0
1.0098,-0.0003934386,15.147,0,1.0098,-0.0003675898,15.147,0
1.0107,-0.0001436789,15.1605,0,1.0107,-0.0004360723,15.1605,0
1.0116,0.0001715419,15.174,0,1.0116,-0.0002853437,15.174,0
1.0125,0.0001483787,15.1875,0,1.0125,-0.0001980621,15.1875,0
1.0134,4.666209E-05,15.201,0,1.0134,-0.0001493858,15.201,0
1.0143,0.0001607996,15.2145,0,1.0143,5.001907E-05,15.2145,0
1.0152,0.0001715419,15.228,0,1.0152,0.0003014572,15.228,0
1.0161,0.0001366293,15.2415,0,1.0161,0.0004122377,15.2415,0
1.017,8.023193E-05,15.255,0,1.017,0.0002756084,15.255,0
1.0179,0.0001285725,15.2685,0,1.0179,9.634547E-05,15.2685,0
1.0188,-4.028382E-06,15.282,0,1.0188,0.0001044022,15.282,0
1.0197,4.028382E-06,15.2955,0,1.0197,7.721065E-05,15.2955,0
1.0206,7.653925E-05,15.309,0,1.0206,5.539025E-05,15.309,0
1.0215,3.155566E-05,15.3225,0,1.0215,9.970245E-05,15.3225,0
1.0224,-4.36408E-06,15.336,0,1.0224,1.443504E-05,15.336,0
1.0233,-1.174945E-05,15.3495,0,1.0233,-7.418937E-05,15.3495,0
1.0242,-9.970245E-05,15.363,0,1.0242,1.040665E-05,15.363,0
1.0251,-0.0001453574,15.3765,0,1.0251,3.323415E-05,15.3765,0
1.026,-0.0001205158,15.39,0,1.026,-8.728161E-06,15.39,0
1.0269,-3.860533E-05,15.4035,0,1.0269,4.632639E-05,15.4035,0
1.0278,-9.063859E-06,15.417,0,1.0278,5.908293E-05,15.417,0
1.0287,5.807584E-05,15.4305,0,1.0287,3.591974E-05,15.4305,0
1.0296,0.0001252155,15.444,0,1.0296,2.014191E-06,15.444,0
1.0305,7.956054E-05,15.4575,0,1.0305,-6.277562E-05,15.4575,0
1.0314,7.418937E-05,15.471,0,1.0314,-0.0002490883,15.471,0
1.0323,2.954147E-05,15.4845,0,1.0323,-0.0002645304,15.4845,0
1.0332,-1.678492E-06,15.498,0,1.0332,-0.0001661708,15.498,0
1.0341,3.793393E-05,15.5115,0,1.0341,-2.584878E-05,15.5115,0
1.035,1.779202E-05,15.525,0,1.035,0.0001926909,15.525,0
1.0359,5.438316E-05,15.5385,0,1.0359,0.0001997406,15.5385,0
1.0368,1.443504E-05,15.552,0,1.0368,5.874724E-05,15.552,0
1.0377,1.678492E-05,15.5655,0,1.0377,4.53193E-05,15.5655,0
1.0386,-1.678492E-06,15.579,0,1.0386,6.009003E-05,15.579,0
1.0395,-2.484169E-05,15.5925,0,1.0395,2.1149E-05,15.5925,0
1.0404,-9.735256E-06,15.606,0,1.0404,-4.028382E-06,15.606,0
1.0413,5.136187E-05,15.6195,0,1.0413,-5.102617E-05,15.6195,0
1.0422,3.659113E-05,15.633,0,1.0422,-1.040665E-05,15.633,0
1.0431,9.365987E-05,15.6465,0,1.0431,7.922484E-05,15.6465,0
1.044,0.0001232013,15.66,0,1.044,0.0001708705,15.66,0
1.0449,-6.378271E-06,15.6735,0,1.0449,-0.000164828,15.6735,0
1.0458,-0.0001352865,15.687,0,1.0458,-0.0002635233,15.687,0
1.0467,-1.074235E-05,15.7005,0,1.0467,-0.00024271,15.7005,0
1.0476,8.426032E-05,15.714,0,1.0476,-0.0002742657,15.714,0
1.0485,1.174945E-05,15.7275,0,1.0485,-0.000105745,15.7275,0
1.0494,3.994812E-05,15.741,0,1.0494,-2.887007E-05,15.741,0
1.0503,0.000109102,15.7545,0,1.0503,-3.591974E-05,15.7545,0
1.0512,0.0001215228,15.768,0,1.0512,0.0001312581,15.768,0
1.0521,4.49836E-05,15.7815,0,1.0521,0.000291722,15.7815,0
1.053,2.383459E-05,15.795,0,1.053,0.0001460288,15.795,0
1.0539,-1.376364E-05,15.8085,0,1.0539,-5.371176E-06,15.8085,0
1.0548,2.517739E-05,15.822,0,1.0548,-8.96315E-05,15.822,0
1.0557,1.007095E-05,15.8355,0,1.0557,-4.46479E-05,15.8355,0
1.0566,5.438316E-05,15.849,0,1.0566,-4.733349E-05,15.849,0
1.0575,5.471885E-05,15.8625,0,1.0575,-4.53193E-05,15.8625,0
1.0584,5.874724E-05,15.876,0,1.0584,1.510643E-05,15.876,0
1.0593,1.644922E-05,15.8895,0,1.0593,9.567407E-05,15.8895,0
1.0602,2.081331E-05,15.903,0,1.0602,8.157473E-05,15.903,0
1.0611,2.349889E-05,15.9165,0,1.0611,1.342794E-06,15.9165,0
1.062,-0.0001450217,15.93,0,1.062,6.713969E-07,15.93,0
1.0629,-0.0002554666,15.9435,0,1.0629,-2.047761E-05,15.9435,0
1.0638,-0.000169192,15.957,0,1.0638,-8.325322E-05,15.957,0
1.0647,-0.0001420005,15.9705,0,1.0647,-8.258183E-05,15.9705,0
1.0656,-0.0002245823,15.984,0,1.0656,-6.57969E-05,15.984,0
1.0665,-8.72816E-05,15.9975,0,1.0665,-7.284657E-05,15.9975,0
1.0674,0.0001876554,16.011,0,1.0674,-4.36408E-05,16.011,0
1.0683,0.0001537499,16.0245,0,1.0683,-4.867628E-05,16.0245,0
1.0692,-1.342794E-05,16.038,0,1.0692,-5.203327E-05,16.038,0
1.0701,-7.284657E-05,16.0515,0,1.0701,-4.53193E-05,16.0515,0
1.071,-5.404745E-05,16.065,0,1.071,-5.941863E-05,16.065,0
1.0719,-2.853437E-05,16.0785,0,1.0719,-6.57969E-05,16.0785,0
1.0728,-6.344701E-05,16.092,0,1.0728,-7.553216E-05,16.092,0
1.0737,-1.510643E-05,16.1055,0,1.0737,-7.620356E-05,16.1055,0
1.0746,2.081331E-05,16.119,0,1.0746,-6.243992E-05,16.119,0
1.0755,1.712062E-05,16.1325,0,1.0755,3.457694E-05,16.1325,0
1.0764,4.263371E-05,16.146,0,1.0764,5.471885E-05,16.146,0
1.0773,7.150377E-05,16.1595,0,1.0773,3.524834E-05,16.1595,0
1.0782,8.82887E-05,16.173,0,1.0782,1.678492E-06,16.173,0
1.0791,1.242084E-05,16.1865,0,1.0791,-1.544213E-05,16.1865,0
1.08,-5.035477E-06,16.2,0,1.08,-2.24918E-05,16.2,0
1.0809,-1.309224E-05,16.2135,0,1.0809,-5.807584E-05,16.2135,0
1.0818,8.728161E-06,16.227,0,1.0818,-6.74754E-05,16.227,0
1.0827,3.356985E-06,16.2405,0,1.0827,-8.392462E-06,16.2405,0
1.0836,-0.0001218585,16.254,0,1.0836,1.678492E-06,16.254,0
1.0845,-6.64683E-05,16.2675,0,1.0845,-4.666209E-05,16.2675,0
1.0854,-5.035477E-06,16.281,0,1.0854,-5.102617E-05,16.281,0
1.0863,-8.224613E-05,16.2945,0,1.0863,-6.143282E-05,16.2945,0
1.0872,-7.888914E-05,16.308,0,1.0872,-5.035477E-05,16.308,0
1.0881,6.042573E-06,16.3215,0,1.0881,-3.256275E-05,16.3215,0
1.089,-6.076142E-05,16.335,0,1.089,5.337606E-05,16.335,0
1.0899,7.385367E-06,16.3485,0,1.0899,0.0001389792,16.3485,0
1.0908,4.934768E-05,16.362,0,1.0908,0.0001527428,16.362,0
1.0917,-9.399558E-06,16.3755,0,1.0917,0.0001352865,16.3755,0
1.0926,-2.652018E-05,16.389,0,1.0926,6.6804E-05,16.389,0
1.0935,-1.309224E-05,16.4025,0,1.0935,0,16.4025,0
1.0944,-1.577783E-05,16.416,0,1.0944,5.706874E-06,16.416,0
1.0953,-4.36408E-06,16.4295,0,1.0953,-3.189136E-05,16.4295,0
1.0962,-8.392462E-06,16.443,0,1.0962,-4.196231E-05,16.443,0
1.0971,5.270466E-05,16.4565,0,1.0971,-5.304036E-05,16.4565,0
1.098,7.385367E-05,16.47,0,1.098,6.378271E-06,16.47,0
1.0989,7.586786E-05,16.4835,0,1.0989,3.994812E-05,16.4835,0
1.0998,6.042573E-06,16.497,0,1.0998,-8.392462E-06,16.497,0
1.1007,-5.236896E-05,16.5105,0,1.1007,-5.740444E-05,16.5105,0
1.1016,1.409934E-05,16.524,0,1.1016,-9.365987E-05,16.524,0
1.1025,1.577783E-05,16.5375,0,1.1025,-8.661021E-05,16.5375,0
1.1034,-8.493171E-05,16.551,0,1.1034,-8.82887E-05,16.551,0
1.1043,-5.505455E-05,16.5645,0,1.1043,-0.0001007095,16.5645,0
1.1052,5.874724E-05,16.578,0,1.1052,-0.0001050736,16.578,0
1.1061,3.692683E-06,16.5915,0,1.1061,-6.948959E-05,16.5915,0
1.107,6.378271E-06,16.605,0,1.107,-6.009003E-05,16.605,0
1.1079,3.894102E-05,16.6185,0,1.1079,-9.903105E-05,16.6185,0
1.1088,7.318227E-05,16.632,0,1.1088,-0.0001440146,16.632,0
1.1097,-3.356985E-07,16.6455,0,1.1097,-6.74754E-05,16.6455,0
1.1106,-4.934768E-05,16.659,0,1.1106,-2.954147E-05,16.659,0
1.1115,3.961242E-05,16.6725,0,1.1115,-5.270466E-05,16.6725,0
1.1124,1.477073E-05,16.686,0,1.1124,-3.793393E-05,16.686,0
1.1133,-5.203327E-05,16.6995,0,1.1133,3.860533E-05,16.6995,0
1.1142,-4.934768E-05,16.713,0,1.1142,3.491264E-05,16.713,0
1.1151,1.443504E-05,16.7265,0,1.1151,2.954147E-05,16.7265,0
1.116,-6.478981E-05,16.74,0,1.116,0.0001151446,16.74,0
1.1169,3.356985E-07,16.7535,0,1.1169,0.0001225299,16.7535,0
1.1178,4.666209E-05,16.767,0,1.1178,4.800488E-05,16.767,0
1.1187,-1.712062E-05,16.7805,0,1.1187,1.309224E-05,16.7805,0
1.1196,-5.270466E-05,16.794,0,1.1196,2.987716E-05,16.794,0
1.1205,1.678492E-06,16.8075,0,1.1205,1.678492E-05,16.8075,0
1.1214,-5.001907E-05,16.821,0,1.1214,3.927672E-05,16.821,0
1.1223,-6.713969E-06,16.8345,0,1.1223,7.083238E-05,16.8345,0
1.1232,-2.1149E-05,16.848,0,1.1232,5.270466E-05,16.848,0
1.1241,-3.289845E-05,16.8615,0,1.1241,1.342794E-05,16.8615,0
1.125,-2.24918E-05,16.875,0,1.125,-2.1149E-05,16.875,0
1.1259,-3.256275E-05,16.8885,0,1.1259,-5.371176E-06,16.8885,0
1.1268,-0.0001067521,16.902,0,1.1268,9.399558E-06,16.902,0
1.1277,-2.786297E-05,16.9155,0,1.1277,-5.706874E-06,16.9155,0
1.1286,0.0001876554,16.929,0,1.1286,-1.376364E-05,16.929,0
1.1295,0.0002299535,16.9425,0,1.1295,2.920577E-05,16.9425,0
1.1304,0.0001688563,16.956,0,1.1304,4.934768E-05,16.956,0
1.1313,0.0001571069,16.9695,0,1.1313,-4.800488E-05,16.9695,0
1.1322,3.927672E-05,16.983,0,1.1322,-6.948959E-05,16.983,0
1.1331,-0.0001299153,16.9965,0,1.1331,-6.78111E-05,16.9965,0
1.134,-0.0001846342,17.01,0,1.134,-7.620356E-05,17.01,0
1.1349,-0.0002547952,17.0235,0,1.1349,-6.109713E-05,17.0235,0
1.1358,-0.0002396887,17.037,0,1.1358,-0.000119173,17.037,0
1.1367,-0.0001842985,17.0505,0,1.1367,-0.0001037308,17.0505,0
1.1376,-0.0001839628,17.064,0,1.1376,-0.0001101091,17.064,0
1.1385,-0.0002222324,17.0775,0,1.1385,-0.0001131304,17.0775,0
1.1394,-0.0001601282,17.091,0,1.1394,-0.000123537,17.091,0
1.1403,-0.0001802701,17.1045,0,1.1403,-0.0001000381,17.1045,0
1.1412,-0.0001873197,17.118,0,1.1412,-0.0001164874,17.118,0
1.1421,-0.0001007095,17.1315,0,1.1421,-0.0001406577,17.1315,0
1.143,-0.0001178302,17.145,0,1.143,-9.298848E-05,17.145,0
1.1439,1.242084E-05,17.1585,0,1.1439,-8.157473E-05,17.1585,0
1.1448,0.0001138018,17.172,0,1.1448,-0.0001322652,17.172,0
1.1457,9.365987E-05,17.1855,0,1.1457,-8.358892E-05,17.1855,0
1.1466,7.385367E-06,17.199,0,1.1466,-2.450599E-05,17.199,0
1.1475,-4.36408E-06,17.2125,0,1.1475,6.713969E-06,17.2125,0
1.1484,8.224613E-05,17.226,0,1.1484,3.356985E-07,17.226,0
1.1493,0.0001020523,17.2395,0,1.1493,-3.591974E-05,17.2395,0
1.1502,4.196231E-05,17.253,0,1.1502,-2.450599E-05,17.253,0
1.1511,3.524834E-05,17.2665,0,1.1511,-3.692683E-05,17.2665,0
1.152,7.083238E-05,17.28,0,1.152,-3.256275E-05,17.28,0
1.1529,6.814679E-05,17.2935,0,1.1529,-3.927672E-05,17.2935,0
1.1538,-6.713969E-07,17.307,0,1.1538,-2.014191E-05,17.307,0
1.1547,7.721065E-05,17.3205,0,1.1547,-4.33051E-05,17.3205,0
1.1556,0.0002007477,17.334,0,1.1556,-5.136187E-05,17.334,0
1.1565,0.0001007095,17.3475,0,1.1565,3.121996E-05,17.3475,0
1.1574,9.970245E-05,17.361,0,1.1574,3.961242E-05,17.361,0
1.1583,4.699779E-05,17.3745,0,1.1583,1.779202E-05,17.3745,0
1.1592,-1.846342E-05,17.388,0,1.1592,7.855344E-05,17.388,0
1.1601,-3.323415E-05,17.4015,0,1.1601,0.0001104448,17.4015,0
1.161,9.735256E-06,17.415,0,1.161,0.0001003738,17.415,0
1.1619,-1.242084E-05,17.4285,0,1.1619,8.493171E-05,17.4285,0
1.1628,2.920577E-05,17.442,0,1.1628,9.735256E-06,17.442,0
1.1637,1.846342E-05,17.4555,0,1.1637,-2.316319E-05,17.4555,0
1.1646,6.311131E-05,17.469,0,1.1646,-1.275654E-05,17.469,0
1.1655,4.46479E-05,17.4825,0,1.1655,-4.968337E-05,17.4825,0
1.1664,6.848249E-05,17.496,0,1.1664,-1.275654E-05,17.496,0
1.1673,3.994812E-05,17.5095,0,1.1673,0.0001144732,17.5095,0
1.1682,6.54612E-05,17.523,0,1.1682,0.0001715419,17.523,0
1.1691,0.0001245441,17.5365,0,1.1691,0.0001027237,17.5365,0
1.17,-1.174945E-05,17.55,0,1.17,3.289845E-05,17.55,0
1.1709,-2.1149E-05,17.5635,0,1.1709,-3.659113E-05,17.5635,0
1.1718,9.768826E-05,17.577,0,1.1718,-7.385367E-05,17.577,0
1.1727,8.258183E-05,17.5905,0,1.1727,-1.040665E-05,17.5905,0
1.1736,-3.625543E-05,17.604,0,1.1736,2.685588E-06,17.604,0
1.1745,-4.800488E-05,17.6175,0,1.1745,2.584878E-05,17.6175,0
1.1754,4.36408E-06,17.631,0,1.1754,5.270466E-05,17.631,0
1.1763,-2.081331E-05,17.6445,0,1.1763,-2.618448E-05,17.6445,0
1.1772,-6.277562E-05,17.658,0,1.1772,-6.814679E-05,17.658,0
1.1781,-1.644922E-05,17.6715,0,1.1781,-5.471885E-05,17.6715,0
1.179,5.706874E-06,17.685,0,1.179,-9.701686E-05,17.685,0
1.1799,-2.450599E-05,17.6985,0,1.1799,-0.000115816,17.6985,0
1.1808,-6.344701E-05,17.712,0,1.1808,-8.89601E-05,17.712,0
1.1817,-2.517739E-05,17.7255,0,1.1817,-7.251087E-05,17.7255,0
1.1826,8.392462E-06,17.739,0,1.1826,-0.0001154803,17.739,0
1.1835,-5.069047E-05,17.7525,0,1.1835,-8.627451E-05,17.7525,0
1.1844,-7.586786E-05,17.766,0,1.1844,-0.0001198444,17.766,0
1.1853,-3.793393E-05,17.7795,0,1.1853,-0.0001752346,17.7795,0
1.1862,-7.855344E-05,17.793,0,1.1862,-0.0001218585,17.793,0
1.1871,-7.888914E-05,17.8065,0,1.1871,-7.083238E-05,17.8065,0
1.188,-9.130999E-05,17.82,0,1.188,7.721065E-06,17.82,0
1.1889,-8.392462E-05,17.8335,0,1.1889,0.0001178302,17.8335,0
1.1898,-1.477073E-05,17.847,0,1.1898,0.0001433432,17.847,0
1.1907,-5.136187E-05,17.8605,0,1.1907,8.560311E-05,17.8605,0
1.1916,-4.39765E-05,17.874,0,1.1916,5.774014E-05,17.874,0
1.1925,2.349889E-05,17.8875,0,1.1925,1.745632E-05,17.8875,0
1.1934,-1.409934E-05,17.901,0,1.1934,6.378271E-06,17.901,0
1.1943,-8.392462E-06,17.9145,0,1.1943,6.948959E-05,17.9145,0
1.1952,0.000109102,17.928,0,1.1952,6.210422E-05,17.928,0
1.1961,0.0001433432,17.9415,0,1.1961,3.323415E-05,17.9415,0
1.197,1.577783E-05,17.955,0,1.197,7.956054E-05,17.955,0
1.1979,-6.6804E-05,17.9685,0,1.1979,4.39765E-05,17.9685,0
1.1988,-3.860533E-05,17.982,0,1.1988,-4.196231E-05,17.982,0
1.1997,-6.78111E-05,17.9955,0,1.1997,-2.484169E-05,17.9955,0
1.2006,-0.0001473716,18.009,0,1.2006,-2.987716E-05,18.009,0
1.2015,-5.941863E-05,18.0225,0,1.2015,-4.36408E-05,18.0225,0
1.2024,-4.565499E-05,18.036,0,1.2024,3.356985E-07,18.036,0
1.2033,-1.510643E-05,18.0495,0,1.2033,-2.18204E-05,18.0495,0
1.2042,9.735256E-06,18.063,0,1.2042,-4.129091E-05,18.063,0
1.2051,-1.779202E-05,18.0765,0,1.2051,-7.888914E-05,18.0765,0
1.206,4.028382E-06,18.09,0,1.206,-8.493171E-05,18.09,0
1.2069,4.599069E-05,18.1035,0,1.2069,-7.183947E-05,18.1035,0
1.2078,2.349889E-06,18.117,0,1.2078,-4.867628E-05,18.117,0
1.2087,1.443504E-05,18.1305,0,1.2087,-3.793393E-05,18.1305,0
1.2096,8.493171E-05,18.144,0,1.2096,-2.18204E-05,18.144,0
1.2105,-8.392462E-06,18.1575,0,1.2105,6.210422E-05,18.1575,0
1.2114,1.007095E-06,18.171,0,1.2114,3.289845E-05,18.171,0
1.2123,6.344701E-05,18.1845,0,1.2123,-5.539025E-05,18.1845,0
1.2132,9.097429E-05,18.198,0,1.2132,-3.994812E-05,18.198,0
1.2141,8.358892E-05,18.2115,0,1.2141,-1.040665E-05,18.2115,0
1.215,8.023193E-05,18.225,0,1.215,-3.457694E-05,18.225,0
1.2159,8.258183E-05,18.2385,0,1.2159,-5.539025E-05,18.2385,0
1.2168,7.049668E-06,18.252,0,1.2168,-0.0001094377,18.252,0
1.2177,-0.0001242084,18.2655,0,1.2177,-9.433127E-05,18.2655,0
1.2186,-0.0001550927,18.279,0,1.2186,-8.291753E-05,18.279,0
1.2195,-0.0001856413,18.2925,0,1.2195,-0.0001205158,18.2925,0
1.2204,-0.0002077974,18.306,0,1.2204,-0.000126894,18.306,0
1.2213,-0.0002252537,18.3195,0,1.2213,-8.090334E-05,18.3195,0
1.2222,-0.0001668421,18.333,0,1.2222,-7.821774E-05,18.333,0
1.2231,-4.733349E-05,18.3465,0,1.2231,-8.224613E-05,18.3465,0
1.224,-1.577783E-05,18.36,0,1.224,3.356985E-07,18.36,0
1.2249,2.517739E-05,18.3735,0,1.2249,3.424125E-05,18.3735,0
1.2258,5.337606E-05,18.387,0,1.2258,1.309224E-05,18.387,0
1.2267,-7.553216E-05,18.4005,0,1.2267,3.994812E-05,18.4005,0
1.2276,-4.29694E-05,18.414,0,1.2276,4.33051E-05,18.414,0
1.2285,1.577783E-05,18.4275,0,1.2285,-1.376364E-05,18.4275,0
1.2294,-2.383459E-05,18.441,0,1.2294,-4.53193E-05,18.441,0
1.2303,3.524834E-05,18.4545,0,1.2303,-5.908293E-05,18.4545,0
1.2312,-2.786297E-05,18.468,0,1.2312,-1.174945E-05,18.468,0
1.2321,-9.365987E-05,18.4815,0,1.2321,2.349889E-06,18.4815,0
1.233,-5.740444E-05,18.495,0,1.233,-3.994812E-05,18.495,0
1.2339,-9.600977E-05,18.5085,0,1.2339,-4.867628E-05,18.5085,0
1.2348,-0.0001748989,18.522,0,1.2348,-1.107805E-05,18.522,0
1.2357,-8.96315E-05,18.5355,0,1.2357,-1.007095E-05,18.5355,0
1.2366,8.392462E-06,18.549,0,1.2366,-7.418937E-05,18.549,0
1.2375,1.544213E-05,18.5625,0,1.2375,-5.102617E-05,18.5625,0
1.2384,6.74754E-05,18.576,0,1.2384,-5.941863E-05,18.576,0
1.2393,0.000144686,18.5895,0,1.2393,-8.593881E-05,18.5895,0
1.2402,0.0001779202,18.603,0,1.2402,-7.284657E-05,18.603,0
1.2411,0.0001258869,18.6165,0,1.2411,-5.471885E-05,18.6165,0
1.242,0.0002010834,18.63,0,1.242,-4.766919E-05,18.63,0
1.2429,0.0001688563,18.6435,0,1.2429,4.028382E-06,18.6435,0
1.2438,0.0001332723,18.657,0,1.2438,3.323415E-05,18.657,0
1.2447,8.493171E-05,18.6705,0,1.2447,0.0001070878,18.6705,0
1.2456,3.558404E-05,18.684,0,1.2456,0.0001242084,18.684,0
1.2465,8.157473E-05,18.6975,0,1.2465,6.478981E-05,18.6975,0
1.2474,0.0001520714,18.711,0,1.2474,3.994812E-05,18.711,0
1.2483,0.0001144732,18.7245,0,1.2483,6.277562E-05,18.7245,0
1.2492,4.53193E-05,18.738,0,1.2492,3.189136E-05,18.738,0
1.2501,9.298848E-05,18.7515,0,1.2501,-1.107805E-05,18.7515,0
1.251,1.980621E-05,18.765,0,1.251,1.678492E-06,18.765,0
1.2519,-3.021286E-06,18.7785,0,1.2519,-1.812772E-05,18.7785,0
1.2528,8.325322E-05,18.792,0,1.2528,-8.224613E-05,18.792,0
1.2537,6.54612E-05,18.8055,0,1.2537,-4.46479E-05,18.8055,0
1.2546,2.551309E-05,18.819,0,1.2546,1.913481E-05,18.819,0
1.2555,-5.706874E-06,18.8325,0,1.2555,2.047761E-05,18.8325,0
1.2564,-6.042573E-06,18.846,0,1.2564,2.819867E-05,18.846,0
1.2573,6.713969E-06,18.8595,0,1.2573,4.800488E-05,18.8595,0
1.2582,-2.719158E-05,18.873,0,1.2582,9.970245E-05,18.873,0
1.2591,-0.0001221943,18.8865,0,1.2591,8.526741E-05,18.8865,0
1.26,-4.599069E-05,18.9,0,1.26,5.941863E-05,18.9,0
1.2609,-7.418937E-05,18.9135,0,1.2609,2.047761E-05,18.9135,0
1.2618,-0.000133608,18.927,0,1.2618,3.121996E-05,18.927,0
1.2627,-7.183947E-05,18.9405,0,1.2627,6.042573E-06,18.9405,0
1.2636,-5.606165E-05,18.954,0,1.2636,-6.210422E-05,18.954,0
1.2645,-0.0001550927,18.9675,0,1.2645,-3.256275E-05,18.9675,0
1.2654,-9.298848E-05,18.981,0,1.2654,4.733349E-05,18.981,0
1.2663,-8.224613E-05,18.9945,0,1.2663,7.721065E-06,18.9945,0
1.2672,-6.51255E-05,19.008,0,1.2672,2.21561E-05,19.008,0
1.2681,-5.203327E-05,19.0215,0,1.2681,3.793393E-05,19.0215,0
1.269,-7.083238E-05,19.035,0,1.269,2.24918E-05,19.035,0
1.2699,-8.056764E-05,19.0485,0,1.2699,-1.544213E-05,19.0485,0
1.2708,-5.673304E-05,19.062,0,1.2708,-6.478981E-05,19.062,0
1.2717,-8.325322E-05,19.0755,0,1.2717,-3.927672E-05,19.0755,0
1.2726,-0.0001087663,19.089,0,1.2726,-7.754635E-05,19.089,0
1.2735,-7.049668E-05,19.1025,0,1.2735,-0.0001409934,19.1025,0
1.2744,2.014191E-06,19.116,0,1.2744,-0.0001473716,19.116,0
1.2753,-2.21561E-05,19.1295,0,1.2753,-9.903105E-05,19.1295,0
1.2762,-5.706874E-06,19.143,0,1.2762,-7.620356E-05,19.143,0
1.2771,5.606165E-05,19.1565,0,1.2771,-0.0001225299,19.1565,0
1.278,-5.874724E-05,19.17,0,1.278,-7.083238E-05,19.17,0
1.2789,-5.035477E-06,19.1835,0,1.2789,-4.733349E-05,19.1835,0
1.2798,6.948959E-05,19.197,0,1.2798,-9.903105E-05,19.197,0
1.2807,-1.846342E-05,19.2105,0,1.2807,-8.661021E-05,19.2105,0
1.2816,-7.721065E-05,19.224,0,1.2816,-1.242084E-05,19.224,0
1.2825,-1.242084E-05,19.2375,0,1.2825,-1.745632E-05,19.2375,0
1.2834,4.36408E-06,19.251,0,1.2834,-2.853437E-05,19.251,0
1.2843,-1.510643E-05,19.2645,0,1.2843,-5.740444E-05,19.2645,0
1.2852,-5.035477E-06,19.278,0,1.2852,-3.659113E-05,19.278,0
1.2861,6.042573E-06,19.2915,0,1.2861,-2.24918E-05,19.2915,0
1.287,3.726253E-05,19.305,0,1.287,-6.277562E-05,19.305,0
1.2879,0.0001426719,19.3185,0,1.2879,-5.740444E-05,19.3185,0
1.2888,0.0001003738,19.332,0,1.2888,-2.484169E-05,19.332,0
1.2897,8.560311E-05,19.3455,0,1.2897,-3.625543E-05,19.3455,0
1.2906,0.0001084306,19.359,0,1.2906,-4.061952E-05,19.359,0
1.2915,8.191043E-05,19.3725,0,1.2915,1.510643E-05,19.3725,0
1.2924,0.000154757,19.386,0,1.2924,7.721065E-06,19.386,0
1.2933,0.0002064546,19.3995,0,1.2933,1.040665E-05,19.3995,0
1.2942,6.478981E-05,19.413,0,1.2942,3.692683E-05,19.413,0
1.2951,3.189136E-05,19.4265,0,1.2951,3.424125E-05,19.4265,0
1.296,-5.404745E-05,19.44,0,1.296,2.383459E-05,19.44,0
1.2969,-9.298848E-05,19.4535,0,1.2969,1.712062E-05,19.4535,0
1.2978,-9.500267E-05,19.467,0,1.2978,1.242084E-05,19.467,0
1.2987,-0.0001769131,19.4805,0,1.2987,2.551309E-05,19.4805,0
1.2996,-0.0002192111,19.494,0,1.2996,-9.063859E-06,19.494,0
1.3005,-0.0001745632,19.5075,0,1.3005,-3.659113E-05,19.5075,0
1.3014,-0.0001460288,19.521,0,1.3014,-3.994812E-05,19.521,0
1.3023,-0.0001816129,19.5345,0,1.3023,-2.316319E-05,19.5345,0
1.3032,-0.0001077592,19.548,0,1.3032,-6.344701E-05,19.548,0
1.3041,-7.150377E-05,19.5615,0,1.3041,-0.0001013809,19.5615,0
1.305,-7.217517E-05,19.575,0,1.305,-7.083238E-05,19.575,0
1.3059,3.323415E-05,19.5885,0,1.3059,-4.599069E-05,19.5885,0
1.3068,9.466698E-05,19.602,0,1.3068,4.36408E-06,19.602,0
1.3077,8.392462E-06,19.6155,0,1.3077,7.620356E-05,19.6155,0
1.3086,-3.356985E-07,19.629,0,1.3086,8.526741E-05,19.629,0
1.3095,0.0001003738,19.6425,0,1.3095,0.0001151446,19.6425,0
1.3104,0.000158114,19.656,0,1.3104,7.620356E-05,19.656,0
1.3113,0.0001728847,19.6695,0,1.3113,3.021286E-06,19.6695,0
1.3122,0.0001879911,19.683,0,1.3122,4.666209E-05,19.683,0
1.3131,0.0001138018,19.6965,0,1.3131,6.411841E-05,19.6965,0
1.314,0.0001597925,19.71,0,1.314,4.901198E-05,19.71,0
1.3149,0.0002252537,19.7235,0,1.3149,6.915389E-05,19.7235,0
1.3158,9.365987E-05,19.737,0,1.3158,0.0001161517,19.737,0
1.3167,6.57969E-05,19.7505,0,1.3167,0.0001017166,19.7505,0
1.3176,0.0001376364,19.764,0,1.3176,3.591974E-05,19.764,0
1.3185,2.24918E-05,19.7775,0,1.3185,4.934768E-05,19.7775,0
1.3194,-1.812772E-05,19.791,0,1.3194,5.136187E-05,19.791,0
1.3203,1.846342E-05,19.8045,0,1.3203,-3.054856E-05,19.8045,0
1.3212,6.277562E-05,19.818,0,1.3212,-5.001907E-05,19.818,0
1.3221,-2.853437E-05,19.8315,0,1.3221,-4.565499E-05,19.8315,0
1.323,2.853437E-05,19.845,0,1.323,-5.706874E-05,19.845,0
1.3239,5.505455E-05,19.8585,0,1.3239,-6.57969E-05,19.8585,0
1.3248,3.591974E-05,19.872,0,1.3248,-2.584878E-05,19.872,0
1.3257,-1.242084E-05,19.8855,0,1.3257,6.74754E-05,19.8855,0
1.3266,-0.0001017166,19.899,0,1.3266,2.853437E-05,19.899,0
1.3275,-0.0001037308,19.9125,0,1.3275,-7.788205E-05,19.9125,0
1.3284,-5.035477E-05,19.926,0,1.3284,-8.761731E-05,19.926,0
1.3293,-4.867628E-05,19.9395,0,1.3293,-7.452507E-05,19.9395,0
1.3302,-1.712062E-05,19.953,0,1.3302,-8.89601E-05,19.953,0
1.3311,1.208515E-05,19.9665,0,1.3311,-9.399557E-05,19.9665,0
1.332,-1.712062E-05,19.98,0,1.332,-4.733349E-05,19.98,0
1.3329,1.846342E-05,19.9935,0,1.3329,-5.774014E-05,19.9935,0
1.3338,6.076142E-05,20.007,0,1.3338,-9.970245E-05,20.007,0
1.3347,1.678492E-05,20.0205,0,1.3347,-6.478981E-05,20.0205,0
1.3356,-5.774014E-05,20.034,0,1.3356,-5.069047E-05,20.034,0
1.3365,-8.996719E-05,20.0475,0,1.3365,-9.533837E-05,20.0475,0
1.3374,-3.927672E-05,20.061,0,1.3374,-8.72816E-05,20.061,0
1.3383,1.275654E-05,20.0745,0,1.3383,-7.351797E-05,20.0745,0
1.3392,-9.735256E-05,20.088,0,1.3392,-4.733349E-05,20.088,0
1.3401,-0.0001359579,20.1015,0,1.3401,-8.258183E-05,20.1015,0
1.341,-8.291753E-05,20.115,0,1.341,-0.0001030594,20.115,0
1.3419,-1.846342E-05,20.1285,0,1.3419,-8.358892E-05,20.1285,0
1.3428,-9.231708E-05,20.142,0,1.3428,-3.491264E-05,20.142,0
1.3437,-7.821774E-05,20.1555,0,1.3437,-5.606165E-05,20.1555,0
1.3446,-2.786297E-05,20.169,0,1.3446,-0.0001111162,20.169,0
1.3455,-9.332418E-05,20.1825,0,1.3455,-5.471885E-05,20.1825,0
1.3464,-5.572595E-05,20.196,0,1.3464,-4.733349E-05,20.196,0
1.3473,-9.735256E-06,20.2095,0,1.3473,-8.090334E-05,20.2095,0
1.3482,-0.0001161517,20.223,0,1.3482,-5.471885E-05,20.223,0
1.3491,-0.0001560998,20.2365,0,1.3491,-3.021286E-05,20.2365,0
1.35,-8.157473E-05,20.25,0,1.35,-4.666209E-05,20.25,0
1.3509,-8.761731E-05,20.2635,0,1.3509,-6.243992E-05,20.2635,0
1.3518,-5.941863E-05,20.277,0,1.3518,-0.0001064164,20.277,0
1.3527,-9.869535E-05,20.2905,0,1.3527,-9.500267E-05,20.2905,0
1.3536,-7.418937E-05,20.304,0,1.3536,-6.478981E-05,20.304,0
1.3545,-4.867628E-05,20.3175,0,1.3545,-6.54612E-05,20.3175,0
1.3554,-3.155566E-05,20.331,0,1.3554,1.342794E-05,20.331,0
1.3563,-2.887007E-05,20.3445,0,1.3563,6.109713E-05,20.3445,0
1.3572,-9.063859E-06,20.358,0,1.3572,3.256275E-05,20.358,0
1.3581,8.325322E-05,20.3715,0,1.3581,3.088426E-05,20.3715,0
1.359,8.090334E-05,20.385,0,1.359,0.0001490501,20.385,0
1.3599,3.021286E-05,20.3985,0,1.3599,0.0001463645,20.3985,0
1.3608,8.69459E-05,20.412,0,1.3608,6.042573E-05,20.412,0
1.3617,5.606165E-05,20.4255,0,1.3617,4.901198E-05,20.4255,0
1.3626,-2.21561E-05,20.439,0,1.3626,5.706874E-05,20.439,0
1.3635,-3.054856E-05,20.4525,0,1.3635,2.853437E-05,20.4525,0
1.3644,-5.874724E-05,20.466,0,1.3644,1.712062E-05,20.466,0
1.3653,-9.500267E-05,20.4795,0,1.3653,1.174945E-05,20.4795,0
1.3662,-0.0001164874,20.493,0,1.3662,4.263371E-05,20.493,0
1.3671,-0.0001520714,20.5065,0,1.3671,4.53193E-05,20.5065,0
1.368,-9.634547E-05,20.52,0,1.368,6.378271E-06,20.52,0
1.3689,-9.433127E-05,20.5335,0,1.3689,-4.162661E-05,20.5335,0
1.3698,-7.083238E-05,20.547,0,1.3698,-9.063859E-06,20.547,0
1.3707,2.853437E-05,20.5605,0,1.3707,-4.968337E-05,20.5605,0
1.3716,7.418937E-05,20.574,0,1.3716,-0.0001211871,20.574,0
1.3725,-1.477073E-05,20.5875,0,1.3725,-0.0001114519,20.5875,0
1.3734,3.860533E-05,20.601,0,1.3734,-0.0001349508,20.601,0
1.3743,0.0001661708,20.6145,0,1.3743,-0.0001376364,20.6145,0
1.3752,0.00024271,20.628,0,1.3752,-5.740444E-05,20.628,0
1.3761,0.0002541238,20.6415,0,1.3761,-4.699779E-06,20.6415,0
1.377,0.0001963836,20.655,0,1.377,1.242084E-05,20.655,0
1.3779,0.000148043,20.6685,0,1.3779,1.040665E-05,20.6685,0
1.3788,9.097429E-05,20.682,0,1.3788,-4.36408E-06,20.682,0
1.3797,4.36408E-06,20.6955,0,1.3797,7.318227E-05,20.6955,0
1.3806,-7.284657E-05,20.709,0,1.3806,0.0001064164,20.709,0
1.3815,-0.0001520714,20.7225,0,1.3815,6.6804E-05,20.7225,0
1.3824,-0.0001701991,20.736,0,1.3824,3.692683E-05,20.736,0
1.3833,-0.0002517739,20.7495,0,1.3833,4.766919E-05,20.7495,0
1.3842,-0.0002024262,20.763,0,1.3842,2.18204E-05,20.763,0
1.3851,-0.0001044022,20.7765,0,1.3851,-2.047761E-05,20.7765,0
1.386,-0.0001426719,20.79,0,1.386,3.356985E-05,20.79,0
1.3869,-6.915389E-05,20.8035,0,1.3869,1.712062E-05,20.8035,0
1.3878,2.316319E-05,20.817,0,1.3878,-4.666209E-05,20.817,0
1.3887,-0.0001198444,20.8305,0,1.3887,-3.826963E-05,20.8305,0
1.3896,-0.0001104448,20.844,0,1.3896,-3.088426E-05,20.844,0
1.3905,-2.719158E-05,20.8575,0,1.3905,-5.270466E-05,20.8575,0
1.3914,-3.591974E-05,20.871,0,1.3914,-6.243992E-05,20.871,0
1.3923,-6.814679E-05,20.8845,0,1.3923,-0.0001037308,20.8845,0
1.3932,-8.526741E-05,20.898,0,1.3932,-0.0001030594,20.898,0
1.3941,-8.795301E-05,20.9115,0,1.3941,-9.164568E-05,20.9115,0
1.395,-0.0001168231,20.925,0,1.395,-0.0001373007,20.925,0
1.3959,-8.258183E-05,20.9385,0,1.3959,-0.0001621424,20.9385,0
1.3968,-7.150377E-05,20.952,0,1.3968,-0.0001117876,20.952,0
1.3977,-4.49836E-05,20.9655,0,1.3977,-0.000109102,20.9655,0
1.3986,1.712062E-05,20.979,0,1.3986,-0.0001279011,20.979,0
1.3995,-4.095522E-05,20.9925,0,1.3995,-8.023193E-05,20.9925,0
1.4004,6.713969E-06,21.006,0,1.4004,-5.740444E-05,21.006,0
1.4013,5.874724E-05,21.0195,0,1.4013,-6.61326E-05,21.0195,0
1.4022,9.735256E-05,21.033,0,1.4022,-1.510643E-05,21.033,0
1.4031,6.54612E-05,21.0465,0,1.4031,6.378271E-06,21.0465,0
1.404,5.404745E-05,21.06,0,1.404,-1.409934E-05,21.06,0
1.4049,0.0001007095,21.0735,0,1.4049,-1.712062E-05,21.0735,0
1.4058,0.0001507286,21.087,0,1.4058,-2.014191E-06,21.087,0
1.4067,7.922484E-05,21.1005,0,1.4067,3.625543E-05,21.1005,0
1.4076,8.560311E-05,21.114,0,1.4076,6.61326E-05,21.114,0
1.4085,0.0001077592,21.1275,0,1.4085,7.049668E-05,21.1275,0
1.4094,9.433127E-05,21.141,0,1.4094,6.042573E-05,21.141,0
1.4103,2.1149E-05,21.1545,0,1.4103,0.0001064164,21.1545,0
1.4112,4.095522E-05,21.168,0,1.4112,0.0001003738,21.168,0
1.4121,5.136187E-05,21.1815,0,1.4121,4.934768E-05,21.1815,0
1.413,7.049668E-06,21.195,0,1.413,7.519646E-05,21.195,0
1.4139,2.652018E-05,21.2085,0,1.4139,6.78111E-05,21.2085,0
1.4148,0.0001215228,21.222,0,1.4148,1.040665E-05,21.222,0
1.4157,2.517739E-05,21.2355,0,1.4157,3.356985E-07,21.2355,0
1.4166,4.263371E-05,21.249,0,1.4166,2.014191E-06,21.249,0
1.4175,0.0001111162,21.2625,0,1.4175,-1.007095E-06,21.2625,0
1.4184,8.82887E-05,21.276,0,1.4184,-1.007095E-05,21.276,0
1.4193,0.000112459,21.2895,0,1.4193,-1.477073E-05,21.2895,0
1.4202,9.600977E-05,21.303,0,1.4202,-1.342794E-06,21.303,0
1.4211,-1.510643E-05,21.3165,0,1.4211,-3.793393E-05,21.3165,0
1.422,4.095522E-05,21.33,0,1.422,-7.989624E-05,21.33,0
1.4229,9.164568E-05,21.3435,0,1.4229,-0.0001047379,21.3435,0
1.4238,-3.860533E-05,21.357,0,1.4238,-9.701686E-05,21.357,0
1.4247,-1.174945E-05,21.3705,0,1.4247,-0.0001087663,21.3705,0
1.4256,9.500267E-05,21.384,0,1.4256,-9.567407E-05,21.384,0
1.4265,1.745632E-05,21.3975,0,1.4265,-3.927672E-05,21.3975,0
1.4274,3.054856E-05,21.411,0,1.4274,-7.016098E-05,21.411,0
1.4283,8.291753E-05,21.4245,0,1.4283,-0.0001413291,21.4245,0
1.4292,3.961242E-05,21.438,0,1.4292,-9.567407E-05,21.438,0
1.4301,-3.994812E-05,21.4515,0,1.4301,-3.927672E-05,21.4515,0
1.431,3.591974E-05,21.465,0,1.431,-3.189136E-05,21.465,0
1.4319,8.358892E-05,21.4785,0,1.4319,-3.021286E-06,21.4785,0
1.4328,9.634547E-05,21.492,0,1.4328,-9.063859E-06,21.492,0
1.4337,6.109713E-05,21.5055,0,1.4337,1.980621E-05,21.5055,0
1.4346,-1.007095E-06,21.519,0,1.4346,5.505455E-05,21.519,0
1.4355,5.572595E-05,21.5325,0,1.4355,5.102617E-05,21.5325,0
1.4364,0.0001080949,21.546,0,1.4364,4.53193E-05,21.546,0
1.4373,4.162661E-05,21.5595,0,1.4373,0.0001037308,21.5595,0
1.4382,4.800488E-05,21.573,0,1.4382,0.000112459,21.573,0
1.4391,4.36408E-05,21.5865,0,1.4391,7.721065E-06,21.5865,0
1.44,-6.411841E-05,21.6,0,1.44,2.987716E-05,21.6,0
1.4409,-2.24918E-05,21.6135,0,1.4409,4.46479E-05,21.6135,0
1.4418,-8.728161E-06,21.627,0,1.4418,-5.706874E-06,21.627,0
1.4427,1.040665E-05,21.6405,0,1.4427,-2.383459E-05,21.6405,0
1.4436,-6.243992E-05,21.654,0,1.4436,1.678492E-05,21.654,0
1.4445,-6.478981E-05,21.6675,0,1.4445,7.049668E-06,21.6675,0
1.4454,-6.311131E-05,21.681,0,1.4454,4.36408E-06,21.681,0
1.4463,-4.43122E-05,21.6945,0,1.4463,-2.18204E-05,21.6945,0
1.4472,-0.000126894,21.708,0,1.4472,-1.007095E-06,21.708,0
1.4481,-0.0002017548,21.7215,0,1.4481,6.378271E-06,21.7215,0
1.449,-0.0001386435,21.735,0,1.449,-3.659113E-05,21.735,0
1.4499,-9.164568E-05,21.7485,0,1.4499,-4.867628E-05,21.7485,0
1.4508,-0.0002077974,21.762,0,1.4508,-1.913481E-05,21.762,0
1.4517,-0.000119173,21.7755,0,1.4517,-2.047761E-05,21.7755,0
1.4526,-5.471885E-05,21.789,0,1.4526,-6.076142E-05,21.789,0
1.4535,-0.0001668421,21.8025,0,1.4535,-1.040665E-05,21.8025,0
1.4544,-0.0001433432,21.816,0,1.4544,-2.28275E-05,21.816,0
1.4553,-0.000136965,21.8295,0,1.4553,-5.941863E-05,21.8295,0
1.4562,-0.0002521096,21.843,0,1.4562,-5.270466E-05,21.843,0
1.4571,-0.0002030976,21.8565,0,1.4571,-3.256275E-05,21.8565,0
1.458,-0.0001037308,21.87,0,1.458,-4.263371E-05,21.87,0
1.4589,-7.016098E-05,21.8835,0,1.4589,-5.270466E-05,21.8835,0
1.4598,1.879912E-05,21.897,0,1.4598,-7.754635E-05,21.897,0
1.4607,8.191043E-05,21.9105,0,1.4607,-7.888914E-05,21.9105,0
1.4616,3.961242E-05,21.924,0,1.4616,-7.486076E-05,21.924,0
1.4625,2.920577E-05,21.9375,0,1.4625,-0.0001164874,21.9375,0
1.4634,8.761731E-05,21.951,0,1.4634,-0.0001138018,21.951,0
1.4643,9.063859E-06,21.9645,0,1.4643,-8.795301E-05,21.9645,0
1.4652,1.309224E-05,21.978,0,1.4652,-0.0001010452,21.978,0
1.4661,0.0001017166,21.9915,0,1.4661,-0.0001050736,21.9915,0
1.467,3.860533E-05,22.005,0,1.467,-3.894102E-05,22.005,0
1.4679,6.54612E-05,22.0185,0,1.4679,-2.584878E-05,22.0185,0
1.4688,0.0001258869,22.032,0,1.4688,-5.673304E-05,22.032,0
1.4697,-3.692683E-06,22.0455,0,1.4697,-3.323415E-05,22.0455,0
1.4706,1.779202E-05,22.059,0,1.4706,2.21561E-05,22.059,0
1.4715,6.54612E-05,22.0725,0,1.4715,2.349889E-05,22.0725,0
1.4724,4.46479E-05,22.086,0,1.4724,5.035477E-06,22.086,0
1.4733,2.484169E-05,22.0995,0,1.4733,-4.36408E-06,22.0995,0
1.4742,-2.786297E-05,22.113,0,1.4742,3.457694E-05,22.113,0
1.4751,9.063859E-06,22.1265,0,1.4751,6.948959E-05,22.1265,0
1.476,-1.678492E-06,22.14,0,1.476,3.726253E-05,22.14,0
1.4769,9.063859E-06,22.1535,0,1.4769,2.752728E-05,22.1535,0
1.4778,6.713969E-07,22.167,0,1.4778,7.016098E-05,22.167,0
1.4787,-4.095522E-05,22.1805,0,1.4787,5.270466E-05,22.1805,0
1.4796,4.263371E-05,22.194,0,1.4796,1.376364E-05,22.194,0
1.4805,2.853437E-05,22.2075,0,1.4805,5.606165E-05,22.2075,0
1.4814,3.457694E-05,22.221,0,1.4814,8.090334E-05,22.221,0
1.4823,4.968337E-05,22.2345,0,1.4823,6.74754E-05,22.2345,0
1.4832,-5.740444E-05,22.248,0,1.4832,8.96315E-05,22.248,0
1.4841,-0.0001003738,22.2615,0,1.4841,0.0001164874,22.2615,0
1.485,-4.901198E-05,22.275,0,1.485,9.164568E-05,22.275,0
1.4859,-7.150377E-05,22.2885,0,1.4859,4.129091E-05,22.2885,0
1.4868,1.947051E-05,22.302,0,1.4868,-3.356985E-06,22.302,0
1.4877,2.450599E-05,22.3155,0,1.4877,3.054856E-05,22.3155,0
1.4886,2.383459E-05,22.329,0,1.4886,3.021286E-05,22.329,0
1.4895,6.210422E-05,22.3425,0,1.4895,7.049668E-06,22.3425,0
1.4904,7.049668E-06,22.356,0,1.4904,-3.021286E-06,22.356,0
1.4913,-8.493171E-05,22.3695,0,1.4913,-3.692683E-06,22.3695,0
1.4922,-5.337606E-05,22.383,0,1.4922,-8.69459E-05,22.383,0
1.4931,8.392462E-06,22.3965,0,1.4931,-0.0001473716,22.3965,0
1.494,-8.72816E-05,22.41,0,1.494,-0.0001322652,22.41,0
1.4949,-6.344701E-05,22.4235,0,1.4949,-0.0001829557,22.4235,0
1.4958,-1.376364E-05,22.437,0,1.4958,-0.0002487526,22.437,0
1.4967,6.713969E-06,22.4505,0,1.4967,-0.0001876554,22.4505,0
1.4976,-1.007095E-05,22.464,0,1.4976,-0.0001047379,22.464,0
1.4985,3.289845E-05,22.4775,0,1.4985,-8.560311E-05,22.4775,0
1.4994,-1.644922E-05,22.491,0,1.4994,-7.418937E-05,22.491,0
1.5003,3.323415E-05,22.5045,0,1.5003,-7.217517E-05,22.5045,0
1.5012,8.157473E-05,22.518,0,1.5012,-6.478981E-05,22.518,0
1.5021,5.001907E-05,22.5315,0,1.5021,-0.0001104448,22.5315,0
1.503,-1.174945E-05,22.545,0,1.503,-8.627451E-05,22.545,0
1.5039,7.721065E-06,22.5585,0,1.5039,-3.927672E-05,22.5585,0
1.5048,-1.309224E-05,22.572,0,1.5048,1.510643E-05,22.572,0
1.5057,-4.934768E-05,22.5855,0,1.5057,-2.685588E-06,22.5855,0
1.5066,-7.049668E-06,22.599,0,1.5066,-4.061952E-05,22.599,0
1.5075,-0.0001134661,22.6125,0,1.5075,6.713969E-06,22.6125,0
1.5084,-0.0001473716,22.626,0,1.5084,3.625543E-05,22.626,0
1.5093,-0.0001178302,22.6395,0,1.5093,1.376364E-05,22.6395,0
1.5102,-0.0001077592,22.653,0,1.5102,6.277562E-05,22.653,0
1.5111,-0.0001218585,22.6665,0,1.5111,8.82887E-05,22.6665,0
1.512,-0.0001252155,22.68,0,1.512,4.666209E-05,22.68,0
1.5129,-5.673304E-05,22.6935,0,1.5129,9.063859E-06,22.6935,0
1.5138,-5.035477E-06,22.707,0,1.5138,-2.316319E-05,22.707,0
1.5147,-6.210422E-05,22.7205,0,1.5147,-3.021286E-06,22.7205,0
1.5156,-4.699779E-05,22.734,0,1.5156,3.356985E-06,22.734,0
1.5165,3.927672E-05,22.7475,0,1.5165,-1.443504E-05,22.7475,0
1.5174,8.82887E-05,22.761,0,1.5174,-3.356985E-06,22.761,0
1.5183,6.143282E-05,22.7745,0,1.5183,7.318227E-05,22.7745,0
1.5192,6.243992E-05,22.788,0,1.5192,6.009003E-05,22.788,0
1.5201,7.620356E-05,22.8015,0,1.5201,3.457694E-05,22.8015,0
1.521,2.1149E-05,22.815,0,1.521,6.948959E-05,22.815,0
1.5219,2.047761E-05,22.8285,0,1.5219,8.560311E-05,22.8285,0
1.5228,9.903105E-05,22.842,0,1.5228,5.606165E-05,22.842,0
1.5237,-2.920577E-05,22.8555,0,1.5237,5.941863E-05,22.8555,0
1.5246,1.443504E-05,22.869,0,1.5246,6.478981E-05,22.869,0
1.5255,6.57969E-05,22.8825,0,1.5255,4.129091E-05,22.8825,0
1.5264,6.51255E-05,22.896,0,1.5264,-6.713969E-07,22.896,0
1.5273,0.0001406577,22.9095,0,1.5273,-5.136187E-05,22.9095,0
1.5282,0.0001366293,22.923,0,1.5282,-5.035477E-05,22.923,0
1.5291,0.0001379721,22.9365,0,1.5291,-5.203327E-05,22.9365,0
1.53,0.000140322,22.95,0,1.53,-8.191043E-05,22.95,0
1.5309,0.0001795987,22.9635,0,1.5309,-0.0001013809,22.9635,0
1.5318,5.539025E-05,22.977,0,1.5318,-8.661021E-05,22.977,0
1.5327,7.083238E-05,22.9905,0,1.5327,-0.0001010452,22.9905,0
1.5336,0.0001487144,23.004,0,1.5336,-0.0001413291,23.004,0
1.5345,2.28275E-05,23.0175,0,1.5345,-0.0001017166,23.0175,0
1.5354,5.035477E-06,23.031,0,1.5354,-7.956054E-05,23.031,0
1.5363,8.82887E-05,23.0445,0,1.5363,-0.000115816,23.0445,0
1.5372,4.49836E-05,23.058,0,1.5372,-0.0001094377,23.058,0
1.5381,1.812772E-05,23.0715,0,1.5381,-5.404745E-05,23.0715,0
1.539,6.311131E-05,23.085,0,1.539,-3.390555E-05,23.085,0
1.5399,5.975433E-05,23.0985,0,1.5399,-2.853437E-05,23.0985,0
1.5408,1.107805E-05,23.112,0,1.5408,-2.551309E-05,23.112,0
1.5417,-4.129091E-05,23.1255,0,1.5417,1.107805E-05,23.1255,0
1.5426,-0.0001027237,23.139,0,1.5426,4.229801E-05,23.139,0
1.5435,-9.701686E-05,23.1525,0,1.5435,-1.007095E-06,23.1525,0
1.5444,-0.0001299153,23.166,0,1.5444,-1.644922E-05,23.166,0
1.5453,-0.000161471,23.1795,0,1.5453,2.014191E-05,23.1795,0
1.5462,-0.0001507286,23.193,0,1.5462,0,23.193,0
1.5471,-0.0001080949,23.2065,0,1.5471,-2.081331E-05,23.2065,0
1.548,-0.0001527428,23.22,0,1.548,1.007095E-05,23.22,0
1.5489,-0.0001540856,23.2335,0,1.5489,-7.721065E-06,23.2335,0
1.5498,-0.0001386435,23.247,0,1.5498,-4.196231E-05,23.247,0
1.5507,-0.0001406577,23.2605,0,1.5507,-3.222705E-05,23.2605,0
1.5516,-0.0001671778,23.274,0,1.5516,-1.678492E-06,23.274,0
1.5525,-9.063859E-05,23.2875,0,1.5525,-2.652018E-05,23.2875,0
1.5534,-3.189136E-05,23.301,0,1.5534,-3.189136E-05,23.301,0
1.5543,-3.189136E-05,23.3145,0,1.5543,-6.74754E-05,23.3145,0
1.5552,-8.258183E-05,23.328,0,1.5552,-5.941863E-05,23.328,0
1.5561,-0.0001554284,23.3415,0,1.5561,-3.692683E-05,23.3415,0
1.557,-0.0001205158,23.355,0,1.557,-5.001907E-05,23.355,0
1.5579,-5.203327E-05,23.3685,0,1.5579,-4.834058E-05,23.3685,0
1.5588,-9.634547E-05,23.382,0,1.5588,1.309224E-05,23.382,0
1.5597,-1.107805E-05,23.3955,0,1.5597,-1.007095E-06,23.3955,0
1.5606,7.687495E-05,23.409,0,1.5606,-2.786297E-05,23.409,0
1.5615,-2.853437E-05,23.4225,0,1.5615,3.424125E-05,23.4225,0
1.5624,1.174945E-05,23.436,0,1.5624,2.786297E-05,23.436,0
1.5633,3.726253E-05,23.4495,0,1.5633,6.713969E-07,23.4495,0
1.5642,-3.155566E-05,23.463,0,1.5642,1.846342E-05,23.463,0
1.5651,-3.591974E-05,23.4765,0,1.5651,1.443504E-05,23.4765,0
1.566,-6.713969E-06,23.49,0,1.566,-7.049668E-06,23.49,0
1.5669,-4.53193E-05,23.5035,0,1.5669,-3.591974E-05,23.5035,0
1.5678,6.042573E-06,23.517,0,1.5678,-7.956054E-05,23.517,0
1.5687,4.800488E-05,23.5305,0,1.5687,-7.687495E-05,23.5305,0
1.5696,2.719158E-05,23.544,0,1.5696,-8.090334E-05,23.544,0
1.5705,6.814679E-05,23.5575,0,1.5705,-9.835965E-05,23.5575,0
1.5714,0.0001305867,23.571,0,1.5714,-8.96315E-05,23.571,0
1.5723,3.591974E-05,23.5845,0,1.5723,-3.994812E-05,23.5845,0
1.5732,4.901198E-05,23.598,0,1.5732,-2.719158E-05,23.598,0
1.5741,0.0001634852,23.6115,0,1.5741,-3.659113E-05,23.6115,0
1.575,8.92958E-05,23.625,0,1.575,2.517739E-05,23.625,0
1.5759,5.404745E-05,23.6385,0,1.5759,2.417029E-05,23.6385,0
1.5768,0.0001020523,23.652,0,1.5768,-1.242084E-05,23.652,0
1.5777,6.378271E-06,23.6655,0,1.5777,1.644922E-05,23.6655,0
1.5786,-1.376364E-05,23.679,0,1.5786,3.189136E-05,23.679,0
1.5795,4.666209E-05,23.6925,0,1.5795,2.349889E-06,23.6925,0
1.5804,0.0001010452,23.706,0,1.5804,-1.947051E-05,23.706,0
1.5813,8.96315E-05,23.7195,0,1.5813,-1.477073E-05,23.7195,0
1.5822,6.61326E-05,23.733,0,1.5822,1.644922E-05,23.733,0
1.5831,3.591974E-05,23.7465,0,1.5831,2.987716E-05,23.7465,0
1.584,2.21561E-05,23.76,0,1.584,-4.36408E-06,23.76,0
1.5849,-2.316319E-05,23.7735,0,1.5849,-1.644922E-05,23.7735,0
1.5858,-8.795301E-05,23.787,0,1.5858,1.443504E-05,23.787,0
1.5867,-6.74754E-05,23.8005,0,1.5867,-2.920577E-05,23.8005,0
1.5876,-1.745632E-05,23.814,0,1.5876,-7.956054E-05,23.814,0
1.5885,-5.673304E-05,23.8275,0,1.5885,-5.975433E-05,23.8275,0
1.5894,-7.183947E-05,23.841,0,1.5894,-8.627451E-05,23.841,0
1.5903,-5.606165E-05,23.8545,0,1.5903,-9.600977E-05,23.8545,0
1.5912,-5.673304E-05,23.868,0,1.5912,-3.323415E-05,23.868,0
1.5921,-5.807584E-05,23.8815,0,1.5921,4.53193E-05,23.8815,0
1.593,-2.752728E-05,23.895,0,1.593,0.0001037308,23.895,0
1.5939,-5.203327E-05,23.9085,0,1.5939,0.0001044022,23.9085,0
1.5948,-1.510643E-05,23.922,0,1.5948,2.719158E-05,23.922,0
1.5957,-7.016098E-05,23.9355,0,1.5957,2.21561E-05,23.9355,0
1.5966,-8.627451E-05,23.949,0,1.5966,4.666209E-05,23.949,0
1.5975,3.692683E-06,23.9625,0,1.5975,4.800488E-05,23.9625,0
1.5984,-5.035477E-06,23.976,0,1.5984,4.766919E-05,23.976,0
1.5993,-2.584878E-05,23.9895,0,1.5993,5.807584E-05,23.9895,0
1.6002,5.404745E-05,24.003,0,1.6002,1.913481E-05,24.003,0
1.6011,7.049668E-05,24.0165,0,1.6011,-1.913481E-05,24.0165,0
1.602,-4.196231E-05,24.03,0,1.602,1.644922E-05,24.03,0
1.6029,7.855344E-05,24.0435,0,1.6029,1.040665E-05,24.0435,0
1.6038,0.0001842985,24.057,0,1.6038,-3.927672E-05,24.057,0
1.6047,4.733349E-05,24.0705,0,1.6047,-5.807584E-05,24.0705,0
1.6056,1.745632E-05,24.084,0,1.6056,-1.443504E-05,24.084,0
1.6065,8.090334E-05,24.0975,0,1.6065,-1.644922E-05,24.0975,0
1.6074,3.121996E-05,24.111,0,1.6074,3.356985E-07,24.111,0
1.6083,3.558404E-05,24.1245,0,1.6083,-3.826963E-05,24.1245,0
1.6092,-3.692683E-06,24.138,0,1.6092,-2.081331E-05,24.138,0
1.6101,-3.692683E-05,24.1515,0,1.6101,-2.685588E-06,24.1515,0
1.611,-1.644922E-05,24.165,0,1.611,-1.510643E-05,24.165,0
1.6119,-7.721065E-06,24.1785,0,1.6119,-2.786297E-05,24.1785,0
1.6128,-8.627451E-05,24.192,0,1.6128,3.692683E-06,24.192,0
1.6137,-5.673304E-05,24.2055,0,1.6137,-1.040665E-05,24.2055,0
1.6146,2.584878E-05,24.219,0,1.6146,-4.934768E-05,24.219,0
1.6155,-2.28275E-05,24.2325,0,1.6155,-1.712062E-05,24.2325,0
1.6164,-9.835965E-05,24.246,0,1.6164,-1.141375E-05,24.246,0
1.6173,-4.800488E-05,24.2595,0,1.6173,-4.49836E-05,24.2595,0
1.6182,-8.72816E-05,24.273,0,1.6182,-5.169757E-05,24.273,0
1.6191,-0.0001285725,24.2865,0,1.6191,-9.063859E-06,24.2865,0
1.62,-7.855344E-05,24.3,0,1.62,-2.517739E-05,24.3,0
1.6209,-6.57969E-05,24.3135,0,1.6209,-2.551309E-05,24.3135,0
1.6218,-5.941863E-05,24.327,0,1.6218,-3.424125E-05,24.327,0
1.6227,-5.673304E-05,24.3405,0,1.6227,-2.652018E-05,24.3405,0
1.6236,-7.083238E-05,24.354,0,1.6236,-3.356985E-05,24.354,0
1.6245,-5.471885E-05,24.3675,0,1.6245,-6.64683E-05,24.3675,0
1.6254,-2.450599E-05,24.381,0,1.6254,-7.183947E-05,24.381,0
1.6263,-8.157473E-05,24.3945,0,1.6263,-3.524834E-05,24.3945,0
1.6272,-2.685588E-06,24.408,0,1.6272,-4.46479E-05,24.408,0
1.6281,7.150377E-05,24.4215,0,1.6281,-4.229801E-05,24.4215,0
1.629,3.356985E-07,24.435,0,1.629,-1.779202E-05,24.435,0
1.6299,4.095522E-05,24.4485,0,1.6299,-4.061952E-05,24.4485,0
1.6308,3.961242E-05,24.462,0,1.6308,-7.217517E-05,24.462,0
1.6317,5.673304E-05,24.4755,0,1.6317,-3.524834E-05,24.4755,0
1.6326,3.994812E-05,24.489,0,1.6326,-1.644922E-05,24.489,0
1.6335,1.309224E-05,24.5025,0,1.6335,-1.510643E-05,24.5025,0
1.6344,4.162661E-05,24.516,0,1.6344,-1.510643E-05,24.516,0
1.6353,8.761731E-05,24.5295,0,1.6353,-4.129091E-05,24.5295,0
1.6362,1.510643E-05,24.543,0,1.6362,-1.376364E-05,24.543,0
1.6371,-3.356985E-06,24.5565,0,1.6371,1.577783E-05,24.5565,0
1.638,1.644922E-05,24.57,0,1.638,5.706874E-06,24.57,0
1.6389,1.712062E-05,24.5835,0,1.6389,-2.819867E-05,24.5835,0
1.6398,-2.987716E-05,24.597,0,1.6398,-5.706874E-06,24.597,0
1.6407,-5.639734E-05,24.6105,0,1.6407,-1.443504E-05,24.6105,0
1.6416,-4.565499E-05,24.624,0,1.6416,-5.438316E-05,24.624,0
1.6425,-0.0001695277,24.6375,0,1.6425,-2.920577E-05,24.6375,0
1.6434,-0.0002020905,24.651,0,1.6434,-2.652018E-05,24.651,0
1.6443,-0.0001245441,24.6645,0,1.6443,-7.821774E-05,24.6645,0
1.6452,-0.0001467002,24.678,0,1.6452,-6.57969E-05,24.678,0
1.6461,-0.0001906767,24.6915,0,1.6461,-5.136187E-05,24.6915,0
1.647,-0.0001305867,24.705,0,1.647,-6.814679E-05,24.705,0
1.6479,-0.0001379721,24.7185,0,1.6479,-7.284657E-05,24.7185,0
1.6488,-0.0001178302,24.732,0,1.6488,-7.486076E-05,24.732,0
1.6497,-8.358892E-05,24.7455,0,1.6497,-4.061952E-05,24.7455,0
1.6506,-6.143282E-05,24.759,0,1.6506,-2.450599E-05,24.759,0
1.6515,-2.349889E-05,24.7725,0,1.6515,-4.733349E-05,24.7725,0
1.6524,-1.980621E-05,24.786,0,1.6524,-4.733349E-05,24.786,0
1.6533,-3.054856E-05,24.7995,0,1.6533,-8.392462E-06,24.7995,0
1.6542,-2.383459E-05,24.813,0,1.6542,-3.021286E-05,24.813,0
1.6551,5.270466E-05,24.8265,0,1.6551,-5.069047E-05,24.8265,0
1.656,2.081331E-05,24.84,0,1.656,-1.007095E-05,24.84,0
1.6569,4.162661E-05,24.8535,0,1.6569,-6.042573E-06,24.8535,0
1.6578,0.0001010452,24.867,0,1.6578,-9.735256E-06,24.867,0
1.6587,9.365987E-05,24.8805,0,1.6587,2.450599E-05,24.8805,0
1.6596,4.46479E-05,24.894,0,1.6596,5.203327E-05,24.894,0
1.6605,8.023193E-05,24.9075,0,1.6605,4.196231E-05,24.9075,0
1.6614,0.0001607996,24.921,0,1.6614,4.867628E-05,24.921,0
1.6623,0.0001567712,24.9345,0,1.6623,6.143282E-05,24.9345,0
1.6632,0.0001218585,24.948,0,1.6632,8.358892E-05,24.948,0
1.6641,4.061952E-05,24.9615,0,1.6641,6.54612E-05,24.9615,0
1.665,0.0001067521,24.975,0,1.665,2.28275E-05,24.975,0
1.6659,0.0001117876,24.9885,0,1.6659,1.309224E-05,24.9885,0
1.6668,-3.021286E-06,25.002,0,1.6668,3.860533E-05,25.002,0
1.6677,3.356985E-07,25.0155,0,1.6677,1.208515E-05,25.0155,0
1.6686,5.136187E-05,25.029,0,1.6686,-4.666209E-05,25.029,0
1.6695,-3.356985E-06,25.0425,0,1.6695,-1.376364E-05,25.0425,0
1.6704,2.517739E-05,25.056,0,1.6704,-2.954147E-05,25.056,0
1.6713,-3.524834E-05,25.0695,0,1.6713,-7.687495E-05,25.0695,0
1.6722,-5.706874E-05,25.083,0,1.6722,-4.095522E-05,25.083,0
1.6731,-4.46479E-05,25.0965,0,1.6731,-2.584878E-05,25.0965,0
1.674,9.063859E-06,25.11,0,1.674,-4.39765E-05,25.11,0
1.6749,2.1149E-05,25.1235,0,1.6749,-5.941863E-05,25.1235,0
1.6758,7.183947E-05,25.137,0,1.6758,-8.627451E-05,25.137,0
1.6767,0.0001064164,25.1505,0,1.6767,-7.418937E-05,25.1505,0
1.6776,3.860533E-05,25.164,0,1.6776,-7.687495E-05,25.164,0
1.6785,6.378271E-05,25.1775,0,1.6785,-0.0001027237,25.1775,0
1.6794,0.0001265583,25.191,0,1.6794,-0.000109102,25.191,0
1.6803,6.277562E-05,25.2045,0,1.6803,-5.941863E-05,25.2045,0
1.6812,9.768826E-05,25.218,0,1.6812,-7.016098E-05,25.218,0
1.6821,0.0001470359,25.2315,0,1.6821,-8.96315E-05,25.2315,0
1.683,3.659113E-05,25.245,0,1.683,-1.745632E-05,25.245,0
1.6839,4.733349E-05,25.2585,0,1.6839,-1.510643E-05,25.2585,0
1.6848,8.157473E-05,25.272,0,1.6848,-3.726253E-05,25.272,0
1.6857,-3.692683E-06,25.2855,0,1.6857,3.356985E-07,25.2855,0
1.6866,-6.71397E-05,25.299,0,1.6866,1.678492E-05,25.299,0
1.6875,-2.786297E-05,25.3125,0,1.6875,2.652018E-05,25.3125,0
1.6884,3.256275E-05,25.326,0,1.6884,3.927672E-05,25.326,0
1.6893,4.36408E-06,25.3395,0,1.6893,4.162661E-05,25.3395,0
1.6902,-2.14847E-05,25.353,0,1.6902,6.411841E-05,25.353,0
1.6911,-9.063859E-06,25.3665,0,1.6911,9.600977E-05,25.3665,0
1.692,3.692683E-06,25.38,0,1.692,6.54612E-05,25.38,0
1.6929,2.014191E-06,25.3935,0,1.6929,4.632639E-05,25.3935,0
1.6938,1.678492E-06,25.407,0,1.6938,8.358892E-05,25.407,0
1.6947,2.21561E-05,25.4205,0,1.6947,6.378271E-05,25.4205,0
1.6956,8.358892E-05,25.434,0,1.6956,1.040665E-05,25.434,0
1.6965,3.155566E-05,25.4475,0,1.6965,3.860533E-05,25.4475,0
1.6974,-4.599069E-05,25.461,0,1.6974,4.162661E-05,25.461,0
1.6983,1.577783E-05,25.4745,0,1.6983,-3.021286E-06,25.4745,0
1.6992,-1.913481E-05,25.488,0,1.6992,1.040665E-05,25.488,0
1.7001,-4.699779E-05,25.5015,0,1.7001,3.390555E-05,25.5015,0
1.701,-4.733349E-05,25.515,0,1.701,1.879912E-05,25.515,0
1.7019,-3.591974E-05,25.5285,0,1.7019,-2.349889E-06,25.5285,0
1.7028,4.666209E-05,25.542,0,1.7028,-1.510643E-05,25.542,0
1.7037,2.987716E-05,25.5555,0,1.7037,-1.745632E-05,25.5555,0
1.7046,-1.913481E-05,25.569,0,1.7046,-2.719158E-05,25.569,0
1.7055,3.591974E-05,25.5825,0,1.7055,-5.371176E-05,25.5825,0
1.7064,5.001907E-05,25.596,0,1.7064,-5.841154E-05,25.596,0
1.7073,2.316319E-05,25.6095,0,1.7073,-1.980621E-05,25.6095,0
1.7082,8.459602E-05,25.623,0,1.7082,-3.591974E-05,25.623,0
1.7091,7.620356E-05,25.6365,0,1.7091,-5.505455E-05,25.6365,0
1.71,-1.309224E-05,25.65,0,1.71,5.706874E-06,25.65,0
1.7109,4.263371E-05,25.6635,0,1.7109,-1.342794E-06,25.6635,0
1.7118,4.733349E-05,25.677,0,1.7118,-7.385367E-06,25.677,0
1.7127,-6.57969E-05,25.6905,0,1.7127,1.477073E-05,25.6905,0
1.7136,-5.941863E-05,25.704,0,1.7136,2.047761E-05,25.704,0
1.7145,-7.049668E-06,25.7175,0,1.7145,-4.36408E-06,25.7175,0
1.7154,-4.934768E-05,25.731,0,1.7154,-4.028382E-06,25.731,0
1.7163,-4.36408E-05,25.7445,0,1.7163,-5.740444E-05,25.7445,0
1.7172,-4.263371E-05,25.758,0,1.7172,-5.136187E-05,25.758,0
1.7181,-7.351797E-05,25.7715,0,1.7181,-5.270466E-05,25.7715,0
1.719,-3.121996E-05,25.785,0,1.719,-9.500267E-05,25.785,0
1.7199,-1.376364E-05,25.7985,0,1.7199,-0.0001242084,25.7985,0
1.7208,-6.143282E-05,25.812,0,1.7208,-0.000105745,25.812,0
1.7217,-2.18204E-05,25.8255,0,1.7217,-0.0001131304,25.8255,0
1.7226,7.049668E-06,25.839,0,1.7226,-0.0001299153,25.839,0
1.7235,-5.807584E-05,25.8525,0,1.7235,-5.774014E-05,25.8525,0
1.7244,-9.903105E-05,25.866,0,1.7244,-3.659113E-05,25.866,0
1.7253,-2.786297E-05,25.8795,0,1.7253,-3.591974E-05,25.8795,0
1.7262,-3.625543E-05,25.893,0,1.7262,-3.356985E-05,25.893,0
1.7271,-0.0001292439,25.9065,0,1.7271,-1.644922E-05,25.9065,0
1.728,-0.0001003738,25.92,0,1.728,-4.699779E-05,25.92,0
1.7289,-7.150377E-05,25.9335,0,1.7289,-5.606165E-05,25.9335,0
1.7298,-3.793393E-05,25.947,0,1.7298,-5.505455E-05,25.947,0
1.7307,-5.471885E-05,25.9605,0,1.7307,-4.834058E-05,25.9605,0
1.7316,-4.33051E-05,25.974,0,1.7316,-4.934768E-05,25.974,0
1.7325,-2.786297E-05,25.9875,0,1.7325,-6.311131E-05,25.9875,0
1.7334,-2.685588E-06,26.001,0,1.7334,-7.486076E-05,26.001,0
1.7343,-4.39765E-05,26.0145,0,1.7343,-3.826963E-05,26.0145,0
1.7352,-3.356985E-07,26.028,0,1.7352,-5.136187E-05,26.028,0
1.7361,2.786297E-05,26.0415,0,1.7361,-7.553216E-05,26.0415,0
1.737,-6.78111E-05,26.055,0,1.737,-2.1149E-05,26.055,0
1.7379,-7.553216E-05,26.0685,0,1.7379,-2.819867E-05,26.0685,0
1.7388,-2.652018E-05,26.082,0,1.7388,-5.807584E-05,26.082,0
1.7397,-3.726253E-05,26.0955,0,1.7397,-6.277562E-05,26.0955,0
1.7406,-4.800488E-05,26.109,0,1.7406,-1.443504E-05,26.109,0
1.7415,-8.157473E-05,26.1225,0,1.7415,-2.752728E-05,26.1225,0
1.7424,-7.083238E-05,26.136,0,1.7424,-1.779202E-05,26.136,0
1.7433,1.174945E-05,26.1495,0,1.7433,-1.846342E-05,26.1495,0
1.7442,-8.090334E-05,26.163,0,1.7442,2.920577E-05,26.163,0
1.7451,-0.0001027237,26.1765,0,1.7451,6.109713E-05,26.1765,0
1.746,-2.551309E-05,26.19,0,1.746,4.666209E-05,26.19,0
1.7469,-4.867628E-05,26.2035,0,1.7469,3.860533E-05,26.2035,0
1.7478,-9.634547E-05,26.217,0,1.7478,7.183947E-05,26.217,0
1.7487,-3.356985E-06,26.2305,0,1.7487,8.157473E-05,26.2305,0
1.7496,4.901198E-05,26.244,0,1.7496,4.800488E-05,26.244,0
1.7505,-6.311131E-05,26.2575,0,1.7505,9.701686E-05,26.2575,0
1.7514,-4.49836E-05,26.271,0,1.7514,8.82887E-05,26.271,0
1.7523,1.376364E-05,26.2845,0,1.7523,4.733349E-05,26.2845,0
1.7532,-1.812772E-05,26.298,0,1.7532,6.61326E-05,26.298,0
1.7541,-3.826963E-05,26.3115,0,1.7541,7.922484E-05,26.3115,0
1.755,-4.36408E-06,26.325,0,1.755,8.82887E-05,26.325,0
1.7559,-1.242084E-05,26.3385,0,1.7559,8.661021E-05,26.3385,0
1.7568,4.129091E-05,26.352,0,1.7568,6.881819E-05,26.352,0
1.7577,7.687495E-05,26.3655,0,1.7577,8.224613E-05,26.3655,0
1.7586,9.365987E-05,26.379,0,1.7586,6.78111E-05,26.379,0
1.7595,5.673304E-05,26.3925,0,1.7595,3.323415E-05,26.3925,0
1.7604,9.231708E-05,26.406,0,1.7604,1.712062E-05,26.406,0
1.7613,3.826963E-05,26.4195,0,1.7613,5.337606E-05,26.4195,0
1.7622,4.800488E-05,26.433,0,1.7622,2.316319E-05,26.433,0
1.7631,0.0001275654,26.4465,0,1.7631,-3.457694E-05,26.4465,0
1.764,-1.376364E-05,26.46,0,1.764,-3.256275E-05,26.46,0
1.7649,-4.699779E-05,26.4735,0,1.7649,-2.853437E-05,26.4735,0
1.7658,5.572595E-05,26.487,0,1.7658,-7.418937E-05,26.487,0
1.7667,1.846342E-05,26.5005,0,1.7667,-7.452507E-05,26.5005,0
1.7676,-3.289845E-05,26.514,0,1.7676,-8.090334E-05,26.514,0
1.7685,3.457694E-05,26.5275,0,1.7685,-0.0001292439,26.5275,0
1.7694,4.800488E-05,26.541,0,1.7694,-0.0001601282,26.541,0
1.7703,0.0001017166,26.5545,0,1.7703,-0.0001742275,26.5545,0
1.7712,8.157473E-05,26.568,0,1.7712,-0.0001846342,26.568,0
1.7721,4.800488E-05,26.5815,0,1.7721,-0.0001675135,26.5815,0
1.773,5.069047E-05,26.595,0,1.773,-0.0001601282,26.595,0
1.7739,6.51255E-05,26.6085,0,1.7739,-0.0001460288,26.6085,0
1.7748,3.558404E-05,26.622,0,1.7748,-7.821774E-05,26.622,0
1.7757,4.934768E-05,26.6355,0,1.7757,-9.835965E-05,26.6355,0
1.7766,6.411841E-05,26.649,0,1.7766,-0.0001332723,26.649,0
1.7775,1.443504E-05,26.6625,0,1.7775,-8.358892E-05,26.6625,0
1.7784,4.36408E-05,26.676,0,1.7784,-8.023193E-05,26.676,0
1.7793,-3.356985E-07,26.6895,0,1.7793,-0.0001195087,26.6895,0
1.7802,-5.740444E-05,26.703,0,1.7802,-9.735256E-05,26.703,0
1.7811,-0.0001195087,26.7165,0,1.7811,-7.385367E-05,26.7165,0
1.782,-9.365987E-05,26.73,0,1.782,-7.150377E-05,26.73,0
1.7829,-9.634547E-05,26.7435,0,1.7829,-8.023193E-05,26.7435,0
1.7838,-7.821774E-05,26.757,0,1.7838,-0.0001064164,26.757,0
1.7847,-0.0001188373,26.7705,0,1.7847,-6.411841E-05,26.7705,0
1.7856,-0.0001201801,26.784,0,1.7856,-4.599069E-05,26.784,0
1.7865,-8.69459E-05,26.7975,0,1.7865,-3.826963E-05,26.7975,0
1.7874,-8.82887E-05,26.811,0,1.7874,-1.913481E-05,26.811,0
1.7883,-0.0001809415,26.8245,0,1.7883,3.054856E-05,26.8245,0
1.7892,-0.0001232013,26.838,0,1.7892,2.1149E-05,26.838,0
1.7901,-2.987716E-05,26.8515,0,1.7901,5.035477E-06,26.8515,0
1.791,-0.000148043,26.865,0,1.791,4.766919E-05,26.865,0
1.7919,-0.0001497215,26.8785,0,1.7919,2.887007E-05,26.8785,0
1.7928,-9.164568E-05,26.892,0,1.7928,-2.685588E-06,26.892,0
1.7937,-0.0001896696,26.9055,0,1.7937,2.752728E-05,26.9055,0
1.7946,-0.0001957122,26.919,0,1.7946,5.337606E-05,26.919,0
1.7955,-0.0001453574,26.9325,0,1.7955,6.61326E-05,26.9325,0
1.7964,-0.0001292439,26.946,0,1.7964,5.606165E-05,26.946,0
1.7973,-0.0001228656,26.9595,0,1.7973,4.766919E-05,26.9595,0
1.7982,-5.941863E-05,26.973,0,1.7982,8.426032E-05,26.973,0
1.7991,6.74754E-05,26.9865,0,1.7991,9.634547E-05,26.9865,0
1.8,7.318227E-05,27,0,1.8,3.591974E-05,27,0
1.8009,0.0001044022,27.0135,0,1.8009,3.692683E-06,27.0135,0
1.8018,6.210422E-05,27.027,0,1.8018,2.383459E-05,27.027,0
1.8027,5.606165E-05,27.0405,0,1.8027,1.040665E-05,27.0405,0
1.8036,0.000109102,27.054,0,1.8036,-5.069047E-05,27.054,0
1.8045,3.054856E-05,27.0675,0,1.8045,-1.510643E-05,27.0675,0
1.8054,3.356985E-07,27.081,0,1.8054,-2.584878E-05,27.081,0
1.8063,7.754635E-05,27.0945,0,1.8063,-7.754635E-05,27.0945,0
1.8072,2.920577E-05,27.108,0,1.8072,-7.385367E-05,27.108,0
1.8081,-3.692683E-06,27.1215,0,1.8081,-3.390555E-05,27.1215,0
1.809,-9.399558E-06,27.135,0,1.809,-3.826963E-05,27.135,0
1.8099,1.980621E-05,27.1485,0,1.8099,-4.968337E-05,27.1485,0
1.8108,3.054856E-05,27.162,0,1.8108,-5.539025E-05,27.162,0
1.8117,7.721065E-06,27.1755,0,1.8117,-2.987716E-05,27.1755,0
1.8126,1.913481E-05,27.189,0,1.8126,-3.356985E-06,27.189,0
1.8135,5.606165E-05,27.2025,0,1.8135,-3.558404E-05,27.2025,0
1.8144,2.484169E-05,27.216,0,1.8144,-3.256275E-05,27.216,0
1.8153,1.309224E-05,27.2295,0,1.8153,-5.706874E-06,27.2295,0
1.8162,9.433127E-05,27.243,0,1.8162,-1.544213E-05,27.243,0
1.8171,6.51255E-05,27.2565,0,1.8171,-4.968337E-05,27.2565,0
1.818,2.047761E-05,27.27,0,1.818,-6.713969E-07,27.27,0
1.8189,3.054856E-05,27.2835,0,1.8189,-7.385367E-06,27.2835,0
1.8198,4.33051E-05,27.297,0,1.8198,-2.887007E-05,27.297,0
1.8207,9.063859E-05,27.3105,0,1.8207,-1.074235E-05,27.3105,0
1.8216,7.821774E-05,27.324,0,1.8216,3.424125E-05,27.324,0
1.8225,0.0001097734,27.3375,0,1.8225,4.46479E-05,27.3375,0
1.8234,8.023193E-05,27.351,0,1.8234,4.196231E-05,27.351,0
1.8243,0.0001305867,27.3645,0,1.8243,2.752728E-05,27.3645,0
1.8252,0.0001121233,27.378,0,1.8252,5.270466E-05,27.378,0
1.8261,3.726253E-05,27.3915,0,1.8261,4.53193E-05,27.3915,0
1.827,7.956054E-05,27.405,0,1.827,3.356985E-06,27.405,0
1.8279,6.814679E-05,27.4185,0,1.8279,-9.735256E-06,27.4185,0
1.8288,-3.726253E-05,27.432,0,1.8288,4.061952E-05,27.432,0
1.8297,-3.793393E-05,27.4455,0,1.8297,5.069047E-05,27.4455,0
1.8306,2.047761E-05,27.459,0,1.8306,2.24918E-05,27.459,0
1.8315,-7.553216E-05,27.4725,0,1.8315,8.291753E-05,27.4725,0
1.8324,-0.0001171588,27.486,0,1.8324,9.903105E-05,27.486,0
1.8333,-6.915389E-05,27.4995,0,1.8333,4.229801E-05,27.4995,0
1.8342,-0.0001265583,27.513,0,1.8342,4.934768E-05,27.513,0
1.8351,-0.0001601282,27.5265,0,1.8351,7.687495E-05,27.5265,0
1.836,-8.426032E-05,27.54,0,1.836,5.404745E-05,27.54,0
1.8369,-6.915389E-05,27.5535,0,1.8369,4.39765E-05,27.5535,0
1.8378,-4.632639E-05,27.567,0,1.8378,3.256275E-05,27.567,0
1.8387,-3.793393E-05,27.5805,0,1.8387,5.505455E-05,27.5805,0
1.8396,-4.095522E-05,27.594,0,1.8396,5.270466E-05,27.594,0
1.8405,-7.721065E-05,27.6075,0,1.8405,-5.371176E-06,27.6075,0
1.8414,-5.740444E-05,27.621,0,1.8414,-4.934768E-05,27.621,0
1.8423,-0.0001111162,27.6345,0,1.8423,-2.551309E-05,27.6345,0
1.8432,-7.486076E-05,27.648,0,1.8432,-4.46479E-05,27.648,0
1.8441,-4.800488E-05,27.6615,0,1.8441,-6.61326E-05,27.6615,0
1.845,-6.478981E-05,27.675,0,1.845,-2.28275E-05,27.675,0
1.8459,-9.097429E-05,27.6885,0,1.8459,-5.740444E-05,27.6885,0
1.8468,-3.558404E-05,27.702,0,1.8468,-9.097429E-05,27.702,0
1.8477,2.349889E-06,27.7155,0,1.8477,-7.049668E-05,27.7155,0
1.8486,-3.961242E-05,27.729,0,1.8486,-6.64683E-05,27.729,0
1.8495,-1.510643E-05,27.7425,0,1.8495,-9.231708E-05,27.7425,0
1.8504,2.383459E-05,27.756,0,1.8504,-0.0001044022,27.756,0
1.8513,0.0001027237,27.7695,0,1.8513,-0.0001342794,27.7695,0
1.8522,3.927672E-05,27.783,0,1.8522,-0.0001087663,27.783,0
1.8531,4.934768E-05,27.7965,0,1.8531,-8.761731E-05,27.7965,0
1.854,0.0001148089,27.81,0,1.854,-9.701686E-05,27.81,0
1.8549,9.600977E-05,27.8235,0,1.8549,-9.735256E-05,27.8235,0
1.8558,6.210422E-05,27.837,0,1.8558,-2.517739E-05,27.837,0
1.8567,0.0001255512,27.8505,0,1.8567,-3.189136E-05,27.8505,0
1.8576,0.0001769131,27.864,0,1.8576,-5.069047E-05,27.864,0
1.8585,8.560311E-05,27.8775,0,1.8585,-2.18204E-05,27.8775,0
1.8594,0.0001285725,27.891,0,1.8594,-2.786297E-05,27.891,0
1.8603,0.0001863127,27.9045,0,1.8603,-6.74754E-05,27.9045,0
1.8612,0.0001607996,27.918,0,1.8612,-6.6804E-05,27.918,0
1.8621,9.097429E-05,27.9315,0,1.8621,-3.659113E-05,27.9315,0
1.863,0.000105745,27.945,0,1.863,-4.263371E-05,27.945,0
1.8639,0.0001040665,27.9585,0,1.8639,-4.867628E-05,27.9585,0
1.8648,0.000109102,27.972,0,1.8648,-5.035477E-05,27.972,0
1.8657,0.0001111162,27.9855,0,1.8657,-1.040665E-05,27.9855,0
1.8666,5.941863E-05,27.999,0,1.8666,-1.745632E-05,27.999,0
1.8675,4.39765E-05,28.0125,0,1.8675,-6.74754E-05,28.0125,0
1.8684,4.733349E-05,28.026,0,1.8684,-7.821774E-05,28.026,0
1.8693,-3.021286E-05,28.0395,0,1.8693,-4.162661E-05,28.0395,0
1.8702,-7.452507E-05,28.053,0,1.8702,-4.834058E-05,28.053,0
1.8711,2.014191E-06,28.0665,0,1.8711,-6.243992E-05,28.0665,0
1.872,-0.0001037308,28.08,0,1.872,-1.980621E-05,28.08,0
1.8729,-0.0001104448,28.0935,0,1.8729,-2.316319E-05,28.0935,0
1.8738,-3.591974E-05,28.107,0,1.8738,-5.673304E-05,28.107,0
1.8747,-0.0001856413,28.1205,0,1.8747,-2.618448E-05,28.1205,0
1.8756,-0.0002437171,28.134,0,1.8756,-3.759823E-05,28.134,0
1.8765,-0.0001923552,28.1475,0,1.8765,-4.196231E-05,28.1475,0
1.8774,-0.0001842985,28.161,0,1.8774,-3.961242E-05,28.161,0
1.8783,-0.000126894,28.1745,0,1.8783,-5.001907E-05,28.1745,0
1.8792,-0.0001225299,28.188,0,1.8792,-1.174945E-05,28.188,0
1.8801,-3.457694E-05,28.2015,0,1.8801,-3.356985E-07,28.2015,0
1.881,-7.049668E-06,28.215,0,1.881,-1.980621E-05,28.215,0
1.8819,1.242084E-05,28.2285,0,1.8819,-3.793393E-05,28.2285,0
1.8828,7.049668E-06,28.242,0,1.8828,1.443504E-05,28.242,0
1.8837,2.987716E-05,28.2555,0,1.8837,1.107805E-05,28.2555,0
1.8846,8.89601E-05,28.269,0,1.8846,-4.36408E-06,28.269,0
1.8855,2.584878E-05,28.2825,0,1.8855,4.867628E-05,28.2825,0
1.8864,-2.047761E-05,28.296,0,1.8864,4.43122E-05,28.296,0
1.8873,7.049668E-06,28.3095,0,1.8873,9.063859E-06,28.3095,0
1.8882,4.46479E-05,28.323,0,1.8882,-7.049668E-06,28.323,0
1.8891,4.061952E-05,28.3365,0,1.8891,3.860533E-05,28.3365,0
1.89,3.726253E-05,28.35,0,1.89,2.786297E-05,28.35,0
1.8909,3.256275E-05,28.3635,0,1.8909,1.174945E-05,28.3635,0
1.8918,8.493171E-05,28.377,0,1.8918,7.721065E-06,28.377,0
1.8927,-2.920577E-05,28.3905,0,1.8927,3.356985E-05,28.3905,0
1.8936,-0.0001383078,28.404,0,1.8936,4.263371E-05,28.404,0
1.8945,-4.263371E-05,28.4175,0,1.8945,2.987716E-05,28.4175,0
1.8954,1.040665E-05,28.431,0,1.8954,4.028382E-06,28.431,0
1.8963,-8.291753E-05,28.4445,0,1.8963,1.644922E-05,28.4445,0
1.8972,-7.351797E-05,28.458,0,1.8972,-3.054856E-05,28.458,0
1.8981,-4.867628E-05,28.4715,0,1.8981,-7.754635E-05,28.4715,0
1.899,-0.0001097734,28.485,0,1.899,-3.390555E-05,28.485,0
1.8999,-8.728161E-06,28.4985,0,1.8999,-4.867628E-05,28.4985,0
1.9008,5.774014E-05,28.512,0,1.9008,-6.478981E-05,28.512,0
1.9017,-2.349889E-05,28.5255,0,1.9017,-3.894102E-05,28.5255,0
1.9026,-0.0001188373,28.539,0,1.9026,2.349889E-06,28.539,0
1.9035,-6.57969E-05,28.5525,0,1.9035,2.618448E-05,28.5525,0
1.9044,-6.74754E-05,28.566,0,1.9044,3.994812E-05,28.566,0
1.9053,-4.800488E-05,28.5795,0,1.9053,1.510643E-05,28.5795,0
1.9062,-6.478981E-05,28.593,0,1.9062,4.095522E-05,28.593,0
1.9071,-0.0001722133,28.6065,0,1.9071,4.46479E-05,28.6065,0
1.908,-9.903105E-05,28.62,0,1.908,-4.36408E-06,28.62,0
1.9089,4.36408E-06,28.6335,0,1.9089,-3.793393E-05,28.6335,0
1.9098,-8.392462E-05,28.647,0,1.9098,-4.196231E-05,28.647,0
1.9107,-2.047761E-05,28.6605,0,1.9107,-5.639734E-05,28.6605,0
1.9116,8.392462E-05,28.674,0,1.9116,-8.96315E-05,28.674,0
1.9125,3.558404E-05,28.6875,0,1.9125,-4.934768E-05,28.6875,0
1.9134,0.0001117876,28.701,0,1.9134,-4.028382E-05,28.701,0
1.9143,0.0001675135,28.7145,0,1.9143,-8.090334E-05,28.7145,0
1.9152,9.433127E-05,28.728,0,1.9152,-6.881819E-05,28.728,0
1.9161,1.510643E-05,28.7415,0,1.9161,-3.121996E-05,28.7415,0
1.917,1.275654E-05,28.755,0,1.917,-3.323415E-05,28.755,0
1.9179,7.486076E-05,28.7685,0,1.9179,-9.399558E-06,28.7685,0
1.9188,6.915389E-05,28.782,0,1.9188,1.242084E-05,28.782,0
1.9197,3.894102E-05,28.7955,0,1.9197,3.625543E-05,28.7955,0
1.9206,1.376364E-05,28.809,0,1.9206,7.888914E-05,28.809,0
1.9215,1.846342E-05,28.8225,0,1.9215,6.445411E-05,28.8225,0
1.9224,-3.356985E-07,28.836,0,1.9224,4.162661E-05,28.836,0
1.9233,-4.43122E-05,28.8495,0,1.9233,7.351797E-05,28.8495,0
1.9242,-2.719158E-05,28.863,0,1.9242,6.54612E-05,28.863,0
1.9251,1.712062E-05,28.8765,0,1.9251,5.270466E-05,28.8765,0
1.926,-6.076142E-05,28.89,0,1.926,0.0001003738,28.89,0
1.9269,3.021286E-05,28.9035,0,1.9269,7.351797E-05,28.9035,0
1.9278,3.289845E-05,28.917,0,1.9278,3.256275E-05,28.917,0
1.9287,-4.196231E-05,28.9305,0,1.9287,4.095522E-05,28.9305,0
1.9296,-5.572595E-05,28.944,0,1.9296,2.383459E-05,28.944,0
1.9305,-7.016098E-05,28.9575,0,1.9305,-1.510643E-05,28.9575,0
1.9314,-9.063859E-05,28.971,0,1.9314,-3.625543E-05,28.971,0
1.9323,-5.841154E-05,28.9845,0,1.9323,-5.639734E-05,28.9845,0
1.9332,-7.821774E-05,28.998,0,1.9332,-4.39765E-05,28.998,0
1.9341,-8.72816E-05,29.0115,0,1.9341,-2.987716E-05,29.0115,0
1.935,-8.392462E-06,29.025,0,1.935,-7.083238E-05,29.025,0
1.9359,1.409934E-05,29.0385,0,1.9359,-0.0001094377,29.0385,0
1.9368,-3.726253E-05,29.052,0,1.9368,-7.049668E-05,29.052,0
1.9377,9.063859E-06,29.0655,0,1.9377,-8.69459E-05,29.0655,0
1.9386,0.0001211871,29.079,0,1.9386,-0.0001255512,29.079,0
1.9395,2.18204E-05,29.0925,0,1.9395,-8.090334E-05,29.0925,0
1.9404,1.510643E-05,29.106,0,1.9404,-8.82887E-05,29.106,0
1.9413,8.560311E-05,29.1195,0,1.9413,-0.0001255512,29.1195,0
1.9422,-1.913481E-05,29.133,0,1.9422,-0.0001171588,29.133,0
1.9431,-5.774014E-05,29.1465,0,1.9431,-7.922484E-05,29.1465,0
1.944,-1.309224E-05,29.16,0,1.944,-7.385367E-05,29.16,0
1.9449,-2.920577E-05,29.1735,0,1.9449,-6.64683E-05,29.1735,0
1.9458,-1.007095E-06,29.187,0,1.9458,-7.754635E-05,29.187,0
1.9467,1.040665E-05,29.2005,0,1.9467,-5.908293E-05,29.2005,0
1.9476,-6.478981E-05,29.214,0,1.9476,-5.673304E-05,29.214,0
1.9485,-2.551309E-05,29.2275,0,1.9485,-7.956054E-05,29.2275,0
1.9494,1.980621E-05,29.241,0,1.9494,-8.526741E-05,29.241,0
1.9503,-2.752728E-05,29.2545,0,1.9503,-7.284657E-05,29.2545,0
1.9512,-2.349889E-06,29.268,0,1.9512,-8.157473E-05,29.268,0
1.9521,2.047761E-05,29.2815,0,1.9521,-9.869535E-05,29.2815,0
1.953,-4.095522E-05,29.295,0,1.953,-5.539025E-05,29.295,0
1.9539,-2.081331E-05,29.3085,0,1.9539,-6.78111E-05,29.3085,0
1.9548,4.028382E-06,29.322,0,1.9548,-8.92958E-05,29.322,0
1.9557,1.712062E-05,29.3355,0,1.9557,-8.224613E-05,29.3355,0
1.9566,-8.426032E-05,29.349,0,1.9566,-1.846342E-05,29.349,0
1.9575,-5.807584E-05,29.3625,0,1.9575,-9.735256E-06,29.3625,0
1.9584,-2.719158E-05,29.376,0,1.9584,1.007095E-06,29.376,0
1.9593,-2.349889E-05,29.3895,0,1.9593,-1.443504E-05,29.3895,0
1.9602,-0.0001037308,29.403,0,1.9602,2.517739E-05,29.403,0
1.9611,-0.0001832914,29.4165,0,1.9611,6.143282E-05,29.4165,0
1.962,-0.000102388,29.43,0,1.962,4.666209E-05,29.43,0
1.9629,-0.0001104448,29.4435,0,1.9629,3.927672E-05,29.4435,0
1.9638,-0.0001242084,29.457,0,1.9638,8.560311E-05,29.457,0
1.9647,-2.920577E-05,29.4705,0,1.9647,9.634547E-05,29.4705,0
1.9656,-4.867628E-05,29.484,0,1.9656,4.565499E-05,29.484,0
1.9665,-0.0001208515,29.4975,0,1.9665,9.433127E-05,29.4975,0
1.9674,-5.706874E-06,29.511,0,1.9674,8.560311E-05,29.511,0
1.9683,3.927672E-05,29.5245,0,1.9683,3.189136E-05,29.5245,0
1.9692,-2.24918E-05,29.538,0,1.9692,4.061952E-05,29.538,0
1.9701,-2.450599E-05,29.5515,0,1.9701,4.129091E-05,29.5515,0
1.971,-2.584878E-05,29.565,0,1.971,1.040665E-05,29.565,0
1.9719,-1.644922E-05,29.5785,0,1.9719,-1.174945E-05,29.5785,0
1.9728,2.719158E-05,29.592,0,1.9728,-1.745632E-05,29.592,0
1.9737,5.874724E-05,29.6055,0,1.9737,1.947051E-05,29.6055,0
1.9746,-2.417029E-05,29.619,0,1.9746,2.786297E-05,29.619,0
1.9755,1.275654E-05,29.6325,0,1.9755,-8.392462E-06,29.6325,0
1.9764,5.203327E-05,29.646,0,1.9764,-9.063859E-06,29.646,0
1.9773,-1.510643E-05,29.6595,0,1.9773,1.846342E-05,29.6595,0
1.9782,-3.692683E-06,29.673,0,1.9782,-1.846342E-05,29.673,0
1.9791,0.0001047379,29.6865,0,1.9791,-6.411841E-05,29.6865,0
1.98,3.558404E-05,29.7,0,1.98,-1.779202E-05,29.7,0
1.9809,8.291753E-05,29.7135,0,1.9809,-8.056763E-06,29.7135,0
1.9818,0.0001641566,29.727,0,1.9818,-5.001907E-05,29.727,0
1.9827,7.284657E-05,29.7405,0,1.9827,-1.107805E-05,29.7405,0
1.9836,2.618448E-05,29.754,0,1.9836,3.356985E-06,29.754,0
1.9845,4.49836E-05,29.7675,0,1.9845,2.014191E-06,29.7675,0
1.9854,4.263371E-05,29.781,0,1.9854,-2.349889E-06,29.781,0
1.9863,2.819867E-05,29.7945,0,1.9863,-1.174945E-05,29.7945,0
1.9872,-3.256275E-05,29.808,0,1.9872,1.846342E-05,29.808,0
1.9881,-6.076142E-05,29.8215,0,1.9881,1.745632E-05,29.8215,0
1.989,-4.599069E-05,29.835,0,1.989,1.678492E-06,29.835,0
1.9899,-1.947051E-05,29.8485,0,1.9899,-1.678492E-06,29.8485,0
1.9908,-3.659113E-05,29.862,0,1.9908,3.121996E-05,29.862,0
1.9917,-3.927672E-05,29.8755,0,1.9917,-6.378271E-06,29.8755,0
1.9926,3.323415E-05,29.889,0,1.9926,-4.565499E-05,29.889,0
1.9935,6.042573E-06,29.9025,0,1.9935,-1.779202E-05,29.9025,0
1.9944,-1.242084E-05,29.916,0,1.9944,-1.107805E-05,29.916,0
1.9953,-3.356985E-07,29.9295,0,1.9953,-6.176852E-05,29.9295,0
1.9962,2.584878E-05,29.943,0,1.9962,-3.289845E-05,29.943,0
1.9971,5.035477E-06,29.9565,0,1.9971,-2.719158E-05,29.9565,0
1.998,3.692683E-06,29.97,0,1.998,-3.927672E-05,29.97,0
1.9989,4.39765E-05,29.9835,0,1.9989,-5.304036E-05,29.9835,0
1.9998,0.000115816,29.997,0,1.9998,-4.901198E-05,29.997,0
2.0007,8.023193E-05,30.0105,0,2.0007,-1.544213E-05,30.0105,0
2.0016,8.426032E-05,30.024,0,2.0016,-3.356985E-07,30.024,0
2.0025,0.000144686,30.0375,0,2.0025,-1.577783E-05,30.0375,0
2.0034,0.0001188373,30.051,0,2.0034,-3.189136E-05,30.051,0
2.0043,6.210422E-05,30.0645,0,2.0043,-6.042573E-06,30.0645,0
2.0052,8.157473E-05,30.078,0,2.0052,-1.577783E-05,30.078,0
2.0061,9.970245E-05,30.0915,0,2.0061,-3.390555E-05,30.0915,0
2.007,-1.174945E-05,30.105,0,2.007,-9.735256E-06,30.105,0
2.0079,2.920577E-05,30.1185,0,2.0079,-5.035477E-06,30.1185,0
2.0088,0.0001054093,30.132,0,2.0088,-3.457694E-05,30.132,0
2.0097,-4.53193E-05,30.1455,0,2.0097,-3.927672E-05,30.1455,0
2.0106,-1.947051E-05,30.159,0,2.0106,-2.047761E-05,30.159,0
2.0115,4.129091E-05,30.1725,0,2.0115,-2.383459E-05,30.1725,0
2.0124,-2.24918E-05,30.186,0,2.0124,-3.088426E-05,30.186,0
2.0133,-1.107805E-05,30.1995,0,2.0133,-5.236896E-05,30.1995,0
2.0142,3.927672E-05,30.213,0,2.0142,-1.577783E-05,30.213,0
2.0151,8.392462E-06,30.2265,0,2.0151,1.812772E-05,30.2265,0
2.016,-1.510643E-05,30.24,0,2.016,-1.275654E-05,30.24,0
2.0169,3.692683E-06,30.2535,0,2.0169,-3.659113E-05,30.2535,0
2.0178,-0.0001060807,30.267,0,2.0178,-1.007095E-06,30.267,0
2.0187,-7.553216E-05,30.2805,0,2.0187,-1.913481E-05,30.2805,0
2.0196,-1.644922E-05,30.294,0,2.0196,-6.243992E-05,30.294,0
2.0205,-7.821774E-05,30.3075,0,2.0205,-3.323415E-05,30.3075,0
2.0214,-7.922484E-05,30.321,0,2.0214,-1.745632E-05,30.321,0
2.0223,-7.284657E-05,30.3345,0,2.0223,-4.061952E-05,30.3345,0
2.0232,-4.766919E-05,30.348,0,2.0232,-2.450599E-05,30.348,0
2.0241,-0.0001151446,30.3615,0,2.0241,-2.21561E-05,30.3615,0
2.025,-8.157473E-05,30.375,0,2.025,-4.33051E-05,30.375,0
2.0259,-2.887007E-05,30.3885,0,2.0259,-4.43122E-05,30.3885,0
2.0268,-5.606165E-05,30.402,0,2.0268,-6.948959E-05,30.402,0
2.0277,-7.687495E-05,30.4155,0,2.0277,-6.61326E-05,30.4155,0
2.0286,-4.46479E-05,30.429,0,2.0286,-4.028382E-05,30.429,0
2.0295,-7.083238E-05,30.4425,0,2.0295,-5.203327E-05,30.4425,0
2.0304,-6.51255E-05,30.456,0,2.0304,-3.424125E-05,30.456,0
2.0313,-9.365987E-05,30.4695,0,2.0313,-5.371176E-06,30.4695,0
2.0322,-9.600977E-05,30.483,0,2.0322,-2.584878E-05,30.483,0
2.0331,-7.956054E-05,30.4965,0,2.0331,-5.069047E-05,30.4965,0
2.034,-0.000133608,30.51,0,2.034,-1.913481E-05,30.51,0
2.0349,-0.000158114,30.5235,0,2.0349,-1.510643E-05,30.5235,0
2.0358,-0.0001399863,30.537,0,2.0358,-4.061952E-05,30.537,0
2.0367,-2.18204E-05,30.5505,0,2.0367,-3.826963E-05,30.5505,0
2.0376,-3.390555E-05,30.564,0,2.0376,-2.887007E-05,30.564,0
2.0385,-1.980621E-05,30.5775,0,2.0385,-5.740444E-05,30.5775,0
2.0394,-1.947051E-05,30.591,0,2.0394,-0.0001060807,30.591,0
2.0403,-5.706874E-06,30.6045,0,2.0403,-0.0001292439,30.6045,0
2.0412,-6.311131E-05,30.618,0,2.0412,-0.0001097734,30.618,0
2.0421,-7.653925E-05,30.6315,0,2.0421,-8.86244E-05,30.6315,0
2.043,-2.316319E-05,30.645,0,2.043,-0.0001104448,30.645,0
2.0439,1.712062E-05,30.6585,0,2.0439,-0.0001064164,30.6585,0
2.0448,-6.344701E-05,30.672,0,2.0448,-4.733349E-05,30.672,0
2.0457,4.129091E-05,30.6855,0,2.0457,-3.323415E-05,30.6855,0
2.0466,0.0001560998,30.699,0,2.0466,-6.143282E-05,30.699,0
2.0475,9.701686E-05,30.7125,0,2.0475,-3.021286E-06,30.7125,0
2.0484,0.0001101091,30.726,0,2.0484,1.309224E-05,30.726,0
2.0493,0.0001715419,30.7395,0,2.0493,-1.443504E-05,30.7395,0
2.0502,0.0001795987,30.753,0,2.0502,5.035477E-06,30.753,0
2.0511,0.0001198444,30.7665,0,2.0511,4.196231E-05,30.7665,0
2.052,0.0001399863,30.78,0,2.052,3.726253E-05,30.78,0
2.0529,0.0001339437,30.7935,0,2.0529,3.994812E-05,30.7935,0
2.0538,0.0002239109,30.807,0,2.0538,4.666209E-05,30.807,0
2.0547,0.0001983978,30.8205,0,2.0547,7.653925E-05,30.8205,0
2.0556,0.000148043,30.834,0,2.0556,6.54612E-05,30.834,0
2.0565,0.000164828,30.8475,0,2.0565,4.229801E-05,30.8475,0
2.0574,0.0002030976,30.861,0,2.0574,2.752728E-05,30.861,0
2.0583,0.0001658351,30.8745,0,2.0583,4.196231E-05,30.8745,0
2.0592,0.0001836271,30.888,0,2.0592,1.678492E-05,30.888,0
2.0601,0.0002403601,30.9015,0,2.0601,-4.699779E-06,30.9015,0
2.061,0.0001379721,30.915,0,2.061,2.954147E-05,30.915,0
2.0619,0.0001467002,30.9285,0,2.0619,1.342794E-05,30.9285,0
2.0628,0.0001631495,30.942,0,2.0628,-4.39765E-05,30.942,0
2.0637,2.584878E-05,30.9555,0,2.0637,-4.733349E-05,30.9555,0
2.0646,-6.378271E-05,30.969,0,2.0646,-2.450599E-05,30.969,0
2.0655,-1.644922E-05,30.9825,0,2.0655,-2.014191E-05,30.9825,0
2.0664,-1.174945E-05,30.996,0,2.0664,-2.719158E-05,30.996,0
2.0673,-9.063859E-06,31.0095,0,2.0673,-5.438316E-05,31.0095,0
2.0682,-5.270466E-05,31.023,0,2.0682,-2.450599E-05,31.023,0
2.0691,-9.533837E-05,31.0365,0,2.0691,-5.035477E-06,31.0365,0
2.07,-8.89601E-05,31.05,0,2.07,-1.107805E-05,31.05,0
2.0709,-0.0001050736,31.0635,0,2.0709,-1.174945E-05,31.0635,0
2.0718,-0.0001681849,31.077,0,2.0718,1.577783E-05,31.077,0
2.0727,-0.0001084306,31.0905,0,2.0727,-1.107805E-05,31.0905,0
2.0736,-0.0001117876,31.104,0,2.0736,-5.001907E-05,31.104,0
2.0745,-0.0001849699,31.1175,0,2.0745,2.517739E-05,31.1175,0
2.0754,-0.0001144732,31.131,0,2.0754,3.189136E-05,31.131,0
2.0763,-0.0001054093,31.1445,0,2.0763,7.385367E-06,31.1445,0
2.0772,-0.0001607996,31.158,0,2.0772,3.424125E-05,31.158,0
2.0781,-0.0001500572,31.1715,0,2.0781,2.484169E-05,31.1715,0
2.079,-0.0001205158,31.185,0,2.079,-3.625543E-05,31.185,0
2.0799,-9.097429E-05,31.1985,0,2.0799,-7.351797E-05,31.1985,0
2.0808,-6.109713E-05,31.212,0,2.0808,-0.0001077592,31.212,0
2.0817,-6.109713E-05,31.2255,0,2.0817,-0.0001141375,31.2255,0
2.0826,-0.0001094377,31.239,0,2.0826,-0.0001399863,31.239,0
2.0835,-9.701686E-05,31.2525,0,2.0835,-0.0001393149,31.2525,0
2.0844,-6.74754E-05,31.266,0,2.0844,-0.0001215228,31.266,0
2.0853,-0.0001315938,31.2795,0,2.0853,-6.948959E-05,31.2795,0
2.0862,-0.0001067521,31.293,0,2.0862,-4.599069E-05,31.293,0
2.0871,-4.196231E-05,31.3065,0,2.0871,-5.572595E-05,31.3065,0
2.088,-0.0001534142,31.32,0,2.088,-4.36408E-06,31.32,0
2.0889,-0.000148043,31.3335,0,2.0889,2.450599E-05,31.3335,0
2.0898,-0.000119173,31.347,0,2.0898,7.385367E-06,31.347,0
2.0907,-0.0002225681,31.3605,0,2.0907,2.752728E-05,31.3605,0
2.0916,-0.0002108186,31.374,0,2.0916,2.685588E-05,31.374,0
2.0925,-0.000148043,31.3875,0,2.0925,3.692683E-06,31.3875,0
2.0934,-9.097429E-05,31.401,0,2.0934,1.443504E-05,31.401,0
2.0943,-5.337606E-05,31.4145,0,2.0943,-1.644922E-05,31.4145,0
2.0952,-5.337606E-05,31.428,0,2.0952,1.040665E-05,31.428,0
2.0961,-7.956054E-05,31.4415,0,2.0961,2.1149E-05,31.4415,0
2.097,-6.74754E-05,31.455,0,2.097,-1.376364E-05,31.455,0
2.0979,3.356985E-07,31.4685,0,2.0979,-1.779202E-05,31.4685,0
2.0988,-3.021286E-06,31.482,0,2.0988,1.846342E-05,31.482,0
2.0997,-1.040665E-05,31.4955,0,2.0997,0,31.4955,0
2.1006,4.800488E-05,31.509,0,2.1006,-3.961242E-05,31.509,0
2.1015,2.24918E-05,31.5225,0,2.1015,3.692683E-06,31.5225,0
2.1024,3.524834E-05,31.536,0,2.1024,1.779202E-05,31.536,0
2.1033,8.96315E-05,31.5495,0,2.1033,-3.659113E-05,31.5495,0
2.1042,0.000140322,31.563,0,2.1042,-2.349889E-05,31.563,0
2.1051,6.915389E-05,31.5765,0,2.1051,7.721065E-06,31.5765,0
2.106,6.411841E-05,31.59,0,2.106,-1.342794E-05,31.59,0
2.1069,8.86244E-05,31.6035,0,2.1069,-9.735256E-06,31.6035,0
2.1078,0.000112459,31.617,0,2.1078,-1.141375E-05,31.617,0
2.1087,2.652018E-05,31.6305,0,2.1087,2.24918E-05,31.6305,0
2.1096,1.577783E-05,31.644,0,2.1096,3.927672E-05,31.644,0
2.1105,7.486076E-05,31.6575,0,2.1105,2.618448E-05,31.6575,0
2.1114,2.450599E-05,31.671,0,2.1114,1.409934E-05,31.671,0
2.1123,-1.275654E-05,31.6845,0,2.1123,4.53193E-05,31.6845,0
2.1132,1.712062E-05,31.698,0,2.1132,4.263371E-05,31.698,0
2.1141,5.337606E-05,31.7115,0,2.1141,2.819867E-05,31.7115,0
2.115,-4.36408E-06,31.725,0,2.115,8.493171E-05,31.725,0
2.1159,-1.678492E-06,31.7385,0,2.1159,7.821774E-05,31.7385,0
2.1168,5.069047E-05,31.752,0,2.1168,4.196231E-05,31.752,0
2.1177,-4.36408E-06,31.7655,0,2.1177,3.591974E-05,31.7655,0
2.1186,2.383459E-05,31.779,0,2.1186,3.121996E-05,31.779,0
2.1195,0.0001211871,31.7925,0,2.1195,1.913481E-05,31.7925,0
2.1204,0.0001134661,31.806,0,2.1204,-2.047761E-05,31.806,0
2.1213,0.0001416648,31.8195,0,2.1213,-4.33051E-05,31.8195,0
2.1222,0.0001141375,31.833,0,2.1222,-9.399558E-06,31.833,0
2.1231,6.378271E-05,31.8465,0,2.1231,-4.699779E-06,31.8465,0
2.124,0.0001054093,31.86,0,2.124,-4.33051E-05,31.86,0
2.1249,0.0001054093,31.8735,0,2.1249,-7.150377E-05,31.8735,0
2.1258,-2.517739E-05,31.887,0,2.1258,-3.524834E-05,31.887,0
2.1267,2.24918E-05,31.9005,0,2.1267,-6.344701E-05,31.9005,0
2.1276,9.298848E-05,31.914,0,2.1276,-0.0001094377,31.914,0
2.1285,4.733349E-05,31.9275,0,2.1285,-4.934768E-05,31.9275,0
2.1294,2.014191E-05,31.941,0,2.1294,-4.33051E-05,31.941,0
2.1303,3.189136E-05,31.9545,0,2.1303,-5.404745E-05,31.9545,0
2.1312,-1.644922E-05,31.968,0,2.1312,-3.356985E-06,31.968,0
2.1321,-5.438316E-05,31.9815,0,2.1321,2.685588E-05,31.9815,0
2.133,9.735256E-06,31.995,0,2.133,9.063859E-06,31.995,0
2.1339,-3.356985E-07,32.0085,0,2.1339,-6.378271E-06,32.0085,0
2.1348,-2.316319E-05,32.022,0,2.1348,-2.517739E-05,32.022,0
2.1357,7.721065E-06,32.0355,0,2.1357,-1.242084E-05,32.0355,0
2.1366,1.913481E-05,32.049,0,2.1366,-6.713969E-06,32.049,0
2.1375,-1.309224E-05,32.0625,0,2.1375,-2.316319E-05,32.0625,0
2.1384,4.43122E-05,32.076,0,2.1384,-2.18204E-05,32.076,0
2.1393,7.553216E-05,32.0895,0,2.1393,-1.947051E-05,32.0895,0
2.1402,8.426032E-05,32.103,0,2.1402,-5.572595E-05,32.103,0
2.1411,0.0001138018,32.1165,0,2.1411,-8.69459E-05,32.1165,0
2.142,9.198138E-05,32.13,0,2.142,-6.210422E-05,32.13,0
2.1429,0.0001104448,32.1435,0,2.1429,-6.948959E-05,32.1435,0
2.1438,6.210422E-05,32.157,0,2.1438,-8.89601E-05,32.157,0
2.1447,-3.994812E-05,32.1705,0,2.1447,-5.404745E-05,32.1705,0
2.1456,-5.304036E-05,32.184,0,2.1456,-4.129091E-05,32.184,0
2.1465,-7.888914E-05,32.1975,0,2.1465,-4.196231E-05,32.1975,0
2.1474,-5.807584E-05,32.211,0,2.1474,-4.53193E-05,32.211,0
2.1483,-4.196231E-05,32.2245,0,2.1483,-4.867628E-05,32.2245,0
2.1492,-4.095522E-05,32.238,0,2.1492,-1.376364E-05,32.238,0
2.1501,-5.572595E-05,32.2515,0,2.1501,-1.040665E-05,32.2515,0
2.151,-4.800488E-05,32.265,0,2.151,-5.304036E-05,32.265,0
2.1519,-1.577783E-05,32.2785,0,2.1519,-6.848249E-05,32.2785,0
2.1528,-6.478981E-05,32.292,0,2.1528,-2.484169E-05,32.292,0
2.1537,-2.652018E-05,32.3055,0,2.1537,-2.450599E-05,32.3055,0
2.1546,3.692683E-06,32.319,0,2.1546,-6.143282E-05,32.319,0
2.1555,-0.0001188373,32.3325,0,2.1555,3.692683E-06,32.3325,0
2.1564,-6.54612E-05,32.346,0,2.1564,2.786297E-05,32.346,0
2.1573,-2.853437E-05,32.3595,0,2.1573,1.242084E-05,32.3595,0
2.1582,-6.344701E-05,32.373,0,2.1582,3.491264E-05,32.373,0
2.1591,-0.0001477073,32.3865,0,2.1591,4.46479E-05,32.3865,0
2.16,-0.0001373007,32.4,0,2.16,4.196231E-05,32.4,0
2.1609,-0.0001560998,32.4135,0,2.1609,2.719158E-05,32.4135,0
2.1618,-0.0001305867,32.427,0,2.1618,-9.063859E-06,32.427,0
2.1627,-0.0001765774,32.4405,0,2.1627,1.779202E-05,32.4405,0
2.1636,-0.0002141756,32.454,0,2.1636,1.913481E-05,32.454,0
2.1645,-0.0001765774,32.4675,0,2.1645,-5.706874E-06,32.4675,0
2.1654,-0.0001252155,32.481,0,2.1654,-7.049668E-06,32.481,0
2.1663,-0.0001695277,32.4945,0,2.1663,-1.007095E-06,32.4945,0
2.1672,-0.0001252155,32.508,0,2.1672,-2.24918E-05,32.508,0
2.1681,-2.987716E-05,32.5215,0,2.1681,-5.975433E-05,32.5215,0
2.169,-9.835965E-05,32.535,0,2.169,-2.316319E-05,32.535,0
2.1699,-8.526741E-05,32.5485,0,2.1699,-1.376364E-05,32.5485,0
2.1708,-4.095522E-05,32.562,0,2.1708,-5.807584E-05,32.562,0
2.1717,-6.881819E-05,32.5755,0,2.1717,-4.33051E-05,32.5755,0
2.1726,-0.0001134661,32.589,0,2.1726,-1.007095E-06,32.589,0
2.1735,-4.733349E-05,32.6025,0,2.1735,6.378271E-06,32.6025,0
2.1744,2.484169E-05,32.616,0,2.1744,1.846342E-05,32.616,0
2.1753,1.577783E-05,32.6295,0,2.1753,9.735256E-06,32.6295,0
2.1762,1.577783E-05,32.643,0,2.1762,1.980621E-05,32.643,0
2.1771,7.486076E-05,32.6565,0,2.1771,4.061952E-05,32.6565,0
2.178,2.652018E-05,32.67,0,2.178,-8.728161E-06,32.67,0
2.1789,9.735256E-06,32.6835,0,2.1789,-3.424125E-05,32.6835,0
2.1798,-2.584878E-05,32.697,0,2.1798,-6.713969E-07,32.697,0
2.1807,-1.644922E-05,32.7105,0,2.1807,-3.088426E-05,32.7105,0
2.1816,2.450599E-05,32.724,0,2.1816,-8.661021E-05,32.724,0
2.1825,-2.28275E-05,32.7375,0,2.1825,-5.673304E-05,32.7375,0
2.1834,-4.33051E-05,32.751,0,2.1834,-8.795301E-05,32.751,0
2.1843,8.056763E-06,32.7645,0,2.1843,-0.0001275654,32.7645,0
2.1852,5.136187E-05,32.778,0,2.1852,-0.0001067521,32.778,0
2.1861,1.208515E-05,32.7915,0,2.1861,-6.411841E-05,32.7915,0
2.187,9.063859E-06,32.805,0,2.187,-5.941863E-05,32.805,0
2.1879,-1.342794E-05,32.8185,0,2.1879,-4.33051E-05,32.8185,0
2.1888,1.443504E-05,32.832,0,2.1888,-2.450599E-05,32.832,0
2.1897,-5.270466E-05,32.8455,0,2.1897,3.961242E-05,32.8455,0
2.1906,-7.888914E-05,32.859,0,2.1906,6.143282E-05,32.859,0
2.1915,-3.021286E-06,32.8725,0,2.1915,4.766919E-05,32.8725,0
2.1924,-3.121996E-05,32.886,0,2.1924,5.203327E-05,32.886,0
2.1933,-4.632639E-05,32.8995,0,2.1933,8.560311E-05,32.8995,0
2.1942,2.719158E-05,32.913,0,2.1942,8.157473E-05,32.913,0
2.1951,2.047761E-05,32.9265,0,2.1951,3.390555E-05,32.9265,0
2.196,-3.894102E-05,32.94,0,2.196,4.129091E-05,32.94,0
2.1969,-3.726253E-05,32.9535,0,2.1969,2.18204E-05,32.9535,0
2.1978,-1.980621E-05,32.967,0,2.1978,-2.719158E-05,32.967,0
2.1987,-5.069047E-05,32.9805,0,2.1987,-2.652018E-05,32.9805,0
2.1996,-0.0001114519,32.994,0,2.1996,-2.551309E-05,32.994,0
2.2005,-1.376364E-05,33.0075,0,2.2005,-4.733349E-05,33.0075,0
2.2014,3.591974E-05,33.021,0,2.2014,-4.53193E-05,33.021,0
2.2023,8.258183E-05,33.0345,0,2.2023,-6.478981E-05,33.0345,0
2.2032,0.0001326009,33.048,0,2.2032,-5.001907E-05,33.048,0
2.2041,0.0001198444,33.0615,0,2.2041,-6.51255E-05,33.0615,0
2.205,9.600977E-05,33.075,0,2.205,-0.0001168231,33.075,0
2.2059,0.0001285725,33.0885,0,2.2059,-0.0001238727,33.0885,0
2.2068,6.378271E-05,33.102,0,2.2068,-8.96315E-05,33.102,0
2.2077,5.069047E-05,33.1155,0,2.2077,-9.701686E-05,33.1155,0
2.2086,0.0001121233,33.129,0,2.2086,-0.000112459,33.129,0
2.2095,4.632639E-05,33.1425,0,2.2095,-4.901198E-05,33.1425,0
2.2104,3.659113E-05,33.156,0,2.2104,-2.719158E-05,33.156,0
2.2113,9.600977E-05,33.1695,0,2.2113,-6.478981E-05,33.1695,0
2.2122,0.0001849699,33.183,0,2.2122,-2.786297E-05,33.183,0
2.2131,5.203327E-05,33.1965,0,2.2131,1.712062E-05,33.1965,0
2.214,5.874724E-05,33.21,0,2.214,1.342794E-06,33.21,0
2.2149,0.0001070878,33.2235,0,2.2149,-1.510643E-05,33.2235,0
2.2158,8.090334E-05,33.237,0,2.2158,-3.256275E-05,33.237,0
2.2167,4.699779E-06,33.2505,0,2.2167,-9.735256E-06,33.2505,0
2.2176,-1.712062E-05,33.264,0,2.2176,-1.510643E-05,33.264,0
2.2185,7.888914E-05,33.2775,0,2.2185,-3.524834E-05,33.2775,0
2.2194,6.881819E-05,33.291,0,2.2194,-3.961242E-05,33.291,0
2.2203,9.063859E-06,33.3045,0,2.2203,6.713969E-06,33.3045,0
2.2212,2.047761E-05,33.318,0,2.2212,-3.692683E-06,33.318,0
2.2221,6.915389E-05,33.3315,0,2.2221,-2.853437E-05,33.3315,0
2.223,5.035477E-06,33.345,0,2.223,9.735256E-06,33.345,0
2.2239,6.915389E-05,33.3585,0,2.2239,1.779202E-05,33.3585,0
2.2248,6.54612E-05,33.372,0,2.2248,-9.063859E-06,33.372,0
2.2257,5.136187E-05,33.3855,0,2.2257,1.577783E-05,33.3855,0
2.2266,-9.063859E-06,33.399,0,2.2266,1.846342E-05,33.399,0
2.2275,1.443504E-05,33.4125,0,2.2275,1.040665E-05,33.4125,0
2.2284,-3.457694E-05,33.426,0,2.2284,3.692683E-06,33.426,0
2.2293,2.484169E-05,33.4395,0,2.2293,-2.752728E-05,33.4395,0
2.2302,-1.376364E-05,33.453,0,2.2302,-2.047761E-05,33.453,0
2.2311,-6.881819E-05,33.4665,0,2.2311,-3.726253E-05,33.4665,0
2.232,-2.685588E-06,33.48,0,2.232,-4.39765E-05,33.48,0
2.2329,-1.913481E-05,33.4935,0,2.2329,-4.061952E-05,33.4935,0
2.2338,-0.0001185016,33.507,0,2.2338,-3.927672E-05,33.507,0
2.2347,-9.130999E-05,33.5205,0,2.2347,-7.553216E-05,33.5205,0
2.2356,-1.745632E-05,33.534,0,2.2356,-0.0001248798,33.534,0
2.2365,-7.687495E-05,33.5475,0,2.2365,-9.365987E-05,33.5475,0
2.2374,-7.989624E-05,33.561,0,2.2374,-0.000112459,33.561,0
2.2383,2.081331E-05,33.5745,0,2.2383,-0.0001641566,33.5745,0
2.2392,-2.349889E-06,33.588,0,2.2392,-0.0001232013,33.588,0
2.2401,-3.323415E-05,33.6015,0,2.2401,-8.493171E-05,33.6015,0
2.241,3.591974E-05,33.615,0,2.241,-8.560311E-05,33.615,0
2.2419,2.349889E-06,33.6285,0,2.2419,-5.941863E-05,33.6285,0
2.2428,4.699779E-06,33.642,0,2.2428,-5.673304E-05,33.642,0
2.2437,-3.054856E-05,33.6555,0,2.2437,-1.644922E-05,33.6555,0
2.2446,-5.941863E-05,33.669,0,2.2446,3.021286E-06,33.669,0
2.2455,-6.411841E-05,33.6825,0,2.2455,-1.007095E-05,33.6825,0
2.2464,-1.812772E-05,33.696,0,2.2464,-5.035477E-06,33.696,0
2.2473,-2.920577E-05,33.7095,0,2.2473,1.846342E-05,33.7095,0
2.2482,-3.256275E-05,33.723,0,2.2482,1.174945E-05,33.723,0
2.2491,6.6804E-05,33.7365,0,2.2491,1.409934E-05,33.7365,0
2.25,2.517739E-05,33.75,0,2.25,7.788205E-05,33.75,0
2.2509,-2.920577E-05,33.7635,0,2.2509,6.009003E-05,33.7635,0
2.2518,1.309224E-05,33.777,0,2.2518,3.591974E-05,33.777,0
2.2527,6.378271E-06,33.7905,0,2.2527,6.6804E-05,33.7905,0
2.2536,-4.43122E-05,33.804,0,2.2536,7.620356E-05,33.804,0
2.2545,-3.457694E-05,33.8175,0,2.2545,8.89601E-05,33.8175,0
2.2554,7.049668E-06,33.831,0,2.2554,9.231708E-05,33.831,0
2.2563,4.36408E-06,33.8445,0,2.2563,8.291753E-05,33.8445,0
2.2572,-5.975433E-05,33.858,0,2.2572,0.0001054093,33.858,0
2.2581,-0.0001312581,33.8715,0,2.2581,0.000102388,33.8715,0
2.259,-3.793393E-05,33.885,0,2.259,4.800488E-05,33.885,0
2.2599,-5.975433E-05,33.8985,0,2.2599,2.618448E-05,33.8985,0
2.2608,-9.970245E-05,33.912,0,2.2608,5.639734E-05,33.912,0
2.2617,-4.229801E-05,33.9255,0,2.2617,2.18204E-05,33.9255,0
2.2626,1.577783E-05,33.939,0,2.2626,-2.1149E-05,33.939,0
2.2635,-8.96315E-05,33.9525,0,2.2635,4.028382E-06,33.9525,0
2.2644,-3.390555E-05,33.966,0,2.2644,-2.18204E-05,33.966,0
2.2653,-2.18204E-05,33.9795,0,2.2653,-6.478981E-05,33.9795,0
2.2662,-6.478981E-05,33.993,0,2.2662,-4.028382E-05,33.993,0
2.2671,-2.786297E-05,34.0065,0,2.2671,-3.793393E-05,34.0065,0
2.268,-1.510643E-05,34.02,0,2.268,-2.517739E-05,34.02,0
2.2689,-1.208515E-05,34.0335,0,2.2689,-1.309224E-05,34.0335,0
2.2698,3.054856E-05,34.047,0,2.2698,-2.081331E-05,34.047,0
2.2707,2.18204E-05,34.0605,0,2.2707,4.699779E-06,34.0605,0
2.2716,-2.752728E-05,34.074,0,2.2716,-5.035477E-06,34.074,0
2.2725,-5.539025E-05,34.0875,0,2.2725,-3.390555E-05,34.0875,0
2.2734,-2.685588E-06,34.101,0,2.2734,-1.644922E-05,34.101,0
2.2743,-5.606165E-05,34.1145,0,2.2743,2.28275E-05,34.1145,0
2.2752,-1.846342E-05,34.128,0,2.2752,1.141375E-05,34.128,0
2.2761,7.016098E-05,34.1415,0,2.2761,-6.042573E-06,34.1415,0
2.277,-4.095522E-05,34.155,0,2.277,1.913481E-05,34.155,0
2.2779,1.812772E-05,34.1685,0,2.2779,-6.042573E-06,34.1685,0
2.2788,9.903105E-05,34.182,0,2.2788,-5.404745E-05,34.182,0
2.2797,1.644922E-05,34.1955,0,2.2797,-6.61326E-05,34.1955,0
2.2806,-7.217517E-05,34.209,0,2.2806,-4.263371E-05,34.209,0
2.2815,-6.210422E-05,34.2225,0,2.2815,-5.841154E-05,34.2225,0
2.2824,-1.007095E-05,34.236,0,2.2824,-7.586786E-05,34.236,0
2.2833,-3.793393E-05,34.2495,0,2.2833,-0.0001027237,34.2495,0
2.2842,-5.001907E-05,34.263,0,2.2842,-5.975433E-05,34.263,0
2.2851,-6.378271E-05,34.2765,0,2.2851,-2.484169E-05,34.2765,0
2.286,-7.888914E-05,34.29,0,2.286,-3.659113E-05,34.29,0
2.2869,-4.49836E-05,34.3035,0,2.2869,-4.129091E-05,34.3035,0
2.2878,-7.284657E-05,34.317,0,2.2878,1.443504E-05,34.317,0
2.2887,-8.090334E-05,34.3305,0,2.2887,1.107805E-05,34.3305,0
2.2896,-2.786297E-05,34.344,0,2.2896,-2.316319E-05,34.344,0
2.2905,-6.076142E-05,34.3575,0,2.2905,1.174945E-05,34.3575,0
2.2914,-6.948959E-05,34.371,0,2.2914,8.392462E-06,34.371,0
2.2923,-4.33051E-05,34.3845,0,2.2923,-2.484169E-05,34.3845,0
2.2932,-8.191043E-05,34.398,0,2.2932,-2.987716E-05,34.398,0
2.2941,-5.941863E-05,34.4115,0,2.2941,-4.36408E-06,34.4115,0
2.295,-6.78111E-05,34.425,0,2.295,-3.021286E-05,34.425,0
2.2959,-4.129091E-05,34.4385,0,2.2959,-5.471885E-05,34.4385,0
2.2968,2.1149E-05,34.452,0,2.2968,-6.6804E-05,34.452,0
2.2977,-6.378271E-06,34.4655,0,2.2977,-3.390555E-05,34.4655,0
2.2986,-3.591974E-05,34.479,0,2.2986,-2.349889E-05,34.479,0
2.2995,-1.342794E-06,34.4925,0,2.2995,-3.860533E-05,34.4925,0
2.3004,1.275654E-05,34.506,0,2.3004,-4.800488E-05,34.506,0
2.3013,-1.443504E-05,34.5195,0,2.3013,-1.007095E-05,34.5195,0
2.3022,0.0001067521,34.533,0,2.3022,-3.390555E-05,34.533,0
2.3031,0.0001279011,34.5465,0,2.3031,-8.493171E-05,34.5465,0
2.304,4.53193E-05,34.56,0,2.304,-2.719158E-05,34.56,0
2.3049,9.030289E-05,34.5735,0,2.3049,-3.054856E-05,34.5735,0
2.3058,0.0001493858,34.587,0,2.3058,-5.941863E-05,34.587,0
2.3067,8.69459E-05,34.6005,0,2.3067,-5.337606E-05,34.6005,0
2.3076,5.471885E-05,34.614,0,2.3076,-5.404745E-05,34.614,0
2.3085,0.0001178302,34.6275,0,2.3085,-8.459602E-05,34.6275,0
2.3094,9.869535E-05,34.641,0,2.3094,-0.0001017166,34.641,0
2.3103,9.567407E-05,34.6545,0,2.3103,-0.0001329366,34.6545,0
2.3112,7.486076E-05,34.668,0,2.3112,-0.0001070878,34.668,0
2.3121,2.1149E-05,34.6815,0,2.3121,-0.000105745,34.6815,0
2.313,6.210422E-05,34.695,0,2.313,-9.701686E-05,34.695,0
2.3139,0.0001373007,34.7085,0,2.3139,-5.404745E-05,34.7085,0
2.3148,4.632639E-05,34.722,0,2.3148,1.040665E-05,34.722,0
2.3157,6.143282E-05,34.7355,0,2.3157,2.652018E-05,34.7355,0
2.3166,0.0001379721,34.749,0,2.3166,2.1149E-05,34.749,0
2.3175,6.54612E-05,34.7625,0,2.3175,6.277562E-05,34.7625,0
2.3184,2.517739E-05,34.776,0,2.3184,6.948959E-05,34.776,0
2.3193,9.231708E-05,34.7895,0,2.3193,2.618448E-05,34.7895,0
2.3202,6.411841E-05,34.803,0,2.3202,3.625543E-05,34.803,0
2.3211,1.577783E-05,34.8165,0,2.3211,3.759823E-05,34.8165,0
2.322,7.486076E-05,34.83,0,2.322,-5.035477E-06,34.83,0
2.3229,0.0001030594,34.8435,0,2.3229,-2.316319E-05,34.8435,0
2.3238,9.701686E-05,34.857,0,2.3238,-3.961242E-05,34.857,0
2.3247,5.941863E-05,34.8705,0,2.3247,-1.879912E-05,34.8705,0
2.3256,9.063859E-06,34.884,0,2.3256,-7.049668E-06,34.884,0
2.3265,1.577783E-05,34.8975,0,2.3265,-2.18204E-05,34.8975,0
2.3274,2.652018E-05,34.911,0,2.3274,-4.39765E-05,34.911,0
2.3283,-3.390555E-05,34.9245,0,2.3283,-1.007095E-06,34.9245,0
2.3292,3.189136E-05,34.938,0,2.3292,-3.021286E-05,34.938,0
2.3301,6.411841E-05,34.9515,0,2.3301,-6.311131E-05,34.9515,0
2.331,1.913481E-05,34.965,0,2.331,-4.33051E-05,34.965,0
2.3319,6.210422E-05,34.9785,0,2.3319,-4.934768E-05,34.9785,0
2.3328,5.337606E-05,34.992,0,2.3328,-6.6804E-05,34.992,0
2.3337,2.349889E-05,35.0055,0,2.3337,-5.069047E-05,35.0055,0
2.3346,-5.404745E-05,35.019,0,2.3346,-2.18204E-05,35.019,0
2.3355,-6.210422E-05,35.0325,0,2.3355,7.721065E-06,35.0325,0
2.3364,-6.411841E-05,35.046,0,2.3364,2.450599E-05,35.046,0
2.3373,-3.726253E-05,35.0595,0,2.3373,2.1149E-05,35.0595,0
2.3382,-9.768826E-05,35.073,0,2.3382,5.874724E-05,35.073,0
2.3391,-0.0001389792,35.0865,0,2.3391,5.270466E-05,35.0865,0
2.34,-0.0001228656,35.1,0,2.34,1.510643E-05,35.1,0
2.3409,-5.069047E-05,35.1135,0,2.3409,-1.007095E-06,35.1135,0
2.3418,-0.0001211871,35.127,0,2.3418,5.035477E-05,35.127,0
2.3427,-0.000102388,35.1405,0,2.3427,2.685588E-05,35.1405,0
2.3436,-4.196231E-05,35.154,0,2.3436,0,35.154,0
2.3445,-0.0001164874,35.1675,0,2.3445,6.378271E-05,35.1675,0
2.3454,-3.524834E-05,35.181,0,2.3454,5.807584E-05,35.181,0
2.3463,5.069047E-05,35.1945,0,2.3463,4.699779E-06,35.1945,0
2.3472,-1.644922E-05,35.208,0,2.3472,4.39765E-05,35.208,0
2.3481,-2.316319E-05,35.2215,0,2.3481,5.438316E-05,35.2215,0
2.349,3.659113E-05,35.235,0,2.349,1.980621E-05,35.235,0
2.3499,-4.095522E-05,35.2485,0,2.3499,4.36408E-06,35.2485,0
2.3508,-3.323415E-05,35.262,0,2.3508,-3.558404E-05,35.262,0
2.3517,-4.733349E-05,35.2755,0,2.3517,-7.721065E-06,35.2755,0
2.3526,-8.996719E-05,35.289,0,2.3526,6.378271E-06,35.289,0
2.3535,-5.941863E-05,35.3025,0,2.3535,-2.819867E-05,35.3025,0
2.3544,-4.39765E-05,35.316,0,2.3544,-4.33051E-05,35.316,0
2.3553,-8.123904E-05,35.3295,0,2.3553,-1.342794E-05,35.3295,0
2.3562,-0.0001453574,35.343,0,2.3562,-3.558404E-05,35.343,0
2.3571,-8.82887E-05,35.3565,0,2.3571,-5.941863E-05,35.3565,0
2.358,-0.0001003738,35.37,0,2.358,-3.121996E-05,35.37,0
2.3589,-0.0001832914,35.3835,0,2.3589,-3.121996E-05,35.3835,0
2.3598,-0.0001117876,35.397,0,2.3598,-6.74754E-05,35.397,0
2.3607,-7.049668E-05,35.4105,0,2.3607,-4.733349E-05,35.4105,0
2.3616,-0.0001460288,35.424,0,2.3616,-3.491264E-05,35.424,0
2.3625,-0.0001245441,35.4375,0,2.3625,-3.726253E-05,35.4375,0
2.3634,-8.459602E-05,35.451,0,2.3634,-3.121996E-05,35.451,0
2.3643,-7.150377E-05,35.4645,0,2.3643,-4.263371E-05,35.4645,0
2.3652,-8.291753E-05,35.478,0,2.3652,-1.443504E-05,35.478,0
2.3661,-4.129091E-05,35.4915,0,2.3661,8.728161E-06,35.4915,0
2.367,3.726253E-05,35.505,0,2.367,3.692683E-06,35.505,0
2.3679,1.376364E-05,35.5185,0,2.3679,1.577783E-05,35.5185,0
2.3688,7.721065E-06,35.532,0,2.3688,7.351797E-05,35.532,0
2.3697,8.392462E-05,35.5455,0,2.3697,5.471885E-05,35.5455,0
2.3706,0.0001205158,35.559,0,2.3706,7.721065E-06,35.559,0
2.3715,4.33051E-05,35.5725,0,2.3715,5.270466E-05,35.5725,0
2.3724,6.411841E-05,35.586,0,2.3724,4.867628E-05,35.586,0
2.3733,0.0001070878,35.5995,0,2.3733,-1.107805E-05,35.5995,0
2.3742,8.358892E-05,35.613,0,2.3742,-3.356985E-07,35.613,0
2.3751,7.687495E-05,35.6265,0,2.3751,-7.049668E-06,35.6265,0
2.376,5.471885E-05,35.64,0,2.376,-3.625543E-05,35.64,0
2.3769,5.438316E-05,35.6535,0,2.3769,-4.666209E-05,35.6535,0
2.3778,8.92958E-05,35.667,0,2.3778,-5.941863E-05,35.667,0
2.3787,8.795301E-05,35.6805,0,2.3787,-6.51255E-05,35.6805,0
2.3796,-3.524834E-05,35.694,0,2.3796,-7.016098E-05,35.694,0
2.3805,-4.599069E-05,35.7075,0,2.3805,-7.553216E-05,35.7075,0
2.3814,-3.256275E-05,35.721,0,2.3814,-6.478981E-05,35.721,0
2.3823,-9.433127E-05,35.7345,0,2.3823,-2.719158E-05,35.7345,0
2.3832,-4.36408E-05,35.748,0,2.3832,-3.323415E-05,35.748,0
2.3841,8.560311E-05,35.7615,0,2.3841,-5.673304E-05,35.7615,0
2.385,-1.174945E-05,35.775,0,2.385,-3.256275E-05,35.775,0
2.3859,6.009003E-05,35.7885,0,2.3859,-5.169757E-05,35.7885,0
2.3868,0.0001352865,35.802,0,2.3868,-0.0001225299,35.802,0
2.3877,3.222705E-05,35.8155,0,2.3877,-9.701686E-05,35.8155,0
2.3886,1.074235E-05,35.829,0,2.3886,-8.795301E-05,35.829,0
2.3895,9.097429E-05,35.8425,0,2.3895,-0.0001104448,35.8425,0
2.3904,8.560311E-05,35.856,0,2.3904,-0.0001117876,35.856,0
2.3913,4.263371E-05,35.8695,0,2.3913,-0.000112459,35.8695,0
2.3922,7.721065E-06,35.883,0,2.3922,-7.217517E-05,35.883,0
2.3931,2.28275E-05,35.8965,0,2.3931,-4.766919E-05,35.8965,0
2.394,-1.275654E-05,35.91,0,2.394,-7.956054E-05,35.91,0
2.3949,-1.913481E-05,35.9235,0,2.3949,-6.61326E-05,35.9235,0
2.3958,-4.46479E-05,35.937,0,2.3958,4.699779E-06,35.937,0
2.3967,-4.53193E-05,35.9505,0,2.3967,1.007095E-05,35.9505,0
2.3976,1.242084E-05,35.964,0,2.3976,1.007095E-05,35.964,0
2.3985,-4.36408E-05,35.9775,0,2.3985,6.948959E-05,35.9775,0
2.3994,-8.89601E-05,35.991,0,2.3994,6.6804E-05,35.991,0
2.4003,-6.009003E-05,36.0045,0,2.4003,4.53193E-05,36.0045,0
2.4012,-8.526741E-05,36.018,0,2.4012,3.323415E-05,36.018,0
2.4021,-9.634547E-05,36.0315,0,2.4021,6.411841E-05,36.0315,0
2.403,-0.0001077592,36.045,0,2.403,5.337606E-05,36.045,0
2.4039,-7.284657E-05,36.0585,0,2.4039,4.867628E-05,36.0585,0
2.4048,-2.584878E-05,36.072,0,2.4048,2.21561E-05,36.072,0
2.4057,-8.996719E-05,36.0855,0,2.4057,3.289845E-05,36.0855,0
2.4066,-0.0001352865,36.099,0,2.4066,4.162661E-05,36.099,0
2.4075,-0.0001010452,36.1125,0,2.4075,2.316319E-05,36.1125,0
2.4084,-4.934768E-05,36.126,0,2.4084,-1.342794E-06,36.126,0
2.4093,-8.89601E-05,36.1395,0,2.4093,1.309224E-05,36.1395,0
2.4102,-4.834058E-05,36.153,0,2.4102,-4.36408E-06,36.153,0
2.4111,-2.853437E-05,36.1665,0,2.4111,-7.016098E-05,36.1665,0
2.412,-6.814679E-05,36.18,0,2.412,-3.860533E-05,36.18,0
2.4129,2.349889E-06,36.1935,0,2.4129,-3.323415E-05,36.1935,0
2.4138,8.493171E-05,36.207,0,2.4138,-6.64683E-05,36.207,0
2.4147,-2.954147E-05,36.2205,0,2.4147,-4.934768E-05,36.2205,0
2.4156,-2.887007E-05,36.234,0,2.4156,-3.726253E-05,36.234,0
2.4165,2.887007E-05,36.2475,0,2.4165,-4.800488E-05,36.2475,0
2.4174,2.450599E-05,36.261,0,2.4174,-4.867628E-05,36.261,0
2.4183,6.74754E-05,36.2745,0,2.4183,-7.083238E-05,36.2745,0
2.4192,7.821774E-05,36.288,0,2.4192,-4.766919E-05,36.288,0
2.4201,3.424125E-05,36.3015,0,2.4201,-5.841154E-05,36.3015,0
2.421,1.913481E-05,36.315,0,2.421,-0.0001044022,36.315,0
2.4219,3.826963E-05,36.3285,0,2.4219,-0.000102388,36.3285,0
2.4228,-5.606165E-05,36.342,0,2.4228,-6.478981E-05,36.342,0
2.4237,-4.39765E-05,36.3555,0,2.4237,-7.754635E-05,36.3555,0
2.4246,1.577783E-05,36.369,0,2.4246,-0.0001104448,36.369,0
2.4255,-0.0001037308,36.3825,0,2.4255,-7.620356E-05,36.3825,0
2.4264,-0.0001601282,36.396,0,2.4264,-5.169757E-05,36.396,0
2.4273,-9.701686E-05,36.4095,0,2.4273,-6.54612E-05,36.4095,0
2.4282,-0.0001084306,36.423,0,2.4282,-3.323415E-05,36.423,0
2.4291,-0.0001957122,36.4365,0,2.4291,1.342794E-05,36.4365,0
2.43,-0.0001359579,36.45,0,2.43,3.692683E-06,36.45,0
2.4309,-7.754635E-05,36.4635,0,2.4309,9.735256E-06,36.4635,0
2.4318,-6.277562E-05,36.477,0,2.4318,-3.356985E-07,36.477,0
2.4327,-1.007095E-06,36.4905,0,2.4327,1.510643E-05,36.4905,0
2.4336,3.994812E-05,36.504,0,2.4336,2.887007E-05,36.504,0
2.4345,3.994812E-05,36.5175,0,2.4345,2.1149E-05,36.5175,0
2.4354,6.71397E-05,36.531,0,2.4354,2.349889E-06,36.531,0
2.4363,2.887007E-05,36.5445,0,2.4363,3.524834E-05,36.5445,0
2.4372,6.478981E-05,36.558,0,2.4372,4.162661E-05,36.558,0
2.4381,8.291753E-05,36.5715,0,2.4381,1.913481E-05,36.5715,0
2.439,2.987716E-05,36.585,0,2.439,4.733349E-05,36.585,0
2.4399,3.256275E-05,36.5985,0,2.4399,7.754635E-05,36.5985,0
2.4408,6.948959E-05,36.612,0,2.4408,4.666209E-05,36.612,0
2.4417,5.975433E-05,36.6255,0,2.4417,2.652018E-05,36.6255,0
2.4426,4.699779E-05,36.639,0,2.4426,5.001907E-05,36.639,0
2.4435,0.0001017166,36.6525,0,2.4435,4.766919E-05,36.6525,0
2.4444,0.0001376364,36.666,0,2.4444,4.061952E-05,36.666,0
2.4453,0.0001665064,36.6795,0,2.4453,3.021286E-05,36.6795,0
2.4462,0.0001064164,36.693,0,2.4462,6.143282E-05,36.693,0
2.4471,8.795301E-05,36.7065,0,2.4471,6.143282E-05,36.7065,0
2.448,8.82887E-05,36.72,0,2.448,1.913481E-05,36.72,0
2.4489,0.0001285725,36.7335,0,2.4489,5.706874E-06,36.7335,0
2.4498,4.263371E-05,36.747,0,2.4498,5.203327E-05,36.747,0
2.4507,7.821774E-05,36.7605,0,2.4507,1.980621E-05,36.7605,0
2.4516,0.0001460288,36.774,0,2.4516,-2.316319E-05,36.774,0
2.4525,6.143282E-05,36.7875,0,2.4525,-1.443504E-05,36.7875,0
2.4534,0.0001033951,36.801,0,2.4534,-5.001907E-05,36.801,0
2.4543,0.0001017166,36.8145,0,2.4543,-0.0001138018,36.8145,0
2.4552,7.721065E-06,36.828,0,2.4552,-0.0001265583,36.828,0
2.4561,-2.484169E-05,36.8415,0,2.4561,-0.0001097734,36.8415,0
2.457,1.040665E-05,36.855,0,2.457,-0.0001144732,36.855,0
2.4579,-5.807584E-05,36.8685,0,2.4579,-0.0001027237,36.8685,0
2.4588,-4.129091E-05,36.882,0,2.4588,-0.0001238727,36.882,0
2.4597,-2.349889E-06,36.8955,0,2.4597,-8.89601E-05,36.8955,0
2.4606,-9.433127E-05,36.909,0,2.4606,-5.706874E-05,36.909,0
2.4615,-7.083238E-05,36.9225,0,2.4615,-7.452507E-05,36.9225,0
2.4624,5.035477E-06,36.936,0,2.4624,-7.049668E-05,36.936,0
2.4633,-4.53193E-05,36.9495,0,2.4633,-2.1149E-05,36.9495,0
2.4642,-3.994812E-05,36.963,0,2.4642,-1.510643E-05,36.963,0
2.4651,6.344701E-05,36.9765,0,2.4651,-4.599069E-05,36.9765,0
2.466,1.342794E-06,36.99,0,2.466,1.040665E-05,36.99,0
2.4669,4.36408E-06,37.0035,0,2.4669,5.035477E-06,37.0035,0
2.4678,4.766919E-05,37.017,0,2.4678,-4.39765E-05,37.017,0
2.4687,-8.493171E-05,37.0305,0,2.4687,-3.256275E-05,37.0305,0
2.4696,-0.000119173,37.044,0,2.4696,1.275654E-05,37.044,0
2.4705,-0.0001033951,37.0575,0,2.4705,-5.035477E-06,37.0575,0
2.4714,-8.426032E-05,37.071,0,2.4714,-2.819867E-05,37.071,0
2.4723,-7.217517E-05,37.0845,0,2.4723,-4.53193E-05,37.0845,0
2.4732,-0.0001131304,37.098,0,2.4732,-2.954147E-05,37.098,0
2.4741,-5.606165E-05,37.1115,0,2.4741,-3.994812E-05,37.1115,0
2.475,-7.284657E-05,37.125,0,2.475,-5.941863E-05,37.125,0
2.4759,-6.61326E-05,37.1385,0,2.4759,-5.539025E-05,37.1385,0
2.4768,-6.61326E-05,37.152,0,2.4768,-2.21561E-05,37.152,0
2.4777,-9.164568E-05,37.1655,0,2.4777,-3.692683E-05,37.1655,0
2.4786,-3.390555E-05,37.179,0,2.4786,-6.948959E-05,37.179,0
2.4795,-5.169757E-05,37.1925,0,2.4795,-1.678492E-05,37.1925,0
2.4804,-9.332418E-05,37.206,0,2.4804,-1.275654E-05,37.206,0
2.4813,-6.009003E-05,37.2195,0,2.4813,-5.471885E-05,37.2195,0
2.4822,-5.035477E-05,37.233,0,2.4822,-3.558404E-05,37.233,0
2.4831,-8.627451E-05,37.2465,0,2.4831,8.392462E-06,37.2465,0
2.484,-6.210422E-05,37.26,0,2.484,1.174945E-05,37.26,0
2.4849,-7.821774E-05,37.2735,0,2.4849,1.947051E-05,37.2735,0
2.4858,-3.054856E-05,37.287,0,2.4858,3.189136E-05,37.287,0
2.4867,-8.023193E-05,37.3005,0,2.4867,5.136187E-05,37.3005,0
2.4876,-0.0001634852,37.314,0,2.4876,6.210422E-05,37.314,0
2.4885,-8.627451E-05,37.3275,0,2.4885,4.867628E-05,37.3275,0
2.4894,-8.89601E-05,37.341,0,2.4894,3.994812E-05,37.341,0
2.4903,-0.000144686,37.3545,0,2.4903,5.471885E-05,37.3545,0
2.4912,-0.0001010452,37.368,0,2.4912,5.001907E-05,37.368,0
2.4921,-2.819867E-05,37.3815,0,2.4921,1.443504E-05,37.3815,0
2.493,-0.0001141375,37.395,0,2.493,5.337606E-05,37.395,0
2.4939,-7.150377E-05,37.4085,0,2.4939,6.6804E-05,37.4085,0
2.4948,-2.21561E-05,37.422,0,2.4948,3.558404E-05,37.422,0
2.4957,-3.726253E-05,37.4355,0,2.4957,6.210422E-05,37.4355,0
2.4966,-5.337606E-05,37.449,0,2.4966,9.634547E-05,37.449,0
2.4975,3.692683E-05,37.4625,0,2.4975,0.0001107805,37.4625,0
2.4984,4.53193E-05,37.476,0,2.4984,9.298848E-05,37.476,0
2.4993,8.157473E-05,37.4895,0,2.4993,6.009003E-05,37.4895,0
2.5002,0.0001097734,37.503,0,2.5002,7.821774E-05,37.503,0
2.5011,0.0001305867,37.5165,0,2.5011,7.418937E-05,37.5165,0
2.502,8.493171E-05,37.53,0,2.502,2.584878E-05,37.53,0
2.5029,8.526741E-05,37.5435,0,2.5029,1.510643E-05,37.5435,0
2.5038,5.606165E-05,37.557,0,2.5038,3.826963E-05,37.557,0
2.5047,4.632639E-05,37.5705,0,2.5047,-2.450599E-05,37.5705,0
2.5056,8.82887E-05,37.584,0,2.5056,-7.486076E-05,37.584,0
2.5065,2.21561E-05,37.5975,0,2.5065,-6.54612E-05,37.5975,0
2.5074,1.309224E-05,37.611,0,2.5074,-8.258183E-05,37.611,0
2.5083,5.404745E-05,37.6245,0,2.5083,-0.0001416648,37.6245,0
2.5092,2.081331E-05,37.638,0,2.5092,-0.0001514,37.638,0
2.5101,-3.860533E-05,37.6515,0,2.5101,-0.0001450217,37.6515,0
2.511,-4.867628E-05,37.665,0,2.511,-0.0001668421,37.665,0
2.5119,-3.121996E-05,37.6785,0,2.5119,-0.0001695277,37.6785,0
2.5128,2.1149E-05,37.692,0,2.5128,-0.0001587854,37.692,0
2.5137,-2.652018E-05,37.7055,0,2.5137,-0.0001205158,37.7055,0
2.5146,-1.644922E-05,37.719,0,2.5146,-0.0001084306,37.719,0
2.5155,1.007095E-05,37.7325,0,2.5155,-0.0001040665,37.7325,0
2.5164,3.054856E-05,37.746,0,2.5164,-9.164568E-05,37.746,0
2.5173,1.712062E-05,37.7595,0,2.5173,-1.980621E-05,37.7595,0
2.5182,3.256275E-05,37.773,0,2.5182,-1.376364E-05,37.773,0
2.5191,4.129091E-05,37.7865,0,2.5191,-4.632639E-05,37.7865,0
2.52,-1.443504E-05,37.8,0,2.52,-3.356985E-07,37.8,0
2.5209,-9.063859E-06,37.8135,0,2.5209,1.242084E-05,37.8135,0
2.5218,7.284657E-05,37.827,0,2.5218,3.356985E-07,37.827,0
2.5227,7.956054E-05,37.8405,0,2.5227,-8.392462E-06,37.8405,0
2.5236,2.920577E-05,37.854,0,2.5236,3.323415E-05,37.854,0
2.5245,5.001907E-05,37.8675,0,2.5245,3.759823E-05,37.8675,0
2.5254,6.143282E-05,37.881,0,2.5254,2.1149E-05,37.881,0
2.5263,0.0001164874,37.8945,0,2.5263,6.378271E-06,37.8945,0
2.5272,6.143282E-05,37.908,0,2.5272,1.846342E-05,37.908,0
2.5281,-2.685588E-06,37.9215,0,2.5281,-2.349889E-06,37.9215,0
2.529,3.994812E-05,37.935,0,2.529,-5.001907E-05,37.935,0
2.5299,5.337606E-05,37.9485,0,2.5299,-6.445411E-05,37.9485,0
2.5308,-7.083238E-05,37.962,0,2.5308,-7.418937E-05,37.962,0
2.5317,-3.659113E-05,37.9755,0,2.5317,-9.768826E-05,37.9755,0
2.5326,5.774014E-05,37.989,0,2.5326,-0.0001426719,37.989,0
2.5335,-6.411841E-05,38.0025,0,2.5335,-8.86244E-05,38.0025,0
2.5344,-5.941863E-05,38.016,0,2.5344,-8.493171E-05,38.016,0
2.5353,5.270466E-05,38.0295,0,2.5353,-0.0001117876,38.0295,0
2.5362,1.577783E-05,38.043,0,2.5362,-8.92958E-05,38.043,0
2.5371,-3.726253E-05,38.0565,0,2.5371,-6.6804E-05,38.0565,0
2.538,1.947051E-05,38.07,0,2.538,-7.150377E-05,38.07,0
2.5389,2.920577E-05,38.0835,0,2.5389,-5.807584E-05,38.0835,0
2.5398,2.014191E-05,38.097,0,2.5398,-5.001907E-05,38.097,0
2.5407,-2.652018E-05,38.1105,0,2.5407,7.721065E-06,38.1105,0
2.5416,-0.0001329366,38.124,0,2.5416,4.129091E-05,38.124,0
2.5425,-9.869535E-05,38.1375,0,2.5425,7.049668E-06,38.1375,0
2.5434,-8.795301E-05,38.151,0,2.5434,-3.021286E-06,38.151,0
2.5443,-0.0001040665,38.1645,0,2.5443,4.095522E-05,38.1645,0
2.5452,-0.0001067521,38.178,0,2.5452,3.457694E-05,38.178,0
2.5461,-8.090334E-05,38.1915,0,2.5461,1.141375E-05,38.1915,0
2.547,-0.0001148089,38.205,0,2.547,6.076142E-05,38.205,0
2.5479,-5.572595E-05,38.2185,0,2.5479,7.888914E-05,38.2185,0
2.5488,-1.644922E-05,38.232,0,2.5488,5.102617E-05,38.232,0
2.5497,8.023193E-05,38.2455,0,2.5497,7.083238E-05,38.2455,0
2.5506,2.752728E-05,38.259,0,2.5506,0.000112459,38.259,0
2.5515,5.706874E-05,38.2725,0,2.5515,8.761731E-05,38.2725,0
2.5524,0.0001379721,38.286,0,2.5524,7.016098E-05,38.286,0
2.5533,0.0001493858,38.2995,0,2.5533,4.565499E-05,38.2995,0
2.5542,9.030289E-05,38.313,0,2.5542,4.934768E-05,38.313,0
2.5551,1.040665E-05,38.3265,0,2.5551,4.36408E-05,38.3265,0
2.556,6.411841E-05,38.34,0,2.556,8.392462E-06,38.34,0
2.5569,9.903105E-05,38.3535,0,2.5569,-9.399558E-06,38.3535,0
2.5578,-9.735256E-06,38.367,0,2.5578,3.189136E-05,38.367,0
2.5587,3.524834E-05,38.3805,0,2.5587,5.706874E-06,38.3805,0
2.5596,8.224613E-05,38.394,0,2.5596,-2.652018E-05,38.394,0
2.5605,-5.706874E-06,38.4075,0,2.5605,7.049668E-06,38.4075,0
2.5614,4.666209E-05,38.421,0,2.5614,-1.107805E-05,38.421,0
2.5623,4.934768E-05,38.4345,0,2.5623,-8.72816E-05,38.4345,0
2.5632,-1.812772E-05,38.448,0,2.5632,-0.0001033951,38.448,0
2.5641,-2.954147E-05,38.4615,0,2.5641,-8.82887E-05,38.4615,0
2.565,-4.36408E-06,38.475,0,2.565,-9.097429E-05,38.475,0
2.5659,-4.33051E-05,38.4885,0,2.5659,-0.0001017166,38.4885,0
2.5668,1.510643E-05,38.502,0,2.5668,-0.000148043,38.502,0
2.5677,6.814679E-05,38.5155,0,2.5677,-0.0001211871,38.5155,0
2.5686,-2.24918E-05,38.529,0,2.5686,-0.0001275654,38.529,0
2.5695,2.786297E-05,38.5425,0,2.5695,-0.0001654994,38.5425,0
2.5704,0.0001037308,38.556,0,2.5704,-0.0001953765,38.556,0
2.5713,3.323415E-05,38.5695,0,2.5713,-0.000154757,38.5695,0
2.5722,6.881819E-05,38.583,0,2.5722,-0.0001295796,38.583,0
2.5731,0.0001352865,38.5965,0,2.5731,-0.0001587854,38.5965,0
2.574,4.263371E-05,38.61,0,2.574,-0.0001164874,38.61,0
2.5749,8.023193E-05,38.6235,0,2.5749,-9.365987E-05,38.6235,0
2.5758,0.0001242084,38.637,0,2.5758,-8.96315E-05,38.637,0
2.5767,-6.378271E-06,38.6505,0,2.5767,-3.424125E-05,38.6505,0
2.5776,-3.189136E-05,38.664,0,2.5776,1.309224E-05,38.664,0
2.5785,-3.356985E-07,38.6775,0,2.5785,2.014191E-05,38.6775,0
2.5794,3.625543E-05,38.691,0,2.5794,4.061952E-05,38.691,0
2.5803,2.652018E-05,38.7045,0,2.5803,2.047761E-05,38.7045,0
2.5812,-6.713969E-06,38.718,0,2.5812,4.53193E-05,38.718,0
2.5821,-1.376364E-05,38.7315,0,2.5821,5.539025E-05,38.7315,0
2.583,-3.356985E-07,38.745,0,2.583,1.577783E-05,38.745,0
2.5839,2.685588E-06,38.7585,0,2.5839,3.021286E-06,38.7585,0
2.5848,-1.913481E-05,38.772,0,2.5848,5.404745E-05,38.772,0
2.5857,-5.706874E-06,38.7855,0,2.5857,3.323415E-05,38.7855,0
2.5866,6.411841E-05,38.799,0,2.5866,-1.678492E-06,38.799,0
2.5875,3.726253E-05,38.8125,0,2.5875,3.692683E-05,38.8125,0
2.5884,5.874724E-05,38.826,0,2.5884,3.457694E-05,38.826,0
2.5893,8.526741E-05,38.8395,0,2.5893,2.047761E-05,38.8395,0
2.5902,1.846342E-05,38.853,0,2.5902,5.169757E-05,38.853,0
2.5911,-1.644922E-05,38.8665,0,2.5911,6.51255E-05,38.8665,0
2.592,-2.450599E-05,38.88,0,2.592,6.411841E-05,38.88,0
2.5929,-6.74754E-05,38.8935,0,2.5929,6.814679E-05,38.8935,0
2.5938,-4.800488E-05,38.907,0,2.5938,7.620356E-05,38.907,0
2.5947,-0.0001117876,38.9205,0,2.5947,0.0001054093,38.9205,0
2.5956,-0.0001530785,38.934,0,2.5956,0.0001393149,38.934,0
2.5965,-7.049668E-05,38.9475,0,2.5965,0.0001279011,38.9475,0
2.5974,-0.0001285725,38.961,0,2.5974,0.0001003738,38.961,0
2.5983,-0.0001785916,38.9745,0,2.5983,0.0001409934,38.9745,0
2.5992,-0.0001131304,38.988,0,2.5992,0.0001500572,38.988,0
2.6001,-0.0001037308,39.0015,0,2.6001,0.0001094377,39.0015,0
2.601,-0.0002010834,39.015,0,2.601,0.0001205158,39.015,0
2.6019,-0.0001732204,39.0285,0,2.6019,9.030289E-05,39.0285,0
2.6028,-0.0001111162,39.042,0,2.6028,1.477073E-05,39.042,0
2.6037,-0.0001829557,39.0555,0,2.6037,8.392462E-06,39.0555,0
2.6046,-0.0001876554,39.069,0,2.6046,9.063859E-06,39.069,0
2.6055,-9.433127E-05,39.0825,0,2.6055,-3.054856E-05,39.0825,0
2.6064,-0.0001319295,39.096,0,2.6064,-6.881819E-05,39.096,0
2.6073,-6.311131E-05,39.1095,0,2.6073,-0.000102388,39.1095,0
2.6082,-3.524834E-05,39.123,0,2.6082,-8.761731E-05,39.123,0
2.6091,-6.61326E-05,39.1365,0,2.6091,-8.526741E-05,39.1365,0
2.61,-3.961242E-05,39.15,0,2.61,-0.000140322,39.15,0
2.6109,-4.196231E-05,39.1635,0,2.6109,-0.0001668421,39.1635,0
2.6118,-0.0001225299,39.177,0,2.6118,-0.0001453574,39.177,0
2.6127,-8.72816E-05,39.1905,0,2.6127,-0.0001477073,39.1905,0
2.6136,3.356985E-06,39.204,0,2.6136,-0.000148043,39.204,0
2.6145,-5.136187E-05,39.2175,0,2.6145,-0.0001245441,39.2175,0
2.6154,-0.0001044022,39.231,0,2.6154,-0.0001107805,39.231,0
2.6163,-4.229801E-05,39.2445,0,2.6163,-0.0001332723,39.2445,0
2.6172,-6.210422E-05,39.258,0,2.6172,-0.000119173,39.258,0
2.6181,-0.0001178302,39.2715,0,2.6181,-0.0001151446,39.2715,0
2.619,-4.028382E-05,39.285,0,2.619,-0.0001312581,39.285,0
2.6199,1.342794E-06,39.2985,0,2.6199,-0.000115816,39.2985,0
2.6208,3.356985E-07,39.312,0,2.6208,-0.0001074235,39.312,0
2.6217,4.129091E-05,39.3255,0,2.6217,-9.533837E-05,39.3255,0
2.6226,9.433127E-05,39.339,0,2.6226,-8.358892E-05,39.339,0
2.6235,6.74754E-05,39.3525,0,2.6235,-9.701686E-05,39.3525,0
2.6244,0.0001104448,39.366,0,2.6244,-9.701686E-05,39.366,0
2.6253,6.6804E-05,39.3795,0,2.6253,-4.867628E-05,39.3795,0
2.6262,5.874724E-05,39.393,0,2.6262,-5.606165E-05,39.393,0
2.6271,5.169757E-05,39.4065,0,2.6271,-8.627451E-05,39.4065,0
2.628,-4.39765E-05,39.42,0,2.628,-2.1149E-05,39.42,0
2.6289,7.721065E-06,39.4335,0,2.6289,-1.242084E-05,39.4335,0
2.6298,6.143282E-05,39.447,0,2.6298,-3.155566E-05,39.447,0
2.6307,3.088426E-05,39.4605,0,2.6307,-2.786297E-05,39.4605,0
2.6316,3.457694E-05,39.474,0,2.6316,1.577783E-05,39.474,0
2.6325,3.054856E-05,39.4875,0,2.6325,3.256275E-05,39.4875,0
2.6334,3.961242E-05,39.501,0,2.6334,3.189136E-05,39.501,0
2.6343,8.560311E-05,39.5145,0,2.6343,1.309224E-05,39.5145,0
2.6352,6.713969E-07,39.528,0,2.6352,3.860533E-05,39.528,0
2.6361,-7.150377E-05,39.5415,0,2.6361,5.505455E-05,39.5415,0
2.637,1.309224E-05,39.555,0,2.637,3.289845E-05,39.555,0
2.6379,4.061952E-05,39.5685,0,2.6379,3.256275E-05,39.5685,0
2.6388,-2.618448E-05,39.582,0,2.6388,5.606165E-05,39.582,0
2.6397,8.728161E-06,39.5955,0,2.6397,3.222705E-05,39.5955,0
2.6406,9.063859E-05,39.609,0,2.6406,-1.443504E-05,39.609,0
2.6415,-3.323415E-05,39.6225,0,2.6415,3.021286E-05,39.6225,0
2.6424,3.121996E-05,39.636,0,2.6424,9.063859E-06,39.636,0
2.6433,9.903105E-05,39.6495,0,2.6433,-2.1149E-05,39.6495,0
2.6442,-1.409934E-05,39.663,0,2.6442,-6.713969E-07,39.663,0
2.6451,-7.855344E-05,39.6765,0,2.6451,1.409934E-05,39.6765,0
2.646,-1.779202E-05,39.69,0,2.646,-6.378271E-06,39.69,0
2.6469,-1.174945E-05,39.7035,0,2.6469,-9.735256E-06,39.7035,0
2.6478,-1.376364E-05,39.717,0,2.6478,-2.047761E-05,39.717,0
2.6487,-3.121996E-05,39.7305,0,2.6487,-3.155566E-05,39.7305,0
2.6496,-6.143282E-05,39.744,0,2.6496,-7.049668E-06,39.744,0
2.6505,-6.378271E-06,39.7575,0,2.6505,-5.001907E-05,39.7575,0
2.6514,1.510643E-05,39.771,0,2.6514,-6.210422E-05,39.771,0
2.6523,2.014191E-06,39.7845,0,2.6523,5.706874E-06,39.7845,0
2.6532,-2.618448E-05,39.798,0,2.6532,2.551309E-05,39.798,0
2.6541,2.517739E-05,39.8115,0,2.6541,-6.378271E-06,39.8115,0
2.655,-7.385367E-06,39.825,0,2.655,3.591974E-05,39.825,0
2.6559,-7.385367E-06,39.8385,0,2.6559,1.980621E-05,39.8385,0
2.6568,2.584878E-05,39.852,0,2.6568,-6.378271E-06,39.852,0
2.6577,3.927672E-05,39.8655,0,2.6577,8.728161E-06,39.8655,0
2.6586,7.385367E-06,39.879,0,2.6586,3.356985E-05,39.879,0
2.6595,6.814679E-05,39.8925,0,2.6595,2.652018E-05,39.8925,0
2.6604,0.0001349508,39.906,0,2.6604,1.779202E-05,39.906,0
2.6613,0.0001151446,39.9195,0,2.6613,1.678492E-05,39.9195,0
2.6622,9.903105E-05,39.933,0,2.6622,4.666209E-05,39.933,0
2.6631,6.78111E-05,39.9465,0,2.6631,7.083238E-05,39.9465,0
2.664,8.92958E-05,39.96,0,2.664,3.860533E-05,39.96,0
2.6649,7.217517E-05,39.9735,0,2.6649,3.323415E-05,39.9735,0
2.6658,-1.208515E-05,39.987,0,2.6658,6.848249E-05,39.987,0
2.6667,3.054856E-05,40.0005,0,2.6667,2.887007E-05,40.0005,0
2.6676,5.337606E-05,40.014,0,2.6676,1.342794E-06,40.014,0
2.6685,-3.054856E-05,40.0275,0,2.6685,5.304036E-05,40.0275,0
2.6694,5.001907E-05,40.041,0,2.6694,3.659113E-05,40.041,0
2.6703,2.081331E-05,40.0545,0,2.6703,1.577783E-05,40.0545,0
2.6712,-2.18204E-05,40.068,0,2.6712,3.491264E-05,40.068,0
2.6721,-1.174945E-05,40.0815,0,2.6721,3.726253E-05,40.0815,0
2.673,4.263371E-05,40.095,0,2.673,7.721065E-06,40.095,0
2.6739,7.284657E-05,40.1085,0,2.6739,-1.376364E-05,40.1085,0
2.6748,0.0001319295,40.122,0,2.6748,-6.881819E-05,40.122,0
2.6757,0.0001607996,40.1355,0,2.6757,-5.270466E-05,40.1355,0
2.6766,6.210422E-05,40.149,0,2.6766,-2.349889E-05,40.149,0
2.6775,7.788205E-05,40.1625,0,2.6775,-4.43122E-05,40.1625,0
2.6784,0.0001456931,40.176,0,2.6784,-6.54612E-05,40.176,0
2.6793,4.867628E-05,40.1895,0,2.6793,-2.24918E-05,40.1895,0
2.6802,8.291753E-05,40.203,0,2.6802,-3.457694E-05,40.203,0
2.6811,0.0001540856,40.2165,0,2.6811,-7.016098E-05,40.2165,0
2.682,4.46479E-05,40.23,0,2.682,-3.256275E-05,40.23,0
2.6829,4.800488E-05,40.2435,0,2.6829,-2.383459E-05,40.2435,0
2.6838,7.620356E-05,40.257,0,2.6838,-4.33051E-05,40.257,0
2.6847,6.713969E-06,40.2705,0,2.6847,-2.1149E-05,40.2705,0
2.6856,-5.438316E-05,40.284,0,2.6856,-5.035477E-06,40.284,0
2.6865,-3.726253E-05,40.2975,0,2.6865,-3.088426E-05,40.2975,0
2.6874,-1.107805E-05,40.311,0,2.6874,-3.793393E-05,40.311,0
2.6883,-6.210422E-05,40.3245,0,2.6883,-5.471885E-05,40.3245,0
2.6892,-6.814679E-05,40.338,0,2.6892,-2.316319E-05,40.338,0
2.6901,-0.0001077592,40.3515,0,2.6901,-1.107805E-05,40.3515,0
2.691,-0.0001305867,40.365,0,2.691,-3.927672E-05,40.365,0
2.6919,-0.0001362936,40.3785,0,2.6919,-3.961242E-05,40.3785,0
2.6928,-0.0001913481,40.392,0,2.6928,-7.721065E-06,40.392,0
2.6937,-0.0001799344,40.4055,0,2.6937,-5.136187E-05,40.4055,0
2.6946,-0.0001188373,40.419,0,2.6946,-0.0001107805,40.419,0
2.6955,-0.0001715419,40.4325,0,2.6955,-6.881819E-05,40.4325,0
2.6964,-0.0001483787,40.446,0,2.6964,-8.358892E-05,40.446,0
2.6973,-5.539025E-05,40.4595,0,2.6973,-0.0001154803,40.4595,0
2.6982,-5.606165E-05,40.473,0,2.6982,-0.0001148089,40.473,0
2.6991,-6.277562E-05,40.4865,0,2.6991,-0.0001040665,40.4865,0
2.7,-4.901198E-05,40.5,0,2.7,-0.0001178302,40.5,0
2.7009,-5.404745E-05,40.5135,0,2.7009,-0.0001232013,40.5135,0
2.7018,-1.846342E-05,40.527,0,2.7018,-0.0001510643,40.527,0
2.7027,-0.0001010452,40.5405,0,2.7027,-0.0001309224,40.5405,0
2.7036,-0.0001295796,40.554,0,2.7036,-0.0001258869,40.554,0
2.7045,-4.800488E-05,40.5675,0,2.7045,-0.0001332723,40.5675,0
2.7054,-7.553216E-05,40.581,0,2.7054,-0.0001144732,40.581,0
2.7063,-0.000140322,40.5945,0,2.7063,-6.277562E-05,40.5945,0
2.7072,-5.337606E-05,40.608,0,2.7072,-5.404745E-05,40.608,0
2.7081,-2.584878E-05,40.6215,0,2.7081,-7.016098E-05,40.6215,0
2.709,-0.0001171588,40.635,0,2.709,-2.551309E-05,40.635,0
2.7099,-0.0001064164,40.6485,0,2.7099,-1.376364E-05,40.6485,0
2.7108,-8.627451E-05,40.662,0,2.7108,-5.337606E-05,40.662,0
2.7117,-0.0001571069,40.6755,0,2.7117,-1.779202E-05,40.6755,0
2.7126,-0.000140322,40.689,0,2.7126,1.846342E-05,40.689,0
2.7135,-6.78111E-05,40.7025,0,2.7135,3.659113E-05,40.7025,0
2.7144,-9.466698E-05,40.716,0,2.7144,4.934768E-05,40.716,0
2.7153,-2.920577E-05,40.7295,0,2.7153,3.591974E-05,40.7295,0
2.7162,-3.256275E-05,40.743,0,2.7162,8.090334E-05,40.743,0
2.7171,-0.0001258869,40.7565,0,2.7171,7.888914E-05,40.7565,0
2.718,-5.874724E-05,40.77,0,2.718,5.337606E-05,40.77,0
2.7189,-3.390555E-05,40.7835,0,2.7189,5.774014E-05,40.7835,0
2.7198,-0.0001218585,40.797,0,2.7198,9.231708E-05,40.797,0
2.7207,-0.0001044022,40.8105,0,2.7207,6.311131E-05,40.8105,0
2.7216,-5.404745E-05,40.824,0,2.7216,3.726253E-05,40.824,0
2.7225,-7.418937E-05,40.8375,0,2.7225,5.941863E-05,40.8375,0
2.7234,-5.203327E-05,40.851,0,2.7234,6.076142E-05,40.851,0
2.7243,2.24918E-05,40.8645,0,2.7243,1.947051E-05,40.8645,0
2.7252,2.719158E-05,40.878,0,2.7252,2.349889E-05,40.878,0
2.7261,-2.24918E-05,40.8915,0,2.7261,6.54612E-05,40.8915,0
2.727,1.812772E-05,40.905,0,2.727,3.189136E-05,40.905,0
2.7279,3.994812E-05,40.9185,0,2.7279,3.289845E-05,40.9185,0
2.7288,6.478981E-05,40.932,0,2.7288,1.007095E-05,40.932,0
2.7297,4.46479E-05,40.9455,0,2.7297,2.819867E-05,40.9455,0
2.7306,5.035477E-06,40.959,0,2.7306,4.229801E-05,40.959,0
2.7315,3.927672E-05,40.9725,0,2.7315,6.378271E-06,40.9725,0
2.7324,9.634547E-05,40.986,0,2.7324,-2.383459E-05,40.986,0
2.7333,8.82887E-05,40.9995,0,2.7333,-1.678492E-06,40.9995,0
2.7342,0.0001524071,41.013,0,2.7342,-3.054856E-05,41.013,0
2.7351,0.0001426719,41.0265,0,2.7351,-8.761731E-05,41.0265,0
2.736,5.807584E-05,41.04,0,2.736,-6.64683E-05,41.04,0
2.7369,0.0001258869,41.0535,0,2.7369,-8.82887E-05,41.0535,0
2.7378,0.0001554284,41.067,0,2.7378,-0.0001171588,41.067,0
2.7387,0.0001033951,41.0805,0,2.7387,-8.426032E-05,41.0805,0
2.7396,7.553216E-05,41.094,0,2.7396,-4.095522E-05,41.094,0
2.7405,6.814679E-05,41.1075,0,2.7405,-3.961242E-05,41.1075,0
2.7414,0.0001077592,41.121,0,2.7414,-3.155566E-05,41.121,0
2.7423,0.0001534142,41.1345,0,2.7423,-2.28275E-05,41.1345,0
2.7432,5.203327E-05,41.148,0,2.7432,1.074235E-05,41.148,0
2.7441,3.860533E-05,41.1615,0,2.7441,3.155566E-05,41.1615,0
2.745,0.0001097734,41.175,0,2.745,1.007095E-06,41.175,0
2.7459,6.64683E-05,41.1885,0,2.7459,-1.141375E-05,41.1885,0
2.7468,-9.063859E-06,41.202,0,2.7468,1.376364E-05,41.202,0
2.7477,3.591974E-05,41.2155,0,2.7477,5.706874E-06,41.2155,0
2.7486,6.411841E-05,41.229,0,2.7486,-1.980621E-05,41.229,0
2.7495,-5.673304E-05,41.2425,0,2.7495,4.129091E-05,41.2425,0
2.7504,-7.452507E-05,41.256,0,2.7504,2.517739E-05,41.256,0
2.7513,-1.947051E-05,41.2695,0,2.7513,-2.21561E-05,41.2695,0
2.7522,-5.807584E-05,41.283,0,2.7522,1.007095E-05,41.283,0
2.7531,-3.793393E-05,41.2965,0,2.7531,1.409934E-05,41.2965,0
2.754,9.063859E-06,41.31,0,2.754,5.706874E-06,41.31,0
2.7549,-1.007095E-06,41.3235,0,2.7549,-1.309224E-05,41.3235,0
2.7558,4.162661E-05,41.337,0,2.7558,-5.404745E-05,41.337,0
2.7567,3.189136E-05,41.3505,0,2.7567,-3.524834E-05,41.3505,0
2.7576,-1.678492E-06,41.364,0,2.7576,-4.129091E-05,41.364,0
2.7585,3.021286E-06,41.3775,0,2.7585,-9.567407E-05,41.3775,0
2.7594,7.016098E-05,41.391,0,2.7594,-0.0001077592,41.391,0
2.7603,3.826963E-05,41.4045,0,2.7603,-6.143282E-05,41.4045,0
2.7612,9.869535E-05,41.418,0,2.7612,-5.941863E-05,41.418,0
2.7621,0.0001809415,41.4315,0,2.7621,-9.332418E-05,41.4315,0
2.763,1.745632E-05,41.445,0,2.763,-4.33051E-05,41.445,0
2.7639,3.256275E-05,41.4585,0,2.7639,-2.719158E-05,41.4585,0
2.7648,8.224613E-05,41.472,0,2.7648,-3.524834E-05,41.472,0
2.7657,6.713969E-06,41.4855,0,2.7657,2.349889E-06,41.4855,0
2.7666,-6.848249E-05,41.499,0,2.7666,3.491264E-05,41.499,0
2.7675,-5.203327E-05,41.5125,0,2.7675,5.304036E-05,41.5125,0
2.7684,-7.418937E-05,41.526,0,2.7684,6.915389E-05,41.526,0
2.7693,-3.692683E-05,41.5395,0,2.7693,6.277562E-05,41.5395,0
2.7702,-0.0001265583,41.553,0,2.7702,7.620356E-05,41.553,0
2.7711,-0.0001537499,41.5665,0,2.7711,7.620356E-05,41.5665,0
2.772,-0.0001188373,41.58,0,2.772,5.572595E-05,41.58,0
2.7729,-0.0001131304,41.5935,0,2.7729,4.599069E-05,41.5935,0
2.7738,-0.0001376364,41.607,0,2.7738,7.418937E-05,41.607,0
2.7747,-0.0001352865,41.6205,0,2.7747,6.009003E-05,41.6205,0
2.7756,-9.130999E-05,41.634,0,2.7756,2.618448E-05,41.634,0
2.7765,-0.0001215228,41.6475,0,2.7765,7.754635E-05,41.6475,0
2.7774,-7.956054E-05,41.661,0,2.7774,7.989624E-05,41.661,0
2.7783,-6.881819E-05,41.6745,0,2.7783,3.054856E-05,41.6745,0
2.7792,-0.0001121233,41.688,0,2.7792,2.1149E-05,41.688,0
2.7801,-0.0001013809,41.7015,0,2.7801,1.812772E-05,41.7015,0
2.781,-7.217517E-05,41.715,0,2.781,-1.040665E-05,41.715,0
2.7819,-4.934768E-05,41.7285,0,2.7819,-5.874724E-05,41.7285,0
2.7828,1.913481E-05,41.742,0,2.7828,-8.426032E-05,41.742,0
2.7837,1.510643E-05,41.7555,0,2.7837,-5.404745E-05,41.7555,0
2.7846,-2.21561E-05,41.769,0,2.7846,-4.162661E-05,41.769,0
2.7855,2.450599E-05,41.7825,0,2.7855,-5.404745E-05,41.7825,0
2.7864,0.0001121233,41.796,0,2.7864,-8.090334E-05,41.796,0
2.7873,1.913481E-05,41.8095,0,2.7873,-6.881819E-05,41.8095,0
2.7882,7.150377E-05,41.823,0,2.7882,-7.653925E-05,41.823,0
2.7891,0.0001910124,41.8365,0,2.7891,-0.0001077592,41.8365,0
2.79,9.365987E-05,41.85,0,2.79,-7.888914E-05,41.85,0
2.7909,0.0001144732,41.8635,0,2.7909,-8.056764E-05,41.8635,0
2.7918,0.0001426719,41.877,0,2.7918,-0.0001020523,41.877,0
2.7927,0.0001493858,41.8905,0,2.7927,-6.478981E-05,41.8905,0
2.7936,5.774014E-05,41.904,0,2.7936,-4.33051E-05,41.904,0
2.7945,7.586786E-05,41.9175,0,2.7945,-6.57969E-05,41.9175,0
2.7954,8.69459E-05,41.931,0,2.7954,-7.284657E-05,41.931,0
2.7963,4.834058E-05,41.9445,0,2.7963,-0.0001067521,41.9445,0
2.7972,1.242084E-05,41.958,0,2.7972,-6.57969E-05,41.958,0
2.7981,1.947051E-05,41.9715,0,2.7981,-5.807584E-05,41.9715,0
2.799,2.652018E-05,41.985,0,2.799,-7.620356E-05,41.985,0
2.7999,4.263371E-05,41.9985,0,2.7999,-8.627451E-05,41.9985,0
2.8008,-2.450599E-05,42.012,0,2.8008,-5.740444E-05,42.012,0
2.8017,-3.155566E-05,42.0255,0,2.8017,-8.090334E-05,42.0255,0
2.8026,2.047761E-05,42.039,0,2.8026,-0.0001084306,42.039,0
2.8035,-8.392462E-05,42.0525,0,2.8035,-5.941863E-05,42.0525,0
2.8044,-0.0001433432,42.066,0,2.8044,-7.183947E-05,42.066,0
2.8053,-6.277562E-05,42.0795,0,2.8053,-0.0001265583,42.0795,0
2.8062,-0.0001064164,42.093,0,2.8062,-0.0001151446,42.093,0
2.8071,-0.0001161517,42.1065,0,2.8071,-8.89601E-05,42.1065,0
2.808,-8.795301E-05,42.12,0,2.808,-0.0001054093,42.12,0
2.8089,-6.445411E-05,42.1335,0,2.8089,-9.433127E-05,42.1335,0
2.8098,-3.793393E-05,42.147,0,2.8098,-9.198138E-05,42.147,0
2.8107,-8.761731E-05,42.1605,0,2.8107,-7.956054E-05,42.1605,0
2.8116,-0.000130251,42.174,0,2.8116,-4.49836E-05,42.174,0
2.8125,-7.754635E-05,42.1875,0,2.8125,-3.054856E-05,42.1875,0
2.8134,-8.96315E-05,42.201,0,2.8134,-3.356985E-07,42.201,0
2.8143,-0.0001164874,42.2145,0,2.8143,7.754635E-05,42.2145,0
2.8152,-3.726253E-05,42.228,0,2.8152,9.768826E-05,42.228,0
2.8161,-2.081331E-05,42.2415,0,2.8161,8.090334E-05,42.2415,0
2.817,-8.493171E-05,42.255,0,2.817,0.0001332723,42.255,0
2.8179,6.378271E-06,42.2685,0,2.8179,0.0001185016,42.2685,0
2.8188,-1.376364E-05,42.282,0,2.8188,8.023193E-05,42.282,0
2.8197,-0.0001285725,42.2955,0,2.8197,7.721065E-05,42.2955,0
2.8206,-0.0001044022,42.309,0,2.8206,7.418937E-05,42.309,0
2.8215,-6.009003E-05,42.3225,0,2.8215,4.666209E-05,42.3225,0
2.8224,-7.687495E-05,42.336,0,2.8224,1.577783E-05,42.336,0
2.8233,-7.721065E-06,42.3495,0,2.8233,-1.141375E-05,42.3495,0
2.8242,1.644922E-05,42.363,0,2.8242,5.035477E-06,42.363,0
2.8251,-3.659113E-05,42.3765,0,2.8251,-2.450599E-05,42.3765,0
2.826,3.659113E-05,42.39,0,2.826,-7.956054E-05,42.39,0
2.8269,9.835965E-05,42.4035,0,2.8269,-8.526741E-05,42.4035,0
2.8278,4.53193E-05,42.417,0,2.8278,-4.028382E-05,42.417,0
2.8287,7.821774E-05,42.4305,0,2.8287,-4.061952E-05,42.4305,0
2.8296,0.0001326009,42.444,0,2.8296,-7.821774E-05,42.444,0
2.8305,3.726253E-05,42.4575,0,2.8305,-3.054856E-05,42.4575,0
2.8314,9.164568E-05,42.471,0,2.8314,3.021286E-06,42.471,0
2.8323,0.0001379721,42.4845,0,2.8323,-2.450599E-05,42.4845,0
2.8332,7.183947E-05,42.498,0,2.8332,-2.685588E-06,42.498,0
2.8341,-9.735256E-06,42.5115,0,2.8341,1.577783E-05,42.5115,0
2.835,1.040665E-05,42.525,0,2.835,-1.678492E-06,42.525,0
2.8359,7.049668E-06,42.5385,0,2.8359,-2.047761E-05,42.5385,0
2.8368,3.961242E-05,42.552,0,2.8368,-5.841154E-05,42.552,0
2.8377,4.733349E-05,42.5655,0,2.8377,-5.136187E-05,42.5655,0
2.8386,-2.349889E-05,42.579,0,2.8386,-5.035477E-05,42.579,0
2.8395,3.961242E-05,42.5925,0,2.8395,-6.277562E-05,42.5925,0
2.8404,7.687495E-05,42.606,0,2.8404,-6.478981E-05,42.606,0
2.8413,2.987716E-05,42.6195,0,2.8413,-1.745632E-05,42.6195,0
2.8422,7.754635E-05,42.633,0,2.8422,-1.644922E-05,42.633,0
2.8431,7.956054E-05,42.6465,0,2.8431,-3.591974E-05,42.6465,0
2.844,2.28275E-05,42.66,0,2.844,2.383459E-05,42.66,0
2.8449,6.6804E-05,42.6735,0,2.8449,2.18204E-05,42.6735,0
2.8458,6.344701E-05,42.687,0,2.8458,-9.063859E-06,42.687,0
2.8467,3.021286E-05,42.7005,0,2.8467,3.692683E-06,42.7005,0
2.8476,-2.584878E-05,42.714,0,2.8476,4.39765E-05,42.714,0
2.8485,-3.390555E-05,42.7275,0,2.8485,4.229801E-05,42.7275,0
2.8494,4.028382E-06,42.741,0,2.8494,2.24918E-05,42.741,0
2.8503,1.947051E-05,42.7545,0,2.8503,-8.056763E-06,42.7545,0
2.8512,-5.438316E-05,42.768,0,2.8512,1.107805E-05,42.768,0
2.8521,-6.6804E-05,42.7815,0,2.8521,1.678492E-05,42.7815,0
2.853,-2.517739E-05,42.795,0,2.853,-7.049668E-06,42.795,0
2.8539,-5.740444E-05,42.8085,0,2.8539,-1.544213E-05,42.8085,0
2.8548,-0.0001114519,42.822,0,2.8548,1.779202E-05,42.822,0
2.8557,-3.927672E-05,42.8355,0,2.8557,7.721065E-06,42.8355,0
2.8566,-4.599069E-05,42.849,0,2.8566,-1.544213E-05,42.849,0
2.8575,-0.0001456931,42.8625,0,2.8575,3.356985E-05,42.8625,0
2.8584,-0.0001003738,42.876,0,2.8584,3.994812E-05,42.876,0
2.8593,-8.89601E-05,42.8895,0,2.8593,1.510643E-05,42.8895,0
2.8602,-0.0001420005,42.903,0,2.8602,2.652018E-05,42.903,0
2.8611,-0.0001406577,42.9165,0,2.8611,1.376364E-05,42.9165,0
2.862,-0.0001265583,42.93,0,2.862,-9.063859E-06,42.93,0
2.8629,-0.0001205158,42.9435,0,2.8629,-2.618448E-05,42.9435,0
2.8638,-7.016098E-05,42.957,0,2.8638,-6.814679E-05,42.957,0
2.8647,-1.644922E-05,42.9705,0,2.8647,-3.860533E-05,42.9705,0
2.8656,-2.18204E-05,42.984,0,2.8656,-4.229801E-05,42.984,0
2.8665,-2.618448E-05,42.9975,0,2.8665,-8.560311E-05,42.9975,0
2.8674,2.987716E-05,43.011,0,2.8674,-6.915389E-05,43.011,0
2.8683,-1.376364E-05,43.0245,0,2.8683,-1.208515E-05,43.0245,0
2.8692,-2.517739E-05,43.038,0,2.8692,-2.18204E-05,43.038,0
2.8701,5.471885E-05,43.0515,0,2.8701,-6.74754E-05,43.0515,0
2.871,-1.947051E-05,43.065,0,2.871,-2.920577E-05,43.065,0
2.8719,-1.242084E-05,43.0785,0,2.8719,9.063859E-06,43.0785,0
2.8728,5.539025E-05,43.092,0,2.8728,-6.378271E-06,43.092,0
2.8737,1.510643E-05,43.1055,0,2.8737,3.390555E-05,43.1055,0
2.8746,-8.056763E-06,43.119,0,2.8746,8.157473E-05,43.119,0
2.8755,5.807584E-05,43.1325,0,2.8755,7.821774E-05,43.1325,0
2.8764,4.46479E-05,43.146,0,2.8764,8.96315E-05,43.146,0
2.8773,7.049668E-05,43.1595,0,2.8773,8.157473E-05,43.1595,0
2.8782,4.800488E-05,43.173,0,2.8782,8.493171E-05,43.173,0
2.8791,8.291753E-05,43.1865,0,2.8791,8.325322E-05,43.1865,0
2.88,9.298848E-05,43.2,0,2.88,3.558404E-05,43.2,0
2.8809,8.82887E-05,43.2135,0,2.8809,7.049668E-06,43.2135,0
2.8818,6.243992E-05,43.227,0,2.8818,3.323415E-05,43.227,0
2.8827,3.189136E-05,43.2405,0,2.8827,-2.014191E-06,43.2405,0
2.8836,0.0001111162,43.254,0,2.8836,-3.793393E-05,43.254,0
2.8845,0.0001013809,43.2675,0,2.8845,-7.721065E-06,43.2675,0
2.8854,9.164568E-05,43.281,0,2.8854,-2.24918E-05,43.281,0
2.8863,0.0001050736,43.2945,0,2.8863,-7.284657E-05,43.2945,0
2.8872,3.659113E-05,43.308,0,2.8872,-8.157473E-05,43.308,0
2.8881,3.961242E-05,43.3215,0,2.8881,-7.486076E-05,43.3215,0
2.889,2.618448E-05,43.335,0,2.889,-8.627451E-05,43.335,0
2.8899,4.39765E-05,43.3485,0,2.8899,-0.0001117876,43.3485,0
2.8908,7.385367E-05,43.362,0,2.8908,-0.0001373007,43.362,0
2.8917,-9.399558E-06,43.3755,0,2.8917,-0.0001181659,43.3755,0
2.8926,2.517739E-05,43.389,0,2.8926,-8.761731E-05,43.389,0
2.8935,6.076142E-05,43.4025,0,2.8935,-0.0001050736,43.4025,0
2.8944,4.934768E-05,43.416,0,2.8944,-0.000130251,43.416,0
2.8953,1.141375E-05,43.4295,0,2.8953,-7.553216E-05,43.4295,0
2.8962,5.001907E-05,43.443,0,2.8962,-7.183947E-05,43.443,0
2.8971,7.922484E-05,43.4565,0,2.8971,-9.399557E-05,43.4565,0
2.898,-1.510643E-05,43.47,0,2.898,-2.18204E-05,43.47,0
2.8989,-4.800488E-05,43.4835,0,2.8989,-2.014191E-06,43.4835,0
2.8998,4.263371E-05,43.497,0,2.8998,-1.913481E-05,43.497,0
2.9007,-4.49836E-05,43.5105,0,2.9007,1.443504E-05,43.5105,0
2.9016,-0.0001027237,43.524,0,2.9016,3.860533E-05,43.524,0
2.9025,-7.016098E-05,43.5375,0,2.9025,5.706874E-06,43.5375,0
2.9034,-8.82887E-05,43.551,0,2.9034,-1.544213E-05,43.551,0
2.9043,-8.191043E-05,43.5645,0,2.9043,-5.941863E-05,43.5645,0
2.9052,-6.814679E-05,43.578,0,2.9052,-4.095522E-05,43.578,0
2.9061,-0.0001376364,43.5915,0,2.9061,-6.243992E-05,43.5915,0
2.907,-9.768826E-05,43.605,0,2.907,-9.164568E-05,43.605,0
2.9079,-3.121996E-05,43.6185,0,2.9079,-0.0001047379,43.6185,0
2.9088,-0.0001211871,43.632,0,2.9088,-7.318227E-05,43.632,0
2.9097,-4.49836E-05,43.6455,0,2.9097,-7.217517E-05,43.6455,0
2.9106,5.035477E-05,43.659,0,2.9106,-0.0001003738,43.659,0
2.9115,-3.356985E-05,43.6725,0,2.9115,-5.136187E-05,43.6725,0
2.9124,-2.484169E-05,43.686,0,2.9124,-1.577783E-05,43.686,0
2.9133,2.685588E-06,43.6995,0,2.9133,-2.786297E-05,43.6995,0
2.9142,-1.477073E-05,43.713,0,2.9142,-4.36408E-06,43.713,0
2.9151,-6.109713E-05,43.7265,0,2.9151,2.987716E-05,43.7265,0
2.916,-8.392462E-06,43.74,0,2.916,1.678492E-06,43.74,0
2.9169,8.023193E-05,43.7535,0,2.9169,-8.392462E-06,43.7535,0
2.9178,5.539025E-05,43.767,0,2.9178,-3.625543E-05,43.767,0
2.9187,-6.713969E-07,43.7805,0,2.9187,-2.618448E-05,43.7805,0
2.9196,3.256275E-05,43.794,0,2.9196,-1.141375E-05,43.794,0
2.9205,6.478981E-05,43.8075,0,2.9205,-1.712062E-05,43.8075,0
2.9214,3.726253E-05,43.821,0,2.9214,-3.692683E-06,43.821,0
2.9223,-2.920577E-05,43.8345,0,2.9223,3.659113E-05,43.8345,0
2.9232,-1.913481E-05,43.848,0,2.9232,-2.014191E-06,43.848,0
2.9241,3.054856E-05,43.8615,0,2.9241,-4.53193E-05,43.8615,0
2.925,-5.001907E-05,43.875,0,2.925,-1.007095E-05,43.875,0
2.9259,-3.692683E-05,43.8885,0,2.9259,-2.316319E-05,43.8885,0
2.9268,-7.049668E-05,43.902,0,2.9268,-4.061952E-05,43.902,0
2.9277,-0.0001356222,43.9155,0,2.9277,-1.275654E-05,43.9155,0
2.9286,-5.740444E-05,43.929,0,2.9286,-6.378271E-06,43.929,0
2.9295,-3.323415E-05,43.9425,0,2.9295,-1.174945E-05,43.9425,0
2.9304,-4.196231E-05,43.956,0,2.9304,-5.035477E-06,43.956,0
2.9313,2.887007E-05,43.9695,0,2.9313,-4.028382E-06,43.9695,0
2.9322,2.18204E-05,43.983,0,2.9322,3.390555E-05,43.983,0
2.9331,-1.275654E-05,43.9965,0,2.9331,3.659113E-05,43.9965,0
2.934,-3.524834E-05,44.01,0,2.934,2.24918E-05,44.01,0
2.9349,-6.881819E-05,44.0235,0,2.9349,1.309224E-05,44.0235,0
2.9358,-0.0001366293,44.037,0,2.9358,3.524834E-05,44.037,0
2.9367,-0.0001044022,44.0505,0,2.9367,1.510643E-05,44.0505,0
2.9376,-4.061952E-05,44.064,0,2.9376,-2.450599E-05,44.064,0
2.9385,-0.0001654994,44.0775,0,2.9385,1.544213E-05,44.0775,0
2.9394,-0.000158114,44.091,0,2.9394,1.846342E-05,44.091,0
2.9403,-6.344701E-05,44.1045,0,2.9403,-1.678492E-05,44.1045,0
2.9412,-9.835965E-05,44.118,0,2.9412,-9.399558E-06,44.118,0
2.9421,-0.0001816129,44.1315,0,2.9421,6.713969E-06,44.1315,0
2.943,-0.0001245441,44.145,0,2.943,6.713969E-07,44.145,0
2.9439,-8.291753E-05,44.1585,0,2.9439,1.779202E-05,44.1585,0
2.9448,-2.517739E-05,44.172,0,2.9448,-2.383459E-05,44.172,0
2.9457,-1.712062E-05,44.1855,0,2.9457,2.014191E-06,44.1855,0
2.9466,-0.0001319295,44.199,0,2.9466,2.450599E-05,44.199,0
2.9475,-6.848249E-05,44.2125,0,2.9475,-8.392462E-06,44.2125,0
2.9484,-2.450599E-05,44.226,0,2.9484,-1.712062E-05,44.226,0
2.9493,-5.539025E-05,44.2395,0,2.9493,2.618448E-05,44.2395,0
2.9502,-4.46479E-05,44.253,0,2.9502,1.174945E-05,44.253,0
2.9511,-2.450599E-05,44.2665,0,2.9511,-9.735256E-06,44.2665,0
2.952,-6.277562E-05,44.28,0,2.952,7.721065E-06,44.28,0
2.9529,-1.174945E-05,44.2935,0,2.9529,-2.752728E-05,44.2935,0
2.9538,2.719158E-05,44.307,0,2.9538,-8.86244E-05,44.307,0
2.9547,2.652018E-05,44.3205,0,2.9547,-7.956054E-05,44.3205,0
2.9556,-5.001907E-05,44.334,0,2.9556,-5.136187E-05,44.334,0
2.9565,-3.927672E-05,44.3475,0,2.9565,-6.848249E-05,44.3475,0
2.9574,5.740444E-05,44.361,0,2.9574,-6.881819E-05,44.361,0
2.9583,0.0001007095,44.3745,0,2.9583,-6.915389E-05,44.3745,0
2.9592,5.606165E-05,44.388,0,2.9592,-5.572595E-05,44.388,0
2.9601,5.404745E-05,44.4015,0,2.9601,-3.793393E-05,44.4015,0
2.961,0.000109102,44.415,0,2.961,-2.652018E-05,44.415,0
2.9619,5.539025E-05,44.4285,0,2.9619,-1.510643E-05,44.4285,0
2.9628,3.424125E-05,44.442,0,2.9628,4.43122E-05,44.442,0
2.9637,0.0001252155,44.4555,0,2.9637,3.726253E-05,44.4555,0
2.9646,0.000130251,44.469,0,2.9646,-1.342794E-06,44.469,0
2.9655,3.726253E-05,44.4825,0,2.9655,2.383459E-05,44.4825,0
2.9664,3.457694E-05,44.496,0,2.9664,6.713969E-07,44.496,0
2.9673,2.081331E-05,44.5095,0,2.9673,-2.786297E-05,44.5095,0
2.9682,2.920577E-05,44.523,0,2.9682,-2.047761E-05,44.523,0
2.9691,-1.409934E-05,44.5365,0,2.9691,-1.678492E-05,44.5365,0
2.97,-1.678492E-05,44.55,0,2.97,-2.752728E-05,44.55,0
2.9709,5.035477E-06,44.5635,0,2.9709,-4.095522E-05,44.5635,0
2.9718,4.46479E-05,44.577,0,2.9718,-6.478981E-05,44.577,0
2.9727,4.196231E-05,44.5905,0,2.9727,-3.659113E-05,44.5905,0
2.9736,-1.544213E-05,44.604,0,2.9736,-4.129091E-05,44.604,0
2.9745,3.121996E-05,44.6175,0,2.9745,-5.807584E-05,44.6175,0
2.9754,5.807584E-05,44.631,0,2.9754,-4.36408E-05,44.631,0
2.9763,2.316319E-05,44.6445,0,2.9763,1.007095E-06,44.6445,0
2.9772,4.800488E-05,44.658,0,2.9772,-4.699779E-06,44.658,0
2.9781,0.0001017166,44.6715,0,2.9781,-5.941863E-05,44.6715,0
2.979,2.21561E-05,44.685,0,2.979,-2.618448E-05,44.685,0
2.9799,3.356985E-07,44.6985,0,2.9799,-1.712062E-05,44.6985,0
2.9808,7.888914E-05,44.712,0,2.9808,-4.263371E-05,44.712,0
2.9817,3.692683E-06,44.7255,0,2.9817,-3.088426E-05,44.7255,0
2.9826,-2.047761E-05,44.739,0,2.9826,-9.735256E-06,44.739,0
2.9835,5.471885E-05,44.7525,0,2.9835,-1.242084E-05,44.7525,0
2.9844,8.291753E-05,44.766,0,2.9844,-1.477073E-05,44.766,0
2.9853,0.0001168231,44.7795,0,2.9853,-2.484169E-05,44.7795,0
2.9862,0.000119173,44.793,0,2.9862,2.28275E-05,44.793,0
2.9871,1.712062E-05,44.8065,0,2.9871,3.927672E-05,44.8065,0
2.988,-3.457694E-05,44.82,0,2.988,1.812772E-05,44.82,0
2.9889,-8.392462E-06,44.8335,0,2.9889,4.129091E-05,44.8335,0
2.9898,-2.081331E-05,44.847,0,2.9898,8.426032E-05,44.847,0
2.9907,-1.174945E-05,44.8605,0,2.9907,7.418937E-05,44.8605,0
2.9916,6.143282E-05,44.874,0,2.9916,3.323415E-05,44.874,0
2.9925,5.069047E-05,44.8875,0,2.9925,7.553216E-05,44.8875,0
2.9934,6.61326E-05,44.901,0,2.9934,5.304036E-05,44.901,0
2.9943,9.097429E-05,44.9145,0,2.9943,1.208515E-05,44.9145,0
2.9952,7.150377E-05,44.928,0,2.9952,2.21561E-05,44.928,0
2.9961,3.323415E-05,44.9415,0,2.9961,4.36408E-06,44.9415,0
2.997,2.1149E-05,44.955,0,2.997,2.349889E-06,44.955,0
2.9979,4.46479E-05,44.9685,0,2.9979,-1.846342E-05,44.9685,0
2.9988,9.903105E-05,44.982,0,2.9988,-4.095522E-05,44.982,0
2.9997,3.726253E-05,44.9955,0,2.9997,-1.477073E-05,44.9955,0
3.0006,2.819867E-05,45.009,0,3.0006,-2.517739E-05,45.009,0
3.0015,9.802396E-05,45.0225,0,3.0015,-4.666209E-05,45.0225,0
3.0024,0.0001107805,45.036,0,3.0024,-6.54612E-05,45.036,0
3.0033,2.652018E-05,45.0495,0,3.0033,-4.867628E-05,45.0495,0
3.0042,5.841154E-05,45.063,0,3.0042,-5.304036E-05,45.063,0
3.0051,9.231708E-05,45.0765,0,3.0051,-0.0001047379,45.0765,0
3.006,-2.652018E-05,45.09,0,3.006,-4.800488E-05,45.09,0
3.0069,-1.007095E-06,45.1035,0,3.0069,-1.040665E-05,45.1035,0
3.0078,0.000119173,45.117,0,3.0078,-3.189136E-05,45.117,0
3.0087,5.539025E-05,45.1305,0,3.0087,-2.920577E-05,45.1305,0
3.0096,-3.356985E-07,45.144,0,3.0096,-1.007095E-06,45.144,0
3.0105,1.812772E-05,45.1575,0,3.0105,-1.544213E-05,45.1575,0
3.0114,-2.786297E-05,45.171,0,3.0114,-1.141375E-05,45.171,0
3.0123,-2.014191E-05,45.1845,0,3.0123,-2.349889E-05,45.1845,0
3.0132,-0.0001000381,45.198,0,3.0132,-7.721065E-06,45.198,0
3.0141,-0.0001748989,45.2115,0,3.0141,-2.316319E-05,45.2115,0
3.015,-0.0001594568,45.225,0,3.015,-6.948959E-05,45.225,0
3.0159,-0.0001500572,45.2385,0,3.0159,-7.586786E-05,45.2385,0
3.0168,-0.0002645304,45.252,0,3.0168,-2.719158E-05,45.252,0
3.0177,-0.0002124971,45.2655,0,3.0177,-2.920577E-05,45.2655,0
3.0186,-0.000112459,45.279,0,3.0186,-5.874724E-05,45.279,0
3.0195,-0.0001470359,45.2925,0,3.0195,-1.040665E-05,45.2925,0
3.0204,-0.0001426719,45.306,0,3.0204,-1.242084E-05,45.306,0
3.0213,-0.000105745,45.3195,0,3.0213,-3.457694E-05,45.3195,0
3.0222,-0.0001782559,45.333,0,3.0222,-4.565499E-05,45.333,0
3.0231,-0.000169192,45.3465,0,3.0231,3.356985E-07,45.3465,0
3.024,0,45.36,0,3.024,0,45.36,0
3.0249,0,45.3735,0,3.0249,0,45.3735,0
3.0258,0,45.387,0,3.0258,0,45.387,0
3.0267,0,45.4005,0,3.0267,0,45.4005,0
3.0276,0,45.414,0,3.0276,0,45.414,0
3.0285,0,45.4275,0,3.0285,0,45.4275,0
3.0294,0,45.441,0,3.0294,0,45.441,0
3.0303,0,45.4545,0,3.0303,0,45.4545,0
3.0312,0,45.468,0,3.0312,0,45.468,0
3.0321,0,45.4815,0,3.0321,0,45.4815,0
3.033,0,45.495,0,3.033,0,45.495,0
3.0339,0,45.5085,0,3.0339,0,45.5085,0
3.0348,0,45.522,0,3.0348,0,45.522,0
3.0357,0,45.5355,0,3.0357,0,45.5355,0
3.0366,0,45.549,0,3.0366,0,45.549,0
3.0375,0,45.5625,0,3.0375,0,45.5625,0
3.0384,0,45.576,0,3.0384,0,45.576,0
3.0393,0,45.5895,0,3.0393,0,45.5895,0
3.0402,0,45.603,0,3.0402,0,45.603,0
3.0411,0,45.6165,0,3.0411,0,45.6165,0
3.042,0,45.63,0,3.042,0,45.63,0
3.0429,0,45.6435,0,3.0429,0,45.6435,0
3.0438,0,45.657,0,3.0438,0,45.657,0
3.0447,0,45.6705,0,3.0447,0,45.6705,0
3.0456,0,45.684,0,3.0456,0,45.684,0
3.0465,0,45.6975,0,3.0465,0,45.6975,0
3.0474,0,45.711,0,3.0474,0,45.711,0
3.0483,0,45.7245,0,3.0483,0,45.7245,0
3.0492,0,45.738,0,3.0492,0,45.738,0
3.0501,0,45.7515,0,3.0501,0,45.7515,0
3.051,0,45.765,0,3.051,0,45.765,0
3.0519,0,45.7785,0,3.0519,0,45.7785,0
3.0528,0,45.792,0,3.0528,0,45.792,0
3.0537,0,45.8055,0,3.0537,0,45.8055,0
3.0546,0,45.819,0,3.0546,0,45.819,0
3.0555,0,45.8325,0,3.0555,0,45.8325,0
3.0564,0,45.846,0,3.0564,0,45.846,0
3.0573,0,45.8595,0,3.0573,0,45.8595,0
3.0582,0,45.873,0,3.0582,0,45.873,0
3.0591,0,45.8865,0,3.0591,0,45.8865,0
3.06,0,45.9,0,3.06,0,45.9,0
3.0609,0,45.9135,0,3.0609,0,45.9135,0
3.0618,0,45.927,0,3.0618,0,45.927,0
3.0627,0,45.9405,0,3.0627,0,45.9405,0
3.0636,0,45.954,0,3.0636,0,45.954,0
3.0645,0,45.9675,0,3.0645,0,45.9675,0
3.0654,0,45.981,0,3.0654,0,45.981,0
3.0663,0,45.9945,0,3.0663,0,45.9945,0
3.0672,0,46.008,0,3.0672,0,46.008,0
3.0681,0,46.0215,0,3.0681,0,46.0215,0
3.069,0,46.035,0,3.069,0,46.035,0
3.0699,0,46.0485,0,3.0699,0,46.0485,0
3.0708,0,46.062,0,3.0708,0,46.062,0
3.0717,0,46.0755,0,3.0717,0,46.0755,0
3.0726,0,46.089,0,3.0726,0,46.089,0
3.0735,0,46.1025,0,3.0735,0,46.1025,0
3.0744,0,46.116,0,3.0744,0,46.116,0
3.0753,0,46.1295,0,3.0753,0,46.1295,0
3.0762,0,46.143,0,3.0762,0,46.143,0
3.0771,0,46.1565,0,3.0771,0,46.1565,0
3.078,0,46.17,0,3.078,0,46.17,0
3.0789,0,46.1835,0,3.0789,0,46.1835,0
3.0798,0,46.197,0,3.0798,0,46.197,0
3.0807,0,46.2105,0,3.0807,0,46.2105,0
3.0816,0,46.224,0,3.0816,0,46.224,0
3.0825,0,46.2375,0,3.0825,0,46.2375,0
3.0834,0,46.251,0,3.0834,0,46.251,0
3.0843,0,46.2645,0,3.0843,0,46.2645,0
3.0852,0,46.278,0,3.0852,0,46.278,0
3.0861,0,46.2915,0,3.0861,0,46.2915,0
3.087,0,46.305,0,3.087,0,46.305,0
3.0879,0,46.3185,0,3.0879,0,46.3185,0
3.0888,0,46.332,0,3.0888,0,46.332,0
3.0897,0,46.3455,0,3.0897,0,46.3455,0
3.0906,0,46.359,0,3.0906,0,46.359,0
3.0915,0,46.3725,0,3.0915,0,46.3725,0
3.0924,0,46.386,0,3.0924,0,46.386,0
3.0933,0,46.3995,0,3.0933,0,46.3995,0
3.0942,0,46.413,0,3.0942,0,46.413,0
3.0951,0,46.4265,0,3.0951,0,46.4265,0
3.096,0,46.44,0,3.096,0,46.44,0
3.0969,0,46.4535,0,3.0969,0,46.4535,0
3.0978,0,46.467,0,3.0978,0,46.467,0
3.0987,0,46.4805,0,3.0987,0,46.4805,0
3.0996,0,46.494,0,3.0996,0,46.494,0
3.1005,0,46.5075,0,3.1005,0,46.5075,0
3.1014,0,46.521,0,3.1014,0,46.521,0
3.1023,0,46.5345,0,3.1023,0,46.5345,0
3.1032,0,46.548,0,3.1032,0,46.548,0
3.1041,0,46.5615,0,3.1041,0,46.5615,0
3.105,0,46.575,0,3.105,0,46.575,0
3.1059,0,46.5885,0,3.1059,0,46.5885,0
3.1068,0,46.602,0,3.1068,0,46.602,0
3.1077,0,46.6155,0,3.1077,0,46.6155,0
3.1086,0,46.629,0,3.1086,0,46.629,0
3.1095,0,46.6425,0,3.1095,0,46.6425,0
3.1104,0,46.656,0,3.1104,0,46.656,0
3.1113,0,46.6695,0,3.1113,0,46.6695,0
3.1122,0,46.683,0,3.1122,0,46.683,0
3.1131,0,46.6965,0,3.1131,0,46.6965,0
3.114,0,46.71,0,3.114,0,46.71,0
3.1149,0,46.7235,0,3.1149,0,46.7235,0
3.1158,0,46.737,0,3.1158,0,46.737,0
3.1167,0,46.7505,0,3.1167,0,46.7505,0
3.1176,0,46.764,0,3.1176,0,46.764,0
3.1185,0,46.7775,0,3.1185,0,46.7775,0
3.1194,0,46.791,0,3.1194,0,46.791,0
3.1203,0,46.8045,0,3.1203,0,46.8045,0
3.1212,0,46.818,0,3.1212,0,46.818,0
3.1221,0,46.8315,0,3.1221,0,46.8315,0
3.123,0,46.845,0,3.123,0,46.845,0
3.1239,0,46.8585,0,3.1239,0,46.8585,0
3.1248,0,46.872,0,3.1248,0,46.872,0
3.1257,0,46.8855,0,3.1257,0,46.8855,0
3.1266,0,46.899,0,3.1266,0,46.899,0
3.1275,0,46.9125,0,3.1275,0,46.9125,0
3.1284,0,46.926,0,3.1284,0,46.926,0
3.1293,0,46.9395,0,3.1293,0,46.9395,0
3.1302,0,46.953,0,3.1302,0,46.953,0
3.1311,0,46.9665,0,3.1311,0,46.9665,0
3.132,0,46.98,0,3.132,0,46.98,0
3.1329,0,46.9935,0,3.1329,0,46.9935,0
3.1338,0,47.007,0,3.1338,0,47.007,0
3.1347,0,47.0205,0,3.1347,0,47.0205,0
3.1356,0,47.034,0,3.1356,0,47.034,0
3.1365,0,47.0475,0,3.1365,0,47.0475,0
3.1374,0,47.061,0,3.1374,0,47.061,0
3.1383,0,47.0745,0,3.1383,0,47.0745,0
3.1392,0,47.088,0,3.1392,0,47.088,0
3.1401,0,47.1015,0,3.1401,0,47.1015,0
3.141,0,47.115,0,3.141,0,47.115,0
3.1419,0,47.1285,0,3.1419,0,47.1285,0
3.1428,0,47.142,0,3.1428,0,47.142,0
3.1437,0,47.1555,0,3.1437,0,47.1555,0
3.1446,0,47.169,0,3.1446,0,47.169,0
3.1455,0,47.1825,0,3.1455,0,47.1825,0
3.1464,0,47.196,0,3.1464,0,47.196,0
3.1473,0,47.2095,0,3.1473,0,47.2095,0
3.1482,0,47.223,0,3.1482,0,47.223,0
3.1491,0,47.2365,0,3.1491,0,47.2365,0
3.15,0,47.25,0,3.15,0,47.25,0
3.1509,0,47.2635,0,3.1509,0,47.2635,0
3.1518,0,47.277,0,3.1518,0,47.277,0
3.1527,0,47.2905,0,3.1527,0,47.2905,0
3.1536,0,47.304,0,3.1536,0,47.304,0
3.1545,0,47.3175,0,3.1545,0,47.3175,0
3.1554,0,47.331,0,3.1554,0,47.331,0
3.1563,0,47.3445,0,3.1563,0,47.3445,0
3.1572,0,47.358,0,3.1572,0,47.358,0
3.1581,0,47.3715,0,3.1581,0,47.3715,0
3.159,0,47.385,0,3.159,0,47.385,0
3.1599,0,47.3985,0,3.1599,0,47.3985,0
3.1608,0,47.412,0,3.1608,0,47.412,0
3.1617,0,47.4255,0,3.1617,0,47.4255,0
3.1626,0,47.439,0,3.1626,0,47.439,0
3.1635,0,47.4525,0,3.1635,0,47.4525,0
3.1644,0,47.466,0,3.1644,0,47.466,0
3.1653,0,47.4795,0,3.1653,0,47.4795,0
3.1662,0,47.493,0,3.1662,0,47.493,0
3.1671,0,47.5065,0,3.1671,0,47.5065,0
3.168,0,47.52,0,3.168,0,47.52,0
3.1689,0,47.5335,0,3.1689,0,47.5335,0
3.1698,0,47.547,0,3.1698,0,47.547,0
3.1707,0,47.5605,0,3.1707,0,47.5605,0
3.1716,0,47.574,0,3.1716,0,47.574,0
3.1725,0,47.5875,0,3.1725,0,47.5875,0
3.1734,0,47.601,0,3.1734,0,47.601,0
3.1743,0,47.6145,0,3.1743,0,47.6145,0
3.1752,0,47.628,0,3.1752,0,47.628,0
3.1761,0,47.6415,0,3.1761,0,47.6415,0
3.177,0,47.655,0,3.177,0,47.655,0
3.1779,0,47.6685,0,3.1779,0,47.6685,0
3.1788,0,47.682,0,3.1788,0,47.682,0
3.1797,0,47.6955,0,3.1797,0,47.6955,0
3.1806,0,47.709,0,3.1806,0,47.709,0
3.1815,0,47.7225,0,3.1815,0,47.7225,0
3.1824,0,47.736,0,3.1824,0,47.736,0
3.1833,0,47.7495,0,3.1833,0,47.7495,0
3.1842,0,47.763,0,3.1842,0,47.763,0
3.1851,0,47.7765,0,3.1851,0,47.7765,0
3.186,0,47.79,0,3.186,0,47.79,0
3.1869,0,47.8035,0,3.1869,0,47.8035,0
3.1878,0,47.817,0,3.1878,0,47.817,0
3.1887,0,47.8305,0,3.1887,0,47.8305,0
3.1896,0,47.844,0,3.1896,0,47.844,0
3.1905,0,47.8575,0,3.1905,0,47.8575,0
3.1914,0,47.871,0,3.1914,0,47.871,0
3.1923,0,47.8845,0,3.1923,0,47.8845,0
3.1932,0,47.898,0,3.1932,0,47.898,0
3.1941,0,47.9115,0,3.1941,0,47.9115,0
3.195,0,47.925,0,3.195,0,47.925,0
3.1959,0,47.9385,0,3.1959,0,47.9385,0
3.1968,0,47.952,0,3.1968,0,47.952,0
3.1977,0,47.9655,0,3.1977,0,47.9655,0
3.1986,0,47.979,0,3.1986,0,47.979,0
3.1995,0,47.9925,0,3.1995,0,47.9925,0
3.2004,0,48.006,0,3.2004,0,48.006,0
3.2013,0,48.0195,0,3.2013,0,48.0195,0
3.2022,0,48.033,0,3.2022,0,48.033,0
3.2031,0,48.0465,0,3.2031,0,48.0465,0
3.204,0,48.06,0,3.204,0,48.06,0
3.2049,0,48.0735,0,3.2049,0,48.0735,0
3.2058,0,48.087,0,3.2058,0,48.087,0
3.2067,0,48.1005,0,3.2067,0,48.1005,0
3.2076,0,48.114,0,3.2076,0,48.114,0
3.2085,0,48.1275,0,3.2085,0,48.1275,0
3.2094,0,48.141,0,3.2094,0,48.141,0
3.2103,0,48.1545,0,3.2103,0,48.1545,0
3.2112,0,48.168,0,3.2112,0,48.168,0
3.2121,0,48.1815,0,3.2121,0,48.1815,0
3.213,0,48.195,0,3.213,0,48.195,0
3.2139,0,48.2085,0,3.2139,0,48.2085,0
3.2148,0,48.222,0,3.2148,0,48.222,0
3.2157,0,48.2355,0,3.2157,0,48.2355,0
3.2166,0,48.249,0,3.2166,0,48.249,0
3.2175,0,48.2625,0,3.2175,0,48.2625,0
3.2184,0,48.276,0,3.2184,0,48.276,0
3.2193,0,48.2895,0,3.2193,0,48.2895,0
3.2202,0,48.303,0,3.2202,0,48.303,0
3.2211,0,48.3165,0,3.2211,0,48.3165,0
3.222,0,48.33,0,3.222,0,48.33,0
3.2229,0,48.3435,0,3.2229,0,48.3435,0
3.2238,0,48.357,0,3.2238,0,48.357,0
3.2247,0,48.3705,0,3.2247,0,48.3705,0
3.2256,0,48.384,0,3.2256,0,48.384,0
3.2265,0,48.3975,0,3.2265,0,48.3975,0
3.2274,0,48.411,0,3.2274,0,48.411,0
3.2283,0,48.4245,0,3.2283,0,48.4245,0
3.2292,0,48.438,0,3.2292,0,48.438,0
3.2301,0,48.4515,0,3.2301,0,48.4515,0
3.231,0,48.465,0,3.231,0,48.465,0
3.2319,0,48.4785,0,3.2319,0,48.4785,0
3.2328,0,48.492,0,3.2328,0,48.492,0
3.2337,0,48.5055,0,3.2337,0,48.5055,0
3.2346,0,48.519,0,3.2346,0,48.519,0
3.2355,0,48.5325,0,3.2355,0,48.5325,0
3.2364,0,48.546,0,3.2364,0,48.546,0
3.2373,0,48.5595,0,3.2373,0,48.5595,0
3.2382,0,48.573,0,3.2382,0,48.573,0
3.2391,0,48.5865,0,3.2391,0,48.5865,0
3.24,0,48.6,0,3.24,0,48.6,0
3.2409,0,48.6135,0,3.2409,0,48.6135,0
3.2418,0,48.627,0,3.2418,0,48.627,0
3.2427,0,48.6405,0,3.2427,0,48.6405,0
3.2436,0,48.654,0,3.2436,0,48.654,0
3.2445,0,48.6675,0,3.2445,0,48.6675,0
3.2454,0,48.681,0,3.2454,0,48.681,0
3.2463,0,48.6945,0,3.2463,0,48.6945,0
3.2472,0,48.708,0,3.2472,0,48.708,0
3.2481,0,48.7215,0,3.2481,0,48.7215,0
3.249,0,48.735,0,3.249,0,48.735,0
3.2499,0,48.7485,0,3.2499,0,48.7485,0
3.2508,0,48.762,0,3.2508,0,48.762,0
3.2517,0,48.7755,0,3.2517,0,48.7755,0
3.2526,0,48.789,0,3.2526,0,48.789,0
3.2535,0,48.8025,0,3.2535,0,48.8025,0
3.2544,0,48.816,0,3.2544,0,48.816,0
3.2553,0,48.8295,0,3.2553,0,48.8295,0
3.2562,0,48.843,0,3.2562,0,48.843,0
3.2571,0,48.8565,0,3.2571,0,48.8565,0
3.258,0,48.87,0,3.258,0,48.87,0
3.2589,0,48.8835,0,3.2589,0,48.8835,0
3.2598,0,48.897,0,3.2598,0,48.897,0
3.2607,0,48.9105,0,3.2607,0,48.9105,0
3.2616,0,48.924,0,3.2616,0,48.924,0
3.2625,0,48.9375,0,3.2625,0,48.9375,0
3.2634,0,48.951,0,3.2634,0,48.951,0
3.2643,0,48.9645,0,3.2643,0,48.9645,0
3.2652,0,48.978,0,3.2652,0,48.978,0
3.2661,0,48.9915,0,3.2661,0,48.9915,0
3.267,0,49.005,0,3.267,0,49.005,0
3.2679,0,49.0185,0,3.2679,0,49.0185,0
3.2688,0,49.032,0,3.2688,0,49.032,0
3.2697,0,49.0455,0,3.2697,0,49.0455,0
3.2706,0,49.059,0,3.2706,0,49.059,0
3.2715,0,49.0725,0,3.2715,0,49.0725,0
3.2724,0,49.086,0,3.2724,0,49.086,0
3.2733,0,49.0995,0,3.2733,0,49.0995,0
3.2742,0,49.113,0,3.2742,0,49.113,0
3.2751,0,49.1265,0,3.2751,0,49.1265,0
3.276,0,49.14,0,3.276,0,49.14,0
3.2769,0,49.1535,0,3.2769,0,49.1535,0
3.2778,0,49.167,0,3.2778,0,49.167,0
3.2787,0,49.1805,0,3.2787,0,49.1805,0
3.2796,0,49.194,0,3.2796,0,49.194,0
3.2805,0,49.2075,0,3.2805,0,49.2075,0
3.2814,0,49.221,0,3.2814,0,49.221,0
3.2823,0,49.2345,0,3.2823,0,49.2345,0
3.2832,0,49.248,0,3.2832,0,49.248,0
3.2841,0,49.2615,0,3.2841,0,49.2615,0
3.285,0,49.275,0,3.285,0,49.275,0
3.2859,0,49.2885,0,3.2859,0,49.2885,0
3.2868,0,49.302,0,3.2868,0,49.302,0
3.2877,0,49.3155,0,3.2877,0,49.3155,0
3.2886,0,49.329,0,3.2886,0,49.329,0
3.2895,0,49.3425,0,3.2895,0,49.3425,0
3.2904,0,49.356,0,3.2904,0,49.356,0
3.2913,0,49.3695,0,3.2913,0,49.3695,0
3.2922,0,49.383,0,3.2922,0,49.383,0
3.2931,0,49.3965,0,3.2931,0,49.3965,0
3.294,0,49.41,0,3.294,0,49.41,0
3.2949,0,49.4235,0,3.2949,0,49.4235,0
3.2958,0,49.437,0,3.2958,0,49.437,0
3.2967,0,49.4505,0,3.2967,0,49.4505,0
3.2976,0,49.464,0,3.2976,0,49.464,0
3.2985,0,49.4775,0,3.2985,0,49.4775,0
3.2994,0,49.491,0,3.2994,0,49.491,0
3.3003,0,49.5045,0,3.3003,0,49.5045,0
3.3012,0,49.518,0,3.3012,0,49.518,0
3.3021,0,49.5315,0,3.3021,0,49.5315,0
3.303,0,49.545,0,3.303,0,49.545,0
3.3039,0,49.5585,0,3.3039,0,49.5585,0
3.3048,0,49.572,0,3.3048,0,49.572,0
3.3057,0,49.5855,0,3.3057,0,49.5855,0
3.3066,0,49.599,0,3.3066,0,49.599,0
3.3075,0,49.6125,0,3.3075,0,49.6125,0
3.3084,0,49.626,0,3.3084,0,49.626,0
3.3093,0,49.6395,0,3.3093,0,49.6395,0
3.3102,0,49.653,0,3.3102,0,49.653,0
3.3111,0,49.6665,0,3.3111,0,49.6665,0
3.312,0,49.68,0,3.312,0,49.68,0
3.3129,0,49.6935,0,3.3129,0,49.6935,0
3.3138,0,49.707,0,3.3138,0,49.707,0
3.3147,0,49.7205,0,3.3147,0,49.7205,0
3.3156,0,49.734,0,3.3156,0,49.734,0
3.3165,0,49.7475,0,3.3165,0,49.7475,0
3.3174,0,49.761,0,3.3174,0,49.761,0
3.3183,0,49.7745,0,3.3183,0,49.7745,0
3.3192,0,49.788,0,3.3192,0,49.788,0
3.3201,0,49.8015,0,3.3201,0,49.8015,0
3.321,0,49.815,0,3.321,0,49.815,0
3.3219,0,49.8285,0,3.3219,0,49.8285,0
3.3228,0,49.842,0,3.3228,0,49.842,0
3.3237,0,49.8555,0,3.3237,0,49.8555,0
3.3246,0,49.869,0,3.3246,0,49.869,0
3.3255,0,49.8825,0,3.3255,0,49.8825,0
3.3264,0,49.896,0,3.3264,0,49.896,0
3.3273,0,49.9095,0,3.3273,0,49.9095,0
3.3282,0,49.923,0,3.3282,0,49.923,0
3.3291,0,49.9365,0,3.3291,0,49.9365,0
3.33,0,49.95,0,3.33,0,49.95,0
3.3309,0,49.9635,0,3.3309,0,49.9635,0
3.3318,0,49.977,0,3.3318,0,49.977,0
3.3327,0,49.9905,0,3.3327,0,49.9905,0
3.3336,0,50.004,0,3.3336,0,50.004,0
3.3345,0,50.0175,0,3.3345,0,50.0175,0
3.3354,0,50.031,0,3.3354,0,50.031,0
3.3363,0,50.0445,0,3.3363,0,50.0445,0
3.3372,0,50.058,0,3.3372,0,50.058,0
3.3381,0,50.0715,0,3.3381,0,50.0715,0
3.339,0,50.085,0,3.339,0,50.085,0
3.3399,0,50.0985,0,3.3399,0,50.0985,0
3.3408,0,50.112,0,3.3408,0,50.112,0
3.3417,0,50.1255,0,3.3417,0,50.1255,0
3.3426,0,50.139,0,3.3426,0,50.139,0
3.3435,0,50.1525,0,3.3435,0,50.1525,0
3.3444,0,50.166,0,3.3444,0,50.166,0
3.3453,0,50.1795,0,3.3453,0,50.1795,0
3.3462,0,50.193,0,3.3462,0,50.193,0
3.3471,0,50.2065,0,3.3471,0,50.2065,0
3.348,0,50.22,0,3.348,0,50.22,0
3.3489,0,50.2335,0,3.3489,0,50.2335,0
3.3498,0,50.247,0,3.3498,0,50.247,0
3.3507,0,50.2605,0,3.3507,0,50.2605,0
3.3516,0,50.274,0,3.3516,0,50.274,0
3.3525,0,50.2875,0,3.3525,0,50.2875,0
3.3534,0,50.301,0,3.3534,0,50.301,0
3.3543,0,50.3145,0,3.3543,0,50.3145,0
3.3552,0,50.328,0,3.3552,0,50.328,0
3.3561,0,50.3415,0,3.3561,0,50.3415,0
3.357,0,50.355,0,3.357,0,50.355,0
3.3579,0,50.3685,0,3.3579,0,50.3685,0
3.3588,0,50.382,0,3.3588,0,50.382,0
3.3597,0,50.3955,0,3.3597,0,50.3955,0
3.3606,0,50.409,0,3.3606,0,50.409,0
3.3615,0,50.4225,0,3.3615,0,50.4225,0
3.3624,0,50.436,0,3.3624,0,50.436,0
3.3633,0,50.4495,0,3.3633,0,50.4495,0
3.3642,0,50.463,0,3.3642,0,50.463,0
3.3651,0,50.4765,0,3.3651,0,50.4765,0
3.366,0,50.49,0,3.366,0,50.49,0
3.3669,0,50.5035,0,3.3669,0,50.5035,0
3.3678,0,50.517,0,3.3678,0,50.517,0
3.3687,0,50.5305,0,3.3687,0,50.5305,0
3.3696,0,50.544,0,3.3696,0,50.544,0
3.3705,0,50.5575,0,3.3705,0,50.5575,0
3.3714,0,50.571,0,3.3714,0,50.571,0
3.3723,0,50.5845,0,3.3723,0,50.5845,0
3.3732,0,50.598,0,3.3732,0,50.598,0
3.3741,0,50.6115,0,3.3741,0,50.6115,0
3.375,0,50.625,0,3.375,0,50.625,0
3.3759,0,50.6385,0,3.3759,0,50.6385,0
3.3768,0,50.652,0,3.3768,0,50.652,0
3.3777,0,50.6655,0,3.3777,0,50.6655,0
3.3786,0,50.679,0,3.3786,0,50.679,0
3.3795,0,50.6925,0,3.3795,0,50.6925,0
3.3804,0,50.706,0,3.3804,0,50.706,0
3.3813,0,50.7195,0,3.3813,0,50.7195,0
3.3822,0,50.733,0,3.3822,0,50.733,0
3.3831,0,50.7465,0,3.3831,0,50.7465,0
3.384,0,50.76,0,3.384,0,50.76,0
3.3849,0,50.7735,0,3.3849,0,50.7735,0
3.3858,0,50.787,0,3.3858,0,50.787,0
3.3867,0,50.8005,0,3.3867,0,50.8005,0
3.3876,0,50.814,0,3.3876,0,50.814,0
3.3885,0,50.8275,0,3.3885,0,50.8275,0
3.3894,0,50.841,0,3.3894,0,50.841,0
3.3903,0,50.8545,0,3.3903,0,50.8545,0
3.3912,0,50.868,0,3.3912,0,50.868,0
3.3921,0,50.8815,0,3.3921,0,50.8815,0
3.393,0,50.895,0,3.393,0,50.895,0
3.3939,0,50.9085,0,3.3939,0,50.9085,0
3.3948,0,50.922,0,3.3948,0,50.922,0
3.3957,0,50.9355,0,3.3957,0,50.9355,0
3.3966,0,50.949,0,3.3966,0,50.949,0
3.3975,0,50.9625,0,3.3975,0,50.9625,0
3.3984,0,50.976,0,3.3984,0,50.976,0
3.3993,0,50.9895,0,3.3993,0,50.9895,0
3.4002,0,51.003,0,3.4002,0,51.003,0
3.4011,0,51.0165,0,3.4011,0,51.0165,0
3.402,0,51.03,0,3.402,0,51.03,0
3.4029,0,51.0435,0,3.4029,0,51.0435,0
3.4038,0,51.057,0,3.4038,0,51.057,0
3.4047,0,51.0705,0,3.4047,0,51.0705,0
3.4056,0,51.084,0,3.4056,0,51.084,0
3.4065,0,51.0975,0,3.4065,0,51.0975,0
3.4074,0,51.111,0,3.4074,0,51.111,0
3.4083,0,51.1245,0,3.4083,0,51.1245,0
3.4092,0,51.138,0,3.4092,0,51.138,0
3.4101,0,51.1515,0,3.4101,0,51.1515,0
3.411,0,51.165,0,3.411,0,51.165,0
3.4119,0,51.1785,0,3.4119,0,51.1785,0
3.4128,0,51.192,0,3.4128,0,51.192,0
3.4137,0,51.2055,0,3.4137,0,51.2055,0
3.4146,0,51.219,0,3.4146,0,51.219,0
3.4155,0,51.2325,0,3.4155,0,51.2325,0
3.4164,0,51.246,0,3.4164,0,51.246,0
3.4173,0,51.2595,0,3.4173,0,51.2595,0
3.4182,0,51.273,0,3.4182,0,51.273,0
3.4191,0,51.2865,0,3.4191,0,51.2865,0
3.42,0,51.3,0,3.42,0,51.3,0
3.4209,0,51.3135,0,3.4209,0,51.3135,0
3.4218,0,51.327,0,3.4218,0,51.327,0
3.4227,0,51.3405,0,3.4227,0,51.3405,0
3.4236,0,51.354,0,3.4236,0,51.354,0
3.4245,0,51.3675,0,3.4245,0,51.3675,0
3.4254,0,51.381,0,3.4254,0,51.381,0
3.4263,0,51.3945,0,3.4263,0,51.3945,0
3.4272,0,51.408,0,3.4272,0,51.408,0
3.4281,0,51.4215,0,3.4281,0,51.4215,0
3.429,0,51.435,0,3.429,0,51.435,0
3.4299,0,51.4485,0,3.4299,0,51.4485,0
3.4308,0,51.462,0,3.4308,0,51.462,0
3.4317,0,51.4755,0,3.4317,0,51.4755,0
3.4326,0,51.489,0,3.4326,0,51.489,0
3.4335,0,51.5025,0,3.4335,0,51.5025,0
3.4344,0,51.516,0,3.4344,0,51.516,0
3.4353,0,51.5295,0,3.4353,0,51.5295,0
3.4362,0,51.543,0,3.4362,0,51.543,0
3.4371,0,51.5565,0,3.4371,0,51.5565,0
3.438,0,51.57,0,3.438,0,51.57,0
3.4389,0,51.5835,0,3.4389,0,51.5835,0
3.4398,0,51.597,0,3.4398,0,51.597,0
3.4407,0,51.6105,0,3.4407,0,51.6105,0
3.4416,0,51.624,0,3.4416,0,51.624,0
3.4425,0,51.6375,0,3.4425,0,51.6375,0
3.4434,0,51.651,0,3.4434,0,51.651,0
3.4443,0,51.6645,0,3.4443,0,51.6645,0
3.4452,0,51.678,0,3.4452,0,51.678,0
3.4461,0,51.6915,0,3.4461,0,51.6915,0
3.447,0,51.705,0,3.447,0,51.705,0
3.4479,0,51.7185,0,3.4479,0,51.7185,0
3.4488,0,51.732,0,3.4488,0,51.732,0
3.4497,0,51.7455,0,3.4497,0,51.7455,0
3.4506,0,51.759,0,3.4506,0,51.759,0
3.4515,0,51.7725,0,3.4515,0,51.7725,0
3.4524,0,51.786,0,3.4524,0,51.786,0
3.4533,0,51.7995,0,3.4533,0,51.7995,0
3.4542,0,51.813,0,3.4542,0,51.813,0
3.4551,0,51.8265,0,3.4551,0,51.8265,0
3.456,0,51.84,0,3.456,0,51.84,0
3.4569,0,51.8535,0,3.4569,0,51.8535,0
3.4578,0,51.867,0,3.4578,0,51.867,0
3.4587,0,51.8805,0,3.4587,0,51.8805,0
3.4596,0,51.894,0,3.4596,0,51.894,0
3.4605,0,51.9075,0,3.4605,0,51.9075,0
3.4614,0,51.921,0,3.4614,0,51.921,0
3.4623,0,51.9345,0,3.4623,0,51.9345,0
3.4632,0,51.948,0,3.4632,0,51.948,0
3.4641,0,51.9615,0,3.4641,0,51.9615,0
3.465,0,51.975,0,3.465,0,51.975,0
3.4659,0,51.9885,0,3.4659,0,51.9885,0
3.4668,0,52.002,0,3.4668,0,52.002,0
3.4677,0,52.0155,0,3.4677,0,52.0155,0
3.4686,0,52.029,0,3.4686,0,52.029,0
3.4695,0,52.0425,0,3.4695,0,52.0425,0
3.4704,0,52.056,0,3.4704,0,52.056,0
3.4713,0,52.0695,0,3.4713,0,52.0695,0
3.4722,0,52.083,0,3.4722,0,52.083,0
3.4731,0,52.0965,0,3.4731,0,52.0965,0
3.474,0,52.11,0,3.474,0,52.11,0
3.4749,0,52.1235,0,3.4749,0,52.1235,0
3.4758,0,52.137,0,3.4758,0,52.137,0
3.4767,0,52.1505,0,3.4767,0,52.1505,0
3.4776,0,52.164,0,3.4776,0,52.164,0
3.4785,0,52.1775,0,3.4785,0,52.1775,0
3.4794,0,52.191,0,3.4794,0,52.191,0
3.4803,0,52.2045,0,3.4803,0,52.2045,0
3.4812,0,52.218,0,3.4812,0,52.218,0
3.4821,0,52.2315,0,3.4821,0,52.2315,0
3.483,0,52.245,0,3.483,0,52.245,0
3.4839,0,52.2585,0,3.4839,0,52.2585,0
3.4848,0,52.272,0,3.4848,0,52.272,0
3.4857,0,52.2855,0,3.4857,0,52.2855,0
3.4866,0,52.299,0,3.4866,0,52.299,0
3.4875,0,52.3125,0,3.4875,0,52.3125,0
3.4884,0,52.326,0,3.4884,0,52.326,0
3.4893,0,52.3395,0,3.4893,0,52.3395,0
3.4902,0,52.353,0,3.4902,0,52.353,0
3.4911,0,52.3665,0,3.4911,0,52.3665,0
3.492,0,52.38,0,3.492,0,52.38,0
3.4929,0,52.3935,0,3.4929,0,52.3935,0
3.4938,0,52.407,0,3.4938,0,52.407,0
3.4947,0,52.4205,0,3.4947,0,52.4205,0
3.4956,0,52.434,0,3.4956,0,52.434,0
