X[s],"Trigno IM sensor 3: EMG 3 (IM)",X[s],"Trigno IM sensor 3: Mag 3.Z (IM)",X[s],"Trigno IM sensor 4: EMG 4 (IM)",X[s],"Trigno IM sensor 4: Mag 4.Z (IM)"
0.000000,-8.392462E-06,0.000000,45,0.000000,-2.618448E-05,0.000000,106
0.0009,-5.404745E-05,0.0135,46,0.0009,3.189136E-05,0.0135,107
0.0018,-0.0001077592,0.027,46,0.0018,3.927672E-05,0.027,106
0.0027,-7.486076E-05,0.0405,45,0.0027,2.349889E-05,0.0405,104
0.0036,-2.920577E-05,0.054,45,0.0036,-1.980621E-05,0.054,107
0.0045,-2.853437E-05,0.0675,44,0.0045,-3.256275E-05,0.0675,104
0.0054,-9.701686E-05,0.081,44,0.0054,-1.846342E-05,0.081,108
0.0063,-3.491264E-05,0.0945,46,0.0063,-2.987716E-05,0.0945,105
0.0072,-3.356985E-07,0.108,45,0.0072,-9.735256E-06,0.108,103
0.0081,-4.699779E-05,0.1215,45,0.0081,-2.450599E-05,0.1215,108
0.009000001,-3.356985E-07,0.135,45,0.009000001,-3.457694E-05,0.135,107
0.0099,-3.356985E-07,0.1485,45,0.0099,-2.685588E-06,0.1485,105
0.0108,-2.18204E-05,0.162,46,0.0108,-2.584878E-05,0.162,106
0.0117,2.786297E-05,0.1755,44,0.0117,-5.069047E-05,0.1755,104
0.0126,2.383459E-05,0.189,45,0.0126,-5.941863E-05,0.189,106
0.0135,-3.256275E-05,0.2025,43,0.0135,-4.733349E-05,0.2025,106
0.0144,1.376364E-05,0.216,44,0.0144,-5.807584E-05,0.216,104
0.0153,8.392462E-06,0.2295,44,0.0153,-9.735256E-06,0.2295,106
0.0162,3.961242E-05,0.243,44,0.0162,-2.517739E-05,0.243,107
0.0171,-7.049668E-06,0.2565,43,0.0171,-7.049668E-05,0.2565,106
0.018,3.927672E-05,0.27,44,0.018,-4.095522E-05,0.27,106
0.0189,4.33051E-05,0.2835,45,0.0189,-2.28275E-05,0.2835,106
0.0198,3.054856E-05,0.297,43,0.0198,-1.443504E-05,0.297,102
0.0207,7.083238E-05,0.3105,43,0.0207,-1.510643E-05,0.3105,109
0.0216,4.632639E-05,0.324,45,0.0216,-1.443504E-05,0.324,109
0.0225,-1.174945E-05,0.3375,45,0.0225,-7.049668E-06,0.3375,108
0.0234,-3.826963E-05,0.351,45,0.0234,-1.577783E-05,0.351,111
0.0243,-3.054856E-05,0.3645,43,0.0243,-1.141375E-05,0.3645,105
0.0252,1.779202E-05,0.378,43,0.0252,1.913481E-05,0.378,106
0.0261,1.309224E-05,0.3915,43,0.0261,8.056763E-06,0.3915,106
0.027,8.224613E-05,0.405,42,0.027,1.342794E-06,0.405,103
0.0279,1.242084E-05,0.4185,43,0.0279,-2.719158E-05,0.4185,108
0.0288,5.001907E-05,0.432,42,0.0288,-5.337606E-05,0.432,109
0.0297,7.083238E-05,0.4455,42,0.0297,8.728161E-06,0.4455,107
0.0306,-0.0001534142,0.459,42,0.0306,-3.021286E-06,0.459,104
0.0315,-0.0001050736,0.4725,42,0.0315,-4.33051E-05,0.4725,108
0.0324,1.980621E-05,0.486,42,0.0324,-6.814679E-05,0.486,104
0.0333,-7.284657E-05,0.4995,43,0.0333,2.920577E-05,0.4995,108
0.0342,-8.96315E-05,0.513,42,0.0342,-4.36408E-06,0.513,109
0.0351,7.620356E-05,0.5265,41,0.0351,-0.0001104448,0.5265,107
0.036,-1.040665E-05,0.54,42,0.036,-3.356985E-07,0.54,106
0.0369,5.706874E-05,0.5535,42,0.0369,-3.021286E-06,0.5535,103
0.0378,0.000144686,0.567,41,0.0378,-9.433127E-05,0.567,106
0.0387,0.0001258869,0.5805,42,0.0387,-4.46479E-05,0.5805,108
0.0396,-2.18204E-05,0.594,41,0.0396,9.399558E-06,0.594,108
0.0405,-4.666209E-05,0.6075,40,0.0405,-3.591974E-05,0.6075,109
0.0414,1.174945E-05,0.621,41,0.0414,-3.927672E-05,0.621,110
0.0423,2.383459E-05,0.6345,43,0.0423,-9.332418E-05,0.6345,108
0.0432,-1.107805E-05,0.648,40,0.0432,-2.383459E-05,0.648,107
0.0441,-7.284657E-05,0.6615,41,0.0441,-2.887007E-05,0.6615,107
0.045,-9.164568E-05,0.675,40,0.045,-6.881819E-05,0.675,107
0.0459,6.378271E-06,0.6885,41,0.0459,-6.076142E-05,0.6885,108
0.0468,-9.399558E-06,0.702,40,0.0468,1.040665E-05,0.702,106
0.0477,-6.277562E-05,0.7155,40,0.0477,-2.786297E-05,0.7155,109
0.0486,1.376364E-05,0.729,41,0.0486,-8.761731E-05,0.729,107
0.0495,-5.606165E-05,0.7425,40,0.0495,3.826963E-05,0.7425,106
0.0504,-2.24918E-05,0.756,42,0.0504,3.659113E-05,0.756,109
0.0513,2.517739E-05,0.7695,42,0.0513,-4.162661E-05,0.7695,106
0.0522,-5.069047E-05,0.783,42,0.0522,-2.920577E-05,0.783,107
0.0531,-8.493171E-05,0.7965,42,0.0531,4.800488E-05,0.7965,108
0.054,-5.069047E-05,0.81,42,0.054,4.129091E-05,0.81,106
0.0549,-2.618448E-05,0.8235,41,0.0549,3.189136E-05,0.8235,105
0.0558,0.0001017166,0.837,42,0.0558,-3.625543E-05,0.837,106
0.0567,6.411841E-05,0.8505,42,0.0567,3.390555E-05,0.8505,107
0.0576,4.263371E-05,0.864,42,0.0576,3.759823E-05,0.864,111
0.0585,7.217517E-05,0.8775,42,0.0585,-4.229801E-05,0.8775,106
0.0594,8.89601E-05,0.891,41,0.0594,-6.210422E-05,0.891,106
0.0603,-0.0001030594,0.9045,43,0.0603,3.961242E-05,0.9045,103
0.0612,-5.404745E-05,0.918,43,0.0612,2.484169E-05,0.918,105
0.0621,9.802396E-05,0.9315,42,0.0621,-7.183947E-05,0.9315,108
0.063,9.063859E-06,0.945,39,0.063,4.46479E-05,0.945,109
0.0639,-7.956054E-05,0.9585,41,0.0639,3.860533E-05,0.9585,107
0.0648,5.807584E-05,0.972,40,0.0648,-6.881819E-05,0.972,106
0.0657,0.0001312581,0.9855,40,0.0657,3.927672E-05,0.9855,104
0.0666,-4.43122E-05,0.999,41,0.0666,9.634547E-05,0.999,105
0.0675,1.947051E-05,1.0125,41,0.0675,7.217517E-05,1.0125,108
0.0684,1.510643E-05,1.026,39,0.0684,2.014191E-05,1.026,106
0.0693,-4.632639E-05,1.0395,40,0.0693,-4.49836E-05,1.0395,107
0.0702,-4.599069E-05,1.053,39,0.0702,5.069047E-05,1.053,105
0.0711,-0.0001426719,1.0665,39,0.0711,-6.713969E-07,1.0665,108
0.072,-0.0001359579,1.08,39,0.072,-3.692683E-05,1.08,106
0.0729,-4.766919E-05,1.0935,38,0.0729,-3.155566E-05,1.0935,108
0.07380001,-0.0001027237,1.107,37,0.07380001,3.894102E-05,1.107,105
0.07470001,-5.941863E-05,1.1205,36,0.07470001,-1.779202E-05,1.1205,104
0.0756,6.948959E-05,1.134,37,0.0756,-9.802396E-05,1.134,104
0.0765,-1.510643E-05,1.1475,37,0.0765,1.007095E-05,1.1475,106
0.0774,-1.678492E-06,1.161,36,0.0774,3.356985E-05,1.161,107
0.0783,-1.712062E-05,1.1745,35,0.0783,-6.478981E-05,1.1745,102
0.0792,9.567407E-05,1.188,37,0.0792,-3.390555E-05,1.188,105
0.0801,-2.685588E-06,1.2015,37,0.0801,2.014191E-06,1.2015,105
0.081,-5.404745E-05,1.215,37,0.081,-3.256275E-05,1.215,102
0.0819,7.385367E-06,1.2285,38,0.0819,-3.457694E-05,1.2285,104
0.0828,6.143282E-05,1.242,38,0.0828,-9.768826E-05,1.242,105
0.0837,3.356985E-06,1.2555,38,0.0837,-3.054856E-05,1.2555,104
0.0846,-1.141375E-05,1.269,39,0.0846,-2.685588E-06,1.269,104
0.0855,1.409934E-05,1.2825,39,0.0855,-2.920577E-05,1.2825,111
0.0864,6.713969E-06,1.296,39,0.0864,-4.834058E-05,1.296,110
0.0873,-6.57969E-05,1.3095,40,0.0873,6.344701E-05,1.3095,101
0.0882,-4.867628E-05,1.323,40,0.0882,9.399558E-06,1.323,105
0.0891,0.0001050736,1.3365,40,0.0891,-7.553216E-05,1.3365,105
0.09,-8.291753E-05,1.35,40,0.09,2.652018E-05,1.35,105
0.0909,-0.0001174945,1.3635,40,0.0909,2.652018E-05,1.3635,107
0.0918,-4.46479E-05,1.377,40,0.0918,-0.0001020523,1.377,107
0.0927,-3.121996E-05,1.3905,41,0.0927,-6.009003E-05,1.3905,103
0.0936,-6.64683E-05,1.404,39,0.0936,1.174945E-05,1.404,106
0.09450001,-5.169757E-05,1.4175,38,0.09450001,-3.961242E-05,1.4175,104
0.09540001,-8.627451E-05,1.431,39,0.09540001,-7.553216E-05,1.431,104
0.09630001,2.383459E-05,1.4445,39,0.09630001,-0.0001168231,1.4445,103
0.0972,7.754635E-05,1.458,39,0.0972,-1.443504E-05,1.458,103
0.0981,-8.96315E-05,1.4715,37,0.0981,6.378271E-06,1.4715,106
0.099,-2.047761E-05,1.485,38,0.099,-3.189136E-05,1.485,107
0.0999,0.0001255512,1.4985,40,0.0999,-5.438316E-05,1.4985,105
0.1008,-6.57969E-05,1.512,39,0.1008,2.349889E-05,1.512,106
0.1017,-2.887007E-05,1.5255,39,0.1017,-2.383459E-05,1.5255,102
0.1026,0.0001634852,1.539,39,0.1026,-9.735256E-05,1.539,107
0.1035,-6.378271E-06,1.5525,39,0.1035,3.021286E-06,1.5525,105
0.1044,3.558404E-05,1.566,39,0.1044,-2.349889E-05,1.566,104
0.1053,0.0001436789,1.5795,40,0.1053,-0.0001121233,1.5795,102
0.1062,-2.584878E-05,1.593,41,0.1062,-3.558404E-05,1.593,104
0.1071,-0.0001346151,1.6065,41,0.1071,1.107805E-05,1.6065,104
0.108,-2.316319E-05,1.62,40,0.108,-2.450599E-05,1.62,108
0.1089,-2.987716E-05,1.6335,40,0.1089,-3.692683E-05,1.6335,104
0.1098,2.551309E-05,1.647,40,0.1098,-8.157473E-05,1.647,105
0.1107,6.143282E-05,1.6605,41,0.1107,-9.399558E-06,1.6605,105
0.1116,0.0001265583,1.674,41,0.1116,-7.385367E-06,1.674,107
0.1125,6.411841E-05,1.6875,39,0.1125,-8.224613E-05,1.6875,105
0.1134,4.46479E-05,1.701,39,0.1134,-8.258183E-05,1.701,105
0.1143,-1.242084E-05,1.7145,39,0.1143,1.376364E-05,1.7145,100
0.1152,-5.706874E-06,1.728,39,0.1152,-5.371176E-06,1.728,101
0.1161,4.733349E-05,1.7415,40,0.1161,-9.735256E-05,1.7415,106
0.117,-1.544213E-05,1.755,39,0.117,3.524834E-05,1.755,108
0.1179,-5.908293E-05,1.7685,39,0.1179,3.692683E-05,1.7685,105
0.1188,-8.056763E-06,1.782,40,0.1188,-6.881819E-05,1.782,104
0.1197,-4.599069E-05,1.7955,39,0.1197,-1.074235E-05,1.7955,104
0.1206,-0.0001322652,1.809,39,0.1206,3.424125E-05,1.809,105
0.1215,-8.258183E-05,1.8225,38,0.1215,-1.107805E-05,1.8225,102
0.1224,-4.229801E-05,1.836,37,0.1224,-1.644922E-05,1.836,103
0.1233,1.678492E-06,1.8495,38,0.1233,-6.54612E-05,1.8495,103
0.1242,3.424125E-05,1.863,37,0.1242,1.141375E-05,1.863,106
0.1251,1.007095E-06,1.8765,38,0.1251,3.424125E-05,1.8765,105
0.126,3.289845E-05,1.89,37,0.126,-5.035477E-06,1.89,104
0.1269,7.083238E-05,1.9035,39,0.1269,1.309224E-05,1.9035,103
0.1278,-1.779202E-05,1.917,39,0.1278,8.661021E-05,1.917,104
0.1287,5.069047E-05,1.9305,38,0.1287,3.894102E-05,1.9305,108
0.1296,7.418937E-05,1.944,38,0.1296,-5.471885E-05,1.944,104
0.1305,-5.941863E-05,1.9575,38,0.1305,6.411841E-05,1.9575,106
0.1314,-3.961242E-05,1.971,37,0.1314,2.484169E-05,1.971,107
0.1323,3.524834E-05,1.9845,37,0.1323,-7.150377E-05,1.9845,101
0.1332,-6.344701E-05,1.998,36,0.1332,-1.443504E-05,1.998,105
0.1341,-0.0001131304,2.0115,37,0.1341,2.853437E-05,2.0115,104
0.135,1.443504E-05,2.025,37,0.135,1.174945E-05,2.025,106
0.1359,-6.378271E-05,2.0385,38,0.1359,-1.477073E-05,2.0385,103
0.1368,-1.678492E-06,2.052,38,0.1368,-9.231708E-05,2.052,106
0.1377,5.203327E-05,2.0655,37,0.1377,-5.706874E-06,2.0655,105
0.1386,-0.0001742275,2.079,37,0.1386,6.378271E-06,2.079,104
0.1395,-0.0001215228,2.0925,37,0.1395,-5.438316E-05,2.0925,104
0.1404,1.644922E-05,2.106,37,0.1404,-6.948959E-05,2.106,102
0.1413,-9.701686E-05,2.1195,37,0.1413,2.316319E-05,2.1195,103
0.1422,-9.701686E-05,2.133,36,0.1422,-1.309224E-05,2.133,103
0.1431,6.411841E-05,2.1465,37,0.1431,-0.0001178302,2.1465,106
0.144,-5.270466E-05,2.16,35,0.144,-1.510643E-05,2.16,106
0.1449,-6.042573E-06,2.1735,36,0.1449,-2.18204E-05,2.1735,106
0.1458,6.143282E-05,2.187,38,0.1458,-0.0001205158,2.187,104
0.1467,0.0002195468,2.2005,37,0.1467,-3.591974E-05,2.2005,102
0.1476,-1.678492E-06,2.214,38,0.1476,7.721065E-06,2.214,101
0.1485,-1.477073E-05,2.2275,37,0.1485,-3.793393E-05,2.2275,110
0.1494,4.129091E-05,2.241,37,0.1494,-3.256275E-05,2.241,104
0.1503,4.061952E-05,2.2545,38,0.1503,-9.063859E-05,2.2545,106
0.1512,-5.069047E-05,2.268,36,0.1512,1.846342E-05,2.268,106
0.1521,-0.0001413291,2.2815,38,0.1521,-2.517739E-05,2.2815,106
0.153,-8.291753E-05,2.295,37,0.153,-6.881819E-05,2.295,103
0.1539,0,2.3085,36,0.1539,-4.36408E-05,2.3085,106
0.1548,-2.853437E-05,2.322,37,0.1548,4.53193E-05,2.322,104
0.1557,-7.083238E-05,2.3355,36,0.1557,2.652018E-05,2.3355,107
0.1566,6.411841E-05,2.349,36,0.1566,-4.666209E-05,2.349,106
0.1575,-3.121996E-05,2.3625,37,0.1575,6.74754E-05,2.3625,98
0.1584,7.217517E-05,2.376,37,0.1584,6.915389E-05,2.376,106
0.1593,0.000115816,2.3895,37,0.1593,-1.712062E-05,2.3895,105
0.1602,-7.150377E-05,2.403,37,0.1602,-1.376364E-05,2.403,106
0.1611,-8.157473E-05,2.4165,37,0.1611,4.666209E-05,2.4165,106
0.162,-7.150377E-05,2.43,36,0.162,1.007095E-05,2.43,106
0.1629,-4.061952E-05,2.4435,37,0.1629,-1.141375E-05,2.4435,107
0.1638,0.0001017166,2.457,36,0.1638,-4.733349E-05,2.457,105
0.1647,4.263371E-05,2.4705,37,0.1647,1.947051E-05,2.4705,104
0.1656,6.54612E-05,2.484,37,0.1656,2.719158E-05,2.484,107
0.1665,0.0001232013,2.4975,37,0.1665,-4.196231E-05,2.4975,103
0.1674,8.560311E-05,2.511,37,0.1674,-5.404745E-05,2.511,103
0.1683,-7.586786E-05,2.5245,36,0.1683,6.243992E-05,2.5245,104
0.1692,-7.385367E-06,2.538,38,0.1692,2.1149E-05,2.538,106
0.1701,0.0001473716,2.5515,37,0.1701,-9.097429E-05,2.5515,107
0.171,-6.009003E-05,2.565,35,0.171,3.256275E-05,2.565,103
0.1719,-5.270466E-05,2.5785,37,0.1719,-1.409934E-05,2.5785,106
0.1728,8.996719E-05,2.592,36,0.1728,-0.000115816,2.592,102
0.1737,-0.0001111162,2.6055,36,0.1737,-4.29694E-05,2.6055,104
0.1746,-0.0001661708,2.619,38,0.1746,1.644922E-05,2.619,104
0.1755,-2.652018E-05,2.6325,36,0.1755,-2.920577E-05,2.6325,107
0.1764,-3.793393E-05,2.646,37,0.1764,-3.994812E-05,2.646,103
0.1773,-9.063859E-06,2.6595,36,0.1773,-9.164568E-05,2.6595,104
0.1782,3.726253E-05,2.673,36,0.1782,-1.745632E-05,2.673,105
0.1791,-7.150377E-05,2.6865,37,0.1791,-5.539025E-05,2.6865,105
0.18,-5.438316E-05,2.7,36,0.18,-8.560311E-05,2.7,104
0.1809,1.947051E-05,2.7135,37,0.1809,-6.915389E-05,2.7135,104
0.1818,-2.517739E-05,2.727,37,0.1818,3.424125E-05,2.727,106
0.1827,-2.719158E-05,2.7405,38,0.1827,-6.713969E-07,2.7405,105
0.1836,0.0001104448,2.754,37,0.1836,-9.735256E-05,2.754,108
0.1845,2.584878E-05,2.7675,36,0.1845,3.088426E-05,2.7675,103
0.1854,3.726253E-05,2.781,37,0.1854,5.438316E-05,2.781,105
0.1863,9.433127E-05,2.7945,36,0.1863,-5.572595E-05,2.7945,106
0.1872,6.076142E-05,2.808,37,0.1872,-1.678492E-06,2.808,105
0.1881,-0.0001322652,2.8215,37,0.1881,4.934768E-05,2.8215,106
0.189,-5.673304E-05,2.835,39,0.189,1.745632E-05,2.835,108
0.1899,3.189136E-05,2.8485,37,0.1899,1.174945E-05,2.8485,100
0.1908,-7.385367E-06,2.862,37,0.1908,-4.196231E-05,2.862,107
0.1917,3.256275E-05,2.8755,38,0.1917,3.659113E-05,2.8755,101
0.1926,8.224613E-05,2.889,37,0.1926,1.309224E-05,2.889,103
0.1935,0.0001114519,2.9025,38,0.1935,-6.076142E-05,2.9025,106
0.1944,6.344701E-05,2.916,38,0.1944,-4.901198E-05,2.916,106
0.1953,-5.236896E-05,2.9295,38,0.1953,4.46479E-05,2.9295,104
0.1962,-1.376364E-05,2.943,38,0.1962,-2.450599E-05,2.943,104
0.1971,7.620356E-05,2.9565,39,0.1971,-0.000109102,2.9565,101
0.198,-3.524834E-05,2.97,37,0.198,-9.735256E-06,2.97,104
0.1989,-5.203327E-05,2.9835,38,0.1989,1.980621E-05,2.9835,102
0.1998,-7.956054E-05,2.997,37,0.1998,-8.157473E-05,2.997,106
0.2007,-3.088426E-05,3.0105,39,0.2007,-4.36408E-05,3.0105,105
0.2016,-5.404745E-05,3.024,0,0.2016,1.208515E-05,3.024,0
0.2025,-8.795301E-05,3.0375,0,0.2025,-4.33051E-05,3.0375,0
0.2034,-6.74754E-05,3.051,0,0.2034,-4.800488E-05,3.051,0
0.2043,1.141375E-05,3.0645,0,0.2043,-9.567407E-05,3.0645,0
0.2052,3.356985E-06,3.078,0,0.2052,-9.399558E-06,3.078,0
0.2061,3.726253E-05,3.0915,0,0.2061,-3.826963E-05,3.0915,0
0.207,2.1149E-05,3.105,0,0.207,-6.143282E-05,3.105,0
0.2079,9.869535E-05,3.1185,0,0.2079,-6.881819E-05,3.1185,0
0.2088,-6.915389E-05,3.132,0,0.2088,3.390555E-05,3.132,0
0.2097,-5.169757E-05,3.1455,0,0.2097,1.678492E-06,3.1455,0
0.2106,0.0001258869,3.159,0,0.2106,-8.526741E-05,3.159,0
0.2115,-7.150377E-05,3.1725,0,0.2115,2.081331E-05,3.1725,0
0.2124,-9.735256E-05,3.186,0,0.2124,3.256275E-05,3.186,0
0.2133,5.706874E-06,3.1995,0,0.2133,-4.934768E-05,3.1995,0
0.2142,-0.0001198444,3.213,0,0.2142,1.678492E-05,3.213,0
0.2151,-0.0001789273,3.2265,0,0.2151,3.994812E-05,3.2265,0
0.216,-6.344701E-05,3.24,0,0.216,-7.049668E-06,3.24,0
0.2169,-4.599069E-05,3.2535,0,0.2169,-2.719158E-05,3.2535,0
0.2178,9.063859E-06,3.267,0,0.2178,-8.89601E-05,3.267,0
0.2187,4.43122E-05,3.2805,0,0.2187,-1.174945E-05,3.2805,0
0.2196,0.0001211871,3.294,0,0.2196,-1.980621E-05,3.294,0
0.2205,3.155566E-05,3.3075,0,0.2205,-7.016098E-05,3.3075,0
0.2214,7.284657E-05,3.321,0,0.2214,-6.814679E-05,3.321,0
0.2223,1.376364E-05,3.3345,0,0.2223,1.812772E-05,3.3345,0
0.2232,-1.342794E-06,3.348,0,0.2232,-1.409934E-05,3.348,0
0.2241,6.814679E-05,3.3615,0,0.2241,-0.0001178302,3.3615,0
0.225,-1.745632E-05,3.375,0,0.225,1.913481E-05,3.375,0
0.2259,-0.0001178302,3.3885,0,0.2259,4.867628E-05,3.3885,0
0.2268,-3.390555E-05,3.402,0,0.2268,-6.6804E-05,3.402,0
0.2277,0.0001500572,3.4155,0,0.2277,-1.678492E-06,3.4155,0
0.2286,-7.284657E-05,3.429,0,0.2286,7.150377E-05,3.429,0
0.2295,-3.289845E-05,3.4425,0,0.2295,9.063859E-06,3.4425,0
0.2304,4.36408E-06,3.456,0,0.2304,6.378271E-06,3.456,0
0.2313,6.51255E-05,3.4695,0,0.2313,-3.424125E-05,3.4695,0
0.2322,-1.040665E-05,3.483,0,0.2322,1.208515E-05,3.483,0
0.2331,-9.298848E-05,3.4965,0,0.2331,3.726253E-05,3.4965,0
0.234,-6.378271E-06,3.51,0,0.234,-2.383459E-05,3.51,0
0.2349,1.779202E-05,3.5235,0,0.2349,-2.18204E-05,3.5235,0
0.2358,-7.150377E-05,3.537,0,0.2358,5.706874E-05,3.537,0
0.2367,1.242084E-05,3.5505,0,0.2367,2.819867E-05,3.5505,0
0.2376,5.673304E-05,3.564,0,0.2376,-5.169757E-05,3.564,0
0.2385,-5.371176E-05,3.5775,0,0.2385,4.49836E-05,3.5775,0
0.2394,-6.948959E-05,3.591,0,0.2394,4.162661E-05,3.591,0
0.2403,-5.371176E-05,3.6045,0,0.2403,-5.404745E-05,3.6045,0
0.2412,-5.606165E-05,3.618,0,0.2412,9.735256E-06,3.618,0
0.2421,-9.231708E-05,3.6315,0,0.2421,3.155566E-05,3.6315,0
0.243,-2.383459E-05,3.645,0,0.243,-3.692683E-06,3.645,0
0.2439,-6.61326E-05,3.6585,0,0.2439,-2.383459E-05,3.6585,0
0.2448,1.779202E-05,3.672,0,0.2448,-7.821774E-05,3.672,0
0.2457,0.0001037308,3.6855,0,0.2457,-1.040665E-05,3.6855,0
0.2466,2.887007E-05,3.699,0,0.2466,-1.376364E-05,3.699,0
0.2475,4.968337E-05,3.7125,0,0.2475,-8.325322E-05,3.7125,0
0.2484,0.0001299153,3.726,0,0.2484,-8.627451E-05,3.726,0
0.2493,-1.846342E-05,3.7395,0,0.2493,2.349889E-05,3.7395,0
0.2502,-3.021286E-05,3.753,0,0.2502,-9.399558E-06,3.753,0
0.2511,0.0001060807,3.7665,0,0.2511,-0.0001064164,3.7665,0
0.252,-3.894102E-05,3.78,0,0.252,2.383459E-05,3.78,0
0.2529,-5.874724E-05,3.7935,0,0.2529,3.189136E-05,3.7935,0
0.2538,2.584878E-05,3.807,0,0.2538,-6.848249E-05,3.807,0
0.2547,-2.081331E-05,3.8205,0,0.2547,-3.289845E-05,3.8205,0
0.2556,-0.0001641566,3.834,0,0.2556,2.24918E-05,3.834,0
0.2565,-8.459602E-05,3.8475,0,0.2565,6.713969E-06,3.8475,0
0.2574,3.356985E-07,3.861,0,0.2574,-3.021286E-06,3.861,0
0.2583,1.242084E-05,3.8745,0,0.2583,-5.539025E-05,3.8745,0
0.2592,3.692683E-06,3.888,0,0.2592,3.927672E-05,3.888,0
0.2601,-5.841154E-05,3.9015,0,0.2601,1.644922E-05,3.9015,0
0.261,-5.539025E-05,3.915,0,0.261,-2.417029E-05,3.915,0
0.2619,2.853437E-05,3.9285,0,0.2619,-2.383459E-05,3.9285,0
0.2628,-1.242084E-05,3.942,0,0.2628,4.53193E-05,3.942,0
0.2637,-5.404745E-05,3.9555,0,0.2637,3.021286E-06,3.9555,0
0.2646,9.097429E-05,3.969,0,0.2646,-7.821774E-05,3.969,0
0.2655,5.035477E-06,3.9825,0,0.2655,1.040665E-05,3.9825,0
0.2664,8.224613E-05,3.996,0,0.2664,1.309224E-05,3.996,0
0.2673,6.64683E-05,4.0095,0,0.2673,-6.411841E-05,4.0095,0
0.2682,2.081331E-05,4.023,0,0.2682,-3.692683E-05,4.023,0
0.2691,-4.867628E-05,4.0365,0,0.2691,2.1149E-05,4.0365,0
0.27,-1.007095E-05,4.05,0,0.27,-1.879912E-05,4.05,0
0.2709,2.954147E-05,4.0635,0,0.2709,-2.450599E-05,4.0635,0
0.2718,0.0001262226,4.077,0,0.2718,-8.560311E-05,4.077,0
0.2727,1.980621E-05,4.0905,0,0.2727,-2.584878E-05,4.0905,0
0.2736,-5.673304E-05,4.104,0,0.2736,-2.450599E-05,4.104,0
0.2745,4.196231E-05,4.1175,0,0.2745,-9.164568E-05,4.1175,0
0.2754,1.409934E-05,4.131,0,0.2754,-8.761731E-05,4.131,0
0.2763,-8.69459E-05,4.1445,0,0.2763,4.028382E-06,4.1445,0
0.2772,2.719158E-05,4.158,0,0.2772,-2.685588E-05,4.158,0
0.2781,9.533837E-05,4.1715,0,0.2781,-0.0001054093,4.1715,0
0.279,-8.258183E-05,4.185,0,0.279,5.035477E-06,4.185,0
0.2799,-7.049668E-06,4.1985,0,0.2799,-8.728161E-06,4.1985,0
0.2808,8.023193E-05,4.212,0,0.2808,-8.493171E-05,4.212,0
0.2817,7.486076E-05,4.2255,0,0.2817,-7.385367E-06,4.2255,0
0.2826,-1.544213E-05,4.239,0,0.2826,5.337606E-05,4.239,0
0.2835,4.733349E-05,4.2525,0,0.2835,1.342794E-06,4.2525,0
0.2844,1.007095E-05,4.266,0,0.2844,-1.309224E-05,4.266,0
0.2853,6.109713E-05,4.2795,0,0.2853,-6.277562E-05,4.2795,0
0.2862,2.349889E-06,4.293,0,0.2862,1.242084E-05,4.293,0
0.2871,-9.903105E-05,4.3065,0,0.2871,1.309224E-05,4.3065,0
0.288,-4.867628E-05,4.32,0,0.288,-3.894102E-05,4.32,0
0.2889,1.309224E-05,4.3335,0,0.2889,-4.565499E-05,4.3335,0
0.2898,-6.71397E-05,4.347,0,0.2898,2.014191E-05,4.347,0
0.2907,-0.0001255512,4.3605,0,0.2907,1.040665E-05,4.3605,0
0.2916,3.155566E-05,4.374,0,0.2916,-8.89601E-05,4.374,0
0.2925,1.812772E-05,4.3875,0,0.2925,2.24918E-05,4.3875,0
0.2934,-0.0001258869,4.401,0,0.2934,-4.36408E-06,4.401,0
0.2943,-5.941863E-05,4.4145,0,0.2943,-8.090334E-05,4.4145,0
0.2952,7.217517E-05,4.428,0,0.2952,-9.735256E-06,4.428,0
0.2961,-8.627451E-05,4.4415,0,0.2961,1.309224E-05,4.4415,0
0.297,-4.263371E-05,4.455,0,0.297,-1.712062E-05,4.455,0
0.2979,-6.042573E-06,4.4685,0,0.2979,-2.819867E-05,4.4685,0
0.2988,-3.826963E-05,4.482,0,0.2988,-0.0001010452,4.482,0
0.2997,-4.39765E-05,4.4955,0,0.2997,-1.846342E-05,4.4955,0
0.3006,-0.0001836271,4.509,0,0.3006,-5.371176E-06,4.509,0
0.3015,-5.169757E-05,4.5225,0,0.3015,-5.807584E-05,4.5225,0
0.3024,-3.356985E-07,4.536,0,0.3024,-7.183947E-05,4.536,0
0.3033,-8.69459E-05,4.5495,0,0.3033,4.028382E-06,4.5495,0
0.3042,-4.968337E-05,4.563,0,0.3042,-3.659113E-05,4.563,0
0.3051,5.841154E-05,4.5765,0,0.3051,-8.795301E-05,4.5765,0
0.306,-9.735256E-06,4.59,0,0.306,2.853437E-05,4.59,0
0.3069,7.956054E-05,4.6035,0,0.3069,1.174945E-05,4.6035,0
0.3078,7.016098E-05,4.617,0,0.3078,-9.634547E-05,4.617,0
0.3087,4.666209E-05,4.6305,0,0.3087,-2.014191E-05,4.6305,0
0.3096,3.424125E-05,4.644,0,0.3096,2.517739E-05,4.644,0
0.3105,-3.289845E-05,4.6575,0,0.3105,-1.611353E-05,4.6575,0
0.3114,5.035477E-06,4.671,0,0.3114,1.678492E-06,4.671,0
0.3123,0.0001238727,4.6845,0,0.3123,-4.867628E-05,4.6845,0
0.3132,-1.980621E-05,4.698,0,0.3132,2.987716E-05,4.698,0
0.3141,-0.000119173,4.7115,0,0.3141,3.054856E-05,4.7115,0
0.315,3.021286E-06,4.725,0,0.315,3.356985E-07,4.725,0
0.3159,3.726253E-05,4.7385,0,0.3159,-2.383459E-05,4.7385,0
0.3168,-0.0001272297,4.752,0,0.3168,6.109713E-05,4.752,0
0.3177,-7.351797E-05,4.7655,0,0.3177,2.383459E-05,4.7655,0
0.3186,9.903105E-05,4.779,0,0.3186,-5.639734E-05,4.779,0
0.3195,-5.673304E-05,4.7925,0,0.3195,4.599069E-05,4.7925,0
0.3204,-4.834058E-05,4.806,0,0.3204,3.826963E-05,4.806,0
0.3213,6.814679E-05,4.8195,0,0.3213,-3.894102E-05,4.8195,0
0.3222,2.450599E-05,4.833,0,0.3222,8.392462E-06,4.833,0
0.3231,-7.016098E-05,4.8465,0,0.3231,5.270466E-05,4.8465,0
0.324,1.376364E-05,4.86,0,0.324,1.812772E-05,4.86,0
0.3249,2.517739E-05,4.8735,0,0.3249,4.36408E-06,4.8735,0
0.3258,5.035477E-06,4.887,0,0.3258,-6.61326E-05,4.887,0
0.3267,1.141375E-05,4.9005,0,0.3267,1.174945E-05,4.9005,0
0.3276,-7.284657E-05,4.914,0,0.3276,-3.323415E-05,4.914,0
0.3285,-2.685588E-06,4.9275,0,0.3285,-6.243992E-05,4.9275,0
0.3294,0.0001329366,4.941,0,0.3294,-6.076142E-05,4.941,0
0.3303,-6.6804E-05,4.9545,0,0.3303,1.577783E-05,4.9545,0
0.3312,-5.337606E-05,4.968,0,0.3312,-2.584878E-05,4.968,0
0.3321,0.0001255512,4.9815,0,0.3321,-0.0001211871,4.9815,0
0.333,-3.289845E-05,4.995,0,0.333,-2.685588E-06,4.995,0
0.3339,-0.0001440146,5.0085,0,0.3339,3.356985E-07,5.0085,0
0.3348,-5.404745E-05,5.022,0,0.3348,-0.0001050736,5.022,0
0.3357,-1.712062E-05,5.0355,0,0.3357,-7.183947E-05,5.0355,0
0.3366,-7.418937E-05,5.049,0,0.3366,7.385367E-06,5.049,0
0.3375,-7.553216E-05,5.0625,0,0.3375,-2.1149E-05,5.0625,0
0.3384,-7.721065E-06,5.076,0,0.3384,-2.786297E-05,5.076,0
0.3393,5.673304E-05,5.0895,0,0.3393,-7.855344E-05,5.0895,0
0.3402,7.351797E-05,5.103,0,0.3402,2.349889E-06,5.103,0
0.3411,0.0001205158,5.1165,0,0.3411,1.913481E-05,5.1165,0
0.342,8.090334E-05,5.13,0,0.342,-3.692683E-05,5.13,0
0.3429,5.941863E-05,5.1435,0,0.3429,-6.009003E-05,5.1435,0
0.3438,-1.007095E-06,5.157,0,0.3438,3.356985E-07,5.157,0
0.3447,4.229801E-05,5.1705,0,0.3447,-2.987716E-05,5.1705,0
0.3456,6.042573E-05,5.184,0,0.3456,-9.298848E-05,5.184,0
0.3465,-1.309224E-05,5.1975,0,0.3465,4.36408E-06,5.1975,0
0.3474,-1.846342E-05,5.211,0,0.3474,-1.577783E-05,5.211,0
0.3483,5.304036E-05,5.2245,0,0.3483,-0.0001084306,5.2245,0
0.3492,3.457694E-05,5.238,0,0.3492,-2.383459E-05,5.238,0
0.3501,-4.028382E-05,5.2515,0,0.3501,1.040665E-05,5.2515,0
0.351,-2.719158E-05,5.265,0,0.351,-2.618448E-05,5.265,0
0.3519,-5.740444E-05,5.2785,0,0.3519,-6.344701E-05,5.2785,0
0.3528,3.994812E-05,5.292,0,0.3528,-0.0001084306,5.292,0
0.3537,2.081331E-05,5.3055,0,0.3537,-1.208515E-05,5.3055,0
0.3546,-0.0001275654,5.319,0,0.3546,-1.007095E-06,5.319,0
0.3555,-4.699779E-05,5.3325,0,0.3555,-6.143282E-05,5.3325,0
0.3564,8.560311E-05,5.346,0,0.3564,-8.761731E-05,5.346,0
0.3573,-7.418937E-05,5.3595,0,0.3573,1.040665E-05,5.3595,0
0.3582,-5.035477E-05,5.373,0,0.3582,-1.812772E-05,5.373,0
0.3591,8.291753E-05,5.3865,0,0.3591,-9.869535E-05,5.3865,0
0.36,-4.867628E-05,5.4,0,0.36,3.491264E-05,5.4,0
0.3609,-8.493171E-05,5.4135,0,0.3609,3.826963E-05,5.4135,0
0.3618,4.53193E-05,5.427,0,0.3618,-5.404745E-05,5.427,0
0.3627,6.54612E-05,5.4405,0,0.3627,9.735256E-06,5.4405,0
0.3636,-0.0001285725,5.454,0,0.3636,4.061952E-05,5.454,0
0.3645,-5.975433E-05,5.4675,0,0.3645,3.155566E-05,5.4675,0
0.3654,2.954147E-05,5.481,0,0.3654,1.376364E-05,5.481,0
0.3663,1.980621E-05,5.4945,0,0.3663,-2.383459E-05,5.4945,0
0.3672,-4.028382E-06,5.508,0,0.3672,5.807584E-05,5.508,0
0.3681,-0.0001517357,5.5215,0,0.3681,2.28275E-05,5.5215,0
0.369,-7.687495E-05,5.535,0,0.369,-7.385367E-06,5.535,0
0.3699,3.189136E-05,5.5485,0,0.3699,-8.056763E-06,5.5485,0
0.3708,-6.881819E-05,5.562,0,0.3708,7.452507E-05,5.562,0
0.3717,-0.0001134661,5.5755,0,0.3717,4.129091E-05,5.5755,0
0.3726,4.061952E-05,5.589,0,0.3726,-4.196231E-05,5.589,0
0.3735,-5.706874E-05,5.6025,0,0.3735,8.023193E-05,5.6025,0
0.3744,8.291753E-05,5.616,0,0.3744,8.795301E-05,5.616,0
0.3753,0.0001141375,5.6295,0,0.3753,-1.644922E-05,5.6295,0
0.3762,8.69459E-05,5.643,0,0.3762,9.735256E-06,5.643,0
0.3771,4.36408E-06,5.6565,0,0.3771,4.666209E-05,5.6565,0
0.378,7.049668E-06,5.67,0,0.378,-8.392462E-06,5.67,0
0.3789,4.39765E-05,5.6835,0,0.3789,-2.28275E-05,5.6835,0
0.3798,8.526741E-05,5.697,0,0.3798,-8.92958E-05,5.697,0
0.3807,-3.927672E-05,5.7105,0,0.3807,-8.392462E-06,5.7105,0
0.3816,-0.0001809415,5.724,0,0.3816,-5.706874E-06,5.724,0
0.3825,-5.270466E-05,5.7375,0,0.3825,-7.754635E-05,5.7375,0
0.3834,-3.524834E-05,5.751,0,0.3834,-8.258183E-05,5.751,0
0.3843,-9.634547E-05,5.7645,0,0.3843,3.356985E-07,5.7645,0
0.3852,2.1149E-05,5.778,0,0.3852,-3.625543E-05,5.778,0
0.3861,6.6804E-05,5.7915,0,0.3861,-0.0001232013,5.7915,0
0.387,-5.673304E-05,5.805,0,0.387,6.378271E-06,5.805,0
0.3879,9.030289E-05,5.8185,0,0.3879,-8.392462E-06,5.8185,0
0.3888,0.0001346151,5.832,0,0.3888,-0.0001027237,5.832,0
0.3897,-3.021286E-06,5.8455,0,0.3897,-5.270466E-05,5.8455,0
0.3906,-6.51255E-05,5.859,0,0.3906,3.793393E-05,5.859,0
0.3915,-1.678492E-05,5.8725,0,0.3915,-6.042573E-06,5.8725,0
0.3924,-4.49836E-05,5.886,0,0.3924,-3.121996E-05,5.886,0
0.3933,4.766919E-05,5.8995,0,0.3933,-6.814679E-05,5.8995,0
0.3942,5.706874E-06,5.913,0,0.3942,2.1149E-05,5.913,0
0.3951,-0.0001527428,5.9265,0,0.3951,-5.706874E-06,5.9265,0
0.396,-7.486076E-05,5.94,0,0.396,-3.155566E-05,5.94,0
0.3969,4.39765E-05,5.9535,0,0.3969,-3.356985E-05,5.9535,0
0.3978,-7.150377E-05,5.967,0,0.3978,4.36408E-05,5.967,0
0.3987,-7.687495E-05,5.9805,0,0.3987,1.040665E-05,5.9805,0
0.3996,7.418937E-05,5.994,0,0.3996,-0.0001211871,5.994,0
0.4005,7.721065E-06,6.0075,0,0.4005,1.678492E-05,6.0075,0
0.4014,3.054856E-05,6.021,0,0.4014,3.860533E-05,6.021,0
0.4023,0.0001413291,6.0345,0,0.4023,-5.035477E-05,6.0345,0
0.4032,7.989624E-05,6.048,0,0.4032,-1.040665E-05,6.048,0
0.4041,-1.309224E-05,6.0615,0,0.4041,3.222705E-05,6.0615,0
0.405,4.129091E-05,6.075,0,0.405,-9.735256E-06,6.075,0
0.4059,1.678492E-05,6.0885,0,0.4059,-8.392462E-06,6.0885,0
0.4068,2.349889E-06,6.102,0,0.4068,-5.941863E-05,6.102,0
0.4077,-3.121996E-05,6.1155,0,0.4077,-1.107805E-05,6.1155,0
0.4086,-7.016098E-05,6.129,0,0.4086,-2.047761E-05,6.129,0
0.4095,2.584878E-05,6.1425,0,0.4095,-6.478981E-05,6.1425,0
0.4104,2.1149E-05,6.156,0,0.4104,-5.539025E-05,6.156,0
0.4113,-3.927672E-05,6.1695,0,0.4113,2.1149E-05,6.1695,0
0.4122,-4.43122E-05,6.183,0,0.4122,-2.28275E-05,6.183,0
0.4131,4.699779E-05,6.1965,0,0.4131,-9.903105E-05,6.1965,0
0.414,1.712062E-05,6.21,0,0.414,3.894102E-05,6.21,0
0.4149,-9.936675E-05,6.2235,0,0.4149,2.316319E-05,6.2235,0
0.4158,-6.54612E-05,6.237,0,0.4158,-0.0001000381,6.237,0
0.4167,0.0001064164,6.2505,0,0.4167,-1.913481E-05,6.2505,0
0.4176,-3.726253E-05,6.264,0,0.4176,2.719158E-05,6.264,0
0.4185,-0.0001077592,6.2775,0,0.4185,-1.980621E-05,6.2775,0
0.4194,-4.46479E-05,6.291,0,0.4194,-1.644922E-05,6.291,0
0.4203,9.097429E-05,6.3045,0,0.4203,-7.284657E-05,6.3045,0
0.4212,-3.860533E-05,6.318,0,0.4212,2.349889E-06,6.318,0
0.4221,-0.0002034333,6.3315,0,0.4221,1.779202E-05,6.3315,0
0.423,-3.054856E-05,6.345,0,0.423,-4.061952E-05,6.345,0
0.4239,5.035477E-06,6.3585,0,0.4239,-6.57969E-05,6.3585,0
0.4248,-0.0001322652,6.372,0,0.4248,3.726253E-05,6.372,0
0.4257,-5.404745E-05,6.3855,0,0.4257,-1.611353E-05,6.3855,0
0.4266,7.452507E-05,6.399,0,0.4266,-7.687495E-05,6.399,0
0.4275,-7.586786E-05,6.4125,0,0.4275,3.189136E-05,6.4125,0
0.4284,9.735256E-06,6.426,0,0.4284,3.860533E-05,6.426,0
0.4293,2.652018E-05,6.4395,0,0.4293,-6.478981E-05,6.4395,0
0.4302,2.987716E-05,6.453,0,0.4302,3.692683E-06,6.453,0
0.4311,-2.316319E-05,6.4665,0,0.4311,3.793393E-05,6.4665,0
0.432,5.941863E-05,6.48,0,0.432,1.409934E-05,6.48,0
0.4329,1.980621E-05,6.4935,0,0.4329,2.652018E-05,6.4935,0
0.4338,4.229801E-05,6.507,0,0.4338,-2.920577E-05,6.507,0
0.4347,0.0001017166,6.5205,0,0.4347,5.740444E-05,6.5205,0
0.4356,-9.063859E-06,6.534,0,0.4356,1.443504E-05,6.534,0
0.4365,-7.754635E-05,6.5475,0,0.4365,-5.035477E-05,6.5475,0
0.4374,4.46479E-05,6.561,0,0.4374,-5.471885E-05,6.561,0
0.4383,-6.54612E-05,6.5745,0,0.4383,2.18204E-05,6.5745,0
0.4392,-3.189136E-05,6.588,0,0.4392,-4.36408E-06,6.588,0
0.4401,0.0001544213,6.6015,0,0.4401,-0.0001007095,6.6015,0
0.441,-2.349889E-06,6.615,0,0.441,5.706874E-06,6.615,0
0.4419,3.927672E-05,6.6285,0,0.4419,1.174945E-05,6.6285,0
0.4428,0.0001319295,6.642,0,0.4428,-0.0001094377,6.642,0
0.4437,8.291753E-05,6.6555,0,0.4437,-6.311131E-05,6.6555,0
0.4446,-2.618448E-05,6.669,0,0.4446,-3.356985E-07,6.669,0
0.4455,-4.39765E-05,6.6825,0,0.4455,-3.491264E-05,6.6825,0
0.4464,1.980621E-05,6.696,0,0.4464,-2.316319E-05,6.696,0
0.4473,4.46479E-05,6.7095,0,0.4473,-9.701686E-05,6.7095,0
0.4482,-3.189136E-05,6.723,0,0.4482,-6.378271E-06,6.723,0
0.4491,-0.0001050736,6.7365,0,0.4491,2.014191E-05,6.7365,0
0.45,-8.493171E-05,6.75,0,0.45,-2.047761E-05,6.75,0
0.4509,-3.256275E-05,6.7635,0,0.4509,-3.054856E-05,6.7635,0
0.4518,-6.78111E-05,6.777,0,0.4518,5.169757E-05,6.777,0
0.4527,-5.438316E-05,6.7905,0,0.4527,5.035477E-06,6.7905,0
0.4536,-3.356985E-07,6.804,0,0.4536,-7.217517E-05,6.804,0
0.4545,-6.78111E-05,6.8175,0,0.4545,4.263371E-05,6.8175,0
0.4554,2.1149E-05,6.831,0,0.4554,2.1149E-05,6.831,0
0.4563,4.699779E-06,6.8445,0,0.4563,-7.553216E-05,6.8445,0
0.4572,0.0001060807,6.858,0,0.4572,-3.524834E-05,6.858,0
0.4581,5.539025E-05,6.8715,0,0.4581,2.316319E-05,6.8715,0
0.459,-1.779202E-05,6.885,0,0.459,-1.275654E-05,6.885,0
0.4599,-2.014191E-05,6.8985,0,0.4599,-4.901198E-05,6.8985,0
0.4608,6.948959E-05,6.912,0,0.4608,-8.86244E-05,6.912,0
0.4617,1.107805E-05,6.9255,0,0.4617,-1.275654E-05,6.9255,0
0.4626,-0.0002027619,6.939,0,0.4626,-5.035477E-06,6.939,0
0.4635,-8.023193E-05,6.9525,0,0.4635,-6.344701E-05,6.9525,0
0.4644,-9.399558E-06,6.966,0,0.4644,-7.351797E-05,6.966,0
0.4653,-9.433127E-05,6.9795,0,0.4653,3.726253E-05,6.9795,0
0.4662,-4.095522E-05,6.993,0,0.4662,-1.745632E-05,6.993,0
0.4671,0.0001232013,7.0065,0,0.4671,-0.0001064164,7.0065,0
0.468,-5.337606E-05,7.02,0,0.468,2.24918E-05,7.02,0
0.4689,-9.735256E-06,7.0335,0,0.4689,2.349889E-06,7.0335,0
0.4698,5.270466E-05,7.047,0,0.4698,-8.191043E-05,7.047,0
0.4707,2.349889E-06,7.0605,0,0.4707,-1.510643E-05,7.0605,0
0.4716,-8.023193E-05,7.074,0,0.4716,3.356985E-05,7.074,0
0.4725,6.042573E-06,7.0875,0,0.4725,-3.021286E-06,7.0875,0
0.4734,-7.687495E-05,7.101,0,0.4734,-2.685588E-05,7.101,0
0.4743,5.035477E-06,7.1145,0,0.4743,-7.586786E-05,7.1145,0
0.4752,0.0001151446,7.128,0,0.4752,-1.879912E-05,7.128,0
0.4761,9.735256E-06,7.1415,0,0.4761,-2.517739E-05,7.1415,0
0.477,1.141375E-05,7.155,0,0.477,-5.639734E-05,7.155,0
0.4779,6.78111E-05,7.1685,0,0.4779,-9.198138E-05,7.1685,0
0.4788,-1.443504E-05,7.182,0,0.4788,-1.678492E-06,7.182,0
0.4797,1.174945E-05,7.1955,0,0.4797,-2.316319E-05,7.1955,0
0.4806,9.265278E-05,7.209,0,0.4806,-0.0001044022,7.209,0
0.4815,-2.047761E-05,7.2225,0,0.4815,-4.699779E-06,7.2225,0
0.4824,-5.404745E-05,7.236,0,0.4824,-9.399558E-06,7.236,0
0.4833,4.39765E-05,7.2495,0,0.4833,-0.0001070878,7.2495,0
0.4842,-1.040665E-05,7.263,0,0.4842,-6.57969E-05,7.263,0
0.4851,-0.0001349508,7.2765,0,0.4851,3.692683E-06,7.2765,0
0.486,-7.284657E-05,7.29,0,0.486,-2.316319E-05,7.29,0
0.4869,1.141375E-05,7.3035,0,0.4869,-4.29694E-05,7.3035,0
0.4878,1.309224E-05,7.317,0,0.4878,-0.0001094377,7.317,0
0.4887,-3.356985E-07,7.3305,0,0.4887,-6.713969E-07,7.3305,0
0.4896,5.706874E-05,7.344,0,0.4896,5.874724E-05,7.344,0
0.4905,2.887007E-05,7.3575,0,0.4905,-2.383459E-05,7.3575,0
0.4914,4.733349E-05,7.371,0,0.4914,-2.047761E-05,7.371,0
0.4923,-3.189136E-05,7.3845,0,0.4923,6.814679E-05,7.3845,0
0.4932,4.800488E-05,7.398,0,0.4932,1.443504E-05,7.398,0
0.4941,6.411841E-05,7.4115,0,0.4941,-6.54612E-05,7.4115,0
0.495,-4.46479E-05,7.425,0,0.495,5.203327E-05,7.425,0
0.4959,1.409934E-05,7.4385,0,0.4959,1.779202E-05,7.4385,0
0.4968,2.719158E-05,7.452,0,0.4968,-9.533837E-05,7.452,0
0.4977,-0.0001332723,7.4655,0,0.4977,3.021286E-06,7.4655,0
0.4986,-0.0001413291,7.479,0,0.4986,7.888914E-05,7.479,0
0.4995,-8.023193E-05,7.4925,0,0.4995,2.1149E-05,7.4925,0
0.5004,-0.0001352865,7.506,0,0.5004,1.644922E-05,7.506,0
0.5013,4.028382E-06,7.5195,0,0.5013,-1.577783E-05,7.5195,0
0.5022,3.189136E-05,7.533,0,0.5022,2.18204E-05,7.533,0
0.5031,-5.740444E-05,7.5465,0,0.5031,2.014191E-06,7.5465,0
0.504,-2.987716E-05,7.56,0,0.504,-4.599069E-05,7.56,0
0.5049,0.0001131304,7.5735,0,0.5049,-6.076142E-05,7.5735,0
0.5058,-5.270466E-05,7.587,0,0.5058,3.121996E-05,7.587,0
0.5067,-6.78111E-05,7.6005,0,0.5067,1.409934E-05,7.6005,0
0.5076,8.72816E-05,7.614,0,0.5076,-7.418937E-05,7.614,0
0.5085,-2.853437E-05,7.6275,0,0.5085,5.304036E-05,7.6275,0
0.5094,1.947051E-05,7.641,0,0.5094,4.129091E-05,7.641,0
0.5103,0.0001406577,7.6545,0,0.5103,-4.49836E-05,7.6545,0
0.5112,8.123904E-05,7.668,0,0.5112,1.040665E-05,7.668,0
0.5121,-3.121996E-05,7.6815,0,0.5121,2.719158E-05,7.6815,0
0.513,6.411841E-05,7.695,0,0.513,-6.713969E-06,7.695,0
0.5139,6.713969E-07,7.7085,0,0.5139,-1.510643E-05,7.7085,0
0.5148,3.491264E-05,7.722,0,0.5148,-6.6804E-05,7.722,0
0.5157,-1.040665E-05,7.7355,0,0.5157,1.980621E-05,7.7355,0
0.5166,-5.136187E-05,7.749,0,0.5166,1.577783E-05,7.749,0
0.5175,-8.392462E-06,7.7625,0,0.5175,-4.599069E-05,7.7625,0
0.5184,-8.392462E-06,7.776,0,0.5184,-3.524834E-05,7.776,0
0.5193,-6.210422E-05,7.7895,0,0.5193,5.471885E-05,7.7895,0
0.5202,-4.162661E-05,7.803,0,0.5202,1.342794E-06,7.803,0
0.5211,8.023193E-05,7.8165,0,0.5211,-8.493171E-05,7.8165,0
0.522,5.069047E-05,7.83,0,0.522,1.980621E-05,7.83,0
0.5229,-4.129091E-05,7.8435,0,0.5229,-1.644922E-05,7.8435,0
0.5238,-2.349889E-06,7.857,0,0.5238,-0.0001339437,7.857,0
0.5247,-3.860533E-05,7.8705,0,0.5247,-7.284657E-05,7.8705,0
0.5256,-0.0001248798,7.884,0,0.5256,-1.510643E-05,7.884,0
0.5265,-0.0001134661,7.8975,0,0.5265,-4.968337E-05,7.8975,0
0.5274,-3.961242E-05,7.911,0,0.5274,-5.270466E-05,7.911,0
0.5283,6.210422E-05,7.9245,0,0.5283,-8.761731E-05,7.9245,0
0.5292,-1.376364E-05,7.938,0,0.5292,1.309224E-05,7.938,0
0.5301,3.121996E-05,7.9515,0,0.5301,4.229801E-05,7.9515,0
0.531,0.0001141375,7.965,0,0.531,-3.189136E-05,7.965,0
0.5319,4.129091E-05,7.9785,0,0.5319,-6.009003E-05,7.9785,0
0.5328,-6.143282E-05,7.992,0,0.5328,3.323415E-05,7.992,0
0.5337,9.063859E-06,8.0055,0,0.5337,2.349889E-06,8.0055,0
0.5346,0.0001047379,8.019,0,0.5346,-7.083238E-05,8.019,0
0.5355,-4.49836E-05,8.0325,0,0.5355,2.1149E-05,8.0325,0
0.5364,-5.136187E-05,8.046,0,0.5364,2.047761E-05,8.046,0
0.5373,-1.409934E-05,8.0595,0,0.5373,-8.627451E-05,8.0595,0
0.5382,-0.0001138018,8.073,0,0.5382,-2.450599E-05,8.073,0
0.5391,-0.0001349508,8.0865,0,0.5391,1.510643E-05,8.0865,0
0.54,-1.678492E-06,8.1,0,0.54,-1.242084E-05,8.1,0
0.5409,-6.71397E-05,8.1135,0,0.5409,-4.934768E-05,8.1135,0
0.5418,-8.728161E-06,8.127,0,0.5418,-8.560311E-05,8.127,0
0.5427,5.035477E-05,8.1405,0,0.5427,-6.713969E-07,8.1405,0
0.5436,-7.821774E-05,8.154,0,0.5436,0,8.154,0
0.5445,-7.754635E-05,8.1675,0,0.5445,-3.961242E-05,8.1675,0
0.5454,4.666209E-05,8.181,0,0.5454,-4.33051E-05,8.181,0
0.5463,-7.586786E-05,8.1945,0,0.5463,5.539025E-05,8.1945,0
0.5472,-4.968337E-05,8.208,0,0.5472,-7.049668E-06,8.208,0
0.5481,0.0001420005,8.2215,0,0.5481,-8.86244E-05,8.2215,0
0.549,-4.33051E-05,8.235,0,0.549,3.256275E-05,8.235,0
0.5499,5.505455E-05,8.2485,0,0.5499,2.081331E-05,8.2485,0
0.5508,0.000154757,8.262,0,0.5508,-7.385367E-05,8.262,0
0.5517,0.000102388,8.2755,0,0.5517,-7.721065E-06,8.2755,0
0.5526,-3.659113E-05,8.289,0,0.5526,3.558404E-05,8.289,0
0.5535,-2.853437E-05,8.3025,0,0.5535,-9.735256E-06,8.3025,0
0.5544,3.457694E-05,8.316,0,0.5544,1.174945E-05,8.316,0
0.5553,3.155566E-05,8.3295,0,0.5553,-6.076142E-05,8.3295,0
0.5562,-3.692683E-06,8.343,0,0.5562,1.242084E-05,8.343,0
0.5571,-8.459602E-05,8.3565,0,0.5571,1.879912E-05,8.3565,0
0.558,-0.0001201801,8.37,0,0.558,-3.625543E-05,8.37,0
0.5589,-3.390555E-05,8.3835,0,0.5589,-4.229801E-05,8.3835,0
0.5598,-2.987716E-05,8.397,0,0.5598,4.028382E-05,8.397,0
0.5607,-5.035477E-05,8.4105,0,0.5607,-7.721065E-06,8.4105,0
0.5616,3.189136E-05,8.424,0,0.5616,-8.090334E-05,8.424,0
0.5625,-2.047761E-05,8.4375,0,0.5625,3.390555E-05,8.4375,0
0.5634,4.632639E-05,8.451,0,0.5634,3.927672E-05,8.451,0
0.5643,-2.652018E-05,8.4645,0,0.5643,-4.934768E-05,8.4645,0
0.5652,-6.378271E-06,8.478,0,0.5652,-2.014191E-05,8.478,0
0.5661,-1.443504E-05,8.4915,0,0.5661,3.860533E-05,8.4915,0
0.567,-6.61326E-05,8.505,0,0.567,-2.18204E-05,8.505,0
0.5679,-1.678492E-05,8.5185,0,0.5679,-2.920577E-05,8.5185,0
0.5688,9.433127E-05,8.532,0,0.5688,-6.076142E-05,8.532,0
0.5697,4.46479E-05,8.5455,0,0.5697,7.721065E-06,8.5455,0
0.5706,-3.793393E-05,8.559,0,0.5706,-1.644922E-05,8.559,0
0.5715,-1.242084E-05,8.5725,0,0.5715,-7.855344E-05,8.5725,0
0.5724,1.644922E-05,8.586,0,0.5724,-6.009003E-05,8.586,0
0.5733,-5.941863E-05,8.5995,0,0.5733,3.591974E-05,8.5995,0
0.5742,-2.21561E-05,8.613,0,0.5742,1.678492E-06,8.613,0
0.5751,0.0001406577,8.6265,0,0.5751,-8.72816E-05,8.6265,0
0.576,-3.390555E-05,8.64,0,0.576,3.625543E-05,8.64,0
0.5769,2.1149E-05,8.6535,0,0.5769,4.800488E-05,8.6535,0
0.5778,0.0001097734,8.667,0,0.5778,-6.54612E-05,8.667,0
0.5787,2.316319E-05,8.6805,0,0.5787,-1.107805E-05,8.6805,0
0.5796,-9.600977E-05,8.694,0,0.5796,1.007095E-06,8.694,0
0.5805,-3.961242E-05,8.7075,0,0.5805,-2.18204E-05,8.7075,0
0.5814,-1.644922E-05,8.721,0,0.5814,-1.947051E-05,8.721,0
0.5823,4.699779E-05,8.7345,0,0.5823,-7.956054E-05,8.7345,0
0.5832,0.000119173,8.748,0,0.5832,-2.1149E-05,8.748,0
0.5841,-7.620356E-05,8.7615,0,0.5841,-1.779202E-05,8.7615,0
0.585,-4.36408E-05,8.775,0,0.585,-7.721065E-05,8.775,0
0.5859,1.577783E-05,8.7885,0,0.5859,-8.92958E-05,8.7885,0
0.5868,-3.021286E-05,8.802,0,0.5868,1.812772E-05,8.802,0
0.5877,-4.33051E-05,8.8155,0,0.5877,-1.544213E-05,8.8155,0
0.5886,6.210422E-05,8.829,0,0.5886,-0.0001017166,8.829,0
0.5895,-3.927672E-05,8.8425,0,0.5895,6.042573E-06,8.8425,0
0.5904,3.323415E-05,8.856,0,0.5904,3.088426E-05,8.856,0
0.5913,0.0001010452,8.8695,0,0.5913,-8.157473E-05,8.8695,0
0.5922,-1.577783E-05,8.883,0,0.5922,-2.987716E-05,8.883,0
0.5931,-0.0001748989,8.8965,0,0.5931,3.558404E-05,8.8965,0
0.594,-0.0001003738,8.91,0,0.594,5.706874E-06,8.91,0
0.5949,3.189136E-05,8.9235,0,0.5949,-6.378271E-06,8.9235,0
0.5958,9.735256E-06,8.937,0,0.5958,-6.411841E-05,8.937,0
0.5967,1.443504E-05,8.9505,0,0.5967,1.477073E-05,8.9505,0
0.5976,2.349889E-06,8.964,0,0.5976,1.477073E-05,8.964,0
0.5985,-1.141375E-05,8.9775,0,0.5985,-7.553216E-05,8.9775,0
0.5994,-1.678492E-06,8.991,0,0.5994,-6.277562E-05,8.991,0
0.6003,-6.378271E-05,9.0045,0,0.6003,3.726253E-05,9.0045,0
0.6012,-2.853437E-05,9.018,0,0.6012,-2.047761E-05,9.018,0
0.6021,2.28275E-05,9.0315,0,0.6021,-0.0001111162,9.0315,0
0.603,-2.484169E-05,9.045,0,0.603,-9.735256E-06,9.045,0
0.6039,5.572595E-05,9.0585,0,0.6039,9.735256E-06,9.0585,0
0.6048,4.49836E-05,9.072001,0,0.6048,-7.855344E-05,9.072001,0
0.6057,0.0001426719,9.0855,0,0.6057,-5.706874E-06,9.0855,0
0.6066,-2.685588E-06,9.099,0,0.6066,5.740444E-05,9.099,0
0.6075,-4.666209E-05,9.1125,0,0.6075,1.544213E-05,9.1125,0
0.6084,-3.054856E-05,9.126,0,0.6084,4.028382E-06,9.126,0
0.6093,2.383459E-05,9.1395,0,0.6093,-5.337606E-05,9.1395,0
0.6102,3.692683E-06,9.153,0,0.6102,-8.392462E-06,9.153,0
0.6111,-0.0002279393,9.1665,0,0.6111,0,9.1665,0
0.612,-8.69459E-05,9.18,0,0.612,-4.867628E-05,9.18,0
0.6129,3.692683E-06,9.1935,0,0.6129,-5.304036E-05,9.1935,0
0.6138,-9.701686E-05,9.207,0,0.6138,4.196231E-05,9.207,0
0.6147,7.385367E-06,9.2205,0,0.6147,-9.735256E-06,9.2205,0
0.6156,6.948959E-05,9.234,0,0.6156,-0.0001215228,9.234,0
0.6165,-5.908293E-05,9.2475,0,0.6165,-1.510643E-05,9.2475,0
0.6174,7.418937E-05,9.261,0,0.6174,-1.779202E-05,9.261,0
0.6183,0.0001433432,9.2745,0,0.6183,-8.526741E-05,9.2745,0
0.6192,1.309224E-05,9.288,0,0.6192,-3.927672E-05,9.288,0
0.6201,-5.404745E-05,9.3015,0,0.6201,2.349889E-06,9.3015,0
0.621,-3.054856E-05,9.315,0,0.621,-1.644922E-05,9.315,0
0.6219,1.174945E-05,9.3285,0,0.6219,-2.987716E-05,9.3285,0
0.6228,2.652018E-05,9.342,0,0.6228,-7.888914E-05,9.342,0
0.6237,3.256275E-05,9.3555,0,0.6237,1.443504E-05,9.3555,0
0.6246,-2.383459E-05,9.369,0,0.6246,2.517739E-05,9.369,0
0.6255,-1.275654E-05,9.3825,0,0.6255,-1.913481E-05,9.3825,0
0.6264,6.814679E-05,9.396,0,0.6264,-3.155566E-05,9.396,0
0.6273,-2.786297E-05,9.4095,0,0.6273,2.819867E-05,9.4095,0
0.6282,-0.000105745,9.423,0,0.6282,1.242084E-05,9.423,0
0.6291,2.752728E-05,9.4365,0,0.6291,-6.54612E-05,9.4365,0
0.63,-1.913481E-05,9.45,0,0.63,6.51255E-05,9.45,0
0.6309,-0.0001520714,9.4635,0,0.6309,3.994812E-05,9.4635,0
0.6318,-6.277562E-05,9.477,0,0.6318,-5.304036E-05,9.477,0
0.6327,6.64683E-05,9.4905,0,0.6327,-7.721065E-06,9.4905,0
0.6336,-8.191043E-05,9.504,0,0.6336,5.337606E-05,9.504,0
0.6345,-4.699779E-05,9.5175,0,0.6345,1.577783E-05,9.5175,0
0.6354,1.812772E-05,9.531,0,0.6354,3.054856E-05,9.531,0
0.6363,5.136187E-05,9.5445,0,0.6363,-2.853437E-05,9.5445,0
0.6372,-4.33051E-05,9.558,0,0.6372,4.36408E-05,9.558,0
0.6381,-7.821774E-05,9.5715,0,0.6381,4.800488E-05,9.5715,0
0.639,2.618448E-05,9.585,0,0.639,-3.793393E-05,9.585,0
0.6399,-3.356985E-07,9.5985,0,0.6399,-3.356985E-05,9.5985,0
0.6408,-5.035477E-05,9.612,0,0.6408,5.035477E-05,9.612,0
0.6417,8.392462E-06,9.6255,0,0.6417,-3.356985E-07,9.6255,0
0.6426,4.766919E-05,9.639,0,0.6426,-9.466698E-05,9.639,0
0.6435,-5.539025E-05,9.6525,0,0.6435,2.450599E-05,9.6525,0
0.6444,-9.030289E-05,9.666,0,0.6444,3.424125E-05,9.666,0
0.6453,-5.774014E-05,9.6795,0,0.6453,-7.016098E-05,9.6795,0
0.6462,-4.33051E-05,9.693,0,0.6462,-2.618448E-05,9.693,0
0.6471,-0.0001272297,9.7065,0,0.6471,3.121996E-05,9.7065,0
0.648,-5.035477E-06,9.72,0,0.648,1.174945E-05,9.72,0
0.6489,-5.673304E-05,9.7335,0,0.6489,-3.121996E-05,9.7335,0
0.6498,1.846342E-05,9.747,0,0.6498,-7.150377E-05,9.747,0
0.6507,9.063859E-05,9.7605,0,0.6507,-5.706874E-06,9.7605,0
0.6516,5.337606E-05,9.774,0,0.6516,-5.203327E-05,9.774,0
0.6525,6.109713E-05,9.7875,0,0.6525,-9.835965E-05,9.7875,0
0.6534,8.157473E-05,9.801,0,0.6534,-8.392462E-05,9.801,0
0.6543,-3.927672E-05,9.8145,0,0.6543,3.558404E-05,9.8145,0
0.6552,7.385367E-06,9.828,0,0.6552,-3.524834E-05,9.828,0
0.6561,0.0001507286,9.8415,0,0.6561,-0.000109102,9.8415,0
0.657,-4.565499E-05,9.855,0,0.657,3.054856E-05,9.855,0
0.6579,-4.53193E-05,9.8685,0,0.6579,2.383459E-05,9.8685,0
0.6588,6.948959E-05,9.882,0,0.6588,-7.519646E-05,9.882,0
0.6597,9.500267E-05,9.8955,0,0.6597,1.342794E-06,9.8955,0
0.6606,-4.733349E-05,9.909,0,0.6606,5.169757E-05,9.909,0
0.6615,-2.24918E-05,9.9225,0,0.6615,-9.399558E-06,9.9225,0
0.6624,1.376364E-05,9.936,0,0.6624,-2.24918E-05,9.936,0
0.6633,3.994812E-05,9.9495,0,0.6633,-7.821774E-05,9.9495,0
0.6642,-3.356985E-07,9.963,0,0.6642,1.309224E-05,9.963,0
0.6651,-1.510643E-05,9.976501,0,0.6651,1.342794E-05,9.976501,0
0.666,-5.673304E-05,9.99,0,0.666,-4.901198E-05,9.99,0
0.6669,2.21561E-05,10.0035,0,0.6669,-6.143282E-05,10.0035,0
0.6678,2.1149E-05,10.017,0,0.6678,1.577783E-05,10.017,0
0.6687,-7.116808E-05,10.0305,0,0.6687,-1.544213E-05,10.0305,0
0.6696,5.337606E-05,10.044,0,0.6696,-8.224613E-05,10.044,0
0.6705,1.007095E-05,10.0575,0,0.6705,1.980621E-05,10.0575,0
0.6714,-7.150377E-05,10.071,0,0.6714,1.980621E-05,10.071,0
0.6723,-4.028382E-06,10.0845,0,0.6723,-5.203327E-05,10.0845,0
0.6732,4.196231E-05,10.098,0,0.6732,-1.174945E-05,10.098,0
0.6741,-6.411841E-05,10.1115,0,0.6741,5.337606E-05,10.1115,0
0.675,-0.0001148089,10.125,0,0.675,-1.208515E-05,10.125,0
0.6759,-4.49836E-05,10.1385,0,0.6759,-2.081331E-05,10.1385,0
0.6768,5.136187E-05,10.152,0,0.6768,-6.143282E-05,10.152,0
0.6777,-3.256275E-05,10.1655,0,0.6777,9.063859E-06,10.1655,0
0.6786,-5.438316E-05,10.179,0,0.6786,-1.040665E-05,10.179,0
0.6795,1.779202E-05,10.1925,0,0.6795,-7.116808E-05,10.1925,0
0.6804,4.129091E-05,10.206,0,0.6804,-8.191043E-05,10.206,0
0.6813,-5.102617E-05,10.2195,0,0.6813,-3.356985E-07,10.2195,0
0.6822,-8.392462E-06,10.233,0,0.6822,-4.095522E-05,10.233,0
0.6831,0.0001201801,10.2465,0,0.6831,-0.0001104448,10.2465,0
0.684,-7.284657E-05,10.26,0,0.684,6.713969E-07,10.26,0
0.6849,-0.0001178302,10.2735,0,0.6849,-1.980621E-05,10.2735,0
0.6858,-1.510643E-05,10.287,0,0.6858,-0.0001087663,10.287,0
0.6867,-2.652018E-05,10.3005,0,0.6867,-7.452507E-05,10.3005,0
0.6876,-9.298848E-05,10.314,0,0.6876,2.349889E-06,10.314,0
0.6885,-5.404745E-05,10.3275,0,0.6885,-1.040665E-05,10.3275,0
0.6894,-4.061952E-05,10.341,0,0.6894,-2.316319E-05,10.341,0
0.6903,5.337606E-05,10.3545,0,0.6903,-8.996719E-05,10.3545,0
0.6912,8.157473E-05,10.368,0,0.6912,-1.342794E-06,10.368,0
0.6921,-9.365987E-05,10.3815,0,0.6921,1.309224E-05,10.3815,0
0.693,-6.109713E-05,10.395,0,0.693,-3.759823E-05,10.395,0
0.6939,1.208515E-05,10.4085,0,0.6939,-5.941863E-05,10.4085,0
0.6948,-2.383459E-05,10.422,0,0.6948,3.424125E-05,10.422,0
0.6957,-4.46479E-05,10.4355,0,0.6957,1.443504E-05,10.4355,0
0.6966,0.0001054093,10.449,0,0.6966,-9.164568E-05,10.449,0
0.6975,-3.356985E-07,10.4625,0,0.6975,1.779202E-05,10.4625,0
0.6984,1.846342E-05,10.476,0,0.6984,3.994812E-05,10.476,0
0.6993,0.0001104448,10.4895,0,0.6993,-5.539025E-05,10.4895,0
0.7002,0.0001983978,10.503,0,0.7002,1.208515E-05,10.503,0
0.7011,-3.155566E-05,10.5165,0,0.7011,4.46479E-05,10.5165,0
0.702,7.721065E-06,10.53,0,0.702,1.342794E-06,10.53,0
0.7029,8.426032E-05,10.5435,0,0.7029,-2.987716E-05,10.5435,0
0.7038,3.356985E-05,10.557,0,0.7038,-7.049668E-05,10.557,0
0.7047,1.712062E-05,10.5705,0,0.7047,1.712062E-05,10.5705,0
0.7056,2.954147E-05,10.584,0,0.7056,-1.644922E-05,10.584,0
0.7065,1.107805E-05,10.5975,0,0.7065,-6.74754E-05,10.5975,0
0.7074,2.014191E-05,10.611,0,0.7074,-4.934768E-05,10.611,0
0.7083,-6.713969E-06,10.6245,0,0.7083,5.203327E-05,10.6245,0
0.7092,-1.309224E-05,10.638,0,0.7092,5.035477E-06,10.638,0
0.7101,2.652018E-05,10.6515,0,0.7101,-6.143282E-05,10.6515,0
0.711,-6.478981E-05,10.665,0,0.711,5.471885E-05,10.665,0
0.7119,-0.0001087663,10.6785,0,0.7119,6.54612E-05,10.6785,0
0.7128,-0.000109102,10.692,0,0.7128,-3.390555E-05,10.692,0
0.7137,-6.210422E-05,10.7055,0,0.7137,4.901198E-05,10.7055,0
0.7146,-0.0001373007,10.719,0,0.7146,7.183947E-05,10.719,0
0.7155,-7.687495E-05,10.7325,0,0.7155,3.692683E-06,10.7325,0
0.7164,-2.517739E-05,10.746,0,0.7164,-9.735256E-06,10.746,0
0.7173,7.486076E-05,10.7595,0,0.7173,-4.800488E-05,10.7595,0
0.7182,2.349889E-05,10.773,0,0.7182,3.692683E-06,10.773,0
0.7191,-0.0001138018,10.7865,0,0.7191,1.342794E-06,10.7865,0
0.72,-5.203327E-05,10.8,0,0.72,-3.927672E-05,10.8,0
0.7209,4.733349E-05,10.8135,0,0.7209,-6.54612E-05,10.8135,0
0.7218,-0.0001030594,10.827,0,0.7218,3.088426E-05,10.827,0
0.7227,-3.021286E-05,10.8405,0,0.7227,-2.517739E-05,10.8405,0
0.7236,8.023193E-05,10.854,0,0.7236,-0.0001238727,10.854,0
0.7245,-9.063859E-06,10.8675,0,0.7245,-2.349889E-06,10.8675,0
0.7254,0.000164828,10.881,0,0.7254,-6.378271E-06,10.881,0
0.7263,0.0001930266,10.8945,0,0.7263,-7.251087E-05,10.8945,0
0.7272,5.539025E-05,10.908,0,0.7272,-5.471885E-05,10.908,0
0.7281,-4.263371E-05,10.9215,0,0.7281,-2.316319E-05,10.9215,0
0.729,-2.853437E-05,10.935,0,0.729,-2.987716E-05,10.935,0
0.7299,1.309224E-05,10.9485,0,0.7299,-5.136187E-05,10.9485,0
0.7308,8.056763E-06,10.962,0,0.7308,-0.0001070878,10.962,0
0.7317,1.007095E-05,10.9755,0,0.7317,-2.1149E-05,10.9755,0
0.7326,-6.61326E-05,10.989,0,0.7326,-1.980621E-05,10.989,0
0.7335,-6.713969E-06,11.0025,0,0.7335,-4.934768E-05,11.0025,0
0.7344,0.0001111162,11.016,0,0.7344,-4.53193E-05,11.016,0
0.7353,-3.927672E-05,11.0295,0,0.7353,1.242084E-05,11.0295,0
0.7362,-8.392462E-05,11.043,0,0.7362,-3.088426E-05,11.043,0
0.7371,6.71397E-05,11.0565,0,0.7371,-0.0001104448,11.0565,0
0.738,-2.21561E-05,11.07,0,0.738,3.121996E-05,11.07,0
0.7389,-0.0001161517,11.0835,0,0.7389,1.409934E-05,11.0835,0
0.7398,2.383459E-05,11.097,0,0.7398,-9.903105E-05,11.097,0
0.7407,8.69459E-05,11.1105,0,0.7407,-4.699779E-06,11.1105,0
0.7416,-9.701686E-05,11.124,0,0.7416,6.74754E-05,11.124,0
0.7425,-3.793393E-05,11.1375,0,0.7425,5.706874E-06,11.1375,0
0.7434,5.706874E-05,11.151,0,0.7434,-3.356985E-06,11.151,0
0.7443,3.390555E-05,11.1645,0,0.7443,-4.39765E-05,11.1645,0
0.7452,-2.316319E-05,11.178,0,0.7452,4.061952E-05,11.178,0
0.7461,-5.136187E-05,11.1915,0,0.7461,5.337606E-05,11.1915,0
0.747,-1.376364E-05,11.205,0,0.747,-2.1149E-05,11.205,0
0.7479,-1.107805E-05,11.2185,0,0.7479,-3.021286E-05,11.2185,0
0.7488,-7.418937E-05,11.232,0,0.7488,5.606165E-05,11.232,0
0.7497,-7.553216E-05,11.2455,0,0.7497,1.644922E-05,11.2455,0
0.7506,3.860533E-05,11.259,0,0.7506,-8.89601E-05,11.259,0
0.7515,-4.666209E-05,11.2725,0,0.7515,-7.049668E-06,11.2725,0
0.7524,-6.78111E-05,11.286,0,0.7524,-2.014191E-05,11.286,0
0.7533,-5.706874E-05,11.2995,0,0.7533,-9.030289E-05,11.2995,0
0.7542,-4.46479E-05,11.313,0,0.7542,1.342794E-06,11.313,0
0.7551,-0.0001144732,11.3265,0,0.7551,6.61326E-05,11.3265,0
0.756,-9.936675E-05,11.34,0,0.756,2.1149E-05,11.34,0
0.7569,-5.572595E-05,11.3535,0,0.7569,5.706874E-06,11.3535,0
0.7578,9.466698E-05,11.367,0,0.7578,-3.121996E-05,11.367,0
0.7587,-5.706874E-06,11.3805,0,0.7587,5.035477E-06,11.3805,0
0.7596,4.565499E-05,11.394,0,0.7596,-1.712062E-05,11.394,0
0.7605,0.0001366293,11.4075,0,0.7605,-4.699779E-05,11.4075,0
0.7614,6.411841E-05,11.421,0,0.7614,-5.841154E-05,11.421,0
0.7623,-2.1149E-05,11.4345,0,0.7623,2.349889E-05,11.4345,0
0.7632,1.712062E-05,11.448,0,0.7632,-3.659113E-05,11.448,0
0.7641,0.0001111162,11.4615,0,0.7641,-0.0001379721,11.4615,0
0.765,-5.706874E-06,11.475,0,0.765,-1.980621E-05,11.475,0
0.7659,-6.61326E-05,11.4885,0,0.7659,-3.021286E-05,11.4885,0
0.7668,3.860533E-05,11.502,0,0.7668,-0.0001275654,11.502,0
0.7677,-0.0001188373,11.5155,0,0.7677,-6.277562E-05,11.5155,0
0.7686,-0.0001346151,11.529,0,0.7686,3.356985E-07,11.529,0
0.7695,1.141375E-05,11.5425,0,0.7695,-4.129091E-05,11.5425,0
0.7704,-3.793393E-05,11.556,0,0.7704,-3.793393E-05,11.556,0
0.7713,1.174945E-05,11.5695,0,0.7713,-8.426032E-05,11.5695,0
0.7722,8.090334E-05,11.583,0,0.7722,3.356985E-07,11.583,0
0.7731,5.069047E-05,11.5965,0,0.7731,-1.477073E-05,11.5965,0
0.774,-1.376364E-05,11.61,0,0.774,-5.572595E-05,11.61,0
0.7749,7.418937E-05,11.6235,0,0.7749,-5.841154E-05,11.6235,0
0.7758,-3.659113E-05,11.637,0,0.7758,3.424125E-05,11.637,0
0.7767,-4.699779E-06,11.6505,0,0.7767,-1.510643E-05,11.6505,0
0.7776,0.000115816,11.664,0,0.7776,-0.000115816,11.664,0
0.7785,4.49836E-05,11.6775,0,0.7785,1.879912E-05,11.6775,0
0.7794,-9.735256E-05,11.691,0,0.7794,4.229801E-05,11.691,0
0.7803,-1.007095E-06,11.7045,0,0.7803,-1.242084E-05,11.7045,0
0.7812,0.0001654994,11.718,0,0.7812,1.141375E-05,11.718,0
0.7821,-5.102617E-05,11.7315,0,0.7821,7.486076E-05,11.7315,0
0.783,-9.332418E-05,11.745,0,0.783,1.544213E-05,11.745,0
0.7839,-2.1149E-05,11.7585,0,0.7839,-6.713969E-07,11.7585,0
0.7848,2.450599E-05,11.772,0,0.7848,-4.867628E-05,11.772,0
0.7857,-3.994812E-05,11.7855,0,0.7857,4.196231E-05,11.7855,0
0.7866,-0.000105745,11.799,0,0.7866,2.853437E-05,11.799,0
0.7875,-7.083238E-05,11.8125,0,0.7875,-4.36408E-05,11.8125,0
0.7884,6.713969E-07,11.826,0,0.7884,-4.699779E-05,11.826,0
0.7893,-8.69459E-05,11.8395,0,0.7893,6.176852E-05,11.8395,0
0.7902,-1.242084E-05,11.853,0,0.7902,1.846342E-05,11.853,0
0.7911,7.150377E-05,11.8665,0,0.7911,-6.042573E-05,11.8665,0
0.792,-7.351797E-05,11.88,0,0.792,5.337606E-05,11.88,0
0.7929,2.920577E-05,11.8935,0,0.7929,3.323415E-05,11.8935,0
0.7938,0.0001339437,11.907,0,0.7938,-4.061952E-05,11.907,0
0.7947,2.752728E-05,11.9205,0,0.7947,1.913481E-05,11.9205,0
0.7956,-3.860533E-05,11.934,0,0.7956,5.941863E-05,11.934,0
0.7965,-1.745632E-05,11.9475,0,0.7965,1.577783E-05,11.9475,0
0.7974,-4.36408E-06,11.961,0,0.7974,-2.450599E-05,11.961,0
0.7983,0.0001265583,11.9745,0,0.7983,-7.620356E-05,11.9745,0
0.7992,2.652018E-05,11.988,0,0.7992,-3.491264E-05,11.988,0
0.8001,-0.0001806058,12.0015,0,0.8001,-4.49836E-05,12.0015,0
0.801,-7.821774E-05,12.015,0,0.801,-5.874724E-05,12.015,0
0.8019,3.692683E-06,12.0285,0,0.8019,-7.284657E-05,12.0285,0
0.8028,-8.493171E-05,12.042,0,0.8028,1.980621E-05,12.042,0
0.8037,-8.761731E-05,12.0555,0,0.8037,-9.735256E-06,12.0555,0
0.8046,8.526741E-05,12.069,0,0.8046,-0.000102388,12.069,0
0.8055,-1.812772E-05,12.0825,0,0.8055,2.652018E-05,12.0825,0
0.8064,-3.692683E-06,12.096,0,0.8064,3.323415E-05,12.096,0
0.8073,0.0001168231,12.1095,0,0.8073,-5.908293E-05,12.1095,0
0.8082,0.0001386435,12.123,0,0.8082,-2.987716E-05,12.123,0
0.8091,-4.733349E-05,12.1365,0,0.8091,3.121996E-05,12.1365,0
0.81,1.141375E-05,12.15,0,0.81,3.256275E-05,12.15,0
0.8109,3.759823E-05,12.1635,0,0.8109,9.063859E-06,12.1635,0
0.8118,1.376364E-05,12.177,0,0.8118,-5.001907E-05,12.177,0
0.8127,-1.779202E-05,12.1905,0,0.8127,4.934768E-05,12.1905,0
0.8136,4.36408E-06,12.204,0,0.8136,5.035477E-05,12.204,0
0.8145,-3.524834E-05,12.2175,0,0.8145,-3.524834E-05,12.2175,0
0.8154,2.014191E-06,12.231,0,0.8154,-5.337606E-05,12.231,0
0.8163,-1.913481E-05,12.2445,0,0.8163,4.229801E-05,12.2445,0
0.8172,-5.740444E-05,12.258,0,0.8172,-1.107805E-05,12.258,0
0.8181,4.733349E-05,12.2715,0,0.8181,-9.936675E-05,12.2715,0
0.819,-3.524834E-05,12.285,0,0.819,7.385367E-06,12.285,0
0.8199,-0.0001420005,12.2985,0,0.8199,-2.517739E-05,12.2985,0
0.8208,-0.000112459,12.312,0,0.8208,-0.0001258869,12.312,0
0.8217,-2.618448E-05,12.3255,0,0.8217,-5.874724E-05,12.3255,0
0.8226,-0.0001262226,12.339,0,0.8226,-4.699779E-06,12.339,0
0.8235,-5.606165E-05,12.3525,0,0.8235,-4.095522E-05,12.3525,0
0.8244,-1.275654E-05,12.366,0,0.8244,-5.304036E-05,12.366,0
0.8253,0.0001148089,12.3795,0,0.8253,-9.231708E-05,12.3795,0
0.8262,5.874724E-05,12.393,0,0.8262,-6.378271E-06,12.393,0
0.8271,3.121996E-05,12.4065,0,0.8271,-3.289845E-05,12.4065,0
0.828,9.701686E-05,12.42,0,0.828,-7.721065E-05,12.42,0
0.8289,0.0001131304,12.4335,0,0.8289,-8.123904E-05,12.4335,0
0.8298,-5.236896E-05,12.447,0,0.8298,3.692683E-06,12.447,0
0.8307,-1.644922E-05,12.4605,0,0.8307,-4.43122E-05,12.4605,0
0.8316,8.023193E-05,12.474,0,0.8316,-0.000109102,12.474,0
0.8325,-3.793393E-05,12.4875,0,0.8325,1.812772E-05,12.4875,0
0.8334,1.040665E-05,12.501,0,0.8334,1.779202E-05,12.501,0
0.8343,0,12.5145,0,0.8343,-7.553216E-05,12.5145,0
0.8352,-0.0001285725,12.528,0,0.8352,-2.21561E-05,12.528,0
0.8361,-0.0001319295,12.5415,0,0.8361,3.457694E-05,12.5415,0
0.837,-7.284657E-05,12.555,0,0.837,0,12.555,0
0.8379,-5.438316E-05,12.5685,0,0.8379,-2.450599E-05,12.5685,0
0.8388,-1.779202E-05,12.582,0,0.8388,-9.030289E-05,12.582,0
0.8397,1.980621E-05,12.5955,0,0.8397,-3.356985E-07,12.5955,0
0.8406,-6.982528E-05,12.609,0,0.8406,1.007095E-05,12.609,0
0.8415,-2.987716E-05,12.6225,0,0.8415,-3.659113E-05,12.6225,0
0.8424,0.0001087663,12.636,0,0.8424,-5.169757E-05,12.636,0
0.8433,-5.908293E-05,12.6495,0,0.8433,4.162661E-05,12.6495,0
0.8442,-4.800488E-05,12.663,0,0.8442,-4.028382E-06,12.663,0
0.8451,0.0001493858,12.6765,0,0.8451,-7.620356E-05,12.6765,0
0.846,-5.035477E-06,12.69,0,0.846,6.210422E-05,12.69,0
0.8469,2.484169E-05,12.7035,0,0.8469,4.800488E-05,12.7035,0
0.8478,0.0001050736,12.717,0,0.8478,-6.143282E-05,12.717,0
0.8487,-8.392462E-06,12.7305,0,0.8487,-3.826963E-05,12.7305,0
0.8496,-0.0001322652,12.744,0,0.8496,1.712062E-05,12.744,0
0.8505,-3.961242E-05,12.7575,0,0.8505,-1.174945E-05,12.7575,0
0.8514,4.934768E-05,12.771,0,0.8514,-2.18204E-05,12.771,0
0.8523,1.007095E-05,12.7845,0,0.8523,-6.076142E-05,12.7845,0
0.8532,4.263371E-05,12.798,0,0.8532,3.726253E-05,12.798,0
0.8541,0.0001067521,12.8115,0,0.8541,5.102617E-05,12.8115,0
0.855,4.867628E-05,12.825,0,0.855,-3.692683E-05,12.825,0
0.8559,6.009003E-05,12.8385,0,0.8559,-1.577783E-05,12.8385,0
0.8568,-1.510643E-05,12.852,0,0.8568,6.814679E-05,12.852,0
0.8577,-1.712062E-05,12.8655,0,0.8577,3.189136E-05,12.8655,0
0.8586,9.365987E-05,12.879,0,0.8586,-5.001907E-05,12.879,0
0.8595001,-1.376364E-05,12.8925,0,0.8595001,6.109713E-05,12.8925,0
0.8604,-3.121996E-05,12.906,0,0.8604,7.049668E-05,12.906,0
0.8613,-5.941863E-05,12.9195,0,0.8613,-3.323415E-05,12.9195,0
0.8622,-4.46479E-05,12.933,0,0.8622,-5.706874E-06,12.933,0
0.8631,-9.365987E-05,12.9465,0,0.8631,4.196231E-05,12.9465,0
0.864,-7.821774E-05,12.96,0,0.864,-1.678492E-06,12.96,0
0.8649,-7.754635E-05,12.9735,0,0.8649,-2.954147E-05,12.9735,0
0.8658,1.040665E-05,12.987,0,0.8658,-5.975433E-05,12.987,0
0.8667,2.014191E-06,13.0005,0,0.8667,2.081331E-05,13.0005,0
0.8676,-4.934768E-05,13.014,0,0.8676,3.491264E-05,13.014,0
0.8685,3.323415E-05,13.0275,0,0.8685,-4.699779E-05,13.0275,0
0.8694,5.035477E-06,13.041,0,0.8694,-6.64683E-05,13.041,0
0.8703,-8.392462E-05,13.0545,0,0.8703,1.040665E-05,13.0545,0
0.8712,-4.666209E-05,13.068,0,0.8712,-3.726253E-05,13.068,0
0.8721,0.0001198444,13.0815,0,0.8721,-0.0001033951,13.0815,0
0.873,-7.385367E-06,13.095,0,0.873,1.275654E-05,13.095,0
0.8739,4.599069E-05,13.1085,0,0.8739,-2.752728E-05,13.1085,0
0.8748,0.0001406577,13.122,0,0.8748,-0.0001094377,13.122,0
0.8757,4.129091E-05,13.1355,0,0.8757,2.014191E-06,13.1355,0
0.8766,-8.023193E-05,13.149,0,0.8766,4.733349E-05,13.149,0
0.8775,1.141375E-05,13.1625,0,0.8775,-1.779202E-05,13.1625,0
0.8784,-3.759823E-05,13.176,0,0.8784,-6.411841E-05,13.176,0
0.8793,5.169757E-05,13.1895,0,0.8793,-0.0001346151,13.1895,0
0.8802,8.090334E-05,13.203,0,0.8802,-4.196231E-05,13.203,0
0.8811,-8.761731E-05,13.2165,0,0.8811,-6.176852E-05,13.2165,0
0.882,-2.450599E-05,13.23,0,0.882,-0.0001131304,13.23,0
0.8829,6.61326E-05,13.2435,0,0.8829,-0.0001070878,13.2435,0
0.8838,-5.505455E-05,13.257,0,0.8838,1.376364E-05,13.257,0
0.8847,-0.0001218585,13.2705,0,0.8847,2.18204E-05,13.2705,0
0.8856,3.524834E-05,13.284,0,0.8856,-7.351797E-05,13.284,0
0.8865,2.719158E-05,13.2975,0,0.8865,4.666209E-05,13.2975,0
0.8874,-0.0001349508,13.311,0,0.8874,8.795301E-05,13.311,0
0.8883,-3.793393E-05,13.3245,0,0.8883,2.652018E-05,13.3245,0
0.8892,2.920577E-05,13.338,0,0.8892,5.606165E-05,13.338,0
0.8901,-0.0001064164,13.3515,0,0.8901,8.493171E-05,13.3515,0
0.891,-4.733349E-05,13.365,0,0.891,6.042573E-06,13.365,0
0.8919,-2.517739E-05,13.3785,0,0.8919,-9.735256E-06,13.3785,0
0.8928,2.28275E-05,13.392,0,0.8928,-5.069047E-05,13.392,0
0.8937,1.846342E-05,13.4055,0,0.8937,5.539025E-05,13.4055,0
0.8946,-9.063859E-05,13.419,0,0.8946,4.934768E-05,13.419,0
0.8955,-2.28275E-05,13.4325,0,0.8955,-2.417029E-05,13.4325,0
0.8964,-1.712062E-05,13.446,0,0.8964,-5.706874E-05,13.446,0
0.8973,-7.956054E-05,13.4595,0,0.8973,1.141375E-05,13.4595,0
0.8982,-6.54612E-05,13.473,0,0.8982,-4.33051E-05,13.473,0
0.8991,5.337606E-05,13.4865,0,0.8991,-0.0001285725,13.4865,0
0.9,1.779202E-05,13.5,0,0.9,-9.063859E-06,13.5,0
0.9009,4.934768E-05,13.5135,0,0.9009,-9.399558E-06,13.5135,0
0.9018,0.0001111162,13.527,0,0.9018,-0.0001131304,13.527,0
0.9027,0.0001003738,13.5405,0,0.9027,-9.735256E-05,13.5405,0
0.9036,4.061952E-05,13.554,0,0.9036,-3.860533E-05,13.554,0
0.9045,-2.987716E-05,13.5675,0,0.9045,-6.881819E-05,13.5675,0
0.9054,3.021286E-06,13.581,0,0.9054,-8.89601E-05,13.581,0
0.9063,6.54612E-05,13.5945,0,0.9063,-0.0001252155,13.5945,0
0.9072,6.378271E-05,13.608,0,0.9072,-2.987716E-05,13.608,0
0.9081,-0.0001460288,13.6215,0,0.9081,-4.800488E-05,13.6215,0
0.909,-5.471885E-05,13.635,0,0.909,-9.332418E-05,13.635,0
0.9099,4.53193E-05,13.6485,0,0.9099,-0.0001225299,13.6485,0
0.9108,-9.231708E-05,13.662,0,0.9108,-1.275654E-05,13.662,0
0.9117,-3.524834E-05,13.6755,0,0.9117,-7.385367E-06,13.6755,0
0.9126,0.000112459,13.689,0,0.9126,-8.661021E-05,13.689,0
0.9135,-7.553216E-05,13.7025,0,0.9135,5.841154E-05,13.7025,0
0.9144,3.457694E-05,13.716,0,0.9144,5.807584E-05,13.716,0
0.9153,0.0001782559,13.7295,0,0.9153,-6.478981E-05,13.7295,0
0.9162,2.24918E-05,13.743,0,0.9162,-1.208515E-05,13.743,0
0.9171,-5.807584E-05,13.7565,0,0.9171,3.323415E-05,13.7565,0
0.918,-4.36408E-05,13.77,0,0.918,1.309224E-05,13.77,0
0.9189,-2.853437E-05,13.7835,0,0.9189,-5.035477E-06,13.7835,0
0.9198,1.007095E-05,13.797,0,0.9198,-3.994812E-05,13.797,0
0.9207,-2.719158E-05,13.8105,0,0.9207,6.009003E-05,13.8105,0
0.9216,-0.0001514,13.824,0,0.9216,6.814679E-05,13.824,0
0.9225,-0.0001265583,13.8375,0,0.9225,-1.477073E-05,13.8375,0
0.9234,-1.678492E-06,13.851,0,0.9234,-3.927672E-05,13.851,0
0.9243,-1.678492E-05,13.8645,0,0.9243,6.009003E-05,13.8645,0
0.9252,-7.620356E-05,13.878,0,0.9252,2.316319E-05,13.878,0
0.9261,6.71397E-05,13.8915,0,0.9261,-4.53193E-05,13.8915,0
0.927,4.599069E-05,13.905,0,0.927,8.157473E-05,13.905,0
0.9279,3.692683E-06,13.9185,0,0.9279,7.217517E-05,13.9185,0
0.9288,2.316319E-05,13.932,0,0.9288,3.021286E-06,13.932,0
0.9297,0.0001067521,13.9455,0,0.9297,6.61326E-05,13.9455,0
0.9306,-7.855344E-05,13.959,0,0.9306,3.625543E-05,13.959,0
0.9315,-1.980621E-05,13.9725,0,0.9315,-4.095522E-05,13.9725,0
0.9324,2.28275E-05,13.986,0,0.9324,-8.92958E-05,13.986,0
0.9333,9.835965E-05,13.9995,0,0.9333,-0.0001712062,13.9995,0
0.9342,-3.659113E-05,14.013,0,0.9342,-0.0001265583,14.013,0
0.9351,-7.687495E-05,14.0265,0,0.9351,-0.0001413291,14.0265,0
0.936,7.049668E-06,14.04,0,0.936,-0.0001238727,14.04,0
0.9369,-5.035477E-06,14.0535,0,0.9369,-1.141375E-05,14.0535,0
0.9378,-0.0001104448,14.067,0,0.9378,0.0001500572,14.067,0
0.9387,-5.505455E-05,14.0805,0,0.9387,6.6804E-05,14.0805,0
0.9396001,3.726253E-05,14.094,0,0.9396001,-2.786297E-05,14.094,0
0.9405,-8.090334E-05,14.1075,0,0.9405,7.855344E-05,14.1075,0
0.9414001,-9.365987E-05,14.121,0,0.9414001,9.533837E-05,14.121,0
0.9423,-5.304036E-05,14.1345,0,0.9423,-1.376364E-05,14.1345,0
0.9432001,8.358892E-05,14.148,0,0.9432001,-2.28275E-05,14.148,0
0.9441,-4.028382E-05,14.1615,0,0.9441,4.36408E-06,14.1615,0
0.9450001,5.304036E-05,14.175,0,0.9450001,-2.24918E-05,14.175,0
0.9459,6.143282E-05,14.1885,0,0.9459,-3.591974E-05,14.1885,0
0.9468,8.72816E-05,14.202,0,0.9468,-0.0001154803,14.202,0
0.9477,2.21561E-05,14.2155,0,0.9477,-7.150377E-05,14.2155,0
0.9486,-0.0001802701,14.229,0,0.9486,-4.733349E-05,14.229,0
0.9495,-0.000105745,14.2425,0,0.9495,-7.553216E-05,14.2425,0
0.9504,2.316319E-05,14.256,0,0.9504,-4.162661E-05,14.256,0
0.9513,-0.0001507286,14.2695,0,0.9513,0.0001171588,14.2695,0
0.9522,-8.090334E-05,14.283,0,0.9522,9.298848E-05,14.283,0
0.9531,0.000109102,14.2965,0,0.9531,-1.007095E-06,14.2965,0
0.954,-8.96315E-05,14.31,0,0.954,8.426032E-05,14.31,0
0.9549,9.063859E-06,14.3235,0,0.9549,3.726253E-05,14.3235,0
0.9558,0.0001960479,14.337,0,0.9558,-8.560311E-05,14.337,0
0.9567,0.0001198444,14.3505,0,0.9567,-1.846342E-05,14.3505,0
0.9576,-5.774014E-05,14.364,0,0.9576,2.349889E-06,14.364,0
0.9585,-1.477073E-05,14.3775,0,0.9585,-7.452507E-05,14.3775,0
0.9594,4.53193E-05,14.391,0,0.9594,-8.82887E-05,14.391,0
0.9603,6.6804E-05,14.4045,0,0.9603,-8.224613E-05,14.4045,0
0.9612,6.6804E-05,14.418,0,0.9612,-1.678492E-06,14.418,0
0.9621,-0.0001084306,14.4315,0,0.9621,-0.0001453574,14.4315,0
0.963,-0.0001631495,14.445,0,0.963,-0.0002440528,14.445,0
0.9639,-0.0001265583,14.4585,0,0.9639,-0.0001735561,14.4585,0
0.9648,-0.0002306248,14.472,0,0.9648,-8.392462E-06,14.472,0
0.9657,-0.0002232395,14.4855,0,0.9657,-1.712062E-05,14.4855,0
0.9666,-8.090334E-05,14.499,0,0.9666,-8.291753E-05,14.499,0
0.9675,-0.0001221943,14.5125,0,0.9675,0.000140322,14.5125,0
0.9684,0.0001201801,14.526,0,0.9684,0.0001735561,14.526,0
0.9693,0.0002836652,14.5395,0,0.9693,7.150377E-05,14.5395,0
0.9702,0.0003957885,14.553,0,0.9702,9.164568E-05,14.553,0
0.9711,0.0003289845,14.5665,0,0.9711,0.0001349508,14.5665,0
0.972,0.0002628519,14.58,0,0.972,5.069047E-05,14.58,0
0.9729,0.0002621805,14.5935,0,0.9729,-8.056763E-06,14.5935,0
0.9738,0.0002702373,14.607,0,0.9738,-5.236896E-05,14.607,0
0.9747,0.0001188373,14.6205,0,0.9747,-1.007095E-05,14.6205,0
0.9756,-5.035477E-06,14.634,0,0.9756,-2.383459E-05,14.634,0
0.9765,6.6804E-05,14.6475,0,0.9765,-0.0001003738,14.6475,0
0.9774,8.392462E-06,14.661,0,0.9774,-8.392462E-05,14.661,0
0.9783,-0.0001037308,14.6745,0,0.9783,-6.210422E-05,14.6745,0
0.9792,-6.881819E-05,14.688,0,0.9792,-8.92958E-05,14.688,0
0.9801,4.934768E-05,14.7015,0,0.9801,-0.0001943694,14.7015,0
0.981,-0.0001601282,14.715,0,0.981,-5.371176E-05,14.715,0
0.9819,-0.000161471,14.7285,0,0.9819,-2.450599E-05,14.7285,0
0.9828,3.356985E-07,14.742,0,0.9828,-2.987716E-05,14.742,0
0.9837,-3.894102E-05,14.7555,0,0.9837,5.874724E-05,14.7555,0
0.9846,-0.0001174945,14.769,0,0.9846,0.0001624781,14.769,0
0.9855,-7.888914E-05,14.7825,0,0.9855,0.0001258869,14.7825,0
0.9864,-0.0001507286,14.796,0,0.9864,-2.014191E-05,14.796,0
0.9873,-7.553216E-05,14.8095,0,0.9873,-0.0002030976,14.8095,0
0.9882,-9.701686E-05,14.823,0,0.9882,-0.0001584497,14.823,0
0.9891,-0.0003471122,14.8365,0,0.9891,-8.661021E-05,14.8365,0
0.99,-0.0002014191,14.85,0,0.99,-6.009003E-05,14.85,0
0.9909,-2.517739E-05,14.8635,0,0.9909,-6.210422E-05,14.8635,0
0.9918,-0.0001084306,14.877,0,0.9918,3.054856E-05,14.877,0
0.9927,-0.0001154803,14.8905,0,0.9927,-6.378271E-06,14.8905,0
0.9936,-4.699779E-06,14.904,0,0.9936,-4.867628E-05,14.904,0
0.9945,-9.970245E-05,14.9175,0,0.9945,0.0001070878,14.9175,0
0.9954,-0.0001077592,14.931,0,0.9954,0.0001433432,14.931,0
0.9963,-5.001907E-05,14.9445,0,0.9963,7.888914E-05,14.9445,0
0.9972,-0.000161471,14.958,0,0.9972,7.586786E-05,14.958,0
0.9981,-0.000274937,14.9715,0,0.9981,1.779202E-05,14.9715,0
0.999,-0.0002051118,14.985,0,0.999,-0.0001121233,14.985,0
0.9999,-0.0001064164,14.9985,0,0.9999,-0.0001661708,14.9985,0
1.0008,7.855344E-05,15.012,0,1.0008,-0.0002259251,15.012,0
1.0017,0.0002323034,15.0255,0,1.0017,-6.54612E-05,15.0255,0
1.0026,0.0002796368,15.039,0,1.0026,-6.64683E-05,15.039,0
1.0035,0.0002373388,15.0525,0,1.0035,-9.903105E-05,15.0525,0
1.0044,0.0001540856,15.066,0,1.0044,-2.719158E-05,15.066,0
1.0053,4.196231E-05,15.0795,0,1.0053,0.0001047379,15.0795,0
1.0062,9.097429E-05,15.093,0,1.0062,0.0002648661,15.093,0
1.0071,0.0001963836,15.1065,0,1.0071,0.0002171969,15.1065,0
1.008,0.0001366293,15.12,0,1.008,0.0002655375,15.12,0
1.0089,-1.812772E-05,15.1335,0,1.0089,0.0001094377,15.1335,0
1.0098,1.040665E-05,15.147,0,1.0098,-5.941863E-05,15.147,0
1.0107,0.0001299153,15.1605,0,1.0107,-8.560311E-05,15.1605,0
1.0116,-4.666209E-05,15.174,0,1.0116,-5.236896E-05,15.174,0
1.0125,-5.136187E-05,15.1875,0,1.0125,-6.311131E-05,15.1875,0
1.0134,1.678492E-05,15.201,0,1.0134,-7.318227E-05,15.201,0
1.0143,6.143282E-05,15.2145,0,1.0143,-0.0001728847,15.2145,0
1.0152,1.678492E-05,15.228,0,1.0152,-9.365987E-05,15.228,0
1.0161,-0.0002752728,15.2415,0,1.0161,-0.0001215228,15.2415,0
1.017,-0.0001735561,15.255,0,1.017,-0.0001487144,15.255,0
1.0179,-1.107805E-05,15.2685,0,1.0179,-7.150377E-05,15.2685,0
1.0188,6.713969E-06,15.282,0,1.0188,3.726253E-05,15.282,0
1.0197,7.620356E-05,15.2955,0,1.0197,-0.0001144732,15.2955,0
1.0206,7.754635E-05,15.309,0,1.0206,-0.000246067,15.309,0
1.0215,-0.0001195087,15.3225,0,1.0215,-6.411841E-05,15.3225,0
1.0224,-1.443504E-05,15.336,0,1.0224,-9.198138E-05,15.336,0
1.0233,9.768826E-05,15.3495,0,1.0233,-0.0001467002,15.3495,0
1.0242,-0.0001017166,15.363,0,1.0242,-0.0001352865,15.363,0
1.0251,-0.0002017548,15.3765,0,1.0251,-3.323415E-05,15.3765,0
1.026,-3.994812E-05,15.39,0,1.026,0.0001010452,15.39,0
1.0269,-5.169757E-05,15.4035,0,1.0269,0.0003608759,15.4035,0
1.0278,7.083238E-05,15.417,0,1.0278,0.0004367437,15.417,0
1.0287,0.0001574426,15.4305,0,1.0287,0.0003638972,15.4305,0
1.0296,5.673304E-05,15.444,0,1.0296,0.0001413291,15.444,0
1.0305,-3.390555E-05,15.4575,0,1.0305,-0.0001493858,15.4575,0
1.0314,-8.358892E-05,15.471,0,1.0314,-0.0003414054,15.471,0
1.0323,-0.0002131685,15.4845,0,1.0323,-0.0003370413,15.4845,0
1.0332,-0.0002490883,15.498,0,1.0332,-0.000288365,15.498,0
1.0341,-0.0001121233,15.5115,0,1.0341,-0.0003259632,15.5115,0
1.035,-0.0001258869,15.525,0,1.035,-0.0001641566,15.525,0
1.0359,-1.980621E-05,15.5385,0,1.0359,-8.761731E-05,15.5385,0
1.0368,0.0001701991,15.552,0,1.0368,-5.404745E-05,15.552,0
1.0377,0.0002024262,15.5655,0,1.0377,7.788205E-05,15.5655,0
1.0386,-8.392462E-05,15.579,0,1.0386,-6.411841E-05,15.579,0
1.0395,-6.64683E-05,15.5925,0,1.0395,-0.0002198825,15.5925,0
1.0404,0.0001084306,15.606,0,1.0404,-4.39765E-05,15.606,0
1.0413,0.0002158541,15.6195,0,1.0413,0.0001765774,15.6195,0
1.0422,0.0001218585,15.633,0,1.0422,0.0003588617,15.633,0
1.0431,3.021286E-06,15.6465,0,1.0431,0.0004102236,15.6465,0
1.044,-7.956054E-05,15.66,0,1.044,0.0002514381,15.66,0
1.0449,-4.968337E-05,15.6735,0,1.0449,-5.102617E-05,15.6735,0
1.0458,-1.409934E-05,15.687,0,1.0458,-0.0001748989,15.687,0
1.0467,-1.947051E-05,15.7005,0,1.0467,-0.0003555047,15.7005,0
1.0476,0.0001232013,15.714,0,1.0476,-0.0004635996,15.714,0
1.0485,7.721065E-05,15.7275,0,1.0485,-0.0002628519,15.7275,0
1.0494,8.89601E-05,15.741,0,1.0494,-1.443504E-05,15.741,0
1.0503,0.0002343175,15.7545,0,1.0503,0.0001594568,15.7545,0
1.0512,0.0003105211,15.768,0,1.0512,0.000281651,15.768,0
1.0521,0.0002490883,15.7815,0,1.0521,0.0002615091,15.7815,0
1.053,0.0001782559,15.795,0,1.053,0.0001889983,15.795,0
1.0539,5.001907E-05,15.8085,0,1.0539,0.0001352865,15.8085,0
1.0548,2.618448E-05,15.822,0,1.0548,9.063859E-06,15.822,0
1.0557,-6.411841E-05,15.8355,0,1.0557,5.001907E-05,15.8355,0
1.0566,-0.0001698634,15.849,0,1.0566,0.000190341,15.849,0
1.0575,-0.000112459,15.8625,0,1.0575,0.0003833677,15.8625,0
1.0584,-7.385367E-05,15.876,0,1.0584,0.0003098497,15.876,0
1.0593,-0.0001819486,15.8895,0,1.0593,0.000288365,15.8895,0
1.0602,-4.49836E-05,15.903,0,1.0602,6.881819E-05,15.903,0
1.0611,9.399557E-05,15.9165,0,1.0611,-0.0002907149,15.9165,0
1.062,-0.000115816,15.93,0,1.062,-0.0002846723,15.93,0
1.0629,-0.0002175326,15.9435,0,1.0629,-0.000270573,15.9435,0
1.0638,-3.726253E-05,15.957,0,1.0638,-0.0001822843,15.957,0
1.0647,-9.701686E-05,15.9705,0,1.0647,-0.0002484169,15.9705,0
1.0656,-0.0002091402,15.984,0,1.0656,-0.000449836,15.984,0
1.0665,-6.61326E-05,15.9975,0,1.0665,-0.0004562142,15.9975,0
1.0674,-5.169757E-05,16.011,0,1.0674,-0.0002695659,16.011,0
1.0683,-9.164568E-05,16.0245,0,1.0683,-0.0003622186,16.0245,0
1.0692,-3.356985E-07,16.038,0,1.0692,-0.000411902,16.038,0
1.0701,-0.0001087663,16.0515,0,1.0701,-4.39765E-05,16.0515,0
1.071,-0.0001527428,16.065,0,1.071,0.0003528191,16.065,0
1.0719,-5.471885E-05,16.0785,0,1.0719,0.0004142519,16.0785,0
1.0728,-8.459602E-05,16.092,0,1.0728,0.0004051881,16.092,0
1.0737,-0.0001104448,16.1055,0,1.0737,0.0003743038,16.1055,0
1.0746,-6.210422E-05,16.119,0,1.0746,0.0003531548,16.119,0
1.0755,-0.0001376364,16.1325,0,1.0755,0.0004454719,16.1325,0
1.0764,-9.903105E-05,16.146,0,1.0764,0.0003111925,16.146,0
1.0773,-0.0001943694,16.1595,0,1.0773,2.1149E-05,16.1595,0
1.0782,-0.0001574426,16.173,0,1.0782,-6.64683E-05,16.173,0
1.0791,-0.000112459,16.1865,0,1.0791,-2.517739E-05,16.1865,0
1.08,-0.0001238727,16.2,0,1.08,-0.0002688945,16.2,0
1.0809,4.699779E-06,16.2135,0,1.0809,-0.000477699,16.2135,0
1.0818,0.0001654994,16.227,0,1.0818,-0.000379675,16.227,0
1.0827,0.0001688563,16.2405,0,1.0827,-0.0002608377,16.2405,0
1.0836,0.0001916838,16.254,0,1.0836,-0.0002756084,16.254,0
1.0845,0.0001104448,16.2675,0,1.0845,-0.0002967575,16.2675,0
1.0854,6.243992E-05,16.281,0,1.0854,-0.00021149,16.281,0
1.0863,-7.049668E-06,16.2945,0,1.0863,-0.0001201801,16.2945,0
1.0872,5.069047E-05,16.308,0,1.0872,-0.0002208896,16.308,0
1.0881,0.0002477455,16.3215,0,1.0881,-0.0002101472,16.3215,0
1.089,7.754635E-05,16.335,0,1.089,0.0002870222,16.335,0
1.0899,-1.611353E-05,16.3485,0,1.0899,0.0005602808,16.3485,0
1.0908,-2.047761E-05,16.362,0,1.0908,0.000239353,16.362,0
1.0917,7.284657E-05,16.3755,0,1.0917,0.0001013809,16.3755,0
1.0926,-3.390555E-05,16.389,0,1.0926,6.478981E-05,16.389,0
1.0935,-8.056764E-05,16.4025,0,1.0935,-6.478981E-05,16.4025,0
1.0944,-7.351797E-05,16.416,0,1.0944,-8.526741E-05,16.416,0
1.0953,4.666209E-05,16.4295,0,1.0953,-0.0001077592,16.4295,0
1.0962,9.768826E-05,16.443,0,1.0962,-3.457694E-05,16.443,0
1.0971,3.726253E-05,16.4565,0,1.0971,-7.620356E-05,16.4565,0
1.098,0.0002353246,16.47,0,1.098,-0.0001386435,16.47,0
1.0989,0.0002897078,16.4835,0,1.0989,-0.0001453574,16.4835,0
1.0998,-3.356985E-05,16.497,0,1.0998,-3.088426E-05,16.497,0
1.1007,-6.109713E-05,16.5105,0,1.1007,-8.358892E-05,16.5105,0
1.1016,0.0001272297,16.524,0,1.1016,-0.0002829938,16.524,0
1.1025,-8.493171E-05,16.5375,0,1.1025,-0.0001775845,16.5375,0
1.1034,-0.0001544213,16.551,0,1.1034,-0.0002584878,16.551,0
1.1043,-3.457694E-05,16.5645,0,1.1043,-0.0005085832,16.5645,0
1.1052,0.0001111162,16.578,0,1.1052,-0.0003998169,16.578,0
1.1061,1.678492E-06,16.5915,0,1.1061,-0.000322942,16.5915,0
1.107,0.0001000381,16.605,0,1.107,-0.0004223087,16.605,0
1.1079,0.000144686,16.6185,0,1.1079,-0.0002406958,16.6185,0
1.1088,0.0002088045,16.632,0,1.1088,0.000144686,16.632,0
1.1097,0.0001104448,16.6455,0,1.1097,0.000674754,16.6455,0
1.1106,7.620356E-05,16.659,0,1.1106,0.0009503624,16.659,0
1.1115,2.786297E-05,16.6725,0,1.1115,0.0009389487,16.6725,0
1.1124,-9.735256E-06,16.686,0,1.1124,0.0008321966,16.686,0
1.1133,-0.0001050736,16.6995,0,1.1133,0.0006260776,16.6995,0
1.1142,-8.358892E-05,16.713,0,1.1142,0.0003501335,16.713,0
1.1151,1.980621E-05,16.7265,0,1.1151,0.000239353,16.7265,0
1.116,5.774014E-05,16.74,0,1.116,0.0003004501,16.74,0
1.1169,-3.390555E-05,16.7535,0,1.1169,0.0001097734,16.7535,0
1.1178,-2.316319E-05,16.767,0,1.1178,-0.0001205158,16.767,0
1.1187,7.721065E-06,16.7805,0,1.1187,-0.0002484169,16.7805,0
1.1196,-0.0002121614,16.794,0,1.1196,-0.0002934005,16.794,0
1.1205,-0.0001990692,16.8075,0,1.1205,-0.0003256275,16.8075,0
1.1214,-0.0001399863,16.821,0,1.1214,-0.000316228,16.821,0
1.1223,-5.908293E-05,16.8345,0,1.1223,-0.0003662471,16.8345,0
1.1232,-1.644922E-05,16.848,0,1.1232,-0.0003259632,16.848,0
1.1241,-3.927672E-05,16.8615,0,1.1241,-0.0002500954,16.8615,0
1.125,1.947051E-05,16.875,0,1.125,-6.478981E-05,16.875,0
1.1259,3.457694E-05,16.8885,0,1.1259,-5.673304E-05,16.8885,0
1.1268,-4.061952E-05,16.902,0,1.1268,-2.584878E-05,16.902,0
1.1277,5.270466E-05,16.9155,0,1.1277,3.021286E-06,16.9155,0
1.1286,0.0001769131,16.929,0,1.1286,-9.903105E-05,16.929,0
1.1295,0.0001282368,16.9425,0,1.1295,-2.450599E-05,16.9425,0
1.1304,0.0001900053,16.956,0,1.1304,-4.196231E-05,16.956,0
1.1313,0.0002655375,16.9695,0,1.1313,-0.0001037308,16.9695,0
1.1322,6.478981E-05,16.983,0,1.1322,-3.591974E-05,16.983,0
1.1331,-8.157473E-05,16.9965,0,1.1331,-2.047761E-05,16.9965,0
1.134,2.24918E-05,17.01,0,1.134,-8.89601E-05,17.01,0
1.1349,-4.129091E-05,17.0235,0,1.1349,-0.0001279011,17.0235,0
1.1358,3.054856E-05,17.037,0,1.1358,-0.0003115282,17.037,0
1.1367,3.692683E-05,17.0505,0,1.1367,-0.0004390936,17.0505,0
1.1376,-0.000263859,17.064,0,1.1376,-0.0005569238,17.064,0
1.1385,-0.0002232395,17.0775,0,1.1385,-0.0004870985,17.0775,0
1.1394,-7.217517E-05,17.091,0,1.1394,-0.000256138,17.091,0
1.1403,-0.0002141756,17.1045,0,1.1403,0.0002534524,17.1045,0
1.1412,-0.0002151827,17.118,0,1.1412,0.0007194019,17.118,0
1.1421,-3.021286E-06,17.1315,0,1.1421,0.0005743801,17.1315,0
1.143,-0.0001097734,17.145,0,1.143,0.0005737087,17.145,0
1.1439,-0.0001195087,17.1585,0,1.1439,0.0005193255,17.1585,0
1.1448,-2.987716E-05,17.172,0,1.1448,0.0001688563,17.172,0
1.1457,0.0002547952,17.1855,0,1.1457,-1.409934E-05,17.1855,0
1.1466,8.86244E-05,17.199,0,1.1466,-0.0001275654,17.199,0
1.1475,-1.174945E-05,17.2125,0,1.1475,-0.0004051881,17.2125,0
1.1484,2.652018E-05,17.226,0,1.1484,-0.0004924697,17.226,0
1.1493,9.063859E-05,17.2395,0,1.1493,-0.0004323796,17.2395,0
1.1502,1.812772E-05,17.253,0,1.1502,1.174945E-05,17.253,0
1.1511,-9.735256E-06,17.2665,0,1.1511,0.0003313344,17.2665,0
1.152,6.54612E-05,17.28,0,1.152,0.0002232395,17.28,0
1.1529,4.263371E-05,17.2935,0,1.1529,3.726253E-05,17.2935,0
1.1538,-0.0001285725,17.307,0,1.1538,-7.150377E-05,17.307,0
1.1547,-0.0001963836,17.3205,0,1.1547,-8.69459E-05,17.3205,0
1.1556,-1.678492E-05,17.334,0,1.1556,-0.0001134661,17.334,0
1.1565,-0.0001886625,17.3475,0,1.1565,-6.445411E-05,17.3475,0
1.1574,-0.0002944076,17.361,0,1.1574,-0.0002192111,17.361,0
1.1583,-0.0001829557,17.3745,0,1.1583,-0.0001631495,17.3745,0
1.1592,-0.0001373007,17.388,0,1.1592,-4.901198E-05,17.388,0
1.1601,0.0001292439,17.4015,0,1.1601,-3.659113E-05,17.4015,0
1.161,0.0002145113,17.415,0,1.161,-5.874724E-05,17.415,0
1.1619,0.000112459,17.4285,0,1.1619,0.0003296559,17.4285,0
1.1628,0.0001195087,17.442,0,1.1628,0.0004635996,17.442,0
1.1637,5.337606E-05,17.4555,0,1.1637,0.0001866484,17.4555,0
1.1646,1.342794E-05,17.469,0,1.1646,-1.007095E-05,17.469,0
1.1655,1.577783E-05,17.4825,0,1.1655,-0.0003236133,17.4825,0
1.1664,-9.063859E-06,17.496,0,1.1664,-0.0005233539,17.496,0
1.1673,-6.948959E-05,17.5095,0,1.1673,-3.189136E-05,17.5095,0
1.1682,2.081331E-05,17.523,0,1.1682,0.0004172732,17.523,0
1.1691,0.0001097734,17.5365,0,1.1691,0.000513283,17.5365,0
1.17,-0.0001148089,17.55,0,1.17,0.00051664,17.55,0
1.1709,-7.418937E-05,17.5635,0,1.1709,0.0002145113,17.5635,0
1.1718,2.584878E-05,17.577,0,1.1718,-3.927672E-05,17.577,0
1.1727,-2.18204E-05,17.5905,0,1.1727,-6.210422E-05,17.5905,0
1.1736,-5.908293E-05,17.604,0,1.1736,-3.189136E-05,17.604,0
1.1745,0.0001097734,17.6175,0,1.1745,-9.365987E-05,17.6175,0
1.1754,4.699779E-05,17.631,0,1.1754,-0.0001339437,17.631,0
1.1763,0.0001654994,17.6445,0,1.1763,-0.0001332723,17.6445,0
1.1772,0.0002064546,17.658,0,1.1772,9.063859E-06,17.658,0
1.1781,7.251087E-05,17.6715,0,1.1781,8.560311E-05,17.6715,0
1.179,0.0001272297,17.685,0,1.179,5.035477E-06,17.685,0
1.1799,0.0001111162,17.6985,0,1.1799,-8.291753E-05,17.6985,0
1.1808,4.263371E-05,17.712,0,1.1808,-4.39765E-05,17.712,0
1.1817,-5.941863E-05,17.7255,0,1.1817,-0.0002094759,17.7255,0
1.1826,1.510643E-05,17.739,0,1.1826,-0.0003565118,17.739,0
1.1835,-6.210422E-05,17.7525,0,1.1835,-0.0002229038,17.7525,0
1.1844,-1.007095E-05,17.766,0,1.1844,-0.000119173,17.766,0
1.1853,3.524834E-05,17.7795,0,1.1853,-0.0001789273,17.7795,0
1.1862,-3.256275E-05,17.793,0,1.1862,-0.0001594568,17.793,0
1.1871,-0.0002151827,17.8065,0,1.1871,-0.000148043,17.8065,0
1.188,-9.164568E-05,17.82,0,1.188,-9.298848E-05,17.82,0
1.1889,2.517739E-05,17.8335,0,1.1889,-4.934768E-05,17.8335,0
1.1898,-3.289845E-05,17.847,0,1.1898,-0.0001520714,17.847,0
1.1907,-2.786297E-05,17.8605,0,1.1907,-6.378271E-05,17.8605,0
1.1916,-7.956054E-05,17.874,0,1.1916,-3.659113E-05,17.874,0
1.1925,-7.116808E-05,17.8875,0,1.1925,-0.0001010452,17.8875,0
1.1934,-3.726253E-05,17.901,0,1.1934,-8.795301E-05,17.901,0
1.1943,-0.0001698634,17.9145,0,1.1943,2.1149E-05,17.9145,0
1.1952,-0.0001077592,17.928,0,1.1952,1.275654E-05,17.928,0
1.1961,2.383459E-05,17.9415,0,1.1961,-9.198138E-05,17.9415,0
1.197,-3.994812E-05,17.955,0,1.197,-5.706874E-05,17.955,0
1.1979,4.968337E-05,17.9685,0,1.1979,-3.457694E-05,17.9685,0
1.1988,-4.800488E-05,17.982,0,1.1988,-0.0004001526,17.982,0
1.1997,-4.766919E-05,17.9955,0,1.1997,-0.0003011215,17.9955,0
1.2006,-5.706874E-06,18.009,0,1.2006,5.841154E-05,18.009,0
1.2015,-6.61326E-05,18.0225,0,1.2015,0.0001809415,18.0225,0
1.2024,-5.069047E-05,18.036,0,1.2024,0.0002715801,18.036,0
1.2033,-1.309224E-05,18.0495,0,1.2033,6.982528E-05,18.0495,0
1.2042,-3.424125E-05,18.063,0,1.2042,3.591974E-05,18.063,0
1.2051,-0.000136965,18.0765,0,1.2051,9.365987E-05,18.0765,0
1.206,-9.634547E-05,18.09,0,1.206,-0.0001154803,18.09,0
1.2069,5.539025E-05,18.1035,0,1.2069,-0.0002205539,18.1035,0
1.2078,-4.36408E-05,18.117,0,1.2078,3.860533E-05,18.117,0
1.2087,5.975433E-05,18.1305,0,1.2087,0.0004535287,18.1305,0
1.2096,0.0002010834,18.144,0,1.2096,0.0004723278,18.144,0
1.2105,-0.0001027237,18.1575,0,1.2105,0.0002537881,18.1575,0
1.2114,-6.948959E-05,18.171,0,1.2114,0.0001225299,18.171,0
1.2123,4.46479E-05,18.1845,0,1.2123,-1.947051E-05,18.1845,0
1.2132,-5.371176E-05,18.198,0,1.2132,5.136187E-05,18.198,0
1.2141,-0.0001339437,18.2115,0,1.2141,0.0001500572,18.2115,0
1.215,2.987716E-05,18.225,0,1.215,-9.164568E-05,18.225,0
1.2159,4.39765E-05,18.2385,0,1.2159,-0.0003189135,18.2385,0
1.2168,-6.64683E-05,18.252,0,1.2168,-0.00033402,18.252,0
1.2177,-0.0002229038,18.2655,0,1.2177,-0.0002440528,18.2655,0
1.2186,-0.0002786297,18.279,0,1.2186,-0.000193698,18.279,0
1.2195,-0.0002752728,18.2925,0,1.2195,2.383459E-05,18.2925,0
1.2204,-0.0001366293,18.306,0,1.2204,0.0003595331,18.306,0
1.2213,0.000112459,18.3195,0,1.2213,0.0005777371,18.3195,0
1.2222,0.0004011597,18.333,0,1.2222,0.0002947433,18.333,0
1.2231,0.0003998169,18.3465,0,1.2231,-5.337606E-05,18.3465,0
1.224,0.0001621424,18.36,0,1.224,-1.913481E-05,18.36,0
1.2249,0.0002558022,18.3735,0,1.2249,5.807584E-05,18.3735,0
1.2258,0.0003138781,18.387,0,1.2258,-0.0001111162,18.387,0
1.2267,0.0002225681,18.4005,0,1.2267,-0.0001507286,18.4005,0
1.2276,-4.901198E-05,18.414,0,1.2276,-0.0001715419,18.414,0
1.2285,-3.390555E-05,18.4275,0,1.2285,-9.365987E-05,18.4275,0
1.2294,2.819867E-05,18.441,0,1.2294,-0.0001131304,18.441,0
1.2303,7.486076E-05,18.4545,0,1.2303,-0.0002474098,18.4545,0
1.2312,-1.779202E-05,18.468,0,1.2312,-0.0002440528,18.468,0
1.2321,-0.0002715801,18.4815,0,1.2321,-0.0004139162,18.4815,0
1.233,-0.0003269703,18.495,0,1.233,-0.0004803845,18.495,0
1.2339,-0.0003964599,18.5085,0,1.2339,-0.0004407721,18.5085,0
1.2348,-0.0005340963,18.522,0,1.2348,-0.0002104829,18.522,0
1.2357,-0.0003810178,18.5355,0,1.2357,6.143282E-05,18.5355,0
1.2366,-0.0002239109,18.549,0,1.2366,0.0003350271,18.549,0
1.2375,-0.0001601282,18.5625,0,1.2375,0.0005475243,18.5625,0
1.2384,0.0001033951,18.576,0,1.2384,0.0003158923,18.576,0
1.2393,0.0001299153,18.5895,0,1.2393,3.860533E-05,18.5895,0
1.2402,-1.174945E-05,18.603,0,1.2402,3.994812E-05,18.603,0
1.2411,-6.64683E-05,18.6165,0,1.2411,0.0002480812,18.6165,0
1.242,-3.692683E-06,18.63,0,1.242,0.0002145113,18.63,0
1.2429,-5.136187E-05,18.6435,0,1.2429,7.989624E-05,18.6435,0
1.2438,8.560311E-05,18.657,0,1.2438,-0.0001433432,18.657,0
1.2447,9.231708E-05,18.6705,0,1.2447,-0.0002688945,18.6705,0
1.2456,-5.270466E-05,18.684,0,1.2456,-0.0002437171,18.684,0
1.2465,0.0001178302,18.6975,0,1.2465,-0.0001967193,18.6975,0
1.2474,0.0002218967,18.711,0,1.2474,-2.920577E-05,18.711,0
1.2483,5.471885E-05,18.7245,0,1.2483,0.000190341,18.7245,0
1.2492,-1.174945E-05,18.738,0,1.2492,8.090334E-05,18.738,0
1.2501,9.231708E-05,18.7515,0,1.2501,-2.887007E-05,18.7515,0
1.251,2.014191E-06,18.765,0,1.251,9.298848E-05,18.765,0
1.2519,-3.323415E-05,18.7785,0,1.2519,-2.383459E-05,18.7785,0
1.2528,1.309224E-05,18.792,0,1.2528,-0.0002709087,18.792,0
1.2537,8.526741E-05,18.8055,0,1.2537,-0.000407538,18.8055,0
1.2546,-2.047761E-05,18.819,0,1.2546,-0.0004317082,18.819,0
1.2555,0.0001104448,18.8325,0,1.2555,-0.0002984359,18.8325,0
1.2564,0.0001601282,18.846,0,1.2564,-8.090334E-05,18.846,0
1.2573,0.0001389792,18.8595,0,1.2573,9.567407E-05,18.8595,0
1.2582,9.768826E-05,18.873,0,1.2582,0.0001624781,18.873,0
1.2591,9.298848E-05,18.8865,0,1.2591,6.478981E-05,18.8865,0
1.26,5.404745E-05,18.9,0,1.26,6.042573E-05,18.9,0
1.2609,0.0001275654,18.9135,0,1.2609,0.0002192111,18.9135,0
1.2618,7.150377E-05,18.927,0,1.2618,0.0003279774,18.927,0
1.2627,-6.076142E-05,18.9405,0,1.2627,-4.028382E-06,18.9405,0
1.2636,6.848249E-05,18.954,0,1.2636,-0.000172549,18.954,0
1.2645,9.097429E-05,18.9675,0,1.2645,0.0001111162,18.9675,0
1.2654,0.0001252155,18.981,0,1.2654,0.000252781,18.981,0
1.2663,0.0001201801,18.9945,0,1.2663,0.0002030976,18.9945,0
1.2672,0.0001010452,19.008,0,1.2672,0.0001735561,19.008,0
1.2681,3.356985E-05,19.0215,0,1.2681,8.392462E-05,19.0215,0
1.269,-2.853437E-05,19.035,0,1.269,-5.236896E-05,19.035,0
1.2699,-0.0001309224,19.0485,0,1.2699,-0.0002735943,19.0485,0
1.2708,5.035477E-06,19.062,0,1.2708,-0.0002420386,19.062,0
1.2717,-7.553216E-05,19.0755,0,1.2717,-0.0001282368,19.0755,0
1.2726,-0.0001967193,19.089,0,1.2726,2.987716E-05,19.089,0
1.2735,2.1149E-05,19.1025,0,1.2735,0.0001809415,19.1025,0
1.2744,4.39765E-05,19.116,0,1.2744,0.0001144732,19.116,0
1.2753,-0.0001037308,19.1295,0,1.2753,0.0001675135,19.1295,0
1.2762,-6.478981E-05,19.143,0,1.2762,8.526741E-05,19.143,0
1.2771,4.666209E-05,19.1565,0,1.2771,-0.0001174945,19.1565,0
1.278,-5.740444E-05,19.17,0,1.278,-0.0002450599,19.17,0
1.2789,4.39765E-05,19.1835,0,1.2789,-0.0004340581,19.1835,0
1.2798,0.0001500572,19.197,0,1.2798,-0.0005280537,19.197,0
1.2807,-2.316319E-05,19.2105,0,1.2807,-0.000460914,19.2105,0
1.2816,-7.553216E-05,19.224,0,1.2816,-0.000115816,19.224,0
1.2825,6.51255E-05,19.2375,0,1.2825,0.0005314107,19.2375,0
1.2834,3.256275E-05,19.251,0,1.2834,0.000767071,19.251,0
1.2843,6.344701E-05,19.2645,0,1.2843,0.0004427863,19.2645,0
1.2852,-1.980621E-05,19.278,0,1.2852,0.0002648661,19.278,0
1.2861,-0.0001144732,19.2915,0,1.2861,0.0001540856,19.2915,0
1.287,-4.129091E-05,19.305,0,1.287,3.424125E-05,19.305,0
1.2879,3.692683E-06,19.3185,0,1.2879,-6.61326E-05,19.3185,0
1.2888,-7.083238E-05,19.332,0,1.2888,5.236896E-05,19.332,0
1.2897,-0.0001990692,19.3455,0,1.2897,0.0001084306,19.3455,0
1.2906,-0.0001769131,19.359,0,1.2906,-0.0001779202,19.359,0
1.2915,-0.0002652018,19.3725,0,1.2915,-0.000123537,19.3725,0
1.2924,-0.0004035096,19.386,0,1.2924,-0.000189334,19.386,0
1.2933,-0.0003031357,19.3995,0,1.2933,-0.000239353,19.3995,0
1.2942,-0.0002138399,19.413,0,1.2942,-0.0001997406,19.413,0
1.2951,-1.846342E-05,19.4265,0,1.2951,-0.0001332723,19.4265,0
1.296,0.0003689326,19.44,0,1.296,-9.298848E-05,19.44,0
1.2969,0.000383032,19.4535,0,1.2969,-0.0001144732,19.4535,0
1.2978,0.0004313726,19.467,0,1.2978,-0.0001866484,19.467,0
1.2987,0.0003783322,19.4805,0,1.2987,-0.0001010452,19.4805,0
1.2996,0.0001574426,19.494,0,1.2996,-4.36408E-05,19.494,0
1.3005,0.0001866484,19.5075,0,1.3005,-4.36408E-05,19.5075,0
1.3014,0.0001769131,19.521,0,1.3014,-0.0001168231,19.521,0
1.3023,3.591974E-05,19.5345,0,1.3023,-0.0001104448,19.5345,0
1.3032,-9.063859E-06,19.548,0,1.3032,-5.270466E-05,19.548,0
1.3041,-7.049668E-05,19.5615,0,1.3041,-5.673304E-05,19.5615,0
1.305,-0.0002511025,19.575,0,1.305,3.860533E-05,19.575,0
1.3059,-0.0003427482,19.5885,0,1.3059,4.934768E-05,19.5885,0
1.3068,-0.0002151827,19.602,0,1.3068,-5.270466E-05,19.602,0
1.3077,0.0001030594,19.6155,0,1.3077,-5.035477E-05,19.6155,0
1.3086,0.000158114,19.629,0,1.3086,-6.076142E-05,19.629,0
1.3095,4.028382E-05,19.6425,0,1.3095,-0.0001493858,19.6425,0
1.3104,-5.069047E-05,19.656,0,1.3104,-0.0002017548,19.656,0
1.3113,-8.023193E-05,19.6695,0,1.3113,-0.000246067,19.6695,0
1.3122,-0.0001822843,19.683,0,1.3122,-0.0001174945,19.683,0
1.3131,-0.0002856794,19.6965,0,1.3131,6.74754E-05,19.6965,0
1.314,-0.0002017548,19.71,0,1.314,0.000119173,19.71,0
1.3149,-0.000203769,19.7235,0,1.3149,5.203327E-05,19.7235,0
1.3158,-0.0004518502,19.737,0,1.3158,0.0001218585,19.737,0
1.3167,-0.0004401007,19.7505,0,1.3167,3.826963E-05,19.7505,0
1.3176,-0.0002581521,19.764,0,1.3176,-0.0001409934,19.764,0
1.3185,-0.0003038071,19.7775,0,1.3185,0.0001524071,19.7775,0
1.3194,-0.0001591211,19.791,0,1.3194,0.0002897078,19.791,0
1.3203,5.673304E-05,19.8045,0,1.3203,4.36408E-06,19.8045,0
1.3212,0.000291722,19.818,0,1.3212,-3.054856E-05,19.818,0
1.3221,9.198138E-05,19.8315,0,1.3221,-0.0001708705,19.8315,0
1.323,7.116808E-05,19.845,0,1.323,-0.0002423743,19.845,0
1.3239,0.0001067521,19.8585,0,1.3239,-0.0001366293,19.8585,0
1.3248,6.64683E-05,19.872,0,1.3248,0.0001218585,19.872,0
1.3257,1.544213E-05,19.8855,0,1.3257,0.0002709087,19.8855,0
1.3266,-0.0001389792,19.899,0,1.3266,1.007095E-05,19.899,0
1.3275,-6.814679E-05,19.9125,0,1.3275,-0.0001997406,19.9125,0
1.3284,8.023193E-05,19.926,0,1.3284,-0.000340734,19.926,0
1.3293,-6.277562E-05,19.9395,0,1.3293,-0.0003635614,19.9395,0
1.3302,-1.174945E-05,19.953,0,1.3302,-0.0001950408,19.953,0
1.3311,0.0002030976,19.9665,0,1.3311,0.0002836652,19.9665,0
1.332,5.471885E-05,19.98,0,1.332,0.000601236,19.98,0
1.3329,-2.383459E-05,19.9935,0,1.3329,0.000379675,19.9935,0
1.3338,0.0001111162,20.007,0,1.3338,0.0001104448,20.007,0
1.3347,0.0001839628,20.0205,0,1.3347,4.229801E-05,20.0205,0
1.3356,6.881819E-05,20.034,0,1.3356,4.53193E-05,20.034,0
1.3365,9.735256E-06,20.0475,0,1.3365,1.040665E-05,20.0475,0
1.3374,6.277562E-05,20.061,0,1.3374,2.484169E-05,20.061,0
1.3383,0.0001426719,20.0745,0,1.3383,-0.0001037308,20.0745,0
1.3392,7.687495E-05,20.088,0,1.3392,-0.0001977264,20.088,0
1.3401,4.968337E-05,20.1015,0,1.3401,-0.0003031357,20.1015,0
1.341,9.903105E-05,20.115,0,1.341,-0.0003360342,20.115,0
1.3419,7.083238E-05,20.1285,0,1.3419,-0.0002161898,20.1285,0
1.3428,3.155566E-05,20.142,0,1.3428,0.0001339437,20.142,0
1.3437,5.807584E-05,20.1555,0,1.3437,0.0001554284,20.1555,0
1.3446,6.344701E-05,20.169,0,1.3446,1.544213E-05,20.169,0
1.3455,3.692683E-06,20.1825,0,1.3455,0.0001668421,20.1825,0
1.3464,-6.344701E-05,20.196,0,1.3464,0.0002826581,20.196,0
1.3473,3.323415E-05,20.2095,0,1.3473,0.0002413672,20.2095,0
1.3482,0.0001688563,20.223,0,1.3482,0.0002735943,20.223,0
1.3491,6.78111E-05,20.2365,0,1.3491,0.0003309987,20.2365,0
1.35,6.51255E-05,20.25,0,1.35,0.0002836652,20.25,0
1.3509,-2.1149E-05,20.2635,0,1.3509,6.042573E-05,20.2635,0
1.3518,7.351797E-05,20.277,0,1.3518,-9.164568E-05,20.277,0
1.3527,7.150377E-05,20.2905,0,1.3527,-6.009003E-05,20.2905,0
1.3536,-9.567407E-05,20.304,0,1.3536,-0.0001671778,20.304,0
1.3545,-4.901198E-05,20.3175,0,1.3545,-0.000291722,20.3175,0
1.3554,6.277562E-05,20.331,0,1.3554,-0.0002474098,20.331,0
1.3563,-6.61326E-05,20.3445,0,1.3563,-0.0001500572,20.3445,0
1.3572,-7.150377E-05,20.358,0,1.3572,-0.0001399863,20.358,0
1.3581,1.510643E-05,20.3715,0,1.3581,-0.0002151827,20.3715,0
1.359,-0.0002131685,20.385,0,1.359,-0.0003887388,20.385,0
1.3599,-0.0003360342,20.3985,0,1.3599,-0.0003726253,20.3985,0
1.3608,-0.0001712062,20.412,0,1.3608,-0.0002712444,20.412,0
1.3617,-8.526741E-05,20.4255,0,1.3617,-5.001907E-05,20.4255,0
1.3626,-0.0001537499,20.439,0,1.3626,0.0002118257,20.439,0
1.3635,-8.224613E-05,20.4525,0,1.3635,0.0001151446,20.4525,0
1.3644,0.0002198825,20.466,0,1.3644,-1.913481E-05,20.466,0
1.3653,0.0004179446,20.4795,0,1.3653,-7.418937E-05,20.4795,0
1.3662,0.0003205921,20.493,0,1.3662,2.1149E-05,20.493,0
1.3671,2.1149E-05,20.5065,0,1.3671,1.980621E-05,20.5065,0
1.368,2.349889E-06,20.52,0,1.368,5.807584E-05,20.52,0
1.3689,0.0001809415,20.5335,0,1.3689,2.484169E-05,20.5335,0
1.3698,0.0002057832,20.547,0,1.3698,5.471885E-05,20.547,0
1.3707,8.023193E-05,20.5605,0,1.3707,1.712062E-05,20.5605,0
1.3716,0.0001033951,20.574,0,1.3716,-2.685588E-05,20.574,0
1.3725,4.599069E-05,20.5875,0,1.3725,6.243992E-05,20.5875,0
1.3734,8.89601E-05,20.601,0,1.3734,6.243992E-05,20.601,0
1.3743,8.358892E-05,20.6145,0,1.3743,-8.426032E-05,20.6145,0
1.3752,0.0001033951,20.628,0,1.3752,-6.814679E-05,20.628,0
1.3761,-2.887007E-05,20.6415,0,1.3761,-4.53193E-05,20.6415,0
1.377,-8.627451E-05,20.655,0,1.377,-0.0001332723,20.655,0
1.3779,-0.0001779202,20.6685,0,1.3779,-0.0002044404,20.6685,0
1.3788,-0.0001346151,20.682,0,1.3788,-0.0001913481,20.682,0
1.3797,-0.0001295796,20.6955,0,1.3797,0.0001205158,20.6955,0
1.3806,-9.130999E-05,20.709,0,1.3806,0.0002937362,20.709,0
1.3815,-1.712062E-05,20.7225,0,1.3815,7.855344E-05,20.7225,0
1.3824,-6.78111E-05,20.736,0,1.3824,-5.203327E-05,20.736,0
1.3833,-4.263371E-05,20.7495,0,1.3833,5.639734E-05,20.7495,0
1.3842,0.0001379721,20.763,0,1.3842,-3.054856E-05,20.763,0
1.3851,0.0002124971,20.7765,0,1.3851,-0.0001030594,20.7765,0
1.386,-1.007095E-06,20.79,0,1.386,2.349889E-06,20.79,0
1.3869,-4.39765E-05,20.8035,0,1.3869,-1.107805E-05,20.8035,0
1.3878,-8.157473E-05,20.817,0,1.3878,-0.0001383078,20.817,0
1.3887,-0.0003279774,20.8305,0,1.3887,-0.0002017548,20.8305,0
1.3896,-0.0003447623,20.844,0,1.3896,-0.0001997406,20.844,0
1.3905,-0.0002447242,20.8575,0,1.3905,-0.0002430457,20.8575,0
1.3914,-0.0001675135,20.871,0,1.3914,-0.000207126,20.871,0
1.3923,-6.915389E-05,20.8845,0,1.3923,-9.130999E-05,20.8845,0
1.3932,-6.109713E-05,20.898,0,1.3932,0.0002124971,20.898,0
1.3941,-0.0002235752,20.9115,0,1.3941,0.0002343175,20.9115,0
1.395,-0.0001453574,20.925,0,1.395,0.0002910506,20.925,0
1.3959,5.673304E-05,20.9385,0,1.3959,0.0001953765,20.9385,0
1.3968,5.740444E-05,20.952,0,1.3968,0.0001712062,20.952,0
1.3977,7.351797E-05,20.9655,0,1.3977,-3.524834E-05,20.9655,0
1.3986,0.000197055,20.979,0,1.3986,-0.0002759442,20.979,0
1.3995,2.786297E-05,20.9925,0,1.3995,-0.0002608377,20.9925,0
1.4004,-1.342794E-05,21.006,0,1.4004,-0.0002578164,21.006,0
1.4013,0.0001070878,21.0195,0,1.4013,-0.0002974289,21.0195,0
1.4022,9.164568E-05,21.033,0,1.4022,-6.478981E-05,21.033,0
1.4031,4.028382E-05,21.0465,0,1.4031,0.000295079,21.0465,0
1.404,0.0001017166,21.06,0,1.404,0.0003820249,21.06,0
1.4049,4.061952E-05,21.0735,0,1.4049,0.0002923934,21.0735,0
1.4058,1.644922E-05,21.087,0,1.4058,0.000158114,21.087,0
1.4067,-3.256275E-05,21.1005,0,1.4067,0.0001138018,21.1005,0
1.4076,-0.0001665064,21.114,0,1.4076,4.800488E-05,21.114,0
1.4085,-2.24918E-05,21.1275,0,1.4085,-0.000140322,21.1275,0
1.4094,-1.242084E-05,21.141,0,1.4094,-8.96315E-05,21.141,0
1.4103,-6.881819E-05,21.1545,0,1.4103,7.049668E-06,21.1545,0
1.4112,-5.270466E-05,21.168,0,1.4112,-1.007095E-06,21.168,0
1.4121,6.344701E-05,21.1815,0,1.4121,2.517739E-05,21.1815,0
1.413,8.795301E-05,21.195,0,1.413,0.000239353,21.195,0
1.4139,9.634547E-05,21.2085,0,1.4139,0.0001822843,21.2085,0
1.4148,3.256275E-05,21.222,0,1.4148,-0.0002057832,21.222,0
1.4157,9.500267E-05,21.2355,0,1.4157,-0.000337377,21.2355,0
1.4166,-3.860533E-05,21.249,0,1.4166,-0.000221561,21.249,0
1.4175,-8.92958E-05,21.2625,0,1.4175,-0.0002423743,21.2625,0
1.4184,2.484169E-05,21.276,0,1.4184,-0.0001745632,21.276,0
1.4193,0.000172549,21.2895,0,1.4193,-2.551309E-05,21.2895,0
1.4202,2.24918E-05,21.303,0,1.4202,5.941863E-05,21.303,0
1.4211,-0.0001312581,21.3165,0,1.4211,-5.706874E-06,21.3165,0
1.422,1.913481E-05,21.33,0,1.422,-8.023193E-05,21.33,0
1.4229,2.853437E-05,21.3435,0,1.4229,-0.000105745,21.3435,0
1.4238,-7.922484E-05,21.357,0,1.4238,6.176852E-05,21.357,0
1.4247,7.049668E-06,21.3705,0,1.4247,5.941863E-05,21.3705,0
1.4256,9.097429E-05,21.384,0,1.4256,-0.0001064164,21.384,0
1.4265,-4.53193E-05,21.3975,0,1.4265,-8.426032E-05,21.3975,0
1.4274,-4.36408E-06,21.411,0,1.4274,-0.0001188373,21.411,0
1.4283,-3.491264E-05,21.4245,0,1.4283,-0.0001963836,21.4245,0
1.4292,-8.157473E-05,21.438,0,1.4292,-8.258183E-05,21.438,0
1.4301,-0.000175906,21.4515,0,1.4301,2.719158E-05,21.4515,0
1.431,-8.224613E-05,21.465,0,1.431,-0.0001104448,21.465,0
1.4319,-0.0001164874,21.4785,0,1.4319,-0.0001211871,21.4785,0
1.4328,-1.242084E-05,21.492,0,1.4328,-6.411841E-05,21.492,0
1.4337,0.0001406577,21.5055,0,1.4337,0.0001084306,21.5055,0
1.4346,9.735256E-05,21.519,0,1.4346,0.0001500572,21.519,0
1.4355,0.0001097734,21.5325,0,1.4355,2.853437E-05,21.5325,0
1.4364,0.0001221943,21.546,0,1.4364,0.0002158541,21.546,0
1.4373,-4.36408E-05,21.5595,0,1.4373,0.0003850462,21.5595,0
1.4382,-1.443504E-05,21.573,0,1.4382,0.0001957122,21.573,0
1.4391,0.0001426719,21.5865,0,1.4391,3.323415E-05,21.5865,0
1.44,-5.438316E-05,21.6,0,1.44,-1.980621E-05,21.6,0
1.4409,-6.64683E-05,21.6135,0,1.4409,-0.000115816,21.6135,0
1.4418,3.021286E-05,21.627,0,1.4418,-1.107805E-05,21.627,0
1.4427,2.450599E-05,21.6405,0,1.4427,0.0004145876,21.6405,0
1.4436,-5.169757E-05,21.654,0,1.4436,0.0003863889,21.654,0
1.4445,-2.21561E-05,21.6675,0,1.4445,0.0002272679,21.6675,0
1.4454,8.392462E-05,21.681,0,1.4454,0.0001742275,21.681,0
1.4463,0.0001084306,21.6945,0,1.4463,-2.685588E-05,21.6945,0
1.4472,7.452507E-05,21.708,0,1.4472,-3.659113E-05,21.708,0
1.4481,3.356985E-06,21.7215,0,1.4481,-6.277562E-05,21.7215,0
1.449,-8.358892E-05,21.735,0,1.449,-0.0001675135,21.735,0
1.4499,-7.956054E-05,21.7485,0,1.4499,-0.0001762417,21.7485,0
1.4508,-9.433127E-05,21.762,0,1.4508,-0.0001013809,21.762,0
1.4517,1.678492E-06,21.7755,0,1.4517,-0.0001534142,21.7755,0
1.4526,0.0001138018,21.789,0,1.4526,-0.0002192111,21.789,0
1.4535,3.524834E-05,21.8025,0,1.4535,-0.0001275654,21.8025,0
1.4544,0.0002265965,21.816,0,1.4544,-0.0001359579,21.816,0
1.4553,0.0003508049,21.8295,0,1.4553,-0.000189334,21.8295,0
1.4562,0.0003152209,21.843,0,1.4562,-0.000154757,21.843,0
1.4571,9.668116E-05,21.8565,0,1.4571,-0.0001312581,21.8565,0
1.458,-4.565499E-05,21.87,0,1.458,-0.0001500572,21.87,0
1.4589,-0.0001420005,21.8835,0,1.4589,-0.0003333486,21.8835,0
1.4598,-3.625543E-05,21.897,0,1.4598,-0.000348455,21.897,0
1.4607,-0.0001030594,21.9105,0,1.4607,-4.36408E-05,21.9105,0
1.4616,-0.0004226444,21.924,0,1.4616,-0.0001131304,21.924,0
1.4625,-0.0003665827,21.9375,0,1.4625,-9.298848E-05,21.9375,0
1.4634,-0.0002876936,21.951,0,1.4634,3.189136E-05,21.951,0
1.4643,-0.0003937743,21.9645,0,1.4643,0.0001413291,21.9645,0
1.4652,-0.0003588617,21.978,0,1.4652,4.901198E-05,21.978,0
1.4661,-0.0001077592,21.9915,0,1.4661,-0.0001430075,21.9915,0
1.467,-8.92958E-05,22.005,0,1.467,-9.399557E-05,22.005,0
1.4679,9.399558E-06,22.0185,0,1.4679,-5.169757E-05,22.0185,0
1.4688,9.835965E-05,22.032,0,1.4688,-0.0001017166,22.032,0
1.4697,3.726253E-05,22.0455,0,1.4697,-0.0001168231,22.0455,0
1.4706,-5.706874E-06,22.059,0,1.4706,-1.544213E-05,22.059,0
1.4715,0,22.0725,0,1.4715,-1.074235E-05,22.0725,0
1.4724,-0.0001232013,22.086,0,1.4724,-1.712062E-05,22.086,0
1.4733,3.021286E-06,22.0995,0,1.4733,-0.0001117876,22.0995,0
1.4742,0.0001493858,22.113,0,1.4742,-7.351797E-05,22.113,0
1.4751,4.934768E-05,22.1265,0,1.4751,-0.0001467002,22.1265,0
1.476,7.385367E-05,22.14,0,1.476,-6.176852E-05,22.14,0
1.4769,0.0001943694,22.1535,0,1.4769,8.89601E-05,22.1535,0
1.4778,0.000158114,22.167,0,1.4778,0.0003457694,22.167,0
1.4787,0.0001111162,22.1805,0,1.4787,0.0003326772,22.1805,0
1.4796,0.0001534142,22.194,0,1.4796,7.721065E-05,22.194,0
1.4805,6.6804E-05,22.2075,0,1.4805,8.89601E-05,22.2075,0
1.4814,-1.712062E-05,22.221,0,1.4814,3.591974E-05,22.221,0
1.4823,7.956054E-05,22.2345,0,1.4823,-8.023193E-05,22.2345,0
1.4832,0.0002252537,22.248,0,1.4832,-4.699779E-06,22.248,0
1.4841,-4.632639E-05,22.2615,0,1.4841,0.0001413291,22.2615,0
1.485,-3.625543E-05,22.275,0,1.485,8.023193E-05,22.275,0
1.4859,6.311131E-05,22.2885,0,1.4859,8.224613E-05,22.2885,0
1.4868,7.821774E-05,22.302,0,1.4868,-1.779202E-05,22.302,0
1.4877,-2.685588E-06,22.3155,0,1.4877,5.035477E-05,22.3155,0
1.4886,-0.0001779202,22.329,0,1.4886,4.061952E-05,22.329,0
1.4895,-0.0001473716,22.3425,0,1.4895,-0.0002370031,22.3425,0
1.4904,-5.404745E-05,22.356,0,1.4904,-0.000369604,22.356,0
1.4913,-9.164568E-05,22.3695,0,1.4913,-0.0002930648,22.3695,0
1.4922,0,22.383,0,1.4922,-0.0003598688,22.383,0
1.4931,2.349889E-06,22.3965,0,1.4931,-0.0004797131,22.3965,0
1.494,-3.793393E-05,22.41,0,1.494,-0.000285008,22.41,0
1.4949,0.0002074617,22.4235,0,1.4949,0.0002477455,22.4235,0
1.4958,0.0001413291,22.437,0,1.4958,0.0006623331,22.437,0
1.4967,-8.358892E-05,22.4505,0,1.4967,0.0007019455,22.4505,0
1.4976,-8.023193E-05,22.464,0,1.4976,0.0007086595,22.464,0
1.4985,-4.599069E-05,22.4775,0,1.4985,0.0005260395,22.4775,0
1.4994,-8.96315E-05,22.491,0,1.4994,0.0002453956,22.491,0
1.5003,6.713969E-07,22.5045,0,1.5003,3.054856E-05,22.5045,0
1.5012,-1.577783E-05,22.518,0,1.5012,1.443504E-05,22.518,0
1.5021,-0.0001366293,22.5315,0,1.5021,-5.539025E-05,22.5315,0
1.503,-7.284657E-05,22.545,0,1.503,-0.0001232013,22.545,0
1.5039,9.903105E-05,22.5585,0,1.5039,-0.0001574426,22.5585,0
1.5048,-7.351797E-05,22.572,0,1.5048,-8.191043E-05,22.572,0
1.5057,-0.0001003738,22.5855,0,1.5057,-0.0001695277,22.5855,0
1.5066,4.800488E-05,22.599,0,1.5066,-0.0003138781,22.599,0
1.5075,6.378271E-06,22.6125,0,1.5075,-0.0001775845,22.6125,0
1.5084,-3.759823E-05,22.626,0,1.5084,-0.0001252155,22.626,0
1.5093,2.014191E-06,22.6395,0,1.5093,-0.0001544213,22.6395,0
1.5102,-0.0001665064,22.653,0,1.5102,-0.0001242084,22.653,0
1.5111,-0.0003336843,22.6665,0,1.5111,-0.0001705348,22.6665,0
1.512,-0.0001564355,22.68,0,1.512,-0.0003722896,22.68,0
1.5129,-0.0001299153,22.6935,0,1.5129,-0.0004599069,22.6935,0
1.5138,-9.231708E-05,22.707,0,1.5138,-0.0003991455,22.707,0
1.5147,5.606165E-05,22.7205,0,1.5147,-0.0002091402,22.7205,0
1.5156,0.0002910506,22.734,0,1.5156,2.752728E-05,22.734,0
1.5165,0.0004891127,22.7475,0,1.5165,0.0002856794,22.7475,0
1.5174,0.0002944076,22.761,0,1.5174,0.0004491646,22.761,0
1.5183,6.344701E-05,22.7745,0,1.5183,0.0003595331,22.7745,0
1.5192,1.678492E-05,22.788,0,1.5192,0.0001735561,22.788,0
1.5201,7.721065E-05,22.8015,0,1.5201,2.853437E-05,22.8015,0
1.521,3.726253E-05,22.815,0,1.521,8.526741E-05,22.815,0
1.5219,-1.947051E-05,22.8285,0,1.5219,0.0001054093,22.8285,0
1.5228,2.551309E-05,22.842,0,1.5228,-0.0001117876,22.842,0
1.5237,0.0001577783,22.8555,0,1.5237,-0.0001644923,22.8555,0
1.5246,1.040665E-05,22.869,0,1.5246,-7.284657E-05,22.869,0
1.5255,0.0002111543,22.8825,0,1.5255,-0.0001225299,22.8825,0
1.5264,0.0005045548,22.896,0,1.5264,-6.009003E-05,22.896,0
1.5273,0.0003514763,22.9095,0,1.5273,-0.0001453574,22.9095,0
1.5282,-3.356985E-07,22.923,0,1.5282,-4.666209E-05,22.923,0
1.5291,-0.000246067,22.9365,0,1.5291,0.0001493858,22.9365,0
1.53,-0.0002380102,22.95,0,1.53,0.0001174945,22.95,0
1.5309,-0.0002843366,22.9635,0,1.5309,3.289845E-05,22.9635,0
1.5318,-0.0003746395,22.977,0,1.5318,0.0001077592,22.977,0
1.5327,-0.0002809796,22.9905,0,1.5327,3.189136E-05,22.9905,0
1.5336,-0.0002517739,23.004,0,1.5336,-8.996719E-05,23.004,0
1.5345,-0.0003753109,23.0175,0,1.5345,-1.644922E-05,23.0175,0
1.5354,-0.0002984359,23.031,0,1.5354,-9.903105E-05,23.031,0
1.5363,-0.0002225681,23.0445,0,1.5363,-0.00021149,23.0445,0
1.5372,-0.0001010452,23.058,0,1.5372,-0.0001144732,23.058,0
1.5381,-0.0002890364,23.0715,0,1.5381,-0.0001399863,23.0715,0
1.539,-0.0001967193,23.085,0,1.539,-0.0001520714,23.085,0
1.5399,-0.0001349508,23.0985,0,1.5399,-7.418937E-05,23.0985,0
1.5408,2.685588E-06,23.112,0,1.5408,-9.835965E-05,23.112,0
1.5417,0.0001174945,23.1255,0,1.5417,-5.304036E-05,23.1255,0
1.5426,6.74754E-05,23.139,0,1.5426,-3.524834E-05,23.139,0
1.5435,9.768826E-05,23.1525,0,1.5435,-2.954147E-05,23.1525,0
1.5444,0.0001198444,23.166,0,1.5444,-2.584878E-05,23.166,0
1.5453,-8.426032E-05,23.1795,0,1.5453,-6.881819E-05,23.1795,0
1.5462,-4.867628E-05,23.193,0,1.5462,-7.486076E-05,23.193,0
1.5471,0.0002346532,23.2065,0,1.5471,-0.0001560998,23.2065,0
1.548,0.0001151446,23.22,0,1.548,1.947051E-05,23.22,0
1.5489,0.000119173,23.2335,0,1.5489,0.0001456931,23.2335,0
1.5498,0.0001416648,23.247,0,1.5498,-2.18204E-05,23.247,0
1.5507,0.0002897078,23.2605,0,1.5507,6.009003E-05,23.2605,0
1.5516,8.96315E-05,23.274,0,1.5516,0.0001386435,23.274,0
1.5525,1.342794E-05,23.2875,0,1.5525,0.0001121233,23.2875,0
1.5534,4.39765E-05,23.301,0,1.5534,2.920577E-05,23.301,0
1.5543,5.606165E-05,23.3145,0,1.5543,-0.000140322,23.3145,0
1.5552,4.028382E-06,23.328,0,1.5552,-7.956054E-05,23.328,0
1.5561,1.980621E-05,23.3415,0,1.5561,-7.016098E-05,23.3415,0
1.557,-1.376364E-05,23.355,0,1.557,-0.0001806058,23.355,0
1.5579,4.934768E-05,23.3685,0,1.5579,-0.0001329366,23.3685,0
1.5588,1.812772E-05,23.382,0,1.5588,0.0001104448,23.382,0
1.5597,-8.728161E-06,23.3955,0,1.5597,0.0001607996,23.3955,0
1.5606,0.0001188373,23.409,0,1.5606,-3.390555E-05,23.409,0
1.5615,6.277562E-05,23.4225,0,1.5615,5.841154E-05,23.4225,0
1.5624,-8.056763E-06,23.436,0,1.5624,4.46479E-05,23.436,0
1.5633,1.644922E-05,23.4495,0,1.5633,-0.0001574426,23.4495,0
1.5642,4.867628E-05,23.463,0,1.5642,2.1149E-05,23.463,0
1.5651,-9.063859E-06,23.4765,0,1.5651,0.0001607996,23.4765,0
1.566,-6.009003E-05,23.49,0,1.566,8.560311E-05,23.49,0
1.5669,-1.342794E-06,23.5035,0,1.5669,9.030289E-05,23.5035,0
1.5678,0.0001070878,23.517,0,1.5678,2.18204E-05,23.517,0
1.5687,-1.544213E-05,23.5305,0,1.5687,1.980621E-05,23.5305,0
1.5696,-0.0001218585,23.544,0,1.5696,-1.443504E-05,23.544,0
1.5705,-4.33051E-05,23.5575,0,1.5705,-1.678492E-05,23.5575,0
1.5714,1.678492E-06,23.571,0,1.5714,-1.309224E-05,23.571,0
1.5723,-2.047761E-05,23.5845,0,1.5723,4.33051E-05,23.5845,0
1.5732,8.358892E-05,23.598,0,1.5732,6.378271E-05,23.598,0
1.5741,0.0002208896,23.6115,0,1.5741,-5.471885E-05,23.6115,0
1.575,-4.53193E-05,23.625,0,1.575,1.007095E-06,23.625,0
1.5759,-0.0001238727,23.6385,0,1.5759,-2.584878E-05,23.6385,0
1.5768,1.846342E-05,23.652,0,1.5768,-0.0001003738,23.652,0
1.5777,5.740444E-05,23.6655,0,1.5777,-9.365987E-05,23.6655,0
1.5786,-0.0001111162,23.679,0,1.5786,-0.0001010452,23.679,0
1.5795,-8.090334E-05,23.6925,0,1.5795,-3.793393E-05,23.6925,0
1.5804,-7.351797E-05,23.706,0,1.5804,2.21561E-05,23.706,0
1.5813,-3.323415E-05,23.7195,0,1.5813,-7.217517E-05,23.7195,0
1.5822,-3.524834E-05,23.733,0,1.5822,1.040665E-05,23.733,0
1.5831,-0.0001876554,23.7465,0,1.5831,0.0001013809,23.7465,0
1.584,-9.231708E-05,23.76,0,1.584,4.666209E-05,23.76,0
1.5849,4.599069E-05,23.7735,0,1.5849,7.721065E-06,23.7735,0
1.5858,7.721065E-05,23.787,0,1.5858,-5.706874E-06,23.787,0
1.5867,3.356985E-07,23.8005,0,1.5867,-0.0001467002,23.8005,0
1.5876,4.766919E-05,23.814,0,1.5876,-0.0002088045,23.814,0
1.5885,-9.231708E-05,23.8275,0,1.5885,-1.510643E-05,23.8275,0
1.5894,-0.0001819486,23.841,0,1.5894,9.198138E-05,23.841,0
1.5903,-4.061952E-05,23.8545,0,1.5903,5.337606E-05,23.8545,0
1.5912,-0.0001114519,23.868,0,1.5912,0.000246067,23.868,0
1.5921,-0.0002880293,23.8815,0,1.5921,0.0001863127,23.8815,0
1.593,-0.000239353,23.895,0,1.593,2.383459E-05,23.895,0
1.5939,-4.565499E-05,23.9085,0,1.5939,-4.061952E-05,23.9085,0
1.5948,3.121996E-05,23.922,0,1.5948,-0.0001104448,23.922,0
1.5957,2.383459E-05,23.9355,0,1.5957,-7.083238E-05,23.9355,0
1.5966,6.378271E-05,23.949,0,1.5966,-0.0001003738,23.949,0
1.5975,8.426032E-05,23.9625,0,1.5975,-0.0001587854,23.9625,0
1.5984,0.0001168231,23.976,0,1.5984,-0.0001621424,23.976,0
1.5993,7.217517E-05,23.9895,0,1.5993,-1.141375E-05,23.9895,0
1.6002,0.000102388,24.003,0,1.6002,9.063859E-06,24.003,0
1.6011,0.0001467002,24.0165,0,1.6011,-9.634547E-05,24.0165,0
1.602,0.0001406577,24.03,0,1.602,-2.517739E-05,24.03,0
1.6029,7.754635E-05,24.0435,0,1.6029,-2.316319E-05,24.0435,0
1.6038,8.392462E-06,24.057,0,1.6038,-0.0001644923,24.057,0
1.6047,4.800488E-05,24.0705,0,1.6047,-0.0001567712,24.0705,0
1.6056,-0.0001131304,24.084,0,1.6056,-0.0001379721,24.084,0
1.6065,-8.593881E-05,24.0975,0,1.6065,-0.0001842985,24.0975,0
1.6074,-1.712062E-05,24.111,0,1.6074,-0.0001077592,24.111,0
1.6083,0.0001715419,24.1245,0,1.6083,-0.0001383078,24.1245,0
1.6092,0.0002279393,24.138,0,1.6092,4.129091E-05,24.138,0
1.6101,-1.275654E-05,24.1515,0,1.6101,0.0002279393,24.1515,0
1.611,3.189136E-05,24.165,0,1.611,0.0001228656,24.165,0
1.6119,3.457694E-05,24.1785,0,1.6119,-1.980621E-05,24.1785,0
1.6128,-0.000115816,24.192,0,1.6128,-7.721065E-06,24.192,0
1.6137,-1.309224E-05,24.2055,0,1.6137,-6.881819E-05,24.2055,0
1.6146,3.356985E-05,24.219,0,1.6146,-8.090334E-05,24.219,0
1.6155,-0.000197055,24.2325,0,1.6155,6.948959E-05,24.2325,0
1.6164,-0.0002239109,24.246,0,1.6164,0.0001070878,24.246,0
1.6173,-8.426032E-05,24.2595,0,1.6173,5.136187E-05,24.2595,0
1.6182,-0.0001500572,24.273,0,1.6182,-5.035477E-06,24.273,0
1.6191,-0.0002544594,24.2865,0,1.6191,8.056763E-06,24.2865,0
1.62,-0.0002601663,24.3,0,1.62,-9.063859E-06,24.3,0
1.6209,-0.0001070878,24.3135,0,1.6209,-2.417029E-05,24.3135,0
1.6218,-2.853437E-05,24.327,0,1.6218,-5.874724E-05,24.327,0
1.6227,-1.242084E-05,24.3405,0,1.6227,8.023193E-05,24.3405,0
1.6236,-0.0002265965,24.354,0,1.6236,-1.611353E-05,24.354,0
1.6245,-0.0001735561,24.3675,0,1.6245,-8.661021E-05,24.3675,0
1.6254,1.980621E-05,24.381,0,1.6254,-7.687495E-05,24.381,0
1.6263,-7.351797E-05,24.3945,0,1.6263,-5.740444E-05,24.3945,0
1.6272,-0.0001346151,24.408,0,1.6272,-0.0001618067,24.408,0
1.6281,9.332418E-05,24.4215,0,1.6281,-0.0001735561,24.4215,0
1.629,8.123904E-05,24.435,0,1.629,5.102617E-05,24.435,0
1.6299,0.0001594568,24.4485,0,1.6299,7.553216E-05,24.4485,0
1.6308,0.0003125353,24.462,0,1.6308,5.673304E-05,24.462,0
1.6317,0.0002420386,24.4755,0,1.6317,0.0002178683,24.4755,0
1.6326,7.620356E-05,24.489,0,1.6326,0.0002440528,24.489,0
1.6335,5.069047E-05,24.5025,0,1.6335,0.0001010452,24.5025,0
1.6344,-4.36408E-06,24.516,0,1.6344,-8.86244E-05,24.516,0
1.6353,8.96315E-05,24.5295,0,1.6353,-0.0002030976,24.5295,0
1.6362,3.289845E-05,24.543,0,1.6362,-4.36408E-06,24.543,0
1.6371,4.800488E-05,24.5565,0,1.6371,-8.627451E-05,24.5565,0
1.638,0.0001661708,24.57,0,1.638,-6.311131E-05,24.57,0
1.6389,9.198138E-05,24.5835,0,1.6389,-0.0001517357,24.5835,0
1.6398,-4.263371E-05,24.597,0,1.6398,-0.0002386816,24.597,0
1.6407,0.0001027237,24.6105,0,1.6407,-0.0002554666,24.6105,0
1.6416,0.0001668421,24.624,0,1.6416,-0.0002098116,24.624,0
1.6425,-9.768826E-05,24.6375,0,1.6425,-0.0001849699,24.6375,0
1.6434,-0.0001044022,24.651,0,1.6434,0.0001027237,24.651,0
1.6443,2.349889E-06,24.6645,0,1.6443,0.0002124971,24.6645,0
1.6452,-9.063859E-05,24.678,0,1.6452,0.0002262608,24.678,0
1.6461,-0.0001252155,24.6915,0,1.6461,0.0002514381,24.6915,0
1.647,-2.316319E-05,24.705,0,1.647,0.0001346151,24.705,0
1.6479,-8.157473E-05,24.7185,0,1.6479,1.980621E-05,24.7185,0
1.6488,-1.007095E-05,24.732,0,1.6488,-4.53193E-05,24.732,0
1.6497,7.956054E-05,24.7455,0,1.6497,4.36408E-05,24.7455,0
1.6506,6.61326E-05,24.759,0,1.6506,5.438316E-05,24.759,0
1.6515,6.814679E-05,24.7725,0,1.6515,-7.687495E-05,24.7725,0
1.6524,0.000126894,24.786,0,1.6524,-0.0001493858,24.786,0
1.6533,-2.450599E-05,24.7995,0,1.6533,-9.936675E-05,24.7995,0
1.6542,1.678492E-06,24.813,0,1.6542,-0.0001366293,24.813,0
1.6551,0.0001534142,24.8265,0,1.6551,-0.000172549,24.8265,0
1.656,-6.210422E-05,24.84,0,1.656,3.927672E-05,24.84,0
1.6569,-4.39765E-05,24.8535,0,1.6569,7.486076E-05,24.8535,0
1.6578,5.740444E-05,24.867,0,1.6578,-8.023193E-05,24.867,0
1.6587,6.378271E-06,24.8805,0,1.6587,1.745632E-05,24.8805,0
1.6596,-0.0001366293,24.894,0,1.6596,3.659113E-05,24.894,0
1.6605,-0.0001077592,24.9075,0,1.6605,4.53193E-05,24.9075,0
1.6614,-4.46479E-05,24.921,0,1.6614,7.821774E-05,24.921,0
1.6623,9.735256E-06,24.9345,0,1.6623,8.728161E-06,24.9345,0
1.6632,4.733349E-05,24.948,0,1.6632,6.948959E-05,24.948,0
1.6641,7.486076E-05,24.9615,0,1.6641,0.0001473716,24.9615,0
1.665,-3.860533E-05,24.975,0,1.665,5.606165E-05,24.975,0
1.6659,-4.028382E-06,24.9885,0,1.6659,-3.323415E-05,24.9885,0
1.6668,1.980621E-05,25.002,0,1.6668,4.39765E-05,25.002,0
1.6677,-5.203327E-05,25.0155,0,1.6677,-2.987716E-05,25.0155,0
1.6686,2.920577E-05,25.029,0,1.6686,-0.0001708705,25.029,0
1.6695,-2.316319E-05,25.0425,0,1.6695,-0.0001138018,25.0425,0
1.6704,-0.0001406577,25.056,0,1.6704,-8.761731E-05,25.056,0
1.6713,-0.0001037308,25.0695,0,1.6713,-4.263371E-05,25.0695,0
1.6722,9.030289E-05,25.083,0,1.6722,8.82887E-05,25.083,0
1.6731,-2.081331E-05,25.0965,0,1.6731,8.526741E-05,25.0965,0
1.674,-0.0001517357,25.11,0,1.674,-7.284657E-05,25.11,0
1.6749,-0.0001537499,25.1235,0,1.6749,-6.6804E-05,25.1235,0
1.6758,-0.0001007095,25.137,0,1.6758,-5.069047E-05,25.137,0
1.6767,-0.000175906,25.1505,0,1.6767,4.834058E-05,25.1505,0
1.6776,-0.0001681849,25.164,0,1.6776,3.021286E-05,25.164,0
1.6785,-3.155566E-05,25.1775,0,1.6785,-8.325322E-05,25.1775,0
1.6794,6.210422E-05,25.191,0,1.6794,-0.000109102,25.191,0
1.6803,-5.371176E-06,25.2045,0,1.6803,-2.752728E-05,25.2045,0
1.6812,3.457694E-05,25.218,0,1.6812,-9.701686E-05,25.218,0
1.6821,0.0001309224,25.2315,0,1.6821,-0.0001728847,25.2315,0
1.683,-0.0001255512,25.245,0,1.683,-1.275654E-05,25.245,0
1.6839,-9.433127E-05,25.2585,0,1.6839,-1.275654E-05,25.2585,0
1.6848,0.0001174945,25.272,0,1.6848,-0.0001577783,25.272,0
1.6857,0.0001695277,25.2855,0,1.6857,-0.0001326009,25.2855,0
1.6866,6.344701E-05,25.299,0,1.6866,1.007095E-06,25.299,0
1.6875,-6.411841E-05,25.3125,0,1.6875,1.342794E-06,25.3125,0
1.6884,2.383459E-05,25.326,0,1.6884,-4.901198E-05,25.326,0
1.6893,0.0001953765,25.3395,0,1.6893,-2.987716E-05,25.3395,0
1.6902,0.0001668421,25.353,0,1.6902,0.0001765774,25.353,0
1.6911,-8.82887E-05,25.3665,0,1.6911,0.0001376364,25.3665,0
1.692,-4.196231E-05,25.38,0,1.692,5.606165E-05,25.38,0
1.6929,-2.349889E-06,25.3935,0,1.6929,-5.035477E-06,25.3935,0
1.6938,-0.0001252155,25.407,0,1.6938,2.920577E-05,25.407,0
1.6947,-0.0001795987,25.4205,0,1.6947,-1.644922E-05,25.4205,0
1.6956,0.0001017166,25.434,0,1.6956,-0.0001131304,25.434,0
1.6965,0.0001587854,25.4475,0,1.6965,2.584878E-05,25.4475,0
1.6974,0.0002806439,25.461,0,1.6974,-2.417029E-05,25.461,0
1.6983,0.0002252537,25.4745,0,1.6983,-0.0001487144,25.4745,0
1.6992,0.0001352865,25.488,0,1.6992,-0.0001389792,25.488,0
1.7001,-0.0001141375,25.5015,0,1.7001,-0.0001913481,25.5015,0
1.701,-8.258183E-05,25.515,0,1.701,-0.0002192111,25.515,0
1.7019,-0.0001279011,25.5285,0,1.7019,-0.0001822843,25.5285,0
1.7028,-0.000252781,25.542,0,1.7028,-0.0001456931,25.542,0
1.7037,-0.0002507668,25.5555,0,1.7037,0.0001305867,25.5555,0
1.7046,-0.0002887007,25.569,0,1.7046,0.0003414054,25.569,0
1.7055,-0.0002621805,25.5825,0,1.7055,0.0002198825,25.5825,0
1.7064,-0.0001537499,25.596,0,1.7064,5.740444E-05,25.596,0
1.7073,-5.304036E-05,25.6095,0,1.7073,0.000105745,25.6095,0
1.7082,-3.692683E-05,25.623,0,1.7082,6.915389E-05,25.623,0
1.7091,1.007095E-06,25.6365,0,1.7091,-7.049668E-06,25.6365,0
1.71,1.174945E-05,25.65,0,1.71,9.903105E-05,25.65,0
1.7109,4.263371E-05,25.6635,0,1.7109,3.994812E-05,25.6635,0
1.7118,-4.934768E-05,25.677,0,1.7118,-0.0002443885,25.677,0
1.7127,6.915389E-05,25.6905,0,1.7127,-0.000224918,25.6905,0
1.7136,-2.920577E-05,25.704,0,1.7136,-0.000144686,25.704,0
1.7145,2.987716E-05,25.7175,0,1.7145,-0.0001416648,25.7175,0
1.7154,0.0001205158,25.731,0,1.7154,-0.0001782559,25.731,0
1.7163,0.0002292821,25.7445,0,1.7163,-0.0001416648,25.7445,0
1.7172,8.459602E-05,25.758,0,1.7172,8.795301E-05,25.758,0
1.7181,-2.652018E-05,25.7715,0,1.7181,-1.577783E-05,25.7715,0
1.719,5.471885E-05,25.785,0,1.719,-9.365987E-05,25.785,0
1.7199,8.191043E-05,25.7985,0,1.7199,-9.231708E-05,25.7985,0
1.7208,-6.344701E-05,25.812,0,1.7208,-8.526741E-05,25.812,0
1.7217,4.699779E-05,25.8255,0,1.7217,-7.217517E-05,25.8255,0
1.7226,0.0001349508,25.839,0,1.7226,-0.0001070878,25.839,0
1.7235,-1.510643E-05,25.8525,0,1.7235,3.054856E-05,25.8525,0
1.7244,-6.143282E-05,25.866,0,1.7244,0.000112459,25.866,0
1.7253,1.779202E-05,25.8795,0,1.7253,0.0001205158,25.8795,0
1.7262,0.000105745,25.893,0,1.7262,5.874724E-05,25.893,0
1.7271,-4.33051E-05,25.9065,0,1.7271,0.0001514,25.9065,0
1.728,-1.644922E-05,25.92,0,1.728,0.0001077592,25.92,0
1.7289,1.913481E-05,25.9335,0,1.7289,4.53193E-05,25.9335,0
1.7298,8.392462E-06,25.947,0,1.7298,-5.035477E-05,25.947,0
1.7307,2.1149E-05,25.9605,0,1.7307,-1.913481E-05,25.9605,0
1.7316,-4.33051E-05,25.974,0,1.7316,-2.383459E-05,25.974,0
1.7325,-9.399558E-06,25.9875,0,1.7325,-2.517739E-05,25.9875,0
1.7334,0.0001178302,26.001,0,1.7334,-7.049668E-06,26.001,0
1.7343,-4.699779E-05,26.0145,0,1.7343,9.835965E-05,26.0145,0
1.7352,-9.265278E-05,26.028,0,1.7352,3.088426E-05,26.028,0
1.7361,9.835965E-05,26.0415,0,1.7361,-8.123904E-05,26.0415,0
1.737,2.920577E-05,26.055,0,1.737,7.687495E-05,26.055,0
1.7379,-0.0001003738,26.0685,0,1.7379,7.888914E-05,26.0685,0
1.7388,2.618448E-05,26.082,0,1.7388,1.107805E-05,26.082,0
1.7397,0.0001144732,26.0955,0,1.7397,-6.378271E-06,26.0955,0
1.7406,-0.0001017166,26.109,0,1.7406,2.484169E-05,26.109,0
1.7415,-4.901198E-05,26.1225,0,1.7415,-3.054856E-05,26.1225,0
1.7424,4.39765E-05,26.136,0,1.7424,-9.164568E-05,26.136,0
1.7433,6.378271E-06,26.1495,0,1.7433,-4.196231E-05,26.1495,0
1.7442,-1.745632E-05,26.163,0,1.7442,8.761731E-05,26.163,0
1.7451,5.673304E-05,26.1765,0,1.7451,-5.035477E-06,26.1765,0
1.746,3.155566E-05,26.19,0,1.746,-0.0001671778,26.19,0
1.7469,-5.035477E-06,26.2035,0,1.7469,-0.0001883268,26.2035,0
1.7478,-8.291753E-05,26.217,0,1.7478,-2.21561E-05,26.217,0
1.7487,-9.500267E-05,26.2305,0,1.7487,-3.021286E-06,26.2305,0
1.7496,4.33051E-05,26.244,0,1.7496,-6.6804E-05,26.244,0
1.7505,-4.39765E-05,26.2575,0,1.7505,5.539025E-05,26.2575,0
1.7514,-6.54612E-05,26.271,0,1.7514,2.28275E-05,26.271,0
1.7523,-6.74754E-05,26.2845,0,1.7523,-8.358892E-05,26.2845,0
1.7532,-3.323415E-05,26.298,0,1.7532,-5.169757E-05,26.298,0
1.7541,-5.706874E-05,26.3115,0,1.7541,-1.644922E-05,26.3115,0
1.755,-2.584878E-05,26.325,0,1.755,-6.57969E-05,26.325,0
1.7559,3.189136E-05,26.3385,0,1.7559,-0.0001201801,26.3385,0
1.7568,0.0001873197,26.352,0,1.7568,-0.0001560998,26.352,0
1.7577,3.726253E-05,26.3655,0,1.7577,-0.0001299153,26.3655,0
1.7586,5.035477E-05,26.379,0,1.7586,-6.51255E-05,26.379,0
1.7595,0.000115816,26.3925,0,1.7595,3.961242E-05,26.3925,0
1.7604,1.846342E-05,26.406,0,1.7604,5.706874E-05,26.406,0
1.7613,-9.097429E-05,26.4195,0,1.7613,0.0001440146,26.4195,0
1.7622,7.150377E-05,26.433,0,1.7622,4.934768E-05,26.433,0
1.7631,0.0002024262,26.4465,0,1.7631,-0.0001507286,26.4465,0
1.764,-4.666209E-05,26.46,0,1.764,-8.191043E-05,26.46,0
1.7649,-0.0002715801,26.4735,0,1.7649,-6.210422E-05,26.4735,0
1.7658,-0.000193698,26.487,0,1.7658,-0.0001524071,26.487,0
1.7667,-0.0001332723,26.5005,0,1.7667,0.0002279393,26.5005,0
1.7676,-0.0001185016,26.514,0,1.7676,0.0003602045,26.514,0
1.7685,0.0001359579,26.5275,0,1.7685,0.0001795987,26.5275,0
1.7694,0.0001097734,26.541,0,1.7694,3.390555E-05,26.541,0
1.7703,-3.356985E-07,26.5545,0,1.7703,-0.0001661708,26.5545,0
1.7712,8.157473E-05,26.568,0,1.7712,-9.634547E-05,26.568,0
1.7721,0.0001540856,26.5815,0,1.7721,-4.800488E-05,26.5815,0
1.773,8.090334E-05,26.595,0,1.773,3.692683E-05,26.595,0
1.7739,0.0001299153,26.6085,0,1.7739,5.807584E-05,26.6085,0
1.7748,0.0001017166,26.622,0,1.7748,0.0002198825,26.622,0
1.7757,1.712062E-05,26.6355,0,1.7757,-0.0001473716,26.6355,0
1.7766,5.471885E-05,26.649,0,1.7766,-0.000249424,26.649,0
1.7775,1.544213E-05,26.6625,0,1.7775,2.719158E-05,26.6625,0
1.7784,-7.687495E-05,26.676,0,1.7784,5.337606E-05,26.676,0
1.7793,2.316319E-05,26.6895,0,1.7793,-2.1149E-05,26.6895,0
1.7802,2.081331E-05,26.703,0,1.7802,-9.063859E-06,26.703,0
1.7811,-0.000148043,26.7165,0,1.7811,2.517739E-05,26.7165,0
1.782,-0.0001571069,26.73,0,1.782,-4.699779E-06,26.73,0
1.7829,-0.000115816,26.7435,0,1.7829,-2.786297E-05,26.7435,0
1.7838,-8.627451E-05,26.757,0,1.7838,-5.102617E-05,26.757,0
1.7847,-0.0001990692,26.7705,0,1.7847,-4.36408E-05,26.7705,0
1.7856,-0.000148043,26.784,0,1.7856,-6.61326E-05,26.784,0
1.7865,-0.0001201801,26.7975,0,1.7865,-4.666209E-05,26.7975,0
1.7874,-0.0001775845,26.811,0,1.7874,-8.090334E-05,26.811,0
1.7883,-0.0001769131,26.8245,0,1.7883,-2.853437E-05,26.8245,0
1.7892,4.766919E-05,26.838,0,1.7892,-4.061952E-05,26.838,0
1.7901,0.0002239109,26.8515,0,1.7901,-0.0001493858,26.8515,0
1.791,2.752728E-05,26.865,0,1.791,-0.0001040665,26.865,0
1.7919,-8.023193E-05,26.8785,0,1.7919,-6.915389E-05,26.8785,0
1.7928,-3.021286E-06,26.892,0,1.7928,-0.0001876554,26.892,0
1.7937,-0.0001467002,26.9055,0,1.7937,-0.0001171588,26.9055,0
1.7946,-0.0001097734,26.919,0,1.7946,-1.007095E-06,26.919,0
1.7955,-4.33051E-05,26.9325,0,1.7955,-1.577783E-05,26.9325,0
1.7964,0.0001738918,26.946,0,1.7964,3.994812E-05,26.946,0
1.7973,0.0003313344,26.9595,0,1.7973,-7.653925E-05,26.9595,0
1.7982,8.761731E-05,26.973,0,1.7982,3.256275E-05,26.973,0
1.7991,-9.130999E-05,26.9865,0,1.7991,1.846342E-05,26.9865,0
1.8,-1.376364E-05,27,0,1.8,-6.176852E-05,27,0
1.8009,4.867628E-05,27.0135,0,1.8009,-7.418937E-05,27.0135,0
1.8018,-6.210422E-05,27.027,0,1.8018,-4.632639E-05,27.027,0
1.8027,-8.358892E-05,27.0405,0,1.8027,-6.948959E-05,27.0405,0
1.8036,9.903105E-05,27.054,0,1.8036,-0.0001755703,27.054,0
1.8045,1.678492E-06,27.0675,0,1.8045,-5.740444E-05,27.0675,0
1.8054,1.376364E-05,27.081,0,1.8054,1.242084E-05,27.081,0
1.8063,0.0001661708,27.0945,0,1.8063,7.754635E-05,27.0945,0
1.8072,0.0001926909,27.108,0,1.8072,0.0002991073,27.108,0
1.8081,2.047761E-05,27.1215,0,1.8081,0.0002101472,27.1215,0
1.809,4.36408E-06,27.135,0,1.809,6.378271E-06,27.135,0
1.8099,-2.853437E-05,27.1485,0,1.8099,-6.344701E-05,27.1485,0
1.8108,-2.719158E-05,27.162,0,1.8108,-0.0001104448,27.162,0
1.8117,-4.599069E-05,27.1755,0,1.8117,-6.54612E-05,27.1755,0
1.8126,-8.291753E-05,27.189,0,1.8126,2.484169E-05,27.189,0
1.8135,-5.404745E-05,27.2025,0,1.8135,4.129091E-05,27.2025,0
1.8144,1.376364E-05,27.216,0,1.8144,-1.174945E-05,27.216,0
1.8153,-3.524834E-05,27.2295,0,1.8153,4.36408E-06,27.2295,0
1.8162,-0.0001138018,27.243,0,1.8162,1.812772E-05,27.243,0
1.8171,-1.712062E-05,27.2565,0,1.8171,-2.954147E-05,27.2565,0
1.818,-3.894102E-05,27.27,0,1.818,6.411841E-05,27.27,0
1.8189,-2.014191E-05,27.2835,0,1.8189,4.263371E-05,27.2835,0
1.8198,-5.471885E-05,27.297,0,1.8198,3.692683E-06,27.297,0
1.8207,-5.572595E-05,27.3105,0,1.8207,4.39765E-05,27.3105,0
1.8216,-0.0001174945,27.324,0,1.8216,2.887007E-05,27.324,0
1.8225,-6.009003E-05,27.3375,0,1.8225,-2.349889E-06,27.3375,0
1.8234,-6.378271E-06,27.351,0,1.8234,2.853437E-05,27.351,0
1.8243,0.0001067521,27.3645,0,1.8243,-2.047761E-05,27.3645,0
1.8252,9.063859E-06,27.378,0,1.8252,-1.107805E-05,27.378,0
1.8261,-9.768826E-05,27.3915,0,1.8261,-0.0001007095,27.3915,0
1.827,-3.424125E-05,27.405,0,1.827,-0.0001148089,27.405,0
1.8279,2.920577E-05,27.4185,0,1.8279,-0.000102388,27.4185,0
1.8288,-9.231708E-05,27.432,0,1.8288,-5.270466E-05,27.432,0
1.8297,-6.378271E-06,27.4455,0,1.8297,-0.0001252155,27.4455,0
1.8306,7.284657E-05,27.459,0,1.8306,-0.0001926909,27.459,0
1.8315,-1.107805E-05,27.4725,0,1.8315,-3.994812E-05,27.4725,0
1.8324,0.0001386435,27.486,0,1.8324,-2.551309E-05,27.486,0
1.8333,6.6804E-05,27.4995,0,1.8333,-0.000140322,27.4995,0
1.8342,-5.203327E-05,27.513,0,1.8342,0.0001299153,27.513,0
1.8351,-4.934768E-05,27.5265,0,1.8351,0.0003205921,27.5265,0
1.836,3.457694E-05,27.54,0,1.836,0.0001567712,27.54,0
1.8369,6.210422E-05,27.5535,0,1.8369,1.913481E-05,27.5535,0
1.8378,4.766919E-05,27.567,0,1.8378,-3.625543E-05,27.567,0
1.8387,4.061952E-05,27.5805,0,1.8387,3.021286E-06,27.5805,0
1.8396,9.063859E-06,27.594,0,1.8396,-1.577783E-05,27.594,0
1.8405,7.049668E-06,27.6075,0,1.8405,-6.848249E-05,27.6075,0
1.8414,9.634547E-05,27.621,0,1.8414,-0.0001738918,27.621,0
1.8423,-7.586786E-05,27.6345,0,1.8423,-9.298848E-05,27.6345,0
1.8432,-9.433127E-05,27.648,0,1.8432,-0.0001842985,27.648,0
1.8441,9.600977E-05,27.6615,0,1.8441,-0.0002648661,27.6615,0
1.845,-8.392462E-05,27.675,0,1.845,-4.800488E-05,27.675,0
1.8459,-0.0001114519,27.6885,0,1.8459,1.309224E-05,27.6885,0
1.8468,0.000115816,27.702,0,1.8468,-0.0001319295,27.702,0
1.8477,0.0001178302,27.7155,0,1.8477,-4.599069E-05,27.7155,0
1.8486,-0.000186984,27.729,0,1.8486,4.196231E-05,27.729,0
1.8495,-0.0002101472,27.7425,0,1.8495,-1.779202E-05,27.7425,0
1.8504,-0.0001077592,27.756,0,1.8504,-3.726253E-05,27.756,0
1.8513,-8.761731E-05,27.7695,0,1.8513,-5.270466E-05,27.7695,0
1.8522,-3.793393E-05,27.783,0,1.8522,0.0001111162,27.783,0
1.8531,-2.316319E-05,27.7965,0,1.8531,0.0002547952,27.7965,0
1.854,-5.706874E-06,27.81,0,1.854,0.0002383459,27.81,0
1.8549,0.0001500572,27.8235,0,1.8549,0.0001567712,27.8235,0
1.8558,0.0001728847,27.837,0,1.8558,0.0001530785,27.837,0
1.8567,0.0001003738,27.8505,0,1.8567,6.411841E-05,27.8505,0
1.8576,0.0001285725,27.864,0,1.8576,-0.0001003738,27.864,0
1.8585,8.728161E-06,27.8775,0,1.8585,1.577783E-05,27.8775,0
1.8594,8.123904E-05,27.891,0,1.8594,2.819867E-05,27.891,0
1.8603,-1.174945E-05,27.9045,0,1.8603,-0.0001171588,27.9045,0
1.8612,-0.0001399863,27.918,0,1.8612,-0.0001151446,27.918,0
1.8621,-6.982528E-05,27.9315,0,1.8621,-2.18204E-05,27.9315,0
1.863,-1.947051E-05,27.945,0,1.863,-5.035477E-06,27.945,0
1.8639,-6.009003E-05,27.9585,0,1.8639,-2.014191E-05,27.9585,0
1.8648,1.980621E-05,27.972,0,1.8648,-7.754635E-05,27.972,0
1.8657,0.0001285725,27.9855,0,1.8657,0.0001121233,27.9855,0
1.8666,9.231708E-05,27.999,0,1.8666,-5.941863E-05,27.999,0
1.8675,0.0001044022,28.0125,0,1.8675,-0.0003172351,28.0125,0
1.8684,4.968337E-05,28.026,0,1.8684,-0.0001866484,28.026,0
1.8693,-4.196231E-05,28.0395,0,1.8693,-8.392462E-06,28.0395,0
1.8702,-3.826963E-05,28.053,0,1.8702,-5.841154E-05,28.053,0
1.8711,8.82887E-05,28.0665,0,1.8711,-6.64683E-05,28.0665,0
1.872,-0.0001050736,28.08,0,1.872,2.18204E-05,28.08,0
1.8729,-9.097429E-05,28.0935,0,1.8729,-3.793393E-05,28.0935,0
1.8738,3.256275E-05,28.107,0,1.8738,-0.0001312581,28.107,0
1.8747,-9.735256E-06,28.1205,0,1.8747,-4.263371E-05,28.1205,0
1.8756,-6.311131E-05,28.134,0,1.8756,2.24918E-05,28.134,0
1.8765,6.64683E-05,28.1475,0,1.8765,-3.021286E-06,28.1475,0
1.8774,1.040665E-05,28.161,0,1.8774,-1.913481E-05,28.161,0
1.8783,3.054856E-05,28.1745,0,1.8783,-8.157473E-05,28.1745,0
1.8792,-6.378271E-06,28.188,0,1.8792,-8.392462E-06,28.188,0
1.8801,-0.0001463645,28.2015,0,1.8801,-3.692683E-05,28.2015,0
1.881,-7.553216E-05,28.215,0,1.881,-5.908293E-05,28.215,0
1.8819,-3.021286E-06,28.2285,0,1.8819,-9.701686E-05,28.2285,0
1.8828,-0.0001265583,28.242,0,1.8828,-1.712062E-05,28.242,0
1.8837,-0.0001752346,28.2555,0,1.8837,-1.913481E-05,28.2555,0
1.8846,5.102617E-05,28.269,0,1.8846,-0.0001003738,28.269,0
1.8855,2.652018E-05,28.2825,0,1.8855,6.6804E-05,28.2825,0
1.8864,-6.344701E-05,28.296,0,1.8864,9.735256E-05,28.296,0
1.8873,0.0001144732,28.3095,0,1.8873,1.980621E-05,28.3095,0
1.8882,7.855344E-05,28.323,0,1.8882,4.36408E-06,28.323,0
1.8891,-6.109713E-05,28.3365,0,1.8891,6.411841E-05,28.3365,0
1.89,-9.970245E-05,28.35,0,1.89,6.277562E-05,28.35,0
1.8909,-0.0001188373,28.3635,0,1.8909,4.53193E-05,28.3635,0
1.8918,-8.89601E-05,28.377,0,1.8918,-8.661021E-05,28.377,0
1.8927,-0.0001292439,28.3905,0,1.8927,-9.500267E-05,28.3905,0
1.8936,-0.0001148089,28.404,0,1.8936,-6.78111E-05,28.404,0
1.8945,8.728161E-06,28.4175,0,1.8945,-0.000115816,28.4175,0
1.8954,0.0001574426,28.431,0,1.8954,-0.0001030594,28.431,0
1.8963,0.0001748989,28.4445,0,1.8963,2.853437E-05,28.4445,0
1.8972,9.533837E-05,28.458,0,1.8972,7.721065E-06,28.458,0
1.8981,0.0001205158,28.4715,0,1.8981,-2.383459E-05,28.4715,0
1.899,6.51255E-05,28.485,0,1.899,2.786297E-05,28.485,0
1.8999,-7.754635E-05,28.4985,0,1.8999,3.692683E-05,28.4985,0
1.9008,-8.090334E-05,28.512,0,1.9008,-5.975433E-05,28.512,0
1.9017,-2.383459E-05,28.5255,0,1.9017,-2.551309E-05,28.5255,0
1.9026,-0.0001181659,28.539,0,1.9026,3.155566E-05,28.539,0
1.9035,-0.0001164874,28.5525,0,1.9035,8.996719E-05,28.5525,0
1.9044,-3.860533E-05,28.566,0,1.9044,7.016098E-05,28.566,0
1.9053,1.510643E-05,28.5795,0,1.9053,-5.136187E-05,28.5795,0
1.9062,7.855344E-05,28.593,0,1.9062,6.54612E-05,28.593,0
1.9071,-3.054856E-05,28.6065,0,1.9071,8.023193E-05,28.6065,0
1.908,-4.229801E-05,28.62,0,1.908,2.987716E-05,28.62,0
1.9089,1.980621E-05,28.6335,0,1.9089,-0.0001017166,28.6335,0
1.9098,-6.948959E-05,28.647,0,1.9098,7.150377E-05,28.647,0
1.9107,-6.042573E-06,28.6605,0,1.9107,0.0001077592,28.6605,0
1.9116,0.0001359579,28.674,0,1.9116,-5.740444E-05,28.674,0
1.9125,-5.841154E-05,28.6875,0,1.9125,6.210422E-05,28.6875,0
1.9134,-5.706874E-06,28.701,0,1.9134,3.860533E-05,28.701,0
1.9143,9.030289E-05,28.7145,0,1.9143,-0.0001238727,28.7145,0
1.9152,-5.169757E-05,28.728,0,1.9152,-0.0001453574,28.728,0
1.9161,-0.0001292439,28.7415,0,1.9161,-0.0001305867,28.7415,0
1.917,-0.0001104448,28.755,0,1.917,-0.0001510643,28.755,0
1.9179,-4.39765E-05,28.7685,0,1.9179,-0.0001644923,28.7685,0
1.9188,7.183947E-05,28.782,0,1.9188,-0.0002474098,28.782,0
1.9197,0.0001080949,28.7955,0,1.9197,-5.941863E-05,28.7955,0
1.9206,-1.242084E-05,28.809,0,1.9206,0.0001295796,28.809,0
1.9215,-7.956054E-05,28.8225,0,1.9215,0.0001500572,28.8225,0
1.9224,4.39765E-05,28.836,0,1.9224,5.941863E-05,28.836,0
1.9233,-2.047761E-05,28.8495,0,1.9233,2.417029E-05,28.8495,0
1.9242,-0.0001104448,28.863,0,1.9242,-3.054856E-05,28.863,0
1.9251,5.270466E-05,28.8765,0,1.9251,-0.0001104448,28.8765,0
1.926,-6.713969E-06,28.89,0,1.926,8.291753E-05,28.89,0
1.9269,1.174945E-05,28.9035,0,1.9269,0.000105745,28.9035,0
1.9278,0.0001258869,28.917,0,1.9278,0.0001856413,28.917,0
1.9287,2.349889E-06,28.9305,0,1.9287,0.0003575189,28.9305,0
1.9296,-0.0001819486,28.944,0,1.9296,0.0001634852,28.944,0
1.9305,-0.0003001145,28.9575,0,1.9305,-1.913481E-05,28.9575,0
1.9314,-0.0003014572,28.971,0,1.9314,-1.577783E-05,28.971,0
1.9323,-0.0001164874,28.9845,0,1.9323,-0.0001148089,28.9845,0
1.9332,-0.0001054093,28.998,0,1.9332,-0.000119173,28.998,0
1.9341,-6.243992E-05,29.0115,0,1.9341,-9.500267E-05,29.0115,0
1.935,0.0002809796,29.025,0,1.935,-0.0002208896,29.025,0
1.9359,0.0005817655,29.0385,0,1.9359,-0.0002534524,29.0385,0
1.9368,0.0003474479,29.052,0,1.9368,-0.0001406577,29.052,0
1.9377,0.0001178302,29.0655,0,1.9377,-0.0001094377,29.0655,0
1.9386,0.0001215228,29.079,0,1.9386,-0.0001252155,29.079,0
1.9395,-5.404745E-05,29.0925,0,1.9395,5.337606E-05,29.0925,0
1.9404,1.040665E-05,29.106,0,1.9404,0.0001084306,29.106,0
1.9413,2.450599E-05,29.1195,0,1.9413,-1.040665E-05,29.1195,0
1.9422,-0.0001399863,29.133,0,1.9422,-3.659113E-05,29.133,0
1.9431,-0.0002135042,29.1465,0,1.9431,-2.786297E-05,29.1465,0
1.944,-6.478981E-05,29.16,0,1.944,-7.016098E-05,29.16,0
1.9449,7.486076E-05,29.1735,0,1.9449,-0.0001997406,29.1735,0
1.9458,0.0003152209,29.187,0,1.9458,-0.0003309987,29.187,0
1.9467,0.0002772869,29.2005,0,1.9467,-0.0001520714,29.2005,0
1.9476,1.275654E-05,29.214,0,1.9476,3.726253E-05,29.214,0
1.9485,-6.076142E-05,29.2275,0,1.9485,8.560311E-05,29.2275,0
1.9494,5.304036E-05,29.241,0,1.9494,0.0001339437,29.241,0
1.9503,-0.000115816,29.2545,0,1.9503,0.0002202182,29.2545,0
1.9512,-0.0001309224,29.268,0,1.9512,0.0001319295,29.268,0
1.9521,2.081331E-05,29.2815,0,1.9521,-0.0001467002,29.2815,0
1.953,-0.0001440146,29.295,0,1.953,-4.599069E-05,29.295,0
1.9539,-9.097429E-05,29.3085,0,1.9539,1.141375E-05,29.3085,0
1.9548,3.994812E-05,29.322,0,1.9548,-1.577783E-05,29.322,0
1.9557,-1.107805E-05,29.3355,0,1.9557,-8.96315E-05,29.3355,0
1.9566,-0.0002417029,29.349,0,1.9566,-0.000144686,29.349,0
1.9575,-0.0001332723,29.3625,0,1.9575,-0.0001849699,29.3625,0
1.9584,-3.356985E-07,29.376,0,1.9584,-0.0001554284,29.376,0
1.9593,-6.814679E-05,29.3895,0,1.9593,-6.478981E-05,29.3895,0
1.9602,3.692683E-06,29.403,0,1.9602,6.344701E-05,29.403,0
1.9611,0.0001349508,29.4165,0,1.9611,5.471885E-05,29.4165,0
1.962,0.0001574426,29.43,0,1.962,3.155566E-05,29.43,0
1.9629,0.0001762417,29.4435,0,1.9629,6.042573E-05,29.4435,0
1.9638,-2.719158E-05,29.457,0,1.9638,0.0001201801,29.457,0
1.9647,-5.539025E-05,29.4705,0,1.9647,7.620356E-05,29.4705,0
1.9656,5.874724E-05,29.484,0,1.9656,-4.46479E-05,29.484,0
1.9665,-0.0001151446,29.4975,0,1.9665,-4.733349E-05,29.4975,0
1.9674,-0.0002081331,29.511,0,1.9674,-5.236896E-05,29.511,0
1.9683,-0.0002017548,29.5245,0,1.9683,-3.659113E-05,29.5245,0
1.9692,-2.819867E-05,29.538,0,1.9692,5.438316E-05,29.538,0
1.9701,2.383459E-05,29.5515,0,1.9701,0.0001352865,29.5515,0
1.971,-5.941863E-05,29.565,0,1.971,-9.063859E-06,29.565,0
1.9719,-6.143282E-05,29.5785,0,1.9719,-6.915389E-05,29.5785,0
1.9728,2.517739E-05,29.592,0,1.9728,-2.819867E-05,29.592,0
1.9737,3.457694E-05,29.6055,0,1.9737,7.687495E-05,29.6055,0
1.9746,5.337606E-05,29.619,0,1.9746,3.021286E-06,29.619,0
1.9755,5.069047E-05,29.6325,0,1.9755,-0.0001315938,29.6325,0
1.9764,1.007095E-06,29.646,0,1.9764,-0.0001037308,29.646,0
1.9773,-9.164568E-05,29.6595,0,1.9773,6.076142E-05,29.6595,0
1.9782,-5.774014E-05,29.673,0,1.9782,5.975433E-05,29.673,0
1.9791,0.0001299153,29.6865,0,1.9791,-1.208515E-05,29.6865,0
1.98,-7.150377E-05,29.7,0,1.98,5.471885E-05,29.7,0
1.9809,-0.0001440146,29.7135,0,1.9809,-5.203327E-05,29.7135,0
1.9818,-7.888914E-05,29.727,0,1.9818,-0.0001527428,29.727,0
1.9827,-4.934768E-05,29.7405,0,1.9827,-8.69459E-05,29.7405,0
1.9836,-0.0001154803,29.754,0,1.9836,-1.577783E-05,29.754,0
1.9845,-5.807584E-05,29.7675,0,1.9845,-1.980621E-05,29.7675,0
1.9854,-8.426032E-05,29.781,0,1.9854,-2.786297E-05,29.781,0
1.9863,-1.477073E-05,29.7945,0,1.9863,-2.987716E-05,29.7945,0
1.9872,4.53193E-05,29.808,0,1.9872,9.030289E-05,29.808,0
1.9881,-2.24918E-05,29.8215,0,1.9881,2.584878E-05,29.8215,0
1.989,2.920577E-05,29.835,0,1.989,9.063859E-06,29.835,0
1.9899,0.0001957122,29.8485,0,1.9899,5.471885E-05,29.8485,0
1.9908,7.687495E-05,29.862,0,1.9908,0.0001188373,29.862,0
1.9917,-7.049668E-06,29.8755,0,1.9917,-1.107805E-05,29.8755,0
1.9926,0.0001467002,29.889,0,1.9926,-0.0001527428,29.889,0
1.9935,5.841154E-05,29.9025,0,1.9935,-1.846342E-05,29.9025,0
1.9944,-8.627451E-05,29.916,0,1.9944,-4.061952E-05,29.916,0
1.9953,-1.846342E-05,29.9295,0,1.9953,-0.0001362936,29.9295,0
1.9962,-7.553216E-05,29.943,0,1.9962,-5.438316E-05,29.943,0
1.9971,-0.0001722133,29.9565,0,1.9971,-0.0001037308,29.9565,0
1.998,-9.030289E-05,29.97,0,1.998,-0.0001433432,29.97,0
1.9989,-5.539025E-05,29.9835,0,1.9989,-0.0001077592,29.9835,0
1.9998,3.692683E-05,29.997,0,1.9998,-0.0001728847,29.997,0
2.0007,7.049668E-05,30.0105,0,2.0007,-7.284657E-05,30.0105,0
2.0016,0.0001359579,30.024,0,2.0016,-5.404745E-05,30.024,0
2.0025,0.0001070878,30.0375,0,2.0025,-9.768826E-05,30.0375,0
2.0034,1.779202E-05,30.051,0,2.0034,-0.0002299535,30.051,0
2.0043,-7.284657E-05,30.0645,0,2.0043,-2.551309E-05,30.0645,0
2.0052,-2.21561E-05,30.078,0,2.0052,-3.256275E-05,30.078,0
2.0061,9.231708E-05,30.0915,0,2.0061,2.18204E-05,30.0915,0
2.007,2.786297E-05,30.105,0,2.007,0.0002987717,30.105,0
2.0079,-7.888914E-05,30.1185,0,2.0079,0.0003189135,30.1185,0
2.0088,-3.323415E-05,30.132,0,2.0088,0.0002910506,30.132,0
2.0097,-3.793393E-05,30.1455,0,2.0097,0.0002286107,30.1455,0
2.0106,-0.0001426719,30.159,0,2.0106,0.0001560998,30.159,0
2.0115,-0.0001460288,30.1725,0,2.0115,3.726253E-05,30.1725,0
2.0124,-6.076142E-05,30.186,0,2.0124,3.793393E-05,30.186,0
2.0133,3.088426E-05,30.1995,0,2.0133,-8.090334E-05,30.1995,0
2.0142,0.0001856413,30.213,0,2.0142,-4.699779E-06,30.213,0
2.0151,9.298848E-05,30.2265,0,2.0151,-3.356985E-07,30.2265,0
2.016,0.0001285725,30.24,0,2.016,-2.954147E-05,30.24,0
2.0169,0.0001279011,30.2535,0,2.0169,-8.627451E-05,30.2535,0
2.0178,-8.090334E-05,30.267,0,2.0178,-3.491264E-05,30.267,0
2.0187,-6.378271E-06,30.2805,0,2.0187,-2.484169E-05,30.2805,0
2.0196,8.023193E-05,30.294,0,2.0196,-5.908293E-05,30.294,0
2.0205,-0.0001030594,30.3075,0,2.0205,9.735256E-06,30.3075,0
2.0214,6.64683E-05,30.321,0,2.0214,1.779202E-05,30.321,0
2.0223,0.0002564736,30.3345,0,2.0223,-5.337606E-05,30.3345,0
2.0232,5.136187E-05,30.348,0,2.0232,6.042573E-06,30.348,0
2.0241,-3.457694E-05,30.3615,0,2.0241,-0.0001050736,30.3615,0
2.025,-4.36408E-06,30.375,0,2.025,-0.0001829557,30.375,0
2.0259,-9.030289E-05,30.3885,0,2.0259,-0.0001295796,30.3885,0
2.0268,-1.947051E-05,30.402,0,2.0268,-0.0002373388,30.402,0
2.0277,5.035477E-05,30.4155,0,2.0277,-0.0001483787,30.4155,0
2.0286,-9.970245E-05,30.429,0,2.0286,-8.358892E-05,30.429,0
2.0295,-0.0001238727,30.4425,0,2.0295,-9.835965E-05,30.4425,0
2.0304,1.443504E-05,30.456,0,2.0304,-5.841154E-05,30.456,0
2.0313,-7.418937E-05,30.4695,0,2.0313,0.0001453574,30.4695,0
2.0322,1.174945E-05,30.483,0,2.0322,8.392462E-06,30.483,0
2.0331,0.000257145,30.4965,0,2.0331,-0.0001873197,30.4965,0
2.034,4.632639E-05,30.51,0,2.034,-2.484169E-05,30.51,0
2.0349,-1.678492E-06,30.5235,0,2.0349,-8.090334E-05,30.5235,0
2.0358,5.471885E-05,30.537,0,2.0358,-0.0001389792,30.537,0
2.0367,5.035477E-06,30.5505,0,2.0367,-2.853437E-05,30.5505,0
2.0376,-3.793393E-05,30.564,0,2.0376,0.0001339437,30.564,0
2.0385,-0.0001027237,30.5775,0,2.0385,0.000112459,30.5775,0
2.0394,-9.164568E-05,30.591,0,2.0394,3.625543E-05,30.591,0
2.0403,-9.164568E-05,30.6045,0,2.0403,-8.493171E-05,30.6045,0
2.0412,-0.0001584497,30.618,0,2.0412,1.275654E-05,30.618,0
2.0421,-0.0002692302,30.6315,0,2.0421,5.740444E-05,30.6315,0
2.043,-0.0002678874,30.645,0,2.043,3.356985E-06,30.645,0
2.0439,-0.0001332723,30.6585,0,2.0439,-1.376364E-05,30.6585,0
2.0448,-8.493171E-05,30.672,0,2.0448,9.332418E-05,30.672,0
2.0457,6.881819E-05,30.6855,0,2.0457,7.721065E-06,30.6855,0
2.0466,0.000470985,30.699,0,2.0466,-0.0001279011,30.699,0
2.0475,0.0003964599,30.7125,0,2.0475,6.713969E-07,30.7125,0
2.0484,0.0001661708,30.726,0,2.0484,-4.733349E-05,30.726,0
2.0493,6.881819E-05,30.7395,0,2.0493,-0.0001178302,30.7395,0
2.0502,8.056763E-06,30.753,0,2.0502,4.867628E-05,30.753,0
2.0511,-5.673304E-05,30.7665,0,2.0511,0.0002121614,30.7665,0
2.052,-8.560311E-05,30.78,0,2.052,0.0001755703,30.78,0
2.0529,-3.524834E-05,30.7935,0,2.0529,4.36408E-05,30.7935,0
2.0538,1.745632E-05,30.807,0,2.0538,-0.0001141375,30.807,0
2.0547,-4.599069E-05,30.8205,0,2.0547,0.0001416648,30.8205,0
2.0556,-5.404745E-05,30.834,0,2.0556,0.0001245441,30.834,0
2.0565,-9.835965E-05,30.8475,0,2.0565,-0.0001769131,30.8475,0
2.0574,-8.89601E-05,30.861,0,2.0574,-0.0001493858,30.861,0
2.0583,-0.0002098116,30.8745,0,2.0583,-2.316319E-05,30.8745,0
2.0592,-0.0001305867,30.888,0,2.0592,-0.000133608,30.888,0
2.0601,4.666209E-05,30.9015,0,2.0601,-0.0003004501,30.9015,0
2.061,-4.36408E-06,30.915,0,2.061,-0.0001752346,30.915,0
2.0619,-8.69459E-05,30.9285,0,2.0619,-0.0002135042,30.9285,0
2.0628,0.0001185016,30.942,0,2.0628,-0.000288365,30.942,0
2.0637,0.0001728847,30.9555,0,2.0637,-4.39765E-05,30.9555,0
2.0646,1.376364E-05,30.969,0,2.0646,0.0001426719,30.969,0
2.0655,3.994812E-05,30.9825,0,2.0655,0.0002453956,30.9825,0
2.0664,4.36408E-06,30.996,0,2.0664,0.0001775845,30.996,0
2.0673,1.007095E-05,31.0095,0,2.0673,1.678492E-05,31.0095,0
2.0682,-1.376364E-05,31.023,0,2.0682,0.0001453574,31.023,0
2.0691,-0.0002061189,31.0365,0,2.0691,9.500267E-05,31.0365,0
2.07,-0.0001258869,31.05,0,2.07,-2.28275E-05,31.05,0
2.0709,3.424125E-05,31.0635,0,2.0709,-3.121996E-05,31.0635,0
2.0718,-0.0001628138,31.077,0,2.0718,6.143282E-05,31.077,0
2.0727,-0.0001564355,31.0905,0,2.0727,4.632639E-05,31.0905,0
2.0736,1.846342E-05,31.104,0,2.0736,-2.450599E-05,31.104,0
2.0745,-1.846342E-05,31.1175,0,2.0745,5.404745E-05,31.1175,0
2.0754,8.023193E-05,31.131,0,2.0754,7.956054E-05,31.131,0
2.0763,0.0001040665,31.1445,0,2.0763,-1.644922E-05,31.1445,0
2.0772,-1.275654E-05,31.158,0,2.0772,-9.735256E-06,31.158,0
2.0781,-7.418937E-05,31.1715,0,2.0781,8.728161E-06,31.1715,0
2.079,-7.217517E-05,31.185,0,2.079,-9.063859E-05,31.185,0
2.0799,1.678492E-06,31.1985,0,2.0799,-6.982528E-05,31.1985,0
2.0808,-2.887007E-05,31.212,0,2.0808,-0.0002118257,31.212,0
2.0817,-6.713969E-06,31.2255,0,2.0817,-0.0001258869,31.2255,0
2.0826,4.129091E-05,31.239,0,2.0826,-2.047761E-05,31.239,0
2.0835,3.356985E-07,31.2525,0,2.0835,-0.0001027237,31.2525,0
2.0844,-7.385367E-05,31.266,0,2.0844,-0.000197055,31.266,0
2.0853,-0.0001718776,31.2795,0,2.0853,-8.72816E-05,31.2795,0
2.0862,-3.054856E-05,31.293,0,2.0862,-9.735256E-06,31.293,0
2.0871,4.666209E-05,31.3065,0,2.0871,-0.0001379721,31.3065,0
2.088,2.484169E-05,31.32,0,2.088,-2.1149E-05,31.32,0
2.0889,0.0001537499,31.3335,0,2.0889,-5.203327E-05,31.3335,0
2.0898,5.740444E-05,31.347,0,2.0898,-0.0001789273,31.347,0
2.0907,5.069047E-05,31.3605,0,2.0907,-3.189136E-05,31.3605,0
2.0916,2.1149E-05,31.374,0,2.0916,0.0001070878,31.374,0
2.0925,-9.063859E-06,31.3875,0,2.0925,6.814679E-05,31.3875,0
2.0934,7.049668E-06,31.401,0,2.0934,8.89601E-05,31.401,0
2.0943,0.0001168231,31.4145,0,2.0943,0.0001218585,31.4145,0
2.0952,-3.189136E-05,31.428,0,2.0952,0.0001514,31.428,0
2.0961,-6.54612E-05,31.4415,0,2.0961,7.116808E-05,31.4415,0
2.097,-1.577783E-05,31.455,0,2.097,5.438316E-05,31.455,0
2.0979,0.000115816,31.4685,0,2.0979,-1.141375E-05,31.4685,0
2.0988,-1.846342E-05,31.482,0,2.0988,0.0001077592,31.482,0
2.0997,-9.735256E-06,31.4955,0,2.0997,-1.040665E-05,31.4955,0
2.1006,0.0001822843,31.509,0,2.1006,-0.0001916838,31.509,0
2.1015,-5.706874E-06,31.5225,0,2.1015,-2.920577E-05,31.5225,0
2.1024,-0.0002155184,31.536,0,2.1024,-2.685588E-05,31.536,0
2.1033,-0.0001584497,31.5495,0,2.1033,-0.000140322,31.5495,0
2.1042,-4.53193E-05,31.563,0,2.1042,-0.0001386435,31.563,0
2.1051,-0.0001621424,31.5765,0,2.1051,-0.000115816,31.5765,0
2.106,5.069047E-05,31.59,0,2.106,-8.661021E-05,31.59,0
2.1069,0.0001171588,31.6035,0,2.1069,8.96315E-05,31.6035,0
2.1078,0.0002558022,31.617,0,2.1078,-1.242084E-05,31.617,0
2.1087,0.0002245823,31.6305,0,2.1087,-4.733349E-05,31.6305,0
2.1096,9.701686E-05,31.644,0,2.1096,-5.807584E-05,31.644,0
2.1105,-1.644922E-05,31.6575,0,2.1105,-8.493171E-05,31.6575,0
2.1114,-0.0001245441,31.671,0,2.1114,-7.083238E-05,31.671,0
2.1123,-0.0001967193,31.6845,0,2.1123,6.848249E-05,31.6845,0
2.1132,-0.0002370031,31.698,0,2.1132,2.786297E-05,31.698,0
2.1141,-6.143282E-05,31.7115,0,2.1141,-2.21561E-05,31.7115,0
2.115,0.0001265583,31.725,0,2.115,0.0001443503,31.725,0
2.1159,3.591974E-05,31.7385,0,2.1159,0.0002158541,31.7385,0
2.1168,0.0001832914,31.752,0,2.1168,0.0001527428,31.752,0
2.1177,0.0003152209,31.7655,0,2.1177,0.0001604639,31.7655,0
2.1186,1.644922E-05,31.779,0,2.1186,0.0001534142,31.779,0
2.1195,-4.46479E-05,31.7925,0,2.1195,6.243992E-05,31.7925,0
2.1204,-7.049668E-06,31.806,0,2.1204,-5.740444E-05,31.806,0
2.1213,1.040665E-05,31.8195,0,2.1213,-0.000169192,31.8195,0
2.1222,-7.452507E-05,31.833,0,2.1222,-0.000130251,31.833,0
2.1231,1.107805E-05,31.8465,0,2.1231,-0.000105745,31.8465,0
2.124,5.404745E-05,31.86,0,2.124,-0.000164828,31.86,0
2.1249,-5.203327E-05,31.8735,0,2.1249,-0.0001832914,31.8735,0
2.1258,-0.0001282368,31.887,0,2.1258,-1.342794E-05,31.887,0
2.1267,-2.24918E-05,31.9005,0,2.1267,5.673304E-05,31.9005,0
2.1276,5.740444E-05,31.914,0,2.1276,3.692683E-06,31.914,0
2.1285,-5.740444E-05,31.9275,0,2.1285,2.987716E-05,31.9275,0
2.1294,-2.887007E-05,31.941,0,2.1294,2.652018E-05,31.941,0
2.1303,-9.063859E-06,31.9545,0,2.1303,-0.0001490501,31.9545,0
2.1312,-0.0001218585,31.968,0,2.1312,-7.150377E-05,31.968,0
2.1321,-0.0001641566,31.9815,0,2.1321,-3.524834E-05,31.9815,0
2.133,-0.0001138018,31.995,0,2.133,-0.0001208515,31.995,0
2.1339,-0.0001621424,32.0085,0,2.1339,-8.157473E-05,32.0085,0
2.1348,-6.344701E-05,32.022,0,2.1348,-0.000119173,32.022,0
2.1357,9.735256E-06,32.0355,0,2.1357,-1.913481E-05,32.0355,0
2.1366,-3.289845E-05,32.049,0,2.1366,-1.242084E-05,32.049,0
2.1375,-1.510643E-05,32.0625,0,2.1375,-5.975433E-05,32.0625,0
2.1384,5.740444E-05,32.076,0,2.1384,-4.565499E-05,32.076,0
2.1393,-5.035477E-05,32.0895,0,2.1393,2.450599E-05,32.0895,0
2.1402,-7.418937E-05,32.103,0,2.1402,-2.21561E-05,32.103,0
2.1411,0.0001393149,32.1165,0,2.1411,-0.0001299153,32.1165,0
2.142,3.054856E-05,32.13,0,2.142,-3.457694E-05,32.13,0
2.1429,-4.33051E-05,32.1435,0,2.1429,-3.726253E-05,32.1435,0
2.1438,-2.853437E-05,32.157,0,2.1438,-0.0001282368,32.157,0
2.1447,-9.567407E-05,32.1705,0,2.1447,-2.18204E-05,32.1705,0
2.1456,-0.0001973907,32.184,0,2.1456,0.0001463645,32.184,0
2.1465,-0.0001319295,32.1975,0,2.1465,0.0001000381,32.1975,0
2.1474,-7.385367E-05,32.211,0,2.1474,-6.478981E-05,32.211,0
2.1483,3.793393E-05,32.2245,0,2.1483,-1.947051E-05,32.2245,0
2.1492,8.69459E-05,32.238,0,2.1492,5.606165E-05,32.238,0
2.1501,-2.24918E-05,32.2515,0,2.1501,-2.383459E-05,32.2515,0
2.151,-0.0001279011,32.265,0,2.151,5.102617E-05,32.265,0
2.1519,-6.948959E-05,32.2785,0,2.1519,2.652018E-05,32.2785,0
2.1528,-0.0001252155,32.292,0,2.1528,-2.450599E-05,32.292,0
2.1537,-0.0001638209,32.3055,0,2.1537,-0.0001326009,32.3055,0
2.1546,0.0001242084,32.319,0,2.1546,-0.000154757,32.319,0
2.1555,0.0001497215,32.3325,0,2.1555,-6.378271E-06,32.3325,0
2.1564,0.000200412,32.346,0,2.1564,2.719158E-05,32.346,0
2.1573,0.0002339818,32.3595,0,2.1573,-3.189136E-05,32.3595,0
2.1582,0.0002645304,32.373,0,2.1582,1.577783E-05,32.373,0
2.1591,8.291753E-05,32.3865,0,2.1591,4.666209E-05,32.3865,0
2.16,-3.625543E-05,32.4,0,2.16,1.745632E-05,32.4,0
2.1609,-1.242084E-05,32.4135,0,2.1609,-9.399558E-06,32.4135,0
2.1618,5.270466E-05,32.427,0,2.1618,-7.687495E-05,32.427,0
2.1627,-2.954147E-05,32.4405,0,2.1627,-4.46479E-05,32.4405,0
2.1636,-1.342794E-05,32.454,0,2.1636,-2.047761E-05,32.454,0
2.1645,8.426032E-05,32.4675,0,2.1645,-0.0001205158,32.4675,0
2.1654,0.0001695277,32.481,0,2.1654,-0.000200412,32.481,0
2.1663,6.411841E-05,32.4945,0,2.1663,-3.155566E-05,32.4945,0
2.1672,-1.376364E-05,32.508,0,2.1672,3.424125E-05,32.508,0
2.1681,2.652018E-05,32.5215,0,2.1681,1.174945E-05,32.5215,0
2.169,-0.0001238727,32.535,0,2.169,0.0001607996,32.535,0
2.1699,-8.291753E-05,32.5485,0,2.1699,0.0001832914,32.5485,0
2.1708,-2.18204E-05,32.562,0,2.1708,-3.390555E-05,32.562,0
2.1717,-5.203327E-05,32.5755,0,2.1717,-4.565499E-05,32.5755,0
2.1726,-7.653925E-05,32.589,0,2.1726,-3.927672E-05,32.589,0
2.1735,-9.231708E-05,32.6025,0,2.1735,-5.471885E-05,32.6025,0
2.1744,-3.591974E-05,32.616,0,2.1744,0.0001050736,32.616,0
2.1753,0.0001094377,32.6295,0,2.1753,0.000246067,32.6295,0
2.1762,-4.699779E-06,32.643,0,2.1762,0.0001819486,32.643,0
2.1771,-0.0001604639,32.6565,0,2.1771,6.411841E-05,32.6565,0
2.178,-9.869535E-05,32.67,0,2.178,-6.6804E-05,32.67,0
2.1789,2.349889E-06,32.6835,0,2.1789,-0.0001064164,32.6835,0
2.1798,1.544213E-05,32.697,0,2.1798,3.759823E-05,32.697,0
2.1807,-9.399558E-06,32.7105,0,2.1807,-8.392462E-06,32.7105,0
2.1816,0.0001164874,32.724,0,2.1816,-9.231708E-05,32.724,0
2.1825,-9.735256E-06,32.7375,0,2.1825,-3.491264E-05,32.7375,0
2.1834,-2.652018E-05,32.751,0,2.1834,3.021286E-06,32.751,0
2.1843,8.82887E-05,32.7645,0,2.1843,-9.231708E-05,32.7645,0
2.1852,5.539025E-05,32.778,0,2.1852,-7.385367E-05,32.778,0
2.1861,-0.0001054093,32.7915,0,2.1861,-3.323415E-05,32.7915,0
2.187,-4.867628E-05,32.805,0,2.187,-4.699779E-05,32.805,0
2.1879,8.728161E-06,32.8185,0,2.1879,4.699779E-06,32.8185,0
2.1888,8.392462E-06,32.832,0,2.1888,-4.36408E-06,32.832,0
2.1897,4.263371E-05,32.8455,0,2.1897,5.069047E-05,32.8455,0
2.1906,4.766919E-05,32.859,0,2.1906,-3.424125E-05,32.859,0
2.1915,5.203327E-05,32.8725,0,2.1915,-0.0001587854,32.8725,0
2.1924,2.383459E-05,32.886,0,2.1924,-0.0001665064,32.886,0
2.1933,-5.706874E-05,32.8995,0,2.1933,-1.913481E-05,32.8995,0
2.1942,-6.881819E-05,32.913,0,2.1942,-8.593881E-05,32.913,0
2.1951,2.517739E-05,32.9265,0,2.1951,-0.0001514,32.9265,0
2.196,-1.174945E-05,32.94,0,2.196,7.721065E-06,32.94,0
2.1969,-4.766919E-05,32.9535,0,2.1969,-0.000119173,32.9535,0
2.1978,-6.143282E-05,32.967,0,2.1978,-0.0001836271,32.967,0
2.1987,-9.433127E-05,32.9805,0,2.1987,-2.450599E-05,32.9805,0
2.1996,-6.009003E-05,32.994,0,2.1996,0.0001775845,32.994,0
2.2005,-8.761731E-05,33.0075,0,2.2005,0.0001460288,33.0075,0
2.2014,-8.89601E-05,33.021,0,2.2014,6.478981E-05,33.021,0
2.2023,2.081331E-05,33.0345,0,2.2023,4.095522E-05,33.0345,0
2.2032,4.263371E-05,33.048,0,2.2032,6.948959E-05,33.048,0
2.2041,5.069047E-05,33.0615,0,2.2041,-1.913481E-05,33.0615,0
2.205,5.673304E-05,33.075,0,2.205,-7.553216E-05,33.075,0
2.2059,0.0001070878,33.0885,0,2.2059,-7.553216E-05,33.0885,0
2.2068,-5.740444E-05,33.102,0,2.2068,4.800488E-05,33.102,0
2.2077,-8.291753E-05,33.1155,0,2.2077,3.356985E-07,33.1155,0
2.2086,7.049668E-06,33.129,0,2.2086,-0.0001037308,33.129,0
2.2095,-0.0002007477,33.1425,0,2.2095,1.309224E-05,33.1425,0
2.2104,-0.0002098116,33.156,0,2.2104,-3.054856E-05,33.156,0
2.2113,8.426032E-05,33.1695,0,2.2113,-0.0001044022,33.1695,0
2.2122,0.0001097734,33.183,0,2.2122,2.383459E-05,33.183,0
2.2131,-2.081331E-05,33.1965,0,2.2131,8.795301E-05,33.1965,0
2.214,9.835965E-05,33.21,0,2.214,2.450599E-05,33.21,0
2.2149,0.0001138018,33.2235,0,2.2149,3.323415E-05,33.2235,0
2.2158,0.0001104448,33.237,0,2.2158,-0.0001802701,33.237,0
2.2167,9.265278E-05,33.2505,0,2.2167,-9.063859E-06,33.2505,0
2.2176,0.0001232013,33.264,0,2.2176,3.189136E-05,33.264,0
2.2185,2.786297E-05,33.2775,0,2.2185,-7.553216E-05,33.2775,0
2.2194,8.258183E-05,33.291,0,2.2194,-7.821774E-05,33.291,0
2.2203,-3.256275E-05,33.3045,0,2.2203,4.699779E-06,33.3045,0
2.2212,2.21561E-05,33.318,0,2.2212,-2.652018E-05,33.318,0
2.2221,0.0001225299,33.3315,0,2.2221,-0.000109102,33.3315,0
2.223,-1.947051E-05,33.345,0,2.223,-1.074235E-05,33.345,0
2.2239,-0.0002064546,33.3585,0,2.2239,3.894102E-05,33.3585,0
2.2248,-7.821774E-05,33.372,0,2.2248,-7.385367E-05,33.372,0
2.2257,0.0001329366,33.3855,0,2.2257,-3.256275E-05,33.3855,0
2.2266,-0.0001017166,33.399,0,2.2266,1.376364E-05,33.399,0
2.2275,-4.061952E-05,33.4125,0,2.2275,-3.189136E-05,33.4125,0
2.2284,8.023193E-05,33.426,0,2.2284,-3.659113E-05,33.426,0
2.2293,3.726253E-05,33.4395,0,2.2293,-9.835965E-05,33.4395,0
2.2302,-7.351797E-05,33.453,0,2.2302,-3.256275E-05,33.453,0
2.2311,-8.82887E-05,33.4665,0,2.2311,-6.210422E-05,33.4665,0
2.232,-3.994812E-05,33.48,0,2.232,-0.000115816,33.48,0
2.2329,-7.989624E-05,33.4935,0,2.2329,-0.0001037308,33.4935,0
2.2338,-0.0001705348,33.507,0,2.2338,4.028382E-06,33.507,0
2.2347,-9.936675E-05,33.5205,0,2.2347,9.063859E-06,33.5205,0
2.2356,-1.678492E-06,33.534,0,2.2356,-7.217517E-05,33.534,0
2.2365,-3.256275E-05,33.5475,0,2.2365,1.510643E-05,33.5475,0
2.2374,-0.0001067521,33.561,0,2.2374,1.242084E-05,33.561,0
2.2383,-4.666209E-05,33.5745,0,2.2383,-8.459602E-05,33.5745,0
2.2392,9.231708E-05,33.588,0,2.2392,-6.378271E-06,33.588,0
2.2401,-5.001907E-05,33.6015,0,2.2401,5.001907E-05,33.6015,0
2.241,-3.826963E-05,33.615,0,2.241,1.141375E-05,33.615,0
2.2419,-8.157473E-05,33.6285,0,2.2419,-2.21561E-05,33.6285,0
2.2428,7.721065E-06,33.642,0,2.2428,-7.687495E-05,33.642,0
2.2437,4.095522E-05,33.6555,0,2.2437,1.309224E-05,33.6555,0
2.2446,-0.0001517357,33.669,0,2.2446,-4.800488E-05,33.669,0
2.2455,-4.834058E-05,33.6825,0,2.2455,-5.404745E-05,33.6825,0
2.2464,5.304036E-05,33.696,0,2.2464,-1.376364E-05,33.696,0
2.2473,-6.311131E-05,33.7095,0,2.2473,8.560311E-05,33.7095,0
2.2482,-1.577783E-05,33.723,0,2.2482,2.28275E-05,33.723,0
2.2491,6.57969E-05,33.7365,0,2.2491,-0.0001215228,33.7365,0
2.25,-9.701686E-05,33.75,0,2.25,5.069047E-05,33.75,0
2.2509,1.242084E-05,33.7635,0,2.2509,4.632639E-05,33.7635,0
2.2518,7.351797E-05,33.777,0,2.2518,-5.874724E-05,33.777,0
2.2527,0.0001282368,33.7905,0,2.2527,-6.74754E-05,33.7905,0
2.2536,-1.812772E-05,33.804,0,2.2536,2.584878E-05,33.804,0
2.2545,-6.009003E-05,33.8175,0,2.2545,1.678492E-06,33.8175,0
2.2554,-2.853437E-05,33.831,0,2.2554,7.385367E-06,33.831,0
2.2563,4.43122E-05,33.8445,0,2.2563,2.752728E-05,33.8445,0
2.2572,3.726253E-05,33.858,0,2.2572,4.263371E-05,33.858,0
2.2581,-4.599069E-05,33.8715,0,2.2581,3.625543E-05,33.8715,0
2.259,-4.33051E-05,33.885,0,2.259,-3.021286E-06,33.885,0
2.2599,5.740444E-05,33.8985,0,2.2599,1.510643E-05,33.8985,0
2.2608,1.913481E-05,33.912,0,2.2608,6.78111E-05,33.912,0
2.2617,-4.46479E-05,33.9255,0,2.2617,2.383459E-05,33.9255,0
2.2626,0.0001027237,33.939,0,2.2626,-4.33051E-05,33.939,0
2.2635,5.908293E-05,33.9525,0,2.2635,8.392462E-06,33.9525,0
2.2644,5.371176E-06,33.966,0,2.2644,-1.913481E-05,33.966,0
2.2653,9.332418E-05,33.9795,0,2.2653,-0.0001151446,33.9795,0
2.2662,0.0001332723,33.993,0,2.2662,-3.121996E-05,33.993,0
2.2671,-7.385367E-06,34.0065,0,2.2671,4.196231E-05,34.0065,0
2.268,-1.107805E-05,34.02,0,2.268,3.356985E-07,34.02,0
2.2689,4.263371E-05,34.0335,0,2.2689,-2.014191E-06,34.0335,0
2.2698,6.881819E-05,34.047,0,2.2698,-9.433127E-05,34.047,0
2.2707,-7.150377E-05,34.0605,0,2.2707,-2.652018E-05,34.0605,0
2.2716,-0.000164828,34.074,0,2.2716,-1.443504E-05,34.074,0
2.2725,-9.030289E-05,34.0875,0,2.2725,-4.46479E-05,34.0875,0
2.2734,-2.18204E-05,34.101,0,2.2734,-4.061952E-05,34.101,0
2.2743,-0.0001205158,34.1145,0,2.2743,5.337606E-05,34.1145,0
2.2752,-3.625543E-05,34.128,0,2.2752,2.517739E-05,34.128,0
2.2761,6.344701E-05,34.1415,0,2.2761,-6.982528E-05,34.1415,0
2.277,-7.821774E-05,34.155,0,2.277,7.083238E-05,34.155,0
2.2779,1.745632E-05,34.1685,0,2.2779,8.023193E-05,34.1685,0
2.2788,0.0001242084,34.182,0,2.2788,-2.18204E-05,34.182,0
2.2797,2.920577E-05,34.1955,0,2.2797,4.53193E-05,34.1955,0
2.2806,-1.510643E-05,34.209,0,2.2806,3.256275E-05,34.209,0
2.2815,-4.36408E-06,34.2225,0,2.2815,-1.745632E-05,34.2225,0
2.2824,-2.450599E-05,34.236,0,2.2824,-6.210422E-05,34.236,0
2.2833,9.097429E-05,34.2495,0,2.2833,-0.0001299153,34.2495,0
2.2842,2.349889E-06,34.263,0,2.2842,-5.941863E-05,34.263,0
2.2851,-0.0001916838,34.2765,0,2.2851,-5.069047E-05,34.2765,0
2.286,-9.030289E-05,34.29,0,2.286,-7.855344E-05,34.29,0
2.2869,5.035477E-06,34.3035,0,2.2869,-9.567407E-05,34.3035,0
2.2878,-6.210422E-05,34.317,0,2.2878,-3.088426E-05,34.317,0
2.2887,-3.558404E-05,34.3305,0,2.2887,-3.524834E-05,34.3305,0
2.2896,0.000105745,34.344,0,2.2896,-0.000105745,34.344,0
2.2905,-1.544213E-05,34.3575,0,2.2905,5.874724E-05,34.3575,0
2.2914,2.652018E-05,34.371,0,2.2914,5.841154E-05,34.371,0
2.2923,0.0001131304,34.3845,0,2.2923,-0.0001406577,34.3845,0
2.2932,-5.069047E-05,34.398,0,2.2932,-8.82887E-05,34.398,0
2.2941,-0.0002198825,34.4115,0,2.2941,-6.881819E-05,34.4115,0
2.295,-0.0001077592,34.425,0,2.295,-5.807584E-05,34.425,0
2.2959,-3.323415E-05,34.4385,0,2.2959,6.378271E-06,34.4385,0
2.2968,5.874724E-05,34.452,0,2.2968,-3.793393E-05,34.452,0
2.2977,0.0002574807,34.4655,0,2.2977,4.028382E-05,34.4655,0
2.2986,0.0002245823,34.479,0,2.2986,7.653925E-05,34.479,0
2.2995,0.0001285725,34.4925,0,2.2995,-5.941863E-05,34.4925,0
2.3004,0.0001607996,34.506,0,2.3004,-6.54612E-05,34.506,0
2.3013,5.807584E-05,34.5195,0,2.3013,5.471885E-05,34.5195,0
2.3022,-4.095522E-05,34.533,0,2.3022,2.887007E-05,34.533,0
2.3031,5.404745E-05,34.5465,0,2.3031,-2.987716E-05,34.5465,0
2.304,-4.33051E-05,34.56,0,2.304,3.994812E-05,34.56,0
2.3049,-1.846342E-05,34.5735,0,2.3049,2.014191E-06,34.5735,0
2.3058,5.035477E-06,34.587,0,2.3058,-4.666209E-05,34.587,0
2.3067,-0.0001064164,34.6005,0,2.3067,-3.424125E-05,34.6005,0
2.3076,-0.000179263,34.614,0,2.3076,2.349889E-06,34.614,0
2.3085,-0.0001752346,34.6275,0,2.3085,-8.392462E-05,34.6275,0
2.3094,-0.0001114519,34.641,0,2.3094,-6.848249E-05,34.641,0
2.3103,5.874724E-05,34.6545,0,2.3103,-5.606165E-05,34.6545,0
2.3112,-7.721065E-06,34.668,0,2.3112,-6.076142E-05,34.668,0
2.3121,-8.459602E-05,34.6815,0,2.3121,-2.316319E-05,34.6815,0
2.313,-4.33051E-05,34.695,0,2.313,7.721065E-06,34.695,0
2.3139,-4.028382E-05,34.7085,0,2.3139,-2.081331E-05,34.7085,0
2.3148,-0.0001762417,34.722,0,2.3148,7.788205E-05,34.722,0
2.3157,-0.0001178302,34.7355,0,2.3157,1.846342E-05,34.7355,0
2.3166,-3.927672E-05,34.749,0,2.3166,-8.89601E-05,34.749,0
2.3175,-3.323415E-05,34.7625,0,2.3175,3.927672E-05,34.7625,0
2.3184,0.0001258869,34.776,0,2.3184,2.316319E-05,34.776,0
2.3193,0.0001359579,34.7895,0,2.3193,-6.814679E-05,34.7895,0
2.3202,0.0002383459,34.803,0,2.3202,-1.544213E-05,34.803,0
2.3211,0.0001285725,34.8165,0,2.3211,4.129091E-05,34.8165,0
2.322,4.867628E-05,34.83,0,2.322,3.524834E-05,34.83,0
2.3229,2.21561E-05,34.8435,0,2.3229,-3.692683E-05,34.8435,0
2.3238,2.349889E-06,34.857,0,2.3238,-0.0001752346,34.857,0
2.3247,-8.627451E-05,34.8705,0,2.3247,-3.088426E-05,34.8705,0
2.3256,-0.0002242466,34.884,0,2.3256,-0.0001963836,34.884,0
2.3265,-0.0001258869,34.8975,0,2.3265,-0.0001601282,34.8975,0
2.3274,7.821774E-05,34.911,0,2.3274,3.356985E-05,34.911,0
2.3283,-4.29694E-05,34.9245,0,2.3283,0.000252781,34.9245,0
2.3292,3.323415E-05,34.938,0,2.3292,0.0001188373,34.938,0
2.3301,0.0002746014,34.9515,0,2.3301,-9.433127E-05,34.9515,0
2.331,-4.733349E-05,34.965,0,2.331,-6.042573E-06,34.965,0
2.3319,-0.00027393,34.9785,0,2.3319,2.349889E-06,34.9785,0
2.3328,-0.0001923552,34.992,0,2.3328,-9.869535E-05,34.992,0
2.3337,-0.0001453574,35.0055,0,2.3337,-5.975433E-05,35.0055,0
2.3346,-0.0001856413,35.019,0,2.3346,6.411841E-05,35.019,0
2.3355,-4.33051E-05,35.0325,0,2.3355,0.0001164874,35.0325,0
2.3364,0.0002296178,35.046,0,2.3364,0.0001017166,35.046,0
2.3373,0.000172549,35.0595,0,2.3373,-4.699779E-06,35.0595,0
2.3382,-3.356985E-07,35.073,0,2.3382,2.853437E-05,35.073,0
2.3391,-2.383459E-05,35.0865,0,2.3391,5.606165E-05,35.0865,0
2.34,-3.726253E-05,35.1,0,2.34,-2.014191E-06,35.1,0
2.3409,3.356985E-07,35.1135,0,2.3409,-3.994812E-05,35.1135,0
2.3418,-3.692683E-06,35.127,0,2.3418,3.524834E-05,35.127,0
2.3427,6.881819E-05,35.1405,0,2.3427,-1.611353E-05,35.1405,0
2.3436,0.0001319295,35.154,0,2.3436,-0.000102388,35.154,0
2.3445,4.599069E-05,35.1675,0,2.3445,5.941863E-05,35.1675,0
2.3454,-4.33051E-05,35.181,0,2.3454,0,35.181,0
2.3463,-6.143282E-05,35.1945,0,2.3463,-0.0001420005,35.1945,0
2.3472,-8.69459E-05,35.208,0,2.3472,-6.378271E-05,35.208,0
2.3481,-0.0001426719,35.2215,0,2.3481,-3.524834E-05,35.2215,0
2.349,-9.970245E-05,35.235,0,2.349,-6.948959E-05,35.235,0
2.3499,-2.349889E-06,35.2485,0,2.3499,-7.687495E-05,35.2485,0
2.3508,0.0001688563,35.262,0,2.3508,-7.183947E-05,35.262,0
2.3517,0.0002232395,35.2755,0,2.3517,2.484169E-05,35.2755,0
2.3526,0.000112459,35.289,0,2.3526,-1.712062E-05,35.289,0
2.3535,0.0001282368,35.3025,0,2.3535,-6.176852E-05,35.3025,0
2.3544,8.157473E-05,35.316,0,2.3544,-7.788205E-05,35.316,0
2.3553,-7.351797E-05,35.3295,0,2.3553,1.376364E-05,35.3295,0
2.3562,-2.517739E-05,35.343,0,2.3562,-6.109713E-05,35.343,0
2.3571,2.584878E-05,35.3565,0,2.3571,-0.0001087663,35.3565,0
2.358,-0.000109102,35.37,0,2.358,1.040665E-05,35.37,0
2.3589,-8.89601E-05,35.3835,0,2.3589,-5.035477E-05,35.3835,0
2.3598,-1.510643E-05,35.397,0,2.3598,-9.130999E-05,35.397,0
2.3607,-6.74754E-05,35.4105,0,2.3607,-3.256275E-05,35.4105,0
2.3616,-0.0002601663,35.424,0,2.3616,1.409934E-05,35.424,0
2.3625,-0.0001527428,35.4375,0,2.3625,-4.028382E-06,35.4375,0
2.3634,-5.471885E-05,35.451,0,2.3634,0.0001067521,35.451,0
2.3643,6.848249E-05,35.4645,0,2.3643,-7.956054E-05,35.4645,0
2.3652,0.0001064164,35.478,0,2.3652,-4.43122E-05,35.478,0
2.3661,-5.270466E-05,35.4915,0,2.3661,8.96315E-05,35.4915,0
2.367,-5.539025E-05,35.505,0,2.367,-3.659113E-05,35.505,0
2.3679,4.061952E-05,35.5185,0,2.3679,-0.0001628138,35.5185,0
2.3688,-5.505455E-05,35.532,0,2.3688,-2.1149E-05,35.532,0
2.3697,-7.721065E-05,35.5455,0,2.3697,-3.323415E-05,35.5455,0
2.3706,9.030289E-05,35.559,0,2.3706,-0.0001420005,35.559,0
2.3715,2.786297E-05,35.5725,0,2.3715,-1.678492E-05,35.5725,0
2.3724,-3.826963E-05,35.586,0,2.3724,2.652018E-05,35.586,0
2.3733,3.054856E-05,35.5995,0,2.3733,-5.035477E-05,35.5995,0
2.3742,0.0001141375,35.613,0,2.3742,1.947051E-05,35.613,0
2.3751,-6.344701E-05,35.6265,0,2.3751,9.365987E-05,35.6265,0
2.376,-3.726253E-05,35.64,0,2.376,4.666209E-05,35.64,0
2.3769,7.721065E-06,35.6535,0,2.3769,1.376364E-05,35.6535,0
2.3778,1.846342E-05,35.667,0,2.3778,-6.143282E-05,35.667,0
2.3787,-1.510643E-05,35.6805,0,2.3787,-2.987716E-05,35.6805,0
2.3796,-0.0001319295,35.694,0,2.3796,-6.915389E-05,35.694,0
2.3805,-0.0001836271,35.7075,0,2.3805,-5.539025E-05,35.7075,0
2.3814,-0.0001010452,35.721,0,2.3814,-2.551309E-05,35.721,0
2.3823,-0.0002047761,35.7345,0,2.3823,9.198138E-05,35.7345,0
2.3832,-0.0001275654,35.748,0,2.3832,9.063859E-06,35.748,0
2.3841,1.040665E-05,35.7615,0,2.3841,-0.0001420005,35.7615,0
2.385,7.754635E-05,35.775,0,2.385,2.18204E-05,35.775,0
2.3859,0.0002064546,35.7885,0,2.3859,8.82887E-05,35.7885,0
2.3868,0.0003098497,35.802,0,2.3868,-7.989624E-05,35.802,0
2.3877,0.0001661708,35.8155,0,2.3877,-0.0001070878,35.8155,0
2.3886,0.0001007095,35.829,0,2.3886,-8.123904E-05,35.829,0
2.3895,0.0001033951,35.8425,0,2.3895,7.049668E-06,35.8425,0
2.3904,9.198138E-05,35.856,0,2.3904,6.378271E-06,35.856,0
2.3913,0.0001802701,35.8695,0,2.3913,-5.471885E-05,35.8695,0
2.3922,7.888914E-05,35.883,0,2.3922,-4.699779E-06,35.883,0
2.3931,-4.800488E-05,35.8965,0,2.3931,7.721065E-06,35.8965,0
2.394,-3.189136E-05,35.91,0,2.394,-6.478981E-05,35.91,0
2.3949,7.083238E-05,35.9235,0,2.3949,-0.0001000381,35.9235,0
2.3958,-6.64683E-05,35.937,0,2.3958,7.385367E-06,35.937,0
2.3967,-9.835965E-05,35.9505,0,2.3967,2.551309E-05,35.9505,0
2.3976,0.0001077592,35.964,0,2.3976,4.699779E-06,35.964,0
2.3985,5.069047E-05,35.9775,0,2.3985,0.000140322,35.9775,0
2.3994,9.164568E-05,35.991,0,2.3994,0.0001232013,35.991,0
2.4003,0.0002171969,36.0045,0,2.4003,6.378271E-06,36.0045,0
2.4012,5.807584E-05,36.018,0,2.4012,8.291753E-05,36.018,0
2.4021,-8.795301E-05,36.0315,0,2.4021,8.89601E-05,36.0315,0
2.403,-7.385367E-06,36.045,0,2.403,4.733349E-05,36.045,0
2.4039,-5.236896E-05,36.0585,0,2.4039,2.517739E-05,36.0585,0
2.4048,-4.968337E-05,36.072,0,2.4048,-9.533837E-05,36.072,0
2.4057,-5.807584E-05,36.0855,0,2.4057,-3.591974E-05,36.0855,0
2.4066,-0.0002044404,36.099,0,2.4066,-1.644922E-05,36.099,0
2.4075,-0.0002235752,36.1125,0,2.4075,-6.848249E-05,36.1125,0
2.4084,-9.768826E-05,36.126,0,2.4084,-0.000102388,36.126,0
2.4093,-0.0001131304,36.1395,0,2.4093,-1.040665E-05,36.1395,0
2.4102,-0.0001755703,36.153,0,2.4102,-3.189136E-05,36.153,0
2.4111,-6.378271E-06,36.1665,0,2.4111,-3.692683E-05,36.1665,0
2.412,-1.040665E-05,36.18,0,2.412,0.0001040665,36.18,0
2.4129,4.901198E-05,36.1935,0,2.4129,0.0001433432,36.1935,0
2.4138,5.673304E-05,36.207,0,2.4138,1.007095E-05,36.207,0
2.4147,-0.0001232013,36.2205,0,2.4147,9.063859E-06,36.2205,0
2.4156,-0.00018262,36.234,0,2.4156,0.0001117876,36.234,0
2.4165,-7.821774E-05,36.2475,0,2.4165,3.390555E-05,36.2475,0
2.4174,-3.659113E-05,36.261,0,2.4174,-4.061952E-05,36.261,0
2.4183,3.323415E-05,36.2745,0,2.4183,-0.0001497215,36.2745,0
2.4192,-2.584878E-05,36.288,0,2.4192,-8.96315E-05,36.288,0
2.4201,5.304036E-05,36.3015,0,2.4201,-6.478981E-05,36.3015,0
2.421,9.970245E-05,36.315,0,2.421,-7.956054E-05,36.315,0
2.4219,9.634547E-05,36.3285,0,2.4219,-9.701686E-05,36.3285,0
2.4228,-1.007095E-06,36.342,0,2.4228,-2.24918E-05,36.342,0
2.4237,5.001907E-05,36.3555,0,2.4237,-8.023193E-05,36.3555,0
2.4246,0.0001460288,36.369,0,2.4246,-0.0001819486,36.369,0
2.4255,-2.383459E-05,36.3825,0,2.4255,-4.263371E-05,36.3825,0
2.4264,-3.793393E-05,36.396,0,2.4264,-5.438316E-05,36.396,0
2.4273,-2.18204E-05,36.4095,0,2.4273,-9.567407E-05,36.4095,0
2.4282,-0.0001138018,36.423,0,2.4282,-1.510643E-05,36.423,0
2.4291,-0.000148043,36.4365,0,2.4291,4.263371E-05,36.4365,0
2.43,-3.457694E-05,36.45,0,2.43,0.0001467002,36.45,0
2.4309,-3.356985E-05,36.4635,0,2.4309,0.0001017166,36.4635,0
2.4318,-4.43122E-05,36.477,0,2.4318,-1.309224E-05,36.477,0
2.4327,-5.774014E-05,36.4905,0,2.4327,-8.358892E-05,36.4905,0
2.4336,-5.807584E-05,36.504,0,2.4336,-0.0001440146,36.504,0
2.4345,-1.510643E-05,36.5175,0,2.4345,-0.0001863127,36.5175,0
2.4354,7.217517E-05,36.531,0,2.4354,-0.0001413291,36.531,0
2.4363,-3.625543E-05,36.5445,0,2.4363,-6.814679E-05,36.5445,0
2.4372,-2.920577E-05,36.558,0,2.4372,-4.061952E-05,36.558,0
2.4381,7.553216E-05,36.5715,0,2.4381,-8.89601E-05,36.5715,0
2.439,-0.0001134661,36.585,0,2.439,5.102617E-05,36.585,0
2.4399,-7.049668E-06,36.5985,0,2.4399,8.82887E-05,36.5985,0
2.4408,0.0001953765,36.612,0,2.4408,-8.358892E-05,36.612,0
2.4417,0,36.6255,0,2.4417,-3.659113E-05,36.6255,0
2.4426,-0.0001379721,36.639,0,2.4426,2.954147E-05,36.639,0
2.4435,-6.54612E-05,36.6525,0,2.4435,-1.007095E-05,36.6525,0
2.4444,6.076142E-05,36.666,0,2.4444,-6.713969E-07,36.666,0
2.4453,3.591974E-05,36.6795,0,2.4453,-0.0001037308,36.6795,0
2.4462,5.874724E-05,36.693,0,2.4462,6.378271E-06,36.693,0
2.4471,6.881819E-05,36.7065,0,2.4471,5.874724E-05,36.7065,0
2.448,5.975433E-05,36.72,0,2.448,-6.344701E-05,36.72,0
2.4489,0.0001624781,36.7335,0,2.4489,-7.754635E-05,36.7335,0
2.4498,5.337606E-05,36.747,0,2.4498,4.229801E-05,36.747,0
2.4507,-3.659113E-05,36.7605,0,2.4507,3.457694E-05,36.7605,0
2.4516,-1.980621E-05,36.774,0,2.4516,-4.028382E-05,36.774,0
2.4525,-9.600977E-05,36.7875,0,2.4525,5.337606E-05,36.7875,0
2.4534,-7.721065E-06,36.801,0,2.4534,8.291753E-05,36.801,0
2.4543,1.376364E-05,36.8145,0,2.4543,-1.007095E-06,36.8145,0
2.4552,3.155566E-05,36.828,0,2.4552,-6.076142E-05,36.828,0
2.4561,0.0001097734,36.8415,0,2.4561,1.577783E-05,36.8415,0
2.457,0.0002497597,36.855,0,2.457,1.208515E-05,36.855,0
2.4579,0.0001420005,36.8685,0,2.4579,-1.007095E-05,36.8685,0
2.4588,4.632639E-05,36.882,0,2.4588,-3.692683E-05,36.882,0
2.4597,-2.417029E-05,36.8955,0,2.4597,4.733349E-05,36.8955,0
2.4606,-3.424125E-05,36.909,0,2.4606,4.095522E-05,36.909,0
2.4615,4.028382E-05,36.9225,0,2.4615,-3.524834E-05,36.9225,0
2.4624,-3.692683E-06,36.936,0,2.4624,-7.989624E-05,36.936,0
2.4633,-0.0001077592,36.9495,0,2.4633,1.309224E-05,36.9495,0
2.4642,-0.0001000381,36.963,0,2.4642,-7.418937E-05,36.963,0
2.4651,4.968337E-05,36.9765,0,2.4651,-0.0001762417,36.9765,0
2.466,-6.210422E-05,36.99,0,2.466,-3.121996E-05,36.99,0
2.4669,-9.265278E-05,37.0035,0,2.4669,-1.007095E-06,37.0035,0
2.4678,3.121996E-05,37.017,0,2.4678,-9.768826E-05,37.017,0
2.4687,4.196231E-05,37.0305,0,2.4687,3.356985E-06,37.0305,0
2.4696,2.014191E-06,37.044,0,2.4696,-3.692683E-06,37.044,0
2.4705,9.063859E-06,37.0575,0,2.4705,-2.383459E-05,37.0575,0
2.4714,-9.567407E-05,37.071,0,2.4714,-2.517739E-05,37.071,0
2.4723,-2.081331E-05,37.0845,0,2.4723,-7.687495E-05,37.0845,0
2.4732,-1.846342E-05,37.098,0,2.4732,6.042573E-05,37.098,0
2.4741,-0.0002269322,37.1115,0,2.4741,0.0001027237,37.1115,0
2.475,-0.0001413291,37.125,0,2.475,3.021286E-06,37.125,0
2.4759,-3.793393E-05,37.1385,0,2.4759,-4.867628E-05,37.1385,0
2.4768,-0.0001520714,37.152,0,2.4768,3.524834E-05,37.152,0
2.4777,-0.000102388,37.1655,0,2.4777,7.821774E-05,37.1655,0
2.4786,9.903105E-05,37.179,0,2.4786,1.644922E-05,37.179,0
2.4795,-5.706874E-06,37.1925,0,2.4795,8.96315E-05,37.1925,0
2.4804,-4.699779E-05,37.206,0,2.4804,6.210422E-05,37.206,0
2.4813,7.486076E-05,37.2195,0,2.4813,-5.404745E-05,37.2195,0
2.4822,0.0001789273,37.233,0,2.4822,4.733349E-05,37.233,0
2.4831,-2.1149E-05,37.2465,0,2.4831,0.0001040665,37.2465,0
2.484,1.577783E-05,37.26,0,2.484,3.390555E-05,37.26,0
2.4849,6.277562E-05,37.2735,0,2.4849,-1.174945E-05,37.2735,0
2.4858,8.426032E-05,37.287,0,2.4858,-6.344701E-05,37.287,0
2.4867,1.846342E-05,37.3005,0,2.4867,-3.659113E-05,37.3005,0
2.4876,-0.0001836271,37.314,0,2.4876,-9.802396E-05,37.314,0
2.4885,-0.0001812772,37.3275,0,2.4885,-0.0001638209,37.3275,0
2.4894,-7.016098E-05,37.341,0,2.4894,-0.0001376364,37.341,0
2.4903,-0.0001571069,37.3545,0,2.4903,-1.846342E-05,37.3545,0
2.4912,-7.821774E-05,37.368,0,2.4912,-9.399557E-05,37.368,0
2.4921,-8.056763E-06,37.3815,0,2.4921,-0.0002178683,37.3815,0
2.493,-0.0001080949,37.395,0,2.493,-4.901198E-05,37.395,0
2.4939,-2.987716E-05,37.4085,0,2.4939,6.57969E-05,37.4085,0
2.4948,6.411841E-05,37.422,0,2.4948,1.577783E-05,37.422,0
2.4957,0.0002118257,37.4355,0,2.4957,8.82887E-05,37.4355,0
2.4966,0.0001406577,37.449,0,2.4966,0.000186984,37.449,0
2.4975,3.121996E-05,37.4625,0,2.4975,9.634547E-05,37.4625,0
2.4984,3.826963E-05,37.476,0,2.4984,0.0001017166,37.476,0
2.4993,8.291753E-05,37.4895,0,2.4993,9.567407E-05,37.4895,0
2.5002,-9.600977E-05,37.503,0,2.5002,-4.196231E-05,37.503,0
2.5011,-0.0001856413,37.5165,0,2.5011,-8.291753E-05,37.5165,0
2.502,7.888914E-05,37.53,0,2.502,-8.560311E-05,37.53,0
2.5029,0.000112459,37.5435,0,2.5029,-0.0001010452,37.5435,0
2.5038,-6.915389E-05,37.557,0,2.5038,-4.766919E-05,37.557,0
2.5047,3.189136E-05,37.5705,0,2.5047,-7.553216E-05,37.5705,0
2.5056,0.0001232013,37.584,0,2.5056,-0.0001376364,37.584,0
2.5065,-6.54612E-05,37.5975,0,2.5065,5.706874E-06,37.5975,0
2.5074,-9.063859E-06,37.611,0,2.5074,3.155566E-05,37.611,0
2.5083,4.867628E-05,37.6245,0,2.5083,-7.586786E-05,37.6245,0
2.5092,-4.095522E-05,37.638,0,2.5092,-2.652018E-05,37.638,0
2.5101,-0.0001050736,37.6515,0,2.5101,1.712062E-05,37.6515,0
2.511,-1.812772E-05,37.665,0,2.511,1.275654E-05,37.665,0
2.5119,-2.987716E-05,37.6785,0,2.5119,-5.740444E-05,37.6785,0
2.5128,-5.774014E-05,37.692,0,2.5128,-0.0002823224,37.692,0
2.5137,3.155566E-05,37.7055,0,2.5137,-0.0001618067,37.7055,0
2.5146,-4.33051E-05,37.719,0,2.5146,-7.016098E-05,37.719,0
2.5155,-9.903105E-05,37.7325,0,2.5155,-0.0001198444,37.7325,0
2.5164,-2.1149E-05,37.746,0,2.5164,-5.841154E-05,37.746,0
2.5173,-0.0001104448,37.7595,0,2.5173,0.0001262226,37.7595,0
2.5182,-0.0001188373,37.773,0,2.5182,0.0001148089,37.773,0
2.5191,9.533837E-05,37.7865,0,2.5191,4.867628E-05,37.7865,0
2.52,-4.733349E-05,37.8,0,2.52,5.136187E-05,37.8,0
2.5209,-4.632639E-05,37.8135,0,2.5209,1.376364E-05,37.8135,0
2.5218,0.0001151446,37.827,0,2.5218,-4.867628E-05,37.827,0
2.5227,-3.558404E-05,37.8405,0,2.5227,-1.947051E-05,37.8405,0
2.5236,-6.009003E-05,37.854,0,2.5236,1.712062E-05,37.854,0
2.5245,0.000105745,37.8675,0,2.5245,-2.887007E-05,37.8675,0
2.5254,0.0001863127,37.881,0,2.5254,-3.390555E-05,37.881,0
2.5263,0.0001977264,37.8945,0,2.5263,-7.888914E-05,37.8945,0
2.5272,4.129091E-05,37.908,0,2.5272,-2.517739E-05,37.908,0
2.5281,-1.980621E-05,37.9215,0,2.5281,-3.860533E-05,37.9215,0
2.529,-3.289845E-05,37.935,0,2.529,-8.157473E-05,37.935,0
2.5299,4.699779E-06,37.9485,0,2.5299,-8.795301E-05,37.9485,0
2.5308,-1.275654E-05,37.962,0,2.5308,7.049668E-06,37.962,0
2.5317,-4.599069E-05,37.9755,0,2.5317,-3.625543E-05,37.9755,0
2.5326,1.510643E-05,37.989,0,2.5326,-0.000102388,37.989,0
2.5335,-2.920577E-05,38.0025,0,2.5335,2.28275E-05,38.0025,0
2.5344,3.826963E-05,38.016,0,2.5344,-3.356985E-06,38.016,0
2.5353,3.726253E-05,38.0295,0,2.5353,-7.016098E-05,38.0295,0
2.5362,-2.450599E-05,38.043,0,2.5362,5.438316E-05,38.043,0
2.5371,2.316319E-05,38.0565,0,2.5371,0.0001265583,38.0565,0
2.538,1.208515E-05,38.07,0,2.538,1.947051E-05,38.07,0
2.5389,-1.443504E-05,38.0835,0,2.5389,-2.853437E-05,38.0835,0
2.5398,8.358892E-05,38.097,0,2.5398,-8.224613E-05,38.097,0
2.5407,5.203327E-05,38.1105,0,2.5407,-1.812772E-05,38.1105,0
2.5416,5.740444E-05,38.124,0,2.5416,-6.478981E-05,38.124,0
2.5425,9.567407E-05,38.1375,0,2.5425,-0.0001010452,38.1375,0
2.5434,0.0001064164,38.151,0,2.5434,-4.834058E-05,38.151,0
2.5443,-0.0001033951,38.1645,0,2.5443,5.606165E-05,38.1645,0
2.5452,-9.802396E-05,38.178,0,2.5452,1.913481E-05,38.178,0
2.5461,-1.712062E-05,38.1915,0,2.5461,-9.198138E-05,38.1915,0
2.547,-0.0001080949,38.205,0,2.547,5.740444E-05,38.205,0
2.5479,-8.69459E-05,38.2185,0,2.5479,8.459602E-05,38.2185,0
2.5488,7.016098E-05,38.232,0,2.5488,-2.316319E-05,38.232,0
2.5497,-2.28275E-05,38.2455,0,2.5497,4.39765E-05,38.2455,0
2.5506,-0.0001658351,38.259,0,2.5506,6.411841E-05,38.259,0
2.5515,-6.411841E-05,38.2725,0,2.5515,2.853437E-05,38.2725,0
2.5524,6.378271E-06,38.286,0,2.5524,1.644922E-05,38.286,0
2.5533,-2.685588E-06,38.2995,0,2.5533,-6.54612E-05,38.2995,0
2.5542,-9.399557E-05,38.313,0,2.5542,-3.054856E-05,38.313,0
2.5551,-0.000164828,38.3265,0,2.5551,-7.721065E-06,38.3265,0
2.556,-3.424125E-05,38.34,0,2.556,-9.063859E-05,38.34,0
2.5569,0.0001252155,38.3535,0,2.5569,-3.961242E-05,38.3535,0
2.5578,-4.632639E-05,38.367,0,2.5578,5.337606E-05,38.367,0
2.5587,-6.344701E-05,38.3805,0,2.5587,-4.800488E-05,38.3805,0
2.5596,2.1149E-05,38.394,0,2.5596,-0.0002447242,38.394,0
2.5605,-9.365987E-05,38.4075,0,2.5605,-0.0001030594,38.4075,0
2.5614,-6.64683E-05,38.421,0,2.5614,-1.644922E-05,38.421,0
2.5623,-3.054856E-05,38.4345,0,2.5623,-0.0001272297,38.4345,0
2.5632,-9.030289E-05,38.448,0,2.5632,-6.51255E-05,38.448,0
2.5641,-0.0001376364,38.4615,0,2.5641,5.035477E-06,38.4615,0
2.565,-5.539025E-05,38.475,0,2.565,3.256275E-05,38.475,0
2.5659,2.652018E-05,38.4885,0,2.5659,9.768826E-05,38.4885,0
2.5668,-3.390555E-05,38.502,0,2.5668,1.309224E-05,38.502,0
2.5677,-6.042573E-06,38.5155,0,2.5677,7.486076E-05,38.5155,0
2.5686,0.0001161517,38.529,0,2.5686,7.620356E-05,38.529,0
2.5695,0.0001097734,38.5425,0,2.5695,6.143282E-05,38.5425,0
2.5704,8.426032E-05,38.556,0,2.5704,4.36408E-06,38.556,0
2.5713,-4.061952E-05,38.5695,0,2.5713,-6.713969E-06,38.5695,0
2.5722,-1.309224E-05,38.583,0,2.5722,-5.404745E-05,38.583,0
2.5731,2.517739E-05,38.5965,0,2.5731,-0.0001138018,38.5965,0
2.574,-4.968337E-05,38.61,0,2.574,3.524834E-05,38.61,0
2.5749,2.349889E-05,38.6235,0,2.5749,3.189136E-05,38.6235,0
2.5758,2.1149E-05,38.637,0,2.5758,-5.807584E-05,38.637,0
2.5767,-9.903105E-05,38.6505,0,2.5767,-6.042573E-06,38.6505,0
2.5776,-0.0001097734,38.664,0,2.5776,5.941863E-05,38.664,0
2.5785,-8.795301E-05,38.6775,0,2.5785,-1.678492E-06,38.6775,0
2.5794,-7.116808E-05,38.691,0,2.5794,-1.342794E-05,38.691,0
2.5803,6.378271E-06,38.7045,0,2.5803,-6.78111E-05,38.7045,0
2.5812,1.712062E-05,38.718,0,2.5812,3.524834E-05,38.718,0
2.5821,-2.383459E-05,38.7315,0,2.5821,3.558404E-05,38.7315,0
2.583,1.678492E-06,38.745,0,2.583,-6.713969E-06,38.745,0
2.5839,0.0001080949,38.7585,0,2.5839,-6.277562E-05,38.7585,0
2.5848,-7.553216E-05,38.772,0,2.5848,4.162661E-05,38.772,0
2.5857,-2.719158E-05,38.7855,0,2.5857,1.242084E-05,38.7855,0
2.5866,0.0001138018,38.799,0,2.5866,-6.881819E-05,38.799,0
2.5875,3.860533E-05,38.8125,0,2.5875,8.996719E-05,38.8125,0
2.5884,0.0001064164,38.826,0,2.5884,7.754635E-05,38.826,0
2.5893,0.0001295796,38.8395,0,2.5893,-0.0002064546,38.8395,0
2.5902,-1.309224E-05,38.853,0,2.5902,-0.000190341,38.853,0
2.5911,-6.71397E-05,38.8665,0,2.5911,-4.39765E-05,38.8665,0
2.592,5.572595E-05,38.88,0,2.592,-0.000105745,38.88,0
2.5929,-3.054856E-05,38.8935,0,2.5929,-6.61326E-05,38.8935,0
2.5938,3.726253E-05,38.907,0,2.5938,-0.0001044022,38.907,0
2.5947,3.021286E-06,38.9205,0,2.5947,-3.558404E-05,38.9205,0
2.5956,-0.0001322652,38.934,0,2.5956,-5.841154E-05,38.934,0
2.5965,-7.553216E-05,38.9475,0,2.5965,-0.0001067521,38.9475,0
2.5974,3.021286E-05,38.961,0,2.5974,-2.349889E-05,38.961,0
2.5983,-1.510643E-05,38.9745,0,2.5983,0.0001037308,38.9745,0
2.5992,-3.189136E-05,38.988,0,2.5992,1.846342E-05,38.988,0
2.6001,0.000112459,39.0015,0,2.6001,-9.030289E-05,39.0015,0
2.601,6.277562E-05,39.015,0,2.601,1.712062E-05,39.015,0
2.6019,6.411841E-05,39.0285,0,2.6019,3.323415E-05,39.0285,0
2.6028,0.0001866484,39.042,0,2.6028,-2.853437E-05,39.042,0
2.6037,0.0001628138,39.0555,0,2.6037,-8.728161E-06,39.0555,0
2.6046,-5.874724E-05,39.069,0,2.6046,7.150377E-05,39.069,0
2.6055,-2.719158E-05,39.0825,0,2.6055,0.0001366293,39.0825,0
2.6064,1.577783E-05,39.096,0,2.6064,0.0001420005,39.096,0
2.6073,2.349889E-05,39.1095,0,2.6073,-2.584878E-05,39.1095,0
2.6082,-5.673304E-05,39.123,0,2.6082,-4.49836E-05,39.123,0
2.6091,-0.0001896696,39.1365,0,2.6091,2.316319E-05,39.1365,0
2.61,2.24918E-05,39.15,0,2.61,-1.712062E-05,39.15,0
2.6109,3.793393E-05,39.1635,0,2.6109,-5.505455E-05,39.1635,0
2.6118,-5.203327E-05,39.177,0,2.6118,-1.678492E-06,39.177,0
2.6127,1.577783E-05,39.1905,0,2.6127,-4.867628E-05,39.1905,0
2.6136,2.081331E-05,39.204,0,2.6136,-0.000115816,39.204,0
2.6145,-0.0001134661,39.2175,0,2.6145,2.685588E-06,39.2175,0
2.6154,-4.53193E-05,39.231,0,2.6154,2.081331E-05,39.231,0
2.6163,-3.860533E-05,39.2445,0,2.6163,-8.761731E-05,39.2445,0
2.6172,-2.652018E-05,39.258,0,2.6172,-6.076142E-05,39.258,0
2.6181,-0.0001248798,39.2715,0,2.6181,3.356985E-07,39.2715,0
2.619,-7.049668E-06,39.285,0,2.619,-7.049668E-06,39.285,0
2.6199,0.0001534142,39.2985,0,2.6199,-3.021286E-05,39.2985,0
2.6208,0.0002635233,39.312,0,2.6208,-0.0001769131,39.312,0
2.6217,0.0002111543,39.3255,0,2.6217,-0.0001185016,39.3255,0
2.6226,1.174945E-05,39.339,0,2.6226,-0.0001064164,39.339,0
2.6235,2.383459E-05,39.3525,0,2.6235,-0.0001977264,39.3525,0
2.6244,7.351797E-05,39.366,0,2.6244,-0.0001644923,39.366,0
2.6253,-6.6804E-05,39.3795,0,2.6253,6.61326E-05,39.3795,0
2.6262,-8.191043E-05,39.393,0,2.6262,0.000144686,39.393,0
2.6271,5.505455E-05,39.4065,0,2.6271,2.920577E-05,39.4065,0
2.628,-7.452507E-05,39.42,0,2.628,0.0001574426,39.42,0
2.6289,-0.0001550927,39.4335,0,2.6289,0.0001742275,39.4335,0
2.6298,-4.36408E-06,39.447,0,2.6298,7.721065E-06,39.447,0
2.6307,5.136187E-05,39.4605,0,2.6307,3.356985E-07,39.4605,0
2.6316,-0.0001033951,39.474,0,2.6316,2.954147E-05,39.474,0
2.6325,-7.553216E-05,39.4875,0,2.6325,-1.174945E-05,39.4875,0
2.6334,-2.584878E-05,39.501,0,2.6334,-5.270466E-05,39.501,0
2.6343,-1.980621E-05,39.5145,0,2.6343,-0.0001292439,39.5145,0
2.6352,-8.795301E-05,39.528,0,2.6352,-4.699779E-05,39.528,0
2.6361,-0.0001064164,39.5415,0,2.6361,-3.323415E-05,39.5415,0
2.637,-8.526741E-05,39.555,0,2.637,-7.251087E-05,39.555,0
2.6379,-3.591974E-05,39.5685,0,2.6379,-9.903105E-05,39.5685,0
2.6388,-4.46479E-05,39.582,0,2.6388,4.196231E-05,39.582,0
2.6397,-7.956054E-05,39.5955,0,2.6397,2.24918E-05,39.5955,0
2.6406,9.735256E-06,39.609,0,2.6406,-7.553216E-05,39.609,0
2.6415,-3.860533E-05,39.6225,0,2.6415,5.471885E-05,39.6225,0
2.6424,-0.0001386435,39.636,0,2.6424,5.471885E-05,39.636,0
2.6433,-0.0001225299,39.6495,0,2.6433,-1.779202E-05,39.6495,0
2.6442,-4.53193E-05,39.663,0,2.6442,-0.0001651637,39.663,0
2.6451,-4.968337E-05,39.6765,0,2.6451,-0.000158114,39.6765,0
2.646,-4.36408E-06,39.69,0,2.646,-5.807584E-05,39.69,0
2.6469,5.774014E-05,39.7035,0,2.6469,4.263371E-05,39.7035,0
2.6478,0.0002017548,39.717,0,2.6478,3.927672E-05,39.717,0
2.6487,4.934768E-05,39.7305,0,2.6487,6.948959E-05,39.7305,0
2.6496,1.275654E-05,39.744,0,2.6496,5.337606E-05,39.744,0
2.6505,0.0001252155,39.7575,0,2.6505,-2.316319E-05,39.7575,0
2.6514,6.277562E-05,39.771,0,2.6514,2.014191E-06,39.771,0
2.6523,-6.076142E-05,39.7845,0,2.6523,4.699779E-05,39.7845,0
2.6532,-4.599069E-05,39.798,0,2.6532,-4.196231E-05,39.798,0
2.6541,-1.242084E-05,39.8115,0,2.6541,-0.0001185016,39.8115,0
2.655,-9.030289E-05,39.825,0,2.655,2.954147E-05,39.825,0
2.6559,-3.793393E-05,39.8385,0,2.6559,3.021286E-05,39.8385,0
2.6568,9.903105E-05,39.852,0,2.6568,-5.270466E-05,39.852,0
2.6577,7.150377E-05,39.8655,0,2.6577,-2.316319E-05,39.8655,0
2.6586,-5.304036E-05,39.879,0,2.6586,3.927672E-05,39.879,0
2.6595,7.049668E-06,39.8925,0,2.6595,1.208515E-05,39.8925,0
2.6604,-2.584878E-05,39.906,0,2.6604,-2.853437E-05,39.906,0
2.6613,-6.378271E-06,39.9195,0,2.6613,-7.418937E-05,39.9195,0
2.6622,-2.18204E-05,39.933,0,2.6622,-2.349889E-06,39.933,0
2.6631,-0.0001832914,39.9465,0,2.6631,5.203327E-05,39.9465,0
2.664,-9.097429E-05,39.96,0,2.664,-6.74754E-05,39.96,0
2.6649,5.606165E-05,39.9735,0,2.6649,-0.0001111162,39.9735,0
2.6658,-0.0001198444,39.987,0,2.6658,-3.021286E-06,39.987,0
2.6667,-8.291753E-05,40.0005,0,2.6667,-3.323415E-05,40.0005,0
2.6676,8.86244E-05,40.014,0,2.6676,-5.673304E-05,40.014,0
2.6685,3.793393E-05,40.0275,0,2.6685,0.0001225299,40.0275,0
2.6694,-2.517739E-05,40.041,0,2.6694,1.510643E-05,40.041,0
2.6703,-2.316319E-05,40.0545,0,2.6703,-0.0001943694,40.0545,0
2.6712,1.040665E-05,40.068,0,2.6712,-0.000154757,40.068,0
2.6721,-6.344701E-05,40.0815,0,2.6721,-8.459602E-05,40.0815,0
2.673,-1.745632E-05,40.095,0,2.673,-8.627451E-05,40.095,0
2.6739,4.028382E-05,40.1085,0,2.6739,-8.023193E-05,40.1085,0
2.6748,3.692683E-06,40.122,0,2.6748,-7.016098E-05,40.122,0
2.6757,1.208515E-05,40.1355,0,2.6757,3.759823E-05,40.1355,0
2.6766,1.577783E-05,40.149,0,2.6766,9.533837E-05,40.149,0
2.6775,-5.706874E-05,40.1625,0,2.6775,8.426032E-05,40.1625,0
2.6784,1.040665E-05,40.176,0,2.6784,-1.107805E-05,40.176,0
2.6793,-1.309224E-05,40.1895,0,2.6793,8.69459E-05,40.1895,0
2.6802,3.659113E-05,40.203,0,2.6802,8.325322E-05,40.203,0
2.6811,4.733349E-05,40.2165,0,2.6811,-0.0001127947,40.2165,0
2.682,-6.076142E-05,40.23,0,2.682,3.659113E-05,40.23,0
2.6829,8.560311E-05,40.2435,0,2.6829,6.277562E-05,40.2435,0
2.6838,7.183947E-05,40.257,0,2.6838,-5.706874E-05,40.257,0
2.6847,-4.095522E-05,40.2705,0,2.6847,-1.342794E-06,40.2705,0
2.6856,-2.450599E-05,40.284,0,2.6856,-3.356985E-07,40.284,0
2.6865,-3.927672E-05,40.2975,0,2.6865,-4.733349E-05,40.2975,0
2.6874,-2.853437E-05,40.311,0,2.6874,-8.157473E-05,40.311,0
2.6883,2.752728E-05,40.3245,0,2.6883,-0.0001188373,40.3245,0
2.6892,5.035477E-06,40.338,0,2.6892,-1.141375E-05,40.338,0
2.6901,-7.620356E-05,40.3515,0,2.6901,1.443504E-05,40.3515,0
2.691,-7.721065E-06,40.365,0,2.691,3.726253E-05,40.365,0
2.6919,0.0001467002,40.3785,0,2.6919,-3.659113E-05,40.3785,0
2.6928,-4.46479E-05,40.392,0,2.6928,2.081331E-05,40.392,0
2.6937,-4.53193E-05,40.4055,0,2.6937,-1.644922E-05,40.4055,0
2.6946,0.0001050736,40.419,0,2.6946,-6.378271E-05,40.419,0
2.6955,-3.189136E-05,40.4325,0,2.6955,3.088426E-05,40.4325,0
2.6964,4.263371E-05,40.446,0,2.6964,-4.867628E-05,40.446,0
2.6973,0.0001037308,40.4595,0,2.6973,-0.0001064164,40.4595,0
2.6982,1.007095E-06,40.473,0,2.6982,-8.392462E-06,40.473,0
2.6991,-7.351797E-05,40.4865,0,2.6991,4.867628E-05,40.4865,0
2.7,-8.392462E-06,40.5,0,2.7,2.450599E-05,40.5,0
2.7009,-2.1149E-05,40.5135,0,2.7009,7.418937E-05,40.5135,0
2.7018,6.210422E-05,40.527,0,2.7018,-5.438316E-05,40.527,0
2.7027,8.023193E-05,40.5405,0,2.7027,3.457694E-05,40.5405,0
2.7036,9.030289E-05,40.554,0,2.7036,4.196231E-05,40.554,0
2.7045,3.826963E-05,40.5675,0,2.7045,-7.553216E-05,40.5675,0
2.7054,6.277562E-05,40.581,0,2.7054,-9.970245E-05,40.581,0
2.7063,-2.719158E-05,40.5945,0,2.7063,-1.174945E-05,40.5945,0
2.7072,-3.121996E-05,40.608,0,2.7072,-4.666209E-05,40.608,0
2.7081,0.0001195087,40.6215,0,2.7081,-0.0001346151,40.6215,0
2.709,7.351797E-05,40.635,0,2.709,3.356985E-06,40.635,0
2.7099,-3.625543E-05,40.6485,0,2.7099,-6.042573E-06,40.6485,0
2.7108,6.277562E-05,40.662,0,2.7108,-5.941863E-05,40.662,0
2.7117,8.224613E-05,40.6755,0,2.7117,-7.049668E-06,40.6755,0
2.7126,-0.0001215228,40.689,0,2.7126,3.994812E-05,40.689,0
2.7135,-5.136187E-05,40.7025,0,2.7135,-1.275654E-05,40.7025,0
2.7144,3.457694E-05,40.716,0,2.7144,-2.618448E-05,40.716,0
2.7153,6.378271E-06,40.7295,0,2.7153,-7.418937E-05,40.7295,0
2.7162,-9.063859E-05,40.743,0,2.7162,1.342794E-06,40.743,0
2.7171,-0.000190341,40.7565,0,2.7171,-5.706874E-06,40.7565,0
2.718,-8.69459E-05,40.77,0,2.718,-2.853437E-05,40.77,0
2.7189,-5.874724E-05,40.7835,0,2.7189,5.035477E-06,40.7835,0
2.7198,-0.0001033951,40.797,0,2.7198,8.023193E-05,40.797,0
2.7207,-2.18204E-05,40.8105,0,2.7207,1.477073E-05,40.8105,0
2.7216,3.894102E-05,40.824,0,2.7216,-0.000102388,40.824,0
2.7225,-5.404745E-05,40.8375,0,2.7225,3.424125E-05,40.8375,0
2.7234,-4.666209E-05,40.851,0,2.7234,1.544213E-05,40.851,0
2.7243,-2.18204E-05,40.8645,0,2.7243,-9.970245E-05,40.8645,0
2.7252,-5.539025E-05,40.878,0,2.7252,-9.298848E-05,40.878,0
2.7261,-0.000115816,40.8915,0,2.7261,-3.021286E-05,40.8915,0
2.727,-5.203327E-05,40.905,0,2.727,-4.061952E-05,40.905,0
2.7279,-7.486076E-05,40.9185,0,2.7279,-5.673304E-05,40.9185,0
2.7288,4.196231E-05,40.932,0,2.7288,-8.056764E-05,40.932,0
2.7297,5.539025E-05,40.9455,0,2.7297,5.572595E-05,40.9455,0
2.7306,4.699779E-05,40.959,0,2.7306,3.457694E-05,40.959,0
2.7315,0.0001362936,40.9725,0,2.7315,-1.577783E-05,40.9725,0
2.7324,0.000102388,40.986,0,2.7324,-1.443504E-05,40.986,0
2.7333,-2.21561E-05,40.9995,0,2.7333,6.881819E-05,40.9995,0
2.7342,9.063859E-06,41.013,0,2.7342,1.678492E-05,41.013,0
2.7351,8.493171E-05,41.0265,0,2.7351,-5.673304E-05,41.0265,0
2.736,-9.701686E-05,41.04,0,2.736,7.418937E-05,41.04,0
2.7369,-9.903105E-05,41.0535,0,2.7369,5.304036E-05,41.0535,0
2.7378,-6.378271E-06,41.067,0,2.7378,-7.687495E-05,41.067,0
2.7387,-6.57969E-05,41.0805,0,2.7387,-4.53193E-05,41.0805,0
2.7396,-0.0001812772,41.094,0,2.7396,-2.349889E-06,41.094,0
2.7405,-0.000109102,41.1075,0,2.7405,-3.591974E-05,41.1075,0
2.7414,-5.001907E-05,41.121,0,2.7414,-4.800488E-05,41.121,0
2.7423,5.539025E-05,41.1345,0,2.7423,-9.768826E-05,41.1345,0
2.7432,8.560311E-05,41.148,0,2.7432,-2.752728E-05,41.148,0
2.7441,0.0001080949,41.1615,0,2.7441,-2.24918E-05,41.1615,0
2.745,4.666209E-05,41.175,0,2.745,-9.130999E-05,41.175,0
2.7459,0.0001144732,41.1885,0,2.7459,-5.539025E-05,41.1885,0
2.7468,4.599069E-05,41.202,0,2.7468,8.493171E-05,41.202,0
2.7477,-4.33051E-05,41.2155,0,2.7477,6.54612E-05,41.2155,0
2.7486,7.486076E-05,41.229,0,2.7486,-8.996719E-05,41.229,0
2.7495,-3.457694E-05,41.2425,0,2.7495,1.376364E-05,41.2425,0
2.7504,-3.121996E-05,41.256,0,2.7504,4.095522E-05,41.256,0
2.7513,7.989624E-05,41.2695,0,2.7513,-4.43122E-05,41.2695,0
2.7522,9.164568E-05,41.283,0,2.7522,3.591974E-05,41.283,0
2.7531,-6.411841E-05,41.2965,0,2.7531,7.486076E-05,41.2965,0
2.754,-0.000109102,41.31,0,2.754,2.24918E-05,41.31,0
2.7549,-8.426032E-05,41.3235,0,2.7549,-2.786297E-05,41.3235,0
2.7558,2.383459E-05,41.337,0,2.7558,-6.814679E-05,41.337,0
2.7567,-0.0001097734,41.3505,0,2.7567,4.061952E-05,41.3505,0
2.7576,-0.0001027237,41.364,0,2.7576,4.36408E-05,41.364,0
2.7585,6.54612E-05,41.3775,0,2.7585,-1.409934E-05,41.3775,0
2.7594,4.867628E-05,41.391,0,2.7594,-8.761731E-05,41.391,0
2.7603,-3.021286E-05,41.4045,0,2.7603,-2.752728E-05,41.4045,0
2.7612,-1.812772E-05,41.418,0,2.7612,-2.417029E-05,41.418,0
2.7621,-1.007095E-06,41.4315,0,2.7621,-0.0001520714,41.4315,0
2.763,-0.000126894,41.445,0,2.763,-2.887007E-05,41.445,0
2.7639,-0.0001507286,41.4585,0,2.7639,1.309224E-05,41.4585,0
2.7648,-4.36408E-06,41.472,0,2.7648,1.779202E-05,41.472,0
2.7657,1.040665E-05,41.4855,0,2.7657,1.779202E-05,41.4855,0
2.7666,-7.620356E-05,41.499,0,2.7666,-2.685588E-06,41.499,0
2.7675,-7.385367E-06,41.5125,0,2.7675,-4.46479E-05,41.5125,0
2.7684,-3.659113E-05,41.526,0,2.7684,-8.795301E-05,41.526,0
2.7693,3.457694E-05,41.5395,0,2.7693,-0.000102388,41.5395,0
2.7702,-1.913481E-05,41.553,0,2.7702,-3.793393E-05,41.553,0
2.7711,-0.0001467002,41.5665,0,2.7711,-1.443504E-05,41.5665,0
2.772,3.826963E-05,41.58,0,2.772,-8.191043E-05,41.58,0
2.7729,0.0001866484,41.5935,0,2.7729,-6.948959E-05,41.5935,0
2.7738,-3.390555E-05,41.607,0,2.7738,3.054856E-05,41.607,0
2.7747,-2.383459E-05,41.6205,0,2.7747,4.699779E-06,41.6205,0
2.7756,9.768826E-05,41.634,0,2.7756,-9.433127E-05,41.634,0
2.7765,3.054856E-05,41.6475,0,2.7765,3.390555E-05,41.6475,0
2.7774,2.887007E-05,41.661,0,2.7774,6.042573E-05,41.661,0
2.7783,0.0001151446,41.6745,0,2.7783,-5.841154E-05,41.6745,0
2.7792,6.814679E-05,41.688,0,2.7792,-3.726253E-05,41.688,0
2.7801,-5.774014E-05,41.7015,0,2.7801,4.028382E-06,41.7015,0
2.781,-1.141375E-05,41.715,0,2.781,-4.49836E-05,41.715,0
2.7819,-3.356985E-06,41.7285,0,2.7819,-3.189136E-05,41.7285,0
2.7828,-5.102617E-05,41.742,0,2.7828,-5.001907E-05,41.742,0
2.7837,-5.136187E-05,41.7555,0,2.7837,3.189136E-05,41.7555,0
2.7846,-0.0001201801,41.769,0,2.7846,1.678492E-06,41.769,0
2.7855,-0.0001329366,41.7825,0,2.7855,-0.000109102,41.7825,0
2.7864,1.712062E-05,41.796,0,2.7864,-8.325322E-05,41.796,0
2.7873,4.196231E-05,41.8095,0,2.7873,3.054856E-05,41.8095,0
2.7882,2.28275E-05,41.823,0,2.7882,3.155566E-05,41.823,0
2.7891,9.869535E-05,41.8365,0,2.7891,-5.941863E-05,41.8365,0
2.79,1.443504E-05,41.85,0,2.79,3.491264E-05,41.85,0
2.7909,5.874724E-05,41.8635,0,2.7909,5.572595E-05,41.8635,0
2.7918,4.934768E-05,41.877,0,2.7918,-1.510643E-05,41.877,0
2.7927,-7.284657E-05,41.8905,0,2.7927,4.229801E-05,41.8905,0
2.7936,-0.0001134661,41.904,0,2.7936,4.39765E-05,41.904,0
2.7945,-0.0001138018,41.9175,0,2.7945,1.242084E-05,41.9175,0
2.7954,-3.121996E-05,41.931,0,2.7954,2.014191E-05,41.931,0
2.7963,5.539025E-05,41.9445,0,2.7963,-1.947051E-05,41.9445,0
2.7972,6.51255E-05,41.958,0,2.7972,-1.174945E-05,41.958,0
2.7981,6.51255E-05,41.9715,0,2.7981,-1.678492E-05,41.9715,0
2.799,8.996719E-05,41.985,0,2.799,-2.450599E-05,41.985,0
2.7999,0.0001500572,41.9985,0,2.7999,-3.894102E-05,41.9985,0
2.8008,-2.450599E-05,42.012,0,2.8008,4.196231E-05,42.012,0
2.8017,1.007095E-06,42.0255,0,2.8017,-9.063859E-06,42.0255,0
2.8026,0.0001594568,42.039,0,2.8026,-0.0001487144,42.039,0
2.8035,7.049668E-06,42.0525,0,2.8035,-1.107805E-05,42.0525,0
2.8044,-7.083238E-05,42.066,0,2.8044,2.786297E-05,42.066,0
2.8053,-6.74754E-05,42.0795,0,2.8053,-0.0001279011,42.0795,0
2.8062,-5.169757E-05,42.093,0,2.8062,-7.418937E-05,42.093,0
2.8071,-9.970245E-05,42.1065,0,2.8071,3.356985E-07,42.1065,0
2.808,-5.337606E-05,42.12,0,2.808,-2.719158E-05,42.12,0
2.8089,-7.821774E-05,42.1335,0,2.8089,-3.256275E-05,42.1335,0
2.8098,-9.063859E-06,42.147,0,2.8098,-7.016098E-05,42.147,0
2.8107,-1.275654E-05,42.1605,0,2.8107,1.409934E-05,42.1605,0
2.8116,2.819867E-05,42.174,0,2.8116,1.242084E-05,42.174,0
2.8125,-2.18204E-05,42.1875,0,2.8125,-3.994812E-05,42.1875,0
2.8134,3.894102E-05,42.201,0,2.8134,-7.116808E-05,42.201,0
2.8143,-9.365987E-05,42.2145,0,2.8143,-8.392462E-06,42.2145,0
2.8152,-7.418937E-05,42.228,0,2.8152,-3.189136E-05,42.228,0
2.8161,0.0001171588,42.2415,0,2.8161,-7.486076E-05,42.2415,0
2.817,-1.644922E-05,42.255,0,2.817,5.673304E-05,42.255,0
2.8179,-0.0001292439,42.2685,0,2.8179,6.143282E-05,42.2685,0
2.8188,4.699779E-06,42.282,0,2.8188,-1.477073E-05,42.282,0
2.8197,-6.042573E-05,42.2955,0,2.8197,-3.726253E-05,42.2955,0
2.8206,-0.0001863127,42.309,0,2.8206,-3.356985E-07,42.309,0
2.8215,-7.821774E-05,42.3225,0,2.8215,-2.652018E-05,42.3225,0
2.8224,6.948959E-05,42.336,0,2.8224,-1.678492E-06,42.336,0
2.8233,8.358892E-05,42.3495,0,2.8233,-5.606165E-05,42.3495,0
2.8242,6.210422E-05,42.363,0,2.8242,2.987716E-05,42.363,0
2.8251,0.0001393149,42.3765,0,2.8251,0.0001164874,42.3765,0
2.826,9.768826E-05,42.39,0,2.826,8.86244E-05,42.39,0
2.8269,4.129091E-05,42.4035,0,2.8269,-4.53193E-05,42.4035,0
2.8278,-2.1149E-05,42.417,0,2.8278,9.903105E-05,42.417,0
2.8287,-2.618448E-05,42.4305,0,2.8287,-2.349889E-05,42.4305,0
2.8296,2.584878E-05,42.444,0,2.8296,-0.0001574426,42.444,0
2.8305,-4.968337E-05,42.4575,0,2.8305,2.920577E-05,42.4575,0
2.8314,-0.000109102,42.471,0,2.8314,-3.021286E-06,42.471,0
2.8323,-7.284657E-05,42.4845,0,2.8323,-0.0001044022,42.4845,0
2.8332,-0.0001856413,42.498,0,2.8332,-3.390555E-05,42.498,0
2.8341,-0.0001507286,42.5115,0,2.8341,2.853437E-05,42.5115,0
2.835,-9.198138E-05,42.525,0,2.835,-1.644922E-05,42.525,0
2.8359,-5.270466E-05,42.5385,0,2.8359,-2.383459E-05,42.5385,0
2.8368,8.69459E-05,42.552,0,2.8368,-3.591974E-05,42.552,0
2.8377,0.0001413291,42.5655,0,2.8377,4.599069E-05,42.5655,0
2.8386,6.54612E-05,42.579,0,2.8386,2.316319E-05,42.579,0
2.8395,7.418937E-05,42.5925,0,2.8395,-4.36408E-06,42.5925,0
2.8404,2.652018E-05,42.606,0,2.8404,-6.915389E-05,42.606,0
2.8413,-0.0001010452,42.6195,0,2.8413,-7.553216E-05,42.6195,0
2.8422,3.121996E-05,42.633,0,2.8422,-8.627451E-05,42.633,0
2.8431,9.903105E-05,42.6465,0,2.8431,-0.0001514,42.6465,0
2.844,-6.881819E-05,42.66,0,2.844,-7.553216E-05,42.66,0
2.8449,-3.591974E-05,42.6735,0,2.8449,-0.0001033951,42.6735,0
2.8458,3.726253E-05,42.687,0,2.8458,-0.0001671778,42.687,0
2.8467,9.768826E-05,42.7005,0,2.8467,-0.0001104448,42.7005,0
2.8476,-0.0001084306,42.714,0,2.8476,-3.054856E-05,42.714,0
2.8485,-2.987716E-05,42.7275,0,2.8485,3.390555E-05,42.7275,0
2.8494,-3.692683E-06,42.741,0,2.8494,0.0001339437,42.741,0
2.8503,1.040665E-05,42.7545,0,2.8503,-3.524834E-05,42.7545,0
2.8512,5.136187E-05,42.768,0,2.8512,-5.404745E-05,42.768,0
2.8521,4.934768E-05,42.7815,0,2.8521,-3.121996E-05,42.7815,0
2.853,0.000186984,42.795,0,2.853,-2.719158E-05,42.795,0
2.8539,0.0001943694,42.8085,0,2.8539,2.450599E-05,42.8085,0
2.8548,-1.812772E-05,42.822,0,2.8548,0.0001473716,42.822,0
2.8557,-8.123904E-05,42.8355,0,2.8557,5.740444E-05,42.8355,0
2.8566,2.987716E-05,42.849,0,2.8566,-7.922484E-05,42.849,0
2.8575,-2.18204E-05,42.8625,0,2.8575,1.007095E-05,42.8625,0
2.8584,-0.0001654994,42.876,0,2.8584,1.409934E-05,42.876,0
2.8593,-5.236896E-05,42.8895,0,2.8593,-0.0001138018,42.8895,0
2.8602,2.887007E-05,42.903,0,2.8602,-0.0001138018,42.903,0
2.8611,-0.0001356222,42.9165,0,2.8611,-1.007095E-05,42.9165,0
2.862,-0.000126894,42.93,0,2.862,-4.33051E-05,42.93,0
2.8629,-7.116808E-05,42.9435,0,2.8629,-0.0001661708,42.9435,0
2.8638,-1.947051E-05,42.957,0,2.8638,-0.0001362936,42.957,0
2.8647,-3.591974E-05,42.9705,0,2.8647,4.766919E-05,42.9705,0
2.8656,3.860533E-05,42.984,0,2.8656,7.486076E-05,42.984,0
2.8665,-4.028382E-06,42.9975,0,2.8665,5.337606E-05,42.9975,0
2.8674,4.129091E-05,43.011,0,2.8674,3.524834E-05,43.011,0
2.8683,-4.599069E-05,43.0245,0,2.8683,0.0001634852,43.0245,0
2.8692,6.378271E-06,43.038,0,2.8692,4.028382E-05,43.038,0
2.8701,6.6804E-05,43.0515,0,2.8701,-0.0001524071,43.0515,0
2.871,-4.36408E-05,43.065,0,2.871,1.007095E-05,43.065,0
2.8719,-0.0001359579,43.0785,0,2.8719,-1.443504E-05,43.0785,0
2.8728,-7.016098E-05,43.092,0,2.8728,-0.0001255512,43.092,0
2.8737,8.325322E-05,43.1055,0,2.8737,-5.874724E-05,43.1055,0
2.8746,1.409934E-05,43.119,0,2.8746,5.304036E-05,43.119,0
2.8755,-6.311131E-05,43.1325,0,2.8755,-2.28275E-05,43.1325,0
2.8764,-3.994812E-05,43.146,0,2.8764,-5.069047E-05,43.146,0
2.8773,9.164568E-05,43.1595,0,2.8773,-7.956054E-05,43.1595,0
2.8782,-5.606165E-05,43.173,0,2.8782,2.517739E-05,43.173,0
2.8791,-9.970245E-05,43.1865,0,2.8791,1.040665E-05,43.1865,0
2.88,-2.450599E-05,43.2,0,2.88,-7.821774E-05,43.2,0
2.8809,5.807584E-05,43.2135,0,2.8809,-6.009003E-05,43.2135,0
2.8818,-7.284657E-05,43.227,0,2.8818,1.745632E-05,43.227,0
2.8827,-6.210422E-05,43.2405,0,2.8827,3.726253E-05,43.2405,0
2.8836,0.0001426719,43.254,0,2.8836,-4.867628E-05,43.254,0
2.8845,-1.443504E-05,43.2675,0,2.8845,4.028382E-05,43.2675,0
2.8854,-0.0001668421,43.281,0,2.8854,6.411841E-05,43.281,0
2.8863,-4.599069E-05,43.2945,0,2.8863,-6.076142E-05,43.2945,0
2.8872,-1.409934E-05,43.308,0,2.8872,-4.49836E-05,43.308,0
2.8881,-0.0001728847,43.3215,0,2.8881,4.39765E-05,43.3215,0
2.889,-6.378271E-06,43.335,0,2.889,1.007095E-06,43.335,0
2.8899,9.231708E-05,43.3485,0,2.8899,3.356985E-06,43.3485,0
2.8908,0.0002279393,43.362,0,2.8908,-6.042573E-05,43.362,0
2.8917,0.0001675135,43.3755,0,2.8917,-5.471885E-05,43.3755,0
2.8926,-0.0001359579,43.389,0,2.8926,1.779202E-05,43.389,0
2.8935,-8.627451E-05,43.4025,0,2.8935,-5.438316E-05,43.4025,0
2.8944,4.934768E-05,43.416,0,2.8944,-2.853437E-05,43.416,0
2.8953,4.867628E-05,43.4295,0,2.8953,6.344701E-05,43.4295,0
2.8962,-1.007095E-06,43.443,0,2.8962,7.049668E-06,43.443,0
2.8971,4.968337E-05,43.4565,0,2.8971,-7.418937E-05,43.4565,0
2.898,2.517739E-05,43.47,0,2.898,7.721065E-05,43.47,0
2.8989,3.524834E-05,43.4835,0,2.8989,-1.779202E-05,43.4835,0
2.8998,2.517739E-05,43.497,0,2.8998,-0.000185977,43.497,0
2.9007,5.673304E-05,43.5105,0,2.9007,-9.735256E-05,43.5105,0
2.9016,-2.685588E-06,43.524,0,2.9016,-9.735256E-06,43.524,0
2.9025,-7.821774E-05,43.5375,0,2.9025,3.692683E-06,43.5375,0
2.9034,-4.36408E-05,43.551,0,2.9034,2.887007E-05,43.551,0
2.9043,2.24918E-05,43.5645,0,2.9043,-2.21561E-05,43.5645,0
2.9052,5.941863E-05,43.578,0,2.9052,3.826963E-05,43.578,0
2.9061,-6.378271E-05,43.5915,0,2.9061,4.263371E-05,43.5915,0
2.907,9.600977E-05,43.605,0,2.907,-3.625543E-05,43.605,0
2.9079,4.53193E-05,43.6185,0,2.9079,-6.57969E-05,43.6185,0
2.9088,-0.0001665064,43.632,0,2.9088,-4.800488E-05,43.632,0
2.9097,-5.673304E-05,43.6455,0,2.9097,-2.987716E-05,43.6455,0
2.9106,0.0001084306,43.659,0,2.9106,-8.291753E-05,43.659,0
2.9115,3.356985E-07,43.6725,0,2.9115,5.270466E-05,43.6725,0
2.9124,0.0001131304,43.686,0,2.9124,3.457694E-05,43.686,0
2.9133,0.0001161517,43.6995,0,2.9133,-0.000102388,43.6995,0
2.9142,2.719158E-05,43.713,0,2.9142,-3.793393E-05,43.713,0
2.9151,3.256275E-05,43.7265,0,2.9151,3.591974E-05,43.7265,0
2.916,4.229801E-05,43.74,0,2.916,-4.36408E-06,43.74,0
2.9169,3.692683E-06,43.7535,0,2.9169,-2.18204E-05,43.7535,0
2.9178,-1.779202E-05,43.767,0,2.9178,-6.478981E-05,43.767,0
2.9187,-2.786297E-05,43.7805,0,2.9187,6.243992E-05,43.7805,0
2.9196,-0.0001228656,43.794,0,2.9196,7.888914E-05,43.794,0
2.9205,-6.6804E-05,43.8075,0,2.9205,6.61326E-05,43.8075,0
2.9214,1.409934E-05,43.821,0,2.9214,-3.793393E-05,43.821,0
2.9223,-0.0001571069,43.8345,0,2.9223,-1.678492E-06,43.8345,0
2.9232,-0.0001138018,43.848,0,2.9232,-1.409934E-05,43.848,0
2.9241,0.000130251,43.8615,0,2.9241,-8.82887E-05,43.8615,0
2.925,-5.136187E-05,43.875,0,2.925,2.24918E-05,43.875,0
2.9259,-1.644922E-05,43.8885,0,2.9259,5.069047E-05,43.8885,0
2.9268,0.0001654994,43.902,0,2.9268,-2.853437E-05,43.902,0
2.9277,0.0002272679,43.9155,0,2.9277,-5.035477E-06,43.9155,0
2.9286,-4.39765E-05,43.929,0,2.9286,-3.524834E-05,43.929,0
2.9295,-4.061952E-05,43.9425,0,2.9295,-0.0002678874,43.9425,0
2.9304,5.874724E-05,43.956,0,2.9304,-8.82887E-05,43.956,0
2.9313,6.378271E-06,43.9695,0,2.9313,-8.358892E-05,43.9695,0
2.9322,-4.095522E-05,43.983,0,2.9322,-1.107805E-05,43.983,0
2.9331,-0.0001245441,43.9965,0,2.9331,3.256275E-05,43.9965,0
2.934,-0.0001238727,44.01,0,2.934,4.766919E-05,44.01,0
2.9349,-4.699779E-05,44.0235,0,2.9349,4.39765E-05,44.0235,0
2.9358,-8.157473E-05,44.037,0,2.9358,5.572595E-05,44.037,0
2.9367,-6.54612E-05,44.0505,0,2.9367,-9.063859E-06,44.0505,0
2.9376,-6.713969E-06,44.064,0,2.9376,-7.821774E-05,44.064,0
2.9385,-6.57969E-05,44.0775,0,2.9385,7.956054E-05,44.0775,0
2.9394,-4.39765E-05,44.091,0,2.9394,9.634547E-05,44.091,0
2.9403,2.517739E-05,44.1045,0,2.9403,1.376364E-05,44.1045,0
2.9412,0.000119173,44.118,0,2.9412,2.349889E-06,44.118,0
2.9421,5.941863E-05,44.1315,0,2.9421,7.183947E-05,44.1315,0
2.943,-1.644922E-05,44.145,0,2.943,4.699779E-05,44.145,0
2.9439,-6.042573E-06,44.1585,0,2.9439,-5.471885E-05,44.1585,0
2.9448,8.82887E-05,44.172,0,2.9448,-7.553216E-05,44.172,0
2.9457,-9.735256E-06,44.1855,0,2.9457,-9.063859E-06,44.1855,0
2.9466,-0.0002440528,44.199,0,2.9466,-9.231708E-05,44.199,0
2.9475,-0.0001339437,44.2125,0,2.9475,-8.92958E-05,44.2125,0
2.9484,-7.821774E-05,44.226,0,2.9484,-6.54612E-05,44.226,0
2.9493,-0.0001567712,44.2395,0,2.9493,3.994812E-05,44.2395,0
2.9502,-4.33051E-05,44.253,0,2.9502,1.510643E-05,44.253,0
2.9511,-2.383459E-05,44.2665,0,2.9511,-0.0001477073,44.2665,0
2.952,-0.0001077592,44.28,0,2.952,-0.0001003738,44.28,0
2.9529,8.090334E-05,44.2935,0,2.9529,-5.404745E-05,44.2935,0
2.9538,0.0002188754,44.307,0,2.9538,-0.0001681849,44.307,0
2.9547,0.0001514,44.3205,0,2.9547,-4.196231E-05,44.3205,0
2.9556,7.586786E-05,44.334,0,2.9556,3.323415E-05,44.334,0
2.9565,0.0001510643,44.3475,0,2.9565,-1.712062E-05,44.3475,0
2.9574,8.358892E-05,44.361,0,2.9574,-2.047761E-05,44.361,0
2.9583,9.768826E-05,44.3745,0,2.9583,-7.351797E-05,44.3745,0
2.9592,0.0001040665,44.388,0,2.9592,-8.392462E-06,44.388,0
2.9601,-5.102617E-05,44.4015,0,2.9601,-2.1149E-05,44.4015,0
2.961,-7.721065E-06,44.415,0,2.961,-5.337606E-05,44.415,0
2.9619,0.0001003738,44.4285,0,2.9619,-3.054856E-05,44.4285,0
2.9628,-8.123904E-05,44.442,0,2.9628,5.001907E-05,44.442,0
2.9637,-8.92958E-05,44.4555,0,2.9637,-1.510643E-05,44.4555,0
2.9646,9.433127E-05,44.469,0,2.9646,-7.586786E-05,44.469,0
2.9655,-1.107805E-05,44.4825,0,2.9655,4.196231E-05,44.4825,0
2.9664,-0.0002279393,44.496,0,2.9664,1.577783E-05,44.496,0
2.9673,-0.0001107805,44.5095,0,2.9673,-8.426032E-05,44.5095,0
2.9682,-3.927672E-05,44.523,0,2.9682,-3.457694E-05,44.523,0
2.9691,-0.0002020905,44.5365,0,2.9691,-1.242084E-05,44.5365,0
2.97,-6.881819E-05,44.55,0,2.97,-2.987716E-05,44.55,0
2.9709,3.457694E-05,44.5635,0,2.9709,-7.687495E-05,44.5635,0
2.9718,3.054856E-05,44.577,0,2.9718,-0.0001460288,44.577,0
2.9727,-2.819867E-05,44.5905,0,2.9727,-6.51255E-05,44.5905,0
2.9736,-7.956054E-05,44.604,0,2.9736,-9.231708E-05,44.604,0
2.9745,-6.344701E-05,44.6175,0,2.9745,3.121996E-05,44.6175,0
2.9754,-1.409934E-05,44.631,0,2.9754,7.620356E-05,44.631,0
2.9763,-9.600977E-05,44.6445,0,2.9763,9.298848E-05,44.6445,0
2.9772,2.685588E-06,44.658,0,2.9772,7.553216E-05,44.658,0
2.9781,5.001907E-05,44.6715,0,2.9781,-3.323415E-05,44.6715,0
2.979,-1.107805E-05,44.685,0,2.979,3.289845E-05,44.685,0
2.9799,1.309224E-05,44.6985,0,2.9799,5.203327E-05,44.6985,0
2.9808,9.835965E-05,44.712,0,2.9808,8.392462E-06,44.712,0
2.9817,0.0001379721,44.7255,0,2.9817,-5.035477E-06,44.7255,0
2.9826,-6.109713E-05,44.739,0,2.9826,2.484169E-05,44.739,0
2.9835,-4.36408E-05,44.7525,0,2.9835,9.634547E-05,44.7525,0
2.9844,7.284657E-05,44.766,0,2.9844,0.0001285725,44.766,0
2.9853,0.0001930266,44.7795,0,2.9853,-0.0001634852,44.7795,0
2.9862,4.699779E-06,44.793,0,2.9862,-3.021286E-05,44.793,0
2.9871,-0.0001416648,44.8065,0,2.9871,3.961242E-05,44.8065,0
2.988,-5.941863E-05,44.82,0,2.988,-2.987716E-05,44.82,0
2.9889,3.054856E-05,44.8335,0,2.9889,-2.28275E-05,44.8335,0
2.9898,-0.0001003738,44.847,0,2.9898,5.874724E-05,44.847,0
2.9907,-5.069047E-05,44.8605,0,2.9907,7.385367E-06,44.8605,0
2.9916,9.231708E-05,44.874,0,2.9916,-8.493171E-05,44.874,0
2.9925,-4.129091E-05,44.8875,0,2.9925,4.599069E-05,44.8875,0
2.9934,1.947051E-05,44.901,0,2.9934,5.908293E-05,44.901,0
2.9943,0.0001295796,44.9145,0,2.9943,-1.376364E-05,44.9145,0
2.9952,-7.956054E-05,44.928,0,2.9952,5.371176E-05,44.928,0
2.9961,-7.956054E-05,44.9415,0,2.9961,0.0001097734,44.9415,0
2.997,2.786297E-05,44.955,0,2.997,1.342794E-05,44.955,0
2.9979,-2.853437E-05,44.9685,0,2.9979,-4.666209E-05,44.9685,0
2.9988,1.174945E-05,44.982,0,2.9988,-0.0001218585,44.982,0
2.9997,6.57969E-05,44.9955,0,2.9997,-7.486076E-05,44.9955,0
3.0006,-1.947051E-05,45.009,0,3.0006,-9.500267E-05,45.009,0
3.0015,-1.443504E-05,45.0225,0,3.0015,-0.000115816,45.0225,0
3.0024,8.291753E-05,45.036,0,3.0024,-9.970245E-05,45.036,0
3.0033,-1.644922E-05,45.0495,0,3.0033,1.544213E-05,45.0495,0
3.0042,-0.0001000381,45.063,0,3.0042,-1.007095E-05,45.063,0
3.0051,6.6804E-05,45.0765,0,3.0051,-0.0001185016,45.0765,0
3.006,4.599069E-05,45.09,0,3.006,6.713969E-07,45.09,0
3.0069,6.210422E-05,45.1035,0,3.0069,4.699779E-06,45.1035,0
3.0078,9.768826E-05,45.117,0,3.0078,-5.136187E-05,45.117,0
3.0087,-3.793393E-05,45.1305,0,3.0087,4.129091E-05,45.1305,0
3.0096,-9.030289E-05,45.144,0,3.0096,4.39765E-05,45.144,0
3.0105,-9.433127E-05,45.1575,0,3.0105,-3.189136E-05,45.1575,0
3.0114,-0.0001127947,45.171,0,3.0114,-9.063859E-05,45.171,0
3.0123,-3.356985E-07,45.1845,0,3.0123,-0.0001030594,45.1845,0
3.0132,-3.054856E-05,45.198,0,3.0132,4.36408E-06,45.198,0
3.0141,-0.0001131304,45.2115,0,3.0141,-6.814679E-05,45.2115,0
3.015,-0.0001111162,45.225,0,3.015,-0.0001188373,45.225,0
3.0159,3.692683E-06,45.2385,0,3.0159,-9.433127E-05,45.2385,0
3.0168,-2.24918E-05,45.252,0,3.0168,2.047761E-05,45.252,0
3.0177,-7.821774E-05,45.2655,0,3.0177,-8.392462E-06,45.2655,0
3.0186,-6.042573E-06,45.279,0,3.0186,-0.0001030594,45.279,0
3.0195,-1.980621E-05,45.2925,0,3.0195,-9.735256E-06,45.2925,0
3.0204,0.000185977,45.306,0,3.0204,-2.584878E-05,45.306,0
3.0213,0.0001279011,45.3195,0,3.0213,-8.157473E-05,45.3195,0
3.0222,-9.936675E-05,45.333,0,3.0222,6.009003E-05,45.333,0
3.0231,-0.0001322652,45.3465,0,3.0231,7.284657E-05,45.3465,0
3.024,0,45.36,0,3.024,0,45.36,0
3.0249,0,45.3735,0,3.0249,0,45.3735,0
3.0258,0,45.387,0,3.0258,0,45.387,0
3.0267,0,45.4005,0,3.0267,0,45.4005,0
3.0276,0,45.414,0,3.0276,0,45.414,0
3.0285,0,45.4275,0,3.0285,0,45.4275,0
3.0294,0,45.441,0,3.0294,0,45.441,0
3.0303,0,45.4545,0,3.0303,0,45.4545,0
3.0312,0,45.468,0,3.0312,0,45.468,0
3.0321,0,45.4815,0,3.0321,0,45.4815,0
3.033,0,45.495,0,3.033,0,45.495,0
3.0339,0,45.5085,0,3.0339,0,45.5085,0
3.0348,0,45.522,0,3.0348,0,45.522,0
3.0357,0,45.5355,0,3.0357,0,45.5355,0
3.0366,0,45.549,0,3.0366,0,45.549,0
3.0375,0,45.5625,0,3.0375,0,45.5625,0
3.0384,0,45.576,0,3.0384,0,45.576,0
3.0393,0,45.5895,0,3.0393,0,45.5895,0
3.0402,0,45.603,0,3.0402,0,45.603,0
3.0411,0,45.6165,0,3.0411,0,45.6165,0
3.042,0,45.63,0,3.042,0,45.63,0
3.0429,0,45.6435,0,3.0429,0,45.6435,0
3.0438,0,45.657,0,3.0438,0,45.657,0
3.0447,0,45.6705,0,3.0447,0,45.6705,0
3.0456,0,45.684,0,3.0456,0,45.684,0
3.0465,0,45.6975,0,3.0465,0,45.6975,0
3.0474,0,45.711,0,3.0474,0,45.711,0
3.0483,0,45.7245,0,3.0483,0,45.7245,0
3.0492,0,45.738,0,3.0492,0,45.738,0
3.0501,0,45.7515,0,3.0501,0,45.7515,0
3.051,0,45.765,0,3.051,0,45.765,0
3.0519,0,45.7785,0,3.0519,0,45.7785,0
3.0528,0,45.792,0,3.0528,0,45.792,0
3.0537,0,45.8055,0,3.0537,0,45.8055,0
3.0546,0,45.819,0,3.0546,0,45.819,0
3.0555,0,45.8325,0,3.0555,0,45.8325,0
3.0564,0,45.846,0,3.0564,0,45.846,0
3.0573,0,45.8595,0,3.0573,0,45.8595,0
3.0582,0,45.873,0,3.0582,0,45.873,0
3.0591,0,45.8865,0,3.0591,0,45.8865,0
3.06,0,45.9,0,3.06,0,45.9,0
3.0609,0,45.9135,0,3.0609,0,45.9135,0
3.0618,0,45.927,0,3.0618,0,45.927,0
3.0627,0,45.9405,0,3.0627,0,45.9405,0
3.0636,0,45.954,0,3.0636,0,45.954,0
3.0645,0,45.9675,0,3.0645,0,45.9675,0
3.0654,0,45.981,0,3.0654,0,45.981,0
3.0663,0,45.9945,0,3.0663,0,45.9945,0
3.0672,0,46.008,0,3.0672,0,46.008,0
3.0681,0,46.0215,0,3.0681,0,46.0215,0
3.069,0,46.035,0,3.069,0,46.035,0
3.0699,0,46.0485,0,3.0699,0,46.0485,0
3.0708,0,46.062,0,3.0708,0,46.062,0
3.0717,0,46.0755,0,3.0717,0,46.0755,0
3.0726,0,46.089,0,3.0726,0,46.089,0
3.0735,0,46.1025,0,3.0735,0,46.1025,0
3.0744,0,46.116,0,3.0744,0,46.116,0
3.0753,0,46.1295,0,3.0753,0,46.1295,0
3.0762,0,46.143,0,3.0762,0,46.143,0
3.0771,0,46.1565,0,3.0771,0,46.1565,0
3.078,0,46.17,0,3.078,0,46.17,0
3.0789,0,46.1835,0,3.0789,0,46.1835,0
3.0798,0,46.197,0,3.0798,0,46.197,0
3.0807,0,46.2105,0,3.0807,0,46.2105,0
3.0816,0,46.224,0,3.0816,0,46.224,0
3.0825,0,46.2375,0,3.0825,0,46.2375,0
3.0834,0,46.251,0,3.0834,0,46.251,0
3.0843,0,46.2645,0,3.0843,0,46.2645,0
3.0852,0,46.278,0,3.0852,0,46.278,0
3.0861,0,46.2915,0,3.0861,0,46.2915,0
3.087,0,46.305,0,3.087,0,46.305,0
3.0879,0,46.3185,0,3.0879,0,46.3185,0
3.0888,0,46.332,0,3.0888,0,46.332,0
3.0897,0,46.3455,0,3.0897,0,46.3455,0
3.0906,0,46.359,0,3.0906,0,46.359,0
3.0915,0,46.3725,0,3.0915,0,46.3725,0
3.0924,0,46.386,0,3.0924,0,46.386,0
3.0933,0,46.3995,0,3.0933,0,46.3995,0
3.0942,0,46.413,0,3.0942,0,46.413,0
3.0951,0,46.4265,0,3.0951,0,46.4265,0
3.096,0,46.44,0,3.096,0,46.44,0
3.0969,0,46.4535,0,3.0969,0,46.4535,0
3.0978,0,46.467,0,3.0978,0,46.467,0
3.0987,0,46.4805,0,3.0987,0,46.4805,0
3.0996,0,46.494,0,3.0996,0,46.494,0
3.1005,0,46.5075,0,3.1005,0,46.5075,0
3.1014,0,46.521,0,3.1014,0,46.521,0
3.1023,0,46.5345,0,3.1023,0,46.5345,0
3.1032,0,46.548,0,3.1032,0,46.548,0
3.1041,0,46.5615,0,3.1041,0,46.5615,0
3.105,0,46.575,0,3.105,0,46.575,0
3.1059,0,46.5885,0,3.1059,0,46.5885,0
3.1068,0,46.602,0,3.1068,0,46.602,0
3.1077,0,46.6155,0,3.1077,0,46.6155,0
3.1086,0,46.629,0,3.1086,0,46.629,0
3.1095,0,46.6425,0,3.1095,0,46.6425,0
3.1104,0,46.656,0,3.1104,0,46.656,0
3.1113,0,46.6695,0,3.1113,0,46.6695,0
3.1122,0,46.683,0,3.1122,0,46.683,0
3.1131,0,46.6965,0,3.1131,0,46.6965,0
3.114,0,46.71,0,3.114,0,46.71,0
3.1149,0,46.7235,0,3.1149,0,46.7235,0
3.1158,0,46.737,0,3.1158,0,46.737,0
3.1167,0,46.7505,0,3.1167,0,46.7505,0
3.1176,0,46.764,0,3.1176,0,46.764,0
3.1185,0,46.7775,0,3.1185,0,46.7775,0
3.1194,0,46.791,0,3.1194,0,46.791,0
3.1203,0,46.8045,0,3.1203,0,46.8045,0
3.1212,0,46.818,0,3.1212,0,46.818,0
3.1221,0,46.8315,0,3.1221,0,46.8315,0
3.123,0,46.845,0,3.123,0,46.845,0
3.1239,0,46.8585,0,3.1239,0,46.8585,0
3.1248,0,46.872,0,3.1248,0,46.872,0
3.1257,0,46.8855,0,3.1257,0,46.8855,0
3.1266,0,46.899,0,3.1266,0,46.899,0
3.1275,0,46.9125,0,3.1275,0,46.9125,0
3.1284,0,46.926,0,3.1284,0,46.926,0
3.1293,0,46.9395,0,3.1293,0,46.9395,0
3.1302,0,46.953,0,3.1302,0,46.953,0
3.1311,0,46.9665,0,3.1311,0,46.9665,0
3.132,0,46.98,0,3.132,0,46.98,0
3.1329,0,46.9935,0,3.1329,0,46.9935,0
3.1338,0,47.007,0,3.1338,0,47.007,0
3.1347,0,47.0205,0,3.1347,0,47.0205,0
3.1356,0,47.034,0,3.1356,0,47.034,0
3.1365,0,47.0475,0,3.1365,0,47.0475,0
3.1374,0,47.061,0,3.1374,0,47.061,0
3.1383,0,47.0745,0,3.1383,0,47.0745,0
3.1392,0,47.088,0,3.1392,0,47.088,0
3.1401,0,47.1015,0,3.1401,0,47.1015,0
3.141,0,47.115,0,3.141,0,47.115,0
3.1419,0,47.1285,0,3.1419,0,47.1285,0
3.1428,0,47.142,0,3.1428,0,47.142,0
3.1437,0,47.1555,0,3.1437,0,47.1555,0
3.1446,0,47.169,0,3.1446,0,47.169,0
3.1455,0,47.1825,0,3.1455,0,47.1825,0
3.1464,0,47.196,0,3.1464,0,47.196,0
3.1473,0,47.2095,0,3.1473,0,47.2095,0
3.1482,0,47.223,0,3.1482,0,47.223,0
3.1491,0,47.2365,0,3.1491,0,47.2365,0
3.15,0,47.25,0,3.15,0,47.25,0
3.1509,0,47.2635,0,3.1509,0,47.2635,0
3.1518,0,47.277,0,3.1518,0,47.277,0
3.1527,0,47.2905,0,3.1527,0,47.2905,0
3.1536,0,47.304,0,3.1536,0,47.304,0
3.1545,0,47.3175,0,3.1545,0,47.3175,0
3.1554,0,47.331,0,3.1554,0,47.331,0
3.1563,0,47.3445,0,3.1563,0,47.3445,0
3.1572,0,47.358,0,3.1572,0,47.358,0
3.1581,0,47.3715,0,3.1581,0,47.3715,0
3.159,0,47.385,0,3.159,0,47.385,0
3.1599,0,47.3985,0,3.1599,0,47.3985,0
3.1608,0,47.412,0,3.1608,0,47.412,0
3.1617,0,47.4255,0,3.1617,0,47.4255,0
3.1626,0,47.439,0,3.1626,0,47.439,0
3.1635,0,47.4525,0,3.1635,0,47.4525,0
3.1644,0,47.466,0,3.1644,0,47.466,0
3.1653,0,47.4795,0,3.1653,0,47.4795,0
3.1662,0,47.493,0,3.1662,0,47.493,0
3.1671,0,47.5065,0,3.1671,0,47.5065,0
3.168,0,47.52,0,3.168,0,47.52,0
3.1689,0,47.5335,0,3.1689,0,47.5335,0
3.1698,0,47.547,0,3.1698,0,47.547,0
3.1707,0,47.5605,0,3.1707,0,47.5605,0
3.1716,0,47.574,0,3.1716,0,47.574,0
3.1725,0,47.5875,0,3.1725,0,47.5875,0
3.1734,0,47.601,0,3.1734,0,47.601,0
3.1743,0,47.6145,0,3.1743,0,47.6145,0
3.1752,0,47.628,0,3.1752,0,47.628,0
3.1761,0,47.6415,0,3.1761,0,47.6415,0
3.177,0,47.655,0,3.177,0,47.655,0
3.1779,0,47.6685,0,3.1779,0,47.6685,0
3.1788,0,47.682,0,3.1788,0,47.682,0
3.1797,0,47.6955,0,3.1797,0,47.6955,0
3.1806,0,47.709,0,3.1806,0,47.709,0
3.1815,0,47.7225,0,3.1815,0,47.7225,0
3.1824,0,47.736,0,3.1824,0,47.736,0
3.1833,0,47.7495,0,3.1833,0,47.7495,0
3.1842,0,47.763,0,3.1842,0,47.763,0
3.1851,0,47.7765,0,3.1851,0,47.7765,0
3.186,0,47.79,0,3.186,0,47.79,0
3.1869,0,47.8035,0,3.1869,0,47.8035,0
3.1878,0,47.817,0,3.1878,0,47.817,0
3.1887,0,47.8305,0,3.1887,0,47.8305,0
3.1896,0,47.844,0,3.1896,0,47.844,0
3.1905,0,47.8575,0,3.1905,0,47.8575,0
3.1914,0,47.871,0,3.1914,0,47.871,0
3.1923,0,47.8845,0,3.1923,0,47.8845,0
3.1932,0,47.898,0,3.1932,0,47.898,0
3.1941,0,47.9115,0,3.1941,0,47.9115,0
3.195,0,47.925,0,3.195,0,47.925,0
3.1959,0,47.9385,0,3.1959,0,47.9385,0
3.1968,0,47.952,0,3.1968,0,47.952,0
3.1977,0,47.9655,0,3.1977,0,47.9655,0
3.1986,0,47.979,0,3.1986,0,47.979,0
3.1995,0,47.9925,0,3.1995,0,47.9925,0
3.2004,0,48.006,0,3.2004,0,48.006,0
3.2013,0,48.0195,0,3.2013,0,48.0195,0
3.2022,0,48.033,0,3.2022,0,48.033,0
3.2031,0,48.0465,0,3.2031,0,48.0465,0
3.204,0,48.06,0,3.204,0,48.06,0
3.2049,0,48.0735,0,3.2049,0,48.0735,0
3.2058,0,48.087,0,3.2058,0,48.087,0
3.2067,0,48.1005,0,3.2067,0,48.1005,0
3.2076,0,48.114,0,3.2076,0,48.114,0
3.2085,0,48.1275,0,3.2085,0,48.1275,0
3.2094,0,48.141,0,3.2094,0,48.141,0
3.2103,0,48.1545,0,3.2103,0,48.1545,0
3.2112,0,48.168,0,3.2112,0,48.168,0
3.2121,0,48.1815,0,3.2121,0,48.1815,0
3.213,0,48.195,0,3.213,0,48.195,0
3.2139,0,48.2085,0,3.2139,0,48.2085,0
3.2148,0,48.222,0,3.2148,0,48.222,0
3.2157,0,48.2355,0,3.2157,0,48.2355,0
3.2166,0,48.249,0,3.2166,0,48.249,0
3.2175,0,48.2625,0,3.2175,0,48.2625,0
3.2184,0,48.276,0,3.2184,0,48.276,0
3.2193,0,48.2895,0,3.2193,0,48.2895,0
3.2202,0,48.303,0,3.2202,0,48.303,0
3.2211,0,48.3165,0,3.2211,0,48.3165,0
3.222,0,48.33,0,3.222,0,48.33,0
3.2229,0,48.3435,0,3.2229,0,48.3435,0
3.2238,0,48.357,0,3.2238,0,48.357,0
3.2247,0,48.3705,0,3.2247,0,48.3705,0
3.2256,0,48.384,0,3.2256,0,48.384,0
3.2265,0,48.3975,0,3.2265,0,48.3975,0
3.2274,0,48.411,0,3.2274,0,48.411,0
3.2283,0,48.4245,0,3.2283,0,48.4245,0
3.2292,0,48.438,0,3.2292,0,48.438,0
3.2301,0,48.4515,0,3.2301,0,48.4515,0
3.231,0,48.465,0,3.231,0,48.465,0
3.2319,0,48.4785,0,3.2319,0,48.4785,0
3.2328,0,48.492,0,3.2328,0,48.492,0
3.2337,0,48.5055,0,3.2337,0,48.5055,0
3.2346,0,48.519,0,3.2346,0,48.519,0
3.2355,0,48.5325,0,3.2355,0,48.5325,0
3.2364,0,48.546,0,3.2364,0,48.546,0
3.2373,0,48.5595,0,3.2373,0,48.5595,0
3.2382,0,48.573,0,3.2382,0,48.573,0
3.2391,0,48.5865,0,3.2391,0,48.5865,0
3.24,0,48.6,0,3.24,0,48.6,0
3.2409,0,48.6135,0,3.2409,0,48.6135,0
3.2418,0,48.627,0,3.2418,0,48.627,0
3.2427,0,48.6405,0,3.2427,0,48.6405,0
3.2436,0,48.654,0,3.2436,0,48.654,0
3.2445,0,48.6675,0,3.2445,0,48.6675,0
3.2454,0,48.681,0,3.2454,0,48.681,0
3.2463,0,48.6945,0,3.2463,0,48.6945,0
3.2472,0,48.708,0,3.2472,0,48.708,0
3.2481,0,48.7215,0,3.2481,0,48.7215,0
3.249,0,48.735,0,3.249,0,48.735,0
3.2499,0,48.7485,0,3.2499,0,48.7485,0
3.2508,0,48.762,0,3.2508,0,48.762,0
3.2517,0,48.7755,0,3.2517,0,48.7755,0
3.2526,0,48.789,0,3.2526,0,48.789,0
3.2535,0,48.8025,0,3.2535,0,48.8025,0
3.2544,0,48.816,0,3.2544,0,48.816,0
3.2553,0,48.8295,0,3.2553,0,48.8295,0
3.2562,0,48.843,0,3.2562,0,48.843,0
3.2571,0,48.8565,0,3.2571,0,48.8565,0
3.258,0,48.87,0,3.258,0,48.87,0
3.2589,0,48.8835,0,3.2589,0,48.8835,0
3.2598,0,48.897,0,3.2598,0,48.897,0
3.2607,0,48.9105,0,3.2607,0,48.9105,0
3.2616,0,48.924,0,3.2616,0,48.924,0
3.2625,0,48.9375,0,3.2625,0,48.9375,0
3.2634,0,48.951,0,3.2634,0,48.951,0
3.2643,0,48.9645,0,3.2643,0,48.9645,0
3.2652,0,48.978,0,3.2652,0,48.978,0
3.2661,0,48.9915,0,3.2661,0,48.9915,0
3.267,0,49.005,0,3.267,0,49.005,0
3.2679,0,49.0185,0,3.2679,0,49.0185,0
3.2688,0,49.032,0,3.2688,0,49.032,0
3.2697,0,49.0455,0,3.2697,0,49.0455,0
3.2706,0,49.059,0,3.2706,0,49.059,0
3.2715,0,49.0725,0,3.2715,0,49.0725,0
3.2724,0,49.086,0,3.2724,0,49.086,0
3.2733,0,49.0995,0,3.2733,0,49.0995,0
3.2742,0,49.113,0,3.2742,0,49.113,0
3.2751,0,49.1265,0,3.2751,0,49.1265,0
3.276,0,49.14,0,3.276,0,49.14,0
3.2769,0,49.1535,0,3.2769,0,49.1535,0
3.2778,0,49.167,0,3.2778,0,49.167,0
3.2787,0,49.1805,0,3.2787,0,49.1805,0
3.2796,0,49.194,0,3.2796,0,49.194,0
3.2805,0,49.2075,0,3.2805,0,49.2075,0
3.2814,0,49.221,0,3.2814,0,49.221,0
3.2823,0,49.2345,0,3.2823,0,49.2345,0
3.2832,0,49.248,0,3.2832,0,49.248,0
3.2841,0,49.2615,0,3.2841,0,49.2615,0
3.285,0,49.275,0,3.285,0,49.275,0
3.2859,0,49.2885,0,3.2859,0,49.2885,0
3.2868,0,49.302,0,3.2868,0,49.302,0
3.2877,0,49.3155,0,3.2877,0,49.3155,0
3.2886,0,49.329,0,3.2886,0,49.329,0
3.2895,0,49.3425,0,3.2895,0,49.3425,0
3.2904,0,49.356,0,3.2904,0,49.356,0
3.2913,0,49.3695,0,3.2913,0,49.3695,0
3.2922,0,49.383,0,3.2922,0,49.383,0
3.2931,0,49.3965,0,3.2931,0,49.3965,0
3.294,0,49.41,0,3.294,0,49.41,0
3.2949,0,49.4235,0,3.2949,0,49.4235,0
3.2958,0,49.437,0,3.2958,0,49.437,0
3.2967,0,49.4505,0,3.2967,0,49.4505,0
3.2976,0,49.464,0,3.2976,0,49.464,0
3.2985,0,49.4775,0,3.2985,0,49.4775,0
3.2994,0,49.491,0,3.2994,0,49.491,0
3.3003,0,49.5045,0,3.3003,0,49.5045,0
3.3012,0,49.518,0,3.3012,0,49.518,0
3.3021,0,49.5315,0,3.3021,0,49.5315,0
3.303,0,49.545,0,3.303,0,49.545,0
3.3039,0,49.5585,0,3.3039,0,49.5585,0
3.3048,0,49.572,0,3.3048,0,49.572,0
3.3057,0,49.5855,0,3.3057,0,49.5855,0
3.3066,0,49.599,0,3.3066,0,49.599,0
3.3075,0,49.6125,0,3.3075,0,49.6125,0
3.3084,0,49.626,0,3.3084,0,49.626,0
3.3093,0,49.6395,0,3.3093,0,49.6395,0
3.3102,0,49.653,0,3.3102,0,49.653,0
3.3111,0,49.6665,0,3.3111,0,49.6665,0
3.312,0,49.68,0,3.312,0,49.68,0
3.3129,0,49.6935,0,3.3129,0,49.6935,0
3.3138,0,49.707,0,3.3138,0,49.707,0
3.3147,0,49.7205,0,3.3147,0,49.7205,0
3.3156,0,49.734,0,3.3156,0,49.734,0
3.3165,0,49.7475,0,3.3165,0,49.7475,0
3.3174,0,49.761,0,3.3174,0,49.761,0
3.3183,0,49.7745,0,3.3183,0,49.7745,0
3.3192,0,49.788,0,3.3192,0,49.788,0
3.3201,0,49.8015,0,3.3201,0,49.8015,0
3.321,0,49.815,0,3.321,0,49.815,0
3.3219,0,49.8285,0,3.3219,0,49.8285,0
3.3228,0,49.842,0,3.3228,0,49.842,0
3.3237,0,49.8555,0,3.3237,0,49.8555,0
3.3246,0,49.869,0,3.3246,0,49.869,0
3.3255,0,49.8825,0,3.3255,0,49.8825,0
3.3264,0,49.896,0,3.3264,0,49.896,0
3.3273,0,49.9095,0,3.3273,0,49.9095,0
3.3282,0,49.923,0,3.3282,0,49.923,0
3.3291,0,49.9365,0,3.3291,0,49.9365,0
3.33,0,49.95,0,3.33,0,49.95,0
3.3309,0,49.9635,0,3.3309,0,49.9635,0
3.3318,0,49.977,0,3.3318,0,49.977,0
3.3327,0,49.9905,0,3.3327,0,49.9905,0
3.3336,0,50.004,0,3.3336,0,50.004,0
3.3345,0,50.0175,0,3.3345,0,50.0175,0
3.3354,0,50.031,0,3.3354,0,50.031,0
3.3363,0,50.0445,0,3.3363,0,50.0445,0
3.3372,0,50.058,0,3.3372,0,50.058,0
3.3381,0,50.0715,0,3.3381,0,50.0715,0
3.339,0,50.085,0,3.339,0,50.085,0
3.3399,0,50.0985,0,3.3399,0,50.0985,0
3.3408,0,50.112,0,3.3408,0,50.112,0
3.3417,0,50.1255,0,3.3417,0,50.1255,0
3.3426,0,50.139,0,3.3426,0,50.139,0
3.3435,0,50.1525,0,3.3435,0,50.1525,0
3.3444,0,50.166,0,3.3444,0,50.166,0
3.3453,0,50.1795,0,3.3453,0,50.1795,0
3.3462,0,50.193,0,3.3462,0,50.193,0
3.3471,0,50.2065,0,3.3471,0,50.2065,0
3.348,0,50.22,0,3.348,0,50.22,0
3.3489,0,50.2335,0,3.3489,0,50.2335,0
3.3498,0,50.247,0,3.3498,0,50.247,0
3.3507,0,50.2605,0,3.3507,0,50.2605,0
3.3516,0,50.274,0,3.3516,0,50.274,0
3.3525,0,50.2875,0,3.3525,0,50.2875,0
3.3534,0,50.301,0,3.3534,0,50.301,0
3.3543,0,50.3145,0,3.3543,0,50.3145,0
3.3552,0,50.328,0,3.3552,0,50.328,0
3.3561,0,50.3415,0,3.3561,0,50.3415,0
3.357,0,50.355,0,3.357,0,50.355,0
3.3579,0,50.3685,0,3.3579,0,50.3685,0
3.3588,0,50.382,0,3.3588,0,50.382,0
3.3597,0,50.3955,0,3.3597,0,50.3955,0
3.3606,0,50.409,0,3.3606,0,50.409,0
3.3615,0,50.4225,0,3.3615,0,50.4225,0
3.3624,0,50.436,0,3.3624,0,50.436,0
3.3633,0,50.4495,0,3.3633,0,50.4495,0
3.3642,0,50.463,0,3.3642,0,50.463,0
3.3651,0,50.4765,0,3.3651,0,50.4765,0
3.366,0,50.49,0,3.366,0,50.49,0
3.3669,0,50.5035,0,3.3669,0,50.5035,0
3.3678,0,50.517,0,3.3678,0,50.517,0
3.3687,0,50.5305,0,3.3687,0,50.5305,0
3.3696,0,50.544,0,3.3696,0,50.544,0
3.3705,0,50.5575,0,3.3705,0,50.5575,0
3.3714,0,50.571,0,3.3714,0,50.571,0
3.3723,0,50.5845,0,3.3723,0,50.5845,0
3.3732,0,50.598,0,3.3732,0,50.598,0
3.3741,0,50.6115,0,3.3741,0,50.6115,0
3.375,0,50.625,0,3.375,0,50.625,0
3.3759,0,50.6385,0,3.3759,0,50.6385,0
3.3768,0,50.652,0,3.3768,0,50.652,0
3.3777,0,50.6655,0,3.3777,0,50.6655,0
3.3786,0,50.679,0,3.3786,0,50.679,0
3.3795,0,50.6925,0,3.3795,0,50.6925,0
3.3804,0,50.706,0,3.3804,0,50.706,0
3.3813,0,50.7195,0,3.3813,0,50.7195,0
3.3822,0,50.733,0,3.3822,0,50.733,0
3.3831,0,50.7465,0,3.3831,0,50.7465,0
3.384,0,50.76,0,3.384,0,50.76,0
3.3849,0,50.7735,0,3.3849,0,50.7735,0
3.3858,0,50.787,0,3.3858,0,50.787,0
3.3867,0,50.8005,0,3.3867,0,50.8005,0
3.3876,0,50.814,0,3.3876,0,50.814,0
3.3885,0,50.8275,0,3.3885,0,50.8275,0
3.3894,0,50.841,0,3.3894,0,50.841,0
3.3903,0,50.8545,0,3.3903,0,50.8545,0
3.3912,0,50.868,0,3.3912,0,50.868,0
3.3921,0,50.8815,0,3.3921,0,50.8815,0
3.393,0,50.895,0,3.393,0,50.895,0
3.3939,0,50.9085,0,3.3939,0,50.9085,0
3.3948,0,50.922,0,3.3948,0,50.922,0
3.3957,0,50.9355,0,3.3957,0,50.9355,0
3.3966,0,50.949,0,3.3966,0,50.949,0
3.3975,0,50.9625,0,3.3975,0,50.9625,0
3.3984,0,50.976,0,3.3984,0,50.976,0
3.3993,0,50.9895,0,3.3993,0,50.9895,0
3.4002,0,51.003,0,3.4002,0,51.003,0
3.4011,0,51.0165,0,3.4011,0,51.0165,0
3.402,0,51.03,0,3.402,0,51.03,0
3.4029,0,51.0435,0,3.4029,0,51.0435,0
3.4038,0,51.057,0,3.4038,0,51.057,0
3.4047,0,51.0705,0,3.4047,0,51.0705,0
3.4056,0,51.084,0,3.4056,0,51.084,0
3.4065,0,51.0975,0,3.4065,0,51.0975,0
3.4074,0,51.111,0,3.4074,0,51.111,0
3.4083,0,51.1245,0,3.4083,0,51.1245,0
3.4092,0,51.138,0,3.4092,0,51.138,0
3.4101,0,51.1515,0,3.4101,0,51.1515,0
3.411,0,51.165,0,3.411,0,51.165,0
3.4119,0,51.1785,0,3.4119,0,51.1785,0
3.4128,0,51.192,0,3.4128,0,51.192,0
3.4137,0,51.2055,0,3.4137,0,51.2055,0
3.4146,0,51.219,0,3.4146,0,51.219,0
3.4155,0,51.2325,0,3.4155,0,51.2325,0
3.4164,0,51.246,0,3.4164,0,51.246,0
3.4173,0,51.2595,0,3.4173,0,51.2595,0
3.4182,0,51.273,0,3.4182,0,51.273,0
3.4191,0,51.2865,0,3.4191,0,51.2865,0
3.42,0,51.3,0,3.42,0,51.3,0
3.4209,0,51.3135,0,3.4209,0,51.3135,0
3.4218,0,51.327,0,3.4218,0,51.327,0
3.4227,0,51.3405,0,3.4227,0,51.3405,0
3.4236,0,51.354,0,3.4236,0,51.354,0
3.4245,0,51.3675,0,3.4245,0,51.3675,0
3.4254,0,51.381,0,3.4254,0,51.381,0
3.4263,0,51.3945,0,3.4263,0,51.3945,0
3.4272,0,51.408,0,3.4272,0,51.408,0
3.4281,0,51.4215,0,3.4281,0,51.4215,0
3.429,0,51.435,0,3.429,0,51.435,0
3.4299,0,51.4485,0,3.4299,0,51.4485,0
3.4308,0,51.462,0,3.4308,0,51.462,0
3.4317,0,51.4755,0,3.4317,0,51.4755,0
3.4326,0,51.489,0,3.4326,0,51.489,0
3.4335,0,51.5025,0,3.4335,0,51.5025,0
3.4344,0,51.516,0,3.4344,0,51.516,0
3.4353,0,51.5295,0,3.4353,0,51.5295,0
3.4362,0,51.543,0,3.4362,0,51.543,0
3.4371,0,51.5565,0,3.4371,0,51.5565,0
3.438,0,51.57,0,3.438,0,51.57,0
3.4389,0,51.5835,0,3.4389,0,51.5835,0
3.4398,0,51.597,0,3.4398,0,51.597,0
3.4407,0,51.6105,0,3.4407,0,51.6105,0
3.4416,0,51.624,0,3.4416,0,51.624,0
3.4425,0,51.6375,0,3.4425,0,51.6375,0
3.4434,0,51.651,0,3.4434,0,51.651,0
3.4443,0,51.6645,0,3.4443,0,51.6645,0
3.4452,0,51.678,0,3.4452,0,51.678,0
3.4461,0,51.6915,0,3.4461,0,51.6915,0
3.447,0,51.705,0,3.447,0,51.705,0
3.4479,0,51.7185,0,3.4479,0,51.7185,0
3.4488,0,51.732,0,3.4488,0,51.732,0
3.4497,0,51.7455,0,3.4497,0,51.7455,0
3.4506,0,51.759,0,3.4506,0,51.759,0
3.4515,0,51.7725,0,3.4515,0,51.7725,0
3.4524,0,51.786,0,3.4524,0,51.786,0
3.4533,0,51.7995,0,3.4533,0,51.7995,0
3.4542,0,51.813,0,3.4542,0,51.813,0
3.4551,0,51.8265,0,3.4551,0,51.8265,0
3.456,0,51.84,0,3.456,0,51.84,0
3.4569,0,51.8535,0,3.4569,0,51.8535,0
3.4578,0,51.867,0,3.4578,0,51.867,0
3.4587,0,51.8805,0,3.4587,0,51.8805,0
3.4596,0,51.894,0,3.4596,0,51.894,0
3.4605,0,51.9075,0,3.4605,0,51.9075,0
3.4614,0,51.921,0,3.4614,0,51.921,0
3.4623,0,51.9345,0,3.4623,0,51.9345,0
3.4632,0,51.948,0,3.4632,0,51.948,0
3.4641,0,51.9615,0,3.4641,0,51.9615,0
3.465,0,51.975,0,3.465,0,51.975,0
3.4659,0,51.9885,0,3.4659,0,51.9885,0
3.4668,0,52.002,0,3.4668,0,52.002,0
3.4677,0,52.0155,0,3.4677,0,52.0155,0
3.4686,0,52.029,0,3.4686,0,52.029,0
3.4695,0,52.0425,0,3.4695,0,52.0425,0
3.4704,0,52.056,0,3.4704,0,52.056,0
3.4713,0,52.0695,0,3.4713,0,52.0695,0
3.4722,0,52.083,0,3.4722,0,52.083,0
3.4731,0,52.0965,0,3.4731,0,52.0965,0
3.474,0,52.11,0,3.474,0,52.11,0
3.4749,0,52.1235,0,3.4749,0,52.1235,0
3.4758,0,52.137,0,3.4758,0,52.137,0
3.4767,0,52.1505,0,3.4767,0,52.1505,0
3.4776,0,52.164,0,3.4776,0,52.164,0
3.4785,0,52.1775,0,3.4785,0,52.1775,0
3.4794,0,52.191,0,3.4794,0,52.191,0
3.4803,0,52.2045,0,3.4803,0,52.2045,0
3.4812,0,52.218,0,3.4812,0,52.218,0
3.4821,0,52.2315,0,3.4821,0,52.2315,0
3.483,0,52.245,0,3.483,0,52.245,0
3.4839,0,52.2585,0,3.4839,0,52.2585,0
3.4848,0,52.272,0,3.4848,0,52.272,0
3.4857,0,52.2855,0,3.4857,0,52.2855,0
3.4866,0,52.299,0,3.4866,0,52.299,0
3.4875,0,52.3125,0,3.4875,0,52.3125,0
3.4884,0,52.326,0,3.4884,0,52.326,0
3.4893,0,52.3395,0,3.4893,0,52.3395,0
3.4902,0,52.353,0,3.4902,0,52.353,0
3.4911,0,52.3665,0,3.4911,0,52.3665,0
3.492,0,52.38,0,3.492,0,52.38,0
3.4929,0,52.3935,0,3.4929,0,52.3935,0
3.4938,0,52.407,0,3.4938,0,52.407,0
3.4947,0,52.4205,0,3.4947,0,52.4205,0
3.4956,0,52.434,0,3.4956,0,52.434,0
