X[s],"Trigno IM sensor 3: EMG 3 (IM)",X[s],"Trigno IM sensor 3: Mag 3.Z (IM)",X[s],"Trigno IM sensor 4: EMG 4 (IM)",X[s],"Trigno IM sensor 4: Mag 4.Z (IM)"
0.000000,-2.719158E-05,0.000000,44,0.000000,-1.007095E-05,0.000000,104
0.0009,-3.860533E-05,0.0135,46,0.0009,4.028382E-06,0.0135,104
0.0018,-4.196231E-05,0.027,45,0.0018,1.174945E-05,0.027,105
0.0027,-5.673304E-05,0.0405,47,0.0027,2.685588E-06,0.0405,107
0.0036,-2.652018E-05,0.054,45,0.0036,-2.047761E-05,0.054,104
0.0045,-2.014191E-05,0.0675,45,0.0045,-2.719158E-05,0.0675,109
0.0054,-3.289845E-05,0.081,45,0.0054,-3.356985E-05,0.081,105
0.0063,-9.735256E-06,0.0945,46,0.0063,-2.584878E-05,0.0945,104
0.0072,7.721065E-06,0.108,46,0.0072,-2.853437E-05,0.108,103
0.0081,-4.666209E-05,0.1215,45,0.0081,-4.46479E-05,0.1215,104
0.009000001,-1.007095E-06,0.135,45,0.009000001,-3.088426E-05,0.135,106
0.0099,5.203327E-05,0.1485,46,0.0099,-2.014191E-06,0.1485,105
0.0108,-5.270466E-05,0.162,44,0.0108,-1.712062E-05,0.162,107
0.0117,-9.903105E-05,0.1755,45,0.0117,2.047761E-05,0.1755,105
0.0126,-4.061952E-05,0.189,45,0.0126,-9.063859E-06,0.189,108
0.0135,-1.980621E-05,0.2025,44,0.0135,-1.779202E-05,0.2025,106
0.0144,3.356985E-07,0.216,45,0.0144,-1.980621E-05,0.216,104
0.0153,-6.713969E-07,0.2295,44,0.0153,-8.728161E-06,0.2295,101
0.0162,4.229801E-05,0.243,45,0.0162,-2.786297E-05,0.243,105
0.0171,-2.484169E-05,0.2565,45,0.0171,-5.706874E-05,0.2565,103
0.018,-2.517739E-05,0.27,44,0.018,-3.994812E-05,0.27,105
0.0189,6.344701E-05,0.2835,44,0.0189,-3.256275E-05,0.2835,106
0.0198,-8.728161E-06,0.297,44,0.0198,-3.088426E-05,0.297,102
0.0207,3.591974E-05,0.3105,44,0.0207,-3.994812E-05,0.3105,104
0.0216,5.841154E-05,0.324,45,0.0216,-4.196231E-05,0.324,106
0.0225,1.812772E-05,0.3375,45,0.0225,-3.558404E-05,0.3375,107
0.0234,0.0001148089,0.351,45,0.0234,-2.21561E-05,0.351,103
0.0243,9.365987E-05,0.3645,45,0.0243,-3.189136E-05,0.3645,103
0.0252,4.196231E-05,0.378,46,0.0252,-4.867628E-05,0.378,108
0.0261,4.129091E-05,0.3915,46,0.0261,-2.18204E-05,0.3915,105
0.027,3.524834E-05,0.405,45,0.027,-1.913481E-05,0.405,106
0.0279,7.183947E-05,0.4185,44,0.0279,-1.644922E-05,0.4185,107
0.0288,3.860533E-05,0.432,45,0.0288,-6.51255E-05,0.432,107
0.0297,2.21561E-05,0.4455,44,0.0297,-4.36408E-06,0.4455,105
0.0306,-7.452507E-05,0.459,46,0.0306,6.378271E-06,0.459,107
0.0315,-5.941863E-05,0.4725,44,0.0315,-3.793393E-05,0.4725,107
0.0324,1.040665E-05,0.486,45,0.0324,-4.800488E-05,0.486,105
0.0333,-6.478981E-05,0.4995,44,0.0333,2.047761E-05,0.4995,106
0.0342,-7.418937E-05,0.513,45,0.0342,-1.678492E-06,0.513,105
0.0351,5.169757E-05,0.5265,46,0.0351,-8.392462E-05,0.5265,109
0.036,1.040665E-05,0.54,45,0.036,2.349889E-05,0.54,104
0.0369,1.644922E-05,0.5535,45,0.0369,1.477073E-05,0.5535,104
0.0378,0.000119173,0.567,45,0.0378,-5.438316E-05,0.567,107
0.0387,8.258183E-05,0.5805,47,0.0387,-1.074235E-05,0.5805,106
0.0396,7.721065E-06,0.594,46,0.0396,2.383459E-05,0.594,103
0.0405,-1.846342E-05,0.6075,46,0.0405,-5.706874E-06,0.6075,107
0.0414,7.385367E-06,0.621,45,0.0414,-1.913481E-05,0.621,107
0.0423,3.793393E-05,0.6345,46,0.0423,-5.807584E-05,0.6345,105
0.0432,-2.719158E-05,0.648,45,0.0432,6.042573E-06,0.648,102
0.0441,-5.740444E-05,0.6615,44,0.0441,2.014191E-05,0.6615,106
0.045,1.040665E-05,0.675,45,0.045,-3.054856E-05,0.675,106
0.0459,-2.719158E-05,0.6885,44,0.0459,-4.061952E-05,0.6885,107
0.0468,-8.157473E-05,0.702,45,0.0468,2.618448E-05,0.702,104
0.0477,3.021286E-06,0.7155,44,0.0477,-1.678492E-06,0.7155,107
0.0486,2.1149E-05,0.729,44,0.0486,-8.392462E-05,0.729,105
0.0495,-7.150377E-05,0.7425,45,0.0495,9.063859E-06,0.7425,106
0.0504,-8.761731E-05,0.756,43,0.0504,1.577783E-05,0.756,104
0.0513,-2.551309E-05,0.7695,45,0.0513,-6.948959E-05,0.7695,102
0.0522,1.107805E-05,0.783,44,0.0522,-9.063859E-06,0.783,106
0.0531,-6.74754E-05,0.7965,43,0.0531,1.040665E-05,0.7965,106
0.054,-2.24918E-05,0.81,45,0.054,9.735256E-06,0.81,105
0.0549,-7.150377E-05,0.8235,42,0.0549,6.713969E-06,0.8235,106
0.0558,-7.385367E-06,0.837,39,0.0558,-5.807584E-05,0.837,106
0.0567,-3.356985E-07,0.8505,41,0.0567,4.36408E-06,0.8505,108
0.0576,-9.802396E-05,0.864,41,0.0576,-1.376364E-05,0.864,104
0.0585,-3.457694E-05,0.8775,40,0.0585,-6.210422E-05,0.8775,108
0.0594,1.913481E-05,0.891,40,0.0594,-6.61326E-05,0.891,102
0.0603,-7.754635E-05,0.9045,41,0.0603,8.728161E-06,0.9045,105
0.0612,-4.263371E-05,0.918,40,0.0612,-2.853437E-05,0.918,102
0.0621,8.89601E-05,0.9315,41,0.0621,-8.157473E-05,0.9315,103
0.063,-1.174945E-05,0.945,43,0.063,1.007095E-05,0.945,104
0.0639,-0.000154757,0.9585,43,0.0639,3.591974E-05,0.9585,103
0.0648,-6.478981E-05,0.972,43,0.0648,-5.304036E-05,0.972,102
0.0657,5.706874E-06,0.9855,44,0.0657,-3.491264E-05,0.9855,104
0.0666,-0.0001084306,0.999,45,0.0666,6.378271E-06,0.999,101
0.0675,-3.323415E-05,1.0125,45,0.0675,-2.383459E-05,1.0125,101
0.0684,-1.040665E-05,1.026,44,0.0684,-3.323415E-05,1.026,102
0.0693,2.383459E-05,1.0395,46,0.0693,-6.814679E-05,1.0395,99
0.0702,4.39765E-05,1.053,47,0.0702,8.056763E-06,1.053,103
0.0711,3.021286E-06,1.0665,46,0.0711,5.706874E-06,1.0665,104
0.072,-4.36408E-05,1.08,44,0.072,-4.29694E-05,1.08,100
0.0729,2.652018E-05,1.0935,44,0.0729,-4.061952E-05,1.0935,104
0.07380001,-5.035477E-05,1.107,44,0.07380001,3.323415E-05,1.107,104
0.07470001,2.014191E-06,1.1205,43,0.07470001,5.706874E-06,1.1205,100
0.0756,7.418937E-05,1.134,42,0.0756,-5.774014E-05,1.134,101
0.0765,-1.477073E-05,1.1475,39,0.0765,1.678492E-05,1.1475,105
0.0774,5.471885E-05,1.161,42,0.0774,1.007095E-06,1.161,105
0.0783,0.0001211871,1.1745,43,0.0783,-7.183947E-05,1.1745,103
0.0792,0.0001044022,1.188,42,0.0792,-3.726253E-05,1.188,100
0.0801,1.510643E-05,1.2015,42,0.0801,-7.385367E-06,1.2015,105
0.081,-1.577783E-05,1.215,42,0.081,-6.378271E-06,1.215,100
0.0819,2.316319E-05,1.2285,41,0.0819,-9.735256E-06,1.2285,103
0.0828,7.754635E-05,1.242,42,0.0828,-5.673304E-05,1.242,104
0.0837,-4.49836E-05,1.2555,40,0.0837,-1.678492E-06,1.2555,105
0.0846,-6.009003E-05,1.269,41,0.0846,1.309224E-05,1.269,103
0.0855,6.009003E-05,1.2825,40,0.0855,-1.510643E-05,1.2825,103
0.0864,3.994812E-05,1.296,40,0.0864,-2.417029E-05,1.296,101
0.0873,-8.258183E-05,1.3095,39,0.0873,5.337606E-05,1.3095,103
0.0882,-9.063859E-06,1.323,40,0.0882,2.719158E-05,1.323,105
0.0891,7.754635E-05,1.3365,39,0.0891,-7.217517E-05,1.3365,101
0.09,-7.620356E-05,1.35,39,0.09,2.652018E-05,1.35,101
0.0909,-8.056764E-05,1.3635,41,0.0909,2.920577E-05,1.3635,101
0.0918,3.390555E-05,1.377,41,0.0918,-6.54612E-05,1.377,103
0.0927,-3.994812E-05,1.3905,40,0.0927,-3.323415E-05,1.3905,103
0.0936,-8.92958E-05,1.404,40,0.0936,2.383459E-05,1.404,104
0.09450001,-3.826963E-05,1.4175,38,0.09450001,3.692683E-06,1.4175,101
0.09540001,-3.054856E-05,1.431,41,0.09540001,-1.779202E-05,1.431,101
0.09630001,1.510643E-05,1.4445,38,0.09630001,-5.069047E-05,1.4445,104
0.0972,2.517739E-05,1.458,39,0.0972,6.713969E-07,1.458,105
0.0981,-4.36408E-05,1.4715,40,0.0981,3.692683E-06,1.4715,101
0.099,-6.143282E-05,1.485,39,0.099,-4.263371E-05,1.485,104
0.0999,-7.721065E-06,1.4985,40,0.0999,-5.035477E-05,1.4985,103
0.1008,-4.129091E-05,1.512,40,0.1008,8.056763E-06,1.512,102
0.1017,-5.673304E-05,1.5255,39,0.1017,-5.706874E-06,1.5255,104
0.1026,8.023193E-05,1.539,39,0.1026,-7.553216E-05,1.539,99
0.1035,-1.040665E-05,1.5525,40,0.1035,1.812772E-05,1.5525,105
0.1044,-9.970245E-05,1.566,38,0.1044,3.860533E-05,1.566,103
0.1053,1.846342E-05,1.5795,39,0.1053,-3.121996E-05,1.5795,103
0.1062,8.291753E-05,1.593,39,0.1062,-1.107805E-05,1.593,105
0.1071,-7.956054E-05,1.6065,39,0.1071,2.21561E-05,1.6065,103
0.108,-4.129091E-05,1.62,40,0.108,-9.063859E-06,1.62,103
0.1089,-1.040665E-05,1.6335,39,0.1089,-2.450599E-05,1.6335,101
0.1098,4.666209E-05,1.647,40,0.1098,-7.620356E-05,1.647,104
0.1107,-4.095522E-05,1.6605,38,0.1107,-2.1149E-05,1.6605,103
0.1116,-4.263371E-05,1.674,39,0.1116,-1.242084E-05,1.674,104
0.1125,1.007095E-06,1.6875,39,0.1125,-5.539025E-05,1.6875,103
0.1134,3.189136E-05,1.701,40,0.1134,-4.733349E-05,1.701,101
0.1143,-9.063859E-06,1.7145,39,0.1143,1.779202E-05,1.7145,103
0.1152,-7.049668E-06,1.728,40,0.1152,-1.913481E-05,1.728,107
0.1161,6.344701E-05,1.7415,39,0.1161,-8.090334E-05,1.7415,102
0.117,3.021286E-06,1.755,39,0.117,9.063859E-06,1.755,106
0.1179,-4.733349E-05,1.7685,39,0.1179,1.712062E-05,1.7685,105
0.1188,-4.666209E-05,1.782,38,0.1188,-6.881819E-05,1.782,104
0.1197,6.6804E-05,1.7955,39,0.1197,-2.014191E-05,1.7955,107
0.1206,3.121996E-05,1.809,39,0.1206,1.107805E-05,1.809,106
0.1215,-1.275654E-05,1.8225,39,0.1215,-1.510643E-05,1.8225,103
0.1224,-6.713969E-07,1.836,39,0.1224,-2.1149E-05,1.836,101
0.1233,8.89601E-05,1.8495,40,0.1233,-5.807584E-05,1.8495,100
0.1242,-1.980621E-05,1.863,39,0.1242,-2.014191E-06,1.863,103
0.1251,-0.0001819486,1.8765,40,0.1251,-2.316319E-05,1.8765,107
0.126,-6.74754E-05,1.89,39,0.126,-6.478981E-05,1.89,105
0.1269,2.014191E-06,1.9035,39,0.1269,-4.061952E-05,1.9035,102
0.1278,-0.0001164874,1.917,39,0.1278,1.678492E-06,1.917,102
0.1287,-4.36408E-05,1.9305,40,0.1287,-2.819867E-05,1.9305,101
0.1296,4.800488E-05,1.944,39,0.1296,-8.224613E-05,1.944,100
0.1305,-4.129091E-05,1.9575,39,0.1305,-3.356985E-07,1.9575,103
0.1314,4.49836E-05,1.971,39,0.1314,2.517739E-05,1.971,100
0.1323,0.0001715419,1.9845,39,0.1323,-4.800488E-05,1.9845,101
0.1332,6.881819E-05,1.998,40,0.1332,-3.189136E-05,1.998,100
0.1341,-3.524834E-05,2.0115,39,0.1341,2.047761E-05,2.0115,104
0.135,1.309224E-05,2.025,40,0.135,-9.399558E-06,2.025,102
0.1359,7.049668E-06,2.0385,39,0.1359,-2.28275E-05,2.0385,103
0.1368,5.035477E-05,2.052,38,0.1368,-6.009003E-05,2.052,100
0.1377,6.277562E-05,2.0655,38,0.1377,-1.376364E-05,2.0655,101
0.1386,-7.922484E-05,2.079,38,0.1386,-2.484169E-05,2.079,101
0.1395,-1.443504E-05,2.0925,39,0.1395,-7.284657E-05,2.0925,102
0.1404,0.0001033951,2.106,39,0.1404,-6.176852E-05,2.106,103
0.1413,-4.43122E-05,2.1195,38,0.1413,1.577783E-05,2.1195,101
0.1422,-3.524834E-05,2.133,38,0.1422,-2.887007E-05,2.133,105
0.1431,9.433127E-05,2.1465,38,0.1431,-8.795301E-05,2.1465,100
0.144,-2.920577E-05,2.16,39,0.144,2.584878E-05,2.16,101
0.1449,-5.236896E-05,2.1735,39,0.1449,1.342794E-05,2.1735,103
0.1458,-9.735256E-06,2.187,40,0.1458,-4.968337E-05,2.187,101
0.1467,-6.042573E-06,2.2005,39,0.1467,3.356985E-06,2.2005,99
0.1476,-9.164568E-05,2.214,39,0.1476,6.6804E-05,2.214,102
0.1485,-4.699779E-05,2.2275,39,0.1485,5.706874E-06,2.2275,100
0.1494,4.39765E-05,2.241,41,0.1494,-5.035477E-06,2.241,105
0.1503,1.779202E-05,2.2545,39,0.1503,-3.189136E-05,2.2545,100
0.1512,-3.793393E-05,2.268,40,0.1512,7.721065E-06,2.268,101
0.1521,-0.0001131304,2.2815,39,0.1521,8.392462E-06,2.2815,101
0.153,-6.74754E-05,2.295,39,0.153,-3.927672E-05,2.295,101
0.1539,-3.860533E-05,2.3085,37,0.1539,-5.270466E-05,2.3085,104
0.1548,-9.768826E-05,2.322,38,0.1548,2.987716E-05,2.322,104
0.1557,-7.553216E-05,2.3355,38,0.1557,-1.007095E-06,2.3355,100
0.1566,4.599069E-05,2.349,39,0.1566,-0.0001037308,2.349,103
0.1575,-1.980621E-05,2.3625,38,0.1575,2.014191E-06,2.3625,106
0.1584,9.097429E-05,2.376,38,0.1584,2.349889E-06,2.376,102
0.1593,0.0001111162,2.3895,39,0.1593,-7.721065E-05,2.3895,105
0.1602,4.263371E-05,2.403,39,0.1602,-3.155566E-05,2.403,105
0.1611,1.879912E-05,2.4165,38,0.1611,-5.706874E-06,2.4165,103
0.162,8.392462E-06,2.43,39,0.162,-6.378271E-06,2.43,102
0.1629,-3.424125E-05,2.4435,38,0.1629,-1.477073E-05,2.4435,101
0.1638,3.121996E-05,2.457,39,0.1638,-6.076142E-05,2.457,102
0.1647,1.577783E-05,2.4705,39,0.1647,3.021286E-06,2.4705,103
0.1656,-0.0001715419,2.484,39,0.1656,1.007095E-06,2.484,104
0.1665,-8.526741E-05,2.4975,37,0.1665,-4.565499E-05,2.4975,105
0.1674,-2.18204E-05,2.511,40,0.1674,-5.136187E-05,2.511,105
0.1683,-8.090334E-05,2.5245,38,0.1683,1.074235E-05,2.5245,106
0.1692,-4.46479E-05,2.538,39,0.1692,-2.18204E-05,2.538,104
0.1701,7.217517E-05,2.5515,38,0.1701,-7.553216E-05,2.5515,107
0.171,-4.162661E-05,2.565,37,0.171,2.618448E-05,2.565,101
0.1719,4.699779E-06,2.5785,38,0.1719,3.356985E-05,2.5785,98
0.1728,0.0001225299,2.592,38,0.1728,-5.975433E-05,2.592,105
0.1737,8.291753E-05,2.6055,38,0.1737,1.040665E-05,2.6055,103
0.1746,-5.404745E-05,2.619,37,0.1746,3.625543E-05,2.619,103
0.1755,1.980621E-05,2.6325,37,0.1755,-2.719158E-05,2.6325,104
0.1764,1.712062E-05,2.646,38,0.1764,-3.155566E-05,2.646,102
0.1773,5.572595E-05,2.6595,38,0.1773,-6.54612E-05,2.6595,103
0.1782,5.203327E-05,2.673,37,0.1782,1.007095E-05,2.673,104
0.1791,-3.659113E-05,2.6865,37,0.1791,-8.392462E-06,2.6865,103
0.18,-2.987716E-05,2.7,37,0.18,-5.337606E-05,2.7,104
0.1809,3.524834E-05,2.7135,36,0.1809,-6.076142E-05,2.7135,103
0.1818,-5.505455E-05,2.727,36,0.1818,1.309224E-05,2.727,107
0.1827,7.721065E-06,2.7405,36,0.1827,2.349889E-06,2.7405,106
0.1836,8.69459E-05,2.754,36,0.1836,-5.539025E-05,2.754,103
0.1845,3.356985E-07,2.7675,37,0.1845,2.081331E-05,2.7675,104
0.1854,-4.33051E-05,2.781,37,0.1854,3.021286E-05,2.781,104
0.1863,4.095522E-05,2.7945,35,0.1863,-3.524834E-05,2.7945,106
0.1872,5.035477E-05,2.808,36,0.1872,-7.721065E-06,2.808,104
0.1881,-6.814679E-05,2.8215,36,0.1881,3.390555E-05,2.8215,104
0.189,-7.217517E-05,2.835,36,0.189,1.342794E-06,2.835,105
0.1899,-2.685588E-06,2.8485,37,0.1899,-6.713969E-07,2.8485,107
0.1908,6.344701E-05,2.862,36,0.1908,-5.136187E-05,2.862,105
0.1917,-6.74754E-05,2.8755,36,0.1917,1.141375E-05,2.8755,105
0.1926,-0.0001809415,2.889,36,0.1926,-1.980621E-05,2.889,104
0.1935,-3.659113E-05,2.9025,35,0.1935,-5.203327E-05,2.9025,107
0.1944,-3.860533E-05,2.916,35,0.1944,-5.236896E-05,2.916,108
0.1953,-9.332418E-05,2.9295,36,0.1953,2.383459E-05,2.9295,104
0.1962,1.712062E-05,2.943,36,0.1962,-8.056763E-06,2.943,103
0.1971,6.143282E-05,2.9565,36,0.1971,-9.433127E-05,2.9565,105
0.198,-4.33051E-05,2.97,38,0.198,-2.349889E-06,2.97,105
0.1989,7.486076E-05,2.9835,38,0.1989,2.584878E-05,2.9835,104
0.1998,0.0001070878,2.997,38,0.1998,-6.51255E-05,2.997,105
0.2007,-8.996719E-05,3.0105,39,0.2007,-4.36408E-06,3.0105,105
0.2016,-8.358892E-05,3.024,39,0.2016,2.652018E-05,3.024,103
0.2025,-3.659113E-05,3.0375,40,0.2025,-6.378271E-06,3.0375,104
0.2034,7.049668E-06,3.051,40,0.2034,-1.577783E-05,3.051,101
0.2043,4.162661E-05,3.0645,39,0.2043,-7.855344E-05,3.0645,107
0.2052,0.0001030594,3.078,39,0.2052,-3.088426E-05,3.078,107
0.2061,-2.618448E-05,3.0915,0,0.2061,-1.678492E-05,3.0915,0
0.207,-3.524834E-05,3.105,0,0.207,-4.632639E-05,3.105,0
0.2079,5.404745E-05,3.1185,0,0.2079,-5.673304E-05,3.1185,0
0.2088,-5.807584E-05,3.132,0,0.2088,-5.035477E-06,3.132,0
0.2097,-6.948959E-05,3.1455,0,0.2097,-4.162661E-05,3.1455,0
0.2106,7.351797E-05,3.159,0,0.2106,-7.620356E-05,3.159,0
0.2115,-4.33051E-05,3.1725,0,0.2115,1.040665E-05,3.1725,0
0.2124,-1.678492E-06,3.186,0,0.2124,3.692683E-06,3.186,0
0.2133,0.0001218585,3.1995,0,0.2133,-6.243992E-05,3.1995,0
0.2142,0.0001077592,3.213,0,0.2142,-3.054856E-05,3.213,0
0.2151,-3.793393E-05,3.2265,0,0.2151,1.141375E-05,3.2265,0
0.216,-2.014191E-06,3.24,0,0.216,1.007095E-06,3.24,0
0.2169,2.1149E-05,3.2535,0,0.2169,-2.853437E-05,3.2535,0
0.2178,3.591974E-05,3.267,0,0.2178,-5.539025E-05,3.267,0
0.2187,-2.987716E-05,3.2805,0,0.2187,5.035477E-06,3.2805,0
0.2196,-0.0001188373,3.294,0,0.2196,3.021286E-05,3.294,0
0.2205,-7.888914E-05,3.3075,0,0.2205,-3.659113E-05,3.3075,0
0.2214,6.378271E-06,3.321,0,0.2214,-5.001907E-05,3.321,0
0.2223,-2.685588E-06,3.3345,0,0.2223,2.786297E-05,3.3345,0
0.2232,-4.699779E-05,3.348,0,0.2232,-6.042573E-06,3.348,0
0.2241,4.53193E-05,3.3615,0,0.2241,-8.96315E-05,3.3615,0
0.225,1.174945E-05,3.375,0,0.225,7.721065E-06,3.375,0
0.2259,-3.356985E-07,3.3885,0,0.2259,3.692683E-06,3.3885,0
0.2268,1.242084E-05,3.402,0,0.2268,-7.821774E-05,3.402,0
0.2277,8.69459E-05,3.4155,0,0.2277,-1.040665E-05,3.4155,0
0.2286,-3.356985E-06,3.429,0,0.2286,1.107805E-05,3.429,0
0.2295,-6.378271E-05,3.4425,0,0.2295,1.007095E-06,3.4425,0
0.2304,-4.36408E-06,3.456,0,0.2304,-1.007095E-06,3.456,0
0.2313,9.533837E-05,3.4695,0,0.2313,-3.826963E-05,3.4695,0
0.2322,-2.349889E-05,3.483,0,0.2322,5.035477E-06,3.483,0
0.2331,-0.000164828,3.4965,0,0.2331,-7.049668E-06,3.4965,0
0.234,-5.539025E-05,3.51,0,0.234,-5.236896E-05,3.51,0
0.2349,-4.36408E-06,3.5235,0,0.2349,-5.001907E-05,3.5235,0
0.2358,-0.0001134661,3.537,0,0.2358,1.913481E-05,3.537,0
0.2367,-6.915389E-05,3.5505,0,0.2367,-1.376364E-05,3.5505,0
0.2376,3.054856E-05,3.564,0,0.2376,-7.284657E-05,3.564,0
0.2385,-3.927672E-05,3.5775,0,0.2385,1.577783E-05,3.5775,0
0.2394,4.229801E-05,3.591,0,0.2394,1.846342E-05,3.591,0
0.2403,0.0001567712,3.6045,0,0.2403,-6.344701E-05,3.6045,0
0.2412,-5.941863E-05,3.618,0,0.2412,-4.36408E-06,3.618,0
0.2421,-0.0001060807,3.6315,0,0.2421,4.53193E-05,3.6315,0
0.243,-7.721065E-06,3.645,0,0.243,1.275654E-05,3.645,0
0.2439,-1.577783E-05,3.6585,0,0.2439,-2.685588E-06,3.6585,0
0.2448,2.786297E-05,3.672,0,0.2448,-4.867628E-05,3.672,0
0.2457,5.270466E-05,3.6855,0,0.2457,1.275654E-05,3.6855,0
0.2466,-6.57969E-05,3.699,0,0.2466,1.107805E-05,3.699,0
0.2475,-5.001907E-05,3.7125,0,0.2475,-5.471885E-05,3.7125,0
0.2484,9.500267E-05,3.726,0,0.2484,-5.069047E-05,3.726,0
0.2493,-6.076142E-05,3.7395,0,0.2493,4.33051E-05,3.7395,0
0.2502,-2.21561E-05,3.753,0,0.2502,1.107805E-05,3.753,0
0.2511,6.54612E-05,3.7665,0,0.2511,-6.109713E-05,3.7665,0
0.252,-9.735256E-06,3.78,0,0.252,3.894102E-05,3.78,0
0.2529,-1.510643E-05,3.7935,0,0.2529,3.289845E-05,3.7935,0
0.2538,2.920577E-05,3.807,0,0.2538,-4.666209E-05,3.807,0
0.2547,0.000112459,3.8205,0,0.2547,-1.040665E-05,3.8205,0
0.2556,-3.793393E-05,3.834,0,0.2556,4.800488E-05,3.834,0
0.2565,-1.846342E-05,3.8475,0,0.2565,3.356985E-07,3.8475,0
0.2574,6.311131E-05,3.861,0,0.2574,-2.853437E-05,3.861,0
0.2583,1.913481E-05,3.8745,0,0.2583,-8.023193E-05,3.8745,0
0.2592,-4.699779E-06,3.888,0,0.2592,-4.263371E-05,3.888,0
0.2601,2.920577E-05,3.9015,0,0.2601,-5.001907E-05,3.9015,0
0.261,1.342794E-06,3.915,0,0.261,-6.948959E-05,3.915,0
0.2619,2.383459E-05,3.9285,0,0.2619,-7.888914E-05,3.9285,0
0.2628,-3.659113E-05,3.942,0,0.2628,6.042573E-06,3.942,0
0.2637,-5.371176E-06,3.9555,0,0.2637,-3.356985E-07,3.9555,0
0.2646,3.088426E-05,3.969,0,0.2646,-8.392462E-05,3.969,0
0.2655,-4.599069E-05,3.9825,0,0.2655,1.040665E-05,3.9825,0
0.2664,-6.009003E-05,3.996,0,0.2664,2.987716E-05,3.996,0
0.2673,-8.92958E-05,4.0095,0,0.2673,-4.666209E-05,4.0095,0
0.2682,-4.733349E-05,4.023,0,0.2682,-4.733349E-05,4.023,0
0.2691,-6.848249E-05,4.0365,0,0.2691,1.174945E-05,4.0365,0
0.27,-9.231708E-05,4.05,0,0.27,-1.678492E-06,4.05,0
0.2709,-6.277562E-05,4.0635,0,0.2709,-1.779202E-05,4.0635,0
0.2718,2.1149E-05,4.077,0,0.2718,-7.855344E-05,4.077,0
0.2727,4.36408E-06,4.0905,0,0.2727,-5.035477E-06,4.0905,0
0.2736,-7.553216E-05,4.104,0,0.2736,1.208515E-05,4.104,0
0.2745,-4.36408E-05,4.1175,0,0.2745,-3.155566E-05,4.1175,0
0.2754,9.500267E-05,4.131,0,0.2754,-1.947051E-05,4.131,0
0.2763,-5.102617E-05,4.1445,0,0.2763,2.853437E-05,4.1445,0
0.2772,-8.392462E-06,4.158,0,0.2772,1.107805E-05,4.158,0
0.2781,7.486076E-05,4.1715,0,0.2781,-5.471885E-05,4.1715,0
0.279,-2.18204E-05,4.185,0,0.279,2.450599E-05,4.185,0
0.2799,0.0001003738,4.1985,0,0.2799,4.33051E-05,4.1985,0
0.2808,0.0001322652,4.212,0,0.2808,-5.572595E-05,4.212,0
0.2817,-5.975433E-05,4.2255,0,0.2817,-1.678492E-06,4.2255,0
0.2826,-8.023193E-05,4.239,0,0.2826,5.001907E-05,4.239,0
0.2835,-1.678492E-06,4.2525,0,0.2835,-8.728161E-06,4.2525,0
0.2844,-5.606165E-05,4.266,0,0.2844,-1.779202E-05,4.266,0
0.2853,2.652018E-05,4.2795,0,0.2853,-5.740444E-05,4.2795,0
0.2862,3.927672E-05,4.293,0,0.2862,-5.035477E-06,4.293,0
0.2871,-1.644922E-05,4.3065,0,0.2871,1.544213E-05,4.3065,0
0.288,-4.834058E-05,4.32,0,0.288,-4.934768E-05,4.32,0
0.2889,5.035477E-06,4.3335,0,0.2889,-6.378271E-05,4.3335,0
0.2898,-6.344701E-05,4.347,0,0.2898,1.309224E-05,4.347,0
0.2907,-6.378271E-05,4.3605,0,0.2907,-1.141375E-05,4.3605,0
0.2916,4.39765E-05,4.374,0,0.2916,-6.78111E-05,4.374,0
0.2925,-9.399558E-06,4.3875,0,0.2925,-3.021286E-06,4.3875,0
0.2934,1.040665E-05,4.401,0,0.2934,-1.107805E-05,4.401,0
0.2943,7.821774E-05,4.4145,0,0.2943,-7.116808E-05,4.4145,0
0.2952,-1.812772E-05,4.428,0,0.2952,-3.054856E-05,4.428,0
0.2961,-0.0001131304,4.4415,0,0.2961,2.349889E-06,4.4415,0
0.297,-3.659113E-05,4.455,0,0.297,-3.054856E-05,4.455,0
0.2979,-5.035477E-06,4.4685,0,0.2979,-4.39765E-05,4.4685,0
0.2988,1.443504E-05,4.482,0,0.2988,-8.89601E-05,4.482,0
0.2997,2.383459E-05,4.4955,0,0.2997,-3.424125E-05,4.4955,0
0.3006,4.901198E-05,4.509,0,0.3006,-2.18204E-05,4.509,0
0.3015,8.69459E-05,4.5225,0,0.3015,-6.243992E-05,4.5225,0
0.3024,5.706874E-05,4.536,0,0.3024,-5.270466E-05,4.536,0
0.3033,-1.913481E-05,4.5495,0,0.3033,4.095522E-05,4.5495,0
0.3042,6.210422E-05,4.563,0,0.3042,-4.36408E-06,4.563,0
0.3051,5.774014E-05,4.5765,0,0.3051,-6.176852E-05,4.5765,0
0.306,-2.719158E-05,4.59,0,0.306,2.417029E-05,4.59,0
0.3069,-6.210422E-05,4.6035,0,0.3069,1.174945E-05,4.6035,0
0.3078,-4.934768E-05,4.617,0,0.3078,-5.539025E-05,4.617,0
0.3087,-6.109713E-05,4.6305,0,0.3087,-4.36408E-06,4.6305,0
0.3096,-0.0001211871,4.644,0,0.3096,2.954147E-05,4.644,0
0.3105,-9.567407E-05,4.6575,0,0.3105,-1.846342E-05,4.6575,0
0.3114,-5.740444E-05,4.671,0,0.3114,-2.685588E-06,4.671,0
0.3123,7.049668E-06,4.6845,0,0.3123,-5.941863E-05,4.6845,0
0.3132,7.016098E-05,4.698,0,0.3132,-9.399558E-06,4.698,0
0.3141,-7.888914E-05,4.7115,0,0.3141,2.1149E-05,4.7115,0
0.315,-3.961242E-05,4.725,0,0.315,-2.719158E-05,4.725,0
0.3159,5.673304E-05,4.7385,0,0.3159,-5.035477E-05,4.7385,0
0.3168,-5.740444E-05,4.752,0,0.3168,6.378271E-06,4.752,0
0.3177,-5.471885E-05,4.7655,0,0.3177,-1.544213E-05,4.7655,0
0.3186,6.74754E-05,4.779,0,0.3186,-7.721065E-05,4.779,0
0.3195,-3.961242E-05,4.7925,0,0.3195,-8.392462E-06,4.7925,0
0.3204,-3.692683E-06,4.806,0,0.3204,-6.378271E-06,4.806,0
0.3213,5.706874E-05,4.8195,0,0.3213,-9.198138E-05,4.8195,0
0.3222,6.713969E-07,4.833,0,0.3222,-5.404745E-05,4.833,0
0.3231,-4.632639E-05,4.8465,0,0.3231,2.316319E-05,4.8465,0
0.324,-1.443504E-05,4.86,0,0.324,-9.063859E-06,4.86,0
0.3249,4.39765E-05,4.8735,0,0.3249,-3.390555E-05,4.8735,0
0.3258,4.800488E-05,4.887,0,0.3258,-5.975433E-05,4.887,0
0.3267,2.752728E-05,4.9005,0,0.3267,9.735256E-06,4.9005,0
0.3276,5.539025E-05,4.914,0,0.3276,2.920577E-05,4.914,0
0.3285,2.450599E-05,4.9275,0,0.3285,-3.793393E-05,4.9275,0
0.3294,3.826963E-05,4.941,0,0.3294,-2.853437E-05,4.941,0
0.3303,2.517739E-05,4.9545,0,0.3303,6.54612E-05,4.9545,0
0.3312,-5.136187E-05,4.968,0,0.3312,1.678492E-05,4.968,0
0.3321,4.263371E-05,4.9815,0,0.3321,-5.807584E-05,4.9815,0
0.333,2.1149E-05,4.995,0,0.333,3.994812E-05,4.995,0
0.3339,-7.486076E-05,5.0085,0,0.3339,5.035477E-05,5.0085,0
0.3348,-2.316319E-05,5.022,0,0.3348,-4.39765E-05,5.022,0
0.3357,-6.948959E-05,5.0355,0,0.3357,2.1149E-05,5.0355,0
0.3366,-0.0001027237,5.049,0,0.3366,3.256275E-05,5.049,0
0.3375,-0.0001127947,5.0625,0,0.3375,-1.309224E-05,5.0625,0
0.3384,-5.404745E-05,5.076,0,0.3384,-2.316319E-05,5.076,0
0.3393,5.572595E-05,5.0895,0,0.3393,-5.404745E-05,5.0895,0
0.3402,-3.692683E-06,5.103,0,0.3402,-1.409934E-05,5.103,0
0.3411,-4.565499E-05,5.1165,0,0.3411,-1.107805E-05,5.1165,0
0.342,1.040665E-05,5.13,0,0.342,-5.740444E-05,5.13,0
0.3429,3.591974E-05,5.1435,0,0.3429,-6.74754E-05,5.1435,0
0.3438,-4.766919E-05,5.157,0,0.3438,-6.713969E-07,5.157,0
0.3447,-2.24918E-05,5.1705,0,0.3447,-2.954147E-05,5.1705,0
0.3456,5.841154E-05,5.184,0,0.3456,-9.063859E-05,5.184,0
0.3465,-1.947051E-05,5.1975,0,0.3465,1.678492E-06,5.1975,0
0.3474,3.021286E-06,5.211,0,0.3474,-4.36408E-06,5.211,0
0.3483,0.0001070878,5.2245,0,0.3483,-9.600977E-05,5.2245,0
0.3492,7.922484E-05,5.238,0,0.3492,-5.001907E-05,5.238,0
0.3501,-2.987716E-05,5.2515,0,0.3501,-9.399558E-06,5.2515,0
0.351,3.625543E-05,5.265,0,0.351,-3.793393E-05,5.265,0
0.3519,1.141375E-05,5.2785,0,0.3519,-3.860533E-05,5.2785,0
0.3528,4.263371E-05,5.292,0,0.3528,-7.989624E-05,5.292,0
0.3537,6.713969E-07,5.3055,0,0.3537,-7.721065E-06,5.3055,0
0.3546,-6.243992E-05,5.319,0,0.3546,3.121996E-05,5.319,0
0.3555,-4.028382E-06,5.3325,0,0.3555,-2.752728E-05,5.3325,0
0.3564,5.438316E-05,5.346,0,0.3564,-3.457694E-05,5.346,0
0.3573,-0.0001131304,5.3595,0,0.3573,2.719158E-05,5.3595,0
0.3582,-4.867628E-05,5.373,0,0.3582,-5.706874E-06,5.373,0
0.3591,5.740444E-05,5.3865,0,0.3591,-7.217517E-05,5.3865,0
0.36,-3.356985E-07,5.4,0,0.36,4.36408E-06,5.4,0
0.3609,-3.424125E-05,5.4135,0,0.3609,-1.040665E-05,5.4135,0
0.3618,5.471885E-05,5.427,0,0.3618,-8.358892E-05,5.427,0
0.3627,5.404745E-05,5.4405,0,0.3627,-3.994812E-05,5.4405,0
0.3636,-6.143282E-05,5.454,0,0.3636,5.371176E-06,5.454,0
0.3645,-2.786297E-05,5.4675,0,0.3645,-2.316319E-05,5.4675,0
0.3654,6.713969E-06,5.481,0,0.3654,-1.712062E-05,5.481,0
0.3663,-4.061952E-05,5.4945,0,0.3663,-5.337606E-05,5.4945,0
0.3672,-4.968337E-05,5.508,0,0.3672,-1.443504E-05,5.508,0
0.3681,-1.174945E-05,5.5215,0,0.3681,-1.980621E-05,5.5215,0
0.369,-4.46479E-05,5.535,0,0.369,-5.270466E-05,5.535,0
0.3699,-3.356985E-07,5.5485,0,0.3699,-5.807584E-05,5.5485,0
0.3708,-1.678492E-05,5.562,0,0.3708,2.786297E-05,5.562,0
0.3717,-2.887007E-05,5.5755,0,0.3717,-7.049668E-06,5.5755,0
0.3726,2.484169E-05,5.589,0,0.3726,-8.69459E-05,5.589,0
0.3735,-3.323415E-05,5.6025,0,0.3735,2.517739E-05,5.6025,0
0.3744,-2.719158E-05,5.616,0,0.3744,2.18204E-05,5.616,0
0.3753,-3.021286E-05,5.6295,0,0.3753,-4.49836E-05,5.6295,0
0.3762,-9.735256E-05,5.643,0,0.3762,1.007095E-05,5.643,0
0.3771,-9.265278E-05,5.6565,0,0.3771,3.793393E-05,5.6565,0
0.378,-8.627451E-05,5.67,0,0.378,9.735256E-06,5.67,0
0.3789,-3.390555E-05,5.6835,0,0.3789,-8.728161E-06,5.6835,0
0.3798,2.1149E-05,5.697,0,0.3798,-4.834058E-05,5.697,0
0.3807,2.21561E-05,5.7105,0,0.3807,6.042573E-06,5.7105,0
0.3816,-5.539025E-05,5.724,0,0.3816,-7.049668E-06,5.724,0
0.3825,-2.887007E-05,5.7375,0,0.3825,-4.766919E-05,5.7375,0
0.3834,4.49836E-05,5.751,0,0.3834,-9.063859E-06,5.751,0
0.3843,-0.0001010452,5.7645,0,0.3843,2.752728E-05,5.7645,0
0.3852,-2.450599E-05,5.778,0,0.3852,3.692683E-06,5.778,0
0.3861,0.0001352865,5.7915,0,0.3861,-5.941863E-05,5.7915,0
0.387,-1.712062E-05,5.805,0,0.387,1.409934E-05,5.805,0
0.3879,2.853437E-05,5.8185,0,0.3879,3.692683E-05,5.8185,0
0.3888,6.64683E-05,5.832,0,0.3888,-4.49836E-05,5.832,0
0.3897,0.000115816,5.8455,0,0.3897,-2.349889E-06,5.8455,0
0.3906,2.450599E-05,5.859,0,0.3906,5.001907E-05,5.859,0
0.3915,3.457694E-05,5.8725,0,0.3915,-6.713969E-07,5.8725,0
0.3924,-2.450599E-05,5.886,0,0.3924,-3.021286E-06,5.886,0
0.3933,2.920577E-05,5.8995,0,0.3933,-3.759823E-05,5.8995,0
0.3942,-8.392462E-06,5.913,0,0.3942,1.644922E-05,5.913,0
0.3951,-8.392462E-06,5.9265,0,0.3951,7.049668E-06,5.9265,0
0.396,-1.040665E-05,5.94,0,0.396,-6.311131E-05,5.94,0
0.3969,4.867628E-05,5.9535,0,0.3969,-8.023193E-05,5.9535,0
0.3978,-3.121996E-05,5.967,0,0.3978,1.040665E-05,5.967,0
0.3987,-2.450599E-05,5.9805,0,0.3987,-1.913481E-05,5.9805,0
0.3996,0.0001188373,5.994,0,0.3996,-8.92958E-05,5.994,0
0.4005,1.577783E-05,6.0075,0,0.4005,1.007095E-06,6.0075,0
0.4014,-7.553216E-05,6.021,0,0.4014,1.242084E-05,6.021,0
0.4023,1.007095E-06,6.0345,0,0.4023,-4.095522E-05,6.0345,0
0.4032,-6.6804E-05,6.048,0,0.4032,4.028382E-06,6.048,0
0.4041,-0.000158114,6.0615,0,0.4041,3.826963E-05,6.0615,0
0.405,-6.478981E-05,6.075,0,0.405,-1.678492E-06,6.075,0
0.4059,3.021286E-06,6.0885,0,0.4059,-2.786297E-05,6.0885,0
0.4068,1.309224E-05,6.102,0,0.4068,-5.539025E-05,6.102,0
0.4077,2.987716E-05,6.1155,0,0.4077,-6.042573E-06,6.1155,0
0.4086,8.258183E-05,6.129,0,0.4086,-3.961242E-05,6.129,0
0.4095,3.927672E-05,6.1425,0,0.4095,-7.284657E-05,6.1425,0
0.4104,1.040665E-05,6.156,0,0.4104,-5.807584E-05,6.156,0
0.4113,-5.639734E-05,6.1695,0,0.4113,2.24918E-05,6.1695,0
0.4122,2.685588E-06,6.183,0,0.4122,-1.275654E-05,6.183,0
0.4131,4.934768E-05,6.1965,0,0.4131,-8.761731E-05,6.1965,0
0.414,-2.786297E-05,6.21,0,0.414,1.040665E-05,6.21,0
0.4149,-4.129091E-05,6.2235,0,0.4149,2.652018E-05,6.2235,0
0.4158,3.289845E-05,6.237,0,0.4158,-5.606165E-05,6.237,0
0.4167,9.735256E-06,6.2505,0,0.4167,-2.316319E-05,6.2505,0
0.4176,-1.678492E-05,6.264,0,0.4176,2.920577E-05,6.264,0
0.4185,-6.378271E-06,6.2775,0,0.4185,-8.728161E-06,6.2775,0
0.4194,-3.659113E-05,6.291,0,0.4194,-2.18204E-05,6.291,0
0.4203,4.061952E-05,6.3045,0,0.4203,-7.888914E-05,6.3045,0
0.4212,-2.887007E-05,6.318,0,0.4212,-1.644922E-05,6.318,0
0.4221,-0.0001554284,6.3315,0,0.4221,-9.063859E-06,6.3315,0
0.423,-5.706874E-06,6.345,0,0.423,-4.834058E-05,6.345,0
0.4239,-1.007095E-06,6.3585,0,0.4239,-6.311131E-05,6.3585,0
0.4248,-7.553216E-05,6.372,0,0.4248,1.074235E-05,6.372,0
0.4257,1.141375E-05,6.3855,0,0.4257,-2.18204E-05,6.3855,0
0.4266,5.539025E-05,6.399,0,0.4266,-9.634547E-05,6.399,0
0.4275,-9.030289E-05,6.4125,0,0.4275,-2.517739E-05,6.4125,0
0.4284,-2.920577E-05,6.426,0,0.4284,-1.812772E-05,6.426,0
0.4293,3.692683E-05,6.4395,0,0.4293,-8.090334E-05,6.4395,0
0.4302,0.0001185016,6.453,0,0.4302,-2.618448E-05,6.453,0
0.4311,-3.860533E-05,6.4665,0,0.4311,2.752728E-05,6.4665,0
0.432,1.678492E-06,6.48,0,0.432,-6.378271E-06,6.48,0
0.4329,1.040665E-05,6.4935,0,0.4329,-1.846342E-05,6.4935,0
0.4338,5.337606E-05,6.507,0,0.4338,-5.270466E-05,6.507,0
0.4347,5.471885E-05,6.5205,0,0.4347,1.208515E-05,6.5205,0
0.4356,-0.0001238727,6.534,0,0.4356,1.980621E-05,6.534,0
0.4365,-8.493171E-05,6.5475,0,0.4365,-3.759823E-05,6.5475,0
0.4374,2.1149E-05,6.561,0,0.4374,-3.189136E-05,6.561,0
0.4383,-5.673304E-05,6.5745,0,0.4383,5.471885E-05,6.5745,0
0.4392,-6.478981E-05,6.588,0,0.4392,9.063859E-06,6.588,0
0.4401,7.217517E-05,6.6015,0,0.4401,-5.337606E-05,6.6015,0
0.441,-1.913481E-05,6.615,0,0.441,3.121996E-05,6.615,0
0.4419,5.035477E-06,6.6285,0,0.4419,1.846342E-05,6.6285,0
0.4428,7.284657E-05,6.642,0,0.4428,-7.150377E-05,6.642,0
0.4437,0.0001735561,6.6555,0,0.4437,-1.510643E-05,6.6555,0
0.4446,4.699779E-06,6.669,0,0.4446,2.047761E-05,6.669,0
0.4455,-3.289845E-05,6.6825,0,0.4455,-3.021286E-06,6.6825,0
0.4464,3.121996E-05,6.696,0,0.4464,-2.18204E-05,6.696,0
0.4473,6.948959E-05,6.7095,0,0.4473,-4.49836E-05,6.7095,0
0.4482,-3.390555E-05,6.723,0,0.4482,1.208515E-05,6.723,0
0.4491,-6.109713E-05,6.7365,0,0.4491,2.047761E-05,6.7365,0
0.45,7.385367E-06,6.75,0,0.45,-2.719158E-05,6.75,0
0.4509,-2.719158E-05,6.7635,0,0.4509,-3.424125E-05,6.7635,0
0.4518,-6.61326E-05,6.777,0,0.4518,1.577783E-05,6.777,0
0.4527,-2.819867E-05,6.7905,0,0.4527,-7.721065E-06,6.7905,0
0.4536,4.129091E-05,6.804,0,0.4536,-7.217517E-05,6.804,0
0.4545,-4.196231E-05,6.8175,0,0.4545,-1.275654E-05,6.8175,0
0.4554,-4.800488E-05,6.831,0,0.4554,2.584878E-05,6.831,0
0.4563,4.229801E-05,6.8445,0,0.4563,-6.143282E-05,6.8445,0
0.4572,-0.0001242084,6.858,0,0.4572,-1.846342E-05,6.858,0
0.4581,-0.0001242084,6.8715,0,0.4581,2.450599E-05,6.8715,0
0.459,-3.021286E-05,6.885,0,0.459,-5.706874E-06,6.885,0
0.4599,-5.203327E-05,6.8985,0,0.4599,-2.719158E-05,6.8985,0
0.4608,3.054856E-05,6.912,0,0.4608,-7.116808E-05,6.912,0
0.4617,5.337606E-05,6.9255,0,0.4617,6.042573E-06,6.9255,0
0.4626,-3.860533E-05,6.939,0,0.4626,-9.063859E-06,6.939,0
0.4635,2.014191E-06,6.9525,0,0.4635,-7.452507E-05,6.9525,0
0.4644,5.539025E-05,6.966,0,0.4644,-6.277562E-05,6.966,0
0.4653,-0.0001010452,6.9795,0,0.4653,3.390555E-05,6.9795,0
0.4662,-5.941863E-05,6.993,0,0.4662,-6.378271E-06,6.993,0
0.4671,4.39765E-05,7.0065,0,0.4671,-5.035477E-05,7.0065,0
0.468,-3.356985E-06,7.02,0,0.468,9.735256E-06,7.02,0
0.4689,1.544213E-05,7.0335,0,0.4689,2.551309E-05,7.0335,0
0.4698,0.0001044022,7.047,0,0.4698,-5.438316E-05,7.047,0
0.4707,-3.189136E-05,7.0605,0,0.4707,-5.169757E-05,7.0605,0
0.4716,-8.526741E-05,7.074,0,0.4716,-5.035477E-06,7.074,0
0.4725,1.812772E-05,7.0875,0,0.4725,-2.719158E-05,7.0875,0
0.4734,-4.36408E-06,7.101,0,0.4734,-1.644922E-05,7.101,0
0.4743,1.577783E-05,7.1145,0,0.4743,-3.659113E-05,7.1145,0
0.4752,5.337606E-05,7.128,0,0.4752,3.692683E-06,7.128,0
0.4761,8.661021E-05,7.1415,0,0.4761,0,7.1415,0
0.477,-3.356985E-07,7.155,0,0.477,-5.371176E-05,7.155,0
0.4779,5.203327E-05,7.1685,0,0.4779,-6.076142E-05,7.1685,0
0.4788,3.961242E-05,7.182,0,0.4788,3.625543E-05,7.182,0
0.4797,-2.719158E-05,7.1955,0,0.4797,-1.342794E-06,7.1955,0
0.4806,6.143282E-05,7.209,0,0.4806,-9.835965E-05,7.209,0
0.4815,1.846342E-05,7.2225,0,0.4815,-6.713969E-07,7.2225,0
0.4824,-9.970245E-05,7.236,0,0.4824,3.994812E-05,7.236,0
0.4833,-9.298848E-05,7.2495,0,0.4833,-3.256275E-05,7.2495,0
0.4842,-4.46479E-05,7.263,0,0.4842,-2.685588E-05,7.263,0
0.4851,-0.0001097734,7.2765,0,0.4851,1.980621E-05,7.2765,0
0.486,-9.533837E-05,7.29,0,0.486,1.007095E-06,7.29,0
0.4869,-3.390555E-05,7.3035,0,0.4869,-2.1149E-05,7.3035,0
0.4878,1.242084E-05,7.317,0,0.4878,-7.855344E-05,7.317,0
0.4887,2.1149E-05,7.3305,0,0.4887,8.392462E-06,7.3305,0
0.4896,3.054856E-05,7.344,0,0.4896,-4.028382E-06,7.344,0
0.4905,8.090334E-05,7.3575,0,0.4905,-6.478981E-05,7.3575,0
0.4914,6.74754E-05,7.371,0,0.4914,-5.807584E-05,7.371,0
0.4923,-7.922484E-05,7.3845,0,0.4923,7.385367E-06,7.3845,0
0.4932,-2.719158E-05,7.398,0,0.4932,-2.484169E-05,7.398,0
0.4941,7.653925E-05,7.4115,0,0.4941,-7.989624E-05,7.4115,0
0.495,-7.217517E-05,7.425,0,0.495,3.323415E-05,7.425,0
0.4959,-3.994812E-05,7.4385,0,0.4959,3.155566E-05,7.4385,0
0.4968,3.961242E-05,7.452,0,0.4968,-6.311131E-05,7.452,0
0.4977,2.28275E-05,7.4655,0,0.4977,-2.517739E-05,7.4655,0
0.4986,-1.107805E-05,7.479,0,0.4986,2.24918E-05,7.479,0
0.4995,-2.920577E-05,7.4925,0,0.4995,-1.309224E-05,7.4925,0
0.5004,-4.39765E-05,7.506,0,0.5004,-1.712062E-05,7.506,0
0.5013,3.323415E-05,7.5195,0,0.5013,-4.229801E-05,7.5195,0
0.5022,-1.376364E-05,7.533,0,0.5022,1.409934E-05,7.533,0
0.5031,-4.33051E-05,7.5465,0,0.5031,2.1149E-05,7.5465,0
0.504,-3.256275E-05,7.56,0,0.504,-4.263371E-05,7.56,0
0.5049,1.712062E-05,7.5735,0,0.5049,-5.337606E-05,7.5735,0
0.5058,-6.378271E-05,7.587,0,0.5058,1.879912E-05,7.587,0
0.5067,-2.316319E-05,7.6005,0,0.5067,6.042573E-06,7.6005,0
0.5076,0.0001178302,7.614,0,0.5076,-6.54612E-05,7.614,0
0.5085,-1.812772E-05,7.6275,0,0.5085,2.081331E-05,7.6275,0
0.5094,-5.740444E-05,7.641,0,0.5094,3.961242E-05,7.641,0
0.5103,2.1149E-05,7.6545,0,0.5103,-3.054856E-05,7.6545,0
0.5112,-7.989624E-05,7.668,0,0.5112,-4.36408E-06,7.668,0
0.5121,-0.0001587854,7.6815,0,0.5121,2.954147E-05,7.6815,0
0.513,-6.478981E-05,7.695,0,0.513,3.692683E-06,7.695,0
0.5139,7.049668E-06,7.7085,0,0.5139,-2.349889E-05,7.7085,0
0.5148,-2.517739E-05,7.722,0,0.5148,-4.162661E-05,7.722,0
0.5157,1.980621E-05,7.7355,0,0.5157,1.477073E-05,7.7355,0
0.5166,0.0001131304,7.749,0,0.5166,3.625543E-05,7.749,0
0.5175,5.169757E-05,7.7625,0,0.5175,-6.378271E-06,7.7625,0
0.5184,6.109713E-05,7.776,0,0.5184,-3.524834E-05,7.776,0
0.5193,-5.035477E-06,7.7895,0,0.5193,3.491264E-05,7.7895,0
0.5202,-9.063859E-06,7.803,0,0.5202,-8.728161E-06,7.803,0
0.5211,5.069047E-05,7.8165,0,0.5211,-7.721065E-05,7.8165,0
0.522,-9.399558E-06,7.83,0,0.522,1.309224E-05,7.83,0
0.5229,-5.572595E-05,7.8435,0,0.5229,-1.007095E-06,7.8435,0
0.5238,1.477073E-05,7.857,0,0.5238,-7.016098E-05,7.857,0
0.5247,-6.6804E-05,7.8705,0,0.5247,-6.277562E-05,7.8705,0
0.5256,-4.196231E-05,7.884,0,0.5256,-1.242084E-05,7.884,0
0.5265,-5.270466E-05,7.8975,0,0.5265,-4.196231E-05,7.8975,0
0.5274,-3.860533E-05,7.911,0,0.5274,-4.53193E-05,7.911,0
0.5283,3.121996E-05,7.9245,0,0.5283,-9.130999E-05,7.9245,0
0.5292,3.021286E-05,7.938,0,0.5292,-9.735256E-06,7.938,0
0.5301,1.779202E-05,7.9515,0,0.5301,2.987716E-05,7.9515,0
0.531,3.860533E-05,7.965,0,0.531,-7.049668E-06,7.965,0
0.5319,4.699779E-05,7.9785,0,0.5319,-4.632639E-05,7.9785,0
0.5328,-3.692683E-05,7.992,0,0.5328,2.047761E-05,7.992,0
0.5337,4.263371E-05,8.0055,0,0.5337,-1.107805E-05,8.0055,0
0.5346,7.284657E-05,8.019,0,0.5346,-8.92958E-05,8.019,0
0.5355,-3.625543E-05,8.0325,0,0.5355,-1.712062E-05,8.0325,0
0.5364,-7.553216E-05,8.046,0,0.5364,-3.424125E-05,8.046,0
0.5373,-2.047761E-05,8.0595,0,0.5373,-9.164568E-05,8.0595,0
0.5382,-1.947051E-05,8.073,0,0.5382,-3.457694E-05,8.073,0
0.5391,-0.0001319295,8.0865,0,0.5391,3.457694E-05,8.0865,0
0.54,-4.43122E-05,8.1,0,0.54,-1.376364E-05,8.1,0
0.5409,-2.21561E-05,8.1135,0,0.5409,-3.424125E-05,8.1135,0
0.5418,3.524834E-05,8.127,0,0.5418,-6.948959E-05,8.127,0
0.5427,0.0001037308,8.1405,0,0.5427,-2.316319E-05,8.1405,0
0.5436,4.766919E-05,8.154,0,0.5436,-2.517739E-05,8.154,0
0.5445,3.625543E-05,8.1675,0,0.5445,-5.874724E-05,8.1675,0
0.5454,0.0001188373,8.181,0,0.5454,-7.351797E-05,8.181,0
0.5463,-2.450599E-05,8.1945,0,0.5463,3.692683E-06,8.1945,0
0.5472,-4.129091E-05,8.208,0,0.5472,-3.021286E-05,8.208,0
0.5481,8.157473E-05,8.2215,0,0.5481,-8.123904E-05,8.2215,0
0.549,4.36408E-06,8.235,0,0.549,9.399558E-06,8.235,0
0.5499,-0.0001473716,8.2485,0,0.5499,1.678492E-06,8.2485,0
0.5508,-6.881819E-05,8.262,0,0.5508,-4.733349E-05,8.262,0
0.5517,1.846342E-05,8.2755,0,0.5517,-1.242084E-05,8.2755,0
0.5526,-0.0001467002,8.289,0,0.5526,2.1149E-05,8.289,0
0.5535,-7.553216E-05,8.3025,0,0.5535,3.356985E-06,8.3025,0
0.5544,9.735256E-06,8.316,0,0.5544,-1.678492E-05,8.316,0
0.5553,2.517739E-05,8.3295,0,0.5553,-4.229801E-05,8.3295,0
0.5562,1.007095E-05,8.343,0,0.5562,3.356985E-06,8.343,0
0.5571,-2.987716E-05,8.3565,0,0.5571,-3.390555E-05,8.3565,0
0.558,-4.36408E-05,8.37,0,0.558,-6.411841E-05,8.37,0
0.5589,1.107805E-05,8.3835,0,0.5589,-6.6804E-05,8.3835,0
0.5598,-4.733349E-05,8.397,0,0.5598,5.706874E-06,8.397,0
0.5607,2.18204E-05,8.4105,0,0.5607,-1.174945E-05,8.4105,0
0.5616,6.344701E-05,8.424,0,0.5616,-6.948959E-05,8.424,0
0.5625,-1.174945E-05,8.4375,0,0.5625,1.644922E-05,8.4375,0
0.5634,2.920577E-05,8.451,0,0.5634,2.24918E-05,8.451,0
0.5643,4.934768E-05,8.4645,0,0.5643,-5.471885E-05,8.4645,0
0.5652,4.53193E-05,8.478,0,0.5652,1.376364E-05,8.478,0
0.5661,-4.39765E-05,8.4915,0,0.5661,5.774014E-05,8.4915,0
0.567,-7.855344E-05,8.505,0,0.567,2.920577E-05,8.505,0
0.5679,-2.484169E-05,8.5185,0,0.5679,1.007095E-06,8.5185,0
0.5688,8.426032E-05,8.532,0,0.5688,-3.424125E-05,8.532,0
0.5697,-1.174945E-05,8.5455,0,0.5697,2.920577E-05,8.5455,0
0.5706,-6.378271E-05,8.559,0,0.5706,6.713969E-07,8.559,0
0.5715,-2.450599E-05,8.5725,0,0.5715,-4.834058E-05,8.5725,0
0.5724,6.109713E-05,8.586,0,0.5724,-3.793393E-05,8.586,0
0.5733,-5.673304E-05,8.5995,0,0.5733,3.189136E-05,8.5995,0
0.5742,-4.800488E-05,8.613,0,0.5742,1.007095E-06,8.613,0
0.5751,7.217517E-05,8.6265,0,0.5751,-5.539025E-05,8.6265,0
0.576,-4.934768E-05,8.64,0,0.576,1.980621E-05,8.64,0
0.5769,4.800488E-05,8.6535,0,0.5769,2.1149E-05,8.6535,0
0.5778,0.0001661708,8.667,0,0.5778,-4.53193E-05,8.667,0
0.5787,3.021286E-06,8.6805,0,0.5787,-8.392462E-06,8.6805,0
0.5796,-4.766919E-05,8.694,0,0.5796,2.1149E-05,8.694,0
0.5805,6.243992E-05,8.7075,0,0.5805,3.692683E-06,8.7075,0
0.5814,3.021286E-06,8.721,0,0.5814,2.349889E-06,8.721,0
0.5823,1.980621E-05,8.7345,0,0.5823,-5.539025E-05,8.7345,0
0.5832,-1.174945E-05,8.748,0,0.5832,-2.517739E-05,8.748,0
0.5841,-0.0001467002,8.7615,0,0.5841,1.040665E-05,8.7615,0
0.585,-8.258183E-05,8.775,0,0.585,-2.819867E-05,8.775,0
0.5859,-6.713969E-07,8.7885,0,0.5859,-2.719158E-05,8.7885,0
0.5868,-2.987716E-05,8.802,0,0.5868,4.666209E-05,8.802,0
0.5877,-8.82887E-05,8.8155,0,0.5877,6.378271E-06,8.8155,0
0.5886,4.934768E-05,8.829,0,0.5886,-7.418937E-05,8.829,0
0.5895,3.390555E-05,8.8425,0,0.5895,-1.107805E-05,8.8425,0
0.5904,3.356985E-07,8.856,0,0.5904,-1.376364E-05,8.856,0
0.5913,4.46479E-05,8.8695,0,0.5913,-6.51255E-05,8.8695,0
0.5922,-3.457694E-05,8.883,0,0.5922,-2.551309E-05,8.883,0
0.5931,-9.365987E-05,8.8965,0,0.5931,-1.678492E-06,8.8965,0
0.594,-0.0001017166,8.91,0,0.594,-1.644922E-05,8.91,0
0.5949,-2.584878E-05,8.9235,0,0.5949,-2.719158E-05,8.9235,0
0.5958,1.644922E-05,8.937,0,0.5958,-5.539025E-05,8.937,0
0.5967,1.980621E-05,8.9505,0,0.5967,1.275654E-05,8.9505,0
0.5976,-4.095522E-05,8.964,0,0.5976,2.24918E-05,8.964,0
0.5985,3.088426E-05,8.9775,0,0.5985,-3.155566E-05,8.9775,0
0.5994,1.712062E-05,8.991,0,0.5994,-5.438316E-05,8.991,0
0.6003,-5.539025E-05,9.0045,0,0.6003,6.713969E-07,9.0045,0
0.6012,1.141375E-05,9.018,0,0.6012,-2.047761E-05,9.018,0
0.6021,9.600977E-05,9.0315,0,0.6021,-8.89601E-05,9.0315,0
0.603,-4.632639E-05,9.045,0,0.603,0,9.045,0
0.6039,5.606165E-05,9.0585,0,0.6039,-2.450599E-05,9.0585,0
0.6048,0.0001070878,9.072001,0,0.6048,-9.466698E-05,9.072001,0
0.6057,5.035477E-05,9.0855,0,0.6057,-1.174945E-05,9.0855,0
0.6066,2.047761E-05,9.099,0,0.6066,3.457694E-05,9.099,0
0.6075,-3.256275E-05,9.1125,0,0.6075,-1.007095E-05,9.1125,0
0.6084,-2.081331E-05,9.126,0,0.6084,-3.793393E-05,9.126,0
0.6093,2.24918E-05,9.1395,0,0.6093,-7.956054E-05,9.1395,0
0.6102,9.063859E-06,9.153,0,0.6102,-1.812772E-05,9.153,0
0.6111,-0.0001319295,9.1665,0,0.6111,-1.409934E-05,9.1665,0
0.612,-0.0001027237,9.18,0,0.612,-5.136187E-05,9.18,0
0.6129,-1.913481E-05,9.1935,0,0.6129,-3.424125E-05,9.1935,0
0.6138,-0.0001080949,9.207,0,0.6138,2.887007E-05,9.207,0
0.6147,-5.606165E-05,9.2205,0,0.6147,-2.349889E-06,9.2205,0
0.6156,0.0001238727,9.234,0,0.6156,-7.083238E-05,9.234,0
0.6165,-4.901198E-05,9.2475,0,0.6165,1.544213E-05,9.2475,0
0.6174,1.309224E-05,9.261,0,0.6174,1.846342E-05,9.261,0
0.6183,0.0001198444,9.2745,0,0.6183,-4.733349E-05,9.2745,0
0.6192,-6.61326E-05,9.288,0,0.6192,-2.081331E-05,9.288,0
0.6201,-0.0001030594,9.3015,0,0.6201,2.652018E-05,9.3015,0
0.621,-2.719158E-05,9.315,0,0.621,-1.510643E-05,9.315,0
0.6219,-7.049668E-06,9.3285,0,0.6219,-2.316319E-05,9.3285,0
0.6228,-3.524834E-05,9.342,0,0.6228,-6.109713E-05,9.342,0
0.6237,2.584878E-05,9.3555,0,0.6237,-2.18204E-05,9.3555,0
0.6246,0.0001265583,9.369,0,0.6246,-1.913481E-05,9.369,0
0.6255,3.390555E-05,9.3825,0,0.6255,-4.095522E-05,9.3825,0
0.6264,5.203327E-05,9.396,0,0.6264,-4.36408E-05,9.396,0
0.6273,1.577783E-05,9.4095,0,0.6273,2.954147E-05,9.4095,0
0.6282,-3.659113E-05,9.423,0,0.6282,-1.846342E-05,9.423,0
0.6291,6.78111E-05,9.4365,0,0.6291,-8.157473E-05,9.4365,0
0.63,-1.309224E-05,9.45,0,0.63,3.222705E-05,9.45,0
0.6309,-0.0001215228,9.4635,0,0.6309,4.666209E-05,9.4635,0
0.6318,-7.821774E-05,9.477,0,0.6318,-2.584878E-05,9.477,0
0.6327,-3.323415E-05,9.4905,0,0.6327,1.208515E-05,9.4905,0
0.6336,-3.927672E-05,9.504,0,0.6336,4.43122E-05,9.504,0
0.6345,-7.150377E-05,9.5175,0,0.6345,7.385367E-06,9.5175,0
0.6354,-3.524834E-05,9.531,0,0.6354,-2.920577E-05,9.531,0
0.6363,6.109713E-05,9.5445,0,0.6363,-7.687495E-05,9.5445,0
0.6372,3.021286E-05,9.558,0,0.6372,-4.699779E-06,9.558,0
0.6381,1.174945E-05,9.5715,0,0.6381,9.063859E-06,9.5715,0
0.639,3.524834E-05,9.585,0,0.639,-3.524834E-05,9.585,0
0.6399,4.867628E-05,9.5985,0,0.6399,-4.43122E-05,9.5985,0
0.6408,-4.095522E-05,9.612,0,0.6408,1.947051E-05,9.612,0
0.6417,2.584878E-05,9.6255,0,0.6417,-3.021286E-06,9.6255,0
0.6426,6.51255E-05,9.639,0,0.6426,-8.82887E-05,9.639,0
0.6435,-1.409934E-05,9.6525,0,0.6435,1.678492E-06,9.6525,0
0.6444,-8.023193E-05,9.666,0,0.6444,2.349889E-06,9.666,0
0.6453,-9.063859E-06,9.6795,0,0.6453,-7.351797E-05,9.6795,0
0.6462,-5.035477E-06,9.693,0,0.6462,-1.040665E-05,9.693,0
0.6471,-0.0001252155,9.7065,0,0.6471,2.21561E-05,9.7065,0
0.648,-4.968337E-05,9.72,0,0.648,-1.611353E-05,9.72,0
0.6489,-4.33051E-05,9.7335,0,0.6489,-3.121996E-05,9.7335,0
0.6498,3.356985E-07,9.747,0,0.6498,-5.706874E-05,9.747,0
0.6507,6.814679E-05,9.7605,0,0.6507,7.385367E-06,9.7605,0
0.6516,-7.888914E-05,9.774,0,0.6516,-2.920577E-05,9.774,0
0.6525,-3.726253E-05,9.7875,0,0.6525,-6.51255E-05,9.7875,0
0.6534,0.0001017166,9.801,0,0.6534,-5.606165E-05,9.801,0
0.6543,-6.51255E-05,9.8145,0,0.6543,6.378271E-06,9.8145,0
0.6552,-4.599069E-05,9.828,0,0.6552,-2.014191E-05,9.828,0
0.6561,0.0001185016,9.8415,0,0.6561,-7.351797E-05,9.8415,0
0.657,1.376364E-05,9.855,0,0.657,2.383459E-05,9.855,0
0.6579,2.24918E-05,9.8685,0,0.6579,3.054856E-05,9.8685,0
0.6588,7.553216E-05,9.882,0,0.6588,-3.189136E-05,9.882,0
0.6597,-1.376364E-05,9.8955,0,0.6597,-8.728161E-06,9.8955,0
0.6606,-0.0001292439,9.909,0,0.6606,2.551309E-05,9.909,0
0.6615,-6.478981E-05,9.9225,0,0.6615,-1.443504E-05,9.9225,0
0.6624,1.678492E-05,9.936,0,0.6624,-2.081331E-05,9.936,0
0.6633,4.196231E-05,9.9495,0,0.6633,-5.404745E-05,9.9495,0
0.6642,4.901198E-05,9.963,0,0.6642,-2.18204E-05,9.963,0
0.6651,6.076142E-05,9.976501,0,0.6651,-4.39765E-05,9.976501,0
0.666,3.390555E-05,9.99,0,0.666,-7.284657E-05,9.99,0
0.6669,4.39765E-05,10.0035,0,0.6669,-6.61326E-05,10.0035,0
0.6678,-2.18204E-05,10.017,0,0.6678,7.385367E-06,10.017,0
0.6687,2.316319E-05,10.0305,0,0.6687,-2.383459E-05,10.0305,0
0.6696,4.699779E-05,10.044,0,0.6696,-7.351797E-05,10.044,0
0.6705,-5.069047E-05,10.0575,0,0.6705,2.517739E-05,10.0575,0
0.6714,-8.627451E-05,10.071,0,0.6714,2.417029E-05,10.071,0
0.6723,-7.989624E-05,10.0845,0,0.6723,-7.721065E-05,10.0845,0
0.6732,-6.61326E-05,10.098,0,0.6732,-1.644922E-05,10.098,0
0.6741,-0.0001232013,10.1115,0,0.6741,3.155566E-05,10.1115,0
0.675,-8.761731E-05,10.125,0,0.675,1.174945E-05,10.125,0
0.6759,-2.652018E-05,10.1385,0,0.6759,-2.1149E-05,10.1385,0
0.6768,4.599069E-05,10.152,0,0.6768,-4.229801E-05,10.152,0
0.6777,-2.349889E-05,10.1655,0,0.6777,1.980621E-05,10.1655,0
0.6786,2.719158E-05,10.179,0,0.6786,-1.007095E-05,10.179,0
0.6795,4.53193E-05,10.1925,0,0.6795,-6.009003E-05,10.1925,0
0.6804,0.0001070878,10.206,0,0.6804,-6.915389E-05,10.206,0
0.6813,-2.584878E-05,10.2195,0,0.6813,2.383459E-05,10.2195,0
0.6822,7.721065E-06,10.233,0,0.6822,-7.721065E-06,10.233,0
0.6831,9.701686E-05,10.2465,0,0.6831,-6.210422E-05,10.2465,0
0.684,-2.987716E-05,10.26,0,0.684,1.980621E-05,10.26,0
0.6849,-6.344701E-05,10.2735,0,0.6849,6.009003E-05,10.2735,0
0.6858,1.074235E-05,10.287,0,0.6858,-1.242084E-05,10.287,0
0.6867,4.53193E-05,10.3005,0,0.6867,1.477073E-05,10.3005,0
0.6876,-3.524834E-05,10.314,0,0.6876,2.21561E-05,10.314,0
0.6885,4.263371E-05,10.3275,0,0.6885,-9.063859E-06,10.3275,0
0.6894,-3.659113E-05,10.341,0,0.6894,-5.706874E-06,10.341,0
0.6903,1.443504E-05,10.3545,0,0.6903,-5.874724E-05,10.3545,0
0.6912,2.786297E-05,10.368,0,0.6912,-1.477073E-05,10.368,0
0.6921,-0.0001514,10.3815,0,0.6921,-3.692683E-06,10.3815,0
0.693,-9.768826E-05,10.395,0,0.693,-5.975433E-05,10.395,0
0.6939,1.745632E-05,10.4085,0,0.6939,-9.030289E-05,10.4085,0
0.6948,-7.049668E-05,10.422,0,0.6948,1.342794E-06,10.422,0
0.6957,-9.298848E-05,10.4355,0,0.6957,-3.121996E-05,10.4355,0
0.6966,5.069047E-05,10.449,0,0.6966,-7.116808E-05,10.449,0
0.6975,7.721065E-06,10.4625,0,0.6975,3.927672E-05,10.4625,0
0.6984,3.860533E-05,10.476,0,0.6984,5.438316E-05,10.476,0
0.6993,0.0001349508,10.4895,0,0.6993,-1.846342E-05,10.4895,0
0.7002,7.888914E-05,10.503,0,0.7002,-5.706874E-06,10.503,0
0.7011,-1.980621E-05,10.5165,0,0.7011,2.450599E-05,10.5165,0
0.702,-2.014191E-05,10.53,0,0.702,-5.035477E-06,10.53,0
0.7029,-3.356985E-07,10.5435,0,0.7029,-3.994812E-05,10.5435,0
0.7038,3.591974E-05,10.557,0,0.7038,-8.560311E-05,10.557,0
0.7047,-7.150377E-05,10.5705,0,0.7047,-1.678492E-06,10.5705,0
0.7056,-0.0001601282,10.584,0,0.7056,2.517739E-05,10.584,0
0.7065,-7.049668E-05,10.5975,0,0.7065,-7.049668E-06,10.5975,0
0.7074,1.141375E-05,10.611,0,0.7074,-2.484169E-05,10.611,0
0.7083,-1.007095E-05,10.6245,0,0.7083,3.927672E-05,10.6245,0
0.7092,-7.418937E-05,10.638,0,0.7092,3.021286E-06,10.638,0
0.7101,3.323415E-05,10.6515,0,0.7101,-7.989624E-05,10.6515,0
0.711,7.721065E-06,10.665,0,0.711,4.36408E-06,10.665,0
0.7119,1.846342E-05,10.6785,0,0.7119,-8.728161E-06,10.6785,0
0.7128,3.356985E-07,10.692,0,0.7128,-7.956054E-05,10.692,0
0.7137,6.344701E-05,10.7055,0,0.7137,-6.109713E-05,10.7055,0
0.7146,-5.136187E-05,10.719,0,0.7146,-2.383459E-05,10.719,0
0.7155,7.385367E-06,10.7325,0,0.7155,-6.210422E-05,10.7325,0
0.7164,-1.577783E-05,10.746,0,0.7164,-7.016098E-05,10.746,0
0.7173,6.378271E-05,10.7595,0,0.7173,-0.0001050736,10.7595,0
0.7182,7.351797E-05,10.773,0,0.7182,1.007095E-06,10.773,0
0.7191,3.726253E-05,10.7865,0,0.7191,4.53193E-05,10.7865,0
0.72,9.634547E-05,10.8,0,0.72,-1.242084E-05,10.8,0
0.7209,0.000102388,10.8135,0,0.7209,1.678492E-05,10.8135,0
0.7218,-6.61326E-05,10.827,0,0.7218,7.754635E-05,10.827,0
0.7227,-6.344701E-05,10.8405,0,0.7227,1.544213E-05,10.8405,0
0.7236,5.505455E-05,10.854,0,0.7236,-5.740444E-05,10.854,0
0.7245,-9.164568E-05,10.8675,0,0.7245,-6.713969E-07,10.8675,0
0.7254,-8.627451E-05,10.881,0,0.7254,-1.007095E-06,10.881,0
0.7263,-3.021286E-06,10.8945,0,0.7263,-7.016098E-05,10.8945,0
0.7272,-0.0001010452,10.908,0,0.7272,-6.61326E-05,10.908,0
0.7281,-0.000123537,10.9215,0,0.7281,-3.155566E-05,10.9215,0
0.729,-3.424125E-05,10.935,0,0.729,-5.169757E-05,10.935,0
0.7299,-3.356985E-06,10.9485,0,0.7299,-6.311131E-05,10.9485,0
0.7308,3.021286E-05,10.962,0,0.7308,-8.191043E-05,10.962,0
0.7317,5.337606E-05,10.9755,0,0.7317,-2.786297E-05,10.9755,0
0.7326,6.848249E-05,10.989,0,0.7326,-1.107805E-05,10.989,0
0.7335,-3.356985E-05,11.0025,0,0.7335,-4.599069E-05,11.0025,0
0.7344,2.584878E-05,11.016,0,0.7344,-4.699779E-06,11.016,0
0.7353,-2.316319E-05,11.0295,0,0.7353,9.030289E-05,11.0295,0
0.7362,-9.231708E-05,11.043,0,0.7362,5.069047E-05,11.043,0
0.7371,1.275654E-05,11.0565,0,0.7371,-4.33051E-05,11.0565,0
0.738,-6.814679E-05,11.07,0,0.738,6.78111E-05,11.07,0
0.7389,-8.023193E-05,11.0835,0,0.7389,3.088426E-05,11.0835,0
0.7398,3.994812E-05,11.097,0,0.7398,9.063859E-06,11.097,0
0.7407,3.424125E-05,11.1105,0,0.7407,0.0001265583,11.1105,0
0.7416,-2.24918E-05,11.124,0,0.7416,0.000154757,11.124,0
0.7425,-5.404745E-05,11.1375,0,0.7425,0.000109102,11.1375,0
0.7434,1.712062E-05,11.151,0,0.7434,7.956054E-05,11.151,0
0.7443,0.0001245441,11.1645,0,0.7443,-6.042573E-06,11.1645,0
0.7452,2.24918E-05,11.178,0,0.7452,1.577783E-05,11.178,0
0.7461,1.779202E-05,11.1915,0,0.7461,4.36408E-06,11.1915,0
0.747,7.486076E-05,11.205,0,0.747,-5.404745E-05,11.205,0
0.7479,3.558404E-05,11.2185,0,0.7479,-9.835965E-05,11.2185,0
0.7488,-4.800488E-05,11.232,0,0.7488,-2.517739E-05,11.232,0
0.7497,-3.860533E-05,11.2455,0,0.7497,-3.826963E-05,11.2455,0
0.7506,-1.544213E-05,11.259,0,0.7506,-0.0001265583,11.259,0
0.7515,-5.639734E-05,11.2725,0,0.7515,-2.752728E-05,11.2725,0
0.7524,-4.901198E-05,11.286,0,0.7524,-9.735256E-06,11.286,0
0.7533,8.82887E-05,11.2995,0,0.7533,-8.358892E-05,11.2995,0
0.7542,1.174945E-05,11.313,0,0.7542,-5.337606E-05,11.313,0
0.7551,-6.143282E-05,11.3265,0,0.7551,6.713969E-07,11.3265,0
0.756,-7.922484E-05,11.34,0,0.756,-6.478981E-05,11.34,0
0.7569,-9.298848E-05,11.3535,0,0.7569,-5.371176E-05,11.3535,0
0.7578,-3.524834E-05,11.367,0,0.7578,-8.627451E-05,11.367,0
0.7587,-0.0001245441,11.3805,0,0.7587,-7.486076E-05,11.3805,0
0.7596,-0.0002675517,11.394,0,0.7596,-0.0001258869,11.394,0
0.7605,-0.0001634852,11.4075,0,0.7605,-0.000140322,11.4075,0
0.7614,-3.524834E-05,11.421,0,0.7614,-0.0001309224,11.421,0
0.7623,-0.0001379721,11.4345,0,0.7623,-7.553216E-05,11.4345,0
0.7632,7.385367E-06,11.448,0,0.7632,-8.795301E-05,11.448,0
0.7641,0.0002682231,11.4615,0,0.7641,-7.586786E-05,11.4615,0
0.765,0.0001607996,11.475,0,0.765,2.954147E-05,11.475,0
0.7659,0.0001188373,11.4885,0,0.7659,1.712062E-05,11.4885,0
0.7668,0.0002913863,11.502,0,0.7668,-9.735256E-06,11.502,0
0.7677,0.0002145113,11.5155,0,0.7677,-1.544213E-05,11.5155,0
0.7686,4.36408E-06,11.529,0,0.7686,-1.678492E-06,11.529,0
0.7695,-6.378271E-06,11.5425,0,0.7695,-7.888914E-05,11.5425,0
0.7704,2.1149E-05,11.556,0,0.7704,-0.0001077592,11.556,0
0.7713,1.913481E-05,11.5695,0,0.7713,-0.0001010452,11.5695,0
0.7722,-1.678492E-05,11.583,0,0.7722,-5.706874E-06,11.583,0
0.7731,-8.291753E-05,11.5965,0,0.7731,1.007095E-05,11.5965,0
0.774,-2.987716E-05,11.61,0,0.774,-6.042573E-06,11.61,0
0.7749,-6.713969E-07,11.6235,0,0.7749,-3.659113E-05,11.6235,0
0.7758,-6.109713E-05,11.637,0,0.7758,2.853437E-05,11.637,0
0.7767,-4.229801E-05,11.6505,0,0.7767,2.652018E-05,11.6505,0
0.7776,7.721065E-06,11.664,0,0.7776,-1.342794E-05,11.664,0
0.7785,-7.788205E-05,11.6775,0,0.7785,7.016098E-05,11.6775,0
0.7794,-0.0001067521,11.691,0,0.7794,-2.719158E-05,11.691,0
0.7803,-0.0001097734,11.7045,0,0.7803,-0.0001920195,11.7045,0
0.7812,-0.0001530785,11.718,0,0.7812,-0.0001675135,11.718,0
0.7821,-0.0001607996,11.7315,0,0.7821,-7.351797E-05,11.7315,0
0.783,-0.0001104448,11.745,0,0.783,-1.577783E-05,11.745,0
0.7839,-5.438316E-05,11.7585,0,0.7839,-5.505455E-05,11.7585,0
0.7848,-6.311131E-05,11.772,0,0.7848,-0.0001064164,11.772,0
0.7857,-7.284657E-05,11.7855,0,0.7857,1.409934E-05,11.7855,0
0.7866,-5.807584E-05,11.799,0,0.7866,0.0001097734,11.799,0
0.7875,1.107805E-05,11.8125,0,0.7875,0.0001312581,11.8125,0
0.7884,8.291753E-05,11.826,0,0.7884,0.0001094377,11.826,0
0.7893,-9.567407E-05,11.8395,0,0.7893,0.0001883268,11.8395,0
0.7902,-1.980621E-05,11.853,0,0.7902,0.0001245441,11.853,0
0.7911,0.0001490501,11.8665,0,0.7911,3.189136E-05,11.8665,0
0.792,0.0001285725,11.88,0,0.792,0.000133608,11.88,0
0.7929,0.0003111925,11.8935,0,0.7929,0.0001178302,11.8935,0
0.7938,0.0003189135,11.907,0,0.7938,2.349889E-05,11.907,0
0.7947,7.721065E-05,11.9205,0,0.7947,6.6804E-05,11.9205,0
0.7956,5.706874E-06,11.934,0,0.7956,4.263371E-05,11.934,0
0.7965,5.035477E-06,11.9475,0,0.7965,-1.443504E-05,11.9475,0
0.7974,-0.0001020523,11.961,0,0.7974,-5.841154E-05,11.961,0
0.7983,-5.169757E-05,11.9745,0,0.7983,-0.0001453574,11.9745,0
0.7992,7.318227E-05,11.988,0,0.7992,-5.841154E-05,11.988,0
0.8001,-7.049668E-05,12.0015,0,0.8001,-6.915389E-05,12.0015,0
0.801,-5.304036E-05,12.015,0,0.801,-0.0001017166,12.015,0
0.8019,9.030289E-05,12.0285,0,0.8019,-0.0001121233,12.0285,0
0.8028,-6.042573E-05,12.042,0,0.8028,-4.733349E-05,12.042,0
0.8037,-5.539025E-05,12.0555,0,0.8037,-0.0001047379,12.0555,0
0.8046,8.560311E-05,12.069,0,0.8046,-0.0001440146,12.069,0
0.8055,-2.18204E-05,12.0825,0,0.8055,3.961242E-05,12.0825,0
0.8064,1.040665E-05,12.096,0,0.8064,0.0001510643,12.096,0
0.8073,0.0001144732,12.1095,0,0.8073,4.162661E-05,12.1095,0
0.8082,1.846342E-05,12.123,0,0.8082,4.36408E-05,12.123,0
0.8091,-4.43122E-05,12.1365,0,0.8091,0.0001654994,12.1365,0
0.81,2.1149E-05,12.15,0,0.81,0.0001218585,12.15,0
0.8109,4.263371E-05,12.1635,0,0.8109,2.719158E-05,12.1635,0
0.8118,2.685588E-06,12.177,0,0.8118,-7.653925E-05,12.177,0
0.8127,-7.016098E-05,12.1905,0,0.8127,-5.941863E-05,12.1905,0
0.8136,-0.0001597925,12.204,0,0.8136,-6.243992E-05,12.204,0
0.8145,-6.143282E-05,12.2175,0,0.8145,-8.661021E-05,12.2175,0
0.8154,-2.685588E-06,12.231,0,0.8154,-9.164568E-05,12.231,0
0.8163,-2.719158E-05,12.2445,0,0.8163,-1.712062E-05,12.2445,0
0.8172,5.035477E-05,12.258,0,0.8172,-1.107805E-05,12.258,0
0.8181,0.0002024262,12.2715,0,0.8181,-6.948959E-05,12.2715,0
0.819,0.0001500572,12.285,0,0.819,1.342794E-06,12.285,0
0.8199,8.157473E-05,12.2985,0,0.8199,1.846342E-05,12.2985,0
0.8208,6.277562E-05,12.312,0,0.8208,-0.0001285725,12.312,0
0.8217,8.493171E-05,12.3255,0,0.8217,-0.0001211871,12.3255,0
0.8226,-3.021286E-05,12.339,0,0.8226,-0.0001282368,12.339,0
0.8235,-1.007095E-06,12.3525,0,0.8235,-0.000193698,12.3525,0
0.8244,-6.814679E-05,12.366,0,0.8244,-0.0002786297,12.366,0
0.8253,-3.356985E-05,12.3795,0,0.8253,-0.000369604,12.3795,0
0.8262,-0.0001279011,12.393,0,0.8262,-0.0003034714,12.393,0
0.8271,-0.0002776226,12.4065,0,0.8271,-0.00024271,12.4065,0
0.828,-0.000154757,12.42,0,0.828,-0.0001550927,12.42,0
0.8289,-0.0001386435,12.4335,0,0.8289,-3.793393E-05,12.4335,0
0.8298,-0.0002517739,12.447,0,0.8298,0.0002124971,12.447,0
0.8307,-0.0001225299,12.4605,0,0.8307,0.0003175708,12.4605,0
0.8316,3.591974E-05,12.474,0,0.8316,0.000327306,12.474,0
0.8325,-0.000109102,12.4875,0,0.8325,0.0003756466,12.4875,0
0.8334,-9.332418E-05,12.501,0,0.8334,0.0002769512,12.501,0
0.8343,3.994812E-05,12.5145,0,0.8343,0.0001044022,12.5145,0
0.8352,3.356985E-06,12.528,0,0.8352,2.752728E-05,12.528,0
0.8361,-0.0001111162,12.5415,0,0.8361,5.337606E-05,12.5415,0
0.837,1.242084E-05,12.555,0,0.837,5.706874E-06,12.555,0
0.8379,-6.243992E-05,12.5685,0,0.8379,-3.021286E-05,12.5685,0
0.8388,4.263371E-05,12.582,0,0.8388,-5.136187E-05,12.582,0
0.8397,0.0001178302,12.5955,0,0.8397,-2.349889E-06,12.5955,0
0.8406,0.0001040665,12.609,0,0.8406,-1.309224E-05,12.609,0
0.8415,0.0001708705,12.6225,0,0.8415,-8.728161E-06,12.6225,0
0.8424,0.0002306248,12.636,0,0.8424,2.28275E-05,12.636,0
0.8433,4.36408E-06,12.6495,0,0.8433,-0.0001097734,12.6495,0
0.8442,-5.841154E-05,12.663,0,0.8442,-0.000295079,12.663,0
0.8451,4.49836E-05,12.6765,0,0.8451,-0.0003286488,12.6765,0
0.846,-1.007095E-06,12.69,0,0.846,-0.0001953765,12.69,0
0.8469,-6.881819E-05,12.7035,0,0.8469,-0.0001668421,12.7035,0
0.8478,6.378271E-06,12.717,0,0.8478,-0.0001631495,12.717,0
0.8487,-8.493171E-05,12.7305,0,0.8487,-7.351797E-05,12.7305,0
0.8496,-0.0001554284,12.744,0,0.8496,0.000154757,12.744,0
0.8505,-2.450599E-05,12.7575,0,0.8505,0.0003605402,12.7575,0
0.8514,4.800488E-05,12.771,0,0.8514,0.0003202563,12.771,0
0.8523,-5.438316E-05,12.7845,0,0.8523,0.0001094377,12.7845,0
0.8532,-1.376364E-05,12.798,0,0.8532,4.263371E-05,12.798,0
0.8541,1.510643E-05,12.8115,0,0.8541,-1.477073E-05,12.8115,0
0.855,-2.853437E-05,12.825,0,0.855,-3.356985E-07,12.825,0
0.8559,3.189136E-05,12.8385,0,0.8559,5.874724E-05,12.8385,0
0.8568,-6.982528E-05,12.852,0,0.8568,6.6804E-05,12.852,0
0.8577,-8.89601E-05,12.8655,0,0.8577,-7.586786E-05,12.8655,0
0.8586,4.061952E-05,12.879,0,0.8586,-0.000175906,12.879,0
0.8595001,5.706874E-06,12.8925,0,0.8595001,-7.620356E-05,12.8925,0
0.8604,0.0001379721,12.906,0,0.8604,-0.000119173,12.906,0
0.8613,0.0001312581,12.9195,0,0.8613,-0.0002171969,12.9195,0
0.8622,4.699779E-06,12.933,0,0.8622,-0.0001265583,12.933,0
0.8631,-8.69459E-05,12.9465,0,0.8631,-0.000112459,12.9465,0
0.864,-0.0001520714,12.96,0,0.864,-0.0001080949,12.96,0
0.8649,-0.0001373007,12.9735,0,0.8649,-3.558404E-05,12.9735,0
0.8658,-6.076142E-05,12.987,0,0.8658,-5.001907E-05,12.987,0
0.8667,-9.869535E-05,13.0005,0,0.8667,-5.807584E-05,13.0005,0
0.8676,-0.0001983978,13.014,0,0.8676,-0.0001795987,13.014,0
0.8685,-4.599069E-05,13.0275,0,0.8685,-0.0002370031,13.0275,0
0.8694,-3.121996E-05,13.041,0,0.8694,-0.000119173,13.041,0
0.8703,-0.0001889983,13.0545,0,0.8703,1.510643E-05,13.0545,0
0.8712,-0.0001117876,13.068,0,0.8712,5.337606E-05,13.068,0
0.8721,0.0001460288,13.0815,0,0.8721,6.042573E-05,13.0815,0
0.873,3.558404E-05,13.095,0,0.873,8.258183E-05,13.095,0
0.8739,0.0001644923,13.1085,0,0.8739,0.0001493858,13.1085,0
0.8748,0.0002628519,13.122,0,0.8748,0.0001601282,13.122,0
0.8757,0.0002447242,13.1355,0,0.8757,0.0001359579,13.1355,0
0.8766,6.74754E-05,13.149,0,0.8766,7.251087E-05,13.149,0
0.8775,8.090334E-05,13.1625,0,0.8775,-5.304036E-05,13.1625,0
0.8784,9.231708E-05,13.176,0,0.8784,-7.821774E-05,13.176,0
0.8793,6.344701E-05,13.1895,0,0.8793,-3.793393E-05,13.1895,0
0.8802,1.577783E-05,13.203,0,0.8802,0.000130251,13.203,0
0.8811,-8.526741E-05,13.2165,0,0.8811,7.687495E-05,13.2165,0
0.882,-6.61326E-05,13.23,0,0.882,-5.270466E-05,13.23,0
0.8829,-1.577783E-05,13.2435,0,0.8829,-0.0002413672,13.2435,0
0.8838,-8.090334E-05,13.257,0,0.8838,-0.0004424506,13.257,0
0.8847,-0.0001379721,13.2705,0,0.8847,-0.0006009003,13.2705,0
0.8856,-8.090334E-05,13.284,0,0.8856,-0.0006489052,13.284,0
0.8865,-0.0001292439,13.2975,0,0.8865,-0.0004770276,13.2975,0
0.8874,-0.0001591211,13.311,0,0.8874,-0.0003662471,13.311,0
0.8883,-7.183947E-05,13.3245,0,0.8883,-0.000203769,13.3245,0
0.8892,4.061952E-05,13.338,0,0.8892,0.0003199207,13.338,0
0.8901,-7.956054E-05,13.3515,0,0.8901,0.0008308538,13.3515,0
0.891,-3.356985E-06,13.365,0,0.891,0.0008211185,13.365,0
0.8919,8.89601E-05,13.3785,0,0.8919,0.0006777752,13.3785,0
0.8928,0.0001010452,13.392,0,0.8928,0.0006210422,13.392,0
0.8937,1.577783E-05,13.4055,0,0.8937,0.0005656519,13.4055,0
0.8946,-8.358892E-05,13.419,0,0.8946,0.0002641947,13.419,0
0.8955,1.443504E-05,13.4325,0,0.8955,0.0001607996,13.4325,0
0.8964,3.692683E-06,13.446,0,0.8964,6.61326E-05,13.446,0
0.8973,-0.0001359579,13.4595,0,0.8973,3.524834E-05,13.4595,0
0.8982,-4.867628E-05,13.473,0,0.8982,-2.719158E-05,13.473,0
0.8991,7.318227E-05,13.4865,0,0.8991,-0.0001352865,13.4865,0
0.9,4.666209E-05,13.5,0,0.9,-0.0001816129,13.5,0
0.9009,3.121996E-05,13.5135,0,0.9009,-0.0002195468,13.5135,0
0.9018,6.713969E-06,13.527,0,0.9018,-0.0002682231,13.527,0
0.9027,5.706874E-05,13.5405,0,0.9027,-0.000179263,13.5405,0
0.9036,0.0001201801,13.554,0,0.9036,-7.049668E-06,13.554,0
0.9045,7.956054E-05,13.5675,0,0.9045,-7.116808E-05,13.5675,0
0.9054,-0.0001037308,13.581,0,0.9054,-0.0001846342,13.581,0
0.9063,-3.323415E-05,13.5945,0,0.9063,-0.0002997787,13.5945,0
0.9072,-8.728161E-06,13.608,0,0.9072,-0.0002944076,13.608,0
0.9081,-0.0001044022,13.6215,0,0.9081,-0.0002450599,13.6215,0
0.909,-2.349889E-05,13.635,0,0.909,-0.0002964218,13.635,0
0.9099,3.659113E-05,13.6485,0,0.9099,-0.0002729229,13.6485,0
0.9108,-0.0001319295,13.662,0,0.9108,7.284657E-05,13.662,0
0.9117,-5.941863E-05,13.6755,0,0.9117,0.0001849699,13.6755,0
0.9126,0.0001326009,13.689,0,0.9126,2.047761E-05,13.689,0
0.9135,-4.46479E-05,13.7025,0,0.9135,-3.054856E-05,13.7025,0
0.9144,-0.0001587854,13.716,0,0.9144,-0.0001238727,13.716,0
0.9153,-9.198138E-05,13.7295,0,0.9153,-0.0001822843,13.7295,0
0.9162,-0.0001695277,13.743,0,0.9162,-0.000158114,13.743,0
0.9171,-0.0002628519,13.7565,0,0.9171,-0.0001473716,13.7565,0
0.918,-0.0002218967,13.77,0,0.918,-6.176852E-05,13.77,0
0.9189,-0.0001856413,13.7835,0,0.9189,2.887007E-05,13.7835,0
0.9198,-0.0001497215,13.797,0,0.9198,0.0002897078,13.797,0
0.9207,3.524834E-05,13.8105,0,0.9207,0.0003212634,13.8105,0
0.9216,0.0003558404,13.824,0,0.9216,-3.390555E-05,13.824,0
0.9225,0.0005307393,13.8375,0,0.9225,-0.0001950408,13.8375,0
0.9234,0.0004938125,13.851,0,0.9234,-0.0001285725,13.851,0
0.9243,0.000235996,13.8645,0,0.9243,0.0001352865,13.8645,0
0.9252,0.0001094377,13.878,0,0.9252,9.634547E-05,13.878,0
0.9261,0.0001802701,13.8915,0,0.9261,-1.007095E-06,13.8915,0
0.927,0.0001017166,13.905,0,0.927,0.0003434196,13.905,0
0.9279,5.807584E-05,13.9185,0,0.9279,0.0005495384,13.9185,0
0.9288,8.560311E-05,13.932,0,0.9288,0.0004615854,13.932,0
0.9297,-4.095522E-05,13.9455,0,0.9297,0.0002937362,13.9455,0
0.9306,-9.970245E-05,13.959,0,0.9306,9.097429E-05,13.959,0
0.9315,-0.0001309224,13.9725,0,0.9315,-0.0001775845,13.9725,0
0.9324,-0.0001342794,13.986,0,0.9324,-0.0003041428,13.986,0
0.9333,-6.881819E-05,13.9995,0,0.9333,-0.0003699397,13.9995,0
0.9342,-5.136187E-05,14.013,0,0.9342,-0.0003303273,14.013,0
0.9351,9.164568E-05,14.0265,0,0.9351,-0.0003232776,14.0265,0
0.936,0.0001473716,14.04,0,0.936,-0.0002907149,14.04,0
0.9369,3.189136E-05,14.0535,0,0.9369,-0.0002034333,14.0535,0
0.9378,-7.721065E-05,14.067,0,0.9378,-1.376364E-05,14.067,0
0.9387,-1.477073E-05,14.0805,0,0.9387,1.443504E-05,14.0805,0
0.9396001,3.994812E-05,14.094,0,0.9396001,-2.719158E-05,14.094,0
0.9405,-5.941863E-05,14.1075,0,0.9405,0.0002198825,14.1075,0
0.9414001,-5.069047E-05,14.121,0,0.9414001,0.0003524834,14.121,0
0.9423,1.174945E-05,14.1345,0,0.9423,0.0001802701,14.1345,0
0.9432001,-0.0001923552,14.148,0,0.9432001,-2.819867E-05,14.148,0
0.9441,-0.0003461051,14.1615,0,0.9441,-0.0002719158,14.1615,0
0.9450001,-0.0002151827,14.175,0,0.9450001,-0.000340734,14.175,0
0.9459,-0.0001507286,14.1885,0,0.9459,-0.0002796368,14.1885,0
0.9468,-5.337606E-05,14.202,0,0.9468,-0.0002682231,14.202,0
0.9477,-7.318227E-05,14.2155,0,0.9477,-0.0001812772,14.2155,0
0.9486,-0.0001064164,14.229,0,0.9486,-8.358892E-05,14.229,0
0.9495,0.0001574426,14.2425,0,0.9495,2.1149E-05,14.2425,0
0.9504,0.0003205921,14.256,0,0.9504,0.0002101472,14.256,0
0.9513,0.0001379721,14.2695,0,0.9513,0.0002558022,14.2695,0
0.9522,8.023193E-05,14.283,0,0.9522,0.0001930266,14.283,0
0.9531,0.0001574426,14.2965,0,0.9531,0.0002178683,14.2965,0
0.954,9.365987E-05,14.31,0,0.954,0.0002621805,14.31,0
0.9549,7.956054E-05,14.3235,0,0.9549,0.0001527428,14.3235,0
0.9558,0.000109102,14.337,0,0.9558,-5.740444E-05,14.337,0
0.9567,-3.289845E-05,14.3505,0,0.9567,-0.0002366674,14.3505,0
0.9576,-0.0001379721,14.364,0,0.9576,-0.0002178683,14.364,0
0.9585,-0.0001040665,14.3775,0,0.9585,-0.0002621805,14.3775,0
0.9594,-4.095522E-05,14.391,0,0.9594,-0.0002890364,14.391,0
0.9603,-1.275654E-05,14.4045,0,0.9603,-0.0002500954,14.4045,0
0.9612,-9.063859E-06,14.418,0,0.9612,-0.0001044022,14.418,0
0.9621,5.471885E-05,14.4315,0,0.9621,0.0002655375,14.4315,0
0.963,-1.107805E-05,14.445,0,0.963,0.0003837034,14.445,0
0.9639,3.726253E-05,14.4585,0,0.9639,8.258183E-05,14.4585,0
0.9648,-3.524834E-05,14.472,0,0.9648,0.0001359579,14.472,0
0.9657,7.284657E-05,14.4855,0,0.9657,8.82887E-05,14.4855,0
0.9666,0.0001433432,14.499,0,0.9666,-5.102617E-05,14.499,0
0.9675,-0.0001003738,14.5125,0,0.9675,-6.378271E-05,14.5125,0
0.9684,-0.0001430075,14.526,0,0.9684,-0.0001148089,14.526,0
0.9693,-7.553216E-05,14.5395,0,0.9693,-0.0002799725,14.5395,0
0.9702,-0.0001205158,14.553,0,0.9702,-0.0003360342,14.553,0
0.9711,-8.392462E-05,14.5665,0,0.9711,-0.0003595331,14.5665,0
0.972,-8.258183E-05,14.58,0,0.972,-0.0004263371,14.58,0
0.9729,-6.478981E-05,14.5935,0,0.9729,-0.0003951171,14.5935,0
0.9738,0.000112459,14.607,0,0.9738,-0.0002742657,14.607,0
0.9747,5.941863E-05,14.6205,0,0.9747,0.0001524071,14.6205,0
0.9756,-4.733349E-05,14.634,0,0.9756,0.0005837796,14.634,0
0.9765,5.035477E-06,14.6475,0,0.9765,0.000689189,14.6475,0
0.9774,2.383459E-05,14.661,0,0.9774,0.0004535287,14.661,0
0.9783,-0.0001373007,14.6745,0,0.9783,0.0002977645,14.6745,0
0.9792,-5.505455E-05,14.688,0,0.9792,0.0001769131,14.688,0
0.9801,8.96315E-05,14.7015,0,0.9801,-3.323415E-05,14.7015,0
0.981,-8.426032E-05,14.715,0,0.981,-8.82887E-05,14.715,0
0.9819,-5.270466E-05,14.7285,0,0.9819,-0.0001849699,14.7285,0
0.9828,4.36408E-06,14.742,0,0.9828,-0.0001577783,14.742,0
0.9837,-0.0001117876,14.7555,0,0.9837,6.243992E-05,14.7555,0
0.9846,-7.922484E-05,14.769,0,0.9846,7.620356E-05,14.769,0
0.9855,7.754635E-05,14.7825,0,0.9855,-0.0001218585,14.7825,0
0.9864,0.0001607996,14.796,0,0.9864,-0.0002544594,14.796,0
0.9873,0.0001809415,14.8095,0,0.9873,-0.0002615091,14.8095,0
0.9882,0.0001299153,14.823,0,0.9882,-0.0001453574,14.823,0
0.9891,4.699779E-05,14.8365,0,0.9891,1.409934E-05,14.8365,0
0.99,3.591974E-05,14.85,0,0.99,0.0002746014,14.85,0
0.9909,-2.18204E-05,14.8635,0,0.9909,0.0003252918,14.8635,0
0.9918,-0.0001950408,14.877,0,0.9918,0.0001795987,14.877,0
0.9927,-1.242084E-05,14.8905,0,0.9927,-2.014191E-05,14.8905,0
0.9936,0.0002662089,14.904,0,0.9936,-0.0002417029,14.904,0
0.9945,0.000148043,14.9175,0,0.9945,-0.0001171588,14.9175,0
0.9954,6.042573E-06,14.931,0,0.9954,-5.069047E-05,14.931,0
0.9963,-1.342794E-06,14.9445,0,0.9963,-0.0001218585,14.9445,0
0.9972,-4.733349E-05,14.958,0,0.9972,-0.0001171588,14.958,0
0.9981,-0.0001507286,14.9715,0,0.9981,-0.0002467384,14.9715,0
0.999,3.692683E-06,14.985,0,0.999,-0.0003743038,14.985,0
0.9999,2.1149E-05,14.9985,0,0.9999,-0.00039411,14.9985,0
1.0008,8.358892E-05,15.012,0,1.0008,-0.0004260014,15.012,0
1.0017,6.713969E-07,15.0255,0,1.0017,-0.0004176089,15.0255,0
1.0026,3.021286E-05,15.039,0,1.0026,-0.0002957504,15.039,0
1.0035,4.162661E-05,15.0525,0,1.0035,-6.042573E-05,15.0525,0
1.0044,-5.270466E-05,15.066,0,1.0044,-8.560311E-05,15.066,0
1.0053,-0.0001272297,15.0795,0,1.0053,5.471885E-05,15.0795,0
1.0062,-7.553216E-05,15.093,0,1.0062,0.0002769512,15.093,0
1.0071,-2.484169E-05,15.1065,0,1.0071,0.0006871748,15.1065,0
1.008,-0.0001003738,15.12,0,1.008,0.001009445,15.12,0
1.0089,-9.835965E-05,15.1335,0,1.0089,0.0007408865,15.1335,0
1.0098,-7.888914E-05,15.147,0,1.0098,0.0004706493,15.147,0
1.0107,-9.164568E-05,15.1605,0,1.0107,0.0002339818,15.1605,0
1.0116,-0.0001225299,15.174,0,1.0116,-3.390555E-05,15.174,0
1.0125,-1.779202E-05,15.1875,0,1.0125,-4.33051E-05,15.1875,0
1.0134,-4.867628E-05,15.201,0,1.0134,-0.0001211871,15.201,0
1.0143,5.001907E-05,15.2145,0,1.0143,-0.0002259251,15.2145,0
1.0152,4.934768E-05,15.228,0,1.0152,-0.0001423362,15.228,0
1.0161,-0.0001809415,15.2415,0,1.0161,-0.0001201801,15.2415,0
1.017,-5.035477E-05,15.255,0,1.017,-0.0001876554,15.255,0
1.0179,6.61326E-05,15.2685,0,1.0179,-0.0002064546,15.2685,0
1.0188,-0.0001524071,15.282,0,1.0188,-0.0001577783,15.282,0
1.0197,-9.701686E-05,15.2955,0,1.0197,-0.0001967193,15.2955,0
1.0206,8.291753E-05,15.309,0,1.0206,-0.0002373388,15.309,0
1.0215,-5.673304E-05,15.3225,0,1.0215,-7.418937E-05,15.3225,0
1.0224,6.915389E-05,15.336,0,1.0224,4.53193E-05,15.336,0
1.0233,0.000161471,15.3495,0,1.0233,-9.063859E-06,15.3495,0
1.0242,-6.277562E-05,15.363,0,1.0242,-5.706874E-06,15.363,0
1.0251,-0.0001312581,15.3765,0,1.0251,8.392462E-06,15.3765,0
1.026,-6.143282E-05,15.39,0,1.026,-4.800488E-05,15.39,0
1.0269,2.752728E-05,15.4035,0,1.0269,-0.0001564355,15.4035,0
1.0278,5.371176E-06,15.417,0,1.0278,-0.0002594949,15.417,0
1.0287,7.586786E-05,15.4305,0,1.0287,-0.0001779202,15.4305,0
1.0296,0.0001795987,15.444,0,1.0296,-9.164568E-05,15.444,0
1.0305,6.54612E-05,15.4575,0,1.0305,-0.0001144732,15.4575,0
1.0314,4.129091E-05,15.471,0,1.0314,-0.0001201801,15.471,0
1.0323,-3.927672E-05,15.4845,0,1.0323,1.477073E-05,15.4845,0
1.0332,-4.061952E-05,15.498,0,1.0332,-0.0001265583,15.498,0
1.0341,7.687495E-05,15.5115,0,1.0341,-0.0003367056,15.5115,0
1.035,6.814679E-05,15.525,0,1.035,-0.0001775845,15.525,0
1.0359,-3.692683E-06,15.5385,0,1.0359,-1.376364E-05,15.5385,0
1.0368,0.0001111162,15.552,0,1.0368,0.0001252155,15.552,0
1.0377,1.678492E-05,15.5655,0,1.0377,0.000288365,15.5655,0
1.0386,1.577783E-05,15.579,0,1.0386,0.0002440528,15.579,0
1.0395,1.376364E-05,15.5925,0,1.0395,0.0001188373,15.5925,0
1.0404,-1.376364E-05,15.606,0,1.0404,-4.129091E-05,15.606,0
1.0413,-3.927672E-05,15.6195,0,1.0413,-0.0002880293,15.6195,0
1.0422,-6.109713E-05,15.633,0,1.0422,-5.270466E-05,15.633,0
1.0431,-0.0001027237,15.6465,0,1.0431,0.0002218967,15.6465,0
1.044,-8.157473E-05,15.66,0,1.044,0.0003424124,15.66,0
1.0449,-0.0001383078,15.6735,0,1.0449,0.0002198825,15.6735,0
1.0458,-0.0001876554,15.687,0,1.0458,0.0003283131,15.687,0
1.0467,-5.404745E-05,15.7005,0,1.0467,0.0003877317,15.7005,0
1.0476,1.846342E-05,15.714,0,1.0476,0.000190341,15.714,0
1.0485,-3.323415E-05,15.7275,0,1.0485,0.0001138018,15.7275,0
1.0494,0.0001802701,15.741,0,1.0494,-6.713969E-07,15.741,0
1.0503,0.0003266346,15.7545,0,1.0503,-0.0001326009,15.7545,0
1.0512,0.0002383459,15.768,0,1.0512,-0.0001228656,15.768,0
1.0521,0.0001430075,15.7815,0,1.0521,-7.553216E-05,15.7815,0
1.053,0.0001604639,15.795,0,1.053,-6.61326E-05,15.795,0
1.0539,6.009003E-05,15.8085,0,1.0539,-6.378271E-05,15.8085,0
1.0548,6.143282E-05,15.822,0,1.0548,-0.0001416648,15.822,0
1.0557,2.450599E-05,15.8355,0,1.0557,-9.869535E-05,15.8355,0
1.0566,-0.0001728847,15.849,0,1.0566,-8.996719E-05,15.849,0
1.0575,-0.0001252155,15.8625,0,1.0575,-0.0001258869,15.8625,0
1.0584,-7.586786E-05,15.876,0,1.0584,-0.0002312963,15.876,0
1.0593,-0.000161471,15.8895,0,1.0593,-0.0002171969,15.8895,0
1.0602,-9.332418E-05,15.903,0,1.0602,-0.000189334,15.903,0
1.0611,9.063859E-06,15.9165,0,1.0611,-0.0002353246,15.9165,0
1.062,-9.735256E-05,15.93,0,1.062,-0.0001010452,15.93,0
1.0629,-0.0001315938,15.9435,0,1.0629,2.954147E-05,15.9435,0
1.0638,-8.996719E-05,15.957,0,1.0638,5.673304E-05,15.957,0
1.0647,-8.090334E-05,15.9705,0,1.0647,0.0001399863,15.9705,0
1.0656,-0.0001618067,15.984,0,1.0656,0.0001675135,15.984,0
1.0665,-0.0001127947,15.9975,0,1.0665,7.150377E-05,15.9975,0
1.0674,-3.524834E-05,16.011,0,1.0674,2.383459E-05,16.011,0
1.0683,0.0001262226,16.0245,0,1.0683,-8.291753E-05,16.0245,0
1.0692,0.000256138,16.038,0,1.0692,-0.0001315938,16.038,0
1.0701,0.0001138018,16.0515,0,1.0701,-0.0002269322,16.0515,0
1.071,2.047761E-05,16.065,0,1.071,-0.0002897078,16.065,0
1.0719,0.000105745,16.0785,0,1.0719,-0.0002292821,16.0785,0
1.0728,3.726253E-05,16.092,0,1.0728,0.0001822843,16.092,0
1.0737,1.544213E-05,16.1055,0,1.0737,0.0003004501,16.1055,0
1.0746,8.392462E-06,16.119,0,1.0746,0.0001174945,16.119,0
1.0755,-4.53193E-05,16.1325,0,1.0755,0.000119173,16.1325,0
1.0764,4.229801E-05,16.146,0,1.0764,-1.242084E-05,16.146,0
1.0773,1.846342E-05,16.1595,0,1.0773,-0.0002027619,16.1595,0
1.0782,-5.673304E-05,16.173,0,1.0782,-0.0001352865,16.173,0
1.0791,-2.014191E-06,16.1865,0,1.0791,-0.0001064164,16.1865,0
1.08,8.023193E-05,16.2,0,1.08,-8.023193E-05,16.2,0
1.0809,0.0001164874,16.2135,0,1.0809,0.0001406577,16.2135,0
1.0818,9.365987E-05,16.227,0,1.0818,0.0001339437,16.227,0
1.0827,-6.61326E-05,16.2405,0,1.0827,-2.853437E-05,16.2405,0
1.0836,-0.0002178683,16.254,0,1.0836,-0.0002171969,16.254,0
1.0845,-0.0001621424,16.2675,0,1.0845,-0.0003994812,16.2675,0
1.0854,-0.000207126,16.281,0,1.0854,-0.000443122,16.281,0
1.0863,-0.0003316701,16.2945,0,1.0863,-0.0003897459,16.2945,0
1.0872,-0.0002336461,16.308,0,1.0872,-0.0003199207,16.308,0
1.0881,-0.0001265583,16.3215,0,1.0881,2.349889E-06,16.3215,0
1.089,-0.0001487144,16.335,0,1.089,0.0003880674,16.335,0
1.0899,6.814679E-05,16.3485,0,1.0899,0.0005045548,16.3485,0
1.0908,0.0001393149,16.362,0,1.0908,0.0005690089,16.362,0
1.0917,6.378271E-06,16.3755,0,1.0917,0.0006549477,16.3755,0
1.0926,-0.0001540856,16.389,0,1.0926,0.0005092546,16.389,0
1.0935,-0.0001000381,16.4025,0,1.0935,0.0002326391,16.4025,0
1.0944,-1.040665E-05,16.416,0,1.0944,8.627451E-05,16.416,0
1.0953,7.284657E-05,16.4295,0,1.0953,-3.927672E-05,16.4295,0
1.0962,5.673304E-05,16.443,0,1.0962,-0.0002151827,16.443,0
1.0971,-0.000119173,16.4565,0,1.0971,-0.0003531548,16.4565,0
1.098,-0.0001571069,16.47,0,1.098,-0.0003873961,16.47,0
1.0989,-9.701686E-05,16.4835,0,1.0989,-0.0004424506,16.4835,0
1.0998,-0.0001242084,16.497,0,1.0998,-0.000274937,16.497,0
1.1007,-6.54612E-05,16.5105,0,1.1007,-0.0001245441,16.5105,0
1.1016,0.0002212253,16.524,0,1.1016,1.107805E-05,16.524,0
1.1025,0.0002138399,16.5375,0,1.1025,0.0002709087,16.5375,0
1.1034,0.0001527428,16.551,0,1.1034,0.0001621424,16.551,0
1.1043,0.0002044404,16.5645,0,1.1043,2.18204E-05,16.5645,0
1.1052,0.0001433432,16.578,0,1.1052,2.517739E-05,16.578,0
1.1061,-3.021286E-06,16.5915,0,1.1061,4.666209E-05,16.5915,0
1.107,5.706874E-06,16.605,0,1.107,-2.081331E-05,16.605,0
1.1079,-9.399558E-06,16.6185,0,1.1079,-9.567407E-05,16.6185,0
1.1088,-2.014191E-06,16.632,0,1.1088,-0.0001775845,16.632,0
1.1097,-9.164568E-05,16.6455,0,1.1097,-9.668116E-05,16.6455,0
1.1106,-8.459602E-05,16.659,0,1.1106,-5.438316E-05,16.659,0
1.1115,-1.980621E-05,16.6725,0,1.1115,-3.189136E-05,16.6725,0
1.1124,4.733349E-05,16.686,0,1.1124,4.028382E-05,16.686,0
1.1133,2.18204E-05,16.6995,0,1.1133,0.0002051118,16.6995,0
1.1142,7.721065E-06,16.713,0,1.1142,0.000105745,16.713,0
1.1151,6.848249E-05,16.7265,0,1.1151,-3.591974E-05,16.7265,0
1.116,6.713969E-07,16.74,0,1.116,0.0001077592,16.74,0
1.1169,-7.418937E-05,16.7535,0,1.1169,-7.049668E-06,16.7535,0
1.1178,-0.0001252155,16.767,0,1.1178,-9.903105E-05,16.767,0
1.1187,-9.399557E-05,16.7805,0,1.1187,-9.903105E-05,16.7805,0
1.1196,-6.915389E-05,16.794,0,1.1196,-0.0001654994,16.794,0
1.1205,-8.123904E-05,16.8075,0,1.1205,-0.0001889983,16.8075,0
1.1214,-5.673304E-05,16.821,0,1.1214,-0.0002682231,16.821,0
1.1223,9.030289E-05,16.8345,0,1.1223,-0.0003638972,16.8345,0
1.1232,5.236896E-05,16.848,0,1.1232,-0.0003803464,16.848,0
1.1241,1.812772E-05,16.8615,0,1.1241,-0.0003209277,16.8615,0
1.125,5.606165E-05,16.875,0,1.125,-0.0002903792,16.875,0
1.1259,0.0001443503,16.8885,0,1.1259,-0.0002239109,16.8885,0
1.1268,-1.779202E-05,16.902,0,1.1268,-4.46479E-05,16.902,0
1.1277,-4.599069E-05,16.9155,0,1.1277,0.0001117876,16.9155,0
1.1286,1.242084E-05,16.929,0,1.1286,0.0001839628,16.929,0
1.1295,-7.553216E-05,16.9425,0,1.1295,0.0004817273,16.9425,0
1.1304,-3.524834E-05,16.956,0,1.1304,0.0006381628,16.956,0
1.1313,9.802396E-05,16.9695,0,1.1313,0.0003474479,16.9695,0
1.1322,-7.754635E-05,16.983,0,1.1322,0.0002225681,16.983,0
1.1331,-0.0001131304,16.9965,0,1.1331,0.0002803082,16.9965,0
1.134,-3.793393E-05,17.01,0,1.134,0.0002259251,17.01,0
1.1349,-3.927672E-05,17.0235,0,1.1349,0.0002225681,17.0235,0
1.1358,2.987716E-05,17.037,0,1.1358,0.0001795987,17.037,0
1.1367,9.365987E-05,17.0505,0,1.1367,0.0001349508,17.0505,0
1.1376,1.712062E-05,17.064,0,1.1376,0.0001594568,17.064,0
1.1385,4.061952E-05,17.0775,0,1.1385,8.224613E-05,17.0775,0
1.1394,0.0001010452,17.091,0,1.1394,-0.0001047379,17.091,0
1.1403,-7.586786E-05,17.1045,0,1.1403,-5.841154E-05,17.1045,0
1.1412,-7.553216E-05,17.118,0,1.1412,-5.673304E-05,17.118,0
1.1421,3.994812E-05,17.1315,0,1.1421,-0.0001520714,17.1315,0
1.143,-3.659113E-05,17.145,0,1.143,-0.0001413291,17.145,0
1.1439,-0.0001312581,17.1585,0,1.1439,-0.0001735561,17.1585,0
1.1448,-8.358892E-05,17.172,0,1.1448,-0.0002289464,17.172,0
1.1457,4.46479E-05,17.1855,0,1.1457,-0.0001507286,17.1855,0
1.1466,-9.265278E-05,17.199,0,1.1466,-0.0001816129,17.199,0
1.1475,-0.0001010452,17.2125,0,1.1475,-0.0002024262,17.2125,0
1.1484,1.980621E-05,17.226,0,1.1484,-0.000185977,17.226,0
1.1493,3.692683E-05,17.2395,0,1.1493,-0.00027393,17.2395,0
1.1502,3.390555E-05,17.253,0,1.1502,-0.0002265965,17.253,0
1.1511,-9.399557E-05,17.2665,0,1.1511,-0.0002702373,17.2665,0
1.152,1.242084E-05,17.28,0,1.152,-0.0003353628,17.28,0
1.1529,0.0001856413,17.2935,0,1.1529,-0.0002611734,17.2935,0
1.1538,1.007095E-06,17.307,0,1.1538,4.46479E-05,17.307,0
1.1547,5.941863E-05,17.3205,0,1.1547,0.0002927291,17.3205,0
1.1556,0.0002789654,17.334,0,1.1556,0.000105745,17.334,0
1.1565,0.0003111925,17.3475,0,1.1565,0.0001940337,17.3475,0
1.1574,0.0004696422,17.361,0,1.1574,0.0001366293,17.361,0
1.1583,0.0002306248,17.3745,0,1.1583,-3.692683E-05,17.3745,0
1.1592,1.443504E-05,17.388,0,1.1592,-3.591974E-05,17.388,0
1.1601,8.560311E-05,17.4015,0,1.1601,-3.121996E-05,17.4015,0
1.161,0.0001138018,17.415,0,1.161,-6.478981E-05,17.415,0
1.1619,0.0001443503,17.4285,0,1.1619,-0.000102388,17.4285,0
1.1628,0.0001554284,17.442,0,1.1628,-0.0003504692,17.442,0
1.1637,6.61326E-05,17.4555,0,1.1637,-0.0004061952,17.4555,0
1.1646,-0.0001037308,17.469,0,1.1646,-0.0004441291,17.469,0
1.1655,-0.0001809415,17.4825,0,1.1655,-0.000482063,17.4825,0
1.1664,-0.0002464027,17.496,0,1.1664,-0.0002084688,17.496,0
1.1673,-0.0002484169,17.5095,0,1.1673,0.0004394293,17.5095,0
1.1682,-0.0002084688,17.523,0,1.1682,0.000731487,17.523,0
1.1691,-0.0001047379,17.5365,0,1.1691,0.0005152972,17.5365,0
1.17,-0.0001879911,17.55,0,1.17,0.0004347295,17.55,0
1.1709,-0.0002057832,17.5635,0,1.1709,0.0003259632,17.5635,0
1.1718,-3.256275E-05,17.577,0,1.1718,0.0001930266,17.577,0
1.1727,-9.869535E-05,17.5905,0,1.1727,0.0001346151,17.5905,0
1.1736,-0.0002537881,17.604,0,1.1736,8.023193E-05,17.604,0
1.1745,-0.0001983978,17.6175,0,1.1745,-2.349889E-05,17.6175,0
1.1754,-0.000175906,17.631,0,1.1754,-0.0001661708,17.631,0
1.1763,-0.0001218585,17.6445,0,1.1763,-0.0001654994,17.6445,0
1.1772,1.712062E-05,17.658,0,1.1772,-2.618448E-05,17.658,0
1.1781,0.0001138018,17.6715,0,1.1781,-1.846342E-05,17.6715,0
1.179,2.551309E-05,17.685,0,1.179,-0.0001467002,17.685,0
1.1799,4.599069E-05,17.6985,0,1.1799,-0.0001940337,17.6985,0
1.1808,-3.356985E-07,17.712,0,1.1808,-0.0001010452,17.712,0
1.1817,5.941863E-05,17.7255,0,1.1817,-0.0001722133,17.7255,0
1.1826,0.0001232013,17.739,0,1.1826,-0.000190341,17.739,0
1.1835,5.337606E-05,17.7525,0,1.1835,-4.599069E-05,17.7525,0
1.1844,-4.095522E-05,17.766,0,1.1844,6.478981E-05,17.766,0
1.1853,4.53193E-05,17.7795,0,1.1853,-2.18204E-05,17.7795,0
1.1862,6.411841E-05,17.793,0,1.1862,-0.0001084306,17.793,0
1.1871,-0.0001258869,17.8065,0,1.1871,-0.0001816129,17.8065,0
1.188,-0.0001033951,17.82,0,1.188,-0.0001497215,17.82,0
1.1889,-3.726253E-05,17.8335,0,1.1889,-3.189136E-05,17.8335,0
1.1898,2.24918E-05,17.847,0,1.1898,4.766919E-05,17.847,0
1.1907,-1.275654E-05,17.8605,0,1.1907,0.000203769,17.8605,0
1.1916,1.107805E-05,17.874,0,1.1916,5.236896E-05,17.874,0
1.1925,3.860533E-05,17.8875,0,1.1925,-0.0001134661,17.8875,0
1.1934,-3.256275E-05,17.901,0,1.1934,-0.0001054093,17.901,0
1.1943,-6.277562E-05,17.9145,0,1.1943,8.728161E-06,17.9145,0
1.1952,7.620356E-05,17.928,0,1.1952,-2.517739E-05,17.928,0
1.1961,9.097429E-05,17.9415,0,1.1961,-5.102617E-05,17.9415,0
1.197,-5.874724E-05,17.955,0,1.197,6.277562E-05,17.955,0
1.1979,-8.72816E-05,17.9685,0,1.1979,3.189136E-05,17.9685,0
1.1988,-2.450599E-05,17.982,0,1.1988,-0.0001279011,17.982,0
1.1997,-0.0001413291,17.9955,0,1.1997,-0.0001587854,17.9955,0
1.2006,-0.0001228656,18.009,0,1.2006,-8.795301E-05,18.009,0
1.2015,-3.826963E-05,18.0225,0,1.2015,-9.130999E-05,18.0225,0
1.2024,-2.652018E-05,18.036,0,1.2024,4.129091E-05,18.036,0
1.2033,-1.242084E-05,18.0495,0,1.2033,-6.478981E-05,18.0495,0
1.2042,5.169757E-05,18.063,0,1.2042,-0.0001641566,18.063,0
1.2051,5.539025E-05,18.0765,0,1.2051,-0.0001685206,18.0765,0
1.206,5.941863E-05,18.09,0,1.206,-8.493171E-05,18.09,0
1.2069,0.0001285725,18.1035,0,1.2069,-9.130999E-05,18.1035,0
1.2078,9.365987E-05,18.117,0,1.2078,9.466698E-05,18.117,0
1.2087,7.486076E-05,18.1305,0,1.2087,6.344701E-05,18.1305,0
1.2096,0.0001430075,18.144,0,1.2096,-0.0001822843,18.144,0
1.2105,-1.712062E-05,18.1575,0,1.2105,-0.0002145113,18.1575,0
1.2114,-3.256275E-05,18.171,0,1.2114,-0.0001104448,18.171,0
1.2123,0.0001285725,18.1845,0,1.2123,0.0001983978,18.1845,0
1.2132,-9.433127E-05,18.198,0,1.2132,0.0005095903,18.198,0
1.2141,-0.000175906,18.2115,0,1.2141,0.000542153,18.2115,0
1.215,-0.0001007095,18.225,0,1.215,0.000509926,18.225,0
1.2159,-0.000109102,18.2385,0,1.2159,0.0003669185,18.2385,0
1.2168,-3.994812E-05,18.252,0,1.2168,0.0001621424,18.252,0
1.2177,-8.493171E-05,18.2655,0,1.2177,8.761731E-05,18.2655,0
1.2186,-4.061952E-05,18.279,0,1.2186,9.735256E-06,18.279,0
1.2195,4.061952E-05,18.2925,0,1.2195,-1.174945E-05,18.2925,0
1.2204,9.298848E-05,18.306,0,1.2204,-5.203327E-05,18.306,0
1.2213,8.258183E-05,18.3195,0,1.2213,-2.21561E-05,18.3195,0
1.2222,6.948959E-05,18.333,0,1.2222,-4.39765E-05,18.333,0
1.2231,0.0002319677,18.3465,0,1.2231,-0.0001399863,18.3465,0
1.224,0.0001873197,18.36,0,1.224,-7.620356E-05,18.36,0
1.2249,-4.699779E-06,18.3735,0,1.2249,-9.701686E-05,18.3735,0
1.2258,-9.097429E-05,18.387,0,1.2258,-0.000345098,18.387,0
1.2267,2.316319E-05,18.4005,0,1.2267,-0.0002648661,18.4005,0
1.2276,-4.129091E-05,18.414,0,1.2276,-7.888914E-05,18.414,0
1.2285,-0.0001228656,18.4275,0,1.2285,-0.0001211871,18.4275,0
1.2294,-7.284657E-05,18.441,0,1.2294,-0.0001272297,18.441,0
1.2303,9.063859E-05,18.4545,0,1.2303,-0.0001252155,18.4545,0
1.2312,-7.016098E-05,18.468,0,1.2312,-9.768826E-05,18.468,0
1.2321,-0.000130251,18.4815,0,1.2321,-0.0001134661,18.4815,0
1.233,4.263371E-05,18.495,0,1.233,-0.0001148089,18.495,0
1.2339,-3.021286E-06,18.5085,0,1.2339,3.457694E-05,18.5085,0
1.2348,-0.0001849699,18.522,0,1.2348,4.934768E-05,18.522,0
1.2357,-0.0002111543,18.5355,0,1.2357,-0.0002014191,18.5355,0
1.2366,-0.0001121233,18.549,0,1.2366,-0.0003467765,18.549,0
1.2375,-0.0001084306,18.5625,0,1.2375,-0.0002534524,18.5625,0
1.2384,-7.922484E-05,18.576,0,1.2384,-0.0002088045,18.576,0
1.2393,0.0002420386,18.5895,0,1.2393,2.652018E-05,18.5895,0
1.2402,0.00024271,18.603,0,1.2402,0.000457557,18.603,0
1.2411,0.0001910124,18.6165,0,1.2411,0.0005743801,18.6165,0
1.242,0.000281651,18.63,0,1.242,0.0002400244,18.63,0
1.2429,0.0001319295,18.6435,0,1.2429,0.0001248798,18.6435,0
1.2438,4.766919E-05,18.657,0,1.2438,6.311131E-05,18.657,0
1.2447,-1.342794E-06,18.6705,0,1.2447,4.028382E-05,18.6705,0
1.2456,-0.000126894,18.684,0,1.2456,1.678492E-05,18.684,0
1.2465,-0.0001044022,18.6975,0,1.2465,-0.000144686,18.6975,0
1.2474,-3.021286E-06,18.711,0,1.2474,-0.0002474098,18.711,0
1.2483,-5.639734E-05,18.7245,0,1.2483,-0.0002044404,18.7245,0
1.2492,3.860533E-05,18.738,0,1.2492,-0.0002077974,18.738,0
1.2501,5.169757E-05,18.7515,0,1.2501,-0.0004004883,18.7515,0
1.251,-0.0001104448,18.765,0,1.251,-0.0003739681,18.765,0
1.2519,-0.0001252155,18.7785,0,1.2519,-0.0001705348,18.7785,0
1.2528,-7.418937E-05,18.792,0,1.2528,-7.989624E-05,18.792,0
1.2537,2.987716E-05,18.8055,0,1.2537,1.409934E-05,18.8055,0
1.2546,-4.699779E-06,18.819,0,1.2546,0.0002715801,18.819,0
1.2555,-5.807584E-05,18.8325,0,1.2555,0.0004723278,18.8325,0
1.2564,-8.89601E-05,18.846,0,1.2564,0.0004216373,18.846,0
1.2573,-0.0001822843,18.8595,0,1.2573,0.0001285725,18.8595,0
1.2582,-9.768826E-05,18.873,0,1.2582,0.0001809415,18.873,0
1.2591,-7.150377E-05,18.8865,0,1.2591,7.922484E-05,18.8865,0
1.26,3.356985E-07,18.9,0,1.26,-7.721065E-06,18.9,0
1.2609,0.0001487144,18.9135,0,1.2609,-0.0001000381,18.9135,0
1.2618,0.0001017166,18.927,0,1.2618,-0.0001413291,18.927,0
1.2627,6.61326E-05,18.9405,0,1.2627,-0.0002608377,18.9405,0
1.2636,4.766919E-05,18.954,0,1.2636,-0.000239353,18.954,0
1.2645,-6.076142E-05,18.9675,0,1.2645,-8.224613E-05,18.9675,0
1.2654,-3.356985E-07,18.981,0,1.2654,4.39765E-05,18.981,0
1.2663,-2.21561E-05,18.9945,0,1.2663,9.735256E-05,18.9945,0
1.2672,3.189136E-05,19.008,0,1.2672,5.505455E-05,19.008,0
1.2681,2.685588E-06,19.0215,0,1.2681,8.090334E-05,19.0215,0
1.269,6.78111E-05,19.035,0,1.269,5.606165E-05,19.035,0
1.2699,0.0001285725,19.0485,0,1.2699,-1.846342E-05,19.0485,0
1.2708,0.0001265583,19.062,0,1.2708,-0.0001104448,19.062,0
1.2717,-4.196231E-05,19.0755,0,1.2717,5.572595E-05,19.0755,0
1.2726,-0.0001681849,19.089,0,1.2726,3.189136E-05,19.089,0
1.2735,-5.941863E-05,19.1025,0,1.2735,-3.189136E-05,19.1025,0
1.2744,-7.251087E-05,19.116,0,1.2744,-0.0001661708,19.116,0
1.2753,-0.0002440528,19.1295,0,1.2753,-0.0001654994,19.1295,0
1.2762,-0.0001638209,19.143,0,1.2762,-0.0001426719,19.143,0
1.2771,-5.069047E-05,19.1565,0,1.2771,-0.0002450599,19.1565,0
1.278,-0.0001540856,19.17,0,1.278,-0.0002081331,19.17,0
1.2789,-6.74754E-05,19.1835,0,1.2789,-0.0001352865,19.1835,0
1.2798,3.356985E-07,19.197,0,1.2798,-8.056764E-05,19.197,0
1.2807,9.835965E-05,19.2105,0,1.2807,5.539025E-05,19.2105,0
1.2816,9.231708E-05,19.224,0,1.2816,8.426032E-05,19.224,0
1.2825,1.342794E-05,19.2375,0,1.2825,-2.081331E-05,19.2375,0
1.2834,-9.634547E-05,19.251,0,1.2834,1.510643E-05,19.251,0
1.2843,2.383459E-05,19.2645,0,1.2843,8.728161E-06,19.2645,0
1.2852,4.129091E-05,19.278,0,1.2852,3.726253E-05,19.278,0
1.2861,0.0001218585,19.2915,0,1.2861,6.713969E-07,19.2915,0
1.287,0.0001084306,19.305,0,1.287,-9.903105E-05,19.305,0
1.2879,8.023193E-05,19.3185,0,1.2879,-0.0001201801,19.3185,0
1.2888,-7.956054E-05,19.332,0,1.2888,-6.57969E-05,19.332,0
1.2897,-6.344701E-05,19.3455,0,1.2897,-5.136187E-05,19.3455,0
1.2906,0.000105745,19.359,0,1.2906,-9.970245E-05,19.359,0
1.2915,3.793393E-05,19.3725,0,1.2915,-3.121996E-05,19.3725,0
1.2924,-9.970245E-05,19.386,0,1.2924,2.349889E-06,19.386,0
1.2933,-3.524834E-05,19.3995,0,1.2933,-0.0001594568,19.3995,0
1.2942,-6.378271E-06,19.413,0,1.2942,-2.987716E-05,19.413,0
1.2951,-4.53193E-05,19.4265,0,1.2951,7.486076E-05,19.4265,0
1.296,-4.53193E-05,19.44,0,1.296,6.277562E-05,19.44,0
1.2969,-4.733349E-05,19.4535,0,1.2969,0.0002400244,19.4535,0
1.2978,-3.222705E-05,19.467,0,1.2978,0.0004411078,19.467,0
1.2987,-7.217517E-05,19.4805,0,1.2987,0.0003937743,19.4805,0
1.2996,2.047761E-05,19.494,0,1.2996,0.0001638209,19.494,0
1.3005,3.189136E-05,19.5075,0,1.3005,0.0001064164,19.5075,0
1.3014,-4.46479E-05,19.521,0,1.3014,9.735256E-06,19.521,0
1.3023,-0.0001077592,19.5345,0,1.3023,-4.43122E-05,19.5345,0
1.3032,7.821774E-05,19.548,0,1.3032,-3.323415E-05,19.548,0
1.3041,0.0001544213,19.5615,0,1.3041,-0.000186984,19.5615,0
1.305,5.035477E-06,19.575,0,1.305,-0.0001967193,19.575,0
1.3059,-2.383459E-05,19.5885,0,1.3059,-0.0001299153,19.5885,0
1.3068,3.390555E-05,19.602,0,1.3068,-0.0002057832,19.602,0
1.3077,4.934768E-05,19.6155,0,1.3077,-0.0001326009,19.6155,0
1.3086,-4.699779E-06,19.629,0,1.3086,8.090334E-05,19.629,0
1.3095,1.007095E-05,19.6425,0,1.3095,0.0002185397,19.6425,0
1.3104,-5.706874E-06,19.656,0,1.3104,0.0001567712,19.656,0
1.3113,1.947051E-05,19.6695,0,1.3113,4.53193E-05,19.6695,0
1.3122,6.915389E-05,19.683,0,1.3122,0.0001554284,19.683,0
1.3131,-5.102617E-05,19.6965,0,1.3131,0.0001963836,19.6965,0
1.314,-4.095522E-05,19.71,0,1.314,1.913481E-05,19.71,0
1.3149,-2.652018E-05,19.7235,0,1.3149,-0.0001322652,19.7235,0
1.3158,-0.0002544594,19.737,0,1.3158,-0.0002145113,19.737,0
1.3167,-0.0002447242,19.7505,0,1.3167,-0.0001829557,19.7505,0
1.3176,-8.392462E-05,19.764,0,1.3176,-0.0002373388,19.764,0
1.3185,-0.0001923552,19.7775,0,1.3185,-0.0002205539,19.7775,0
1.3194,6.881819E-05,19.791,0,1.3194,-0.0001084306,19.791,0
1.3203,0.0003954528,19.8045,0,1.3203,-9.903105E-05,19.8045,0
1.3212,0.0003071641,19.818,0,1.3212,-0.000185977,19.818,0
1.3221,3.894102E-05,19.8315,0,1.3221,-0.0001070878,19.8315,0
1.323,4.766919E-05,19.845,0,1.323,8.493171E-05,19.845,0
1.3239,0.0001997406,19.8585,0,1.3239,9.835965E-05,19.8585,0
1.3248,0.0002500954,19.872,0,1.3248,5.203327E-05,19.872,0
1.3257,8.82887E-05,19.8855,0,1.3257,-6.176852E-05,19.8855,0
1.3266,-0.0001010452,19.899,0,1.3266,-5.270466E-05,19.899,0
1.3275,-0.0001413291,19.9125,0,1.3275,-9.265278E-05,19.9125,0
1.3284,-0.0001299153,19.926,0,1.3284,-0.0002420386,19.926,0
1.3293,-0.0001678492,19.9395,0,1.3293,-9.164568E-05,19.9395,0
1.3302,-0.00024271,19.953,0,1.3302,5.371176E-05,19.953,0
1.3311,-0.000197055,19.9665,0,1.3311,5.841154E-05,19.9665,0
1.332,-0.0001433432,19.98,0,1.332,0.0001544213,19.98,0
1.3329,3.591974E-05,19.9935,0,1.3329,7.418937E-05,19.9935,0
1.3338,0.0002796368,20.007,0,1.3338,-3.726253E-05,20.007,0
1.3347,0.0001272297,20.0205,0,1.3347,-5.941863E-05,20.0205,0
1.3356,-5.505455E-05,20.034,0,1.3356,-1.107805E-05,20.034,0
1.3365,1.107805E-05,20.0475,0,1.3365,3.692683E-05,20.0475,0
1.3374,0.0001574426,20.061,0,1.3374,4.666209E-05,20.061,0
1.3383,0.0001326009,20.0745,0,1.3383,-0.0001889983,20.0745,0
1.3392,-6.176852E-05,20.088,0,1.3392,-0.000288365,20.088,0
1.3401,-2.18204E-05,20.1015,0,1.3401,-0.0003555047,20.1015,0
1.341,2.786297E-05,20.115,0,1.341,-0.0005498741,20.115,0
1.3419,-9.063859E-06,20.1285,0,1.3419,-0.0003558404,20.1285,0
1.3428,-6.948959E-05,20.142,0,1.3428,0.0001916838,20.142,0
1.3437,7.721065E-06,20.1555,0,1.3437,0.000633463,20.1555,0
1.3446,0.0002091402,20.169,0,1.3446,0.0006086213,20.169,0
1.3455,7.284657E-05,20.1825,0,1.3455,0.0004239872,20.1825,0
1.3464,-0.0001742275,20.196,0,1.3464,0.0001688563,20.196,0
1.3473,-5.035477E-05,20.2095,0,1.3473,7.049668E-06,20.2095,0
1.3482,-1.174945E-05,20.223,0,1.3482,-7.351797E-05,20.223,0
1.3491,-9.433127E-05,20.2365,0,1.3491,-1.611353E-05,20.2365,0
1.35,3.457694E-05,20.25,0,1.35,-1.242084E-05,20.25,0
1.3509,1.846342E-05,20.2635,0,1.3509,-7.586786E-05,20.2635,0
1.3518,1.309224E-05,20.277,0,1.3518,-5.606165E-05,20.277,0
1.3527,3.390555E-05,20.2905,0,1.3527,8.023193E-05,20.2905,0
1.3536,-3.390555E-05,20.304,0,1.3536,7.016098E-05,20.304,0
1.3545,-2.987716E-05,20.3175,0,1.3545,-5.539025E-05,20.3175,0
1.3554,6.61326E-05,20.331,0,1.3554,-0.0001064164,20.331,0
1.3563,-6.881819E-05,20.3445,0,1.3563,-9.097429E-05,20.3445,0
1.3572,-5.270466E-05,20.358,0,1.3572,-0.0002084688,20.358,0
1.3581,2.1149E-05,20.3715,0,1.3581,-0.0002615091,20.3715,0
1.359,-5.572595E-05,20.385,0,1.359,-0.0001537499,20.385,0
1.3599,-0.0001453574,20.3985,0,1.3599,-0.0001490501,20.3985,0
1.3608,-1.242084E-05,20.412,0,1.3608,-6.143282E-05,20.412,0
1.3617,8.560311E-05,20.4255,0,1.3617,6.143282E-05,20.4255,0
1.3626,-0.0001013809,20.439,0,1.3626,1.577783E-05,20.439,0
1.3635,-8.761731E-05,20.4525,0,1.3635,6.713969E-07,20.4525,0
1.3644,-1.812772E-05,20.466,0,1.3644,3.323415E-05,20.466,0
1.3653,-7.016098E-05,20.4795,0,1.3653,-2.752728E-05,20.4795,0
1.3662,-0.0001117876,20.493,0,1.3662,1.779202E-05,20.493,0
1.3671,-0.0001245441,20.5065,0,1.3671,-2.987716E-05,20.5065,0
1.368,-0.0001171588,20.52,0,1.368,-6.210422E-05,20.52,0
1.3689,7.385367E-05,20.5335,0,1.3689,-8.090334E-05,20.5335,0
1.3698,9.231708E-05,20.547,0,1.3698,-7.553216E-05,20.547,0
1.3707,-1.980621E-05,20.5605,0,1.3707,-0.0002212253,20.5605,0
1.3716,5.539025E-05,20.574,0,1.3716,-0.0001070878,20.574,0
1.3725,4.53193E-05,20.5875,0,1.3725,0.0001849699,20.5875,0
1.3734,-1.309224E-05,20.601,0,1.3734,0.0001349508,20.601,0
1.3743,-3.189136E-05,20.6145,0,1.3743,0.0001044022,20.6145,0
1.3752,-1.644922E-05,20.628,0,1.3752,0.0001473716,20.628,0
1.3761,-4.800488E-05,20.6415,0,1.3761,0.000189334,20.6415,0
1.377,-6.109713E-05,20.655,0,1.377,0.0001050736,20.655,0
1.3779,-4.766919E-05,20.6685,0,1.3779,-1.745632E-05,20.6685,0
1.3788,1.846342E-05,20.682,0,1.3788,-0.0001366293,20.682,0
1.3797,4.599069E-05,20.6955,0,1.3797,-5.404745E-05,20.6955,0
1.3806,9.097429E-05,20.709,0,1.3806,-9.399558E-06,20.709,0
1.3815,4.229801E-05,20.7225,0,1.3815,-0.0001534142,20.7225,0
1.3824,-4.565499E-05,20.736,0,1.3824,-0.0002856794,20.736,0
1.3833,-0.0002259251,20.7495,0,1.3833,-0.0001789273,20.7495,0
1.3842,-0.0001641566,20.763,0,1.3842,-8.92958E-05,20.763,0
1.3851,2.349889E-06,20.7765,0,1.3851,-0.0001252155,20.7765,0
1.386,-7.821774E-05,20.79,0,1.386,2.719158E-05,20.79,0
1.3869,2.24918E-05,20.8035,0,1.3869,0.0001393149,20.8035,0
1.3878,0.0002594949,20.817,0,1.3878,0.000193698,20.817,0
1.3887,0.0002776226,20.8305,0,1.3887,8.023193E-05,20.8305,0
1.3896,0.0001211871,20.844,0,1.3896,-3.558404E-05,20.844,0
1.3905,2.383459E-05,20.8575,0,1.3905,2.349889E-06,20.8575,0
1.3914,-0.0001221943,20.871,0,1.3914,-9.970245E-05,20.871,0
1.3923,-5.807584E-05,20.8845,0,1.3923,-1.007095E-06,20.8845,0
1.3932,-1.275654E-05,20.898,0,1.3932,0.000239353,20.898,0
1.3941,3.356985E-06,20.9115,0,1.3941,0.0001483787,20.9115,0
1.395,-1.443504E-05,20.925,0,1.395,-6.378271E-06,20.925,0
1.3959,7.016098E-05,20.9385,0,1.3959,-7.486076E-05,20.9385,0
1.3968,-5.304036E-05,20.952,0,1.3968,-4.196231E-05,20.952,0
1.3977,3.323415E-05,20.9655,0,1.3977,-8.056764E-05,20.9655,0
1.3986,0.0003262989,20.979,0,1.3986,-0.0001346151,20.979,0
1.3995,9.533837E-05,20.9925,0,1.3995,-4.36408E-05,20.9925,0
1.4004,-0.0002242466,21.006,0,1.4004,-1.913481E-05,21.006,0
1.4013,-0.0002067903,21.0195,0,1.4013,-6.009003E-05,21.0195,0
1.4022,-0.0001248798,21.033,0,1.4022,-6.814679E-05,21.033,0
1.4031,-0.0001225299,21.0465,0,1.4031,-4.29694E-05,21.0465,0
1.404,6.277562E-05,21.06,0,1.404,-6.176852E-05,21.06,0
1.4049,0.0002655375,21.0735,0,1.4049,1.443504E-05,21.0735,0
1.4058,0.0003071641,21.087,0,1.4058,-3.424125E-05,21.087,0
1.4067,0.0001332723,21.1005,0,1.4067,-5.001907E-05,21.1005,0
1.4076,9.466698E-05,21.114,0,1.4076,-3.860533E-05,21.114,0
1.4085,-4.33051E-05,21.1275,0,1.4085,-1.107805E-05,21.1275,0
1.4094,-0.0001366293,21.141,0,1.4094,-0.0001121233,21.141,0
1.4103,-0.0001765774,21.1545,0,1.4103,2.517739E-05,21.1545,0
1.4112,-0.0001574426,21.168,0,1.4112,7.956054E-05,21.168,0
1.4121,-9.567407E-05,21.1815,0,1.4121,5.035477E-06,21.1815,0
1.413,-7.989624E-05,21.195,0,1.413,7.821774E-05,21.195,0
1.4139,-2.652018E-05,21.2085,0,1.4139,2.383459E-05,21.2085,0
1.4148,1.007095E-05,21.222,0,1.4148,-0.0001111162,21.222,0
1.4157,-6.6804E-05,21.2355,0,1.4157,-8.86244E-05,21.2355,0
1.4166,-0.0001379721,21.249,0,1.4166,-5.136187E-05,21.249,0
1.4175,-0.0001517357,21.2625,0,1.4175,-8.392462E-06,21.2625,0
1.4184,-0.0001218585,21.276,0,1.4184,-3.021286E-06,21.276,0
1.4193,-1.644922E-05,21.2895,0,1.4193,-6.54612E-05,21.2895,0
1.4202,5.337606E-05,21.303,0,1.4202,7.049668E-06,21.303,0
1.4211,0.0002158541,21.3165,0,1.4211,-6.948959E-05,21.3165,0
1.422,0.0002668803,21.33,0,1.422,-0.0001359579,21.33,0
1.4229,8.89601E-05,21.3435,0,1.4229,-0.0001050736,21.3435,0
1.4238,-4.129091E-05,21.357,0,1.4238,-1.107805E-05,21.357,0
1.4247,4.095522E-05,21.3705,0,1.4247,0.0001352865,21.3705,0
1.4256,6.54612E-05,21.384,0,1.4256,0.0001285725,21.384,0
1.4265,-0.0001097734,21.3975,0,1.4265,0.0001178302,21.3975,0
1.4274,-0.0001221943,21.411,0,1.4274,8.82887E-05,21.411,0
1.4283,4.129091E-05,21.4245,0,1.4283,5.740444E-05,21.4245,0
1.4292,1.846342E-05,21.438,0,1.4292,4.599069E-05,21.438,0
1.4301,-0.0001332723,21.4515,0,1.4301,5.169757E-05,21.4515,0
1.431,-5.941863E-05,21.465,0,1.431,-2.21561E-05,21.465,0
1.4319,-4.129091E-05,21.4785,0,1.4319,-0.0001121233,21.4785,0
1.4328,1.947051E-05,21.492,0,1.4328,-0.0002860151,21.492,0
1.4337,2.853437E-05,21.5055,0,1.4337,-0.0002806439,21.5055,0
1.4346,-0.000175906,21.519,0,1.4346,-0.0002111543,21.519,0
1.4355,-0.0001426719,21.5325,0,1.4355,-0.0003078355,21.5325,0
1.4364,-1.980621E-05,21.546,0,1.4364,-0.0003135424,21.546,0
1.4373,-0.0001413291,21.5595,0,1.4373,-0.0001027237,21.5595,0
1.4382,-0.0001389792,21.573,0,1.4382,0.0001070878,21.573,0
1.4391,6.344701E-05,21.5865,0,1.4391,1.007095E-06,21.5865,0
1.44,-3.927672E-05,21.6,0,1.44,-5.471885E-05,21.6,0
1.4409,-5.404745E-05,21.6135,0,1.4409,7.418937E-05,21.6135,0
1.4418,4.666209E-05,21.627,0,1.4418,0.0002574807,21.627,0
1.4427,0.000193698,21.6405,0,1.4427,0.0003370413,21.6405,0
1.4436,4.49836E-05,21.654,0,1.4436,0.0003336843,21.654,0
1.4445,3.860533E-05,21.6675,0,1.4445,0.0002554666,21.6675,0
1.4454,2.920577E-05,21.681,0,1.4454,0.0001218585,21.681,0
1.4463,2.24918E-05,21.6945,0,1.4463,2.316319E-05,21.6945,0
1.4472,-5.807584E-05,21.708,0,1.4472,0.0001007095,21.708,0
1.4481,-0.0001349508,21.7215,0,1.4481,8.69459E-05,21.7215,0
1.449,-5.774014E-05,21.735,0,1.449,2.18204E-05,21.735,0
1.4499,-7.049668E-06,21.7485,0,1.4499,1.678492E-06,21.7485,0
1.4508,-3.424125E-05,21.762,0,1.4508,5.706874E-05,21.762,0
1.4517,1.174945E-05,21.7755,0,1.4517,3.994812E-05,21.7755,0
1.4526,9.231708E-05,21.789,0,1.4526,-3.927672E-05,21.789,0
1.4535,1.544213E-05,21.8025,0,1.4535,4.800488E-05,21.8025,0
1.4544,5.203327E-05,21.816,0,1.4544,-6.74754E-05,21.816,0
1.4553,0.0001413291,21.8295,0,1.4553,-0.0002695659,21.8295,0
1.4562,0.0001346151,21.843,0,1.4562,-0.0002447242,21.843,0
1.4571,-5.706874E-05,21.8565,0,1.4571,-0.0001748989,21.8565,0
1.458,-2.047761E-05,21.87,0,1.458,-0.0001816129,21.87,0
1.4589,1.577783E-05,21.8835,0,1.4589,-0.0002662089,21.8835,0
1.4598,9.567407E-05,21.897,0,1.4598,-0.0001977264,21.897,0
1.4607,5.035477E-06,21.9105,0,1.4607,-5.203327E-05,21.9105,0
1.4616,-1.745632E-05,21.924,0,1.4616,5.035477E-06,21.924,0
1.4625,4.733349E-05,21.9375,0,1.4625,0.0001114519,21.9375,0
1.4634,4.263371E-05,21.951,0,1.4634,0.0001658351,21.951,0
1.4643,-0.0001060807,21.9645,0,1.4643,0.0001279011,21.9645,0
1.4652,-9.768826E-05,21.978,0,1.4652,-1.980621E-05,21.978,0
1.4661,-7.385367E-06,21.9915,0,1.4661,-9.130999E-05,21.9915,0
1.467,-5.069047E-05,22.005,0,1.467,3.591974E-05,22.005,0
1.4679,-0.0001560998,22.0185,0,1.4679,3.524834E-05,22.0185,0
1.4688,-2.349889E-06,22.032,0,1.4688,-2.517739E-05,22.032,0
1.4697,0.000115816,22.0455,0,1.4697,6.881819E-05,22.0455,0
1.4706,-2.081331E-05,22.059,0,1.4706,0.0001272297,22.059,0
1.4715,1.174945E-05,22.0725,0,1.4715,1.678492E-05,22.0725,0
1.4724,-2.349889E-06,22.086,0,1.4724,-3.692683E-06,22.086,0
1.4733,-2.719158E-05,22.0995,0,1.4733,-0.0001030594,22.0995,0
1.4742,-6.176852E-05,22.113,0,1.4742,-0.0001198444,22.113,0
1.4751,-5.337606E-05,22.1265,0,1.4751,-0.0001470359,22.1265,0
1.476,-8.090334E-05,22.14,0,1.476,-0.0001497215,22.14,0
1.4769,-4.733349E-05,22.1535,0,1.4769,-0.00018262,22.1535,0
1.4778,-5.270466E-05,22.167,0,1.4778,-7.016098E-05,22.167,0
1.4787,-6.243992E-05,22.1805,0,1.4787,-4.36408E-06,22.1805,0
1.4796,0.0001007095,22.194,0,1.4796,-9.265278E-05,22.194,0
1.4805,1.678492E-06,22.2075,0,1.4805,-4.699779E-06,22.2075,0
1.4814,-0.0001299153,22.221,0,1.4814,-3.826963E-05,22.221,0
1.4823,6.076142E-05,22.2345,0,1.4823,-0.0001752346,22.2345,0
1.4832,0.0002934005,22.248,0,1.4832,-0.0001319295,22.248,0
1.4841,0.0001728847,22.2615,0,1.4841,-5.673304E-05,22.2615,0
1.485,0,22.275,0,1.485,-0.0001339437,22.275,0
1.4859,-3.356985E-07,22.2885,0,1.4859,-0.0001144732,22.2885,0
1.4868,4.129091E-05,22.302,0,1.4868,-5.371176E-06,22.302,0
1.4877,3.457694E-05,22.3155,0,1.4877,0.0001379721,22.3155,0
1.4886,1.174945E-05,22.329,0,1.4886,8.325322E-05,22.329,0
1.4895,5.572595E-05,22.3425,0,1.4895,6.378271E-06,22.3425,0
1.4904,8.92958E-05,22.356,0,1.4904,6.948959E-05,22.356,0
1.4913,0.0001305867,22.3695,0,1.4913,0.0001225299,22.3695,0
1.4922,0.000158114,22.383,0,1.4922,6.881819E-05,22.383,0
1.4931,4.36408E-05,22.3965,0,1.4931,1.510643E-05,22.3965,0
1.494,-0.000154757,22.41,0,1.494,9.298848E-05,22.41,0
1.4949,-7.553216E-05,22.4235,0,1.4949,0.0001514,22.4235,0
1.4958,4.39765E-05,22.437,0,1.4958,5.404745E-05,22.437,0
1.4967,8.728161E-06,22.4505,0,1.4967,-2.887007E-05,22.4505,0
1.4976,-4.49836E-05,22.464,0,1.4976,-1.040665E-05,22.464,0
1.4985,2.584878E-05,22.4775,0,1.4985,-1.242084E-05,22.4775,0
1.4994,9.466698E-05,22.491,0,1.4994,-8.392462E-06,22.491,0
1.5003,0.0001151446,22.5045,0,1.5003,-9.198138E-05,22.5045,0
1.5012,5.706874E-06,22.518,0,1.5012,-7.217517E-05,22.518,0
1.5021,-0.0001564355,22.5315,0,1.5021,-4.666209E-05,22.5315,0
1.503,-0.0001453574,22.545,0,1.503,-8.795301E-05,22.545,0
1.5039,-1.409934E-05,22.5585,0,1.5039,-5.136187E-05,22.5585,0
1.5048,-0.0001258869,22.572,0,1.5048,1.242084E-05,22.572,0
1.5057,-0.0001131304,22.5855,0,1.5057,-2.987716E-05,22.5855,0
1.5066,3.524834E-05,22.599,0,1.5066,-0.0001279011,22.599,0
1.5075,-0.0001332723,22.6125,0,1.5075,-8.761731E-05,22.6125,0
1.5084,-0.0001144732,22.626,0,1.5084,-7.888914E-05,22.626,0
1.5093,-1.107805E-05,22.6395,0,1.5093,-0.000105745,22.6395,0
1.5102,-9.735256E-05,22.653,0,1.5102,-8.224613E-05,22.653,0
1.5111,-0.0002507668,22.6665,0,1.5111,-4.733349E-05,22.6665,0
1.512,-0.0002151827,22.68,0,1.512,-4.666209E-05,22.68,0
1.5129,-0.0001262226,22.6935,0,1.5129,-5.337606E-05,22.6935,0
1.5138,-0.0001037308,22.707,0,1.5138,-8.526741E-05,22.707,0
1.5147,-1.510643E-05,22.7205,0,1.5147,-3.524834E-05,22.7205,0
1.5156,0.0001769131,22.734,0,1.5156,1.242084E-05,22.734,0
1.5165,0.0001245441,22.7475,0,1.5165,-0.0001346151,22.7475,0
1.5174,8.761731E-05,22.761,0,1.5174,-0.0001258869,22.761,0
1.5183,4.162661E-05,22.7745,0,1.5183,0.0001232013,22.7745,0
1.5192,1.443504E-05,22.788,0,1.5192,0.0002104829,22.788,0
1.5201,4.36408E-06,22.8015,0,1.5201,7.385367E-06,22.8015,0
1.521,-0.0001000381,22.815,0,1.521,2.316319E-05,22.815,0
1.5219,-0.0001332723,22.8285,0,1.5219,7.855344E-05,22.8285,0
1.5228,-2.786297E-05,22.842,0,1.5228,5.572595E-05,22.842,0
1.5237,3.424125E-05,22.8555,0,1.5237,0.000102388,22.8555,0
1.5246,-7.754635E-05,22.869,0,1.5246,-0.0001366293,22.869,0
1.5255,-2.719158E-05,22.8825,0,1.5255,-8.056764E-05,22.8825,0
1.5264,0.000190341,22.896,0,1.5264,-8.056763E-06,22.896,0
1.5273,0.0003165637,22.9095,0,1.5273,1.846342E-05,22.9095,0
1.5282,9.835965E-05,22.923,0,1.5282,2.28275E-05,22.923,0
1.5291,-0.0001849699,22.9365,0,1.5291,4.263371E-05,22.9365,0
1.53,-0.0001238727,22.95,0,1.53,0.0001500572,22.95,0
1.5309,-2.417029E-05,22.9635,0,1.5309,1.678492E-06,22.9635,0
1.5318,-0.0001097734,22.977,0,1.5318,-5.941863E-05,22.977,0
1.5327,-4.901198E-05,22.9905,0,1.5327,-1.376364E-05,22.9905,0
1.5336,1.577783E-05,23.004,0,1.5336,-5.706874E-05,23.004,0
1.5345,-7.418937E-05,23.0175,0,1.5345,-5.505455E-05,23.0175,0
1.5354,2.014191E-06,23.031,0,1.5354,-0.0002034333,23.031,0
1.5363,6.277562E-05,23.0445,0,1.5363,-0.0002474098,23.0445,0
1.5372,-4.733349E-05,23.058,0,1.5372,2.1149E-05,23.058,0
1.5381,-0.0001151446,23.0715,0,1.5381,3.390555E-05,23.0715,0
1.539,-9.164568E-05,23.085,0,1.539,7.486076E-05,23.085,0
1.5399,-8.224613E-05,23.0985,0,1.5399,0.0003397269,23.0985,0
1.5408,-3.692683E-05,23.112,0,1.5408,0.0002594949,23.112,0
1.5417,-8.392462E-06,23.1255,0,1.5417,0.0001027237,23.1255,0
1.5426,-5.404745E-05,23.139,0,1.5426,4.733349E-05,23.139,0
1.5435,-3.256275E-05,23.1525,0,1.5435,5.035477E-06,23.1525,0
1.5444,0.0001618067,23.166,0,1.5444,7.016098E-05,23.166,0
1.5453,7.486076E-05,23.1795,0,1.5453,0.0001346151,23.1795,0
1.5462,3.793393E-05,23.193,0,1.5462,-1.510643E-05,23.193,0
1.5471,0.0001738918,23.2065,0,1.5471,-4.095522E-05,23.2065,0
1.548,6.78111E-05,23.22,0,1.548,2.24918E-05,23.22,0
1.5489,-6.076142E-05,23.2335,0,1.5489,-3.692683E-06,23.2335,0
1.5498,-3.054856E-05,23.247,0,1.5498,-0.0002470741,23.247,0
1.5507,-9.063859E-06,23.2605,0,1.5507,-0.0003068284,23.2605,0
1.5516,-0.0001530785,23.274,0,1.5516,-7.956054E-05,23.274,0
1.5525,-0.0001060807,23.2875,0,1.5525,0.0001426719,23.2875,0
1.5534,-6.74754E-05,23.301,0,1.5534,9.768826E-05,23.301,0
1.5543,-9.298848E-05,23.3145,0,1.5543,-0.0001138018,23.3145,0
1.5552,-6.478981E-05,23.328,0,1.5552,-5.035477E-05,23.328,0
1.5561,0.0001430075,23.3415,0,1.5561,-3.054856E-05,23.3415,0
1.557,0.0001728847,23.355,0,1.557,-5.606165E-05,23.355,0
1.5579,5.069047E-05,23.3685,0,1.5579,-5.136187E-05,23.3685,0
1.5588,-0.0001097734,23.382,0,1.5588,-5.639734E-05,23.382,0
1.5597,-7.217517E-05,23.3955,0,1.5597,-0.0002272679,23.3955,0
1.5606,8.728161E-06,23.409,0,1.5606,-0.0002759442,23.409,0
1.5615,-3.121996E-05,23.4225,0,1.5615,-5.606165E-05,23.4225,0
1.5624,-3.189136E-05,23.436,0,1.5624,-1.779202E-05,23.436,0
1.5633,0.0002138399,23.4495,0,1.5633,-0.0001399863,23.4495,0
1.5642,0.0001701991,23.463,0,1.5642,-9.835965E-05,23.463,0
1.5651,3.457694E-05,23.4765,0,1.5651,-4.39765E-05,23.4765,0
1.566,-9.466698E-05,23.49,0,1.566,-8.69459E-05,23.49,0
1.5669,-3.826963E-05,23.5035,0,1.5669,-0.0001248798,23.5035,0
1.5678,9.164568E-05,23.517,0,1.5678,-0.000218204,23.517,0
1.5687,-3.524834E-05,23.5305,0,1.5687,-0.0001839628,23.5305,0
1.5696,-1.208515E-05,23.544,0,1.5696,-7.553216E-05,23.544,0
1.5705,-4.061952E-05,23.5575,0,1.5705,1.678492E-06,23.5575,0
1.5714,3.054856E-05,23.571,0,1.5714,0.0001453574,23.571,0
1.5723,-4.36408E-05,23.5845,0,1.5723,0.0002568093,23.5845,0
1.5732,-2.920577E-05,23.598,0,1.5732,0.0001050736,23.598,0
1.5741,0.0001060807,23.6115,0,1.5741,-3.356985E-05,23.6115,0
1.575,-1.309224E-05,23.625,0,1.575,7.687495E-05,23.625,0
1.5759,-4.867628E-05,23.6385,0,1.5759,6.814679E-05,23.6385,0
1.5768,6.411841E-05,23.652,0,1.5768,-1.107805E-05,23.652,0
1.5777,-0.000126894,23.6655,0,1.5777,2.1149E-05,23.6655,0
1.5786,-0.000148043,23.679,0,1.5786,7.620356E-05,23.679,0
1.5795,3.390555E-05,23.6925,0,1.5795,6.713969E-06,23.6925,0
1.5804,3.793393E-05,23.706,0,1.5804,-2.987716E-05,23.706,0
1.5813,-3.121996E-05,23.7195,0,1.5813,-0.0001601282,23.7195,0
1.5822,-3.021286E-06,23.733,0,1.5822,-6.948959E-05,23.733,0
1.5831,-5.639734E-05,23.7465,0,1.5831,-4.36408E-06,23.7465,0
1.584,-1.242084E-05,23.76,0,1.584,-8.224613E-05,23.76,0
1.5849,4.39765E-05,23.7735,0,1.5849,-4.968337E-05,23.7735,0
1.5858,-1.242084E-05,23.787,0,1.5858,7.821774E-05,23.787,0
1.5867,-1.242084E-05,23.8005,0,1.5867,6.009003E-05,23.8005,0
1.5876,8.291753E-05,23.814,0,1.5876,-4.129091E-05,23.814,0
1.5885,1.141375E-05,23.8275,0,1.5885,4.229801E-05,23.8275,0
1.5894,2.081331E-05,23.841,0,1.5894,2.517739E-05,23.841,0
1.5903,0.0001732204,23.8545,0,1.5903,-5.706874E-05,23.8545,0
1.5912,0.0001675135,23.868,0,1.5912,-3.793393E-05,23.868,0
1.5921,1.712062E-05,23.8815,0,1.5921,6.378271E-06,23.8815,0
1.593,-2.18204E-05,23.895,0,1.593,-1.544213E-05,23.895,0
1.5939,1.443504E-05,23.9085,0,1.5939,-5.404745E-05,23.9085,0
1.5948,3.793393E-05,23.922,0,1.5948,-0.000112459,23.922,0
1.5957,-4.028382E-06,23.9355,0,1.5957,-8.996719E-05,23.9355,0
1.5966,-2.450599E-05,23.949,0,1.5966,-8.493171E-05,23.949,0
1.5975,9.097429E-05,23.9625,0,1.5975,-0.0001205158,23.9625,0
1.5984,3.860533E-05,23.976,0,1.5984,-9.332418E-05,23.976,0
1.5993,-5.471885E-05,23.9895,0,1.5993,0,23.9895,0
1.6002,9.399558E-06,24.003,0,1.6002,-2.1149E-05,24.003,0
1.6011,6.411841E-05,24.0165,0,1.6011,-9.970245E-05,24.0165,0
1.602,-5.505455E-05,24.03,0,1.602,-6.042573E-05,24.03,0
1.6029,-9.433127E-05,24.0435,0,1.6029,-3.692683E-06,24.0435,0
1.6038,-0.0001366293,24.057,0,1.6038,-0.0002111543,24.057,0
1.6047,-0.0001094377,24.0705,0,1.6047,-5.001907E-05,24.0705,0
1.6056,-8.023193E-05,24.084,0,1.6056,0.0002558022,24.084,0
1.6065,-6.814679E-05,24.0975,0,1.6065,0.0002306248,24.0975,0
1.6074,6.378271E-06,24.111,0,1.6074,0.0002927291,24.111,0
1.6083,0.0001003738,24.1245,0,1.6083,0.0003031357,24.1245,0
1.6092,9.768826E-05,24.138,0,1.6092,0.0002823224,24.138,0
1.6101,-6.478981E-05,24.1515,0,1.6101,0.0001520714,24.1515,0
1.611,-5.673304E-05,24.165,0,1.611,8.123904E-05,24.165,0
1.6119,-2.517739E-05,24.1785,0,1.6119,-6.51255E-05,24.1785,0
1.6128,-0.000185977,24.192,0,1.6128,-9.298848E-05,24.192,0
1.6137,-6.61326E-05,24.2055,0,1.6137,-5.337606E-05,24.2055,0
1.6146,0.0001675135,24.219,0,1.6146,-0.0001050736,24.219,0
1.6155,2.383459E-05,24.2325,0,1.6155,-3.793393E-05,24.2325,0
1.6164,7.083238E-05,24.246,0,1.6164,-9.298848E-05,24.246,0
1.6173,0.0001842985,24.2595,0,1.6173,-0.0001393149,24.2595,0
1.6182,-3.524834E-05,24.273,0,1.6182,-0.0001050736,24.273,0
1.6191,-0.0001077592,24.2865,0,1.6191,-3.289845E-05,24.2865,0
1.62,-3.927672E-05,24.3,0,1.62,-6.243992E-05,24.3,0
1.6209,3.356985E-07,24.3135,0,1.6209,-0.0001534142,24.3135,0
1.6218,-3.256275E-05,24.327,0,1.6218,-0.0002312963,24.327,0
1.6227,-2.450599E-05,24.3405,0,1.6227,-0.0001889983,24.3405,0
1.6236,2.21561E-05,24.354,0,1.6236,-0.0001507286,24.354,0
1.6245,-4.867628E-05,24.3675,0,1.6245,-8.593881E-05,24.3675,0
1.6254,-3.054856E-05,24.381,0,1.6254,9.701686E-05,24.381,0
1.6263,-0.0002091402,24.3945,0,1.6263,0.0003215991,24.3945,0
1.6272,-0.0003289845,24.408,0,1.6272,0.0001621424,24.408,0
1.6281,-0.0002719158,24.4215,0,1.6281,-1.510643E-05,24.4215,0
1.629,-0.0002752728,24.435,0,1.629,4.46479E-05,24.435,0
1.6299,-0.0002366674,24.4485,0,1.6299,-3.591974E-05,24.4485,0
1.6308,2.853437E-05,24.462,0,1.6308,-0.0001571069,24.462,0
1.6317,0.0005703517,24.4755,0,1.6317,-0.0001675135,24.4755,0
1.6326,0.0005616235,24.489,0,1.6326,-9.735256E-05,24.489,0
1.6335,0.000281651,24.5025,0,1.6335,-6.74754E-05,24.5025,0
1.6344,0.0002447242,24.516,0,1.6344,-5.740444E-05,24.516,0
1.6353,0.0002547952,24.5295,0,1.6353,-4.699779E-05,24.5295,0
1.6362,5.740444E-05,24.543,0,1.6362,0.0001326009,24.543,0
1.6371,-3.692683E-06,24.5565,0,1.6371,0.0001406577,24.5565,0
1.638,2.584878E-05,24.57,0,1.638,-4.565499E-05,24.57,0
1.6389,5.874724E-05,24.5835,0,1.6389,-5.673304E-05,24.5835,0
1.6398,-2.316319E-05,24.597,0,1.6398,4.196231E-05,24.597,0
1.6407,-3.692683E-05,24.6105,0,1.6407,6.948959E-05,24.6105,0
1.6416,-8.258183E-05,24.624,0,1.6416,-3.994812E-05,24.624,0
1.6425,-0.0002269322,24.6375,0,1.6425,-2.081331E-05,24.6375,0
1.6434,-0.0002151827,24.651,0,1.6434,2.517739E-05,24.651,0
1.6443,7.721065E-06,24.6645,0,1.6443,-5.706874E-06,24.6645,0
1.6452,-4.49836E-05,24.678,0,1.6452,7.486076E-05,24.678,0
1.6461,-0.000252781,24.6915,0,1.6461,-1.007095E-06,24.6915,0
1.647,-0.0002396887,24.705,0,1.647,-0.0001698634,24.705,0
1.6479,-0.0001349508,24.7185,0,1.6479,-0.0001003738,24.7185,0
1.6488,-2.584878E-05,24.732,0,1.6488,-0.0001148089,24.732,0
1.6497,3.726253E-05,24.7455,0,1.6497,-2.987716E-05,24.7455,0
1.6506,-4.061952E-05,24.759,0,1.6506,-3.625543E-05,24.759,0
1.6515,-2.014191E-06,24.7725,0,1.6515,-0.0001077592,24.7725,0
1.6524,5.874724E-05,24.786,0,1.6524,-0.0001144732,24.786,0
1.6533,-0.0001161517,24.7995,0,1.6533,-4.028382E-05,24.7995,0
1.6542,-0.0001037308,24.813,0,1.6542,-8.291753E-05,24.813,0
1.6551,6.009003E-05,24.8265,0,1.6551,-0.000161471,24.8265,0
1.656,-8.023193E-05,24.84,0,1.656,3.390555E-05,24.84,0
1.6569,-0.0002299535,24.8535,0,1.6569,4.599069E-05,24.8535,0
1.6578,-9.365987E-05,24.867,0,1.6578,-0.0001255512,24.867,0
1.6587,7.016098E-05,24.8805,0,1.6587,-6.814679E-05,24.8805,0
1.6596,-0.0001154803,24.894,0,1.6596,-0.0001208515,24.894,0
1.6605,-5.337606E-05,24.9075,0,1.6605,-0.0001795987,24.9075,0
1.6614,8.493171E-05,24.921,0,1.6614,-3.256275E-05,24.921,0
1.6623,7.183947E-05,24.9345,0,1.6623,-8.728161E-06,24.9345,0
1.6632,9.063859E-06,24.948,0,1.6632,5.337606E-05,24.948,0
1.6641,-2.349889E-06,24.9615,0,1.6641,0.0001114519,24.9615,0
1.665,4.33051E-05,24.975,0,1.665,3.994812E-05,24.975,0
1.6659,6.64683E-05,24.9885,0,1.6659,5.774014E-05,24.9885,0
1.6668,1.174945E-05,25.002,0,1.6668,0.0002625162,25.002,0
1.6677,0.0001359579,25.0155,0,1.6677,0.0001920195,25.0155,0
1.6686,9.735256E-05,25.029,0,1.6686,2.316319E-05,25.029,0
1.6695,-1.376364E-05,25.0425,0,1.6695,0.0001299153,25.0425,0
1.6704,3.189136E-05,25.056,0,1.6704,6.814679E-05,25.056,0
1.6713,4.599069E-05,25.0695,0,1.6713,-5.874724E-05,25.0695,0
1.6722,2.652018E-05,25.083,0,1.6722,-3.894102E-05,25.083,0
1.6731,-2.18204E-05,25.0965,0,1.6731,1.376364E-05,25.0965,0
1.674,-3.625543E-05,25.11,0,1.674,-3.021286E-06,25.11,0
1.6749,-1.913481E-05,25.1235,0,1.6749,-2.1149E-05,25.1235,0
1.6758,3.659113E-05,25.137,0,1.6758,-6.042573E-05,25.137,0
1.6767,-3.088426E-05,25.1505,0,1.6767,2.1149E-05,25.1505,0
1.6776,-0.0001668421,25.164,0,1.6776,2.1149E-05,25.164,0
1.6785,-6.210422E-05,25.1775,0,1.6785,-0.0001490501,25.1775,0
1.6794,6.881819E-05,25.191,0,1.6794,-0.0002232395,25.191,0
1.6803,-3.524834E-05,25.2045,0,1.6803,-0.0001037308,25.2045,0
1.6812,-2.551309E-05,25.218,0,1.6812,-0.0001003738,25.218,0
1.6821,4.33051E-05,25.2315,0,1.6821,-0.0001352865,25.2315,0
1.683,-2.987716E-05,25.245,0,1.683,0.0002057832,25.245,0
1.6839,2.786297E-05,25.2585,0,1.6839,0.000291722,25.2585,0
1.6848,6.277562E-05,25.272,0,1.6848,4.43122E-05,25.272,0
1.6857,3.524834E-05,25.2855,0,1.6857,7.251087E-05,25.2855,0
1.6866,-3.591974E-05,25.299,0,1.6866,6.210422E-05,25.299,0
1.6875,5.673304E-05,25.3125,0,1.6875,3.524834E-05,25.3125,0
1.6884,3.994812E-05,25.326,0,1.6884,-3.591974E-05,25.326,0
1.6893,7.821774E-05,25.3395,0,1.6893,-8.291753E-05,25.3395,0
1.6902,1.174945E-05,25.353,0,1.6902,-6.57969E-05,25.353,0
1.6911,-0.0001366293,25.3665,0,1.6911,-5.136187E-05,25.3665,0
1.692,-3.457694E-05,25.38,0,1.692,-7.016098E-05,25.38,0
1.6929,0.0001121233,25.3935,0,1.6929,-4.934768E-05,25.3935,0
1.6938,-3.256275E-05,25.407,0,1.6938,1.309224E-05,25.407,0
1.6947,-8.69459E-05,25.4205,0,1.6947,-9.399557E-05,25.4205,0
1.6956,8.426032E-05,25.434,0,1.6956,-0.0001715419,25.434,0
1.6965,3.726253E-05,25.4475,0,1.6965,-0.0001195087,25.4475,0
1.6974,-2.316319E-05,25.461,0,1.6974,-0.0001923552,25.461,0
1.6983,9.030289E-05,25.4745,0,1.6983,-0.0002534524,25.4745,0
1.6992,0.0001641566,25.488,0,1.6992,-7.888914E-05,25.488,0
1.7001,6.076142E-05,25.5015,0,1.7001,0.0001077592,25.5015,0
1.701,9.835965E-05,25.515,0,1.701,0.000257145,25.515,0
1.7019,6.411841E-05,25.5285,0,1.7019,0.0001900053,25.5285,0
1.7028,4.36408E-05,25.542,0,1.7028,2.383459E-05,25.542,0
1.7037,-7.251087E-05,25.5555,0,1.7037,0.000102388,25.5555,0
1.7046,-0.0002111543,25.569,0,1.7046,4.33051E-05,25.569,0
1.7055,-0.0001319295,25.5825,0,1.7055,-2.047761E-05,25.5825,0
1.7064,-6.51255E-05,25.596,0,1.7064,-6.71397E-05,25.596,0
1.7073,-6.143282E-05,25.6095,0,1.7073,6.713969E-07,25.6095,0
1.7082,-0.0001295796,25.623,0,1.7082,-2.014191E-05,25.623,0
1.7091,-7.754635E-05,25.6365,0,1.7091,-5.337606E-05,25.6365,0
1.71,-0.0001295796,25.65,0,1.71,4.196231E-05,25.65,0
1.7109,-0.0001044022,25.6635,0,1.7109,-8.056763E-06,25.6635,0
1.7118,-7.620356E-05,25.677,0,1.7118,-0.0001795987,25.677,0
1.7127,-0.0001386435,25.6905,0,1.7127,-0.0002239109,25.6905,0
1.7136,-5.706874E-06,25.704,0,1.7136,-0.0001806058,25.704,0
1.7145,0.0003004501,25.7175,0,1.7145,-0.0001007095,25.7175,0
1.7154,0.0002574807,25.731,0,1.7154,7.486076E-05,25.731,0
1.7163,0.0002158541,25.7445,0,1.7163,9.231708E-05,25.7445,0
1.7172,0.0001232013,25.758,0,1.7172,3.054856E-05,25.758,0
1.7181,1.980621E-05,25.7715,0,1.7181,-4.129091E-05,25.7715,0
1.719,4.263371E-05,25.785,0,1.719,-8.493171E-05,25.785,0
1.7199,8.392462E-06,25.7985,0,1.7199,-1.846342E-05,25.7985,0
1.7208,-0.0001621424,25.812,0,1.7208,8.392462E-05,25.812,0
1.7217,-5.572595E-05,25.8255,0,1.7217,3.424125E-05,25.8255,0
1.7226,0.0001201801,25.839,0,1.7226,-3.994812E-05,25.839,0
1.7235,-0.0001295796,25.8525,0,1.7235,7.721065E-06,25.8525,0
1.7244,-0.0001802701,25.866,0,1.7244,-1.913481E-05,25.866,0
1.7253,-7.989624E-05,25.8795,0,1.7253,-0.0001218585,25.8795,0
1.7262,-4.46479E-05,25.893,0,1.7262,-8.090334E-05,25.893,0
1.7271,-0.0002380102,25.9065,0,1.7271,2.584878E-05,25.9065,0
1.728,-0.0001225299,25.92,0,1.728,-6.378271E-06,25.92,0
1.7289,0.000119173,25.9335,0,1.7289,-3.826963E-05,25.9335,0
1.7298,0.0002534524,25.947,0,1.7298,-8.627451E-05,25.947,0
1.7307,0.0002289464,25.9605,0,1.7307,-0.0001644923,25.9605,0
1.7316,1.040665E-05,25.974,0,1.7316,-0.0002531167,25.974,0
1.7325,-9.298848E-05,25.9875,0,1.7325,-0.0004014954,25.9875,0
1.7334,7.083238E-05,26.001,0,1.7334,-0.0005371176,26.001,0
1.7343,4.867628E-05,26.0145,0,1.7343,-0.0003185779,26.0145,0
1.7352,-4.196231E-05,26.028,0,1.7352,0.0001346151,26.028,0
1.7361,-9.735256E-06,26.0415,0,1.7361,0.0003514763,26.0415,0
1.737,-0.0001520714,26.055,0,1.737,0.0004145876,26.055,0
1.7379,-5.136187E-05,26.0685,0,1.7379,0.0003739681,26.0685,0
1.7388,4.800488E-05,26.082,0,1.7388,0.0003262989,26.082,0
1.7397,-6.378271E-05,26.0955,0,1.7397,0.0002453956,26.0955,0
1.7406,-4.699779E-06,26.109,0,1.7406,0.000144686,26.109,0
1.7415,-7.418937E-05,26.1225,0,1.7415,-6.076142E-05,26.1225,0
1.7424,-6.6804E-05,26.136,0,1.7424,-0.000239353,26.136,0
1.7433,5.539025E-05,26.1495,0,1.7433,-0.0003168994,26.1495,0
1.7442,-1.376364E-05,26.163,0,1.7442,-0.0002064546,26.163,0
1.7451,-3.256275E-05,26.1765,0,1.7451,-6.71397E-05,26.1765,0
1.746,-3.021286E-05,26.19,0,1.746,0.0001379721,26.19,0
1.7469,1.678492E-05,26.2035,0,1.7469,0.0002218967,26.2035,0
1.7478,-4.129091E-05,26.217,0,1.7478,0.0002430457,26.217,0
1.7487,-3.021286E-06,26.2305,0,1.7487,0.0002111543,26.2305,0
1.7496,2.887007E-05,26.244,0,1.7496,0.0001248798,26.244,0
1.7505,-9.063859E-05,26.2575,0,1.7505,0.0002141756,26.2575,0
1.7514,-8.090334E-05,26.271,0,1.7514,0.0001426719,26.271,0
1.7523,6.478981E-05,26.2845,0,1.7523,-1.644922E-05,26.2845,0
1.7532,8.224613E-05,26.298,0,1.7532,6.6804E-05,26.298,0
1.7541,-0.0001104448,26.3115,0,1.7541,-0.0001534142,26.3115,0
1.755,-0.0001601282,26.325,0,1.755,-0.000288365,26.325,0
1.7559,-0.0001097734,26.3385,0,1.7559,-0.0001695277,26.3385,0
1.7568,9.735256E-06,26.352,0,1.7568,-0.0002168612,26.352,0
1.7577,1.712062E-05,26.3655,0,1.7577,-0.0001399863,26.3655,0
1.7586,-0.0001423362,26.379,0,1.7586,-0.0001114519,26.379,0
1.7595,-1.242084E-05,26.3925,0,1.7595,-0.0001366293,26.3925,0
1.7604,0.0002195468,26.406,0,1.7604,-2.18204E-05,26.406,0
1.7613,6.915389E-05,26.4195,0,1.7613,7.150377E-05,26.4195,0
1.7622,3.726253E-05,26.433,0,1.7622,2.349889E-06,26.433,0
1.7631,0.0001399863,26.4465,0,1.7631,-7.653925E-05,26.4465,0
1.764,-5.572595E-05,26.46,0,1.764,4.39765E-05,26.46,0
1.7649,1.040665E-05,26.4735,0,1.7649,8.392462E-05,26.4735,0
1.7658,0.0001406577,26.487,0,1.7658,-3.961242E-05,26.487,0
1.7667,0.0001228656,26.5005,0,1.7667,-5.035477E-05,26.5005,0
1.7676,-0.0001010452,26.514,0,1.7676,-0.0001164874,26.514,0
1.7685,-6.478981E-05,26.5275,0,1.7685,-0.0001332723,26.5275,0
1.7694,2.1149E-05,26.541,0,1.7694,-0.0001037308,26.541,0
1.7703,4.39765E-05,26.5545,0,1.7703,-0.0001077592,26.5545,0
1.7712,3.189136E-05,26.568,0,1.7712,-0.0001201801,26.568,0
1.7721,-0.0001258869,26.5815,0,1.7721,-0.0001198444,26.5815,0
1.773,-6.78111E-05,26.595,0,1.773,-1.007095E-05,26.595,0
1.7739,1.644922E-05,26.6085,0,1.7739,9.802396E-05,26.6085,0
1.7748,-5.639734E-05,26.622,0,1.7748,0.0001930266,26.622,0
1.7757,-5.673304E-05,26.6355,0,1.7757,0.0001285725,26.6355,0
1.7766,5.706874E-06,26.649,0,1.7766,-7.083238E-05,26.649,0
1.7775,-8.426032E-05,26.6625,0,1.7775,-8.426032E-05,26.6625,0
1.7784,-4.834058E-05,26.676,0,1.7784,-7.217517E-05,26.676,0
1.7793,-5.572595E-05,26.6895,0,1.7793,-0.0001453574,26.6895,0
1.7802,-6.243992E-05,26.703,0,1.7802,-0.0001171588,26.703,0
1.7811,-0.000119173,26.7165,0,1.7811,9.365987E-05,26.7165,0
1.782,-8.157473E-05,26.73,0,1.782,0.0002370031,26.73,0
1.7829,6.378271E-06,26.7435,0,1.7829,0.0001141375,26.7435,0
1.7838,7.687495E-05,26.757,0,1.7838,-0.000112459,26.757,0
1.7847,8.761731E-05,26.7705,0,1.7847,-0.000126894,26.7705,0
1.7856,4.934768E-05,26.784,0,1.7856,-0.0001198444,26.784,0
1.7865,1.544213E-05,26.7975,0,1.7865,-0.0001879911,26.7975,0
1.7874,0.0001138018,26.811,0,1.7874,-0.0001913481,26.811,0
1.7883,8.526741E-05,26.8245,0,1.7883,4.061952E-05,26.8245,0
1.7892,0.0001013809,26.838,0,1.7892,0.0001735561,26.838,0
1.7901,0.0001144732,26.8515,0,1.7901,0.0001473716,26.8515,0
1.791,-2.887007E-05,26.865,0,1.791,0.0001775845,26.865,0
1.7919,8.761731E-05,26.8785,0,1.7919,0.0001376364,26.8785,0
1.7928,0.0001279011,26.892,0,1.7928,2.517739E-05,26.892,0
1.7937,-3.021286E-06,26.9055,0,1.7937,-1.007095E-06,26.9055,0
1.7946,-9.567407E-05,26.919,0,1.7946,-6.143282E-05,26.919,0
1.7955,-3.927672E-05,26.9325,0,1.7955,-7.620356E-05,26.9325,0
1.7964,-0.0001279011,26.946,0,1.7964,-5.169757E-05,26.946,0
1.7973,-4.666209E-05,26.9595,0,1.7973,-9.433127E-05,26.9595,0
1.7982,1.678492E-06,26.973,0,1.7982,-5.069047E-05,26.973,0
1.7991,-0.0002406958,26.9865,0,1.7991,-0.0001007095,26.9865,0
1.8,-0.0002742657,27,0,1.8,-0.0001534142,27,0
1.8009,-0.0001406577,27.0135,0,1.8009,-9.533837E-05,27.0135,0
1.8018,-0.0002088045,27.027,0,1.8018,6.109713E-05,27.027,0
1.8027,-0.0001010452,27.0405,0,1.8027,5.941863E-05,27.0405,0
1.8036,0.0001923552,27.054,0,1.8036,-1.712062E-05,27.054,0
1.8045,0.0004025025,27.0675,0,1.8045,4.196231E-05,27.0675,0
1.8054,0.0002890364,27.081,0,1.8054,-7.351797E-05,27.081,0
1.8063,8.459602E-05,27.0945,0,1.8063,-0.0001665064,27.0945,0
1.8072,3.726253E-05,27.108,0,1.8072,-7.721065E-05,27.108,0
1.8081,-0.0001060807,27.1215,0,1.8081,-7.452507E-05,27.1215,0
1.809,-2.987716E-05,27.135,0,1.809,-8.493171E-05,27.135,0
1.8099,4.934768E-05,27.1485,0,1.8099,-0.0001101091,27.1485,0
1.8108,3.021286E-05,27.162,0,1.8108,-0.0001420005,27.162,0
1.8117,8.023193E-05,27.1755,0,1.8117,7.049668E-06,27.1755,0
1.8126,0.0001816129,27.189,0,1.8126,0.0001930266,27.189,0
1.8135,0.0001114519,27.2025,0,1.8135,0.0001863127,27.2025,0
1.8144,9.063859E-06,27.216,0,1.8144,8.69459E-05,27.216,0
1.8153,-7.687495E-05,27.2295,0,1.8153,7.922484E-05,27.2295,0
1.8162,-6.64683E-05,27.243,0,1.8162,7.385367E-06,27.243,0
1.8171,5.874724E-05,27.2565,0,1.8171,-9.298848E-05,27.2565,0
1.818,-4.33051E-05,27.27,0,1.818,-3.793393E-05,27.27,0
1.8189,-0.0002326391,27.2835,0,1.8189,-0.0001044022,27.2835,0
1.8198,-0.0002299535,27.297,0,1.8198,-0.0002396887,27.297,0
1.8207,-0.0001916838,27.3105,0,1.8207,-0.000185977,27.3105,0
1.8216,-0.0002104829,27.324,0,1.8216,-1.007095E-05,27.324,0
1.8225,-0.0001299153,27.3375,0,1.8225,9.735256E-06,27.3375,0
1.8234,-4.36408E-05,27.351,0,1.8234,6.64683E-05,27.351,0
1.8243,0.000144686,27.3645,0,1.8243,0.0001889983,27.3645,0
1.8252,8.560311E-05,27.378,0,1.8252,0.000203769,27.378,0
1.8261,2.987716E-05,27.3915,0,1.8261,0.0001131304,27.3915,0
1.827,0.0001171588,27.405,0,1.827,0.0001292439,27.405,0
1.8279,5.706874E-06,27.4185,0,1.8279,-7.385367E-05,27.4185,0
1.8288,-0.000144686,27.432,0,1.8288,-8.224613E-05,27.432,0
1.8297,-4.129091E-05,27.4455,0,1.8297,-0.000119173,27.4455,0
1.8306,2.24918E-05,27.459,0,1.8306,-0.0001997406,27.459,0
1.8315,-0.0001557641,27.4725,0,1.8315,-0.0001077592,27.4725,0
1.8324,-0.0001420005,27.486,0,1.8324,-5.841154E-05,27.486,0
1.8333,5.337606E-05,27.4995,0,1.8333,-8.123904E-05,27.4995,0
1.8342,-1.443504E-05,27.513,0,1.8342,-5.807584E-05,27.513,0
1.8351,-9.567407E-05,27.5265,0,1.8351,9.735256E-06,27.5265,0
1.836,-1.678492E-06,27.54,0,1.836,2.887007E-05,27.54,0
1.8369,-4.53193E-05,27.5535,0,1.8369,2.383459E-05,27.5535,0
1.8378,2.719158E-05,27.567,0,1.8378,-9.063859E-05,27.567,0
1.8387,7.217517E-05,27.5805,0,1.8387,-6.64683E-05,27.5805,0
1.8396,2.920577E-05,27.594,0,1.8396,-9.735256E-05,27.594,0
1.8405,-4.028382E-06,27.6075,0,1.8405,-0.0001839628,27.6075,0
1.8414,3.524834E-05,27.621,0,1.8414,-0.0002453956,27.621,0
1.8423,-5.371176E-05,27.6345,0,1.8423,-0.0001493858,27.6345,0
1.8432,-1.141375E-05,27.648,0,1.8432,-3.424125E-05,27.648,0
1.8441,8.92958E-05,27.6615,0,1.8441,3.927672E-05,27.6615,0
1.845,3.021286E-05,27.675,0,1.845,0.0001346151,27.675,0
1.8459,-1.275654E-05,27.6885,0,1.8459,0.0001863127,27.6885,0
1.8468,-1.376364E-05,27.702,0,1.8468,0.0002077974,27.702,0
1.8477,-0.0001138018,27.7155,0,1.8477,0.0001195087,27.7155,0
1.8486,-0.0001416648,27.729,0,1.8486,9.030289E-05,27.729,0
1.8495,-3.591974E-05,27.7425,0,1.8495,0.0001238727,27.7425,0
1.8504,1.779202E-05,27.756,0,1.8504,0.0001930266,27.756,0
1.8513,-1.174945E-05,27.7695,0,1.8513,6.311131E-05,27.7695,0
1.8522,5.908293E-05,27.783,0,1.8522,5.203327E-05,27.783,0
1.8531,0.0001376364,27.7965,0,1.8531,5.169757E-05,27.7965,0
1.854,1.577783E-05,27.81,0,1.854,-1.779202E-05,27.81,0
1.8549,5.203327E-05,27.8235,0,1.8549,-5.706874E-05,27.8235,0
1.8558,-1.980621E-05,27.837,0,1.8558,-2.21561E-05,27.837,0
1.8567,9.735256E-06,27.8505,0,1.8567,-4.666209E-05,27.8505,0
1.8576,8.526741E-05,27.864,0,1.8576,-0.0001245441,27.864,0
1.8585,-6.277562E-05,27.8775,0,1.8585,-5.673304E-05,27.8775,0
1.8594,-1.544213E-05,27.891,0,1.8594,-3.692683E-05,27.891,0
1.8603,2.920577E-05,27.9045,0,1.8603,-0.0001282368,27.9045,0
1.8612,-9.231708E-05,27.918,0,1.8612,-0.0001185016,27.918,0
1.8621,-5.841154E-05,27.9315,0,1.8621,-5.941863E-05,27.9315,0
1.863,-5.270466E-05,27.945,0,1.863,-6.64683E-05,27.945,0
1.8639,-2.081331E-05,27.9585,0,1.8639,-3.793393E-05,27.9585,0
1.8648,7.721065E-05,27.972,0,1.8648,-8.224613E-05,27.972,0
1.8657,2.24918E-05,27.9855,0,1.8657,-1.376364E-05,27.9855,0
1.8666,1.644922E-05,27.999,0,1.8666,-4.36408E-06,27.999,0
1.8675,8.224613E-05,28.0125,0,1.8675,-6.478981E-05,28.0125,0
1.8684,9.365987E-05,28.026,0,1.8684,-4.632639E-05,28.026,0
1.8693,-4.229801E-05,28.0395,0,1.8693,5.203327E-05,28.0395,0
1.8702,-7.016098E-05,28.053,0,1.8702,2.24918E-05,28.053,0
1.8711,4.263371E-05,28.0665,0,1.8711,-4.29694E-05,28.0665,0
1.872,-7.418937E-05,28.08,0,1.872,9.869535E-05,28.08,0
1.8729,-8.69459E-05,28.0935,0,1.8729,1.510643E-05,28.0935,0
1.8738,5.539025E-05,28.107,0,1.8738,-9.030289E-05,28.107,0
1.8747,0.000109102,28.1205,0,1.8747,-5.673304E-05,28.1205,0
1.8756,5.874724E-05,28.134,0,1.8756,-9.970245E-05,28.134,0
1.8765,0.000207126,28.1475,0,1.8765,-4.867628E-05,28.1475,0
1.8774,0.0001164874,28.161,0,1.8774,-2.584878E-05,28.161,0
1.8783,5.035477E-06,28.1745,0,1.8783,-6.78111E-05,28.1745,0
1.8792,-5.471885E-05,28.188,0,1.8792,-4.095522E-05,28.188,0
1.8801,-0.0002621805,28.2015,0,1.8801,2.349889E-06,28.2015,0
1.881,-0.0002437171,28.215,0,1.881,-7.049668E-06,28.215,0
1.8819,-0.0001174945,28.2285,0,1.8819,3.692683E-06,28.2285,0
1.8828,-6.948959E-05,28.242,0,1.8828,5.337606E-05,28.242,0
1.8837,-1.309224E-05,28.2555,0,1.8837,2.685588E-05,28.2555,0
1.8846,0.000246067,28.269,0,1.8846,-1.409934E-05,28.269,0
1.8855,0.0002840009,28.2825,0,1.8855,3.021286E-05,28.2825,0
1.8864,0.0002440528,28.296,0,1.8864,-9.063859E-06,28.296,0
1.8873,0.0001352865,28.3095,0,1.8873,-7.754635E-05,28.3095,0
1.8882,0.0001601282,28.323,0,1.8882,-6.076142E-05,28.323,0
1.8891,-2.047761E-05,28.3365,0,1.8891,-6.814679E-05,28.3365,0
1.89,-4.36408E-06,28.35,0,1.89,-0.0001228656,28.35,0
1.8909,8.291753E-05,28.3635,0,1.8909,-0.0001671778,28.3635,0
1.8918,-1.007095E-06,28.377,0,1.8918,-0.0002507668,28.377,0
1.8927,-9.735256E-05,28.3905,0,1.8927,-0.000161471,28.3905,0
1.8936,-6.64683E-05,28.404,0,1.8936,-9.433127E-05,28.404,0
1.8945,3.155566E-05,28.4175,0,1.8945,-0.0001161517,28.4175,0
1.8954,2.584878E-05,28.431,0,1.8954,1.678492E-06,28.431,0
1.8963,-0.0001359579,28.4445,0,1.8963,0.0003299916,28.4445,0
1.8972,-9.634547E-05,28.458,0,1.8972,0.0002598306,28.458,0
1.8981,-1.678492E-06,28.4715,0,1.8981,6.948959E-05,28.4715,0
1.899,-8.69459E-05,28.485,0,1.899,0.0001846342,28.485,0
1.8999,-0.0001201801,28.4985,0,1.8999,0.0002762798,28.4985,0
1.9008,-7.620356E-05,28.512,0,1.9008,0.000136965,28.512,0
1.9017,-7.016098E-05,28.5255,0,1.9017,3.189136E-05,28.5255,0
1.9026,-8.69459E-05,28.539,0,1.9026,-4.36408E-06,28.539,0
1.9035,-8.627451E-05,28.5525,0,1.9035,-9.970245E-05,28.5525,0
1.9044,-0.0001154803,28.566,0,1.9044,-0.0001265583,28.566,0
1.9053,-2.081331E-05,28.5795,0,1.9053,-7.284657E-05,28.5795,0
1.9062,-1.913481E-05,28.593,0,1.9062,1.510643E-05,28.593,0
1.9071,-0.0001373007,28.6065,0,1.9071,7.721065E-06,28.6065,0
1.908,-9.735256E-06,28.62,0,1.908,-2.719158E-05,28.62,0
1.9089,0.0001393149,28.6335,0,1.9089,-2.450599E-05,28.6335,0
1.9098,-5.404745E-05,28.647,0,1.9098,0.0001252155,28.647,0
1.9107,-7.553216E-05,28.6605,0,1.9107,6.948959E-05,28.6605,0
1.9116,7.016098E-05,28.674,0,1.9116,-7.888914E-05,28.674,0
1.9125,-5.001907E-05,28.6875,0,1.9125,-5.438316E-05,28.6875,0
1.9134,-0.0001681849,28.701,0,1.9134,-0.0001070878,28.701,0
1.9143,-5.304036E-05,28.7145,0,1.9143,-0.0001967193,28.7145,0
1.9152,4.733349E-05,28.728,0,1.9152,-0.0001628138,28.728,0
1.9161,-6.076142E-05,28.7415,0,1.9161,-7.620356E-05,28.7415,0
1.917,-2.652018E-05,28.755,0,1.917,-3.256275E-05,28.755,0
1.9179,7.452507E-05,28.7685,0,1.9179,2.349889E-05,28.7685,0
1.9188,3.457694E-05,28.782,0,1.9188,4.095522E-05,28.782,0
1.9197,-3.054856E-05,28.7955,0,1.9197,4.061952E-05,28.7955,0
1.9206,-1.644922E-05,28.809,0,1.9206,6.57969E-05,28.809,0
1.9215,-8.392462E-06,28.8225,0,1.9215,-1.510643E-05,28.8225,0
1.9224,-4.028382E-06,28.836,0,1.9224,-2.920577E-05,28.836,0
1.9233,-3.927672E-05,28.8495,0,1.9233,9.063859E-06,28.8495,0
1.9242,-4.33051E-05,28.863,0,1.9242,0,28.863,0
1.9251,6.948959E-05,28.8765,0,1.9251,-6.78111E-05,28.8765,0
1.926,1.174945E-05,28.89,0,1.926,2.21561E-05,28.89,0
1.9269,-0.0001376364,28.9035,0,1.9269,2.652018E-05,28.9035,0
1.9278,-5.572595E-05,28.917,0,1.9278,-9.198138E-05,28.917,0
1.9287,7.083238E-05,28.9305,0,1.9287,-3.927672E-05,28.9305,0
1.9296,-2.719158E-05,28.944,0,1.9296,-8.090334E-05,28.944,0
1.9305,-3.692683E-05,28.9575,0,1.9305,-0.0001007095,28.9575,0
1.9314,-1.980621E-05,28.971,0,1.9314,-0.0001010452,28.971,0
1.9323,0.0001373007,28.9845,0,1.9323,-0.0001399863,28.9845,0
1.9332,0.0001990692,28.998,0,1.9332,-4.867628E-05,28.998,0
1.9341,0.0001436789,29.0115,0,1.9341,-1.846342E-05,29.0115,0
1.935,0.000144686,29.025,0,1.935,-1.409934E-05,29.025,0
1.9359,6.6804E-05,29.0385,0,1.9359,1.712062E-05,29.0385,0
1.9368,-3.457694E-05,29.052,0,1.9368,0.0001151446,29.052,0
1.9377,2.081331E-05,29.0655,0,1.9377,4.49836E-05,29.0655,0
1.9386,4.699779E-06,29.079,0,1.9386,-4.599069E-05,29.079,0
1.9395,-0.0001785916,29.0925,0,1.9395,1.745632E-05,29.0925,0
1.9404,-0.0001681849,29.106,0,1.9404,2.987716E-05,29.106,0
1.9413,-1.443504E-05,29.1195,0,1.9413,-7.486076E-05,29.1195,0
1.9422,-6.881819E-05,29.133,0,1.9422,-0.0001238727,29.133,0
1.9431,-8.996719E-05,29.1465,0,1.9431,-6.009003E-05,29.1465,0
1.944,9.164568E-05,29.16,0,1.944,-8.89601E-05,29.16,0
1.9449,0.000144686,29.1735,0,1.9449,-2.517739E-05,29.1735,0
1.9458,0.0001701991,29.187,0,1.9458,-2.987716E-05,29.187,0
1.9467,5.807584E-05,29.2005,0,1.9467,9.030289E-05,29.2005,0
1.9476,-6.277562E-05,29.214,0,1.9476,0.0001319295,29.214,0
1.9485,-2.786297E-05,29.2275,0,1.9485,-1.376364E-05,29.2275,0
1.9494,4.49836E-05,29.241,0,1.9494,-7.452507E-05,29.241,0
1.9503,-7.754635E-05,29.2545,0,1.9503,-2.349889E-06,29.2545,0
1.9512,-6.344701E-05,29.268,0,1.9512,-5.673304E-05,29.268,0
1.9521,9.399557E-05,29.2815,0,1.9521,-0.0001359579,29.2815,0
1.953,5.673304E-05,29.295,0,1.953,-1.812772E-05,29.295,0
1.9539,-0.0001245441,29.3085,0,1.9539,-3.256275E-05,29.3085,0
1.9548,-7.284657E-05,29.322,0,1.9548,-6.311131E-05,29.322,0
1.9557,-5.941863E-05,29.3355,0,1.9557,3.692683E-06,29.3355,0
1.9566,-0.000164828,29.349,0,1.9566,4.263371E-05,29.349,0
1.9575,-0.0001218585,29.3625,0,1.9575,-5.807584E-05,29.3625,0
1.9584,-7.150377E-05,29.376,0,1.9584,-5.001907E-05,29.376,0
1.9593,-3.356985E-07,29.3895,0,1.9593,-8.89601E-05,29.3895,0
1.9602,0.000112459,29.403,0,1.9602,-1.309224E-05,29.403,0
1.9611,0.0002057832,29.4165,0,1.9611,-1.040665E-05,29.4165,0
1.962,5.706874E-06,29.43,0,1.962,-9.198138E-05,29.43,0
1.9629,2.316319E-05,29.4435,0,1.9629,-7.553216E-05,29.4435,0
1.9638,-1.242084E-05,29.457,0,1.9638,1.242084E-05,29.457,0
1.9647,6.210422E-05,29.4705,0,1.9647,-1.208515E-05,29.4705,0
1.9656,0.0001144732,29.484,0,1.9656,-0.0001436789,29.484,0
1.9665,2.954147E-05,29.4975,0,1.9665,5.035477E-06,29.4975,0
1.9674,1.947051E-05,29.511,0,1.9674,1.913481E-05,29.511,0
1.9683,0.0001218585,29.5245,0,1.9683,-7.385367E-05,29.5245,0
1.9692,2.954147E-05,29.538,0,1.9692,-8.358892E-05,29.538,0
1.9701,-7.318227E-05,29.5515,0,1.9701,-1.712062E-05,29.5515,0
1.971,-0.0001248798,29.565,0,1.971,3.591974E-05,29.565,0
1.9719,-0.0001178302,29.5785,0,1.9719,0.000105745,29.5785,0
1.9728,1.007095E-06,29.592,0,1.9728,-1.678492E-05,29.592,0
1.9737,-9.634547E-05,29.6055,0,1.9737,-3.390555E-05,29.6055,0
1.9746,-0.0002151827,29.619,0,1.9746,-3.927672E-05,29.619,0
1.9755,-7.318227E-05,29.6325,0,1.9755,-0.0001080949,29.6325,0
1.9764,1.342794E-06,29.646,0,1.9764,-4.901198E-05,29.646,0
1.9773,-0.0001376364,29.6595,0,1.9773,0.0001077592,29.6595,0
1.9782,-7.956054E-05,29.673,0,1.9782,0.0001695277,29.673,0
1.9791,5.270466E-05,29.6865,0,1.9791,-1.644922E-05,29.6865,0
1.98,-8.358892E-05,29.7,0,1.98,5.975433E-05,29.7,0
1.9809,-1.443504E-05,29.7135,0,1.9809,8.258183E-05,29.7135,0
1.9818,5.035477E-06,29.727,0,1.9818,-5.706874E-05,29.727,0
1.9827,-9.466698E-05,29.7405,0,1.9827,-6.210422E-05,29.7405,0
1.9836,-0.0001473716,29.754,0,1.9836,8.92958E-05,29.754,0
1.9845,-8.157473E-05,29.7675,0,1.9845,0.0001148089,29.7675,0
1.9854,-8.358892E-05,29.781,0,1.9854,-1.309224E-05,29.781,0
1.9863,-3.021286E-06,29.7945,0,1.9863,-5.807584E-05,29.7945,0
1.9872,0.000164828,29.808,0,1.9872,-3.591974E-05,29.808,0
1.9881,0.0003044785,29.8215,0,1.9881,-4.867628E-05,29.8215,0
1.989,0.0001574426,29.835,0,1.989,3.692683E-06,29.835,0
1.9899,8.86244E-05,29.8485,0,1.9899,2.887007E-05,29.8485,0
1.9908,-4.061952E-05,29.862,0,1.9908,3.457694E-05,29.862,0
1.9917,2.349889E-06,29.8755,0,1.9917,-2.316319E-05,29.8755,0
1.9926,0.0001467002,29.889,0,1.9926,-0.0001195087,29.889,0
1.9935,-3.356985E-07,29.9025,0,1.9935,-8.627451E-05,29.9025,0
1.9944,-2.584878E-05,29.916,0,1.9944,-0.0001238727,29.916,0
1.9953,7.150377E-05,29.9295,0,1.9953,-0.000295079,29.9295,0
1.9962,-7.989624E-05,29.943,0,1.9962,-0.000312871,29.943,0
1.9971,-0.0001376364,29.9565,0,1.9971,-4.095522E-05,29.9565,0
1.998,-3.155566E-05,29.97,0,1.998,0.000190341,29.97,0
1.9989,-5.404745E-05,29.9835,0,1.9989,0.0002010834,29.9835,0
1.9998,2.887007E-05,29.997,0,1.9998,0.0002279393,29.997,0
2.0007,-5.706874E-06,30.0105,0,2.0007,0.0002276036,30.0105,0
2.0016,-5.941863E-05,30.024,0,2.0016,0.0001245441,30.024,0
2.0025,-6.411841E-05,30.0375,0,2.0025,3.860533E-05,30.0375,0
2.0034,-3.356985E-07,30.051,0,2.0034,1.376364E-05,30.051,0
2.0043,-3.793393E-05,30.0645,0,2.0043,0.0001050736,30.0645,0
2.0052,-1.107805E-05,30.078,0,2.0052,1.040665E-05,30.078,0
2.0061,8.157473E-05,30.0915,0,2.0061,-0.0001399863,30.0915,0
2.007,-4.028382E-06,30.105,0,2.007,-2.24918E-05,30.105,0
2.0079,6.344701E-05,30.1185,0,2.0079,-0.0001279011,30.1185,0
2.0088,6.478981E-05,30.132,0,2.0088,-0.0002699016,30.132,0
2.0097,8.392462E-05,30.1455,0,2.0097,-8.761731E-05,30.1455,0
2.0106,2.349889E-06,30.159,0,2.0106,-3.524834E-05,30.159,0
2.0115,-2.349889E-06,30.1725,0,2.0115,-8.761731E-05,30.1725,0
2.0124,1.040665E-05,30.186,0,2.0124,-6.74754E-05,30.186,0
2.0133,5.539025E-05,30.1995,0,2.0133,-0.000105745,30.1995,0
2.0142,-9.063859E-06,30.213,0,2.0142,-3.256275E-05,30.213,0
2.0151,-0.0001352865,30.2265,0,2.0151,-3.726253E-05,30.2265,0
2.016,-5.639734E-05,30.24,0,2.016,-0.0001537499,30.24,0
2.0169,3.625543E-05,30.2535,0,2.0169,-0.0001258869,30.2535,0
2.0178,-0.0001386435,30.267,0,2.0178,-2.081331E-05,30.267,0
2.0187,-2.618448E-05,30.2805,0,2.0187,-2.584878E-05,30.2805,0
2.0196,0.0001540856,30.294,0,2.0196,-8.996719E-05,30.294,0
2.0205,3.625543E-05,30.3075,0,2.0205,5.001907E-05,30.3075,0
2.0214,1.712062E-05,30.321,0,2.0214,0.0001107805,30.321,0
2.0223,8.291753E-05,30.3345,0,2.0223,-1.846342E-05,30.3345,0
2.0232,3.323415E-05,30.348,0,2.0232,2.24918E-05,30.348,0
2.0241,-0.0001228656,30.3615,0,2.0241,8.72816E-05,30.3615,0
2.025,-0.0001628138,30.375,0,2.025,5.236896E-05,30.375,0
2.0259,-6.78111E-05,30.3885,0,2.0259,0.0001121233,30.3885,0
2.0268,-8.493171E-05,30.402,0,2.0268,3.860533E-05,30.402,0
2.0277,-7.620356E-05,30.4155,0,2.0277,-2.014191E-06,30.4155,0
2.0286,1.913481E-05,30.429,0,2.0286,6.076142E-05,30.429,0
2.0295,0.0001819486,30.4425,0,2.0295,5.706874E-06,30.4425,0
2.0304,0.0002111543,30.456,0,2.0304,-6.57969E-05,30.456,0
2.0313,5.740444E-05,30.4695,0,2.0313,7.318227E-05,30.4695,0
2.0322,-6.713969E-07,30.483,0,2.0322,-2.819867E-05,30.483,0
2.0331,7.486076E-05,30.4965,0,2.0331,-0.0002108186,30.4965,0
2.034,1.242084E-05,30.51,0,2.034,-6.076142E-05,30.51,0
2.0349,-0.0001362936,30.5235,0,2.0349,-3.659113E-05,30.5235,0
2.0358,-5.203327E-05,30.537,0,2.0358,-0.0001087663,30.537,0
2.0367,-2.752728E-05,30.5505,0,2.0367,-4.162661E-05,30.5505,0
2.0376,-6.411841E-05,30.564,0,2.0376,3.356985E-07,30.564,0
2.0385,2.819867E-05,30.5775,0,2.0385,6.713969E-07,30.5775,0
2.0394,4.800488E-05,30.591,0,2.0394,0,30.591,0
2.0403,7.888914E-05,30.6045,0,2.0403,-3.591974E-05,30.6045,0
2.0412,2.719158E-05,30.618,0,2.0412,2.349889E-05,30.618,0
2.0421,-7.989624E-05,30.6315,0,2.0421,2.014191E-06,30.6315,0
2.043,-2.752728E-05,30.645,0,2.043,-3.692683E-05,30.645,0
2.0439,-3.390555E-05,30.6585,0,2.0439,-4.46479E-05,30.6585,0
2.0448,-6.378271E-05,30.672,0,2.0448,-5.706874E-06,30.672,0
2.0457,1.107805E-05,30.6855,0,2.0457,-4.36408E-05,30.6855,0
2.0466,2.316319E-05,30.699,0,2.0466,-0.0001467002,30.699,0
2.0475,-5.035477E-05,30.7125,0,2.0475,-0.0001178302,30.7125,0
2.0484,-1.107805E-05,30.726,0,2.0484,-5.438316E-05,30.726,0
2.0493,-1.947051E-05,30.7395,0,2.0493,-1.242084E-05,30.7395,0
2.0502,-6.411841E-05,30.753,0,2.0502,7.553216E-05,30.753,0
2.0511,-0.0001433432,30.7665,0,2.0511,0.0001205158,30.7665,0
2.052,-9.097429E-05,30.78,0,2.052,0.000102388,30.78,0
2.0529,-0.0001634852,30.7935,0,2.0529,3.826963E-05,30.7935,0
2.0538,-0.000126894,30.807,0,2.0538,-3.659113E-05,30.807,0
2.0547,-9.735256E-05,30.8205,0,2.0547,6.076142E-05,30.8205,0
2.0556,-0.0001292439,30.834,0,2.0556,4.129091E-05,30.834,0
2.0565,-3.994812E-05,30.8475,0,2.0565,-6.57969E-05,30.8475,0
2.0574,-7.284657E-05,30.861,0,2.0574,-7.284657E-05,30.861,0
2.0583,-0.0001832914,30.8745,0,2.0583,-9.063859E-06,30.8745,0
2.0592,-9.130999E-05,30.888,0,2.0592,-4.699779E-05,30.888,0
2.0601,0.0001332723,30.9015,0,2.0601,-0.0001144732,30.9015,0
2.061,0.0002584878,30.915,0,2.061,-3.121996E-05,30.915,0
2.0619,0.0002198825,30.9285,0,2.0619,-8.493171E-05,30.9285,0
2.0628,0.0001728847,30.942,0,2.0628,-0.0001960479,30.942,0
2.0637,0.0002339818,30.9555,0,2.0637,-0.0001033951,30.9555,0
2.0646,4.263371E-05,30.969,0,2.0646,-1.678492E-05,30.969,0
2.0655,7.016098E-05,30.9825,0,2.0655,-4.33051E-05,30.9825,0
2.0664,5.841154E-05,30.996,0,2.0664,2.1149E-05,30.996,0
2.0673,5.941863E-05,31.0095,0,2.0673,0.0001205158,31.0095,0
2.0682,-1.242084E-05,31.023,0,2.0682,0.0001977264,31.023,0
2.0691,-0.0001594568,31.0365,0,2.0691,0.0001346151,31.0365,0
2.07,-0.0001634852,31.05,0,2.07,2.987716E-05,31.05,0
2.0709,-4.733349E-05,31.0635,0,2.0709,-7.855344E-05,31.0635,0
2.0718,-0.0001044022,31.077,0,2.0718,-4.028382E-06,31.077,0
2.0727,-5.236896E-05,31.0905,0,2.0727,-7.016098E-05,31.0905,0
2.0736,3.591974E-05,31.104,0,2.0736,-0.0001107805,31.104,0
2.0745,-7.922484E-05,31.1175,0,2.0745,-2.987716E-05,31.1175,0
2.0754,-6.51255E-05,31.131,0,2.0754,-7.821774E-05,31.131,0
2.0763,-7.049668E-06,31.1445,0,2.0763,-5.404745E-05,31.1445,0
2.0772,9.399558E-06,31.158,0,2.0772,-4.263371E-05,31.158,0
2.0781,-6.54612E-05,31.1715,0,2.0781,5.001907E-05,31.1715,0
2.079,-5.975433E-05,31.185,0,2.079,2.383459E-05,31.185,0
2.0799,-2.047761E-05,31.1985,0,2.0799,-4.599069E-05,31.1985,0
2.0808,8.627451E-05,31.212,0,2.0808,-0.0001188373,31.212,0
2.0817,3.289845E-05,31.2255,0,2.0817,-9.164568E-05,31.2255,0
2.0826,-3.927672E-05,31.239,0,2.0826,-8.258183E-05,31.239,0
2.0835,5.505455E-05,31.2525,0,2.0835,-0.0001007095,31.2525,0
2.0844,5.841154E-05,31.266,0,2.0844,-4.800488E-05,31.266,0
2.0853,-3.121996E-05,31.2795,0,2.0853,5.001907E-05,31.2795,0
2.0862,1.846342E-05,31.293,0,2.0862,-5.001907E-05,31.293,0
2.0871,5.874724E-05,31.3065,0,2.0871,-0.0002252537,31.3065,0
2.088,-0.0001178302,31.32,0,2.088,-0.000119173,31.32,0
2.0889,-7.687495E-05,31.3335,0,2.0889,-6.243992E-05,31.3335,0
2.0898,3.860533E-05,31.347,0,2.0898,1.443504E-05,31.347,0
2.0907,-9.063859E-06,31.3605,0,2.0907,0.0002994431,31.3605,0
2.0916,-6.57969E-05,31.374,0,2.0916,0.0004417792,31.374,0
2.0925,1.678492E-06,31.3875,0,2.0925,0.0003662471,31.3875,0
2.0934,9.231708E-05,31.401,0,2.0934,0.0002225681,31.401,0
2.0943,0.0001712062,31.4145,0,2.0943,4.095522E-05,31.4145,0
2.0952,0.0001111162,31.428,0,2.0952,-2.047761E-05,31.428,0
2.0961,4.129091E-05,31.4415,0,2.0961,-6.311131E-05,31.4415,0
2.097,-2.24918E-05,31.455,0,2.097,-8.157473E-05,31.455,0
2.0979,4.33051E-05,31.4685,0,2.0979,-8.92958E-05,31.4685,0
2.0988,-5.035477E-06,31.482,0,2.0988,-5.740444E-05,31.482,0
2.0997,-3.121996E-05,31.4955,0,2.0997,-0.0001097734,31.4955,0
2.1006,8.89601E-05,31.509,0,2.1006,-0.0001618067,31.509,0
2.1015,-1.208515E-05,31.5225,0,2.1015,-0.0001114519,31.5225,0
2.1024,-0.0001201801,31.536,0,2.1024,-0.0001450217,31.536,0
2.1033,3.961242E-05,31.5495,0,2.1033,-0.0001050736,31.5495,0
2.1042,0.0001285725,31.563,0,2.1042,-1.443504E-05,31.563,0
2.1051,-4.934768E-05,31.5765,0,2.1051,3.088426E-05,31.5765,0
2.106,-1.678492E-05,31.59,0,2.106,1.275654E-05,31.59,0
2.1069,-4.901198E-05,31.6035,0,2.1069,1.812772E-05,31.6035,0
2.1078,-3.356985E-07,31.617,0,2.1078,-0.000109102,31.617,0
2.1087,-6.344701E-05,31.6305,0,2.1087,-5.069047E-05,31.6305,0
2.1096,-0.0001735561,31.644,0,2.1096,-1.846342E-05,31.644,0
2.1105,-0.0001279011,31.6575,0,2.1105,-1.846342E-05,31.6575,0
2.1114,-6.378271E-05,31.671,0,2.1114,-3.189136E-05,31.671,0
2.1123,-0.0001188373,31.6845,0,2.1123,4.699779E-06,31.6845,0
2.1132,-0.0001490501,31.698,0,2.1132,-3.894102E-05,31.698,0
2.1141,-0.0001010452,31.7115,0,2.1141,-0.0001319295,31.7115,0
2.115,-0.0002098116,31.725,0,2.115,-0.0001352865,31.725,0
2.1159,-0.0001628138,31.7385,0,2.1159,-0.000136965,31.7385,0
2.1168,-4.33051E-05,31.752,0,2.1168,-0.0001849699,31.752,0
2.1177,0.000235996,31.7655,0,2.1177,-3.155566E-05,31.7655,0
2.1186,0.0002091402,31.779,0,2.1186,4.263371E-05,31.779,0
2.1195,0.0001708705,31.7925,0,2.1195,-1.007095E-05,31.7925,0
2.1204,0.0002547952,31.806,0,2.1204,4.129091E-05,31.806,0
2.1213,0.000270573,31.8195,0,2.1213,5.606165E-05,31.8195,0
2.1222,0.0001322652,31.833,0,2.1222,0.0001211871,31.833,0
2.1231,3.793393E-05,31.8465,0,2.1231,4.867628E-05,31.8465,0
2.124,9.970245E-05,31.86,0,2.124,-2.450599E-05,31.86,0
2.1249,9.533837E-05,31.8735,0,2.1249,-3.826963E-05,31.8735,0
2.1258,-0.000115816,31.887,0,2.1258,1.644922E-05,31.887,0
2.1267,-9.970245E-05,31.9005,0,2.1267,-6.378271E-06,31.9005,0
2.1276,1.174945E-05,31.914,0,2.1276,-4.800488E-05,31.914,0
2.1285,-8.661021E-05,31.9275,0,2.1285,2.517739E-05,31.9275,0
2.1294,-0.0001094377,31.941,0,2.1294,5.304036E-05,31.941,0
2.1303,3.390555E-05,31.9545,0,2.1303,-1.812772E-05,31.9545,0
2.1312,-7.217517E-05,31.968,0,2.1312,-4.229801E-05,31.968,0
2.1321,-6.478981E-05,31.9815,0,2.1321,1.208515E-05,31.9815,0
2.133,1.510643E-05,31.995,0,2.133,-2.853437E-05,31.995,0
2.1339,-0.000105745,32.0085,0,2.1339,-5.404745E-05,32.0085,0
2.1348,-0.0001151446,32.022,0,2.1348,-0.0001138018,32.022,0
2.1357,-5.807584E-05,32.0355,0,2.1357,-5.606165E-05,32.0355,0
2.1366,-0.0001144732,32.049,0,2.1366,-1.544213E-05,32.049,0
2.1375,-4.800488E-05,32.0625,0,2.1375,-3.256275E-05,32.0625,0
2.1384,9.097429E-05,32.076,0,2.1384,8.728161E-06,32.076,0
2.1393,2.349889E-06,32.0895,0,2.1393,0.0001080949,32.0895,0
2.1402,4.599069E-05,32.103,0,2.1402,6.54612E-05,32.103,0
2.1411,0.0001332723,32.1165,0,2.1411,-6.210422E-05,32.1165,0
2.142,5.975433E-05,32.13,0,2.142,7.385367E-06,32.13,0
2.1429,1.309224E-05,32.1435,0,2.1429,2.014191E-06,32.1435,0
2.1438,5.740444E-05,32.157,0,2.1438,-7.016098E-05,32.157,0
2.1447,-1.510643E-05,32.1705,0,2.1447,-3.189136E-05,32.1705,0
2.1456,-0.0001500572,32.184,0,2.1456,6.378271E-06,32.184,0
2.1465,-0.0001242084,32.1975,0,2.1465,-1.779202E-05,32.1975,0
2.1474,-2.786297E-05,32.211,0,2.1474,-1.611353E-05,32.211,0
2.1483,-1.477073E-05,32.2245,0,2.1483,-6.713969E-07,32.2245,0
2.1492,-8.526741E-05,32.238,0,2.1492,-5.639734E-05,32.238,0
2.1501,3.994812E-05,32.2515,0,2.1501,-0.0001393149,32.2515,0
2.151,0.0001017166,32.265,0,2.151,-0.0001564355,32.265,0
2.1519,6.143282E-05,32.2785,0,2.1519,-0.0001017166,32.2785,0
2.1528,-0.0001033951,32.292,0,2.1528,1.577783E-05,32.292,0
2.1537,-8.560311E-05,32.3055,0,2.1537,3.927672E-05,32.3055,0
2.1546,3.189136E-05,32.319,0,2.1546,-6.948959E-05,32.319,0
2.1555,-6.915389E-05,32.3325,0,2.1555,2.014191E-05,32.3325,0
2.1564,-0.0001000381,32.346,0,2.1564,2.685588E-05,32.346,0
2.1573,-7.687495E-05,32.3595,0,2.1573,-5.035477E-05,32.3595,0
2.1582,4.129091E-05,32.373,0,2.1582,9.970245E-05,32.373,0
2.1591,1.913481E-05,32.3865,0,2.1591,0.0001785916,32.3865,0
2.16,1.409934E-05,32.4,0,2.16,8.560311E-05,32.4,0
2.1609,-5.404745E-05,32.4135,0,2.1609,-5.807584E-05,32.4135,0
2.1618,-3.021286E-06,32.427,0,2.1618,-8.358892E-05,32.427,0
2.1627,-8.056763E-06,32.4405,0,2.1627,-4.36408E-06,32.4405,0
2.1636,-0.0001728847,32.454,0,2.1636,-1.040665E-05,32.454,0
2.1645,-7.016098E-05,32.4675,0,2.1645,-0.0001252155,32.4675,0
2.1654,2.618448E-05,32.481,0,2.1654,-4.39765E-05,32.481,0
2.1663,-6.848249E-05,32.4945,0,2.1663,5.404745E-05,32.4945,0
2.1672,-6.51255E-05,32.508,0,2.1672,-0.0001399863,32.508,0
2.1681,5.874724E-05,32.5215,0,2.1681,-0.0001876554,32.5215,0
2.169,-2.349889E-06,32.535,0,2.169,-5.471885E-05,32.535,0
2.1699,-2.685588E-06,32.5485,0,2.1699,-3.054856E-05,32.5485,0
2.1708,3.121996E-05,32.562,0,2.1708,-2.887007E-05,32.562,0
2.1717,1.477073E-05,32.5755,0,2.1717,7.116808E-05,32.5755,0
2.1726,-7.553216E-05,32.589,0,2.1726,0.0001440146,32.589,0
2.1735,-1.007095E-06,32.6025,0,2.1735,7.721065E-05,32.6025,0
2.1744,8.392462E-06,32.616,0,2.1744,7.888914E-05,32.616,0
2.1753,3.860533E-05,32.6295,0,2.1753,2.987716E-05,32.6295,0
2.1762,0.0001003738,32.643,0,2.1762,-8.392462E-06,32.643,0
2.1771,-1.980621E-05,32.6565,0,2.1771,3.021286E-05,32.6565,0
2.178,-5.807584E-05,32.67,0,2.178,3.692683E-06,32.67,0
2.1789,-3.692683E-06,32.6835,0,2.1789,-0.0001121233,32.6835,0
2.1798,-7.284657E-05,32.697,0,2.1798,-1.846342E-05,32.697,0
2.1807,-2.987716E-05,32.7105,0,2.1807,-2.584878E-05,32.7105,0
2.1816,2.887007E-05,32.724,0,2.1816,-0.0001319295,32.724,0
2.1825,7.721065E-06,32.7375,0,2.1825,-7.083238E-05,32.7375,0
2.1834,0.0001010452,32.751,0,2.1834,-4.934768E-05,32.751,0
2.1843,0.0002118257,32.7645,0,2.1843,-6.51255E-05,32.7645,0
2.1852,0.0002198825,32.778,0,2.1852,-7.418937E-05,32.778,0
2.1861,2.517739E-05,32.7915,0,2.1861,-3.726253E-05,32.7915,0
2.187,-4.699779E-06,32.805,0,2.187,-8.224613E-05,32.805,0
2.1879,4.46479E-05,32.8185,0,2.1879,1.309224E-05,32.8185,0
2.1888,5.539025E-05,32.832,0,2.1888,2.1149E-05,32.832,0
2.1897,-0.000102388,32.8455,0,2.1897,-1.174945E-05,32.8455,0
2.1906,-9.970245E-05,32.859,0,2.1906,-3.155566E-05,32.859,0
2.1915,7.318227E-05,32.8725,0,2.1915,-5.001907E-05,32.8725,0
2.1924,9.164568E-05,32.886,0,2.1924,-4.33051E-05,32.886,0
2.1933,-1.376364E-05,32.8995,0,2.1933,-1.376364E-05,32.8995,0
2.1942,1.745632E-05,32.913,0,2.1942,-1.678492E-05,32.913,0
2.1951,7.016098E-05,32.9265,0,2.1951,-4.229801E-05,32.9265,0
2.196,-5.941863E-05,32.94,0,2.196,4.867628E-05,32.94,0
2.1969,-0.0001326009,32.9535,0,2.1969,1.577783E-05,32.9535,0
2.1978,-5.035477E-05,32.967,0,2.1978,-6.076142E-05,32.967,0
2.1987,3.323415E-05,32.9805,0,2.1987,-1.544213E-05,32.9805,0
2.1996,2.954147E-05,32.994,0,2.1996,1.678492E-06,32.994,0
2.2005,7.486076E-05,33.0075,0,2.2005,-6.881819E-05,33.0075,0
2.2014,4.229801E-05,33.021,0,2.2014,-9.533837E-05,33.021,0
2.2023,2.719158E-05,33.0345,0,2.2023,-0.0001305867,33.0345,0
2.2032,2.1149E-05,33.048,0,2.2032,-8.258183E-05,33.048,0
2.2041,-5.203327E-05,33.0615,0,2.2041,-3.323415E-05,33.0615,0
2.205,9.735256E-06,33.075,0,2.205,-6.51255E-05,33.075,0
2.2059,6.61326E-05,33.0885,0,2.2059,-4.095522E-05,33.0885,0
2.2068,-7.385367E-05,33.102,0,2.2068,0.0001500572,33.102,0
2.2077,-9.097429E-05,33.1155,0,2.2077,0.0001742275,33.1155,0
2.2086,6.71397E-05,33.129,0,2.2086,4.46479E-05,33.129,0
2.2095,-4.934768E-05,33.1425,0,2.2095,1.510643E-05,33.1425,0
2.2104,-0.0001111162,33.156,0,2.2104,1.007095E-06,33.156,0
2.2113,-3.289845E-05,33.1695,0,2.2113,-3.121996E-05,33.1695,0
2.2122,-0.0001013809,33.183,0,2.2122,-1.644922E-05,33.183,0
2.2131,-0.0001587854,33.1965,0,2.2131,3.054856E-05,33.1965,0
2.214,-0.0001252155,33.21,0,2.214,1.208515E-05,33.21,0
2.2149,-0.0001225299,33.2235,0,2.2149,-7.385367E-06,33.2235,0
2.2158,-7.183947E-05,33.237,0,2.2158,-6.57969E-05,33.237,0
2.2167,-0.0001077592,33.2505,0,2.2167,-6.74754E-05,33.2505,0
2.2176,-0.0001433432,33.264,0,2.2176,-0.0001440146,33.264,0
2.2185,-7.821774E-05,33.2775,0,2.2185,-0.0001738918,33.2775,0
2.2194,5.337606E-05,33.291,0,2.2194,-0.0001376364,33.291,0
2.2203,0.0001285725,33.3045,0,2.2203,1.678492E-06,33.3045,0
2.2212,0.0001406577,33.318,0,2.2212,2.014191E-05,33.318,0
2.2221,0.0002017548,33.3315,0,2.2221,4.129091E-05,33.3315,0
2.223,0.0001205158,33.345,0,2.223,0.0002329748,33.345,0
2.2239,8.191043E-05,33.3585,0,2.2239,0.000228275,33.3585,0
2.2248,5.740444E-05,33.372,0,2.2248,5.337606E-05,33.372,0
2.2257,0.0001255512,33.3855,0,2.2257,4.36408E-06,33.3855,0
2.2266,5.874724E-05,33.399,0,2.2266,3.927672E-05,33.399,0
2.2275,1.812772E-05,33.4125,0,2.2275,4.028382E-06,33.4125,0
2.2284,1.040665E-05,33.426,0,2.2284,-1.745632E-05,33.426,0
2.2293,0.0001044022,33.4395,0,2.2293,-9.567407E-05,33.4395,0
2.2302,-7.385367E-06,33.453,0,2.2302,-4.46479E-05,33.453,0
2.2311,-9.701686E-05,33.4665,0,2.2311,-7.217517E-05,33.4665,0
2.232,-2.349889E-06,33.48,0,2.232,-0.0001500572,33.48,0
2.2329,2.349889E-06,33.4935,0,2.2329,-0.0001510643,33.4935,0
2.2338,-0.0001329366,33.507,0,2.2338,2.450599E-05,33.507,0
2.2347,-9.500267E-05,33.5205,0,2.2347,4.061952E-05,33.5205,0
2.2356,-2.349889E-05,33.534,0,2.2356,1.443504E-05,33.534,0
2.2365,-0.0001114519,33.5475,0,2.2365,0.0001782559,33.5475,0
2.2374,-0.0001013809,33.561,0,2.2374,0.0001232013,33.561,0
2.2383,1.544213E-05,33.5745,0,2.2383,-5.706874E-05,33.5745,0
2.2392,-0.0002312963,33.588,0,2.2392,-3.591974E-05,33.588,0
2.2401,-0.0002447242,33.6015,0,2.2401,3.961242E-05,33.6015,0
2.241,-0.0001584497,33.615,0,2.241,3.356985E-07,33.615,0
2.2419,-0.0001601282,33.6285,0,2.2419,-9.030289E-05,33.6285,0
2.2428,-5.069047E-05,33.642,0,2.2428,-0.0001957122,33.642,0
2.2437,1.678492E-05,33.6555,0,2.2437,-0.00024271,33.6555,0
2.2446,0.0001393149,33.669,0,2.2446,-0.0002890364,33.669,0
2.2455,0.0002934005,33.6825,0,2.2455,-0.0002124971,33.6825,0
2.2464,0.0002574807,33.696,0,2.2464,-5.975433E-05,33.696,0
2.2473,9.063859E-06,33.7095,0,2.2473,0.000207126,33.7095,0
2.2482,-4.36408E-06,33.723,0,2.2482,0.0002994431,33.723,0
2.2491,8.86244E-05,33.7365,0,2.2491,0.0001228656,33.7365,0
2.25,7.721065E-06,33.75,0,2.25,3.189136E-05,33.75,0
2.2509,-2.584878E-05,33.7635,0,2.2509,0.0001161517,33.7635,0
2.2518,3.994812E-05,33.777,0,2.2518,5.740444E-05,33.777,0
2.2527,2.517739E-05,33.7905,0,2.2527,-1.107805E-05,33.7905,0
2.2536,-0.0001080949,33.804,0,2.2536,-2.853437E-05,33.804,0
2.2545,-4.599069E-05,33.8175,0,2.2545,-0.0001198444,33.8175,0
2.2554,0.0001080949,33.831,0,2.2554,-0.0001228656,33.831,0
2.2563,5.270466E-05,33.8445,0,2.2563,-0.0001722133,33.8445,0
2.2572,-3.994812E-05,33.858,0,2.2572,-0.0001708705,33.858,0
2.2581,-0.0001030594,33.8715,0,2.2581,-0.0001225299,33.8715,0
2.259,-8.92958E-05,33.885,0,2.259,-1.510643E-05,33.885,0
2.2599,-2.752728E-05,33.8985,0,2.2599,0.0001604639,33.8985,0
2.2608,-9.600977E-05,33.912,0,2.2608,9.903105E-05,33.912,0
2.2617,-8.761731E-05,33.9255,0,2.2617,-0.0001010452,33.9255,0
2.2626,-5.471885E-05,33.939,0,2.2626,-0.0002383459,33.939,0
2.2635,-0.0001037308,33.9525,0,2.2635,-0.0003088426,33.9525,0
2.2644,2.987716E-05,33.966,0,2.2644,-0.0001087663,33.966,0
2.2653,5.539025E-05,33.9795,0,2.2653,-2.484169E-05,33.9795,0
2.2662,0.0001332723,33.993,0,2.2662,0.0001873197,33.993,0
2.2671,3.323415E-05,34.0065,0,2.2671,0.0003232776,34.0065,0
2.268,-2.450599E-05,34.02,0,2.268,0.0003212634,34.02,0
2.2689,-4.33051E-05,34.0335,0,2.2689,0.0001634852,34.0335,0
2.2698,1.879912E-05,34.047,0,2.2698,-1.812772E-05,34.047,0
2.2707,-2.24918E-05,34.0605,0,2.2707,3.088426E-05,34.0605,0
2.2716,-5.203327E-05,34.074,0,2.2716,3.323415E-05,34.074,0
2.2725,2.014191E-06,34.0875,0,2.2725,-5.807584E-05,34.0875,0
2.2734,7.821774E-05,34.101,0,2.2734,-0.0001037308,34.101,0
2.2743,-7.754635E-05,34.1145,0,2.2743,1.040665E-05,34.1145,0
2.2752,-2.21561E-05,34.128,0,2.2752,-3.692683E-06,34.128,0
2.2761,8.560311E-05,34.1415,0,2.2761,-0.0001037308,34.1415,0
2.277,-1.745632E-05,34.155,0,2.277,2.1149E-05,34.155,0
2.2779,-6.277562E-05,34.1685,0,2.2779,3.860533E-05,34.1685,0
2.2788,-5.404745E-05,34.182,0,2.2788,-0.0001373007,34.182,0
2.2797,8.056763E-06,34.1955,0,2.2797,-6.78111E-05,34.1955,0
2.2806,-3.726253E-05,34.209,0,2.2806,-1.745632E-05,34.209,0
2.2815,2.652018E-05,34.2225,0,2.2815,-4.028382E-05,34.2225,0
2.2824,-5.774014E-05,34.236,0,2.2824,-4.263371E-05,34.236,0
2.2833,2.417029E-05,34.2495,0,2.2833,-9.970245E-05,34.2495,0
2.2842,-2.349889E-05,34.263,0,2.2842,-6.54612E-05,34.263,0
2.2851,-0.0001587854,34.2765,0,2.2851,-3.927672E-05,34.2765,0
2.286,-0.0001399863,34.29,0,2.286,-8.090334E-05,34.29,0
2.2869,-4.36408E-06,34.3035,0,2.2869,-0.0001013809,34.3035,0
2.2878,-3.826963E-05,34.317,0,2.2878,-2.618448E-05,34.317,0
2.2887,-4.968337E-05,34.3305,0,2.2887,-7.620356E-05,34.3305,0
2.2896,8.69459E-05,34.344,0,2.2896,-0.0001386435,34.344,0
2.2905,2.652018E-05,34.3575,0,2.2905,-1.409934E-05,34.3575,0
2.2914,4.968337E-05,34.371,0,2.2914,-3.927672E-05,34.371,0
2.2923,0.0002319677,34.3845,0,2.2923,-0.0001205158,34.3845,0
2.2932,0.000274937,34.398,0,2.2932,-0.0001007095,34.398,0
2.2941,-9.399558E-06,34.4115,0,2.2941,-2.18204E-05,34.4115,0
2.295,-6.51255E-05,34.425,0,2.295,-3.692683E-05,34.425,0
2.2959,-2.920577E-05,34.4385,0,2.2959,-3.961242E-05,34.4385,0
2.2968,-4.699779E-06,34.452,0,2.2968,-5.035477E-06,34.452,0
2.2977,-6.076142E-05,34.4655,0,2.2977,-4.33051E-05,34.4655,0
2.2986,-3.524834E-05,34.479,0,2.2986,-7.385367E-06,34.479,0
2.2995,5.874724E-05,34.4925,0,2.2995,-5.606165E-05,34.4925,0
2.3004,8.090334E-05,34.506,0,2.3004,-5.539025E-05,34.506,0
2.3013,0.0001205158,34.5195,0,2.3013,0.0001107805,34.5195,0
2.3022,8.82887E-05,34.533,0,2.3022,0.000105745,34.533,0
2.3031,1.107805E-05,34.5465,0,2.3031,-1.544213E-05,34.5465,0
2.304,-9.835965E-05,34.56,0,2.304,0.0001044022,34.56,0
2.3049,-0.0001990692,34.5735,0,2.3049,8.157473E-05,34.5735,0
2.3058,-0.0001849699,34.587,0,2.3058,-3.726253E-05,34.587,0
2.3067,-0.000179263,34.6005,0,2.3067,-6.713969E-06,34.6005,0
2.3076,-0.0001886625,34.614,0,2.3076,-1.342794E-06,34.614,0
2.3085,3.121996E-05,34.6275,0,2.3085,-3.222705E-05,34.6275,0
2.3094,0.0001362936,34.641,0,2.3094,1.174945E-05,34.641,0
2.3103,0.0001366293,34.6545,0,2.3103,1.879912E-05,34.6545,0
2.3112,0.000126894,34.668,0,2.3112,0.0001077592,34.668,0
2.3121,1.812772E-05,34.6815,0,2.3121,2.450599E-05,34.6815,0
2.313,3.994812E-05,34.695,0,2.313,-0.0001188373,34.695,0
2.3139,0.0001279011,34.7085,0,2.3139,-0.000169192,34.7085,0
2.3148,1.040665E-05,34.722,0,2.3148,-0.0001295796,34.722,0
2.3157,-1.040665E-05,34.7355,0,2.3157,-0.0001228656,34.7355,0
2.3166,6.6804E-05,34.749,0,2.3166,-0.0001695277,34.749,0
2.3175,-0.0001040665,34.7625,0,2.3175,4.699779E-06,34.7625,0
2.3184,-0.0001698634,34.776,0,2.3184,0.0001218585,34.776,0
2.3193,-5.706874E-06,34.7895,0,2.3193,0.0001064164,34.7895,0
2.3202,3.155566E-05,34.803,0,2.3202,0.0001863127,34.803,0
2.3211,-0.0001228656,34.8165,0,2.3211,0.0001755703,34.8165,0
2.322,-2.18204E-05,34.83,0,2.322,9.063859E-05,34.83,0
2.3229,0.0001571069,34.8435,0,2.3229,4.800488E-05,34.8435,0
2.3238,9.332418E-05,34.857,0,2.3238,-2.24918E-05,34.857,0
2.3247,-4.49836E-05,34.8705,0,2.3247,0,34.8705,0
2.3256,-7.687495E-05,34.884,0,2.3256,-1.879912E-05,34.884,0
2.3265,-2.752728E-05,34.8975,0,2.3265,-7.956054E-05,34.8975,0
2.3274,2.786297E-05,34.911,0,2.3274,-0.0001853056,34.911,0
2.3283,-2.18204E-05,34.9245,0,2.3283,-0.0001272297,34.9245,0
2.3292,-0.0001279011,34.938,0,2.3292,-0.0001299153,34.938,0
2.3301,-5.035477E-06,34.9515,0,2.3301,-0.0001379721,34.9515,0
2.331,3.356985E-07,34.965,0,2.331,1.577783E-05,34.965,0
2.3319,-3.256275E-05,34.9785,0,2.3319,0.0001087663,34.9785,0
2.3328,4.733349E-05,34.992,0,2.3328,0.0001084306,34.992,0
2.3337,1.174945E-05,35.0055,0,2.3337,9.701686E-05,35.0055,0
2.3346,-4.934768E-05,35.019,0,2.3346,4.061952E-05,35.019,0
2.3355,-9.198138E-05,35.0325,0,2.3355,-2.316319E-05,35.0325,0
2.3364,-4.33051E-05,35.046,0,2.3364,-2.014191E-06,35.046,0
2.3373,6.109713E-05,35.0595,0,2.3373,-6.378271E-05,35.0595,0
2.3382,-1.611353E-05,35.073,0,2.3382,-8.056763E-06,35.073,0
2.3391,8.392462E-06,35.0865,0,2.3391,-3.457694E-05,35.0865,0
2.34,6.74754E-05,35.1,0,2.34,-9.903105E-05,35.1,0
2.3409,5.270466E-05,35.1135,0,2.3409,-0.0001084306,35.1135,0
2.3418,-3.054856E-05,35.127,0,2.3418,-3.256275E-05,35.127,0
2.3427,8.728161E-06,35.1405,0,2.3427,-4.229801E-05,35.1405,0
2.3436,5.035477E-05,35.154,0,2.3436,-6.948959E-05,35.154,0
2.3445,-5.941863E-05,35.1675,0,2.3445,3.625543E-05,35.1675,0
2.3454,-8.795301E-05,35.181,0,2.3454,5.001907E-05,35.181,0
2.3463,6.143282E-05,35.1945,0,2.3463,-2.417029E-05,35.1945,0
2.3472,-2.618448E-05,35.208,0,2.3472,-2.349889E-06,35.208,0
2.3481,-9.701686E-05,35.2215,0,2.3481,3.323415E-05,35.2215,0
2.349,1.242084E-05,35.235,0,2.349,3.021286E-06,35.235,0
2.3499,-3.121996E-05,35.2485,0,2.3499,1.174945E-05,35.2485,0
2.3508,9.399558E-06,35.262,0,2.3508,-4.061952E-05,35.262,0
2.3517,-6.042573E-06,35.2755,0,2.3517,-1.040665E-05,35.2755,0
2.3526,-0.0001550927,35.289,0,2.3526,-7.418937E-05,35.289,0
2.3535,-9.433127E-05,35.3025,0,2.3535,-9.634547E-05,35.3025,0
2.3544,1.074235E-05,35.316,0,2.3544,-8.560311E-05,35.316,0
2.3553,-0.0001245441,35.3295,0,2.3553,-3.155566E-05,35.3295,0
2.3562,-7.754635E-05,35.343,0,2.3562,-7.116808E-05,35.343,0
2.3571,2.316319E-05,35.3565,0,2.3571,-0.0001436789,35.3565,0
2.358,4.36408E-06,35.37,0,2.358,-6.076142E-05,35.37,0
2.3589,3.726253E-05,35.3835,0,2.3589,-8.795301E-05,35.3835,0
2.3598,0.000102388,35.397,0,2.3598,-0.0001574426,35.397,0
2.3607,9.768826E-05,35.4105,0,2.3607,-0.0001305867,35.4105,0
2.3616,-3.457694E-05,35.424,0,2.3616,-0.0001507286,35.424,0
2.3625,-7.049668E-06,35.4375,0,2.3625,-2.014191E-06,35.4375,0
2.3634,2.652018E-05,35.451,0,2.3634,0.0001238727,35.451,0
2.3643,-2.584878E-05,35.4645,0,2.3643,0.0001272297,35.4645,0
2.3652,-2.685588E-06,35.478,0,2.3652,0.0001554284,35.478,0
2.3661,-2.18204E-05,35.4915,0,2.3661,0.0002195468,35.4915,0
2.367,-5.236896E-05,35.505,0,2.367,0.0001765774,35.505,0
2.3679,5.035477E-06,35.5185,0,2.3679,8.023193E-05,35.5185,0
2.3688,-3.927672E-05,35.532,0,2.3688,6.57969E-05,35.532,0
2.3697,-1.712062E-05,35.5455,0,2.3697,-9.063859E-06,35.5455,0
2.3706,6.143282E-05,35.559,0,2.3706,-6.74754E-05,35.559,0
2.3715,1.443504E-05,35.5725,0,2.3715,3.558404E-05,35.5725,0
2.3724,2.887007E-05,35.586,0,2.3724,2.920577E-05,35.586,0
2.3733,1.678492E-06,35.5995,0,2.3733,-6.478981E-05,35.5995,0
2.3742,9.567407E-05,35.613,0,2.3742,-3.524834E-05,35.613,0
2.3751,4.028382E-06,35.6265,0,2.3751,-8.392462E-06,35.6265,0
2.376,-4.733349E-05,35.64,0,2.376,-2.349889E-05,35.64,0
2.3769,4.196231E-05,35.6535,0,2.3769,-4.36408E-05,35.6535,0
2.3778,0.0001198444,35.667,0,2.3778,-6.948959E-05,35.667,0
2.3787,2.1149E-05,35.6805,0,2.3787,-4.33051E-05,35.6805,0
2.3796,-0.0001520714,35.694,0,2.3796,-5.539025E-05,35.694,0
2.3805,-5.807584E-05,35.7075,0,2.3805,-0.0001070878,35.7075,0
2.3814,1.342794E-05,35.721,0,2.3814,-0.0001185016,35.721,0
2.3823,-0.0001386435,35.7345,0,2.3823,-1.879912E-05,35.7345,0
2.3832,-5.069047E-05,35.748,0,2.3832,-2.517739E-05,35.748,0
2.3841,0.0001326009,35.7615,0,2.3841,-3.659113E-05,35.7615,0
2.385,-4.36408E-06,35.775,0,2.385,9.634547E-05,35.775,0
2.3859,2.786297E-05,35.7885,0,2.3859,8.560311E-05,35.7885,0
2.3868,1.510643E-05,35.802,0,2.3868,-6.71397E-05,35.802,0
2.3877,-3.356985E-05,35.8155,0,2.3877,-9.567407E-05,35.8155,0
2.3886,-6.881819E-05,35.829,0,2.3886,-6.6804E-05,35.829,0
2.3895,3.356985E-07,35.8425,0,2.3895,-8.358892E-05,35.8425,0
2.3904,-1.242084E-05,35.856,0,2.3904,-7.956054E-05,35.856,0
2.3913,-1.309224E-05,35.8695,0,2.3913,-0.0001379721,35.8695,0
2.3922,-3.860533E-05,35.883,0,2.3922,-0.0001164874,35.883,0
2.3931,7.721065E-06,35.8965,0,2.3931,-7.150377E-05,35.8965,0
2.394,8.056763E-06,35.91,0,2.394,-0.000102388,35.91,0
2.3949,0.000102388,35.9235,0,2.3949,-3.323415E-05,35.9235,0
2.3958,1.846342E-05,35.937,0,2.3958,5.606165E-05,35.937,0
2.3967,2.853437E-05,35.9505,0,2.3967,4.934768E-05,35.9505,0
2.3976,0.0001473716,35.964,0,2.3976,-3.390555E-05,35.964,0
2.3985,-1.678492E-06,35.9775,0,2.3985,1.477073E-05,35.9775,0
2.3994,-7.888914E-05,35.991,0,2.3994,7.620356E-05,35.991,0
2.4003,1.309224E-05,36.0045,0,2.4003,2.786297E-05,36.0045,0
2.4012,5.337606E-05,36.018,0,2.4012,4.39765E-05,36.018,0
2.4021,-2.18204E-05,36.0315,0,2.4021,5.001907E-05,36.0315,0
2.403,6.948959E-05,36.045,0,2.403,2.618448E-05,36.045,0
2.4039,9.466698E-05,36.0585,0,2.4039,1.846342E-05,36.0585,0
2.4048,2.1149E-05,36.072,0,2.4048,-5.169757E-05,36.072,0
2.4057,-2.920577E-05,36.0855,0,2.4057,-8.392462E-06,36.0855,0
2.4066,-0.000102388,36.099,0,2.4066,-1.107805E-05,36.099,0
2.4075,-2.652018E-05,36.1125,0,2.4075,-0.000105745,36.1125,0
2.4084,-2.853437E-05,36.126,0,2.4084,-0.0001534142,36.126,0
2.4093,-9.231708E-05,36.1395,0,2.4093,-7.486076E-05,36.1395,0
2.4102,-7.956054E-05,36.153,0,2.4102,-0.0001138018,36.153,0
2.4111,-1.846342E-05,36.1665,0,2.4111,-0.0001430075,36.1665,0
2.412,-7.016098E-05,36.18,0,2.412,2.081331E-05,36.18,0
2.4129,-5.941863E-05,36.1935,0,2.4129,1.913481E-05,36.1935,0
2.4138,2.1149E-05,36.207,0,2.4138,1.443504E-05,36.207,0
2.4147,-7.721065E-06,36.2205,0,2.4147,-3.021286E-06,36.2205,0
2.4156,-4.599069E-05,36.234,0,2.4156,-2.28275E-05,36.234,0
2.4165,-1.141375E-05,36.2475,0,2.4165,-4.800488E-05,36.2475,0
2.4174,-3.860533E-05,36.261,0,2.4174,-1.510643E-05,36.261,0
2.4183,4.49836E-05,36.2745,0,2.4183,4.39765E-05,36.2745,0
2.4192,5.941863E-05,36.288,0,2.4192,5.572595E-05,36.288,0
2.4201,0.0001232013,36.3015,0,2.4201,5.001907E-05,36.3015,0
2.421,0.000203769,36.315,0,2.421,3.189136E-05,36.315,0
2.4219,8.92958E-05,36.3285,0,2.4219,-4.29694E-05,36.3285,0
2.4228,-7.989624E-05,36.342,0,2.4228,-4.49836E-05,36.342,0
2.4237,-2.786297E-05,36.3555,0,2.4237,-2.417029E-05,36.3555,0
2.4246,1.376364E-05,36.369,0,2.4246,-9.567407E-05,36.369,0
2.4255,-9.970245E-05,36.3825,0,2.4255,-8.056763E-06,36.3825,0
2.4264,-0.0001265583,36.396,0,2.4264,-5.371176E-06,36.396,0
2.4273,-3.692683E-05,36.4095,0,2.4273,-7.217517E-05,36.4095,0
2.4282,5.941863E-05,36.423,0,2.4282,-6.243992E-05,36.423,0
2.4291,-6.478981E-05,36.4365,0,2.4291,-3.860533E-05,36.4365,0
2.43,-3.390555E-05,36.45,0,2.43,-4.53193E-05,36.45,0
2.4309,-6.009003E-05,36.4635,0,2.4309,-4.733349E-05,36.4635,0
2.4318,-7.049668E-06,36.477,0,2.4318,-8.090334E-05,36.477,0
2.4327,-7.721065E-06,36.4905,0,2.4327,5.706874E-06,36.4905,0
2.4336,-5.841154E-05,36.504,0,2.4336,7.855344E-05,36.504,0
2.4345,-1.577783E-05,36.5175,0,2.4345,7.385367E-05,36.5175,0
2.4354,8.69459E-05,36.531,0,2.4354,7.116808E-05,36.531,0
2.4363,-1.544213E-05,36.5445,0,2.4363,7.956054E-05,36.5445,0
2.4372,-6.74754E-05,36.558,0,2.4372,2.28275E-05,36.558,0
2.4381,6.277562E-05,36.5715,0,2.4381,-2.819867E-05,36.5715,0
2.439,-3.021286E-05,36.585,0,2.439,4.36408E-05,36.585,0
2.4399,-5.471885E-05,36.5985,0,2.4399,1.242084E-05,36.5985,0
2.4408,-1.980621E-05,36.612,0,2.4408,-9.466698E-05,36.612,0
2.4417,-9.701686E-05,36.6255,0,2.4417,-9.433127E-05,36.6255,0
2.4426,-0.0001450217,36.639,0,2.4426,-6.009003E-05,36.639,0
2.4435,-0.0001272297,36.6525,0,2.4435,-8.090334E-05,36.6525,0
2.4444,-5.035477E-05,36.666,0,2.4444,-0.0001393149,36.666,0
2.4453,6.210422E-05,36.6795,0,2.4453,-0.0002786297,36.6795,0
2.4462,2.417029E-05,36.693,0,2.4462,-0.0002306248,36.693,0
2.4471,8.157473E-05,36.7065,0,2.4471,-0.0001698634,36.7065,0
2.448,0.0001322652,36.72,0,2.448,-6.311131E-05,36.72,0
2.4489,6.210422E-05,36.7335,0,2.4489,1.846342E-05,36.7335,0
2.4498,-5.807584E-05,36.747,0,2.4498,0.0002165255,36.747,0
2.4507,-1.376364E-05,36.7605,0,2.4507,0.0003286488,36.7605,0
2.4516,9.567407E-05,36.774,0,2.4516,0.0001842985,36.774,0
2.4525,-2.719158E-05,36.7875,0,2.4525,0.0001863127,36.7875,0
2.4534,-7.385367E-05,36.801,0,2.4534,0.0001624781,36.801,0
2.4543,-4.968337E-05,36.8145,0,2.4543,9.567407E-05,36.8145,0
2.4552,-9.298848E-05,36.828,0,2.4552,8.82887E-05,36.828,0
2.4561,-0.0001252155,36.8415,0,2.4561,0.0001430075,36.8415,0
2.457,-2.014191E-05,36.855,0,2.457,8.560311E-05,36.855,0
2.4579,-6.6804E-05,36.8685,0,2.4579,2.081331E-05,36.8685,0
2.4588,-4.39765E-05,36.882,0,2.4588,-2.786297E-05,36.882,0
2.4597,-4.095522E-05,36.8955,0,2.4597,2.316319E-05,36.8955,0
2.4606,-3.961242E-05,36.909,0,2.4606,-2.920577E-05,36.909,0
2.4615,-7.049668E-06,36.9225,0,2.4615,-0.0001349508,36.9225,0
2.4624,5.740444E-05,36.936,0,2.4624,-8.89601E-05,36.936,0
2.4633,9.063859E-06,36.9495,0,2.4633,3.860533E-05,36.9495,0
2.4642,8.86244E-05,36.963,0,2.4642,-2.517739E-05,36.963,0
2.4651,0.0002608377,36.9765,0,2.4651,-9.600977E-05,36.9765,0
2.466,0.0001386435,36.99,0,2.466,-1.040665E-05,36.99,0
2.4669,-6.948959E-05,37.0035,0,2.4669,-3.021286E-06,37.0035,0
2.4678,-1.242084E-05,37.017,0,2.4678,-8.526741E-05,37.017,0
2.4687,2.383459E-05,37.0305,0,2.4687,-7.586786E-05,37.0305,0
2.4696,-0.0001188373,37.044,0,2.4696,-5.606165E-05,37.044,0
2.4705,-7.956054E-05,37.0575,0,2.4705,-0.0001205158,37.0575,0
2.4714,-3.994812E-05,37.071,0,2.4714,-8.996719E-05,37.071,0
2.4723,-5.706874E-06,37.0845,0,2.4723,-0.0001077592,37.0845,0
2.4732,9.735256E-06,37.098,0,2.4732,-5.941863E-05,37.098,0
2.4741,-2.484169E-05,37.1115,0,2.4741,-7.049668E-06,37.1115,0
2.475,-2.652018E-05,37.125,0,2.475,4.095522E-05,37.125,0
2.4759,4.162661E-05,37.1385,0,2.4759,2.349889E-06,37.1385,0
2.4768,1.007095E-06,37.152,0,2.4768,2.786297E-05,37.152,0
2.4777,-4.33051E-05,37.1655,0,2.4777,-2.484169E-05,37.1655,0
2.4786,5.069047E-05,37.179,0,2.4786,-0.0001044022,37.179,0
2.4795,4.699779E-06,37.1925,0,2.4795,-4.699779E-06,37.1925,0
2.4804,2.24918E-05,37.206,0,2.4804,1.040665E-05,37.206,0
2.4813,7.217517E-05,37.2195,0,2.4813,-4.33051E-05,37.2195,0
2.4822,-2.618448E-05,37.233,0,2.4822,-2.450599E-05,37.233,0
2.4831,-7.351797E-05,37.2465,0,2.4831,7.385367E-06,37.2465,0
2.484,-9.533837E-05,37.26,0,2.484,-1.309224E-05,37.26,0
2.4849,-4.565499E-05,37.2735,0,2.4849,-7.519646E-05,37.2735,0
2.4858,2.24918E-05,37.287,0,2.4858,-0.0001198444,37.287,0
2.4867,5.337606E-05,37.3005,0,2.4867,-6.78111E-05,37.3005,0
2.4876,8.157473E-05,37.314,0,2.4876,-5.236896E-05,37.314,0
2.4885,9.298848E-05,37.3275,0,2.4885,-9.567407E-05,37.3275,0
2.4894,8.459602E-05,37.341,0,2.4894,-9.231708E-05,37.341,0
2.4903,-3.726253E-05,37.3545,0,2.4903,8.224613E-05,37.3545,0
2.4912,-2.349889E-05,37.368,0,2.4912,9.701686E-05,37.368,0
2.4921,9.903105E-05,37.3815,0,2.4921,4.36408E-06,37.3815,0
2.493,-2.484169E-05,37.395,0,2.493,9.097429E-05,37.395,0
2.4939,-2.987716E-05,37.4085,0,2.4939,4.39765E-05,37.4085,0
2.4948,8.728161E-06,37.422,0,2.4948,-5.606165E-05,37.422,0
2.4957,-0.0001070878,37.4355,0,2.4957,8.392462E-06,37.4355,0
2.4966,-8.761731E-05,37.449,0,2.4966,3.323415E-05,37.449,0
2.4975,-0.0001185016,37.4625,0,2.4975,-1.846342E-05,37.4625,0
2.4984,-0.000140322,37.476,0,2.4984,-3.524834E-05,37.476,0
2.4993,-8.493171E-05,37.4895,0,2.4993,-9.063859E-05,37.4895,0
2.5002,-0.000102388,37.503,0,2.5002,-0.0001597925,37.503,0
2.5011,-0.0001151446,37.5165,0,2.5011,-0.0001641566,37.5165,0
2.502,-6.915389E-05,37.53,0,2.502,-0.0002124971,37.53,0
2.5029,8.023193E-05,37.5435,0,2.5029,-0.0001651637,37.5435,0
2.5038,1.678492E-05,37.557,0,2.5038,2.383459E-05,37.557,0
2.5047,7.183947E-05,37.5705,0,2.5047,-6.915389E-05,37.5705,0
2.5056,0.0002047761,37.584,0,2.5056,-0.0001238727,37.584,0
2.5065,2.652018E-05,37.5975,0,2.5065,0.0001252155,37.5975,0
2.5074,1.443504E-05,37.611,0,2.5074,0.0002252537,37.611,0
2.5083,7.150377E-05,37.6245,0,2.5083,0.0001356222,37.6245,0
2.5092,9.399557E-05,37.638,0,2.5092,9.030289E-05,37.638,0
2.5101,-3.457694E-05,37.6515,0,2.5101,6.344701E-05,37.6515,0
2.511,-1.309224E-05,37.665,0,2.511,1.174945E-05,37.665,0
2.5119,5.505455E-05,37.6785,0,2.5119,-1.913481E-05,37.6785,0
2.5128,3.021286E-06,37.692,0,2.5128,-8.358892E-05,37.692,0
2.5137,-4.33051E-05,37.7055,0,2.5137,-1.107805E-05,37.7055,0
2.5146,-5.807584E-05,37.719,0,2.5146,6.378271E-06,37.719,0
2.5155,-0.0001107805,37.7325,0,2.5155,-3.256275E-05,37.7325,0
2.5164,-8.291753E-05,37.746,0,2.5164,-5.035477E-05,37.746,0
2.5173,-5.941863E-05,37.7595,0,2.5173,4.129091E-05,37.7595,0
2.5182,-1.275654E-05,37.773,0,2.5182,-3.356985E-07,37.773,0
2.5191,8.291753E-05,37.7865,0,2.5191,-8.325322E-05,37.7865,0
2.52,5.069047E-05,37.8,0,2.52,8.056763E-06,37.8,0
2.5209,-7.956054E-05,37.8135,0,2.5209,-2.920577E-05,37.8135,0
2.5218,-2.786297E-05,37.827,0,2.5218,-0.0001326009,37.827,0
2.5227,8.426032E-05,37.8405,0,2.5227,-0.000140322,37.8405,0
2.5236,7.486076E-05,37.854,0,2.5236,-8.526741E-05,37.854,0
2.5245,-3.189136E-05,37.8675,0,2.5245,-3.289845E-05,37.8675,0
2.5254,-9.365987E-05,37.881,0,2.5254,-3.793393E-05,37.881,0
2.5263,-2.081331E-05,37.8945,0,2.5263,-3.189136E-05,37.8945,0
2.5272,-8.056764E-05,37.908,0,2.5272,7.217517E-05,37.908,0
2.5281,-0.0002440528,37.9215,0,2.5281,6.143282E-05,37.9215,0
2.529,-0.0001188373,37.935,0,2.529,-4.599069E-05,37.935,0
2.5299,-1.678492E-06,37.9485,0,2.5299,-5.203327E-05,37.9485,0
2.5308,0.0001171588,37.962,0,2.5308,-4.699779E-06,37.962,0
2.5317,0.0002480812,37.9755,0,2.5317,-6.311131E-05,37.9755,0
2.5326,9.466698E-05,37.989,0,2.5326,-0.0001107805,37.989,0
2.5335,-7.888914E-05,38.0025,0,2.5335,-2.081331E-05,38.0025,0
2.5344,-4.36408E-06,38.016,0,2.5344,-4.599069E-05,38.016,0
2.5353,6.6804E-05,38.0295,0,2.5353,-0.0001003738,38.0295,0
2.5362,-7.956054E-05,38.043,0,2.5362,-7.150377E-05,38.043,0
2.5371,-0.000126894,38.0565,0,2.5371,-9.735256E-06,38.0565,0
2.538,-1.644922E-05,38.07,0,2.538,-9.063859E-06,38.07,0
2.5389,-1.376364E-05,38.0835,0,2.5389,3.155566E-05,38.0835,0
2.5398,1.577783E-05,38.097,0,2.5398,0,38.097,0
2.5407,6.915389E-05,38.1105,0,2.5407,-7.687495E-05,38.1105,0
2.5416,-9.466698E-05,38.124,0,2.5416,-0.0001275654,38.124,0
2.5425,-9.164568E-05,38.1375,0,2.5425,-0.0001342794,38.1375,0
2.5434,5.136187E-05,38.151,0,2.5434,-0.0001272297,38.151,0
2.5443,-5.941863E-05,38.1645,0,2.5443,5.706874E-06,38.1645,0
2.5452,-3.323415E-05,38.178,0,2.5452,0.0001232013,38.178,0
2.5461,0.0001232013,38.1915,0,2.5461,-1.275654E-05,38.1915,0
2.547,8.761731E-05,38.205,0,2.547,6.210422E-05,38.205,0
2.5479,5.975433E-05,38.2185,0,2.5479,-5.001907E-05,38.2185,0
2.5488,0.0001245441,38.232,0,2.5488,-0.0001524071,38.232,0
2.5497,0.0001366293,38.2455,0,2.5497,2.652018E-05,38.2455,0
2.5506,-5.673304E-05,38.259,0,2.5506,0.0002272679,38.259,0
2.5515,-7.385367E-06,38.2725,0,2.5515,0.0003038071,38.2725,0
2.5524,6.411841E-05,38.286,0,2.5524,0.0002077974,38.286,0
2.5533,4.196231E-05,38.2995,0,2.5533,5.505455E-05,38.2995,0
2.5542,-2.047761E-05,38.313,0,2.5542,4.599069E-05,38.313,0
2.5551,-3.289845E-05,38.3265,0,2.5551,0,38.3265,0
2.556,1.510643E-05,38.34,0,2.556,-9.332418E-05,38.34,0
2.5569,8.72816E-05,38.3535,0,2.5569,-0.0001309224,38.3535,0
2.5578,-3.155566E-05,38.367,0,2.5578,-4.599069E-05,38.367,0
2.5587,3.289845E-05,38.3805,0,2.5587,-2.853437E-05,38.3805,0
2.5596,8.560311E-05,38.394,0,2.5596,-7.486076E-05,38.394,0
2.5605,-2.719158E-05,38.4075,0,2.5605,3.927672E-05,38.4075,0
2.5614,-9.835965E-05,38.421,0,2.5614,0.0001017166,38.421,0
2.5623,-5.874724E-05,38.4345,0,2.5623,-6.411841E-05,38.4345,0
2.5632,7.486076E-05,38.448,0,2.5632,-0.0001232013,38.448,0
2.5641,-1.644922E-05,38.4615,0,2.5641,-4.766919E-05,38.4615,0
2.565,-0.0001198444,38.475,0,2.565,-6.243992E-05,38.475,0
2.5659,-4.901198E-05,38.4885,0,2.5659,-5.471885E-05,38.4885,0
2.5668,6.948959E-05,38.502,0,2.5668,-0.0001030594,38.502,0
2.5677,-7.653925E-05,38.5155,0,2.5677,0,38.5155,0
2.5686,-0.0001883268,38.529,0,2.5686,5.438316E-05,38.529,0
2.5695,-0.0001044022,38.5425,0,2.5695,-0.0001292439,38.5425,0
2.5704,1.678492E-06,38.556,0,2.5704,-6.411841E-05,38.556,0
2.5713,-0.000112459,38.5695,0,2.5713,5.337606E-05,38.5695,0
2.5722,-9.903105E-05,38.583,0,2.5722,5.539025E-05,38.583,0
2.5731,2.786297E-05,38.5965,0,2.5731,-3.390555E-05,38.5965,0
2.574,-8.526741E-05,38.61,0,2.574,3.692683E-06,38.61,0
2.5749,-1.577783E-05,38.6235,0,2.5749,-1.275654E-05,38.6235,0
2.5758,9.903105E-05,38.637,0,2.5758,-6.915389E-05,38.637,0
2.5767,-6.378271E-05,38.6505,0,2.5767,-6.277562E-05,38.6505,0
2.5776,-3.793393E-05,38.664,0,2.5776,-3.256275E-05,38.664,0
2.5785,0.0001134661,38.6775,0,2.5785,-7.687495E-05,38.6775,0
2.5794,5.673304E-05,38.691,0,2.5794,-9.298848E-05,38.691,0
2.5803,0.0001104448,38.7045,0,2.5803,-0.0001077592,38.7045,0
2.5812,8.761731E-05,38.718,0,2.5812,-3.256275E-05,38.718,0
2.5821,4.53193E-05,38.7315,0,2.5821,2.853437E-05,38.7315,0
2.583,3.256275E-05,38.745,0,2.583,1.913481E-05,38.745,0
2.5839,5.069047E-05,38.7585,0,2.5839,0.0001017166,38.7585,0
2.5848,-1.141375E-05,38.772,0,2.5848,0.0001688563,38.772,0
2.5857,-7.486076E-05,38.7855,0,2.5857,1.846342E-05,38.7855,0
2.5866,5.203327E-05,38.799,0,2.5866,-6.982528E-05,38.799,0
2.5875,1.174945E-05,38.8125,0,2.5875,2.1149E-05,38.8125,0
2.5884,-7.016098E-05,38.826,0,2.5884,7.721065E-06,38.826,0
2.5893,1.913481E-05,38.8395,0,2.5893,-7.418937E-05,38.8395,0
2.5902,7.049668E-06,38.853,0,2.5902,-6.076142E-05,38.853,0
2.5911,-0.0001389792,38.8665,0,2.5911,-1.947051E-05,38.8665,0
2.592,-0.0001832914,38.88,0,2.592,-4.46479E-05,38.88,0
2.5929,-0.0001467002,38.8935,0,2.5929,-3.659113E-05,38.8935,0
2.5938,-7.486076E-05,38.907,0,2.5938,-4.800488E-05,38.907,0
2.5947,-6.076142E-05,38.9205,0,2.5947,1.007095E-05,38.9205,0
2.5956,-9.802396E-05,38.934,0,2.5956,-1.040665E-05,38.934,0
2.5965,0.0001678492,38.9475,0,2.5965,-7.150377E-05,38.9475,0
2.5974,0.0001500572,38.961,0,2.5974,-5.035477E-05,38.961,0
2.5983,-5.169757E-05,38.9745,0,2.5983,1.812772E-05,38.9745,0
2.5992,-1.107805E-05,38.988,0,2.5992,-2.047761E-05,38.988,0
2.6001,4.39765E-05,39.0015,0,2.6001,-5.438316E-05,39.0015,0
2.601,-9.500267E-05,39.015,0,2.601,3.491264E-05,39.015,0
2.6019,-3.390555E-05,39.0285,0,2.6019,6.74754E-05,39.0285,0
2.6028,-2.584878E-05,39.042,0,2.6028,-2.383459E-05,39.042,0
2.6037,2.28275E-05,39.0555,0,2.6037,9.063859E-06,39.0555,0
2.6046,2.081331E-05,39.069,0,2.6046,4.934768E-05,39.069,0
2.6055,-4.061952E-05,39.0825,0,2.6055,2.987716E-05,39.0825,0
2.6064,-8.392462E-06,39.096,0,2.6064,-6.210422E-05,39.096,0
2.6073,3.155566E-05,39.1095,0,2.6073,-6.143282E-05,39.1095,0
2.6082,2.484169E-05,39.123,0,2.6082,-5.337606E-05,39.123,0
2.6091,6.277562E-05,39.1365,0,2.6091,-3.591974E-05,39.1365,0
2.61,0.0001554284,39.15,0,2.61,-2.853437E-05,39.15,0
2.6109,0.0001520714,39.1635,0,2.6109,-9.466698E-05,39.1635,0
2.6118,-5.069047E-05,39.177,0,2.6118,-3.826963E-05,39.177,0
2.6127,-2.517739E-05,39.1905,0,2.6127,-7.284657E-05,39.1905,0
2.6136,0.0001225299,39.204,0,2.6136,-0.0001185016,39.204,0
2.6145,-5.941863E-05,39.2175,0,2.6145,1.376364E-05,39.2175,0
2.6154,-7.452507E-05,39.231,0,2.6154,5.001907E-05,39.231,0
2.6163,3.524834E-05,39.2445,0,2.6163,-3.659113E-05,39.2445,0
2.6172,-0.0001490501,39.258,0,2.6172,-8.123904E-05,39.258,0
2.6181,-0.0002366674,39.2715,0,2.6181,-5.841154E-05,39.2715,0
2.619,-0.0001443503,39.285,0,2.619,-4.733349E-05,39.285,0
2.6199,-9.433127E-05,39.2985,0,2.6199,-4.968337E-05,39.2985,0
2.6208,-0.0001188373,39.312,0,2.6208,-6.6804E-05,39.312,0
2.6217,-5.673304E-05,39.3255,0,2.6217,3.256275E-05,39.3255,0
2.6226,-2.719158E-05,39.339,0,2.6226,8.493171E-05,39.339,0
2.6235,6.042573E-06,39.3525,0,2.6235,3.424125E-05,39.3525,0
2.6244,0.0001383078,39.366,0,2.6244,-5.404745E-05,39.366,0
2.6253,6.51255E-05,39.3795,0,2.6253,5.337606E-05,39.3795,0
2.6262,2.652018E-05,39.393,0,2.6262,8.392462E-06,39.393,0
2.6271,0.0001151446,39.4065,0,2.6271,3.390555E-05,39.4065,0
2.628,1.342794E-06,39.42,0,2.628,0.0002171969,39.42,0
2.6289,-4.666209E-05,39.4335,0,2.6289,9.970245E-05,39.4335,0
2.6298,7.049668E-06,39.447,0,2.6298,-2.887007E-05,39.447,0
2.6307,1.712062E-05,39.4605,0,2.6307,9.097429E-05,39.4605,0
2.6316,1.510643E-05,39.474,0,2.6316,9.332418E-05,39.474,0
2.6325,-6.54612E-05,39.4875,0,2.6325,-4.39765E-05,39.4875,0
2.6334,-7.687495E-05,39.501,0,2.6334,-0.0001107805,39.501,0
2.6343,1.745632E-05,39.5145,0,2.6343,-9.768826E-05,39.5145,0
2.6352,-5.706874E-06,39.528,0,2.6352,-6.478981E-05,39.528,0
2.6361,-8.392462E-06,39.5415,0,2.6361,-7.788205E-05,39.5415,0
2.637,2.383459E-05,39.555,0,2.637,-0.0001215228,39.555,0
2.6379,7.385367E-05,39.5685,0,2.6379,-0.0001574426,39.5685,0
2.6388,7.553216E-05,39.582,0,2.6388,-6.6804E-05,39.582,0
2.6397,0.0001836271,39.5955,0,2.6397,-6.411841E-05,39.5955,0
2.6406,0.0001245441,39.609,0,2.6406,-0.0001426719,39.609,0
2.6415,2.450599E-05,39.6225,0,2.6415,-1.141375E-05,39.6225,0
2.6424,-1.678492E-06,39.636,0,2.6424,8.157473E-05,39.636,0
2.6433,5.639734E-05,39.6495,0,2.6433,-4.43122E-05,39.6495,0
2.6442,6.243992E-05,39.663,0,2.6442,-3.222705E-05,39.663,0
2.6451,-7.183947E-05,39.6765,0,2.6451,6.378271E-06,39.6765,0
2.646,-2.618448E-05,39.69,0,2.646,-3.759823E-05,39.69,0
2.6469,-4.39765E-05,39.7035,0,2.6469,-2.685588E-05,39.7035,0
2.6478,-1.544213E-05,39.717,0,2.6478,-8.82887E-05,39.717,0
2.6487,-2.18204E-05,39.7305,0,2.6487,-2.752728E-05,39.7305,0
2.6496,-0.0002440528,39.744,0,2.6496,5.404745E-05,39.744,0
2.6505,-0.0001393149,39.7575,0,2.6505,-4.46479E-05,39.7575,0
2.6514,3.927672E-05,39.771,0,2.6514,-0.0001164874,39.771,0
2.6523,-5.975433E-05,39.7845,0,2.6523,-2.450599E-05,39.7845,0
2.6532,-3.256275E-05,39.798,0,2.6532,-7.486076E-05,39.798,0
2.6541,8.224613E-05,39.8115,0,2.6541,-0.0001104448,39.8115,0
2.655,-4.766919E-05,39.825,0,2.655,5.874724E-05,39.825,0
2.6559,-6.61326E-05,39.8385,0,2.6559,0.0001205158,39.8385,0
2.6568,1.846342E-05,39.852,0,2.6568,1.376364E-05,39.852,0
2.6577,0.0001299153,39.8655,0,2.6577,6.009003E-05,39.8655,0
2.6586,3.021286E-06,39.879,0,2.6586,0.0001265583,39.879,0
2.6595,0.0001027237,39.8925,0,2.6595,9.533837E-05,39.8925,0
2.6604,0.0001312581,39.906,0,2.6604,3.591974E-05,39.906,0
2.6613,6.076142E-05,39.9195,0,2.6613,-4.43122E-05,39.9195,0
2.6622,3.692683E-06,39.933,0,2.6622,5.035477E-06,39.933,0
2.6631,-0.0001265583,39.9465,0,2.6631,8.392462E-06,39.9465,0
2.664,-9.970245E-05,39.96,0,2.664,-2.853437E-05,39.96,0
2.6649,-4.196231E-05,39.9735,0,2.6649,-0.000102388,39.9735,0
2.6658,-0.0001033951,39.987,0,2.6658,-5.102617E-05,39.987,0
2.6667,-4.49836E-05,40.0005,0,2.6667,-1.376364E-05,40.0005,0
2.6676,-1.510643E-05,40.014,0,2.6676,-0.0001540856,40.014,0
2.6685,-5.673304E-05,40.0275,0,2.6685,-5.740444E-05,40.0275,0
2.6694,6.009003E-05,40.041,0,2.6694,6.54612E-05,40.041,0
2.6703,5.236896E-05,40.0545,0,2.6703,9.231708E-05,40.0545,0
2.6712,-0.000112459,40.068,0,2.6712,5.069047E-05,40.068,0
2.6721,-0.0001319295,40.0815,0,2.6721,5.136187E-05,40.0815,0
2.673,-7.116808E-05,40.095,0,2.673,3.659113E-05,40.095,0
2.6739,7.049668E-06,40.1085,0,2.6739,1.007095E-05,40.1085,0
2.6748,0.0001003738,40.122,0,2.6748,-7.620356E-05,40.122,0
2.6757,3.860533E-05,40.1355,0,2.6757,2.383459E-05,40.1355,0
2.6766,7.150377E-05,40.149,0,2.6766,-1.577783E-05,40.149,0
2.6775,4.901198E-05,40.1625,0,2.6775,-0.0001185016,40.1625,0
2.6784,0.0001067521,40.176,0,2.6784,-7.620356E-05,40.176,0
2.6793,-2.719158E-05,40.1895,0,2.6793,-2.887007E-05,40.1895,0
2.6802,-5.740444E-05,40.203,0,2.6802,-0.0001000381,40.203,0
2.6811,4.36408E-06,40.2165,0,2.6811,-0.000193698,40.2165,0
2.682,-0.0001221943,40.23,0,2.682,-3.424125E-05,40.23,0
2.6829,-8.023193E-05,40.2435,0,2.6829,7.049668E-06,40.2435,0
2.6838,4.934768E-05,40.257,0,2.6838,-3.121996E-05,40.257,0
2.6847,-0.0001312581,40.2705,0,2.6847,-7.049668E-06,40.2705,0
2.6856,-0.0001490501,40.284,0,2.6856,2.786297E-05,40.284,0
2.6865,5.841154E-05,40.2975,0,2.6865,3.289845E-05,40.2975,0
2.6874,1.040665E-05,40.311,0,2.6874,9.399558E-06,40.311,0
2.6883,2.24918E-05,40.3245,0,2.6883,-4.666209E-05,40.3245,0
2.6892,5.606165E-05,40.338,0,2.6892,-2.014191E-06,40.338,0
2.6901,-6.478981E-05,40.3515,0,2.6901,3.021286E-06,40.3515,0
2.691,-4.263371E-05,40.365,0,2.691,-2.584878E-05,40.365,0
2.6919,4.800488E-05,40.3785,0,2.6919,-8.560311E-05,40.3785,0
2.6928,-4.565499E-05,40.392,0,2.6928,-4.36408E-06,40.392,0
2.6937,-9.231708E-05,40.4055,0,2.6937,-3.524834E-05,40.4055,0
2.6946,3.054856E-05,40.419,0,2.6946,-0.0001084306,40.419,0
2.6955,-4.53193E-05,40.4325,0,2.6955,-9.735256E-06,40.4325,0
2.6964,-3.860533E-05,40.446,0,2.6964,2.719158E-05,40.446,0
2.6973,6.948959E-05,40.4595,0,2.6973,-3.256275E-05,40.4595,0
2.6982,1.409934E-05,40.473,0,2.6982,-7.687495E-05,40.473,0
2.6991,-8.82887E-05,40.4865,0,2.6991,-6.042573E-05,40.4865,0
2.7,-5.035477E-06,40.5,0,2.7,-4.666209E-05,40.5,0
2.7009,0.000112459,40.5135,0,2.7009,-5.136187E-05,40.5135,0
2.7018,0.0001312581,40.527,0,2.7018,-6.176852E-05,40.527,0
2.7027,-5.337606E-05,40.5405,0,2.7027,-1.644922E-05,40.5405,0
2.7036,-0.0002047761,40.554,0,2.7036,9.399558E-06,40.554,0
2.7045,-0.0001185016,40.5675,0,2.7045,-1.779202E-05,40.5675,0
2.7054,4.229801E-05,40.581,0,2.7054,-2.652018E-05,40.581,0
2.7063,1.040665E-05,40.5945,0,2.7063,6.411841E-05,40.5945,0
2.7072,-7.183947E-05,40.608,0,2.7072,7.183947E-05,40.608,0
2.7081,5.606165E-05,40.6215,0,2.7081,-6.948959E-05,40.6215,0
2.709,0.0001013809,40.635,0,2.709,-1.510643E-05,40.635,0
2.7099,0.0001201801,40.6485,0,2.7099,4.36408E-06,40.6485,0
2.7108,5.136187E-05,40.662,0,2.7108,3.692683E-06,40.662,0
2.7117,2.18204E-05,40.6755,0,2.7117,5.438316E-05,40.6755,0
2.7126,-6.51255E-05,40.689,0,2.7126,4.46479E-05,40.689,0
2.7135,-2.047761E-05,40.7025,0,2.7135,0,40.7025,0
2.7144,-2.349889E-05,40.716,0,2.7144,1.477073E-05,40.716,0
2.7153,6.6804E-05,40.7295,0,2.7153,-1.309224E-05,40.7295,0
2.7162,4.565499E-05,40.743,0,2.7162,2.383459E-05,40.743,0
2.7171,-4.196231E-05,40.7565,0,2.7171,-9.063859E-06,40.7565,0
2.718,1.342794E-05,40.77,0,2.718,-7.888914E-05,40.77,0
2.7189,6.344701E-05,40.7835,0,2.7189,-0.0001020523,40.7835,0
2.7198,-8.89601E-05,40.797,0,2.7198,-6.51255E-05,40.797,0
2.7207,-8.92958E-05,40.8105,0,2.7207,-0.0001087663,40.8105,0
2.7216,1.309224E-05,40.824,0,2.7216,-0.0001396506,40.824,0
2.7225,-0.0001473716,40.8375,0,2.7225,-2.383459E-05,40.8375,0
2.7234,-5.001907E-05,40.851,0,2.7234,-4.699779E-06,40.851,0
2.7243,6.243992E-05,40.8645,0,2.7243,-5.807584E-05,40.8645,0
2.7252,1.947051E-05,40.878,0,2.7252,-6.881819E-05,40.878,0
2.7261,-4.46479E-05,40.8915,0,2.7261,-8.056764E-05,40.8915,0
2.727,0.0001131304,40.905,0,2.727,-6.076142E-05,40.905,0
2.7279,0.0001755703,40.9185,0,2.7279,-9.735256E-06,40.9185,0
2.7288,0.0001728847,40.932,0,2.7288,-8.392462E-06,40.932,0
2.7297,0.0001111162,40.9455,0,2.7297,0.0001272297,40.9455,0
2.7306,-8.426032E-05,40.959,0,2.7306,0.000105745,40.959,0
2.7315,-0.0001332723,40.9725,0,2.7315,1.745632E-05,40.9725,0
2.7324,-3.558404E-05,40.986,0,2.7324,-4.196231E-05,40.986,0
2.7333,-6.143282E-05,40.9995,0,2.7333,6.64683E-05,40.9995,0
2.7342,-3.927672E-05,41.013,0,2.7342,8.023193E-05,41.013,0
2.7351,8.560311E-05,41.0265,0,2.7351,-3.793393E-05,41.0265,0
2.736,-2.28275E-05,41.04,0,2.736,0.0001064164,41.04,0
2.7369,-4.36408E-06,41.0535,0,2.7369,0.0001399863,41.0535,0
2.7378,7.721065E-06,41.067,0,2.7378,6.713969E-06,41.067,0
2.7387,-4.028382E-06,41.0805,0,2.7387,3.524834E-05,41.0805,0
2.7396,-6.881819E-05,41.094,0,2.7396,5.673304E-05,41.094,0
2.7405,-9.701686E-05,41.1075,0,2.7405,3.659113E-05,41.1075,0
2.7414,-2.719158E-05,41.121,0,2.7414,6.814679E-05,41.121,0
2.7423,5.236896E-05,41.1345,0,2.7423,-3.256275E-05,41.1345,0
2.7432,-3.457694E-05,41.148,0,2.7432,-9.063859E-06,41.148,0
2.7441,-2.853437E-05,41.1615,0,2.7441,-4.229801E-05,41.1615,0
2.745,4.599069E-05,41.175,0,2.745,-8.123904E-05,41.175,0
2.7459,-7.721065E-06,41.1885,0,2.7459,-0.0002970932,41.1885,0
2.7468,-0.0001312581,41.202,0,2.7468,-0.0002648661,41.202,0
2.7477,-8.291753E-05,41.2155,0,2.7477,-0.0001255512,41.2155,0
2.7486,-9.735256E-06,41.229,0,2.7486,-0.0001077592,41.229,0
2.7495,-5.404745E-05,41.2425,0,2.7495,3.121996E-05,41.2425,0
2.7504,6.848249E-05,41.256,0,2.7504,0.0001339437,41.256,0
2.7513,0.0002299535,41.2695,0,2.7513,7.888914E-05,41.2695,0
2.7522,0.0001715419,41.283,0,2.7522,5.572595E-05,41.283,0
2.7531,-3.356985E-07,41.2965,0,2.7531,5.706874E-05,41.2965,0
2.754,7.721065E-06,41.31,0,2.754,1.812772E-05,41.31,0
2.7549,1.376364E-05,41.3235,0,2.7549,-1.443504E-05,41.3235,0
2.7558,7.150377E-05,41.337,0,2.7558,-7.150377E-05,41.337,0
2.7567,1.712062E-05,41.3505,0,2.7567,-3.961242E-05,41.3505,0
2.7576,-0.0001540856,41.364,0,2.7576,-4.33051E-05,41.364,0
2.7585,-8.358892E-05,41.3775,0,2.7585,-9.265278E-05,41.3775,0
2.7594,-7.049668E-06,41.391,0,2.7594,-8.69459E-05,41.391,0
2.7603,-0.0001352865,41.4045,0,2.7603,6.814679E-05,41.4045,0
2.7612,-4.901198E-05,41.418,0,2.7612,-3.491264E-05,41.418,0
2.7621,0.0001500572,41.4315,0,2.7621,-0.0001540856,41.4315,0
2.763,-5.035477E-06,41.445,0,2.763,-3.256275E-05,41.445,0
2.7639,-7.721065E-05,41.4585,0,2.7639,-2.014191E-06,41.4585,0
2.7648,3.894102E-05,41.472,0,2.7648,-4.867628E-05,41.472,0
2.7657,-1.174945E-05,41.4855,0,2.7657,2.719158E-05,41.4855,0
2.7666,-0.0001779202,41.499,0,2.7666,5.471885E-05,41.499,0
2.7675,-0.0001218585,41.5125,0,2.7675,-1.544213E-05,41.5125,0
2.7684,-8.157473E-05,41.526,0,2.7684,-9.835965E-05,41.526,0
2.7693,-0.0001164874,41.5395,0,2.7693,-0.0002091402,41.5395,0
2.7702,-8.69459E-05,41.553,0,2.7702,-0.0001574426,41.553,0
2.7711,-0.0001467002,41.5665,0,2.7711,-5.203327E-05,41.5665,0
2.772,-0.0001097734,41.58,0,2.772,-2.18204E-05,41.58,0
2.7729,4.699779E-06,41.5935,0,2.7729,2.853437E-05,41.5935,0
2.7738,1.678492E-06,41.607,0,2.7738,0.0001127947,41.607,0
2.7747,7.553216E-05,41.6205,0,2.7747,8.560311E-05,41.6205,0
2.7756,0.0002863508,41.634,0,2.7756,-3.457694E-05,41.634,0
2.7765,0.0001641566,41.6475,0,2.7765,7.217517E-05,41.6475,0
2.7774,9.365987E-05,41.661,0,2.7774,6.411841E-05,41.661,0
2.7783,7.888914E-05,41.6745,0,2.7783,1.678492E-06,41.6745,0
2.7792,0.0001500572,41.688,0,2.7792,4.934768E-05,41.688,0
2.7801,-5.706874E-06,41.7015,0,2.7801,4.129091E-05,41.7015,0
2.781,-2.28275E-05,41.715,0,2.781,9.399558E-06,41.715,0
2.7819,1.443504E-05,41.7285,0,2.7819,-7.486076E-05,41.7285,0
2.7828,2.987716E-05,41.742,0,2.7828,-8.426032E-05,41.742,0
2.7837,-0.0001003738,41.7555,0,2.7837,-4.229801E-05,41.7555,0
2.7846,-0.0001292439,41.769,0,2.7846,-9.164568E-05,41.769,0
2.7855,-4.800488E-05,41.7825,0,2.7855,-0.000119173,41.7825,0
2.7864,5.606165E-05,41.796,0,2.7864,-7.251087E-05,41.796,0
2.7873,-7.687495E-05,41.8095,0,2.7873,-2.014191E-05,41.8095,0
2.7882,-3.155566E-05,41.823,0,2.7882,-4.666209E-05,41.823,0
2.7891,5.471885E-05,41.8365,0,2.7891,-0.0001037308,41.8365,0
2.79,-7.821774E-05,41.85,0,2.79,-3.256275E-05,41.85,0
2.7909,-3.793393E-05,41.8635,0,2.7909,-2.450599E-05,41.8635,0
2.7918,9.735256E-06,41.877,0,2.7918,-8.426032E-05,41.877,0
2.7927,-0.0001346151,41.8905,0,2.7927,-1.544213E-05,41.8905,0
2.7936,-0.0001517357,41.904,0,2.7936,8.493171E-05,41.904,0
2.7945,-3.659113E-05,41.9175,0,2.7945,5.102617E-05,41.9175,0
2.7954,-4.196231E-05,41.931,0,2.7954,5.941863E-05,41.931,0
2.7963,4.53193E-05,41.9445,0,2.7963,-3.356985E-06,41.9445,0
2.7972,9.231708E-05,41.958,0,2.7972,2.450599E-05,41.958,0
2.7981,-8.023193E-05,41.9715,0,2.7981,-7.049668E-06,41.9715,0
2.799,-8.493171E-05,41.985,0,2.799,-5.740444E-05,41.985,0
2.7999,4.934768E-05,41.9985,0,2.7999,-4.33051E-05,41.9985,0
2.8008,-4.901198E-05,42.012,0,2.8008,2.014191E-06,42.012,0
2.8017,-6.009003E-05,42.0255,0,2.8017,-2.685588E-05,42.0255,0
2.8026,5.673304E-05,42.039,0,2.8026,-8.89601E-05,42.039,0
2.8035,-1.745632E-05,42.0525,0,2.8035,1.510643E-05,42.0525,0
2.8044,-1.779202E-05,42.066,0,2.8044,1.477073E-05,42.066,0
2.8053,2.987716E-05,42.0795,0,2.8053,-6.143282E-05,42.0795,0
2.8062,-4.36408E-06,42.093,0,2.8062,-3.591974E-05,42.093,0
2.8071,-8.761731E-05,42.1065,0,2.8071,4.36408E-06,42.1065,0
2.808,-4.129091E-05,42.12,0,2.808,-5.471885E-05,42.12,0
2.8089,2.450599E-05,42.1335,0,2.8089,-7.486076E-05,42.1335,0
2.8098,3.189136E-05,42.147,0,2.8098,-5.001907E-05,42.147,0
2.8107,-4.934768E-05,42.1605,0,2.8107,-0.0001440146,42.1605,0
2.8116,-4.800488E-05,42.174,0,2.8116,-0.0002450599,42.174,0
2.8125,1.678492E-06,42.1875,0,2.8125,-8.661021E-05,42.1875,0
2.8134,-1.007095E-06,42.201,0,2.8134,-4.766919E-05,42.201,0
2.8143,-3.793393E-05,42.2145,0,2.8143,8.89601E-05,42.2145,0
2.8152,9.433127E-05,42.228,0,2.8152,0.0002762798,42.228,0
2.8161,0.0001977264,42.2415,0,2.8161,0.0001456931,42.2415,0
2.817,0.0001554284,42.255,0,2.817,0.0001628138,42.255,0
2.8179,9.097429E-05,42.2685,0,2.8179,0.0001198444,42.2685,0
2.8188,0.0001309224,42.282,0,2.8188,1.947051E-05,42.282,0
2.8197,7.620356E-05,42.2955,0,2.8197,4.36408E-06,42.2955,0
2.8206,-1.879912E-05,42.309,0,2.8206,2.517739E-05,42.309,0
2.8215,7.385367E-06,42.3225,0,2.8215,1.141375E-05,42.3225,0
2.8224,-4.36408E-05,42.336,0,2.8224,1.745632E-05,42.336,0
2.8233,2.719158E-05,42.3495,0,2.8233,-5.539025E-05,42.3495,0
2.8242,-2.987716E-05,42.363,0,2.8242,-9.735256E-06,42.363,0
2.8251,-0.0001819486,42.3765,0,2.8251,1.342794E-05,42.3765,0
2.826,-3.994812E-05,42.39,0,2.826,-4.263371E-05,42.39,0
2.8269,-2.450599E-05,42.4035,0,2.8269,-6.311131E-05,42.4035,0
2.8278,-0.0001238727,42.417,0,2.8278,-3.692683E-06,42.417,0
2.8287,-4.33051E-05,42.4305,0,2.8287,-2.517739E-05,42.4305,0
2.8296,5.069047E-05,42.444,0,2.8296,-0.0001121233,42.444,0
2.8305,-8.89601E-05,42.4575,0,2.8305,-4.36408E-05,42.4575,0
2.8314,-2.014191E-06,42.471,0,2.8314,-3.356985E-07,42.471,0
2.8323,7.318227E-05,42.4845,0,2.8323,-8.090334E-05,42.4845,0
2.8332,-4.46479E-05,42.498,0,2.8332,-2.517739E-05,42.498,0
2.8341,-0.0001027237,42.5115,0,2.8341,4.36408E-06,42.5115,0
2.835,5.203327E-05,42.525,0,2.835,-3.390555E-05,42.525,0
2.8359,-3.390555E-05,42.5385,0,2.8359,-7.486076E-05,42.5385,0
2.8368,6.713969E-07,42.552,0,2.8368,-0.0001185016,42.552,0
2.8377,5.874724E-05,42.5655,0,2.8377,-6.378271E-05,42.5655,0
2.8386,5.001907E-05,42.579,0,2.8386,-0.0001030594,42.579,0
2.8395,5.572595E-05,42.5925,0,2.8395,-0.0001141375,42.5925,0
2.8404,9.365987E-05,42.606,0,2.8404,-0.0001131304,42.606,0
2.8413,-3.054856E-05,42.6195,0,2.8413,-7.049668E-06,42.6195,0
2.8422,6.042573E-06,42.633,0,2.8422,-9.063859E-06,42.633,0
2.8431,9.634547E-05,42.6465,0,2.8431,-6.009003E-05,42.6465,0
2.844,3.189136E-05,42.66,0,2.844,7.016098E-05,42.66,0
2.8449,-8.560311E-05,42.6735,0,2.8449,8.157473E-05,42.6735,0
2.8458,-4.39765E-05,42.687,0,2.8458,3.491264E-05,42.687,0
2.8467,-3.256275E-05,42.7005,0,2.8467,2.28275E-05,42.7005,0
2.8476,-0.0001211871,42.714,0,2.8476,6.713969E-07,42.714,0
2.8485,-6.61326E-05,42.7275,0,2.8485,-2.551309E-05,42.7275,0
2.8494,-8.392462E-06,42.741,0,2.8494,-2.685588E-05,42.741,0
2.8503,-4.53193E-05,42.7545,0,2.8503,-5.438316E-05,42.7545,0
2.8512,9.735256E-06,42.768,0,2.8512,2.1149E-05,42.768,0
2.8521,1.040665E-05,42.7815,0,2.8521,5.337606E-05,42.7815,0
2.853,-7.586786E-05,42.795,0,2.853,2.484169E-05,42.795,0
2.8539,2.685588E-06,42.8085,0,2.8539,-7.049668E-06,42.8085,0
2.8548,-6.277562E-05,42.822,0,2.8548,3.793393E-05,42.822,0
2.8557,-2.21561E-05,42.8355,0,2.8557,-3.692683E-06,42.8355,0
2.8566,5.337606E-05,42.849,0,2.8566,-9.970245E-05,42.849,0
2.8575,-4.867628E-05,42.8625,0,2.8575,-1.678492E-06,42.8625,0
2.8584,5.505455E-05,42.876,0,2.8584,3.692683E-06,42.876,0
2.8593,9.030289E-05,42.8895,0,2.8593,-7.721065E-05,42.8895,0
2.8602,4.934768E-05,42.903,0,2.8602,-4.263371E-05,42.903,0
2.8611,3.021286E-05,42.9165,0,2.8611,3.021286E-06,42.9165,0
2.862,-1.712062E-05,42.93,0,2.862,-2.24918E-05,42.93,0
2.8629,2.014191E-05,42.9435,0,2.8629,-9.735256E-06,42.9435,0
2.8638,0.0001117876,42.957,0,2.8638,-5.438316E-05,42.957,0
2.8647,0,42.9705,0,2.8647,-1.678492E-06,42.9705,0
2.8656,-9.701686E-05,42.984,0,2.8656,2.349889E-06,42.984,0
2.8665,-1.846342E-05,42.9975,0,2.8665,-6.311131E-05,42.9975,0
2.8674,-6.378271E-06,43.011,0,2.8674,-6.915389E-05,43.011,0
2.8683,-7.922484E-05,43.0245,0,2.8683,-2.551309E-05,43.0245,0
2.8692,-3.927672E-05,43.038,0,2.8692,-4.934768E-05,43.038,0
2.8701,0.0001080949,43.0515,0,2.8701,-0.000102388,43.0515,0
2.871,-4.699779E-05,43.065,0,2.871,-9.735256E-06,43.065,0
2.8719,-9.533837E-05,43.0785,0,2.8719,1.577783E-05,43.0785,0
2.8728,3.726253E-05,43.092,0,2.8728,-3.256275E-05,43.092,0
2.8737,4.39765E-05,43.1055,0,2.8737,2.450599E-05,43.1055,0
2.8746,-9.869535E-05,43.119,0,2.8746,5.102617E-05,43.119,0
2.8755,-4.934768E-05,43.1325,0,2.8755,6.378271E-06,43.1325,0
2.8764,-2.081331E-05,43.146,0,2.8764,-2.551309E-05,43.146,0
2.8773,-2.18204E-05,43.1595,0,2.8773,-6.51255E-05,43.1595,0
2.8782,-1.644922E-05,43.173,0,2.8782,-2.18204E-05,43.173,0
2.8791,-0.0001718776,43.1865,0,2.8791,1.477073E-05,43.1865,0
2.88,-8.82887E-05,43.2,0,2.88,-3.692683E-05,43.2,0
2.8809,-6.713969E-07,43.2135,0,2.8809,-1.611353E-05,43.2135,0
2.8818,-2.014191E-05,43.227,0,2.8818,5.001907E-05,43.227,0
2.8827,-3.994812E-05,43.2405,0,2.8827,3.692683E-06,43.2405,0
2.8836,5.169757E-05,43.254,0,2.8836,-5.706874E-05,43.254,0
2.8845,-1.107805E-05,43.2675,0,2.8845,1.107805E-05,43.2675,0
2.8854,-9.735256E-06,43.281,0,2.8854,1.040665E-05,43.281,0
2.8863,1.510643E-05,43.2945,0,2.8863,-5.841154E-05,43.2945,0
2.8872,9.500267E-05,43.308,0,2.8872,2.349889E-06,43.308,0
2.8881,-3.424125E-05,43.3215,0,2.8881,3.323415E-05,43.3215,0
2.889,-1.275654E-05,43.335,0,2.889,1.980621E-05,43.335,0
2.8899,7.016098E-05,43.3485,0,2.8899,3.021286E-06,43.3485,0
2.8908,4.263371E-05,43.362,0,2.8908,-3.457694E-05,43.362,0
2.8917,-4.36408E-06,43.3755,0,2.8917,6.378271E-06,43.3755,0
2.8926,-3.155566E-05,43.389,0,2.8926,-2.853437E-05,43.389,0
2.8935,1.040665E-05,43.4025,0,2.8935,-8.89601E-05,43.4025,0
2.8944,4.129091E-05,43.416,0,2.8944,-0.0001064164,43.416,0
2.8953,-8.493171E-05,43.4295,0,2.8953,-4.666209E-05,43.4295,0
2.8962,-3.021286E-05,43.443,0,2.8962,-4.095522E-05,43.443,0
2.8971,7.251087E-05,43.4565,0,2.8971,-5.404745E-05,43.4565,0
2.898,-9.735256E-06,43.47,0,2.898,5.874724E-05,43.47,0
2.8989,-9.735256E-06,43.4835,0,2.8989,0.000115816,43.4835,0
2.8998,1.007095E-06,43.497,0,2.8998,7.083238E-05,43.497,0
2.9007,8.761731E-05,43.5105,0,2.9007,4.263371E-05,43.5105,0
2.9016,2.1149E-05,43.524,0,2.9016,7.687495E-05,43.524,0
2.9025,-6.378271E-06,43.5375,0,2.9025,3.289845E-05,43.5375,0
2.9034,-2.450599E-05,43.551,0,2.9034,1.040665E-05,43.551,0
2.9043,3.457694E-05,43.5645,0,2.9043,-4.599069E-05,43.5645,0
2.9052,2.752728E-05,43.578,0,2.9052,-9.399558E-06,43.578,0
2.9061,-0.0001668421,43.5915,0,2.9061,1.947051E-05,43.5915,0
2.907,-8.258183E-05,43.605,0,2.907,-5.941863E-05,43.605,0
2.9079,5.337606E-05,43.6185,0,2.9079,-9.433127E-05,43.6185,0
2.9088,-9.835965E-05,43.632,0,2.9088,-2.484169E-05,43.632,0
2.9097,-6.210422E-05,43.6455,0,2.9097,-6.814679E-05,43.6455,0
2.9106,8.023193E-05,43.659,0,2.9106,-0.0001319295,43.659,0
2.9115,-2.719158E-05,43.6725,0,2.9115,-1.779202E-05,43.6725,0
2.9124,3.726253E-05,43.686,0,2.9124,-3.793393E-05,43.686,0
2.9133,0.0001017166,43.6995,0,2.9133,-0.0001651637,43.6995,0
2.9142,3.021286E-05,43.713,0,2.9142,-9.231708E-05,43.713,0
2.9151,-3.390555E-05,43.7265,0,2.9151,-1.846342E-05,43.7265,0
2.916,1.174945E-05,43.74,0,2.916,-4.867628E-05,43.74,0
2.9169,8.090334E-05,43.7535,0,2.9169,-3.961242E-05,43.7535,0
2.9178,4.196231E-05,43.767,0,2.9178,-7.083238E-05,43.767,0
2.9187,1.007095E-06,43.7805,0,2.9187,2.014191E-06,43.7805,0
2.9196,-9.903105E-05,43.794,0,2.9196,1.644922E-05,43.794,0
2.9205,-6.411841E-05,43.8075,0,2.9205,-2.551309E-05,43.8075,0
2.9214,-2.987716E-05,43.821,0,2.9214,-2.786297E-05,43.821,0
2.9223,-8.191043E-05,43.8345,0,2.9223,3.256275E-05,43.8345,0
2.9232,-6.143282E-05,43.848,0,2.9232,2.618448E-05,43.848,0
2.9241,6.009003E-05,43.8615,0,2.9241,-7.687495E-05,43.8615,0
2.925,-3.356985E-07,43.875,0,2.925,-2.517739E-05,43.875,0
2.9259,3.356985E-07,43.8885,0,2.9259,-6.411841E-05,43.8885,0
2.9268,9.600977E-05,43.902,0,2.9268,-0.0001433432,43.902,0
2.9277,-1.879912E-05,43.9155,0,2.9277,-0.0001037308,43.9155,0
2.9286,-5.740444E-05,43.929,0,2.9286,-7.150377E-05,43.929,0
2.9295,-3.390555E-05,43.9425,0,2.9295,-3.155566E-05,43.9425,0
2.9304,-2.383459E-05,43.956,0,2.9304,1.275654E-05,43.956,0
2.9313,6.243992E-05,43.9695,0,2.9313,2.819867E-05,43.9695,0
2.9322,3.826963E-05,43.983,0,2.9322,0.0001064164,43.983,0
2.9331,6.814679E-05,43.9965,0,2.9331,7.620356E-05,43.9965,0
2.934,0.0001138018,44.01,0,2.934,4.699779E-06,44.01,0
2.9349,4.934768E-05,44.0235,0,2.9349,-6.713969E-07,44.0235,0
2.9358,-2.652018E-05,44.037,0,2.9358,5.606165E-05,44.037,0
2.9367,3.726253E-05,44.0505,0,2.9367,2.450599E-05,44.0505,0
2.9376,7.284657E-05,44.064,0,2.9376,-1.678492E-05,44.064,0
2.9385,-4.095522E-05,44.0775,0,2.9385,8.090334E-05,44.0775,0
2.9394,-7.486076E-05,44.091,0,2.9394,0.0001292439,44.091,0
2.9403,-3.256275E-05,44.1045,0,2.9403,3.659113E-05,44.1045,0
2.9412,-0.0001064164,44.118,0,2.9412,2.1149E-05,44.118,0
2.9421,-0.0001574426,44.1315,0,2.9421,7.284657E-05,44.1315,0
2.943,-4.733349E-05,44.145,0,2.943,2.316319E-05,44.145,0
2.9439,-5.841154E-05,44.1585,0,2.9439,-1.107805E-05,44.1585,0
2.9448,2.450599E-05,44.172,0,2.9448,-5.169757E-05,44.172,0
2.9457,9.030289E-05,44.1855,0,2.9457,-1.712062E-05,44.1855,0
2.9466,4.632639E-05,44.199,0,2.9466,-3.457694E-05,44.199,0
2.9475,7.049668E-06,44.2125,0,2.9475,-0.0001211871,44.2125,0
2.9484,5.471885E-05,44.226,0,2.9484,-0.0001292439,44.226,0
2.9493,-2.987716E-05,44.2395,0,2.9493,-4.061952E-05,44.2395,0
2.9502,-2.14847E-05,44.253,0,2.9502,-9.164568E-05,44.253,0
2.9511,7.553216E-05,44.2665,0,2.9511,-0.0001265583,44.2665,0
2.952,7.049668E-06,44.28,0,2.952,-3.994812E-05,44.28,0
2.9529,-0.0001033951,44.2935,0,2.9529,-4.800488E-05,44.2935,0
2.9538,1.007095E-06,44.307,0,2.9538,-9.433127E-05,44.307,0
2.9547,1.947051E-05,44.3205,0,2.9547,-4.834058E-05,44.3205,0
2.9556,-7.888914E-05,44.334,0,2.9556,5.706874E-06,44.334,0
2.9565,-3.155566E-05,44.3475,0,2.9565,-3.054856E-05,44.3475,0
2.9574,1.443504E-05,44.361,0,2.9574,-2.450599E-05,44.361,0
2.9583,7.721065E-06,44.3745,0,2.9583,-5.035477E-05,44.3745,0
2.9592,-3.591974E-05,44.388,0,2.9592,1.644922E-05,44.388,0
2.9601,-0.000105745,44.4015,0,2.9601,-3.692683E-06,44.4015,0
2.961,-0.0001238727,44.415,0,2.961,-5.874724E-05,44.415,0
2.9619,-1.107805E-05,44.4285,0,2.9619,-6.64683E-05,44.4285,0
2.9628,-6.51255E-05,44.442,0,2.9628,1.242084E-05,44.442,0
2.9637,-1.376364E-05,44.4555,0,2.9637,-3.021286E-06,44.4555,0
2.9646,5.606165E-05,44.469,0,2.9646,-6.64683E-05,44.469,0
2.9655,-2.987716E-05,44.4825,0,2.9655,2.18204E-05,44.4825,0
2.9664,1.174945E-05,44.496,0,2.9664,2.349889E-05,44.496,0
2.9673,2.1149E-05,44.5095,0,2.9673,-6.009003E-05,44.5095,0
2.9682,1.846342E-05,44.523,0,2.9682,-3.457694E-05,44.523,0
2.9691,-2.484169E-05,44.5365,0,2.9691,3.189136E-05,44.5365,0
2.97,-5.539025E-05,44.55,0,2.97,-9.735256E-06,44.55,0
2.9709,-2.316319E-05,44.5635,0,2.9709,3.323415E-05,44.5635,0
2.9718,9.231708E-05,44.577,0,2.9718,1.644922E-05,44.577,0
2.9727,4.53193E-05,44.5905,0,2.9727,6.61326E-05,44.5905,0
2.9736,4.53193E-05,44.604,0,2.9736,6.948959E-05,44.604,0
2.9745,0.0001084306,44.6175,0,2.9745,1.712062E-05,44.6175,0
2.9754,0.0001070878,44.631,0,2.9754,6.713969E-07,44.631,0
2.9763,-5.471885E-05,44.6445,0,2.9763,3.088426E-05,44.6445,0
2.9772,-8.728161E-06,44.658,0,2.9772,-6.713969E-07,44.658,0
2.9781,0.0001030594,44.6715,0,2.9781,-6.143282E-05,44.6715,0
2.979,-7.486076E-05,44.685,0,2.979,-3.692683E-06,44.685,0
2.9799,-0.0001174945,44.6985,0,2.9799,-3.256275E-05,44.6985,0
2.9808,3.692683E-06,44.712,0,2.9808,-9.567407E-05,44.712,0
2.9817,-2.920577E-05,44.7255,0,2.9817,-9.533837E-05,44.7255,0
2.9826,-9.365987E-05,44.739,0,2.9826,-4.599069E-05,44.739,0
2.9835,-2.1149E-05,44.7525,0,2.9835,-6.109713E-05,44.7525,0
2.9844,-1.712062E-05,44.766,0,2.9844,-6.915389E-05,44.766,0
2.9853,2.21561E-05,44.7795,0,2.9853,-9.231708E-05,44.7795,0
2.9862,2.517739E-05,44.793,0,2.9862,-3.558404E-05,44.793,0
2.9871,4.666209E-05,44.8065,0,2.9871,-2.24918E-05,44.8065,0
2.988,-2.517739E-05,44.82,0,2.988,-5.270466E-05,44.82,0
2.9889,4.162661E-05,44.8335,0,2.9889,-4.867628E-05,44.8335,0
2.9898,-6.210422E-05,44.847,0,2.9898,2.719158E-05,44.847,0
2.9907,-3.256275E-05,44.8605,0,2.9907,-7.049668E-06,44.8605,0
2.9916,0.000119173,44.874,0,2.9916,-5.740444E-05,44.874,0
2.9925,-3.994812E-05,44.8875,0,2.9925,4.53193E-05,44.8875,0
2.9934,-0.0001611353,44.901,0,2.9934,3.625543E-05,44.901,0
2.9943,-5.404745E-05,44.9145,0,2.9943,-7.385367E-05,44.9145,0
2.9952,-5.035477E-06,44.928,0,2.9952,-7.049668E-06,44.928,0
2.9961,-0.0001641566,44.9415,0,2.9961,-9.399558E-06,44.9415,0
2.997,-0.0001013809,44.955,0,2.997,-3.424125E-05,44.955,0
2.9979,-4.33051E-05,44.9685,0,2.9979,-3.155566E-05,44.9685,0
2.9988,5.069047E-05,44.982,0,2.9988,-4.901198E-05,44.982,0
2.9997,3.189136E-05,44.9955,0,2.9997,3.625543E-05,44.9955,0
3.0006,-4.061952E-05,45.009,0,3.0006,3.927672E-05,45.009,0
3.0015,-3.524834E-05,45.0225,0,3.0015,-1.577783E-05,45.0225,0
3.0024,1.577783E-05,45.036,0,3.0024,-3.390555E-05,45.036,0
3.0033,-3.054856E-05,45.0495,0,3.0033,3.793393E-05,45.0495,0
3.0042,-1.174945E-05,45.063,0,3.0042,1.913481E-05,45.063,0
3.0051,1.577783E-05,45.0765,0,3.0051,-3.793393E-05,45.0765,0
3.006,-3.558404E-05,45.09,0,3.006,3.457694E-05,45.09,0
3.0069,2.1149E-05,45.1035,0,3.0069,1.712062E-05,45.1035,0
3.0078,-2.18204E-05,45.117,0,3.0078,-7.452507E-05,45.117,0
3.0087,-4.699779E-06,45.1305,0,3.0087,-4.33051E-05,45.1305,0
3.0096,-5.673304E-05,45.144,0,3.0096,3.356985E-06,45.144,0
3.0105,-2.21561E-05,45.1575,0,3.0105,-3.356985E-06,45.1575,0
3.0114,1.376364E-05,45.171,0,3.0114,6.713969E-07,45.171,0
3.0123,8.157473E-05,45.1845,0,3.0123,-4.196231E-05,45.1845,0
3.0132,8.291753E-05,45.198,0,3.0132,2.18204E-05,45.198,0
3.0141,2.24918E-05,45.2115,0,3.0141,4.129091E-05,45.2115,0
3.015,5.471885E-05,45.225,0,3.015,-7.049668E-06,45.225,0
3.0159,0.0001275654,45.2385,0,3.0159,-2.517739E-05,45.2385,0
3.0168,-3.826963E-05,45.252,0,3.0168,5.169757E-05,45.252,0
3.0177,-1.409934E-05,45.2655,0,3.0177,2.14847E-05,45.2655,0
3.0186,0.0001258869,45.279,0,3.0186,-4.229801E-05,45.279,0
3.0195,-2.383459E-05,45.2925,0,3.0195,4.666209E-05,45.2925,0
3.0204,-5.539025E-05,45.306,0,3.0204,4.934768E-05,45.306,0
3.0213,8.392462E-06,45.3195,0,3.0213,-2.18204E-05,45.3195,0
3.0222,-0.0001050736,45.333,0,3.0222,-1.980621E-05,45.333,0
3.0231,-0.0001121233,45.3465,0,3.0231,1.644922E-05,45.3465,0
3.024,-7.385367E-05,45.36,0,3.024,-2.517739E-05,45.36,0
3.0249,3.356985E-07,45.3735,0,3.0249,-3.860533E-05,45.3735,0
3.0258,-1.309224E-05,45.387,0,3.0258,-7.553216E-05,45.387,0
3.0267,1.879912E-05,45.4005,0,3.0267,-4.733349E-05,45.4005,0
3.0276,9.063859E-06,45.414,0,3.0276,-3.961242E-05,45.414,0
3.0285,-1.712062E-05,45.4275,0,3.0285,-7.418937E-05,45.4275,0
3.0294,2.987716E-05,45.441,0,3.0294,-9.063859E-05,45.441,0
3.0303,-5.774014E-05,45.4545,0,3.0303,-2.719158E-05,45.4545,0
3.0312,-4.901198E-05,45.468,0,3.0312,-2.987716E-05,45.468,0
3.0321,6.948959E-05,45.4815,0,3.0321,-0.0001067521,45.4815,0
3.033,1.040665E-05,45.495,0,3.033,-8.392462E-06,45.495,0
3.0339,1.779202E-05,45.5085,0,3.0339,-1.409934E-05,45.5085,0
3.0348,9.701686E-05,45.522,0,3.0348,-7.687495E-05,45.522,0
3.0357,-3.927672E-05,45.5355,0,3.0357,-5.841154E-05,45.5355,0
3.0366,-4.095522E-05,45.549,0,3.0366,1.443504E-05,45.549,0
3.0375,-3.793393E-05,45.5625,0,3.0375,-1.913481E-05,45.5625,0
3.0384,-3.289845E-05,45.576,0,3.0384,-2.719158E-05,45.576,0
3.0393,1.309224E-05,45.5895,0,3.0393,-8.090334E-05,45.5895,0
3.0402,-5.706874E-06,45.603,0,3.0402,-2.316319E-05,45.603,0
3.0411,-5.673304E-05,45.6165,0,3.0411,-1.007095E-05,45.6165,0
3.042,4.36408E-06,45.63,0,3.042,-5.203327E-05,45.63,0
3.0429,-3.323415E-05,45.6435,0,3.0429,-5.572595E-05,45.6435,0
3.0438,-8.291753E-05,45.657,0,3.0438,-5.035477E-06,45.657,0
3.0447,3.524834E-05,45.6705,0,3.0447,-2.081331E-05,45.6705,0
3.0456,6.478981E-05,45.684,0,3.0456,-7.553216E-05,45.684,0
3.0465,-4.36408E-05,45.6975,0,3.0465,2.047761E-05,45.6975,0
3.0474,6.915389E-05,45.711,0,3.0474,2.316319E-05,45.711,0
3.0483,0.000105745,45.7245,0,3.0483,-5.941863E-05,45.7245,0
3.0492,2.21561E-05,45.738,0,3.0492,-2.081331E-05,45.738,0
3.0501,-2.786297E-05,45.7515,0,3.0501,3.457694E-05,45.7515,0
3.051,1.342794E-06,45.765,0,3.051,1.846342E-05,45.765,0
3.0519,-7.049668E-05,45.7785,0,3.0519,2.652018E-05,45.7785,0
3.0528,8.728161E-06,45.792,0,3.0528,-2.618448E-05,45.792,0
3.0537,1.007095E-06,45.8055,0,3.0537,2.853437E-05,45.8055,0
3.0546,-0.0001789273,45.819,0,3.0546,3.155566E-05,45.819,0
3.0555,-8.761731E-05,45.8325,0,3.0555,-3.121996E-05,45.8325,0
3.0564,-3.356985E-07,45.846,0,3.0564,-3.793393E-05,45.846,0
3.0573,-7.821774E-05,45.8595,0,3.0573,5.169757E-05,45.8595,0
3.0582,-3.793393E-05,45.873,0,3.0582,6.54612E-05,45.873,0
3.0591,8.627451E-05,45.8865,0,3.0591,1.577783E-05,45.8865,0
3.06,-2.349889E-05,45.9,0,3.06,-3.826963E-05,45.9,0
3.0609,-9.265278E-05,45.9135,0,3.0609,-5.706874E-06,45.9135,0
3.0618,1.577783E-05,45.927,0,3.0618,-5.001907E-05,45.927,0
3.0627,3.726253E-05,45.9405,0,3.0627,-2.652018E-05,45.9405,0
3.0636,-9.768826E-05,45.954,0,3.0636,2.349889E-06,45.954,0
3.0645,-2.081331E-05,45.9675,0,3.0645,-2.887007E-05,45.9675,0
3.0654,2.047761E-05,45.981,0,3.0654,-3.457694E-05,45.981,0
3.0663,5.136187E-05,45.9945,0,3.0663,-7.956054E-05,45.9945,0
3.0672,7.687495E-05,46.008,0,3.0672,-1.678492E-06,46.008,0
3.0681,-9.735256E-06,46.0215,0,3.0681,-1.342794E-05,46.0215,0
3.069,-5.136187E-05,46.035,0,3.069,-7.116808E-05,46.035,0
3.0699,2.853437E-05,46.0485,0,3.0699,-8.090334E-05,46.0485,0
3.0708,-5.673304E-05,46.062,0,3.0708,6.378271E-06,46.062,0
3.0717,3.356985E-06,46.0755,0,3.0717,-2.450599E-05,46.0755,0
3.0726,5.001907E-05,46.089,0,3.0726,-0.0001003738,46.089,0
3.0735,-8.392462E-06,46.1025,0,3.0735,-7.049668E-06,46.1025,0
3.0744,5.169757E-05,46.116,0,3.0744,1.208515E-05,46.116,0
3.0753,0.0001044022,46.1295,0,3.0753,-5.539025E-05,46.1295,0
3.0762,-1.242084E-05,46.143,0,3.0762,1.309224E-05,46.143,0
3.0771,-5.673304E-05,46.1565,0,3.0771,3.726253E-05,46.1565,0
3.078,-6.009003E-05,46.17,0,3.078,-7.721065E-06,46.17,0
3.0789,-1.242084E-05,46.1835,0,3.0789,-2.316319E-05,46.1835,0
3.0798,8.526741E-05,46.197,0,3.0798,-8.426032E-05,46.197,0
3.0807,1.275654E-05,46.2105,0,3.0807,-4.095522E-05,46.2105,0
3.0816,-4.46479E-05,46.224,0,3.0816,-6.848249E-05,46.224,0
3.0825,3.189136E-05,46.2375,0,3.0825,-9.365987E-05,46.2375,0
3.0834,1.577783E-05,46.251,0,3.0834,-9.231708E-05,46.251,0
3.0843,-8.560311E-05,46.2645,0,3.0843,-3.726253E-05,46.2645,0
3.0852,-9.735256E-06,46.278,0,3.0852,-6.042573E-05,46.278,0
3.0861,5.304036E-05,46.2915,0,3.0861,-0.0001020523,46.2915,0
3.087,-8.96315E-05,46.305,0,3.087,-1.678492E-06,46.305,0
3.0879,-3.961242E-05,46.3185,0,3.0879,2.752728E-05,46.3185,0
3.0888,2.551309E-05,46.332,0,3.0888,-2.450599E-05,46.332,0
3.0897,-1.913481E-05,46.3455,0,3.0897,5.035477E-06,46.3455,0
3.0906,-7.452507E-05,46.359,0,3.0906,5.203327E-05,46.359,0
3.0915,0,46.3725,0,3.0915,0,46.3725,0
3.0924,0,46.386,0,3.0924,0,46.386,0
3.0933,0,46.3995,0,3.0933,0,46.3995,0
3.0942,0,46.413,0,3.0942,0,46.413,0
3.0951,0,46.4265,0,3.0951,0,46.4265,0
3.096,0,46.44,0,3.096,0,46.44,0
3.0969,0,46.4535,0,3.0969,0,46.4535,0
3.0978,0,46.467,0,3.0978,0,46.467,0
3.0987,0,46.4805,0,3.0987,0,46.4805,0
3.0996,0,46.494,0,3.0996,0,46.494,0
3.1005,0,46.5075,0,3.1005,0,46.5075,0
3.1014,0,46.521,0,3.1014,0,46.521,0
3.1023,0,46.5345,0,3.1023,0,46.5345,0
3.1032,0,46.548,0,3.1032,0,46.548,0
3.1041,0,46.5615,0,3.1041,0,46.5615,0
3.105,0,46.575,0,3.105,0,46.575,0
3.1059,0,46.5885,0,3.1059,0,46.5885,0
3.1068,0,46.602,0,3.1068,0,46.602,0
3.1077,0,46.6155,0,3.1077,0,46.6155,0
3.1086,0,46.629,0,3.1086,0,46.629,0
3.1095,0,46.6425,0,3.1095,0,46.6425,0
3.1104,0,46.656,0,3.1104,0,46.656,0
3.1113,0,46.6695,0,3.1113,0,46.6695,0
3.1122,0,46.683,0,3.1122,0,46.683,0
3.1131,0,46.6965,0,3.1131,0,46.6965,0
3.114,0,46.71,0,3.114,0,46.71,0
3.1149,0,46.7235,0,3.1149,0,46.7235,0
3.1158,0,46.737,0,3.1158,0,46.737,0
3.1167,0,46.7505,0,3.1167,0,46.7505,0
3.1176,0,46.764,0,3.1176,0,46.764,0
3.1185,0,46.7775,0,3.1185,0,46.7775,0
3.1194,0,46.791,0,3.1194,0,46.791,0
3.1203,0,46.8045,0,3.1203,0,46.8045,0
3.1212,0,46.818,0,3.1212,0,46.818,0
3.1221,0,46.8315,0,3.1221,0,46.8315,0
3.123,0,46.845,0,3.123,0,46.845,0
3.1239,0,46.8585,0,3.1239,0,46.8585,0
3.1248,0,46.872,0,3.1248,0,46.872,0
3.1257,0,46.8855,0,3.1257,0,46.8855,0
3.1266,0,46.899,0,3.1266,0,46.899,0
3.1275,0,46.9125,0,3.1275,0,46.9125,0
3.1284,0,46.926,0,3.1284,0,46.926,0
3.1293,0,46.9395,0,3.1293,0,46.9395,0
3.1302,0,46.953,0,3.1302,0,46.953,0
3.1311,0,46.9665,0,3.1311,0,46.9665,0
3.132,0,46.98,0,3.132,0,46.98,0
3.1329,0,46.9935,0,3.1329,0,46.9935,0
3.1338,0,47.007,0,3.1338,0,47.007,0
3.1347,0,47.0205,0,3.1347,0,47.0205,0
3.1356,0,47.034,0,3.1356,0,47.034,0
3.1365,0,47.0475,0,3.1365,0,47.0475,0
3.1374,0,47.061,0,3.1374,0,47.061,0
3.1383,0,47.0745,0,3.1383,0,47.0745,0
3.1392,0,47.088,0,3.1392,0,47.088,0
3.1401,0,47.1015,0,3.1401,0,47.1015,0
3.141,0,47.115,0,3.141,0,47.115,0
3.1419,0,47.1285,0,3.1419,0,47.1285,0
3.1428,0,47.142,0,3.1428,0,47.142,0
3.1437,0,47.1555,0,3.1437,0,47.1555,0
3.1446,0,47.169,0,3.1446,0,47.169,0
3.1455,0,47.1825,0,3.1455,0,47.1825,0
3.1464,0,47.196,0,3.1464,0,47.196,0
3.1473,0,47.2095,0,3.1473,0,47.2095,0
3.1482,0,47.223,0,3.1482,0,47.223,0
3.1491,0,47.2365,0,3.1491,0,47.2365,0
3.15,0,47.25,0,3.15,0,47.25,0
3.1509,0,47.2635,0,3.1509,0,47.2635,0
3.1518,0,47.277,0,3.1518,0,47.277,0
3.1527,0,47.2905,0,3.1527,0,47.2905,0
3.1536,0,47.304,0,3.1536,0,47.304,0
3.1545,0,47.3175,0,3.1545,0,47.3175,0
3.1554,0,47.331,0,3.1554,0,47.331,0
3.1563,0,47.3445,0,3.1563,0,47.3445,0
3.1572,0,47.358,0,3.1572,0,47.358,0
3.1581,0,47.3715,0,3.1581,0,47.3715,0
3.159,0,47.385,0,3.159,0,47.385,0
3.1599,0,47.3985,0,3.1599,0,47.3985,0
3.1608,0,47.412,0,3.1608,0,47.412,0
3.1617,0,47.4255,0,3.1617,0,47.4255,0
3.1626,0,47.439,0,3.1626,0,47.439,0
3.1635,0,47.4525,0,3.1635,0,47.4525,0
3.1644,0,47.466,0,3.1644,0,47.466,0
3.1653,0,47.4795,0,3.1653,0,47.4795,0
3.1662,0,47.493,0,3.1662,0,47.493,0
3.1671,0,47.5065,0,3.1671,0,47.5065,0
3.168,0,47.52,0,3.168,0,47.52,0
3.1689,0,47.5335,0,3.1689,0,47.5335,0
3.1698,0,47.547,0,3.1698,0,47.547,0
3.1707,0,47.5605,0,3.1707,0,47.5605,0
3.1716,0,47.574,0,3.1716,0,47.574,0
3.1725,0,47.5875,0,3.1725,0,47.5875,0
3.1734,0,47.601,0,3.1734,0,47.601,0
3.1743,0,47.6145,0,3.1743,0,47.6145,0
3.1752,0,47.628,0,3.1752,0,47.628,0
3.1761,0,47.6415,0,3.1761,0,47.6415,0
3.177,0,47.655,0,3.177,0,47.655,0
3.1779,0,47.6685,0,3.1779,0,47.6685,0
3.1788,0,47.682,0,3.1788,0,47.682,0
3.1797,0,47.6955,0,3.1797,0,47.6955,0
3.1806,0,47.709,0,3.1806,0,47.709,0
3.1815,0,47.7225,0,3.1815,0,47.7225,0
3.1824,0,47.736,0,3.1824,0,47.736,0
3.1833,0,47.7495,0,3.1833,0,47.7495,0
3.1842,0,47.763,0,3.1842,0,47.763,0
3.1851,0,47.7765,0,3.1851,0,47.7765,0
3.186,0,47.79,0,3.186,0,47.79,0
3.1869,0,47.8035,0,3.1869,0,47.8035,0
3.1878,0,47.817,0,3.1878,0,47.817,0
3.1887,0,47.8305,0,3.1887,0,47.8305,0
3.1896,0,47.844,0,3.1896,0,47.844,0
3.1905,0,47.8575,0,3.1905,0,47.8575,0
3.1914,0,47.871,0,3.1914,0,47.871,0
3.1923,0,47.8845,0,3.1923,0,47.8845,0
3.1932,0,47.898,0,3.1932,0,47.898,0
3.1941,0,47.9115,0,3.1941,0,47.9115,0
3.195,0,47.925,0,3.195,0,47.925,0
3.1959,0,47.9385,0,3.1959,0,47.9385,0
3.1968,0,47.952,0,3.1968,0,47.952,0
3.1977,0,47.9655,0,3.1977,0,47.9655,0
3.1986,0,47.979,0,3.1986,0,47.979,0
3.1995,0,47.9925,0,3.1995,0,47.9925,0
3.2004,0,48.006,0,3.2004,0,48.006,0
3.2013,0,48.0195,0,3.2013,0,48.0195,0
3.2022,0,48.033,0,3.2022,0,48.033,0
3.2031,0,48.0465,0,3.2031,0,48.0465,0
3.204,0,48.06,0,3.204,0,48.06,0
3.2049,0,48.0735,0,3.2049,0,48.0735,0
3.2058,0,48.087,0,3.2058,0,48.087,0
3.2067,0,48.1005,0,3.2067,0,48.1005,0
3.2076,0,48.114,0,3.2076,0,48.114,0
3.2085,0,48.1275,0,3.2085,0,48.1275,0
3.2094,0,48.141,0,3.2094,0,48.141,0
3.2103,0,48.1545,0,3.2103,0,48.1545,0
3.2112,0,48.168,0,3.2112,0,48.168,0
3.2121,0,48.1815,0,3.2121,0,48.1815,0
3.213,0,48.195,0,3.213,0,48.195,0
3.2139,0,48.2085,0,3.2139,0,48.2085,0
3.2148,0,48.222,0,3.2148,0,48.222,0
3.2157,0,48.2355,0,3.2157,0,48.2355,0
3.2166,0,48.249,0,3.2166,0,48.249,0
3.2175,0,48.2625,0,3.2175,0,48.2625,0
3.2184,0,48.276,0,3.2184,0,48.276,0
3.2193,0,48.2895,0,3.2193,0,48.2895,0
3.2202,0,48.303,0,3.2202,0,48.303,0
3.2211,0,48.3165,0,3.2211,0,48.3165,0
3.222,0,48.33,0,3.222,0,48.33,0
3.2229,0,48.3435,0,3.2229,0,48.3435,0
3.2238,0,48.357,0,3.2238,0,48.357,0
3.2247,0,48.3705,0,3.2247,0,48.3705,0
3.2256,0,48.384,0,3.2256,0,48.384,0
3.2265,0,48.3975,0,3.2265,0,48.3975,0
3.2274,0,48.411,0,3.2274,0,48.411,0
3.2283,0,48.4245,0,3.2283,0,48.4245,0
3.2292,0,48.438,0,3.2292,0,48.438,0
3.2301,0,48.4515,0,3.2301,0,48.4515,0
3.231,0,48.465,0,3.231,0,48.465,0
3.2319,0,48.4785,0,3.2319,0,48.4785,0
3.2328,0,48.492,0,3.2328,0,48.492,0
3.2337,0,48.5055,0,3.2337,0,48.5055,0
3.2346,0,48.519,0,3.2346,0,48.519,0
3.2355,0,48.5325,0,3.2355,0,48.5325,0
3.2364,0,48.546,0,3.2364,0,48.546,0
3.2373,0,48.5595,0,3.2373,0,48.5595,0
3.2382,0,48.573,0,3.2382,0,48.573,0
3.2391,0,48.5865,0,3.2391,0,48.5865,0
3.24,0,48.6,0,3.24,0,48.6,0
3.2409,0,48.6135,0,3.2409,0,48.6135,0
3.2418,0,48.627,0,3.2418,0,48.627,0
3.2427,0,48.6405,0,3.2427,0,48.6405,0
3.2436,0,48.654,0,3.2436,0,48.654,0
3.2445,0,48.6675,0,3.2445,0,48.6675,0
3.2454,0,48.681,0,3.2454,0,48.681,0
3.2463,0,48.6945,0,3.2463,0,48.6945,0
3.2472,0,48.708,0,3.2472,0,48.708,0
3.2481,0,48.7215,0,3.2481,0,48.7215,0
3.249,0,48.735,0,3.249,0,48.735,0
3.2499,0,48.7485,0,3.2499,0,48.7485,0
3.2508,0,48.762,0,3.2508,0,48.762,0
3.2517,0,48.7755,0,3.2517,0,48.7755,0
3.2526,0,48.789,0,3.2526,0,48.789,0
3.2535,0,48.8025,0,3.2535,0,48.8025,0
3.2544,0,48.816,0,3.2544,0,48.816,0
3.2553,0,48.8295,0,3.2553,0,48.8295,0
3.2562,0,48.843,0,3.2562,0,48.843,0
3.2571,0,48.8565,0,3.2571,0,48.8565,0
3.258,0,48.87,0,3.258,0,48.87,0
3.2589,0,48.8835,0,3.2589,0,48.8835,0
3.2598,0,48.897,0,3.2598,0,48.897,0
3.2607,0,48.9105,0,3.2607,0,48.9105,0
3.2616,0,48.924,0,3.2616,0,48.924,0
3.2625,0,48.9375,0,3.2625,0,48.9375,0
3.2634,0,48.951,0,3.2634,0,48.951,0
3.2643,0,48.9645,0,3.2643,0,48.9645,0
3.2652,0,48.978,0,3.2652,0,48.978,0
3.2661,0,48.9915,0,3.2661,0,48.9915,0
3.267,0,49.005,0,3.267,0,49.005,0
3.2679,0,49.0185,0,3.2679,0,49.0185,0
3.2688,0,49.032,0,3.2688,0,49.032,0
3.2697,0,49.0455,0,3.2697,0,49.0455,0
3.2706,0,49.059,0,3.2706,0,49.059,0
3.2715,0,49.0725,0,3.2715,0,49.0725,0
3.2724,0,49.086,0,3.2724,0,49.086,0
3.2733,0,49.0995,0,3.2733,0,49.0995,0
3.2742,0,49.113,0,3.2742,0,49.113,0
3.2751,0,49.1265,0,3.2751,0,49.1265,0
3.276,0,49.14,0,3.276,0,49.14,0
3.2769,0,49.1535,0,3.2769,0,49.1535,0
3.2778,0,49.167,0,3.2778,0,49.167,0
3.2787,0,49.1805,0,3.2787,0,49.1805,0
3.2796,0,49.194,0,3.2796,0,49.194,0
3.2805,0,49.2075,0,3.2805,0,49.2075,0
3.2814,0,49.221,0,3.2814,0,49.221,0
3.2823,0,49.2345,0,3.2823,0,49.2345,0
3.2832,0,49.248,0,3.2832,0,49.248,0
3.2841,0,49.2615,0,3.2841,0,49.2615,0
3.285,0,49.275,0,3.285,0,49.275,0
3.2859,0,49.2885,0,3.2859,0,49.2885,0
3.2868,0,49.302,0,3.2868,0,49.302,0
3.2877,0,49.3155,0,3.2877,0,49.3155,0
3.2886,0,49.329,0,3.2886,0,49.329,0
3.2895,0,49.3425,0,3.2895,0,49.3425,0
3.2904,0,49.356,0,3.2904,0,49.356,0
3.2913,0,49.3695,0,3.2913,0,49.3695,0
3.2922,0,49.383,0,3.2922,0,49.383,0
3.2931,0,49.3965,0,3.2931,0,49.3965,0
3.294,0,49.41,0,3.294,0,49.41,0
3.2949,0,49.4235,0,3.2949,0,49.4235,0
3.2958,0,49.437,0,3.2958,0,49.437,0
3.2967,0,49.4505,0,3.2967,0,49.4505,0
3.2976,0,49.464,0,3.2976,0,49.464,0
3.2985,0,49.4775,0,3.2985,0,49.4775,0
3.2994,0,49.491,0,3.2994,0,49.491,0
3.3003,0,49.5045,0,3.3003,0,49.5045,0
3.3012,0,49.518,0,3.3012,0,49.518,0
3.3021,0,49.5315,0,3.3021,0,49.5315,0
3.303,0,49.545,0,3.303,0,49.545,0
3.3039,0,49.5585,0,3.3039,0,49.5585,0
3.3048,0,49.572,0,3.3048,0,49.572,0
3.3057,0,49.5855,0,3.3057,0,49.5855,0
3.3066,0,49.599,0,3.3066,0,49.599,0
3.3075,0,49.6125,0,3.3075,0,49.6125,0
3.3084,0,49.626,0,3.3084,0,49.626,0
3.3093,0,49.6395,0,3.3093,0,49.6395,0
3.3102,0,49.653,0,3.3102,0,49.653,0
3.3111,0,49.6665,0,3.3111,0,49.6665,0
3.312,0,49.68,0,3.312,0,49.68,0
3.3129,0,49.6935,0,3.3129,0,49.6935,0
3.3138,0,49.707,0,3.3138,0,49.707,0
3.3147,0,49.7205,0,3.3147,0,49.7205,0
3.3156,0,49.734,0,3.3156,0,49.734,0
3.3165,0,49.7475,0,3.3165,0,49.7475,0
3.3174,0,49.761,0,3.3174,0,49.761,0
3.3183,0,49.7745,0,3.3183,0,49.7745,0
3.3192,0,49.788,0,3.3192,0,49.788,0
3.3201,0,49.8015,0,3.3201,0,49.8015,0
3.321,0,49.815,0,3.321,0,49.815,0
3.3219,0,49.8285,0,3.3219,0,49.8285,0
3.3228,0,49.842,0,3.3228,0,49.842,0
3.3237,0,49.8555,0,3.3237,0,49.8555,0
3.3246,0,49.869,0,3.3246,0,49.869,0
3.3255,0,49.8825,0,3.3255,0,49.8825,0
3.3264,0,49.896,0,3.3264,0,49.896,0
3.3273,0,49.9095,0,3.3273,0,49.9095,0
3.3282,0,49.923,0,3.3282,0,49.923,0
3.3291,0,49.9365,0,3.3291,0,49.9365,0
3.33,0,49.95,0,3.33,0,49.95,0
3.3309,0,49.9635,0,3.3309,0,49.9635,0
3.3318,0,49.977,0,3.3318,0,49.977,0
3.3327,0,49.9905,0,3.3327,0,49.9905,0
3.3336,0,50.004,0,3.3336,0,50.004,0
3.3345,0,50.0175,0,3.3345,0,50.0175,0
3.3354,0,50.031,0,3.3354,0,50.031,0
3.3363,0,50.0445,0,3.3363,0,50.0445,0
3.3372,0,50.058,0,3.3372,0,50.058,0
3.3381,0,50.0715,0,3.3381,0,50.0715,0
3.339,0,50.085,0,3.339,0,50.085,0
3.3399,0,50.0985,0,3.3399,0,50.0985,0
3.3408,0,50.112,0,3.3408,0,50.112,0
3.3417,0,50.1255,0,3.3417,0,50.1255,0
3.3426,0,50.139,0,3.3426,0,50.139,0
3.3435,0,50.1525,0,3.3435,0,50.1525,0
3.3444,0,50.166,0,3.3444,0,50.166,0
3.3453,0,50.1795,0,3.3453,0,50.1795,0
3.3462,0,50.193,0,3.3462,0,50.193,0
3.3471,0,50.2065,0,3.3471,0,50.2065,0
3.348,0,50.22,0,3.348,0,50.22,0
3.3489,0,50.2335,0,3.3489,0,50.2335,0
3.3498,0,50.247,0,3.3498,0,50.247,0
3.3507,0,50.2605,0,3.3507,0,50.2605,0
3.3516,0,50.274,0,3.3516,0,50.274,0
3.3525,0,50.2875,0,3.3525,0,50.2875,0
3.3534,0,50.301,0,3.3534,0,50.301,0
3.3543,0,50.3145,0,3.3543,0,50.3145,0
3.3552,0,50.328,0,3.3552,0,50.328,0
3.3561,0,50.3415,0,3.3561,0,50.3415,0
3.357,0,50.355,0,3.357,0,50.355,0
3.3579,0,50.3685,0,3.3579,0,50.3685,0
3.3588,0,50.382,0,3.3588,0,50.382,0
3.3597,0,50.3955,0,3.3597,0,50.3955,0
3.3606,0,50.409,0,3.3606,0,50.409,0
3.3615,0,50.4225,0,3.3615,0,50.4225,0
3.3624,0,50.436,0,3.3624,0,50.436,0
3.3633,0,50.4495,0,3.3633,0,50.4495,0
3.3642,0,50.463,0,3.3642,0,50.463,0
3.3651,0,50.4765,0,3.3651,0,50.4765,0
3.366,0,50.49,0,3.366,0,50.49,0
3.3669,0,50.5035,0,3.3669,0,50.5035,0
3.3678,0,50.517,0,3.3678,0,50.517,0
3.3687,0,50.5305,0,3.3687,0,50.5305,0
3.3696,0,50.544,0,3.3696,0,50.544,0
3.3705,0,50.5575,0,3.3705,0,50.5575,0
3.3714,0,50.571,0,3.3714,0,50.571,0
3.3723,0,50.5845,0,3.3723,0,50.5845,0
3.3732,0,50.598,0,3.3732,0,50.598,0
3.3741,0,50.6115,0,3.3741,0,50.6115,0
3.375,0,50.625,0,3.375,0,50.625,0
3.3759,0,50.6385,0,3.3759,0,50.6385,0
3.3768,0,50.652,0,3.3768,0,50.652,0
3.3777,0,50.6655,0,3.3777,0,50.6655,0
3.3786,0,50.679,0,3.3786,0,50.679,0
3.3795,0,50.6925,0,3.3795,0,50.6925,0
3.3804,0,50.706,0,3.3804,0,50.706,0
3.3813,0,50.7195,0,3.3813,0,50.7195,0
3.3822,0,50.733,0,3.3822,0,50.733,0
3.3831,0,50.7465,0,3.3831,0,50.7465,0
3.384,0,50.76,0,3.384,0,50.76,0
3.3849,0,50.7735,0,3.3849,0,50.7735,0
3.3858,0,50.787,0,3.3858,0,50.787,0
3.3867,0,50.8005,0,3.3867,0,50.8005,0
3.3876,0,50.814,0,3.3876,0,50.814,0
3.3885,0,50.8275,0,3.3885,0,50.8275,0
3.3894,0,50.841,0,3.3894,0,50.841,0
3.3903,0,50.8545,0,3.3903,0,50.8545,0
3.3912,0,50.868,0,3.3912,0,50.868,0
3.3921,0,50.8815,0,3.3921,0,50.8815,0
3.393,0,50.895,0,3.393,0,50.895,0
3.3939,0,50.9085,0,3.3939,0,50.9085,0
3.3948,0,50.922,0,3.3948,0,50.922,0
3.3957,0,50.9355,0,3.3957,0,50.9355,0
3.3966,0,50.949,0,3.3966,0,50.949,0
3.3975,0,50.9625,0,3.3975,0,50.9625,0
3.3984,0,50.976,0,3.3984,0,50.976,0
3.3993,0,50.9895,0,3.3993,0,50.9895,0
3.4002,0,51.003,0,3.4002,0,51.003,0
3.4011,0,51.0165,0,3.4011,0,51.0165,0
3.402,0,51.03,0,3.402,0,51.03,0
3.4029,0,51.0435,0,3.4029,0,51.0435,0
3.4038,0,51.057,0,3.4038,0,51.057,0
3.4047,0,51.0705,0,3.4047,0,51.0705,0
3.4056,0,51.084,0,3.4056,0,51.084,0
3.4065,0,51.0975,0,3.4065,0,51.0975,0
3.4074,0,51.111,0,3.4074,0,51.111,0
3.4083,0,51.1245,0,3.4083,0,51.1245,0
3.4092,0,51.138,0,3.4092,0,51.138,0
3.4101,0,51.1515,0,3.4101,0,51.1515,0
3.411,0,51.165,0,3.411,0,51.165,0
3.4119,0,51.1785,0,3.4119,0,51.1785,0
3.4128,0,51.192,0,3.4128,0,51.192,0
3.4137,0,51.2055,0,3.4137,0,51.2055,0
3.4146,0,51.219,0,3.4146,0,51.219,0
3.4155,0,51.2325,0,3.4155,0,51.2325,0
3.4164,0,51.246,0,3.4164,0,51.246,0
3.4173,0,51.2595,0,3.4173,0,51.2595,0
3.4182,0,51.273,0,3.4182,0,51.273,0
3.4191,0,51.2865,0,3.4191,0,51.2865,0
3.42,0,51.3,0,3.42,0,51.3,0
3.4209,0,51.3135,0,3.4209,0,51.3135,0
3.4218,0,51.327,0,3.4218,0,51.327,0
3.4227,0,51.3405,0,3.4227,0,51.3405,0
3.4236,0,51.354,0,3.4236,0,51.354,0
3.4245,0,51.3675,0,3.4245,0,51.3675,0
3.4254,0,51.381,0,3.4254,0,51.381,0
3.4263,0,51.3945,0,3.4263,0,51.3945,0
3.4272,0,51.408,0,3.4272,0,51.408,0
3.4281,0,51.4215,0,3.4281,0,51.4215,0
3.429,0,51.435,0,3.429,0,51.435,0
3.4299,0,51.4485,0,3.4299,0,51.4485,0
3.4308,0,51.462,0,3.4308,0,51.462,0
3.4317,0,51.4755,0,3.4317,0,51.4755,0
3.4326,0,51.489,0,3.4326,0,51.489,0
3.4335,0,51.5025,0,3.4335,0,51.5025,0
3.4344,0,51.516,0,3.4344,0,51.516,0
3.4353,0,51.5295,0,3.4353,0,51.5295,0
3.4362,0,51.543,0,3.4362,0,51.543,0
3.4371,0,51.5565,0,3.4371,0,51.5565,0
3.438,0,51.57,0,3.438,0,51.57,0
3.4389,0,51.5835,0,3.4389,0,51.5835,0
3.4398,0,51.597,0,3.4398,0,51.597,0
3.4407,0,51.6105,0,3.4407,0,51.6105,0
3.4416,0,51.624,0,3.4416,0,51.624,0
3.4425,0,51.6375,0,3.4425,0,51.6375,0
3.4434,0,51.651,0,3.4434,0,51.651,0
3.4443,0,51.6645,0,3.4443,0,51.6645,0
3.4452,0,51.678,0,3.4452,0,51.678,0
3.4461,0,51.6915,0,3.4461,0,51.6915,0
3.447,0,51.705,0,3.447,0,51.705,0
3.4479,0,51.7185,0,3.4479,0,51.7185,0
3.4488,0,51.732,0,3.4488,0,51.732,0
3.4497,0,51.7455,0,3.4497,0,51.7455,0
3.4506,0,51.759,0,3.4506,0,51.759,0
3.4515,0,51.7725,0,3.4515,0,51.7725,0
3.4524,0,51.786,0,3.4524,0,51.786,0
3.4533,0,51.7995,0,3.4533,0,51.7995,0
3.4542,0,51.813,0,3.4542,0,51.813,0
3.4551,0,51.8265,0,3.4551,0,51.8265,0
3.456,0,51.84,0,3.456,0,51.84,0
3.4569,0,51.8535,0,3.4569,0,51.8535,0
3.4578,0,51.867,0,3.4578,0,51.867,0
3.4587,0,51.8805,0,3.4587,0,51.8805,0
3.4596,0,51.894,0,3.4596,0,51.894,0
3.4605,0,51.9075,0,3.4605,0,51.9075,0
3.4614,0,51.921,0,3.4614,0,51.921,0
3.4623,0,51.9345,0,3.4623,0,51.9345,0
3.4632,0,51.948,0,3.4632,0,51.948,0
3.4641,0,51.9615,0,3.4641,0,51.9615,0
3.465,0,51.975,0,3.465,0,51.975,0
3.4659,0,51.9885,0,3.4659,0,51.9885,0
3.4668,0,52.002,0,3.4668,0,52.002,0
3.4677,0,52.0155,0,3.4677,0,52.0155,0
3.4686,0,52.029,0,3.4686,0,52.029,0
3.4695,0,52.0425,0,3.4695,0,52.0425,0
3.4704,0,52.056,0,3.4704,0,52.056,0
3.4713,0,52.0695,0,3.4713,0,52.0695,0
3.4722,0,52.083,0,3.4722,0,52.083,0
3.4731,0,52.0965,0,3.4731,0,52.0965,0
3.474,0,52.11,0,3.474,0,52.11,0
3.4749,0,52.1235,0,3.4749,0,52.1235,0
3.4758,0,52.137,0,3.4758,0,52.137,0
3.4767,0,52.1505,0,3.4767,0,52.1505,0
3.4776,0,52.164,0,3.4776,0,52.164,0
3.4785,0,52.1775,0,3.4785,0,52.1775,0
3.4794,0,52.191,0,3.4794,0,52.191,0
3.4803,0,52.2045,0,3.4803,0,52.2045,0
3.4812,0,52.218,0,3.4812,0,52.218,0
3.4821,0,52.2315,0,3.4821,0,52.2315,0
3.483,0,52.245,0,3.483,0,52.245,0
3.4839,0,52.2585,0,3.4839,0,52.2585,0
3.4848,0,52.272,0,3.4848,0,52.272,0
3.4857,0,52.2855,0,3.4857,0,52.2855,0
3.4866,0,52.299,0,3.4866,0,52.299,0
3.4875,0,52.3125,0,3.4875,0,52.3125,0
3.4884,0,52.326,0,3.4884,0,52.326,0
3.4893,0,52.3395,0,3.4893,0,52.3395,0
3.4902,0,52.353,0,3.4902,0,52.353,0
3.4911,0,52.3665,0,3.4911,0,52.3665,0
3.492,0,52.38,0,3.492,0,52.38,0
3.4929,0,52.3935,0,3.4929,0,52.3935,0
3.4938,0,52.407,0,3.4938,0,52.407,0
3.4947,0,52.4205,0,3.4947,0,52.4205,0
3.4956,0,52.434,0,3.4956,0,52.434,0
