X[s],"Trigno IM sensor 3: EMG 3 (IM)",X[s],"Trigno IM sensor 3: Mag 3.Z (IM)",X[s],"Trigno IM sensor 4: EMG 4 (IM)",X[s],"Trigno IM sensor 4: Mag 4.Z (IM)"
0.000000,7.418937E-05,0.000000,43,0.000000,-4.49836E-05,0.000000,107
0.0009,-2.652018E-05,0.0135,45,0.0009,-1.007095E-06,0.0135,104
0.0018,-7.452507E-05,0.027,42,0.0018,-1.846342E-05,0.027,106
0.0027,-1.007095E-06,0.0405,44,0.0027,-4.43122E-05,0.0405,105
0.0036,2.014191E-06,0.054,43,0.0036,-3.826963E-05,0.054,105
0.0045,-4.733349E-05,0.0675,45,0.0045,-4.53193E-05,0.0675,107
0.0054,-5.874724E-05,0.081,44,0.0054,-5.001907E-05,0.081,104
0.0063,-1.644922E-05,0.0945,43,0.0063,-4.028382E-05,0.0945,101
0.0072,-2.987716E-05,0.108,44,0.0072,-3.826963E-05,0.108,104
0.0081,-3.021286E-05,0.1215,44,0.0081,-4.699779E-05,0.1215,103
0.009000001,3.659113E-05,0.135,44,0.009000001,-2.517739E-05,0.135,105
0.0099,9.500267E-05,0.1485,43,0.0099,-2.383459E-05,0.1485,101
0.0108,5.337606E-05,0.162,43,0.0108,-3.927672E-05,0.162,108
0.0117,6.6804E-05,0.1755,44,0.0117,-3.457694E-05,0.1755,107
0.0126,4.061952E-05,0.189,45,0.0126,-4.061952E-05,0.189,106
0.0135,-7.721065E-06,0.2025,44,0.0135,-5.270466E-05,0.2025,107
0.0144,2.21561E-05,0.216,43,0.0144,-8.560311E-05,0.216,106
0.0153,2.484169E-05,0.2295,43,0.0153,-6.74754E-05,0.2295,103
0.0162,-4.599069E-05,0.243,44,0.0162,-4.632639E-05,0.243,108
0.0171,-1.678492E-05,0.2565,44,0.0171,-8.996719E-05,0.2565,105
0.018,5.304036E-05,0.27,43,0.018,-6.64683E-05,0.27,106
0.0189,-1.007095E-06,0.2835,43,0.0189,-2.719158E-05,0.2835,106
0.0198,-7.385367E-06,0.297,42,0.0198,-1.913481E-05,0.297,107
0.0207,8.392462E-06,0.3105,43,0.0207,-2.047761E-05,0.3105,107
0.0216,-8.392462E-06,0.324,44,0.0216,-7.049668E-06,0.324,104
0.0225,-4.36408E-05,0.3375,44,0.0225,-1.443504E-05,0.3375,105
0.0234,-7.653925E-05,0.351,44,0.0234,5.035477E-06,0.351,104
0.0243,-0.000126894,0.3645,43,0.0243,-1.678492E-06,0.3645,108
0.0252,1.510643E-05,0.378,43,0.0252,-1.342794E-06,0.378,109
0.0261,1.007095E-06,0.3915,43,0.0261,4.028382E-06,0.3915,106
0.027,6.277562E-05,0.405,44,0.027,1.174945E-05,0.405,106
0.0279,3.356985E-06,0.4185,45,0.0279,1.443504E-05,0.4185,105
0.0288,2.954147E-05,0.432,43,0.0288,-2.786297E-05,0.432,104
0.0297,1.947051E-05,0.4455,45,0.0297,3.625543E-05,0.4455,105
0.0306,-0.0001641566,0.459,43,0.0306,6.915389E-05,0.459,103
0.0315,-0.0001164874,0.4725,44,0.0315,1.242084E-05,0.4725,103
0.0324,-1.007095E-05,0.486,43,0.0324,2.014191E-06,0.486,104
0.0333,-7.821774E-05,0.4995,45,0.0333,7.620356E-05,0.4995,104
0.0342,-5.874724E-05,0.513,45,0.0342,2.383459E-05,0.513,105
0.0351,0.0001040665,0.5265,45,0.0351,-3.390555E-05,0.5265,102
0.036,-4.733349E-05,0.54,44,0.036,4.229801E-05,0.54,104
0.0369,-1.309224E-05,0.5535,44,0.0369,5.035477E-05,0.5535,103
0.0378,2.719158E-05,0.567,45,0.0378,-1.678492E-05,0.567,107
0.0387,4.632639E-05,0.5805,44,0.0387,1.007095E-05,0.5805,107
0.0396,-5.471885E-05,0.594,45,0.0396,6.74754E-05,0.594,106
0.0405,-6.51255E-05,0.6075,45,0.0405,2.887007E-05,0.6075,107
0.0414,-1.376364E-05,0.621,45,0.0414,1.309224E-05,0.621,105
0.0423,1.846342E-05,0.6345,45,0.0423,-1.409934E-05,0.6345,105
0.0432,2.18204E-05,0.648,45,0.0432,3.927672E-05,0.648,103
0.0441,9.500267E-05,0.6615,44,0.0441,4.263371E-05,0.6615,104
0.045,2.24918E-05,0.675,44,0.045,8.392462E-06,0.675,105
0.0459,4.901198E-05,0.6885,45,0.0459,-2.719158E-05,0.6885,104
0.0468,3.692683E-05,0.702,45,0.0468,4.33051E-05,0.702,107
0.0477,-1.846342E-05,0.7155,45,0.0477,1.107805E-05,0.7155,106
0.0486,4.800488E-05,0.729,45,0.0486,-3.961242E-05,0.729,106
0.0495,-3.356985E-06,0.7425,43,0.0495,4.49836E-05,0.7425,105
0.0504,-6.64683E-05,0.756,44,0.0504,2.652018E-05,0.756,105
0.0513,-4.934768E-05,0.7695,44,0.0513,-5.136187E-05,0.7695,104
0.0522,7.251087E-05,0.783,45,0.0522,-3.088426E-05,0.783,104
0.0531,-1.644922E-05,0.7965,44,0.0531,-1.644922E-05,0.7965,107
0.054,-7.284657E-05,0.81,46,0.054,-4.129091E-05,0.81,105
0.0549,-8.728161E-06,0.8235,46,0.0549,-4.46479E-05,0.8235,104
0.0558,8.392462E-05,0.837,46,0.0558,-0.0001010452,0.837,106
0.0567,-3.021286E-06,0.8505,46,0.0567,-6.143282E-05,0.8505,106
0.0576,-0.0001618067,0.864,45,0.0576,-7.318227E-05,0.864,106
0.0585,-6.61326E-05,0.8775,46,0.0585,-0.000112459,0.8775,102
0.0594,-1.275654E-05,0.891,45,0.0594,-0.0001064164,0.891,106
0.0603,-9.298848E-05,0.9045,44,0.0603,-3.860533E-05,0.9045,104
0.0612,-3.189136E-05,0.918,43,0.0612,-6.076142E-05,0.918,103
0.0621,0.0001111162,0.9315,42,0.0621,-0.0001258869,0.9315,101
0.063,-6.54612E-05,0.945,42,0.063,-3.323415E-05,0.945,104
0.0639,3.289845E-05,0.9585,42,0.0639,-3.356985E-07,0.9585,102
0.0648,0.0001510643,0.972,41,0.0648,-7.385367E-05,0.972,105
0.0657,5.136187E-05,0.9855,40,0.0657,-2.719158E-05,0.9855,106
0.0666,-2.987716E-05,0.999,40,0.0666,-7.049668E-06,0.999,106
0.0675,-1.678492E-05,1.0125,40,0.0675,-1.309224E-05,1.0125,103
0.0684,-4.46479E-05,1.026,42,0.0684,-3.356985E-07,1.026,103
0.0693,6.378271E-06,1.0395,44,0.0693,-2.316319E-05,1.0395,100
0.0702,2.24918E-05,1.053,43,0.0702,2.652018E-05,1.053,104
0.0711,-9.701686E-05,1.0665,44,0.0711,3.860533E-05,1.0665,101
0.072,-7.049668E-06,1.08,44,0.072,2.719158E-05,1.08,101
0.0729,4.263371E-05,1.0935,45,0.0729,2.920577E-05,1.0935,99
0.07380001,-2.18204E-05,1.107,45,0.07380001,7.721065E-05,1.107,103
0.07470001,-5.539025E-05,1.1205,43,0.07470001,1.644922E-05,1.1205,103
0.0756,4.229801E-05,1.134,45,0.0756,-4.162661E-05,1.134,104
0.0765,-2.920577E-05,1.1475,45,0.0765,4.061952E-05,1.1475,102
0.0774,-7.922484E-05,1.161,45,0.0774,6.042573E-06,1.161,100
0.0783,3.021286E-06,1.1745,45,0.0783,-7.251087E-05,1.1745,103
0.0792,-3.759823E-05,1.188,45,0.0792,-5.270466E-05,1.188,102
0.0801,-0.0001477073,1.2015,46,0.0801,-3.256275E-05,1.2015,96
0.081,-5.136187E-05,1.215,46,0.081,-4.095522E-05,1.215,102
0.0819,4.934768E-05,1.2285,47,0.0819,-6.74754E-05,1.2285,101
0.0828,2.1149E-05,1.242,47,0.0828,-0.0001178302,1.242,100
0.0837,2.652018E-05,1.2555,45,0.0837,-8.191043E-05,1.2555,101
0.0846,6.54612E-05,1.269,45,0.0846,-8.89601E-05,1.269,100
0.0855,4.263371E-05,1.2825,45,0.0855,-0.0001174945,1.2825,102
0.0864,1.980621E-05,1.296,45,0.0864,-0.0001275654,1.296,102
0.0873,-3.323415E-05,1.3095,46,0.0873,-3.793393E-05,1.3095,101
0.0882,1.309224E-05,1.323,44,0.0882,-5.975433E-05,1.323,102
0.0891,3.189136E-05,1.3365,45,0.0891,-0.0001225299,1.3365,101
0.09,-4.46479E-05,1.35,46,0.09,-9.735256E-06,1.35,100
0.0909,-6.210422E-05,1.3635,42,0.0909,2.1149E-05,1.3635,102
0.0918,-1.678492E-05,1.377,44,0.0918,-7.049668E-05,1.377,102
0.0927,7.083238E-05,1.3905,44,0.0927,-1.477073E-05,1.3905,99
0.0936,-3.021286E-05,1.404,43,0.0936,2.349889E-05,1.404,101
0.09450001,-2.081331E-05,1.4175,43,0.09450001,-1.980621E-05,1.4175,100
0.09540001,6.713969E-07,1.431,42,0.09540001,-2.786297E-05,1.431,100
0.09630001,5.337606E-05,1.4445,42,0.09630001,-5.337606E-05,1.4445,103
0.0972,1.745632E-05,1.458,42,0.0972,-1.342794E-06,1.458,101
0.0981,-0.0001487144,1.4715,42,0.0981,6.378271E-06,1.4715,99
0.099,-3.726253E-05,1.485,41,0.099,-1.174945E-05,1.485,100
0.0999,7.721065E-06,1.4985,40,0.0999,-5.035477E-06,1.4985,98
0.1008,-7.956054E-05,1.512,40,0.1008,6.344701E-05,1.512,101
0.1017,3.189136E-05,1.5255,41,0.1017,2.584878E-05,1.5255,100
0.1026,7.217517E-05,1.539,40,0.1026,-1.644922E-05,1.539,102
0.1035,-5.035477E-05,1.5525,40,0.1035,8.761731E-05,1.5525,101
0.1044,6.009003E-05,1.566,40,0.1044,7.653925E-05,1.566,102
0.1053,0.0001003738,1.5795,39,0.1053,2.517739E-05,1.5795,100
0.1062,-9.567407E-05,1.593,41,0.1062,1.846342E-05,1.593,102
0.1071,-0.0001114519,1.6065,40,0.1071,6.411841E-05,1.6065,101
0.108,-5.404745E-05,1.62,39,0.108,3.692683E-05,1.62,104
0.1089,-2.349889E-06,1.6335,39,0.1089,2.24918E-05,1.6335,102
0.1098,1.242084E-05,1.647,40,0.1098,-2.484169E-05,1.647,105
0.1107,4.46479E-05,1.6605,41,0.1107,3.189136E-05,1.6605,100
0.1116,4.53193E-05,1.674,40,0.1116,1.812772E-05,1.674,98
0.1125,4.666209E-05,1.6875,40,0.1125,-3.222705E-05,1.6875,105
0.1134,0.0001339437,1.701,40,0.1134,-3.323415E-05,1.701,101
0.1143,2.24918E-05,1.7145,39,0.1143,1.544213E-05,1.7145,102
0.1152,-3.457694E-05,1.728,38,0.1152,-2.21561E-05,1.728,104
0.1161,8.526741E-05,1.7415,40,0.1161,-8.191043E-05,1.7415,105
0.117,1.779202E-05,1.755,40,0.117,1.141375E-05,1.755,99
0.1179,-0.0001101091,1.7685,41,0.1179,1.107805E-05,1.7685,103
0.1188,-2.987716E-05,1.782,40,0.1188,-6.881819E-05,1.782,103
0.1197,-1.678492E-06,1.7955,39,0.1197,-4.162661E-05,1.7955,101
0.1206,-8.86244E-05,1.809,40,0.1206,-1.980621E-05,1.809,98
0.1215,-5.438316E-05,1.8225,40,0.1215,-4.968337E-05,1.8225,104
0.1224,-1.644922E-05,1.836,41,0.1224,-4.53193E-05,1.836,103
0.1233,4.666209E-05,1.8495,40,0.1233,-5.270466E-05,1.8495,102
0.1242,1.678492E-06,1.863,40,0.1242,9.735256E-06,1.863,101
0.1251,2.316319E-05,1.8765,41,0.1251,6.378271E-06,1.8765,102
0.126,6.57969E-05,1.89,42,0.126,-3.088426E-05,1.89,103
0.1269,1.846342E-05,1.9035,42,0.1269,-4.061952E-05,1.9035,101
0.1278,-4.867628E-05,1.917,40,0.1278,3.390555E-05,1.917,101
0.1287,2.954147E-05,1.9305,41,0.1287,2.719158E-05,1.9305,102
0.1296,7.183947E-05,1.944,41,0.1296,-3.524834E-05,1.944,101
0.1305,-5.001907E-05,1.9575,42,0.1305,3.256275E-05,1.9575,104
0.1314,-0.0001037308,1.971,40,0.1314,4.229801E-05,1.971,101
0.1323,-7.284657E-05,1.9845,41,0.1323,-3.390555E-05,1.9845,101
0.1332,-3.994812E-05,1.998,41,0.1332,-2.584878E-05,1.998,104
0.1341,-0.000133608,2.0115,40,0.1341,1.275654E-05,2.0115,105
0.135,-4.33051E-05,2.025,40,0.135,2.349889E-06,2.025,104
0.1359,-7.687495E-05,2.0385,41,0.1359,2.081331E-05,2.0385,102
0.1368,1.846342E-05,2.052,40,0.1368,-1.510643E-05,2.052,106
0.1377,8.761731E-05,2.0655,42,0.1377,7.385367E-06,2.0655,102
0.1386,4.129091E-05,2.079,40,0.1386,4.29694E-05,2.079,104
0.1395,4.33051E-05,2.0925,40,0.1395,-1.208515E-05,2.0925,102
0.1404,6.243992E-05,2.106,40,0.1404,-3.256275E-05,2.106,105
0.1413,-6.243992E-05,2.1195,42,0.1413,2.383459E-05,2.1195,100
0.1422,-4.162661E-05,2.133,42,0.1422,-2.18204E-05,2.133,98
0.1431,7.351797E-05,2.1465,41,0.1431,-8.090334E-05,2.1465,103
0.144,-8.191043E-05,2.16,40,0.144,-1.712062E-05,2.16,104
0.1449,-0.0001060807,2.1735,40,0.1449,-2.014191E-06,2.1735,100
0.1458,-2.21561E-05,2.187,40,0.1458,-7.284657E-05,2.187,103
0.1467,0.0001030594,2.2005,40,0.1467,-2.18204E-05,2.2005,105
0.1476,-3.927672E-05,2.214,41,0.1476,2.1149E-05,2.214,102
0.1485,-2.551309E-05,2.2275,41,0.1485,-1.678492E-05,2.2275,101
0.1494,-5.706874E-06,2.241,41,0.1494,-2.786297E-05,2.241,102
0.1503,1.712062E-05,2.2545,41,0.1503,-7.553216E-05,2.2545,102
0.1512,-1.947051E-05,2.268,40,0.1512,-8.392462E-06,2.268,104
0.1521,-0.0001312581,2.2815,41,0.1521,-2.21561E-05,2.2815,103
0.153,-0.0001326009,2.295,41,0.153,-5.069047E-05,2.295,104
0.1539,-1.242084E-05,2.3085,41,0.1539,-7.452507E-05,2.3085,105
0.1548,-1.376364E-05,2.322,42,0.1548,-5.035477E-06,2.322,106
0.1557,-6.411841E-05,2.3355,40,0.1557,-3.927672E-05,2.3355,102
0.1566,5.203327E-05,2.349,41,0.1566,-0.0001104448,2.349,98
0.1575,2.1149E-05,2.3625,42,0.1575,-5.102617E-05,2.3625,104
0.1584,4.162661E-05,2.376,41,0.1584,-4.599069E-05,2.376,102
0.1593,4.129091E-05,2.3895,41,0.1593,-9.600977E-05,2.3895,103
0.1602,0.0001218585,2.403,42,0.1602,-1.712062E-05,2.403,100
0.1611,1.644922E-05,2.4165,42,0.1611,2.349889E-06,2.4165,101
0.162,-4.53193E-05,2.43,42,0.162,-3.558404E-05,2.43,103
0.1629,1.678492E-06,2.4435,39,0.1629,-4.867628E-05,2.4435,103
0.1638,9.466698E-05,2.457,41,0.1638,-7.486076E-05,2.457,101
0.1647,-7.385367E-06,2.4705,42,0.1647,-3.021286E-05,2.4705,103
0.1656,-2.920577E-05,2.484,41,0.1656,-4.095522E-05,2.484,101
0.1665,1.577783E-05,2.4975,41,0.1665,-6.109713E-05,2.4975,101
0.1674,2.987716E-05,2.511,41,0.1674,-7.150377E-05,2.511,101
0.1683,-3.826963E-05,2.5245,42,0.1683,-9.063859E-06,2.5245,103
0.1692,-1.477073E-05,2.538,41,0.1692,-3.356985E-07,2.538,104
0.1701,7.754635E-05,2.5515,40,0.1701,-6.076142E-05,2.5515,100
0.171,-7.586786E-05,2.565,41,0.171,5.035477E-06,2.565,99
0.1719,-0.0001097734,2.5785,41,0.1719,6.042573E-06,2.5785,101
0.1728,-1.007095E-06,2.592,41,0.1728,-5.740444E-05,2.592,102
0.1737,5.337606E-05,2.6055,41,0.1737,-1.107805E-05,2.6055,103
0.1746,-4.263371E-05,2.619,41,0.1746,3.524834E-05,2.619,104
0.1755,-1.779202E-05,2.6325,42,0.1755,-1.376364E-05,2.6325,102
0.1764,-1.812772E-05,2.646,41,0.1764,-2.786297E-05,2.646,104
0.1773,6.51255E-05,2.6595,41,0.1773,-6.54612E-05,2.6595,103
0.1782,1.913481E-05,2.673,41,0.1782,-5.270466E-05,2.673,103
0.1791,-0.0001752346,2.6865,41,0.1791,-5.673304E-05,2.6865,105
0.18,-7.452507E-05,2.7,40,0.18,-7.586786E-05,2.7,101
0.1809,-8.392462E-06,2.7135,41,0.1809,-5.673304E-05,2.7135,103
0.1818,-5.539025E-05,2.727,41,0.1818,9.063859E-06,2.727,101
0.1827,-6.344701E-05,2.7405,39,0.1827,6.378271E-06,2.7405,104
0.1836,8.023193E-05,2.754,39,0.1836,-2.450599E-05,2.754,100
0.1845,-7.721065E-06,2.7675,40,0.1845,5.203327E-05,2.7675,101
0.1854,2.652018E-05,2.781,40,0.1854,7.486076E-05,2.781,102
0.1863,0.0001309224,2.7945,41,0.1863,1.443504E-05,2.7945,97
0.1872,6.881819E-05,2.808,42,0.1872,5.740444E-05,2.808,103
0.1881,-6.814679E-05,2.8215,39,0.1881,9.097429E-05,2.8215,101
0.189,3.692683E-06,2.835,40,0.189,7.687495E-05,2.835,102
0.1899,7.956054E-05,2.8485,41,0.1899,4.129091E-05,2.8485,102
0.1908,2.853437E-05,2.862,41,0.1908,9.735256E-06,2.862,101
0.1917,-6.378271E-06,2.8755,40,0.1917,5.673304E-05,2.8755,103
0.1926,2.719158E-05,2.889,40,0.1926,5.001907E-05,2.889,103
0.1935,1.007095E-06,2.9025,41,0.1935,-3.591974E-05,2.9025,100
0.1944,8.056763E-06,2.916,40,0.1944,-7.653925E-05,2.916,102
0.1953,-3.054856E-05,2.9295,40,0.1953,7.721065E-06,2.9295,100
0.1962,-2.887007E-05,2.943,39,0.1962,-1.275654E-05,2.943,102
0.1971,1.712062E-05,2.9565,39,0.1971,-9.030289E-05,2.9565,103
0.198,-6.009003E-05,2.97,42,0.198,-2.819867E-05,2.97,105
0.1989,-9.600977E-05,2.9835,39,0.1989,-2.450599E-05,2.9835,105
0.1998,-5.069047E-05,2.997,41,0.1998,-0.0001044022,2.997,103
0.2007,6.109713E-05,3.0105,40,0.2007,-6.51255E-05,3.0105,102
0.2016,-6.076142E-05,3.024,42,0.2016,-2.652018E-05,3.024,100
0.2025,-4.46479E-05,3.0375,40,0.2025,-4.43122E-05,3.0375,104
0.2034,-2.18204E-05,3.051,40,0.2034,-5.471885E-05,3.051,104
0.2043,5.337606E-05,3.0645,40,0.2043,-8.090334E-05,3.0645,104
0.2052,-3.021286E-05,3.078,41,0.2052,-1.174945E-05,3.078,100
0.2061,-0.0001896696,3.0915,40,0.2061,-3.390555E-05,3.0915,100
0.207,-7.687495E-05,3.105,40,0.207,-7.150377E-05,3.105,103
0.2079,3.726253E-05,3.1185,0,0.2079,-5.069047E-05,3.1185,0
0.2088,-7.989624E-05,3.132,0,0.2088,1.376364E-05,3.132,0
0.2097,-2.786297E-05,3.1455,0,0.2097,2.349889E-06,3.1455,0
0.2106,5.606165E-05,3.159,0,0.2106,-5.270466E-05,3.159,0
0.2115,-2.920577E-05,3.1725,0,0.2115,1.846342E-05,3.1725,0
0.2124,0.0001017166,3.186,0,0.2124,2.584878E-05,3.186,0
0.2133,0.0001383078,3.1995,0,0.2133,-3.256275E-05,3.1995,0
0.2142,3.289845E-05,3.213,0,0.2142,-2.21561E-05,3.213,0
0.2151,-3.826963E-05,3.2265,0,0.2151,-3.356985E-07,3.2265,0
0.216,-3.356985E-06,3.24,0,0.216,-3.222705E-05,3.24,0
0.2169,2.21561E-05,3.2535,0,0.2169,-3.323415E-05,3.2535,0
0.2178,1.544213E-05,3.267,0,0.2178,-7.385367E-05,3.267,0
0.2187,5.706874E-06,3.2805,0,0.2187,-2.1149E-05,3.2805,0
0.2196,-0.0001349508,3.294,0,0.2196,-9.735256E-06,3.294,0
0.2205,-5.572595E-05,3.3075,0,0.2205,-4.028382E-05,3.3075,0
0.2214,8.358892E-05,3.321,0,0.2214,-5.169757E-05,3.321,0
0.2223,-4.33051E-05,3.3345,0,0.2223,1.275654E-05,3.3345,0
0.2232,-6.411841E-05,3.348,0,0.2232,-1.309224E-05,3.348,0
0.2241,6.78111E-05,3.3615,0,0.2241,-8.358892E-05,3.3615,0
0.225,-2.047761E-05,3.375,0,0.225,3.659113E-05,3.375,0
0.2259,-3.692683E-06,3.3885,0,0.2259,3.424125E-05,3.3885,0
0.2268,8.258183E-05,3.402,0,0.2268,-3.390555E-05,3.402,0
0.2277,3.356985E-07,3.4155,0,0.2277,-1.275654E-05,3.4155,0
0.2286,-0.0001104448,3.429,0,0.2286,2.786297E-05,3.429,0
0.2295,-4.129091E-05,3.4425,0,0.2295,-2.685588E-06,3.4425,0
0.2304,4.599069E-05,3.456,0,0.2304,-1.443504E-05,3.456,0
0.2313,4.565499E-05,3.4695,0,0.2313,-5.136187E-05,3.4695,0
0.2322,2.1149E-05,3.483,0,0.2322,-3.021286E-06,3.483,0
0.2331,-3.692683E-05,3.4965,0,0.2331,-2.081331E-05,3.4965,0
0.234,-4.36408E-06,3.51,0,0.234,-3.927672E-05,3.51,0
0.2349,2.383459E-05,3.5235,0,0.2349,-4.129091E-05,3.5235,0
0.2358,-3.121996E-05,3.537,0,0.2358,1.040665E-05,3.537,0
0.2367,-2.383459E-05,3.5505,0,0.2367,6.378271E-06,3.5505,0
0.2376,9.231708E-05,3.564,0,0.2376,-6.64683E-05,3.564,0
0.2385,-1.678492E-06,3.5775,0,0.2385,-3.021286E-06,3.5775,0
0.2394,7.318227E-05,3.591,0,0.2394,6.378271E-06,3.591,0
0.2403,5.069047E-05,3.6045,0,0.2403,-8.023193E-05,3.6045,0
0.2412,9.500267E-05,3.618,0,0.2412,-5.438316E-05,3.618,0
0.2421,-9.063859E-06,3.6315,0,0.2421,-1.913481E-05,3.6315,0
0.243,-2.853437E-05,3.645,0,0.243,-3.256275E-05,3.645,0
0.2439,-2.349889E-06,3.6585,0,0.2439,-2.047761E-05,3.6585,0
0.2448,8.224613E-05,3.672,0,0.2448,-7.721065E-05,3.672,0
0.2457,-3.356985E-05,3.6855,0,0.2457,-1.644922E-05,3.6855,0
0.2466,-0.0001550927,3.699,0,0.2466,9.063859E-06,3.699,0
0.2475,-1.040665E-05,3.7125,0,0.2475,-4.229801E-05,3.7125,0
0.2484,-1.980621E-05,3.726,0,0.2484,-2.047761E-05,3.726,0
0.2493,-0.0001077592,3.7395,0,0.2493,4.39765E-05,3.7395,0
0.2502,-7.821774E-05,3.753,0,0.2502,4.36408E-06,3.753,0
0.2511,3.524834E-05,3.7665,0,0.2511,-5.438316E-05,3.7665,0
0.252,-3.793393E-05,3.78,0,0.252,2.1149E-05,3.78,0
0.2529,-2.349889E-05,3.7935,0,0.2529,1.510643E-05,3.7935,0
0.2538,5.941863E-05,3.807,0,0.2538,-5.001907E-05,3.807,0
0.2547,0.0001064164,3.8205,0,0.2547,-4.699779E-06,3.8205,0
0.2556,-1.678492E-05,3.834,0,0.2556,6.143282E-05,3.834,0
0.2565,5.136187E-05,3.8475,0,0.2565,3.524834E-05,3.8475,0
0.2574,-9.735256E-06,3.861,0,0.2574,2.383459E-05,3.861,0
0.2583,2.450599E-05,3.8745,0,0.2583,-1.510643E-05,3.8745,0
0.2592,2.349889E-05,3.888,0,0.2592,2.652018E-05,3.888,0
0.2601,-0.0001252155,3.9015,0,0.2601,3.424125E-05,3.9015,0
0.261,-0.0001087663,3.915,0,0.261,2.652018E-05,3.915,0
0.2619,-1.577783E-05,3.9285,0,0.2619,1.342794E-06,3.9285,0
0.2628,-0.0001037308,3.942,0,0.2628,5.539025E-05,3.942,0
0.2637,-9.097429E-05,3.9555,0,0.2637,1.644922E-05,3.9555,0
0.2646,5.807584E-05,3.969,0,0.2646,-3.793393E-05,3.969,0
0.2655,1.242084E-05,3.9825,0,0.2655,3.256275E-05,3.9825,0
0.2664,-2.081331E-05,3.996,0,0.2664,2.014191E-05,3.996,0
0.2673,4.196231E-05,4.0095,0,0.2673,-5.975433E-05,4.0095,0
0.2682,0.000126894,4.023,0,0.2682,-3.524834E-05,4.023,0
0.2691,-4.901198E-05,4.0365,0,0.2691,-1.812772E-05,4.0365,0
0.27,-7.956054E-05,4.05,0,0.27,-3.659113E-05,4.05,0
0.2709,-3.189136E-05,4.0635,0,0.2709,-5.304036E-05,4.0635,0
0.2718,2.316319E-05,4.077,0,0.2718,-8.89601E-05,4.077,0
0.2727,-5.807584E-05,4.0905,0,0.2727,-5.035477E-06,4.0905,0
0.2736,-0.000148043,4.104,0,0.2736,-1.913481E-05,4.104,0
0.2745,-6.478981E-05,4.1175,0,0.2745,-5.941863E-05,4.1175,0
0.2754,1.980621E-05,4.131,0,0.2754,-5.304036E-05,4.131,0
0.2763,-6.814679E-05,4.1445,0,0.2763,1.174945E-05,4.1445,0
0.2772,2.349889E-06,4.158,0,0.2772,-1.409934E-05,4.158,0
0.2781,6.277562E-05,4.1715,0,0.2781,-8.459602E-05,4.1715,0
0.279,-5.673304E-05,4.185,0,0.279,6.042573E-06,4.185,0
0.2799,-1.678492E-06,4.1985,0,0.2799,1.275654E-05,4.1985,0
0.2808,5.941863E-05,4.212,0,0.2808,-6.948959E-05,4.212,0
0.2817,7.217517E-05,4.2255,0,0.2817,-5.706874E-05,4.2255,0
0.2826,-1.007095E-06,4.239,0,0.2826,-3.457694E-05,4.239,0
0.2835,-3.356985E-07,4.2525,0,0.2835,-5.941863E-05,4.2525,0
0.2844,-1.678492E-06,4.266,0,0.2844,-5.874724E-05,4.266,0
0.2853,0.0001134661,4.2795,0,0.2853,-8.82887E-05,4.2795,0
0.2862,2.618448E-05,4.293,0,0.2862,-2.719158E-05,4.293,0
0.2871,-6.243992E-05,4.3065,0,0.2871,-3.692683E-06,4.3065,0
0.288,2.685588E-06,4.32,0,0.288,-4.666209E-05,4.32,0
0.2889,2.1149E-05,4.3335,0,0.2889,-4.666209E-05,4.3335,0
0.2898,-2.417029E-05,4.347,0,0.2898,0,4.347,0
0.2907,-4.33051E-05,4.3605,0,0.2907,-1.980621E-05,4.3605,0
0.2916,8.023193E-05,4.374,0,0.2916,-6.64683E-05,4.374,0
0.2925,-1.443504E-05,4.3875,0,0.2925,9.063859E-06,4.3875,0
0.2934,-9.634547E-05,4.401,0,0.2934,1.007095E-05,4.401,0
0.2943,1.577783E-05,4.4145,0,0.2943,-2.853437E-05,4.4145,0
0.2952,-1.242084E-05,4.428,0,0.2952,-1.443504E-05,4.428,0
0.2961,-0.0001487144,4.4415,0,0.2961,2.920577E-05,4.4415,0
0.297,-6.009003E-05,4.455,0,0.297,3.021286E-05,4.455,0
0.2979,-2.853437E-05,4.4685,0,0.2979,-1.678492E-06,4.4685,0
0.2988,-4.095522E-05,4.482,0,0.2988,-3.927672E-05,4.482,0
0.2997,1.007095E-05,4.4955,0,0.2997,1.007095E-06,4.4955,0
0.3006,2.819867E-05,4.509,0,0.3006,1.477073E-05,4.509,0
0.3015,-3.927672E-05,4.5225,0,0.3015,-3.659113E-05,4.5225,0
0.3024,3.558404E-05,4.536,0,0.3024,-3.994812E-05,4.536,0
0.3033,3.323415E-05,4.5495,0,0.3033,2.719158E-05,4.5495,0
0.3042,-2.081331E-05,4.563,0,0.3042,-2.954147E-05,4.563,0
0.3051,5.606165E-05,4.5765,0,0.3051,-9.198138E-05,4.5765,0
0.306,3.356985E-06,4.59,0,0.306,-1.040665E-05,4.59,0
0.3069,6.51255E-05,4.6035,0,0.3069,-7.385367E-06,4.6035,0
0.3078,5.874724E-05,4.617,0,0.3078,-7.553216E-05,4.617,0
0.3087,-4.632639E-05,4.6305,0,0.3087,-6.210422E-05,4.6305,0
0.3096,-9.500267E-05,4.644,0,0.3096,-1.980621E-05,4.644,0
0.3105,-4.36408E-05,4.6575,0,0.3105,-3.390555E-05,4.6575,0
0.3114,-2.685588E-06,4.671,0,0.3114,-3.424125E-05,4.671,0
0.3123,8.123904E-05,4.6845,0,0.3123,-5.673304E-05,4.6845,0
0.3132,2.652018E-05,4.698,0,0.3132,-1.409934E-05,4.698,0
0.3141,-4.43122E-05,4.7115,0,0.3141,1.242084E-05,4.7115,0
0.315,1.947051E-05,4.725,0,0.315,-3.625543E-05,4.725,0
0.3159,4.934768E-05,4.7385,0,0.3159,-6.51255E-05,4.7385,0
0.3168,-6.478981E-05,4.752,0,0.3168,-7.721065E-06,4.752,0
0.3177,-3.692683E-06,4.7655,0,0.3177,-1.644922E-05,4.7655,0
0.3186,6.54612E-05,4.779,0,0.3186,-7.418937E-05,4.779,0
0.3195,-3.961242E-05,4.7925,0,0.3195,1.242084E-05,4.7925,0
0.3204,4.39765E-05,4.806,0,0.3204,1.376364E-05,4.806,0
0.3213,3.826963E-05,4.8195,0,0.3213,-6.277562E-05,4.8195,0
0.3222,7.721065E-06,4.833,0,0.3222,-6.210422E-05,4.833,0
0.3231,-6.076142E-05,4.8465,0,0.3231,-1.779202E-05,4.8465,0
0.324,-1.644922E-05,4.86,0,0.324,-3.591974E-05,4.86,0
0.3249,-6.378271E-06,4.8735,0,0.3249,-4.36408E-05,4.8735,0
0.3258,-7.721065E-06,4.887,0,0.3258,-8.72816E-05,4.887,0
0.3267,1.141375E-05,4.9005,0,0.3267,1.376364E-05,4.9005,0
0.3276,-6.6804E-05,4.914,0,0.3276,4.632639E-05,4.914,0
0.3285,-3.524834E-05,4.9275,0,0.3285,-1.208515E-05,4.9275,0
0.3294,9.500267E-05,4.941,0,0.3294,-1.275654E-05,4.941,0
0.3303,-6.881819E-05,4.9545,0,0.3303,4.49836E-05,4.9545,0
0.3312,-5.203327E-05,4.968,0,0.3312,7.721065E-06,4.968,0
0.3321,0.0001312581,4.9815,0,0.3321,-6.411841E-05,4.9815,0
0.333,-2.21561E-05,4.995,0,0.333,1.174945E-05,4.995,0
0.3339,-3.189136E-05,5.0085,0,0.3339,-3.021286E-06,5.0085,0
0.3348,4.800488E-05,5.022,0,0.3348,-5.572595E-05,5.022,0
0.3357,0.000144686,5.0355,0,0.3357,-1.644922E-05,5.0355,0
0.3366,-5.102617E-05,5.049,0,0.3366,1.712062E-05,5.049,0
0.3375,-2.652018E-05,5.0625,0,0.3375,4.36408E-06,5.0625,0
0.3384,7.150377E-05,5.076,0,0.3384,1.309224E-05,5.076,0
0.3393,2.719158E-05,5.0895,0,0.3393,4.028382E-06,5.0895,0
0.3402,-1.846342E-05,5.103,0,0.3402,4.095522E-05,5.103,0
0.3411,-0.0001329366,5.1165,0,0.3411,4.196231E-05,5.1165,0
0.342,-7.620356E-05,5.13,0,0.342,1.342794E-05,5.13,0
0.3429,-2.618448E-05,5.1435,0,0.3429,-7.721065E-06,5.1435,0
0.3438,-9.130999E-05,5.157,0,0.3438,4.36408E-05,5.157,0
0.3447,-8.72816E-05,5.1705,0,0.3447,5.270466E-05,5.1705,0
0.3456,2.954147E-05,5.184,0,0.3456,-4.33051E-05,5.184,0
0.3465,-5.539025E-05,5.1975,0,0.3465,1.846342E-05,5.1975,0
0.3474,8.224613E-05,5.211,0,0.3474,2.652018E-05,5.211,0
0.3483,6.009003E-05,5.2245,0,0.3483,-2.18204E-05,5.2245,0
0.3492,2.014191E-05,5.238,0,0.3492,-2.450599E-05,5.238,0
0.3501,-1.242084E-05,5.2515,0,0.3501,1.309224E-05,5.2515,0
0.351,-3.659113E-05,5.265,0,0.351,-1.007095E-05,5.265,0
0.3519,-4.33051E-05,5.2785,0,0.3519,-2.316319E-05,5.2785,0
0.3528,2.21561E-05,5.292,0,0.3528,-8.627451E-05,5.292,0
0.3537,-4.43122E-05,5.3055,0,0.3537,-3.457694E-05,5.3055,0
0.3546,-6.64683E-05,5.319,0,0.3546,-1.342794E-05,5.319,0
0.3555,4.867628E-05,5.3325,0,0.3555,-5.001907E-05,5.3325,0
0.3564,2.349889E-06,5.346,0,0.3564,-4.229801E-05,5.346,0
0.3573,-6.478981E-05,5.3595,0,0.3573,1.913481E-05,5.3595,0
0.3582,-2.450599E-05,5.373,0,0.3582,-6.713969E-07,5.373,0
0.3591,9.835965E-05,5.3865,0,0.3591,-4.968337E-05,5.3865,0
0.36,-2.987716E-05,5.4,0,0.36,4.061952E-05,5.4,0
0.3609,-0.0001185016,5.4135,0,0.3609,5.069047E-05,5.4135,0
0.3618,-3.323415E-05,5.427,0,0.3618,-2.786297E-05,5.427,0
0.3627,-1.980621E-05,5.4405,0,0.3627,-1.477073E-05,5.4405,0
0.3636,-0.0001154803,5.454,0,0.3636,1.644922E-05,5.454,0
0.3645,-5.371176E-06,5.4675,0,0.3645,-3.390555E-05,5.4675,0
0.3654,-5.203327E-05,5.481,0,0.3654,-5.471885E-05,5.481,0
0.3663,3.356985E-07,5.4945,0,0.3663,-8.627451E-05,5.4945,0
0.3672,6.64683E-05,5.508,0,0.3672,-3.793393E-05,5.508,0
0.3681,7.721065E-06,5.5215,0,0.3681,-2.1149E-05,5.5215,0
0.369,1.980621E-05,5.535,0,0.369,-4.33051E-05,5.535,0
0.3699,7.318227E-05,5.5485,0,0.3699,-4.49836E-05,5.5485,0
0.3708,0,5.562,0,0.3708,2.920577E-05,5.562,0
0.3717,-3.692683E-05,5.5755,0,0.3717,1.107805E-05,5.5755,0
0.3726,6.61326E-05,5.589,0,0.3726,-2.719158E-05,5.589,0
0.3735,7.721065E-06,5.6025,0,0.3735,3.189136E-05,5.6025,0
0.3744,-0.0001044022,5.616,0,0.3744,3.390555E-05,5.616,0
0.3753,-1.174945E-05,5.6295,0,0.3753,-2.584878E-05,5.6295,0
0.3762,0.000112459,5.643,0,0.3762,3.356985E-07,5.643,0
0.3771,-4.968337E-05,5.6565,0,0.3771,4.263371E-05,5.6565,0
0.378,-3.323415E-05,5.67,0,0.378,1.443504E-05,5.67,0
0.3789,3.692683E-06,5.6835,0,0.3789,4.36408E-06,5.6835,0
0.3798,3.726253E-05,5.697,0,0.3798,-3.591974E-05,5.697,0
0.3807,-7.721065E-06,5.7105,0,0.3807,4.33051E-05,5.7105,0
0.3816,-0.0001420005,5.724,0,0.3816,2.1149E-05,5.724,0
0.3825,-4.632639E-05,5.7375,0,0.3825,-3.524834E-05,5.7375,0
0.3834,-1.376364E-05,5.751,0,0.3834,-3.390555E-05,5.751,0
0.3843,-6.378271E-05,5.7645,0,0.3843,3.726253E-05,5.7645,0
0.3852,-4.599069E-05,5.778,0,0.3852,-1.342794E-06,5.778,0
0.3861,4.666209E-05,5.7915,0,0.3861,-6.076142E-05,5.7915,0
0.387,5.706874E-06,5.805,0,0.387,2.081331E-05,5.805,0
0.3879,-8.392462E-06,5.8185,0,0.3879,3.088426E-05,5.8185,0
0.3888,-3.558404E-05,5.832,0,0.3888,-5.136187E-05,5.832,0
0.3897,-3.356985E-07,5.8455,0,0.3897,-2.719158E-05,5.8455,0
0.3906,-3.591974E-05,5.859,0,0.3906,4.699779E-06,5.859,0
0.3915,-8.426032E-05,5.8725,0,0.3915,-1.980621E-05,5.8725,0
0.3924,-2.081331E-05,5.886,0,0.3924,-2.24918E-05,5.886,0
0.3933,4.800488E-05,5.8995,0,0.3933,-8.258183E-05,5.8995,0
0.3942,8.82887E-05,5.913,0,0.3942,-4.766919E-05,5.913,0
0.3951,5.740444E-05,5.9265,0,0.3951,-3.659113E-05,5.9265,0
0.396,3.457694E-05,5.94,0,0.396,-8.224613E-05,5.94,0
0.3969,0.000105745,5.9535,0,0.3969,-8.258183E-05,5.9535,0
0.3978,-7.049668E-06,5.967,0,0.3978,-3.424125E-05,5.967,0
0.3987,1.007095E-06,5.9805,0,0.3987,-5.908293E-05,5.9805,0
0.3996,0.0001178302,5.994,0,0.3996,-0.0001047379,5.994,0
0.4005,-5.203327E-05,6.0075,0,0.4005,-3.121996E-05,6.0075,0
0.4014,-8.92958E-05,6.021,0,0.4014,-5.706874E-06,6.021,0
0.4023,5.740444E-05,6.0345,0,0.4023,-9.130999E-05,6.0345,0
0.4032,6.210422E-05,6.048,0,0.4032,-6.344701E-05,6.048,0
0.4041,-3.591974E-05,6.0615,0,0.4041,-2.047761E-05,6.0615,0
0.405,-7.385367E-06,6.075,0,0.405,-3.457694E-05,6.075,0
0.4059,-4.699779E-06,6.0885,0,0.4059,-3.826963E-05,6.0885,0
0.4068,2.1149E-05,6.102,0,0.4068,-6.881819E-05,6.102,0
0.4077,-2.618448E-05,6.1155,0,0.4077,-1.107805E-05,6.1155,0
0.4086,-0.0001232013,6.129,0,0.4086,2.719158E-05,6.129,0
0.4095,-0.0001111162,6.1425,0,0.4095,-1.644922E-05,6.1425,0
0.4104,-2.316319E-05,6.156,0,0.4104,-4.028382E-05,6.156,0
0.4113,-4.162661E-05,6.1695,0,0.4113,1.309224E-05,6.1695,0
0.4122,-6.61326E-05,6.183,0,0.4122,-3.793393E-05,6.183,0
0.4131,4.53193E-05,6.1965,0,0.4131,-9.869535E-05,6.1965,0
0.414,-2.18204E-05,6.21,0,0.414,-1.040665E-05,6.21,0
0.4149,2.383459E-05,6.2235,0,0.4149,-2.18204E-05,6.2235,0
0.4158,8.560311E-05,6.237,0,0.4158,-7.016098E-05,6.237,0
0.4167,5.673304E-05,6.2505,0,0.4167,-4.162661E-05,6.2505,0
0.4176,-3.927672E-05,6.264,0,0.4176,-6.042573E-06,6.264,0
0.4185,-1.376364E-05,6.2775,0,0.4185,-3.390555E-05,6.2775,0
0.4194,-3.021286E-06,6.291,0,0.4194,-3.726253E-05,6.291,0
0.4203,9.298848E-05,6.3045,0,0.4203,-5.740444E-05,6.3045,0
0.4212,3.356985E-07,6.318,0,0.4212,1.208515E-05,6.318,0
0.4221,-2.920577E-05,6.3315,0,0.4221,1.242084E-05,6.3315,0
0.423,5.740444E-05,6.345,0,0.423,-2.853437E-05,6.345,0
0.4239,1.846342E-05,6.3585,0,0.4239,-4.39765E-05,6.3585,0
0.4248,-9.634547E-05,6.372,0,0.4248,1.309224E-05,6.372,0
0.4257,-3.591974E-05,6.3855,0,0.4257,-2.18204E-05,6.3855,0
0.4266,4.129091E-05,6.399,0,0.4266,-7.351797E-05,6.399,0
0.4275,-5.606165E-05,6.4125,0,0.4275,4.263371E-05,6.4125,0
0.4284,-7.989624E-05,6.426,0,0.4284,4.263371E-05,6.426,0
0.4293,-7.318227E-05,6.4395,0,0.4293,-4.43122E-05,6.4395,0
0.4302,3.659113E-05,6.453,0,0.4302,4.028382E-06,6.453,0
0.4311,-5.136187E-05,6.4665,0,0.4311,4.061952E-05,6.4665,0
0.432,6.713969E-06,6.48,0,0.432,-1.107805E-05,6.48,0
0.4329,-1.107805E-05,6.4935,0,0.4329,-3.558404E-05,6.4935,0
0.4338,-1.007095E-06,6.507,0,0.4338,-7.553216E-05,6.507,0
0.4347,-1.040665E-05,6.5205,0,0.4347,-2.18204E-05,6.5205,0
0.4356,-6.210422E-05,6.534,0,0.4356,3.021286E-06,6.534,0
0.4365,3.356985E-07,6.5475,0,0.4365,-4.43122E-05,6.5475,0
0.4374,7.620356E-05,6.561,0,0.4374,-3.524834E-05,6.561,0
0.4383,-6.6804E-05,6.5745,0,0.4383,3.088426E-05,6.5745,0
0.4392,-1.477073E-05,6.588,0,0.4392,1.309224E-05,6.588,0
0.4401,0.0001366293,6.6015,0,0.4401,-6.243992E-05,6.6015,0
0.441,-2.047761E-05,6.615,0,0.441,1.980621E-05,6.615,0
0.4419,-5.606165E-05,6.6285,0,0.4419,8.392462E-06,6.6285,0
0.4428,5.807584E-05,6.642,0,0.4428,-7.150377E-05,6.642,0
0.4437,2.1149E-05,6.6555,0,0.4437,-4.129091E-05,6.6555,0
0.4446,-0.000105745,6.669,0,0.4446,1.342794E-05,6.669,0
0.4455,-2.28275E-05,6.6825,0,0.4455,-2.450599E-05,6.6825,0
0.4464,3.994812E-05,6.696,0,0.4464,-1.745632E-05,6.696,0
0.4473,1.141375E-05,6.7095,0,0.4473,-2.752728E-05,6.7095,0
0.4482,3.692683E-06,6.723,0,0.4482,1.745632E-05,6.723,0
0.4491,-4.36408E-06,6.7365,0,0.4491,3.424125E-05,6.7365,0
0.45,-1.980621E-05,6.75,0,0.45,-1.342794E-06,6.75,0
0.4509,2.18204E-05,6.7635,0,0.4509,-2.450599E-05,6.7635,0
0.4518,-4.39765E-05,6.777,0,0.4518,5.337606E-05,6.777,0
0.4527,-4.632639E-05,6.7905,0,0.4527,4.800488E-05,6.7905,0
0.4536,5.975433E-05,6.804,0,0.4536,-3.155566E-05,6.804,0
0.4545,-2.752728E-05,6.8175,0,0.4545,3.289845E-05,6.8175,0
0.4554,-3.356985E-07,6.831,0,0.4554,0,6.831,0
0.4563,-1.544213E-05,6.8445,0,0.4563,-8.627451E-05,6.8445,0
0.4572,-8.96315E-05,6.858,0,0.4572,-5.874724E-05,6.858,0
0.4581,-6.915389E-05,6.8715,0,0.4581,-1.510643E-05,6.8715,0
0.459,-5.270466E-05,6.885,0,0.459,-3.692683E-05,6.885,0
0.4599,-2.081331E-05,6.8985,0,0.4599,-5.438316E-05,6.8985,0
0.4608,3.659113E-05,6.912,0,0.4608,-9.500267E-05,6.912,0
0.4617,2.047761E-05,6.9255,0,0.4617,-2.316319E-05,6.9255,0
0.4626,6.848249E-05,6.939,0,0.4626,2.685588E-06,6.939,0
0.4635,7.486076E-05,6.9525,0,0.4635,-5.001907E-05,6.9525,0
0.4644,1.309224E-05,6.966,0,0.4644,-3.793393E-05,6.966,0
0.4653,-3.860533E-05,6.9795,0,0.4653,1.242084E-05,6.9795,0
0.4662,2.685588E-06,6.993,0,0.4662,-1.913481E-05,6.993,0
0.4671,0.0001094377,7.0065,0,0.4671,-8.996719E-05,7.0065,0
0.468,-3.390555E-05,7.02,0,0.468,-2.349889E-06,7.02,0
0.4689,-4.46479E-05,7.0335,0,0.4689,-1.779202E-05,7.0335,0
0.4698,4.599069E-05,7.047,0,0.4698,-0.000109102,7.047,0
0.4707,-3.356985E-07,7.0605,0,0.4707,-7.888914E-05,7.0605,0
0.4716,-4.666209E-05,7.074,0,0.4716,-1.913481E-05,7.074,0
0.4725,2.349889E-06,7.0875,0,0.4725,-3.659113E-05,7.0875,0
0.4734,-4.53193E-05,7.101,0,0.4734,-3.054856E-05,7.101,0
0.4743,9.063859E-06,7.1145,0,0.4743,-6.478981E-05,7.1145,0
0.4752,2.853437E-05,7.128,0,0.4752,7.721065E-06,7.128,0
0.4761,-9.332418E-05,7.1415,0,0.4761,2.349889E-05,7.1415,0
0.477,-3.088426E-05,7.155,0,0.477,-3.457694E-05,7.155,0
0.4779,8.761731E-05,7.1685,0,0.4779,-4.934768E-05,7.1685,0
0.4788,-5.069047E-05,7.182,0,0.4788,1.779202E-05,7.182,0
0.4797,-6.176852E-05,7.1955,0,0.4797,-9.399558E-06,7.1955,0
0.4806,4.934768E-05,7.209,0,0.4806,-8.358892E-05,7.209,0
0.4815,-2.853437E-05,7.2225,0,0.4815,-6.042573E-06,7.2225,0
0.4824,-9.701686E-05,7.236,0,0.4824,-2.014191E-05,7.236,0
0.4833,-3.356985E-07,7.2495,0,0.4833,-6.74754E-05,7.2495,0
0.4842,-6.6804E-05,7.263,0,0.4842,-1.007095E-05,7.263,0
0.4851,-0.0001292439,7.2765,0,0.4851,1.913481E-05,7.2765,0
0.486,-4.49836E-05,7.29,0,0.486,2.349889E-06,7.29,0
0.4869,-1.779202E-05,7.3035,0,0.4869,1.812772E-05,7.3035,0
0.4878,3.189136E-05,7.317,0,0.4878,2.349889E-06,7.317,0
0.4887,5.203327E-05,7.3305,0,0.4887,8.023193E-05,7.3305,0
0.4896,4.36408E-06,7.344,0,0.4896,9.533837E-05,7.344,0
0.4905,1.309224E-05,7.3575,0,0.4905,3.189136E-05,7.3575,0
0.4914,5.706874E-06,7.371,0,0.4914,9.063859E-06,7.371,0
0.4923,-4.33051E-05,7.3845,0,0.4923,5.337606E-05,7.3845,0
0.4932,1.947051E-05,7.398,0,0.4932,1.779202E-05,7.398,0
0.4941,8.191043E-05,7.4115,0,0.4941,-5.035477E-05,7.4115,0
0.495,1.242084E-05,7.425,0,0.495,4.263371E-05,7.425,0
0.4959,3.323415E-05,7.4385,0,0.4959,2.920577E-05,7.4385,0
0.4968,4.599069E-05,7.452,0,0.4968,-5.874724E-05,7.452,0
0.4977,3.323415E-05,7.4655,0,0.4977,-3.256275E-05,7.4655,0
0.4986,-4.800488E-05,7.479,0,0.4986,-2.685588E-06,7.479,0
0.4995,-6.210422E-05,7.4925,0,0.4995,-2.28275E-05,7.4925,0
0.5004,-2.24918E-05,7.506,0,0.5004,-3.256275E-05,7.506,0
0.5013,2.652018E-05,7.5195,0,0.5013,-8.560311E-05,7.5195,0
0.5022,6.78111E-05,7.533,0,0.5022,-2.819867E-05,7.533,0
0.5031,-4.196231E-05,7.5465,0,0.5031,-2.920577E-05,7.5465,0
0.504,-3.356985E-07,7.56,0,0.504,-5.471885E-05,7.56,0
0.5049,4.666209E-05,7.5735,0,0.5049,-3.692683E-05,7.5735,0
0.5058,-4.49836E-05,7.587,0,0.5058,3.054856E-05,7.587,0
0.5067,1.107805E-05,7.6005,0,0.5067,3.356985E-06,7.6005,0
0.5076,9.097429E-05,7.614,0,0.5076,-3.826963E-05,7.614,0
0.5085,-5.975433E-05,7.6275,0,0.5085,1.040665E-05,7.6275,0
0.5094,-7.721065E-06,7.641,0,0.5094,1.309224E-05,7.641,0
0.5103,9.332418E-05,7.6545,0,0.5103,-5.606165E-05,7.6545,0
0.5112,8.157473E-05,7.668,0,0.5112,-1.611353E-05,7.668,0
0.5121,-2.1149E-05,7.6815,0,0.5121,3.289845E-05,7.6815,0
0.513,6.814679E-05,7.695,0,0.513,5.035477E-06,7.695,0
0.5139,0,7.7085,0,0.5139,-1.409934E-05,7.7085,0
0.5148,1.577783E-05,7.722,0,0.5148,-5.807584E-05,7.722,0
0.5157,3.457694E-05,7.7355,0,0.5157,9.063859E-06,7.7355,0
0.5166,-5.404745E-05,7.749,0,0.5166,1.745632E-05,7.749,0
0.5175,-4.867628E-05,7.7625,0,0.5175,-5.102617E-05,7.7625,0
0.5184,1.309224E-05,7.776,0,0.5184,-4.39765E-05,7.776,0
0.5193,-2.752728E-05,7.7895,0,0.5193,4.263371E-05,7.7895,0
0.5202,-5.941863E-05,7.803,0,0.5202,1.007095E-05,7.803,0
0.5211,6.210422E-05,7.8165,0,0.5211,-6.042573E-05,7.8165,0
0.522,-4.599069E-05,7.83,0,0.522,2.786297E-05,7.83,0
0.5229,-9.097429E-05,7.8435,0,0.5229,4.263371E-05,7.8435,0
0.5238,-6.713969E-07,7.857,0,0.5238,-2.987716E-05,7.857,0
0.5247,6.378271E-06,7.8705,0,0.5247,9.063859E-06,7.8705,0
0.5256,-9.533837E-05,7.884,0,0.5256,3.961242E-05,7.884,0
0.5265,-9.298848E-05,7.8975,0,0.5265,1.342794E-05,7.8975,0
0.5274,-5.404745E-05,7.911,0,0.5274,1.376364E-05,7.911,0
0.5283,-3.591974E-05,7.9245,0,0.5283,-1.712062E-05,7.9245,0
0.5292,-6.243992E-05,7.938,0,0.5292,1.510643E-05,7.938,0
0.5301,-0.0001238727,7.9515,0,0.5301,1.107805E-05,7.9515,0
0.531,-0.0001131304,7.965,0,0.531,-4.46479E-05,7.965,0
0.5319,-1.342794E-05,7.9785,0,0.5319,-6.210422E-05,7.9785,0
0.5328,-2.551309E-05,7.992,0,0.5328,8.392462E-06,7.992,0
0.5337,-5.438316E-05,8.0055,0,0.5337,-1.007095E-05,8.0055,0
0.5346,3.323415E-05,8.019,0,0.5346,-7.956054E-05,8.019,0
0.5355,-2.450599E-05,8.0325,0,0.5355,-2.349889E-05,8.0325,0
0.5364,2.349889E-06,8.046,0,0.5364,1.678492E-05,8.046,0
0.5373,4.53193E-05,8.0595,0,0.5373,-7.183947E-05,8.0595,0
0.5382,-1.174945E-05,8.073,0,0.5382,-5.270466E-05,8.073,0
0.5391,-5.673304E-05,8.0865,0,0.5391,-3.692683E-06,8.0865,0
0.54,-3.289845E-05,8.1,0,0.54,-4.229801E-05,8.1,0
0.5409,4.028382E-06,8.1135,0,0.5409,-4.934768E-05,8.1135,0
0.5418,0.0001037308,8.127,0,0.5418,-8.493171E-05,8.127,0
0.5427,5.841154E-05,8.1405,0,0.5427,-3.927672E-05,8.1405,0
0.5436,-4.33051E-05,8.154,0,0.5436,-3.860533E-05,8.154,0
0.5445,1.409934E-05,8.1675,0,0.5445,-5.706874E-05,8.1675,0
0.5454,7.016098E-05,8.181,0,0.5454,-6.009003E-05,8.181,0
0.5463,-7.553216E-05,8.1945,0,0.5463,1.443504E-05,8.1945,0
0.5472,-2.987716E-05,8.208,0,0.5472,-2.719158E-05,8.208,0
0.5481,5.740444E-05,8.2215,0,0.5481,-9.433127E-05,8.2215,0
0.549,-2.349889E-05,8.235,0,0.549,-1.947051E-05,8.235,0
0.5499,1.980621E-05,8.2485,0,0.5499,-1.309224E-05,8.2485,0
0.5508,0.000109102,8.262,0,0.5508,-6.277562E-05,8.262,0
0.5517,0.0001070878,8.2755,0,0.5517,7.049668E-06,8.2755,0
0.5526,-2.484169E-05,8.289,0,0.5526,3.994812E-05,8.289,0
0.5535,2.584878E-05,8.3025,0,0.5535,-4.36408E-06,8.3025,0
0.5544,1.174945E-05,8.316,0,0.5544,-1.443504E-05,8.316,0
0.5553,-8.392462E-06,8.3295,0,0.5553,-5.270466E-05,8.3295,0
0.5562,-5.706874E-06,8.343,0,0.5562,-2.719158E-05,8.343,0
0.5571,-2.1149E-05,8.3565,0,0.5571,-3.659113E-05,8.3565,0
0.558,-5.706874E-06,8.37,0,0.558,-6.6804E-05,8.37,0
0.5589,5.841154E-05,8.3835,0,0.5589,-7.586786E-05,8.3835,0
0.5598,-3.591974E-05,8.397,0,0.5598,-3.356985E-07,8.397,0
0.5607,-1.947051E-05,8.4105,0,0.5607,-2.24918E-05,8.4105,0
0.5616,8.291753E-05,8.424,0,0.5616,-9.903105E-05,8.424,0
0.5625,-5.706874E-06,8.4375,0,0.5625,-1.812772E-05,8.4375,0
0.5634,-7.586786E-05,8.451,0,0.5634,-7.049668E-06,8.451,0
0.5643,-6.848249E-05,8.4645,0,0.5643,-5.841154E-05,8.4645,0
0.5652,5.807584E-05,8.478,0,0.5652,-6.176852E-05,8.478,0
0.5661,-2.819867E-05,8.4915,0,0.5661,-8.392462E-06,8.4915,0
0.567,-6.210422E-05,8.505,0,0.567,-1.443504E-05,8.505,0
0.5679,-2.014191E-05,8.5185,0,0.5679,-1.040665E-05,8.5185,0
0.5688,1.913481E-05,8.532,0,0.5688,-6.344701E-05,8.532,0
0.5697,-2.383459E-05,8.5455,0,0.5697,-1.107805E-05,8.5455,0
0.5706,-0.0001111162,8.559,0,0.5706,7.049668E-06,8.559,0
0.5715,-5.069047E-05,8.5725,0,0.5715,-4.632639E-05,8.5725,0
0.5724,-3.793393E-05,8.586,0,0.5724,-4.129091E-05,8.586,0
0.5733,-0.000102388,8.5995,0,0.5733,1.678492E-06,8.5995,0
0.5742,-7.251087E-05,8.613,0,0.5742,-9.063859E-06,8.613,0
0.5751,9.433127E-05,8.6265,0,0.5751,-8.258183E-05,8.6265,0
0.576,-2.987716E-05,8.64,0,0.576,7.721065E-06,8.64,0
0.5769,1.007095E-06,8.6535,0,0.5769,6.713969E-07,8.6535,0
0.5778,6.143282E-05,8.667,0,0.5778,-7.452507E-05,8.667,0
0.5787,0.0001070878,8.6805,0,0.5787,-3.356985E-05,8.6805,0
0.5796,2.920577E-05,8.694,0,0.5796,2.21561E-05,8.694,0
0.5805,1.644922E-05,8.7075,0,0.5805,-3.356985E-07,8.7075,0
0.5814,2.014191E-06,8.721,0,0.5814,5.035477E-06,8.721,0
0.5823,6.009003E-05,8.7345,0,0.5823,-1.712062E-05,8.7345,0
0.5832,2.887007E-05,8.748,0,0.5832,3.155566E-05,8.748,0
0.5841,-0.0001920195,8.7615,0,0.5841,2.954147E-05,8.7615,0
0.585,-8.090334E-05,8.775,0,0.585,-4.33051E-05,8.775,0
0.5859,3.860533E-05,8.7885,0,0.5859,-1.644922E-05,8.7885,0
0.5868,-0.000115816,8.802,0,0.5868,5.774014E-05,8.802,0
0.5877,-5.941863E-05,8.8155,0,0.5877,3.289845E-05,8.8155,0
0.5886,0.0001070878,8.829,0,0.5886,-2.819867E-05,8.829,0
0.5895,-5.270466E-05,8.8425,0,0.5895,4.53193E-05,8.8425,0
0.5904,-6.243992E-05,8.856,0,0.5904,4.53193E-05,8.856,0
0.5913,1.913481E-05,8.8695,0,0.5913,4.36408E-06,8.8695,0
0.5922,2.383459E-05,8.883,0,0.5922,2.920577E-05,8.883,0
0.5931,-0.0001000381,8.8965,0,0.5931,4.39765E-05,8.8965,0
0.594,-2.786297E-05,8.91,0,0.594,1.174945E-05,8.91,0
0.5949,-1.678492E-05,8.9235,0,0.5949,9.063859E-06,8.9235,0
0.5958,5.035477E-05,8.937,0,0.5958,-3.524834E-05,8.937,0
0.5967,5.807584E-05,8.9505,0,0.5967,-3.356985E-06,8.9505,0
0.5976,8.69459E-05,8.964,0,0.5976,-2.1149E-05,8.964,0
0.5985,3.189136E-05,8.9775,0,0.5985,-4.39765E-05,8.9775,0
0.5994,3.994812E-05,8.991,0,0.5994,-6.378271E-05,8.991,0
0.6003,-2.014191E-05,9.0045,0,0.6003,3.692683E-06,9.0045,0
0.6012,3.356985E-06,9.018,0,0.6012,-1.443504E-05,9.018,0
0.6021,6.64683E-05,9.0315,0,0.6021,-4.766919E-05,9.0315,0
0.603,-8.728161E-06,9.045,0,0.603,4.263371E-05,9.045,0
0.6039,-5.539025E-05,9.0585,0,0.6039,3.424125E-05,9.0585,0
0.6048,2.752728E-05,9.072001,0,0.6048,-3.591974E-05,9.072001,0
0.6057,-2.349889E-06,9.0855,0,0.6057,-1.309224E-05,9.0855,0
0.6066,-0.0001017166,9.099,0,0.6066,2.920577E-05,9.099,0
0.6075,-9.835965E-05,9.1125,0,0.6075,-1.846342E-05,9.1125,0
0.6084,-4.36408E-05,9.126,0,0.6084,-2.517739E-05,9.126,0
0.6093,1.577783E-05,9.1395,0,0.6093,-6.948959E-05,9.1395,0
0.6102,2.584878E-05,9.153,0,0.6102,-2.685588E-06,9.153,0
0.6111,1.477073E-05,9.1665,0,0.6111,-1.107805E-05,9.1665,0
0.612,3.323415E-05,9.18,0,0.612,-5.740444E-05,9.18,0
0.6129,5.639734E-05,9.1935,0,0.6129,-7.217517E-05,9.1935,0
0.6138,-3.356985E-07,9.207,0,0.6138,-2.450599E-05,9.207,0
0.6147,6.51255E-05,9.2205,0,0.6147,-5.236896E-05,9.2205,0
0.6156,8.291753E-05,9.234,0,0.6156,-0.0001164874,9.234,0
0.6165,-3.256275E-05,9.2475,0,0.6165,-5.035477E-05,9.2475,0
0.6174,-5.035477E-06,9.261,0,0.6174,-2.047761E-05,9.261,0
0.6183,5.337606E-05,9.2745,0,0.6183,-8.493171E-05,9.2745,0
0.6192,-8.392462E-06,9.288,0,0.6192,-7.116808E-05,9.288,0
0.6201,-7.150377E-05,9.3015,0,0.6201,-1.678492E-05,9.3015,0
0.621,1.174945E-05,9.315,0,0.621,-4.733349E-05,9.315,0
0.6219,-5.069047E-05,9.3285,0,0.6219,-5.941863E-05,9.3285,0
0.6228,-3.356985E-07,9.342,0,0.6228,-9.802396E-05,9.342,0
0.6237,4.934768E-05,9.3555,0,0.6237,-2.652018E-05,9.3555,0
0.6246,-5.539025E-05,9.369,0,0.6246,1.040665E-05,9.369,0
0.6255,-2.18204E-05,9.3825,0,0.6255,-4.061952E-05,9.3825,0
0.6264,5.001907E-05,9.396,0,0.6264,-3.256275E-05,9.396,0
0.6273,-5.337606E-05,9.4095,0,0.6273,6.109713E-05,9.4095,0
0.6282,-6.54612E-05,9.423,0,0.6282,2.484169E-05,9.423,0
0.6291,4.867628E-05,9.4365,0,0.6291,-2.752728E-05,9.4365,0
0.63,-7.083238E-05,9.45,0,0.63,6.445411E-05,9.45,0
0.6309,-0.000130251,9.4635,0,0.6309,4.53193E-05,9.4635,0
0.6318,-4.867628E-05,9.477,0,0.6318,-1.712062E-05,9.477,0
0.6327,9.466698E-05,9.4905,0,0.6327,2.551309E-05,9.4905,0
0.6336,-6.009003E-05,9.504,0,0.6336,2.1149E-05,9.504,0
0.6345,-3.323415E-05,9.5175,0,0.6345,-2.047761E-05,9.5175,0
0.6354,3.524834E-05,9.531,0,0.6354,-2.618448E-05,9.531,0
0.6363,4.263371E-05,9.5445,0,0.6363,-7.855344E-05,9.5445,0
0.6372,-3.793393E-05,9.558,0,0.6372,-5.404745E-05,9.558,0
0.6381,-0.0001376364,9.5715,0,0.6381,-3.726253E-05,9.5715,0
0.639,-9.063859E-05,9.585,0,0.639,-8.560311E-05,9.585,0
0.6399,-9.735256E-06,9.5985,0,0.6399,-0.0001040665,9.5985,0
0.6408,-2.383459E-05,9.612,0,0.6408,-4.129091E-05,9.612,0
0.6417,-4.800488E-05,9.6255,0,0.6417,-6.881819E-05,9.6255,0
0.6426,6.311131E-05,9.639,0,0.6426,-0.0001178302,9.639,0
0.6435,-1.678492E-05,9.6525,0,0.6435,-2.047761E-05,9.6525,0
0.6444,2.517739E-05,9.666,0,0.6444,1.107805E-05,9.666,0
0.6453,4.263371E-05,9.6795,0,0.6453,-6.881819E-05,9.6795,0
0.6462,7.821774E-05,9.693,0,0.6462,-3.021286E-05,9.693,0
0.6471,-2.24918E-05,9.7065,0,0.6471,1.443504E-05,9.7065,0
0.648,-2.24918E-05,9.72,0,0.648,1.443504E-05,9.72,0
0.6489,1.309224E-05,9.7335,0,0.6489,8.728161E-06,9.7335,0
0.6498,0.0001117876,9.747,0,0.6498,-3.860533E-05,9.747,0
0.6507,-1.510643E-05,9.7605,0,0.6507,6.042573E-06,9.7605,0
0.6516,-4.733349E-05,9.774,0,0.6516,3.793393E-05,9.774,0
0.6525,5.874724E-05,9.7875,0,0.6525,-3.121996E-05,9.7875,0
0.6534,5.203327E-05,9.801,0,0.6534,-5.136187E-05,9.801,0
0.6543,-7.083238E-05,9.8145,0,0.6543,2.920577E-05,9.8145,0
0.6552,-2.383459E-05,9.828,0,0.6552,-1.510643E-05,9.828,0
0.6561,0.0001027237,9.8415,0,0.6561,-5.404745E-05,9.8415,0
0.657,-6.881819E-05,9.855,0,0.657,2.887007E-05,9.855,0
0.6579,-5.471885E-05,9.8685,0,0.6579,1.913481E-05,9.8685,0
0.6588,0.0001117876,9.882,0,0.6588,-4.196231E-05,9.882,0
0.6597,-1.779202E-05,9.8955,0,0.6597,2.1149E-05,9.8955,0
0.6606,-8.392462E-05,9.909,0,0.6606,5.069047E-05,9.909,0
0.6615,-9.063859E-06,9.9225,0,0.6615,9.399558E-06,9.9225,0
0.6624,-3.021286E-06,9.936,0,0.6624,-1.342794E-06,9.936,0
0.6633,8.056763E-06,9.9495,0,0.6633,-2.987716E-05,9.9495,0
0.6642,-1.611353E-05,9.963,0,0.6642,-1.510643E-05,9.963,0
0.6651,-0.0001604639,9.976501,0,0.6651,2.014191E-06,9.976501,0
0.666,-5.438316E-05,9.99,0,0.666,-2.920577E-05,9.99,0
0.6669,2.517739E-05,10.0035,0,0.6669,-3.558404E-05,10.0035,0
0.6678,-3.088426E-05,10.017,0,0.6678,3.524834E-05,10.017,0
0.6687,-5.941863E-05,10.0305,0,0.6687,9.399558E-06,10.0305,0
0.6696,8.560311E-05,10.044,0,0.6696,-5.572595E-05,10.044,0
0.6705,7.049668E-06,10.0575,0,0.6705,2.618448E-05,10.0575,0
0.6714,-2.316319E-05,10.071,0,0.6714,2.517739E-05,10.071,0
0.6723,2.920577E-05,10.0845,0,0.6723,-2.920577E-05,10.0845,0
0.6732,3.591974E-05,10.098,0,0.6732,1.007095E-06,10.098,0
0.6741,-5.941863E-05,10.1115,0,0.6741,5.136187E-05,10.1115,0
0.675,-3.591974E-05,10.125,0,0.675,5.136187E-05,10.125,0
0.6759,1.980621E-05,10.1385,0,0.6759,2.652018E-05,10.1385,0
0.6768,3.021286E-06,10.152,0,0.6768,-1.376364E-05,10.152,0
0.6777,2.987716E-05,10.1655,0,0.6777,2.047761E-05,10.1655,0
0.6786,-1.376364E-05,10.179,0,0.6786,4.028382E-06,10.179,0
0.6795,-4.36408E-06,10.1925,0,0.6795,-5.304036E-05,10.1925,0
0.6804,4.263371E-05,10.206,0,0.6804,-7.754635E-05,10.206,0
0.6813,-2.383459E-05,10.2195,0,0.6813,-2.853437E-05,10.2195,0
0.6822,-1.443504E-05,10.233,0,0.6822,-5.203327E-05,10.233,0
0.6831,2.987716E-05,10.2465,0,0.6831,-0.0001279011,10.2465,0
0.684,-2.18204E-05,10.26,0,0.684,-4.599069E-05,10.26,0
0.6849,6.143282E-05,10.2735,0,0.6849,-5.001907E-05,10.2735,0
0.6858,3.591974E-05,10.287,0,0.6858,-0.0001198444,10.287,0
0.6867,8.82887E-05,10.3005,0,0.6867,-8.224613E-05,10.3005,0
0.6876,1.309224E-05,10.314,0,0.6876,-4.196231E-05,10.314,0
0.6885,-2.853437E-05,10.3275,0,0.6885,-6.51255E-05,10.3275,0
0.6894,-1.846342E-05,10.341,0,0.6894,-6.51255E-05,10.341,0
0.6903,4.46479E-05,10.3545,0,0.6903,-7.922484E-05,10.3545,0
0.6912,-3.256275E-05,10.368,0,0.6912,-2.987716E-05,10.368,0
0.6921,-0.0001712062,10.3815,0,0.6921,1.040665E-05,10.3815,0
0.693,-9.298848E-05,10.395,0,0.693,-4.599069E-05,10.395,0
0.6939,3.793393E-05,10.4085,0,0.6939,-4.934768E-05,10.4085,0
0.6948,-0.0001208515,10.422,0,0.6948,3.189136E-05,10.422,0
0.6957,-7.754635E-05,10.4355,0,0.6957,2.1149E-05,10.4355,0
0.6966,9.030289E-05,10.449,0,0.6966,-5.270466E-05,10.449,0
0.6975,-4.061952E-05,10.4625,0,0.6975,2.752728E-05,10.4625,0
0.6984,1.510643E-05,10.476,0,0.6984,-3.021286E-06,10.476,0
0.6993,7.217517E-05,10.4895,0,0.6993,-6.61326E-05,10.4895,0
0.7002,-7.318227E-05,10.503,0,0.7002,1.309224E-05,10.503,0
0.7011,-9.433127E-05,10.5165,0,0.7011,5.069047E-05,10.5165,0
0.702,-1.007095E-05,10.53,0,0.702,2.18204E-05,10.53,0
0.7029,-7.016098E-05,10.5435,0,0.7029,1.611353E-05,10.5435,0
0.7038,-1.745632E-05,10.557,0,0.7038,-6.378271E-06,10.557,0
0.7047,-2.349889E-06,10.5705,0,0.7047,4.36408E-06,10.5705,0
0.7056,4.934768E-05,10.584,0,0.7056,5.035477E-06,10.584,0
0.7065,1.309224E-05,10.5975,0,0.7065,-4.53193E-05,10.5975,0
0.7074,6.6804E-05,10.611,0,0.7074,-5.740444E-05,10.611,0
0.7083,-4.36408E-06,10.6245,0,0.7083,1.040665E-05,10.6245,0
0.7092,-3.659113E-05,10.638,0,0.7092,-2.786297E-05,10.638,0
0.7101,5.404745E-05,10.6515,0,0.7101,-8.96315E-05,10.6515,0
0.711,-7.385367E-06,10.665,0,0.711,-9.063859E-06,10.665,0
0.7119,-7.788205E-05,10.6785,0,0.7119,-1.678492E-06,10.6785,0
0.7128,3.692683E-06,10.692,0,0.7128,-5.572595E-05,10.692,0
0.7137,-2.719158E-05,10.7055,0,0.7137,-3.021286E-06,10.7055,0
0.7146,-0.0001279011,10.719,0,0.7146,4.229801E-05,10.719,0
0.7155,-6.076142E-05,10.7325,0,0.7155,4.229801E-05,10.7325,0
0.7164,3.323415E-05,10.746,0,0.7164,5.572595E-05,10.746,0
0.7173,3.323415E-05,10.7595,0,0.7173,9.063859E-06,10.7595,0
0.7182,6.378271E-06,10.773,0,0.7182,6.881819E-05,10.773,0
0.7191,9.030289E-05,10.7865,0,0.7191,4.867628E-05,10.7865,0
0.72,7.217517E-05,10.8,0,0.72,9.063859E-06,10.8,0
0.7209,2.987716E-05,10.8135,0,0.7209,-9.063859E-06,10.8135,0
0.7218,-9.735256E-06,10.827,0,0.7218,3.894102E-05,10.827,0
0.7227,1.846342E-05,10.8405,0,0.7227,-1.644922E-05,10.8405,0
0.7236,6.344701E-05,10.854,0,0.7236,-8.69459E-05,10.854,0
0.7245,1.510643E-05,10.8675,0,0.7245,3.659113E-05,10.8675,0
0.7254,-3.189136E-05,10.881,0,0.7254,4.867628E-05,10.881,0
0.7263,-6.713969E-07,10.8945,0,0.7263,-3.659113E-05,10.8945,0
0.7272,6.74754E-05,10.908,0,0.7272,-1.107805E-05,10.908,0
0.7281,-5.136187E-05,10.9215,0,0.7281,2.316319E-05,10.9215,0
0.729,-7.385367E-06,10.935,0,0.729,-2.383459E-05,10.935,0
0.7299,-6.143282E-05,10.9485,0,0.7299,-2.383459E-05,10.9485,0
0.7308,-1.409934E-05,10.962,0,0.7308,-4.129091E-05,10.962,0
0.7317,7.721065E-06,10.9755,0,0.7317,2.349889E-06,10.9755,0
0.7326,-6.6804E-05,10.989,0,0.7326,-2.18204E-05,10.989,0
0.7335,1.443504E-05,11.0025,0,0.7335,-8.459602E-05,11.0025,0
0.7344,3.994812E-05,11.016,0,0.7344,-9.567407E-05,11.016,0
0.7353,-6.210422E-05,11.0295,0,0.7353,-2.14847E-05,11.0295,0
0.7362,-1.812772E-05,11.043,0,0.7362,-6.57969E-05,11.043,0
0.7371,6.948959E-05,11.0565,0,0.7371,-0.0001178302,11.0565,0
0.738,-8.627451E-05,11.07,0,0.738,-1.174945E-05,11.07,0
0.7389,-5.035477E-05,11.0835,0,0.7389,-2.417029E-05,11.0835,0
0.7398,4.800488E-05,11.097,0,0.7398,-5.706874E-05,11.097,0
0.7407,4.968337E-05,11.1105,0,0.7407,-2.719158E-05,11.1105,0
0.7416,-7.284657E-05,11.124,0,0.7416,1.779202E-05,11.124,0
0.7425,-1.174945E-05,11.1375,0,0.7425,-1.879912E-05,11.1375,0
0.7434,1.040665E-05,11.151,0,0.7434,-1.980621E-05,11.151,0
0.7443,5.673304E-05,11.1645,0,0.7443,-4.263371E-05,11.1645,0
0.7452,2.652018E-05,11.178,0,0.7452,-1.376364E-05,11.178,0
0.7461,-0.0001164874,11.1915,0,0.7461,-1.007095E-06,11.1915,0
0.747,-0.0001077592,11.205,0,0.747,-5.841154E-05,11.205,0
0.7479,5.706874E-06,11.2185,0,0.7479,-7.016098E-05,11.2185,0
0.7488,-3.424125E-05,11.232,0,0.7488,2.1149E-05,11.232,0
0.7497,-7.821774E-05,11.2455,0,0.7497,1.309224E-05,11.2455,0
0.7506,5.505455E-05,11.259,0,0.7506,-6.78111E-05,11.259,0
0.7515,2.987716E-05,11.2725,0,0.7515,1.745632E-05,11.2725,0
0.7524,-2.484169E-05,11.286,0,0.7524,1.913481E-05,11.286,0
0.7533,1.510643E-05,11.2995,0,0.7533,-4.061952E-05,11.2995,0
0.7542,3.323415E-05,11.313,0,0.7542,2.014191E-05,11.313,0
0.7551,-6.210422E-05,11.3265,0,0.7551,4.39765E-05,11.3265,0
0.756,-5.941863E-05,11.34,0,0.756,1.409934E-05,11.34,0
0.7569,-3.256275E-05,11.3535,0,0.7569,-1.242084E-05,11.3535,0
0.7578,6.243992E-05,11.367,0,0.7578,-6.915389E-05,11.367,0
0.7587,-5.706874E-06,11.3805,0,0.7587,-2.18204E-05,11.3805,0
0.7596,3.189136E-05,11.394,0,0.7596,-5.035477E-05,11.394,0
0.7605,4.599069E-05,11.4075,0,0.7605,-8.224613E-05,11.4075,0
0.7614,7.586786E-05,11.421,0,0.7614,-7.150377E-05,11.421,0
0.7623,-1.342794E-05,11.4345,0,0.7623,4.699779E-06,11.4345,0
0.7632,3.994812E-05,11.448,0,0.7632,-9.735256E-06,11.448,0
0.7641,9.164568E-05,11.4615,0,0.7641,-3.189136E-05,11.4615,0
0.765,-6.009003E-05,11.475,0,0.765,4.834058E-05,11.475,0
0.7659,-3.558404E-05,11.4885,0,0.7659,9.433127E-05,11.4885,0
0.7668,4.49836E-05,11.502,0,0.7668,4.33051E-05,11.502,0
0.7677,-2.450599E-05,11.5155,0,0.7677,3.323415E-05,11.5155,0
0.7686,-4.766919E-05,11.529,0,0.7686,5.539025E-05,11.529,0
0.7695,-3.390555E-05,11.5425,0,0.7695,3.457694E-05,11.5425,0
0.7704,-4.46479E-05,11.556,0,0.7704,1.644922E-05,11.556,0
0.7713,6.210422E-05,11.5695,0,0.7713,-4.095522E-05,11.5695,0
0.7722,-1.376364E-05,11.583,0,0.7722,-1.174945E-05,11.583,0
0.7731,-0.0001732204,11.5965,0,0.7731,2.349889E-06,11.5965,0
0.774,-9.198138E-05,11.61,0,0.774,-4.095522E-05,11.61,0
0.7749,-1.174945E-05,11.6235,0,0.7749,-5.572595E-05,11.6235,0
0.7758,-7.821774E-05,11.637,0,0.7758,-1.913481E-05,11.637,0
0.7767,-7.418937E-05,11.6505,0,0.7767,-4.39765E-05,11.6505,0
0.7776,5.774014E-05,11.664,0,0.7776,-9.634547E-05,11.664,0
0.7785,-2.887007E-05,11.6775,0,0.7785,-1.007095E-06,11.6775,0
0.7794,5.471885E-05,11.691,0,0.7794,-1.443504E-05,11.691,0
0.7803,0.000164828,11.7045,0,0.7803,-0.0001084306,11.7045,0
0.7812,-3.424125E-05,11.718,0,0.7812,-7.351797E-05,11.718,0
0.7821,-0.0001258869,11.7315,0,0.7821,-2.954147E-05,11.7315,0
0.783,-4.095522E-05,11.745,0,0.783,-3.256275E-05,11.745,0
0.7839,-1.040665E-05,11.7585,0,0.7839,-3.994812E-05,11.7585,0
0.7848,-1.510643E-05,11.772,0,0.7848,-6.982528E-05,11.772,0
0.7857,1.510643E-05,11.7855,0,0.7857,-2.517739E-05,11.7855,0
0.7866,7.989624E-05,11.799,0,0.7866,-2.987716E-05,11.799,0
0.7875,-6.042573E-06,11.8125,0,0.7875,-5.035477E-05,11.8125,0
0.7884,3.793393E-05,11.826,0,0.7884,-5.438316E-05,11.826,0
0.7893,3.256275E-05,11.8395,0,0.7893,3.356985E-07,11.8395,0
0.7902,6.378271E-06,11.853,0,0.7902,-2.081331E-05,11.853,0
0.7911,7.351797E-05,11.8665,0,0.7911,-8.090334E-05,11.8665,0
0.792,9.735256E-06,11.88,0,0.792,-1.745632E-05,11.88,0
0.7929,-9.063859E-06,11.8935,0,0.7929,-3.390555E-05,11.8935,0
0.7938,2.349889E-05,11.907,0,0.7938,-9.097429E-05,11.907,0
0.7947,4.800488E-05,11.9205,0,0.7947,-3.457694E-05,11.9205,0
0.7956,-3.894102E-05,11.934,0,0.7956,1.443504E-05,11.934,0
0.7965,-1.040665E-05,11.9475,0,0.7965,3.692683E-06,11.9475,0
0.7974,-5.706874E-06,11.961,0,0.7974,-9.063859E-06,11.961,0
0.7983,7.049668E-05,11.9745,0,0.7983,-5.941863E-05,11.9745,0
0.7992,-4.699779E-06,11.988,0,0.7992,-1.913481E-05,11.988,0
0.8001,-8.123904E-05,12.0015,0,0.8001,6.713969E-06,12.0015,0
0.801,-2.618448E-05,12.015,0,0.801,-2.383459E-05,12.015,0
0.8019,-2.786297E-05,12.0285,0,0.8019,-9.735256E-06,12.0285,0
0.8028,-8.72816E-05,12.042,0,0.8028,4.800488E-05,12.042,0
0.8037,9.399558E-06,12.0555,0,0.8037,2.014191E-05,12.0555,0
0.8046,1.443504E-05,12.069,0,0.8046,-5.270466E-05,12.069,0
0.8055,-3.524834E-05,12.0825,0,0.8055,3.323415E-05,12.0825,0
0.8064,2.383459E-05,12.096,0,0.8064,1.644922E-05,12.096,0
0.8073,-3.356985E-07,12.1095,0,0.8073,-4.934768E-05,12.1095,0
0.8082,-9.835965E-05,12.123,0,0.8082,-1.779202E-05,12.123,0
0.8091,-0.0001225299,12.1365,0,0.8091,1.409934E-05,12.1365,0
0.81,-5.404745E-05,12.15,0,0.81,-3.390555E-05,12.15,0
0.8109,-2.584878E-05,12.1635,0,0.8109,-6.478981E-05,12.1635,0
0.8118,-1.376364E-05,12.177,0,0.8118,-9.298848E-05,12.177,0
0.8127,4.699779E-06,12.1905,0,0.8127,-6.076142E-05,12.1905,0
0.8136,3.692683E-06,12.204,0,0.8136,-7.351797E-05,12.204,0
0.8145,3.994812E-05,12.2175,0,0.8145,-7.016098E-05,12.2175,0
0.8154,0.0001178302,12.231,0,0.8154,-5.136187E-05,12.231,0
0.8163,-5.270466E-05,12.2445,0,0.8163,1.040665E-05,12.2445,0
0.8172,-2.752728E-05,12.258,0,0.8172,-5.706874E-06,12.258,0
0.8181,0.0001315938,12.2715,0,0.8181,-5.136187E-05,12.2715,0
0.819,-3.356985E-05,12.285,0,0.819,5.203327E-05,12.285,0
0.8199,-9.332418E-05,12.2985,0,0.8199,8.661021E-05,12.2985,0
0.8208,8.392462E-06,12.312,0,0.8208,4.43122E-05,12.312,0
0.8217,-8.627451E-05,12.3255,0,0.8217,4.263371E-05,12.3255,0
0.8226,-0.000119173,12.339,0,0.8226,4.733349E-05,12.339,0
0.8235,-6.71397E-05,12.3525,0,0.8235,9.063859E-06,12.3525,0
0.8244,7.049668E-06,12.366,0,0.8244,-9.063859E-06,12.366,0
0.8253,1.678492E-06,12.3795,0,0.8253,-6.915389E-05,12.3795,0
0.8262,1.443504E-05,12.393,0,0.8262,-3.021286E-05,12.393,0
0.8271,9.164568E-05,12.4065,0,0.8271,-4.129091E-05,12.4065,0
0.828,4.33051E-05,12.42,0,0.828,-7.385367E-05,12.42,0
0.8289,3.121996E-05,12.4335,0,0.8289,-4.229801E-05,12.4335,0
0.8298,-3.692683E-06,12.447,0,0.8298,3.625543E-05,12.447,0
0.8307,1.510643E-05,12.4605,0,0.8307,2.383459E-05,12.4605,0
0.8316,5.673304E-05,12.474,0,0.8316,-5.136187E-05,12.474,0
0.8325,-5.706874E-06,12.4875,0,0.8325,2.819867E-05,12.4875,0
0.8334,-8.090334E-05,12.501,0,0.8334,-3.121996E-05,12.501,0
0.8343,-3.826963E-05,12.5145,0,0.8343,-0.0001393149,12.5145,0
0.8352,-4.061952E-05,12.528,0,0.8352,-0.0001097734,12.528,0
0.8361,-4.599069E-05,12.5415,0,0.8361,-6.74754E-05,12.5415,0
0.837,-5.136187E-05,12.555,0,0.837,-7.284657E-05,12.555,0
0.8379,-9.399557E-05,12.5685,0,0.8379,-5.539025E-05,12.5685,0
0.8388,-6.344701E-05,12.582,0,0.8388,-9.130999E-05,12.582,0
0.8397,-7.418937E-05,12.5955,0,0.8397,-1.779202E-05,12.5955,0
0.8406,-0.0001507286,12.609,0,0.8406,-4.36408E-06,12.609,0
0.8415,-7.486076E-05,12.6225,0,0.8415,-5.136187E-05,12.6225,0
0.8424,-1.846342E-05,12.636,0,0.8424,-1.846342E-05,12.636,0
0.8433,-9.634547E-05,12.6495,0,0.8433,9.030289E-05,12.6495,0
0.8442,3.927672E-05,12.663,0,0.8442,6.243992E-05,12.663,0
0.8451,0.0001460288,12.6765,0,0.8451,-4.733349E-05,12.6765,0
0.846,0.0001010452,12.69,0,0.846,4.33051E-05,12.69,0
0.8469,0.0002319677,12.7035,0,0.8469,0.0001070878,12.7035,0
0.8478,0.0002776226,12.717,0,0.8478,8.560311E-05,12.717,0
0.8487,0.0001067521,12.7305,0,0.8487,4.061952E-05,12.7305,0
0.8496,3.692683E-06,12.744,0,0.8496,4.53193E-05,12.744,0
0.8505,8.82887E-05,12.7575,0,0.8505,-4.36408E-06,12.7575,0
0.8514,7.754635E-05,12.771,0,0.8514,-1.678492E-06,12.771,0
0.8523,0.0001080949,12.7845,0,0.8523,-3.121996E-05,12.7845,0
0.8532,0.0001279011,12.798,0,0.8532,4.901198E-05,12.798,0
0.8541,-3.189136E-05,12.8115,0,0.8541,9.567407E-05,12.8115,0
0.855,-5.136187E-05,12.825,0,0.855,3.726253E-05,12.825,0
0.8559,3.659113E-05,12.8385,0,0.8559,-5.706874E-06,12.8385,0
0.8568,-6.814679E-05,12.852,0,0.8568,3.323415E-05,12.852,0
0.8577,-0.0001037308,12.8655,0,0.8577,-2.652018E-05,12.8655,0
0.8586,7.721065E-06,12.879,0,0.8586,-0.0001117876,12.879,0
0.8595001,-6.243992E-05,12.8925,0,0.8595001,-6.042573E-05,12.8925,0
0.8604,-0.0001524071,12.906,0,0.8604,-6.6804E-05,12.906,0
0.8613,-0.000130251,12.9195,0,0.8613,-0.0001467002,12.9195,0
0.8622,-0.000112459,12.933,0,0.8622,-0.0001346151,12.933,0
0.8631,-0.0002692302,12.9465,0,0.8631,-0.000130251,12.9465,0
0.864,-0.0002433814,12.96,0,0.864,-0.0001628138,12.96,0
0.8649,-0.0001654994,12.9735,0,0.8649,-0.0001211871,12.9735,0
0.8658,-0.0001017166,12.987,0,0.8658,-7.418937E-05,12.987,0
0.8667,-7.318227E-05,13.0005,0,0.8667,7.888914E-05,13.0005,0
0.8676,8.358892E-05,13.014,0,0.8676,0.0001943694,13.014,0
0.8685,0.0001393149,13.0275,0,0.8685,0.0002064546,13.0275,0
0.8694,0.0001950408,13.041,0,0.8694,0.0001752346,13.041,0
0.8703,0.0001554284,13.0545,0,0.8703,0.0001560998,13.0545,0
0.8712,0.0002286107,13.068,0,0.8712,6.74754E-05,13.068,0
0.8721,0.0002547952,13.0815,0,0.8721,-3.323415E-05,13.0815,0
0.873,0.0001352865,13.095,0,0.873,1.342794E-05,13.095,0
0.8739,8.358892E-05,13.1085,0,0.8739,9.030289E-05,13.1085,0
0.8748,7.418937E-05,13.122,0,0.8748,0,13.122,0
0.8757,3.692683E-06,13.1355,0,0.8757,-7.788205E-05,13.1355,0
0.8766,-9.500267E-05,13.149,0,0.8766,-0.0001205158,13.149,0
0.8775,-0.0001070878,13.1625,0,0.8775,-0.0001621424,13.1625,0
0.8784,-0.0001272297,13.176,0,0.8784,-0.0001624781,13.176,0
0.8793,-1.040665E-05,13.1895,0,0.8793,-0.0001618067,13.1895,0
0.8802,-4.733349E-05,13.203,0,0.8802,-5.807584E-05,13.203,0
0.8811,7.049668E-06,13.2165,0,0.8811,-3.961242E-05,13.2165,0
0.882,5.404745E-05,13.23,0,0.882,-6.881819E-05,13.23,0
0.8829,7.620356E-05,13.2435,0,0.8829,-0.0001094377,13.2435,0
0.8838,-5.673304E-05,13.257,0,0.8838,-3.323415E-05,13.257,0
0.8847,-0.0001077592,13.2705,0,0.8847,-1.644922E-05,13.2705,0
0.8856,1.376364E-05,13.284,0,0.8856,-9.231708E-05,13.284,0
0.8865,-0.0001131304,13.2975,0,0.8865,1.745632E-05,13.2975,0
0.8874,-0.0001873197,13.311,0,0.8874,4.599069E-05,13.311,0
0.8883,-6.478981E-05,13.3245,0,0.8883,-9.164568E-05,13.3245,0
0.8892,-5.539025E-05,13.338,0,0.8892,-0.0001550927,13.338,0
0.8901,-0.0001587854,13.3515,0,0.8901,-9.198138E-05,13.3515,0
0.891,1.040665E-05,13.365,0,0.891,-3.189136E-05,13.365,0
0.8919,4.162661E-05,13.3785,0,0.8919,-6.848249E-05,13.3785,0
0.8928,5.874724E-05,13.392,0,0.8928,-0.0001779202,13.392,0
0.8937,2.987716E-05,13.4055,0,0.8937,-0.0001876554,13.4055,0
0.8946,-9.768826E-05,13.419,0,0.8946,-0.0002138399,13.419,0
0.8955,-0.0001017166,13.4325,0,0.8955,-0.0001628138,13.4325,0
0.8964,6.009003E-05,13.446,0,0.8964,0.0002232395,13.446,0
0.8973,5.606165E-05,13.4595,0,0.8973,0.0004535287,13.4595,0
0.8982,-5.807584E-05,13.473,0,0.8982,0.000274937,13.473,0
0.8991,-1.242084E-05,13.4865,0,0.8991,0.0001027237,13.4865,0
0.9,-4.53193E-05,13.5,0,0.9,0.0001675135,13.5,0
0.9009,-2.047761E-05,13.5135,0,0.9009,0.0001393149,13.5135,0
0.9018,3.692683E-06,13.527,0,0.9018,-5.404745E-05,13.527,0
0.9027,2.24918E-05,13.5405,0,0.9027,-5.371176E-05,13.5405,0
0.9036,-3.323415E-05,13.554,0,0.9036,-3.726253E-05,13.554,0
0.9045,-9.735256E-06,13.5675,0,0.9045,-0.0001735561,13.5675,0
0.9054,2.786297E-05,13.581,0,0.9054,-0.0002453956,13.581,0
0.9063,0.0001540856,13.5945,0,0.9063,-0.0002027619,13.5945,0
0.9072,6.143282E-05,13.608,0,0.9072,-3.793393E-05,13.608,0
0.9081,-3.424125E-05,13.6215,0,0.9081,0.0001097734,13.6215,0
0.909,-4.33051E-05,13.635,0,0.909,0.0001440146,13.635,0
0.9099,-5.874724E-05,13.6485,0,0.9099,0.0001577783,13.6485,0
0.9108,-0.0001228656,13.662,0,0.9108,0.0001366293,13.662,0
0.9117,-2.954147E-05,13.6755,0,0.9117,-8.69459E-05,13.6755,0
0.9126,2.349889E-06,13.689,0,0.9126,-0.0002346532,13.689,0
0.9135,-9.903105E-05,13.7025,0,0.9135,-0.0001453574,13.7025,0
0.9144,1.544213E-05,13.716,0,0.9144,-0.0001003738,13.716,0
0.9153,-4.699779E-06,13.7295,0,0.9153,-4.196231E-05,13.7295,0
0.9162,-1.007095E-06,13.743,0,0.9162,1.409934E-05,13.743,0
0.9171,2.21561E-05,13.7565,0,0.9171,-2.551309E-05,13.7565,0
0.918,0.0001641566,13.77,0,0.918,-6.881819E-05,13.77,0
0.9189,0.0002665446,13.7835,0,0.9189,2.014191E-06,13.7835,0
0.9198,0.0003242847,13.797,0,0.9198,-5.136187E-05,13.797,0
0.9207,0.0001560998,13.8105,0,0.9207,-0.0002044404,13.8105,0
0.9216,-1.644922E-05,13.824,0,0.9216,-0.0003323415,13.824,0
0.9225,1.577783E-05,13.8375,0,0.9225,-0.0003625544,13.8375,0
0.9234,3.927672E-05,13.851,0,0.9234,-0.0003118639,13.851,0
0.9243,-0.0002141756,13.8645,0,0.9243,-0.0001853056,13.8645,0
0.9252,-0.0001795987,13.878,0,0.9252,-0.0001527428,13.878,0
0.9261,1.242084E-05,13.8915,0,0.9261,-2.349889E-06,13.8915,0
0.927,-0.0001514,13.905,0,0.927,0.0003967956,13.905,0
0.9279,-0.0002413672,13.9185,0,0.9279,0.0006119784,13.9185,0
0.9288,-0.0001661708,13.932,0,0.9288,0.0003605402,13.932,0
0.9297,-0.0001279011,13.9455,0,0.9297,0.0001651637,13.9455,0
0.9306,-0.0001980621,13.959,0,0.9306,0.0001339437,13.959,0
0.9315,-5.807584E-05,13.9725,0,0.9315,7.284657E-05,13.9725,0
0.9324,-1.342794E-06,13.986,0,0.9324,3.121996E-05,13.986,0
0.9333,-3.793393E-05,13.9995,0,0.9333,1.678492E-06,13.9995,0
0.9342,3.121996E-05,14.013,0,0.9342,0.0001205158,14.013,0
0.9351,0.000175906,14.0265,0,0.9351,0.000327306,14.0265,0
0.936,0.0002568093,14.04,0,0.936,0.0003299916,14.04,0
0.9369,0.0003172351,14.0535,0,0.9369,0.0001460288,14.0535,0
0.9378,0.0001836271,14.067,0,0.9378,0.0001473716,14.067,0
0.9387,3.692683E-06,14.0805,0,0.9387,2.920577E-05,14.0805,0
0.9396001,-5.539025E-05,14.094,0,0.9396001,-0.000322942,14.094,0
0.9405,-0.0002121614,14.1075,0,0.9405,-0.0004347295,14.1075,0
0.9414001,-0.0002057832,14.121,0,0.9414001,-0.0005220111,14.121,0
0.9423,-0.000193698,14.1345,0,0.9423,-0.0005545739,14.1345,0
0.9432001,-0.0002118257,14.148,0,0.9432001,-0.00048542,14.148,0
0.9441,-0.0002504311,14.1615,0,0.9441,-0.000397467,14.1615,0
0.9450001,-9.433127E-05,14.175,0,0.9450001,-0.0001550927,14.175,0
0.9459,9.600977E-05,14.1885,0,0.9459,0.0001087663,14.1885,0
0.9468,0.0002944076,14.202,0,0.9468,0.0003031357,14.202,0
0.9477,0.0003192493,14.2155,0,0.9477,0.0004102236,14.2155,0
0.9486,0.0001550927,14.229,0,0.9486,0.0003145495,14.229,0
0.9495,0.000144686,14.2425,0,0.9495,0.0001349508,14.2425,0
0.9504,-3.692683E-06,14.256,0,0.9504,-3.726253E-05,14.256,0
0.9513,-0.0001889983,14.2695,0,0.9513,9.701686E-05,14.2695,0
0.9522,-0.0001668421,14.283,0,0.9522,0.0002625162,14.283,0
0.9531,-1.376364E-05,14.2965,0,0.9531,0.0002574807,14.2965,0
0.954,-0.0001097734,14.31,0,0.954,0.0003286488,14.31,0
0.9549,1.577783E-05,14.3235,0,0.9549,0.0002400244,14.3235,0
0.9558,0.0001040665,14.337,0,0.9558,5.069047E-05,14.337,0
0.9567,-7.016098E-05,14.3505,0,0.9567,2.652018E-05,14.3505,0
0.9576,-0.0001299153,14.364,0,0.9576,9.063859E-06,14.364,0
0.9585,-0.0001040665,14.3775,0,0.9585,-0.0001544213,14.3775,0
0.9594,-0.0002054475,14.391,0,0.9594,-0.0002776226,14.391,0
0.9603,-0.0001346151,14.4045,0,0.9603,-0.0004025025,14.4045,0
0.9612,6.378271E-06,14.418,0,0.9612,-0.0003991455,14.418,0
0.9621,-2.047761E-05,14.4315,0,0.9621,-0.0003914244,14.4315,0
0.963,7.452507E-05,14.445,0,0.963,-0.0003044785,14.445,0
0.9639,0.0001164874,14.4585,0,0.9639,-0.0001534142,14.4585,0
0.9648,-1.040665E-05,14.472,0,0.9648,6.176852E-05,14.472,0
0.9657,-4.263371E-05,14.4855,0,0.9657,0.000179263,14.4855,0
0.9666,-2.383459E-05,14.499,0,0.9666,7.989624E-05,14.499,0
0.9675,-0.0001376364,14.5125,0,0.9675,9.097429E-05,14.5125,0
0.9684,-0.000115816,14.526,0,0.9684,3.323415E-05,14.526,0
0.9693,2.383459E-05,14.5395,0,0.9693,-0.0002702373,14.5395,0
0.9702,0.0001789273,14.553,0,0.9702,-0.0003410697,14.553,0
0.9711,-5.203327E-05,14.5665,0,0.9711,-0.0002433814,14.5665,0
0.972,-8.89601E-05,14.58,0,0.972,-0.0003078355,14.58,0
0.9729,3.726253E-05,14.5935,0,0.9729,-0.0003068284,14.5935,0
0.9738,9.500267E-05,14.607,0,0.9738,-0.0002064546,14.607,0
0.9747,4.39765E-05,14.6205,0,0.9747,-0.0001524071,14.6205,0
0.9756,-3.021286E-06,14.634,0,0.9756,-0.0002373388,14.634,0
0.9765,5.706874E-06,14.6475,0,0.9765,-0.0002447242,14.6475,0
0.9774,4.867628E-05,14.661,0,0.9774,-1.007095E-06,14.661,0
0.9783,-6.54612E-05,14.6745,0,0.9783,0.0003246204,14.6745,0
0.9792,-3.390555E-05,14.688,0,0.9792,0.0004686351,14.688,0
0.9801,-0.0001148089,14.7015,0,0.9801,0.0004944839,14.7015,0
0.981,-0.0002101472,14.715,0,0.981,0.000457557,14.715,0
0.9819,-0.0002145113,14.7285,0,0.9819,0.0001809415,14.7285,0
0.9828,-0.0001242084,14.742,0,0.9828,-2.786297E-05,14.742,0
0.9837,-2.887007E-05,14.7555,0,0.9837,1.577783E-05,14.7555,0
0.9846,-3.692683E-05,14.769,0,0.9846,0.0002252537,14.769,0
0.9855,0.0001087663,14.7825,0,0.9855,0.0003622186,14.7825,0
0.9864,0.0002554666,14.796,0,0.9864,0.0002390173,14.796,0
0.9873,0.0002688945,14.8095,0,0.9873,5.203327E-05,14.8095,0
0.9882,8.090334E-05,14.823,0,0.9882,-0.0001114519,14.823,0
0.9891,2.652018E-05,14.8365,0,0.9891,-0.0002091402,14.8365,0
0.99,7.284657E-05,14.85,0,0.99,-0.000274937,14.85,0
0.9909,0.0001863127,14.8635,0,0.9909,-0.0002259251,14.8635,0
0.9918,1.678492E-05,14.877,0,0.9918,0.0001930266,14.877,0
0.9927,-0.000115816,14.8905,0,0.9927,0.0002118257,14.8905,0
0.9936,-1.174945E-05,14.904,0,0.9936,-1.376364E-05,14.904,0
0.9945,-6.74754E-05,14.9175,0,0.9945,0.0001950408,14.9175,0
0.9954,-5.706874E-05,14.931,0,0.9954,0.0001379721,14.931,0
0.9963,0.0001144732,14.9445,0,0.9963,3.491264E-05,14.9445,0
0.9972,-0.0001295796,14.958,0,0.9972,-0.0002534524,14.958,0
0.9981,-0.000267216,14.9715,0,0.9981,-0.0005287251,14.9715,0
0.999,3.356985E-07,14.985,0,0.999,-0.0004155947,14.985,0
0.9999,0.0001567712,14.9985,0,0.9999,-0.0002692302,14.9985,0
1.0008,0.000288365,15.012,0,1.0008,-0.0001252155,15.012,0
1.0017,0.0004159304,15.0255,0,1.0017,3.189136E-05,15.0255,0
1.0026,0.0003236133,15.039,0,1.0026,-4.699779E-06,15.039,0
1.0035,0.0001044022,15.0525,0,1.0035,-5.404745E-05,15.0525,0
1.0044,0.0001399863,15.066,0,1.0044,-0.000186984,15.066,0
1.0053,6.277562E-05,15.0795,0,1.0053,-0.0002752728,15.0795,0
1.0062,-9.298848E-05,15.093,0,1.0062,-0.0002534524,15.093,0
1.0071,-1.644922E-05,15.1065,0,1.0071,-0.0001393149,15.1065,0
1.008,-6.78111E-05,15.12,0,1.008,0.0001809415,15.12,0
1.0089,-0.0001507286,15.1335,0,1.0089,0.0001963836,15.1335,0
1.0098,-2.584878E-05,15.147,0,1.0098,0.000323949,15.147,0
1.0107,-0.0001299153,15.1605,0,1.0107,0.000218204,15.1605,0
1.0116,-0.000161471,15.174,0,1.0116,2.450599E-05,15.174,0
1.0125,2.383459E-05,15.1875,0,1.0125,-1.812772E-05,15.1875,0
1.0134,6.948959E-05,15.201,0,1.0134,-0.0001087663,15.201,0
1.0143,9.835965E-05,15.2145,0,1.0143,-2.987716E-05,15.2145,0
1.0152,8.426032E-05,15.228,0,1.0152,0.0001265583,15.228,0
1.0161,2.484169E-05,15.2415,0,1.0161,0.0001574426,15.2415,0
1.017,4.599069E-05,15.255,0,1.017,0.000126894,15.255,0
1.0179,0.0001299153,15.2685,0,1.0179,4.36408E-06,15.2685,0
1.0188,7.989624E-05,15.282,0,1.0188,1.779202E-05,15.282,0
1.0197,5.941863E-05,15.2955,0,1.0197,2.047761E-05,15.2955,0
1.0206,0.0001164874,15.309,0,1.0206,-0.0001208515,15.309,0
1.0215,2.18204E-05,15.3225,0,1.0215,-7.351797E-05,15.3225,0
1.0224,7.821774E-05,15.336,0,1.0224,-3.591974E-05,15.336,0
1.0233,1.913481E-05,15.3495,0,1.0233,-0.0001151446,15.3495,0
1.0242,-9.802396E-05,15.363,0,1.0242,-9.399557E-05,15.363,0
1.0251,-0.0001507286,15.3765,0,1.0251,-0.0001104448,15.3765,0
1.026,-9.063859E-05,15.39,0,1.026,-0.0001033951,15.39,0
1.0269,-8.96315E-05,15.4035,0,1.0269,1.913481E-05,15.4035,0
1.0278,-1.376364E-05,15.417,0,1.0278,1.007095E-06,15.417,0
1.0287,-5.807584E-05,15.4305,0,1.0287,-0.0002594949,15.4305,0
1.0296,-0.0001420005,15.444,0,1.0296,-0.000418616,15.444,0
1.0305,-8.358892E-05,15.4575,0,1.0305,-0.0003880674,15.4575,0
1.0314,-2.652018E-05,15.471,0,1.0314,-0.0003403983,15.471,0
1.0323,-0.0002138399,15.4845,0,1.0323,-0.0001601282,15.4845,0
1.0332,-0.0001087663,15.498,0,1.0332,0.0002547952,15.498,0
1.0341,9.634547E-05,15.5115,0,1.0341,0.0004501717,15.5115,0
1.035,-2.819867E-05,15.525,0,1.035,0.0003934386,15.525,0
1.0359,0.0001926909,15.5385,0,1.0359,0.0001782559,15.5385,0
1.0368,0.0003659113,15.552,0,1.0368,9.231708E-05,15.552,0
1.0377,0.0001077592,15.5655,0,1.0377,8.82887E-05,15.5655,0
1.0386,-0.0001658351,15.579,0,1.0386,8.560311E-05,15.579,0
1.0395,-0.0001044022,15.5925,0,1.0395,0.0001164874,15.5925,0
1.0404,-0.000105745,15.606,0,1.0404,-1.040665E-05,15.606,0
1.0413,-0.0001839628,15.6195,0,1.0413,-0.0001732204,15.6195,0
1.0422,-9.533837E-05,15.633,0,1.0422,-0.000133608,15.633,0
1.0431,4.53193E-05,15.6465,0,1.0431,-0.0001560998,15.6465,0
1.044,1.577783E-05,15.66,0,1.044,-0.0003403983,15.66,0
1.0449,8.728161E-06,15.6735,0,1.0449,-0.0003494621,15.6735,0
1.0458,-0.0001507286,15.687,0,1.0458,-2.987716E-05,15.687,0
1.0467,-0.0001671778,15.7005,0,1.0467,6.78111E-05,15.7005,0
1.0476,-7.956054E-05,15.714,0,1.0476,-4.263371E-05,15.714,0
1.0485,-8.996719E-05,15.7275,0,1.0485,9.433127E-05,15.7275,0
1.0494,2.383459E-05,15.741,0,1.0494,0.0003602045,15.741,0
1.0503,7.217517E-05,15.7545,0,1.0503,0.0003588617,15.7545,0
1.0512,6.57969E-05,15.768,0,1.0512,0.0002084688,15.768,0
1.0521,6.277562E-05,15.7815,0,1.0521,7.217517E-05,15.7815,0
1.053,0.0001362936,15.795,0,1.053,-7.418937E-05,15.795,0
1.0539,0.000119173,15.8085,0,1.0539,-7.452507E-05,15.8085,0
1.0548,6.210422E-05,15.822,0,1.0548,-7.318227E-05,15.822,0
1.0557,-3.021286E-06,15.8355,0,1.0557,3.021286E-05,15.8355,0
1.0566,-0.0001185016,15.849,0,1.0566,-2.014191E-06,15.849,0
1.0575,-5.673304E-05,15.8625,0,1.0575,-3.121996E-05,15.8625,0
1.0584,-1.074235E-05,15.876,0,1.0584,6.143282E-05,15.876,0
1.0593,-9.903105E-05,15.8895,0,1.0593,0.0001594568,15.8895,0
1.0602,-9.063859E-05,15.903,0,1.0602,0.0001420005,15.903,0
1.0611,3.860533E-05,15.9165,0,1.0611,0.0001151446,15.9165,0
1.062,-0.0001238727,15.93,0,1.062,0.0001554284,15.93,0
1.0629,-0.0001534142,15.9435,0,1.0629,5.807584E-05,15.9435,0
1.0638,-0.0001930266,15.957,0,1.0638,-9.500267E-05,15.957,0
1.0647,-0.0002061189,15.9705,0,1.0647,-0.000119173,15.9705,0
1.0656,-9.869535E-05,15.984,0,1.0656,2.081331E-05,15.984,0
1.0665,0.0001174945,15.9975,0,1.0665,6.210422E-05,15.9975,0
1.0674,8.023193E-05,16.011,0,1.0674,-0.0001117876,16.011,0
1.0683,0.000144686,16.0245,0,1.0683,-0.0003978027,16.0245,0
1.0692,0.0003135424,16.038,0,1.0692,-0.0002890364,16.038,0
1.0701,0.0002450599,16.0515,0,1.0701,-0.0001473716,16.0515,0
1.071,0.0001638209,16.065,0,1.071,-0.0001765774,16.065,0
1.0719,0.0001842985,16.0785,0,1.0719,-0.0002225681,16.0785,0
1.0728,-3.860533E-05,16.092,0,1.0728,-0.0002413672,16.092,0
1.0737,-4.800488E-05,16.1055,0,1.0737,-0.0003219348,16.1055,0
1.0746,7.385367E-05,16.119,0,1.0746,-0.0004199588,16.119,0
1.0755,-4.766919E-05,16.1325,0,1.0755,-0.0002084688,16.1325,0
1.0764,-0.0001665064,16.146,0,1.0764,-0.0001765774,16.146,0
1.0773,-0.0001148089,16.1595,0,1.0773,-0.0001201801,16.1595,0
1.0782,-7.049668E-06,16.173,0,1.0782,0.0003635614,16.173,0
1.0791,-0.0001802701,16.1865,0,1.0791,0.0004578927,16.1865,0
1.08,-0.0001117876,16.2,0,1.08,0.000369604,16.2,0
1.0809,-7.754635E-05,16.2135,0,1.0809,0.0004159304,16.2135,0
1.0818,-4.129091E-05,16.227,0,1.0818,0.0003605402,16.227,0
1.0827,-5.270466E-05,16.2405,0,1.0827,0.0003152209,16.2405,0
1.0836,-0.0001409934,16.254,0,1.0836,8.560311E-05,16.254,0
1.0845,-6.948959E-05,16.2675,0,1.0845,-4.934768E-05,16.2675,0
1.0854,-5.606165E-05,16.281,0,1.0854,-5.975433E-05,16.281,0
1.0863,-0.0001349508,16.2945,0,1.0863,-2.081331E-05,16.2945,0
1.0872,-0.0001430075,16.308,0,1.0872,-5.807584E-05,16.308,0
1.0881,8.056763E-06,16.3215,0,1.0881,-7.284657E-05,16.3215,0
1.089,-1.846342E-05,16.335,0,1.089,-5.035477E-06,16.335,0
1.0899,-6.478981E-05,16.3485,0,1.0899,-6.210422E-05,16.3485,0
1.0908,1.174945E-05,16.362,0,1.0908,-0.0002229038,16.362,0
1.0917,8.560311E-05,16.3755,0,1.0917,-0.000288365,16.3755,0
1.0926,-2.987716E-05,16.389,0,1.0926,-0.0002887007,16.389,0
1.0935,-7.821774E-05,16.4025,0,1.0935,-0.0003692683,16.4025,0
1.0944,-7.821774E-05,16.416,0,1.0944,-0.0002292821,16.416,0
1.0953,-4.36408E-06,16.4295,0,1.0953,-8.090334E-05,16.4295,0
1.0962,4.666209E-05,16.443,0,1.0962,-3.524834E-05,16.443,0
1.0971,4.599069E-05,16.4565,0,1.0971,-5.203327E-05,16.4565,0
1.098,5.606165E-05,16.47,0,1.098,-7.956054E-05,16.47,0
1.0989,3.189136E-05,16.4835,0,1.0989,-9.903105E-05,16.4835,0
1.0998,-1.577783E-05,16.497,0,1.0998,1.712062E-05,16.497,0
1.1007,0.000112459,16.5105,0,1.1007,6.948959E-05,16.5105,0
1.1016,0.0001755703,16.524,0,1.1016,-9.063859E-06,16.524,0
1.1025,-6.143282E-05,16.5375,0,1.1025,0.0001104448,16.5375,0
1.1034,-0.0002084688,16.551,0,1.1034,0.0001144732,16.551,0
1.1043,-0.0002675517,16.5645,0,1.1043,2.383459E-05,16.5645,0
1.1052,-0.0002984359,16.578,0,1.1052,0.0002302892,16.578,0
1.1061,-0.0002746014,16.5915,0,1.1061,0.0004172732,16.5915,0
1.107,-0.0001164874,16.605,0,1.107,0.0004014954,16.605,0
1.1079,6.6804E-05,16.6185,0,1.1079,0.0002588235,16.6185,0
1.1088,0.0002185397,16.632,0,1.1088,0.0001708705,16.632,0
1.1097,0.0002131685,16.6455,0,1.1097,0.0001285725,16.6455,0
1.1106,0.0001393149,16.659,0,1.1106,5.706874E-05,16.659,0
1.1115,4.061952E-05,16.6725,0,1.1115,-2.685588E-06,16.6725,0
1.1124,2.652018E-05,16.686,0,1.1124,-2.18204E-05,16.686,0
1.1133,-0.0001104448,16.6995,0,1.1133,-2.417029E-05,16.6995,0
1.1142,-7.721065E-05,16.713,0,1.1142,-0.000235996,16.713,0
1.1151,8.795301E-05,16.7265,0,1.1151,-0.0002887007,16.7265,0
1.116,0.0001816129,16.74,0,1.116,-0.0001510643,16.74,0
1.1169,0.0003111925,16.7535,0,1.1169,-5.069047E-05,16.7535,0
1.1178,0.0004558785,16.767,0,1.1178,-0.0001282368,16.767,0
1.1187,0.000267216,16.7805,0,1.1187,-0.0002541238,16.7805,0
1.1196,-8.627451E-05,16.794,0,1.1196,-0.0001681849,16.794,0
1.1205,-0.0002447242,16.8075,0,1.1205,-0.000109102,16.8075,0
1.1214,-0.0001829557,16.821,0,1.1214,-8.82887E-05,16.821,0
1.1223,-0.0001013809,16.8345,0,1.1223,-0.0001084306,16.8345,0
1.1232,-0.0002490883,16.848,0,1.1232,-0.0001104448,16.848,0
1.1241,-0.0003595331,16.8615,0,1.1241,-0.000133608,16.8615,0
1.125,-0.0002245823,16.875,0,1.125,-0.0001084306,16.875,0
1.1259,-0.0001715419,16.8885,0,1.1259,3.155566E-05,16.8885,0
1.1268,-0.0002635233,16.902,0,1.1268,1.678492E-06,16.902,0
1.1277,-0.0002299535,16.9155,0,1.1277,-0.0002742657,16.9155,0
1.1286,-6.61326E-05,16.929,0,1.1286,-0.000337377,16.929,0
1.1295,-4.196231E-05,16.9425,0,1.1295,-0.0002024262,16.9425,0
1.1304,-1.107805E-05,16.956,0,1.1304,-0.000164828,16.956,0
1.1313,-4.565499E-05,16.9695,0,1.1313,-1.712062E-05,16.9695,0
1.1322,-0.0001077592,16.983,0,1.1322,0.0004783703,16.983,0
1.1331,-8.661021E-05,16.9965,0,1.1331,0.0005357748,16.9965,0
1.134,8.325322E-05,17.01,0,1.134,0.0003135424,17.01,0
1.1349,8.291753E-05,17.0235,0,1.1349,0.0001990692,17.0235,0
1.1358,0.0001211871,17.037,0,1.1358,8.89601E-05,17.037,0
1.1367,0.000172549,17.0505,0,1.1367,4.39765E-05,17.0505,0
1.1376,0.00024271,17.064,0,1.1376,-4.46479E-05,17.064,0
1.1385,0.0002158541,17.0775,0,1.1385,-0.0001373007,17.0775,0
1.1394,0.0001080949,17.091,0,1.1394,-0.000252781,17.091,0
1.1403,-2.719158E-05,17.1045,0,1.1403,-0.0001980621,17.1045,0
1.1412,5.404745E-05,17.118,0,1.1412,-0.0002218967,17.118,0
1.1421,0.0001681849,17.1315,0,1.1421,-0.000312871,17.1315,0
1.143,2.987716E-05,17.145,0,1.143,-0.0002876936,17.145,0
1.1439,2.1149E-05,17.1585,0,1.1439,-0.0001430075,17.1585,0
1.1448,0.0001064164,17.172,0,1.1448,-6.042573E-05,17.172,0
1.1457,-2.383459E-05,17.1855,0,1.1457,-7.687495E-05,17.1855,0
1.1466,-0.0001131304,17.199,0,1.1466,-4.934768E-05,17.199,0
1.1475,1.644922E-05,17.2125,0,1.1475,-3.189136E-05,17.2125,0
1.1484,5.572595E-05,17.226,0,1.1484,6.344701E-05,17.226,0
1.1493,4.867628E-05,17.2395,0,1.1493,-0.0001769131,17.2395,0
1.1502,-1.913481E-05,17.253,0,1.1502,-0.0003538262,17.253,0
1.1511,-9.298848E-05,17.2665,0,1.1511,-0.000102388,17.2665,0
1.152,-0.0001312581,17.28,0,1.152,-0.0001292439,17.28,0
1.1529,-1.644922E-05,17.2935,0,1.1529,-2.349889E-06,17.2935,0
1.1538,4.934768E-05,17.307,0,1.1538,0.0003904173,17.307,0
1.1547,0.0001107805,17.3205,0,1.1547,0.0008086977,17.3205,0
1.1556,0.0001258869,17.334,0,1.1556,0.0006871748,17.334,0
1.1565,2.786297E-05,17.3475,0,1.1565,0.0004669566,17.3475,0
1.1574,-4.666209E-05,17.361,0,1.1574,0.0002541238,17.361,0
1.1583,7.385367E-06,17.3745,0,1.1583,8.96315E-05,17.3745,0
1.1592,3.726253E-05,17.388,0,1.1592,0.0001030594,17.388,0
1.1601,-1.208515E-05,17.4015,0,1.1601,0.0001010452,17.4015,0
1.161,1.040665E-05,17.415,0,1.161,6.982528E-05,17.415,0
1.1619,8.224613E-05,17.4285,0,1.1619,-2.081331E-05,17.4285,0
1.1628,8.358892E-05,17.442,0,1.1628,-0.0001426719,17.442,0
1.1637,1.712062E-05,17.4555,0,1.1637,-0.0001564355,17.4555,0
1.1646,5.001907E-05,17.469,0,1.1646,-0.0001668421,17.469,0
1.1655,0.0001070878,17.4825,0,1.1655,-7.754635E-05,17.4825,0
1.1664,8.560311E-05,17.496,0,1.1664,-0.0001641566,17.496,0
1.1673,-5.539025E-05,17.5095,0,1.1673,-0.0003313344,17.5095,0
1.1682,-2.1149E-05,17.523,0,1.1682,-0.0002615091,17.523,0
1.1691,6.210422E-05,17.5365,0,1.1691,-0.0002437171,17.5365,0
1.17,-6.076142E-05,17.55,0,1.17,-0.0001279011,17.55,0
1.1709,-4.599069E-05,17.5635,0,1.1709,-2.081331E-05,17.5635,0
1.1718,3.894102E-05,17.577,0,1.1718,-8.090334E-05,17.577,0
1.1727,2.349889E-05,17.5905,0,1.1727,-0.0001285725,17.5905,0
1.1736,-3.356985E-05,17.604,0,1.1736,-6.71397E-05,17.604,0
1.1745,-9.030289E-05,17.6175,0,1.1745,-0.0001681849,17.6175,0
1.1754,-9.970245E-05,17.631,0,1.1754,-0.0002306248,17.631,0
1.1763,5.035477E-06,17.6445,0,1.1763,-0.0002554666,17.6445,0
1.1772,3.021286E-06,17.658,0,1.1772,-0.0001701991,17.658,0
1.1781,1.174945E-05,17.6715,0,1.1781,-5.874724E-05,17.6715,0
1.179,9.466698E-05,17.685,0,1.179,5.136187E-05,17.685,0
1.1799,0.0001366293,17.6985,0,1.1799,0.0002662089,17.6985,0
1.1808,-2.719158E-05,17.712,0,1.1808,0.0002829938,17.712,0
1.1817,-1.678492E-06,17.7255,0,1.1817,0.0001017166,17.7255,0
1.1826,9.433127E-05,17.739,0,1.1826,-9.332418E-05,17.739,0
1.1835,-0.0001983978,17.7525,0,1.1835,-6.378271E-06,17.7525,0
1.1844,-0.0003457694,17.766,0,1.1844,4.800488E-05,17.766,0
1.1853,-0.0002477455,17.7795,0,1.1853,-7.418937E-05,17.7795,0
1.1862,-0.0002568093,17.793,0,1.1862,-8.224613E-05,17.793,0
1.1871,-0.0004125734,17.8065,0,1.1871,-2.014191E-06,17.8065,0
1.188,-0.0002343175,17.82,0,1.188,-7.687495E-05,17.82,0
1.1889,-4.36408E-06,17.8335,0,1.1889,-0.0001477073,17.8335,0
1.1898,0.0001957122,17.847,0,1.1898,-0.000179263,17.847,0
1.1907,0.0001527428,17.8605,0,1.1907,-0.0001104448,17.8605,0
1.1916,0.0002688945,17.874,0,1.1916,-0.0001309224,17.874,0
1.1925,0.0002306248,17.8875,0,1.1925,-1.812772E-05,17.8875,0
1.1934,0.0002668803,17.901,0,1.1934,0.0001161517,17.901,0
1.1943,0.0001550927,17.9145,0,1.1943,0.0001957122,17.9145,0
1.1952,0.0001883268,17.928,0,1.1952,0.0003380484,17.928,0
1.1961,0.0001873197,17.9415,0,1.1961,0.0001500572,17.9415,0
1.197,-2.014191E-06,17.955,0,1.197,-1.107805E-05,17.955,0
1.1979,-0.0001571069,17.9685,0,1.1979,-0.0001080949,17.9685,0
1.1988,2.349889E-06,17.982,0,1.1988,-0.0001618067,17.982,0
1.1997,0.0002124971,17.9955,0,1.1997,-8.627451E-05,17.9955,0
1.2006,1.510643E-05,18.009,0,1.2006,1.141375E-05,18.009,0
1.2015,1.309224E-05,18.0225,0,1.2015,-6.277562E-05,18.0225,0
1.2024,-3.021286E-05,18.036,0,1.2024,-9.164568E-05,18.036,0
1.2033,-3.793393E-05,18.0495,0,1.2033,-7.888914E-05,18.0495,0
1.2042,-0.0001245441,18.063,0,1.2042,-1.409934E-05,18.063,0
1.2051,-0.0002997787,18.0765,0,1.2051,0.0001886625,18.0765,0
1.206,-0.0002819867,18.09,0,1.206,0.0002625162,18.09,0
1.2069,-0.0002104829,18.1035,0,1.2069,0.0002131685,18.1035,0
1.2078,-0.0001352865,18.117,0,1.2078,0.0001950408,18.117,0
1.2087,2.786297E-05,18.1305,0,1.2087,8.69459E-05,18.1305,0
1.2096,-5.706874E-06,18.144,0,1.2096,-3.289845E-05,18.144,0
1.2105,-7.956054E-05,18.1575,0,1.2105,-7.385367E-06,18.1575,0
1.2114,8.69459E-05,18.171,0,1.2114,-2.24918E-05,18.171,0
1.2123,1.309224E-05,18.1845,0,1.2123,-0.0001809415,18.1845,0
1.2132,-0.0001467002,18.198,0,1.2132,-0.0002534524,18.198,0
1.2141,-0.000154757,18.2115,0,1.2141,-6.78111E-05,18.2115,0
1.215,-6.076142E-05,18.225,0,1.215,6.61326E-05,18.225,0
1.2159,-0.0001221943,18.2385,0,1.2159,0.0001406577,18.2385,0
1.2168,-5.539025E-05,18.252,0,1.2168,0.0001299153,18.252,0
1.2177,5.539025E-05,18.2655,0,1.2177,9.500267E-05,18.2655,0
1.2186,-3.625543E-05,18.279,0,1.2186,2.349889E-06,18.279,0
1.2195,-5.438316E-05,18.2925,0,1.2195,-2.618448E-05,18.2925,0
1.2204,4.43122E-05,18.306,0,1.2204,7.049668E-06,18.306,0
1.2213,-7.083238E-05,18.3195,0,1.2213,4.39765E-05,18.3195,0
1.2222,-7.049668E-05,18.333,0,1.2222,-1.040665E-05,18.333,0
1.2231,7.721065E-05,18.3465,0,1.2231,-4.263371E-05,18.3465,0
1.224,1.107805E-05,18.36,0,1.224,1.443504E-05,18.36,0
1.2249,-2.719158E-05,18.3735,0,1.2249,1.174945E-05,18.3735,0
1.2258,-3.692683E-06,18.387,0,1.2258,-7.989624E-05,18.387,0
1.2267,-8.392462E-06,18.4005,0,1.2267,-0.000189334,18.4005,0
1.2276,-0.0002057832,18.414,0,1.2276,-0.0002047761,18.414,0
1.2285,-0.0001252155,18.4275,0,1.2285,-0.0001695277,18.4275,0
1.2294,-5.740444E-05,18.441,0,1.2294,-0.0001698634,18.441,0
1.2303,-9.735256E-06,18.4545,0,1.2303,-0.0001443503,18.4545,0
1.2312,3.457694E-05,18.468,0,1.2312,-8.72816E-05,18.468,0
1.2321,-6.713969E-06,18.4815,0,1.2321,-0.0001450217,18.4815,0
1.233,6.277562E-05,18.495,0,1.233,-9.198138E-05,18.495,0
1.2339,0.0002467384,18.5085,0,1.2339,-0.0001064164,18.5085,0
1.2348,0.0001527428,18.522,0,1.2348,-6.51255E-05,18.522,0
1.2357,-6.042573E-06,18.5355,0,1.2357,-0.0001164874,18.5355,0
1.2366,0.000109102,18.549,0,1.2366,-0.0001104448,18.549,0
1.2375,6.378271E-05,18.5625,0,1.2375,6.344701E-05,18.5625,0
1.2384,0.000112459,18.576,0,1.2384,-1.779202E-05,18.576,0
1.2393,7.049668E-05,18.5895,0,1.2393,-0.0001644923,18.5895,0
1.2402,4.39765E-05,18.603,0,1.2402,-0.0001010452,18.603,0
1.2411,1.846342E-05,18.6165,0,1.2411,-6.176852E-05,18.6165,0
1.242,3.088426E-05,18.63,0,1.242,-4.061952E-05,18.63,0
1.2429,3.289845E-05,18.6435,0,1.2429,-0.0001080949,18.6435,0
1.2438,0.0001017166,18.657,0,1.2438,-6.61326E-05,18.657,0
1.2447,4.229801E-05,18.6705,0,1.2447,0.0001846342,18.6705,0
1.2456,-3.659113E-05,18.684,0,1.2456,0.0002017548,18.684,0
1.2465,1.242084E-05,18.6975,0,1.2465,7.620356E-05,18.6975,0
1.2474,1.980621E-05,18.711,0,1.2474,0.0001540856,18.711,0
1.2483,-4.095522E-05,18.7245,0,1.2483,0.0005414817,18.7245,0
1.2492,-5.606165E-05,18.738,0,1.2492,0.0005851224,18.738,0
1.2501,-5.102617E-05,18.7515,0,1.2501,0.0002433814,18.7515,0
1.251,-0.0001601282,18.765,0,1.251,0.0001279011,18.765,0
1.2519,-0.0001722133,18.7785,0,1.2519,0.000112459,18.7785,0
1.2528,-0.0001527428,18.792,0,1.2528,-0.0001420005,18.792,0
1.2537,-0.0001265583,18.8055,0,1.2537,-0.0001399863,18.8055,0
1.2546,-2.18204E-05,18.819,0,1.2546,-2.987716E-05,18.819,0
1.2555,0.0002141756,18.8325,0,1.2555,-4.028382E-05,18.8325,0
1.2564,0.0002155184,18.846,0,1.2564,-8.459602E-05,18.846,0
1.2573,0.0003568475,18.8595,0,1.2573,-0.0001131304,18.8595,0
1.2582,0.0002930648,18.873,0,1.2582,-0.0001033951,18.873,0
1.2591,2.1149E-05,18.8865,0,1.2591,-7.553216E-05,18.8865,0
1.26,-4.46479E-05,18.9,0,1.26,-3.927672E-05,18.9,0
1.2609,4.733349E-05,18.9135,0,1.2609,-5.337606E-05,18.9135,0
1.2618,-6.881819E-05,18.927,0,1.2618,-0.0001104448,18.927,0
1.2627,-0.0001658351,18.9405,0,1.2627,-0.0002702373,18.9405,0
1.2636,2.584878E-05,18.954,0,1.2636,-0.0002252537,18.954,0
1.2645,0.0001319295,18.9675,0,1.2645,-6.57969E-05,18.9675,0
1.2654,-6.54612E-05,18.981,0,1.2654,3.021286E-06,18.981,0
1.2663,-5.606165E-05,18.9945,0,1.2663,-6.848249E-05,18.9945,0
1.2672,4.028382E-06,19.008,0,1.2672,-4.901198E-05,19.008,0
1.2681,-0.0001151446,19.0215,0,1.2681,-3.558404E-05,19.0215,0
1.269,-0.0001211871,19.035,0,1.269,-7.183947E-05,19.035,0
1.2699,-1.678492E-06,19.0485,0,1.2699,-6.948959E-05,19.0485,0
1.2708,9.030289E-05,19.062,0,1.2708,-6.411841E-05,19.062,0
1.2717,3.390555E-05,19.0755,0,1.2717,-5.035477E-06,19.0755,0
1.2726,-2.484169E-05,19.089,0,1.2726,9.399558E-06,19.089,0
1.2735,2.349889E-06,19.1025,0,1.2735,-6.009003E-05,19.1025,0
1.2744,0.000203769,19.116,0,1.2744,3.356985E-06,19.116,0
1.2753,0.000102388,19.1295,0,1.2753,-0.0001309224,19.1295,0
1.2762,7.821774E-05,19.143,0,1.2762,-0.0003528191,19.143,0
1.2771,7.821774E-05,19.1565,0,1.2771,-0.0004065309,19.1565,0
1.278,-0.0001379721,19.17,0,1.278,-0.0003749752,19.17,0
1.2789,-0.0001728847,19.1835,0,1.2789,-0.0002433814,19.1835,0
1.2798,-0.0001752346,19.197,0,1.2798,0.0001305867,19.197,0
1.2807,-0.0001258869,19.2105,0,1.2807,0.0004790417,19.2105,0
1.2816,-0.0001621424,19.224,0,1.2816,0.0005179828,19.224,0
1.2825,-9.466698E-05,19.2375,0,1.2825,0.0002088045,19.2375,0
1.2834,7.049668E-05,19.251,0,1.2834,2.618448E-05,19.251,0
1.2843,0.000239353,19.2645,0,1.2843,1.040665E-05,19.2645,0
1.2852,6.243992E-05,19.278,0,1.2852,0.0001044022,19.278,0
1.2861,-5.136187E-05,19.2915,0,1.2861,7.217517E-05,19.2915,0
1.287,3.558404E-05,19.305,0,1.287,-3.021286E-06,19.305,0
1.2879,4.666209E-05,19.3185,0,1.2879,3.390555E-05,19.3185,0
1.2888,-0.0001507286,19.332,0,1.2888,0.0001033951,19.332,0
1.2897,-0.0001299153,19.3455,0,1.2897,-2.18204E-05,19.3455,0
1.2906,1.107805E-05,19.359,0,1.2906,-0.0001362936,19.359,0
1.2915,-8.291753E-05,19.3725,0,1.2915,-7.721065E-05,19.3725,0
1.2924,-9.802396E-05,19.386,0,1.2924,-5.874724E-05,19.386,0
1.2933,1.510643E-05,19.3995,0,1.2933,-6.881819E-05,19.3995,0
1.2942,-1.611353E-05,19.413,0,1.2942,-5.069047E-05,19.413,0
1.2951,-9.701686E-05,19.4265,0,1.2951,-1.644922E-05,19.4265,0
1.296,-7.284657E-05,19.44,0,1.296,-9.030289E-05,19.44,0
1.2969,-5.001907E-05,19.4535,0,1.2969,-9.365987E-05,19.4535,0
1.2978,1.443504E-05,19.467,0,1.2978,-9.164568E-05,19.467,0
1.2987,-4.196231E-05,19.4805,0,1.2987,-2.920577E-05,19.4805,0
1.2996,-6.881819E-05,19.494,0,1.2996,-4.632639E-05,19.494,0
1.3005,-0.0001567712,19.5075,0,1.3005,-0.0001359579,19.5075,0
1.3014,-0.0001426719,19.521,0,1.3014,-0.0001507286,19.521,0
1.3023,-0.0002286107,19.5345,0,1.3023,-9.970245E-05,19.5345,0
1.3032,-0.0002413672,19.548,0,1.3032,-3.826963E-05,19.548,0
1.3041,-9.634547E-05,19.5615,0,1.3041,-0.0001668421,19.5615,0
1.305,-2.383459E-05,19.575,0,1.305,-0.000175906,19.575,0
1.3059,9.030289E-05,19.5885,0,1.3059,-8.89601E-05,19.5885,0
1.3068,0.0002682231,19.602,0,1.3068,-0.0001064164,19.602,0
1.3077,0.0002893721,19.6155,0,1.3077,-0.0001856413,19.6155,0
1.3086,0.0001050736,19.629,0,1.3086,-8.627451E-05,19.629,0
1.3095,0.0001386435,19.6425,0,1.3095,9.030289E-05,19.6425,0
1.3104,0.0001010452,19.656,0,1.3104,-5.136187E-05,19.656,0
1.3113,0.0001111162,19.6695,0,1.3113,-0.0002208896,19.6695,0
1.3122,3.054856E-05,19.683,0,1.3122,-0.0001185016,19.683,0
1.3131,-1.712062E-05,19.6965,0,1.3131,-0.0001809415,19.6965,0
1.314,2.349889E-05,19.71,0,1.314,-6.378271E-05,19.71,0
1.3149,8.82887E-05,19.7235,0,1.3149,0.0002675517,19.7235,0
1.3158,1.544213E-05,19.737,0,1.3158,0.0006811322,19.737,0
1.3167,-1.846342E-05,19.7505,0,1.3167,0.0006549477,19.7505,0
1.3176,-4.934768E-05,19.764,0,1.3176,0.0004072023,19.764,0
1.3185,-0.0001856413,19.7775,0,1.3185,0.000340734,19.7775,0
1.3194,-0.0001816129,19.791,0,1.3194,0.0002232395,19.791,0
1.3203,-0.0001658351,19.8045,0,1.3203,0.0001621424,19.8045,0
1.3212,-0.0002124971,19.818,0,1.3212,0.0001373007,19.818,0
1.3221,-6.076142E-05,19.8315,0,1.3221,0.0001201801,19.8315,0
1.323,5.438316E-05,19.845,0,1.323,-1.644922E-05,19.845,0
1.3239,0.0001701991,19.8585,0,1.3239,-0.0001846342,19.8585,0
1.3248,0.0002500954,19.872,0,1.3248,-0.000224918,19.872,0
1.3257,9.030289E-05,19.8855,0,1.3257,-9.500267E-05,19.8855,0
1.3266,-4.733349E-05,19.899,0,1.3266,3.692683E-05,19.899,0
1.3275,6.78111E-05,19.9125,0,1.3275,-5.102617E-05,19.9125,0
1.3284,0.0001601282,19.926,0,1.3284,-0.00027393,19.926,0
1.3293,-3.021286E-06,19.9395,0,1.3293,-0.0001326009,19.9395,0
1.3302,-1.107805E-05,19.953,0,1.3302,-0.0001329366,19.953,0
1.3311,0.000105745,19.9665,0,1.3311,-0.0001409934,19.9665,0
1.332,8.728161E-06,19.98,0,1.332,-5.539025E-05,19.98,0
1.3329,4.599069E-05,19.9935,0,1.3329,-5.102617E-05,19.9935,0
1.3338,7.620356E-05,20.007,0,1.3338,-0.0001668421,20.007,0
1.3347,-3.524834E-05,20.0205,0,1.3347,-0.0001889983,20.0205,0
1.3356,-0.0001282368,20.034,0,1.3356,-0.0001315938,20.034,0
1.3365,-8.224613E-05,20.0475,0,1.3365,-0.0001534142,20.0475,0
1.3374,-5.740444E-05,20.061,0,1.3374,-8.627451E-05,20.061,0
1.3383,-6.076142E-05,20.0745,0,1.3383,-3.860533E-05,20.0745,0
1.3392,-6.143282E-05,20.088,0,1.3392,0.0001836271,20.088,0
1.3401,-8.224613E-05,20.1015,0,1.3401,0.0001413291,20.1015,0
1.341,-9.533837E-05,20.115,0,1.341,2.1149E-05,20.115,0
1.3419,-2.752728E-05,20.1285,0,1.3419,-4.36408E-06,20.1285,0
1.3428,-8.291753E-05,20.142,0,1.3428,7.721065E-06,20.142,0
1.3437,-6.881819E-05,20.1555,0,1.3437,-4.666209E-05,20.1555,0
1.3446,0.0001366293,20.169,0,1.3446,-0.0001279011,20.169,0
1.3455,0.0002558022,20.1825,0,1.3455,-1.577783E-05,20.1825,0
1.3464,0.0003058213,20.196,0,1.3464,-8.157473E-05,20.196,0
1.3473,0.0001943694,20.2095,0,1.3473,-0.0001933623,20.2095,0
1.3482,0.0001037308,20.223,0,1.3482,-0.0001037308,20.223,0
1.3491,-7.721065E-06,20.2365,0,1.3491,-5.203327E-05,20.2365,0
1.35,5.975433E-05,20.25,0,1.35,-7.956054E-05,20.25,0
1.3509,0.0001252155,20.2635,0,1.3509,-9.970245E-05,20.2635,0
1.3518,0.0001198444,20.277,0,1.3518,-0.000133608,20.277,0
1.3527,-4.632639E-05,20.2905,0,1.3527,-0.000109102,20.2905,0
1.3536,-0.0001540856,20.304,0,1.3536,-0.0001285725,20.304,0
1.3545,-9.030289E-05,20.3175,0,1.3545,-0.0001698634,20.3175,0
1.3554,-0.0001604639,20.331,0,1.3554,-3.860533E-05,20.331,0
1.3563,-0.0002044404,20.3445,0,1.3563,-4.699779E-05,20.3445,0
1.3572,-4.196231E-05,20.358,0,1.3572,-7.821774E-05,20.358,0
1.3581,-1.409934E-05,20.3715,0,1.3581,-2.18204E-05,20.3715,0
1.359,-0.0001557641,20.385,0,1.359,0.0002158541,20.385,0
1.3599,-9.231708E-05,20.3985,0,1.3599,9.634547E-05,20.3985,0
1.3608,2.014191E-06,20.412,0,1.3608,3.793393E-05,20.412,0
1.3617,-8.89601E-05,20.4255,0,1.3617,0.0001299153,20.4255,0
1.3626,-0.0002396887,20.439,0,1.3626,0.0001211871,20.439,0
1.3635,-0.0001433432,20.4525,0,1.3635,-0.0001054093,20.4525,0
1.3644,-9.365987E-05,20.466,0,1.3644,-0.0002991073,20.466,0
1.3653,-2.18204E-05,20.4795,0,1.3653,-0.0002725872,20.4795,0
1.3662,-6.915389E-05,20.493,0,1.3662,-9.869535E-05,20.493,0
1.3671,-0.0002594949,20.5065,0,1.3671,2.920577E-05,20.5065,0
1.368,-0.0002937362,20.52,0,1.368,0.0002930648,20.52,0
1.3689,-0.0001544213,20.5335,0,1.3689,0.0004911269,20.5335,0
1.3698,-0.0001661708,20.547,0,1.3698,0.0004975051,20.547,0
1.3707,-0.0001094377,20.5605,0,1.3707,0.0003071641,20.5605,0
1.3716,0.0002185397,20.574,0,1.3716,0.0001433432,20.574,0
1.3725,0.0003031357,20.5875,0,1.3725,5.270466E-05,20.5875,0
1.3734,0.0004122377,20.601,0,1.3734,-2.28275E-05,20.601,0
1.3743,0.0002977645,20.6145,0,1.3743,-0.0001107805,20.6145,0
1.3752,4.39765E-05,20.628,0,1.3752,-6.277562E-05,20.628,0
1.3761,1.040665E-05,20.6415,0,1.3761,1.577783E-05,20.6415,0
1.377,0.0001473716,20.655,0,1.377,1.678492E-06,20.655,0
1.3779,0.0001154803,20.6685,0,1.3779,2.618448E-05,20.6685,0
1.3788,0.0001379721,20.682,0,1.3788,-6.411841E-05,20.682,0
1.3797,8.86244E-05,20.6955,0,1.3797,-6.61326E-05,20.6955,0
1.3806,-2.1149E-05,20.709,0,1.3806,-8.090334E-05,20.709,0
1.3815,5.035477E-05,20.7225,0,1.3815,-0.0001601282,20.7225,0
1.3824,5.807584E-05,20.736,0,1.3824,-0.0002440528,20.736,0
1.3833,-0.0001185016,20.7495,0,1.3833,-0.0005445029,20.7495,0
1.3842,-0.0001144732,20.763,0,1.3842,-0.0006549477,20.763,0
1.3851,6.6804E-05,20.7765,0,1.3851,-0.0003991455,20.7765,0
1.386,1.040665E-05,20.79,0,1.386,-2.920577E-05,20.79,0
1.3869,-0.0001064164,20.8035,0,1.3869,0.0002521096,20.8035,0
1.3878,-0.0001205158,20.817,0,1.3878,0.0006113069,20.817,0
1.3887,-6.009003E-05,20.8305,0,1.3887,0.0005851224,20.8305,0
1.3896,-0.0001255512,20.844,0,1.3896,0.0002960861,20.844,0
1.3905,-0.0001436789,20.8575,0,1.3905,0.000144686,20.8575,0
1.3914,-4.632639E-05,20.871,0,1.3914,0.0001440146,20.871,0
1.3923,2.081331E-05,20.8845,0,1.3923,1.846342E-05,20.8845,0
1.3932,1.678492E-06,20.898,0,1.3932,3.189136E-05,20.898,0
1.3941,-7.016098E-05,20.9115,0,1.3941,-3.793393E-05,20.9115,0
1.395,-4.162661E-05,20.925,0,1.395,-0.0001285725,20.925,0
1.3959,7.721065E-06,20.9385,0,1.3959,-8.82887E-05,20.9385,0
1.3968,-0.0001248798,20.952,0,1.3968,-3.256275E-05,20.952,0
1.3977,-4.095522E-05,20.9655,0,1.3977,-0.0001033951,20.9655,0
1.3986,0.0001681849,20.979,0,1.3986,-0.0001426719,20.979,0
1.3995,3.189136E-05,20.9925,0,1.3995,-7.418937E-05,20.9925,0
1.4004,6.411841E-05,21.006,0,1.4004,-7.351797E-05,21.006,0
1.4013,0.000203769,21.0195,0,1.4013,-0.0001621424,21.0195,0
1.4022,-3.625543E-05,21.033,0,1.4022,-0.000144686,21.033,0
1.4031,-0.0001292439,21.0465,0,1.4031,-0.0001309224,21.0465,0
1.404,-9.399558E-06,21.06,0,1.404,-0.0001832914,21.06,0
1.4049,3.189136E-05,21.0735,0,1.4049,-0.0001681849,21.0735,0
1.4058,7.721065E-06,21.087,0,1.4058,-0.000112459,21.087,0
1.4067,5.706874E-06,21.1005,0,1.4067,-7.586786E-05,21.1005,0
1.4076,6.6804E-05,21.114,0,1.4076,-4.33051E-05,21.114,0
1.4085,1.443504E-05,21.1275,0,1.4085,-4.867628E-05,21.1275,0
1.4094,7.922484E-05,21.141,0,1.4094,1.141375E-05,21.141,0
1.4103,1.712062E-05,21.1545,0,1.4103,7.016098E-05,21.1545,0
1.4112,-4.867628E-05,21.168,0,1.4112,8.358892E-05,21.168,0
1.4121,5.874724E-05,21.1815,0,1.4121,2.920577E-05,21.1815,0
1.413,-4.39765E-05,21.195,0,1.413,-3.591974E-05,21.195,0
1.4139,-0.0001131304,21.2085,0,1.4139,3.021286E-06,21.2085,0
1.4148,-2.987716E-05,21.222,0,1.4148,-5.471885E-05,21.222,0
1.4157,4.699779E-06,21.2355,0,1.4157,-7.486076E-05,21.2355,0
1.4166,-0.000126894,21.249,0,1.4166,-3.659113E-05,21.249,0
1.4175,-5.169757E-05,21.2625,0,1.4175,-8.358892E-05,21.2625,0
1.4184,-9.466698E-05,21.276,0,1.4184,-9.097429E-05,21.276,0
1.4193,-2.383459E-05,21.2895,0,1.4193,-6.814679E-05,21.2895,0
1.4202,-8.157473E-05,21.303,0,1.4202,5.941863E-05,21.303,0
1.4211,-4.666209E-05,21.3165,0,1.4211,0.0001205158,21.3165,0
1.422,3.994812E-05,21.33,0,1.422,4.766919E-05,21.33,0
1.4229,7.721065E-05,21.3435,0,1.4229,4.36408E-05,21.3435,0
1.4238,4.867628E-05,21.357,0,1.4238,0.0001077592,21.357,0
1.4247,3.726253E-05,21.3705,0,1.4247,5.337606E-05,21.3705,0
1.4256,0.0001352865,21.384,0,1.4256,2.383459E-05,21.384,0
1.4265,0.0001661708,21.3975,0,1.4265,0.0001225299,21.3975,0
1.4274,2.987716E-05,21.411,0,1.4274,1.443504E-05,21.411,0
1.4283,-0.0001067521,21.4245,0,1.4283,-9.164568E-05,21.4245,0
1.4292,-1.376364E-05,21.438,0,1.4292,-0.0001527428,21.438,0
1.4301,3.994812E-05,21.4515,0,1.4301,-0.0002803082,21.4515,0
1.431,-5.069047E-05,21.465,0,1.431,-0.0003098497,21.465,0
1.4319,-0.000115816,21.4785,0,1.4319,-0.00036289,21.4785,0
1.4328,8.023193E-05,21.492,0,1.4328,-0.0003309987,21.492,0
1.4337,0.0002682231,21.5055,0,1.4337,-1.443504E-05,21.5055,0
1.4346,0.0002192111,21.519,0,1.4346,2.786297E-05,21.519,0
1.4355,7.989624E-05,21.5325,0,1.4355,8.728161E-06,21.5325,0
1.4364,3.356985E-07,21.546,0,1.4364,0.000203769,21.546,0
1.4373,-9.399557E-05,21.5595,0,1.4373,0.0004206302,21.5595,0
1.4382,-7.049668E-05,21.573,0,1.4382,0.0002897078,21.573,0
1.4391,-7.754635E-05,21.5865,0,1.4391,-2.618448E-05,21.5865,0
1.44,-0.0001960479,21.6,0,1.44,0.0001406577,21.6,0
1.4409,-9.265278E-05,21.6135,0,1.4409,0.0002521096,21.6135,0
1.4418,2.987716E-05,21.627,0,1.4418,6.478981E-05,21.627,0
1.4427,-0.0001017166,21.6405,0,1.4427,-3.927672E-05,21.6405,0
1.4436,-0.0002662089,21.654,0,1.4436,-1.376364E-05,21.654,0
1.4445,-0.0001373007,21.6675,0,1.4445,-2.887007E-05,21.6675,0
1.4454,1.879912E-05,21.681,0,1.4454,-5.069047E-05,21.681,0
1.4463,0.0001675135,21.6945,0,1.4463,-0.0001339437,21.6945,0
1.4472,0.0002057832,21.708,0,1.4472,-9.634547E-05,21.708,0
1.4481,5.975433E-05,21.7215,0,1.4481,-7.351797E-05,21.7215,0
1.449,-5.236896E-05,21.735,0,1.449,-0.0001080949,21.735,0
1.4499,-2.719158E-05,21.7485,0,1.4499,-0.0001154803,21.7485,0
1.4508,-0.0002329748,21.762,0,1.4508,-7.721065E-06,21.762,0
1.4517,-0.0003279774,21.7755,0,1.4517,-0.0001305867,21.7755,0
1.4526,-0.0001399863,21.789,0,1.4526,-0.0001352865,21.789,0
1.4535,-0.000224918,21.8025,0,1.4535,-6.6804E-05,21.8025,0
1.4544,-0.0002017548,21.816,0,1.4544,-0.0001748989,21.816,0
1.4553,-2.383459E-05,21.8295,0,1.4553,-0.000148043,21.8295,0
1.4562,8.023193E-05,21.843,0,1.4562,-0.0001540856,21.843,0
1.4571,0.0001947051,21.8565,0,1.4571,-8.493171E-05,21.8565,0
1.458,0.0001299153,21.87,0,1.458,-0.0001003738,21.87,0
1.4589,0.0001097734,21.8835,0,1.4589,1.107805E-05,21.8835,0
1.4598,0.0001393149,21.897,0,1.4598,0.0001732204,21.897,0
1.4607,7.687495E-05,21.9105,0,1.4607,0.0003175708,21.9105,0
1.4616,-2.517739E-05,21.924,0,1.4616,0.0002370031,21.924,0
1.4625,-3.659113E-05,21.9375,0,1.4625,6.61326E-05,21.9375,0
1.4634,-4.43122E-05,21.951,0,1.4634,0.0001060807,21.951,0
1.4643,-3.121996E-05,21.9645,0,1.4643,0.0001500572,21.9645,0
1.4652,8.82887E-05,21.978,0,1.4652,1.812772E-05,21.978,0
1.4661,3.155566E-05,21.9915,0,1.4661,-3.054856E-05,21.9915,0
1.467,-9.030289E-05,22.005,0,1.467,1.779202E-05,22.005,0
1.4679,6.411841E-05,22.0185,0,1.4679,-7.687495E-05,22.0185,0
1.4688,0.0001164874,22.032,0,1.4688,-0.0002198825,22.032,0
1.4697,-6.344701E-05,22.0455,0,1.4697,-0.0002437171,22.0455,0
1.4706,-5.941863E-05,22.059,0,1.4706,-0.0001205158,22.059,0
1.4715,-5.438316E-05,22.0725,0,1.4715,-0.0001285725,22.0725,0
1.4724,-8.627451E-05,22.086,0,1.4724,2.1149E-05,22.086,0
1.4733,3.189136E-05,22.0995,0,1.4733,0.0001198444,22.0995,0
1.4742,-2.18204E-05,22.113,0,1.4742,0.0003135424,22.113,0
1.4751,-0.0001574426,22.1265,0,1.4751,0.0002145113,22.1265,0
1.476,-4.666209E-05,22.14,0,1.476,-1.913481E-05,22.14,0
1.4769,0.0001795987,22.1535,0,1.4769,3.659113E-05,22.1535,0
1.4778,4.733349E-05,22.167,0,1.4778,0.0002413672,22.167,0
1.4787,-6.713969E-07,22.1805,0,1.4787,0.0001607996,22.1805,0
1.4796,-1.107805E-05,22.194,0,1.4796,-0.0001040665,22.194,0
1.4805,-0.000115816,22.2075,0,1.4805,-0.0001426719,22.2075,0
1.4814,-5.807584E-05,22.221,0,1.4814,-0.0001111162,22.221,0
1.4823,4.53193E-05,22.2345,0,1.4823,-0.0001654994,22.2345,0
1.4832,-1.510643E-05,22.248,0,1.4832,3.021286E-06,22.248,0
1.4841,2.786297E-05,22.2615,0,1.4841,0.0001221943,22.2615,0
1.485,0.0001534142,22.275,0,1.485,-4.129091E-05,22.275,0
1.4859,-2.14847E-05,22.2885,0,1.4859,-7.116808E-05,22.2885,0
1.4868,-3.692683E-05,22.302,0,1.4868,-9.365987E-05,22.302,0
1.4877,-3.323415E-05,22.3155,0,1.4877,1.477073E-05,22.3155,0
1.4886,-7.754635E-05,22.329,0,1.4886,3.625543E-05,22.329,0
1.4895,8.96315E-05,22.3425,0,1.4895,-1.577783E-05,22.3425,0
1.4904,8.560311E-05,22.356,0,1.4904,-0.0001258869,22.356,0
1.4913,-6.948959E-05,22.3695,0,1.4913,-0.0002353246,22.3695,0
1.4922,3.457694E-05,22.383,0,1.4922,-0.0002205539,22.383,0
1.4931,0.0001406577,22.3965,0,1.4931,-0.0001695277,22.3965,0
1.494,-1.644922E-05,22.41,0,1.494,-5.136187E-05,22.41,0
1.4949,-0.000179263,22.4235,0,1.4949,-5.572595E-05,22.4235,0
1.4958,-8.69459E-05,22.437,0,1.4958,-8.86244E-05,22.437,0
1.4967,0.0001520714,22.4505,0,1.4967,-6.948959E-05,22.4505,0
1.4976,9.298848E-05,22.464,0,1.4976,-1.477073E-05,22.464,0
1.4985,0.000105745,22.4775,0,1.4985,-8.224613E-05,22.4775,0
1.4994,0.0001232013,22.491,0,1.4994,-0.0002490883,22.491,0
1.5003,0.0001554284,22.5045,0,1.5003,-0.0002386816,22.5045,0
1.5012,0.0001107805,22.518,0,1.5012,-0.0001514,22.518,0
1.5021,8.493171E-05,22.5315,0,1.5021,-0.0001530785,22.5315,0
1.503,8.123904E-05,22.545,0,1.503,-9.903105E-05,22.545,0
1.5039,3.424125E-05,22.5585,0,1.5039,0.000274937,22.5585,0
1.5048,-0.0001104448,22.572,0,1.5048,0.0003716182,22.572,0
1.5057,-3.591974E-05,22.5855,0,1.5057,0.0002373388,22.5855,0
1.5066,5.069047E-05,22.599,0,1.5066,0.0001762417,22.599,0
1.5075,-7.620356E-05,22.6125,0,1.5075,0.0001211871,22.6125,0
1.5084,-9.332418E-05,22.626,0,1.5084,3.390555E-05,22.626,0
1.5093,-7.116808E-05,22.6395,0,1.5093,-0.0001144732,22.6395,0
1.5102,1.007095E-06,22.653,0,1.5102,-0.0001863127,22.653,0
1.5111,-6.54612E-05,22.6665,0,1.5111,-0.0001849699,22.6665,0
1.512,-2.484169E-05,22.68,0,1.512,-0.0001010452,22.68,0
1.5129,-0.0001198444,22.6935,0,1.5129,0.0001131304,22.6935,0
1.5138,1.275654E-05,22.707,0,1.5138,0.0002766156,22.707,0
1.5147,2.517739E-05,22.7205,0,1.5147,0.0002306248,22.7205,0
1.5156,-0.0001413291,22.734,0,1.5156,0.0001027237,22.734,0
1.5165,-1.846342E-05,22.7475,0,1.5165,3.726253E-05,22.7475,0
1.5174,5.069047E-05,22.761,0,1.5174,-7.586786E-05,22.761,0
1.5183,-0.0001829557,22.7745,0,1.5183,-3.692683E-05,22.7745,0
1.5192,-0.0001430075,22.788,0,1.5192,-8.89601E-05,22.788,0
1.5201,-2.316319E-05,22.8015,0,1.5201,-0.00021149,22.8015,0
1.521,-0.0002232395,22.815,0,1.521,-0.0001507286,22.815,0
1.5219,-0.0002276036,22.8285,0,1.5219,-0.0001238727,22.8285,0
1.5228,-9.298848E-05,22.842,0,1.5228,-0.0001366293,22.842,0
1.5237,0.0002265965,22.8555,0,1.5237,-3.692683E-05,22.8555,0
1.5246,0.0002319677,22.869,0,1.5246,6.344701E-05,22.869,0
1.5255,0.0001527428,22.8825,0,1.5255,5.908293E-05,22.8825,0
1.5264,8.023193E-05,22.896,0,1.5264,-3.289845E-05,22.896,0
1.5273,0.0001285725,22.9095,0,1.5273,9.768826E-05,22.9095,0
1.5282,9.600977E-05,22.923,0,1.5282,0.000207126,22.923,0
1.5291,-1.913481E-05,22.9365,0,1.5291,0.0001037308,22.9365,0
1.53,-6.411841E-05,22.95,0,1.53,-0.0001332723,22.95,0
1.5309,5.706874E-06,22.9635,0,1.5309,-0.0001638209,22.9635,0
1.5318,-4.901198E-05,22.977,0,1.5318,-9.097429E-05,22.977,0
1.5327,-0.000136965,22.9905,0,1.5327,6.74754E-05,22.9905,0
1.5336,-3.591974E-05,23.004,0,1.5336,6.243992E-05,23.004,0
1.5345,-0.0001587854,23.0175,0,1.5345,0.0001111162,23.0175,0
1.5354,-0.0002312963,23.031,0,1.5354,-9.802396E-05,23.031,0
1.5363,-9.903105E-05,23.0445,0,1.5363,-0.0002487526,23.0445,0
1.5372,0.0001399863,23.058,0,1.5372,-8.761731E-05,23.058,0
1.5381,0.0002517739,23.0715,0,1.5381,-2.1149E-05,23.0715,0
1.539,0.000154757,23.085,0,1.539,-5.069047E-05,23.085,0
1.5399,7.318227E-05,23.0985,0,1.5399,-6.042573E-06,23.0985,0
1.5408,0.0002084688,23.112,0,1.5408,-2.685588E-06,23.112,0
1.5417,0.0001084306,23.1255,0,1.5417,0.0001537499,23.1255,0
1.5426,-0.0001077592,23.139,0,1.5426,0.0001272297,23.139,0
1.5435,-4.800488E-05,23.1525,0,1.5435,-8.392462E-06,23.1525,0
1.5444,6.042573E-05,23.166,0,1.5444,-8.090334E-05,23.166,0
1.5453,-3.826963E-05,23.1795,0,1.5453,-8.69459E-05,23.1795,0
1.5462,-0.0001097734,23.193,0,1.5462,-0.0002675517,23.193,0
1.5471,-7.217517E-05,23.2065,0,1.5471,-0.0005102617,23.2065,0
1.548,-0.0001104448,23.22,0,1.548,-0.0003937743,23.22,0
1.5489,-0.0001718776,23.2335,0,1.5489,-0.0002091402,23.2335,0
1.5498,-1.510643E-05,23.247,0,1.5498,0.0001715419,23.247,0
1.5507,4.263371E-05,23.2605,0,1.5507,0.0002111543,23.2605,0
1.5516,-0.0001339437,23.274,0,1.5516,0.0001332723,23.274,0
1.5525,-5.304036E-05,23.2875,0,1.5525,0.0004166018,23.2875,0
1.5534,4.699779E-05,23.301,0,1.5534,0.0002306248,23.301,0
1.5543,2.047761E-05,23.3145,0,1.5543,4.263371E-05,23.3145,0
1.5552,-3.994812E-05,23.328,0,1.5552,8.661021E-05,23.328,0
1.5561,-4.766919E-05,23.3415,0,1.5561,0.0001849699,23.3415,0
1.557,2.047761E-05,23.355,0,1.557,0.0002128328,23.355,0
1.5579,0.0001044022,23.3685,0,1.5579,8.661021E-05,23.3685,0
1.5588,-7.284657E-05,23.382,0,1.5588,0.0001258869,23.382,0
1.5597,-0.0001030594,23.3955,0,1.5597,0.000109102,23.3955,0
1.5606,-1.644922E-05,23.409,0,1.5606,3.189136E-05,23.409,0
1.5615,-9.835965E-05,23.4225,0,1.5615,6.915389E-05,23.4225,0
1.5624,-0.000148043,23.436,0,1.5624,-2.383459E-05,23.436,0
1.5633,-0.0001188373,23.4495,0,1.5633,-9.130999E-05,23.4495,0
1.5642,-2.920577E-05,23.463,0,1.5642,2.517739E-05,23.463,0
1.5651,-0.0001500572,23.4765,0,1.5651,0.0001389792,23.4765,0
1.566,-0.0001745632,23.49,0,1.566,-3.021286E-05,23.49,0
1.5669,-0.0002940719,23.5035,0,1.5669,-0.0004139162,23.5035,0
1.5678,-0.000323949,23.517,0,1.5678,-0.0004555428,23.517,0
1.5687,-4.901198E-05,23.5305,0,1.5687,-0.0002208896,23.5305,0
1.5696,0.0002302892,23.544,0,1.5696,-0.0001785916,23.544,0
1.5705,0.0004931411,23.5575,0,1.5705,-0.0002353246,23.5575,0
1.5714,0.0006616617,23.571,0,1.5714,-8.191043E-05,23.571,0
1.5723,0.0003179065,23.5845,0,1.5723,-1.007095E-06,23.5845,0
1.5732,0.0001735561,23.598,0,1.5732,-4.632639E-05,23.598,0
1.5741,9.768826E-05,23.6115,0,1.5741,-0.0001174945,23.6115,0
1.575,-7.083238E-05,23.625,0,1.575,-9.063859E-06,23.625,0
1.5759,-0.0001742275,23.6385,0,1.5759,-6.713969E-06,23.6385,0
1.5768,-0.0002608377,23.652,0,1.5768,-9.600977E-05,23.652,0
1.5777,-0.0002124971,23.6655,0,1.5777,-0.000115816,23.6655,0
1.5786,-0.0002537881,23.679,0,1.5786,-6.814679E-05,23.679,0
1.5795,-0.000175906,23.6925,0,1.5795,-0.0001490501,23.6925,0
1.5804,8.358892E-05,23.706,0,1.5804,-0.0001853056,23.706,0
1.5813,0.0002490883,23.7195,0,1.5813,-0.0002081331,23.7195,0
1.5822,3.860533E-05,23.733,0,1.5822,-0.0002098116,23.733,0
1.5831,-5.606165E-05,23.7465,0,1.5831,-0.000207126,23.7465,0
1.584,-8.761731E-05,23.76,0,1.584,-9.600977E-05,23.76,0
1.5849,4.934768E-05,23.7735,0,1.5849,-4.196231E-05,23.7735,0
1.5858,-5.606165E-05,23.787,0,1.5858,7.418937E-05,23.787,0
1.5867,1.477073E-05,23.8005,0,1.5867,0.0003024643,23.8005,0
1.5876,7.788205E-05,23.814,0,1.5876,0.0002876936,23.814,0
1.5885,-0.0002135042,23.8275,0,1.5885,0.0002406958,23.8275,0
1.5894,-3.390555E-05,23.841,0,1.5894,0.000288365,23.841,0
1.5903,0.0004343938,23.8545,0,1.5903,0.0001866484,23.8545,0
1.5912,0.0002598306,23.868,0,1.5912,0.0001104448,23.868,0
1.5921,-2.987716E-05,23.8815,0,1.5921,7.217517E-05,23.8815,0
1.593,-1.779202E-05,23.895,0,1.593,9.735256E-06,23.895,0
1.5939,-9.063859E-06,23.9085,0,1.5939,9.735256E-06,23.9085,0
1.5948,5.471885E-05,23.922,0,1.5948,-7.553216E-05,23.922,0
1.5957,3.189136E-05,23.9355,0,1.5957,-0.0001816129,23.9355,0
1.5966,-2.786297E-05,23.949,0,1.5966,-0.0001483787,23.949,0
1.5975,-1.678492E-06,23.9625,0,1.5975,-0.0002165255,23.9625,0
1.5984,8.69459E-05,23.976,0,1.5984,-0.0002151827,23.976,0
1.5993,-6.344701E-05,23.9895,0,1.5993,-6.74754E-05,23.9895,0
1.6002,-0.0002010834,24.003,0,1.6002,-0.0001775845,24.003,0
1.6011,-0.0001487144,24.0165,0,1.6011,-1.678492E-05,24.0165,0
1.602,-0.0001433432,24.03,0,1.602,0.0001715419,24.03,0
1.6029,3.659113E-05,24.0435,0,1.6029,7.217517E-05,24.0435,0
1.6038,1.846342E-05,24.057,0,1.6038,-6.64683E-05,24.057,0
1.6047,0,24.0705,0,1.6047,1.779202E-05,24.0705,0
1.6056,-7.956054E-05,24.084,0,1.6056,0.0001779202,24.084,0
1.6065,-2.349889E-06,24.0975,0,1.6065,0.000235996,24.0975,0
1.6074,3.860533E-05,24.111,0,1.6074,0.0002252537,24.111,0
1.6083,7.016098E-05,24.1245,0,1.6083,8.560311E-05,24.1245,0
1.6092,1.779202E-05,24.138,0,1.6092,6.009003E-05,24.138,0
1.6101,3.390555E-05,24.1515,0,1.6101,1.342794E-06,24.1515,0
1.611,1.309224E-05,24.165,0,1.611,-0.0001050736,24.165,0
1.6119,-7.217517E-05,24.1785,0,1.6119,-9.735256E-05,24.1785,0
1.6128,-0.0001104448,24.192,0,1.6128,-3.121996E-05,24.192,0
1.6137,-1.174945E-05,24.2055,0,1.6137,-0.0001144732,24.2055,0
1.6146,3.457694E-05,24.219,0,1.6146,-0.000126894,24.219,0
1.6155,-6.478981E-05,24.2325,0,1.6155,-9.198138E-05,24.2325,0
1.6164,-3.390555E-05,24.246,0,1.6164,-0.0002903792,24.246,0
1.6173,2.652018E-05,24.2595,0,1.6173,-0.0003430838,24.2595,0
1.6182,-8.526741E-05,24.273,0,1.6182,-0.0003403983,24.273,0
1.6191,-0.0001560998,24.2865,0,1.6191,-0.0002564736,24.2865,0
1.62,-6.713969E-06,24.3,0,1.62,-0.0001373007,24.3,0
1.6209,-2.517739E-05,24.3135,0,1.6209,0.0001799344,24.3135,0
1.6218,4.028382E-06,24.327,0,1.6218,0.0003350271,24.327,0
1.6227,2.047761E-05,24.3405,0,1.6227,0.0002474098,24.3405,0
1.6236,-6.344701E-05,24.354,0,1.6236,4.196231E-05,24.354,0
1.6245,-2.887007E-05,24.3675,0,1.6245,5.471885E-05,24.3675,0
1.6254,-1.208515E-05,24.381,0,1.6254,7.721065E-06,24.381,0
1.6263,-7.116808E-05,24.3945,0,1.6263,0.0001607996,24.3945,0
1.6272,4.699779E-06,24.408,0,1.6272,9.097429E-05,24.408,0
1.6281,0.0001631495,24.4215,0,1.6281,7.452507E-05,24.4215,0
1.629,-2.719158E-05,24.435,0,1.629,0.0002984359,24.435,0
1.6299,-1.913481E-05,24.4485,0,1.6299,0.0002406958,24.4485,0
1.6308,0.0001376364,24.462,0,1.6308,0.0001033951,24.462,0
1.6317,9.332418E-05,24.4755,0,1.6317,-2.316319E-05,24.4755,0
1.6326,-0.0001292439,24.489,0,1.6326,-0.000112459,24.489,0
1.6335,-8.090334E-05,24.5025,0,1.6335,-0.0001245441,24.5025,0
1.6344,-1.208515E-05,24.516,0,1.6344,-5.236896E-05,24.516,0
1.6353,4.699779E-06,24.5295,0,1.6353,-0.0001349508,24.5295,0
1.6362,4.095522E-05,24.543,0,1.6362,-0.0001487144,24.543,0
1.6371,-2.081331E-05,24.5565,0,1.6371,-0.0001487144,24.5565,0
1.638,-1.980621E-05,24.57,0,1.638,-0.0002474098,24.57,0
1.6389,4.632639E-05,24.5835,0,1.6389,-0.0002981003,24.5835,0
1.6398,2.987716E-05,24.597,0,1.6398,-0.0002383459,24.597,0
1.6407,-5.539025E-05,24.6105,0,1.6407,-0.0002108186,24.6105,0
1.6416,-3.356985E-07,24.624,0,1.6416,-0.0001077592,24.624,0
1.6425,-0.0001258869,24.6375,0,1.6425,0.0001389792,24.6375,0
1.6434,-0.0002007477,24.651,0,1.6434,0.0001601282,24.651,0
1.6443,-0.0001641566,24.6645,0,1.6443,0.0002601663,24.6645,0
1.6452,-5.069047E-05,24.678,0,1.6452,0.0003434196,24.678,0
1.6461,-0.0001040665,24.6915,0,1.6461,0.0002880293,24.6915,0
1.647,-5.941863E-05,24.705,0,1.647,0.0002413672,24.705,0
1.6479,0.0003219348,24.7185,0,1.6479,0.0002138399,24.7185,0
1.6488,0.0004401007,24.732,0,1.6488,9.097429E-05,24.732,0
1.6497,0.0002306248,24.7455,0,1.6497,8.493171E-05,24.7455,0
1.6506,0.0001601282,24.759,0,1.6506,2.014191E-05,24.759,0
1.6515,0.0001389792,24.7725,0,1.6515,-0.0001211871,24.7725,0
1.6524,0.0001607996,24.786,0,1.6524,-0.0001379721,24.786,0
1.6533,3.659113E-05,24.7995,0,1.6533,-0.0002101472,24.7995,0
1.6542,-1.913481E-05,24.813,0,1.6542,-0.0002265965,24.813,0
1.6551,9.634547E-05,24.8265,0,1.6551,-8.761731E-05,24.8265,0
1.656,-0.0001050736,24.84,0,1.656,0.0001785916,24.84,0
1.6569,8.392462E-06,24.8535,0,1.6569,6.411841E-05,24.8535,0
1.6578,4.800488E-05,24.867,0,1.6578,-0.0001000381,24.867,0
1.6587,-1.779202E-05,24.8805,0,1.6587,-8.86244E-05,24.8805,0
1.6596,-3.860533E-05,24.894,0,1.6596,-7.553216E-05,24.894,0
1.6605,-9.701686E-05,24.9075,0,1.6605,-0.0001940337,24.9075,0
1.6614,-0.0001980621,24.921,0,1.6614,-0.0002678874,24.921,0
1.6623,-0.0001564355,24.9345,0,1.6623,-0.0002326391,24.9345,0
1.6632,-0.0001208515,24.948,0,1.6632,-8.056763E-06,24.948,0
1.6641,-0.0001013809,24.9615,0,1.6641,-1.745632E-05,24.9615,0
1.665,0.0001044022,24.975,0,1.665,-7.721065E-05,24.975,0
1.6659,0.0001742275,24.9885,0,1.6659,-0.0001185016,24.9885,0
1.6668,0.0001101091,25.002,0,1.6668,-0.0001067521,25.002,0
1.6677,-2.18204E-05,25.0155,0,1.6677,-0.0001084306,25.0155,0
1.6686,3.894102E-05,25.029,0,1.6686,-0.0001712062,25.029,0
1.6695,-5.941863E-05,25.0425,0,1.6695,-4.766919E-05,25.0425,0
1.6704,-0.0001154803,25.056,0,1.6704,-2.618448E-05,25.056,0
1.6713,-3.356985E-05,25.0695,0,1.6713,-9.298848E-05,25.0695,0
1.6722,-0.000140322,25.083,0,1.6722,-6.344701E-05,25.083,0
1.6731,-0.0002759442,25.0965,0,1.6731,3.726253E-05,25.0965,0
1.674,-0.0001789273,25.11,0,1.674,4.129091E-05,25.11,0
1.6749,-6.814679E-05,25.1235,0,1.6749,1.409934E-05,25.1235,0
1.6758,-5.438316E-05,25.137,0,1.6758,-5.169757E-05,25.137,0
1.6767,0.0001198444,25.1505,0,1.6767,1.879912E-05,25.1505,0
1.6776,5.841154E-05,25.164,0,1.6776,1.913481E-05,25.164,0
1.6785,6.243992E-05,25.1775,0,1.6785,-8.92958E-05,25.1775,0
1.6794,0.0001779202,25.191,0,1.6794,-7.016098E-05,25.191,0
1.6803,-1.846342E-05,25.2045,0,1.6803,-9.735256E-06,25.2045,0
1.6812,-0.0001117876,25.218,0,1.6812,-8.761731E-05,25.218,0
1.6821,-5.740444E-05,25.2315,0,1.6821,-5.740444E-05,25.2315,0
1.683,-2.1149E-05,25.245,0,1.683,0.0001819486,25.245,0
1.6839,7.318227E-05,25.2585,0,1.6839,0.000221561,25.2585,0
1.6848,-7.049668E-05,25.272,0,1.6848,-1.577783E-05,25.272,0
1.6857,-5.404745E-05,25.2855,0,1.6857,-6.378271E-05,25.2855,0
1.6866,-8.493171E-05,25.299,0,1.6866,-3.625543E-05,25.299,0
1.6875,-9.298848E-05,25.3125,0,1.6875,-0.0001470359,25.3125,0
1.6884,-2.786297E-05,25.326,0,1.6884,-0.0001728847,25.326,0
1.6893,6.948959E-05,25.3395,0,1.6893,-0.0002813153,25.3395,0
1.6902,8.996719E-05,25.353,0,1.6902,-9.835965E-05,25.353,0
1.6911,-1.745632E-05,25.3665,0,1.6911,-4.867628E-05,25.3665,0
1.692,2.584878E-05,25.38,0,1.692,-0.0002007477,25.38,0
1.6929,0.0001198444,25.3935,0,1.6929,-0.0001000381,25.3935,0
1.6938,-7.183947E-05,25.407,0,1.6938,0.0001352865,25.407,0
1.6947,-9.063859E-06,25.4205,0,1.6947,0.0002615091,25.4205,0
1.6956,0.0001017166,25.434,0,1.6956,0.0001540856,25.434,0
1.6965,-4.632639E-05,25.4475,0,1.6965,0.0001802701,25.4475,0
1.6974,2.450599E-05,25.461,0,1.6974,0.0002433814,25.461,0
1.6983,6.478981E-05,25.4745,0,1.6983,0.0002504311,25.4745,0
1.6992,-0.0001027237,25.488,0,1.6992,0.0002558022,25.488,0
1.7001,-7.721065E-05,25.5015,0,1.7001,0.0002084688,25.5015,0
1.701,-6.713969E-06,25.515,0,1.701,5.136187E-05,25.515,0
1.7019,-0.0001473716,25.5285,0,1.7019,-8.056763E-06,25.5285,0
1.7028,-5.471885E-05,25.542,0,1.7028,-3.323415E-05,25.542,0
1.7037,2.920577E-05,25.5555,0,1.7037,0.0001064164,25.5555,0
1.7046,-4.867628E-05,25.569,0,1.7046,3.189136E-05,25.569,0
1.7055,-7.183947E-05,25.5825,0,1.7055,9.500267E-05,25.5825,0
1.7064,-2.853437E-05,25.596,0,1.7064,0.000218204,25.596,0
1.7073,-0.0001641566,25.6095,0,1.7073,0.0001138018,25.6095,0
1.7082,-0.0001728847,25.623,0,1.7082,-4.36408E-06,25.623,0
1.7091,0,25.6365,0,1.7091,-0.0001373007,25.6365,0
1.71,6.814679E-05,25.65,0,1.71,-0.0001732204,25.65,0
1.7109,0.0001661708,25.6635,0,1.7109,-0.0002319677,25.6635,0
1.7118,0.0002208896,25.677,0,1.7118,-0.0002819867,25.677,0
1.7127,0.0001762417,25.6905,0,1.7127,-0.0001185016,25.6905,0
1.7136,4.36408E-06,25.704,0,1.7136,0.0001641566,25.704,0
1.7145,6.143282E-05,25.7175,0,1.7145,0.000340734,25.7175,0
1.7154,9.298848E-05,25.731,0,1.7154,0.0001359579,25.731,0
1.7163,0,25.7445,0,1.7163,-0.0001537499,25.7445,0
1.7172,-0.000112459,25.758,0,1.7172,-0.0001618067,25.758,0
1.7181,-5.304036E-05,25.7715,0,1.7181,-0.0002245823,25.7715,0
1.719,-9.735256E-06,25.785,0,1.719,-0.0002524453,25.785,0
1.7199,-3.994812E-05,25.7985,0,1.7199,-0.0001560998,25.7985,0
1.7208,-4.867628E-05,25.812,0,1.7208,-1.510643E-05,25.812,0
1.7217,9.164568E-05,25.8255,0,1.7217,-4.968337E-05,25.8255,0
1.7226,0.0001977264,25.839,0,1.7226,-5.069047E-05,25.839,0
1.7235,9.903105E-05,25.8525,0,1.7235,5.673304E-05,25.8525,0
1.7244,2.652018E-05,25.866,0,1.7244,1.242084E-05,25.866,0
1.7253,-1.644922E-05,25.8795,0,1.7253,-0.0001138018,25.8795,0
1.7262,-0.0002084688,25.893,0,1.7262,-0.0001386435,25.893,0
1.7271,-0.0002621805,25.9065,0,1.7271,-9.701686E-05,25.9065,0
1.728,-0.0002135042,25.92,0,1.728,-0.0001003738,25.92,0
1.7289,-0.0002752728,25.9335,0,1.7289,-8.761731E-05,25.9335,0
1.7298,-0.0001349508,25.947,0,1.7298,-0.0001319295,25.947,0
1.7307,0.000119173,25.9605,0,1.7307,-9.097429E-05,25.9605,0
1.7316,0.0003934386,25.974,0,1.7316,-2.21561E-05,25.974,0
1.7325,0.00042533,25.9875,0,1.7325,-0.0001517357,25.9875,0
1.7334,0.0002682231,26.001,0,1.7334,-0.0001114519,26.001,0
1.7343,-5.975433E-05,26.0145,0,1.7343,9.567407E-05,26.0145,0
1.7352,-9.903105E-05,26.028,0,1.7352,7.754635E-05,26.028,0
1.7361,-1.611353E-05,26.0415,0,1.7361,-0.0001326009,26.0415,0
1.737,-0.0002440528,26.055,0,1.737,-4.53193E-05,26.055,0
1.7379,-0.0002212253,26.0685,0,1.7379,-0.0001248798,26.0685,0
1.7388,0.000109102,26.082,0,1.7388,-0.0002165255,26.082,0
1.7397,0.0003175708,26.0955,0,1.7397,-0.0002474098,26.0955,0
1.7406,7.586786E-05,26.109,0,1.7406,-0.0001426719,26.109,0
1.7415,-8.761731E-05,26.1225,0,1.7415,7.150377E-05,26.1225,0
1.7424,-0.000158114,26.136,0,1.7424,0.0002756084,26.136,0
1.7433,-0.0001396506,26.1495,0,1.7433,0.0002406958,26.1495,0
1.7442,-0.0001319295,26.163,0,1.7442,0.0001701991,26.163,0
1.7451,-5.035477E-05,26.1765,0,1.7451,5.203327E-05,26.1765,0
1.746,-1.913481E-05,26.19,0,1.746,-5.270466E-05,26.19,0
1.7469,4.263371E-05,26.2035,0,1.7469,-7.150377E-05,26.2035,0
1.7478,3.189136E-05,26.217,0,1.7478,2.014191E-06,26.217,0
1.7487,-2.24918E-05,26.2305,0,1.7487,-1.779202E-05,26.2305,0
1.7496,0.0001809415,26.244,0,1.7496,-3.894102E-05,26.244,0
1.7505,0.0002856794,26.2575,0,1.7505,0.0001030594,26.2575,0
1.7514,-9.063859E-06,26.271,0,1.7514,-9.365987E-05,26.271,0
1.7523,-8.358892E-05,26.2845,0,1.7523,-9.600977E-05,26.2845,0
1.7532,-7.049668E-06,26.298,0,1.7532,-2.987716E-05,26.298,0
1.7541,-9.701686E-05,26.3115,0,1.7541,-1.443504E-05,26.3115,0
1.755,-0.0001033951,26.325,0,1.755,-3.356985E-07,26.325,0
1.7559,-0.0001292439,26.3385,0,1.7559,4.028382E-05,26.3385,0
1.7568,-5.102617E-05,26.352,0,1.7568,0.0001027237,26.352,0
1.7577,-0.0001245441,26.3655,0,1.7577,5.203327E-05,26.3655,0
1.7586,-0.000197055,26.379,0,1.7586,1.947051E-05,26.379,0
1.7595,-0.0001399863,26.3925,0,1.7595,-5.136187E-05,26.3925,0
1.7604,-7.083238E-05,26.406,0,1.7604,-6.78111E-05,26.406,0
1.7613,-0.0001215228,26.4195,0,1.7613,3.659113E-05,26.4195,0
1.7622,-1.107805E-05,26.433,0,1.7622,4.834058E-05,26.433,0
1.7631,5.505455E-05,26.4465,0,1.7631,-8.82887E-05,26.4465,0
1.764,2.014191E-06,26.46,0,1.764,5.371176E-05,26.46,0
1.7649,0.0001272297,26.4735,0,1.7649,0.0001339437,26.4735,0
1.7658,6.277562E-05,26.487,0,1.7658,-0.0001433432,26.487,0
1.7667,-0.0001507286,26.5005,0,1.7667,-7.083238E-05,26.5005,0
1.7676,-9.164568E-05,26.514,0,1.7676,6.478981E-05,26.514,0
1.7685,-2.450599E-05,26.5275,0,1.7685,5.102617E-05,26.5275,0
1.7694,2.819867E-05,26.541,0,1.7694,7.486076E-05,26.541,0
1.7703,0.0001319295,26.5545,0,1.7703,4.599069E-05,26.5545,0
1.7712,6.881819E-05,26.568,0,1.7712,5.035477E-06,26.568,0
1.7721,-4.733349E-05,26.5815,0,1.7721,-2.484169E-05,26.5815,0
1.773,-2.014191E-06,26.595,0,1.773,-9.399557E-05,26.595,0
1.7739,5.337606E-05,26.6085,0,1.7739,-0.0002094759,26.6085,0
1.7748,-1.040665E-05,26.622,0,1.7748,-0.0001782559,26.622,0
1.7757,-1.644922E-05,26.6355,0,1.7757,-0.0001755703,26.6355,0
1.7766,0.0001379721,26.649,0,1.7766,-0.0001366293,26.649,0
1.7775,1.577783E-05,26.6625,0,1.7775,-9.735256E-06,26.6625,0
1.7784,4.800488E-05,26.676,0,1.7784,7.318227E-05,26.676,0
1.7793,0.0002047761,26.6895,0,1.7793,0.0001178302,26.6895,0
1.7802,9.265278E-05,26.703,0,1.7802,0.0001560998,26.703,0
1.7811,-5.941863E-05,26.7165,0,1.7811,0.0001141375,26.7165,0
1.782,-1.913481E-05,26.73,0,1.782,-1.342794E-06,26.73,0
1.7829,-2.21561E-05,26.7435,0,1.7829,-4.800488E-05,26.7435,0
1.7838,-3.591974E-05,26.757,0,1.7838,-0.0001675135,26.757,0
1.7847,-1.678492E-05,26.7705,0,1.7847,-5.404745E-05,26.7705,0
1.7856,-0.0001416648,26.784,0,1.7856,-0.0001221943,26.784,0
1.7865,-0.000148043,26.7975,0,1.7865,1.678492E-06,26.7975,0
1.7874,-6.411841E-05,26.811,0,1.7874,0.0001275654,26.811,0
1.7883,-4.129091E-05,26.8245,0,1.7883,6.143282E-05,26.8245,0
1.7892,-1.712062E-05,26.838,0,1.7892,-3.256275E-05,26.838,0
1.7901,9.970245E-05,26.8515,0,1.7901,-7.956054E-05,26.8515,0
1.791,8.560311E-05,26.865,0,1.791,7.721065E-06,26.865,0
1.7919,0.0001087663,26.8785,0,1.7919,3.491264E-05,26.8785,0
1.7928,9.533837E-05,26.892,0,1.7928,-4.29694E-05,26.892,0
1.7937,3.826963E-05,26.9055,0,1.7937,-6.143282E-05,26.9055,0
1.7946,-0.0001131304,26.919,0,1.7946,0.0001420005,26.919,0
1.7955,-0.0001631495,26.9325,0,1.7955,5.001907E-05,26.9325,0
1.7964,-0.0002272679,26.946,0,1.7964,-9.298848E-05,26.946,0
1.7973,-0.0001601282,26.9595,0,1.7973,-0.0001816129,26.9595,0
1.7982,-0.0002171969,26.973,0,1.7982,-4.33051E-05,26.973,0
1.7991,-0.0001889983,26.9865,0,1.7991,0.0001487144,26.9865,0
1.8,0.0002574807,27,0,1.8,0.0001003738,27,0
1.8009,0.0004038453,27.0135,0,1.8009,1.947051E-05,27.0135,0
1.8018,7.284657E-05,27.027,0,1.8018,1.846342E-05,27.027,0
1.8027,-6.881819E-05,27.0405,0,1.8027,-8.493171E-05,27.0405,0
1.8036,-0.0001440146,27.054,0,1.8036,-0.0001856413,27.054,0
1.8045,-8.526741E-05,27.0675,0,1.8045,6.277562E-05,27.0675,0
1.8054,0.0002480812,27.081,0,1.8054,-0.0001460288,27.081,0
1.8063,0.0002064546,27.0945,0,1.8063,-0.0004592355,27.0945,0
1.8072,0.0001141375,27.108,0,1.8072,-0.0002299535,27.108,0
1.8081,7.284657E-05,27.1215,0,1.8081,5.505455E-05,27.1215,0
1.809,3.289845E-05,27.135,0,1.809,0.000119173,27.135,0
1.8099,2.618448E-05,27.1485,0,1.8099,0.0001537499,27.1485,0
1.8108,0.000109102,27.162,0,1.8108,0.0002252537,27.162,0
1.8117,6.74754E-05,27.1755,0,1.8117,0.0001963836,27.1755,0
1.8126,-6.915389E-05,27.189,0,1.8126,0.000102388,27.189,0
1.8135,-2.584878E-05,27.2025,0,1.8135,2.920577E-05,27.2025,0
1.8144,0.0001755703,27.216,0,1.8144,-6.713969E-07,27.216,0
1.8153,1.342794E-06,27.2295,0,1.8153,1.577783E-05,27.2295,0
1.8162,-7.486076E-05,27.243,0,1.8162,-2.920577E-05,27.243,0
1.8171,2.349889E-06,27.2565,0,1.8171,-5.941863E-05,27.2565,0
1.818,-0.0002010834,27.27,0,1.818,9.063859E-06,27.27,0
1.8189,-0.0002433814,27.2835,0,1.8189,1.309224E-05,27.2835,0
1.8198,-0.0001839628,27.297,0,1.8198,-0.0001201801,27.297,0
1.8207,-0.000115816,27.3105,0,1.8207,-0.000119173,27.3105,0
1.8216,-8.996719E-05,27.324,0,1.8216,-0.0001238727,27.324,0
1.8225,-8.493171E-05,27.3375,0,1.8225,-0.0001560998,27.3375,0
1.8234,-0.000115816,27.351,0,1.8234,-0.0001319295,27.351,0
1.8243,-0.0001426719,27.3645,0,1.8243,-0.0001436789,27.3645,0
1.8252,-0.0001221943,27.378,0,1.8252,2.349889E-06,27.378,0
1.8261,-0.0001584497,27.3915,0,1.8261,7.049668E-05,27.3915,0
1.827,-0.0001426719,27.405,0,1.827,4.263371E-05,27.405,0
1.8279,-2.18204E-05,27.4185,0,1.8279,-5.270466E-05,27.4185,0
1.8288,7.721065E-06,27.432,0,1.8288,-7.620356E-05,27.432,0
1.8297,0.0001889983,27.4455,0,1.8297,1.779202E-05,27.4455,0
1.8306,0.0002373388,27.459,0,1.8306,-0.0001007095,27.459,0
1.8315,0.0001755703,27.4725,0,1.8315,-7.989624E-05,27.4725,0
1.8324,0.0003934386,27.486,0,1.8324,-8.627451E-05,27.486,0
1.8333,0.0003041428,27.4995,0,1.8333,-0.0001426719,27.4995,0
1.8342,0.0001178302,27.513,0,1.8342,-9.567407E-05,27.513,0
1.8351,8.224613E-05,27.5265,0,1.8351,-0.0001503929,27.5265,0
1.836,2.786297E-05,27.54,0,1.836,-0.0002020905,27.54,0
1.8369,-3.054856E-05,27.5535,0,1.8369,-0.0001211871,27.5535,0
1.8378,3.021286E-05,27.567,0,1.8378,-0.0001258869,27.567,0
1.8387,-2.584878E-05,27.5805,0,1.8387,-8.123904E-05,27.5805,0
1.8396,-0.0001383078,27.594,0,1.8396,2.719158E-05,27.594,0
1.8405,-5.337606E-05,27.6075,0,1.8405,0.0002239109,27.6075,0
1.8414,-2.316319E-05,27.621,0,1.8414,0.0002803082,27.621,0
1.8423,-0.0001077592,27.6345,0,1.8423,0.0002856794,27.6345,0
1.8432,-6.042573E-05,27.648,0,1.8432,5.606165E-05,27.648,0
1.8441,-4.33051E-05,27.6615,0,1.8441,6.713969E-06,27.6615,0
1.845,-0.0001507286,27.675,0,1.845,-2.450599E-05,27.675,0
1.8459,-0.0001373007,27.6885,0,1.8459,-0.0001591211,27.6885,0
1.8468,-0.000102388,27.702,0,1.8468,-0.0003132067,27.702,0
1.8477,-5.975433E-05,27.7155,0,1.8477,-0.0003158923,27.7155,0
1.8486,-0.0001507286,27.729,0,1.8486,-0.0001748989,27.729,0
1.8495,-6.6804E-05,27.7425,0,1.8495,-2.652018E-05,27.7425,0
1.8504,9.735256E-06,27.756,0,1.8504,6.51255E-05,27.756,0
1.8513,5.606165E-05,27.7695,0,1.8513,0.0001983978,27.7695,0
1.8522,5.069047E-05,27.783,0,1.8522,0.0003756466,27.783,0
1.8531,-8.123904E-05,27.7965,0,1.8531,0.0004454719,27.7965,0
1.854,-7.888914E-05,27.81,0,1.854,0.0003890745,27.81,0
1.8549,1.040665E-05,27.8235,0,1.8549,0.0002729229,27.8235,0
1.8558,-6.6804E-05,27.837,0,1.8558,0.000186984,27.837,0
1.8567,-5.673304E-05,27.8505,0,1.8567,6.109713E-05,27.8505,0
1.8576,2.316319E-05,27.864,0,1.8576,-2.752728E-05,27.864,0
1.8585,-8.392462E-06,27.8775,0,1.8585,-3.692683E-06,27.8775,0
1.8594,-0.0001218585,27.891,0,1.8594,-9.735256E-06,27.891,0
1.8603,-1.846342E-05,27.9045,0,1.8603,-7.016098E-05,27.9045,0
1.8612,9.433127E-05,27.918,0,1.8612,-2.484169E-05,27.918,0
1.8621,-7.318227E-05,27.9315,0,1.8621,-7.855344E-05,27.9315,0
1.863,-6.076142E-05,27.945,0,1.863,-6.848249E-05,27.945,0
1.8639,-4.39765E-05,27.9585,0,1.8639,-0.0001292439,27.9585,0
1.8648,-5.505455E-05,27.972,0,1.8648,-0.0002682231,27.972,0
1.8657,-3.155566E-05,27.9855,0,1.8657,-0.000179263,27.9855,0
1.8666,-1.376364E-05,27.999,0,1.8666,-7.888914E-05,27.999,0
1.8675,3.189136E-05,28.0125,0,1.8675,-9.500267E-05,28.0125,0
1.8684,0.000105745,28.026,0,1.8684,-0.0001020523,28.026,0
1.8693,2.887007E-05,28.0395,0,1.8693,5.673304E-05,28.0395,0
1.8702,9.500267E-05,28.053,0,1.8702,4.699779E-05,28.053,0
1.8711,9.063859E-05,28.0665,0,1.8711,-3.356985E-05,28.0665,0
1.872,-1.577783E-05,28.08,0,1.872,1.577783E-05,28.08,0
1.8729,6.411841E-05,28.0935,0,1.8729,-7.721065E-06,28.0935,0
1.8738,2.047761E-05,28.107,0,1.8738,-0.0001218585,28.107,0
1.8747,-0.0001299153,28.1205,0,1.8747,-0.0001883268,28.1205,0
1.8756,-0.0001621424,28.134,0,1.8756,-0.0002430457,28.134,0
1.8765,-9.533837E-05,28.1475,0,1.8765,-0.0004535287,28.1475,0
1.8774,2.752728E-05,28.161,0,1.8774,-0.0004696422,28.161,0
1.8783,0.0002474098,28.1745,0,1.8783,-0.0003649043,28.1745,0
1.8792,0.0003474479,28.188,0,1.8792,-7.888914E-05,28.188,0
1.8801,0.0003232776,28.2015,0,1.8801,0.0002735943,28.2015,0
1.881,0.0001930266,28.215,0,1.881,0.0005374533,28.215,0
1.8819,3.793393E-05,28.2285,0,1.8819,0.0006589761,28.2285,0
1.8828,-0.0001319295,28.242,0,1.8828,0.0005025406,28.242,0
1.8837,-0.0002024262,28.2555,0,1.8837,0.0001983978,28.2555,0
1.8846,-4.53193E-05,28.269,0,1.8846,7.049668E-05,28.269,0
1.8855,-8.224613E-05,28.2825,0,1.8855,8.627451E-05,28.2825,0
1.8864,9.802396E-05,28.296,0,1.8864,4.53193E-05,28.296,0
1.8873,0.0004048524,28.3095,0,1.8873,-7.922484E-05,28.3095,0
1.8882,0.0002225681,28.323,0,1.8882,-4.733349E-05,28.323,0
1.8891,-0.0001339437,28.3365,0,1.8891,-7.150377E-05,28.3365,0
1.89,-0.0001326009,28.35,0,1.89,-0.0001947051,28.35,0
1.8909,-9.466698E-05,28.3635,0,1.8909,-0.00018262,28.3635,0
1.8918,3.457694E-05,28.377,0,1.8918,-0.0001963836,28.377,0
1.8927,1.846342E-05,28.3905,0,1.8927,-0.0001339437,28.3905,0
1.8936,-2.652018E-05,28.404,0,1.8936,-0.0001185016,28.404,0
1.8945,1.040665E-05,28.4175,0,1.8945,-0.0001101091,28.4175,0
1.8954,6.948959E-05,28.431,0,1.8954,-0.0001607996,28.431,0
1.8963,9.399558E-06,28.4445,0,1.8963,-0.0001174945,28.4445,0
1.8972,-3.793393E-05,28.458,0,1.8972,-0.0001114519,28.458,0
1.8981,3.961242E-05,28.4715,0,1.8981,-0.0001440146,28.4715,0
1.899,-0.0001829557,28.485,0,1.899,-6.076142E-05,28.485,0
1.8999,-0.0002957504,28.4985,0,1.8999,-7.385367E-06,28.4985,0
1.9008,-0.0001940337,28.512,0,1.9008,-0.0001299153,28.512,0
1.9017,-7.586786E-05,28.5255,0,1.9017,-0.0001379721,28.5255,0
1.9026,-0.0002061189,28.539,0,1.9026,-5.874724E-05,28.539,0
1.9035,-0.0001769131,28.5525,0,1.9035,-0.0001185016,28.5525,0
1.9044,7.821774E-05,28.566,0,1.9044,-2.047761E-05,28.566,0
1.9053,0.000190341,28.5795,0,1.9053,-0.0001426719,28.5795,0
1.9062,-5.941863E-05,28.593,0,1.9062,-0.0001349508,28.593,0
1.9071,-0.0002400244,28.6065,0,1.9071,-0.0001292439,28.6065,0
1.908,-0.0001050736,28.62,0,1.908,-0.0001322652,28.62,0
1.9089,-1.980621E-05,28.6335,0,1.9089,-3.121996E-05,28.6335,0
1.9098,-9.365987E-05,28.647,0,1.9098,9.970245E-05,28.647,0
1.9107,-9.030289E-05,28.6605,0,1.9107,0.0001211871,28.6605,0
1.9116,1.040665E-05,28.674,0,1.9116,8.82887E-05,28.674,0
1.9125,-7.351797E-05,28.6875,0,1.9125,2.349889E-06,28.6875,0
1.9134,-2.786297E-05,28.701,0,1.9134,-5.236896E-05,28.701,0
1.9143,-4.666209E-05,28.7145,0,1.9143,-0.000148043,28.7145,0
1.9152,-0.0001913481,28.728,0,1.9152,-0.0002319677,28.728,0
1.9161,-0.0001990692,28.7415,0,1.9161,-0.0001688563,28.7415,0
1.917,5.807584E-05,28.755,0,1.917,0.0001054093,28.755,0
1.9179,0.0001101091,28.7685,0,1.9179,0.0001943694,28.7685,0
1.9188,0.0002480812,28.782,0,1.9188,0.0002279393,28.782,0
1.9197,0.0004454719,28.7955,0,1.9197,0.0004750133,28.7955,0
1.9206,0.0002772869,28.809,0,1.9206,0.000340734,28.809,0
1.9215,0.0001218585,28.8225,0,1.9215,0.000249424,28.8225,0
1.9224,0.0001628138,28.836,0,1.9224,0.0001607996,28.836,0
1.9233,4.028382E-06,28.8495,0,1.9233,8.72816E-05,28.8495,0
1.9242,7.721065E-06,28.863,0,1.9242,-7.016098E-05,28.863,0
1.9251,0.0001198444,28.8765,0,1.9251,-0.0002487526,28.8765,0
1.926,-2.014191E-05,28.89,0,1.926,-0.0001282368,28.89,0
1.9269,-0.0001037308,28.9035,0,1.9269,2.853437E-05,28.9035,0
1.9278,-1.846342E-05,28.917,0,1.9278,1.208515E-05,28.917,0
1.9287,1.007095E-05,28.9305,0,1.9287,2.450599E-05,28.9305,0
1.9296,-0.0001436789,28.944,0,1.9296,3.591974E-05,28.944,0
1.9305,-5.706874E-06,28.9575,0,1.9305,-0.0001950408,28.9575,0
1.9314,1.980621E-05,28.971,0,1.9314,-0.0001802701,28.971,0
1.9323,-4.632639E-05,28.9845,0,1.9323,-0.0001779202,28.9845,0
1.9332,-2.920577E-05,28.998,0,1.9332,-6.344701E-05,28.998,0
1.9341,-3.793393E-05,29.0115,0,1.9341,1.208515E-05,29.0115,0
1.935,-5.673304E-05,29.025,0,1.935,-1.712062E-05,29.025,0
1.9359,1.007095E-05,29.0385,0,1.9359,7.049668E-05,29.0385,0
1.9368,-1.510643E-05,29.052,0,1.9368,0.0001782559,29.052,0
1.9377,1.510643E-05,29.0655,0,1.9377,0.000119173,29.0655,0
1.9386,0.0001379721,29.079,0,1.9386,0.0001567712,29.079,0
1.9395,-0.0001000381,29.0925,0,1.9395,3.726253E-05,29.0925,0
1.9404,-0.0001064164,29.106,0,1.9404,-0.0002128328,29.106,0
1.9413,-7.553216E-05,29.1195,0,1.9413,-0.0001940337,29.1195,0
1.9422,-0.0001507286,29.133,0,1.9422,-9.030289E-05,29.133,0
1.9431,-0.0001487144,29.1465,0,1.9431,-1.544213E-05,29.1465,0
1.944,-0.0001027237,29.16,0,1.944,-7.049668E-06,29.16,0
1.9449,1.342794E-06,29.1735,0,1.9449,-3.692683E-06,29.1735,0
1.9458,3.826963E-05,29.187,0,1.9458,1.745632E-05,29.187,0
1.9467,-1.846342E-05,29.2005,0,1.9467,-3.155566E-05,29.2005,0
1.9476,-8.157473E-05,29.214,0,1.9476,-0.0001138018,29.214,0
1.9485,-3.591974E-05,29.2275,0,1.9485,-0.0001433432,29.2275,0
1.9494,4.800488E-05,29.241,0,1.9494,-0.0001252155,29.241,0
1.9503,-3.323415E-05,29.2545,0,1.9503,-3.793393E-05,29.2545,0
1.9512,-8.023193E-05,29.268,0,1.9512,-2.28275E-05,29.268,0
1.9521,4.599069E-05,29.2815,0,1.9521,6.042573E-06,29.2815,0
1.953,-0.0001567712,29.295,0,1.953,0.000102388,29.295,0
1.9539,-0.0001947051,29.3085,0,1.9539,2.719158E-05,29.3085,0
1.9548,-8.056764E-05,29.322,0,1.9548,-9.903105E-05,29.322,0
1.9557,5.069047E-05,29.3355,0,1.9557,-6.210422E-05,29.3355,0
1.9566,0.0001030594,29.349,0,1.9566,-1.678492E-06,29.349,0
1.9575,0.0002608377,29.3625,0,1.9575,4.028382E-06,29.3625,0
1.9584,0.000288365,29.376,0,1.9584,-6.378271E-06,29.376,0
1.9593,0.0003494621,29.3895,0,1.9593,-1.879912E-05,29.3895,0
1.9602,0.0003326772,29.403,0,1.9602,8.627451E-05,29.403,0
1.9611,0.0001185016,29.4165,0,1.9611,2.853437E-05,29.4165,0
1.962,4.800488E-05,29.43,0,1.962,-6.042573E-05,29.43,0
1.9629,3.659113E-05,29.4435,0,1.9629,-0.0001356222,29.4435,0
1.9638,-0.0001292439,29.457,0,1.9638,-0.000123537,29.457,0
1.9647,-0.0001510643,29.4705,0,1.9647,-0.0001218585,29.4705,0
1.9656,-3.726253E-05,29.484,0,1.9656,-7.083238E-05,29.484,0
1.9665,-0.000123537,29.4975,0,1.9665,9.097429E-05,29.4975,0
1.9674,-4.800488E-05,29.511,0,1.9674,-0.0001151446,29.511,0
1.9683,0.0002259251,29.5245,0,1.9683,-0.0003967956,29.5245,0
1.9692,0.0001688563,29.538,0,1.9692,-0.0002947433,29.538,0
1.9701,-0.0002504311,29.5515,0,1.9701,-3.692683E-06,29.5515,0
1.971,-0.0002944076,29.565,0,1.971,2.349889E-06,29.565,0
1.9719,-0.0002138399,29.5785,0,1.9719,5.539025E-05,29.5785,0
1.9728,-0.0001675135,29.592,0,1.9728,0.0002558022,29.592,0
1.9737,-0.000154757,29.6055,0,1.9737,0.0004951553,29.6055,0
1.9746,1.174945E-05,29.619,0,1.9746,0.0003165637,29.619,0
1.9755,9.869535E-05,29.6325,0,1.9755,0.0001500572,29.6325,0
1.9764,7.049668E-06,29.646,0,1.9764,7.586786E-05,29.646,0
1.9773,-0.0002151827,29.6595,0,1.9773,0.000102388,29.6595,0
1.9782,-0.0001812772,29.673,0,1.9782,6.411841E-05,29.673,0
1.9791,-0.0001950408,29.6865,0,1.9791,-0.0001050736,29.6865,0
1.98,-0.0002534524,29.7,0,1.98,1.074235E-05,29.7,0
1.9809,-9.063859E-05,29.7135,0,1.9809,4.666209E-05,29.7135,0
1.9818,0.0003085069,29.727,0,1.9818,-0.000161471,29.727,0
1.9827,0.0004844129,29.7405,0,1.9827,-0.0001054093,29.7405,0
1.9836,0.0001436789,29.754,0,1.9836,-0.0001054093,29.754,0
1.9845,1.678492E-06,29.7675,0,1.9845,-0.000186984,29.7675,0
1.9854,0.0001440146,29.781,0,1.9854,-0.000246067,29.781,0
1.9863,0.0003215991,29.7945,0,1.9863,-0.0001221943,29.7945,0
1.9872,8.493171E-05,29.808,0,1.9872,0.0001681849,29.808,0
1.9881,-0.0001601282,29.8215,0,1.9881,0.0001366293,29.8215,0
1.989,-8.89601E-05,29.835,0,1.989,0.0001299153,29.835,0
1.9899,3.323415E-05,29.8485,0,1.9899,5.874724E-05,29.8485,0
1.9908,-0.0001631495,29.862,0,1.9908,-2.349889E-06,29.862,0
1.9917,-0.000197055,29.8755,0,1.9917,-6.210422E-05,29.8755,0
1.9926,-5.673304E-05,29.889,0,1.9926,-0.0001221943,29.889,0
1.9935,-0.0001238727,29.9025,0,1.9935,1.644922E-05,29.9025,0
1.9944,-4.934768E-05,29.916,0,1.9944,0.0001047379,29.916,0
1.9953,-2.853437E-05,29.9295,0,1.9953,-5.169757E-05,29.9295,0
1.9962,-0.0001896696,29.943,0,1.9962,-0.0001856413,29.943,0
1.9971,-0.0001527428,29.9565,0,1.9971,-0.0001819486,29.9565,0
1.998,1.644922E-05,29.97,0,1.998,-0.0001577783,29.97,0
1.9989,-3.356985E-05,29.9835,0,1.9989,-0.0002128328,29.9835,0
1.9998,-5.404745E-05,29.997,0,1.9998,-0.0002688945,29.997,0
2.0007,4.162661E-05,30.0105,0,2.0007,-0.0001077592,30.0105,0
2.0016,6.378271E-06,30.024,0,2.0016,5.371176E-06,30.024,0
2.0025,-3.692683E-06,30.0375,0,2.0025,3.121996E-05,30.0375,0
2.0034,7.452507E-05,30.051,0,2.0034,4.39765E-05,30.051,0
2.0043,-5.136187E-05,30.0645,0,2.0043,0.0001443503,30.0645,0
2.0052,-0.0001151446,30.078,0,2.0052,0.000119173,30.078,0
2.0061,7.620356E-05,30.0915,0,2.0061,-3.256275E-05,30.0915,0
2.007,5.874724E-05,30.105,0,2.007,4.229801E-05,30.105,0
2.0079,5.203327E-05,30.1185,0,2.0079,9.030289E-05,30.1185,0
2.0088,0.0001151446,30.132,0,2.0088,-1.174945E-05,30.132,0
2.0097,9.701686E-05,30.1455,0,2.0097,2.18204E-05,30.1455,0
2.0106,9.735256E-06,30.159,0,2.0106,7.418937E-05,30.159,0
2.0115,2.450599E-05,30.1725,0,2.0115,3.054856E-05,30.1725,0
2.0124,2.786297E-05,30.186,0,2.0124,2.719158E-05,30.186,0
2.0133,8.157473E-05,30.1995,0,2.0133,-2.047761E-05,30.1995,0
2.0142,-7.284657E-05,30.213,0,2.0142,3.356985E-07,30.213,0
2.0151,-0.0001782559,30.2265,0,2.0151,-4.934768E-05,30.2265,0
2.016,-5.236896E-05,30.24,0,2.016,-0.0002044404,30.24,0
2.0169,-1.644922E-05,30.2535,0,2.0169,-0.0002151827,30.2535,0
2.0178,-6.478981E-05,30.267,0,2.0178,-0.0002047761,30.267,0
2.0187,7.721065E-06,30.2805,0,2.0187,-0.0001362936,30.2805,0
2.0196,0.0001104448,30.294,0,2.0196,-3.692683E-05,30.294,0
2.0205,5.606165E-05,30.3075,0,2.0205,0.0001487144,30.3075,0
2.0214,0.0001473716,30.321,0,2.0214,0.0002225681,30.321,0
2.0223,0.0001282368,30.3345,0,2.0223,0.000274937,30.3345,0
2.0232,8.795301E-05,30.348,0,2.0232,0.0002218967,30.348,0
2.0241,5.035477E-06,30.3615,0,2.0241,0.0001963836,30.3615,0
2.025,5.337606E-05,30.375,0,2.025,6.948959E-05,30.375,0
2.0259,2.014191E-06,30.3885,0,2.0259,-7.385367E-06,30.3885,0
2.0268,3.155566E-05,30.402,0,2.0268,-3.659113E-05,30.402,0
2.0277,-3.323415E-05,30.4155,0,2.0277,2.517739E-05,30.4155,0
2.0286,-0.0001597925,30.429,0,2.0286,1.107805E-05,30.429,0
2.0295,-0.0001567712,30.4425,0,2.0295,-0.0001094377,30.4425,0
2.0304,-0.0002259251,30.456,0,2.0304,-0.0003870603,30.456,0
2.0313,-0.0003850462,30.4695,0,2.0313,-0.0005045548,30.4695,0
2.0322,-0.0002386816,30.483,0,2.0322,-0.0005116045,30.483,0
2.0331,0.0001443503,30.4965,0,2.0331,-0.0004226444,30.4965,0
2.034,0.0003185779,30.51,0,2.034,-2.18204E-05,30.51,0
2.0349,0.0002051118,30.5235,0,2.0349,0.0002044404,30.5235,0
2.0358,0.0001198444,30.537,0,2.0358,0.000164828,30.537,0
2.0367,2.853437E-05,30.5505,0,2.0367,0.0001762417,30.5505,0
2.0376,-0.0001601282,30.564,0,2.0376,0.0001386435,30.564,0
2.0385,-7.687495E-05,30.5775,0,2.0385,6.478981E-05,30.5775,0
2.0394,-0.0001238727,30.591,0,2.0394,-2.014191E-06,30.591,0
2.0403,6.713969E-06,30.6045,0,2.0403,-4.061952E-05,30.6045,0
2.0412,0.0002383459,30.618,0,2.0412,8.728161E-06,30.618,0
2.0421,0.0003054856,30.6315,0,2.0421,-3.256275E-05,30.6315,0
2.043,0.0002769512,30.645,0,2.043,-0.0001030594,30.645,0
2.0439,0.0001735561,30.6585,0,2.0439,-6.042573E-05,30.6585,0
2.0448,1.242084E-05,30.672,0,2.0448,-1.107805E-05,30.672,0
2.0457,-2.584878E-05,30.6855,0,2.0457,-5.774014E-05,30.6855,0
2.0466,1.174945E-05,30.699,0,2.0466,-5.740444E-05,30.699,0
2.0475,-6.848249E-05,30.7125,0,2.0475,2.752728E-05,30.7125,0
2.0484,1.242084E-05,30.726,0,2.0484,6.378271E-06,30.726,0
2.0493,-1.913481E-05,30.7395,0,2.0493,-0.0001413291,30.7395,0
2.0502,-9.332418E-05,30.753,0,2.0502,-0.0002897078,30.753,0
2.0511,-2.450599E-05,30.7665,0,2.0511,-0.0001567712,30.7665,0
2.052,-4.867628E-05,30.78,0,2.052,-9.399557E-05,30.78,0
2.0529,-2.349889E-06,30.7935,0,2.0529,-1.980621E-05,30.7935,0
2.0538,-2.584878E-05,30.807,0,2.0538,-1.174945E-05,30.807,0
2.0547,-0.0001111162,30.8205,0,2.0547,9.735256E-05,30.8205,0
2.0556,-0.0001087663,30.834,0,2.0556,0.0001265583,30.834,0
2.0565,-1.779202E-05,30.8475,0,2.0565,-1.712062E-05,30.8475,0
2.0574,-4.599069E-05,30.861,0,2.0574,-5.270466E-05,30.861,0
2.0583,-0.0001601282,30.8745,0,2.0583,3.424125E-05,30.8745,0
2.0592,-0.0001433432,30.888,0,2.0592,-1.376364E-05,30.888,0
2.0601,-4.129091E-05,30.9015,0,2.0601,-6.478981E-05,30.9015,0
2.061,-0.0002568093,30.915,0,2.061,1.040665E-05,30.915,0
2.0619,-0.0002010834,30.9285,0,2.0619,8.090334E-05,30.9285,0
2.0628,-5.539025E-05,30.942,0,2.0628,-3.356985E-07,30.942,0
2.0637,-7.083238E-05,30.9555,0,2.0637,-5.069047E-05,30.9555,0
2.0646,-5.874724E-05,30.969,0,2.0646,5.572595E-05,30.969,0
2.0655,6.713969E-06,30.9825,0,2.0655,-2.584878E-05,30.9825,0
2.0664,0.0001624781,30.996,0,2.0664,-8.493171E-05,30.996,0
2.0673,0.0003833677,31.0095,0,2.0673,-0.0001460288,31.0095,0
2.0682,0.0002769512,31.023,0,2.0682,-0.0001467002,31.023,0
2.0691,4.53193E-05,31.0365,0,2.0691,-0.0001299153,31.0365,0
2.07,2.047761E-05,31.05,0,2.07,-7.150377E-05,31.05,0
2.0709,0.0001279011,31.0635,0,2.0709,7.351797E-05,31.0635,0
2.0718,7.049668E-06,31.077,0,2.0718,0.0001228656,31.077,0
2.0727,-3.457694E-05,31.0905,0,2.0727,0.000235996,31.0905,0
2.0736,8.92958E-05,31.104,0,2.0736,0.0002410315,31.104,0
2.0745,-3.826963E-05,31.1175,0,2.0745,0.0002588235,31.1175,0
2.0754,-0.0001675135,31.131,0,2.0754,0.000197055,31.131,0
2.0763,-5.941863E-05,31.1445,0,2.0763,0.000109102,31.1445,0
2.0772,7.418937E-05,31.158,0,2.0772,8.560311E-05,31.158,0
2.0781,-9.433127E-05,31.1715,0,2.0781,-3.994812E-05,31.1715,0
2.079,-5.471885E-05,31.185,0,2.079,-0.0001967193,31.185,0
2.0799,-6.948959E-05,31.1985,0,2.0799,-0.0003289845,31.1985,0
2.0808,-2.316319E-05,31.212,0,2.0808,-0.0003454337,31.212,0
2.0817,-2.652018E-05,31.2255,0,2.0817,-0.0001430075,31.2255,0
2.0826,-4.867628E-05,31.239,0,2.0826,-7.217517E-05,31.239,0
2.0835,-4.766919E-05,31.2525,0,2.0835,0.0002192111,31.2525,0
2.0844,-3.894102E-05,31.266,0,2.0844,0.0003904173,31.266,0
2.0853,-6.378271E-05,31.2795,0,2.0853,0.0003890745,31.2795,0
2.0862,-6.814679E-05,31.293,0,2.0862,0.0002373388,31.293,0
2.0871,1.409934E-05,31.3065,0,2.0871,2.24918E-05,31.3065,0
2.088,-1.510643E-05,31.32,0,2.088,3.088426E-05,31.32,0
2.0889,-0.0001460288,31.3335,0,2.0889,-1.107805E-05,31.3335,0
2.0898,-4.095522E-05,31.347,0,2.0898,-0.0001064164,31.347,0
2.0907,-4.800488E-05,31.3605,0,2.0907,-5.941863E-05,31.3605,0
2.0916,-0.000136965,31.374,0,2.0916,2.047761E-05,31.374,0
2.0925,-8.627451E-05,31.3875,0,2.0925,9.735256E-06,31.3875,0
2.0934,-4.901198E-05,31.401,0,2.0934,5.706874E-06,31.401,0
2.0943,1.342794E-06,31.4145,0,2.0943,-4.699779E-05,31.4145,0
2.0952,2.24918E-05,31.428,0,2.0952,-6.143282E-05,31.428,0
2.0961,-5.438316E-05,31.4415,0,2.0961,-8.191043E-05,31.4415,0
2.097,3.088426E-05,31.455,0,2.097,-9.567407E-05,31.455,0
2.0979,4.061952E-05,31.4685,0,2.0979,-9.869535E-05,31.4685,0
2.0988,-4.867628E-05,31.482,0,2.0988,-0.000123537,31.482,0
2.0997,3.088426E-05,31.4955,0,2.0997,-8.426032E-05,31.4955,0
2.1006,0.0001111162,31.509,0,2.1006,-7.318227E-05,31.509,0
2.1015,9.063859E-06,31.5225,0,2.1015,-0.0001654994,31.5225,0
2.1024,8.560311E-05,31.536,0,2.1024,-0.0002242466,31.536,0
2.1033,9.097429E-05,31.5495,0,2.1033,-0.000224918,31.5495,0
2.1042,5.975433E-05,31.563,0,2.1042,-0.0001913481,31.563,0
2.1051,-1.376364E-05,31.5765,0,2.1051,-0.0001373007,31.5765,0
2.106,2.349889E-05,31.59,0,2.106,1.141375E-05,31.59,0
2.1069,1.644922E-05,31.6035,0,2.1069,0.0001577783,31.6035,0
2.1078,1.779202E-05,31.617,0,2.1078,0.0001554284,31.617,0
2.1087,-7.418937E-05,31.6305,0,2.1087,0.0001211871,31.6305,0
2.1096,-0.0001705348,31.644,0,2.1096,0.0001151446,31.644,0
2.1105,-0.000105745,31.6575,0,2.1105,-5.203327E-05,31.6575,0
2.1114,0.0001312581,31.671,0,2.1114,-6.243992E-05,31.671,0
2.1123,6.814679E-05,31.6845,0,2.1123,2.819867E-05,31.6845,0
2.1132,4.699779E-05,31.698,0,2.1132,-3.021286E-05,31.698,0
2.1141,0.0001748989,31.7115,0,2.1141,-6.982528E-05,31.7115,0
2.115,5.975433E-05,31.725,0,2.115,-5.270466E-05,31.725,0
2.1159,-9.298848E-05,31.7385,0,2.1159,-0.0001232013,31.7385,0
2.1168,-5.539025E-05,31.752,0,2.1168,-0.0001789273,31.752,0
2.1177,-7.553216E-05,31.7655,0,2.1177,-3.256275E-05,31.7655,0
2.1186,-5.270466E-05,31.779,0,2.1186,-1.208515E-05,31.779,0
2.1195,0.0001500572,31.7925,0,2.1195,-6.378271E-06,31.7925,0
2.1204,0.0003118639,31.806,0,2.1204,9.500267E-05,31.806,0
2.1213,0.0003111925,31.8195,0,2.1213,3.692683E-06,31.8195,0
2.1222,6.948959E-05,31.833,0,2.1222,-5.404745E-05,31.833,0
2.1231,-1.141375E-05,31.8465,0,2.1231,-4.53193E-05,31.8465,0
2.124,5.337606E-05,31.86,0,2.124,-4.834058E-05,31.86,0
2.1249,4.196231E-05,31.8735,0,2.1249,-2.349889E-06,31.8735,0
2.1258,-6.478981E-05,31.887,0,2.1258,6.143282E-05,31.887,0
2.1267,-0.0001144732,31.9005,0,2.1267,-7.351797E-05,31.9005,0
2.1276,-3.692683E-05,31.914,0,2.1276,-0.0001688563,31.914,0
2.1285,-5.136187E-05,31.9275,0,2.1285,-0.0001064164,31.9275,0
2.1294,-7.721065E-05,31.941,0,2.1294,-0.0001829557,31.941,0
2.1303,-5.001907E-05,31.9545,0,2.1303,-0.0002910506,31.9545,0
2.1312,-2.719158E-05,31.968,0,2.1312,-6.143282E-05,31.968,0
2.1321,-0.0001366293,31.9815,0,2.1321,0.0001540856,31.9815,0
2.133,-0.0001352865,31.995,0,2.133,5.001907E-05,31.995,0
2.1339,-0.0003028,32.0085,0,2.1339,7.150377E-05,32.0085,0
2.1348,-0.0001923552,32.022,0,2.1348,0.0001084306,32.022,0
2.1357,-0.0001067521,32.0355,0,2.1357,0.0001332723,32.0355,0
2.1366,-0.0001450217,32.049,0,2.1366,0.0001785916,32.049,0
2.1375,1.376364E-05,32.0625,0,2.1375,2.517739E-05,32.0625,0
2.1384,0.0001379721,32.076,0,2.1384,-0.000112459,32.076,0
2.1393,0.0002615091,32.0895,0,2.1393,-6.51255E-05,32.0895,0
2.1402,0.0002682231,32.103,0,2.1402,-0.0001007095,32.103,0
2.1411,0.0001554284,32.1165,0,2.1411,4.599069E-05,32.1165,0
2.142,-5.706874E-06,32.13,0,2.142,0.0002084688,32.13,0
2.1429,9.097429E-05,32.1435,0,2.1429,0.0001138018,32.1435,0
2.1438,0.0001305867,32.157,0,2.1438,5.706874E-06,32.157,0
2.1447,-0.0001111162,32.1705,0,2.1447,-2.752728E-05,32.1705,0
2.1456,-0.0001490501,32.184,0,2.1456,-1.644922E-05,32.184,0
2.1465,1.040665E-05,32.1975,0,2.1465,-3.659113E-05,32.1975,0
2.1474,8.728161E-06,32.211,0,2.1474,-5.404745E-05,32.211,0
2.1483,-1.309224E-05,32.2245,0,2.1483,-7.620356E-05,32.2245,0
2.1492,6.713969E-07,32.238,0,2.1492,1.712062E-05,32.238,0
2.1501,-7.351797E-05,32.2515,0,2.1501,-1.712062E-05,32.2515,0
2.151,-8.123904E-05,32.265,0,2.151,-0.0001242084,32.265,0
2.1519,-5.706874E-06,32.2785,0,2.1519,-0.0001356222,32.2785,0
2.1528,-0.0001198444,32.292,0,2.1528,-6.948959E-05,32.292,0
2.1537,-5.841154E-05,32.3055,0,2.1537,-1.644922E-05,32.3055,0
2.1546,4.666209E-05,32.319,0,2.1546,-0.0001111162,32.319,0
2.1555,-3.692683E-06,32.3325,0,2.1555,-8.89601E-05,32.3325,0
2.1564,1.007095E-05,32.346,0,2.1564,-9.903105E-05,32.346,0
2.1573,6.076142E-05,32.3595,0,2.1573,-0.0001722133,32.3595,0
2.1582,4.53193E-05,32.373,0,2.1582,-0.0001487144,32.373,0
2.1591,-3.994812E-05,32.3865,0,2.1591,-0.0001708705,32.3865,0
2.16,-7.956054E-05,32.4,0,2.16,-3.323415E-05,32.4,0
2.1609,1.577783E-05,32.4135,0,2.1609,0.0002574807,32.4135,0
2.1618,0.0001044022,32.427,0,2.1618,0.0002366674,32.427,0
2.1627,6.713969E-07,32.4405,0,2.1627,0.0002490883,32.4405,0
2.1636,-0.0001161517,32.454,0,2.1636,0.0002020905,32.454,0
2.1645,-9.567407E-05,32.4675,0,2.1645,2.047761E-05,32.4675,0
2.1654,-4.33051E-05,32.481,0,2.1654,-8.89601E-05,32.481,0
2.1663,-0.0001265583,32.4945,0,2.1663,-3.625543E-05,32.4945,0
2.1672,-0.0001255512,32.508,0,2.1672,-0.000109102,32.508,0
2.1681,1.409934E-05,32.5215,0,2.1681,-0.0001910124,32.5215,0
2.169,-4.53193E-05,32.535,0,2.169,-3.356985E-05,32.535,0
2.1699,1.242084E-05,32.5485,0,2.1699,3.860533E-05,32.5485,0
2.1708,1.510643E-05,32.562,0,2.1708,3.457694E-05,32.562,0
2.1717,-8.795301E-05,32.5755,0,2.1717,2.584878E-05,32.5755,0
2.1726,-4.867628E-05,32.589,0,2.1726,0.0001876554,32.589,0
2.1735,-4.061952E-05,32.6025,0,2.1735,0.0002860151,32.6025,0
2.1744,-3.524834E-05,32.616,0,2.1744,0.0002286107,32.616,0
2.1753,9.063859E-06,32.6295,0,2.1753,5.505455E-05,32.6295,0
2.1762,-1.913481E-05,32.643,0,2.1762,-4.29694E-05,32.643,0
2.1771,-4.599069E-05,32.6565,0,2.1771,-8.627451E-05,32.6565,0
2.178,1.980621E-05,32.67,0,2.178,-0.0001171588,32.67,0
2.1789,0.0001225299,32.6835,0,2.1789,-0.0002017548,32.6835,0
2.1798,-1.443504E-05,32.697,0,2.1798,-0.0002044404,32.697,0
2.1807,2.316319E-05,32.7105,0,2.1807,-0.0002430457,32.7105,0
2.1816,0.0001285725,32.724,0,2.1816,-0.000274937,32.724,0
2.1825,-4.39765E-05,32.7375,0,2.1825,-2.887007E-05,32.7375,0
2.1834,-5.169757E-05,32.751,0,2.1834,-2.316319E-05,32.751,0
2.1843,-3.356985E-07,32.7645,0,2.1843,-0.0001201801,32.7645,0
2.1852,-2.719158E-05,32.778,0,2.1852,-1.477073E-05,32.778,0
2.1861,2.1149E-05,32.7915,0,2.1861,9.533837E-05,32.7915,0
2.187,0.0002104829,32.805,0,2.187,0.0001816129,32.805,0
2.1879,0.0001010452,32.8185,0,2.1879,0.0001245441,32.8185,0
2.1888,4.46479E-05,32.832,0,2.1888,4.666209E-05,32.832,0
2.1897,-5.035477E-06,32.8455,0,2.1897,4.699779E-05,32.8455,0
2.1906,-2.786297E-05,32.859,0,2.1906,1.678492E-06,32.859,0
2.1915,-8.493171E-05,32.8725,0,2.1915,1.577783E-05,32.8725,0
2.1924,-6.143282E-05,32.886,0,2.1924,-2.316319E-05,32.886,0
2.1933,-0.0001312581,32.8995,0,2.1933,8.96315E-05,32.8995,0
2.1942,-0.0002225681,32.913,0,2.1942,-6.74754E-05,32.913,0
2.1951,-0.0001027237,32.9265,0,2.1951,-0.000207126,32.9265,0
2.196,3.256275E-05,32.94,0,2.196,-3.054856E-05,32.94,0
2.1969,9.903105E-05,32.9535,0,2.1969,4.095522E-05,32.9535,0
2.1978,0.0001490501,32.967,0,2.1978,-4.061952E-05,32.967,0
2.1987,0.0003182421,32.9805,0,2.1987,-3.424125E-05,32.9805,0
2.1996,4.36408E-05,32.994,0,2.1996,3.356985E-06,32.994,0
2.2005,-3.927672E-05,33.0075,0,2.2005,-3.289845E-05,33.0075,0
2.2014,-3.021286E-05,33.021,0,2.2014,-7.620356E-05,33.021,0
2.2023,6.948959E-05,33.0345,0,2.2023,-0.0001567712,33.0345,0
2.2032,-4.263371E-05,33.048,0,2.2032,-0.0001117876,33.048,0
2.2041,-0.0002725872,33.0615,0,2.2041,-6.948959E-05,33.0615,0
2.205,-0.0001326009,33.075,0,2.205,-7.821774E-05,33.075,0
2.2059,3.625543E-05,33.0885,0,2.2059,-4.33051E-05,33.0885,0
2.2068,0.0001232013,33.102,0,2.2068,2.786297E-05,33.102,0
2.2077,0.0001789273,33.1155,0,2.2077,-2.719158E-05,33.1155,0
2.2086,7.217517E-05,33.129,0,2.2086,-9.433127E-05,33.129,0
2.2095,3.692683E-06,33.1425,0,2.2095,-1.846342E-05,33.1425,0
2.2104,0.0001117876,33.156,0,2.2104,-3.659113E-05,33.156,0
2.2113,5.841154E-05,33.1695,0,2.2113,-5.069047E-05,33.1695,0
2.2122,-4.53193E-05,33.183,0,2.2122,0.0001097734,33.183,0
2.2131,-0.000115816,33.1965,0,2.2131,0.0001816129,33.1965,0
2.214,-5.069047E-05,33.21,0,2.214,2.551309E-05,33.21,0
2.2149,-5.673304E-05,33.2235,0,2.2149,-1.779202E-05,33.2235,0
2.2158,-2.21561E-05,33.237,0,2.2158,-0.0001168231,33.237,0
2.2167,-0.0001017166,33.2505,0,2.2167,-0.000203769,33.2505,0
2.2176,-0.0002417029,33.264,0,2.2176,-0.0001658351,33.264,0
2.2185,-0.0001245441,33.2775,0,2.2185,-7.956054E-05,33.2775,0
2.2194,-1.644922E-05,33.291,0,2.2194,4.766919E-05,33.291,0
2.2203,-0.0001017166,33.3045,0,2.2203,0.0001916838,33.3045,0
2.2212,-7.486076E-05,33.318,0,2.2212,0.0001950408,33.318,0
2.2221,0.0001312581,33.3315,0,2.2221,1.779202E-05,33.3315,0
2.223,2.987716E-05,33.345,0,2.223,3.860533E-05,33.345,0
2.2239,-2.24918E-05,33.3585,0,2.2239,1.242084E-05,33.3585,0
2.2248,8.426032E-05,33.372,0,2.2248,-8.89601E-05,33.372,0
2.2257,0.0001500572,33.3855,0,2.2257,-9.231708E-05,33.3855,0
2.2266,-6.74754E-05,33.399,0,2.2266,-8.291753E-05,33.399,0
2.2275,-6.713969E-06,33.4125,0,2.2275,-9.533837E-05,33.4125,0
2.2284,4.599069E-05,33.426,0,2.2284,-0.0001493858,33.426,0
2.2293,5.136187E-05,33.4395,0,2.2293,-0.0001728847,33.4395,0
2.2302,3.424125E-05,33.453,0,2.2302,-3.088426E-05,33.453,0
2.2311,-2.652018E-05,33.4665,0,2.2311,0.0001352865,33.4665,0
2.232,-3.524834E-05,33.48,0,2.232,6.176852E-05,33.48,0
2.2329,4.33051E-05,33.4935,0,2.2329,-4.867628E-05,33.4935,0
2.2338,-1.242084E-05,33.507,0,2.2338,-2.349889E-06,33.507,0
2.2347,-9.500267E-05,33.5205,0,2.2347,4.229801E-05,33.5205,0
2.2356,-2.349889E-06,33.534,0,2.2356,4.800488E-05,33.534,0
2.2365,-8.627451E-05,33.5475,0,2.2365,0.0001282368,33.5475,0
2.2374,-6.78111E-05,33.561,0,2.2374,3.826963E-05,33.561,0
2.2383,2.652018E-05,33.5745,0,2.2383,-6.042573E-06,33.5745,0
2.2392,-0.0001265583,33.588,0,2.2392,-0.0001473716,33.588,0
2.2401,-0.0001866484,33.6015,0,2.2401,-0.000140322,33.6015,0
2.241,-8.392462E-05,33.615,0,2.241,-6.243992E-05,33.615,0
2.2419,-7.754635E-05,33.6285,0,2.2419,-2.18204E-05,33.6285,0
2.2428,0.000102388,33.642,0,2.2428,6.176852E-05,33.642,0
2.2437,0.0001624781,33.6555,0,2.2437,4.934768E-05,33.6555,0
2.2446,0.0001319295,33.669,0,2.2446,-9.298848E-05,33.669,0
2.2455,0.0001084306,33.6825,0,2.2455,-0.0001849699,33.6825,0
2.2464,3.121996E-05,33.696,0,2.2464,-0.0001973907,33.696,0
2.2473,-1.510643E-05,33.7095,0,2.2473,-0.0001379721,33.7095,0
2.2482,2.316319E-05,33.723,0,2.2482,-5.471885E-05,33.723,0
2.2491,7.351797E-05,33.7365,0,2.2491,-5.673304E-05,33.7365,0
2.25,-4.263371E-05,33.75,0,2.25,2.484169E-05,33.75,0
2.2509,-9.768826E-05,33.7635,0,2.2509,8.291753E-05,33.7635,0
2.2518,3.692683E-06,33.777,0,2.2518,3.021286E-06,33.777,0
2.2527,1.577783E-05,33.7905,0,2.2527,3.121996E-05,33.7905,0
2.2536,-9.500267E-05,33.804,0,2.2536,0.0001574426,33.804,0
2.2545,-3.189136E-05,33.8175,0,2.2545,0.0001735561,33.8175,0
2.2554,-0.0001121233,33.831,0,2.2554,0.0001534142,33.831,0
2.2563,-6.311131E-05,33.8445,0,2.2563,7.855344E-05,33.8445,0
2.2572,4.36408E-06,33.858,0,2.2572,7.620356E-05,33.858,0
2.2581,6.6804E-05,33.8715,0,2.2581,3.961242E-05,33.8715,0
2.259,0.0002205539,33.885,0,2.259,-5.975433E-05,33.885,0
2.2599,0.0002514381,33.8985,0,2.2599,-0.0001654994,33.8985,0
2.2608,-4.800488E-05,33.912,0,2.2608,-0.000115816,33.912,0
2.2617,-5.841154E-05,33.9255,0,2.2617,-0.0001292439,33.9255,0
2.2626,9.903105E-05,33.939,0,2.2626,-0.000144686,33.939,0
2.2635,1.376364E-05,33.9525,0,2.2635,9.231708E-05,33.9525,0
2.2644,-0.0001930266,33.966,0,2.2644,-2.819867E-05,33.966,0
2.2653,-0.0001003738,33.9795,0,2.2653,-0.0001228656,33.9795,0
2.2662,3.121996E-05,33.993,0,2.2662,7.620356E-05,33.993,0
2.2671,-1.947051E-05,34.0065,0,2.2671,0.0001510643,34.0065,0
2.268,-3.356985E-07,34.02,0,2.268,0.0001708705,34.02,0
2.2689,1.712062E-05,34.0335,0,2.2689,9.634547E-05,34.0335,0
2.2698,-3.289845E-05,34.047,0,2.2698,-3.155566E-05,34.047,0
2.2707,-5.908293E-05,34.0605,0,2.2707,2.18204E-05,34.0605,0
2.2716,-3.524834E-05,34.074,0,2.2716,4.934768E-05,34.074,0
2.2725,-0.0001584497,34.0875,0,2.2725,1.007095E-06,34.0875,0
2.2734,-0.0001225299,34.101,0,2.2734,-0.000115816,34.101,0
2.2743,-0.0001144732,34.1145,0,2.2743,-5.471885E-05,34.1145,0
2.2752,2.450599E-05,34.128,0,2.2752,-6.478981E-05,34.128,0
2.2761,5.841154E-05,34.1415,0,2.2761,-0.0001117876,34.1415,0
2.277,-0.0001433432,34.155,0,2.277,2.24918E-05,34.155,0
2.2779,-1.007095E-06,34.1685,0,2.2779,1.644922E-05,34.1685,0
2.2788,0.0001218585,34.182,0,2.2788,-0.0001148089,34.182,0
2.2797,-2.853437E-05,34.1955,0,2.2797,-0.0001383078,34.1955,0
2.2806,-3.457694E-05,34.209,0,2.2806,-9.567407E-05,34.209,0
2.2815,1.947051E-05,34.2225,0,2.2815,-5.203327E-05,34.2225,0
2.2824,4.766919E-05,34.236,0,2.2824,-6.009003E-05,34.236,0
2.2833,8.560311E-05,34.2495,0,2.2833,-9.231708E-05,34.2495,0
2.2842,8.526741E-05,34.263,0,2.2842,4.800488E-05,34.263,0
2.2851,7.116808E-05,34.2765,0,2.2851,1.577783E-05,34.2765,0
2.286,7.687495E-05,34.29,0,2.286,-0.0001044022,34.29,0
2.2869,0.0001067521,34.3035,0,2.2869,-0.000109102,34.3035,0
2.2878,-7.553216E-05,34.317,0,2.2878,-4.666209E-05,34.317,0
2.2887,-2.752728E-05,34.3305,0,2.2887,-7.150377E-05,34.3305,0
2.2896,0.0001440146,34.344,0,2.2896,-0.0001342794,34.344,0
2.2905,-4.666209E-05,34.3575,0,2.2905,3.054856E-05,34.3575,0
2.2914,-7.116808E-05,34.371,0,2.2914,0.0001560998,34.371,0
2.2923,5.975433E-05,34.3845,0,2.2923,7.150377E-05,34.3845,0
2.2932,-2.752728E-05,34.398,0,2.2932,5.975433E-05,34.398,0
2.2941,-0.0001117876,34.4115,0,2.2941,-9.466698E-05,34.4115,0
2.295,-6.478981E-05,34.425,0,2.295,-0.000203769,34.425,0
2.2959,-6.143282E-05,34.4385,0,2.2959,-0.0002484169,34.4385,0
2.2968,1.443504E-05,34.452,0,2.2968,-0.0003172351,34.452,0
2.2977,1.309224E-05,34.4655,0,2.2977,-0.0001708705,34.4655,0
2.2986,-5.069047E-05,34.479,0,2.2986,-9.466698E-05,34.479,0
2.2995,1.510643E-05,34.4925,0,2.2995,-3.054856E-05,34.4925,0
2.3004,0.0001050736,34.506,0,2.3004,0.0002098116,34.506,0
2.3013,-2.18204E-05,34.5195,0,2.3013,0.000383032,34.5195,0
2.3022,-5.270466E-05,34.533,0,2.3022,0.0003252918,34.533,0
2.3031,2.014191E-06,34.5465,0,2.3031,0.0001540856,34.5465,0
2.304,-0.0001225299,34.56,0,2.304,0.0001198444,34.56,0
2.3049,-0.0001305867,34.5735,0,2.3049,3.860533E-05,34.5735,0
2.3058,-0.000109102,34.587,0,2.3058,-5.941863E-05,34.587,0
2.3067,-0.0001171588,34.6005,0,2.3067,-2.14847E-05,34.6005,0
2.3076,-0.0002578164,34.614,0,2.3076,-4.867628E-05,34.614,0
2.3085,-0.0001534142,34.6275,0,2.3085,-9.701686E-05,34.6275,0
2.3094,-4.129091E-05,34.641,0,2.3094,-7.251087E-05,34.641,0
2.3103,0.0001013809,34.6545,0,2.3103,-9.265278E-05,34.6545,0
2.3112,0.0001567712,34.668,0,2.3112,-7.217517E-05,34.668,0
2.3121,0.0002766156,34.6815,0,2.3121,4.229801E-05,34.6815,0
2.313,0.0002128328,34.695,0,2.313,2.316319E-05,34.695,0
2.3139,0.0001275654,34.7085,0,2.3139,-3.524834E-05,34.7085,0
2.3148,1.577783E-05,34.722,0,2.3148,3.894102E-05,34.722,0
2.3157,1.644922E-05,34.7355,0,2.3157,4.095522E-05,34.7355,0
2.3166,2.484169E-05,34.749,0,2.3166,7.519646E-05,34.749,0
2.3175,-2.719158E-05,34.7625,0,2.3175,9.097429E-05,34.7625,0
2.3184,-3.356985E-07,34.776,0,2.3184,-1.141375E-05,34.776,0
2.3193,-5.706874E-06,34.7895,0,2.3193,-0.0001258869,34.7895,0
2.3202,5.639734E-05,34.803,0,2.3202,-7.821774E-05,34.803,0
2.3211,-1.846342E-05,34.8165,0,2.3211,-3.726253E-05,34.8165,0
2.322,-2.047761E-05,34.83,0,2.322,-3.390555E-05,34.83,0
2.3229,-1.409934E-05,34.8435,0,2.3229,1.846342E-05,34.8435,0
2.3238,7.486076E-05,34.857,0,2.3238,4.263371E-05,34.857,0
2.3247,-1.644922E-05,34.8705,0,2.3247,6.277562E-05,34.8705,0
2.3256,-0.0002910506,34.884,0,2.3256,3.591974E-05,34.884,0
2.3265,-0.0002064546,34.8975,0,2.3265,-3.256275E-05,34.8975,0
2.3274,-5.539025E-05,34.911,0,2.3274,-5.908293E-05,34.911,0
2.3283,-0.000185977,34.9245,0,2.3283,-7.553216E-05,34.9245,0
2.3292,-0.0001144732,34.938,0,2.3292,-0.0001772488,34.938,0
2.3301,8.157473E-05,34.9515,0,2.3301,-0.0002558022,34.9515,0
2.331,2.719158E-05,34.965,0,2.331,-0.0001822843,34.965,0
2.3319,0.0001198444,34.9785,0,2.3319,-0.0001624781,34.9785,0
2.3328,0.0001420005,34.992,0,2.3328,1.342794E-05,34.992,0
2.3337,0.0001017166,35.0055,0,2.3337,0.0002655375,35.0055,0
2.3346,-5.807584E-05,35.019,0,2.3346,0.0003353628,35.019,0
2.3355,-7.049668E-06,35.0325,0,2.3355,2.1149E-05,35.0325,0
2.3364,0.0001017166,35.046,0,2.3364,-8.090334E-05,35.046,0
2.3373,0.0001769131,35.0595,0,2.3373,-2.954147E-05,35.0595,0
2.3382,0.0001889983,35.073,0,2.3382,1.174945E-05,35.073,0
2.3391,0.0001198444,35.0865,0,2.3391,-2.719158E-05,35.0865,0
2.34,2.1149E-05,35.1,0,2.34,-8.291753E-05,35.1,0
2.3409,4.599069E-05,35.1135,0,2.3409,-7.687495E-05,35.1135,0
2.3418,-6.61326E-05,35.127,0,2.3418,-3.860533E-05,35.127,0
2.3427,-7.217517E-05,35.1405,0,2.3427,-6.57969E-05,35.1405,0
2.3436,2.18204E-05,35.154,0,2.3436,-0.0001342794,35.154,0
2.3445,-6.74754E-05,35.1675,0,2.3445,-8.761731E-05,35.1675,0
2.3454,-4.33051E-05,35.181,0,2.3454,-7.418937E-05,35.181,0
2.3463,-7.351797E-05,35.1945,0,2.3463,-0.0001010452,35.1945,0
2.3472,-0.0001225299,35.208,0,2.3472,2.954147E-05,35.208,0
2.3481,-0.0001507286,35.2215,0,2.3481,5.975433E-05,35.2215,0
2.349,-0.0001242084,35.235,0,2.349,2.24918E-05,35.235,0
2.3499,-7.351797E-05,35.2485,0,2.3499,-6.109713E-05,35.2485,0
2.3508,-9.634547E-05,35.262,0,2.3508,-0.0001822843,35.262,0
2.3517,-0.0001386435,35.2755,0,2.3517,-6.814679E-05,35.2755,0
2.3526,-0.0001752346,35.289,0,2.3526,-5.001907E-05,35.289,0
2.3535,-0.0001816129,35.3025,0,2.3535,-0.0001305867,35.3025,0
2.3544,-0.0001587854,35.316,0,2.3544,-1.107805E-05,35.316,0
2.3553,-0.0002017548,35.3295,0,2.3553,9.097429E-05,35.3295,0
2.3562,-2.383459E-05,35.343,0,2.3562,7.989624E-05,35.343,0
2.3571,0.0002007477,35.3565,0,2.3571,-2.584878E-05,35.3565,0
2.358,0.0002574807,35.37,0,2.358,3.793393E-05,35.37,0
2.3589,0.0004505074,35.3835,0,2.3589,3.155566E-05,35.3835,0
2.3598,0.0003434196,35.397,0,2.3598,-5.941863E-05,35.397,0
2.3607,0.0001413291,35.4105,0,2.3607,-5.136187E-05,35.4105,0
2.3616,-4.699779E-06,35.424,0,2.3616,4.934768E-05,35.424,0
2.3625,1.678492E-05,35.4375,0,2.3625,3.189136E-05,35.4375,0
2.3634,-7.687495E-05,35.451,0,2.3634,-0.0001587854,35.451,0
2.3643,-8.392462E-06,35.4645,0,2.3643,-0.000109102,35.4645,0
2.3652,-4.49836E-05,35.478,0,2.3652,-4.901198E-05,35.478,0
2.3661,-0.0001574426,35.4915,0,2.3661,-7.217517E-05,35.4915,0
2.367,-0.0001366293,35.505,0,2.367,-7.888914E-05,35.505,0
2.3679,-5.035477E-05,35.5185,0,2.3679,-4.599069E-05,35.5185,0
2.3688,-0.0001205158,35.532,0,2.3688,1.409934E-05,35.532,0
2.3697,-9.668116E-05,35.5455,0,2.3697,-2.450599E-05,35.5455,0
2.3706,5.874724E-05,35.559,0,2.3706,4.263371E-05,35.559,0
2.3715,-4.565499E-05,35.5725,0,2.3715,0.0002225681,35.5725,0
2.3724,2.450599E-05,35.586,0,2.3724,0.0001863127,35.586,0
2.3733,0.0001430075,35.5995,0,2.3733,5.404745E-05,35.5995,0
2.3742,-5.807584E-05,35.613,0,2.3742,1.577783E-05,35.613,0
2.3751,-9.231708E-05,35.6265,0,2.3751,5.069047E-05,35.6265,0
2.376,9.063859E-06,35.64,0,2.376,5.941863E-05,35.64,0
2.3769,-2.014191E-06,35.6535,0,2.3769,6.881819E-05,35.6535,0
2.3778,-4.095522E-05,35.667,0,2.3778,3.625543E-05,35.667,0
2.3787,-2.652018E-05,35.6805,0,2.3787,5.203327E-05,35.6805,0
2.3796,-5.673304E-05,35.694,0,2.3796,5.337606E-05,35.694,0
2.3805,-3.860533E-05,35.7075,0,2.3805,2.349889E-05,35.7075,0
2.3814,-3.692683E-06,35.721,0,2.3814,-1.577783E-05,35.721,0
2.3823,5.471885E-05,35.7345,0,2.3823,1.544213E-05,35.7345,0
2.3832,0.0001144732,35.748,0,2.3832,-0.0001013809,35.748,0
2.3841,0.0001963836,35.7615,0,2.3841,-0.0002944076,35.7615,0
2.385,8.023193E-05,35.775,0,2.385,-0.0002742657,35.775,0
2.3859,-2.014191E-06,35.7885,0,2.3859,-0.0003477836,35.7885,0
2.3868,3.356985E-05,35.802,0,2.3868,-0.0002920577,35.802,0
2.3877,0.0001675135,35.8155,0,2.3877,-6.915389E-05,35.8155,0
2.3886,6.411841E-05,35.829,0,2.3886,0.0002373388,35.829,0
2.3895,3.692683E-06,35.8425,0,2.3895,0.0004004883,35.8425,0
2.3904,8.056763E-06,35.856,0,2.3904,0.0002927291,35.856,0
2.3913,3.256275E-05,35.8695,0,2.3913,6.378271E-05,35.8695,0
2.3922,-3.054856E-05,35.883,0,2.3922,7.016098E-05,35.883,0
2.3931,-0.0001802701,35.8965,0,2.3931,5.673304E-05,35.8965,0
2.394,-6.109713E-05,35.91,0,2.394,2.652018E-05,35.91,0
2.3949,-3.121996E-05,35.9235,0,2.3949,3.256275E-05,35.9235,0
2.3958,-0.0001594568,35.937,0,2.3958,-3.121996E-05,35.937,0
2.3967,-0.0001117876,35.9505,0,2.3967,-9.433127E-05,35.9505,0
2.3976,2.24918E-05,35.964,0,2.3976,-9.768826E-05,35.964,0
2.3985,-0.0001295796,35.9775,0,2.3985,-1.040665E-05,35.9775,0
2.3994,-5.169757E-05,35.991,0,2.3994,-3.189136E-05,35.991,0
2.4003,0.0001238727,36.0045,0,2.4003,-0.0001178302,36.0045,0
2.4012,-7.049668E-06,36.018,0,2.4012,-9.265278E-05,36.018,0
2.4021,8.392462E-06,36.0315,0,2.4021,-9.198138E-05,36.0315,0
2.403,3.155566E-05,36.045,0,2.403,-0.0002030976,36.045,0
2.4039,-4.699779E-05,36.0585,0,2.4039,-0.000224918,36.0585,0
2.4048,9.735256E-06,36.072,0,2.4048,-0.0002662089,36.072,0
2.4057,5.975433E-05,36.0855,0,2.4057,-7.251087E-05,36.0855,0
2.4066,-2.417029E-05,36.099,0,2.4066,0.0001141375,36.099,0
2.4075,-6.61326E-05,36.1125,0,2.4075,0.0001701991,36.1125,0
2.4084,1.309224E-05,36.126,0,2.4084,9.903105E-05,36.126,0
2.4093,-8.258183E-05,36.1395,0,2.4093,9.097429E-05,36.1395,0
2.4102,-0.0001258869,36.153,0,2.4102,4.46479E-05,36.153,0
2.4111,-1.376364E-05,36.1665,0,2.4111,-7.351797E-05,36.1665,0
2.412,-0.0001453574,36.18,0,2.412,-4.733349E-05,36.18,0
2.4129,-0.0001272297,36.1935,0,2.4129,-1.779202E-05,36.1935,0
2.4138,1.913481E-05,36.207,0,2.4138,-5.169757E-05,36.207,0
2.4147,2.920577E-05,36.2205,0,2.4147,-6.814679E-05,36.2205,0
2.4156,1.913481E-05,36.234,0,2.4156,-4.599069E-05,36.234,0
2.4165,0.000105745,36.2475,0,2.4165,-7.452507E-05,36.2475,0
2.4174,0.0001013809,36.261,0,2.4174,-8.090334E-05,36.261,0
2.4183,0.0001789273,36.2745,0,2.4183,-0.0001272297,36.2745,0
2.4192,9.130999E-05,36.288,0,2.4192,-2.920577E-05,36.288,0
2.4201,-6.915389E-05,36.3015,0,2.4201,-7.956054E-05,36.3015,0
2.421,-9.164568E-05,36.315,0,2.421,-0.0001782559,36.315,0
2.4219,-4.733349E-05,36.3285,0,2.4219,-0.0001218585,36.3285,0
2.4228,-0.0001084306,36.342,0,2.4228,-7.888914E-05,36.342,0
2.4237,-8.358892E-05,36.3555,0,2.4237,-6.713969E-06,36.3555,0
2.4246,-4.36408E-05,36.369,0,2.4246,-3.793393E-05,36.369,0
2.4255,-5.337606E-05,36.3825,0,2.4255,9.097429E-05,36.3825,0
2.4264,0.0001339437,36.396,0,2.4264,9.802396E-05,36.396,0
2.4273,0.0002413672,36.4095,0,2.4273,9.030289E-05,36.4095,0
2.4282,0.0002897078,36.423,0,2.4282,6.6804E-05,36.423,0
2.4291,0.0001080949,36.4365,0,2.4291,3.659113E-05,36.4365,0
2.43,-4.599069E-05,36.45,0,2.43,-9.634547E-05,36.45,0
2.4309,-7.217517E-05,36.4635,0,2.4309,-8.96315E-05,36.4635,0
2.4318,-1.309224E-05,36.477,0,2.4318,-9.970245E-05,36.477,0
2.4327,-6.009003E-05,36.4905,0,2.4327,-5.639734E-05,36.4905,0
2.4336,-0.0001279011,36.504,0,2.4336,8.96315E-05,36.504,0
2.4345,-3.793393E-05,36.5175,0,2.4345,6.915389E-05,36.5175,0
2.4354,1.309224E-05,36.531,0,2.4354,4.196231E-05,36.531,0
2.4363,-0.0001420005,36.5445,0,2.4363,0.0001161517,36.5445,0
2.4372,-6.344701E-05,36.558,0,2.4372,1.040665E-05,36.558,0
2.4381,1.779202E-05,36.5715,0,2.4381,-9.466698E-05,36.5715,0
2.439,-8.761731E-05,36.585,0,2.439,2.517739E-05,36.585,0
2.4399,-0.0001050736,36.5985,0,2.4399,6.411841E-05,36.5985,0
2.4408,-3.927672E-05,36.612,0,2.4408,2.349889E-05,36.612,0
2.4417,4.36408E-06,36.6255,0,2.4417,2.685588E-05,36.6255,0
2.4426,-5.236896E-05,36.639,0,2.4426,-7.519646E-05,36.639,0
2.4435,-4.33051E-05,36.6525,0,2.4435,-0.0001947051,36.6525,0
2.4444,-1.913481E-05,36.666,0,2.4444,-8.123904E-05,36.666,0
2.4453,-9.063859E-06,36.6795,0,2.4453,-5.035477E-05,36.6795,0
2.4462,1.544213E-05,36.693,0,2.4462,-2.584878E-05,36.693,0
2.4471,3.121996E-05,36.7065,0,2.4471,3.356985E-05,36.7065,0
2.448,4.632639E-05,36.72,0,2.448,3.390555E-05,36.72,0
2.4489,7.956054E-05,36.7335,0,2.4489,8.392462E-06,36.7335,0
2.4498,-2.786297E-05,36.747,0,2.4498,6.277562E-05,36.747,0
2.4507,6.378271E-06,36.7605,0,2.4507,1.879912E-05,36.7605,0
2.4516,9.735256E-05,36.774,0,2.4516,-6.243992E-05,36.774,0
2.4525,-3.323415E-05,36.7875,0,2.4525,4.800488E-05,36.7875,0
2.4534,-5.438316E-05,36.801,0,2.4534,6.61326E-05,36.801,0
2.4543,-9.634547E-05,36.8145,0,2.4543,-4.968337E-05,36.8145,0
2.4552,-0.0001607996,36.828,0,2.4552,-2.417029E-05,36.828,0
2.4561,-0.0001463645,36.8415,0,2.4561,1.980621E-05,36.8415,0
2.457,-5.740444E-05,36.855,0,2.457,6.713969E-07,36.855,0
2.4579,3.457694E-05,36.8685,0,2.4579,3.793393E-05,36.8685,0
2.4588,3.356985E-07,36.882,0,2.4588,-6.51255E-05,36.882,0
2.4597,-6.076142E-05,36.8955,0,2.4597,-6.378271E-06,36.8955,0
2.4606,2.349889E-06,36.909,0,2.4606,2.887007E-05,36.909,0
2.4615,6.210422E-05,36.9225,0,2.4615,-9.130999E-05,36.9225,0
2.4624,9.365987E-05,36.936,0,2.4624,-0.0001611353,36.936,0
2.4633,4.733349E-05,36.9495,0,2.4633,-0.0001107805,36.9495,0
2.4642,8.761731E-05,36.963,0,2.4642,-0.0001138018,36.963,0
2.4651,5.471885E-05,36.9765,0,2.4651,-0.0001413291,36.9765,0
2.466,-3.591974E-05,36.99,0,2.466,1.342794E-05,36.99,0
2.4669,9.735256E-06,37.0035,0,2.4669,6.478981E-05,37.0035,0
2.4678,-2.24918E-05,37.017,0,2.4678,5.706874E-06,37.017,0
2.4687,0.000105745,37.0305,0,2.4687,2.853437E-05,37.0305,0
2.4696,3.558404E-05,37.044,0,2.4696,5.035477E-06,37.044,0
2.4705,5.337606E-05,37.0575,0,2.4705,3.457694E-05,37.0575,0
2.4714,0.0001050736,37.071,0,2.4714,0.0001782559,37.071,0
2.4723,0.0001198444,37.0845,0,2.4723,0.0001393149,37.0845,0
2.4732,-3.793393E-05,37.098,0,2.4732,0.0001084306,37.098,0
2.4741,-0.0001319295,37.1115,0,2.4741,3.860533E-05,37.1115,0
2.475,-7.754635E-05,37.125,0,2.475,-5.270466E-05,37.125,0
2.4759,3.591974E-05,37.1385,0,2.4759,-2.618448E-05,37.1385,0
2.4768,-4.061952E-05,37.152,0,2.4768,5.304036E-05,37.152,0
2.4777,-3.390555E-05,37.1655,0,2.4777,-3.021286E-06,37.1655,0
2.4786,6.948959E-05,37.179,0,2.4786,-8.96315E-05,37.179,0
2.4795,-2.584878E-05,37.1925,0,2.4795,-1.074235E-05,37.1925,0
2.4804,-0.0001248798,37.206,0,2.4804,-4.196231E-05,37.206,0
2.4813,-6.78111E-05,37.2195,0,2.4813,-7.788205E-05,37.2195,0
2.4822,-5.136187E-05,37.233,0,2.4822,-6.478981E-05,37.233,0
2.4831,-8.157473E-05,37.2465,0,2.4831,-3.390555E-05,37.2465,0
2.484,6.948959E-05,37.26,0,2.484,-7.754635E-05,37.26,0
2.4849,1.947051E-05,37.2735,0,2.4849,-5.505455E-05,37.2735,0
2.4858,1.644922E-05,37.287,0,2.4858,-7.855344E-05,37.287,0
2.4867,-6.378271E-06,37.3005,0,2.4867,-9.869535E-05,37.3005,0
2.4876,9.399558E-06,37.314,0,2.4876,-0.0001483787,37.314,0
2.4885,2.383459E-05,37.3275,0,2.4885,-0.0001708705,37.3275,0
2.4894,-1.141375E-05,37.341,0,2.4894,-6.344701E-05,37.341,0
2.4903,-3.424125E-05,37.3545,0,2.4903,4.867628E-05,37.3545,0
2.4912,-1.107805E-05,37.368,0,2.4912,9.903105E-05,37.368,0
2.4921,8.89601E-05,37.3815,0,2.4921,8.291753E-05,37.3815,0
2.493,7.821774E-05,37.395,0,2.493,0.0001386435,37.395,0
2.4939,-2.349889E-06,37.4085,0,2.4939,0.0001339437,37.4085,0
2.4948,2.28275E-05,37.422,0,2.4948,6.378271E-06,37.422,0
2.4957,-6.076142E-05,37.4355,0,2.4957,-7.049668E-06,37.4355,0
2.4966,-0.0001577783,37.449,0,2.4966,-2.047761E-05,37.449,0
2.4975,-0.0001762417,37.4625,0,2.4975,-0.0001003738,37.4625,0
2.4984,-8.560311E-05,37.476,0,2.4984,-0.0001433432,37.476,0
2.4993,9.869535E-05,37.4895,0,2.4993,-0.0001782559,37.4895,0
2.5002,7.721065E-06,37.503,0,2.5002,-0.0002108186,37.503,0
2.5011,-6.076142E-05,37.5165,0,2.5011,-0.0001460288,37.5165,0
2.502,9.097429E-05,37.53,0,2.502,-1.309224E-05,37.53,0
2.5029,7.888914E-05,37.5435,0,2.5029,2.349889E-06,37.5435,0
2.5038,-4.162661E-05,37.557,0,2.5038,0.0001232013,37.557,0
2.5047,1.846342E-05,37.5705,0,2.5047,0.0002091402,37.5705,0
2.5056,0.0001033951,37.584,0,2.5056,9.802396E-05,37.584,0
2.5065,-1.577783E-05,37.5975,0,2.5065,-8.728161E-06,37.5975,0
2.5074,0.0001040665,37.611,0,2.5074,-8.86244E-05,37.611,0
2.5083,0.0001003738,37.6245,0,2.5083,-4.599069E-05,37.6245,0
2.5092,4.699779E-06,37.638,0,2.5092,-2.450599E-05,37.638,0
2.5101,-3.860533E-05,37.6515,0,2.5101,3.289845E-05,37.6515,0
2.511,3.860533E-05,37.665,0,2.511,5.706874E-06,37.665,0
2.5119,-3.659113E-05,37.6785,0,2.5119,-4.834058E-05,37.6785,0
2.5128,-8.392462E-06,37.692,0,2.5128,-0.0001044022,37.692,0
2.5137,-5.236896E-05,37.7055,0,2.5137,-6.277562E-05,37.7055,0
2.5146,-0.0002118257,37.719,0,2.5146,-8.89601E-05,37.719,0
2.5155,-0.000144686,37.7325,0,2.5155,-0.0001507286,37.7325,0
2.5164,-9.970245E-05,37.746,0,2.5164,-0.0001722133,37.746,0
2.5173,-0.0003182421,37.7595,0,2.5173,-7.217517E-05,37.7595,0
2.5182,-0.0002551308,37.773,0,2.5182,-5.438316E-05,37.773,0
2.5191,2.1149E-05,37.7865,0,2.5191,-0.000119173,37.7865,0
2.52,-2.349889E-06,37.8,0,2.52,2.920577E-05,37.8,0
2.5209,0.0001876554,37.8135,0,2.5209,0.000109102,37.8135,0
2.5218,0.0002611734,37.827,0,2.5218,3.692683E-05,37.827,0
2.5227,7.150377E-05,37.8405,0,2.5227,7.553216E-05,37.8405,0
2.5236,7.486076E-05,37.854,0,2.5236,3.256275E-05,37.854,0
2.5245,0.000158114,37.8675,0,2.5245,-8.392462E-05,37.8675,0
2.5254,0.000175906,37.881,0,2.5254,-5.069047E-05,37.881,0
2.5263,0.0002239109,37.8945,0,2.5263,-7.687495E-05,37.8945,0
2.5272,0.000112459,37.908,0,2.5272,-7.351797E-05,37.908,0
2.5281,7.486076E-05,37.9215,0,2.5281,4.196231E-05,37.9215,0
2.529,-1.846342E-05,37.935,0,2.529,8.493171E-05,37.935,0
2.5299,1.477073E-05,37.9485,0,2.5299,-1.342794E-06,37.9485,0
2.5308,-3.524834E-05,37.962,0,2.5308,8.728161E-06,37.962,0
2.5317,-4.934768E-05,37.9755,0,2.5317,2.349889E-06,37.9755,0
2.5326,5.471885E-05,37.989,0,2.5326,-6.378271E-05,37.989,0
2.5335,-7.754635E-05,38.0025,0,2.5335,1.040665E-05,38.0025,0
2.5344,-0.0001245441,38.016,0,2.5344,-1.040665E-05,38.016,0
2.5353,-7.620356E-05,38.0295,0,2.5353,-0.0001037308,38.0295,0
2.5362,-5.606165E-05,38.043,0,2.5362,-9.265278E-05,38.043,0
2.5371,-0.0001275654,38.0565,0,2.5371,2.383459E-05,38.0565,0
2.538,-0.0001185016,38.07,0,2.538,1.443504E-05,38.07,0
2.5389,-8.459602E-05,38.0835,0,2.5389,-3.726253E-05,38.0835,0
2.5398,-9.735256E-06,38.097,0,2.5398,-7.586786E-05,38.097,0
2.5407,-5.941863E-05,38.1105,0,2.5407,2.819867E-05,38.1105,0
2.5416,-3.625543E-05,38.124,0,2.5416,2.081331E-05,38.124,0
2.5425,0.0001228656,38.1375,0,2.5425,5.069047E-05,38.1375,0
2.5434,9.768826E-05,38.151,0,2.5434,-6.713969E-07,38.151,0
2.5443,-8.426032E-05,38.1645,0,2.5443,-1.980621E-05,38.1645,0
2.5452,-6.915389E-05,38.178,0,2.5452,-4.834058E-05,38.178,0
2.5461,-3.390555E-05,38.1915,0,2.5461,-0.0001450217,38.1915,0
2.547,-8.090334E-05,38.205,0,2.547,-9.030289E-05,38.205,0
2.5479,-5.203327E-05,38.2185,0,2.5479,-0.0001037308,38.2185,0
2.5488,5.035477E-05,38.232,0,2.5488,-0.0001846342,38.232,0
2.5497,-6.378271E-06,38.2455,0,2.5497,-7.956054E-05,38.2455,0
2.5506,-9.332418E-05,38.259,0,2.5506,3.054856E-05,38.259,0
2.5515,-6.411841E-05,38.2725,0,2.5515,0.000126894,38.2725,0
2.5524,-5.941863E-05,38.286,0,2.5524,0.0001319295,38.286,0
2.5533,-1.745632E-05,38.2995,0,2.5533,1.846342E-05,38.2995,0
2.5542,-4.666209E-05,38.313,0,2.5542,2.383459E-05,38.313,0
2.5551,-8.69459E-05,38.3265,0,2.5551,6.6804E-05,38.3265,0
2.556,2.081331E-05,38.34,0,2.556,-1.510643E-05,38.34,0
2.5569,0.0001198444,38.3535,0,2.5569,-9.768826E-05,38.3535,0
2.5578,-7.687495E-05,38.367,0,2.5578,3.692683E-06,38.367,0
2.5587,-8.627451E-05,38.3805,0,2.5587,-7.721065E-06,38.3805,0
2.5596,6.78111E-05,38.394,0,2.5596,-0.0001117876,38.394,0
2.5605,5.706874E-05,38.4075,0,2.5605,-3.121996E-05,38.4075,0
2.5614,1.007095E-05,38.421,0,2.5614,8.728161E-06,38.421,0
2.5623,6.378271E-06,38.4345,0,2.5623,2.853437E-05,38.4345,0
2.5632,-6.61326E-05,38.448,0,2.5632,2.920577E-05,38.448,0
2.5641,-8.661021E-05,38.4615,0,2.5641,1.376364E-05,38.4615,0
2.565,-1.309224E-05,38.475,0,2.565,1.510643E-05,38.475,0
2.5659,1.443504E-05,38.4885,0,2.5659,9.063859E-06,38.4885,0
2.5668,3.390555E-05,38.502,0,2.5668,-6.948959E-05,38.502,0
2.5677,6.243992E-05,38.5155,0,2.5677,2.786297E-05,38.5155,0
2.5686,7.888914E-05,38.529,0,2.5686,4.599069E-05,38.529,0
2.5695,3.524834E-05,38.5425,0,2.5695,-2.584878E-05,38.5425,0
2.5704,6.042573E-06,38.556,0,2.5704,-6.881819E-05,38.556,0
2.5713,-3.591974E-05,38.5695,0,2.5713,3.088426E-05,38.5695,0
2.5722,2.786297E-05,38.583,0,2.5722,-2.349889E-05,38.583,0
2.5731,4.263371E-05,38.5965,0,2.5731,-0.0001886625,38.5965,0
2.574,6.143282E-05,38.61,0,2.574,-5.203327E-05,38.61,0
2.5749,0.0001433432,38.6235,0,2.5749,-3.591974E-05,38.6235,0
2.5758,9.835965E-05,38.637,0,2.5758,-0.0001144732,38.637,0
2.5767,3.726253E-05,38.6505,0,2.5767,-5.941863E-05,38.6505,0
2.5776,-2.349889E-06,38.664,0,2.5776,8.426032E-05,38.664,0
2.5785,-1.376364E-05,38.6775,0,2.5785,0.0001050736,38.6775,0
2.5794,-3.726253E-05,38.691,0,2.5794,0.0001070878,38.691,0
2.5803,2.887007E-05,38.7045,0,2.5803,2.383459E-05,38.7045,0
2.5812,-2.853437E-05,38.718,0,2.5812,4.968337E-05,38.718,0
2.5821,-9.735256E-05,38.7315,0,2.5821,0.000109102,38.7315,0
2.583,-9.835965E-05,38.745,0,2.583,-3.054856E-05,38.745,0
2.5839,-4.196231E-05,38.7585,0,2.5839,-8.358892E-05,38.7585,0
2.5848,-0.0001943694,38.772,0,2.5848,0.0001292439,38.772,0
2.5857,-0.0002312963,38.7855,0,2.5857,0.0001352865,38.7855,0
2.5866,-5.975433E-05,38.799,0,2.5866,9.970245E-05,38.799,0
2.5875,-2.014191E-06,38.8125,0,2.5875,0.0003461051,38.8125,0
2.5884,0.0001493858,38.826,0,2.5884,0.0002306248,38.826,0
2.5893,0.0002692302,38.8395,0,2.5893,-0.0001211871,38.8395,0
2.5902,-1.376364E-05,38.853,0,2.5902,-8.291753E-05,38.853,0
2.5911,-0.000115816,38.8665,0,2.5911,7.049668E-06,38.8665,0
2.592,-2.752728E-05,38.88,0,2.592,-6.814679E-05,38.88,0
2.5929,-2.987716E-05,38.8935,0,2.5929,-4.934768E-05,38.8935,0
2.5938,0.0001188373,38.907,0,2.5938,3.826963E-05,38.907,0
2.5947,9.365987E-05,38.9205,0,2.5947,6.881819E-05,38.9205,0
2.5956,6.948959E-05,38.934,0,2.5956,-1.107805E-05,38.934,0
2.5965,4.36408E-06,38.9475,0,2.5965,-0.0001107805,38.9475,0
2.5974,-9.735256E-06,38.961,0,2.5974,-0.0001641566,38.961,0
2.5983,-9.600977E-05,38.9745,0,2.5983,-0.0001309224,38.9745,0
2.5992,-0.0001138018,38.988,0,2.5992,-0.0001916838,38.988,0
2.6001,-1.846342E-05,39.0015,0,2.6001,-0.0002581521,39.0015,0
2.601,2.014191E-05,39.015,0,2.601,-0.0001440146,39.015,0
2.6019,-6.54612E-05,39.0285,0,2.6019,-0.0001597925,39.0285,0
2.6028,-3.356985E-07,39.042,0,2.6028,-0.0001785916,39.042,0
2.6037,6.948959E-05,39.0555,0,2.6037,8.325322E-05,39.0555,0
2.6046,-0.0001272297,39.069,0,2.6046,0.0001164874,39.069,0
2.6055,-7.318227E-05,39.0825,0,2.6055,7.989624E-05,39.0825,0
2.6064,-9.735256E-06,39.096,0,2.6064,-1.510643E-05,39.096,0
2.6073,-1.007095E-06,39.1095,0,2.6073,-0.0001409934,39.1095,0
2.6082,-8.258183E-05,39.123,0,2.6082,-0.0001164874,39.123,0
2.6091,-0.0001279011,39.1365,0,2.6091,-6.378271E-05,39.1365,0
2.61,-8.728161E-06,39.15,0,2.61,-0.0001114519,39.15,0
2.6109,-1.141375E-05,39.1635,0,2.6109,-0.0001151446,39.1635,0
2.6118,-7.821774E-05,39.177,0,2.6118,-6.042573E-06,39.177,0
2.6127,1.745632E-05,39.1905,0,2.6127,-3.457694E-05,39.1905,0
2.6136,0.0001282368,39.204,0,2.6136,-4.129091E-05,39.204,0
2.6145,6.143282E-05,39.2175,0,2.6145,4.39765E-05,39.2175,0
2.6154,0.0001144732,39.231,0,2.6154,2.18204E-05,39.231,0
2.6163,0.0001265583,39.2445,0,2.6163,-8.69459E-05,39.2445,0
2.6172,5.505455E-05,39.258,0,2.6172,-0.0001440146,39.258,0
2.6181,-2.316319E-05,39.2715,0,2.6181,-4.766919E-05,39.2715,0
2.619,6.948959E-05,39.285,0,2.619,1.745632E-05,39.285,0
2.6199,7.049668E-06,39.2985,0,2.6199,-9.164568E-05,39.2985,0
2.6208,7.821774E-05,39.312,0,2.6208,-6.378271E-05,39.312,0
2.6217,4.968337E-05,39.3255,0,2.6217,3.860533E-05,39.3255,0
2.6226,-9.030289E-05,39.339,0,2.6226,-6.478981E-05,39.339,0
2.6235,-4.061952E-05,39.3525,0,2.6235,-0.0001386435,39.3525,0
2.6244,3.121996E-05,39.366,0,2.6244,-0.0001017166,39.366,0
2.6253,-3.390555E-05,39.3795,0,2.6253,1.309224E-05,39.3795,0
2.6262,-3.927672E-05,39.393,0,2.6262,-4.53193E-05,39.393,0
2.6271,6.411841E-05,39.4065,0,2.6271,-8.96315E-05,39.4065,0
2.628,-0.0001070878,39.42,0,2.628,1.242084E-05,39.42,0
2.6289,-8.157473E-05,39.4335,0,2.6289,-9.063859E-06,39.4335,0
2.6298,2.652018E-05,39.447,0,2.6298,-9.298848E-05,39.447,0
2.6307,5.001907E-05,39.4605,0,2.6307,-6.948959E-05,39.4605,0
2.6316,-9.365987E-05,39.474,0,2.6316,-1.007095E-06,39.474,0
2.6325,-7.888914E-05,39.4875,0,2.6325,2.417029E-05,39.4875,0
2.6334,-2.987716E-05,39.501,0,2.6334,-1.309224E-05,39.501,0
2.6343,-5.169757E-05,39.5145,0,2.6343,-8.526741E-05,39.5145,0
2.6352,-8.526741E-05,39.528,0,2.6352,2.349889E-05,39.528,0
2.6361,-8.258183E-05,39.5415,0,2.6361,0.000119173,39.5415,0
2.637,-5.035477E-05,39.555,0,2.637,7.754635E-05,39.555,0
2.6379,2.819867E-05,39.5685,0,2.6379,3.155566E-05,39.5685,0
2.6388,1.644922E-05,39.582,0,2.6388,3.524834E-05,39.582,0
2.6397,4.766919E-05,39.5955,0,2.6397,-3.625543E-05,39.5955,0
2.6406,0.0001587854,39.609,0,2.6406,-0.0001178302,39.609,0
2.6415,6.243992E-05,39.6225,0,2.6415,1.644922E-05,39.6225,0
2.6424,-4.33051E-05,39.636,0,2.6424,0.000115816,39.636,0
2.6433,-3.692683E-05,39.6495,0,2.6433,0.0002997787,39.6495,0
2.6442,-0.0001084306,39.663,0,2.6442,0.0002145113,39.663,0
2.6451,-0.0001265583,39.6765,0,2.6451,0.0001685206,39.6765,0
2.646,-9.164568E-05,39.69,0,2.646,0.0001594568,39.69,0
2.6469,-4.834058E-05,39.7035,0,2.6469,7.486076E-05,39.7035,0
2.6478,1.242084E-05,39.717,0,2.6478,-5.706874E-05,39.717,0
2.6487,-3.826963E-05,39.7305,0,2.6487,-0.0001013809,39.7305,0
2.6496,-6.478981E-05,39.744,0,2.6496,-1.577783E-05,39.744,0
2.6505,-4.095522E-05,39.7575,0,2.6505,1.141375E-05,39.7575,0
2.6514,2.383459E-05,39.771,0,2.6514,-5.572595E-05,39.771,0
2.6523,-2.584878E-05,39.7845,0,2.6523,8.392462E-06,39.7845,0
2.6532,-3.121996E-05,39.798,0,2.6532,1.644922E-05,39.798,0
2.6541,5.203327E-05,39.8115,0,2.6541,-5.505455E-05,39.8115,0
2.655,-7.284657E-05,39.825,0,2.655,-1.544213E-05,39.825,0
2.6559,5.069047E-05,39.8385,0,2.6559,-5.136187E-05,39.8385,0
2.6568,6.71397E-05,39.852,0,2.6568,-0.0001077592,39.852,0
2.6577,6.143282E-05,39.8655,0,2.6577,-9.768826E-05,39.8655,0
2.6586,8.392462E-05,39.879,0,2.6586,-3.961242E-05,39.879,0
2.6595,8.426032E-05,39.8925,0,2.6595,-3.961242E-05,39.8925,0
2.6604,4.196231E-05,39.906,0,2.6604,-6.6804E-05,39.906,0
2.6613,8.560311E-05,39.9195,0,2.6613,-2.987716E-05,39.9195,0
2.6622,2.920577E-05,39.933,0,2.6622,5.337606E-05,39.933,0
2.6631,-8.358892E-05,39.9465,0,2.6631,5.807584E-05,39.9465,0
2.664,-4.33051E-05,39.96,0,2.664,-2.24918E-05,39.96,0
2.6649,-6.713969E-06,39.9735,0,2.6649,-1.242084E-05,39.9735,0
2.6658,-6.78111E-05,39.987,0,2.6658,4.666209E-05,39.987,0
2.6667,-0.0001305867,40.0005,0,2.6667,4.699779E-06,40.0005,0
2.6676,-4.666209E-05,40.014,0,2.6676,-5.774014E-05,40.014,0
2.6685,-0.0001530785,40.0275,0,2.6685,-3.356985E-07,40.0275,0
2.6694,-0.0001218585,40.041,0,2.6694,-3.994812E-05,40.041,0
2.6703,0.0001121233,40.0545,0,2.6703,-0.0001453574,40.0545,0
2.6712,0.0002759442,40.068,0,2.6712,-4.263371E-05,40.068,0
2.6721,0.000119173,40.0815,0,2.6721,3.692683E-06,40.0815,0
2.673,2.014191E-06,40.095,0,2.673,-6.210422E-05,40.095,0
2.6739,3.189136E-05,40.1085,0,2.6739,-2.719158E-05,40.1085,0
2.6748,-4.36408E-06,40.122,0,2.6748,-6.478981E-05,40.122,0
2.6757,3.860533E-05,40.1355,0,2.6757,2.484169E-05,40.1355,0
2.6766,9.298848E-05,40.149,0,2.6766,1.477073E-05,40.149,0
2.6775,8.560311E-05,40.1625,0,2.6775,-4.061952E-05,40.1625,0
2.6784,9.903105E-05,40.176,0,2.6784,-4.699779E-05,40.176,0
2.6793,1.544213E-05,40.1895,0,2.6793,-2.1149E-05,40.1895,0
2.6802,-9.735256E-06,40.203,0,2.6802,-5.136187E-05,40.203,0
2.6811,-3.692683E-06,40.2165,0,2.6811,-8.627451E-05,40.2165,0
2.682,-7.956054E-05,40.23,0,2.682,1.678492E-06,40.23,0
2.6829,-0.0001010452,40.2435,0,2.6829,-1.913481E-05,40.2435,0
2.6838,-0.0001299153,40.257,0,2.6838,-0.0001732204,40.257,0
2.6847,-9.063859E-06,40.2705,0,2.6847,-7.989624E-05,40.2705,0
2.6856,-3.558404E-05,40.284,0,2.6856,-4.49836E-05,40.284,0
2.6865,-9.869535E-05,40.2975,0,2.6865,-0.0001661708,40.2975,0
2.6874,-7.922484E-05,40.311,0,2.6874,-0.0002044404,40.311,0
2.6883,1.980621E-05,40.3245,0,2.6883,-0.0001913481,40.3245,0
2.6892,-2.987716E-05,40.338,0,2.6892,-6.74754E-05,40.338,0
2.6901,-0.000186984,40.3515,0,2.6901,-8.82887E-05,40.3515,0
2.691,-0.0001144732,40.365,0,2.691,6.51255E-05,40.365,0
2.6919,2.887007E-05,40.3785,0,2.6919,0.0001232013,40.3785,0
2.6928,-0.0001685206,40.392,0,2.6928,0.0001560998,40.392,0
2.6937,-0.0001131304,40.4055,0,2.6937,3.726253E-05,40.4055,0
2.6946,8.224613E-05,40.419,0,2.6946,-5.236896E-05,40.419,0
2.6955,3.894102E-05,40.4325,0,2.6955,4.867628E-05,40.4325,0
2.6964,0.0001252155,40.446,0,2.6964,7.486076E-05,40.446,0
2.6973,0.0002185397,40.4595,0,2.6973,2.18204E-05,40.4595,0
2.6982,0.0001782559,40.473,0,2.6982,6.378271E-06,40.473,0
2.6991,2.920577E-05,40.4865,0,2.6991,6.009003E-05,40.4865,0
2.7,2.920577E-05,40.5,0,2.7,2.24918E-05,40.5,0
2.7009,-3.289845E-05,40.5135,0,2.7009,1.007095E-06,40.5135,0
2.7018,-2.987716E-05,40.527,0,2.7018,-5.404745E-05,40.527,0
2.7027,-0.0001000381,40.5405,0,2.7027,-6.6804E-05,40.5405,0
2.7036,-3.927672E-05,40.554,0,2.7036,-8.090334E-05,40.554,0
2.7045,9.399558E-06,40.5675,0,2.7045,-0.0001534142,40.5675,0
2.7054,1.812772E-05,40.581,0,2.7054,-0.0001926909,40.581,0
2.7063,-3.323415E-05,40.5945,0,2.7063,-6.378271E-06,40.5945,0
2.7072,-5.774014E-05,40.608,0,2.7072,0.0001775845,40.608,0
2.7081,5.539025E-05,40.6215,0,2.7081,2.920577E-05,40.6215,0
2.709,4.229801E-05,40.635,0,2.709,-3.961242E-05,40.635,0
2.7099,-9.030289E-05,40.6485,0,2.7099,1.141375E-05,40.6485,0
2.7108,-2.584878E-05,40.662,0,2.7108,4.39765E-05,40.662,0
2.7117,8.123904E-05,40.6755,0,2.7117,9.600977E-05,40.6755,0
2.7126,-0.000115816,40.689,0,2.7126,0.0001433432,40.689,0
2.7135,-5.203327E-05,40.7025,0,2.7135,0.0001275654,40.7025,0
2.7144,3.726253E-05,40.716,0,2.7144,5.539025E-05,40.716,0
2.7153,3.356985E-07,40.7295,0,2.7153,-5.001907E-05,40.7295,0
2.7162,-6.61326E-05,40.743,0,2.7162,-4.867628E-05,40.743,0
2.7171,-5.706874E-05,40.7565,0,2.7171,-7.687495E-05,40.7565,0
2.718,4.733349E-05,40.77,0,2.718,-0.0001238727,40.77,0
2.7189,2.719158E-05,40.7835,0,2.7189,-0.0001144732,40.7835,0
2.7198,-7.653925E-05,40.797,0,2.7198,-6.411841E-05,40.797,0
2.7207,-6.6804E-05,40.8105,0,2.7207,-8.996719E-05,40.8105,0
2.7216,7.721065E-06,40.824,0,2.7216,-0.000102388,40.824,0
2.7225,-4.39765E-05,40.8375,0,2.7225,3.961242E-05,40.8375,0
2.7234,-2.316319E-05,40.851,0,2.7234,5.706874E-06,40.851,0
2.7243,6.344701E-05,40.8645,0,2.7243,-1.577783E-05,40.8645,0
2.7252,9.231708E-05,40.878,0,2.7252,0.0001332723,40.878,0
2.7261,3.323415E-05,40.8915,0,2.7261,0.0001107805,40.8915,0
2.727,8.728161E-06,40.905,0,2.727,3.692683E-06,40.905,0
2.7279,-6.076142E-05,40.9185,0,2.7279,-3.524834E-05,40.9185,0
2.7288,3.390555E-05,40.932,0,2.7288,-4.867628E-05,40.932,0
2.7297,4.196231E-05,40.9455,0,2.7297,-4.834058E-05,40.9455,0
2.7306,-6.57969E-05,40.959,0,2.7306,-9.298848E-05,40.959,0
2.7315,-1.242084E-05,40.9725,0,2.7315,-0.0001164874,40.9725,0
2.7324,3.323415E-05,40.986,0,2.7324,-9.869535E-05,40.986,0
2.7333,-2.349889E-05,40.9995,0,2.7333,-9.063859E-06,40.9995,0
2.7342,6.210422E-05,41.013,0,2.7342,8.761731E-05,41.013,0
2.7351,9.802396E-05,41.0265,0,2.7351,-2.719158E-05,41.0265,0
2.736,-6.51255E-05,41.04,0,2.736,-9.298848E-05,41.04,0
2.7369,-7.150377E-05,41.0535,0,2.7369,-4.43122E-05,41.0535,0
2.7378,-2.786297E-05,41.067,0,2.7378,-0.0001416648,41.067,0
2.7387,-0.000102388,41.0805,0,2.7387,-9.097429E-05,41.0805,0
2.7396,-0.0001631495,41.094,0,2.7396,-5.706874E-06,41.094,0
2.7405,-5.572595E-05,41.1075,0,2.7405,-3.289845E-05,41.1075,0
2.7414,-4.095522E-05,41.121,0,2.7414,-5.606165E-05,41.121,0
2.7423,8.728161E-06,41.1345,0,2.7423,-3.692683E-05,41.1345,0
2.7432,5.874724E-05,41.148,0,2.7432,0.0001245441,41.148,0
2.7441,-1.913481E-05,41.1615,0,2.7441,0.0001514,41.1615,0
2.745,-3.793393E-05,41.175,0,2.745,5.270466E-05,41.175,0
2.7459,6.143282E-05,41.1885,0,2.7459,1.443504E-05,41.1885,0
2.7468,-1.980621E-05,41.202,0,2.7468,8.426032E-05,41.202,0
2.7477,-0.0001185016,41.2155,0,2.7477,2.618448E-05,41.2155,0
2.7486,-2.081331E-05,41.229,0,2.7486,-7.687495E-05,41.229,0
2.7495,-1.644922E-05,41.2425,0,2.7495,-3.356985E-07,41.2425,0
2.7504,6.344701E-05,41.256,0,2.7504,-2.450599E-05,41.256,0
2.7513,7.855344E-05,41.2695,0,2.7513,-0.0001453574,41.2695,0
2.7522,-1.409934E-05,41.283,0,2.7522,-0.0001094377,41.283,0
2.7531,-6.51255E-05,41.2965,0,2.7531,-8.69459E-05,41.2965,0
2.754,-0.0001067521,41.31,0,2.754,-0.0001373007,41.31,0
2.7549,-7.486076E-05,41.3235,0,2.7549,-5.941863E-05,41.3235,0
2.7558,5.706874E-06,41.337,0,2.7558,1.007095E-06,41.337,0
2.7567,2.584878E-05,41.3505,0,2.7567,1.879912E-05,41.3505,0
2.7576,3.692683E-05,41.364,0,2.7576,-3.021286E-05,41.364,0
2.7585,0.0001560998,41.3775,0,2.7585,-3.088426E-05,41.3775,0
2.7594,0.0001963836,41.391,0,2.7594,-2.719158E-05,41.391,0
2.7603,5.136187E-05,41.4045,0,2.7603,1.342794E-06,41.4045,0
2.7612,4.934768E-05,41.418,0,2.7612,-4.263371E-05,41.418,0
2.7621,4.129091E-05,41.4315,0,2.7621,-0.0001688563,41.4315,0
2.763,-0.0001279011,41.445,0,2.763,-0.0001604639,41.445,0
2.7639,-1.980621E-05,41.4585,0,2.7639,-0.0001879911,41.4585,0
2.7648,6.344701E-05,41.472,0,2.7648,-0.0002218967,41.472,0
2.7657,3.021286E-06,41.4855,0,2.7657,-0.0001265583,41.4855,0
2.7666,-3.155566E-05,41.499,0,2.7666,-6.210422E-05,41.499,0
2.7675,7.721065E-06,41.5125,0,2.7675,0.0001708705,41.5125,0
2.7684,0.0001245441,41.526,0,2.7684,0.0003779965,41.526,0
2.7693,0.0001983978,41.5395,0,2.7693,0.0002356603,41.5395,0
2.7702,-3.088426E-05,41.553,0,2.7702,0.0001638209,41.553,0
2.7711,-0.0002853437,41.5665,0,2.7711,0.0001104448,41.5665,0
2.772,-0.0002158541,41.58,0,2.772,3.826963E-05,41.58,0
2.7729,-8.056764E-05,41.5935,0,2.7729,-2.517739E-05,41.5935,0
2.7738,1.443504E-05,41.607,0,2.7738,3.726253E-05,41.607,0
2.7747,3.189136E-05,41.6205,0,2.7747,-6.277562E-05,41.6205,0
2.7756,3.457694E-05,41.634,0,2.7756,-0.0001634852,41.634,0
2.7765,-4.599069E-05,41.6475,0,2.7765,2.1149E-05,41.6475,0
2.7774,-1.409934E-05,41.661,0,2.7774,0.0001701991,41.661,0
2.7783,4.196231E-05,41.6745,0,2.7783,0.0001715419,41.6745,0
2.7792,9.365987E-05,41.688,0,2.7792,2.047761E-05,41.688,0
2.7801,9.634547E-05,41.7015,0,2.7801,1.980621E-05,41.7015,0
2.781,0.000246067,41.715,0,2.781,-1.678492E-06,41.715,0
2.7819,0.0001285725,41.7285,0,2.7819,-8.090334E-05,41.7285,0
2.7828,-1.376364E-05,41.742,0,2.7828,-0.0001782559,41.742,0
2.7837,-3.793393E-05,41.7555,0,2.7837,-0.0001312581,41.7555,0
2.7846,-1.275654E-05,41.769,0,2.7846,-7.284657E-05,41.769,0
2.7855,-5.270466E-05,41.7825,0,2.7855,-7.284657E-05,41.7825,0
2.7864,1.812772E-05,41.796,0,2.7864,-8.627451E-05,41.796,0
2.7873,-6.378271E-06,41.8095,0,2.7873,-3.021286E-06,41.8095,0
2.7882,-7.016098E-05,41.823,0,2.7882,1.712062E-05,41.823,0
2.7891,-1.107805E-05,41.8365,0,2.7891,-1.174945E-05,41.8365,0
2.79,-7.385367E-05,41.85,0,2.79,3.323415E-05,41.85,0
2.7909,-9.030289E-05,41.8635,0,2.7909,-5.404745E-05,41.8635,0
2.7918,-5.203327E-05,41.877,0,2.7918,-0.0001742275,41.877,0
2.7927,-4.867628E-05,41.8905,0,2.7927,-0.0001242084,41.8905,0
2.7936,-0.0001279011,41.904,0,2.7936,-6.881819E-05,41.904,0
2.7945,-7.150377E-05,41.9175,0,2.7945,-5.035477E-05,41.9175,0
2.7954,-3.793393E-05,41.931,0,2.7954,-4.162661E-05,41.931,0
2.7963,6.54612E-05,41.9445,0,2.7963,1.275654E-05,41.9445,0
2.7972,-2.28275E-05,41.958,0,2.7972,6.64683E-05,41.958,0
2.7981,-0.0001631495,41.9715,0,2.7981,1.242084E-05,41.9715,0
2.799,-5.035477E-05,41.985,0,2.799,9.063859E-06,41.985,0
2.7999,2.383459E-05,41.9985,0,2.7999,6.713969E-07,41.9985,0
2.8008,-2.18204E-05,42.012,0,2.8008,9.030289E-05,42.012,0
2.8017,-2.316319E-05,42.0255,0,2.8017,-7.083238E-05,42.0255,0
2.8026,-5.740444E-05,42.039,0,2.8026,-0.0001376364,42.039,0
2.8035,-9.802396E-05,42.0525,0,2.8035,-6.411841E-05,42.0525,0
2.8044,1.980621E-05,42.066,0,2.8044,-5.471885E-05,42.066,0
2.8053,3.356985E-07,42.0795,0,2.8053,-8.627451E-05,42.0795,0
2.8062,4.800488E-05,42.093,0,2.8062,-8.627451E-05,42.093,0
2.8071,-9.030289E-05,42.1065,0,2.8071,-7.452507E-05,42.1065,0
2.808,-1.275654E-05,42.12,0,2.808,-0.0001077592,42.12,0
2.8089,4.263371E-05,42.1335,0,2.8089,-0.0001352865,42.1335,0
2.8098,4.934768E-05,42.147,0,2.8098,-0.0001379721,42.147,0
2.8107,-4.36408E-06,42.1605,0,2.8107,-4.599069E-05,42.1605,0
2.8116,-0.0001618067,42.174,0,2.8116,-1.107805E-05,42.174,0
2.8125,-3.222705E-05,42.1875,0,2.8125,7.620356E-05,42.1875,0
2.8134,0.0001675135,42.201,0,2.8134,0.000158114,42.201,0
2.8143,3.021286E-06,42.2145,0,2.8143,0.0001638209,42.2145,0
2.8152,-4.666209E-05,42.228,0,2.8152,6.51255E-05,42.228,0
2.8161,9.903105E-05,42.2415,0,2.8161,2.517739E-05,42.2415,0
2.817,-1.443504E-05,42.255,0,2.817,0.0001379721,42.255,0
2.8179,-3.323415E-05,42.2685,0,2.8179,7.318227E-05,42.2685,0
2.8188,3.927672E-05,42.282,0,2.8188,-2.584878E-05,42.282,0
2.8197,9.567407E-05,42.2955,0,2.8197,2.18204E-05,42.2955,0
2.8206,-3.256275E-05,42.309,0,2.8206,7.049668E-06,42.309,0
2.8215,-1.007095E-06,42.3225,0,2.8215,-3.256275E-05,42.3225,0
2.8224,7.989624E-05,42.336,0,2.8224,-4.666209E-05,42.336,0
2.8233,5.337606E-05,42.3495,0,2.8233,-7.687495E-05,42.3495,0
2.8242,-2.047761E-05,42.363,0,2.8242,-3.054856E-05,42.363,0
2.8251,-0.0001409934,42.3765,0,2.8251,-5.136187E-05,42.3765,0
2.826,-0.0001352865,42.39,0,2.826,1.007095E-06,42.39,0
2.8269,-0.000112459,42.4035,0,2.8269,1.007095E-06,42.4035,0
2.8278,-0.0001342794,42.417,0,2.8278,4.162661E-05,42.417,0
2.8287,1.242084E-05,42.4305,0,2.8287,3.256275E-05,42.4305,0
2.8296,8.493171E-05,42.444,0,2.8296,-0.0001087663,42.444,0
2.8305,-2.685588E-06,42.4575,0,2.8305,7.721065E-06,42.4575,0
2.8314,8.392462E-05,42.471,0,2.8314,7.620356E-05,42.471,0
2.8323,9.433127E-05,42.4845,0,2.8323,-1.309224E-05,42.4845,0
2.8332,-4.33051E-05,42.498,0,2.8332,-7.620356E-05,42.498,0
2.8341,-4.934768E-05,42.5115,0,2.8341,-3.659113E-05,42.5115,0
2.835,-1.913481E-05,42.525,0,2.835,-5.337606E-05,42.525,0
2.8359,7.721065E-06,42.5385,0,2.8359,-0.0001060807,42.5385,0
2.8368,0.0001000381,42.552,0,2.8368,-8.89601E-05,42.552,0
2.8377,0.0001205158,42.5655,0,2.8377,-3.692683E-06,42.5655,0
2.8386,-2.18204E-05,42.579,0,2.8386,7.486076E-05,42.579,0
2.8395,-1.376364E-05,42.5925,0,2.8395,0.0001107805,42.5925,0
2.8404,3.155566E-05,42.606,0,2.8404,0.0001654994,42.606,0
2.8413,-8.69459E-05,42.6195,0,2.8413,0.0001661708,42.6195,0
2.8422,-2.047761E-05,42.633,0,2.8422,-2.349889E-06,42.633,0
2.8431,-6.378271E-06,42.6465,0,2.8431,-0.000102388,42.6465,0
2.844,-0.0001681849,42.66,0,2.844,-1.678492E-06,42.66,0
2.8449,-0.0001399863,42.6735,0,2.8449,-1.544213E-05,42.6735,0
2.8458,-6.143282E-05,42.687,0,2.8458,-5.807584E-05,42.687,0
2.8467,5.471885E-05,42.7005,0,2.8467,-5.471885E-05,42.7005,0
2.8476,1.040665E-05,42.714,0,2.8476,-5.706874E-06,42.714,0
2.8485,1.577783E-05,42.7275,0,2.8485,-9.063859E-06,42.7275,0
2.8494,1.577783E-05,42.741,0,2.8494,-3.793393E-05,42.741,0
2.8503,5.236896E-05,42.7545,0,2.8503,-8.526741E-05,42.7545,0
2.8512,0.0001500572,42.768,0,2.8512,-5.404745E-05,42.768,0
2.8521,0.000148043,42.7815,0,2.8521,-6.948959E-05,42.7815,0
2.853,7.284657E-05,42.795,0,2.853,-0.0001309224,42.795,0
2.8539,0.000105745,42.8085,0,2.8539,-0.0001080949,42.8085,0
2.8548,-3.927672E-05,42.822,0,2.8548,-1.779202E-05,42.822,0
2.8557,-0.0001433432,42.8355,0,2.8557,-5.035477E-05,42.8355,0
2.8566,2.853437E-05,42.849,0,2.8566,-0.0001695277,42.849,0
2.8575,7.620356E-05,42.8625,0,2.8575,-9.735256E-06,42.8625,0
2.8584,-4.36408E-06,42.876,0,2.8584,-2.719158E-05,42.876,0
2.8593,5.136187E-05,42.8895,0,2.8593,-8.82887E-05,42.8895,0
2.8602,0.0002158541,42.903,0,2.8602,5.740444E-05,42.903,0
2.8611,1.141375E-05,42.9165,0,2.8611,0.0001097734,42.9165,0
2.862,2.853437E-05,42.93,0,2.862,4.800488E-05,42.93,0
2.8629,6.713969E-06,42.9435,0,2.8629,6.311131E-05,42.9435,0
2.8638,-6.143282E-05,42.957,0,2.8638,-6.109713E-05,42.957,0
2.8647,-0.0001715419,42.9705,0,2.8647,6.378271E-06,42.9705,0
2.8656,-0.0002709087,42.984,0,2.8656,2.316319E-05,42.984,0
2.8665,-0.000239353,42.9975,0,2.8665,-3.726253E-05,42.9975,0
2.8674,-0.0001654994,43.011,0,2.8674,-4.666209E-05,43.011,0
2.8683,-0.000154757,43.0245,0,2.8683,-7.385367E-06,43.0245,0
2.8692,0.000109102,43.038,0,2.8692,-8.728161E-06,43.038,0
2.8701,0.0001769131,43.0515,0,2.8701,3.860533E-05,43.0515,0
2.871,8.157473E-05,43.065,0,2.871,0.0001597925,43.065,0
2.8719,0.0001393149,43.0785,0,2.8719,0.000112459,43.0785,0
2.8728,0.0001366293,43.092,0,2.8728,-9.298848E-05,43.092,0
2.8737,8.325322E-05,43.1055,0,2.8737,-3.524834E-05,43.1055,0
2.8746,-6.713969E-07,43.119,0,2.8746,-1.007095E-05,43.119,0
2.8755,-3.659113E-05,43.1325,0,2.8755,-0.0001346151,43.1325,0
2.8764,-1.644922E-05,43.146,0,2.8764,-0.000161471,43.146,0
2.8773,8.157473E-05,43.1595,0,2.8773,-0.0002077974,43.1595,0
2.8782,-2.920577E-05,43.173,0,2.8782,-9.869535E-05,43.173,0
2.8791,-6.54612E-05,43.1865,0,2.8791,-5.035477E-06,43.1865,0
2.88,-3.021286E-06,43.2,0,2.88,2.349889E-06,43.2,0
2.8809,4.36408E-06,43.2135,0,2.8809,-2.014191E-05,43.2135,0
2.8818,-9.701686E-05,43.227,0,2.8818,8.090334E-05,43.227,0
2.8827,-0.0001164874,43.2405,0,2.8827,-4.699779E-06,43.2405,0
2.8836,8.056763E-06,43.254,0,2.8836,-7.351797E-05,43.254,0
2.8845,-5.941863E-05,43.2675,0,2.8845,7.553216E-05,43.2675,0
2.8854,-7.754635E-05,43.281,0,2.8854,9.903105E-05,43.281,0
2.8863,4.565499E-05,43.2945,0,2.8863,-3.558404E-05,43.2945,0
2.8872,-0.0001272297,43.308,0,2.8872,-6.51255E-05,43.308,0
2.8881,-0.0002098116,43.3215,0,2.8881,-2.450599E-05,43.3215,0
2.889,-8.291753E-05,43.335,0,2.889,-0.0001574426,43.335,0
2.8899,-5.035477E-06,43.3485,0,2.8899,-0.0001386435,43.3485,0
2.8908,-4.36408E-06,43.362,0,2.8908,6.311131E-05,43.362,0
2.8917,-3.726253E-05,43.3755,0,2.8917,5.807584E-05,43.3755,0
2.8926,5.471885E-05,43.389,0,2.8926,-7.586786E-05,43.389,0
2.8935,2.920577E-05,43.4025,0,2.8935,-5.874724E-05,43.4025,0
2.8944,5.874724E-05,43.416,0,2.8944,-1.879912E-05,43.416,0
2.8953,1.007095E-06,43.4295,0,2.8953,1.275654E-05,43.4295,0
2.8962,-4.36408E-05,43.443,0,2.8962,1.980621E-05,43.443,0
2.8971,0.000102388,43.4565,0,2.8971,1.678492E-06,43.4565,0
2.898,7.116808E-05,43.47,0,2.898,5.740444E-05,43.47,0
2.8989,1.007095E-06,43.4835,0,2.8989,2.18204E-05,43.4835,0
2.8998,1.980621E-05,43.497,0,2.8998,-9.198138E-05,43.497,0
2.9007,3.994812E-05,43.5105,0,2.9007,-4.36408E-05,43.5105,0
2.9016,-4.934768E-05,43.524,0,2.9016,-1.678492E-06,43.524,0
2.9025,-7.989624E-05,43.5375,0,2.9025,-8.459602E-05,43.5375,0
2.9034,-7.183947E-05,43.551,0,2.9034,-3.994812E-05,43.551,0
2.9043,6.176852E-05,43.5645,0,2.9043,-5.606165E-05,43.5645,0
2.9052,-1.275654E-05,43.578,0,2.9052,-2.920577E-05,43.578,0
2.9061,-0.0001087663,43.5915,0,2.9061,-3.625543E-05,43.5915,0
2.907,-1.510643E-05,43.605,0,2.907,-7.016098E-05,43.605,0
2.9079,7.049668E-06,43.6185,0,2.9079,5.035477E-06,43.6185,0
2.9088,-7.553216E-05,43.632,0,2.9088,6.311131E-05,43.632,0
2.9097,-2.652018E-05,43.6455,0,2.9097,2.349889E-06,43.6455,0
2.9106,7.687495E-05,43.659,0,2.9106,-8.392462E-06,43.659,0
2.9115,-3.054856E-05,43.6725,0,2.9115,3.256275E-05,43.6725,0
2.9124,3.457694E-05,43.686,0,2.9124,-2.618448E-05,43.686,0
2.9133,-3.323415E-05,43.6995,0,2.9133,-0.0001816129,43.6995,0
2.9142,-7.083238E-05,43.713,0,2.9142,-0.0002625162,43.713,0
2.9151,-0.0001258869,43.7265,0,2.9151,-0.0002178683,43.7265,0
2.916,-5.304036E-05,43.74,0,2.916,-0.0002030976,43.74,0
2.9169,-3.692683E-05,43.7535,0,2.9169,-0.0001423362,43.7535,0
2.9178,1.342794E-06,43.767,0,2.9178,6.143282E-05,43.767,0
2.9187,4.196231E-05,43.7805,0,2.9187,0.000295079,43.7805,0
2.9196,7.049668E-06,43.794,0,2.9196,0.0002829938,43.794,0
2.9205,8.82887E-05,43.8075,0,2.9205,0.0001386435,43.8075,0
2.9214,0.0002141756,43.821,0,2.9214,2.349889E-05,43.821,0
2.9223,8.72816E-05,43.8345,0,2.9223,6.009003E-05,43.8345,0
2.9232,7.754635E-05,43.848,0,2.9232,-7.721065E-06,43.848,0
2.9241,0.0001802701,43.8615,0,2.9241,-0.0001030594,43.8615,0
2.925,3.356985E-06,43.875,0,2.925,1.947051E-05,43.875,0
2.9259,-7.721065E-06,43.8885,0,2.9259,1.007095E-06,43.8885,0
2.9268,5.001907E-05,43.902,0,2.9268,-0.0001205158,43.902,0
2.9277,9.063859E-05,43.9155,0,2.9277,-0.0001050736,43.9155,0
2.9286,-8.761731E-05,43.929,0,2.9286,-4.33051E-05,43.929,0
2.9295,-3.390555E-05,43.9425,0,2.9295,-4.33051E-05,43.9425,0
2.9304,7.049668E-06,43.956,0,2.9304,-3.356985E-06,43.956,0
2.9313,-2.450599E-05,43.9695,0,2.9313,-4.599069E-05,43.9695,0
2.9322,-3.021286E-06,43.983,0,2.9322,3.356985E-06,43.983,0
2.9331,-5.807584E-05,43.9965,0,2.9331,-1.544213E-05,43.9965,0
2.934,-5.337606E-05,44.01,0,2.934,-4.901198E-05,44.01,0
2.9349,-2.517739E-05,44.0235,0,2.9349,-5.069047E-05,44.0235,0
2.9358,-0.0001453574,44.037,0,2.9358,2.1149E-05,44.037,0
2.9367,-0.000161471,44.0505,0,2.9367,2.517739E-05,44.0505,0
2.9376,1.141375E-05,44.064,0,2.9376,-2.417029E-05,44.064,0
2.9385,-7.385367E-06,44.0775,0,2.9385,1.644922E-05,44.0775,0
2.9394,-1.208515E-05,44.091,0,2.9394,1.376364E-05,44.091,0
2.9403,-4.666209E-05,44.1045,0,2.9403,-6.71397E-05,44.1045,0
2.9412,0.0001822843,44.118,0,2.9412,-6.210422E-05,44.118,0
2.9421,0.000133608,44.1315,0,2.9421,-9.735256E-06,44.1315,0
2.943,5.438316E-05,44.145,0,2.943,-1.040665E-05,44.145,0
2.9439,4.800488E-05,44.1585,0,2.9439,-5.337606E-05,44.1585,0
2.9448,4.129091E-05,44.172,0,2.9448,-0.0001164874,44.172,0
2.9457,-7.016098E-05,44.1855,0,2.9457,-9.567407E-05,44.1855,0
2.9466,-0.0002074617,44.199,0,2.9466,-7.351797E-05,44.199,0
2.9475,-0.000130251,44.2125,0,2.9475,-8.627451E-05,44.2125,0
2.9484,-0.0001272297,44.226,0,2.9484,-8.69459E-05,44.226,0
2.9493,-0.000189334,44.2395,0,2.9493,-2.1149E-05,44.2395,0
2.9502,-9.533837E-05,44.253,0,2.9502,2.21561E-05,44.253,0
2.9511,0.000133608,44.2665,0,2.9511,-3.457694E-05,44.2665,0
2.952,5.539025E-05,44.28,0,2.952,6.009003E-05,44.28,0
2.9529,0.0001111162,44.2935,0,2.9529,7.083238E-05,44.2935,0
2.9538,0.0001769131,44.307,0,2.9538,1.947051E-05,44.307,0
2.9547,7.687495E-05,44.3205,0,2.9547,1.846342E-05,44.3205,0
2.9556,-6.848249E-05,44.334,0,2.9556,-7.989624E-05,44.334,0
2.9565,-2.383459E-05,44.3475,0,2.9565,-8.224613E-05,44.3475,0
2.9574,-6.61326E-05,44.361,0,2.9574,-1.913481E-05,44.361,0
2.9583,-1.712062E-05,44.3745,0,2.9583,8.392462E-06,44.3745,0
2.9592,9.097429E-05,44.388,0,2.9592,0.0001151446,44.388,0
2.9601,-6.143282E-05,44.4015,0,2.9601,8.96315E-05,44.4015,0
2.961,-3.994812E-05,44.415,0,2.961,1.242084E-05,44.415,0
2.9619,-6.713969E-07,44.4285,0,2.9619,-6.71397E-05,44.4285,0
2.9628,-8.627451E-05,44.442,0,2.9628,-1.342794E-06,44.442,0
2.9637,-5.539025E-05,44.4555,0,2.9637,-2.316319E-05,44.4555,0
2.9646,5.807584E-05,44.469,0,2.9646,-0.0001359579,44.469,0
2.9655,-3.927672E-05,44.4825,0,2.9655,-3.692683E-05,44.4825,0
2.9664,-0.000115816,44.496,0,2.9664,-5.069047E-05,44.496,0
2.9673,1.812772E-05,44.5095,0,2.9673,-0.0001305867,44.5095,0
2.9682,0.0001524071,44.523,0,2.9682,-3.591974E-05,44.523,0
2.9691,-8.996719E-05,44.5365,0,2.9691,2.081331E-05,44.5365,0
2.97,-0.0001020523,44.55,0,2.97,-3.524834E-05,44.55,0
2.9709,-2.752728E-05,44.5635,0,2.9709,-5.304036E-05,44.5635,0
2.9718,2.786297E-05,44.577,0,2.9718,-8.426032E-05,44.577,0
2.9727,-3.692683E-05,44.5905,0,2.9727,-1.174945E-05,44.5905,0
2.9736,-0.0001644923,44.604,0,2.9736,-7.620356E-05,44.604,0
2.9745,-1.040665E-05,44.6175,0,2.9745,2.752728E-05,44.6175,0
2.9754,0.0001997406,44.631,0,2.9754,0.0002138399,44.631,0
2.9763,5.740444E-05,44.6445,0,2.9763,0.0003434196,44.6445,0
2.9772,6.042573E-05,44.658,0,2.9772,0.0002044404,44.658,0
2.9781,6.64683E-05,44.6715,0,2.9781,8.560311E-05,44.6715,0
2.979,-6.042573E-06,44.685,0,2.979,9.768826E-05,44.685,0
2.9799,8.493171E-05,44.6985,0,2.9799,0.000126894,44.6985,0
2.9808,0.0001010452,44.712,0,2.9808,5.001907E-05,44.712,0
2.9817,2.584878E-05,44.7255,0,2.9817,-9.735256E-06,44.7255,0
2.9826,-4.733349E-05,44.739,0,2.9826,3.457694E-05,44.739,0
2.9835,-5.438316E-05,44.7525,0,2.9835,-5.371176E-06,44.7525,0
2.9844,-4.36408E-05,44.766,0,2.9844,-2.417029E-05,44.766,0
2.9853,4.33051E-05,44.7795,0,2.9853,-0.0001151446,44.7795,0
2.9862,-7.284657E-05,44.793,0,2.9862,-6.54612E-05,44.793,0
2.9871,-8.493171E-05,44.8065,0,2.9871,-3.793393E-05,44.8065,0
2.988,-1.309224E-05,44.82,0,2.988,-6.210422E-05,44.82,0
2.9889,2.887007E-05,44.8335,0,2.9889,-5.606165E-05,44.8335,0
2.9898,-6.210422E-05,44.847,0,2.9898,2.417029E-05,44.847,0
2.9907,-1.846342E-05,44.8605,0,2.9907,1.409934E-05,44.8605,0
2.9916,8.560311E-05,44.874,0,2.9916,-5.941863E-05,44.874,0
2.9925,-6.478981E-05,44.8875,0,2.9925,-1.678492E-06,44.8875,0
2.9934,-0.0001386435,44.901,0,2.9934,-1.107805E-05,44.901,0
2.9943,-4.632639E-05,44.9145,0,2.9943,-6.411841E-05,44.9145,0
2.9952,-4.699779E-06,44.928,0,2.9952,1.712062E-05,44.928,0
2.9961,-6.6804E-05,44.9415,0,2.9961,6.210422E-05,44.9415,0
2.997,4.632639E-05,44.955,0,2.997,-1.846342E-05,44.955,0
2.9979,1.779202E-05,44.9685,0,2.9979,-7.821774E-05,44.9685,0
2.9988,2.24918E-05,44.982,0,2.9988,-8.258183E-05,44.982,0
2.9997,1.846342E-05,44.9955,0,2.9997,-5.941863E-05,44.9955,0
3.0006,-4.129091E-05,45.009,0,3.0006,-0.000109102,45.009,0
3.0015,-3.021286E-05,45.0225,0,3.0015,-0.0001178302,45.0225,0
3.0024,3.927672E-05,45.036,0,3.0024,-0.0001097734,45.036,0
3.0033,-2.081331E-05,45.0495,0,3.0033,-6.009003E-05,45.0495,0
3.0042,-7.855344E-05,45.063,0,3.0042,-9.231708E-05,45.063,0
3.0051,6.54612E-05,45.0765,0,3.0051,-0.0001604639,45.0765,0
3.006,2.450599E-05,45.09,0,3.006,-0.0001174945,45.09,0
3.0069,-7.754635E-05,45.1035,0,3.0069,-0.0001064164,45.1035,0
3.0078,-6.378271E-06,45.117,0,3.0078,-0.0001346151,45.117,0
3.0087,1.342794E-05,45.1305,0,3.0087,-5.807584E-05,45.1305,0
3.0096,-9.466698E-05,45.144,0,3.0096,-2.987716E-05,45.144,0
3.0105,-8.493171E-05,45.1575,0,3.0105,-7.016098E-05,45.1575,0
3.0114,-5.639734E-05,45.171,0,3.0114,-3.356985E-05,45.171,0
3.0123,3.155566E-05,45.1845,0,3.0123,-1.712062E-05,45.1845,0
3.0132,-4.766919E-05,45.198,0,3.0132,4.800488E-05,45.198,0
3.0141,-1.779202E-05,45.2115,0,3.0141,0.0001040665,45.2115,0
3.015,4.934768E-05,45.225,0,3.015,3.457694E-05,45.225,0
3.0159,2.752728E-05,45.2385,0,3.0159,5.035477E-06,45.2385,0
3.0168,1.477073E-05,45.252,0,3.0168,4.53193E-05,45.252,0
3.0177,-2.18204E-05,45.2655,0,3.0177,-2.853437E-05,45.2655,0
3.0186,-5.706874E-06,45.279,0,3.0186,-8.291753E-05,45.279,0
3.0195,-5.606165E-05,45.2925,0,3.0195,-6.713969E-06,45.2925,0
3.0204,-2.719158E-05,45.306,0,3.0204,6.411841E-05,45.306,0
3.0213,-5.035477E-06,45.3195,0,3.0213,-6.009003E-05,45.3195,0
3.0222,1.577783E-05,45.333,0,3.0222,2.081331E-05,45.333,0
3.0231,-6.61326E-05,45.3465,0,3.0231,4.733349E-05,45.3465,0
3.024,1.040665E-05,45.36,0,3.024,-4.196231E-05,45.36,0
3.0249,-4.33051E-05,45.3735,0,3.0249,-4.53193E-05,45.3735,0
3.0258,1.678492E-05,45.387,0,3.0258,-9.701686E-05,45.387,0
3.0267,9.768826E-05,45.4005,0,3.0267,-9.835965E-05,45.4005,0
3.0276,7.721065E-06,45.414,0,3.0276,-8.224613E-05,45.414,0
3.0285,4.36408E-06,45.4275,0,3.0285,-4.901198E-05,45.4275,0
3.0294,9.265278E-05,45.441,0,3.0294,-4.565499E-05,45.441,0
3.0303,-7.586786E-05,45.4545,0,3.0303,4.934768E-05,45.4545,0
3.0312,-5.673304E-05,45.468,0,3.0312,7.318227E-05,45.468,0
3.0321,0.0001409934,45.4815,0,3.0321,3.088426E-05,45.4815,0
3.033,-3.390555E-05,45.495,0,3.033,8.82887E-05,45.495,0
3.0339,-2.24918E-05,45.5085,0,3.0339,0.0001094377,45.5085,0
3.0348,8.392462E-05,45.522,0,3.0348,9.970245E-05,45.522,0
3.0357,3.927672E-05,45.5355,0,3.0357,8.996719E-05,45.5355,0
3.0366,-7.586786E-05,45.549,0,3.0366,8.325322E-05,45.549,0
3.0375,-3.289845E-05,45.5625,0,3.0375,1.309224E-05,45.5625,0
3.0384,-2.450599E-05,45.576,0,3.0384,-1.174945E-05,45.576,0
3.0393,-3.726253E-05,45.5895,0,3.0393,-4.934768E-05,45.5895,0
3.0402,3.021286E-06,45.603,0,3.0402,8.392462E-06,45.603,0
3.0411,-6.915389E-05,45.6165,0,3.0411,-2.383459E-05,45.6165,0
3.042,-9.365987E-05,45.63,0,3.042,-5.706874E-05,45.63,0
3.0429,7.016098E-05,45.6435,0,3.0429,-6.109713E-05,45.6435,0
3.0438,8.392462E-06,45.657,0,3.0438,-8.392462E-06,45.657,0
3.0447,-3.021286E-06,45.6705,0,3.0447,-1.980621E-05,45.6705,0
3.0456,8.123904E-05,45.684,0,3.0456,-8.82887E-05,45.684,0
3.0465,5.706874E-06,45.6975,0,3.0465,-5.539025E-05,45.6975,0
3.0474,4.43122E-05,45.711,0,3.0474,-5.975433E-05,45.711,0
3.0483,4.53193E-05,45.7245,0,3.0483,-9.735256E-06,45.7245,0
3.0492,-7.318227E-05,45.738,0,3.0492,-1.577783E-05,45.738,0
3.0501,-5.069047E-05,45.7515,0,3.0501,-2.014191E-06,45.7515,0
3.051,-7.116808E-05,45.765,0,3.051,-3.054856E-05,45.765,0
3.0519,-2.28275E-05,45.7785,0,3.0519,1.779202E-05,45.7785,0
3.0528,0.000109102,45.792,0,3.0528,0.0001185016,45.792,0
3.0537,9.701686E-05,45.8055,0,3.0537,9.768826E-05,45.8055,0
3.0546,5.807584E-05,45.819,0,3.0546,3.356985E-05,45.819,0
3.0555,9.970245E-05,45.8325,0,3.0555,-7.284657E-05,45.8325,0
3.0564,5.606165E-05,45.846,0,3.0564,-0.0001258869,45.846,0
3.0573,-4.934768E-05,45.8595,0,3.0573,-3.961242E-05,45.8595,0
3.0582,-3.625543E-05,45.873,0,3.0582,-2.081331E-05,45.873,0
3.0591,7.486076E-05,45.8865,0,3.0591,-7.217517E-05,45.8865,0
3.06,-0.000102388,45.9,0,3.06,-1.242084E-05,45.9,0
3.0609,-2.752728E-05,45.9135,0,3.0609,3.692683E-06,45.9135,0
3.0618,9.030289E-05,45.927,0,3.0618,-8.69459E-05,45.927,0
3.0627,-2.081331E-05,45.9405,0,3.0627,-9.701686E-05,45.9405,0
3.0636,-3.524834E-05,45.954,0,3.0636,-1.577783E-05,45.954,0
3.0645,-5.874724E-05,45.9675,0,3.0645,-6.042573E-06,45.9675,0
3.0654,-7.956054E-05,45.981,0,3.0654,-0.0001279011,45.981,0
3.0663,-3.356985E-07,45.9945,0,3.0663,-0.0001856413,45.9945,0
3.0672,-2.349889E-06,46.008,0,3.0672,-2.685588E-05,46.008,0
3.0681,-0.0002047761,46.0215,0,3.0681,7.721065E-05,46.0215,0
3.069,-7.553216E-05,46.035,0,3.069,3.021286E-06,46.035,0
3.0699,0.000115816,46.0485,0,3.0699,-7.888914E-05,46.0485,0
3.0708,-0.0001399863,46.062,0,3.0708,4.599069E-05,46.062,0
3.0717,-0.0001483787,46.0755,0,3.0717,5.001907E-05,46.0755,0
3.0726,9.231708E-05,46.089,0,3.0726,-9.735256E-06,46.089,0
3.0735,0.0001359579,46.1025,0,3.0735,0.0001185016,46.1025,0
3.0744,0.0001849699,46.116,0,3.0744,0.0001285725,46.116,0
3.0753,0.0001201801,46.1295,0,3.0753,-4.632639E-05,46.1295,0
3.0762,5.673304E-05,46.143,0,3.0762,-6.042573E-05,46.143,0
3.0771,-0.0001138018,46.1565,0,3.0771,-6.109713E-05,46.1565,0
3.078,-5.505455E-05,46.17,0,3.078,-0.000109102,46.17,0
3.0789,-3.927672E-05,46.1835,0,3.0789,-0.0001272297,46.1835,0
3.0798,5.706874E-06,46.197,0,3.0798,-0.0001299153,46.197,0
3.0807,2.450599E-05,46.2105,0,3.0807,-1.007095E-05,46.2105,0
3.0816,1.678492E-05,46.224,0,3.0816,-3.860533E-05,46.224,0
3.0825,2.417029E-05,46.2375,0,3.0825,-8.627451E-05,46.2375,0
3.0834,0.000126894,46.251,0,3.0834,-8.191043E-05,46.251,0
3.0843,0.0001007095,46.2645,0,3.0843,-5.203327E-05,46.2645,0
3.0852,-9.735256E-06,46.278,0,3.0852,-0.0001846342,46.278,0
3.0861,4.599069E-05,46.2915,0,3.0861,-0.0002628519,46.2915,0
3.087,-1.309224E-05,46.305,0,3.087,-0.0002030976,46.305,0
3.0879,-5.304036E-05,46.3185,0,3.0879,-0.0001809415,46.3185,0
3.0888,-2.383459E-05,46.332,0,3.0888,-0.0001688563,46.332,0
3.0897,-0.0001174945,46.3455,0,3.0897,7.217517E-05,46.3455,0
3.0906,-0.0001520714,46.359,0,3.0906,0.0002141756,46.359,0
3.0915,-8.92958E-05,46.3725,0,3.0915,0.0001299153,46.3725,0
3.0924,-6.210422E-05,46.386,0,3.0924,0.0001900053,46.386,0
3.0933,4.39765E-05,46.3995,0,3.0933,0.0001470359,46.3995,0
3.0942,2.920577E-05,46.413,0,3.0942,0.000161471,46.413,0
3.0951,-4.800488E-05,46.4265,0,3.0951,0.0001279011,46.4265,0
3.096,-1.947051E-05,46.44,0,3.096,1.242084E-05,46.44,0
3.0969,6.814679E-05,46.4535,0,3.0969,-1.309224E-05,46.4535,0
3.0978,4.263371E-05,46.467,0,3.0978,6.210422E-05,46.467,0
3.0987,1.443504E-05,46.4805,0,3.0987,2.047761E-05,46.4805,0
3.0996,-1.678492E-06,46.494,0,3.0996,-6.143282E-05,46.494,0
3.1005,-0.0001487144,46.5075,0,3.1005,-1.007095E-06,46.5075,0
3.1014,-0.0001232013,46.521,0,3.1014,-1.040665E-05,46.521,0
3.1023,5.035477E-06,46.5345,0,3.1023,-6.478981E-05,46.5345,0
3.1032,-5.975433E-05,46.548,0,3.1032,-3.424125E-05,46.548,0
3.1041,-0.0001534142,46.5615,0,3.1041,-3.289845E-05,46.5615,0
3.105,-0.0001366293,46.575,0,3.105,-9.365987E-05,46.575,0
3.1059,-0.0001228656,46.5885,0,3.1059,-7.418937E-05,46.5885,0
3.1068,-6.881819E-05,46.602,0,3.1068,-0.000112459,46.602,0
3.1077,-2.383459E-05,46.6155,0,3.1077,-4.028382E-05,46.6155,0
3.1086,-0.0001574426,46.629,0,3.1086,2.652018E-05,46.629,0
3.1095,-0.0001087663,46.6425,0,3.1095,-1.846342E-05,46.6425,0
3.1104,5.337606E-05,46.656,0,3.1104,-3.692683E-05,46.656,0
3.1113,-4.632639E-05,46.6695,0,3.1113,3.323415E-05,46.6695,0
3.1122,-7.016098E-05,46.683,0,3.1122,4.43122E-05,46.683,0
3.1131,7.989624E-05,46.6965,0,3.1131,-8.728161E-06,46.6965,0
3.114,3.121996E-05,46.71,0,3.114,6.814679E-05,46.71,0
3.1149,-2.047761E-05,46.7235,0,3.1149,9.365987E-05,46.7235,0
3.1158,-1.040665E-05,46.737,0,3.1158,2.484169E-05,46.737,0
3.1167,-6.74754E-05,46.7505,0,3.1167,-2.618448E-05,46.7505,0
3.1176,-0.000207126,46.764,0,3.1176,-1.409934E-05,46.764,0
3.1185,0,46.7775,0,3.1185,0,46.7775,0
3.1194,0,46.791,0,3.1194,0,46.791,0
3.1203,0,46.8045,0,3.1203,0,46.8045,0
3.1212,0,46.818,0,3.1212,0,46.818,0
3.1221,0,46.8315,0,3.1221,0,46.8315,0
3.123,0,46.845,0,3.123,0,46.845,0
3.1239,0,46.8585,0,3.1239,0,46.8585,0
3.1248,0,46.872,0,3.1248,0,46.872,0
3.1257,0,46.8855,0,3.1257,0,46.8855,0
3.1266,0,46.899,0,3.1266,0,46.899,0
3.1275,0,46.9125,0,3.1275,0,46.9125,0
3.1284,0,46.926,0,3.1284,0,46.926,0
3.1293,0,46.9395,0,3.1293,0,46.9395,0
3.1302,0,46.953,0,3.1302,0,46.953,0
3.1311,0,46.9665,0,3.1311,0,46.9665,0
3.132,0,46.98,0,3.132,0,46.98,0
3.1329,0,46.9935,0,3.1329,0,46.9935,0
3.1338,0,47.007,0,3.1338,0,47.007,0
3.1347,0,47.0205,0,3.1347,0,47.0205,0
3.1356,0,47.034,0,3.1356,0,47.034,0
3.1365,0,47.0475,0,3.1365,0,47.0475,0
3.1374,0,47.061,0,3.1374,0,47.061,0
3.1383,0,47.0745,0,3.1383,0,47.0745,0
3.1392,0,47.088,0,3.1392,0,47.088,0
3.1401,0,47.1015,0,3.1401,0,47.1015,0
3.141,0,47.115,0,3.141,0,47.115,0
3.1419,0,47.1285,0,3.1419,0,47.1285,0
3.1428,0,47.142,0,3.1428,0,47.142,0
3.1437,0,47.1555,0,3.1437,0,47.1555,0
3.1446,0,47.169,0,3.1446,0,47.169,0
3.1455,0,47.1825,0,3.1455,0,47.1825,0
3.1464,0,47.196,0,3.1464,0,47.196,0
3.1473,0,47.2095,0,3.1473,0,47.2095,0
3.1482,0,47.223,0,3.1482,0,47.223,0
3.1491,0,47.2365,0,3.1491,0,47.2365,0
3.15,0,47.25,0,3.15,0,47.25,0
3.1509,0,47.2635,0,3.1509,0,47.2635,0
3.1518,0,47.277,0,3.1518,0,47.277,0
3.1527,0,47.2905,0,3.1527,0,47.2905,0
3.1536,0,47.304,0,3.1536,0,47.304,0
3.1545,0,47.3175,0,3.1545,0,47.3175,0
3.1554,0,47.331,0,3.1554,0,47.331,0
3.1563,0,47.3445,0,3.1563,0,47.3445,0
3.1572,0,47.358,0,3.1572,0,47.358,0
3.1581,0,47.3715,0,3.1581,0,47.3715,0
3.159,0,47.385,0,3.159,0,47.385,0
3.1599,0,47.3985,0,3.1599,0,47.3985,0
3.1608,0,47.412,0,3.1608,0,47.412,0
3.1617,0,47.4255,0,3.1617,0,47.4255,0
3.1626,0,47.439,0,3.1626,0,47.439,0
3.1635,0,47.4525,0,3.1635,0,47.4525,0
3.1644,0,47.466,0,3.1644,0,47.466,0
3.1653,0,47.4795,0,3.1653,0,47.4795,0
3.1662,0,47.493,0,3.1662,0,47.493,0
3.1671,0,47.5065,0,3.1671,0,47.5065,0
3.168,0,47.52,0,3.168,0,47.52,0
3.1689,0,47.5335,0,3.1689,0,47.5335,0
3.1698,0,47.547,0,3.1698,0,47.547,0
3.1707,0,47.5605,0,3.1707,0,47.5605,0
3.1716,0,47.574,0,3.1716,0,47.574,0
3.1725,0,47.5875,0,3.1725,0,47.5875,0
3.1734,0,47.601,0,3.1734,0,47.601,0
3.1743,0,47.6145,0,3.1743,0,47.6145,0
3.1752,0,47.628,0,3.1752,0,47.628,0
3.1761,0,47.6415,0,3.1761,0,47.6415,0
3.177,0,47.655,0,3.177,0,47.655,0
3.1779,0,47.6685,0,3.1779,0,47.6685,0
3.1788,0,47.682,0,3.1788,0,47.682,0
3.1797,0,47.6955,0,3.1797,0,47.6955,0
3.1806,0,47.709,0,3.1806,0,47.709,0
3.1815,0,47.7225,0,3.1815,0,47.7225,0
3.1824,0,47.736,0,3.1824,0,47.736,0
3.1833,0,47.7495,0,3.1833,0,47.7495,0
3.1842,0,47.763,0,3.1842,0,47.763,0
3.1851,0,47.7765,0,3.1851,0,47.7765,0
3.186,0,47.79,0,3.186,0,47.79,0
3.1869,0,47.8035,0,3.1869,0,47.8035,0
3.1878,0,47.817,0,3.1878,0,47.817,0
3.1887,0,47.8305,0,3.1887,0,47.8305,0
3.1896,0,47.844,0,3.1896,0,47.844,0
3.1905,0,47.8575,0,3.1905,0,47.8575,0
3.1914,0,47.871,0,3.1914,0,47.871,0
3.1923,0,47.8845,0,3.1923,0,47.8845,0
3.1932,0,47.898,0,3.1932,0,47.898,0
3.1941,0,47.9115,0,3.1941,0,47.9115,0
3.195,0,47.925,0,3.195,0,47.925,0
3.1959,0,47.9385,0,3.1959,0,47.9385,0
3.1968,0,47.952,0,3.1968,0,47.952,0
3.1977,0,47.9655,0,3.1977,0,47.9655,0
3.1986,0,47.979,0,3.1986,0,47.979,0
3.1995,0,47.9925,0,3.1995,0,47.9925,0
3.2004,0,48.006,0,3.2004,0,48.006,0
3.2013,0,48.0195,0,3.2013,0,48.0195,0
3.2022,0,48.033,0,3.2022,0,48.033,0
3.2031,0,48.0465,0,3.2031,0,48.0465,0
3.204,0,48.06,0,3.204,0,48.06,0
3.2049,0,48.0735,0,3.2049,0,48.0735,0
3.2058,0,48.087,0,3.2058,0,48.087,0
3.2067,0,48.1005,0,3.2067,0,48.1005,0
3.2076,0,48.114,0,3.2076,0,48.114,0
3.2085,0,48.1275,0,3.2085,0,48.1275,0
3.2094,0,48.141,0,3.2094,0,48.141,0
3.2103,0,48.1545,0,3.2103,0,48.1545,0
3.2112,0,48.168,0,3.2112,0,48.168,0
3.2121,0,48.1815,0,3.2121,0,48.1815,0
3.213,0,48.195,0,3.213,0,48.195,0
3.2139,0,48.2085,0,3.2139,0,48.2085,0
3.2148,0,48.222,0,3.2148,0,48.222,0
3.2157,0,48.2355,0,3.2157,0,48.2355,0
3.2166,0,48.249,0,3.2166,0,48.249,0
3.2175,0,48.2625,0,3.2175,0,48.2625,0
3.2184,0,48.276,0,3.2184,0,48.276,0
3.2193,0,48.2895,0,3.2193,0,48.2895,0
3.2202,0,48.303,0,3.2202,0,48.303,0
3.2211,0,48.3165,0,3.2211,0,48.3165,0
3.222,0,48.33,0,3.222,0,48.33,0
3.2229,0,48.3435,0,3.2229,0,48.3435,0
3.2238,0,48.357,0,3.2238,0,48.357,0
3.2247,0,48.3705,0,3.2247,0,48.3705,0
3.2256,0,48.384,0,3.2256,0,48.384,0
3.2265,0,48.3975,0,3.2265,0,48.3975,0
3.2274,0,48.411,0,3.2274,0,48.411,0
3.2283,0,48.4245,0,3.2283,0,48.4245,0
3.2292,0,48.438,0,3.2292,0,48.438,0
3.2301,0,48.4515,0,3.2301,0,48.4515,0
3.231,0,48.465,0,3.231,0,48.465,0
3.2319,0,48.4785,0,3.2319,0,48.4785,0
3.2328,0,48.492,0,3.2328,0,48.492,0
3.2337,0,48.5055,0,3.2337,0,48.5055,0
3.2346,0,48.519,0,3.2346,0,48.519,0
3.2355,0,48.5325,0,3.2355,0,48.5325,0
3.2364,0,48.546,0,3.2364,0,48.546,0
3.2373,0,48.5595,0,3.2373,0,48.5595,0
3.2382,0,48.573,0,3.2382,0,48.573,0
3.2391,0,48.5865,0,3.2391,0,48.5865,0
3.24,0,48.6,0,3.24,0,48.6,0
3.2409,0,48.6135,0,3.2409,0,48.6135,0
3.2418,0,48.627,0,3.2418,0,48.627,0
3.2427,0,48.6405,0,3.2427,0,48.6405,0
3.2436,0,48.654,0,3.2436,0,48.654,0
3.2445,0,48.6675,0,3.2445,0,48.6675,0
3.2454,0,48.681,0,3.2454,0,48.681,0
3.2463,0,48.6945,0,3.2463,0,48.6945,0
3.2472,0,48.708,0,3.2472,0,48.708,0
3.2481,0,48.7215,0,3.2481,0,48.7215,0
3.249,0,48.735,0,3.249,0,48.735,0
3.2499,0,48.7485,0,3.2499,0,48.7485,0
3.2508,0,48.762,0,3.2508,0,48.762,0
3.2517,0,48.7755,0,3.2517,0,48.7755,0
3.2526,0,48.789,0,3.2526,0,48.789,0
3.2535,0,48.8025,0,3.2535,0,48.8025,0
3.2544,0,48.816,0,3.2544,0,48.816,0
3.2553,0,48.8295,0,3.2553,0,48.8295,0
3.2562,0,48.843,0,3.2562,0,48.843,0
3.2571,0,48.8565,0,3.2571,0,48.8565,0
3.258,0,48.87,0,3.258,0,48.87,0
3.2589,0,48.8835,0,3.2589,0,48.8835,0
3.2598,0,48.897,0,3.2598,0,48.897,0
3.2607,0,48.9105,0,3.2607,0,48.9105,0
3.2616,0,48.924,0,3.2616,0,48.924,0
3.2625,0,48.9375,0,3.2625,0,48.9375,0
3.2634,0,48.951,0,3.2634,0,48.951,0
3.2643,0,48.9645,0,3.2643,0,48.9645,0
3.2652,0,48.978,0,3.2652,0,48.978,0
3.2661,0,48.9915,0,3.2661,0,48.9915,0
3.267,0,49.005,0,3.267,0,49.005,0
3.2679,0,49.0185,0,3.2679,0,49.0185,0
3.2688,0,49.032,0,3.2688,0,49.032,0
3.2697,0,49.0455,0,3.2697,0,49.0455,0
3.2706,0,49.059,0,3.2706,0,49.059,0
3.2715,0,49.0725,0,3.2715,0,49.0725,0
3.2724,0,49.086,0,3.2724,0,49.086,0
3.2733,0,49.0995,0,3.2733,0,49.0995,0
3.2742,0,49.113,0,3.2742,0,49.113,0
3.2751,0,49.1265,0,3.2751,0,49.1265,0
3.276,0,49.14,0,3.276,0,49.14,0
3.2769,0,49.1535,0,3.2769,0,49.1535,0
3.2778,0,49.167,0,3.2778,0,49.167,0
3.2787,0,49.1805,0,3.2787,0,49.1805,0
3.2796,0,49.194,0,3.2796,0,49.194,0
3.2805,0,49.2075,0,3.2805,0,49.2075,0
3.2814,0,49.221,0,3.2814,0,49.221,0
3.2823,0,49.2345,0,3.2823,0,49.2345,0
3.2832,0,49.248,0,3.2832,0,49.248,0
3.2841,0,49.2615,0,3.2841,0,49.2615,0
3.285,0,49.275,0,3.285,0,49.275,0
3.2859,0,49.2885,0,3.2859,0,49.2885,0
3.2868,0,49.302,0,3.2868,0,49.302,0
3.2877,0,49.3155,0,3.2877,0,49.3155,0
3.2886,0,49.329,0,3.2886,0,49.329,0
3.2895,0,49.3425,0,3.2895,0,49.3425,0
3.2904,0,49.356,0,3.2904,0,49.356,0
3.2913,0,49.3695,0,3.2913,0,49.3695,0
3.2922,0,49.383,0,3.2922,0,49.383,0
3.2931,0,49.3965,0,3.2931,0,49.3965,0
3.294,0,49.41,0,3.294,0,49.41,0
3.2949,0,49.4235,0,3.2949,0,49.4235,0
3.2958,0,49.437,0,3.2958,0,49.437,0
3.2967,0,49.4505,0,3.2967,0,49.4505,0
3.2976,0,49.464,0,3.2976,0,49.464,0
3.2985,0,49.4775,0,3.2985,0,49.4775,0
3.2994,0,49.491,0,3.2994,0,49.491,0
3.3003,0,49.5045,0,3.3003,0,49.5045,0
3.3012,0,49.518,0,3.3012,0,49.518,0
3.3021,0,49.5315,0,3.3021,0,49.5315,0
3.303,0,49.545,0,3.303,0,49.545,0
3.3039,0,49.5585,0,3.3039,0,49.5585,0
3.3048,0,49.572,0,3.3048,0,49.572,0
3.3057,0,49.5855,0,3.3057,0,49.5855,0
3.3066,0,49.599,0,3.3066,0,49.599,0
3.3075,0,49.6125,0,3.3075,0,49.6125,0
3.3084,0,49.626,0,3.3084,0,49.626,0
3.3093,0,49.6395,0,3.3093,0,49.6395,0
3.3102,0,49.653,0,3.3102,0,49.653,0
3.3111,0,49.6665,0,3.3111,0,49.6665,0
3.312,0,49.68,0,3.312,0,49.68,0
3.3129,0,49.6935,0,3.3129,0,49.6935,0
3.3138,0,49.707,0,3.3138,0,49.707,0
3.3147,0,49.7205,0,3.3147,0,49.7205,0
3.3156,0,49.734,0,3.3156,0,49.734,0
3.3165,0,49.7475,0,3.3165,0,49.7475,0
3.3174,0,49.761,0,3.3174,0,49.761,0
3.3183,0,49.7745,0,3.3183,0,49.7745,0
3.3192,0,49.788,0,3.3192,0,49.788,0
3.3201,0,49.8015,0,3.3201,0,49.8015,0
3.321,0,49.815,0,3.321,0,49.815,0
3.3219,0,49.8285,0,3.3219,0,49.8285,0
3.3228,0,49.842,0,3.3228,0,49.842,0
3.3237,0,49.8555,0,3.3237,0,49.8555,0
3.3246,0,49.869,0,3.3246,0,49.869,0
3.3255,0,49.8825,0,3.3255,0,49.8825,0
3.3264,0,49.896,0,3.3264,0,49.896,0
3.3273,0,49.9095,0,3.3273,0,49.9095,0
3.3282,0,49.923,0,3.3282,0,49.923,0
3.3291,0,49.9365,0,3.3291,0,49.9365,0
3.33,0,49.95,0,3.33,0,49.95,0
3.3309,0,49.9635,0,3.3309,0,49.9635,0
3.3318,0,49.977,0,3.3318,0,49.977,0
3.3327,0,49.9905,0,3.3327,0,49.9905,0
3.3336,0,50.004,0,3.3336,0,50.004,0
3.3345,0,50.0175,0,3.3345,0,50.0175,0
3.3354,0,50.031,0,3.3354,0,50.031,0
3.3363,0,50.0445,0,3.3363,0,50.0445,0
3.3372,0,50.058,0,3.3372,0,50.058,0
3.3381,0,50.0715,0,3.3381,0,50.0715,0
3.339,0,50.085,0,3.339,0,50.085,0
3.3399,0,50.0985,0,3.3399,0,50.0985,0
3.3408,0,50.112,0,3.3408,0,50.112,0
3.3417,0,50.1255,0,3.3417,0,50.1255,0
3.3426,0,50.139,0,3.3426,0,50.139,0
3.3435,0,50.1525,0,3.3435,0,50.1525,0
3.3444,0,50.166,0,3.3444,0,50.166,0
3.3453,0,50.1795,0,3.3453,0,50.1795,0
3.3462,0,50.193,0,3.3462,0,50.193,0
3.3471,0,50.2065,0,3.3471,0,50.2065,0
3.348,0,50.22,0,3.348,0,50.22,0
3.3489,0,50.2335,0,3.3489,0,50.2335,0
3.3498,0,50.247,0,3.3498,0,50.247,0
3.3507,0,50.2605,0,3.3507,0,50.2605,0
3.3516,0,50.274,0,3.3516,0,50.274,0
3.3525,0,50.2875,0,3.3525,0,50.2875,0
3.3534,0,50.301,0,3.3534,0,50.301,0
3.3543,0,50.3145,0,3.3543,0,50.3145,0
3.3552,0,50.328,0,3.3552,0,50.328,0
3.3561,0,50.3415,0,3.3561,0,50.3415,0
3.357,0,50.355,0,3.357,0,50.355,0
3.3579,0,50.3685,0,3.3579,0,50.3685,0
3.3588,0,50.382,0,3.3588,0,50.382,0
3.3597,0,50.3955,0,3.3597,0,50.3955,0
3.3606,0,50.409,0,3.3606,0,50.409,0
3.3615,0,50.4225,0,3.3615,0,50.4225,0
3.3624,0,50.436,0,3.3624,0,50.436,0
3.3633,0,50.4495,0,3.3633,0,50.4495,0
3.3642,0,50.463,0,3.3642,0,50.463,0
3.3651,0,50.4765,0,3.3651,0,50.4765,0
3.366,0,50.49,0,3.366,0,50.49,0
3.3669,0,50.5035,0,3.3669,0,50.5035,0
3.3678,0,50.517,0,3.3678,0,50.517,0
3.3687,0,50.5305,0,3.3687,0,50.5305,0
3.3696,0,50.544,0,3.3696,0,50.544,0
3.3705,0,50.5575,0,3.3705,0,50.5575,0
3.3714,0,50.571,0,3.3714,0,50.571,0
3.3723,0,50.5845,0,3.3723,0,50.5845,0
3.3732,0,50.598,0,3.3732,0,50.598,0
3.3741,0,50.6115,0,3.3741,0,50.6115,0
3.375,0,50.625,0,3.375,0,50.625,0
3.3759,0,50.6385,0,3.3759,0,50.6385,0
3.3768,0,50.652,0,3.3768,0,50.652,0
3.3777,0,50.6655,0,3.3777,0,50.6655,0
3.3786,0,50.679,0,3.3786,0,50.679,0
3.3795,0,50.6925,0,3.3795,0,50.6925,0
3.3804,0,50.706,0,3.3804,0,50.706,0
3.3813,0,50.7195,0,3.3813,0,50.7195,0
3.3822,0,50.733,0,3.3822,0,50.733,0
3.3831,0,50.7465,0,3.3831,0,50.7465,0
3.384,0,50.76,0,3.384,0,50.76,0
3.3849,0,50.7735,0,3.3849,0,50.7735,0
3.3858,0,50.787,0,3.3858,0,50.787,0
3.3867,0,50.8005,0,3.3867,0,50.8005,0
3.3876,0,50.814,0,3.3876,0,50.814,0
3.3885,0,50.8275,0,3.3885,0,50.8275,0
3.3894,0,50.841,0,3.3894,0,50.841,0
3.3903,0,50.8545,0,3.3903,0,50.8545,0
3.3912,0,50.868,0,3.3912,0,50.868,0
3.3921,0,50.8815,0,3.3921,0,50.8815,0
3.393,0,50.895,0,3.393,0,50.895,0
3.3939,0,50.9085,0,3.3939,0,50.9085,0
3.3948,0,50.922,0,3.3948,0,50.922,0
3.3957,0,50.9355,0,3.3957,0,50.9355,0
3.3966,0,50.949,0,3.3966,0,50.949,0
3.3975,0,50.9625,0,3.3975,0,50.9625,0
3.3984,0,50.976,0,3.3984,0,50.976,0
3.3993,0,50.9895,0,3.3993,0,50.9895,0
3.4002,0,51.003,0,3.4002,0,51.003,0
3.4011,0,51.0165,0,3.4011,0,51.0165,0
3.402,0,51.03,0,3.402,0,51.03,0
3.4029,0,51.0435,0,3.4029,0,51.0435,0
3.4038,0,51.057,0,3.4038,0,51.057,0
3.4047,0,51.0705,0,3.4047,0,51.0705,0
3.4056,0,51.084,0,3.4056,0,51.084,0
3.4065,0,51.0975,0,3.4065,0,51.0975,0
3.4074,0,51.111,0,3.4074,0,51.111,0
3.4083,0,51.1245,0,3.4083,0,51.1245,0
3.4092,0,51.138,0,3.4092,0,51.138,0
3.4101,0,51.1515,0,3.4101,0,51.1515,0
3.411,0,51.165,0,3.411,0,51.165,0
3.4119,0,51.1785,0,3.4119,0,51.1785,0
3.4128,0,51.192,0,3.4128,0,51.192,0
3.4137,0,51.2055,0,3.4137,0,51.2055,0
3.4146,0,51.219,0,3.4146,0,51.219,0
3.4155,0,51.2325,0,3.4155,0,51.2325,0
3.4164,0,51.246,0,3.4164,0,51.246,0
3.4173,0,51.2595,0,3.4173,0,51.2595,0
3.4182,0,51.273,0,3.4182,0,51.273,0
3.4191,0,51.2865,0,3.4191,0,51.2865,0
3.42,0,51.3,0,3.42,0,51.3,0
3.4209,0,51.3135,0,3.4209,0,51.3135,0
3.4218,0,51.327,0,3.4218,0,51.327,0
3.4227,0,51.3405,0,3.4227,0,51.3405,0
3.4236,0,51.354,0,3.4236,0,51.354,0
3.4245,0,51.3675,0,3.4245,0,51.3675,0
3.4254,0,51.381,0,3.4254,0,51.381,0
3.4263,0,51.3945,0,3.4263,0,51.3945,0
3.4272,0,51.408,0,3.4272,0,51.408,0
3.4281,0,51.4215,0,3.4281,0,51.4215,0
3.429,0,51.435,0,3.429,0,51.435,0
3.4299,0,51.4485,0,3.4299,0,51.4485,0
3.4308,0,51.462,0,3.4308,0,51.462,0
3.4317,0,51.4755,0,3.4317,0,51.4755,0
3.4326,0,51.489,0,3.4326,0,51.489,0
3.4335,0,51.5025,0,3.4335,0,51.5025,0
3.4344,0,51.516,0,3.4344,0,51.516,0
3.4353,0,51.5295,0,3.4353,0,51.5295,0
3.4362,0,51.543,0,3.4362,0,51.543,0
3.4371,0,51.5565,0,3.4371,0,51.5565,0
3.438,0,51.57,0,3.438,0,51.57,0
3.4389,0,51.5835,0,3.4389,0,51.5835,0
3.4398,0,51.597,0,3.4398,0,51.597,0
3.4407,0,51.6105,0,3.4407,0,51.6105,0
3.4416,0,51.624,0,3.4416,0,51.624,0
3.4425,0,51.6375,0,3.4425,0,51.6375,0
3.4434,0,51.651,0,3.4434,0,51.651,0
3.4443,0,51.6645,0,3.4443,0,51.6645,0
3.4452,0,51.678,0,3.4452,0,51.678,0
3.4461,0,51.6915,0,3.4461,0,51.6915,0
3.447,0,51.705,0,3.447,0,51.705,0
3.4479,0,51.7185,0,3.4479,0,51.7185,0
3.4488,0,51.732,0,3.4488,0,51.732,0
3.4497,0,51.7455,0,3.4497,0,51.7455,0
3.4506,0,51.759,0,3.4506,0,51.759,0
3.4515,0,51.7725,0,3.4515,0,51.7725,0
3.4524,0,51.786,0,3.4524,0,51.786,0
3.4533,0,51.7995,0,3.4533,0,51.7995,0
3.4542,0,51.813,0,3.4542,0,51.813,0
3.4551,0,51.8265,0,3.4551,0,51.8265,0
3.456,0,51.84,0,3.456,0,51.84,0
3.4569,0,51.8535,0,3.4569,0,51.8535,0
3.4578,0,51.867,0,3.4578,0,51.867,0
3.4587,0,51.8805,0,3.4587,0,51.8805,0
3.4596,0,51.894,0,3.4596,0,51.894,0
3.4605,0,51.9075,0,3.4605,0,51.9075,0
3.4614,0,51.921,0,3.4614,0,51.921,0
3.4623,0,51.9345,0,3.4623,0,51.9345,0
3.4632,0,51.948,0,3.4632,0,51.948,0
3.4641,0,51.9615,0,3.4641,0,51.9615,0
3.465,0,51.975,0,3.465,0,51.975,0
3.4659,0,51.9885,0,3.4659,0,51.9885,0
3.4668,0,52.002,0,3.4668,0,52.002,0
3.4677,0,52.0155,0,3.4677,0,52.0155,0
3.4686,0,52.029,0,3.4686,0,52.029,0
3.4695,0,52.0425,0,3.4695,0,52.0425,0
3.4704,0,52.056,0,3.4704,0,52.056,0
3.4713,0,52.0695,0,3.4713,0,52.0695,0
3.4722,0,52.083,0,3.4722,0,52.083,0
3.4731,0,52.0965,0,3.4731,0,52.0965,0
3.474,0,52.11,0,3.474,0,52.11,0
3.4749,0,52.1235,0,3.4749,0,52.1235,0
3.4758,0,52.137,0,3.4758,0,52.137,0
3.4767,0,52.1505,0,3.4767,0,52.1505,0
3.4776,0,52.164,0,3.4776,0,52.164,0
3.4785,0,52.1775,0,3.4785,0,52.1775,0
3.4794,0,52.191,0,3.4794,0,52.191,0
3.4803,0,52.2045,0,3.4803,0,52.2045,0
3.4812,0,52.218,0,3.4812,0,52.218,0
3.4821,0,52.2315,0,3.4821,0,52.2315,0
3.483,0,52.245,0,3.483,0,52.245,0
3.4839,0,52.2585,0,3.4839,0,52.2585,0
3.4848,0,52.272,0,3.4848,0,52.272,0
3.4857,0,52.2855,0,3.4857,0,52.2855,0
3.4866,0,52.299,0,3.4866,0,52.299,0
3.4875,0,52.3125,0,3.4875,0,52.3125,0
3.4884,0,52.326,0,3.4884,0,52.326,0
3.4893,0,52.3395,0,3.4893,0,52.3395,0
3.4902,0,52.353,0,3.4902,0,52.353,0
3.4911,0,52.3665,0,3.4911,0,52.3665,0
3.492,0,52.38,0,3.492,0,52.38,0
3.4929,0,52.3935,0,3.4929,0,52.3935,0
3.4938,0,52.407,0,3.4938,0,52.407,0
3.4947,0,52.4205,0,3.4947,0,52.4205,0
3.4956,0,52.434,0,3.4956,0,52.434,0
