X[s],"Trigno IM sensor 3: EMG 3 (IM)",X[s],"Trigno IM sensor 3: Mag 3.Z (IM)",X[s],"Trigno IM sensor 4: EMG 4 (IM)",X[s],"Trigno IM sensor 4: Mag 4.Z (IM)"
0.000000,2.450599E-05,0.000000,48,0.000000,-6.042573E-06,0.000000,107
0.0009,-0.0001292439,0.0135,49,0.0009,3.726253E-05,0.0135,105
0.0018,-0.0001423362,0.027,47,0.0018,2.685588E-05,0.027,104
0.0027,4.061952E-05,0.0405,47,0.0027,1.611353E-05,0.0405,101
0.0036,-8.96315E-05,0.054,48,0.0036,-1.712062E-05,0.054,103
0.0045,-0.000112459,0.0675,48,0.0045,-2.18204E-05,0.0675,107
0.0054,4.800488E-05,0.081,47,0.0054,6.042573E-06,0.081,104
0.0063,-2.349889E-06,0.0945,47,0.0063,1.712062E-05,0.0945,104
0.0072,-8.627451E-05,0.108,47,0.0072,-4.36408E-06,0.108,106
0.0081,-9.735256E-06,0.1215,48,0.0081,-1.242084E-05,0.1215,103
0.009000001,2.417029E-05,0.135,48,0.009000001,-2.316319E-05,0.135,106
0.0099,4.53193E-05,0.1485,46,0.0099,-3.961242E-05,0.1485,104
0.0108,5.270466E-05,0.162,47,0.0108,-5.539025E-05,0.162,105
0.0117,-3.121996E-05,0.1755,48,0.0117,-3.994812E-05,0.1755,102
0.0126,-2.047761E-05,0.189,47,0.0126,-6.54612E-05,0.189,101
0.0135,4.36408E-06,0.2025,46,0.0135,-5.471885E-05,0.2025,102
0.0144,4.263371E-05,0.216,48,0.0144,-4.666209E-05,0.216,104
0.0153,3.356985E-07,0.2295,47,0.0153,-4.36408E-06,0.2295,103
0.0162,5.539025E-05,0.243,47,0.0162,-2.786297E-05,0.243,103
0.0171,2.21561E-05,0.2565,48,0.0171,-4.43122E-05,0.2565,103
0.018,-5.035477E-06,0.27,48,0.018,-2.047761E-05,0.27,105
0.0189,-4.36408E-05,0.2835,48,0.0189,-8.728161E-06,0.2835,105
0.0198,-9.735256E-06,0.297,48,0.0198,3.021286E-06,0.297,104
0.0207,1.779202E-05,0.3105,47,0.0207,9.735256E-06,0.3105,103
0.0216,2.383459E-05,0.324,48,0.0216,0,0.324,106
0.0225,2.786297E-05,0.3375,48,0.0225,-8.392462E-06,0.3375,102
0.0234,0.0001607996,0.351,49,0.0234,1.007095E-06,0.351,106
0.0243,0.0001205158,0.3645,48,0.0243,-4.666209E-05,0.3645,104
0.0252,9.802396E-05,0.378,47,0.0252,-0.0001013809,0.378,104
0.0261,6.6804E-05,0.3915,47,0.0261,-8.291753E-05,0.3915,107
0.027,-2.1149E-05,0.405,47,0.027,-5.874724E-05,0.405,106
0.0279,3.826963E-05,0.4185,47,0.0279,-7.251087E-05,0.4185,105
0.0288,9.903105E-05,0.432,47,0.0288,-0.0001426719,0.432,102
0.0297,4.196231E-05,0.4455,46,0.0297,-1.007095E-05,0.4455,103
0.0306,-0.0001430075,0.459,46,0.0306,2.383459E-05,0.459,104
0.0315,9.399558E-06,0.4725,47,0.0315,-3.457694E-05,0.4725,102
0.0324,3.189136E-05,0.486,47,0.0324,-2.719158E-05,0.486,104
0.0333,-0.0001279011,0.4995,47,0.0333,7.855344E-05,0.4995,108
0.0342,-3.591974E-05,0.513,48,0.0342,5.706874E-06,0.513,104
0.0351,9.634547E-05,0.5265,47,0.0351,-6.57969E-05,0.5265,107
0.036,-9.701686E-05,0.54,47,0.036,5.203327E-05,0.54,106
0.0369,-5.505455E-05,0.5535,47,0.0369,3.726253E-05,0.5535,105
0.0378,2.18204E-05,0.567,47,0.0378,-8.761731E-05,0.567,105
0.0387,-3.659113E-05,0.5805,48,0.0387,-3.927672E-05,0.5805,107
0.0396,-0.0001168231,0.594,48,0.0396,4.599069E-05,0.594,106
0.0405,-6.948959E-05,0.6075,47,0.0405,6.713969E-06,0.6075,105
0.0414,-4.162661E-05,0.621,47,0.0414,-1.007095E-06,0.621,106
0.0423,1.208515E-05,0.6345,47,0.0423,-4.46479E-05,0.6345,103
0.0432,8.795301E-05,0.648,47,0.0432,3.793393E-05,0.648,106
0.0441,-3.390555E-05,0.6615,47,0.0441,3.155566E-05,0.6615,103
0.045,-9.835965E-05,0.675,48,0.045,-4.028382E-05,0.675,110
0.0459,2.450599E-05,0.6885,47,0.0459,-3.793393E-05,0.6885,108
0.0468,-3.927672E-05,0.702,46,0.0468,5.001907E-05,0.702,105
0.0477,-9.030289E-05,0.7155,46,0.0477,1.174945E-05,0.7155,104
0.0486,9.433127E-05,0.729,48,0.0486,-9.768826E-05,0.729,102
0.0495,-1.846342E-05,0.7425,48,0.0495,3.860533E-05,0.7425,108
0.0504,-8.392462E-06,0.756,48,0.0504,4.867628E-05,0.756,104
0.0513,8.325322E-05,0.7695,49,0.0513,-6.243992E-05,0.7695,105
0.0522,3.659113E-05,0.783,48,0.0522,4.699779E-06,0.783,107
0.0531,-0.0001238727,0.7965,47,0.0531,5.874724E-05,0.7965,102
0.054,-7.519646E-05,0.81,49,0.054,3.155566E-05,0.81,104
0.0549,-4.36408E-05,0.8235,48,0.0549,5.706874E-06,0.8235,104
0.0558,7.217517E-05,0.837,49,0.0558,-6.143282E-05,0.837,106
0.0567,1.007095E-05,0.8505,47,0.0567,1.007095E-05,0.8505,103
0.0576,-7.183947E-05,0.864,46,0.0576,-1.477073E-05,0.864,105
0.0585,-5.270466E-05,0.8775,46,0.0585,-9.231708E-05,0.8775,103
0.0594,4.632639E-05,0.891,47,0.0594,-5.136187E-05,0.891,101
0.0603,-3.021286E-06,0.9045,47,0.0603,3.390555E-05,0.9045,102
0.0612,-2.652018E-05,0.918,46,0.0612,-2.584878E-05,0.918,103
0.0621,4.800488E-05,0.9315,44,0.0621,-9.533837E-05,0.9315,102
0.063,-1.678492E-06,0.945,44,0.063,5.740444E-05,0.945,101
0.0639,0.0001017166,0.9585,43,0.0639,2.1149E-05,0.9585,106
0.0648,5.807584E-05,0.972,42,0.0648,-0.0001033951,0.972,102
0.0657,-7.217517E-05,0.9855,41,0.0657,-2.819867E-05,0.9855,101
0.0666,-2.24918E-05,0.999,41,0.0666,2.920577E-05,0.999,103
0.0675,-7.553216E-05,1.0125,42,0.0675,-3.726253E-05,1.0125,104
0.0684,-4.028382E-05,1.026,43,0.0684,-4.061952E-05,1.026,104
0.0693,0.0001171588,1.0395,44,0.0693,-8.761731E-05,1.0395,100
0.0702,6.57969E-05,1.053,45,0.0702,3.692683E-06,1.053,104
0.0711,5.136187E-05,1.0665,45,0.0711,1.779202E-05,1.0665,103
0.072,4.263371E-05,1.08,46,0.072,-7.452507E-05,1.08,104
0.0729,8.96315E-05,1.0935,44,0.0729,-0.0001054093,1.0935,104
0.07380001,-8.358892E-05,1.107,44,0.07380001,1.980621E-05,1.107,101
0.07470001,-3.591974E-05,1.1205,43,0.07470001,-1.644922E-05,1.1205,104
0.0756,6.64683E-05,1.134,43,0.0756,-0.0001077592,1.134,104
0.0765,-6.109713E-05,1.1475,44,0.0765,1.644922E-05,1.1475,103
0.0774,-0.0001467002,1.161,44,0.0774,-3.692683E-06,1.161,99
0.0783,-1.342794E-05,1.1745,44,0.0783,-0.0001208515,1.1745,103
0.0792,0.000115816,1.188,45,0.0792,-4.129091E-05,1.188,101
0.0801,-9.365987E-05,1.2015,43,0.0801,3.860533E-05,1.2015,104
0.081,-5.035477E-05,1.215,43,0.081,9.735256E-06,1.215,103
0.0819,6.378271E-06,1.2285,44,0.0819,-1.913481E-05,1.2285,102
0.0828,-9.063859E-06,1.242,43,0.0828,-7.855344E-05,1.242,102
0.0837,-5.371176E-06,1.2555,43,0.0837,2.450599E-05,1.2555,100
0.0846,-8.526741E-05,1.269,42,0.0846,-2.18204E-05,1.269,101
0.0855,-3.121996E-05,1.2825,44,0.0855,-6.74754E-05,1.2825,102
0.0864,0.0001228656,1.296,43,0.0864,-4.867628E-05,1.296,100
0.0873,-5.236896E-05,1.3095,44,0.0873,7.418937E-05,1.3095,101
0.0882,-6.74754E-05,1.323,43,0.0882,9.735256E-06,1.323,104
0.0891,7.083238E-05,1.3365,44,0.0891,-8.056764E-05,1.3365,106
0.09,-2.987716E-05,1.35,44,0.09,5.035477E-05,1.35,103
0.0909,-7.418937E-05,1.3635,46,0.0909,5.908293E-05,1.3635,101
0.0918,-2.584878E-05,1.377,46,0.0918,-2.18204E-05,1.377,103
0.0927,2.28275E-05,1.3905,45,0.0927,1.745632E-05,1.3905,104
0.0936,-0.0001070878,1.404,44,0.0936,5.774014E-05,1.404,104
0.09450001,-7.620356E-05,1.4175,45,0.09450001,-3.021286E-06,1.4175,101
0.09540001,4.632639E-05,1.431,44,0.09540001,-5.706874E-06,1.431,104
0.09630001,2.014191E-05,1.4445,44,0.09630001,-7.553216E-05,1.4445,104
0.0972,-3.054856E-05,1.458,45,0.0972,4.129091E-05,1.458,103
0.0981,-3.390555E-05,1.4715,43,0.0981,5.774014E-05,1.4715,103
0.099,-5.035477E-06,1.485,44,0.099,1.812772E-05,1.485,105
0.0999,-1.913481E-05,1.4985,44,0.0999,-1.879912E-05,1.4985,101
0.1008,-0.0001033951,1.512,43,0.1008,4.867628E-05,1.512,104
0.1017,-5.706874E-06,1.5255,44,0.1017,2.349889E-06,1.5255,105
0.1026,5.471885E-05,1.539,43,0.1026,-0.0001094377,1.539,100
0.1035,-4.53193E-05,1.5525,42,0.1035,2.24918E-05,1.5525,102
0.1044,6.378271E-06,1.566,43,0.1044,2.1149E-05,1.566,101
0.1053,1.678492E-06,1.5795,42,0.1053,-0.0001097734,1.5795,103
0.1062,-0.000130251,1.593,43,0.1062,-5.639734E-05,1.593,105
0.1071,-0.0001111162,1.6065,43,0.1071,6.713969E-06,1.6065,104
0.108,-5.270466E-05,1.62,42,0.108,-6.54612E-05,1.62,106
0.1089,-7.016098E-05,1.6335,42,0.1089,-7.721065E-05,1.6335,103
0.1098,3.726253E-05,1.647,41,0.1098,-0.000102388,1.647,104
0.1107,2.954147E-05,1.6605,41,0.1107,1.745632E-05,1.6605,104
0.1116,-5.304036E-05,1.674,42,0.1116,6.378271E-06,1.674,104
0.1125,-1.779202E-05,1.6875,42,0.1125,-6.176852E-05,1.6875,102
0.1134,0.0001728847,1.701,42,0.1134,-5.069047E-05,1.701,105
0.1143,-5.404745E-05,1.7145,41,0.1143,6.411841E-05,1.7145,103
0.1152,-3.558404E-05,1.728,43,0.1152,3.356985E-07,1.728,104
0.1161,0.0001483787,1.7415,43,0.1161,-7.284657E-05,1.7415,103
0.117,4.36408E-06,1.755,42,0.117,4.699779E-05,1.755,110
0.1179,4.766919E-05,1.7685,42,0.1179,5.471885E-05,1.7685,104
0.1188,0.0001420005,1.782,43,0.1188,-5.203327E-05,1.782,102
0.1197,-6.042573E-05,1.7955,42,0.1197,-2.551309E-05,1.7955,103
0.1206,-9.466698E-05,1.809,44,0.1206,2.1149E-05,1.809,106
0.1215,3.793393E-05,1.8225,43,0.1215,4.36408E-06,1.8225,104
0.1224,-2.450599E-05,1.836,43,0.1224,-3.390555E-05,1.836,104
0.1233,4.263371E-05,1.8495,43,0.1233,-8.392462E-05,1.8495,104
0.1242,8.291753E-05,1.863,43,0.1242,-8.392462E-06,1.863,103
0.1251,-2.1149E-05,1.8765,44,0.1251,-2.24918E-05,1.8765,106
0.126,-5.539025E-05,1.89,43,0.126,-7.418937E-05,1.89,107
0.1269,-1.510643E-05,1.9035,42,0.1269,-7.083238E-05,1.9035,101
0.1278,-6.61326E-05,1.917,42,0.1278,1.644922E-05,1.917,105
0.1287,-5.136187E-05,1.9305,42,0.1287,-2.719158E-05,1.9305,103
0.1296,0.0001188373,1.944,43,0.1296,-0.0001248798,1.944,104
0.1305,8.560311E-05,1.9575,43,0.1305,4.028382E-06,1.9575,104
0.1314,6.54612E-05,1.971,43,0.1314,4.263371E-05,1.971,103
0.1323,0.0001621424,1.9845,43,0.1323,-8.090334E-05,1.9845,107
0.1332,0.0001779202,1.998,43,0.1332,-4.196231E-05,1.998,104
0.1341,-1.275654E-05,2.0115,43,0.1341,2.1149E-05,2.0115,104
0.135,-4.129091E-05,2.025,42,0.135,-1.712062E-05,2.025,103
0.1359,3.021286E-06,2.0385,43,0.1359,-3.021286E-05,2.0385,105
0.1368,8.123904E-05,2.052,44,0.1368,-8.661021E-05,2.052,106
0.1377,-8.86244E-05,2.0655,44,0.1377,2.349889E-05,2.0655,104
0.1386,-0.0002564736,2.079,42,0.1386,3.826963E-05,2.079,103
0.1395,-8.123904E-05,2.0925,43,0.1395,-5.069047E-05,2.0925,105
0.1404,-4.599069E-05,2.106,43,0.1404,-5.471885E-05,2.106,101
0.1413,-0.0001386435,2.1195,43,0.1413,5.337606E-05,2.1195,105
0.1422,-1.544213E-05,2.133,42,0.1422,1.510643E-05,2.133,103
0.1431,9.701686E-05,2.1465,41,0.1431,-6.71397E-05,2.1465,102
0.144,-5.874724E-05,2.16,41,0.144,4.666209E-05,2.16,102
0.1449,-4.699779E-06,2.1735,43,0.1449,2.652018E-05,2.1735,100
0.1458,6.378271E-06,2.187,42,0.1458,-8.761731E-05,2.187,101
0.1467,1.007095E-06,2.2005,41,0.1467,-3.289845E-05,2.2005,101
0.1476,-0.0001141375,2.214,42,0.1476,5.539025E-05,2.214,103
0.1485,3.692683E-06,2.2275,42,0.1485,-2.18204E-05,2.2275,103
0.1494,-5.606165E-05,2.241,41,0.1494,-3.054856E-05,2.241,103
0.1503,2.450599E-05,2.2545,42,0.1503,-9.231708E-05,2.2545,102
0.1512,9.970245E-05,2.268,44,0.1512,1.007095E-06,2.268,103
0.1521,8.090334E-05,2.2815,42,0.1521,-8.392462E-06,2.2815,104
0.153,6.143282E-05,2.295,41,0.153,-8.090334E-05,2.295,105
0.1539,0.0001111162,2.3085,40,0.1539,-7.083238E-05,2.3085,105
0.1548,-4.934768E-05,2.322,41,0.1548,4.699779E-05,2.322,103
0.1557,-3.558404E-05,2.3355,42,0.1557,1.007095E-06,2.3355,102
0.1566,0.0001567712,2.349,41,0.1566,-0.000112459,2.349,103
0.1575,-6.411841E-05,2.3625,40,0.1575,3.021286E-05,2.3625,107
0.1584,-0.0001413291,2.376,41,0.1584,1.309224E-05,2.376,103
0.1593,-8.157473E-05,2.3895,41,0.1593,-5.572595E-05,2.3895,105
0.1602,-5.069047E-05,2.403,40,0.1602,2.786297E-05,2.403,101
0.1611,-0.0001567712,2.4165,40,0.1611,6.6804E-05,2.4165,103
0.162,-4.53193E-05,2.43,40,0.162,1.040665E-05,2.43,102
0.1629,-2.954147E-05,2.4435,40,0.1629,-1.174945E-05,2.4435,106
0.1638,-7.318227E-05,2.457,41,0.1638,-7.586786E-05,2.457,102
0.1647,2.1149E-05,2.4705,40,0.1647,4.699779E-06,2.4705,105
0.1656,0.0001225299,2.484,41,0.1656,1.477073E-05,2.484,104
0.1665,1.007095E-06,2.4975,40,0.1665,-5.975433E-05,2.4975,104
0.1674,9.164568E-05,2.511,40,0.1674,-5.841154E-05,2.511,105
0.1683,2.652018E-05,2.5245,39,0.1683,3.860533E-05,2.5245,102
0.1692,-4.49836E-05,2.538,40,0.1692,-3.356985E-07,2.538,105
0.1701,0.0001148089,2.5515,39,0.1701,-0.0001084306,2.5515,106
0.171,-3.356985E-07,2.565,40,0.171,5.874724E-05,2.565,104
0.1719,-8.459602E-05,2.5785,40,0.1719,3.927672E-05,2.5785,102
0.1728,2.853437E-05,2.592,41,0.1728,-8.090334E-05,2.592,103
0.1737,2.853437E-05,2.6055,40,0.1737,-1.980621E-05,2.6055,104
0.1746,-3.860533E-05,2.619,39,0.1746,4.733349E-05,2.619,109
0.1755,-0.0001020523,2.6325,40,0.1755,-2.014191E-06,2.6325,105
0.1764,-3.994812E-05,2.646,40,0.1764,-1.846342E-05,2.646,103
0.1773,0.000102388,2.6595,39,0.1773,-7.284657E-05,2.6595,102
0.1782,-1.242084E-05,2.673,38,0.1782,3.625543E-05,2.673,104
0.1791,-0.0002118257,2.6865,38,0.1791,6.042573E-05,2.6865,104
0.18,-0.0001292439,2.7,39,0.18,-3.961242E-05,2.7,101
0.1809,-3.591974E-05,2.7135,38,0.1809,-5.673304E-05,2.7135,105
0.1818,-9.903105E-05,2.727,39,0.1818,2.28275E-05,2.727,105
0.1827,-2.21561E-05,2.7405,38,0.1827,-4.632639E-05,2.7405,104
0.1836,2.652018E-05,2.754,39,0.1836,-0.0001295796,2.754,104
0.1845,-3.726253E-05,2.7675,38,0.1845,-8.392462E-06,2.7675,104
0.1854,1.846342E-05,2.781,40,0.1854,-1.712062E-05,2.781,103
0.1863,0.0001359579,2.7945,39,0.1863,-0.0001151446,2.7945,104
0.1872,0.0001681849,2.808,39,0.1872,-3.256275E-05,2.808,103
0.1881,-6.378271E-06,2.8215,38,0.1881,3.591974E-05,2.8215,106
0.189,1.879912E-05,2.835,40,0.189,-1.644922E-05,2.835,106
0.1899,1.644922E-05,2.8485,37,0.1899,-4.061952E-05,2.8485,106
0.1908,8.69459E-05,2.862,38,0.1908,-8.023193E-05,2.862,103
0.1917,5.337606E-05,2.8755,37,0.1917,9.735256E-06,2.8755,106
0.1926,-0.0002507668,2.889,38,0.1926,-2.920577E-05,2.889,109
0.1935,-0.0001215228,2.9025,38,0.1935,-8.89601E-05,2.9025,107
0.1944,0.0001037308,2.916,38,0.1944,-8.090334E-05,2.916,106
0.1953,-0.0001292439,2.9295,37,0.1953,2.28275E-05,2.9295,105
0.1962,-7.754635E-05,2.943,38,0.1962,-3.961242E-05,2.943,109
0.1971,0.0001607996,2.9565,37,0.1971,-0.000112459,2.9565,105
0.198,-3.189136E-05,2.97,39,0.198,4.39765E-05,2.97,107
0.1989,-5.572595E-05,2.9835,37,0.1989,4.061952E-05,2.9835,105
0.1998,6.51255E-05,2.997,37,0.1998,-4.699779E-05,2.997,106
0.2007,3.726253E-05,3.0105,0,0.2007,-4.36408E-06,3.0105,0
0.2016,-0.0001604639,3.024,0,0.2016,4.867628E-05,3.024,0
0.2025,-7.049668E-05,3.0375,0,0.2025,-1.477073E-05,3.0375,0
0.2034,3.323415E-05,3.051,0,0.2034,3.356985E-07,3.051,0
0.2043,3.793393E-05,3.0645,0,0.2043,-6.982528E-05,3.0645,0
0.2052,8.291753E-05,3.078,0,0.2052,1.644922E-05,3.078,0
0.2061,-3.390555E-05,3.0915,0,0.2061,-3.356985E-07,3.0915,0
0.207,-3.424125E-05,3.105,0,0.207,-5.606165E-05,3.105,0
0.2079,8.224613E-05,3.1185,0,0.2079,-7.385367E-05,3.1185,0
0.2088,-3.692683E-06,3.132,0,0.2088,5.404745E-05,3.132,0
0.2097,-1.376364E-05,3.1455,0,0.2097,1.040665E-05,3.1455,0
0.2106,5.136187E-05,3.159,0,0.2106,-8.92958E-05,3.159,0
0.2115,-1.376364E-05,3.1725,0,0.2115,2.853437E-05,3.1725,0
0.2124,0.000140322,3.186,0,0.2124,6.78111E-05,3.186,0
0.2133,0.0001319295,3.1995,0,0.2133,-3.994812E-05,3.1995,0
0.2142,-2.618448E-05,3.213,0,0.2142,-2.719158E-05,3.213,0
0.2151,-9.835965E-05,3.2265,0,0.2151,4.968337E-05,3.2265,0
0.216,-2.987716E-05,3.24,0,0.216,-4.699779E-06,3.24,0
0.2169,2.24918E-05,3.2535,0,0.2169,-2.1149E-05,3.2535,0
0.2178,7.385367E-05,3.267,0,0.2178,-7.116808E-05,3.267,0
0.2187,1.007095E-05,3.2805,0,0.2187,2.047761E-05,3.2805,0
0.2196,4.33051E-05,3.294,0,0.2196,-1.510643E-05,3.294,0
0.2205,4.599069E-05,3.3075,0,0.2205,-5.807584E-05,3.3075,0
0.2214,0.0001205158,3.321,0,0.2214,-2.517739E-05,3.321,0
0.2223,-8.92958E-05,3.3345,0,0.2223,7.049668E-05,3.3345,0
0.2232,-1.409934E-05,3.348,0,0.2232,-7.721065E-06,3.348,0
0.2241,0.0001205158,3.3615,0,0.2241,-0.0001010452,3.3615,0
0.225,-3.927672E-05,3.375,0,0.225,3.121996E-05,3.375,0
0.2259,-4.095522E-05,3.3885,0,0.2259,1.544213E-05,3.3885,0
0.2268,4.263371E-05,3.402,0,0.2268,-8.291753E-05,3.402,0
0.2277,-4.46479E-05,3.4155,0,0.2277,-4.263371E-05,3.4155,0
0.2286,-0.000115816,3.429,0,0.2286,1.745632E-05,3.429,0
0.2295,-2.18204E-05,3.4425,0,0.2295,-1.141375E-05,3.4425,0
0.2304,-8.325322E-05,3.456,0,0.2304,-3.289845E-05,3.456,0
0.2313,-6.713969E-06,3.4695,0,0.2313,-8.023193E-05,3.4695,0
0.2322,5.874724E-05,3.483,0,0.2322,2.316319E-05,3.483,0
0.2331,-0.0001007095,3.4965,0,0.2331,3.994812E-05,3.4965,0
0.234,-6.009003E-05,3.51,0,0.234,-3.726253E-05,3.51,0
0.2349,8.526741E-05,3.5235,0,0.2349,-6.881819E-05,3.5235,0
0.2358,-0.0001037308,3.537,0,0.2358,2.786297E-05,3.537,0
0.2367,-0.0001359579,3.5505,0,0.2367,-7.721065E-06,3.5505,0
0.2376,5.337606E-05,3.564,0,0.2376,-0.0001010452,3.564,0
0.2385,-5.069047E-05,3.5775,0,0.2385,2.1149E-05,3.5775,0
0.2394,-0.0001960479,3.591,0,0.2394,6.378271E-06,3.591,0
0.2403,-4.800488E-05,3.6045,0,0.2403,-0.0001326009,3.6045,0
0.2412,0.0001104448,3.618,0,0.2412,-2.047761E-05,3.618,0
0.2421,-5.975433E-05,3.6315,0,0.2421,3.826963E-05,3.6315,0
0.243,-2.652018E-05,3.645,0,0.243,-3.021286E-06,3.645,0
0.2439,5.001907E-05,3.6585,0,0.2439,-4.162661E-05,3.6585,0
0.2448,4.263371E-05,3.672,0,0.2448,-0.0001151446,3.672,0
0.2457,-3.793393E-05,3.6855,0,0.2457,-1.477073E-05,3.6855,0
0.2466,-6.948959E-05,3.699,0,0.2466,-2.450599E-05,3.699,0
0.2475,3.356985E-07,3.7125,0,0.2475,-5.471885E-05,3.7125,0
0.2484,1.208515E-05,3.726,0,0.2484,-5.270466E-05,3.726,0
0.2493,-5.673304E-05,3.7395,0,0.2493,4.49836E-05,3.7395,0
0.2502,-4.095522E-05,3.753,0,0.2502,-2.786297E-05,3.753,0
0.2511,0.0001030594,3.7665,0,0.2511,-0.0001097734,3.7665,0
0.252,4.934768E-05,3.78,0,0.252,3.323415E-05,3.78,0
0.2529,-0.000119173,3.7935,0,0.2529,3.491264E-05,3.7935,0
0.2538,-7.351797E-05,3.807,0,0.2538,-6.042573E-05,3.807,0
0.2547,0.0001111162,3.8205,0,0.2547,-5.706874E-06,3.8205,0
0.2556,-5.035477E-05,3.834,0,0.2556,4.39765E-05,3.834,0
0.2565,-1.007095E-05,3.8475,0,0.2565,-1.510643E-05,3.8475,0
0.2574,-5.035477E-05,3.861,0,0.2574,-2.853437E-05,3.861,0
0.2583,5.236896E-05,3.8745,0,0.2583,-7.351797E-05,3.8745,0
0.2592,-1.040665E-05,3.888,0,0.2592,2.1149E-05,3.888,0
0.2601,-0.0001846342,3.9015,0,0.2601,-4.36408E-06,3.9015,0
0.261,-2.719158E-05,3.915,0,0.261,-6.61326E-05,3.915,0
0.2619,2.1149E-05,3.9285,0,0.2619,-6.311131E-05,3.9285,0
0.2628,-0.0001218585,3.942,0,0.2628,5.471885E-05,3.942,0
0.2637,-3.726253E-05,3.9555,0,0.2637,2.047761E-05,3.9555,0
0.2646,0.0001070878,3.969,0,0.2646,-8.526741E-05,3.969,0
0.2655,-6.948959E-05,3.9825,0,0.2655,5.270466E-05,3.9825,0
0.2664,-1.107805E-05,3.996,0,0.2664,4.46479E-05,3.996,0
0.2673,0.0001339437,4.0095,0,0.2673,-6.848249E-05,4.0095,0
0.2682,7.721065E-06,4.023,0,0.2682,1.242084E-05,4.023,0
0.2691,-8.392462E-05,4.0365,0,0.2691,7.486076E-05,4.0365,0
0.27,6.411841E-05,4.05,0,0.27,3.961242E-05,4.05,0
0.2709,7.385367E-06,4.0635,0,0.2709,1.443504E-05,4.0635,0
0.2718,1.644922E-05,4.077,0,0.2718,-6.915389E-05,4.077,0
0.2727,8.157473E-05,4.0905,0,0.2727,3.591974E-05,4.0905,0
0.2736,-1.477073E-05,4.104,0,0.2736,7.721065E-06,4.104,0
0.2745,-6.61326E-05,4.1175,0,0.2745,-4.46479E-05,4.1175,0
0.2754,6.143282E-05,4.131,0,0.2754,-5.539025E-05,4.131,0
0.2763,-6.009003E-05,4.1445,0,0.2763,2.24918E-05,4.1445,0
0.2772,-3.189136E-05,4.158,0,0.2772,-1.443504E-05,4.158,0
0.2781,0.0001070878,4.1715,0,0.2781,-0.0001097734,4.1715,0
0.279,7.284657E-05,4.185,0,0.279,3.591974E-05,4.185,0
0.2799,7.284657E-05,4.1985,0,0.2799,2.1149E-05,4.1985,0
0.2808,0.0001500572,4.212,0,0.2808,-9.231708E-05,4.212,0
0.2817,0.0001070878,4.2255,0,0.2817,-4.800488E-05,4.2255,0
0.2826,-3.692683E-05,4.239,0,0.2826,5.035477E-06,4.239,0
0.2835,-4.095522E-05,4.2525,0,0.2835,-2.920577E-05,4.2525,0
0.2844,1.040665E-05,4.266,0,0.2844,-4.229801E-05,4.266,0
0.2853,4.632639E-05,4.2795,0,0.2853,-7.418937E-05,4.2795,0
0.2862,3.356985E-07,4.293,0,0.2862,-2.014191E-06,4.293,0
0.2871,-0.0001164874,4.3065,0,0.2871,-4.36408E-06,4.3065,0
0.288,-0.0001138018,4.32,0,0.288,-8.795301E-05,4.32,0
0.2889,8.392462E-06,4.3335,0,0.2889,-7.418937E-05,4.3335,0
0.2898,-8.82887E-05,4.347,0,0.2898,2.618448E-05,4.347,0
0.2907,-7.553216E-05,4.3605,0,0.2907,-1.947051E-05,4.3605,0
0.2916,6.378271E-05,4.374,0,0.2916,-0.0001399863,4.374,0
0.2925,-4.061952E-05,4.3875,0,0.2925,-1.208515E-05,4.3875,0
0.2934,9.869535E-05,4.401,0,0.2934,2.349889E-06,4.401,0
0.2943,6.814679E-05,4.4145,0,0.2943,-8.627451E-05,4.4145,0
0.2952,-8.560311E-05,4.428,0,0.2952,-7.251087E-05,4.428,0
0.2961,-2.584878E-05,4.4415,0,0.2961,-1.007095E-05,4.4415,0
0.297,-7.888914E-05,4.455,0,0.297,-1.779202E-05,4.455,0
0.2979,-3.390555E-05,4.4685,0,0.2979,-3.021286E-06,4.4685,0
0.2988,8.023193E-05,4.482,0,0.2988,-4.129091E-05,4.482,0
0.2997,3.524834E-05,4.4955,0,0.2997,3.457694E-05,4.4955,0
0.3006,-0.0001232013,4.509,0,0.3006,4.39765E-05,4.509,0
0.3015,-7.150377E-05,4.5225,0,0.3015,-7.721065E-06,4.5225,0
0.3024,-4.36408E-06,4.536,0,0.3024,-3.692683E-06,4.536,0
0.3033,-0.0001094377,4.5495,0,0.3033,9.970245E-05,4.5495,0
0.3042,-6.076142E-05,4.563,0,0.3042,3.189136E-05,4.563,0
0.3051,0.0001967193,4.5765,0,0.3051,-8.392462E-05,4.5765,0
0.306,-1.712062E-05,4.59,0,0.306,5.069047E-05,4.59,0
0.3069,6.948959E-05,4.6035,0,0.3069,-6.713969E-07,4.6035,0
0.3078,0.0002145113,4.617,0,0.3078,-0.0001107805,4.617,0
0.3087,0.000105745,4.6305,0,0.3087,-1.409934E-05,4.6305,0
0.3096,-7.217517E-05,4.644,0,0.3096,4.599069E-05,4.644,0
0.3105,-1.342794E-06,4.6575,0,0.3105,8.728161E-06,4.6575,0
0.3114,-1.443504E-05,4.671,0,0.3114,1.242084E-05,4.671,0
0.3123,4.733349E-05,4.6845,0,0.3123,-7.687495E-05,4.6845,0
0.3132,8.82887E-05,4.698,0,0.3132,2.987716E-05,4.698,0
0.3141,-0.0001054093,4.7115,0,0.3141,0,4.7115,0
0.315,-3.424125E-05,4.725,0,0.315,-4.39765E-05,4.725,0
0.3159,4.666209E-05,4.7385,0,0.3159,-8.258183E-05,4.7385,0
0.3168,-1.846342E-05,4.752,0,0.3168,9.063859E-06,4.752,0
0.3177,-6.814679E-05,4.7655,0,0.3177,-1.443504E-05,4.7655,0
0.3186,3.323415E-05,4.779,0,0.3186,-0.0001054093,4.779,0
0.3195,-5.102617E-05,4.7925,0,0.3195,3.994812E-05,4.7925,0
0.3204,-0.0001161517,4.806,0,0.3204,3.524834E-05,4.806,0
0.3213,-3.390555E-05,4.8195,0,0.3213,-0.0001044022,4.8195,0
0.3222,-7.016098E-05,4.833,0,0.3222,-4.39765E-05,4.833,0
0.3231,-0.0002171969,4.8465,0,0.3231,5.337606E-05,4.8465,0
0.324,-0.0001242084,4.86,0,0.324,-7.385367E-06,4.86,0
0.3249,3.021286E-05,4.8735,0,0.3249,2.014191E-06,4.8735,0
0.3258,2.1149E-05,4.887,0,0.3258,-5.270466E-05,4.887,0
0.3267,1.107805E-05,4.9005,0,0.3267,3.155566E-05,4.9005,0
0.3276,-5.337606E-05,4.914,0,0.3276,-1.443504E-05,4.914,0
0.3285,-2.584878E-05,4.9275,0,0.3285,-7.821774E-05,4.9275,0
0.3294,-2.954147E-05,4.941,0,0.3294,-1.510643E-05,4.941,0
0.3303,-0.0001077592,4.9545,0,0.3303,7.754635E-05,4.9545,0
0.3312,-1.678492E-06,4.968,0,0.3312,1.678492E-06,4.968,0
0.3321,5.337606E-05,4.9815,0,0.3321,-6.948959E-05,4.9815,0
0.333,-2.383459E-05,4.995,0,0.333,5.337606E-05,4.995,0
0.3339,6.814679E-05,5.0085,0,0.3339,4.53193E-05,5.0085,0
0.3348,6.411841E-05,5.022,0,0.3348,-4.666209E-05,5.022,0
0.3357,0.0001621424,5.0355,0,0.3357,-2.987716E-05,5.0355,0
0.3366,-6.042573E-06,5.049,0,0.3366,2.316319E-05,5.049,0
0.3375,-1.947051E-05,5.0625,0,0.3375,-2.618448E-05,5.0625,0
0.3384,1.477073E-05,5.076,0,0.3384,-4.46479E-05,5.076,0
0.3393,6.143282E-05,5.0895,0,0.3393,-8.82887E-05,5.0895,0
0.3402,8.157473E-05,5.103,0,0.3402,1.745632E-05,5.103,0
0.3411,-8.996719E-05,5.1165,0,0.3411,5.505455E-05,5.1165,0
0.342,-1.376364E-05,5.13,0,0.342,-1.107805E-05,5.13,0
0.3429,0.0001097734,5.1435,0,0.3429,-4.800488E-05,5.1435,0
0.3438,-7.284657E-05,5.157,0,0.3438,2.652018E-05,5.157,0
0.3447,-4.766919E-05,5.1705,0,0.3447,-1.577783E-05,5.1705,0
0.3456,0.000112459,5.184,0,0.3456,-0.0001413291,5.184,0
0.3465,-4.934768E-05,5.1975,0,0.3465,-3.356985E-07,5.1975,0
0.3474,-0.0001362936,5.211,0,0.3474,-1.712062E-05,5.211,0
0.3483,1.208515E-05,5.2245,0,0.3483,-0.0001487144,5.2245,0
0.3492,6.243992E-05,5.238,0,0.3492,-5.438316E-05,5.238,0
0.3501,-5.203327E-05,5.2515,0,0.3501,0,5.2515,0
0.351,-6.378271E-06,5.265,0,0.351,-1.309224E-05,5.265,0
0.3519,6.042573E-05,5.2785,0,0.3519,-3.726253E-05,5.2785,0
0.3528,5.001907E-05,5.292,0,0.3528,-9.063859E-05,5.292,0
0.3537,4.36408E-06,5.3055,0,0.3537,7.049668E-06,5.3055,0
0.3546,-5.404745E-05,5.319,0,0.3546,7.385367E-06,5.319,0
0.3555,-9.735256E-06,5.3325,0,0.3555,-3.558404E-05,5.3325,0
0.3564,5.471885E-05,5.346,0,0.3564,-6.78111E-05,5.346,0
0.3573,-2.618448E-05,5.3595,0,0.3573,2.987716E-05,5.3595,0
0.3582,-0.0001148089,5.373,0,0.3582,-1.980621E-05,5.373,0
0.3591,4.968337E-05,5.3865,0,0.3591,-9.030289E-05,5.3865,0
0.36,3.088426E-05,5.4,0,0.36,4.800488E-05,5.4,0
0.3609,-0.0001138018,5.4135,0,0.3609,3.726253E-05,5.4135,0
0.3618,-2.987716E-05,5.427,0,0.3618,-5.874724E-05,5.427,0
0.3627,-7.284657E-05,5.4405,0,0.3627,-1.510643E-05,5.4405,0
0.3636,-0.0001668421,5.454,0,0.3636,1.745632E-05,5.454,0
0.3645,-0.0001560998,5.4675,0,0.3645,-2.417029E-05,5.4675,0
0.3654,-5.304036E-05,5.481,0,0.3654,-4.599069E-05,5.481,0
0.3663,4.666209E-05,5.4945,0,0.3663,-8.92958E-05,5.4945,0
0.3672,-1.577783E-05,5.508,0,0.3672,1.007095E-06,5.508,0
0.3681,-8.258183E-05,5.5215,0,0.3681,-1.812772E-05,5.5215,0
0.369,-1.107805E-05,5.535,0,0.369,-6.64683E-05,5.535,0
0.3699,3.793393E-05,5.5485,0,0.3699,-6.881819E-05,5.5485,0
0.3708,-3.860533E-05,5.562,0,0.3708,5.841154E-05,5.562,0
0.3717,-1.577783E-05,5.5755,0,0.3717,-6.042573E-06,5.5755,0
0.3726,0.0001037308,5.589,0,0.3726,-8.82887E-05,5.589,0
0.3735,-5.035477E-06,5.6025,0,0.3735,5.270466E-05,5.6025,0
0.3744,0.0001138018,5.616,0,0.3744,3.860533E-05,5.616,0
0.3753,0.0002145113,5.6295,0,0.3753,-8.358892E-05,5.6295,0
0.3762,5.471885E-05,5.643,0,0.3762,-3.927672E-05,5.643,0
0.3771,-2.584878E-05,5.6565,0,0.3771,3.558404E-05,5.6565,0
0.378,5.069047E-05,5.67,0,0.378,8.392462E-06,5.67,0
0.3789,6.042573E-06,5.6835,0,0.3789,-1.510643E-05,5.6835,0
0.3798,7.083238E-05,5.697,0,0.3798,-6.277562E-05,5.697,0
0.3807,2.719158E-05,5.7105,0,0.3807,4.800488E-05,5.7105,0
0.3816,-6.378271E-05,5.724,0,0.3816,2.484169E-05,5.724,0
0.3825,1.577783E-05,5.7375,0,0.3825,-3.356985E-05,5.7375,0
0.3834,8.92958E-05,5.751,0,0.3834,-5.706874E-05,5.751,0
0.3843,-0.0001151446,5.7645,0,0.3843,3.189136E-05,5.7645,0
0.3852,-6.6804E-05,5.778,0,0.3852,-7.721065E-06,5.778,0
0.3861,9.265278E-05,5.7915,0,0.3861,-9.768826E-05,5.7915,0
0.387,1.309224E-05,5.805,0,0.387,6.311131E-05,5.805,0
0.3879,-0.0001050736,5.8185,0,0.3879,5.438316E-05,5.8185,0
0.3888,-1.510643E-05,5.832,0,0.3888,-5.941863E-05,5.832,0
0.3897,-0.000115816,5.8455,0,0.3897,-1.577783E-05,5.8455,0
0.3906,-0.0001742275,5.859,0,0.3906,1.208515E-05,5.859,0
0.3915,-6.51255E-05,5.8725,0,0.3915,-3.591974E-05,5.8725,0
0.3924,-1.107805E-05,5.886,0,0.3924,-2.719158E-05,5.886,0
0.3933,-3.457694E-05,5.8995,0,0.3933,-7.620356E-05,5.8995,0
0.3942,3.692683E-05,5.913,0,0.3942,2.551309E-05,5.913,0
0.3951,0.0001299153,5.9265,0,0.3951,2.652018E-05,5.9265,0
0.396,6.378271E-06,5.94,0,0.396,-6.74754E-05,5.94,0
0.3969,7.217517E-05,5.9535,0,0.3969,-6.848249E-05,5.9535,0
0.3978,3.189136E-05,5.967,0,0.3978,2.450599E-05,5.967,0
0.3987,-3.961242E-05,5.9805,0,0.3987,-1.779202E-05,5.9805,0
0.3996,9.768826E-05,5.994,0,0.3996,-0.0001174945,5.994,0
0.4005,4.733349E-05,6.0075,0,0.4005,2.383459E-05,6.0075,0
0.4014,-6.915389E-05,6.021,0,0.4014,7.217517E-05,6.021,0
0.4023,-4.46479E-05,6.0345,0,0.4023,-1.443504E-05,6.0345,0
0.4032,-0.000119173,6.048,0,0.4032,-2.349889E-05,6.048,0
0.4041,-0.0001332723,6.0615,0,0.4041,1.577783E-05,6.0615,0
0.405,-0.0001067521,6.075,0,0.405,2.014191E-06,6.075,0
0.4059,-4.061952E-05,6.0885,0,0.4059,-1.913481E-05,6.0885,0
0.4068,1.443504E-05,6.102,0,0.4068,-5.203327E-05,6.102,0
0.4077,5.270466E-05,6.1155,0,0.4077,2.786297E-05,6.1155,0
0.4086,8.426032E-05,6.129,0,0.4086,3.625543E-05,6.129,0
0.4095,0.0001003738,6.1425,0,0.4095,-2.954147E-05,6.1425,0
0.4104,0.0001225299,6.156,0,0.4104,-5.774014E-05,6.156,0
0.4113,-6.109713E-05,6.1695,0,0.4113,1.510643E-05,6.1695,0
0.4122,-1.309224E-05,6.183,0,0.4122,-4.33051E-05,6.183,0
0.4131,0.0001456931,6.1965,0,0.4131,-0.0001326009,6.1965,0
0.414,-5.706874E-06,6.21,0,0.414,2.349889E-05,6.21,0
0.4149,-3.457694E-05,6.2235,0,0.4149,2.987716E-05,6.2235,0
0.4158,3.189136E-05,6.237,0,0.4158,-7.754635E-05,6.237,0
0.4167,-0.000115816,6.2505,0,0.4167,-3.424125E-05,6.2505,0
0.4176,-0.0001080949,6.264,0,0.4176,1.712062E-05,6.264,0
0.4185,-9.768826E-05,6.2775,0,0.4185,-9.399558E-06,6.2775,0
0.4194,-9.835965E-05,6.291,0,0.4194,-2.786297E-05,6.291,0
0.4203,2.685588E-06,6.3045,0,0.4203,-0.0001007095,6.3045,0
0.4212,2.450599E-05,6.318,0,0.4212,1.040665E-05,6.318,0
0.4221,-8.526741E-05,6.3315,0,0.4221,4.129091E-05,6.3315,0
0.423,-7.284657E-05,6.345,0,0.423,-1.947051E-05,6.345,0
0.4239,0.0001188373,6.3585,0,0.4239,-3.289845E-05,6.3585,0
0.4248,-8.526741E-05,6.372,0,0.4248,6.009003E-05,6.372,0
0.4257,-4.800488E-05,6.3855,0,0.4257,-1.712062E-05,6.3855,0
0.4266,0.0001963836,6.399,0,0.4266,-0.0001104448,6.399,0
0.4275,8.392462E-06,6.4125,0,0.4275,1.040665E-05,6.4125,0
0.4284,5.471885E-05,6.426,0,0.4284,2.24918E-05,6.426,0
0.4293,0.0001836271,6.4395,0,0.4293,-0.0001050736,6.4395,0
0.4302,0.0001107805,6.453,0,0.4302,-7.217517E-05,6.453,0
0.4311,-6.881819E-05,6.4665,0,0.4311,1.074235E-05,6.4665,0
0.432,-1.678492E-06,6.48,0,0.432,-2.752728E-05,6.48,0
0.4329,1.477073E-05,6.4935,0,0.4329,-3.692683E-05,6.4935,0
0.4338,6.277562E-05,6.507,0,0.4338,-8.761731E-05,6.507,0
0.4347,2.24918E-05,6.5205,0,0.4347,2.349889E-05,6.5205,0
0.4356,-0.0001117876,6.534,0,0.4356,6.378271E-06,6.534,0
0.4365,-8.123904E-05,6.5475,0,0.4365,-5.505455E-05,6.5475,0
0.4374,-9.063859E-06,6.561,0,0.4374,-4.934768E-05,6.561,0
0.4383,-9.433127E-05,6.5745,0,0.4383,4.800488E-05,6.5745,0
0.4392,-7.150377E-05,6.588,0,0.4392,-1.141375E-05,6.588,0
0.4401,-1.242084E-05,6.6015,0,0.4401,-0.0001144732,6.6015,0
0.441,-4.36408E-05,6.615,0,0.441,3.860533E-05,6.615,0
0.4419,-7.721065E-06,6.6285,0,0.4419,4.699779E-06,6.6285,0
0.4428,4.733349E-05,6.642,0,0.4428,-8.090334E-05,6.642,0
0.4437,0.0002222324,6.6555,0,0.4437,-1.745632E-05,6.6555,0
0.4446,-2.450599E-05,6.669,0,0.4446,2.1149E-05,6.669,0
0.4455,-5.169757E-05,6.6825,0,0.4455,-1.712062E-05,6.6825,0
0.4464,3.356985E-06,6.696,0,0.4464,-1.376364E-05,6.696,0
0.4473,5.841154E-05,6.7095,0,0.4473,-8.258183E-05,6.7095,0
0.4482,1.174945E-05,6.723,0,0.4482,-1.812772E-05,6.723,0
0.4491,-0.0001265583,6.7365,0,0.4491,-1.376364E-05,6.7365,0
0.45,-1.510643E-05,6.75,0,0.45,-5.941863E-05,6.75,0
0.4509,5.236896E-05,6.7635,0,0.4509,-8.123904E-05,6.7635,0
0.4518,-6.71397E-05,6.777,0,0.4518,3.726253E-05,6.777,0
0.4527,4.934768E-05,6.7905,0,0.4527,9.735256E-06,6.7905,0
0.4536,0.0001077592,6.804,0,0.4536,-0.0001221943,6.804,0
0.4545,-5.841154E-05,6.8175,0,0.4545,3.793393E-05,6.8175,0
0.4554,-5.404745E-05,6.831,0,0.4554,3.390555E-05,6.831,0
0.4563,-1.242084E-05,6.8445,0,0.4563,-8.661021E-05,6.8445,0
0.4572,-0.0001980621,6.858,0,0.4572,-3.189136E-05,6.858,0
0.4581,-0.0002017548,6.8715,0,0.4581,3.558404E-05,6.8715,0
0.459,-3.155566E-05,6.885,0,0.459,1.174945E-05,6.885,0
0.4599,-0.0001111162,6.8985,0,0.4599,6.042573E-06,6.8985,0
0.4608,-7.049668E-06,6.912,0,0.4608,-3.424125E-05,6.912,0
0.4617,0.0001285725,6.9255,0,0.4617,6.78111E-05,6.9255,0
0.4626,5.136187E-05,6.939,0,0.4626,3.323415E-05,6.939,0
0.4635,4.800488E-05,6.9525,0,0.4635,-2.652018E-05,6.9525,0
0.4644,0.0001349508,6.966,0,0.4644,-4.53193E-05,6.966,0
0.4653,-4.33051E-05,6.9795,0,0.4653,4.061952E-05,6.9795,0
0.4662,-6.54612E-05,6.993,0,0.4662,-1.309224E-05,6.993,0
0.4671,0.0001188373,7.0065,0,0.4671,-0.0001040665,7.0065,0
0.468,-3.927672E-05,7.02,0,0.468,3.356985E-05,7.02,0
0.4689,-0.0001497215,7.0335,0,0.4689,3.927672E-05,7.0335,0
0.4698,-6.814679E-05,7.047,0,0.4698,-5.941863E-05,7.047,0
0.4707,6.881819E-05,7.0605,0,0.4707,-8.056763E-06,7.0605,0
0.4716,-0.0001436789,7.074,0,0.4716,4.666209E-05,7.074,0
0.4725,-8.86244E-05,7.0875,0,0.4725,1.007095E-06,7.0875,0
0.4734,1.309224E-05,7.101,0,0.4734,4.699779E-06,7.101,0
0.4743,3.927672E-05,7.1145,0,0.4743,-5.807584E-05,7.1145,0
0.4752,1.107805E-05,7.128,0,0.4752,3.323415E-05,7.128,0
0.4761,5.606165E-05,7.1415,0,0.4761,2.652018E-05,7.1415,0
0.477,3.994812E-05,7.155,0,0.477,-4.028382E-05,7.155,0
0.4779,9.231708E-05,7.1685,0,0.4779,-4.43122E-05,7.1685,0
0.4788,3.054856E-05,7.182,0,0.4788,5.673304E-05,7.182,0
0.4797,-4.39765E-05,7.1955,0,0.4797,-2.316319E-05,7.1955,0
0.4806,0.0001379721,7.209,0,0.4806,-0.0001188373,7.209,0
0.4815,1.409934E-05,7.2225,0,0.4815,1.644922E-05,7.2225,0
0.4824,-2.1149E-05,7.236,0,0.4824,1.644922E-05,7.236,0
0.4833,3.793393E-05,7.2495,0,0.4833,-0.0001117876,7.2495,0
0.4842,-0.0001453574,7.263,0,0.4842,-8.358892E-05,7.263,0
0.4851,-0.0001507286,7.2765,0,0.4851,-1.107805E-05,7.2765,0
0.486,-0.0001383078,7.29,0,0.486,-3.088426E-05,7.29,0
0.4869,-8.090334E-05,7.3035,0,0.4869,-3.088426E-05,7.3035,0
0.4878,0.0001003738,7.317,0,0.4878,-9.903105E-05,7.317,0
0.4887,3.524834E-05,7.3305,0,0.4887,2.517739E-05,7.3305,0
0.4896,5.874724E-05,7.344,0,0.4896,5.035477E-05,7.344,0
0.4905,0.0001440146,7.3575,0,0.4905,-1.510643E-05,7.3575,0
0.4914,0.0001198444,7.371,0,0.4914,-3.121996E-05,7.371,0
0.4923,-6.78111E-05,7.3845,0,0.4923,6.143282E-05,7.3845,0
0.4932,1.678492E-06,7.398,0,0.4932,7.385367E-06,7.398,0
0.4941,0.0001430075,7.4115,0,0.4941,-8.426032E-05,7.4115,0
0.495,-9.567407E-05,7.425,0,0.495,5.270466E-05,7.425,0
0.4959,-9.365987E-05,7.4385,0,0.4959,3.591974E-05,7.4385,0
0.4968,8.560311E-05,7.452,0,0.4968,-9.399557E-05,7.452,0
0.4977,-0.0001527428,7.4655,0,0.4977,-1.040665E-05,7.4655,0
0.4986,-0.0001735561,7.479,0,0.4986,5.874724E-05,7.479,0
0.4995,-5.337606E-05,7.4925,0,0.4995,6.713969E-06,7.4925,0
0.5004,-7.989624E-05,7.506,0,0.5004,-1.141375E-05,7.506,0
0.5013,-2.887007E-05,7.5195,0,0.5013,-7.888914E-05,7.5195,0
0.5022,1.141375E-05,7.533,0,0.5022,3.021286E-06,7.533,0
0.5031,-0.0001111162,7.5465,0,0.5031,-1.141375E-05,7.5465,0
0.504,-7.855344E-05,7.56,0,0.504,-0.000115816,7.56,0
0.5049,3.558404E-05,7.5735,0,0.5049,-0.0001258869,7.5735,0
0.5058,6.378271E-06,7.587,0,0.5058,-3.692683E-06,7.587,0
0.5067,-6.210422E-05,7.6005,0,0.5067,-2.819867E-05,7.6005,0
0.5076,0.0001198444,7.614,0,0.5076,-0.0001238727,7.614,0
0.5085,6.948959E-05,7.6275,0,0.5085,3.289845E-05,7.6275,0
0.5094,0.0001017166,7.641,0,0.5094,4.263371E-05,7.641,0
0.5103,0.0001453574,7.6545,0,0.5103,-8.023193E-05,7.6545,0
0.5112,-3.256275E-05,7.668,0,0.5112,-3.692683E-05,7.668,0
0.5121,-0.0001131304,7.6815,0,0.5121,2.517739E-05,7.6815,0
0.513,-4.800488E-05,7.695,0,0.513,-3.692683E-06,7.695,0
0.5139,5.169757E-05,7.7085,0,0.5139,-2.652018E-05,7.7085,0
0.5148,4.36408E-06,7.722,0,0.5148,-6.478981E-05,7.722,0
0.5157,4.33051E-05,7.7355,0,0.5157,1.544213E-05,7.7355,0
0.5166,-6.277562E-05,7.749,0,0.5166,3.457694E-05,7.749,0
0.5175,6.042573E-06,7.7625,0,0.5175,-3.591974E-05,7.7625,0
0.5184,5.807584E-05,7.776,0,0.5184,-3.994812E-05,7.776,0
0.5193,-6.311131E-05,7.7895,0,0.5193,6.378271E-05,7.7895,0
0.5202,-2.819867E-05,7.803,0,0.5202,4.36408E-06,7.803,0
0.5211,6.948959E-05,7.8165,0,0.5211,-0.0001077592,7.8165,0
0.522,-2.517739E-05,7.83,0,0.522,2.652018E-05,7.83,0
0.5229,7.385367E-05,7.8435,0,0.5229,2.081331E-05,7.8435,0
0.5238,3.256275E-05,7.857,0,0.5238,-0.000112459,7.857,0
0.5247,0.0001715419,7.8705,0,0.5247,-4.061952E-05,7.8705,0
0.5256,8.96315E-05,7.884,0,0.5256,9.063859E-06,7.884,0
0.5265,6.713969E-07,7.8975,0,0.5265,-3.088426E-05,7.8975,0
0.5274,7.049668E-06,7.911,0,0.5274,-5.001907E-05,7.911,0
0.5283,9.500267E-05,7.9245,0,0.5283,-0.0001007095,7.9245,0
0.5292,2.517739E-05,7.938,0,0.5292,-6.042573E-06,7.938,0
0.5301,-0.0002517739,7.9515,0,0.5301,3.356985E-06,7.9515,0
0.531,-0.000112459,7.965,0,0.531,-4.196231E-05,7.965,0
0.5319,3.659113E-05,7.9785,0,0.5319,-4.129091E-05,7.9785,0
0.5328,-0.0001772488,7.992,0,0.5328,6.143282E-05,7.992,0
0.5337,-0.0001030594,8.0055,0,0.5337,2.987716E-05,8.0055,0
0.5346,0.0001040665,8.019,0,0.5346,-7.049668E-05,8.019,0
0.5355,-5.673304E-05,8.0325,0,0.5355,6.411841E-05,8.0325,0
0.5364,3.491264E-05,8.046,0,0.5364,8.493171E-05,8.046,0
0.5373,0.0001571069,8.0595,0,0.5373,-5.438316E-05,8.0595,0
0.5382,5.438316E-05,8.073,0,0.5382,-9.399558E-06,8.073,0
0.5391,-6.71397E-05,8.0865,0,0.5391,4.33051E-05,8.0865,0
0.54,-3.659113E-05,8.1,0,0.54,1.040665E-05,8.1,0
0.5409,7.721065E-06,8.1135,0,0.5409,-2.349889E-06,8.1135,0
0.5418,-4.36408E-06,8.127,0,0.5418,-7.150377E-05,8.127,0
0.5427,-3.021286E-06,8.1405,0,0.5427,1.846342E-05,8.1405,0
0.5436,-0.0002051118,8.154,0,0.5436,-1.007095E-06,8.154,0
0.5445,-0.000115816,8.1675,0,0.5445,-5.471885E-05,8.1675,0
0.5454,6.948959E-05,8.181,0,0.5454,-5.337606E-05,8.181,0
0.5463,-0.0001013809,8.1945,0,0.5463,3.088426E-05,8.1945,0
0.5472,-0.0001228656,8.208,0,0.5472,-1.644922E-05,8.208,0
0.5481,0.0001151446,8.2215,0,0.5481,-0.0001185016,8.2215,0
0.549,2.349889E-06,8.235,0,0.549,6.378271E-06,8.235,0
0.5499,-7.620356E-05,8.2485,0,0.5499,2.24918E-05,8.2485,0
0.5508,1.745632E-05,8.262,0,0.5508,-5.874724E-05,8.262,0
0.5517,1.779202E-05,8.2755,0,0.5517,-2.618448E-05,8.2755,0
0.5526,-3.021286E-05,8.289,0,0.5526,4.129091E-05,8.289,0
0.5535,-5.438316E-05,8.3025,0,0.5535,1.644922E-05,8.3025,0
0.5544,-4.36408E-06,8.316,0,0.5544,-9.063859E-06,8.316,0
0.5553,6.411841E-05,8.3295,0,0.5553,-9.433127E-05,8.3295,0
0.5562,3.994812E-05,8.343,0,0.5562,-1.007095E-06,8.343,0
0.5571,-6.64683E-05,8.3565,0,0.5571,-8.392462E-06,8.3565,0
0.558,-1.040665E-05,8.37,0,0.558,-7.989624E-05,8.37,0
0.5589,6.042573E-06,8.3835,0,0.5589,-8.627451E-05,8.3835,0
0.5598,-7.318227E-05,8.397,0,0.5598,6.6804E-05,8.397,0
0.5607,3.793393E-05,8.4105,0,0.5607,4.733349E-05,8.4105,0
0.5616,7.116808E-05,8.424,0,0.5616,-7.452507E-05,8.424,0
0.5625,-1.275654E-05,8.4375,0,0.5625,6.009003E-05,8.4375,0
0.5634,5.270466E-05,8.451,0,0.5634,-1.678492E-06,8.451,0
0.5643,0.0001285725,8.4645,0,0.5643,-6.881819E-05,8.4645,0
0.5652,0.0001003738,8.478,0,0.5652,-3.289845E-05,8.478,0
0.5661,2.349889E-06,8.4915,0,0.5661,1.712062E-05,8.4915,0
0.567,3.961242E-05,8.505,0,0.567,-2.887007E-05,8.505,0
0.5679,-3.860533E-05,8.5185,0,0.5679,-6.378271E-05,8.5185,0
0.5688,4.867628E-05,8.532,0,0.5688,-9.634547E-05,8.532,0
0.5697,7.083238E-05,8.5455,0,0.5697,1.544213E-05,8.5455,0
0.5706,-0.0001111162,8.559,0,0.5706,2.21561E-05,8.559,0
0.5715,-9.735256E-06,8.5725,0,0.5715,-5.203327E-05,8.5725,0
0.5724,0.0001017166,8.586,0,0.5724,-6.814679E-05,8.586,0
0.5733,-7.989624E-05,8.5995,0,0.5733,3.222705E-05,8.5995,0
0.5742,-7.016098E-05,8.613,0,0.5742,7.385367E-06,8.613,0
0.5751,8.96315E-05,8.6265,0,0.5751,-0.0001030594,8.6265,0
0.576,-7.251087E-05,8.64,0,0.576,1.913481E-05,8.64,0
0.5769,-0.0001040665,8.6535,0,0.5769,2.383459E-05,8.6535,0
0.5778,-1.376364E-05,8.667,0,0.5778,-8.090334E-05,8.667,0
0.5787,-5.941863E-05,8.6805,0,0.5787,-3.860533E-05,8.6805,0
0.5796,-0.0002212253,8.694,0,0.5796,3.289845E-05,8.694,0
0.5805,-0.0001305867,8.7075,0,0.5805,-1.107805E-05,8.7075,0
0.5814,-2.517739E-05,8.721,0,0.5814,-3.558404E-05,8.721,0
0.5823,-8.392462E-06,8.7345,0,0.5823,-9.399557E-05,8.7345,0
0.5832,2.1149E-05,8.748,0,0.5832,-1.141375E-05,8.748,0
0.5841,-6.210422E-05,8.7615,0,0.5841,-4.666209E-05,8.7615,0
0.585,-8.82887E-05,8.775,0,0.585,-9.500267E-05,8.775,0
0.5859,3.424125E-05,8.7885,0,0.5859,-8.627451E-05,8.7885,0
0.5868,-2.316319E-05,8.802,0,0.5868,3.524834E-05,8.802,0
0.5877,-9.970245E-05,8.8155,0,0.5877,-4.196231E-05,8.8155,0
0.5886,0.0001017166,8.829,0,0.5886,-0.000130251,8.829,0
0.5895,1.577783E-05,8.8425,0,0.5895,2.987716E-05,8.8425,0
0.5904,8.560311E-05,8.856,0,0.5904,4.46479E-05,8.856,0
0.5913,8.560311E-05,8.8695,0,0.5913,-6.478981E-05,8.8695,0
0.5922,0.0001742275,8.883,0,0.5922,-2.920577E-05,8.883,0
0.5931,2.719158E-05,8.8965,0,0.5931,4.934768E-05,8.8965,0
0.594,3.021286E-06,8.91,0,0.594,7.721065E-06,8.91,0
0.5949,9.063859E-06,8.9235,0,0.5949,-2.920577E-05,8.9235,0
0.5958,0.0001205158,8.937,0,0.5958,-8.627451E-05,8.937,0
0.5967,-4.699779E-05,8.9505,0,0.5967,1.678492E-05,8.9505,0
0.5976,-0.0002091402,8.964,0,0.5976,3.524834E-05,8.964,0
0.5985,-9.399558E-06,8.9775,0,0.5985,-2.349889E-05,8.9775,0
0.5994,-3.021286E-06,8.991,0,0.5994,-4.46479E-05,8.991,0
0.6003,-0.0001205158,9.0045,0,0.6003,6.109713E-05,9.0045,0
0.6012,-2.014191E-06,9.018,0,0.6012,1.678492E-06,9.018,0
0.6021,9.600977E-05,9.0315,0,0.6021,-8.157473E-05,9.0315,0
0.603,-9.835965E-05,9.045,0,0.603,3.860533E-05,9.045,0
0.6039,7.016098E-05,9.0585,0,0.6039,1.712062E-05,9.0585,0
0.6048,0.0001514,9.072001,0,0.6048,-8.96315E-05,9.072001,0
0.6057,-0.0001326009,9.0855,0,0.6057,-4.49836E-05,9.0855,0
0.6066,-0.0001272297,9.099,0,0.6066,2.349889E-05,9.099,0
0.6075,1.678492E-06,9.1125,0,0.6075,-9.735256E-06,9.1125,0
0.6084,-4.867628E-05,9.126,0,0.6084,-5.035477E-06,9.126,0
0.6093,2.652018E-05,9.1395,0,0.6093,-4.867628E-05,9.1395,0
0.6102,6.143282E-05,9.153,0,0.6102,5.337606E-05,9.153,0
0.6111,-7.016098E-05,9.1665,0,0.6111,4.196231E-05,9.1665,0
0.612,-5.774014E-05,9.18,0,0.612,-3.256275E-05,9.18,0
0.6129,7.486076E-05,9.1935,0,0.6129,-2.853437E-05,9.1935,0
0.6138,-2.786297E-05,9.207,0,0.6138,5.941863E-05,9.207,0
0.6147,-9.466698E-05,9.2205,0,0.6147,1.309224E-05,9.2205,0
0.6156,8.426032E-05,9.234,0,0.6156,-9.567407E-05,9.234,0
0.6165,1.544213E-05,9.2475,0,0.6165,4.263371E-05,9.2475,0
0.6174,-7.721065E-06,9.261,0,0.6174,5.874724E-05,9.261,0
0.6183,3.021286E-05,9.2745,0,0.6183,-7.418937E-05,9.2745,0
0.6192,2.1149E-05,9.288,0,0.6192,-2.316319E-05,9.288,0
0.6201,-0.000112459,9.3015,0,0.6201,4.632639E-05,9.3015,0
0.621,-3.457694E-05,9.315,0,0.621,1.107805E-05,9.315,0
0.6219,2.551309E-05,9.3285,0,0.6219,-1.376364E-05,9.3285,0
0.6228,-1.913481E-05,9.342,0,0.6228,-8.86244E-05,9.342,0
0.6237,4.061952E-05,9.3555,0,0.6237,-1.007095E-06,9.3555,0
0.6246,8.224613E-05,9.369,0,0.6246,3.021286E-05,9.369,0
0.6255,0.0001285725,9.3825,0,0.6255,-2.28275E-05,9.3825,0
0.6264,0.0001097734,9.396,0,0.6264,-3.860533E-05,9.396,0
0.6273,6.713969E-07,9.4095,0,0.6273,6.210422E-05,9.4095,0
0.6282,1.577783E-05,9.423,0,0.6282,1.141375E-05,9.423,0
0.6291,0.0001426719,9.4365,0,0.6291,-7.754635E-05,9.4365,0
0.63,4.129091E-05,9.45,0,0.63,3.860533E-05,9.45,0
0.6309,-2.081331E-05,9.4635,0,0.6309,5.706874E-06,9.4635,0
0.6318,-5.706874E-06,9.477,0,0.6318,-0.0001084306,9.477,0
0.6327,2.316319E-05,9.4905,0,0.6327,-6.478981E-05,9.4905,0
0.6336,-2.786297E-05,9.504,0,0.6336,-9.735256E-06,9.504,0
0.6345,-0.0001064164,9.5175,0,0.6345,-1.577783E-05,9.5175,0
0.6354,-4.39765E-05,9.531,0,0.6354,-5.941863E-05,9.531,0
0.6363,0.000119173,9.5445,0,0.6363,-0.0001107805,9.5445,0
0.6372,-2.1149E-05,9.558,0,0.6372,-1.678492E-06,9.558,0
0.6381,-0.0002762798,9.5715,0,0.6381,4.196231E-05,9.5715,0
0.639,-0.0001144732,9.585,0,0.639,-2.316319E-05,9.585,0
0.6399,-6.378271E-06,9.5985,0,0.6399,-4.33051E-05,9.5985,0
0.6408,-0.000189334,9.612,0,0.6408,6.411841E-05,9.612,0
0.6417,-0.0001238727,9.6255,0,0.6417,1.980621E-05,9.6255,0
0.6426,6.378271E-05,9.639,0,0.6426,-9.500267E-05,9.639,0
0.6435,-0.0001104448,9.6525,0,0.6435,4.666209E-05,9.6525,0
0.6444,4.028382E-05,9.666,0,0.6444,1.477073E-05,9.666,0
0.6453,0.000126894,9.6795,0,0.6453,-0.000115816,9.6795,0
0.6462,-4.39765E-05,9.693,0,0.6462,-6.51255E-05,9.693,0
0.6471,-9.835965E-05,9.7065,0,0.6471,-1.007095E-05,9.7065,0
0.648,-1.678492E-06,9.72,0,0.648,-4.867628E-05,9.72,0
0.6489,1.107805E-05,9.7335,0,0.6489,-6.042573E-05,9.7335,0
0.6498,-2.349889E-06,9.747,0,0.6498,-0.0001151446,9.747,0
0.6507,4.39765E-05,9.7605,0,0.6507,8.392462E-06,9.7605,0
0.6516,0.0001232013,9.774,0,0.6516,5.035477E-06,9.774,0
0.6525,4.263371E-05,9.7875,0,0.6525,-7.553216E-05,9.7875,0
0.6534,0.0001114519,9.801,0,0.6534,-7.183947E-05,9.801,0
0.6543,-2.24918E-05,9.8145,0,0.6543,2.484169E-05,9.8145,0
0.6552,-2.551309E-05,9.828,0,0.6552,-7.049668E-06,9.828,0
0.6561,0.0001708705,9.8415,0,0.6561,-7.989624E-05,9.8415,0
0.657,1.309224E-05,9.855,0,0.657,3.994812E-05,9.855,0
0.6579,-0.0001769131,9.8685,0,0.6579,2.551309E-05,9.8685,0
0.6588,-8.392462E-05,9.882,0,0.6588,-8.157473E-05,9.882,0
0.6597,0.0001003738,9.8955,0,0.6597,-3.591974E-05,9.8955,0
0.6606,-5.539025E-05,9.909,0,0.6606,1.577783E-05,9.909,0
0.6615,-0.0001077592,9.9225,0,0.6615,-3.491264E-05,9.9225,0
0.6624,2.349889E-06,9.936,0,0.6624,-4.766919E-05,9.936,0
0.6633,4.129091E-05,9.9495,0,0.6633,-0.0001097734,9.9495,0
0.6642,-1.275654E-05,9.963,0,0.6642,1.745632E-05,9.963,0
0.6651,-5.035477E-06,9.976501,0,0.6651,-1.174945E-05,9.976501,0
0.666,1.174945E-05,9.99,0,0.666,-0.0001144732,9.99,0
0.6669,-1.007095E-06,10.0035,0,0.6669,-8.627451E-05,10.0035,0
0.6678,-5.673304E-05,10.017,0,0.6678,3.826963E-05,10.017,0
0.6687,-2.349889E-05,10.0305,0,0.6687,-2.618448E-05,10.0305,0
0.6696,-2.014191E-06,10.044,0,0.6696,-0.0001097734,10.044,0
0.6705,-5.941863E-05,10.0575,0,0.6705,6.210422E-05,10.0575,0
0.6714,-6.009003E-05,10.071,0,0.6714,6.6804E-05,10.071,0
0.6723,-9.030289E-05,10.0845,0,0.6723,-3.189136E-05,10.0845,0
0.6732,-6.009003E-05,10.098,0,0.6732,-6.713969E-07,10.098,0
0.6741,-7.284657E-05,10.1115,0,0.6741,6.143282E-05,10.1115,0
0.675,-8.761731E-05,10.125,0,0.675,1.644922E-05,10.125,0
0.6759,-0.0001037308,10.1385,0,0.6759,-1.678492E-06,10.1385,0
0.6768,2.047761E-05,10.152,0,0.6768,-7.385367E-05,10.152,0
0.6777,5.136187E-05,10.1655,0,0.6777,3.591974E-05,10.1655,0
0.6786,-0.0001077592,10.179,0,0.6786,5.807584E-05,10.179,0
0.6795,-3.457694E-05,10.1925,0,0.6795,2.18204E-05,10.1925,0
0.6804,3.726253E-05,10.206,0,0.6804,4.36408E-06,10.206,0
0.6813,-6.076142E-05,10.2195,0,0.6813,6.61326E-05,10.2195,0
0.6822,-7.049668E-06,10.233,0,0.6822,3.189136E-05,10.233,0
0.6831,0.0001873197,10.2465,0,0.6831,-9.600977E-05,10.2465,0
0.684,2.450599E-05,10.26,0,0.684,1.443504E-05,10.26,0
0.6849,-6.713969E-07,10.2735,0,0.6849,1.309224E-05,10.2735,0
0.6858,6.814679E-05,10.287,0,0.6858,-0.0001101091,10.287,0
0.6867,4.53193E-05,10.3005,0,0.6867,-8.291753E-05,10.3005,0
0.6876,-0.0001064164,10.314,0,0.6876,-1.913481E-05,10.314,0
0.6885,-1.275654E-05,10.3275,0,0.6885,-4.196231E-05,10.3275,0
0.6894,7.049668E-06,10.341,0,0.6894,-4.129091E-05,10.341,0
0.6903,7.821774E-05,10.3545,0,0.6903,-0.0001104448,10.3545,0
0.6912,0.000193698,10.368,0,0.6912,-1.678492E-05,10.368,0
0.6921,9.097429E-05,10.3815,0,0.6921,-8.392462E-06,10.3815,0
0.693,6.210422E-05,10.395,0,0.693,-5.706874E-05,10.395,0
0.6939,0.0001245441,10.4085,0,0.6939,-5.874724E-05,10.4085,0
0.6948,-2.417029E-05,10.422,0,0.6948,2.21561E-05,10.422,0
0.6957,-5.169757E-05,10.4355,0,0.6957,-3.927672E-05,10.4355,0
0.6966,0.0001017166,10.449,0,0.6966,-0.0001295796,10.449,0
0.6975,4.36408E-05,10.4625,0,0.6975,1.510643E-05,10.4625,0
0.6984,-0.0001174945,10.476,0,0.6984,4.196231E-05,10.476,0
0.6993,-9.063859E-06,10.4895,0,0.6993,-6.948959E-05,10.4895,0
0.7002,-3.961242E-05,10.503,0,0.7002,-1.644922E-05,10.503,0
0.7011,-0.0001920195,10.5165,0,0.7011,5.706874E-05,10.5165,0
0.702,-0.000109102,10.53,0,0.702,-3.356985E-07,10.53,0
0.7029,-3.994812E-05,10.5435,0,0.7029,-2.517739E-05,10.5435,0
0.7038,1.174945E-05,10.557,0,0.7038,-6.042573E-05,10.557,0
0.7047,1.980621E-05,10.5705,0,0.7047,9.433127E-05,10.5705,0
0.7056,5.539025E-05,10.584,0,0.7056,0.0001366293,10.584,0
0.7065,1.577783E-05,10.5975,0,0.7065,8.96315E-05,10.5975,0
0.7074,7.351797E-05,10.611,0,0.7074,2.081331E-05,10.611,0
0.7083,-3.793393E-05,10.6245,0,0.7083,9.903105E-05,10.6245,0
0.7092,6.277562E-05,10.638,0,0.7092,2.316319E-05,10.638,0
0.7101,0.0001064164,10.6515,0,0.7101,-9.567407E-05,10.6515,0
0.711,-2.450599E-05,10.665,0,0.711,3.189136E-05,10.665,0
0.7119,-6.6804E-05,10.6785,0,0.7119,2.014191E-05,10.6785,0
0.7128,-6.814679E-05,10.692,0,0.7128,-7.553216E-05,10.692,0
0.7137,-7.217517E-05,10.7055,0,0.7137,9.063859E-06,10.7055,0
0.7146,-0.000144686,10.719,0,0.7146,6.243992E-05,10.719,0
0.7155,-0.0001064164,10.7325,0,0.7155,1.779202E-05,10.7325,0
0.7164,-4.800488E-05,10.746,0,0.7164,6.713969E-07,10.746,0
0.7173,0.0001164874,10.7595,0,0.7173,-7.452507E-05,10.7595,0
0.7182,4.733349E-05,10.773,0,0.7182,8.392462E-06,10.773,0
0.7191,7.217517E-05,10.7865,0,0.7191,-2.24918E-05,10.7865,0
0.72,6.042573E-05,10.8,0,0.72,-6.344701E-05,10.8,0
0.7209,0.0001215228,10.8135,0,0.7209,-6.210422E-05,10.8135,0
0.7218,-3.323415E-05,10.827,0,0.7218,4.36408E-05,10.827,0
0.7227,-7.217517E-05,10.8405,0,0.7227,-1.007095E-06,10.8405,0
0.7236,9.768826E-05,10.854,0,0.7236,-0.0001379721,10.854,0
0.7245,-5.270466E-05,10.8675,0,0.7245,-1.007095E-06,10.8675,0
0.7254,-8.123904E-05,10.881,0,0.7254,-5.035477E-06,10.881,0
0.7263,0.0001510643,10.8945,0,0.7263,-0.0001238727,10.8945,0
0.7272,1.846342E-05,10.908,0,0.7272,-6.210422E-05,10.908,0
0.7281,-9.835965E-05,10.9215,0,0.7281,1.846342E-05,10.9215,0
0.729,3.591974E-05,10.935,0,0.729,-3.390555E-05,10.935,0
0.7299,-9.063859E-06,10.9485,0,0.7299,-5.270466E-05,10.9485,0
0.7308,1.242084E-05,10.962,0,0.7308,-0.0001067521,10.962,0
0.7317,-5.706874E-06,10.9755,0,0.7317,-9.063859E-06,10.9755,0
0.7326,-0.000186984,10.989,0,0.7326,7.721065E-06,10.989,0
0.7335,-0.0001980621,11.0025,0,0.7335,-6.311131E-05,11.0025,0
0.7344,-1.779202E-05,11.016,0,0.7344,-7.418937E-05,11.016,0
0.7353,-4.061952E-05,11.0295,0,0.7353,-6.378271E-06,11.0295,0
0.7362,-0.0001285725,11.043,0,0.7362,-3.491264E-05,11.043,0
0.7371,5.337606E-05,11.0565,0,0.7371,-0.0001047379,11.0565,0
0.738,4.263371E-05,11.07,0,0.738,2.24918E-05,11.07,0
0.7389,5.035477E-06,11.0835,0,0.7389,1.174945E-05,11.0835,0
0.7398,-2.014191E-06,11.097,0,0.7398,-0.0001044022,11.097,0
0.7407,9.735256E-06,11.1105,0,0.7407,-1.577783E-05,11.1105,0
0.7416,-0.0001198444,11.124,0,0.7416,5.035477E-05,11.124,0
0.7425,-4.666209E-05,11.1375,0,0.7425,1.174945E-05,11.1375,0
0.7434,1.007095E-05,11.151,0,0.7434,6.378271E-06,11.151,0
0.7443,0.0001671778,11.1645,0,0.7443,-2.987716E-05,11.1645,0
0.7452,8.526741E-05,11.178,0,0.7452,5.337606E-05,11.178,0
0.7461,8.023193E-05,11.1915,0,0.7461,5.371176E-06,11.1915,0
0.747,0.0001453574,11.205,0,0.747,-9.634547E-05,11.205,0
0.7479,0.0001248798,11.2185,0,0.7479,-0.0001117876,11.2185,0
0.7488,-4.867628E-05,11.232,0,0.7488,-1.644922E-05,11.232,0
0.7497,-4.39765E-05,11.2455,0,0.7497,-6.78111E-05,11.2455,0
0.7506,4.968337E-05,11.259,0,0.7506,-0.0001514,11.259,0
0.7515,-5.673304E-05,11.2725,0,0.7515,8.392462E-06,11.2725,0
0.7524,-9.198138E-05,11.286,0,0.7524,1.846342E-05,11.286,0
0.7533,-0.0001517357,11.2995,0,0.7533,-8.661021E-05,11.2995,0
0.7542,-7.351797E-05,11.313,0,0.7542,-5.035477E-06,11.313,0
0.7551,-0.0001359579,11.3265,0,0.7551,5.874724E-05,11.3265,0
0.756,-2.551309E-05,11.34,0,0.756,4.29694E-05,11.34,0
0.7569,-2.316319E-05,11.3535,0,0.7569,5.438316E-05,11.3535,0
0.7578,3.726253E-05,11.367,0,0.7578,-3.021286E-06,11.367,0
0.7587,7.956054E-05,11.3805,0,0.7587,6.277562E-05,11.3805,0
0.7596,3.625543E-05,11.394,0,0.7596,1.309224E-05,11.394,0
0.7605,3.121996E-05,11.4075,0,0.7605,-7.150377E-05,11.4075,0
0.7614,0.0001265583,11.421,0,0.7614,-6.54612E-05,11.421,0
0.7623,-9.768826E-05,11.4345,0,0.7623,1.309224E-05,11.4345,0
0.7632,-4.53193E-05,11.448,0,0.7632,-3.927672E-05,11.448,0
0.7641,0.0002222324,11.4615,0,0.7641,-0.0001215228,11.4615,0
0.765,7.049668E-06,11.475,0,0.765,2.383459E-05,11.475,0
0.7659,-5.572595E-05,11.4885,0,0.7659,1.040665E-05,11.4885,0
0.7668,0.000112459,11.502,0,0.7668,-0.0001131304,11.502,0
0.7677,-5.035477E-05,11.5155,0,0.7677,-2.28275E-05,11.5155,0
0.7686,-0.0001802701,11.529,0,0.7686,1.846342E-05,11.529,0
0.7695,-5.606165E-05,11.5425,0,0.7695,-5.438316E-05,11.5425,0
0.7704,-3.356985E-07,11.556,0,0.7704,-5.169757E-05,11.556,0
0.7713,-4.196231E-05,11.5695,0,0.7713,-7.821774E-05,11.5695,0
0.7722,1.040665E-05,11.583,0,0.7722,5.975433E-05,11.583,0
0.7731,8.89601E-05,11.5965,0,0.7731,3.994812E-05,11.5965,0
0.774,3.054856E-05,11.61,0,0.774,-2.920577E-05,11.61,0
0.7749,5.941863E-05,11.6235,0,0.7749,-2.047761E-05,11.6235,0
0.7758,-3.356985E-05,11.637,0,0.7758,9.365987E-05,11.637,0
0.7767,-5.035477E-05,11.6505,0,0.7767,5.069047E-05,11.6505,0
0.7776,7.183947E-05,11.664,0,0.7776,-5.136187E-05,11.664,0
0.7785,-5.169757E-05,11.6775,0,0.7785,9.567407E-05,11.6775,0
0.7794,-5.941863E-05,11.691,0,0.7794,1.309224E-05,11.691,0
0.7803,-4.49836E-05,11.7045,0,0.7803,-0.0001322652,11.7045,0
0.7812,8.056763E-06,11.718,0,0.7812,-5.471885E-05,11.718,0
0.7821,-2.752728E-05,11.7315,0,0.7821,-8.728161E-06,11.7315,0
0.783,-6.378271E-05,11.745,0,0.783,-7.251087E-05,11.745,0
0.7839,-2.316319E-05,11.7585,0,0.7839,-9.332418E-05,11.7585,0
0.7848,9.063859E-05,11.772,0,0.7848,-0.0001033951,11.772,0
0.7857,4.699779E-05,11.7855,0,0.7857,3.659113E-05,11.7855,0
0.7866,-3.356985E-05,11.799,0,0.7866,4.229801E-05,11.799,0
0.7875,3.021286E-05,11.8125,0,0.7875,3.524834E-05,11.8125,0
0.7884,-2.349889E-05,11.826,0,0.7884,6.277562E-05,11.826,0
0.7893,-0.0001258869,11.8395,0,0.7893,0.0001634852,11.8395,0
0.7902,-5.706874E-05,11.853,0,0.7902,0.0001440146,11.853,0
0.7911,0.0001285725,11.8665,0,0.7911,-5.169757E-05,11.8665,0
0.792,-6.478981E-05,11.88,0,0.792,-1.007095E-06,11.88,0
0.7929,-9.365987E-05,11.8935,0,0.7929,-1.275654E-05,11.8935,0
0.7938,7.217517E-05,11.907,0,0.7938,-8.89601E-05,11.907,0
0.7947,5.304036E-05,11.9205,0,0.7947,-4.29694E-05,11.9205,0
0.7956,-4.095522E-05,11.934,0,0.7956,2.517739E-05,11.934,0
0.7965,1.947051E-05,11.9475,0,0.7965,6.042573E-06,11.9475,0
0.7974,7.721065E-06,11.961,0,0.7974,-1.208515E-05,11.961,0
0.7983,8.291753E-05,11.9745,0,0.7983,-0.0001013809,11.9745,0
0.7992,5.337606E-05,11.988,0,0.7992,-1.947051E-05,11.988,0
0.8001,-0.000231632,12.0015,0,0.8001,1.309224E-05,12.0015,0
0.801,-0.0001373007,12.015,0,0.801,-1.141375E-05,12.015,0
0.8019,8.96315E-05,12.0285,0,0.8019,5.606165E-05,12.0285,0
0.8028,-8.627451E-05,12.042,0,0.8028,0.0001873197,12.042,0
0.8037,-0.0001534142,12.0555,0,0.8037,0.0001047379,12.0555,0
0.8046,7.318227E-05,12.069,0,0.8046,6.713969E-07,12.069,0
0.8055,-2.584878E-05,12.0825,0,0.8055,6.143282E-05,12.0825,0
0.8064,-7.016098E-05,12.096,0,0.8064,-4.33051E-05,12.096,0
0.8073,8.560311E-05,12.1095,0,0.8073,-0.000197055,12.1095,0
0.8082,0.0002057832,12.123,0,0.8082,-0.0001339437,12.123,0
0.8091,-2.618448E-05,12.1365,0,0.8091,-9.600977E-05,12.1365,0
0.81,-9.063859E-06,12.15,0,0.81,-0.0001930266,12.15,0
0.8109,6.277562E-05,12.1635,0,0.8109,-0.0002192111,12.1635,0
0.8118,0.0001252155,12.177,0,0.8118,-0.0002276036,12.177,0
0.8127,8.291753E-05,12.1905,0,0.8127,-0.0001077592,12.1905,0
0.8136,5.774014E-05,12.204,0,0.8136,-0.0001312581,12.204,0
0.8145,-1.007095E-06,12.2175,0,0.8145,-0.000154757,12.2175,0
0.8154,-4.36408E-05,12.231,0,0.8154,-7.418937E-05,12.231,0
0.8163,-0.0001265583,12.2445,0,0.8163,0.0001033951,12.2445,0
0.8172,-6.076142E-05,12.258,0,0.8172,6.6804E-05,12.258,0
0.8181,8.392462E-06,12.2715,0,0.8181,-0.000126894,12.2715,0
0.819,-8.627451E-05,12.285,0,0.819,-4.666209E-05,12.285,0
0.8199,-6.54612E-05,12.2985,0,0.8199,-3.424125E-05,12.2985,0
0.8208,6.042573E-05,12.312,0,0.8208,-0.0001440146,12.312,0
0.8217,0.0001161517,12.3255,0,0.8217,4.867628E-05,12.3255,0
0.8226,5.706874E-06,12.339,0,0.8226,0.0002541238,12.339,0
0.8235,-2.047761E-05,12.3525,0,0.8235,0.0002131685,12.3525,0
0.8244,3.927672E-05,12.366,0,0.8244,0.0001242084,12.366,0
0.8253,0.0001070878,12.3795,0,0.8253,-3.289845E-05,12.3795,0
0.8262,7.049668E-06,12.393,0,0.8262,-1.275654E-05,12.393,0
0.8271,-0.0002729229,12.4065,0,0.8271,-0.0001379721,12.4065,0
0.828,-0.0001722133,12.42,0,0.828,-0.0002057832,12.42,0
0.8289,-0.0001560998,12.4335,0,0.8289,-0.000154757,12.4335,0
0.8298,-0.0002907149,12.447,0,0.8298,2.517739E-05,12.447,0
0.8307,-0.0001839628,12.4605,0,0.8307,2.349889E-06,12.4605,0
0.8316,-4.229801E-05,12.474,0,0.8316,-8.761731E-05,12.474,0
0.8325,-0.0001973907,12.4875,0,0.8325,2.853437E-05,12.4875,0
0.8334,-6.915389E-05,12.501,0,0.8334,9.701686E-05,12.501,0
0.8343,0.0001591211,12.5145,0,0.8343,3.323415E-05,12.5145,0
0.8352,0.0003226062,12.528,0,0.8352,6.814679E-05,12.528,0
0.8361,0.0001930266,12.5415,0,0.8361,0.0001500572,12.5415,0
0.837,0.0001272297,12.555,0,0.837,6.378271E-05,12.555,0
0.8379,2.1149E-05,12.5685,0,0.8379,2.316319E-05,12.5685,0
0.8388,2.685588E-06,12.582,0,0.8388,-3.692683E-05,12.582,0
0.8397,-2.014191E-06,12.5955,0,0.8397,0.0001161517,12.5955,0
0.8406,-0.0002608377,12.609,0,0.8406,0.0001728847,12.609,0
0.8415,-0.0002084688,12.6225,0,0.8415,7.620356E-05,12.6225,0
0.8424,-2.450599E-05,12.636,0,0.8424,-9.735256E-06,12.636,0
0.8433,-5.606165E-05,12.6495,0,0.8433,5.706874E-06,12.6495,0
0.8442,-6.713969E-06,12.663,0,0.8442,-0.0001265583,12.663,0
0.8451,0.0002057832,12.6765,0,0.8451,-0.0003649043,12.6765,0
0.846,-8.728161E-06,12.69,0,0.846,-0.0003967956,12.69,0
0.8469,-2.987716E-05,12.7035,0,0.8469,-0.0004088808,12.7035,0
0.8478,8.96315E-05,12.717,0,0.8478,-0.0003642329,12.717,0
0.8487,6.243992E-05,12.7305,0,0.8487,-4.061952E-05,12.7305,0
0.8496,-2.1149E-05,12.744,0,0.8496,0.0002534524,12.744,0
0.8505,1.678492E-06,12.7575,0,0.8505,0.000278294,12.7575,0
0.8514,6.57969E-05,12.771,0,0.8514,0.0001554284,12.771,0
0.8523,0.0001701991,12.7845,0,0.8523,7.486076E-05,12.7845,0
0.8532,6.74754E-05,12.798,0,0.8532,0.0002944076,12.798,0
0.8541,-6.277562E-05,12.8115,0,0.8541,0.0003219348,12.8115,0
0.855,-0.000109102,12.825,0,0.855,7.687495E-05,12.825,0
0.8559,-1.812772E-05,12.8385,0,0.8559,-0.0001225299,12.8385,0
0.8568,-7.821774E-05,12.852,0,0.8568,6.277562E-05,12.852,0
0.8577,-0.000148043,12.8655,0,0.8577,9.063859E-06,12.8655,0
0.8586,-7.016098E-05,12.879,0,0.8586,-0.00021149,12.879,0
0.8595001,-0.000105745,12.8925,0,0.8595001,-0.0001896696,12.8925,0
0.8604,-3.289845E-05,12.906,0,0.8604,-0.0002420386,12.906,0
0.8613,-1.275654E-05,12.9195,0,0.8613,-0.0002725872,12.9195,0
0.8622,1.007095E-06,12.933,0,0.8622,-0.0002343175,12.933,0
0.8631,-3.524834E-05,12.9465,0,0.8631,-0.000312871,12.9465,0
0.864,-4.53193E-05,12.96,0,0.864,-0.0002292821,12.96,0
0.8649,9.332418E-05,12.9735,0,0.8649,-0.0002594949,12.9735,0
0.8658,0.0002709087,12.987,0,0.8658,-0.0003172351,12.987,0
0.8667,7.956054E-05,13.0005,0,0.8667,2.081331E-05,13.0005,0
0.8676,-0.0001913481,13.014,0,0.8676,0.0002212253,13.014,0
0.8685,-0.0001275654,13.0275,0,0.8685,0.0003749752,13.0275,0
0.8694,-0.0001134661,13.041,0,0.8694,0.0004938125,13.041,0
0.8703,-0.0002779583,13.0545,0,0.8703,0.0004716564,13.0545,0
0.8712,-0.0001460288,13.068,0,0.8712,0.0003145495,13.068,0
0.8721,0.0001205158,13.0815,0,0.8721,0.000140322,13.0815,0
0.873,0.0002077974,13.095,0,0.873,4.666209E-05,13.095,0
0.8739,0.0003722896,13.1085,0,0.8739,-0.0001671778,13.1085,0
0.8748,0.0004679637,13.122,0,0.8748,-0.0003427482,13.122,0
0.8757,0.0003454337,13.1355,0,0.8757,-0.000270573,13.1355,0
0.8766,5.035477E-06,13.149,0,0.8766,-0.0001282368,13.149,0
0.8775,-4.666209E-05,13.1625,0,0.8775,-1.174945E-05,13.1625,0
0.8784,-6.74754E-05,13.176,0,0.8784,0.0001070878,13.176,0
0.8793,-6.411841E-05,13.1895,0,0.8793,5.471885E-05,13.1895,0
0.8802,-6.54612E-05,13.203,0,0.8802,0.0003514763,13.203,0
0.8811,-0.0003118639,13.2165,0,0.8811,0.0002994431,13.2165,0
0.882,-0.000123537,13.23,0,0.882,-2.719158E-05,13.23,0
0.8829,0.0001866484,13.2435,0,0.8829,-4.061952E-05,13.2435,0
0.8838,-6.076142E-05,13.257,0,0.8838,-2.719158E-05,13.257,0
0.8847,-0.0001044022,13.2705,0,0.8847,-0.0002957504,13.2705,0
0.8856,3.591974E-05,13.284,0,0.8856,-0.000591165,13.284,0
0.8865,-9.600977E-05,13.2975,0,0.8865,-0.0005562524,13.2975,0
0.8874,-5.606165E-05,13.311,0,0.8874,-0.0005139544,13.311,0
0.8883,-0.0001067521,13.3245,0,0.8883,-0.0006160067,13.3245,0
0.8892,-0.0001245441,13.338,0,0.8892,-0.000531075,13.338,0
0.8901,-0.0001735561,13.3515,0,0.8901,-0.0002742657,13.3515,0
0.891,-0.0001064164,13.365,0,0.891,4.599069E-05,13.365,0
0.8919,4.263371E-05,13.3785,0,0.8919,0.0005072404,13.3785,0
0.8928,5.807584E-05,13.392,0,0.8928,0.0007288014,13.392,0
0.8937,0.0001178302,13.4055,0,0.8937,0.0009020218,13.4055,0
0.8946,0.0002635233,13.419,0,0.8946,0.0008536812,13.419,0
0.8955,0.0001994049,13.4325,0,0.8955,0.0005723659,13.4325,0
0.8964,0.000112459,13.446,0,0.8964,0.0002141756,13.446,0
0.8973,0.0001164874,13.4595,0,0.8973,6.176852E-05,13.4595,0
0.8982,0.0002252537,13.473,0,0.8982,-0.0001047379,13.473,0
0.8991,0.0001876554,13.4865,0,0.8991,-0.0003011215,13.4865,0
0.9,2.24918E-05,13.5,0,0.9,-8.795301E-05,13.5,0
0.9009,-3.189136E-05,13.5135,0,0.9009,-2.18204E-05,13.5135,0
0.9018,-8.224613E-05,13.527,0,0.9018,-5.841154E-05,13.527,0
0.9027,5.270466E-05,13.5405,0,0.9027,-1.745632E-05,13.5405,0
0.9036,-8.426032E-05,13.554,0,0.9036,-4.33051E-05,13.554,0
0.9045,-0.000161471,13.5675,0,0.9045,-0.0001876554,13.5675,0
0.9054,-0.0001252155,13.581,0,0.9054,-0.0003393912,13.581,0
0.9063,3.457694E-05,13.5945,0,0.9063,-0.0005784085,13.5945,0
0.9072,-6.243992E-05,13.608,0,0.9072,-0.0005297322,13.608,0
0.9081,-0.0003017929,13.6215,0,0.9081,-0.0005495384,13.6215,0
0.909,-0.0002799725,13.635,0,0.909,-0.0005998932,13.635,0
0.9099,-6.009003E-05,13.6485,0,0.9099,-0.0003910887,13.6485,0
0.9108,-0.0002299535,13.662,0,0.9108,0.0002930648,13.662,0
0.9117,-0.0002151827,13.6755,0,0.9117,0.0004451362,13.6755,0
0.9126,-1.275654E-05,13.689,0,0.9126,0.0002977645,13.689,0
0.9135,-0.0001426719,13.7025,0,0.9135,0.0004689708,13.7025,0
0.9144,-0.0002712444,13.716,0,0.9144,0.0003994812,13.716,0
0.9153,-0.0001319295,13.7295,0,0.9153,0.0001732204,13.7295,0
0.9162,-4.061952E-05,13.743,0,0.9162,0.0002239109,13.743,0
0.9171,-0.0001953765,13.7565,0,0.9171,0.0002621805,13.7565,0
0.918,-6.243992E-05,13.77,0,0.918,0.0001554284,13.77,0
0.9189,-0.0001507286,13.7835,0,0.9189,0.0001225299,13.7835,0
0.9198,-4.43122E-05,13.797,0,0.9198,5.807584E-05,13.797,0
0.9207,2.1149E-05,13.8105,0,0.9207,0.0001638209,13.8105,0
0.9216,5.337606E-05,13.824,0,0.9216,9.970245E-05,13.824,0
0.9225,0.0001279011,13.8375,0,0.9225,-8.291753E-05,13.8375,0
0.9234,0.0001326009,13.851,0,0.9234,-0.000161471,13.851,0
0.9243,2.18204E-05,13.8645,0,0.9243,-6.143282E-05,13.8645,0
0.9252,-5.035477E-06,13.878,0,0.9252,-0.0001453574,13.878,0
0.9261,0.0001688563,13.8915,0,0.9261,-0.0002447242,13.8915,0
0.927,7.284657E-05,13.905,0,0.927,-0.0001463645,13.905,0
0.9279,-0.0001628138,13.9185,0,0.9279,-0.0002957504,13.9185,0
0.9288,-8.86244E-05,13.932,0,0.9288,-0.000411902,13.932,0
0.9297,0.0002296178,13.9455,0,0.9297,-0.0003474479,13.9455,0
0.9306,0.0001675135,13.959,0,0.9306,-0.0003145495,13.959,0
0.9315,0.0002064546,13.9725,0,0.9315,-0.0003424124,13.9725,0
0.9324,0.0003024643,13.986,0,0.9324,-0.000185977,13.986,0
0.9333,0.0002135042,13.9995,0,0.9333,-0.0001379721,13.9995,0
0.9342,9.835965E-05,14.013,0,0.9342,7.217517E-05,14.013,0
0.9351,0.0001795987,14.0265,0,0.9351,0.0002326391,14.0265,0
0.936,0.0001896696,14.04,0,0.936,0.0001554284,14.04,0
0.9369,9.332418E-05,14.0535,0,0.9369,5.069047E-05,14.0535,0
0.9378,-5.035477E-06,14.067,0,0.9378,7.049668E-06,14.067,0
0.9387,1.577783E-05,14.0805,0,0.9387,-0.0002702373,14.0805,0
0.9396001,1.980621E-05,14.094,0,0.9396001,-0.0004528573,14.094,0
0.9405,-9.768826E-05,14.1075,0,0.9405,-0.0002541238,14.1075,0
0.9414001,-0.0001406577,14.121,0,0.9414001,-0.0001003738,14.121,0
0.9423,-9.701686E-05,14.1345,0,0.9423,-0.0002437171,14.1345,0
0.9432001,-0.0001812772,14.148,0,0.9432001,-5.404745E-05,14.148,0
0.9441,-0.0002326391,14.1615,0,0.9441,0.0003296559,14.1615,0
0.9450001,-0.0001319295,14.175,0,0.9450001,0.0003098497,14.175,0
0.9459,-0.0002007477,14.1885,0,0.9459,0.000323949,14.1885,0
0.9468,-4.061952E-05,14.202,0,0.9468,0.0002440528,14.202,0
0.9477,8.69459E-05,14.2155,0,0.9477,0.0002406958,14.2155,0
0.9486,0.0001017166,14.229,0,0.9486,0.0001285725,14.229,0
0.9495,6.54612E-05,14.2425,0,0.9495,5.874724E-05,14.2425,0
0.9504,4.129091E-05,14.256,0,0.9504,-2.652018E-05,14.256,0
0.9513,-2.652018E-05,14.2695,0,0.9513,1.544213E-05,14.2695,0
0.9522,0.0001322652,14.283,0,0.9522,4.632639E-05,14.283,0
0.9531,0.0003179065,14.2965,0,0.9531,-5.035477E-06,14.2965,0
0.954,4.46479E-05,14.31,0,0.954,-5.069047E-05,14.31,0
0.9549,-1.644922E-05,14.3235,0,0.9549,-2.920577E-05,14.3235,0
0.9558,4.129091E-05,14.337,0,0.9558,9.634547E-05,14.337,0
0.9567,-9.030289E-05,14.3505,0,0.9567,0.0002319677,14.3505,0
0.9576,-0.0001520714,14.364,0,0.9576,0.0002944076,14.364,0
0.9585,-1.309224E-05,14.3775,0,0.9585,0.0001258869,14.3775,0
0.9594,-3.356985E-07,14.391,0,0.9594,-3.054856E-05,14.391,0
0.9603,-1.712062E-05,14.4045,0,0.9603,-0.000190341,14.4045,0
0.9612,2.316319E-05,14.418,0,0.9612,-0.0001178302,14.418,0
0.9621,9.433127E-05,14.4315,0,0.9621,4.800488E-05,14.4315,0
0.963,-3.054856E-05,14.445,0,0.963,-7.284657E-05,14.445,0
0.9639,6.64683E-05,14.4585,0,0.9639,-0.0001574426,14.4585,0
0.9648,-1.577783E-05,14.472,0,0.9648,-8.493171E-05,14.472,0
0.9657,-0.0001138018,14.4855,0,0.9657,-0.0002997787,14.4855,0
0.9666,6.411841E-05,14.499,0,0.9666,-0.0005458457,14.499,0
0.9675,-2.987716E-05,14.5125,0,0.9675,-0.0003531548,14.5125,0
0.9684,-0.0001366293,14.526,0,0.9684,-0.000270573,14.526,0
0.9693,-3.189136E-05,14.5395,0,0.9693,-0.0002719158,14.5395,0
0.9702,2.316319E-05,14.553,0,0.9702,-3.793393E-05,14.553,0
0.9711,-0.0001305867,14.5665,0,0.9711,0.00024271,14.5665,0
0.972,-0.000148043,14.58,0,0.972,0.0004797131,14.58,0
0.9729,3.524834E-05,14.5935,0,0.9729,0.0004280156,14.5935,0
0.9738,6.948959E-05,14.607,0,0.9738,0.0003074998,14.607,0
0.9747,-7.721065E-05,14.6205,0,0.9747,0.0002866865,14.6205,0
0.9756,-7.016098E-05,14.634,0,0.9756,0.0001487144,14.634,0
0.9765,2.21561E-05,14.6475,0,0.9765,-1.644922E-05,14.6475,0
0.9774,0.0001138018,14.661,0,0.9774,-2.316319E-05,14.661,0
0.9783,4.263371E-05,14.6745,0,0.9783,0.0001033951,14.6745,0
0.9792,6.243992E-05,14.688,0,0.9792,-6.378271E-06,14.688,0
0.9801,0.0001540856,14.7015,0,0.9801,-0.0001386435,14.7015,0
0.981,8.157473E-05,14.715,0,0.981,-6.713969E-07,14.715,0
0.9819,2.652018E-05,14.7285,0,0.9819,7.721065E-06,14.7285,0
0.9828,9.433127E-05,14.742,0,0.9828,-0.0001131304,14.742,0
0.9837,2.450599E-05,14.7555,0,0.9837,-5.404745E-05,14.7555,0
0.9846,-3.994812E-05,14.769,0,0.9846,-2.24918E-05,14.769,0
0.9855,2.584878E-05,14.7825,0,0.9855,-6.478981E-05,14.7825,0
0.9864,3.189136E-05,14.796,0,0.9864,-0.0001084306,14.796,0
0.9873,9.567407E-05,14.8095,0,0.9873,-0.0002923934,14.8095,0
0.9882,0.0001050736,14.823,0,0.9882,-0.0001947051,14.823,0
0.9891,6.042573E-05,14.8365,0,0.9891,-0.0001665064,14.8365,0
0.99,0.0001094377,14.85,0,0.99,-0.0004807202,14.85,0
0.9909,0.0002437171,14.8635,0,0.9909,-0.0005300679,14.8635,0
0.9918,-5.807584E-05,14.877,0,0.9918,-0.0004199588,14.877,0
0.9927,-7.284657E-05,14.8905,0,0.9927,-0.0004055238,14.8905,0
0.9936,0.0001779202,14.904,0,0.9936,-7.956054E-05,14.904,0
0.9945,-6.076142E-05,14.9175,0,0.9945,0.0003897459,14.9175,0
0.9954,-0.0001896696,14.931,0,0.9954,0.0004978409,14.931,0
0.9963,-4.733349E-05,14.9445,0,0.9963,0.000369604,14.9445,0
0.9972,-0.0001044022,14.958,0,0.9972,0.0004213016,14.958,0
0.9981,-0.0002151827,14.9715,0,0.9981,0.0003568475,14.9715,0
0.999,-3.524834E-05,14.985,0,0.999,0.0002500954,14.985,0
0.9999,0.0001168231,14.9985,0,0.9999,0.0001426719,14.9985,0
1.0008,0.0001242084,15.012,0,1.0008,4.766919E-05,15.012,0
1.0017,0.0001604639,15.0255,0,1.0017,8.493171E-05,15.0255,0
1.0026,-6.74754E-05,15.039,0,1.0026,-9.265278E-05,15.039,0
1.0035,5.069047E-05,15.0525,0,1.0035,-0.0002433814,15.0525,0
1.0044,0.0001319295,15.066,0,1.0044,-0.0002111543,15.066,0
1.0053,1.678492E-06,15.0795,0,1.0053,-1.779202E-05,15.0795,0
1.0062,1.342794E-06,15.093,0,1.0062,-2.21561E-05,15.093,0
1.0071,3.054856E-05,15.1065,0,1.0071,-8.258183E-05,15.1065,0
1.008,-8.82887E-05,15.12,0,1.008,0.0001426719,15.12,0
1.0089,-3.155566E-05,15.1335,0,1.0089,0.0001393149,15.1335,0
1.0098,-9.903105E-05,15.147,0,1.0098,-7.553216E-05,15.147,0
1.0107,-0.0002171969,15.1605,0,1.0107,-1.342794E-05,15.1605,0
1.0116,-0.0002887007,15.174,0,1.0116,4.263371E-05,15.174,0
1.0125,-0.0001967193,15.1875,0,1.0125,3.692683E-06,15.1875,0
1.0134,-7.083238E-05,15.201,0,1.0134,2.014191E-06,15.201,0
1.0143,2.551309E-05,15.2145,0,1.0143,-6.143282E-05,15.2145,0
1.0152,7.351797E-05,15.228,0,1.0152,1.208515E-05,15.228,0
1.0161,0.0001641566,15.2415,0,1.0161,-3.054856E-05,15.2415,0
1.017,0.0001198444,15.255,0,1.017,-0.0001003738,15.255,0
1.0179,0.0001033951,15.2685,0,1.0179,-4.53193E-05,15.2685,0
1.0188,-8.358892E-05,15.282,0,1.0188,3.289845E-05,15.282,0
1.0197,-1.947051E-05,15.2955,0,1.0197,-0.0001104448,15.2955,0
1.0206,0.0001205158,15.309,0,1.0206,-0.0002349889,15.309,0
1.0215,-3.155566E-05,15.3225,0,1.0215,-0.0001587854,15.3225,0
1.0224,-5.337606E-05,15.336,0,1.0224,-0.0002383459,15.336,0
1.0233,-3.155566E-05,15.3495,0,1.0233,-0.0003712825,15.3495,0
1.0242,-0.0001356222,15.363,0,1.0242,-7.922484E-05,15.363,0
1.0251,-0.0001148089,15.3765,0,1.0251,0.0002289464,15.3765,0
1.026,-0.0001299153,15.39,0,1.026,8.224613E-05,15.39,0
1.0269,-0.0002776226,15.4035,0,1.0269,-0.0001171588,15.4035,0
1.0278,-0.0001258869,15.417,0,1.0278,-0.0001752346,15.417,0
1.0287,0.0002208896,15.4305,0,1.0287,-0.0001809415,15.4305,0
1.0296,0.0001201801,15.444,0,1.0296,-3.390555E-05,15.444,0
1.0305,-3.356985E-07,15.4575,0,1.0305,0.0002531167,15.4575,0
1.0314,4.934768E-05,15.471,0,1.0314,0.0002897078,15.471,0
1.0323,-0.0001245441,15.4845,0,1.0323,0.0003662471,15.4845,0
1.0332,1.342794E-06,15.498,0,1.0332,0.0003561761,15.498,0
1.0341,0.0001514,15.5115,0,1.0341,8.69459E-05,15.5115,0
1.035,-9.030289E-05,15.525,0,1.035,6.243992E-05,15.525,0
1.0359,-0.0002709087,15.5385,0,1.0359,4.699779E-06,15.5385,0
1.0368,-0.0001685206,15.552,0,1.0368,-0.0001426719,15.552,0
1.0377,-3.692683E-05,15.5655,0,1.0377,-0.0001597925,15.5655,0
1.0386,-0.0002084688,15.579,0,1.0386,-0.0001017166,15.579,0
1.0395,-9.533837E-05,15.5925,0,1.0395,-8.761731E-05,15.5925,0
1.0404,0.0001141375,15.606,0,1.0404,-6.009003E-05,15.606,0
1.0413,6.143282E-05,15.6195,0,1.0413,-0.0001282368,15.6195,0
1.0422,-3.994812E-05,15.633,0,1.0422,6.378271E-06,15.633,0
1.0431,-0.0002135042,15.6465,0,1.0431,-5.236896E-05,15.6465,0
1.044,-8.82887E-05,15.66,0,1.044,-0.0001735561,15.66,0
1.0449,-3.558404E-05,15.6735,0,1.0449,-0.0002695659,15.6735,0
1.0458,-0.0001245441,15.687,0,1.0458,-0.0001802701,15.687,0
1.0467,-6.848249E-05,15.7005,0,1.0467,-0.0001853056,15.7005,0
1.0476,8.96315E-05,15.714,0,1.0476,-0.000267216,15.714,0
1.0485,4.53193E-05,15.7275,0,1.0485,3.491264E-05,15.7275,0
1.0494,-9.399558E-06,15.741,0,1.0494,0.000246067,15.741,0
1.0503,3.961242E-05,15.7545,0,1.0503,0.0002433814,15.7545,0
1.0512,0.0001628138,15.768,0,1.0512,0.0002514381,15.768,0
1.0521,1.980621E-05,15.7815,0,1.0521,0.0001621424,15.7815,0
1.053,9.063859E-06,15.795,0,1.053,4.36408E-06,15.795,0
1.0539,-3.659113E-05,15.8085,0,1.0539,-4.061952E-05,15.8085,0
1.0548,9.600977E-05,15.822,0,1.0548,-0.0002735943,15.822,0
1.0557,5.807584E-05,15.8355,0,1.0557,-0.0002118257,15.8355,0
1.0566,-0.0001863127,15.849,0,1.0566,-0.000252781,15.849,0
1.0575,-9.198138E-05,15.8625,0,1.0575,-0.0003561761,15.8625,0
1.0584,-5.069047E-05,15.876,0,1.0584,-0.0003625544,15.876,0
1.0593,-0.0001252155,15.8895,0,1.0593,-5.606165E-05,15.8895,0
1.0602,1.712062E-05,15.903,0,1.0602,0.0001473716,15.903,0
1.0611,0.0001050736,15.9165,0,1.0611,-0.0001077592,15.9165,0
1.062,-5.270466E-05,15.93,0,1.062,-5.606165E-05,15.93,0
1.0629,5.941863E-05,15.9435,0,1.0629,5.069047E-05,15.9435,0
1.0638,0.0001339437,15.957,0,1.0638,0.0002366674,15.957,0
1.0647,-0.0001420005,15.9705,0,1.0647,0.0005186542,15.9705,0
1.0656,-0.0001339437,15.984,0,1.0656,0.0006814679,15.984,0
1.0665,3.659113E-05,15.9975,0,1.0665,0.0005663233,15.9975,0
1.0674,-1.242084E-05,16.011,0,1.0674,0.0002856794,16.011,0
1.0683,3.927672E-05,16.0245,0,1.0683,7.620356E-05,16.0245,0
1.0692,9.164568E-05,16.038,0,1.0692,-3.356985E-07,16.038,0
1.0701,-3.390555E-05,16.0515,0,1.0701,-2.819867E-05,16.0515,0
1.071,-4.867628E-05,16.065,0,1.071,-5.874724E-05,16.065,0
1.0719,7.754635E-05,16.0785,0,1.0719,-5.941863E-05,16.0785,0
1.0728,-0.0001027237,16.092,0,1.0728,-6.109713E-05,16.092,0
1.0737,-6.009003E-05,16.1055,0,1.0737,-0.0001735561,16.1055,0
1.0746,0.0001201801,16.119,0,1.0746,-0.0002840009,16.119,0
1.0755,0.0001044022,16.1325,0,1.0755,-0.000161471,16.1325,0
1.0764,9.768826E-05,16.146,0,1.0764,-0.0002141756,16.146,0
1.0773,0.0001215228,16.1595,0,1.0773,-0.0003054856,16.1595,0
1.0782,0.0001205158,16.173,0,1.0782,-0.0002168612,16.173,0
1.0791,3.625543E-05,16.1865,0,1.0791,-3.256275E-05,16.1865,0
1.08,5.673304E-05,16.2,0,1.08,8.761731E-05,16.2,0
1.0809,0.0001376364,16.2135,0,1.0809,1.712062E-05,16.2135,0
1.0818,4.36408E-05,16.227,0,1.0818,-4.699779E-06,16.227,0
1.0827,-0.0001178302,16.2405,0,1.0827,7.083238E-05,16.2405,0
1.0836,-0.0001080949,16.254,0,1.0836,-5.673304E-05,16.254,0
1.0845,-1.007095E-05,16.2675,0,1.0845,-6.61326E-05,16.2675,0
1.0854,0.0001221943,16.281,0,1.0854,-0.0001060807,16.281,0
1.0863,0.0001527428,16.2945,0,1.0863,-6.478981E-05,16.2945,0
1.0872,0.0001943694,16.308,0,1.0872,-0.0001050736,16.308,0
1.0881,0.0001027237,16.3215,0,1.0881,-0.0001430075,16.3215,0
1.089,-4.800488E-05,16.335,0,1.089,-1.409934E-05,16.335,0
1.0899,-2.484169E-05,16.3485,0,1.0899,-9.332418E-05,16.3485,0
1.0908,0.0001131304,16.362,0,1.0908,-0.0002064546,16.362,0
1.0917,8.291753E-05,16.3755,0,1.0917,-4.129091E-05,16.3755,0
1.0926,-0.0001258869,16.389,0,1.0926,7.049668E-06,16.389,0
1.0935,-0.000203769,16.4025,0,1.0935,-1.376364E-05,16.4025,0
1.0944,-0.0001366293,16.416,0,1.0944,-1.712062E-05,16.416,0
1.0953,2.719158E-05,16.4295,0,1.0953,-3.289845E-05,16.4295,0
1.0962,-8.392462E-06,16.443,0,1.0962,1.275654E-05,16.443,0
1.0971,-3.524834E-05,16.4565,0,1.0971,-7.486076E-05,16.4565,0
1.098,1.644922E-05,16.47,0,1.098,-0.0001661708,16.47,0
1.0989,8.426032E-05,16.4835,0,1.0989,-0.0002057832,16.4835,0
1.0998,2.349889E-06,16.497,0,1.0998,-0.0001205158,16.497,0
1.1007,-2.584878E-05,16.5105,0,1.1007,-0.0002259251,16.5105,0
1.1016,8.69459E-05,16.524,0,1.1016,-0.0003179065,16.524,0
1.1025,-0.0002665446,16.5375,0,1.1025,-0.0001493858,16.5375,0
1.1034,-0.000383032,16.551,0,1.1034,0.0001104448,16.551,0
1.1043,-0.0001977264,16.5645,0,1.1043,0.0002024262,16.5645,0
1.1052,-0.0002564736,16.578,0,1.1052,0.0002504311,16.578,0
1.1061,-0.0003910887,16.5915,0,1.1061,0.0002467384,16.5915,0
1.107,-0.0002893721,16.605,0,1.107,0.000161471,16.605,0
1.1079,-0.0001856413,16.6185,0,1.1079,0.0001326009,16.6185,0
1.1088,-5.404745E-05,16.632,0,1.1088,8.224613E-05,16.632,0
1.1097,-6.915389E-05,16.6455,0,1.1097,0.000291722,16.6455,0
1.1106,-0.0002178683,16.659,0,1.1106,0.0002413672,16.659,0
1.1115,-0.0001017166,16.6725,0,1.1115,5.236896E-05,16.6725,0
1.1124,-4.162661E-05,16.686,0,1.1124,-0.0001507286,16.686,0
1.1133,-0.0001252155,16.6995,0,1.1133,-0.0002769512,16.6995,0
1.1142,-9.970245E-05,16.713,0,1.1142,-0.0003897459,16.713,0
1.1151,9.869535E-05,16.7265,0,1.1151,-0.0004038453,16.7265,0
1.116,2.1149E-05,16.74,0,1.116,-0.0002074617,16.74,0
1.1169,-7.183947E-05,16.7535,0,1.1169,0.000112459,16.7535,0
1.1178,3.793393E-05,16.767,0,1.1178,0.0001785916,16.767,0
1.1187,0.0002628519,16.7805,0,1.1187,0.0002742657,16.7805,0
1.1196,-5.404745E-05,16.794,0,1.1196,0.0002272679,16.794,0
1.1205,-1.040665E-05,16.8075,0,1.1205,0.0001312581,16.8075,0
1.1214,0.0001420005,16.821,0,1.1214,0.0001420005,16.821,0
1.1223,3.994812E-05,16.8345,0,1.1223,-2.450599E-05,16.8345,0
1.1232,4.39765E-05,16.848,0,1.1232,1.376364E-05,16.848,0
1.1241,0.0001232013,16.8615,0,1.1241,0.0001178302,16.8615,0
1.125,0.0001742275,16.875,0,1.125,9.030289E-05,16.875,0
1.1259,0.000154757,16.8885,0,1.1259,9.130999E-05,16.8885,0
1.1268,8.291753E-05,16.902,0,1.1268,0.0001248798,16.902,0
1.1277,8.82887E-05,16.9155,0,1.1277,5.639734E-05,16.9155,0
1.1286,0.0001285725,16.929,0,1.1286,-3.692683E-05,16.929,0
1.1295,6.277562E-05,16.9425,0,1.1295,0.0001322652,16.9425,0
1.1304,-1.107805E-05,16.956,0,1.1304,-3.256275E-05,16.956,0
1.1313,-3.189136E-05,16.9695,0,1.1313,-0.000148043,16.9695,0
1.1322,3.591974E-05,16.983,0,1.1322,-0.0001245441,16.983,0
1.1331,-8.526741E-05,16.9965,0,1.1331,-0.0002997787,16.9965,0
1.134,-6.344701E-05,17.01,0,1.134,-0.0003850462,17.01,0
1.1349,5.438316E-05,17.0235,0,1.1349,-0.0002970932,17.0235,0
1.1358,0.0001094377,17.037,0,1.1358,-0.0003296559,17.037,0
1.1367,0.0001312581,17.0505,0,1.1367,-0.0001141375,17.0505,0
1.1376,7.351797E-05,17.064,0,1.1376,0.0002158541,17.064,0
1.1385,5.941863E-05,17.0775,0,1.1385,0.0001510643,17.0775,0
1.1394,0.0001628138,17.091,0,1.1394,1.879912E-05,17.091,0
1.1403,3.356985E-07,17.1045,0,1.1403,0.0001248798,17.1045,0
1.1412,-3.692683E-06,17.118,0,1.1412,-6.076142E-05,17.118,0
1.1421,0.0001050736,17.1315,0,1.1421,-0.0002699016,17.1315,0
1.143,-4.33051E-05,17.145,0,1.143,-0.0001735561,17.145,0
1.1439,-0.0001188373,17.1585,0,1.1439,-0.0001473716,17.1585,0
1.1448,2.349889E-06,17.172,0,1.1448,-0.0001242084,17.172,0
1.1457,7.888914E-05,17.1855,0,1.1457,0.0001326009,17.1855,0
1.1466,-4.766919E-05,17.199,0,1.1466,0.0003054856,17.199,0
1.1475,-1.510643E-05,17.2125,0,1.1475,0.0001957122,17.2125,0
1.1484,6.210422E-05,17.226,0,1.1484,1.846342E-05,17.226,0
1.1493,5.136187E-05,17.2395,0,1.1493,-0.0002088045,17.2395,0
1.1502,1.577783E-05,17.253,0,1.1502,-0.0002652018,17.253,0
1.1511,-0.0001832914,17.2665,0,1.1511,-0.0002558022,17.2665,0
1.152,-0.000189334,17.28,0,1.152,-0.000186984,17.28,0
1.1529,-9.433127E-05,17.2935,0,1.1529,-0.0001500572,17.2935,0
1.1538,-0.0001735561,17.307,0,1.1538,0.0002171969,17.307,0
1.1547,-0.0002262608,17.3205,0,1.1547,0.0004696422,17.3205,0
1.1556,-4.229801E-05,17.334,0,1.1556,0.0002903792,17.334,0
1.1565,0.0001040665,17.3475,0,1.1565,0.0003672541,17.3475,0
1.1574,0.0002480812,17.361,0,1.1574,0.0002406958,17.361,0
1.1583,0.0002863508,17.3745,0,1.1583,7.351797E-05,17.3745,0
1.1592,0.0002259251,17.388,0,1.1592,8.325322E-05,17.388,0
1.1601,-7.888914E-05,17.4015,0,1.1601,2.920577E-05,17.4015,0
1.161,-0.0001060807,17.415,0,1.161,-8.493171E-05,17.415,0
1.1619,-1.879912E-05,17.4285,0,1.1619,-0.0001420005,17.4285,0
1.1628,1.040665E-05,17.442,0,1.1628,-0.0002259251,17.442,0
1.1637,-8.358892E-05,17.4555,0,1.1637,-0.0001346151,17.4555,0
1.1646,-7.251087E-05,17.469,0,1.1646,-4.39765E-05,17.469,0
1.1655,0.0001755703,17.4825,0,1.1655,5.404745E-05,17.4825,0
1.1664,0.0001832914,17.496,0,1.1664,-2.21561E-05,17.496,0
1.1673,1.208515E-05,17.5095,0,1.1673,-2.786297E-05,17.5095,0
1.1682,0.000112459,17.523,0,1.1682,-0.0001084306,17.523,0
1.1691,0.0004058595,17.5365,0,1.1691,-0.0002286107,17.5365,0
1.17,0.0001990692,17.55,0,1.17,-0.0001957122,17.55,0
1.1709,0.0001339437,17.5635,0,1.1709,-0.0002178683,17.5635,0
1.1718,0.0001607996,17.577,0,1.1718,-5.203327E-05,17.577,0
1.1727,-0.0001456931,17.5905,0,1.1727,0.0001467002,17.5905,0
1.1736,-0.0001681849,17.604,0,1.1736,0.0001299153,17.604,0
1.1745,-5.673304E-05,17.6175,0,1.1745,-5.740444E-05,17.6175,0
1.1754,-6.076142E-05,17.631,0,1.1754,-0.0002930648,17.631,0
1.1763,1.745632E-05,17.6445,0,1.1763,-0.0003615473,17.6445,0
1.1772,2.24918E-05,17.658,0,1.1772,-0.0001910124,17.658,0
1.1781,-0.0002709087,17.6715,0,1.1781,-3.692683E-05,17.6715,0
1.179,-0.0003266346,17.685,0,1.179,0.0001678492,17.685,0
1.1799,-0.0001832914,17.6985,0,1.1799,0.0002440528,17.6985,0
1.1808,-0.0003662471,17.712,0,1.1808,0.0002615091,17.712,0
1.1817,-0.0004159304,17.7255,0,1.1817,0.0001040665,17.7255,0
1.1826,-0.0001621424,17.739,0,1.1826,-5.169757E-05,17.739,0
1.1835,-5.035477E-06,17.7525,0,1.1835,0.0001225299,17.7525,0
1.1844,9.365987E-05,17.766,0,1.1844,0.0001164874,17.766,0
1.1853,0.0001806058,17.7795,0,1.1853,-5.404745E-05,17.7795,0
1.1862,0.0002937362,17.793,0,1.1862,2.584878E-05,17.793,0
1.1871,0.0001607996,17.8065,0,1.1871,6.915389E-05,17.8065,0
1.188,0.0002010834,17.82,0,1.188,-1.007095E-06,17.82,0
1.1889,0.0001524071,17.8335,0,1.1889,-0.0001077592,17.8335,0
1.1898,1.275654E-05,17.847,0,1.1898,-0.0002433814,17.847,0
1.1907,-5.975433E-05,17.8605,0,1.1907,-9.298848E-05,17.8605,0
1.1916,-0.0001131304,17.874,0,1.1916,-3.424125E-05,17.874,0
1.1925,-0.0001389792,17.8875,0,1.1925,-2.752728E-05,17.8875,0
1.1934,-6.042573E-06,17.901,0,1.1934,-2.719158E-05,17.901,0
1.1943,3.692683E-06,17.9145,0,1.1943,5.673304E-05,17.9145,0
1.1952,-0.000148043,17.928,0,1.1952,-8.761731E-05,17.928,0
1.1961,-5.941863E-05,17.9415,0,1.1961,-0.0002984359,17.9415,0
1.197,-4.229801E-05,17.955,0,1.197,-1.980621E-05,17.955,0
1.1979,-0.0001611353,17.9685,0,1.1979,5.169757E-05,17.9685,0
1.1988,-7.855344E-05,17.982,0,1.1988,-0.0001315938,17.982,0
1.1997,4.934768E-05,17.9955,0,1.1997,-2.047761E-05,17.9955,0
1.2006,-7.687495E-05,18.009,0,1.2006,-3.826963E-05,18.009,0
1.2015,-0.0001413291,18.0225,0,1.2015,-9.936675E-05,18.0225,0
1.2024,-4.699779E-05,18.036,0,1.2024,-8.627451E-05,18.036,0
1.2033,2.24918E-05,18.0495,0,1.2033,-0.0001597925,18.0495,0
1.2042,-3.356985E-07,18.063,0,1.2042,4.36408E-06,18.063,0
1.2051,-1.779202E-05,18.0765,0,1.2051,0.0002464027,18.0765,0
1.206,5.539025E-05,18.09,0,1.206,0.000169192,18.09,0
1.2069,1.040665E-05,18.1035,0,1.2069,-2.14847E-05,18.1035,0
1.2078,-0.0001104448,18.117,0,1.2078,-4.599069E-05,18.117,0
1.2087,-4.095522E-05,18.1305,0,1.2087,-0.000193698,18.1305,0
1.2096,2.920577E-05,18.144,0,1.2096,-0.0003615473,18.144,0
1.2105,-8.090334E-05,18.1575,0,1.2105,-0.000164828,18.1575,0
1.2114,1.040665E-05,18.171,0,1.2114,9.265278E-05,18.171,0
1.2123,9.466698E-05,18.1845,0,1.2123,0.0002232395,18.1845,0
1.2132,-3.994812E-05,18.198,0,1.2132,0.0003645686,18.198,0
1.2141,-8.392462E-06,18.2115,0,1.2141,0.0002171969,18.2115,0
1.215,-6.814679E-05,18.225,0,1.215,-3.256275E-05,18.225,0
1.2159,-5.404745E-05,18.2385,0,1.2159,5.001907E-05,18.2385,0
1.2168,4.934768E-05,18.252,0,1.2168,9.600977E-05,18.252,0
1.2177,5.471885E-05,18.2655,0,1.2177,0.0001003738,18.2655,0
1.2186,6.042573E-05,18.279,0,1.2186,-1.510643E-05,18.279,0
1.2195,4.666209E-05,18.2925,0,1.2195,-0.0001117876,18.2925,0
1.2204,0.0001631495,18.306,0,1.2204,-7.150377E-05,18.306,0
1.2213,-4.666209E-05,18.3195,0,1.2213,-3.021286E-06,18.3195,0
1.2222,-1.678492E-06,18.333,0,1.2222,-0.0001151446,18.333,0
1.2231,0.0002762798,18.3465,0,1.2231,-0.0002396887,18.3465,0
1.224,6.64683E-05,18.36,0,1.224,-6.61326E-05,18.36,0
1.2249,-9.399557E-05,18.3735,0,1.2249,-0.0001406577,18.3735,0
1.2258,4.36408E-06,18.387,0,1.2258,-0.0001641566,18.387,0
1.2267,2.920577E-05,18.4005,0,1.2267,8.023193E-05,18.4005,0
1.2276,-0.0001131304,18.414,0,1.2276,0.000327306,18.414,0
1.2285,-5.740444E-05,18.4275,0,1.2285,0.000281651,18.4275,0
1.2294,-3.054856E-05,18.441,0,1.2294,0.0001822843,18.441,0
1.2303,8.224613E-05,18.4545,0,1.2303,2.349889E-05,18.4545,0
1.2312,0.0001550927,18.468,0,1.2312,5.270466E-05,18.468,0
1.2321,0.0002709087,18.4815,0,1.2321,-1.174945E-05,18.4815,0
1.233,0.000161471,18.495,0,1.233,-2.383459E-05,18.495,0
1.2339,0.0001352865,18.5085,0,1.2339,-3.860533E-05,18.5085,0
1.2348,5.203327E-05,18.522,0,1.2348,4.46479E-05,18.522,0
1.2357,2.21561E-05,18.5355,0,1.2357,1.544213E-05,18.5355,0
1.2366,0.0001037308,18.549,0,1.2366,-0.0001097734,18.549,0
1.2375,2.047761E-05,18.5625,0,1.2375,4.028382E-06,18.5625,0
1.2384,-7.385367E-05,18.576,0,1.2384,-5.706874E-05,18.576,0
1.2393,4.800488E-05,18.5895,0,1.2393,-0.0002014191,18.5895,0
1.2402,0.000112459,18.603,0,1.2402,-0.0001279011,18.603,0
1.2411,-0.000190341,18.6165,0,1.2411,-3.356985E-05,18.6165,0
1.242,-0.0001900053,18.63,0,1.242,-7.418937E-05,18.63,0
1.2429,-0.0001285725,18.6435,0,1.2429,-0.0001104448,18.6435,0
1.2438,-0.0001134661,18.657,0,1.2438,-0.0002366674,18.657,0
1.2447,-0.0001544213,18.6705,0,1.2447,-0.0002299535,18.6705,0
1.2456,-0.0002138399,18.684,0,1.2456,-0.0001997406,18.684,0
1.2465,0.0001245441,18.6975,0,1.2465,-0.0002265965,18.6975,0
1.2474,0.0002863508,18.711,0,1.2474,-0.0001910124,18.711,0
1.2483,-3.356985E-07,18.7245,0,1.2483,-2.719158E-05,18.7245,0
1.2492,-4.53193E-05,18.738,0,1.2492,0.0001084306,18.738,0
1.2501,-7.754635E-05,18.7515,0,1.2501,0.0001456931,18.7515,0
1.251,-0.0001389792,18.765,0,1.251,0.0001846342,18.765,0
1.2519,0.0001433432,18.7785,0,1.2519,3.591974E-05,18.7785,0
1.2528,0.0001248798,18.792,0,1.2528,-0.0002084688,18.792,0
1.2537,-8.92958E-05,18.8055,0,1.2537,-0.0001829557,18.8055,0
1.2546,5.539025E-05,18.819,0,1.2546,-0.0001530785,18.819,0
1.2555,0.0001607996,18.8325,0,1.2555,-0.0002346532,18.8325,0
1.2564,-1.141375E-05,18.846,0,1.2564,-0.0002534524,18.846,0
1.2573,3.659113E-05,18.8595,0,1.2573,-0.0001319295,18.8595,0
1.2582,6.277562E-05,18.873,0,1.2582,8.291753E-05,18.873,0
1.2591,-7.721065E-05,18.8865,0,1.2591,8.560311E-05,18.8865,0
1.26,1.443504E-05,18.9,0,1.26,0.0002806439,18.9,0
1.2609,-2.987716E-05,18.9135,0,1.2609,0.0002594949,18.9135,0
1.2618,-0.0003262989,18.927,0,1.2618,0.0002574807,18.927,0
1.2627,-0.0002098116,18.9405,0,1.2627,0.0002803082,18.9405,0
1.2636,7.821774E-05,18.954,0,1.2636,0.0001560998,18.954,0
1.2645,-0.000148043,18.9675,0,1.2645,0.0002601663,18.9675,0
1.2654,-0.0002410315,18.981,0,1.2654,0.0001708705,18.981,0
1.2663,-0.0001497215,18.9945,0,1.2663,1.342794E-06,18.9945,0
1.2672,-0.000148043,19.008,0,1.2672,-1.745632E-05,19.008,0
1.2681,-0.0002017548,19.0215,0,1.2681,9.735256E-06,19.0215,0
1.269,-1.409934E-05,19.035,0,1.269,-0.0001426719,19.035,0
1.2699,8.258183E-05,19.0485,0,1.2699,-0.000185977,19.0485,0
1.2708,1.913481E-05,19.062,0,1.2708,-0.0002034333,19.062,0
1.2717,-3.356985E-06,19.0755,0,1.2717,-8.090334E-05,19.0755,0
1.2726,3.390555E-05,19.089,0,1.2726,-0.0001748989,19.089,0
1.2735,-4.934768E-05,19.1025,0,1.2735,-0.000207126,19.1025,0
1.2744,-8.426032E-05,19.116,0,1.2744,-0.0002440528,19.116,0
1.2753,-9.198138E-05,19.1295,0,1.2753,-0.0002265965,19.1295,0
1.2762,-6.881819E-05,19.143,0,1.2762,-0.0002779583,19.143,0
1.2771,0.000154757,19.1565,0,1.2771,-0.0001383078,19.1565,0
1.278,6.51255E-05,19.17,0,1.278,0.0002641947,19.17,0
1.2789,0.0001319295,19.1835,0,1.2789,0.0001994049,19.1835,0
1.2798,0.0002198825,19.197,0,1.2798,5.471885E-05,19.197,0
1.2807,-1.678492E-05,19.2105,0,1.2807,0.0002222324,19.2105,0
1.2816,-2.450599E-05,19.224,0,1.2816,0.0003024643,19.224,0
1.2825,1.174945E-05,19.2375,0,1.2825,0.0001748989,19.2375,0
1.2834,6.378271E-06,19.251,0,1.2834,0.0001409934,19.251,0
1.2843,0.0001346151,19.2645,0,1.2843,5.673304E-05,19.2645,0
1.2852,4.733349E-05,19.278,0,1.2852,0.0001601282,19.278,0
1.2861,8.526741E-05,19.2915,0,1.2861,1.510643E-05,19.2915,0
1.287,0.000140322,19.305,0,1.287,-0.0001554284,19.305,0
1.2879,5.270466E-05,19.3185,0,1.2879,-0.0001265583,19.3185,0
1.2888,-6.6804E-05,19.332,0,1.2888,-2.786297E-05,19.332,0
1.2897,1.242084E-05,19.3455,0,1.2897,-0.0001373007,19.3455,0
1.2906,0.0001084306,19.359,0,1.2906,-0.0002648661,19.359,0
1.2915,-7.452507E-05,19.3725,0,1.2915,-1.913481E-05,19.3725,0
1.2924,-0.0001205158,19.386,0,1.2924,-2.383459E-05,19.386,0
1.2933,-5.706874E-06,19.3995,0,1.2933,-9.634547E-05,19.3995,0
1.2942,-6.61326E-05,19.413,0,1.2942,-9.130999E-05,19.413,0
1.2951,-0.0001373007,19.4265,0,1.2951,-6.076142E-05,19.4265,0
1.296,-2.1149E-05,19.44,0,1.296,-7.620356E-05,19.44,0
1.2969,-3.659113E-05,19.4535,0,1.2969,-5.673304E-05,19.4535,0
1.2978,7.620356E-05,19.467,0,1.2978,-8.157473E-05,19.467,0
1.2987,0.0001272297,19.4805,0,1.2987,-9.063859E-06,19.4805,0
1.2996,9.903105E-05,19.494,0,1.2996,4.028382E-06,19.494,0
1.3005,4.599069E-05,19.5075,0,1.3005,-8.426032E-05,19.5075,0
1.3014,0.0001044022,19.521,0,1.3014,-3.457694E-05,19.521,0
1.3023,5.102617E-05,19.5345,0,1.3023,0.000105745,19.5345,0
1.3032,-1.644922E-05,19.548,0,1.3032,5.807584E-05,19.548,0
1.3041,0.0001836271,19.5615,0,1.3041,5.807584E-05,19.5615,0
1.305,5.270466E-05,19.575,0,1.305,-1.007095E-05,19.575,0
1.3059,-8.459602E-05,19.5885,0,1.3059,-0.0001114519,19.5885,0
1.3068,3.356985E-07,19.602,0,1.3068,-0.0001916838,19.602,0
1.3077,-0.0001386435,19.6155,0,1.3077,-0.0001695277,19.6155,0
1.3086,-0.0002017548,19.629,0,1.3086,-2.685588E-06,19.629,0
1.3095,-8.426032E-05,19.6425,0,1.3095,8.291753E-05,19.6425,0
1.3104,-1.409934E-05,19.656,0,1.3104,4.263371E-05,19.656,0
1.3113,-5.270466E-05,19.6695,0,1.3113,-0.0001134661,19.6695,0
1.3122,1.309224E-05,19.683,0,1.3122,-7.653925E-05,19.683,0
1.3131,3.826963E-05,19.6965,0,1.3131,-0.0001406577,19.6965,0
1.314,9.768826E-05,19.71,0,1.314,-0.0001896696,19.71,0
1.3149,5.975433E-05,19.7235,0,1.3149,-0.0001285725,19.7235,0
1.3158,-9.567407E-05,19.737,0,1.3158,6.881819E-05,19.737,0
1.3167,-9.365987E-05,19.7505,0,1.3167,0.0001332723,19.7505,0
1.3176,1.678492E-05,19.764,0,1.3176,6.109713E-05,19.764,0
1.3185,-9.265278E-05,19.7775,0,1.3185,0.0001913481,19.7775,0
1.3194,-0.0002024262,19.791,0,1.3194,0.0002091402,19.791,0
1.3203,-0.0002286107,19.8045,0,1.3203,7.318227E-05,19.8045,0
1.3212,4.867628E-05,19.818,0,1.3212,0.0001044022,19.818,0
1.3221,9.298848E-05,19.8315,0,1.3221,8.69459E-05,19.8315,0
1.323,3.121996E-05,19.845,0,1.323,2.1149E-05,19.845,0
1.3239,6.982528E-05,19.8585,0,1.3239,-1.443504E-05,19.8585,0
1.3248,0.0002413672,19.872,0,1.3248,-0.0002145113,19.872,0
1.3257,0.0001376364,19.8855,0,1.3257,-2.987716E-05,19.8855,0
1.3266,-0.0002373388,19.899,0,1.3266,0.0002047761,19.899,0
1.3275,-0.0001292439,19.9125,0,1.3275,3.860533E-05,19.9125,0
1.3284,1.007095E-06,19.926,0,1.3284,-0.0001520714,19.926,0
1.3293,-0.000207126,19.9395,0,1.3293,-1.544213E-05,19.9395,0
1.3302,-0.0001453574,19.953,0,1.3302,-6.344701E-05,19.953,0
1.3311,6.915389E-05,19.9665,0,1.3311,-0.0001114519,19.9665,0
1.332,-7.217517E-05,19.98,0,1.332,3.222705E-05,19.98,0
1.3329,-3.390555E-05,19.9935,0,1.3329,4.666209E-05,19.9935,0
1.3338,-4.800488E-05,20.007,0,1.3338,-2.18204E-05,20.007,0
1.3347,-8.426032E-05,20.0205,0,1.3347,-1.712062E-05,20.0205,0
1.3356,-0.0001641566,20.034,0,1.3356,1.007095E-06,20.034,0
1.3365,-0.0001131304,20.0475,0,1.3365,-0.0001732204,20.0475,0
1.3374,-1.678492E-05,20.061,0,1.3374,-3.927672E-05,20.061,0
1.3383,0.0001265583,20.0745,0,1.3383,-3.121996E-05,20.0745,0
1.3392,0.0001161517,20.088,0,1.3392,1.544213E-05,20.088,0
1.3401,-0.0001047379,20.1015,0,1.3401,-6.344701E-05,20.1015,0
1.341,-0.0001386435,20.115,0,1.341,-0.0001242084,20.115,0
1.3419,5.606165E-05,20.1285,0,1.3419,-0.0001097734,20.1285,0
1.3428,4.229801E-05,20.142,0,1.3428,-1.510643E-05,20.142,0
1.3437,0.000105745,20.1555,0,1.3437,3.356985E-07,20.1555,0
1.3446,0.0003850462,20.169,0,1.3446,-9.970245E-05,20.169,0
1.3455,0.0003434196,20.1825,0,1.3455,-0.0002124971,20.1825,0
1.3464,0.000267216,20.196,0,1.3464,-0.0005351034,20.196,0
1.3473,0.0001198444,20.2095,0,1.3473,-0.0006626688,20.2095,0
1.3482,-0.0001111162,20.223,0,1.3482,-0.0005337606,20.223,0
1.3491,-0.0001631495,20.2365,0,1.3491,-0.0003323415,20.2365,0
1.35,-7.553216E-05,20.25,0,1.35,0.0001705348,20.25,0
1.3509,7.754635E-05,20.2635,0,1.3509,0.0007204089,20.2635,0
1.3518,6.176852E-05,20.277,0,1.3518,0.0007073167,20.277,0
1.3527,4.53193E-05,20.2905,0,1.3527,0.000542153,20.2905,0
1.3536,-1.846342E-05,20.304,0,1.3536,0.0004249943,20.304,0
1.3545,-5.505455E-05,20.3175,0,1.3545,0.0002400244,20.3175,0
1.3554,-1.376364E-05,20.331,0,1.3554,0.0001245441,20.331,0
1.3563,-0.0001218585,20.3445,0,1.3563,0.0001171588,20.3445,0
1.3572,-0.0001020523,20.358,0,1.3572,1.107805E-05,20.358,0
1.3581,-9.399558E-06,20.3715,0,1.3581,-0.0001490501,20.3715,0
1.359,-5.841154E-05,20.385,0,1.359,6.009003E-05,20.385,0
1.3599,1.577783E-05,20.3985,0,1.3599,0.0001033951,20.3985,0
1.3608,7.821774E-05,20.412,0,1.3608,-0.0001114519,20.412,0
1.3617,0.0001010452,20.4255,0,1.3617,-0.0001742275,20.4255,0
1.3626,-6.076142E-05,20.439,0,1.3626,-9.533837E-05,20.439,0
1.3635,-8.96315E-05,20.4525,0,1.3635,-0.0001537499,20.4525,0
1.3644,-0.0001309224,20.466,0,1.3644,-0.0001493858,20.466,0
1.3653,-2.652018E-05,20.4795,0,1.3653,-5.035477E-06,20.4795,0
1.3662,-8.090334E-05,20.493,0,1.3662,0.0001487144,20.493,0
1.3671,-0.0002514381,20.5065,0,1.3671,8.560311E-05,20.5065,0
1.368,-3.826963E-05,20.52,0,1.368,-0.0001681849,20.52,0
1.3689,0.000154757,20.5335,0,1.3689,-0.0003501335,20.5335,0
1.3698,4.39765E-05,20.547,0,1.3698,-0.0003259632,20.547,0
1.3707,9.567407E-05,20.5605,0,1.3707,-0.000457557,20.5605,0
1.3716,0.0001990692,20.574,0,1.3716,-0.0003743038,20.574,0
1.3725,1.174945E-05,20.5875,0,1.3725,0.0001305867,20.5875,0
1.3734,-9.701686E-05,20.601,0,1.3734,0.0003578546,20.601,0
1.3743,-5.270466E-05,20.6145,0,1.3743,0.0003487907,20.6145,0
1.3752,9.063859E-06,20.628,0,1.3752,0.000337377,20.628,0
1.3761,-0.0001765774,20.6415,0,1.3761,0.0002843366,20.6415,0
1.377,-9.365987E-05,20.655,0,1.377,0.0001806058,20.655,0
1.3779,-8.761731E-05,20.6685,0,1.3779,6.713969E-07,20.6685,0
1.3788,-3.927672E-05,20.682,0,1.3788,-0.0001040665,20.682,0
1.3797,8.426032E-05,20.6955,0,1.3797,3.256275E-05,20.6955,0
1.3806,5.035477E-06,20.709,0,1.3806,-1.980621E-05,20.709,0
1.3815,-2.719158E-05,20.7225,0,1.3815,-0.0001279011,20.7225,0
1.3824,0.0001829557,20.736,0,1.3824,-0.0001524071,20.736,0
1.3833,9.433127E-05,20.7495,0,1.3833,-3.390555E-05,20.7495,0
1.3842,-7.721065E-06,20.763,0,1.3842,-4.666209E-05,20.763,0
1.3851,0.0001218585,20.7765,0,1.3851,-0.0001312581,20.7765,0
1.386,5.606165E-05,20.79,0,1.386,3.726253E-05,20.79,0
1.3869,-0.0001171588,20.8035,0,1.3869,8.157473E-05,20.8035,0
1.3878,-1.812772E-05,20.817,0,1.3878,-0.0001376364,20.817,0
1.3887,0.0001221943,20.8305,0,1.3887,-0.0001916838,20.8305,0
1.3896,-0.0002185397,20.844,0,1.3896,-5.001907E-05,20.844,0
1.3905,-0.0002507668,20.8575,0,1.3905,-0.0001238727,20.8575,0
1.3914,-0.0001322652,20.871,0,1.3914,-0.0001013809,20.871,0
1.3923,-0.000102388,20.8845,0,1.3923,-0.0001141375,20.8845,0
1.3932,-0.0002507668,20.898,0,1.3932,-0.0001339437,20.898,0
1.3941,-0.0002467384,20.9115,0,1.3941,-0.000179263,20.9115,0
1.395,9.433127E-05,20.925,0,1.395,-0.0002094759,20.925,0
1.3959,0.0002245823,20.9385,0,1.3959,-0.000239353,20.9385,0
1.3968,5.841154E-05,20.952,0,1.3968,-0.0001154803,20.952,0
1.3977,0.0001957122,20.9655,0,1.3977,-5.908293E-05,20.9655,0
1.3986,0.0001983978,20.979,0,1.3986,1.342794E-05,20.979,0
1.3995,-6.143282E-05,20.9925,0,1.3995,0.0001795987,20.9925,0
1.4004,-6.54612E-05,21.006,0,1.4004,0.0001957122,21.006,0
1.4013,-5.807584E-05,21.0195,0,1.4013,0.0001285725,21.0195,0
1.4022,-0.0001560998,21.033,0,1.4022,9.198138E-05,21.033,0
1.4031,-0.0002007477,21.0465,0,1.4031,8.493171E-05,21.0465,0
1.404,-3.356985E-05,21.06,0,1.404,-9.735256E-06,21.06,0
1.4049,5.404745E-05,21.0735,0,1.4049,1.812772E-05,21.0735,0
1.4058,8.627451E-05,21.087,0,1.4058,-6.378271E-05,21.087,0
1.4067,-6.378271E-06,21.1005,0,1.4067,-1.174945E-05,21.1005,0
1.4076,-0.0001050736,21.114,0,1.4076,-2.551309E-05,21.114,0
1.4085,-8.82887E-05,21.1275,0,1.4085,-0.0002077974,21.1275,0
1.4094,-6.378271E-06,21.141,0,1.4094,-0.0003776608,21.141,0
1.4103,-9.164568E-05,21.1545,0,1.4103,-0.0002010834,21.1545,0
1.4112,-0.0001114519,21.168,0,1.4112,-0.0001829557,21.168,0
1.4121,0.0001322652,21.1815,0,1.4121,-0.0002051118,21.1815,0
1.413,1.376364E-05,21.195,0,1.413,0.0001151446,21.195,0
1.4139,-2.24918E-05,21.2085,0,1.4139,0.0004115663,21.2085,0
1.4148,4.263371E-05,21.222,0,1.4148,0.000309514,21.222,0
1.4157,-3.558404E-05,21.2355,0,1.4157,7.586786E-05,21.2355,0
1.4166,-0.0001950408,21.249,0,1.4166,0.0001433432,21.249,0
1.4175,2.28275E-05,21.2625,0,1.4175,9.701686E-05,21.2625,0
1.4184,0.0001349508,21.276,0,1.4184,0.0001080949,21.276,0
1.4193,0.0002225681,21.2895,0,1.4193,-2.18204E-05,21.2895,0
1.4202,0.0002380102,21.303,0,1.4202,-5.539025E-05,21.303,0
1.4211,-2.652018E-05,21.3165,0,1.4211,-0.0001433432,21.3165,0
1.422,-0.0001540856,21.33,0,1.422,-0.0001087663,21.33,0
1.4229,-2.047761E-05,21.3435,0,1.4229,-4.632639E-05,21.3435,0
1.4238,-6.51255E-05,21.357,0,1.4238,-7.284657E-05,21.357,0
1.4247,-0.0001305867,21.3705,0,1.4247,-5.941863E-05,21.3705,0
1.4256,3.457694E-05,21.384,0,1.4256,-7.888914E-05,21.384,0
1.4265,8.325322E-05,21.3975,0,1.4265,9.634547E-05,21.3975,0
1.4274,0.0001232013,21.411,0,1.4274,8.82887E-05,21.411,0
1.4283,6.881819E-05,21.4245,0,1.4283,-9.768826E-05,21.4245,0
1.4292,0.0001896696,21.438,0,1.4292,2.920577E-05,21.438,0
1.4301,-9.500267E-05,21.4515,0,1.4301,5.941863E-05,21.4515,0
1.431,-8.090334E-05,21.465,0,1.431,1.174945E-05,21.465,0
1.4319,4.53193E-05,21.4785,0,1.4319,5.572595E-05,21.4785,0
1.4328,0.0002064546,21.492,0,1.4328,-6.881819E-05,21.492,0
1.4337,5.035477E-06,21.5055,0,1.4337,-0.0001601282,21.5055,0
1.4346,-0.0001849699,21.519,0,1.4346,-9.433127E-05,21.519,0
1.4355,-5.371176E-05,21.5325,0,1.4355,-8.358892E-05,21.5325,0
1.4364,-3.356985E-07,21.546,0,1.4364,-4.36408E-05,21.546,0
1.4373,-0.0001134661,21.5595,0,1.4373,3.457694E-05,21.5595,0
1.4382,-4.766919E-05,21.573,0,1.4382,-0.0001433432,21.573,0
1.4391,-5.706874E-06,21.5865,0,1.4391,-0.0004783703,21.5865,0
1.44,-0.0001534142,21.6,0,1.44,-0.0004817273,21.6,0
1.4409,4.800488E-05,21.6135,0,1.4409,-0.000337377,21.6135,0
1.4418,0.0001305867,21.627,0,1.4418,-0.0002678874,21.627,0
1.4427,0.0001738918,21.6405,0,1.4427,8.89601E-05,21.6405,0
1.4436,0.0001188373,21.654,0,1.4436,0.0006475624,21.654,0
1.4445,0.0001282368,21.6675,0,1.4445,0.0008315251,21.6675,0
1.4454,1.745632E-05,21.681,0,1.4454,0.00054551,21.681,0
1.4463,-1.443504E-05,21.6945,0,1.4463,0.0002453956,21.6945,0
1.4472,1.510643E-05,21.708,0,1.4472,0.0002789654,21.708,0
1.4481,-7.418937E-05,21.7215,0,1.4481,0.000105745,21.7215,0
1.449,6.009003E-05,21.735,0,1.449,-4.028382E-05,21.735,0
1.4499,0.0002601663,21.7485,0,1.4499,-0.0001248798,21.7485,0
1.4508,-1.779202E-05,21.762,0,1.4508,-6.311131E-05,21.762,0
1.4517,5.035477E-06,21.7755,0,1.4517,-7.486076E-05,21.7755,0
1.4526,0.0002276036,21.789,0,1.4526,-0.0001762417,21.789,0
1.4535,1.040665E-05,21.8025,0,1.4535,-5.270466E-05,21.8025,0
1.4544,-0.0001366293,21.816,0,1.4544,-4.39765E-05,21.816,0
1.4553,-2.484169E-05,21.8295,0,1.4553,-9.634547E-05,21.8295,0
1.4562,0.0001174945,21.843,0,1.4562,-1.577783E-05,21.843,0
1.4571,-0.0001373007,21.8565,0,1.4571,-9.567407E-05,21.8565,0
1.458,-0.0001070878,21.87,0,1.458,-0.000109102,21.87,0
1.4589,-9.466698E-05,21.8835,0,1.4589,-0.0001205158,21.8835,0
1.4598,-0.0001728847,21.897,0,1.4598,-0.00021149,21.897,0
1.4607,-0.0001292439,21.9105,0,1.4607,-1.107805E-05,21.9105,0
1.4616,-0.0001876554,21.924,0,1.4616,-4.699779E-06,21.924,0
1.4625,-5.706874E-06,21.9375,0,1.4625,-4.061952E-05,21.9375,0
1.4634,0.0001748989,21.951,0,1.4634,-6.344701E-05,21.951,0
1.4643,1.913481E-05,21.9645,0,1.4643,2.24918E-05,21.9645,0
1.4652,-1.913481E-05,21.978,0,1.4652,-1.544213E-05,21.978,0
1.4661,0.0001030594,21.9915,0,1.4661,-0.0001151446,21.9915,0
1.467,-4.196231E-05,22.005,0,1.467,2.853437E-05,22.005,0
1.4679,2.047761E-05,22.0185,0,1.4679,-3.155566E-05,22.0185,0
1.4688,8.392462E-06,22.032,0,1.4688,-0.0001527428,22.032,0
1.4697,9.634547E-05,22.0455,0,1.4697,-6.74754E-05,22.0455,0
1.4706,-5.505455E-05,22.059,0,1.4706,-0.0001094377,22.059,0
1.4715,-5.337606E-05,22.0725,0,1.4715,-0.0002027619,22.0725,0
1.4724,-3.088426E-05,22.086,0,1.4724,-0.0001386435,22.086,0
1.4733,4.061952E-05,22.0995,0,1.4733,-0.0001433432,22.0995,0
1.4742,8.493171E-05,22.113,0,1.4742,0.0001000381,22.113,0
1.4751,-0.0001080949,22.1265,0,1.4751,0.0002467384,22.1265,0
1.476,-8.392462E-05,22.14,0,1.476,9.869535E-05,22.14,0
1.4769,-0.0001242084,22.1535,0,1.4769,2.819867E-05,22.1535,0
1.4778,-0.0002010834,22.167,0,1.4778,8.291753E-05,22.167,0
1.4787,-0.0001326009,22.1805,0,1.4787,1.477073E-05,22.1805,0
1.4796,4.46479E-05,22.194,0,1.4796,-9.030289E-05,22.194,0
1.4805,-9.936675E-05,22.2075,0,1.4805,4.733349E-05,22.2075,0
1.4814,-9.399558E-06,22.221,0,1.4814,8.224613E-05,22.221,0
1.4823,4.733349E-05,22.2345,0,1.4823,-3.256275E-05,22.2345,0
1.4832,-9.500267E-05,22.248,0,1.4832,-1.712062E-05,22.248,0
1.4841,-0.0001188373,22.2615,0,1.4841,8.82887E-05,22.2615,0
1.485,0.0001540856,22.275,0,1.485,-8.96315E-05,22.275,0
1.4859,0.0002588235,22.2885,0,1.4859,-0.0003806821,22.2885,0
1.4868,0.0003158923,22.302,0,1.4868,-0.0003024643,22.302,0
1.4877,0.0001755703,22.3155,0,1.4877,-0.0001080949,22.3155,0
1.4886,-0.0002047761,22.329,0,1.4886,3.726253E-05,22.329,0
1.4895,-6.54612E-05,22.3425,0,1.4895,0.0002017548,22.3425,0
1.4904,9.365987E-05,22.356,0,1.4904,0.0002279393,22.356,0
1.4913,-0.0001470359,22.3695,0,1.4913,0.0001618067,22.3695,0
1.4922,-0.0002010834,22.383,0,1.4922,3.558404E-05,22.383,0
1.4931,7.754635E-05,22.3965,0,1.4931,-2.652018E-05,22.3965,0
1.494,-7.687495E-05,22.41,0,1.494,6.109713E-05,22.41,0
1.4949,-0.0001822843,22.4235,0,1.4949,5.539025E-05,22.4235,0
1.4958,1.577783E-05,22.437,0,1.4958,-6.378271E-06,22.437,0
1.4967,1.980621E-05,22.4505,0,1.4967,1.846342E-05,22.4505,0
1.4976,-0.0002044404,22.464,0,1.4976,-2.081331E-05,22.464,0
1.4985,-0.0001560998,22.4775,0,1.4985,-0.0001399863,22.4775,0
1.4994,-7.150377E-05,22.491,0,1.4994,-0.0001430075,22.491,0
1.5003,-6.311131E-05,22.5045,0,1.5003,-0.0002474098,22.5045,0
1.5012,-9.970245E-05,22.518,0,1.5012,-0.0003403983,22.518,0
1.5021,-0.0002343175,22.5315,0,1.5021,-0.0003924315,22.5315,0
1.503,-0.000231632,22.545,0,1.503,-0.0003447623,22.545,0
1.5039,-7.016098E-05,22.5585,0,1.5039,-0.0002568093,22.5585,0
1.5048,-0.000189334,22.572,0,1.5048,0.0001305867,22.572,0
1.5057,-8.090334E-05,22.5855,0,1.5057,0.0003904173,22.5855,0
1.5066,8.89601E-05,22.599,0,1.5066,0.0004263371,22.599,0
1.5075,-4.061952E-05,22.6125,0,1.5075,0.0003776608,22.6125,0
1.5084,-0.0001238727,22.626,0,1.5084,0.000189334,22.626,0
1.5093,-4.46479E-05,22.6395,0,1.5093,1.510643E-05,22.6395,0
1.5102,0.0002279393,22.653,0,1.5102,5.337606E-05,22.653,0
1.5111,0.000161471,22.6665,0,1.5111,6.814679E-05,22.6665,0
1.512,8.96315E-05,22.68,0,1.512,-4.028382E-06,22.68,0
1.5129,0.0001393149,22.6935,0,1.5129,-1.577783E-05,22.6935,0
1.5138,0.0002480812,22.707,0,1.5138,-0.0001205158,22.707,0
1.5147,0.0001185016,22.7205,0,1.5147,-6.78111E-05,22.7205,0
1.5156,7.318227E-05,22.734,0,1.5156,-0.0001507286,22.734,0
1.5165,0.0001591211,22.7475,0,1.5165,-0.0002410315,22.7475,0
1.5174,0.0001245441,22.761,0,1.5174,-0.0002531167,22.761,0
1.5183,2.349889E-06,22.7745,0,1.5183,-0.0001433432,22.7745,0
1.5192,5.572595E-05,22.788,0,1.5192,-7.956054E-05,22.788,0
1.5201,0.0001540856,22.8015,0,1.5201,-5.572595E-05,22.8015,0
1.521,-3.793393E-05,22.815,0,1.521,0.0003508049,22.815,0
1.5219,-6.109713E-05,22.8285,0,1.5219,0.0003051499,22.8285,0
1.5228,8.96315E-05,22.842,0,1.5228,0.0001242084,22.842,0
1.5237,8.056763E-06,22.8555,0,1.5237,0.0002635233,22.8555,0
1.5246,-7.049668E-06,22.869,0,1.5246,0.0003152209,22.869,0
1.5255,3.424125E-05,22.8825,0,1.5255,0.0001265583,22.8825,0
1.5264,3.155566E-05,22.896,0,1.5264,1.644922E-05,22.896,0
1.5273,0.0001030594,22.9095,0,1.5273,-8.023193E-05,22.9095,0
1.5282,8.89601E-05,22.923,0,1.5282,5.035477E-06,22.923,0
1.5291,-0.000133608,22.9365,0,1.5291,-6.009003E-05,22.9365,0
1.53,-0.0001332723,22.95,0,1.53,-9.970245E-05,22.95,0
1.5309,-1.443504E-05,22.9635,0,1.5309,-9.332418E-05,22.9635,0
1.5318,-7.116808E-05,22.977,0,1.5318,-1.074235E-05,22.977,0
1.5327,-7.821774E-05,22.9905,0,1.5327,-6.176852E-05,22.9905,0
1.5336,6.042573E-05,23.004,0,1.5336,-0.0001994049,23.004,0
1.5345,-0.0001027237,23.0175,0,1.5345,-0.0001134661,23.0175,0
1.5354,-9.634547E-05,23.031,0,1.5354,-5.975433E-05,23.031,0
1.5363,3.558404E-05,23.0445,0,1.5363,-0.0001930266,23.0445,0
1.5372,0.0001470359,23.058,0,1.5372,-0.0001611353,23.058,0
1.5381,-8.426032E-05,23.0715,0,1.5381,-6.64683E-05,23.0715,0
1.539,-0.0001376364,23.085,0,1.539,-0.00021149,23.085,0
1.5399,-0.0001695277,23.0985,0,1.5399,-0.0003575189,23.0985,0
1.5408,-2.18204E-05,23.112,0,1.5408,-0.000249424,23.112,0
1.5417,-6.478981E-05,23.1255,0,1.5417,1.342794E-05,23.1255,0
1.5426,2.081331E-05,23.139,0,1.5426,4.733349E-05,23.139,0
1.5435,0.0002131685,23.1525,0,1.5435,3.356985E-05,23.1525,0
1.5444,0.0002077974,23.166,0,1.5444,0.0001003738,23.166,0
1.5453,2.887007E-05,23.1795,0,1.5453,0.000126894,23.1795,0
1.5462,1.040665E-05,23.193,0,1.5462,8.325322E-05,23.193,0
1.5471,5.471885E-05,23.2065,0,1.5471,-4.599069E-05,23.2065,0
1.548,-2.383459E-05,23.22,0,1.548,5.035477E-05,23.22,0
1.5489,4.129091E-05,23.2335,0,1.5489,4.867628E-05,23.2335,0
1.5498,0.0001164874,23.247,0,1.5498,-0.0001054093,23.247,0
1.5507,-7.721065E-06,23.2605,0,1.5507,5.975433E-05,23.2605,0
1.5516,-3.390555E-05,23.274,0,1.5516,4.36408E-05,23.274,0
1.5525,-8.123904E-05,23.2875,0,1.5525,-7.351797E-05,23.2875,0
1.5534,-7.217517E-05,23.301,0,1.5534,-6.713969E-07,23.301,0
1.5543,0.0001020523,23.3145,0,1.5543,-4.33051E-05,23.3145,0
1.5552,0.0001164874,23.328,0,1.5552,-2.719158E-05,23.328,0
1.5561,-6.61326E-05,23.3415,0,1.5561,-4.599069E-05,23.3415,0
1.557,-9.466698E-05,23.355,0,1.557,-9.164568E-05,23.355,0
1.5579,3.088426E-05,23.3685,0,1.5579,-9.936675E-05,23.3685,0
1.5588,-5.539025E-05,23.382,0,1.5588,5.270466E-05,23.382,0
1.5597,4.53193E-05,23.3955,0,1.5597,7.150377E-05,23.3955,0
1.5606,9.097429E-05,23.409,0,1.5606,-5.337606E-05,23.409,0
1.5615,-5.001907E-05,23.4225,0,1.5615,3.356985E-05,23.4225,0
1.5624,3.189136E-05,23.436,0,1.5624,1.141375E-05,23.436,0
1.5633,0.000140322,23.4495,0,1.5633,-0.0001406577,23.4495,0
1.5642,-3.088426E-05,23.463,0,1.5642,-3.524834E-05,23.463,0
1.5651,-0.0001795987,23.4765,0,1.5651,2.987716E-05,23.4765,0
1.566,-8.526741E-05,23.49,0,1.566,-3.591974E-05,23.49,0
1.5669,-6.74754E-05,23.5035,0,1.5669,-2.517739E-05,23.5035,0
1.5678,-1.947051E-05,23.517,0,1.5678,-6.881819E-05,23.517,0
1.5687,9.063859E-05,23.5305,0,1.5687,6.54612E-05,23.5305,0
1.5696,-7.888914E-05,23.544,0,1.5696,2.517739E-05,23.544,0
1.5705,-5.471885E-05,23.5575,0,1.5705,-7.956054E-05,23.5575,0
1.5714,7.284657E-05,23.571,0,1.5714,-7.418937E-05,23.571,0
1.5723,-0.0001319295,23.5845,0,1.5723,7.486076E-05,23.5845,0
1.5732,-9.869535E-05,23.598,0,1.5732,4.934768E-05,23.598,0
1.5741,6.54612E-05,23.6115,0,1.5741,-0.0001560998,23.6115,0
1.575,-7.049668E-06,23.625,0,1.575,4.632639E-05,23.625,0
1.5759,7.418937E-05,23.6385,0,1.5759,5.874724E-05,23.6385,0
1.5768,8.258183E-05,23.652,0,1.5768,-0.0001765774,23.652,0
1.5777,-6.009003E-05,23.6655,0,1.5777,-0.0001238727,23.6655,0
1.5786,-0.0001460288,23.679,0,1.5786,-2.383459E-05,23.679,0
1.5795,-8.526741E-05,23.6925,0,1.5795,-3.256275E-05,23.6925,0
1.5804,1.510643E-05,23.706,0,1.5804,-1.208515E-05,23.706,0
1.5813,1.678492E-06,23.7195,0,1.5813,-0.0001332723,23.7195,0
1.5822,3.021286E-06,23.733,0,1.5822,-1.174945E-05,23.733,0
1.5831,3.390555E-05,23.7465,0,1.5831,-0.0002020905,23.7465,0
1.584,2.18204E-05,23.76,0,1.584,-0.000161471,23.76,0
1.5849,6.713969E-07,23.7735,0,1.5849,4.129091E-05,23.7735,0
1.5858,-6.54612E-05,23.787,0,1.5858,0.0001849699,23.787,0
1.5867,2.28275E-05,23.8005,0,1.5867,0.0001017166,23.8005,0
1.5876,3.390555E-05,23.814,0,1.5876,-9.063859E-06,23.814,0
1.5885,-1.309224E-05,23.8275,0,1.5885,9.433127E-05,23.8275,0
1.5894,-4.36408E-06,23.841,0,1.5894,8.560311E-05,23.841,0
1.5903,-8.191043E-05,23.8545,0,1.5903,-1.409934E-05,23.8545,0
1.5912,-6.076142E-05,23.868,0,1.5912,3.860533E-05,23.868,0
1.5921,-9.500267E-05,23.8815,0,1.5921,4.599069E-05,23.8815,0
1.593,-9.869535E-05,23.895,0,1.593,9.063859E-05,23.895,0
1.5939,-0.0001339437,23.9085,0,1.5939,0.0001174945,23.9085,0
1.5948,-3.659113E-05,23.922,0,1.5948,2.786297E-05,23.922,0
1.5957,-5.136187E-05,23.9355,0,1.5957,9.903105E-05,23.9355,0
1.5966,-0.0001467002,23.949,0,1.5966,7.217517E-05,23.949,0
1.5975,-0.0001027237,23.9625,0,1.5975,3.692683E-06,23.9625,0
1.5984,0.0001339437,23.976,0,1.5984,-8.69459E-05,23.976,0
1.5993,5.606165E-05,23.9895,0,1.5993,-2.987716E-05,23.9895,0
1.6002,6.78111E-05,24.003,0,1.6002,-0.0001520714,24.003,0
1.6011,0.0001950408,24.0165,0,1.6011,-0.0001863127,24.0165,0
1.602,1.510643E-05,24.03,0,1.602,-0.0001305867,24.03,0
1.6029,5.035477E-06,24.0435,0,1.6029,3.558404E-05,24.0435,0
1.6038,0.0001087663,24.057,0,1.6038,0.0001715419,24.057,0
1.6047,2.383459E-05,24.0705,0,1.6047,0.0003212634,24.0705,0
1.6056,-0.0001221943,24.084,0,1.6056,0.0001399863,24.084,0
1.6065,7.586786E-05,24.0975,0,1.6065,2.819867E-05,24.0975,0
1.6074,3.189136E-05,24.111,0,1.6074,-2.618448E-05,24.111,0
1.6083,7.586786E-05,24.1245,0,1.6083,-0.0001171588,24.1245,0
1.6092,6.54612E-05,24.138,0,1.6092,-4.36408E-05,24.138,0
1.6101,-2.920577E-05,24.1515,0,1.6101,-0.0001399863,24.1515,0
1.611,-0.0001138018,24.165,0,1.611,-0.0002913863,24.165,0
1.6119,-6.411841E-05,24.1785,0,1.6119,-0.0002829938,24.1785,0
1.6128,-0.0001554284,24.192,0,1.6128,-0.0001420005,24.192,0
1.6137,-0.000154757,24.2055,0,1.6137,-9.567407E-05,24.2055,0
1.6146,0.000207126,24.219,0,1.6146,-0.0001007095,24.219,0
1.6155,0.0004078737,24.2325,0,1.6155,0.0001141375,24.2325,0
1.6164,0.0001607996,24.246,0,1.6164,0.0003044785,24.246,0
1.6173,7.553216E-05,24.2595,0,1.6173,5.941863E-05,24.2595,0
1.6182,0.0002735943,24.273,0,1.6182,-6.74754E-05,24.273,0
1.6191,3.189136E-05,24.2865,0,1.6191,5.941863E-05,24.2865,0
1.62,-0.0001027237,24.3,0,1.62,-4.263371E-05,24.3,0
1.6209,-8.560311E-05,24.3135,0,1.6209,3.390555E-05,24.3135,0
1.6218,-0.0001238727,24.327,0,1.6218,-8.291753E-05,24.327,0
1.6227,-0.0001900053,24.3405,0,1.6227,-1.275654E-05,24.3405,0
1.6236,-0.000337377,24.354,0,1.6236,-1.913481E-05,24.354,0
1.6245,-3.625543E-05,24.3675,0,1.6245,-7.318227E-05,24.3675,0
1.6254,0.0001010452,24.381,0,1.6254,-0.0001017166,24.381,0
1.6263,-3.021286E-06,24.3945,0,1.6263,-2.920577E-05,24.3945,0
1.6272,-8.392462E-06,24.408,0,1.6272,-7.083238E-05,24.408,0
1.6281,5.404745E-05,24.4215,0,1.6281,-0.0001500572,24.4215,0
1.629,-6.61326E-05,24.435,0,1.629,1.107805E-05,24.435,0
1.6299,-3.356985E-06,24.4485,0,1.6299,-1.510643E-05,24.4485,0
1.6308,6.54612E-05,24.462,0,1.6308,-0.0001661708,24.462,0
1.6317,9.164568E-05,24.4755,0,1.6317,-0.000109102,24.4755,0
1.6326,-7.620356E-05,24.489,0,1.6326,-3.356985E-05,24.489,0
1.6335,-0.0001366293,24.5025,0,1.6335,-8.86244E-05,24.5025,0
1.6344,-7.888914E-05,24.516,0,1.6344,-3.961242E-05,24.516,0
1.6353,-5.639734E-05,24.5295,0,1.6353,-1.107805E-05,24.5295,0
1.6362,1.913481E-05,24.543,0,1.6362,0.000144686,24.543,0
1.6371,-0.0002178683,24.5565,0,1.6371,9.433127E-05,24.5565,0
1.638,-0.0001822843,24.57,0,1.638,2.349889E-06,24.57,0
1.6389,-6.311131E-05,24.5835,0,1.6389,-7.418937E-05,24.5835,0
1.6398,-0.0001567712,24.597,0,1.6398,2.450599E-05,24.597,0
1.6407,1.309224E-05,24.6105,0,1.6407,5.035477E-06,24.6105,0
1.6416,0.0002537881,24.624,0,1.6416,-0.0001077592,24.624,0
1.6425,-7.418937E-05,24.6375,0,1.6425,3.793393E-05,24.6375,0
1.6434,1.007095E-06,24.651,0,1.6434,5.001907E-05,24.651,0
1.6443,0.0002611734,24.6645,0,1.6443,-5.337606E-05,24.6645,0
1.6452,9.802396E-05,24.678,0,1.6452,-1.007095E-05,24.678,0
1.6461,-4.129091E-05,24.6915,0,1.6461,-5.706874E-06,24.6915,0
1.647,3.994812E-05,24.705,0,1.647,-7.721065E-05,24.705,0
1.6479,2.484169E-05,24.7185,0,1.6479,-7.016098E-05,24.7185,0
1.6488,-9.735256E-06,24.732,0,1.6488,-0.0001131304,24.732,0
1.6497,-5.136187E-05,24.7455,0,1.6497,-7.553216E-05,24.7455,0
1.6506,-5.639734E-05,24.759,0,1.6506,-5.941863E-05,24.759,0
1.6515,-7.821774E-05,24.7725,0,1.6515,-8.291753E-05,24.7725,0
1.6524,-6.713969E-07,24.786,0,1.6524,-6.915389E-05,24.786,0
1.6533,-4.901198E-05,24.7995,0,1.6533,9.903105E-05,24.7995,0
1.6542,-0.0001054093,24.813,0,1.6542,0.0001017166,24.813,0
1.6551,3.390555E-05,24.8265,0,1.6551,-3.021286E-06,24.8265,0
1.656,-4.867628E-05,24.84,0,1.656,5.975433E-05,24.84,0
1.6569,-0.0001111162,24.8535,0,1.6569,0.0001037308,24.8535,0
1.6578,-6.378271E-06,24.867,0,1.6578,-5.706874E-06,24.867,0
1.6587,-1.544213E-05,24.8805,0,1.6587,1.007095E-06,24.8805,0
1.6596,-7.083238E-05,24.894,0,1.6596,0.0001332723,24.894,0
1.6605,-0.0001174945,24.9075,0,1.6605,3.256275E-05,24.9075,0
1.6614,-4.39765E-05,24.921,0,1.6614,-9.567407E-05,24.921,0
1.6623,9.466698E-05,24.9345,0,1.6623,-0.000161471,24.9345,0
1.6632,1.678492E-06,24.948,0,1.6632,-9.130999E-05,24.948,0
1.6641,-6.109713E-05,24.9615,0,1.6641,-0.0001117876,24.9615,0
1.665,-2.18204E-05,24.975,0,1.665,-0.0001312581,24.975,0
1.6659,3.457694E-05,24.9885,0,1.6659,-0.0001188373,24.9885,0
1.6668,-4.061952E-05,25.002,0,1.6668,-2.014191E-06,25.002,0
1.6677,-3.021286E-06,25.0155,0,1.6677,-3.021286E-06,25.0155,0
1.6686,3.826963E-05,25.029,0,1.6686,3.356985E-07,25.029,0
1.6695,-5.203327E-05,25.0425,0,1.6695,8.82887E-05,25.0425,0
1.6704,-7.116808E-05,25.056,0,1.6704,4.800488E-05,25.056,0
1.6713,0.0001232013,25.0695,0,1.6713,3.424125E-05,25.0695,0
1.6722,-9.701686E-05,25.083,0,1.6722,0.0001900053,25.083,0
1.6731,-0.0002030976,25.0965,0,1.6731,-1.644922E-05,25.0965,0
1.674,-8.157473E-05,25.11,0,1.674,-9.097429E-05,25.11,0
1.6749,-5.203327E-05,25.1235,0,1.6749,-0.0001067521,25.1235,0
1.6758,4.263371E-05,25.137,0,1.6758,-0.0001537499,25.137,0
1.6767,0.0001044022,25.1505,0,1.6767,-4.800488E-05,25.1505,0
1.6776,5.236896E-05,25.164,0,1.6776,4.46479E-05,25.164,0
1.6785,7.016098E-05,25.1775,0,1.6785,-2.349889E-06,25.1775,0
1.6794,0.0001604639,25.191,0,1.6794,-1.577783E-05,25.191,0
1.6803,-5.673304E-05,25.2045,0,1.6803,0.0001769131,25.2045,0
1.6812,-4.36408E-06,25.218,0,1.6812,0.000186984,25.218,0
1.6821,0.0002138399,25.2315,0,1.6821,4.36408E-06,25.2315,0
1.683,3.289845E-05,25.245,0,1.683,6.915389E-05,25.245,0
1.6839,-0.0001064164,25.2585,0,1.6839,2.920577E-05,25.2585,0
1.6848,-6.713969E-07,25.272,0,1.6848,-0.0001514,25.272,0
1.6857,2.24918E-05,25.2855,0,1.6857,-6.881819E-05,25.2855,0
1.6866,-0.000179263,25.299,0,1.6866,3.457694E-05,25.299,0
1.6875,-5.774014E-05,25.3125,0,1.6875,-5.572595E-05,25.3125,0
1.6884,9.097429E-05,25.326,0,1.6884,-5.236896E-05,25.326,0
1.6893,7.888914E-05,25.3395,0,1.6893,-1.107805E-05,25.3395,0
1.6902,0.0001010452,25.353,0,1.6902,1.779202E-05,25.353,0
1.6911,0.0001319295,25.3665,0,1.6911,-6.6804E-05,25.3665,0
1.692,0.0001131304,25.38,0,1.692,-0.000119173,25.38,0
1.6929,0.0001413291,25.3935,0,1.6929,-1.577783E-05,25.3935,0
1.6938,3.927672E-05,25.407,0,1.6938,0.0001487144,25.407,0
1.6947,3.054856E-05,25.4205,0,1.6947,7.620356E-05,25.4205,0
1.6956,4.800488E-05,25.434,0,1.6956,-3.726253E-05,25.434,0
1.6965,-9.231708E-05,25.4475,0,1.6965,3.927672E-05,25.4475,0
1.6974,-0.0002457313,25.461,0,1.6974,1.174945E-05,25.461,0
1.6983,-0.0003185779,25.4745,0,1.6983,-0.0001097734,25.4745,0
1.6992,-7.486076E-05,25.488,0,1.6992,-5.404745E-05,25.488,0
1.7001,-0.0001873197,25.5015,0,1.7001,-2.18204E-05,25.5015,0
1.701,-8.526741E-05,25.515,0,1.701,-5.774014E-05,25.515,0
1.7019,0.0001164874,25.5285,0,1.7019,-5.874724E-05,25.5285,0
1.7028,0.0003192493,25.542,0,1.7028,-0.0001171588,25.542,0
1.7037,0.000316228,25.5555,0,1.7037,-3.826963E-05,25.5555,0
1.7046,0.0001312581,25.569,0,1.7046,-2.28275E-05,25.569,0
1.7055,3.424125E-05,25.5825,0,1.7055,-2.987716E-05,25.5825,0
1.7064,0.0001070878,25.596,0,1.7064,-1.342794E-05,25.596,0
1.7073,-9.030289E-05,25.6095,0,1.7073,-9.399558E-06,25.6095,0
1.7082,-2.517739E-05,25.623,0,1.7082,5.270466E-05,25.623,0
1.7091,0.0001111162,25.6365,0,1.7091,-0.0001460288,25.6365,0
1.71,3.356985E-07,25.65,0,1.71,-0.000136965,25.65,0
1.7109,9.332418E-05,25.6635,0,1.7109,-5.136187E-05,25.6635,0
1.7118,5.505455E-05,25.677,0,1.7118,-0.0001802701,25.677,0
1.7127,3.121996E-05,25.6905,0,1.7127,-0.0001148089,25.6905,0
1.7136,-0.000102388,25.704,0,1.7136,-2.14847E-05,25.704,0
1.7145,-2.652018E-05,25.7175,0,1.7145,-8.157473E-05,25.7175,0
1.7154,-9.097429E-05,25.731,0,1.7154,-9.030289E-05,25.731,0
1.7163,-4.699779E-06,25.7445,0,1.7163,-0.0001111162,25.7445,0
1.7172,4.934768E-05,25.758,0,1.7172,1.007095E-05,25.758,0
1.7181,-0.0001456931,25.7715,0,1.7181,-5.404745E-05,25.7715,0
1.719,-5.438316E-05,25.785,0,1.719,-0.0001373007,25.785,0
1.7199,0.0001493858,25.7985,0,1.7199,-5.505455E-05,25.7985,0
1.7208,-3.860533E-05,25.812,0,1.7208,5.706874E-05,25.812,0
1.7217,-0.0001003738,25.8255,0,1.7217,4.36408E-06,25.8255,0
1.7226,8.224613E-05,25.839,0,1.7226,-5.136187E-05,25.839,0
1.7235,-1.477073E-05,25.8525,0,1.7235,0.0001174945,25.8525,0
1.7244,-0.0002195468,25.866,0,1.7244,0.0003078355,25.866,0
1.7253,-5.807584E-05,25.8795,0,1.7253,0.0002863508,25.8795,0
1.7262,8.82887E-05,25.893,0,1.7262,0.0002302892,25.893,0
1.7271,-7.318227E-05,25.9065,0,1.7271,0.0001795987,25.9065,0
1.728,-7.351797E-05,25.92,0,1.728,6.6804E-05,25.92,0
1.7289,-5.136187E-05,25.9335,0,1.7289,-9.701686E-05,25.9335,0
1.7298,-5.606165E-05,25.947,0,1.7298,-0.0002101472,25.947,0
1.7307,-0.0001500572,25.9605,0,1.7307,-0.0001121233,25.9605,0
1.7316,-0.0001977264,25.974,0,1.7316,-1.477073E-05,25.974,0
1.7325,-2.18204E-05,25.9875,0,1.7325,-1.007095E-05,25.9875,0
1.7334,0.000164828,26.001,0,1.7334,-0.0001070878,26.001,0
1.7343,0.0001406577,26.0145,0,1.7343,2.383459E-05,26.0145,0
1.7352,4.196231E-05,26.028,0,1.7352,2.28275E-05,26.028,0
1.7361,0.000119173,26.0415,0,1.7361,-0.0001141375,26.0415,0
1.737,6.881819E-05,26.055,0,1.737,2.081331E-05,26.055,0
1.7379,-0.0001443503,26.0685,0,1.7379,2.517739E-05,26.0685,0
1.7388,-8.92958E-05,26.082,0,1.7388,-7.016098E-05,26.082,0
1.7397,0.0001242084,26.0955,0,1.7397,6.378271E-06,26.0955,0
1.7406,-5.539025E-05,26.109,0,1.7406,3.457694E-05,26.109,0
1.7415,-4.867628E-05,26.1225,0,1.7415,-6.277562E-05,26.1225,0
1.7424,-5.706874E-06,26.136,0,1.7424,-6.61326E-05,26.136,0
1.7433,0.0001299153,26.1495,0,1.7433,-0.0001299153,26.1495,0
1.7442,-3.323415E-05,26.163,0,1.7442,6.713969E-06,26.163,0
1.7451,-8.358892E-05,26.1765,0,1.7451,-3.356985E-07,26.1765,0
1.746,7.486076E-05,26.19,0,1.746,-5.941863E-05,26.19,0
1.7469,5.740444E-05,26.2035,0,1.7469,-6.143282E-05,26.2035,0
1.7478,-0.0001080949,26.217,0,1.7478,-4.699779E-05,26.217,0
1.7487,-5.136187E-05,26.2305,0,1.7487,-0.000115816,26.2305,0
1.7496,8.258183E-05,26.244,0,1.7496,-0.0002225681,26.244,0
1.7505,-0.0001060807,26.2575,0,1.7505,-6.814679E-05,26.2575,0
1.7514,-0.0001668421,26.271,0,1.7514,-1.577783E-05,26.271,0
1.7523,-8.123904E-05,26.2845,0,1.7523,-3.726253E-05,26.2845,0
1.7532,-1.980621E-05,26.298,0,1.7532,8.92958E-05,26.298,0
1.7541,-0.0001258869,26.3115,0,1.7541,0.0001601282,26.3115,0
1.755,9.063859E-06,26.325,0,1.755,9.634547E-05,26.325,0
1.7559,-2.786297E-05,26.3385,0,1.7559,5.740444E-05,26.3385,0
1.7568,3.759823E-05,26.352,0,1.7568,2.349889E-06,26.352,0
1.7577,7.150377E-05,26.3655,0,1.7577,9.063859E-05,26.3655,0
1.7586,-8.056764E-05,26.379,0,1.7586,2.551309E-05,26.379,0
1.7595,-7.284657E-05,26.3925,0,1.7595,-6.411841E-05,26.3925,0
1.7604,7.150377E-05,26.406,0,1.7604,-2.987716E-05,26.406,0
1.7613,-5.001907E-05,26.4195,0,1.7613,2.652018E-05,26.4195,0
1.7622,-1.409934E-05,26.433,0,1.7622,-8.258183E-05,26.433,0
1.7631,0.0001963836,26.4465,0,1.7631,-0.0001816129,26.4465,0
1.764,-1.275654E-05,26.46,0,1.764,-8.728161E-06,26.46,0
1.7649,0.0001030594,26.4735,0,1.7649,-3.356985E-06,26.4735,0
1.7658,0.000203769,26.487,0,1.7658,-6.042573E-05,26.487,0
1.7667,-6.74754E-05,26.5005,0,1.7667,-0.000291722,26.5005,0
1.7676,-0.0001299153,26.514,0,1.7676,-3.826963E-05,26.514,0
1.7685,-0.0001164874,26.5275,0,1.7685,8.191043E-05,26.5275,0
1.7694,-7.553216E-05,26.541,0,1.7694,5.337606E-05,26.541,0
1.7703,-4.800488E-05,26.5545,0,1.7703,-2.1149E-05,26.5545,0
1.7712,-2.349889E-06,26.568,0,1.7712,1.141375E-05,26.568,0
1.7721,0.000105745,26.5815,0,1.7721,-8.593881E-05,26.5815,0
1.773,7.486076E-05,26.595,0,1.773,-0.0001225299,26.595,0
1.7739,0.0001285725,26.6085,0,1.7739,-5.706874E-05,26.6085,0
1.7748,7.620356E-05,26.622,0,1.7748,8.661021E-05,26.622,0
1.7757,1.745632E-05,26.6355,0,1.7757,9.198138E-05,26.6355,0
1.7766,5.807584E-05,26.649,0,1.7766,1.913481E-05,26.649,0
1.7775,-6.478981E-05,26.6625,0,1.7775,0.0002145113,26.6625,0
1.7784,-0.0001064164,26.676,0,1.7784,0.00021149,26.676,0
1.7793,-0.0001094377,26.6895,0,1.7793,1.745632E-05,26.6895,0
1.7802,-8.090334E-05,26.703,0,1.7802,1.745632E-05,26.703,0
1.7811,-8.96315E-05,26.7165,0,1.7811,4.229801E-05,26.7165,0
1.782,-0.0001077592,26.73,0,1.782,-3.826963E-05,26.73,0
1.7829,1.007095E-05,26.7435,0,1.7829,-8.023193E-05,26.7435,0
1.7838,9.903105E-05,26.757,0,1.7838,-0.0001248798,26.757,0
1.7847,-2.853437E-05,26.7705,0,1.7847,-2.316319E-05,26.7705,0
1.7856,-0.0002329748,26.784,0,1.7856,-5.169757E-05,26.784,0
1.7865,-8.627451E-05,26.7975,0,1.7865,-7.385367E-05,26.7975,0
1.7874,-3.121996E-05,26.811,0,1.7874,-6.243992E-05,26.811,0
1.7883,-6.814679E-05,26.8245,0,1.7883,0.000109102,26.8245,0
1.7892,7.687495E-05,26.838,0,1.7892,-4.36408E-05,26.838,0
1.7901,0.0003951171,26.8515,0,1.7901,-0.0002030976,26.8515,0
1.791,8.358892E-05,26.865,0,1.791,-3.692683E-05,26.865,0
1.7919,0.0001151446,26.8785,0,1.7919,-0.0001060807,26.8785,0
1.7928,0.0003501335,26.892,0,1.7928,-0.0001517357,26.892,0
1.7937,0.0002145113,26.9055,0,1.7937,-1.174945E-05,26.9055,0
1.7946,1.980621E-05,26.919,0,1.7946,8.358892E-05,26.919,0
1.7955,3.155566E-05,26.9325,0,1.7955,5.035477E-06,26.9325,0
1.7964,-1.879912E-05,26.946,0,1.7964,-4.867628E-05,26.946,0
1.7973,2.719158E-05,26.9595,0,1.7973,-8.89601E-05,26.9595,0
1.7982,3.189136E-05,26.973,0,1.7982,-2.316319E-05,26.973,0
1.7991,-0.0003118639,26.9865,0,1.7991,-6.61326E-05,26.9865,0
1.8,-0.0002269322,27,0,1.8,-7.385367E-06,27,0
1.8009,-0.0001265583,27.0135,0,1.8009,-1.745632E-05,27.0135,0
1.8018,-0.0001550927,27.027,0,1.8018,1.712062E-05,27.027,0
1.8027,-9.433127E-05,27.0405,0,1.8027,-1.309224E-05,27.0405,0
1.8036,2.853437E-05,27.054,0,1.8036,-9.701686E-05,27.054,0
1.8045,-8.761731E-05,27.0675,0,1.8045,3.356985E-06,27.0675,0
1.8054,-0.0001010452,27.081,0,1.8054,4.162661E-05,27.081,0
1.8063,-1.980621E-05,27.0945,0,1.8063,-7.016098E-05,27.0945,0
1.8072,3.524834E-05,27.108,0,1.8072,-5.639734E-05,27.108,0
1.8081,-0.000186984,27.1215,0,1.8081,3.457694E-05,27.1215,0
1.809,-7.788205E-05,27.135,0,1.809,6.378271E-06,27.135,0
1.8099,0.0001574426,27.1485,0,1.8099,-7.888914E-05,27.1485,0
1.8108,0.0001077592,27.162,0,1.8108,-0.0001010452,27.162,0
1.8117,5.706874E-06,27.1755,0,1.8117,-2.450599E-05,27.1755,0
1.8126,-0.0001185016,27.189,0,1.8126,3.121996E-05,27.189,0
1.8135,-4.699779E-06,27.2025,0,1.8135,-1.611353E-05,27.2025,0
1.8144,2.014191E-06,27.216,0,1.8144,-4.699779E-06,27.216,0
1.8153,-0.0001010452,27.2295,0,1.8153,4.43122E-05,27.2295,0
1.8162,-4.39765E-05,27.243,0,1.8162,-3.961242E-05,27.243,0
1.8171,-3.491264E-05,27.2565,0,1.8171,-0.0001178302,27.2565,0
1.818,-9.298848E-05,27.27,0,1.818,6.54612E-05,27.27,0
1.8189,0.0001238727,27.2835,0,1.8189,5.706874E-05,27.2835,0
1.8198,0.0001420005,27.297,0,1.8198,-5.606165E-05,27.297,0
1.8207,-4.061952E-05,27.3105,0,1.8207,3.424125E-05,27.3105,0
1.8216,-6.713969E-06,27.324,0,1.8216,0.0001013809,27.324,0
1.8225,1.947051E-05,27.3375,0,1.8225,6.009003E-05,27.3375,0
1.8234,3.826963E-05,27.351,0,1.8234,2.517739E-05,27.351,0
1.8243,9.903105E-05,27.3645,0,1.8243,-9.869535E-05,27.3645,0
1.8252,0.0001493858,27.378,0,1.8252,-1.947051E-05,27.378,0
1.8261,4.229801E-05,27.3915,0,1.8261,-5.941863E-05,27.3915,0
1.827,4.867628E-05,27.405,0,1.827,-0.0001134661,27.405,0
1.8279,0.0001678492,27.4185,0,1.8279,-6.6804E-05,27.4185,0
1.8288,1.544213E-05,27.432,0,1.8288,7.821774E-05,27.432,0
1.8297,6.713969E-06,27.4455,0,1.8297,-5.706874E-06,27.4455,0
1.8306,0.0001493858,27.459,0,1.8306,-0.0001258869,27.459,0
1.8315,-4.49836E-05,27.4725,0,1.8315,-6.51255E-05,27.4725,0
1.8324,-0.0001245441,27.486,0,1.8324,-0.000161471,27.486,0
1.8333,6.109713E-05,27.4995,0,1.8333,-0.0001514,27.4995,0
1.8342,-3.793393E-05,27.513,0,1.8342,7.016098E-05,27.513,0
1.8351,-0.0001675135,27.5265,0,1.8351,0.0001681849,27.5265,0
1.836,-0.0001399863,27.54,0,1.836,8.96315E-05,27.54,0
1.8369,-2.954147E-05,27.5535,0,1.8369,-1.174945E-05,27.5535,0
1.8378,-4.39765E-05,27.567,0,1.8378,-0.0001205158,27.567,0
1.8387,-0.0001030594,27.5805,0,1.8387,-3.256275E-05,27.5805,0
1.8396,-9.701686E-05,27.594,0,1.8396,5.136187E-05,27.594,0
1.8405,-1.510643E-05,27.6075,0,1.8405,7.217517E-05,27.6075,0
1.8414,9.567407E-05,27.621,0,1.8414,7.687495E-05,27.621,0
1.8423,1.678492E-05,27.6345,0,1.8423,0.0002088045,27.6345,0
1.8432,-0.0001040665,27.648,0,1.8432,0.0001359579,27.648,0
1.8441,6.109713E-05,27.6615,0,1.8441,1.678492E-06,27.6615,0
1.845,5.270466E-05,27.675,0,1.845,0.0001070878,27.675,0
1.8459,-0.0001097734,27.6885,0,1.8459,4.33051E-05,27.6885,0
1.8468,3.054856E-05,27.702,0,1.8468,-9.634547E-05,27.702,0
1.8477,7.486076E-05,27.7155,0,1.8477,-7.687495E-05,27.7155,0
1.8486,-6.814679E-05,27.729,0,1.8486,-1.947051E-05,27.729,0
1.8495,-5.203327E-05,27.7425,0,1.8495,-2.349889E-05,27.7425,0
1.8504,1.342794E-06,27.756,0,1.8504,-0.0002225681,27.756,0
1.8513,7.788205E-05,27.7695,0,1.8513,-0.0002054475,27.7695,0
1.8522,-8.493171E-05,27.783,0,1.8522,1.510643E-05,27.783,0
1.8531,-0.0002450599,27.7965,0,1.8531,1.510643E-05,27.7965,0
1.854,-0.000115816,27.81,0,1.854,-2.450599E-05,27.81,0
1.8549,-8.661021E-05,27.8235,0,1.8549,-5.270466E-05,27.8235,0
1.8558,-0.0001567712,27.837,0,1.8558,-9.735256E-06,27.837,0
1.8567,-0.0001198444,27.8505,0,1.8567,-9.063859E-05,27.8505,0
1.8576,4.129091E-05,27.864,0,1.8576,-0.0001500572,27.864,0
1.8585,-2.383459E-05,27.8775,0,1.8585,1.712062E-05,27.8775,0
1.8594,0.0001037308,27.891,0,1.8594,-2.484169E-05,27.891,0
1.8603,0.0002279393,27.9045,0,1.8603,-8.123904E-05,27.9045,0
1.8612,5.740444E-05,27.918,0,1.8612,-1.107805E-05,27.918,0
1.8621,-3.659113E-05,27.9315,0,1.8621,1.544213E-05,27.9315,0
1.863,1.040665E-05,27.945,0,1.863,-2.450599E-05,27.945,0
1.8639,7.586786E-05,27.9585,0,1.8639,-0.0001151446,27.9585,0
1.8648,0.000203769,27.972,0,1.8648,-0.000133608,27.972,0
1.8657,2.517739E-05,27.9855,0,1.8657,-6.881819E-05,27.9855,0
1.8666,-0.0001114519,27.999,0,1.8666,-4.263371E-05,27.999,0
1.8675,3.021286E-05,28.0125,0,1.8675,-4.39765E-05,28.0125,0
1.8684,8.526741E-05,28.026,0,1.8684,-1.980621E-05,28.026,0
1.8693,-9.701686E-05,28.0395,0,1.8693,0.0001728847,28.0395,0
1.8702,-9.164568E-05,28.053,0,1.8702,0.0001178302,28.053,0
1.8711,4.229801E-05,28.0665,0,1.8711,-5.941863E-05,28.0665,0
1.872,-1.376364E-05,28.08,0,1.872,0.000115816,28.08,0
1.8729,-8.89601E-05,28.0935,0,1.8729,5.001907E-05,28.0935,0
1.8738,7.183947E-05,28.107,0,1.8738,-9.701686E-05,28.107,0
1.8747,9.231708E-05,28.1205,0,1.8747,-6.54612E-05,28.1205,0
1.8756,-1.544213E-05,28.134,0,1.8756,8.291753E-05,28.134,0
1.8765,0.000109102,28.1475,0,1.8765,8.560311E-05,28.1475,0
1.8774,0.000140322,28.161,0,1.8774,3.121996E-05,28.161,0
1.8783,9.063859E-05,28.1745,0,1.8783,-7.821774E-05,28.1745,0
1.8792,6.109713E-05,28.188,0,1.8792,1.477073E-05,28.188,0
1.8801,-9.735256E-06,28.2015,0,1.8801,1.141375E-05,28.2015,0
1.881,-9.567407E-05,28.215,0,1.881,-5.035477E-05,28.215,0
1.8819,-1.342794E-06,28.2285,0,1.8819,-4.29694E-05,28.2285,0
1.8828,-9.768826E-05,28.242,0,1.8828,5.539025E-05,28.242,0
1.8837,-0.0001185016,28.2555,0,1.8837,4.129091E-05,28.2555,0
1.8846,-3.659113E-05,28.269,0,1.8846,-6.915389E-05,28.269,0
1.8855,-0.0001359579,28.2825,0,1.8855,2.752728E-05,28.2825,0
1.8864,-0.0002084688,28.296,0,1.8864,3.759823E-05,28.296,0
1.8873,-0.0001957122,28.3095,0,1.8873,-9.869535E-05,28.3095,0
1.8882,-5.001907E-05,28.323,0,1.8882,-9.735256E-05,28.323,0
1.8891,9.332418E-05,28.3365,0,1.8891,-7.721065E-06,28.3365,0
1.89,5.203327E-05,28.35,0,1.89,-9.231708E-05,28.35,0
1.8909,1.577783E-05,28.3635,0,1.8909,-7.553216E-05,28.3635,0
1.8918,6.143282E-05,28.377,0,1.8918,-5.203327E-05,28.377,0
1.8927,-7.721065E-06,28.3905,0,1.8927,7.351797E-05,28.3905,0
1.8936,3.860533E-05,28.404,0,1.8936,6.243992E-05,28.404,0
1.8945,3.793393E-05,28.4175,0,1.8945,-2.517739E-05,28.4175,0
1.8954,6.411841E-05,28.431,0,1.8954,-6.61326E-05,28.431,0
1.8963,1.242084E-05,28.4445,0,1.8963,1.913481E-05,28.4445,0
1.8972,7.956054E-05,28.458,0,1.8972,-6.378271E-05,28.458,0
1.8981,0.0002809796,28.4715,0,1.8981,-0.000175906,28.4715,0
1.899,1.443504E-05,28.485,0,1.899,-5.941863E-05,28.485,0
1.8999,-7.687495E-05,28.4985,0,1.8999,-8.291753E-05,28.4985,0
1.9008,5.539025E-05,28.512,0,1.9008,-0.0001641566,28.512,0
1.9017,-0.0001238727,28.5255,0,1.9017,-0.000200412,28.5255,0
1.9026,-0.0001440146,28.539,0,1.9026,-6.344701E-05,28.539,0
1.9035,-7.620356E-05,28.5525,0,1.9035,-5.639734E-05,28.5525,0
1.9044,-0.0001114519,28.566,0,1.9044,2.18204E-05,28.566,0
1.9053,-7.016098E-05,28.5795,0,1.9053,1.577783E-05,28.5795,0
1.9062,-6.210422E-05,28.593,0,1.9062,6.6804E-05,28.593,0
1.9071,-0.0001594568,28.6065,0,1.9071,4.699779E-06,28.6065,0
1.908,-7.217517E-05,28.62,0,1.908,2.786297E-05,28.62,0
1.9089,3.189136E-05,28.6335,0,1.9089,-5.706874E-06,28.6335,0
1.9098,0.0001178302,28.647,0,1.9098,6.814679E-05,28.647,0
1.9107,0.0001420005,28.6605,0,1.9107,5.404745E-05,28.6605,0
1.9116,0.0001816129,28.674,0,1.9116,-6.478981E-05,28.674,0
1.9125,5.069047E-05,28.6875,0,1.9125,2.047761E-05,28.6875,0
1.9134,-7.553216E-05,28.701,0,1.9134,5.069047E-05,28.701,0
1.9143,2.920577E-05,28.7145,0,1.9143,-3.524834E-05,28.7145,0
1.9152,0.000185977,28.728,0,1.9152,8.728161E-06,28.728,0
1.9161,-0.0001238727,28.7415,0,1.9161,8.023193E-05,28.7415,0
1.917,-4.901198E-05,28.755,0,1.917,0.0001144732,28.755,0
1.9179,5.001907E-05,28.7685,0,1.9179,6.378271E-05,28.7685,0
1.9188,-9.735256E-06,28.782,0,1.9188,-0.0001319295,28.782,0
1.9197,3.356985E-07,28.7955,0,1.9197,-5.539025E-05,28.7955,0
1.9206,3.054856E-05,28.809,0,1.9206,-3.256275E-05,28.809,0
1.9215,1.980621E-05,28.8225,0,1.9215,-8.89601E-05,28.8225,0
1.9224,3.021286E-06,28.836,0,1.9224,-0.0001178302,28.836,0
1.9233,-7.553216E-05,28.8495,0,1.9233,-2.652018E-05,28.8495,0
1.9242,-5.941863E-05,28.863,0,1.9242,-5.841154E-05,28.863,0
1.9251,-2.24918E-05,28.8765,0,1.9251,-0.0001349508,28.8765,0
1.926,-0.0001188373,28.89,0,1.926,3.021286E-06,28.89,0
1.9269,-0.000189334,28.9035,0,1.9269,-3.155566E-05,28.9035,0
1.9278,-0.0001426719,28.917,0,1.9278,-0.000115816,28.917,0
1.9287,4.599069E-05,28.9305,0,1.9287,-1.544213E-05,28.9305,0
1.9296,-0.0001215228,28.944,0,1.9296,5.807584E-05,28.944,0
1.9305,-8.090334E-05,28.9575,0,1.9305,1.007095E-06,28.9575,0
1.9314,-1.007095E-06,28.971,0,1.9314,7.687495E-05,28.971,0
1.9323,9.097429E-05,28.9845,0,1.9323,2.21561E-05,28.9845,0
1.9332,2.1149E-05,28.998,0,1.9332,-6.915389E-05,28.998,0
1.9341,-0.000115816,29.0115,0,1.9341,6.076142E-05,29.0115,0
1.935,2.887007E-05,29.025,0,1.935,-3.558404E-05,29.025,0
1.9359,0.0001453574,29.0385,0,1.9359,-6.478981E-05,29.0385,0
1.9368,-8.090334E-05,29.052,0,1.9368,4.766919E-05,29.052,0
1.9377,-3.323415E-05,29.0655,0,1.9377,2.652018E-05,29.0655,0
1.9386,0.0001285725,29.079,0,1.9386,-5.706874E-06,29.079,0
1.9395,-2.517739E-05,29.0925,0,1.9395,3.356985E-05,29.0925,0
1.9404,2.349889E-06,29.106,0,1.9404,-2.014191E-05,29.106,0
1.9413,0.0001252155,29.1195,0,1.9413,-0.0001587854,29.1195,0
1.9422,4.599069E-05,29.133,0,1.9422,-5.874724E-05,29.133,0
1.9431,-9.332418E-05,29.1465,0,1.9431,6.478981E-05,29.1465,0
1.944,-6.71397E-05,29.16,0,1.944,6.6804E-05,29.16,0
1.9449,1.678492E-05,29.1735,0,1.9449,-3.390555E-05,29.1735,0
1.9458,-1.141375E-05,29.187,0,1.9458,-0.0001628138,29.187,0
1.9467,-6.378271E-06,29.2005,0,1.9467,-8.627451E-05,29.2005,0
1.9476,-0.0001896696,29.214,0,1.9476,-0.0001171588,29.214,0
1.9485,-0.0001453574,29.2275,0,1.9485,-0.0001607996,29.2275,0
1.9494,3.323415E-05,29.241,0,1.9494,-6.042573E-06,29.241,0
1.9503,-6.61326E-05,29.2545,0,1.9503,0.0001567712,29.2545,0
1.9512,-0.0001037308,29.268,0,1.9512,7.821774E-05,29.268,0
1.9521,0.0001406577,29.2815,0,1.9521,5.404745E-05,29.2815,0
1.953,0.0001107805,29.295,0,1.953,0.0002030976,29.295,0
1.9539,7.150377E-05,29.3085,0,1.9539,0.0001550927,29.3085,0
1.9548,0.0001886625,29.322,0,1.9548,-6.478981E-05,29.322,0
1.9557,0.000109102,29.3355,0,1.9557,-1.107805E-05,29.3355,0
1.9566,-7.888914E-05,29.349,0,1.9566,4.129091E-05,29.349,0
1.9575,-6.109713E-05,29.3625,0,1.9575,-3.155566E-05,29.3625,0
1.9584,8.82887E-05,29.376,0,1.9584,-1.644922E-05,29.376,0
1.9593,9.365987E-05,29.3895,0,1.9593,-6.64683E-05,29.3895,0
1.9602,3.054856E-05,29.403,0,1.9602,1.779202E-05,29.403,0
1.9611,-3.356985E-07,29.4165,0,1.9611,3.692683E-06,29.4165,0
1.962,6.814679E-05,29.43,0,1.962,-4.061952E-05,29.43,0
1.9629,5.270466E-05,29.4435,0,1.9629,-5.471885E-05,29.4435,0
1.9638,-6.344701E-05,29.457,0,1.9638,2.819867E-05,29.457,0
1.9647,-5.304036E-05,29.4705,0,1.9647,-5.404745E-05,29.4705,0
1.9656,8.627451E-05,29.484,0,1.9656,-0.000193698,29.484,0
1.9665,-2.450599E-05,29.4975,0,1.9665,-6.445411E-05,29.4975,0
1.9674,0.000109102,29.511,0,1.9674,-9.365987E-05,29.511,0
1.9683,0.0002077974,29.5245,0,1.9683,-0.0002205539,29.5245,0
1.9692,0.0001362936,29.538,0,1.9692,-0.0002299535,29.538,0
1.9701,4.39765E-05,29.5515,0,1.9701,-0.0001601282,29.5515,0
1.971,2.584878E-05,29.565,0,1.971,-0.0001171588,29.565,0
1.9719,-5.807584E-05,29.5785,0,1.9719,-9.500267E-05,29.5785,0
1.9728,1.040665E-05,29.592,0,1.9728,-0.000126894,29.592,0
1.9737,-5.572595E-05,29.6055,0,1.9737,0.0001087663,29.6055,0
1.9746,-0.0001829557,29.619,0,1.9746,0.0003998169,29.619,0
1.9755,-6.54612E-05,29.6325,0,1.9755,0.0002574807,29.6325,0
1.9764,-6.411841E-05,29.646,0,1.9764,6.54612E-05,29.646,0
1.9773,-0.0001990692,29.6595,0,1.9773,0.0001500572,29.6595,0
1.9782,-0.000164828,29.673,0,1.9782,0.0001151446,29.673,0
1.9791,-6.210422E-05,29.6865,0,1.9791,-5.539025E-05,29.6865,0
1.98,-0.0001450217,29.7,0,1.98,4.229801E-05,29.7,0
1.9809,-5.807584E-05,29.7135,0,1.9809,6.243992E-05,29.7135,0
1.9818,0.0001413291,29.727,0,1.9818,-7.553216E-05,29.727,0
1.9827,-5.941863E-05,29.7405,0,1.9827,-6.411841E-05,29.7405,0
1.9836,-1.913481E-05,29.754,0,1.9836,1.577783E-05,29.754,0
1.9845,0.0001591211,29.7675,0,1.9845,-4.33051E-05,29.7675,0
1.9854,4.800488E-05,29.781,0,1.9854,-9.399558E-06,29.781,0
1.9863,4.129091E-05,29.7945,0,1.9863,-6.74754E-05,29.7945,0
1.9872,9.634547E-05,29.808,0,1.9872,-9.063859E-06,29.808,0
1.9881,6.61326E-05,29.8215,0,1.9881,-3.927672E-05,29.8215,0
1.989,1.812772E-05,29.835,0,1.989,-0.0001168231,29.835,0
1.9899,0.000158114,29.8485,0,1.9899,-9.298848E-05,29.8485,0
1.9908,0.0001500572,29.862,0,1.9908,-6.713969E-06,29.862,0
1.9917,3.155566E-05,29.8755,0,1.9917,-3.121996E-05,29.8755,0
1.9926,0.0001037308,29.889,0,1.9926,-8.090334E-05,29.889,0
1.9935,3.591974E-05,29.9025,0,1.9935,2.920577E-05,29.9025,0
1.9944,-0.0001050736,29.916,0,1.9944,4.39765E-05,29.916,0
1.9953,-4.666209E-05,29.9295,0,1.9953,-9.365987E-05,29.9295,0
1.9962,-2.24918E-05,29.943,0,1.9962,-5.471885E-05,29.943,0
1.9971,-0.0001863127,29.9565,0,1.9971,3.625543E-05,29.9565,0
1.998,-0.0001698634,29.97,0,1.998,-6.042573E-06,29.97,0
1.9989,-9.231708E-05,29.9835,0,1.9989,-2.1149E-05,29.9835,0
1.9998,-0.0001131304,29.997,0,1.9998,-0.0002098116,29.997,0
2.0007,-0.0001654994,30.0105,0,2.0007,-0.0001460288,30.0105,0
2.0016,-0.0003299916,30.024,0,2.0016,-0.0001104448,30.024,0
2.0025,-0.0001527428,30.0375,0,2.0025,-8.023193E-05,30.0375,0
2.0034,-9.668116E-05,30.051,0,2.0034,-3.826963E-05,30.051,0
2.0043,-0.0002366674,30.0645,0,2.0043,4.800488E-05,30.0645,0
2.0052,-0.0001762417,30.078,0,2.0052,6.277562E-05,30.078,0
2.0061,-3.961242E-05,30.0915,0,2.0061,-3.558404E-05,30.0915,0
2.007,-0.0001876554,30.105,0,2.007,2.450599E-05,30.105,0
2.0079,3.356985E-07,30.1185,0,2.0079,2.517739E-05,30.1185,0
2.0088,0.0001339437,30.132,0,2.0088,-9.433127E-05,30.132,0
2.0097,0.0001487144,30.1455,0,2.0097,-6.378271E-05,30.1455,0
2.0106,0.0001460288,30.159,0,2.0106,-1.947051E-05,30.159,0
2.0115,8.123904E-05,30.1725,0,2.0115,-2.752728E-05,30.1725,0
2.0124,7.049668E-05,30.186,0,2.0124,3.054856E-05,30.186,0
2.0133,0.0001205158,30.1995,0,2.0133,-1.812772E-05,30.1995,0
2.0142,5.606165E-05,30.213,0,2.0142,0.0001500572,30.213,0
2.0151,-6.143282E-05,30.2265,0,2.0151,8.69459E-05,30.2265,0
2.016,-1.980621E-05,30.24,0,2.016,-1.846342E-05,30.24,0
2.0169,8.493171E-05,30.2535,0,2.0169,-2.417029E-05,30.2535,0
2.0178,-0.0001406577,30.267,0,2.0178,9.063859E-06,30.267,0
2.0187,-0.0001040665,30.2805,0,2.0187,-3.256275E-05,30.2805,0
2.0196,0.0001440146,30.294,0,2.0196,-0.0001077592,30.294,0
2.0205,-4.263371E-05,30.3075,0,2.0205,4.699779E-06,30.3075,0
2.0214,-0.000102388,30.321,0,2.0214,3.256275E-05,30.321,0
2.0223,2.786297E-05,30.3345,0,2.0223,-4.968337E-05,30.3345,0
2.0232,-7.721065E-06,30.348,0,2.0232,1.879912E-05,30.348,0
2.0241,-0.0001755703,30.3615,0,2.0241,5.471885E-05,30.3615,0
2.025,-6.61326E-05,30.375,0,2.025,2.014191E-06,30.375,0
2.0259,-5.941863E-05,30.3885,0,2.0259,-7.083238E-05,30.3885,0
2.0268,1.174945E-05,30.402,0,2.0268,-0.000140322,30.402,0
2.0277,7.620356E-05,30.4155,0,2.0277,-6.54612E-05,30.4155,0
2.0286,7.888914E-05,30.429,0,2.0286,-6.74754E-05,30.429,0
2.0295,-5.706874E-06,30.4425,0,2.0295,-7.721065E-05,30.4425,0
2.0304,9.903105E-05,30.456,0,2.0304,-6.277562E-05,30.456,0
2.0313,2.047761E-05,30.4695,0,2.0313,4.263371E-05,30.4695,0
2.0322,1.242084E-05,30.483,0,2.0322,2.014191E-06,30.483,0
2.0331,0.0001265583,30.4965,0,2.0331,-9.701686E-05,30.4965,0
2.034,1.141375E-05,30.51,0,2.034,8.493171E-05,30.51,0
2.0349,-3.121996E-05,30.5235,0,2.0349,0.0001017166,30.5235,0
2.0358,1.644922E-05,30.537,0,2.0358,-2.987716E-05,30.537,0
2.0367,0.0001802701,30.5505,0,2.0367,-5.035477E-06,30.5505,0
2.0376,-9.030289E-05,30.564,0,2.0376,1.040665E-05,30.564,0
2.0385,-4.196231E-05,30.5775,0,2.0385,2.014191E-06,30.5775,0
2.0394,7.687495E-05,30.591,0,2.0394,-2.618448E-05,30.591,0
2.0403,0.0001715419,30.6045,0,2.0403,-0.0001064164,30.6045,0
2.0412,2.618448E-05,30.618,0,2.0412,3.121996E-05,30.618,0
2.0421,-0.000154757,30.6315,0,2.0421,3.961242E-05,30.6315,0
2.043,2.786297E-05,30.645,0,2.043,-3.793393E-05,30.645,0
2.0439,7.687495E-05,30.6585,0,2.0439,-6.881819E-05,30.6585,0
2.0448,-5.471885E-05,30.672,0,2.0448,-0.0001315938,30.672,0
2.0457,5.572595E-05,30.6855,0,2.0457,-0.0001728847,30.6855,0
2.0466,8.224613E-05,30.699,0,2.0466,-0.0001631495,30.699,0
2.0475,1.577783E-05,30.7125,0,2.0475,2.584878E-05,30.7125,0
2.0484,0.000144686,30.726,0,2.0484,3.591974E-05,30.726,0
2.0493,0.0001030594,30.7395,0,2.0493,-0.0001151446,30.7395,0
2.0502,0.0001601282,30.753,0,2.0502,-3.726253E-05,30.753,0
2.0511,3.860533E-05,30.7665,0,2.0511,0.0001030594,30.7665,0
2.052,3.189136E-05,30.78,0,2.052,9.433127E-05,30.78,0
2.0529,-4.49836E-05,30.7935,0,2.0529,7.217517E-05,30.7935,0
2.0538,1.510643E-05,30.807,0,2.0538,5.035477E-06,30.807,0
2.0547,3.054856E-05,30.8205,0,2.0547,9.298848E-05,30.8205,0
2.0556,-0.0001127947,30.834,0,2.0556,4.666209E-05,30.834,0
2.0565,-5.270466E-05,30.8475,0,2.0565,-3.323415E-05,30.8475,0
2.0574,2.920577E-05,30.861,0,2.0574,7.049668E-06,30.861,0
2.0583,-0.0001514,30.8745,0,2.0583,0.0001138018,30.8745,0
2.0592,-0.0001490501,30.888,0,2.0592,5.035477E-06,30.888,0
2.0601,-1.644922E-05,30.9015,0,2.0601,-0.0001252155,30.9015,0
2.061,-0.0001346151,30.915,0,2.061,-4.800488E-05,30.915,0
2.0619,-4.968337E-05,30.9285,0,2.0619,-4.229801E-05,30.9285,0
2.0628,8.426032E-05,30.942,0,2.0628,-0.0001258869,30.942,0
2.0637,5.639734E-05,30.9555,0,2.0637,-7.821774E-05,30.9555,0
2.0646,-0.0002269322,30.969,0,2.0646,-4.46479E-05,30.969,0
2.0655,-0.0001084306,30.9825,0,2.0655,-9.735256E-06,30.9825,0
2.0664,1.544213E-05,30.996,0,2.0664,0.0001003738,30.996,0
2.0673,1.644922E-05,31.0095,0,2.0673,1.443504E-05,31.0095,0
2.0682,-1.846342E-05,31.023,0,2.0682,6.009003E-05,31.023,0
2.0691,-3.222705E-05,31.0365,0,2.0691,5.203327E-05,31.0365,0
2.07,4.733349E-05,31.05,0,2.07,-3.256275E-05,31.05,0
2.0709,8.191043E-05,31.0635,0,2.0709,-7.351797E-05,31.0635,0
2.0718,-9.063859E-05,31.077,0,2.0718,-7.721065E-06,31.077,0
2.0727,-0.0002346532,31.0905,0,2.0727,-7.452507E-05,31.0905,0
2.0736,-0.0001305867,31.104,0,2.0736,-0.0002034333,31.104,0
2.0745,-0.0002366674,31.1175,0,2.0745,-5.001907E-05,31.1175,0
2.0754,-0.0002480812,31.131,0,2.0754,2.853437E-05,31.131,0
2.0763,-9.063859E-05,31.1445,0,2.0763,-1.007095E-06,31.1445,0
2.0772,0.0002306248,31.158,0,2.0772,-2.014191E-06,31.158,0
2.0781,0.0001977264,31.1715,0,2.0781,5.673304E-05,31.1715,0
2.079,0.0001997406,31.185,0,2.079,-2.719158E-05,31.185,0
2.0799,0.0002000763,31.1985,0,2.0799,-3.356985E-06,31.1985,0
2.0808,0.0002088045,31.212,0,2.0808,-3.759823E-05,31.212,0
2.0817,4.599069E-05,31.2255,0,2.0817,1.678492E-06,31.2255,0
2.0826,-6.478981E-05,31.239,0,2.0826,-1.812772E-05,31.239,0
2.0835,3.289845E-05,31.2525,0,2.0835,-8.325322E-05,31.2525,0
2.0844,1.174945E-05,31.266,0,2.0844,-9.500267E-05,31.266,0
2.0853,-8.224613E-05,31.2795,0,2.0853,1.275654E-05,31.2795,0
2.0862,1.107805E-05,31.293,0,2.0862,2.21561E-05,31.293,0
2.0871,9.030289E-05,31.3065,0,2.0871,-6.64683E-05,31.3065,0
2.088,-0.0001151446,31.32,0,2.088,0.000119173,31.32,0
2.0889,-4.263371E-05,31.3335,0,2.0889,0.0001067521,31.3335,0
2.0898,3.457694E-05,31.347,0,2.0898,-7.049668E-06,31.347,0
2.0907,-7.888914E-05,31.3605,0,2.0907,2.081331E-05,31.3605,0
2.0916,-0.0001681849,31.374,0,2.0916,2.887007E-05,31.374,0
2.0925,-5.069047E-05,31.3875,0,2.0925,-4.196231E-05,31.3875,0
2.0934,-8.459602E-05,31.401,0,2.0934,-8.358892E-05,31.401,0
2.0943,-1.376364E-05,31.4145,0,2.0943,-0.0001433432,31.4145,0
2.0952,2.24918E-05,31.428,0,2.0952,-3.793393E-05,31.428,0
2.0961,-9.231708E-05,31.4415,0,2.0961,-4.162661E-05,31.4415,0
2.097,-3.424125E-05,31.455,0,2.097,-0.000102388,31.455,0
2.0979,6.277562E-05,31.4685,0,2.0979,-8.157473E-05,31.4685,0
2.0988,-4.666209E-05,31.482,0,2.0988,2.18204E-05,31.482,0
2.0997,-9.500267E-05,31.4955,0,2.0997,-1.141375E-05,31.4955,0
2.1006,7.989624E-05,31.509,0,2.1006,-8.560311E-05,31.509,0
2.1015,-1.007095E-06,31.5225,0,2.1015,5.572595E-05,31.5225,0
2.1024,-4.33051E-05,31.536,0,2.1024,5.941863E-05,31.536,0
2.1033,1.174945E-05,31.5495,0,2.1033,-5.941863E-05,31.5495,0
2.1042,4.028382E-05,31.563,0,2.1042,5.035477E-06,31.563,0
2.1051,-4.162661E-05,31.5765,0,2.1051,0.0001111162,31.5765,0
2.106,2.987716E-05,31.59,0,2.106,7.116808E-05,31.59,0
2.1069,3.323415E-05,31.6035,0,2.1069,-3.356985E-05,31.6035,0
2.1078,-7.049668E-06,31.617,0,2.1078,-0.0001010452,31.617,0
2.1087,4.39765E-05,31.6305,0,2.1087,-6.478981E-05,31.6305,0
2.1096,-6.009003E-05,31.644,0,2.1096,-0.0001077592,31.644,0
2.1105,-7.385367E-06,31.6575,0,2.1105,-0.0001926909,31.6575,0
2.1114,3.793393E-05,31.671,0,2.1114,-0.0001305867,31.671,0
2.1123,-5.673304E-05,31.6845,0,2.1123,1.443504E-05,31.6845,0
2.1132,-3.155566E-05,31.698,0,2.1132,-3.054856E-05,31.698,0
2.1141,0.0001101091,31.7115,0,2.1141,-4.39765E-05,31.7115,0
2.115,1.980621E-05,31.725,0,2.115,0.0001420005,31.725,0
2.1159,7.452507E-05,31.7385,0,2.1159,0.0001514,31.7385,0
2.1168,9.298848E-05,31.752,0,2.1168,5.639734E-05,31.752,0
2.1177,-3.021286E-05,31.7655,0,2.1177,4.733349E-05,31.7655,0
2.1186,-4.46479E-05,31.779,0,2.1186,8.69459E-05,31.779,0
2.1195,-0.0001211871,31.7925,0,2.1195,3.021286E-05,31.7925,0
2.1204,-4.733349E-05,31.806,0,2.1204,-3.356985E-06,31.806,0
2.1213,0.0001255512,31.8195,0,2.1213,-0.000119173,31.8195,0
2.1222,7.150377E-05,31.833,0,2.1222,-9.063859E-06,31.833,0
2.1231,-6.74754E-05,31.8465,0,2.1231,1.275654E-05,31.8465,0
2.124,-3.356985E-07,31.86,0,2.124,-8.123904E-05,31.86,0
2.1249,4.666209E-05,31.8735,0,2.1249,-0.0001225299,31.8735,0
2.1258,-0.0001087663,31.887,0,2.1258,5.069047E-05,31.887,0
2.1267,-4.901198E-05,31.9005,0,2.1267,-6.64683E-05,31.9005,0
2.1276,8.82887E-05,31.914,0,2.1276,-0.0002729229,31.914,0
2.1285,-7.821774E-05,31.9275,0,2.1285,-0.0001151446,31.9275,0
2.1294,7.049668E-06,31.941,0,2.1294,-4.867628E-05,31.941,0
2.1303,7.754635E-05,31.9545,0,2.1303,-3.894102E-05,31.9545,0
2.1312,0.0001554284,31.968,0,2.1312,8.459602E-05,31.968,0
2.1321,-1.846342E-05,31.9815,0,2.1321,0.0002010834,31.9815,0
2.133,2.349889E-05,31.995,0,2.133,0.0001624781,31.995,0
2.1339,1.577783E-05,32.0085,0,2.1339,4.229801E-05,32.0085,0
2.1348,1.107805E-05,32.022,0,2.1348,-8.96315E-05,32.022,0
2.1357,-2.1149E-05,32.0355,0,2.1357,-1.007095E-05,32.0355,0
2.1366,-0.0002208896,32.049,0,2.1366,-4.129091E-05,32.049,0
2.1375,-0.0001329366,32.0625,0,2.1375,-4.263371E-05,32.0625,0
2.1384,3.591974E-05,32.076,0,2.1384,7.418937E-05,32.076,0
2.1393,-0.0001027237,32.0895,0,2.1393,0.0001742275,32.0895,0
2.1402,-9.298848E-05,32.103,0,2.1402,9.869535E-05,32.103,0
2.1411,0.0001849699,32.1165,0,2.1411,-3.356985E-05,32.1165,0
2.142,3.927672E-05,32.13,0,2.142,7.318227E-05,32.13,0
2.1429,-5.606165E-05,32.1435,0,2.1429,-6.243992E-05,32.1435,0
2.1438,5.035477E-06,32.157,0,2.1438,-0.0001930266,32.157,0
2.1447,7.385367E-06,32.1705,0,2.1447,-0.0001292439,32.1705,0
2.1456,-9.701686E-05,32.184,0,2.1456,-0.0001067521,32.184,0
2.1465,-3.793393E-05,32.1975,0,2.1465,-0.0001101091,32.1975,0
2.1474,7.116808E-05,32.211,0,2.1474,-5.203327E-05,32.211,0
2.1483,4.666209E-05,32.2245,0,2.1483,-5.941863E-05,32.2245,0
2.1492,6.74754E-05,32.238,0,2.1492,-4.095522E-05,32.238,0
2.1501,0.0001607996,32.2515,0,2.1501,-3.323415E-05,32.2515,0
2.151,5.471885E-05,32.265,0,2.151,-7.083238E-05,32.265,0
2.1519,5.035477E-06,32.2785,0,2.1519,-7.620356E-05,32.2785,0
2.1528,-7.284657E-05,32.292,0,2.1528,-3.356985E-07,32.292,0
2.1537,-1.107805E-05,32.3055,0,2.1537,1.040665E-05,32.3055,0
2.1546,5.740444E-05,32.319,0,2.1546,-9.835965E-05,32.319,0
2.1555,9.735256E-06,32.3325,0,2.1555,3.692683E-06,32.3325,0
2.1564,-6.713969E-06,32.346,0,2.1564,-2.047761E-05,32.346,0
2.1573,0.0001205158,32.3595,0,2.1573,-0.0001399863,32.3595,0
2.1582,-3.289845E-05,32.373,0,2.1582,-0.000130251,32.373,0
2.1591,-7.016098E-05,32.3865,0,2.1591,-3.256275E-05,32.3865,0
2.16,-7.888914E-05,32.4,0,2.16,-5.337606E-05,32.4,0
2.1609,-8.82887E-05,32.4135,0,2.1609,-7.150377E-05,32.4135,0
2.1618,4.129091E-05,32.427,0,2.1618,-7.687495E-05,32.427,0
2.1627,9.970245E-05,32.4405,0,2.1627,6.344701E-05,32.4405,0
2.1636,3.826963E-05,32.454,0,2.1636,2.047761E-05,32.454,0
2.1645,1.477073E-05,32.4675,0,2.1645,-3.558404E-05,32.4675,0
2.1654,2.450599E-05,32.481,0,2.1654,-7.049668E-06,32.481,0
2.1663,-9.869535E-05,32.4945,0,2.1663,8.795301E-05,32.4945,0
2.1672,-1.779202E-05,32.508,0,2.1672,4.699779E-06,32.508,0
2.1681,8.224613E-05,32.5215,0,2.1681,-9.164568E-05,32.5215,0
2.169,-8.459602E-05,32.535,0,2.169,1.275654E-05,32.535,0
2.1699,-0.0001292439,32.5485,0,2.1699,4.800488E-05,32.5485,0
2.1708,-1.107805E-05,32.562,0,2.1708,-5.941863E-05,32.562,0
2.1717,-0.0001413291,32.5755,0,2.1717,2.786297E-05,32.5755,0
2.1726,-0.0002621805,32.589,0,2.1726,8.392462E-05,32.589,0
2.1735,-0.0001879911,32.6025,0,2.1735,1.846342E-05,32.6025,0
2.1744,-0.0001960479,32.616,0,2.1744,-3.424125E-05,32.616,0
2.1753,-5.169757E-05,32.6295,0,2.1753,-9.735256E-05,32.6295,0
2.1762,8.795301E-05,32.643,0,2.1762,1.342794E-06,32.643,0
2.1771,-9.802396E-05,32.6565,0,2.1771,-3.121996E-05,32.6565,0
2.178,-3.558404E-05,32.67,0,2.178,-5.874724E-05,32.67,0
2.1789,0.0001641566,32.6835,0,2.1789,-4.565499E-05,32.6835,0
2.1798,3.961242E-05,32.697,0,2.1798,4.766919E-05,32.697,0
2.1807,3.927672E-05,32.7105,0,2.1807,-1.007095E-06,32.7105,0
2.1816,0.0001822843,32.724,0,2.1816,-6.881819E-05,32.724,0
2.1825,8.291753E-05,32.7375,0,2.1825,5.136187E-05,32.7375,0
2.1834,2.484169E-05,32.751,0,2.1834,5.337606E-05,32.751,0
2.1843,0.000115816,32.7645,0,2.1843,-5.035477E-05,32.7645,0
2.1852,2.719158E-05,32.778,0,2.1852,-2.349889E-06,32.778,0
2.1861,-0.0001332723,32.7915,0,2.1861,4.766919E-05,32.7915,0
2.187,-6.61326E-05,32.805,0,2.187,-1.443504E-05,32.805,0
2.1879,3.692683E-06,32.8185,0,2.1879,-4.46479E-05,32.8185,0
2.1888,2.987716E-05,32.832,0,2.1888,-0.0001077592,32.832,0
2.1897,5.069047E-05,32.8455,0,2.1897,-5.874724E-05,32.8455,0
2.1906,-5.035477E-05,32.859,0,2.1906,-0.0001681849,32.859,0
2.1915,-0.0001131304,32.8725,0,2.1915,-0.0003823606,32.8725,0
2.1924,-2.18204E-05,32.886,0,2.1924,-0.0003360342,32.886,0
2.1933,-8.191043E-05,32.8995,0,2.1933,-5.069047E-05,32.8995,0
2.1942,5.874724E-05,32.913,0,2.1942,0.0001265583,32.913,0
2.1951,0.0001238727,32.9265,0,2.1951,0.0001957122,32.9265,0
2.196,8.392462E-06,32.94,0,2.196,0.0003138781,32.94,0
2.1969,6.948959E-05,32.9535,0,2.1969,0.0002319677,32.9535,0
2.1978,3.424125E-05,32.967,0,2.1978,6.57969E-05,32.967,0
2.1987,-3.726253E-05,32.9805,0,2.1987,0.0001138018,32.9805,0
2.1996,-0.0001265583,32.994,0,2.1996,0.0001064164,32.994,0
2.2005,-0.0001121233,33.0075,0,2.2005,4.934768E-05,33.0075,0
2.2014,-4.53193E-05,33.021,0,2.2014,3.256275E-05,33.021,0
2.2023,8.82887E-05,33.0345,0,2.2023,-4.934768E-05,33.0345,0
2.2032,3.356985E-07,33.048,0,2.2032,6.51255E-05,33.048,0
2.2041,-5.136187E-05,33.0615,0,2.2041,0.0001171588,33.0615,0
2.205,3.457694E-05,33.075,0,2.205,-6.713969E-07,33.075,0
2.2059,0.0001621424,33.0885,0,2.2059,-4.061952E-05,33.0885,0
2.2068,-3.994812E-05,33.102,0,2.2068,3.054856E-05,33.102,0
2.2077,-9.500267E-05,33.1155,0,2.2077,-1.510643E-05,33.1155,0
2.2086,8.89601E-05,33.129,0,2.2086,-9.365987E-05,33.129,0
2.2095,-3.524834E-05,33.1425,0,2.2095,6.143282E-05,33.1425,0
2.2104,1.007095E-06,33.156,0,2.2104,-6.277562E-05,33.156,0
2.2113,0.0001044022,33.1695,0,2.2113,-0.0002433814,33.1695,0
2.2122,1.007095E-06,33.183,0,2.2122,-0.0001201801,33.183,0
2.2131,-9.970245E-05,33.1965,0,2.2131,-7.553216E-05,33.1965,0
2.214,5.337606E-05,33.21,0,2.214,-9.164568E-05,33.21,0
2.2149,1.779202E-05,33.2235,0,2.2149,-2.1149E-05,33.2235,0
2.2158,-9.735256E-06,33.237,0,2.2158,-3.726253E-05,33.237,0
2.2167,7.150377E-05,33.2505,0,2.2167,0.0001406577,33.2505,0
2.2176,0.0001050736,33.264,0,2.2176,2.517739E-05,33.264,0
2.2185,-4.867628E-05,33.2775,0,2.2185,-0.0001856413,33.2775,0
2.2194,6.54612E-05,33.291,0,2.2194,-9.533837E-05,33.291,0
2.2203,2.450599E-05,33.3045,0,2.2203,-4.39765E-05,33.3045,0
2.2212,-6.277562E-05,33.318,0,2.2212,-7.989624E-05,33.318,0
2.2221,0.000112459,33.3315,0,2.2221,-9.634547E-05,33.3315,0
2.223,5.807584E-05,33.345,0,2.223,5.908293E-05,33.345,0
2.2239,-9.198138E-05,33.3585,0,2.2239,6.143282E-05,33.3585,0
2.2248,-5.740444E-05,33.372,0,2.2248,-4.53193E-05,33.372,0
2.2257,9.500267E-05,33.3855,0,2.2257,3.927672E-05,33.3855,0
2.2266,-9.198138E-05,33.399,0,2.2266,9.903105E-05,33.399,0
2.2275,-8.358892E-05,33.4125,0,2.2275,5.136187E-05,33.4125,0
2.2284,-4.934768E-05,33.426,0,2.2284,2.450599E-05,33.426,0
2.2293,6.042573E-05,33.4395,0,2.2293,-9.903105E-05,33.4395,0
2.2302,-0.0001007095,33.453,0,2.2302,-5.001907E-05,33.453,0
2.2311,-0.0001554284,33.4665,0,2.2311,-5.908293E-05,33.4665,0
2.232,-2.1149E-05,33.48,0,2.232,-9.869535E-05,33.48,0
2.2329,1.812772E-05,33.4935,0,2.2329,-5.337606E-05,33.4935,0
2.2338,-9.164568E-05,33.507,0,2.2338,9.164568E-05,33.507,0
2.2347,-1.376364E-05,33.5205,0,2.2347,-1.745632E-05,33.5205,0
2.2356,7.284657E-05,33.534,0,2.2356,-9.466698E-05,33.534,0
2.2365,-6.78111E-05,33.5475,0,2.2365,7.922484E-05,33.5475,0
2.2374,-5.404745E-05,33.561,0,2.2374,7.586786E-05,33.561,0
2.2383,-7.855344E-05,33.5745,0,2.2383,-0.000119173,33.5745,0
2.2392,-2.853437E-05,33.588,0,2.2392,-8.224613E-05,33.588,0
2.2401,-4.39765E-05,33.6015,0,2.2401,-2.517739E-05,33.6015,0
2.241,9.063859E-06,33.615,0,2.241,-5.169757E-05,33.615,0
2.2419,-4.129091E-05,33.6285,0,2.2419,-2.18204E-05,33.6285,0
2.2428,1.980621E-05,33.642,0,2.2428,-6.009003E-05,33.642,0
2.2437,2.517739E-05,33.6555,0,2.2437,5.169757E-05,33.6555,0
2.2446,-4.968337E-05,33.669,0,2.2446,-1.477073E-05,33.669,0
2.2455,-1.644922E-05,33.6825,0,2.2455,-6.61326E-05,33.6825,0
2.2464,8.661021E-05,33.696,0,2.2464,-7.956054E-05,33.696,0
2.2473,-9.835965E-05,33.7095,0,2.2473,2.1149E-05,33.7095,0
2.2482,-4.229801E-05,33.723,0,2.2482,-1.107805E-05,33.723,0
2.2491,0.000203769,33.7365,0,2.2491,-0.0001312581,33.7365,0
2.25,1.678492E-06,33.75,0,2.25,3.121996E-05,33.75,0
2.2509,-0.0001185016,33.7635,0,2.2509,-6.311131E-05,33.7635,0
2.2518,-1.678492E-06,33.777,0,2.2518,-0.000161471,33.777,0
2.2527,-2.719158E-05,33.7905,0,2.2527,-0.000119173,33.7905,0
2.2536,-0.0002024262,33.804,0,2.2536,-1.242084E-05,33.804,0
2.2545,-8.291753E-05,33.8175,0,2.2545,1.007095E-05,33.8175,0
2.2554,1.678492E-05,33.831,0,2.2554,6.713969E-07,33.831,0
2.2563,-8.392462E-06,33.8445,0,2.2563,-6.277562E-05,33.8445,0
2.2572,6.54612E-05,33.858,0,2.2572,8.761731E-05,33.858,0
2.2581,5.337606E-05,33.8715,0,2.2581,0.0001144732,33.8715,0
2.259,1.510643E-05,33.885,0,2.259,5.337606E-05,33.885,0
2.2599,5.874724E-05,33.8985,0,2.2599,-7.049668E-06,33.8985,0
2.2608,-7.016098E-05,33.912,0,2.2608,0.0001070878,33.912,0
2.2617,-7.788205E-05,33.9255,0,2.2617,3.659113E-05,33.9255,0
2.2626,4.39765E-05,33.939,0,2.2626,-9.231708E-05,33.939,0
2.2635,-9.265278E-05,33.9525,0,2.2635,4.129091E-05,33.9525,0
2.2644,-1.376364E-05,33.966,0,2.2644,4.39765E-05,33.966,0
2.2653,-1.678492E-06,33.9795,0,2.2653,-4.800488E-05,33.9795,0
2.2662,0.0001305867,33.993,0,2.2662,-6.009003E-05,33.993,0
2.2671,8.392462E-06,34.0065,0,2.2671,-6.042573E-05,34.0065,0
2.268,-2.349889E-05,34.02,0,2.268,-5.505455E-05,34.02,0
2.2689,8.96315E-05,34.0335,0,2.2689,-3.222705E-05,34.0335,0
2.2698,0.000109102,34.047,0,2.2698,-4.599069E-05,34.047,0
2.2707,9.164568E-05,34.0605,0,2.2707,8.090334E-05,34.0605,0
2.2716,4.196231E-05,34.074,0,2.2716,5.404745E-05,34.074,0
2.2725,6.109713E-05,34.0875,0,2.2725,-1.712062E-05,34.0875,0
2.2734,2.1149E-05,34.101,0,2.2734,-2.786297E-05,34.101,0
2.2743,-9.097429E-05,34.1145,0,2.2743,1.510643E-05,34.1145,0
2.2752,-6.143282E-05,34.128,0,2.2752,-5.807584E-05,34.128,0
2.2761,0.0001534142,34.1415,0,2.2761,-0.000148043,34.1415,0
2.277,-5.136187E-05,34.155,0,2.277,-5.337606E-05,34.155,0
2.2779,-3.558404E-05,34.1685,0,2.2779,1.577783E-05,34.1685,0
2.2788,7.049668E-06,34.182,0,2.2788,-4.43122E-05,34.182,0
2.2797,-2.014191E-05,34.1955,0,2.2797,-6.713969E-07,34.1955,0
2.2806,-7.888914E-05,34.209,0,2.2806,5.706874E-06,34.209,0
2.2815,2.349889E-06,34.2225,0,2.2815,-9.500267E-05,34.2225,0
2.2824,-6.277562E-05,34.236,0,2.2824,-0.000105745,34.236,0
2.2833,-6.713969E-07,34.2495,0,2.2833,-0.0001527428,34.2495,0
2.2842,9.466698E-05,34.263,0,2.2842,-2.920577E-05,34.263,0
2.2851,2.417029E-05,34.2765,0,2.2851,-2.349889E-06,34.2765,0
2.286,3.726253E-05,34.29,0,2.286,-2.853437E-05,34.29,0
2.2869,8.123904E-05,34.3035,0,2.2869,4.263371E-05,34.3035,0
2.2878,-5.169757E-05,34.317,0,2.2878,0.0001644923,34.317,0
2.2887,-5.774014E-05,34.3305,0,2.2887,1.913481E-05,34.3305,0
2.2896,0.0001037308,34.344,0,2.2896,-5.304036E-05,34.344,0
2.2905,7.721065E-06,34.3575,0,2.2905,0.0001044022,34.3575,0
2.2914,-0.0001554284,34.371,0,2.2914,3.424125E-05,34.371,0
2.2923,-6.948959E-05,34.3845,0,2.2923,-4.901198E-05,34.3845,0
2.2932,3.390555E-05,34.398,0,2.2932,-5.740444E-05,34.398,0
2.2941,-0.0001775845,34.4115,0,2.2941,-1.242084E-05,34.4115,0
2.295,-0.0001040665,34.425,0,2.295,-4.43122E-05,34.425,0
2.2959,-2.920577E-05,34.4385,0,2.2959,-6.176852E-05,34.4385,0
2.2968,-2.316319E-05,34.452,0,2.2968,-5.639734E-05,34.452,0
2.2977,5.706874E-06,34.4655,0,2.2977,4.800488E-05,34.4655,0
2.2986,-4.39765E-05,34.479,0,2.2986,-2.24918E-05,34.479,0
2.2995,-0.000109102,34.4925,0,2.2995,-0.0001174945,34.4925,0
2.3004,-6.378271E-06,34.506,0,2.3004,-0.0001379721,34.506,0
2.3013,-0.0001198444,34.5195,0,2.3013,-1.007095E-06,34.5195,0
2.3022,-1.879912E-05,34.533,0,2.3022,-3.356985E-06,34.533,0
2.3031,2.316319E-05,34.5465,0,2.3031,-7.418937E-05,34.5465,0
2.304,-7.888914E-05,34.56,0,2.304,7.553216E-05,34.56,0
2.3049,9.332418E-05,34.5735,0,2.3049,1.678492E-06,34.5735,0
2.3058,0.0001507286,34.587,0,2.3058,-9.970245E-05,34.587,0
2.3067,1.208515E-05,34.6005,0,2.3067,-4.800488E-05,34.6005,0
2.3076,-4.699779E-06,34.614,0,2.3076,4.028382E-05,34.614,0
2.3085,3.692683E-06,34.6275,0,2.3085,5.706874E-06,34.6275,0
2.3094,8.291753E-05,34.641,0,2.3094,0.000102388,34.641,0
2.3103,0.0001779202,34.6545,0,2.3103,-5.001907E-05,34.6545,0
2.3112,2.584878E-05,34.668,0,2.3112,-6.881819E-05,34.668,0
2.3121,-6.74754E-05,34.6815,0,2.3121,-4.46479E-05,34.6815,0
2.313,-2.047761E-05,34.695,0,2.313,-0.000102388,34.695,0
2.3139,0.0001144732,34.7085,0,2.3139,-4.834058E-05,34.7085,0
2.3148,-8.358892E-05,34.722,0,2.3148,4.800488E-05,34.722,0
2.3157,-5.606165E-05,34.7355,0,2.3157,-1.409934E-05,34.7355,0
2.3166,6.881819E-05,34.749,0,2.3166,-0.0001299153,34.749,0
2.3175,-9.466698E-05,34.7625,0,2.3175,-3.524834E-05,34.7625,0
2.3184,4.229801E-05,34.776,0,2.3184,-3.054856E-05,34.776,0
2.3193,0.0002077974,34.7895,0,2.3193,-7.721065E-05,34.7895,0
2.3202,6.57969E-05,34.803,0,2.3202,6.109713E-05,34.803,0
2.3211,-6.54612E-05,34.8165,0,2.3211,0.0001000381,34.8165,0
2.322,-7.049668E-06,34.83,0,2.322,3.860533E-05,34.83,0
2.3229,-8.560311E-05,34.8435,0,2.3229,9.063859E-06,34.8435,0
2.3238,-2.316319E-05,34.857,0,2.3238,-6.277562E-05,34.857,0
2.3247,6.713969E-07,34.8705,0,2.3247,5.673304E-05,34.8705,0
2.3256,-0.0002118257,34.884,0,2.3256,1.577783E-05,34.884,0
2.3265,-0.0001154803,34.8975,0,2.3265,-4.49836E-05,34.8975,0
2.3274,0.0001027237,34.911,0,2.3274,-4.196231E-05,34.911,0
2.3283,-4.129091E-05,34.9245,0,2.3283,8.291753E-05,34.9245,0
2.3292,-0.0001762417,34.938,0,2.3292,0.0001087663,34.938,0
2.3301,-1.174945E-05,34.9515,0,2.3301,-2.18204E-05,34.9515,0
2.331,-6.78111E-05,34.965,0,2.331,6.277562E-05,34.965,0
2.3319,-8.69459E-05,34.9785,0,2.3319,7.049668E-06,34.9785,0
2.3328,-3.021286E-06,34.992,0,2.3328,-8.996719E-05,34.992,0
2.3337,-2.014191E-06,35.0055,0,2.3337,8.728161E-06,35.0055,0
2.3346,-0.0001292439,35.019,0,2.3346,4.196231E-05,35.019,0
2.3355,-8.426032E-05,35.0325,0,2.3355,2.18204E-05,35.0325,0
2.3364,-4.129091E-05,35.046,0,2.3364,3.021286E-06,35.046,0
2.3373,1.242084E-05,35.0595,0,2.3373,-6.948959E-05,35.0595,0
2.3382,-5.841154E-05,35.073,0,2.3382,4.33051E-05,35.073,0
2.3391,-5.706874E-06,35.0865,0,2.3391,2.752728E-05,35.0865,0
2.34,8.526741E-05,35.1,0,2.34,-5.203327E-05,35.1,0
2.3409,0.0001500572,35.1135,0,2.3409,-8.090334E-05,35.1135,0
2.3418,9.936675E-05,35.127,0,2.3418,-1.376364E-05,35.127,0
2.3427,9.500267E-05,35.1405,0,2.3427,-4.129091E-05,35.1405,0
2.3436,0.0001688563,35.154,0,2.3436,-0.0001658351,35.154,0
2.3445,8.224613E-05,35.1675,0,2.3445,-3.390555E-05,35.1675,0
2.3454,3.659113E-05,35.181,0,2.3454,-3.021286E-05,35.181,0
2.3463,2.316319E-05,35.1945,0,2.3463,-0.0001362936,35.1945,0
2.3472,2.685588E-05,35.208,0,2.3472,-3.054856E-05,35.208,0
2.3481,-9.433127E-05,35.2215,0,2.3481,3.692683E-06,35.2215,0
2.349,2.18204E-05,35.235,0,2.349,-6.009003E-05,35.235,0
2.3499,-9.063859E-06,35.2485,0,2.3499,-4.43122E-05,35.2485,0
2.3508,3.189136E-05,35.262,0,2.3508,-0.0001299153,35.262,0
2.3517,1.040665E-05,35.2755,0,2.3517,-3.524834E-05,35.2755,0
2.3526,-8.090334E-05,35.289,0,2.3526,-5.404745E-05,35.289,0
2.3535,-9.735256E-06,35.3025,0,2.3535,-0.0001054093,35.3025,0
2.3544,4.061952E-05,35.316,0,2.3544,-7.049668E-05,35.316,0
2.3553,-0.0001795987,35.3295,0,2.3553,-9.399558E-06,35.3295,0
2.3562,-0.0001232013,35.343,0,2.3562,-4.33051E-05,35.343,0
2.3571,0.0001097734,35.3565,0,2.3571,-8.493171E-05,35.3565,0
2.358,-0.0001322652,35.37,0,2.358,7.821774E-05,35.37,0
2.3589,-0.0002128328,35.3835,0,2.3589,0.0001003738,35.3835,0
2.3598,5.941863E-05,35.397,0,2.3598,5.337606E-05,35.397,0
2.3607,0.0002051118,35.4105,0,2.3607,9.500267E-05,35.4105,0
2.3616,-4.162661E-05,35.424,0,2.3616,0.0001809415,35.424,0
2.3625,-1.040665E-05,35.4375,0,2.3625,7.351797E-05,35.4375,0
2.3634,7.721065E-06,35.451,0,2.3634,1.107805E-05,35.451,0
2.3643,-2.349889E-05,35.4645,0,2.3643,-0.0001201801,35.4645,0
2.3652,1.779202E-05,35.478,0,2.3652,-1.007095E-05,35.478,0
2.3661,-0.0001326009,35.4915,0,2.3661,-4.095522E-05,35.4915,0
2.367,-0.0001238727,35.505,0,2.367,-0.0001816129,35.505,0
2.3679,7.016098E-05,35.5185,0,2.3679,-0.0002098116,35.5185,0
2.3688,-5.606165E-05,35.532,0,2.3688,-0.0001077592,35.532,0
2.3697,-3.860533E-05,35.5455,0,2.3697,-0.0001279011,35.5455,0
2.3706,0.0001631495,35.559,0,2.3706,-8.92958E-05,35.559,0
2.3715,9.097429E-05,35.5725,0,2.3715,0.000235996,35.5725,0
2.3724,4.53193E-05,35.586,0,2.3724,0.0001708705,35.586,0
2.3733,1.309224E-05,35.5995,0,2.3733,2.719158E-05,35.5995,0
2.3742,1.712062E-05,35.613,0,2.3742,0.0001050736,35.613,0
2.3751,-6.54612E-05,35.6265,0,2.3751,0.0001500572,35.6265,0
2.376,-7.586786E-05,35.64,0,2.376,9.298848E-05,35.64,0
2.3769,2.349889E-06,35.6535,0,2.3769,1.611353E-05,35.6535,0
2.3778,6.74754E-05,35.667,0,2.3778,-6.51255E-05,35.667,0
2.3787,6.411841E-05,35.6805,0,2.3787,-9.063859E-06,35.6805,0
2.3796,0,35.694,0,2.3796,-4.36408E-06,35.694,0
2.3805,-3.927672E-05,35.7075,0,2.3805,-5.371176E-05,35.7075,0
2.3814,-2.014191E-06,35.721,0,2.3814,-3.088426E-05,35.721,0
2.3823,-9.433127E-05,35.7345,0,2.3823,7.217517E-05,35.7345,0
2.3832,-7.888914E-05,35.748,0,2.3832,-5.706874E-06,35.748,0
2.3841,0.0001460288,35.7615,0,2.3841,-9.231708E-05,35.7615,0
2.385,5.706874E-06,35.775,0,2.385,1.309224E-05,35.775,0
2.3859,0.0001131304,35.7885,0,2.3859,-3.826963E-05,35.7885,0
2.3868,0.0001463645,35.802,0,2.3868,-0.0002326391,35.802,0
2.3877,0.0002306248,35.8155,0,2.3877,-0.0001708705,35.8155,0
2.3886,0.0001638209,35.829,0,2.3886,-1.779202E-05,35.829,0
2.3895,8.96315E-05,35.8425,0,2.3895,-7.318227E-05,35.8425,0
2.3904,7.721065E-06,35.856,0,2.3904,-9.130999E-05,35.856,0
2.3913,6.915389E-05,35.8695,0,2.3913,-0.0001681849,35.8695,0
2.3922,6.378271E-06,35.883,0,2.3922,-6.54612E-05,35.883,0
2.3931,-0.0001943694,35.8965,0,2.3931,-7.385367E-05,35.8965,0
2.394,-0.0001195087,35.91,0,2.394,-9.030289E-05,35.91,0
2.3949,3.256275E-05,35.9235,0,2.3949,-6.009003E-05,35.9235,0
2.3958,-0.0001957122,35.937,0,2.3958,3.457694E-05,35.937,0
2.3967,-0.0001748989,35.9505,0,2.3967,1.376364E-05,35.9505,0
2.3976,5.807584E-05,35.964,0,2.3976,-4.061952E-05,35.964,0
2.3985,-0.0001433432,35.9775,0,2.3985,3.860533E-05,35.9775,0
2.3994,-0.0001973907,35.991,0,2.3994,2.24918E-05,35.991,0
2.4003,4.733349E-05,36.0045,0,2.4003,-0.0001047379,36.0045,0
2.4012,-3.860533E-05,36.018,0,2.4012,-3.927672E-05,36.018,0
2.4021,-0.0002178683,36.0315,0,2.4021,5.740444E-05,36.0315,0
2.403,-9.298848E-05,36.045,0,2.403,-5.035477E-05,36.045,0
2.4039,-5.069047E-05,36.0585,0,2.4039,-0.0001574426,36.0585,0
2.4048,3.692683E-06,36.072,0,2.4048,-3.491264E-05,36.072,0
2.4057,4.733349E-05,36.0855,0,2.4057,0.0001232013,36.0855,0
2.4066,4.666209E-05,36.099,0,2.4066,7.586786E-05,36.099,0
2.4075,-1.107805E-05,36.1125,0,2.4075,-7.385367E-06,36.1125,0
2.4084,2.047761E-05,36.126,0,2.4084,-3.356985E-07,36.126,0
2.4093,-0.0001211871,36.1395,0,2.4093,8.493171E-05,36.1395,0
2.4102,-0.0001487144,36.153,0,2.4102,-1.913481E-05,36.153,0
2.4111,1.443504E-05,36.1665,0,2.4111,-0.0001836271,36.1665,0
2.412,-4.33051E-05,36.18,0,2.412,-8.493171E-05,36.18,0
2.4129,-8.96315E-05,36.1935,0,2.4129,-0.0001386435,36.1935,0
2.4138,7.452507E-05,36.207,0,2.4138,-0.0003004501,36.207,0
2.4147,0.0001413291,36.2205,0,2.4147,-0.000158114,36.2205,0
2.4156,5.941863E-05,36.234,0,2.4156,6.478981E-05,36.234,0
2.4165,5.438316E-05,36.2475,0,2.4165,0.0002735943,36.2475,0
2.4174,0.0001050736,36.261,0,2.4174,0.0002675517,36.261,0
2.4183,0.0001332723,36.2745,0,2.4183,0.0001423362,36.2745,0
2.4192,9.768826E-05,36.288,0,2.4192,0.0001957122,36.288,0
2.4201,3.826963E-05,36.3015,0,2.4201,0.0001201801,36.3015,0
2.421,7.486076E-05,36.315,0,2.421,5.471885E-05,36.315,0
2.4219,5.941863E-05,36.3285,0,2.4219,6.009003E-05,36.3285,0
2.4228,-7.956054E-05,36.342,0,2.4228,8.92958E-05,36.342,0
2.4237,5.874724E-05,36.3555,0,2.4237,7.821774E-05,36.3555,0
2.4246,7.721065E-05,36.369,0,2.4246,-0.0001221943,36.369,0
2.4255,-0.0001567712,36.3825,0,2.4255,-0.0001037308,36.3825,0
2.4264,-0.0001346151,36.396,0,2.4264,-0.0001010452,36.396,0
2.4273,-8.627451E-05,36.4095,0,2.4273,-0.0002312963,36.4095,0
2.4282,-0.0002823224,36.423,0,2.4282,-9.298848E-05,36.423,0
2.4291,-0.000252781,36.4365,0,2.4291,3.726253E-05,36.4365,0
2.43,-0.0001101091,36.45,0,2.43,-1.712062E-05,36.45,0
2.4309,-9.735256E-06,36.4635,0,2.4309,-3.256275E-05,36.4635,0
2.4318,0.0001493858,36.477,0,2.4318,-8.224613E-05,36.477,0
2.4327,0.0002467384,36.4905,0,2.4327,-2.24918E-05,36.4905,0
2.4336,-7.721065E-06,36.504,0,2.4336,-5.841154E-05,36.504,0
2.4345,-5.606165E-05,36.5175,0,2.4345,-0.0001080949,36.5175,0
2.4354,0.0001000381,36.531,0,2.4354,-4.968337E-05,36.531,0
2.4363,-3.793393E-05,36.5445,0,2.4363,4.733349E-05,36.5445,0
2.4372,-9.802396E-05,36.558,0,2.4372,2.21561E-05,36.558,0
2.4381,7.217517E-05,36.5715,0,2.4381,-3.994812E-05,36.5715,0
2.439,-1.712062E-05,36.585,0,2.439,4.666209E-05,36.585,0
2.4399,1.510643E-05,36.5985,0,2.4399,1.712062E-05,36.5985,0
2.4408,0.0001265583,36.612,0,2.4408,-6.6804E-05,36.612,0
2.4417,-7.586786E-05,36.6255,0,2.4417,4.129091E-05,36.6255,0
2.4426,-0.000112459,36.639,0,2.4426,9.063859E-05,36.639,0
2.4435,-5.404745E-05,36.6525,0,2.4435,-3.860533E-05,36.6525,0
2.4444,6.378271E-06,36.666,0,2.4444,-7.150377E-05,36.666,0
2.4453,4.53193E-05,36.6795,0,2.4453,-5.471885E-05,36.6795,0
2.4462,1.678492E-06,36.693,0,2.4462,5.807584E-05,36.693,0
2.4471,3.289845E-05,36.7065,0,2.4471,-4.834058E-05,36.7065,0
2.448,7.452507E-05,36.72,0,2.448,-0.0001027237,36.72,0
2.4489,9.030289E-05,36.7335,0,2.4489,-8.560311E-05,36.7335,0
2.4498,6.713969E-06,36.747,0,2.4498,1.779202E-05,36.747,0
2.4507,-1.779202E-05,36.7605,0,2.4507,-2.752728E-05,36.7605,0
2.4516,8.69459E-05,36.774,0,2.4516,-0.000133608,36.774,0
2.4525,5.069047E-05,36.7875,0,2.4525,1.544213E-05,36.7875,0
2.4534,-0.0001232013,36.801,0,2.4534,5.706874E-06,36.801,0
2.4543,-0.0001104448,36.8145,0,2.4543,-0.0001144732,36.8145,0
2.4552,-6.277562E-05,36.828,0,2.4552,4.162661E-05,36.828,0
2.4561,-0.0001775845,36.8415,0,2.4561,8.560311E-05,36.8415,0
2.457,-3.457694E-05,36.855,0,2.457,-3.323415E-05,36.855,0
2.4579,-4.599069E-05,36.8685,0,2.4579,-2.954147E-05,36.8685,0
2.4588,2.316319E-05,36.882,0,2.4588,-9.936675E-05,36.882,0
2.4597,5.337606E-05,36.8955,0,2.4597,2.1149E-05,36.8955,0
2.4606,8.82887E-05,36.909,0,2.4606,2.349889E-06,36.909,0
2.4615,0.0001386435,36.9225,0,2.4615,-4.867628E-05,36.9225,0
2.4624,0.0001393149,36.936,0,2.4624,6.042573E-06,36.936,0
2.4633,-3.021286E-06,36.9495,0,2.4633,0.0001215228,36.9495,0
2.4642,6.6804E-05,36.963,0,2.4642,7.217517E-05,36.963,0
2.4651,0.0001755703,36.9765,0,2.4651,-5.673304E-05,36.9765,0
2.466,-6.243992E-05,36.99,0,2.466,4.53193E-05,36.99,0
2.4669,-0.0001201801,37.0035,0,2.4669,3.860533E-05,37.0035,0
2.4678,5.874724E-05,37.017,0,2.4678,-6.64683E-05,37.017,0
2.4687,8.023193E-05,37.0305,0,2.4687,-6.009003E-05,37.0305,0
2.4696,-6.143282E-05,37.044,0,2.4696,3.189136E-05,37.044,0
2.4705,6.344701E-05,37.0575,0,2.4705,4.666209E-05,37.0575,0
2.4714,-5.673304E-05,37.071,0,2.4714,-0.0001802701,37.071,0
2.4723,-4.229801E-05,37.0845,0,2.4723,-0.0002668803,37.0845,0
2.4732,-6.042573E-06,37.098,0,2.4732,-2.819867E-05,37.098,0
2.4741,-0.0001185016,37.1115,0,2.4741,-0.0001107805,37.1115,0
2.475,-0.0001054093,37.125,0,2.475,-0.0001322652,37.125,0
2.4759,-2.484169E-05,37.1385,0,2.4759,-8.224613E-05,37.1385,0
2.4768,-0.0001698634,37.152,0,2.4768,3.189136E-05,37.152,0
2.4777,-0.0001769131,37.1655,0,2.4777,5.673304E-05,37.1655,0
2.4786,-2.786297E-05,37.179,0,2.4786,-3.356985E-06,37.179,0
2.4795,-5.874724E-05,37.1925,0,2.4795,-1.678492E-06,37.1925,0
2.4804,-0.0001789273,37.206,0,2.4804,-5.337606E-05,37.206,0
2.4813,-2.584878E-05,37.2195,0,2.4813,-3.894102E-05,37.2195,0
2.4822,0.0002024262,37.233,0,2.4822,0.0001346151,37.233,0
2.4831,9.735256E-06,37.2465,0,2.4831,0.0002081331,37.2465,0
2.484,-6.109713E-05,37.26,0,2.484,0.0001003738,37.26,0
2.4849,-1.644922E-05,37.2735,0,2.4849,5.304036E-05,37.2735,0
2.4858,-1.107805E-05,37.287,0,2.4858,-5.639734E-05,37.287,0
2.4867,-3.860533E-05,37.3005,0,2.4867,2.1149E-05,37.3005,0
2.4876,-8.627451E-05,37.314,0,2.4876,-2.618448E-05,37.314,0
2.4885,-2.21561E-05,37.3275,0,2.4885,-6.54612E-05,37.3275,0
2.4894,8.92958E-05,37.341,0,2.4894,-1.174945E-05,37.341,0
2.4903,6.009003E-05,37.3545,0,2.4903,4.36408E-05,37.3545,0
2.4912,0.0001493858,37.368,0,2.4912,-1.510643E-05,37.368,0
2.4921,0.000224918,37.3815,0,2.4921,-0.0001346151,37.3815,0
2.493,-2.014191E-06,37.395,0,2.493,-1.007095E-06,37.395,0
2.4939,2.517739E-05,37.4085,0,2.4939,6.378271E-06,37.4085,0
2.4948,1.040665E-05,37.422,0,2.4948,-0.0001460288,37.422,0
2.4957,1.913481E-05,37.4355,0,2.4957,-5.404745E-05,37.4355,0
2.4966,-9.735256E-06,37.449,0,2.4966,2.450599E-05,37.449,0
2.4975,-5.539025E-05,37.4625,0,2.4975,6.076142E-05,37.4625,0
2.4984,-6.915389E-05,37.476,0,2.4984,3.054856E-05,37.476,0
2.4993,1.745632E-05,37.4895,0,2.4993,-9.164568E-05,37.4895,0
2.5002,-8.056763E-06,37.503,0,2.5002,3.390555E-05,37.503,0
2.5011,-4.39765E-05,37.5165,0,2.5011,-3.021286E-06,37.5165,0
2.502,1.577783E-05,37.53,0,2.502,-8.661021E-05,37.53,0
2.5029,0.0001607996,37.5435,0,2.5029,-3.121996E-05,37.5435,0
2.5038,-6.277562E-05,37.557,0,2.5038,4.095522E-05,37.557,0
2.5047,-3.356985E-07,37.5705,0,2.5047,-0.0001681849,37.5705,0
2.5056,0.0002118257,37.584,0,2.5056,-0.0001688563,37.584,0
2.5065,-3.524834E-05,37.5975,0,2.5065,-1.510643E-05,37.5975,0
2.5074,-0.0001628138,37.611,0,2.5074,-1.275654E-05,37.611,0
2.5083,-4.43122E-05,37.6245,0,2.5083,-0.0001040665,37.6245,0
2.5092,-3.155566E-05,37.638,0,2.5092,-3.759823E-05,37.638,0
2.5101,-0.0001839628,37.6515,0,2.5101,6.243992E-05,37.6515,0
2.511,-8.795301E-05,37.665,0,2.511,2.685588E-06,37.665,0
2.5119,-6.143282E-05,37.6785,0,2.5119,-3.289845E-05,37.6785,0
2.5128,3.692683E-06,37.692,0,2.5128,-7.788205E-05,37.692,0
2.5137,3.189136E-05,37.7055,0,2.5137,3.323415E-05,37.7055,0
2.5146,0.0001456931,37.719,0,2.5146,3.793393E-05,37.719,0
2.5155,3.961242E-05,37.7325,0,2.5155,-5.270466E-05,37.7325,0
2.5164,0.0001131304,37.746,0,2.5164,-0.0001534142,37.746,0
2.5173,4.699779E-05,37.7595,0,2.5173,-4.565499E-05,37.7595,0
2.5182,-3.021286E-05,37.773,0,2.5182,-2.551309E-05,37.773,0
2.5191,5.136187E-05,37.7865,0,2.5191,-8.96315E-05,37.7865,0
2.52,-1.879912E-05,37.8,0,2.52,2.450599E-05,37.8,0
2.5209,-0.0001232013,37.8135,0,2.5209,1.879912E-05,37.8135,0
2.5218,-2.517739E-05,37.827,0,2.5218,-0.0001376364,37.827,0
2.5227,-5.975433E-05,37.8405,0,2.5227,-0.0001131304,37.8405,0
2.5236,-0.0002584878,37.854,0,2.5236,-0.0001111162,37.854,0
2.5245,-0.0001460288,37.8675,0,2.5245,-5.001907E-05,37.8675,0
2.5254,-3.256275E-05,37.881,0,2.5254,8.023193E-05,37.881,0
2.5263,7.217517E-05,37.8945,0,2.5263,0.0001151446,37.8945,0
2.5272,5.203327E-05,37.908,0,2.5272,0.0001352865,37.908,0
2.5281,-7.620356E-05,37.9215,0,2.5281,7.351797E-05,37.9215,0
2.529,-6.176852E-05,37.935,0,2.529,9.735256E-06,37.935,0
2.5299,2.383459E-05,37.9485,0,2.5299,-6.848249E-05,37.9485,0
2.5308,-9.097429E-05,37.962,0,2.5308,2.652018E-05,37.962,0
2.5317,7.721065E-06,37.9755,0,2.5317,4.196231E-05,37.9755,0
2.5326,9.970245E-05,37.989,0,2.5326,-4.800488E-05,37.989,0
2.5335,-8.728161E-06,38.0025,0,2.5335,1.644922E-05,38.0025,0
2.5344,0.0001668421,38.016,0,2.5344,3.625543E-05,38.016,0
2.5353,0.0001802701,38.0295,0,2.5353,-0.0001292439,38.0295,0
2.5362,9.030289E-05,38.043,0,2.5362,-7.653925E-05,38.043,0
2.5371,1.443504E-05,38.0565,0,2.5371,2.819867E-05,38.0565,0
2.538,4.095522E-05,38.07,0,2.538,-3.826963E-05,38.07,0
2.5389,-4.263371E-05,38.0835,0,2.5389,1.712062E-05,38.0835,0
2.5398,8.157473E-05,38.097,0,2.5398,7.486076E-05,38.097,0
2.5407,0.0001285725,38.1105,0,2.5407,0.0002030976,38.1105,0
2.5416,-7.284657E-05,38.124,0,2.5416,8.023193E-05,38.124,0
2.5425,-1.644922E-05,38.1375,0,2.5425,2.517739E-05,38.1375,0
2.5434,3.692683E-06,38.151,0,2.5434,-0.0001094377,38.151,0
2.5443,-0.000203769,38.1645,0,2.5443,-9.936675E-05,38.1645,0
2.5452,-0.0001849699,38.178,0,2.5452,-9.198138E-05,38.178,0
2.5461,-3.323415E-05,38.1915,0,2.5461,-0.000235996,38.1915,0
2.547,-0.0001678492,38.205,0,2.547,-0.0001242084,38.205,0
2.5479,-0.0001990692,38.2185,0,2.5479,-4.46479E-05,38.2185,0
2.5488,1.007095E-06,38.232,0,2.5488,-9.365987E-05,38.232,0
2.5497,0.0002205539,38.2455,0,2.5497,-1.779202E-05,38.2455,0
2.5506,-5.069047E-05,38.259,0,2.5506,7.150377E-05,38.259,0
2.5515,-4.968337E-05,38.2725,0,2.5515,2.786297E-05,38.2725,0
2.5524,-2.484169E-05,38.286,0,2.5524,-2.719158E-05,38.286,0
2.5533,4.36408E-05,38.2995,0,2.5533,-5.606165E-05,38.2995,0
2.5542,0.0001121233,38.313,0,2.5542,6.948959E-05,38.313,0
2.5551,-5.404745E-05,38.3265,0,2.5551,0.0001037308,38.3265,0
2.556,-0.0001282368,38.34,0,2.556,8.728161E-06,38.34,0
2.5569,3.289845E-05,38.3535,0,2.5569,-4.53193E-05,38.3535,0
2.5578,5.706874E-06,38.367,0,2.5578,4.800488E-05,38.367,0
2.5587,-0.0001144732,38.3805,0,2.5587,-5.706874E-06,38.3805,0
2.5596,6.814679E-05,38.394,0,2.5596,-0.0001117876,38.394,0
2.5605,3.021286E-06,38.4075,0,2.5605,3.726253E-05,38.4075,0
2.5614,0.0001305867,38.421,0,2.5614,5.572595E-05,38.421,0
2.5623,7.418937E-05,38.4345,0,2.5623,-4.129091E-05,38.4345,0
2.5632,-0.0001292439,38.448,0,2.5632,6.042573E-06,38.448,0
2.5641,-0.0001164874,38.4615,0,2.5641,7.049668E-06,38.4615,0
2.565,-3.524834E-05,38.475,0,2.565,-7.016098E-05,38.475,0
2.5659,6.411841E-05,38.4885,0,2.5659,-0.0001272297,38.4885,0
2.5668,0.0001822843,38.502,0,2.5668,-0.0001883268,38.502,0
2.5677,4.39765E-05,38.5155,0,2.5677,-3.726253E-05,38.5155,0
2.5686,9.433127E-05,38.529,0,2.5686,-6.713969E-06,38.529,0
2.5695,0.000164828,38.5425,0,2.5695,-3.591974E-05,38.5425,0
2.5704,8.358892E-05,38.556,0,2.5704,8.82887E-05,38.556,0
2.5713,-5.471885E-05,38.5695,0,2.5713,0.0001836271,38.5695,0
2.5722,-3.591974E-05,38.583,0,2.5722,2.21561E-05,38.583,0
2.5731,0.000144686,38.5965,0,2.5731,-7.217517E-05,38.5965,0
2.574,3.256275E-05,38.61,0,2.574,8.560311E-05,38.61,0
2.5749,-3.793393E-05,38.6235,0,2.5749,0.0001030594,38.6235,0
2.5758,9.466698E-05,38.637,0,2.5758,-0.000102388,38.637,0
2.5767,-2.484169E-05,38.6505,0,2.5767,-9.097429E-05,38.6505,0
2.5776,-0.0001228656,38.664,0,2.5776,2.450599E-05,38.664,0
2.5785,-1.544213E-05,38.6775,0,2.5785,2.349889E-06,38.6775,0
2.5794,-0.0001111162,38.691,0,2.5794,-5.673304E-05,38.691,0
2.5803,-1.779202E-05,38.7045,0,2.5803,-0.0001245441,38.7045,0
2.5812,-1.275654E-05,38.718,0,2.5812,-1.007095E-06,38.718,0
2.5821,-0.0002474098,38.7315,0,2.5821,0.0001037308,38.7315,0
2.583,-0.0001775845,38.745,0,2.583,5.740444E-05,38.745,0
2.5839,-2.18204E-05,38.7585,0,2.5839,-1.779202E-05,38.7585,0
2.5848,-0.0001534142,38.772,0,2.5848,0.0001218585,38.772,0
2.5857,-0.0001540856,38.7855,0,2.5857,2.349889E-06,38.7855,0
2.5866,3.189136E-05,38.799,0,2.5866,-0.0001319295,38.799,0
2.5875,3.088426E-05,38.8125,0,2.5875,2.349889E-06,38.8125,0
2.5884,2.786297E-05,38.826,0,2.5884,-5.035477E-06,38.826,0
2.5893,0.0001997406,38.8395,0,2.5893,-0.0001473716,38.8395,0
2.5902,0.0003326772,38.853,0,2.5902,-8.761731E-05,38.853,0
2.5911,1.443504E-05,38.8665,0,2.5911,3.356985E-06,38.8665,0
2.592,-6.210422E-05,38.88,0,2.592,-7.721065E-06,38.88,0
2.5929,-8.056763E-06,38.8935,0,2.5929,2.719158E-05,38.8935,0
2.5938,4.36408E-05,38.907,0,2.5938,3.054856E-05,38.907,0
2.5947,-2.987716E-05,38.9205,0,2.5947,0.0001248798,38.9205,0
2.5956,-0.000179263,38.934,0,2.5956,2.450599E-05,38.934,0
2.5965,-0.0001839628,38.9475,0,2.5965,-6.243992E-05,38.9475,0
2.5974,-3.189136E-05,38.961,0,2.5974,-2.349889E-05,38.961,0
2.5983,-8.761731E-05,38.9745,0,2.5983,6.948959E-05,38.9745,0
2.5992,-3.491264E-05,38.988,0,2.5992,-1.443504E-05,38.988,0
2.6001,5.136187E-05,39.0015,0,2.6001,-0.0001483787,39.0015,0
2.601,-7.016098E-05,39.015,0,2.601,-2.517739E-05,39.015,0
2.6019,6.243992E-05,39.0285,0,2.6019,1.242084E-05,39.0285,0
2.6028,8.560311E-05,39.042,0,2.6028,-7.083238E-05,39.042,0
2.6037,-6.74754E-05,39.0555,0,2.6037,-3.860533E-05,39.0555,0
2.6046,-3.155566E-05,39.069,0,2.6046,1.309224E-05,39.069,0
2.6055,-9.970245E-05,39.0825,0,2.6055,-1.141375E-05,39.0825,0
2.6064,-6.848249E-05,39.096,0,2.6064,-3.591974E-05,39.096,0
2.6073,0.0001359579,39.1095,0,2.6073,-9.198138E-05,39.1095,0
2.6082,0.0001013809,39.123,0,2.6082,2.752728E-05,39.123,0
2.6091,7.016098E-05,39.1365,0,2.6091,2.1149E-05,39.1365,0
2.61,8.224613E-05,39.15,0,2.61,-0.0001097734,39.15,0
2.6109,0.0001171588,39.1635,0,2.6109,-5.807584E-05,39.1635,0
2.6118,-6.61326E-05,39.177,0,2.6118,0.0001070878,39.177,0
2.6127,0,39.1905,0,2.6127,3.189136E-05,39.1905,0
2.6136,0.0001520714,39.204,0,2.6136,-0.0001084306,39.204,0
2.6145,-6.6804E-05,39.2175,0,2.6145,5.807584E-05,39.2175,0
2.6154,-4.33051E-05,39.231,0,2.6154,0.0001114519,39.231,0
2.6163,0.000112459,39.2445,0,2.6163,-3.189136E-05,39.2445,0
2.6172,-0.0001248798,39.258,0,2.6172,-8.224613E-05,39.258,0
2.6181,-0.0001816129,39.2715,0,2.6181,-1.275654E-05,39.2715,0
2.619,-9.466698E-05,39.285,0,2.619,-3.491264E-05,39.285,0
2.6199,-0.0001406577,39.2985,0,2.6199,-0.000115816,39.2985,0
2.6208,-7.318227E-05,39.312,0,2.6208,-0.0001467002,39.312,0
2.6217,1.577783E-05,39.3255,0,2.6217,1.644922E-05,39.3255,0
2.6226,0.0001359579,39.339,0,2.6226,3.894102E-05,39.339,0
2.6235,2.584878E-05,39.3525,0,2.6235,2.853437E-05,39.3525,0
2.6244,5.941863E-05,39.366,0,2.6244,-0.0001188373,39.366,0
2.6253,7.049668E-06,39.3795,0,2.6253,3.256275E-05,39.3795,0
2.6262,-5.774014E-05,39.393,0,2.6262,-3.726253E-05,39.393,0
2.6271,6.6804E-05,39.4065,0,2.6271,-0.0001668421,39.4065,0
2.628,-2.618448E-05,39.42,0,2.628,-0.0001252155,39.42,0
2.6289,-0.0001628138,39.4335,0,2.6289,-8.493171E-05,39.4335,0
2.6298,-4.061952E-05,39.447,0,2.6298,-8.358892E-05,39.447,0
2.6307,3.189136E-05,39.4605,0,2.6307,-4.129091E-05,39.4605,0
2.6316,-0.0001957122,39.474,0,2.6316,1.712062E-05,39.474,0
2.6325,-0.0001007095,39.4875,0,2.6325,8.224613E-05,39.4875,0
2.6334,-6.948959E-05,39.501,0,2.6334,7.116808E-05,39.501,0
2.6343,4.968337E-05,39.5145,0,2.6343,-2.417029E-05,39.5145,0
2.6352,3.793393E-05,39.528,0,2.6352,7.888914E-05,39.528,0
2.6361,-3.591974E-05,39.5415,0,2.6361,5.606165E-05,39.5415,0
2.637,2.383459E-05,39.555,0,2.637,1.678492E-05,39.555,0
2.6379,0.0001064164,39.5685,0,2.6379,1.309224E-05,39.5685,0
2.6388,1.309224E-05,39.582,0,2.6388,7.049668E-05,39.582,0
2.6397,3.994812E-05,39.5955,0,2.6397,2.685588E-06,39.5955,0
2.6406,6.176852E-05,39.609,0,2.6406,-0.0001000381,39.609,0
2.6415,-4.49836E-05,39.6225,0,2.6415,5.438316E-05,39.6225,0
2.6424,9.500267E-05,39.636,0,2.6424,3.558404E-05,39.636,0
2.6433,4.565499E-05,39.6495,0,2.6433,-0.0001097734,39.6495,0
2.6442,-6.51255E-05,39.663,0,2.6442,-4.934768E-05,39.663,0
2.6451,-3.054856E-05,39.6765,0,2.6451,6.277562E-05,39.6765,0
2.646,-1.376364E-05,39.69,0,2.646,2.786297E-05,39.69,0
2.6469,-5.270466E-05,39.7035,0,2.6469,-3.121996E-05,39.7035,0
2.6478,3.021286E-05,39.717,0,2.6478,-9.634547E-05,39.717,0
2.6487,2.987716E-05,39.7305,0,2.6487,-6.478981E-05,39.7305,0
2.6496,-4.129091E-05,39.744,0,2.6496,-9.500267E-05,39.744,0
2.6505,2.551309E-05,39.7575,0,2.6505,-0.0001567712,39.7575,0
2.6514,0.0001715419,39.771,0,2.6514,-0.0001077592,39.771,0
2.6523,2.383459E-05,39.7845,0,2.6523,8.358892E-05,39.7845,0
2.6532,3.994812E-05,39.798,0,2.6532,3.659113E-05,39.798,0
2.6541,0.0001470359,39.8115,0,2.6541,-4.095522E-05,39.8115,0
2.655,-5.706874E-06,39.825,0,2.655,9.835965E-05,39.825,0
2.6559,-0.0001054093,39.8385,0,2.6559,6.881819E-05,39.8385,0
2.6568,-2.18204E-05,39.852,0,2.6568,-7.653925E-05,39.852,0
2.6577,0.0001171588,39.8655,0,2.6577,3.189136E-05,39.8655,0
2.6586,-0.0001762417,39.879,0,2.6586,0.000109102,39.879,0
2.6595,-9.903105E-05,39.8925,0,2.6595,4.53193E-05,39.8925,0
2.6604,3.927672E-05,39.906,0,2.6604,5.337606E-05,39.906,0
2.6613,-4.699779E-06,39.9195,0,2.6613,-9.433127E-05,39.9195,0
2.6622,1.678492E-06,39.933,0,2.6622,-1.644922E-05,39.933,0
2.6631,-3.625543E-05,39.9465,0,2.6631,3.692683E-06,39.9465,0
2.664,-4.901198E-05,39.96,0,2.664,-7.620356E-05,39.96,0
2.6649,3.356985E-07,39.9735,0,2.6649,-0.0001225299,39.9735,0
2.6658,-0.0001174945,39.987,0,2.6658,3.289845E-05,39.987,0
2.6667,-0.0002188754,40.0005,0,2.6667,-6.814679E-05,40.0005,0
2.6676,-2.081331E-05,40.014,0,2.6676,-0.0001873197,40.014,0
2.6685,-7.888914E-05,40.0275,0,2.6685,-4.162661E-05,40.0275,0
2.6694,-1.107805E-05,40.041,0,2.6694,-3.692683E-05,40.041,0
2.6703,5.471885E-05,40.0545,0,2.6703,-0.0001070878,40.0545,0
2.6712,0.0001497215,40.068,0,2.6712,-3.961242E-05,40.068,0
2.6721,-2.349889E-06,40.0815,0,2.6721,5.035477E-06,40.0815,0
2.673,2.652018E-05,40.095,0,2.673,-3.793393E-05,40.095,0
2.6739,6.411841E-05,40.1085,0,2.6739,-2.18204E-05,40.1085,0
2.6748,8.157473E-05,40.122,0,2.6748,-5.941863E-05,40.122,0
2.6757,-4.867628E-05,40.1355,0,2.6757,-2.786297E-05,40.1355,0
2.6766,-0.0001997406,40.149,0,2.6766,-1.846342E-05,40.149,0
2.6775,-6.378271E-05,40.1625,0,2.6775,-3.860533E-05,40.1625,0
2.6784,-5.740444E-05,40.176,0,2.6784,-3.793393E-05,40.176,0
2.6793,-0.0001285725,40.1895,0,2.6793,2.349889E-05,40.1895,0
2.6802,2.685588E-06,40.203,0,2.6802,-1.913481E-05,40.203,0
2.6811,5.404745E-05,40.2165,0,2.6811,-8.72816E-05,40.2165,0
2.682,-4.095522E-05,40.23,0,2.682,6.54612E-05,40.23,0
2.6829,0.0001604639,40.2435,0,2.6829,0.000102388,40.2435,0
2.6838,0.0001131304,40.257,0,2.6838,-9.164568E-05,40.257,0
2.6847,-0.0001926909,40.2705,0,2.6847,-0.0001587854,40.2705,0
2.6856,-0.0001675135,40.284,0,2.6856,2.18204E-05,40.284,0
2.6865,-6.243992E-05,40.2975,0,2.6865,3.659113E-05,40.2975,0
2.6874,-6.51255E-05,40.311,0,2.6874,-6.378271E-06,40.311,0
2.6883,9.198138E-05,40.3245,0,2.6883,-5.673304E-05,40.3245,0
2.6892,0.0001258869,40.338,0,2.6892,3.390555E-05,40.338,0
2.6901,7.351797E-05,40.3515,0,2.6901,-6.311131E-05,40.3515,0
2.691,0.0001003738,40.365,0,2.691,-0.0001443503,40.365,0
2.6919,0.0002077974,40.3785,0,2.6919,-0.0001144732,40.3785,0
2.6928,3.591974E-05,40.392,0,2.6928,4.061952E-05,40.392,0
2.6937,-4.599069E-05,40.4055,0,2.6937,6.143282E-05,40.4055,0
2.6946,0.0001094377,40.419,0,2.6946,-4.36408E-06,40.419,0
2.6955,1.577783E-05,40.4325,0,2.6955,0.0001151446,40.4325,0
2.6964,4.028382E-05,40.446,0,2.6964,8.493171E-05,40.446,0
2.6973,0.0001272297,40.4595,0,2.6973,-0.0001067521,40.4595,0
2.6982,8.795301E-05,40.473,0,2.6982,-8.627451E-05,40.473,0
2.6991,-8.627451E-05,40.4865,0,2.6991,-3.524834E-05,40.4865,0
2.7,5.270466E-05,40.5,0,2.7,-0.0001423362,40.5,0
2.7009,4.263371E-05,40.5135,0,2.7009,-0.0001409934,40.5135,0
2.7018,2.584878E-05,40.527,0,2.7018,-0.0001594568,40.527,0
2.7027,-1.242084E-05,40.5405,0,2.7027,4.565499E-05,40.5405,0
2.7036,-0.000207126,40.554,0,2.7036,8.090334E-05,40.554,0
2.7045,-7.217517E-05,40.5675,0,2.7045,0.0001141375,40.5675,0
2.7054,-1.477073E-05,40.581,0,2.7054,5.572595E-05,40.581,0
2.7063,-8.96315E-05,40.5945,0,2.7063,5.136187E-05,40.5945,0
2.7072,-5.505455E-05,40.608,0,2.7072,3.726253E-05,40.608,0
2.7081,9.030289E-05,40.6215,0,2.7081,-0.0001067521,40.6215,0
2.709,4.666209E-05,40.635,0,2.709,5.337606E-05,40.635,0
2.7099,5.471885E-05,40.6485,0,2.7099,6.009003E-05,40.6485,0
2.7108,7.821774E-05,40.662,0,2.7108,-8.560311E-05,40.662,0
2.7117,6.74754E-05,40.6755,0,2.7117,-7.351797E-05,40.6755,0
2.7126,-3.558404E-05,40.689,0,2.7126,-8.392462E-06,40.689,0
2.7135,-0.0001272297,40.7025,0,2.7135,-8.224613E-05,40.7025,0
2.7144,-5.438316E-05,40.716,0,2.7144,-9.433127E-05,40.716,0
2.7153,2.484169E-05,40.7295,0,2.7153,-0.0001379721,40.7295,0
2.7162,2.887007E-05,40.743,0,2.7162,0.0001339437,40.743,0
2.7171,-0.0001685206,40.7565,0,2.7171,0.0001889983,40.7565,0
2.718,-4.196231E-05,40.77,0,2.718,5.304036E-05,40.77,0
2.7189,4.129091E-05,40.7835,0,2.7189,6.210422E-05,40.7835,0
2.7198,-0.0001211871,40.797,0,2.7198,0.0001111162,40.797,0
2.7207,-9.701686E-05,40.8105,0,2.7207,-6.478981E-05,40.8105,0
2.7216,5.740444E-05,40.824,0,2.7216,-0.000207126,40.824,0
2.7225,-0.0001426719,40.8375,0,2.7225,-9.332418E-05,40.8375,0
2.7234,-4.699779E-06,40.851,0,2.7234,-5.438316E-05,40.851,0
2.7243,0.0001265583,40.8645,0,2.7243,-0.0001255512,40.8645,0
2.7252,-0.0001366293,40.878,0,2.7252,-3.021286E-06,40.878,0
2.7261,-0.0001527428,40.8915,0,2.7261,4.867628E-05,40.8915,0
2.727,-5.404745E-05,40.905,0,2.727,-2.517739E-05,40.905,0
2.7279,-3.558404E-05,40.9185,0,2.7279,5.740444E-05,40.9185,0
2.7288,2.920577E-05,40.932,0,2.7288,1.846342E-05,40.932,0
2.7297,5.874724E-05,40.9455,0,2.7297,5.203327E-05,40.9455,0
2.7306,-7.016098E-05,40.959,0,2.7306,4.49836E-05,40.959,0
2.7315,-9.970245E-05,40.9725,0,2.7315,-3.591974E-05,40.9725,0
2.7324,5.572595E-05,40.986,0,2.7324,-8.056764E-05,40.986,0
2.7333,-3.323415E-05,40.9995,0,2.7333,9.063859E-06,40.9995,0
2.7342,-9.466698E-05,41.013,0,2.7342,-2.383459E-05,41.013,0
2.7351,0.0001013809,41.0265,0,2.7351,-0.0001131304,41.0265,0
2.736,-3.927672E-05,41.04,0,2.736,2.383459E-05,41.04,0
2.7369,-2.484169E-05,41.0535,0,2.7369,-1.007095E-06,41.0535,0
2.7378,0.0001205158,41.067,0,2.7378,-0.0001097734,41.067,0
2.7387,9.634547E-05,41.0805,0,2.7387,-4.565499E-05,41.0805,0
2.7396,-0.0001010452,41.094,0,2.7396,2.047761E-05,41.094,0
2.7405,-9.063859E-06,41.1075,0,2.7405,2.349889E-06,41.1075,0
2.7414,5.337606E-05,41.121,0,2.7414,1.208515E-05,41.121,0
2.7423,0.0001406577,41.1345,0,2.7423,-7.385367E-05,41.1345,0
2.7432,6.277562E-05,41.148,0,2.7432,2.819867E-05,41.148,0
2.7441,-3.189136E-05,41.1615,0,2.7441,3.726253E-05,41.1615,0
2.745,-2.21561E-05,41.175,0,2.745,-2.819867E-05,41.175,0
2.7459,5.001907E-05,41.1885,0,2.7459,-3.994812E-05,41.1885,0
2.7468,-3.424125E-05,41.202,0,2.7468,2.24918E-05,41.202,0
2.7477,-6.74754E-05,41.2155,0,2.7477,-4.196231E-05,41.2155,0
2.7486,5.706874E-06,41.229,0,2.7486,-0.0001366293,41.229,0
2.7495,-2.349889E-05,41.2425,0,2.7495,-1.879912E-05,41.2425,0
2.7504,0.0001037308,41.256,0,2.7504,-3.390555E-05,41.256,0
2.7513,0.0001483787,41.2695,0,2.7513,-0.0001520714,41.2695,0
2.7522,0.0001500572,41.283,0,2.7522,-6.411841E-05,41.283,0
2.7531,8.224613E-05,41.2965,0,2.7531,8.728161E-06,41.2965,0
2.754,1.007095E-06,41.31,0,2.754,4.36408E-06,41.31,0
2.7549,1.409934E-05,41.3235,0,2.7549,-1.678492E-06,41.3235,0
2.7558,9.365987E-05,41.337,0,2.7558,-6.143282E-05,41.337,0
2.7567,-4.33051E-05,41.3505,0,2.7567,4.53193E-05,41.3505,0
2.7576,-0.0003266346,41.364,0,2.7576,3.021286E-05,41.364,0
2.7585,-0.0001856413,41.3775,0,2.7585,-6.042573E-05,41.3775,0
2.7594,-2.786297E-05,41.391,0,2.7594,-5.404745E-05,41.391,0
2.7603,-0.0001594568,41.4045,0,2.7603,1.477073E-05,41.4045,0
2.7612,-9.231708E-05,41.418,0,2.7612,-3.659113E-05,41.418,0
2.7621,4.39765E-05,41.4315,0,2.7621,-7.016098E-05,41.4315,0
2.763,-3.054856E-05,41.445,0,2.763,0.000105745,41.445,0
2.7639,2.987716E-05,41.4585,0,2.7639,-5.337606E-05,41.4585,0
2.7648,9.768826E-05,41.472,0,2.7648,-0.0001265583,41.472,0
2.7657,3.994812E-05,41.4855,0,2.7657,7.318227E-05,41.4855,0
2.7666,-7.721065E-05,41.499,0,2.7666,0.0001373007,41.499,0
2.7675,-5.404745E-05,41.5125,0,2.7675,-1.107805E-05,41.5125,0
2.7684,-6.814679E-05,41.526,0,2.7684,-0.0001211871,41.526,0
2.7693,-4.33051E-05,41.5395,0,2.7693,-0.0001050736,41.5395,0
2.7702,0.0001084306,41.553,0,2.7702,-9.735256E-06,41.553,0
2.7711,1.208515E-05,41.5665,0,2.7711,-4.095522E-05,41.5665,0
2.772,-6.74754E-05,41.58,0,2.772,-0.0002061189,41.58,0
2.7729,0.0001003738,41.5935,0,2.7729,-8.459602E-05,41.5935,0
2.7738,-4.733349E-05,41.607,0,2.7738,0.0001520714,41.607,0
2.7747,-6.814679E-05,41.6205,0,2.7747,9.835965E-05,41.6205,0
2.7756,7.687495E-05,41.634,0,2.7756,-2.954147E-05,41.634,0
2.7765,-4.46479E-05,41.6475,0,2.7765,6.478981E-05,41.6475,0
2.7774,1.309224E-05,41.661,0,2.7774,8.023193E-05,41.661,0
2.7783,3.121996E-05,41.6745,0,2.7783,-2.551309E-05,41.6745,0
2.7792,0.0001634852,41.688,0,2.7792,6.378271E-06,41.688,0
2.7801,-4.028382E-06,41.7015,0,2.7801,2.685588E-05,41.7015,0
2.781,6.713969E-07,41.715,0,2.781,2.349889E-06,41.715,0
2.7819,7.721065E-05,41.7285,0,2.7819,-1.644922E-05,41.7285,0
2.7828,2.618448E-05,41.742,0,2.7828,-6.64683E-05,41.742,0
2.7837,-4.901198E-05,41.7555,0,2.7837,1.409934E-05,41.7555,0
2.7846,-5.136187E-05,41.769,0,2.7846,2.584878E-05,41.769,0
2.7855,2.21561E-05,41.7825,0,2.7855,-2.24918E-05,41.7825,0
2.7864,7.049668E-06,41.796,0,2.7864,-2.417029E-05,41.796,0
2.7873,-8.89601E-05,41.8095,0,2.7873,8.560311E-05,41.8095,0
2.7882,-3.726253E-05,41.823,0,2.7882,-2.14847E-05,41.823,0
2.7891,-4.061952E-05,41.8365,0,2.7891,-0.0002259251,41.8365,0
2.79,-0.0001060807,41.85,0,2.79,-6.713969E-06,41.85,0
2.7909,-4.33051E-05,41.8635,0,2.7909,2.584878E-05,41.8635,0
2.7918,-5.539025E-05,41.877,0,2.7918,-0.0003068284,41.877,0
2.7927,-3.189136E-05,41.8905,0,2.7927,-0.0001245441,41.8905,0
2.7936,3.390555E-05,41.904,0,2.7936,4.632639E-05,41.904,0
2.7945,8.090334E-05,41.9175,0,2.7945,4.800488E-05,41.9175,0
2.7954,0,41.931,0,2.7954,0.000179263,41.931,0
2.7963,9.063859E-05,41.9445,0,2.7963,6.411841E-05,41.9445,0
2.7972,-1.678492E-06,41.958,0,2.7972,0.0001185016,41.958,0
2.7981,-0.0002088045,41.9715,0,2.7981,2.987716E-05,41.9715,0
2.799,-0.0001020523,41.985,0,2.799,-5.673304E-05,41.985,0
2.7999,9.567407E-05,41.9985,0,2.7999,-6.478981E-05,41.9985,0
2.8008,-0.000109102,42.012,0,2.8008,1.040665E-05,42.012,0
2.8017,-0.0001077592,42.0255,0,2.8017,-6.344701E-05,42.0255,0
2.8026,8.090334E-05,42.039,0,2.8026,-0.0001275654,42.039,0
2.8035,-3.256275E-05,42.0525,0,2.8035,1.544213E-05,42.0525,0
2.8044,-4.095522E-05,42.066,0,2.8044,7.721065E-06,42.066,0
2.8053,5.975433E-05,42.0795,0,2.8053,-0.0001050736,42.0795,0
2.8062,0.0001299153,42.093,0,2.8062,-7.049668E-06,42.093,0
2.8071,-1.712062E-05,42.1065,0,2.8071,7.418937E-05,42.1065,0
2.808,8.157473E-05,42.12,0,2.808,-4.36408E-06,42.12,0
2.8089,1.208515E-05,42.1335,0,2.8089,-2.719158E-05,42.1335,0
2.8098,4.39765E-05,42.147,0,2.8098,-5.606165E-05,42.147,0
2.8107,1.275654E-05,42.1605,0,2.8107,8.82887E-05,42.1605,0
2.8116,-0.0001822843,42.174,0,2.8116,-3.457694E-05,42.174,0
2.8125,-0.0001087663,42.1875,0,2.8125,-0.0001507286,42.1875,0
2.8134,-1.577783E-05,42.201,0,2.8134,-8.526741E-05,42.201,0
2.8143,-5.102617E-05,42.2145,0,2.8143,-9.735256E-06,42.2145,0
2.8152,-2.383459E-05,42.228,0,2.8152,-1.443504E-05,42.228,0
2.8161,0.0001164874,42.2415,0,2.8161,-9.567407E-05,42.2415,0
2.817,8.224613E-05,42.255,0,2.817,3.457694E-05,42.255,0
2.8179,-7.721065E-06,42.2685,0,2.8179,4.800488E-05,42.2685,0
2.8188,3.591974E-05,42.282,0,2.8188,-5.304036E-05,42.282,0
2.8197,0.0002138399,42.2955,0,2.8197,-2.047761E-05,42.2955,0
2.8206,-7.687495E-05,42.309,0,2.8206,4.800488E-05,42.309,0
2.8215,-0.0001876554,42.3225,0,2.8215,-2.517739E-05,42.3225,0
2.8224,-0.0001164874,42.336,0,2.8224,-2.383459E-05,42.336,0
2.8233,2.349889E-06,42.3495,0,2.8233,-7.150377E-05,42.3495,0
2.8242,-0.0001493858,42.363,0,2.8242,2.383459E-05,42.363,0
2.8251,-0.0002776226,42.3765,0,2.8251,-2.450599E-05,42.3765,0
2.826,-3.524834E-05,42.39,0,2.826,-6.6804E-05,42.39,0
2.8269,7.183947E-05,42.4035,0,2.8269,-4.766919E-05,42.4035,0
2.8278,5.337606E-05,42.417,0,2.8278,-4.39765E-05,42.417,0
2.8287,0.0001070878,42.4305,0,2.8287,-5.270466E-05,42.4305,0
2.8296,0.0001644923,42.444,0,2.8296,-0.0001413291,42.444,0
2.8305,-1.712062E-05,42.4575,0,2.8305,-8.123904E-05,42.4575,0
2.8314,1.846342E-05,42.471,0,2.8314,-6.61326E-05,42.471,0
2.8323,6.411841E-05,42.4845,0,2.8323,-0.0001003738,42.4845,0
2.8332,0.0001701991,42.498,0,2.8332,2.853437E-05,42.498,0
2.8341,2.920577E-05,42.5115,0,2.8341,0.0001842985,42.5115,0
2.835,9.030289E-05,42.525,0,2.835,6.6804E-05,42.525,0
2.8359,3.726253E-05,42.5385,0,2.8359,5.975433E-05,42.5385,0
2.8368,6.881819E-05,42.552,0,2.8368,-2.517739E-05,42.552,0
2.8377,-1.208515E-05,42.5655,0,2.8377,8.392462E-06,42.5655,0
2.8386,-0.0001138018,42.579,0,2.8386,2.887007E-05,42.579,0
2.8395,-5.404745E-05,42.5925,0,2.8395,-5.505455E-05,42.5925,0
2.8404,-3.356985E-06,42.606,0,2.8404,-6.378271E-05,42.606,0
2.8413,-0.0002413672,42.6195,0,2.8413,2.316319E-05,42.6195,0
2.8422,-0.0001795987,42.633,0,2.8422,-3.591974E-05,42.633,0
2.8431,4.867628E-05,42.6465,0,2.8431,-9.500267E-05,42.6465,0
2.844,-0.000119173,42.66,0,2.844,-2.014191E-06,42.66,0
2.8449,-9.600977E-05,42.6735,0,2.8449,-3.021286E-06,42.6735,0
2.8458,2.047761E-05,42.687,0,2.8458,-9.164568E-05,42.687,0
2.8467,0.0001832914,42.7005,0,2.8467,-2.584878E-05,42.7005,0
2.8476,-5.807584E-05,42.714,0,2.8476,9.903105E-05,42.714,0
2.8485,-4.733349E-05,42.7275,0,2.8485,5.874724E-05,42.7275,0
2.8494,3.356985E-05,42.741,0,2.8494,9.063859E-06,42.741,0
2.8503,4.934768E-05,42.7545,0,2.8503,-2.618448E-05,42.7545,0
2.8512,1.174945E-05,42.768,0,2.8512,5.069047E-05,42.768,0
2.8521,-0.0001104448,42.7815,0,2.8521,-8.728161E-06,42.7815,0
2.853,-7.418937E-05,42.795,0,2.853,2.484169E-05,42.795,0
2.8539,6.881819E-05,42.8085,0,2.8539,4.800488E-05,42.8085,0
2.8548,3.994812E-05,42.822,0,2.8548,-2.786297E-05,42.822,0
2.8557,-1.107805E-05,42.8355,0,2.8557,-3.524834E-05,42.8355,0
2.8566,9.768826E-05,42.849,0,2.8566,-8.191043E-05,42.849,0
2.8575,-2.316319E-05,42.8625,0,2.8575,2.383459E-05,42.8625,0
2.8584,2.047761E-05,42.876,0,2.8584,-5.270466E-05,42.876,0
2.8593,6.277562E-05,42.8895,0,2.8593,-0.0002366674,42.8895,0
2.8602,-9.701686E-05,42.903,0,2.8602,-0.0001916838,42.903,0
2.8611,-6.61326E-05,42.9165,0,2.8611,-0.0001621424,42.9165,0
2.862,-6.076142E-05,42.93,0,2.862,-7.553216E-05,42.93,0
2.8629,-1.712062E-05,42.9435,0,2.8629,-1.174945E-05,42.9435,0
2.8638,0.0001356222,42.957,0,2.8638,-0.0001816129,42.957,0
2.8647,3.793393E-05,42.9705,0,2.8647,-1.007095E-06,42.9705,0
2.8656,-8.661021E-05,42.984,0,2.8656,7.418937E-05,42.984,0
2.8665,1.275654E-05,42.9975,0,2.8665,0.0001362936,42.9975,0
2.8674,5.874724E-05,43.011,0,2.8674,0.000105745,43.011,0
2.8683,-0.0001218585,43.0245,0,2.8683,9.903105E-05,43.0245,0
2.8692,-5.001907E-05,43.038,0,2.8692,5.270466E-05,43.038,0
2.8701,8.090334E-05,43.0515,0,2.8701,-2.21561E-05,43.0515,0
2.871,-1.544213E-05,43.065,0,2.871,0.0001064164,43.065,0
2.8719,3.121996E-05,43.0785,0,2.8719,5.975433E-05,43.0785,0
2.8728,0.0001866484,43.092,0,2.8728,-6.881819E-05,43.092,0
2.8737,0.000179263,43.1055,0,2.8737,-3.289845E-05,43.1055,0
2.8746,2.1149E-05,43.119,0,2.8746,5.539025E-05,43.119,0
2.8755,9.634547E-05,43.1325,0,2.8755,2.517739E-05,43.1325,0
2.8764,4.733349E-05,43.146,0,2.8764,-4.061952E-05,43.146,0
2.8773,2.652018E-05,43.1595,0,2.8773,-5.606165E-05,43.1595,0
2.8782,-3.356985E-07,43.173,0,2.8782,2.349889E-06,43.173,0
2.8791,-0.0001305867,43.1865,0,2.8791,-5.471885E-05,43.1865,0
2.88,-2.752728E-05,43.2,0,2.88,-0.0002000763,43.2,0
2.8809,0.0001540856,43.2135,0,2.8809,-0.0001701991,43.2135,0
2.8818,-6.6804E-05,43.227,0,2.8818,1.644922E-05,43.227,0
2.8827,-5.941863E-05,43.2405,0,2.8827,6.948959E-05,43.2405,0
2.8836,8.358892E-05,43.254,0,2.8836,2.450599E-05,43.254,0
2.8845,-4.36408E-06,43.2675,0,2.8845,0.0001084306,43.2675,0
2.8854,-9.500267E-05,43.281,0,2.8854,5.539025E-05,43.281,0
2.8863,-3.860533E-05,43.2945,0,2.8863,-5.807584E-05,43.2945,0
2.8872,-0.0001255512,43.308,0,2.8872,-6.713969E-06,43.308,0
2.8881,-0.000193698,43.3215,0,2.8881,1.309224E-05,43.3215,0
2.889,-0.0001161517,43.335,0,2.889,-3.457694E-05,43.335,0
2.8899,1.443504E-05,43.3485,0,2.8899,-3.692683E-05,43.3485,0
2.8908,2.014191E-06,43.362,0,2.8908,-9.164568E-05,43.362,0
2.8917,4.53193E-05,43.3755,0,2.8917,1.678492E-06,43.3755,0
2.8926,0.0001688563,43.389,0,2.8926,1.007095E-06,43.389,0
2.8935,6.948959E-05,43.4025,0,2.8935,-8.023193E-05,43.4025,0
2.8944,4.800488E-05,43.416,0,2.8944,-9.701686E-05,43.416,0
2.8953,-6.210422E-05,43.4295,0,2.8953,1.510643E-05,43.4295,0
2.8962,-3.491264E-05,43.443,0,2.8962,-4.733349E-05,43.443,0
2.8971,-1.007095E-06,43.4565,0,2.8971,-0.0001127947,43.4565,0
2.898,-0.0001010452,43.47,0,2.898,3.591974E-05,43.47,0
2.8989,-0.0001228656,43.4835,0,2.8989,4.33051E-05,43.4835,0
2.8998,-0.000119173,43.497,0,2.8998,-0.0001127947,43.497,0
2.9007,3.189136E-05,43.5105,0,2.9007,-7.653925E-05,43.5105,0
2.9016,-0.0001013809,43.524,0,2.9016,-8.392462E-06,43.524,0
2.9025,-0.0001010452,43.5375,0,2.9025,-1.879912E-05,43.5375,0
2.9034,-3.021286E-06,43.551,0,2.9034,-5.740444E-05,43.551,0
2.9043,7.687495E-05,43.5645,0,2.9043,-0.0001037308,43.5645,0
2.9052,-5.941863E-05,43.578,0,2.9052,-3.323415E-05,43.578,0
2.9061,-8.526741E-05,43.5915,0,2.9061,-2.719158E-05,43.5915,0
2.907,5.505455E-05,43.605,0,2.907,-7.888914E-05,43.605,0
2.9079,0.0002124971,43.6185,0,2.9079,-9.365987E-05,43.6185,0
2.9088,-2.316319E-05,43.632,0,2.9088,3.659113E-05,43.632,0
2.9097,-4.061952E-05,43.6455,0,2.9097,9.399558E-06,43.6455,0
2.9106,0.0001242084,43.659,0,2.9106,-9.164568E-05,43.659,0
2.9115,-4.36408E-05,43.6725,0,2.9115,4.129091E-05,43.6725,0
2.9124,-0.0001661708,43.686,0,2.9124,0.0001467002,43.686,0
2.9133,-9.701686E-05,43.6995,0,2.9133,-0.000102388,43.6995,0
2.9142,-0.0001104448,43.713,0,2.9142,-5.975433E-05,43.713,0
2.9151,-0.0002047761,43.7265,0,2.9151,8.157473E-05,43.7265,0
2.916,-7.049668E-05,43.74,0,2.916,-3.524834E-05,43.74,0
2.9169,-5.539025E-05,43.7535,0,2.9169,-1.846342E-05,43.7535,0
2.9178,6.61326E-05,43.767,0,2.9178,-3.927672E-05,43.767,0
2.9187,8.157473E-05,43.7805,0,2.9187,2.349889E-05,43.7805,0
2.9196,1.510643E-05,43.794,0,2.9196,-1.678492E-05,43.794,0
2.9205,-1.510643E-05,43.8075,0,2.9205,-3.793393E-05,43.8075,0
2.9214,4.766919E-05,43.821,0,2.9214,-3.390555E-05,43.821,0
2.9223,-3.256275E-05,43.8345,0,2.9223,8.493171E-05,43.8345,0
2.9232,-1.611353E-05,43.848,0,2.9232,2.21561E-05,43.848,0
2.9241,0.0001601282,43.8615,0,2.9241,-0.0001527428,43.8615,0
2.925,0.0001111162,43.875,0,2.925,-1.913481E-05,43.875,0
2.9259,7.653925E-05,43.8885,0,2.9259,6.277562E-05,43.8885,0
2.9268,0.0001873197,43.902,0,2.9268,1.846342E-05,43.902,0
2.9277,0.0002020905,43.9155,0,2.9277,2.21561E-05,43.9155,0
2.9286,-1.577783E-05,43.929,0,2.9286,5.471885E-05,43.929,0
2.9295,1.846342E-05,43.9425,0,2.9295,8.96315E-05,43.9425,0
2.9304,7.284657E-05,43.956,0,2.9304,2.517739E-05,43.956,0
2.9313,5.438316E-05,43.9695,0,2.9313,-0.0001033951,43.9695,0
2.9322,-8.661021E-05,43.983,0,2.9322,-5.404745E-05,43.983,0
2.9331,-0.0001033951,43.9965,0,2.9331,-0.000119173,43.9965,0
2.934,6.378271E-06,44.01,0,2.934,-0.000186984,44.01,0
2.9349,-5.001907E-05,44.0235,0,2.9349,-9.097429E-05,44.0235,0
2.9358,-0.0001420005,44.037,0,2.9358,4.229801E-05,44.037,0
2.9367,-1.779202E-05,44.0505,0,2.9367,-3.692683E-06,44.0505,0
2.9376,9.735256E-05,44.064,0,2.9376,-0.0001003738,44.064,0
2.9385,-5.136187E-05,44.0775,0,2.9385,5.706874E-05,44.0775,0
2.9394,-0.0001795987,44.091,0,2.9394,5.337606E-05,44.091,0
2.9403,-0.0001211871,44.1045,0,2.9403,-5.471885E-05,44.1045,0
2.9412,-9.835965E-05,44.118,0,2.9412,1.980621E-05,44.118,0
2.9421,-0.0001742275,44.1315,0,2.9421,6.076142E-05,44.1315,0
2.943,-1.443504E-05,44.145,0,2.943,3.726253E-05,44.145,0
2.9439,-6.378271E-05,44.1585,0,2.9439,3.155566E-05,44.1585,0
2.9448,-8.392462E-06,44.172,0,2.9448,-0.0001994049,44.172,0
2.9457,6.210422E-05,44.1855,0,2.9457,-9.970245E-05,44.1855,0
2.9466,4.934768E-05,44.199,0,2.9466,4.46479E-05,44.199,0
2.9475,8.056764E-05,44.2125,0,2.9475,-8.392462E-05,44.2125,0
2.9484,0.0001715419,44.226,0,2.9484,-3.927672E-05,44.226,0
2.9493,8.392462E-06,44.2395,0,2.9493,0.000109102,44.2395,0
2.9502,2.383459E-05,44.253,0,2.9502,7.049668E-06,44.253,0
2.9511,0.0001832914,44.2665,0,2.9511,-0.0001654994,44.2665,0
2.952,-5.606165E-05,44.28,0,2.952,-3.088426E-05,44.28,0
2.9529,-5.807584E-05,44.2935,0,2.9529,-7.150377E-05,44.2935,0
2.9538,0.0001117876,44.307,0,2.9538,-0.0001799344,44.307,0
2.9547,0.0001332723,44.3205,0,2.9547,-7.284657E-05,44.3205,0
2.9556,-6.948959E-05,44.334,0,2.9556,0.0001030594,44.334,0
2.9565,-1.141375E-05,44.3475,0,2.9565,0.0002732586,44.3475,0
2.9574,4.867628E-05,44.361,0,2.9574,0.0002809796,44.361,0
2.9583,5.304036E-05,44.3745,0,2.9583,0.0001064164,44.3745,0
2.9592,-2.484169E-05,44.388,0,2.9592,0.0001389792,44.388,0
2.9601,-0.0002319677,44.4015,0,2.9601,7.821774E-05,44.4015,0
2.961,-0.0002151827,44.415,0,2.961,-6.713969E-07,44.415,0
2.9619,-5.337606E-05,44.4285,0,2.9619,-5.774014E-05,44.4285,0
2.9628,-6.378271E-05,44.442,0,2.9628,3.860533E-05,44.442,0
2.9637,-0.0001426719,44.4555,0,2.9637,-7.049668E-06,44.4555,0
2.9646,2.517739E-05,44.469,0,2.9646,-7.888914E-05,44.469,0
2.9655,3.356985E-07,44.4825,0,2.9655,2.652018E-05,44.4825,0
2.9664,-2.081331E-05,44.496,0,2.9664,-4.33051E-05,44.496,0
2.9673,-3.021286E-06,44.5095,0,2.9673,-0.0001863127,44.5095,0
2.9682,-0.0001084306,44.523,0,2.9682,-0.0001117876,44.523,0
2.9691,-0.0001722133,44.5365,0,2.9691,-9.735256E-05,44.5365,0
2.97,-0.0001752346,44.55,0,2.97,-0.0001423362,44.55,0
2.9709,-7.888914E-05,44.5635,0,2.9709,-5.673304E-05,44.5635,0
2.9718,8.291753E-05,44.577,0,2.9718,-8.258183E-05,44.577,0
2.9727,8.761731E-05,44.5905,0,2.9727,8.392462E-06,44.5905,0
2.9736,0.0002010834,44.604,0,2.9736,6.54612E-05,44.604,0
2.9745,0.0002000763,44.6175,0,2.9745,1.577783E-05,44.6175,0
2.9754,0.0001654994,44.631,0,2.9754,1.040665E-05,44.631,0
2.9763,6.076142E-05,44.6445,0,2.9763,8.224613E-05,44.6445,0
2.9772,0.000112459,44.658,0,2.9772,1.712062E-05,44.658,0
2.9781,0.0002024262,44.6715,0,2.9781,-9.802396E-05,44.6715,0
2.979,-3.424125E-05,44.685,0,2.979,9.399558E-06,44.685,0
2.9799,-5.941863E-05,44.6985,0,2.9799,-1.242084E-05,44.6985,0
2.9808,5.975433E-05,44.712,0,2.9808,-0.0001050736,44.712,0
2.9817,4.46479E-05,44.7255,0,2.9817,-1.107805E-05,44.7255,0
2.9826,-2.014191E-06,44.739,0,2.9826,7.217517E-05,44.739,0
2.9835,-6.814679E-05,44.7525,0,2.9835,-3.021286E-06,44.7525,0
2.9844,-7.452507E-05,44.766,0,2.9844,2.081331E-05,44.766,0
2.9853,6.344701E-05,44.7795,0,2.9853,-2.584878E-05,44.7795,0
2.9862,-1.376364E-05,44.793,0,2.9862,-6.948959E-05,44.793,0
2.9871,-0.0001631495,44.8065,0,2.9871,-0.0001097734,44.8065,0
2.988,-4.733349E-05,44.82,0,2.988,-0.0001171588,44.82,0
2.9889,3.356985E-07,44.8335,0,2.9889,-0.0001319295,44.8335,0
2.9898,-7.788205E-05,44.847,0,2.9898,-4.599069E-05,44.847,0
2.9907,-0.0001080949,44.8605,0,2.9907,-3.457694E-05,44.8605,0
2.9916,4.061952E-05,44.874,0,2.9916,-8.72816E-05,44.874,0
2.9925,-0.0001080949,44.8875,0,2.9925,4.028382E-06,44.8875,0
2.9934,-0.0001980621,44.901,0,2.9934,8.560311E-05,44.901,0
2.9943,-2.24918E-05,44.9145,0,2.9943,-9.063859E-06,44.9145,0
2.9952,9.768826E-05,44.928,0,2.9952,-5.740444E-05,44.928,0
2.9961,-0.0001436789,44.9415,0,2.9961,-3.021286E-06,44.9415,0
2.997,-3.726253E-05,44.955,0,2.997,-7.049668E-06,44.955,0
2.9979,8.795301E-05,44.9685,0,2.9979,-5.673304E-05,44.9685,0
2.9988,8.728161E-06,44.982,0,2.9988,-0.000112459,44.982,0
2.9997,-3.726253E-05,44.9955,0,2.9997,-8.728161E-06,44.9955,0
3.0006,-0.0002218967,45.009,0,3.0006,-1.309224E-05,45.009,0
3.0015,-0.0001574426,45.0225,0,3.0015,-5.304036E-05,45.0225,0
3.0024,-5.706874E-06,45.036,0,3.0024,-5.069047E-05,45.036,0
3.0033,-5.001907E-05,45.0495,0,3.0033,4.129091E-05,45.0495,0
3.0042,-6.6804E-05,45.063,0,3.0042,-2.450599E-05,45.063,0
3.0051,9.735256E-06,45.0765,0,3.0051,-0.0001322652,45.0765,0
3.006,-6.378271E-06,45.09,0,3.006,3.021286E-05,45.09,0
3.0069,0.0001775845,45.1035,0,3.0069,2.920577E-05,45.1035,0
3.0078,9.936675E-05,45.117,0,3.0078,-6.57969E-05,45.117,0
3.0087,-4.095522E-05,45.1305,0,3.0087,-1.644922E-05,45.1305,0
3.0096,-1.779202E-05,45.144,0,3.0096,4.36408E-06,45.144,0
3.0105,0,45.1575,0,3.0105,0,45.1575,0
3.0114,0,45.171,0,3.0114,0,45.171,0
3.0123,0,45.1845,0,3.0123,0,45.1845,0
3.0132,0,45.198,0,3.0132,0,45.198,0
3.0141,0,45.2115,0,3.0141,0,45.2115,0
3.015,0,45.225,0,3.015,0,45.225,0
3.0159,0,45.2385,0,3.0159,0,45.2385,0
3.0168,0,45.252,0,3.0168,0,45.252,0
3.0177,0,45.2655,0,3.0177,0,45.2655,0
3.0186,0,45.279,0,3.0186,0,45.279,0
3.0195,0,45.2925,0,3.0195,0,45.2925,0
3.0204,0,45.306,0,3.0204,0,45.306,0
3.0213,0,45.3195,0,3.0213,0,45.3195,0
3.0222,0,45.333,0,3.0222,0,45.333,0
3.0231,0,45.3465,0,3.0231,0,45.3465,0
3.024,0,45.36,0,3.024,0,45.36,0
3.0249,0,45.3735,0,3.0249,0,45.3735,0
3.0258,0,45.387,0,3.0258,0,45.387,0
3.0267,0,45.4005,0,3.0267,0,45.4005,0
3.0276,0,45.414,0,3.0276,0,45.414,0
3.0285,0,45.4275,0,3.0285,0,45.4275,0
3.0294,0,45.441,0,3.0294,0,45.441,0
3.0303,0,45.4545,0,3.0303,0,45.4545,0
3.0312,0,45.468,0,3.0312,0,45.468,0
3.0321,0,45.4815,0,3.0321,0,45.4815,0
3.033,0,45.495,0,3.033,0,45.495,0
3.0339,0,45.5085,0,3.0339,0,45.5085,0
3.0348,0,45.522,0,3.0348,0,45.522,0
3.0357,0,45.5355,0,3.0357,0,45.5355,0
3.0366,0,45.549,0,3.0366,0,45.549,0
3.0375,0,45.5625,0,3.0375,0,45.5625,0
3.0384,0,45.576,0,3.0384,0,45.576,0
3.0393,0,45.5895,0,3.0393,0,45.5895,0
3.0402,0,45.603,0,3.0402,0,45.603,0
3.0411,0,45.6165,0,3.0411,0,45.6165,0
3.042,0,45.63,0,3.042,0,45.63,0
3.0429,0,45.6435,0,3.0429,0,45.6435,0
3.0438,0,45.657,0,3.0438,0,45.657,0
3.0447,0,45.6705,0,3.0447,0,45.6705,0
3.0456,0,45.684,0,3.0456,0,45.684,0
3.0465,0,45.6975,0,3.0465,0,45.6975,0
3.0474,0,45.711,0,3.0474,0,45.711,0
3.0483,0,45.7245,0,3.0483,0,45.7245,0
3.0492,0,45.738,0,3.0492,0,45.738,0
3.0501,0,45.7515,0,3.0501,0,45.7515,0
3.051,0,45.765,0,3.051,0,45.765,0
3.0519,0,45.7785,0,3.0519,0,45.7785,0
3.0528,0,45.792,0,3.0528,0,45.792,0
3.0537,0,45.8055,0,3.0537,0,45.8055,0
3.0546,0,45.819,0,3.0546,0,45.819,0
3.0555,0,45.8325,0,3.0555,0,45.8325,0
3.0564,0,45.846,0,3.0564,0,45.846,0
3.0573,0,45.8595,0,3.0573,0,45.8595,0
3.0582,0,45.873,0,3.0582,0,45.873,0
3.0591,0,45.8865,0,3.0591,0,45.8865,0
3.06,0,45.9,0,3.06,0,45.9,0
3.0609,0,45.9135,0,3.0609,0,45.9135,0
3.0618,0,45.927,0,3.0618,0,45.927,0
3.0627,0,45.9405,0,3.0627,0,45.9405,0
3.0636,0,45.954,0,3.0636,0,45.954,0
3.0645,0,45.9675,0,3.0645,0,45.9675,0
3.0654,0,45.981,0,3.0654,0,45.981,0
3.0663,0,45.9945,0,3.0663,0,45.9945,0
3.0672,0,46.008,0,3.0672,0,46.008,0
3.0681,0,46.0215,0,3.0681,0,46.0215,0
3.069,0,46.035,0,3.069,0,46.035,0
3.0699,0,46.0485,0,3.0699,0,46.0485,0
3.0708,0,46.062,0,3.0708,0,46.062,0
3.0717,0,46.0755,0,3.0717,0,46.0755,0
3.0726,0,46.089,0,3.0726,0,46.089,0
3.0735,0,46.1025,0,3.0735,0,46.1025,0
3.0744,0,46.116,0,3.0744,0,46.116,0
3.0753,0,46.1295,0,3.0753,0,46.1295,0
3.0762,0,46.143,0,3.0762,0,46.143,0
3.0771,0,46.1565,0,3.0771,0,46.1565,0
3.078,0,46.17,0,3.078,0,46.17,0
3.0789,0,46.1835,0,3.0789,0,46.1835,0
3.0798,0,46.197,0,3.0798,0,46.197,0
3.0807,0,46.2105,0,3.0807,0,46.2105,0
3.0816,0,46.224,0,3.0816,0,46.224,0
3.0825,0,46.2375,0,3.0825,0,46.2375,0
3.0834,0,46.251,0,3.0834,0,46.251,0
3.0843,0,46.2645,0,3.0843,0,46.2645,0
3.0852,0,46.278,0,3.0852,0,46.278,0
3.0861,0,46.2915,0,3.0861,0,46.2915,0
3.087,0,46.305,0,3.087,0,46.305,0
3.0879,0,46.3185,0,3.0879,0,46.3185,0
3.0888,0,46.332,0,3.0888,0,46.332,0
3.0897,0,46.3455,0,3.0897,0,46.3455,0
3.0906,0,46.359,0,3.0906,0,46.359,0
3.0915,0,46.3725,0,3.0915,0,46.3725,0
3.0924,0,46.386,0,3.0924,0,46.386,0
3.0933,0,46.3995,0,3.0933,0,46.3995,0
3.0942,0,46.413,0,3.0942,0,46.413,0
3.0951,0,46.4265,0,3.0951,0,46.4265,0
3.096,0,46.44,0,3.096,0,46.44,0
3.0969,0,46.4535,0,3.0969,0,46.4535,0
3.0978,0,46.467,0,3.0978,0,46.467,0
3.0987,0,46.4805,0,3.0987,0,46.4805,0
3.0996,0,46.494,0,3.0996,0,46.494,0
3.1005,0,46.5075,0,3.1005,0,46.5075,0
3.1014,0,46.521,0,3.1014,0,46.521,0
3.1023,0,46.5345,0,3.1023,0,46.5345,0
3.1032,0,46.548,0,3.1032,0,46.548,0
3.1041,0,46.5615,0,3.1041,0,46.5615,0
3.105,0,46.575,0,3.105,0,46.575,0
3.1059,0,46.5885,0,3.1059,0,46.5885,0
3.1068,0,46.602,0,3.1068,0,46.602,0
3.1077,0,46.6155,0,3.1077,0,46.6155,0
3.1086,0,46.629,0,3.1086,0,46.629,0
3.1095,0,46.6425,0,3.1095,0,46.6425,0
3.1104,0,46.656,0,3.1104,0,46.656,0
3.1113,0,46.6695,0,3.1113,0,46.6695,0
3.1122,0,46.683,0,3.1122,0,46.683,0
3.1131,0,46.6965,0,3.1131,0,46.6965,0
3.114,0,46.71,0,3.114,0,46.71,0
3.1149,0,46.7235,0,3.1149,0,46.7235,0
3.1158,0,46.737,0,3.1158,0,46.737,0
3.1167,0,46.7505,0,3.1167,0,46.7505,0
3.1176,0,46.764,0,3.1176,0,46.764,0
3.1185,0,46.7775,0,3.1185,0,46.7775,0
3.1194,0,46.791,0,3.1194,0,46.791,0
3.1203,0,46.8045,0,3.1203,0,46.8045,0
3.1212,0,46.818,0,3.1212,0,46.818,0
3.1221,0,46.8315,0,3.1221,0,46.8315,0
3.123,0,46.845,0,3.123,0,46.845,0
3.1239,0,46.8585,0,3.1239,0,46.8585,0
3.1248,0,46.872,0,3.1248,0,46.872,0
3.1257,0,46.8855,0,3.1257,0,46.8855,0
3.1266,0,46.899,0,3.1266,0,46.899,0
3.1275,0,46.9125,0,3.1275,0,46.9125,0
3.1284,0,46.926,0,3.1284,0,46.926,0
3.1293,0,46.9395,0,3.1293,0,46.9395,0
3.1302,0,46.953,0,3.1302,0,46.953,0
3.1311,0,46.9665,0,3.1311,0,46.9665,0
3.132,0,46.98,0,3.132,0,46.98,0
3.1329,0,46.9935,0,3.1329,0,46.9935,0
3.1338,0,47.007,0,3.1338,0,47.007,0
3.1347,0,47.0205,0,3.1347,0,47.0205,0
3.1356,0,47.034,0,3.1356,0,47.034,0
3.1365,0,47.0475,0,3.1365,0,47.0475,0
3.1374,0,47.061,0,3.1374,0,47.061,0
3.1383,0,47.0745,0,3.1383,0,47.0745,0
3.1392,0,47.088,0,3.1392,0,47.088,0
3.1401,0,47.1015,0,3.1401,0,47.1015,0
3.141,0,47.115,0,3.141,0,47.115,0
3.1419,0,47.1285,0,3.1419,0,47.1285,0
3.1428,0,47.142,0,3.1428,0,47.142,0
3.1437,0,47.1555,0,3.1437,0,47.1555,0
3.1446,0,47.169,0,3.1446,0,47.169,0
3.1455,0,47.1825,0,3.1455,0,47.1825,0
3.1464,0,47.196,0,3.1464,0,47.196,0
3.1473,0,47.2095,0,3.1473,0,47.2095,0
3.1482,0,47.223,0,3.1482,0,47.223,0
3.1491,0,47.2365,0,3.1491,0,47.2365,0
3.15,0,47.25,0,3.15,0,47.25,0
3.1509,0,47.2635,0,3.1509,0,47.2635,0
3.1518,0,47.277,0,3.1518,0,47.277,0
3.1527,0,47.2905,0,3.1527,0,47.2905,0
3.1536,0,47.304,0,3.1536,0,47.304,0
3.1545,0,47.3175,0,3.1545,0,47.3175,0
3.1554,0,47.331,0,3.1554,0,47.331,0
3.1563,0,47.3445,0,3.1563,0,47.3445,0
3.1572,0,47.358,0,3.1572,0,47.358,0
3.1581,0,47.3715,0,3.1581,0,47.3715,0
3.159,0,47.385,0,3.159,0,47.385,0
3.1599,0,47.3985,0,3.1599,0,47.3985,0
3.1608,0,47.412,0,3.1608,0,47.412,0
3.1617,0,47.4255,0,3.1617,0,47.4255,0
3.1626,0,47.439,0,3.1626,0,47.439,0
3.1635,0,47.4525,0,3.1635,0,47.4525,0
3.1644,0,47.466,0,3.1644,0,47.466,0
3.1653,0,47.4795,0,3.1653,0,47.4795,0
3.1662,0,47.493,0,3.1662,0,47.493,0
3.1671,0,47.5065,0,3.1671,0,47.5065,0
3.168,0,47.52,0,3.168,0,47.52,0
3.1689,0,47.5335,0,3.1689,0,47.5335,0
3.1698,0,47.547,0,3.1698,0,47.547,0
3.1707,0,47.5605,0,3.1707,0,47.5605,0
3.1716,0,47.574,0,3.1716,0,47.574,0
3.1725,0,47.5875,0,3.1725,0,47.5875,0
3.1734,0,47.601,0,3.1734,0,47.601,0
3.1743,0,47.6145,0,3.1743,0,47.6145,0
3.1752,0,47.628,0,3.1752,0,47.628,0
3.1761,0,47.6415,0,3.1761,0,47.6415,0
3.177,0,47.655,0,3.177,0,47.655,0
3.1779,0,47.6685,0,3.1779,0,47.6685,0
3.1788,0,47.682,0,3.1788,0,47.682,0
3.1797,0,47.6955,0,3.1797,0,47.6955,0
3.1806,0,47.709,0,3.1806,0,47.709,0
3.1815,0,47.7225,0,3.1815,0,47.7225,0
3.1824,0,47.736,0,3.1824,0,47.736,0
3.1833,0,47.7495,0,3.1833,0,47.7495,0
3.1842,0,47.763,0,3.1842,0,47.763,0
3.1851,0,47.7765,0,3.1851,0,47.7765,0
3.186,0,47.79,0,3.186,0,47.79,0
3.1869,0,47.8035,0,3.1869,0,47.8035,0
3.1878,0,47.817,0,3.1878,0,47.817,0
3.1887,0,47.8305,0,3.1887,0,47.8305,0
3.1896,0,47.844,0,3.1896,0,47.844,0
3.1905,0,47.8575,0,3.1905,0,47.8575,0
3.1914,0,47.871,0,3.1914,0,47.871,0
3.1923,0,47.8845,0,3.1923,0,47.8845,0
3.1932,0,47.898,0,3.1932,0,47.898,0
3.1941,0,47.9115,0,3.1941,0,47.9115,0
3.195,0,47.925,0,3.195,0,47.925,0
3.1959,0,47.9385,0,3.1959,0,47.9385,0
3.1968,0,47.952,0,3.1968,0,47.952,0
3.1977,0,47.9655,0,3.1977,0,47.9655,0
3.1986,0,47.979,0,3.1986,0,47.979,0
3.1995,0,47.9925,0,3.1995,0,47.9925,0
3.2004,0,48.006,0,3.2004,0,48.006,0
3.2013,0,48.0195,0,3.2013,0,48.0195,0
3.2022,0,48.033,0,3.2022,0,48.033,0
3.2031,0,48.0465,0,3.2031,0,48.0465,0
3.204,0,48.06,0,3.204,0,48.06,0
3.2049,0,48.0735,0,3.2049,0,48.0735,0
3.2058,0,48.087,0,3.2058,0,48.087,0
3.2067,0,48.1005,0,3.2067,0,48.1005,0
3.2076,0,48.114,0,3.2076,0,48.114,0
3.2085,0,48.1275,0,3.2085,0,48.1275,0
3.2094,0,48.141,0,3.2094,0,48.141,0
3.2103,0,48.1545,0,3.2103,0,48.1545,0
3.2112,0,48.168,0,3.2112,0,48.168,0
3.2121,0,48.1815,0,3.2121,0,48.1815,0
3.213,0,48.195,0,3.213,0,48.195,0
3.2139,0,48.2085,0,3.2139,0,48.2085,0
3.2148,0,48.222,0,3.2148,0,48.222,0
3.2157,0,48.2355,0,3.2157,0,48.2355,0
3.2166,0,48.249,0,3.2166,0,48.249,0
3.2175,0,48.2625,0,3.2175,0,48.2625,0
3.2184,0,48.276,0,3.2184,0,48.276,0
3.2193,0,48.2895,0,3.2193,0,48.2895,0
3.2202,0,48.303,0,3.2202,0,48.303,0
3.2211,0,48.3165,0,3.2211,0,48.3165,0
3.222,0,48.33,0,3.222,0,48.33,0
3.2229,0,48.3435,0,3.2229,0,48.3435,0
3.2238,0,48.357,0,3.2238,0,48.357,0
3.2247,0,48.3705,0,3.2247,0,48.3705,0
3.2256,0,48.384,0,3.2256,0,48.384,0
3.2265,0,48.3975,0,3.2265,0,48.3975,0
3.2274,0,48.411,0,3.2274,0,48.411,0
3.2283,0,48.4245,0,3.2283,0,48.4245,0
3.2292,0,48.438,0,3.2292,0,48.438,0
3.2301,0,48.4515,0,3.2301,0,48.4515,0
3.231,0,48.465,0,3.231,0,48.465,0
3.2319,0,48.4785,0,3.2319,0,48.4785,0
3.2328,0,48.492,0,3.2328,0,48.492,0
3.2337,0,48.5055,0,3.2337,0,48.5055,0
3.2346,0,48.519,0,3.2346,0,48.519,0
3.2355,0,48.5325,0,3.2355,0,48.5325,0
3.2364,0,48.546,0,3.2364,0,48.546,0
3.2373,0,48.5595,0,3.2373,0,48.5595,0
3.2382,0,48.573,0,3.2382,0,48.573,0
3.2391,0,48.5865,0,3.2391,0,48.5865,0
3.24,0,48.6,0,3.24,0,48.6,0
3.2409,0,48.6135,0,3.2409,0,48.6135,0
3.2418,0,48.627,0,3.2418,0,48.627,0
3.2427,0,48.6405,0,3.2427,0,48.6405,0
3.2436,0,48.654,0,3.2436,0,48.654,0
3.2445,0,48.6675,0,3.2445,0,48.6675,0
3.2454,0,48.681,0,3.2454,0,48.681,0
3.2463,0,48.6945,0,3.2463,0,48.6945,0
3.2472,0,48.708,0,3.2472,0,48.708,0
3.2481,0,48.7215,0,3.2481,0,48.7215,0
3.249,0,48.735,0,3.249,0,48.735,0
3.2499,0,48.7485,0,3.2499,0,48.7485,0
3.2508,0,48.762,0,3.2508,0,48.762,0
3.2517,0,48.7755,0,3.2517,0,48.7755,0
3.2526,0,48.789,0,3.2526,0,48.789,0
3.2535,0,48.8025,0,3.2535,0,48.8025,0
3.2544,0,48.816,0,3.2544,0,48.816,0
3.2553,0,48.8295,0,3.2553,0,48.8295,0
3.2562,0,48.843,0,3.2562,0,48.843,0
3.2571,0,48.8565,0,3.2571,0,48.8565,0
3.258,0,48.87,0,3.258,0,48.87,0
3.2589,0,48.8835,0,3.2589,0,48.8835,0
3.2598,0,48.897,0,3.2598,0,48.897,0
3.2607,0,48.9105,0,3.2607,0,48.9105,0
3.2616,0,48.924,0,3.2616,0,48.924,0
3.2625,0,48.9375,0,3.2625,0,48.9375,0
3.2634,0,48.951,0,3.2634,0,48.951,0
3.2643,0,48.9645,0,3.2643,0,48.9645,0
3.2652,0,48.978,0,3.2652,0,48.978,0
3.2661,0,48.9915,0,3.2661,0,48.9915,0
3.267,0,49.005,0,3.267,0,49.005,0
3.2679,0,49.0185,0,3.2679,0,49.0185,0
3.2688,0,49.032,0,3.2688,0,49.032,0
3.2697,0,49.0455,0,3.2697,0,49.0455,0
3.2706,0,49.059,0,3.2706,0,49.059,0
3.2715,0,49.0725,0,3.2715,0,49.0725,0
3.2724,0,49.086,0,3.2724,0,49.086,0
3.2733,0,49.0995,0,3.2733,0,49.0995,0
3.2742,0,49.113,0,3.2742,0,49.113,0
3.2751,0,49.1265,0,3.2751,0,49.1265,0
3.276,0,49.14,0,3.276,0,49.14,0
3.2769,0,49.1535,0,3.2769,0,49.1535,0
3.2778,0,49.167,0,3.2778,0,49.167,0
3.2787,0,49.1805,0,3.2787,0,49.1805,0
3.2796,0,49.194,0,3.2796,0,49.194,0
3.2805,0,49.2075,0,3.2805,0,49.2075,0
3.2814,0,49.221,0,3.2814,0,49.221,0
3.2823,0,49.2345,0,3.2823,0,49.2345,0
3.2832,0,49.248,0,3.2832,0,49.248,0
3.2841,0,49.2615,0,3.2841,0,49.2615,0
3.285,0,49.275,0,3.285,0,49.275,0
3.2859,0,49.2885,0,3.2859,0,49.2885,0
3.2868,0,49.302,0,3.2868,0,49.302,0
3.2877,0,49.3155,0,3.2877,0,49.3155,0
3.2886,0,49.329,0,3.2886,0,49.329,0
3.2895,0,49.3425,0,3.2895,0,49.3425,0
3.2904,0,49.356,0,3.2904,0,49.356,0
3.2913,0,49.3695,0,3.2913,0,49.3695,0
3.2922,0,49.383,0,3.2922,0,49.383,0
3.2931,0,49.3965,0,3.2931,0,49.3965,0
3.294,0,49.41,0,3.294,0,49.41,0
3.2949,0,49.4235,0,3.2949,0,49.4235,0
3.2958,0,49.437,0,3.2958,0,49.437,0
3.2967,0,49.4505,0,3.2967,0,49.4505,0
3.2976,0,49.464,0,3.2976,0,49.464,0
3.2985,0,49.4775,0,3.2985,0,49.4775,0
3.2994,0,49.491,0,3.2994,0,49.491,0
3.3003,0,49.5045,0,3.3003,0,49.5045,0
3.3012,0,49.518,0,3.3012,0,49.518,0
3.3021,0,49.5315,0,3.3021,0,49.5315,0
3.303,0,49.545,0,3.303,0,49.545,0
3.3039,0,49.5585,0,3.3039,0,49.5585,0
3.3048,0,49.572,0,3.3048,0,49.572,0
3.3057,0,49.5855,0,3.3057,0,49.5855,0
3.3066,0,49.599,0,3.3066,0,49.599,0
3.3075,0,49.6125,0,3.3075,0,49.6125,0
3.3084,0,49.626,0,3.3084,0,49.626,0
3.3093,0,49.6395,0,3.3093,0,49.6395,0
3.3102,0,49.653,0,3.3102,0,49.653,0
3.3111,0,49.6665,0,3.3111,0,49.6665,0
3.312,0,49.68,0,3.312,0,49.68,0
3.3129,0,49.6935,0,3.3129,0,49.6935,0
3.3138,0,49.707,0,3.3138,0,49.707,0
3.3147,0,49.7205,0,3.3147,0,49.7205,0
3.3156,0,49.734,0,3.3156,0,49.734,0
3.3165,0,49.7475,0,3.3165,0,49.7475,0
3.3174,0,49.761,0,3.3174,0,49.761,0
3.3183,0,49.7745,0,3.3183,0,49.7745,0
3.3192,0,49.788,0,3.3192,0,49.788,0
3.3201,0,49.8015,0,3.3201,0,49.8015,0
3.321,0,49.815,0,3.321,0,49.815,0
3.3219,0,49.8285,0,3.3219,0,49.8285,0
3.3228,0,49.842,0,3.3228,0,49.842,0
3.3237,0,49.8555,0,3.3237,0,49.8555,0
3.3246,0,49.869,0,3.3246,0,49.869,0
3.3255,0,49.8825,0,3.3255,0,49.8825,0
3.3264,0,49.896,0,3.3264,0,49.896,0
3.3273,0,49.9095,0,3.3273,0,49.9095,0
3.3282,0,49.923,0,3.3282,0,49.923,0
3.3291,0,49.9365,0,3.3291,0,49.9365,0
3.33,0,49.95,0,3.33,0,49.95,0
3.3309,0,49.9635,0,3.3309,0,49.9635,0
3.3318,0,49.977,0,3.3318,0,49.977,0
3.3327,0,49.9905,0,3.3327,0,49.9905,0
3.3336,0,50.004,0,3.3336,0,50.004,0
3.3345,0,50.0175,0,3.3345,0,50.0175,0
3.3354,0,50.031,0,3.3354,0,50.031,0
3.3363,0,50.0445,0,3.3363,0,50.0445,0
3.3372,0,50.058,0,3.3372,0,50.058,0
3.3381,0,50.0715,0,3.3381,0,50.0715,0
3.339,0,50.085,0,3.339,0,50.085,0
3.3399,0,50.0985,0,3.3399,0,50.0985,0
3.3408,0,50.112,0,3.3408,0,50.112,0
3.3417,0,50.1255,0,3.3417,0,50.1255,0
3.3426,0,50.139,0,3.3426,0,50.139,0
3.3435,0,50.1525,0,3.3435,0,50.1525,0
3.3444,0,50.166,0,3.3444,0,50.166,0
3.3453,0,50.1795,0,3.3453,0,50.1795,0
3.3462,0,50.193,0,3.3462,0,50.193,0
3.3471,0,50.2065,0,3.3471,0,50.2065,0
3.348,0,50.22,0,3.348,0,50.22,0
3.3489,0,50.2335,0,3.3489,0,50.2335,0
3.3498,0,50.247,0,3.3498,0,50.247,0
3.3507,0,50.2605,0,3.3507,0,50.2605,0
3.3516,0,50.274,0,3.3516,0,50.274,0
3.3525,0,50.2875,0,3.3525,0,50.2875,0
3.3534,0,50.301,0,3.3534,0,50.301,0
3.3543,0,50.3145,0,3.3543,0,50.3145,0
3.3552,0,50.328,0,3.3552,0,50.328,0
3.3561,0,50.3415,0,3.3561,0,50.3415,0
3.357,0,50.355,0,3.357,0,50.355,0
3.3579,0,50.3685,0,3.3579,0,50.3685,0
3.3588,0,50.382,0,3.3588,0,50.382,0
3.3597,0,50.3955,0,3.3597,0,50.3955,0
3.3606,0,50.409,0,3.3606,0,50.409,0
3.3615,0,50.4225,0,3.3615,0,50.4225,0
3.3624,0,50.436,0,3.3624,0,50.436,0
3.3633,0,50.4495,0,3.3633,0,50.4495,0
3.3642,0,50.463,0,3.3642,0,50.463,0
3.3651,0,50.4765,0,3.3651,0,50.4765,0
3.366,0,50.49,0,3.366,0,50.49,0
3.3669,0,50.5035,0,3.3669,0,50.5035,0
3.3678,0,50.517,0,3.3678,0,50.517,0
3.3687,0,50.5305,0,3.3687,0,50.5305,0
3.3696,0,50.544,0,3.3696,0,50.544,0
3.3705,0,50.5575,0,3.3705,0,50.5575,0
3.3714,0,50.571,0,3.3714,0,50.571,0
3.3723,0,50.5845,0,3.3723,0,50.5845,0
3.3732,0,50.598,0,3.3732,0,50.598,0
3.3741,0,50.6115,0,3.3741,0,50.6115,0
3.375,0,50.625,0,3.375,0,50.625,0
3.3759,0,50.6385,0,3.3759,0,50.6385,0
3.3768,0,50.652,0,3.3768,0,50.652,0
3.3777,0,50.6655,0,3.3777,0,50.6655,0
3.3786,0,50.679,0,3.3786,0,50.679,0
3.3795,0,50.6925,0,3.3795,0,50.6925,0
3.3804,0,50.706,0,3.3804,0,50.706,0
3.3813,0,50.7195,0,3.3813,0,50.7195,0
3.3822,0,50.733,0,3.3822,0,50.733,0
3.3831,0,50.7465,0,3.3831,0,50.7465,0
3.384,0,50.76,0,3.384,0,50.76,0
3.3849,0,50.7735,0,3.3849,0,50.7735,0
3.3858,0,50.787,0,3.3858,0,50.787,0
3.3867,0,50.8005,0,3.3867,0,50.8005,0
3.3876,0,50.814,0,3.3876,0,50.814,0
3.3885,0,50.8275,0,3.3885,0,50.8275,0
3.3894,0,50.841,0,3.3894,0,50.841,0
3.3903,0,50.8545,0,3.3903,0,50.8545,0
3.3912,0,50.868,0,3.3912,0,50.868,0
3.3921,0,50.8815,0,3.3921,0,50.8815,0
3.393,0,50.895,0,3.393,0,50.895,0
3.3939,0,50.9085,0,3.3939,0,50.9085,0
3.3948,0,50.922,0,3.3948,0,50.922,0
3.3957,0,50.9355,0,3.3957,0,50.9355,0
3.3966,0,50.949,0,3.3966,0,50.949,0
3.3975,0,50.9625,0,3.3975,0,50.9625,0
3.3984,0,50.976,0,3.3984,0,50.976,0
3.3993,0,50.9895,0,3.3993,0,50.9895,0
3.4002,0,51.003,0,3.4002,0,51.003,0
3.4011,0,51.0165,0,3.4011,0,51.0165,0
3.402,0,51.03,0,3.402,0,51.03,0
3.4029,0,51.0435,0,3.4029,0,51.0435,0
3.4038,0,51.057,0,3.4038,0,51.057,0
3.4047,0,51.0705,0,3.4047,0,51.0705,0
3.4056,0,51.084,0,3.4056,0,51.084,0
3.4065,0,51.0975,0,3.4065,0,51.0975,0
3.4074,0,51.111,0,3.4074,0,51.111,0
3.4083,0,51.1245,0,3.4083,0,51.1245,0
3.4092,0,51.138,0,3.4092,0,51.138,0
3.4101,0,51.1515,0,3.4101,0,51.1515,0
3.411,0,51.165,0,3.411,0,51.165,0
3.4119,0,51.1785,0,3.4119,0,51.1785,0
3.4128,0,51.192,0,3.4128,0,51.192,0
3.4137,0,51.2055,0,3.4137,0,51.2055,0
3.4146,0,51.219,0,3.4146,0,51.219,0
3.4155,0,51.2325,0,3.4155,0,51.2325,0
3.4164,0,51.246,0,3.4164,0,51.246,0
3.4173,0,51.2595,0,3.4173,0,51.2595,0
3.4182,0,51.273,0,3.4182,0,51.273,0
3.4191,0,51.2865,0,3.4191,0,51.2865,0
3.42,0,51.3,0,3.42,0,51.3,0
3.4209,0,51.3135,0,3.4209,0,51.3135,0
3.4218,0,51.327,0,3.4218,0,51.327,0
3.4227,0,51.3405,0,3.4227,0,51.3405,0
3.4236,0,51.354,0,3.4236,0,51.354,0
3.4245,0,51.3675,0,3.4245,0,51.3675,0
3.4254,0,51.381,0,3.4254,0,51.381,0
3.4263,0,51.3945,0,3.4263,0,51.3945,0
3.4272,0,51.408,0,3.4272,0,51.408,0
3.4281,0,51.4215,0,3.4281,0,51.4215,0
3.429,0,51.435,0,3.429,0,51.435,0
3.4299,0,51.4485,0,3.4299,0,51.4485,0
3.4308,0,51.462,0,3.4308,0,51.462,0
3.4317,0,51.4755,0,3.4317,0,51.4755,0
3.4326,0,51.489,0,3.4326,0,51.489,0
3.4335,0,51.5025,0,3.4335,0,51.5025,0
3.4344,0,51.516,0,3.4344,0,51.516,0
3.4353,0,51.5295,0,3.4353,0,51.5295,0
3.4362,0,51.543,0,3.4362,0,51.543,0
3.4371,0,51.5565,0,3.4371,0,51.5565,0
3.438,0,51.57,0,3.438,0,51.57,0
3.4389,0,51.5835,0,3.4389,0,51.5835,0
3.4398,0,51.597,0,3.4398,0,51.597,0
3.4407,0,51.6105,0,3.4407,0,51.6105,0
3.4416,0,51.624,0,3.4416,0,51.624,0
3.4425,0,51.6375,0,3.4425,0,51.6375,0
3.4434,0,51.651,0,3.4434,0,51.651,0
3.4443,0,51.6645,0,3.4443,0,51.6645,0
3.4452,0,51.678,0,3.4452,0,51.678,0
3.4461,0,51.6915,0,3.4461,0,51.6915,0
3.447,0,51.705,0,3.447,0,51.705,0
3.4479,0,51.7185,0,3.4479,0,51.7185,0
3.4488,0,51.732,0,3.4488,0,51.732,0
3.4497,0,51.7455,0,3.4497,0,51.7455,0
3.4506,0,51.759,0,3.4506,0,51.759,0
3.4515,0,51.7725,0,3.4515,0,51.7725,0
3.4524,0,51.786,0,3.4524,0,51.786,0
3.4533,0,51.7995,0,3.4533,0,51.7995,0
3.4542,0,51.813,0,3.4542,0,51.813,0
3.4551,0,51.8265,0,3.4551,0,51.8265,0
3.456,0,51.84,0,3.456,0,51.84,0
3.4569,0,51.8535,0,3.4569,0,51.8535,0
3.4578,0,51.867,0,3.4578,0,51.867,0
3.4587,0,51.8805,0,3.4587,0,51.8805,0
3.4596,0,51.894,0,3.4596,0,51.894,0
3.4605,0,51.9075,0,3.4605,0,51.9075,0
3.4614,0,51.921,0,3.4614,0,51.921,0
3.4623,0,51.9345,0,3.4623,0,51.9345,0
3.4632,0,51.948,0,3.4632,0,51.948,0
3.4641,0,51.9615,0,3.4641,0,51.9615,0
3.465,0,51.975,0,3.465,0,51.975,0
3.4659,0,51.9885,0,3.4659,0,51.9885,0
3.4668,0,52.002,0,3.4668,0,52.002,0
3.4677,0,52.0155,0,3.4677,0,52.0155,0
3.4686,0,52.029,0,3.4686,0,52.029,0
3.4695,0,52.0425,0,3.4695,0,52.0425,0
3.4704,0,52.056,0,3.4704,0,52.056,0
3.4713,0,52.0695,0,3.4713,0,52.0695,0
3.4722,0,52.083,0,3.4722,0,52.083,0
3.4731,0,52.0965,0,3.4731,0,52.0965,0
3.474,0,52.11,0,3.474,0,52.11,0
3.4749,0,52.1235,0,3.4749,0,52.1235,0
3.4758,0,52.137,0,3.4758,0,52.137,0
3.4767,0,52.1505,0,3.4767,0,52.1505,0
3.4776,0,52.164,0,3.4776,0,52.164,0
3.4785,0,52.1775,0,3.4785,0,52.1775,0
3.4794,0,52.191,0,3.4794,0,52.191,0
3.4803,0,52.2045,0,3.4803,0,52.2045,0
3.4812,0,52.218,0,3.4812,0,52.218,0
3.4821,0,52.2315,0,3.4821,0,52.2315,0
3.483,0,52.245,0,3.483,0,52.245,0
3.4839,0,52.2585,0,3.4839,0,52.2585,0
3.4848,0,52.272,0,3.4848,0,52.272,0
3.4857,0,52.2855,0,3.4857,0,52.2855,0
3.4866,0,52.299,0,3.4866,0,52.299,0
3.4875,0,52.3125,0,3.4875,0,52.3125,0
3.4884,0,52.326,0,3.4884,0,52.326,0
3.4893,0,52.3395,0,3.4893,0,52.3395,0
3.4902,0,52.353,0,3.4902,0,52.353,0
3.4911,0,52.3665,0,3.4911,0,52.3665,0
3.492,0,52.38,0,3.492,0,52.38,0
3.4929,0,52.3935,0,3.4929,0,52.3935,0
3.4938,0,52.407,0,3.4938,0,52.407,0
3.4947,0,52.4205,0,3.4947,0,52.4205,0
3.4956,0,52.434,0,3.4956,0,52.434,0
