X[s],"Trigno IM sensor 3: EMG 3 (IM)",X[s],"Trigno IM sensor 3: Mag 3.Z (IM)",X[s],"Trigno IM sensor 4: EMG 4 (IM)",X[s],"Trigno IM sensor 4: Mag 4.Z (IM)"
0.000000,8.92958E-05,0.000000,52,0.000000,-3.390555E-05,0.000000,105
0.0009,-5.874724E-05,0.0135,51,0.0009,3.726253E-05,0.0135,101
0.0018,-0.0001087663,0.027,50,0.0018,5.841154E-05,0.027,102
0.0027,-9.030289E-05,0.0405,49,0.0027,2.652018E-05,0.0405,105
0.0036,-0.0002453956,0.054,51,0.0036,-6.042573E-06,0.054,104
0.0045,-0.000161471,0.0675,51,0.0045,-5.035477E-06,0.0675,102
0.0054,-4.061952E-05,0.081,50,0.0054,-1.913481E-05,0.081,100
0.0063,-0.0001399863,0.0945,51,0.0063,-1.275654E-05,0.0945,101
0.0072,-6.74754E-05,0.108,51,0.0072,-3.155566E-05,0.108,107
0.0081,-3.524834E-05,0.1215,49,0.0081,-3.054856E-05,0.1215,101
0.009000001,5.740444E-05,0.135,50,0.009000001,-1.174945E-05,0.135,102
0.0099,9.097429E-05,0.1485,50,0.0099,6.042573E-06,0.1485,105
0.0108,3.692683E-06,0.162,49,0.0108,2.24918E-05,0.162,102
0.0117,-3.356985E-07,0.1755,49,0.0117,0,0.1755,101
0.0126,-7.049668E-06,0.189,49,0.0126,1.443504E-05,0.189,102
0.0135,5.572595E-05,0.2025,50,0.0135,2.014191E-06,0.2025,101
0.0144,0.0001077592,0.216,49,0.0144,-3.424125E-05,0.216,104
0.0153,-4.196231E-05,0.2295,50,0.0153,1.208515E-05,0.2295,104
0.0162,8.89601E-05,0.243,49,0.0162,7.721065E-06,0.243,103
0.0171,0.0003038071,0.2565,49,0.0171,-4.129091E-05,0.2565,105
0.018,8.291753E-05,0.27,50,0.018,-5.001907E-05,0.27,102
0.0189,7.486076E-05,0.2835,49,0.0189,-3.155566E-05,0.2835,103
0.0198,0.0001661708,0.297,52,0.0198,-4.766919E-05,0.297,104
0.0207,8.157473E-05,0.3105,50,0.0207,-5.438316E-05,0.3105,103
0.0216,1.040665E-05,0.324,50,0.0216,-7.620356E-05,0.324,106
0.0225,8.258183E-05,0.3375,51,0.0225,-4.162661E-05,0.3375,101
0.0234,1.443504E-05,0.351,50,0.0234,-5.203327E-05,0.351,102
0.0243,-0.0001550927,0.3645,51,0.0243,-7.687495E-05,0.3645,101
0.0252,8.258183E-05,0.378,50,0.0252,-3.424125E-05,0.378,106
0.0261,7.989624E-05,0.3915,50,0.0261,-3.994812E-05,0.3915,102
0.027,-6.378271E-06,0.405,50,0.027,-7.116808E-05,0.405,104
0.0279,4.934768E-05,0.4185,50,0.0279,-6.210422E-05,0.4185,101
0.0288,9.365987E-05,0.432,49,0.0288,-8.258183E-05,0.432,105
0.0297,2.383459E-05,0.4455,50,0.0297,3.424125E-05,0.4455,104
0.0306,-6.848249E-05,0.459,51,0.0306,3.860533E-05,0.459,105
0.0315,2.1149E-05,0.4725,49,0.0315,-2.652018E-05,0.4725,104
0.0324,9.030289E-05,0.486,51,0.0324,-3.659113E-05,0.486,102
0.0333,-0.0001315938,0.4995,50,0.0333,8.761731E-05,0.4995,106
0.0342,-9.298848E-05,0.513,50,0.0342,3.759823E-05,0.513,109
0.0351,9.030289E-05,0.5265,50,0.0351,-9.365987E-05,0.5265,103
0.036,-7.251087E-05,0.54,50,0.036,4.39765E-05,0.54,102
0.0369,-7.653925E-05,0.5535,50,0.0369,4.196231E-05,0.5535,103
0.0378,-7.049668E-06,0.567,50,0.0378,-5.874724E-05,0.567,102
0.0387,-0.0001594568,0.5805,49,0.0387,-1.342794E-05,0.5805,101
0.0396,-0.0001393149,0.594,51,0.0396,6.478981E-05,0.594,103
0.0405,-0.0001245441,0.6075,51,0.0405,2.014191E-05,0.6075,102
0.0414,-0.0001265583,0.621,52,0.0414,8.392462E-06,0.621,102
0.0423,-5.706874E-06,0.6345,50,0.0423,-5.706874E-05,0.6345,100
0.0432,7.721065E-06,0.648,49,0.0432,2.954147E-05,0.648,105
0.0441,-9.903105E-05,0.6615,50,0.0441,3.692683E-05,0.6615,103
0.045,-6.478981E-05,0.675,50,0.045,-5.001907E-05,0.675,103
0.0459,0.0001440146,0.6885,52,0.0459,-7.016098E-05,0.6885,104
0.0468,-5.371176E-05,0.702,50,0.0468,5.673304E-05,0.702,102
0.0477,-5.136187E-05,0.7155,50,0.0477,-7.385367E-06,0.7155,104
0.0486,0.0001950408,0.729,51,0.0486,-0.0001272297,0.729,104
0.0495,9.399558E-06,0.7425,50,0.0495,3.088426E-05,0.7425,103
0.0504,3.121996E-05,0.756,49,0.0504,1.275654E-05,0.756,106
0.0513,0.0001816129,0.7695,50,0.0513,-0.0001198444,0.7695,101
0.0522,0.0001433432,0.783,50,0.0522,-1.611353E-05,0.783,101
0.0531,-6.74754E-05,0.7965,51,0.0531,4.46479E-05,0.7965,103
0.054,-1.644922E-05,0.81,51,0.054,-1.745632E-05,0.81,101
0.0549,-3.356985E-07,0.8235,50,0.0549,-7.049668E-06,0.8235,104
0.0558,5.807584E-05,0.837,48,0.0558,-7.553216E-05,0.837,106
0.0567,1.577783E-05,0.8505,48,0.0567,5.035477E-05,0.8505,104
0.0576,-0.0001708705,0.864,49,0.0576,1.812772E-05,0.864,100
0.0585,-0.0001265583,0.8775,46,0.0585,-6.64683E-05,0.8775,109
0.0594,-5.136187E-05,0.891,47,0.0594,-8.392462E-05,0.891,102
0.0603,-0.0001225299,0.9045,46,0.0603,2.18204E-05,0.9045,105
0.0612,-6.51255E-05,0.918,46,0.0612,-1.141375E-05,0.918,103
0.0621,4.263371E-05,0.9315,46,0.0621,-0.0001218585,0.9315,104
0.063,-1.846342E-05,0.945,45,0.063,2.1149E-05,0.945,100
0.0639,-2.21561E-05,0.9585,46,0.0639,4.766919E-05,0.9585,104
0.0648,3.155566E-05,0.972,45,0.0648,-7.553216E-05,0.972,103
0.0657,0.0001168231,0.9855,48,0.0657,-3.659113E-05,0.9855,104
0.0666,-7.486076E-05,0.999,49,0.0666,4.46479E-05,0.999,106
0.0675,-7.351797E-05,1.0125,48,0.0675,-1.242084E-05,1.0125,103
0.0684,-1.712062E-05,1.026,48,0.0684,-4.36408E-06,1.026,101
0.0693,4.800488E-05,1.0395,50,0.0693,-7.049668E-05,1.0395,103
0.0702,8.426032E-05,1.053,49,0.0702,3.356985E-05,1.053,104
0.0711,-0.0001154803,1.0665,51,0.0711,1.275654E-05,1.0665,102
0.072,-7.150377E-05,1.08,49,0.072,-6.143282E-05,1.08,101
0.0729,4.53193E-05,1.0935,52,0.0729,-5.337606E-05,1.0935,104
0.07380001,-8.358892E-05,1.107,51,0.07380001,3.424125E-05,1.107,104
0.07470001,3.054856E-05,1.1205,52,0.07470001,-1.510643E-05,1.1205,100
0.0756,0.0001245441,1.134,51,0.0756,-0.0001007095,1.134,101
0.0765,-4.33051E-05,1.1475,52,0.0765,5.136187E-05,1.1475,103
0.0774,4.129091E-05,1.161,50,0.0774,4.699779E-05,1.161,103
0.0783,5.975433E-05,1.1745,51,0.0783,-4.028382E-05,1.1745,100
0.0792,-6.210422E-05,1.188,51,0.0792,3.356985E-07,1.188,99
0.0801,-0.0001232013,1.2015,51,0.0801,3.625543E-05,1.2015,99
0.081,1.980621E-05,1.215,52,0.081,-8.392462E-06,1.215,100
0.0819,-6.948959E-05,1.2285,51,0.0819,-4.599069E-05,1.2285,99
0.0828,1.846342E-05,1.242,51,0.0828,-0.0001104448,1.242,104
0.0837,0.0001618067,1.2555,51,0.0837,-5.035477E-06,1.2555,98
0.0846,-5.404745E-05,1.269,52,0.0846,-2.047761E-05,1.269,103
0.0855,-7.586786E-05,1.2825,52,0.0855,-7.150377E-05,1.2825,104
0.0864,7.687495E-05,1.296,52,0.0864,-8.89601E-05,1.296,102
0.0873,-6.478981E-05,1.3095,53,0.0873,2.752728E-05,1.3095,103
0.0882,-9.701686E-05,1.323,52,0.0882,-1.947051E-05,1.323,102
0.0891,8.795301E-05,1.3365,53,0.0891,-0.0001299153,1.3365,102
0.09,-3.726253E-05,1.35,53,0.09,3.457694E-05,1.35,98
0.0909,8.291753E-05,1.3635,51,0.0909,5.102617E-05,1.3635,102
0.0918,0.0001500572,1.377,53,0.0918,-6.51255E-05,1.377,101
0.0927,2.1149E-05,1.3905,54,0.0927,-1.913481E-05,1.3905,100
0.0936,-0.0001607996,1.404,53,0.0936,2.954147E-05,1.404,97
0.09450001,-0.0001070878,1.4175,53,0.09450001,1.208515E-05,1.4175,101
0.09540001,-6.042573E-06,1.431,53,0.09540001,-1.947051E-05,1.431,98
0.09630001,5.136187E-05,1.4445,54,0.09630001,-9.097429E-05,1.4445,99
0.0972,6.378271E-06,1.458,54,0.0972,6.54612E-05,1.458,100
0.0981,-9.634547E-05,1.4715,53,0.0981,6.243992E-05,1.4715,101
0.099,-0.0001148089,1.485,54,0.099,-3.256275E-05,1.485,101
0.0999,2.014191E-05,1.4985,54,0.0999,-2.719158E-05,1.4985,100
0.1008,0,1.512,53,0.1008,5.941863E-05,1.512,105
0.1017,-7.519646E-05,1.5255,53,0.1017,-1.577783E-05,1.5255,100
0.1026,6.6804E-05,1.539,54,0.1026,-0.0001279011,1.539,104
0.1035,-1.275654E-05,1.5525,53,0.1035,-4.699779E-06,1.5525,98
0.1044,4.632639E-05,1.566,54,0.1044,-8.728161E-06,1.566,99
0.1053,8.493171E-05,1.5795,54,0.1053,-9.936675E-05,1.5795,100
0.1062,-3.021286E-06,1.593,54,0.1062,-4.666209E-05,1.593,98
0.1071,-8.82887E-05,1.6065,54,0.1071,-7.721065E-06,1.6065,101
0.108,-6.076142E-05,1.62,54,0.108,-5.136187E-05,1.62,100
0.1089,-1.309224E-05,1.6335,53,0.1089,-4.901198E-05,1.6335,99
0.1098,0.0001500572,1.647,53,0.1098,-8.795301E-05,1.647,102
0.1107,6.915389E-05,1.6605,53,0.1107,1.980621E-05,1.6605,99
0.1116,-9.063859E-05,1.674,54,0.1116,3.524834E-05,1.674,101
0.1125,1.577783E-05,1.6875,53,0.1125,-3.793393E-05,1.6875,101
0.1134,5.169757E-05,1.701,54,0.1134,-7.284657E-05,1.701,99
0.1143,-0.0001349508,1.7145,54,0.1143,4.599069E-05,1.7145,99
0.1152,-6.076142E-05,1.728,54,0.1152,1.007095E-06,1.728,100
0.1161,0.0001460288,1.7415,54,0.1161,-9.399557E-05,1.7415,101
0.117,-9.164568E-05,1.755,53,0.117,3.524834E-05,1.755,99
0.1179,4.095522E-05,1.7685,54,0.1179,1.309224E-05,1.7685,101
0.1188,0.0002252537,1.782,53,0.1188,-8.86244E-05,1.782,100
0.1197,-0.0001037308,1.7955,54,0.1197,-5.706874E-05,1.7955,100
0.1206,-0.0001728847,1.809,52,0.1206,1.510643E-05,1.809,101
0.1215,-1.913481E-05,1.8225,52,0.1215,5.706874E-06,1.8225,100
0.1224,-3.591974E-05,1.836,53,0.1224,-3.726253E-05,1.836,99
0.1233,-2.24918E-05,1.8495,54,0.1233,-7.016098E-05,1.8495,100
0.1242,5.874724E-05,1.863,52,0.1242,4.33051E-05,1.863,101
0.1251,-8.224613E-05,1.8765,52,0.1251,5.304036E-05,1.8765,97
0.126,-7.888914E-05,1.89,52,0.126,-2.618448E-05,1.89,101
0.1269,5.975433E-05,1.9035,52,0.1269,-4.36408E-05,1.9035,100
0.1278,2.887007E-05,1.917,52,0.1278,3.659113E-05,1.917,105
0.1287,-7.418937E-05,1.9305,51,0.1287,-1.644922E-05,1.9305,97
0.1296,7.754635E-05,1.944,51,0.1296,-0.0001373007,1.944,101
0.1305,4.129091E-05,1.9575,52,0.1305,3.054856E-05,1.9575,100
0.1314,4.36408E-06,1.971,52,0.1314,1.107805E-05,1.971,100
0.1323,2.786297E-05,1.9845,53,0.1323,-9.768826E-05,1.9845,100
0.1332,0.0001812772,1.998,53,0.1332,1.443504E-05,1.998,102
0.1341,-5.136187E-05,2.0115,51,0.1341,6.277562E-05,2.0115,101
0.135,-1.342794E-05,2.025,52,0.135,-1.644922E-05,2.025,100
0.1359,0.0001104448,2.0385,52,0.1359,-1.644922E-05,2.0385,100
0.1368,2.517739E-05,2.052,52,0.1368,-8.258183E-05,2.052,100
0.1377,-6.042573E-06,2.0655,51,0.1377,7.049668E-06,2.0655,102
0.1386,-0.0002118257,2.079,52,0.1386,-1.342794E-06,2.079,100
0.1395,-8.426032E-05,2.0925,52,0.1395,-9.164568E-05,2.0925,101
0.1404,-5.035477E-06,2.106,51,0.1404,-7.385367E-05,2.106,100
0.1413,-0.0001534142,2.1195,53,0.1413,2.081331E-05,2.1195,97
0.1422,-8.426032E-05,2.133,52,0.1422,4.028382E-06,2.133,100
0.1431,3.121996E-05,2.1465,52,0.1431,-8.69459E-05,2.1465,98
0.144,-6.78111E-05,2.16,52,0.144,5.270466E-05,2.16,97
0.1449,0.0001406577,2.1735,52,0.1449,6.210422E-05,2.1735,101
0.1458,0.0001027237,2.187,52,0.1458,-3.793393E-05,2.187,102
0.1467,-9.903105E-05,2.2005,50,0.1467,-2.316319E-05,2.2005,100
0.1476,-3.424125E-05,2.214,52,0.1476,4.129091E-05,2.214,102
0.1485,-7.687495E-05,2.2275,51,0.1485,1.141375E-05,2.2275,99
0.1494,-6.143282E-05,2.241,52,0.1494,-9.063859E-06,2.241,100
0.1503,7.351797E-05,2.2545,51,0.1503,-6.076142E-05,2.2545,100
0.1512,9.231708E-05,2.268,53,0.1512,3.054856E-05,2.268,99
0.1521,-0.0001258869,2.2815,52,0.1521,3.793393E-05,2.2815,99
0.153,-6.210422E-05,2.295,53,0.153,-2.752728E-05,2.295,98
0.1539,0.0001218585,2.3085,52,0.1539,-4.565499E-05,2.3085,98
0.1548,-0.0001440146,2.322,51,0.1548,6.009003E-05,2.322,98
0.1557,-9.097429E-05,2.3355,50,0.1557,-8.392462E-06,2.3355,99
0.1566,0.0001514,2.349,52,0.1566,-9.768826E-05,2.349,97
0.1575,-1.779202E-05,2.3625,50,0.1575,6.009003E-05,2.3625,99
0.1584,-8.728161E-06,2.376,51,0.1584,3.021286E-06,2.376,99
0.1593,7.016098E-05,2.3895,52,0.1593,-0.0001527428,2.3895,101
0.1602,0.0001587854,2.403,53,0.1602,-8.560311E-05,2.403,100
0.1611,-2.047761E-05,2.4165,51,0.1611,-1.107805E-05,2.4165,97
0.162,-1.208515E-05,2.43,52,0.162,-2.047761E-05,2.43,97
0.1629,8.392462E-05,2.4435,52,0.1629,-2.517739E-05,2.4435,102
0.1638,3.189136E-05,2.457,50,0.1638,-9.701686E-05,2.457,101
0.1647,-6.042573E-06,2.4705,52,0.1647,2.517739E-05,2.4705,98
0.1656,-0.0001755703,2.484,50,0.1656,8.392462E-06,2.484,101
0.1665,-0.0001151446,2.4975,51,0.1665,-5.606165E-05,2.4975,96
0.1674,2.719158E-05,2.511,51,0.1674,-7.418937E-05,2.511,100
0.1683,-7.687495E-05,2.5245,53,0.1683,2.484169E-05,2.5245,100
0.1692,-8.090334E-05,2.538,53,0.1692,6.713969E-07,2.538,98
0.1701,8.459602E-05,2.5515,51,0.1701,-0.0001027237,2.5515,103
0.171,4.36408E-06,2.565,50,0.171,4.129091E-05,2.565,98
0.1719,-6.478981E-05,2.5785,50,0.1719,7.687495E-05,2.5785,99
0.1728,3.961242E-05,2.592,51,0.1728,-6.948959E-05,2.592,98
0.1737,0.0001668421,2.6055,50,0.1737,1.040665E-05,2.6055,102
0.1746,3.054856E-05,2.619,51,0.1746,9.231708E-05,2.619,100
0.1755,-2.28275E-05,2.6325,52,0.1755,1.980621E-05,2.6325,98
0.1764,-3.021286E-06,2.646,51,0.1764,1.174945E-05,2.646,97
0.1773,6.210422E-05,2.6595,50,0.1773,-5.673304E-05,2.6595,100
0.1782,-1.007095E-06,2.673,51,0.1782,3.591974E-05,2.673,102
0.1791,-0.0002051118,2.6865,52,0.1791,-2.18204E-05,2.6865,100
0.18,-8.560311E-05,2.7,51,0.18,-0.0001070878,2.7,97
0.1809,-5.706874E-05,2.7135,50,0.1809,-8.89601E-05,2.7135,101
0.1818,-0.0001373007,2.727,52,0.1818,8.728161E-06,2.727,100
0.1827,6.378271E-06,2.7405,51,0.1827,-4.33051E-05,2.7405,98
0.1836,4.666209E-05,2.754,51,0.1836,-0.0001171588,2.754,99
0.1845,-4.33051E-05,2.7675,53,0.1845,3.927672E-05,2.7675,98
0.1854,1.644922E-05,2.781,52,0.1854,3.457694E-05,2.781,100
0.1863,3.021286E-05,2.7945,51,0.1863,-5.975433E-05,2.7945,101
0.1872,1.712062E-05,2.808,50,0.1872,-2.987716E-05,2.808,102
0.1881,-7.888914E-05,2.8215,51,0.1881,4.129091E-05,2.8215,100
0.189,1.309224E-05,2.835,52,0.189,2.014191E-05,2.835,102
0.1899,-4.599069E-05,2.8485,51,0.1899,9.063859E-06,2.8485,99
0.1908,5.337606E-05,2.862,50,0.1908,-7.956054E-05,2.862,101
0.1917,0.0001554284,2.8755,51,0.1917,-2.685588E-06,2.8755,101
0.1926,-9.701686E-05,2.889,52,0.1926,-1.007095E-06,2.889,101
0.1935,-4.934768E-05,2.9025,50,0.1935,-5.404745E-05,2.9025,102
0.1944,0.0001346151,2.916,50,0.1944,-7.452507E-05,2.916,101
0.1953,-7.318227E-05,2.9295,50,0.1953,5.673304E-05,2.9295,98
0.1962,-7.016098E-05,2.943,52,0.1962,2.383459E-05,2.943,101
0.1971,0.0001258869,2.9565,51,0.1971,-5.572595E-05,2.9565,101
0.198,-3.591974E-05,2.97,51,0.198,8.69459E-05,2.97,101
0.1989,4.800488E-05,2.9835,49,0.1989,3.356985E-07,2.9835,100
0.1998,0.0001033951,2.997,51,0.1998,-0.0001443503,2.997,98
0.2007,4.699779E-06,3.0105,52,0.2007,-5.102617E-05,3.0105,101
0.2016,-0.0001742275,3.024,52,0.2016,5.706874E-06,3.024,101
0.2025,-6.478981E-05,3.0375,52,0.2025,-7.721065E-06,3.0375,96
0.2034,2.21561E-05,3.051,51,0.2034,-3.659113E-05,3.051,100
0.2043,2.584878E-05,3.0645,52,0.2043,-0.0001010452,3.0645,99
0.2052,2.316319E-05,3.078,52,0.2052,3.927672E-05,3.078,101
0.2061,8.224613E-05,3.0915,52,0.2061,4.263371E-05,3.0915,97
0.207,4.263371E-05,3.105,51,0.207,-3.793393E-05,3.105,100
0.2079,0.0001084306,3.1185,0,0.2079,-4.46479E-05,3.1185,0
0.2088,3.793393E-05,3.132,0,0.2088,4.867628E-05,3.132,0
0.2097,-9.365987E-05,3.1455,0,0.2097,1.007095E-06,3.1455,0
0.2106,9.600977E-05,3.159,0,0.2106,-0.0001060807,3.159,0
0.2115,-7.385367E-06,3.1725,0,0.2115,1.577783E-05,3.1725,0
0.2124,-1.678492E-06,3.186,0,0.2124,2.853437E-05,3.186,0
0.2133,6.378271E-05,3.1995,0,0.2133,-8.291753E-05,3.1995,0
0.2142,1.107805E-05,3.213,0,0.2142,-2.450599E-05,3.213,0
0.2151,-0.0001228656,3.2265,0,0.2151,2.517739E-05,3.2265,0
0.216,-0.0001064164,3.24,0,0.216,-3.021286E-06,3.24,0
0.2169,-4.095522E-05,3.2535,0,0.2169,-5.035477E-06,3.2535,0
0.2178,0.0001003738,3.267,0,0.2178,-6.74754E-05,3.267,0
0.2187,-5.673304E-05,3.2805,0,0.2187,5.371176E-06,3.2805,0
0.2196,-0.0001154803,3.294,0,0.2196,2.920577E-05,3.294,0
0.2205,7.183947E-05,3.3075,0,0.2205,-5.404745E-05,3.3075,0
0.2214,1.544213E-05,3.321,0,0.2214,-9.097429E-05,3.321,0
0.2223,-0.0001319295,3.3345,0,0.2223,3.860533E-05,3.3345,0
0.2232,-1.846342E-05,3.348,0,0.2232,-3.524834E-05,3.348,0
0.2241,0.0001225299,3.3615,0,0.2241,-0.0001188373,3.3615,0
0.225,-0.0001151446,3.375,0,0.225,2.786297E-05,3.375,0
0.2259,-0.0001080949,3.3885,0,0.2259,4.46479E-05,3.3885,0
0.2268,0.0001097734,3.402,0,0.2268,-9.164568E-05,3.402,0
0.2277,-1.040665E-05,3.4155,0,0.2277,-6.61326E-05,3.4155,0
0.2286,-9.869535E-05,3.429,0,0.2286,8.728161E-06,3.429,0
0.2295,9.063859E-06,3.4425,0,0.2295,-1.174945E-05,3.4425,0
0.2304,-2.450599E-05,3.456,0,0.2304,-5.438316E-05,3.456,0
0.2313,3.659113E-05,3.4695,0,0.2313,-0.0001007095,3.4695,0
0.2322,-4.699779E-06,3.483,0,0.2322,4.129091E-05,3.483,0
0.2331,-0.0001164874,3.4965,0,0.2331,1.477073E-05,3.4965,0
0.234,-3.860533E-05,3.51,0,0.234,-4.733349E-05,3.51,0
0.2349,3.994812E-05,3.5235,0,0.2349,-5.673304E-05,3.5235,0
0.2358,-4.263371E-05,3.537,0,0.2358,4.53193E-05,3.537,0
0.2367,-0.0001406577,3.5505,0,0.2367,-1.342794E-06,3.5505,0
0.2376,7.217517E-05,3.564,0,0.2376,-0.0001084306,3.564,0
0.2385,2.349889E-05,3.5775,0,0.2385,3.625543E-05,3.5775,0
0.2394,-0.0001141375,3.591,0,0.2394,5.035477E-06,3.591,0
0.2403,4.699779E-05,3.6045,0,0.2403,-9.634547E-05,3.6045,0
0.2412,5.304036E-05,3.618,0,0.2412,1.342794E-05,3.618,0
0.2421,-9.835965E-05,3.6315,0,0.2421,4.565499E-05,3.6315,0
0.243,-4.061952E-05,3.645,0,0.243,-1.409934E-05,3.645,0
0.2439,4.263371E-05,3.6585,0,0.2439,-4.263371E-05,3.6585,0
0.2448,-4.699779E-06,3.672,0,0.2448,-0.0001017166,3.672,0
0.2457,1.980621E-05,3.6855,0,0.2457,-1.376364E-05,3.6855,0
0.2466,-6.042573E-05,3.699,0,0.2466,-1.712062E-05,3.699,0
0.2475,6.6804E-05,3.7125,0,0.2475,-6.478981E-05,3.7125,0
0.2484,6.6804E-05,3.726,0,0.2484,-6.411841E-05,3.726,0
0.2493,-5.337606E-05,3.7395,0,0.2493,5.169757E-05,3.7395,0
0.2502,-3.021286E-06,3.753,0,0.2502,3.927672E-05,3.753,0
0.2511,0.0001064164,3.7665,0,0.2511,-7.150377E-05,3.7665,0
0.252,-9.735256E-06,3.78,0,0.252,5.102617E-05,3.78,0
0.2529,-9.567407E-05,3.7935,0,0.2529,4.901198E-05,3.7935,0
0.2538,-0.0001658351,3.807,0,0.2538,-9.500267E-05,3.807,0
0.2547,-4.934768E-05,3.8205,0,0.2547,1.007095E-06,3.8205,0
0.2556,-6.478981E-05,3.834,0,0.2556,6.948959E-05,3.834,0
0.2565,-0.0001205158,3.8475,0,0.2565,1.040665E-05,3.8475,0
0.2574,-4.800488E-05,3.861,0,0.2574,-2.920577E-05,3.861,0
0.2583,0.0001262226,3.8745,0,0.2583,-7.687495E-05,3.8745,0
0.2592,9.903105E-05,3.888,0,0.2592,1.376364E-05,3.888,0
0.2601,5.740444E-05,3.9015,0,0.2601,-1.644922E-05,3.9015,0
0.261,0.0001134661,3.915,0,0.261,-7.888914E-05,3.915,0
0.2619,0.0001567712,3.9285,0,0.2619,-7.083238E-05,3.9285,0
0.2628,-6.076142E-05,3.942,0,0.2628,3.692683E-05,3.942,0
0.2637,-1.913481E-05,3.9555,0,0.2637,-1.208515E-05,3.9555,0
0.2646,0.0001802701,3.969,0,0.2646,-8.82887E-05,3.969,0
0.2655,-3.155566E-05,3.9825,0,0.2655,5.874724E-05,3.9825,0
0.2664,-2.987716E-05,3.996,0,0.2664,6.143282E-05,3.996,0
0.2673,0.0001017166,4.0095,0,0.2673,-5.404745E-05,4.0095,0
0.2682,7.486076E-05,4.023,0,0.2682,-1.443504E-05,4.023,0
0.2691,-6.881819E-05,4.0365,0,0.2691,4.095522E-05,4.0365,0
0.27,-5.035477E-06,4.05,0,0.27,-3.021286E-06,4.05,0
0.2709,1.846342E-05,4.0635,0,0.2709,-1.443504E-05,4.0635,0
0.2718,-2.28275E-05,4.077,0,0.2718,-7.821774E-05,4.077,0
0.2727,-3.457694E-05,4.0905,0,0.2727,2.786297E-05,4.0905,0
0.2736,-6.210422E-05,4.104,0,0.2736,3.759823E-05,4.104,0
0.2745,-7.351797E-05,4.1175,0,0.2745,-3.927672E-05,4.1175,0
0.2754,4.196231E-05,4.131,0,0.2754,-4.599069E-05,4.131,0
0.2763,-7.284657E-05,4.1445,0,0.2763,7.318227E-05,4.1445,0
0.2772,-7.318227E-05,4.158,0,0.2772,1.913481E-05,4.158,0
0.2781,0.0001164874,4.1715,0,0.2781,-9.399557E-05,4.1715,0
0.279,-3.793393E-05,4.185,0,0.279,4.800488E-05,4.185,0
0.2799,-0.0001668421,4.1985,0,0.2799,4.129091E-05,4.1985,0
0.2808,1.342794E-05,4.212,0,0.2808,-8.661021E-05,4.212,0
0.2817,-0.0001245441,4.2255,0,0.2817,2.18204E-05,4.2255,0
0.2826,-0.0001507286,4.239,0,0.2826,6.378271E-05,4.239,0
0.2835,-0.0001205158,4.2525,0,0.2835,-3.390555E-05,4.2525,0
0.2844,-3.457694E-05,4.266,0,0.2844,-2.786297E-05,4.266,0
0.2853,5.438316E-05,4.2795,0,0.2853,-9.097429E-05,4.2795,0
0.2862,4.666209E-05,4.293,0,0.2862,2.047761E-05,4.293,0
0.2871,-2.047761E-05,4.3065,0,0.2871,-7.721065E-06,4.3065,0
0.288,-9.735256E-06,4.32,0,0.288,-6.948959E-05,4.32,0
0.2889,-3.021286E-06,4.3335,0,0.2889,-8.090334E-05,4.3335,0
0.2898,-6.6804E-05,4.347,0,0.2898,2.719158E-05,4.347,0
0.2907,1.208515E-05,4.3605,0,0.2907,-2.383459E-05,4.3605,0
0.2916,5.941863E-05,4.374,0,0.2916,-0.0001272297,4.374,0
0.2925,-1.376364E-05,4.3875,0,0.2925,1.007095E-06,4.3875,0
0.2934,0.0001896696,4.401,0,0.2934,-7.721065E-06,4.401,0
0.2943,0.0001658351,4.4145,0,0.2943,-0.0001107805,4.4145,0
0.2952,-6.076142E-05,4.428,0,0.2952,-4.834058E-05,4.428,0
0.2961,-2.383459E-05,4.4415,0,0.2961,9.735256E-06,4.4415,0
0.297,-1.577783E-05,4.455,0,0.297,-6.713969E-07,4.455,0
0.2979,-6.478981E-05,4.4685,0,0.2979,9.063859E-06,4.4685,0
0.2988,4.162661E-05,4.482,0,0.2988,-7.586786E-05,4.482,0
0.2997,7.754635E-05,4.4955,0,0.2997,1.980621E-05,4.4955,0
0.3006,-0.0001208515,4.509,0,0.3006,4.028382E-06,4.509,0
0.3015,-5.069047E-05,4.5225,0,0.3015,-5.572595E-05,4.5225,0
0.3024,4.934768E-05,4.536,0,0.3024,-9.365987E-05,4.536,0
0.3033,-5.438316E-05,4.5495,0,0.3033,1.779202E-05,4.5495,0
0.3042,-2.618448E-05,4.563,0,0.3042,-3.256275E-05,4.563,0
0.3051,0.0001822843,4.5765,0,0.3051,-0.0001238727,4.5765,0
0.306,2.21561E-05,4.59,0,0.306,2.786297E-05,4.59,0
0.3069,6.009003E-05,4.6035,0,0.3069,3.289845E-05,4.6035,0
0.3078,0.0001950408,4.617,0,0.3078,-8.258183E-05,4.617,0
0.3087,0.0001151446,4.6305,0,0.3087,-4.867628E-05,4.6305,0
0.3096,-7.486076E-05,4.644,0,0.3096,6.042573E-06,4.644,0
0.3105,-3.356985E-07,4.6575,0,0.3105,-2.786297E-05,4.6575,0
0.3114,1.107805E-05,4.671,0,0.3114,-3.625543E-05,4.671,0
0.3123,3.155566E-05,4.6845,0,0.3123,-9.500267E-05,4.6845,0
0.3132,0.0001097734,4.698,0,0.3132,2.652018E-05,4.698,0
0.3141,-0.0002417029,4.7115,0,0.3141,9.735256E-06,4.7115,0
0.315,-0.0002118257,4.725,0,0.315,-5.639734E-05,4.725,0
0.3159,-2.920577E-05,4.7385,0,0.3159,-2.786297E-05,4.7385,0
0.3168,-0.0001413291,4.752,0,0.3168,6.881819E-05,4.752,0
0.3177,-8.023193E-05,4.7655,0,0.3177,1.174945E-05,4.7655,0
0.3186,1.644922E-05,4.779,0,0.3186,-9.768826E-05,4.779,0
0.3195,-3.961242E-05,4.7925,0,0.3195,3.054856E-05,4.7925,0
0.3204,6.076142E-05,4.806,0,0.3204,2.920577E-05,4.806,0
0.3213,0.0001809415,4.8195,0,0.3213,-8.761731E-05,4.8195,0
0.3222,0.0001856413,4.833,0,0.3222,-2.517739E-05,4.833,0
0.3231,-3.390555E-05,4.8465,0,0.3231,3.189136E-05,4.8465,0
0.324,-6.57969E-05,4.86,0,0.324,-2.1149E-05,4.86,0
0.3249,4.733349E-05,4.8735,0,0.3249,-4.33051E-05,4.8735,0
0.3258,0.0001000381,4.887,0,0.3258,-0.0001064164,4.887,0
0.3267,-4.061952E-05,4.9005,0,0.3267,1.779202E-05,4.9005,0
0.3276,-0.0002306248,4.914,0,0.3276,1.174945E-05,4.914,0
0.3285,-0.0001420005,4.9275,0,0.3285,-6.64683E-05,4.9275,0
0.3294,9.735256E-06,4.941,0,0.3294,-5.807584E-05,4.941,0
0.3303,-9.567407E-05,4.9545,0,0.3303,5.740444E-05,4.9545,0
0.3312,1.376364E-05,4.968,0,0.3312,-1.141375E-05,4.968,0
0.3321,8.761731E-05,4.9815,0,0.3321,-0.0001060807,4.9815,0
0.333,-5.941863E-05,4.995,0,0.333,1.712062E-05,4.995,0
0.3339,4.53193E-05,5.0085,0,0.3339,2.853437E-05,5.0085,0
0.3348,4.867628E-05,5.022,0,0.3348,-9.802396E-05,5.022,0
0.3357,-4.867628E-05,5.0355,0,0.3357,-2.014191E-06,5.0355,0
0.3366,-0.0001198444,5.049,0,0.3366,5.874724E-05,5.049,0
0.3375,-2.28275E-05,5.0625,0,0.3375,2.652018E-05,5.0625,0
0.3384,-5.807584E-05,5.076,0,0.3384,1.477073E-05,5.076,0
0.3393,4.800488E-05,5.0895,0,0.3393,-5.136187E-05,5.0895,0
0.3402,7.620356E-05,5.103,0,0.3402,5.001907E-05,5.103,0
0.3411,-7.754635E-05,5.1165,0,0.3411,1.477073E-05,5.1165,0
0.342,-4.39765E-05,5.13,0,0.342,-5.136187E-05,5.13,0
0.3429,0.0001349508,5.1435,0,0.3429,-5.706874E-05,5.1435,0
0.3438,-2.18204E-05,5.157,0,0.3438,5.270466E-05,5.157,0
0.3447,-9.500267E-05,5.1705,0,0.3447,1.980621E-05,5.1705,0
0.3456,0.0001003738,5.184,0,0.3456,-8.627451E-05,5.184,0
0.3465,3.860533E-05,5.1975,0,0.3465,4.666209E-05,5.1975,0
0.3474,5.035477E-05,5.211,0,0.3474,3.189136E-05,5.211,0
0.3483,0.0001913481,5.2245,0,0.3483,-7.888914E-05,5.2245,0
0.3492,0.0001154803,5.238,0,0.3492,1.577783E-05,5.238,0
0.3501,-5.236896E-05,5.2515,0,0.3501,5.874724E-05,5.2515,0
0.351,2.920577E-05,5.265,0,0.351,-6.378271E-06,5.265,0
0.3519,3.793393E-05,5.2785,0,0.3519,-6.713969E-06,5.2785,0
0.3528,3.692683E-06,5.292,0,0.3528,-6.814679E-05,5.292,0
0.3537,-2.618448E-05,5.3055,0,0.3537,2.517739E-05,5.3055,0
0.3546,-0.0001000381,5.319,0,0.3546,-2.719158E-05,5.319,0
0.3555,1.309224E-05,5.3325,0,0.3555,-0.0001104448,5.3325,0
0.3564,-5.035477E-06,5.346,0,0.3564,-7.687495E-05,5.346,0
0.3573,-8.82887E-05,5.3595,0,0.3573,2.450599E-05,5.3595,0
0.3582,-9.735256E-05,5.373,0,0.3582,1.174945E-05,5.373,0
0.3591,6.948959E-05,5.3865,0,0.3591,-9.903105E-05,5.3865,0
0.36,2.685588E-06,5.4,0,0.36,3.390555E-05,5.4,0
0.3609,-0.000144686,5.4135,0,0.3609,3.021286E-05,5.4135,0
0.3618,-0.0001628138,5.427,0,0.3618,-9.835965E-05,5.427,0
0.3627,-7.687495E-05,5.4405,0,0.3627,-2.1149E-05,5.4405,0
0.3636,-0.000158114,5.454,0,0.3636,2.383459E-05,5.454,0
0.3645,-0.0001785916,5.4675,0,0.3645,-1.141375E-05,5.4675,0
0.3654,-7.351797E-05,5.481,0,0.3654,-1.342794E-05,5.481,0
0.3663,8.89601E-05,5.4945,0,0.3663,-5.807584E-05,5.4945,0
0.3672,1.242084E-05,5.508,0,0.3672,3.457694E-05,5.508,0
0.3681,-9.835965E-05,5.5215,0,0.3681,2.584878E-05,5.5215,0
0.369,2.719158E-05,5.535,0,0.369,-5.136187E-05,5.535,0
0.3699,7.351797E-05,5.5485,0,0.3699,-3.793393E-05,5.5485,0
0.3708,-0.0001121233,5.562,0,0.3708,6.042573E-05,5.562,0
0.3717,-4.53193E-05,5.5755,0,0.3717,-1.409934E-05,5.5755,0
0.3726,0.0001299153,5.589,0,0.3726,-0.0001104448,5.589,0
0.3735,-5.639734E-05,5.6025,0,0.3735,3.491264E-05,5.6025,0
0.3744,9.768826E-05,5.616,0,0.3744,5.706874E-06,5.616,0
0.3753,0.0001450217,5.6295,0,0.3753,-0.0001154803,5.6295,0
0.3762,-5.001907E-05,5.643,0,0.3762,-3.927672E-05,5.643,0
0.3771,-0.0001218585,5.6565,0,0.3771,2.786297E-05,5.6565,0
0.378,1.309224E-05,5.67,0,0.378,-8.728161E-06,5.67,0
0.3789,-2.047761E-05,5.6835,0,0.3789,-1.376364E-05,5.6835,0
0.3798,-3.021286E-06,5.697,0,0.3798,-7.418937E-05,5.697,0
0.3807,7.486076E-05,5.7105,0,0.3807,4.229801E-05,5.7105,0
0.3816,0.0001215228,5.724,0,0.3816,2.786297E-05,5.724,0
0.3825,4.599069E-05,5.7375,0,0.3825,-6.176852E-05,5.7375,0
0.3834,0.0001258869,5.751,0,0.3834,-7.217517E-05,5.751,0
0.3843,-3.692683E-05,5.7645,0,0.3843,4.129091E-05,5.7645,0
0.3852,-4.229801E-05,5.778,0,0.3852,1.846342E-05,5.778,0
0.3861,0.0001900053,5.7915,0,0.3861,-9.600977E-05,5.7915,0
0.387,-8.392462E-06,5.805,0,0.387,5.035477E-05,5.805,0
0.3879,-0.000161471,5.8185,0,0.3879,6.210422E-05,5.8185,0
0.3888,-7.486076E-05,5.832,0,0.3888,-5.975433E-05,5.832,0
0.3897,0.0001295796,5.8455,0,0.3897,-1.174945E-05,5.8455,0
0.3906,-4.867628E-05,5.859,0,0.3906,2.987716E-05,5.859,0
0.3915,-0.0001094377,5.8725,0,0.3915,-2.752728E-05,5.8725,0
0.3924,-2.18204E-05,5.886,0,0.3924,-3.491264E-05,5.886,0
0.3933,4.599069E-05,5.8995,0,0.3933,-9.164568E-05,5.8995,0
0.3942,-3.021286E-06,5.913,0,0.3942,3.155566E-05,5.913,0
0.3951,9.063859E-06,5.9265,0,0.3951,1.678492E-06,5.9265,0
0.396,-4.36408E-06,5.94,0,0.396,-5.606165E-05,5.94,0
0.3969,2.517739E-05,5.9535,0,0.3969,-4.766919E-05,5.9535,0
0.3978,-1.376364E-05,5.967,0,0.3978,4.263371E-05,5.967,0
0.3987,-2.417029E-05,5.9805,0,0.3987,-7.721065E-06,5.9805,0
0.3996,2.853437E-05,5.994,0,0.3996,-0.0001185016,5.994,0
0.4005,-6.076142E-05,6.0075,0,0.4005,2.081331E-05,6.0075,0
0.4014,-9.936675E-05,6.021,0,0.4014,1.242084E-05,6.021,0
0.4023,-0.0001131304,6.0345,0,0.4023,-8.82887E-05,6.0345,0
0.4032,0.000105745,6.048,0,0.4032,-5.438316E-05,6.048,0
0.4041,2.987716E-05,6.0615,0,0.4041,1.409934E-05,6.0615,0
0.405,-6.210422E-05,6.075,0,0.405,-2.517739E-05,6.075,0
0.4059,-2.752728E-05,6.0885,0,0.4059,-2.786297E-05,6.0885,0
0.4068,9.701686E-05,6.102,0,0.4068,-0.0001040665,6.102,0
0.4077,1.712062E-05,6.1155,0,0.4077,-5.035477E-06,6.1155,0
0.4086,-0.000115816,6.129,0,0.4086,-4.36408E-06,6.129,0
0.4095,2.014191E-06,6.1425,0,0.4095,-7.351797E-05,6.1425,0
0.4104,4.699779E-05,6.156,0,0.4104,-8.291753E-05,6.156,0
0.4113,-8.82887E-05,6.1695,0,0.4113,5.203327E-05,6.1695,0
0.4122,-3.591974E-05,6.183,0,0.4122,-5.706874E-06,6.183,0
0.4131,0.0002111543,6.1965,0,0.4131,-0.0001211871,6.1965,0
0.414,-3.692683E-05,6.21,0,0.414,4.129091E-05,6.21,0
0.4149,-0.0001094377,6.2235,0,0.4149,-3.021286E-06,6.2235,0
0.4158,5.539025E-05,6.237,0,0.4158,-8.627451E-05,6.237,0
0.4167,-0.0001168231,6.2505,0,0.4167,7.049668E-06,6.2505,0
0.4176,-0.0002366674,6.264,0,0.4176,6.71397E-05,6.264,0
0.4185,-0.0001003738,6.2775,0,0.4185,1.007095E-06,6.2775,0
0.4194,-7.754635E-05,6.291,0,0.4194,-2.987716E-05,6.291,0
0.4203,1.242084E-05,6.3045,0,0.4203,-6.78111E-05,6.3045,0
0.4212,0.0001604639,6.318,0,0.4212,5.069047E-05,6.318,0
0.4221,8.258183E-05,6.3315,0,0.4221,1.947051E-05,6.3315,0
0.423,6.009003E-05,6.345,0,0.423,-4.061952E-05,6.345,0
0.4239,0.0001299153,6.3585,0,0.4239,-3.491264E-05,6.3585,0
0.4248,3.625543E-05,6.372,0,0.4248,3.860533E-05,6.372,0
0.4257,2.24918E-05,6.3855,0,0.4257,1.712062E-05,6.3855,0
0.4266,0.0001010452,6.399,0,0.4266,-9.835965E-05,6.399,0
0.4275,1.107805E-05,6.4125,0,0.4275,4.028382E-05,6.4125,0
0.4284,-0.000126894,6.426,0,0.4284,5.169757E-05,6.426,0
0.4293,-6.814679E-05,6.4395,0,0.4293,-7.922484E-05,6.4395,0
0.4302,9.970245E-05,6.453,0,0.4302,2.517739E-05,6.453,0
0.4311,-0.000140322,6.4665,0,0.4311,6.311131E-05,6.4665,0
0.432,-9.030289E-05,6.48,0,0.432,7.721065E-06,6.48,0
0.4329,6.411841E-05,6.4935,0,0.4329,-1.141375E-05,6.4935,0
0.4338,3.860533E-05,6.507,0,0.4338,-7.721065E-05,6.507,0
0.4347,2.417029E-05,6.5205,0,0.4347,3.121996E-05,6.5205,0
0.4356,0.0001245441,6.534,0,0.4356,2.853437E-05,6.534,0
0.4365,0.0001433432,6.5475,0,0.4365,-4.46479E-05,6.5475,0
0.4374,7.016098E-05,6.561,0,0.4374,-7.553216E-05,6.561,0
0.4383,-3.961242E-05,6.5745,0,0.4383,3.491264E-05,6.5745,0
0.4392,6.076142E-05,6.588,0,0.4392,-1.712062E-05,6.588,0
0.4401,9.768826E-05,6.6015,0,0.4401,-0.0001275654,6.6015,0
0.441,-2.584878E-05,6.615,0,0.441,1.947051E-05,6.615,0
0.4419,-2.786297E-05,6.6285,0,0.4419,3.054856E-05,6.6285,0
0.4428,1.644922E-05,6.642,0,0.4428,-0.0001077592,6.642,0
0.4437,-0.0001634852,6.6555,0,0.4437,-2.450599E-05,6.6555,0
0.4446,-0.0001816129,6.669,0,0.4446,2.24918E-05,6.669,0
0.4455,-0.0001279011,6.6825,0,0.4455,-2.484169E-05,6.6825,0
0.4464,-8.426032E-05,6.696,0,0.4464,-4.599069E-05,6.696,0
0.4473,5.035477E-06,6.7095,0,0.4473,-0.000115816,6.7095,0
0.4482,0.0001164874,6.723,0,0.4482,-1.745632E-05,6.723,0
0.4491,-0.0001000381,6.7365,0,0.4491,-2.853437E-05,6.7365,0
0.45,-7.586786E-05,6.75,0,0.45,-5.572595E-05,6.75,0
0.4509,7.385367E-05,6.7635,0,0.4509,-8.526741E-05,6.7635,0
0.4518,-7.721065E-05,6.777,0,0.4518,2.819867E-05,6.777,0
0.4527,-7.385367E-05,6.7905,0,0.4527,-1.174945E-05,6.7905,0
0.4536,8.72816E-05,6.804,0,0.4536,-9.567407E-05,6.804,0
0.4545,-5.774014E-05,6.8175,0,0.4545,2.853437E-05,6.8175,0
0.4554,6.109713E-05,6.831,0,0.4554,1.879912E-05,6.831,0
0.4563,0.0001913481,6.8445,0,0.4563,-8.358892E-05,6.8445,0
0.4572,-0.0001426719,6.858,0,0.4572,-3.323415E-05,6.858,0
0.4581,-0.0001500572,6.8715,0,0.4581,2.652018E-05,6.8715,0
0.459,-3.994812E-05,6.885,0,0.459,-1.107805E-05,6.885,0
0.4599,3.323415E-05,6.8985,0,0.4599,-1.846342E-05,6.8985,0
0.4608,3.793393E-05,6.912,0,0.4608,-8.996719E-05,6.912,0
0.4617,4.229801E-05,6.9255,0,0.4617,1.309224E-05,6.9255,0
0.4626,0.0001168231,6.939,0,0.4626,-3.356985E-05,6.939,0
0.4635,7.083238E-05,6.9525,0,0.4635,-8.090334E-05,6.9525,0
0.4644,0.0001107805,6.966,0,0.4644,-6.6804E-05,6.966,0
0.4653,3.054856E-05,6.9795,0,0.4653,5.841154E-05,6.9795,0
0.4662,-6.814679E-05,6.993,0,0.4662,4.36408E-06,6.993,0
0.4671,0.0001232013,7.0065,0,0.4671,-0.0001080949,7.0065,0
0.468,0.000112459,7.02,0,0.468,4.46479E-05,7.02,0
0.4689,-0.0001460288,7.0335,0,0.4689,4.49836E-05,7.0335,0
0.4698,-0.0001346151,7.047,0,0.4698,-9.970245E-05,7.047,0
0.4707,-5.807584E-05,7.0605,0,0.4707,-1.342794E-06,7.0605,0
0.4716,-0.000186984,7.074,0,0.4716,7.284657E-05,7.074,0
0.4725,-0.000133608,7.0875,0,0.4725,4.36408E-06,7.0875,0
0.4734,-7.083238E-05,7.101,0,0.4734,7.721065E-06,7.101,0
0.4743,6.54612E-05,7.1145,0,0.4743,-4.53193E-05,7.1145,0
0.4752,-2.014191E-06,7.128,0,0.4752,3.524834E-05,7.128,0
0.4761,6.143282E-05,7.1415,0,0.4761,3.054856E-05,7.1415,0
0.477,0.0001628138,7.155,0,0.477,-3.289845E-05,7.155,0
0.4779,8.157473E-05,7.1685,0,0.4779,-3.726253E-05,7.1685,0
0.4788,-5.673304E-05,7.182,0,0.4788,3.356985E-05,7.182,0
0.4797,7.721065E-06,7.1955,0,0.4797,-6.713969E-07,7.1955,0
0.4806,0.0001151446,7.209,0,0.4806,-9.500267E-05,7.209,0
0.4815,-7.418937E-05,7.2225,0,0.4815,2.584878E-05,7.2225,0
0.4824,-0.0001379721,7.236,0,0.4824,-3.356985E-06,7.236,0
0.4833,-8.493171E-05,7.2495,0,0.4833,-0.0001292439,7.2495,0
0.4842,0.0001050736,7.263,0,0.4842,-7.351797E-05,7.263,0
0.4851,-7.486076E-05,7.2765,0,0.4851,-1.174945E-05,7.2765,0
0.486,5.606165E-05,7.29,0,0.486,-2.28275E-05,7.29,0
0.4869,-7.049668E-06,7.3035,0,0.4869,-3.189136E-05,7.3035,0
0.4878,3.256275E-05,7.317,0,0.4878,-7.284657E-05,7.317,0
0.4887,4.095522E-05,7.3305,0,0.4887,4.028382E-05,7.3305,0
0.4896,-9.063859E-05,7.344,0,0.4896,2.853437E-05,7.344,0
0.4905,-7.183947E-05,7.3575,0,0.4905,-2.18204E-05,7.3575,0
0.4914,3.994812E-05,7.371,0,0.4914,-3.558404E-05,7.371,0
0.4923,-0.0001117876,7.3845,0,0.4923,5.471885E-05,7.3845,0
0.4932,-9.298848E-05,7.398,0,0.4932,1.644922E-05,7.398,0
0.4941,0.0001735561,7.4115,0,0.4941,-9.970245E-05,7.4115,0
0.495,-6.478981E-05,7.425,0,0.495,6.411841E-05,7.425,0
0.4959,-0.0001279011,7.4385,0,0.4959,8.795301E-05,7.4385,0
0.4968,1.879912E-05,7.452,0,0.4968,-3.961242E-05,7.452,0
0.4977,7.083238E-05,7.4655,0,0.4977,-1.712062E-05,7.4655,0
0.4986,-9.869535E-05,7.479,0,0.4986,3.524834E-05,7.479,0
0.4995,-0.0001198444,7.4925,0,0.4995,-1.107805E-05,7.4925,0
0.5004,-5.941863E-05,7.506,0,0.5004,-4.53193E-05,7.506,0
0.5013,-1.107805E-05,7.5195,0,0.5013,-0.0001054093,7.5195,0
0.5022,-1.040665E-05,7.533,0,0.5022,1.947051E-05,7.533,0
0.5031,-0.0001399863,7.5465,0,0.5031,-3.021286E-06,7.5465,0
0.504,-0.0001701991,7.56,0,0.504,-7.754635E-05,7.56,0
0.5049,-3.356985E-07,7.5735,0,0.5049,-5.203327E-05,7.5735,0
0.5058,-8.728161E-06,7.587,0,0.5058,3.491264E-05,7.587,0
0.5067,-4.800488E-05,7.6005,0,0.5067,9.735256E-06,7.6005,0
0.5076,7.687495E-05,7.614,0,0.5076,-8.258183E-05,7.614,0
0.5085,3.256275E-05,7.6275,0,0.5085,4.263371E-05,7.6275,0
0.5094,0.0001628138,7.641,0,0.5094,4.061952E-05,7.641,0
0.5103,0.0001433432,7.6545,0,0.5103,-6.51255E-05,7.6545,0
0.5112,0.0001154803,7.668,0,0.5112,-1.309224E-05,7.668,0
0.5121,5.673304E-05,7.6815,0,0.5121,4.800488E-05,7.6815,0
0.513,-4.867628E-05,7.695,0,0.513,-2.383459E-05,7.695,0
0.5139,-1.107805E-05,7.7085,0,0.5139,-1.712062E-05,7.7085,0
0.5148,0.0001285725,7.722,0,0.5148,-7.418937E-05,7.722,0
0.5157,4.263371E-05,7.7355,0,0.5157,2.719158E-05,7.7355,0
0.5166,-0.0002104829,7.749,0,0.5166,-2.349889E-06,7.749,0
0.5175,-0.000115816,7.7625,0,0.5175,-5.539025E-05,7.7625,0
0.5184,-1.174945E-05,7.776,0,0.5184,-5.404745E-05,7.776,0
0.5193,-0.000126894,7.7895,0,0.5193,4.196231E-05,7.7895,0
0.5202,-7.016098E-05,7.803,0,0.5202,-5.706874E-06,7.803,0
0.5211,0.0001701991,7.8165,0,0.5211,-0.0001127947,7.8165,0
0.522,-5.304036E-05,7.83,0,0.522,5.740444E-05,7.83,0
0.5229,5.035477E-06,7.8435,0,0.5229,1.678492E-05,7.8435,0
0.5238,0.000119173,7.857,0,0.5238,-0.0001067521,7.857,0
0.5247,3.726253E-05,7.8705,0,0.5247,-1.644922E-05,7.8705,0
0.5256,-9.567407E-05,7.884,0,0.5256,5.539025E-05,7.884,0
0.5265,-1.510643E-05,7.8975,0,0.5265,1.007095E-06,7.8975,0
0.5274,-1.174945E-05,7.911,0,0.5274,-1.846342E-05,7.911,0
0.5283,5.606165E-05,7.9245,0,0.5283,-7.553216E-05,7.9245,0
0.5292,0.0001668421,7.938,0,0.5292,1.745632E-05,7.938,0
0.5301,-8.86244E-05,7.9515,0,0.5301,-2.685588E-06,7.9515,0
0.531,-6.6804E-05,7.965,0,0.531,-7.318227E-05,7.965,0
0.5319,7.687495E-05,7.9785,0,0.5319,-6.210422E-05,7.9785,0
0.5328,5.706874E-06,7.992,0,0.5328,3.927672E-05,7.992,0
0.5337,-3.121996E-05,8.0055,0,0.5337,9.063859E-06,8.0055,0
0.5346,9.970245E-05,8.019,0,0.5346,-0.0001097734,8.019,0
0.5355,1.678492E-06,8.0325,0,0.5355,3.054856E-05,8.0325,0
0.5364,7.183947E-05,8.046,0,0.5364,4.129091E-05,8.046,0
0.5373,0.0001769131,8.0595,0,0.5373,-6.948959E-05,8.0595,0
0.5382,0.0001742275,8.073,0,0.5382,-1.074235E-05,8.073,0
0.5391,-9.198138E-05,8.0865,0,0.5391,3.155566E-05,8.0865,0
0.54,-4.968337E-05,8.1,0,0.54,-8.392462E-06,8.1,0
0.5409,9.600977E-05,8.1135,0,0.5409,-5.706874E-06,8.1135,0
0.5418,3.793393E-05,8.127,0,0.5418,-8.493171E-05,8.127,0
0.5427,-8.056763E-06,8.1405,0,0.5427,4.129091E-05,8.1405,0
0.5436,-0.0001483787,8.154,0,0.5436,4.263371E-05,8.154,0
0.5445,-0.0001117876,8.1675,0,0.5445,-3.793393E-05,8.1675,0
0.5454,-8.123904E-05,8.181,0,0.5454,-3.961242E-05,8.181,0
0.5463,-0.0001534142,8.1945,0,0.5463,5.169757E-05,8.1945,0
0.5472,-7.821774E-05,8.208,0,0.5472,-2.517739E-05,8.208,0
0.5481,-8.392462E-06,8.2215,0,0.5481,-0.0001282368,8.2215,0
0.549,-9.332418E-05,8.235,0,0.549,1.309224E-05,8.235,0
0.5499,9.768826E-05,8.2485,0,0.5499,4.36408E-05,8.2485,0
0.5508,7.553216E-05,8.262,0,0.5508,-9.433127E-05,8.262,0
0.5517,-0.0001077592,8.2755,0,0.5517,-4.43122E-05,8.2755,0
0.5526,-0.0001426719,8.289,0,0.5526,4.129091E-05,8.289,0
0.5535,-0.0001050736,8.3025,0,0.5535,-2.383459E-05,8.3025,0
0.5544,-6.78111E-05,8.316,0,0.5544,-3.625543E-05,8.316,0
0.5553,3.927672E-05,8.3295,0,0.5553,-8.560311E-05,8.3295,0
0.5562,0.0001070878,8.343,0,0.5562,1.309224E-05,8.343,0
0.5571,2.081331E-05,8.3565,0,0.5571,-4.36408E-06,8.3565,0
0.558,6.076142E-05,8.37,0,0.558,-7.016098E-05,8.37,0
0.5589,0.0001715419,8.3835,0,0.5589,-6.243992E-05,8.3835,0
0.5598,-3.289845E-05,8.397,0,0.5598,4.46479E-05,8.397,0
0.5607,-2.920577E-05,8.4105,0,0.5607,6.378271E-06,8.4105,0
0.5616,0.0001366293,8.424,0,0.5616,-8.291753E-05,8.424,0
0.5625,-3.088426E-05,8.4375,0,0.5625,4.666209E-05,8.4375,0
0.5634,-0.0001164874,8.451,0,0.5634,6.277562E-05,8.451,0
0.5643,-3.692683E-06,8.4645,0,0.5643,-6.54612E-05,8.4645,0
0.5652,8.291753E-05,8.478,0,0.5652,1.712062E-05,8.478,0
0.5661,-5.874724E-05,8.4915,0,0.5661,5.505455E-05,8.4915,0
0.567,-4.867628E-05,8.505,0,0.567,-5.706874E-06,8.505,0
0.5679,4.867628E-05,8.5185,0,0.5679,-1.040665E-05,8.5185,0
0.5688,3.457694E-05,8.532,0,0.5688,-9.936675E-05,8.532,0
0.5697,-1.242084E-05,8.5455,0,0.5697,2.584878E-05,8.5455,0
0.5706,-0.0002252537,8.559,0,0.5706,-2.450599E-05,8.559,0
0.5715,-0.0001275654,8.5725,0,0.5715,-7.754635E-05,8.5725,0
0.5724,2.652018E-05,8.586,0,0.5724,-7.586786E-05,8.586,0
0.5733,-0.000105745,8.5995,0,0.5733,2.618448E-05,8.5995,0
0.5742,-0.0001748989,8.613,0,0.5742,-2.987716E-05,8.613,0
0.5751,3.591974E-05,8.6265,0,0.5751,-0.0001359579,8.6265,0
0.576,1.678492E-05,8.64,0,0.576,3.692683E-06,8.64,0
0.5769,-7.284657E-05,8.6535,0,0.5769,1.980621E-05,8.6535,0
0.5778,4.229801E-05,8.667,0,0.5778,-0.0001104448,8.667,0
0.5787,0.0002735943,8.6805,0,0.5787,-7.687495E-05,8.6805,0
0.5796,-1.812772E-05,8.694,0,0.5796,-1.174945E-05,8.694,0
0.5805,-6.64683E-05,8.7075,0,0.5805,-6.143282E-05,8.7075,0
0.5814,4.867628E-05,8.721,0,0.5814,-5.203327E-05,8.721,0
0.5823,8.82887E-05,8.7345,0,0.5823,-0.0001131304,8.7345,0
0.5832,-5.069047E-05,8.748,0,0.5832,-2.551309E-05,8.748,0
0.5841,-8.023193E-05,8.7615,0,0.5841,-3.793393E-05,8.7615,0
0.585,3.189136E-05,8.775,0,0.585,-0.0001121233,8.775,0
0.5859,3.054856E-05,8.7885,0,0.5859,-8.291753E-05,8.7885,0
0.5868,-3.692683E-05,8.802,0,0.5868,1.913481E-05,8.802,0
0.5877,-2.584878E-05,8.8155,0,0.5877,-1.644922E-05,8.8155,0
0.5886,9.500267E-05,8.829,0,0.5886,-9.701686E-05,8.829,0
0.5895,-3.356985E-06,8.8425,0,0.5895,4.867628E-05,8.8425,0
0.5904,-0.000102388,8.856,0,0.5904,5.069047E-05,8.856,0
0.5913,-3.491264E-05,8.8695,0,0.5913,-5.539025E-05,8.8695,0
0.5922,8.560311E-05,8.883,0,0.5922,9.735256E-06,8.883,0
0.5931,-7.653925E-05,8.8965,0,0.5931,5.941863E-05,8.8965,0
0.594,-3.256275E-05,8.91,0,0.594,1.342794E-05,8.91,0
0.5949,-1.812772E-05,8.9235,0,0.5949,-7.385367E-06,8.9235,0
0.5958,7.687495E-05,8.937,0,0.5958,-5.136187E-05,8.937,0
0.5967,4.263371E-05,8.9505,0,0.5967,5.203327E-05,8.9505,0
0.5976,-6.814679E-05,8.964,0,0.5976,5.270466E-05,8.964,0
0.5985,5.539025E-05,8.9775,0,0.5985,-3.390555E-05,8.9775,0
0.5994,8.291753E-05,8.991,0,0.5994,-5.673304E-05,8.991,0
0.6003,-8.795301E-05,9.0045,0,0.6003,5.203327E-05,9.0045,0
0.6012,-5.539025E-05,9.018,0,0.6012,-8.392462E-06,9.018,0
0.6021,9.533837E-05,9.0315,0,0.6021,-0.0001312581,9.0315,0
0.603,1.644922E-05,9.045,0,0.603,2.517739E-05,9.045,0
0.6039,-0.0001698634,9.0585,0,0.6039,2.1149E-05,9.0585,0
0.6048,-9.130999E-05,9.072001,0,0.6048,-0.0001185016,9.072001,0
0.6057,-2.047761E-05,9.0855,0,0.6057,-6.78111E-05,9.0855,0
0.6066,-0.0001493858,9.099,0,0.6066,7.721065E-06,9.099,0
0.6075,-1.242084E-05,9.1125,0,0.6075,-2.819867E-05,9.1125,0
0.6084,-7.049668E-06,9.126,0,0.6084,-2.24918E-05,9.126,0
0.6093,-7.049668E-06,9.1395,0,0.6093,-5.169757E-05,9.1395,0
0.6102,8.291753E-05,9.153,0,0.6102,5.337606E-05,9.153,0
0.6111,0.0001379721,9.1665,0,0.6111,3.289845E-05,9.1665,0
0.612,1.242084E-05,9.18,0,0.612,-2.24918E-05,9.18,0
0.6129,0.0001094377,9.1935,0,0.6129,-1.913481E-05,9.1935,0
0.6138,-5.706874E-06,9.207,0,0.6138,7.251087E-05,9.207,0
0.6147,-1.678492E-06,9.2205,0,0.6147,1.376364E-05,9.2205,0
0.6156,0.000136965,9.234,0,0.6156,-7.620356E-05,9.234,0
0.6165,4.53193E-05,9.2475,0,0.6165,4.53193E-05,9.2475,0
0.6174,-0.0001114519,9.261,0,0.6174,4.33051E-05,9.261,0
0.6183,-0.0001450217,9.2745,0,0.6183,-8.627451E-05,9.2745,0
0.6192,-5.203327E-05,9.288,0,0.6192,-4.196231E-05,9.288,0
0.6201,-0.000123537,9.3015,0,0.6201,1.980621E-05,9.3015,0
0.621,-0.0001671778,9.315,0,0.621,-3.726253E-05,9.315,0
0.6219,-6.57969E-05,9.3285,0,0.6219,-6.109713E-05,9.3285,0
0.6228,8.157473E-05,9.342,0,0.6228,-9.164568E-05,9.342,0
0.6237,5.001907E-05,9.3555,0,0.6237,3.793393E-05,9.3555,0
0.6246,9.231708E-05,9.369,0,0.6246,4.934768E-05,9.369,0
0.6255,8.96315E-05,9.3825,0,0.6255,-3.793393E-05,9.3825,0
0.6264,0.0001178302,9.396,0,0.6264,-4.901198E-05,9.396,0
0.6273,-2.584878E-05,9.4095,0,0.6273,6.009003E-05,9.4095,0
0.6282,1.107805E-05,9.423,0,0.6282,1.174945E-05,9.423,0
0.6291,0.0001829557,9.4365,0,0.6291,-8.123904E-05,9.4365,0
0.63,-2.786297E-05,9.45,0,0.63,6.54612E-05,9.45,0
0.6309,-9.634547E-05,9.4635,0,0.6309,4.196231E-05,9.4635,0
0.6318,-1.174945E-05,9.477,0,0.6318,-7.620356E-05,9.477,0
0.6327,-3.591974E-05,9.4905,0,0.6327,-1.174945E-05,9.4905,0
0.6336,-0.0001386435,9.504,0,0.6336,4.33051E-05,9.504,0
0.6345,-7.821774E-05,9.5175,0,0.6345,-1.712062E-05,9.5175,0
0.6354,-3.793393E-05,9.531,0,0.6354,-1.107805E-05,9.531,0
0.6363,8.89601E-05,9.5445,0,0.6363,-5.001907E-05,9.5445,0
0.6372,0.0001111162,9.558,0,0.6372,2.28275E-05,9.558,0
0.6381,3.994812E-05,9.5715,0,0.6381,-4.028382E-06,9.5715,0
0.639,4.53193E-05,9.585,0,0.639,-8.92958E-05,9.585,0
0.6399,0.0001030594,9.5985,0,0.6399,-0.0001252155,9.5985,0
0.6408,1.242084E-05,9.612,0,0.6408,-2.18204E-05,9.612,0
0.6417,-6.344701E-05,9.6255,0,0.6417,-4.49836E-05,9.6255,0
0.6426,0.000112459,9.639,0,0.6426,-0.0001450217,9.639,0
0.6435,-2.014191E-06,9.6525,0,0.6435,2.752728E-05,9.6525,0
0.6444,-7.721065E-05,9.666,0,0.6444,5.471885E-05,9.666,0
0.6453,8.090334E-05,9.6795,0,0.6453,-6.411841E-05,9.6795,0
0.6462,7.553216E-05,9.693,0,0.6462,-1.812772E-05,9.693,0
0.6471,-0.0001383078,9.7065,0,0.6471,2.081331E-05,9.7065,0
0.648,-8.661021E-05,9.72,0,0.648,-1.678492E-06,9.72,0
0.6489,1.040665E-05,9.7335,0,0.6489,-2.014191E-06,9.7335,0
0.6498,-3.054856E-05,9.747,0,0.6498,-6.71397E-05,9.747,0
0.6507,-3.457694E-05,9.7605,0,0.6507,4.196231E-05,9.7605,0
0.6516,-9.735256E-06,9.774,0,0.6516,1.208515E-05,9.774,0
0.6525,-2.18204E-05,9.7875,0,0.6525,-5.270466E-05,9.7875,0
0.6534,6.378271E-06,9.801,0,0.6534,-3.927672E-05,9.801,0
0.6543,-4.33051E-05,9.8145,0,0.6543,6.411841E-05,9.8145,0
0.6552,-7.754635E-05,9.828,0,0.6552,9.735256E-06,9.828,0
0.6561,7.721065E-06,9.8415,0,0.6561,-0.0001111162,9.8415,0
0.657,-6.378271E-05,9.855,0,0.657,2.1149E-05,9.855,0
0.6579,-9.365987E-05,9.8685,0,0.6579,3.121996E-05,9.8685,0
0.6588,-5.539025E-05,9.882,0,0.6588,-0.000105745,9.882,0
0.6597,-0.0001319295,9.8955,0,0.6597,-1.040665E-05,9.8955,0
0.6606,-0.0001829557,9.909,0,0.6606,6.6804E-05,9.909,0
0.6615,-0.0001037308,9.9225,0,0.6615,-1.544213E-05,9.9225,0
0.6624,-5.069047E-05,9.936,0,0.6624,-1.443504E-05,9.936,0
0.6633,8.426032E-05,9.9495,0,0.6633,-4.666209E-05,9.9495,0
0.6642,7.217517E-05,9.963,0,0.6642,2.652018E-05,9.963,0
0.6651,-0.0001346151,9.976501,0,0.6651,-2.1149E-05,9.976501,0
0.666,-8.090334E-05,9.99,0,0.666,-0.000102388,9.99,0
0.6669,6.54612E-05,10.0035,0,0.6669,-0.0001067521,10.0035,0
0.6678,-0.0001067521,10.017,0,0.6678,2.584878E-05,10.017,0
0.6687,-3.692683E-06,10.0305,0,0.6687,-9.399558E-06,10.0305,0
0.6696,0.0001433432,10.044,0,0.6696,-6.64683E-05,10.044,0
0.6705,5.001907E-05,10.0575,0,0.6705,8.761731E-05,10.0575,0
0.6714,0.0001634852,10.071,0,0.6714,9.768826E-05,10.071,0
0.6723,0.0001242084,10.0845,0,0.6723,-9.735256E-06,10.0845,0
0.6732,3.189136E-05,10.098,0,0.6732,1.007095E-05,10.098,0
0.6741,-5.404745E-05,10.1115,0,0.6741,6.277562E-05,10.1115,0
0.675,-3.591974E-05,10.125,0,0.675,-1.007095E-06,10.125,0
0.6759,1.577783E-05,10.1385,0,0.6759,-3.927672E-05,10.1385,0
0.6768,-3.356985E-06,10.152,0,0.6768,-0.0001329366,10.152,0
0.6777,7.418937E-05,10.1655,0,0.6777,-3.927672E-05,10.1655,0
0.6786,0.0001000381,10.179,0,0.6786,-9.634547E-05,10.179,0
0.6795,8.325322E-05,10.1925,0,0.6795,-0.0001279011,10.1925,0
0.6804,0.0001930266,10.206,0,0.6804,-0.0001104448,10.206,0
0.6813,-4.36408E-06,10.2195,0,0.6813,-6.378271E-06,10.2195,0
0.6822,-5.941863E-05,10.233,0,0.6822,-2.316319E-05,10.233,0
0.6831,0.000164828,10.2465,0,0.6831,-9.970245E-05,10.2465,0
0.684,7.486076E-05,10.26,0,0.684,7.553216E-05,10.26,0
0.6849,-0.0001829557,10.2735,0,0.6849,0.0001044022,10.2735,0
0.6858,-9.701686E-05,10.287,0,0.6858,-2.920577E-05,10.287,0
0.6867,8.560311E-05,10.3005,0,0.6867,3.256275E-05,10.3005,0
0.6876,-0.0001601282,10.314,0,0.6876,0.0001497215,10.314,0
0.6885,-0.000102388,10.3275,0,0.6885,7.150377E-05,10.3275,0
0.6894,7.486076E-05,10.341,0,0.6894,1.846342E-05,10.341,0
0.6903,4.901198E-05,10.3545,0,0.6903,-9.466698E-05,10.3545,0
0.6912,1.812772E-05,10.368,0,0.6912,-1.242084E-05,10.368,0
0.6921,9.903105E-05,10.3815,0,0.6921,-4.36408E-05,10.3815,0
0.693,8.761731E-05,10.395,0,0.693,-0.0001044022,10.395,0
0.6939,3.289845E-05,10.4085,0,0.6939,-8.325322E-05,10.4085,0
0.6948,-6.51255E-05,10.422,0,0.6948,1.040665E-05,10.422,0
0.6957,-7.888914E-05,10.4355,0,0.6957,-2.786297E-05,10.4355,0
0.6966,7.284657E-05,10.449,0,0.6966,-0.000126894,10.449,0
0.6975,-3.659113E-05,10.4625,0,0.6975,1.913481E-05,10.4625,0
0.6984,-4.934768E-05,10.476,0,0.6984,6.378271E-06,10.476,0
0.6993,-5.001907E-05,10.4895,0,0.6993,-0.0001198444,10.4895,0
0.7002,8.023193E-05,10.503,0,0.7002,-8.191043E-05,10.503,0
0.7011,-3.961242E-05,10.5165,0,0.7011,1.007095E-06,10.5165,0
0.702,-2.18204E-05,10.53,0,0.702,-5.304036E-05,10.53,0
0.7029,-5.572595E-05,10.5435,0,0.7029,-9.030289E-05,10.5435,0
0.7038,4.766919E-05,10.557,0,0.7038,-0.0001198444,10.557,0
0.7047,-9.735256E-06,10.5705,0,0.7047,7.721065E-06,10.5705,0
0.7056,-0.0002286107,10.584,0,0.7056,-2.786297E-05,10.584,0
0.7065,-5.203327E-05,10.5975,0,0.7065,-0.0001030594,10.5975,0
0.7074,-4.800488E-05,10.611,0,0.7074,-5.673304E-05,10.611,0
0.7083,-0.0001748989,10.6245,0,0.7083,0.0001107805,10.6245,0
0.7092,-9.634547E-05,10.638,0,0.7092,1.879912E-05,10.638,0
0.7101,8.123904E-05,10.6515,0,0.7101,-0.0001258869,10.6515,0
0.711,-1.712062E-05,10.665,0,0.711,5.270466E-05,10.665,0
0.7119,-3.256275E-05,10.6785,0,0.7119,0.0001151446,10.6785,0
0.7128,8.661021E-05,10.692,0,0.7128,1.376364E-05,10.692,0
0.7137,0.0001980621,10.7055,0,0.7137,5.337606E-05,10.7055,0
0.7146,3.021286E-05,10.719,0,0.7146,7.486076E-05,10.719,0
0.7155,0.0001463645,10.7325,0,0.7155,5.203327E-05,10.7325,0
0.7164,4.49836E-05,10.746,0,0.7164,-1.947051E-05,10.746,0
0.7173,1.678492E-06,10.7595,0,0.7173,-6.881819E-05,10.7595,0
0.7182,-1.309224E-05,10.773,0,0.7182,5.069047E-05,10.773,0
0.7191,-0.0001507286,10.7865,0,0.7191,4.53193E-05,10.7865,0
0.72,-0.000154757,10.8,0,0.72,-1.309224E-05,10.8,0
0.7209,-6.54612E-05,10.8135,0,0.7209,-7.989624E-05,10.8135,0
0.7218,-0.0001121233,10.827,0,0.7218,-5.740444E-05,10.827,0
0.7227,-0.0001980621,10.8405,0,0.7227,-0.0001211871,10.8405,0
0.7236,4.666209E-05,10.854,0,0.7236,-0.0002346532,10.854,0
0.7245,4.061952E-05,10.8675,0,0.7245,-8.761731E-05,10.8675,0
0.7254,-0.000119173,10.881,0,0.7254,-3.524834E-05,10.881,0
0.7263,3.759823E-05,10.8945,0,0.7263,-0.0001507286,10.8945,0
0.7272,8.560311E-05,10.908,0,0.7272,-1.107805E-05,10.908,0
0.7281,-7.016098E-05,10.9215,0,0.7281,0.0001463645,10.9215,0
0.729,-8.560311E-05,10.935,0,0.729,0.0002010834,10.935,0
0.7299,2.719158E-05,10.9485,0,0.7299,0.0002252537,10.9485,0
0.7308,9.231708E-05,10.962,0,0.7308,0.000186984,10.962,0
0.7317,2.047761E-05,10.9755,0,0.7317,0.0002702373,10.9755,0
0.7326,-7.116808E-05,10.989,0,0.7326,0.0001809415,10.989,0
0.7335,6.6804E-05,11.0025,0,0.7335,2.047761E-05,11.0025,0
0.7344,1.947051E-05,11.016,0,0.7344,-3.524834E-05,11.016,0
0.7353,-0.0001050736,11.0295,0,0.7353,0.0001054093,11.0295,0
0.7362,-5.874724E-05,11.043,0,0.7362,4.934768E-05,11.043,0
0.7371,8.560311E-05,11.0565,0,0.7371,-6.478981E-05,11.0565,0
0.738,-5.673304E-05,11.07,0,0.738,5.975433E-05,11.07,0
0.7389,-0.000102388,11.0835,0,0.7389,5.471885E-05,11.0835,0
0.7398,-6.210422E-05,11.097,0,0.7398,-9.668116E-05,11.097,0
0.7407,-1.745632E-05,11.1105,0,0.7407,-5.740444E-05,11.1105,0
0.7416,-0.0001050736,11.124,0,0.7416,-2.450599E-05,11.124,0
0.7425,-0.0002299535,11.1375,0,0.7425,-9.433127E-05,11.1375,0
0.7434,-0.0001708705,11.151,0,0.7434,-4.632639E-05,11.151,0
0.7443,-7.083238E-05,11.1645,0,0.7443,-8.761731E-05,11.1645,0
0.7452,-8.392462E-06,11.178,0,0.7452,-7.821774E-05,11.178,0
0.7461,-9.970245E-05,11.1915,0,0.7461,-0.0001658351,11.1915,0
0.747,-2.887007E-05,11.205,0,0.747,-0.000203769,11.205,0
0.7479,0.0001040665,11.2185,0,0.7479,-0.0002366674,11.2185,0
0.7488,-7.016098E-05,11.232,0,0.7488,-0.0001443503,11.232,0
0.7497,3.692683E-06,11.2455,0,0.7497,-0.000148043,11.2455,0
0.7506,0.0002276036,11.259,0,0.7506,-0.0001943694,11.259,0
0.7515,-1.242084E-05,11.2725,0,0.7515,-2.752728E-05,11.2725,0
0.7524,1.947051E-05,11.286,0,0.7524,-3.323415E-05,11.286,0
0.7533,0.0002615091,11.2995,0,0.7533,-1.275654E-05,11.2995,0
0.7542,0.0003555047,11.313,0,0.7542,0.0001161517,11.313,0
0.7551,4.49836E-05,11.3265,0,0.7551,0.0001910124,11.3265,0
0.756,2.1149E-05,11.34,0,0.756,8.96315E-05,11.34,0
0.7569,-1.678492E-06,11.3535,0,0.7569,-4.162661E-05,11.3535,0
0.7578,4.129091E-05,11.367,0,0.7578,-0.0001789273,11.367,0
0.7587,-1.812772E-05,11.3805,0,0.7587,-0.0001406577,11.3805,0
0.7596,-0.0001836271,11.394,0,0.7596,-0.0001292439,11.394,0
0.7605,-0.0002098116,11.4075,0,0.7605,-0.000144686,11.4075,0
0.7614,-3.457694E-05,11.421,0,0.7614,-0.0001211871,11.421,0
0.7623,-7.452507E-05,11.4345,0,0.7623,0.0001050736,11.4345,0
0.7632,-0.0001258869,11.448,0,0.7632,0.0001285725,11.448,0
0.7641,4.162661E-05,11.4615,0,0.7641,3.424125E-05,11.4615,0
0.765,1.376364E-05,11.475,0,0.765,0.0001795987,11.475,0
0.7659,3.994812E-05,11.4885,0,0.7659,0.0001453574,11.4885,0
0.7668,8.090334E-05,11.502,0,0.7668,-3.793393E-05,11.502,0
0.7677,8.89601E-05,11.5155,0,0.7677,-0.0001322652,11.5155,0
0.7686,-0.0001846342,11.529,0,0.7686,-0.0001144732,11.529,0
0.7695,-0.0001728847,11.5425,0,0.7695,-0.0001836271,11.5425,0
0.7704,-0.0002084688,11.556,0,0.7704,-0.0003014572,11.556,0
0.7713,-0.0001121233,11.5695,0,0.7713,-0.0003840391,11.5695,0
0.7722,-9.903105E-05,11.583,0,0.7722,-0.0001799344,11.583,0
0.7731,-0.0001423362,11.5965,0,0.7731,-0.0001930266,11.5965,0
0.774,1.040665E-05,11.61,0,0.774,-0.0002547952,11.61,0
0.7749,0.0001782559,11.6235,0,0.7749,-0.0001168231,11.6235,0
0.7758,0.0001003738,11.637,0,0.7758,0.0001671778,11.637,0
0.7767,0.0002077974,11.6505,0,0.7767,0.0001997406,11.6505,0
0.7776,0.00021149,11.664,0,0.7776,-2.987716E-05,11.664,0
0.7785,5.069047E-05,11.6775,0,0.7785,-3.356985E-06,11.6775,0
0.7794,0.0001685206,11.691,0,0.7794,0.0001930266,11.691,0
0.7803,0.0001420005,11.7045,0,0.7803,0.0004733349,11.7045,0
0.7812,0.0001292439,11.718,0,0.7812,0.000640177,11.718,0
0.7821,8.627451E-05,11.7315,0,0.7821,0.0004635996,11.7315,0
0.783,5.874724E-05,11.745,0,0.783,0.0001732204,11.745,0
0.7839,-4.800488E-05,11.7585,0,0.7839,2.349889E-05,11.7585,0
0.7848,-1.242084E-05,11.772,0,0.7848,-0.0003565118,11.772,0
0.7857,-2.21561E-05,11.7855,0,0.7857,-0.0005458457,11.7855,0
0.7866,-0.000144686,11.799,0,0.7866,-0.000503212,11.799,0
0.7875,-0.000105745,11.8125,0,0.7875,-0.0003054856,11.8125,0
0.7884,3.424125E-05,11.826,0,0.7884,-5.169757E-05,11.826,0
0.7893,-0.0001883268,11.8395,0,0.7893,3.189136E-05,11.8395,0
0.7902,-5.069047E-05,11.853,0,0.7902,1.275654E-05,11.853,0
0.7911,0.0002588235,11.8665,0,0.7911,6.009003E-05,11.8665,0
0.792,9.365987E-05,11.88,0,0.792,0.0004427863,11.88,0
0.7929,-8.224613E-05,11.8935,0,0.7929,0.0005958648,11.8935,0
0.7938,-7.083238E-05,11.907,0,0.7938,0.0002937362,11.907,0
0.7947,2.752728E-05,11.9205,0,0.7947,-3.860533E-05,11.9205,0
0.7956,-0.0001527428,11.934,0,0.7956,-0.0002030976,11.934,0
0.7965,7.049668E-05,11.9475,0,0.7965,-0.0002336461,11.9475,0
0.7974,0.0003826963,11.961,0,0.7974,-0.000239353,11.961,0
0.7983,0.0004870985,11.9745,0,0.7983,-0.0003192493,11.9745,0
0.7992,0.0003608759,11.988,0,0.7992,-0.0001668421,11.988,0
0.8001,8.157473E-05,12.0015,0,0.8001,-2.786297E-05,12.0015,0
0.801,-4.49836E-05,12.015,0,0.801,0.000112459,12.015,0
0.8019,-1.510643E-05,12.0285,0,0.8019,0.0002118257,12.0285,0
0.8028,-0.0001117876,12.042,0,0.8028,0.0003041428,12.042,0
0.8037,-0.0001842985,12.0555,0,0.8037,0.0003185779,12.0555,0
0.8046,-6.57969E-05,12.069,0,0.8046,0.0001594568,12.069,0
0.8055,-0.0002843366,12.0825,0,0.8055,0.000112459,12.0825,0
0.8064,-0.000348455,12.096,0,0.8064,-1.477073E-05,12.096,0
0.8073,-0.0002259251,12.1095,0,0.8073,-0.0002030976,12.1095,0
0.8082,-0.0001359579,12.123,0,0.8082,-7.016098E-05,12.123,0
0.8091,-0.0002621805,12.1365,0,0.8091,3.457694E-05,12.1365,0
0.81,-0.0002259251,12.15,0,0.81,-9.231708E-05,12.15,0
0.8109,-0.0001587854,12.1635,0,0.8109,-0.0002474098,12.1635,0
0.8118,-8.89601E-05,12.177,0,0.8118,-0.0003642329,12.177,0
0.8127,-0.0002178683,12.1905,0,0.8127,-0.0002688945,12.1905,0
0.8136,-0.0002944076,12.204,0,0.8136,-0.0003085069,12.204,0
0.8145,1.678492E-06,12.2175,0,0.8145,-0.0003823606,12.2175,0
0.8154,0.0001339437,12.231,0,0.8154,-0.0003726253,12.231,0
0.8163,6.411841E-05,12.2445,0,0.8163,-0.0001685206,12.2445,0
0.8172,0.0001174945,12.258,0,0.8172,-0.0001510643,12.258,0
0.8181,7.687495E-05,12.2715,0,0.8181,-0.0002245823,12.2715,0
0.819,-7.150377E-05,12.285,0,0.819,2.24918E-05,12.285,0
0.8199,8.560311E-05,12.2985,0,0.8199,0.0001661708,12.2985,0
0.8208,0.0002158541,12.312,0,0.8208,5.606165E-05,12.312,0
0.8217,8.69459E-05,12.3255,0,0.8217,7.754635E-05,12.3255,0
0.8226,-3.524834E-05,12.339,0,0.8226,7.855344E-05,12.339,0
0.8235,-2.752728E-05,12.3525,0,0.8235,7.653925E-05,12.3525,0
0.8244,-9.500267E-05,12.366,0,0.8244,0.0001017166,12.366,0
0.8253,9.097429E-05,12.3795,0,0.8253,0.0001185016,12.3795,0
0.8262,5.471885E-05,12.393,0,0.8262,0.0003118639,12.393,0
0.8271,-0.0001067521,12.4065,0,0.8271,0.0001997406,12.4065,0
0.828,1.846342E-05,12.42,0,0.828,9.869535E-05,12.42,0
0.8289,0.0002104829,12.4335,0,0.8289,0.0001107805,12.4335,0
0.8298,4.46479E-05,12.447,0,0.8298,-6.109713E-05,12.447,0
0.8307,-0.0001534142,12.4605,0,0.8307,-0.0002853437,12.4605,0
0.8316,-6.042573E-06,12.474,0,0.8316,-0.0003920958,12.474,0
0.8325,-7.351797E-05,12.4875,0,0.8325,-0.0001332723,12.4875,0
0.8334,-0.000274937,12.501,0,0.8334,0.0001356222,12.501,0
0.8343,-0.0002067903,12.5145,0,0.8343,0.000203769,12.5145,0
0.8352,-0.000102388,12.528,0,0.8352,0.0004669566,12.528,0
0.8361,-0.0003152209,12.5415,0,0.8361,0.0005330892,12.5415,0
0.837,-0.0001373007,12.555,0,0.837,0.0004320439,12.555,0
0.8379,-4.867628E-05,12.5685,0,0.8379,0.0001853056,12.5685,0
0.8388,-2.987716E-05,12.582,0,0.8388,-8.090334E-05,12.582,0
0.8397,-8.795301E-05,12.5955,0,0.8397,0.0001386435,12.5955,0
0.8406,-0.0001436789,12.609,0,0.8406,0.0001218585,12.609,0
0.8415,6.076142E-05,12.6225,0,0.8415,1.007095E-06,12.6225,0
0.8424,0.000109102,12.636,0,0.8424,-5.404745E-05,12.636,0
0.8433,1.644922E-05,12.6495,0,0.8433,-0.0001856413,12.6495,0
0.8442,8.560311E-05,12.663,0,0.8442,-0.000383032,12.663,0
0.8451,0.0003884031,12.6765,0,0.8451,-0.0004155947,12.6765,0
0.846,0.0003219348,12.69,0,0.846,-6.344701E-05,12.69,0
0.8469,0.0001067521,12.7035,0,0.8469,0.0001483787,12.7035,0
0.8478,2.1149E-05,12.717,0,0.8478,-0.0001507286,12.717,0
0.8487,5.673304E-05,12.7305,0,0.8487,-0.0001940337,12.7305,0
0.8496,-7.351797E-05,12.744,0,0.8496,-0.0002339818,12.744,0
0.8505,-0.000115816,12.7575,0,0.8505,-0.0002762798,12.7575,0
0.8514,2.517739E-05,12.771,0,0.8514,-0.0001876554,12.771,0
0.8523,0.0002621805,12.7845,0,0.8523,-0.000231632,12.7845,0
0.8532,0.0001641566,12.798,0,0.8532,-0.0002400244,12.798,0
0.8541,8.291753E-05,12.8115,0,0.8541,-0.0003353628,12.8115,0
0.855,0.000249424,12.825,0,0.855,-0.000288365,12.825,0
0.8559,0.000288365,12.8385,0,0.8559,-0.000119173,12.8385,0
0.8568,3.726253E-05,12.852,0,0.8568,8.023193E-05,12.852,0
0.8577,7.016098E-05,12.8655,0,0.8577,-4.162661E-05,12.8655,0
0.8586,0.0001876554,12.879,0,0.8586,-0.0001164874,12.879,0
0.8595001,-7.620356E-05,12.8925,0,0.8595001,0.0001527428,12.8925,0
0.8604,5.706874E-06,12.906,0,0.8604,0.0001201801,12.906,0
0.8613,7.586786E-05,12.9195,0,0.8613,-5.304036E-05,12.9195,0
0.8622,0.0002118257,12.933,0,0.8622,0.0001634852,12.933,0
0.8631,0.000158114,12.9465,0,0.8631,0.0003400626,12.9465,0
0.864,0.0002769512,12.96,0,0.864,0.000288365,12.96,0
0.8649,0.0002373388,12.9735,0,0.8649,7.620356E-05,12.9735,0
0.8658,0.0001292439,12.987,0,0.8658,-0.0001003738,12.987,0
0.8667,0.0001084306,13.0005,0,0.8667,-3.424125E-05,13.0005,0
0.8676,0.0001017166,13.014,0,0.8676,-0.0001282368,13.014,0
0.8685,6.411841E-05,13.0275,0,0.8685,-0.0002269322,13.0275,0
0.8694,0.0001366293,13.041,0,0.8694,-0.0002232395,13.041,0
0.8703,-1.913481E-05,13.0545,0,0.8703,-9.500267E-05,13.0545,0
0.8712,-5.069047E-05,13.068,0,0.8712,-6.948959E-05,13.068,0
0.8721,0.0001379721,13.0815,0,0.8721,5.404745E-05,13.0815,0
0.873,-0.000144686,13.095,0,0.873,0.0002568093,13.095,0
0.8739,-0.0003524834,13.1085,0,0.8739,0.0002440528,13.1085,0
0.8748,-0.0003048142,13.122,0,0.8748,9.198138E-05,13.122,0
0.8757,-0.0003440909,13.1355,0,0.8757,9.768826E-05,13.1355,0
0.8766,-0.0005136187,13.149,0,0.8766,8.795301E-05,13.149,0
0.8775,-0.0005646449,13.1625,0,0.8775,-0.0001420005,13.1625,0
0.8784,-0.0005955291,13.176,0,0.8784,-0.0002430457,13.176,0
0.8793,-0.0004760204,13.1895,0,0.8793,-0.0002594949,13.1895,0
0.8802,-0.000119173,13.203,0,0.8802,-2.887007E-05,13.203,0
0.8811,0.0001809415,13.2165,0,0.8811,7.150377E-05,13.2165,0
0.882,0.0001742275,13.23,0,0.882,3.659113E-05,13.23,0
0.8829,0.0005441672,13.2435,0,0.8829,0.0001376364,13.2435,0
0.8838,0.0007016098,13.257,0,0.8838,0.0003434196,13.257,0
0.8847,0.0004615854,13.2705,0,0.8847,0.000340734,13.2705,0
0.8856,0.000270573,13.284,0,0.8856,0.0001232013,13.284,0
0.8865,5.438316E-05,13.2975,0,0.8865,7.888914E-05,13.2975,0
0.8874,-9.097429E-05,13.311,0,0.8874,-2.18204E-05,13.311,0
0.8883,1.443504E-05,13.3245,0,0.8883,-0.0001628138,13.3245,0
0.8892,-8.493171E-05,13.338,0,0.8892,-0.000207126,13.338,0
0.8901,-5.539025E-05,13.3515,0,0.8901,-0.0001806058,13.3515,0
0.891,-0.0001628138,13.365,0,0.891,-0.0003165637,13.365,0
0.8919,-0.0001701991,13.3785,0,0.8919,-0.0004333867,13.3785,0
0.8928,-5.606165E-05,13.392,0,0.8928,-0.00054551,13.392,0
0.8937,2.786297E-05,13.4055,0,0.8937,-0.0004166018,13.4055,0
0.8946,-7.956054E-05,13.419,0,0.8946,-0.0003219348,13.419,0
0.8955,-2.28275E-05,13.4325,0,0.8955,2.450599E-05,13.4325,0
0.8964,6.713969E-06,13.446,0,0.8964,0.0003743038,13.446,0
0.8973,-0.000164828,13.4595,0,0.8973,0.0004931411,13.4595,0
0.8982,-1.007095E-05,13.473,0,0.8982,0.0003286488,13.473,0
0.8991,0.0001386435,13.4865,0,0.8991,0.0001309224,13.4865,0
0.9,0.0001356222,13.5,0,0.9,0.0004162661,13.5,0
0.9009,0.0001245441,13.5135,0,0.9009,0.0004367437,13.5135,0
0.9018,0.0001527428,13.527,0,0.9018,0.0002124971,13.527,0
0.9027,0.0002346532,13.5405,0,0.9027,0.0001121233,13.5405,0
0.9036,-1.510643E-05,13.554,0,0.9036,4.263371E-05,13.554,0
0.9045,-7.049668E-06,13.5675,0,0.9045,-7.855344E-05,13.5675,0
0.9054,-8.89601E-05,13.581,0,0.9054,-0.0001524071,13.581,0
0.9063,-7.721065E-06,13.5945,0,0.9063,-0.0002225681,13.5945,0
0.9072,0.0001007095,13.608,0,0.9072,-6.948959E-05,13.608,0
0.9081,-2.786297E-05,13.6215,0,0.9081,-4.666209E-05,13.6215,0
0.909,0.0001138018,13.635,0,0.909,-6.948959E-05,13.635,0
0.9099,0.0002991073,13.6485,0,0.9099,-9.869535E-05,13.6485,0
0.9108,0.0001010452,13.662,0,0.9108,-2.484169E-05,13.662,0
0.9117,-1.779202E-05,13.6755,0,0.9117,-7.687495E-05,13.6755,0
0.9126,8.82887E-05,13.689,0,0.9126,-0.0001920195,13.689,0
0.9135,-4.666209E-05,13.7025,0,0.9135,-4.43122E-05,13.7025,0
0.9144,-0.0002269322,13.716,0,0.9144,-2.047761E-05,13.716,0
0.9153,-6.311131E-05,13.7295,0,0.9153,-0.0001836271,13.7295,0
0.9162,-4.53193E-05,13.743,0,0.9162,-0.0001856413,13.743,0
0.9171,-0.000267216,13.7565,0,0.9171,-0.0001399863,13.7565,0
0.918,-0.0002333104,13.77,0,0.918,-0.0003021286,13.77,0
0.9189,-0.0001225299,13.7835,0,0.9189,-0.000411902,13.7835,0
0.9198,-7.486076E-05,13.797,0,0.9198,-0.0003924315,13.797,0
0.9207,-6.143282E-05,13.8105,0,0.9207,-8.224613E-05,13.8105,0
0.9216,-7.452507E-05,13.824,0,0.9216,0.0002312963,13.824,0
0.9225,-0.0001644923,13.8375,0,0.9225,0.0002843366,13.8375,0
0.9234,-0.0001607996,13.851,0,0.9234,0.0001816129,13.851,0
0.9243,-0.0002292821,13.8645,0,0.9243,0.0002296178,13.8645,0
0.9252,1.577783E-05,13.878,0,0.9252,0.0001215228,13.878,0
0.9261,8.82887E-05,13.8915,0,0.9261,1.913481E-05,13.8915,0
0.927,-0.0001000381,13.905,0,0.927,0.0001806058,13.905,0
0.9279,0.0001151446,13.9185,0,0.9279,0.0001728847,13.9185,0
0.9288,0.0001631495,13.932,0,0.9288,4.263371E-05,13.932,0
0.9297,1.980621E-05,13.9455,0,0.9297,-3.759823E-05,13.9455,0
0.9306,-0.0001030594,13.959,0,0.9306,-5.203327E-05,13.959,0
0.9315,-8.392462E-05,13.9725,0,0.9315,-0.000158114,13.9725,0
0.9324,5.706874E-05,13.986,0,0.9324,-0.0002195468,13.986,0
0.9333,0.0003528191,13.9995,0,0.9333,-0.0002077974,13.9995,0
0.9342,0.0003017929,14.013,0,0.9342,-0.0002410315,14.013,0
0.9351,-3.356985E-06,14.0265,0,0.9351,-0.0002756084,14.0265,0
0.936,-7.721065E-05,14.04,0,0.936,-0.0002964218,14.04,0
0.9369,4.229801E-05,14.0535,0,0.9369,-0.0002625162,14.0535,0
0.9378,-0.0002212253,14.067,0,0.9378,5.236896E-05,14.067,0
0.9387,-0.0002601663,14.0805,0,0.9387,0.0003390555,14.0805,0
0.9396001,-8.358892E-05,14.094,0,0.9396001,0.0003944457,14.094,0
0.9405,-0.0002299535,14.1075,0,0.9405,0.000542153,14.1075,0
0.9414001,-0.0002504311,14.121,0,0.9414001,0.0003249561,14.121,0
0.9423,-8.090334E-05,14.1345,0,0.9423,0.0001101091,14.1345,0
0.9432001,7.687495E-05,14.148,0,0.9432001,0.0002477455,14.148,0
0.9441,7.620356E-05,14.1615,0,0.9441,0.0001930266,14.1615,0
0.9450001,0.0002897078,14.175,0,0.9450001,0.0001178302,14.175,0
0.9459,9.500267E-05,14.1885,0,0.9459,4.196231E-05,14.1885,0
0.9468,4.934768E-05,14.202,0,0.9468,-0.0001524071,14.202,0
0.9477,1.712062E-05,14.2155,0,0.9477,-0.0001799344,14.2155,0
0.9486,-0.000263859,14.229,0,0.9486,-0.000249424,14.229,0
0.9495,-0.0003313344,14.2425,0,0.9495,-0.0003655757,14.2425,0
0.9504,-0.0001497215,14.256,0,0.9504,-0.0003497978,14.256,0
0.9513,-6.042573E-06,14.2695,0,0.9513,-5.941863E-05,14.2695,0
0.9522,-0.0001238727,14.283,0,0.9522,5.270466E-05,14.283,0
0.9531,0.0002863508,14.2965,0,0.9531,5.035477E-06,14.2965,0
0.954,0.0003743038,14.31,0,0.954,-0.0001114519,14.31,0
0.9549,0.0002722515,14.3235,0,0.9549,-0.0003303273,14.3235,0
0.9558,0.000256138,14.337,0,0.9558,-0.0004508431,14.337,0
0.9567,0.0003286488,14.3505,0,0.9567,-0.0001866484,14.3505,0
0.9576,-8.258183E-05,14.364,0,0.9576,0.0003279774,14.364,0
0.9585,-0.0002631876,14.3775,0,0.9585,0.0005636378,14.3775,0
0.9594,-0.0002252537,14.391,0,0.9594,0.0005340963,14.391,0
0.9603,-8.96315E-05,14.4045,0,0.9603,0.0003132067,14.4045,0
0.9612,-0.0002343175,14.418,0,0.9612,0.0003380484,14.418,0
0.9621,-0.0003132067,14.4315,0,0.9621,0.0001832914,14.4315,0
0.963,-0.0001856413,14.445,0,0.963,-0.0001225299,14.445,0
0.9639,-0.0001889983,14.4585,0,0.9639,-0.0002165255,14.4585,0
0.9648,-0.0002846723,14.472,0,0.9648,-0.0001131304,14.472,0
0.9657,-0.0002581521,14.4855,0,0.9657,-0.0002138399,14.4855,0
0.9666,-0.0001802701,14.499,0,0.9666,-0.0003494621,14.499,0
0.9675,-0.0002239109,14.5125,0,0.9675,-0.0001265583,14.5125,0
0.9684,-0.000200412,14.526,0,0.9684,-0.0001722133,14.526,0
0.9693,-0.0002417029,14.5395,0,0.9693,-0.0003467765,14.5395,0
0.9702,-3.524834E-05,14.553,0,0.9702,-0.0001594568,14.553,0
0.9711,7.754635E-05,14.5665,0,0.9711,-5.908293E-05,14.5665,0
0.972,0.0002329748,14.58,0,0.972,-8.69459E-05,14.58,0
0.9729,0.000154757,14.5935,0,0.9729,-7.049668E-06,14.5935,0
0.9738,0.0001577783,14.607,0,0.9738,-9.634547E-05,14.607,0
0.9747,0.0001000381,14.6205,0,0.9747,-4.599069E-05,14.6205,0
0.9756,0.0001070878,14.634,0,0.9756,5.505455E-05,14.634,0
0.9765,0.0001812772,14.6475,0,0.9765,-5.304036E-05,14.6475,0
0.9774,0.0002769512,14.661,0,0.9774,-7.888914E-05,14.661,0
0.9783,5.874724E-05,14.6745,0,0.9783,-9.063859E-06,14.6745,0
0.9792,0.0001591211,14.688,0,0.9792,-0.000189334,14.688,0
0.9801,0.0004213016,14.7015,0,0.9801,-0.0003655757,14.7015,0
0.981,0.0001151446,14.715,0,0.981,-0.0002386816,14.715,0
0.9819,-6.378271E-06,14.7285,0,0.9819,-0.0001040665,14.7285,0
0.9828,0.0001802701,14.742,0,0.9828,2.517739E-05,14.742,0
0.9837,8.023193E-05,14.7555,0,0.9837,0.0002104829,14.7555,0
0.9846,-0.0001772488,14.769,0,0.9846,0.0004699779,14.769,0
0.9855,-7.116808E-05,14.7825,0,0.9855,0.0003595331,14.7825,0
0.9864,-1.510643E-05,14.796,0,0.9864,0.0001272297,14.796,0
0.9873,-9.768826E-05,14.8095,0,0.9873,-1.443504E-05,14.8095,0
0.9882,-9.634547E-05,14.823,0,0.9882,6.814679E-05,14.823,0
0.9891,-0.0001084306,14.8365,0,0.9891,5.807584E-05,14.8365,0
0.99,-0.0001685206,14.85,0,0.99,-8.728161E-06,14.85,0
0.9909,-9.231708E-05,14.8635,0,0.9909,-2.047761E-05,14.8635,0
0.9918,-0.0002064546,14.877,0,0.9918,0.0001198444,14.877,0
0.9927,-0.0002688945,14.8905,0,0.9927,0.0001440146,14.8905,0
0.9936,-0.000252781,14.904,0,0.9936,3.356985E-07,14.904,0
0.9945,-0.0003212634,14.9175,0,0.9945,0.0001272297,14.9175,0
0.9954,-0.000249424,14.931,0,0.9954,-1.242084E-05,14.931,0
0.9963,-0.0001339437,14.9445,0,0.9963,-0.0001658351,14.9445,0
0.9972,1.275654E-05,14.958,0,0.9972,-0.000224918,14.958,0
0.9981,0.0002729229,14.9715,0,0.9981,-0.0002017548,14.9715,0
0.999,0.000281651,14.985,0,0.999,-0.0002829938,14.985,0
0.9999,0.0001567712,14.9985,0,0.9999,-0.0003152209,14.9985,0
1.0008,0.0001493858,15.012,0,1.0008,-0.0003917601,15.012,0
1.0017,5.807584E-05,15.0255,0,1.0017,-0.0004390936,15.0255,0
1.0026,-7.788205E-05,15.039,0,1.0026,-0.0004679637,15.039,0
1.0035,-2.316319E-05,15.0525,0,1.0035,-0.0003487907,15.0525,0
1.0044,1.309224E-05,15.066,0,1.0044,-0.0002319677,15.066,0
1.0053,-5.874724E-05,15.0795,0,1.0053,4.53193E-05,15.0795,0
1.0062,-3.088426E-05,15.093,0,1.0062,0.0001842985,15.093,0
1.0071,0.0001816129,15.1065,0,1.0071,0.0004844129,15.1065,0
1.008,-3.424125E-05,15.12,0,1.008,0.0007764706,15.12,0
1.0089,4.36408E-05,15.1335,0,1.0089,0.0008214542,15.1335,0
1.0098,9.701686E-05,15.147,0,1.0098,0.0004622568,15.147,0
1.0107,0.0001889983,15.1605,0,1.0107,0.0003303273,15.1605,0
1.0116,6.814679E-05,15.174,0,1.0116,0.0002796368,15.174,0
1.0125,4.095522E-05,15.1875,0,1.0125,0.0001030594,15.1875,0
1.0134,-2.584878E-05,15.201,0,1.0134,-2.014191E-05,15.201,0
1.0143,0.0001742275,15.2145,0,1.0143,-0.0001080949,15.2145,0
1.0152,0.0001332723,15.228,0,1.0152,-9.399558E-06,15.228,0
1.0161,-0.0001712062,15.2415,0,1.0161,-6.478981E-05,15.2415,0
1.017,-3.524834E-05,15.255,0,1.017,-0.0001953765,15.255,0
1.0179,5.975433E-05,15.2685,0,1.0179,-0.0003014572,15.2685,0
1.0188,-9.970245E-05,15.282,0,1.0188,-0.0002923934,15.282,0
1.0197,-6.881819E-05,15.2955,0,1.0197,-0.0003454337,15.2955,0
1.0206,0.0002131685,15.309,0,1.0206,-0.0004246586,15.309,0
1.0215,-6.814679E-05,15.3225,0,1.0215,-0.0003591974,15.3225,0
1.0224,-0.0002480812,15.336,0,1.0224,-0.0001359579,15.336,0
1.0233,4.36408E-05,15.3495,0,1.0233,7.217517E-05,15.3495,0
1.0242,0.0002977645,15.363,0,1.0242,0.0003367056,15.363,0
1.0251,-1.678492E-06,15.3765,0,1.0251,0.0003877317,15.3765,0
1.026,-0.0001779202,15.39,0,1.026,0.000136965,15.39,0
1.0269,-0.0002420386,15.4035,0,1.0269,0.0002171969,15.4035,0
1.0278,-0.0002954147,15.417,0,1.0278,0.0002225681,15.417,0
1.0287,-0.0003595331,15.4305,0,1.0287,-3.692683E-06,15.4305,0
1.0296,-0.0002131685,15.444,0,1.0296,-0.0001564355,15.444,0
1.0305,0.0001436789,15.4575,0,1.0305,-0.0002057832,15.4575,0
1.0314,0.0002245823,15.471,0,1.0314,-0.0001661708,15.471,0
1.0323,-8.358892E-05,15.4845,0,1.0323,0.0001188373,15.4845,0
1.0332,-6.243992E-05,15.498,0,1.0332,0.0001138018,15.498,0
1.0341,-7.687495E-05,15.5115,0,1.0341,4.834058E-05,15.5115,0
1.035,-0.0002829938,15.525,0,1.035,0.0002024262,15.525,0
1.0359,-0.000193698,15.5385,0,1.0359,8.82887E-05,15.5385,0
1.0368,3.356985E-07,15.552,0,1.0368,-8.493171E-05,15.552,0
1.0377,-0.0001527428,15.5655,0,1.0377,-8.69459E-05,15.5655,0
1.0386,-0.0003947814,15.579,0,1.0386,-6.64683E-05,15.579,0
1.0395,-0.0003853819,15.5925,0,1.0395,-0.0001416648,15.5925,0
1.0404,-0.0003299916,15.606,0,1.0404,-0.00024271,15.606,0
1.0413,-0.0001322652,15.6195,0,1.0413,-0.0003444266,15.6195,0
1.0422,-2.24918E-05,15.633,0,1.0422,-0.0001910124,15.633,0
1.0431,-0.0001127947,15.6465,0,1.0431,-0.0002735943,15.6465,0
1.044,-9.063859E-05,15.66,0,1.044,-0.0005465171,15.66,0
1.0449,0.0001654994,15.6735,0,1.0449,-0.000826154,15.6735,0
1.0458,-5.740444E-05,15.687,0,1.0458,-0.0006771038,15.687,0
1.0467,4.061952E-05,15.7005,0,1.0467,-0.0005804227,15.7005,0
1.0476,0.0002601663,15.714,0,1.0476,-0.0005220111,15.714,0
1.0485,0.0001883268,15.7275,0,1.0485,0.0002017548,15.7275,0
1.0494,0.0004971694,15.741,0,1.0494,0.001075914,15.741,0
1.0503,0.0005871367,15.7545,0,1.0503,0.001126268,15.7545,0
1.0512,0.0003266346,15.768,0,1.0512,0.0007083238,15.768,0
1.0521,0.0001349508,15.7815,0,1.0521,0.0004723278,15.7815,0
1.053,0.0001983978,15.795,0,1.053,0.0003132067,15.795,0
1.0539,7.217517E-05,15.8085,0,1.0539,0.0001755703,15.8085,0
1.0548,0.0001027237,15.822,0,1.0548,3.189136E-05,15.822,0
1.0557,0.0001641566,15.8355,0,1.0557,8.358892E-05,15.8355,0
1.0566,-3.927672E-05,15.849,0,1.0566,-0.000102388,15.849,0
1.0575,-1.913481E-05,15.8625,0,1.0575,-0.0002665446,15.8625,0
1.0584,0.0002051118,15.876,0,1.0584,-0.0002205539,15.876,0
1.0593,0.0001524071,15.8895,0,1.0593,-8.157473E-05,15.8895,0
1.0602,5.774014E-05,15.903,0,1.0602,-8.92958E-05,15.903,0
1.0611,0.0001715419,15.9165,0,1.0611,-0.0001373007,15.9165,0
1.062,9.231708E-05,15.93,0,1.062,-8.392462E-06,15.93,0
1.0629,-2.887007E-05,15.9435,0,1.0629,-5.035477E-06,15.9435,0
1.0638,9.332418E-05,15.957,0,1.0638,-0.0001292439,15.957,0
1.0647,-7.016098E-05,15.9705,0,1.0647,-5.404745E-05,15.9705,0
1.0656,-0.0001722133,15.984,0,1.0656,2.316319E-05,15.984,0
1.0665,-0.0001067521,15.9975,0,1.0665,-9.903105E-05,15.9975,0
1.0674,-1.376364E-05,16.011,0,1.0674,-6.74754E-05,16.011,0
1.0683,7.217517E-05,16.0245,0,1.0683,-0.0001114519,16.0245,0
1.0692,8.392462E-06,16.038,0,1.0692,-3.726253E-05,16.038,0
1.0701,6.71397E-05,16.0515,0,1.0701,-5.270466E-05,16.0515,0
1.071,6.881819E-05,16.065,0,1.071,-7.217517E-05,16.065,0
1.0719,2.484169E-05,16.0785,0,1.0719,-8.661021E-05,16.0785,0
1.0728,-5.673304E-05,16.092,0,1.0728,-2.719158E-05,16.092,0
1.0737,-3.927672E-05,16.1055,0,1.0737,-0.0001594568,16.1055,0
1.0746,8.090334E-05,16.119,0,1.0746,-0.0002732586,16.119,0
1.0755,3.424125E-05,16.1325,0,1.0755,-7.351797E-05,16.1325,0
1.0764,-0.0001151446,16.146,0,1.0764,-3.927672E-05,16.146,0
1.0773,-0.0001728847,16.1595,0,1.0773,-0.0001332723,16.1595,0
1.0782,2.081331E-05,16.173,0,1.0782,0.000102388,16.173,0
1.0791,-0.0001131304,16.1865,0,1.0791,0.0002450599,16.1865,0
1.08,-5.035477E-06,16.2,0,1.08,0.0002447242,16.2,0
1.0809,-4.196231E-05,16.2135,0,1.0809,1.174945E-05,16.2135,0
1.0818,-3.256275E-05,16.227,0,1.0818,-0.000415259,16.227,0
1.0827,-0.0001044022,16.2405,0,1.0827,-0.0003615473,16.2405,0
1.0836,-0.0002205539,16.254,0,1.0836,-0.0002870222,16.254,0
1.0845,-0.0002151827,16.2675,0,1.0845,-0.0003175708,16.2675,0
1.0854,-0.0002581521,16.281,0,1.0854,-0.0002584878,16.281,0
1.0863,-0.0004213016,16.2945,0,1.0863,0.0001386435,16.2945,0
1.0872,-0.0002762798,16.308,0,1.0872,0.0006482337,16.308,0
1.0881,0.0001104448,16.3215,0,1.0881,0.0005874723,16.3215,0
1.089,0.000239353,16.335,0,1.089,0.0005018692,16.335,0
1.0899,0.0002937362,16.3485,0,1.0899,0.0002947433,16.3485,0
1.0908,0.0002809796,16.362,0,1.0908,0.0001517357,16.362,0
1.0917,0.0001795987,16.3755,0,1.0917,0.0002517739,16.3755,0
1.0926,-2.887007E-05,16.389,0,1.0926,0.0003296559,16.389,0
1.0935,4.733349E-05,16.4025,0,1.0935,0.0001849699,16.4025,0
1.0944,-2.24918E-05,16.416,0,1.0944,9.735256E-06,16.416,0
1.0953,7.721065E-06,16.4295,0,1.0953,-0.0001084306,16.4295,0
1.0962,4.901198E-05,16.443,0,1.0962,-1.007095E-05,16.443,0
1.0971,-0.0001228656,16.4565,0,1.0971,-1.544213E-05,16.4565,0
1.098,-0.0001010452,16.47,0,1.098,-0.0001255512,16.47,0
1.0989,5.236896E-05,16.4835,0,1.0989,-0.0001654994,16.4835,0
1.0998,-0.0001688563,16.497,0,1.0998,-0.0001399863,16.497,0
1.1007,-0.000102388,16.5105,0,1.1007,-0.0002296178,16.5105,0
1.1016,0.0002594949,16.524,0,1.1016,-0.000263859,16.524,0
1.1025,0.0001863127,16.5375,0,1.1025,-1.678492E-05,16.5375,0
1.1034,0.000144686,16.551,0,1.1034,-5.069047E-05,16.551,0
1.1043,0.0001406577,16.5645,0,1.1043,-0.0001530785,16.5645,0
1.1052,-0.0001064164,16.578,0,1.1052,-0.0001188373,16.578,0
1.1061,-0.0001530785,16.5915,0,1.1061,-0.000112459,16.5915,0
1.107,-0.0001040665,16.605,0,1.107,-0.0001178302,16.605,0
1.1079,6.378271E-06,16.6185,0,1.1079,-0.000102388,16.6185,0
1.1088,3.323415E-05,16.632,0,1.1088,-0.0001393149,16.632,0
1.1097,7.049668E-05,16.6455,0,1.1097,-4.095522E-05,16.6455,0
1.1106,0.0001889983,16.659,0,1.1106,0,16.659,0
1.1115,0.0001164874,16.6725,0,1.1115,-7.888914E-05,16.6725,0
1.1124,0.0001272297,16.686,0,1.1124,-0.000109102,16.686,0
1.1133,1.947051E-05,16.6995,0,1.1133,3.323415E-05,16.6995,0
1.1142,-6.814679E-05,16.713,0,1.1142,-5.438316E-05,16.713,0
1.1151,1.712062E-05,16.7265,0,1.1151,-0.0001389792,16.7265,0
1.116,-0.0001947051,16.74,0,1.116,1.309224E-05,16.74,0
1.1169,-0.0002118257,16.7535,0,1.1169,-2.24918E-05,16.7535,0
1.1178,-0.0001111162,16.767,0,1.1178,-0.0001342794,16.767,0
1.1187,-0.0001802701,16.7805,0,1.1187,-0.0001356222,16.7805,0
1.1196,-0.0001628138,16.794,0,1.1196,-5.404745E-05,16.794,0
1.1205,-0.0002712444,16.8075,0,1.1205,-7.754635E-05,16.8075,0
1.1214,-0.0003917601,16.821,0,1.1214,-9.097429E-05,16.821,0
1.1223,-0.0002470741,16.8345,0,1.1223,-0.0002014191,16.8345,0
1.1232,-0.0002312963,16.848,0,1.1232,-9.097429E-05,16.848,0
1.1241,-0.0003289845,16.8615,0,1.1241,-0.0001000381,16.8615,0
1.125,-0.0001943694,16.875,0,1.125,-0.000119173,16.875,0
1.1259,0.000189334,16.8885,0,1.1259,-3.323415E-05,16.8885,0
1.1268,0.0001265583,16.902,0,1.1268,0.0001037308,16.902,0
1.1277,9.198138E-05,16.9155,0,1.1277,-4.36408E-06,16.9155,0
1.1286,0.0002252537,16.929,0,1.1286,-9.030289E-05,16.929,0
1.1295,-4.53193E-05,16.9425,0,1.1295,1.779202E-05,16.9425,0
1.1304,-0.0002208896,16.956,0,1.1304,-5.941863E-05,16.956,0
1.1313,-0.0001117876,16.9695,0,1.1313,-0.000148043,16.9695,0
1.1322,-0.0001349508,16.983,0,1.1322,-0.000158114,16.983,0
1.1331,-0.0002863508,16.9965,0,1.1331,-0.0001067521,16.9965,0
1.134,-7.721065E-06,17.01,0,1.134,-8.627451E-05,17.01,0
1.1349,8.96315E-05,17.0235,0,1.1349,3.021286E-06,17.0235,0
1.1358,0.0001443503,17.037,0,1.1358,4.968337E-05,17.037,0
1.1367,0.0002789654,17.0505,0,1.1367,8.459602E-05,17.0505,0
1.1376,0.0004813916,17.064,0,1.1376,0.0001171588,17.064,0
1.1385,0.000383032,17.0775,0,1.1385,0.0003722896,17.0775,0
1.1394,0.0003001145,17.091,0,1.1394,0.0006227207,17.091,0
1.1403,0.0001359579,17.1045,0,1.1403,0.0005542382,17.1045,0
1.1412,6.848249E-05,17.118,0,1.1412,0.0001641566,17.118,0
1.1421,0.0001685206,17.1315,0,1.1421,-9.835965E-05,17.1315,0
1.143,4.934768E-05,17.145,0,1.143,1.846342E-05,17.145,0
1.1439,-6.881819E-05,17.1585,0,1.1439,-5.706874E-06,17.1585,0
1.1448,6.61326E-05,17.172,0,1.1448,-8.493171E-05,17.172,0
1.1457,0.0002017548,17.1855,0,1.1457,3.121996E-05,17.1855,0
1.1466,-2.484169E-05,17.199,0,1.1466,0.0002920577,17.199,0
1.1475,-2.28275E-05,17.2125,0,1.1475,0.0002380102,17.2125,0
1.1484,1.678492E-06,17.226,0,1.1484,0.0001386435,17.226,0
1.1493,8.191043E-05,17.2395,0,1.1493,-4.699779E-06,17.2395,0
1.1502,1.846342E-05,17.253,0,1.1502,7.049668E-06,17.253,0
1.1511,-0.0002564736,17.2665,0,1.1511,-5.539025E-05,17.2665,0
1.152,-0.0001127947,17.28,0,1.152,-0.0001084306,17.28,0
1.1529,-1.376364E-05,17.2935,0,1.1529,-0.0001074235,17.2935,0
1.1538,-0.0001060807,17.307,0,1.1538,-8.392462E-06,17.307,0
1.1547,4.129091E-05,17.3205,0,1.1547,-1.913481E-05,17.3205,0
1.1556,8.224613E-05,17.334,0,1.1556,-0.0001399863,17.334,0
1.1565,-2.652018E-05,17.3475,0,1.1565,2.887007E-05,17.3475,0
1.1574,8.96315E-05,17.361,0,1.1574,-7.519646E-05,17.361,0
1.1583,5.471885E-05,17.3745,0,1.1583,-0.0003350271,17.3745,0
1.1592,1.779202E-05,17.388,0,1.1592,-0.000288365,17.388,0
1.1601,-0.0001245441,17.4015,0,1.1601,-0.0002789654,17.4015,0
1.161,-9.533837E-05,17.415,0,1.161,-0.0002074617,17.415,0
1.1619,-2.18204E-05,17.4285,0,1.1619,-0.0001846342,17.4285,0
1.1628,6.277562E-05,17.442,0,1.1628,-0.0001456931,17.442,0
1.1637,0.0001789273,17.4555,0,1.1637,0.0001164874,17.4555,0
1.1646,0.0001111162,17.469,0,1.1646,6.009003E-05,17.469,0
1.1655,9.970245E-05,17.4825,0,1.1655,-0.0002104829,17.4825,0
1.1664,0.0001994049,17.496,0,1.1664,-0.0005163043,17.496,0
1.1673,-3.054856E-05,17.5095,0,1.1673,-0.0004072023,17.5095,0
1.1682,-9.231708E-05,17.523,0,1.1682,-0.0002934005,17.523,0
1.1691,0.0001393149,17.5365,0,1.1691,-0.0004028382,17.5365,0
1.17,4.599069E-05,17.55,0,1.17,5.203327E-05,17.55,0
1.1709,-0.0001178302,17.5635,0,1.1709,0.0007710994,17.5635,0
1.1718,-3.256275E-05,17.577,0,1.1718,0.000829511,17.577,0
1.1727,9.164568E-05,17.5905,0,1.1727,0.0005730373,17.5905,0
1.1736,-9.567407E-05,17.604,0,1.1736,0.0003367056,17.604,0
1.1745,-5.539025E-05,17.6175,0,1.1745,0.0001205158,17.6175,0
1.1754,5.035477E-05,17.631,0,1.1754,-3.994812E-05,17.631,0
1.1763,2.417029E-05,17.6445,0,1.1763,-0.0001950408,17.6445,0
1.1772,-0.0001295796,17.658,0,1.1772,-0.0001319295,17.658,0
1.1781,-0.0003662471,17.6715,0,1.1781,-0.0001564355,17.6715,0
1.179,-0.0002910506,17.685,0,1.179,-0.0001618067,17.685,0
1.1799,-0.0001913481,17.6985,0,1.1799,2.18204E-05,17.6985,0
1.1808,-0.000164828,17.712,0,1.1808,0.0001356222,17.712,0
1.1817,-6.243992E-05,17.7255,0,1.1817,-4.46479E-05,17.7255,0
1.1826,0.0002840009,17.739,0,1.1826,-0.000193698,17.739,0
1.1835,0.000408545,17.7525,0,1.1835,-4.39765E-05,17.7525,0
1.1844,0.0002239109,17.766,0,1.1844,9.735256E-06,17.766,0
1.1853,0.0001060807,17.7795,0,1.1853,-5.169757E-05,17.7795,0
1.1862,-3.558404E-05,17.793,0,1.1862,-1.678492E-06,17.793,0
1.1871,-0.0002054475,17.8065,0,1.1871,2.1149E-05,17.8065,0
1.188,-0.0001399863,17.82,0,1.188,-4.599069E-05,17.82,0
1.1889,-0.0001695277,17.8335,0,1.1889,-8.92958E-05,17.8335,0
1.1898,6.64683E-05,17.847,0,1.1898,-0.0001319295,17.847,0
1.1907,0.000185977,17.8605,0,1.1907,-5.069047E-05,17.8605,0
1.1916,-2.349889E-06,17.874,0,1.1916,-0.0001910124,17.874,0
1.1925,3.457694E-05,17.8875,0,1.1925,-0.00024271,17.8875,0
1.1934,-3.121996E-05,17.901,0,1.1934,-0.0001597925,17.901,0
1.1943,-0.0001863127,17.9145,0,1.1943,-9.399558E-06,17.9145,0
1.1952,0.0001715419,17.928,0,1.1952,2.047761E-05,17.928,0
1.1961,0.0005142901,17.9415,0,1.1961,3.088426E-05,17.9415,0
1.197,0.0001567712,17.955,0,1.197,0.0002077974,17.955,0
1.1979,-7.217517E-05,17.9685,0,1.1979,7.620356E-05,17.9685,0
1.1988,0.0001299153,17.982,0,1.1988,-0.000119173,17.982,0
1.1997,0.0001560998,17.9955,0,1.1997,7.049668E-06,17.9955,0
1.2006,-6.814679E-05,18.009,0,1.2006,0.0001527428,18.009,0
1.2015,-1.846342E-05,18.0225,0,1.2015,9.399557E-05,18.0225,0
1.2024,-0.0002292821,18.036,0,1.2024,4.028382E-06,18.036,0
1.2033,-0.0003118639,18.0495,0,1.2033,-9.567407E-05,18.0495,0
1.2042,-0.0004810559,18.063,0,1.2042,-0.0001386435,18.063,0
1.2051,-0.0006975814,18.0765,0,1.2051,-0.0001947051,18.0765,0
1.206,-0.0005498741,18.09,0,1.206,-0.0002564736,18.09,0
1.2069,-0.0002813153,18.1035,0,1.2069,-0.0001651637,18.1035,0
1.2078,-0.0002047761,18.117,0,1.2078,-2.349889E-06,18.117,0
1.2087,-1.544213E-05,18.1305,0,1.2087,-9.063859E-06,18.1305,0
1.2096,0.0001262226,18.144,0,1.2096,-0.0001346151,18.144,0
1.2105,3.457694E-05,18.1575,0,1.2105,2.24918E-05,18.1575,0
1.2114,-0.0002024262,18.171,0,1.2114,-0.0001174945,18.171,0
1.2123,-0.0001087663,18.1845,0,1.2123,-0.0004149233,18.1845,0
1.2132,-6.54612E-05,18.198,0,1.2132,-0.0003494621,18.198,0
1.2141,-0.0002064546,18.2115,0,1.2141,-0.0001822843,18.2115,0
1.215,-0.0002319677,18.225,0,1.215,-8.92958E-05,18.225,0
1.2159,-9.164568E-05,18.2385,0,1.2159,0.0001735561,18.2385,0
1.2168,6.881819E-05,18.252,0,1.2168,0.0004625925,18.252,0
1.2177,8.82887E-05,18.2655,0,1.2177,0.0004877699,18.2655,0
1.2186,0.000140322,18.279,0,1.2186,0.000379675,18.279,0
1.2195,8.89601E-05,18.2925,0,1.2195,0.0002353246,18.2925,0
1.2204,0.000161471,18.306,0,1.2204,0.0001769131,18.306,0
1.2213,4.599069E-05,18.3195,0,1.2213,0.0002551308,18.3195,0
1.2222,0.0001164874,18.333,0,1.2222,0.0001393149,18.333,0
1.2231,0.0002380102,18.3465,0,1.2231,-4.39765E-05,18.3465,0
1.224,3.793393E-05,18.36,0,1.224,1.477073E-05,18.36,0
1.2249,4.632639E-05,18.3735,0,1.2249,-4.867628E-05,18.3735,0
1.2258,0.0001312581,18.387,0,1.2258,-0.0001762417,18.387,0
1.2267,-4.028382E-06,18.4005,0,1.2267,-0.0001275654,18.4005,0
1.2276,3.860533E-05,18.414,0,1.2276,-8.224613E-05,18.414,0
1.2285,2.18204E-05,18.4275,0,1.2285,-8.023193E-05,18.4275,0
1.2294,2.21561E-05,18.441,0,1.2294,-8.86244E-05,18.441,0
1.2303,0.0001853056,18.4545,0,1.2303,-0.0001712062,18.4545,0
1.2312,0.0001728847,18.468,0,1.2312,-2.014191E-06,18.468,0
1.2321,-6.042573E-06,18.4815,0,1.2321,-7.083238E-05,18.4815,0
1.233,3.927672E-05,18.495,0,1.233,-0.0002151827,18.495,0
1.2339,0.0001889983,18.5085,0,1.2339,-0.0002057832,18.5085,0
1.2348,-6.243992E-05,18.522,0,1.2348,4.733349E-05,18.522,0
1.2357,4.36408E-06,18.5355,0,1.2357,0.0001755703,18.5355,0
1.2366,0.0002823224,18.549,0,1.2366,8.560311E-05,18.549,0
1.2375,1.712062E-05,18.5625,0,1.2375,0.0002346532,18.5625,0
1.2384,6.143282E-05,18.576,0,1.2384,0.0002265965,18.576,0
1.2393,0.0002104829,18.5895,0,1.2393,2.24918E-05,18.5895,0
1.2402,0.0002588235,18.603,0,1.2402,7.418937E-05,18.603,0
1.2411,2.887007E-05,18.6165,0,1.2411,9.500267E-05,18.6165,0
1.242,9.198138E-05,18.63,0,1.242,-5.136187E-05,18.63,0
1.2429,0.0001285725,18.6435,0,1.2429,-0.0001315938,18.6435,0
1.2438,8.96315E-05,18.657,0,1.2438,-0.0004149233,18.657,0
1.2447,-1.443504E-05,18.6705,0,1.2447,-0.0004582284,18.6705,0
1.2456,-0.0001279011,18.684,0,1.2456,-0.0004659495,18.684,0
1.2465,-0.0001490501,18.6975,0,1.2465,-0.0004619211,18.6975,0
1.2474,-7.721065E-06,18.711,0,1.2474,-0.0004095522,18.711,0
1.2483,-1.577783E-05,18.7245,0,1.2483,-0.0001064164,18.7245,0
1.2492,-1.107805E-05,18.738,0,1.2492,0.0001138018,18.738,0
1.2501,0.0001040665,18.7515,0,1.2501,0.0003622186,18.7515,0
1.251,-2.081331E-05,18.765,0,1.251,0.0005925078,18.765,0
1.2519,2.316319E-05,18.7785,0,1.2519,0.0004333867,18.7785,0
1.2528,0.0001493858,18.792,0,1.2528,0.0002910506,18.792,0
1.2537,0.0001420005,18.8055,0,1.2537,0.0001540856,18.8055,0
1.2546,-0.0001077592,18.819,0,1.2546,0.0001527428,18.819,0
1.2555,-5.035477E-05,18.8325,0,1.2555,0.000119173,18.8325,0
1.2564,-1.779202E-05,18.846,0,1.2564,6.344701E-05,18.846,0
1.2573,0.0001228656,18.8595,0,1.2573,-6.61326E-05,18.8595,0
1.2582,3.692683E-05,18.873,0,1.2582,1.174945E-05,18.873,0
1.2591,-8.526741E-05,18.8865,0,1.2591,-6.713969E-06,18.8865,0
1.26,-2.24918E-05,18.9,0,1.26,-7.284657E-05,18.9,0
1.2609,7.721065E-06,18.9135,0,1.2609,-0.0001319295,18.9135,0
1.2618,-0.0001473716,18.927,0,1.2618,-0.0001275654,18.927,0
1.2627,-9.500267E-05,18.9405,0,1.2627,-0.0001795987,18.9405,0
1.2636,-7.855344E-05,18.954,0,1.2636,-0.0002151827,18.954,0
1.2645,-0.0001779202,18.9675,0,1.2645,1.040665E-05,18.9675,0
1.2654,-8.795301E-05,18.981,0,1.2654,-3.659113E-05,18.981,0
1.2663,-2.853437E-05,18.9945,0,1.2663,-0.0001050736,18.9945,0
1.2672,8.023193E-05,19.008,0,1.2672,-3.021286E-05,19.008,0
1.2681,-5.706874E-06,19.0215,0,1.2681,-1.342794E-06,19.0215,0
1.269,-0.0001356222,19.035,0,1.269,-0.0001809415,19.035,0
1.2699,-0.0002376745,19.0485,0,1.2699,-0.0003464408,19.0485,0
1.2708,-0.0001554284,19.062,0,1.2708,-0.0005720302,19.062,0
1.2717,-8.123904E-05,19.0755,0,1.2717,-0.0004713207,19.0755,0
1.2726,0.0001010452,19.089,0,1.2726,-0.0003558404,19.089,0
1.2735,0.000591165,19.1025,0,1.2735,-0.000214847,19.1025,0
1.2744,0.0005656519,19.116,0,1.2744,7.452507E-05,19.116,0
1.2753,0.0001994049,19.1295,0,1.2753,0.000542153,19.1295,0
1.2762,0.000144686,19.143,0,1.2762,0.0006180209,19.143,0
1.2771,0.0001406577,19.1565,0,1.2771,0.0003702754,19.1565,0
1.278,-0.0002235752,19.17,0,1.278,0.0003336843,19.17,0
1.2789,-0.0004105592,19.1835,0,1.2789,0.0002104829,19.1835,0
1.2798,-0.0001997406,19.197,0,1.2798,8.560311E-05,19.197,0
1.2807,-8.191043E-05,19.2105,0,1.2807,0.0001312581,19.2105,0
1.2816,-0.0003236133,19.224,0,1.2816,7.016098E-05,19.224,0
1.2825,-0.0003182421,19.2375,0,1.2825,-7.049668E-06,19.2375,0
1.2834,-0.000221561,19.251,0,1.2834,-0.000119173,19.251,0
1.2843,-5.841154E-05,19.2645,0,1.2843,-0.0001698634,19.2645,0
1.2852,6.948959E-05,19.278,0,1.2852,-0.0001060807,19.278,0
1.2861,0.0001285725,19.2915,0,1.2861,-0.0003179065,19.2915,0
1.287,0.0003085069,19.305,0,1.287,-0.0003971313,19.305,0
1.2879,0.0002547952,19.3185,0,1.2879,-0.0002970932,19.3185,0
1.2888,-0.0001701991,19.332,0,1.2888,-5.169757E-05,19.332,0
1.2897,-0.0004474861,19.3455,0,1.2897,1.443504E-05,19.3455,0
1.2906,-0.0001775845,19.359,0,1.2906,6.6804E-05,19.359,0
1.2915,-0.0001947051,19.3725,0,1.2915,0.0001842985,19.3725,0
1.2924,-0.0001906767,19.386,0,1.2924,0.0001641566,19.386,0
1.2933,-0.0001242084,19.3995,0,1.2933,3.692683E-05,19.3995,0
1.2942,-0.0002161898,19.413,0,1.2942,-6.378271E-06,19.413,0
1.2951,-0.0002742657,19.4265,0,1.2951,-3.054856E-05,19.4265,0
1.296,-0.0001678492,19.44,0,1.296,-0.0001265583,19.44,0
1.2969,-6.814679E-05,19.4535,0,1.2969,-0.0001426719,19.4535,0
1.2978,3.390555E-05,19.467,0,1.2978,-0.0001007095,19.467,0
1.2987,7.385367E-05,19.4805,0,1.2987,-3.256275E-05,19.4805,0
1.2996,3.457694E-05,19.494,0,1.2996,-0.0001916838,19.494,0
1.3005,7.083238E-05,19.5075,0,1.3005,-0.0004914626,19.5075,0
1.3014,3.860533E-05,19.521,0,1.3014,-0.0005935149,19.521,0
1.3023,-3.659113E-05,19.5345,0,1.3023,-0.0003135424,19.5345,0
1.3032,7.620356E-05,19.548,0,1.3032,1.040665E-05,19.548,0
1.3041,0.000246067,19.5615,0,1.3041,0.0003783322,19.5615,0
1.305,7.486076E-05,19.575,0,1.305,0.0007140307,19.575,0
1.3059,0.0001131304,19.5885,0,1.3059,0.0005334249,19.5885,0
1.3068,0.0002695659,19.602,0,1.3068,0.000203769,19.602,0
1.3077,0.000130251,19.6155,0,1.3077,0.000158114,19.6155,0
1.3086,2.517739E-05,19.629,0,1.3086,0.0001279011,19.629,0
1.3095,0.0001366293,19.6425,0,1.3095,6.411841E-05,19.6425,0
1.3104,2.517739E-05,19.656,0,1.3104,0.0001520714,19.656,0
1.3113,0.0001030594,19.6695,0,1.3113,0.0001104448,19.6695,0
1.3122,0.0001416648,19.683,0,1.3122,0.0002064546,19.683,0
1.3131,-1.644922E-05,19.6965,0,1.3131,0.0001453574,19.6965,0
1.314,-2.685588E-06,19.71,0,1.314,4.39765E-05,19.71,0
1.3149,8.426032E-05,19.7235,0,1.3149,6.009003E-05,19.7235,0
1.3158,-6.344701E-05,19.737,0,1.3158,-4.33051E-05,19.737,0
1.3167,-7.721065E-05,19.7505,0,1.3167,-0.0004592355,19.7505,0
1.3176,4.39765E-05,19.764,0,1.3176,-0.0007073167,19.764,0
1.3185,4.263371E-05,19.7775,0,1.3185,-0.000418616,19.7775,0
1.3194,-7.821774E-05,19.791,0,1.3194,-0.0003380484,19.791,0
1.3203,0.0001114519,19.8045,0,1.3203,-0.0002131685,19.8045,0
1.3212,4.36408E-06,19.818,0,1.3212,0.0003165637,19.818,0
1.3221,-0.0001926909,19.8315,0,1.3221,0.0005260395,19.8315,0
1.323,-0.0001134661,19.845,0,1.323,0.0002145113,19.845,0
1.3239,-2.987716E-05,19.8585,0,1.3239,-8.69459E-05,19.8585,0
1.3248,-1.040665E-05,19.872,0,1.3248,-0.0002611734,19.872,0
1.3257,3.323415E-05,19.8855,0,1.3257,-0.0002725872,19.8855,0
1.3266,-1.007095E-05,19.899,0,1.3266,-0.0002030976,19.899,0
1.3275,-9.164568E-05,19.9125,0,1.3275,-4.733349E-05,19.9125,0
1.3284,4.733349E-05,19.926,0,1.3284,0.0001597925,19.926,0
1.3293,-0.0001104448,19.9395,0,1.3293,0.0002252537,19.9395,0
1.3302,2.349889E-06,19.953,0,1.3302,0.0002608377,19.953,0
1.3311,0.0002158541,19.9665,0,1.3311,0.0003038071,19.9665,0
1.332,0.0001470359,19.98,0,1.332,0.0003299916,19.98,0
1.3329,0.0001997406,19.9935,0,1.3329,8.560311E-05,19.9935,0
1.3338,7.016098E-05,20.007,0,1.3338,-0.0002756084,20.007,0
1.3347,-3.256275E-05,20.0205,0,1.3347,-0.0003931029,20.0205,0
1.3356,-6.713969E-06,20.034,0,1.3356,-0.0003111925,20.034,0
1.3365,-9.466698E-05,20.0475,0,1.3365,-0.0002591592,20.0475,0
1.3374,0,20.061,0,1.3374,-0.0001265583,20.061,0
1.3383,0.0002171969,20.0745,0,1.3383,4.028382E-06,20.0745,0
1.3392,0.0001430075,20.088,0,1.3392,0.0001473716,20.088,0
1.3401,0.0002897078,20.1015,0,1.3401,8.023193E-05,20.1015,0
1.341,0.0004931411,20.115,0,1.341,-9.634547E-05,20.115,0
1.3419,0.0006280919,20.1285,0,1.3419,-0.0002061189,20.1285,0
1.3428,0.0003981384,20.142,0,1.3428,-4.699779E-06,20.142,0
1.3437,0.0001030594,20.1555,0,1.3437,-3.894102E-05,20.1555,0
1.3446,-9.365987E-05,20.169,0,1.3446,-0.000470985,20.169,0
1.3455,-0.000503212,20.1825,0,1.3455,-0.0001483787,20.1825,0
1.3464,-0.000558938,20.196,0,1.3464,0.0003259632,20.196,0
1.3473,-0.0003790036,20.2095,0,1.3473,0.0002692302,20.2095,0
1.3482,-0.0003826963,20.223,0,1.3482,0.000330663,20.223,0
1.3491,-0.0004132448,20.2365,0,1.3491,0.0002997787,20.2365,0
1.35,-0.0002269322,20.25,0,1.35,0.000148043,20.25,0
1.3509,-0.0001107805,20.2635,0,1.3509,9.063859E-06,20.2635,0
1.3518,8.560311E-05,20.277,0,1.3518,-0.0001198444,20.277,0
1.3527,-5.706874E-06,20.2905,0,1.3527,2.316319E-05,20.2905,0
1.3536,-0.0001933623,20.304,0,1.3536,-6.78111E-05,20.304,0
1.3545,-0.0003749752,20.3175,0,1.3545,-0.0002336461,20.3175,0
1.3554,-0.0003843748,20.331,0,1.3554,-0.0003001145,20.331,0
1.3563,-0.0004904555,20.3445,0,1.3563,-0.0002386816,20.3445,0
1.3572,-0.0004689708,20.358,0,1.3572,-0.0002544594,20.358,0
1.3581,-0.000186984,20.3715,0,1.3581,-0.0002688945,20.3715,0
1.359,-9.063859E-05,20.385,0,1.359,-3.524834E-05,20.385,0
1.3599,-4.36408E-05,20.3985,0,1.3599,0.0001795987,20.3985,0
1.3608,0.0001816129,20.412,0,1.3608,0.0002195468,20.412,0
1.3617,0.000190341,20.4255,0,1.3617,0.0001752346,20.4255,0
1.3626,-1.309224E-05,20.439,0,1.3626,0.0001138018,20.439,0
1.3635,5.505455E-05,20.4525,0,1.3635,1.678492E-05,20.4525,0
1.3644,4.699779E-06,20.466,0,1.3644,1.577783E-05,20.466,0
1.3653,0.0001044022,20.4795,0,1.3653,-6.881819E-05,20.4795,0
1.3662,2.1149E-05,20.493,0,1.3662,3.088426E-05,20.493,0
1.3671,-9.063859E-06,20.5065,0,1.3671,2.584878E-05,20.5065,0
1.368,0.000130251,20.52,0,1.368,-7.956054E-05,20.52,0
1.3689,0.0001661708,20.5335,0,1.3689,-0.0002007477,20.5335,0
1.3698,5.740444E-05,20.547,0,1.3698,-3.659113E-05,20.547,0
1.3707,7.217517E-05,20.5605,0,1.3707,-2.618448E-05,20.5605,0
1.3716,9.903105E-05,20.574,0,1.3716,-0.0002057832,20.574,0
1.3725,9.399558E-06,20.5875,0,1.3725,-8.72816E-05,20.5875,0
1.3734,7.217517E-05,20.601,0,1.3734,-1.376364E-05,20.601,0
1.3743,8.69459E-05,20.6145,0,1.3743,-6.344701E-05,20.6145,0
1.3752,0.0001174945,20.628,0,1.3752,-2.517739E-05,20.628,0
1.3761,7.788205E-05,20.6415,0,1.3761,6.076142E-05,20.6415,0
1.377,5.035477E-06,20.655,0,1.377,2.517739E-05,20.655,0
1.3779,3.021286E-06,20.6685,0,1.3779,1.577783E-05,20.6685,0
1.3788,0.000144686,20.682,0,1.3788,-5.337606E-05,20.682,0
1.3797,8.493171E-05,20.6955,0,1.3797,1.879912E-05,20.6955,0
1.3806,-6.042573E-05,20.709,0,1.3806,-2.316319E-05,20.709,0
1.3815,6.378271E-06,20.7225,0,1.3815,-0.000140322,20.7225,0
1.3824,5.606165E-05,20.736,0,1.3824,-3.591974E-05,20.736,0
1.3833,-7.687495E-05,20.7495,0,1.3833,0.0001440146,20.7495,0
1.3842,3.491264E-05,20.763,0,1.3842,4.733349E-05,20.763,0
1.3851,0.0001349508,20.7765,0,1.3851,-5.203327E-05,20.7765,0
1.386,-5.706874E-06,20.79,0,1.386,9.265278E-05,20.79,0
1.3869,-0.0001077592,20.8035,0,1.3869,3.189136E-05,20.8035,0
1.3878,1.040665E-05,20.817,0,1.3878,-5.673304E-05,20.817,0
1.3887,0.0001577783,20.8305,0,1.3887,8.627451E-05,20.8305,0
1.3896,-0.0001255512,20.844,0,1.3896,8.023193E-05,20.844,0
1.3905,-6.74754E-05,20.8575,0,1.3905,-3.356985E-07,20.8575,0
1.3914,2.584878E-05,20.871,0,1.3914,2.349889E-05,20.871,0
1.3923,3.155566E-05,20.8845,0,1.3923,-5.035477E-05,20.8845,0
1.3932,4.263371E-05,20.898,0,1.3932,2.786297E-05,20.898,0
1.3941,-0.000200412,20.9115,0,1.3941,5.035477E-06,20.9115,0
1.395,-0.0001339437,20.925,0,1.395,-7.016098E-05,20.925,0
1.3959,6.210422E-05,20.9385,0,1.3959,4.699779E-06,20.9385,0
1.3968,-0.0001027237,20.952,0,1.3968,0.0001178302,20.952,0
1.3977,-0.0001742275,20.9655,0,1.3977,-7.956054E-05,20.9655,0
1.3986,5.404745E-05,20.979,0,1.3986,-0.0001493858,20.979,0
1.3995,1.007095E-06,20.9925,0,1.3995,-1.007095E-05,20.9925,0
1.4004,5.069047E-05,21.006,0,1.4004,-6.009003E-05,21.006,0
1.4013,1.007095E-05,21.0195,0,1.4013,-0.0002057832,21.0195,0
1.4022,5.471885E-05,21.033,0,1.4022,-0.0001748989,21.033,0
1.4031,-2.551309E-05,21.0465,0,1.4031,-3.793393E-05,21.0465,0
1.404,7.721065E-06,21.06,0,1.404,-3.927672E-05,21.06,0
1.4049,6.51255E-05,21.0735,0,1.4049,-0.0001393149,21.0735,0
1.4058,6.948959E-05,21.087,0,1.4058,-0.0002091402,21.087,0
1.4067,2.887007E-05,21.1005,0,1.4067,-0.0001218585,21.1005,0
1.4076,-3.289845E-05,21.114,0,1.4076,-0.0002688945,21.114,0
1.4085,-1.712062E-05,21.1275,0,1.4085,-0.0003558404,21.1275,0
1.4094,-5.236896E-05,21.141,0,1.4094,-0.0002903792,21.141,0
1.4103,-0.000112459,21.1545,0,1.4103,3.021286E-05,21.1545,0
1.4112,5.304036E-05,21.168,0,1.4112,0.0002225681,21.168,0
1.4121,0.000102388,21.1815,0,1.4121,0.0004333867,21.1815,0
1.413,6.713969E-07,21.195,0,1.413,0.000477699,21.195,0
1.4139,0.0001510643,21.2085,0,1.4139,0.000207126,21.2085,0
1.4148,0.0001795987,21.222,0,1.4148,1.678492E-05,21.222,0
1.4157,0.0002645304,21.2355,0,1.4157,0.0001017166,21.2355,0
1.4166,9.164568E-05,21.249,0,1.4166,0.0002695659,21.249,0
1.4175,3.088426E-05,21.2625,0,1.4175,0.0001953765,21.2625,0
1.4184,-7.217517E-05,21.276,0,1.4184,0.0001258869,21.276,0
1.4193,5.539025E-05,21.2895,0,1.4193,-2.719158E-05,21.2895,0
1.4202,2.551309E-05,21.303,0,1.4202,4.028382E-05,21.303,0
1.4211,-0.0001873197,21.3165,0,1.4211,8.69459E-05,21.3165,0
1.422,-9.433127E-05,21.33,0,1.422,-6.713969E-06,21.33,0
1.4229,0.0001070878,21.3435,0,1.4229,-3.994812E-05,21.3435,0
1.4238,-7.888914E-05,21.357,0,1.4238,6.881819E-05,21.357,0
1.4247,-0.0001275654,21.3705,0,1.4247,8.728161E-06,21.3705,0
1.4256,4.263371E-05,21.384,0,1.4256,-0.0002192111,21.384,0
1.4265,-4.196231E-05,21.3975,0,1.4265,-0.0001339437,21.3975,0
1.4274,-5.606165E-05,21.411,0,1.4274,-0.0001846342,21.411,0
1.4283,-8.392462E-06,21.4245,0,1.4283,-0.0003890745,21.4245,0
1.4292,2.24918E-05,21.438,0,1.4292,-0.0002319677,21.438,0
1.4301,-0.0002124971,21.4515,0,1.4301,2.719158E-05,21.4515,0
1.431,-0.000203769,21.465,0,1.431,5.001907E-05,21.465,0
1.4319,-0.0003759823,21.4785,0,1.4319,2.685588E-06,21.4785,0
1.4328,-0.0002628519,21.492,0,1.4328,5.035477E-06,21.492,0
1.4337,-3.961242E-05,21.5055,0,1.4337,2.1149E-05,21.5055,0
1.4346,5.539025E-05,21.519,0,1.4346,-8.191043E-05,21.519,0
1.4355,0.0002789654,21.5325,0,1.4355,-6.210422E-05,21.5325,0
1.4364,0.0004437934,21.546,0,1.4364,7.116808E-05,21.546,0
1.4373,0.0002843366,21.5595,0,1.4373,9.097429E-05,21.5595,0
1.4382,0.0001151446,21.573,0,1.4382,-7.385367E-06,21.573,0
1.4391,0.0002423743,21.5865,0,1.4391,-0.0001332723,21.5865,0
1.44,0.0002051118,21.6,0,1.44,-6.948959E-05,21.6,0
1.4409,-6.881819E-05,21.6135,0,1.4409,-2.584878E-05,21.6135,0
1.4418,-7.956054E-05,21.627,0,1.4418,-0.0001077592,21.627,0
1.4427,1.510643E-05,21.6405,0,1.4427,-0.000144686,21.6405,0
1.4436,-0.00018262,21.654,0,1.4436,-5.606165E-05,21.654,0
1.4445,-0.0002155184,21.6675,0,1.4445,-5.471885E-05,21.6675,0
1.4454,-0.000154757,21.681,0,1.4454,-6.848249E-05,21.681,0
1.4463,-0.0001225299,21.6945,0,1.4463,-0.0001218585,21.6945,0
1.4472,-7.284657E-05,21.708,0,1.4472,-3.659113E-05,21.708,0
1.4481,-3.323415E-05,21.7215,0,1.4481,-6.411841E-05,21.7215,0
1.449,3.054856E-05,21.735,0,1.449,-0.0001863127,21.735,0
1.4499,-1.779202E-05,21.7485,0,1.4499,-0.0001997406,21.7485,0
1.4508,-0.0001634852,21.762,0,1.4508,-8.795301E-05,21.762,0
1.4517,-0.0001198444,21.7755,0,1.4517,-7.284657E-05,21.7755,0
1.4526,-8.92958E-05,21.789,0,1.4526,-6.411841E-05,21.789,0
1.4535,-0.0003561761,21.8025,0,1.4535,4.733349E-05,21.8025,0
1.4544,-0.0003706111,21.816,0,1.4544,0.0001537499,21.816,0
1.4553,-0.0001842985,21.8295,0,1.4553,0.0001460288,21.8295,0
1.4562,-0.0001658351,21.843,0,1.4562,0.0001473716,21.843,0
1.4571,-0.0001000381,21.8565,0,1.4571,0.000109102,21.8565,0
1.458,0.0002131685,21.87,0,1.458,5.740444E-05,21.87,0
1.4589,0.0003474479,21.8835,0,1.4589,0.0001030594,21.8835,0
1.4598,0.0003111925,21.897,0,1.4598,4.129091E-05,21.897,0
1.4607,0.0002413672,21.9105,0,1.4607,3.189136E-05,21.9105,0
1.4616,3.356985E-05,21.924,0,1.4616,-0.0001926909,21.924,0
1.4625,-8.728161E-06,21.9375,0,1.4625,-0.0003132067,21.9375,0
1.4634,7.620356E-05,21.951,0,1.4634,-0.0002547952,21.951,0
1.4643,5.706874E-06,21.9645,0,1.4643,-0.0001232013,21.9645,0
1.4652,-4.733349E-05,21.978,0,1.4652,-7.385367E-06,21.978,0
1.4661,0.0001769131,21.9915,0,1.4661,0.0001453574,21.9915,0
1.467,6.411841E-05,22.005,0,1.467,0.0004424506,22.005,0
1.4679,-0.0001315938,22.0185,0,1.4679,0.0002907149,22.0185,0
1.4688,1.275654E-05,22.032,0,1.4688,-6.74754E-05,22.032,0
1.4697,0.0001641566,22.0455,0,1.4697,-0.0001517357,22.0455,0
1.4706,-7.888914E-05,22.059,0,1.4706,-0.0001624781,22.059,0
1.4715,-3.256275E-05,22.0725,0,1.4715,-9.365987E-05,22.0725,0
1.4724,-1.208515E-05,22.086,0,1.4724,-0.0001467002,22.086,0
1.4733,1.309224E-05,22.0995,0,1.4733,-0.0003884031,22.0995,0
1.4742,-0.0001050736,22.113,0,1.4742,-0.0001292439,22.113,0
1.4751,-0.0002312963,22.1265,0,1.4751,6.042573E-05,22.1265,0
1.476,-0.0001077592,22.14,0,1.476,0.0003380484,22.14,0
1.4769,9.063859E-06,22.1535,0,1.4769,0.0004615854,22.1535,0
1.4778,-1.577783E-05,22.167,0,1.4778,0.0004394293,22.167,0
1.4787,-2.349889E-05,22.1805,0,1.4787,0.0002155184,22.1805,0
1.4796,5.169757E-05,22.194,0,1.4796,-0.0001117876,22.194,0
1.4805,1.309224E-05,22.2075,0,1.4805,1.174945E-05,22.2075,0
1.4814,4.968337E-05,22.221,0,1.4814,-9.164568E-05,22.221,0
1.4823,-4.599069E-05,22.2345,0,1.4823,-0.000203769,22.2345,0
1.4832,1.007095E-05,22.248,0,1.4832,8.392462E-05,22.248,0
1.4841,9.735256E-06,22.2615,0,1.4841,0.0003259632,22.2615,0
1.485,-4.699779E-05,22.275,0,1.485,0.0001876554,22.275,0
1.4859,1.980621E-05,22.2885,0,1.4859,2.517739E-05,22.2885,0
1.4868,0.0001661708,22.302,0,1.4868,-0.0001654994,22.302,0
1.4877,5.203327E-05,22.3155,0,1.4877,-0.0001628138,22.3155,0
1.4886,5.975433E-05,22.329,0,1.4886,-0.0001295796,22.329,0
1.4895,0.0001980621,22.3425,0,1.4895,-5.572595E-05,22.3425,0
1.4904,0.0002588235,22.356,0,1.4904,7.183947E-05,22.356,0
1.4913,-4.196231E-05,22.3695,0,1.4913,3.524834E-05,22.3695,0
1.4922,-2.349889E-05,22.383,0,1.4922,-9.433127E-05,22.383,0
1.4931,0.0001497215,22.3965,0,1.4931,-0.0001416648,22.3965,0
1.494,2.349889E-06,22.41,0,1.494,4.29694E-05,22.41,0
1.4949,-8.459602E-05,22.4235,0,1.4949,2.685588E-06,22.4235,0
1.4958,8.157473E-05,22.437,0,1.4958,-0.0002500954,22.437,0
1.4967,9.735256E-06,22.4505,0,1.4967,-0.0001399863,22.4505,0
1.4976,-0.0001148089,22.464,0,1.4976,-6.78111E-05,22.464,0
1.4985,-9.298848E-05,22.4775,0,1.4985,-0.0001493858,22.4775,0
1.4994,-0.0002135042,22.491,0,1.4994,-0.0002111543,22.491,0
1.5003,-0.0002118257,22.5045,0,1.5003,-0.0002195468,22.5045,0
1.5012,-0.000115816,22.518,0,1.5012,-0.0001732204,22.518,0
1.5021,-0.0003638972,22.5315,0,1.5021,-0.0002776226,22.5315,0
1.503,-0.0002235752,22.545,0,1.503,-0.0001842985,22.545,0
1.5039,0.0001930266,22.5585,0,1.5039,-7.586786E-05,22.5585,0
1.5048,6.277562E-05,22.572,0,1.5048,4.901198E-05,22.572,0
1.5057,-0.0001050736,22.5855,0,1.5057,0.0001514,22.5855,0
1.5066,3.961242E-05,22.599,0,1.5066,0.000197055,22.599,0
1.5075,8.157473E-05,22.6125,0,1.5075,0.0002615091,22.6125,0
1.5084,0.000190341,22.626,0,1.5084,0.0001607996,22.626,0
1.5093,0.0001493858,22.6395,0,1.5093,3.356985E-07,22.6395,0
1.5102,0.0001866484,22.653,0,1.5102,-1.443504E-05,22.653,0
1.5111,6.713969E-06,22.6665,0,1.5111,-8.291753E-05,22.6665,0
1.512,-9.735256E-06,22.68,0,1.512,-0.0001722133,22.68,0
1.5129,0.0001641566,22.6935,0,1.5129,-0.0001487144,22.6935,0
1.5138,0.0002091402,22.707,0,1.5138,-0.0002104829,22.707,0
1.5147,0.0001983978,22.7205,0,1.5147,-4.061952E-05,22.7205,0
1.5156,0.0001188373,22.734,0,1.5156,0.0001621424,22.734,0
1.5165,-2.1149E-05,22.7475,0,1.5165,8.69459E-05,22.7475,0
1.5174,-0.0001319295,22.761,0,1.5174,-2.316319E-05,22.761,0
1.5183,-0.0002165255,22.7745,0,1.5183,7.553216E-05,22.7745,0
1.5192,-0.0001399863,22.788,0,1.5192,-4.33051E-05,22.788,0
1.5201,-9.970245E-05,22.8015,0,1.5201,-0.0001789273,22.8015,0
1.521,-0.0001188373,22.815,0,1.521,-6.042573E-05,22.815,0
1.5219,-8.291753E-05,22.8285,0,1.5219,1.913481E-05,22.8285,0
1.5228,-6.378271E-05,22.842,0,1.5228,3.927672E-05,22.842,0
1.5237,-0.0001651637,22.8555,0,1.5237,6.61326E-05,22.8555,0
1.5246,-0.0001940337,22.869,0,1.5246,4.263371E-05,22.869,0
1.5255,-0.000186984,22.8825,0,1.5255,-3.524834E-05,22.8825,0
1.5264,-0.0001849699,22.896,0,1.5264,-1.376364E-05,22.896,0
1.5273,-8.459602E-05,22.9095,0,1.5273,-5.539025E-05,22.9095,0
1.5282,-1.544213E-05,22.923,0,1.5282,8.86244E-05,22.923,0
1.5291,-8.191043E-05,22.9365,0,1.5291,1.712062E-05,22.9365,0
1.53,-0.0001030594,22.95,0,1.53,-9.500267E-05,22.95,0
1.5309,7.888914E-05,22.9635,0,1.5309,-1.913481E-05,22.9635,0
1.5318,-0.0001352865,22.977,0,1.5318,7.888914E-05,22.977,0
1.5327,-0.0001117876,22.9905,0,1.5327,1.174945E-05,22.9905,0
1.5336,5.035477E-05,23.004,0,1.5336,-0.0001393149,23.004,0
1.5345,-0.0001483787,23.0175,0,1.5345,-7.351797E-05,23.0175,0
1.5354,-0.0001661708,23.031,0,1.5354,-0.0001554284,23.031,0
1.5363,-6.814679E-05,23.0445,0,1.5363,-0.0002923934,23.0445,0
1.5372,0.0001322652,23.058,0,1.5372,-9.701686E-05,23.058,0
1.5381,0.0001430075,23.0715,0,1.5381,-2.584878E-05,23.0715,0
1.539,0.0003078355,23.085,0,1.539,1.007095E-06,23.085,0
1.5399,0.0001514,23.0985,0,1.5399,0.0001346151,23.0985,0
1.5408,0.0001493858,23.112,0,1.5408,0.0001359579,23.112,0
1.5417,9.634547E-05,23.1255,0,1.5417,0.0001148089,23.1255,0
1.5426,3.860533E-05,23.139,0,1.5426,0.0001070878,23.139,0
1.5435,6.009003E-05,23.1525,0,1.5435,7.821774E-05,23.1525,0
1.5444,0.0001171588,23.166,0,1.5444,4.733349E-05,23.166,0
1.5453,3.994812E-05,23.1795,0,1.5453,8.023193E-05,23.1795,0
1.5462,-2.484169E-05,23.193,0,1.5462,-1.242084E-05,23.193,0
1.5471,0.0001393149,23.2065,0,1.5471,-0.0001117876,23.2065,0
1.548,8.82887E-05,23.22,0,1.548,-2.450599E-05,23.22,0
1.5489,-7.452507E-05,23.2335,0,1.5489,-4.36408E-06,23.2335,0
1.5498,7.116808E-05,23.247,0,1.5498,-0.0001591211,23.247,0
1.5507,6.277562E-05,23.2605,0,1.5507,-0.0001530785,23.2605,0
1.5516,-0.0001104448,23.274,0,1.5516,-0.0001591211,23.274,0
1.5525,-8.72816E-05,23.2875,0,1.5525,-0.000189334,23.2875,0
1.5534,-5.706874E-06,23.301,0,1.5534,-5.841154E-05,23.301,0
1.5543,7.888914E-05,23.3145,0,1.5543,0.0002084688,23.3145,0
1.5552,1.040665E-05,23.328,0,1.5552,0.0004293584,23.328,0
1.5561,7.351797E-05,23.3415,0,1.5561,0.0001305867,23.3415,0
1.557,0.0001738918,23.355,0,1.557,-0.0001252155,23.355,0
1.5579,0.0001010452,23.3685,0,1.5579,-0.0002061189,23.3685,0
1.5588,-9.063859E-06,23.382,0,1.5588,-1.846342E-05,23.382,0
1.5597,6.54612E-05,23.3955,0,1.5597,-4.867628E-05,23.3955,0
1.5606,0.000148043,23.409,0,1.5606,-9.298848E-05,23.409,0
1.5615,1.376364E-05,23.4225,0,1.5615,9.701686E-05,23.4225,0
1.5624,-9.365987E-05,23.436,0,1.5624,0.000109102,23.436,0
1.5633,-6.814679E-05,23.4495,0,1.5633,5.035477E-06,23.4495,0
1.5642,0.0001258869,23.463,0,1.5642,0.0001876554,23.463,0
1.5651,-5.102617E-05,23.4765,0,1.5651,0.0002759442,23.4765,0
1.566,-2.21561E-05,23.49,0,1.566,0.0001027237,23.49,0
1.5669,-0.0001228656,23.5035,0,1.5669,2.652018E-05,23.5035,0
1.5678,-6.54612E-05,23.517,0,1.5678,-0.0001084306,23.517,0
1.5687,-0.0001077592,23.5305,0,1.5687,-0.000186984,23.5305,0
1.5696,-0.000327306,23.544,0,1.5696,-0.0001983978,23.544,0
1.5705,-0.0001218585,23.5575,0,1.5705,-0.0002447242,23.5575,0
1.5714,0.0001876554,23.571,0,1.5714,-0.0001990692,23.571,0
1.5723,-3.356985E-07,23.5845,0,1.5723,-5.371176E-06,23.5845,0
1.5732,-5.874724E-05,23.598,0,1.5732,8.526741E-05,23.598,0
1.5741,0.0001500572,23.6115,0,1.5741,2.383459E-05,23.6115,0
1.575,-0.0001080949,23.625,0,1.575,0.0001940337,23.625,0
1.5759,5.874724E-05,23.6385,0,1.5759,0.0001701991,23.6385,0
1.5768,0.0002870222,23.652,0,1.5768,-3.591974E-05,23.652,0
1.5777,0.0003299916,23.6655,0,1.5777,-1.007095E-05,23.6655,0
1.5786,5.740444E-05,23.679,0,1.5786,7.318227E-05,23.679,0
1.5795,-1.544213E-05,23.6925,0,1.5795,-0.0001305867,23.6925,0
1.5804,1.242084E-05,23.706,0,1.5804,-0.0002635233,23.706,0
1.5813,0.0001769131,23.7195,0,1.5813,-0.00024271,23.7195,0
1.5822,0.0002789654,23.733,0,1.5822,-0.0001265583,23.733,0
1.5831,9.835965E-05,23.7465,0,1.5831,-0.0001238727,23.7465,0
1.584,-6.109713E-05,23.76,0,1.584,-0.0001064164,23.76,0
1.5849,8.761731E-05,23.7735,0,1.5849,-1.544213E-05,23.7735,0
1.5858,3.961242E-05,23.787,0,1.5858,2.18204E-05,23.787,0
1.5867,-0.0001601282,23.8005,0,1.5867,-6.982528E-05,23.8005,0
1.5876,-8.560311E-05,23.814,0,1.5876,-0.0001383078,23.814,0
1.5885,-0.0001883268,23.8275,0,1.5885,1.342794E-06,23.8275,0
1.5894,-0.0003685969,23.841,0,1.5894,-1.510643E-05,23.841,0
1.5903,-0.0003212634,23.8545,0,1.5903,-0.0001252155,23.8545,0
1.5912,-0.0002944076,23.868,0,1.5912,-8.291753E-05,23.868,0
1.5921,-0.0003011215,23.8815,0,1.5921,-8.526741E-05,23.8815,0
1.593,-0.0002423743,23.895,0,1.593,-0.0002588235,23.895,0
1.5939,-5.438316E-05,23.9085,0,1.5939,-0.0003269703,23.9085,0
1.5948,0.0003414054,23.922,0,1.5948,-0.0004145876,23.922,0
1.5957,0.000164828,23.9355,0,1.5957,-0.0002641947,23.9355,0
1.5966,-0.0002514381,23.949,0,1.5966,-4.061952E-05,23.949,0
1.5975,-0.0001560998,23.9625,0,1.5975,0.0002269322,23.9625,0
1.5984,-8.82887E-05,23.976,0,1.5984,0.0005220111,23.976,0
1.5993,-0.0002487526,23.9895,0,1.5993,0.0007583429,23.9895,0
1.6002,-2.954147E-05,24.003,0,1.6002,0.000509926,24.003,0
1.6011,7.553216E-05,24.0165,0,1.6011,0.0001379721,24.0165,0
1.602,-0.0001352865,24.03,0,1.602,0.000179263,24.03,0
1.6029,-2.047761E-05,24.0435,0,1.6029,0.0001201801,24.0435,0
1.6038,0.0001292439,24.057,0,1.6038,-1.443504E-05,24.057,0
1.6047,-0.0002568093,24.0705,0,1.6047,-2.014191E-05,24.0705,0
1.6056,-0.0002413672,24.084,0,1.6056,2.014191E-06,24.084,0
1.6065,-3.054856E-05,24.0975,0,1.6065,-4.632639E-05,24.0975,0
1.6074,-4.263371E-05,24.111,0,1.6074,-0.0001037308,24.111,0
1.6083,3.189136E-05,24.1245,0,1.6083,-0.000161471,24.1245,0
1.6092,0.0001332723,24.138,0,1.6092,-1.376364E-05,24.138,0
1.6101,-4.901198E-05,24.1515,0,1.6101,-0.0001346151,24.1515,0
1.611,-2.719158E-05,24.165,0,1.611,-0.0002618448,24.165,0
1.6119,0.0001795987,24.1785,0,1.6119,-0.0002618448,24.1785,0
1.6128,-3.155566E-05,24.192,0,1.6128,-0.0001802701,24.192,0
1.6137,3.524834E-05,24.2055,0,1.6137,-0.0003011215,24.2055,0
1.6146,0.0001514,24.219,0,1.6146,-0.0003555047,24.219,0
1.6155,1.712062E-05,24.2325,0,1.6155,-0.0002302892,24.2325,0
1.6164,1.443504E-05,24.246,0,1.6164,-5.941863E-05,24.246,0
1.6173,0.0001245441,24.2595,0,1.6173,6.814679E-05,24.2595,0
1.6182,0.0001215228,24.273,0,1.6182,0.0003914244,24.273,0
1.6191,1.007095E-06,24.2865,0,1.6191,0.0005176471,24.2865,0
1.62,0.0001795987,24.3,0,1.62,0.0003380484,24.3,0
1.6209,0.0002514381,24.3135,0,1.6209,0.0002051118,24.3135,0
1.6218,5.841154E-05,24.327,0,1.6218,4.733349E-05,24.327,0
1.6227,4.733349E-05,24.3405,0,1.6227,8.224613E-05,24.3405,0
1.6236,9.634547E-05,24.354,0,1.6236,4.901198E-05,24.354,0
1.6245,0.0001131304,24.3675,0,1.6245,-6.6804E-05,24.3675,0
1.6254,0.0001550927,24.381,0,1.6254,-0.0001272297,24.381,0
1.6263,3.726253E-05,24.3945,0,1.6263,8.056763E-06,24.3945,0
1.6272,5.606165E-05,24.408,0,1.6272,-0.0001047379,24.408,0
1.6281,9.970245E-05,24.4215,0,1.6281,-0.0004635996,24.4215,0
1.629,-5.069047E-05,24.435,0,1.629,-0.0005891508,24.435,0
1.6299,-0.0001732204,24.4485,0,1.6299,-0.0006727398,24.4485,0
1.6308,-0.0002141756,24.462,0,1.6308,-0.0007177233,24.462,0
1.6317,-8.627451E-05,24.4755,0,1.6317,-0.0002453956,24.4755,0
1.6326,-0.0001030594,24.489,0,1.6326,0.0001591211,24.489,0
1.6335,-7.620356E-05,24.5025,0,1.6335,0.0005508812,24.5025,0
1.6344,-4.599069E-05,24.516,0,1.6344,0.0007992981,24.516,0
1.6353,1.040665E-05,24.5295,0,1.6353,0.0004635996,24.5295,0
1.6362,7.721065E-06,24.543,0,1.6362,0.0003722896,24.543,0
1.6371,7.083238E-05,24.5565,0,1.6371,0.0002897078,24.5565,0
1.638,5.169757E-05,24.57,0,1.638,0.0001728847,24.57,0
1.6389,0.0001218585,24.5835,0,1.6389,9.970245E-05,24.5835,0
1.6398,-0.0001037308,24.597,0,1.6398,0.0001346151,24.597,0
1.6407,-8.123904E-05,24.6105,0,1.6407,3.121996E-05,24.6105,0
1.6416,0.0001312581,24.624,0,1.6416,-0.0001000381,24.624,0
1.6425,-5.706874E-06,24.6375,0,1.6425,7.183947E-05,24.6375,0
1.6434,-0.0001017166,24.651,0,1.6434,0.0001242084,24.651,0
1.6443,-9.063859E-05,24.6645,0,1.6443,-0.0001591211,24.6645,0
1.6452,-7.721065E-05,24.678,0,1.6452,-0.0001292439,24.678,0
1.6461,-0.0001577783,24.6915,0,1.6461,-0.0001262226,24.6915,0
1.647,-7.553216E-05,24.705,0,1.647,-0.0003192493,24.705,0
1.6479,-0.0001631495,24.7185,0,1.6479,-0.0003011215,24.7185,0
1.6488,-3.692683E-05,24.732,0,1.6488,-0.0002930648,24.732,0
1.6497,6.74754E-05,24.7455,0,1.6497,-9.399558E-06,24.7455,0
1.6506,-5.706874E-06,24.759,0,1.6506,4.46479E-05,24.759,0
1.6515,-3.457694E-05,24.7725,0,1.6515,-5.371176E-05,24.7725,0
1.6524,9.533837E-05,24.786,0,1.6524,-8.291753E-05,24.786,0
1.6533,0.0001255512,24.7995,0,1.6533,5.035477E-06,24.7995,0
1.6542,0.0001634852,24.813,0,1.6542,-6.243992E-05,24.813,0
1.6551,8.69459E-05,24.8265,0,1.6551,-0.0001883268,24.8265,0
1.656,-0.0001054093,24.84,0,1.656,-5.404745E-05,24.84,0
1.6569,-0.0002487526,24.8535,0,1.6569,-4.53193E-05,24.8535,0
1.6578,-0.0001151446,24.867,0,1.6578,-0.0001722133,24.867,0
1.6587,-2.618448E-05,24.8805,0,1.6587,-0.0001144732,24.8805,0
1.6596,-0.0002685588,24.894,0,1.6596,-2.18204E-05,24.894,0
1.6605,-2.652018E-05,24.9075,0,1.6605,-6.814679E-05,24.9075,0
1.6614,0.0001037308,24.921,0,1.6614,-5.874724E-05,24.921,0
1.6623,2.652018E-05,24.9345,0,1.6623,-5.404745E-05,24.9345,0
1.6632,3.256275E-05,24.948,0,1.6632,0.0001037308,24.948,0
1.6641,8.96315E-05,24.9615,0,1.6641,0.000115816,24.9615,0
1.665,0.0002333104,24.975,0,1.665,-6.713969E-07,24.975,0
1.6659,0.0001440146,24.9885,0,1.6659,5.035477E-06,24.9885,0
1.6668,-6.74754E-05,25.002,0,1.6668,8.426032E-05,25.002,0
1.6677,-7.251087E-05,25.0155,0,1.6677,-0.0001054093,25.0155,0
1.6686,-5.035477E-05,25.029,0,1.6686,-0.0003289845,25.029,0
1.6695,-0.0001846342,25.0425,0,1.6695,-0.000175906,25.0425,0
1.6704,-9.365987E-05,25.056,0,1.6704,-0.0001339437,25.056,0
1.6713,4.46479E-05,25.0695,0,1.6713,-0.0001748989,25.0695,0
1.6722,0.0001742275,25.083,0,1.6722,8.157473E-05,25.083,0
1.6731,6.009003E-05,25.0965,0,1.6731,0.0003152209,25.0965,0
1.674,0.0002544594,25.11,0,1.674,0.0002584878,25.11,0
1.6749,7.351797E-05,25.1235,0,1.6749,0.0002020905,25.1235,0
1.6758,-1.007095E-06,25.137,0,1.6758,0.0001728847,25.137,0
1.6767,-1.242084E-05,25.1505,0,1.6767,0.0002944076,25.1505,0
1.6776,-0.0003038071,25.164,0,1.6776,0.0001514,25.164,0
1.6785,-0.0001779202,25.1775,0,1.6785,2.014191E-06,25.1775,0
1.6794,-6.814679E-05,25.191,0,1.6794,-3.826963E-05,25.191,0
1.6803,-0.0001920195,25.2045,0,1.6803,1.040665E-05,25.2045,0
1.6812,-0.000109102,25.218,0,1.6812,-0.0001319295,25.218,0
1.6821,3.054856E-05,25.2315,0,1.6821,-0.0002145113,25.2315,0
1.683,-0.0001618067,25.245,0,1.683,-0.000112459,25.245,0
1.6839,-3.323415E-05,25.2585,0,1.6839,-0.0001819486,25.2585,0
1.6848,4.867628E-05,25.272,0,1.6848,-0.0004548714,25.272,0
1.6857,0.0002061189,25.2855,0,1.6857,-0.0004917983,25.2855,0
1.6866,-7.150377E-05,25.299,0,1.6866,-0.0004783703,25.299,0
1.6875,-5.706874E-06,25.3125,0,1.6875,-0.0003790036,25.3125,0
1.6884,7.754635E-05,25.326,0,1.6884,-4.766919E-05,25.326,0
1.6893,0.0001332723,25.3395,0,1.6893,0.0003565118,25.3395,0
1.6902,0.000119173,25.353,0,1.6902,0.0006818036,25.353,0
1.6911,-2.920577E-05,25.3665,0,1.6911,0.0004535287,25.3665,0
1.692,-9.701686E-05,25.38,0,1.692,0.000260502,25.38,0
1.6929,9.735256E-06,25.3935,0,1.6929,0.0001040665,25.3935,0
1.6938,-3.927672E-05,25.407,0,1.6938,0.0001517357,25.407,0
1.6947,-0.000112459,25.4205,0,1.6947,0.0001218585,25.4205,0
1.6956,0.0001084306,25.434,0,1.6956,7.049668E-06,25.434,0
1.6965,0.0001534142,25.4475,0,1.6965,0.0001524071,25.4475,0
1.6974,-0.0001265583,25.461,0,1.6974,6.6804E-05,25.461,0
1.6983,-0.0001675135,25.4745,0,1.6983,-0.0002997787,25.4745,0
1.6992,2.752728E-05,25.488,0,1.6992,-7.956054E-05,25.488,0
1.7001,-8.69459E-05,25.5015,0,1.7001,0.0001272297,25.5015,0
1.701,-0.000105745,25.515,0,1.701,-0.0001141375,25.515,0
1.7019,9.063859E-06,25.5285,0,1.7019,-0.0001299153,25.5285,0
1.7028,9.063859E-05,25.542,0,1.7028,-0.0001379721,25.542,0
1.7037,7.351797E-05,25.5555,0,1.7037,4.599069E-05,25.5555,0
1.7046,0.0001644923,25.569,0,1.7046,-1.141375E-05,25.569,0
1.7055,0.0001299153,25.5825,0,1.7055,-0.0001675135,25.5825,0
1.7064,0.0001420005,25.596,0,1.7064,-0.0002074617,25.596,0
1.7073,-8.392462E-06,25.6095,0,1.7073,-0.0001349508,25.6095,0
1.7082,2.28275E-05,25.623,0,1.7082,-0.0001695277,25.623,0
1.7091,0.0001255512,25.6365,0,1.7091,-0.0002796368,25.6365,0
1.71,-8.627451E-05,25.65,0,1.71,-7.956054E-05,25.65,0
1.7109,-0.0001097734,25.6635,0,1.7109,-5.337606E-05,25.6635,0
1.7118,3.356985E-05,25.677,0,1.7118,-0.0001863127,25.677,0
1.7127,-0.0001440146,25.6905,0,1.7127,-0.0002534524,25.6905,0
1.7136,-0.0001836271,25.704,0,1.7136,-0.000164828,25.704,0
1.7145,-0.0001080949,25.7175,0,1.7145,9.600977E-05,25.7175,0
1.7154,-0.0001037308,25.731,0,1.7154,0.0001977264,25.731,0
1.7163,-9.735256E-06,25.7445,0,1.7163,0.0001701991,25.7445,0
1.7172,-2.954147E-05,25.758,0,1.7172,0.0004736705,25.758,0
1.7181,-5.572595E-05,25.7715,0,1.7181,0.0005528954,25.7715,0
1.719,7.049668E-06,25.785,0,1.719,0.0003675898,25.785,0
1.7199,0.0001675135,25.7985,0,1.7199,0.0001785916,25.7985,0
1.7208,0.0002319677,25.812,0,1.7208,0.0001362936,25.812,0
1.7217,0.0001889983,25.8255,0,1.7217,5.337606E-05,25.8255,0
1.7226,0.0002621805,25.839,0,1.7226,-0.0001245441,25.839,0
1.7235,9.399557E-05,25.8525,0,1.7235,-3.726253E-05,25.8525,0
1.7244,-1.678492E-05,25.866,0,1.7244,-9.500267E-05,25.866,0
1.7253,0.0001540856,25.8795,0,1.7253,-0.0002648661,25.8795,0
1.7262,-4.901198E-05,25.893,0,1.7262,-0.0001802701,25.893,0
1.7271,-0.0001940337,25.9065,0,1.7271,-0.000112459,25.9065,0
1.728,-4.834058E-05,25.92,0,1.728,-0.0001362936,25.92,0
1.7289,5.606165E-05,25.9335,0,1.7289,-2.584878E-05,25.9335,0
1.7298,1.275654E-05,25.947,0,1.7298,-0.000190341,25.947,0
1.7307,-3.356985E-07,25.9605,0,1.7307,-0.0001782559,25.9605,0
1.7316,6.411841E-05,25.974,0,1.7316,-0.0001326009,25.974,0
1.7325,8.392462E-06,25.9875,0,1.7325,-0.0002158541,25.9875,0
1.7334,1.040665E-05,26.001,0,1.7334,-0.0001923552,26.001,0
1.7343,-8.258183E-05,26.0145,0,1.7343,-3.457694E-05,26.0145,0
1.7352,-0.000200412,26.028,0,1.7352,7.821774E-05,26.028,0
1.7361,-0.0001178302,26.0415,0,1.7361,-4.095522E-05,26.0415,0
1.737,-0.0001104448,26.055,0,1.737,4.095522E-05,26.055,0
1.7379,-0.0001178302,26.0685,0,1.7379,1.947051E-05,26.0685,0
1.7388,0.000112459,26.082,0,1.7388,-0.0001688563,26.082,0
1.7397,0.0004448005,26.0955,0,1.7397,-7.754635E-05,26.0955,0
1.7406,9.835965E-05,26.109,0,1.7406,1.007095E-05,26.109,0
1.7415,-6.143282E-05,26.1225,0,1.7415,-1.779202E-05,26.1225,0
1.7424,-4.766919E-05,26.136,0,1.7424,-2.819867E-05,26.136,0
1.7433,-0.0001299153,26.1495,0,1.7433,-9.030289E-05,26.1495,0
1.7442,-0.0002312963,26.163,0,1.7442,4.196231E-05,26.163,0
1.7451,-0.0003299916,26.1765,0,1.7451,0.0001453574,26.1765,0
1.746,-0.0002742657,26.19,0,1.746,-2.349889E-06,26.19,0
1.7469,-0.0003078355,26.2035,0,1.7469,-8.69459E-05,26.2035,0
1.7478,-0.0004495003,26.217,0,1.7478,8.291753E-05,26.217,0
1.7487,-0.0002930648,26.2305,0,1.7487,3.558404E-05,26.2305,0
1.7496,-4.33051E-05,26.244,0,1.7496,-7.083238E-05,26.244,0
1.7505,-0.0001631495,26.2575,0,1.7505,6.6804E-05,26.2575,0
1.7514,0.0002319677,26.271,0,1.7514,1.678492E-05,26.271,0
1.7523,0.000464271,26.2845,0,1.7523,-0.0001148089,26.2845,0
1.7532,0.0002239109,26.298,0,1.7532,-5.136187E-05,26.298,0
1.7541,7.418937E-05,26.3115,0,1.7541,3.121996E-05,26.3115,0
1.755,5.740444E-05,26.325,0,1.755,-3.256275E-05,26.325,0
1.7559,3.726253E-05,26.3385,0,1.7559,-4.934768E-05,26.3385,0
1.7568,0.0001171588,26.352,0,1.7568,-0.0001322652,26.352,0
1.7577,7.217517E-05,26.3655,0,1.7577,-3.021286E-06,26.3655,0
1.7586,0.0001047379,26.379,0,1.7586,-5.136187E-05,26.379,0
1.7595,0.0001017166,26.3925,0,1.7595,-0.0001873197,26.3925,0
1.7604,0.0001876554,26.406,0,1.7604,-0.0001708705,26.406,0
1.7613,4.666209E-05,26.4195,0,1.7613,-0.0002017548,26.4195,0
1.7622,2.349889E-06,26.433,0,1.7622,-0.0003377127,26.433,0
1.7631,0.0001671778,26.4465,0,1.7631,-0.0003649043,26.4465,0
1.764,1.577783E-05,26.46,0,1.764,4.061952E-05,26.46,0
1.7649,-0.0001675135,26.4735,0,1.7649,0.0002155184,26.4735,0
1.7658,-3.558404E-05,26.487,0,1.7658,0.0003877317,26.487,0
1.7667,0.0002044404,26.5005,0,1.7667,0.0006596475,26.5005,0
1.7676,-0.0001309224,26.514,0,1.7676,0.0003571832,26.514,0
1.7685,-9.835965E-05,26.5275,0,1.7685,5.136187E-05,26.5275,0
1.7694,6.009003E-05,26.541,0,1.7694,0.0001174945,26.541,0
1.7703,4.36408E-06,26.5545,0,1.7703,0.0001104448,26.5545,0
1.7712,-7.150377E-05,26.568,0,1.7712,0.0001356222,26.568,0
1.7721,-5.841154E-05,26.5815,0,1.7721,0.0001705348,26.5815,0
1.773,-3.558404E-05,26.595,0,1.773,0.0001983978,26.595,0
1.7739,-5.841154E-05,26.6085,0,1.7739,-2.28275E-05,26.6085,0
1.7748,-0.0001409934,26.622,0,1.7748,7.351797E-05,26.622,0
1.7757,-7.284657E-05,26.6355,0,1.7757,1.712062E-05,26.6355,0
1.7766,-1.074235E-05,26.649,0,1.7766,-0.0002030976,26.649,0
1.7775,-0.0001064164,26.6625,0,1.7775,-0.000175906,26.6625,0
1.7784,-0.0001171588,26.676,0,1.7784,-0.0002464027,26.676,0
1.7793,3.256275E-05,26.6895,0,1.7793,-0.0003054856,26.6895,0
1.7802,8.92958E-05,26.703,0,1.7802,-0.0001889983,26.703,0
1.7811,1.980621E-05,26.7165,0,1.7811,-0.000109102,26.7165,0
1.782,-1.980621E-05,26.73,0,1.782,8.728161E-06,26.73,0
1.7829,-1.644922E-05,26.7435,0,1.7829,0.0001487144,26.7435,0
1.7838,0.0001104448,26.757,0,1.7838,6.814679E-05,26.757,0
1.7847,4.129091E-05,26.7705,0,1.7847,8.358892E-05,26.7705,0
1.7856,-0.0002531167,26.784,0,1.7856,-8.392462E-06,26.784,0
1.7865,-9.130999E-05,26.7975,0,1.7865,-0.0002252537,26.7975,0
1.7874,3.591974E-05,26.811,0,1.7874,-0.0003367056,26.811,0
1.7883,-9.298848E-05,26.8245,0,1.7883,-0.0002658732,26.8245,0
1.7892,-1.007095E-06,26.838,0,1.7892,-0.0002302892,26.838,0
1.7901,0.0001393149,26.8515,0,1.7901,-0.0001695277,26.8515,0
1.791,-4.46479E-05,26.865,0,1.791,0.0002964218,26.865,0
1.7919,2.24918E-05,26.8785,0,1.7919,0.0004535287,26.8785,0
1.7928,0.000119173,26.892,0,1.7928,0.0002504311,26.892,0
1.7937,4.162661E-05,26.9055,0,1.7937,0.0001346151,26.9055,0
1.7946,-0.0001373007,26.919,0,1.7946,2.719158E-05,26.919,0
1.7955,-6.042573E-06,26.9325,0,1.7955,-8.358892E-05,26.9325,0
1.7964,3.021286E-05,26.946,0,1.7964,-0.0001342794,26.946,0
1.7973,5.471885E-05,26.9595,0,1.7973,-0.0002601663,26.9595,0
1.7982,0.0001104448,26.973,0,1.7982,-0.0001775845,26.973,0
1.7991,-4.49836E-05,26.9865,0,1.7991,-0.0002662089,26.9865,0
1.8,-3.021286E-05,27,0,1.8,-0.0003252918,27,0
1.8009,0.0001795987,27.0135,0,1.8009,-6.74754E-05,27.0135,0
1.8018,0.0001201801,27.027,0,1.8018,0.0001977264,27.027,0
1.8027,8.92958E-05,27.0405,0,1.8027,8.661021E-05,27.0405,0
1.8036,0.000249424,27.054,0,1.8036,7.150377E-05,27.054,0
1.8045,0.0001332723,27.0675,0,1.8045,0.0001916838,27.0675,0
1.8054,-0.0001883268,27.081,0,1.8054,0.0001211871,27.081,0
1.8063,-0.0001346151,27.0945,0,1.8063,-6.61326E-05,27.0945,0
1.8072,3.323415E-05,27.108,0,1.8072,-7.016098E-05,27.108,0
1.8081,-0.0001762417,27.1215,0,1.8081,6.042573E-06,27.1215,0
1.809,-0.0001769131,27.135,0,1.809,-9.164568E-05,27.135,0
1.8099,-0.0001252155,27.1485,0,1.8099,-7.284657E-05,27.1485,0
1.8108,-7.653925E-05,27.162,0,1.8108,-8.560311E-05,27.162,0
1.8117,-0.0001094377,27.1755,0,1.8117,-7.721065E-06,27.1755,0
1.8126,2.1149E-05,27.189,0,1.8126,6.713969E-06,27.189,0
1.8135,5.706874E-05,27.2025,0,1.8135,-9.231708E-05,27.2025,0
1.8144,0.0001070878,27.216,0,1.8144,-8.224613E-05,27.216,0
1.8153,1.846342E-05,27.2295,0,1.8153,7.318227E-05,27.2295,0
1.8162,0.0001789273,27.243,0,1.8162,1.577783E-05,27.243,0
1.8171,0.0001678492,27.2565,0,1.8171,-0.0001540856,27.2565,0
1.818,-2.786297E-05,27.27,0,1.818,-2.349889E-06,27.27,0
1.8189,-1.174945E-05,27.2835,0,1.8189,1.242084E-05,27.2835,0
1.8198,7.586786E-05,27.297,0,1.8198,-8.493171E-05,27.297,0
1.8207,-0.0001054093,27.3105,0,1.8207,-5.807584E-05,27.3105,0
1.8216,-0.0001282368,27.324,0,1.8216,2.316319E-05,27.324,0
1.8225,-0.0001050736,27.3375,0,1.8225,-1.846342E-05,27.3375,0
1.8234,-0.0001500572,27.351,0,1.8234,-4.33051E-05,27.351,0
1.8243,-5.270466E-05,27.3645,0,1.8243,-7.418937E-05,27.3645,0
1.8252,-0.0002044404,27.378,0,1.8252,3.088426E-05,27.378,0
1.8261,-0.0003266346,27.3915,0,1.8261,0.0001101091,27.3915,0
1.827,-0.0001080949,27.405,0,1.827,-2.24918E-05,27.405,0
1.8279,0.0001769131,27.4185,0,1.8279,-4.162661E-05,27.4185,0
1.8288,0.0001453574,27.432,0,1.8288,7.217517E-05,27.432,0
1.8297,0.0001366293,27.4455,0,1.8297,3.424125E-05,27.4455,0
1.8306,0.0002762798,27.459,0,1.8306,-0.0001084306,27.459,0
1.8315,4.46479E-05,27.4725,0,1.8315,-1.275654E-05,27.4725,0
1.8324,6.915389E-05,27.486,0,1.8324,-5.673304E-05,27.486,0
1.8333,0.0002312963,27.4995,0,1.8333,-0.0001715419,27.4995,0
1.8342,0.0002474098,27.513,0,1.8342,-6.6804E-05,27.513,0
1.8351,-8.090334E-05,27.5265,0,1.8351,3.659113E-05,27.5265,0
1.836,-7.284657E-05,27.54,0,1.836,2.887007E-05,27.54,0
1.8369,-0.0001134661,27.5535,0,1.8369,0.0001198444,27.5535,0
1.8378,-7.150377E-05,27.567,0,1.8378,0.000186984,27.567,0
1.8387,4.699779E-06,27.5805,0,1.8387,8.258183E-05,27.5805,0
1.8396,9.063859E-05,27.594,0,1.8396,-6.71397E-05,27.594,0
1.8405,-1.376364E-05,27.6075,0,1.8405,-0.0001010452,27.6075,0
1.8414,-2.517739E-05,27.621,0,1.8414,-0.0001020523,27.621,0
1.8423,-0.0001070878,27.6345,0,1.8423,-4.36408E-05,27.6345,0
1.8432,-0.0001329366,27.648,0,1.8432,-6.378271E-06,27.648,0
1.8441,6.344701E-05,27.6615,0,1.8441,-5.975433E-05,27.6615,0
1.845,-2.853437E-05,27.675,0,1.845,2.1149E-05,27.675,0
1.8459,-0.0001453574,27.6885,0,1.8459,-9.735256E-06,27.6885,0
1.8468,5.539025E-05,27.702,0,1.8468,-0.0001762417,27.702,0
1.8477,7.888914E-05,27.7155,0,1.8477,-7.687495E-05,27.7155,0
1.8486,-0.0001577783,27.729,0,1.8486,5.706874E-05,27.729,0
1.8495,-0.0001107805,27.7425,0,1.8495,2.383459E-05,27.7425,0
1.8504,-1.174945E-05,27.756,0,1.8504,-4.39765E-05,27.756,0
1.8513,0.0001309224,27.7695,0,1.8513,-8.258183E-05,27.7695,0
1.8522,-1.980621E-05,27.783,0,1.8522,2.18204E-05,27.783,0
1.8531,-0.0002074617,27.7965,0,1.8531,-1.779202E-05,27.7965,0
1.854,-7.150377E-05,27.81,0,1.854,3.692683E-06,27.81,0
1.8549,-1.409934E-05,27.8235,0,1.8549,-4.867628E-05,27.8235,0
1.8558,-0.0001634852,27.837,0,1.8558,2.014191E-05,27.837,0
1.8567,-0.0001064164,27.8505,0,1.8567,-1.040665E-05,27.8505,0
1.8576,5.471885E-05,27.864,0,1.8576,-0.0001661708,27.864,0
1.8585,-8.560311E-05,27.8775,0,1.8585,-0.0001587854,27.8775,0
1.8594,6.210422E-05,27.891,0,1.8594,-0.0003602045,27.891,0
1.8603,7.183947E-05,27.9045,0,1.8603,-0.0004773632,27.9045,0
1.8612,9.231708E-05,27.918,0,1.8612,-0.0002124971,27.918,0
1.8621,-2.618448E-05,27.9315,0,1.8621,2.685588E-05,27.9315,0
1.863,7.217517E-05,27.945,0,1.863,0.0002621805,27.945,0
1.8639,8.560311E-05,27.9585,0,1.8639,0.0005904936,27.9585,0
1.8648,7.888914E-05,27.972,0,1.8648,0.0006294347,27.972,0
1.8657,1.980621E-05,27.9855,0,1.8657,0.0003910887,27.9855,0
1.8666,-0.0002665446,27.999,0,1.8666,0.0001087663,27.999,0
1.8675,-0.0001460288,28.0125,0,1.8675,7.217517E-05,28.0125,0
1.8684,9.634547E-05,28.026,0,1.8684,3.256275E-05,28.026,0
1.8693,-0.0001262226,28.0395,0,1.8693,0.0001117876,28.0395,0
1.8702,-7.351797E-05,28.053,0,1.8702,3.390555E-05,28.053,0
1.8711,0.0001876554,28.0665,0,1.8711,-0.0001597925,28.0665,0
1.872,-2.920577E-05,28.08,0,1.872,-8.023193E-05,28.08,0
1.8729,2.517739E-05,28.0935,0,1.8729,-0.0001272297,28.0935,0
1.8738,0.0001121233,28.107,0,1.8738,-0.0003209277,28.107,0
1.8747,-0.000102388,28.1205,0,1.8747,-0.0001755703,28.1205,0
1.8756,-0.0001540856,28.134,0,1.8756,0.000105745,28.134,0
1.8765,-4.565499E-05,28.1475,0,1.8765,4.095522E-05,28.1475,0
1.8774,6.478981E-05,28.161,0,1.8774,2.21561E-05,28.161,0
1.8783,9.063859E-06,28.1745,0,1.8783,-4.599069E-05,28.1745,0
1.8792,6.143282E-05,28.188,0,1.8792,4.028382E-06,28.188,0
1.8801,0.0002034333,28.2015,0,1.8801,-0.0001064164,28.2015,0
1.881,7.486076E-05,28.215,0,1.881,-0.0002544594,28.215,0
1.8819,8.82887E-05,28.2285,0,1.8819,-0.0002558022,28.2285,0
1.8828,1.577783E-05,28.242,0,1.8828,-2.987716E-05,28.242,0
1.8837,-4.095522E-05,28.2555,0,1.8837,5.337606E-05,28.2555,0
1.8846,3.726253E-05,28.269,0,1.8846,6.243992E-05,28.269,0
1.8855,-2.18204E-05,28.2825,0,1.8855,0.0001715419,28.2825,0
1.8864,-9.030289E-05,28.296,0,1.8864,9.365987E-05,28.296,0
1.8873,3.994812E-05,28.3095,0,1.8873,-7.284657E-05,28.3095,0
1.8882,5.874724E-05,28.323,0,1.8882,-9.869535E-05,28.323,0
1.8891,5.572595E-05,28.3365,0,1.8891,-3.088426E-05,28.3365,0
1.89,5.706874E-05,28.35,0,1.89,-7.418937E-05,28.35,0
1.8909,2.417029E-05,28.3635,0,1.8909,-0.0001238727,28.3635,0
1.8918,9.768826E-05,28.377,0,1.8918,-0.0002326391,28.377,0
1.8927,-5.706874E-06,28.3905,0,1.8927,-0.000154757,28.3905,0
1.8936,-0.0001507286,28.404,0,1.8936,-0.0001037308,28.404,0
1.8945,-9.835965E-05,28.4175,0,1.8945,-0.0002212253,28.4175,0
1.8954,-0.0002081331,28.431,0,1.8954,-0.0003142138,28.431,0
1.8963,-0.0003504692,28.4445,0,1.8963,-0.000109102,28.4445,0
1.8972,-0.0001762417,28.458,0,1.8972,-3.927672E-05,28.458,0
1.8981,-9.567407E-05,28.4715,0,1.8981,-3.424125E-05,28.4715,0
1.899,-0.0001352865,28.485,0,1.899,0.0002051118,28.485,0
1.8999,6.814679E-05,28.4985,0,1.8999,0.0002554666,28.4985,0
1.9008,0.0003232776,28.512,0,1.9008,0.0001070878,28.512,0
1.9017,7.049668E-06,28.5255,0,1.9017,0.0001651637,28.5255,0
1.9026,-0.0001708705,28.539,0,1.9026,0.0001299153,28.539,0
1.9035,-5.774014E-05,28.5525,0,1.9035,3.860533E-05,28.5525,0
1.9044,4.36408E-06,28.566,0,1.9044,6.948959E-05,28.566,0
1.9053,9.500267E-05,28.5795,0,1.9053,6.042573E-06,28.5795,0
1.9062,0.0001910124,28.593,0,1.9062,7.620356E-05,28.593,0
1.9071,0.0001460288,28.6065,0,1.9071,5.539025E-05,28.6065,0
1.908,0.0001148089,28.62,0,1.908,-3.457694E-05,28.62,0
1.9089,0.0001923552,28.6335,0,1.9089,-5.337606E-05,28.6335,0
1.9098,-1.443504E-05,28.647,0,1.9098,3.524834E-05,28.647,0
1.9107,-7.586786E-05,28.6605,0,1.9107,-8.92958E-05,28.6605,0
1.9116,8.157473E-05,28.674,0,1.9116,-0.0002192111,28.674,0
1.9125,-0.000102388,28.6875,0,1.9125,-4.901198E-05,28.6875,0
1.9134,-0.0004424506,28.701,0,1.9134,-0.0001242084,28.701,0
1.9143,-0.0002131685,28.7145,0,1.9143,-0.0002413672,28.7145,0
1.9152,0.0001198444,28.728,0,1.9152,-2.853437E-05,28.728,0
1.9161,-0.0002615091,28.7415,0,1.9161,0.000148043,28.7415,0
1.917,-0.0002245823,28.755,0,1.917,9.097429E-05,28.755,0
1.9179,-6.54612E-05,28.7685,0,1.9179,1.577783E-05,28.7685,0
1.9188,-6.478981E-05,28.782,0,1.9188,1.745632E-05,28.782,0
1.9197,2.18204E-05,28.7955,0,1.9197,6.814679E-05,28.7955,0
1.9206,5.740444E-05,28.809,0,1.9206,3.021286E-05,28.809,0
1.9215,0.000239353,28.8225,0,1.9215,-3.457694E-05,28.8225,0
1.9224,0.000323949,28.836,0,1.9224,-5.673304E-05,28.836,0
1.9233,7.385367E-05,28.8495,0,1.9233,6.411841E-05,28.8495,0
1.9242,0.0001221943,28.863,0,1.9242,-1.577783E-05,28.863,0
1.9251,0.0001621424,28.8765,0,1.9251,-0.0001413291,28.8765,0
1.926,9.063859E-06,28.89,0,1.926,1.913481E-05,28.89,0
1.9269,0.0001460288,28.9035,0,1.9269,-1.174945E-05,28.9035,0
1.9278,0.0001530785,28.917,0,1.9278,-0.0001070878,28.917,0
1.9287,-8.92958E-05,28.9305,0,1.9287,-1.477073E-05,28.9305,0
1.9296,-0.0001117876,28.944,0,1.9296,6.009003E-05,28.944,0
1.9305,-9.970245E-05,28.9575,0,1.9305,2.786297E-05,28.9575,0
1.9314,-7.956054E-05,28.971,0,1.9314,-2.383459E-05,28.971,0
1.9323,5.203327E-05,28.9845,0,1.9323,-0.0001033951,28.9845,0
1.9332,1.812772E-05,28.998,0,1.9332,5.337606E-05,28.998,0
1.9341,-1.544213E-05,29.0115,0,1.9341,2.383459E-05,29.0115,0
1.935,-6.277562E-05,29.025,0,1.935,-9.097429E-05,29.025,0
1.9359,8.560311E-05,29.0385,0,1.9359,-7.553216E-05,29.0385,0
1.9368,-6.344701E-05,29.052,0,1.9368,3.558404E-05,29.052,0
1.9377,-7.016098E-05,29.0655,0,1.9377,3.793393E-05,29.0655,0
1.9386,8.795301E-05,29.079,0,1.9386,-0.0001174945,29.079,0
1.9395,-7.888914E-05,29.0925,0,1.9395,9.735256E-06,29.0925,0
1.9404,5.001907E-05,29.106,0,1.9404,9.063859E-06,29.106,0
1.9413,0.0002171969,29.1195,0,1.9413,-8.82887E-05,29.1195,0
1.9422,-8.89601E-05,29.133,0,1.9422,-0.0001104448,29.133,0
1.9431,-0.0001393149,29.1465,0,1.9431,-0.0001940337,29.1465,0
1.944,-1.141375E-05,29.16,0,1.944,-0.0004716564,29.16,0
1.9449,-6.109713E-05,29.1735,0,1.9449,-0.0004135805,29.1735,0
1.9458,-2.652018E-05,29.187,0,1.9458,-0.0002188754,29.187,0
1.9467,0.0001064164,29.2005,0,1.9467,0.0003078355,29.2005,0
1.9476,-2.987716E-05,29.214,0,1.9476,0.0004968338,29.214,0
1.9485,-0.0001319295,29.2275,0,1.9485,0.0003024643,29.2275,0
1.9494,3.155566E-05,29.241,0,1.9494,0.0001252155,29.241,0
1.9503,-4.632639E-05,29.2545,0,1.9503,9.466698E-05,29.2545,0
1.9512,-0.0001295796,29.268,0,1.9512,-5.471885E-05,29.268,0
1.9521,7.821774E-05,29.2815,0,1.9521,-0.0002017548,29.2815,0
1.953,6.54612E-05,29.295,0,1.953,-6.009003E-05,29.295,0
1.9539,1.980621E-05,29.3085,0,1.9539,-1.376364E-05,29.3085,0
1.9548,8.96315E-05,29.322,0,1.9548,-0.0001070878,29.322,0
1.9557,0.0002242466,29.3355,0,1.9557,5.606165E-05,29.3355,0
1.9566,-1.510643E-05,29.349,0,1.9566,0.0003857175,29.349,0
1.9575,-1.107805E-05,29.3625,0,1.9575,0.0002944076,29.3625,0
1.9584,1.678492E-06,29.376,0,1.9584,7.956054E-05,29.376,0
1.9593,9.634547E-05,29.3895,0,1.9593,4.33051E-05,29.3895,0
1.9602,-3.424125E-05,29.403,0,1.9602,0.0001195087,29.403,0
1.9611,-0.0002702373,29.4165,0,1.9611,4.36408E-06,29.4165,0
1.962,-0.0001171588,29.43,0,1.962,-6.042573E-05,29.43,0
1.9629,-6.948959E-05,29.4435,0,1.9629,-7.888914E-05,29.4435,0
1.9638,-0.0001644923,29.457,0,1.9638,-6.042573E-06,29.457,0
1.9647,-0.0001117876,29.4705,0,1.9647,-0.000126894,29.4705,0
1.9656,-2.014191E-06,29.484,0,1.9656,-0.0002635233,29.484,0
1.9665,-3.323415E-05,29.4975,0,1.9665,-6.243992E-05,29.4975,0
1.9674,8.258183E-05,29.511,0,1.9674,-6.210422E-05,29.511,0
1.9683,-1.678492E-06,29.5245,0,1.9683,-0.0002047761,29.5245,0
1.9692,-0.0001560998,29.538,0,1.9692,-0.000144686,29.538,0
1.9701,-0.0001420005,29.5515,0,1.9701,-7.284657E-05,29.5515,0
1.971,8.056763E-06,29.565,0,1.971,-4.39765E-05,29.565,0
1.9719,1.846342E-05,29.5785,0,1.9719,-6.54612E-05,29.5785,0
1.9728,0.0001238727,29.592,0,1.9728,-0.0001889983,29.592,0
1.9737,0.0002208896,29.6055,0,1.9737,-5.404745E-05,29.6055,0
1.9746,0.000207126,29.619,0,1.9746,-3.894102E-05,29.619,0
1.9755,6.143282E-05,29.6325,0,1.9755,-3.927672E-05,29.6325,0
1.9764,4.43122E-05,29.646,0,1.9764,-1.376364E-05,29.646,0
1.9773,-0.0001812772,29.6595,0,1.9773,0.000175906,29.6595,0
1.9782,-6.74754E-05,29.673,0,1.9782,0.0001957122,29.673,0
1.9791,0.0002292821,29.6865,0,1.9791,6.378271E-06,29.6865,0
1.98,-1.779202E-05,29.7,0,1.98,8.023193E-05,29.7,0
1.9809,-0.0001467002,29.7135,0,1.9809,4.46479E-05,29.7135,0
1.9818,-3.860533E-05,29.727,0,1.9818,-7.687495E-05,29.727,0
1.9827,-5.035477E-05,29.7405,0,1.9827,6.713969E-06,29.7405,0
1.9836,-0.0001806058,29.754,0,1.9836,6.311131E-05,29.754,0
1.9845,-2.752728E-05,29.7675,0,1.9845,-9.030289E-05,29.7675,0
1.9854,1.309224E-05,29.781,0,1.9854,-8.82887E-05,29.781,0
1.9863,3.356985E-06,29.7945,0,1.9863,-0.0002118257,29.7945,0
1.9872,0.0001080949,29.808,0,1.9872,-2.21561E-05,29.808,0
1.9881,0.0001554284,29.8215,0,1.9881,-8.056763E-06,29.8215,0
1.989,9.063859E-06,29.835,0,1.989,-4.229801E-05,29.835,0
1.9899,4.800488E-05,29.8485,0,1.9899,-4.867628E-05,29.8485,0
1.9908,-1.443504E-05,29.862,0,1.9908,3.927672E-05,29.862,0
1.9917,-5.001907E-05,29.8755,0,1.9917,-1.947051E-05,29.8755,0
1.9926,4.263371E-05,29.889,0,1.9926,-9.735256E-05,29.889,0
1.9935,-6.277562E-05,29.9025,0,1.9935,2.349889E-05,29.9025,0
1.9944,-9.097429E-05,29.916,0,1.9944,1.007095E-06,29.916,0
1.9953,3.524834E-05,29.9295,0,1.9953,-4.867628E-05,29.9295,0
1.9962,0.000185977,29.943,0,1.9962,-1.342794E-06,29.943,0
1.9971,-6.143282E-05,29.9565,0,1.9971,3.189136E-05,29.9565,0
1.998,-0.0001007095,29.97,0,1.998,-4.46479E-05,29.97,0
1.9989,-5.337606E-05,29.9835,0,1.9989,-3.189136E-05,29.9835,0
1.9998,-3.256275E-05,29.997,0,1.9998,-0.0001305867,29.997,0
2.0007,-4.766919E-05,30.0105,0,2.0007,-3.994812E-05,30.0105,0
2.0016,-1.409934E-05,30.024,0,2.0016,-4.39765E-05,30.024,0
2.0025,-4.129091E-05,30.0375,0,2.0025,-7.553216E-05,30.0375,0
2.0034,-7.452507E-05,30.051,0,2.0034,-7.788205E-05,30.051,0
2.0043,-0.0001138018,30.0645,0,2.0043,7.049668E-06,30.0645,0
2.0052,-8.761731E-05,30.078,0,2.0052,-7.016098E-05,30.078,0
2.0061,8.92958E-05,30.0915,0,2.0061,-0.0001842985,30.0915,0
2.007,2.584878E-05,30.105,0,2.007,4.129091E-05,30.105,0
2.0079,2.349889E-05,30.1185,0,2.0079,3.860533E-05,30.1185,0
2.0088,-5.304036E-05,30.132,0,2.0088,-0.0002239109,30.132,0
2.0097,-8.661021E-05,30.1455,0,2.0097,-0.000270573,30.1455,0
2.0106,-8.996719E-05,30.159,0,2.0106,-0.0001527428,30.159,0
2.0115,-5.975433E-05,30.1725,0,2.0115,-0.0001420005,30.1725,0
2.0124,-0.0001279011,30.186,0,2.0124,-5.236896E-05,30.186,0
2.0133,-2.887007E-05,30.1995,0,2.0133,0.0001748989,30.1995,0
2.0142,6.277562E-05,30.213,0,2.0142,0.0005609522,30.213,0
2.0151,-9.567407E-05,30.2265,0,2.0151,0.0005226826,30.2265,0
2.016,-1.577783E-05,30.24,0,2.016,0.0002299535,30.24,0
2.0169,0.0001070878,30.2535,0,2.0169,0.0001178302,30.2535,0
2.0178,8.392462E-06,30.267,0,2.0178,0.0001675135,30.267,0
2.0187,-9.399558E-06,30.2805,0,2.0187,3.961242E-05,30.2805,0
2.0196,0.0001712062,30.294,0,2.0196,-7.217517E-05,30.294,0
2.0205,9.399558E-06,30.3075,0,2.0205,2.652018E-05,30.3075,0
2.0214,2.786297E-05,30.321,0,2.0214,-6.143282E-05,30.321,0
2.0223,0.0001748989,30.3345,0,2.0223,-0.000231632,30.3345,0
2.0232,0.0001252155,30.348,0,2.0232,-0.0001748989,30.348,0
2.0241,-4.53193E-05,30.3615,0,2.0241,-8.92958E-05,30.3615,0
2.025,9.869535E-05,30.375,0,2.025,-9.735256E-06,30.375,0
2.0259,0.0001661708,30.3885,0,2.0259,7.620356E-05,30.3885,0
2.0268,0.0001453574,30.402,0,2.0268,-5.706874E-06,30.402,0
2.0277,0.0001618067,30.4155,0,2.0277,0.0001201801,30.4155,0
2.0286,-0.0001198444,30.429,0,2.0286,0.0001819486,30.429,0
2.0295,-0.0001161517,30.4425,0,2.0295,3.759823E-05,30.4425,0
2.0304,3.894102E-05,30.456,0,2.0304,-5.706874E-05,30.456,0
2.0313,-5.941863E-05,30.4695,0,2.0313,2.584878E-05,30.4695,0
2.0322,-6.411841E-05,30.483,0,2.0322,-0.0001010452,30.483,0
2.0331,1.409934E-05,30.4965,0,2.0331,-0.0003410697,30.4965,0
2.034,-2.1149E-05,30.51,0,2.034,-0.0002067903,30.51,0
2.0349,2.920577E-05,30.5235,0,2.0349,-0.0001671778,30.5235,0
2.0358,5.706874E-05,30.537,0,2.0358,-0.0002796368,30.537,0
2.0367,-5.035477E-05,30.5505,0,2.0367,-0.0001742275,30.5505,0
2.0376,-0.000186984,30.564,0,2.0376,6.54612E-05,30.564,0
2.0385,-0.0001802701,30.5775,0,2.0385,0.0001789273,30.5775,0
2.0394,-8.224613E-05,30.591,0,2.0394,1.779202E-05,30.591,0
2.0403,1.309224E-05,30.6045,0,2.0403,-0.0001037308,30.6045,0
2.0412,-2.316319E-05,30.618,0,2.0412,1.577783E-05,30.618,0
2.0421,4.867628E-05,30.6315,0,2.0421,4.028382E-06,30.6315,0
2.043,9.567407E-05,30.645,0,2.043,-0.0001413291,30.645,0
2.0439,2.21561E-05,30.6585,0,2.0439,-7.150377E-05,30.6585,0
2.0448,-3.054856E-05,30.672,0,2.0448,9.634547E-05,30.672,0
2.0457,6.6804E-05,30.6855,0,2.0457,6.378271E-05,30.6855,0
2.0466,5.337606E-05,30.699,0,2.0466,6.378271E-06,30.699,0
2.0475,-9.903105E-05,30.7125,0,2.0475,7.284657E-05,30.7125,0
2.0484,-2.450599E-05,30.726,0,2.0484,1.947051E-05,30.726,0
2.0493,5.203327E-05,30.7395,0,2.0493,-9.600977E-05,30.7395,0
2.0502,-1.107805E-05,30.753,0,2.0502,-5.706874E-06,30.753,0
2.0511,-3.659113E-05,30.7665,0,2.0511,3.256275E-05,30.7665,0
2.052,2.786297E-05,30.78,0,2.052,-4.666209E-05,30.78,0
2.0529,3.994812E-05,30.7935,0,2.0529,-2.719158E-05,30.7935,0
2.0538,3.860533E-05,30.807,0,2.0538,-9.466698E-05,30.807,0
2.0547,8.325322E-05,30.8205,0,2.0547,-1.879912E-05,30.8205,0
2.0556,-1.376364E-05,30.834,0,2.0556,-1.913481E-05,30.834,0
2.0565,3.424125E-05,30.8475,0,2.0565,-0.0001148089,30.8475,0
2.0574,0.0001174945,30.861,0,2.0574,-7.016098E-05,30.861,0
2.0583,-9.298848E-05,30.8745,0,2.0583,5.606165E-05,30.8745,0
2.0592,-0.000193698,30.888,0,2.0592,5.505455E-05,30.888,0
2.0601,-3.591974E-05,30.9015,0,2.0601,-6.54612E-05,30.9015,0
2.061,-0.0001483787,30.915,0,2.061,4.263371E-05,30.915,0
2.0619,-0.0002467384,30.9285,0,2.0619,3.088426E-05,30.9285,0
2.0628,-9.030289E-05,30.942,0,2.0628,-0.0001121233,30.942,0
2.0637,-0.0001641566,30.9555,0,2.0637,-2.786297E-05,30.9555,0
2.0646,-0.0002480812,30.969,0,2.0646,2.1149E-05,30.969,0
2.0655,-0.0001560998,30.9825,0,2.0655,-9.231708E-05,30.9825,0
2.0664,-9.265278E-05,30.996,0,2.0664,-0.0001762417,30.996,0
2.0673,4.263371E-05,31.0095,0,2.0673,-0.0002380102,31.0095,0
2.0682,6.6804E-05,31.023,0,2.0682,-9.533837E-05,31.023,0
2.0691,2.652018E-05,31.0365,0,2.0691,9.399558E-06,31.0365,0
2.07,8.92958E-05,31.05,0,2.07,2.484169E-05,31.05,0
2.0709,0.0001285725,31.0635,0,2.0709,0.0001151446,31.0635,0
2.0718,2.853437E-05,31.077,0,2.0718,0.0003111925,31.077,0
2.0727,-9.097429E-05,31.0905,0,2.0727,0.0001681849,31.0905,0
2.0736,-1.644922E-05,31.104,0,2.0736,-4.49836E-05,31.104,0
2.0745,1.141375E-05,31.1175,0,2.0745,2.014191E-05,31.1175,0
2.0754,-2.618448E-05,31.131,0,2.0754,-8.82887E-05,31.131,0
2.0763,1.040665E-05,31.1445,0,2.0763,-0.0002474098,31.1445,0
2.0772,0.0001930266,31.158,0,2.0772,-0.0001329366,31.158,0
2.0781,0.0001567712,31.1715,0,2.0781,-7.049668E-06,31.1715,0
2.079,0.0002212253,31.185,0,2.079,9.231708E-05,31.185,0
2.0799,0.0002131685,31.1985,0,2.0799,0.0001279011,31.1985,0
2.0808,0.0002897078,31.212,0,2.0808,-2.383459E-05,31.212,0
2.0817,-2.484169E-05,31.2255,0,2.0817,-0.0001507286,31.2255,0
2.0826,-0.0001292439,31.239,0,2.0826,-9.030289E-05,31.239,0
2.0835,0.0001406577,31.2525,0,2.0835,-8.090334E-05,31.2525,0
2.0844,0.0001628138,31.266,0,2.0844,-0.0001215228,31.266,0
2.0853,-4.028382E-05,31.2795,0,2.0853,6.478981E-05,31.2795,0
2.0862,-1.510643E-05,31.293,0,2.0862,0.0001285725,31.293,0
2.0871,1.275654E-05,31.3065,0,2.0871,6.713969E-06,31.3065,0
2.088,-0.0001473716,31.32,0,2.088,0.0001174945,31.32,0
2.0889,-0.0002709087,31.3335,0,2.0889,8.69459E-05,31.3335,0
2.0898,-0.000109102,31.347,0,2.0898,-4.766919E-05,31.347,0
2.0907,-0.0001745632,31.3605,0,2.0907,7.855344E-05,31.3605,0
2.0916,-0.0002537881,31.374,0,2.0916,0.0001762417,31.374,0
2.0925,-9.164568E-05,31.3875,0,2.0925,8.560311E-05,31.3875,0
2.0934,-6.71397E-05,31.401,0,2.0934,2.081331E-05,31.401,0
2.0943,-2.920577E-05,31.4145,0,2.0943,-4.39765E-05,31.4145,0
2.0952,8.728161E-06,31.428,0,2.0952,3.927672E-05,31.428,0
2.0961,4.061952E-05,31.4415,0,2.0961,-5.270466E-05,31.4415,0
2.097,0.000102388,31.455,0,2.097,-0.000140322,31.455,0
2.0979,0.0002101472,31.4685,0,2.0979,-0.0002084688,31.4685,0
2.0988,-5.505455E-05,31.482,0,2.0988,-0.0002373388,31.482,0
2.0997,8.056763E-06,31.4955,0,2.0997,-0.0003266346,31.4955,0
2.1006,0.000190341,31.509,0,2.1006,-0.0003078355,31.509,0
2.1015,8.493171E-05,31.5225,0,2.1015,4.53193E-05,31.5225,0
2.1024,-0.0001070878,31.536,0,2.1024,-1.846342E-05,31.536,0
2.1033,-7.956054E-05,31.5495,0,2.1033,2.24918E-05,31.5495,0
2.1042,0.0001245441,31.563,0,2.1042,0.0002547952,31.563,0
2.1051,-0.0001221943,31.5765,0,2.1051,0.0002554666,31.5765,0
2.106,-9.701686E-05,31.59,0,2.106,9.466698E-05,31.59,0
2.1069,3.021286E-06,31.6035,0,2.1069,2.517739E-05,31.6035,0
2.1078,-6.344701E-05,31.617,0,2.1078,-2.819867E-05,31.617,0
2.1087,-5.807584E-05,31.6305,0,2.1087,7.620356E-05,31.6305,0
2.1096,3.457694E-05,31.644,0,2.1096,6.277562E-05,31.644,0
2.1105,5.941863E-05,31.6575,0,2.1105,-2.987716E-05,31.6575,0
2.1114,0.0001534142,31.671,0,2.1114,-9.835965E-05,31.671,0
2.1123,5.807584E-05,31.6845,0,2.1123,5.774014E-05,31.6845,0
2.1132,-4.36408E-06,31.698,0,2.1132,-3.860533E-05,31.698,0
2.1141,7.049668E-06,31.7115,0,2.1141,-0.0002453956,31.7115,0
2.115,-7.016098E-05,31.725,0,2.115,-8.96315E-05,31.725,0
2.1159,-0.0001067521,31.7385,0,2.1159,-3.524834E-05,31.7385,0
2.1168,-8.795301E-05,31.752,0,2.1168,-5.505455E-05,31.752,0
2.1177,0.0001097734,31.7655,0,2.1177,-0.0001080949,31.7655,0
2.1186,-4.33051E-05,31.779,0,2.1186,-0.0001077592,31.779,0
2.1195,-0.0001027237,31.7925,0,2.1195,-1.376364E-05,31.7925,0
2.1204,-8.69459E-05,31.806,0,2.1204,2.1149E-05,31.806,0
2.1213,-6.713969E-07,31.8195,0,2.1213,-3.860533E-05,31.8195,0
2.1222,-6.848249E-05,31.833,0,2.1222,0.0001114519,31.833,0
2.1231,-0.0003179065,31.8465,0,2.1231,0.0001258869,31.8465,0
2.124,-0.0002111543,31.86,0,2.124,8.392462E-06,31.86,0
2.1249,9.063859E-06,31.8735,0,2.1249,-7.687495E-05,31.8735,0
2.1258,-0.0001668421,31.887,0,2.1258,-2.752728E-05,31.887,0
2.1267,-0.0001305867,31.9005,0,2.1267,-0.0001040665,31.9005,0
2.1276,3.054856E-05,31.914,0,2.1276,-0.0002030976,31.914,0
2.1285,-6.344701E-05,31.9275,0,2.1285,-3.256275E-05,31.9275,0
2.1294,7.217517E-05,31.941,0,2.1294,0.0001423362,31.941,0
2.1303,0.0001571069,31.9545,0,2.1303,0.0001285725,31.9545,0
2.1312,3.356985E-07,31.968,0,2.1312,0.0001708705,31.968,0
2.1321,7.553216E-05,31.9815,0,2.1321,0.0001772488,31.9815,0
2.133,0.0001178302,31.995,0,2.133,3.356985E-05,31.995,0
2.1339,-8.392462E-06,32.0085,0,2.1339,2.887007E-05,32.0085,0
2.1348,0.0002091402,32.022,0,2.1348,-5.874724E-05,32.022,0
2.1357,0.000256138,32.0355,0,2.1357,-9.735256E-06,32.0355,0
2.1366,4.263371E-05,32.049,0,2.1366,-5.639734E-05,32.049,0
2.1375,-1.376364E-05,32.0625,0,2.1375,-0.0001312581,32.0625,0
2.1384,0.0001017166,32.076,0,2.1384,-0.0001497215,32.076,0
2.1393,-7.049668E-05,32.0895,0,2.1393,-6.411841E-05,32.0895,0
2.1402,-8.325322E-05,32.103,0,2.1402,-0.0001151446,32.103,0
2.1411,9.533837E-05,32.1165,0,2.1411,-0.0001990692,32.1165,0
2.142,-4.36408E-06,32.13,0,2.142,4.36408E-06,32.13,0
2.1429,-9.735256E-06,32.1435,0,2.1429,2.21561E-05,32.1435,0
2.1438,0.0001540856,32.157,0,2.1438,-3.558404E-05,32.157,0
2.1447,1.007095E-06,32.1705,0,2.1447,3.826963E-05,32.1705,0
2.1456,-0.0001527428,32.184,0,2.1456,4.46479E-05,32.184,0
2.1465,-9.634547E-05,32.1975,0,2.1465,-3.021286E-06,32.1975,0
2.1474,-2.417029E-05,32.211,0,2.1474,-4.36408E-06,32.211,0
2.1483,2.383459E-05,32.2245,0,2.1483,-8.023193E-05,32.2245,0
2.1492,2.349889E-06,32.238,0,2.1492,-4.666209E-05,32.238,0
2.1501,-8.661021E-05,32.2515,0,2.1501,-6.478981E-05,32.2515,0
2.151,-1.947051E-05,32.265,0,2.151,-0.0001050736,32.265,0
2.1519,1.174945E-05,32.2785,0,2.1519,-0.0001181659,32.2785,0
2.1528,-7.049668E-05,32.292,0,2.1528,-1.242084E-05,32.292,0
2.1537,3.054856E-05,32.3055,0,2.1537,-3.356985E-07,32.3055,0
2.1546,0.0001560998,32.319,0,2.1546,-7.418937E-05,32.319,0
2.1555,6.54612E-05,32.3325,0,2.1555,5.337606E-05,32.3325,0
2.1564,0.0001467002,32.346,0,2.1564,7.486076E-05,32.346,0
2.1573,0.0001383078,32.3595,0,2.1573,-4.129091E-05,32.3595,0
2.1582,-6.57969E-05,32.373,0,2.1582,-9.063859E-06,32.373,0
2.1591,-0.0001144732,32.3865,0,2.1591,5.438316E-05,32.3865,0
2.16,-0.0001322652,32.4,0,2.16,-1.846342E-05,32.4,0
2.1609,-6.6804E-05,32.4135,0,2.1609,-6.143282E-05,32.4135,0
2.1618,3.356985E-07,32.427,0,2.1618,-0.0001769131,32.427,0
2.1627,7.318227E-05,32.4405,0,2.1627,-5.606165E-05,32.4405,0
2.1636,7.721065E-06,32.454,0,2.1636,-1.678492E-06,32.454,0
2.1645,0,32.4675,0,2.1645,-3.860533E-05,32.4675,0
2.1654,6.411841E-05,32.481,0,2.1654,-3.256275E-05,32.481,0
2.1663,-5.606165E-05,32.4945,0,2.1663,6.176852E-05,32.4945,0
2.1672,2.786297E-05,32.508,0,2.1672,2.920577E-05,32.508,0
2.1681,0.0001795987,32.5215,0,2.1681,-0.0001168231,32.5215,0
2.169,-2.786297E-05,32.535,0,2.169,3.356985E-06,32.535,0
2.1699,-6.277562E-05,32.5485,0,2.1699,-8.89601E-05,32.5485,0
2.1708,8.493171E-05,32.562,0,2.1708,-0.0002131685,32.562,0
2.1717,-0.0002020905,32.5755,0,2.1717,-9.365987E-05,32.5755,0
2.1726,-0.0002225681,32.589,0,2.1726,6.61326E-05,32.589,0
2.1735,-1.477073E-05,32.6025,0,2.1735,5.706874E-06,32.6025,0
2.1744,-3.189136E-05,32.616,0,2.1744,-7.687495E-05,32.616,0
2.1753,1.544213E-05,32.6295,0,2.1753,-0.0001285725,32.6295,0
2.1762,7.150377E-05,32.643,0,2.1762,-6.311131E-05,32.643,0
2.1771,6.042573E-05,32.6565,0,2.1771,-3.256275E-05,32.6565,0
2.178,-3.659113E-05,32.67,0,2.178,0.0001205158,32.67,0
2.1789,6.277562E-05,32.6835,0,2.1789,0.0002662089,32.6835,0
2.1798,-3.659113E-05,32.697,0,2.1798,0.0002813153,32.697,0
2.1807,-0.0001242084,32.7105,0,2.1807,0.0001332723,32.7105,0
2.1816,6.51255E-05,32.724,0,2.1816,-3.961242E-05,32.724,0
2.1825,-3.659113E-05,32.7375,0,2.1825,5.874724E-05,32.7375,0
2.1834,-0.0001107805,32.751,0,2.1834,2.21561E-05,32.751,0
2.1843,-8.728161E-06,32.7645,0,2.1843,-7.486076E-05,32.7645,0
2.1852,-8.459602E-05,32.778,0,2.1852,2.551309E-05,32.778,0
2.1861,-0.0001587854,32.7915,0,2.1861,1.812772E-05,32.7915,0
2.187,-0.0001453574,32.805,0,2.187,-7.083238E-05,32.805,0
2.1879,-2.584878E-05,32.8185,0,2.1879,-6.411841E-05,32.8185,0
2.1888,9.701686E-05,32.832,0,2.1888,-9.231708E-05,32.832,0
2.1897,5.203327E-05,32.8455,0,2.1897,-6.881819E-05,32.8455,0
2.1906,0.0001406577,32.859,0,2.1906,-3.625543E-05,32.859,0
2.1915,0.0001094377,32.8725,0,2.1915,-3.457694E-05,32.8725,0
2.1924,0.0001225299,32.886,0,2.1924,2.719158E-05,32.886,0
2.1933,3.994812E-05,32.8995,0,2.1933,4.733349E-05,32.8995,0
2.1942,-5.874724E-05,32.913,0,2.1942,-3.256275E-05,32.913,0
2.1951,3.692683E-06,32.9265,0,2.1951,-0.0001299153,32.9265,0
2.196,-5.270466E-05,32.94,0,2.196,3.961242E-05,32.94,0
2.1969,-0.0001866484,32.9535,0,2.1969,4.43122E-05,32.9535,0
2.1978,-6.848249E-05,32.967,0,2.1978,-0.0001621424,32.967,0
2.1987,0.0001067521,32.9805,0,2.1987,-1.342794E-05,32.9805,0
2.1996,-1.309224E-05,32.994,0,2.1996,7.821774E-05,32.994,0
2.2005,-5.337606E-05,33.0075,0,2.2005,1.275654E-05,33.0075,0
2.2014,-3.021286E-05,33.021,0,2.2014,5.539025E-05,33.021,0
2.2023,0.0001080949,33.0345,0,2.2023,-2.18204E-05,33.0345,0
2.2032,1.040665E-05,33.048,0,2.2032,2.316319E-05,33.048,0
2.2041,-0.000102388,33.0615,0,2.2041,-6.57969E-05,33.0615,0
2.205,6.344701E-05,33.075,0,2.205,-0.0001413291,33.075,0
2.2059,0.0001044022,33.0885,0,2.2059,-0.0001950408,33.0885,0
2.2068,-0.0001628138,33.102,0,2.2068,-0.0001285725,33.102,0
2.2077,-0.0001208515,33.1155,0,2.2077,-0.0001456931,33.1155,0
2.2086,0.0001040665,33.129,0,2.2086,-0.000256138,33.129,0
2.2095,-0.0001399863,33.1425,0,2.2095,-4.43122E-05,33.1425,0
2.2104,-0.0001587854,33.156,0,2.2104,3.491264E-05,33.156,0
2.2113,0.0001537499,33.1695,0,2.2113,0.000115816,33.1695,0
2.2122,4.263371E-05,33.183,0,2.2122,0.0002554666,33.183,0
2.2131,-0.0001453574,33.1965,0,2.2131,0.0002077974,33.1965,0
2.214,-2.786297E-05,33.21,0,2.214,0.0001386435,33.21,0
2.2149,3.457694E-05,33.2235,0,2.2149,0.0001366293,33.2235,0
2.2158,6.243992E-05,33.237,0,2.2158,-2.719158E-05,33.237,0
2.2167,8.96315E-05,33.2505,0,2.2167,5.169757E-05,33.2505,0
2.2176,-7.049668E-06,33.264,0,2.2176,5.270466E-05,33.264,0
2.2185,8.82887E-05,33.2775,0,2.2185,-2.383459E-05,33.2775,0
2.2194,0.0001567712,33.291,0,2.2194,-7.452507E-05,33.291,0
2.2203,6.6804E-05,33.3045,0,2.2203,-1.510643E-05,33.3045,0
2.2212,-2.987716E-05,33.318,0,2.2212,-9.970245E-05,33.318,0
2.2221,8.82887E-05,33.3315,0,2.2221,-0.0002366674,33.3315,0
2.223,2.28275E-05,33.345,0,2.223,-8.258183E-05,33.345,0
2.2239,-4.061952E-05,33.3585,0,2.2239,-7.418937E-05,33.3585,0
2.2248,1.577783E-05,33.372,0,2.2248,-0.0001265583,33.372,0
2.2257,4.800488E-05,33.3855,0,2.2257,-3.390555E-05,33.3855,0
2.2266,-0.0001198444,33.399,0,2.2266,4.263371E-05,33.399,0
2.2275,-5.069047E-05,33.4125,0,2.2275,-7.385367E-06,33.4125,0
2.2284,0.0001534142,33.426,0,2.2284,-1.107805E-05,33.426,0
2.2293,0.0001258869,33.4395,0,2.2293,-4.162661E-05,33.4395,0
2.2302,8.728161E-06,33.453,0,2.2302,7.016098E-05,33.453,0
2.2311,-0.0002030976,33.4665,0,2.2311,5.035477E-06,33.4665,0
2.232,-8.82887E-05,33.48,0,2.232,-3.591974E-05,33.48,0
2.2329,1.812772E-05,33.4935,0,2.2329,-5.001907E-05,33.4935,0
2.2338,-0.0001916838,33.507,0,2.2338,5.740444E-05,33.507,0
2.2347,-9.869535E-05,33.5205,0,2.2347,1.409934E-05,33.5205,0
2.2356,7.721065E-06,33.534,0,2.2356,-0.0001205158,33.534,0
2.2365,-0.0001037308,33.5475,0,2.2365,1.376364E-05,33.5475,0
2.2374,9.164568E-05,33.561,0,2.2374,1.846342E-05,33.561,0
2.2383,7.351797E-05,33.5745,0,2.2383,-0.0001755703,33.5745,0
2.2392,-1.409934E-05,33.588,0,2.2392,-0.0001148089,33.588,0
2.2401,-5.706874E-06,33.6015,0,2.2401,4.39765E-05,33.6015,0
2.241,-3.256275E-05,33.615,0,2.241,5.606165E-05,33.615,0
2.2419,-6.61326E-05,33.6285,0,2.2419,2.719158E-05,33.6285,0
2.2428,6.378271E-05,33.642,0,2.2428,-6.009003E-05,33.642,0
2.2437,0.0001033951,33.6555,0,2.2437,2.954147E-05,33.6555,0
2.2446,-9.970245E-05,33.669,0,2.2446,4.53193E-05,33.669,0
2.2455,1.577783E-05,33.6825,0,2.2455,-3.927672E-05,33.6825,0
2.2464,0.0002051118,33.696,0,2.2464,-7.620356E-05,33.696,0
2.2473,-4.129091E-05,33.7095,0,2.2473,1.678492E-05,33.7095,0
2.2482,-5.740444E-05,33.723,0,2.2482,-9.768826E-05,33.723,0
2.2491,0.0001668421,33.7365,0,2.2491,-0.0001842985,33.7365,0
2.25,-3.021286E-06,33.75,0,2.25,-2.584878E-05,33.75,0
2.2509,-0.0001668421,33.7635,0,2.2509,-3.256275E-05,33.7635,0
2.2518,-3.793393E-05,33.777,0,2.2518,-1.812772E-05,33.777,0
2.2527,-9.701686E-05,33.7905,0,2.2527,0.0001161517,33.7905,0
2.2536,-0.000224918,33.804,0,2.2536,0.000144686,33.804,0
2.2545,-0.0001809415,33.8175,0,2.2545,2.24918E-05,33.8175,0
2.2554,-3.860533E-05,33.831,0,2.2554,-1.913481E-05,33.831,0
2.2563,1.779202E-05,33.8445,0,2.2563,-8.325322E-05,33.8445,0
2.2572,-1.007095E-06,33.858,0,2.2572,-3.356985E-06,33.858,0
2.2581,-6.210422E-05,33.8715,0,2.2581,-3.659113E-05,33.8715,0
2.259,-1.242084E-05,33.885,0,2.259,-9.265278E-05,33.885,0
2.2599,2.786297E-05,33.8985,0,2.2599,-9.433127E-05,33.8985,0
2.2608,-5.404745E-05,33.912,0,2.2608,8.392462E-06,33.912,0
2.2617,-1.779202E-05,33.9255,0,2.2617,-2.450599E-05,33.9255,0
2.2626,0.0001957122,33.939,0,2.2626,-0.0001238727,33.939,0
2.2635,0.0001728847,33.9525,0,2.2635,1.174945E-05,33.9525,0
2.2644,-3.591974E-05,33.966,0,2.2644,2.887007E-05,33.966,0
2.2653,5.136187E-05,33.9795,0,2.2653,-7.452507E-05,33.9795,0
2.2662,-7.855344E-05,33.993,0,2.2662,-2.014191E-06,33.993,0
2.2671,-0.0001279011,34.0065,0,2.2671,1.980621E-05,34.0065,0
2.268,-0.0001440146,34.02,0,2.268,-0.0001144732,34.02,0
2.2689,-0.000172549,34.0335,0,2.2689,-0.0001816129,34.0335,0
2.2698,-6.311131E-05,34.047,0,2.2698,-0.0002514381,34.047,0
2.2707,-4.46479E-05,34.0605,0,2.2707,-0.0001131304,34.0605,0
2.2716,-0.0001839628,34.074,0,2.2716,-7.217517E-05,34.074,0
2.2725,-8.123904E-05,34.0875,0,2.2725,-6.713969E-07,34.0875,0
2.2734,-6.478981E-05,34.101,0,2.2734,0.0001983978,34.101,0
2.2743,-0.0001550927,34.1145,0,2.2743,0.0003353628,34.1145,0
2.2752,1.409934E-05,34.128,0,2.2752,0.0001695277,34.128,0
2.2761,0.000148043,34.1415,0,2.2761,-4.061952E-05,34.1415,0
2.277,8.493171E-05,34.155,0,2.277,7.486076E-05,34.155,0
2.2779,0.000235996,34.1685,0,2.2779,8.023193E-05,34.1685,0
2.2788,0.0003246204,34.182,0,2.2788,-4.061952E-05,34.182,0
2.2797,0.0002386816,34.1955,0,2.2797,2.383459E-05,34.1955,0
2.2806,5.539025E-05,34.209,0,2.2806,0.0001379721,34.209,0
2.2815,8.560311E-05,34.2225,0,2.2815,4.800488E-05,34.2225,0
2.2824,-2.652018E-05,34.236,0,2.2824,-7.083238E-05,34.236,0
2.2833,5.001907E-05,34.2495,0,2.2833,-7.754635E-05,34.2495,0
2.2842,0.0001540856,34.263,0,2.2842,-8.392462E-06,34.263,0
2.2851,-1.846342E-05,34.2765,0,2.2851,-9.433127E-05,34.2765,0
2.286,9.063859E-06,34.29,0,2.286,-0.0002135042,34.29,0
2.2869,0.0001255512,34.3035,0,2.2869,-0.0002138399,34.3035,0
2.2878,-7.284657E-05,34.317,0,2.2878,-0.0002054475,34.317,0
2.2887,-0.0001218585,34.3305,0,2.2887,-0.0002017548,34.3305,0
2.2896,9.365987E-05,34.344,0,2.2896,-0.0002064546,34.344,0
2.2905,-5.706874E-06,34.3575,0,2.2905,8.023193E-05,34.3575,0
2.2914,-0.0001185016,34.371,0,2.2914,3.424125E-05,34.371,0
2.2923,-9.298848E-05,34.3845,0,2.2923,-4.49836E-05,34.3845,0
2.2932,0.0001712062,34.398,0,2.2932,8.72816E-05,34.398,0
2.2941,-9.634547E-05,34.4115,0,2.2941,0.0001628138,34.4115,0
2.295,-8.89601E-05,34.425,0,2.295,0.0001487144,34.425,0
2.2959,-1.947051E-05,34.4385,0,2.2959,0.0001527428,34.4385,0
2.2968,-2.014191E-06,34.452,0,2.2968,6.109713E-05,34.452,0
2.2977,-0.0001131304,34.4655,0,2.2977,0.0001386435,34.4655,0
2.2986,-0.0002793011,34.479,0,2.2986,0.0001084306,34.479,0
2.2995,-0.000203769,34.4925,0,2.2995,-5.035477E-06,34.4925,0
2.3004,-5.740444E-05,34.506,0,2.3004,-3.524834E-05,34.506,0
2.3013,-3.256275E-05,34.5195,0,2.3013,6.344701E-05,34.5195,0
2.3022,-9.198138E-05,34.533,0,2.3022,-2.450599E-05,34.533,0
2.3031,3.961242E-05,34.5465,0,2.3031,-0.0001732204,34.5465,0
2.304,-1.443504E-05,34.56,0,2.304,-3.826963E-05,34.56,0
2.3049,8.493171E-05,34.5735,0,2.3049,-4.061952E-05,34.5735,0
2.3058,9.768826E-05,34.587,0,2.3058,-0.0001654994,34.587,0
2.3067,0.0001658351,34.6005,0,2.3067,-9.701686E-05,34.6005,0
2.3076,5.740444E-05,34.614,0,2.3076,-3.323415E-05,34.614,0
2.3085,2.1149E-05,34.6275,0,2.3085,-5.270466E-05,34.6275,0
2.3094,8.123904E-05,34.641,0,2.3094,-4.39765E-05,34.641,0
2.3103,0.0002098116,34.6545,0,2.3103,-8.89601E-05,34.6545,0
2.3112,5.572595E-05,34.668,0,2.3112,-5.740444E-05,34.668,0
2.3121,-0.0001661708,34.6815,0,2.3121,-0.0001769131,34.6815,0
2.313,-5.706874E-06,34.695,0,2.313,-0.0001802701,34.695,0
2.3139,7.687495E-05,34.7085,0,2.3139,-7.351797E-05,34.7085,0
2.3148,-9.903105E-05,34.722,0,2.3148,9.634547E-05,34.722,0
2.3157,-3.256275E-05,34.7355,0,2.3157,0.000161471,34.7355,0
2.3166,0.0001742275,34.749,0,2.3166,0.0002420386,34.749,0
2.3175,-5.404745E-05,34.7625,0,2.3175,0.0003021286,34.7625,0
2.3184,1.812772E-05,34.776,0,2.3184,0.0001339437,34.776,0
2.3193,0.0001520714,34.7895,0,2.3193,-5.706874E-06,34.7895,0
2.3202,1.040665E-05,34.803,0,2.3202,-3.457694E-05,34.803,0
2.3211,-0.0001114519,34.8165,0,2.3211,-1.577783E-05,34.8165,0
2.322,3.457694E-05,34.83,0,2.322,-2.21561E-05,34.83,0
2.3229,4.699779E-06,34.8435,0,2.3229,-6.54612E-05,34.8435,0
2.3238,-3.356985E-06,34.857,0,2.3238,-0.0001809415,34.857,0
2.3247,5.337606E-05,34.8705,0,2.3247,-2.887007E-05,34.8705,0
2.3256,-8.627451E-05,34.884,0,2.3256,2.450599E-05,34.884,0
2.3265,-9.735256E-06,34.8975,0,2.3265,1.376364E-05,34.8975,0
2.3274,6.344701E-05,34.911,0,2.3274,-0.000278294,34.911,0
2.3283,3.692683E-06,34.9245,0,2.3283,-0.0001611353,34.9245,0
2.3292,-0.0001185016,34.938,0,2.3292,-0.0001097734,34.938,0
2.3301,1.745632E-05,34.9515,0,2.3301,-0.000218204,34.9515,0
2.331,-1.812772E-05,34.965,0,2.331,-1.107805E-05,34.965,0
2.3319,-5.841154E-05,34.9785,0,2.3319,2.987716E-05,34.9785,0
2.3328,-1.409934E-05,34.992,0,2.3328,-3.323415E-05,34.992,0
2.3337,0.0001540856,35.0055,0,2.3337,3.591974E-05,35.0055,0
2.3346,-6.64683E-05,35.019,0,2.3346,6.478981E-05,35.019,0
2.3355,-8.224613E-05,35.0325,0,2.3355,2.1149E-05,35.0325,0
2.3364,1.309224E-05,35.046,0,2.3364,3.155566E-05,35.046,0
2.3373,-7.016098E-05,35.0595,0,2.3373,-3.692683E-05,35.0595,0
2.3382,-8.526741E-05,35.073,0,2.3382,3.054856E-05,35.073,0
2.3391,-0.0001064164,35.0865,0,2.3391,-1.242084E-05,35.0865,0
2.34,6.411841E-05,35.1,0,2.34,-9.869535E-05,35.1,0
2.3409,0.0002057832,35.1135,0,2.3409,-0.0001436789,35.1135,0
2.3418,8.89601E-05,35.127,0,2.3418,-3.692683E-05,35.127,0
2.3427,9.198138E-05,35.1405,0,2.3427,-6.344701E-05,35.1405,0
2.3436,0.0001285725,35.154,0,2.3436,-0.0001594568,35.154,0
2.3445,-2.652018E-05,35.1675,0,2.3445,1.779202E-05,35.1675,0
2.3454,-0.0001067521,35.181,0,2.3454,3.558404E-05,35.181,0
2.3463,-0.0001346151,35.1945,0,2.3463,9.735256E-06,35.1945,0
2.3472,0.0001168231,35.208,0,2.3472,9.399557E-05,35.208,0
2.3481,6.277562E-05,35.2215,0,2.3481,0.0001252155,35.2215,0
2.349,-4.934768E-05,35.235,0,2.349,-4.263371E-05,35.235,0
2.3499,-5.270466E-05,35.2485,0,2.3499,-0.0001225299,35.2485,0
2.3508,7.351797E-05,35.262,0,2.3508,-0.0001171588,35.262,0
2.3517,2.920577E-05,35.2755,0,2.3517,4.934768E-05,35.2755,0
2.3526,-0.0003165637,35.289,0,2.3526,4.666209E-05,35.289,0
2.3535,-0.0001789273,35.3025,0,2.3535,-2.551309E-05,35.3025,0
2.3544,3.659113E-05,35.316,0,2.3544,-2.316319E-05,35.316,0
2.3553,-0.0001819486,35.3295,0,2.3553,5.102617E-05,35.3295,0
2.3562,-0.0001138018,35.343,0,2.3562,-2.18204E-05,35.343,0
2.3571,6.78111E-05,35.3565,0,2.3571,-0.0001067521,35.3565,0
2.358,-0.0001349508,35.37,0,2.358,5.807584E-05,35.37,0
2.3589,-4.43122E-05,35.3835,0,2.3589,6.6804E-05,35.3835,0
2.3598,7.754635E-05,35.397,0,2.3598,-7.418937E-05,35.397,0
2.3607,-2.450599E-05,35.4105,0,2.3607,-2.18204E-05,35.4105,0
2.3616,-0.0001373007,35.424,0,2.3616,4.632639E-05,35.424,0
2.3625,-5.975433E-05,35.4375,0,2.3625,-1.107805E-05,35.4375,0
2.3634,7.956054E-05,35.451,0,2.3634,-2.618448E-05,35.451,0
2.3643,5.304036E-05,35.4645,0,2.3643,-0.0001010452,35.4645,0
2.3652,2.1149E-05,35.478,0,2.3652,-1.376364E-05,35.478,0
2.3661,-3.826963E-05,35.4915,0,2.3661,-5.001907E-05,35.4915,0
2.367,-6.243992E-05,35.505,0,2.367,-8.191043E-05,35.505,0
2.3679,8.728161E-06,35.5185,0,2.3679,-7.721065E-05,35.5185,0
2.3688,-6.54612E-05,35.532,0,2.3688,3.088426E-05,35.532,0
2.3697,-8.224613E-05,35.5455,0,2.3697,3.021286E-06,35.5455,0
2.3706,8.224613E-05,35.559,0,2.3706,-9.500267E-05,35.559,0
2.3715,5.035477E-06,35.5725,0,2.3715,2.786297E-05,35.5725,0
2.3724,-0.0001789273,35.586,0,2.3724,5.001907E-05,35.586,0
2.3733,-4.39765E-05,35.5995,0,2.3733,-7.553216E-05,35.5995,0
2.3742,-0.0001460288,35.613,0,2.3742,-1.107805E-05,35.613,0
2.3751,-0.0001279011,35.6265,0,2.3751,7.251087E-05,35.6265,0
2.376,-0.0001044022,35.64,0,2.376,4.095522E-05,35.64,0
2.3769,-5.673304E-05,35.6535,0,2.3769,2.584878E-05,35.6535,0
2.3778,5.539025E-05,35.667,0,2.3778,-5.136187E-05,35.667,0
2.3787,3.457694E-05,35.6805,0,2.3787,2.719158E-05,35.6805,0
2.3796,-8.493171E-05,35.694,0,2.3796,1.342794E-06,35.694,0
2.3805,6.378271E-06,35.7075,0,2.3805,-9.835965E-05,35.7075,0
2.3814,3.692683E-06,35.721,0,2.3814,-8.090334E-05,35.721,0
2.3823,-4.263371E-05,35.7345,0,2.3823,1.309224E-05,35.7345,0
2.3832,8.023193E-05,35.748,0,2.3832,-8.89601E-05,35.748,0
2.3841,0.0001265583,35.7615,0,2.3841,-0.0001910124,35.7615,0
2.385,3.524834E-05,35.775,0,2.385,9.399558E-06,35.775,0
2.3859,0.0001413291,35.7885,0,2.3859,6.143282E-05,35.7885,0
2.3868,0.0001198444,35.802,0,2.3868,1.007095E-06,35.802,0
2.3877,1.846342E-05,35.8155,0,2.3877,6.6804E-05,35.8155,0
2.3886,-5.337606E-05,35.829,0,2.3886,0.0001064164,35.829,0
2.3895,-4.699779E-06,35.8425,0,2.3895,4.49836E-05,35.8425,0
2.3904,-6.277562E-05,35.856,0,2.3904,1.779202E-05,35.856,0
2.3913,7.217517E-05,35.8695,0,2.3913,-5.505455E-05,35.8695,0
2.3922,0.0001661708,35.883,0,2.3922,1.208515E-05,35.883,0
2.3931,8.92958E-05,35.8965,0,2.3931,1.174945E-05,35.8965,0
2.394,8.72816E-05,35.91,0,2.394,-8.627451E-05,35.91,0
2.3949,0.000115816,35.9235,0,2.3949,-0.0001037308,35.9235,0
2.3958,-3.457694E-05,35.937,0,2.3958,9.735256E-06,35.937,0
2.3967,-4.766919E-05,35.9505,0,2.3967,-9.097429E-05,35.9505,0
2.3976,0.0001017166,35.964,0,2.3976,-0.0001507286,35.964,0
2.3985,-1.242084E-05,35.9775,0,2.3985,3.726253E-05,35.9775,0
2.3994,-0.0001963836,35.991,0,2.3994,9.231708E-05,35.991,0
2.4003,-0.0001131304,36.0045,0,2.4003,-1.007095E-05,36.0045,0
2.4012,-2.383459E-05,36.018,0,2.4012,1.745632E-05,36.018,0
2.4021,-0.0001537499,36.0315,0,2.4021,8.023193E-05,36.0315,0
2.403,-6.74754E-05,36.045,0,2.403,2.584878E-05,36.045,0
2.4039,-1.644922E-05,36.0585,0,2.4039,1.678492E-06,36.0585,0
2.4048,2.618448E-05,36.072,0,2.4048,-6.881819E-05,36.072,0
2.4057,0.000109102,36.0855,0,2.4057,5.001907E-05,36.0855,0
2.4066,0.0001148089,36.099,0,2.4066,-2.18204E-05,36.099,0
2.4075,2.349889E-06,36.1125,0,2.4075,-0.000221561,36.1125,0
2.4084,0.0001463645,36.126,0,2.4084,-0.0001383078,36.126,0
2.4093,-1.376364E-05,36.1395,0,2.4093,-0.000105745,36.1395,0
2.4102,3.424125E-05,36.153,0,2.4102,-0.0002000763,36.153,0
2.4111,0.0001114519,36.1665,0,2.4111,-0.0001883268,36.1665,0
2.412,-2.987716E-05,36.18,0,2.412,1.409934E-05,36.18,0
2.4129,-0.0001164874,36.1935,0,2.4129,0.0001164874,36.1935,0
2.4138,-2.349889E-06,36.207,0,2.4138,5.236896E-05,36.207,0
2.4147,7.183947E-05,36.2205,0,2.4147,7.116808E-05,36.2205,0
2.4156,-2.786297E-05,36.234,0,2.4156,9.298848E-05,36.234,0
2.4165,-0.0001003738,36.2475,0,2.4165,5.236896E-05,36.2475,0
2.4174,-5.807584E-05,36.261,0,2.4174,-1.409934E-05,36.261,0
2.4183,5.404745E-05,36.2745,0,2.4183,-2.484169E-05,36.2745,0
2.4192,-0.0001195087,36.288,0,2.4192,7.956054E-05,36.288,0
2.4201,-0.0001352865,36.3015,0,2.4201,3.591974E-05,36.3015,0
2.421,4.095522E-05,36.315,0,2.421,-4.699779E-05,36.315,0
2.4219,0.0002252537,36.3285,0,2.4219,-5.841154E-05,36.3285,0
2.4228,0.0001097734,36.342,0,2.4228,-1.376364E-05,36.342,0
2.4237,9.298848E-05,36.3555,0,2.4237,-8.761731E-05,36.3555,0
2.4246,0.0002329748,36.369,0,2.4246,-0.0001477073,36.369,0
2.4255,1.040665E-05,36.3825,0,2.4255,-1.510643E-05,36.3825,0
2.4264,2.450599E-05,36.396,0,2.4264,1.577783E-05,36.396,0
2.4273,0.0002440528,36.4095,0,2.4273,-5.471885E-05,36.4095,0
2.4282,4.800488E-05,36.423,0,2.4282,-4.699779E-06,36.423,0
2.4291,-0.0001000381,36.4365,0,2.4291,4.934768E-05,36.4365,0
2.43,-2.887007E-05,36.45,0,2.43,6.713969E-07,36.45,0
2.4309,-0.0001050736,36.4635,0,2.4309,4.599069E-05,36.4635,0
2.4318,-5.572595E-05,36.477,0,2.4318,-6.009003E-05,36.477,0
2.4327,-8.627451E-05,36.4905,0,2.4327,4.934768E-05,36.4905,0
2.4336,-0.000169192,36.504,0,2.4336,0.0001299153,36.504,0
2.4345,-0.0001910124,36.5175,0,2.4345,3.793393E-05,36.5175,0
2.4354,-0.0002500954,36.531,0,2.4354,1.309224E-05,36.531,0
2.4363,-0.000358526,36.5445,0,2.4363,0.0001473716,36.5445,0
2.4372,-0.0003984741,36.558,0,2.4372,7.721065E-06,36.558,0
2.4381,-8.89601E-05,36.5715,0,2.4381,-0.0001245441,36.5715,0
2.439,-6.881819E-05,36.585,0,2.439,3.155566E-05,36.585,0
2.4399,-9.231708E-05,36.5985,0,2.4399,-7.418937E-05,36.5985,0
2.4408,0.0001900053,36.612,0,2.4408,-0.0001933623,36.612,0
2.4417,0.0003581903,36.6255,0,2.4417,-7.586786E-05,36.6255,0
2.4426,6.378271E-06,36.639,0,2.4426,-4.39765E-05,36.639,0
2.4435,-3.323415E-05,36.6525,0,2.4435,-6.948959E-05,36.6525,0
2.4444,3.054856E-05,36.666,0,2.4444,-6.881819E-05,36.666,0
2.4453,-2.551309E-05,36.6795,0,2.4453,-9.164568E-05,36.6795,0
2.4462,-5.069047E-05,36.693,0,2.4462,3.591974E-05,36.693,0
2.4471,-0.0001376364,36.7065,0,2.4471,1.342794E-06,36.7065,0
2.448,2.349889E-06,36.72,0,2.448,-7.284657E-05,36.72,0
2.4489,1.007095E-06,36.7335,0,2.4489,-4.33051E-05,36.7335,0
2.4498,-7.754635E-05,36.747,0,2.4498,0.0001114519,36.747,0
2.4507,-3.591974E-05,36.7605,0,2.4507,8.224613E-05,36.7605,0
2.4516,8.291753E-05,36.774,0,2.4516,-9.500267E-05,36.774,0
2.4525,-1.510643E-05,36.7875,0,2.4525,3.659113E-05,36.7875,0
2.4534,-0.0001144732,36.801,0,2.4534,1.779202E-05,36.801,0
2.4543,-0.0001876554,36.8145,0,2.4543,-0.0001037308,36.8145,0
2.4552,-0.0001282368,36.828,0,2.4552,-4.028382E-05,36.828,0
2.4561,-0.0001054093,36.8415,0,2.4561,-7.385367E-06,36.8415,0
2.457,-9.735256E-05,36.855,0,2.457,-8.258183E-05,36.855,0
2.4579,1.040665E-05,36.8685,0,2.4579,-0.0001238727,36.8685,0
2.4588,0.0001265583,36.882,0,2.4588,-0.00024271,36.882,0
2.4597,0.0001393149,36.8955,0,2.4597,-7.385367E-05,36.8955,0
2.4606,0.0001980621,36.909,0,2.4606,-6.478981E-05,36.909,0
2.4615,0.0002386816,36.9225,0,2.4615,-0.0001319295,36.9225,0
2.4624,0.0002185397,36.936,0,2.4624,1.007095E-06,36.936,0
2.4633,2.349889E-06,36.9495,0,2.4633,0.000203769,36.9495,0
2.4642,6.848249E-05,36.963,0,2.4642,0.0001983978,36.963,0
2.4651,0.0002289464,36.9765,0,2.4651,-5.035477E-06,36.9765,0
2.466,8.392462E-06,36.99,0,2.466,9.164568E-05,36.99,0
2.4669,-2.081331E-05,37.0035,0,2.4669,3.860533E-05,37.0035,0
2.4678,6.948959E-05,37.017,0,2.4678,-0.0001168231,37.017,0
2.4687,-8.96315E-05,37.0305,0,2.4687,-3.256275E-05,37.0305,0
2.4696,-0.0001443503,37.044,0,2.4696,9.164568E-05,37.044,0
2.4705,-4.36408E-05,37.0575,0,2.4705,5.471885E-05,37.0575,0
2.4714,3.591974E-05,37.071,0,2.4714,2.618448E-05,37.071,0
2.4723,7.721065E-06,37.0845,0,2.4723,-8.82887E-05,37.0845,0
2.4732,5.941863E-05,37.098,0,2.4732,-2.719158E-05,37.098,0
2.4741,0.0001232013,37.1115,0,2.4741,-6.143282E-05,37.1115,0
2.475,4.934768E-05,37.125,0,2.475,-8.090334E-05,37.125,0
2.4759,0.0001205158,37.1385,0,2.4759,-0.0001144732,37.1385,0
2.4768,1.846342E-05,37.152,0,2.4768,6.948959E-05,37.152,0
2.4777,1.779202E-05,37.1655,0,2.4777,2.786297E-05,37.1655,0
2.4786,0.0001876554,37.179,0,2.4786,-0.0001665064,37.179,0
2.4795,2.786297E-05,37.1925,0,2.4795,1.577783E-05,37.1925,0
2.4804,-0.0002262608,37.206,0,2.4804,5.706874E-06,37.206,0
2.4813,-0.0001332723,37.2195,0,2.4813,-9.063859E-05,37.2195,0
2.4822,-4.733349E-05,37.233,0,2.4822,-6.243992E-05,37.233,0
2.4831,-0.0001060807,37.2465,0,2.4831,9.164568E-05,37.2465,0
2.484,-0.0001171588,37.26,0,2.484,0.0001896696,37.26,0
2.4849,-1.376364E-05,37.2735,0,2.4849,9.231708E-05,37.2735,0
2.4858,6.411841E-05,37.287,0,2.4858,-3.961242E-05,37.287,0
2.4867,5.673304E-05,37.3005,0,2.4867,9.567407E-05,37.3005,0
2.4876,0.0001362936,37.314,0,2.4876,4.53193E-05,37.314,0
2.4885,0.0001154803,37.3275,0,2.4885,-3.424125E-05,37.3275,0
2.4894,6.109713E-05,37.341,0,2.4894,-1.443504E-05,37.341,0
2.4903,-7.452507E-05,37.3545,0,2.4903,6.378271E-05,37.3545,0
2.4912,-3.021286E-06,37.368,0,2.4912,1.678492E-06,37.368,0
2.4921,1.947051E-05,37.3815,0,2.4921,-0.0001963836,37.3815,0
2.493,-5.136187E-05,37.395,0,2.493,-8.560311E-05,37.395,0
2.4939,6.378271E-06,37.4085,0,2.4939,-7.989624E-05,37.4085,0
2.4948,6.713969E-06,37.422,0,2.4948,-0.000231632,37.422,0
2.4957,-0.000158114,37.4355,0,2.4957,-0.0001715419,37.4355,0
2.4966,-0.0001178302,37.449,0,2.4966,-2.417029E-05,37.449,0
2.4975,-0.0001070878,37.4625,0,2.4975,-2.21561E-05,37.4625,0
2.4984,-0.0001309224,37.476,0,2.4984,3.457694E-05,37.476,0
2.4993,1.174945E-05,37.4895,0,2.4993,-3.692683E-05,37.4895,0
2.5002,6.344701E-05,37.503,0,2.5002,7.922484E-05,37.503,0
2.5011,-8.493171E-05,37.5165,0,2.5011,0.0001151446,37.5165,0
2.502,-7.016098E-05,37.53,0,2.502,-7.956054E-05,37.53,0
2.5029,3.256275E-05,37.5435,0,2.5029,-4.968337E-05,37.5435,0
2.5038,-0.0001030594,37.557,0,2.5038,0.0001084306,37.557,0
2.5047,-6.78111E-05,37.5705,0,2.5047,2.752728E-05,37.5705,0
2.5056,0.0001712062,37.584,0,2.5056,-8.92958E-05,37.584,0
2.5065,1.510643E-05,37.5975,0,2.5065,3.927672E-05,37.5975,0
2.5074,9.164568E-05,37.611,0,2.5074,3.356985E-06,37.611,0
2.5083,0.0003125353,37.6245,0,2.5083,-9.567407E-05,37.6245,0
2.5092,0.0001809415,37.638,0,2.5092,-5.236896E-05,37.638,0
2.5101,-0.0001117876,37.6515,0,2.5101,-6.378271E-06,37.6515,0
2.511,6.713969E-07,37.665,0,2.511,-1.913481E-05,37.665,0
2.5119,1.980621E-05,37.6785,0,2.5119,-2.18204E-05,37.6785,0
2.5128,3.054856E-05,37.692,0,2.5128,-9.030289E-05,37.692,0
2.5137,7.888914E-05,37.7055,0,2.5137,4.263371E-05,37.7055,0
2.5146,-3.155566E-05,37.719,0,2.5146,6.176852E-05,37.719,0
2.5155,3.256275E-05,37.7325,0,2.5155,-3.054856E-05,37.7325,0
2.5164,8.96315E-05,37.746,0,2.5164,-3.793393E-05,37.746,0
2.5173,-7.083238E-05,37.7595,0,2.5173,7.418937E-05,37.7595,0
2.5182,-4.934768E-05,37.773,0,2.5182,-7.049668E-06,37.773,0
2.5191,-7.385367E-06,37.7865,0,2.5191,-0.000105745,37.7865,0
2.52,-0.0001101091,37.8,0,2.52,6.478981E-05,37.8,0
2.5209,-0.0001601282,37.8135,0,2.5209,4.632639E-05,37.8135,0
2.5218,-5.136187E-05,37.827,0,2.5218,-0.000105745,37.827,0
2.5227,-6.881819E-05,37.8405,0,2.5227,-5.136187E-05,37.8405,0
2.5236,-9.164568E-05,37.854,0,2.5236,3.356985E-07,37.854,0
2.5245,-4.867628E-05,37.8675,0,2.5245,-8.560311E-05,37.8675,0
2.5254,-6.378271E-06,37.881,0,2.5254,-0.000126894,37.881,0
2.5263,7.083238E-05,37.8945,0,2.5263,-0.0001470359,37.8945,0
2.5272,5.673304E-05,37.908,0,2.5272,1.376364E-05,37.908,0
2.5281,-4.49836E-05,37.9215,0,2.5281,-5.404745E-05,37.9215,0
2.529,-1.980621E-05,37.935,0,2.529,-0.0002500954,37.935,0
2.5299,-3.860533E-05,37.9485,0,2.5299,-0.0001537499,37.9485,0
2.5308,-0.0001638209,37.962,0,2.5308,8.728161E-06,37.962,0
2.5317,-1.913481E-05,37.9755,0,2.5317,3.726253E-05,37.9755,0
2.5326,6.109713E-05,37.989,0,2.5326,1.309224E-05,37.989,0
2.5335,-0.000119173,38.0025,0,2.5335,7.016098E-05,38.0025,0
2.5344,-7.183947E-05,38.016,0,2.5344,-6.109713E-05,38.016,0
2.5353,5.874724E-05,38.0295,0,2.5353,-0.0002957504,38.0295,0
2.5362,0.0001654994,38.043,0,2.5362,-0.0002262608,38.043,0
2.5371,-6.54612E-05,38.0565,0,2.5371,-0.0001326009,38.0565,0
2.538,-0.0001527428,38.07,0,2.538,-7.351797E-05,38.07,0
2.5389,-9.164568E-05,38.0835,0,2.5389,7.888914E-05,38.0835,0
2.5398,6.915389E-05,38.097,0,2.5398,6.948959E-05,38.097,0
2.5407,0.0001953765,38.1105,0,2.5407,0.0003138781,38.1105,0
2.5416,-6.378271E-06,38.124,0,2.5416,0.0003524834,38.124,0
2.5425,-3.424125E-05,38.1375,0,2.5425,0.0001534142,38.1375,0
2.5434,3.860533E-05,38.151,0,2.5434,4.095522E-05,38.151,0
2.5443,-9.701686E-05,38.1645,0,2.5443,0.0001473716,38.1645,0
2.5452,-7.452507E-05,38.178,0,2.5452,7.049668E-05,38.178,0
2.5461,7.687495E-05,38.1915,0,2.5461,-5.975433E-05,38.1915,0
2.547,-5.673304E-05,38.205,0,2.547,5.874724E-05,38.205,0
2.5479,-9.701686E-05,38.2185,0,2.5479,3.155566E-05,38.2185,0
2.5488,0.0001315938,38.232,0,2.5488,-5.471885E-05,38.232,0
2.5497,2.920577E-05,38.2455,0,2.5497,-9.063859E-06,38.2455,0
2.5506,-0.0001117876,38.259,0,2.5506,4.129091E-05,38.259,0
2.5515,-3.994812E-05,38.2725,0,2.5515,-3.524834E-05,38.2725,0
2.5524,3.021286E-06,38.286,0,2.5524,-2.18204E-05,38.286,0
2.5533,2.1149E-05,38.2995,0,2.5533,-8.86244E-05,38.2995,0
2.5542,-1.712062E-05,38.313,0,2.5542,-3.591974E-05,38.313,0
2.5551,-3.155566E-05,38.3265,0,2.5551,-6.311131E-05,38.3265,0
2.556,-6.277562E-05,38.34,0,2.556,-0.0001624781,38.34,0
2.5569,3.726253E-05,38.3535,0,2.5569,-0.0001802701,38.3535,0
2.5578,2.920577E-05,38.367,0,2.5578,-8.627451E-05,38.367,0
2.5587,-5.975433E-05,38.3805,0,2.5587,-4.699779E-05,38.3805,0
2.5596,9.164568E-05,38.394,0,2.5596,-8.123904E-05,38.394,0
2.5605,3.189136E-05,38.4075,0,2.5605,4.263371E-05,38.4075,0
2.5614,-7.116808E-05,38.421,0,2.5614,6.948959E-05,38.421,0
2.5623,5.035477E-06,38.4345,0,2.5623,1.577783E-05,38.4345,0
2.5632,4.129091E-05,38.448,0,2.5632,3.524834E-05,38.448,0
2.5641,-0.0001161517,38.4615,0,2.5641,6.210422E-05,38.4615,0
2.565,-6.54612E-05,38.475,0,2.565,7.049668E-06,38.475,0
2.5659,3.356985E-07,38.4885,0,2.5659,-2.383459E-05,38.4885,0
2.5668,0.0001500572,38.502,0,2.5668,-0.0001131304,38.502,0
2.5677,-2.24918E-05,38.5155,0,2.5677,-5.371176E-06,38.5155,0
2.5686,-0.0002292821,38.529,0,2.5686,-3.793393E-05,38.529,0
2.5695,-3.491264E-05,38.5425,0,2.5695,-0.0001215228,38.5425,0
2.5704,5.874724E-05,38.556,0,2.5704,-8.560311E-05,38.556,0
2.5713,-0.0001104448,38.5695,0,2.5713,6.814679E-05,38.5695,0
2.5722,-4.599069E-05,38.583,0,2.5722,4.028382E-05,38.583,0
2.5731,8.157473E-05,38.5965,0,2.5731,-2.853437E-05,38.5965,0
2.574,-1.107805E-05,38.61,0,2.574,2.484169E-05,38.61,0
2.5749,0.0001346151,38.6235,0,2.5749,-0.0001211871,38.6235,0
2.5758,9.365987E-05,38.637,0,2.5758,-0.0001695277,38.637,0
2.5767,-0.0001131304,38.6505,0,2.5767,-0.0002111543,38.6505,0
2.5776,-0.0001604639,38.664,0,2.5776,-0.0001681849,38.664,0
2.5785,-5.706874E-05,38.6775,0,2.5785,-0.0001705348,38.6775,0
2.5794,-5.941863E-05,38.691,0,2.5794,-5.069047E-05,38.691,0
2.5803,-1.544213E-05,38.7045,0,2.5803,2.21561E-05,38.7045,0
2.5812,9.231708E-05,38.718,0,2.5812,0.0001111162,38.718,0
2.5821,0.0001094377,38.7315,0,2.5821,0.0001661708,38.7315,0
2.583,0.0001164874,38.745,0,2.583,0.0001205158,38.745,0
2.5839,0.0002319677,38.7585,0,2.5839,5.001907E-05,38.7585,0
2.5848,-1.678492E-06,38.772,0,2.5848,0.0001198444,38.772,0
2.5857,1.577783E-05,38.7855,0,2.5857,3.054856E-05,38.7855,0
2.5866,0.0002735943,38.799,0,2.5866,-7.150377E-05,38.799,0
2.5875,6.61326E-05,38.8125,0,2.5875,3.860533E-05,38.8125,0
2.5884,-6.915389E-05,38.826,0,2.5884,4.263371E-05,38.826,0
2.5893,8.224613E-05,38.8395,0,2.5893,-5.639734E-05,38.8395,0
2.5902,6.478981E-05,38.853,0,2.5902,-3.659113E-05,38.853,0
2.5911,-0.000207126,38.8665,0,2.5911,2.349889E-05,38.8665,0
2.592,-0.0001232013,38.88,0,2.592,-5.572595E-05,38.88,0
2.5929,-1.309224E-05,38.8935,0,2.5929,-7.620356E-05,38.8935,0
2.5938,-4.867628E-05,38.907,0,2.5938,-0.0001389792,38.907,0
2.5947,4.263371E-05,38.9205,0,2.5947,-8.560311E-05,38.9205,0
2.5956,7.150377E-05,38.934,0,2.5956,-9.030289E-05,38.934,0
2.5965,7.721065E-06,38.9475,0,2.5965,-0.0001651637,38.9475,0
2.5974,1.947051E-05,38.961,0,2.5974,-0.0001708705,38.961,0
2.5983,-4.33051E-05,38.9745,0,2.5983,4.129091E-05,38.9745,0
2.5992,-5.371176E-05,38.988,0,2.5992,1.007095E-06,38.988,0
2.6001,7.284657E-05,39.0015,0,2.6001,6.009003E-05,39.0015,0
2.601,-6.042573E-05,39.015,0,2.601,0.0002648661,39.015,0
2.6019,-0.0001070878,39.0285,0,2.6019,0.0001409934,39.0285,0
2.6028,-0.0001080949,39.042,0,2.6028,-2.954147E-05,39.042,0
2.6037,0.000112459,39.0555,0,2.6037,5.774014E-05,39.0555,0
2.6046,1.443504E-05,39.069,0,2.6046,7.486076E-05,39.069,0
2.6055,-3.155566E-05,39.0825,0,2.6055,-1.174945E-05,39.0825,0
2.6064,-2.18204E-05,39.096,0,2.6064,-6.713969E-07,39.096,0
2.6073,4.867628E-05,39.1095,0,2.6073,-0.0001349508,39.1095,0
2.6082,-3.256275E-05,39.123,0,2.6082,-6.982528E-05,39.123,0
2.6091,-8.92958E-05,39.1365,0,2.6091,-5.807584E-05,39.1365,0
2.61,3.625543E-05,39.15,0,2.61,-6.915389E-05,39.15,0
2.6109,-1.242084E-05,39.1635,0,2.6109,-9.970245E-05,39.1635,0
2.6118,-9.970245E-05,39.177,0,2.6118,-5.908293E-05,39.177,0
2.6127,-8.191043E-05,39.1905,0,2.6127,-7.721065E-06,39.1905,0
2.6136,7.754635E-05,39.204,0,2.6136,1.040665E-05,39.204,0
2.6145,-9.668116E-05,39.2175,0,2.6145,0.0001305867,39.2175,0
2.6154,-0.0002178683,39.231,0,2.6154,5.874724E-05,39.231,0
2.6163,-0.000115816,39.2445,0,2.6163,-7.821774E-05,39.2445,0
2.6172,6.277562E-05,39.258,0,2.6172,-1.107805E-05,39.258,0
2.6181,-6.478981E-05,39.2715,0,2.6181,8.224613E-05,39.2715,0
2.619,9.063859E-06,39.285,0,2.619,1.577783E-05,39.285,0
2.6199,-5.069047E-05,39.2985,0,2.6199,4.095522E-05,39.2985,0
2.6208,4.49836E-05,39.312,0,2.6208,-9.903105E-05,39.312,0
2.6217,0.000112459,39.3255,0,2.6217,-9.433127E-05,39.3255,0
2.6226,-0.0002410315,39.339,0,2.6226,-4.43122E-05,39.339,0
2.6235,-0.0001346151,39.3525,0,2.6235,-0.000154757,39.3525,0
2.6244,0.0001168231,39.366,0,2.6244,-0.0001299153,39.366,0
2.6253,-1.510643E-05,39.3795,0,2.6253,8.89601E-05,39.3795,0
2.6262,-3.692683E-05,39.393,0,2.6262,2.081331E-05,39.393,0
2.6271,0.0001728847,39.4065,0,2.6271,-7.888914E-05,39.4065,0
2.628,9.030289E-05,39.42,0,2.628,0.0001077592,39.42,0
2.6289,1.846342E-05,39.4335,0,2.6289,2.652018E-05,39.4335,0
2.6298,0.0001584497,39.447,0,2.6298,-0.0001352865,39.447,0
2.6307,0.000164828,39.4605,0,2.6307,-1.040665E-05,39.4605,0
2.6316,-5.203327E-05,39.474,0,2.6316,8.392462E-06,39.474,0
2.6325,-2.517739E-05,39.4875,0,2.6325,-3.994812E-05,39.4875,0
2.6334,1.779202E-05,39.501,0,2.6334,-4.666209E-05,39.501,0
2.6343,6.344701E-05,39.5145,0,2.6343,-9.970245E-05,39.5145,0
2.6352,5.035477E-06,39.528,0,2.6352,-3.692683E-06,39.528,0
2.6361,-4.934768E-05,39.5415,0,2.6361,-1.309224E-05,39.5415,0
2.637,7.620356E-05,39.555,0,2.637,-4.733349E-05,39.555,0
2.6379,3.591974E-05,39.5685,0,2.6379,-9.701686E-05,39.5685,0
2.6388,-4.33051E-05,39.582,0,2.6388,-2.316319E-05,39.582,0
2.6397,3.189136E-05,39.5955,0,2.6397,-8.291753E-05,39.5955,0
2.6406,4.901198E-05,39.609,0,2.6406,-0.0002245823,39.609,0
2.6415,-1.577783E-05,39.6225,0,2.6415,-3.826963E-05,39.6225,0
2.6424,-4.565499E-05,39.636,0,2.6424,0.0001097734,39.636,0
2.6433,2.752728E-05,39.6495,0,2.6433,6.378271E-06,39.6495,0
2.6442,5.203327E-05,39.663,0,2.6442,0.0001839628,39.663,0
2.6451,-5.539025E-05,39.6765,0,2.6451,0.0002467384,39.6765,0
2.646,-8.426032E-05,39.69,0,2.646,0.0001896696,39.69,0
2.6469,-5.404745E-05,39.7035,0,2.6469,0.0001148089,39.7035,0
2.6478,-7.385367E-06,39.717,0,2.6478,2.517739E-05,39.717,0
2.6487,-3.021286E-06,39.7305,0,2.6487,0.0001030594,39.7305,0
2.6496,-0.0002662089,39.744,0,2.6496,7.083238E-05,39.744,0
2.6505,-0.0001285725,39.7575,0,2.6505,-6.143282E-05,39.7575,0
2.6514,1.107805E-05,39.771,0,2.6514,-8.426032E-05,39.771,0
2.6523,-9.097429E-05,39.7845,0,2.6523,2.24918E-05,39.7845,0
2.6532,4.733349E-05,39.798,0,2.6532,-2.584878E-05,39.798,0
2.6541,0.0002346532,39.8115,0,2.6541,-0.0001228656,39.8115,0
2.655,-4.263371E-05,39.825,0,2.655,-2.349889E-06,39.825,0
2.6559,3.424125E-05,39.8385,0,2.6559,-2.18204E-05,39.8385,0
2.6568,0.0001601282,39.852,0,2.6568,-0.0001315938,39.852,0
2.6577,-0.0002084688,39.8655,0,2.6577,-0.0001070878,39.8655,0
2.6586,-0.00024271,39.879,0,2.6586,-5.069047E-05,39.879,0
2.6595,-5.136187E-05,39.8925,0,2.6595,-9.130999E-05,39.8925,0
2.6604,-9.802396E-05,39.906,0,2.6604,-9.298848E-05,39.906,0
2.6613,-7.083238E-05,39.9195,0,2.6613,-0.0001185016,39.9195,0
2.6622,0.0001111162,39.933,0,2.6622,-5.136187E-05,39.933,0
2.6631,0.0001701991,39.9465,0,2.6631,-2.920577E-05,39.9465,0
2.664,4.666209E-05,39.96,0,2.664,-7.687495E-05,39.96,0
2.6649,0.0001013809,39.9735,0,2.6649,-8.224613E-05,39.9735,0
2.6658,1.141375E-05,39.987,0,2.6658,3.659113E-05,39.987,0
2.6667,-5.740444E-05,40.0005,0,2.6667,-4.699779E-06,40.0005,0
2.6676,0.0001117876,40.014,0,2.6676,-0.0001010452,40.014,0
2.6685,-1.107805E-05,40.0275,0,2.6685,2.887007E-05,40.0275,0
2.6694,-7.351797E-05,40.041,0,2.6694,1.309224E-05,40.041,0
2.6703,7.183947E-05,40.0545,0,2.6703,-0.0001050736,40.0545,0
2.6712,-1.846342E-05,40.068,0,2.6712,-4.196231E-05,40.068,0
2.6721,-0.0001010452,40.0815,0,2.6721,3.524834E-05,40.0815,0
2.673,-9.835965E-05,40.095,0,2.673,5.035477E-06,40.095,0
2.6739,-4.800488E-05,40.1085,0,2.6739,-1.913481E-05,40.1085,0
2.6748,1.107805E-05,40.122,0,2.6748,-8.291753E-05,40.122,0
2.6757,6.042573E-06,40.1355,0,2.6757,5.304036E-05,40.1355,0
2.6766,8.795301E-05,40.149,0,2.6766,5.270466E-05,40.149,0
2.6775,8.69459E-05,40.1625,0,2.6775,-9.365987E-05,40.1625,0
2.6784,0.000112459,40.176,0,2.6784,-7.016098E-05,40.176,0
2.6793,3.860533E-05,40.1895,0,2.6793,3.021286E-06,40.1895,0
2.6802,6.713969E-07,40.203,0,2.6802,-9.298848E-05,40.203,0
2.6811,8.023193E-05,40.2165,0,2.6811,-0.0002568093,40.2165,0
2.682,-3.726253E-05,40.23,0,2.682,-7.553216E-05,40.23,0
2.6829,-9.735256E-05,40.2435,0,2.6829,-6.210422E-05,40.2435,0
2.6838,6.210422E-05,40.257,0,2.6838,-0.0001742275,40.257,0
2.6847,-0.0001748989,40.2705,0,2.6847,-6.478981E-05,40.2705,0
2.6856,-0.0001822843,40.284,0,2.6856,0.0001232013,40.284,0
2.6865,-0.0001054093,40.2975,0,2.6865,0.0001809415,40.2975,0
2.6874,-8.526741E-05,40.311,0,2.6874,0.0001661708,40.311,0
2.6883,7.888914E-05,40.3245,0,2.6883,3.860533E-05,40.3245,0
2.6892,7.251087E-05,40.338,0,2.6892,0.0001366293,40.338,0
2.6901,-8.69459E-05,40.3515,0,2.6901,7.351797E-05,40.3515,0
2.691,-3.659113E-05,40.365,0,2.691,-0.0001164874,40.365,0
2.6919,6.042573E-05,40.3785,0,2.6919,-0.0001070878,40.3785,0
2.6928,-0.000133608,40.392,0,2.6928,1.376364E-05,40.392,0
2.6937,-8.795301E-05,40.4055,0,2.6937,-8.123904E-05,40.4055,0
2.6946,7.049668E-05,40.419,0,2.6946,-0.0001540856,40.419,0
2.6955,-1.510643E-05,40.4325,0,2.6955,6.143282E-05,40.4325,0
2.6964,-5.706874E-06,40.446,0,2.6964,0.0002168612,40.446,0
2.6973,8.761731E-05,40.4595,0,2.6973,9.869535E-05,40.4595,0
2.6982,4.565499E-05,40.473,0,2.6982,2.752728E-05,40.473,0
2.6991,-0.0001426719,40.4865,0,2.6991,4.867628E-05,40.4865,0
2.7,-5.572595E-05,40.5,0,2.7,-0.0001386435,40.5,0
2.7009,-1.275654E-05,40.5135,0,2.7009,-0.0001305867,40.5135,0
2.7018,-2.517739E-05,40.527,0,2.7018,-0.0002101472,40.527,0
2.7027,8.224613E-05,40.5405,0,2.7027,-9.600977E-05,40.5405,0
2.7036,4.46479E-05,40.554,0,2.7036,-0.0001413291,40.554,0
2.7045,-8.82887E-05,40.5675,0,2.7045,-7.016098E-05,40.5675,0
2.7054,1.846342E-05,40.581,0,2.7054,3.659113E-05,40.581,0
2.7063,-7.150377E-05,40.5945,0,2.7063,0.0001943694,40.5945,0
2.7072,-6.009003E-05,40.608,0,2.7072,0.0002262608,40.608,0
2.7081,6.54612E-05,40.6215,0,2.7081,0.0001373007,40.6215,0
2.709,-2.786297E-05,40.635,0,2.709,0.0002017548,40.635,0
2.7099,3.927672E-05,40.6485,0,2.7099,0.0001352865,40.6485,0
2.7108,-1.913481E-05,40.662,0,2.7108,-4.36408E-05,40.662,0
2.7117,0.000119173,40.6755,0,2.7117,-4.46479E-05,40.6755,0
2.7126,9.063859E-06,40.689,0,2.7126,-6.042573E-06,40.689,0
2.7135,-3.994812E-05,40.7025,0,2.7135,-6.881819E-05,40.7025,0
2.7144,5.136187E-05,40.716,0,2.7144,-8.459602E-05,40.716,0
2.7153,0.0001258869,40.7295,0,2.7153,-0.0001708705,40.7295,0
2.7162,1.007095E-05,40.743,0,2.7162,-6.478981E-05,40.743,0
2.7171,-5.841154E-05,40.7565,0,2.7171,-4.46479E-05,40.7565,0
2.718,-5.706874E-06,40.77,0,2.718,-5.169757E-05,40.77,0
2.7189,-4.028382E-06,40.7835,0,2.7189,-4.766919E-05,40.7835,0
2.7198,-7.754635E-05,40.797,0,2.7198,7.956054E-05,40.797,0
2.7207,-5.572595E-05,40.8105,0,2.7207,-1.980621E-05,40.8105,0
2.7216,0.0001564355,40.824,0,2.7216,-0.000148043,40.824,0
2.7225,-1.577783E-05,40.8375,0,2.7225,-4.229801E-05,40.8375,0
2.7234,-0.0001379721,40.851,0,2.7234,-0.0001030594,40.851,0
2.7243,-0.0001017166,40.8645,0,2.7243,-0.000207126,40.8645,0
2.7252,-6.61326E-05,40.878,0,2.7252,-0.000133608,40.878,0
2.7261,-6.478981E-05,40.8915,0,2.7261,-3.591974E-05,40.8915,0
2.727,-2.1149E-05,40.905,0,2.727,-9.097429E-05,40.905,0
2.7279,-9.298848E-05,40.9185,0,2.7279,-1.107805E-05,40.9185,0
2.7288,2.517739E-05,40.932,0,2.7288,2.517739E-05,40.932,0
2.7297,8.560311E-05,40.9455,0,2.7297,6.143282E-05,40.9455,0
2.7306,-2.484169E-05,40.959,0,2.7306,1.712062E-05,40.959,0
2.7315,2.652018E-05,40.9725,0,2.7315,-6.277562E-05,40.9725,0
2.7324,0.0001742275,40.986,0,2.7324,-8.426032E-05,40.986,0
2.7333,-6.64683E-05,40.9995,0,2.7333,4.53193E-05,40.9995,0
2.7342,-5.203327E-05,41.013,0,2.7342,6.378271E-06,41.013,0
2.7351,0.0001822843,41.0265,0,2.7351,-7.016098E-05,41.0265,0
2.736,8.392462E-06,41.04,0,2.736,8.090334E-05,41.04,0
2.7369,-0.0002108186,41.0535,0,2.7369,9.768826E-05,41.0535,0
2.7378,-5.035477E-05,41.067,0,2.7378,-3.659113E-05,41.067,0
2.7387,0.0001668421,41.0805,0,2.7387,1.846342E-05,41.0805,0
2.7396,-6.210422E-05,41.094,0,2.7396,4.46479E-05,41.094,0
2.7405,2.047761E-05,41.1075,0,2.7405,-1.443504E-05,41.1075,0
2.7414,4.263371E-05,41.121,0,2.7414,-0.0001238727,41.121,0
2.7423,9.768826E-05,41.1345,0,2.7423,-0.0001802701,41.1345,0
2.7432,4.263371E-05,41.148,0,2.7432,-6.344701E-05,41.148,0
2.7441,-0.0001275654,41.1615,0,2.7441,-5.270466E-05,41.1615,0
2.745,-9.097429E-05,41.175,0,2.745,-0.0001245441,41.175,0
2.7459,-2.887007E-05,41.1885,0,2.7459,-1.644922E-05,41.1885,0
2.7468,-6.478981E-05,41.202,0,2.7468,0.0002897078,41.202,0
2.7477,-5.740444E-05,41.2155,0,2.7477,0.0002312963,41.2155,0
2.7486,-6.076142E-05,41.229,0,2.7486,-2.752728E-05,41.229,0
2.7495,-0.0001228656,41.2425,0,2.7495,0.0001054093,41.2425,0
2.7504,-7.016098E-05,41.256,0,2.7504,9.634547E-05,41.256,0
2.7513,-1.040665E-05,41.2695,0,2.7513,-9.365987E-05,41.2695,0
2.7522,7.956054E-05,41.283,0,2.7522,-2.014191E-05,41.283,0
2.7531,-6.344701E-05,41.2965,0,2.7531,6.6804E-05,41.2965,0
2.754,-6.881819E-05,41.31,0,2.754,-2.383459E-05,41.31,0
2.7549,4.36408E-05,41.3235,0,2.7549,-5.807584E-05,41.3235,0
2.7558,0.000112459,41.337,0,2.7558,-9.970245E-05,41.337,0
2.7567,7.821774E-05,41.3505,0,2.7567,-3.591974E-05,41.3505,0
2.7576,2.383459E-05,41.364,0,2.7576,-5.606165E-05,41.364,0
2.7585,7.083238E-05,41.3775,0,2.7585,-8.89601E-05,41.3775,0
2.7594,8.560311E-05,41.391,0,2.7594,-5.404745E-05,41.391,0
2.7603,-8.89601E-05,41.4045,0,2.7603,1.577783E-05,41.4045,0
2.7612,-3.356985E-07,41.418,0,2.7612,-5.136187E-05,41.418,0
2.7621,6.344701E-05,41.4315,0,2.7621,-0.0001396506,41.4315,0
2.763,-8.661021E-05,41.445,0,2.763,8.493171E-05,41.445,0
2.7639,-5.404745E-05,41.4585,0,2.7639,0.0001668421,41.4585,0
2.7648,0.0001164874,41.472,0,2.7648,6.378271E-06,41.472,0
2.7657,0.0001070878,41.4855,0,2.7657,6.042573E-06,41.4855,0
2.7666,-3.155566E-05,41.499,0,2.7666,3.659113E-05,41.499,0
2.7675,3.457694E-05,41.5125,0,2.7675,1.544213E-05,41.5125,0
2.7684,-7.083238E-05,41.526,0,2.7684,-3.323415E-05,41.526,0
2.7693,1.174945E-05,41.5395,0,2.7693,-0.0001346151,41.5395,0
2.7702,0.0001641566,41.553,0,2.7702,-2.920577E-05,41.553,0
2.7711,0.0001107805,41.5665,0,2.7711,-1.947051E-05,41.5665,0
2.772,3.121996E-05,41.58,0,2.772,-7.016098E-05,41.58,0
2.7729,0.0001017166,41.5935,0,2.7729,-6.109713E-05,41.5935,0
2.7738,-2.047761E-05,41.607,0,2.7738,6.378271E-05,41.607,0
2.7747,-8.86244E-05,41.6205,0,2.7747,-1.443504E-05,41.6205,0
2.7756,7.418937E-05,41.634,0,2.7756,-0.000189334,41.634,0
2.7765,-0.0001077592,41.6475,0,2.7765,5.035477E-06,41.6475,0
2.7774,-0.0001973907,41.661,0,2.7774,4.666209E-05,41.661,0
2.7783,-7.284657E-05,41.6745,0,2.7783,-7.653925E-05,41.6745,0
2.7792,0.0001772488,41.688,0,2.7792,-4.43122E-05,41.688,0
2.7801,-6.61326E-05,41.7015,0,2.7801,6.076142E-05,41.7015,0
2.781,-9.970245E-05,41.715,0,2.781,2.014191E-06,41.715,0
2.7819,-5.807584E-05,41.7285,0,2.7819,-8.560311E-05,41.7285,0
2.7828,-1.443504E-05,41.742,0,2.7828,-0.0001775845,41.742,0
2.7837,-0.0001040665,41.7555,0,2.7837,-6.344701E-05,41.7555,0
2.7846,-0.0001215228,41.769,0,2.7846,-7.016098E-05,41.769,0
2.7855,-7.721065E-05,41.7825,0,2.7855,-8.560311E-05,41.7825,0
2.7864,1.040665E-05,41.796,0,2.7864,-3.793393E-05,41.796,0
2.7873,1.544213E-05,41.8095,0,2.7873,5.270466E-05,41.8095,0
2.7882,-4.33051E-05,41.823,0,2.7882,1.510643E-05,41.823,0
2.7891,7.989624E-05,41.8365,0,2.7891,-0.0001151446,41.8365,0
2.79,-3.054856E-05,41.85,0,2.79,2.517739E-05,41.85,0
2.7909,-0.0001493858,41.8635,0,2.7909,7.217517E-05,41.8635,0
2.7918,-0.0001040665,41.877,0,2.7918,-7.385367E-06,41.877,0
2.7927,-0.0001097734,41.8905,0,2.7927,-4.33051E-05,41.8905,0
2.7936,-0.0001456931,41.904,0,2.7936,7.586786E-05,41.904,0
2.7945,-0.0001097734,41.9175,0,2.7945,-8.661021E-05,41.9175,0
2.7954,-8.493171E-05,41.931,0,2.7954,-0.0002007477,41.931,0
2.7963,0.0001060807,41.9445,0,2.7963,-0.0001712062,41.9445,0
2.7972,5.740444E-05,41.958,0,2.7972,-2.014191E-05,41.958,0
2.7981,0.0001164874,41.9715,0,2.7981,7.418937E-05,41.9715,0
2.799,0.0001916838,41.985,0,2.799,2.786297E-05,41.985,0
2.7999,0.0001550927,41.9985,0,2.7999,1.644922E-05,41.9985,0
2.8008,-2.920577E-05,42.012,0,2.8008,0.0001460288,42.012,0
2.8017,3.390555E-05,42.0255,0,2.8017,6.61326E-05,42.0255,0
2.8026,0.0002333104,42.039,0,2.8026,-9.332418E-05,42.039,0
2.8035,-3.155566E-05,42.0525,0,2.8035,4.800488E-05,42.0525,0
2.8044,-0.0001463645,42.066,0,2.8044,2.450599E-05,42.066,0
2.8053,5.639734E-05,42.0795,0,2.8053,-0.0001181659,42.0795,0
2.8062,0.0001406577,42.093,0,2.8062,-2.18204E-05,42.093,0
2.8071,-3.860533E-05,42.1065,0,2.8071,1.040665E-05,42.1065,0
2.808,2.081331E-05,42.12,0,2.808,-8.392462E-06,42.12,0
2.8089,-3.021286E-06,42.1335,0,2.8089,1.577783E-05,42.1335,0
2.8098,3.356985E-05,42.147,0,2.8098,-5.001907E-05,42.147,0
2.8107,6.143282E-05,42.1605,0,2.8107,2.584878E-05,42.1605,0
2.8116,-5.572595E-05,42.174,0,2.8116,-3.659113E-05,42.174,0
2.8125,-2.047761E-05,42.1875,0,2.8125,-0.0001044022,42.1875,0
2.8134,4.129091E-05,42.201,0,2.8134,-8.560311E-05,42.201,0
2.8143,-3.021286E-05,42.2145,0,2.8143,3.356985E-07,42.2145,0
2.8152,-8.560311E-05,42.228,0,2.8152,1.007095E-05,42.228,0
2.8161,6.948959E-05,42.2415,0,2.8161,-2.920577E-05,42.2415,0
2.817,-1.644922E-05,42.255,0,2.817,0.0001628138,42.255,0
2.8179,-0.000109102,42.2685,0,2.8179,0.0001205158,42.2685,0
2.8188,-8.392462E-06,42.282,0,2.8188,-8.89601E-05,42.282,0
2.8197,-3.356985E-06,42.2955,0,2.8197,-1.342794E-06,42.2955,0
2.8206,-0.0001624781,42.309,0,2.8206,8.82887E-05,42.309,0
2.8215,-8.795301E-05,42.3225,0,2.8215,3.155566E-05,42.3225,0
2.8224,4.263371E-05,42.336,0,2.8224,-7.989624E-05,42.336,0
2.8233,-3.927672E-05,42.3495,0,2.8233,-0.0002044404,42.3495,0
2.8242,-1.309224E-05,42.363,0,2.8242,-9.567407E-05,42.363,0
2.8251,-4.565499E-05,42.3765,0,2.8251,-3.927672E-05,42.3765,0
2.826,4.699779E-05,42.39,0,2.826,-4.36408E-06,42.39,0
2.8269,7.452507E-05,42.4035,0,2.8269,2.349889E-05,42.4035,0
2.8278,-7.351797E-05,42.417,0,2.8278,0.0001910124,42.417,0
2.8287,-3.054856E-05,42.4305,0,2.8287,0.000115816,42.4305,0
2.8296,8.72816E-05,42.444,0,2.8296,-1.007095E-05,42.444,0
2.8305,5.035477E-06,42.4575,0,2.8305,9.466698E-05,42.4575,0
2.8314,3.826963E-05,42.471,0,2.8314,5.169757E-05,42.471,0
2.8323,3.692683E-06,42.4845,0,2.8323,-9.097429E-05,42.4845,0
2.8332,0.0001413291,42.498,0,2.8332,-2.887007E-05,42.498,0
2.8341,7.956054E-05,42.5115,0,2.8341,4.934768E-05,42.5115,0
2.835,1.577783E-05,42.525,0,2.835,-5.673304E-05,42.525,0
2.8359,-1.208515E-05,42.5385,0,2.8359,-7.016098E-05,42.5385,0
2.8368,5.102617E-05,42.552,0,2.8368,-0.0001326009,42.552,0
2.8377,-7.385367E-06,42.5655,0,2.8377,-6.71397E-05,42.5655,0
2.8386,-5.270466E-05,42.579,0,2.8386,-6.277562E-05,42.579,0
2.8395,3.894102E-05,42.5925,0,2.8395,-9.097429E-05,42.5925,0
2.8404,0.000158114,42.606,0,2.8404,-9.970245E-05,42.606,0
2.8413,-5.169757E-05,42.6195,0,2.8413,5.337606E-05,42.6195,0
2.8422,-3.289845E-05,42.633,0,2.8422,3.457694E-05,42.633,0
2.8431,0.0002252537,42.6465,0,2.8431,-6.009003E-05,42.6465,0
2.844,-4.028382E-06,42.66,0,2.844,7.687495E-05,42.66,0
2.8449,-0.0002138399,42.6735,0,2.8449,-2.652018E-05,42.6735,0
2.8458,-3.894102E-05,42.687,0,2.8458,-0.0001319295,42.687,0
2.8467,0.0001742275,42.7005,0,2.8467,-2.383459E-05,42.7005,0
2.8476,-8.090334E-05,42.714,0,2.8476,2.1149E-05,42.714,0
2.8485,-6.009003E-05,42.7275,0,2.8485,-5.941863E-05,42.7275,0
2.8494,-0.0001040665,42.741,0,2.8494,-8.82887E-05,42.741,0
2.8503,-5.136187E-05,42.7545,0,2.8503,-0.0001406577,42.7545,0
2.8512,-4.968337E-05,42.768,0,2.8512,-3.121996E-05,42.768,0
2.8521,-0.0001443503,42.7815,0,2.8521,-4.53193E-05,42.7815,0
2.853,-0.0001208515,42.795,0,2.853,-0.0001346151,42.795,0
2.8539,-2.316319E-05,42.8085,0,2.8539,-0.0001601282,42.8085,0
2.8548,-4.867628E-05,42.822,0,2.8548,-4.028382E-06,42.822,0
2.8557,-4.632639E-05,42.8355,0,2.8557,1.309224E-05,42.8355,0
2.8566,1.443504E-05,42.849,0,2.8566,-6.243992E-05,42.849,0
2.8575,-4.39765E-05,42.8625,0,2.8575,7.150377E-05,42.8625,0
2.8584,-7.318227E-05,42.876,0,2.8584,8.224613E-05,42.876,0
2.8593,-1.846342E-05,42.8895,0,2.8593,-6.915389E-05,42.8895,0
2.8602,8.123904E-05,42.903,0,2.8602,-1.007095E-05,42.903,0
2.8611,-0.0001097734,42.9165,0,2.8611,6.210422E-05,42.9165,0
2.862,-8.86244E-05,42.93,0,2.862,-3.256275E-05,42.93,0
2.8629,-3.726253E-05,42.9435,0,2.8629,-3.726253E-05,42.9435,0
2.8638,8.123904E-05,42.957,0,2.8638,-6.478981E-05,42.957,0
2.8647,7.620356E-05,42.9705,0,2.8647,2.1149E-05,42.9705,0
2.8656,-9.903105E-05,42.984,0,2.8656,-7.049668E-06,42.984,0
2.8665,1.678492E-06,42.9975,0,2.8665,-5.471885E-05,42.9975,0
2.8674,0.0001205158,43.011,0,2.8674,-9.365987E-05,43.011,0
2.8683,4.800488E-05,43.0245,0,2.8683,2.853437E-05,43.0245,0
2.8692,0.0001883268,43.038,0,2.8692,7.385367E-06,43.038,0
2.8701,0.0002175326,43.0515,0,2.8701,-7.653925E-05,43.0515,0
2.871,6.143282E-05,43.065,0,2.871,-6.713969E-07,43.065,0
2.8719,0.0002222324,43.0785,0,2.8719,7.385367E-06,43.0785,0
2.8728,0.0002534524,43.092,0,2.8728,-0.0001168231,43.092,0
2.8737,6.54612E-05,43.1055,0,2.8737,-8.996719E-05,43.1055,0
2.8746,-3.726253E-05,43.119,0,2.8746,-5.035477E-06,43.119,0
2.8755,9.063859E-06,43.1325,0,2.8755,3.054856E-05,43.1325,0
2.8764,-0.0001174945,43.146,0,2.8764,0.0001913481,43.146,0
2.8773,-7.721065E-06,43.1595,0,2.8773,0.0001245441,43.1595,0
2.8782,7.083238E-05,43.173,0,2.8782,0.0001238727,43.173,0
2.8791,-0.0002735943,43.1865,0,2.8791,0.0001010452,43.1865,0
2.88,-0.0001980621,43.2,0,2.88,1.174945E-05,43.2,0
2.8809,-2.349889E-06,43.2135,0,2.8809,-2.987716E-05,43.2135,0
2.8818,-0.0001876554,43.227,0,2.8818,6.64683E-05,43.227,0
2.8827,-0.0002091402,43.2405,0,2.8827,-4.36408E-06,43.2405,0
2.8836,1.678492E-06,43.254,0,2.8836,-9.970245E-05,43.254,0
2.8845,-0.0001094377,43.2675,0,2.8845,3.927672E-05,43.2675,0
2.8854,3.356985E-07,43.281,0,2.8854,-2.954147E-05,43.281,0
2.8863,0.0001054093,43.2945,0,2.8863,-0.0001765774,43.2945,0
2.8872,2.316319E-05,43.308,0,2.8872,-5.740444E-05,43.308,0
2.8881,-0.0001507286,43.3215,0,2.8881,2.484169E-05,43.3215,0
2.889,-8.69459E-05,43.335,0,2.889,-4.229801E-05,43.335,0
2.8899,2.853437E-05,43.3485,0,2.8899,-0.0001131304,43.3485,0
2.8908,4.263371E-05,43.362,0,2.8908,-6.915389E-05,43.362,0
2.8917,1.409934E-05,43.3755,0,2.8917,5.169757E-05,43.3755,0
2.8926,-8.69459E-05,43.389,0,2.8926,-2.417029E-05,43.389,0
2.8935,-8.96315E-05,43.4025,0,2.8935,-6.61326E-05,43.4025,0
2.8944,8.090334E-05,43.416,0,2.8944,-4.666209E-05,43.416,0
2.8953,5.438316E-05,43.4295,0,2.8953,3.457694E-05,43.4295,0
2.8962,-5.404745E-05,43.443,0,2.8962,-2.047761E-05,43.443,0
2.8971,9.567407E-05,43.4565,0,2.8971,-0.0001483787,43.4565,0
2.898,1.678492E-05,43.47,0,2.898,-2.18204E-05,43.47,0
2.8989,0.000197055,43.4835,0,2.8989,-2.584878E-05,43.4835,0
2.8998,0.0001607996,43.497,0,2.8998,-0.0001775845,43.497,0
2.9007,-0.0001292439,43.5105,0,2.9007,-0.0001121233,43.5105,0
2.9016,-0.0001621424,43.524,0,2.9016,7.385367E-06,43.524,0
2.9025,-9.735256E-05,43.5375,0,2.9025,4.666209E-05,43.5375,0
2.9034,-5.069047E-05,43.551,0,2.9034,6.57969E-05,43.551,0
2.9043,9.634547E-05,43.5645,0,2.9043,1.275654E-05,43.5645,0
2.9052,1.007095E-05,43.578,0,2.9052,0.0001164874,43.578,0
2.9061,6.411841E-05,43.5915,0,2.9061,9.097429E-05,43.5915,0
2.907,0.0001715419,43.605,0,2.907,-2.383459E-05,43.605,0
2.9079,0.000109102,43.6185,0,2.9079,-4.49836E-05,43.6185,0
2.9088,-9.735256E-06,43.632,0,2.9088,2.316319E-05,43.632,0
2.9097,6.411841E-05,43.6455,0,2.9097,-2.719158E-05,43.6455,0
2.9106,0.0001775845,43.659,0,2.9106,-0.0001389792,43.659,0
2.9115,-8.426032E-05,43.6725,0,2.9115,2.1149E-05,43.6725,0
2.9124,-0.0001856413,43.686,0,2.9124,3.491264E-05,43.686,0
2.9133,-7.687495E-05,43.6995,0,2.9133,-5.774014E-05,43.6995,0
2.9142,-0.0001386435,43.713,0,2.9142,1.812772E-05,43.713,0
2.9151,-0.0002027619,43.7265,0,2.9151,6.344701E-05,43.7265,0
2.916,-8.661021E-05,43.74,0,2.916,1.443504E-05,43.74,0
2.9169,-0.0001117876,43.7535,0,2.9169,3.692683E-06,43.7535,0
2.9178,-3.088426E-05,43.767,0,2.9178,-6.210422E-05,43.767,0
2.9187,1.947051E-05,43.7805,0,2.9187,-6.042573E-06,43.7805,0
2.9196,-0.0001131304,43.794,0,2.9196,2.1149E-05,43.794,0
2.9205,-9.600977E-05,43.8075,0,2.9205,-5.874724E-05,43.8075,0
2.9214,-7.049668E-06,43.821,0,2.9214,-5.505455E-05,43.821,0
2.9223,-5.975433E-05,43.8345,0,2.9223,3.860533E-05,43.8345,0
2.9232,-0.0001141375,43.848,0,2.9232,-1.577783E-05,43.848,0
2.9241,0.0001144732,43.8615,0,2.9241,-0.0001097734,43.8615,0
2.925,8.224613E-05,43.875,0,2.925,2.786297E-05,43.875,0
2.9259,4.599069E-05,43.8885,0,2.9259,-2.719158E-05,43.8885,0
2.9268,0.0001033951,43.902,0,2.9268,-0.0001668421,43.902,0
2.9277,0.0002386816,43.9155,0,2.9277,-0.0001010452,43.9155,0
2.9286,-1.007095E-06,43.929,0,2.9286,-7.318227E-05,43.929,0
2.9295,-1.007095E-06,43.9425,0,2.9295,-0.0001440146,43.9425,0
2.9304,9.365987E-05,43.956,0,2.9304,-0.0001748989,43.956,0
2.9313,2.24918E-05,43.9695,0,2.9313,-0.0002836652,43.9695,0
2.9322,-5.035477E-06,43.983,0,2.9322,-0.0002014191,43.983,0
2.9331,-0.0001947051,43.9965,0,2.9331,-8.996719E-05,43.9965,0
2.934,-5.874724E-05,44.01,0,2.934,1.812772E-05,44.01,0
2.9349,7.385367E-06,44.0235,0,2.9349,0.0001205158,44.0235,0
2.9358,-7.956054E-05,44.037,0,2.9358,0.0003098497,44.037,0
2.9367,-3.994812E-05,44.0505,0,2.9367,0.0003071641,44.0505,0
2.9376,5.740444E-05,44.064,0,2.9376,7.452507E-05,44.064,0
2.9385,-4.061952E-05,44.0775,0,2.9385,0.0001500572,44.0775,0
2.9394,2.584878E-05,44.091,0,2.9394,8.82887E-05,44.091,0
2.9403,-2.047761E-05,44.1045,0,2.9403,-6.814679E-05,44.1045,0
2.9412,0.0001326009,44.118,0,2.9412,-3.524834E-05,44.118,0
2.9421,4.061952E-05,44.1315,0,2.9421,6.109713E-05,44.1315,0
2.943,-5.874724E-05,44.145,0,2.943,-2.383459E-05,44.145,0
2.9439,1.174945E-05,44.1585,0,2.9439,-5.539025E-05,44.1585,0
2.9448,0.0001607996,44.172,0,2.9448,-9.600977E-05,44.172,0
2.9457,4.061952E-05,44.1855,0,2.9457,4.36408E-06,44.1855,0
2.9466,-0.000252781,44.199,0,2.9466,-4.599069E-05,44.199,0
2.9475,-0.0001332723,44.2125,0,2.9475,-0.000148043,44.2125,0
2.9484,-1.174945E-05,44.226,0,2.9484,-0.0001671778,44.226,0
2.9493,-0.0002047761,44.2395,0,2.9493,-9.735256E-06,44.2395,0
2.9502,-7.049668E-05,44.253,0,2.9502,-4.800488E-05,44.253,0
2.9511,0.0001628138,44.2665,0,2.9511,-0.0001537499,44.2665,0
2.952,-5.035477E-06,44.28,0,2.952,3.692683E-06,44.28,0
2.9529,7.284657E-05,44.2935,0,2.9529,3.054856E-05,44.2935,0
2.9538,0.0001138018,44.307,0,2.9538,-4.229801E-05,44.307,0
2.9547,6.143282E-05,44.3205,0,2.9547,4.36408E-06,44.3205,0
2.9556,-6.042573E-05,44.334,0,2.9556,6.74754E-05,44.334,0
2.9565,-4.061952E-05,44.3475,0,2.9565,1.980621E-05,44.3475,0
2.9574,-1.913481E-05,44.361,0,2.9574,6.713969E-07,44.361,0
2.9583,-5.606165E-05,44.3745,0,2.9583,-7.183947E-05,44.3745,0
2.9592,-2.584878E-05,44.388,0,2.9592,3.356985E-06,44.388,0
2.9601,-9.735256E-06,44.4015,0,2.9601,-6.311131E-05,44.4015,0
2.961,-7.586786E-05,44.415,0,2.961,-0.0001514,44.415,0
2.9619,3.121996E-05,44.4285,0,2.9619,-9.735256E-05,44.4285,0
2.9628,-1.510643E-05,44.442,0,2.9628,4.263371E-05,44.442,0
2.9637,4.934768E-05,44.4555,0,2.9637,-1.678492E-05,44.4555,0
2.9646,0.0002675517,44.469,0,2.9646,-8.761731E-05,44.469,0
2.9655,0.0001070878,44.4825,0,2.9655,7.586786E-05,44.4825,0
2.9664,-0.0001346151,44.496,0,2.9664,6.6804E-05,44.496,0
2.9673,-0.0001164874,44.5095,0,2.9673,-8.493171E-05,44.5095,0
2.9682,-6.076142E-05,44.523,0,2.9682,-3.659113E-05,44.523,0
2.9691,-0.0001638209,44.5365,0,2.9691,7.418937E-05,44.5365,0
2.97,-0.0001040665,44.55,0,2.97,3.189136E-05,44.55,0
2.9709,1.174945E-05,44.5635,0,2.9709,1.544213E-05,44.5635,0
2.9718,-1.678492E-06,44.577,0,2.9718,-4.061952E-05,44.577,0
2.9727,1.007095E-05,44.5905,0,2.9727,5.404745E-05,44.5905,0
2.9736,9.030289E-05,44.604,0,2.9736,6.109713E-05,44.604,0
2.9745,3.860533E-05,44.6175,0,2.9745,-1.678492E-06,44.6175,0
2.9754,1.510643E-05,44.631,0,2.9754,-4.934768E-05,44.631,0
2.9763,-9.567407E-05,44.6445,0,2.9763,5.337606E-05,44.6445,0
2.9772,-5.001907E-05,44.658,0,2.9772,4.36408E-06,44.658,0
2.9781,2.920577E-05,44.6715,0,2.9781,-6.848249E-05,44.6715,0
2.979,-4.666209E-05,44.685,0,2.979,3.457694E-05,44.685,0
2.9799,-9.433127E-05,44.6985,0,2.9799,6.51255E-05,44.6985,0
2.9808,1.812772E-05,44.712,0,2.9808,-2.1149E-05,44.712,0
2.9817,4.800488E-05,44.7255,0,2.9817,2.18204E-05,44.7255,0
2.9826,-1.477073E-05,44.739,0,2.9826,3.692683E-05,44.739,0
2.9835,-3.659113E-05,44.7525,0,2.9835,-2.719158E-05,44.7525,0
2.9844,-8.291753E-05,44.766,0,2.9844,-1.409934E-05,44.766,0
2.9853,1.309224E-05,44.7795,0,2.9853,-8.627451E-05,44.7795,0
2.9862,7.721065E-06,44.793,0,2.9862,1.577783E-05,44.793,0
2.9871,-0.0002212253,44.8065,0,2.9871,-1.309224E-05,44.8065,0
2.988,-6.814679E-05,44.82,0,2.988,-0.0001305867,44.82,0
2.9889,7.486076E-05,44.8335,0,2.9889,-0.0001601282,44.8335,0
2.9898,-2.18204E-05,44.847,0,2.9898,2.954147E-05,44.847,0
2.9907,7.083238E-05,44.8605,0,2.9907,6.378271E-06,44.8605,0
2.9916,0.0001567712,44.874,0,2.9916,-6.411841E-05,44.874,0
2.9925,-2.383459E-05,44.8875,0,2.9925,0.0001003738,44.8875,0
2.9934,1.712062E-05,44.901,0,2.9934,4.867628E-05,44.901,0
2.9943,1.510643E-05,44.9145,0,2.9943,-0.0001601282,44.9145,0
2.9952,5.673304E-05,44.928,0,2.9952,-0.000126894,44.928,0
2.9961,-0.0001114519,44.9415,0,2.9961,1.577783E-05,44.9415,0
2.997,-4.39765E-05,44.955,0,2.997,2.517739E-05,44.955,0
2.9979,-2.719158E-05,44.9685,0,2.9979,4.39765E-05,44.9685,0
2.9988,3.356985E-05,44.982,0,2.9988,-5.471885E-05,44.982,0
2.9997,0.0001775845,44.9955,0,2.9997,-2.383459E-05,44.9955,0
3.0006,0.0001295796,45.009,0,3.0006,-9.433127E-05,45.009,0
3.0015,3.524834E-05,45.0225,0,3.0015,-0.000130251,45.0225,0
3.0024,0.0001312581,45.036,0,3.0024,-9.500267E-05,45.036,0
3.0033,6.042573E-06,45.0495,0,3.0033,8.761731E-05,45.0495,0
3.0042,-8.996719E-05,45.063,0,3.0042,0.0001352865,45.063,0
3.0051,0.0001054093,45.0765,0,3.0051,-1.107805E-05,45.0765,0
3.006,0.0001064164,45.09,0,3.006,9.768826E-05,45.09,0
3.0069,-0.000123537,45.1035,0,3.0069,9.433127E-05,45.1035,0
3.0078,-6.042573E-05,45.117,0,3.0078,-4.867628E-05,45.117,0
3.0087,8.023193E-05,45.1305,0,3.0087,-1.376364E-05,45.1305,0
3.0096,-0.0001634852,45.144,0,3.0096,2.383459E-05,45.144,0
3.0105,-0.0001443503,45.1575,0,3.0105,-2.450599E-05,45.1575,0
3.0114,-1.779202E-05,45.171,0,3.0114,-5.505455E-05,45.171,0
3.0123,1.712062E-05,45.1845,0,3.0123,-0.0001104448,45.1845,0
3.0132,-4.028382E-06,45.198,0,3.0132,-1.174945E-05,45.198,0
3.0141,9.265278E-05,45.2115,0,3.0141,-3.659113E-05,45.2115,0
3.015,9.903105E-05,45.225,0,3.015,-0.0001285725,45.225,0
3.0159,0.0001500572,45.2385,0,3.0159,-0.0001111162,45.2385,0
3.0168,-2.819867E-05,45.252,0,3.0168,1.577783E-05,45.252,0
3.0177,4.53193E-05,45.2655,0,3.0177,-3.793393E-05,45.2655,0
3.0186,8.224613E-05,45.279,0,3.0186,-0.0001409934,45.279,0
3.0195,-9.164568E-05,45.2925,0,3.0195,-2.1149E-05,45.2925,0
3.0204,-0.0001836271,45.306,0,3.0204,-7.721065E-06,45.306,0
3.0213,-9.567407E-05,45.3195,0,3.0213,-0.000161471,45.3195,0
3.0222,3.659113E-05,45.333,0,3.0222,-0.0001174945,45.333,0
3.0231,-0.000102388,45.3465,0,3.0231,4.36408E-06,45.3465,0
3.024,-0.0001007095,45.36,0,3.024,-2.417029E-05,45.36,0
3.0249,-1.980621E-05,45.3735,0,3.0249,-3.088426E-05,45.3735,0
3.0258,0.0001701991,45.387,0,3.0258,-9.701686E-05,45.387,0
3.0267,0.000105745,45.4005,0,3.0267,0,45.4005,0
3.0276,-0.0001279011,45.414,0,3.0276,7.049668E-06,45.414,0
3.0285,-4.666209E-05,45.4275,0,3.0285,5.035477E-06,45.4275,0
3.0294,5.270466E-05,45.441,0,3.0294,4.196231E-05,45.441,0
3.0303,-7.956054E-05,45.4545,0,3.0303,0.0001373007,45.4545,0
3.0312,-0.0001312581,45.468,0,3.0312,6.6804E-05,45.468,0
3.0321,6.009003E-05,45.4815,0,3.0321,-8.761731E-05,45.4815,0
3.033,-5.236896E-05,45.495,0,3.033,-5.035477E-06,45.495,0
3.0339,-4.733349E-05,45.5085,0,3.0339,-1.577783E-05,45.5085,0
3.0348,0.0001379721,45.522,0,3.0348,-0.0001399863,45.522,0
3.0357,0.000144686,45.5355,0,3.0357,-2.719158E-05,45.5355,0
3.0366,-6.210422E-05,45.549,0,3.0366,4.46479E-05,45.549,0
3.0375,2.752728E-05,45.5625,0,3.0375,7.318227E-05,45.5625,0
3.0384,1.779202E-05,45.576,0,3.0384,0.0001148089,45.576,0
3.0393,-1.712062E-05,45.5895,0,3.0393,-1.947051E-05,45.5895,0
3.0402,-2.047761E-05,45.603,0,3.0402,2.786297E-05,45.603,0
3.0411,-0.0001745632,45.6165,0,3.0411,-1.678492E-06,45.6165,0
3.042,-0.0002131685,45.63,0,3.042,-6.51255E-05,45.63,0
3.0429,-2.24918E-05,45.6435,0,3.0429,-7.620356E-05,45.6435,0
3.0438,-2.1149E-05,45.657,0,3.0438,3.021286E-05,45.657,0
3.0447,-0.0001060807,45.6705,0,3.0447,9.735256E-06,45.6705,0
3.0456,7.486076E-05,45.684,0,3.0456,-0.0001185016,45.684,0
3.0465,2.417029E-05,45.6975,0,3.0465,3.121996E-05,45.6975,0
3.0474,-9.735256E-06,45.711,0,3.0474,7.351797E-05,45.711,0
3.0483,-4.36408E-06,45.7245,0,3.0483,-3.793393E-05,45.7245,0
3.0492,3.625543E-05,45.738,0,3.0492,6.54612E-05,45.738,0
3.0501,-0.0001044022,45.7515,0,3.0501,0.0001715419,45.7515,0
3.051,-4.632639E-05,45.765,0,3.051,0.000112459,45.765,0
3.0519,-3.524834E-05,45.7785,0,3.0519,6.881819E-05,45.7785,0
3.0528,0.000130251,45.792,0,3.0528,-4.39765E-05,45.792,0
3.0537,5.102617E-05,45.8055,0,3.0537,3.726253E-05,45.8055,0
3.0546,-8.96315E-05,45.819,0,3.0546,3.860533E-05,45.819,0
3.0555,1.174945E-05,45.8325,0,3.0555,-7.049668E-05,45.8325,0
3.0564,6.948959E-05,45.846,0,3.0564,-7.486076E-05,45.846,0
3.0573,-8.023193E-05,45.8595,0,3.0573,1.242084E-05,45.8595,0
3.0582,-7.049668E-06,45.873,0,3.0582,-3.558404E-05,45.873,0
3.0591,9.768826E-05,45.8865,0,3.0591,-0.0001748989,45.8865,0
3.06,-1.342794E-06,45.9,0,3.06,-2.14847E-05,45.9,0
3.0609,0.0001017166,45.9135,0,3.0609,-2.18204E-05,45.9135,0
3.0618,4.36408E-05,45.927,0,3.0618,-0.0001188373,45.927,0
3.0627,0.0001634852,45.9405,0,3.0627,-3.726253E-05,45.9405,0
3.0636,1.577783E-05,45.954,0,3.0636,4.599069E-05,45.954,0
3.0645,5.471885E-05,45.9675,0,3.0645,1.208515E-05,45.9675,0
3.0654,5.203327E-05,45.981,0,3.0654,5.539025E-05,45.981,0
3.0663,5.069047E-05,45.9945,0,3.0663,-3.524834E-05,45.9945,0
3.0672,2.618448E-05,46.008,0,3.0672,1.007095E-06,46.008,0
3.0681,-0.0002601663,46.0215,0,3.0681,-2.18204E-05,46.0215,0
3.069,-0.0001940337,46.035,0,3.069,-6.076142E-05,46.035,0
3.0699,3.591974E-05,46.0485,0,3.0699,-5.069047E-05,46.0485,0
3.0708,-0.0001873197,46.062,0,3.0708,7.989624E-05,46.062,0
3.0717,-0.0001346151,46.0755,0,3.0717,-5.807584E-05,46.0755,0
3.0726,0.0001272297,46.089,0,3.0726,-0.0001567712,46.089,0
3.0735,-5.136187E-05,46.1025,0,3.0735,4.36408E-06,46.1025,0
3.0744,8.392462E-06,46.116,0,3.0744,-1.409934E-05,46.116,0
3.0753,0.000164828,46.1295,0,3.0753,-9.030289E-05,46.1295,0
3.0762,-2.18204E-05,46.143,0,3.0762,-2.24918E-05,46.143,0
3.0771,-0.0001997406,46.1565,0,3.0771,3.457694E-05,46.1565,0
3.078,-5.606165E-05,46.17,0,3.078,-3.021286E-06,46.17,0
3.0789,6.143282E-05,46.1835,0,3.0789,-9.735256E-06,46.1835,0
3.0798,2.450599E-05,46.197,0,3.0798,-3.054856E-05,46.197,0
3.0807,7.989624E-05,46.2105,0,3.0807,-1.913481E-05,46.2105,0
3.0816,0.000161471,46.224,0,3.0816,-0.0001094377,46.224,0
3.0825,4.129091E-05,46.2375,0,3.0825,-0.0001849699,46.2375,0
3.0834,2.786297E-05,46.251,0,3.0834,-0.0001376364,46.251,0
3.0843,-5.606165E-05,46.2645,0,3.0843,1.342794E-06,46.2645,0
3.0852,-7.083238E-05,46.278,0,3.0852,-4.766919E-05,46.278,0
3.0861,0.0001094377,46.2915,0,3.0861,-0.000102388,46.2915,0
3.087,3.659113E-05,46.305,0,3.087,4.229801E-05,46.305,0
3.0879,0.0001248798,46.3185,0,3.0879,9.063859E-06,46.3185,0
3.0888,0.0001769131,46.332,0,3.0888,-0.000130251,46.332,0
3.0897,0.0001433432,46.3455,0,3.0897,-5.706874E-05,46.3455,0
3.0906,-1.510643E-05,46.359,0,3.0906,3.860533E-05,46.359,0
3.0915,-5.136187E-05,46.3725,0,3.0915,4.263371E-05,46.3725,0
3.0924,-3.692683E-05,46.386,0,3.0924,7.888914E-05,46.386,0
3.0933,3.189136E-05,46.3995,0,3.0933,7.183947E-05,46.3995,0
3.0942,-5.337606E-05,46.413,0,3.0942,0.000133608,46.413,0
3.0951,-0.0002447242,46.4265,0,3.0951,8.493171E-05,46.4265,0
3.096,-0.0001138018,46.44,0,3.096,-5.606165E-05,46.44,0
3.0969,-0.0001279011,46.4535,0,3.0969,-0.0001205158,46.4535,0
3.0978,-0.0001816129,46.467,0,3.0978,-1.779202E-05,46.467,0
3.0987,-0.0001134661,46.4805,0,3.0987,-4.028382E-05,46.4805,0
3.0996,0.0001389792,46.494,0,3.0996,1.644922E-05,46.494,0
3.1005,-4.733349E-05,46.5075,0,3.1005,0.0001628138,46.5075,0
3.1014,-6.277562E-05,46.521,0,3.1014,0.0001111162,46.521,0
3.1023,5.572595E-05,46.5345,0,3.1023,-0.0001138018,46.5345,0
3.1032,0.0001393149,46.548,0,3.1032,-0.0001514,46.548,0
3.1041,-7.217517E-05,46.5615,0,3.1041,-0.0001560998,46.5615,0
3.105,-1.745632E-05,46.575,0,3.105,-0.0001879911,46.575,0
3.1059,-2.450599E-05,46.5885,0,3.1059,-0.0001762417,46.5885,0
3.1068,8.325322E-05,46.602,0,3.1068,-0.0001379721,46.602,0
3.1077,0.0001520714,46.6155,0,3.1077,8.426032E-05,46.6155,0
3.1086,-4.129091E-05,46.629,0,3.1086,0.0003155566,46.629,0
3.1095,2.1149E-05,46.6425,0,3.1095,0.0003538262,46.6425,0
3.1104,7.418937E-05,46.656,0,3.1104,0.000161471,46.656,0
3.1113,-7.083238E-05,46.6695,0,3.1113,0.0001460288,46.6695,0
3.1122,-5.304036E-05,46.683,0,3.1122,5.203327E-05,46.683,0
3.1131,0.000105745,46.6965,0,3.1131,-8.89601E-05,46.6965,0
3.114,3.726253E-05,46.71,0,3.114,2.719158E-05,46.71,0
3.1149,-0.0002118257,46.7235,0,3.1149,-2.1149E-05,46.7235,0
3.1158,-0.0001550927,46.737,0,3.1158,-0.0001597925,46.737,0
3.1167,1.779202E-05,46.7505,0,3.1167,-8.325322E-05,46.7505,0
3.1176,-0.0002044404,46.764,0,3.1176,-3.826963E-05,46.764,0
3.1185,0,46.7775,0,3.1185,0,46.7775,0
3.1194,0,46.791,0,3.1194,0,46.791,0
3.1203,0,46.8045,0,3.1203,0,46.8045,0
3.1212,0,46.818,0,3.1212,0,46.818,0
3.1221,0,46.8315,0,3.1221,0,46.8315,0
3.123,0,46.845,0,3.123,0,46.845,0
3.1239,0,46.8585,0,3.1239,0,46.8585,0
3.1248,0,46.872,0,3.1248,0,46.872,0
3.1257,0,46.8855,0,3.1257,0,46.8855,0
3.1266,0,46.899,0,3.1266,0,46.899,0
3.1275,0,46.9125,0,3.1275,0,46.9125,0
3.1284,0,46.926,0,3.1284,0,46.926,0
3.1293,0,46.9395,0,3.1293,0,46.9395,0
3.1302,0,46.953,0,3.1302,0,46.953,0
3.1311,0,46.9665,0,3.1311,0,46.9665,0
3.132,0,46.98,0,3.132,0,46.98,0
3.1329,0,46.9935,0,3.1329,0,46.9935,0
3.1338,0,47.007,0,3.1338,0,47.007,0
3.1347,0,47.0205,0,3.1347,0,47.0205,0
3.1356,0,47.034,0,3.1356,0,47.034,0
3.1365,0,47.0475,0,3.1365,0,47.0475,0
3.1374,0,47.061,0,3.1374,0,47.061,0
3.1383,0,47.0745,0,3.1383,0,47.0745,0
3.1392,0,47.088,0,3.1392,0,47.088,0
3.1401,0,47.1015,0,3.1401,0,47.1015,0
3.141,0,47.115,0,3.141,0,47.115,0
3.1419,0,47.1285,0,3.1419,0,47.1285,0
3.1428,0,47.142,0,3.1428,0,47.142,0
3.1437,0,47.1555,0,3.1437,0,47.1555,0
3.1446,0,47.169,0,3.1446,0,47.169,0
3.1455,0,47.1825,0,3.1455,0,47.1825,0
3.1464,0,47.196,0,3.1464,0,47.196,0
3.1473,0,47.2095,0,3.1473,0,47.2095,0
3.1482,0,47.223,0,3.1482,0,47.223,0
3.1491,0,47.2365,0,3.1491,0,47.2365,0
3.15,0,47.25,0,3.15,0,47.25,0
3.1509,0,47.2635,0,3.1509,0,47.2635,0
3.1518,0,47.277,0,3.1518,0,47.277,0
3.1527,0,47.2905,0,3.1527,0,47.2905,0
3.1536,0,47.304,0,3.1536,0,47.304,0
3.1545,0,47.3175,0,3.1545,0,47.3175,0
3.1554,0,47.331,0,3.1554,0,47.331,0
3.1563,0,47.3445,0,3.1563,0,47.3445,0
3.1572,0,47.358,0,3.1572,0,47.358,0
3.1581,0,47.3715,0,3.1581,0,47.3715,0
3.159,0,47.385,0,3.159,0,47.385,0
3.1599,0,47.3985,0,3.1599,0,47.3985,0
3.1608,0,47.412,0,3.1608,0,47.412,0
3.1617,0,47.4255,0,3.1617,0,47.4255,0
3.1626,0,47.439,0,3.1626,0,47.439,0
3.1635,0,47.4525,0,3.1635,0,47.4525,0
3.1644,0,47.466,0,3.1644,0,47.466,0
3.1653,0,47.4795,0,3.1653,0,47.4795,0
3.1662,0,47.493,0,3.1662,0,47.493,0
3.1671,0,47.5065,0,3.1671,0,47.5065,0
3.168,0,47.52,0,3.168,0,47.52,0
3.1689,0,47.5335,0,3.1689,0,47.5335,0
3.1698,0,47.547,0,3.1698,0,47.547,0
3.1707,0,47.5605,0,3.1707,0,47.5605,0
3.1716,0,47.574,0,3.1716,0,47.574,0
3.1725,0,47.5875,0,3.1725,0,47.5875,0
3.1734,0,47.601,0,3.1734,0,47.601,0
3.1743,0,47.6145,0,3.1743,0,47.6145,0
3.1752,0,47.628,0,3.1752,0,47.628,0
3.1761,0,47.6415,0,3.1761,0,47.6415,0
3.177,0,47.655,0,3.177,0,47.655,0
3.1779,0,47.6685,0,3.1779,0,47.6685,0
3.1788,0,47.682,0,3.1788,0,47.682,0
3.1797,0,47.6955,0,3.1797,0,47.6955,0
3.1806,0,47.709,0,3.1806,0,47.709,0
3.1815,0,47.7225,0,3.1815,0,47.7225,0
3.1824,0,47.736,0,3.1824,0,47.736,0
3.1833,0,47.7495,0,3.1833,0,47.7495,0
3.1842,0,47.763,0,3.1842,0,47.763,0
3.1851,0,47.7765,0,3.1851,0,47.7765,0
3.186,0,47.79,0,3.186,0,47.79,0
3.1869,0,47.8035,0,3.1869,0,47.8035,0
3.1878,0,47.817,0,3.1878,0,47.817,0
3.1887,0,47.8305,0,3.1887,0,47.8305,0
3.1896,0,47.844,0,3.1896,0,47.844,0
3.1905,0,47.8575,0,3.1905,0,47.8575,0
3.1914,0,47.871,0,3.1914,0,47.871,0
3.1923,0,47.8845,0,3.1923,0,47.8845,0
3.1932,0,47.898,0,3.1932,0,47.898,0
3.1941,0,47.9115,0,3.1941,0,47.9115,0
3.195,0,47.925,0,3.195,0,47.925,0
3.1959,0,47.9385,0,3.1959,0,47.9385,0
3.1968,0,47.952,0,3.1968,0,47.952,0
3.1977,0,47.9655,0,3.1977,0,47.9655,0
3.1986,0,47.979,0,3.1986,0,47.979,0
3.1995,0,47.9925,0,3.1995,0,47.9925,0
3.2004,0,48.006,0,3.2004,0,48.006,0
3.2013,0,48.0195,0,3.2013,0,48.0195,0
3.2022,0,48.033,0,3.2022,0,48.033,0
3.2031,0,48.0465,0,3.2031,0,48.0465,0
3.204,0,48.06,0,3.204,0,48.06,0
3.2049,0,48.0735,0,3.2049,0,48.0735,0
3.2058,0,48.087,0,3.2058,0,48.087,0
3.2067,0,48.1005,0,3.2067,0,48.1005,0
3.2076,0,48.114,0,3.2076,0,48.114,0
3.2085,0,48.1275,0,3.2085,0,48.1275,0
3.2094,0,48.141,0,3.2094,0,48.141,0
3.2103,0,48.1545,0,3.2103,0,48.1545,0
3.2112,0,48.168,0,3.2112,0,48.168,0
3.2121,0,48.1815,0,3.2121,0,48.1815,0
3.213,0,48.195,0,3.213,0,48.195,0
3.2139,0,48.2085,0,3.2139,0,48.2085,0
3.2148,0,48.222,0,3.2148,0,48.222,0
3.2157,0,48.2355,0,3.2157,0,48.2355,0
3.2166,0,48.249,0,3.2166,0,48.249,0
3.2175,0,48.2625,0,3.2175,0,48.2625,0
3.2184,0,48.276,0,3.2184,0,48.276,0
3.2193,0,48.2895,0,3.2193,0,48.2895,0
3.2202,0,48.303,0,3.2202,0,48.303,0
3.2211,0,48.3165,0,3.2211,0,48.3165,0
3.222,0,48.33,0,3.222,0,48.33,0
3.2229,0,48.3435,0,3.2229,0,48.3435,0
3.2238,0,48.357,0,3.2238,0,48.357,0
3.2247,0,48.3705,0,3.2247,0,48.3705,0
3.2256,0,48.384,0,3.2256,0,48.384,0
3.2265,0,48.3975,0,3.2265,0,48.3975,0
3.2274,0,48.411,0,3.2274,0,48.411,0
3.2283,0,48.4245,0,3.2283,0,48.4245,0
3.2292,0,48.438,0,3.2292,0,48.438,0
3.2301,0,48.4515,0,3.2301,0,48.4515,0
3.231,0,48.465,0,3.231,0,48.465,0
3.2319,0,48.4785,0,3.2319,0,48.4785,0
3.2328,0,48.492,0,3.2328,0,48.492,0
3.2337,0,48.5055,0,3.2337,0,48.5055,0
3.2346,0,48.519,0,3.2346,0,48.519,0
3.2355,0,48.5325,0,3.2355,0,48.5325,0
3.2364,0,48.546,0,3.2364,0,48.546,0
3.2373,0,48.5595,0,3.2373,0,48.5595,0
3.2382,0,48.573,0,3.2382,0,48.573,0
3.2391,0,48.5865,0,3.2391,0,48.5865,0
3.24,0,48.6,0,3.24,0,48.6,0
3.2409,0,48.6135,0,3.2409,0,48.6135,0
3.2418,0,48.627,0,3.2418,0,48.627,0
3.2427,0,48.6405,0,3.2427,0,48.6405,0
3.2436,0,48.654,0,3.2436,0,48.654,0
3.2445,0,48.6675,0,3.2445,0,48.6675,0
3.2454,0,48.681,0,3.2454,0,48.681,0
3.2463,0,48.6945,0,3.2463,0,48.6945,0
3.2472,0,48.708,0,3.2472,0,48.708,0
3.2481,0,48.7215,0,3.2481,0,48.7215,0
3.249,0,48.735,0,3.249,0,48.735,0
3.2499,0,48.7485,0,3.2499,0,48.7485,0
3.2508,0,48.762,0,3.2508,0,48.762,0
3.2517,0,48.7755,0,3.2517,0,48.7755,0
3.2526,0,48.789,0,3.2526,0,48.789,0
3.2535,0,48.8025,0,3.2535,0,48.8025,0
3.2544,0,48.816,0,3.2544,0,48.816,0
3.2553,0,48.8295,0,3.2553,0,48.8295,0
3.2562,0,48.843,0,3.2562,0,48.843,0
3.2571,0,48.8565,0,3.2571,0,48.8565,0
3.258,0,48.87,0,3.258,0,48.87,0
3.2589,0,48.8835,0,3.2589,0,48.8835,0
3.2598,0,48.897,0,3.2598,0,48.897,0
3.2607,0,48.9105,0,3.2607,0,48.9105,0
3.2616,0,48.924,0,3.2616,0,48.924,0
3.2625,0,48.9375,0,3.2625,0,48.9375,0
3.2634,0,48.951,0,3.2634,0,48.951,0
3.2643,0,48.9645,0,3.2643,0,48.9645,0
3.2652,0,48.978,0,3.2652,0,48.978,0
3.2661,0,48.9915,0,3.2661,0,48.9915,0
3.267,0,49.005,0,3.267,0,49.005,0
3.2679,0,49.0185,0,3.2679,0,49.0185,0
3.2688,0,49.032,0,3.2688,0,49.032,0
3.2697,0,49.0455,0,3.2697,0,49.0455,0
3.2706,0,49.059,0,3.2706,0,49.059,0
3.2715,0,49.0725,0,3.2715,0,49.0725,0
3.2724,0,49.086,0,3.2724,0,49.086,0
3.2733,0,49.0995,0,3.2733,0,49.0995,0
3.2742,0,49.113,0,3.2742,0,49.113,0
3.2751,0,49.1265,0,3.2751,0,49.1265,0
3.276,0,49.14,0,3.276,0,49.14,0
3.2769,0,49.1535,0,3.2769,0,49.1535,0
3.2778,0,49.167,0,3.2778,0,49.167,0
3.2787,0,49.1805,0,3.2787,0,49.1805,0
3.2796,0,49.194,0,3.2796,0,49.194,0
3.2805,0,49.2075,0,3.2805,0,49.2075,0
3.2814,0,49.221,0,3.2814,0,49.221,0
3.2823,0,49.2345,0,3.2823,0,49.2345,0
3.2832,0,49.248,0,3.2832,0,49.248,0
3.2841,0,49.2615,0,3.2841,0,49.2615,0
3.285,0,49.275,0,3.285,0,49.275,0
3.2859,0,49.2885,0,3.2859,0,49.2885,0
3.2868,0,49.302,0,3.2868,0,49.302,0
3.2877,0,49.3155,0,3.2877,0,49.3155,0
3.2886,0,49.329,0,3.2886,0,49.329,0
3.2895,0,49.3425,0,3.2895,0,49.3425,0
3.2904,0,49.356,0,3.2904,0,49.356,0
3.2913,0,49.3695,0,3.2913,0,49.3695,0
3.2922,0,49.383,0,3.2922,0,49.383,0
3.2931,0,49.3965,0,3.2931,0,49.3965,0
3.294,0,49.41,0,3.294,0,49.41,0
3.2949,0,49.4235,0,3.2949,0,49.4235,0
3.2958,0,49.437,0,3.2958,0,49.437,0
3.2967,0,49.4505,0,3.2967,0,49.4505,0
3.2976,0,49.464,0,3.2976,0,49.464,0
3.2985,0,49.4775,0,3.2985,0,49.4775,0
3.2994,0,49.491,0,3.2994,0,49.491,0
3.3003,0,49.5045,0,3.3003,0,49.5045,0
3.3012,0,49.518,0,3.3012,0,49.518,0
3.3021,0,49.5315,0,3.3021,0,49.5315,0
3.303,0,49.545,0,3.303,0,49.545,0
3.3039,0,49.5585,0,3.3039,0,49.5585,0
3.3048,0,49.572,0,3.3048,0,49.572,0
3.3057,0,49.5855,0,3.3057,0,49.5855,0
3.3066,0,49.599,0,3.3066,0,49.599,0
3.3075,0,49.6125,0,3.3075,0,49.6125,0
3.3084,0,49.626,0,3.3084,0,49.626,0
3.3093,0,49.6395,0,3.3093,0,49.6395,0
3.3102,0,49.653,0,3.3102,0,49.653,0
3.3111,0,49.6665,0,3.3111,0,49.6665,0
3.312,0,49.68,0,3.312,0,49.68,0
3.3129,0,49.6935,0,3.3129,0,49.6935,0
3.3138,0,49.707,0,3.3138,0,49.707,0
3.3147,0,49.7205,0,3.3147,0,49.7205,0
3.3156,0,49.734,0,3.3156,0,49.734,0
3.3165,0,49.7475,0,3.3165,0,49.7475,0
3.3174,0,49.761,0,3.3174,0,49.761,0
3.3183,0,49.7745,0,3.3183,0,49.7745,0
3.3192,0,49.788,0,3.3192,0,49.788,0
3.3201,0,49.8015,0,3.3201,0,49.8015,0
3.321,0,49.815,0,3.321,0,49.815,0
3.3219,0,49.8285,0,3.3219,0,49.8285,0
3.3228,0,49.842,0,3.3228,0,49.842,0
3.3237,0,49.8555,0,3.3237,0,49.8555,0
3.3246,0,49.869,0,3.3246,0,49.869,0
3.3255,0,49.8825,0,3.3255,0,49.8825,0
3.3264,0,49.896,0,3.3264,0,49.896,0
3.3273,0,49.9095,0,3.3273,0,49.9095,0
3.3282,0,49.923,0,3.3282,0,49.923,0
3.3291,0,49.9365,0,3.3291,0,49.9365,0
3.33,0,49.95,0,3.33,0,49.95,0
3.3309,0,49.9635,0,3.3309,0,49.9635,0
3.3318,0,49.977,0,3.3318,0,49.977,0
3.3327,0,49.9905,0,3.3327,0,49.9905,0
3.3336,0,50.004,0,3.3336,0,50.004,0
3.3345,0,50.0175,0,3.3345,0,50.0175,0
3.3354,0,50.031,0,3.3354,0,50.031,0
3.3363,0,50.0445,0,3.3363,0,50.0445,0
3.3372,0,50.058,0,3.3372,0,50.058,0
3.3381,0,50.0715,0,3.3381,0,50.0715,0
3.339,0,50.085,0,3.339,0,50.085,0
3.3399,0,50.0985,0,3.3399,0,50.0985,0
3.3408,0,50.112,0,3.3408,0,50.112,0
3.3417,0,50.1255,0,3.3417,0,50.1255,0
3.3426,0,50.139,0,3.3426,0,50.139,0
3.3435,0,50.1525,0,3.3435,0,50.1525,0
3.3444,0,50.166,0,3.3444,0,50.166,0
3.3453,0,50.1795,0,3.3453,0,50.1795,0
3.3462,0,50.193,0,3.3462,0,50.193,0
3.3471,0,50.2065,0,3.3471,0,50.2065,0
3.348,0,50.22,0,3.348,0,50.22,0
3.3489,0,50.2335,0,3.3489,0,50.2335,0
3.3498,0,50.247,0,3.3498,0,50.247,0
3.3507,0,50.2605,0,3.3507,0,50.2605,0
3.3516,0,50.274,0,3.3516,0,50.274,0
3.3525,0,50.2875,0,3.3525,0,50.2875,0
3.3534,0,50.301,0,3.3534,0,50.301,0
3.3543,0,50.3145,0,3.3543,0,50.3145,0
3.3552,0,50.328,0,3.3552,0,50.328,0
3.3561,0,50.3415,0,3.3561,0,50.3415,0
3.357,0,50.355,0,3.357,0,50.355,0
3.3579,0,50.3685,0,3.3579,0,50.3685,0
3.3588,0,50.382,0,3.3588,0,50.382,0
3.3597,0,50.3955,0,3.3597,0,50.3955,0
3.3606,0,50.409,0,3.3606,0,50.409,0
3.3615,0,50.4225,0,3.3615,0,50.4225,0
3.3624,0,50.436,0,3.3624,0,50.436,0
3.3633,0,50.4495,0,3.3633,0,50.4495,0
3.3642,0,50.463,0,3.3642,0,50.463,0
3.3651,0,50.4765,0,3.3651,0,50.4765,0
3.366,0,50.49,0,3.366,0,50.49,0
3.3669,0,50.5035,0,3.3669,0,50.5035,0
3.3678,0,50.517,0,3.3678,0,50.517,0
3.3687,0,50.5305,0,3.3687,0,50.5305,0
3.3696,0,50.544,0,3.3696,0,50.544,0
3.3705,0,50.5575,0,3.3705,0,50.5575,0
3.3714,0,50.571,0,3.3714,0,50.571,0
3.3723,0,50.5845,0,3.3723,0,50.5845,0
3.3732,0,50.598,0,3.3732,0,50.598,0
3.3741,0,50.6115,0,3.3741,0,50.6115,0
3.375,0,50.625,0,3.375,0,50.625,0
3.3759,0,50.6385,0,3.3759,0,50.6385,0
3.3768,0,50.652,0,3.3768,0,50.652,0
3.3777,0,50.6655,0,3.3777,0,50.6655,0
3.3786,0,50.679,0,3.3786,0,50.679,0
3.3795,0,50.6925,0,3.3795,0,50.6925,0
3.3804,0,50.706,0,3.3804,0,50.706,0
3.3813,0,50.7195,0,3.3813,0,50.7195,0
3.3822,0,50.733,0,3.3822,0,50.733,0
3.3831,0,50.7465,0,3.3831,0,50.7465,0
3.384,0,50.76,0,3.384,0,50.76,0
3.3849,0,50.7735,0,3.3849,0,50.7735,0
3.3858,0,50.787,0,3.3858,0,50.787,0
3.3867,0,50.8005,0,3.3867,0,50.8005,0
3.3876,0,50.814,0,3.3876,0,50.814,0
3.3885,0,50.8275,0,3.3885,0,50.8275,0
3.3894,0,50.841,0,3.3894,0,50.841,0
3.3903,0,50.8545,0,3.3903,0,50.8545,0
3.3912,0,50.868,0,3.3912,0,50.868,0
3.3921,0,50.8815,0,3.3921,0,50.8815,0
3.393,0,50.895,0,3.393,0,50.895,0
3.3939,0,50.9085,0,3.3939,0,50.9085,0
3.3948,0,50.922,0,3.3948,0,50.922,0
3.3957,0,50.9355,0,3.3957,0,50.9355,0
3.3966,0,50.949,0,3.3966,0,50.949,0
3.3975,0,50.9625,0,3.3975,0,50.9625,0
3.3984,0,50.976,0,3.3984,0,50.976,0
3.3993,0,50.9895,0,3.3993,0,50.9895,0
3.4002,0,51.003,0,3.4002,0,51.003,0
3.4011,0,51.0165,0,3.4011,0,51.0165,0
3.402,0,51.03,0,3.402,0,51.03,0
3.4029,0,51.0435,0,3.4029,0,51.0435,0
3.4038,0,51.057,0,3.4038,0,51.057,0
3.4047,0,51.0705,0,3.4047,0,51.0705,0
3.4056,0,51.084,0,3.4056,0,51.084,0
3.4065,0,51.0975,0,3.4065,0,51.0975,0
3.4074,0,51.111,0,3.4074,0,51.111,0
3.4083,0,51.1245,0,3.4083,0,51.1245,0
3.4092,0,51.138,0,3.4092,0,51.138,0
3.4101,0,51.1515,0,3.4101,0,51.1515,0
3.411,0,51.165,0,3.411,0,51.165,0
3.4119,0,51.1785,0,3.4119,0,51.1785,0
3.4128,0,51.192,0,3.4128,0,51.192,0
3.4137,0,51.2055,0,3.4137,0,51.2055,0
3.4146,0,51.219,0,3.4146,0,51.219,0
3.4155,0,51.2325,0,3.4155,0,51.2325,0
3.4164,0,51.246,0,3.4164,0,51.246,0
3.4173,0,51.2595,0,3.4173,0,51.2595,0
3.4182,0,51.273,0,3.4182,0,51.273,0
3.4191,0,51.2865,0,3.4191,0,51.2865,0
3.42,0,51.3,0,3.42,0,51.3,0
3.4209,0,51.3135,0,3.4209,0,51.3135,0
3.4218,0,51.327,0,3.4218,0,51.327,0
3.4227,0,51.3405,0,3.4227,0,51.3405,0
3.4236,0,51.354,0,3.4236,0,51.354,0
3.4245,0,51.3675,0,3.4245,0,51.3675,0
3.4254,0,51.381,0,3.4254,0,51.381,0
3.4263,0,51.3945,0,3.4263,0,51.3945,0
3.4272,0,51.408,0,3.4272,0,51.408,0
3.4281,0,51.4215,0,3.4281,0,51.4215,0
3.429,0,51.435,0,3.429,0,51.435,0
3.4299,0,51.4485,0,3.4299,0,51.4485,0
3.4308,0,51.462,0,3.4308,0,51.462,0
3.4317,0,51.4755,0,3.4317,0,51.4755,0
3.4326,0,51.489,0,3.4326,0,51.489,0
3.4335,0,51.5025,0,3.4335,0,51.5025,0
3.4344,0,51.516,0,3.4344,0,51.516,0
3.4353,0,51.5295,0,3.4353,0,51.5295,0
3.4362,0,51.543,0,3.4362,0,51.543,0
3.4371,0,51.5565,0,3.4371,0,51.5565,0
3.438,0,51.57,0,3.438,0,51.57,0
3.4389,0,51.5835,0,3.4389,0,51.5835,0
3.4398,0,51.597,0,3.4398,0,51.597,0
3.4407,0,51.6105,0,3.4407,0,51.6105,0
3.4416,0,51.624,0,3.4416,0,51.624,0
3.4425,0,51.6375,0,3.4425,0,51.6375,0
3.4434,0,51.651,0,3.4434,0,51.651,0
3.4443,0,51.6645,0,3.4443,0,51.6645,0
3.4452,0,51.678,0,3.4452,0,51.678,0
3.4461,0,51.6915,0,3.4461,0,51.6915,0
3.447,0,51.705,0,3.447,0,51.705,0
3.4479,0,51.7185,0,3.4479,0,51.7185,0
3.4488,0,51.732,0,3.4488,0,51.732,0
3.4497,0,51.7455,0,3.4497,0,51.7455,0
3.4506,0,51.759,0,3.4506,0,51.759,0
3.4515,0,51.7725,0,3.4515,0,51.7725,0
3.4524,0,51.786,0,3.4524,0,51.786,0
3.4533,0,51.7995,0,3.4533,0,51.7995,0
3.4542,0,51.813,0,3.4542,0,51.813,0
3.4551,0,51.8265,0,3.4551,0,51.8265,0
3.456,0,51.84,0,3.456,0,51.84,0
3.4569,0,51.8535,0,3.4569,0,51.8535,0
3.4578,0,51.867,0,3.4578,0,51.867,0
3.4587,0,51.8805,0,3.4587,0,51.8805,0
3.4596,0,51.894,0,3.4596,0,51.894,0
3.4605,0,51.9075,0,3.4605,0,51.9075,0
3.4614,0,51.921,0,3.4614,0,51.921,0
3.4623,0,51.9345,0,3.4623,0,51.9345,0
3.4632,0,51.948,0,3.4632,0,51.948,0
3.4641,0,51.9615,0,3.4641,0,51.9615,0
3.465,0,51.975,0,3.465,0,51.975,0
3.4659,0,51.9885,0,3.4659,0,51.9885,0
3.4668,0,52.002,0,3.4668,0,52.002,0
3.4677,0,52.0155,0,3.4677,0,52.0155,0
3.4686,0,52.029,0,3.4686,0,52.029,0
3.4695,0,52.0425,0,3.4695,0,52.0425,0
3.4704,0,52.056,0,3.4704,0,52.056,0
3.4713,0,52.0695,0,3.4713,0,52.0695,0
3.4722,0,52.083,0,3.4722,0,52.083,0
3.4731,0,52.0965,0,3.4731,0,52.0965,0
3.474,0,52.11,0,3.474,0,52.11,0
3.4749,0,52.1235,0,3.4749,0,52.1235,0
3.4758,0,52.137,0,3.4758,0,52.137,0
3.4767,0,52.1505,0,3.4767,0,52.1505,0
3.4776,0,52.164,0,3.4776,0,52.164,0
3.4785,0,52.1775,0,3.4785,0,52.1775,0
3.4794,0,52.191,0,3.4794,0,52.191,0
3.4803,0,52.2045,0,3.4803,0,52.2045,0
3.4812,0,52.218,0,3.4812,0,52.218,0
3.4821,0,52.2315,0,3.4821,0,52.2315,0
3.483,0,52.245,0,3.483,0,52.245,0
3.4839,0,52.2585,0,3.4839,0,52.2585,0
3.4848,0,52.272,0,3.4848,0,52.272,0
3.4857,0,52.2855,0,3.4857,0,52.2855,0
3.4866,0,52.299,0,3.4866,0,52.299,0
3.4875,0,52.3125,0,3.4875,0,52.3125,0
3.4884,0,52.326,0,3.4884,0,52.326,0
3.4893,0,52.3395,0,3.4893,0,52.3395,0
3.4902,0,52.353,0,3.4902,0,52.353,0
3.4911,0,52.3665,0,3.4911,0,52.3665,0
3.492,0,52.38,0,3.492,0,52.38,0
3.4929,0,52.3935,0,3.4929,0,52.3935,0
3.4938,0,52.407,0,3.4938,0,52.407,0
3.4947,0,52.4205,0,3.4947,0,52.4205,0
3.4956,0,52.434,0,3.4956,0,52.434,0
