X[s],"Trigno IM sensor 3: EMG 3 (IM)",X[s],"Trigno IM sensor 3: Mag 3.Z (IM)",X[s],"Trigno IM sensor 4: EMG 4 (IM)",X[s],"Trigno IM sensor 4: Mag 4.Z (IM)"
0.000000,-3.994812E-05,0.000000,123,0.000000,-2.047761E-05,0.000000,-3
0.0009,-0.0001205158,0.0135,124,0.0009,-3.323415E-05,0.0135,-2
0.0018,-0.0001111162,0.027,124,0.0018,-1.712062E-05,0.027,-1
0.0027,-6.076142E-05,0.0405,123,0.0027,-2.316319E-05,0.0405,-2
0.0036,7.049668E-06,0.054,123,0.0036,-1.208515E-05,0.054,-3
0.0045,5.539025E-05,0.0675,121,0.0045,-6.478981E-05,0.0675,0
0.0054,2.685588E-06,0.081,123,0.0054,-0.0001319295,0.081,-1
0.0063,9.433127E-05,0.0945,122,0.0063,-0.0001138018,0.0945,-3
0.0072,7.385367E-06,0.108,122,0.0072,-7.150377E-05,0.108,-2
0.0081,-0.0001997406,0.1215,121,0.0081,-7.116808E-05,0.1215,-2
0.009000001,-0.0001560998,0.135,122,0.009000001,-1.510643E-05,0.135,0
0.0099,-4.968337E-05,0.1485,123,0.0099,7.452507E-05,0.1485,-1
0.0108,-2.584878E-05,0.162,122,0.0108,7.486076E-05,0.162,-4
0.0117,6.411841E-05,0.1755,122,0.0117,4.43122E-05,0.1755,-1
0.0126,0.0001607996,0.189,122,0.0126,5.069047E-05,0.189,0
0.0135,0.0001097734,0.2025,123,0.0135,4.061952E-05,0.2025,-4
0.0144,-3.692683E-06,0.216,123,0.0144,7.721065E-06,0.216,-4
0.0153,-3.994812E-05,0.2295,124,0.0153,6.713969E-07,0.2295,-1
0.0162,-0.0001426719,0.243,122,0.0162,-0.000109102,0.243,-2
0.0171,-0.0001379721,0.2565,122,0.0171,-0.0001876554,0.2565,-5
0.018,-2.484169E-05,0.27,122,0.018,-0.0001567712,0.27,-2
0.0189,5.337606E-05,0.2835,123,0.0189,-9.365987E-05,0.2835,0
0.0198,6.344701E-05,0.297,123,0.0198,6.042573E-06,0.297,-2
0.0207,5.740444E-05,0.3105,123,0.0207,0.0001151446,0.3105,-2
0.0216,5.337606E-05,0.324,123,0.0216,0.000203769,0.324,-4
0.0225,-7.452507E-05,0.3375,123,0.0225,0.0001879911,0.3375,-3
0.0234,-3.524834E-05,0.351,123,0.0234,5.001907E-05,0.351,0
0.0243,3.256275E-05,0.3645,123,0.0243,-8.056764E-05,0.3645,-4
0.0252,-6.042573E-06,0.378,122,0.0252,-0.0001503929,0.378,0
0.0261,3.021286E-06,0.3915,123,0.0261,-0.0001560998,0.3915,0
0.027,2.719158E-05,0.405,123,0.027,-0.0001238727,0.405,0
0.0279,6.378271E-06,0.4185,122,0.0279,-5.236896E-05,0.4185,-1
0.0288,-1.477073E-05,0.432,123,0.0288,5.572595E-05,0.432,-2
0.0297,-1.678492E-06,0.4455,123,0.0297,0.0001769131,0.4455,0
0.0306,-2.21561E-05,0.459,123,0.0306,8.493171E-05,0.459,-3
0.0315,-1.678492E-05,0.4725,123,0.0315,-3.659113E-05,0.4725,-4
0.0324,5.438316E-05,0.486,124,0.0324,-0.0001030594,0.486,-1
0.0333,0.000144686,0.4995,125,0.0333,-7.721065E-05,0.4995,0
0.0342,0.0001701991,0.513,124,0.0342,-9.533837E-05,0.513,-1
0.0351,7.351797E-05,0.5265,123,0.0351,-0.0001148089,0.5265,-2
0.036,2.081331E-05,0.54,123,0.036,0,0.54,-1
0.0369,-5.706874E-06,0.5535,122,0.0369,9.198138E-05,0.5535,-1
0.0378,-0.0001755703,0.567,121,0.0378,0.0001198444,0.567,-3
0.0387,-0.0002272679,0.5805,122,0.0387,6.109713E-05,0.5805,-1
0.0396,-8.761731E-05,0.594,123,0.0396,-1.242084E-05,0.594,-2
0.0405,-2.450599E-05,0.6075,122,0.0405,-2.349889E-05,0.6075,-2
0.0414,-4.733349E-05,0.621,122,0.0414,6.378271E-06,0.621,-1
0.0423,-0.0001312581,0.6345,122,0.0423,-1.913481E-05,0.6345,-6
0.0432,-9.164568E-05,0.648,122,0.0432,-2.316319E-05,0.648,-1
0.0441,5.035477E-06,0.6615,121,0.0441,-2.047761E-05,0.6615,-3
0.045,2.920577E-05,0.675,121,0.045,-0.0001077592,0.675,-3
0.0459,1.007095E-06,0.6885,121,0.0459,-0.0001430075,0.6885,-5
0.0468,2.081331E-05,0.702,119,0.0468,-9.030289E-05,0.702,-5
0.0477,3.692683E-05,0.7155,120,0.0477,-7.553216E-05,0.7155,-4
0.0486,3.121996E-05,0.729,119,0.0486,-8.627451E-05,0.729,-4
0.0495,4.39765E-05,0.7425,119,0.0495,-1.309224E-05,0.7425,0
0.0504,7.821774E-05,0.756,120,0.0504,6.411841E-05,0.756,-2
0.0513,3.894102E-05,0.7695,119,0.0513,3.189136E-05,0.7695,-3
0.0522,-3.759823E-05,0.783,122,0.0522,-1.242084E-05,0.783,-2
0.0531,-8.82887E-05,0.7965,119,0.0531,-8.392462E-06,0.7965,-3
0.054,-6.176852E-05,0.81,120,0.054,-1.913481E-05,0.81,-2
0.0549,1.309224E-05,0.8235,120,0.0549,-3.994812E-05,0.8235,-5
0.0558,6.51255E-05,0.837,119,0.0558,-3.860533E-05,0.837,-2
0.0567,4.53193E-05,0.8505,121,0.0567,-2.18204E-05,0.8505,-5
0.0576,4.49836E-05,0.864,120,0.0576,-7.385367E-05,0.864,-4
0.0585,-2.484169E-05,0.8775,120,0.0585,-0.0001151446,0.8775,-2
0.0594,-9.433127E-05,0.891,120,0.0594,-0.0001171588,0.891,-5
0.0603,-8.82887E-05,0.9045,120,0.0603,-5.539025E-05,0.9045,-5
0.0612,-7.049668E-06,0.918,120,0.0612,-3.524834E-05,0.918,-4
0.0621,0.0001574426,0.9315,120,0.0621,-1.644922E-05,0.9315,-2
0.063,0.0001923552,0.945,120,0.063,7.217517E-05,0.945,-5
0.0639,0.000148043,0.9585,121,0.0639,6.076142E-05,0.9585,-4
0.0648,-3.155566E-05,0.972,119,0.0648,4.36408E-06,0.972,-2
0.0657,-0.0001097734,0.9855,120,0.0657,2.618448E-05,0.9855,-6
0.0666,-2.786297E-05,0.999,119,0.0666,4.867628E-05,0.999,-1
0.0675,-0.000112459,1.0125,120,0.0675,7.083238E-05,1.0125,0
0.0684,-0.0001101091,1.026,121,0.0684,9.466698E-05,1.026,-4
0.0693,-9.567407E-05,1.0395,121,0.0693,5.337606E-05,1.0395,-4
0.0702,-5.807584E-05,1.053,121,0.0702,2.652018E-05,1.053,-4
0.0711,-8.627451E-05,1.0665,120,0.0711,3.692683E-06,1.0665,-3
0.072,-0.0001094377,1.08,122,0.072,-4.162661E-05,1.08,-3
0.0729,-2.584878E-05,1.0935,120,0.0729,-0.0001054093,1.0935,-5
0.07380001,6.713969E-06,1.107,120,0.07380001,-0.0001279011,1.107,-1
0.07470001,-5.102617E-05,1.1205,121,0.07470001,-0.0002239109,1.1205,-3
0.0756,-8.392462E-06,1.134,119,0.0756,-0.0002484169,1.134,-1
0.0765,-3.256275E-05,1.1475,120,0.0765,-0.0001221943,1.1475,-3
0.0774,-9.298848E-05,1.161,121,0.0774,-2.349889E-05,1.161,-2
0.0783,-2.987716E-05,1.1745,122,0.0783,7.318227E-05,1.1745,-4
0.0792,2.383459E-05,1.188,121,0.0792,0.000175906,1.188,-6
0.0801,2.752728E-05,1.2015,120,0.0801,0.000203769,1.2015,-4
0.081,1.174945E-05,1.215,120,0.081,0.0001104448,1.215,-1
0.0819,3.390555E-05,1.2285,121,0.0819,1.242084E-05,1.2285,-5
0.0828,3.189136E-05,1.242,120,0.0828,-4.129091E-05,1.242,-3
0.0837,2.1149E-05,1.2555,122,0.0837,-1.275654E-05,1.2555,-4
0.0846,2.1149E-05,1.269,120,0.0846,9.063859E-06,1.269,-1
0.0855,2.719158E-05,1.2825,122,0.0855,-1.443504E-05,1.2825,-2
0.0864,3.424125E-05,1.296,120,0.0864,-4.33051E-05,1.296,-2
0.0873,6.78111E-05,1.3095,119,0.0873,-1.141375E-05,1.3095,-3
0.0882,5.404745E-05,1.323,119,0.0882,-3.591974E-05,1.323,-2
0.0891,1.309224E-05,1.3365,120,0.0891,-6.344701E-05,1.3365,-2
0.09,-2.887007E-05,1.35,120,0.09,-4.733349E-05,1.35,-2
0.0909,6.51255E-05,1.3635,121,0.0909,-5.203327E-05,1.3635,-1
0.0918,0.0001406577,1.377,120,0.0918,-5.438316E-05,1.377,-4
0.0927,0.0001900053,1.3905,119,0.0927,2.786297E-05,1.3905,-3
0.0936,0.0001863127,1.404,120,0.0936,0.0001017166,1.404,-1
0.09450001,0.0001275654,1.4175,119,0.09450001,1.779202E-05,1.4175,-3
0.09540001,-7.687495E-05,1.431,119,0.09540001,-1.107805E-05,1.431,-1
0.09630001,-0.000249424,1.4445,121,0.09630001,-2.786297E-05,1.4445,-2
0.0972,-0.0002628519,1.458,120,0.0972,-1.846342E-05,1.458,-1
0.0981,-0.0001983978,1.4715,120,0.0981,-8.392462E-06,1.4715,0
0.099,-2.920577E-05,1.485,119,0.099,-2.954147E-05,1.485,-4
0.0999,-1.040665E-05,1.4985,120,0.0999,-5.471885E-05,1.4985,-2
0.1008,-0.0001101091,1.512,119,0.1008,-4.263371E-05,1.512,-1
0.1017,-3.558404E-05,1.5255,121,0.1017,-3.659113E-05,1.5255,-1
0.1026,6.210422E-05,1.539,120,0.1026,-7.049668E-05,1.539,-3
0.1035,-8.795301E-05,1.5525,120,0.1035,-5.136187E-05,1.5525,-1
0.1044,-0.0001339437,1.566,120,0.1044,-0.0001389792,1.566,1
0.1053,-4.733349E-05,1.5795,120,0.1053,-0.0001866484,1.5795,-1
0.1062,-5.706874E-06,1.593,119,0.1062,-0.0001258869,1.593,-4
0.1071,3.961242E-05,1.6065,120,0.1071,-6.915389E-05,1.6065,-3
0.108,9.903105E-05,1.62,119,0.108,-3.323415E-05,1.62,-2
0.1089,0.0001010452,1.6335,120,0.1089,6.71397E-05,1.6335,-2
0.1098,6.6804E-05,1.647,118,0.1098,8.291753E-05,1.647,-2
0.1107,-2.014191E-05,1.6605,120,0.1107,1.007095E-06,1.6605,-5
0.1116,-0.0001148089,1.674,121,0.1116,-1.007095E-06,1.674,-1
0.1125,-8.761731E-05,1.6875,119,0.1125,-6.042573E-06,1.6875,-2
0.1134,-4.733349E-05,1.701,119,0.1134,1.007095E-05,1.701,-2
0.1143,-2.450599E-05,1.7145,119,0.1143,6.64683E-05,1.7145,-4
0.1152,-5.035477E-06,1.728,120,0.1152,3.189136E-05,1.728,-2
0.1161,2.517739E-05,1.7415,120,0.1161,-1.947051E-05,1.7415,-1
0.117,3.390555E-05,1.755,121,0.117,-3.356985E-07,1.755,-3
0.1179,4.129091E-05,1.7685,121,0.1179,-9.735256E-06,1.7685,0
0.1188,5.471885E-05,1.782,120,0.1188,-1.376364E-05,1.782,-2
0.1197,7.553216E-05,1.7955,119,0.1197,-6.713969E-07,1.7955,0
0.1206,1.779202E-05,1.809,120,0.1206,-2.014191E-06,1.809,-1
0.1215,-4.733349E-05,1.8225,119,0.1215,-8.392462E-06,1.8225,-3
0.1224,-2.752728E-05,1.836,119,0.1224,-2.584878E-05,1.836,-1
0.1233,-4.53193E-05,1.8495,121,0.1233,-7.318227E-05,1.8495,0
0.1242,-5.438316E-05,1.863,119,0.1242,-8.493171E-05,1.863,-3
0.1251,3.591974E-05,1.8765,119,0.1251,-0.000112459,1.8765,0
0.126,7.385367E-05,1.89,120,0.126,-0.0001151446,1.89,-2
0.1269,4.028382E-05,1.9035,119,0.1269,-0.0001030594,1.9035,-3
0.1278,5.471885E-05,1.917,120,0.1278,-3.591974E-05,1.917,-3
0.1287,2.819867E-05,1.9305,118,0.1287,1.007095E-06,1.9305,0
0.1296,-4.36408E-05,1.944,120,0.1296,4.733349E-05,1.944,0
0.1305,3.390555E-05,1.9575,119,0.1305,0.0001688563,1.9575,-2
0.1314,5.807584E-05,1.971,120,0.1314,0.000112459,1.971,-1
0.1323,2.383459E-05,1.9845,119,0.1323,-2.28275E-05,1.9845,0
0.1332,3.692683E-05,1.998,118,0.1332,-2.920577E-05,1.998,-1
0.1341,-2.24918E-05,2.0115,119,0.1341,-1.409934E-05,2.0115,-2
0.135,-6.344701E-05,2.025,119,0.135,-1.107805E-05,2.025,-1
0.1359,-5.774014E-05,2.0385,119,0.1359,3.692683E-06,2.0385,-3
0.1368,-2.316319E-05,2.052,119,0.1368,-1.342794E-05,2.052,-5
0.1377,-2.887007E-05,2.0655,119,0.1377,1.275654E-05,2.0655,-2
0.1386,-4.36408E-05,2.079,118,0.1386,-2.450599E-05,2.079,-3
0.1395,-1.242084E-05,2.0925,118,0.1395,-7.754635E-05,2.0925,-5
0.1404,1.007095E-06,2.106,118,0.1404,-6.243992E-05,2.106,-2
0.1413,-5.203327E-05,2.1195,118,0.1413,-6.109713E-05,2.1195,-2
0.1422,-3.793393E-05,2.133,119,0.1422,-6.210422E-05,2.133,0
0.1431,-3.021286E-06,2.1465,119,0.1431,-8.258183E-05,2.1465,0
0.144,-1.678492E-05,2.16,120,0.144,-4.49836E-05,2.16,-2
0.1449,5.941863E-05,2.1735,118,0.1449,5.136187E-05,2.1735,-3
0.1458,0.0001178302,2.187,118,0.1458,8.92958E-05,2.187,0
0.1467,8.82887E-05,2.2005,118,0.1467,8.82887E-05,2.2005,0
0.1476,0.0001017166,2.214,119,0.1476,-1.644922E-05,2.214,-2
0.1485,3.323415E-05,2.2275,119,0.1485,-0.0001114519,2.2275,-2
0.1494,-2.28275E-05,2.241,118,0.1494,-9.130999E-05,2.241,-3
0.1503,-1.443504E-05,2.2545,117,0.1503,-0.0001242084,2.2545,-2
0.1512,-4.196231E-05,2.268,119,0.1512,-0.0001077592,2.268,-2
0.1521,-4.39765E-05,2.2815,117,0.1521,-4.46479E-05,2.2815,-2
0.153,-6.54612E-05,2.295,118,0.153,1.309224E-05,2.295,-1
0.1539,-0.0001201801,2.3085,118,0.1539,9.399557E-05,2.3085,-3
0.1548,-0.0001916838,2.322,118,0.1548,9.097429E-05,2.322,-1
0.1557,-0.0001453574,2.3355,118,0.1557,3.994812E-05,2.3355,-4
0.1566,-4.39765E-05,2.349,118,0.1566,2.584878E-05,2.349,0
0.1575,-3.491264E-05,2.3625,119,0.1575,3.860533E-05,2.3625,0
0.1584,-1.376364E-05,2.376,119,0.1584,2.1149E-05,2.376,-3
0.1593,-1.477073E-05,2.3895,121,0.1593,-2.18204E-05,2.3895,-1
0.1602,1.510643E-05,2.403,118,0.1602,-3.961242E-05,2.403,-2
0.1611,2.920577E-05,2.4165,119,0.1611,2.652018E-05,2.4165,0
0.162,3.424125E-05,2.43,119,0.162,2.18204E-05,2.43,-1
0.1629,7.150377E-05,2.4435,119,0.1629,-3.021286E-05,2.4435,-3
0.1638,9.433127E-05,2.457,119,0.1638,-6.478981E-05,2.457,-4
0.1647,4.53193E-05,2.4705,119,0.1647,-4.095522E-05,2.4705,-2
0.1656,-0.0001326009,2.484,119,0.1656,-2.450599E-05,2.484,-1
0.1665,-0.0001913481,2.4975,119,0.1665,-4.867628E-05,2.4975,-3
0.1674,-3.659113E-05,2.511,119,0.1674,-4.632639E-05,2.511,-1
0.1683,-1.644922E-05,2.5245,118,0.1683,-2.853437E-05,2.5245,0
0.1692,-3.692683E-05,2.538,118,0.1692,-5.203327E-05,2.538,-2
0.1701,-3.356985E-07,2.5515,119,0.1701,-8.69459E-05,2.5515,-4
0.171,-3.994812E-05,2.565,120,0.171,-4.36408E-05,2.565,-5
0.1719,-1.678492E-06,2.5785,119,0.1719,9.063859E-06,2.5785,0
0.1728,-1.141375E-05,2.592,118,0.1728,5.706874E-06,2.592,-4
0.1737,4.263371E-05,2.6055,119,0.1737,1.409934E-05,2.6055,1
0.1746,-2.652018E-05,2.619,119,0.1746,-1.477073E-05,2.619,-2
0.1755,2.786297E-05,2.6325,118,0.1755,-5.807584E-05,2.6325,-1
0.1764,0.0001242084,2.646,119,0.1764,-6.478981E-05,2.646,0
0.1773,5.874724E-05,2.6595,119,0.1773,-7.486076E-05,2.6595,0
0.1782,5.606165E-05,2.673,120,0.1782,-4.229801E-05,2.673,-1
0.1791,0.0001540856,2.6865,118,0.1791,-3.390555E-05,2.6865,0
0.18,0.0001597925,2.7,119,0.18,-6.982528E-05,2.7,-2
0.1809,0.0001218585,2.7135,118,0.1809,-0.0001473716,2.7135,-2
0.1818,0.0001094377,2.727,118,0.1818,-9.668116E-05,2.727,-2
0.1827,-4.733349E-05,2.7405,119,0.1827,-9.701686E-05,2.7405,-1
0.1836,-0.0002840009,2.754,120,0.1836,-8.291753E-05,2.754,-1
0.1845,-0.0003011215,2.7675,118,0.1845,1.040665E-05,2.7675,-1
0.1854,-0.000190341,2.781,119,0.1854,0.0001406577,2.781,-1
0.1863,-0.000105745,2.7945,118,0.1863,8.82887E-05,2.7945,-2
0.1872,-4.46479E-05,2.808,119,0.1872,1.443504E-05,2.808,-1
0.1881,1.007095E-06,2.8215,119,0.1881,2.484169E-05,2.8215,-6
0.189,1.208515E-05,2.835,119,0.189,4.129091E-05,2.835,-1
0.1899,3.054856E-05,2.8485,118,0.1899,7.016098E-05,2.8485,-3
0.1908,9.332418E-05,2.862,119,0.1908,0.0001003738,2.862,-3
0.1917,7.620356E-05,2.8755,120,0.1917,5.001907E-05,2.8755,-1
0.1926,2.349889E-05,2.889,119,0.1926,-1.376364E-05,2.889,-2
0.1935,-4.36408E-06,2.9025,119,0.1935,-3.524834E-05,2.9025,-1
0.1944,-1.913481E-05,2.916,118,0.1944,-7.016098E-05,2.916,-3
0.1953,-9.298848E-05,2.9295,117,0.1953,-3.457694E-05,2.9295,0
0.1962,-9.298848E-05,2.943,119,0.1962,-2.047761E-05,2.943,-1
0.1971,-1.577783E-05,2.9565,119,0.1971,-1.443504E-05,2.9565,-2
0.198,1.141375E-05,2.97,119,0.198,7.620356E-05,2.97,-1
0.1989,8.560311E-05,2.9835,120,0.1989,7.150377E-05,2.9835,-1
0.1998,0.0001171588,2.997,119,0.1998,-6.713969E-07,2.997,-1
0.2007,6.277562E-05,3.0105,119,0.2007,-3.491264E-05,3.0105,-2
0.2016,-2.987716E-05,3.024,119,0.2016,-3.155566E-05,3.024,-1
0.2025,-3.692683E-05,3.0375,118,0.2025,-4.766919E-05,3.0375,-1
0.2034,-1.443504E-05,3.051,117,0.2034,-4.901198E-05,3.051,-1
0.2043,3.994812E-05,3.0645,119,0.2043,-8.493171E-05,3.0645,-2
0.2052,6.74754E-05,3.078,0,0.2052,-7.586786E-05,3.078,0
0.2061,3.289845E-05,3.0915,0,0.2061,-3.457694E-05,3.0915,0
0.207,-7.721065E-06,3.105,0,0.207,-5.404745E-05,3.105,0
0.2079,-4.196231E-05,3.1185,0,0.2079,-9.701686E-05,3.1185,0
0.2088,-7.083238E-05,3.132,0,0.2088,-5.539025E-05,3.132,0
0.2097,-6.814679E-05,3.1455,0,0.2097,-0.000102388,3.1455,0
0.2106,-5.471885E-05,3.159,0,0.2106,-0.000133608,3.159,0
0.2115,-5.471885E-05,3.1725,0,0.2115,-6.64683E-05,3.1725,0
0.2124,-1.242084E-05,3.186,0,0.2124,-2.954147E-05,3.186,0
0.2133,3.692683E-06,3.1995,0,0.2133,-2.652018E-05,3.1995,0
0.2142,-7.385367E-06,3.213,0,0.2142,1.846342E-05,3.213,0
0.2151,1.577783E-05,3.2265,0,0.2151,0.0001339437,3.2265,0
0.216,4.46479E-05,3.24,0,0.216,0.0001107805,3.24,0
0.2169,1.678492E-05,3.2535,0,0.2169,2.081331E-05,3.2535,0
0.2178,6.042573E-06,3.267,0,0.2178,-2.1149E-05,3.267,0
0.2187,3.390555E-05,3.2805,0,0.2187,-2.24918E-05,3.2805,0
0.2196,2.047761E-05,3.294,0,0.2196,-4.028382E-06,3.294,0
0.2205,4.599069E-05,3.3075,0,0.2205,-2.24918E-05,3.3075,0
0.2214,3.591974E-05,3.321,0,0.2214,-4.29694E-05,3.321,0
0.2223,-2.24918E-05,3.3345,0,0.2223,-1.644922E-05,3.3345,0
0.2232,-6.61326E-05,3.348,0,0.2232,-1.913481E-05,3.348,0
0.2241,-5.807584E-05,3.3615,0,0.2241,-6.042573E-05,3.3615,0
0.225,-2.987716E-05,3.375,0,0.225,-6.210422E-05,3.375,0
0.2259,3.927672E-05,3.3885,0,0.2259,-7.620356E-05,3.3885,0
0.2268,5.102617E-05,3.402,0,0.2268,-0.0001211871,3.402,0
0.2277,3.524834E-05,3.4155,0,0.2277,-7.855344E-05,3.4155,0
0.2286,-8.056763E-06,3.429,0,0.2286,1.309224E-05,3.429,0
0.2295,-3.961242E-05,3.4425,0,0.2295,4.834058E-05,3.4425,0
0.2304,-7.150377E-05,3.456,0,0.2304,7.821774E-05,3.456,0
0.2313,-5.874724E-05,3.4695,0,0.2313,7.553216E-05,3.4695,0
0.2322,-3.692683E-06,3.483,0,0.2322,5.337606E-05,3.483,0
0.2331,-2.450599E-05,3.4965,0,0.2331,2.18204E-05,3.4965,0
0.234,6.378271E-06,3.51,0,0.234,-2.920577E-05,3.51,0
0.2349,1.577783E-05,3.5235,0,0.2349,-6.74754E-05,3.5235,0
0.2358,4.263371E-05,3.537,0,0.2358,-4.867628E-05,3.537,0
0.2367,8.191043E-05,3.5505,0,0.2367,-3.994812E-05,3.5505,0
0.2376,9.600977E-05,3.564,0,0.2376,-5.673304E-05,3.564,0
0.2385,5.874724E-05,3.5775,0,0.2385,-1.678492E-05,3.5775,0
0.2394,3.692683E-06,3.591,0,0.2394,1.443504E-05,3.591,0
0.2403,-4.934768E-05,3.6045,0,0.2403,9.735256E-06,3.6045,0
0.2412,-7.888914E-05,3.618,0,0.2412,4.599069E-05,3.618,0
0.2421,-0.0001661708,3.6315,0,0.2421,3.390555E-05,3.6315,0
0.243,-0.0001329366,3.645,0,0.243,-5.706874E-06,3.645,0
0.2439,-7.150377E-05,3.6585,0,0.2439,-2.450599E-05,3.6585,0
0.2448,-1.309224E-05,3.672,0,0.2448,-3.659113E-05,3.672,0
0.2457,8.728161E-06,3.6855,0,0.2457,-1.980621E-05,3.6855,0
0.2466,-3.457694E-05,3.699,0,0.2466,-3.356985E-05,3.699,0
0.2475,-3.524834E-05,3.7125,0,0.2475,-1.913481E-05,3.7125,0
0.2484,-1.913481E-05,3.726,0,0.2484,-1.242084E-05,3.726,0
0.2493,-1.309224E-05,3.7395,0,0.2493,-3.692683E-06,3.7395,0
0.2502,1.107805E-05,3.753,0,0.2502,-7.821774E-05,3.753,0
0.2511,3.121996E-05,3.7665,0,0.2511,-0.0001188373,3.7665,0
0.252,2.349889E-06,3.78,0,0.252,-5.270466E-05,3.78,0
0.2529,-1.040665E-05,3.7935,0,0.2529,-1.275654E-05,3.7935,0
0.2538,2.014191E-06,3.807,0,0.2538,-5.069047E-05,3.807,0
0.2547,-1.678492E-05,3.8205,0,0.2547,-7.385367E-05,3.8205,0
0.2556,-3.524834E-05,3.834,0,0.2556,-1.342794E-06,3.834,0
0.2565,-1.712062E-05,3.8475,0,0.2565,-1.376364E-05,3.8475,0
0.2574,-1.510643E-05,3.861,0,0.2574,-3.356985E-05,3.861,0
0.2583,6.713969E-06,3.8745,0,0.2583,-3.256275E-05,3.8745,0
0.2592,3.054856E-05,3.888,0,0.2592,-1.913481E-05,3.888,0
0.2601,1.040665E-05,3.9015,0,0.2601,-4.43122E-05,3.9015,0
0.261,-1.846342E-05,3.915,0,0.261,-0.0001117876,3.915,0
0.2619,9.063859E-06,3.9285,0,0.2619,-0.0001067521,3.9285,0
0.2628,1.242084E-05,3.942,0,0.2628,-1.745632E-05,3.942,0
0.2637,-4.129091E-05,3.9555,0,0.2637,-5.471885E-05,3.9555,0
0.2646,1.678492E-06,3.969,0,0.2646,-5.740444E-05,3.969,0
0.2655,2.1149E-05,3.9825,0,0.2655,9.466698E-05,3.9825,0
0.2664,1.007095E-06,3.996,0,0.2664,0.0001339437,3.996,0
0.2673,1.275654E-05,4.0095,0,0.2673,8.761731E-05,4.0095,0
0.2682,3.054856E-05,4.023,0,0.2682,5.404745E-05,4.023,0
0.2691,5.941863E-05,4.0365,0,0.2691,5.471885E-05,4.0365,0
0.27,9.231708E-05,4.05,0,0.27,-8.392462E-06,4.05,0
0.2709,9.634547E-05,4.0635,0,0.2709,-1.913481E-05,4.0635,0
0.2718,5.874724E-05,4.077,0,0.2718,-9.735256E-06,4.077,0
0.2727,6.54612E-05,4.0905,0,0.2727,1.510643E-05,4.0905,0
0.2736,5.337606E-05,4.104,0,0.2736,-1.644922E-05,4.104,0
0.2745,1.879912E-05,4.1175,0,0.2745,-5.270466E-05,4.1175,0
0.2754,-1.678492E-05,4.131,0,0.2754,-3.659113E-05,4.131,0
0.2763,-6.311131E-05,4.1445,0,0.2763,-7.721065E-06,4.1445,0
0.2772,-0.0001332723,4.158,0,0.2772,-2.618448E-05,4.158,0
0.2781,-7.653925E-05,4.1715,0,0.2781,-7.821774E-05,4.1715,0
0.279,-8.96315E-05,4.185,0,0.279,-7.217517E-05,4.185,0
0.2799,-0.0001144732,4.1985,0,0.2799,-6.982528E-05,4.1985,0
0.2808,-0.0001097734,4.212,0,0.2808,-9.835965E-05,4.212,0
0.2817,-0.0001087663,4.2255,0,0.2817,-7.687495E-05,4.2255,0
0.2826,-1.678492E-05,4.239,0,0.2826,-4.33051E-05,4.239,0
0.2835,2.853437E-05,4.2525,0,0.2835,1.342794E-05,4.2525,0
0.2844,5.304036E-05,4.266,0,0.2844,5.001907E-05,4.266,0
0.2853,7.956054E-05,4.2795,0,0.2853,-1.174945E-05,4.2795,0
0.2862,3.121996E-05,4.293,0,0.2862,-2.719158E-05,4.293,0
0.2871,1.544213E-05,4.3065,0,0.2871,3.558404E-05,4.3065,0
0.288,-5.807584E-05,4.32,0,0.288,5.203327E-05,4.32,0
0.2889,-3.826963E-05,4.3335,0,0.2889,1.846342E-05,4.3335,0
0.2898,-2.920577E-05,4.347,0,0.2898,-3.692683E-06,4.347,0
0.2907,-3.356985E-07,4.3605,0,0.2907,-1.376364E-05,4.3605,0
0.2916,-1.477073E-05,4.374,0,0.2916,-1.879912E-05,4.374,0
0.2925,-0.0001171588,4.3875,0,0.2925,-1.107805E-05,4.3875,0
0.2934,-0.0001373007,4.401,0,0.2934,-5.706874E-06,4.401,0
0.2943,-3.994812E-05,4.4145,0,0.2943,-3.155566E-05,4.4145,0
0.2952,4.36408E-05,4.428,0,0.2952,-3.054856E-05,4.428,0
0.2961,2.517739E-05,4.4415,0,0.2961,5.035477E-06,4.4415,0
0.297,9.735256E-06,4.455,0,0.297,-2.920577E-05,4.455,0
0.2979,-6.713969E-07,4.4685,0,0.2979,-0.0001252155,4.4685,0
0.2988,2.349889E-05,4.482,0,0.2988,-0.000256138,4.482,0
0.2997,5.337606E-05,4.4955,0,0.2997,-0.0003172351,4.4955,0
0.3006,0.0001037308,4.509,0,0.3006,-0.0002658732,4.509,0
0.3015,0.0001849699,4.5225,0,0.3015,-0.0001641566,4.5225,0
0.3024,0.0001352865,4.536,0,0.3024,-2.047761E-05,4.536,0
0.3033,4.901198E-05,4.5495,0,0.3033,0.0002628519,4.5495,0
0.3042,-2.853437E-05,4.563,0,0.3042,0.0004172732,4.563,0
0.3051,-0.0001399863,4.5765,0,0.3051,0.0002584878,4.5765,0
0.306,-0.0002678874,4.59,0,0.306,0.0001913481,4.59,0
0.3069,-0.000115816,4.6035,0,0.3069,9.298848E-05,4.6035,0
0.3078,3.659113E-05,4.617,0,0.3078,2.014191E-06,4.617,0
0.3087,5.975433E-05,4.6305,0,0.3087,6.378271E-06,4.6305,0
0.3096,9.735256E-06,4.644,0,0.3096,1.376364E-05,4.644,0
0.3105,-1.980621E-05,4.6575,0,0.3105,5.706874E-06,4.6575,0
0.3114,-4.867628E-05,4.671,0,0.3114,-2.517739E-05,4.671,0
0.3123,-0.0001033951,4.6845,0,0.3123,-4.263371E-05,4.6845,0
0.3132,-3.323415E-05,4.698,0,0.3132,-9.399558E-06,4.698,0
0.3141,-6.713969E-07,4.7115,0,0.3141,-2.1149E-05,4.7115,0
0.315,9.063859E-06,4.725,0,0.315,-3.793393E-05,4.725,0
0.3159,3.289845E-05,4.7385,0,0.3159,-6.54612E-05,4.7385,0
0.3168,3.692683E-06,4.752,0,0.3168,-4.733349E-05,4.752,0
0.3177,1.712062E-05,4.7655,0,0.3177,-4.934768E-05,4.7655,0
0.3186,0.000112459,4.779,0,0.3186,-7.016098E-05,4.779,0
0.3195,0.0001299153,4.7925,0,0.3195,-4.632639E-05,4.7925,0
0.3204,9.298848E-05,4.806,0,0.3204,-3.323415E-05,4.806,0
0.3213,1.779202E-05,4.8195,0,0.3213,-8.996719E-05,4.8195,0
0.3222,-4.934768E-05,4.833,0,0.3222,-0.0001064164,4.833,0
0.3231,-7.217517E-05,4.8465,0,0.3231,-6.478981E-05,4.8465,0
0.324,-0.000105745,4.86,0,0.324,-7.116808E-05,4.86,0
0.3249,-0.000133608,4.8735,0,0.3249,-5.807584E-05,4.8735,0
0.3258,-6.344701E-05,4.887,0,0.3258,-4.800488E-05,4.887,0
0.3267,-4.36408E-06,4.9005,0,0.3267,-1.779202E-05,4.9005,0
0.3276,-2.517739E-05,4.914,0,0.3276,2.752728E-05,4.914,0
0.3285,1.107805E-05,4.9275,0,0.3285,2.752728E-05,4.9275,0
0.3294,3.860533E-05,4.941,0,0.3294,-3.961242E-05,4.941,0
0.3303,1.174945E-05,4.9545,0,0.3303,-8.89601E-05,4.9545,0
0.3312,9.433127E-05,4.968,0,0.3312,-9.332418E-05,4.968,0
0.3321,0.0002474098,4.9815,0,0.3321,-6.411841E-05,4.9815,0
0.333,0.0001930266,4.995,0,0.333,6.713969E-06,4.995,0
0.3339,0.0001621424,5.0085,0,0.3339,3.659113E-05,5.0085,0
0.3348,3.692683E-06,5.022,0,0.3348,6.143282E-05,5.022,0
0.3357,-0.0002185397,5.0355,0,0.3357,6.6804E-05,5.0355,0
0.3366,-0.0002742657,5.049,0,0.3366,-1.678492E-05,5.049,0
0.3375,-0.000207126,5.0625,0,0.3375,-7.586786E-05,5.0625,0
0.3384,-0.0001597925,5.076,0,0.3384,-6.6804E-05,5.076,0
0.3393,-2.987716E-05,5.0895,0,0.3393,-6.378271E-05,5.0895,0
0.3402,-1.376364E-05,5.103,0,0.3402,-5.841154E-05,5.103,0
0.3411,-4.33051E-05,5.1165,0,0.3411,-1.644922E-05,5.1165,0
0.342,-8.89601E-05,5.13,0,0.342,-3.356985E-05,5.13,0
0.3429,-2.21561E-05,5.1435,0,0.3429,-3.021286E-06,5.1435,0
0.3438,1.208515E-05,5.157,0,0.3438,1.409934E-05,5.157,0
0.3447,5.001907E-05,5.1705,0,0.3447,1.913481E-05,5.1705,0
0.3456,2.887007E-05,5.184,0,0.3456,1.510643E-05,5.184,0
0.3465,7.049668E-06,5.1975,0,0.3465,9.365987E-05,5.1975,0
0.3474,-4.36408E-06,5.211,0,0.3474,8.157473E-05,5.211,0
0.3483,7.385367E-06,5.2245,0,0.3483,1.510643E-05,5.2245,0
0.3492,2.081331E-05,5.238,0,0.3492,-1.510643E-05,5.238,0
0.3501,9.399558E-06,5.2515,0,0.3501,-1.678492E-05,5.2515,0
0.351,1.007095E-05,5.265,0,0.351,-2.24918E-05,5.265,0
0.3519,5.035477E-06,5.2785,0,0.3519,-3.390555E-05,5.2785,0
0.3528,4.129091E-05,5.292,0,0.3528,-2.920577E-05,5.292,0
0.3537,1.846342E-05,5.3055,0,0.3537,-2.584878E-05,5.3055,0
0.3546,-2.719158E-05,5.319,0,0.3546,-6.076142E-05,5.319,0
0.3555,5.706874E-06,5.3325,0,0.3555,-7.083238E-05,5.3325,0
0.3564,1.007095E-06,5.346,0,0.3564,-8.560311E-05,5.346,0
0.3573,-2.014191E-06,5.3595,0,0.3573,-4.095522E-05,5.3595,0
0.3582,3.323415E-05,5.373,0,0.3582,-3.894102E-05,5.373,0
0.3591,3.323415E-05,5.3865,0,0.3591,-5.706874E-05,5.3865,0
0.36,-8.392462E-06,5.4,0,0.36,-2.853437E-05,5.4,0
0.3609,3.155566E-05,5.4135,0,0.3609,-1.477073E-05,5.4135,0
0.3618,6.344701E-05,5.427,0,0.3618,-2.786297E-05,5.427,0
0.3627,3.054856E-05,5.4405,0,0.3627,-3.021286E-05,5.4405,0
0.3636,-7.754635E-05,5.454,0,0.3636,-4.46479E-05,5.454,0
0.3645,-1.577783E-05,5.4675,0,0.3645,-3.994812E-05,5.4675,0
0.3654,2.349889E-06,5.481,0,0.3654,-3.726253E-05,5.481,0
0.3663,-3.457694E-05,5.4945,0,0.3663,-6.210422E-05,5.4945,0
0.3672,1.040665E-05,5.508,0,0.3672,2.081331E-05,5.508,0
0.3681,-1.242084E-05,5.5215,0,0.3681,6.915389E-05,5.5215,0
0.369,-1.242084E-05,5.535,0,0.369,0.0001003738,5.535,0
0.3699,2.383459E-05,5.5485,0,0.3699,3.927672E-05,5.5485,0
0.3708,-9.735256E-06,5.562,0,0.3708,-1.477073E-05,5.562,0
0.3717,-3.021286E-06,5.5755,0,0.3717,-3.759823E-05,5.5755,0
0.3726,4.028382E-05,5.589,0,0.3726,-9.735256E-05,5.589,0
0.3735,-2.081331E-05,5.6025,0,0.3735,-1.309224E-05,5.6025,0
0.3744,-4.599069E-05,5.616,0,0.3744,1.443504E-05,5.616,0
0.3753,4.39765E-05,5.6295,0,0.3753,-2.484169E-05,5.6295,0
0.3762,6.6804E-05,5.643,0,0.3762,-2.584878E-05,5.643,0
0.3771,3.692683E-06,5.6565,0,0.3771,-2.21561E-05,5.6565,0
0.378,2.316319E-05,5.67,0,0.378,-0.0001416648,5.67,0
0.3789,1.544213E-05,5.6835,0,0.3789,-0.0001426719,5.6835,0
0.3798,-0.0001131304,5.697,0,0.3798,-9.869535E-05,5.697,0
0.3807,-7.284657E-05,5.7105,0,0.3807,8.728161E-06,5.7105,0
0.3816,8.426032E-05,5.724,0,0.3816,9.634547E-05,5.724,0
0.3825,2.517739E-05,5.7375,0,0.3825,0.0001782559,5.7375,0
0.3834,-5.001907E-05,5.751,0,0.3834,0.000133608,5.751,0
0.3843,-5.740444E-05,5.7645,0,0.3843,4.565499E-05,5.7645,0
0.3852,-7.217517E-05,5.778,0,0.3852,2.383459E-05,5.778,0
0.3861,-7.251087E-05,5.7915,0,0.3861,-4.46479E-05,5.7915,0
0.387,-3.021286E-05,5.805,0,0.387,-9.399558E-06,5.805,0
0.3879,-3.524834E-05,5.8185,0,0.3879,-3.692683E-06,5.8185,0
0.3888,-1.913481E-05,5.832,0,0.3888,-3.994812E-05,5.832,0
0.3897,-4.565499E-05,5.8455,0,0.3897,-4.46479E-05,5.8455,0
0.3906,-5.471885E-05,5.859,0,0.3906,-5.975433E-05,5.859,0
0.3915,-4.733349E-05,5.8725,0,0.3915,-5.069047E-05,5.8725,0
0.3924,-2.887007E-05,5.886,0,0.3924,-3.826963E-05,5.886,0
0.3933,1.007095E-06,5.8995,0,0.3933,-9.164568E-05,5.8995,0
0.3942,3.692683E-05,5.913,0,0.3942,-8.493171E-05,5.913,0
0.3951,0.000102388,5.9265,0,0.3951,-0.0001359579,5.9265,0
0.396,0.0001406577,5.94,0,0.396,-0.0001742275,5.94,0
0.3969,0.0001017166,5.9535,0,0.3969,-0.0001628138,5.9535,0
0.3978,2.652018E-05,5.967,0,0.3978,-8.023193E-05,5.967,0
0.3987,1.107805E-05,5.9805,0,0.3987,-2.853437E-05,5.9805,0
0.3996,6.411841E-05,5.994,0,0.3996,-3.390555E-05,5.994,0
0.4005,2.887007E-05,6.0075,0,0.4005,7.049668E-05,6.0075,0
0.4014,-5.001907E-05,6.021,0,0.4014,0.0001393149,6.021,0
0.4023,-0.0001312581,6.0345,0,0.4023,2.920577E-05,6.0345,0
0.4032,-7.049668E-05,6.048,0,0.4032,7.385367E-06,6.048,0
0.4041,-0.0001487144,6.0615,0,0.4041,8.224613E-05,6.0615,0
0.405,-0.0001688563,6.075,0,0.405,0.0001054093,6.075,0
0.4059,-0.0001225299,6.0885,0,0.4059,0.0001185016,6.0885,0
0.4068,-1.342794E-05,6.102,0,0.4068,5.404745E-05,6.102,0
0.4077,-1.107805E-05,6.1155,0,0.4077,1.611353E-05,6.1155,0
0.4086,-6.076142E-05,6.129,0,0.4086,1.644922E-05,6.129,0
0.4095,-8.493171E-05,6.1425,0,0.4095,-2.685588E-06,6.1425,0
0.4104,-6.411841E-05,6.156,0,0.4104,-4.599069E-05,6.156,0
0.4113,-2.383459E-05,6.1695,0,0.4113,-2.081331E-05,6.1695,0
0.4122,1.779202E-05,6.183,0,0.4122,-2.316319E-05,6.183,0
0.4131,0.0001205158,6.1965,0,0.4131,-7.754635E-05,6.1965,0
0.414,0.0001802701,6.21,0,0.414,-7.821774E-05,6.21,0
0.4149,0.0001413291,6.2235,0,0.4149,-9.970245E-05,6.2235,0
0.4158,7.183947E-05,6.237,0,0.4158,-0.0001339437,6.237,0
0.4167,2.417029E-05,6.2505,0,0.4167,-8.157473E-05,6.2505,0
0.4176,4.36408E-06,6.264,0,0.4176,6.713969E-06,6.264,0
0.4185,-0.0001010452,6.2775,0,0.4185,1.007095E-06,6.2775,0
0.4194,-7.049668E-05,6.291,0,0.4194,-1.678492E-06,6.291,0
0.4203,-3.927672E-05,6.3045,0,0.4203,2.014191E-06,6.3045,0
0.4212,-6.881819E-05,6.318,0,0.4212,-5.035477E-06,6.318,0
0.4221,-8.72816E-05,6.3315,0,0.4221,-2.551309E-05,6.3315,0
0.423,1.846342E-05,6.345,0,0.423,-2.652018E-05,6.345,0
0.4239,2.652018E-05,6.3585,0,0.4239,-3.323415E-05,6.3585,0
0.4248,-1.040665E-05,6.372,0,0.4248,-6.378271E-06,6.372,0
0.4257,9.735256E-06,6.3855,0,0.4257,-2.014191E-05,6.3855,0
0.4266,2.349889E-06,6.399,0,0.4266,-5.539025E-05,6.399,0
0.4275,1.342794E-06,6.4125,0,0.4275,-2.047761E-05,6.4125,0
0.4284,9.063859E-06,6.426,0,0.4284,-6.378271E-06,6.426,0
0.4293,2.349889E-06,6.4395,0,0.4293,-5.841154E-05,6.4395,0
0.4302,1.040665E-05,6.453,0,0.4302,-5.505455E-05,6.453,0
0.4311,1.309224E-05,6.4665,0,0.4311,1.007095E-06,6.4665,0
0.432,3.155566E-05,6.48,0,0.432,-7.721065E-06,6.48,0
0.4329,2.652018E-05,6.4935,0,0.4329,-4.36408E-06,6.4935,0
0.4338,8.392462E-06,6.507,0,0.4338,-3.356985E-05,6.507,0
0.4347,-2.786297E-05,6.5205,0,0.4347,-2.081331E-05,6.5205,0
0.4356,-6.6804E-05,6.534,0,0.4356,1.342794E-06,6.534,0
0.4365,-3.726253E-05,6.5475,0,0.4365,-2.719158E-05,6.5475,0
0.4374,-2.18204E-05,6.561,0,0.4374,-6.210422E-05,6.561,0
0.4383,-1.443504E-05,6.5745,0,0.4383,-1.980621E-05,6.5745,0
0.4392,-1.007095E-05,6.588,0,0.4392,-2.517739E-05,6.588,0
0.4401,6.042573E-06,6.6015,0,0.4401,-4.46479E-05,6.6015,0
0.441,2.24918E-05,6.615,0,0.441,-7.049668E-06,6.615,0
0.4419,4.263371E-05,6.6285,0,0.4419,2.1149E-05,6.6285,0
0.4428,5.539025E-05,6.642,0,0.4428,-3.021286E-06,6.642,0
0.4437,-1.309224E-05,6.6555,0,0.4437,-2.047761E-05,6.6555,0
0.4446,-1.107805E-05,6.669,0,0.4446,-3.054856E-05,6.669,0
0.4455,2.786297E-05,6.6825,0,0.4455,-6.6804E-05,6.6825,0
0.4464,7.721065E-06,6.696,0,0.4464,-8.526741E-05,6.696,0
0.4473,1.779202E-05,6.7095,0,0.4473,-7.553216E-05,6.7095,0
0.4482,1.174945E-05,6.723,0,0.4482,-8.258183E-05,6.723,0
0.4491,3.323415E-05,6.7365,0,0.4491,-6.713969E-06,6.7365,0
0.45,9.399558E-06,6.75,0,0.45,5.304036E-05,6.75,0
0.4509,-1.879912E-05,6.7635,0,0.4509,6.54612E-05,6.7635,0
0.4518,-1.242084E-05,6.777,0,0.4518,6.009003E-05,6.777,0
0.4527,-9.063859E-06,6.7905,0,0.4527,3.994812E-05,6.7905,0
0.4536,-9.399558E-06,6.804,0,0.4536,-9.735256E-06,6.804,0
0.4545,-3.491264E-05,6.8175,0,0.4545,1.443504E-05,6.8175,0
0.4554,-5.941863E-05,6.831,0,0.4554,1.040665E-05,6.831,0
0.4563,-6.478981E-05,6.8445,0,0.4563,-4.129091E-05,6.8445,0
0.4572,-9.735256E-06,6.858,0,0.4572,-2.786297E-05,6.858,0
0.4581,-3.021286E-06,6.8715,0,0.4581,-7.385367E-06,6.8715,0
0.459,-7.721065E-06,6.885,0,0.459,-1.242084E-05,6.885,0
0.4599,-5.035477E-06,6.8985,0,0.4599,-1.510643E-05,6.8985,0
0.4608,1.174945E-05,6.912,0,0.4608,-1.275654E-05,6.912,0
0.4617,-5.706874E-06,6.9255,0,0.4617,1.779202E-05,6.9255,0
0.4626,1.007095E-06,6.939,0,0.4626,8.728161E-06,6.939,0
0.4635,3.189136E-05,6.9525,0,0.4635,-5.337606E-05,6.9525,0
0.4644,9.600977E-05,6.966,0,0.4644,-0.0001500572,6.966,0
0.4653,0.0001685206,6.9795,0,0.4653,-0.0002823224,6.9795,0
0.4662,0.0001275654,6.993,0,0.4662,-0.0003679255,6.993,0
0.4671,3.826963E-05,7.0065,0,0.4671,-0.0003145495,7.0065,0
0.468,-8.392462E-06,7.02,0,0.468,-0.0001386435,7.02,0
0.4689,-2.18204E-05,7.0335,0,0.4689,3.256275E-05,7.0335,0
0.4698,-0.0001134661,7.047,0,0.4698,0.0001930266,7.047,0
0.4707,-0.0002823224,7.0605,0,0.4707,0.0004078737,7.0605,0
0.4716,-0.0002487526,7.074,0,0.4716,0.0003675898,7.074,0
0.4725,-0.0001017166,7.0875,0,0.4725,0.0001950408,7.0875,0
0.4734,-4.53193E-05,7.101,0,0.4734,0.0001114519,7.101,0
0.4743,1.007095E-05,7.1145,0,0.4743,4.36408E-05,7.1145,0
0.4752,-1.678492E-06,7.128,0,0.4752,2.920577E-05,7.128,0
0.4761,2.014191E-06,7.1415,0,0.4761,2.584878E-05,7.1415,0
0.477,2.047761E-05,7.155,0,0.477,-2.618448E-05,7.155,0
0.4779,-2.047761E-05,7.1685,0,0.4779,-6.042573E-05,7.1685,0
0.4788,-2.047761E-05,7.182,0,0.4788,-1.644922E-05,7.182,0
0.4797,8.056763E-06,7.1955,0,0.4797,-2.786297E-05,7.1955,0
0.4806,1.577783E-05,7.209,0,0.4806,-6.243992E-05,7.209,0
0.4815,-1.242084E-05,7.2225,0,0.4815,-2.618448E-05,7.2225,0
0.4824,-8.392462E-06,7.236,0,0.4824,-1.779202E-05,7.236,0
0.4833,2.752728E-05,7.2495,0,0.4833,-5.371176E-05,7.2495,0
0.4842,1.812772E-05,7.263,0,0.4842,-6.311131E-05,7.263,0
0.4851,-2.484169E-05,7.2765,0,0.4851,-3.591974E-05,7.2765,0
0.486,-7.049668E-06,7.29,0,0.486,-5.807584E-05,7.29,0
0.4869,-2.349889E-06,7.3035,0,0.4869,-6.478981E-05,7.3035,0
0.4878,-3.692683E-06,7.317,0,0.4878,-6.076142E-05,7.317,0
0.4887,1.409934E-05,7.3305,0,0.4887,-3.860533E-05,7.3305,0
0.4896,3.021286E-06,7.344,0,0.4896,-1.846342E-05,7.344,0
0.4905,-5.706874E-06,7.3575,0,0.4905,-3.524834E-05,7.3575,0
0.4914,1.007095E-05,7.371,0,0.4914,-5.404745E-05,7.371,0
0.4923,-9.735256E-06,7.3845,0,0.4923,-1.879912E-05,7.3845,0
0.4932,-1.242084E-05,7.398,0,0.4932,-1.510643E-05,7.398,0
0.4941,9.735256E-06,7.4115,0,0.4941,-6.076142E-05,7.4115,0
0.495,1.745632E-05,7.425,0,0.495,-2.685588E-05,7.425,0
0.4959,6.378271E-06,7.4385,0,0.4959,-1.745632E-05,7.4385,0
0.4968,-3.356985E-07,7.452,0,0.4968,-5.874724E-05,7.452,0
0.4977,-8.392462E-06,7.4655,0,0.4977,-3.927672E-05,7.4655,0
0.4986,-1.376364E-05,7.479,0,0.4986,-9.399558E-06,7.479,0
0.4995,-1.779202E-05,7.4925,0,0.4995,-2.719158E-05,7.4925,0
0.5004,1.107805E-05,7.506,0,0.5004,-2.719158E-05,7.506,0
0.5013,2.081331E-05,7.5195,0,0.5013,-4.599069E-05,7.5195,0
0.5022,1.678492E-05,7.533,0,0.5022,-3.121996E-05,7.533,0
0.5031,1.309224E-05,7.5465,0,0.5031,-9.063859E-06,7.5465,0
0.504,-1.309224E-05,7.56,0,0.504,-2.853437E-05,7.56,0
0.5049,3.692683E-06,7.5735,0,0.5049,-4.43122E-05,7.5735,0
0.5058,1.678492E-06,7.587,0,0.5058,-5.371176E-06,7.587,0
0.5067,-3.692683E-06,7.6005,0,0.5067,-3.356985E-07,7.6005,0
0.5076,1.174945E-05,7.614,0,0.5076,-3.356985E-05,7.614,0
0.5085,-2.652018E-05,7.6275,0,0.5085,-9.399558E-06,7.6275,0
0.5094,-2.24918E-05,7.641,0,0.5094,-2.853437E-05,7.641,0
0.5103,-1.913481E-05,7.6545,0,0.5103,-6.61326E-05,7.6545,0
0.5112,2.685588E-06,7.668,0,0.5112,-4.33051E-05,7.668,0
0.5121,-1.242084E-05,7.6815,0,0.5121,1.007095E-06,7.6815,0
0.513,-5.136187E-05,7.695,0,0.513,-3.054856E-05,7.695,0
0.5139,-7.049668E-05,7.7085,0,0.5139,-2.752728E-05,7.7085,0
0.5148,1.040665E-05,7.722,0,0.5148,-7.385367E-06,7.722,0
0.5157,3.256275E-05,7.7355,0,0.5157,1.040665E-05,7.7355,0
0.5166,3.021286E-06,7.749,0,0.5166,2.1149E-05,7.749,0
0.5175,5.035477E-06,7.7625,0,0.5175,-2.719158E-05,7.7625,0
0.5184,-5.035477E-06,7.776,0,0.5184,-4.061952E-05,7.776,0
0.5193,-2.920577E-05,7.7895,0,0.5193,7.721065E-06,7.7895,0
0.5202,-2.383459E-05,7.803,0,0.5202,-8.728161E-06,7.803,0
0.5211,4.028382E-06,7.8165,0,0.5211,-4.53193E-05,7.8165,0
0.522,-5.035477E-05,7.83,0,0.522,-1.644922E-05,7.83,0
0.5229,-5.807584E-05,7.8435,0,0.5229,-6.713969E-07,7.8435,0
0.5238,-2.719158E-05,7.857,0,0.5238,-1.510643E-05,7.857,0
0.5247,-2.18204E-05,7.8705,0,0.5247,-4.36408E-06,7.8705,0
0.5256,-1.644922E-05,7.884,0,0.5256,2.517739E-05,7.884,0
0.5265,-9.063859E-06,7.8975,0,0.5265,2.316319E-05,7.8975,0
0.5274,3.390555E-05,7.911,0,0.5274,2.18204E-05,7.911,0
0.5283,4.263371E-05,7.9245,0,0.5283,-2.719158E-05,7.9245,0
0.5292,3.860533E-05,7.938,0,0.5292,-1.309224E-05,7.938,0
0.5301,0.0001111162,7.9515,0,0.5301,-1.678492E-05,7.9515,0
0.531,1.208515E-05,7.965,0,0.531,-4.699779E-05,7.965,0
0.5319,-4.36408E-06,7.9785,0,0.5319,-2.517739E-05,7.9785,0
0.5328,-1.376364E-05,7.992,0,0.5328,5.203327E-05,7.992,0
0.5337,-2.349889E-05,8.0055,0,0.5337,1.947051E-05,8.0055,0
0.5346,5.035477E-06,8.019,0,0.5346,-8.090334E-05,8.019,0
0.5355,1.947051E-05,8.0325,0,0.5355,-5.404745E-05,8.0325,0
0.5364,-4.263371E-05,8.046,0,0.5364,-1.980621E-05,8.046,0
0.5373,-1.040665E-05,8.0595,0,0.5373,-4.095522E-05,8.0595,0
0.5382,3.524834E-05,8.073,0,0.5382,-4.800488E-05,8.073,0
0.5391,-2.316319E-05,8.0865,0,0.5391,-4.095522E-05,8.0865,0
0.54,-5.270466E-05,8.1,0,0.54,3.356985E-07,8.1,0
0.5409,-4.934768E-05,8.1135,0,0.5409,-1.208515E-05,8.1135,0
0.5418,-5.740444E-05,8.127,0,0.5418,-8.426032E-05,8.127,0
0.5427,-7.016098E-05,8.1405,0,0.5427,-4.36408E-05,8.1405,0
0.5436,-3.121996E-05,8.154,0,0.5436,-1.443504E-05,8.154,0
0.5445,-2.920577E-05,8.1675,0,0.5445,5.371176E-06,8.1675,0
0.5454,-3.927672E-05,8.181,0,0.5454,6.378271E-06,8.181,0
0.5463,2.316319E-05,8.1945,0,0.5463,4.53193E-05,8.1945,0
0.5472,5.807584E-05,8.208,0,0.5472,7.486076E-05,8.208,0
0.5481,5.941863E-05,8.2215,0,0.5481,4.901198E-05,8.2215,0
0.549,1.544213E-05,8.235,0,0.549,4.263371E-05,8.235,0
0.5499,-4.699779E-05,8.2485,0,0.5499,-1.376364E-05,8.2485,0
0.5508,-4.766919E-05,8.262,0,0.5508,-7.351797E-05,8.262,0
0.5517,-1.611353E-05,8.2755,0,0.5517,-0.0001420005,8.2755,0
0.5526,-2.24918E-05,8.289,0,0.5526,-0.0001420005,8.289,0
0.5535,-4.699779E-05,8.3025,0,0.5535,-8.224613E-05,8.3025,0
0.5544,-3.054856E-05,8.316,0,0.5544,2.685588E-05,8.316,0
0.5553,-3.591974E-05,8.3295,0,0.5553,1.376364E-05,8.3295,0
0.5562,7.351797E-05,8.343,0,0.5562,8.056763E-06,8.343,0
0.5571,0.0001379721,8.3565,0,0.5571,1.712062E-05,8.3565,0
0.558,0.0001299153,8.37,0,0.558,-6.478981E-05,8.37,0
0.5589,8.224613E-05,8.3835,0,0.5589,-6.54612E-05,8.3835,0
0.5598,4.666209E-05,8.397,0,0.5598,-3.189136E-05,8.397,0
0.5607,2.752728E-05,8.4105,0,0.5607,-4.934768E-05,8.4105,0
0.5616,5.304036E-05,8.424,0,0.5616,-6.881819E-05,8.424,0
0.5625,6.042573E-05,8.4375,0,0.5625,-4.699779E-06,8.4375,0
0.5634,7.385367E-06,8.451,0,0.5634,2.014191E-06,8.451,0
0.5643,-1.644922E-05,8.4645,0,0.5643,-4.061952E-05,8.4645,0
0.5652,-0.0001171588,8.478,0,0.5652,-3.390555E-05,8.478,0
0.5661,-9.433127E-05,8.4915,0,0.5661,-1.779202E-05,8.4915,0
0.567,-4.196231E-05,8.505,0,0.567,-8.056763E-06,8.505,0
0.5679,-1.678492E-05,8.5185,0,0.5679,-1.242084E-05,8.5185,0
0.5688,-4.766919E-05,8.532,0,0.5688,-5.639734E-05,8.532,0
0.5697,-3.121996E-05,8.5455,0,0.5697,-4.599069E-05,8.5455,0
0.5706,-3.021286E-06,8.559,0,0.5706,-4.666209E-05,8.559,0
0.5715,8.728161E-06,8.5725,0,0.5715,-7.821774E-05,8.5725,0
0.5724,1.678492E-06,8.586,0,0.5724,-5.941863E-05,8.586,0
0.5733,5.035477E-06,8.5995,0,0.5733,5.706874E-05,8.5995,0
0.5742,-1.376364E-05,8.613,0,0.5742,0.0001393149,8.613,0
0.5751,-1.510643E-05,8.6265,0,0.5751,2.014191E-06,8.6265,0
0.576,-2.987716E-05,8.64,0,0.576,-4.800488E-05,8.64,0
0.5769,-7.284657E-05,8.6535,0,0.5769,-1.544213E-05,8.6535,0
0.5778,-3.927672E-05,8.667,0,0.5778,-1.342794E-05,8.667,0
0.5787,-2.987716E-05,8.6805,0,0.5787,-3.356985E-06,8.6805,0
0.5796,-6.64683E-05,8.694,0,0.5796,1.913481E-05,8.694,0
0.5805,-8.627451E-05,8.7075,0,0.5805,2.618448E-05,8.7075,0
0.5814,-5.706874E-05,8.721,0,0.5814,-5.706874E-06,8.721,0
0.5823,-7.721065E-06,8.7345,0,0.5823,-4.46479E-05,8.7345,0
0.5832,-1.342794E-06,8.748,0,0.5832,-3.692683E-06,8.748,0
0.5841,-3.390555E-05,8.7615,0,0.5841,-1.409934E-05,8.7615,0
0.585,1.712062E-05,8.775,0,0.585,-4.33051E-05,8.775,0
0.5859,4.599069E-05,8.7885,0,0.5859,-1.544213E-05,8.7885,0
0.5868,5.169757E-05,8.802,0,0.5868,6.109713E-05,8.802,0
0.5877,1.745632E-05,8.8155,0,0.5877,-2.551309E-05,8.8155,0
0.5886,2.24918E-05,8.829,0,0.5886,-8.795301E-05,8.829,0
0.5895,-8.728161E-06,8.8425,0,0.5895,-3.256275E-05,8.8425,0
0.5904,6.713969E-06,8.856,0,0.5904,-1.242084E-05,8.856,0
0.5913,1.007095E-06,8.8695,0,0.5913,-4.867628E-05,8.8695,0
0.5922,-3.021286E-05,8.883,0,0.5922,-5.404745E-05,8.883,0
0.5931,-3.692683E-05,8.8965,0,0.5931,-3.356985E-07,8.8965,0
0.594,-1.644922E-05,8.91,0,0.594,-1.443504E-05,8.91,0
0.5949,-3.256275E-05,8.9235,0,0.5949,-2.1149E-05,8.9235,0
0.5958,4.36408E-06,8.937,0,0.5958,-2.349889E-05,8.937,0
0.5967,2.349889E-06,8.9505,0,0.5967,-1.107805E-05,8.9505,0
0.5976,4.36408E-06,8.964,0,0.5976,2.18204E-05,8.964,0
0.5985,2.987716E-05,8.9775,0,0.5985,6.713969E-06,8.9775,0
0.5994,1.577783E-05,8.991,0,0.5994,-2.450599E-05,8.991,0
0.6003,-5.941863E-05,9.0045,0,0.6003,-2.752728E-05,9.0045,0
0.6012,-0.0001040665,9.018,0,0.6012,-7.116808E-05,9.018,0
0.6021,-0.0001060807,9.0315,0,0.6021,-0.0001013809,9.0315,0
0.603,-0.0001010452,9.045,0,0.603,-2.517739E-05,9.045,0
0.6039,-7.418937E-05,9.0585,0,0.6039,-3.021286E-06,9.0585,0
0.6048,-2.517739E-05,9.072001,0,0.6048,-5.035477E-06,9.072001,0
0.6057,3.826963E-05,9.0855,0,0.6057,8.392462E-06,9.0855,0
0.6066,4.53193E-05,9.099,0,0.6066,7.385367E-06,9.099,0
0.6075,6.143282E-05,9.1125,0,0.6075,-2.484169E-05,9.1125,0
0.6084,0.0001013809,9.126,0,0.6084,-3.356985E-06,9.126,0
0.6093,0.0001218585,9.1395,0,0.6093,-1.309224E-05,9.1395,0
0.6102,5.539025E-05,9.153,0,0.6102,-1.644922E-05,9.153,0
0.6111,4.53193E-05,9.1665,0,0.6111,-2.584878E-05,9.1665,0
0.612,3.692683E-05,9.18,0,0.612,-2.987716E-05,9.18,0
0.6129,2.584878E-05,9.1935,0,0.6129,-1.477073E-05,9.1935,0
0.6138,-1.678492E-06,9.207,0,0.6138,2.584878E-05,9.207,0
0.6147,-3.994812E-05,9.2205,0,0.6147,1.879912E-05,9.2205,0
0.6156,-4.666209E-05,9.234,0,0.6156,-3.256275E-05,9.234,0
0.6165,-4.33051E-05,9.2475,0,0.6165,4.028382E-06,9.2475,0
0.6174,-3.558404E-05,9.261,0,0.6174,2.28275E-05,9.261,0
0.6183,-5.404745E-05,9.2745,0,0.6183,-1.577783E-05,9.2745,0
0.6192,-7.922484E-05,9.288,0,0.6192,-3.189136E-05,9.288,0
0.6201,-4.39765E-05,9.3015,0,0.6201,5.371176E-06,9.3015,0
0.621,-4.229801E-05,9.315,0,0.621,8.392462E-06,9.315,0
0.6219,-1.913481E-05,9.3285,0,0.6219,-1.007095E-06,9.3285,0
0.6228,-1.275654E-05,9.342,0,0.6228,-6.61326E-05,9.342,0
0.6237,9.063859E-06,9.3555,0,0.6237,-4.095522E-05,9.3555,0
0.6246,2.652018E-05,9.369,0,0.6246,-9.735256E-06,9.369,0
0.6255,1.745632E-05,9.3825,0,0.6255,-3.021286E-05,9.3825,0
0.6264,2.047761E-05,9.396,0,0.6264,-3.793393E-05,9.396,0
0.6273,3.021286E-06,9.4095,0,0.6273,-7.049668E-06,9.4095,0
0.6282,2.1149E-05,9.423,0,0.6282,-9.399558E-06,9.423,0
0.6291,3.021286E-06,9.4365,0,0.6291,-5.539025E-05,9.4365,0
0.63,-2.752728E-05,9.45,0,0.63,-2.752728E-05,9.45,0
0.6309,1.309224E-05,9.4635,0,0.6309,6.713969E-06,9.4635,0
0.6318,8.996719E-05,9.477,0,0.6318,-9.735256E-06,9.477,0
0.6327,8.157473E-05,9.4905,0,0.6327,4.129091E-05,9.4905,0
0.6336,3.457694E-05,9.504,0,0.6336,0.0001044022,9.504,0
0.6345,-1.376364E-05,9.5175,0,0.6345,6.881819E-05,9.5175,0
0.6354,-5.337606E-05,9.531,0,0.6354,4.263371E-05,9.531,0
0.6363,-2.987716E-05,9.5445,0,0.6363,1.544213E-05,9.5445,0
0.6372,-0.000105745,9.558,0,0.6372,-4.33051E-05,9.558,0
0.6381,-6.076142E-05,9.5715,0,0.6381,-4.43122E-05,9.5715,0
0.639,-7.385367E-06,9.585,0,0.639,-7.888914E-05,9.585,0
0.6399,7.721065E-06,9.5985,0,0.6399,-0.0001326009,9.5985,0
0.6408,-1.913481E-05,9.612,0,0.6408,-4.061952E-05,9.612,0
0.6417,-3.323415E-05,9.6255,0,0.6417,-4.196231E-05,9.6255,0
0.6426,-2.383459E-05,9.639,0,0.6426,-7.385367E-05,9.639,0
0.6435,5.035477E-06,9.6525,0,0.6435,-1.812772E-05,9.6525,0
0.6444,-6.74754E-05,9.666,0,0.6444,-2.920577E-05,9.666,0
0.6453,-5.203327E-05,9.6795,0,0.6453,-4.666209E-05,9.6795,0
0.6462,-6.378271E-06,9.693,0,0.6462,-2.517739E-05,9.693,0
0.6471,-3.054856E-05,9.7065,0,0.6471,1.007095E-06,9.7065,0
0.648,-2.21561E-05,9.72,0,0.648,-4.599069E-05,9.72,0
0.6489,0,9.7335,0,0.6489,-5.673304E-05,9.7335,0
0.6498,2.24918E-05,9.747,0,0.6498,-6.076142E-05,9.747,0
0.6507,1.107805E-05,9.7605,0,0.6507,-5.740444E-05,9.7605,0
0.6516,5.673304E-05,9.774,0,0.6516,-5.001907E-05,9.774,0
0.6525,6.814679E-05,9.7875,0,0.6525,-4.800488E-05,9.7875,0
0.6534,4.229801E-05,9.801,0,0.6534,-1.913481E-05,9.801,0
0.6543,1.510643E-05,9.8145,0,0.6543,2.349889E-05,9.8145,0
0.6552,-8.392462E-06,9.828,0,0.6552,-8.728161E-06,9.828,0
0.6561,-3.558404E-05,9.8415,0,0.6561,-4.43122E-05,9.8415,0
0.657,-1.342794E-06,9.855,0,0.657,9.735256E-06,9.855,0
0.6579,-4.800488E-05,9.8685,0,0.6579,3.692683E-05,9.8685,0
0.6588,-6.478981E-05,9.882,0,0.6588,3.054856E-05,9.882,0
0.6597,-1.242084E-05,9.8955,0,0.6597,2.786297E-05,9.8955,0
0.6606,-1.510643E-05,9.909,0,0.6606,1.309224E-05,9.909,0
0.6615,-1.040665E-05,9.9225,0,0.6615,-1.510643E-05,9.9225,0
0.6624,-1.812772E-05,9.936,0,0.6624,-7.016098E-05,9.936,0
0.6633,0,9.9495,0,0.6633,-0.0001279011,9.9495,0
0.6642,-1.007095E-06,9.963,0,0.6642,-0.0001151446,9.963,0
0.6651,3.424125E-05,9.976501,0,0.6651,-8.291753E-05,9.976501,0
0.666,5.304036E-05,9.99,0,0.666,-0.0001007095,9.99,0
0.6669,-3.692683E-06,10.0035,0,0.6669,-1.040665E-05,10.0035,0
0.6678,-6.64683E-05,10.017,0,0.6678,0.0001752346,10.017,0
0.6687,-3.659113E-05,10.0305,0,0.6687,6.143282E-05,10.0305,0
0.6696,-1.376364E-05,10.044,0,0.6696,-5.069047E-05,10.044,0
0.6705,-2.517739E-05,10.0575,0,0.6705,-1.846342E-05,10.0575,0
0.6714,-1.510643E-05,10.071,0,0.6714,-6.713969E-07,10.071,0
0.6723,-9.735256E-06,10.0845,0,0.6723,-2.316319E-05,10.0845,0
0.6732,2.18204E-05,10.098,0,0.6732,-2.719158E-05,10.098,0
0.6741,1.409934E-05,10.1115,0,0.6741,-2.685588E-05,10.1115,0
0.675,1.644922E-05,10.125,0,0.675,-3.659113E-05,10.125,0
0.6759,-2.047761E-05,10.1385,0,0.6759,-4.632639E-05,10.1385,0
0.6768,-2.24918E-05,10.152,0,0.6768,-5.337606E-05,10.152,0
0.6777,-8.392462E-06,10.1655,0,0.6777,-4.129091E-05,10.1655,0
0.6786,-2.719158E-05,10.179,0,0.6786,-1.980621E-05,10.179,0
0.6795,-5.035477E-06,10.1925,0,0.6795,-2.24918E-05,10.1925,0
0.6804,2.652018E-05,10.206,0,0.6804,-1.510643E-05,10.206,0
0.6813,-1.745632E-05,10.2195,0,0.6813,6.948959E-05,10.2195,0
0.6822,-5.807584E-05,10.233,0,0.6822,8.291753E-05,10.233,0
0.6831,-6.378271E-06,10.2465,0,0.6831,5.874724E-05,10.2465,0
0.684,-2.786297E-05,10.26,0,0.684,8.560311E-05,10.26,0
0.6849,-1.644922E-05,10.2735,0,0.6849,3.793393E-05,10.2735,0
0.6858,6.243992E-05,10.287,0,0.6858,-5.975433E-05,10.287,0
0.6867,0.0001010452,10.3005,0,0.6867,-7.083238E-05,10.3005,0
0.6876,4.934768E-05,10.314,0,0.6876,-5.471885E-05,10.314,0
0.6885,3.524834E-05,10.3275,0,0.6885,-7.150377E-05,10.3275,0
0.6894,2.652018E-05,10.341,0,0.6894,-9.903105E-05,10.341,0
0.6903,3.021286E-06,10.3545,0,0.6903,-6.243992E-05,10.3545,0
0.6912,-3.289845E-05,10.368,0,0.6912,-2.786297E-05,10.368,0
0.6921,-6.54612E-05,10.3815,0,0.6921,-2.349889E-06,10.3815,0
0.693,-2.719158E-05,10.395,0,0.693,-3.692683E-06,10.395,0
0.6939,-2.887007E-05,10.4085,0,0.6939,-3.524834E-05,10.4085,0
0.6948,-1.577783E-05,10.422,0,0.6948,-2.987716E-05,10.422,0
0.6957,-8.728161E-06,10.4355,0,0.6957,-5.035477E-05,10.4355,0
0.6966,-5.706874E-06,10.449,0,0.6966,-7.620356E-05,10.449,0
0.6975,-4.867628E-05,10.4625,0,0.6975,-4.061952E-05,10.4625,0
0.6984,-1.577783E-05,10.476,0,0.6984,-1.879912E-05,10.476,0
0.6993,-7.721065E-06,10.4895,0,0.6993,-3.894102E-05,10.4895,0
0.7002,-1.443504E-05,10.503,0,0.7002,-2.450599E-05,10.503,0
0.7011,-2.786297E-05,10.5165,0,0.7011,3.088426E-05,10.5165,0
0.702,-5.941863E-05,10.53,0,0.702,6.143282E-05,10.53,0
0.7029,-4.33051E-05,10.5435,0,0.7029,4.46479E-05,10.5435,0
0.7038,-1.174945E-05,10.557,0,0.7038,3.356985E-07,10.557,0
0.7047,-9.735256E-06,10.5705,0,0.7047,-1.510643E-05,10.5705,0
0.7056,3.390555E-05,10.584,0,0.7056,-2.316319E-05,10.584,0
0.7065,6.311131E-05,10.5975,0,0.7065,-5.035477E-05,10.5975,0
0.7074,2.786297E-05,10.611,0,0.7074,-6.210422E-05,10.611,0
0.7083,4.028382E-05,10.6245,0,0.7083,2.21561E-05,10.6245,0
0.7092,5.807584E-05,10.638,0,0.7092,9.365987E-05,10.638,0
0.7101,5.203327E-05,10.6515,0,0.7101,4.263371E-05,10.6515,0
0.711,-5.035477E-06,10.665,0,0.711,1.376364E-05,10.665,0
0.7119,-3.591974E-05,10.6785,0,0.7119,-1.913481E-05,10.6785,0
0.7128,-4.934768E-05,10.692,0,0.7128,-5.774014E-05,10.692,0
0.7137,-6.61326E-05,10.7055,0,0.7137,-3.793393E-05,10.7055,0
0.7146,-3.256275E-05,10.719,0,0.7146,1.208515E-05,10.719,0
0.7155,-2.719158E-05,10.7325,0,0.7155,-3.021286E-06,10.7325,0
0.7164,-2.618448E-05,10.746,0,0.7164,-1.644922E-05,10.746,0
0.7173,-1.409934E-05,10.7595,0,0.7173,-3.524834E-05,10.7595,0
0.7182,-1.174945E-05,10.773,0,0.7182,-2.517739E-05,10.773,0
0.7191,-3.121996E-05,10.7865,0,0.7191,-8.056763E-06,10.7865,0
0.72,-3.793393E-05,10.8,0,0.72,-6.54612E-05,10.8,0
0.7209,-8.526741E-05,10.8135,0,0.7209,-8.493171E-05,10.8135,0
0.7218,-6.478981E-05,10.827,0,0.7218,-4.196231E-05,10.827,0
0.7227,-3.894102E-05,10.8405,0,0.7227,-2.887007E-05,10.8405,0
0.7236,-2.618448E-05,10.854,0,0.7236,-5.404745E-05,10.854,0
0.7245,-2.014191E-06,10.8675,0,0.7245,2.920577E-05,10.8675,0
0.7254,-2.316319E-05,10.881,0,0.7254,5.136187E-05,10.881,0
0.7263,5.706874E-06,10.8945,0,0.7263,-2.349889E-05,10.8945,0
0.7272,7.956054E-05,10.908,0,0.7272,-3.021286E-05,10.908,0
0.7281,9.634547E-05,10.9215,0,0.7281,-2.21561E-05,10.9215,0
0.729,7.754635E-05,10.935,0,0.729,-2.450599E-05,10.935,0
0.7299,8.325322E-05,10.9485,0,0.7299,-1.309224E-05,10.9485,0
0.7308,4.599069E-05,10.962,0,0.7308,-2.719158E-05,10.962,0
0.7317,3.457694E-05,10.9755,0,0.7317,-1.443504E-05,10.9755,0
0.7326,-6.378271E-06,10.989,0,0.7326,-2.584878E-05,10.989,0
0.7335,-1.242084E-05,11.0025,0,0.7335,-5.740444E-05,11.0025,0
0.7344,2.920577E-05,11.016,0,0.7344,-5.673304E-05,11.016,0
0.7353,2.652018E-05,11.0295,0,0.7353,-1.712062E-05,11.0295,0
0.7362,1.309224E-05,11.043,0,0.7362,-2.652018E-05,11.043,0
0.7371,1.577783E-05,11.0565,0,0.7371,-5.404745E-05,11.0565,0
0.738,-2.1149E-05,11.07,0,0.738,-3.457694E-05,11.07,0
0.7389,2.920577E-05,11.0835,0,0.7389,-1.174945E-05,11.0835,0
0.7398,-4.028382E-06,11.097,0,0.7398,-1.242084E-05,11.097,0
0.7407,-0.0001131304,11.1105,0,0.7407,-3.894102E-05,11.1105,0
0.7416,-0.0001050736,11.124,0,0.7416,-1.913481E-05,11.124,0
0.7425,-8.795301E-05,11.1375,0,0.7425,-1.074235E-05,11.1375,0
0.7434,-9.231708E-05,11.151,0,0.7434,-2.887007E-05,11.151,0
0.7443,-3.927672E-05,11.1645,0,0.7443,-5.102617E-05,11.1645,0
0.7452,-3.256275E-05,11.178,0,0.7452,-7.721065E-06,11.178,0
0.7461,-7.486076E-05,11.1915,0,0.7461,8.728161E-06,11.1915,0
0.747,-3.860533E-05,11.205,0,0.747,-2.047761E-05,11.205,0
0.7479,-2.316319E-05,11.2185,0,0.7479,-3.424125E-05,11.2185,0
0.7488,-6.143282E-05,11.232,0,0.7488,6.378271E-06,11.232,0
0.7497,-5.169757E-05,11.2455,0,0.7497,-7.721065E-06,11.2455,0
0.7506,-2.887007E-05,11.259,0,0.7506,-5.874724E-05,11.259,0
0.7515,-3.692683E-05,11.2725,0,0.7515,-2.719158E-05,11.2725,0
0.7524,2.383459E-05,11.286,0,0.7524,-5.706874E-06,11.286,0
0.7533,8.89601E-05,11.2995,0,0.7533,-3.323415E-05,11.2995,0
0.7542,7.486076E-05,11.313,0,0.7542,-2.18204E-05,11.313,0
0.7551,9.567407E-05,11.3265,0,0.7551,4.43122E-05,11.3265,0
0.756,9.298848E-05,11.34,0,0.756,4.061952E-05,11.34,0
0.7569,8.023193E-05,11.3535,0,0.7569,-2.047761E-05,11.3535,0
0.7578,2.081331E-05,11.367,0,0.7578,-3.289845E-05,11.367,0
0.7587,-1.007095E-05,11.3805,0,0.7587,-1.040665E-05,11.3805,0
0.7596,-3.189136E-05,11.394,0,0.7596,-5.706874E-06,11.394,0
0.7605,-3.457694E-05,11.4075,0,0.7605,-2.920577E-05,11.4075,0
0.7614,-1.007095E-06,11.421,0,0.7614,-5.539025E-05,11.421,0
0.7623,-2.383459E-05,11.4345,0,0.7623,-9.735256E-06,11.4345,0
0.7632,-5.035477E-05,11.448,0,0.7632,3.356985E-06,11.448,0
0.7641,-1.443504E-05,11.4615,0,0.7641,-4.53193E-05,11.4615,0
0.765,3.021286E-06,11.475,0,0.765,-8.392462E-06,11.475,0
0.7659,-4.43122E-05,11.4885,0,0.7659,1.779202E-05,11.4885,0
0.7668,-4.43122E-05,11.502,0,0.7668,-1.913481E-05,11.502,0
0.7677,-1.208515E-05,11.5155,0,0.7677,-7.049668E-06,11.5155,0
0.7686,-2.652018E-05,11.529,0,0.7686,3.524834E-05,11.529,0
0.7695,-2.920577E-05,11.5425,0,0.7695,0,11.5425,0
0.7704,-1.376364E-05,11.556,0,0.7704,-7.721065E-06,11.556,0
0.7713,-1.745632E-05,11.5695,0,0.7713,-3.356985E-07,11.5695,0
0.7722,-2.450599E-05,11.583,0,0.7722,6.61326E-05,11.583,0
0.7731,-4.33051E-05,11.5965,0,0.7731,7.721065E-05,11.5965,0
0.774,-2.618448E-05,11.61,0,0.774,-3.759823E-05,11.61,0
0.7749,8.056763E-06,11.6235,0,0.7749,-0.0001292439,11.6235,0
0.7758,4.36408E-06,11.637,0,0.7758,-0.000112459,11.637,0
0.7767,3.860533E-05,11.6505,0,0.7767,-9.231708E-05,11.6505,0
0.7776,5.841154E-05,11.664,0,0.7776,-0.0001819486,11.664,0
0.7785,5.471885E-05,11.6775,0,0.7785,-8.493171E-05,11.6775,0
0.7794,2.24918E-05,11.691,0,0.7794,2.1149E-05,11.691,0
0.7803,2.349889E-06,11.7045,0,0.7803,2.349889E-06,11.7045,0
0.7812,-4.36408E-06,11.718,0,0.7812,6.713969E-06,11.718,0
0.7821,-1.242084E-05,11.7315,0,0.7821,2.047761E-05,11.7315,0
0.783,-1.275654E-05,11.745,0,0.783,-3.826963E-05,11.745,0
0.7839,-1.913481E-05,11.7585,0,0.7839,-3.793393E-05,11.7585,0
0.7848,-5.706874E-06,11.772,0,0.7848,-2.18204E-05,11.772,0
0.7857,-3.155566E-05,11.7855,0,0.7857,-3.289845E-05,11.7855,0
0.7866,-8.627451E-05,11.799,0,0.7866,-2.853437E-05,11.799,0
0.7875,-6.54612E-05,11.8125,0,0.7875,-3.189136E-05,11.8125,0
0.7884,-3.524834E-05,11.826,0,0.7884,-2.450599E-05,11.826,0
0.7893,-3.558404E-05,11.8395,0,0.7893,3.021286E-06,11.8395,0
0.7902,-4.39765E-05,11.853,0,0.7902,7.721065E-06,11.853,0
0.7911,-1.443504E-05,11.8665,0,0.7911,4.699779E-06,11.8665,0
0.792,1.141375E-05,11.88,0,0.792,3.524834E-05,11.88,0
0.7929,5.807584E-05,11.8935,0,0.7929,1.712062E-05,11.8935,0
0.7938,8.69459E-05,11.907,0,0.7938,-5.606165E-05,11.907,0
0.7947,3.726253E-05,11.9205,0,0.7947,-5.471885E-05,11.9205,0
0.7956,6.478981E-05,11.934,0,0.7956,-3.323415E-05,11.934,0
0.7965,9.231708E-05,11.9475,0,0.7965,7.553216E-05,11.9475,0
0.7974,3.054856E-05,11.961,0,0.7974,0.0001013809,11.961,0
0.7983,3.692683E-06,11.9745,0,0.7983,-2.987716E-05,11.9745,0
0.7992,7.385367E-06,11.988,0,0.7992,1.007095E-06,11.988,0
0.8001,2.853437E-05,12.0015,0,0.8001,5.136187E-05,12.0015,0
0.801,3.189136E-05,12.015,0,0.801,-6.378271E-06,12.015,0
0.8019,3.222705E-05,12.0285,0,0.8019,-6.478981E-05,12.0285,0
0.8028,-1.007095E-05,12.042,0,0.8028,-5.404745E-05,12.042,0
0.8037,-2.18204E-05,12.0555,0,0.8037,-6.74754E-05,12.0555,0
0.8046,-4.934768E-05,12.069,0,0.8046,-9.164568E-05,12.069,0
0.8055,-7.653925E-05,12.0825,0,0.8055,-7.821774E-05,12.0825,0
0.8064,-6.881819E-05,12.096,0,0.8064,-6.74754E-05,12.096,0
0.8073,-0.0001232013,12.1095,0,0.8073,-7.754635E-05,12.1095,0
0.8082,-0.000102388,12.123,0,0.8082,-4.666209E-05,12.123,0
0.8091,-4.33051E-05,12.1365,0,0.8091,1.846342E-05,12.1365,0
0.81,-6.210422E-05,12.15,0,0.81,4.565499E-05,12.15,0
0.8109,-7.116808E-05,12.1635,0,0.8109,2.24918E-05,12.1635,0
0.8118,-5.874724E-05,12.177,0,0.8118,-2.450599E-05,12.177,0
0.8127,-1.577783E-05,12.1905,0,0.8127,1.309224E-05,12.1905,0
0.8136,1.712062E-05,12.204,0,0.8136,4.766919E-05,12.204,0
0.8145,1.779202E-05,12.2175,0,0.8145,1.007095E-06,12.2175,0
0.8154,2.349889E-05,12.231,0,0.8154,-1.644922E-05,12.231,0
0.8163,-1.812772E-05,12.2445,0,0.8163,-5.706874E-06,12.2445,0
0.8172,1.309224E-05,12.258,0,0.8172,-8.392462E-06,12.258,0
0.8181,5.069047E-05,12.2715,0,0.8181,-3.726253E-05,12.2715,0
0.819,1.443504E-05,12.285,0,0.819,7.385367E-06,12.285,0
0.8199,-2.18204E-05,12.2985,0,0.8199,5.706874E-06,12.2985,0
0.8208,4.699779E-06,12.312,0,0.8208,-3.155566E-05,12.312,0
0.8217,4.263371E-05,12.3255,0,0.8217,-3.256275E-05,12.3255,0
0.8226,1.644922E-05,12.339,0,0.8226,-2.450599E-05,12.339,0
0.8235,-2.349889E-06,12.3525,0,0.8235,-1.577783E-05,12.3525,0
0.8244,9.063859E-06,12.366,0,0.8244,-3.189136E-05,12.366,0
0.8253,1.510643E-05,12.3795,0,0.8253,-3.759823E-05,12.3795,0
0.8262,-1.040665E-05,12.393,0,0.8262,-1.074235E-05,12.393,0
0.8271,-1.275654E-05,12.4065,0,0.8271,6.713969E-07,12.4065,0
0.828,6.411841E-05,12.42,0,0.828,-1.812772E-05,12.42,0
0.8289,7.217517E-05,12.4335,0,0.8289,-3.524834E-05,12.4335,0
0.8298,3.826963E-05,12.447,0,0.8298,-9.399558E-06,12.447,0
0.8307,-3.256275E-05,12.4605,0,0.8307,-2.316319E-05,12.4605,0
0.8316,-3.021286E-06,12.474,0,0.8316,-3.994812E-05,12.474,0
0.8325,-1.846342E-05,12.4875,0,0.8325,8.728161E-06,12.4875,0
0.8334,-8.89601E-05,12.501,0,0.8334,1.980621E-05,12.501,0
0.8343,-0.0001104448,12.5145,0,0.8343,-1.745632E-05,12.5145,0
0.8352,-4.733349E-05,12.528,0,0.8352,9.063859E-06,12.528,0
0.8361,-3.323415E-05,12.5415,0,0.8361,3.189136E-05,12.5415,0
0.837,8.392462E-06,12.555,0,0.837,5.035477E-06,12.555,0
0.8379,4.263371E-05,12.5685,0,0.8379,8.392462E-06,12.5685,0
0.8388,3.457694E-05,12.582,0,0.8388,-4.39765E-05,12.582,0
0.8397,4.162661E-05,12.5955,0,0.8397,-5.706874E-05,12.5955,0
0.8406,4.800488E-05,12.609,0,0.8406,-2.18204E-05,12.609,0
0.8415,-5.706874E-06,12.6225,0,0.8415,-8.69459E-05,12.6225,0
0.8424,-9.399558E-06,12.636,0,0.8424,-8.92958E-05,12.636,0
0.8433,-3.054856E-05,12.6495,0,0.8433,-1.745632E-05,12.6495,0
0.8442,-8.392462E-06,12.663,0,0.8442,-1.779202E-05,12.663,0
0.8451,-3.356985E-07,12.6765,0,0.8451,-6.243992E-05,12.6765,0
0.846,-1.208515E-05,12.69,0,0.846,-2.081331E-05,12.69,0
0.8469,-4.061952E-05,12.7035,0,0.8469,-2.18204E-05,12.7035,0
0.8478,-6.076142E-05,12.717,0,0.8478,-5.807584E-05,12.717,0
0.8487,-2.719158E-05,12.7305,0,0.8487,-4.934768E-05,12.7305,0
0.8496,-3.256275E-05,12.744,0,0.8496,-2.517739E-05,12.744,0
0.8505,-1.174945E-05,12.7575,0,0.8505,-1.510643E-05,12.7575,0
0.8514,1.913481E-05,12.771,0,0.8514,-1.678492E-05,12.771,0
0.8523,1.443504E-05,12.7845,0,0.8523,-4.129091E-05,12.7845,0
0.8532,-1.577783E-05,12.798,0,0.8532,-2.920577E-05,12.798,0
0.8541,-2.987716E-05,12.8115,0,0.8541,1.040665E-05,12.8115,0
0.855,-5.069047E-05,12.825,0,0.855,-1.141375E-05,12.825,0
0.8559,-4.061952E-05,12.8385,0,0.8559,-1.980621E-05,12.8385,0
0.8568,-5.203327E-05,12.852,0,0.8568,1.443504E-05,12.852,0
0.8577,-5.673304E-05,12.8655,0,0.8577,5.706874E-06,12.8655,0
0.8586,1.879912E-05,12.879,0,0.8586,-2.853437E-05,12.879,0
0.8595001,5.673304E-05,12.8925,0,0.8595001,-2.584878E-05,12.8925,0
0.8604,3.390555E-05,12.906,0,0.8604,-3.927672E-05,12.906,0
0.8613,1.779202E-05,12.9195,0,0.8613,-1.376364E-05,12.9195,0
0.8622,-3.256275E-05,12.933,0,0.8622,-1.443504E-05,12.933,0
0.8631,3.356985E-07,12.9465,0,0.8631,-2.987716E-05,12.9465,0
0.864,4.129091E-05,12.96,0,0.864,1.980621E-05,12.96,0
0.8649,3.189136E-05,12.9735,0,0.8649,4.666209E-05,12.9735,0
0.8658,3.390555E-05,12.987,0,0.8658,3.021286E-06,12.987,0
0.8667,2.450599E-05,13.0005,0,0.8667,-1.477073E-05,13.0005,0
0.8676,-1.309224E-05,13.014,0,0.8676,-9.399558E-06,13.014,0
0.8685,-6.042573E-06,13.0275,0,0.8685,-2.652018E-05,13.0275,0
0.8694,3.457694E-05,13.041,0,0.8694,-5.102617E-05,13.041,0
0.8703,-7.721065E-06,13.0545,0,0.8703,-2.652018E-05,13.0545,0
0.8712,-1.409934E-05,13.068,0,0.8712,-1.779202E-05,13.068,0
0.8721,2.652018E-05,13.0815,0,0.8721,-4.834058E-05,13.0815,0
0.873,-6.042573E-06,13.095,0,0.873,-2.450599E-05,13.095,0
0.8739,-3.323415E-05,13.1085,0,0.8739,7.049668E-06,13.1085,0
0.8748,-1.309224E-05,13.122,0,0.8748,-3.323415E-05,13.122,0
0.8757,-2.786297E-05,13.1355,0,0.8757,-2.450599E-05,13.1355,0
0.8766,-7.452507E-05,13.149,0,0.8766,3.356985E-06,13.149,0
0.8775,-6.478981E-05,13.1625,0,0.8775,-9.735256E-06,13.1625,0
0.8784,-5.706874E-06,13.176,0,0.8784,-3.021286E-06,13.176,0
0.8793,-1.510643E-05,13.1895,0,0.8793,-3.054856E-05,13.1895,0
0.8802,6.378271E-06,13.203,0,0.8802,-1.040665E-05,13.203,0
0.8811,8.392462E-06,13.2165,0,0.8811,6.378271E-06,13.2165,0
0.882,-2.18204E-05,13.23,0,0.882,-3.826963E-05,13.23,0
0.8829,-2.18204E-05,13.2435,0,0.8829,-7.351797E-05,13.2435,0
0.8838,1.242084E-05,13.257,0,0.8838,1.040665E-05,13.257,0
0.8847,1.174945E-05,13.2705,0,0.8847,6.6804E-05,13.2705,0
0.8856,2.987716E-05,13.284,0,0.8856,3.692683E-05,13.284,0
0.8865,1.577783E-05,13.2975,0,0.8865,-8.392462E-06,13.2975,0
0.8874,3.155566E-05,13.311,0,0.8874,-7.754635E-05,13.311,0
0.8883,2.652018E-05,13.3245,0,0.8883,-0.0001312581,13.3245,0
0.8892,-1.644922E-05,13.338,0,0.8892,-0.000119173,13.338,0
0.8901,-3.356985E-07,13.3515,0,0.8901,-5.337606E-05,13.3515,0
0.891,7.989624E-05,13.365,0,0.891,-6.814679E-05,13.365,0
0.8919,7.855344E-05,13.3785,0,0.8919,-6.009003E-05,13.3785,0
0.8928,4.43122E-05,13.392,0,0.8928,-5.807584E-05,13.392,0
0.8937,1.712062E-05,13.4055,0,0.8937,-3.625543E-05,13.4055,0
0.8946,-2.517739E-05,13.419,0,0.8946,-5.035477E-06,13.419,0
0.8955,-4.39765E-05,13.4325,0,0.8955,4.699779E-06,13.4325,0
0.8964,-0.0001305867,13.446,0,0.8964,-3.692683E-06,13.446,0
0.8973,-0.0001550927,13.4595,0,0.8973,5.874724E-05,13.4595,0
0.8982,-7.150377E-05,13.473,0,0.8982,6.344701E-05,13.473,0
0.8991,-2.316319E-05,13.4865,0,0.8991,1.141375E-05,13.4865,0
0.9,-2.887007E-05,13.5,0,0.9,5.169757E-05,13.5,0
0.9009,-2.853437E-05,13.5135,0,0.9009,5.539025E-05,13.5135,0
0.9018,-3.524834E-05,13.527,0,0.9018,3.692683E-06,13.527,0
0.9027,-3.793393E-05,13.5405,0,0.9027,1.846342E-05,13.5405,0
0.9036,-3.155566E-05,13.554,0,0.9036,4.666209E-05,13.554,0
0.9045,4.699779E-06,13.5675,0,0.9045,3.054856E-05,13.5675,0
0.9054,1.174945E-05,13.581,0,0.9054,-1.342794E-05,13.581,0
0.9063,6.378271E-06,13.5945,0,0.9063,-7.586786E-05,13.5945,0
0.9072,8.392462E-06,13.608,0,0.9072,-4.733349E-05,13.608,0
0.9081,-8.392462E-06,13.6215,0,0.9081,-1.544213E-05,13.6215,0
0.909,-2.618448E-05,13.635,0,0.909,-3.961242E-05,13.635,0
0.9099,-7.385367E-06,13.6485,0,0.9099,-4.33051E-05,13.6485,0
0.9108,-1.242084E-05,13.662,0,0.9108,-6.713969E-07,13.662,0
0.9117,-3.659113E-05,13.6755,0,0.9117,-5.371176E-06,13.6755,0
0.9126,1.678492E-06,13.689,0,0.9126,-3.994812E-05,13.689,0
0.9135,0,13.7025,0,0.9135,-2.047761E-05,13.7025,0
0.9144,-9.063859E-06,13.716,0,0.9144,-5.706874E-06,13.716,0
0.9153,2.584878E-05,13.7295,0,0.9153,-4.867628E-05,13.7295,0
0.9162,4.43122E-05,13.743,0,0.9162,-1.712062E-05,13.743,0
0.9171,6.109713E-05,13.7565,0,0.9171,-5.706874E-06,13.7565,0
0.918,8.291753E-05,13.77,0,0.918,-1.980621E-05,13.77,0
0.9189,8.090334E-05,13.7835,0,0.9189,-5.706874E-06,13.7835,0
0.9198,7.217517E-05,13.797,0,0.9198,-3.726253E-05,13.797,0
0.9207,-1.913481E-05,13.8105,0,0.9207,-3.860533E-05,13.8105,0
0.9216,-7.049668E-05,13.824,0,0.9216,-3.726253E-05,13.824,0
0.9225,-1.107805E-05,13.8375,0,0.9225,-4.901198E-05,13.8375,0
0.9234,-1.242084E-05,13.851,0,0.9234,-4.53193E-05,13.851,0
0.9243,-1.409934E-05,13.8645,0,0.9243,-6.378271E-06,13.8645,0
0.9252,-7.049668E-06,13.878,0,0.9252,-2.014191E-05,13.878,0
0.9261,2.014191E-06,13.8915,0,0.9261,-6.243992E-05,13.8915,0
0.927,1.007095E-06,13.905,0,0.927,-2.853437E-05,13.905,0
0.9279,-3.189136E-05,13.9185,0,0.9279,-2.786297E-05,13.9185,0
0.9288,-6.042573E-05,13.932,0,0.9288,-7.318227E-05,13.932,0
0.9297,-1.242084E-05,13.9455,0,0.9297,-9.097429E-05,13.9455,0
0.9306,-2.18204E-05,13.959,0,0.9306,-6.076142E-05,13.959,0
0.9315,-4.129091E-05,13.9725,0,0.9315,-4.33051E-05,13.9725,0
0.9324,-6.042573E-06,13.986,0,0.9324,-1.040665E-05,13.986,0
0.9333,-2.786297E-05,13.9995,0,0.9333,-4.095522E-05,13.9995,0
0.9342,-3.390555E-05,14.013,0,0.9342,-4.901198E-05,14.013,0
0.9351,-6.848249E-05,14.0265,0,0.9351,-2.1149E-05,14.0265,0
0.936,-3.927672E-05,14.04,0,0.936,3.021286E-06,14.04,0
0.9369,4.028382E-06,14.0535,0,0.9369,2.551309E-05,14.0535,0
0.9378,1.846342E-05,14.067,0,0.9378,2.954147E-05,14.067,0
0.9387,-9.735256E-06,14.0805,0,0.9387,1.007095E-06,14.0805,0
0.9396001,5.706874E-06,14.094,0,0.9396001,-1.007095E-06,14.094,0
0.9405,6.713969E-07,14.1075,0,0.9405,4.699779E-05,14.1075,0
0.9414001,2.316319E-05,14.121,0,0.9414001,3.289845E-05,14.121,0
0.9423,1.409934E-05,14.1345,0,0.9423,1.376364E-05,14.1345,0
0.9432001,-2.517739E-05,14.148,0,0.9432001,2.18204E-05,14.148,0
0.9441,-3.793393E-05,14.1615,0,0.9441,7.049668E-06,14.1615,0
0.9450001,-1.812772E-05,14.175,0,0.9450001,-4.766919E-05,14.175,0
0.9459,-2.853437E-05,14.1885,0,0.9459,-5.975433E-05,14.1885,0
0.9468,1.040665E-05,14.202,0,0.9468,-7.486076E-05,14.202,0
0.9477,1.275654E-05,14.2155,0,0.9477,-1.376364E-05,14.2155,0
0.9486,5.706874E-06,14.229,0,0.9486,5.069047E-05,14.229,0
0.9495,-1.275654E-05,14.2425,0,0.9495,3.121996E-05,14.2425,0
0.9504,-1.309224E-05,14.256,0,0.9504,-4.934768E-05,14.256,0
0.9513,6.378271E-06,14.2695,0,0.9513,-4.53193E-05,14.2695,0
0.9522,5.035477E-06,14.283,0,0.9522,-2.786297E-05,14.283,0
0.9531,2.719158E-05,14.2965,0,0.9531,-5.606165E-05,14.2965,0
0.954,2.719158E-05,14.31,0,0.954,1.376364E-05,14.31,0
0.9549,1.879912E-05,14.3235,0,0.9549,3.121996E-05,14.3235,0
0.9558,5.270466E-05,14.337,0,0.9558,-1.510643E-05,14.337,0
0.9567,4.263371E-05,14.3505,0,0.9567,-2.920577E-05,14.3505,0
0.9576,-4.061952E-05,14.364,0,0.9576,-4.766919E-05,14.364,0
0.9585,-5.337606E-05,14.3775,0,0.9585,-8.82887E-05,14.3775,0
0.9594,-1.577783E-05,14.391,0,0.9594,-6.982528E-05,14.391,0
0.9603,3.054856E-05,14.4045,0,0.9603,-3.054856E-05,14.4045,0
0.9612,8.392462E-06,14.418,0,0.9612,2.21561E-05,14.418,0
0.9621,1.779202E-05,14.4315,0,0.9621,5.337606E-05,14.4315,0
0.963,2.920577E-05,14.445,0,0.963,-1.007095E-06,14.445,0
0.9639,-6.713969E-07,14.4585,0,0.9639,-3.457694E-05,14.4585,0
0.9648,-4.834058E-05,14.472,0,0.9648,-1.544213E-05,14.472,0
0.9657,-9.735256E-06,14.4855,0,0.9657,-2.786297E-05,14.4855,0
0.9666,5.706874E-06,14.499,0,0.9666,-7.016098E-05,14.499,0
0.9675,-3.155566E-05,14.5125,0,0.9675,-3.189136E-05,14.5125,0
0.9684,-2.719158E-05,14.526,0,0.9684,-1.544213E-05,14.526,0
0.9693,-3.726253E-05,14.5395,0,0.9693,-5.874724E-05,14.5395,0
0.9702,1.174945E-05,14.553,0,0.9702,-3.625543E-05,14.553,0
0.9711,-1.779202E-05,14.5665,0,0.9711,-1.577783E-05,14.5665,0
0.972,-1.947051E-05,14.58,0,0.972,2.920577E-05,14.58,0
0.9729,7.049668E-06,14.5935,0,0.9729,1.174945E-05,14.5935,0
0.9738,-1.443504E-05,14.607,0,0.9738,-6.210422E-05,14.607,0
0.9747,-1.107805E-05,14.6205,0,0.9747,-1.309224E-05,14.6205,0
0.9756,-5.673304E-05,14.634,0,0.9756,2.21561E-05,14.634,0
0.9765,-5.404745E-05,14.6475,0,0.9765,2.349889E-06,14.6475,0
0.9774,-2.786297E-05,14.661,0,0.9774,-3.457694E-05,14.661,0
0.9783,-2.316319E-05,14.6745,0,0.9783,3.021286E-06,14.6745,0
0.9792,-2.719158E-05,14.688,0,0.9792,-8.392462E-06,14.688,0
0.9801,-2.618448E-05,14.7015,0,0.9801,-6.042573E-05,14.7015,0
0.981,-5.706874E-06,14.715,0,0.981,-2.652018E-05,14.715,0
0.9819,7.586786E-05,14.7285,0,0.9819,-1.812772E-05,14.7285,0
0.9828,6.814679E-05,14.742,0,0.9828,-4.53193E-05,14.742,0
0.9837,9.735256E-06,14.7555,0,0.9837,-2.853437E-05,14.7555,0
0.9846,-2.383459E-05,14.769,0,0.9846,5.035477E-06,14.769,0
0.9855,-2.987716E-05,14.7825,0,0.9855,-4.36408E-06,14.7825,0
0.9864,-4.599069E-05,14.796,0,0.9864,-1.107805E-05,14.796,0
0.9873,-4.49836E-05,14.8095,0,0.9873,-2.349889E-05,14.8095,0
0.9882,-3.021286E-06,14.823,0,0.9882,5.035477E-06,14.823,0
0.9891,-3.894102E-05,14.8365,0,0.9891,-2.1149E-05,14.8365,0
0.99,-4.632639E-05,14.85,0,0.99,-3.323415E-05,14.85,0
0.9909,4.36408E-06,14.8635,0,0.9909,-3.390555E-05,14.8635,0
0.9918,-3.659113E-05,14.877,0,0.9918,-8.392462E-06,14.877,0
0.9927,-5.136187E-05,14.8905,0,0.9927,-2.18204E-05,14.8905,0
0.9936,-2.081331E-05,14.904,0,0.9936,-4.33051E-05,14.904,0
0.9945,-1.947051E-05,14.9175,0,0.9945,1.174945E-05,14.9175,0
0.9954,6.378271E-06,14.931,0,0.9954,3.726253E-05,14.931,0
0.9963,3.994812E-05,14.9445,0,0.9963,1.107805E-05,14.9445,0
0.9972,8.392462E-06,14.958,0,0.9972,-1.208515E-05,14.958,0
0.9981,1.510643E-05,14.9715,0,0.9981,1.846342E-05,14.9715,0
0.999,6.378271E-06,14.985,0,0.999,-8.392462E-06,14.985,0
0.9999,-1.141375E-05,14.9985,0,0.9999,-1.678492E-05,14.9985,0
1.0008,9.399558E-06,15.012,0,1.0008,-2.752728E-05,15.012,0
1.0017,2.584878E-05,15.0255,0,1.0017,-1.409934E-05,15.0255,0
1.0026,3.625543E-05,15.039,0,1.0026,1.846342E-05,15.039,0
1.0035,-2.349889E-06,15.0525,0,1.0035,-3.021286E-05,15.0525,0
1.0044,-2.887007E-05,15.066,0,1.0044,-5.941863E-05,15.066,0
1.0053,-2.853437E-05,15.0795,0,1.0053,-1.107805E-05,15.0795,0
1.0062,1.913481E-05,15.093,0,1.0062,-1.208515E-05,15.093,0
1.0071,-1.174945E-05,15.1065,0,1.0071,-6.54612E-05,15.1065,0
1.008,-3.289845E-05,15.12,0,1.008,-2.24918E-05,15.12,0
1.0089,3.457694E-05,15.1335,0,1.0089,-1.913481E-05,15.1335,0
1.0098,3.894102E-05,15.147,0,1.0098,-4.39765E-05,15.147,0
1.0107,-3.424125E-05,15.1605,0,1.0107,-2.987716E-05,15.1605,0
1.0116,-0.0001010452,15.174,0,1.0116,-5.035477E-06,15.174,0
1.0125,-7.922484E-05,15.1875,0,1.0125,1.007095E-06,15.1875,0
1.0134,-4.33051E-05,15.201,0,1.0134,-5.706874E-06,15.201,0
1.0143,1.510643E-05,15.2145,0,1.0143,-2.987716E-05,15.2145,0
1.0152,1.107805E-05,15.228,0,1.0152,-1.174945E-05,15.228,0
1.0161,3.457694E-05,15.2415,0,1.0161,-1.342794E-05,15.2415,0
1.017,2.853437E-05,15.255,0,1.017,-2.887007E-05,15.255,0
1.0179,4.766919E-05,15.2685,0,1.0179,-5.304036E-05,15.2685,0
1.0188,7.553216E-05,15.282,0,1.0188,-8.056763E-06,15.282,0
1.0197,4.33051E-05,15.2955,0,1.0197,-9.399558E-06,15.2955,0
1.0206,1.040665E-05,15.309,0,1.0206,-3.424125E-05,15.309,0
1.0215,-1.376364E-05,15.3225,0,1.0215,1.309224E-05,15.3225,0
1.0224,1.477073E-05,15.336,0,1.0224,-2.014191E-06,15.336,0
1.0233,3.994812E-05,15.3495,0,1.0233,-5.941863E-05,15.3495,0
1.0242,9.399558E-06,15.363,0,1.0242,-4.867628E-05,15.363,0
1.0251,-3.356985E-07,15.3765,0,1.0251,-3.927672E-05,15.3765,0
1.026,-3.021286E-06,15.39,0,1.026,-6.915389E-05,15.39,0
1.0269,-3.256275E-05,15.4035,0,1.0269,-5.035477E-06,15.4035,0
1.0278,-2.786297E-05,15.417,0,1.0278,8.392462E-06,15.417,0
1.0287,-3.021286E-06,15.4305,0,1.0287,-5.706874E-06,15.4305,0
1.0296,-2.584878E-05,15.444,0,1.0296,-2.450599E-05,15.444,0
1.0305,-2.349889E-06,15.4575,0,1.0305,-2.652018E-05,15.4575,0
1.0314,-3.256275E-05,15.471,0,1.0314,-1.980621E-05,15.471,0
1.0323,-6.881819E-05,15.4845,0,1.0323,3.054856E-05,15.4845,0
1.0332,-8.560311E-05,15.498,0,1.0332,2.18204E-05,15.498,0
1.0341,-6.54612E-05,15.5115,0,1.0341,-7.721065E-06,15.5115,0
1.035,-5.673304E-05,15.525,0,1.035,7.721065E-06,15.525,0
1.0359,-6.54612E-05,15.5385,0,1.0359,-3.591974E-05,15.5385,0
1.0368,-9.198138E-05,15.552,0,1.0368,-0.0001178302,15.552,0
1.0377,-5.539025E-05,15.5655,0,1.0377,-0.0001054093,15.5655,0
1.0386,-1.644922E-05,15.579,0,1.0386,-5.874724E-05,15.579,0
1.0395,7.888914E-05,15.5925,0,1.0395,-3.692683E-06,15.5925,0
1.0404,7.016098E-05,15.606,0,1.0404,7.956054E-05,15.606,0
1.0413,6.64683E-05,15.6195,0,1.0413,6.243992E-05,15.6195,0
1.0422,2.584878E-05,15.633,0,1.0422,-1.678492E-06,15.633,0
1.0431,2.652018E-05,15.6465,0,1.0431,-2.081331E-05,15.6465,0
1.044,5.203327E-05,15.66,0,1.044,-1.074235E-05,15.66,0
1.0449,1.712062E-05,15.6735,0,1.0449,-3.927672E-05,15.6735,0
1.0458,-5.035477E-06,15.687,0,1.0458,-4.36408E-06,15.687,0
1.0467,-3.021286E-06,15.7005,0,1.0467,-2.450599E-05,15.7005,0
1.0476,-4.36408E-06,15.714,0,1.0476,-6.814679E-05,15.714,0
1.0485,-8.392462E-06,15.7275,0,1.0485,-1.779202E-05,15.7275,0
1.0494,1.007095E-06,15.741,0,1.0494,1.242084E-05,15.741,0
1.0503,-7.049668E-06,15.7545,0,1.0503,-2.047761E-05,15.7545,0
1.0512,-3.021286E-05,15.768,0,1.0512,-4.33051E-05,15.768,0
1.0521,1.141375E-05,15.7815,0,1.0521,-1.510643E-05,15.7815,0
1.053,1.376364E-05,15.795,0,1.053,-2.853437E-05,15.795,0
1.0539,-2.584878E-05,15.8085,0,1.0539,-3.659113E-05,15.8085,0
1.0548,-1.678492E-05,15.822,0,1.0548,-2.24918E-05,15.822,0
1.0557,0,15.8355,0,1.0557,1.644922E-05,15.8355,0
1.0566,-3.323415E-05,15.849,0,1.0566,6.042573E-06,15.849,0
1.0575,-3.793393E-05,15.8625,0,1.0575,-2.450599E-05,15.8625,0
1.0584,-1.644922E-05,15.876,0,1.0584,-1.980621E-05,15.876,0
1.0593,-4.599069E-05,15.8895,0,1.0593,2.853437E-05,15.8895,0
1.0602,-1.107805E-05,15.903,0,1.0602,1.107805E-05,15.903,0
1.0611,-4.699779E-06,15.9165,0,1.0611,-3.524834E-05,15.9165,0
1.062,-4.49836E-05,15.93,0,1.062,2.21561E-05,15.93,0
1.0629,8.392462E-06,15.9435,0,1.0629,3.994812E-05,15.9435,0
1.0638,2.517739E-05,15.957,0,1.0638,-5.807584E-05,15.957,0
1.0647,3.121996E-05,15.9705,0,1.0647,-8.69459E-05,15.9705,0
1.0656,3.323415E-05,15.984,0,1.0656,-5.236896E-05,15.984,0
1.0665,2.652018E-05,15.9975,0,1.0665,-6.076142E-05,15.9975,0
1.0674,2.517739E-05,16.011,0,1.0674,-0.0001245441,16.011,0
1.0683,8.056763E-06,16.0245,0,1.0683,-7.855344E-05,16.0245,0
1.0692,-3.356985E-07,16.038,0,1.0692,-3.491264E-05,16.038,0
1.0701,-2.618448E-05,16.0515,0,1.0701,-3.692683E-06,16.0515,0
1.071,-7.821774E-05,16.065,0,1.071,-2.920577E-05,16.065,0
1.0719,-6.61326E-05,16.0785,0,1.0719,-4.061952E-05,16.0785,0
1.0728,-2.517739E-05,16.092,0,1.0728,6.378271E-06,16.092,0
1.0737,-3.457694E-05,16.1055,0,1.0737,-8.392462E-06,16.1055,0
1.0746,-5.740444E-05,16.119,0,1.0746,-6.51255E-05,16.119,0
1.0755,-3.323415E-05,16.1325,0,1.0755,-1.477073E-05,16.1325,0
1.0764,3.121996E-05,16.146,0,1.0764,2.652018E-05,16.146,0
1.0773,6.411841E-05,16.1595,0,1.0773,5.035477E-06,16.1595,0
1.0782,3.961242E-05,16.173,0,1.0782,1.712062E-05,16.173,0
1.0791,4.733349E-05,16.1865,0,1.0791,4.36408E-05,16.1865,0
1.08,3.591974E-05,16.2,0,1.08,4.599069E-05,16.2,0
1.0809,1.745632E-05,16.2135,0,1.0809,1.510643E-05,16.2135,0
1.0818,2.584878E-05,16.227,0,1.0818,-2.18204E-05,16.227,0
1.0827,-2.047761E-05,16.2405,0,1.0827,-2.584878E-05,16.2405,0
1.0836,-4.800488E-05,16.254,0,1.0836,-5.706874E-06,16.254,0
1.0845,-3.457694E-05,16.2675,0,1.0845,-1.007095E-05,16.2675,0
1.0854,-5.404745E-05,16.281,0,1.0854,-3.927672E-05,16.281,0
1.0863,-6.009003E-05,16.2945,0,1.0863,4.699779E-06,16.2945,0
1.0872,-1.376364E-05,16.308,0,1.0872,2.484169E-05,16.308,0
1.0881,9.735256E-06,16.3215,0,1.0881,-3.021286E-06,16.3215,0
1.089,-1.712062E-05,16.335,0,1.089,-1.678492E-06,16.335,0
1.0899,6.378271E-06,16.3485,0,1.0899,-1.779202E-05,16.3485,0
1.0908,2.652018E-05,16.362,0,1.0908,-4.46479E-05,16.362,0
1.0917,-1.577783E-05,16.3755,0,1.0917,-2.652018E-05,16.3755,0
1.0926,-4.632639E-05,16.389,0,1.0926,6.378271E-06,16.389,0
1.0935,-3.390555E-05,16.4025,0,1.0935,-1.376364E-05,16.4025,0
1.0944,-1.544213E-05,16.416,0,1.0944,-2.652018E-05,16.416,0
1.0953,1.309224E-05,16.4295,0,1.0953,-3.793393E-05,16.4295,0
1.0962,2.383459E-05,16.443,0,1.0962,-1.544213E-05,16.443,0
1.0971,-2.450599E-05,16.4565,0,1.0971,-1.007095E-05,16.4565,0
1.098,2.349889E-05,16.47,0,1.098,-2.349889E-05,16.47,0
1.0989,1.846342E-05,16.4835,0,1.0989,-3.793393E-05,16.4835,0
1.0998,-4.53193E-05,16.497,0,1.0998,-6.042573E-06,16.497,0
1.1007,-2.517739E-05,16.5105,0,1.1007,-1.141375E-05,16.5105,0
1.1016,1.376364E-05,16.524,0,1.1016,-3.726253E-05,16.524,0
1.1025,-1.174945E-05,16.5375,0,1.1025,3.021286E-06,16.5375,0
1.1034,2.618448E-05,16.551,0,1.1034,-2.014191E-06,16.551,0
1.1043,3.054856E-05,16.5645,0,1.1043,-4.263371E-05,16.5645,0
1.1052,3.860533E-05,16.578,0,1.1052,-5.874724E-05,16.578,0
1.1061,-5.706874E-06,16.5915,0,1.1061,-1.779202E-05,16.5915,0
1.107,-2.719158E-05,16.605,0,1.107,-4.46479E-05,16.605,0
1.1079,-1.007095E-06,16.6185,0,1.1079,-3.424125E-05,16.6185,0
1.1088,4.699779E-06,16.632,0,1.1088,-4.666209E-05,16.632,0
1.1097,-3.256275E-05,16.6455,0,1.1097,-3.927672E-05,16.6455,0
1.1106,-3.927672E-05,16.659,0,1.1106,-1.678492E-05,16.659,0
1.1115,-3.155566E-05,16.6725,0,1.1115,-3.927672E-05,16.6725,0
1.1124,-2.584878E-05,16.686,0,1.1124,-5.539025E-05,16.686,0
1.1133,-3.994812E-05,16.6995,0,1.1133,1.342794E-06,16.6995,0
1.1142,-2.484169E-05,16.713,0,1.1142,-5.706874E-06,16.713,0
1.1151,-7.452507E-05,16.7265,0,1.1151,-7.754635E-05,16.7265,0
1.116,-1.879912E-05,16.74,0,1.116,-3.021286E-06,16.74,0
1.1169,-3.356985E-07,16.7535,0,1.1169,6.713969E-06,16.7535,0
1.1178,-1.712062E-05,16.767,0,1.1178,-2.584878E-05,16.767,0
1.1187,2.383459E-05,16.7805,0,1.1187,-2.014191E-06,16.7805,0
1.1196,1.980621E-05,16.794,0,1.1196,2.1149E-05,16.794,0
1.1205,-1.510643E-05,16.8075,0,1.1205,1.040665E-05,16.8075,0
1.1214,-1.913481E-05,16.821,0,1.1214,2.014191E-06,16.821,0
1.1223,3.692683E-06,16.8345,0,1.1223,-4.36408E-06,16.8345,0
1.1232,-2.1149E-05,16.848,0,1.1232,9.735256E-06,16.848,0
1.1241,-2.652018E-05,16.8615,0,1.1241,-8.056763E-06,16.8615,0
1.125,-8.728161E-06,16.875,0,1.125,-4.162661E-05,16.875,0
1.1259,1.577783E-05,16.8885,0,1.1259,-5.304036E-05,16.8885,0
1.1268,1.544213E-05,16.902,0,1.1268,-1.208515E-05,16.902,0
1.1277,5.069047E-05,16.9155,0,1.1277,-1.007095E-05,16.9155,0
1.1286,2.24918E-05,16.929,0,1.1286,-7.754635E-05,16.929,0
1.1295,-1.544213E-05,16.9425,0,1.1295,-5.001907E-05,16.9425,0
1.1304,-2.383459E-05,16.956,0,1.1304,-3.390555E-05,16.956,0
1.1313,-2.18204E-05,16.9695,0,1.1313,-5.874724E-05,16.9695,0
1.1322,-6.6804E-05,16.983,0,1.1322,-5.539025E-05,16.983,0
1.1331,-7.217517E-05,16.9965,0,1.1331,-1.376364E-05,16.9965,0
1.134,-2.417029E-05,17.01,0,1.134,2.081331E-05,17.01,0
1.1349,-2.014191E-05,17.0235,0,1.1349,2.584878E-05,17.0235,0
1.1358,5.035477E-05,17.037,0,1.1358,-1.678492E-06,17.037,0
1.1367,8.291753E-05,17.0505,0,1.1367,1.477073E-05,17.0505,0
1.1376,8.92958E-05,17.064,0,1.1376,4.43122E-05,17.064,0
1.1385,6.814679E-05,17.0775,0,1.1385,-6.713969E-06,17.0775,0
1.1394,5.572595E-05,17.091,0,1.1394,-5.404745E-05,17.091,0
1.1403,2.1149E-05,17.1045,0,1.1403,-5.371176E-06,17.1045,0
1.1412,-3.021286E-06,17.118,0,1.1412,2.652018E-05,17.118,0
1.1421,3.189136E-05,17.1315,0,1.1421,-3.256275E-05,17.1315,0
1.143,1.443504E-05,17.145,0,1.143,-1.644922E-05,17.145,0
1.1439,-2.719158E-05,17.1585,0,1.1439,-1.409934E-05,17.1585,0
1.1448,-2.719158E-05,17.172,0,1.1448,-5.807584E-05,17.172,0
1.1457,-2.349889E-06,17.1855,0,1.1457,-4.129091E-05,17.1855,0
1.1466,-2.383459E-05,17.199,0,1.1466,-1.141375E-05,17.199,0
1.1475,-4.834058E-05,17.2125,0,1.1475,-6.210422E-05,17.2125,0
1.1484,-3.860533E-05,17.226,0,1.1484,-5.203327E-05,17.226,0
1.1493,-1.510643E-05,17.2395,0,1.1493,-1.107805E-05,17.2395,0
1.1502,-4.53193E-05,17.253,0,1.1502,4.061952E-05,17.253,0
1.1511,-6.277562E-05,17.2665,0,1.1511,5.874724E-05,17.2665,0
1.152,-3.088426E-05,17.28,0,1.152,7.385367E-06,17.28,0
1.1529,-1.779202E-05,17.2935,0,1.1529,-3.524834E-05,17.2935,0
1.1538,-1.107805E-05,17.307,0,1.1538,-1.477073E-05,17.307,0
1.1547,3.356985E-07,17.3205,0,1.1547,-2.853437E-05,17.3205,0
1.1556,2.047761E-05,17.334,0,1.1556,-5.236896E-05,17.334,0
1.1565,6.378271E-06,17.3475,0,1.1565,-1.007095E-05,17.3475,0
1.1574,2.517739E-05,17.361,0,1.1574,-5.371176E-06,17.361,0
1.1583,-1.007095E-06,17.3745,0,1.1583,-2.24918E-05,17.3745,0
1.1592,6.378271E-06,17.388,0,1.1592,-6.378271E-06,17.388,0
1.1601,-5.404745E-05,17.4015,0,1.1601,-1.779202E-05,17.4015,0
1.161,-4.733349E-05,17.415,0,1.161,-2.652018E-05,17.415,0
1.1619,-3.726253E-05,17.4285,0,1.1619,-3.692683E-05,17.4285,0
1.1628,-3.826963E-05,17.442,0,1.1628,-6.243992E-05,17.442,0
1.1637,-1.174945E-05,17.4555,0,1.1637,1.242084E-05,17.4555,0
1.1646,-9.063859E-06,17.469,0,1.1646,1.644922E-05,17.469,0
1.1655,-2.584878E-05,17.4825,0,1.1655,-3.256275E-05,17.4825,0
1.1664,-1.544213E-05,17.496,0,1.1664,-3.256275E-05,17.496,0
1.1673,-2.383459E-05,17.5095,0,1.1673,1.577783E-05,17.5095,0
1.1682,1.577783E-05,17.523,0,1.1682,-7.049668E-06,17.523,0
1.1691,3.189136E-05,17.5365,0,1.1691,-9.970245E-05,17.5365,0
1.17,-1.107805E-05,17.55,0,1.17,-7.016098E-05,17.55,0
1.1709,-2.18204E-05,17.5635,0,1.1709,-3.189136E-05,17.5635,0
1.1718,-5.706874E-06,17.577,0,1.1718,-5.304036E-05,17.577,0
1.1727,-1.174945E-05,17.5905,0,1.1727,-4.43122E-05,17.5905,0
1.1736,-2.584878E-05,17.604,0,1.1736,-1.846342E-05,17.604,0
1.1745,-2.316319E-05,17.6175,0,1.1745,-2.349889E-05,17.6175,0
1.1754,-3.356985E-07,17.631,0,1.1754,-1.510643E-05,17.631,0
1.1763,3.692683E-06,17.6445,0,1.1763,-3.692683E-05,17.6445,0
1.1772,-2.417029E-05,17.658,0,1.1772,-2.987716E-05,17.658,0
1.1781,-1.174945E-05,17.6715,0,1.1781,-5.706874E-06,17.6715,0
1.179,-6.378271E-06,17.685,0,1.179,-1.947051E-05,17.685,0
1.1799,6.378271E-06,17.6985,0,1.1799,-2.383459E-05,17.6985,0
1.1808,-3.826963E-05,17.712,0,1.1808,1.007095E-06,17.712,0
1.1817,-1.309224E-05,17.7255,0,1.1817,-3.356985E-07,17.7255,0
1.1826,3.323415E-05,17.739,0,1.1826,-3.927672E-05,17.739,0
1.1835,5.673304E-05,17.7525,0,1.1835,-9.063859E-06,17.7525,0
1.1844,9.063859E-06,17.766,0,1.1844,-8.392462E-06,17.766,0
1.1853,-2.349889E-05,17.7795,0,1.1853,-3.256275E-05,17.7795,0
1.1862,3.356985E-07,17.793,0,1.1862,-1.812772E-05,17.793,0
1.1871,1.577783E-05,17.8065,0,1.1871,1.040665E-05,17.8065,0
1.188,1.309224E-05,17.82,0,1.188,-1.678492E-06,17.82,0
1.1889,1.879912E-05,17.8335,0,1.1889,-3.054856E-05,17.8335,0
1.1898,2.1149E-05,17.847,0,1.1898,-2.987716E-05,17.847,0
1.1907,-2.014191E-06,17.8605,0,1.1907,-7.721065E-06,17.8605,0
1.1916,-2.987716E-05,17.874,0,1.1916,4.699779E-06,17.874,0
1.1925,-1.712062E-05,17.8875,0,1.1925,-1.544213E-05,17.8875,0
1.1934,3.692683E-06,17.901,0,1.1934,-1.208515E-05,17.901,0
1.1943,-1.644922E-05,17.9145,0,1.1943,1.409934E-05,17.9145,0
1.1952,-1.376364E-05,17.928,0,1.1952,-3.256275E-05,17.928,0
1.1961,6.57969E-05,17.9415,0,1.1961,-3.793393E-05,17.9415,0
1.197,2.920577E-05,17.955,0,1.197,1.678492E-06,17.955,0
1.1979,9.063859E-06,17.9685,0,1.1979,3.692683E-06,17.9685,0
1.1988,-4.196231E-05,17.982,0,1.1988,-3.625543E-05,17.982,0
1.1997,-3.927672E-05,17.9955,0,1.1997,-8.392462E-06,17.9955,0
1.2006,-7.351797E-05,18.009,0,1.2006,-1.376364E-05,18.009,0
1.2015,-6.74754E-05,18.0225,0,1.2015,-2.21561E-05,18.0225,0
1.2024,-4.599069E-05,18.036,0,1.2024,-2.081331E-05,18.036,0
1.2033,-4.36408E-06,18.0495,0,1.2033,-4.061952E-05,18.0495,0
1.2042,6.713969E-07,18.063,0,1.2042,-6.378271E-06,18.063,0
1.2051,1.040665E-05,18.0765,0,1.2051,-6.378271E-06,18.0765,0
1.206,2.1149E-05,18.09,0,1.206,-3.524834E-05,18.09,0
1.2069,-9.063859E-06,18.1035,0,1.2069,-3.692683E-05,18.1035,0
1.2078,-2.853437E-05,18.117,0,1.2078,4.36408E-06,18.117,0
1.2087,-1.007095E-06,18.1305,0,1.2087,-1.107805E-05,18.1305,0
1.2096,3.121996E-05,18.144,0,1.2096,-4.43122E-05,18.144,0
1.2105,1.712062E-05,18.1575,0,1.2105,-7.049668E-06,18.1575,0
1.2114,7.385367E-06,18.171,0,1.2114,1.409934E-05,18.171,0
1.2123,-6.378271E-06,18.1845,0,1.2123,-2.21561E-05,18.1845,0
1.2132,-3.692683E-06,18.198,0,1.2132,-4.53193E-05,18.198,0
1.2141,-3.726253E-05,18.2115,0,1.2141,-1.409934E-05,18.2115,0
1.215,-1.242084E-05,18.225,0,1.215,-2.014191E-05,18.225,0
1.2159,9.063859E-06,18.2385,0,1.2159,-7.721065E-06,18.2385,0
1.2168,-3.692683E-06,18.252,0,1.2168,-2.786297E-05,18.252,0
1.2177,8.392462E-06,18.2655,0,1.2177,-3.356985E-07,18.2655,0
1.2186,-1.510643E-05,18.279,0,1.2186,2.14847E-05,18.279,0
1.2195,-2.21561E-05,18.2925,0,1.2195,-9.063859E-06,18.2925,0
1.2204,-6.042573E-06,18.306,0,1.2204,-1.577783E-05,18.306,0
1.2213,-1.174945E-05,18.3195,0,1.2213,2.28275E-05,18.3195,0
1.2222,2.584878E-05,18.333,0,1.2222,1.577783E-05,18.333,0
1.2231,1.443504E-05,18.3465,0,1.2231,-4.095522E-05,18.3465,0
1.224,1.980621E-05,18.36,0,1.224,-3.356985E-06,18.36,0
1.2249,-1.007095E-06,18.3735,0,1.2249,-9.399558E-06,18.3735,0
1.2258,-3.323415E-05,18.387,0,1.2258,-7.452507E-05,18.387,0
1.2267,-5.404745E-05,18.4005,0,1.2267,-7.284657E-05,18.4005,0
1.2276,-8.157473E-05,18.414,0,1.2276,-1.443504E-05,18.414,0
1.2285,-4.834058E-05,18.4275,0,1.2285,-1.544213E-05,18.4275,0
1.2294,-3.793393E-05,18.441,0,1.2294,-2.417029E-05,18.441,0
1.2303,-6.848249E-05,18.4545,0,1.2303,-5.001907E-05,18.4545,0
1.2312,-2.786297E-05,18.468,0,1.2312,-3.121996E-05,18.468,0
1.2321,-1.678492E-05,18.4815,0,1.2321,-1.577783E-05,18.4815,0
1.233,-6.74754E-05,18.495,0,1.233,-4.934768E-05,18.495,0
1.2339,-6.814679E-05,18.5085,0,1.2339,-4.061952E-05,18.5085,0
1.2348,-2.853437E-05,18.522,0,1.2348,-8.392462E-06,18.522,0
1.2357,5.035477E-06,18.5355,0,1.2357,-6.74754E-05,18.5355,0
1.2366,5.539025E-05,18.549,0,1.2366,-9.735256E-05,18.549,0
1.2375,0.0001037308,18.5625,0,1.2375,-3.356985E-07,18.5625,0
1.2384,6.814679E-05,18.576,0,1.2384,6.076142E-05,18.576,0
1.2393,2.584878E-05,18.5895,0,1.2393,-4.699779E-06,18.5895,0
1.2402,2.987716E-05,18.603,0,1.2402,-1.980621E-05,18.603,0
1.2411,-9.063859E-06,18.6165,0,1.2411,5.606165E-05,18.6165,0
1.242,-1.913481E-05,18.63,0,1.242,1.443504E-05,18.63,0
1.2429,5.035477E-06,18.6435,0,1.2429,-3.021286E-05,18.6435,0
1.2438,1.913481E-05,18.657,0,1.2438,-4.699779E-05,18.657,0
1.2447,1.644922E-05,18.6705,0,1.2447,-2.081331E-05,18.6705,0
1.2456,2.517739E-05,18.684,0,1.2456,1.174945E-05,18.684,0
1.2465,3.054856E-05,18.6975,0,1.2465,-2.047761E-05,18.6975,0
1.2474,3.927672E-05,18.711,0,1.2474,-3.121996E-05,18.711,0
1.2483,-6.713969E-07,18.7245,0,1.2483,-5.706874E-06,18.7245,0
1.2492,6.042573E-06,18.738,0,1.2492,-5.035477E-06,18.738,0
1.2501,3.356985E-05,18.7515,0,1.2501,-3.558404E-05,18.7515,0
1.251,-2.584878E-05,18.765,0,1.251,5.706874E-06,18.765,0
1.2519,-4.599069E-05,18.7785,0,1.2519,2.316319E-05,18.7785,0
1.2528,1.007095E-06,18.792,0,1.2528,-1.107805E-05,18.792,0
1.2537,1.712062E-05,18.8055,0,1.2537,-1.007095E-06,18.8055,0
1.2546,-3.021286E-05,18.819,0,1.2546,-6.713969E-06,18.819,0
1.2555,-4.599069E-05,18.8325,0,1.2555,-6.881819E-05,18.8325,0
1.2564,-3.793393E-05,18.846,0,1.2564,-7.519646E-05,18.846,0
1.2573,-5.236896E-05,18.8595,0,1.2573,-6.814679E-05,18.8595,0
1.2582,-3.759823E-05,18.873,0,1.2582,-2.1149E-05,18.873,0
1.2591,-3.256275E-05,18.8865,0,1.2591,-2.047761E-05,18.8865,0
1.26,-2.987716E-05,18.9,0,1.26,-7.049668E-06,18.9,0
1.2609,-1.644922E-05,18.9135,0,1.2609,-4.43122E-05,18.9135,0
1.2618,1.947051E-05,18.927,0,1.2618,-1.644922E-05,18.927,0
1.2627,1.913481E-05,18.9405,0,1.2627,-1.510643E-05,18.9405,0
1.2636,1.846342E-05,18.954,0,1.2636,-4.934768E-05,18.954,0
1.2645,1.309224E-05,18.9675,0,1.2645,1.678492E-06,18.9675,0
1.2654,8.728161E-06,18.981,0,1.2654,1.678492E-06,18.981,0
1.2663,-1.107805E-05,18.9945,0,1.2663,-4.162661E-05,18.9945,0
1.2672,-4.53193E-05,19.008,0,1.2672,-2.719158E-05,19.008,0
1.2681,-2.584878E-05,19.0215,0,1.2681,2.014191E-06,19.0215,0
1.269,-3.256275E-05,19.035,0,1.269,-2.014191E-06,19.035,0
1.2699,-2.517739E-05,19.0485,0,1.2699,-2.786297E-05,19.0485,0
1.2708,4.599069E-05,19.062,0,1.2708,-2.719158E-05,19.062,0
1.2717,3.323415E-05,19.0755,0,1.2717,-6.713969E-07,19.0755,0
1.2726,4.061952E-05,19.089,0,1.2726,2.1149E-05,19.089,0
1.2735,2.24918E-05,19.1025,0,1.2735,-1.309224E-05,19.1025,0
1.2744,-2.752728E-05,19.116,0,1.2744,-3.591974E-05,19.116,0
1.2753,-3.994812E-05,19.1295,0,1.2753,1.275654E-05,19.1295,0
1.2762,-1.812772E-05,19.143,0,1.2762,1.342794E-06,19.143,0
1.2771,-1.644922E-05,19.1565,0,1.2771,-4.129091E-05,19.1565,0
1.278,-5.471885E-05,19.17,0,1.278,2.349889E-06,19.17,0
1.2789,-5.136187E-05,19.1835,0,1.2789,1.107805E-05,19.1835,0
1.2798,4.867628E-05,19.197,0,1.2798,-1.577783E-05,19.197,0
1.2807,3.256275E-05,19.2105,0,1.2807,-2.28275E-05,19.2105,0
1.2816,-2.987716E-05,19.224,0,1.2816,-2.450599E-05,19.224,0
1.2825,-3.659113E-05,19.2375,0,1.2825,-2.719158E-05,19.2375,0
1.2834,-1.577783E-05,19.251,0,1.2834,-6.713969E-06,19.251,0
1.2843,5.035477E-06,19.2645,0,1.2843,-2.450599E-05,19.2645,0
1.2852,-1.678492E-06,19.278,0,1.2852,-1.745632E-05,19.278,0
1.2861,-3.256275E-05,19.2915,0,1.2861,-1.141375E-05,19.2915,0
1.287,-3.121996E-05,19.305,0,1.287,-3.524834E-05,19.305,0
1.2879,-1.678492E-05,19.3185,0,1.2879,-5.001907E-05,19.3185,0
1.2888,-2.316319E-05,19.332,0,1.2888,-1.712062E-05,19.332,0
1.2897,-1.779202E-05,19.3455,0,1.2897,-1.712062E-05,19.3455,0
1.2906,-1.779202E-05,19.359,0,1.2906,-6.848249E-05,19.359,0
1.2915,-4.36408E-06,19.3725,0,1.2915,-2.14847E-05,19.3725,0
1.2924,1.174945E-05,19.386,0,1.2924,-1.342794E-06,19.386,0
1.2933,5.136187E-05,19.3995,0,1.2933,-2.786297E-05,19.3995,0
1.2942,5.941863E-05,19.413,0,1.2942,-1.342794E-05,19.413,0
1.2951,1.007095E-06,19.4265,0,1.2951,-8.728161E-06,19.4265,0
1.296,-7.049668E-06,19.44,0,1.296,-1.947051E-05,19.44,0
1.2969,3.692683E-06,19.4535,0,1.2969,-3.692683E-06,19.4535,0
1.2978,-3.121996E-05,19.467,0,1.2978,-6.042573E-06,19.467,0
1.2987,-2.1149E-05,19.4805,0,1.2987,-1.007095E-06,19.4805,0
1.2996,1.309224E-05,19.494,0,1.2996,2.584878E-05,19.494,0
1.3005,-2.685588E-06,19.5075,0,1.3005,-3.356985E-06,19.5075,0
1.3014,-2.584878E-05,19.521,0,1.3014,-4.263371E-05,19.521,0
1.3023,-1.678492E-06,19.5345,0,1.3023,1.040665E-05,19.5345,0
1.3032,-1.040665E-05,19.548,0,1.3032,-4.36408E-06,19.548,0
1.3041,-7.385367E-06,19.5615,0,1.3041,-4.39765E-05,19.5615,0
1.305,2.1149E-05,19.575,0,1.305,1.544213E-05,19.575,0
1.3059,-1.846342E-05,19.5885,0,1.3059,-6.378271E-06,19.5885,0
1.3068,-3.994812E-05,19.602,0,1.3068,-5.807584E-05,19.602,0
1.3077,-4.196231E-05,19.6155,0,1.3077,-3.390555E-05,19.6155,0
1.3086,-4.229801E-05,19.629,0,1.3086,-2.719158E-05,19.629,0
1.3095,-5.337606E-05,19.6425,0,1.3095,-2.18204E-05,19.6425,0
1.3104,-3.793393E-05,19.656,0,1.3104,-2.14847E-05,19.656,0
1.3113,-1.376364E-05,19.6695,0,1.3113,-4.934768E-05,19.6695,0
1.3122,-1.242084E-05,19.683,0,1.3122,-5.001907E-05,19.683,0
1.3131,-2.786297E-05,19.6965,0,1.3131,-1.812772E-05,19.6965,0
1.314,-8.056763E-06,19.71,0,1.314,-1.980621E-05,19.71,0
1.3149,-3.356985E-06,19.7235,0,1.3149,-3.826963E-05,19.7235,0
1.3158,-8.056763E-06,19.737,0,1.3158,-7.049668E-06,19.737,0
1.3167,2.584878E-05,19.7505,0,1.3167,-1.443504E-05,19.7505,0
1.3176,6.6804E-05,19.764,0,1.3176,-5.069047E-05,19.764,0
1.3185,5.606165E-05,19.7775,0,1.3185,-1.174945E-05,19.7775,0
1.3194,5.807584E-05,19.791,0,1.3194,-3.021286E-06,19.791,0
1.3203,2.920577E-05,19.8045,0,1.3203,-4.666209E-05,19.8045,0
1.3212,-2.417029E-05,19.818,0,1.3212,-5.740444E-05,19.818,0
1.3221,-2.920577E-05,19.8315,0,1.3221,-4.43122E-05,19.8315,0
1.323,-2.18204E-05,19.845,0,1.323,-2.551309E-05,19.845,0
1.3239,-4.733349E-05,19.8585,0,1.3239,4.36408E-06,19.8585,0
1.3248,-3.726253E-05,19.872,0,1.3248,-2.014191E-06,19.872,0
1.3257,-3.356985E-07,19.8855,0,1.3257,6.311131E-05,19.8855,0
1.3266,9.735256E-06,19.899,0,1.3266,5.069047E-05,19.899,0
1.3275,-1.779202E-05,19.9125,0,1.3275,-1.846342E-05,19.9125,0
1.3284,8.056763E-06,19.926,0,1.3284,-5.001907E-05,19.926,0
1.3293,-1.376364E-05,19.9395,0,1.3293,-5.035477E-06,19.9395,0
1.3302,-5.706874E-06,19.953,0,1.3302,9.063859E-06,19.953,0
1.3311,3.390555E-05,19.9665,0,1.3311,8.392462E-06,19.9665,0
1.332,2.887007E-05,19.98,0,1.332,2.349889E-05,19.98,0
1.3329,-1.712062E-05,19.9935,0,1.3329,-3.457694E-05,19.9935,0
1.3338,-1.376364E-05,20.007,0,1.3338,-6.277562E-05,20.007,0
1.3347,-1.007095E-06,20.0205,0,1.3347,-4.129091E-05,20.0205,0
1.3356,-2.28275E-05,20.034,0,1.3356,-9.735256E-06,20.034,0
1.3365,-3.524834E-05,20.0475,0,1.3365,-4.196231E-05,20.0475,0
1.3374,-2.786297E-05,20.061,0,1.3374,-5.270466E-05,20.061,0
1.3383,7.385367E-06,20.0745,0,1.3383,-5.169757E-05,20.0745,0
1.3392,-7.721065E-06,20.088,0,1.3392,-3.121996E-05,20.088,0
1.3401,-3.356985E-05,20.1015,0,1.3401,-3.558404E-05,20.1015,0
1.341,-1.007095E-05,20.115,0,1.341,-4.733349E-05,20.115,0
1.3419,2.1149E-05,20.1285,0,1.3419,-5.169757E-05,20.1285,0
1.3428,-2.652018E-05,20.142,0,1.3428,-3.088426E-05,20.142,0
1.3437,-1.376364E-05,20.1555,0,1.3437,-3.021286E-05,20.1555,0
1.3446,-1.779202E-05,20.169,0,1.3446,-3.961242E-05,20.169,0
1.3455,-2.349889E-05,20.1825,0,1.3455,1.611353E-05,20.1825,0
1.3464,-3.692683E-06,20.196,0,1.3464,3.054856E-05,20.196,0
1.3473,2.584878E-05,20.2095,0,1.3473,7.049668E-06,20.2095,0
1.3482,3.121996E-05,20.223,0,1.3482,-2.484169E-05,20.223,0
1.3491,-2.887007E-05,20.2365,0,1.3491,-3.121996E-05,20.2365,0
1.35,-3.692683E-06,20.25,0,1.35,-5.035477E-06,20.25,0
1.3509,3.424125E-05,20.2635,0,1.3509,3.356985E-07,20.2635,0
1.3518,5.673304E-05,20.277,0,1.3518,-2.349889E-05,20.277,0
1.3527,1.947051E-05,20.2905,0,1.3527,-7.721065E-06,20.2905,0
1.3536,-2.853437E-05,20.304,0,1.3536,5.706874E-06,20.304,0
1.3545,1.342794E-06,20.3175,0,1.3545,-1.275654E-05,20.3175,0
1.3554,3.323415E-05,20.331,0,1.3554,-4.699779E-06,20.331,0
1.3563,-3.659113E-05,20.3445,0,1.3563,1.007095E-05,20.3445,0
1.3572,-5.203327E-05,20.358,0,1.3572,-1.409934E-05,20.358,0
1.3581,-4.46479E-05,20.3715,0,1.3581,-5.572595E-05,20.3715,0
1.359,-2.316319E-05,20.385,0,1.359,-2.014191E-06,20.385,0
1.3599,2.584878E-05,20.3985,0,1.3599,2.652018E-05,20.3985,0
1.3608,2.786297E-05,20.412,0,1.3608,-3.424125E-05,20.412,0
1.3617,-2.383459E-05,20.4255,0,1.3617,-3.021286E-05,20.4255,0
1.3626,-3.390555E-05,20.439,0,1.3626,2.047761E-05,20.439,0
1.3635,-6.210422E-05,20.4525,0,1.3635,-1.644922E-05,20.4525,0
1.3644,-5.941863E-05,20.466,0,1.3644,-4.33051E-05,20.466,0
1.3653,-3.054856E-05,20.4795,0,1.3653,-3.121996E-05,20.4795,0
1.3662,0,20.493,0,1.3662,-1.376364E-05,20.493,0
1.3671,-2.014191E-06,20.5065,0,1.3671,-1.342794E-06,20.5065,0
1.368,-1.577783E-05,20.52,0,1.368,-2.18204E-05,20.52,0
1.3689,-1.309224E-05,20.5335,0,1.3689,-4.968337E-05,20.5335,0
1.3698,-2.719158E-05,20.547,0,1.3698,-1.107805E-05,20.547,0
1.3707,-1.913481E-05,20.5605,0,1.3707,-1.812772E-05,20.5605,0
1.3716,1.846342E-05,20.574,0,1.3716,-5.807584E-05,20.574,0
1.3725,2.1149E-05,20.5875,0,1.3725,-1.577783E-05,20.5875,0
1.3734,-1.443504E-05,20.601,0,1.3734,-1.712062E-05,20.601,0
1.3743,-1.443504E-05,20.6145,0,1.3743,-5.169757E-05,20.6145,0
1.3752,4.39765E-05,20.628,0,1.3752,-3.054856E-05,20.628,0
1.3761,1.342794E-06,20.6415,0,1.3761,-7.049668E-06,20.6415,0
1.377,-1.779202E-05,20.655,0,1.377,-1.141375E-05,20.655,0
1.3779,-6.713969E-07,20.6685,0,1.3779,-1.107805E-05,20.6685,0
1.3788,-7.721065E-06,20.682,0,1.3788,-3.726253E-05,20.682,0
1.3797,-4.33051E-05,20.6955,0,1.3797,-1.409934E-05,20.6955,0
1.3806,-4.129091E-05,20.709,0,1.3806,-2.316319E-05,20.709,0
1.3815,2.014191E-06,20.7225,0,1.3815,-3.659113E-05,20.7225,0
1.3824,1.712062E-05,20.736,0,1.3824,-4.129091E-05,20.736,0
1.3833,2.047761E-05,20.7495,0,1.3833,3.356985E-07,20.7495,0
1.3842,2.920577E-05,20.763,0,1.3842,-1.107805E-05,20.763,0
1.3851,1.980621E-05,20.7765,0,1.3851,-4.599069E-05,20.7765,0
1.386,-3.692683E-06,20.79,0,1.386,-8.728161E-06,20.79,0
1.3869,-3.356985E-07,20.8035,0,1.3869,1.107805E-05,20.8035,0
1.3878,-6.378271E-06,20.817,0,1.3878,-3.659113E-05,20.817,0
1.3887,-4.196231E-05,20.8305,0,1.3887,-2.450599E-05,20.8305,0
1.3896,-5.774014E-05,20.844,0,1.3896,-1.678492E-06,20.844,0
1.3905,-2.618448E-05,20.8575,0,1.3905,1.678492E-06,20.8575,0
1.3914,-3.088426E-05,20.871,0,1.3914,-6.713969E-06,20.871,0
1.3923,-1.913481E-05,20.8845,0,1.3923,-4.095522E-05,20.8845,0
1.3932,-6.378271E-06,20.898,0,1.3932,-2.014191E-05,20.898,0
1.3941,-3.524834E-05,20.9115,0,1.3941,7.385367E-06,20.9115,0
1.395,1.376364E-05,20.925,0,1.395,-1.712062E-05,20.925,0
1.3959,3.659113E-05,20.9385,0,1.3959,-2.987716E-05,20.9385,0
1.3968,-3.021286E-05,20.952,0,1.3968,3.021286E-06,20.952,0
1.3977,-3.256275E-05,20.9655,0,1.3977,3.021286E-06,20.9655,0
1.3986,3.591974E-05,20.979,0,1.3986,-1.846342E-05,20.979,0
1.3995,3.524834E-05,20.9925,0,1.3995,9.735256E-06,20.9925,0
1.4004,1.309224E-05,21.006,0,1.4004,-6.042573E-06,21.006,0
1.4013,1.846342E-05,21.0195,0,1.4013,-4.162661E-05,21.0195,0
1.4022,1.040665E-05,21.033,0,1.4022,-3.860533E-05,21.033,0
1.4031,8.056763E-06,21.0465,0,1.4031,-7.049668E-06,21.0465,0
1.404,2.24918E-05,21.06,0,1.404,7.049668E-06,21.06,0
1.4049,-4.699779E-06,21.0735,0,1.4049,-2.21561E-05,21.0735,0
1.4058,-1.409934E-05,21.087,0,1.4058,-4.49836E-05,21.087,0
1.4067,-2.349889E-05,21.1005,0,1.4067,-1.846342E-05,21.1005,0
1.4076,-3.826963E-05,21.114,0,1.4076,4.699779E-06,21.114,0
1.4085,-4.53193E-05,21.1275,0,1.4085,-3.121996E-05,21.1275,0
1.4094,-3.356985E-07,21.141,0,1.4094,-4.53193E-05,21.141,0
1.4103,1.443504E-05,21.1545,0,1.4103,4.028382E-06,21.1545,0
1.4112,-7.721065E-06,21.168,0,1.4112,-9.735256E-06,21.168,0
1.4121,-4.028382E-06,21.1815,0,1.4121,-4.867628E-05,21.1815,0
1.413,7.721065E-06,21.195,0,1.413,-1.174945E-05,21.195,0
1.4139,-1.007095E-05,21.2085,0,1.4139,-9.735256E-06,21.2085,0
1.4148,-1.174945E-05,21.222,0,1.4148,-3.256275E-05,21.222,0
1.4157,-6.713969E-06,21.2355,0,1.4157,-4.39765E-05,21.2355,0
1.4166,-2.18204E-05,21.249,0,1.4166,-4.129091E-05,21.249,0
1.4175,9.735256E-06,21.2625,0,1.4175,-3.121996E-05,21.2625,0
1.4184,2.786297E-05,21.276,0,1.4184,-3.256275E-05,21.276,0
1.4193,-3.021286E-06,21.2895,0,1.4193,-6.277562E-05,21.2895,0
1.4202,6.713969E-07,21.303,0,1.4202,2.450599E-05,21.303,0
1.4211,-1.678492E-06,21.3165,0,1.4211,3.424125E-05,21.3165,0
1.422,-6.042573E-06,21.33,0,1.422,-4.46479E-05,21.33,0
1.4229,-2.551309E-05,21.3435,0,1.4229,-6.411841E-05,21.3435,0
1.4238,-4.599069E-05,21.357,0,1.4238,-1.208515E-05,21.357,0
1.4247,-4.599069E-05,21.3705,0,1.4247,-1.577783E-05,21.3705,0
1.4256,-1.544213E-05,21.384,0,1.4256,-6.176852E-05,21.384,0
1.4265,-1.510643E-05,21.3975,0,1.4265,-2.383459E-05,21.3975,0
1.4274,-7.049668E-06,21.411,0,1.4274,1.510643E-05,21.411,0
1.4283,1.913481E-05,21.4245,0,1.4283,-2.584878E-05,21.4245,0
1.4292,4.162661E-05,21.438,0,1.4292,-2.417029E-05,21.438,0
1.4301,-1.443504E-05,21.4515,0,1.4301,7.385367E-06,21.4515,0
1.431,-2.014191E-05,21.465,0,1.431,2.349889E-06,21.465,0
1.4319,-9.063859E-06,21.4785,0,1.4319,-1.443504E-05,21.4785,0
1.4328,1.040665E-05,21.492,0,1.4328,-4.162661E-05,21.492,0
1.4337,1.712062E-05,21.5055,0,1.4337,-7.049668E-06,21.5055,0
1.4346,8.392462E-06,21.519,0,1.4346,2.18204E-05,21.519,0
1.4355,-7.721065E-06,21.5325,0,1.4355,0,21.5325,0
1.4364,-7.049668E-06,21.546,0,1.4364,-8.728161E-06,21.546,0
1.4373,-1.644922E-05,21.5595,0,1.4373,1.275654E-05,21.5595,0
1.4382,-1.678492E-06,21.573,0,1.4382,-3.692683E-06,21.573,0
1.4391,1.678492E-05,21.5865,0,1.4391,-4.29694E-05,21.5865,0
1.44,-9.399558E-06,21.6,0,1.44,-2.652018E-05,21.6,0
1.4409,-1.678492E-06,21.6135,0,1.4409,-1.577783E-05,21.6135,0
1.4418,4.196231E-05,21.627,0,1.4418,1.544213E-05,21.627,0
1.4427,-5.539025E-05,21.6405,0,1.4427,4.39765E-05,21.6405,0
1.4436,-9.298848E-05,21.654,0,1.4436,9.399558E-06,21.654,0
1.4445,-4.733349E-05,21.6675,0,1.4445,-6.109713E-05,21.6675,0
1.4454,-4.095522E-05,21.681,0,1.4454,-5.505455E-05,21.681,0
1.4463,-4.53193E-05,21.6945,0,1.4463,-2.719158E-05,21.6945,0
1.4472,-1.678492E-05,21.708,0,1.4472,-3.424125E-05,21.708,0
1.4481,-3.356985E-07,21.7215,0,1.4481,-2.450599E-05,21.7215,0
1.449,-3.356985E-07,21.735,0,1.449,-4.39765E-05,21.735,0
1.4499,2.853437E-05,21.7485,0,1.4499,-7.016098E-05,21.7485,0
1.4508,-1.242084E-05,21.762,0,1.4508,-3.121996E-05,21.762,0
1.4517,-1.275654E-05,21.7755,0,1.4517,-1.242084E-05,21.7755,0
1.4526,2.349889E-06,21.789,0,1.4526,-7.855344E-05,21.789,0
1.4535,-7.049668E-06,21.8025,0,1.4535,-3.189136E-05,21.8025,0
1.4544,-2.987716E-05,21.816,0,1.4544,-1.678492E-06,21.816,0
1.4553,-5.136187E-05,21.8295,0,1.4553,-3.054856E-05,21.8295,0
1.4562,-2.887007E-05,21.843,0,1.4562,-1.879912E-05,21.843,0
1.4571,-1.275654E-05,21.8565,0,1.4571,1.577783E-05,21.8565,0
1.458,-2.920577E-05,21.87,0,1.458,-2.349889E-06,21.87,0
1.4589,-6.713969E-06,21.8835,0,1.4589,1.007095E-06,21.8835,0
1.4598,5.975433E-05,21.897,0,1.4598,-2.18204E-05,21.897,0
1.4607,4.162661E-05,21.9105,0,1.4607,-1.275654E-05,21.9105,0
1.4616,-6.713969E-07,21.924,0,1.4616,-5.706874E-06,21.924,0
1.4625,2.081331E-05,21.9375,0,1.4625,-2.316319E-05,21.9375,0
1.4634,2.819867E-05,21.951,0,1.4634,-3.155566E-05,21.951,0
1.4643,7.721065E-06,21.9645,0,1.4643,-1.275654E-05,21.9645,0
1.4652,1.208515E-05,21.978,0,1.4652,-2.719158E-05,21.978,0
1.4661,-1.007095E-06,21.9915,0,1.4661,-5.706874E-05,21.9915,0
1.467,-1.242084E-05,22.005,0,1.467,-2.014191E-05,22.005,0
1.4679,-9.735256E-06,22.0185,0,1.4679,-1.242084E-05,22.0185,0
1.4688,1.007095E-06,22.032,0,1.4688,-4.632639E-05,22.032,0
1.4697,-2.349889E-05,22.0455,0,1.4697,-3.659113E-05,22.0455,0
1.4706,-3.524834E-05,22.059,0,1.4706,-3.356985E-06,22.059,0
1.4715,3.692683E-06,22.0725,0,1.4715,-8.392462E-06,22.0725,0
1.4724,-3.356985E-07,22.086,0,1.4724,1.342794E-06,22.086,0
1.4733,-2.517739E-05,22.0995,0,1.4733,-2.450599E-05,22.0995,0
1.4742,-1.846342E-05,22.113,0,1.4742,5.035477E-06,22.113,0
1.4751,-3.625543E-05,22.1265,0,1.4751,2.517739E-05,22.1265,0
1.476,2.21561E-05,22.14,0,1.476,-1.107805E-05,22.14,0
1.4769,4.53193E-05,22.1535,0,1.4769,-4.733349E-05,22.1535,0
1.4778,-4.028382E-06,22.167,0,1.4778,-2.685588E-06,22.167,0
1.4787,-1.275654E-05,22.1805,0,1.4787,-6.713969E-06,22.1805,0
1.4796,2.349889E-06,22.194,0,1.4796,-3.692683E-05,22.194,0
1.4805,-3.256275E-05,22.2075,0,1.4805,0,22.2075,0
1.4814,3.390555E-05,22.221,0,1.4814,1.644922E-05,22.221,0
1.4823,3.021286E-05,22.2345,0,1.4823,-1.376364E-05,22.2345,0
1.4832,1.007095E-06,22.248,0,1.4832,-3.289845E-05,22.248,0
1.4841,-2.24918E-05,22.2615,0,1.4841,3.692683E-06,22.2615,0
1.485,-2.584878E-05,22.275,0,1.485,-1.779202E-05,22.275,0
1.4859,3.356985E-07,22.2885,0,1.4859,-2.349889E-05,22.2885,0
1.4868,-1.007095E-05,22.302,0,1.4868,-4.061952E-05,22.302,0
1.4877,-1.040665E-05,22.3155,0,1.4877,-1.242084E-05,22.3155,0
1.4886,-1.846342E-05,22.329,0,1.4886,-6.042573E-06,22.329,0
1.4895,-2.719158E-05,22.3425,0,1.4895,-1.779202E-05,22.3425,0
1.4904,4.028382E-06,22.356,0,1.4904,-6.713969E-06,22.356,0
1.4913,-9.399558E-06,22.3695,0,1.4913,1.174945E-05,22.3695,0
1.4922,-4.33051E-05,22.383,0,1.4922,-2.887007E-05,22.383,0
1.4931,1.510643E-05,22.3965,0,1.4931,-5.404745E-05,22.3965,0
1.494,3.356985E-07,22.41,0,1.494,-9.063859E-06,22.41,0
1.4949,2.517739E-05,22.4235,0,1.4949,1.846342E-05,22.4235,0
1.4958,2.887007E-05,22.437,0,1.4958,-1.409934E-05,22.437,0
1.4967,-1.007095E-06,22.4505,0,1.4967,-2.954147E-05,22.4505,0
1.4976,-1.644922E-05,22.464,0,1.4976,-1.678492E-05,22.464,0
1.4985,-1.846342E-05,22.4775,0,1.4985,-2.584878E-05,22.4775,0
1.4994,-2.047761E-05,22.491,0,1.4994,-3.726253E-05,22.491,0
1.5003,-3.356985E-07,22.5045,0,1.5003,-5.774014E-05,22.5045,0
1.5012,-2.383459E-05,22.518,0,1.5012,-3.189136E-05,22.518,0
1.5021,-4.699779E-06,22.5315,0,1.5021,-1.779202E-05,22.5315,0
1.503,3.121996E-05,22.545,0,1.503,-5.035477E-06,22.545,0
1.5039,2.014191E-05,22.5585,0,1.5039,6.713969E-07,22.5585,0
1.5048,-7.721065E-06,22.572,0,1.5048,-2.484169E-05,22.572,0
1.5057,-3.356985E-05,22.5855,0,1.5057,-3.457694E-05,22.5855,0
1.5066,-3.424125E-05,22.599,0,1.5066,-5.539025E-05,22.599,0
1.5075,-5.606165E-05,22.6125,0,1.5075,-1.644922E-05,22.6125,0
1.5084,-3.860533E-05,22.626,0,1.5084,8.392462E-06,22.626,0
1.5093,-2.081331E-05,22.6395,0,1.5093,-2.987716E-05,22.6395,0
1.5102,-1.577783E-05,22.653,0,1.5102,-1.644922E-05,22.653,0
1.5111,1.712062E-05,22.6665,0,1.5111,8.728161E-06,22.6665,0
1.512,-2.014191E-06,22.68,0,1.512,3.356985E-07,22.68,0
1.5129,-2.450599E-05,22.6935,0,1.5129,-7.721065E-06,22.6935,0
1.5138,1.712062E-05,22.707,0,1.5138,4.36408E-06,22.707,0
1.5147,2.887007E-05,22.7205,0,1.5147,8.728161E-06,22.7205,0
1.5156,-7.721065E-06,22.734,0,1.5156,-1.208515E-05,22.734,0
1.5165,-3.121996E-05,22.7475,0,1.5165,-6.344701E-05,22.7475,0
1.5174,-2.584878E-05,22.761,0,1.5174,-6.042573E-05,22.761,0
1.5183,-2.24918E-05,22.7745,0,1.5183,-1.107805E-05,22.7745,0
1.5192,-9.399558E-06,22.788,0,1.5192,-1.107805E-05,22.788,0
1.5201,4.733349E-05,22.8015,0,1.5201,-4.49836E-05,22.8015,0
1.521,2.853437E-05,22.815,0,1.521,-7.049668E-06,22.815,0
1.5219,-2.24918E-05,22.8285,0,1.5219,1.577783E-05,22.8285,0
1.5228,-1.678492E-06,22.842,0,1.5228,-2.887007E-05,22.842,0
1.5237,-3.659113E-05,22.8555,0,1.5237,2.618448E-05,22.8555,0
1.5246,-6.076142E-05,22.869,0,1.5246,3.256275E-05,22.869,0
1.5255,-3.927672E-05,22.8825,0,1.5255,-8.392462E-06,22.8825,0
1.5264,-1.141375E-05,22.896,0,1.5264,-2.719158E-05,22.896,0
1.5273,-5.136187E-05,22.9095,0,1.5273,-6.814679E-05,22.9095,0
1.5282,-9.735256E-06,22.923,0,1.5282,-7.385367E-05,22.923,0
1.5291,2.349889E-06,22.9365,0,1.5291,-5.606165E-05,22.9365,0
1.53,-2.24918E-05,22.95,0,1.53,-3.222705E-05,22.95,0
1.5309,-9.063859E-06,22.9635,0,1.5309,5.706874E-06,22.9635,0
1.5318,-1.577783E-05,22.977,0,1.5318,1.812772E-05,22.977,0
1.5327,9.735256E-06,22.9905,0,1.5327,-5.706874E-06,22.9905,0
1.5336,3.558404E-05,23.004,0,1.5336,-3.793393E-05,23.004,0
1.5345,2.954147E-05,23.0175,0,1.5345,-1.409934E-05,23.0175,0
1.5354,3.390555E-05,23.031,0,1.5354,-1.846342E-05,23.031,0
1.5363,1.040665E-05,23.0445,0,1.5363,-5.001907E-05,23.0445,0
1.5372,-5.706874E-06,23.058,0,1.5372,-2.719158E-05,23.058,0
1.5381,-1.376364E-05,23.0715,0,1.5381,3.021286E-06,23.0715,0
1.539,-2.014191E-06,23.085,0,1.539,-4.36408E-06,23.085,0
1.5399,-2.349889E-06,23.0985,0,1.5399,-2.1149E-05,23.0985,0
1.5408,-5.371176E-06,23.112,0,1.5408,-5.069047E-05,23.112,0
1.5417,3.927672E-05,23.1255,0,1.5417,-1.846342E-05,23.1255,0
1.5426,1.443504E-05,23.139,0,1.5426,-1.342794E-06,23.139,0
1.5435,0,23.1525,0,1.5435,-3.491264E-05,23.1525,0
1.5444,-1.275654E-05,23.166,0,1.5444,-5.471885E-05,23.166,0
1.5453,-5.136187E-05,23.1795,0,1.5453,-2.349889E-05,23.1795,0
1.5462,-1.779202E-05,23.193,0,1.5462,-1.913481E-05,23.193,0
1.5471,-2.014191E-06,23.2065,0,1.5471,-4.061952E-05,23.2065,0
1.548,-2.551309E-05,23.22,0,1.548,-3.692683E-06,23.22,0
1.5489,-2.28275E-05,23.2335,0,1.5489,-1.141375E-05,23.2335,0
1.5498,2.014191E-06,23.247,0,1.5498,-3.961242E-05,23.247,0
1.5507,-2.517739E-05,23.2605,0,1.5507,-1.577783E-05,23.2605,0
1.5516,-6.54612E-05,23.274,0,1.5516,-1.611353E-05,23.274,0
1.5525,-4.867628E-05,23.2875,0,1.5525,-3.524834E-05,23.2875,0
1.5534,1.510643E-05,23.301,0,1.5534,-2.18204E-05,23.301,0
1.5543,-3.692683E-06,23.3145,0,1.5543,-4.39765E-05,23.3145,0
1.5552,2.24918E-05,23.328,0,1.5552,-1.544213E-05,23.328,0
1.5561,3.524834E-05,23.3415,0,1.5561,-1.712062E-05,23.3415,0
1.557,7.721065E-06,23.355,0,1.557,-3.323415E-05,23.355,0
1.5579,2.18204E-05,23.3685,0,1.5579,-3.961242E-05,23.3685,0
1.5588,6.042573E-06,23.382,0,1.5588,-8.392462E-06,23.382,0
1.5597,3.021286E-06,23.3955,0,1.5597,-1.644922E-05,23.3955,0
1.5606,2.719158E-05,23.409,0,1.5606,-5.001907E-05,23.409,0
1.5615,4.129091E-05,23.4225,0,1.5615,1.275654E-05,23.4225,0
1.5624,1.309224E-05,23.436,0,1.5624,2.383459E-05,23.436,0
1.5633,-2.685588E-06,23.4495,0,1.5633,-2.417029E-05,23.4495,0
1.5642,-1.242084E-05,23.463,0,1.5642,-2.752728E-05,23.463,0
1.5651,-4.33051E-05,23.4765,0,1.5651,-1.342794E-06,23.4765,0
1.566,-3.390555E-05,23.49,0,1.566,-1.007095E-06,23.49,0
1.5669,-5.706874E-06,23.5035,0,1.5669,-1.242084E-05,23.5035,0
1.5678,2.24918E-05,23.517,0,1.5678,-3.121996E-05,23.517,0
1.5687,1.678492E-05,23.5305,0,1.5687,9.735256E-06,23.5305,0
1.5696,-1.409934E-05,23.544,0,1.5696,3.927672E-05,23.544,0
1.5705,-3.256275E-05,23.5575,0,1.5705,-9.399558E-06,23.5575,0
1.5714,-4.934768E-05,23.571,0,1.5714,-1.242084E-05,23.571,0
1.5723,-6.009003E-05,23.5845,0,1.5723,1.577783E-05,23.5845,0
1.5732,-3.390555E-05,23.598,0,1.5732,-4.36408E-06,23.598,0
1.5741,-2.014191E-06,23.6115,0,1.5741,-2.652018E-05,23.6115,0
1.575,-4.46479E-05,23.625,0,1.575,-2.349889E-06,23.625,0
1.5759,-3.457694E-05,23.6385,0,1.5759,-2.752728E-05,23.6385,0
1.5768,-1.174945E-05,23.652,0,1.5768,-3.793393E-05,23.652,0
1.5777,-4.49836E-05,23.6655,0,1.5777,-1.846342E-05,23.6655,0
1.5786,-1.342794E-06,23.679,0,1.5786,4.699779E-06,23.679,0
1.5795,5.706874E-06,23.6925,0,1.5795,-1.242084E-05,23.6925,0
1.5804,-3.189136E-05,23.706,0,1.5804,-2.047761E-05,23.706,0
1.5813,3.692683E-06,23.7195,0,1.5813,-1.577783E-05,23.7195,0
1.5822,3.390555E-05,23.733,0,1.5822,-8.392462E-06,23.733,0
1.5831,2.349889E-06,23.7465,0,1.5831,-3.256275E-05,23.7465,0
1.584,2.014191E-06,23.76,0,1.584,-3.726253E-05,23.76,0
1.5849,-1.678492E-06,23.7735,0,1.5849,-6.915389E-05,23.7735,0
1.5858,-7.049668E-06,23.787,0,1.5858,-2.819867E-05,23.787,0
1.5867,3.356985E-06,23.8005,0,1.5867,-2.014191E-05,23.8005,0
1.5876,2.652018E-05,23.814,0,1.5876,-6.277562E-05,23.814,0
1.5885,3.356985E-06,23.8275,0,1.5885,-2.24918E-05,23.8275,0
1.5894,9.399558E-06,23.841,0,1.5894,3.726253E-05,23.841,0
1.5903,2.584878E-05,23.8545,0,1.5903,-2.28275E-05,23.8545,0
1.5912,-2.450599E-05,23.868,0,1.5912,-5.874724E-05,23.868,0
1.5921,-3.323415E-05,23.8815,0,1.5921,-2.450599E-05,23.8815,0
1.593,-3.692683E-06,23.895,0,1.593,-2.047761E-05,23.895,0
1.5939,-4.33051E-05,23.9085,0,1.5939,-2.450599E-05,23.9085,0
1.5948,-2.786297E-05,23.922,0,1.5948,-3.591974E-05,23.922,0
1.5957,1.510643E-05,23.9355,0,1.5957,-1.376364E-05,23.9355,0
1.5966,3.356985E-07,23.949,0,1.5966,-1.007095E-05,23.949,0
1.5975,-4.36408E-05,23.9625,0,1.5975,-2.920577E-05,23.9625,0
1.5984,-2.316319E-05,23.976,0,1.5984,-5.136187E-05,23.976,0
1.5993,-2.719158E-05,23.9895,0,1.5993,-2.081331E-05,23.9895,0
1.6002,-1.443504E-05,24.003,0,1.6002,-3.524834E-05,24.003,0
1.6011,1.846342E-05,24.0165,0,1.6011,-4.867628E-05,24.0165,0
1.602,7.721065E-06,24.03,0,1.602,1.510643E-05,24.03,0
1.6029,1.007095E-05,24.0435,0,1.6029,5.069047E-05,24.0435,0
1.6038,9.063859E-06,24.057,0,1.6038,4.39765E-05,24.057,0
1.6047,3.390555E-05,24.0705,0,1.6047,2.551309E-05,24.0705,0
1.6056,1.208515E-05,24.084,0,1.6056,1.242084E-05,24.084,0
1.6065,-2.014191E-06,24.0975,0,1.6065,1.040665E-05,24.0975,0
1.6074,-9.735256E-06,24.111,0,1.6074,-1.040665E-05,24.111,0
1.6083,-8.728161E-06,24.1245,0,1.6083,-6.478981E-05,24.1245,0
1.6092,-3.256275E-05,24.138,0,1.6092,-3.659113E-05,24.138,0
1.6101,-1.409934E-05,24.1515,0,1.6101,-1.577783E-05,24.1515,0
1.611,-6.042573E-06,24.165,0,1.611,-2.719158E-05,24.165,0
1.6119,-2.014191E-06,24.1785,0,1.6119,-5.069047E-05,24.1785,0
1.6128,-9.399558E-06,24.192,0,1.6128,-2.14847E-05,24.192,0
1.6137,-3.356985E-07,24.2055,0,1.6137,-7.721065E-06,24.2055,0
1.6146,1.712062E-05,24.219,0,1.6146,-5.606165E-05,24.219,0
1.6155,2.618448E-05,24.2325,0,1.6155,-1.007095E-05,24.2325,0
1.6164,7.721065E-06,24.246,0,1.6164,1.443504E-05,24.246,0
1.6173,-1.007095E-06,24.2595,0,1.6173,-2.21561E-05,24.2595,0
1.6182,-6.713969E-07,24.273,0,1.6182,-3.155566E-05,24.273,0
1.6191,-2.987716E-05,24.2865,0,1.6191,2.685588E-06,24.2865,0
1.62,-3.021286E-05,24.3,0,1.62,4.36408E-06,24.3,0
1.6209,-2.316319E-05,24.3135,0,1.6209,-9.399558E-06,24.3135,0
1.6218,2.349889E-06,24.327,0,1.6218,-1.611353E-05,24.327,0
1.6227,5.035477E-06,24.3405,0,1.6227,3.289845E-05,24.3405,0
1.6236,-3.692683E-06,24.354,0,1.6236,1.846342E-05,24.354,0
1.6245,-2.517739E-05,24.3675,0,1.6245,-5.673304E-05,24.3675,0
1.6254,1.678492E-06,24.381,0,1.6254,-8.023193E-05,24.381,0
1.6263,-1.644922E-05,24.3945,0,1.6263,-1.678492E-06,24.3945,0
1.6272,-3.625543E-05,24.408,0,1.6272,-4.599069E-05,24.408,0
1.6281,-2.484169E-05,24.4215,0,1.6281,-0.0001315938,24.4215,0
1.629,-3.189136E-05,24.435,0,1.629,-6.64683E-05,24.435,0
1.6299,-4.33051E-05,24.4485,0,1.6299,-3.894102E-05,24.4485,0
1.6308,6.713969E-07,24.462,0,1.6308,-8.191043E-05,24.462,0
1.6317,2.383459E-05,24.4755,0,1.6317,-3.390555E-05,24.4755,0
1.6326,5.035477E-06,24.489,0,1.6326,4.129091E-05,24.489,0
1.6335,2.1149E-05,24.5025,0,1.6335,3.356985E-05,24.5025,0
1.6344,-2.450599E-05,24.516,0,1.6344,-1.275654E-05,24.516,0
1.6353,-3.659113E-05,24.5295,0,1.6353,-1.678492E-05,24.5295,0
1.6362,-4.196231E-05,24.543,0,1.6362,-7.049668E-06,24.543,0
1.6371,-3.994812E-05,24.5565,0,1.6371,2.349889E-06,24.5565,0
1.638,-3.457694E-05,24.57,0,1.638,-2.14847E-05,24.57,0
1.6389,-1.208515E-05,24.5835,0,1.6389,-5.270466E-05,24.5835,0
1.6398,3.323415E-05,24.597,0,1.6398,-1.644922E-05,24.597,0
1.6407,3.054856E-05,24.6105,0,1.6407,-1.107805E-05,24.6105,0
1.6416,3.189136E-05,24.624,0,1.6416,-4.36408E-05,24.624,0
1.6425,-6.713969E-07,24.6375,0,1.6425,-7.721065E-06,24.6375,0
1.6434,-1.947051E-05,24.651,0,1.6434,9.399558E-06,24.651,0
1.6443,-1.510643E-05,24.6645,0,1.6443,-3.189136E-05,24.6645,0
1.6452,-3.054856E-05,24.678,0,1.6452,-1.510643E-05,24.678,0
1.6461,-4.53193E-05,24.6915,0,1.6461,1.678492E-06,24.6915,0
1.647,-4.061952E-05,24.705,0,1.647,6.713969E-07,24.705,0
1.6479,-2.584878E-05,24.7185,0,1.6479,-2.081331E-05,24.7185,0
1.6488,1.275654E-05,24.732,0,1.6488,-4.766919E-05,24.732,0
1.6497,2.014191E-05,24.7455,0,1.6497,-9.399558E-06,24.7455,0
1.6506,3.994812E-05,24.759,0,1.6506,0,24.759,0
1.6515,3.961242E-05,24.7725,0,1.6515,-2.987716E-05,24.7725,0
1.6524,-3.021286E-06,24.786,0,1.6524,-3.692683E-05,24.786,0
1.6533,-5.706874E-06,24.7995,0,1.6533,8.728161E-06,24.7995,0
1.6542,2.450599E-05,24.813,0,1.6542,1.678492E-06,24.813,0
1.6551,1.846342E-05,24.8265,0,1.6551,-3.424125E-05,24.8265,0
1.656,1.242084E-05,24.84,0,1.656,-3.021286E-06,24.84,0
1.6569,2.417029E-05,24.8535,0,1.6569,1.443504E-05,24.8535,0
1.6578,3.054856E-05,24.867,0,1.6578,-3.088426E-05,24.867,0
1.6587,-1.376364E-05,24.8805,0,1.6587,-2.920577E-05,24.8805,0
1.6596,-1.107805E-05,24.894,0,1.6596,-3.356985E-07,24.894,0
1.6605,9.735256E-06,24.9075,0,1.6605,-2.450599E-05,24.9075,0
1.6614,-5.001907E-05,24.921,0,1.6614,-3.323415E-05,24.921,0
1.6623,-0.0001040665,24.9345,0,1.6623,-1.779202E-05,24.9345,0
1.6632,-0.0001258869,24.948,0,1.6632,2.1149E-05,24.948,0
1.6641,-5.404745E-05,24.9615,0,1.6641,4.095522E-05,24.9615,0
1.665,3.189136E-05,24.975,0,1.665,-1.309224E-05,24.975,0
1.6659,7.083238E-05,24.9885,0,1.6659,-5.874724E-05,24.9885,0
1.6668,3.860533E-05,25.002,0,1.6668,-1.007095E-06,25.002,0
1.6677,1.779202E-05,25.0155,0,1.6677,-1.242084E-05,25.0155,0
1.6686,5.136187E-05,25.029,0,1.6686,-5.673304E-05,25.029,0
1.6695,-1.040665E-05,25.0425,0,1.6695,-1.242084E-05,25.0425,0
1.6704,-4.33051E-05,25.056,0,1.6704,5.035477E-06,25.056,0
1.6713,-2.383459E-05,25.0695,0,1.6713,-2.349889E-05,25.0695,0
1.6722,5.706874E-06,25.083,0,1.6722,-2.685588E-05,25.083,0
1.6731,2.014191E-06,25.0965,0,1.6731,-2.349889E-06,25.0965,0
1.674,1.309224E-05,25.11,0,1.674,-1.107805E-05,25.11,0
1.6749,2.1149E-05,25.1235,0,1.6749,-1.712062E-05,25.1235,0
1.6758,-1.644922E-05,25.137,0,1.6758,-4.263371E-05,25.137,0
1.6767,-2.652018E-05,25.1505,0,1.6767,-2.987716E-05,25.1505,0
1.6776,1.443504E-05,25.164,0,1.6776,-1.678492E-06,25.164,0
1.6785,-3.659113E-05,25.1775,0,1.6785,-5.069047E-05,25.1775,0
1.6794,-6.713969E-07,25.191,0,1.6794,-4.666209E-05,25.191,0
1.6803,-6.378271E-06,25.2045,0,1.6803,-1.510643E-05,25.2045,0
1.6812,1.376364E-05,25.218,0,1.6812,-4.36408E-06,25.218,0
1.6821,3.323415E-05,25.2315,0,1.6821,-4.599069E-05,25.2315,0
1.683,-1.107805E-05,25.245,0,1.683,-4.095522E-05,25.245,0
1.6839,3.356985E-06,25.2585,0,1.6839,-4.867628E-05,25.2585,0
1.6848,7.721065E-06,25.272,0,1.6848,-6.344701E-05,25.272,0
1.6857,1.309224E-05,25.2855,0,1.6857,-4.29694E-05,25.2855,0
1.6866,-1.040665E-05,25.299,0,1.6866,4.36408E-06,25.299,0
1.6875,-3.524834E-05,25.3125,0,1.6875,5.404745E-05,25.3125,0
1.6884,-4.36408E-05,25.326,0,1.6884,2.752728E-05,25.326,0
1.6893,-2.349889E-05,25.3395,0,1.6893,-3.021286E-05,25.3395,0
1.6902,-3.189136E-05,25.353,0,1.6902,-1.107805E-05,25.353,0
1.6911,-7.586786E-05,25.3665,0,1.6911,1.577783E-05,25.3665,0
1.692,-5.740444E-05,25.38,0,1.692,-3.256275E-05,25.38,0
1.6929,-3.591974E-05,25.3935,0,1.6929,-4.800488E-05,25.3935,0
1.6938,-2.786297E-05,25.407,0,1.6938,4.699779E-06,25.407,0
1.6947,8.728161E-06,25.4205,0,1.6947,8.728161E-06,25.4205,0
1.6956,2.349889E-05,25.434,0,1.6956,-3.323415E-05,25.434,0
1.6965,-3.524834E-05,25.4475,0,1.6965,-7.721065E-06,25.4475,0
1.6974,-3.021286E-06,25.461,0,1.6974,-1.309224E-05,25.461,0
1.6983,4.229801E-05,25.4745,0,1.6983,-4.599069E-05,25.4745,0
1.6992,-2.618448E-05,25.488,0,1.6992,-1.242084E-05,25.488,0
1.7001,-3.826963E-05,25.5015,0,1.7001,-1.678492E-06,25.5015,0
1.701,2.1149E-05,25.515,0,1.701,2.014191E-06,25.515,0
1.7019,4.867628E-05,25.5285,0,1.7019,-1.947051E-05,25.5285,0
1.7028,2.349889E-06,25.542,0,1.7028,-4.33051E-05,25.542,0
1.7037,-9.063859E-06,25.5555,0,1.7037,-1.376364E-05,25.5555,0
1.7046,-1.644922E-05,25.569,0,1.7046,-5.035477E-06,25.569,0
1.7055,-1.745632E-05,25.5825,0,1.7055,-4.129091E-05,25.5825,0
1.7064,-2.685588E-06,25.596,0,1.7064,-8.258183E-05,25.596,0
1.7073,-1.879912E-05,25.6095,0,1.7073,-5.035477E-05,25.6095,0
1.7082,-1.745632E-05,25.623,0,1.7082,-5.337606E-05,25.623,0
1.7091,1.409934E-05,25.6365,0,1.7091,-6.277562E-05,25.6365,0
1.71,9.063859E-06,25.65,0,1.71,-1.678492E-06,25.65,0
1.7109,1.678492E-05,25.6635,0,1.7109,-6.713969E-07,25.6635,0
1.7118,3.356985E-06,25.677,0,1.7118,-3.256275E-05,25.677,0
1.7127,4.36408E-06,25.6905,0,1.7127,-5.169757E-05,25.6905,0
1.7136,-1.779202E-05,25.704,0,1.7136,-1.309224E-05,25.704,0
1.7145,-1.141375E-05,25.7175,0,1.7145,4.699779E-06,25.7175,0
1.7154,-1.174945E-05,25.731,0,1.7154,-8.392462E-06,25.731,0
1.7163,-9.399558E-06,25.7445,0,1.7163,-4.666209E-05,25.7445,0
1.7172,2.081331E-05,25.758,0,1.7172,-1.879912E-05,25.758,0
1.7181,5.404745E-05,25.7715,0,1.7181,1.007095E-06,25.7715,0
1.719,1.846342E-05,25.785,0,1.719,-3.558404E-05,25.785,0
1.7199,3.088426E-05,25.7985,0,1.7199,-5.404745E-05,25.7985,0
1.7208,1.342794E-05,25.812,0,1.7208,9.735256E-06,25.812,0
1.7217,-3.121996E-05,25.8255,0,1.7217,-7.721065E-06,25.8255,0
1.7226,2.584878E-05,25.839,0,1.7226,-3.591974E-05,25.839,0
1.7235,1.208515E-05,25.8525,0,1.7235,-2.047761E-05,25.8525,0
1.7244,-1.510643E-05,25.866,0,1.7244,0,25.866,0
1.7253,-3.356985E-06,25.8795,0,1.7253,-7.721065E-06,25.8795,0
1.7262,7.721065E-06,25.893,0,1.7262,-3.692683E-06,25.893,0
1.7271,-1.107805E-05,25.9065,0,1.7271,3.088426E-05,25.9065,0
1.728,-2.887007E-05,25.92,0,1.728,2.14847E-05,25.92,0
1.7289,-2.316319E-05,25.9335,0,1.7289,7.721065E-06,25.9335,0
1.7298,-3.088426E-05,25.947,0,1.7298,-5.337606E-05,25.947,0
1.7307,-3.121996E-05,25.9605,0,1.7307,-7.620356E-05,25.9605,0
1.7316,-3.424125E-05,25.974,0,1.7316,-2.652018E-05,25.974,0
1.7325,-1.007095E-05,25.9875,0,1.7325,-4.46479E-05,25.9875,0
1.7334,-1.376364E-05,26.001,0,1.7334,-5.069047E-05,26.001,0
1.7343,4.36408E-06,26.0145,0,1.7343,3.021286E-05,26.0145,0
1.7352,3.491264E-05,26.028,0,1.7352,6.210422E-05,26.028,0
1.7361,1.409934E-05,26.0415,0,1.7361,2.349889E-06,26.0415,0
1.737,-6.61326E-05,26.055,0,1.737,1.174945E-05,26.055,0
1.7379,-9.063859E-05,26.0685,0,1.7379,3.088426E-05,26.0685,0
1.7388,-7.687495E-05,26.082,0,1.7388,-7.385367E-06,26.082,0
1.7397,-2.1149E-05,26.0955,0,1.7397,-3.021286E-06,26.0955,0
1.7406,-2.081331E-05,26.109,0,1.7406,1.812772E-05,26.109,0
1.7415,-2.752728E-05,26.1225,0,1.7415,-5.035477E-06,26.1225,0
1.7424,1.947051E-05,26.136,0,1.7424,-1.644922E-05,26.136,0
1.7433,3.591974E-05,26.1495,0,1.7433,-2.484169E-05,26.1495,0
1.7442,2.349889E-06,26.163,0,1.7442,-1.779202E-05,26.163,0
1.7451,-3.256275E-05,26.1765,0,1.7451,-2.349889E-05,26.1765,0
1.746,-3.457694E-05,26.19,0,1.746,-2.920577E-05,26.19,0
1.7469,-2.047761E-05,26.2035,0,1.7469,-5.102617E-05,26.2035,0
1.7478,-7.721065E-06,26.217,0,1.7478,-9.399558E-06,26.217,0
1.7487,5.203327E-05,26.2305,0,1.7487,8.056763E-06,26.2305,0
1.7496,7.687495E-05,26.244,0,1.7496,-5.471885E-05,26.244,0
1.7505,-5.706874E-06,26.2575,0,1.7505,-5.136187E-05,26.2575,0
1.7514,-2.853437E-05,26.271,0,1.7514,-8.056763E-06,26.271,0
1.7523,-1.879912E-05,26.2845,0,1.7523,-4.733349E-05,26.2845,0
1.7532,-2.987716E-05,26.298,0,1.7532,-5.740444E-05,26.298,0
1.7541,-4.095522E-05,26.3115,0,1.7541,-2.21561E-05,26.3115,0
1.755,-2.450599E-05,26.325,0,1.755,-2.24918E-05,26.325,0
1.7559,-2.920577E-05,26.3385,0,1.7559,-4.46479E-05,26.3385,0
1.7568,2.685588E-06,26.352,0,1.7568,-5.102617E-05,26.352,0
1.7577,2.349889E-06,26.3655,0,1.7577,-1.107805E-05,26.3655,0
1.7586,2.383459E-05,26.379,0,1.7586,2.652018E-05,26.379,0
1.7595,1.309224E-05,26.3925,0,1.7595,-1.376364E-05,26.3925,0
1.7604,-8.392462E-06,26.406,0,1.7604,-2.484169E-05,26.406,0
1.7613,-7.385367E-06,26.4195,0,1.7613,1.846342E-05,26.4195,0
1.7622,4.36408E-06,26.433,0,1.7622,2.517739E-05,26.433,0
1.7631,1.712062E-05,26.4465,0,1.7631,-3.021286E-06,26.4465,0
1.764,1.040665E-05,26.46,0,1.764,9.735256E-06,26.46,0
1.7649,-1.107805E-05,26.4735,0,1.7649,-9.399558E-06,26.4735,0
1.7658,-2.18204E-05,26.487,0,1.7658,-7.183947E-05,26.487,0
1.7667,-8.392462E-06,26.5005,0,1.7667,-6.61326E-05,26.5005,0
1.7676,-1.644922E-05,26.514,0,1.7676,-5.069047E-05,26.514,0
1.7685,-4.196231E-05,26.5275,0,1.7685,-5.270466E-05,26.5275,0
1.7694,-3.659113E-05,26.541,0,1.7694,-3.289845E-05,26.541,0
1.7703,-1.141375E-05,26.5545,0,1.7703,-3.659113E-05,26.5545,0
1.7712,-1.040665E-05,26.568,0,1.7712,-3.692683E-06,26.568,0
1.7721,-6.042573E-06,26.5815,0,1.7721,3.692683E-06,26.5815,0
1.773,-1.309224E-05,26.595,0,1.773,-4.666209E-05,26.595,0
1.7739,1.913481E-05,26.6085,0,1.7739,-4.666209E-05,26.6085,0
1.7748,-1.577783E-05,26.622,0,1.7748,3.021286E-06,26.622,0
1.7757,-5.035477E-06,26.6355,0,1.7757,-1.443504E-05,26.6355,0
1.7766,1.846342E-05,26.649,0,1.7766,-7.486076E-05,26.649,0
1.7775,3.356985E-07,26.6625,0,1.7775,-4.229801E-05,26.6625,0
1.7784,9.063859E-06,26.676,0,1.7784,-3.692683E-06,26.676,0
1.7793,1.477073E-05,26.6895,0,1.7793,-3.289845E-05,26.6895,0
1.7802,-4.162661E-05,26.703,0,1.7802,-1.443504E-05,26.703,0
1.7811,-5.337606E-05,26.7165,0,1.7811,8.426032E-05,26.7165,0
1.782,-2.18204E-05,26.73,0,1.782,4.666209E-05,26.73,0
1.7829,-3.121996E-05,26.7435,0,1.7829,-1.779202E-05,26.7435,0
1.7838,-2.584878E-05,26.757,0,1.7838,-3.256275E-05,26.757,0
1.7847,9.735256E-06,26.7705,0,1.7847,-7.721065E-06,26.7705,0
1.7856,2.652018E-05,26.784,0,1.7856,-1.913481E-05,26.784,0
1.7865,3.054856E-05,26.7975,0,1.7865,-2.316319E-05,26.7975,0
1.7874,3.390555E-05,26.811,0,1.7874,-3.793393E-05,26.811,0
1.7883,2.349889E-06,26.8245,0,1.7883,-8.056763E-06,26.8245,0
1.7892,1.913481E-05,26.838,0,1.7892,-1.477073E-05,26.838,0
1.7901,4.968337E-05,26.8515,0,1.7901,-4.766919E-05,26.8515,0
1.791,3.021286E-06,26.865,0,1.791,1.007095E-06,26.865,0
1.7919,-3.356985E-07,26.8785,0,1.7919,4.699779E-06,26.8785,0
1.7928,5.035477E-06,26.892,0,1.7928,-3.994812E-05,26.892,0
1.7937,-3.021286E-05,26.9055,0,1.7937,-4.061952E-05,26.9055,0
1.7946,-5.740444E-05,26.919,0,1.7946,-5.706874E-06,26.919,0
1.7955,-4.766919E-05,26.9325,0,1.7955,-9.735256E-06,26.9325,0
1.7964,-3.692683E-05,26.946,0,1.7964,-1.174945E-05,26.946,0
1.7973,-2.719158E-05,26.9595,0,1.7973,-4.53193E-05,26.9595,0
1.7982,-1.107805E-05,26.973,0,1.7982,-7.049668E-06,26.973,0
1.7991,2.383459E-05,26.9865,0,1.7991,1.577783E-05,26.9865,0
1.8,4.867628E-05,27,0,1.8,-1.846342E-05,27,0
1.8009,4.39765E-05,27.0135,0,1.8009,-1.812772E-05,27.0135,0
1.8018,3.323415E-05,27.027,0,1.8018,1.107805E-05,27.027,0
1.8027,5.740444E-05,27.0405,0,1.8027,1.342794E-06,27.0405,0
1.8036,5.874724E-05,27.054,0,1.8036,-3.558404E-05,27.054,0
1.8045,1.007095E-06,27.0675,0,1.8045,-2.652018E-05,27.0675,0
1.8054,1.678492E-06,27.081,0,1.8054,-9.735256E-06,27.081,0
1.8063,-3.356985E-07,27.0945,0,1.8063,-2.14847E-05,27.0945,0
1.8072,-2.584878E-05,27.108,0,1.8072,-4.095522E-05,27.108,0
1.8081,-8.291753E-05,27.1215,0,1.8081,-4.162661E-05,27.1215,0
1.809,-6.915389E-05,27.135,0,1.809,-3.155566E-05,27.135,0
1.8099,-1.745632E-05,27.1485,0,1.8099,-2.987716E-05,27.1485,0
1.8108,-1.678492E-05,27.162,0,1.8108,-3.390555E-05,27.162,0
1.8117,-3.189136E-05,27.1755,0,1.8117,4.36408E-06,27.1755,0
1.8126,-5.706874E-06,27.189,0,1.8126,4.46479E-05,27.189,0
1.8135,-1.107805E-05,27.2025,0,1.8135,1.443504E-05,27.2025,0
1.8144,-1.779202E-05,27.216,0,1.8144,-3.323415E-05,27.216,0
1.8153,-3.591974E-05,27.2295,0,1.8153,-1.141375E-05,27.2295,0
1.8162,-3.155566E-05,27.243,0,1.8162,-4.196231E-05,27.243,0
1.8171,-9.735256E-06,27.2565,0,1.8171,-7.553216E-05,27.2565,0
1.818,-3.457694E-05,27.27,0,1.818,-2.14847E-05,27.27,0
1.8189,-3.054856E-05,27.2835,0,1.8189,-1.779202E-05,27.2835,0
1.8198,-9.063859E-06,27.297,0,1.8198,-3.994812E-05,27.297,0
1.8207,-4.095522E-05,27.3105,0,1.8207,-1.947051E-05,27.3105,0
1.8216,-3.457694E-05,27.324,0,1.8216,-1.007095E-06,27.324,0
1.8225,-2.316319E-05,27.3375,0,1.8225,-1.443504E-05,27.3375,0
1.8234,-2.920577E-05,27.351,0,1.8234,-1.879912E-05,27.351,0
1.8243,-3.390555E-05,27.3645,0,1.8243,-5.304036E-05,27.3645,0
1.8252,-1.510643E-05,27.378,0,1.8252,-7.318227E-05,27.378,0
1.8261,-2.24918E-05,27.3915,0,1.8261,-4.39765E-05,27.3915,0
1.827,-1.913481E-05,27.405,0,1.827,-4.43122E-05,27.405,0
1.8279,-1.644922E-05,27.4185,0,1.8279,-7.083238E-05,27.4185,0
1.8288,-9.735256E-06,27.432,0,1.8288,-2.383459E-05,27.432,0
1.8297,1.644922E-05,27.4455,0,1.8297,5.136187E-05,27.4455,0
1.8306,5.606165E-05,27.459,0,1.8306,2.383459E-05,27.459,0
1.8315,5.740444E-05,27.4725,0,1.8315,1.409934E-05,27.4725,0
1.8324,3.659113E-05,27.486,0,1.8324,4.028382E-06,27.486,0
1.8333,2.752728E-05,27.4995,0,1.8333,-2.652018E-05,27.4995,0
1.8342,1.644922E-05,27.513,0,1.8342,-4.46479E-05,27.513,0
1.8351,-3.625543E-05,27.5265,0,1.8351,-8.728161E-06,27.5265,0
1.836,-3.155566E-05,27.54,0,1.836,-2.21561E-05,27.54,0
1.8369,-6.378271E-06,27.5535,0,1.8369,-1.040665E-05,27.5535,0
1.8378,1.040665E-05,27.567,0,1.8378,-1.309224E-05,27.567,0
1.8387,3.121996E-05,27.5805,0,1.8387,2.819867E-05,27.5805,0
1.8396,-1.007095E-06,27.594,0,1.8396,-9.063859E-06,27.594,0
1.8405,2.349889E-06,27.6075,0,1.8405,-5.203327E-05,27.6075,0
1.8414,-1.007095E-06,27.621,0,1.8414,-3.390555E-05,27.621,0
1.8423,-2.786297E-05,27.6345,0,1.8423,2.014191E-06,27.6345,0
1.8432,-2.920577E-05,27.648,0,1.8432,-9.735256E-06,27.648,0
1.8441,-3.659113E-05,27.6615,0,1.8441,-4.666209E-05,27.6615,0
1.845,-2.014191E-05,27.675,0,1.845,-7.049668E-06,27.675,0
1.8459,2.853437E-05,27.6885,0,1.8459,-1.342794E-06,27.6885,0
1.8468,2.21561E-05,27.702,0,1.8468,-2.316319E-05,27.702,0
1.8477,1.779202E-05,27.7155,0,1.8477,-3.323415E-05,27.7155,0
1.8486,1.678492E-06,27.729,0,1.8486,-2.652018E-05,27.729,0
1.8495,1.477073E-05,27.7425,0,1.8495,-3.256275E-05,27.7425,0
1.8504,3.356985E-06,27.756,0,1.8504,-2.18204E-05,27.756,0
1.8513,9.063859E-06,27.7695,0,1.8513,-5.001907E-05,27.7695,0
1.8522,2.24918E-05,27.783,0,1.8522,-2.853437E-05,27.783,0
1.8531,5.706874E-06,27.7965,0,1.8531,-4.028382E-06,27.7965,0
1.854,-9.399558E-06,27.81,0,1.854,-1.779202E-05,27.81,0
1.8549,2.316319E-05,27.8235,0,1.8549,-1.275654E-05,27.8235,0
1.8558,-2.047761E-05,27.837,0,1.8558,2.819867E-05,27.837,0
1.8567,9.735256E-06,27.8505,0,1.8567,5.035477E-06,27.8505,0
1.8576,4.196231E-05,27.864,0,1.8576,-5.572595E-05,27.864,0
1.8585,-9.735256E-06,27.8775,0,1.8585,-5.706874E-06,27.8775,0
1.8594,-7.049668E-06,27.891,0,1.8594,-8.392462E-06,27.891,0
1.8603,-3.021286E-05,27.9045,0,1.8603,-4.901198E-05,27.9045,0
1.8612,-5.572595E-05,27.918,0,1.8612,-4.129091E-05,27.918,0
1.8621,-6.881819E-05,27.9315,0,1.8621,-2.584878E-05,27.9315,0
1.863,-3.927672E-05,27.945,0,1.863,-3.088426E-05,27.945,0
1.8639,-2.652018E-05,27.9585,0,1.8639,-3.659113E-05,27.9585,0
1.8648,-2.786297E-05,27.972,0,1.8648,-4.632639E-05,27.972,0
1.8657,-6.378271E-06,27.9855,0,1.8657,3.894102E-05,27.9855,0
1.8666,1.174945E-05,27.999,0,1.8666,5.740444E-05,27.999,0
1.8675,-1.174945E-05,28.0125,0,1.8675,-1.678492E-06,28.0125,0
1.8684,-2.24918E-05,28.026,0,1.8684,-2.584878E-05,28.026,0
1.8693,-2.887007E-05,28.0395,0,1.8693,4.028382E-06,28.0395,0
1.8702,-2.920577E-05,28.053,0,1.8702,-7.049668E-06,28.053,0
1.8711,1.745632E-05,28.0665,0,1.8711,-4.061952E-05,28.0665,0
1.872,2.349889E-06,28.08,0,1.872,-1.107805E-05,28.08,0
1.8729,-3.659113E-05,28.0935,0,1.8729,-8.392462E-06,28.0935,0
1.8738,-8.392462E-06,28.107,0,1.8738,-3.189136E-05,28.107,0
1.8747,-6.713969E-07,28.1205,0,1.8747,-1.309224E-05,28.1205,0
1.8756,-1.007095E-05,28.134,0,1.8756,-2.014191E-06,28.134,0
1.8765,-2.383459E-05,28.1475,0,1.8765,-2.081331E-05,28.1475,0
1.8774,-1.846342E-05,28.161,0,1.8774,-2.786297E-05,28.161,0
1.8783,-1.980621E-05,28.1745,0,1.8783,-1.913481E-05,28.1745,0
1.8792,-3.289845E-05,28.188,0,1.8792,5.706874E-06,28.188,0
1.8801,-2.551309E-05,28.2015,0,1.8801,1.342794E-06,28.2015,0
1.881,-8.392462E-06,28.215,0,1.881,-2.21561E-05,28.215,0
1.8819,1.309224E-05,28.2285,0,1.8819,-4.061952E-05,28.2285,0
1.8828,3.256275E-05,28.242,0,1.8828,1.141375E-05,28.242,0
1.8837,6.411841E-05,28.2555,0,1.8837,9.063859E-06,28.2555,0
1.8846,6.411841E-05,28.269,0,1.8846,-5.404745E-05,28.269,0
1.8855,2.752728E-05,28.2825,0,1.8855,-1.779202E-05,28.2825,0
1.8864,-3.121996E-05,28.296,0,1.8864,-5.706874E-06,28.296,0
1.8873,-4.733349E-05,28.3095,0,1.8873,-6.411841E-05,28.3095,0
1.8882,-1.242084E-05,28.323,0,1.8882,-6.57969E-05,28.323,0
1.8891,-1.678492E-06,28.3365,0,1.8891,-2.652018E-05,28.3365,0
1.89,-3.021286E-06,28.35,0,1.89,-3.121996E-05,28.35,0
1.8909,-1.275654E-05,28.3635,0,1.8909,-5.740444E-05,28.3635,0
1.8918,5.035477E-06,28.377,0,1.8918,-6.311131E-05,28.377,0
1.8927,-3.659113E-05,28.3905,0,1.8927,-3.826963E-05,28.3905,0
1.8936,-9.097429E-05,28.404,0,1.8936,-1.577783E-05,28.404,0
1.8945,-4.53193E-05,28.4175,0,1.8945,1.107805E-05,28.4175,0
1.8954,3.356985E-06,28.431,0,1.8954,-3.021286E-06,28.431,0
1.8963,-1.409934E-05,28.4445,0,1.8963,1.275654E-05,28.4445,0
1.8972,9.735256E-06,28.458,0,1.8972,-1.678492E-06,28.458,0
1.8981,9.164568E-05,28.4715,0,1.8981,-2.081331E-05,28.4715,0
1.899,6.277562E-05,28.485,0,1.899,1.678492E-05,28.485,0
1.8999,-7.049668E-06,28.4985,0,1.8999,2.551309E-05,28.4985,0
1.9008,6.378271E-06,28.512,0,1.9008,-1.141375E-05,28.512,0
1.9017,8.728161E-06,28.5255,0,1.9017,-2.081331E-05,28.5255,0
1.9026,-3.356985E-05,28.539,0,1.9026,-2.618448E-05,28.539,0
1.9035,-2.719158E-05,28.5525,0,1.9035,-3.356985E-05,28.5525,0
1.9044,-2.21561E-05,28.566,0,1.9044,-2.383459E-05,28.566,0
1.9053,-1.611353E-05,28.5795,0,1.9053,-2.920577E-05,28.5795,0
1.9062,3.457694E-05,28.593,0,1.9062,9.063859E-06,28.593,0
1.9071,-1.510643E-05,28.6065,0,1.9071,-9.735256E-06,28.6065,0
1.908,-1.577783E-05,28.62,0,1.908,-3.961242E-05,28.62,0
1.9089,3.692683E-06,28.6335,0,1.9089,-3.390555E-05,28.6335,0
1.9098,-2.517739E-05,28.647,0,1.9098,-3.692683E-06,28.647,0
1.9107,-3.054856E-05,28.6605,0,1.9107,-1.678492E-05,28.6605,0
1.9116,-1.980621E-05,28.674,0,1.9116,-4.39765E-05,28.674,0
1.9125,-1.678492E-05,28.6875,0,1.9125,-2.652018E-05,28.6875,0
1.9134,-2.450599E-05,28.701,0,1.9134,-1.510643E-05,28.701,0
1.9143,-3.457694E-05,28.7145,0,1.9143,-3.860533E-05,28.7145,0
1.9152,-4.46479E-05,28.728,0,1.9152,-1.275654E-05,28.728,0
1.9161,-7.553216E-05,28.7415,0,1.9161,-3.021286E-06,28.7415,0
1.917,-6.74754E-05,28.755,0,1.917,-4.699779E-06,28.755,0
1.9179,-3.390555E-05,28.7685,0,1.9179,-9.063859E-06,28.7685,0
1.9188,4.028382E-06,28.782,0,1.9188,-2.383459E-05,28.782,0
1.9197,1.510643E-05,28.7955,0,1.9197,-3.054856E-05,28.7955,0
1.9206,6.78111E-05,28.809,0,1.9206,-2.28275E-05,28.809,0
1.9215,7.217517E-05,28.8225,0,1.9215,-3.121996E-05,28.8225,0
1.9224,5.874724E-05,28.836,0,1.9224,-3.625543E-05,28.836,0
1.9233,-3.021286E-06,28.8495,0,1.9233,1.644922E-05,28.8495,0
1.9242,-1.208515E-05,28.863,0,1.9242,2.349889E-06,28.863,0
1.9251,9.735256E-06,28.8765,0,1.9251,-3.927672E-05,28.8765,0
1.926,1.040665E-05,28.89,0,1.926,-4.36408E-06,28.89,0
1.9269,-3.356985E-07,28.9035,0,1.9269,9.063859E-06,28.9035,0
1.9278,-2.719158E-05,28.917,0,1.9278,-1.913481E-05,28.917,0
1.9287,-6.478981E-05,28.9305,0,1.9287,-3.457694E-05,28.9305,0
1.9296,-3.726253E-05,28.944,0,1.9296,-9.399558E-06,28.944,0
1.9305,-6.713969E-07,28.9575,0,1.9305,-2.014191E-06,28.9575,0
1.9314,-2.819867E-05,28.971,0,1.9314,-1.846342E-05,28.971,0
1.9323,1.040665E-05,28.9845,0,1.9323,-2.517739E-05,28.9845,0
1.9332,6.042573E-06,28.998,0,1.9332,-2.887007E-05,28.998,0
1.9341,-1.141375E-05,29.0115,0,1.9341,-3.524834E-05,29.0115,0
1.935,3.021286E-06,29.025,0,1.935,-4.699779E-05,29.025,0
1.9359,3.021286E-06,29.0385,0,1.9359,-6.311131E-05,29.0385,0
1.9368,-9.063859E-06,29.052,0,1.9368,-8.392462E-06,29.052,0
1.9377,-2.584878E-05,29.0655,0,1.9377,1.342794E-06,29.0655,0
1.9386,-1.007095E-06,29.079,0,1.9386,-4.599069E-05,29.079,0
1.9395,-2.450599E-05,29.0925,0,1.9395,-2.450599E-05,29.0925,0
1.9404,-1.409934E-05,29.106,0,1.9404,1.141375E-05,29.106,0
1.9413,3.289845E-05,29.1195,0,1.9413,-2.450599E-05,29.1195,0
1.9422,2.18204E-05,29.133,0,1.9422,-3.860533E-05,29.133,0
1.9431,1.208515E-05,29.1465,0,1.9431,-1.040665E-05,29.1465,0
1.944,1.107805E-05,29.16,0,1.944,-7.049668E-06,29.16,0
1.9449,4.028382E-06,29.1735,0,1.9449,-1.242084E-05,29.1735,0
1.9458,1.007095E-06,29.187,0,1.9458,-4.46479E-05,29.187,0
1.9467,-1.510643E-05,29.2005,0,1.9467,-3.390555E-05,29.2005,0
1.9476,-1.174945E-05,29.214,0,1.9476,-3.155566E-05,29.214,0
1.9485,-1.409934E-05,29.2275,0,1.9485,-4.53193E-05,29.2275,0
1.9494,-9.735256E-06,29.241,0,1.9494,-3.289845E-05,29.241,0
1.9503,-2.786297E-05,29.2545,0,1.9503,3.155566E-05,29.2545,0
1.9512,-1.007095E-05,29.268,0,1.9512,4.29694E-05,29.268,0
1.9521,1.678492E-05,29.2815,0,1.9521,-7.721065E-06,29.2815,0
1.953,1.980621E-05,29.295,0,1.953,1.712062E-05,29.295,0
1.9539,-1.644922E-05,29.3085,0,1.9539,1.577783E-05,29.3085,0
1.9548,-5.035477E-05,29.322,0,1.9548,-2.887007E-05,29.322,0
1.9557,-4.33051E-05,29.3355,0,1.9557,-2.18204E-05,29.3355,0
1.9566,-2.752728E-05,29.349,0,1.9566,2.047761E-05,29.349,0
1.9575,-1.242084E-05,29.3625,0,1.9575,-9.735256E-06,29.3625,0
1.9584,-6.143282E-05,29.376,0,1.9584,-3.457694E-05,29.376,0
1.9593,-3.356985E-06,29.3895,0,1.9593,-4.162661E-05,29.3895,0
1.9602,4.733349E-05,29.403,0,1.9602,-1.779202E-05,29.403,0
1.9611,2.652018E-05,29.4165,0,1.9611,-9.399558E-06,29.4165,0
1.962,1.275654E-05,29.43,0,1.962,-3.558404E-05,29.43,0
1.9629,5.035477E-06,29.4435,0,1.9629,-8.593881E-05,29.4435,0
1.9638,-2.1149E-05,29.457,0,1.9638,-3.524834E-05,29.457,0
1.9647,-1.779202E-05,29.4705,0,1.9647,-1.477073E-05,29.4705,0
1.9656,1.779202E-05,29.484,0,1.9656,-4.162661E-05,29.484,0
1.9665,-8.392462E-06,29.4975,0,1.9665,2.21561E-05,29.4975,0
1.9674,-3.558404E-05,29.511,0,1.9674,-3.021286E-06,29.511,0
1.9683,-1.980621E-05,29.5245,0,1.9683,-4.733349E-05,29.5245,0
1.9692,-1.544213E-05,29.538,0,1.9692,-3.256275E-05,29.538,0
1.9701,-1.980621E-05,29.5515,0,1.9701,-3.021286E-06,29.5515,0
1.971,1.007095E-06,29.565,0,1.971,-3.021286E-06,29.565,0
1.9719,4.028382E-06,29.5785,0,1.9719,-1.376364E-05,29.5785,0
1.9728,-1.376364E-05,29.592,0,1.9728,-4.162661E-05,29.592,0
1.9737,-2.014191E-06,29.6055,0,1.9737,-1.275654E-05,29.6055,0
1.9746,8.728161E-06,29.619,0,1.9746,-9.735256E-06,29.619,0
1.9755,1.007095E-06,29.6325,0,1.9755,-2.920577E-05,29.6325,0
1.9764,1.007095E-06,29.646,0,1.9764,-3.121996E-05,29.646,0
1.9773,-3.021286E-06,29.6595,0,1.9773,-9.735256E-06,29.6595,0
1.9782,1.141375E-05,29.673,0,1.9782,-9.735256E-06,29.673,0
1.9791,1.712062E-05,29.6865,0,1.9791,-3.692683E-05,29.6865,0
1.98,-1.443504E-05,29.7,0,1.98,7.721065E-06,29.7,0
1.9809,-2.047761E-05,29.7135,0,1.9809,3.826963E-05,29.7135,0
1.9818,-3.021286E-06,29.727,0,1.9818,-2.014191E-06,29.727,0
1.9827,-2.987716E-05,29.7405,0,1.9827,-1.678492E-06,29.7405,0
1.9836,-5.337606E-05,29.754,0,1.9836,6.713969E-07,29.754,0
1.9845,-2.450599E-05,29.7675,0,1.9845,-1.913481E-05,29.7675,0
1.9854,9.735256E-06,29.781,0,1.9854,-3.961242E-05,29.781,0
1.9863,1.040665E-05,29.7945,0,1.9863,-7.687495E-05,29.7945,0
1.9872,4.699779E-06,29.808,0,1.9872,-3.189136E-05,29.808,0
1.9881,1.678492E-06,29.8215,0,1.9881,-1.107805E-05,29.8215,0
1.989,-3.289845E-05,29.835,0,1.989,-4.565499E-05,29.835,0
1.9899,-1.309224E-05,29.8485,0,1.9899,-5.807584E-05,29.8485,0
1.9908,-5.035477E-06,29.862,0,1.9908,-2.18204E-05,29.862,0
1.9917,4.028382E-06,29.8755,0,1.9917,-4.33051E-05,29.8755,0
1.9926,1.007095E-06,29.889,0,1.9926,-4.162661E-05,29.889,0
1.9935,-1.913481E-05,29.9025,0,1.9935,4.666209E-05,29.9025,0
1.9944,3.860533E-05,29.916,0,1.9944,4.39765E-05,29.916,0
1.9953,3.994812E-05,29.9295,0,1.9953,-3.860533E-05,29.9295,0
1.9962,-9.735256E-06,29.943,0,1.9962,-4.733349E-05,29.943,0
1.9971,8.392462E-06,29.9565,0,1.9971,-1.678492E-06,29.9565,0
1.998,-1.678492E-05,29.97,0,1.998,-8.392462E-06,29.97,0
1.9989,-2.987716E-05,29.9835,0,1.9989,-4.599069E-05,29.9835,0
1.9998,2.349889E-06,29.997,0,1.9998,-8.627451E-05,29.997,0
2.0007,4.36408E-06,30.0105,0,2.0007,-5.975433E-05,30.0105,0
2.0016,1.577783E-05,30.024,0,2.0016,9.063859E-06,30.024,0
2.0025,-5.706874E-06,30.0375,0,2.0025,5.706874E-06,30.0375,0
2.0034,-4.33051E-05,30.051,0,2.0034,-4.095522E-05,30.051,0
2.0043,-2.417029E-05,30.0645,0,2.0043,7.721065E-06,30.0645,0
2.0052,-3.860533E-05,30.078,0,2.0052,-1.342794E-06,30.078,0
2.0061,-1.678492E-06,30.0915,0,2.0061,-4.36408E-05,30.0915,0
2.007,-1.242084E-05,30.105,0,2.007,-4.028382E-06,30.105,0
2.0079,-2.920577E-05,30.1185,0,2.0079,-2.047761E-05,30.1185,0
2.0088,2.081331E-05,30.132,0,2.0088,-5.404745E-05,30.132,0
2.0097,-1.544213E-05,30.1455,0,2.0097,-2.987716E-05,30.1455,0
2.0106,-4.632639E-05,30.159,0,2.0106,6.713969E-07,30.159,0
2.0115,-3.021286E-05,30.1725,0,2.0115,-9.063859E-06,30.1725,0
2.0124,-2.450599E-05,30.186,0,2.0124,9.735256E-06,30.186,0
2.0133,6.042573E-06,30.1995,0,2.0133,-1.107805E-05,30.1995,0
2.0142,2.316319E-05,30.213,0,2.0142,-1.242084E-05,30.213,0
2.0151,2.18204E-05,30.2265,0,2.0151,5.035477E-06,30.2265,0
2.016,5.539025E-05,30.24,0,2.016,-5.706874E-06,30.24,0
2.0169,6.009003E-05,30.2535,0,2.0169,-2.584878E-05,30.2535,0
2.0178,9.063859E-06,30.267,0,2.0178,6.042573E-06,30.267,0
2.0187,1.242084E-05,30.2805,0,2.0187,-3.356985E-06,30.2805,0
2.0196,2.920577E-05,30.294,0,2.0196,-3.860533E-05,30.294,0
2.0205,-4.800488E-05,30.3075,0,2.0205,-2.014191E-06,30.3075,0
2.0214,-5.203327E-05,30.321,0,2.0214,-1.678492E-06,30.321,0
2.0223,-9.063859E-06,30.3345,0,2.0223,-4.061952E-05,30.3345,0
2.0232,-3.021286E-06,30.348,0,2.0232,-4.061952E-05,30.348,0
2.0241,-4.196231E-05,30.3615,0,2.0241,-1.510643E-05,30.3615,0
2.025,-4.53193E-05,30.375,0,2.025,-2.18204E-05,30.375,0
2.0259,-1.275654E-05,30.3885,0,2.0259,-8.392462E-06,30.3885,0
2.0268,-1.242084E-05,30.402,0,2.0268,-1.678492E-05,30.402,0
2.0277,-2.584878E-05,30.4155,0,2.0277,-3.692683E-05,30.4155,0
2.0286,1.577783E-05,30.429,0,2.0286,1.208515E-05,30.429,0
2.0295,2.24918E-05,30.4425,0,2.0295,-1.846342E-05,30.4425,0
2.0304,2.349889E-06,30.456,0,2.0304,-3.726253E-05,30.456,0
2.0313,-1.510643E-05,30.4695,0,2.0313,-2.349889E-06,30.4695,0
2.0322,-2.920577E-05,30.483,0,2.0322,-1.007095E-05,30.483,0
2.0331,-1.107805E-05,30.4965,0,2.0331,-4.061952E-05,30.4965,0
2.034,-1.712062E-05,30.51,0,2.034,-3.021286E-06,30.51,0
2.0349,3.021286E-06,30.5235,0,2.0349,-1.141375E-05,30.5235,0
2.0358,4.229801E-05,30.537,0,2.0358,-4.43122E-05,30.537,0
2.0367,2.24918E-05,30.5505,0,2.0367,-2.618448E-05,30.5505,0
2.0376,-1.879912E-05,30.564,0,2.0376,-4.36408E-06,30.564,0
2.0385,-3.289845E-05,30.5775,0,2.0385,0,30.5775,0
2.0394,-2.819867E-05,30.591,0,2.0394,-1.712062E-05,30.591,0
2.0403,-3.189136E-05,30.6045,0,2.0403,-3.256275E-05,30.6045,0
2.0412,1.913481E-05,30.618,0,2.0412,-4.028382E-06,30.618,0
2.0421,-3.121996E-05,30.6315,0,2.0421,-1.342794E-05,30.6315,0
2.043,-5.941863E-05,30.645,0,2.043,-4.934768E-05,30.645,0
2.0439,-7.049668E-06,30.6585,0,2.0439,-5.673304E-05,30.6585,0
2.0448,-2.349889E-05,30.672,0,2.0448,-6.042573E-06,30.672,0
2.0457,-1.443504E-05,30.6855,0,2.0457,3.155566E-05,30.6855,0
2.0466,4.699779E-06,30.699,0,2.0466,-9.063859E-06,30.699,0
2.0475,-2.786297E-05,30.7125,0,2.0475,-2.18204E-05,30.7125,0
2.0484,6.378271E-06,30.726,0,2.0484,4.699779E-06,30.726,0
2.0493,1.510643E-05,30.7395,0,2.0493,-3.793393E-05,30.7395,0
2.0502,-5.539025E-05,30.753,0,2.0502,-4.565499E-05,30.753,0
2.0511,-5.136187E-05,30.7665,0,2.0511,-1.309224E-05,30.7665,0
2.052,2.349889E-06,30.78,0,2.052,-2.450599E-05,30.78,0
2.0529,1.107805E-05,30.7935,0,2.0529,-3.726253E-05,30.7935,0
2.0538,0,30.807,0,2.0538,-4.699779E-05,30.807,0
2.0547,2.517739E-05,30.8205,0,2.0547,1.342794E-06,30.8205,0
2.0556,8.728161E-06,30.834,0,2.0556,5.706874E-06,30.834,0
2.0565,-4.36408E-05,30.8475,0,2.0565,-4.229801E-05,30.8475,0
2.0574,-4.33051E-05,30.861,0,2.0574,-3.726253E-05,30.861,0
2.0583,-2.719158E-05,30.8745,0,2.0583,-1.107805E-05,30.8745,0
2.0592,5.371176E-06,30.888,0,2.0592,-7.721065E-06,30.888,0
2.0601,6.311131E-05,30.9015,0,2.0601,-3.323415E-05,30.9015,0
2.061,4.867628E-05,30.915,0,2.061,1.007095E-06,30.915,0
2.0619,-3.121996E-05,30.9285,0,2.0619,-1.577783E-05,30.9285,0
2.0628,3.356985E-07,30.942,0,2.0628,-2.887007E-05,30.942,0
2.0637,3.994812E-05,30.9555,0,2.0637,-2.652018E-05,30.9555,0
2.0646,2.517739E-05,30.969,0,2.0646,-4.36408E-06,30.969,0
2.0655,0,30.9825,0,2.0655,3.356985E-07,30.9825,0
2.0664,-2.014191E-06,30.996,0,2.0664,7.049668E-06,30.996,0
2.0673,5.371176E-06,31.0095,0,2.0673,-3.256275E-05,31.0095,0
2.0682,-2.047761E-05,31.023,0,2.0682,-3.524834E-05,31.023,0
2.0691,-4.36408E-05,31.0365,0,2.0691,-6.378271E-06,31.0365,0
2.07,-4.934768E-05,31.05,0,2.07,-1.007095E-05,31.05,0
2.0709,-3.155566E-05,31.0635,0,2.0709,-2.853437E-05,31.0635,0
2.0718,-6.378271E-06,31.077,0,2.0718,1.007095E-05,31.077,0
2.0727,-2.081331E-05,31.0905,0,2.0727,-5.706874E-06,31.0905,0
2.0736,-1.242084E-05,31.104,0,2.0736,-4.39765E-05,31.104,0
2.0745,7.721065E-06,31.1175,0,2.0745,1.577783E-05,31.1175,0
2.0754,2.24918E-05,31.131,0,2.0754,5.706874E-06,31.131,0
2.0763,5.774014E-05,31.1445,0,2.0763,-3.558404E-05,31.1445,0
2.0772,4.599069E-05,31.158,0,2.0772,-7.687495E-05,31.158,0
2.0781,6.378271E-06,31.1715,0,2.0781,-9.198138E-05,31.1715,0
2.079,3.356985E-06,31.185,0,2.079,-6.74754E-05,31.185,0
2.0799,-1.107805E-05,31.1985,0,2.0799,-5.941863E-05,31.1985,0
2.0808,-1.443504E-05,31.212,0,2.0808,-6.6804E-05,31.212,0
2.0817,4.36408E-06,31.2255,0,2.0817,3.054856E-05,31.2255,0
2.0826,-2.081331E-05,31.239,0,2.0826,3.625543E-05,31.239,0
2.0835,6.713969E-07,31.2525,0,2.0835,-1.913481E-05,31.2525,0
2.0844,3.289845E-05,31.266,0,2.0844,-1.812772E-05,31.266,0
2.0853,-4.129091E-05,31.2795,0,2.0853,1.544213E-05,31.2795,0
2.0862,-3.256275E-05,31.293,0,2.0862,2.1149E-05,31.293,0
2.0871,-1.409934E-05,31.3065,0,2.0871,-3.021286E-05,31.3065,0
2.088,-2.584878E-05,31.32,0,2.088,-4.36408E-06,31.32,0
2.0889,-2.652018E-05,31.3335,0,2.0889,6.378271E-06,31.3335,0
2.0898,-1.678492E-05,31.347,0,2.0898,-3.155566E-05,31.347,0
2.0907,-7.049668E-06,31.3605,0,2.0907,-3.121996E-05,31.3605,0
2.0916,-3.054856E-05,31.374,0,2.0916,-2.584878E-05,31.374,0
2.0925,-9.735256E-06,31.3875,0,2.0925,-2.18204E-05,31.3875,0
2.0934,-2.484169E-05,31.401,0,2.0934,-1.678492E-05,31.401,0
2.0943,-5.539025E-05,31.4145,0,2.0943,-3.524834E-05,31.4145,0
2.0952,-2.584878E-05,31.428,0,2.0952,-3.356985E-06,31.428,0
2.0961,-3.591974E-05,31.4415,0,2.0961,4.699779E-05,31.4415,0
2.097,-3.558404E-05,31.455,0,2.097,4.53193E-05,31.455,0
2.0979,-1.846342E-05,31.4685,0,2.0979,0,31.4685,0
2.0988,1.007095E-06,31.482,0,2.0988,-1.443504E-05,31.482,0
2.0997,4.263371E-05,31.4955,0,2.0997,-2.047761E-05,31.4955,0
2.1006,-4.699779E-06,31.509,0,2.1006,-4.834058E-05,31.509,0
2.1015,-1.242084E-05,31.5225,0,2.1015,-1.242084E-05,31.5225,0
2.1024,1.577783E-05,31.536,0,2.1024,-1.309224E-05,31.536,0
2.1033,-5.706874E-06,31.5495,0,2.1033,-4.46479E-05,31.5495,0
2.1042,-4.599069E-05,31.563,0,2.1042,-4.46479E-05,31.563,0
2.1051,-3.659113E-05,31.5765,0,2.1051,-1.812772E-05,31.5765,0
2.106,-1.443504E-05,31.59,0,2.106,-1.510643E-05,31.59,0
2.1069,-1.107805E-05,31.6035,0,2.1069,-2.551309E-05,31.6035,0
2.1078,1.577783E-05,31.617,0,2.1078,-3.457694E-05,31.617,0
2.1087,7.721065E-06,31.6305,0,2.1087,-2.28275E-05,31.6305,0
2.1096,1.846342E-05,31.644,0,2.1096,-1.678492E-05,31.644,0
2.1105,1.812772E-05,31.6575,0,2.1105,-2.349889E-05,31.6575,0
2.1114,8.728161E-06,31.671,0,2.1114,-5.404745E-05,31.671,0
2.1123,-1.913481E-05,31.6845,0,2.1123,-2.1149E-05,31.6845,0
2.1132,1.242084E-05,31.698,0,2.1132,-1.309224E-05,31.698,0
2.1141,1.443504E-05,31.7115,0,2.1141,-4.39765E-05,31.7115,0
2.115,-1.678492E-06,31.725,0,2.115,9.063859E-06,31.725,0
2.1159,5.706874E-06,31.7385,0,2.1159,1.577783E-05,31.7385,0
2.1168,1.007095E-06,31.752,0,2.1168,-2.28275E-05,31.752,0
2.1177,-6.713969E-07,31.7655,0,2.1177,-3.961242E-05,31.7655,0
2.1186,1.107805E-05,31.779,0,2.1186,-2.719158E-05,31.779,0
2.1195,1.174945E-05,31.7925,0,2.1195,-1.745632E-05,31.7925,0
2.1204,1.007095E-06,31.806,0,2.1204,-5.706874E-06,31.806,0
2.1213,-1.040665E-05,31.8195,0,2.1213,-6.948959E-05,31.8195,0
2.1222,7.049668E-06,31.833,0,2.1222,3.289845E-05,31.833,0
2.1231,2.24918E-05,31.8465,0,2.1231,4.632639E-05,31.8465,0
2.124,-3.021286E-06,31.86,0,2.124,-2.987716E-05,31.86,0
2.1249,1.443504E-05,31.8735,0,2.1249,-5.069047E-05,31.8735,0
2.1258,-1.678492E-06,31.887,0,2.1258,3.021286E-06,31.887,0
2.1267,-2.450599E-05,31.9005,0,2.1267,-1.174945E-05,31.9005,0
2.1276,8.728161E-06,31.914,0,2.1276,-4.800488E-05,31.914,0
2.1285,-1.779202E-05,31.9275,0,2.1285,-6.378271E-06,31.9275,0
2.1294,-5.505455E-05,31.941,0,2.1294,1.309224E-05,31.941,0
2.1303,-1.846342E-05,31.9545,0,2.1303,-3.222705E-05,31.9545,0
2.1312,-9.735256E-06,31.968,0,2.1312,-2.18204E-05,31.968,0
2.1321,-2.517739E-05,31.9815,0,2.1321,7.049668E-06,31.9815,0
2.133,-3.390555E-05,31.995,0,2.133,-1.779202E-05,31.995,0
2.1339,-4.968337E-05,32.0085,0,2.1339,-2.450599E-05,32.0085,0
2.1348,-3.356985E-07,32.022,0,2.1348,-2.752728E-05,32.022,0
2.1357,-4.36408E-06,32.0355,0,2.1357,-1.174945E-05,32.0355,0
2.1366,-2.28275E-05,32.049,0,2.1366,-8.728161E-06,32.049,0
2.1375,1.040665E-05,32.0625,0,2.1375,-3.121996E-05,32.0625,0
2.1384,-1.577783E-05,32.076,0,2.1384,-3.524834E-05,32.076,0
2.1393,-2.484169E-05,32.0895,0,2.1393,-5.706874E-06,32.0895,0
2.1402,-1.007095E-06,32.103,0,2.1402,-7.721065E-06,32.103,0
2.1411,-3.356985E-07,32.1165,0,2.1411,-3.054856E-05,32.1165,0
2.142,-1.678492E-06,32.13,0,2.142,-5.706874E-06,32.13,0
2.1429,4.46479E-05,32.1435,0,2.1429,-1.644922E-05,32.1435,0
2.1438,3.356985E-06,32.157,0,2.1438,-2.853437E-05,32.157,0
2.1447,-4.36408E-05,32.1705,0,2.1447,-2.450599E-05,32.1705,0
2.1456,-1.712062E-05,32.184,0,2.1456,-3.021286E-06,32.184,0
2.1465,-1.812772E-05,32.1975,0,2.1465,1.678492E-05,32.1975,0
2.1474,-3.256275E-05,32.211,0,2.1474,-1.980621E-05,32.211,0
2.1483,-2.349889E-06,32.2245,0,2.1483,-3.961242E-05,32.2245,0
2.1492,2.920577E-05,32.238,0,2.1492,-2.1149E-05,32.238,0
2.1501,-1.644922E-05,32.2515,0,2.1501,-2.450599E-05,32.2515,0
2.151,-3.189136E-05,32.265,0,2.151,-4.632639E-05,32.265,0
2.1519,-1.913481E-05,32.2785,0,2.1519,-6.176852E-05,32.2785,0
2.1528,7.721065E-06,32.292,0,2.1528,3.356985E-07,32.292,0
2.1537,1.913481E-05,32.3055,0,2.1537,-8.392462E-06,32.3055,0
2.1546,1.846342E-05,32.319,0,2.1546,-6.311131E-05,32.319,0
2.1555,1.107805E-05,32.3325,0,2.1555,-8.392462E-06,32.3325,0
2.1564,-2.349889E-06,32.346,0,2.1564,3.692683E-06,32.346,0
2.1573,1.309224E-05,32.3595,0,2.1573,-3.726253E-05,32.3595,0
2.1582,3.021286E-06,32.373,0,2.1582,-1.007095E-06,32.373,0
2.1591,-8.728161E-06,32.3865,0,2.1591,9.063859E-06,32.3865,0
2.16,-3.424125E-05,32.4,0,2.16,-1.376364E-05,32.4,0
2.1609,-1.712062E-05,32.4135,0,2.1609,-4.36408E-06,32.4135,0
2.1618,1.007095E-06,32.427,0,2.1618,-2.417029E-05,32.427,0
2.1627,9.063859E-06,32.4405,0,2.1627,-2.081331E-05,32.4405,0
2.1636,1.007095E-06,32.454,0,2.1636,-2.316319E-05,32.454,0
2.1645,8.728161E-06,32.4675,0,2.1645,-3.659113E-05,32.4675,0
2.1654,8.392462E-06,32.481,0,2.1654,-2.618448E-05,32.481,0
2.1663,-3.088426E-05,32.4945,0,2.1663,-1.376364E-05,32.4945,0
2.1672,-3.591974E-05,32.508,0,2.1672,-3.155566E-05,32.508,0
2.1681,2.014191E-06,32.5215,0,2.1681,-5.404745E-05,32.5215,0
2.169,-6.378271E-06,32.535,0,2.169,3.356985E-06,32.535,0
2.1699,-2.987716E-05,32.5485,0,2.1699,3.189136E-05,32.5485,0
2.1708,-1.947051E-05,32.562,0,2.1708,-9.735256E-06,32.562,0
2.1717,1.577783E-05,32.5755,0,2.1717,-1.644922E-05,32.5755,0
2.1726,-1.779202E-05,32.589,0,2.1726,6.042573E-06,32.589,0
2.1735,-1.107805E-05,32.6025,0,2.1735,-3.323415E-05,32.6025,0
2.1744,-1.376364E-05,32.616,0,2.1744,-7.251087E-05,32.616,0
2.1753,1.309224E-05,32.6295,0,2.1753,-8.89601E-05,32.6295,0
2.1762,-1.980621E-05,32.643,0,2.1762,-6.6804E-05,32.643,0
2.1771,-4.46479E-05,32.6565,0,2.1771,-3.524834E-05,32.6565,0
2.178,-1.309224E-05,32.67,0,2.178,-2.18204E-05,32.67,0
2.1789,3.860533E-05,32.6835,0,2.1789,1.577783E-05,32.6835,0
2.1798,4.867628E-05,32.697,0,2.1798,4.565499E-05,32.697,0
2.1807,2.584878E-05,32.7105,0,2.1807,2.383459E-05,32.7105,0
2.1816,5.035477E-06,32.724,0,2.1816,-3.256275E-05,32.724,0
2.1825,-3.323415E-05,32.7375,0,2.1825,-9.735256E-06,32.7375,0
2.1834,-3.121996E-05,32.751,0,2.1834,-3.021286E-06,32.751,0
2.1843,6.378271E-06,32.7645,0,2.1843,-2.719158E-05,32.7645,0
2.1852,9.399558E-06,32.778,0,2.1852,-1.443504E-05,32.778,0
2.1861,1.242084E-05,32.7915,0,2.1861,3.155566E-05,32.7915,0
2.187,1.242084E-05,32.805,0,2.187,-3.356985E-07,32.805,0
2.1879,-7.049668E-06,32.8185,0,2.1879,-1.678492E-05,32.8185,0
2.1888,-1.376364E-05,32.832,0,2.1888,-3.356985E-05,32.832,0
2.1897,-2.1149E-05,32.8455,0,2.1897,-2.719158E-05,32.8455,0
2.1906,-2.853437E-05,32.859,0,2.1906,-3.356985E-06,32.859,0
2.1915,-2.719158E-05,32.8725,0,2.1915,-3.961242E-05,32.8725,0
2.1924,-5.706874E-06,32.886,0,2.1924,-7.016098E-05,32.886,0
2.1933,-3.659113E-05,32.8995,0,2.1933,-3.457694E-05,32.8995,0
2.1942,-3.659113E-05,32.913,0,2.1942,-3.390555E-05,32.913,0
2.1951,-9.735256E-06,32.9265,0,2.1951,-6.076142E-05,32.9265,0
2.196,-2.081331E-05,32.94,0,2.196,-1.174945E-05,32.94,0
2.1969,-1.779202E-05,32.9535,0,2.1969,1.242084E-05,32.9535,0
2.1978,5.035477E-06,32.967,0,2.1978,-3.793393E-05,32.967,0
2.1987,-1.477073E-05,32.9805,0,2.1987,-5.941863E-05,32.9805,0
2.1996,-1.712062E-05,32.994,0,2.1996,-4.061952E-05,32.994,0
2.2005,3.356985E-07,33.0075,0,2.2005,-3.927672E-05,33.0075,0
2.2014,-6.713969E-07,33.021,0,2.2014,-3.793393E-05,33.021,0
2.2023,-2.450599E-05,33.0345,0,2.2023,-4.33051E-05,33.0345,0
2.2032,-2.752728E-05,33.048,0,2.2032,1.174945E-05,33.048,0
2.2041,1.007095E-05,33.0615,0,2.2041,3.222705E-05,33.0615,0
2.205,5.035477E-06,33.075,0,2.205,2.24918E-05,33.075,0
2.2059,1.309224E-05,33.0885,0,2.2059,-3.356985E-07,33.0885,0
2.2068,2.383459E-05,33.102,0,2.2068,3.021286E-06,33.102,0
2.2077,-4.36408E-06,33.1155,0,2.2077,-1.510643E-05,33.1155,0
2.2086,-1.409934E-05,33.129,0,2.2086,-5.807584E-05,33.129,0
2.2095,1.342794E-06,33.1425,0,2.2095,-1.544213E-05,33.1425,0
2.2104,-5.035477E-06,33.156,0,2.2104,-1.678492E-06,33.156,0
2.2113,-1.712062E-05,33.1695,0,2.2113,-4.599069E-05,33.1695,0
2.2122,-3.390555E-05,33.183,0,2.2122,-2.853437E-05,33.183,0
2.2131,7.385367E-06,33.1965,0,2.2131,1.779202E-05,33.1965,0
2.214,4.599069E-05,33.21,0,2.214,1.913481E-05,33.21,0
2.2149,-4.632639E-05,33.2235,0,2.2149,-1.443504E-05,33.2235,0
2.2158,-3.424125E-05,33.237,0,2.2158,-2.987716E-05,33.237,0
2.2167,-1.208515E-05,33.2505,0,2.2167,-3.021286E-06,33.2505,0
2.2176,4.699779E-06,33.264,0,2.2176,2.853437E-05,33.264,0
2.2185,-3.692683E-06,33.2775,0,2.2185,-3.256275E-05,33.2775,0
2.2194,9.063859E-06,33.291,0,2.2194,-8.157473E-05,33.291,0
2.2203,-8.392462E-06,33.3045,0,2.2203,-1.812772E-05,33.3045,0
2.2212,-5.035477E-06,33.318,0,2.2212,-1.644922E-05,33.318,0
2.2221,4.061952E-05,33.3315,0,2.2221,-4.867628E-05,33.3315,0
2.223,-8.392462E-06,33.345,0,2.223,-1.007095E-05,33.345,0
2.2239,-3.155566E-05,33.3585,0,2.2239,7.385367E-06,33.3585,0
2.2248,-4.061952E-05,33.372,0,2.2248,-3.155566E-05,33.372,0
2.2257,9.063859E-06,33.3855,0,2.2257,-5.001907E-05,33.3855,0
2.2266,1.846342E-05,33.399,0,2.2266,-8.728161E-06,33.399,0
2.2275,9.063859E-06,33.4125,0,2.2275,-4.028382E-06,33.4125,0
2.2284,-1.812772E-05,33.426,0,2.2284,-2.349889E-05,33.426,0
2.2293,-3.356985E-07,33.4395,0,2.2293,-3.054856E-05,33.4395,0
2.2302,-3.356985E-07,33.453,0,2.2302,0,33.453,0
2.2311,-4.028382E-06,33.4665,0,2.2311,1.208515E-05,33.4665,0
2.232,-1.409934E-05,33.48,0,2.232,-1.376364E-05,33.48,0
2.2329,-7.721065E-06,33.4935,0,2.2329,-2.383459E-05,33.4935,0
2.2338,-3.155566E-05,33.507,0,2.2338,1.712062E-05,33.507,0
2.2347,-2.349889E-05,33.5205,0,2.2347,9.735256E-06,33.5205,0
2.2356,-2.349889E-06,33.534,0,2.2356,-5.941863E-05,33.534,0
2.2365,-2.853437E-05,33.5475,0,2.2365,-4.766919E-05,33.5475,0
2.2374,-3.424125E-05,33.561,0,2.2374,-2.316319E-05,33.561,0
2.2383,6.042573E-06,33.5745,0,2.2383,-4.36408E-05,33.5745,0
2.2392,3.457694E-05,33.588,0,2.2392,-9.735256E-06,33.588,0
2.2401,-2.081331E-05,33.6015,0,2.2401,1.745632E-05,33.6015,0
2.241,-6.378271E-06,33.615,0,2.241,1.678492E-06,33.615,0
2.2419,4.699779E-06,33.6285,0,2.2419,2.349889E-06,33.6285,0
2.2428,-6.713969E-06,33.642,0,2.2428,-1.007095E-06,33.642,0
2.2437,-9.735256E-06,33.6555,0,2.2437,8.392462E-06,33.6555,0
2.2446,-5.706874E-06,33.669,0,2.2446,1.779202E-05,33.669,0
2.2455,-3.021286E-06,33.6825,0,2.2455,-1.947051E-05,33.6825,0
2.2464,-9.063859E-06,33.696,0,2.2464,-4.46479E-05,33.696,0
2.2473,-2.18204E-05,33.7095,0,2.2473,-3.894102E-05,33.7095,0
2.2482,-4.46479E-05,33.723,0,2.2482,-6.61326E-05,33.723,0
2.2491,-1.577783E-05,33.7365,0,2.2491,-7.049668E-05,33.7365,0
2.25,-3.054856E-05,33.75,0,2.25,-2.450599E-05,33.75,0
2.2509,-1.712062E-05,33.7635,0,2.2509,-1.309224E-05,33.7635,0
2.2518,1.980621E-05,33.777,0,2.2518,-3.256275E-05,33.777,0
2.2527,1.443504E-05,33.7905,0,2.2527,-1.812772E-05,33.7905,0
2.2536,1.644922E-05,33.804,0,2.2536,6.378271E-06,33.804,0
2.2545,3.356985E-07,33.8175,0,2.2545,2.349889E-06,33.8175,0
2.2554,3.356985E-07,33.831,0,2.2554,-1.510643E-05,33.831,0
2.2563,-1.342794E-05,33.8445,0,2.2563,-4.162661E-05,33.8445,0
2.2572,-1.913481E-05,33.858,0,2.2572,-2.316319E-05,33.858,0
2.2581,-2.349889E-06,33.8715,0,2.2581,-2.349889E-05,33.8715,0
2.259,1.678492E-05,33.885,0,2.259,-3.591974E-05,33.885,0
2.2599,1.309224E-05,33.8985,0,2.2599,-2.24918E-05,33.8985,0
2.2608,1.242084E-05,33.912,0,2.2608,2.819867E-05,33.912,0
2.2617,-7.721065E-06,33.9255,0,2.2617,4.699779E-06,33.9255,0
2.2626,-3.155566E-05,33.939,0,2.2626,-4.867628E-05,33.939,0
2.2635,-2.853437E-05,33.9525,0,2.2635,-1.242084E-05,33.9525,0
2.2644,-2.18204E-05,33.966,0,2.2644,-1.611353E-05,33.966,0
2.2653,-1.544213E-05,33.9795,0,2.2653,-9.433127E-05,33.9795,0
2.2662,-1.208515E-05,33.993,0,2.2662,-5.438316E-05,33.993,0
2.2671,-2.752728E-05,34.0065,0,2.2671,-1.913481E-05,34.0065,0
2.268,-3.659113E-05,34.02,0,2.268,-1.141375E-05,34.02,0
2.2689,-3.994812E-05,34.0335,0,2.2689,2.349889E-06,34.0335,0
2.2698,5.035477E-05,34.047,0,2.2698,1.779202E-05,34.047,0
2.2707,7.418937E-05,34.0605,0,2.2707,2.887007E-05,34.0605,0
2.2716,2.383459E-05,34.074,0,2.2716,0,34.074,0
2.2725,1.376364E-05,34.0875,0,2.2725,-4.934768E-05,34.0875,0
2.2734,3.591974E-05,34.101,0,2.2734,-8.191043E-05,34.101,0
2.2743,1.007095E-06,34.1145,0,2.2743,-3.390555E-05,34.1145,0
2.2752,-3.659113E-05,34.128,0,2.2752,-6.378271E-06,34.128,0
2.2761,-1.712062E-05,34.1415,0,2.2761,-3.826963E-05,34.1415,0
2.277,-1.141375E-05,34.155,0,2.277,-1.107805E-05,34.155,0
2.2779,-2.584878E-05,34.1685,0,2.2779,1.678492E-05,34.1685,0
2.2788,-3.189136E-05,34.182,0,2.2788,-4.39765E-05,34.182,0
2.2797,2.18204E-05,34.1955,0,2.2797,-2.752728E-05,34.1955,0
2.2806,-1.107805E-05,34.209,0,2.2806,1.913481E-05,34.209,0
2.2815,-2.685588E-05,34.2225,0,2.2815,-5.371176E-06,34.2225,0
2.2824,-2.1149E-05,34.236,0,2.2824,-2.484169E-05,34.236,0
2.2833,-2.517739E-05,34.2495,0,2.2833,-1.812772E-05,34.2495,0
2.2842,-2.652018E-05,34.263,0,2.2842,-1.040665E-05,34.263,0
2.2851,-3.558404E-05,34.2765,0,2.2851,-5.035477E-06,34.2765,0
2.286,-2.786297E-05,34.29,0,2.286,-7.385367E-06,34.29,0
2.2869,-2.853437E-05,34.3035,0,2.2869,-1.174945E-05,34.3035,0
2.2878,-4.733349E-05,34.317,0,2.2878,4.36408E-06,34.317,0
2.2887,-1.846342E-05,34.3305,0,2.2887,-1.242084E-05,34.3305,0
2.2896,5.035477E-06,34.344,0,2.2896,-3.927672E-05,34.344,0
2.2905,6.378271E-06,34.3575,0,2.2905,-1.712062E-05,34.3575,0
2.2914,5.203327E-05,34.371,0,2.2914,-2.920577E-05,34.371,0
2.2923,4.699779E-05,34.3845,0,2.2923,-6.076142E-05,34.3845,0
2.2932,5.035477E-06,34.398,0,2.2932,-8.392462E-06,34.398,0
2.2941,-1.409934E-05,34.4115,0,2.2941,1.980621E-05,34.4115,0
2.295,2.349889E-06,34.425,0,2.295,0,34.425,0
2.2959,-1.779202E-05,34.4385,0,2.2959,2.014191E-06,34.4385,0
2.2968,-1.141375E-05,34.452,0,2.2968,-2.786297E-05,34.452,0
2.2977,6.713969E-07,34.4655,0,2.2977,-2.18204E-05,34.4655,0
2.2986,7.385367E-06,34.479,0,2.2986,-8.392462E-06,34.479,0
2.2995,-1.208515E-05,34.4925,0,2.2995,-2.014191E-05,34.4925,0
2.3004,-9.735256E-06,34.506,0,2.3004,-2.954147E-05,34.506,0
2.3013,-3.692683E-05,34.5195,0,2.3013,-2.14847E-05,34.5195,0
2.3022,-1.779202E-05,34.533,0,2.3022,-1.309224E-05,34.533,0
2.3031,-2.014191E-06,34.5465,0,2.3031,-6.378271E-05,34.5465,0
2.304,2.349889E-06,34.56,0,2.304,-2.383459E-05,34.56,0
2.3049,1.812772E-05,34.5735,0,2.3049,1.577783E-05,34.5735,0
2.3058,1.275654E-05,34.587,0,2.3058,-1.510643E-05,34.587,0
2.3067,2.18204E-05,34.6005,0,2.3067,-3.021286E-05,34.6005,0
2.3076,-1.309224E-05,34.614,0,2.3076,-6.042573E-06,34.614,0
2.3085,1.007095E-06,34.6275,0,2.3085,-3.021286E-06,34.6275,0
2.3094,-7.049668E-06,34.641,0,2.3094,-5.035477E-06,34.641,0
2.3103,-1.913481E-05,34.6545,0,2.3103,-3.860533E-05,34.6545,0
2.3112,-2.819867E-05,34.668,0,2.3112,-3.390555E-05,34.668,0
2.3121,-2.450599E-05,34.6815,0,2.3121,-2.450599E-05,34.6815,0
2.313,6.713969E-06,34.695,0,2.313,-4.36408E-05,34.695,0
2.3139,-9.063859E-06,34.7085,0,2.3139,-4.33051E-05,34.7085,0
2.3148,-2.349889E-06,34.722,0,2.3148,-9.399558E-06,34.722,0
2.3157,4.061952E-05,34.7355,0,2.3157,-1.812772E-05,34.7355,0
2.3166,3.524834E-05,34.749,0,2.3166,-4.196231E-05,34.749,0
2.3175,-1.510643E-05,34.7625,0,2.3175,-4.36408E-06,34.7625,0
2.3184,-1.745632E-05,34.776,0,2.3184,-1.342794E-06,34.776,0
2.3193,-1.309224E-05,34.7895,0,2.3193,-4.599069E-05,34.7895,0
2.3202,-2.786297E-05,34.803,0,2.3202,-3.256275E-05,34.803,0
2.3211,-2.316319E-05,34.8165,0,2.3211,3.692683E-06,34.8165,0
2.322,-2.24918E-05,34.83,0,2.322,-9.399558E-06,34.83,0
2.3229,-2.081331E-05,34.8435,0,2.3229,-1.644922E-05,34.8435,0
2.3238,-8.392462E-06,34.857,0,2.3238,-3.591974E-05,34.857,0
2.3247,-6.713969E-07,34.8705,0,2.3247,-1.242084E-05,34.8705,0
2.3256,-7.721065E-06,34.884,0,2.3256,1.443504E-05,34.884,0
2.3265,-5.706874E-06,34.8975,0,2.3265,-1.510643E-05,34.8975,0
2.3274,1.007095E-05,34.911,0,2.3274,-2.954147E-05,34.911,0
2.3283,-6.713969E-07,34.9245,0,2.3283,1.242084E-05,34.9245,0
2.3292,2.685588E-06,34.938,0,2.3292,1.309224E-05,34.938,0
2.3301,-1.678492E-06,34.9515,0,2.3301,-3.289845E-05,34.9515,0
2.331,-4.39765E-05,34.965,0,2.331,-1.477073E-05,34.965,0
2.3319,-2.484169E-05,34.9785,0,2.3319,-8.728161E-06,34.9785,0
2.3328,-1.309224E-05,34.992,0,2.3328,-3.961242E-05,34.992,0
2.3337,-3.994812E-05,35.0055,0,2.3337,-1.846342E-05,35.0055,0
2.3346,-1.174945E-05,35.019,0,2.3346,-6.378271E-06,35.019,0
2.3355,-7.721065E-06,35.0325,0,2.3355,-1.242084E-05,35.0325,0
2.3364,1.141375E-05,35.046,0,2.3364,-7.049668E-06,35.046,0
2.3373,6.713969E-07,35.0595,0,2.3373,-1.376364E-05,35.0595,0
2.3382,-7.049668E-06,35.073,0,2.3382,9.735256E-06,35.073,0
2.3391,-3.256275E-05,35.0865,0,2.3391,-1.376364E-05,35.0865,0
2.34,-5.304036E-05,35.1,0,2.34,-4.666209E-05,35.1,0
2.3409,-1.107805E-05,35.1135,0,2.3409,-5.874724E-05,35.1135,0
2.3418,-1.510643E-05,35.127,0,2.3418,-1.947051E-05,35.127,0
2.3427,-1.174945E-05,35.1405,0,2.3427,-3.189136E-05,35.1405,0
2.3436,3.121996E-05,35.154,0,2.3436,-7.956054E-05,35.154,0
2.3445,4.36408E-06,35.1675,0,2.3445,-2.719158E-05,35.1675,0
2.3454,1.376364E-05,35.181,0,2.3454,1.309224E-05,35.181,0
2.3463,4.36408E-05,35.1945,0,2.3463,-3.256275E-05,35.1945,0
2.3472,5.270466E-05,35.208,0,2.3472,-4.43122E-05,35.208,0
2.3481,7.721065E-06,35.2215,0,2.3481,-1.376364E-05,35.2215,0
2.349,-3.356985E-07,35.235,0,2.349,-2.652018E-05,35.235,0
2.3499,-2.786297E-05,35.2485,0,2.3499,-2.047761E-05,35.2485,0
2.3508,-5.404745E-05,35.262,0,2.3508,-4.46479E-05,35.262,0
2.3517,-8.392462E-06,35.2755,0,2.3517,4.36408E-06,35.2755,0
2.3526,-1.846342E-05,35.289,0,2.3526,7.351797E-05,35.289,0
2.3535,-2.719158E-05,35.3025,0,2.3535,4.766919E-05,35.3025,0
2.3544,2.24918E-05,35.316,0,2.3544,-2.920577E-05,35.316,0
2.3553,7.721065E-06,35.3295,0,2.3553,-3.692683E-06,35.3295,0
2.3562,3.021286E-06,35.343,0,2.3562,-2.014191E-05,35.343,0
2.3571,9.063859E-06,35.3565,0,2.3571,-6.51255E-05,35.3565,0
2.358,-3.121996E-05,35.37,0,2.358,-1.007095E-06,35.37,0
2.3589,-2.584878E-05,35.3835,0,2.3589,1.544213E-05,35.3835,0
2.3598,-4.36408E-06,35.397,0,2.3598,-3.659113E-05,35.397,0
2.3607,-4.095522E-05,35.4105,0,2.3607,-3.625543E-05,35.4105,0
2.3616,-2.618448E-05,35.424,0,2.3616,-5.706874E-06,35.424,0
2.3625,-1.242084E-05,35.4375,0,2.3625,-6.713969E-06,35.4375,0
2.3634,0,35.451,0,2.3634,-2.819867E-05,35.451,0
2.3643,5.035477E-06,35.4645,0,2.3643,-4.766919E-05,35.4645,0
2.3652,-2.752728E-05,35.478,0,2.3652,-6.814679E-05,35.478,0
2.3661,-2.1149E-05,35.4915,0,2.3661,-4.36408E-05,35.4915,0
2.367,-2.21561E-05,35.505,0,2.367,-6.277562E-05,35.505,0
2.3679,-1.409934E-05,35.5185,0,2.3679,-6.009003E-05,35.5185,0
2.3688,-2.383459E-05,35.532,0,2.3688,1.040665E-05,35.532,0
2.3697,1.443504E-05,35.5455,0,2.3697,4.733349E-05,35.5455,0
2.3706,2.652018E-05,35.559,0,2.3706,-1.846342E-05,35.559,0
2.3715,-3.356985E-07,35.5725,0,2.3715,-5.706874E-06,35.5725,0
2.3724,1.913481E-05,35.586,0,2.3724,1.040665E-05,35.586,0
2.3733,2.786297E-05,35.5995,0,2.3733,-2.786297E-05,35.5995,0
2.3742,-1.174945E-05,35.613,0,2.3742,-3.256275E-05,35.613,0
2.3751,-1.846342E-05,35.6265,0,2.3751,-8.728161E-06,35.6265,0
2.376,2.28275E-05,35.64,0,2.376,-1.712062E-05,35.64,0
2.3769,2.383459E-05,35.6535,0,2.3769,-2.887007E-05,35.6535,0
2.3778,2.014191E-05,35.667,0,2.3778,-1.980621E-05,35.667,0
2.3787,1.913481E-05,35.6805,0,2.3787,-4.36408E-06,35.6805,0
2.3796,1.544213E-05,35.694,0,2.3796,-8.392462E-06,35.694,0
2.3805,2.349889E-06,35.7075,0,2.3805,-2.920577E-05,35.7075,0
2.3814,1.074235E-05,35.721,0,2.3814,-4.263371E-05,35.721,0
2.3823,-2.18204E-05,35.7345,0,2.3823,-1.577783E-05,35.7345,0
2.3832,6.378271E-06,35.748,0,2.3832,-2.316319E-05,35.748,0
2.3841,1.644922E-05,35.7615,0,2.3841,-5.606165E-05,35.7615,0
2.385,-1.980621E-05,35.775,0,2.385,-1.107805E-05,35.775,0
2.3859,-3.121996E-05,35.7885,0,2.3859,2.21561E-05,35.7885,0
2.3868,-3.826963E-05,35.802,0,2.3868,-3.692683E-05,35.802,0
2.3877,-3.793393E-05,35.8155,0,2.3877,-2.752728E-05,35.8155,0
2.3886,-8.023193E-05,35.829,0,2.3886,9.399558E-06,35.829,0
2.3895,-7.116808E-05,35.8425,0,2.3895,-1.678492E-06,35.8425,0
2.3904,-1.611353E-05,35.856,0,2.3904,-9.063859E-06,35.856,0
2.3913,2.014191E-05,35.8695,0,2.3913,-3.289845E-05,35.8695,0
2.3922,-1.376364E-05,35.883,0,2.3922,-1.376364E-05,35.883,0
2.3931,2.584878E-05,35.8965,0,2.3931,-7.721065E-06,35.8965,0
2.394,6.948959E-05,35.91,0,2.394,-3.289845E-05,35.91,0
2.3949,3.524834E-05,35.9235,0,2.3949,-4.39765E-05,35.9235,0
2.3958,-1.342794E-05,35.937,0,2.3958,-1.544213E-05,35.937,0
2.3967,-2.618448E-05,35.9505,0,2.3967,-2.584878E-05,35.9505,0
2.3976,1.107805E-05,35.964,0,2.3976,-2.887007E-05,35.964,0
2.3985,7.721065E-06,35.9775,0,2.3985,2.484169E-05,35.9775,0
2.3994,-2.685588E-05,35.991,0,2.3994,1.007095E-06,35.991,0
2.4003,-5.001907E-05,36.0045,0,2.4003,-4.766919E-05,36.0045,0
2.4012,-2.417029E-05,36.018,0,2.4012,-4.934768E-05,36.018,0
2.4021,-2.752728E-05,36.0315,0,2.4021,-8.392462E-06,36.0315,0
2.403,-3.793393E-05,36.045,0,2.403,-2.18204E-05,36.045,0
2.4039,-5.706874E-06,36.0585,0,2.4039,-2.920577E-05,36.0585,0
2.4048,3.591974E-05,36.072,0,2.4048,-2.954147E-05,36.072,0
2.4057,-2.719158E-05,36.0855,0,2.4057,-2.920577E-05,36.0855,0
2.4066,-6.948959E-05,36.099,0,2.4066,-1.678492E-06,36.099,0
2.4075,-4.699779E-05,36.1125,0,2.4075,9.063859E-06,36.1125,0
2.4084,9.735256E-06,36.126,0,2.4084,-6.713969E-07,36.126,0
2.4093,-2.1149E-05,36.1395,0,2.4093,-2.014191E-06,36.1395,0
2.4102,5.035477E-06,36.153,0,2.4102,-9.735256E-06,36.153,0
2.4111,2.887007E-05,36.1665,0,2.4111,-4.33051E-05,36.1665,0
2.412,-3.424125E-05,36.18,0,2.412,-1.779202E-05,36.18,0
2.4129,-3.121996E-05,36.1935,0,2.4129,-3.121996E-05,36.1935,0
2.4138,-1.678492E-06,36.207,0,2.4138,-4.766919E-05,36.207,0
2.4147,1.174945E-05,36.2205,0,2.4147,-1.040665E-05,36.2205,0
2.4156,-6.713969E-07,36.234,0,2.4156,4.699779E-06,36.234,0
2.4165,2.383459E-05,36.2475,0,2.4165,-9.063859E-06,36.2475,0
2.4174,4.028382E-06,36.261,0,2.4174,-1.846342E-05,36.261,0
2.4183,-4.36408E-06,36.2745,0,2.4183,-4.632639E-05,36.2745,0
2.4192,-1.510643E-05,36.288,0,2.4192,-2.450599E-05,36.288,0
2.4201,-3.524834E-05,36.3015,0,2.4201,-1.812772E-05,36.3015,0
2.421,-3.591974E-05,36.315,0,2.421,-3.994812E-05,36.315,0
2.4219,-1.678492E-06,36.3285,0,2.4219,-3.591974E-05,36.3285,0
2.4228,2.450599E-05,36.342,0,2.4228,6.378271E-06,36.342,0
2.4237,-5.706874E-06,36.3555,0,2.4237,-1.678492E-05,36.3555,0
2.4246,-1.342794E-06,36.369,0,2.4246,-7.016098E-05,36.369,0
2.4255,6.713969E-06,36.3825,0,2.4255,-6.713969E-06,36.3825,0
2.4264,-4.699779E-06,36.396,0,2.4264,1.678492E-05,36.396,0
2.4273,-8.392462E-06,36.4095,0,2.4273,-3.356985E-05,36.4095,0
2.4282,1.007095E-06,36.423,0,2.4282,-2.551309E-05,36.423,0
2.4291,-7.721065E-06,36.4365,0,2.4291,5.706874E-06,36.4365,0
2.43,-2.316319E-05,36.45,0,2.43,-1.242084E-05,36.45,0
2.4309,-2.584878E-05,36.4635,0,2.4309,-2.987716E-05,36.4635,0
2.4318,2.349889E-06,36.477,0,2.4318,-3.759823E-05,36.477,0
2.4327,-9.063859E-06,36.4905,0,2.4327,-3.189136E-05,36.4905,0
2.4336,2.383459E-05,36.504,0,2.4336,2.014191E-06,36.504,0
2.4345,2.685588E-05,36.5175,0,2.4345,-1.342794E-06,36.5175,0
2.4354,1.980621E-05,36.531,0,2.4354,-1.309224E-05,36.531,0
2.4363,2.652018E-05,36.5445,0,2.4363,4.028382E-06,36.5445,0
2.4372,2.450599E-05,36.558,0,2.4372,-7.721065E-06,36.558,0
2.4381,2.887007E-05,36.5715,0,2.4381,-4.800488E-05,36.5715,0
2.439,9.735256E-06,36.585,0,2.439,2.081331E-05,36.585,0
2.4399,1.477073E-05,36.5985,0,2.4399,-1.879912E-05,36.5985,0
2.4408,-8.392462E-06,36.612,0,2.4408,-6.076142E-05,36.612,0
2.4417,3.692683E-06,36.6255,0,2.4417,-2.349889E-06,36.6255,0
2.4426,-7.049668E-06,36.639,0,2.4426,3.860533E-05,36.639,0
2.4435,-3.088426E-05,36.6525,0,2.4435,3.726253E-05,36.6525,0
2.4444,-2.685588E-05,36.666,0,2.4444,2.349889E-06,36.666,0
2.4453,-2.21561E-05,36.6795,0,2.4453,-3.591974E-05,36.6795,0
2.4462,-2.417029E-05,36.693,0,2.4462,-1.879912E-05,36.693,0
2.4471,-5.941863E-05,36.7065,0,2.4471,-5.069047E-05,36.7065,0
2.448,-5.001907E-05,36.72,0,2.448,-7.855344E-05,36.72,0
2.4489,-1.913481E-05,36.7335,0,2.4489,-5.236896E-05,36.7335,0
2.4498,-1.007095E-05,36.747,0,2.4498,5.706874E-06,36.747,0
2.4507,3.625543E-05,36.7605,0,2.4507,-1.007095E-05,36.7605,0
2.4516,9.634547E-05,36.774,0,2.4516,-6.076142E-05,36.774,0
2.4525,5.001907E-05,36.7875,0,2.4525,-3.793393E-05,36.7875,0
2.4534,-1.678492E-05,36.801,0,2.4534,-4.061952E-05,36.801,0
2.4543,5.438316E-05,36.8145,0,2.4543,-5.069047E-05,36.8145,0
2.4552,-5.035477E-06,36.828,0,2.4552,-2.21561E-05,36.828,0
2.4561,-5.270466E-05,36.8415,0,2.4561,3.323415E-05,36.8415,0
2.457,-4.129091E-05,36.855,0,2.457,5.337606E-05,36.855,0
2.4579,-6.176852E-05,36.8685,0,2.4579,2.652018E-05,36.8685,0
2.4588,-4.53193E-05,36.882,0,2.4588,-1.644922E-05,36.882,0
2.4597,-2.047761E-05,36.8955,0,2.4597,7.721065E-06,36.8955,0
2.4606,-4.162661E-05,36.909,0,2.4606,1.309224E-05,36.909,0
2.4615,-4.061952E-05,36.9225,0,2.4615,-1.510643E-05,36.9225,0
2.4624,-4.196231E-05,36.936,0,2.4624,-3.558404E-05,36.936,0
2.4633,-4.196231E-05,36.9495,0,2.4633,-7.721065E-06,36.9495,0
2.4642,-2.316319E-05,36.963,0,2.4642,-1.980621E-05,36.963,0
2.4651,1.275654E-05,36.9765,0,2.4651,-7.116808E-05,36.9765,0
2.466,1.577783E-05,36.99,0,2.466,-5.807584E-05,36.99,0
2.4669,2.081331E-05,37.0035,0,2.4669,-1.779202E-05,37.0035,0
2.4678,3.189136E-05,37.017,0,2.4678,-4.028382E-06,37.017,0
2.4687,1.174945E-05,37.0305,0,2.4687,-9.063859E-06,37.0305,0
2.4696,-2.719158E-05,37.044,0,2.4696,1.242084E-05,37.044,0
2.4705,-4.39765E-05,37.0575,0,2.4705,-7.049668E-06,37.0575,0
2.4714,-1.376364E-05,37.071,0,2.4714,-2.316319E-05,37.071,0
2.4723,9.735256E-06,37.0845,0,2.4723,-6.210422E-05,37.0845,0
2.4732,-2.349889E-06,37.098,0,2.4732,-5.069047E-05,37.098,0
2.4741,-1.913481E-05,37.1115,0,2.4741,-1.409934E-05,37.1115,0
2.475,-4.129091E-05,37.125,0,2.475,-3.390555E-05,37.125,0
2.4759,-3.323415E-05,37.1385,0,2.4759,-3.659113E-05,37.1385,0
2.4768,-7.721065E-06,37.152,0,2.4768,3.356985E-07,37.152,0
2.4777,1.846342E-05,37.1655,0,2.4777,-2.853437E-05,37.1655,0
2.4786,2.047761E-05,37.179,0,2.4786,-6.948959E-05,37.179,0
2.4795,1.846342E-05,37.1925,0,2.4795,-7.049668E-06,37.1925,0
2.4804,1.846342E-05,37.206,0,2.4804,4.699779E-06,37.206,0
2.4813,-3.356985E-06,37.2195,0,2.4813,-3.659113E-05,37.2195,0
2.4822,-3.524834E-05,37.233,0,2.4822,-3.793393E-05,37.233,0
2.4831,-2.786297E-05,37.2465,0,2.4831,-8.056763E-06,37.2465,0
2.484,-2.685588E-06,37.26,0,2.484,-1.174945E-05,37.26,0
2.4849,1.510643E-05,37.2735,0,2.4849,-1.174945E-05,37.2735,0
2.4858,8.728161E-06,37.287,0,2.4858,-2.652018E-05,37.287,0
2.4867,-1.409934E-05,37.3005,0,2.4867,-1.644922E-05,37.3005,0
2.4876,-2.920577E-05,37.314,0,2.4876,1.040665E-05,37.314,0
2.4885,-3.424125E-05,37.3275,0,2.4885,-1.577783E-05,37.3275,0
2.4894,-3.726253E-05,37.341,0,2.4894,-3.793393E-05,37.341,0
2.4903,-4.632639E-05,37.3545,0,2.4903,7.721065E-06,37.3545,0
2.4912,-2.618448E-05,37.368,0,2.4912,-1.913481E-05,37.368,0
2.4921,1.107805E-05,37.3815,0,2.4921,-6.478981E-05,37.3815,0
2.493,3.054856E-05,37.395,0,2.493,-2.28275E-05,37.395,0
2.4939,7.586786E-05,37.4085,0,2.4939,6.713969E-07,37.4085,0
2.4948,8.560311E-05,37.422,0,2.4948,-3.256275E-05,37.422,0
2.4957,5.069047E-05,37.4355,0,2.4957,-2.014191E-06,37.4355,0
2.4966,-1.107805E-05,37.449,0,2.4966,2.383459E-05,37.449,0
2.4975,-3.323415E-05,37.4625,0,2.4975,-6.713969E-07,37.4625,0
2.4984,-1.443504E-05,37.476,0,2.4984,-4.061952E-05,37.476,0
2.4993,-1.342794E-05,37.4895,0,2.4993,-5.941863E-05,37.4895,0
2.5002,-5.035477E-06,37.503,0,2.5002,-2.21561E-05,37.503,0
2.5011,-3.692683E-05,37.5165,0,2.5011,7.385367E-06,37.5165,0
2.502,-3.524834E-05,37.53,0,2.502,-2.18204E-05,37.53,0
2.5029,-8.392462E-06,37.5435,0,2.5029,-3.524834E-05,37.5435,0
2.5038,-1.342794E-06,37.557,0,2.5038,2.349889E-06,37.557,0
2.5047,-4.699779E-06,37.5705,0,2.5047,-1.141375E-05,37.5705,0
2.5056,-3.021286E-06,37.584,0,2.5056,-3.524834E-05,37.584,0
2.5065,-8.392462E-06,37.5975,0,2.5065,-4.699779E-06,37.5975,0
2.5074,1.577783E-05,37.611,0,2.5074,8.728161E-06,37.611,0
2.5083,8.392462E-06,37.6245,0,2.5083,-3.390555E-05,37.6245,0
2.5092,1.141375E-05,37.638,0,2.5092,-4.599069E-05,37.638,0
2.5101,4.028382E-06,37.6515,0,2.5101,-8.392462E-06,37.6515,0
2.511,1.577783E-05,37.665,0,2.511,-2.349889E-06,37.665,0
2.5119,2.24918E-05,37.6785,0,2.5119,9.063859E-06,37.6785,0
2.5128,6.378271E-06,37.692,0,2.5128,-1.980621E-05,37.692,0
2.5137,-2.987716E-05,37.7055,0,2.5137,-1.510643E-05,37.7055,0
2.5146,-3.927672E-05,37.719,0,2.5146,3.356985E-07,37.719,0
2.5155,-2.719158E-05,37.7325,0,2.5155,-2.450599E-05,37.7325,0
2.5164,-3.692683E-06,37.746,0,2.5164,-3.994812E-05,37.746,0
2.5173,5.035477E-06,37.7595,0,2.5173,-1.376364E-05,37.7595,0
2.5182,3.692683E-06,37.773,0,2.5182,-3.894102E-05,37.773,0
2.5191,1.242084E-05,37.7865,0,2.5191,-8.224613E-05,37.7865,0
2.52,-3.054856E-05,37.8,0,2.52,-2.383459E-05,37.8,0
2.5209,-2.987716E-05,37.8135,0,2.5209,5.337606E-05,37.8135,0
2.5218,-2.383459E-05,37.827,0,2.5218,6.311131E-05,37.827,0
2.5227,-5.874724E-05,37.8405,0,2.5227,-3.189136E-05,37.8405,0
2.5236,-6.378271E-05,37.854,0,2.5236,-3.994812E-05,37.854,0
2.5245,-4.33051E-05,37.8675,0,2.5245,-3.726253E-05,37.8675,0
2.5254,-5.572595E-05,37.881,0,2.5254,-5.270466E-05,37.881,0
2.5263,-4.162661E-05,37.8945,0,2.5263,-5.941863E-05,37.8945,0
2.5272,-1.779202E-05,37.908,0,2.5272,-3.088426E-05,37.908,0
2.5281,1.678492E-06,37.9215,0,2.5281,-4.36408E-06,37.9215,0
2.529,2.719158E-05,37.935,0,2.529,-1.510643E-05,37.935,0
2.5299,9.567407E-05,37.9485,0,2.5299,-1.510643E-05,37.9485,0
2.5308,8.392462E-05,37.962,0,2.5308,2.383459E-05,37.962,0
2.5317,1.107805E-05,37.9755,0,2.5317,3.021286E-06,37.9755,0
2.5326,-2.014191E-06,37.989,0,2.5326,-4.666209E-05,37.989,0
2.5335,-2.316319E-05,38.0025,0,2.5335,8.728161E-06,38.0025,0
2.5344,-4.49836E-05,38.016,0,2.5344,3.524834E-05,38.016,0
2.5353,-2.987716E-05,38.0295,0,2.5353,-5.035477E-06,38.0295,0
2.5362,-2.349889E-06,38.043,0,2.5362,-1.376364E-05,38.043,0
2.5371,-1.544213E-05,38.0565,0,2.5371,-3.356985E-06,38.0565,0
2.538,-8.728161E-06,38.07,0,2.538,-2.383459E-05,38.07,0
2.5389,-2.349889E-06,38.0835,0,2.5389,-5.673304E-05,38.0835,0
2.5398,-2.719158E-05,38.097,0,2.5398,-7.486076E-05,38.097,0
2.5407,-6.411841E-05,38.1105,0,2.5407,-3.927672E-05,38.1105,0
2.5416,-4.699779E-05,38.124,0,2.5416,-2.18204E-05,38.124,0
2.5425,-8.728161E-06,38.1375,0,2.5425,-5.505455E-05,38.1375,0
2.5434,-8.392462E-06,38.151,0,2.5434,-6.71397E-05,38.151,0
2.5443,7.049668E-06,38.1645,0,2.5443,-2.316319E-05,38.1645,0
2.5452,7.721065E-06,38.178,0,2.5452,-3.356985E-07,38.178,0
2.5461,6.378271E-06,38.1915,0,2.5461,2.450599E-05,38.1915,0
2.547,-7.721065E-06,38.205,0,2.547,1.812772E-05,38.205,0
2.5479,-4.36408E-06,38.2185,0,2.5479,1.577783E-05,38.2185,0
2.5488,9.735256E-06,38.232,0,2.5488,0,38.232,0
2.5497,5.035477E-06,38.2455,0,2.5497,-1.577783E-05,38.2455,0
2.5506,-2.584878E-05,38.259,0,2.5506,0,38.259,0
2.5515,-3.356985E-07,38.2725,0,2.5515,1.678492E-06,38.2725,0
2.5524,5.035477E-06,38.286,0,2.5524,-5.706874E-06,38.286,0
2.5533,-3.692683E-06,38.2995,0,2.5533,-2.450599E-05,38.2995,0
2.5542,-1.242084E-05,38.313,0,2.5542,-2.047761E-05,38.313,0
2.5551,-6.713969E-07,38.3265,0,2.5551,-8.392462E-06,38.3265,0
2.556,3.189136E-05,38.34,0,2.556,-3.793393E-05,38.34,0
2.5569,5.035477E-06,38.3535,0,2.5569,-6.6804E-05,38.3535,0
2.5578,-2.719158E-05,38.367,0,2.5578,-2.584878E-05,38.367,0
2.5587,-2.450599E-05,38.3805,0,2.5587,-7.049668E-06,38.3805,0
2.5596,-8.728161E-06,38.394,0,2.5596,-3.390555E-05,38.394,0
2.5605,-1.510643E-05,38.4075,0,2.5605,3.021286E-06,38.4075,0
2.5614,1.342794E-05,38.421,0,2.5614,-2.047761E-05,38.421,0
2.5623,3.659113E-05,38.4345,0,2.5623,-4.968337E-05,38.4345,0
2.5632,-8.728161E-06,38.448,0,2.5632,-4.061952E-05,38.448,0
2.5641,-4.46479E-05,38.4615,0,2.5641,-3.390555E-05,38.4615,0
2.565,-3.356985E-07,38.475,0,2.565,-4.263371E-05,38.475,0
2.5659,-2.786297E-05,38.4885,0,2.5659,-3.189136E-05,38.4885,0
2.5668,-4.36408E-06,38.502,0,2.5668,-4.46479E-05,38.502,0
2.5677,5.001907E-05,38.5155,0,2.5677,-9.735256E-06,38.5155,0
2.5686,4.632639E-05,38.529,0,2.5686,2.014191E-05,38.529,0
2.5695,1.309224E-05,38.5425,0,2.5695,1.342794E-06,38.5425,0
2.5704,2.349889E-05,38.556,0,2.5704,-2.786297E-05,38.556,0
2.5713,-3.524834E-05,38.5695,0,2.5713,-3.457694E-05,38.5695,0
2.5722,-4.33051E-05,38.583,0,2.5722,-3.390555E-05,38.583,0
2.5731,2.18204E-05,38.5965,0,2.5731,-5.941863E-05,38.5965,0
2.574,2.484169E-05,38.61,0,2.574,-3.088426E-05,38.61,0
2.5749,-3.860533E-05,38.6235,0,2.5749,-1.779202E-05,38.6235,0
2.5758,-6.378271E-05,38.637,0,2.5758,-4.196231E-05,38.637,0
2.5767,-4.599069E-05,38.6505,0,2.5767,-4.565499E-05,38.6505,0
2.5776,-7.385367E-05,38.664,0,2.5776,-1.174945E-05,38.664,0
2.5785,-5.740444E-05,38.6775,0,2.5785,-2.685588E-05,38.6775,0
2.5794,4.36408E-06,38.691,0,2.5794,-9.399558E-06,38.691,0
2.5803,6.143282E-05,38.7045,0,2.5803,-4.263371E-05,38.7045,0
2.5812,4.36408E-05,38.718,0,2.5812,-2.450599E-05,38.718,0
2.5821,-1.544213E-05,38.7315,0,2.5821,1.678492E-05,38.7315,0
2.583,-2.1149E-05,38.745,0,2.583,-7.385367E-06,38.745,0
2.5839,3.021286E-06,38.7585,0,2.5839,-4.36408E-06,38.7585,0
2.5848,-1.342794E-06,38.772,0,2.5848,4.263371E-05,38.772,0
2.5857,-1.947051E-05,38.7855,0,2.5857,1.275654E-05,38.7855,0
2.5866,3.994812E-05,38.799,0,2.5866,-2.551309E-05,38.799,0
2.5875,2.584878E-05,38.8125,0,2.5875,-1.309224E-05,38.8125,0
2.5884,2.652018E-05,38.826,0,2.5884,-1.174945E-05,38.826,0
2.5893,4.095522E-05,38.8395,0,2.5893,-1.644922E-05,38.8395,0
2.5902,1.040665E-05,38.853,0,2.5902,-1.980621E-05,38.853,0
2.5911,-2.014191E-05,38.8665,0,2.5911,-1.779202E-05,38.8665,0
2.592,8.392462E-06,38.88,0,2.592,-1.342794E-05,38.88,0
2.5929,1.007095E-06,38.8935,0,2.5929,-7.721065E-06,38.8935,0
2.5938,4.36408E-06,38.907,0,2.5938,-3.591974E-05,38.907,0
2.5947,-8.392462E-06,38.9205,0,2.5947,-3.994812E-05,38.9205,0
2.5956,-2.987716E-05,38.934,0,2.5956,-1.812772E-05,38.934,0
2.5965,-9.735256E-06,38.9475,0,2.5965,-2.484169E-05,38.9475,0
2.5974,-2.349889E-06,38.961,0,2.5974,-4.263371E-05,38.961,0
2.5983,-2.719158E-05,38.9745,0,2.5983,2.349889E-05,38.9745,0
2.5992,-3.860533E-05,38.988,0,2.5992,4.733349E-05,38.988,0
2.6001,-1.007095E-06,39.0015,0,2.6001,-1.275654E-05,39.0015,0
2.601,-4.46479E-05,39.015,0,2.601,-3.524834E-05,39.015,0
2.6019,-3.860533E-05,39.0285,0,2.6019,-2.719158E-05,39.0285,0
2.6028,1.174945E-05,39.042,0,2.6028,-6.176852E-05,39.042,0
2.6037,-3.692683E-05,39.0555,0,2.6037,-3.826963E-05,39.0555,0
2.6046,-7.418937E-05,39.069,0,2.6046,1.644922E-05,39.069,0
2.6055,-5.001907E-05,39.0825,0,2.6055,4.867628E-05,39.0825,0
2.6064,-4.39765E-05,39.096,0,2.6064,3.356985E-07,39.096,0
2.6073,-6.64683E-05,39.1095,0,2.6073,-4.229801E-05,39.1095,0
2.6082,-2.047761E-05,39.123,0,2.6082,-1.443504E-05,39.123,0
2.6091,2.014191E-05,39.1365,0,2.6091,9.735256E-06,39.1365,0
2.61,4.263371E-05,39.15,0,2.61,-2.584878E-05,39.15,0
2.6109,7.418937E-05,39.1635,0,2.6109,-3.457694E-05,39.1635,0
2.6118,2.517739E-05,39.177,0,2.6118,-5.371176E-06,39.177,0
2.6127,-1.376364E-05,39.1905,0,2.6127,-1.980621E-05,39.1905,0
2.6136,-9.735256E-06,39.204,0,2.6136,-5.337606E-05,39.204,0
2.6145,5.035477E-06,39.2175,0,2.6145,-1.712062E-05,39.2175,0
2.6154,-1.376364E-05,39.231,0,2.6154,-4.36408E-06,39.231,0
2.6163,-8.056763E-06,39.2445,0,2.6163,-3.793393E-05,39.2445,0
2.6172,-4.934768E-05,39.258,0,2.6172,-4.162661E-05,39.258,0
2.6181,-4.129091E-05,39.2715,0,2.6181,-1.275654E-05,39.2715,0
2.619,6.378271E-06,39.285,0,2.619,-1.812772E-05,39.285,0
2.6199,3.323415E-05,39.2985,0,2.6199,-3.524834E-05,39.2985,0
2.6208,3.894102E-05,39.312,0,2.6208,-3.021286E-05,39.312,0
2.6217,3.424125E-05,39.3255,0,2.6217,-2.014191E-06,39.3255,0
2.6226,1.309224E-05,39.339,0,2.6226,1.644922E-05,39.339,0
2.6235,2.349889E-06,39.3525,0,2.6235,-2.047761E-05,39.3525,0
2.6244,1.644922E-05,39.366,0,2.6244,-3.356985E-05,39.366,0
2.6253,-7.721065E-06,39.3795,0,2.6253,1.577783E-05,39.3795,0
2.6262,-1.141375E-05,39.393,0,2.6262,8.392462E-06,39.393,0
2.6271,7.721065E-06,39.4065,0,2.6271,-3.323415E-05,39.4065,0
2.628,-5.706874E-06,39.42,0,2.628,-1.577783E-05,39.42,0
2.6289,-3.356985E-07,39.4335,0,2.6289,-2.081331E-05,39.4335,0
2.6298,9.735256E-06,39.447,0,2.6298,-5.001907E-05,39.447,0
2.6307,2.719158E-05,39.4605,0,2.6307,-3.692683E-05,39.4605,0
2.6316,-1.007095E-06,39.474,0,2.6316,-3.323415E-05,39.474,0
2.6325,-2.517739E-05,39.4875,0,2.6325,-3.659113E-05,39.4875,0
2.6334,-2.752728E-05,39.501,0,2.6334,-3.826963E-05,39.501,0
2.6343,-1.712062E-05,39.5145,0,2.6343,-4.599069E-05,39.5145,0
2.6352,-1.812772E-05,39.528,0,2.6352,-2.383459E-05,39.528,0
2.6361,-6.74754E-05,39.5415,0,2.6361,-1.577783E-05,39.5415,0
2.637,-3.793393E-05,39.555,0,2.637,-2.920577E-05,39.555,0
2.6379,-1.678492E-06,39.5685,0,2.6379,-6.076142E-05,39.5685,0
2.6388,-4.901198E-05,39.582,0,2.6388,-3.927672E-05,39.582,0
2.6397,-1.879912E-05,39.5955,0,2.6397,-3.054856E-05,39.5955,0
2.6406,1.712062E-05,39.609,0,2.6406,-5.673304E-05,39.609,0
2.6415,-1.779202E-05,39.6225,0,2.6415,1.242084E-05,39.6225,0
2.6424,-2.853437E-05,39.636,0,2.6424,6.143282E-05,39.636,0
2.6433,-1.712062E-05,39.6495,0,2.6433,4.061952E-05,39.6495,0
2.6442,1.342794E-06,39.663,0,2.6442,5.706874E-06,39.663,0
2.6451,-1.242084E-05,39.6765,0,2.6451,1.678492E-06,39.6765,0
2.646,1.678492E-06,39.69,0,2.646,-3.793393E-05,39.69,0
2.6469,2.047761E-05,39.7035,0,2.6469,-4.162661E-05,39.7035,0
2.6478,1.174945E-05,39.717,0,2.6478,-4.028382E-05,39.717,0
2.6487,5.706874E-06,39.7305,0,2.6487,-1.644922E-05,39.7305,0
2.6496,-3.088426E-05,39.744,0,2.6496,2.21561E-05,39.744,0
2.6505,-1.947051E-05,39.7575,0,2.6505,-1.443504E-05,39.7575,0
2.6514,-8.392462E-06,39.771,0,2.6514,-2.853437E-05,39.771,0
2.6523,-1.644922E-05,39.7845,0,2.6523,-2.349889E-06,39.7845,0
2.6532,-2.954147E-05,39.798,0,2.6532,-6.042573E-06,39.798,0
2.6541,-2.652018E-05,39.8115,0,2.6541,-4.766919E-05,39.8115,0
2.655,-2.383459E-05,39.825,0,2.655,-1.275654E-05,39.825,0
2.6559,-2.987716E-05,39.8385,0,2.6559,-1.275654E-05,39.8385,0
2.6568,-1.376364E-05,39.852,0,2.6568,-3.927672E-05,39.852,0
2.6577,1.510643E-05,39.8655,0,2.6577,-4.43122E-05,39.8655,0
2.6586,1.712062E-05,39.879,0,2.6586,-1.040665E-05,39.879,0
2.6595,-3.692683E-06,39.8925,0,2.6595,-1.544213E-05,39.8925,0
2.6604,-4.36408E-06,39.906,0,2.6604,-2.517739E-05,39.906,0
2.6613,-8.056763E-06,39.9195,0,2.6613,-3.457694E-05,39.9195,0
2.6622,-1.007095E-06,39.933,0,2.6622,-8.392462E-06,39.933,0
2.6631,9.399558E-06,39.9465,0,2.6631,2.349889E-06,39.9465,0
2.664,2.383459E-05,39.96,0,2.664,-2.450599E-05,39.96,0
2.6649,3.323415E-05,39.9735,0,2.6649,-4.162661E-05,39.9735,0
2.6658,2.450599E-05,39.987,0,2.6658,5.035477E-06,39.987,0
2.6667,2.450599E-05,40.0005,0,2.6667,-7.721065E-06,40.0005,0
2.6676,1.309224E-05,40.014,0,2.6676,-4.263371E-05,40.014,0
2.6685,-1.913481E-05,40.0275,0,2.6685,2.349889E-06,40.0275,0
2.6694,-9.735256E-06,40.041,0,2.6694,1.107805E-05,40.041,0
2.6703,-1.779202E-05,40.0545,0,2.6703,-2.081331E-05,40.0545,0
2.6712,-4.766919E-05,40.068,0,2.6712,-1.712062E-05,40.068,0
2.6721,-5.941863E-05,40.0815,0,2.6721,4.36408E-06,40.0815,0
2.673,-2.081331E-05,40.095,0,2.673,-3.021286E-06,40.095,0
2.6739,-1.040665E-05,40.1085,0,2.6739,-8.056763E-06,40.1085,0
2.6748,6.042573E-06,40.122,0,2.6748,-2.417029E-05,40.122,0
2.6757,5.236896E-05,40.1355,0,2.6757,-4.36408E-06,40.1355,0
2.6766,1.947051E-05,40.149,0,2.6766,1.174945E-05,40.149,0
2.6775,-9.063859E-06,40.1625,0,2.6775,-1.577783E-05,40.1625,0
2.6784,1.040665E-05,40.176,0,2.6784,-5.270466E-05,40.176,0
2.6793,-1.644922E-05,40.1895,0,2.6793,-3.256275E-05,40.1895,0
2.6802,-3.356985E-05,40.203,0,2.6802,-3.726253E-05,40.203,0
2.6811,-2.18204E-05,40.2165,0,2.6811,-7.721065E-05,40.2165,0
2.682,-2.484169E-05,40.23,0,2.682,-2.719158E-05,40.23,0
2.6829,3.692683E-06,40.2435,0,2.6829,2.450599E-05,40.2435,0
2.6838,3.189136E-05,40.257,0,2.6838,5.706874E-06,40.257,0
2.6847,-3.356985E-07,40.2705,0,2.6847,-8.392462E-06,40.2705,0
2.6856,-1.644922E-05,40.284,0,2.6856,1.577783E-05,40.284,0
2.6865,-1.275654E-05,40.2975,0,2.6865,-3.457694E-05,40.2975,0
2.6874,1.174945E-05,40.311,0,2.6874,-3.826963E-05,40.311,0
2.6883,-5.706874E-06,40.3245,0,2.6883,-4.766919E-05,40.3245,0
2.6892,-7.721065E-06,40.338,0,2.6892,-7.049668E-06,40.338,0
2.6901,1.309224E-05,40.3515,0,2.6901,4.53193E-05,40.3515,0
2.691,-5.706874E-06,40.365,0,2.691,2.316319E-05,40.365,0
2.6919,1.007095E-05,40.3785,0,2.6919,-3.323415E-05,40.3785,0
2.6928,-2.685588E-06,40.392,0,2.6928,-3.021286E-06,40.392,0
2.6937,1.007095E-06,40.4055,0,2.6937,-1.510643E-05,40.4055,0
2.6946,6.042573E-06,40.419,0,2.6946,-5.572595E-05,40.419,0
2.6955,-3.491264E-05,40.4325,0,2.6955,-5.673304E-05,40.4325,0
2.6964,-5.001907E-05,40.446,0,2.6964,-3.356985E-05,40.446,0
2.6973,-5.001907E-05,40.4595,0,2.6973,-3.155566E-05,40.4595,0
2.6982,-5.673304E-05,40.473,0,2.6982,-4.800488E-05,40.473,0
2.6991,-1.913481E-05,40.4865,0,2.6991,-1.141375E-05,40.4865,0
2.7,1.510643E-05,40.5,0,2.7,-1.409934E-05,40.5,0
2.7009,2.349889E-06,40.5135,0,2.7009,-1.812772E-05,40.5135,0
2.7018,-3.994812E-05,40.527,0,2.7018,-4.39765E-05,40.527,0
2.7027,-2.28275E-05,40.5405,0,2.7027,-4.095522E-05,40.5405,0
2.7036,2.920577E-05,40.554,0,2.7036,-1.275654E-05,40.554,0
2.7045,2.417029E-05,40.5675,0,2.7045,-2.987716E-05,40.5675,0
2.7054,3.256275E-05,40.581,0,2.7054,-3.457694E-05,40.581,0
2.7063,2.786297E-05,40.5945,0,2.7063,7.385367E-06,40.5945,0
2.7072,-3.356985E-07,40.608,0,2.7072,-1.107805E-05,40.608,0
2.7081,2.24918E-05,40.6215,0,2.7081,-4.129091E-05,40.6215,0
2.709,-1.040665E-05,40.635,0,2.709,-1.443504E-05,40.635,0
2.7099,-2.1149E-05,40.6485,0,2.7099,-1.376364E-05,40.6485,0
2.7108,-9.063859E-06,40.662,0,2.7108,-4.599069E-05,40.662,0
2.7117,-4.196231E-05,40.6755,0,2.7117,-3.256275E-05,40.6755,0
2.7126,-4.934768E-05,40.689,0,2.7126,-8.392462E-06,40.689,0
2.7135,-2.752728E-05,40.7025,0,2.7135,-1.846342E-05,40.7025,0
2.7144,-2.24918E-05,40.716,0,2.7144,-1.913481E-05,40.716,0
2.7153,0,40.7295,0,2.7153,-2.987716E-05,40.7295,0
2.7162,3.390555E-05,40.743,0,2.7162,3.356985E-07,40.743,0
2.7171,-5.706874E-06,40.7565,0,2.7171,3.961242E-05,40.7565,0
2.718,6.042573E-06,40.77,0,2.718,2.1149E-05,40.77,0
2.7189,1.409934E-05,40.7835,0,2.7189,-5.102617E-05,40.7835,0
2.7198,-1.477073E-05,40.797,0,2.7198,-2.719158E-05,40.797,0
2.7207,-5.539025E-05,40.8105,0,2.7207,-1.510643E-05,40.8105,0
2.7216,-2.383459E-05,40.824,0,2.7216,-4.599069E-05,40.824,0
2.7225,-3.054856E-05,40.8375,0,2.7225,-2.685588E-05,40.8375,0
2.7234,-1.712062E-05,40.851,0,2.7234,-1.007095E-06,40.851,0
2.7243,4.36408E-06,40.8645,0,2.7243,-3.356985E-05,40.8645,0
2.7252,5.438316E-05,40.878,0,2.7252,-3.826963E-05,40.878,0
2.7261,1.477073E-05,40.8915,0,2.7261,-7.721065E-06,40.8915,0
2.727,7.385367E-06,40.905,0,2.727,-2.014191E-06,40.905,0
2.7279,5.035477E-06,40.9185,0,2.7279,3.356985E-07,40.9185,0
2.7288,-2.987716E-05,40.932,0,2.7288,-2.316319E-05,40.932,0
2.7297,-1.376364E-05,40.9455,0,2.7297,-7.385367E-06,40.9455,0
2.7306,6.713969E-07,40.959,0,2.7306,-1.376364E-05,40.959,0
2.7315,-7.049668E-06,40.9725,0,2.7315,-2.450599E-05,40.9725,0
2.7324,1.208515E-05,40.986,0,2.7324,-3.289845E-05,40.986,0
2.7333,2.752728E-05,40.9995,0,2.7333,-7.049668E-06,40.9995,0
2.7342,-1.107805E-05,41.013,0,2.7342,-4.901198E-05,41.013,0
2.7351,4.699779E-06,41.0265,0,2.7351,-7.956054E-05,41.0265,0
2.736,3.424125E-05,41.04,0,2.736,-2.047761E-05,41.04,0
2.7369,9.399558E-06,41.0535,0,2.7369,1.577783E-05,41.0535,0
2.7378,-8.392462E-06,41.067,0,2.7378,2.652018E-05,41.067,0
2.7387,-3.390555E-05,41.0805,0,2.7387,5.203327E-05,41.0805,0
2.7396,-3.659113E-05,41.094,0,2.7396,2.819867E-05,41.094,0
2.7405,-6.713969E-06,41.1075,0,2.7405,-3.021286E-06,41.1075,0
2.7414,-2.450599E-05,41.121,0,2.7414,-4.867628E-05,41.121,0
2.7423,-3.424125E-05,41.1345,0,2.7423,-5.539025E-05,41.1345,0
2.7432,-2.517739E-05,41.148,0,2.7432,-2.18204E-05,41.148,0
2.7441,-4.599069E-05,41.1615,0,2.7441,-3.524834E-05,41.1615,0
2.745,-2.786297E-05,41.175,0,2.745,-3.793393E-05,41.175,0
2.7459,-3.692683E-06,41.1885,0,2.7459,-4.599069E-05,41.1885,0
2.7468,1.409934E-05,41.202,0,2.7468,-1.812772E-05,41.202,0
2.7477,2.1149E-05,41.2155,0,2.7477,-1.443504E-05,41.2155,0
2.7486,-1.107805E-05,41.229,0,2.7486,-5.069047E-05,41.229,0
2.7495,-2.18204E-05,41.2425,0,2.7495,-1.242084E-05,41.2425,0
2.7504,7.385367E-06,41.256,0,2.7504,-2.349889E-06,41.256,0
2.7513,-8.392462E-06,41.2695,0,2.7513,-3.927672E-05,41.2695,0
2.7522,-2.18204E-05,41.283,0,2.7522,-1.174945E-05,41.283,0
2.7531,-3.356985E-07,41.2965,0,2.7531,8.392462E-06,41.2965,0
2.754,2.987716E-05,41.31,0,2.754,1.007095E-06,41.31,0
2.7549,1.947051E-05,41.3235,0,2.7549,-9.063859E-06,41.3235,0
2.7558,-1.107805E-05,41.337,0,2.7558,-2.551309E-05,41.337,0
2.7567,-3.021286E-06,41.3505,0,2.7567,-2.316319E-05,41.3505,0
2.7576,-4.263371E-05,41.364,0,2.7576,-1.208515E-05,41.364,0
2.7585,-2.1149E-05,41.3775,0,2.7585,-5.001907E-05,41.3775,0
2.7594,3.021286E-06,41.391,0,2.7594,-4.33051E-05,41.391,0
2.7603,-1.242084E-05,41.4045,0,2.7603,3.021286E-06,41.4045,0
2.7612,-5.035477E-06,41.418,0,2.7612,1.477073E-05,41.418,0
2.7621,2.18204E-05,41.4315,0,2.7621,-1.980621E-05,41.4315,0
2.763,-1.678492E-06,41.445,0,2.763,-1.275654E-05,41.445,0
2.7639,-5.706874E-06,41.4585,0,2.7639,-6.042573E-06,41.4585,0
2.7648,1.510643E-05,41.472,0,2.7648,-3.994812E-05,41.472,0
2.7657,-1.107805E-05,41.4855,0,2.7657,-3.726253E-05,41.4855,0
2.7666,-3.894102E-05,41.499,0,2.7666,-2.652018E-05,41.499,0
2.7675,-2.584878E-05,41.5125,0,2.7675,-3.356985E-05,41.5125,0
2.7684,-1.309224E-05,41.526,0,2.7684,-3.826963E-05,41.526,0
2.7693,-1.141375E-05,41.5395,0,2.7693,-3.323415E-05,41.5395,0
2.7702,-2.517739E-05,41.553,0,2.7702,2.1149E-05,41.553,0
2.7711,-2.584878E-05,41.5665,0,2.7711,9.735256E-06,41.5665,0
2.772,-3.625543E-05,41.58,0,2.772,-3.189136E-05,41.58,0
2.7729,-2.719158E-05,41.5935,0,2.7729,-3.189136E-05,41.5935,0
2.7738,-2.551309E-05,41.607,0,2.7738,7.721065E-06,41.607,0
2.7747,-1.376364E-05,41.6205,0,2.7747,-1.174945E-05,41.6205,0
2.7756,3.390555E-05,41.634,0,2.7756,-4.733349E-05,41.634,0
2.7765,1.611353E-05,41.6475,0,2.7765,1.007095E-06,41.6475,0
2.7774,4.733349E-05,41.661,0,2.7774,-7.049668E-06,41.661,0
2.7783,3.054856E-05,41.6745,0,2.7783,-4.196231E-05,41.6745,0
2.7792,-5.740444E-05,41.688,0,2.7792,-3.591974E-05,41.688,0
2.7801,-2.517739E-05,41.7015,0,2.7801,2.349889E-06,41.7015,0
2.781,-1.577783E-05,41.715,0,2.781,-1.678492E-05,41.715,0
2.7819,1.007095E-06,41.7285,0,2.7819,-2.584878E-05,41.7285,0
2.7828,2.920577E-05,41.742,0,2.7828,-4.867628E-05,41.742,0
2.7837,3.289845E-05,41.7555,0,2.7837,-2.719158E-05,41.7555,0
2.7846,2.551309E-05,41.769,0,2.7846,-1.007095E-05,41.769,0
2.7855,4.39765E-05,41.7825,0,2.7855,-2.584878E-05,41.7825,0
2.7864,2.24918E-05,41.796,0,2.7864,-5.606165E-05,41.796,0
2.7873,-8.728161E-06,41.8095,0,2.7873,-1.107805E-05,41.8095,0
2.7882,-8.392462E-06,41.823,0,2.7882,3.692683E-06,41.823,0
2.7891,-1.678492E-06,41.8365,0,2.7891,-3.826963E-05,41.8365,0
2.79,-2.18204E-05,41.85,0,2.79,-7.049668E-06,41.85,0
2.7909,-2.484169E-05,41.8635,0,2.7909,-4.028382E-06,41.8635,0
2.7918,-3.356985E-05,41.877,0,2.7918,-3.726253E-05,41.877,0
2.7927,-5.673304E-05,41.8905,0,2.7927,-1.275654E-05,41.8905,0
2.7936,-5.673304E-05,41.904,0,2.7936,8.392462E-06,41.904,0
2.7945,5.035477E-06,41.9175,0,2.7945,-7.049668E-06,41.9175,0
2.7954,1.510643E-05,41.931,0,2.7954,-5.706874E-06,41.931,0
2.7963,1.443504E-05,41.9445,0,2.7963,-3.424125E-05,41.9445,0
2.7972,2.987716E-05,41.958,0,2.7972,-1.342794E-06,41.958,0
2.7981,-3.356985E-06,41.9715,0,2.7981,1.007095E-06,41.9715,0
2.799,-6.378271E-05,41.985,0,2.799,-5.304036E-05,41.985,0
2.7999,-1.913481E-05,41.9985,0,2.7999,-6.277562E-05,41.9985,0
2.8008,-4.028382E-06,42.012,0,2.8008,-1.107805E-05,42.012,0
2.8017,-2.853437E-05,42.0255,0,2.8017,-6.042573E-06,42.0255,0
2.8026,0,42.039,0,2.8026,-4.129091E-05,42.039,0
2.8035,3.356985E-06,42.0525,0,2.8035,-6.042573E-06,42.0525,0
2.8044,6.378271E-06,42.066,0,2.8044,7.721065E-06,42.066,0
2.8053,-1.812772E-05,42.0795,0,2.8053,-1.208515E-05,42.0795,0
2.8062,-7.721065E-06,42.093,0,2.8062,-1.443504E-05,42.093,0
2.8071,-4.36408E-06,42.1065,0,2.8071,1.879912E-05,42.1065,0
2.808,-1.443504E-05,42.12,0,2.808,1.678492E-06,42.12,0
2.8089,-5.035477E-06,42.1335,0,2.8089,1.443504E-05,42.1335,0
2.8098,1.107805E-05,42.147,0,2.8098,-1.342794E-06,42.147,0
2.8107,-5.706874E-06,42.1605,0,2.8107,-1.107805E-05,42.1605,0
2.8116,-1.644922E-05,42.174,0,2.8116,-1.309224E-05,42.174,0
2.8125,3.021286E-06,42.1875,0,2.8125,-3.054856E-05,42.1875,0
2.8134,-1.007095E-05,42.201,0,2.8134,-8.090334E-05,42.201,0
2.8143,-3.256275E-05,42.2145,0,2.8143,-6.948959E-05,42.2145,0
2.8152,-1.510643E-05,42.228,0,2.8152,-6.411841E-05,42.228,0
2.8161,-1.007095E-05,42.2415,0,2.8161,-9.466698E-05,42.2415,0
2.817,3.692683E-06,42.255,0,2.817,-4.800488E-05,42.255,0
2.8179,4.53193E-05,42.2685,0,2.8179,-3.356985E-06,42.2685,0
2.8188,1.678492E-06,42.282,0,2.8188,-2.517739E-05,42.282,0
2.8197,-2.014191E-05,42.2955,0,2.8197,-1.174945E-05,42.2955,0
2.8206,2.349889E-06,42.309,0,2.8206,5.337606E-05,42.309,0
2.8215,-5.706874E-06,42.3225,0,2.8215,2.786297E-05,42.3225,0
2.8224,-2.584878E-05,42.336,0,2.8224,-3.994812E-05,42.336,0
2.8233,5.035477E-06,42.3495,0,2.8233,-3.927672E-05,42.3495,0
2.8242,2.316319E-05,42.363,0,2.8242,4.028382E-06,42.363,0
2.8251,-3.356985E-07,42.3765,0,2.8251,2.316319E-05,42.3765,0
2.826,-8.392462E-06,42.39,0,2.826,-1.678492E-06,42.39,0
2.8269,-5.706874E-06,42.4035,0,2.8269,-1.644922E-05,42.4035,0
2.8278,-5.539025E-05,42.417,0,2.8278,-3.356985E-07,42.417,0
2.8287,-3.457694E-05,42.4305,0,2.8287,-3.424125E-05,42.4305,0
2.8296,2.24918E-05,42.444,0,2.8296,-7.049668E-05,42.444,0
2.8305,-2.584878E-05,42.4575,0,2.8305,-3.591974E-05,42.4575,0
2.8314,-2.047761E-05,42.471,0,2.8314,-1.577783E-05,42.471,0
2.8323,1.980621E-05,42.4845,0,2.8323,-8.392462E-06,42.4845,0
2.8332,4.061952E-05,42.498,0,2.8332,6.881819E-05,42.498,0
2.8341,3.356985E-06,42.5115,0,2.8341,3.323415E-05,42.5115,0
2.835,2.719158E-05,42.525,0,2.835,-8.392462E-06,42.525,0
2.8359,-1.107805E-05,42.5385,0,2.8359,-1.644922E-05,42.5385,0
2.8368,-2.450599E-05,42.552,0,2.8368,-5.505455E-05,42.552,0
2.8377,-2.618448E-05,42.5655,0,2.8377,-3.323415E-05,42.5655,0
2.8386,-1.644922E-05,42.579,0,2.8386,-2.719158E-05,42.579,0
2.8395,-1.510643E-05,42.5925,0,2.8395,-3.457694E-05,42.5925,0
2.8404,-3.356985E-07,42.606,0,2.8404,-3.591974E-05,42.606,0
2.8413,2.349889E-05,42.6195,0,2.8413,6.378271E-06,42.6195,0
2.8422,1.644922E-05,42.633,0,2.8422,-1.376364E-05,42.633,0
2.8431,8.056763E-06,42.6465,0,2.8431,-4.901198E-05,42.6465,0
2.844,-1.242084E-05,42.66,0,2.844,-1.208515E-05,42.66,0
2.8449,-3.121996E-05,42.6735,0,2.8449,3.692683E-06,42.6735,0
2.8458,-4.36408E-05,42.687,0,2.8458,-3.256275E-05,42.687,0
2.8467,-4.36408E-05,42.7005,0,2.8467,-5.539025E-05,42.7005,0
2.8476,-6.478981E-05,42.714,0,2.8476,-3.793393E-05,42.714,0
2.8485,-4.800488E-05,42.7275,0,2.8485,-3.491264E-05,42.7275,0
2.8494,-3.289845E-05,42.741,0,2.8494,-4.229801E-05,42.741,0
2.8503,-8.392462E-06,42.7545,0,2.8503,-2.349889E-05,42.7545,0
2.8512,1.678492E-06,42.768,0,2.8512,6.478981E-05,42.768,0
2.8521,1.040665E-05,42.7815,0,2.8521,4.867628E-05,42.7815,0
2.853,1.342794E-06,42.795,0,2.853,4.028382E-06,42.795,0
2.8539,1.913481E-05,42.8085,0,2.8539,-1.779202E-05,42.8085,0
2.8548,4.666209E-05,42.822,0,2.8548,9.735256E-06,42.822,0
2.8557,1.309224E-05,42.8355,0,2.8557,-1.376364E-05,42.8355,0
2.8566,5.035477E-06,42.849,0,2.8566,-6.57969E-05,42.849,0
2.8575,5.706874E-06,42.8625,0,2.8575,-1.577783E-05,42.8625,0
2.8584,-8.728161E-06,42.876,0,2.8584,-7.721065E-06,42.876,0
2.8593,-3.289845E-05,42.8895,0,2.8593,-5.404745E-05,42.8895,0
2.8602,-1.242084E-05,42.903,0,2.8602,-3.491264E-05,42.903,0
2.8611,-2.316319E-05,42.9165,0,2.8611,-1.409934E-05,42.9165,0
2.862,-3.692683E-05,42.93,0,2.862,-2.887007E-05,42.93,0
2.8629,-1.812772E-05,42.9435,0,2.8629,-3.558404E-05,42.9435,0
2.8638,-1.242084E-05,42.957,0,2.8638,-5.069047E-05,42.957,0
2.8647,-9.063859E-06,42.9705,0,2.8647,-2.18204E-05,42.9705,0
2.8656,-8.392462E-06,42.984,0,2.8656,1.812772E-05,42.984,0
2.8665,-1.007095E-06,42.9975,0,2.8665,-2.28275E-05,42.9975,0
2.8674,2.652018E-05,43.011,0,2.8674,-4.33051E-05,43.011,0
2.8683,-1.577783E-05,43.0245,0,2.8683,0,43.0245,0
2.8692,-2.18204E-05,43.038,0,2.8692,-3.356985E-06,43.038,0
2.8701,-6.713969E-07,43.0515,0,2.8701,-4.834058E-05,43.0515,0
2.871,5.035477E-06,43.065,0,2.871,-2.349889E-06,43.065,0
2.8719,-1.141375E-05,43.0785,0,2.8719,-2.014191E-06,43.0785,0
2.8728,-1.443504E-05,43.092,0,2.8728,-4.33051E-05,43.092,0
2.8737,4.599069E-05,43.1055,0,2.8737,-3.793393E-05,43.1055,0
2.8746,1.544213E-05,43.119,0,2.8746,-2.081331E-05,43.119,0
2.8755,-9.063859E-06,43.1325,0,2.8755,-2.18204E-05,43.1325,0
2.8764,-7.049668E-06,43.146,0,2.8764,-2.819867E-05,43.146,0
2.8773,-1.007095E-06,43.1595,0,2.8773,-5.505455E-05,43.1595,0
2.8782,2.349889E-06,43.173,0,2.8782,-2.349889E-05,43.173,0
2.8791,-2.28275E-05,43.1865,0,2.8791,1.242084E-05,43.1865,0
2.88,-3.189136E-05,43.2,0,2.88,-1.309224E-05,43.2,0
2.8809,-2.383459E-05,43.2135,0,2.8809,-3.256275E-05,43.2135,0
2.8818,-2.987716E-05,43.227,0,2.8818,3.021286E-06,43.227,0
2.8827,-3.692683E-05,43.2405,0,2.8827,5.035477E-06,43.2405,0
2.8836,-1.644922E-05,43.254,0,2.8836,-2.987716E-05,43.254,0
2.8845,-1.208515E-05,43.2675,0,2.8845,-1.678492E-06,43.2675,0
2.8854,3.894102E-05,43.281,0,2.8854,6.713969E-06,43.281,0
2.8863,1.913481E-05,43.2945,0,2.8863,-3.121996E-05,43.2945,0
2.8872,1.040665E-05,43.308,0,2.8872,-2.584878E-05,43.308,0
2.8881,3.155566E-05,43.3215,0,2.8881,-2.349889E-06,43.3215,0
2.889,4.36408E-06,43.335,0,2.889,-1.980621E-05,43.335,0
2.8899,-1.678492E-06,43.3485,0,2.8899,-3.323415E-05,43.3485,0
2.8908,-4.36408E-06,43.362,0,2.8908,-4.934768E-05,43.362,0
2.8917,-5.706874E-06,43.3755,0,2.8917,-2.081331E-05,43.3755,0
2.8926,0,43.389,0,2.8926,4.36408E-06,43.389,0
2.8935,5.035477E-06,43.4025,0,2.8935,-2.383459E-05,43.4025,0
2.8944,1.242084E-05,43.416,0,2.8944,-3.860533E-05,43.416,0
2.8953,5.035477E-06,43.4295,0,2.8953,1.107805E-05,43.4295,0
2.8962,1.678492E-05,43.443,0,2.8962,-1.309224E-05,43.443,0
2.8971,2.853437E-05,43.4565,0,2.8971,-4.934768E-05,43.4565,0
2.898,-1.879912E-05,43.47,0,2.898,-1.644922E-05,43.47,0
2.8989,-3.625543E-05,43.4835,0,2.8989,-3.021286E-06,43.4835,0
2.8998,-2.047761E-05,43.497,0,2.8998,-3.323415E-05,43.497,0
2.9007,-4.733349E-05,43.5105,0,2.9007,-2.316319E-05,43.5105,0
2.9016,-4.196231E-05,43.524,0,2.9016,-7.721065E-06,43.524,0
2.9025,-8.392462E-06,43.5375,0,2.9025,-3.558404E-05,43.5375,0
2.9034,-5.371176E-06,43.551,0,2.9034,-2.349889E-05,43.551,0
2.9043,1.477073E-05,43.5645,0,2.9043,-3.591974E-05,43.5645,0
2.9052,1.242084E-05,43.578,0,2.9052,-1.913481E-05,43.578,0
2.9061,-2.752728E-05,43.5915,0,2.9061,-1.443504E-05,43.5915,0
2.907,-2.719158E-05,43.605,0,2.907,-1.913481E-05,43.605,0
2.9079,-1.510643E-05,43.6185,0,2.9079,-1.812772E-05,43.6185,0
2.9088,-4.867628E-05,43.632,0,2.9088,0,43.632,0
2.9097,-3.927672E-05,43.6455,0,2.9097,-1.007095E-05,43.6455,0
2.9106,-5.706874E-06,43.659,0,2.9106,-4.934768E-05,43.659,0
2.9115,-1.712062E-05,43.6725,0,2.9115,-1.275654E-05,43.6725,0
2.9124,6.378271E-06,43.686,0,2.9124,1.376364E-05,43.686,0
2.9133,3.155566E-05,43.6995,0,2.9133,-2.18204E-05,43.6995,0
2.9142,4.129091E-05,43.713,0,2.9142,-3.961242E-05,43.713,0
2.9151,-1.007095E-06,43.7265,0,2.9151,-3.256275E-05,43.7265,0
2.916,1.040665E-05,43.74,0,2.916,-2.920577E-05,43.74,0
2.9169,6.378271E-06,43.7535,0,2.9169,-1.644922E-05,43.7535,0
2.9178,-1.174945E-05,43.767,0,2.9178,-2.1149E-05,43.767,0
2.9187,-1.510643E-05,43.7805,0,2.9187,1.846342E-05,43.7805,0
2.9196,-3.356985E-05,43.794,0,2.9196,3.189136E-05,43.794,0
2.9205,-6.713969E-06,43.8075,0,2.9205,-9.399558E-06,43.8075,0
2.9214,-6.042573E-06,43.821,0,2.9214,-2.450599E-05,43.821,0
2.9223,-4.229801E-05,43.8345,0,2.9223,6.713969E-07,43.8345,0
2.9232,-2.484169E-05,43.848,0,2.9232,-3.793393E-05,43.848,0
2.9241,1.577783E-05,43.8615,0,2.9241,-0.0001050736,43.8615,0
2.925,-1.947051E-05,43.875,0,2.925,-5.975433E-05,43.875,0
2.9259,5.035477E-06,43.8885,0,2.9259,-4.196231E-05,43.8885,0
2.9268,-1.913481E-05,43.902,0,2.9268,-6.915389E-05,43.902,0
2.9277,-3.323415E-05,43.9155,0,2.9277,-4.53193E-05,43.9155,0
2.9286,-5.706874E-06,43.929,0,2.9286,1.812772E-05,43.929,0
2.9295,-2.752728E-05,43.9425,0,2.9295,7.217517E-05,43.9425,0
2.9304,-3.927672E-05,43.956,0,2.9304,5.706874E-05,43.956,0
2.9313,-1.913481E-05,43.9695,0,2.9313,1.007095E-06,43.9695,0
2.9322,2.987716E-05,43.983,0,2.9322,1.376364E-05,43.983,0
2.9331,3.524834E-05,43.9965,0,2.9331,1.040665E-05,43.9965,0
2.934,2.383459E-05,44.01,0,2.934,-7.049668E-06,44.01,0
2.9349,3.927672E-05,44.0235,0,2.9349,-3.558404E-05,44.0235,0
2.9358,3.021286E-06,44.037,0,2.9358,-9.735256E-06,44.037,0
2.9367,-4.36408E-06,44.0505,0,2.9367,-5.035477E-06,44.0505,0
2.9376,1.309224E-05,44.064,0,2.9376,-4.43122E-05,44.064,0
2.9385,-6.042573E-06,44.0775,0,2.9385,-1.242084E-05,44.0775,0
2.9394,-2.786297E-05,44.091,0,2.9394,-1.477073E-05,44.091,0
2.9403,-2.584878E-05,44.1045,0,2.9403,-4.263371E-05,44.1045,0
2.9412,-2.450599E-05,44.118,0,2.9412,-9.735256E-06,44.118,0
2.9421,-1.913481E-05,44.1315,0,2.9421,4.699779E-06,44.1315,0
2.943,-1.007095E-05,44.145,0,2.943,-1.107805E-05,44.145,0
2.9439,-2.584878E-05,44.1585,0,2.9439,-2.24918E-05,44.1585,0
2.9448,-2.517739E-05,44.172,0,2.9448,-4.229801E-05,44.172,0
2.9457,-3.356985E-07,44.1855,0,2.9457,-2.18204E-05,44.1855,0
2.9466,2.24918E-05,44.199,0,2.9466,-2.1149E-05,44.199,0
2.9475,-5.706874E-06,44.2125,0,2.9475,-4.599069E-05,44.2125,0
2.9484,1.477073E-05,44.226,0,2.9484,-5.371176E-05,44.226,0
2.9493,6.378271E-06,44.2395,0,2.9493,-7.049668E-06,44.2395,0
2.9502,-2.853437E-05,44.253,0,2.9502,-2.853437E-05,44.253,0
2.9511,-1.242084E-05,44.2665,0,2.9511,-6.176852E-05,44.2665,0
2.952,-1.510643E-05,44.28,0,2.952,-1.242084E-05,44.28,0
2.9529,-1.644922E-05,44.2935,0,2.9529,1.980621E-05,44.2935,0
2.9538,-1.846342E-05,44.307,0,2.9538,-2.484169E-05,44.307,0
2.9547,-7.049668E-06,44.3205,0,2.9547,-8.392462E-06,44.3205,0
2.9556,-3.726253E-05,44.334,0,2.9556,1.208515E-05,44.334,0
2.9565,-3.759823E-05,44.3475,0,2.9565,2.349889E-06,44.3475,0
2.9574,-6.713969E-07,44.361,0,2.9574,-1.644922E-05,44.361,0
2.9583,6.378271E-06,44.3745,0,2.9583,-4.129091E-05,44.3745,0
2.9592,4.36408E-06,44.388,0,2.9592,-2.786297E-05,44.388,0
2.9601,4.129091E-05,44.4015,0,2.9601,-2.652018E-05,44.4015,0
2.961,1.745632E-05,44.415,0,2.961,-3.491264E-05,44.415,0
2.9619,-1.510643E-05,44.4285,0,2.9619,-4.33051E-05,44.4285,0
2.9628,1.745632E-05,44.442,0,2.9628,1.544213E-05,44.442,0
2.9637,-5.069047E-05,44.4555,0,2.9637,-2.685588E-05,44.4555,0
2.9646,-6.076142E-05,44.469,0,2.9646,-5.941863E-05,44.469,0
2.9655,-3.222705E-05,44.4825,0,2.9655,-7.049668E-06,44.4825,0
2.9664,-9.063859E-06,44.496,0,2.9664,-1.242084E-05,44.496,0
2.9673,5.539025E-05,44.5095,0,2.9673,-3.323415E-05,44.5095,0
2.9682,1.309224E-05,44.523,0,2.9682,-2.685588E-05,44.523,0
2.9691,-2.987716E-05,44.5365,0,2.9691,1.007095E-06,44.5365,0
2.97,-5.706874E-06,44.55,0,2.97,8.392462E-06,44.55,0
2.9709,-3.356985E-06,44.5635,0,2.9709,2.517739E-05,44.5635,0
2.9718,1.174945E-05,44.577,0,2.9718,-1.779202E-05,44.577,0
2.9727,2.047761E-05,44.5905,0,2.9727,-1.947051E-05,44.5905,0
2.9736,-1.913481E-05,44.604,0,2.9736,-8.392462E-06,44.604,0
2.9745,-2.584878E-05,44.6175,0,2.9745,-2.316319E-05,44.6175,0
2.9754,-9.399558E-06,44.631,0,2.9754,-3.860533E-05,44.631,0
2.9763,-3.155566E-05,44.6445,0,2.9763,5.371176E-06,44.6445,0
2.9772,-3.256275E-05,44.658,0,2.9772,-1.040665E-05,44.658,0
2.9781,-1.510643E-05,44.6715,0,2.9781,-4.766919E-05,44.6715,0
2.979,-2.047761E-05,44.685,0,2.979,-1.007095E-06,44.685,0
2.9799,-1.242084E-05,44.6985,0,2.9799,3.021286E-06,44.6985,0
2.9808,1.309224E-05,44.712,0,2.9808,-4.800488E-05,44.712,0
2.9817,6.109713E-05,44.7255,0,2.9817,-3.927672E-05,44.7255,0
2.9826,1.141375E-05,44.739,0,2.9826,-9.399558E-06,44.739,0
2.9835,1.577783E-05,44.7525,0,2.9835,-2.28275E-05,44.7525,0
2.9844,3.994812E-05,44.766,0,2.9844,-2.417029E-05,44.766,0
2.9853,1.174945E-05,44.7795,0,2.9853,-2.081331E-05,44.7795,0
2.9862,-2.349889E-06,44.793,0,2.9862,-1.712062E-05,44.793,0
2.9871,-3.793393E-05,44.8065,0,2.9871,-2.014191E-05,44.8065,0
2.988,-3.793393E-05,44.82,0,2.988,-2.014191E-05,44.82,0
2.9889,-1.577783E-05,44.8335,0,2.9889,-2.685588E-05,44.8335,0
2.9898,-1.577783E-05,44.847,0,2.9898,-2.349889E-06,44.847,0
2.9907,-1.174945E-05,44.8605,0,2.9907,-1.644922E-05,44.8605,0
2.9916,-3.356985E-07,44.874,0,2.9916,-5.404745E-05,44.874,0
2.9925,-1.913481E-05,44.8875,0,2.9925,-1.577783E-05,44.8875,0
2.9934,5.035477E-06,44.901,0,2.9934,7.049668E-06,44.901,0
2.9943,-1.712062E-05,44.9145,0,2.9943,-2.21561E-05,44.9145,0
2.9952,-4.263371E-05,44.928,0,2.9952,-1.376364E-05,44.928,0
2.9961,-2.28275E-05,44.9415,0,2.9961,-1.678492E-06,44.9415,0
2.997,-7.721065E-06,44.955,0,2.997,3.692683E-06,44.955,0
2.9979,-1.980621E-05,44.9685,0,2.9979,-1.913481E-05,44.9685,0
2.9988,-5.035477E-06,44.982,0,2.9988,-3.121996E-05,44.982,0
2.9997,9.063859E-06,44.9955,0,2.9997,-2.1149E-05,44.9955,0
3.0006,-1.174945E-05,45.009,0,3.0006,-2.316319E-05,45.009,0
3.0015,-7.721065E-06,45.0225,0,3.0015,-4.53193E-05,45.0225,0
3.0024,-1.007095E-06,45.036,0,3.0024,-5.572595E-05,45.036,0
3.0033,-1.174945E-05,45.0495,0,3.0033,-1.409934E-05,45.0495,0
3.0042,-3.692683E-06,45.063,0,3.0042,-1.208515E-05,45.063,0
3.0051,1.510643E-05,45.0765,0,3.0051,-4.901198E-05,45.0765,0
3.006,-2.18204E-05,45.09,0,3.006,5.035477E-06,45.09,0
3.0069,2.28275E-05,45.1035,0,3.0069,3.961242E-05,45.1035,0
3.0078,8.056763E-06,45.117,0,3.0078,-3.256275E-05,45.117,0
3.0087,-4.632639E-05,45.1305,0,3.0087,-6.411841E-05,45.1305,0
3.0096,-2.18204E-05,45.144,0,3.0096,-4.46479E-05,45.144,0
3.0105,2.450599E-05,45.1575,0,3.0105,-6.881819E-05,45.1575,0
3.0114,3.524834E-05,45.171,0,3.0114,-3.524834E-05,45.171,0
3.0123,3.591974E-05,45.1845,0,3.0123,3.692683E-06,45.1845,0
3.0132,3.021286E-06,45.198,0,3.0132,3.021286E-06,45.198,0
3.0141,-8.560311E-05,45.2115,0,3.0141,1.309224E-05,45.2115,0
3.015,-6.57969E-05,45.225,0,3.015,-8.392462E-06,45.225,0
3.0159,-2.18204E-05,45.2385,0,3.0159,-7.721065E-06,45.2385,0
3.0168,-3.793393E-05,45.252,0,3.0168,3.189136E-05,45.252,0
3.0177,-1.443504E-05,45.2655,0,3.0177,2.316319E-05,45.2655,0
3.0186,7.620356E-05,45.279,0,3.0186,-2.24918E-05,45.279,0
3.0195,7.150377E-05,45.2925,0,3.0195,-3.021286E-06,45.2925,0
3.0204,3.524834E-05,45.306,0,3.0204,-7.049668E-06,45.306,0
3.0213,1.242084E-05,45.3195,0,3.0213,-6.210422E-05,45.3195,0
3.0222,-3.356985E-06,45.333,0,3.0222,-8.291753E-05,45.333,0
3.0231,-3.323415E-05,45.3465,0,3.0231,-4.43122E-05,45.3465,0
3.024,-2.316319E-05,45.36,0,3.024,-4.666209E-05,45.36,0
3.0249,-1.712062E-05,45.3735,0,3.0249,-1.342794E-05,45.3735,0
3.0258,1.443504E-05,45.387,0,3.0258,1.174945E-05,45.387,0
3.0267,2.24918E-05,45.4005,0,3.0267,5.136187E-05,45.4005,0
3.0276,3.390555E-05,45.414,0,3.0276,2.047761E-05,45.414,0
3.0285,2.349889E-06,45.4275,0,3.0285,-5.841154E-05,45.4275,0
3.0294,-2.316319E-05,45.441,0,3.0294,-8.89601E-05,45.441,0
3.0303,-2.652018E-05,45.4545,0,3.0303,-2.047761E-05,45.4545,0
3.0312,-1.007095E-05,45.468,0,3.0312,-1.678492E-06,45.468,0
3.0321,-1.510643E-05,45.4815,0,3.0321,-4.632639E-05,45.4815,0
3.033,-1.644922E-05,45.495,0,3.033,-1.007095E-06,45.495,0
3.0339,-2.18204E-05,45.5085,0,3.0339,-2.349889E-06,45.5085,0
3.0348,-4.028382E-06,45.522,0,3.0348,-2.853437E-05,45.522,0
3.0357,-1.409934E-05,45.5355,0,3.0357,-2.316319E-05,45.5355,0
3.0366,-2.18204E-05,45.549,0,3.0366,5.371176E-06,45.549,0
3.0375,-2.719158E-05,45.5625,0,3.0375,-2.014191E-06,45.5625,0
3.0384,-3.524834E-05,45.576,0,3.0384,-1.107805E-05,45.576,0
3.0393,-2.047761E-05,45.5895,0,3.0393,-3.390555E-05,45.5895,0
3.0402,3.356985E-06,45.603,0,3.0402,-1.443504E-05,45.603,0
3.0411,-4.129091E-05,45.6165,0,3.0411,-1.678492E-06,45.6165,0
3.042,-4.565499E-05,45.63,0,3.042,-2.685588E-05,45.63,0
3.0429,3.692683E-06,45.6435,0,3.0429,-2.920577E-05,45.6435,0
3.0438,-2.18204E-05,45.657,0,3.0438,3.356985E-07,45.657,0
3.0447,-3.121996E-05,45.6705,0,3.0447,-2.18204E-05,45.6705,0
3.0456,1.577783E-05,45.684,0,3.0456,-5.673304E-05,45.684,0
3.0465,-1.443504E-05,45.6975,0,3.0465,-1.577783E-05,45.6975,0
3.0474,7.049668E-06,45.711,0,3.0474,-4.699779E-06,45.711,0
3.0483,1.812772E-05,45.7245,0,3.0483,-4.196231E-05,45.7245,0
3.0492,-2.014191E-06,45.738,0,3.0492,-3.994812E-05,45.738,0
3.0501,-9.735256E-06,45.7515,0,3.0501,-2.484169E-05,45.7515,0
3.051,2.652018E-05,45.765,0,3.051,-1.376364E-05,45.765,0
3.0519,5.035477E-06,45.7785,0,3.0519,-1.510643E-05,45.7785,0
3.0528,-2.887007E-05,45.792,0,3.0528,-4.061952E-05,45.792,0
3.0537,-1.040665E-05,45.8055,0,3.0537,-2.21561E-05,45.8055,0
3.0546,-5.371176E-06,45.819,0,3.0546,-8.392462E-06,45.819,0
3.0555,-2.24918E-05,45.8325,0,3.0555,-3.088426E-05,45.8325,0
3.0564,1.644922E-05,45.846,0,3.0564,-2.853437E-05,45.846,0
3.0573,1.577783E-05,45.8595,0,3.0573,1.007095E-06,45.8595,0
3.0582,1.007095E-06,45.873,0,3.0582,-2.484169E-05,45.873,0
3.0591,2.517739E-05,45.8865,0,3.0591,-4.43122E-05,45.8865,0
3.06,2.014191E-06,45.9,0,3.06,-1.040665E-05,45.9,0
3.0609,-3.021286E-05,45.9135,0,3.0609,8.392462E-06,45.9135,0
3.0618,-4.39765E-05,45.927,0,3.0618,-3.591974E-05,45.927,0
3.0627,-4.53193E-05,45.9405,0,3.0627,-1.577783E-05,45.9405,0
3.0636,-3.826963E-05,45.954,0,3.0636,2.1149E-05,45.954,0
3.0645,-1.712062E-05,45.9675,0,3.0645,5.035477E-06,45.9675,0
3.0654,-8.728161E-06,45.981,0,3.0654,-1.644922E-05,45.981,0
3.0663,-5.706874E-06,45.9945,0,3.0663,-2.987716E-05,45.9945,0
3.0672,-5.706874E-06,46.008,0,3.0672,-1.107805E-05,46.008,0
3.0681,2.1149E-05,46.0215,0,3.0681,3.356985E-07,46.0215,0
3.069,1.007095E-06,46.035,0,3.069,-1.779202E-05,46.035,0
3.0699,-2.047761E-05,46.0485,0,3.0699,-4.196231E-05,46.0485,0
3.0708,-1.510643E-05,46.062,0,3.0708,1.342794E-06,46.062,0
3.0717,-3.356985E-07,46.0755,0,3.0717,-1.577783E-05,46.0755,0
3.0726,1.309224E-05,46.089,0,3.0726,-6.411841E-05,46.089,0
3.0735,-4.028382E-06,46.1025,0,3.0735,-3.692683E-05,46.1025,0
3.0744,2.18204E-05,46.116,0,3.0744,-1.074235E-05,46.116,0
3.0753,3.457694E-05,46.1295,0,3.0753,-2.954147E-05,46.1295,0
3.0762,-3.927672E-05,46.143,0,3.0762,-2.316319E-05,46.143,0
3.0771,-5.404745E-05,46.1565,0,3.0771,-6.713969E-07,46.1565,0
3.078,0,46.17,0,3.078,0,46.17,0
3.0789,0,46.1835,0,3.0789,0,46.1835,0
3.0798,0,46.197,0,3.0798,0,46.197,0
3.0807,0,46.2105,0,3.0807,0,46.2105,0
3.0816,0,46.224,0,3.0816,0,46.224,0
3.0825,0,46.2375,0,3.0825,0,46.2375,0
3.0834,0,46.251,0,3.0834,0,46.251,0
3.0843,0,46.2645,0,3.0843,0,46.2645,0
3.0852,0,46.278,0,3.0852,0,46.278,0
3.0861,0,46.2915,0,3.0861,0,46.2915,0
3.087,0,46.305,0,3.087,0,46.305,0
3.0879,0,46.3185,0,3.0879,0,46.3185,0
3.0888,0,46.332,0,3.0888,0,46.332,0
3.0897,0,46.3455,0,3.0897,0,46.3455,0
3.0906,0,46.359,0,3.0906,0,46.359,0
3.0915,0,46.3725,0,3.0915,0,46.3725,0
3.0924,0,46.386,0,3.0924,0,46.386,0
3.0933,0,46.3995,0,3.0933,0,46.3995,0
3.0942,0,46.413,0,3.0942,0,46.413,0
3.0951,0,46.4265,0,3.0951,0,46.4265,0
3.096,0,46.44,0,3.096,0,46.44,0
3.0969,0,46.4535,0,3.0969,0,46.4535,0
3.0978,0,46.467,0,3.0978,0,46.467,0
3.0987,0,46.4805,0,3.0987,0,46.4805,0
3.0996,0,46.494,0,3.0996,0,46.494,0
3.1005,0,46.5075,0,3.1005,0,46.5075,0
3.1014,0,46.521,0,3.1014,0,46.521,0
3.1023,0,46.5345,0,3.1023,0,46.5345,0
3.1032,0,46.548,0,3.1032,0,46.548,0
3.1041,0,46.5615,0,3.1041,0,46.5615,0
3.105,0,46.575,0,3.105,0,46.575,0
3.1059,0,46.5885,0,3.1059,0,46.5885,0
3.1068,0,46.602,0,3.1068,0,46.602,0
3.1077,0,46.6155,0,3.1077,0,46.6155,0
3.1086,0,46.629,0,3.1086,0,46.629,0
3.1095,0,46.6425,0,3.1095,0,46.6425,0
3.1104,0,46.656,0,3.1104,0,46.656,0
3.1113,0,46.6695,0,3.1113,0,46.6695,0
3.1122,0,46.683,0,3.1122,0,46.683,0
3.1131,0,46.6965,0,3.1131,0,46.6965,0
3.114,0,46.71,0,3.114,0,46.71,0
3.1149,0,46.7235,0,3.1149,0,46.7235,0
3.1158,0,46.737,0,3.1158,0,46.737,0
3.1167,0,46.7505,0,3.1167,0,46.7505,0
3.1176,0,46.764,0,3.1176,0,46.764,0
3.1185,0,46.7775,0,3.1185,0,46.7775,0
3.1194,0,46.791,0,3.1194,0,46.791,0
3.1203,0,46.8045,0,3.1203,0,46.8045,0
3.1212,0,46.818,0,3.1212,0,46.818,0
3.1221,0,46.8315,0,3.1221,0,46.8315,0
3.123,0,46.845,0,3.123,0,46.845,0
3.1239,0,46.8585,0,3.1239,0,46.8585,0
3.1248,0,46.872,0,3.1248,0,46.872,0
3.1257,0,46.8855,0,3.1257,0,46.8855,0
3.1266,0,46.899,0,3.1266,0,46.899,0
3.1275,0,46.9125,0,3.1275,0,46.9125,0
3.1284,0,46.926,0,3.1284,0,46.926,0
3.1293,0,46.9395,0,3.1293,0,46.9395,0
3.1302,0,46.953,0,3.1302,0,46.953,0
3.1311,0,46.9665,0,3.1311,0,46.9665,0
3.132,0,46.98,0,3.132,0,46.98,0
3.1329,0,46.9935,0,3.1329,0,46.9935,0
3.1338,0,47.007,0,3.1338,0,47.007,0
3.1347,0,47.0205,0,3.1347,0,47.0205,0
3.1356,0,47.034,0,3.1356,0,47.034,0
3.1365,0,47.0475,0,3.1365,0,47.0475,0
3.1374,0,47.061,0,3.1374,0,47.061,0
3.1383,0,47.0745,0,3.1383,0,47.0745,0
3.1392,0,47.088,0,3.1392,0,47.088,0
3.1401,0,47.1015,0,3.1401,0,47.1015,0
3.141,0,47.115,0,3.141,0,47.115,0
3.1419,0,47.1285,0,3.1419,0,47.1285,0
3.1428,0,47.142,0,3.1428,0,47.142,0
3.1437,0,47.1555,0,3.1437,0,47.1555,0
3.1446,0,47.169,0,3.1446,0,47.169,0
3.1455,0,47.1825,0,3.1455,0,47.1825,0
3.1464,0,47.196,0,3.1464,0,47.196,0
3.1473,0,47.2095,0,3.1473,0,47.2095,0
3.1482,0,47.223,0,3.1482,0,47.223,0
3.1491,0,47.2365,0,3.1491,0,47.2365,0
3.15,0,47.25,0,3.15,0,47.25,0
3.1509,0,47.2635,0,3.1509,0,47.2635,0
3.1518,0,47.277,0,3.1518,0,47.277,0
3.1527,0,47.2905,0,3.1527,0,47.2905,0
3.1536,0,47.304,0,3.1536,0,47.304,0
3.1545,0,47.3175,0,3.1545,0,47.3175,0
3.1554,0,47.331,0,3.1554,0,47.331,0
3.1563,0,47.3445,0,3.1563,0,47.3445,0
3.1572,0,47.358,0,3.1572,0,47.358,0
3.1581,0,47.3715,0,3.1581,0,47.3715,0
3.159,0,47.385,0,3.159,0,47.385,0
3.1599,0,47.3985,0,3.1599,0,47.3985,0
3.1608,0,47.412,0,3.1608,0,47.412,0
3.1617,0,47.4255,0,3.1617,0,47.4255,0
3.1626,0,47.439,0,3.1626,0,47.439,0
3.1635,0,47.4525,0,3.1635,0,47.4525,0
3.1644,0,47.466,0,3.1644,0,47.466,0
3.1653,0,47.4795,0,3.1653,0,47.4795,0
3.1662,0,47.493,0,3.1662,0,47.493,0
3.1671,0,47.5065,0,3.1671,0,47.5065,0
3.168,0,47.52,0,3.168,0,47.52,0
3.1689,0,47.5335,0,3.1689,0,47.5335,0
3.1698,0,47.547,0,3.1698,0,47.547,0
3.1707,0,47.5605,0,3.1707,0,47.5605,0
3.1716,0,47.574,0,3.1716,0,47.574,0
3.1725,0,47.5875,0,3.1725,0,47.5875,0
3.1734,0,47.601,0,3.1734,0,47.601,0
3.1743,0,47.6145,0,3.1743,0,47.6145,0
3.1752,0,47.628,0,3.1752,0,47.628,0
3.1761,0,47.6415,0,3.1761,0,47.6415,0
3.177,0,47.655,0,3.177,0,47.655,0
3.1779,0,47.6685,0,3.1779,0,47.6685,0
3.1788,0,47.682,0,3.1788,0,47.682,0
3.1797,0,47.6955,0,3.1797,0,47.6955,0
3.1806,0,47.709,0,3.1806,0,47.709,0
3.1815,0,47.7225,0,3.1815,0,47.7225,0
3.1824,0,47.736,0,3.1824,0,47.736,0
3.1833,0,47.7495,0,3.1833,0,47.7495,0
3.1842,0,47.763,0,3.1842,0,47.763,0
3.1851,0,47.7765,0,3.1851,0,47.7765,0
3.186,0,47.79,0,3.186,0,47.79,0
3.1869,0,47.8035,0,3.1869,0,47.8035,0
3.1878,0,47.817,0,3.1878,0,47.817,0
3.1887,0,47.8305,0,3.1887,0,47.8305,0
3.1896,0,47.844,0,3.1896,0,47.844,0
3.1905,0,47.8575,0,3.1905,0,47.8575,0
3.1914,0,47.871,0,3.1914,0,47.871,0
3.1923,0,47.8845,0,3.1923,0,47.8845,0
3.1932,0,47.898,0,3.1932,0,47.898,0
3.1941,0,47.9115,0,3.1941,0,47.9115,0
3.195,0,47.925,0,3.195,0,47.925,0
3.1959,0,47.9385,0,3.1959,0,47.9385,0
3.1968,0,47.952,0,3.1968,0,47.952,0
3.1977,0,47.9655,0,3.1977,0,47.9655,0
3.1986,0,47.979,0,3.1986,0,47.979,0
3.1995,0,47.9925,0,3.1995,0,47.9925,0
3.2004,0,48.006,0,3.2004,0,48.006,0
3.2013,0,48.0195,0,3.2013,0,48.0195,0
3.2022,0,48.033,0,3.2022,0,48.033,0
3.2031,0,48.0465,0,3.2031,0,48.0465,0
3.204,0,48.06,0,3.204,0,48.06,0
3.2049,0,48.0735,0,3.2049,0,48.0735,0
3.2058,0,48.087,0,3.2058,0,48.087,0
3.2067,0,48.1005,0,3.2067,0,48.1005,0
3.2076,0,48.114,0,3.2076,0,48.114,0
3.2085,0,48.1275,0,3.2085,0,48.1275,0
3.2094,0,48.141,0,3.2094,0,48.141,0
3.2103,0,48.1545,0,3.2103,0,48.1545,0
3.2112,0,48.168,0,3.2112,0,48.168,0
3.2121,0,48.1815,0,3.2121,0,48.1815,0
3.213,0,48.195,0,3.213,0,48.195,0
3.2139,0,48.2085,0,3.2139,0,48.2085,0
3.2148,0,48.222,0,3.2148,0,48.222,0
3.2157,0,48.2355,0,3.2157,0,48.2355,0
3.2166,0,48.249,0,3.2166,0,48.249,0
3.2175,0,48.2625,0,3.2175,0,48.2625,0
3.2184,0,48.276,0,3.2184,0,48.276,0
3.2193,0,48.2895,0,3.2193,0,48.2895,0
3.2202,0,48.303,0,3.2202,0,48.303,0
3.2211,0,48.3165,0,3.2211,0,48.3165,0
3.222,0,48.33,0,3.222,0,48.33,0
3.2229,0,48.3435,0,3.2229,0,48.3435,0
3.2238,0,48.357,0,3.2238,0,48.357,0
3.2247,0,48.3705,0,3.2247,0,48.3705,0
3.2256,0,48.384,0,3.2256,0,48.384,0
3.2265,0,48.3975,0,3.2265,0,48.3975,0
3.2274,0,48.411,0,3.2274,0,48.411,0
3.2283,0,48.4245,0,3.2283,0,48.4245,0
3.2292,0,48.438,0,3.2292,0,48.438,0
3.2301,0,48.4515,0,3.2301,0,48.4515,0
3.231,0,48.465,0,3.231,0,48.465,0
3.2319,0,48.4785,0,3.2319,0,48.4785,0
3.2328,0,48.492,0,3.2328,0,48.492,0
3.2337,0,48.5055,0,3.2337,0,48.5055,0
3.2346,0,48.519,0,3.2346,0,48.519,0
3.2355,0,48.5325,0,3.2355,0,48.5325,0
3.2364,0,48.546,0,3.2364,0,48.546,0
3.2373,0,48.5595,0,3.2373,0,48.5595,0
3.2382,0,48.573,0,3.2382,0,48.573,0
3.2391,0,48.5865,0,3.2391,0,48.5865,0
3.24,0,48.6,0,3.24,0,48.6,0
3.2409,0,48.6135,0,3.2409,0,48.6135,0
3.2418,0,48.627,0,3.2418,0,48.627,0
3.2427,0,48.6405,0,3.2427,0,48.6405,0
3.2436,0,48.654,0,3.2436,0,48.654,0
3.2445,0,48.6675,0,3.2445,0,48.6675,0
3.2454,0,48.681,0,3.2454,0,48.681,0
3.2463,0,48.6945,0,3.2463,0,48.6945,0
3.2472,0,48.708,0,3.2472,0,48.708,0
3.2481,0,48.7215,0,3.2481,0,48.7215,0
3.249,0,48.735,0,3.249,0,48.735,0
3.2499,0,48.7485,0,3.2499,0,48.7485,0
3.2508,0,48.762,0,3.2508,0,48.762,0
3.2517,0,48.7755,0,3.2517,0,48.7755,0
3.2526,0,48.789,0,3.2526,0,48.789,0
3.2535,0,48.8025,0,3.2535,0,48.8025,0
3.2544,0,48.816,0,3.2544,0,48.816,0
3.2553,0,48.8295,0,3.2553,0,48.8295,0
3.2562,0,48.843,0,3.2562,0,48.843,0
3.2571,0,48.8565,0,3.2571,0,48.8565,0
3.258,0,48.87,0,3.258,0,48.87,0
3.2589,0,48.8835,0,3.2589,0,48.8835,0
3.2598,0,48.897,0,3.2598,0,48.897,0
3.2607,0,48.9105,0,3.2607,0,48.9105,0
3.2616,0,48.924,0,3.2616,0,48.924,0
3.2625,0,48.9375,0,3.2625,0,48.9375,0
3.2634,0,48.951,0,3.2634,0,48.951,0
3.2643,0,48.9645,0,3.2643,0,48.9645,0
3.2652,0,48.978,0,3.2652,0,48.978,0
3.2661,0,48.9915,0,3.2661,0,48.9915,0
3.267,0,49.005,0,3.267,0,49.005,0
3.2679,0,49.0185,0,3.2679,0,49.0185,0
3.2688,0,49.032,0,3.2688,0,49.032,0
3.2697,0,49.0455,0,3.2697,0,49.0455,0
3.2706,0,49.059,0,3.2706,0,49.059,0
3.2715,0,49.0725,0,3.2715,0,49.0725,0
3.2724,0,49.086,0,3.2724,0,49.086,0
3.2733,0,49.0995,0,3.2733,0,49.0995,0
3.2742,0,49.113,0,3.2742,0,49.113,0
3.2751,0,49.1265,0,3.2751,0,49.1265,0
3.276,0,49.14,0,3.276,0,49.14,0
3.2769,0,49.1535,0,3.2769,0,49.1535,0
3.2778,0,49.167,0,3.2778,0,49.167,0
3.2787,0,49.1805,0,3.2787,0,49.1805,0
3.2796,0,49.194,0,3.2796,0,49.194,0
3.2805,0,49.2075,0,3.2805,0,49.2075,0
3.2814,0,49.221,0,3.2814,0,49.221,0
3.2823,0,49.2345,0,3.2823,0,49.2345,0
3.2832,0,49.248,0,3.2832,0,49.248,0
3.2841,0,49.2615,0,3.2841,0,49.2615,0
3.285,0,49.275,0,3.285,0,49.275,0
3.2859,0,49.2885,0,3.2859,0,49.2885,0
3.2868,0,49.302,0,3.2868,0,49.302,0
3.2877,0,49.3155,0,3.2877,0,49.3155,0
3.2886,0,49.329,0,3.2886,0,49.329,0
3.2895,0,49.3425,0,3.2895,0,49.3425,0
3.2904,0,49.356,0,3.2904,0,49.356,0
3.2913,0,49.3695,0,3.2913,0,49.3695,0
3.2922,0,49.383,0,3.2922,0,49.383,0
3.2931,0,49.3965,0,3.2931,0,49.3965,0
3.294,0,49.41,0,3.294,0,49.41,0
3.2949,0,49.4235,0,3.2949,0,49.4235,0
3.2958,0,49.437,0,3.2958,0,49.437,0
3.2967,0,49.4505,0,3.2967,0,49.4505,0
3.2976,0,49.464,0,3.2976,0,49.464,0
3.2985,0,49.4775,0,3.2985,0,49.4775,0
3.2994,0,49.491,0,3.2994,0,49.491,0
3.3003,0,49.5045,0,3.3003,0,49.5045,0
3.3012,0,49.518,0,3.3012,0,49.518,0
3.3021,0,49.5315,0,3.3021,0,49.5315,0
3.303,0,49.545,0,3.303,0,49.545,0
3.3039,0,49.5585,0,3.3039,0,49.5585,0
3.3048,0,49.572,0,3.3048,0,49.572,0
3.3057,0,49.5855,0,3.3057,0,49.5855,0
3.3066,0,49.599,0,3.3066,0,49.599,0
3.3075,0,49.6125,0,3.3075,0,49.6125,0
3.3084,0,49.626,0,3.3084,0,49.626,0
3.3093,0,49.6395,0,3.3093,0,49.6395,0
3.3102,0,49.653,0,3.3102,0,49.653,0
3.3111,0,49.6665,0,3.3111,0,49.6665,0
3.312,0,49.68,0,3.312,0,49.68,0
3.3129,0,49.6935,0,3.3129,0,49.6935,0
3.3138,0,49.707,0,3.3138,0,49.707,0
3.3147,0,49.7205,0,3.3147,0,49.7205,0
3.3156,0,49.734,0,3.3156,0,49.734,0
3.3165,0,49.7475,0,3.3165,0,49.7475,0
3.3174,0,49.761,0,3.3174,0,49.761,0
3.3183,0,49.7745,0,3.3183,0,49.7745,0
3.3192,0,49.788,0,3.3192,0,49.788,0
3.3201,0,49.8015,0,3.3201,0,49.8015,0
3.321,0,49.815,0,3.321,0,49.815,0
3.3219,0,49.8285,0,3.3219,0,49.8285,0
3.3228,0,49.842,0,3.3228,0,49.842,0
3.3237,0,49.8555,0,3.3237,0,49.8555,0
3.3246,0,49.869,0,3.3246,0,49.869,0
3.3255,0,49.8825,0,3.3255,0,49.8825,0
3.3264,0,49.896,0,3.3264,0,49.896,0
3.3273,0,49.9095,0,3.3273,0,49.9095,0
3.3282,0,49.923,0,3.3282,0,49.923,0
3.3291,0,49.9365,0,3.3291,0,49.9365,0
3.33,0,49.95,0,3.33,0,49.95,0
3.3309,0,49.9635,0,3.3309,0,49.9635,0
3.3318,0,49.977,0,3.3318,0,49.977,0
3.3327,0,49.9905,0,3.3327,0,49.9905,0
3.3336,0,50.004,0,3.3336,0,50.004,0
3.3345,0,50.0175,0,3.3345,0,50.0175,0
3.3354,0,50.031,0,3.3354,0,50.031,0
3.3363,0,50.0445,0,3.3363,0,50.0445,0
3.3372,0,50.058,0,3.3372,0,50.058,0
3.3381,0,50.0715,0,3.3381,0,50.0715,0
3.339,0,50.085,0,3.339,0,50.085,0
3.3399,0,50.0985,0,3.3399,0,50.0985,0
3.3408,0,50.112,0,3.3408,0,50.112,0
3.3417,0,50.1255,0,3.3417,0,50.1255,0
3.3426,0,50.139,0,3.3426,0,50.139,0
3.3435,0,50.1525,0,3.3435,0,50.1525,0
3.3444,0,50.166,0,3.3444,0,50.166,0
3.3453,0,50.1795,0,3.3453,0,50.1795,0
3.3462,0,50.193,0,3.3462,0,50.193,0
3.3471,0,50.2065,0,3.3471,0,50.2065,0
3.348,0,50.22,0,3.348,0,50.22,0
3.3489,0,50.2335,0,3.3489,0,50.2335,0
3.3498,0,50.247,0,3.3498,0,50.247,0
3.3507,0,50.2605,0,3.3507,0,50.2605,0
3.3516,0,50.274,0,3.3516,0,50.274,0
3.3525,0,50.2875,0,3.3525,0,50.2875,0
3.3534,0,50.301,0,3.3534,0,50.301,0
3.3543,0,50.3145,0,3.3543,0,50.3145,0
3.3552,0,50.328,0,3.3552,0,50.328,0
3.3561,0,50.3415,0,3.3561,0,50.3415,0
3.357,0,50.355,0,3.357,0,50.355,0
3.3579,0,50.3685,0,3.3579,0,50.3685,0
3.3588,0,50.382,0,3.3588,0,50.382,0
3.3597,0,50.3955,0,3.3597,0,50.3955,0
3.3606,0,50.409,0,3.3606,0,50.409,0
3.3615,0,50.4225,0,3.3615,0,50.4225,0
3.3624,0,50.436,0,3.3624,0,50.436,0
3.3633,0,50.4495,0,3.3633,0,50.4495,0
3.3642,0,50.463,0,3.3642,0,50.463,0
3.3651,0,50.4765,0,3.3651,0,50.4765,0
3.366,0,50.49,0,3.366,0,50.49,0
3.3669,0,50.5035,0,3.3669,0,50.5035,0
3.3678,0,50.517,0,3.3678,0,50.517,0
3.3687,0,50.5305,0,3.3687,0,50.5305,0
3.3696,0,50.544,0,3.3696,0,50.544,0
3.3705,0,50.5575,0,3.3705,0,50.5575,0
3.3714,0,50.571,0,3.3714,0,50.571,0
3.3723,0,50.5845,0,3.3723,0,50.5845,0
3.3732,0,50.598,0,3.3732,0,50.598,0
3.3741,0,50.6115,0,3.3741,0,50.6115,0
3.375,0,50.625,0,3.375,0,50.625,0
3.3759,0,50.6385,0,3.3759,0,50.6385,0
3.3768,0,50.652,0,3.3768,0,50.652,0
3.3777,0,50.6655,0,3.3777,0,50.6655,0
3.3786,0,50.679,0,3.3786,0,50.679,0
3.3795,0,50.6925,0,3.3795,0,50.6925,0
3.3804,0,50.706,0,3.3804,0,50.706,0
3.3813,0,50.7195,0,3.3813,0,50.7195,0
3.3822,0,50.733,0,3.3822,0,50.733,0
3.3831,0,50.7465,0,3.3831,0,50.7465,0
3.384,0,50.76,0,3.384,0,50.76,0
3.3849,0,50.7735,0,3.3849,0,50.7735,0
3.3858,0,50.787,0,3.3858,0,50.787,0
3.3867,0,50.8005,0,3.3867,0,50.8005,0
3.3876,0,50.814,0,3.3876,0,50.814,0
3.3885,0,50.8275,0,3.3885,0,50.8275,0
3.3894,0,50.841,0,3.3894,0,50.841,0
3.3903,0,50.8545,0,3.3903,0,50.8545,0
3.3912,0,50.868,0,3.3912,0,50.868,0
3.3921,0,50.8815,0,3.3921,0,50.8815,0
3.393,0,50.895,0,3.393,0,50.895,0
3.3939,0,50.9085,0,3.3939,0,50.9085,0
3.3948,0,50.922,0,3.3948,0,50.922,0
3.3957,0,50.9355,0,3.3957,0,50.9355,0
3.3966,0,50.949,0,3.3966,0,50.949,0
3.3975,0,50.9625,0,3.3975,0,50.9625,0
3.3984,0,50.976,0,3.3984,0,50.976,0
3.3993,0,50.9895,0,3.3993,0,50.9895,0
3.4002,0,51.003,0,3.4002,0,51.003,0
3.4011,0,51.0165,0,3.4011,0,51.0165,0
3.402,0,51.03,0,3.402,0,51.03,0
3.4029,0,51.0435,0,3.4029,0,51.0435,0
3.4038,0,51.057,0,3.4038,0,51.057,0
3.4047,0,51.0705,0,3.4047,0,51.0705,0
3.4056,0,51.084,0,3.4056,0,51.084,0
3.4065,0,51.0975,0,3.4065,0,51.0975,0
3.4074,0,51.111,0,3.4074,0,51.111,0
3.4083,0,51.1245,0,3.4083,0,51.1245,0
3.4092,0,51.138,0,3.4092,0,51.138,0
3.4101,0,51.1515,0,3.4101,0,51.1515,0
3.411,0,51.165,0,3.411,0,51.165,0
3.4119,0,51.1785,0,3.4119,0,51.1785,0
3.4128,0,51.192,0,3.4128,0,51.192,0
3.4137,0,51.2055,0,3.4137,0,51.2055,0
3.4146,0,51.219,0,3.4146,0,51.219,0
3.4155,0,51.2325,0,3.4155,0,51.2325,0
3.4164,0,51.246,0,3.4164,0,51.246,0
3.4173,0,51.2595,0,3.4173,0,51.2595,0
3.4182,0,51.273,0,3.4182,0,51.273,0
3.4191,0,51.2865,0,3.4191,0,51.2865,0
3.42,0,51.3,0,3.42,0,51.3,0
3.4209,0,51.3135,0,3.4209,0,51.3135,0
3.4218,0,51.327,0,3.4218,0,51.327,0
3.4227,0,51.3405,0,3.4227,0,51.3405,0
3.4236,0,51.354,0,3.4236,0,51.354,0
3.4245,0,51.3675,0,3.4245,0,51.3675,0
3.4254,0,51.381,0,3.4254,0,51.381,0
3.4263,0,51.3945,0,3.4263,0,51.3945,0
3.4272,0,51.408,0,3.4272,0,51.408,0
3.4281,0,51.4215,0,3.4281,0,51.4215,0
3.429,0,51.435,0,3.429,0,51.435,0
3.4299,0,51.4485,0,3.4299,0,51.4485,0
3.4308,0,51.462,0,3.4308,0,51.462,0
3.4317,0,51.4755,0,3.4317,0,51.4755,0
3.4326,0,51.489,0,3.4326,0,51.489,0
3.4335,0,51.5025,0,3.4335,0,51.5025,0
3.4344,0,51.516,0,3.4344,0,51.516,0
3.4353,0,51.5295,0,3.4353,0,51.5295,0
3.4362,0,51.543,0,3.4362,0,51.543,0
3.4371,0,51.5565,0,3.4371,0,51.5565,0
3.438,0,51.57,0,3.438,0,51.57,0
3.4389,0,51.5835,0,3.4389,0,51.5835,0
3.4398,0,51.597,0,3.4398,0,51.597,0
3.4407,0,51.6105,0,3.4407,0,51.6105,0
3.4416,0,51.624,0,3.4416,0,51.624,0
3.4425,0,51.6375,0,3.4425,0,51.6375,0
3.4434,0,51.651,0,3.4434,0,51.651,0
3.4443,0,51.6645,0,3.4443,0,51.6645,0
3.4452,0,51.678,0,3.4452,0,51.678,0
3.4461,0,51.6915,0,3.4461,0,51.6915,0
3.447,0,51.705,0,3.447,0,51.705,0
3.4479,0,51.7185,0,3.4479,0,51.7185,0
3.4488,0,51.732,0,3.4488,0,51.732,0
3.4497,0,51.7455,0,3.4497,0,51.7455,0
3.4506,0,51.759,0,3.4506,0,51.759,0
3.4515,0,51.7725,0,3.4515,0,51.7725,0
3.4524,0,51.786,0,3.4524,0,51.786,0
3.4533,0,51.7995,0,3.4533,0,51.7995,0
3.4542,0,51.813,0,3.4542,0,51.813,0
3.4551,0,51.8265,0,3.4551,0,51.8265,0
3.456,0,51.84,0,3.456,0,51.84,0
3.4569,0,51.8535,0,3.4569,0,51.8535,0
3.4578,0,51.867,0,3.4578,0,51.867,0
3.4587,0,51.8805,0,3.4587,0,51.8805,0
3.4596,0,51.894,0,3.4596,0,51.894,0
3.4605,0,51.9075,0,3.4605,0,51.9075,0
3.4614,0,51.921,0,3.4614,0,51.921,0
3.4623,0,51.9345,0,3.4623,0,51.9345,0
3.4632,0,51.948,0,3.4632,0,51.948,0
3.4641,0,51.9615,0,3.4641,0,51.9615,0
3.465,0,51.975,0,3.465,0,51.975,0
3.4659,0,51.9885,0,3.4659,0,51.9885,0
3.4668,0,52.002,0,3.4668,0,52.002,0
3.4677,0,52.0155,0,3.4677,0,52.0155,0
3.4686,0,52.029,0,3.4686,0,52.029,0
3.4695,0,52.0425,0,3.4695,0,52.0425,0
3.4704,0,52.056,0,3.4704,0,52.056,0
3.4713,0,52.0695,0,3.4713,0,52.0695,0
3.4722,0,52.083,0,3.4722,0,52.083,0
3.4731,0,52.0965,0,3.4731,0,52.0965,0
3.474,0,52.11,0,3.474,0,52.11,0
3.4749,0,52.1235,0,3.4749,0,52.1235,0
3.4758,0,52.137,0,3.4758,0,52.137,0
3.4767,0,52.1505,0,3.4767,0,52.1505,0
3.4776,0,52.164,0,3.4776,0,52.164,0
3.4785,0,52.1775,0,3.4785,0,52.1775,0
3.4794,0,52.191,0,3.4794,0,52.191,0
3.4803,0,52.2045,0,3.4803,0,52.2045,0
3.4812,0,52.218,0,3.4812,0,52.218,0
3.4821,0,52.2315,0,3.4821,0,52.2315,0
3.483,0,52.245,0,3.483,0,52.245,0
3.4839,0,52.2585,0,3.4839,0,52.2585,0
3.4848,0,52.272,0,3.4848,0,52.272,0
3.4857,0,52.2855,0,3.4857,0,52.2855,0
3.4866,0,52.299,0,3.4866,0,52.299,0
3.4875,0,52.3125,0,3.4875,0,52.3125,0
3.4884,0,52.326,0,3.4884,0,52.326,0
3.4893,0,52.3395,0,3.4893,0,52.3395,0
3.4902,0,52.353,0,3.4902,0,52.353,0
3.4911,0,52.3665,0,3.4911,0,52.3665,0
3.492,0,52.38,0,3.492,0,52.38,0
3.4929,0,52.3935,0,3.4929,0,52.3935,0
3.4938,0,52.407,0,3.4938,0,52.407,0
3.4947,0,52.4205,0,3.4947,0,52.4205,0
3.4956,0,52.434,0,3.4956,0,52.434,0
