X[s],"Trigno IM sensor 3: EMG 3 (IM)",X[s],"Trigno IM sensor 3: Mag 3.Z (IM)",X[s],"Trigno IM sensor 4: EMG 4 (IM)",X[s],"Trigno IM sensor 4: Mag 4.Z (IM)"
0.000000,1.275654E-05,0.000000,45,0.000000,-2.584878E-05,0.000000,105
0.0009,-5.203327E-05,0.0135,46,0.0009,3.558404E-05,0.0135,107
0.0018,-3.356985E-06,0.027,47,0.0018,6.74754E-05,0.027,101
0.0027,6.378271E-06,0.0405,47,0.0027,2.853437E-05,0.0405,106
0.0036,-8.627451E-05,0.054,46,0.0036,-3.054856E-05,0.054,107
0.0045,-6.243992E-05,0.0675,47,0.0045,-3.524834E-05,0.0675,103
0.0054,-2.349889E-06,0.081,47,0.0054,-1.644922E-05,0.081,100
0.0063,-7.284657E-05,0.0945,46,0.0063,-2.987716E-05,0.0945,104
0.0072,-6.378271E-06,0.108,46,0.0072,-3.524834E-05,0.108,103
0.0081,-9.735256E-06,0.1215,46,0.0081,-2.954147E-05,0.1215,102
0.009000001,-2.349889E-06,0.135,47,0.009000001,-2.719158E-05,0.135,107
0.0099,5.673304E-05,0.1485,45,0.0099,-9.735256E-06,0.1485,106
0.0108,5.975433E-05,0.162,46,0.0108,-2.18204E-05,0.162,104
0.0117,0.0001460288,0.1755,46,0.0117,-2.786297E-05,0.1755,107
0.0126,1.376364E-05,0.189,47,0.0126,-4.43122E-05,0.189,105
0.0135,3.323415E-05,0.2025,45,0.0135,-1.644922E-05,0.2025,107
0.0144,7.486076E-05,0.216,46,0.0144,-4.867628E-05,0.216,104
0.0153,-2.920577E-05,0.2295,47,0.0153,-2.450599E-05,0.2295,103
0.0162,2.349889E-06,0.243,47,0.0162,-2.316319E-05,0.243,106
0.0171,-0.0001178302,0.2565,45,0.0171,-7.049668E-05,0.2565,103
0.018,-0.0001161517,0.27,46,0.018,-4.632639E-05,0.27,106
0.0189,3.356985E-07,0.2835,46,0.0189,-5.069047E-05,0.2835,105
0.0198,-2.1149E-05,0.297,46,0.0198,-4.061952E-05,0.297,104
0.0207,-6.814679E-05,0.3105,47,0.0207,-1.779202E-05,0.3105,108
0.0216,-2.551309E-05,0.324,46,0.0216,-2.853437E-05,0.324,104
0.0225,-1.577783E-05,0.3375,46,0.0225,-2.719158E-05,0.3375,105
0.0234,0.0001433432,0.351,46,0.0234,-1.577783E-05,0.351,104
0.0243,7.150377E-05,0.3645,47,0.0243,-2.719158E-05,0.3645,109
0.0252,4.733349E-05,0.378,46,0.0252,8.728161E-06,0.378,105
0.0261,4.196231E-05,0.3915,48,0.0261,-6.713969E-07,0.3915,106
0.027,4.196231E-05,0.405,46,0.027,-1.242084E-05,0.405,107
0.0279,0.0001044022,0.4185,47,0.0279,-2.987716E-05,0.4185,107
0.0288,0.000105745,0.432,47,0.0288,-7.653925E-05,0.432,105
0.0297,-7.049668E-06,0.4455,46,0.0297,1.040665E-05,0.4455,107
0.0306,-0.0001641566,0.459,48,0.0306,-2.24918E-05,0.459,105
0.0315,-5.606165E-05,0.4725,47,0.0315,-6.51255E-05,0.4725,108
0.0324,-3.189136E-05,0.486,47,0.0324,-5.539025E-05,0.486,107
0.0333,-0.0001087663,0.4995,46,0.0333,3.726253E-05,0.4995,104
0.0342,1.309224E-05,0.513,47,0.0342,-2.987716E-05,0.513,105
0.0351,4.43122E-05,0.5265,46,0.0351,-0.000115816,0.5265,106
0.036,-5.136187E-05,0.54,46,0.036,1.040665E-05,0.54,105
0.0369,8.291753E-05,0.5535,47,0.0369,2.484169E-05,0.5535,100
0.0378,3.927672E-05,0.567,48,0.0378,-7.888914E-05,0.567,106
0.0387,-1.208515E-05,0.5805,48,0.0387,-4.666209E-05,0.5805,103
0.0396,-9.701686E-05,0.594,46,0.0396,3.894102E-05,0.594,101
0.0405,-5.706874E-05,0.6075,46,0.0405,3.692683E-05,0.6075,102
0.0414,-6.277562E-05,0.621,46,0.0414,3.793393E-05,0.621,102
0.0423,3.356985E-05,0.6345,46,0.0423,-4.061952E-05,0.6345,102
0.0432,3.457694E-05,0.648,46,0.0432,4.39765E-05,0.648,100
0.0441,6.51255E-05,0.6615,48,0.0441,5.606165E-05,0.6615,103
0.045,6.143282E-05,0.675,45,0.045,-3.726253E-05,0.675,104
0.0459,0.0001644923,0.6885,43,0.0459,-5.169757E-05,0.6885,101
0.0468,-2.14847E-05,0.702,43,0.0468,3.826963E-05,0.702,99
0.0477,-8.157473E-05,0.7155,45,0.0477,-3.692683E-06,0.7155,103
0.0486,8.89601E-05,0.729,44,0.0486,-0.0001000381,0.729,102
0.0495,-1.644922E-05,0.7425,44,0.0495,7.620356E-05,0.7425,103
0.0504,-0.0001762417,0.756,45,0.0504,5.203327E-05,0.756,103
0.0513,-8.493171E-05,0.7695,44,0.0513,-6.009003E-05,0.7695,101
0.0522,-5.404745E-05,0.783,44,0.0522,-1.107805E-05,0.783,102
0.0531,-0.0001366293,0.7965,45,0.0531,3.424125E-05,0.7965,99
0.054,-1.107805E-05,0.81,45,0.054,-9.735256E-06,0.81,100
0.0549,-3.256275E-05,0.8235,45,0.0549,-2.316319E-05,0.8235,101
0.0558,-7.385367E-06,0.837,47,0.0558,-8.090334E-05,0.837,104
0.0567,3.323415E-05,0.8505,44,0.0567,1.846342E-05,0.8505,103
0.0576,6.814679E-05,0.864,46,0.0576,5.035477E-06,0.864,103
0.0585,7.049668E-05,0.8775,46,0.0585,-3.759823E-05,0.8775,102
0.0594,4.196231E-05,0.891,45,0.0594,-2.349889E-05,0.891,103
0.0603,-4.229801E-05,0.9045,47,0.0603,5.941863E-05,0.9045,101
0.0612,-4.867628E-05,0.918,48,0.0612,1.779202E-05,0.918,100
0.0621,8.056764E-05,0.9315,48,0.0621,-0.0001040665,0.9315,107
0.063,4.599069E-05,0.945,48,0.063,1.443504E-05,0.945,103
0.0639,-5.572595E-05,0.9585,46,0.0639,1.409934E-05,0.9585,102
0.0648,-6.713969E-07,0.972,48,0.0648,-0.0001054093,0.972,101
0.0657,-6.74754E-05,0.9855,46,0.0657,-4.934768E-05,0.9855,103
0.0666,-0.000154757,0.999,49,0.0666,2.652018E-05,0.999,101
0.0675,-0.0001493858,1.0125,48,0.0675,2.349889E-06,1.0125,105
0.0684,-6.78111E-05,1.026,48,0.0684,9.063859E-06,1.026,102
0.0693,7.385367E-05,1.0395,47,0.0693,-6.109713E-05,1.0395,103
0.0702,-2.047761E-05,1.053,48,0.0702,2.786297E-05,1.053,106
0.0711,-8.358892E-05,1.0665,48,0.0711,2.584878E-05,1.0665,101
0.072,1.611353E-05,1.08,47,0.072,-6.814679E-05,1.08,102
0.0729,2.28275E-05,1.0935,47,0.0729,-6.915389E-05,1.0935,104
0.07380001,-8.325322E-05,1.107,48,0.07380001,2.24918E-05,1.107,100
0.07470001,-1.443504E-05,1.1205,47,0.07470001,-3.524834E-05,1.1205,101
0.0756,8.89601E-05,1.134,46,0.0756,-0.0001164874,1.134,103
0.0765,-5.001907E-05,1.1475,46,0.0765,1.242084E-05,1.1475,99
0.0774,7.049668E-05,1.161,47,0.0774,1.107805E-05,1.161,102
0.0783,0.0001453574,1.1745,47,0.0783,-0.0001087663,1.1745,104
0.0792,8.560311E-05,1.188,46,0.0792,-3.961242E-05,1.188,102
0.0801,-3.524834E-05,1.2015,47,0.0801,8.728161E-06,1.2015,102
0.081,7.150377E-05,1.215,47,0.081,-3.424125E-05,1.215,105
0.0819,-2.014191E-06,1.2285,47,0.0819,-4.39765E-05,1.2285,104
0.0828,4.095522E-05,1.242,46,0.0828,-0.0001047379,1.242,101
0.0837,5.035477E-05,1.2555,47,0.0837,1.846342E-05,1.2555,101
0.0846,-0.0001765774,1.269,47,0.0846,4.129091E-05,1.269,99
0.0855,-0.0001366293,1.2825,46,0.0855,-9.735256E-06,1.2825,100
0.0864,-2.349889E-06,1.296,47,0.0864,-2.987716E-05,1.296,101
0.0873,-0.0001295796,1.3095,46,0.0873,5.539025E-05,1.3095,98
0.0882,-7.855344E-05,1.323,45,0.0882,1.275654E-05,1.323,100
0.0891,0.0001460288,1.3365,46,0.0891,-7.351797E-05,1.3365,100
0.09,-6.076142E-05,1.35,45,0.09,5.539025E-05,1.35,100
0.0909,-3.826963E-05,1.3635,45,0.0909,1.846342E-05,1.3635,102
0.0918,5.606165E-05,1.377,47,0.0918,-6.71397E-05,1.377,106
0.0927,0.000197055,1.3905,47,0.0927,-1.208515E-05,1.3905,103
0.0936,-6.713969E-07,1.404,46,0.0936,1.510643E-05,1.404,103
0.09450001,-2.920577E-05,1.4175,46,0.09450001,-1.477073E-05,1.4175,101
0.09540001,3.390555E-05,1.431,45,0.09540001,-3.289845E-05,1.431,103
0.09630001,3.189136E-05,1.4445,45,0.09630001,-9.433127E-05,1.4445,103
0.0972,3.021286E-06,1.458,44,0.0972,1.007095E-06,1.458,103
0.0981,6.713969E-07,1.4715,46,0.0981,-8.728161E-06,1.4715,103
0.099,-4.43122E-05,1.485,44,0.099,-6.881819E-05,1.485,103
0.0999,2.316319E-05,1.4985,44,0.0999,-6.881819E-05,1.4985,104
0.1008,1.947051E-05,1.512,45,0.1008,2.349889E-06,1.512,105
0.1017,-1.510643E-05,1.5255,44,0.1017,-2.786297E-05,1.5255,104
0.1026,6.54612E-05,1.539,44,0.1026,-0.0001356222,1.539,101
0.1035,-3.692683E-06,1.5525,44,0.1035,1.846342E-05,1.5525,104
0.1044,-1.443504E-05,1.566,45,0.1044,3.558404E-05,1.566,105
0.1053,-4.061952E-05,1.5795,44,0.1053,-7.721065E-05,1.5795,100
0.1062,-0.0001262226,1.593,44,0.1062,-2.28275E-05,1.593,103
0.1071,-7.016098E-05,1.6065,44,0.1071,3.524834E-05,1.6065,100
0.108,-0.0001134661,1.62,44,0.108,-2.24918E-05,1.62,101
0.1089,-7.284657E-05,1.6335,44,0.1089,-2.719158E-05,1.6335,103
0.1098,5.841154E-05,1.647,45,0.1098,-5.975433E-05,1.647,102
0.1107,1.913481E-05,1.6605,44,0.1107,1.712062E-05,1.6605,101
0.1116,-0.0001010452,1.674,46,0.1116,1.174945E-05,1.674,104
0.1125,-3.524834E-05,1.6875,46,0.1125,-3.994812E-05,1.6875,101
0.1134,4.33051E-05,1.701,46,0.1134,-4.666209E-05,1.701,103
0.1143,-9.433127E-05,1.7145,45,0.1143,3.256275E-05,1.7145,104
0.1152,-5.404745E-05,1.728,44,0.1152,-8.392462E-06,1.728,103
0.1161,0.000169192,1.7415,46,0.1161,-9.298848E-05,1.7415,101
0.117,-3.625543E-05,1.755,45,0.117,2.014191E-05,1.755,102
0.1179,3.491264E-05,1.7685,46,0.1179,6.378271E-06,1.7685,103
0.1188,8.82887E-05,1.782,46,0.1188,-0.0001127947,1.782,102
0.1197,3.726253E-05,1.7955,43,0.1197,-1.913481E-05,1.7955,103
0.1206,-6.948959E-05,1.809,45,0.1206,4.162661E-05,1.809,104
0.1215,-3.256275E-05,1.8225,45,0.1215,1.980621E-05,1.8225,99
0.1224,-3.189136E-05,1.836,45,0.1224,3.692683E-06,1.836,104
0.1233,2.887007E-05,1.8495,45,0.1233,-5.505455E-05,1.8495,102
0.1242,9.231708E-05,1.863,45,0.1242,3.927672E-05,1.863,100
0.1251,2.047761E-05,1.8765,47,0.1251,4.599069E-05,1.8765,101
0.126,4.666209E-05,1.89,46,0.126,-4.061952E-05,1.89,99
0.1269,8.191043E-05,1.9035,45,0.1269,-6.411841E-05,1.9035,104
0.1278,-3.927672E-05,1.917,47,0.1278,4.901198E-05,1.917,102
0.1287,-1.644922E-05,1.9305,43,0.1287,1.745632E-05,1.9305,104
0.1296,0.0001221943,1.944,45,0.1296,-9.097429E-05,1.944,101
0.1305,-2.920577E-05,1.9575,45,0.1305,2.987716E-05,1.9575,105
0.1314,-0.0001806058,1.971,44,0.1314,2.618448E-05,1.971,101
0.1323,-5.941863E-05,1.9845,45,0.1323,-9.701686E-05,1.9845,100
0.1332,0.0001215228,1.998,45,0.1332,2.349889E-06,1.998,104
0.1341,-0.0001275654,2.0115,45,0.1341,2.685588E-05,2.0115,102
0.135,-8.795301E-05,2.025,46,0.135,-2.450599E-05,2.025,101
0.1359,1.242084E-05,2.0385,45,0.1359,-1.980621E-05,2.0385,99
0.1368,3.356985E-07,2.052,45,0.1368,-8.627451E-05,2.052,103
0.1377,-2.786297E-05,2.0655,44,0.1377,-7.049668E-06,2.0655,102
0.1386,-0.0001889983,2.079,45,0.1386,-3.457694E-05,2.079,101
0.1395,-0.0001265583,2.0925,45,0.1395,-7.956054E-05,2.0925,105
0.1404,-2.584878E-05,2.106,43,0.1404,-6.881819E-05,2.106,104
0.1413,-0.0001221943,2.1195,45,0.1413,2.752728E-05,2.1195,100
0.1422,-3.726253E-05,2.133,44,0.1422,1.678492E-06,2.133,103
0.1431,1.242084E-05,2.1465,43,0.1431,-5.941863E-05,2.1465,101
0.144,-5.304036E-05,2.16,42,0.144,4.800488E-05,2.16,104
0.1449,0.0001144732,2.1735,43,0.1449,3.390555E-05,2.1735,104
0.1458,9.835965E-05,2.187,43,0.1458,-9.567407E-05,2.187,100
0.1467,-6.78111E-05,2.2005,43,0.1467,-2.316319E-05,2.2005,101
0.1476,-8.191043E-05,2.214,43,0.1476,6.411841E-05,2.214,103
0.1485,-4.33051E-05,2.2275,44,0.1485,8.056763E-06,2.2275,104
0.1494,1.678492E-06,2.241,43,0.1494,-3.021286E-06,2.241,104
0.1503,8.526741E-05,2.2545,43,0.1503,-6.311131E-05,2.2545,103
0.1512,1.846342E-05,2.268,44,0.1512,4.095522E-05,2.268,100
0.1521,7.418937E-05,2.2815,44,0.1521,1.980621E-05,2.2815,102
0.153,5.807584E-05,2.295,42,0.153,-7.855344E-05,2.295,102
0.1539,0.0001500572,2.3085,43,0.1539,-8.92958E-05,2.3085,103
0.1548,-2.987716E-05,2.322,42,0.1548,1.443504E-05,2.322,105
0.1557,4.36408E-06,2.3355,43,0.1557,-3.189136E-05,2.3355,105
0.1566,0.0001567712,2.349,44,0.1566,-0.0001185016,2.349,99
0.1575,9.063859E-06,2.3625,43,0.1575,-1.007095E-06,2.3625,102
0.1584,-1.712062E-05,2.376,43,0.1584,-1.712062E-05,2.376,101
0.1593,0.0001003738,2.3895,43,0.1593,-9.198138E-05,2.3895,99
0.1602,-5.706874E-06,2.403,44,0.1602,-3.524834E-05,2.403,103
0.1611,-7.821774E-05,2.4165,43,0.1611,3.491264E-05,2.4165,104
0.162,2.24918E-05,2.43,42,0.162,1.443504E-05,2.43,107
0.1629,-4.968337E-05,2.4435,44,0.1629,-1.779202E-05,2.4435,100
0.1638,1.745632E-05,2.457,43,0.1638,-8.123904E-05,2.457,103
0.1647,4.800488E-05,2.4705,43,0.1647,2.047761E-05,2.4705,105
0.1656,-7.318227E-05,2.484,43,0.1656,2.853437E-05,2.484,103
0.1665,-6.143282E-05,2.4975,43,0.1665,-3.591974E-05,2.4975,102
0.1674,5.874724E-05,2.511,43,0.1674,-3.457694E-05,2.511,104
0.1683,-6.210422E-05,2.5245,41,0.1683,6.176852E-05,2.5245,103
0.1692,-0.0001346151,2.538,43,0.1692,2.719158E-05,2.538,102
0.1701,4.39765E-05,2.5515,42,0.1701,-8.358892E-05,2.5515,102
0.171,-2.316319E-05,2.565,42,0.171,3.558404E-05,2.565,103
0.1719,-0.0001799344,2.5785,42,0.1719,1.980621E-05,2.5785,101
0.1728,-8.627451E-05,2.592,42,0.1728,-8.795301E-05,2.592,102
0.1737,-3.927672E-05,2.6055,42,0.1737,-3.289845E-05,2.6055,103
0.1746,-0.0001483787,2.619,43,0.1746,1.376364E-05,2.619,104
0.1755,-9.030289E-05,2.6325,40,0.1755,-2.014191E-06,2.6325,101
0.1764,-2.887007E-05,2.646,42,0.1764,-1.141375E-05,2.646,104
0.1773,4.733349E-05,2.6595,42,0.1773,-8.358892E-05,2.6595,101
0.1782,1.309224E-05,2.673,44,0.1782,9.399558E-06,2.673,100
0.1791,-4.934768E-05,2.6865,43,0.1791,-1.007095E-06,2.6865,105
0.18,8.728161E-06,2.7,42,0.18,-6.076142E-05,2.7,105
0.1809,3.256275E-05,2.7135,42,0.1809,-5.841154E-05,2.7135,102
0.1818,-4.33051E-05,2.727,42,0.1818,2.887007E-05,2.727,100
0.1827,-6.378271E-06,2.7405,41,0.1827,-1.242084E-05,2.7405,106
0.1836,0.0001094377,2.754,40,0.1836,-0.0001037308,2.754,103
0.1845,3.994812E-05,2.7675,41,0.1845,3.390555E-05,2.7675,105
0.1854,0.0001164874,2.781,41,0.1854,5.337606E-05,2.781,102
0.1863,9.970245E-05,2.7945,42,0.1863,-8.123904E-05,2.7945,104
0.1872,-7.016098E-05,2.808,41,0.1872,-2.047761E-05,2.808,100
0.1881,-0.0001208515,2.8215,41,0.1881,4.53193E-05,2.8215,104
0.189,-9.063859E-06,2.835,40,0.189,1.678492E-06,2.835,103
0.1899,-4.43122E-05,2.8485,39,0.1899,-3.692683E-06,2.8485,102
0.1908,4.49836E-05,2.862,40,0.1908,-4.766919E-05,2.862,106
0.1917,6.61326E-05,2.8755,39,0.1917,3.457694E-05,2.8755,103
0.1926,-5.404745E-05,2.889,41,0.1926,3.591974E-05,2.889,105
0.1935,3.323415E-05,2.9025,40,0.1935,-1.577783E-05,2.9025,101
0.1944,9.030289E-05,2.916,41,0.1944,-4.229801E-05,2.916,103
0.1953,-0.0001000381,2.9295,40,0.1953,3.625543E-05,2.9295,103
0.1962,-8.392462E-06,2.943,40,0.1962,-1.107805E-05,2.943,101
0.1971,0.0001634852,2.9565,40,0.1971,-9.298848E-05,2.9565,103
0.198,-4.39765E-05,2.97,41,0.198,3.558404E-05,2.97,104
0.1989,8.89601E-05,2.9835,40,0.1989,1.644922E-05,2.9835,103
0.1998,0.0002353246,2.997,39,0.1998,-8.69459E-05,2.997,105
0.2007,-4.867628E-05,3.0105,40,0.2007,-5.270466E-05,3.0105,105
0.2016,-0.0001017166,3.024,39,0.2016,3.021286E-06,3.024,102
0.2025,2.1149E-05,3.0375,0,0.2025,-1.309224E-05,3.0375,0
0.2034,-1.174945E-05,3.051,0,0.2034,-1.980621E-05,3.051,0
0.2043,-1.275654E-05,3.0645,0,0.2043,-8.72816E-05,3.0645,0
0.2052,9.735256E-06,3.078,0,0.2052,3.121996E-05,3.078,0
0.2061,-6.6804E-05,3.0915,0,0.2061,2.652018E-05,3.0915,0
0.207,-8.560311E-05,3.105,0,0.207,-4.263371E-05,3.105,0
0.2079,4.599069E-05,3.1185,0,0.2079,-5.941863E-05,3.1185,0
0.2088,-9.869535E-05,3.132,0,0.2088,6.042573E-05,3.132,0
0.2097,-7.418937E-05,3.1455,0,0.2097,-7.049668E-06,3.1455,0
0.2106,8.795301E-05,3.159,0,0.2106,-0.0001399863,3.159,0
0.2115,3.054856E-05,3.1725,0,0.2115,-3.021286E-06,3.1725,0
0.2124,4.800488E-05,3.186,0,0.2124,-1.107805E-05,3.186,0
0.2133,0.0001037308,3.1995,0,0.2133,-0.0001228656,3.1995,0
0.2142,7.418937E-05,3.213,0,0.2142,-3.860533E-05,3.213,0
0.2151,-4.095522E-05,3.2265,0,0.2151,4.699779E-06,3.2265,0
0.216,-7.553216E-05,3.24,0,0.216,-3.121996E-05,3.24,0
0.2169,1.174945E-05,3.2535,0,0.2169,-2.18204E-05,3.2535,0
0.2178,3.894102E-05,3.267,0,0.2178,-8.69459E-05,3.267,0
0.2187,-3.726253E-05,3.2805,0,0.2187,0,3.2805,0
0.2196,-2.316319E-05,3.294,0,0.2196,2.18204E-05,3.294,0
0.2205,-3.356985E-07,3.3075,0,0.2205,-4.061952E-05,3.3075,0
0.2214,1.309224E-05,3.321,0,0.2214,-3.222705E-05,3.321,0
0.2223,-7.620356E-05,3.3345,0,0.2223,3.961242E-05,3.3345,0
0.2232,-3.256275E-05,3.348,0,0.2232,1.174945E-05,3.348,0
0.2241,7.821774E-05,3.3615,0,0.2241,-7.351797E-05,3.3615,0
0.225,-9.701686E-05,3.375,0,0.225,4.229801E-05,3.375,0
0.2259,-8.426032E-05,3.3885,0,0.2259,4.061952E-05,3.3885,0
0.2268,-2.752728E-05,3.402,0,0.2268,-5.539025E-05,3.402,0
0.2277,-0.000144686,3.4155,0,0.2277,3.021286E-06,3.4155,0
0.2286,-0.0001037308,3.429,0,0.2286,6.848249E-05,3.429,0
0.2295,-0.0001003738,3.4425,0,0.2295,1.040665E-05,3.4425,0
0.2304,-8.291753E-05,3.456,0,0.2304,-3.289845E-05,3.456,0
0.2313,4.800488E-05,3.4695,0,0.2313,-7.855344E-05,3.4695,0
0.2322,7.284657E-05,3.483,0,0.2322,2.349889E-05,3.483,0
0.2331,-0.0001188373,3.4965,0,0.2331,6.042573E-06,3.4965,0
0.234,-6.51255E-05,3.51,0,0.234,-7.083238E-05,3.51,0
0.2349,9.500267E-05,3.5235,0,0.2349,-8.224613E-05,3.5235,0
0.2358,-0.0001117876,3.537,0,0.2358,5.706874E-06,3.537,0
0.2367,-5.673304E-05,3.5505,0,0.2367,-5.404745E-05,3.5505,0
0.2376,0.0001550927,3.564,0,0.2376,-0.0001332723,3.564,0
0.2385,-2.450599E-05,3.5775,0,0.2385,2.014191E-05,3.5775,0
0.2394,5.136187E-05,3.591,0,0.2394,9.399558E-06,3.591,0
0.2403,0.0001641566,3.6045,0,0.2403,-8.96315E-05,3.6045,0
0.2412,-4.263371E-05,3.618,0,0.2412,-1.678492E-06,3.618,0
0.2421,-0.0001373007,3.6315,0,0.2421,2.1149E-05,3.6315,0
0.243,-4.129091E-05,3.645,0,0.243,-1.644922E-05,3.645,0
0.2439,-4.46479E-05,3.6585,0,0.2439,-1.678492E-05,3.6585,0
0.2448,3.524834E-05,3.672,0,0.2448,-7.049668E-05,3.672,0
0.2457,7.553216E-05,3.6855,0,0.2457,1.174945E-05,3.6855,0
0.2466,3.591974E-05,3.699,0,0.2466,-1.779202E-05,3.699,0
0.2475,-3.457694E-05,3.7125,0,0.2475,-7.553216E-05,3.7125,0
0.2484,2.551309E-05,3.726,0,0.2484,-6.109713E-05,3.726,0
0.2493,-4.968337E-05,3.7395,0,0.2493,3.524834E-05,3.7395,0
0.2502,-5.001907E-05,3.753,0,0.2502,-7.385367E-06,3.753,0
0.2511,5.001907E-05,3.7665,0,0.2511,-0.0001064164,3.7665,0
0.252,-1.577783E-05,3.78,0,0.252,7.721065E-06,3.78,0
0.2529,4.49836E-05,3.7935,0,0.2529,3.289845E-05,3.7935,0
0.2538,0.000144686,3.807,0,0.2538,-5.438316E-05,3.807,0
0.2547,0.000185977,3.8205,0,0.2547,-1.678492E-06,3.8205,0
0.2556,-2.719158E-05,3.834,0,0.2556,5.169757E-05,3.834,0
0.2565,-3.356985E-07,3.8475,0,0.2565,6.378271E-06,3.8475,0
0.2574,2.24918E-05,3.861,0,0.2574,-1.913481E-05,3.861,0
0.2583,6.344701E-05,3.8745,0,0.2583,-8.761731E-05,3.8745,0
0.2592,-1.342794E-06,3.888,0,0.2592,1.443504E-05,3.888,0
0.2601,-0.0001681849,3.9015,0,0.2601,1.980621E-05,3.9015,0
0.261,-5.136187E-05,3.915,0,0.261,-3.289845E-05,3.915,0
0.2619,-5.337606E-05,3.9285,0,0.2619,-2.18204E-05,3.9285,0
0.2628,-0.0001161517,3.942,0,0.2628,7.116808E-05,3.942,0
0.2637,0,3.9555,0,0.2637,1.644922E-05,3.9555,0
0.2646,4.028382E-05,3.969,0,0.2646,-9.634547E-05,3.969,0
0.2655,-5.270466E-05,3.9825,0,0.2655,2.819867E-05,3.9825,0
0.2664,1.846342E-05,3.996,0,0.2664,2.450599E-05,3.996,0
0.2673,4.33051E-05,4.0095,0,0.2673,-9.332418E-05,4.0095,0
0.2682,0.0001121233,4.023,0,0.2682,-1.779202E-05,4.023,0
0.2691,-2.987716E-05,4.0365,0,0.2691,6.74754E-05,4.0365,0
0.27,-5.807584E-05,4.05,0,0.27,8.728161E-06,4.05,0
0.2709,-3.189136E-05,4.0635,0,0.2709,-2.349889E-06,4.0635,0
0.2718,5.270466E-05,4.077,0,0.2718,-4.934768E-05,4.077,0
0.2727,8.358892E-05,4.0905,0,0.2727,2.1149E-05,4.0905,0
0.2736,-0.0001054093,4.104,0,0.2736,-1.678492E-05,4.104,0
0.2745,-2.316319E-05,4.1175,0,0.2745,-8.96315E-05,4.1175,0
0.2754,8.560311E-05,4.131,0,0.2754,-8.426032E-05,4.131,0
0.2763,-5.035477E-05,4.1445,0,0.2763,4.36408E-06,4.1445,0
0.2772,-6.143282E-05,4.158,0,0.2772,-7.049668E-06,4.158,0
0.2781,9.198138E-05,4.1715,0,0.2781,-0.0001205158,4.1715,0
0.279,-4.867628E-05,4.185,0,0.279,1.477073E-05,4.185,0
0.2799,-0.0001215228,4.1985,0,0.2799,1.846342E-05,4.1985,0
0.2808,9.735256E-06,4.212,0,0.2808,-9.701686E-05,4.212,0
0.2817,-5.069047E-05,4.2255,0,0.2817,-2.316319E-05,4.2255,0
0.2826,-0.0001440146,4.239,0,0.2826,2.517739E-05,4.239,0
0.2835,-8.96315E-05,4.2525,0,0.2835,-1.040665E-05,4.2525,0
0.2844,-3.356985E-07,4.266,0,0.2844,-2.1149E-05,4.266,0
0.2853,2.21561E-05,4.2795,0,0.2853,-9.164568E-05,4.2795,0
0.2862,3.021286E-06,4.293,0,0.2862,-1.678492E-06,4.293,0
0.2871,-5.639734E-05,4.3065,0,0.2871,-1.779202E-05,4.3065,0
0.288,-6.74754E-05,4.32,0,0.288,-7.956054E-05,4.32,0
0.2889,3.659113E-05,4.3335,0,0.2889,-4.39765E-05,4.3335,0
0.2898,1.678492E-06,4.347,0,0.2898,5.069047E-05,4.347,0
0.2907,-8.157473E-05,4.3605,0,0.2907,7.721065E-06,4.3605,0
0.2916,7.653925E-05,4.374,0,0.2916,-9.970245E-05,4.374,0
0.2925,6.277562E-05,4.3875,0,0.2925,2.1149E-05,4.3875,0
0.2934,6.881819E-05,4.401,0,0.2934,2.920577E-05,4.401,0
0.2943,0.0001393149,4.4145,0,0.2943,-8.92958E-05,4.4145,0
0.2952,0.0001238727,4.428,0,0.2952,-1.141375E-05,4.428,0
0.2961,5.035477E-06,4.4415,0,0.2961,6.478981E-05,4.4415,0
0.297,-5.404745E-05,4.455,0,0.297,-7.049668E-06,4.455,0
0.2979,4.36408E-06,4.4685,0,0.2979,-5.035477E-06,4.4685,0
0.2988,0.0001205158,4.482,0,0.2988,-6.61326E-05,4.482,0
0.2997,-3.961242E-05,4.4955,0,0.2997,7.049668E-06,4.4955,0
0.3006,-0.0001873197,4.509,0,0.3006,1.242084E-05,4.509,0
0.3015,-4.867628E-05,4.5225,0,0.3015,-3.591974E-05,4.5225,0
0.3024,-6.713969E-06,4.536,0,0.3024,-6.210422E-05,4.536,0
0.3033,-0.0001131304,4.5495,0,0.3033,3.457694E-05,4.5495,0
0.3042,-6.344701E-05,4.563,0,0.3042,1.208515E-05,4.563,0
0.3051,4.53193E-05,4.5765,0,0.3051,-7.284657E-05,4.5765,0
0.306,-3.524834E-05,4.59,0,0.306,4.129091E-05,4.59,0
0.3069,-2.316319E-05,4.6035,0,0.3069,4.263371E-05,4.6035,0
0.3078,6.210422E-05,4.617,0,0.3078,-6.478981E-05,4.617,0
0.3087,-5.001907E-05,4.6305,0,0.3087,-5.941863E-05,4.6305,0
0.3096,-0.0001094377,4.644,0,0.3096,-3.021286E-06,4.644,0
0.3105,1.409934E-05,4.6575,0,0.3105,-2.819867E-05,4.6575,0
0.3114,-3.021286E-06,4.671,0,0.3114,-4.733349E-05,4.671,0
0.3123,2.920577E-05,4.6845,0,0.3123,-0.0001185016,4.6845,0
0.3132,3.826963E-05,4.698,0,0.3132,-1.846342E-05,4.698,0
0.3141,-6.64683E-05,4.7115,0,0.3141,-1.174945E-05,4.7115,0
0.315,-3.860533E-05,4.725,0,0.315,-5.471885E-05,4.725,0
0.3159,9.500267E-05,4.7385,0,0.3159,-5.404745E-05,4.7385,0
0.3168,-0.0001104448,4.752,0,0.3168,7.351797E-05,4.752,0
0.3177,-7.284657E-05,4.7655,0,0.3177,-2.349889E-06,4.7655,0
0.3186,8.023193E-05,4.779,0,0.3186,-0.0001017166,4.779,0
0.3195,3.457694E-05,4.7925,0,0.3195,3.289845E-05,4.7925,0
0.3204,4.39765E-05,4.806,0,0.3204,3.088426E-05,4.806,0
0.3213,0.0001285725,4.8195,0,0.3213,-8.89601E-05,4.8195,0
0.3222,8.426032E-05,4.833,0,0.3222,-1.443504E-05,4.833,0
0.3231,-5.606165E-05,4.8465,0,0.3231,6.478981E-05,4.8465,0
0.324,1.007095E-06,4.86,0,0.324,1.376364E-05,4.86,0
0.3249,4.39765E-05,4.8735,0,0.3249,8.728161E-06,4.8735,0
0.3258,-1.141375E-05,4.887,0,0.3258,-5.035477E-05,4.887,0
0.3267,-2.584878E-05,4.9005,0,0.3267,2.819867E-05,4.9005,0
0.3276,-1.577783E-05,4.914,0,0.3276,6.378271E-06,4.914,0
0.3285,-5.001907E-05,4.9275,0,0.3285,-4.867628E-05,4.9275,0
0.3294,2.752728E-05,4.941,0,0.3294,-5.572595E-05,4.941,0
0.3303,-1.913481E-05,4.9545,0,0.3303,2.383459E-05,4.9545,0
0.3312,-5.270466E-05,4.968,0,0.3312,-1.544213E-05,4.968,0
0.3321,3.390555E-05,4.9815,0,0.3321,-0.0001047379,4.9815,0
0.333,-3.189136E-05,4.995,0,0.333,2.1149E-05,4.995,0
0.3339,-5.001907E-05,5.0085,0,0.3339,1.980621E-05,5.0085,0
0.3348,-2.349889E-05,5.022,0,0.3348,-8.224613E-05,5.022,0
0.3357,-3.356985E-07,5.0355,0,0.3357,-1.443504E-05,5.0355,0
0.3366,-3.994812E-05,5.049,0,0.3366,6.009003E-05,5.049,0
0.3375,-6.411841E-05,5.0625,0,0.3375,-4.36408E-06,5.0625,0
0.3384,-1.443504E-05,5.076,0,0.3384,-2.652018E-05,5.076,0
0.3393,4.934768E-05,5.0895,0,0.3393,-7.687495E-05,5.0895,0
0.3402,1.678492E-06,5.103,0,0.3402,1.007095E-05,5.103,0
0.3411,-0.0001748989,5.1165,0,0.3411,-3.692683E-06,5.1165,0
0.342,-0.0001017166,5.13,0,0.342,-5.404745E-05,5.13,0
0.3429,4.229801E-05,5.1435,0,0.3429,-6.143282E-05,5.1435,0
0.3438,-0.0001420005,5.157,0,0.3438,4.061952E-05,5.157,0
0.3447,-8.560311E-05,5.1705,0,0.3447,-2.014191E-06,5.1705,0
0.3456,0.0001070878,5.184,0,0.3456,-0.000105745,5.184,0
0.3465,-6.881819E-05,5.1975,0,0.3465,2.652018E-05,5.1975,0
0.3474,6.6804E-05,5.211,0,0.3474,6.109713E-05,5.211,0
0.3483,0.0001242084,5.2245,0,0.3483,-5.035477E-05,5.2245,0
0.3492,-5.774014E-05,5.238,0,0.3492,-7.721065E-06,5.238,0
0.3501,-6.411841E-05,5.2515,0,0.3501,4.39765E-05,5.2515,0
0.351,-1.040665E-05,5.265,0,0.351,2.584878E-05,5.265,0
0.3519,-8.560311E-05,5.2785,0,0.3519,4.028382E-06,5.2785,0
0.3528,7.049668E-06,5.292,0,0.3528,-3.692683E-05,5.292,0
0.3537,3.994812E-05,5.3055,0,0.3537,4.46479E-05,5.3055,0
0.3546,0.0001070878,5.319,0,0.3546,-7.049668E-06,5.319,0
0.3555,4.733349E-05,5.3325,0,0.3555,-5.841154E-05,5.3325,0
0.3564,0.0001211871,5.346,0,0.3564,-8.090334E-05,5.346,0
0.3573,3.356985E-06,5.3595,0,0.3573,7.049668E-06,5.3595,0
0.3582,3.692683E-06,5.373,0,0.3582,-5.035477E-06,5.373,0
0.3591,0.0001715419,5.3865,0,0.3591,-0.0001050736,5.3865,0
0.36,3.021286E-05,5.4,0,0.36,1.040665E-05,5.4,0
0.3609,-0.0001054093,5.4135,0,0.3609,3.121996E-05,5.4135,0
0.3618,3.021286E-06,5.427,0,0.3618,-9.903105E-05,5.427,0
0.3627,-4.599069E-05,5.4405,0,0.3627,-1.846342E-05,5.4405,0
0.3636,-0.0002054475,5.454,0,0.3636,6.009003E-05,5.454,0
0.3645,-9.634547E-05,5.4675,0,0.3645,1.443504E-05,5.4675,0
0.3654,3.625543E-05,5.481,0,0.3654,-2.1149E-05,5.481,0
0.3663,2.551309E-05,5.4945,0,0.3663,-8.224613E-05,5.4945,0
0.3672,1.174945E-05,5.508,0,0.3672,1.846342E-05,5.508,0
0.3681,-2.551309E-05,5.5215,0,0.3681,-1.342794E-06,5.5215,0
0.369,-3.256275E-05,5.535,0,0.369,-6.57969E-05,5.535,0
0.3699,-5.706874E-06,5.5485,0,0.3699,-4.599069E-05,5.5485,0
0.3708,-8.661021E-05,5.562,0,0.3708,2.786297E-05,5.562,0
0.3717,-3.021286E-05,5.5755,0,0.3717,-5.706874E-06,5.5755,0
0.3726,5.203327E-05,5.589,0,0.3726,-0.0001003738,5.589,0
0.3735,3.021286E-06,5.6025,0,0.3735,2.1149E-05,5.6025,0
0.3744,9.097429E-05,5.616,0,0.3744,2.047761E-05,5.616,0
0.3753,0.000154757,5.6295,0,0.3753,-9.903105E-05,5.6295,0
0.3762,0.000102388,5.643,0,0.3762,-5.841154E-05,5.643,0
0.3771,2.047761E-05,5.6565,0,0.3771,2.920577E-05,5.6565,0
0.378,1.544213E-05,5.67,0,0.378,-1.040665E-05,5.67,0
0.3789,-3.189136E-05,5.6835,0,0.3789,-2.081331E-05,5.6835,0
0.3798,4.263371E-05,5.697,0,0.3798,-7.519646E-05,5.697,0
0.3807,4.36408E-06,5.7105,0,0.3807,1.040665E-05,5.7105,0
0.3816,-8.82887E-05,5.724,0,0.3816,3.524834E-05,5.724,0
0.3825,9.063859E-06,5.7375,0,0.3825,-2.987716E-05,5.7375,0
0.3834,4.800488E-05,5.751,0,0.3834,-6.109713E-05,5.751,0
0.3843,-7.150377E-05,5.7645,0,0.3843,4.129091E-05,5.7645,0
0.3852,2.316319E-05,5.778,0,0.3852,6.378271E-06,5.778,0
0.3861,8.560311E-05,5.7915,0,0.3861,-0.000102388,5.7915,0
0.387,-7.016098E-05,5.805,0,0.387,1.644922E-05,5.805,0
0.3879,-0.0001487144,5.8185,0,0.3879,6.378271E-06,5.8185,0
0.3888,-0.000102388,5.832,0,0.3888,-6.915389E-05,5.832,0
0.3897,-4.968337E-05,5.8455,0,0.3897,-3.323415E-05,5.8455,0
0.3906,-0.0001497215,5.859,0,0.3906,4.800488E-05,5.859,0
0.3915,-2.719158E-05,5.8725,0,0.3915,-1.107805E-05,5.8725,0
0.3924,-5.539025E-05,5.886,0,0.3924,-4.599069E-05,5.886,0
0.3933,3.121996E-05,5.8995,0,0.3933,-8.92958E-05,5.8995,0
0.3942,0.0001312581,5.913,0,0.3942,-4.028382E-06,5.913,0
0.3951,6.378271E-05,5.9265,0,0.3951,1.275654E-05,5.9265,0
0.396,1.577783E-05,5.94,0,0.396,-5.404745E-05,5.94,0
0.3969,8.795301E-05,5.9535,0,0.3969,-7.150377E-05,5.9535,0
0.3978,-3.457694E-05,5.967,0,0.3978,1.007095E-05,5.967,0
0.3987,-8.426032E-05,5.9805,0,0.3987,-9.063859E-06,5.9805,0
0.3996,9.903105E-05,5.994,0,0.3996,-0.0001003738,5.994,0
0.4005,-4.766919E-05,6.0075,0,0.4005,4.29694E-05,6.0075,0
0.4014,-7.687495E-05,6.021,0,0.4014,4.229801E-05,6.021,0
0.4023,5.841154E-05,6.0345,0,0.4023,-5.941863E-05,6.0345,0
0.4032,0.0001265583,6.048,0,0.4032,-3.659113E-05,6.048,0
0.4041,-6.948959E-05,6.0615,0,0.4041,3.994812E-05,6.0615,0
0.405,-9.701686E-05,6.075,0,0.405,-1.443504E-05,6.075,0
0.4059,-3.356985E-06,6.0885,0,0.4059,-3.189136E-05,6.0885,0
0.4068,3.692683E-05,6.102,0,0.4068,-8.627451E-05,6.102,0
0.4077,-6.74754E-05,6.1155,0,0.4077,6.378271E-06,6.1155,0
0.4086,-0.0001866484,6.129,0,0.4086,4.834058E-05,6.129,0
0.4095,-9.634547E-05,6.1425,0,0.4095,-3.659113E-05,6.1425,0
0.4104,1.040665E-05,6.156,0,0.4104,-5.673304E-05,6.156,0
0.4113,-2.21561E-05,6.1695,0,0.4113,4.632639E-05,6.1695,0
0.4122,-5.404745E-05,6.183,0,0.4122,-1.443504E-05,6.183,0
0.4131,6.143282E-05,6.1965,0,0.4131,-0.000102388,6.1965,0
0.414,-2.517739E-05,6.21,0,0.414,2.349889E-06,6.21,0
0.4149,7.083238E-05,6.2235,0,0.4149,6.713969E-07,6.2235,0
0.4158,0.0001594568,6.237,0,0.4158,-6.915389E-05,6.237,0
0.4167,5.169757E-05,6.2505,0,0.4167,-8.728161E-06,6.2505,0
0.4176,-3.256275E-05,6.264,0,0.4176,2.786297E-05,6.264,0
0.4185,-3.659113E-05,6.2775,0,0.4185,8.392462E-06,6.2775,0
0.4194,-3.356985E-06,6.291,0,0.4194,-1.141375E-05,6.291,0
0.4203,0.0001413291,6.3045,0,0.4203,-7.284657E-05,6.3045,0
0.4212,9.735256E-06,6.318,0,0.4212,4.263371E-05,6.318,0
0.4221,-7.586786E-05,6.3315,0,0.4221,1.443504E-05,6.3315,0
0.423,5.136187E-05,6.345,0,0.423,-3.021286E-05,6.345,0
0.4239,4.800488E-05,6.3585,0,0.4239,-5.539025E-05,6.3585,0
0.4248,-0.0001359579,6.372,0,0.4248,4.53193E-05,6.372,0
0.4257,-7.553216E-05,6.3855,0,0.4257,-1.812772E-05,6.3855,0
0.4266,0.0001252155,6.399,0,0.4266,-9.164568E-05,6.399,0
0.4275,-9.063859E-05,6.4125,0,0.4275,4.263371E-05,6.4125,0
0.4284,-0.0001460288,6.426,0,0.4284,1.040665E-05,6.426,0
0.4293,2.752728E-05,6.4395,0,0.4293,-0.000119173,6.4395,0
0.4302,7.754635E-05,6.453,0,0.4302,-5.001907E-05,6.453,0
0.4311,-9.835965E-05,6.4665,0,0.4311,-3.692683E-06,6.4665,0
0.432,-1.107805E-05,6.48,0,0.432,-5.203327E-05,6.48,0
0.4329,-1.678492E-05,6.4935,0,0.4329,-4.061952E-05,6.4935,0
0.4338,-6.042573E-06,6.507,0,0.4338,-0.0001101091,6.507,0
0.4347,8.392462E-06,6.5205,0,0.4347,-5.035477E-06,6.5205,0
0.4356,-9.332418E-05,6.534,0,0.4356,6.713969E-07,6.534,0
0.4365,-2.786297E-05,6.5475,0,0.4365,-7.284657E-05,6.5475,0
0.4374,3.726253E-05,6.561,0,0.4374,-6.411841E-05,6.561,0
0.4383,1.577783E-05,6.5745,0,0.4383,2.584878E-05,6.5745,0
0.4392,-6.344701E-05,6.588,0,0.4392,-3.256275E-05,6.588,0
0.4401,6.915389E-05,6.6015,0,0.4401,-0.0001185016,6.6015,0
0.441,1.376364E-05,6.615,0,0.441,2.1149E-05,6.615,0
0.4419,-6.61326E-05,6.6285,0,0.4419,4.934768E-05,6.6285,0
0.4428,-1.409934E-05,6.642,0,0.4428,-3.424125E-05,6.642,0
0.4437,-9.567407E-05,6.6555,0,0.4437,-1.040665E-05,6.6555,0
0.4446,-0.0001621424,6.669,0,0.4446,5.001907E-05,6.669,0
0.4455,-8.191043E-05,6.6825,0,0.4455,4.36408E-06,6.6825,0
0.4464,3.625543E-05,6.696,0,0.4464,-2.450599E-05,6.696,0
0.4473,7.721065E-06,6.7095,0,0.4473,-6.344701E-05,6.7095,0
0.4482,3.994812E-05,6.723,0,0.4482,4.061952E-05,6.723,0
0.4491,7.385367E-05,6.7365,0,0.4491,2.584878E-05,6.7365,0
0.45,9.231708E-05,6.75,0,0.45,-3.625543E-05,6.75,0
0.4509,0.000109102,6.7635,0,0.4509,-3.860533E-05,6.7635,0
0.4518,-5.236896E-05,6.777,0,0.4518,6.54612E-05,6.777,0
0.4527,-9.735256E-06,6.7905,0,0.4527,4.36408E-06,6.7905,0
0.4536,9.063859E-05,6.804,0,0.4536,-9.198138E-05,6.804,0
0.4545,-1.007095E-05,6.8175,0,0.4545,3.826963E-05,6.8175,0
0.4554,2.584878E-05,6.831,0,0.4554,2.920577E-05,6.831,0
0.4563,4.800488E-05,6.8445,0,0.4563,-7.049668E-05,6.8445,0
0.4572,8.258183E-05,6.858,0,0.4572,-5.706874E-06,6.858,0
0.4581,4.36408E-05,6.8715,0,0.4581,3.021286E-05,6.8715,0
0.459,-1.779202E-05,6.885,0,0.459,1.812772E-05,6.885,0
0.4599,-2.786297E-05,6.8985,0,0.4599,4.699779E-06,6.8985,0
0.4608,6.344701E-05,6.912,0,0.4608,-5.438316E-05,6.912,0
0.4617,7.049668E-06,6.9255,0,0.4617,2.652018E-05,6.9255,0
0.4626,-0.0002601663,6.939,0,0.4626,9.735256E-06,6.939,0
0.4635,-0.000126894,6.9525,0,0.4635,-2.24918E-05,6.9525,0
0.4644,5.471885E-05,6.966,0,0.4644,-5.069047E-05,6.966,0
0.4653,-0.0001433432,6.9795,0,0.4653,2.618448E-05,6.9795,0
0.4662,-8.090334E-05,6.993,0,0.4662,-1.007095E-05,6.993,0
0.4671,0.0001326009,7.0065,0,0.4671,-9.567407E-05,7.0065,0
0.468,-3.390555E-05,7.02,0,0.468,2.047761E-05,7.02,0
0.4689,-2.853437E-05,7.0335,0,0.4689,2.719158E-05,7.0335,0
0.4698,3.356985E-05,7.047,0,0.4698,-8.69459E-05,7.047,0
0.4707,-4.36408E-06,7.0605,0,0.4707,-3.390555E-05,7.0605,0
0.4716,-9.936675E-05,7.074,0,0.4716,3.524834E-05,7.074,0
0.4725,-4.867628E-05,7.0875,0,0.4725,-1.342794E-05,7.0875,0
0.4734,5.941863E-05,7.101,0,0.4734,-5.404745E-05,7.101,0
0.4743,1.846342E-05,7.1145,0,0.4743,-0.0001104448,7.1145,0
0.4752,5.304036E-05,7.128,0,0.4752,-9.735256E-06,7.128,0
0.4761,7.721065E-06,7.1415,0,0.4761,-3.894102E-05,7.1415,0
0.477,-2.316319E-05,7.155,0,0.477,-8.96315E-05,7.155,0
0.4779,6.411841E-05,7.1685,0,0.4779,-5.270466E-05,7.1685,0
0.4788,-2.484169E-05,7.182,0,0.4788,3.625543E-05,7.182,0
0.4797,-6.64683E-05,7.1955,0,0.4797,-1.913481E-05,7.1955,0
0.4806,8.023193E-05,7.209,0,0.4806,-9.030289E-05,7.209,0
0.4815,1.947051E-05,7.2225,0,0.4815,2.18204E-05,7.2225,0
0.4824,1.812772E-05,7.236,0,0.4824,4.565499E-05,7.236,0
0.4833,0.0001305867,7.2495,0,0.4833,-3.323415E-05,7.2495,0
0.4842,8.89601E-05,7.263,0,0.4842,2.383459E-05,7.263,0
0.4851,4.196231E-05,7.2765,0,0.4851,5.975433E-05,7.2765,0
0.486,-3.021286E-06,7.29,0,0.486,-3.155566E-05,7.29,0
0.4869,1.174945E-05,7.3035,0,0.4869,-4.934768E-05,7.3035,0
0.4878,7.351797E-05,7.317,0,0.4878,-9.634547E-05,7.317,0
0.4887,-1.107805E-05,7.3305,0,0.4887,-3.155566E-05,7.3305,0
0.4896,-8.426032E-05,7.344,0,0.4896,-4.33051E-05,7.344,0
0.4905,2.081331E-05,7.3575,0,0.4905,-5.673304E-05,7.3575,0
0.4914,-3.356985E-07,7.371,0,0.4914,-4.196231E-05,7.371,0
0.4923,-9.701686E-05,7.3845,0,0.4923,5.673304E-05,7.3845,0
0.4932,1.510643E-05,7.398,0,0.4932,-1.007095E-06,7.398,0
0.4941,5.740444E-05,7.4115,0,0.4941,-0.0001070878,7.4115,0
0.495,-6.009003E-05,7.425,0,0.495,3.491264E-05,7.425,0
0.4959,-8.795301E-05,7.4385,0,0.4959,-8.056763E-06,7.4385,0
0.4968,-5.169757E-05,7.452,0,0.4968,-9.164568E-05,7.452,0
0.4977,2.819867E-05,7.4655,0,0.4977,-1.007095E-05,7.4655,0
0.4986,-8.258183E-05,7.479,0,0.4986,3.424125E-05,7.479,0
0.4995,-3.793393E-05,7.4925,0,0.4995,-1.007095E-06,7.4925,0
0.5004,-8.627451E-05,7.506,0,0.5004,-8.056763E-06,7.506,0
0.5013,4.095522E-05,7.5195,0,0.5013,-5.001907E-05,7.5195,0
0.5022,5.404745E-05,7.533,0,0.5022,1.712062E-05,7.533,0
0.5031,-7.351797E-05,7.5465,0,0.5031,7.721065E-06,7.5465,0
0.504,3.961242E-05,7.56,0,0.504,-5.270466E-05,7.56,0
0.5049,0.0001094377,7.5735,0,0.5049,-7.486076E-05,7.5735,0
0.5058,-6.210422E-05,7.587,0,0.5058,-1.980621E-05,7.587,0
0.5067,-7.754635E-05,7.6005,0,0.5067,-6.311131E-05,7.6005,0
0.5076,4.800488E-05,7.614,0,0.5076,-0.0001379721,7.614,0
0.5085,-3.457694E-05,7.6275,0,0.5085,5.740444E-05,7.6275,0
0.5094,-0.0001426719,7.641,0,0.5094,6.109713E-05,7.641,0
0.5103,2.047761E-05,7.6545,0,0.5103,-3.021286E-05,7.6545,0
0.5112,7.486076E-05,7.668,0,0.5112,0.0001003738,7.668,0
0.5121,-4.263371E-05,7.6815,0,0.5121,0.000161471,7.6815,0
0.513,-1.242084E-05,7.695,0,0.513,9.735256E-05,7.695,0
0.5139,1.678492E-06,7.7085,0,0.5139,6.881819E-05,7.7085,0
0.5148,5.337606E-05,7.722,0,0.5148,-2.853437E-05,7.722,0
0.5157,3.457694E-05,7.7355,0,0.5157,3.692683E-05,7.7355,0
0.5166,-4.968337E-05,7.749,0,0.5166,1.174945E-05,7.749,0
0.5175,-5.337606E-05,7.7625,0,0.5175,-6.74754E-05,7.7625,0
0.5184,2.24918E-05,7.776,0,0.5184,-3.961242E-05,7.776,0
0.5193,-7.217517E-05,7.7895,0,0.5193,7.083238E-05,7.7895,0
0.5202,-5.035477E-05,7.803,0,0.5202,-2.819867E-05,7.803,0
0.5211,7.486076E-05,7.8165,0,0.5211,-0.0001456931,7.8165,0
0.522,4.028382E-06,7.83,0,0.522,-6.243992E-05,7.83,0
0.5229,-0.0001712062,7.8435,0,0.5229,-7.687495E-05,7.8435,0
0.5238,-0.000109102,7.857,0,0.5238,-0.0001873197,7.857,0
0.5247,0.0001097734,7.8705,0,0.5247,-0.0001342794,7.8705,0
0.5256,-4.867628E-05,7.884,0,0.5256,-8.82887E-05,7.884,0
0.5265,-9.265278E-05,7.8975,0,0.5265,-7.049668E-05,7.8975,0
0.5274,-2.584878E-05,7.911,0,0.5274,-2.920577E-05,7.911,0
0.5283,6.57969E-05,7.9245,0,0.5283,1.779202E-05,7.9245,0
0.5292,-5.572595E-05,7.938,0,0.5292,0.0001698634,7.938,0
0.5301,-0.0002151827,7.9515,0,0.5301,0.0001117876,7.9515,0
0.531,-0.0001154803,7.965,0,0.531,3.692683E-06,7.965,0
0.5319,-1.510643E-05,7.9785,0,0.5319,-3.860533E-05,7.9785,0
0.5328,-0.0001255512,7.992,0,0.5328,-1.477073E-05,7.992,0
0.5337,-7.183947E-05,8.0055,0,0.5337,-9.634547E-05,8.0055,0
0.5346,6.411841E-05,8.019,0,0.5346,-0.0001500572,8.019,0
0.5355,-0.0001107805,8.0325,0,0.5355,3.054856E-05,8.0325,0
0.5364,-2.987716E-05,8.046,0,0.5364,-1.174945E-05,8.046,0
0.5373,9.970245E-05,8.0595,0,0.5373,-0.0001265583,8.0595,0
0.5382,0.0001587854,8.073,0,0.5382,-5.304036E-05,8.073,0
0.5391,6.915389E-05,8.0865,0,0.5391,3.289845E-05,8.0865,0
0.54,6.311131E-05,8.1,0,0.54,3.759823E-05,8.1,0
0.5409,4.934768E-05,8.1135,0,0.5409,0.000119173,8.1135,0
0.5418,0.0001433432,8.127,0,0.5418,6.64683E-05,8.127,0
0.5427,8.526741E-05,8.1405,0,0.5427,0.000172549,8.1405,0
0.5436,-8.157473E-05,8.154,0,0.5436,9.735256E-05,8.154,0
0.5445,-2.18204E-05,8.1675,0,0.5445,1.913481E-05,8.1675,0
0.5454,3.524834E-05,8.181,0,0.5454,7.721065E-06,8.181,0
0.5463,-5.572595E-05,8.1945,0,0.5463,9.701686E-05,8.1945,0
0.5472,-0.0001003738,8.208,0,0.5472,8.023193E-05,8.208,0
0.5481,8.69459E-05,8.2215,0,0.5481,7.721065E-06,8.2215,0
0.549,1.577783E-05,8.235,0,0.549,0.0001366293,8.235,0
0.5499,-1.611353E-05,8.2485,0,0.5499,4.46479E-05,8.2485,0
0.5508,0.0001242084,8.262,0,0.5508,-0.0001309224,8.262,0
0.5517,4.43122E-05,8.2755,0,0.5517,-0.0001003738,8.2755,0
0.5526,-0.0001319295,8.289,0,0.5526,-3.793393E-05,8.289,0
0.5535,-1.947051E-05,8.3025,0,0.5535,-7.016098E-05,8.3025,0
0.5544,5.505455E-05,8.316,0,0.5544,-9.835965E-05,8.316,0
0.5553,-6.713969E-07,8.3295,0,0.5553,-0.0001708705,8.3295,0
0.5562,1.913481E-05,8.343,0,0.5562,-7.888914E-05,8.343,0
0.5571,-5.169757E-05,8.3565,0,0.5571,-8.459602E-05,8.3565,0
0.558,-2.28275E-05,8.37,0,0.558,-0.0001601282,8.37,0
0.5589,0.0001728847,8.3835,0,0.5589,-0.0002292821,8.3835,0
0.5598,0.0001604639,8.397,0,0.5598,-0.0001185016,8.397,0
0.5607,7.083238E-05,8.4105,0,0.5607,-0.0001332723,8.4105,0
0.5616,0.0001138018,8.424,0,0.5616,-0.0001604639,8.424,0
0.5625,1.947051E-05,8.4375,0,0.5625,-1.007095E-06,8.4375,0
0.5634,2.081331E-05,8.451,0,0.5634,-1.443504E-05,8.451,0
0.5643,1.644922E-05,8.4645,0,0.5643,-0.0001279011,8.4645,0
0.5652,0.0001654994,8.478,0,0.5652,-1.846342E-05,8.478,0
0.5661,4.36408E-06,8.4915,0,0.5661,5.975433E-05,8.4915,0
0.567,4.46479E-05,8.505,0,0.567,0.0001379721,8.505,0
0.5679,3.591974E-05,8.5185,0,0.5679,0.0001285725,8.5185,0
0.5688,0.0001138018,8.532,0,0.5688,-4.129091E-05,8.532,0
0.5697,3.726253E-05,8.5455,0,0.5697,6.344701E-05,8.5455,0
0.5706,-5.438316E-05,8.559,0,0.5706,6.143282E-05,8.559,0
0.5715,-6.378271E-06,8.5725,0,0.5715,-3.155566E-05,8.5725,0
0.5724,1.712062E-05,8.586,0,0.5724,-6.009003E-05,8.586,0
0.5733,-0.000126894,8.5995,0,0.5733,7.620356E-05,8.5995,0
0.5742,-2.014191E-05,8.613,0,0.5742,1.376364E-05,8.613,0
0.5751,9.869535E-05,8.6265,0,0.5751,-0.0001591211,8.6265,0
0.576,-4.263371E-05,8.64,0,0.576,-9.970245E-05,8.64,0
0.5769,-5.337606E-05,8.6535,0,0.5769,-9.433127E-05,8.6535,0
0.5778,-3.894102E-05,8.667,0,0.5778,-0.0002581521,8.667,0
0.5787,-6.478981E-05,8.6805,0,0.5787,-0.0001698634,8.6805,0
0.5796,-0.0001641566,8.694,0,0.5796,-4.162661E-05,8.694,0
0.5805,-0.0001258869,8.7075,0,0.5805,-8.325322E-05,8.7075,0
0.5814,-7.620356E-05,8.721,0,0.5814,-0.0001225299,8.721,0
0.5823,-0.0001070878,8.7345,0,0.5823,-0.0001836271,8.7345,0
0.5832,-0.0001332723,8.748,0,0.5832,-0.000119173,8.748,0
0.5841,-0.0001876554,8.7615,0,0.5841,-6.814679E-05,8.7615,0
0.585,-4.061952E-05,8.775,0,0.585,5.035477E-06,8.775,0
0.5859,9.970245E-05,8.7885,0,0.5859,0.0001467002,8.7885,0
0.5868,-0.0001671778,8.802,0,0.5868,0.0002789654,8.802,0
0.5877,-0.0001641566,8.8155,0,0.5877,0.0001876554,8.8155,0
0.5886,7.855344E-05,8.829,0,0.5886,0.0001003738,8.829,0
0.5895,-5.404745E-05,8.8425,0,0.5895,0.000274937,8.8425,0
0.5904,-0.000148043,8.856,0,0.5904,0.0002870222,8.856,0
0.5913,1.712062E-05,8.8695,0,0.5913,3.659113E-05,8.8695,0
0.5922,0.0001262226,8.883,0,0.5922,-2.349889E-05,8.883,0
0.5931,-5.975433E-05,8.8965,0,0.5931,3.726253E-05,8.8965,0
0.594,-1.409934E-05,8.91,0,0.594,-0.000112459,8.91,0
0.5949,6.143282E-05,8.9235,0,0.5949,-0.0002195468,8.9235,0
0.5958,-2.18204E-05,8.937,0,0.5958,-0.0001685206,8.937,0
0.5967,-0.0001138018,8.9505,0,0.5967,-2.450599E-05,8.9505,0
0.5976,-0.0001339437,8.964,0,0.5976,4.699779E-06,8.964,0
0.5985,-7.888914E-05,8.9775,0,0.5985,-4.36408E-05,8.9775,0
0.5994,-7.788205E-05,8.991,0,0.5994,-0.0001151446,8.991,0
0.6003,-0.0001738918,9.0045,0,0.6003,-0.0001211871,9.0045,0
0.6012,-0.0001842985,9.018,0,0.6012,-0.0002544594,9.018,0
0.6021,-6.042573E-06,9.0315,0,0.6021,-0.000228275,9.0315,0
0.603,-8.761731E-05,9.045,0,0.603,5.069047E-05,9.045,0
0.6039,-7.418937E-05,9.0585,0,0.6039,0.0002400244,9.0585,0
0.6048,-0.0001312581,9.072001,0,0.6048,0.0001641566,9.072001,0
0.6057,-0.0001957122,9.0855,0,0.6057,0.0002061189,9.0855,0
0.6066,-0.0002128328,9.099,0,0.6066,0.0003528191,9.099,0
0.6075,-0.0001534142,9.1125,0,0.6075,0.0002809796,9.1125,0
0.6084,-0.0001775845,9.126,0,0.6084,0.0001983978,9.126,0
0.6093,-4.46479E-05,9.1395,0,0.6093,6.143282E-05,9.1395,0
0.6102,-3.692683E-06,9.153,0,0.6102,5.270466E-05,9.153,0
0.6111,3.726253E-05,9.1665,0,0.6111,-0.0001514,9.1665,0
0.612,0.0001510643,9.18,0,0.612,-0.0004508431,9.18,0
0.6129,0.0001688563,9.1935,0,0.6129,-0.0004337225,9.1935,0
0.6138,2.920577E-05,9.207,0,0.6138,-0.0002208896,9.207,0
0.6147,-5.975433E-05,9.2205,0,0.6147,-0.0002135042,9.2205,0
0.6156,9.970245E-05,9.234,0,0.6156,-0.0001675135,9.234,0
0.6165,-1.275654E-05,9.2475,0,0.6165,0.0001520714,9.2475,0
0.6174,-5.505455E-05,9.261,0,0.6174,8.560311E-05,9.261,0
0.6183,0.0001540856,9.2745,0,0.6183,-0.0001950408,9.2745,0
0.6192,0.0001839628,9.288,0,0.6192,-0.0001305867,9.288,0
0.6201,0.000203769,9.3015,0,0.6201,-1.980621E-05,9.3015,0
0.621,0.00048542,9.315,0,0.621,1.510643E-05,9.315,0
0.6219,0.0003850462,9.3285,0,0.6219,-4.800488E-05,9.3285,0
0.6228,0.00024271,9.342,0,0.6228,-0.0001493858,9.342,0
0.6237,0.0001930266,9.3555,0,0.6237,-1.409934E-05,9.3555,0
0.6246,4.263371E-05,9.369,0,0.6246,1.678492E-06,9.369,0
0.6255,4.196231E-05,9.3825,0,0.6255,8.72816E-05,9.3825,0
0.6264,6.411841E-05,9.396,0,0.6264,0.0002547952,9.396,0
0.6273,-9.701686E-05,9.4095,0,0.6273,0.0002051118,9.4095,0
0.6282,-0.0001799344,9.423,0,0.6282,-6.61326E-05,9.423,0
0.6291,-2.014191E-05,9.4365,0,0.6291,-0.0002719158,9.4365,0
0.63,2.685588E-06,9.45,0,0.63,-0.0002091402,9.45,0
0.6309,-2.987716E-05,9.4635,0,0.6309,-0.0002598306,9.4635,0
0.6318,4.867628E-05,9.477,0,0.6318,-0.0003145495,9.477,0
0.6327,-7.016098E-05,9.4905,0,0.6327,-0.0001379721,9.4905,0
0.6336,-0.0002061189,9.504,0,0.6336,-0.0001775845,9.504,0
0.6345,-0.0002088045,9.5175,0,0.6345,-0.0004004883,9.5175,0
0.6354,-0.000200412,9.531,0,0.6354,-0.000355169,9.531,0
0.6363,-0.0001863127,9.5445,0,0.6363,-0.0001983978,9.5445,0
0.6372,-0.0001493858,9.558,0,0.6372,0.0001597925,9.558,0
0.6381,-0.0002245823,9.5715,0,0.6381,0.0004105592,9.5715,0
0.639,-7.418937E-05,9.585,0,0.639,0.000695903,9.585,0
0.6399,6.411841E-05,9.5985,0,0.6399,0.00103093,9.5985,0
0.6408,9.164568E-05,9.612,0,0.6408,0.001037644,9.612,0
0.6417,0.0002225681,9.6255,0,0.6417,0.0006099641,9.6255,0
0.6426,0.0003649043,9.639,0,0.6426,0.0002514381,9.639,0
0.6435,6.54612E-05,9.6525,0,0.6435,0.0001373007,9.6525,0
0.6444,-5.975433E-05,9.666,0,0.6444,-0.0001722133,9.666,0
0.6453,4.766919E-05,9.6795,0,0.6453,-0.0004672923,9.6795,0
0.6462,0.0002232395,9.693,0,0.6462,-0.0006153353,9.693,0
0.6471,0.0001393149,9.7065,0,0.6471,-0.000541146,9.7065,0
0.648,4.263371E-05,9.72,0,0.648,-0.0003581903,9.72,0
0.6489,3.994812E-05,9.7335,0,0.6489,-0.0001735561,9.7335,0
0.6498,8.92958E-05,9.747,0,0.6498,-0.0001856413,9.747,0
0.6507,5.606165E-05,9.7605,0,0.6507,-0.0001037308,9.7605,0
0.6516,-0.0001631495,9.774,0,0.6516,0.000164828,9.774,0
0.6525,-6.042573E-05,9.7875,0,0.6525,0.0003877317,9.7875,0
0.6534,-1.409934E-05,9.801,0,0.6534,0.0002286107,9.801,0
0.6543,-0.0002729229,9.8145,0,0.6543,3.591974E-05,9.8145,0
0.6552,-0.0002406958,9.828,0,0.6552,-4.934768E-05,9.828,0
0.6561,0.0001070878,9.8415,0,0.6561,-7.721065E-06,9.8415,0
0.657,6.478981E-05,9.855,0,0.657,0.0001312581,9.855,0
0.6579,0.0003232776,9.8685,0,0.6579,0.0001607996,9.8685,0
0.6588,0.0003719539,9.882,0,0.6588,6.61326E-05,9.882,0
0.6597,0.000203769,9.8955,0,0.6597,7.351797E-05,9.8955,0
0.6606,4.162661E-05,9.909,0,0.6606,1.141375E-05,9.909,0
0.6615,-0.0001138018,9.9225,0,0.6615,-0.0004934767,9.9225,0
0.6624,-0.0002994431,9.936,0,0.6624,-0.0008630808,9.936,0
0.6633,-0.00024271,9.9495,0,0.6633,-0.0008288395,9.9495,0
0.6642,-0.0002618448,9.963,0,0.6642,-0.0005723659,9.963,0
0.6651,-0.0003944457,9.976501,0,0.6651,-0.0004689708,9.976501,0
0.666,-0.0003467765,9.99,0,0.666,-0.0002302892,9.99,0
0.6669,-0.0001232013,10.0035,0,0.6669,0.0004021668,10.0035,0
0.6678,-0.0001101091,10.017,0,0.6678,0.0008536812,10.017,0
0.6687,-0.0001832914,10.0305,0,0.6687,0.0005770657,10.0305,0
0.6696,-3.894102E-05,10.044,0,0.6696,5.069047E-05,10.044,0
0.6705,-0.0001211871,10.0575,0,0.6705,-2.18204E-05,10.0575,0
0.6714,2.786297E-05,10.071,0,0.6714,-4.565499E-05,10.071,0
0.6723,0.0002440528,10.0845,0,0.6723,-0.0002255894,10.0845,0
0.6732,0.0001456931,10.098,0,0.6732,-6.74754E-05,10.098,0
0.6741,-0.0001141375,10.1115,0,0.6741,0.0001675135,10.1115,0
0.675,1.544213E-05,10.125,0,0.675,0.0002762798,10.125,0
0.6759,0.0002185397,10.1385,0,0.6759,0.0003179065,10.1385,0
0.6768,0.0002863508,10.152,0,0.6768,0.0002333104,10.152,0
0.6777,0.0001406577,10.1655,0,0.6777,0.0001842985,10.1655,0
0.6786,-3.390555E-05,10.179,0,0.6786,0.0001010452,10.179,0
0.6795,-2.819867E-05,10.1925,0,0.6795,-3.927672E-05,10.1925,0
0.6804,-5.539025E-05,10.206,0,0.6804,-0.0001453574,10.206,0
0.6813,-0.0001755703,10.2195,0,0.6813,-5.304036E-05,10.2195,0
0.6822,-6.881819E-05,10.233,0,0.6822,-6.74754E-05,10.233,0
0.6831,-7.049668E-05,10.2465,0,0.6831,-0.0002202182,10.2465,0
0.684,-0.0001943694,10.26,0,0.684,-6.378271E-05,10.26,0
0.6849,-9.130999E-05,10.2735,0,0.6849,-0.0001500572,10.2735,0
0.6858,4.36408E-06,10.287,0,0.6858,-0.0003900816,10.287,0
0.6867,0.0002809796,10.3005,0,0.6867,-0.0004333867,10.3005,0
0.6876,0.0002695659,10.314,0,0.6876,-0.0002843366,10.314,0
0.6885,5.740444E-05,10.3275,0,0.6885,-0.0001923552,10.3275,0
0.6894,-5.270466E-05,10.341,0,0.6894,-0.0001661708,10.341,0
0.6903,7.821774E-05,10.3545,0,0.6903,1.779202E-05,10.3545,0
0.6912,3.659113E-05,10.368,0,0.6912,0.0003044785,10.368,0
0.6921,-0.0002057832,10.3815,0,0.6921,0.000355169,10.3815,0
0.693,-2.450599E-05,10.395,0,0.693,0.0002762798,10.395,0
0.6939,0.0002960861,10.4085,0,0.6939,0.0001305867,10.4085,0
0.6948,8.493171E-05,10.422,0,0.6948,0.0001245441,10.422,0
0.6957,-5.606165E-05,10.4355,0,0.6957,0.0001003738,10.4355,0
0.6966,-2.551309E-05,10.449,0,0.6966,-0.0001104448,10.449,0
0.6975,-0.0001665064,10.4625,0,0.6975,-8.325322E-05,10.4625,0
0.6984,-6.378271E-05,10.476,0,0.6984,-9.970245E-05,10.476,0
0.6993,0.0001309224,10.4895,0,0.6993,-0.0003158923,10.4895,0
0.7002,0.0001285725,10.503,0,0.7002,-0.0002245823,10.503,0
0.7011,0.0001164874,10.5165,0,0.7011,-0.0001225299,10.5165,0
0.702,0.0002695659,10.53,0,0.702,-0.0001980621,10.53,0
0.7029,0.0002628519,10.5435,0,0.7029,-0.0001994049,10.5435,0
0.7038,0.0001806058,10.557,0,0.7038,-0.0002474098,10.557,0
0.7047,0.0001379721,10.5705,0,0.7047,-9.063859E-06,10.5705,0
0.7056,2.920577E-05,10.584,0,0.7056,1.107805E-05,10.584,0
0.7065,4.229801E-05,10.5975,0,0.7065,-2.383459E-05,10.5975,0
0.7074,0.0001571069,10.611,0,0.7074,0.0001144732,10.611,0
0.7083,2.014191E-06,10.6245,0,0.7083,0.0002534524,10.6245,0
0.7092,-0.0001178302,10.638,0,0.7092,0.0002064546,10.638,0
0.7101,5.270466E-05,10.6515,0,0.7101,0.0001211871,10.6515,0
0.711,-8.493171E-05,10.665,0,0.711,0.0001443503,10.665,0
0.7119,-7.687495E-05,10.6785,0,0.7119,2.618448E-05,10.6785,0
0.7128,-2.014191E-06,10.692,0,0.7128,-0.0002709087,10.692,0
0.7137,-1.242084E-05,10.7055,0,0.7137,-0.0004192874,10.7055,0
0.7146,-0.0001094377,10.719,0,0.7146,-0.0004172732,10.719,0
0.7155,-6.881819E-05,10.7325,0,0.7155,-0.0004807202,10.7325,0
0.7164,3.457694E-05,10.746,0,0.7164,-0.0004025025,10.746,0
0.7173,0.0001232013,10.7595,0,0.7173,-0.000186984,10.7595,0
0.7182,-3.692683E-06,10.773,0,0.7182,0.0002380102,10.773,0
0.7191,-4.36408E-05,10.7865,0,0.7191,0.0002997787,10.7865,0
0.72,5.404745E-05,10.8,0,0.72,0.0002977645,10.8,0
0.7209,0,10.8135,0,0.7209,0.0003662471,10.8135,0
0.7218,-8.358892E-05,10.827,0,0.7218,0.0003367056,10.827,0
0.7227,3.323415E-05,10.8405,0,0.7227,0.00036289,10.8405,0
0.7236,0.0001326009,10.854,0,0.7236,0.0004743419,10.854,0
0.7245,-7.351797E-05,10.8675,0,0.7245,0.0005119402,10.8675,0
0.7254,-0.0001540856,10.881,0,0.7254,0.0002890364,10.881,0
0.7263,-7.754635E-05,10.8945,0,0.7263,4.33051E-05,10.8945,0
0.7272,-7.922484E-05,10.908,0,0.7272,-1.309224E-05,10.908,0
0.7281,-0.0001453574,10.9215,0,0.7281,-0.0001134661,10.9215,0
0.729,-5.001907E-05,10.935,0,0.729,-0.0001326009,10.935,0
0.7299,-0.0001520714,10.9485,0,0.7299,-7.888914E-05,10.9485,0
0.7308,-4.800488E-05,10.962,0,0.7308,-0.0001930266,10.962,0
0.7317,1.477073E-05,10.9755,0,0.7317,-0.0001628138,10.9755,0
0.7326,-9.970245E-05,10.989,0,0.7326,-0.0002413672,10.989,0
0.7335,-4.968337E-05,11.0025,0,0.7335,-0.0003038071,11.0025,0
0.7344,0.0001232013,11.016,0,0.7344,-0.0001735561,11.016,0
0.7353,-2.24918E-05,11.0295,0,0.7353,7.888914E-05,11.0295,0
0.7362,-0.0001399863,11.043,0,0.7362,0.0001050736,11.043,0
0.7371,2.920577E-05,11.0565,0,0.7371,8.728161E-06,11.0565,0
0.738,-7.821774E-05,11.07,0,0.738,7.217517E-05,11.07,0
0.7389,-0.0001326009,11.0835,0,0.7389,-8.526741E-05,11.0835,0
0.7398,-7.721065E-05,11.097,0,0.7398,-0.000270573,11.097,0
0.7407,-0.0003017929,11.1105,0,0.7407,-0.0003632258,11.1105,0
0.7416,-0.0003971313,11.124,0,0.7416,-0.0003565118,11.124,0
0.7425,-0.0002111543,11.1375,0,0.7425,-0.0004726635,11.1375,0
0.7434,6.042573E-05,11.151,0,0.7434,-0.0004229801,11.151,0
0.7443,0.000274937,11.1645,0,0.7443,-0.0002396887,11.1645,0
0.7452,0.0003998169,11.178,0,0.7452,6.378271E-06,11.178,0
0.7461,0.000361883,11.1915,0,0.7461,8.493171E-05,11.1915,0
0.747,0.0003944457,11.205,0,0.747,0.0002343175,11.205,0
0.7479,0.0003843748,11.2185,0,0.7479,0.0003739681,11.2185,0
0.7488,0.0001618067,11.232,0,0.7488,0.0004320439,11.232,0
0.7497,7.553216E-05,11.2455,0,0.7497,0.0002870222,11.2455,0
0.7506,0.000185977,11.259,0,0.7506,0.0002077974,11.259,0
0.7515,0.0001201801,11.2725,0,0.7515,0.0003719539,11.2725,0
0.7524,-6.713969E-07,11.286,0,0.7524,0.0002769512,11.286,0
0.7533,-1.107805E-05,11.2995,0,0.7533,7.016098E-05,11.2995,0
0.7542,0.0001923552,11.313,0,0.7542,1.846342E-05,11.313,0
0.7551,5.606165E-05,11.3265,0,0.7551,-1.342794E-06,11.3265,0
0.756,-7.150377E-05,11.34,0,0.756,-6.243992E-05,11.34,0
0.7569,-0.0001292439,11.3535,0,0.7569,-8.157473E-05,11.3535,0
0.7578,-2.047761E-05,11.367,0,0.7578,-0.000112459,11.367,0
0.7587,-5.136187E-05,11.3805,0,0.7587,-5.337606E-05,11.3805,0
0.7596,-0.0002413672,11.394,0,0.7596,-8.86244E-05,11.394,0
0.7605,-0.0001963836,11.4075,0,0.7605,-0.0001050736,11.4075,0
0.7614,-0.0002151827,11.421,0,0.7614,-3.692683E-05,11.421,0
0.7623,-0.0003645686,11.4345,0,0.7623,5.841154E-05,11.4345,0
0.7632,-0.00036289,11.448,0,0.7632,-2.786297E-05,11.448,0
0.7641,-0.0002400244,11.4615,0,0.7641,-0.0001406577,11.4615,0
0.765,-0.0004407721,11.475,0,0.765,2.484169E-05,11.475,0
0.7659,-0.0004058595,11.4885,0,0.7659,-5.404745E-05,11.4885,0
0.7668,-0.0003101854,11.502,0,0.7668,-0.000148043,11.502,0
0.7677,-0.0001258869,11.5155,0,0.7677,-0.0001980621,11.5155,0
0.7686,9.768826E-05,11.529,0,0.7686,-0.0002017548,11.529,0
0.7695,0.0004307012,11.5425,0,0.7695,-0.0003202563,11.5425,0
0.7704,0.0003014572,11.556,0,0.7704,-0.0004260014,11.556,0
0.7713,4.733349E-05,11.5695,0,0.7713,-0.0004159304,11.5695,0
0.7722,-3.356985E-05,11.583,0,0.7722,-0.0001930266,11.583,0
0.7731,-0.0001628138,11.5965,0,0.7731,-0.0001829557,11.5965,0
0.774,-9.970245E-05,11.61,0,0.774,-0.0001621424,11.61,0
0.7749,4.33051E-05,11.6235,0,0.7749,-4.46479E-05,11.6235,0
0.7758,-0.0002051118,11.637,0,0.7758,0.0002554666,11.637,0
0.7767,-0.0001775845,11.6505,0,0.7767,0.0003595331,11.6505,0
0.7776,6.411841E-05,11.664,0,0.7776,0.0003078355,11.664,0
0.7785,-6.478981E-05,11.6775,0,0.7785,0.0003823606,11.6775,0
0.7794,5.069047E-05,11.691,0,0.7794,0.0001836271,11.691,0
0.7803,0.000144686,11.7045,0,0.7803,-0.0001205158,11.7045,0
0.7812,9.634547E-05,11.718,0,0.7812,-0.0001393149,11.718,0
0.7821,-3.692683E-06,11.7315,0,0.7821,-1.174945E-05,11.7315,0
0.783,-1.980621E-05,11.745,0,0.783,-1.208515E-05,11.745,0
0.7839,6.076142E-05,11.7585,0,0.7839,1.644922E-05,11.7585,0
0.7848,6.411841E-05,11.772,0,0.7848,0.0002084688,11.772,0
0.7857,0.0001050736,11.7855,0,0.7857,0.0003669185,11.7855,0
0.7866,0.0002574807,11.799,0,0.7866,0.0002269322,11.799,0
0.7875,0.0001765774,11.8125,0,0.7875,4.901198E-05,11.8125,0
0.7884,9.600977E-05,11.826,0,0.7884,-0.0001406577,11.826,0
0.7893,5.136187E-05,11.8395,0,0.7893,-0.0001295796,11.8395,0
0.7902,4.162661E-05,11.853,0,0.7902,-0.0001910124,11.853,0
0.7911,0.000115816,11.8665,0,0.7911,-0.0002635233,11.8665,0
0.792,-1.644922E-05,11.88,0,0.792,-0.0001131304,11.88,0
0.7929,-0.000119173,11.8935,0,0.7929,-3.692683E-05,11.8935,0
0.7938,-2.18204E-05,11.907,0,0.7938,-0.0001064164,11.907,0
0.7947,7.586786E-05,11.9205,0,0.7947,-0.0001701991,11.9205,0
0.7956,-4.33051E-05,11.934,0,0.7956,-0.0002581521,11.934,0
0.7965,-7.351797E-05,11.9475,0,0.7965,-9.701686E-05,11.9475,0
0.7974,-2.484169E-05,11.961,0,0.7974,9.533837E-05,11.961,0
0.7983,0.000144686,11.9745,0,0.7983,1.678492E-06,11.9745,0
0.7992,6.344701E-05,11.988,0,0.7992,0.0001963836,11.988,0
0.8001,-0.000115816,12.0015,0,0.8001,0.0004723278,12.0015,0
0.801,-3.927672E-05,12.015,0,0.801,0.0004273442,12.015,0
0.8019,3.457694E-05,12.0285,0,0.8019,0.0002279393,12.0285,0
0.8028,-0.0001356222,12.042,0,0.8028,7.721065E-05,12.042,0
0.8037,-0.0001279011,12.0555,0,0.8037,-0.0001668421,12.0555,0
0.8046,-3.021286E-06,12.069,0,0.8046,-0.0003316701,12.069,0
0.8055,-2.047761E-05,12.0825,0,0.8055,-0.0002531167,12.0825,0
0.8064,-9.970245E-05,12.096,0,0.8064,-0.0003790036,12.096,0
0.8073,-8.291753E-05,12.1095,0,0.8073,-0.0005535668,12.1095,0
0.8082,-0.0002339818,12.123,0,0.8082,-0.0002588235,12.123,0
0.8091,-0.0002544594,12.1365,0,0.8091,8.761731E-05,12.1365,0
0.81,-7.553216E-05,12.15,0,0.81,0.0002853437,12.15,0
0.8109,1.040665E-05,12.1635,0,0.8109,0.0005495384,12.1635,0
0.8118,2.719158E-05,12.177,0,0.8118,0.0004018311,12.177,0
0.8127,9.500267E-05,12.1905,0,0.8127,0.0001265583,12.1905,0
0.8136,-3.524834E-05,12.204,0,0.8136,-1.544213E-05,12.204,0
0.8145,-6.713969E-06,12.2175,0,0.8145,-0.0001611353,12.2175,0
0.8154,0.0001688563,12.231,0,0.8154,-0.0002457313,12.231,0
0.8163,-1.275654E-05,12.2445,0,0.8163,-0.0001329366,12.2445,0
0.8172,-3.726253E-05,12.258,0,0.8172,-0.0002319677,12.258,0
0.8181,0.0001456931,12.2715,0,0.8181,-0.0003776608,12.2715,0
0.819,6.57969E-05,12.285,0,0.819,-0.0002433814,12.285,0
0.8199,0.0001272297,12.2985,0,0.8199,-6.51255E-05,12.2985,0
0.8208,8.795301E-05,12.312,0,0.8208,5.471885E-05,12.312,0
0.8217,-7.318227E-05,12.3255,0,0.8217,0.0002870222,12.3255,0
0.8226,-0.0001668421,12.339,0,0.8226,0.0001849699,12.339,0
0.8235,-0.000102388,12.3525,0,0.8235,9.030289E-05,12.3525,0
0.8244,8.96315E-05,12.366,0,0.8244,9.298848E-05,12.366,0
0.8253,0.0001238727,12.3795,0,0.8253,9.500267E-05,12.3795,0
0.8262,6.78111E-05,12.393,0,0.8262,0.0001712062,12.393,0
0.8271,2.584878E-05,12.4065,0,0.8271,0.0001789273,12.4065,0
0.828,-0.0001178302,12.42,0,0.828,0.0001604639,12.42,0
0.8289,-0.0002628519,12.4335,0,0.8289,3.155566E-05,12.4335,0
0.8298,-0.0003011215,12.447,0,0.8298,1.980621E-05,12.447,0
0.8307,-3.591974E-05,12.4605,0,0.8307,-8.493171E-05,12.4605,0
0.8316,0.0001386435,12.474,0,0.8316,-0.0001973907,12.474,0
0.8325,0.0002145113,12.4875,0,0.8325,-1.174945E-05,12.4875,0
0.8334,0.0003954528,12.501,0,0.8334,-8.89601E-05,12.501,0
0.8343,0.0003924315,12.5145,0,0.8343,-0.0002346532,12.5145,0
0.8352,0.0002161898,12.528,0,0.8352,-0.0002242466,12.528,0
0.8361,9.399558E-06,12.5415,0,0.8361,-0.0001064164,12.5415,0
0.837,-4.867628E-05,12.555,0,0.837,-0.0002319677,12.555,0
0.8379,-1.947051E-05,12.5685,0,0.8379,-0.0005092546,12.5685,0
0.8388,0.0001957122,12.582,0,0.8388,-0.0004760204,12.582,0
0.8397,0.0002641947,12.5955,0,0.8397,-0.000154757,12.5955,0
0.8406,6.915389E-05,12.609,0,0.8406,0.0001426719,12.609,0
0.8415,-0.0001238727,12.6225,0,0.8415,3.021286E-05,12.6225,0
0.8424,-0.0001587854,12.636,0,0.8424,-3.021286E-06,12.636,0
0.8433,-0.0003685969,12.6495,0,0.8433,0.0003145495,12.6495,0
0.8442,-0.0004061952,12.663,0,0.8442,0.0003561761,12.663,0
0.8451,-0.0002376745,12.6765,0,0.8451,0.0001507286,12.6765,0
0.846,-0.0004065309,12.69,0,0.846,0.0001339437,12.69,0
0.8469,-0.0003226062,12.7035,0,0.8469,-8.89601E-05,12.7035,0
0.8478,-0.000190341,12.717,0,0.8478,-0.0002074617,12.717,0
0.8487,-0.000390753,12.7305,0,0.8487,-0.0001554284,12.7305,0
0.8496,-0.0005579308,12.744,0,0.8496,-1.174945E-05,12.744,0
0.8505,-0.0003353628,12.7575,0,0.8505,9.970245E-05,12.7575,0
0.8514,-0.0001332723,12.771,0,0.8514,0.0001151446,12.771,0
0.8523,7.956054E-05,12.7845,0,0.8523,5.069047E-05,12.7845,0
0.8532,2.484169E-05,12.798,0,0.8532,2.316319E-05,12.798,0
0.8541,-3.692683E-05,12.8115,0,0.8541,1.577783E-05,12.8115,0
0.855,-6.713969E-07,12.825,0,0.855,-1.678492E-06,12.825,0
0.8559,3.323415E-05,12.8385,0,0.8559,-5.539025E-05,12.8385,0
0.8568,-9.802396E-05,12.852,0,0.8568,-0.0001054093,12.852,0
0.8577,-0.0001373007,12.8655,0,0.8577,-0.0002719158,12.8655,0
0.8586,9.365987E-05,12.879,0,0.8586,-0.0003776608,12.879,0
0.8595001,0.0001688563,12.8925,0,0.8595001,-0.0001470359,12.8925,0
0.8604,0.0001540856,12.906,0,0.8604,5.404745E-05,12.906,0
0.8613,0.0002051118,12.9195,0,0.8613,-2.14847E-05,12.9195,0
0.8622,0.0004521859,12.933,0,0.8622,3.860533E-05,12.933,0
0.8631,0.0002406958,12.9465,0,0.8631,9.634547E-05,12.9465,0
0.864,0.0001393149,12.96,0,0.864,-3.524834E-05,12.96,0
0.8649,0.0001644923,12.9735,0,0.8649,-7.217517E-05,12.9735,0
0.8658,0.0002104829,12.987,0,0.8658,8.291753E-05,12.987,0
0.8667,7.049668E-06,13.0005,0,0.8667,0.0005542382,13.0005,0
0.8676,-3.625543E-05,13.014,0,0.8676,0.0005404745,13.014,0
0.8685,0.0001064164,13.0275,0,0.8685,0.0002903792,13.0275,0
0.8694,2.517739E-05,13.041,0,0.8694,0.0001151446,13.041,0
0.8703,-0.0001064164,13.0545,0,0.8703,-4.699779E-06,13.0545,0
0.8712,-1.208515E-05,13.068,0,0.8712,-0.0002222324,13.068,0
0.8721,0.0001067521,13.0815,0,0.8721,-0.0003236133,13.0815,0
0.873,-4.061952E-05,13.095,0,0.873,-0.0001104448,13.095,0
0.8739,-0.0001604639,13.1085,0,0.8739,-0.0003118639,13.1085,0
0.8748,-0.0001366293,13.122,0,0.8748,-0.0001920195,13.122,0
0.8757,0,13.1355,0,0.8757,0.0001856413,13.1355,0
0.8766,-4.061952E-05,13.149,0,0.8766,0.0001587854,13.149,0
0.8775,8.224613E-05,13.1625,0,0.8775,0.0001077592,13.1625,0
0.8784,-8.358892E-05,13.176,0,0.8784,4.53193E-05,13.176,0
0.8793,4.095522E-05,13.1895,0,0.8793,-7.284657E-05,13.1895,0
0.8802,0.0002262608,13.203,0,0.8802,-8.795301E-05,13.203,0
0.8811,6.109713E-05,13.2165,0,0.8811,-0.0002044404,13.2165,0
0.882,4.36408E-06,13.23,0,0.882,-0.0003494621,13.23,0
0.8829,0.0001017166,13.2435,0,0.8829,-0.0004414435,13.2435,0
0.8838,-2.584878E-05,13.257,0,0.8838,-0.0003108568,13.257,0
0.8847,3.088426E-05,13.2705,0,0.8847,-0.000115816,13.2705,0
0.8856,0.0002544594,13.284,0,0.8856,0.0003427482,13.284,0
0.8865,7.049668E-06,13.2975,0,0.8865,0.0006804608,13.2975,0
0.8874,2.987716E-05,13.311,0,0.8874,0.0003662471,13.311,0
0.8883,0.0001094377,13.3245,0,0.8883,0.0001010452,13.3245,0
0.8892,0.0001943694,13.338,0,0.8892,-4.901198E-05,13.338,0
0.8901,-2.517739E-05,13.3515,0,0.8901,-6.51255E-05,13.3515,0
0.891,-3.121996E-05,13.365,0,0.891,-7.284657E-05,13.365,0
0.8919,5.941863E-05,13.3785,0,0.8919,-0.0001060807,13.3785,0
0.8928,4.263371E-05,13.392,0,0.8928,-0.0001661708,13.392,0
0.8937,1.678492E-06,13.4055,0,0.8937,-3.524834E-05,13.4055,0
0.8946,-9.433127E-05,13.419,0,0.8946,-4.33051E-05,13.419,0
0.8955,-0.0001077592,13.4325,0,0.8955,-0.0003370413,13.4325,0
0.8964,6.378271E-05,13.446,0,0.8964,-0.0005058976,13.446,0
0.8973,-1.443504E-05,13.4595,0,0.8973,-0.0003776608,13.4595,0
0.8982,-0.0001671778,13.473,0,0.8982,-0.0003524834,13.473,0
0.8991,-3.793393E-05,13.4865,0,0.8991,-0.0002111543,13.4865,0
0.9,-1.779202E-05,13.5,0,0.9,0.0003638972,13.5,0
0.9009,-2.383459E-05,13.5135,0,0.9009,0.0004823987,13.5135,0
0.9018,-5.471885E-05,13.527,0,0.9018,0.0002668803,13.527,0
0.9027,0.0001373007,13.5405,0,0.9027,0.0002910506,13.5405,0
0.9036,0.0001460288,13.554,0,0.9036,0.0002772869,13.554,0
0.9045,5.069047E-05,13.5675,0,0.9045,0.0001258869,13.5675,0
0.9054,5.606165E-05,13.581,0,0.9054,7.049668E-05,13.581,0
0.9063,8.82887E-05,13.5945,0,0.9063,-3.524834E-05,13.5945,0
0.9072,-8.761731E-05,13.608,0,0.9072,-0.0001681849,13.608,0
0.9081,-0.0001258869,13.6215,0,0.9081,-0.0001044022,13.6215,0
0.909,-1.141375E-05,13.635,0,0.909,-9.097429E-05,13.635,0
0.9099,-4.934768E-05,13.6485,0,0.9099,-2.819867E-05,13.6485,0
0.9108,-0.0002487526,13.662,0,0.9108,-8.392462E-06,13.662,0
0.9117,-0.0002276036,13.6755,0,0.9117,-0.0001044022,13.6755,0
0.9126,-6.478981E-05,13.689,0,0.9126,-0.0002977645,13.689,0
0.9135,-0.0002353246,13.7025,0,0.9135,-0.0001809415,13.7025,0
0.9144,-0.0001947051,13.716,0,0.9144,-0.0001490501,13.716,0
0.9153,0.0001514,13.7295,0,0.9153,-0.0001430075,13.7295,0
0.9162,0.0001319295,13.743,0,0.9162,2.517739E-05,13.743,0
0.9171,-4.061952E-05,13.7565,0,0.9171,9.835965E-05,13.7565,0
0.918,1.779202E-05,13.77,0,0.918,-1.678492E-06,13.77,0
0.9189,-3.692683E-06,13.7835,0,0.9189,-6.71397E-05,13.7835,0
0.9198,-3.692683E-06,13.797,0,0.9198,-0.0001440146,13.797,0
0.9207,2.1149E-05,13.8105,0,0.9207,5.236896E-05,13.8105,0
0.9216,-8.392462E-05,13.824,0,0.9216,6.64683E-05,13.824,0
0.9225,-3.021286E-06,13.8375,0,0.9225,-0.000102388,13.8375,0
0.9234,0.0001178302,13.851,0,0.9234,-0.000185977,13.851,0
0.9243,0.0001832914,13.8645,0,0.9243,7.788205E-05,13.8645,0
0.9252,0.0002796368,13.878,0,0.9252,0.000267216,13.878,0
0.9261,0.0003121996,13.8915,0,0.9261,0.0001789273,13.8915,0
0.927,-6.378271E-06,13.905,0,0.927,0.0002225681,13.905,0
0.9279,-0.0001198444,13.9185,0,0.9279,0.0001708705,13.9185,0
0.9288,-7.150377E-05,13.932,0,0.9288,9.701686E-05,13.932,0
0.9297,-0.000252781,13.9455,0,0.9297,3.558404E-05,13.9455,0
0.9306,-0.0004414435,13.959,0,0.9306,2.853437E-05,13.959,0
0.9315,-0.0003068284,13.9725,0,0.9315,1.007095E-05,13.9725,0
0.9324,-0.0001628138,13.986,0,0.9324,-8.392462E-06,13.986,0
0.9333,-0.0001238727,13.9995,0,0.9333,-0.0001185016,13.9995,0
0.9342,-0.0001453574,14.013,0,0.9342,-2.584878E-05,14.013,0
0.9351,-0.0002188754,14.0265,0,0.9351,6.243992E-05,14.0265,0
0.936,-0.0002688945,14.04,0,0.936,-0.0001604639,14.04,0
0.9369,-0.0001668421,14.0535,0,0.9369,-0.0004199588,14.0535,0
0.9378,-1.544213E-05,14.067,0,0.9378,-0.0002074617,14.067,0
0.9387,9.970245E-05,14.0805,0,0.9387,-9.164568E-05,14.0805,0
0.9396001,9.970245E-05,14.094,0,0.9396001,-0.0002212253,14.094,0
0.9405,9.298848E-05,14.1075,0,0.9405,-6.344701E-05,14.1075,0
0.9414001,7.586786E-05,14.121,0,0.9414001,5.035477E-06,14.121,0
0.9423,2.517739E-05,14.1345,0,0.9423,-5.169757E-05,14.1345,0
0.9432001,5.438316E-05,14.148,0,0.9432001,-2.920577E-05,14.148,0
0.9441,-3.894102E-05,14.1615,0,0.9441,0.0001467002,14.1615,0
0.9450001,-9.433127E-05,14.175,0,0.9450001,0.000235996,14.175,0
0.9459,-9.634547E-05,14.1885,0,0.9459,8.426032E-05,14.1885,0
0.9468,-0.0001591211,14.202,0,0.9468,-4.53193E-05,14.202,0
0.9477,-0.000345098,14.2155,0,0.9477,-6.344701E-05,14.2155,0
0.9486,-0.0002987717,14.229,0,0.9486,-0.0001712062,14.229,0
0.9495,-6.210422E-05,14.2425,0,0.9495,-0.0001393149,14.2425,0
0.9504,9.869535E-05,14.256,0,0.9504,-0.0001218585,14.256,0
0.9513,5.941863E-05,14.2695,0,0.9513,-0.0001285725,14.2695,0
0.9522,0.0003125353,14.283,0,0.9522,6.713969E-07,14.283,0
0.9531,0.0005186542,14.2965,0,0.9531,-5.404745E-05,14.2965,0
0.954,0.0001994049,14.31,0,0.954,1.947051E-05,14.31,0
0.9549,7.083238E-05,14.3235,0,0.9549,-9.433127E-05,14.3235,0
0.9558,0.0001785916,14.337,0,0.9558,-0.0002192111,14.337,0
0.9567,0.0001013809,14.3505,0,0.9567,-9.768826E-05,14.3505,0
0.9576,-4.699779E-05,14.364,0,0.9576,-2.752728E-05,14.364,0
0.9585,4.632639E-05,14.3775,0,0.9585,-3.356985E-07,14.3775,0
0.9594,8.392462E-06,14.391,0,0.9594,0.0002574807,14.391,0
0.9603,9.970245E-05,14.4045,0,0.9603,0.0002299535,14.4045,0
0.9612,0.0002145113,14.418,0,0.9612,0.0002051118,14.418,0
0.9621,-9.735256E-06,14.4315,0,0.9621,5.337606E-05,14.4315,0
0.963,-4.49836E-05,14.445,0,0.963,-1.376364E-05,14.445,0
0.9639,0.0001010452,14.4585,0,0.9639,7.821774E-05,14.4585,0
0.9648,-2.349889E-05,14.472,0,0.9648,5.069047E-05,14.472,0
0.9657,-8.627451E-05,14.4855,0,0.9657,-6.143282E-05,14.4855,0
0.9666,6.378271E-05,14.499,0,0.9666,-0.0002067903,14.499,0
0.9675,-5.706874E-06,14.5125,0,0.9675,-0.0001450217,14.5125,0
0.9684,-4.263371E-05,14.526,0,0.9684,-0.000130251,14.526,0
0.9693,0.0001017166,14.5395,0,0.9693,-0.000126894,14.5395,0
0.9702,0.0002030976,14.553,0,0.9702,1.846342E-05,14.553,0
0.9711,1.712062E-05,14.5665,0,0.9711,3.793393E-05,14.5665,0
0.972,3.625543E-05,14.58,0,0.972,0.0001973907,14.58,0
0.9729,0.0001312581,14.5935,0,0.9729,0.0003350271,14.5935,0
0.9738,0.0001111162,14.607,0,0.9738,5.975433E-05,14.607,0
0.9747,-4.263371E-05,14.6205,0,0.9747,-7.318227E-05,14.6205,0
0.9756,-7.452507E-05,14.634,0,0.9756,-0.0001926909,14.634,0
0.9765,6.915389E-05,14.6475,0,0.9765,-0.0001027237,14.6475,0
0.9774,7.150377E-05,14.661,0,0.9774,8.86244E-05,14.661,0
0.9783,-1.678492E-06,14.6745,0,0.9783,0.0001265583,14.6745,0
0.9792,-2.316319E-05,14.688,0,0.9792,-1.846342E-05,14.688,0
0.9801,0.0001030594,14.7015,0,0.9801,-0.0001802701,14.7015,0
0.981,4.733349E-05,14.715,0,0.981,-4.061952E-05,14.715,0
0.9819,-9.835965E-05,14.7285,0,0.9819,-4.29694E-05,14.7285,0
0.9828,-6.61326E-05,14.742,0,0.9828,7.351797E-05,14.742,0
0.9837,-1.577783E-05,14.7555,0,0.9837,0.0003803464,14.7555,0
0.9846,-0.0001416648,14.769,0,0.9846,0.0002897078,14.769,0
0.9855,-9.198138E-05,14.7825,0,0.9855,5.304036E-05,14.7825,0
0.9864,-0.0001164874,14.796,0,0.9864,-1.242084E-05,14.796,0
0.9873,-8.392462E-06,14.8095,0,0.9873,-9.500267E-05,14.8095,0
0.9882,2.584878E-05,14.823,0,0.9882,-3.121996E-05,14.823,0
0.9891,4.934768E-05,14.8365,0,0.9891,-2.752728E-05,14.8365,0
0.99,3.692683E-05,14.85,0,0.99,-0.0001715419,14.85,0
0.9909,-4.33051E-05,14.8635,0,0.9909,-0.0002420386,14.8635,0
0.9918,-0.000207126,14.877,0,0.9918,-3.256275E-05,14.877,0
0.9927,-0.0001238727,14.8905,0,0.9927,-5.606165E-05,14.8905,0
0.9936,1.947051E-05,14.904,0,0.9936,-0.0001755703,14.904,0
0.9945,-0.0001715419,14.9175,0,0.9945,-3.424125E-05,14.9175,0
0.9954,-0.0002279393,14.931,0,0.9954,-2.584878E-05,14.931,0
0.9963,-0.0001359579,14.9445,0,0.9963,-0.0002131685,14.9445,0
0.9972,-0.0001178302,14.958,0,0.9972,-0.0001215228,14.958,0
0.9981,-0.0001312581,14.9715,0,0.9981,-8.090334E-05,14.9715,0
0.999,4.699779E-06,14.985,0,0.999,-0.0002222324,14.985,0
0.9999,0.0001332723,14.9985,0,0.9999,-0.0003464408,14.9985,0
1.0008,0.0002077974,15.012,0,1.0008,-0.0003853819,15.012,0
1.0017,0.0002386816,15.0255,0,1.0017,-0.0002420386,15.0255,0
1.0026,0.0002648661,15.039,0,1.0026,-7.217517E-05,15.039,0
1.0035,0.0001594568,15.0525,0,1.0035,-2.18204E-05,15.0525,0
1.0044,0.0002171969,15.066,0,1.0044,-5.941863E-05,15.066,0
1.0053,3.659113E-05,15.0795,0,1.0053,3.390555E-05,15.0795,0
1.0062,-2.316319E-05,15.093,0,1.0062,-3.021286E-06,15.093,0
1.0071,0.0001211871,15.1065,0,1.0071,0.0001816129,15.1065,0
1.008,0.0001527428,15.12,0,1.008,0.0005414817,15.12,0
1.0089,-0.0001896696,15.1335,0,1.0089,0.0004981766,15.1335,0
1.0098,-0.0003269703,15.147,0,1.0098,0.0002735943,15.147,0
1.0107,-0.0002289464,15.1605,0,1.0107,0.000218204,15.1605,0
1.0116,-0.0001560998,15.174,0,1.0116,0.0001362936,15.174,0
1.0125,0.0002410315,15.1875,0,1.0125,-8.358892E-05,15.1875,0
1.0134,0.0002312963,15.201,0,1.0134,-0.0002648661,15.201,0
1.0143,-3.021286E-06,15.2145,0,1.0143,-0.000330663,15.2145,0
1.0152,-9.298848E-05,15.228,0,1.0152,-0.0002225681,15.228,0
1.0161,-0.000109102,15.2415,0,1.0161,-0.0002688945,15.2415,0
1.017,-0.0002588235,15.255,0,1.017,-0.0003414054,15.255,0
1.0179,-0.0002269322,15.2685,0,1.0179,-0.0003038071,15.2685,0
1.0188,-0.0001326009,15.282,0,1.0188,-0.0001624781,15.282,0
1.0197,2.450599E-05,15.2955,0,1.0197,2.349889E-06,15.2955,0
1.0206,0.000197055,15.309,0,1.0206,-3.524834E-05,15.309,0
1.0215,-6.076142E-05,15.3225,0,1.0215,0.0003360342,15.3225,0
1.0224,-0.0001889983,15.336,0,1.0224,0.0005337606,15.336,0
1.0233,-3.927672E-05,15.3495,0,1.0233,0.0003649043,15.3495,0
1.0242,0.0001540856,15.363,0,1.0242,0.0002890364,15.363,0
1.0251,0.0001131304,15.3765,0,1.0251,0.0001665064,15.3765,0
1.026,-3.323415E-05,15.39,0,1.026,5.539025E-05,15.39,0
1.0269,-0.0001054093,15.4035,0,1.0269,6.311131E-05,15.4035,0
1.0278,6.378271E-06,15.417,0,1.0278,6.948959E-05,15.417,0
1.0287,5.941863E-05,15.4305,0,1.0287,5.471885E-05,15.4305,0
1.0296,-7.653925E-05,15.444,0,1.0296,-3.659113E-05,15.444,0
1.0305,-0.0001453574,15.4575,0,1.0305,-0.0002823224,15.4575,0
1.0314,-5.673304E-05,15.471,0,1.0314,-0.0003326772,15.471,0
1.0323,-0.0002135042,15.4845,0,1.0323,-0.000144686,15.4845,0
1.0332,-0.0001094377,15.498,0,1.0332,-0.0001735561,15.498,0
1.0341,9.701686E-05,15.5115,0,1.0341,-0.0001258869,15.5115,0
1.035,-5.270466E-05,15.525,0,1.035,0.0001507286,15.525,0
1.0359,-0.0001265583,15.5385,0,1.0359,0.0001557641,15.5385,0
1.0368,1.275654E-05,15.552,0,1.0368,-3.524834E-05,15.552,0
1.0377,1.174945E-05,15.5655,0,1.0377,-1.913481E-05,15.5655,0
1.0386,-7.956054E-05,15.579,0,1.0386,2.24918E-05,15.579,0
1.0395,1.040665E-05,15.5925,0,1.0395,-5.337606E-05,15.5925,0
1.0404,-4.867628E-05,15.606,0,1.0404,-0.0002480812,15.606,0
1.0413,3.021286E-05,15.6195,0,1.0413,-0.0002017548,15.6195,0
1.0422,6.009003E-05,15.633,0,1.0422,-1.678492E-06,15.633,0
1.0431,2.383459E-05,15.6465,0,1.0431,-4.867628E-05,15.6465,0
1.044,7.049668E-06,15.66,0,1.044,-4.33051E-05,15.66,0
1.0449,9.768826E-05,15.6735,0,1.0449,-0.0001413291,15.6735,0
1.0458,6.009003E-05,15.687,0,1.0458,-0.000158114,15.687,0
1.0467,9.097429E-05,15.7005,0,1.0467,-0.0001752346,15.7005,0
1.0476,0.0001574426,15.714,0,1.0476,-0.0002537881,15.714,0
1.0485,-4.229801E-05,15.7275,0,1.0485,-0.0002440528,15.7275,0
1.0494,-9.600977E-05,15.741,0,1.0494,3.189136E-05,15.741,0
1.0503,9.634547E-05,15.7545,0,1.0503,0.0003098497,15.7545,0
1.0512,3.457694E-05,15.768,0,1.0512,0.0003769894,15.768,0
1.0521,-0.0001383078,15.7815,0,1.0521,0.0002719158,15.7815,0
1.053,5.035477E-06,15.795,0,1.053,0.0001560998,15.795,0
1.0539,3.457694E-05,15.8085,0,1.0539,8.493171E-05,15.8085,0
1.0548,7.486076E-05,15.822,0,1.0548,-0.0001332723,15.822,0
1.0557,7.049668E-05,15.8355,0,1.0557,-0.0001178302,15.8355,0
1.0566,-1.678492E-06,15.849,0,1.0566,-0.0001920195,15.849,0
1.0575,6.143282E-05,15.8625,0,1.0575,-0.000263859,15.8625,0
1.0584,4.49836E-05,15.876,0,1.0584,-0.0001292439,15.876,0
1.0593,1.007095E-06,15.8895,0,1.0593,0.0001806058,15.8895,0
1.0602,0.0001205158,15.903,0,1.0602,7.016098E-05,15.903,0
1.0611,0.0001037308,15.9165,0,1.0611,-1.342794E-05,15.9165,0
1.062,-1.409934E-05,15.93,0,1.062,0.0002252537,15.93,0
1.0629,7.620356E-05,15.9435,0,1.0629,0.0002574807,15.9435,0
1.0638,0.0001171588,15.957,0,1.0638,2.719158E-05,15.957,0
1.0647,8.392462E-05,15.9705,0,1.0647,-6.378271E-06,15.9705,0
1.0656,-5.706874E-05,15.984,0,1.0656,4.229801E-05,15.984,0
1.0665,-5.941863E-05,15.9975,0,1.0665,6.948959E-05,15.9975,0
1.0674,2.081331E-05,16.011,0,1.0674,3.390555E-05,16.011,0
1.0683,0.0001245441,16.0245,0,1.0683,-0.0001087663,16.0245,0
1.0692,0.0001044022,16.038,0,1.0692,-0.0003145495,16.038,0
1.0701,-6.74754E-05,16.0515,0,1.0701,-0.0004975051,16.0515,0
1.071,-3.256275E-05,16.065,0,1.071,-0.0003571832,16.065,0
1.0719,9.735256E-05,16.0785,0,1.0719,-0.0001131304,16.0785,0
1.0728,-7.150377E-05,16.092,0,1.0728,9.063859E-06,16.092,0
1.0737,7.721065E-06,16.1055,0,1.0737,-4.867628E-05,16.1055,0
1.0746,0.000323949,16.119,0,1.0746,-1.544213E-05,16.119,0
1.0755,0.0001597925,16.1325,0,1.0755,0.0002289464,16.1325,0
1.0764,1.947051E-05,16.146,0,1.0764,0.0003283131,16.146,0
1.0773,0.0001309224,16.1595,0,1.0773,0.000281651,16.1595,0
1.0782,-4.565499E-05,16.173,0,1.0782,0.000263859,16.173,0
1.0791,-0.0001822843,16.1865,0,1.0791,0.0001453574,16.1865,0
1.08,-0.0001654994,16.2,0,1.08,-1.644922E-05,16.2,0
1.0809,-0.0001510643,16.2135,0,1.0809,-4.196231E-05,16.2135,0
1.0818,-0.0001638209,16.227,0,1.0818,1.107805E-05,16.227,0
1.0827,-0.0001715419,16.2405,0,1.0827,0.000148043,16.2405,0
1.0836,-0.0001554284,16.254,0,1.0836,9.567407E-05,16.254,0
1.0845,-5.001907E-05,16.2675,0,1.0845,-4.33051E-05,16.2675,0
1.0854,3.659113E-05,16.281,0,1.0854,-0.0001564355,16.281,0
1.0863,7.721065E-06,16.2945,0,1.0863,-6.6804E-05,16.2945,0
1.0872,1.174945E-05,16.308,0,1.0872,-0.0001198444,16.308,0
1.0881,0.0002222324,16.3215,0,1.0881,-0.0002212253,16.3215,0
1.089,0.0002386816,16.335,0,1.089,-5.941863E-05,16.335,0
1.0899,-9.735256E-06,16.3485,0,1.0899,-8.191043E-05,16.3485,0
1.0908,-0.0001171588,16.362,0,1.0908,-0.0002151827,16.362,0
1.0917,-0.000193698,16.3755,0,1.0917,-0.0001379721,16.3755,0
1.0926,-0.0001829557,16.389,0,1.0926,-0.0001497215,16.389,0
1.0935,-3.692683E-05,16.4025,0,1.0935,-5.874724E-05,16.4025,0
1.0944,-1.007095E-06,16.416,0,1.0944,9.567407E-05,16.416,0
1.0953,0.0002601663,16.4295,0,1.0953,5.203327E-05,16.4295,0
1.0962,0.0001732204,16.443,0,1.0962,1.309224E-05,16.443,0
1.0971,-4.196231E-05,16.4565,0,1.0971,-8.72816E-05,16.4565,0
1.098,7.183947E-05,16.47,0,1.098,-0.0001597925,16.47,0
1.0989,5.706874E-06,16.4835,0,1.0989,-8.358892E-05,16.4835,0
1.0998,-0.0001399863,16.497,0,1.0998,-1.678492E-06,16.497,0
1.1007,-7.553216E-05,16.5105,0,1.1007,-6.6804E-05,16.5105,0
1.1016,-3.793393E-05,16.524,0,1.1016,-0.0001698634,16.524,0
1.1025,-0.0001832914,16.5375,0,1.1025,-0.0002403601,16.5375,0
1.1034,-3.793393E-05,16.551,0,1.1034,-0.0001688563,16.551,0
1.1043,8.96315E-05,16.5645,0,1.1043,-9.298848E-05,16.5645,0
1.1052,-0.0002000763,16.578,0,1.1052,-4.867628E-05,16.578,0
1.1061,-0.0002712444,16.5915,0,1.1061,0.0001258869,16.5915,0
1.107,7.620356E-05,16.605,0,1.107,0.000291722,16.605,0
1.1079,0.0001151446,16.6185,0,1.1079,0.0002746014,16.6185,0
1.1088,1.040665E-05,16.632,0,1.1088,2.786297E-05,16.632,0
1.1097,-0.0001822843,16.6455,0,1.1097,3.726253E-05,16.6455,0
1.1106,-0.0003017929,16.659,0,1.1106,2.081331E-05,16.659,0
1.1115,-0.000257145,16.6725,0,1.1115,-1.275654E-05,16.6725,0
1.1124,-0.0001104448,16.686,0,1.1124,-5.706874E-06,16.686,0
1.1133,-0.000239353,16.6995,0,1.1133,8.493171E-05,16.6995,0
1.1142,-0.0001671778,16.713,0,1.1142,6.277562E-05,16.713,0
1.1151,-2.719158E-05,16.7265,0,1.1151,-9.500267E-05,16.7265,0
1.116,-2.21561E-05,16.74,0,1.116,2.786297E-05,16.74,0
1.1169,-7.687495E-05,16.7535,0,1.1169,5.673304E-05,16.7535,0
1.1178,8.224613E-05,16.767,0,1.1178,-0.0001470359,16.767,0
1.1187,5.035477E-06,16.7805,0,1.1187,-0.0001178302,16.7805,0
1.1196,-0.0001030594,16.794,0,1.1196,-7.620356E-05,16.794,0
1.1205,-5.706874E-06,16.8075,0,1.1205,-0.0001255512,16.8075,0
1.1214,3.961242E-05,16.821,0,1.1214,-0.0002306248,16.821,0
1.1223,3.659113E-05,16.8345,0,1.1223,-0.0001527428,16.8345,0
1.1232,0.0001379721,16.848,0,1.1232,0.0002118257,16.848,0
1.1241,0.0001816129,16.8615,0,1.1241,3.121996E-05,16.8615,0
1.125,6.881819E-05,16.875,0,1.125,-0.0002396887,16.875,0
1.1259,0.0001554284,16.8885,0,1.1259,-0.0002433814,16.8885,0
1.1268,0.0001211871,16.902,0,1.1268,-0.0001829557,16.902,0
1.1277,6.210422E-05,16.9155,0,1.1277,-0.0001947051,16.9155,0
1.1286,9.970245E-05,16.929,0,1.1286,-0.0001493858,16.929,0
1.1295,-1.812772E-05,16.9425,0,1.1295,-0.000115816,16.9425,0
1.1304,-2.685588E-05,16.956,0,1.1304,-9.735256E-05,16.956,0
1.1313,2.349889E-05,16.9695,0,1.1313,-0.0001819486,16.9695,0
1.1322,5.673304E-05,16.983,0,1.1322,-2.081331E-05,16.983,0
1.1331,2.584878E-05,16.9965,0,1.1331,0.0001131304,16.9965,0
1.134,2.047761E-05,17.01,0,1.134,0.0002138399,17.01,0
1.1349,4.666209E-05,17.0235,0,1.1349,0.0003716182,17.0235,0
1.1358,0.0001040665,17.037,0,1.1358,0.0004666209,17.037,0
1.1367,5.069047E-05,17.0505,0,1.1367,0.0005609522,17.0505,0
1.1376,-0.0001544213,17.064,0,1.1376,0.0003756466,17.064,0
1.1385,7.049668E-06,17.0775,0,1.1385,0.0002185397,17.0775,0
1.1394,0.0001218585,17.091,0,1.1394,0.0002239109,17.091,0
1.1403,-4.599069E-05,17.1045,0,1.1403,0.0002232395,17.1045,0
1.1412,2.383459E-05,17.118,0,1.1412,5.203327E-05,17.118,0
1.1421,0.0001339437,17.1315,0,1.1421,-0.0002843366,17.1315,0
1.143,-6.076142E-05,17.145,0,1.143,-0.0003098497,17.145,0
1.1439,3.289845E-05,17.1585,0,1.1439,-0.0002880293,17.1585,0
1.1448,9.701686E-05,17.172,0,1.1448,-0.0003132067,17.172,0
1.1457,0.0001789273,17.1855,0,1.1457,-7.452507E-05,17.1855,0
1.1466,8.358892E-05,17.199,0,1.1466,0.0001889983,17.199,0
1.1475,7.620356E-05,17.2125,0,1.1475,0.0002138399,17.2125,0
1.1484,3.457694E-05,17.226,0,1.1484,0.0001712062,17.226,0
1.1493,6.277562E-05,17.2395,0,1.1493,-6.814679E-05,17.2395,0
1.1502,-8.728161E-06,17.253,0,1.1502,-0.0002678874,17.253,0
1.1511,-0.0001594568,17.2665,0,1.1511,-0.0004860914,17.2665,0
1.152,-0.000185977,17.28,0,1.152,-0.0007147021,17.28,0
1.1529,-9.063859E-06,17.2935,0,1.1529,-0.0005582666,17.2935,0
1.1538,-3.356985E-07,17.307,0,1.1538,0.0001275654,17.307,0
1.1547,-2.014191E-06,17.3205,0,1.1547,0.0006388342,17.3205,0
1.1556,0.0001641566,17.334,0,1.1556,0.0007815061,17.334,0
1.1565,-3.289845E-05,17.3475,0,1.1565,0.0005445029,17.3475,0
1.1574,-0.0001154803,17.361,0,1.1574,0.0002477455,17.361,0
1.1583,-4.800488E-05,17.3745,0,1.1583,2.752728E-05,17.3745,0
1.1592,-0.0001802701,17.388,0,1.1592,-4.229801E-05,17.388,0
1.1601,-0.0002531167,17.4015,0,1.1601,-5.606165E-05,17.4015,0
1.161,-0.0001285725,17.415,0,1.161,-0.0001463645,17.415,0
1.1619,2.383459E-05,17.4285,0,1.1619,-0.000189334,17.4285,0
1.1628,-7.351797E-05,17.442,0,1.1628,-0.0002601663,17.442,0
1.1637,-0.0002044404,17.4555,0,1.1637,-0.0001587854,17.4555,0
1.1646,-0.0002789654,17.469,0,1.1646,-0.0001755703,17.469,0
1.1655,-0.0002863508,17.4825,0,1.1655,-0.0001651637,17.4825,0
1.1664,-9.030289E-05,17.496,0,1.1664,-0.0001399863,17.496,0
1.1673,7.049668E-06,17.5095,0,1.1673,-7.016098E-05,17.5095,0
1.1682,0.000164828,17.523,0,1.1682,-0.0001050736,17.523,0
1.1691,0.000327306,17.5365,0,1.1691,-0.000193698,17.5365,0
1.17,0.0002406958,17.55,0,1.17,-7.721065E-05,17.55,0
1.1709,0.0001809415,17.5635,0,1.1709,-8.761731E-05,17.5635,0
1.1718,0.0001681849,17.577,0,1.1718,-0.0002057832,17.577,0
1.1727,1.577783E-05,17.5905,0,1.1727,-0.0001651637,17.5905,0
1.1736,9.634547E-05,17.604,0,1.1736,3.356985E-06,17.604,0
1.1745,0.0002353246,17.6175,0,1.1745,-4.565499E-05,17.6175,0
1.1754,0.0001762417,17.631,0,1.1754,-3.524834E-05,17.631,0
1.1763,0.0001440146,17.6445,0,1.1763,-4.934768E-05,17.6445,0
1.1772,1.846342E-05,17.658,0,1.1772,-6.378271E-06,17.658,0
1.1781,-7.385367E-06,17.6715,0,1.1781,-1.712062E-05,17.6715,0
1.179,8.761731E-05,17.685,0,1.179,-6.881819E-05,17.685,0
1.1799,2.786297E-05,17.6985,0,1.1799,-5.841154E-05,17.6985,0
1.1808,-9.600977E-05,17.712,0,1.1808,4.263371E-05,17.712,0
1.1817,-7.553216E-05,17.7255,0,1.1817,-3.021286E-06,17.7255,0
1.1826,-8.96315E-05,17.739,0,1.1826,-0.0001409934,17.739,0
1.1835,-0.0002437171,17.7525,0,1.1835,-2.450599E-05,17.7525,0
1.1844,-0.000316228,17.766,0,1.1844,-4.968337E-05,17.766,0
1.1853,-0.0001346151,17.7795,0,1.1853,-0.000119173,17.7795,0
1.1862,-2.987716E-05,17.793,0,1.1862,5.035477E-06,17.793,0
1.1871,-0.0002017548,17.8065,0,1.1871,0.0001044022,17.8065,0
1.188,-0.0001967193,17.82,0,1.188,0.0001104448,17.82,0
1.1889,-0.0001560998,17.8335,0,1.1889,0.0002662089,17.8335,0
1.1898,-7.284657E-05,17.847,0,1.1898,2.685588E-05,17.847,0
1.1907,-0.0001322652,17.8605,0,1.1907,-0.0001228656,17.8605,0
1.1916,-0.000252781,17.874,0,1.1916,-0.0002088045,17.874,0
1.1925,-6.57969E-05,17.8875,0,1.1925,-0.0002940719,17.8875,0
1.1934,0.0001916838,17.901,0,1.1934,-0.000190341,17.901,0
1.1943,0.0001362936,17.9145,0,1.1943,6.009003E-05,17.9145,0
1.1952,1.846342E-05,17.928,0,1.1952,0.0002514381,17.928,0
1.1961,6.478981E-05,17.9415,0,1.1961,0.0002400244,17.9415,0
1.197,-8.224613E-05,17.955,0,1.197,0.0003212634,17.955,0
1.1979,-0.0002034333,17.9685,0,1.1979,0.0002057832,17.9685,0
1.1988,-9.802396E-05,17.982,0,1.1988,-1.107805E-05,17.982,0
1.1997,7.385367E-06,17.9955,0,1.1997,5.774014E-05,17.9955,0
1.2006,-0.0001819486,18.009,0,1.2006,3.256275E-05,18.009,0
1.2015,-0.0001470359,18.0225,0,1.2015,-0.0002061189,18.0225,0
1.2024,2.014191E-06,18.036,0,1.2024,-0.0001409934,18.036,0
1.2033,2.517739E-05,18.0495,0,1.2033,-0.0001416648,18.0495,0
1.2042,-3.424125E-05,18.063,0,1.2042,-0.0001728847,18.063,0
1.2051,-1.242084E-05,18.0765,0,1.2051,-9.802396E-05,18.0765,0
1.206,7.687495E-05,18.09,0,1.206,-4.46479E-05,18.09,0
1.2069,1.443504E-05,18.1035,0,1.2069,-0.0001926909,18.1035,0
1.2078,-0.000119173,18.117,0,1.2078,9.903105E-05,18.117,0
1.2087,-4.53193E-05,18.1305,0,1.2087,0.0002598306,18.1305,0
1.2096,0.0001138018,18.144,0,1.2096,0.0001282368,18.144,0
1.2105,1.242084E-05,18.1575,0,1.2105,0.0001174945,18.1575,0
1.2114,6.210422E-05,18.171,0,1.2114,2.719158E-05,18.171,0
1.2123,0.0001178302,18.1845,0,1.2123,-0.0001641566,18.1845,0
1.2132,0.0001963836,18.198,0,1.2132,-0.0002141756,18.198,0
1.2141,3.189136E-05,18.2115,0,1.2141,-7.418937E-05,18.2115,0
1.215,5.169757E-05,18.225,0,1.215,6.51255E-05,18.225,0
1.2159,5.874724E-05,18.2385,0,1.2159,0.0001638209,18.2385,0
1.2168,0.0001769131,18.252,0,1.2168,0.0001500572,18.252,0
1.2177,0.0001262226,18.2655,0,1.2177,0.0002077974,18.2655,0
1.2186,-0.0001097734,18.279,0,1.2186,0.0001584497,18.279,0
1.2195,2.920577E-05,18.2925,0,1.2195,-0.0001426719,18.2925,0
1.2204,9.433127E-05,18.306,0,1.2204,-0.0002272679,18.306,0
1.2213,-5.572595E-05,18.3195,0,1.2213,-1.544213E-05,18.3195,0
1.2222,-1.678492E-05,18.333,0,1.2222,-9.030289E-05,18.333,0
1.2231,0.0001409934,18.3465,0,1.2231,-0.0004051881,18.3465,0
1.224,3.356985E-05,18.36,0,1.224,-0.0004045167,18.36,0
1.2249,2.1149E-05,18.3735,0,1.2249,-0.0003172351,18.3735,0
1.2258,4.867628E-05,18.387,0,1.2258,-0.0003074998,18.387,0
1.2267,-0.0002101472,18.4005,0,1.2267,-0.0001440146,18.4005,0
1.2276,-0.0002715801,18.414,0,1.2276,0.0003756466,18.414,0
1.2285,-0.0001017166,18.4275,0,1.2285,0.0009161212,18.4275,0
1.2294,-5.807584E-05,18.441,0,1.2294,0.0008157473,18.441,0
1.2303,6.378271E-06,18.4545,0,1.2303,0.0004978409,18.4545,0
1.2312,0.0001873197,18.468,0,1.2312,0.0003410697,18.468,0
1.2321,0.0004394293,18.4815,0,1.2321,0.0001211871,18.4815,0
1.233,0.0003085069,18.495,0,1.233,-0.0001013809,18.495,0
1.2339,0.0001916838,18.5085,0,1.2339,-0.0001889983,18.5085,0
1.2348,3.625543E-05,18.522,0,1.2348,-9.365987E-05,18.522,0
1.2357,-7.318227E-05,18.5355,0,1.2357,-0.0001668421,18.5355,0
1.2366,6.54612E-05,18.549,0,1.2366,-0.0003038071,18.549,0
1.2375,3.860533E-05,18.5625,0,1.2375,-0.0001802701,18.5625,0
1.2384,-0.0001393149,18.576,0,1.2384,-0.0001789273,18.576,0
1.2393,-0.000102388,18.5895,0,1.2393,-0.0003074998,18.5895,0
1.2402,-2.24918E-05,18.603,0,1.2402,-0.0002185397,18.603,0
1.2411,-0.0001322652,18.6165,0,1.2411,-0.0001245441,18.6165,0
1.242,-0.0001097734,18.63,0,1.242,-0.000161471,18.63,0
1.2429,-0.0001064164,18.6435,0,1.2429,-0.0001658351,18.6435,0
1.2438,-5.740444E-05,18.657,0,1.2438,-0.0002302892,18.657,0
1.2447,-1.779202E-05,18.6705,0,1.2447,-9.164568E-05,18.6705,0
1.2456,-0.0001393149,18.684,0,1.2456,-5.471885E-05,18.684,0
1.2465,-0.0001440146,18.6975,0,1.2465,-0.0001218585,18.6975,0
1.2474,-0.0002504311,18.711,0,1.2474,-0.0001121233,18.711,0
1.2483,-0.0003984741,18.7245,0,1.2483,-2.450599E-05,18.7245,0
1.2492,-0.0002165255,18.738,0,1.2492,-4.53193E-05,18.738,0
1.2501,7.687495E-05,18.7515,0,1.2501,-0.0001443503,18.7515,0
1.251,0.0002312963,18.765,0,1.251,3.390555E-05,18.765,0
1.2519,0.0005314107,18.7785,0,1.2519,6.6804E-05,18.7785,0
1.2528,0.0005320821,18.792,0,1.2528,-7.653925E-05,18.792,0
1.2537,0.0003534905,18.8055,0,1.2537,-6.277562E-05,18.8055,0
1.2546,0.0003202563,18.819,0,1.2546,1.712062E-05,18.819,0
1.2555,0.0001661708,18.8325,0,1.2555,8.392462E-06,18.8325,0
1.2564,-6.076142E-05,18.846,0,1.2564,-1.577783E-05,18.846,0
1.2573,-0.0001467002,18.8595,0,1.2573,-4.733349E-05,18.8595,0
1.2582,-0.0002098116,18.873,0,1.2582,6.411841E-05,18.873,0
1.2591,-0.0003534905,18.8865,0,1.2591,1.779202E-05,18.8865,0
1.26,-0.0003028,18.9,0,1.26,-0.0001453574,18.9,0
1.2609,5.941863E-05,18.9135,0,1.2609,-8.459602E-05,18.9135,0
1.2618,7.217517E-05,18.927,0,1.2618,0.0001806058,18.927,0
1.2627,6.411841E-05,18.9405,0,1.2627,6.411841E-05,18.9405,0
1.2636,0.0001977264,18.954,0,1.2636,-0.0001020523,18.954,0
1.2645,-5.001907E-05,18.9675,0,1.2645,5.069047E-05,18.9675,0
1.2654,-0.0001994049,18.981,0,1.2654,8.627451E-05,18.981,0
1.2663,-7.083238E-05,18.9945,0,1.2663,-4.934768E-05,18.9945,0
1.2672,-0.0001406577,19.008,0,1.2672,-5.941863E-05,19.008,0
1.2681,-0.0002608377,19.0215,0,1.2681,6.411841E-05,19.0215,0
1.269,-0.0001779202,19.035,0,1.269,-1.443504E-05,19.035,0
1.2699,-0.0001262226,19.0485,0,1.2699,-0.0001225299,19.0485,0
1.2708,-0.0001295796,19.062,0,1.2708,-2.1149E-05,19.062,0
1.2717,-0.0001040665,19.0755,0,1.2717,9.500267E-05,19.0755,0
1.2726,-0.0001863127,19.089,0,1.2726,-1.779202E-05,19.089,0
1.2735,-0.0001926909,19.1025,0,1.2735,-0.0001094377,19.1025,0
1.2744,-8.661021E-05,19.116,0,1.2744,-0.000102388,19.116,0
1.2753,-0.0001077592,19.1295,0,1.2753,-6.210422E-05,19.1295,0
1.2762,-0.0001097734,19.143,0,1.2762,-0.0002138399,19.143,0
1.2771,1.040665E-05,19.1565,0,1.2771,-0.0003001145,19.1565,0
1.278,-3.457694E-05,19.17,0,1.278,-4.599069E-05,19.17,0
1.2789,0.0001272297,19.1835,0,1.2789,0.0001326009,19.1835,0
1.2798,0.0003017929,19.197,0,1.2798,0.0002756084,19.197,0
1.2807,0.0001524071,19.2105,0,1.2807,0.0002678874,19.2105,0
1.2816,4.800488E-05,19.224,0,1.2816,0.0001138018,19.224,0
1.2825,3.692683E-06,19.2375,0,1.2825,-3.256275E-05,19.2375,0
1.2834,-1.342794E-06,19.251,0,1.2834,-9.735256E-05,19.251,0
1.2843,8.996719E-05,19.2645,0,1.2843,-0.000197055,19.2645,0
1.2852,6.176852E-05,19.278,0,1.2852,0.0001117876,19.278,0
1.2861,-5.606165E-05,19.2915,0,1.2861,6.143282E-05,19.2915,0
1.287,-2.685588E-06,19.305,0,1.287,6.076142E-05,19.305,0
1.2879,3.323415E-05,19.3185,0,1.2879,0.0002682231,19.3185,0
1.2888,-4.46479E-05,19.332,0,1.2888,0.00051664,19.332,0
1.2897,5.606165E-05,19.3455,0,1.2897,0.0003192493,19.3455,0
1.2906,4.699779E-05,19.359,0,1.2906,4.867628E-05,19.359,0
1.2915,-5.136187E-05,19.3725,0,1.2915,3.659113E-05,19.3725,0
1.2924,-0.0001205158,19.386,0,1.2924,-3.256275E-05,19.386,0
1.2933,8.728161E-06,19.3995,0,1.2933,-0.0001379721,19.3995,0
1.2942,7.217517E-05,19.413,0,1.2942,-4.599069E-05,19.413,0
1.2951,-7.351797E-05,19.4265,0,1.2951,5.337606E-05,19.4265,0
1.296,-6.042573E-06,19.44,0,1.296,-1.611353E-05,19.44,0
1.2969,-1.947051E-05,19.4535,0,1.2969,6.344701E-05,19.4535,0
1.2978,6.814679E-05,19.467,0,1.2978,8.426032E-05,19.467,0
1.2987,0.0001544213,19.4805,0,1.2987,5.035477E-05,19.4805,0
1.2996,7.049668E-06,19.494,0,1.2996,8.96315E-05,19.494,0
1.3005,4.46479E-05,19.5075,0,1.3005,0.0001389792,19.5075,0
1.3014,0.0001077592,19.521,0,1.3014,-0.0002450599,19.521,0
1.3023,-9.332418E-05,19.5345,0,1.3023,-0.000197055,19.5345,0
1.3032,-4.33051E-05,19.548,0,1.3032,-0.0001554284,19.548,0
1.3041,0.0001426719,19.5615,0,1.3041,-0.0002259251,19.5615,0
1.305,-2.383459E-05,19.575,0,1.305,-8.258183E-05,19.575,0
1.3059,-0.0001017166,19.5885,0,1.3059,-9.835965E-05,19.5885,0
1.3068,-3.356985E-07,19.602,0,1.3068,-0.0002198825,19.602,0
1.3077,-2.752728E-05,19.6155,0,1.3077,-0.0001148089,19.6155,0
1.3086,-0.0001594568,19.629,0,1.3086,-5.001907E-05,19.629,0
1.3095,-0.0001473716,19.6425,0,1.3095,-0.0001554284,19.6425,0
1.3104,2.349889E-05,19.656,0,1.3104,-0.000190341,19.656,0
1.3113,0.0002682231,19.6695,0,1.3113,-0.0001416648,19.6695,0
1.3122,0.0002762798,19.683,0,1.3122,4.196231E-05,19.683,0
1.3131,-5.941863E-05,19.6965,0,1.3131,-7.586786E-05,19.6965,0
1.314,-0.0001383078,19.71,0,1.314,-0.0001822843,19.71,0
1.3149,7.418937E-05,19.7235,0,1.3149,-9.164568E-05,19.7235,0
1.3158,0.0001473716,19.737,0,1.3158,4.800488E-05,19.737,0
1.3167,0.0002722515,19.7505,0,1.3167,2.954147E-05,19.7505,0
1.3176,0.0001913481,19.764,0,1.3176,-3.860533E-05,19.764,0
1.3185,2.24918E-05,19.7775,0,1.3185,2.987716E-05,19.7775,0
1.3194,0.0001299153,19.791,0,1.3194,6.57969E-05,19.791,0
1.3203,0.0001631495,19.8045,0,1.3203,7.385367E-06,19.8045,0
1.3212,-6.311131E-05,19.818,0,1.3212,7.049668E-05,19.818,0
1.3221,-0.0001564355,19.8315,0,1.3221,-4.29694E-05,19.8315,0
1.323,-0.0002057832,19.845,0,1.323,-0.0001517357,19.845,0
1.3239,-0.0001554284,19.8585,0,1.3239,-0.0001782559,19.8585,0
1.3248,4.33051E-05,19.872,0,1.3248,-0.0001591211,19.872,0
1.3257,-4.129091E-05,19.8855,0,1.3257,-2.987716E-05,19.8855,0
1.3266,6.210422E-05,19.899,0,1.3266,-3.088426E-05,19.899,0
1.3275,7.620356E-05,19.9125,0,1.3275,-0.000102388,19.9125,0
1.3284,3.021286E-06,19.926,0,1.3284,-0.0001030594,19.926,0
1.3293,-0.0001728847,19.9395,0,1.3293,-2.1149E-05,19.9395,0
1.3302,-0.0001037308,19.953,0,1.3302,-8.627451E-05,19.953,0
1.3311,0.0001379721,19.9665,0,1.3311,-0.0001205158,19.9665,0
1.332,-1.376364E-05,19.98,0,1.332,0.000189334,19.98,0
1.3329,-0.0001171588,19.9935,0,1.3329,0.0003434196,19.9935,0
1.3338,-1.745632E-05,20.007,0,1.3338,0.0001795987,20.007,0
1.3347,1.544213E-05,20.0205,0,1.3347,0.0001161517,20.0205,0
1.3356,-0.0002124971,20.034,0,1.3356,0.0001030594,20.034,0
1.3365,-8.392462E-05,20.0475,0,1.3365,-5.069047E-05,20.0475,0
1.3374,-6.210422E-05,20.061,0,1.3374,-4.699779E-05,20.061,0
1.3383,-0.0001027237,20.0745,0,1.3383,-0.0002098116,20.0745,0
1.3392,6.411841E-05,20.088,0,1.3392,-0.0003833677,20.088,0
1.3401,-8.426032E-05,20.1015,0,1.3401,-0.0002017548,20.1015,0
1.341,-0.0001514,20.115,0,1.341,-0.0002051118,20.115,0
1.3419,-9.433127E-05,20.1285,0,1.3419,-0.0001030594,20.1285,0
1.3428,-0.0001668421,20.142,0,1.3428,8.224613E-05,20.142,0
1.3437,-0.0001816129,20.1555,0,1.3437,6.378271E-06,20.1555,0
1.3446,6.61326E-05,20.169,0,1.3446,0,20.169,0
1.3455,7.116808E-05,20.1825,0,1.3455,0.0002625162,20.1825,0
1.3464,5.606165E-05,20.196,0,1.3464,0.0002803082,20.196,0
1.3473,0.0002212253,20.2095,0,1.3473,8.157473E-05,20.2095,0
1.3482,0.0001873197,20.223,0,1.3482,3.524834E-05,20.223,0
1.3491,5.203327E-05,20.2365,0,1.3491,0.000197055,20.2365,0
1.35,9.634547E-05,20.25,0,1.35,0.0001426719,20.25,0
1.3509,8.69459E-05,20.2635,0,1.3509,-5.270466E-05,20.2635,0
1.3518,2.920577E-05,20.277,0,1.3518,-0.0001467002,20.277,0
1.3527,2.349889E-05,20.2905,0,1.3527,-3.994812E-05,20.2905,0
1.3536,-0.0001258869,20.304,0,1.3536,8.96315E-05,20.304,0
1.3545,1.409934E-05,20.3175,0,1.3545,3.189136E-05,20.3175,0
1.3554,5.270466E-05,20.331,0,1.3554,-8.996719E-05,20.331,0
1.3563,-0.0001104448,20.3445,0,1.3563,-5.606165E-05,20.3445,0
1.3572,-6.378271E-05,20.358,0,1.3572,-0.0001399863,20.358,0
1.3581,0.000102388,20.3715,0,1.3581,-3.625543E-05,20.3715,0
1.359,1.040665E-05,20.385,0,1.359,0.0002306248,20.385,0
1.3599,9.332418E-05,20.3985,0,1.3599,0.0001712062,20.3985,0
1.3608,8.661021E-05,20.412,0,1.3608,-2.987716E-05,20.412,0
1.3617,-4.33051E-05,20.4255,0,1.3617,-2.047761E-05,20.4255,0
1.3626,-2.853437E-05,20.439,0,1.3626,-1.846342E-05,20.439,0
1.3635,-6.277562E-05,20.4525,0,1.3635,-0.0002353246,20.4525,0
1.3644,-7.049668E-06,20.466,0,1.3644,-0.0001789273,20.466,0
1.3653,9.835965E-05,20.4795,0,1.3653,-0.0001221943,20.4795,0
1.3662,3.390555E-05,20.493,0,1.3662,1.678492E-06,20.493,0
1.3671,-9.634547E-05,20.5065,0,1.3671,1.409934E-05,20.5065,0
1.368,1.510643E-05,20.52,0,1.368,-0.0001171588,20.52,0
1.3689,0.0001030594,20.5335,0,1.3689,-5.505455E-05,20.5335,0
1.3698,-0.0001144732,20.547,0,1.3698,2.853437E-05,20.547,0
1.3707,-7.049668E-05,20.5605,0,1.3707,-6.61326E-05,20.5605,0
1.3716,9.365987E-05,20.574,0,1.3716,-0.0001560998,20.574,0
1.3725,-3.256275E-05,20.5875,0,1.3725,-1.913481E-05,20.5875,0
1.3734,0.000109102,20.601,0,1.3734,8.72816E-05,20.601,0
1.3743,0.000158114,20.6145,0,1.3743,1.309224E-05,20.6145,0
1.3752,-6.478981E-05,20.628,0,1.3752,-0.0001040665,20.628,0
1.3761,-0.0001225299,20.6415,0,1.3761,-1.007095E-06,20.6415,0
1.377,-5.001907E-05,20.655,0,1.377,0.0001373007,20.655,0
1.3779,-8.224613E-05,20.6685,0,1.3779,0.0001930266,20.6685,0
1.3788,-0.0001433432,20.682,0,1.3788,-1.007095E-06,20.682,0
1.3797,-6.344701E-05,20.6955,0,1.3797,0.000148043,20.6955,0
1.3806,4.53193E-05,20.709,0,1.3806,0.0002487526,20.709,0
1.3815,-3.927672E-05,20.7225,0,1.3815,3.591974E-05,20.7225,0
1.3824,0.0001000381,20.736,0,1.3824,-0.0001131304,20.736,0
1.3833,9.634547E-05,20.7495,0,1.3833,-5.169757E-05,20.7495,0
1.3842,9.735256E-06,20.763,0,1.3842,-3.625543E-05,20.763,0
1.3851,5.740444E-05,20.7765,0,1.3851,-9.030289E-05,20.7765,0
1.386,-9.063859E-05,20.79,0,1.386,0,20.79,0
1.3869,-0.0001977264,20.8035,0,1.3869,-2.987716E-05,20.8035,0
1.3878,-8.023193E-05,20.817,0,1.3878,-0.0001601282,20.817,0
1.3887,-0.0001775845,20.8305,0,1.3887,-0.0001560998,20.8305,0
1.3896,-0.0001467002,20.844,0,1.3896,-0.0001406577,20.844,0
1.3905,-7.855344E-05,20.8575,0,1.3905,-0.0001591211,20.8575,0
1.3914,4.934768E-05,20.871,0,1.3914,-9.164568E-05,20.871,0
1.3923,0.000140322,20.8845,0,1.3923,-0.0001520714,20.8845,0
1.3932,1.040665E-05,20.898,0,1.3932,-8.258183E-05,20.898,0
1.3941,6.814679E-05,20.9115,0,1.3941,1.309224E-05,20.9115,0
1.395,8.89601E-05,20.925,0,1.395,8.728161E-06,20.925,0
1.3959,-0.0001258869,20.9385,0,1.3959,-2.517739E-05,20.9385,0
1.3968,-0.0003155566,20.952,0,1.3968,3.826963E-05,20.952,0
1.3977,-0.0002655375,20.9655,0,1.3977,5.774014E-05,20.9655,0
1.3986,-0.0001963836,20.979,0,1.3986,-1.980621E-05,20.979,0
1.3995,-0.0001208515,20.9925,0,1.3995,4.599069E-05,20.9925,0
1.4004,0.0003219348,21.006,0,1.4004,4.39765E-05,21.006,0
1.4013,0.0005018692,21.0195,0,1.4013,-5.572595E-05,21.0195,0
1.4022,0.0001748989,21.033,0,1.4022,-2.1149E-05,21.033,0
1.4031,-4.867628E-05,21.0465,0,1.4031,-3.994812E-05,21.0465,0
1.404,-7.284657E-05,21.06,0,1.404,-1.846342E-05,21.06,0
1.4049,-8.090334E-05,21.0735,0,1.4049,5.001907E-05,21.0735,0
1.4058,3.088426E-05,21.087,0,1.4058,-1.309224E-05,21.087,0
1.4067,5.236896E-05,21.1005,0,1.4067,6.6804E-05,21.1005,0
1.4076,-0.0001517357,21.114,0,1.4076,-1.913481E-05,21.114,0
1.4085,-0.0001436789,21.1275,0,1.4085,-6.948959E-05,21.1275,0
1.4094,-7.721065E-05,21.141,0,1.4094,-5.807584E-05,21.141,0
1.4103,-0.0002000763,21.1545,0,1.4103,4.39765E-05,21.1545,0
1.4112,-0.0002302892,21.168,0,1.4112,-0.0001067521,21.168,0
1.4121,-5.001907E-05,21.1815,0,1.4121,-0.0001863127,21.1815,0
1.413,-0.0001097734,21.195,0,1.413,-3.356985E-06,21.195,0
1.4139,-2.081331E-05,21.2085,0,1.4139,1.577783E-05,21.2085,0
1.4148,9.634547E-05,21.222,0,1.4148,-7.016098E-05,21.222,0
1.4157,8.123904E-05,21.2355,0,1.4157,-3.927672E-05,21.2355,0
1.4166,5.706874E-06,21.249,0,1.4166,1.980621E-05,21.249,0
1.4175,8.86244E-05,21.2625,0,1.4175,3.356985E-07,21.2625,0
1.4184,8.96315E-05,21.276,0,1.4184,-2.28275E-05,21.276,0
1.4193,0.0002171969,21.2895,0,1.4193,-8.023193E-05,21.2895,0
1.4202,0.000224918,21.303,0,1.4202,2.719158E-05,21.303,0
1.4211,1.007095E-05,21.3165,0,1.4211,3.390555E-05,21.3165,0
1.422,3.189136E-05,21.33,0,1.422,-1.913481E-05,21.33,0
1.4229,0.0001050736,21.3435,0,1.4229,-5.673304E-05,21.3435,0
1.4238,-3.793393E-05,21.357,0,1.4238,-2.24918E-05,21.357,0
1.4247,-4.129091E-05,21.3705,0,1.4247,-4.666209E-05,21.3705,0
1.4256,-1.443504E-05,21.384,0,1.4256,-0.0002131685,21.384,0
1.4265,-0.0001067521,21.3975,0,1.4265,-0.0001131304,21.3975,0
1.4274,-0.000161471,21.411,0,1.4274,-9.332418E-05,21.411,0
1.4283,-5.337606E-05,21.4245,0,1.4283,-0.000186984,21.4245,0
1.4292,-6.243992E-05,21.438,0,1.4292,-1.242084E-05,21.438,0
1.4301,-7.821774E-05,21.4515,0,1.4301,6.57969E-05,21.4515,0
1.431,-8.728161E-06,21.465,0,1.431,8.69459E-05,21.465,0
1.4319,3.591974E-05,21.4785,0,1.4319,0.0001574426,21.4785,0
1.4328,2.652018E-05,21.492,0,1.4328,5.337606E-05,21.492,0
1.4337,-2.887007E-05,21.5055,0,1.4337,0.0001510643,21.5055,0
1.4346,7.620356E-05,21.519,0,1.4346,6.411841E-05,21.519,0
1.4355,0.0001688563,21.5325,0,1.4355,-5.539025E-05,21.5325,0
1.4364,7.418937E-05,21.546,0,1.4364,-2.853437E-05,21.546,0
1.4373,-5.706874E-06,21.5595,0,1.4373,4.43122E-05,21.5595,0
1.4382,8.82887E-05,21.573,0,1.4382,-1.712062E-05,21.573,0
1.4391,0.0001067521,21.5865,0,1.4391,-9.634547E-05,21.5865,0
1.44,1.007095E-06,21.6,0,1.44,7.418937E-05,21.6,0
1.4409,-1.007095E-05,21.6135,0,1.4409,0.0001037308,21.6135,0
1.4418,1.309224E-05,21.627,0,1.4418,-8.392462E-05,21.627,0
1.4427,-0.0001574426,21.6405,0,1.4427,-5.941863E-05,21.6405,0
1.4436,-0.0001540856,21.654,0,1.4436,-0.0001044022,21.654,0
1.4445,-0.0001238727,21.6675,0,1.4445,-0.0001856413,21.6675,0
1.4454,-7.486076E-05,21.681,0,1.4454,-0.0001889983,21.681,0
1.4463,7.016098E-05,21.6945,0,1.4463,-0.0001822843,21.6945,0
1.4472,0.0002020905,21.708,0,1.4472,0.0001148089,21.708,0
1.4481,-4.733349E-05,21.7215,0,1.4481,0.0002615091,21.7215,0
1.449,-0.000109102,21.735,0,1.449,-0.0001077592,21.735,0
1.4499,5.069047E-05,21.7485,0,1.4499,-0.0002302892,21.7485,0
1.4508,-5.001907E-05,21.762,0,1.4508,-0.0001104448,21.762,0
1.4517,-7.821774E-05,21.7755,0,1.4517,-1.376364E-05,21.7755,0
1.4526,7.049668E-05,21.789,0,1.4526,-0.0001010452,21.789,0
1.4535,-4.33051E-05,21.8025,0,1.4535,4.263371E-05,21.8025,0
1.4544,1.577783E-05,21.816,0,1.4544,0.0001715419,21.816,0
1.4553,0.000175906,21.8295,0,1.4553,0.0003041428,21.8295,0
1.4562,0.0001352865,21.843,0,1.4562,0.0004065309,21.843,0
1.4571,-5.505455E-05,21.8565,0,1.4571,0.0003266346,21.8565,0
1.458,-2.887007E-05,21.87,0,1.458,0.0001319295,21.87,0
1.4589,3.692683E-06,21.8835,0,1.4589,4.666209E-05,21.8835,0
1.4598,1.007095E-05,21.897,0,1.4598,-1.980621E-05,21.897,0
1.4607,-6.6804E-05,21.9105,0,1.4607,6.948959E-05,21.9105,0
1.4616,-0.0001389792,21.924,0,1.4616,3.961242E-05,21.924,0
1.4625,-0.0001681849,21.9375,0,1.4625,-2.21561E-05,21.9375,0
1.4634,-2.719158E-05,21.951,0,1.4634,-5.438316E-05,21.951,0
1.4643,-3.692683E-05,21.9645,0,1.4643,-0.0001017166,21.9645,0
1.4652,-6.881819E-05,21.978,0,1.4652,-0.0002490883,21.978,0
1.4661,0.0001822843,21.9915,0,1.4661,-0.0002336461,21.9915,0
1.467,0.0001607996,22.005,0,1.467,-3.021286E-06,22.005,0
1.4679,6.143282E-05,22.0185,0,1.4679,-4.129091E-05,22.0185,0
1.4688,-4.800488E-05,22.032,0,1.4688,-0.0001393149,22.032,0
1.4697,-0.0001873197,22.0455,0,1.4697,5.371176E-06,22.0455,0
1.4706,-0.0002890364,22.059,0,1.4706,7.418937E-05,22.059,0
1.4715,-0.000203769,22.0725,0,1.4715,-0.0001379721,22.0725,0
1.4724,-9.970245E-05,22.086,0,1.4724,-0.0001433432,22.086,0
1.4733,0.000235996,22.0995,0,1.4733,-0.000136965,22.0995,0
1.4742,0.0002682231,22.113,0,1.4742,-6.277562E-05,22.113,0
1.4751,0.0001856413,22.1265,0,1.4751,-3.356985E-07,22.1265,0
1.476,0.0001218585,22.14,0,1.476,-6.64683E-05,22.14,0
1.4769,7.083238E-05,22.1535,0,1.4769,-7.553216E-05,22.1535,0
1.4778,-9.835965E-05,22.167,0,1.4778,-2.450599E-05,22.167,0
1.4787,-0.000109102,22.1805,0,1.4787,-0.0001185016,22.1805,0
1.4796,-3.927672E-05,22.194,0,1.4796,-0.0002628519,22.194,0
1.4805,-0.0001393149,22.2075,0,1.4805,-6.277562E-05,22.2075,0
1.4814,-0.000119173,22.221,0,1.4814,2.920577E-05,22.221,0
1.4823,-0.0001571069,22.2345,0,1.4823,-3.524834E-05,22.2345,0
1.4832,-0.0002044404,22.248,0,1.4832,1.376364E-05,22.248,0
1.4841,-0.0002111543,22.2615,0,1.4841,0.0001520714,22.2615,0
1.485,-6.042573E-05,22.275,0,1.485,0.0001144732,22.275,0
1.4859,-4.36408E-06,22.2885,0,1.4859,-8.325322E-05,22.2885,0
1.4868,0.0002098116,22.302,0,1.4868,-0.0001054093,22.302,0
1.4877,0.0001953765,22.3155,0,1.4877,-1.779202E-05,22.3155,0
1.4886,-5.740444E-05,22.329,0,1.4886,3.088426E-05,22.329,0
1.4895,-6.64683E-05,22.3425,0,1.4895,-7.989624E-05,22.3425,0
1.4904,-5.706874E-06,22.356,0,1.4904,-0.000169192,22.356,0
1.4913,-0.0002101472,22.3695,0,1.4913,1.644922E-05,22.3695,0
1.4922,-0.0001829557,22.383,0,1.4922,-1.812772E-05,22.383,0
1.4931,9.735256E-06,22.3965,0,1.4931,-8.86244E-05,22.3965,0
1.494,-8.761731E-05,22.41,0,1.494,7.284657E-05,22.41,0
1.4949,6.277562E-05,22.4235,0,1.4949,6.344701E-05,22.4235,0
1.4958,0.0002897078,22.437,0,1.4958,-3.256275E-05,22.437,0
1.4967,0.0003299916,22.4505,0,1.4967,7.721065E-06,22.4505,0
1.4976,-3.021286E-06,22.464,0,1.4976,5.169757E-05,22.464,0
1.4985,1.846342E-05,22.4775,0,1.4985,-0.0001292439,22.4775,0
1.4994,0.0001420005,22.491,0,1.4994,-0.0001436789,22.491,0
1.5003,0.000144686,22.5045,0,1.5003,-0.0001816129,22.5045,0
1.5012,0.0001070878,22.518,0,1.5012,-6.814679E-05,22.518,0
1.5021,3.726253E-05,22.5315,0,1.5021,-1.443504E-05,22.5315,0
1.503,8.392462E-06,22.545,0,1.503,-3.793393E-05,22.545,0
1.5039,5.169757E-05,22.5585,0,1.5039,4.53193E-05,22.5585,0
1.5048,-3.189136E-05,22.572,0,1.5048,0.000203769,22.572,0
1.5057,-3.793393E-05,22.5855,0,1.5057,0.0001097734,22.5855,0
1.5066,0.0001117876,22.599,0,1.5066,-3.793393E-05,22.599,0
1.5075,-9.063859E-06,22.6125,0,1.5075,6.109713E-05,22.6125,0
1.5084,-8.392462E-06,22.626,0,1.5084,9.365987E-05,22.626,0
1.5093,-2.24918E-05,22.6395,0,1.5093,-5.606165E-05,22.6395,0
1.5102,-3.591974E-05,22.653,0,1.5102,-0.0001205158,22.653,0
1.5111,-8.090334E-05,22.6665,0,1.5111,-5.304036E-05,22.6665,0
1.512,-7.754635E-05,22.68,0,1.512,-0.0001020523,22.68,0
1.5129,-2.014191E-05,22.6935,0,1.5129,-3.591974E-05,22.6935,0
1.5138,5.471885E-05,22.707,0,1.5138,-5.572595E-05,22.707,0
1.5147,6.713969E-07,22.7205,0,1.5147,0.0002823224,22.7205,0
1.5156,-8.090334E-05,22.734,0,1.5156,0.0003004501,22.734,0
1.5165,-1.107805E-05,22.7475,0,1.5165,0.0001104448,22.7475,0
1.5174,-3.927672E-05,22.761,0,1.5174,-3.021286E-06,22.761,0
1.5183,-9.030289E-05,22.7745,0,1.5183,-5.371176E-06,22.7745,0
1.5192,-5.807584E-05,22.788,0,1.5192,-0.0001131304,22.788,0
1.5201,0.0001258869,22.8015,0,1.5201,-0.0002420386,22.8015,0
1.521,-1.644922E-05,22.815,0,1.521,-1.812772E-05,22.815,0
1.5219,-4.934768E-05,22.8285,0,1.5219,9.500267E-05,22.8285,0
1.5228,9.600977E-05,22.842,0,1.5228,2.853437E-05,22.842,0
1.5237,5.471885E-05,22.8555,0,1.5237,5.337606E-05,22.8555,0
1.5246,-5.941863E-05,22.869,0,1.5246,6.109713E-05,22.869,0
1.5255,-2.047761E-05,22.8825,0,1.5255,3.323415E-05,22.8825,0
1.5264,-0.0001097734,22.896,0,1.5264,5.035477E-05,22.896,0
1.5273,-1.477073E-05,22.9095,0,1.5273,-7.452507E-05,22.9095,0
1.5282,-6.713969E-07,22.923,0,1.5282,-6.57969E-05,22.923,0
1.5291,-0.0001433432,22.9365,0,1.5291,-8.056764E-05,22.9365,0
1.53,-3.356985E-05,22.95,0,1.53,-0.0001144732,22.95,0
1.5309,0.000119173,22.9635,0,1.5309,-0.000186984,22.9635,0
1.5318,-2.987716E-05,22.977,0,1.5318,1.174945E-05,22.977,0
1.5327,-3.121996E-05,22.9905,0,1.5327,0.0001393149,22.9905,0
1.5336,0.0001050736,23.004,0,1.5336,-1.644922E-05,23.004,0
1.5345,-3.524834E-05,23.0175,0,1.5345,6.6804E-05,23.0175,0
1.5354,-0.0002252537,23.031,0,1.5354,6.076142E-05,23.031,0
1.5363,-0.0001272297,23.0445,0,1.5363,-3.356985E-05,23.0445,0
1.5372,-2.987716E-05,23.058,0,1.5372,0.0001040665,23.058,0
1.5381,-0.0001772488,23.0715,0,1.5381,0.0001393149,23.0715,0
1.539,-0.0001326009,23.085,0,1.539,2.383459E-05,23.085,0
1.5399,-6.6804E-05,23.0985,0,1.5399,-0.0001537499,23.0985,0
1.5408,8.795301E-05,23.112,0,1.5408,-0.0001896696,23.112,0
1.5417,0.0001379721,23.1255,0,1.5417,-4.46479E-05,23.1255,0
1.5426,-2.349889E-06,23.139,0,1.5426,-0.0002192111,23.139,0
1.5435,1.577783E-05,23.1525,0,1.5435,-0.0002145113,23.1525,0
1.5444,9.164568E-05,23.166,0,1.5444,-0.000119173,23.166,0
1.5453,-4.095522E-05,23.1795,0,1.5453,-0.0001141375,23.1795,0
1.5462,-3.726253E-05,23.193,0,1.5462,-0.0001443503,23.193,0
1.5471,-1.107805E-05,23.2065,0,1.5471,-0.0001460288,23.2065,0
1.548,-7.956054E-05,23.22,0,1.548,2.987716E-05,23.22,0
1.5489,-4.934768E-05,23.2335,0,1.5489,0.0001208515,23.2335,0
1.5498,-7.284657E-05,23.247,0,1.5498,2.584878E-05,23.247,0
1.5507,1.510643E-05,23.2605,0,1.5507,0.0001265583,23.2605,0
1.5516,-3.826963E-05,23.274,0,1.5516,4.733349E-05,23.274,0
1.5525,-6.6804E-05,23.2875,0,1.5525,-0.0001044022,23.2875,0
1.5534,6.57969E-05,23.301,0,1.5534,-0.0001524071,23.301,0
1.5543,0.0003192493,23.3145,0,1.5543,-0.0001990692,23.3145,0
1.5552,0.0003662471,23.328,0,1.5552,-6.210422E-05,23.328,0
1.5561,0.0001366293,23.3415,0,1.5561,-3.524834E-05,23.3415,0
1.557,0.0001185016,23.355,0,1.557,-5.069047E-05,23.355,0
1.5579,0.000115816,23.3685,0,1.5579,-3.692683E-06,23.3685,0
1.5588,-1.644922E-05,23.382,0,1.5588,0.0001030594,23.382,0
1.5597,9.533837E-05,23.3955,0,1.5597,-1.443504E-05,23.3955,0
1.5606,0.0001876554,23.409,0,1.5606,-0.0001279011,23.409,0
1.5615,-5.740444E-05,23.4225,0,1.5615,4.666209E-05,23.4225,0
1.5624,-0.0001520714,23.436,0,1.5624,6.915389E-05,23.436,0
1.5633,-3.457694E-05,23.4495,0,1.5633,-4.46479E-05,23.4495,0
1.5642,2.652018E-05,23.463,0,1.5642,-2.349889E-06,23.463,0
1.5651,-4.632639E-05,23.4765,0,1.5651,5.874724E-05,23.4765,0
1.566,8.291753E-05,23.49,0,1.566,3.121996E-05,23.49,0
1.5669,-4.934768E-05,23.5035,0,1.5669,-4.800488E-05,23.5035,0
1.5678,-8.493171E-05,23.517,0,1.5678,-0.000140322,23.517,0
1.5687,-6.311131E-05,23.5305,0,1.5687,1.040665E-05,23.5305,0
1.5696,-0.0002403601,23.544,0,1.5696,8.325322E-05,23.544,0
1.5705,-0.0001681849,23.5575,0,1.5705,1.007095E-06,23.5575,0
1.5714,-3.558404E-05,23.571,0,1.5714,4.968337E-05,23.571,0
1.5723,-0.0002474098,23.5845,0,1.5723,0.0001242084,23.5845,0
1.5732,-0.0003226062,23.598,0,1.5732,-1.309224E-05,23.598,0
1.5741,-0.0001967193,23.6115,0,1.5741,-0.000148043,23.6115,0
1.575,-0.0003283131,23.625,0,1.575,-3.860533E-05,23.625,0
1.5759,-0.0002735943,23.6385,0,1.5759,-9.231708E-05,23.6385,0
1.5768,-6.076142E-05,23.652,0,1.5768,-0.0001275654,23.652,0
1.5777,9.298848E-05,23.6655,0,1.5777,-4.632639E-05,23.6655,0
1.5786,0.0001151446,23.679,0,1.5786,-2.819867E-05,23.679,0
1.5795,0.0002709087,23.6925,0,1.5795,-3.256275E-05,23.6925,0
1.5804,0.0001755703,23.706,0,1.5804,-0.0001245441,23.706,0
1.5813,9.298848E-05,23.7195,0,1.5813,-0.0002030976,23.7195,0
1.5822,9.433127E-05,23.733,0,1.5822,-6.109713E-05,23.733,0
1.5831,9.600977E-05,23.7465,0,1.5831,2.383459E-05,23.7465,0
1.584,5.706874E-06,23.76,0,1.584,8.761731E-05,23.76,0
1.5849,8.358892E-05,23.7735,0,1.5849,0.0001161517,23.7735,0
1.5858,1.980621E-05,23.787,0,1.5858,0.0001782559,23.787,0
1.5867,-6.6804E-05,23.8005,0,1.5867,0.0001379721,23.8005,0
1.5876,4.229801E-05,23.814,0,1.5876,3.659113E-05,23.814,0
1.5885,-1.107805E-05,23.8275,0,1.5885,0.0001312581,23.8275,0
1.5894,8.123904E-05,23.841,0,1.5894,7.956054E-05,23.841,0
1.5903,0.0002024262,23.8545,0,1.5903,-4.733349E-05,23.8545,0
1.5912,5.740444E-05,23.868,0,1.5912,-3.860533E-05,23.868,0
1.5921,-1.107805E-05,23.8815,0,1.5921,-1.040665E-05,23.8815,0
1.593,-5.706874E-06,23.895,0,1.593,-0.000102388,23.895,0
1.5939,3.726253E-05,23.9085,0,1.5939,-6.378271E-06,23.9085,0
1.5948,0.0001654994,23.922,0,1.5948,8.426032E-05,23.922,0
1.5957,1.007095E-05,23.9355,0,1.5957,-3.793393E-05,23.9355,0
1.5966,-0.0002420386,23.949,0,1.5966,-7.049668E-06,23.949,0
1.5975,-4.39765E-05,23.9625,0,1.5975,7.083238E-05,23.9625,0
1.5984,3.121996E-05,23.976,0,1.5984,9.768826E-05,23.976,0
1.5993,-0.0002420386,23.9895,0,1.5993,-3.894102E-05,23.9895,0
1.6002,-0.000148043,24.003,0,1.6002,-0.0002370031,24.003,0
1.6011,7.284657E-05,24.0165,0,1.6011,-0.0003199207,24.0165,0
1.602,-8.392462E-06,24.03,0,1.602,-6.814679E-05,24.03,0
1.6029,-1.309224E-05,24.0435,0,1.6029,-3.356985E-06,24.0435,0
1.6038,0.000105745,24.057,0,1.6038,-6.478981E-05,24.057,0
1.6047,-4.36408E-06,24.0705,0,1.6047,3.659113E-05,24.0705,0
1.6056,-0.0001426719,24.084,0,1.6056,0.0001178302,24.084,0
1.6065,-1.007095E-05,24.0975,0,1.6065,6.881819E-05,24.0975,0
1.6074,3.323415E-05,24.111,0,1.6074,3.659113E-05,24.111,0
1.6083,-2.1149E-05,24.1245,0,1.6083,-7.183947E-05,24.1245,0
1.6092,1.879912E-05,24.138,0,1.6092,2.517739E-05,24.138,0
1.6101,-3.457694E-05,24.1515,0,1.6101,3.424125E-05,24.1515,0
1.611,-7.687495E-05,24.165,0,1.611,-3.256275E-05,24.165,0
1.6119,5.304036E-05,24.1785,0,1.6119,-9.097429E-05,24.1785,0
1.6128,-0.0001262226,24.192,0,1.6128,-7.016098E-05,24.192,0
1.6137,-0.0001574426,24.2055,0,1.6137,-0.0001748989,24.2055,0
1.6146,5.941863E-05,24.219,0,1.6146,-0.0003548333,24.219,0
1.6155,-4.46479E-05,24.2325,0,1.6155,-0.0002121614,24.2325,0
1.6164,-8.661021E-05,24.246,0,1.6164,-0.0002131685,24.246,0
1.6173,-6.54612E-05,24.2595,0,1.6173,-0.0001712062,24.2595,0
1.6182,0.0001849699,24.273,0,1.6182,0.0002124971,24.273,0
1.6191,0.0002702373,24.2865,0,1.6191,0.0005045548,24.2865,0
1.62,0.0001319295,24.3,0,1.62,0.0004360723,24.3,0
1.6209,2.853437E-05,24.3135,0,1.6209,0.0001463645,24.3135,0
1.6218,2.450599E-05,24.327,0,1.6218,-5.606165E-05,24.327,0
1.6227,0,24.3405,0,1.6227,2.1149E-05,24.3405,0
1.6236,-3.323415E-05,24.354,0,1.6236,-0.000102388,24.354,0
1.6245,2.551309E-05,24.3675,0,1.6245,-0.0002027619,24.3675,0
1.6254,0.0001080949,24.381,0,1.6254,-0.0001658351,24.381,0
1.6263,7.049668E-06,24.3945,0,1.6263,-0.0001500572,24.3945,0
1.6272,-1.510643E-05,24.408,0,1.6272,-0.0001769131,24.408,0
1.6281,0.0001574426,24.4215,0,1.6281,-8.426032E-05,24.4215,0
1.629,-1.174945E-05,24.435,0,1.629,0.0002709087,24.435,0
1.6299,-1.678492E-05,24.4485,0,1.6299,0.0002245823,24.4485,0
1.6308,-1.477073E-05,24.462,0,1.6308,5.706874E-06,24.462,0
1.6317,7.721065E-06,24.4755,0,1.6317,8.157473E-05,24.4755,0
1.6326,-1.242084E-05,24.489,0,1.6326,0.0001084306,24.489,0
1.6335,-2.450599E-05,24.5025,0,1.6335,1.510643E-05,24.5025,0
1.6344,-0.0001728847,24.516,0,1.6344,-2.853437E-05,24.516,0
1.6353,-0.0002057832,24.5295,0,1.6353,-7.150377E-05,24.5295,0
1.6362,-0.0001560998,24.543,0,1.6362,-2.28275E-05,24.543,0
1.6371,-0.000175906,24.5565,0,1.6371,5.035477E-06,24.5565,0
1.638,-9.164568E-05,24.57,0,1.638,-3.994812E-05,24.57,0
1.6389,0.000158114,24.5835,0,1.6389,-0.0001352865,24.5835,0
1.6398,0.0002558022,24.597,0,1.6398,-2.417029E-05,24.597,0
1.6407,0.0003538262,24.6105,0,1.6407,-0.000144686,24.6105,0
1.6416,0.000418616,24.624,0,1.6416,-0.0002464027,24.624,0
1.6425,9.768826E-05,24.6375,0,1.6425,-3.692683E-06,24.6375,0
1.6434,-8.157473E-05,24.651,0,1.6434,2.316319E-05,24.651,0
1.6443,-1.007095E-05,24.6645,0,1.6443,-0.0001597925,24.6645,0
1.6452,-5.035477E-05,24.678,0,1.6452,-0.0001373007,24.678,0
1.6461,-0.000224918,24.6915,0,1.6461,-3.256275E-05,24.6915,0
1.647,-0.0001299153,24.705,0,1.647,2.1149E-05,24.705,0
1.6479,-3.793393E-05,24.7185,0,1.6479,8.358892E-05,24.7185,0
1.6488,1.007095E-05,24.732,0,1.6488,3.692683E-06,24.732,0
1.6497,-3.256275E-05,24.7455,0,1.6497,5.774014E-05,24.7455,0
1.6506,-5.740444E-05,24.759,0,1.6506,-3.692683E-06,24.759,0
1.6515,-8.258183E-05,24.7725,0,1.6515,-0.0001050736,24.7725,0
1.6524,-8.358892E-05,24.786,0,1.6524,-0.0001352865,24.786,0
1.6533,-0.0001963836,24.7995,0,1.6533,-3.994812E-05,24.7995,0
1.6542,-0.0001829557,24.813,0,1.6542,-6.478981E-05,24.813,0
1.6551,-0.0001386435,24.8265,0,1.6551,-7.150377E-05,24.8265,0
1.656,-0.000164828,24.84,0,1.656,4.901198E-05,24.84,0
1.6569,-0.0001413291,24.8535,0,1.6569,0.0001064164,24.8535,0
1.6578,-1.644922E-05,24.867,0,1.6578,5.035477E-05,24.867,0
1.6587,-0.0001309224,24.8805,0,1.6587,7.754635E-05,24.8805,0
1.6596,-0.0002537881,24.894,0,1.6596,3.390555E-05,24.894,0
1.6605,-0.0001352865,24.9075,0,1.6605,-1.174945E-05,24.9075,0
1.6614,-0.0001305867,24.921,0,1.6614,-8.728161E-06,24.921,0
1.6623,-0.0001050736,24.9345,0,1.6623,-6.848249E-05,24.9345,0
1.6632,8.157473E-05,24.948,0,1.6632,3.457694E-05,24.948,0
1.6641,0.000189334,24.9615,0,1.6641,-9.835965E-05,24.9615,0
1.665,0.0002836652,24.975,0,1.665,-0.0001074235,24.975,0
1.6659,0.0002692302,24.9885,0,1.6659,-1.376364E-05,24.9885,0
1.6668,7.821774E-05,25.002,0,1.6668,0.000144686,25.002,0
1.6677,0.0001534142,25.0155,0,1.6677,1.846342E-05,25.0155,0
1.6686,0.0002034333,25.029,0,1.6686,-0.0001587854,25.029,0
1.6695,-8.392462E-06,25.0425,0,1.6695,-7.486076E-05,25.0425,0
1.6704,-2.1149E-05,25.056,0,1.6704,-7.318227E-05,25.056,0
1.6713,6.378271E-05,25.0695,0,1.6713,-0.0001252155,25.0695,0
1.6722,-4.36408E-06,25.083,0,1.6722,2.517739E-05,25.083,0
1.6731,-8.224613E-05,25.0965,0,1.6731,0.0002195468,25.0965,0
1.674,2.920577E-05,25.11,0,1.674,0.000169192,25.11,0
1.6749,-5.606165E-05,25.1235,0,1.6749,2.18204E-05,25.1235,0
1.6758,-9.735256E-06,25.137,0,1.6758,6.713969E-07,25.137,0
1.6767,3.323415E-05,25.1505,0,1.6767,4.800488E-05,25.1505,0
1.6776,-0.0001225299,25.164,0,1.6776,9.735256E-06,25.164,0
1.6785,-7.016098E-05,25.1775,0,1.6785,0.0001174945,25.1775,0
1.6794,2.719158E-05,25.191,0,1.6794,-3.524834E-05,25.191,0
1.6803,-4.129091E-05,25.2045,0,1.6803,6.713969E-07,25.2045,0
1.6812,-8.090334E-05,25.218,0,1.6812,-0.0001453574,25.218,0
1.6821,0.0001299153,25.2315,0,1.6821,-0.0002806439,25.2315,0
1.683,1.544213E-05,25.245,0,1.683,-2.987716E-05,25.245,0
1.6839,-1.846342E-05,25.2585,0,1.6839,3.927672E-05,25.2585,0
1.6848,5.337606E-05,25.272,0,1.6848,-1.712062E-05,25.272,0
1.6857,-2.652018E-05,25.2855,0,1.6857,7.721065E-06,25.2855,0
1.6866,-0.0001641566,25.299,0,1.6866,4.39765E-05,25.299,0
1.6875,-8.96315E-05,25.3125,0,1.6875,3.390555E-05,25.3125,0
1.6884,-6.54612E-05,25.326,0,1.6884,6.713969E-06,25.326,0
1.6893,-6.277562E-05,25.3395,0,1.6893,-2.584878E-05,25.3395,0
1.6902,-4.028382E-05,25.353,0,1.6902,7.351797E-05,25.353,0
1.6911,5.203327E-05,25.3665,0,1.6911,-1.409934E-05,25.3665,0
1.692,8.69459E-05,25.38,0,1.692,-7.922484E-05,25.38,0
1.6929,0.0001352865,25.3935,0,1.6929,-7.620356E-05,25.3935,0
1.6938,9.298848E-05,25.407,0,1.6938,-1.779202E-05,25.407,0
1.6947,-1.678492E-06,25.4205,0,1.6947,-6.378271E-05,25.4205,0
1.6956,9.768826E-05,25.434,0,1.6956,-0.0001963836,25.434,0
1.6965,3.021286E-06,25.4475,0,1.6965,-4.33051E-05,25.4475,0
1.6974,-6.344701E-05,25.461,0,1.6974,1.913481E-05,25.461,0
1.6983,-5.069047E-05,25.4745,0,1.6983,-0.0001131304,25.4745,0
1.6992,-5.740444E-05,25.488,0,1.6992,-0.0001037308,25.488,0
1.7001,-0.0001084306,25.5015,0,1.7001,7.452507E-05,25.5015,0
1.701,-6.54612E-05,25.515,0,1.701,0.0001084306,25.515,0
1.7019,4.699779E-06,25.5285,0,1.7019,8.023193E-05,25.5285,0
1.7028,0.0001305867,25.542,0,1.7028,-1.611353E-05,25.542,0
1.7037,5.337606E-05,25.5555,0,1.7037,2.450599E-05,25.5555,0
1.7046,4.867628E-05,25.569,0,1.7046,-4.43122E-05,25.569,0
1.7055,0.0001067521,25.5825,0,1.7055,-0.0001701991,25.5825,0
1.7064,6.344701E-05,25.596,0,1.7064,-0.0001785916,25.596,0
1.7073,-7.452507E-05,25.6095,0,1.7073,-1.309224E-05,25.6095,0
1.7082,4.867628E-05,25.623,0,1.7082,-4.196231E-05,25.623,0
1.7091,0.0001802701,25.6365,0,1.7091,-0.0001111162,25.6365,0
1.71,-8.69459E-05,25.65,0,1.71,7.385367E-06,25.65,0
1.7109,-0.0001775845,25.6635,0,1.7109,-7.721065E-06,25.6635,0
1.7118,-2.316319E-05,25.677,0,1.7118,-0.0001003738,25.677,0
1.7127,-7.956054E-05,25.6905,0,1.7127,-7.989624E-05,25.6905,0
1.7136,-0.0001957122,25.704,0,1.7136,-5.841154E-05,25.704,0
1.7145,-7.855344E-05,25.7175,0,1.7145,-8.459602E-05,25.7175,0
1.7154,-4.934768E-05,25.731,0,1.7154,-7.385367E-05,25.731,0
1.7163,3.860533E-05,25.7445,0,1.7163,-6.61326E-05,25.7445,0
1.7172,3.659113E-05,25.758,0,1.7172,8.358892E-05,25.758,0
1.7181,-3.659113E-05,25.7715,0,1.7181,0.0001299153,25.7715,0
1.719,-6.51255E-05,25.785,0,1.719,5.673304E-05,25.785,0
1.7199,-3.591974E-05,25.7985,0,1.7199,8.728161E-06,25.7985,0
1.7208,-3.659113E-05,25.812,0,1.7208,9.903105E-05,25.812,0
1.7217,-1.040665E-05,25.8255,0,1.7217,8.89601E-05,25.8255,0
1.7226,0.0002591592,25.839,0,1.7226,-2.383459E-05,25.839,0
1.7235,0.000281651,25.8525,0,1.7235,7.351797E-05,25.8525,0
1.7244,8.090334E-05,25.866,0,1.7244,7.486076E-05,25.866,0
1.7253,7.318227E-05,25.8795,0,1.7253,-3.524834E-05,25.8795,0
1.7262,-6.915389E-05,25.893,0,1.7262,-4.263371E-05,25.893,0
1.7271,-0.0001802701,25.9065,0,1.7271,-6.713969E-06,25.9065,0
1.728,-8.627451E-05,25.92,0,1.728,-2.819867E-05,25.92,0
1.7289,-1.007095E-06,25.9335,0,1.7289,-3.424125E-05,25.9335,0
1.7298,-5.740444E-05,25.947,0,1.7298,-7.687495E-05,25.947,0
1.7307,-2.484169E-05,25.9605,0,1.7307,1.477073E-05,25.9605,0
1.7316,-9.265278E-05,25.974,0,1.7316,2.618448E-05,25.974,0
1.7325,-9.265278E-05,25.9875,0,1.7325,-0.0001510643,25.9875,0
1.7334,2.752728E-05,26.001,0,1.7334,-0.0002151827,26.001,0
1.7343,-7.855344E-05,26.0145,0,1.7343,-0.0001352865,26.0145,0
1.7352,-8.627451E-05,26.028,0,1.7352,-0.0002014191,26.028,0
1.7361,1.913481E-05,26.0415,0,1.7361,-0.0002390173,26.0415,0
1.737,2.383459E-05,26.055,0,1.737,5.606165E-05,26.055,0
1.7379,0.000190341,26.0685,0,1.7379,0.0002158541,26.0685,0
1.7388,0.0002252537,26.082,0,1.7388,0.0001550927,26.082,0
1.7397,5.572595E-05,26.0955,0,1.7397,0.0001500572,26.0955,0
1.7406,6.076142E-05,26.109,0,1.7406,0.0001661708,26.109,0
1.7415,8.392462E-06,26.1225,0,1.7415,5.035477E-05,26.1225,0
1.7424,-2.316319E-05,26.136,0,1.7424,1.812772E-05,26.136,0
1.7433,1.309224E-05,26.1495,0,1.7433,-5.136187E-05,26.1495,0
1.7442,-4.229801E-05,26.163,0,1.7442,-5.606165E-05,26.163,0
1.7451,-0.0001896696,26.1765,0,1.7451,-7.821774E-05,26.1765,0
1.746,-0.000148043,26.19,0,1.746,-4.196231E-05,26.19,0
1.7469,3.021286E-06,26.2035,0,1.7469,6.713969E-06,26.2035,0
1.7478,-0.0002131685,26.217,0,1.7478,0.000112459,26.217,0
1.7487,-0.0001164874,26.2305,0,1.7487,0.0001037308,26.2305,0
1.7496,8.560311E-05,26.244,0,1.7496,-0.0001037308,26.244,0
1.7505,-8.493171E-05,26.2575,0,1.7505,-4.028382E-05,26.2575,0
1.7514,5.874724E-05,26.271,0,1.7514,5.001907E-05,26.271,0
1.7523,0.0001983978,26.2845,0,1.7523,7.385367E-06,26.2845,0
1.7532,6.478981E-05,26.298,0,1.7532,-4.39765E-05,26.298,0
1.7541,1.040665E-05,26.3115,0,1.7541,-3.826963E-05,26.3115,0
1.755,7.754635E-05,26.325,0,1.755,-5.136187E-05,26.325,0
1.7559,9.735256E-06,26.3385,0,1.7559,-3.726253E-05,26.3385,0
1.7568,6.814679E-05,26.352,0,1.7568,-9.835965E-05,26.352,0
1.7577,1.275654E-05,26.3655,0,1.7577,-5.169757E-05,26.3655,0
1.7586,8.426032E-05,26.379,0,1.7586,-8.123904E-05,26.379,0
1.7595,5.673304E-05,26.3925,0,1.7595,-0.0001242084,26.3925,0
1.7604,9.500267E-05,26.406,0,1.7604,-0.0001185016,26.406,0
1.7613,-5.069047E-05,26.4195,0,1.7613,-8.090334E-05,26.4195,0
1.7622,-6.814679E-05,26.433,0,1.7622,-6.378271E-05,26.433,0
1.7631,9.768826E-05,26.4465,0,1.7631,-0.0001054093,26.4465,0
1.764,2.24918E-05,26.46,0,1.764,-3.793393E-05,26.46,0
1.7649,-0.0002326391,26.4735,0,1.7649,-7.284657E-05,26.4735,0
1.7658,-0.0002131685,26.487,0,1.7658,-0.0002124971,26.487,0
1.7667,-7.284657E-05,26.5005,0,1.7667,-9.802396E-05,26.5005,0
1.7676,-0.0002349889,26.514,0,1.7676,-1.443504E-05,26.514,0
1.7685,-0.0001440146,26.5275,0,1.7685,-3.524834E-05,26.5275,0
1.7694,-2.853437E-05,26.541,0,1.7694,3.524834E-05,26.541,0
1.7703,1.913481E-05,26.5545,0,1.7703,7.385367E-06,26.5545,0
1.7712,8.392462E-06,26.568,0,1.7712,0.0001591211,26.568,0
1.7721,-5.136187E-05,26.5815,0,1.7721,8.761731E-05,26.5815,0
1.773,-5.304036E-05,26.595,0,1.773,4.867628E-05,26.595,0
1.7739,-6.478981E-05,26.6085,0,1.7739,2.24918E-05,26.6085,0
1.7748,-3.155566E-05,26.622,0,1.7748,5.941863E-05,26.622,0
1.7757,9.500267E-05,26.6355,0,1.7757,9.063859E-06,26.6355,0
1.7766,0.0001399863,26.649,0,1.7766,-2.853437E-05,26.649,0
1.7775,7.217517E-05,26.6625,0,1.7775,0.0001138018,26.6625,0
1.7784,8.426032E-05,26.676,0,1.7784,0.0001218585,26.676,0
1.7793,5.270466E-05,26.6895,0,1.7793,-3.121996E-05,26.6895,0
1.7802,-1.174945E-05,26.703,0,1.7802,-8.627451E-05,26.703,0
1.7811,-0.0001027237,26.7165,0,1.7811,-6.411841E-05,26.7165,0
1.782,-6.210422E-05,26.73,0,1.782,-6.210422E-05,26.73,0
1.7829,-8.090334E-05,26.7435,0,1.7829,3.121996E-05,26.7435,0
1.7838,6.143282E-05,26.757,0,1.7838,5.807584E-05,26.757,0
1.7847,0.0001366293,26.7705,0,1.7847,0.0001178302,26.7705,0
1.7856,3.021286E-06,26.784,0,1.7856,3.088426E-05,26.784,0
1.7865,7.821774E-05,26.7975,0,1.7865,-2.652018E-05,26.7975,0
1.7874,8.392462E-05,26.811,0,1.7874,-7.116808E-05,26.811,0
1.7883,-7.586786E-05,26.8245,0,1.7883,-2.349889E-05,26.8245,0
1.7892,-2.21561E-05,26.838,0,1.7892,-6.78111E-05,26.838,0
1.7901,8.82887E-05,26.8515,0,1.7901,-0.0001742275,26.8515,0
1.791,-8.69459E-05,26.865,0,1.791,1.846342E-05,26.865,0
1.7919,3.356985E-07,26.8785,0,1.7919,-3.021286E-06,26.8785,0
1.7928,6.915389E-05,26.892,0,1.7928,-0.000119173,26.892,0
1.7937,2.551309E-05,26.9055,0,1.7937,-3.793393E-05,26.9055,0
1.7946,-0.0001332723,26.919,0,1.7946,-8.392462E-06,26.919,0
1.7955,-2.450599E-05,26.9325,0,1.7955,1.309224E-05,26.9325,0
1.7964,6.378271E-06,26.946,0,1.7964,-9.735256E-06,26.946,0
1.7973,-1.879912E-05,26.9595,0,1.7973,-0.0001131304,26.9595,0
1.7982,1.644922E-05,26.973,0,1.7982,-1.107805E-05,26.973,0
1.7991,-9.768826E-05,26.9865,0,1.7991,-3.524834E-05,26.9865,0
1.8,-0.0001668421,27,0,1.8,-9.970245E-05,27,0
1.8009,-2.450599E-05,27.0135,0,1.8009,-5.807584E-05,27.0135,0
1.8018,-3.692683E-05,27.027,0,1.8018,3.860533E-05,27.027,0
1.8027,-7.016098E-05,27.0405,0,1.8027,-7.049668E-06,27.0405,0
1.8036,0.0001272297,27.054,0,1.8036,-0.0001185016,27.054,0
1.8045,6.277562E-05,27.0675,0,1.8045,2.1149E-05,27.0675,0
1.8054,-7.721065E-06,27.081,0,1.8054,3.457694E-05,27.081,0
1.8063,7.150377E-05,27.0945,0,1.8063,-5.404745E-05,27.0945,0
1.8072,9.634547E-05,27.108,0,1.8072,-2.349889E-06,27.108,0
1.8081,-6.61326E-05,27.1215,0,1.8081,5.069047E-05,27.1215,0
1.809,-0.0001097734,27.135,0,1.809,1.477073E-05,27.135,0
1.8099,2.383459E-05,27.1485,0,1.8099,4.53193E-05,27.1485,0
1.8108,0.0001467002,27.162,0,1.8108,-3.894102E-05,27.162,0
1.8117,4.666209E-05,27.1755,0,1.8117,-6.042573E-06,27.1755,0
1.8126,-9.903105E-05,27.189,0,1.8126,-2.349889E-05,27.189,0
1.8135,-3.323415E-05,27.2025,0,1.8135,-0.0001007095,27.2025,0
1.8144,-3.021286E-06,27.216,0,1.8144,-0.0001362936,27.216,0
1.8153,-0.0001114519,27.2295,0,1.8153,-9.835965E-05,27.2295,0
1.8162,-4.196231E-05,27.243,0,1.8162,-0.0001114519,27.243,0
1.8171,-1.846342E-05,27.2565,0,1.8171,-0.000189334,27.2565,0
1.818,-0.0002098116,27.27,0,1.818,-3.692683E-05,27.27,0
1.8189,-0.0001329366,27.2835,0,1.8189,0,27.2835,0
1.8198,-5.539025E-05,27.297,0,1.8198,-3.558404E-05,27.297,0
1.8207,-5.740444E-05,27.3105,0,1.8207,1.510643E-05,27.3105,0
1.8216,-4.46479E-05,27.324,0,1.8216,4.699779E-05,27.324,0
1.8225,9.365987E-05,27.3375,0,1.8225,-7.721065E-06,27.3375,0
1.8234,0.0002051118,27.351,0,1.8234,-5.941863E-05,27.351,0
1.8243,0.0002477455,27.3645,0,1.8243,-6.210422E-05,27.3645,0
1.8252,0.0001030594,27.378,0,1.8252,3.591974E-05,27.378,0
1.8261,3.256275E-05,27.3915,0,1.8261,0.000115816,27.3915,0
1.827,5.270466E-05,27.405,0,1.827,0.000140322,27.405,0
1.8279,0.0001426719,27.4185,0,1.8279,1.040665E-05,27.4185,0
1.8288,0.0001017166,27.432,0,1.8288,0.0001255512,27.432,0
1.8297,4.733349E-05,27.4455,0,1.8297,0.0001003738,27.4455,0
1.8306,0.0001440146,27.459,0,1.8306,7.721065E-06,27.459,0
1.8315,-5.404745E-05,27.4725,0,1.8315,9.500267E-05,27.4725,0
1.8324,-0.0001433432,27.486,0,1.8324,3.659113E-05,27.486,0
1.8333,2.349889E-06,27.4995,0,1.8333,-0.0001366293,27.4995,0
1.8342,-0.0001208515,27.513,0,1.8342,-0.0002746014,27.513,0
1.8351,-0.0002876936,27.5265,0,1.8351,-0.0001383078,27.5265,0
1.836,-0.0001436789,27.54,0,1.836,-5.404745E-05,27.54,0
1.8369,-2.551309E-05,27.5535,0,1.8369,6.814679E-05,27.5535,0
1.8378,-4.49836E-05,27.567,0,1.8378,7.351797E-05,27.567,0
1.8387,-6.54612E-05,27.5805,0,1.8387,0.0001097734,27.5805,0
1.8396,-0.0001560998,27.594,0,1.8396,0.0001279011,27.594,0
1.8405,-0.0001722133,27.6075,0,1.8405,3.289845E-05,27.6075,0
1.8414,-5.035477E-05,27.621,0,1.8414,-1.107805E-05,27.621,0
1.8423,-4.800488E-05,27.6345,0,1.8423,8.157473E-05,27.6345,0
1.8432,-8.191043E-05,27.648,0,1.8432,3.692683E-05,27.648,0
1.8441,4.36408E-06,27.6615,0,1.8441,-0.0001242084,27.6615,0
1.845,-2.517739E-05,27.675,0,1.845,-4.867628E-05,27.675,0
1.8459,9.970245E-05,27.6885,0,1.8459,1.812772E-05,27.6885,0
1.8468,0.0001198444,27.702,0,1.8468,-7.083238E-05,27.702,0
1.8477,-5.001907E-05,27.7155,0,1.8477,-0.000115816,27.7155,0
1.8486,-0.0001228656,27.729,0,1.8486,-5.539025E-05,27.729,0
1.8495,-7.754635E-05,27.7425,0,1.8495,-5.001907E-05,27.7425,0
1.8504,-3.659113E-05,27.756,0,1.8504,3.524834E-05,27.756,0
1.8513,9.500267E-05,27.7695,0,1.8513,2.383459E-05,27.7695,0
1.8522,6.61326E-05,27.783,0,1.8522,4.934768E-05,27.783,0
1.8531,-2.349889E-05,27.7965,0,1.8531,4.800488E-05,27.7965,0
1.854,5.874724E-05,27.81,0,1.854,-3.927672E-05,27.81,0
1.8549,0.0001161517,27.8235,0,1.8549,-8.92958E-05,27.8235,0
1.8558,-4.733349E-05,27.837,0,1.8558,3.860533E-05,27.837,0
1.8567,-2.316319E-05,27.8505,0,1.8567,-1.107805E-05,27.8505,0
1.8576,8.89601E-05,27.864,0,1.8576,-0.0001309224,27.864,0
1.8585,9.063859E-06,27.8775,0,1.8585,-2.18204E-05,27.8775,0
1.8594,0.0001983978,27.891,0,1.8594,-1.141375E-05,27.891,0
1.8603,0.0001668421,27.9045,0,1.8603,-0.0001080949,27.9045,0
1.8612,0.0001044022,27.918,0,1.8612,-2.618448E-05,27.918,0
1.8621,2.652018E-05,27.9315,0,1.8621,5.941863E-05,27.9315,0
1.863,8.728161E-06,27.945,0,1.863,8.392462E-06,27.945,0
1.8639,-4.028382E-06,27.9585,0,1.8639,-1.544213E-05,27.9585,0
1.8648,7.385367E-06,27.972,0,1.8648,-9.365987E-05,27.972,0
1.8657,2.517739E-05,27.9855,0,1.8657,-6.378271E-06,27.9855,0
1.8666,-0.000119173,27.999,0,1.8666,-7.049668E-05,27.999,0
1.8675,-6.814679E-05,28.0125,0,1.8675,-0.0001678492,28.0125,0
1.8684,0.0001420005,28.026,0,1.8684,-3.155566E-05,28.026,0
1.8693,-5.841154E-05,28.0395,0,1.8693,3.726253E-05,28.0395,0
1.8702,-7.049668E-05,28.053,0,1.8702,-9.265278E-05,28.053,0
1.8711,0.0001161517,28.0665,0,1.8711,-0.0001644923,28.0665,0
1.872,-2.316319E-05,28.08,0,1.872,-4.733349E-05,28.08,0
1.8729,-0.0001131304,28.0935,0,1.8729,-1.577783E-05,28.0935,0
1.8738,7.721065E-06,28.107,0,1.8738,-0.0001346151,28.107,0
1.8747,-0.0001332723,28.1205,0,1.8747,-6.243992E-05,28.1205,0
1.8756,-0.000164828,28.134,0,1.8756,1.745632E-05,28.134,0
1.8765,-8.023193E-05,28.1475,0,1.8765,2.652018E-05,28.1475,0
1.8774,5.606165E-05,28.161,0,1.8774,7.351797E-05,28.161,0
1.8783,-7.049668E-06,28.1745,0,1.8783,-2.819867E-05,28.1745,0
1.8792,-3.155566E-05,28.188,0,1.8792,3.524834E-05,28.188,0
1.8801,5.169757E-05,28.2015,0,1.8801,-1.644922E-05,28.2015,0
1.881,2.652018E-05,28.215,0,1.881,-9.600977E-05,28.215,0
1.8819,1.275654E-05,28.2285,0,1.8819,-7.754635E-05,28.2285,0
1.8828,-7.553216E-05,28.242,0,1.8828,8.023193E-05,28.242,0
1.8837,-7.318227E-05,28.2555,0,1.8837,2.014191E-06,28.2555,0
1.8846,7.083238E-05,28.269,0,1.8846,-5.203327E-05,28.269,0
1.8855,1.779202E-05,28.2825,0,1.8855,5.706874E-05,28.2825,0
1.8864,-0.0001997406,28.296,0,1.8864,1.577783E-05,28.296,0
1.8873,-7.989624E-05,28.3095,0,1.8873,-6.64683E-05,28.3095,0
1.8882,0.0001037308,28.323,0,1.8882,4.129091E-05,28.323,0
1.8891,-3.390555E-05,28.3365,0,1.8891,0.0001493858,28.3365,0
1.89,-2.517739E-05,28.35,0,1.89,0.0001134661,28.35,0
1.8909,-2.920577E-05,28.3635,0,1.8909,7.150377E-05,28.3635,0
1.8918,6.881819E-05,28.377,0,1.8918,-7.318227E-05,28.377,0
1.8927,7.486076E-05,28.3905,0,1.8927,-8.258183E-05,28.3905,0
1.8936,-3.289845E-05,28.404,0,1.8936,-0.0001077592,28.404,0
1.8945,1.980621E-05,28.4175,0,1.8945,-0.0001795987,28.4175,0
1.8954,1.007095E-05,28.431,0,1.8954,-0.0002480812,28.431,0
1.8963,-6.61326E-05,28.4445,0,1.8963,-9.735256E-05,28.4445,0
1.8972,7.351797E-05,28.458,0,1.8972,-5.740444E-05,28.458,0
1.8981,0.0001393149,28.4715,0,1.8981,-3.121996E-05,28.4715,0
1.899,-3.356985E-07,28.485,0,1.899,0.0001426719,28.485,0
1.8999,-5.471885E-05,28.4985,0,1.8999,0.0001151446,28.4985,0
1.9008,1.846342E-05,28.512,0,1.9008,-2.18204E-05,28.512,0
1.9017,7.217517E-05,28.5255,0,1.9017,-1.376364E-05,28.5255,0
1.9026,-3.927672E-05,28.539,0,1.9026,5.807584E-05,28.539,0
1.9035,5.841154E-05,28.5525,0,1.9035,8.023193E-05,28.5525,0
1.9044,-2.316319E-05,28.566,0,1.9044,5.404745E-05,28.566,0
1.9053,2.047761E-05,28.5795,0,1.9053,-3.524834E-05,28.5795,0
1.9062,1.846342E-05,28.593,0,1.9062,6.74754E-05,28.593,0
1.9071,-0.0002356603,28.6065,0,1.9071,7.049668E-05,28.6065,0
1.908,-0.0001977264,28.62,0,1.908,-3.021286E-06,28.62,0
1.9089,-0.000126894,28.6335,0,1.9089,-2.28275E-05,28.6335,0
1.9098,-0.0002437171,28.647,0,1.9098,6.51255E-05,28.647,0
1.9107,-3.054856E-05,28.6605,0,1.9107,4.46479E-05,28.6605,0
1.9116,0.0002386816,28.674,0,1.9116,-8.291753E-05,28.674,0
1.9125,0.0001131304,28.6875,0,1.9125,-1.376364E-05,28.6875,0
1.9134,-3.961242E-05,28.701,0,1.9134,-4.901198E-05,28.701,0
1.9143,0.0001084306,28.7145,0,1.9143,-0.000193698,28.7145,0
1.9152,0.0001218585,28.728,0,1.9152,-0.000115816,28.728,0
1.9161,-2.786297E-05,28.7415,0,1.9161,4.36408E-06,28.7415,0
1.917,1.712062E-05,28.755,0,1.917,-8.627451E-05,28.755,0
1.9179,4.800488E-05,28.7685,0,1.9179,-7.888914E-05,28.7685,0
1.9188,4.129091E-05,28.782,0,1.9188,-8.090334E-05,28.782,0
1.9197,1.510643E-05,28.7955,0,1.9197,-1.242084E-05,28.7955,0
1.9206,8.560311E-05,28.809,0,1.9206,0,28.809,0
1.9215,-1.443504E-05,28.8225,0,1.9215,3.356985E-06,28.8225,0
1.9224,0.0001211871,28.836,0,1.9224,9.399558E-06,28.836,0
1.9233,5.941863E-05,28.8495,0,1.9233,5.539025E-05,28.8495,0
1.9242,-8.392462E-06,28.863,0,1.9242,-4.196231E-05,28.863,0
1.9251,4.36408E-05,28.8765,0,1.9251,-0.0001181659,28.8765,0
1.926,-6.478981E-05,28.89,0,1.926,3.088426E-05,28.89,0
1.9269,-0.0001507286,28.9035,0,1.9269,4.36408E-06,28.9035,0
1.9278,-9.231708E-05,28.917,0,1.9278,-5.169757E-05,28.917,0
1.9287,-8.023193E-05,28.9305,0,1.9287,1.812772E-05,28.9305,0
1.9296,-0.0001148089,28.944,0,1.9296,6.982528E-05,28.944,0
1.9305,-0.0001138018,28.9575,0,1.9305,6.344701E-05,28.9575,0
1.9314,-4.867628E-05,28.971,0,1.9314,3.323415E-05,28.971,0
1.9323,0.000102388,28.9845,0,1.9323,-2.819867E-05,28.9845,0
1.9332,2.584878E-05,28.998,0,1.9332,3.356985E-07,28.998,0
1.9341,3.659113E-05,29.0115,0,1.9341,-4.263371E-05,29.0115,0
1.935,0.0001151446,29.025,0,1.935,-3.491264E-05,29.025,0
1.9359,0.0001218585,29.0385,0,1.9359,-5.404745E-05,29.0385,0
1.9368,-4.129091E-05,29.052,0,1.9368,7.989624E-05,29.052,0
1.9377,-3.121996E-05,29.0655,0,1.9377,-1.846342E-05,29.0655,0
1.9386,3.994812E-05,29.079,0,1.9386,-0.0002641947,29.079,0
1.9395,-0.0001483787,29.0925,0,1.9395,-6.344701E-05,29.0925,0
1.9404,-0.0001111162,29.106,0,1.9404,-4.36408E-06,29.106,0
1.9413,4.599069E-05,29.1195,0,1.9413,-0.0001030594,29.1195,0
1.9422,-0.0001379721,29.133,0,1.9422,-2.920577E-05,29.133,0
1.9431,-0.0001409934,29.1465,0,1.9431,-1.644922E-05,29.1465,0
1.944,2.920577E-05,29.16,0,1.944,-6.176852E-05,29.16,0
1.9449,6.143282E-05,29.1735,0,1.9449,-5.136187E-05,29.1735,0
1.9458,8.191043E-05,29.187,0,1.9458,-0.0001272297,29.187,0
1.9467,5.606165E-05,29.2005,0,1.9467,-6.54612E-05,29.2005,0
1.9476,8.123904E-05,29.214,0,1.9476,-0.0001205158,29.214,0
1.9485,-1.409934E-05,29.2275,0,1.9485,-0.0001748989,29.2275,0
1.9494,5.740444E-05,29.241,0,1.9494,-8.92958E-05,29.241,0
1.9503,6.378271E-06,29.2545,0,1.9503,4.36408E-05,29.2545,0
1.9512,-5.774014E-05,29.268,0,1.9512,-3.021286E-06,29.268,0
1.9521,7.721065E-05,29.2815,0,1.9521,-4.699779E-06,29.2815,0
1.953,-1.712062E-05,29.295,0,1.953,0.0003276417,29.295,0
1.9539,-4.46479E-05,29.3085,0,1.9539,0.0003138781,29.3085,0
1.9548,9.365987E-05,29.322,0,1.9548,2.450599E-05,29.322,0
1.9557,0.0001003738,29.3355,0,1.9557,1.947051E-05,29.3355,0
1.9566,-0.0001097734,29.349,0,1.9566,5.841154E-05,29.349,0
1.9575,-9.735256E-06,29.3625,0,1.9575,6.915389E-05,29.3625,0
1.9584,6.713969E-07,29.376,0,1.9584,3.390555E-05,29.376,0
1.9593,0.0001020523,29.3895,0,1.9593,-3.692683E-06,29.3895,0
1.9602,0,29.403,0,1.9602,6.948959E-05,29.403,0
1.9611,-0.0002061189,29.4165,0,1.9611,-4.33051E-05,29.4165,0
1.962,-0.0001067521,29.43,0,1.962,-0.0001470359,29.43,0
1.9629,-2.014191E-06,29.4435,0,1.9629,-0.0001722133,29.4435,0
1.9638,-3.860533E-05,29.457,0,1.9638,-4.33051E-05,29.457,0
1.9647,-7.183947E-05,29.4705,0,1.9647,3.356985E-07,29.4705,0
1.9656,-0.0001107805,29.484,0,1.9656,-0.0001453574,29.484,0
1.9665,-0.0001701991,29.4975,0,1.9665,6.311131E-05,29.4975,0
1.9674,1.678492E-06,29.511,0,1.9674,7.653925E-05,29.511,0
1.9683,-5.706874E-05,29.5245,0,1.9683,-8.996719E-05,29.5245,0
1.9692,-0.0001789273,29.538,0,1.9692,-6.61326E-05,29.538,0
1.9701,5.035477E-06,29.5515,0,1.9701,-3.994812E-05,29.5515,0
1.971,0.0001732204,29.565,0,1.971,-9.298848E-05,29.565,0
1.9719,0.0001789273,29.5785,0,1.9719,-5.606165E-05,29.5785,0
1.9728,0.0001487144,29.592,0,1.9728,-7.418937E-05,29.592,0
1.9737,6.51255E-05,29.6055,0,1.9737,9.533837E-05,29.6055,0
1.9746,7.721065E-06,29.619,0,1.9746,4.39765E-05,29.619,0
1.9755,1.141375E-05,29.6325,0,1.9755,-2.786297E-05,29.6325,0
1.9764,7.284657E-05,29.646,0,1.9764,-7.687495E-05,29.646,0
1.9773,-9.768826E-05,29.6595,0,1.9773,6.64683E-05,29.6595,0
1.9782,-6.344701E-05,29.673,0,1.9782,2.1149E-05,29.673,0
1.9791,4.766919E-05,29.6865,0,1.9791,-0.0001728847,29.6865,0
1.98,-9.365987E-05,29.7,0,1.98,-4.46479E-05,29.7,0
1.9809,-0.0001795987,29.7135,0,1.9809,-2.28275E-05,29.7135,0
1.9818,-7.486076E-05,29.727,0,1.9818,-0.0001460288,29.727,0
1.9827,0.0001131304,29.7405,0,1.9827,-5.136187E-05,29.7405,0
1.9836,-2.719158E-05,29.754,0,1.9836,-4.33051E-05,29.754,0
1.9845,2.853437E-05,29.7675,0,1.9845,-5.539025E-05,29.7675,0
1.9854,3.289845E-05,29.781,0,1.9854,-1.644922E-05,29.781,0
1.9863,5.975433E-05,29.7945,0,1.9863,2.450599E-05,29.7945,0
1.9872,2.584878E-05,29.808,0,1.9872,0.0001628138,29.808,0
1.9881,-7.217517E-05,29.8215,0,1.9881,0.0001624781,29.8215,0
1.989,-3.021286E-06,29.835,0,1.989,5.404745E-05,29.835,0
1.9899,0.0001258869,29.8485,0,1.9899,-4.800488E-05,29.8485,0
1.9908,-2.383459E-05,29.862,0,1.9908,6.378271E-06,29.862,0
1.9917,-4.061952E-05,29.8755,0,1.9917,-6.948959E-05,29.8755,0
1.9926,6.61326E-05,29.889,0,1.9926,-0.0001651637,29.889,0
1.9935,-7.653925E-05,29.9025,0,1.9935,1.040665E-05,29.9025,0
1.9944,-0.0001675135,29.916,0,1.9944,4.263371E-05,29.916,0
1.9953,-0.0001238727,29.9295,0,1.9953,-9.466698E-05,29.9295,0
1.9962,-2.28275E-05,29.943,0,1.9962,-2.349889E-05,29.943,0
1.9971,-0.0001883268,29.9565,0,1.9971,3.558404E-05,29.9565,0
1.998,-0.0001409934,29.97,0,1.998,-2.081331E-05,29.97,0
1.9989,-1.007095E-06,29.9835,0,1.9989,-3.860533E-05,29.9835,0
1.9998,4.162661E-05,29.997,0,1.9998,-0.0001067521,29.997,0
2.0007,7.284657E-05,30.0105,0,2.0007,-9.466698E-05,30.0105,0
2.0016,6.411841E-05,30.024,0,2.0016,-0.000102388,30.024,0
2.0025,4.263371E-05,30.0375,0,2.0025,-0.0001114519,30.0375,0
2.0034,2.584878E-05,30.051,0,2.0034,-9.970245E-05,30.051,0
2.0043,-1.443504E-05,30.0645,0,2.0043,0.0001003738,30.0645,0
2.0052,5.035477E-06,30.078,0,2.0052,3.256275E-05,30.078,0
2.0061,7.083238E-05,30.0915,0,2.0061,-0.0001460288,30.0915,0
2.007,-5.069047E-05,30.105,0,2.007,-5.136187E-05,30.105,0
2.0079,0.0001282368,30.1185,0,2.0079,-2.450599E-05,30.1185,0
2.0088,0.0001990692,30.132,0,2.0088,-0.0001077592,30.132,0
2.0097,0.0001013809,30.1455,0,2.0097,-2.752728E-05,30.1455,0
2.0106,2.652018E-05,30.159,0,2.0106,7.351797E-05,30.159,0
2.0115,5.270466E-05,30.1725,0,2.0115,3.524834E-05,30.1725,0
2.0124,1.644922E-05,30.186,0,2.0124,3.323415E-05,30.186,0
2.0133,8.92958E-05,30.1995,0,2.0133,-1.242084E-05,30.1995,0
2.0142,4.263371E-05,30.213,0,2.0142,8.69459E-05,30.213,0
2.0151,-1.242084E-05,30.2265,0,2.0151,6.378271E-05,30.2265,0
2.016,5.807584E-05,30.24,0,2.016,-2.417029E-05,30.24,0
2.0169,3.994812E-05,30.2535,0,2.0169,-5.404745E-05,30.2535,0
2.0178,-9.332418E-05,30.267,0,2.0178,3.927672E-05,30.267,0
2.0187,-7.083238E-05,30.2805,0,2.0187,-9.097429E-05,30.2805,0
2.0196,3.289845E-05,30.294,0,2.0196,-0.0002289464,30.294,0
2.0205,-0.0001470359,30.3075,0,2.0205,-9.097429E-05,30.3075,0
2.0214,-0.000330663,30.321,0,2.0214,-6.042573E-05,30.321,0
2.0223,-0.0002017548,30.3345,0,2.0223,-8.96315E-05,30.3345,0
2.0232,-6.210422E-05,30.348,0,2.0232,0.0001440146,30.348,0
2.0241,-0.0001174945,30.3615,0,2.0241,0.0002061189,30.3615,0
2.025,2.316319E-05,30.375,0,2.025,0.0002504311,30.375,0
2.0259,8.89601E-05,30.3885,0,2.0259,0.000172549,30.3885,0
2.0268,0.0001138018,30.402,0,2.0268,-3.726253E-05,30.402,0
2.0277,9.365987E-05,30.4155,0,2.0277,3.189136E-05,30.4155,0
2.0286,-7.418937E-05,30.429,0,2.0286,4.46479E-05,30.429,0
2.0295,-0.0001201801,30.4425,0,2.0295,-6.076142E-05,30.4425,0
2.0304,-8.056763E-06,30.456,0,2.0304,-0.000102388,30.456,0
2.0313,-4.733349E-05,30.4695,0,2.0313,-5.404745E-05,30.4695,0
2.0322,-0.000123537,30.483,0,2.0322,-0.000115816,30.483,0
2.0331,2.1149E-05,30.4965,0,2.0331,-0.0001906767,30.4965,0
2.034,1.208515E-05,30.51,0,2.034,-6.311131E-05,30.51,0
2.0349,3.692683E-05,30.5235,0,2.0349,-1.242084E-05,30.5235,0
2.0358,0.0001514,30.537,0,2.0358,-3.054856E-05,30.537,0
2.0367,0.0001658351,30.5505,0,2.0367,5.740444E-05,30.5505,0
2.0376,-3.927672E-05,30.564,0,2.0376,-1.510643E-05,30.564,0
2.0385,-9.332418E-05,30.5775,0,2.0385,-5.136187E-05,30.5775,0
2.0394,9.735256E-06,30.591,0,2.0394,3.591974E-05,30.591,0
2.0403,1.678492E-05,30.6045,0,2.0403,6.378271E-06,30.6045,0
2.0412,-3.524834E-05,30.618,0,2.0412,5.673304E-05,30.618,0
2.0421,-0.0002044404,30.6315,0,2.0421,5.606165E-05,30.6315,0
2.043,-7.687495E-05,30.645,0,2.043,-5.673304E-05,30.645,0
2.0439,-6.210422E-05,30.6585,0,2.0439,-6.076142E-05,30.6585,0
2.0448,-0.0001349508,30.672,0,2.0448,6.378271E-06,30.672,0
2.0457,-3.994812E-05,30.6855,0,2.0457,-3.558404E-05,30.6855,0
2.0466,7.687495E-05,30.699,0,2.0466,-0.0001326009,30.699,0
2.0475,-7.687495E-05,30.7125,0,2.0475,-2.450599E-05,30.7125,0
2.0484,5.471885E-05,30.726,0,2.0484,-3.558404E-05,30.726,0
2.0493,8.291753E-05,30.7395,0,2.0493,-0.0001258869,30.7395,0
2.0502,-7.888914E-05,30.753,0,2.0502,-1.712062E-05,30.753,0
2.0511,-2.584878E-05,30.7665,0,2.0511,1.947051E-05,30.7665,0
2.052,-2.1149E-05,30.78,0,2.052,-2.987716E-05,30.78,0
2.0529,3.726253E-05,30.7935,0,2.0529,-2.047761E-05,30.7935,0
2.0538,9.869535E-05,30.807,0,2.0538,-7.788205E-05,30.807,0
2.0547,0.0001185016,30.8205,0,2.0547,-4.33051E-05,30.8205,0
2.0556,6.78111E-05,30.834,0,2.0556,-9.634547E-05,30.834,0
2.0565,3.189136E-05,30.8475,0,2.0565,-0.0001121233,30.8475,0
2.0574,0.000112459,30.861,0,2.0574,-1.779202E-05,30.861,0
2.0583,-2.584878E-05,30.8745,0,2.0583,0.0001460288,30.8745,0
2.0592,-2.517739E-05,30.888,0,2.0592,0.0001047379,30.888,0
2.0601,0.0001554284,30.9015,0,2.0601,4.934768E-05,30.9015,0
2.061,-8.224613E-05,30.915,0,2.061,0.000105745,30.915,0
2.0619,-0.0001393149,30.9285,0,2.0619,4.867628E-05,30.9285,0
2.0628,4.061952E-05,30.942,0,2.0628,-6.344701E-05,30.942,0
2.0637,-6.311131E-05,30.9555,0,2.0637,-2.584878E-05,30.9555,0
2.0646,-0.0001675135,30.969,0,2.0646,3.323415E-05,30.969,0
2.0655,-1.577783E-05,30.9825,0,2.0655,-6.311131E-05,30.9825,0
2.0664,0.0001027237,30.996,0,2.0664,-2.685588E-05,30.996,0
2.0673,5.337606E-05,31.0095,0,2.0673,-0.0001339437,31.0095,0
2.0682,7.620356E-05,31.023,0,2.0682,-6.076142E-05,31.023,0
2.0691,0.000144686,31.0365,0,2.0691,-6.61326E-05,31.0365,0
2.07,9.567407E-05,31.05,0,2.07,-0.0002195468,31.05,0
2.0709,0.0001681849,31.0635,0,2.0709,-0.0002034333,31.0635,0
2.0718,8.258183E-05,31.077,0,2.0718,2.920577E-05,31.077,0
2.0727,-2.349889E-06,31.0905,0,2.0727,6.71397E-05,31.0905,0
2.0736,2.819867E-05,31.104,0,2.0736,0.0001285725,31.104,0
2.0745,-5.337606E-05,31.1175,0,2.0745,0.0003111925,31.1175,0
2.0754,-0.0001722133,31.131,0,2.0754,0.0001957122,31.131,0
2.0763,-9.701686E-05,31.1445,0,2.0763,3.524834E-05,31.1445,0
2.0772,4.263371E-05,31.158,0,2.0772,-1.376364E-05,31.158,0
2.0781,-3.323415E-05,31.1715,0,2.0781,2.584878E-05,31.1715,0
2.079,-9.164568E-05,31.185,0,2.079,-4.129091E-05,31.185,0
2.0799,-3.323415E-05,31.1985,0,2.0799,-7.251087E-05,31.1985,0
2.0808,7.083238E-05,31.212,0,2.0808,-0.0001258869,31.212,0
2.0817,2.1149E-05,31.2255,0,2.0817,-5.270466E-05,31.2255,0
2.0826,-0.0001842985,31.239,0,2.0826,-5.673304E-05,31.239,0
2.0835,-9.030289E-05,31.2525,0,2.0835,-2.954147E-05,31.2525,0
2.0844,-2.853437E-05,31.266,0,2.0844,-3.424125E-05,31.266,0
2.0853,-0.0001168231,31.2795,0,2.0853,4.766919E-05,31.2795,0
2.0862,-1.309224E-05,31.293,0,2.0862,6.713969E-07,31.293,0
2.0871,1.913481E-05,31.3065,0,2.0871,-0.0001574426,31.3065,0
2.088,-7.821774E-05,31.32,0,2.088,-2.786297E-05,31.32,0
2.0889,3.121996E-05,31.3335,0,2.0889,-2.316319E-05,31.3335,0
2.0898,0.000164828,31.347,0,2.0898,-9.903105E-05,31.347,0
2.0907,-3.256275E-05,31.3605,0,2.0907,1.443504E-05,31.3605,0
2.0916,-0.0001027237,31.374,0,2.0916,5.874724E-05,31.374,0
2.0925,-4.129091E-05,31.3875,0,2.0925,-2.584878E-05,31.3875,0
2.0934,-8.224613E-05,31.401,0,2.0934,-7.956054E-05,31.401,0
2.0943,-1.678492E-05,31.4145,0,2.0943,-0.0001564355,31.4145,0
2.0952,8.69459E-05,31.428,0,2.0952,-4.901198E-05,31.428,0
2.0961,-8.493171E-05,31.4415,0,2.0961,3.356985E-07,31.4415,0
2.097,5.706874E-06,31.455,0,2.097,0,31.455,0
2.0979,0.0002081331,31.4685,0,2.0979,6.814679E-05,31.4685,0
2.0988,-4.196231E-05,31.482,0,2.0988,7.821774E-05,31.482,0
2.0997,-5.035477E-05,31.4955,0,2.0997,-4.196231E-05,31.4955,0
2.1006,0.0001715419,31.509,0,2.1006,-5.606165E-05,31.509,0
2.1015,3.189136E-05,31.5225,0,2.1015,8.056763E-06,31.5225,0
2.1024,3.323415E-05,31.536,0,2.1024,0,31.536,0
2.1033,0.0001668421,31.5495,0,2.1033,-9.835965E-05,31.5495,0
2.1042,0.0001386435,31.563,0,2.1042,-5.874724E-05,31.563,0
2.1051,-6.78111E-05,31.5765,0,2.1051,4.196231E-05,31.5765,0
2.106,-3.524834E-05,31.59,0,2.106,-5.169757E-05,31.59,0
2.1069,4.061952E-05,31.6035,0,2.1069,-6.64683E-05,31.6035,0
2.1078,6.009003E-05,31.617,0,2.1078,-4.666209E-05,31.617,0
2.1087,6.042573E-06,31.6305,0,2.1087,-7.519646E-05,31.6305,0
2.1096,-9.433127E-05,31.644,0,2.1096,-0.0001211871,31.644,0
2.1105,-3.591974E-05,31.6575,0,2.1105,-7.284657E-05,31.6575,0
2.1114,4.666209E-05,31.671,0,2.1114,-2.954147E-05,31.671,0
2.1123,-5.438316E-05,31.6845,0,2.1123,0.0001312581,31.6845,0
2.1132,-1.309224E-05,31.698,0,2.1132,4.43122E-05,31.698,0
2.1141,-3.021286E-06,31.7115,0,2.1141,2.047761E-05,31.7115,0
2.115,-0.000102388,31.725,0,2.115,0.0001292439,31.725,0
2.1159,-0.0001440146,31.7385,0,2.1159,0.0001258869,31.7385,0
2.1168,-9.701686E-05,31.752,0,2.1168,2.24918E-05,31.752,0
2.1177,1.577783E-05,31.7655,0,2.1177,-4.196231E-05,31.7655,0
2.1186,-0.000115816,31.779,0,2.1186,-7.150377E-05,31.779,0
2.1195,2.1149E-05,31.7925,0,2.1195,-5.337606E-05,31.7925,0
2.1204,0.0001188373,31.806,0,2.1204,-6.109713E-05,31.806,0
2.1213,0.0001211871,31.8195,0,2.1213,-9.198138E-05,31.8195,0
2.1222,-2.853437E-05,31.833,0,2.1222,-8.728161E-06,31.833,0
2.1231,-9.365987E-05,31.8465,0,2.1231,-1.846342E-05,31.8465,0
2.124,-4.599069E-05,31.86,0,2.124,-3.524834E-05,31.86,0
2.1249,-3.726253E-05,31.8735,0,2.1249,-9.735256E-05,31.8735,0
2.1258,-0.0001591211,31.887,0,2.1258,2.719158E-05,31.887,0
2.1267,-6.344701E-05,31.9005,0,2.1267,5.035477E-06,31.9005,0
2.1276,2.819867E-05,31.914,0,2.1276,-0.0001013809,31.914,0
2.1285,-0.0001242084,31.9275,0,2.1285,3.256275E-05,31.9275,0
2.1294,-0.0001164874,31.941,0,2.1294,8.291753E-05,31.941,0
2.1303,1.712062E-05,31.9545,0,2.1303,2.584878E-05,31.9545,0
2.1312,-5.975433E-05,31.968,0,2.1312,-0.0001033951,31.968,0
2.1321,-9.634547E-05,31.9815,0,2.1321,-4.599069E-05,31.9815,0
2.133,4.733349E-05,31.995,0,2.133,9.063859E-06,31.995,0
2.1339,3.591974E-05,32.0085,0,2.1339,-3.692683E-05,32.0085,0
2.1348,8.493171E-05,32.022,0,2.1348,-0.0001470359,32.022,0
2.1357,7.989624E-05,32.0355,0,2.1357,-3.625543E-05,32.0355,0
2.1366,-7.284657E-05,32.049,0,2.1366,-3.323415E-05,32.049,0
2.1375,-7.351797E-05,32.0625,0,2.1375,-0.0001735561,32.0625,0
2.1384,9.164568E-05,32.076,0,2.1384,-0.0001769131,32.076,0
2.1393,-1.107805E-05,32.0895,0,2.1393,-6.78111E-05,32.0895,0
2.1402,-0.0001436789,32.103,0,2.1402,-4.53193E-05,32.103,0
2.1411,2.853437E-05,32.1165,0,2.1411,-5.404745E-05,32.1165,0
2.142,-3.457694E-05,32.13,0,2.142,5.304036E-05,32.13,0
2.1429,-1.342794E-05,32.1435,0,2.1429,4.263371E-05,32.1435,0
2.1438,5.203327E-05,32.157,0,2.1438,1.309224E-05,32.157,0
2.1447,-2.349889E-05,32.1705,0,2.1447,4.53193E-05,32.1705,0
2.1456,-5.169757E-05,32.184,0,2.1456,3.323415E-05,32.184,0
2.1465,-4.229801E-05,32.1975,0,2.1465,3.323415E-05,32.1975,0
2.1474,-0.0001030594,32.211,0,2.1474,6.478981E-05,32.211,0
2.1483,-7.687495E-05,32.2245,0,2.1483,6.6804E-05,32.2245,0
2.1492,-4.934768E-05,32.238,0,2.1492,8.191043E-05,32.238,0
2.1501,-0.000148043,32.2515,0,2.1501,-1.007095E-06,32.2515,0
2.151,-1.577783E-05,32.265,0,2.151,-4.46479E-05,32.265,0
2.1519,0.0001349508,32.2785,0,2.1519,-4.196231E-05,32.2785,0
2.1528,8.157473E-05,32.292,0,2.1528,7.553216E-05,32.292,0
2.1537,1.174945E-05,32.3055,0,2.1537,-2.517739E-05,32.3055,0
2.1546,8.82887E-05,32.319,0,2.1546,-8.224613E-05,32.319,0
2.1555,1.812772E-05,32.3325,0,2.1555,8.92958E-05,32.3325,0
2.1564,6.210422E-05,32.346,0,2.1564,5.639734E-05,32.346,0
2.1573,8.560311E-05,32.3595,0,2.1573,-7.016098E-05,32.3595,0
2.1582,-1.678492E-06,32.373,0,2.1582,-4.699779E-06,32.373,0
2.1591,-1.510643E-05,32.3865,0,2.1591,3.356985E-06,32.3865,0
2.16,-1.712062E-05,32.4,0,2.16,-6.982528E-05,32.4,0
2.1609,1.980621E-05,32.4135,0,2.1609,-0.0001107805,32.4135,0
2.1618,0.0001527428,32.427,0,2.1618,-0.0001188373,32.427,0
2.1627,5.203327E-05,32.4405,0,2.1627,5.706874E-06,32.4405,0
2.1636,1.242084E-05,32.454,0,2.1636,-6.042573E-06,32.454,0
2.1645,7.486076E-05,32.4675,0,2.1645,-4.46479E-05,32.4675,0
2.1654,8.090334E-05,32.481,0,2.1654,-0.0001265583,32.481,0
2.1663,-8.493171E-05,32.4945,0,2.1663,-6.478981E-05,32.4945,0
2.1672,-3.860533E-05,32.508,0,2.1672,-0.0001178302,32.508,0
2.1681,0.0001497215,32.5215,0,2.1681,-0.0001832914,32.5215,0
2.169,-7.721065E-06,32.535,0,2.169,7.452507E-05,32.535,0
2.1699,-2.853437E-05,32.5485,0,2.1699,0.0001728847,32.5485,0
2.1708,4.263371E-05,32.562,0,2.1708,0.0001651637,32.562,0
2.1717,3.021286E-06,32.5755,0,2.1717,0.0002192111,32.5755,0
2.1726,-0.0001084306,32.589,0,2.1726,0.0001735561,32.589,0
2.1735,2.853437E-05,32.6025,0,2.1735,7.888914E-05,32.6025,0
2.1744,1.510643E-05,32.616,0,2.1744,7.653925E-05,32.616,0
2.1753,-5.069047E-05,32.6295,0,2.1753,-3.289845E-05,32.6295,0
2.1762,-7.016098E-05,32.643,0,2.1762,8.392462E-06,32.643,0
2.1771,-0.000193698,32.6565,0,2.1771,9.903105E-05,32.6565,0
2.178,-0.0001809415,32.67,0,2.178,-5.606165E-05,32.67,0
2.1789,-1.712062E-05,32.6835,0,2.1789,-0.0001258869,32.6835,0
2.1798,-9.500267E-05,32.697,0,2.1798,2.316319E-05,32.697,0
2.1807,-5.673304E-05,32.7105,0,2.1807,-0.0001258869,32.7105,0
2.1816,0.0001285725,32.724,0,2.1816,-0.0002329748,32.724,0
2.1825,-4.733349E-05,32.7375,0,2.1825,-0.0001413291,32.7375,0
2.1834,-5.908293E-05,32.751,0,2.1834,-0.0001601282,32.751,0
2.1843,2.316319E-05,32.7645,0,2.1843,-0.0002286107,32.7645,0
2.1852,0.0001339437,32.778,0,2.1852,-0.0001151446,32.778,0
2.1861,-1.712062E-05,32.7915,0,2.1861,-2.18204E-05,32.7915,0
2.187,-7.821774E-05,32.805,0,2.187,-3.927672E-05,32.805,0
2.1879,-1.846342E-05,32.8185,0,2.1879,-8.728161E-06,32.8185,0
2.1888,7.553216E-05,32.832,0,2.1888,-2.014191E-05,32.832,0
2.1897,5.539025E-05,32.8455,0,2.1897,6.243992E-05,32.8455,0
2.1906,2.652018E-05,32.859,0,2.1906,7.989624E-05,32.859,0
2.1915,4.39765E-05,32.8725,0,2.1915,9.265278E-05,32.8725,0
2.1924,7.284657E-05,32.886,0,2.1924,1.107805E-05,32.886,0
2.1933,-4.699779E-06,32.8995,0,2.1933,9.332418E-05,32.8995,0
2.1942,-4.699779E-06,32.913,0,2.1942,3.121996E-05,32.913,0
2.1951,-9.399558E-06,32.9265,0,2.1951,-0.0001295796,32.9265,0
2.196,-0.000109102,32.94,0,2.196,4.766919E-05,32.94,0
2.1969,-5.069047E-05,32.9535,0,2.1969,5.069047E-05,32.9535,0
2.1978,-4.867628E-05,32.967,0,2.1978,-4.599069E-05,32.967,0
2.1987,-8.69459E-05,32.9805,0,2.1987,-2.014191E-06,32.9805,0
2.1996,-4.43122E-05,32.994,0,2.1996,8.661021E-05,32.994,0
2.2005,-2.819867E-05,33.0075,0,2.2005,5.606165E-05,33.0075,0
2.2014,-1.644922E-05,33.021,0,2.2014,-1.779202E-05,33.021,0
2.2023,6.411841E-05,33.0345,0,2.2023,-8.191043E-05,33.0345,0
2.2032,5.136187E-05,33.048,0,2.2032,3.692683E-06,33.048,0
2.2041,1.477073E-05,33.0615,0,2.2041,3.021286E-06,33.0615,0
2.205,4.39765E-05,33.075,0,2.205,-9.198138E-05,33.075,0
2.2059,7.486076E-05,33.0885,0,2.2059,-9.298848E-05,33.0885,0
2.2068,-5.841154E-05,33.102,0,2.2068,1.913481E-05,33.102,0
2.2077,-6.344701E-05,33.1155,0,2.2077,1.846342E-05,33.1155,0
2.2086,0.0001500572,33.129,0,2.2086,-4.43122E-05,33.129,0
2.2095,-4.36408E-06,33.1425,0,2.2095,7.486076E-05,33.1425,0
2.2104,-6.143282E-05,33.156,0,2.2104,6.6804E-05,33.156,0
2.2113,7.754635E-05,33.1695,0,2.2113,-1.275654E-05,33.1695,0
2.2122,1.208515E-05,33.183,0,2.2122,-6.948959E-05,33.183,0
2.2131,-0.0001765774,33.1965,0,2.2131,2.047761E-05,33.1965,0
2.214,-7.821774E-05,33.21,0,2.214,-6.109713E-05,33.21,0
2.2149,-6.411841E-05,33.2235,0,2.2149,-8.96315E-05,33.2235,0
2.2158,-3.121996E-05,33.237,0,2.2158,-9.164568E-05,33.237,0
2.2167,3.457694E-05,33.2505,0,2.2167,4.36408E-05,33.2505,0
2.2176,-8.728161E-06,33.264,0,2.2176,5.673304E-05,33.264,0
2.2185,0.0001621424,33.2775,0,2.2185,-2.517739E-05,33.2775,0
2.2194,0.0002171969,33.291,0,2.2194,-5.539025E-05,33.291,0
2.2203,8.96315E-05,33.3045,0,2.2203,6.713969E-06,33.3045,0
2.2212,4.162661E-05,33.318,0,2.2212,-2.652018E-05,33.318,0
2.2221,1.007095E-05,33.3315,0,2.2221,-6.948959E-05,33.3315,0
2.223,-0.0001886625,33.345,0,2.223,-8.392462E-06,33.345,0
2.2239,-0.0003266346,33.3585,0,2.2239,-5.337606E-05,33.3585,0
2.2248,-0.0002276036,33.372,0,2.2248,-0.0001393149,33.372,0
2.2257,1.678492E-05,33.3855,0,2.2257,-8.560311E-05,33.3855,0
2.2266,-0.0001712062,33.399,0,2.2266,-6.378271E-06,33.399,0
2.2275,-8.761731E-05,33.4125,0,2.2275,-0.0001255512,33.4125,0
2.2284,0.0001352865,33.426,0,2.2284,-5.807584E-05,33.426,0
2.2293,0.0001742275,33.4395,0,2.2293,5.136187E-05,33.4395,0
2.2302,7.318227E-05,33.453,0,2.2302,0.0002225681,33.453,0
2.2311,3.323415E-05,33.4665,0,2.2311,9.164568E-05,33.4665,0
2.232,0.0001940337,33.48,0,2.232,-1.678492E-06,33.48,0
2.2329,0.0001520714,33.4935,0,2.2329,-3.793393E-05,33.4935,0
2.2338,1.342794E-06,33.507,0,2.2338,2.719158E-05,33.507,0
2.2347,0.000105745,33.5205,0,2.2347,-8.291753E-05,33.5205,0
2.2356,9.164568E-05,33.534,0,2.2356,-0.0001896696,33.534,0
2.2365,-7.016098E-05,33.5475,0,2.2365,-3.256275E-05,33.5475,0
2.2374,-5.740444E-05,33.561,0,2.2374,7.049668E-06,33.561,0
2.2383,-9.735256E-06,33.5745,0,2.2383,-7.217517E-05,33.5745,0
2.2392,-0.0001879911,33.588,0,2.2392,1.577783E-05,33.588,0
2.2401,-0.0001980621,33.6015,0,2.2401,0.0001366293,33.6015,0
2.241,-0.0001322652,33.615,0,2.241,0.0001117876,33.615,0
2.2419,-8.627451E-05,33.6285,0,2.2419,6.411841E-05,33.6285,0
2.2428,-1.577783E-05,33.642,0,2.2428,-4.901198E-05,33.642,0
2.2437,7.284657E-05,33.6555,0,2.2437,1.376364E-05,33.6555,0
2.2446,2.887007E-05,33.669,0,2.2446,-1.376364E-05,33.669,0
2.2455,4.49836E-05,33.6825,0,2.2455,-6.61326E-05,33.6825,0
2.2464,0.0001117876,33.696,0,2.2464,-0.0001047379,33.696,0
2.2473,-6.78111E-05,33.7095,0,2.2473,-8.392462E-06,33.7095,0
2.2482,-6.848249E-05,33.723,0,2.2482,-5.270466E-05,33.723,0
2.2491,5.404745E-05,33.7365,0,2.2491,-0.0001769131,33.7365,0
2.25,-7.586786E-05,33.75,0,2.25,-5.673304E-05,33.75,0
2.2509,-0.0001144732,33.7635,0,2.2509,-9.735256E-06,33.7635,0
2.2518,2.316319E-05,33.777,0,2.2518,-0.0001329366,33.777,0
2.2527,5.505455E-05,33.7905,0,2.2527,-0.0001171588,33.7905,0
2.2536,-5.673304E-05,33.804,0,2.2536,4.43122E-05,33.804,0
2.2545,4.36408E-06,33.8175,0,2.2545,8.157473E-05,33.8175,0
2.2554,8.392462E-06,33.831,0,2.2554,-1.007095E-05,33.831,0
2.2563,4.53193E-05,33.8445,0,2.2563,-8.761731E-05,33.8445,0
2.2572,2.316319E-05,33.858,0,2.2572,1.678492E-06,33.858,0
2.2581,-2.417029E-05,33.8715,0,2.2581,8.056763E-06,33.8715,0
2.259,-6.344701E-05,33.885,0,2.259,-0.0001963836,33.885,0
2.2599,3.457694E-05,33.8985,0,2.2599,-0.0001809415,33.8985,0
2.2608,5.035477E-06,33.912,0,2.2608,-4.162661E-05,33.912,0
2.2617,-5.236896E-05,33.9255,0,2.2617,-5.807584E-05,33.9255,0
2.2626,8.291753E-05,33.939,0,2.2626,-0.0001027237,33.939,0
2.2635,2.584878E-05,33.9525,0,2.2635,-8.392462E-06,33.9525,0
2.2644,-6.076142E-05,33.966,0,2.2644,-0.0001047379,33.966,0
2.2653,3.356985E-07,33.9795,0,2.2653,-0.0002192111,33.9795,0
2.2662,-6.51255E-05,33.993,0,2.2662,-9.500267E-05,33.993,0
2.2671,-0.0001507286,34.0065,0,2.2671,-3.759823E-05,34.0065,0
2.268,-9.164568E-05,34.02,0,2.268,1.007095E-06,34.02,0
2.2689,-2.383459E-05,34.0335,0,2.2689,0.0001463645,34.0335,0
2.2698,0.0001168231,34.047,0,2.2698,0.0001651637,34.047,0
2.2707,4.095522E-05,34.0605,0,2.2707,0.0002158541,34.0605,0
2.2716,1.712062E-05,34.074,0,2.2716,0.0001168231,34.074,0
2.2725,3.356985E-05,34.0875,0,2.2725,4.129091E-05,34.0875,0
2.2734,8.191043E-05,34.101,0,2.2734,3.659113E-05,34.101,0
2.2743,1.443504E-05,34.1145,0,2.2743,0.0001597925,34.1145,0
2.2752,1.913481E-05,34.128,0,2.2752,3.994812E-05,34.128,0
2.2761,7.754635E-05,34.1415,0,2.2761,-0.0001644923,34.1415,0
2.277,-3.390555E-05,34.155,0,2.277,-3.692683E-06,34.155,0
2.2779,-8.69459E-05,34.1685,0,2.2779,-3.356985E-06,34.1685,0
2.2788,-0.0001386435,34.182,0,2.2788,-0.0001292439,34.182,0
2.2797,-7.452507E-05,34.1955,0,2.2797,2.1149E-05,34.1955,0
2.2806,-0.0001399863,34.209,0,2.2806,0.0001319295,34.209,0
2.2815,-5.035477E-05,34.2225,0,2.2815,4.095522E-05,34.2225,0
2.2824,-7.284657E-05,34.236,0,2.2824,-3.054856E-05,34.236,0
2.2833,1.980621E-05,34.2495,0,2.2833,-6.814679E-05,34.2495,0
2.2842,9.365987E-05,34.263,0,2.2842,1.443504E-05,34.263,0
2.2851,8.123904E-05,34.2765,0,2.2851,-2.887007E-05,34.2765,0
2.286,1.174945E-05,34.29,0,2.286,-0.0001171588,34.29,0
2.2869,1.577783E-05,34.3035,0,2.2869,-0.0001487144,34.3035,0
2.2878,-0.0001654994,34.317,0,2.2878,-9.701686E-05,34.317,0
2.2887,-0.0001027237,34.3305,0,2.2887,-0.0001406577,34.3305,0
2.2896,0.0001221943,34.344,0,2.2896,-0.0001430075,34.344,0
2.2905,1.376364E-05,34.3575,0,2.2905,-2.853437E-05,34.3575,0
2.2914,7.385367E-06,34.371,0,2.2914,-5.975433E-05,34.371,0
2.2923,0.0002205539,34.3845,0,2.2923,-0.0001245441,34.3845,0
2.2932,0.0002635233,34.398,0,2.2932,-7.049668E-06,34.398,0
2.2941,7.821774E-05,34.4115,0,2.2941,0.0001010452,34.4115,0
2.295,0.0001389792,34.425,0,2.295,6.948959E-05,34.425,0
2.2959,0.000105745,34.4385,0,2.2959,0.0001168231,34.4385,0
2.2968,-2.383459E-05,34.452,0,2.2968,3.591974E-05,34.452,0
2.2977,-5.035477E-06,34.4655,0,2.2977,4.867628E-05,34.4655,0
2.2986,7.351797E-05,34.479,0,2.2986,2.652018E-05,34.479,0
2.2995,3.390555E-05,34.4925,0,2.2995,-0.0001013809,34.4925,0
2.3004,0.0001362936,34.506,0,2.3004,-4.49836E-05,34.506,0
2.3013,3.994812E-05,34.5195,0,2.3013,9.869535E-05,34.5195,0
2.3022,-1.107805E-05,34.533,0,2.3022,-2.450599E-05,34.533,0
2.3031,0.0001097734,34.5465,0,2.3031,-2.349889E-06,34.5465,0
2.304,-5.136187E-05,34.56,0,2.304,6.210422E-05,34.56,0
2.3049,-0.0001728847,34.5735,0,2.3049,-9.433127E-05,34.5735,0
2.3058,-0.0001836271,34.587,0,2.3058,-0.000164828,34.587,0
2.3067,1.678492E-05,34.6005,0,2.3067,-0.0001433432,34.6005,0
2.3076,-9.231708E-05,34.614,0,2.3076,-0.0001084306,34.614,0
2.3085,-0.0001587854,34.6275,0,2.3085,-6.74754E-05,34.6275,0
2.3094,-7.016098E-05,34.641,0,2.3094,-2.28275E-05,34.641,0
2.3103,-1.577783E-05,34.6545,0,2.3103,-7.284657E-05,34.6545,0
2.3112,-8.627451E-05,34.668,0,2.3112,-1.107805E-05,34.668,0
2.3121,-0.0002386816,34.6815,0,2.3121,2.1149E-05,34.6815,0
2.313,-0.0001735561,34.695,0,2.313,-2.316319E-05,34.695,0
2.3139,-0.0001305867,34.7085,0,2.3139,-2.1149E-05,34.7085,0
2.3148,-0.0002302892,34.722,0,2.3148,6.71397E-05,34.722,0
2.3157,-0.0002259251,34.7355,0,2.3157,-1.275654E-05,34.7355,0
2.3166,2.853437E-05,34.749,0,2.3166,-7.821774E-05,34.749,0
2.3175,-3.323415E-05,34.7625,0,2.3175,2.316319E-05,34.7625,0
2.3184,0.0001399863,34.776,0,2.3184,-8.728161E-06,34.776,0
2.3193,0.0002682231,34.7895,0,2.3193,-0.0001315938,34.7895,0
2.3202,0.0002396887,34.803,0,2.3202,-9.097429E-05,34.803,0
2.3211,0.0001571069,34.8165,0,2.3211,2.081331E-05,34.8165,0
2.322,0.0001312581,34.83,0,2.322,7.721065E-06,34.83,0
2.3229,-2.047761E-05,34.8435,0,2.3229,-4.632639E-05,34.8435,0
2.3238,1.544213E-05,34.857,0,2.3238,-9.433127E-05,34.857,0
2.3247,0.000115816,34.8705,0,2.3247,2.652018E-05,34.8705,0
2.3256,2.987716E-05,34.884,0,2.3256,4.33051E-05,34.884,0
2.3265,5.069047E-05,34.8975,0,2.3265,-7.721065E-06,34.8975,0
2.3274,0.0001463645,34.911,0,2.3274,-3.860533E-05,34.911,0
2.3283,-6.61326E-05,34.9245,0,2.3283,8.89601E-05,34.9245,0
2.3292,-8.795301E-05,34.938,0,2.3292,6.076142E-05,34.938,0
2.3301,9.298848E-05,34.9515,0,2.3301,-2.517739E-05,34.9515,0
2.331,-6.076142E-05,34.965,0,2.331,3.457694E-05,34.965,0
2.3319,-0.0002343175,34.9785,0,2.3319,1.342794E-06,34.9785,0
2.3328,-0.0001634852,34.992,0,2.3328,-6.74754E-05,34.992,0
2.3337,-1.678492E-06,35.0055,0,2.3337,6.948959E-05,35.0055,0
2.3346,-0.0001775845,35.019,0,2.3346,0.0001017166,35.019,0
2.3355,-0.0001211871,35.0325,0,2.3355,1.812772E-05,35.0325,0
2.3364,-0.000112459,35.046,0,2.3364,-4.599069E-05,35.046,0
2.3373,-4.599069E-05,35.0595,0,2.3373,-0.0001426719,35.0595,0
2.3382,2.014191E-06,35.073,0,2.3382,-6.210422E-05,35.073,0
2.3391,1.544213E-05,35.0865,0,2.3391,-9.735256E-06,35.0865,0
2.34,3.927672E-05,35.1,0,2.34,-2.819867E-05,35.1,0
2.3409,-3.356985E-07,35.1135,0,2.3409,-5.908293E-05,35.1135,0
2.3418,-9.332418E-05,35.127,0,2.3418,7.754635E-05,35.127,0
2.3427,-3.021286E-06,35.1405,0,2.3427,5.169757E-05,35.1405,0
2.3436,7.586786E-05,35.154,0,2.3436,-8.996719E-05,35.154,0
2.3445,1.342794E-06,35.1675,0,2.3445,-8.392462E-06,35.1675,0
2.3454,2.719158E-05,35.181,0,2.3454,-9.399558E-06,35.181,0
2.3463,6.64683E-05,35.1945,0,2.3463,-8.459602E-05,35.1945,0
2.3472,8.023193E-05,35.208,0,2.3472,-2.920577E-05,35.208,0
2.3481,-6.009003E-05,35.2215,0,2.3481,5.337606E-05,35.2215,0
2.349,-6.61326E-05,35.235,0,2.349,-1.510643E-05,35.235,0
2.3499,-7.721065E-06,35.2485,0,2.3499,-1.544213E-05,35.2485,0
2.3508,5.304036E-05,35.262,0,2.3508,-8.526741E-05,35.262,0
2.3517,9.701686E-05,35.2755,0,2.3517,-1.644922E-05,35.2755,0
2.3526,2.618448E-05,35.289,0,2.3526,7.721065E-06,35.289,0
2.3535,-1.040665E-05,35.3025,0,2.3535,-3.994812E-05,35.3025,0
2.3544,-1.779202E-05,35.316,0,2.3544,-0.0001383078,35.316,0
2.3553,-0.0001185016,35.3295,0,2.3553,-0.0001151446,35.3295,0
2.3562,-2.316319E-05,35.343,0,2.3562,-0.0001272297,35.343,0
2.3571,0.0001285725,35.3565,0,2.3571,-0.0002020905,35.3565,0
2.358,9.735256E-06,35.37,0,2.358,-7.284657E-05,35.37,0
2.3589,-5.740444E-05,35.3835,0,2.3589,-5.304036E-05,35.3835,0
2.3598,3.356985E-07,35.397,0,2.3598,-6.478981E-05,35.397,0
2.3607,6.848249E-05,35.4105,0,2.3607,0.0001846342,35.4105,0
2.3616,-2.484169E-05,35.424,0,2.3616,0.0002813153,35.424,0
2.3625,0.0001339437,35.4375,0,2.3625,0.0001359579,35.4375,0
2.3634,-2.24918E-05,35.451,0,2.3634,0.0001198444,35.451,0
2.3643,-6.411841E-05,35.4645,0,2.3643,4.867628E-05,35.4645,0
2.3652,-5.404745E-05,35.478,0,2.3652,3.558404E-05,35.478,0
2.3661,-0.0003081712,35.4915,0,2.3661,0.0001017166,35.4915,0
2.367,-0.0002124971,35.505,0,2.367,-7.083238E-05,35.505,0
2.3679,1.309224E-05,35.5185,0,2.3679,-0.0001232013,35.5185,0
2.3688,-4.028382E-06,35.532,0,2.3688,4.229801E-05,35.532,0
2.3697,2.652018E-05,35.5455,0,2.3697,-2.081331E-05,35.5455,0
2.3706,0.0001738918,35.559,0,2.3706,-3.659113E-05,35.559,0
2.3715,4.129091E-05,35.5725,0,2.3715,0.0002252537,35.5725,0
2.3724,7.251087E-05,35.586,0,2.3724,0.0001953765,35.586,0
2.3733,0.0001688563,35.5995,0,2.3733,8.761731E-05,35.5995,0
2.3742,0.0001453574,35.613,0,2.3742,4.699779E-05,35.613,0
2.3751,-0.0001265583,35.6265,0,2.3751,-6.378271E-06,35.6265,0
2.376,-0.00018262,35.64,0,2.376,-3.591974E-05,35.64,0
2.3769,-0.0001030594,35.6535,0,2.3769,-0.0001107805,35.6535,0
2.3778,-3.692683E-05,35.667,0,2.3778,-0.0001762417,35.667,0
2.3787,-9.735256E-05,35.6805,0,2.3787,-5.975433E-05,35.6805,0
2.3796,-0.0001916838,35.694,0,2.3796,-0.000102388,35.694,0
2.3805,4.766919E-05,35.7075,0,2.3805,-0.0001232013,35.7075,0
2.3814,0.0002521096,35.721,0,2.3814,-0.0001050736,35.721,0
2.3823,8.291753E-05,35.7345,0,2.3823,2.28275E-05,35.7345,0
2.3832,-0.0001003738,35.748,0,2.3832,-1.947051E-05,35.748,0
2.3841,-1.544213E-05,35.7615,0,2.3841,-0.0002121614,35.7615,0
2.385,-5.001907E-05,35.775,0,2.385,1.678492E-05,35.775,0
2.3859,3.121996E-05,35.7885,0,2.3859,-8.392462E-06,35.7885,0
2.3868,6.411841E-05,35.802,0,2.3868,-0.0001514,35.802,0
2.3877,-3.356985E-07,35.8155,0,2.3877,5.841154E-05,35.8155,0
2.3886,6.915389E-05,35.829,0,2.3886,-1.644922E-05,35.829,0
2.3895,-0.0001010452,35.8425,0,2.3895,-9.936675E-05,35.8425,0
2.3904,-0.0001701991,35.856,0,2.3904,-5.807584E-05,35.856,0
2.3913,3.424125E-05,35.8695,0,2.3913,-0.0002299535,35.8695,0
2.3922,-2.551309E-05,35.883,0,2.3922,2.652018E-05,35.883,0
2.3931,-7.083238E-05,35.8965,0,2.3931,9.433127E-05,35.8965,0
2.394,1.275654E-05,35.91,0,2.394,-1.141375E-05,35.91,0
2.3949,1.007095E-05,35.9235,0,2.3949,-4.733349E-05,35.9235,0
2.3958,-0.0001245441,35.937,0,2.3958,5.438316E-05,35.937,0
2.3967,6.6804E-05,35.9505,0,2.3967,5.236896E-05,35.9505,0
2.3976,0.000235996,35.964,0,2.3976,-4.53193E-05,35.964,0
2.3985,6.344701E-05,35.9775,0,2.3985,5.035477E-06,35.9775,0
2.3994,3.860533E-05,35.991,0,2.3994,-3.961242E-05,35.991,0
2.4003,0.000278294,36.0045,0,2.4003,-0.0001211871,36.0045,0
2.4012,0.0001728847,36.018,0,2.4012,3.021286E-05,36.018,0
2.4021,-3.256275E-05,36.0315,0,2.4021,1.007095E-06,36.0315,0
2.403,-0.000102388,36.045,0,2.403,-0.0001393149,36.045,0
2.4039,-0.0001299153,36.0585,0,2.4039,-0.0001732204,36.0585,0
2.4048,-9.533837E-05,36.072,0,2.4048,-0.0001621424,36.072,0
2.4057,-1.678492E-05,36.0855,0,2.4057,-8.392462E-06,36.0855,0
2.4066,4.33051E-05,36.099,0,2.4066,7.754635E-05,36.099,0
2.4075,5.539025E-05,36.1125,0,2.4075,1.947051E-05,36.1125,0
2.4084,0.000158114,36.126,0,2.4084,4.061952E-05,36.126,0
2.4093,-6.478981E-05,36.1395,0,2.4093,0.0001809415,36.1395,0
2.4102,-3.961242E-05,36.153,0,2.4102,0.0001420005,36.153,0
2.4111,0.0001456931,36.1665,0,2.4111,7.284657E-05,36.1665,0
2.412,-2.014191E-06,36.18,0,2.412,3.356985E-07,36.18,0
2.4129,-0.0001795987,36.1935,0,2.4129,-0.0001514,36.1935,0
2.4138,-0.0001765774,36.207,0,2.4138,-0.0001514,36.207,0
2.4147,-8.526741E-05,36.2205,0,2.4147,-5.136187E-05,36.2205,0
2.4156,-0.0001708705,36.234,0,2.4156,-9.869535E-05,36.234,0
2.4165,-0.0001211871,36.2475,0,2.4165,-7.721065E-05,36.2475,0
2.4174,-1.174945E-05,36.261,0,2.4174,2.1149E-05,36.261,0
2.4183,-4.061952E-05,36.2745,0,2.4183,0.0001003738,36.2745,0
2.4192,8.392462E-06,36.288,0,2.4192,0.0002017548,36.288,0
2.4201,0.0001161517,36.3015,0,2.4201,6.378271E-05,36.3015,0
2.421,2.047761E-05,36.315,0,2.421,-0.0001178302,36.315,0
2.4219,1.141375E-05,36.3285,0,2.4219,-0.0001228656,36.3285,0
2.4228,-5.539025E-05,36.342,0,2.4228,5.706874E-06,36.342,0
2.4237,-2.685588E-06,36.3555,0,2.4237,7.486076E-05,36.3555,0
2.4246,5.035477E-05,36.369,0,2.4246,9.500267E-05,36.369,0
2.4255,5.539025E-05,36.3825,0,2.4255,0.0003085069,36.3825,0
2.4264,4.263371E-05,36.396,0,2.4264,0.0003870603,36.396,0
2.4273,-0.0001728847,36.4095,0,2.4273,-0.0001406577,36.4095,0
2.4282,-0.000197055,36.423,0,2.4282,-0.0003091783,36.423,0
2.4291,-0.0001413291,36.4365,0,2.4291,-5.941863E-05,36.4365,0
2.43,-3.994812E-05,36.45,0,2.43,-0.0001376364,36.45,0
2.4309,-3.457694E-05,36.4635,0,2.4309,-0.0001806058,36.4635,0
2.4318,1.510643E-05,36.477,0,2.4318,-0.0001816129,36.477,0
2.4327,9.735256E-06,36.4905,0,2.4327,-6.210422E-05,36.4905,0
2.4336,2.014191E-05,36.504,0,2.4336,-1.309224E-05,36.504,0
2.4345,-1.107805E-05,36.5175,0,2.4345,-0.0001309224,36.5175,0
2.4354,8.358892E-05,36.531,0,2.4354,-0.0001507286,36.531,0
2.4363,-7.150377E-05,36.5445,0,2.4363,1.007095E-05,36.5445,0
2.4372,-9.399558E-06,36.558,0,2.4372,1.678492E-06,36.558,0
2.4381,0.000161471,36.5715,0,2.4381,-9.332418E-05,36.5715,0
2.439,1.510643E-05,36.585,0,2.439,2.316319E-05,36.585,0
2.4399,2.047761E-05,36.5985,0,2.4399,3.726253E-05,36.5985,0
2.4408,0.0001762417,36.612,0,2.4408,-3.692683E-06,36.612,0
2.4417,0.0001232013,36.6255,0,2.4417,5.606165E-05,36.6255,0
2.4426,7.721065E-06,36.639,0,2.4426,0.0001708705,36.639,0
2.4435,1.174945E-05,36.6525,0,2.4435,6.814679E-05,36.6525,0
2.4444,-0.0002410315,36.666,0,2.4444,-7.150377E-05,36.666,0
2.4453,-0.0002386816,36.6795,0,2.4453,-0.0002165255,36.6795,0
2.4462,-0.0002450599,36.693,0,2.4462,-0.000102388,36.693,0
2.4471,-0.0003508049,36.7065,0,2.4471,4.867628E-05,36.7065,0
2.448,-0.0001990692,36.72,0,2.448,2.316319E-05,36.72,0
2.4489,5.874724E-05,36.7335,0,2.4489,1.510643E-05,36.7335,0
2.4498,0.0002890364,36.747,0,2.4498,2.349889E-05,36.747,0
2.4507,0.0005233539,36.7605,0,2.4507,-1.443504E-05,36.7605,0
2.4516,0.0004038453,36.774,0,2.4516,-6.478981E-05,36.774,0
2.4525,0.0001332723,36.7875,0,2.4525,5.035477E-06,36.7875,0
2.4534,1.577783E-05,36.801,0,2.4534,-4.263371E-05,36.801,0
2.4543,8.426032E-05,36.8145,0,2.4543,-0.0001406577,36.8145,0
2.4552,0.0001601282,36.828,0,2.4552,-2.316319E-05,36.828,0
2.4561,-5.975433E-05,36.8415,0,2.4561,4.53193E-05,36.8415,0
2.457,-7.217517E-05,36.855,0,2.457,-4.699779E-06,36.855,0
2.4579,2.349889E-06,36.8685,0,2.4579,-3.860533E-05,36.8685,0
2.4588,4.53193E-05,36.882,0,2.4588,-9.567407E-05,36.882,0
2.4597,2.1149E-05,36.8955,0,2.4597,2.1149E-05,36.8955,0
2.4606,4.867628E-05,36.909,0,2.4606,2.24918E-05,36.909,0
2.4615,3.054856E-05,36.9225,0,2.4615,-5.404745E-05,36.9225,0
2.4624,-4.39765E-05,36.936,0,2.4624,-8.69459E-05,36.936,0
2.4633,-0.0001430075,36.9495,0,2.4633,7.721065E-06,36.9495,0
2.4642,-7.284657E-05,36.963,0,2.4642,-2.954147E-05,36.963,0
2.4651,2.1149E-05,36.9765,0,2.4651,-0.0001205158,36.9765,0
2.466,-0.0001218585,36.99,0,2.466,2.081331E-05,36.99,0
2.4669,-0.0001953765,37.0035,0,2.4669,4.733349E-05,37.0035,0
2.4678,-0.0001661708,37.017,0,2.4678,-5.975433E-05,37.017,0
2.4687,-0.0001651637,37.0305,0,2.4687,3.323415E-05,37.0305,0
2.4696,-0.0003158923,37.044,0,2.4696,4.263371E-05,37.044,0
2.4705,-0.000252781,37.0575,0,2.4705,-2.517739E-05,37.0575,0
2.4714,-0.000235996,37.071,0,2.4714,-6.6804E-05,37.071,0
2.4723,-8.090334E-05,37.0845,0,2.4723,-0.0001030594,37.0845,0
2.4732,0.0001265583,37.098,0,2.4732,1.409934E-05,37.098,0
2.4741,0.0002521096,37.1115,0,2.4741,-1.678492E-06,37.1115,0
2.475,0.0003538262,37.125,0,2.475,-6.009003E-05,37.125,0
2.4759,0.0002621805,37.1385,0,2.4759,-7.150377E-05,37.1385,0
2.4768,4.901198E-05,37.152,0,2.4768,5.035477E-06,37.152,0
2.4777,9.466698E-05,37.1655,0,2.4777,-4.666209E-05,37.1655,0
2.4786,0.0002104829,37.179,0,2.4786,-0.0001198444,37.179,0
2.4795,-5.337606E-05,37.1925,0,2.4795,3.692683E-06,37.1925,0
2.4804,5.035477E-06,37.206,0,2.4804,-7.049668E-06,37.206,0
2.4813,8.560311E-05,37.2195,0,2.4813,-6.948959E-05,37.2195,0
2.4822,0.0001483787,37.233,0,2.4822,-7.049668E-05,37.233,0
2.4831,-0.0001658351,37.2465,0,2.4831,-1.443504E-05,37.2465,0
2.484,-0.0001950408,37.26,0,2.484,-2.383459E-05,37.26,0
2.4849,-0.0001373007,37.2735,0,2.4849,-5.438316E-05,37.2735,0
2.4858,-2.987716E-05,37.287,0,2.4858,-0.0001634852,37.287,0
2.4867,2.450599E-05,37.3005,0,2.4867,4.46479E-05,37.3005,0
2.4876,-0.000126894,37.314,0,2.4876,-9.097429E-05,37.314,0
2.4885,-7.083238E-05,37.3275,0,2.4885,-0.0001399863,37.3275,0
2.4894,0.0001248798,37.341,0,2.4894,0.0001571069,37.341,0
2.4903,6.61326E-05,37.3545,0,2.4903,0.0004327153,37.3545,0
2.4912,-5.404745E-05,37.368,0,2.4912,0.000224918,37.368,0
2.4921,6.848249E-05,37.3815,0,2.4921,-1.644922E-05,37.3815,0
2.493,2.584878E-05,37.395,0,2.493,4.733349E-05,37.395,0
2.4939,9.634547E-05,37.4085,0,2.4939,1.846342E-05,37.4085,0
2.4948,4.733349E-05,37.422,0,2.4948,-9.701686E-05,37.422,0
2.4957,-9.869535E-05,37.4355,0,2.4957,-0.0001111162,37.4355,0
2.4966,-0.0001252155,37.449,0,2.4966,-5.337606E-05,37.449,0
2.4975,-9.567407E-05,37.4625,0,2.4975,-3.793393E-05,37.4625,0
2.4984,-5.505455E-05,37.476,0,2.4984,-0.0001554284,37.476,0
2.4993,-9.063859E-06,37.4895,0,2.4993,-0.0003558404,37.4895,0
2.5002,-1.107805E-05,37.503,0,2.5002,-8.426032E-05,37.503,0
2.5011,0.0001171588,37.5165,0,2.5011,0.0001537499,37.5165,0
2.502,0.0001473716,37.53,0,2.502,9.198138E-05,37.53,0
2.5029,0.0001607996,37.5435,0,2.5029,0.0001812772,37.5435,0
2.5038,-3.021286E-06,37.557,0,2.5038,0.0002843366,37.557,0
2.5047,-9.735256E-06,37.5705,0,2.5047,0.000148043,37.5705,0
2.5056,0.0001017166,37.584,0,2.5056,8.056763E-06,37.584,0
2.5065,-7.116808E-05,37.5975,0,2.5065,0.0002084688,37.5975,0
2.5074,-0.0001205158,37.611,0,2.5074,0.0001604639,37.611,0
2.5083,-2.316319E-05,37.6245,0,2.5083,-3.121996E-05,37.6245,0
2.5092,-3.558404E-05,37.638,0,2.5092,-2.047761E-05,37.638,0
2.5101,-9.835965E-05,37.6515,0,2.5101,4.39765E-05,37.6515,0
2.511,-9.903105E-05,37.665,0,2.511,-5.539025E-05,37.665,0
2.5119,-9.936675E-05,37.6785,0,2.5119,-0.0001044022,37.6785,0
2.5128,2.24918E-05,37.692,0,2.5128,-0.0001537499,37.692,0
2.5137,-5.035477E-05,37.7055,0,2.5137,-0.0001033951,37.7055,0
2.5146,-0.0001373007,37.719,0,2.5146,-6.076142E-05,37.719,0
2.5155,-2.383459E-05,37.7325,0,2.5155,-9.768826E-05,37.7325,0
2.5164,6.814679E-05,37.746,0,2.5164,-0.000189334,37.746,0
2.5173,-6.076142E-05,37.7595,0,2.5173,-0.0001077592,37.7595,0
2.5182,-3.256275E-05,37.773,0,2.5182,-9.298848E-05,37.773,0
2.5191,0.000203769,37.7865,0,2.5191,-0.0001728847,37.7865,0
2.52,1.174945E-05,37.8,0,2.52,-6.881819E-05,37.8,0
2.5209,-2.887007E-05,37.8135,0,2.5209,-1.443504E-05,37.8135,0
2.5218,0.0001413291,37.827,0,2.5218,-5.740444E-05,37.827,0
2.5227,0.0001299153,37.8405,0,2.5227,-1.208515E-05,37.8405,0
2.5236,-2.316319E-05,37.854,0,2.5236,0.0001607996,37.854,0
2.5245,-8.392462E-05,37.8675,0,2.5245,-4.39765E-05,37.8675,0
2.5254,-4.46479E-05,37.881,0,2.5254,-9.164568E-05,37.881,0
2.5263,3.121996E-05,37.8945,0,2.5263,-4.800488E-05,37.8945,0
2.5272,5.304036E-05,37.908,0,2.5272,1.544213E-05,37.908,0
2.5281,-5.438316E-05,37.9215,0,2.5281,-1.309224E-05,37.9215,0
2.529,-3.256275E-05,37.935,0,2.529,-0.0001312581,37.935,0
2.5299,1.644922E-05,37.9485,0,2.5299,-0.0001138018,37.9485,0
2.5308,1.007095E-06,37.962,0,2.5308,-7.721065E-06,37.962,0
2.5317,-2.18204E-05,37.9755,0,2.5317,-1.980621E-05,37.9755,0
2.5326,5.941863E-05,37.989,0,2.5326,-0.0001238727,37.989,0
2.5335,-3.659113E-05,38.0025,0,2.5335,3.424125E-05,38.0025,0
2.5344,-0.0001003738,38.016,0,2.5344,3.894102E-05,38.016,0
2.5353,-6.109713E-05,38.0295,0,2.5353,-2.752728E-05,38.0295,0
2.5362,-0.000186984,38.043,0,2.5362,-1.577783E-05,38.043,0
2.5371,-0.0003044785,38.0565,0,2.5371,2.1149E-05,38.0565,0
2.538,-0.0002796368,38.07,0,2.538,-1.846342E-05,38.07,0
2.5389,-0.0001607996,38.0835,0,2.5389,-4.46479E-05,38.0835,0
2.5398,-5.673304E-05,38.097,0,2.5398,-0.0001772488,38.097,0
2.5407,-7.721065E-06,38.1105,0,2.5407,-8.056764E-05,38.1105,0
2.5416,0.000115816,38.124,0,2.5416,-4.53193E-05,38.124,0
2.5425,0.0003165637,38.1375,0,2.5425,-2.853437E-05,38.1375,0
2.5434,0.0002964218,38.151,0,2.5434,0.000102388,38.151,0
2.5443,1.040665E-05,38.1645,0,2.5443,0.0002239109,38.1645,0
2.5452,5.270466E-05,38.178,0,2.5452,0.0001154803,38.178,0
2.5461,0.0001678492,38.1915,0,2.5461,1.510643E-05,38.1915,0
2.547,8.560311E-05,38.205,0,2.547,0.0002155184,38.205,0
2.5479,0.0001554284,38.2185,0,2.5479,7.083238E-05,38.2185,0
2.5488,0.0001463645,38.232,0,2.5488,-0.0001406577,38.232,0
2.5497,0.0001050736,38.2455,0,2.5497,-4.29694E-05,38.2455,0
2.5506,-6.378271E-06,38.259,0,2.5506,-3.021286E-05,38.259,0
2.5515,-1.913481E-05,38.2725,0,2.5515,-5.673304E-05,38.2725,0
2.5524,-7.788205E-05,38.286,0,2.5524,-7.116808E-05,38.286,0
2.5533,-7.721065E-06,38.2995,0,2.5533,-0.0001164874,38.2995,0
2.5542,7.888914E-05,38.313,0,2.5542,-2.719158E-05,38.313,0
2.5551,-0.0001594568,38.3265,0,2.5551,-2.954147E-05,38.3265,0
2.556,-0.0001708705,38.34,0,2.556,-0.0001044022,38.34,0
2.5569,-1.007095E-06,38.3535,0,2.5569,-7.956054E-05,38.3535,0
2.5578,-0.0001668421,38.367,0,2.5578,1.947051E-05,38.367,0
2.5587,-0.0001453574,38.3805,0,2.5587,-2.786297E-05,38.3805,0
2.5596,5.606165E-05,38.394,0,2.5596,-0.0001084306,38.394,0
2.5605,-4.263371E-05,38.4075,0,2.5605,4.46479E-05,38.4075,0
2.5614,-8.392462E-06,38.421,0,2.5614,6.378271E-05,38.421,0
2.5623,3.189136E-05,38.4345,0,2.5623,-4.565499E-05,38.4345,0
2.5632,2.18204E-05,38.448,0,2.5632,5.740444E-05,38.448,0
2.5641,-9.768826E-05,38.4615,0,2.5641,0.000148043,38.4615,0
2.565,2.517739E-05,38.475,0,2.565,-1.812772E-05,38.475,0
2.5659,0.0002024262,38.4885,0,2.5659,-0.0001208515,38.4885,0
2.5668,0.0001500572,38.502,0,2.5668,-0.000193698,38.502,0
2.5677,3.692683E-06,38.5155,0,2.5677,-0.000102388,38.5155,0
2.5686,-3.793393E-05,38.529,0,2.5686,-9.500267E-05,38.529,0
2.5695,-6.713969E-07,38.5425,0,2.5695,-9.365987E-05,38.5425,0
2.5704,-3.659113E-05,38.556,0,2.5704,-6.243992E-05,38.556,0
2.5713,-0.0001077592,38.5695,0,2.5713,3.927672E-05,38.5695,0
2.5722,-0.0001064164,38.583,0,2.5722,1.107805E-05,38.583,0
2.5731,3.323415E-05,38.5965,0,2.5731,-8.761731E-05,38.5965,0
2.574,1.007095E-06,38.61,0,2.574,3.591974E-05,38.61,0
2.5749,-0.0001889983,38.6235,0,2.5749,7.721065E-06,38.6235,0
2.5758,-0.000144686,38.637,0,2.5758,-0.0001211871,38.637,0
2.5767,-9.970245E-05,38.6505,0,2.5767,-5.270466E-05,38.6505,0
2.5776,-0.0001802701,38.664,0,2.5776,2.920577E-05,38.664,0
2.5785,-0.0001554284,38.6775,0,2.5785,1.174945E-05,38.6775,0
2.5794,-0.0001832914,38.691,0,2.5794,0.0001490501,38.691,0
2.5803,-1.107805E-05,38.7045,0,2.5803,4.129091E-05,38.7045,0
2.5812,5.203327E-05,38.718,0,2.5812,8.291753E-05,38.718,0
2.5821,-0.0001215228,38.7315,0,2.5821,-3.659113E-05,38.7315,0
2.583,-1.712062E-05,38.745,0,2.583,3.021286E-05,38.745,0
2.5839,0.0001554284,38.7585,0,2.5839,6.042573E-06,38.7585,0
2.5848,0.0001000381,38.772,0,2.5848,-1.678492E-05,38.772,0
2.5857,0.0001094377,38.7855,0,2.5857,-2.786297E-05,38.7855,0
2.5866,0.0001483787,38.799,0,2.5866,-9.802396E-05,38.799,0
2.5875,-3.289845E-05,38.8125,0,2.5875,3.189136E-05,38.8125,0
2.5884,3.659113E-05,38.826,0,2.5884,2.987716E-05,38.826,0
2.5893,0.0001534142,38.8395,0,2.5893,-1.846342E-05,38.8395,0
2.5902,-0.0001077592,38.853,0,2.5902,-3.793393E-05,38.853,0
2.5911,-9.030289E-05,38.8665,0,2.5911,2.853437E-05,38.8665,0
2.592,6.6804E-05,38.88,0,2.592,5.874724E-05,38.88,0
2.5929,-2.719158E-05,38.8935,0,2.5929,6.61326E-05,38.8935,0
2.5938,3.927672E-05,38.907,0,2.5938,-0.0001030594,38.907,0
2.5947,0.0001044022,38.9205,0,2.5947,-3.994812E-05,38.9205,0
2.5956,6.210422E-05,38.934,0,2.5956,-2.853437E-05,38.934,0
2.5965,3.356985E-07,38.9475,0,2.5965,-0.0001040665,38.9475,0
2.5974,7.452507E-05,38.961,0,2.5974,-5.706874E-05,38.961,0
2.5983,-5.136187E-05,38.9745,0,2.5983,0.0001426719,38.9745,0
2.5992,-2.349889E-05,38.988,0,2.5992,5.404745E-05,38.988,0
2.6001,0.0001473716,39.0015,0,2.6001,-6.6804E-05,39.0015,0
2.601,7.418937E-05,39.015,0,2.601,1.980621E-05,39.015,0
2.6019,-0.0001460288,39.0285,0,2.6019,-8.627451E-05,39.0285,0
2.6028,-4.867628E-05,39.042,0,2.6028,-0.0001685206,39.042,0
2.6037,0.0001621424,39.0555,0,2.6037,-7.217517E-05,39.0555,0
2.6046,-2.584878E-05,39.069,0,2.6046,6.210422E-05,39.069,0
2.6055,-8.996719E-05,39.0825,0,2.6055,0.0001305867,39.0825,0
2.6064,-4.33051E-05,39.096,0,2.6064,0.0001292439,39.096,0
2.6073,-4.733349E-05,39.1095,0,2.6073,-1.040665E-05,39.1095,0
2.6082,-0.0001339437,39.123,0,2.6082,8.82887E-05,39.123,0
2.6091,-0.0002208896,39.1365,0,2.6091,9.063859E-05,39.1365,0
2.61,-0.0002326391,39.15,0,2.61,-3.692683E-06,39.15,0
2.6109,-8.090334E-05,39.1635,0,2.6109,-2.21561E-05,39.1635,0
2.6118,-0.0001218585,39.177,0,2.6118,-7.888914E-05,39.177,0
2.6127,-1.644922E-05,39.1905,0,2.6127,-8.761731E-05,39.1905,0
2.6136,6.915389E-05,39.204,0,2.6136,-0.0001433432,39.204,0
2.6145,4.263371E-05,39.2175,0,2.6145,-7.486076E-05,39.2175,0
2.6154,0.0001161517,39.231,0,2.6154,-5.438316E-05,39.231,0
2.6163,7.452507E-05,39.2445,0,2.6163,-8.426032E-05,39.2445,0
2.6172,0.0001527428,39.258,0,2.6172,-9.735256E-06,39.258,0
2.6181,0.0001044022,39.2715,0,2.6181,3.659113E-05,39.2715,0
2.619,6.74754E-05,39.285,0,2.619,-2.719158E-05,39.285,0
2.6199,0.0001604639,39.2985,0,2.6199,-9.298848E-05,39.2985,0
2.6208,0.0002480812,39.312,0,2.6208,-0.0001534142,39.312,0
2.6217,4.229801E-05,39.3255,0,2.6217,-7.821774E-05,39.3255,0
2.6226,-0.0001913481,39.339,0,2.6226,-6.51255E-05,39.339,0
2.6235,-0.0001037308,39.3525,0,2.6235,-0.0001195087,39.3525,0
2.6244,-8.526741E-05,39.366,0,2.6244,-0.0001265583,39.366,0
2.6253,-0.0003454337,39.3795,0,2.6253,-1.107805E-05,39.3795,0
2.6262,-0.0002333104,39.393,0,2.6262,-6.478981E-05,39.393,0
2.6271,3.390555E-05,39.4065,0,2.6271,-0.0001064164,39.4065,0
2.628,-0.0001292439,39.42,0,2.628,2.920577E-05,39.42,0
2.6289,0.000154757,39.4335,0,2.6289,5.606165E-05,39.4335,0
2.6298,0.0004260014,39.447,0,2.6298,-0.0001168231,39.447,0
2.6307,0.0002957504,39.4605,0,2.6307,4.800488E-05,39.4605,0
2.6316,5.035477E-05,39.474,0,2.6316,-2.853437E-05,39.474,0
2.6325,2.987716E-05,39.4875,0,2.6325,-0.0002041047,39.4875,0
2.6334,0.0001332723,39.501,0,2.6334,-0.0001060807,39.501,0
2.6343,0.0001715419,39.5145,0,2.6343,-0.0001017166,39.5145,0
2.6352,1.376364E-05,39.528,0,2.6352,3.054856E-05,39.528,0
2.6361,-0.0001597925,39.5415,0,2.6361,-2.450599E-05,39.5415,0
2.637,-0.0001631495,39.555,0,2.637,-1.376364E-05,39.555,0
2.6379,-4.29694E-05,39.5685,0,2.6379,9.835965E-05,39.5685,0
2.6388,-0.0001050736,39.582,0,2.6388,0.0002051118,39.582,0
2.6397,-0.0001252155,39.5955,0,2.6397,6.411841E-05,39.5955,0
2.6406,1.712062E-05,39.609,0,2.6406,-7.620356E-05,39.609,0
2.6415,-8.291753E-05,39.6225,0,2.6415,7.083238E-05,39.6225,0
2.6424,-5.404745E-05,39.636,0,2.6424,6.478981E-05,39.636,0
2.6433,3.155566E-05,39.6495,0,2.6433,-5.236896E-05,39.6495,0
2.6442,-7.754635E-05,39.663,0,2.6442,-2.517739E-05,39.663,0
2.6451,-0.0001856413,39.6765,0,2.6451,2.383459E-05,39.6765,0
2.646,-5.404745E-05,39.69,0,2.646,-5.136187E-05,39.69,0
2.6469,-2.819867E-05,39.7035,0,2.6469,-5.706874E-06,39.7035,0
2.6478,1.577783E-05,39.717,0,2.6478,-2.853437E-05,39.717,0
2.6487,3.021286E-05,39.7305,0,2.6487,-6.344701E-05,39.7305,0
2.6496,5.304036E-05,39.744,0,2.6496,-7.116808E-05,39.744,0
2.6505,-1.007095E-05,39.7575,0,2.6505,-0.0001953765,39.7575,0
2.6514,-4.196231E-05,39.771,0,2.6514,-0.0001923552,39.771,0
2.6523,-8.493171E-05,39.7845,0,2.6523,6.143282E-05,39.7845,0
2.6532,-9.735256E-06,39.798,0,2.6532,0.0002699016,39.798,0
2.6541,3.021286E-05,39.8115,0,2.6541,0.0003038071,39.8115,0
2.655,-3.927672E-05,39.825,0,2.655,0.0003447623,39.825,0
2.6559,2.1149E-05,39.8385,0,2.6559,0.0001910124,39.8385,0
2.6568,-1.913481E-05,39.852,0,2.6568,9.063859E-06,39.852,0
2.6577,-7.049668E-06,39.8655,0,2.6577,3.021286E-05,39.8655,0
2.6586,-7.956054E-05,39.879,0,2.6586,0.0001383078,39.879,0
2.6595,-7.418937E-05,39.8925,0,2.6595,8.291753E-05,39.8925,0
2.6604,-6.78111E-05,39.906,0,2.6604,9.735256E-06,39.906,0
2.6613,-2.349889E-06,39.9195,0,2.6613,-5.001907E-05,39.9195,0
2.6622,4.061952E-05,39.933,0,2.6622,-2.584878E-05,39.933,0
2.6631,-0.0001174945,39.9465,0,2.6631,-4.53193E-05,39.9465,0
2.664,-3.390555E-05,39.96,0,2.664,-8.92958E-05,39.96,0
2.6649,0.0001497215,39.9735,0,2.6649,-8.996719E-05,39.9735,0
2.6658,-1.376364E-05,39.987,0,2.6658,-4.666209E-05,39.987,0
2.6667,3.189136E-05,40.0005,0,2.6667,-5.337606E-05,40.0005,0
2.6676,0.0001500572,40.014,0,2.6676,-0.000148043,40.014,0
2.6685,-3.356985E-05,40.0275,0,2.6685,-5.539025E-05,40.0275,0
2.6694,5.874724E-05,40.041,0,2.6694,-7.150377E-05,40.041,0
2.6703,0.0001151446,40.0545,0,2.6703,-0.0002178683,40.0545,0
2.6712,-0.0001560998,40.068,0,2.6712,-0.0001601282,40.068,0
2.6721,-0.0001148089,40.0815,0,2.6721,-0.000102388,40.0815,0
2.673,-1.712062E-05,40.095,0,2.673,-9.735256E-05,40.095,0
2.6739,3.424125E-05,40.1085,0,2.6739,-0.0001708705,40.1085,0
2.6748,4.196231E-05,40.122,0,2.6748,-0.0001782559,40.122,0
2.6757,8.82887E-05,40.1355,0,2.6757,5.069047E-05,40.1355,0
2.6766,1.342794E-06,40.149,0,2.6766,7.553216E-05,40.149,0
2.6775,-5.505455E-05,40.1625,0,2.6775,-3.659113E-05,40.1625,0
2.6784,-7.049668E-06,40.176,0,2.6784,-0.0001456931,40.176,0
2.6793,-9.970245E-05,40.1895,0,2.6793,-4.46479E-05,40.1895,0
2.6802,-8.191043E-05,40.203,0,2.6802,-6.61326E-05,40.203,0
2.6811,9.164568E-05,40.2165,0,2.6811,-0.0001074235,40.2165,0
2.682,3.054856E-05,40.23,0,2.682,-6.57969E-05,40.23,0
2.6829,-3.256275E-05,40.2435,0,2.6829,-0.0001003738,40.2435,0
2.6838,5.606165E-05,40.257,0,2.6838,5.673304E-05,40.257,0
2.6847,0.0001910124,40.2705,0,2.6847,0.00024271,40.2705,0
2.6856,-0.0001030594,40.284,0,2.6856,0.0002017548,40.284,0
2.6865,-0.0002138399,40.2975,0,2.6865,3.692683E-06,40.2975,0
2.6874,-0.0001171588,40.311,0,2.6874,1.577783E-05,40.311,0
2.6883,-3.021286E-06,40.3245,0,2.6883,-6.042573E-06,40.3245,0
2.6892,-8.96315E-05,40.338,0,2.6892,7.754635E-05,40.338,0
2.6901,-0.0002145113,40.3515,0,2.6901,6.378271E-05,40.3515,0
2.691,-3.457694E-05,40.365,0,2.691,-1.712062E-05,40.365,0
2.6919,0.0002135042,40.3785,0,2.6919,-8.560311E-05,40.3785,0
2.6928,0.0002668803,40.392,0,2.6928,4.33051E-05,40.392,0
2.6937,0.0001443503,40.4055,0,2.6937,-1.443504E-05,40.4055,0
2.6946,0.0001373007,40.419,0,2.6946,-0.0001077592,40.419,0
2.6955,3.692683E-05,40.4325,0,2.6955,0.0001282368,40.4325,0
2.6964,0.0001641566,40.446,0,2.6964,9.365987E-05,40.446,0
2.6973,0.0002061189,40.4595,0,2.6973,-9.433127E-05,40.4595,0
2.6982,-6.881819E-05,40.473,0,2.6982,7.586786E-05,40.473,0
2.6991,-0.0001752346,40.4865,0,2.6991,-1.544213E-05,40.4865,0
2.7,-0.0001275654,40.5,0,2.7,-6.57969E-05,40.5,0
2.7009,-0.000133608,40.5135,0,2.7009,-3.994812E-05,40.5135,0
2.7018,5.035477E-06,40.527,0,2.7018,-8.526741E-05,40.527,0
2.7027,-1.174945E-05,40.5405,0,2.7027,-3.860533E-05,40.5405,0
2.7036,-9.500267E-05,40.554,0,2.7036,-7.620356E-05,40.554,0
2.7045,-8.392462E-06,40.5675,0,2.7045,-0.0001007095,40.5675,0
2.7054,4.061952E-05,40.581,0,2.7054,-0.0001379721,40.581,0
2.7063,-0.0001517357,40.5945,0,2.7063,-8.157473E-05,40.5945,0
2.7072,-4.934768E-05,40.608,0,2.7072,-0.0001084306,40.608,0
2.7081,0.0001846342,40.6215,0,2.7081,-0.0001896696,40.6215,0
2.709,2.920577E-05,40.635,0,2.709,-3.961242E-05,40.635,0
2.7099,-6.143282E-05,40.6485,0,2.7099,3.860533E-05,40.6485,0
2.7108,3.659113E-05,40.662,0,2.7108,1.040665E-05,40.662,0
2.7117,-1.913481E-05,40.6755,0,2.7117,4.53193E-05,40.6755,0
2.7126,-0.0001245441,40.689,0,2.7126,4.263371E-05,40.689,0
2.7135,5.706874E-06,40.7025,0,2.7135,-2.484169E-05,40.7025,0
2.7144,-4.39765E-05,40.716,0,2.7144,-3.793393E-05,40.716,0
2.7153,2.349889E-06,40.7295,0,2.7153,4.46479E-05,40.7295,0
2.7162,4.599069E-05,40.743,0,2.7162,0.0001876554,40.743,0
2.7171,1.678492E-06,40.7565,0,2.7171,-2.484169E-05,40.7565,0
2.718,-8.426032E-05,40.77,0,2.718,-6.042573E-05,40.77,0
2.7189,3.054856E-05,40.7835,0,2.7189,-9.835965E-05,40.7835,0
2.7198,-1.712062E-05,40.797,0,2.7198,-6.74754E-05,40.797,0
2.7207,-0.0001238727,40.8105,0,2.7207,-7.687495E-05,40.8105,0
2.7216,1.913481E-05,40.824,0,2.7216,-0.0001131304,40.824,0
2.7225,3.692683E-06,40.8375,0,2.7225,3.054856E-05,40.8375,0
2.7234,-0.000115816,40.851,0,2.7234,6.54612E-05,40.851,0
2.7243,-0.0001470359,40.8645,0,2.7243,-7.452507E-05,40.8645,0
2.7252,-0.0001967193,40.878,0,2.7252,-5.639734E-05,40.878,0
2.7261,-0.0001829557,40.8915,0,2.7261,-1.879912E-05,40.8915,0
2.727,-0.0001477073,40.905,0,2.727,-3.659113E-05,40.905,0
2.7279,-1.007095E-06,40.9185,0,2.7279,-7.721065E-06,40.9185,0
2.7288,0.0002695659,40.932,0,2.7288,-4.196231E-05,40.932,0
2.7297,0.0003937743,40.9455,0,2.7297,6.814679E-05,40.9455,0
2.7306,0.0003028,40.959,0,2.7306,5.102617E-05,40.959,0
2.7315,0.0002239109,40.9725,0,2.7315,-2.920577E-05,40.9725,0
2.7324,9.231708E-05,40.986,0,2.7324,-0.0001507286,40.986,0
2.7333,-6.54612E-05,40.9995,0,2.7333,-1.947051E-05,40.9995,0
2.7342,-1.107805E-05,41.013,0,2.7342,-4.934768E-05,41.013,0
2.7351,0.0001080949,41.0265,0,2.7351,-0.0001641566,41.0265,0
2.736,-7.049668E-05,41.04,0,2.736,1.913481E-05,41.04,0
2.7369,-0.0001366293,41.0535,0,2.7369,0.0001138018,41.0535,0
2.7378,-7.687495E-05,41.067,0,2.7378,-1.040665E-05,41.067,0
2.7387,-6.57969E-05,41.0805,0,2.7387,3.793393E-05,41.0805,0
2.7396,-0.0001050736,41.094,0,2.7396,0.0001218585,41.094,0
2.7405,-0.0001292439,41.1075,0,2.7405,7.888914E-05,41.1075,0
2.7414,-0.0001205158,41.121,0,2.7414,-7.519646E-05,41.121,0
2.7423,-6.478981E-05,41.1345,0,2.7423,-0.0002333104,41.1345,0
2.7432,8.728161E-06,41.148,0,2.7432,-5.539025E-05,41.148,0
2.7441,5.404745E-05,41.1615,0,2.7441,1.007095E-05,41.1615,0
2.745,-2.1149E-05,41.175,0,2.745,-0.0001030594,41.175,0
2.7459,4.229801E-05,41.1885,0,2.7459,-0.0002218967,41.1885,0
2.7468,-0.0001467002,41.202,0,2.7468,-0.0002289464,41.202,0
2.7477,-0.0001185016,41.2155,0,2.7477,-0.0002349889,41.2155,0
2.7486,0.0001044022,41.229,0,2.7486,-0.000158114,41.229,0
2.7495,-4.162661E-05,41.2425,0,2.7495,0.0002077974,41.2425,0
2.7504,-7.183947E-05,41.256,0,2.7504,0.0004213016,41.256,0
2.7513,0.0001127947,41.2695,0,2.7513,0.0002306248,41.2695,0
2.7522,2.987716E-05,41.283,0,2.7522,0.0001846342,41.283,0
2.7531,-0.0001493858,41.2965,0,2.7531,0.000203769,41.2965,0
2.754,-5.404745E-05,41.31,0,2.754,0.0001500572,41.31,0
2.7549,4.263371E-05,41.3235,0,2.7549,0.000105745,41.3235,0
2.7558,-1.007095E-06,41.337,0,2.7558,2.349889E-06,41.337,0
2.7567,-1.678492E-05,41.3505,0,2.7567,1.242084E-05,41.3505,0
2.7576,4.196231E-05,41.364,0,2.7576,-8.493171E-05,41.364,0
2.7585,-1.275654E-05,41.3775,0,2.7585,-0.000193698,41.3775,0
2.7594,2.652018E-05,41.391,0,2.7594,-0.0001641566,41.391,0
2.7603,2.349889E-06,41.4045,0,2.7603,-3.927672E-05,41.4045,0
2.7612,-3.692683E-06,41.418,0,2.7612,-8.291753E-05,41.418,0
2.7621,6.881819E-05,41.4315,0,2.7621,-5.371176E-05,41.4315,0
2.763,-2.685588E-06,41.445,0,2.763,7.687495E-05,41.445,0
2.7639,-7.016098E-05,41.4585,0,2.7639,1.644922E-05,41.4585,0
2.7648,-1.107805E-05,41.472,0,2.7648,-0.0001188373,41.472,0
2.7657,-0.0001295796,41.4855,0,2.7657,1.242084E-05,41.4855,0
2.7666,-8.258183E-05,41.499,0,2.7666,7.217517E-05,41.499,0
2.7675,-8.157473E-05,41.5125,0,2.7675,9.365987E-05,41.5125,0
2.7684,-3.692683E-05,41.526,0,2.7684,5.438316E-05,41.526,0
2.7693,5.337606E-05,41.5395,0,2.7693,1.007095E-06,41.5395,0
2.7702,-1.376364E-05,41.553,0,2.7702,-8.191043E-05,41.553,0
2.7711,-0.000115816,41.5665,0,2.7711,-0.0001550927,41.5665,0
2.772,-4.33051E-05,41.58,0,2.772,-6.61326E-05,41.58,0
2.7729,-1.174945E-05,41.5935,0,2.7729,-8.291753E-05,41.5935,0
2.7738,-7.251087E-05,41.607,0,2.7738,6.210422E-05,41.607,0
2.7747,9.634547E-05,41.6205,0,2.7747,8.728161E-06,41.6205,0
2.7756,0.0001463645,41.634,0,2.7756,-0.0001748989,41.634,0
2.7765,9.500267E-05,41.6475,0,2.7765,1.846342E-05,41.6475,0
2.7774,5.740444E-05,41.661,0,2.7774,-5.606165E-05,41.661,0
2.7783,4.263371E-05,41.6745,0,2.7783,-0.0001148089,41.6745,0
2.7792,1.376364E-05,41.688,0,2.7792,-5.740444E-05,41.688,0
2.7801,-0.0001315938,41.7015,0,2.7801,-3.289845E-05,41.7015,0
2.781,-7.956054E-05,41.715,0,2.781,-5.505455E-05,41.715,0
2.7819,-0.0001094377,41.7285,0,2.7819,-5.337606E-05,41.7285,0
2.7828,9.735256E-06,41.742,0,2.7828,-0.0001373007,41.742,0
2.7837,0.0001312581,41.7555,0,2.7837,7.721065E-06,41.7555,0
2.7846,0.0001594568,41.769,0,2.7846,7.888914E-05,41.769,0
2.7855,0.0002776226,41.7825,0,2.7855,1.007095E-05,41.7825,0
2.7864,0.000323949,41.796,0,2.7864,-6.411841E-05,41.796,0
2.7873,3.021286E-05,41.8095,0,2.7873,-6.948959E-05,41.8095,0
2.7882,3.994812E-05,41.823,0,2.7882,-2.014191E-06,41.823,0
2.7891,0.000148043,41.8365,0,2.7891,5.035477E-06,41.8365,0
2.79,-9.634547E-05,41.85,0,2.79,0.0001087663,41.85,0
2.7909,-0.0002121614,41.8635,0,2.7909,2.887007E-05,41.8635,0
2.7918,-8.157473E-05,41.877,0,2.7918,-0.0001255512,41.877,0
2.7927,0.0002386816,41.8905,0,2.7927,-2.517739E-05,41.8905,0
2.7936,3.692683E-06,41.904,0,2.7936,9.735256E-06,41.904,0
2.7945,7.049668E-06,41.9175,0,2.7945,-5.673304E-05,41.9175,0
2.7954,0.0001017166,41.931,0,2.7954,-2.1149E-05,41.931,0
2.7963,6.78111E-05,41.9445,0,2.7963,-1.745632E-05,41.9445,0
2.7972,-6.109713E-05,41.958,0,2.7972,0.0001554284,41.958,0
2.7981,-0.0001262226,41.9715,0,2.7981,8.560311E-05,41.9715,0
2.799,2.853437E-05,41.985,0,2.799,6.74754E-05,41.985,0
2.7999,0.0003125353,41.9985,0,2.7999,0.0001950408,41.9985,0
2.8008,0.0001386435,42.012,0,2.8008,2.014191E-06,42.012,0
2.8017,-0.0001148089,42.0255,0,2.8017,-0.0001295796,42.0255,0
2.8026,3.524834E-05,42.039,0,2.8026,-0.0001540856,42.039,0
2.8035,-4.666209E-05,42.0525,0,2.8035,-3.021286E-05,42.0525,0
2.8044,-0.0001715419,42.066,0,2.8044,-4.263371E-05,42.066,0
2.8053,-0.0001279011,42.0795,0,2.8053,-0.0001530785,42.0795,0
2.8062,-5.841154E-05,42.093,0,2.8062,-9.164568E-05,42.093,0
2.8071,-0.0001252155,42.1065,0,2.8071,1.879912E-05,42.1065,0
2.808,-0.0001097734,42.12,0,2.808,-1.309224E-05,42.12,0
2.8089,-9.869535E-05,42.1335,0,2.8089,-3.692683E-05,42.1335,0
2.8098,-1.376364E-05,42.147,0,2.8098,-0.0001185016,42.147,0
2.8107,-0.0001520714,42.1605,0,2.8107,-4.599069E-05,42.1605,0
2.8116,-0.0002131685,42.174,0,2.8116,-1.040665E-05,42.174,0
2.8125,-7.183947E-05,42.1875,0,2.8125,-8.258183E-05,42.1875,0
2.8134,-8.89601E-05,42.201,0,2.8134,-9.298848E-05,42.201,0
2.8143,-0.0001530785,42.2145,0,2.8143,5.236896E-05,42.2145,0
2.8152,-3.457694E-05,42.228,0,2.8152,4.028382E-06,42.228,0
2.8161,0.0001634852,42.2415,0,2.8161,-0.0001228656,42.2415,0
2.817,1.040665E-05,42.255,0,2.817,7.385367E-06,42.255,0
2.8179,-1.174945E-05,42.2685,0,2.8179,-1.913481E-05,42.2685,0
2.8188,8.291753E-05,42.282,0,2.8188,-7.855344E-05,42.282,0
2.8197,5.606165E-05,42.2955,0,2.8197,1.007095E-05,42.2955,0
2.8206,-5.471885E-05,42.309,0,2.8206,5.069047E-05,42.309,0
2.8215,-5.035477E-06,42.3225,0,2.8215,-1.611353E-05,42.3225,0
2.8224,-4.733349E-05,42.336,0,2.8224,-2.819867E-05,42.336,0
2.8233,3.121996E-05,42.3495,0,2.8233,-5.471885E-05,42.3495,0
2.8242,1.007095E-06,42.363,0,2.8242,7.486076E-05,42.363,0
2.8251,-0.0001832914,42.3765,0,2.8251,2.853437E-05,42.3765,0
2.826,-0.0001117876,42.39,0,2.826,-6.54612E-05,42.39,0
2.8269,-4.901198E-05,42.4035,0,2.8269,-5.539025E-05,42.4035,0
2.8278,-0.0001101091,42.417,0,2.8278,2.719158E-05,42.417,0
2.8287,-0.0001460288,42.4305,0,2.8287,-3.692683E-06,42.4305,0
2.8296,1.040665E-05,42.444,0,2.8296,-7.183947E-05,42.444,0
2.8305,-2.24918E-05,42.4575,0,2.8305,0.0001205158,42.4575,0
2.8314,4.263371E-05,42.471,0,2.8314,7.385367E-05,42.471,0
2.8323,0.0001379721,42.4845,0,2.8323,-7.956054E-05,42.4845,0
2.8332,-5.203327E-05,42.498,0,2.8332,-4.196231E-05,42.498,0
2.8341,-0.0001258869,42.5115,0,2.8341,-2.719158E-05,42.5115,0
2.835,-4.33051E-05,42.525,0,2.835,-5.304036E-05,42.525,0
2.8359,1.678492E-06,42.5385,0,2.8359,-6.51255E-05,42.5385,0
2.8368,4.36408E-06,42.552,0,2.8368,-7.351797E-05,42.552,0
2.8377,5.404745E-05,42.5655,0,2.8377,7.922484E-05,42.5655,0
2.8386,-4.129091E-05,42.579,0,2.8386,0.0001138018,42.579,0
2.8395,1.913481E-05,42.5925,0,2.8395,7.754635E-05,42.5925,0
2.8404,7.486076E-05,42.606,0,2.8404,-7.284657E-05,42.606,0
2.8413,-1.443504E-05,42.6195,0,2.8413,-8.526741E-05,42.6195,0
2.8422,-1.107805E-05,42.633,0,2.8422,2.349889E-05,42.633,0
2.8431,6.411841E-05,42.6465,0,2.8431,-0.0001389792,42.6465,0
2.844,-5.706874E-05,42.66,0,2.844,-5.069047E-05,42.66,0
2.8449,2.987716E-05,42.6735,0,2.8449,0.0001080949,42.6735,0
2.8458,2.047761E-05,42.687,0,2.8458,7.620356E-05,42.687,0
2.8467,0.0001443503,42.7005,0,2.8467,8.69459E-05,42.7005,0
2.8476,0.0001151446,42.714,0,2.8476,4.800488E-05,42.714,0
2.8485,2.349889E-05,42.7275,0,2.8485,9.198138E-05,42.7275,0
2.8494,3.457694E-05,42.741,0,2.8494,0.0001312581,42.741,0
2.8503,0.0001339437,42.7545,0,2.8503,-5.404745E-05,42.7545,0
2.8512,7.956054E-05,42.768,0,2.8512,-1.510643E-05,42.768,0
2.8521,4.934768E-05,42.7815,0,2.8521,5.035477E-06,42.7815,0
2.853,0.0001802701,42.795,0,2.853,-7.754635E-05,42.795,0
2.8539,0.000119173,42.8085,0,2.8539,-0.0002047761,42.8085,0
2.8548,-0.0001604639,42.822,0,2.8548,-0.0001010452,42.822,0
2.8557,-0.0001010452,42.8355,0,2.8557,-0.0001567712,42.8355,0
2.8566,9.063859E-05,42.849,0,2.8566,-0.000207126,42.849,0
2.8575,-0.000102388,42.8625,0,2.8575,3.994812E-05,42.8625,0
2.8584,-8.224613E-05,42.876,0,2.8584,3.289845E-05,42.876,0
2.8593,0.0001111162,42.8895,0,2.8593,-9.433127E-05,42.8895,0
2.8602,9.063859E-05,42.903,0,2.8602,8.526741E-05,42.903,0
2.8611,-6.478981E-05,42.9165,0,2.8611,9.903105E-05,42.9165,0
2.862,1.678492E-06,42.93,0,2.862,-5.337606E-05,42.93,0
2.8629,2.383459E-05,42.9435,0,2.8629,-6.915389E-05,42.9435,0
2.8638,-2.584878E-05,42.957,0,2.8638,-0.0001920195,42.957,0
2.8647,-6.143282E-05,42.9705,0,2.8647,-8.358892E-05,42.9705,0
2.8656,-0.0002017548,42.984,0,2.8656,-9.399557E-05,42.984,0
2.8665,-0.0001735561,42.9975,0,2.8665,-4.53193E-05,42.9975,0
2.8674,-3.424125E-05,43.011,0,2.8674,4.867628E-05,43.011,0
2.8683,-0.0001534142,43.0245,0,2.8683,0.0001141375,43.0245,0
2.8692,-4.565499E-05,43.038,0,2.8692,9.500267E-05,43.038,0
2.8701,0.0001487144,43.0515,0,2.8701,-2.517739E-05,43.0515,0
2.871,-3.121996E-05,43.065,0,2.871,-5.706874E-06,43.065,0
2.8719,-5.169757E-05,43.0785,0,2.8719,-3.424125E-05,43.0785,0
2.8728,-1.644922E-05,43.092,0,2.8728,-0.0001265583,43.092,0
2.8737,-0.0001708705,43.1055,0,2.8737,-2.551309E-05,43.1055,0
2.8746,-0.0002098116,43.119,0,2.8746,2.920577E-05,43.119,0
2.8755,-8.761731E-05,43.1325,0,2.8755,-3.390555E-05,43.1325,0
2.8764,0.0001594568,43.146,0,2.8764,-4.263371E-05,43.146,0
2.8773,0.0003044785,43.1595,0,2.8773,-7.754635E-05,43.1595,0
2.8782,0.0003283131,43.173,0,2.8782,1.846342E-05,43.173,0
2.8791,0.0002534524,43.1865,0,2.8791,-1.846342E-05,43.1865,0
2.88,9.365987E-05,43.2,0,2.88,-0.0001101091,43.2,0
2.8809,0.0001017166,43.2135,0,2.8809,-7.855344E-05,43.2135,0
2.8818,-1.174945E-05,43.227,0,2.8818,1.376364E-05,43.227,0
2.8827,-1.712062E-05,43.2405,0,2.8827,-4.33051E-05,43.2405,0
2.8836,2.719158E-05,43.254,0,2.8836,-9.802396E-05,43.254,0
2.8845,-1.846342E-05,43.2675,0,2.8845,4.968337E-05,43.2675,0
2.8854,-8.392462E-06,43.281,0,2.8854,5.673304E-05,43.281,0
2.8863,-6.948959E-05,43.2945,0,2.8863,-3.659113E-05,43.2945,0
2.8872,-0.0001309224,43.308,0,2.8872,-3.021286E-06,43.308,0
2.8881,-0.0001359579,43.3215,0,2.8881,2.652018E-05,43.3215,0
2.889,-5.136187E-05,43.335,0,2.889,7.049668E-06,43.335,0
2.8899,4.36408E-06,43.3485,0,2.8899,3.692683E-06,43.3485,0
2.8908,-2.18204E-05,43.362,0,2.8908,-1.107805E-05,43.362,0
2.8917,-8.358892E-05,43.3755,0,2.8917,0.0001070878,43.3755,0
2.8926,-0.0002695659,43.389,0,2.8926,0.0001356222,43.389,0
2.8935,-0.0001373007,43.4025,0,2.8935,-0.0001258869,43.4025,0
2.8944,-1.577783E-05,43.416,0,2.8944,-0.0002648661,43.416,0
2.8953,7.385367E-06,43.4295,0,2.8953,-3.256275E-05,43.4295,0
2.8962,0.0001188373,43.443,0,2.8962,-5.001907E-05,43.443,0
2.8971,0.0002652018,43.4565,0,2.8971,-7.586786E-05,43.4565,0
2.898,6.915389E-05,43.47,0,2.898,7.049668E-05,43.47,0
2.8989,7.486076E-05,43.4835,0,2.8989,0.0001252155,43.4835,0
2.8998,0.0001309224,43.497,0,2.8998,3.860533E-05,43.497,0
2.9007,-7.083238E-05,43.5105,0,2.9007,5.606165E-05,43.5105,0
2.9016,-0.0001530785,43.524,0,2.9016,2.484169E-05,43.524,0
2.9025,-5.539025E-05,43.5375,0,2.9025,-5.069047E-05,43.5375,0
2.9034,-6.378271E-05,43.551,0,2.9034,-7.418937E-05,43.551,0
2.9043,-2.719158E-05,43.5645,0,2.9043,-0.0001359579,43.5645,0
2.9052,5.841154E-05,43.578,0,2.9052,-1.846342E-05,43.578,0
2.9061,8.392462E-06,43.5915,0,2.9061,1.913481E-05,43.5915,0
2.907,-1.745632E-05,43.605,0,2.907,-1.007095E-06,43.605,0
2.9079,1.611353E-05,43.6185,0,2.9079,-1.409934E-05,43.6185,0
2.9088,-0.000102388,43.632,0,2.9088,3.189136E-05,43.632,0
2.9097,-9.903105E-05,43.6455,0,2.9097,-9.063859E-06,43.6455,0
2.9106,5.706874E-05,43.659,0,2.9106,-0.0001144732,43.659,0
2.9115,-3.692683E-05,43.6725,0,2.9115,2.24918E-05,43.6725,0
2.9124,-0.0001950408,43.686,0,2.9124,-5.975433E-05,43.686,0
2.9133,-4.46479E-05,43.6995,0,2.9133,-0.0001769131,43.6995,0
2.9142,-5.673304E-05,43.713,0,2.9142,-4.934768E-05,43.713,0
2.9151,-0.0001607996,43.7265,0,2.9151,1.712062E-05,43.7265,0
2.916,-0.0001275654,43.74,0,2.916,-2.1149E-05,43.74,0
2.9169,-7.821774E-05,43.7535,0,2.9169,-3.860533E-05,43.7535,0
2.9178,-5.706874E-06,43.767,0,2.9178,-6.411841E-05,43.767,0
2.9187,-1.409934E-05,43.7805,0,2.9187,6.478981E-05,43.7805,0
2.9196,6.411841E-05,43.794,0,2.9196,1.846342E-05,43.794,0
2.9205,8.761731E-05,43.8075,0,2.9205,-4.36408E-06,43.8075,0
2.9214,0.0001493858,43.821,0,2.9214,1.980621E-05,43.821,0
2.9223,9.970245E-05,43.8345,0,2.9223,8.358892E-05,43.8345,0
2.9232,0.0001534142,43.848,0,2.9232,4.800488E-05,43.848,0
2.9241,9.466698E-05,43.8615,0,2.9241,-0.0001238727,43.8615,0
2.925,-6.881819E-05,43.875,0,2.925,-0.0001752346,43.875,0
2.9259,-0.0001037308,43.8885,0,2.9259,-2.652018E-05,43.8885,0
2.9268,-9.399557E-05,43.902,0,2.9268,0.0001389792,43.902,0
2.9277,-0.0001312581,43.9155,0,2.9277,0.00024271,43.9155,0
2.9286,-0.0001695277,43.929,0,2.9286,0.0001849699,43.929,0
2.9295,-0.0001517357,43.9425,0,2.9295,4.867628E-05,43.9425,0
2.9304,-0.0001258869,43.956,0,2.9304,-3.726253E-05,43.956,0
2.9313,4.699779E-05,43.9695,0,2.9313,-0.0001701991,43.9695,0
2.9322,-6.61326E-05,43.983,0,2.9322,-0.0001853056,43.983,0
2.9331,-0.0001420005,43.9965,0,2.9331,-0.0002474098,43.9965,0
2.934,-8.728161E-06,44.01,0,2.934,-0.000161471,44.01,0
2.9349,9.097429E-05,44.0235,0,2.9349,-5.404745E-05,44.0235,0
2.9358,-3.659113E-05,44.037,0,2.9358,0.0001211871,44.037,0
2.9367,2.1149E-05,44.0505,0,2.9367,0.0001554284,44.0505,0
2.9376,0.0002208896,44.064,0,2.9376,8.86244E-05,44.064,0
2.9385,3.054856E-05,44.0775,0,2.9385,0.0001232013,44.0775,0
2.9394,0,44.091,0,2.9394,5.874724E-05,44.091,0
2.9403,0.0001030594,44.1045,0,2.9403,-7.821774E-05,44.1045,0
2.9412,4.699779E-05,44.118,0,2.9412,-5.539025E-05,44.118,0
2.9421,6.277562E-05,44.1315,0,2.9421,-8.728161E-06,44.1315,0
2.943,0.0002611734,44.145,0,2.943,-1.678492E-06,44.145,0
2.9439,0.0001802701,44.1585,0,2.9439,4.36408E-05,44.1585,0
2.9448,8.761731E-05,44.172,0,2.9448,-4.934768E-05,44.172,0
2.9457,8.761731E-05,44.1855,0,2.9457,3.189136E-05,44.1855,0
2.9466,-8.728161E-06,44.199,0,2.9466,2.383459E-05,44.199,0
2.9475,-0.000133608,44.2125,0,2.9475,-0.0001701991,44.2125,0
2.9484,-5.941863E-05,44.226,0,2.9484,-0.0001342794,44.226,0
2.9493,-0.0001245441,44.2395,0,2.9493,3.155566E-05,44.2395,0
2.9502,-0.0002044404,44.253,0,2.9502,-3.692683E-06,44.253,0
2.9511,-8.72816E-05,44.2665,0,2.9511,-0.0001560998,44.2665,0
2.952,-8.89601E-05,44.28,0,2.952,-5.874724E-05,44.28,0
2.9529,1.846342E-05,44.2935,0,2.9529,5.572595E-05,44.2935,0
2.9538,0.0001453574,44.307,0,2.9538,-9.466698E-05,44.307,0
2.9547,0.0002222324,44.3205,0,2.9547,1.007095E-06,44.3205,0
2.9556,0.0001574426,44.334,0,2.9556,4.061952E-05,44.334,0
2.9565,0.0001514,44.3475,0,2.9565,-9.030289E-05,44.3475,0
2.9574,8.392462E-06,44.361,0,2.9574,-9.332418E-05,44.361,0
2.9583,7.754635E-05,44.3745,0,2.9583,-9.970245E-05,44.3745,0
2.9592,1.174945E-05,44.388,0,2.9592,2.1149E-05,44.388,0
2.9601,-2.417029E-05,44.4015,0,2.9601,4.39765E-05,44.4015,0
2.961,5.539025E-05,44.415,0,2.961,-5.270466E-05,44.415,0
2.9619,6.009003E-05,44.4285,0,2.9619,-5.941863E-05,44.4285,0
2.9628,-0.000115816,44.442,0,2.9628,6.109713E-05,44.442,0
2.9637,-8.493171E-05,44.4555,0,2.9637,1.577783E-05,44.4555,0
2.9646,-2.1149E-05,44.469,0,2.9646,-8.493171E-05,44.469,0
2.9655,-0.0001346151,44.4825,0,2.9655,-6.713969E-06,44.4825,0
2.9664,-2.551309E-05,44.496,0,2.9664,0.0001198444,44.496,0
2.9673,-1.947051E-05,44.5095,0,2.9673,-4.565499E-05,44.5095,0
2.9682,-0.0001225299,44.523,0,2.9682,-3.390555E-05,44.523,0
2.9691,-0.0001453574,44.5365,0,2.9691,7.251087E-05,44.5365,0
2.97,-7.016098E-05,44.55,0,2.97,4.229801E-05,44.55,0
2.9709,-7.989624E-05,44.5635,0,2.9709,1.577783E-05,44.5635,0
2.9718,-5.270466E-05,44.577,0,2.9718,-4.733349E-05,44.577,0
2.9727,-4.599069E-05,44.5905,0,2.9727,3.524834E-05,44.5905,0
2.9736,-0.0001436789,44.604,0,2.9736,3.793393E-05,44.604,0
2.9745,-6.344701E-05,44.6175,0,2.9745,-2.652018E-05,44.6175,0
2.9754,0.0001070878,44.631,0,2.9754,-0.0001225299,44.631,0
2.9763,-0.0001299153,44.6445,0,2.9763,-2.853437E-05,44.6445,0
2.9772,-7.318227E-05,44.658,0,2.9772,-6.210422E-05,44.658,0
2.9781,0.0002729229,44.6715,0,2.9781,-0.000126894,44.6715,0
2.979,0.0001064164,44.685,0,2.979,5.035477E-06,44.685,0
2.9799,8.69459E-05,44.6985,0,2.9799,-6.713969E-07,44.6985,0
2.9808,0.0002064546,44.712,0,2.9808,-8.627451E-05,44.712,0
2.9817,0.0001326009,44.7255,0,2.9817,-3.189136E-05,44.7255,0
2.9826,-4.800488E-05,44.739,0,2.9826,0.0001258869,44.739,0
2.9835,-7.721065E-06,44.7525,0,2.9835,7.620356E-05,44.7525,0
2.9844,-2.719158E-05,44.766,0,2.9844,-0.000158114,44.766,0
2.9853,-0.000109102,44.7795,0,2.9853,-0.0001822843,44.7795,0
2.9862,-0.0001436789,44.793,0,2.9862,-0.0001507286,44.793,0
2.9871,-8.82887E-05,44.8065,0,2.9871,-0.0001493858,44.8065,0
2.988,-1.342794E-06,44.82,0,2.988,-0.0001255512,44.82,0
2.9889,6.64683E-05,44.8335,0,2.9889,-7.284657E-05,44.8335,0
2.9898,1.275654E-05,44.847,0,2.9898,5.606165E-05,44.847,0
2.9907,2.349889E-06,44.8605,0,2.9907,8.023193E-05,44.8605,0
2.9916,0.0001003738,44.874,0,2.9916,-2.316319E-05,44.874,0
2.9925,-4.800488E-05,44.8875,0,2.9925,8.358892E-05,44.8875,0
2.9934,-4.36408E-05,44.901,0,2.9934,7.083238E-05,44.901,0
2.9943,-2.349889E-06,44.9145,0,2.9943,-2.014191E-06,44.9145,0
2.9952,-0.0001238727,44.928,0,2.9952,4.53193E-05,44.928,0
2.9961,-0.0001174945,44.9415,0,2.9961,6.076142E-05,44.9415,0
2.997,-4.33051E-05,44.955,0,2.997,3.457694E-05,44.955,0
2.9979,-3.323415E-05,44.9685,0,2.9979,1.141375E-05,44.9685,0
2.9988,1.745632E-05,44.982,0,2.9988,-5.639734E-05,44.982,0
2.9997,-4.061952E-05,44.9955,0,2.9997,1.980621E-05,44.9955,0
3.0006,-2.014191E-05,45.009,0,3.0006,-3.021286E-06,45.009,0
3.0015,3.121996E-05,45.0225,0,3.0015,-9.835965E-05,45.0225,0
3.0024,4.061952E-05,45.036,0,3.0024,-6.411841E-05,45.036,0
3.0033,9.063859E-06,45.0495,0,3.0033,2.383459E-05,45.0495,0
3.0042,1.309224E-05,45.063,0,3.0042,-7.318227E-05,45.063,0
3.0051,0.0001473716,45.0765,0,3.0051,-0.0001326009,45.0765,0
3.006,-9.735256E-06,45.09,0,3.006,4.834058E-05,45.09,0
3.0069,-6.277562E-05,45.1035,0,3.0069,5.337606E-05,45.1035,0
3.0078,-1.107805E-05,45.117,0,3.0078,-5.304036E-05,45.117,0
3.0087,-5.673304E-05,45.1305,0,3.0087,4.36408E-06,45.1305,0
3.0096,-0.000154757,45.144,0,3.0096,3.692683E-05,45.144,0
3.0105,-9.231708E-05,45.1575,0,3.0105,-1.678492E-05,45.1575,0
3.0114,-0.0001658351,45.171,0,3.0114,-3.390555E-05,45.171,0
3.0123,-6.143282E-05,45.1845,0,3.0123,-8.69459E-05,45.1845,0
3.0132,1.980621E-05,45.198,0,3.0132,-1.376364E-05,45.198,0
3.0141,-0.0001681849,45.2115,0,3.0141,-2.383459E-05,45.2115,0
3.015,-0.0001386435,45.225,0,3.015,-5.941863E-05,45.225,0
3.0159,5.337606E-05,45.2385,0,3.0159,-1.242084E-05,45.2385,0
3.0168,-3.021286E-05,45.252,0,3.0168,0.0001084306,45.252,0
3.0177,-3.390555E-05,45.2655,0,3.0177,-4.53193E-05,45.2655,0
3.0186,0.0001514,45.279,0,3.0186,-0.0002218967,45.279,0
3.0195,5.774014E-05,45.2925,0,3.0195,-8.82887E-05,45.2925,0
3.0204,-5.706874E-06,45.306,0,3.0204,-0.0001060807,45.306,0
3.0213,4.196231E-05,45.3195,0,3.0213,-0.0002084688,45.3195,0
3.0222,0.0001708705,45.333,0,3.0222,-9.735256E-06,45.333,0
3.0231,-2.517739E-05,45.3465,0,3.0231,0.0002376745,45.3465,0
3.024,-3.356985E-07,45.36,0,3.024,0.0001426719,45.36,0
3.0249,4.095522E-05,45.3735,0,3.0249,8.459602E-05,45.3735,0
3.0258,8.258183E-05,45.387,0,3.0258,-1.007095E-06,45.387,0
3.0267,8.358892E-05,45.4005,0,3.0267,4.46479E-05,45.4005,0
3.0276,-8.89601E-05,45.414,0,3.0276,2.383459E-05,45.414,0
3.0285,-4.129091E-05,45.4275,0,3.0285,-8.157473E-05,45.4275,0
3.0294,-1.107805E-05,45.441,0,3.0294,-0.0001003738,45.441,0
3.0303,-0.0001080949,45.4545,0,3.0303,-4.699779E-06,45.4545,0
3.0312,-0.0001748989,45.468,0,3.0312,-9.433127E-05,45.468,0
3.0321,-6.61326E-05,45.4815,0,3.0321,-0.000246067,45.4815,0
3.033,-3.726253E-05,45.495,0,3.033,-0.0001470359,45.495,0
3.0339,6.042573E-06,45.5085,0,3.0339,-0.0001131304,45.5085,0
3.0348,0.0001060807,45.522,0,3.0348,-0.0001309224,45.522,0
3.0357,0.0001755703,45.5355,0,3.0357,2.853437E-05,45.5355,0
3.0366,0.0001413291,45.549,0,3.0366,0.0002534524,45.549,0
3.0375,0,45.5625,0,3.0375,0,45.5625,0
3.0384,0,45.576,0,3.0384,0,45.576,0
3.0393,0,45.5895,0,3.0393,0,45.5895,0
3.0402,0,45.603,0,3.0402,0,45.603,0
3.0411,0,45.6165,0,3.0411,0,45.6165,0
3.042,0,45.63,0,3.042,0,45.63,0
3.0429,0,45.6435,0,3.0429,0,45.6435,0
3.0438,0,45.657,0,3.0438,0,45.657,0
3.0447,0,45.6705,0,3.0447,0,45.6705,0
3.0456,0,45.684,0,3.0456,0,45.684,0
3.0465,0,45.6975,0,3.0465,0,45.6975,0
3.0474,0,45.711,0,3.0474,0,45.711,0
3.0483,0,45.7245,0,3.0483,0,45.7245,0
3.0492,0,45.738,0,3.0492,0,45.738,0
3.0501,0,45.7515,0,3.0501,0,45.7515,0
3.051,0,45.765,0,3.051,0,45.765,0
3.0519,0,45.7785,0,3.0519,0,45.7785,0
3.0528,0,45.792,0,3.0528,0,45.792,0
3.0537,0,45.8055,0,3.0537,0,45.8055,0
3.0546,0,45.819,0,3.0546,0,45.819,0
3.0555,0,45.8325,0,3.0555,0,45.8325,0
3.0564,0,45.846,0,3.0564,0,45.846,0
3.0573,0,45.8595,0,3.0573,0,45.8595,0
3.0582,0,45.873,0,3.0582,0,45.873,0
3.0591,0,45.8865,0,3.0591,0,45.8865,0
3.06,0,45.9,0,3.06,0,45.9,0
3.0609,0,45.9135,0,3.0609,0,45.9135,0
3.0618,0,45.927,0,3.0618,0,45.927,0
3.0627,0,45.9405,0,3.0627,0,45.9405,0
3.0636,0,45.954,0,3.0636,0,45.954,0
3.0645,0,45.9675,0,3.0645,0,45.9675,0
3.0654,0,45.981,0,3.0654,0,45.981,0
3.0663,0,45.9945,0,3.0663,0,45.9945,0
3.0672,0,46.008,0,3.0672,0,46.008,0
3.0681,0,46.0215,0,3.0681,0,46.0215,0
3.069,0,46.035,0,3.069,0,46.035,0
3.0699,0,46.0485,0,3.0699,0,46.0485,0
3.0708,0,46.062,0,3.0708,0,46.062,0
3.0717,0,46.0755,0,3.0717,0,46.0755,0
3.0726,0,46.089,0,3.0726,0,46.089,0
3.0735,0,46.1025,0,3.0735,0,46.1025,0
3.0744,0,46.116,0,3.0744,0,46.116,0
3.0753,0,46.1295,0,3.0753,0,46.1295,0
3.0762,0,46.143,0,3.0762,0,46.143,0
3.0771,0,46.1565,0,3.0771,0,46.1565,0
3.078,0,46.17,0,3.078,0,46.17,0
3.0789,0,46.1835,0,3.0789,0,46.1835,0
3.0798,0,46.197,0,3.0798,0,46.197,0
3.0807,0,46.2105,0,3.0807,0,46.2105,0
3.0816,0,46.224,0,3.0816,0,46.224,0
3.0825,0,46.2375,0,3.0825,0,46.2375,0
3.0834,0,46.251,0,3.0834,0,46.251,0
3.0843,0,46.2645,0,3.0843,0,46.2645,0
3.0852,0,46.278,0,3.0852,0,46.278,0
3.0861,0,46.2915,0,3.0861,0,46.2915,0
3.087,0,46.305,0,3.087,0,46.305,0
3.0879,0,46.3185,0,3.0879,0,46.3185,0
3.0888,0,46.332,0,3.0888,0,46.332,0
3.0897,0,46.3455,0,3.0897,0,46.3455,0
3.0906,0,46.359,0,3.0906,0,46.359,0
3.0915,0,46.3725,0,3.0915,0,46.3725,0
3.0924,0,46.386,0,3.0924,0,46.386,0
3.0933,0,46.3995,0,3.0933,0,46.3995,0
3.0942,0,46.413,0,3.0942,0,46.413,0
3.0951,0,46.4265,0,3.0951,0,46.4265,0
3.096,0,46.44,0,3.096,0,46.44,0
3.0969,0,46.4535,0,3.0969,0,46.4535,0
3.0978,0,46.467,0,3.0978,0,46.467,0
3.0987,0,46.4805,0,3.0987,0,46.4805,0
3.0996,0,46.494,0,3.0996,0,46.494,0
3.1005,0,46.5075,0,3.1005,0,46.5075,0
3.1014,0,46.521,0,3.1014,0,46.521,0
3.1023,0,46.5345,0,3.1023,0,46.5345,0
3.1032,0,46.548,0,3.1032,0,46.548,0
3.1041,0,46.5615,0,3.1041,0,46.5615,0
3.105,0,46.575,0,3.105,0,46.575,0
3.1059,0,46.5885,0,3.1059,0,46.5885,0
3.1068,0,46.602,0,3.1068,0,46.602,0
3.1077,0,46.6155,0,3.1077,0,46.6155,0
3.1086,0,46.629,0,3.1086,0,46.629,0
3.1095,0,46.6425,0,3.1095,0,46.6425,0
3.1104,0,46.656,0,3.1104,0,46.656,0
3.1113,0,46.6695,0,3.1113,0,46.6695,0
3.1122,0,46.683,0,3.1122,0,46.683,0
3.1131,0,46.6965,0,3.1131,0,46.6965,0
3.114,0,46.71,0,3.114,0,46.71,0
3.1149,0,46.7235,0,3.1149,0,46.7235,0
3.1158,0,46.737,0,3.1158,0,46.737,0
3.1167,0,46.7505,0,3.1167,0,46.7505,0
3.1176,0,46.764,0,3.1176,0,46.764,0
3.1185,0,46.7775,0,3.1185,0,46.7775,0
3.1194,0,46.791,0,3.1194,0,46.791,0
3.1203,0,46.8045,0,3.1203,0,46.8045,0
3.1212,0,46.818,0,3.1212,0,46.818,0
3.1221,0,46.8315,0,3.1221,0,46.8315,0
3.123,0,46.845,0,3.123,0,46.845,0
3.1239,0,46.8585,0,3.1239,0,46.8585,0
3.1248,0,46.872,0,3.1248,0,46.872,0
3.1257,0,46.8855,0,3.1257,0,46.8855,0
3.1266,0,46.899,0,3.1266,0,46.899,0
3.1275,0,46.9125,0,3.1275,0,46.9125,0
3.1284,0,46.926,0,3.1284,0,46.926,0
3.1293,0,46.9395,0,3.1293,0,46.9395,0
3.1302,0,46.953,0,3.1302,0,46.953,0
3.1311,0,46.9665,0,3.1311,0,46.9665,0
3.132,0,46.98,0,3.132,0,46.98,0
3.1329,0,46.9935,0,3.1329,0,46.9935,0
3.1338,0,47.007,0,3.1338,0,47.007,0
3.1347,0,47.0205,0,3.1347,0,47.0205,0
3.1356,0,47.034,0,3.1356,0,47.034,0
3.1365,0,47.0475,0,3.1365,0,47.0475,0
3.1374,0,47.061,0,3.1374,0,47.061,0
3.1383,0,47.0745,0,3.1383,0,47.0745,0
3.1392,0,47.088,0,3.1392,0,47.088,0
3.1401,0,47.1015,0,3.1401,0,47.1015,0
3.141,0,47.115,0,3.141,0,47.115,0
3.1419,0,47.1285,0,3.1419,0,47.1285,0
3.1428,0,47.142,0,3.1428,0,47.142,0
3.1437,0,47.1555,0,3.1437,0,47.1555,0
3.1446,0,47.169,0,3.1446,0,47.169,0
3.1455,0,47.1825,0,3.1455,0,47.1825,0
3.1464,0,47.196,0,3.1464,0,47.196,0
3.1473,0,47.2095,0,3.1473,0,47.2095,0
3.1482,0,47.223,0,3.1482,0,47.223,0
3.1491,0,47.2365,0,3.1491,0,47.2365,0
3.15,0,47.25,0,3.15,0,47.25,0
3.1509,0,47.2635,0,3.1509,0,47.2635,0
3.1518,0,47.277,0,3.1518,0,47.277,0
3.1527,0,47.2905,0,3.1527,0,47.2905,0
3.1536,0,47.304,0,3.1536,0,47.304,0
3.1545,0,47.3175,0,3.1545,0,47.3175,0
3.1554,0,47.331,0,3.1554,0,47.331,0
3.1563,0,47.3445,0,3.1563,0,47.3445,0
3.1572,0,47.358,0,3.1572,0,47.358,0
3.1581,0,47.3715,0,3.1581,0,47.3715,0
3.159,0,47.385,0,3.159,0,47.385,0
3.1599,0,47.3985,0,3.1599,0,47.3985,0
3.1608,0,47.412,0,3.1608,0,47.412,0
3.1617,0,47.4255,0,3.1617,0,47.4255,0
3.1626,0,47.439,0,3.1626,0,47.439,0
3.1635,0,47.4525,0,3.1635,0,47.4525,0
3.1644,0,47.466,0,3.1644,0,47.466,0
3.1653,0,47.4795,0,3.1653,0,47.4795,0
3.1662,0,47.493,0,3.1662,0,47.493,0
3.1671,0,47.5065,0,3.1671,0,47.5065,0
3.168,0,47.52,0,3.168,0,47.52,0
3.1689,0,47.5335,0,3.1689,0,47.5335,0
3.1698,0,47.547,0,3.1698,0,47.547,0
3.1707,0,47.5605,0,3.1707,0,47.5605,0
3.1716,0,47.574,0,3.1716,0,47.574,0
3.1725,0,47.5875,0,3.1725,0,47.5875,0
3.1734,0,47.601,0,3.1734,0,47.601,0
3.1743,0,47.6145,0,3.1743,0,47.6145,0
3.1752,0,47.628,0,3.1752,0,47.628,0
3.1761,0,47.6415,0,3.1761,0,47.6415,0
3.177,0,47.655,0,3.177,0,47.655,0
3.1779,0,47.6685,0,3.1779,0,47.6685,0
3.1788,0,47.682,0,3.1788,0,47.682,0
3.1797,0,47.6955,0,3.1797,0,47.6955,0
3.1806,0,47.709,0,3.1806,0,47.709,0
3.1815,0,47.7225,0,3.1815,0,47.7225,0
3.1824,0,47.736,0,3.1824,0,47.736,0
3.1833,0,47.7495,0,3.1833,0,47.7495,0
3.1842,0,47.763,0,3.1842,0,47.763,0
3.1851,0,47.7765,0,3.1851,0,47.7765,0
3.186,0,47.79,0,3.186,0,47.79,0
3.1869,0,47.8035,0,3.1869,0,47.8035,0
3.1878,0,47.817,0,3.1878,0,47.817,0
3.1887,0,47.8305,0,3.1887,0,47.8305,0
3.1896,0,47.844,0,3.1896,0,47.844,0
3.1905,0,47.8575,0,3.1905,0,47.8575,0
3.1914,0,47.871,0,3.1914,0,47.871,0
3.1923,0,47.8845,0,3.1923,0,47.8845,0
3.1932,0,47.898,0,3.1932,0,47.898,0
3.1941,0,47.9115,0,3.1941,0,47.9115,0
3.195,0,47.925,0,3.195,0,47.925,0
3.1959,0,47.9385,0,3.1959,0,47.9385,0
3.1968,0,47.952,0,3.1968,0,47.952,0
3.1977,0,47.9655,0,3.1977,0,47.9655,0
3.1986,0,47.979,0,3.1986,0,47.979,0
3.1995,0,47.9925,0,3.1995,0,47.9925,0
3.2004,0,48.006,0,3.2004,0,48.006,0
3.2013,0,48.0195,0,3.2013,0,48.0195,0
3.2022,0,48.033,0,3.2022,0,48.033,0
3.2031,0,48.0465,0,3.2031,0,48.0465,0
3.204,0,48.06,0,3.204,0,48.06,0
3.2049,0,48.0735,0,3.2049,0,48.0735,0
3.2058,0,48.087,0,3.2058,0,48.087,0
3.2067,0,48.1005,0,3.2067,0,48.1005,0
3.2076,0,48.114,0,3.2076,0,48.114,0
3.2085,0,48.1275,0,3.2085,0,48.1275,0
3.2094,0,48.141,0,3.2094,0,48.141,0
3.2103,0,48.1545,0,3.2103,0,48.1545,0
3.2112,0,48.168,0,3.2112,0,48.168,0
3.2121,0,48.1815,0,3.2121,0,48.1815,0
3.213,0,48.195,0,3.213,0,48.195,0
3.2139,0,48.2085,0,3.2139,0,48.2085,0
3.2148,0,48.222,0,3.2148,0,48.222,0
3.2157,0,48.2355,0,3.2157,0,48.2355,0
3.2166,0,48.249,0,3.2166,0,48.249,0
3.2175,0,48.2625,0,3.2175,0,48.2625,0
3.2184,0,48.276,0,3.2184,0,48.276,0
3.2193,0,48.2895,0,3.2193,0,48.2895,0
3.2202,0,48.303,0,3.2202,0,48.303,0
3.2211,0,48.3165,0,3.2211,0,48.3165,0
3.222,0,48.33,0,3.222,0,48.33,0
3.2229,0,48.3435,0,3.2229,0,48.3435,0
3.2238,0,48.357,0,3.2238,0,48.357,0
3.2247,0,48.3705,0,3.2247,0,48.3705,0
3.2256,0,48.384,0,3.2256,0,48.384,0
3.2265,0,48.3975,0,3.2265,0,48.3975,0
3.2274,0,48.411,0,3.2274,0,48.411,0
3.2283,0,48.4245,0,3.2283,0,48.4245,0
3.2292,0,48.438,0,3.2292,0,48.438,0
3.2301,0,48.4515,0,3.2301,0,48.4515,0
3.231,0,48.465,0,3.231,0,48.465,0
3.2319,0,48.4785,0,3.2319,0,48.4785,0
3.2328,0,48.492,0,3.2328,0,48.492,0
3.2337,0,48.5055,0,3.2337,0,48.5055,0
3.2346,0,48.519,0,3.2346,0,48.519,0
3.2355,0,48.5325,0,3.2355,0,48.5325,0
3.2364,0,48.546,0,3.2364,0,48.546,0
3.2373,0,48.5595,0,3.2373,0,48.5595,0
3.2382,0,48.573,0,3.2382,0,48.573,0
3.2391,0,48.5865,0,3.2391,0,48.5865,0
3.24,0,48.6,0,3.24,0,48.6,0
3.2409,0,48.6135,0,3.2409,0,48.6135,0
3.2418,0,48.627,0,3.2418,0,48.627,0
3.2427,0,48.6405,0,3.2427,0,48.6405,0
3.2436,0,48.654,0,3.2436,0,48.654,0
3.2445,0,48.6675,0,3.2445,0,48.6675,0
3.2454,0,48.681,0,3.2454,0,48.681,0
3.2463,0,48.6945,0,3.2463,0,48.6945,0
3.2472,0,48.708,0,3.2472,0,48.708,0
3.2481,0,48.7215,0,3.2481,0,48.7215,0
3.249,0,48.735,0,3.249,0,48.735,0
3.2499,0,48.7485,0,3.2499,0,48.7485,0
3.2508,0,48.762,0,3.2508,0,48.762,0
3.2517,0,48.7755,0,3.2517,0,48.7755,0
3.2526,0,48.789,0,3.2526,0,48.789,0
3.2535,0,48.8025,0,3.2535,0,48.8025,0
3.2544,0,48.816,0,3.2544,0,48.816,0
3.2553,0,48.8295,0,3.2553,0,48.8295,0
3.2562,0,48.843,0,3.2562,0,48.843,0
3.2571,0,48.8565,0,3.2571,0,48.8565,0
3.258,0,48.87,0,3.258,0,48.87,0
3.2589,0,48.8835,0,3.2589,0,48.8835,0
3.2598,0,48.897,0,3.2598,0,48.897,0
3.2607,0,48.9105,0,3.2607,0,48.9105,0
3.2616,0,48.924,0,3.2616,0,48.924,0
3.2625,0,48.9375,0,3.2625,0,48.9375,0
3.2634,0,48.951,0,3.2634,0,48.951,0
3.2643,0,48.9645,0,3.2643,0,48.9645,0
3.2652,0,48.978,0,3.2652,0,48.978,0
3.2661,0,48.9915,0,3.2661,0,48.9915,0
3.267,0,49.005,0,3.267,0,49.005,0
3.2679,0,49.0185,0,3.2679,0,49.0185,0
3.2688,0,49.032,0,3.2688,0,49.032,0
3.2697,0,49.0455,0,3.2697,0,49.0455,0
3.2706,0,49.059,0,3.2706,0,49.059,0
3.2715,0,49.0725,0,3.2715,0,49.0725,0
3.2724,0,49.086,0,3.2724,0,49.086,0
3.2733,0,49.0995,0,3.2733,0,49.0995,0
3.2742,0,49.113,0,3.2742,0,49.113,0
3.2751,0,49.1265,0,3.2751,0,49.1265,0
3.276,0,49.14,0,3.276,0,49.14,0
3.2769,0,49.1535,0,3.2769,0,49.1535,0
3.2778,0,49.167,0,3.2778,0,49.167,0
3.2787,0,49.1805,0,3.2787,0,49.1805,0
3.2796,0,49.194,0,3.2796,0,49.194,0
3.2805,0,49.2075,0,3.2805,0,49.2075,0
3.2814,0,49.221,0,3.2814,0,49.221,0
3.2823,0,49.2345,0,3.2823,0,49.2345,0
3.2832,0,49.248,0,3.2832,0,49.248,0
3.2841,0,49.2615,0,3.2841,0,49.2615,0
3.285,0,49.275,0,3.285,0,49.275,0
3.2859,0,49.2885,0,3.2859,0,49.2885,0
3.2868,0,49.302,0,3.2868,0,49.302,0
3.2877,0,49.3155,0,3.2877,0,49.3155,0
3.2886,0,49.329,0,3.2886,0,49.329,0
3.2895,0,49.3425,0,3.2895,0,49.3425,0
3.2904,0,49.356,0,3.2904,0,49.356,0
3.2913,0,49.3695,0,3.2913,0,49.3695,0
3.2922,0,49.383,0,3.2922,0,49.383,0
3.2931,0,49.3965,0,3.2931,0,49.3965,0
3.294,0,49.41,0,3.294,0,49.41,0
3.2949,0,49.4235,0,3.2949,0,49.4235,0
3.2958,0,49.437,0,3.2958,0,49.437,0
3.2967,0,49.4505,0,3.2967,0,49.4505,0
3.2976,0,49.464,0,3.2976,0,49.464,0
3.2985,0,49.4775,0,3.2985,0,49.4775,0
3.2994,0,49.491,0,3.2994,0,49.491,0
3.3003,0,49.5045,0,3.3003,0,49.5045,0
3.3012,0,49.518,0,3.3012,0,49.518,0
3.3021,0,49.5315,0,3.3021,0,49.5315,0
3.303,0,49.545,0,3.303,0,49.545,0
3.3039,0,49.5585,0,3.3039,0,49.5585,0
3.3048,0,49.572,0,3.3048,0,49.572,0
3.3057,0,49.5855,0,3.3057,0,49.5855,0
3.3066,0,49.599,0,3.3066,0,49.599,0
3.3075,0,49.6125,0,3.3075,0,49.6125,0
3.3084,0,49.626,0,3.3084,0,49.626,0
3.3093,0,49.6395,0,3.3093,0,49.6395,0
3.3102,0,49.653,0,3.3102,0,49.653,0
3.3111,0,49.6665,0,3.3111,0,49.6665,0
3.312,0,49.68,0,3.312,0,49.68,0
3.3129,0,49.6935,0,3.3129,0,49.6935,0
3.3138,0,49.707,0,3.3138,0,49.707,0
3.3147,0,49.7205,0,3.3147,0,49.7205,0
3.3156,0,49.734,0,3.3156,0,49.734,0
3.3165,0,49.7475,0,3.3165,0,49.7475,0
3.3174,0,49.761,0,3.3174,0,49.761,0
3.3183,0,49.7745,0,3.3183,0,49.7745,0
3.3192,0,49.788,0,3.3192,0,49.788,0
3.3201,0,49.8015,0,3.3201,0,49.8015,0
3.321,0,49.815,0,3.321,0,49.815,0
3.3219,0,49.8285,0,3.3219,0,49.8285,0
3.3228,0,49.842,0,3.3228,0,49.842,0
3.3237,0,49.8555,0,3.3237,0,49.8555,0
3.3246,0,49.869,0,3.3246,0,49.869,0
3.3255,0,49.8825,0,3.3255,0,49.8825,0
3.3264,0,49.896,0,3.3264,0,49.896,0
3.3273,0,49.9095,0,3.3273,0,49.9095,0
3.3282,0,49.923,0,3.3282,0,49.923,0
3.3291,0,49.9365,0,3.3291,0,49.9365,0
3.33,0,49.95,0,3.33,0,49.95,0
3.3309,0,49.9635,0,3.3309,0,49.9635,0
3.3318,0,49.977,0,3.3318,0,49.977,0
3.3327,0,49.9905,0,3.3327,0,49.9905,0
3.3336,0,50.004,0,3.3336,0,50.004,0
3.3345,0,50.0175,0,3.3345,0,50.0175,0
3.3354,0,50.031,0,3.3354,0,50.031,0
3.3363,0,50.0445,0,3.3363,0,50.0445,0
3.3372,0,50.058,0,3.3372,0,50.058,0
3.3381,0,50.0715,0,3.3381,0,50.0715,0
3.339,0,50.085,0,3.339,0,50.085,0
3.3399,0,50.0985,0,3.3399,0,50.0985,0
3.3408,0,50.112,0,3.3408,0,50.112,0
3.3417,0,50.1255,0,3.3417,0,50.1255,0
3.3426,0,50.139,0,3.3426,0,50.139,0
3.3435,0,50.1525,0,3.3435,0,50.1525,0
3.3444,0,50.166,0,3.3444,0,50.166,0
3.3453,0,50.1795,0,3.3453,0,50.1795,0
3.3462,0,50.193,0,3.3462,0,50.193,0
3.3471,0,50.2065,0,3.3471,0,50.2065,0
3.348,0,50.22,0,3.348,0,50.22,0
3.3489,0,50.2335,0,3.3489,0,50.2335,0
3.3498,0,50.247,0,3.3498,0,50.247,0
3.3507,0,50.2605,0,3.3507,0,50.2605,0
3.3516,0,50.274,0,3.3516,0,50.274,0
3.3525,0,50.2875,0,3.3525,0,50.2875,0
3.3534,0,50.301,0,3.3534,0,50.301,0
3.3543,0,50.3145,0,3.3543,0,50.3145,0
3.3552,0,50.328,0,3.3552,0,50.328,0
3.3561,0,50.3415,0,3.3561,0,50.3415,0
3.357,0,50.355,0,3.357,0,50.355,0
3.3579,0,50.3685,0,3.3579,0,50.3685,0
3.3588,0,50.382,0,3.3588,0,50.382,0
3.3597,0,50.3955,0,3.3597,0,50.3955,0
3.3606,0,50.409,0,3.3606,0,50.409,0
3.3615,0,50.4225,0,3.3615,0,50.4225,0
3.3624,0,50.436,0,3.3624,0,50.436,0
3.3633,0,50.4495,0,3.3633,0,50.4495,0
3.3642,0,50.463,0,3.3642,0,50.463,0
3.3651,0,50.4765,0,3.3651,0,50.4765,0
3.366,0,50.49,0,3.366,0,50.49,0
3.3669,0,50.5035,0,3.3669,0,50.5035,0
3.3678,0,50.517,0,3.3678,0,50.517,0
3.3687,0,50.5305,0,3.3687,0,50.5305,0
3.3696,0,50.544,0,3.3696,0,50.544,0
3.3705,0,50.5575,0,3.3705,0,50.5575,0
3.3714,0,50.571,0,3.3714,0,50.571,0
3.3723,0,50.5845,0,3.3723,0,50.5845,0
3.3732,0,50.598,0,3.3732,0,50.598,0
3.3741,0,50.6115,0,3.3741,0,50.6115,0
3.375,0,50.625,0,3.375,0,50.625,0
3.3759,0,50.6385,0,3.3759,0,50.6385,0
3.3768,0,50.652,0,3.3768,0,50.652,0
3.3777,0,50.6655,0,3.3777,0,50.6655,0
3.3786,0,50.679,0,3.3786,0,50.679,0
3.3795,0,50.6925,0,3.3795,0,50.6925,0
3.3804,0,50.706,0,3.3804,0,50.706,0
3.3813,0,50.7195,0,3.3813,0,50.7195,0
3.3822,0,50.733,0,3.3822,0,50.733,0
3.3831,0,50.7465,0,3.3831,0,50.7465,0
3.384,0,50.76,0,3.384,0,50.76,0
3.3849,0,50.7735,0,3.3849,0,50.7735,0
3.3858,0,50.787,0,3.3858,0,50.787,0
3.3867,0,50.8005,0,3.3867,0,50.8005,0
3.3876,0,50.814,0,3.3876,0,50.814,0
3.3885,0,50.8275,0,3.3885,0,50.8275,0
3.3894,0,50.841,0,3.3894,0,50.841,0
3.3903,0,50.8545,0,3.3903,0,50.8545,0
3.3912,0,50.868,0,3.3912,0,50.868,0
3.3921,0,50.8815,0,3.3921,0,50.8815,0
3.393,0,50.895,0,3.393,0,50.895,0
3.3939,0,50.9085,0,3.3939,0,50.9085,0
3.3948,0,50.922,0,3.3948,0,50.922,0
3.3957,0,50.9355,0,3.3957,0,50.9355,0
3.3966,0,50.949,0,3.3966,0,50.949,0
3.3975,0,50.9625,0,3.3975,0,50.9625,0
3.3984,0,50.976,0,3.3984,0,50.976,0
3.3993,0,50.9895,0,3.3993,0,50.9895,0
3.4002,0,51.003,0,3.4002,0,51.003,0
3.4011,0,51.0165,0,3.4011,0,51.0165,0
3.402,0,51.03,0,3.402,0,51.03,0
3.4029,0,51.0435,0,3.4029,0,51.0435,0
3.4038,0,51.057,0,3.4038,0,51.057,0
3.4047,0,51.0705,0,3.4047,0,51.0705,0
3.4056,0,51.084,0,3.4056,0,51.084,0
3.4065,0,51.0975,0,3.4065,0,51.0975,0
3.4074,0,51.111,0,3.4074,0,51.111,0
3.4083,0,51.1245,0,3.4083,0,51.1245,0
3.4092,0,51.138,0,3.4092,0,51.138,0
3.4101,0,51.1515,0,3.4101,0,51.1515,0
3.411,0,51.165,0,3.411,0,51.165,0
3.4119,0,51.1785,0,3.4119,0,51.1785,0
3.4128,0,51.192,0,3.4128,0,51.192,0
3.4137,0,51.2055,0,3.4137,0,51.2055,0
3.4146,0,51.219,0,3.4146,0,51.219,0
3.4155,0,51.2325,0,3.4155,0,51.2325,0
3.4164,0,51.246,0,3.4164,0,51.246,0
3.4173,0,51.2595,0,3.4173,0,51.2595,0
3.4182,0,51.273,0,3.4182,0,51.273,0
3.4191,0,51.2865,0,3.4191,0,51.2865,0
3.42,0,51.3,0,3.42,0,51.3,0
3.4209,0,51.3135,0,3.4209,0,51.3135,0
3.4218,0,51.327,0,3.4218,0,51.327,0
3.4227,0,51.3405,0,3.4227,0,51.3405,0
3.4236,0,51.354,0,3.4236,0,51.354,0
3.4245,0,51.3675,0,3.4245,0,51.3675,0
3.4254,0,51.381,0,3.4254,0,51.381,0
3.4263,0,51.3945,0,3.4263,0,51.3945,0
3.4272,0,51.408,0,3.4272,0,51.408,0
3.4281,0,51.4215,0,3.4281,0,51.4215,0
3.429,0,51.435,0,3.429,0,51.435,0
3.4299,0,51.4485,0,3.4299,0,51.4485,0
3.4308,0,51.462,0,3.4308,0,51.462,0
3.4317,0,51.4755,0,3.4317,0,51.4755,0
3.4326,0,51.489,0,3.4326,0,51.489,0
3.4335,0,51.5025,0,3.4335,0,51.5025,0
3.4344,0,51.516,0,3.4344,0,51.516,0
3.4353,0,51.5295,0,3.4353,0,51.5295,0
3.4362,0,51.543,0,3.4362,0,51.543,0
3.4371,0,51.5565,0,3.4371,0,51.5565,0
3.438,0,51.57,0,3.438,0,51.57,0
3.4389,0,51.5835,0,3.4389,0,51.5835,0
3.4398,0,51.597,0,3.4398,0,51.597,0
3.4407,0,51.6105,0,3.4407,0,51.6105,0
3.4416,0,51.624,0,3.4416,0,51.624,0
3.4425,0,51.6375,0,3.4425,0,51.6375,0
3.4434,0,51.651,0,3.4434,0,51.651,0
3.4443,0,51.6645,0,3.4443,0,51.6645,0
3.4452,0,51.678,0,3.4452,0,51.678,0
3.4461,0,51.6915,0,3.4461,0,51.6915,0
3.447,0,51.705,0,3.447,0,51.705,0
3.4479,0,51.7185,0,3.4479,0,51.7185,0
3.4488,0,51.732,0,3.4488,0,51.732,0
3.4497,0,51.7455,0,3.4497,0,51.7455,0
3.4506,0,51.759,0,3.4506,0,51.759,0
3.4515,0,51.7725,0,3.4515,0,51.7725,0
3.4524,0,51.786,0,3.4524,0,51.786,0
3.4533,0,51.7995,0,3.4533,0,51.7995,0
3.4542,0,51.813,0,3.4542,0,51.813,0
3.4551,0,51.8265,0,3.4551,0,51.8265,0
3.456,0,51.84,0,3.456,0,51.84,0
3.4569,0,51.8535,0,3.4569,0,51.8535,0
3.4578,0,51.867,0,3.4578,0,51.867,0
3.4587,0,51.8805,0,3.4587,0,51.8805,0
3.4596,0,51.894,0,3.4596,0,51.894,0
3.4605,0,51.9075,0,3.4605,0,51.9075,0
3.4614,0,51.921,0,3.4614,0,51.921,0
3.4623,0,51.9345,0,3.4623,0,51.9345,0
3.4632,0,51.948,0,3.4632,0,51.948,0
3.4641,0,51.9615,0,3.4641,0,51.9615,0
3.465,0,51.975,0,3.465,0,51.975,0
3.4659,0,51.9885,0,3.4659,0,51.9885,0
3.4668,0,52.002,0,3.4668,0,52.002,0
3.4677,0,52.0155,0,3.4677,0,52.0155,0
3.4686,0,52.029,0,3.4686,0,52.029,0
3.4695,0,52.0425,0,3.4695,0,52.0425,0
3.4704,0,52.056,0,3.4704,0,52.056,0
3.4713,0,52.0695,0,3.4713,0,52.0695,0
3.4722,0,52.083,0,3.4722,0,52.083,0
3.4731,0,52.0965,0,3.4731,0,52.0965,0
3.474,0,52.11,0,3.474,0,52.11,0
3.4749,0,52.1235,0,3.4749,0,52.1235,0
3.4758,0,52.137,0,3.4758,0,52.137,0
3.4767,0,52.1505,0,3.4767,0,52.1505,0
3.4776,0,52.164,0,3.4776,0,52.164,0
3.4785,0,52.1775,0,3.4785,0,52.1775,0
3.4794,0,52.191,0,3.4794,0,52.191,0
3.4803,0,52.2045,0,3.4803,0,52.2045,0
3.4812,0,52.218,0,3.4812,0,52.218,0
3.4821,0,52.2315,0,3.4821,0,52.2315,0
3.483,0,52.245,0,3.483,0,52.245,0
3.4839,0,52.2585,0,3.4839,0,52.2585,0
3.4848,0,52.272,0,3.4848,0,52.272,0
3.4857,0,52.2855,0,3.4857,0,52.2855,0
3.4866,0,52.299,0,3.4866,0,52.299,0
3.4875,0,52.3125,0,3.4875,0,52.3125,0
3.4884,0,52.326,0,3.4884,0,52.326,0
3.4893,0,52.3395,0,3.4893,0,52.3395,0
3.4902,0,52.353,0,3.4902,0,52.353,0
3.4911,0,52.3665,0,3.4911,0,52.3665,0
3.492,0,52.38,0,3.492,0,52.38,0
3.4929,0,52.3935,0,3.4929,0,52.3935,0
3.4938,0,52.407,0,3.4938,0,52.407,0
3.4947,0,52.4205,0,3.4947,0,52.4205,0
3.4956,0,52.434,0,3.4956,0,52.434,0
