X[s],"Trigno IM sensor 3: EMG 3 (IM)",X[s],"Trigno IM sensor 3: Mag 3.Z (IM)",X[s],"Trigno IM sensor 4: EMG 4 (IM)",X[s],"Trigno IM sensor 4: Mag 4.Z (IM)"
0.000000,3.793393E-05,0.000000,48,0.000000,-3.323415E-05,0.000000,107
0.0009,-5.807584E-05,0.0135,48,0.0009,-2.584878E-05,0.0135,103
0.0018,-7.083238E-05,0.027,47,0.0018,-3.323415E-05,0.027,104
0.0027,3.726253E-05,0.0405,47,0.0027,-6.74754E-05,0.0405,101
0.0036,6.78111E-05,0.054,46,0.0036,-0.000112459,0.054,101
0.0045,2.081331E-05,0.0675,48,0.0045,-0.000115816,0.0675,103
0.0054,-1.678492E-06,0.081,47,0.0054,-9.835965E-05,0.081,104
0.0063,-4.599069E-05,0.0945,47,0.0063,-8.996719E-05,0.0945,104
0.0072,-2.920577E-05,0.108,47,0.0072,-8.661021E-05,0.108,107
0.0081,-3.155566E-05,0.1215,48,0.0081,-8.69459E-05,0.1215,101
0.009000001,3.155566E-05,0.135,47,0.009000001,-7.486076E-05,0.135,102
0.0099,-3.927672E-05,0.1485,47,0.0099,-5.706874E-05,0.1485,106
0.0108,-5.706874E-06,0.162,47,0.0108,-5.539025E-05,0.162,104
0.0117,8.023193E-05,0.1755,47,0.0117,-3.390555E-05,0.1755,106
0.0126,3.826963E-05,0.189,46,0.0126,-6.344701E-05,0.189,105
0.0135,9.097429E-05,0.2025,47,0.0135,-4.49836E-05,0.2025,104
0.0144,9.701686E-05,0.216,46,0.0144,-3.961242E-05,0.216,103
0.0153,7.049668E-06,0.2295,46,0.0153,-5.706874E-06,0.2295,103
0.0162,1.007095E-05,0.243,47,0.0162,-1.007095E-06,0.243,106
0.0171,-3.524834E-05,0.2565,46,0.0171,-2.920577E-05,0.2565,103
0.018,-0.0001111162,0.27,47,0.018,-2.887007E-05,0.27,108
0.0189,-8.157473E-05,0.2835,48,0.0189,-3.692683E-05,0.2835,103
0.0198,-6.277562E-05,0.297,46,0.0198,-5.371176E-05,0.297,103
0.0207,-3.793393E-05,0.3105,47,0.0207,-4.800488E-05,0.3105,105
0.0216,-9.164568E-05,0.324,47,0.0216,-6.076142E-05,0.324,108
0.0225,-0.0001064164,0.3375,47,0.0225,-6.64683E-05,0.3375,101
0.0234,-4.901198E-05,0.351,47,0.0234,-6.814679E-05,0.351,102
0.0243,-0.0001013809,0.3645,47,0.0243,-9.768826E-05,0.3645,103
0.0252,-0.0001003738,0.378,46,0.0252,-0.0001352865,0.378,101
0.0261,-8.661021E-05,0.3915,46,0.0261,-0.0001487144,0.3915,107
0.027,-0.0001406577,0.405,48,0.027,-0.000158114,0.405,102
0.0279,-4.39765E-05,0.4185,47,0.0279,-0.0001574426,0.4185,101
0.0288,0.0001168231,0.432,47,0.0288,-0.0001735561,0.432,104
0.0297,5.774014E-05,0.4455,48,0.0297,-9.835965E-05,0.4455,101
0.0306,2.349889E-06,0.459,47,0.0306,-8.560311E-05,0.459,107
0.0315,4.565499E-05,0.4725,47,0.0315,-7.922484E-05,0.4725,105
0.0324,0.0001218585,0.486,48,0.0324,-2.752728E-05,0.486,103
0.0333,2.752728E-05,0.4995,47,0.0333,4.36408E-05,0.4995,104
0.0342,5.069047E-05,0.513,47,0.0342,6.61326E-05,0.513,104
0.0351,0.0001527428,0.5265,47,0.0351,1.913481E-05,0.5265,104
0.036,-2.853437E-05,0.54,45,0.036,9.097429E-05,0.54,104
0.0369,1.040665E-05,0.5535,48,0.0369,0.0001393149,0.5535,108
0.0378,0.0001030594,0.567,47,0.0378,8.82887E-05,0.567,104
0.0387,-4.699779E-06,0.5805,47,0.0387,9.533837E-05,0.5805,103
0.0396,-9.097429E-05,0.594,47,0.0396,0.0001537499,0.594,106
0.0405,-3.356985E-07,0.6075,47,0.0405,0.0001262226,0.6075,102
0.0414,-5.706874E-06,0.621,44,0.0414,0.0001242084,0.621,107
0.0423,2.887007E-05,0.6345,46,0.0423,7.956054E-05,0.6345,101
0.0432,7.083238E-05,0.648,46,0.0432,9.600977E-05,0.648,104
0.0441,3.927672E-05,0.6615,45,0.0441,8.661021E-05,0.6615,106
0.045,3.591974E-05,0.675,44,0.045,1.275654E-05,0.675,104
0.0459,5.807584E-05,0.6885,45,0.0459,-2.383459E-05,0.6885,105
0.0468,1.779202E-05,0.702,44,0.0468,1.141375E-05,0.702,107
0.0477,-2.450599E-05,0.7155,46,0.0477,-2.24918E-05,0.7155,103
0.0486,8.224613E-05,0.729,44,0.0486,-8.72816E-05,0.729,104
0.0495,2.853437E-05,0.7425,46,0.0495,-3.390555E-05,0.7425,104
0.0504,-6.814679E-05,0.756,43,0.0504,-5.404745E-05,0.756,102
0.0513,1.712062E-05,0.7695,45,0.0513,-0.0001040665,0.7695,105
0.0522,0.000115816,0.783,44,0.0522,-0.0001067521,0.783,103
0.0531,-3.524834E-05,0.7965,44,0.0531,-9.433127E-05,0.7965,100
0.054,-1.980621E-05,0.81,43,0.054,-0.0001443503,0.81,103
0.0549,4.263371E-05,0.8235,43,0.0549,-0.0001520714,0.8235,102
0.0558,2.1149E-05,0.837,44,0.0558,-0.0001460288,0.837,100
0.0567,-2.349889E-06,0.8505,43,0.0567,-8.761731E-05,0.8505,103
0.0576,-0.0001087663,0.864,44,0.0576,-7.922484E-05,0.864,100
0.0585,-1.174945E-05,0.8775,46,0.0585,-5.908293E-05,0.8775,96
0.0594,1.309224E-05,0.891,48,0.0594,-3.659113E-05,0.891,102
0.0603,-8.224613E-05,0.9045,48,0.0603,3.726253E-05,0.9045,96
0.0612,-5.270466E-05,0.918,48,0.0612,4.800488E-05,0.918,98
0.0621,5.505455E-05,0.9315,49,0.0621,6.378271E-06,0.9315,99
0.063,-2.584878E-05,0.945,50,0.063,7.083238E-05,0.945,97
0.0639,3.994812E-05,0.9585,48,0.0639,7.284657E-05,0.9585,103
0.0648,-4.36408E-06,0.972,48,0.0648,1.007095E-06,0.972,98
0.0657,-8.627451E-05,0.9855,46,0.0657,3.860533E-05,0.9855,98
0.0666,-4.901198E-05,0.999,45,0.0666,6.243992E-05,0.999,101
0.0675,-6.210422E-05,1.0125,43,0.0675,3.793393E-05,1.0125,104
0.0684,-4.867628E-05,1.026,43,0.0684,4.800488E-05,1.026,98
0.0693,6.6804E-05,1.0395,44,0.0693,1.409934E-05,1.0395,102
0.0702,3.860533E-05,1.053,44,0.0702,7.486076E-05,1.053,103
0.0711,-9.701686E-05,1.0665,44,0.0711,7.721065E-05,1.0665,99
0.072,-7.016098E-05,1.08,45,0.072,3.021286E-06,1.08,100
0.0729,5.706874E-06,1.0935,44,0.0729,-6.713969E-07,1.0935,100
0.07380001,-0.0001920195,1.107,44,0.07380001,5.572595E-05,1.107,98
0.07470001,-0.0001383078,1.1205,44,0.07470001,2.652018E-05,1.1205,100
0.0756,4.028382E-05,1.134,42,0.0756,-3.457694E-05,1.134,100
0.0765,-0.0001077592,1.1475,44,0.0765,8.728161E-06,1.1475,99
0.0774,-7.418937E-05,1.161,44,0.0774,3.692683E-06,1.161,99
0.0783,-1.409934E-05,1.1745,42,0.0783,-7.754635E-05,1.1745,101
0.0792,-5.001907E-05,1.188,41,0.0792,-6.143282E-05,1.188,101
0.0801,-0.0001010452,1.2015,42,0.0801,-2.1149E-05,1.2015,101
0.081,-4.263371E-05,1.215,42,0.081,-8.392462E-05,1.215,104
0.0819,2.383459E-05,1.2285,42,0.0819,-0.0001070878,1.2285,100
0.0828,4.800488E-05,1.242,41,0.0828,-0.0001258869,1.242,102
0.0837,0.0001144732,1.2555,41,0.0837,-6.176852E-05,1.2555,102
0.0846,0.0001070878,1.269,40,0.0846,-5.572595E-05,1.269,100
0.0855,6.915389E-05,1.2825,41,0.0855,-7.687495E-05,1.2825,100
0.0864,0.0001376364,1.296,43,0.0864,-8.82887E-05,1.296,102
0.0873,6.411841E-05,1.3095,42,0.0873,-1.275654E-05,1.3095,101
0.0882,6.143282E-05,1.323,41,0.0882,-2.21561E-05,1.323,100
0.0891,0.0001755703,1.3365,40,0.0891,-8.056764E-05,1.3365,97
0.09,9.097429E-05,1.35,39,0.09,-5.069047E-05,1.35,101
0.0909,7.956054E-05,1.3635,40,0.0909,-4.599069E-05,1.3635,102
0.0918,0.0001654994,1.377,40,0.0918,-0.0001309224,1.377,100
0.0927,0.0001037308,1.3905,42,0.0927,-0.0001010452,1.3905,100
0.0936,3.894102E-05,1.404,41,0.0936,-0.0001087663,1.404,100
0.09450001,7.385367E-06,1.4175,41,0.09450001,-0.0001564355,1.4175,104
0.09540001,2.349889E-05,1.431,42,0.09540001,-0.0001473716,1.431,99
0.09630001,5.337606E-05,1.4445,42,0.09630001,-0.0001809415,1.4445,100
0.0972,-3.256275E-05,1.458,42,0.0972,-0.0001188373,1.458,101
0.0981,-0.0001295796,1.4715,44,0.0981,-9.433127E-05,1.4715,103
0.099,-4.061952E-05,1.485,43,0.099,-9.332418E-05,1.485,105
0.0999,-3.659113E-05,1.4985,43,0.0999,-8.258183E-05,1.4985,98
0.1008,-0.0001205158,1.512,42,0.1008,-3.390555E-05,1.512,99
0.1017,-4.229801E-05,1.5255,43,0.1017,-3.189136E-05,1.5255,101
0.1026,-5.706874E-06,1.539,41,0.1026,-5.404745E-05,1.539,100
0.1035,-8.72816E-05,1.5525,43,0.1035,3.659113E-05,1.5525,104
0.1044,2.1149E-05,1.566,42,0.1044,6.54612E-05,1.566,103
0.1053,2.853437E-05,1.5795,43,0.1053,2.450599E-05,1.5795,97
0.1062,-0.0001285725,1.593,43,0.1062,7.016098E-05,1.593,100
0.1071,-0.0001426719,1.6065,45,0.1071,0.000105745,1.6065,101
0.108,-0.0001131304,1.62,45,0.108,8.761731E-05,1.62,100
0.1089,-0.0001705348,1.6335,45,0.1089,8.090334E-05,1.6335,101
0.1098,-7.351797E-05,1.647,44,0.1098,4.129091E-05,1.647,98
0.1107,-4.43122E-05,1.6605,44,0.1107,9.231708E-05,1.6605,100
0.1116,-8.291753E-05,1.674,45,0.1116,0.0001138018,1.674,99
0.1125,-2.786297E-05,1.6875,44,0.1125,9.030289E-05,1.6875,100
0.1134,-1.980621E-05,1.701,45,0.1134,9.030289E-05,1.701,100
0.1143,-0.0001332723,1.7145,45,0.1143,0.000115816,1.7145,97
0.1152,-0.0001117876,1.728,45,0.1152,8.090334E-05,1.728,98
0.1161,3.994812E-05,1.7415,44,0.1161,1.947051E-05,1.7415,99
0.117,-4.632639E-05,1.755,44,0.117,7.620356E-05,1.755,101
0.1179,-0.0001668421,1.7685,44,0.1179,4.867628E-05,1.7685,97
0.1188,-3.256275E-05,1.782,44,0.1188,-2.584878E-05,1.782,101
0.1197,8.92958E-05,1.7955,45,0.1197,-2.1149E-05,1.7955,100
0.1206,-7.318227E-05,1.809,44,0.1206,1.779202E-05,1.809,99
0.1215,-2.618448E-05,1.8225,44,0.1215,8.392462E-06,1.8225,97
0.1224,-3.356985E-05,1.836,45,0.1224,-2.584878E-05,1.836,101
0.1233,-2.383459E-05,1.8495,46,0.1233,-7.385367E-05,1.8495,99
0.1242,-2.383459E-05,1.863,46,0.1242,-4.061952E-05,1.863,99
0.1251,-0.0001389792,1.8765,45,0.1251,-2.517739E-05,1.8765,101
0.126,-0.000105745,1.89,45,0.126,-6.61326E-05,1.89,98
0.1269,3.356985E-06,1.9035,45,0.1269,-8.426032E-05,1.9035,99
0.1278,-5.572595E-05,1.917,45,0.1278,-6.713969E-06,1.917,102
0.1287,2.316319E-05,1.9305,46,0.1287,-1.376364E-05,1.9305,101
0.1296,0.0001232013,1.944,45,0.1296,-7.754635E-05,1.944,96
0.1305,6.143282E-05,1.9575,46,0.1305,-8.392462E-06,1.9575,100
0.1314,8.023193E-05,1.971,45,0.1314,-2.417029E-05,1.971,100
0.1323,0.000112459,1.9845,46,0.1323,-9.433127E-05,1.9845,98
0.1332,0.0001305867,1.998,44,0.1332,-4.632639E-05,1.998,100
0.1341,1.846342E-05,2.0115,45,0.1341,-7.049668E-06,2.0115,101
0.135,3.256275E-05,2.025,47,0.135,-8.728161E-06,2.025,103
0.1359,9.298848E-05,2.0385,47,0.1359,-3.356985E-07,2.0385,100
0.1368,0.0001675135,2.052,45,0.1368,-2.316319E-05,2.052,99
0.1377,0.0001084306,2.0655,47,0.1377,3.054856E-05,2.0655,99
0.1386,0.0001161517,2.079,47,0.1386,1.779202E-05,2.079,98
0.1395,0.000158114,2.0925,47,0.1395,-1.678492E-05,2.0925,97
0.1404,9.903105E-05,2.106,47,0.1404,-1.107805E-05,2.106,100
0.1413,-2.014191E-05,2.1195,47,0.1413,3.994812E-05,2.1195,97
0.1422,3.189136E-05,2.133,46,0.1422,1.174945E-05,2.133,100
0.1431,8.325322E-05,2.1465,46,0.1431,-4.129091E-05,2.1465,97
0.144,-6.915389E-05,2.16,47,0.144,1.980621E-05,2.16,99
0.1449,-8.258183E-05,2.1735,48,0.1449,2.1149E-05,2.1735,102
0.1458,1.846342E-05,2.187,45,0.1458,-3.961242E-05,2.187,97
0.1467,4.028382E-06,2.2005,48,0.1467,-2.383459E-05,2.2005,98
0.1476,-3.021286E-05,2.214,48,0.1476,2.853437E-05,2.214,99
0.1485,-5.035477E-06,2.2275,47,0.1485,1.174945E-05,2.2275,99
0.1494,1.779202E-05,2.241,48,0.1494,1.577783E-05,2.241,99
0.1503,8.224613E-05,2.2545,48,0.1503,-2.383459E-05,2.2545,101
0.1512,6.54612E-05,2.268,46,0.1512,2.383459E-05,2.268,100
0.1521,1.577783E-05,2.2815,47,0.1521,5.371176E-05,2.2815,100
0.153,4.263371E-05,2.295,48,0.153,-3.356985E-07,2.295,100
0.1539,0.0001020523,2.3085,47,0.1539,-1.644922E-05,2.3085,98
0.1548,-4.699779E-06,2.322,47,0.1548,3.558404E-05,2.322,100
0.1557,2.1149E-05,2.3355,47,0.1557,1.309224E-05,2.3355,100
0.1566,0.0001910124,2.349,48,0.1566,-4.196231E-05,2.349,100
0.1575,-6.378271E-06,2.3625,47,0.1575,2.652018E-05,2.3625,100
0.1584,-5.874724E-05,2.376,48,0.1584,-2.18204E-05,2.376,98
0.1593,6.344701E-05,2.3895,49,0.1593,-7.284657E-05,2.3895,101
0.1602,3.692683E-06,2.403,48,0.1602,-2.719158E-05,2.403,97
0.1611,-0.0001087663,2.4165,46,0.1611,6.378271E-06,2.4165,102
0.162,-6.210422E-05,2.43,46,0.162,-1.443504E-05,2.43,103
0.1629,-5.606165E-05,2.4435,47,0.1629,-7.049668E-06,2.4435,100
0.1638,-7.049668E-06,2.457,47,0.1638,-2.618448E-05,2.457,98
0.1647,-3.323415E-05,2.4705,48,0.1647,3.692683E-05,2.4705,98
0.1656,0,2.484,48,0.1656,4.968337E-05,2.484,98
0.1665,-1.376364E-05,2.4975,46,0.1665,1.510643E-05,2.4975,100
0.1674,2.1149E-05,2.511,46,0.1674,4.028382E-05,2.511,102
0.1683,-4.36408E-06,2.5245,48,0.1683,0.0001070878,2.5245,98
0.1692,-3.390555E-05,2.538,46,0.1692,0.0001138018,2.538,102
0.1701,7.385367E-05,2.5515,47,0.1701,4.129091E-05,2.5515,99
0.171,1.242084E-05,2.565,45,0.171,9.097429E-05,2.565,95
0.1719,-3.256275E-05,2.5785,46,0.1719,6.54612E-05,2.5785,99
0.1728,7.049668E-06,2.592,46,0.1728,-1.309224E-05,2.592,99
0.1737,-5.270466E-05,2.6055,46,0.1737,1.644922E-05,2.6055,100
0.1746,-8.090334E-05,2.619,46,0.1746,2.652018E-05,2.619,101
0.1755,-3.826963E-05,2.6325,46,0.1755,1.007095E-06,2.6325,101
0.1764,-1.376364E-05,2.646,45,0.1764,-1.242084E-05,2.646,102
0.1773,6.176852E-05,2.6595,44,0.1773,-5.941863E-05,2.6595,98
0.1782,1.040665E-05,2.673,45,0.1782,-9.063859E-06,2.673,98
0.1791,-3.524834E-05,2.6865,45,0.1791,-2.786297E-05,2.6865,101
0.18,-2.24918E-05,2.7,45,0.18,-9.567407E-05,2.7,102
0.1809,7.385367E-06,2.7135,45,0.1809,-0.0001044022,2.7135,101
0.1818,-0.0001473716,2.727,46,0.1818,-6.881819E-05,2.727,99
0.1827,-0.0001144732,2.7405,46,0.1827,-0.0001131304,2.7405,102
0.1836,1.443504E-05,2.754,44,0.1836,-0.0001560998,2.754,99
0.1845,-0.0001540856,2.7675,44,0.1845,-0.0001094377,2.7675,101
0.1854,-0.0001470359,2.781,45,0.1854,-0.0001121233,2.781,99
0.1863,-9.835965E-05,2.7945,46,0.1863,-0.000161471,2.7945,100
0.1872,-0.0001842985,2.808,45,0.1872,-0.0001279011,2.808,102
0.1881,-0.0002054475,2.8215,45,0.1881,-6.176852E-05,2.8215,101
0.189,-0.000109102,2.835,43,0.189,-8.224613E-05,2.835,100
0.1899,-6.57969E-05,2.8485,44,0.1899,-8.191043E-05,2.8485,102
0.1908,-5.606165E-05,2.862,45,0.1908,-0.0001050736,2.862,102
0.1917,-2.987716E-05,2.8755,45,0.1917,-2.081331E-05,2.8755,105
0.1926,0,2.889,45,0.1926,-7.385367E-06,2.889,103
0.1935,-5.874724E-05,2.9025,46,0.1935,-3.591974E-05,2.9025,101
0.1944,5.035477E-06,2.916,44,0.1944,-6.109713E-05,2.916,100
0.1953,-8.291753E-05,2.9295,46,0.1953,-3.256275E-05,2.9295,101
0.1962,-7.150377E-05,2.943,45,0.1962,-7.553216E-05,2.943,102
0.1971,0.0001087663,2.9565,45,0.1971,-0.0001426719,2.9565,97
0.198,9.399558E-06,2.97,45,0.198,-8.761731E-05,2.97,102
0.1989,-2.551309E-05,2.9835,46,0.1989,-6.478981E-05,2.9835,102
0.1998,6.78111E-05,2.997,46,0.1998,-9.231708E-05,2.997,100
0.2007,5.740444E-05,3.0105,45,0.2007,-6.344701E-05,3.0105,98
0.2016,-1.644922E-05,3.024,46,0.2016,-5.169757E-05,3.024,99
0.2025,-3.356985E-05,3.0375,46,0.2025,-7.821774E-05,3.0375,98
0.2034,1.510643E-05,3.051,0,0.2034,-7.016098E-05,3.051,0
0.2043,7.217517E-05,3.0645,0,0.2043,-8.392462E-05,3.0645,0
0.2052,3.054856E-05,3.078,0,0.2052,-1.174945E-05,3.078,0
0.2061,1.342794E-06,3.0915,0,0.2061,-2.719158E-05,3.0915,0
0.207,2.349889E-06,3.105,0,0.207,-3.121996E-05,3.105,0
0.2079,-4.36408E-06,3.1185,0,0.2079,-1.577783E-05,3.1185,0
0.2088,-5.606165E-05,3.132,0,0.2088,5.606165E-05,3.132,0
0.2097,-2.450599E-05,3.1455,0,0.2097,4.666209E-05,3.1455,0
0.2106,-1.678492E-06,3.159,0,0.2106,-2.719158E-05,3.159,0
0.2115,-8.157473E-05,3.1725,0,0.2115,3.659113E-05,3.1725,0
0.2124,-8.291753E-05,3.186,0,0.2124,1.980621E-05,3.186,0
0.2133,-8.627451E-05,3.1995,0,0.2133,-6.344701E-05,3.1995,0
0.2142,-5.740444E-05,3.213,0,0.2142,-6.411841E-05,3.213,0
0.2151,-5.404745E-05,3.2265,0,0.2151,-2.618448E-05,3.2265,0
0.216,-4.129091E-05,3.24,0,0.216,-3.524834E-05,3.24,0
0.2169,-3.927672E-05,3.2535,0,0.2169,-3.390555E-05,3.2535,0
0.2178,3.927672E-05,3.267,0,0.2178,-6.277562E-05,3.267,0
0.2187,5.438316E-05,3.2805,0,0.2187,-2.081331E-05,3.2805,0
0.2196,1.443504E-05,3.294,0,0.2196,5.706874E-06,3.294,0
0.2205,6.6804E-05,3.3075,0,0.2205,-6.378271E-06,3.3075,0
0.2214,0.0001232013,3.321,0,0.2214,6.378271E-06,3.321,0
0.2223,4.39765E-05,3.3345,0,0.2223,7.217517E-05,3.3345,0
0.2232,7.418937E-05,3.348,0,0.2232,7.049668E-05,3.348,0
0.2241,0.0001889983,3.3615,0,0.2241,3.088426E-05,3.3615,0
0.225,4.061952E-05,3.375,0,0.225,7.016098E-05,3.375,0
0.2259,-1.644922E-05,3.3885,0,0.2259,8.82887E-05,3.3885,0
0.2268,7.989624E-05,3.402,0,0.2268,4.263371E-05,3.402,0
0.2277,2.349889E-06,3.4155,0,0.2277,6.948959E-05,3.4155,0
0.2286,-6.6804E-05,3.429,0,0.2286,0.0001094377,3.429,0
0.2295,6.378271E-06,3.4425,0,0.2295,7.318227E-05,3.4425,0
0.2304,1.409934E-05,3.456,0,0.2304,2.450599E-05,3.456,0
0.2313,5.706874E-05,3.4695,0,0.2313,-1.510643E-05,3.4695,0
0.2322,6.881819E-05,3.483,0,0.2322,1.812772E-05,3.483,0
0.2331,6.713969E-07,3.4965,0,0.2331,1.309224E-05,3.4965,0
0.234,-1.275654E-05,3.51,0,0.234,-3.591974E-05,3.51,0
0.2349,1.242084E-05,3.5235,0,0.2349,-4.49836E-05,3.5235,0
0.2358,-7.687495E-05,3.537,0,0.2358,4.699779E-06,3.537,0
0.2367,-5.941863E-05,3.5505,0,0.2367,-3.289845E-05,3.5505,0
0.2376,7.049668E-06,3.564,0,0.2376,-9.365987E-05,3.564,0
0.2385,-5.304036E-05,3.5775,0,0.2385,-3.457694E-05,3.5775,0
0.2394,-4.196231E-05,3.591,0,0.2394,-3.390555E-05,3.591,0
0.2403,2.517739E-05,3.6045,0,0.2403,-7.821774E-05,3.6045,0
0.2412,-2.081331E-05,3.618,0,0.2412,-2.719158E-05,3.618,0
0.2421,-0.0001208515,3.6315,0,0.2421,7.385367E-06,3.6315,0
0.243,-0.0001033951,3.645,0,0.243,-1.644922E-05,3.645,0
0.2439,-2.450599E-05,3.6585,0,0.2439,-1.107805E-05,3.6585,0
0.2448,2.484169E-05,3.672,0,0.2448,-1.779202E-05,3.672,0
0.2457,-2.24918E-05,3.6855,0,0.2457,3.356985E-05,3.6855,0
0.2466,-5.706874E-06,3.699,0,0.2466,4.565499E-05,3.699,0
0.2475,4.263371E-05,3.7125,0,0.2475,1.644922E-05,3.7125,0
0.2484,-8.728161E-06,3.726,0,0.2484,-1.242084E-05,3.726,0
0.2493,-0.0001000381,3.7395,0,0.2493,-6.713969E-07,3.7395,0
0.2502,-3.256275E-05,3.753,0,0.2502,-4.733349E-05,3.753,0
0.2511,2.1149E-05,3.7665,0,0.2511,-9.869535E-05,3.7665,0
0.252,-7.351797E-05,3.78,0,0.252,-4.53193E-05,3.78,0
0.2529,-7.016098E-05,3.7935,0,0.2529,-5.941863E-05,3.7935,0
0.2538,-6.713969E-07,3.807,0,0.2538,-0.0001215228,3.807,0
0.2547,-7.855344E-05,3.8205,0,0.2547,-6.64683E-05,3.8205,0
0.2556,-9.802396E-05,3.834,0,0.2556,6.042573E-06,3.834,0
0.2565,-9.365987E-05,3.8475,0,0.2565,1.309224E-05,3.8475,0
0.2574,-6.61326E-05,3.861,0,0.2574,8.392462E-06,3.861,0
0.2583,8.392462E-06,3.8745,0,0.2583,-3.793393E-05,3.8745,0
0.2592,8.224613E-05,3.888,0,0.2592,-6.713969E-07,3.888,0
0.2601,1.376364E-05,3.9015,0,0.2601,1.007095E-06,3.9015,0
0.261,6.713969E-07,3.915,0,0.261,-5.136187E-05,3.915,0
0.2619,7.486076E-05,3.9285,0,0.2619,-7.150377E-05,3.9285,0
0.2628,-2.584878E-05,3.942,0,0.2628,-2.987716E-05,3.942,0
0.2637,-6.109713E-05,3.9555,0,0.2637,-4.129091E-05,3.9555,0
0.2646,6.74754E-05,3.969,0,0.2646,-6.54612E-05,3.969,0
0.2655,-4.666209E-05,3.9825,0,0.2655,2.887007E-05,3.9825,0
0.2664,-0.0001000381,3.996,0,0.2664,5.035477E-05,3.996,0
0.2673,8.459602E-05,4.0095,0,0.2673,8.728161E-06,4.0095,0
0.2682,0.0001225299,4.023,0,0.2682,2.417029E-05,4.023,0
0.2691,-2.786297E-05,4.0365,0,0.2691,5.505455E-05,4.0365,0
0.27,2.517739E-05,4.05,0,0.27,2.1149E-05,4.05,0
0.2709,8.69459E-05,4.0635,0,0.2709,2.887007E-05,4.0635,0
0.2718,0.0001373007,4.077,0,0.2718,1.208515E-05,4.077,0
0.2727,7.418937E-05,4.0905,0,0.2727,3.591974E-05,4.0905,0
0.2736,-2.349889E-05,4.104,0,0.2736,4.53193E-05,4.104,0
0.2745,2.517739E-05,4.1175,0,0.2745,-3.021286E-06,4.1175,0
0.2754,8.761731E-05,4.131,0,0.2754,-3.524834E-05,4.131,0
0.2763,6.143282E-05,4.1445,0,0.2763,3.021286E-06,4.1445,0
0.2772,2.517739E-05,4.158,0,0.2772,-1.107805E-05,4.158,0
0.2781,0.0001299153,4.1715,0,0.2781,-7.284657E-05,4.1715,0
0.279,0.0001178302,4.185,0,0.279,2.685588E-06,4.185,0
0.2799,0.0001285725,4.1985,0,0.2799,2.014191E-06,4.1985,0
0.2808,0.0001483787,4.212,0,0.2808,-5.505455E-05,4.212,0
0.2817,0.0001312581,4.2255,0,0.2817,-5.404745E-05,4.2255,0
0.2826,6.411841E-05,4.239,0,0.2826,-2.652018E-05,4.239,0
0.2835,2.685588E-05,4.2525,0,0.2835,-5.035477E-05,4.2525,0
0.2844,6.478981E-05,4.266,0,0.2844,-5.404745E-05,4.266,0
0.2853,0.0001688563,4.2795,0,0.2853,-0.0001111162,4.2795,0
0.2862,5.874724E-05,4.293,0,0.2862,-6.210422E-05,4.293,0
0.2871,-5.941863E-05,4.3065,0,0.2871,-4.666209E-05,4.3065,0
0.288,3.457694E-05,4.32,0,0.288,-0.0001121233,4.32,0
0.2889,3.994812E-05,4.3335,0,0.2889,-0.0001339437,4.3335,0
0.2898,-9.433127E-05,4.347,0,0.2898,-0.0001094377,4.347,0
0.2907,-5.404745E-05,4.3605,0,0.2907,-0.0001332723,4.3605,0
0.2916,1.712062E-05,4.374,0,0.2916,-0.0001601282,4.374,0
0.2925,-8.358892E-05,4.3875,0,0.2925,-6.64683E-05,4.3875,0
0.2934,-3.927672E-05,4.401,0,0.2934,-6.814679E-05,4.401,0
0.2943,7.956054E-05,4.4145,0,0.2943,-0.0001292439,4.4145,0
0.2952,-1.779202E-05,4.428,0,0.2952,-8.627451E-05,4.428,0
0.2961,-8.090334E-05,4.4415,0,0.2961,-2.652018E-05,4.4415,0
0.297,-4.867628E-05,4.455,0,0.297,-4.53193E-05,4.455,0
0.2979,-5.941863E-05,4.4685,0,0.2979,-3.524834E-05,4.4685,0
0.2988,1.980621E-05,4.482,0,0.2988,-6.478981E-05,4.482,0
0.2997,-9.735256E-06,4.4955,0,0.2997,-2.517739E-05,4.4955,0
0.3006,-0.0001107805,4.509,0,0.3006,1.275654E-05,4.509,0
0.3015,-5.471885E-05,4.5225,0,0.3015,-1.611353E-05,4.5225,0
0.3024,3.591974E-05,4.536,0,0.3024,-3.726253E-05,4.536,0
0.3033,-0.0001245441,4.5495,0,0.3033,8.728161E-06,4.5495,0
0.3042,-9.198138E-05,4.563,0,0.3042,-1.409934E-05,4.563,0
0.3051,1.980621E-05,4.5765,0,0.3051,-6.54612E-05,4.5765,0
0.306,-6.143282E-05,4.59,0,0.306,5.706874E-06,4.59,0
0.3069,-0.0001567712,4.6035,0,0.3069,1.309224E-05,4.6035,0
0.3078,-0.0001168231,4.617,0,0.3078,-3.289845E-05,4.617,0
0.3087,-0.0001037308,4.6305,0,0.3087,1.510643E-05,4.6305,0
0.3096,-0.0002339818,4.644,0,0.3096,3.558404E-05,4.644,0
0.3105,-0.0002041047,4.6575,0,0.3105,1.275654E-05,4.6575,0
0.3114,-0.0001205158,4.671,0,0.3114,6.378271E-06,4.671,0
0.3123,-0.0001232013,4.6845,0,0.3123,-1.846342E-05,4.6845,0
0.3132,-0.0001033951,4.698,0,0.3132,4.263371E-05,4.698,0
0.3141,-0.000109102,4.7115,0,0.3141,1.040665E-05,4.7115,0
0.315,-0.0001722133,4.725,0,0.315,-2.316319E-05,4.725,0
0.3159,-6.54612E-05,4.7385,0,0.3159,-3.659113E-05,4.7385,0
0.3168,-0.0001030594,4.752,0,0.3168,1.577783E-05,4.752,0
0.3177,-4.565499E-05,4.7655,0,0.3177,-1.678492E-05,4.7655,0
0.3186,8.96315E-05,4.779,0,0.3186,-8.090334E-05,4.779,0
0.3195,9.063859E-06,4.7925,0,0.3195,-1.242084E-05,4.7925,0
0.3204,7.687495E-05,4.806,0,0.3204,-2.1149E-05,4.806,0
0.3213,9.298848E-05,4.8195,0,0.3213,-8.560311E-05,4.8195,0
0.3222,8.224613E-05,4.833,0,0.3222,-5.606165E-05,4.833,0
0.3231,7.183947E-05,4.8465,0,0.3231,-2.18204E-05,4.8465,0
0.324,4.36408E-05,4.86,0,0.324,-1.342794E-05,4.86,0
0.3249,8.392462E-05,4.8735,0,0.3249,1.007095E-05,4.8735,0
0.3258,0.000158114,4.887,0,0.3258,-2.014191E-05,4.887,0
0.3267,5.807584E-05,4.9005,0,0.3267,3.860533E-05,4.9005,0
0.3276,-9.164568E-05,4.914,0,0.3276,6.881819E-05,4.914,0
0.3285,5.035477E-06,4.9275,0,0.3285,2.081331E-05,4.9275,0
0.3294,5.203327E-05,4.941,0,0.3294,-1.242084E-05,4.941,0
0.3303,-2.853437E-05,4.9545,0,0.3303,4.867628E-05,4.9545,0
0.3312,-1.779202E-05,4.968,0,0.3312,2.21561E-05,4.968,0
0.3321,0.0001339437,4.9815,0,0.3321,-4.33051E-05,4.9815,0
0.333,-3.759823E-05,4.995,0,0.333,1.812772E-05,4.995,0
0.3339,-4.061952E-05,5.0085,0,0.3339,1.309224E-05,5.0085,0
0.3348,4.095522E-05,5.022,0,0.3348,-2.987716E-05,5.022,0
0.3357,4.699779E-06,5.0355,0,0.3357,-9.735256E-06,5.0355,0
0.3366,-0.000102388,5.049,0,0.3366,3.021286E-05,5.049,0
0.3375,-4.33051E-05,5.0625,0,0.3375,1.376364E-05,5.0625,0
0.3384,-2.853437E-05,5.076,0,0.3384,-1.242084E-05,5.076,0
0.3393,2.987716E-05,5.0895,0,0.3393,-6.076142E-05,5.0895,0
0.3402,6.74754E-05,5.103,0,0.3402,-2.349889E-05,5.103,0
0.3411,-8.72816E-05,5.1165,0,0.3411,-1.107805E-05,5.1165,0
0.342,-4.061952E-05,5.13,0,0.342,-5.539025E-05,5.13,0
0.3429,3.860533E-05,5.1435,0,0.3429,-3.793393E-05,5.1435,0
0.3438,-6.61326E-05,5.157,0,0.3438,3.424125E-05,5.157,0
0.3447,-8.090334E-05,5.1705,0,0.3447,-1.275654E-05,5.1705,0
0.3456,-3.356985E-07,5.184,0,0.3456,-5.807584E-05,5.184,0
0.3465,-0.0001017166,5.1975,0,0.3465,1.812772E-05,5.1975,0
0.3474,-7.922484E-05,5.211,0,0.3474,2.383459E-05,5.211,0
0.3483,-2.987716E-05,5.2245,0,0.3483,-3.088426E-05,5.2245,0
0.3492,-2.786297E-05,5.238,0,0.3492,-1.141375E-05,5.238,0
0.3501,-0.0001762417,5.2515,0,0.3501,-1.007095E-05,5.2515,0
0.351,-0.0001185016,5.265,0,0.351,-2.786297E-05,5.265,0
0.3519,-5.035477E-06,5.2785,0,0.3519,-6.6804E-05,5.2785,0
0.3528,7.721065E-06,5.292,0,0.3528,-0.0001037308,5.292,0
0.3537,-4.39765E-05,5.3055,0,0.3537,-6.881819E-05,5.3055,0
0.3546,-0.0001080949,5.319,0,0.3546,-5.539025E-05,5.319,0
0.3555,-6.713969E-07,5.3325,0,0.3555,-5.975433E-05,5.3325,0
0.3564,3.726253E-05,5.346,0,0.3564,-6.344701E-05,5.346,0
0.3573,7.721065E-06,5.3595,0,0.3573,-2.1149E-05,5.3595,0
0.3582,8.426032E-05,5.373,0,0.3582,-3.323415E-05,5.373,0
0.3591,0.0001299153,5.3865,0,0.3591,-0.0001010452,5.3865,0
0.36,6.814679E-05,5.4,0,0.36,-1.275654E-05,5.4,0
0.3609,0.0001624781,5.4135,0,0.3609,3.826963E-05,5.4135,0
0.3618,0.0001846342,5.427,0,0.3618,1.242084E-05,5.427,0
0.3627,5.035477E-05,5.4405,0,0.3627,7.553216E-05,5.4405,0
0.3636,2.786297E-05,5.454,0,0.3636,0.0001228656,5.454,0
0.3645,6.311131E-05,5.4675,0,0.3645,8.996719E-05,5.4675,0
0.3654,6.411841E-05,5.481,0,0.3654,3.860533E-05,5.481,0
0.3663,0.0001134661,5.4945,0,0.3663,3.692683E-06,5.4945,0
0.3672,0.0001409934,5.508,0,0.3672,5.740444E-05,5.508,0
0.3681,-1.007095E-05,5.5215,0,0.3681,8.560311E-05,5.5215,0
0.369,1.644922E-05,5.535,0,0.369,8.090334E-05,5.535,0
0.3699,0.000109102,5.5485,0,0.3699,7.687495E-05,5.5485,0
0.3708,-4.46479E-05,5.562,0,0.3708,0.0001077592,5.562,0
0.3717,-3.860533E-05,5.5755,0,0.3717,7.418937E-05,5.5755,0
0.3726,9.970245E-05,5.589,0,0.3726,1.779202E-05,5.589,0
0.3735,1.007095E-06,5.6025,0,0.3735,5.807584E-05,5.6025,0
0.3744,3.994812E-05,5.616,0,0.3744,2.316319E-05,5.616,0
0.3753,0.0001352865,5.6295,0,0.3753,-4.599069E-05,5.6295,0
0.3762,9.030289E-05,5.643,0,0.3762,-2.484169E-05,5.643,0
0.3771,-3.289845E-05,5.6565,0,0.3771,-6.042573E-06,5.6565,0
0.378,-2.014191E-06,5.67,0,0.378,-5.270466E-05,5.67,0
0.3789,4.263371E-05,5.6835,0,0.3789,-5.740444E-05,5.6835,0
0.3798,3.457694E-05,5.697,0,0.3798,-8.593881E-05,5.697,0
0.3807,-4.36408E-05,5.7105,0,0.3807,-2.450599E-05,5.7105,0
0.3816,-0.0001352865,5.724,0,0.3816,-1.947051E-05,5.724,0
0.3825,-5.740444E-05,5.7375,0,0.3825,-6.54612E-05,5.7375,0
0.3834,2.752728E-05,5.751,0,0.3834,-6.076142E-05,5.751,0
0.3843,-3.021286E-05,5.7645,0,0.3843,-2.081331E-05,5.7645,0
0.3852,-7.150377E-05,5.778,0,0.3852,-3.927672E-05,5.778,0
0.3861,4.061952E-05,5.7915,0,0.3861,-0.0001111162,5.7915,0
0.387,-4.699779E-06,5.805,0,0.387,-3.390555E-05,5.805,0
0.3879,-3.961242E-05,5.8185,0,0.3879,-2.316319E-05,5.8185,0
0.3888,1.577783E-05,5.832,0,0.3888,-7.016098E-05,5.832,0
0.3897,4.699779E-06,5.8455,0,0.3897,-3.793393E-05,5.8455,0
0.3906,-0.0001033951,5.859,0,0.3906,2.1149E-05,5.859,0
0.3915,-0.000140322,5.8725,0,0.3915,1.477073E-05,5.8725,0
0.3924,-6.78111E-05,5.886,0,0.3924,2.383459E-05,5.886,0
0.3933,4.53193E-05,5.8995,0,0.3933,2.28275E-05,5.8995,0
0.3942,-5.539025E-05,5.913,0,0.3942,8.426032E-05,5.913,0
0.3951,-8.090334E-05,5.9265,0,0.3951,9.433127E-05,5.9265,0
0.396,-1.913481E-05,5.94,0,0.396,2.047761E-05,5.94,0
0.3969,-3.189136E-05,5.9535,0,0.3969,2.349889E-06,5.9535,0
0.3978,-0.0001218585,5.967,0,0.3978,5.841154E-05,5.967,0
0.3987,-0.000109102,5.9805,0,0.3987,4.53193E-05,5.9805,0
0.3996,-2.383459E-05,5.994,0,0.3996,-3.390555E-05,5.994,0
0.4005,-0.0001117876,6.0075,0,0.4005,3.591974E-05,6.0075,0
0.4014,-0.0001467002,6.021,0,0.4014,4.901198E-05,6.021,0
0.4023,-4.028382E-05,6.0345,0,0.4023,-2.24918E-05,6.0345,0
0.4032,-2.28275E-05,6.048,0,0.4032,-2.349889E-05,6.048,0
0.4041,-0.0001131304,6.0615,0,0.4041,-6.042573E-06,6.0615,0
0.405,-3.591974E-05,6.075,0,0.405,-5.807584E-05,6.075,0
0.4059,-5.572595E-05,6.0885,0,0.4059,-8.761731E-05,6.0885,0
0.4068,-1.477073E-05,6.102,0,0.4068,-0.000112459,6.102,0
0.4077,-2.18204E-05,6.1155,0,0.4077,-6.042573E-05,6.1155,0
0.4086,-0.000158114,6.129,0,0.4086,-9.298848E-05,6.129,0
0.4095,-5.740444E-05,6.1425,0,0.4095,-0.000144686,6.1425,0
0.4104,4.666209E-05,6.156,0,0.4104,-0.000158114,6.156,0
0.4113,-9.231708E-05,6.1695,0,0.4113,-0.0001037308,6.1695,0
0.4122,-4.666209E-05,6.183,0,0.4122,-0.0001144732,6.183,0
0.4131,8.89601E-05,6.1965,0,0.4131,-0.0001560998,6.1965,0
0.414,9.735256E-06,6.21,0,0.414,-8.72816E-05,6.21,0
0.4149,5.035477E-06,6.2235,0,0.4149,-7.284657E-05,6.2235,0
0.4158,0.0001144732,6.237,0,0.4158,-0.000109102,6.237,0
0.4167,7.486076E-05,6.2505,0,0.4167,-8.157473E-05,6.2505,0
0.4176,-3.256275E-05,6.264,0,0.4176,-4.129091E-05,6.264,0
0.4185,1.007095E-05,6.2775,0,0.4185,-4.968337E-05,6.2775,0
0.4194,5.606165E-05,6.291,0,0.4194,-3.356985E-05,6.291,0
0.4203,4.196231E-05,6.3045,0,0.4203,-4.699779E-05,6.3045,0
0.4212,3.591974E-05,6.318,0,0.4212,1.510643E-05,6.318,0
0.4221,-2.316319E-05,6.3315,0,0.4221,1.980621E-05,6.3315,0
0.423,-3.759823E-05,6.345,0,0.423,-1.779202E-05,6.345,0
0.4239,5.639734E-05,6.3585,0,0.4239,-1.242084E-05,6.3585,0
0.4248,-2.014191E-06,6.372,0,0.4248,4.162661E-05,6.372,0
0.4257,-3.390555E-05,6.3855,0,0.4257,-1.040665E-05,6.3855,0
0.4266,5.404745E-05,6.399,0,0.4266,-5.471885E-05,6.399,0
0.4275,-1.376364E-05,6.4125,0,0.4275,3.356985E-05,6.4125,0
0.4284,3.927672E-05,6.426,0,0.4284,1.678492E-06,6.426,0
0.4293,9.466698E-05,6.4395,0,0.4293,-6.6804E-05,6.4395,0
0.4302,9.768826E-05,6.453,0,0.4302,-1.712062E-05,6.453,0
0.4311,2.383459E-05,6.4665,0,0.4311,3.054856E-05,6.4665,0
0.432,-9.399558E-06,6.48,0,0.432,-7.049668E-06,6.48,0
0.4329,3.591974E-05,6.4935,0,0.4329,1.712062E-05,6.4935,0
0.4338,7.452507E-05,6.507,0,0.4338,-9.399558E-06,6.507,0
0.4347,-1.007095E-06,6.5205,0,0.4347,6.948959E-05,6.5205,0
0.4356,-0.0001362936,6.534,0,0.4356,4.33051E-05,6.534,0
0.4365,-4.800488E-05,6.5475,0,0.4365,-1.309224E-05,6.5475,0
0.4374,1.678492E-06,6.561,0,0.4374,-3.927672E-05,6.561,0
0.4383,-0.0001433432,6.5745,0,0.4383,1.376364E-05,6.5745,0
0.4392,-8.627451E-05,6.588,0,0.4392,6.713969E-07,6.588,0
0.4401,2.920577E-05,6.6015,0,0.4401,-5.639734E-05,6.6015,0
0.441,-2.584878E-05,6.615,0,0.441,-1.074235E-05,6.615,0
0.4419,0.0001245441,6.6285,0,0.4419,-2.786297E-05,6.6285,0
0.4428,0.0001366293,6.642,0,0.4428,-0.000119173,6.642,0
0.4437,8.426032E-05,6.6555,0,0.4437,-9.668116E-05,6.6555,0
0.4446,5.337606E-05,6.669,0,0.4446,-5.471885E-05,6.669,0
0.4455,3.323415E-05,6.6825,0,0.4455,-8.560311E-05,6.6825,0
0.4464,-1.107805E-05,6.696,0,0.4464,-9.835965E-05,6.696,0
0.4473,4.599069E-05,6.7095,0,0.4473,-0.0001252155,6.7095,0
0.4482,-3.054856E-05,6.723,0,0.4482,-6.344701E-05,6.723,0
0.4491,-7.721065E-05,6.7365,0,0.4491,-4.36408E-05,6.7365,0
0.45,-9.701686E-05,6.75,0,0.45,-9.097429E-05,6.75,0
0.4509,-3.826963E-05,6.7635,0,0.4509,-8.560311E-05,6.7635,0
0.4518,-0.0001225299,6.777,0,0.4518,-1.544213E-05,6.777,0
0.4527,-0.0001104448,6.7905,0,0.4527,-3.256275E-05,6.7905,0
0.4536,3.390555E-05,6.804,0,0.4536,-6.61326E-05,6.804,0
0.4545,-9.735256E-05,6.8175,0,0.4545,2.652018E-05,6.8175,0
0.4554,-0.0001641566,6.831,0,0.4554,3.189136E-05,6.831,0
0.4563,-5.069047E-05,6.8445,0,0.4563,-1.846342E-05,6.8445,0
0.4572,-0.000112459,6.858,0,0.4572,3.994812E-05,6.858,0
0.4581,-0.0002034333,6.8715,0,0.4581,7.351797E-05,6.8715,0
0.459,-7.251087E-05,6.885,0,0.459,7.049668E-05,6.885,0
0.4599,-1.678492E-06,6.8985,0,0.4599,7.687495E-05,6.8985,0
0.4608,4.934768E-05,6.912,0,0.4608,5.337606E-05,6.912,0
0.4617,6.143282E-05,6.9255,0,0.4617,7.251087E-05,6.9255,0
0.4626,0.0001161517,6.939,0,0.4626,4.599069E-05,6.939,0
0.4635,0.0001064164,6.9525,0,0.4635,9.735256E-06,6.9525,0
0.4644,0.0001121233,6.966,0,0.4644,-2.987716E-05,6.966,0
0.4653,4.263371E-05,6.9795,0,0.4653,1.040665E-05,6.9795,0
0.4662,5.203327E-05,6.993,0,0.4662,-5.706874E-06,6.993,0
0.4671,9.265278E-05,7.0065,0,0.4671,-8.426032E-05,7.0065,0
0.468,9.735256E-06,7.02,0,0.468,-2.24918E-05,7.02,0
0.4689,2.014191E-06,7.0335,0,0.4689,2.652018E-05,7.0335,0
0.4698,4.263371E-05,7.047,0,0.4698,-1.510643E-05,7.047,0
0.4707,4.263371E-05,7.0605,0,0.4707,1.040665E-05,7.0605,0
0.4716,-2.450599E-05,7.074,0,0.4716,4.196231E-05,7.074,0
0.4725,-1.644922E-05,7.0875,0,0.4725,1.947051E-05,7.0875,0
0.4734,-1.242084E-05,7.101,0,0.4734,-2.014191E-06,7.101,0
0.4743,3.457694E-05,7.1145,0,0.4743,-4.834058E-05,7.1145,0
0.4752,3.021286E-06,7.128,0,0.4752,-6.042573E-06,7.128,0
0.4761,-0.0001312581,7.1415,0,0.4761,-3.021286E-06,7.1415,0
0.477,-5.069047E-05,7.155,0,0.477,-7.284657E-05,7.155,0
0.4779,5.270466E-05,7.1685,0,0.4779,-7.553216E-05,7.1685,0
0.4788,-8.82887E-05,7.182,0,0.4788,9.735256E-06,7.182,0
0.4797,-5.505455E-05,7.1955,0,0.4797,-3.256275E-05,7.1955,0
0.4806,5.505455E-05,7.209,0,0.4806,-9.097429E-05,7.209,0
0.4815,-7.016098E-05,7.2225,0,0.4815,-2.081331E-05,7.2225,0
0.4824,-0.0001030594,7.236,0,0.4824,1.611353E-05,7.236,0
0.4833,1.007095E-06,7.2495,0,0.4833,7.049668E-06,7.2495,0
0.4842,-3.323415E-05,7.263,0,0.4842,6.277562E-05,7.263,0
0.4851,-0.0001027237,7.2765,0,0.4851,0.000119173,7.2765,0
0.486,-7.150377E-05,7.29,0,0.486,0.0001017166,7.29,0
0.4869,-1.477073E-05,7.3035,0,0.4869,9.231708E-05,7.3035,0
0.4878,1.577783E-05,7.317,0,0.4878,3.826963E-05,7.317,0
0.4887,5.874724E-05,7.3305,0,0.4887,3.222705E-05,7.3305,0
0.4896,5.706874E-06,7.344,0,0.4896,-1.107805E-05,7.344,0
0.4905,6.009003E-05,7.3575,0,0.4905,-4.867628E-05,7.3575,0
0.4914,0.0002084688,7.371,0,0.4914,-6.54612E-05,7.371,0
0.4923,0.0001416648,7.3845,0,0.4923,-3.356985E-05,7.3845,0
0.4932,9.433127E-05,7.398,0,0.4932,-9.869535E-05,7.398,0
0.4941,0.0002218967,7.4115,0,0.4941,-0.0001668421,7.4115,0
0.495,0.0001433432,7.425,0,0.495,-0.0001010452,7.425,0
0.4959,6.109713E-05,7.4385,0,0.4959,-0.0001064164,7.4385,0
0.4968,9.634547E-05,7.452,0,0.4968,-0.0001453574,7.452,0
0.4977,0.0001319295,7.4655,0,0.4977,-8.291753E-05,7.4655,0
0.4986,-3.793393E-05,7.479,0,0.4986,-4.733349E-05,7.479,0
0.4995,-5.270466E-05,7.4925,0,0.4995,-5.471885E-05,7.4925,0
0.5004,-9.735256E-06,7.506,0,0.5004,-6.210422E-05,7.506,0
0.5013,-1.879912E-05,7.5195,0,0.5013,-8.358892E-05,7.5195,0
0.5022,-0.0001010452,7.533,0,0.5022,-4.46479E-05,7.533,0
0.5031,-0.0001560998,7.5465,0,0.5031,-4.061952E-05,7.5465,0
0.504,-9.668116E-05,7.56,0,0.504,-8.291753E-05,7.56,0
0.5049,-7.016098E-05,7.5735,0,0.5049,-7.351797E-05,7.5735,0
0.5058,-0.000112459,7.587,0,0.5058,-2.752728E-05,7.587,0
0.5067,-8.69459E-05,7.6005,0,0.5067,-4.095522E-05,7.6005,0
0.5076,2.517739E-05,7.614,0,0.5076,-8.056764E-05,7.614,0
0.5085,-5.404745E-05,7.6275,0,0.5085,3.692683E-06,7.6275,0
0.5094,-8.056763E-06,7.641,0,0.5094,-1.040665E-05,7.641,0
0.5103,1.846342E-05,7.6545,0,0.5103,-7.418937E-05,7.6545,0
0.5112,-2.786297E-05,7.668,0,0.5112,-5.337606E-05,7.668,0
0.5121,-9.097429E-05,7.6815,0,0.5121,-9.735256E-06,7.6815,0
0.513,-2.618448E-05,7.695,0,0.513,-4.800488E-05,7.695,0
0.5139,-5.169757E-05,7.7085,0,0.5139,-1.846342E-05,7.7085,0
0.5148,2.853437E-05,7.722,0,0.5148,-3.189136E-05,7.722,0
0.5157,2.349889E-05,7.7355,0,0.5157,6.378271E-06,7.7355,0
0.5166,-7.016098E-05,7.749,0,0.5166,4.766919E-05,7.749,0
0.5175,-6.378271E-06,7.7625,0,0.5175,-1.443504E-05,7.7625,0
0.5184,4.263371E-05,7.776,0,0.5184,-1.309224E-05,7.776,0
0.5193,-6.74754E-05,7.7895,0,0.5193,5.740444E-05,7.7895,0
0.5202,-3.256275E-05,7.803,0,0.5202,3.054856E-05,7.803,0
0.5211,8.426032E-05,7.8165,0,0.5211,-2.618448E-05,7.8165,0
0.522,6.378271E-06,7.83,0,0.522,3.591974E-05,7.83,0
0.5229,4.39765E-05,7.8435,0,0.5229,4.599069E-05,7.8435,0
0.5238,0.0001252155,7.857,0,0.5238,-1.846342E-05,7.857,0
0.5247,3.189136E-05,7.8705,0,0.5247,1.678492E-06,7.8705,0
0.5256,-1.376364E-05,7.884,0,0.5256,4.39765E-05,7.884,0
0.5265,5.539025E-05,7.8975,0,0.5265,1.510643E-05,7.8975,0
0.5274,2.853437E-05,7.911,0,0.5274,-3.356985E-07,7.911,0
0.5283,3.457694E-05,7.9245,0,0.5283,-3.491264E-05,7.9245,0
0.5292,5.136187E-05,7.938,0,0.5292,-1.275654E-05,7.938,0
0.5301,4.33051E-05,7.9515,0,0.5301,-1.242084E-05,7.9515,0
0.531,-2.954147E-05,7.965,0,0.531,-4.599069E-05,7.965,0
0.5319,0,7.9785,0,0.5319,-5.841154E-05,7.9785,0
0.5328,-4.061952E-05,7.992,0,0.5328,-8.392462E-06,7.992,0
0.5337,-6.344701E-05,8.0055,0,0.5337,-4.800488E-05,8.0055,0
0.5346,3.726253E-05,8.019,0,0.5346,-7.956054E-05,8.019,0
0.5355,-1.141375E-05,8.0325,0,0.5355,3.356985E-06,8.0325,0
0.5364,-0.0001097734,8.046,0,0.5364,7.721065E-06,8.046,0
0.5373,-7.821774E-05,8.0595,0,0.5373,-3.424125E-05,8.0595,0
0.5382,-3.390555E-05,8.073,0,0.5382,2.1149E-05,8.073,0
0.5391,-0.0001084306,8.0865,0,0.5391,4.43122E-05,8.0865,0
0.54,-0.0001070878,8.1,0,0.54,1.544213E-05,8.1,0
0.5409,-4.934768E-05,8.1135,0,0.5409,1.342794E-05,8.1135,0
0.5418,-7.385367E-06,8.127,0,0.5418,-3.256275E-05,8.127,0
0.5427,-1.846342E-05,8.1405,0,0.5427,1.309224E-05,8.1405,0
0.5436,-8.123904E-05,8.154,0,0.5436,2.383459E-05,8.154,0
0.5445,-1.913481E-05,8.1675,0,0.5445,3.356985E-07,8.1675,0
0.5454,-3.054856E-05,8.181,0,0.5454,-3.054856E-05,8.181,0
0.5463,-0.0001708705,8.1945,0,0.5463,4.46479E-05,8.1945,0
0.5472,-0.0001272297,8.208,0,0.5472,6.54612E-05,8.208,0
0.5481,-1.443504E-05,8.2215,0,0.5481,1.812772E-05,8.2215,0
0.549,-0.0001366293,8.235,0,0.549,0.0001000381,8.235,0
0.5499,-5.539025E-05,8.2485,0,0.5499,0.0001305867,8.2485,0
0.5508,1.040665E-05,8.262,0,0.5508,5.941863E-05,8.262,0
0.5517,-6.57969E-05,8.2755,0,0.5517,5.606165E-05,8.2755,0
0.5526,-5.539025E-05,8.289,0,0.5526,9.567407E-05,8.289,0
0.5535,-7.486076E-05,8.3025,0,0.5535,5.874724E-05,8.3025,0
0.5544,-7.586786E-05,8.316,0,0.5544,4.968337E-05,8.316,0
0.5553,7.049668E-06,8.3295,0,0.5553,1.913481E-05,8.3295,0
0.5562,2.1149E-05,8.343,0,0.5562,8.090334E-05,8.343,0
0.5571,3.659113E-05,8.3565,0,0.5571,6.915389E-05,8.3565,0
0.558,-1.678492E-06,8.37,0,0.558,-1.477073E-05,8.37,0
0.5589,4.800488E-05,8.3835,0,0.5589,-1.980621E-05,8.3835,0
0.5598,-7.284657E-05,8.397,0,0.5598,2.920577E-05,8.397,0
0.5607,-7.318227E-05,8.4105,0,0.5607,-2.719158E-05,8.4105,0
0.5616,0.000109102,8.424,0,0.5616,-9.768826E-05,8.424,0
0.5625,-4.196231E-05,8.4375,0,0.5625,-3.726253E-05,8.4375,0
0.5634,-0.000102388,8.451,0,0.5634,-5.404745E-05,8.451,0
0.5643,3.961242E-05,8.4645,0,0.5643,-0.0001097734,8.4645,0
0.5652,8.560311E-05,8.478,0,0.5652,-8.157473E-05,8.478,0
0.5661,-9.198138E-05,8.4915,0,0.5661,-6.74754E-05,8.4915,0
0.567,-1.577783E-05,8.505,0,0.567,-8.795301E-05,8.505,0
0.5679,7.553216E-05,8.5185,0,0.5679,-8.157473E-05,8.5185,0
0.5688,3.894102E-05,8.532,0,0.5688,-8.82887E-05,8.532,0
0.5697,-3.356985E-07,8.5455,0,0.5697,-4.36408E-05,8.5455,0
0.5706,-7.553216E-05,8.559,0,0.5706,-2.18204E-05,8.559,0
0.5715,-8.291753E-05,8.5725,0,0.5715,-1.544213E-05,8.5725,0
0.5724,3.692683E-06,8.586,0,0.5724,-1.107805E-05,8.586,0
0.5733,-4.061952E-05,8.5995,0,0.5733,4.028382E-05,8.5995,0
0.5742,-4.666209E-05,8.613,0,0.5742,6.378271E-06,8.613,0
0.5751,4.934768E-05,8.6265,0,0.5751,-8.493171E-05,8.6265,0
0.576,6.378271E-06,8.64,0,0.576,-3.289845E-05,8.64,0
0.5769,7.385367E-06,8.6535,0,0.5769,-4.36408E-06,8.6535,0
0.5778,0.0001178302,8.667,0,0.5778,-9.063859E-05,8.667,0
0.5787,0.0001849699,8.6805,0,0.5787,-0.0001171588,8.6805,0
0.5796,0.0001104448,8.694,0,0.5796,-7.754635E-05,8.694,0
0.5805,0.0001044022,8.7075,0,0.5805,-0.0001064164,8.7075,0
0.5814,0.0001493858,8.721,0,0.5814,-0.0001530785,8.721,0
0.5823,0.0001940337,8.7345,0,0.5823,-0.000186984,8.7345,0
0.5832,0.0001366293,8.748,0,0.5832,-0.0001154803,8.748,0
0.5841,2.752728E-05,8.7615,0,0.5841,-8.82887E-05,8.7615,0
0.585,0.0001111162,8.775,0,0.585,-0.0001117876,8.775,0
0.5859,8.89601E-05,8.7885,0,0.5859,-8.023193E-05,8.7885,0
0.5868,2.786297E-05,8.802,0,0.5868,-9.735256E-06,8.802,0
0.5877,0.000115816,8.8155,0,0.5877,-4.43122E-05,8.8155,0
0.5886,0.0001161517,8.829,0,0.5886,-0.0001000381,8.829,0
0.5895,-3.424125E-05,8.8425,0,0.5895,-5.001907E-05,8.8425,0
0.5904,-3.961242E-05,8.856,0,0.5904,-3.121996E-05,8.856,0
0.5913,5.505455E-05,8.8695,0,0.5913,-8.761731E-05,8.8695,0
0.5922,7.150377E-05,8.883,0,0.5922,-3.591974E-05,8.883,0
0.5931,-0.0001013809,8.8965,0,0.5931,-2.987716E-05,8.8965,0
0.594,-5.807584E-05,8.91,0,0.594,-6.881819E-05,8.91,0
0.5949,-5.203327E-05,8.9235,0,0.5949,-5.606165E-05,8.9235,0
0.5958,2.1149E-05,8.937,0,0.5958,-5.471885E-05,8.937,0
0.5967,0.0001131304,8.9505,0,0.5967,2.047761E-05,8.9505,0
0.5976,3.793393E-05,8.964,0,0.5976,5.941863E-05,8.964,0
0.5985,6.6804E-05,8.9775,0,0.5985,4.53193E-05,8.9775,0
0.5994,0.0001681849,8.991,0,0.5994,2.652018E-05,8.991,0
0.6003,2.618448E-05,9.0045,0,0.6003,8.761731E-05,9.0045,0
0.6012,2.047761E-05,9.018,0,0.6012,6.344701E-05,9.018,0
0.6021,0.0001876554,9.0315,0,0.6021,5.069047E-05,9.0315,0
0.603,7.486076E-05,9.045,0,0.603,0.000105745,9.045,0
0.6039,-8.96315E-05,9.0585,0,0.6039,6.6804E-05,9.0585,0
0.6048,-5.606165E-05,9.072001,0,0.6048,4.699779E-06,9.072001,0
0.6057,5.035477E-06,9.0855,0,0.6057,-5.035477E-06,9.0855,0
0.6066,-0.0001795987,9.099,0,0.6066,3.054856E-05,9.099,0
0.6075,-0.0001520714,9.1125,0,0.6075,1.644922E-05,9.1125,0
0.6084,-8.224613E-05,9.126,0,0.6084,1.577783E-05,9.126,0
0.6093,-9.701686E-05,9.1395,0,0.6093,1.644922E-05,9.1395,0
0.6102,-0.0001077592,9.153,0,0.6102,9.332418E-05,9.153,0
0.6111,-7.284657E-05,9.1665,0,0.6111,0.0001362936,9.1665,0
0.612,-7.284657E-05,9.18,0,0.612,0.0001060807,9.18,0
0.6129,-9.063859E-05,9.1935,0,0.6129,7.351797E-05,9.1935,0
0.6138,-0.0001638209,9.207,0,0.6138,9.231708E-05,9.207,0
0.6147,-0.0001507286,9.2205,0,0.6147,3.793393E-05,9.2205,0
0.6156,-1.477073E-05,9.234,0,0.6156,-5.740444E-05,9.234,0
0.6165,-0.0001181659,9.2475,0,0.6165,-2.685588E-06,9.2475,0
0.6174,-0.0001544213,9.261,0,0.6174,-2.517739E-05,9.261,0
0.6183,-0.0001205158,9.2745,0,0.6183,-9.970245E-05,9.2745,0
0.6192,-0.0001074235,9.288,0,0.6192,-7.821774E-05,9.288,0
0.6201,-0.0001587854,9.3015,0,0.6201,-7.150377E-05,9.3015,0
0.621,-0.0001299153,9.315,0,0.621,-0.0001134661,9.315,0
0.6219,-0.0001319295,9.3285,0,0.6219,-0.0001111162,9.3285,0
0.6228,9.735256E-06,9.342,0,0.6228,-0.0001299153,9.342,0
0.6237,4.061952E-05,9.3555,0,0.6237,-6.478981E-05,9.3555,0
0.6246,-7.385367E-06,9.369,0,0.6246,-4.229801E-05,9.369,0
0.6255,5.841154E-05,9.3825,0,0.6255,-8.89601E-05,9.3825,0
0.6264,3.021286E-05,9.396,0,0.6264,-7.721065E-05,9.396,0
0.6273,-8.459602E-05,9.4095,0,0.6273,-3.826963E-05,9.4095,0
0.6282,-4.733349E-05,9.423,0,0.6282,-0.0001084306,9.423,0
0.6291,7.620356E-05,9.4365,0,0.6291,-0.0001916838,9.4365,0
0.63,-2.987716E-05,9.45,0,0.63,-0.0001238727,9.45,0
0.6309,-5.169757E-05,9.4635,0,0.6309,-8.392462E-05,9.4635,0
0.6318,2.719158E-05,9.477,0,0.6318,-0.0001292439,9.477,0
0.6327,1.644922E-05,9.4905,0,0.6327,-0.000115816,9.4905,0
0.6336,-4.867628E-05,9.504,0,0.6336,-7.116808E-05,9.504,0
0.6345,5.035477E-05,9.5175,0,0.6345,-5.572595E-05,9.5175,0
0.6354,7.049668E-06,9.531,0,0.6354,-6.51255E-05,9.531,0
0.6363,5.203327E-05,9.5445,0,0.6363,-9.835965E-05,9.5445,0
0.6372,0.0001232013,9.558,0,0.6372,-4.162661E-05,9.558,0
0.6381,8.96315E-05,9.5715,0,0.6381,6.378271E-06,9.5715,0
0.639,3.524834E-05,9.585,0,0.639,3.356985E-07,9.585,0
0.6399,3.726253E-05,9.5985,0,0.6399,5.706874E-06,9.5985,0
0.6408,-2.316319E-05,9.612,0,0.6408,8.191043E-05,9.612,0
0.6417,-3.390555E-05,9.6255,0,0.6417,6.6804E-05,9.6255,0
0.6426,0.0001084306,9.639,0,0.6426,5.673304E-05,9.639,0
0.6435,3.591974E-05,9.6525,0,0.6435,0.0001715419,9.6525,0
0.6444,-9.365987E-05,9.666,0,0.6444,0.0001554284,9.666,0
0.6453,-2.24918E-05,9.6795,0,0.6453,9.298848E-05,9.6795,0
0.6462,-5.203327E-05,9.693,0,0.6462,0.0001467002,9.693,0
0.6471,-0.0001534142,9.7065,0,0.6471,0.0001695277,9.7065,0
0.648,-0.0001252155,9.72,0,0.648,0.0001305867,9.72,0
0.6489,-6.411841E-05,9.7335,0,0.6489,0.0001205158,9.7335,0
0.6498,-3.424125E-05,9.747,0,0.6498,8.325322E-05,9.747,0
0.6507,-5.035477E-06,9.7605,0,0.6507,9.835965E-05,9.7605,0
0.6516,6.78111E-05,9.774,0,0.6516,6.51255E-05,9.774,0
0.6525,0.0001440146,9.7875,0,0.6525,3.021286E-05,9.7875,0
0.6534,0.000105745,9.801,0,0.6534,1.309224E-05,9.801,0
0.6543,2.349889E-06,9.8145,0,0.6543,3.155566E-05,9.8145,0
0.6552,-5.035477E-06,9.828,0,0.6552,-1.510643E-05,9.828,0
0.6561,2.1149E-05,9.8415,0,0.6561,-9.231708E-05,9.8415,0
0.657,-0.0001044022,9.855,0,0.657,-9.735256E-06,9.855,0
0.6579,-0.0001238727,9.8685,0,0.6579,-1.544213E-05,9.8685,0
0.6588,-6.64683E-05,9.882,0,0.6588,-7.251087E-05,9.882,0
0.6597,2.24918E-05,9.8955,0,0.6597,2.618448E-05,9.8955,0
0.6606,-3.524834E-05,9.909,0,0.6606,7.855344E-05,9.909,0
0.6615,-8.358892E-05,9.9225,0,0.6615,1.812772E-05,9.9225,0
0.6624,-3.088426E-05,9.936,0,0.6624,4.028382E-06,9.936,0
0.6633,5.136187E-05,9.9495,0,0.6633,-2.18204E-05,9.9495,0
0.6642,7.049668E-05,9.963,0,0.6642,1.779202E-05,9.963,0
0.6651,3.692683E-06,9.976501,0,0.6651,-1.443504E-05,9.976501,0
0.666,1.544213E-05,9.99,0,0.666,-8.69459E-05,9.99,0
0.6669,4.263371E-05,10.0035,0,0.6669,-8.090334E-05,10.0035,0
0.6678,-7.385367E-05,10.017,0,0.6678,-1.242084E-05,10.017,0
0.6687,-4.39765E-05,10.0305,0,0.6687,-3.457694E-05,10.0305,0
0.6696,0.000119173,10.044,0,0.6696,-7.754635E-05,10.044,0
0.6705,-4.196231E-05,10.0575,0,0.6705,7.049668E-06,10.0575,0
0.6714,-0.0001272297,10.071,0,0.6714,-2.450599E-05,10.071,0
0.6723,2.349889E-05,10.0845,0,0.6723,-0.0001084306,10.0845,0
0.6732,-9.063859E-06,10.098,0,0.6732,-8.291753E-05,10.098,0
0.6741,-0.0001550927,10.1115,0,0.6741,-8.795301E-05,10.1115,0
0.675,-4.968337E-05,10.125,0,0.675,-0.000112459,10.125,0
0.6759,-1.409934E-05,10.1385,0,0.6759,-0.0001077592,10.1385,0
0.6768,-3.121996E-05,10.152,0,0.6768,-0.0001349508,10.152,0
0.6777,-9.735256E-06,10.1655,0,0.6777,-0.0001258869,10.1655,0
0.6786,-1.040665E-05,10.179,0,0.6786,-0.0001168231,10.179,0
0.6795,-1.577783E-05,10.1925,0,0.6795,-9.802396E-05,10.1925,0
0.6804,0.0001497215,10.206,0,0.6804,-4.263371E-05,10.206,0
0.6813,0.0001607996,10.2195,0,0.6813,2.383459E-05,10.2195,0
0.6822,0.0001305867,10.233,0,0.6822,-3.390555E-05,10.233,0
0.6831,0.0002195468,10.2465,0,0.6831,-9.433127E-05,10.2465,0
0.684,0.0001742275,10.26,0,0.684,2.21561E-05,10.26,0
0.6849,0.0001554284,10.2735,0,0.6849,3.457694E-05,10.2735,0
0.6858,0.0001809415,10.287,0,0.6858,-2.584878E-05,10.287,0
0.6867,0.0001983978,10.3005,0,0.6867,-1.174945E-05,10.3005,0
0.6876,8.023193E-05,10.314,0,0.6876,-3.826963E-05,10.314,0
0.6885,-1.577783E-05,10.3275,0,0.6885,-7.989624E-05,10.3275,0
0.6894,-7.721065E-06,10.341,0,0.6894,-0.0001003738,10.341,0
0.6903,0.0001017166,10.3545,0,0.6903,-9.668116E-05,10.3545,0
0.6912,-1.779202E-05,10.368,0,0.6912,4.061952E-05,10.368,0
0.6921,-4.53193E-05,10.3815,0,0.6921,2.517739E-05,10.3815,0
0.693,1.174945E-05,10.395,0,0.693,-4.129091E-05,10.395,0
0.6939,-3.021286E-05,10.4085,0,0.6939,-5.069047E-05,10.4085,0
0.6948,-0.0001527428,10.422,0,0.6948,-3.390555E-05,10.422,0
0.6957,-7.888914E-05,10.4355,0,0.6957,-9.332418E-05,10.4355,0
0.6966,-1.947051E-05,10.449,0,0.6966,-7.788205E-05,10.449,0
0.6975,-0.0001087663,10.4625,0,0.6975,-2.987716E-05,10.4625,0
0.6984,-0.0001510643,10.476,0,0.6984,-7.351797E-05,10.476,0
0.6993,-3.054856E-05,10.4895,0,0.6993,-0.0001534142,10.4895,0
0.7002,-7.620356E-05,10.503,0,0.7002,-9.768826E-05,10.503,0
0.7011,-0.0001879911,10.5165,0,0.7011,-2.853437E-05,10.5165,0
0.702,-0.0001601282,10.53,0,0.702,-1.107805E-05,10.53,0
0.7029,-0.0001607996,10.5435,0,0.7029,-2.1149E-05,10.5435,0
0.7038,-0.0001292439,10.557,0,0.7038,1.846342E-05,10.557,0
0.7047,-7.284657E-05,10.5705,0,0.7047,0.0001255512,10.5705,0
0.7056,-0.0001487144,10.584,0,0.7056,0.0001188373,10.584,0
0.7065,-9.164568E-05,10.5975,0,0.7065,3.692683E-06,10.5975,0
0.7074,3.189136E-05,10.611,0,0.7074,-0.0001631495,10.611,0
0.7083,-9.500267E-05,10.6245,0,0.7083,-0.0001168231,10.6245,0
0.7092,-4.699779E-05,10.638,0,0.7092,-6.210422E-05,10.638,0
0.7101,0.0001399863,10.6515,0,0.7101,-4.800488E-05,10.6515,0
0.711,5.706874E-05,10.665,0,0.711,1.577783E-05,10.665,0
0.7119,-1.107805E-05,10.6785,0,0.7119,9.298848E-05,10.6785,0
0.7128,8.090334E-05,10.692,0,0.7128,6.076142E-05,10.692,0
0.7137,7.183947E-05,10.7055,0,0.7137,0.0001000381,10.7055,0
0.7146,-3.793393E-05,10.719,0,0.7146,0.0001540856,10.719,0
0.7155,6.009003E-05,10.7325,0,0.7155,8.157473E-05,10.7325,0
0.7164,0.0001117876,10.746,0,0.7164,-3.491264E-05,10.746,0
0.7173,0.0001131304,10.7595,0,0.7173,-0.0001413291,10.7595,0
0.7182,0.0001151446,10.773,0,0.7182,-7.116808E-05,10.773,0
0.7191,-1.577783E-05,10.7865,0,0.7191,-7.284657E-05,10.7865,0
0.72,-1.812772E-05,10.8,0,0.72,-0.0001332723,10.8,0
0.7209,2.24918E-05,10.8135,0,0.7209,-0.0001507286,10.8135,0
0.7218,-4.33051E-05,10.827,0,0.7218,-6.61326E-05,10.827,0
0.7227,-3.726253E-05,10.8405,0,0.7227,-3.390555E-05,10.8405,0
0.7236,-4.39765E-05,10.854,0,0.7236,-4.196231E-05,10.854,0
0.7245,-0.0001121233,10.8675,0,0.7245,0.0001084306,10.8675,0
0.7254,-4.968337E-05,10.881,0,0.7254,4.733349E-05,10.881,0
0.7263,8.291753E-05,10.8945,0,0.7263,-0.0001010452,10.8945,0
0.7272,0.0001849699,10.908,0,0.7272,-9.970245E-05,10.908,0
0.7281,6.6804E-05,10.9215,0,0.7281,-9.433127E-05,10.9215,0
0.729,4.095522E-05,10.935,0,0.729,2.047761E-05,10.935,0
0.7299,0.0001094377,10.9485,0,0.7299,0.000105745,10.9485,0
0.7308,0.0001782559,10.962,0,0.7308,7.083238E-05,10.962,0
0.7317,0.0001205158,10.9755,0,0.7317,0.0001399863,10.9755,0
0.7326,0.0001473716,10.989,0,0.7326,0.0001326009,10.989,0
0.7335,7.452507E-05,11.0025,0,0.7335,0.0001064164,11.0025,0
0.7344,0.0001131304,11.016,0,0.7344,9.835965E-05,11.016,0
0.7353,-5.874724E-05,11.0295,0,0.7353,2.349889E-05,11.0295,0
0.7362,-9.701686E-05,11.043,0,0.7362,-0.0001567712,11.043,0
0.7371,-2.517739E-05,11.0565,0,0.7371,-0.0003125353,11.0565,0
0.738,-0.000185977,11.07,0,0.738,-0.0002611734,11.07,0
0.7389,-0.0001587854,11.0835,0,0.7389,-0.0002353246,11.0835,0
0.7398,-2.987716E-05,11.097,0,0.7398,-0.0002205539,11.097,0
0.7407,-0.0001963836,11.1105,0,0.7407,-8.661021E-05,11.1105,0
0.7416,-0.0002396887,11.124,0,0.7416,6.009003E-05,11.124,0
0.7425,-0.0001198444,11.1375,0,0.7425,7.486076E-05,11.1375,0
0.7434,-0.0001299153,11.151,0,0.7434,0.0001795987,11.151,0
0.7443,-6.243992E-05,11.1645,0,0.7443,0.0002413672,11.1645,0
0.7452,-5.807584E-05,11.178,0,0.7452,0.0002212253,11.178,0
0.7461,-8.358892E-05,11.1915,0,0.7461,0.0002027619,11.1915,0
0.747,-2.652018E-05,11.205,0,0.747,0.0001420005,11.205,0
0.7479,-4.766919E-05,11.2185,0,0.7479,0.0001084306,11.2185,0
0.7488,-0.0001295796,11.232,0,0.7488,0.0001352865,11.232,0
0.7497,-0.0001245441,11.2455,0,0.7497,3.860533E-05,11.2455,0
0.7506,-3.189136E-05,11.259,0,0.7506,-0.0001117876,11.259,0
0.7515,-7.855344E-05,11.2725,0,0.7515,-9.701686E-05,11.2725,0
0.7524,-1.913481E-05,11.286,0,0.7524,-0.0001010452,11.286,0
0.7533,4.33051E-05,11.2995,0,0.7533,-0.0001661708,11.2995,0
0.7542,-9.130999E-05,11.313,0,0.7542,-0.0002269322,11.313,0
0.7551,-0.0001131304,11.3265,0,0.7551,-0.0001654994,11.3265,0
0.756,8.023193E-05,11.34,0,0.756,-0.0001319295,11.34,0
0.7569,0.0002171969,11.3535,0,0.7569,-0.0001171588,11.3535,0
0.7578,0.0002897078,11.367,0,0.7578,-2.383459E-05,11.367,0
0.7587,0.000190341,11.3805,0,0.7587,4.162661E-05,11.3805,0
0.7596,6.277562E-05,11.394,0,0.7596,0.000112459,11.394,0
0.7605,0.000112459,11.4075,0,0.7605,0.0001607996,11.4075,0
0.7614,4.263371E-05,11.421,0,0.7614,3.390555E-05,11.421,0
0.7623,-0.0001379721,11.4345,0,0.7623,2.383459E-05,11.4345,0
0.7632,-0.0001490501,11.448,0,0.7632,1.208515E-05,11.448,0
0.7641,-9.365987E-05,11.4615,0,0.7641,-4.934768E-05,11.4615,0
0.765,-0.0001953765,11.475,0,0.765,4.766919E-05,11.475,0
0.7659,-9.332418E-05,11.4885,0,0.7659,-6.71397E-05,11.4885,0
0.7668,-5.539025E-05,11.502,0,0.7668,-0.0002376745,11.502,0
0.7677,-8.627451E-05,11.5155,0,0.7677,-0.0002413672,11.5155,0
0.7686,-7.083238E-05,11.529,0,0.7686,-0.0001842985,11.529,0
0.7695,-3.524834E-05,11.5425,0,0.7695,-0.0001567712,11.5425,0
0.7704,2.18204E-05,11.556,0,0.7704,-1.879912E-05,11.556,0
0.7713,7.687495E-05,11.5695,0,0.7713,0.0001205158,11.5695,0
0.7722,7.855344E-05,11.583,0,0.7722,0.0002534524,11.583,0
0.7731,-9.701686E-05,11.5965,0,0.7731,0.0002547952,11.5965,0
0.774,-1.275654E-05,11.61,0,0.774,0.0001785916,11.61,0
0.7749,9.030289E-05,11.6235,0,0.7749,8.69459E-05,11.6235,0
0.7758,-3.121996E-05,11.637,0,0.7758,0.0001121233,11.637,0
0.7767,-3.256275E-05,11.6505,0,0.7767,6.814679E-05,11.6505,0
0.7776,4.934768E-05,11.664,0,0.7776,-5.606165E-05,11.664,0
0.7785,-9.433127E-05,11.6775,0,0.7785,-1.779202E-05,11.6775,0
0.7794,4.263371E-05,11.691,0,0.7794,2.349889E-06,11.691,0
0.7803,0.0002319677,11.7045,0,0.7803,-6.411841E-05,11.7045,0
0.7812,0.0001218585,11.718,0,0.7812,-0.0001567712,11.718,0
0.7821,7.083238E-05,11.7315,0,0.7821,-0.000197055,11.7315,0
0.783,0.0001037308,11.745,0,0.783,-0.0002245823,11.745,0
0.7839,5.203327E-05,11.7585,0,0.7839,-0.000235996,11.7585,0
0.7848,5.706874E-05,11.772,0,0.7848,-0.0002044404,11.772,0
0.7857,0.0001312581,11.7855,0,0.7857,2.081331E-05,11.7855,0
0.7866,0.0001178302,11.799,0,0.7866,8.89601E-05,11.799,0
0.7875,2.652018E-05,11.8125,0,0.7875,8.090334E-05,11.8125,0
0.7884,-9.063859E-06,11.826,0,0.7884,2.517739E-05,11.826,0
0.7893,-0.0001232013,11.8395,0,0.7893,3.726253E-05,11.8395,0
0.7902,-0.0002299535,11.853,0,0.7902,-2.685588E-05,11.853,0
0.7911,-0.0001326009,11.8665,0,0.7911,-7.855344E-05,11.8665,0
0.792,-0.0001644923,11.88,0,0.792,-1.007095E-05,11.88,0
0.7929,-0.0002635233,11.8935,0,0.7929,-0.0001829557,11.8935,0
0.7938,-0.0001980621,11.907,0,0.7938,-0.0004028382,11.907,0
0.7947,-0.0001084306,11.9205,0,0.7947,-0.0003132067,11.9205,0
0.7956,-0.0001876554,11.934,0,0.7956,-0.0001591211,11.934,0
0.7965,-0.000189334,11.9475,0,0.7965,-0.0001957122,11.9475,0
0.7974,-6.881819E-05,11.961,0,0.7974,-0.0002161898,11.961,0
0.7983,2.752728E-05,11.9745,0,0.7983,-3.155566E-05,11.9745,0
0.7992,-3.692683E-06,11.988,0,0.7992,0.0002957504,11.988,0
0.8001,-7.083238E-05,12.0015,0,0.8001,0.0004202945,12.0015,0
0.801,-8.291753E-05,12.015,0,0.801,0.0001997406,12.015,0
0.8019,-2.28275E-05,12.0285,0,0.8019,-1.141375E-05,12.0285,0
0.8028,-3.558404E-05,12.042,0,0.8028,1.947051E-05,12.042,0
0.8037,-1.443504E-05,12.0555,0,0.8037,8.96315E-05,12.0555,0
0.8046,2.719158E-05,12.069,0,0.8046,0.0001349508,12.069,0
0.8055,-7.721065E-05,12.0825,0,0.8055,0.0001715419,12.0825,0
0.8064,-3.524834E-05,12.096,0,0.8064,2.517739E-05,12.096,0
0.8073,0.0001326009,12.1095,0,0.8073,-3.793393E-05,12.1095,0
0.8082,9.634547E-05,12.123,0,0.8082,4.36408E-05,12.123,0
0.8091,-4.39765E-05,12.1365,0,0.8091,8.224613E-05,12.1365,0
0.81,-5.673304E-05,12.15,0,0.81,7.620356E-05,12.15,0
0.8109,-0.000115816,12.1635,0,0.8109,0.0001050736,12.1635,0
0.8118,-0.0001064164,12.177,0,0.8118,-2.987716E-05,12.177,0
0.8127,-0.0001208515,12.1905,0,0.8127,-5.673304E-05,12.1905,0
0.8136,-0.0002299535,12.204,0,0.8136,-8.69459E-05,12.204,0
0.8145,-5.404745E-05,12.2175,0,0.8145,-0.0002272679,12.2175,0
0.8154,0.0002880293,12.231,0,0.8154,-0.0004276799,12.231,0
0.8163,0.0002507668,12.2445,0,0.8163,-0.0004014954,12.2445,0
0.8172,0.0003474479,12.258,0,0.8172,-0.0002769512,12.258,0
0.8181,0.0004035096,12.2715,0,0.8181,-6.210422E-05,12.2715,0
0.819,0.0001097734,12.285,0,0.819,0.0001070878,12.285,0
0.8199,6.344701E-05,12.2985,0,0.8199,0.0001514,12.2985,0
0.8208,0.0001607996,12.312,0,0.8208,0.0002171969,12.312,0
0.8217,0.000148043,12.3255,0,0.8217,0.0003125353,12.3255,0
0.8226,-7.016098E-05,12.339,0,0.8226,0.0003461051,12.339,0
0.8235,-6.210422E-05,12.3525,0,0.8235,0.0001953765,12.3525,0
0.8244,-4.129091E-05,12.366,0,0.8244,0.0001443503,12.366,0
0.8253,-8.258183E-05,12.3795,0,0.8253,0.0001926909,12.3795,0
0.8262,-0.0001178302,12.393,0,0.8262,0.0001550927,12.393,0
0.8271,-0.0002447242,12.4065,0,0.8271,5.337606E-05,12.4065,0
0.828,-0.0001883268,12.42,0,0.828,-1.342794E-06,12.42,0
0.8289,-0.0001164874,12.4335,0,0.8289,-6.243992E-05,12.4335,0
0.8298,-0.0001550927,12.447,0,0.8298,-7.418937E-05,12.447,0
0.8307,-0.0001272297,12.4605,0,0.8307,-0.0001534142,12.4605,0
0.8316,-1.242084E-05,12.474,0,0.8316,-0.0002944076,12.474,0
0.8325,4.800488E-05,12.4875,0,0.8325,-0.0002051118,12.4875,0
0.8334,0.0001359579,12.501,0,0.8334,-0.000190341,12.501,0
0.8343,4.699779E-05,12.5145,0,0.8343,-0.0002480812,12.5145,0
0.8352,3.927672E-05,12.528,0,0.8352,-0.0001879911,12.528,0
0.8361,-5.337606E-05,12.5415,0,0.8361,-0.0001285725,12.5415,0
0.837,-1.376364E-05,12.555,0,0.837,-0.0001507286,12.555,0
0.8379,9.433127E-05,12.5685,0,0.8379,-0.0001275654,12.5685,0
0.8388,0.0001285725,12.582,0,0.8388,-0.0001577783,12.582,0
0.8397,4.53193E-05,12.5955,0,0.8397,-0.000270573,12.5955,0
0.8406,2.349889E-06,12.609,0,0.8406,-0.0003226062,12.609,0
0.8415,0.000123537,12.6225,0,0.8415,-0.0002564736,12.6225,0
0.8424,9.835965E-05,12.636,0,0.8424,-0.0002171969,12.636,0
0.8433,-6.042573E-05,12.6495,0,0.8433,6.311131E-05,12.6495,0
0.8442,3.457694E-05,12.663,0,0.8442,0.0002769512,12.663,0
0.8451,0.0001366293,12.6765,0,0.8451,0.0003068284,12.6765,0
0.846,7.351797E-05,12.69,0,0.846,0.0004206302,12.69,0
0.8469,0.0001144732,12.7035,0,0.8469,0.0002729229,12.7035,0
0.8478,0.0001044022,12.717,0,0.8478,7.754635E-05,12.717,0
0.8487,2.517739E-05,12.7305,0,0.8487,9.500267E-05,12.7305,0
0.8496,-5.807584E-05,12.744,0,0.8496,7.351797E-05,12.744,0
0.8505,-1.040665E-05,12.7575,0,0.8505,-2.685588E-06,12.7575,0
0.8514,3.155566E-05,12.771,0,0.8514,5.371176E-06,12.771,0
0.8523,0.0002514381,12.7845,0,0.8523,8.291753E-05,12.7845,0
0.8532,0.0003017929,12.798,0,0.8532,0.000119173,12.798,0
0.8541,0.0001225299,12.8115,0,0.8541,-6.176852E-05,12.8115,0
0.855,7.083238E-05,12.825,0,0.855,-0.0001681849,12.825,0
0.8559,9.903105E-05,12.8385,0,0.8559,-0.0003064927,12.8385,0
0.8568,-8.392462E-05,12.852,0,0.8568,-0.000340734,12.852,0
0.8577,-0.0001205158,12.8655,0,0.8577,-0.0004481575,12.8655,0
0.8586,-3.927672E-05,12.879,0,0.8586,-0.0005119402,12.879,0
0.8595001,-0.0001896696,12.8925,0,0.8595001,-0.0002124971,12.8925,0
0.8604,-0.0002057832,12.906,0,0.8604,6.64683E-05,12.906,0
0.8613,0.0001044022,12.9195,0,0.8613,0.0003904173,12.9195,0
0.8622,0.0002621805,12.933,0,0.8622,0.0005730373,12.933,0
0.8631,0.000164828,12.9465,0,0.8631,0.0003998169,12.9465,0
0.864,4.46479E-05,12.96,0,0.864,0.0004072023,12.96,0
0.8649,0.0001312581,12.9735,0,0.8649,0.0004978409,12.9735,0
0.8658,0.0001386435,12.987,0,0.8658,0.0004206302,12.987,0
0.8667,6.009003E-05,13.0005,0,0.8667,0.0003434196,13.0005,0
0.8676,-4.162661E-05,13.014,0,0.8676,0.0001802701,13.014,0
0.8685,-2.047761E-05,13.0275,0,0.8685,-4.196231E-05,13.0275,0
0.8694,8.89601E-05,13.041,0,0.8694,-0.000109102,13.041,0
0.8703,4.162661E-05,13.0545,0,0.8703,-6.042573E-05,13.0545,0
0.8712,-3.390555E-05,13.068,0,0.8712,-0.0001221943,13.068,0
0.8721,8.392462E-05,13.0815,0,0.8721,-0.0001185016,13.0815,0
0.873,-1.309224E-05,13.095,0,0.873,-1.174945E-05,13.095,0
0.8739,-7.888914E-05,13.1085,0,0.8739,-2.349889E-05,13.1085,0
0.8748,-4.699779E-06,13.122,0,0.8748,-7.217517E-05,13.122,0
0.8757,2.349889E-06,13.1355,0,0.8757,-0.000105745,13.1355,0
0.8766,-3.994812E-05,13.149,0,0.8766,-0.0002145113,13.149,0
0.8775,-3.591974E-05,13.1625,0,0.8775,-0.0003283131,13.1625,0
0.8784,-7.385367E-05,13.176,0,0.8784,-0.0004800488,13.176,0
0.8793,2.450599E-05,13.1895,0,0.8793,-0.0006408484,13.1895,0
0.8802,7.721065E-06,13.203,0,0.8802,-0.0005871367,13.203,0
0.8811,-3.021286E-06,13.2165,0,0.8811,-0.0005888151,13.2165,0
0.882,0.000112459,13.23,0,0.882,-0.0003978027,13.23,0
0.8829,6.51255E-05,13.2435,0,0.8829,-0.000126894,13.2435,0
0.8838,-0.0001107805,13.257,0,0.8838,0.0001205158,13.257,0
0.8847,-8.291753E-05,13.2705,0,0.8847,0.0003125353,13.2705,0
0.8856,-2.21561E-05,13.284,0,0.8856,0.0003595331,13.284,0
0.8865,-0.0001319295,13.2975,0,0.8865,0.000506569,13.2975,0
0.8874,-0.0001013809,13.311,0,0.8874,0.0004756848,13.311,0
0.8883,-4.095522E-05,13.3245,0,0.8883,0.0001668421,13.3245,0
0.8892,1.443504E-05,13.338,0,0.8892,4.229801E-05,13.338,0
0.8901,1.846342E-05,13.3515,0,0.8901,6.478981E-05,13.3515,0
0.891,5.539025E-05,13.365,0,0.891,3.457694E-05,13.365,0
0.8919,-9.298848E-05,13.3785,0,0.8919,-2.584878E-05,13.3785,0
0.8928,-5.539025E-05,13.392,0,0.8928,-8.72816E-05,13.392,0
0.8937,1.913481E-05,13.4055,0,0.8937,-0.0001322652,13.4055,0
0.8946,-8.157473E-05,13.419,0,0.8946,-0.0001926909,13.419,0
0.8955,-0.0001077592,13.4325,0,0.8955,-0.0002967575,13.4325,0
0.8964,-6.54612E-05,13.446,0,0.8964,-0.0003111925,13.446,0
0.8973,-0.0001748989,13.4595,0,0.8973,-0.000221561,13.4595,0
0.8982,-0.0002346532,13.473,0,0.8982,-0.0002208896,13.473,0
0.8991,-5.673304E-05,13.4865,0,0.8991,-0.0001809415,13.4865,0
0.9,-9.802396E-05,13.5,0,0.9,1.678492E-06,13.5,0
0.9009,2.652018E-05,13.5135,0,0.9009,7.385367E-05,13.5135,0
0.9018,0.0001487144,13.527,0,0.9018,0.000161471,13.527,0
0.9027,8.82887E-05,13.5405,0,0.9027,0.0002437171,13.5405,0
0.9036,-9.164568E-05,13.554,0,0.9036,0.0001967193,13.554,0
0.9045,-0.0001413291,13.5675,0,0.9045,0.0001567712,13.5675,0
0.9054,-0.0001265583,13.581,0,0.9054,7.486076E-05,13.581,0
0.9063,-6.411841E-05,13.5945,0,0.9063,2.349889E-05,13.5945,0
0.9072,-0.0001242084,13.608,0,0.9072,1.980621E-05,13.608,0
0.9081,-0.0002225681,13.6215,0,0.9081,3.256275E-05,13.6215,0
0.909,-0.0002346532,13.635,0,0.909,-1.678492E-06,13.635,0
0.9099,-0.0001977264,13.6485,0,0.9099,-1.712062E-05,13.6485,0
0.9108,-0.0001886625,13.662,0,0.9108,-6.713969E-07,13.662,0
0.9117,-0.0001440146,13.6755,0,0.9117,-5.270466E-05,13.6755,0
0.9126,-4.699779E-06,13.689,0,0.9126,-0.000126894,13.689,0
0.9135,5.035477E-06,13.7025,0,0.9135,3.054856E-05,13.7025,0
0.9144,0.0001282368,13.716,0,0.9144,0.0001366293,13.716,0
0.9153,0.0003091783,13.7295,0,0.9153,-1.712062E-05,13.7295,0
0.9162,0.0002118257,13.743,0,0.9162,-4.666209E-05,13.743,0
0.9171,4.33051E-05,13.7565,0,0.9171,-5.035477E-05,13.7565,0
0.918,-1.007095E-06,13.77,0,0.918,-0.0001047379,13.77,0
0.9189,5.706874E-06,13.7835,0,0.9189,-0.0001265583,13.7835,0
0.9198,8.325322E-05,13.797,0,0.9198,-0.0002212253,13.797,0
0.9207,-2.584878E-05,13.8105,0,0.9207,-0.0002205539,13.8105,0
0.9216,-8.627451E-05,13.824,0,0.9216,-0.0001379721,13.824,0
0.9225,-1.443504E-05,13.8375,0,0.9225,-0.000154757,13.8375,0
0.9234,-5.606165E-05,13.851,0,0.9234,-0.0002564736,13.851,0
0.9243,-0.0002296178,13.8645,0,0.9243,-0.0002161898,13.8645,0
0.9252,-0.0002366674,13.878,0,0.9252,-0.0001795987,13.878,0
0.9261,-9.500267E-05,13.8915,0,0.9261,-0.0002487526,13.8915,0
0.927,-0.0002789654,13.905,0,0.927,-0.0002447242,13.905,0
0.9279,-0.0002534524,13.9185,0,0.9279,2.383459E-05,13.9185,0
0.9288,2.383459E-05,13.932,0,0.9288,0.0001876554,13.932,0
0.9297,6.881819E-05,13.9455,0,0.9297,0.0001433432,13.9455,0
0.9306,-3.054856E-05,13.959,0,0.9306,0.0001782559,13.959,0
0.9315,4.934768E-05,13.9725,0,0.9315,0.0003702754,13.9725,0
0.9324,5.069047E-05,13.986,0,0.9324,0.0005716945,13.986,0
0.9333,3.726253E-05,13.9995,0,0.9333,0.0005515526,13.9995,0
0.9342,7.418937E-05,14.013,0,0.9342,0.0003743038,14.013,0
0.9351,7.721065E-05,14.0265,0,0.9351,0.0002608377,14.0265,0
0.936,7.150377E-05,14.04,0,0.936,0.0001990692,14.04,0
0.9369,0.0001255512,14.0535,0,0.9369,6.881819E-05,14.0535,0
0.9378,0.0001285725,14.067,0,0.9378,8.291753E-05,14.067,0
0.9387,0.0001040665,14.0805,0,0.9387,1.107805E-05,14.0805,0
0.9396001,0.0001839628,14.094,0,0.9396001,-5.606165E-05,14.094,0
0.9405,7.754635E-05,14.1075,0,0.9405,5.639734E-05,14.1075,0
0.9414001,4.666209E-05,14.121,0,0.9414001,4.968337E-05,14.121,0
0.9423,1.577783E-05,14.1345,0,0.9423,-0.0001168231,14.1345,0
0.9432001,-9.735256E-05,14.148,0,0.9432001,-0.0002641947,14.148,0
0.9441,-5.371176E-05,14.1615,0,0.9441,-0.0004088808,14.1615,0
0.9450001,0.0001232013,14.175,0,0.9450001,-0.0004622568,14.175,0
0.9459,7.486076E-05,14.1885,0,0.9459,-0.00042533,14.1885,0
0.9468,2.316319E-05,14.202,0,0.9468,-0.0003424124,14.202,0
0.9477,7.016098E-05,14.2155,0,0.9477,-3.054856E-05,14.2155,0
0.9486,0.0001386435,14.229,0,0.9486,0.0002836652,14.229,0
0.9495,0.0002608377,14.2425,0,0.9495,0.0002860151,14.2425,0
0.9504,0.0002064546,14.256,0,0.9504,5.874724E-05,14.256,0
0.9513,-4.061952E-05,14.2695,0,0.9513,-1.376364E-05,14.2695,0
0.9522,-2.450599E-05,14.283,0,0.9522,-7.318227E-05,14.283,0
0.9531,-1.678492E-06,14.2965,0,0.9531,-0.0001832914,14.2965,0
0.954,-0.0001500572,14.31,0,0.954,-8.358892E-05,14.31,0
0.9549,-5.304036E-05,14.3235,0,0.9549,-0.0001450217,14.3235,0
0.9558,-1.577783E-05,14.337,0,0.9558,-0.0002554666,14.337,0
0.9567,-0.0001497215,14.3505,0,0.9567,-0.0001389792,14.3505,0
0.9576,-0.0001728847,14.364,0,0.9576,-4.766919E-05,14.364,0
0.9585,-0.0001252155,14.3775,0,0.9585,-8.86244E-05,14.3775,0
0.9594,-5.975433E-05,14.391,0,0.9594,-7.016098E-05,14.391,0
0.9603,5.337606E-05,14.4045,0,0.9603,-0.0001003738,14.4045,0
0.9612,5.606165E-05,14.418,0,0.9612,-0.0001252155,14.418,0
0.9621,-0.0001443503,14.4315,0,0.9621,-0.0001816129,14.4315,0
0.963,-8.72816E-05,14.445,0,0.963,-0.0002430457,14.445,0
0.9639,8.493171E-05,14.4585,0,0.9639,-0.0002756084,14.4585,0
0.9648,-9.332418E-05,14.472,0,0.9648,-0.0001282368,14.472,0
0.9657,-1.107805E-05,14.4855,0,0.9657,6.982528E-05,14.4855,0
0.9666,0.000126894,14.499,0,0.9666,0.0001487144,14.499,0
0.9675,-0.0001084306,14.5125,0,0.9675,0.0003410697,14.5125,0
0.9684,-0.0001258869,14.526,0,0.9684,0.0002934005,14.526,0
0.9693,5.035477E-06,14.5395,0,0.9693,0.0001399863,14.5395,0
0.9702,-8.090334E-05,14.553,0,0.9702,0.0001044022,14.553,0
0.9711,-0.0001685206,14.5665,0,0.9711,0.0001356222,14.5665,0
0.972,-0.0001185016,14.58,0,0.972,0.0001221943,14.58,0
0.9729,1.644922E-05,14.5935,0,0.9729,0.0001211871,14.5935,0
0.9738,2.349889E-05,14.607,0,0.9738,0.0001329366,14.607,0
0.9747,-6.881819E-05,14.6205,0,0.9747,0.0001383078,14.6205,0
0.9756,-0.0002020905,14.634,0,0.9756,7.251087E-05,14.634,0
0.9765,-0.0001876554,14.6475,0,0.9765,-1.712062E-05,14.6475,0
0.9774,-0.0001292439,14.661,0,0.9774,-5.270466E-05,14.661,0
0.9783,-0.0001668421,14.6745,0,0.9783,-6.076142E-05,14.6745,0
0.9792,-0.0001134661,14.688,0,0.9792,-5.539025E-05,14.688,0
0.9801,3.860533E-05,14.7015,0,0.9801,-9.634547E-05,14.7015,0
0.981,-3.189136E-05,14.715,0,0.981,-9.835965E-05,14.715,0
0.9819,-6.948959E-05,14.7285,0,0.9819,-0.0001094377,14.7285,0
0.9828,0.0001050736,14.742,0,0.9828,-0.0001366293,14.742,0
0.9837,1.141375E-05,14.7555,0,0.9837,-0.0001094377,14.7555,0
0.9846,-6.51255E-05,14.769,0,0.9846,-5.035477E-05,14.769,0
0.9855,-3.088426E-05,14.7825,0,0.9855,-9.298848E-05,14.7825,0
0.9864,3.659113E-05,14.796,0,0.9864,-5.673304E-05,14.796,0
0.9873,0.0002198825,14.8095,0,0.9873,-6.076142E-05,14.8095,0
0.9882,0.0002521096,14.823,0,0.9882,-2.047761E-05,14.823,0
0.9891,0.0001131304,14.8365,0,0.9891,-3.558404E-05,14.8365,0
0.99,0.0001198444,14.85,0,0.99,-0.0001299153,14.85,0
0.9909,0.0001111162,14.8635,0,0.9909,-0.0001473716,14.8635,0
0.9918,7.956054E-05,14.877,0,0.9918,-0.0001017166,14.877,0
0.9927,0.000140322,14.8905,0,0.9927,-0.0001044022,14.8905,0
0.9936,0.0001681849,14.904,0,0.9936,-0.0002074617,14.904,0
0.9945,5.941863E-05,14.9175,0,0.9945,-0.0001138018,14.9175,0
0.9954,0.0001279011,14.931,0,0.9954,6.78111E-05,14.931,0
0.9963,0.0002417029,14.9445,0,0.9963,-7.385367E-06,14.9445,0
0.9972,0.0001926909,14.958,0,0.9972,-2.1149E-05,14.958,0
0.9981,0.0001540856,14.9715,0,0.9981,0.0001846342,14.9715,0
0.999,0.0001386435,14.985,0,0.999,0.0003843748,14.985,0
0.9999,4.53193E-05,14.9985,0,0.9999,0.0002108186,14.9985,0
1.0008,0.0001070878,15.012,0,1.0008,4.229801E-05,15.012,0
1.0017,6.411841E-05,15.0255,0,1.0017,0.0001728847,15.0255,0
1.0026,-0.0002615091,15.039,0,1.0026,0.0002171969,15.039,0
1.0035,-0.0002299535,15.0525,0,1.0035,0.000112459,15.0525,0
1.0044,-0.000115816,15.066,0,1.0044,-5.337606E-05,15.066,0
1.0053,-0.0002265965,15.0795,0,1.0053,-0.0001225299,15.0795,0
1.0062,-0.0001097734,15.093,0,1.0062,-0.0002722515,15.093,0
1.0071,0.0001483787,15.1065,0,1.0071,-0.0004246586,15.1065,0
1.008,0.0002789654,15.12,0,1.008,-0.0004931411,15.12,0
1.0089,0.0001440146,15.1335,0,1.0089,-0.0004696422,15.1335,0
1.0098,0.0001131304,15.147,0,1.0098,-0.0002467384,15.147,0
1.0107,0.0001789273,15.1605,0,1.0107,4.263371E-05,15.1605,0
1.0116,5.471885E-05,15.174,0,1.0116,0.0002937362,15.174,0
1.0125,0.0001554284,15.1875,0,1.0125,0.0004568856,15.1875,0
1.0134,0.0002776226,15.201,0,1.0134,0.0004058595,15.201,0
1.0143,0.0001574426,15.2145,0,1.0143,0.000249424,15.2145,0
1.0152,3.860533E-05,15.228,0,1.0152,0.0002326391,15.228,0
1.0161,-7.183947E-05,15.2415,0,1.0161,0.0002923934,15.2415,0
1.017,-0.0001238727,15.255,0,1.017,8.426032E-05,15.255,0
1.0179,-0.0001134661,15.2685,0,1.0179,-6.74754E-05,15.2685,0
1.0188,-0.0002272679,15.282,0,1.0188,3.726253E-05,15.282,0
1.0197,-0.0001836271,15.2955,0,1.0197,3.927672E-05,15.2955,0
1.0206,-0.0001154803,15.309,0,1.0206,-0.0001487144,15.309,0
1.0215,-0.0002047761,15.3225,0,1.0215,-9.701686E-05,15.3225,0
1.0224,-0.0002030976,15.336,0,1.0224,-9.802396E-05,15.336,0
1.0233,-0.0001836271,15.3495,0,1.0233,-0.0002128328,15.3495,0
1.0242,-0.0001030594,15.363,0,1.0242,-0.0002077974,15.363,0
1.0251,-0.0001406577,15.3765,0,1.0251,-0.0001188373,15.3765,0
1.026,-0.0001493858,15.39,0,1.026,-0.0001416648,15.39,0
1.0269,-1.443504E-05,15.4035,0,1.0269,-0.0001409934,15.4035,0
1.0278,0.0001138018,15.417,0,1.0278,-0.000119173,15.417,0
1.0287,2.853437E-05,15.4305,0,1.0287,-6.54612E-05,15.4305,0
1.0296,-7.049668E-05,15.444,0,1.0296,-9.433127E-05,15.444,0
1.0305,-2.752728E-05,15.4575,0,1.0305,-0.0001762417,15.4575,0
1.0314,-4.766919E-05,15.471,0,1.0314,-4.632639E-05,15.471,0
1.0323,-0.0002353246,15.4845,0,1.0323,-1.007095E-06,15.4845,0
1.0332,-0.0002823224,15.498,0,1.0332,-3.390555E-05,15.498,0
1.0341,-0.0001990692,15.5115,0,1.0341,-0.0001037308,15.5115,0
1.035,-0.0002564736,15.525,0,1.035,-8.526741E-05,15.525,0
1.0359,-4.49836E-05,15.5385,0,1.0359,-9.097429E-05,15.5385,0
1.0368,0.0002762798,15.552,0,1.0368,-0.0001571069,15.552,0
1.0377,0.0004414435,15.5655,0,1.0377,-6.74754E-05,15.5655,0
1.0386,0.0002453956,15.579,0,1.0386,-4.666209E-05,15.579,0
1.0395,0.0001060807,15.5925,0,1.0395,-8.761731E-05,15.5925,0
1.0404,-2.652018E-05,15.606,0,1.0404,-5.001907E-05,15.606,0
1.0413,-6.814679E-05,15.6195,0,1.0413,-4.061952E-05,15.6195,0
1.0422,-2.383459E-05,15.633,0,1.0422,0.0001030594,15.633,0
1.0431,-0.0002044404,15.6465,0,1.0431,-3.155566E-05,15.6465,0
1.044,-0.0001728847,15.66,0,1.044,-0.0001853056,15.66,0
1.0449,-4.196231E-05,15.6735,0,1.0449,-1.007095E-05,15.6735,0
1.0458,-6.076142E-05,15.687,0,1.0458,0.0001440146,15.687,0
1.0467,-0.0001413291,15.7005,0,1.0467,6.243992E-05,15.7005,0
1.0476,1.443504E-05,15.714,0,1.0476,-2.786297E-05,15.714,0
1.0485,7.721065E-06,15.7275,0,1.0485,5.438316E-05,15.7275,0
1.0494,8.392462E-06,15.741,0,1.0494,0.0001121233,15.741,0
1.0503,6.076142E-05,15.7545,0,1.0503,0.0001631495,15.7545,0
1.0512,-1.678492E-05,15.768,0,1.0512,0.0001883268,15.768,0
1.0521,-5.539025E-05,15.7815,0,1.0521,0.000164828,15.7815,0
1.053,-4.36408E-06,15.795,0,1.053,9.835965E-05,15.795,0
1.0539,6.6804E-05,15.8085,0,1.0539,8.358892E-05,15.8085,0
1.0548,0.0001037308,15.822,0,1.0548,5.404745E-05,15.822,0
1.0557,0.0001346151,15.8355,0,1.0557,0.0001178302,15.8355,0
1.0566,0.0001232013,15.849,0,1.0566,7.351797E-05,15.849,0
1.0575,0.000197055,15.8625,0,1.0575,7.721065E-06,15.8625,0
1.0584,0.0001497215,15.876,0,1.0584,3.424125E-05,15.876,0
1.0593,-4.934768E-05,15.8895,0,1.0593,2.081331E-05,15.8895,0
1.0602,-4.632639E-05,15.903,0,1.0602,-6.478981E-05,15.903,0
1.0611,5.941863E-05,15.9165,0,1.0611,-0.000102388,15.9165,0
1.062,-3.323415E-05,15.93,0,1.062,9.835965E-05,15.93,0
1.0629,-7.855344E-05,15.9435,0,1.0629,0.0001806058,15.9435,0
1.0638,-2.316319E-05,15.957,0,1.0638,7.150377E-05,15.957,0
1.0647,2.853437E-05,15.9705,0,1.0647,0.000112459,15.9705,0
1.0656,-7.687495E-05,15.984,0,1.0656,0.0002413672,15.984,0
1.0665,-0.0001668421,15.9975,0,1.0665,0.0001916838,15.9975,0
1.0674,-0.0002091402,16.011,0,1.0674,5.136187E-05,16.011,0
1.0683,-0.0001436789,16.0245,0,1.0683,-8.89601E-05,16.0245,0
1.0692,-0.0001594568,16.038,0,1.0692,-9.030289E-05,16.038,0
1.0701,-0.000246067,16.0515,0,1.0701,-0.0001020523,16.0515,0
1.071,-0.0001665064,16.065,0,1.071,-0.0001560998,16.065,0
1.0719,4.196231E-05,16.0785,0,1.0719,-0.0001866484,16.0785,0
1.0728,9.399557E-05,16.092,0,1.0728,-0.0001980621,16.092,0
1.0737,0.0001735561,16.1055,0,1.0737,-0.0002030976,16.1055,0
1.0746,0.0002413672,16.119,0,1.0746,-0.0002218967,16.119,0
1.0755,9.365987E-05,16.1325,0,1.0755,5.203327E-05,16.1325,0
1.0764,6.311131E-05,16.146,0,1.0764,0.0001178302,16.146,0
1.0773,6.54612E-05,16.1595,0,1.0773,-8.392462E-05,16.1595,0
1.0782,-2.383459E-05,16.173,0,1.0782,-0.0001470359,16.173,0
1.0791,-0.0001453574,16.1865,0,1.0791,-0.0001238727,16.1865,0
1.08,-0.0001225299,16.2,0,1.08,-0.0001339437,16.2,0
1.0809,-3.994812E-05,16.2135,0,1.0809,-0.0001127947,16.2135,0
1.0818,-1.007095E-05,16.227,0,1.0818,-7.821774E-05,16.227,0
1.0827,4.666209E-05,16.2405,0,1.0827,-1.376364E-05,16.2405,0
1.0836,4.46479E-05,16.254,0,1.0836,-7.116808E-05,16.254,0
1.0845,2.349889E-06,16.2675,0,1.0845,-0.0001181659,16.2675,0
1.0854,2.887007E-05,16.281,0,1.0854,-0.0001675135,16.281,0
1.0863,-0.0001077592,16.2945,0,1.0863,-0.0001178302,16.2945,0
1.0872,-8.157473E-05,16.308,0,1.0872,-9.365987E-05,16.308,0
1.0881,9.970245E-05,16.3215,0,1.0881,-0.0001232013,16.3215,0
1.089,2.1149E-05,16.335,0,1.089,1.040665E-05,16.335,0
1.0899,-0.0002017548,16.3485,0,1.0899,-5.941863E-05,16.3485,0
1.0908,-0.0001205158,16.362,0,1.0908,-8.023193E-05,16.362,0
1.0917,-6.378271E-06,16.3755,0,1.0917,-1.779202E-05,16.3755,0
1.0926,-2.21561E-05,16.389,0,1.0926,7.351797E-05,16.389,0
1.0935,9.198138E-05,16.4025,0,1.0935,0.0001054093,16.4025,0
1.0944,8.358892E-05,16.416,0,1.0944,8.661021E-05,16.416,0
1.0953,8.82887E-05,16.4295,0,1.0953,-1.812772E-05,16.4295,0
1.0962,6.411841E-05,16.443,0,1.0962,-1.644922E-05,16.443,0
1.0971,-2.484169E-05,16.4565,0,1.0971,-1.779202E-05,16.4565,0
1.098,4.968337E-05,16.47,0,1.098,-8.82887E-05,16.47,0
1.0989,9.097429E-05,16.4835,0,1.0989,-4.800488E-05,16.4835,0
1.0998,-9.735256E-06,16.497,0,1.0998,-0.0001399863,16.497,0
1.1007,-5.706874E-06,16.5105,0,1.1007,-0.0003138781,16.5105,0
1.1016,9.735256E-06,16.524,0,1.1016,-0.0002621805,16.524,0
1.1025,-0.0001050736,16.5375,0,1.1025,3.692683E-06,16.5375,0
1.1034,-5.572595E-05,16.551,0,1.1034,1.040665E-05,16.551,0
1.1043,-5.606165E-05,16.5645,0,1.1043,-8.493171E-05,16.5645,0
1.1052,-9.097429E-05,16.578,0,1.1052,3.390555E-05,16.578,0
1.1061,-0.0001064164,16.5915,0,1.1061,0.0002682231,16.5915,0
1.107,-2.551309E-05,16.605,0,1.107,0.0004448005,16.605,0
1.1079,4.46479E-05,16.6185,0,1.1079,0.0005602808,16.6185,0
1.1088,2.853437E-05,16.632,0,1.1088,0.0003602045,16.632,0
1.1097,-4.699779E-05,16.6455,0,1.1097,0.0002178683,16.6455,0
1.1106,-7.049668E-05,16.659,0,1.1106,6.210422E-05,16.659,0
1.1115,-3.054856E-05,16.6725,0,1.1115,9.735256E-06,16.6725,0
1.1124,0.0001362936,16.686,0,1.1124,-2.1149E-05,16.686,0
1.1133,0.0001393149,16.6995,0,1.1133,6.64683E-05,16.6995,0
1.1142,0.0003320058,16.713,0,1.1142,-5.941863E-05,16.713,0
1.1151,0.0005549096,16.7265,0,1.1151,-0.000148043,16.7265,0
1.116,0.000295079,16.74,0,1.116,-0.0001087663,16.74,0
1.1169,3.961242E-05,16.7535,0,1.1169,-0.0001168231,16.7535,0
1.1178,0.0001326009,16.767,0,1.1178,-0.0001154803,16.767,0
1.1187,6.61326E-05,16.7805,0,1.1187,-0.0001285725,16.7805,0
1.1196,-0.0001198444,16.794,0,1.1196,-5.505455E-05,16.794,0
1.1205,-8.090334E-05,16.8075,0,1.1205,-7.452507E-05,16.8075,0
1.1214,-5.740444E-05,16.821,0,1.1214,-4.33051E-05,16.821,0
1.1223,-1.107805E-05,16.8345,0,1.1223,-4.666209E-05,16.8345,0
1.1232,9.063859E-06,16.848,0,1.1232,-3.591974E-05,16.848,0
1.1241,-0.0001252155,16.8615,0,1.1241,-3.860533E-05,16.8615,0
1.125,-6.009003E-05,16.875,0,1.125,-7.385367E-05,16.875,0
1.1259,0.0001493858,16.8885,0,1.1259,-4.934768E-05,16.8885,0
1.1268,7.183947E-05,16.902,0,1.1268,5.740444E-05,16.902,0
1.1277,-5.740444E-05,16.9155,0,1.1277,5.807584E-05,16.9155,0
1.1286,-8.761731E-05,16.929,0,1.1286,-6.948959E-05,16.929,0
1.1295,-0.0001215228,16.9425,0,1.1295,-3.390555E-05,16.9425,0
1.1304,-0.0001379721,16.956,0,1.1304,4.36408E-06,16.956,0
1.1313,-0.000197055,16.9695,0,1.1313,-3.323415E-05,16.9695,0
1.1322,-0.0002302892,16.983,0,1.1322,7.049668E-05,16.983,0
1.1331,-7.452507E-05,16.9965,0,1.1331,9.365987E-05,16.9965,0
1.134,8.392462E-06,17.01,0,1.134,-1.309224E-05,17.01,0
1.1349,0.0001305867,17.0235,0,1.1349,-6.74754E-05,17.0235,0
1.1358,0.0002276036,17.037,0,1.1358,-0.0001634852,17.037,0
1.1367,-1.779202E-05,17.0505,0,1.1367,-0.0001436789,17.0505,0
1.1376,-8.224613E-05,17.064,0,1.1376,-0.0001030594,17.064,0
1.1385,-4.162661E-05,17.0775,0,1.1385,-0.0001027237,17.0775,0
1.1394,-5.438316E-05,17.091,0,1.1394,-0.0001386435,17.091,0
1.1403,-0.0001406577,17.1045,0,1.1403,-0.0001094377,17.1045,0
1.1412,-4.901198E-05,17.118,0,1.1412,-9.970245E-05,17.118,0
1.1421,4.129091E-05,17.1315,0,1.1421,-0.0001550927,17.1315,0
1.143,-0.0001795987,17.145,0,1.143,-0.0001275654,17.145,0
1.1439,-0.0002722515,17.1585,0,1.1439,-4.33051E-05,17.1585,0
1.1448,-0.0002306248,17.172,0,1.1448,-3.424125E-05,17.172,0
1.1457,-0.0004166018,17.1855,0,1.1457,-1.309224E-05,17.1855,0
1.1466,-0.0004155947,17.199,0,1.1466,7.049668E-06,17.199,0
1.1475,-0.0002383459,17.2125,0,1.1475,-1.107805E-05,17.2125,0
1.1484,-3.121996E-05,17.226,0,1.1484,7.049668E-06,17.226,0
1.1493,9.433127E-05,17.2395,0,1.1493,-1.544213E-05,17.2395,0
1.1502,4.263371E-05,17.253,0,1.1502,-4.666209E-05,17.253,0
1.1511,-3.256275E-05,17.2665,0,1.1511,-7.150377E-05,17.2665,0
1.152,-8.72816E-05,17.28,0,1.152,-2.14847E-05,17.28,0
1.1529,-7.754635E-05,17.2935,0,1.1529,2.1149E-05,17.2935,0
1.1538,-0.0001960479,17.307,0,1.1538,3.323415E-05,17.307,0
1.1547,-0.0001211871,17.3205,0,1.1547,2.383459E-05,17.3205,0
1.1556,9.063859E-05,17.334,0,1.1556,-5.941863E-05,17.334,0
1.1565,5.102617E-05,17.3475,0,1.1565,3.356985E-06,17.3475,0
1.1574,8.157473E-05,17.361,0,1.1574,-3.860533E-05,17.361,0
1.1583,0.0002084688,17.3745,0,1.1583,-0.0001319295,17.3745,0
1.1592,6.881819E-05,17.388,0,1.1592,-6.478981E-05,17.388,0
1.1601,1.443504E-05,17.4015,0,1.1601,-0.0001339437,17.4015,0
1.161,6.848249E-05,17.415,0,1.161,-0.0001782559,17.415,0
1.1619,8.426032E-05,17.4285,0,1.1619,-0.0001195087,17.4285,0
1.1628,0.0001067521,17.442,0,1.1628,6.378271E-06,17.442,0
1.1637,4.263371E-05,17.4555,0,1.1637,1.443504E-05,17.4555,0
1.1646,3.927672E-05,17.469,0,1.1646,-8.627451E-05,17.469,0
1.1655,-1.779202E-05,17.4825,0,1.1655,-9.198138E-05,17.4825,0
1.1664,-7.721065E-06,17.496,0,1.1664,-4.699779E-05,17.496,0
1.1673,-6.378271E-06,17.5095,0,1.1673,0.0001695277,17.5095,0
1.1682,-2.081331E-05,17.523,0,1.1682,0.0001863127,17.523,0
1.1691,-3.659113E-05,17.5365,0,1.1691,8.023193E-05,17.5365,0
1.17,-8.426032E-05,17.55,0,1.17,-1.409934E-05,17.55,0
1.1709,-5.136187E-05,17.5635,0,1.1709,-5.572595E-05,17.5635,0
1.1718,7.721065E-06,17.577,0,1.1718,-5.975433E-05,17.577,0
1.1727,1.141375E-05,17.5905,0,1.1727,1.577783E-05,17.5905,0
1.1736,-3.692683E-06,17.604,0,1.1736,0.000197055,17.604,0
1.1745,6.411841E-05,17.6175,0,1.1745,0.0002051118,17.6175,0
1.1754,3.524834E-05,17.631,0,1.1754,6.848249E-05,17.631,0
1.1763,8.291753E-05,17.6445,0,1.1763,-5.035477E-05,17.6445,0
1.1772,-3.927672E-05,17.658,0,1.1772,-0.0002027619,17.658,0
1.1781,-0.0001695277,17.6715,0,1.1781,-0.0003873961,17.6715,0
1.179,-4.599069E-05,17.685,0,1.179,-0.0002547952,17.685,0
1.1799,1.275654E-05,17.6985,0,1.1799,-9.164568E-05,17.6985,0
1.1808,-0.0001762417,17.712,0,1.1808,-0.0002635233,17.712,0
1.1817,-0.0001215228,17.7255,0,1.1817,-0.0001990692,17.7255,0
1.1826,0.0001913481,17.739,0,1.1826,0.0003434196,17.739,0
1.1835,0.0003783322,17.7525,0,1.1835,0.0006559548,17.7525,0
1.1844,0.0002652018,17.766,0,1.1844,0.0004320439,17.766,0
1.1853,9.500267E-05,17.7795,0,1.1853,0.0002225681,17.7795,0
1.1862,2.786297E-05,17.793,0,1.1862,0.0001285725,17.793,0
1.1871,-6.411841E-05,17.8065,0,1.1871,8.761731E-05,17.8065,0
1.188,1.040665E-05,17.82,0,1.188,1.644922E-05,17.82,0
1.1889,3.189136E-05,17.8335,0,1.1889,1.242084E-05,17.8335,0
1.1898,3.524834E-05,17.847,0,1.1898,-3.424125E-05,17.847,0
1.1907,-2.853437E-05,17.8605,0,1.1907,7.016098E-05,17.8605,0
1.1916,-0.0001812772,17.874,0,1.1916,4.196231E-05,17.874,0
1.1925,-0.0002490883,17.8875,0,1.1925,-0.0002406958,17.8875,0
1.1934,-0.0001708705,17.901,0,1.1934,-0.0002413672,17.901,0
1.1943,-0.0001621424,17.9145,0,1.1943,-0.0001473716,17.9145,0
1.1952,3.323415E-05,17.928,0,1.1952,-0.0001258869,17.928,0
1.1961,0.0004481575,17.9415,0,1.1961,-0.0001574426,17.9415,0
1.197,0.000369604,17.955,0,1.197,-1.242084E-05,17.955,0
1.1979,0.0001033951,17.9685,0,1.1979,-6.042573E-06,17.9685,0
1.1988,8.560311E-05,17.982,0,1.1988,4.162661E-05,17.982,0
1.1997,-4.36408E-06,17.9955,0,1.1997,5.841154E-05,17.9955,0
1.2006,-0.0002353246,18.009,0,1.2006,-1.309224E-05,18.009,0
1.2015,-0.0002574807,18.0225,0,1.2015,-2.316319E-05,18.0225,0
1.2024,-0.0001426719,18.036,0,1.2024,-4.129091E-05,18.036,0
1.2033,-1.376364E-05,18.0495,0,1.2033,-8.358892E-05,18.0495,0
1.2042,5.471885E-05,18.063,0,1.2042,-4.699779E-05,18.063,0
1.2051,0.0002074617,18.0765,0,1.2051,-1.174945E-05,18.0765,0
1.206,0.0004656138,18.09,0,1.206,-0.0001131304,18.09,0
1.2069,0.0002480812,18.1035,0,1.2069,-0.0001040665,18.1035,0
1.2078,2.450599E-05,18.117,0,1.2078,0.000112459,18.117,0
1.2087,-5.539025E-05,18.1305,0,1.2087,0.0001252155,18.1305,0
1.2096,4.263371E-05,18.144,0,1.2096,0.0002574807,18.144,0
1.2105,0.0001802701,18.1575,0,1.2105,0.0001715419,18.1575,0
1.2114,0.000235996,18.171,0,1.2114,8.69459E-05,18.171,0
1.2123,0.0001426719,18.1845,0,1.2123,-1.141375E-05,18.1845,0
1.2132,-4.36408E-05,18.198,0,1.2132,-7.049668E-05,18.198,0
1.2141,-0.0001863127,18.2115,0,1.2141,-8.761731E-05,18.2115,0
1.215,-0.0001883268,18.225,0,1.215,-1.611353E-05,18.225,0
1.2159,-0.0001604639,18.2385,0,1.2159,9.063859E-06,18.2385,0
1.2168,7.049668E-06,18.252,0,1.2168,-7.284657E-05,18.252,0
1.2177,0.0001279011,18.2655,0,1.2177,-1.141375E-05,18.2655,0
1.2186,0.0002547952,18.279,0,1.2186,-9.399558E-06,18.279,0
1.2195,0.000203769,18.2925,0,1.2195,-4.196231E-05,18.2925,0
1.2204,4.39765E-05,18.306,0,1.2204,-7.318227E-05,18.306,0
1.2213,-3.860533E-05,18.3195,0,1.2213,-3.692683E-06,18.3195,0
1.2222,-6.74754E-05,18.333,0,1.2222,-5.505455E-05,18.333,0
1.2231,-3.659113E-05,18.3465,0,1.2231,-0.0002541238,18.3465,0
1.224,-0.0002205539,18.36,0,1.224,-0.0001044022,18.36,0
1.2249,-0.0002410315,18.3735,0,1.2249,-0.0001017166,18.3735,0
1.2258,-9.500267E-05,18.387,0,1.2258,-0.0002588235,18.387,0
1.2267,-0.0001084306,18.4005,0,1.2267,-0.0002685588,18.4005,0
1.2276,-9.701686E-05,18.414,0,1.2276,-0.0002846723,18.414,0
1.2285,0.0001077592,18.4275,0,1.2285,-0.0004249943,18.4275,0
1.2294,3.189136E-05,18.441,0,1.2294,-0.0004139162,18.441,0
1.2303,3.189136E-05,18.4545,0,1.2303,-0.0002312963,18.4545,0
1.2312,3.457694E-05,18.468,0,1.2312,-6.109713E-05,18.468,0
1.2321,-0.0001144732,18.4815,0,1.2321,2.584878E-05,18.4815,0
1.233,-0.0001221943,18.495,0,1.233,0.0001232013,18.495,0
1.2339,-7.922484E-05,18.5085,0,1.2339,0.0001050736,18.5085,0
1.2348,-0.0001900053,18.522,0,1.2348,0.0001527428,18.522,0
1.2357,-0.0001376364,18.5355,0,1.2357,0.000323949,18.5355,0
1.2366,1.644922E-05,18.549,0,1.2366,0.0004038453,18.549,0
1.2375,-7.788205E-05,18.5625,0,1.2375,0.0002480812,18.5625,0
1.2384,-7.821774E-05,18.576,0,1.2384,0.0001352865,18.576,0
1.2393,-5.706874E-06,18.5895,0,1.2393,0.0001238727,18.5895,0
1.2402,6.109713E-05,18.603,0,1.2402,-2.014191E-05,18.603,0
1.2411,-0.0001983978,18.6165,0,1.2411,-0.0001856413,18.6165,0
1.242,-0.0001963836,18.63,0,1.242,-0.000119173,18.63,0
1.2429,-7.351797E-05,18.6435,0,1.2429,-0.000169192,18.6435,0
1.2438,1.309224E-05,18.657,0,1.2438,-7.217517E-05,18.657,0
1.2447,-4.699779E-06,18.6705,0,1.2447,0.0001722133,18.6705,0
1.2456,-3.558404E-05,18.684,0,1.2456,0.0002333104,18.684,0
1.2465,2.1149E-05,18.6975,0,1.2465,0.0001651637,18.6975,0
1.2474,-1.510643E-05,18.711,0,1.2474,0.0001889983,18.711,0
1.2483,-4.33051E-05,18.7245,0,1.2483,0.000203769,18.7245,0
1.2492,8.526741E-05,18.738,0,1.2492,6.243992E-05,18.738,0
1.2501,0.000109102,18.7515,0,1.2501,-1.577783E-05,18.7515,0
1.251,1.107805E-05,18.765,0,1.251,5.270466E-05,18.765,0
1.2519,0.0001225299,18.7785,0,1.2519,3.457694E-05,18.7785,0
1.2528,0.000186984,18.792,0,1.2528,5.169757E-05,18.792,0
1.2537,8.191043E-05,18.8055,0,1.2537,4.061952E-05,18.8055,0
1.2546,2.652018E-05,18.819,0,1.2546,-5.304036E-05,18.819,0
1.2555,6.109713E-05,18.8325,0,1.2555,1.107805E-05,18.8325,0
1.2564,3.424125E-05,18.846,0,1.2564,-0.0001440146,18.846,0
1.2573,6.277562E-05,18.8595,0,1.2573,-0.0002339818,18.8595,0
1.2582,9.802396E-05,18.873,0,1.2582,-0.0001054093,18.873,0
1.2591,-8.392462E-05,18.8865,0,1.2591,-7.183947E-05,18.8865,0
1.26,2.349889E-06,18.9,0,1.26,-0.0001181659,18.9,0
1.2609,7.418937E-05,18.9135,0,1.2609,-0.0001628138,18.9135,0
1.2618,-0.0001171588,18.927,0,1.2618,-0.0001373007,18.927,0
1.2627,-0.0001722133,18.9405,0,1.2627,-0.0001483787,18.9405,0
1.2636,-2.1149E-05,18.954,0,1.2636,-0.0001174945,18.954,0
1.2645,-0.0001853056,18.9675,0,1.2645,1.040665E-05,18.9675,0
1.2654,-0.0001685206,18.981,0,1.2654,7.049668E-06,18.981,0
1.2663,-2.752728E-05,18.9945,0,1.2663,-1.678492E-06,18.9945,0
1.2672,-8.996719E-05,19.008,0,1.2672,3.356985E-06,19.008,0
1.2681,3.054856E-05,19.0215,0,1.2681,-5.438316E-05,19.0215,0
1.269,2.383459E-05,19.035,0,1.269,-0.000102388,19.035,0
1.2699,-0.00018262,19.0485,0,1.2699,-6.076142E-05,19.0485,0
1.2708,-0.0002497597,19.062,0,1.2708,-3.994812E-05,19.062,0
1.2717,-0.0002702373,19.0755,0,1.2717,3.726253E-05,19.0755,0
1.2726,-0.0003232776,19.089,0,1.2726,-2.450599E-05,19.089,0
1.2735,-0.0002490883,19.1025,0,1.2735,-8.92958E-05,19.1025,0
1.2744,2.719158E-05,19.116,0,1.2744,-6.143282E-05,19.116,0
1.2753,0.0003860533,19.1295,0,1.2753,-3.356985E-06,19.1295,0
1.2762,0.0005972076,19.143,0,1.2762,-4.867628E-05,19.143,0
1.2771,0.0004689708,19.1565,0,1.2771,-0.0001067521,19.1565,0
1.278,0.0001685206,19.17,0,1.278,2.618448E-05,19.17,0
1.2789,0.0001500572,19.1835,0,1.2789,0.0001030594,19.1835,0
1.2798,0.0001661708,19.197,0,1.2798,-1.242084E-05,19.197,0
1.2807,5.908293E-05,19.2105,0,1.2807,7.385367E-06,19.2105,0
1.2816,5.035477E-06,19.224,0,1.2816,-2.047761E-05,19.224,0
1.2825,-6.344701E-05,19.2375,0,1.2825,-7.351797E-05,19.2375,0
1.2834,-1.577783E-05,19.251,0,1.2834,-7.855344E-05,19.251,0
1.2843,5.203327E-05,19.2645,0,1.2843,-0.0001080949,19.2645,0
1.2852,-3.256275E-05,19.278,0,1.2852,-2.517739E-05,19.278,0
1.2861,-5.404745E-05,19.2915,0,1.2861,-2.987716E-05,19.2915,0
1.287,-1.779202E-05,19.305,0,1.287,1.174945E-05,19.305,0
1.2879,-3.121996E-05,19.3185,0,1.2879,4.39765E-05,19.3185,0
1.2888,-0.000148043,19.332,0,1.2888,0.0001467002,19.332,0
1.2897,-0.0001279011,19.3455,0,1.2897,0.0001003738,19.3455,0
1.2906,-3.793393E-05,19.359,0,1.2906,-0.000109102,19.359,0
1.2915,-0.0001762417,19.3725,0,1.2915,-3.558404E-05,19.3725,0
1.2924,-0.0002151827,19.386,0,1.2924,7.721065E-06,19.386,0
1.2933,-9.735256E-06,19.3995,0,1.2933,-0.0001077592,19.3995,0
1.2942,4.699779E-05,19.413,0,1.2942,-0.0001500572,19.413,0
1.2951,-0.0001010452,19.4265,0,1.2951,7.721065E-06,19.4265,0
1.296,-0.0002101472,19.44,0,1.296,9.735256E-06,19.44,0
1.2969,-0.0002514381,19.4535,0,1.2969,-4.901198E-05,19.4535,0
1.2978,-9.298848E-05,19.467,0,1.2978,-3.256275E-05,19.467,0
1.2987,2.081331E-05,19.4805,0,1.2987,-4.36408E-06,19.4805,0
1.2996,1.174945E-05,19.494,0,1.2996,3.961242E-05,19.494,0
1.3005,5.706874E-06,19.5075,0,1.3005,-0.0001312581,19.5075,0
1.3014,-0.0001117876,19.521,0,1.3014,-0.0003410697,19.521,0
1.3023,-0.0003135424,19.5345,0,1.3023,-0.0002051118,19.5345,0
1.3032,-2.987716E-05,19.548,0,1.3032,-0.0001473716,19.548,0
1.3041,0.0002829938,19.5615,0,1.3041,-1.309224E-05,19.5615,0
1.305,0.0003722896,19.575,0,1.305,0.0001742275,19.575,0
1.3059,0.0002437171,19.5885,0,1.3059,0.0001715419,19.5885,0
1.3068,0.0001889983,19.602,0,1.3068,8.560311E-05,19.602,0
1.3077,0.0001097734,19.6155,0,1.3077,0.0001745632,19.6155,0
1.3086,-6.411841E-05,19.629,0,1.3086,0.0001567712,19.629,0
1.3095,3.121996E-05,19.6425,0,1.3095,5.069047E-05,19.6425,0
1.3104,0.0001379721,19.656,0,1.3104,-2.450599E-05,19.656,0
1.3113,1.342794E-06,19.6695,0,1.3113,-0.0001534142,19.6695,0
1.3122,-3.457694E-05,19.683,0,1.3122,-0.0001319295,19.683,0
1.3131,3.726253E-05,19.6965,0,1.3131,-6.915389E-05,19.6965,0
1.314,2.450599E-05,19.71,0,1.314,-0.0001050736,19.71,0
1.3149,1.242084E-05,19.7235,0,1.3149,-7.016098E-05,19.7235,0
1.3158,-0.0001228656,19.737,0,1.3158,-2.719158E-05,19.737,0
1.3167,-0.0001406577,19.7505,0,1.3167,-0.0001010452,19.7505,0
1.3176,-2.383459E-05,19.764,0,1.3176,-9.433127E-05,19.764,0
1.3185,-0.0001087663,19.7775,0,1.3185,6.54612E-05,19.7775,0
1.3194,-1.040665E-05,19.791,0,1.3194,0.0002887007,19.791,0
1.3203,-5.606165E-05,19.8045,0,1.3203,0.0003232776,19.8045,0
1.3212,-4.766919E-05,19.818,0,1.3212,0.0002178683,19.818,0
1.3221,-0.0001339437,19.8315,0,1.3221,8.258183E-05,19.8315,0
1.323,-0.0001752346,19.845,0,1.323,-1.913481E-05,19.845,0
1.3239,-0.0001705348,19.8585,0,1.3239,-0.0001507286,19.8585,0
1.3248,-0.0001181659,19.872,0,1.3248,-0.0001292439,19.872,0
1.3257,-0.0001688563,19.8855,0,1.3257,8.291753E-05,19.8855,0
1.3266,-0.0002333104,19.899,0,1.3266,2.752728E-05,19.899,0
1.3275,-0.0001406577,19.9125,0,1.3275,-1.712062E-05,19.9125,0
1.3284,-7.049668E-06,19.926,0,1.3284,-2.316319E-05,19.926,0
1.3293,-1.107805E-05,19.9395,0,1.3293,6.277562E-05,19.9395,0
1.3302,7.385367E-06,19.953,0,1.3302,7.150377E-05,19.953,0
1.3311,0.0001785916,19.9665,0,1.3311,2.719158E-05,19.9665,0
1.332,2.853437E-05,19.98,0,1.332,0.0004266728,19.98,0
1.3329,3.759823E-05,19.9935,0,1.3329,0.0003538262,19.9935,0
1.3338,0.0001473716,20.007,0,1.3338,9.198138E-05,20.007,0
1.3347,5.941863E-05,20.0205,0,1.3347,5.136187E-05,20.0205,0
1.3356,1.040665E-05,20.034,0,1.3356,3.894102E-05,20.034,0
1.3365,9.768826E-05,20.0475,0,1.3365,-2.786297E-05,20.0475,0
1.3374,8.090334E-05,20.061,0,1.3374,7.049668E-06,20.061,0
1.3383,7.217517E-05,20.0745,0,1.3383,5.706874E-06,20.0745,0
1.3392,0.0001198444,20.088,0,1.3392,-0.0001040665,20.088,0
1.3401,2.081331E-05,20.1015,0,1.3401,-8.392462E-05,20.1015,0
1.341,4.599069E-05,20.115,0,1.341,-0.0001144732,20.115,0
1.3419,0.0001171588,20.1285,0,1.3419,-0.0002024262,20.1285,0
1.3428,8.224613E-05,20.142,0,1.3428,-0.0002061189,20.142,0
1.3437,3.994812E-05,20.1555,0,1.3437,-0.0002897078,20.1555,0
1.3446,6.344701E-05,20.169,0,1.3446,-0.0003776608,20.169,0
1.3455,-8.761731E-05,20.1825,0,1.3455,-0.0002887007,20.1825,0
1.3464,-0.0001168231,20.196,0,1.3464,-6.54612E-05,20.196,0
1.3473,-0.0001896696,20.2095,0,1.3473,5.203327E-05,20.2095,0
1.3482,-0.0002500954,20.223,0,1.3482,5.169757E-05,20.223,0
1.3491,-0.0002732586,20.2365,0,1.3491,0.0001178302,20.2365,0
1.35,-4.867628E-05,20.25,0,1.35,6.881819E-05,20.25,0
1.3509,0.0001349508,20.2635,0,1.3509,-2.24918E-05,20.2635,0
1.3518,0.0003944457,20.277,0,1.3518,-0.0001762417,20.277,0
1.3527,0.000601236,20.2905,0,1.3527,-0.0001789273,20.2905,0
1.3536,0.0003863889,20.304,0,1.3536,-0.000218204,20.304,0
1.3545,9.903105E-05,20.3175,0,1.3545,-0.0002934005,20.3175,0
1.3554,-2.014191E-06,20.331,0,1.3554,-0.0001540856,20.331,0
1.3563,-7.284657E-05,20.3445,0,1.3563,-1.947051E-05,20.3445,0
1.3572,1.141375E-05,20.358,0,1.3572,5.169757E-05,20.358,0
1.3581,0.0001352865,20.3715,0,1.3581,-8.358892E-05,20.3715,0
1.359,0.0001742275,20.385,0,1.359,-0.000115816,20.385,0
1.3599,0.0001379721,20.3985,0,1.3599,-0.0001574426,20.3985,0
1.3608,0.0001117876,20.412,0,1.3608,-0.0001292439,20.412,0
1.3617,0.0001070878,20.4255,0,1.3617,-0.0001087663,20.4255,0
1.3626,-5.270466E-05,20.439,0,1.3626,-0.000175906,20.439,0
1.3635,-0.0002722515,20.4525,0,1.3635,-3.927672E-05,20.4525,0
1.3644,-0.0005126116,20.466,0,1.3644,-5.035477E-06,20.466,0
1.3653,-0.0005418173,20.4795,0,1.3653,-0.0001265583,20.4795,0
1.3662,-0.0003944457,20.493,0,1.3662,-5.908293E-05,20.493,0
1.3671,-0.000133608,20.5065,0,1.3671,0.000112459,20.5065,0
1.368,0.0002457313,20.52,0,1.368,0.0001040665,20.52,0
1.3689,0.0003353628,20.5335,0,1.3689,1.174945E-05,20.5335,0
1.3698,7.351797E-05,20.547,0,1.3698,7.855344E-05,20.547,0
1.3707,4.46479E-05,20.5605,0,1.3707,0.0001242084,20.5605,0
1.3716,0.0003081712,20.574,0,1.3716,0.0001050736,20.574,0
1.3725,0.0002024262,20.5875,0,1.3725,0.0001473716,20.5875,0
1.3734,-2.786297E-05,20.601,0,1.3734,0.0001399863,20.601,0
1.3743,5.203327E-05,20.6145,0,1.3743,6.143282E-05,20.6145,0
1.3752,-8.560311E-05,20.628,0,1.3752,4.129091E-05,20.628,0
1.3761,-0.0001829557,20.6415,0,1.3761,8.224613E-05,20.6415,0
1.377,-0.0001910124,20.655,0,1.377,4.53193E-05,20.655,0
1.3779,-0.000161471,20.6685,0,1.3779,-5.874724E-05,20.6685,0
1.3788,-0.0001101091,20.682,0,1.3788,-3.994812E-05,20.682,0
1.3797,-0.0001587854,20.6955,0,1.3797,-3.424125E-05,20.6955,0
1.3806,-0.0002752728,20.709,0,1.3806,-9.298848E-05,20.709,0
1.3815,-9.735256E-06,20.7225,0,1.3815,-2.987716E-05,20.7225,0
1.3824,0.0004491646,20.736,0,1.3824,-2.450599E-05,20.736,0
1.3833,0.0004468147,20.7495,0,1.3833,-3.356985E-06,20.7495,0
1.3842,0.0002346532,20.763,0,1.3842,-6.54612E-05,20.763,0
1.3851,0.0003078355,20.7765,0,1.3851,-0.0001101091,20.7765,0
1.386,0.0002017548,20.79,0,1.386,-3.927672E-05,20.79,0
1.3869,-1.846342E-05,20.8035,0,1.3869,-3.726253E-05,20.8035,0
1.3878,-3.524834E-05,20.817,0,1.3878,-8.459602E-05,20.817,0
1.3887,-2.719158E-05,20.8305,0,1.3887,-6.713969E-06,20.8305,0
1.3896,-0.000175906,20.844,0,1.3896,3.054856E-05,20.844,0
1.3905,-0.000185977,20.8575,0,1.3905,2.014191E-06,20.8575,0
1.3914,-0.0001467002,20.871,0,1.3914,-7.049668E-06,20.871,0
1.3923,-6.881819E-05,20.8845,0,1.3923,-2.316319E-05,20.8845,0
1.3932,-0.000119173,20.898,0,1.3932,8.358892E-05,20.898,0
1.3941,-0.000105745,20.9115,0,1.3941,8.526741E-05,20.9115,0
1.395,3.356985E-07,20.925,0,1.395,1.040665E-05,20.925,0
1.3959,-5.270466E-05,20.9385,0,1.3959,3.390555E-05,20.9385,0
1.3968,-0.00021149,20.952,0,1.3968,6.076142E-05,20.952,0
1.3977,-0.0001705348,20.9655,0,1.3977,2.584878E-05,20.9655,0
1.3986,-9.063859E-05,20.979,0,1.3986,-6.445411E-05,20.979,0
1.3995,-0.000246067,20.9925,0,1.3995,-8.82887E-05,20.9925,0
1.4004,-0.0002796368,21.006,0,1.4004,-5.941863E-05,21.006,0
1.4013,-0.0001178302,21.0195,0,1.4013,-6.814679E-05,21.0195,0
1.4022,-0.0001111162,21.033,0,1.4022,-0.0001977264,21.033,0
1.4031,-0.0002500954,21.0465,0,1.4031,-9.701686E-05,21.0465,0
1.404,-0.0001628138,21.06,0,1.404,1.544213E-05,21.06,0
1.4049,-0.0001413291,21.0735,0,1.4049,5.337606E-05,21.0735,0
1.4058,-6.61326E-05,21.087,0,1.4058,-7.586786E-05,21.087,0
1.4067,-7.284657E-05,21.1005,0,1.4067,-4.49836E-05,21.1005,0
1.4076,-0.0001104448,21.114,0,1.4076,-1.443504E-05,21.114,0
1.4085,-2.21561E-05,21.1275,0,1.4085,-2.081331E-05,21.1275,0
1.4094,7.049668E-05,21.141,0,1.4094,-2.853437E-05,21.141,0
1.4103,-8.358892E-05,21.1545,0,1.4103,3.591974E-05,21.1545,0
1.4112,-2.450599E-05,21.168,0,1.4112,5.169757E-05,21.168,0
1.4121,0.0001426719,21.1815,0,1.4121,7.016098E-05,21.1815,0
1.413,0.0001654994,21.195,0,1.413,0.0002652018,21.195,0
1.4139,0.000126894,21.2085,0,1.4139,0.0002903792,21.2085,0
1.4148,0.000112459,21.222,0,1.4148,8.123904E-05,21.222,0
1.4157,9.298848E-05,21.2355,0,1.4157,-3.625543E-05,21.2355,0
1.4166,-8.392462E-06,21.249,0,1.4166,-5.069047E-05,21.249,0
1.4175,3.189136E-05,21.2625,0,1.4175,-0.0001265583,21.2625,0
1.4184,4.53193E-05,21.276,0,1.4184,-0.0001299153,21.276,0
1.4193,4.129091E-05,21.2895,0,1.4193,-0.0001500572,21.2895,0
1.4202,4.934768E-05,21.303,0,1.4202,-5.606165E-05,21.303,0
1.4211,0.0001366293,21.3165,0,1.4211,-1.678492E-06,21.3165,0
1.422,0.0001500572,21.33,0,1.422,-5.471885E-05,21.33,0
1.4229,0.0001809415,21.3435,0,1.4229,-4.36408E-05,21.3435,0
1.4238,0.0001279011,21.357,0,1.4238,0.0003044785,21.357,0
1.4247,0.000102388,21.3705,0,1.4247,0.0004884413,21.3705,0
1.4256,0.000148043,21.384,0,1.4256,0.0001769131,21.384,0
1.4265,3.457694E-05,21.3975,0,1.4265,9.097429E-05,21.3975,0
1.4274,-3.726253E-05,21.411,0,1.4274,0.0001017166,21.411,0
1.4283,3.692683E-06,21.4245,0,1.4283,5.035477E-06,21.4245,0
1.4292,-1.846342E-05,21.438,0,1.4292,-0.0001832914,21.438,0
1.4301,-0.0001064164,21.4515,0,1.4301,-0.0001705348,21.4515,0
1.431,-8.358892E-05,21.465,0,1.431,-0.0001530785,21.465,0
1.4319,-3.927672E-05,21.4785,0,1.4319,-0.0001705348,21.4785,0
1.4328,1.947051E-05,21.492,0,1.4328,-0.0002061189,21.492,0
1.4337,-8.661021E-05,21.5055,0,1.4337,-0.0002205539,21.5055,0
1.4346,-0.0001420005,21.519,0,1.4346,-0.0002034333,21.519,0
1.4355,-6.478981E-05,21.5325,0,1.4355,-0.0001802701,21.5325,0
1.4364,-3.793393E-05,21.546,0,1.4364,-0.0001554284,21.546,0
1.4373,-0.0001322652,21.5595,0,1.4373,-5.539025E-05,21.5595,0
1.4382,-8.526741E-05,21.573,0,1.4382,-8.426032E-05,21.573,0
1.4391,-6.411841E-05,21.5865,0,1.4391,-0.0001631495,21.5865,0
1.44,-0.0002232395,21.6,0,1.44,-0.0001252155,21.6,0
1.4409,-8.090334E-05,21.6135,0,1.4409,-8.86244E-05,21.6135,0
1.4418,0.0001033951,21.627,0,1.4418,-0.000105745,21.627,0
1.4427,0.0001883268,21.6405,0,1.4427,-1.510643E-05,21.6405,0
1.4436,0.0002856794,21.654,0,1.4436,7.385367E-06,21.654,0
1.4445,0.0004521859,21.6675,0,1.4445,3.189136E-05,21.6675,0
1.4454,0.000513283,21.681,0,1.4454,4.565499E-05,21.681,0
1.4463,0.0003863889,21.6945,0,1.4463,-7.385367E-06,21.6945,0
1.4472,0.0001413291,21.708,0,1.4472,2.719158E-05,21.708,0
1.4481,4.53193E-05,21.7215,0,1.4481,2.920577E-05,21.7215,0
1.449,-5.706874E-06,21.735,0,1.449,0.0001980621,21.735,0
1.4499,3.726253E-05,21.7485,0,1.4499,0.0002521096,21.7485,0
1.4508,-3.692683E-06,21.762,0,1.4508,0.000185977,21.762,0
1.4517,6.61326E-05,21.7755,0,1.4517,9.231708E-05,21.7755,0
1.4526,0.0001174945,21.789,0,1.4526,-0.0002027619,21.789,0
1.4535,1.678492E-06,21.8025,0,1.4535,-0.0002668803,21.8025,0
1.4544,-3.659113E-05,21.816,0,1.4544,-0.0002017548,21.816,0
1.4553,-1.577783E-05,21.8295,0,1.4553,-0.0001735561,21.8295,0
1.4562,-0.0002165255,21.843,0,1.4562,-9.936675E-05,21.843,0
1.4571,-0.0004790417,21.8565,0,1.4571,-4.632639E-05,21.8565,0
1.458,-0.0003716182,21.87,0,1.458,2.316319E-05,21.87,0
1.4589,-0.0001668421,21.8835,0,1.4589,-3.692683E-06,21.8835,0
1.4598,-9.332418E-05,21.897,0,1.4598,-8.493171E-05,21.897,0
1.4607,-0.0001654994,21.9105,0,1.4607,1.913481E-05,21.9105,0
1.4616,-0.0001346151,21.924,0,1.4616,3.826963E-05,21.924,0
1.4625,8.090334E-05,21.9375,0,1.4625,-4.36408E-05,21.9375,0
1.4634,0.0001339437,21.951,0,1.4634,-8.157473E-05,21.951,0
1.4643,5.807584E-05,21.9645,0,1.4643,-4.599069E-05,21.9645,0
1.4652,-4.766919E-05,21.978,0,1.4652,-0.0001104448,21.978,0
1.4661,-0.0001030594,21.9915,0,1.4661,-0.000200412,21.9915,0
1.467,-0.0002229038,22.005,0,1.467,-6.478981E-05,22.005,0
1.4679,-0.0002339818,22.0185,0,1.4679,-2.920577E-05,22.0185,0
1.4688,-0.0002558022,22.032,0,1.4688,-7.452507E-05,22.032,0
1.4697,-0.0002232395,22.0455,0,1.4697,8.82887E-05,22.0455,0
1.4706,-0.0002920577,22.059,0,1.4706,0.0002165255,22.059,0
1.4715,-0.0001910124,22.0725,0,1.4715,0.0002554666,22.0725,0
1.4724,-2.786297E-05,22.086,0,1.4724,0.0001943694,22.086,0
1.4733,7.083238E-05,22.0995,0,1.4733,0.0001060807,22.0995,0
1.4742,8.358892E-05,22.113,0,1.4742,0.0001607996,22.113,0
1.4751,-4.263371E-05,22.1265,0,1.4751,-5.001907E-05,22.1265,0
1.476,6.6804E-05,22.14,0,1.476,-0.0001920195,22.14,0
1.4769,0.0001111162,22.1535,0,1.4769,-0.0001856413,22.1535,0
1.4778,-0.000102388,22.167,0,1.4778,-0.0002010834,22.167,0
1.4787,-5.807584E-05,22.1805,0,1.4787,-0.0001399863,22.1805,0
1.4796,3.927672E-05,22.194,0,1.4796,-9.768826E-05,22.194,0
1.4805,-9.298848E-05,22.2075,0,1.4805,9.063859E-05,22.2075,0
1.4814,-9.802396E-05,22.221,0,1.4814,6.009003E-05,22.221,0
1.4823,-3.021286E-06,22.2345,0,1.4823,5.001907E-05,22.2345,0
1.4832,3.323415E-05,22.248,0,1.4832,5.337606E-05,22.248,0
1.4841,-8.627451E-05,22.2615,0,1.4841,0.0001017166,22.2615,0
1.485,-8.996719E-05,22.275,0,1.485,1.107805E-05,22.275,0
1.4859,-1.712062E-05,22.2885,0,1.4859,-4.29694E-05,22.2885,0
1.4868,-3.961242E-05,22.302,0,1.4868,-0.000109102,22.302,0
1.4877,-3.390555E-05,22.3155,0,1.4877,-3.457694E-05,22.3155,0
1.4886,-7.284657E-05,22.329,0,1.4886,5.069047E-05,22.329,0
1.4895,-3.793393E-05,22.3425,0,1.4895,4.33051E-05,22.3425,0
1.4904,1.007095E-06,22.356,0,1.4904,4.36408E-06,22.356,0
1.4913,-7.687495E-05,22.3695,0,1.4913,-2.450599E-05,22.3695,0
1.4922,-6.61326E-05,22.383,0,1.4922,-0.0001255512,22.383,0
1.4931,0.0001084306,22.3965,0,1.4931,-0.0001607996,22.3965,0
1.494,2.21561E-05,22.41,0,1.494,-1.409934E-05,22.41,0
1.4949,-0.0001205158,22.4235,0,1.4949,1.376364E-05,22.4235,0
1.4958,-1.040665E-05,22.437,0,1.4958,-0.0002171969,22.437,0
1.4967,9.634547E-05,22.4505,0,1.4967,-0.0002652018,22.4505,0
1.4976,-7.956054E-05,22.464,0,1.4976,-0.000193698,22.464,0
1.4985,-3.457694E-05,22.4775,0,1.4985,-0.0002192111,22.4775,0
1.4994,0.0001151446,22.491,0,1.4994,-4.46479E-05,22.491,0
1.5003,0.0001621424,22.5045,0,1.5003,8.761731E-05,22.5045,0
1.5012,3.021286E-05,22.518,0,1.5012,0.000263859,22.518,0
1.5021,-5.874724E-05,22.5315,0,1.5021,0.0002537881,22.5315,0
1.503,1.141375E-05,22.545,0,1.503,0.000193698,22.545,0
1.5039,8.291753E-05,22.5585,0,1.5039,0.0001621424,22.5585,0
1.5048,4.196231E-05,22.572,0,1.5048,0.0001795987,22.572,0
1.5057,6.814679E-05,22.5855,0,1.5057,0.0001279011,22.5855,0
1.5066,0.0002084688,22.599,0,1.5066,0.000102388,22.599,0
1.5075,0.0001346151,22.6125,0,1.5075,0.0002024262,22.6125,0
1.5084,0.0001762417,22.626,0,1.5084,2.383459E-05,22.626,0
1.5093,0.0001822843,22.6395,0,1.5093,-3.524834E-05,22.6395,0
1.5102,0.0001473716,22.653,0,1.5102,-1.174945E-05,22.653,0
1.5111,6.881819E-05,22.6665,0,1.5111,-9.735256E-06,22.6665,0
1.512,8.157473E-05,22.68,0,1.512,-4.666209E-05,22.68,0
1.5129,7.687495E-05,22.6935,0,1.5129,-7.217517E-05,22.6935,0
1.5138,0.0001634852,22.707,0,1.5138,-0.0001107805,22.707,0
1.5147,1.409934E-05,22.7205,0,1.5147,3.021286E-06,22.7205,0
1.5156,-0.0001510643,22.734,0,1.5156,2.383459E-05,22.734,0
1.5165,-2.21561E-05,22.7475,0,1.5165,-7.486076E-05,22.7475,0
1.5174,1.577783E-05,22.761,0,1.5174,-0.000115816,22.761,0
1.5183,-0.0001607996,22.7745,0,1.5183,-2.28275E-05,22.7745,0
1.5192,-9.835965E-05,22.788,0,1.5192,-7.418937E-05,22.788,0
1.5201,2.21561E-05,22.8015,0,1.5201,-0.0001228656,22.8015,0
1.521,-0.000102388,22.815,0,1.521,-4.766919E-05,22.815,0
1.5219,-0.0001463645,22.8285,0,1.5219,-4.800488E-05,22.8285,0
1.5228,4.263371E-05,22.842,0,1.5228,-9.030289E-05,22.842,0
1.5237,0.000148043,22.8555,0,1.5237,1.007095E-06,22.8555,0
1.5246,0.0001473716,22.869,0,1.5246,6.814679E-05,22.869,0
1.5255,0.0002655375,22.8825,0,1.5255,-1.007095E-06,22.8825,0
1.5264,0.0002994431,22.896,0,1.5264,-5.404745E-05,22.896,0
1.5273,0.0004078737,22.9095,0,1.5273,-0.0001054093,22.9095,0
1.5282,0.0002890364,22.923,0,1.5282,-3.524834E-05,22.923,0
1.5291,0.0001728847,22.9365,0,1.5291,5.606165E-05,22.9365,0
1.53,0.0002252537,22.95,0,1.53,2.584878E-05,22.95,0
1.5309,0.000239353,22.9635,0,1.5309,-3.726253E-05,22.9635,0
1.5318,4.46479E-05,22.977,0,1.5318,-2.584878E-05,22.977,0
1.5327,-9.600977E-05,22.9905,0,1.5327,-0.0001000381,22.9905,0
1.5336,-6.61326E-05,23.004,0,1.5336,-0.000148043,23.004,0
1.5345,-9.701686E-05,23.0175,0,1.5345,-4.129091E-05,23.0175,0
1.5354,-0.0001275654,23.031,0,1.5354,-6.814679E-05,23.031,0
1.5363,-0.0001292439,23.0445,0,1.5363,-0.0001809415,23.0445,0
1.5372,-0.0002477455,23.058,0,1.5372,-0.0001564355,23.058,0
1.5381,-0.0003682612,23.0715,0,1.5381,-0.0001265583,23.0715,0
1.539,-0.0003605402,23.085,0,1.539,-0.0001295796,23.085,0
1.5399,-0.0002447242,23.0985,0,1.5399,-9.298848E-05,23.0985,0
1.5408,-6.344701E-05,23.112,0,1.5408,-5.539025E-05,23.112,0
1.5417,9.634547E-05,23.1255,0,1.5417,-1.275654E-05,23.1255,0
1.5426,0.0001963836,23.139,0,1.5426,-2.719158E-05,23.139,0
1.5435,0.0001735561,23.1525,0,1.5435,-8.627451E-05,23.1525,0
1.5444,4.43122E-05,23.166,0,1.5444,-0.000249424,23.166,0
1.5453,-0.0001272297,23.1795,0,1.5453,-0.0002356603,23.1795,0
1.5462,-0.0001292439,23.193,0,1.5462,-0.0002218967,23.193,0
1.5471,-7.116808E-05,23.2065,0,1.5471,-0.0002124971,23.2065,0
1.548,-0.0002635233,23.22,0,1.548,-8.795301E-05,23.22,0
1.5489,-0.0002024262,23.2335,0,1.5489,0.0001362936,23.2335,0
1.5498,-7.653925E-05,23.247,0,1.5498,0.0002937362,23.247,0
1.5507,-1.007095E-06,23.2605,0,1.5507,0.000327306,23.2605,0
1.5516,4.53193E-05,23.274,0,1.5516,0.0004307012,23.274,0
1.5525,-7.016098E-05,23.2875,0,1.5525,0.0003588617,23.2875,0
1.5534,-0.0001242084,23.301,0,1.5534,0.0001205158,23.301,0
1.5543,5.874724E-05,23.3145,0,1.5543,2.18204E-05,23.3145,0
1.5552,7.721065E-06,23.328,0,1.5552,5.270466E-05,23.328,0
1.5561,-0.0001926909,23.3415,0,1.5561,4.263371E-05,23.3415,0
1.557,-0.0001591211,23.355,0,1.557,2.819867E-05,23.355,0
1.5579,-7.217517E-05,23.3685,0,1.5579,4.565499E-05,23.3685,0
1.5588,-0.0001621424,23.382,0,1.5588,9.701686E-05,23.382,0
1.5597,-0.0001359579,23.3955,0,1.5597,4.39765E-05,23.3955,0
1.5606,8.224613E-05,23.409,0,1.5606,-3.692683E-06,23.409,0
1.5615,3.323415E-05,23.4225,0,1.5615,4.599069E-05,23.4225,0
1.5624,7.721065E-06,23.436,0,1.5624,-6.042573E-06,23.436,0
1.5633,2.349889E-06,23.4495,0,1.5633,-0.0002769512,23.4495,0
1.5642,-5.035477E-06,23.463,0,1.5642,-0.0003309987,23.463,0
1.5651,-0.0001299153,23.4765,0,1.5651,-0.0001440146,23.4765,0
1.566,-7.049668E-05,23.49,0,1.566,-9.231708E-05,23.49,0
1.5669,5.236896E-05,23.5035,0,1.5669,-0.0001376364,23.5035,0
1.5678,4.263371E-05,23.517,0,1.5678,-0.0001473716,23.517,0
1.5687,-1.846342E-05,23.5305,0,1.5687,-8.157473E-05,23.5305,0
1.5696,-9.634547E-05,23.544,0,1.5696,-4.733349E-05,23.544,0
1.5705,-0.0001178302,23.5575,0,1.5705,-3.491264E-05,23.5575,0
1.5714,-6.009003E-05,23.571,0,1.5714,4.666209E-05,23.571,0
1.5723,-9.634547E-05,23.5845,0,1.5723,0.0001070878,23.5845,0
1.5732,-0.000109102,23.598,0,1.5732,8.258183E-05,23.598,0
1.5741,6.54612E-05,23.6115,0,1.5741,0.0002306248,23.6115,0
1.575,1.309224E-05,23.625,0,1.575,0.0002474098,23.625,0
1.5759,-3.356985E-07,23.6385,0,1.5759,1.409934E-05,23.6385,0
1.5768,0.0001329366,23.652,0,1.5768,2.1149E-05,23.652,0
1.5777,0.0001782559,23.6655,0,1.5777,-2.349889E-06,23.6655,0
1.5786,0.0001641566,23.679,0,1.5786,-1.376364E-05,23.679,0
1.5795,0.0001440146,23.6925,0,1.5795,-1.812772E-05,23.6925,0
1.5804,0.0001037308,23.706,0,1.5804,-7.721065E-06,23.706,0
1.5813,0.000140322,23.7195,0,1.5813,-4.666209E-05,23.7195,0
1.5822,6.54612E-05,23.733,0,1.5822,-9.735256E-06,23.733,0
1.5831,-2.450599E-05,23.7465,0,1.5831,-1.040665E-05,23.7465,0
1.584,5.035477E-05,23.76,0,1.584,-7.116808E-05,23.76,0
1.5849,-3.356985E-07,23.7735,0,1.5849,-8.090334E-05,23.7735,0
1.5858,-4.800488E-05,23.787,0,1.5858,-4.733349E-05,23.787,0
1.5867,8.761731E-05,23.8005,0,1.5867,-5.807584E-05,23.8005,0
1.5876,0.0001305867,23.814,0,1.5876,-9.567407E-05,23.814,0
1.5885,4.699779E-06,23.8275,0,1.5885,-2.584878E-05,23.8275,0
1.5894,-6.54612E-05,23.841,0,1.5894,-1.107805E-05,23.841,0
1.5903,-7.083238E-05,23.8545,0,1.5903,6.881819E-05,23.8545,0
1.5912,-0.0001067521,23.868,0,1.5912,4.934768E-05,23.868,0
1.5921,-0.000175906,23.8815,0,1.5921,-3.692683E-06,23.8815,0
1.593,-0.0001292439,23.895,0,1.593,3.961242E-05,23.895,0
1.5939,-3.289845E-05,23.9085,0,1.5939,3.189136E-05,23.9085,0
1.5948,0.0001527428,23.922,0,1.5948,-3.927672E-05,23.922,0
1.5957,0.0002457313,23.9355,0,1.5957,-5.136187E-05,23.9355,0
1.5966,0.0001238727,23.949,0,1.5966,-0.0001097734,23.949,0
1.5975,0.000109102,23.9625,0,1.5975,-0.0001416648,23.9625,0
1.5984,0.0001856413,23.976,0,1.5984,-7.553216E-05,23.976,0
1.5993,3.155566E-05,23.9895,0,1.5993,5.404745E-05,23.9895,0
1.6002,4.33051E-05,24.003,0,1.6002,5.841154E-05,24.003,0
1.6011,0.0002447242,24.0165,0,1.6011,5.706874E-06,24.0165,0
1.602,8.023193E-05,24.03,0,1.602,3.356985E-05,24.03,0
1.6029,-3.356985E-07,24.0435,0,1.6029,2.786297E-05,24.0435,0
1.6038,1.174945E-05,24.057,0,1.6038,2.1149E-05,24.057,0
1.6047,-0.0001017166,24.0705,0,1.6047,1.980621E-05,24.0705,0
1.6056,-0.0002356603,24.084,0,1.6056,0.0001607996,24.084,0
1.6065,-0.0002907149,24.0975,0,1.6065,8.526741E-05,24.0975,0
1.6074,-0.0002735943,24.111,0,1.6074,-0.0001413291,24.111,0
1.6083,-0.0002947433,24.1245,0,1.6083,-0.0001618067,24.1245,0
1.6092,-0.0003232776,24.138,0,1.6092,-8.560311E-05,24.138,0
1.6101,-0.0001104448,24.1515,0,1.6101,-0.0001708705,24.1515,0
1.611,0.0002010834,24.165,0,1.611,-0.0002903792,24.165,0
1.6119,0.0003481193,24.1785,0,1.6119,-0.0002151827,24.1785,0
1.6128,0.0001040665,24.192,0,1.6128,-8.426032E-05,24.192,0
1.6137,4.263371E-05,24.2055,0,1.6137,0.0001963836,24.2055,0
1.6146,0.0001829557,24.219,0,1.6146,0.0001319295,24.219,0
1.6155,-6.478981E-05,24.2325,0,1.6155,4.666209E-05,24.2325,0
1.6164,-0.000189334,24.246,0,1.6164,8.392462E-06,24.246,0
1.6173,-0.0001762417,24.2595,0,1.6173,-5.740444E-05,24.2595,0
1.6182,-0.0001863127,24.273,0,1.6182,-1.846342E-05,24.273,0
1.6191,-0.0002323034,24.2865,0,1.6191,-1.309224E-05,24.2865,0
1.62,-0.0002135042,24.3,0,1.62,-5.438316E-05,24.3,0
1.6209,-7.486076E-05,24.3135,0,1.6209,-6.243992E-05,24.3135,0
1.6218,0.0002034333,24.327,0,1.6218,-0.000123537,24.327,0
1.6227,0.0001352865,24.3405,0,1.6227,-9.063859E-05,24.3405,0
1.6236,4.229801E-05,24.354,0,1.6236,-4.49836E-05,24.354,0
1.6245,0.0001332723,24.3675,0,1.6245,-1.074235E-05,24.3675,0
1.6254,0.0001107805,24.381,0,1.6254,4.36408E-06,24.381,0
1.6263,-4.061952E-05,24.3945,0,1.6263,3.054856E-05,24.3945,0
1.6272,-2.081331E-05,24.408,0,1.6272,3.659113E-05,24.408,0
1.6281,0.0001164874,24.4215,0,1.6281,-6.51255E-05,24.4215,0
1.629,-2.786297E-05,24.435,0,1.629,4.36408E-06,24.435,0
1.6299,-0.0001544213,24.4485,0,1.6299,2.450599E-05,24.4485,0
1.6308,-9.735256E-05,24.462,0,1.6308,-4.867628E-05,24.462,0
1.6317,-0.0001420005,24.4755,0,1.6317,-8.224613E-05,24.4755,0
1.6326,-0.000207126,24.489,0,1.6326,-0.0001044022,24.489,0
1.6335,-9.030289E-05,24.5025,0,1.6335,-0.000140322,24.5025,0
1.6344,-0.0001497215,24.516,0,1.6344,-0.0001604639,24.516,0
1.6353,-0.000130251,24.5295,0,1.6353,-0.0001272297,24.5295,0
1.6362,-7.553216E-05,24.543,0,1.6362,-3.424125E-05,24.543,0
1.6371,-0.0001560998,24.5565,0,1.6371,5.069047E-05,24.5565,0
1.638,-0.0001550927,24.57,0,1.638,7.754635E-05,24.57,0
1.6389,-5.169757E-05,24.5835,0,1.6389,-2.752728E-05,24.5835,0
1.6398,7.486076E-05,24.597,0,1.6398,-2.853437E-05,24.597,0
1.6407,0.0001822843,24.6105,0,1.6407,-2.316319E-05,24.6105,0
1.6416,0.0002598306,24.624,0,1.6416,-5.539025E-05,24.624,0
1.6425,0.0001963836,24.6375,0,1.6425,3.256275E-05,24.6375,0
1.6434,0.0001715419,24.651,0,1.6434,5.874724E-05,24.651,0
1.6443,0.0001712062,24.6645,0,1.6443,5.136187E-05,24.6645,0
1.6452,5.404745E-05,24.678,0,1.6452,7.486076E-05,24.678,0
1.6461,-5.069047E-05,24.6915,0,1.6461,8.82887E-05,24.6915,0
1.647,-3.457694E-05,24.705,0,1.647,-4.028382E-06,24.705,0
1.6479,-2.450599E-05,24.7185,0,1.6479,-0.0001393149,24.7185,0
1.6488,-7.049668E-06,24.732,0,1.6488,-0.0001651637,24.732,0
1.6497,4.263371E-05,24.7455,0,1.6497,1.678492E-05,24.7455,0
1.6506,-1.242084E-05,24.759,0,1.6506,3.961242E-05,24.759,0
1.6515,5.471885E-05,24.7725,0,1.6515,3.021286E-06,24.7725,0
1.6524,6.009003E-05,24.786,0,1.6524,4.263371E-05,24.786,0
1.6533,-8.392462E-06,24.7995,0,1.6533,0.0001440146,24.7995,0
1.6542,5.035477E-05,24.813,0,1.6542,1.644922E-05,24.813,0
1.6551,0.0001010452,24.8265,0,1.6551,-9.466698E-05,24.8265,0
1.656,-3.860533E-05,24.84,0,1.656,1.107805E-05,24.84,0
1.6569,-2.417029E-05,24.8535,0,1.6569,-4.632639E-05,24.8535,0
1.6578,4.095522E-05,24.867,0,1.6578,-0.0001678492,24.867,0
1.6587,8.69459E-05,24.8805,0,1.6587,-0.000161471,24.8805,0
1.6596,5.539025E-05,24.894,0,1.6596,-0.0001309224,24.894,0
1.6605,9.433127E-05,24.9075,0,1.6605,-0.0001399863,24.9075,0
1.6614,5.874724E-05,24.921,0,1.6614,-0.0001748989,24.921,0
1.6623,2.18204E-05,24.9345,0,1.6623,-0.0002678874,24.9345,0
1.6632,5.069047E-05,24.948,0,1.6632,-0.0001010452,24.948,0
1.6641,4.263371E-05,24.9615,0,1.6641,2.450599E-05,24.9615,0
1.665,6.948959E-05,24.975,0,1.665,5.337606E-05,24.975,0
1.6659,0.0001299153,24.9885,0,1.6659,0.0001164874,24.9885,0
1.6668,-1.644922E-05,25.002,0,1.6668,4.666209E-05,25.002,0
1.6677,-3.256275E-05,25.0155,0,1.6677,-4.129091E-05,25.0155,0
1.6686,9.030289E-05,25.029,0,1.6686,-3.994812E-05,25.029,0
1.6695,-0.0001564355,25.0425,0,1.6695,4.263371E-05,25.0425,0
1.6704,-0.0002423743,25.056,0,1.6704,2.316319E-05,25.056,0
1.6713,-5.069047E-05,25.0695,0,1.6713,1.141375E-05,25.0695,0
1.6722,-4.36408E-06,25.083,0,1.6722,8.291753E-05,25.083,0
1.6731,-0.000164828,25.0965,0,1.6731,9.600977E-05,25.0965,0
1.674,-0.0001054093,25.11,0,1.674,0.0001000381,25.11,0
1.6749,0.000109102,25.1235,0,1.6749,0.000130251,25.1235,0
1.6758,0.0001393149,25.137,0,1.6758,8.358892E-05,25.137,0
1.6767,-4.699779E-06,25.1505,0,1.6767,0.0001080949,25.1505,0
1.6776,-3.356985E-05,25.164,0,1.6776,0.0001473716,25.164,0
1.6785,9.735256E-06,25.1775,0,1.6785,0.0002343175,25.1775,0
1.6794,8.560311E-05,25.191,0,1.6794,0.0001346151,25.191,0
1.6803,7.754635E-05,25.2045,0,1.6803,0.0001654994,25.2045,0
1.6812,-6.243992E-05,25.218,0,1.6812,-7.754635E-05,25.218,0
1.6821,-6.411841E-05,25.2315,0,1.6821,-0.0003511406,25.2315,0
1.683,-0.0001675135,25.245,0,1.683,-0.0002205539,25.245,0
1.6839,-6.982528E-05,25.2585,0,1.6839,-7.016098E-05,25.2585,0
1.6848,7.956054E-05,25.272,0,1.6848,-5.270466E-05,25.272,0
1.6857,-4.229801E-05,25.2855,0,1.6857,-3.491264E-05,25.2855,0
1.6866,-0.0001279011,25.299,0,1.6866,-7.888914E-05,25.299,0
1.6875,-8.69459E-05,25.3125,0,1.6875,-0.0001111162,25.3125,0
1.6884,0.0001044022,25.326,0,1.6884,-7.620356E-05,25.326,0
1.6893,0.000263859,25.3395,0,1.6893,-0.0001010452,25.3395,0
1.6902,3.558404E-05,25.353,0,1.6902,4.129091E-05,25.353,0
1.6911,-0.0001597925,25.3665,0,1.6911,0.0001188373,25.3665,0
1.692,-2.853437E-05,25.38,0,1.692,-4.49836E-05,25.38,0
1.6929,8.795301E-05,25.3935,0,1.6929,-5.706874E-05,25.3935,0
1.6938,-7.351797E-05,25.407,0,1.6938,4.699779E-05,25.407,0
1.6947,-4.766919E-05,25.4205,0,1.6947,3.726253E-05,25.4205,0
1.6956,-7.016098E-05,25.434,0,1.6956,-9.265278E-05,25.434,0
1.6965,-0.0001829557,25.4475,0,1.6965,-6.948959E-05,25.4475,0
1.6974,-0.0001010452,25.461,0,1.6974,-6.076142E-05,25.461,0
1.6983,-9.735256E-06,25.4745,0,1.6983,-0.0001332723,25.4745,0
1.6992,-0.0001117876,25.488,0,1.6992,-8.493171E-05,25.488,0
1.7001,-3.021286E-06,25.5015,0,1.7001,2.21561E-05,25.5015,0
1.701,6.243992E-05,25.515,0,1.701,0.000193698,25.515,0
1.7019,7.721065E-06,25.5285,0,1.7019,0.0001738918,25.5285,0
1.7028,6.57969E-05,25.542,0,1.7028,2.853437E-05,25.542,0
1.7037,-3.793393E-05,25.5555,0,1.7037,9.063859E-06,25.5555,0
1.7046,-0.0001114519,25.569,0,1.7046,-3.692683E-06,25.569,0
1.7055,9.970245E-05,25.5825,0,1.7055,-6.009003E-05,25.5825,0
1.7064,0.0002625162,25.596,0,1.7064,-3.457694E-05,25.596,0
1.7073,2.21561E-05,25.6095,0,1.7073,3.121996E-05,25.6095,0
1.7082,-8.728161E-06,25.623,0,1.7082,-4.599069E-05,25.623,0
1.7091,0.0001537499,25.6365,0,1.7091,-7.351797E-05,25.6365,0
1.71,-1.644922E-05,25.65,0,1.71,1.678492E-06,25.65,0
1.7109,-9.768826E-05,25.6635,0,1.7109,-3.356985E-05,25.6635,0
1.7118,-2.047761E-05,25.677,0,1.7118,-0.0001460288,25.677,0
1.7127,-4.36408E-06,25.6905,0,1.7127,-7.855344E-05,25.6905,0
1.7136,-8.392462E-05,25.704,0,1.7136,9.030289E-05,25.704,0
1.7145,5.069047E-05,25.7175,0,1.7145,0.0001285725,25.7175,0
1.7154,0.0001554284,25.731,0,1.7154,9.030289E-05,25.731,0
1.7163,9.634547E-05,25.7445,0,1.7163,-0.0001537499,25.7445,0
1.7172,-5.706874E-06,25.758,0,1.7172,-7.956054E-05,25.758,0
1.7181,-0.0001490501,25.7715,0,1.7181,-6.54612E-05,25.7715,0
1.719,-9.970245E-05,25.785,0,1.719,-0.0001292439,25.785,0
1.7199,-1.577783E-05,25.7985,0,1.7199,-0.0001292439,25.7985,0
1.7208,-9.332418E-05,25.812,0,1.7208,-1.678492E-06,25.812,0
1.7217,-7.385367E-05,25.8255,0,1.7217,-9.298848E-05,25.8255,0
1.7226,-1.812772E-05,25.839,0,1.7226,-0.0001896696,25.839,0
1.7235,-0.0001299153,25.8525,0,1.7235,-0.0001215228,25.8525,0
1.7244,-0.0001534142,25.866,0,1.7244,-0.0001064164,25.866,0
1.7253,-8.526741E-05,25.8795,0,1.7253,-0.0001769131,25.8795,0
1.7262,-1.678492E-06,25.893,0,1.7262,-0.0001977264,25.893,0
1.7271,-0.0001839628,25.9065,0,1.7271,-0.0001544213,25.9065,0
1.728,-0.0001534142,25.92,0,1.728,-6.478981E-05,25.92,0
1.7289,-1.242084E-05,25.9335,0,1.7289,-8.728161E-06,25.9335,0
1.7298,0.0002118257,25.947,0,1.7298,5.471885E-05,25.947,0
1.7307,0.000119173,25.9605,0,1.7307,0.0001631495,25.9605,0
1.7316,-4.901198E-05,25.974,0,1.7316,0.0001064164,25.974,0
1.7325,-3.021286E-05,25.9875,0,1.7325,0.000109102,25.9875,0
1.7334,4.095522E-05,26.001,0,1.7334,1.678492E-06,26.001,0
1.7343,-0.0001215228,26.0145,0,1.7343,1.309224E-05,26.0145,0
1.7352,-0.0001007095,26.028,0,1.7352,2.383459E-05,26.028,0
1.7361,3.994812E-05,26.0415,0,1.7361,-2.853437E-05,26.0415,0
1.737,-6.57969E-05,26.055,0,1.737,0.0001148089,26.055,0
1.7379,-3.457694E-05,26.0685,0,1.7379,0.000154757,26.0685,0
1.7388,6.076142E-05,26.082,0,1.7388,6.109713E-05,26.082,0
1.7397,1.275654E-05,26.0955,0,1.7397,4.800488E-05,26.0955,0
1.7406,-4.733349E-05,26.109,0,1.7406,8.728161E-06,26.109,0
1.7415,7.586786E-05,26.1225,0,1.7415,-4.800488E-05,26.1225,0
1.7424,3.189136E-05,26.136,0,1.7424,-4.699779E-06,26.136,0
1.7433,4.834058E-05,26.1495,0,1.7433,-0.0001567712,26.1495,0
1.7442,1.846342E-05,26.163,0,1.7442,-5.404745E-05,26.163,0
1.7451,-9.231708E-05,26.1765,0,1.7451,-1.544213E-05,26.1765,0
1.746,-3.356985E-07,26.19,0,1.746,2.618448E-05,26.19,0
1.7469,9.365987E-05,26.2035,0,1.7469,-7.351797E-05,26.2035,0
1.7478,-4.162661E-05,26.217,0,1.7478,-6.848249E-05,26.217,0
1.7487,-5.270466E-05,26.2305,0,1.7487,-6.143282E-05,26.2305,0
1.7496,0.0001017166,26.244,0,1.7496,-2.450599E-05,26.244,0
1.7505,4.934768E-05,26.2575,0,1.7505,0.0001413291,26.2575,0
1.7514,4.229801E-05,26.271,0,1.7514,0.0001319295,26.271,0
1.7523,0.000102388,26.2845,0,1.7523,-2.081331E-05,26.2845,0
1.7532,-6.344701E-05,26.298,0,1.7532,-4.53193E-05,26.298,0
1.7541,-0.0001842985,26.3115,0,1.7541,-5.975433E-05,26.3115,0
1.755,-9.567407E-05,26.325,0,1.755,-8.157473E-05,26.325,0
1.7559,-7.956054E-05,26.3385,0,1.7559,-5.941863E-05,26.3385,0
1.7568,-0.0001007095,26.352,0,1.7568,-0.0001399863,26.352,0
1.7577,0.0001252155,26.3655,0,1.7577,5.001907E-05,26.3655,0
1.7586,0.0002383459,26.379,0,1.7586,6.74754E-05,26.379,0
1.7595,8.82887E-05,26.3925,0,1.7595,-0.0002534524,26.3925,0
1.7604,-6.948959E-05,26.406,0,1.7604,-0.0003028,26.406,0
1.7613,-0.0001211871,26.4195,0,1.7613,-0.0001785916,26.4195,0
1.7622,0.0001530785,26.433,0,1.7622,-0.0001842985,26.433,0
1.7631,0.0003810178,26.4465,0,1.7631,-0.0001601282,26.4465,0
1.764,0.0002611734,26.46,0,1.764,1.812772E-05,26.46,0
1.7649,0.0002145113,26.4735,0,1.7649,0.0002171969,26.4735,0
1.7658,0.0002453956,26.487,0,1.7658,0.0001554284,26.487,0
1.7667,0.0002796368,26.5005,0,1.7667,8.89601E-05,26.5005,0
1.7676,9.903105E-05,26.514,0,1.7676,0.0001265583,26.514,0
1.7685,-1.644922E-05,26.5275,0,1.7685,0.0001769131,26.5275,0
1.7694,-3.659113E-05,26.541,0,1.7694,0.0001138018,26.541,0
1.7703,-5.606165E-05,26.5545,0,1.7703,1.443504E-05,26.5545,0
1.7712,-0.0001641566,26.568,0,1.7712,1.779202E-05,26.568,0
1.7721,-0.0003816892,26.5815,0,1.7721,-2.551309E-05,26.5815,0
1.773,-0.0002309606,26.595,0,1.773,-0.0001111162,26.595,0
1.7739,-9.701686E-05,26.6085,0,1.7739,-0.0001319295,26.6085,0
1.7748,-0.0001406577,26.622,0,1.7748,-2.21561E-05,26.622,0
1.7757,-6.51255E-05,26.6355,0,1.7757,-5.874724E-05,26.6355,0
1.7766,1.107805E-05,26.649,0,1.7766,-0.000115816,26.649,0
1.7775,-0.0002286107,26.6625,0,1.7775,-0.000190341,26.6625,0
1.7784,-0.0001856413,26.676,0,1.7784,3.692683E-05,26.676,0
1.7793,-1.376364E-05,26.6895,0,1.7793,0.0001507286,26.6895,0
1.7802,-0.0001258869,26.703,0,1.7802,0.0001067521,26.703,0
1.7811,-0.0002118257,26.7165,0,1.7811,-2.786297E-05,26.7165,0
1.782,-3.323415E-05,26.73,0,1.782,-8.224613E-05,26.73,0
1.7829,-2.584878E-05,26.7435,0,1.7829,-1.376364E-05,26.7435,0
1.7838,-6.478981E-05,26.757,0,1.7838,-3.793393E-05,26.757,0
1.7847,-1.443504E-05,26.7705,0,1.7847,-3.088426E-05,26.7705,0
1.7856,-4.901198E-05,26.784,0,1.7856,-1.812772E-05,26.784,0
1.7865,-9.634547E-05,26.7975,0,1.7865,-4.263371E-05,26.7975,0
1.7874,-5.774014E-05,26.811,0,1.7874,-6.6804E-05,26.811,0
1.7883,-0.0001027237,26.8245,0,1.7883,1.577783E-05,26.8245,0
1.7892,-0.0001258869,26.838,0,1.7892,2.584878E-05,26.838,0
1.7901,5.203327E-05,26.8515,0,1.7901,5.706874E-06,26.8515,0
1.791,1.007095E-06,26.865,0,1.791,6.78111E-05,26.865,0
1.7919,2.18204E-05,26.8785,0,1.7919,6.210422E-05,26.8785,0
1.7928,8.92958E-05,26.892,0,1.7928,-5.371176E-06,26.892,0
1.7937,-1.947051E-05,26.9055,0,1.7937,-3.021286E-05,26.9055,0
1.7946,-4.49836E-05,26.919,0,1.7946,2.349889E-06,26.919,0
1.7955,-4.867628E-05,26.9325,0,1.7955,-1.107805E-05,26.9325,0
1.7964,-1.409934E-05,26.946,0,1.7964,4.43122E-05,26.946,0
1.7973,5.606165E-05,26.9595,0,1.7973,4.162661E-05,26.9595,0
1.7982,5.438316E-05,26.973,0,1.7982,0.000102388,26.973,0
1.7991,7.620356E-05,26.9865,0,1.7991,0.0001352865,26.9865,0
1.8,7.620356E-05,27,0,1.8,-6.344701E-05,27,0
1.8009,0.0001399863,27.0135,0,1.8009,-2.786297E-05,27.0135,0
1.8018,0.0001816129,27.027,0,1.8018,0.0001258869,27.027,0
1.8027,0.0001087663,27.0405,0,1.8027,-1.913481E-05,27.0405,0
1.8036,2.047761E-05,27.054,0,1.8036,-0.000148043,27.054,0
1.8045,-7.351797E-05,27.0675,0,1.8045,-3.726253E-05,27.0675,0
1.8054,-6.344701E-05,27.081,0,1.8054,-4.36408E-05,27.081,0
1.8063,-2.551309E-05,27.0945,0,1.8063,-9.298848E-05,27.0945,0
1.8072,-8.258183E-05,27.108,0,1.8072,-9.567407E-05,27.108,0
1.8081,-9.903105E-05,27.1215,0,1.8081,-8.728161E-06,27.1215,0
1.809,4.53193E-05,27.135,0,1.809,-2.719158E-05,27.135,0
1.8099,0.0001695277,27.1485,0,1.8099,1.577783E-05,27.1485,0
1.8108,0.0002124971,27.162,0,1.8108,2.450599E-05,27.162,0
1.8117,0.000130251,27.1755,0,1.8117,7.721065E-05,27.1755,0
1.8126,-2.920577E-05,27.189,0,1.8126,0.0001218585,27.189,0
1.8135,2.21561E-05,27.2025,0,1.8135,7.989624E-05,27.2025,0
1.8144,0.0001164874,27.216,0,1.8144,4.095522E-05,27.216,0
1.8153,-6.881819E-05,27.2295,0,1.8153,-1.342794E-06,27.2295,0
1.8162,-3.323415E-05,27.243,0,1.8162,-8.392462E-06,27.243,0
1.8171,0.0001399863,27.2565,0,1.8171,3.793393E-05,27.2565,0
1.818,-1.376364E-05,27.27,0,1.818,5.606165E-05,27.27,0
1.8189,3.356985E-05,27.2835,0,1.8189,-3.692683E-06,27.2835,0
1.8198,0.0001406577,27.297,0,1.8198,-0.0001628138,27.297,0
1.8207,3.424125E-05,27.3105,0,1.8207,-0.0001225299,27.3105,0
1.8216,-0.0001460288,27.324,0,1.8216,-2.18204E-05,27.324,0
1.8225,-0.0001151446,27.3375,0,1.8225,-1.544213E-05,27.3375,0
1.8234,-0.0001054093,27.351,0,1.8234,-5.975433E-05,27.351,0
1.8243,-0.0001117876,27.3645,0,1.8243,-0.0001514,27.3645,0
1.8252,-0.0001050736,27.378,0,1.8252,-8.426032E-05,27.378,0
1.8261,-0.000140322,27.3915,0,1.8261,-6.042573E-05,27.3915,0
1.827,-2.1149E-05,27.405,0,1.827,-0.0001379721,27.405,0
1.8279,8.69459E-05,27.4185,0,1.8279,-7.687495E-05,27.4185,0
1.8288,2.887007E-05,27.432,0,1.8288,5.606165E-05,27.432,0
1.8297,-3.692683E-06,27.4455,0,1.8297,5.471885E-05,27.4455,0
1.8306,-7.351797E-05,27.459,0,1.8306,-3.625543E-05,27.459,0
1.8315,-0.0001517357,27.4725,0,1.8315,4.39765E-05,27.4725,0
1.8324,1.947051E-05,27.486,0,1.8324,8.493171E-05,27.486,0
1.8333,7.217517E-05,27.4995,0,1.8333,-8.426032E-05,27.4995,0
1.8342,1.913481E-05,27.513,0,1.8342,-9.198138E-05,27.513,0
1.8351,-2.1149E-05,27.5265,0,1.8351,-8.426032E-05,27.5265,0
1.836,-4.095522E-05,27.54,0,1.836,-0.0001507286,27.54,0
1.8369,-7.721065E-06,27.5535,0,1.8369,-5.438316E-05,27.5535,0
1.8378,-6.61326E-05,27.567,0,1.8378,-8.560311E-05,27.567,0
1.8387,-0.0001319295,27.5805,0,1.8387,-7.116808E-05,27.5805,0
1.8396,-0.0001618067,27.594,0,1.8396,-0.0001154803,27.594,0
1.8405,-7.687495E-05,27.6075,0,1.8405,-9.265278E-05,27.6075,0
1.8414,1.779202E-05,27.621,0,1.8414,-9.097429E-05,27.621,0
1.8423,-9.198138E-05,27.6345,0,1.8423,-9.970245E-05,27.6345,0
1.8432,-0.0001151446,27.648,0,1.8432,-0.0001587854,27.648,0
1.8441,-0.0001040665,27.6615,0,1.8441,-0.0002732586,27.6615,0
1.845,-0.000235996,27.675,0,1.845,-0.0001668421,27.675,0
1.8459,-0.0001420005,27.6885,0,1.8459,-4.46479E-05,27.6885,0
1.8468,-6.243992E-05,27.702,0,1.8468,-6.478981E-05,27.702,0
1.8477,3.323415E-05,27.7155,0,1.8477,-1.342794E-06,27.7155,0
1.8486,1.007095E-06,27.729,0,1.8486,0.0001084306,27.729,0
1.8495,8.526741E-05,27.7425,0,1.8495,3.994812E-05,27.7425,0
1.8504,0.0002588235,27.756,0,1.8504,6.143282E-05,27.756,0
1.8513,0.0003353628,27.7695,0,1.8513,6.344701E-05,27.7695,0
1.8522,0.0001782559,27.783,0,1.8522,0.000164828,27.783,0
1.8531,-0.0001389792,27.7965,0,1.8531,0.0001201801,27.7965,0
1.854,-9.903105E-05,27.81,0,1.854,-1.913481E-05,27.81,0
1.8549,6.210422E-05,27.8235,0,1.8549,3.961242E-05,27.8235,0
1.8558,-0.0001252155,27.837,0,1.8558,0.0001668421,27.837,0
1.8567,-0.000207126,27.8505,0,1.8567,-7.385367E-05,27.8505,0
1.8576,-4.229801E-05,27.864,0,1.8576,-0.0001164874,27.864,0
1.8585,-6.74754E-05,27.8775,0,1.8585,-1.309224E-05,27.8775,0
1.8594,-4.733349E-05,27.891,0,1.8594,-6.478981E-05,27.891,0
1.8603,0.0001178302,27.9045,0,1.8603,-0.0001359579,27.9045,0
1.8612,0.0001916838,27.918,0,1.8612,-9.533837E-05,27.918,0
1.8621,9.903105E-05,27.9315,0,1.8621,1.040665E-05,27.9315,0
1.863,9.198138E-05,27.945,0,1.863,0.0001359579,27.945,0
1.8639,0.0001520714,27.9585,0,1.8639,0.0002464027,27.9585,0
1.8648,0.000109102,27.972,0,1.8648,0.0002175326,27.972,0
1.8657,3.826963E-05,27.9855,0,1.8657,0.0001117876,27.9855,0
1.8666,-2.484169E-05,27.999,0,1.8666,8.157473E-05,27.999,0
1.8675,-6.076142E-05,28.0125,0,1.8675,0.0001178302,28.0125,0
1.8684,6.378271E-06,28.026,0,1.8684,6.54612E-05,28.026,0
1.8693,-9.030289E-05,28.0395,0,1.8693,-2.887007E-05,28.0395,0
1.8702,-0.0002265965,28.053,0,1.8702,-0.0001906767,28.053,0
1.8711,-4.129091E-05,28.0665,0,1.8711,-0.0001460288,28.0665,0
1.872,3.994812E-05,28.08,0,1.872,2.383459E-05,28.08,0
1.8729,1.409934E-05,28.0935,0,1.8729,-3.356985E-07,28.0935,0
1.8738,0.0001299153,28.107,0,1.8738,-6.478981E-05,28.107,0
1.8747,0.0001198444,28.1205,0,1.8747,1.342794E-05,28.1205,0
1.8756,-3.323415E-05,28.134,0,1.8756,-2.417029E-05,28.134,0
1.8765,2.652018E-05,28.1475,0,1.8765,-6.311131E-05,28.1475,0
1.8774,0.0001070878,28.161,0,1.8774,-6.6804E-05,28.161,0
1.8783,0.0001453574,28.1745,0,1.8783,-0.0002648661,28.1745,0
1.8792,6.51255E-05,28.188,0,1.8792,-0.0002252537,28.188,0
1.8801,-0.0001339437,28.2015,0,1.8801,-0.0001483787,28.2015,0
1.881,-2.786297E-05,28.215,0,1.881,-0.0001500572,28.215,0
1.8819,1.376364E-05,28.2285,0,1.8819,8.426032E-05,28.2285,0
1.8828,-4.33051E-05,28.242,0,1.8828,0.0002947433,28.242,0
1.8837,5.337606E-05,28.2555,0,1.8837,0.0001188373,28.2555,0
1.8846,0.0001054093,28.269,0,1.8846,-1.678492E-06,28.269,0
1.8855,-0.0001013809,28.2825,0,1.8855,6.948959E-05,28.2825,0
1.8864,-2.24918E-05,28.296,0,1.8864,0.000119173,28.296,0
1.8873,7.721065E-06,28.3095,0,1.8873,-6.881819E-05,28.3095,0
1.8882,-8.761731E-05,28.323,0,1.8882,-0.0001245441,28.323,0
1.8891,-0.0001178302,28.3365,0,1.8891,-9.768826E-05,28.3365,0
1.89,-2.18204E-05,28.35,0,1.89,-9.802396E-05,28.35,0
1.8909,-1.644922E-05,28.3635,0,1.8909,-5.539025E-05,28.3635,0
1.8918,9.500267E-05,28.377,0,1.8918,-3.021286E-06,28.377,0
1.8927,0.0001473716,28.3905,0,1.8927,4.129091E-05,28.3905,0
1.8936,1.040665E-05,28.404,0,1.8936,-3.659113E-05,28.404,0
1.8945,5.001907E-05,28.4175,0,1.8945,-9.869535E-05,28.4175,0
1.8954,0.0001530785,28.431,0,1.8954,-7.452507E-05,28.431,0
1.8963,-1.712062E-05,28.4445,0,1.8963,-6.243992E-05,28.4445,0
1.8972,-5.639734E-05,28.458,0,1.8972,-0.0001218585,28.458,0
1.8981,7.486076E-05,28.4715,0,1.8981,-0.0001205158,28.4715,0
1.899,-6.61326E-05,28.485,0,1.899,-1.577783E-05,28.485,0
1.8999,-1.577783E-05,28.4985,0,1.8999,2.719158E-05,28.4985,0
1.9008,3.121996E-05,28.512,0,1.9008,-5.001907E-05,28.512,0
1.9017,7.956054E-05,28.5255,0,1.9017,-8.627451E-05,28.5255,0
1.9026,-7.284657E-05,28.539,0,1.9026,-3.994812E-05,28.539,0
1.9035,-0.0001030594,28.5525,0,1.9035,-0.0001141375,28.5525,0
1.9044,-8.661021E-05,28.566,0,1.9044,-7.083238E-05,28.566,0
1.9053,-5.035477E-05,28.5795,0,1.9053,-6.176852E-05,28.5795,0
1.9062,-0.0001346151,28.593,0,1.9062,5.874724E-05,28.593,0
1.9071,-0.0001352865,28.6065,0,1.9071,3.793393E-05,28.6065,0
1.908,-6.74754E-05,28.62,0,1.908,-5.706874E-06,28.62,0
1.9089,-6.478981E-05,28.6335,0,1.9089,2.652018E-05,28.6335,0
1.9098,-0.0001215228,28.647,0,1.9098,6.344701E-05,28.647,0
1.9107,-0.000136965,28.6605,0,1.9107,2.081331E-05,28.6605,0
1.9116,7.721065E-06,28.674,0,1.9116,2.618448E-05,28.674,0
1.9125,3.625543E-05,28.6875,0,1.9125,7.418937E-05,28.6875,0
1.9134,7.049668E-05,28.701,0,1.9134,8.392462E-06,28.701,0
1.9143,0.0002101472,28.7145,0,1.9143,-6.948959E-05,28.7145,0
1.9152,4.263371E-05,28.728,0,1.9152,-7.855344E-05,28.728,0
1.9161,1.846342E-05,28.7415,0,1.9161,-7.821774E-05,28.7415,0
1.917,4.36408E-05,28.755,0,1.917,-0.0001044022,28.755,0
1.9179,7.049668E-06,28.7685,0,1.9179,-8.291753E-05,28.7685,0
1.9188,0.0001027237,28.782,0,1.9188,-3.256275E-05,28.782,0
1.9197,4.263371E-05,28.7955,0,1.9197,2.987716E-05,28.7955,0
1.9206,-5.438316E-05,28.809,0,1.9206,-6.6804E-05,28.809,0
1.9215,-1.141375E-05,28.8225,0,1.9215,-2.954147E-05,28.8225,0
1.9224,4.263371E-05,28.836,0,1.9224,5.874724E-05,28.836,0
1.9233,-8.761731E-05,28.8495,0,1.9233,6.61326E-05,28.8495,0
1.9242,-4.699779E-05,28.863,0,1.9242,3.625543E-05,28.863,0
1.9251,1.913481E-05,28.8765,0,1.9251,-3.860533E-05,28.8765,0
1.926,-0.0001493858,28.89,0,1.926,1.443504E-05,28.89,0
1.9269,-0.0001510643,28.9035,0,1.9269,5.102617E-05,28.9035,0
1.9278,-4.934768E-05,28.917,0,1.9278,-1.947051E-05,28.917,0
1.9287,-4.33051E-05,28.9305,0,1.9287,-5.706874E-06,28.9305,0
1.9296,6.378271E-06,28.944,0,1.9296,3.726253E-05,28.944,0
1.9305,0.0001554284,28.9575,0,1.9305,2.081331E-05,28.9575,0
1.9314,0.0001151446,28.971,0,1.9314,8.023193E-05,28.971,0
1.9323,1.577783E-05,28.9845,0,1.9323,6.277562E-05,28.9845,0
1.9332,-3.524834E-05,28.998,0,1.9332,2.652018E-05,28.998,0
1.9341,-0.0001510643,29.0115,0,1.9341,-2.987716E-05,29.0115,0
1.935,-7.385367E-05,29.025,0,1.935,-3.961242E-05,29.025,0
1.9359,7.956054E-05,29.0385,0,1.9359,7.989624E-05,29.0385,0
1.9368,6.378271E-05,29.052,0,1.9368,8.090334E-05,29.052,0
1.9377,-8.191043E-05,29.0655,0,1.9377,-2.450599E-05,29.0655,0
1.9386,-5.069047E-05,29.079,0,1.9386,-0.0002017548,29.079,0
1.9395,-6.478981E-05,29.0925,0,1.9395,-9.466698E-05,29.0925,0
1.9404,4.196231E-05,29.106,0,1.9404,-7.620356E-05,29.106,0
1.9413,2.383459E-05,29.1195,0,1.9413,-0.0002020905,29.1195,0
1.9422,-8.96315E-05,29.133,0,1.9422,-0.0001883268,29.133,0
1.9431,3.121996E-05,29.1465,0,1.9431,-9.365987E-05,29.1465,0
1.944,0.0002131685,29.16,0,1.944,-4.263371E-05,29.16,0
1.9449,0.000295079,29.1735,0,1.9449,2.1149E-05,29.1735,0
1.9458,0.0003111925,29.187,0,1.9458,-5.001907E-05,29.187,0
1.9467,0.0002655375,29.2005,0,1.9467,2.484169E-05,29.2005,0
1.9476,9.097429E-05,29.214,0,1.9476,0.0001802701,29.214,0
1.9485,2.1149E-05,29.2275,0,1.9485,7.385367E-05,29.2275,0
1.9494,2.081331E-05,29.241,0,1.9494,8.728161E-06,29.241,0
1.9503,-0.0001238727,29.2545,0,1.9503,3.390555E-05,29.2545,0
1.9512,-6.478981E-05,29.268,0,1.9512,0.0001017166,29.268,0
1.9521,1.208515E-05,29.2815,0,1.9521,0.0001594568,29.2815,0
1.953,-0.0001238727,29.295,0,1.953,8.023193E-05,29.295,0
1.9539,-5.102617E-05,29.3085,0,1.9539,2.551309E-05,29.3085,0
1.9548,1.040665E-05,29.322,0,1.9548,-2.853437E-05,29.322,0
1.9557,6.076142E-05,29.3355,0,1.9557,3.356985E-06,29.3355,0
1.9566,-7.486076E-05,29.349,0,1.9566,-8.392462E-06,29.349,0
1.9575,-6.109713E-05,29.3625,0,1.9575,-6.78111E-05,29.3625,0
1.9584,-9.298848E-05,29.376,0,1.9584,-9.802396E-05,29.376,0
1.9593,-5.270466E-05,29.3895,0,1.9593,-0.0001836271,29.3895,0
1.9602,-6.6804E-05,29.403,0,1.9602,-9.701686E-05,29.403,0
1.9611,-0.000154757,29.4165,0,1.9611,9.063859E-06,29.4165,0
1.962,-5.975433E-05,29.43,0,1.962,-2.417029E-05,29.43,0
1.9629,5.505455E-05,29.4435,0,1.9629,-4.36408E-05,29.4435,0
1.9638,-0.0001054093,29.457,0,1.9638,5.606165E-05,29.457,0
1.9647,-6.814679E-05,29.4705,0,1.9647,7.721065E-06,29.4705,0
1.9656,6.344701E-05,29.484,0,1.9656,-5.035477E-05,29.484,0
1.9665,-9.164568E-05,29.4975,0,1.9665,1.309224E-05,29.4975,0
1.9674,-9.097429E-05,29.511,0,1.9674,7.553216E-05,29.511,0
1.9683,5.606165E-05,29.5245,0,1.9683,-6.076142E-05,29.5245,0
1.9692,-0.0001349508,29.538,0,1.9692,-0.0001849699,29.538,0
1.9701,-0.0002252537,29.5515,0,1.9701,-0.0001809415,29.5515,0
1.971,-0.000148043,29.565,0,1.971,-0.0001587854,29.565,0
1.9719,-5.069047E-05,29.5785,0,1.9719,-5.874724E-05,29.5785,0
1.9728,-4.46479E-05,29.592,0,1.9728,-3.356985E-06,29.592,0
1.9737,-2.887007E-05,29.6055,0,1.9737,0.0001440146,29.6055,0
1.9746,-6.881819E-05,29.619,0,1.9746,0.0002034333,29.619,0
1.9755,-0.0001171588,29.6325,0,1.9755,5.941863E-05,29.6325,0
1.9764,-9.164568E-05,29.646,0,1.9764,5.706874E-05,29.646,0
1.9773,-0.0001886625,29.6595,0,1.9773,9.365987E-05,29.6595,0
1.9782,-0.0001967193,29.673,0,1.9782,8.023193E-05,29.673,0
1.9791,-6.948959E-05,29.6865,0,1.9791,1.846342E-05,29.6865,0
1.98,-5.337606E-05,29.7,0,1.98,1.846342E-05,29.7,0
1.9809,1.443504E-05,29.7135,0,1.9809,1.040665E-05,29.7135,0
1.9818,0.0001178302,29.727,0,1.9818,-9.030289E-05,29.727,0
1.9827,8.493171E-05,29.7405,0,1.9827,-9.164568E-05,29.7405,0
1.9836,8.761731E-05,29.754,0,1.9836,-7.855344E-05,29.754,0
1.9845,8.89601E-05,29.7675,0,1.9845,-2.652018E-05,29.7675,0
1.9854,3.927672E-05,29.781,0,1.9854,8.157473E-05,29.781,0
1.9863,7.284657E-05,29.7945,0,1.9863,-3.793393E-05,29.7945,0
1.9872,0.0001067521,29.808,0,1.9872,-8.123904E-05,29.808,0
1.9881,0.0001221943,29.8215,0,1.9881,-1.510643E-05,29.8215,0
1.989,5.471885E-05,29.835,0,1.989,-0.0001245441,29.835,0
1.9899,-4.129091E-05,29.8485,0,1.9899,-0.0002286107,29.8485,0
1.9908,-9.735256E-05,29.862,0,1.9908,-0.0001044022,29.862,0
1.9917,7.049668E-06,29.8755,0,1.9917,-0.000144686,29.8755,0
1.9926,4.33051E-05,29.889,0,1.9926,-0.0001564355,29.889,0
1.9935,-8.224613E-05,29.9025,0,1.9935,-3.121996E-05,29.9025,0
1.9944,-1.510643E-05,29.916,0,1.9944,1.007095E-06,29.916,0
1.9953,9.365987E-05,29.9295,0,1.9953,-6.54612E-05,29.9295,0
1.9962,6.6804E-05,29.943,0,1.9962,-0.0001107805,29.943,0
1.9971,-6.61326E-05,29.9565,0,1.9971,-0.0001339437,29.9565,0
1.998,-1.812772E-05,29.97,0,1.998,-0.0001319295,29.97,0
1.9989,-3.994812E-05,29.9835,0,1.9989,-4.196231E-05,29.9835,0
1.9998,-4.36408E-06,29.997,0,1.9998,2.18204E-05,29.997,0
2.0007,-8.627451E-05,30.0105,0,2.0007,0.0001789273,30.0105,0
2.0016,-0.0001930266,30.024,0,2.0016,0.0001943694,30.024,0
2.0025,-1.779202E-05,30.0375,0,2.0025,0.000158114,30.0375,0
2.0034,4.599069E-05,30.051,0,2.0034,9.533837E-05,30.051,0
2.0043,-8.493171E-05,30.0645,0,2.0043,0.0001044022,30.0645,0
2.0052,-8.69459E-05,30.078,0,2.0052,-4.599069E-05,30.078,0
2.0061,7.989624E-05,30.0915,0,2.0061,-0.0001755703,30.0915,0
2.007,9.298848E-05,30.105,0,2.007,-0.0001292439,30.105,0
2.0079,-7.150377E-05,30.1185,0,2.0079,-0.0002443885,30.1185,0
2.0088,6.378271E-06,30.132,0,2.0088,-0.0002145113,30.132,0
2.0097,3.692683E-05,30.1455,0,2.0097,-3.793393E-05,30.1455,0
2.0106,0.0001594568,30.159,0,2.0106,0.0001782559,30.159,0
2.0115,0.0002312963,30.1725,0,2.0115,0.0002265965,30.1725,0
2.0124,4.39765E-05,30.186,0,2.0124,0.0001332723,30.186,0
2.0133,-5.035477E-06,30.1995,0,2.0133,1.107805E-05,30.1995,0
2.0142,5.270466E-05,30.213,0,2.0142,2.1149E-05,30.213,0
2.0151,9.231708E-05,30.2265,0,2.0151,1.678492E-05,30.2265,0
2.016,-8.392462E-06,30.24,0,2.016,-2.18204E-05,30.24,0
2.0169,1.309224E-05,30.2535,0,2.0169,-3.088426E-05,30.2535,0
2.0178,-0.0001077592,30.267,0,2.0178,1.980621E-05,30.267,0
2.0187,-7.418937E-05,30.2805,0,2.0187,-3.927672E-05,30.2805,0
2.0196,-9.063859E-06,30.294,0,2.0196,-0.0001389792,30.294,0
2.0205,-0.0001047379,30.3075,0,2.0205,-5.941863E-05,30.3075,0
2.0214,-0.0001742275,30.321,0,2.0214,-3.726253E-05,30.321,0
2.0223,-8.157473E-05,30.3345,0,2.0223,-0.0001309224,30.3345,0
2.0232,2.1149E-05,30.348,0,2.0232,-4.196231E-05,30.348,0
2.0241,-7.956054E-05,30.3615,0,2.0241,2.24918E-05,30.3615,0
2.025,-9.500267E-05,30.375,0,2.025,-2.719158E-05,30.375,0
2.0259,-4.061952E-05,30.3885,0,2.0259,1.980621E-05,30.3885,0
2.0268,2.584878E-05,30.402,0,2.0268,2.920577E-05,30.402,0
2.0277,-8.493171E-05,30.4155,0,2.0277,5.706874E-06,30.4155,0
2.0286,-4.733349E-05,30.429,0,2.0286,1.779202E-05,30.429,0
2.0295,3.457694E-05,30.4425,0,2.0295,-1.980621E-05,30.4425,0
2.0304,0.0001027237,30.456,0,2.0304,1.309224E-05,30.456,0
2.0313,0.0001010452,30.4695,0,2.0313,-3.356985E-06,30.4695,0
2.0322,0.000109102,30.483,0,2.0322,-7.217517E-05,30.483,0
2.0331,0.0002030976,30.4965,0,2.0331,-1.644922E-05,30.4965,0
2.034,7.385367E-06,30.51,0,2.034,5.471885E-05,30.51,0
2.0349,-4.53193E-05,30.5235,0,2.0349,8.728161E-06,30.5235,0
2.0358,0.0001164874,30.537,0,2.0358,-5.740444E-05,30.537,0
2.0367,-1.577783E-05,30.5505,0,2.0367,-2.21561E-05,30.5505,0
2.0376,-0.0001161517,30.564,0,2.0376,3.390555E-05,30.564,0
2.0385,6.378271E-06,30.5775,0,2.0385,4.49836E-05,30.5775,0
2.0394,6.378271E-06,30.591,0,2.0394,1.678492E-05,30.591,0
2.0403,1.342794E-06,30.6045,0,2.0403,-7.049668E-06,30.6045,0
2.0412,3.189136E-05,30.618,0,2.0412,4.263371E-05,30.618,0
2.0421,2.081331E-05,30.6315,0,2.0421,4.800488E-05,30.6315,0
2.043,-2.887007E-05,30.645,0,2.043,-2.685588E-05,30.645,0
2.0439,-5.874724E-05,30.6585,0,2.0439,-6.54612E-05,30.6585,0
2.0448,-2.584878E-05,30.672,0,2.0448,-1.040665E-05,30.672,0
2.0457,-4.666209E-05,30.6855,0,2.0457,-2.417029E-05,30.6855,0
2.0466,2.786297E-05,30.699,0,2.0466,-8.92958E-05,30.699,0
2.0475,-3.793393E-05,30.7125,0,2.0475,-7.385367E-06,30.7125,0
2.0484,-5.404745E-05,30.726,0,2.0484,3.189136E-05,30.726,0
2.0493,1.913481E-05,30.7395,0,2.0493,-8.459602E-05,30.7395,0
2.0502,-0.000119173,30.753,0,2.0502,-0.0001732204,30.753,0
2.0511,-0.0001453574,30.7665,0,2.0511,-0.0001279011,30.7665,0
2.052,-2.383459E-05,30.78,0,2.052,-9.198138E-05,30.78,0
2.0529,0.0001047379,30.7935,0,2.0529,7.049668E-06,30.7935,0
2.0538,0.0001151446,30.807,0,2.0538,-8.358892E-05,30.807,0
2.0547,8.090334E-05,30.8205,0,2.0547,-0.0001594568,30.8205,0
2.0556,-1.242084E-05,30.834,0,2.0556,-0.0001174945,30.834,0
2.0565,-2.1149E-05,30.8475,0,2.0565,-0.0001829557,30.8475,0
2.0574,-2.685588E-06,30.861,0,2.0574,-9.701686E-05,30.861,0
2.0583,-7.217517E-05,30.8745,0,2.0583,-6.243992E-05,30.8745,0
2.0592,-0.0001681849,30.888,0,2.0592,-0.000203769,30.888,0
2.0601,-8.358892E-05,30.9015,0,2.0601,-0.0001997406,30.9015,0
2.061,-7.351797E-05,30.915,0,2.061,-9.231708E-05,30.915,0
2.0619,8.96315E-05,30.9285,0,2.0619,-1.007095E-05,30.9285,0
2.0628,0.0001889983,30.942,0,2.0628,-4.968337E-05,30.942,0
2.0637,8.191043E-05,30.9555,0,2.0637,-2.954147E-05,30.9555,0
2.0646,4.666209E-05,30.969,0,2.0646,-3.692683E-06,30.969,0
2.0655,-9.735256E-06,30.9825,0,2.0655,-1.376364E-05,30.9825,0
2.0664,-3.927672E-05,30.996,0,2.0664,-2.18204E-05,30.996,0
2.0673,6.478981E-05,31.0095,0,2.0673,-6.143282E-05,31.0095,0
2.0682,4.599069E-05,31.023,0,2.0682,1.577783E-05,31.023,0
2.0691,-8.056763E-06,31.0365,0,2.0691,2.819867E-05,31.0365,0
2.07,9.735256E-06,31.05,0,2.07,9.735256E-06,31.05,0
2.0709,6.54612E-05,31.0635,0,2.0709,8.426032E-05,31.0635,0
2.0718,-0.0001107805,31.077,0,2.0718,8.996719E-05,31.077,0
2.0727,-5.203327E-05,31.0905,0,2.0727,3.860533E-05,31.0905,0
2.0736,0.0001144732,31.104,0,2.0736,-7.721065E-06,31.104,0
2.0745,-2.584878E-05,31.1175,0,2.0745,0.0001668421,31.1175,0
2.0754,-7.788205E-05,31.131,0,2.0754,0.0001906767,31.131,0
2.0763,-5.874724E-05,31.1445,0,2.0763,-4.36408E-05,31.1445,0
2.0772,-0.0001292439,31.158,0,2.0772,-7.989624E-05,31.158,0
2.0781,-0.000193698,31.1715,0,2.0781,-9.735256E-06,31.1715,0
2.079,-0.0001450217,31.185,0,2.079,-2.887007E-05,31.185,0
2.0799,-3.390555E-05,31.1985,0,2.0799,1.007095E-06,31.1985,0
2.0808,5.941863E-05,31.212,0,2.0808,2.887007E-05,31.212,0
2.0817,0.0001188373,31.2255,0,2.0817,0.0001359579,31.2255,0
2.0826,0.000148043,31.239,0,2.0826,0.0001930266,31.239,0
2.0835,0.0001708705,31.2525,0,2.0835,0.0002286107,31.2525,0
2.0844,0.0001953765,31.266,0,2.0844,0.0001420005,31.266,0
2.0853,6.54612E-05,31.2795,0,2.0853,0.0002239109,31.2795,0
2.0862,1.443504E-05,31.293,0,2.0862,0.0001782559,31.293,0
2.0871,6.042573E-05,31.3065,0,2.0871,3.659113E-05,31.3065,0
2.088,-6.143282E-05,31.32,0,2.088,0.0001064164,31.32,0
2.0889,-0.0001493858,31.3335,0,2.0889,8.056763E-06,31.3335,0
2.0898,4.800488E-05,31.347,0,2.0898,-8.056764E-05,31.347,0
2.0907,1.712062E-05,31.3605,0,2.0907,-2.517739E-05,31.3605,0
2.0916,-7.956054E-05,31.374,0,2.0916,1.409934E-05,31.374,0
2.0925,-7.049668E-05,31.3875,0,2.0925,-3.726253E-05,31.3875,0
2.0934,-3.994812E-05,31.401,0,2.0934,-0.0001309224,31.401,0
2.0943,1.712062E-05,31.4145,0,2.0943,-0.000144686,31.4145,0
2.0952,3.793393E-05,31.428,0,2.0952,9.903105E-05,31.428,0
2.0961,4.028382E-05,31.4415,0,2.0961,0.0001497215,31.4415,0
2.097,4.36408E-06,31.455,0,2.097,-8.392462E-06,31.455,0
2.0979,1.678492E-06,31.4685,0,2.0979,-9.030289E-05,31.4685,0
2.0988,1.712062E-05,31.482,0,2.0988,-0.000112459,31.482,0
2.0997,0.0001117876,31.4955,0,2.0997,-0.0001560998,31.4955,0
2.1006,0.0001097734,31.509,0,2.1006,-0.000164828,31.509,0
2.1015,5.941863E-05,31.5225,0,2.1015,-5.774014E-05,31.5225,0
2.1024,9.903105E-05,31.536,0,2.1024,-1.644922E-05,31.536,0
2.1033,6.61326E-05,31.5495,0,2.1033,-3.860533E-05,31.5495,0
2.1042,-0.0001245441,31.563,0,2.1042,3.356985E-07,31.563,0
2.1051,-9.063859E-05,31.5765,0,2.1051,8.426032E-05,31.5765,0
2.106,-2.18204E-05,31.59,0,2.106,-2.349889E-06,31.59,0
2.1069,1.242084E-05,31.6035,0,2.1069,-3.491264E-05,31.6035,0
2.1078,5.606165E-05,31.617,0,2.1078,-5.941863E-05,31.617,0
2.1087,4.733349E-05,31.6305,0,2.1087,-4.699779E-05,31.6305,0
2.1096,-5.169757E-05,31.644,0,2.1096,-3.424125E-05,31.644,0
2.1105,1.678492E-06,31.6575,0,2.1105,-7.620356E-05,31.6575,0
2.1114,1.443504E-05,31.671,0,2.1114,-0.000130251,31.671,0
2.1123,-0.0001399863,31.6845,0,2.1123,-8.291753E-05,31.6845,0
2.1132,-0.0001242084,31.698,0,2.1132,-5.539025E-05,31.698,0
2.1141,-2.954147E-05,31.7115,0,2.1141,-0.0001413291,31.7115,0
2.115,-8.69459E-05,31.725,0,2.115,-7.351797E-05,31.725,0
2.1159,-0.0001205158,31.7385,0,2.1159,-4.666209E-05,31.7385,0
2.1168,-4.33051E-05,31.752,0,2.1168,-0.0001409934,31.752,0
2.1177,-0.0001017166,31.7655,0,2.1177,-0.000161471,31.7655,0
2.1186,-0.0001923552,31.779,0,2.1186,-0.0001386435,31.779,0
2.1195,-0.0001554284,31.7925,0,2.1195,-0.0002259251,31.7925,0
2.1204,-4.36408E-05,31.806,0,2.1204,-0.0002051118,31.806,0
2.1213,0.0001755703,31.8195,0,2.1213,-0.0001618067,31.8195,0
2.1222,0.0001245441,31.833,0,2.1222,-7.284657E-05,31.833,0
2.1231,1.477073E-05,31.8465,0,2.1231,-7.083238E-05,31.8465,0
2.124,-2.014191E-06,31.86,0,2.124,-2.853437E-05,31.86,0
2.1249,8.493171E-05,31.8735,0,2.1249,1.342794E-06,31.8735,0
2.1258,-7.721065E-06,31.887,0,2.1258,8.89601E-05,31.887,0
2.1267,2.752728E-05,31.9005,0,2.1267,3.692683E-05,31.9005,0
2.1276,8.795301E-05,31.914,0,2.1276,-3.256275E-05,31.914,0
2.1285,-3.356985E-06,31.9275,0,2.1285,8.291753E-05,31.9275,0
2.1294,-0.0001211871,31.941,0,2.1294,0.000179263,31.941,0
2.1303,-5.404745E-05,31.9545,0,2.1303,0.0001896696,31.9545,0
2.1312,4.901198E-05,31.968,0,2.1312,0.000200412,31.968,0
2.1321,-6.109713E-05,31.9815,0,2.1321,0.0001873197,31.9815,0
2.133,-4.867628E-05,31.995,0,2.133,0.0001044022,31.995,0
2.1339,-2.383459E-05,32.0085,0,2.1339,7.956054E-05,32.0085,0
2.1348,3.793393E-05,32.022,0,2.1348,4.867628E-05,32.022,0
2.1357,-1.107805E-05,32.0355,0,2.1357,5.069047E-05,32.0355,0
2.1366,7.217517E-05,32.049,0,2.1366,-3.256275E-05,32.049,0
2.1375,0.0002138399,32.0625,0,2.1375,-5.941863E-05,32.0625,0
2.1384,9.634547E-05,32.076,0,2.1384,-8.023193E-05,32.076,0
2.1393,-6.948959E-05,32.0895,0,2.1393,-7.486076E-05,32.0895,0
2.1402,1.577783E-05,32.103,0,2.1402,-0.0001161517,32.103,0
2.1411,5.874724E-05,32.1165,0,2.1411,-0.000186984,32.1165,0
2.142,-0.0001218585,32.13,0,2.142,-0.0002192111,32.13,0
2.1429,-0.0001779202,32.1435,0,2.1429,-0.000144686,32.1435,0
2.1438,-0.0001661708,32.157,0,2.1438,-0.0001557641,32.157,0
2.1447,-0.0001399863,32.1705,0,2.1447,-6.74754E-05,32.1705,0
2.1456,-9.668116E-05,32.184,0,2.1456,0.000102388,32.184,0
2.1465,0.0001007095,32.1975,0,2.1465,0.0001604639,32.1975,0
2.1474,0.0001218585,32.211,0,2.1474,9.735256E-05,32.211,0
2.1483,7.452507E-05,32.2245,0,2.1483,4.129091E-05,32.2245,0
2.1492,7.351797E-05,32.238,0,2.1492,0.0001842985,32.238,0
2.1501,-9.500267E-05,32.2515,0,2.1501,0.0002252537,32.2515,0
2.151,-9.735256E-05,32.265,0,2.151,0.0001218585,32.265,0
2.1519,-3.659113E-05,32.2785,0,2.1519,5.706874E-06,32.2785,0
2.1528,-0.0001218585,32.292,0,2.1528,1.242084E-05,32.292,0
2.1537,-0.0001433432,32.3055,0,2.1537,-6.61326E-05,32.3055,0
2.1546,-3.256275E-05,32.319,0,2.1546,-0.0001789273,32.319,0
2.1555,-0.0002161898,32.3325,0,2.1555,-9.365987E-05,32.3325,0
2.1564,-0.0001185016,32.346,0,2.1564,-5.572595E-05,32.346,0
2.1573,6.848249E-05,32.3595,0,2.1573,-5.606165E-05,32.3595,0
2.1582,5.270466E-05,32.373,0,2.1582,-2.081331E-05,32.373,0
2.1591,2.1149E-05,32.3865,0,2.1591,1.544213E-05,32.3865,0
2.16,5.606165E-05,32.4,0,2.16,-6.411841E-05,32.4,0
2.1609,0.0002252537,32.4135,0,2.1609,-9.433127E-05,32.4135,0
2.1618,0.0002789654,32.427,0,2.1618,-0.000140322,32.427,0
2.1627,4.263371E-05,32.4405,0,2.1627,-0.0001067521,32.4405,0
2.1636,-0.0001010452,32.454,0,2.1636,-6.848249E-05,32.454,0
2.1645,-7.318227E-05,32.4675,0,2.1645,-7.553216E-05,32.4675,0
2.1654,-1.510643E-05,32.481,0,2.1654,-6.881819E-05,32.481,0
2.1663,-2.584878E-05,32.4945,0,2.1663,-3.356985E-07,32.4945,0
2.1672,-0.0001292439,32.508,0,2.1672,-9.634547E-05,32.508,0
2.1681,-0.0001144732,32.5215,0,2.1681,-0.0002568093,32.5215,0
2.169,-0.0001238727,32.535,0,2.169,-6.478981E-05,32.535,0
2.1699,-5.069047E-05,32.5485,0,2.1699,1.510643E-05,32.5485,0
2.1708,3.189136E-05,32.562,0,2.1708,-3.692683E-05,32.562,0
2.1717,0.0001467002,32.5755,0,2.1717,-2.349889E-05,32.5755,0
2.1726,1.174945E-05,32.589,0,2.1726,-1.376364E-05,32.589,0
2.1735,-4.33051E-05,32.6025,0,2.1735,-2.987716E-05,32.6025,0
2.1744,1.376364E-05,32.616,0,2.1744,4.33051E-05,32.616,0
2.1753,7.754635E-05,32.6295,0,2.1753,8.392462E-06,32.6295,0
2.1762,-0.0001087663,32.643,0,2.1762,-3.524834E-05,32.643,0
2.1771,-0.0001910124,32.6565,0,2.1771,1.577783E-05,32.6565,0
2.178,-1.510643E-05,32.67,0,2.178,-1.242084E-05,32.67,0
2.1789,0.0001047379,32.6835,0,2.1789,2.685588E-06,32.6835,0
2.1798,4.632639E-05,32.697,0,2.1798,2.18204E-05,32.697,0
2.1807,0.0001346151,32.7105,0,2.1807,-7.049668E-05,32.7105,0
2.1816,0.0002410315,32.724,0,2.1816,-0.0001037308,32.724,0
2.1825,-3.021286E-05,32.7375,0,2.1825,9.735256E-06,32.7375,0
2.1834,-4.095522E-05,32.751,0,2.1834,3.994812E-05,32.751,0
2.1843,5.069047E-05,32.7645,0,2.1843,2.584878E-05,32.7645,0
2.1852,-1.107805E-05,32.778,0,2.1852,0.0001312581,32.778,0
2.1861,-0.0001117876,32.7915,0,2.1861,0.0001117876,32.7915,0
2.187,-7.553216E-05,32.805,0,2.187,5.136187E-05,32.805,0
2.1879,-8.761731E-05,32.8185,0,2.1879,1.376364E-05,32.8185,0
2.1888,-8.96315E-05,32.832,0,2.1888,-4.33051E-05,32.832,0
2.1897,-0.000109102,32.8455,0,2.1897,-4.33051E-05,32.8455,0
2.1906,-0.0001487144,32.859,0,2.1906,-1.174945E-05,32.859,0
2.1915,-0.0001544213,32.8725,0,2.1915,-5.941863E-05,32.8725,0
2.1924,-5.639734E-05,32.886,0,2.1924,-6.076142E-05,32.886,0
2.1933,-0.0001131304,32.8995,0,2.1933,4.666209E-05,32.8995,0
2.1942,-0.0001332723,32.913,0,2.1942,4.028382E-06,32.913,0
2.1951,4.934768E-05,32.9265,0,2.1951,-5.136187E-05,32.9265,0
2.196,6.277562E-05,32.94,0,2.196,0.0001013809,32.94,0
2.1969,-1.409934E-05,32.9535,0,2.1969,5.337606E-05,32.9535,0
2.1978,2.618448E-05,32.967,0,2.1978,-9.701686E-05,32.967,0
2.1987,-4.699779E-05,32.9805,0,2.1987,2.349889E-06,32.9805,0
2.1996,-2.786297E-05,32.994,0,2.1996,0.0001393149,32.994,0
2.2005,1.443504E-05,33.0075,0,2.2005,4.263371E-05,33.0075,0
2.2014,5.740444E-05,33.021,0,2.2014,-0.0001319295,33.021,0
2.2023,0.0001577783,33.0345,0,2.2023,2.316319E-05,33.0345,0
2.2032,0.0001554284,33.048,0,2.2032,4.49836E-05,33.048,0
2.2041,0.0001436789,33.0615,0,2.2041,-3.692683E-06,33.0615,0
2.205,0.0001359579,33.075,0,2.205,-6.881819E-05,33.075,0
2.2059,0.0001483787,33.0885,0,2.2059,-6.881819E-05,33.0885,0
2.2068,2.752728E-05,33.102,0,2.2068,-5.941863E-05,33.102,0
2.2077,2.047761E-05,33.1155,0,2.2077,-0.0001134661,33.1155,0
2.2086,7.418937E-05,33.129,0,2.2086,-5.203327E-05,33.129,0
2.2095,-7.721065E-06,33.1425,0,2.2095,0.0001540856,33.1425,0
2.2104,-3.088426E-05,33.156,0,2.2104,0.000144686,33.156,0
2.2113,-5.069047E-05,33.1695,0,2.2113,4.800488E-05,33.1695,0
2.2122,-0.0001080949,33.183,0,2.2122,8.89601E-05,33.183,0
2.2131,-0.0001493858,33.1965,0,2.2131,1.712062E-05,33.1965,0
2.214,-0.000158114,33.21,0,2.214,-4.632639E-05,33.21,0
2.2149,-0.0001735561,33.2235,0,2.2149,-7.620356E-05,33.2235,0
2.2158,-4.36408E-05,33.237,0,2.2158,-0.0001601282,33.237,0
2.2167,3.121996E-05,33.2505,0,2.2167,-7.183947E-05,33.2505,0
2.2176,2.18204E-05,33.264,0,2.2176,-2.349889E-05,33.264,0
2.2185,9.164568E-05,33.2775,0,2.2185,6.378271E-05,33.2775,0
2.2194,4.263371E-05,33.291,0,2.2194,5.639734E-05,33.291,0
2.2203,2.652018E-05,33.3045,0,2.2203,0,33.3045,0
2.2212,5.572595E-05,33.318,0,2.2212,-0.0001305867,33.318,0
2.2221,6.948959E-05,33.3315,0,2.2221,-0.0002544594,33.3315,0
2.223,-0.0001762417,33.345,0,2.223,-0.0001735561,33.345,0
2.2239,-0.0001571069,33.3585,0,2.2239,-0.0001326009,33.3585,0
2.2248,-2.047761E-05,33.372,0,2.2248,-0.0002511025,33.372,0
2.2257,-5.035477E-05,33.3855,0,2.2257,-0.0002145113,33.3855,0
2.2266,-4.934768E-05,33.399,0,2.2266,4.061952E-05,33.399,0
2.2275,0.0002467384,33.4125,0,2.2275,0.0001295796,33.4125,0
2.2284,0.0004172732,33.426,0,2.2284,5.673304E-05,33.426,0
2.2293,0.0003534905,33.4395,0,2.2293,-4.36408E-06,33.4395,0
2.2302,0.0002296178,33.453,0,2.2302,-3.692683E-06,33.453,0
2.2311,2.349889E-06,33.4665,0,2.2311,-3.021286E-05,33.4665,0
2.232,3.054856E-05,33.48,0,2.232,-7.217517E-05,33.48,0
2.2329,0.0001527428,33.4935,0,2.2329,-5.203327E-05,33.4935,0
2.2338,5.001907E-05,33.507,0,2.2338,6.210422E-05,33.507,0
2.2347,2.920577E-05,33.5205,0,2.2347,1.678492E-06,33.5205,0
2.2356,8.560311E-05,33.534,0,2.2356,-0.0001282368,33.534,0
2.2365,-7.385367E-06,33.5475,0,2.2365,3.457694E-05,33.5475,0
2.2374,-2.887007E-05,33.561,0,2.2374,0.0001433432,33.561,0
2.2383,6.378271E-06,33.5745,0,2.2383,9.735256E-06,33.5745,0
2.2392,6.277562E-05,33.588,0,2.2392,-5.404745E-05,33.588,0
2.2401,-0.0001138018,33.6015,0,2.2401,-7.922484E-05,33.6015,0
2.241,-0.0001000381,33.615,0,2.241,-7.452507E-05,33.615,0
2.2419,-8.96315E-05,33.6285,0,2.2419,-0.0001292439,33.6285,0
2.2428,-0.0001054093,33.642,0,2.2428,-0.0001987335,33.642,0
2.2437,-0.0001963836,33.6555,0,2.2437,-0.0001164874,33.6555,0
2.2446,-0.0002514381,33.669,0,2.2446,-6.109713E-05,33.669,0
2.2455,-3.256275E-05,33.6825,0,2.2455,-9.265278E-05,33.6825,0
2.2464,-4.599069E-05,33.696,0,2.2464,-9.903105E-05,33.696,0
2.2473,-9.365987E-05,33.7095,0,2.2473,-5.136187E-05,33.7095,0
2.2482,-1.007095E-05,33.723,0,2.2482,-7.855344E-05,33.723,0
2.2491,3.189136E-05,33.7365,0,2.2491,-7.754635E-05,33.7365,0
2.25,-1.779202E-05,33.75,0,2.25,-4.599069E-05,33.75,0
2.2509,9.835965E-05,33.7635,0,2.2509,-4.43122E-05,33.7635,0
2.2518,0.0001044022,33.777,0,2.2518,-3.390555E-05,33.777,0
2.2527,-0.0001262226,33.7905,0,2.2527,0.0001661708,33.7905,0
2.2536,-0.0001416648,33.804,0,2.2536,0.0002574807,33.804,0
2.2545,-9.903105E-05,33.8175,0,2.2545,0.0001742275,33.8175,0
2.2554,-9.634547E-05,33.831,0,2.2554,5.874724E-05,33.831,0
2.2563,-1.577783E-05,33.8445,0,2.2563,4.666209E-05,33.8445,0
2.2572,8.258183E-05,33.858,0,2.2572,2.047761E-05,33.858,0
2.2581,2.081331E-05,33.8715,0,2.2581,-1.376364E-05,33.8715,0
2.259,2.517739E-05,33.885,0,2.259,-2.24918E-05,33.885,0
2.2599,2.450599E-05,33.8985,0,2.2599,-5.975433E-05,33.8985,0
2.2608,-0.000112459,33.912,0,2.2608,-8.728161E-06,33.912,0
2.2617,-0.0001379721,33.9255,0,2.2617,1.309224E-05,33.9255,0
2.2626,-1.107805E-05,33.939,0,2.2626,1.040665E-05,33.939,0
2.2635,-0.0001712062,33.9525,0,2.2635,0.0001520714,33.9525,0
2.2644,-0.0002259251,33.966,0,2.2644,0.0001467002,33.966,0
2.2653,2.081331E-05,33.9795,0,2.2653,2.081331E-05,33.9795,0
2.2662,0.0002010834,33.993,0,2.2662,1.577783E-05,33.993,0
2.2671,5.035477E-06,34.0065,0,2.2671,-7.956054E-05,34.0065,0
2.268,1.007095E-05,34.02,0,2.268,-0.0001295796,34.02,0
2.2689,8.258183E-05,34.0335,0,2.2689,-0.0001373007,34.0335,0
2.2698,8.023193E-05,34.047,0,2.2698,-7.553216E-05,34.047,0
2.2707,4.263371E-05,34.0605,0,2.2707,0.0001675135,34.0605,0
2.2716,-1.007095E-06,34.074,0,2.2716,0.0001003738,34.074,0
2.2725,-3.256275E-05,34.0875,0,2.2725,-2.18204E-05,34.0875,0
2.2734,9.735256E-06,34.101,0,2.2734,-7.385367E-06,34.101,0
2.2743,4.733349E-05,34.1145,0,2.2743,4.229801E-05,34.1145,0
2.2752,0.0001171588,34.128,0,2.2752,5.337606E-05,34.128,0
2.2761,0.0002333104,34.1415,0,2.2761,-4.599069E-05,34.1415,0
2.277,0.0001426719,34.155,0,2.277,-4.33051E-05,34.155,0
2.2779,5.001907E-05,34.1685,0,2.2779,-2.618448E-05,34.1685,0
2.2788,8.82887E-05,34.182,0,2.2788,-7.553216E-05,34.182,0
2.2797,0.0001174945,34.1955,0,2.2797,-3.927672E-05,34.1955,0
2.2806,4.867628E-05,34.209,0,2.2806,6.478981E-05,34.209,0
2.2815,-9.063859E-05,34.2225,0,2.2815,9.063859E-06,34.2225,0
2.2824,-7.385367E-05,34.236,0,2.2824,3.189136E-05,34.236,0
2.2833,-3.189136E-05,34.2495,0,2.2833,-0.0001748989,34.2495,0
2.2842,-0.0001537499,34.263,0,2.2842,-0.0001883268,34.263,0
2.2851,-0.0002218967,34.2765,0,2.2851,-0.0001534142,34.2765,0
2.286,-9.063859E-05,34.29,0,2.286,-0.000154757,34.29,0
2.2869,5.035477E-06,34.3035,0,2.2869,6.378271E-06,34.3035,0
2.2878,-2.987716E-05,34.317,0,2.2878,0.000144686,34.317,0
2.2887,2.450599E-05,34.3305,0,2.2887,0.0001003738,34.3305,0
2.2896,5.035477E-06,34.344,0,2.2896,3.457694E-05,34.344,0
2.2905,-0.0001154803,34.3575,0,2.2905,1.980621E-05,34.3575,0
2.2914,-7.888914E-05,34.371,0,2.2914,-3.457694E-05,34.371,0
2.2923,1.443504E-05,34.3845,0,2.2923,-7.687495E-05,34.3845,0
2.2932,-9.063859E-05,34.398,0,2.2932,-4.229801E-05,34.398,0
2.2941,-0.0001752346,34.4115,0,2.2941,-4.028382E-05,34.4115,0
2.295,-0.0001537499,34.425,0,2.295,-7.653925E-05,34.425,0
2.2959,-0.0001487144,34.4385,0,2.2959,-5.807584E-05,34.4385,0
2.2968,-3.659113E-05,34.452,0,2.2968,-7.418937E-05,34.452,0
2.2977,1.980621E-05,34.4655,0,2.2977,-8.023193E-05,34.4655,0
2.2986,-0.0001044022,34.479,0,2.2986,-8.090334E-05,34.479,0
2.2995,-6.210422E-05,34.4925,0,2.2995,-0.0001339437,34.4925,0
2.3004,3.054856E-05,34.506,0,2.3004,-0.0001654994,34.506,0
2.3013,-0.0001467002,34.5195,0,2.3013,-3.659113E-05,34.5195,0
2.3022,-9.903105E-05,34.533,0,2.3022,4.901198E-05,34.533,0
2.3031,-1.544213E-05,34.5465,0,2.3031,6.57969E-05,34.5465,0
2.304,-0.0001074235,34.56,0,2.304,0.0001201801,34.56,0
2.3049,-0.0001265583,34.5735,0,2.3049,8.761731E-05,34.5735,0
2.3058,1.544213E-05,34.587,0,2.3058,4.599069E-05,34.587,0
2.3067,5.471885E-05,34.6005,0,2.3067,2.450599E-05,34.6005,0
2.3076,-8.426032E-05,34.614,0,2.3076,-7.721065E-06,34.614,0
2.3085,-3.323415E-05,34.6275,0,2.3085,-3.894102E-05,34.6275,0
2.3094,6.478981E-05,34.641,0,2.3094,3.424125E-05,34.641,0
2.3103,1.208515E-05,34.6545,0,2.3103,3.692683E-06,34.6545,0
2.3112,-3.692683E-06,34.668,0,2.3112,5.035477E-06,34.668,0
2.3121,-2.584878E-05,34.6815,0,2.3121,-8.493171E-05,34.6815,0
2.313,-7.116808E-05,34.695,0,2.313,-5.841154E-05,34.695,0
2.3139,-1.644922E-05,34.7085,0,2.3139,-7.989624E-05,34.7085,0
2.3148,-3.692683E-06,34.722,0,2.3148,-8.493171E-05,34.722,0
2.3157,4.699779E-06,34.7355,0,2.3157,-9.500267E-05,34.7355,0
2.3166,0.0001500572,34.749,0,2.3166,-0.000109102,34.749,0
2.3175,-4.36408E-06,34.7625,0,2.3175,4.766919E-05,34.7625,0
2.3184,-0.000148043,34.776,0,2.3184,6.881819E-05,34.776,0
2.3193,-0.0001070878,34.7895,0,2.3193,9.970245E-05,34.7895,0
2.3202,3.692683E-05,34.803,0,2.3202,0.0002225681,34.803,0
2.3211,0.0001258869,34.8165,0,2.3211,0.0001188373,34.8165,0
2.322,7.888914E-05,34.83,0,2.322,7.049668E-06,34.83,0
2.3229,4.867628E-05,34.8435,0,2.3229,-1.242084E-05,34.8435,0
2.3238,7.418937E-05,34.857,0,2.3238,-7.284657E-05,34.857,0
2.3247,6.51255E-05,34.8705,0,2.3247,3.659113E-05,34.8705,0
2.3256,8.426032E-05,34.884,0,2.3256,0.0001876554,34.884,0
2.3265,0.0001107805,34.8975,0,2.3265,6.57969E-05,34.8975,0
2.3274,7.049668E-05,34.911,0,2.3274,-4.196231E-05,34.911,0
2.3283,-3.524834E-05,34.9245,0,2.3283,-3.625543E-05,34.9245,0
2.3292,1.007095E-05,34.938,0,2.3292,-4.599069E-05,34.938,0
2.3301,0.0001379721,34.9515,0,2.3301,-5.639734E-05,34.9515,0
2.331,-7.016098E-05,34.965,0,2.331,1.443504E-05,34.965,0
2.3319,-0.000154757,34.9785,0,2.3319,-2.954147E-05,34.9785,0
2.3328,-4.39765E-05,34.992,0,2.3328,-8.761731E-05,34.992,0
2.3337,-3.659113E-05,35.0055,0,2.3337,-0.0001292439,35.0055,0
2.3346,-0.0001205158,35.019,0,2.3346,-5.941863E-05,35.019,0
2.3355,-9.735256E-06,35.0325,0,2.3355,-2.450599E-05,35.0325,0
2.3364,4.666209E-05,35.046,0,2.3364,1.443504E-05,35.046,0
2.3373,6.143282E-05,35.0595,0,2.3373,7.721065E-06,35.0595,0
2.3382,0.0002171969,35.073,0,2.3382,2.819867E-05,35.073,0
2.3391,0.0002923934,35.0865,0,2.3391,1.007095E-05,35.0865,0
2.34,0.0002252537,35.1,0,2.34,-0.0001641566,35.1,0
2.3409,9.198138E-05,35.1135,0,2.3409,-0.0002155184,35.1135,0
2.3418,3.390555E-05,35.127,0,2.3418,-6.74754E-05,35.127,0
2.3427,7.351797E-05,35.1405,0,2.3427,-3.189136E-05,35.1405,0
2.3436,0.0001688563,35.154,0,2.3436,-3.994812E-05,35.154,0
2.3445,5.505455E-05,35.1675,0,2.3445,6.478981E-05,35.1675,0
2.3454,-8.89601E-05,35.181,0,2.3454,9.399558E-06,35.181,0
2.3463,-8.761731E-05,35.1945,0,2.3463,-6.210422E-05,35.1945,0
2.3472,-1.040665E-05,35.208,0,2.3472,7.049668E-06,35.208,0
2.3481,-0.0001221943,35.2215,0,2.3481,6.411841E-05,35.2215,0
2.349,-9.198138E-05,35.235,0,2.349,8.392462E-06,35.235,0
2.3499,-6.042573E-06,35.2485,0,2.3499,-2.349889E-06,35.2485,0
2.3508,3.726253E-05,35.262,0,2.3508,-2.316319E-05,35.262,0
2.3517,5.874724E-05,35.2755,0,2.3517,7.385367E-06,35.2755,0
2.3526,1.947051E-05,35.289,0,2.3526,4.733349E-05,35.289,0
2.3535,5.606165E-05,35.3025,0,2.3535,9.903105E-05,35.3025,0
2.3544,1.309224E-05,35.316,0,2.3544,0.0001010452,35.316,0
2.3553,-9.433127E-05,35.3295,0,2.3553,7.553216E-05,35.3295,0
2.3562,-5.069047E-05,35.343,0,2.3562,2.685588E-06,35.343,0
2.3571,-1.007095E-06,35.3565,0,2.3571,-7.653925E-05,35.3565,0
2.358,-8.224613E-05,35.37,0,2.358,-2.584878E-05,35.37,0
2.3589,-6.478981E-05,35.3835,0,2.3589,-7.150377E-05,35.3835,0
2.3598,-5.001907E-05,35.397,0,2.3598,-0.0001107805,35.397,0
2.3607,-6.042573E-05,35.4105,0,2.3607,-6.881819E-05,35.4105,0
2.3616,-6.61326E-05,35.424,0,2.3616,-3.860533E-05,35.424,0
2.3625,-6.378271E-06,35.4375,0,2.3625,-2.652018E-05,35.4375,0
2.3634,-9.063859E-06,35.451,0,2.3634,-6.277562E-05,35.451,0
2.3643,-2.047761E-05,35.4645,0,2.3643,-0.0001668421,35.4645,0
2.3652,-7.721065E-06,35.478,0,2.3652,-0.0001332723,35.478,0
2.3661,-0.0001033951,35.4915,0,2.3661,-7.049668E-06,35.4915,0
2.367,-5.270466E-05,35.505,0,2.367,-9.701686E-05,35.505,0
2.3679,2.551309E-05,35.5185,0,2.3679,-0.0002403601,35.5185,0
2.3688,-0.0001080949,35.532,0,2.3688,-0.0001772488,35.532,0
2.3697,-0.0001376364,35.5455,0,2.3697,-0.000172549,35.5455,0
2.3706,-2.081331E-05,35.559,0,2.3706,-0.000197055,35.559,0
2.3715,-0.0001225299,35.5725,0,2.3715,-0.000154757,35.5725,0
2.3724,-2.14847E-05,35.586,0,2.3724,-5.807584E-05,35.586,0
2.3733,7.721065E-05,35.5995,0,2.3733,1.980621E-05,35.5995,0
2.3742,-4.39765E-05,35.613,0,2.3742,9.298848E-05,35.613,0
2.3751,-8.258183E-05,35.6265,0,2.3751,6.948959E-05,35.6265,0
2.376,-6.378271E-05,35.64,0,2.376,-3.054856E-05,35.64,0
2.3769,8.392462E-06,35.6535,0,2.3769,1.208515E-05,35.6535,0
2.3778,-2.1149E-05,35.667,0,2.3778,1.947051E-05,35.667,0
2.3787,-3.121996E-05,35.6805,0,2.3787,8.224613E-05,35.6805,0
2.3796,-7.150377E-05,35.694,0,2.3796,8.69459E-05,35.694,0
2.3805,-1.544213E-05,35.7075,0,2.3805,3.793393E-05,35.7075,0
2.3814,0.0001211871,35.721,0,2.3814,2.24918E-05,35.721,0
2.3823,2.24918E-05,35.7345,0,2.3823,8.82887E-05,35.7345,0
2.3832,-9.198138E-05,35.748,0,2.3832,7.721065E-05,35.748,0
2.3841,8.258183E-05,35.7615,0,2.3841,-8.056763E-06,35.7615,0
2.385,4.666209E-05,35.775,0,2.385,6.6804E-05,35.775,0
2.3859,-5.438316E-05,35.7885,0,2.3859,-7.049668E-06,35.7885,0
2.3868,3.323415E-05,35.802,0,2.3868,-0.0001040665,35.802,0
2.3877,0.0001943694,35.8155,0,2.3877,3.692683E-06,35.8155,0
2.3886,5.706874E-06,35.829,0,2.3886,4.733349E-05,35.829,0
2.3895,-7.284657E-05,35.8425,0,2.3895,-4.666209E-05,35.8425,0
2.3904,3.457694E-05,35.856,0,2.3904,-2.1149E-05,35.856,0
2.3913,0.0001312581,35.8695,0,2.3913,-2.014191E-05,35.8695,0
2.3922,8.761731E-05,35.883,0,2.3922,5.539025E-05,35.883,0
2.3931,0.0001500572,35.8965,0,2.3931,5.438316E-05,35.8965,0
2.394,0.0002584878,35.91,0,2.394,-3.625543E-05,35.91,0
2.3949,0.0002205539,35.9235,0,2.3949,-0.000115816,35.9235,0
2.3958,-5.706874E-06,35.937,0,2.3958,-2.786297E-05,35.937,0
2.3967,-0.0001171588,35.9505,0,2.3967,-3.054856E-05,35.9505,0
2.3976,-5.941863E-05,35.964,0,2.3976,-5.136187E-05,35.964,0
2.3985,-0.0001873197,35.9775,0,2.3985,1.309224E-05,35.9775,0
2.3994,-0.0001701991,35.991,0,2.3994,-5.035477E-06,35.991,0
2.4003,3.155566E-05,36.0045,0,2.4003,-9.869535E-05,36.0045,0
2.4012,-0.0001003738,36.018,0,2.4012,-0.0001242084,36.018,0
2.4021,-6.277562E-05,36.0315,0,2.4021,-0.0001628138,36.0315,0
2.403,5.001907E-05,36.045,0,2.403,-0.000158114,36.045,0
2.4039,-5.001907E-05,36.0585,0,2.4039,-8.191043E-05,36.0585,0
2.4048,-3.390555E-05,36.072,0,2.4048,-1.745632E-05,36.072,0
2.4057,-4.36408E-06,36.0855,0,2.4057,0.000130251,36.0855,0
2.4066,-9.970245E-05,36.099,0,2.4066,0.0001728847,36.099,0
2.4075,-0.0001003738,36.1125,0,2.4075,3.323415E-05,36.1125,0
2.4084,-6.478981E-05,36.126,0,2.4084,-7.217517E-05,36.126,0
2.4093,-0.000197055,36.1395,0,2.4093,3.121996E-05,36.1395,0
2.4102,-0.0001440146,36.153,0,2.4102,7.486076E-05,36.153,0
2.4111,-4.733349E-05,36.1665,0,2.4111,-0.0001010452,36.1665,0
2.412,-6.881819E-05,36.18,0,2.412,-7.049668E-05,36.18,0
2.4129,-7.385367E-05,36.1935,0,2.4129,-0.0001309224,36.1935,0
2.4138,6.54612E-05,36.207,0,2.4138,-0.0001514,36.207,0
2.4147,8.090334E-05,36.2205,0,2.4147,-8.82887E-05,36.2205,0
2.4156,-5.337606E-05,36.234,0,2.4156,-1.577783E-05,36.234,0
2.4165,-2.450599E-05,36.2475,0,2.4165,-1.443504E-05,36.2475,0
2.4174,4.46479E-05,36.261,0,2.4174,-3.390555E-05,36.261,0
2.4183,4.49836E-05,36.2745,0,2.4183,-1.745632E-05,36.2745,0
2.4192,1.913481E-05,36.288,0,2.4192,8.761731E-05,36.288,0
2.4201,-4.36408E-05,36.3015,0,2.4201,0.0001886625,36.3015,0
2.421,-2.920577E-05,36.315,0,2.421,0.0001138018,36.315,0
2.4219,5.673304E-05,36.3285,0,2.4219,3.927672E-05,36.3285,0
2.4228,1.242084E-05,36.342,0,2.4228,5.471885E-05,36.342,0
2.4237,-3.356985E-05,36.3555,0,2.4237,5.203327E-05,36.3555,0
2.4246,6.948959E-05,36.369,0,2.4246,1.913481E-05,36.369,0
2.4255,-4.028382E-06,36.3825,0,2.4255,9.903105E-05,36.3825,0
2.4264,1.812772E-05,36.396,0,2.4264,7.620356E-05,36.396,0
2.4273,8.560311E-05,36.4095,0,2.4273,3.894102E-05,36.4095,0
2.4282,9.063859E-05,36.423,0,2.4282,6.411841E-05,36.423,0
2.4291,1.409934E-05,36.4365,0,2.4291,2.047761E-05,36.4365,0
2.43,-2.450599E-05,36.45,0,2.43,-8.493171E-05,36.45,0
2.4309,-2.24918E-05,36.4635,0,2.4309,-5.807584E-05,36.4635,0
2.4318,5.136187E-05,36.477,0,2.4318,-8.157473E-05,36.477,0
2.4327,1.812772E-05,36.4905,0,2.4327,-2.383459E-05,36.4905,0
2.4336,-8.426032E-05,36.504,0,2.4336,4.632639E-05,36.504,0
2.4345,-8.392462E-06,36.5175,0,2.4345,-1.779202E-05,36.5175,0
2.4354,-1.174945E-05,36.531,0,2.4354,-7.217517E-05,36.531,0
2.4363,-0.0001722133,36.5445,0,2.4363,-3.961242E-05,36.5445,0
2.4372,-2.1149E-05,36.558,0,2.4372,-6.311131E-05,36.558,0
2.4381,9.600977E-05,36.5715,0,2.4381,-9.030289E-05,36.5715,0
2.439,-2.047761E-05,36.585,0,2.439,-1.107805E-05,36.585,0
2.4399,0.0001279011,36.5985,0,2.4399,-2.484169E-05,36.5985,0
2.4408,0.0001148089,36.612,0,2.4408,-9.231708E-05,36.612,0
2.4417,-2.450599E-05,36.6255,0,2.4417,-0.0001423362,36.6255,0
2.4426,-2.920577E-05,36.639,0,2.4426,-4.39765E-05,36.639,0
2.4435,-5.572595E-05,36.6525,0,2.4435,-0.0001456931,36.6525,0
2.4444,-8.090334E-05,36.666,0,2.4444,-0.0001530785,36.666,0
2.4453,2.1149E-05,36.6795,0,2.4453,-0.0001537499,36.6795,0
2.4462,-2.24918E-05,36.693,0,2.4462,-7.754635E-05,36.693,0
2.4471,-3.591974E-05,36.7065,0,2.4471,-5.539025E-05,36.7065,0
2.448,-2.853437E-05,36.72,0,2.448,-2.047761E-05,36.72,0
2.4489,4.46479E-05,36.7335,0,2.4489,-3.826963E-05,36.7335,0
2.4498,-2.21561E-05,36.747,0,2.4498,4.699779E-06,36.747,0
2.4507,-1.678492E-06,36.7605,0,2.4507,2.28275E-05,36.7605,0
2.4516,0.0001413291,36.774,0,2.4516,-4.36408E-06,36.774,0
2.4525,-1.577783E-05,36.7875,0,2.4525,0.0001678492,36.7875,0
2.4534,-0.0001487144,36.801,0,2.4534,1.980621E-05,36.801,0
2.4543,-4.229801E-05,36.8145,0,2.4543,-9.634547E-05,36.8145,0
2.4552,-1.242084E-05,36.828,0,2.4552,-9.500267E-05,36.828,0
2.4561,2.1149E-05,36.8415,0,2.4561,-0.0001514,36.8415,0
2.457,1.577783E-05,36.855,0,2.457,-4.766919E-05,36.855,0
2.4579,-5.136187E-05,36.8685,0,2.4579,6.378271E-05,36.8685,0
2.4588,5.069047E-05,36.882,0,2.4588,0.0001003738,36.882,0
2.4597,8.157473E-05,36.8955,0,2.4597,0.000144686,36.8955,0
2.4606,0.0001215228,36.909,0,2.4606,3.726253E-05,36.909,0
2.4615,0.0001829557,36.9225,0,2.4615,-1.107805E-05,36.9225,0
2.4624,0.0001889983,36.936,0,2.4624,-1.309224E-05,36.936,0
2.4633,3.726253E-05,36.9495,0,2.4633,1.309224E-05,36.9495,0
2.4642,-1.208515E-05,36.963,0,2.4642,2.551309E-05,36.963,0
2.4651,3.961242E-05,36.9765,0,2.4651,2.752728E-05,36.9765,0
2.466,-1.409934E-05,36.99,0,2.466,4.733349E-05,36.99,0
2.4669,1.007095E-06,37.0035,0,2.4669,4.39765E-05,37.0035,0
2.4678,2.652018E-05,37.017,0,2.4678,-4.36408E-06,37.017,0
2.4687,-7.888914E-05,37.0305,0,2.4687,-3.524834E-05,37.0305,0
2.4696,-0.0001799344,37.044,0,2.4696,-3.390555E-05,37.044,0
2.4705,-0.0001950408,37.0575,0,2.4705,-7.586786E-05,37.0575,0
2.4714,-0.0001742275,37.071,0,2.4714,-9.970245E-05,37.071,0
2.4723,-6.378271E-05,37.0845,0,2.4723,-2.786297E-05,37.0845,0
2.4732,-2.349889E-06,37.098,0,2.4732,7.721065E-05,37.098,0
2.4741,-8.96315E-05,37.1115,0,2.4741,-5.807584E-05,37.1115,0
2.475,-4.766919E-05,37.125,0,2.475,-0.0001282368,37.125,0
2.4759,3.155566E-05,37.1385,0,2.4759,-0.0001188373,37.1385,0
2.4768,-0.000126894,37.152,0,2.4768,-4.39765E-05,37.152,0
2.4777,-0.0001003738,37.1655,0,2.4777,-5.539025E-05,37.1655,0
2.4786,2.551309E-05,37.179,0,2.4786,-0.0001131304,37.179,0
2.4795,-2.047761E-05,37.1925,0,2.4795,1.007095E-05,37.1925,0
2.4804,7.284657E-05,37.206,0,2.4804,7.385367E-06,37.206,0
2.4813,0.0001393149,37.2195,0,2.4813,-2.685588E-05,37.2195,0
2.4822,-5.471885E-05,37.233,0,2.4822,-6.881819E-05,37.233,0
2.4831,-0.0001654994,37.2465,0,2.4831,-4.867628E-05,37.2465,0
2.484,-7.150377E-05,37.26,0,2.484,1.846342E-05,37.26,0
2.4849,4.39765E-05,37.2735,0,2.4849,6.378271E-06,37.2735,0
2.4858,3.726253E-05,37.287,0,2.4858,-1.846342E-05,37.287,0
2.4867,7.721065E-06,37.3005,0,2.4867,-3.356985E-07,37.3005,0
2.4876,1.040665E-05,37.314,0,2.4876,-3.088426E-05,37.314,0
2.4885,-9.063859E-06,37.3275,0,2.4885,-4.33051E-05,37.3275,0
2.4894,1.275654E-05,37.341,0,2.4894,-6.478981E-05,37.341,0
2.4903,-9.298848E-05,37.3545,0,2.4903,2.719158E-05,37.3545,0
2.4912,-0.0001530785,37.368,0,2.4912,9.332418E-05,37.368,0
2.4921,-5.035477E-06,37.3815,0,2.4921,-3.021286E-06,37.3815,0
2.493,-1.510643E-05,37.395,0,2.493,1.812772E-05,37.395,0
2.4939,-0.0001003738,37.4085,0,2.4939,7.049668E-05,37.4085,0
2.4948,-2.618448E-05,37.422,0,2.4948,2.1149E-05,37.422,0
2.4957,5.673304E-05,37.4355,0,2.4957,-4.095522E-05,37.4355,0
2.4966,-8.92958E-05,37.449,0,2.4966,-4.061952E-05,37.449,0
2.4975,4.666209E-05,37.4625,0,2.4975,-7.385367E-05,37.4625,0
2.4984,0.0001638209,37.476,0,2.4984,-6.042573E-05,37.476,0
2.4993,0.0001540856,37.4895,0,2.4993,-1.242084E-05,37.4895,0
2.5002,4.36408E-06,37.503,0,2.5002,2.685588E-06,37.503,0
2.5011,-0.0001453574,37.5165,0,2.5011,-8.728161E-06,37.5165,0
2.502,-4.901198E-05,37.53,0,2.502,-3.323415E-05,37.53,0
2.5029,-5.001907E-05,37.5435,0,2.5029,-5.606165E-05,37.5435,0
2.5038,-0.0001131304,37.557,0,2.5038,-3.927672E-05,37.557,0
2.5047,-7.888914E-05,37.5705,0,2.5047,-5.673304E-05,37.5705,0
2.5056,7.284657E-05,37.584,0,2.5056,-2.081331E-05,37.584,0
2.5065,2.18204E-05,37.5975,0,2.5065,7.284657E-05,37.5975,0
2.5074,0.0001621424,37.611,0,2.5074,1.510643E-05,37.611,0
2.5083,0.0002628519,37.6245,0,2.5083,-4.901198E-05,37.6245,0
2.5092,0.0001587854,37.638,0,2.5092,3.256275E-05,37.638,0
2.5101,5.539025E-05,37.6515,0,2.5101,6.74754E-05,37.6515,0
2.511,1.846342E-05,37.665,0,2.511,6.042573E-06,37.665,0
2.5119,-3.860533E-05,37.6785,0,2.5119,4.061952E-05,37.6785,0
2.5128,4.800488E-05,37.692,0,2.5128,1.342794E-05,37.692,0
2.5137,-3.390555E-05,37.7055,0,2.5137,1.678492E-05,37.7055,0
2.5146,-0.0001178302,37.719,0,2.5146,8.325322E-05,37.719,0
2.5155,-1.477073E-05,37.7325,0,2.5155,6.948959E-05,37.7325,0
2.5164,3.088426E-05,37.746,0,2.5164,4.800488E-05,37.746,0
2.5173,-0.0001080949,37.7595,0,2.5173,8.291753E-05,37.7595,0
2.5182,-5.673304E-05,37.773,0,2.5182,-3.356985E-07,37.773,0
2.5191,0.0001195087,37.7865,0,2.5191,-0.0001144732,37.7865,0
2.52,4.766919E-05,37.8,0,2.52,-4.766919E-05,37.8,0
2.5209,-8.761731E-05,37.8135,0,2.5209,3.961242E-05,37.8135,0
2.5218,-1.712062E-05,37.827,0,2.5218,7.754635E-05,37.827,0
2.5227,5.270466E-05,37.8405,0,2.5227,0.0001258869,37.8405,0
2.5236,-3.390555E-05,37.854,0,2.5236,5.304036E-05,37.854,0
2.5245,3.726253E-05,37.8675,0,2.5245,-8.526741E-05,37.8675,0
2.5254,-1.242084E-05,37.881,0,2.5254,-0.0002239109,37.881,0
2.5263,1.644922E-05,37.8945,0,2.5263,-0.000161471,37.8945,0
2.5272,-2.786297E-05,37.908,0,2.5272,-7.721065E-06,37.908,0
2.5281,-0.000133608,37.9215,0,2.5281,6.311131E-05,37.9215,0
2.529,-4.33051E-05,37.935,0,2.529,1.409934E-05,37.935,0
2.5299,0.0001688563,37.9485,0,2.5299,-8.392462E-06,37.9485,0
2.5308,0.0001685206,37.962,0,2.5308,1.208515E-05,37.962,0
2.5317,8.224613E-05,37.9755,0,2.5317,-9.265278E-05,37.9755,0
2.5326,0.0001383078,37.989,0,2.5326,-0.0001117876,37.989,0
2.5335,-3.021286E-06,38.0025,0,2.5335,-4.834058E-05,38.0025,0
2.5344,-3.256275E-05,38.016,0,2.5344,-7.452507E-05,38.016,0
2.5353,-1.510643E-05,38.0295,0,2.5353,-0.0001409934,38.0295,0
2.5362,1.980621E-05,38.043,0,2.5362,-9.298848E-05,38.043,0
2.5371,-9.433127E-05,38.0565,0,2.5371,-5.941863E-05,38.0565,0
2.538,-0.0001215228,38.07,0,2.538,-5.807584E-05,38.07,0
2.5389,-3.591974E-05,38.0835,0,2.5389,1.007095E-06,38.0835,0
2.5398,8.560311E-05,38.097,0,2.5398,-2.450599E-05,38.097,0
2.5407,0.0001379721,38.1105,0,2.5407,-4.129091E-05,38.1105,0
2.5416,-4.263371E-05,38.124,0,2.5416,-8.291753E-05,38.124,0
2.5425,-8.392462E-06,38.1375,0,2.5425,-0.0001080949,38.1375,0
2.5434,9.735256E-06,38.151,0,2.5434,-3.927672E-05,38.151,0
2.5443,-0.0001279011,38.1645,0,2.5443,2.920577E-05,38.1645,0
2.5452,-7.754635E-05,38.178,0,2.5452,-0.0001349508,38.178,0
2.5461,5.606165E-05,38.1915,0,2.5461,-0.0001802701,38.1915,0
2.547,-6.411841E-05,38.205,0,2.547,-0.0001131304,38.205,0
2.5479,-1.947051E-05,38.2185,0,2.5479,-0.0001990692,38.2185,0
2.5488,9.164568E-05,38.232,0,2.5488,-0.0001352865,38.232,0
2.5497,0.0001661708,38.2455,0,2.5497,0.0001060807,38.2455,0
2.5506,7.553216E-05,38.259,0,2.5506,0.000340734,38.259,0
2.5515,-1.947051E-05,38.2725,0,2.5515,0.0002232395,38.2725,0
2.5524,-8.023193E-05,38.286,0,2.5524,9.869535E-05,38.286,0
2.5533,-3.994812E-05,38.2995,0,2.5533,9.164568E-05,38.2995,0
2.5542,-5.471885E-05,38.313,0,2.5542,7.217517E-05,38.313,0
2.5551,-0.0001708705,38.3265,0,2.5551,9.399558E-06,38.3265,0
2.556,-0.0001722133,38.34,0,2.556,-6.277562E-05,38.34,0
2.5569,-7.956054E-05,38.3535,0,2.5569,-9.600977E-05,38.3535,0
2.5578,-0.000148043,38.367,0,2.5578,-4.229801E-05,38.367,0
2.5587,-7.150377E-05,38.3805,0,2.5587,-8.191043E-05,38.3805,0
2.5596,0.0001524071,38.394,0,2.5596,-0.0001332723,38.394,0
2.5605,1.577783E-05,38.4075,0,2.5605,-9.365987E-05,38.4075,0
2.5614,-1.443504E-05,38.421,0,2.5614,-0.0001910124,38.421,0
2.5623,4.599069E-05,38.4345,0,2.5623,-0.0003236133,38.4345,0
2.5632,2.584878E-05,38.448,0,2.5632,-0.0003746395,38.448,0
2.5641,-0.0001819486,38.4615,0,2.5641,-0.0002934005,38.4615,0
2.565,-3.994812E-05,38.475,0,2.565,-0.0001715419,38.475,0
2.5659,0.0001497215,38.4885,0,2.5659,-1.879912E-05,38.4885,0
2.5668,9.970245E-05,38.502,0,2.5668,7.183947E-05,38.502,0
2.5677,2.853437E-05,38.5155,0,2.5677,0.000252781,38.5155,0
2.5686,-3.323415E-05,38.529,0,2.5686,0.000285008,38.529,0
2.5695,-8.157473E-05,38.5425,0,2.5695,0.0002615091,38.5425,0
2.5704,-0.000105745,38.556,0,2.5704,0.0001460288,38.556,0
2.5713,-0.0002168612,38.5695,0,2.5713,0.0001742275,38.5695,0
2.5722,-0.0002171969,38.583,0,2.5722,0.000197055,38.583,0
2.5731,-0.0001225299,38.5965,0,2.5731,9.500267E-05,38.5965,0
2.574,-9.198138E-05,38.61,0,2.574,9.567407E-05,38.61,0
2.5749,-1.007095E-05,38.6235,0,2.5749,6.881819E-05,38.6235,0
2.5758,0.0001362936,38.637,0,2.5758,-8.056763E-06,38.637,0
2.5767,0.0002339818,38.6505,0,2.5767,-2.517739E-05,38.6505,0
2.5776,0.0001013809,38.664,0,2.5776,-0.0001413291,38.664,0
2.5785,-4.263371E-05,38.6775,0,2.5785,-0.0001775845,38.6775,0
2.5794,-7.217517E-05,38.691,0,2.5794,-0.000161471,38.691,0
2.5803,-1.443504E-05,38.7045,0,2.5803,-0.0001560998,38.7045,0
2.5812,-5.337606E-05,38.718,0,2.5812,-4.766919E-05,38.718,0
2.5821,-7.553216E-05,38.7315,0,2.5821,1.174945E-05,38.7315,0
2.583,-1.510643E-05,38.745,0,2.583,5.203327E-05,38.745,0
2.5839,-4.162661E-05,38.7585,0,2.5839,3.021286E-05,38.7585,0
2.5848,-9.835965E-05,38.772,0,2.5848,2.887007E-05,38.772,0
2.5857,-3.054856E-05,38.7855,0,2.5857,-5.304036E-05,38.7855,0
2.5866,-4.36408E-06,38.799,0,2.5866,-0.0001292439,38.799,0
2.5875,-9.970245E-05,38.8125,0,2.5875,-6.881819E-05,38.8125,0
2.5884,-6.277562E-05,38.826,0,2.5884,-6.210422E-05,38.826,0
2.5893,3.659113E-05,38.8395,0,2.5893,-0.0001131304,38.8395,0
2.5902,-3.659113E-05,38.853,0,2.5902,-0.0001621424,38.853,0
2.5911,-0.0001560998,38.8665,0,2.5911,-0.0001201801,38.8665,0
2.592,-7.721065E-05,38.88,0,2.592,-5.505455E-05,38.88,0
2.5929,-4.263371E-05,38.8935,0,2.5929,0.0001131304,38.8935,0
2.5938,-4.36408E-05,38.907,0,2.5938,0.0001104448,38.907,0
2.5947,5.035477E-06,38.9205,0,2.5947,7.754635E-05,38.9205,0
2.5956,-2.652018E-05,38.934,0,2.5956,5.774014E-05,38.934,0
2.5965,7.150377E-05,38.9475,0,2.5965,-8.728161E-06,38.9475,0
2.5974,0.0001295796,38.961,0,2.5974,-5.471885E-05,38.961,0
2.5983,-4.49836E-05,38.9745,0,2.5983,4.36408E-06,38.9745,0
2.5992,9.063859E-06,38.988,0,2.5992,-1.107805E-05,38.988,0
2.6001,0.0001319295,39.0015,0,2.6001,-7.620356E-05,39.0015,0
2.601,-2.24918E-05,39.015,0,2.601,1.745632E-05,39.015,0
2.6019,-6.848249E-05,39.0285,0,2.6019,-5.706874E-06,39.0285,0
2.6028,1.275654E-05,39.042,0,2.6028,-7.284657E-05,39.042,0
2.6037,-2.517739E-05,39.0555,0,2.6037,-4.36408E-05,39.0555,0
2.6046,-0.0002000763,39.069,0,2.6046,-7.016098E-05,39.069,0
2.6055,-0.0001185016,39.0825,0,2.6055,9.735256E-06,39.0825,0
2.6064,9.735256E-06,39.096,0,2.6064,-9.399557E-05,39.096,0
2.6073,-9.903105E-05,39.1095,0,2.6073,-0.0003246204,39.1095,0
2.6082,-0.0001050736,39.123,0,2.6082,-3.826963E-05,39.123,0
2.6091,2.383459E-05,39.1365,0,2.6091,0.0001715419,39.1365,0
2.61,0.0002863508,39.15,0,2.61,0.0002722515,39.15,0
2.6109,0.0003615473,39.1635,0,2.6109,0.0001138018,39.1635,0
2.6118,0.0002467384,39.177,0,2.6118,6.009003E-05,39.177,0
2.6127,0.000186984,39.1905,0,2.6127,4.129091E-05,39.1905,0
2.6136,0.0002175326,39.204,0,2.6136,8.392462E-06,39.204,0
2.6145,0.0001017166,39.2175,0,2.6145,1.510643E-05,39.2175,0
2.6154,0.0001587854,39.231,0,2.6154,-4.43122E-05,39.231,0
2.6163,0.0001010452,39.2445,0,2.6163,-0.0001077592,39.2445,0
2.6172,1.107805E-05,39.258,0,2.6172,-5.471885E-05,39.258,0
2.6181,-8.157473E-05,39.2715,0,2.6181,-3.524834E-05,39.2715,0
2.619,-2.584878E-05,39.285,0,2.619,-1.174945E-05,39.285,0
2.6199,-3.860533E-05,39.2985,0,2.6199,-6.848249E-05,39.2985,0
2.6208,1.980621E-05,39.312,0,2.6208,-0.000200412,39.312,0
2.6217,-1.242084E-05,39.3255,0,2.6217,-0.0001456931,39.3255,0
2.6226,-9.097429E-05,39.339,0,2.6226,-9.533837E-05,39.339,0
2.6235,-1.309224E-05,39.3525,0,2.6235,-0.0001211871,39.3525,0
2.6244,-4.565499E-05,39.366,0,2.6244,-9.164568E-05,39.366,0
2.6253,-0.0001769131,39.3795,0,2.6253,-1.208515E-05,39.3795,0
2.6262,-0.0001084306,39.393,0,2.6262,3.860533E-05,39.393,0
2.6271,6.378271E-05,39.4065,0,2.6271,7.049668E-06,39.4065,0
2.628,-6.948959E-05,39.42,0,2.628,3.826963E-05,39.42,0
2.6289,-0.0001248798,39.4335,0,2.6289,-3.088426E-05,39.4335,0
2.6298,2.920577E-05,39.447,0,2.6298,-5.673304E-05,39.447,0
2.6307,3.457694E-05,39.4605,0,2.6307,3.323415E-05,39.4605,0
2.6316,-1.913481E-05,39.474,0,2.6316,6.814679E-05,39.474,0
2.6325,7.217517E-05,39.4875,0,2.6325,8.96315E-05,39.4875,0
2.6334,-1.712062E-05,39.501,0,2.6334,0.0001017166,39.501,0
2.6343,4.834058E-05,39.5145,0,2.6343,8.426032E-05,39.5145,0
2.6352,7.553216E-05,39.528,0,2.6352,8.459602E-05,39.528,0
2.6361,-4.39765E-05,39.5415,0,2.6361,6.57969E-05,39.5415,0
2.637,3.961242E-05,39.555,0,2.637,1.980621E-05,39.555,0
2.6379,4.632639E-05,39.5685,0,2.6379,-2.584878E-05,39.5685,0
2.6388,-3.121996E-05,39.582,0,2.6388,5.035477E-06,39.582,0
2.6397,-8.224613E-05,39.5955,0,2.6397,4.632639E-05,39.5955,0
2.6406,2.1149E-05,39.609,0,2.6406,4.632639E-05,39.609,0
2.6415,-5.706874E-06,39.6225,0,2.6415,6.378271E-06,39.6225,0
2.6424,2.316319E-05,39.636,0,2.6424,-1.947051E-05,39.636,0
2.6433,8.426032E-05,39.6495,0,2.6433,2.853437E-05,39.6495,0
2.6442,-5.606165E-05,39.663,0,2.6442,-4.867628E-05,39.663,0
2.6451,-0.0001312581,39.6765,0,2.6451,-6.076142E-05,39.6765,0
2.646,-5.539025E-05,39.69,0,2.646,-3.054856E-05,39.69,0
2.6469,-4.129091E-05,39.7035,0,2.6469,-4.229801E-05,39.7035,0
2.6478,-6.814679E-05,39.717,0,2.6478,-8.627451E-05,39.717,0
2.6487,-2.21561E-05,39.7305,0,2.6487,-6.57969E-05,39.7305,0
2.6496,-1.141375E-05,39.744,0,2.6496,-7.016098E-05,39.744,0
2.6505,3.927672E-05,39.7575,0,2.6505,-7.183947E-05,39.7575,0
2.6514,6.076142E-05,39.771,0,2.6514,2.383459E-05,39.771,0
2.6523,-1.913481E-05,39.7845,0,2.6523,8.560311E-05,39.7845,0
2.6532,5.270466E-05,39.798,0,2.6532,3.323415E-05,39.798,0
2.6541,0.0001151446,39.8115,0,2.6541,-2.551309E-05,39.8115,0
2.655,-7.016098E-05,39.825,0,2.655,8.023193E-05,39.825,0
2.6559,-0.0001138018,39.8385,0,2.6559,0.0001010452,39.8385,0
2.6568,-6.881819E-05,39.852,0,2.6568,-6.378271E-06,39.852,0
2.6577,3.256275E-05,39.8655,0,2.6577,2.853437E-05,39.8655,0
2.6586,-3.155566E-05,39.879,0,2.6586,5.270466E-05,39.879,0
2.6595,-6.277562E-05,39.8925,0,2.6595,-1.275654E-05,39.8925,0
2.6604,-6.51255E-05,39.906,0,2.6604,-7.385367E-06,39.906,0
2.6613,-4.33051E-05,39.9195,0,2.6613,-9.164568E-05,39.9195,0
2.6622,-5.572595E-05,39.933,0,2.6622,-0.0001658351,39.933,0
2.6631,-6.948959E-05,39.9465,0,2.6631,-0.0001030594,39.9465,0
2.664,-3.591974E-05,39.96,0,2.664,-0.0001248798,39.96,0
2.6649,8.157473E-05,39.9735,0,2.6649,-9.533837E-05,39.9735,0
2.6658,2.551309E-05,39.987,0,2.6658,-6.814679E-05,39.987,0
2.6667,9.936675E-05,40.0005,0,2.6667,-9.399557E-05,40.0005,0
2.6676,0.0001748989,40.014,0,2.6676,-0.0001027237,40.014,0
2.6685,-6.948959E-05,40.0275,0,2.6685,7.217517E-05,40.0275,0
2.6694,-0.0001379721,40.041,0,2.6694,4.800488E-05,40.041,0
2.6703,-4.061952E-05,40.0545,0,2.6703,-0.0001017166,40.0545,0
2.6712,-0.0002094759,40.068,0,2.6712,-0.0001906767,40.068,0
2.6721,-0.0002769512,40.0815,0,2.6721,-0.0001567712,40.0815,0
2.673,-0.0001178302,40.095,0,2.673,-2.18204E-05,40.095,0
2.6739,-7.351797E-05,40.1085,0,2.6739,-3.692683E-06,40.1085,0
2.6748,-2.786297E-05,40.122,0,2.6748,-1.712062E-05,40.122,0
2.6757,-7.721065E-06,40.1355,0,2.6757,0.0001352865,40.1355,0
2.6766,-2.685588E-06,40.149,0,2.6766,0.0001963836,40.149,0
2.6775,-5.236896E-05,40.1625,0,2.6775,6.78111E-05,40.1625,0
2.6784,2.752728E-05,40.176,0,2.6784,4.36408E-06,40.176,0
2.6793,-9.399558E-06,40.1895,0,2.6793,3.826963E-05,40.1895,0
2.6802,-5.807584E-05,40.203,0,2.6802,4.53193E-05,40.203,0
2.6811,6.64683E-05,40.2165,0,2.6811,-2.987716E-05,40.2165,0
2.682,6.344701E-05,40.23,0,2.682,5.337606E-05,40.23,0
2.6829,0.000115816,40.2435,0,2.6829,3.927672E-05,40.2435,0
2.6838,0.0001540856,40.257,0,2.6838,-8.761731E-05,40.257,0
2.6847,6.6804E-05,40.2705,0,2.6847,1.611353E-05,40.2705,0
2.6856,7.217517E-05,40.284,0,2.6856,6.143282E-05,40.284,0
2.6865,7.284657E-05,40.2975,0,2.6865,-5.706874E-05,40.2975,0
2.6874,0.0001242084,40.311,0,2.6874,-3.256275E-05,40.311,0
2.6883,0.0001769131,40.3245,0,2.6883,-9.634547E-05,40.3245,0
2.6892,0.0001178302,40.338,0,2.6892,-4.632639E-05,40.338,0
2.6901,5.539025E-05,40.3515,0,2.6901,-5.673304E-05,40.3515,0
2.691,9.198138E-05,40.365,0,2.691,-9.768826E-05,40.365,0
2.6919,0.0001252155,40.3785,0,2.6919,-0.0001080949,40.3785,0
2.6928,3.323415E-05,40.392,0,2.6928,-9.298848E-05,40.392,0
2.6937,9.735256E-05,40.4055,0,2.6937,-0.0001070878,40.4055,0
2.6946,9.231708E-05,40.419,0,2.6946,-0.0001567712,40.419,0
2.6955,-1.477073E-05,40.4325,0,2.6955,-8.761731E-05,40.4325,0
2.6964,-7.049668E-06,40.446,0,2.6964,-4.33051E-05,40.446,0
2.6973,9.097429E-05,40.4595,0,2.6973,-7.721065E-05,40.4595,0
2.6982,-5.337606E-05,40.473,0,2.6982,-5.169757E-05,40.473,0
2.6991,-7.586786E-05,40.4865,0,2.6991,3.155566E-05,40.4865,0
2.7,7.049668E-06,40.5,0,2.7,1.544213E-05,40.5,0
2.7009,-1.779202E-05,40.5135,0,2.7009,-1.510643E-05,40.5135,0
2.7018,1.913481E-05,40.527,0,2.7018,-1.913481E-05,40.527,0
2.7027,-5.706874E-06,40.5405,0,2.7027,2.920577E-05,40.5405,0
2.7036,-9.466698E-05,40.554,0,2.7036,3.692683E-06,40.554,0
2.7045,-5.774014E-05,40.5675,0,2.7045,-7.284657E-05,40.5675,0
2.7054,1.040665E-05,40.581,0,2.7054,-0.0001040665,40.581,0
2.7063,-0.0001782559,40.5945,0,2.7063,-2.484169E-05,40.5945,0
2.7072,-0.0001211871,40.608,0,2.7072,-1.342794E-05,40.608,0
2.7081,4.129091E-05,40.6215,0,2.7081,-4.666209E-05,40.6215,0
2.709,-5.102617E-05,40.635,0,2.709,0.000190341,40.635,0
2.7099,-0.0001812772,40.6485,0,2.7099,0.0001668421,40.6485,0
2.7108,-6.042573E-05,40.662,0,2.7108,3.155566E-05,40.662,0
2.7117,6.277562E-05,40.6755,0,2.7117,3.424125E-05,40.6755,0
2.7126,-7.821774E-05,40.689,0,2.7126,3.793393E-05,40.689,0
2.7135,-5.404745E-05,40.7025,0,2.7135,-1.040665E-05,40.7025,0
2.7144,-2.887007E-05,40.716,0,2.7144,-6.6804E-05,40.716,0
2.7153,-2.853437E-05,40.7295,0,2.7153,-0.0001003738,40.7295,0
2.7162,-7.385367E-05,40.743,0,2.7162,-0.0001171588,40.743,0
2.7171,-0.0001164874,40.7565,0,2.7171,9.735256E-06,40.7565,0
2.718,-0.0001101091,40.77,0,2.718,6.009003E-05,40.77,0
2.7189,-8.157473E-05,40.7835,0,2.7189,-4.36408E-06,40.7835,0
2.7198,-0.0001312581,40.797,0,2.7198,1.275654E-05,40.797,0
2.7207,-0.0001245441,40.8105,0,2.7207,-0.0001215228,40.8105,0
2.7216,-7.150377E-05,40.824,0,2.7216,-0.0001003738,40.824,0
2.7225,-5.270466E-05,40.8375,0,2.7225,-0.000112459,40.8375,0
2.7234,4.36408E-06,40.851,0,2.7234,-0.0002017548,40.851,0
2.7243,0.0001151446,40.8645,0,2.7243,-0.000235996,40.8645,0
2.7252,0.0001742275,40.878,0,2.7252,-0.0001456931,40.878,0
2.7261,9.063859E-06,40.8915,0,2.7261,-0.0001487144,40.8915,0
2.727,5.035477E-06,40.905,0,2.727,-0.0001604639,40.905,0
2.7279,5.539025E-05,40.9185,0,2.7279,-0.000112459,40.9185,0
2.7288,4.263371E-05,40.932,0,2.7288,-9.433127E-05,40.932,0
2.7297,-4.129091E-05,40.9455,0,2.7297,2.349889E-05,40.9455,0
2.7306,5.438316E-05,40.959,0,2.7306,8.191043E-05,40.959,0
2.7315,0.0001738918,40.9725,0,2.7315,1.409934E-05,40.9725,0
2.7324,0.0002615091,40.986,0,2.7324,-3.256275E-05,40.986,0
2.7333,8.526741E-05,40.9995,0,2.7333,7.049668E-05,40.9995,0
2.7342,5.001907E-05,41.013,0,2.7342,7.486076E-05,41.013,0
2.7351,0.0001601282,41.0265,0,2.7351,5.706874E-06,41.0265,0
2.736,5.035477E-06,41.04,0,2.736,5.203327E-05,41.04,0
2.7369,-9.533837E-05,41.0535,0,2.7369,0.0001017166,41.0535,0
2.7378,-8.493171E-05,41.067,0,2.7378,3.155566E-05,41.067,0
2.7387,-0.0002299535,41.0805,0,2.7387,9.298848E-05,41.0805,0
2.7396,-0.0001853056,41.094,0,2.7396,0.0002299535,41.094,0
2.7405,-7.922484E-05,41.1075,0,2.7405,0.0003031357,41.1075,0
2.7414,-0.0001701991,41.121,0,2.7414,0.0001705348,41.121,0
2.7423,-6.277562E-05,41.1345,0,2.7423,7.721065E-06,41.1345,0
2.7432,-3.356985E-07,41.148,0,2.7432,1.309224E-05,41.148,0
2.7441,-7.553216E-05,41.1615,0,2.7441,3.457694E-05,41.1615,0
2.745,-3.692683E-05,41.175,0,2.745,-4.901198E-05,41.175,0
2.7459,6.378271E-05,41.1885,0,2.7459,-5.706874E-05,41.1885,0
2.7468,-2.383459E-05,41.202,0,2.7468,3.457694E-05,41.202,0
2.7477,-6.848249E-05,41.2155,0,2.7477,-4.129091E-05,41.2155,0
2.7486,0.0001144732,41.229,0,2.7486,-7.855344E-05,41.229,0
2.7495,0.0001037308,41.2425,0,2.7495,3.021286E-06,41.2425,0
2.7504,9.097429E-05,41.256,0,2.7504,-1.812772E-05,41.256,0
2.7513,0.0001735561,41.2695,0,2.7513,-9.835965E-05,41.2695,0
2.7522,0.0001883268,41.283,0,2.7522,-0.0001040665,41.283,0
2.7531,4.196231E-05,41.2965,0,2.7531,-9.802396E-05,41.2965,0
2.754,7.318227E-05,41.31,0,2.754,-0.0001178302,41.31,0
2.7549,7.486076E-05,41.3235,0,2.7549,-0.0001440146,41.3235,0
2.7558,0.0001211871,41.337,0,2.7558,-0.0001577783,41.337,0
2.7567,8.996719E-05,41.3505,0,2.7567,-0.0001309224,41.3505,0
2.7576,2.786297E-05,41.364,0,2.7576,-0.0001134661,41.364,0
2.7585,4.800488E-05,41.3775,0,2.7585,-4.867628E-05,41.3775,0
2.7594,-2.652018E-05,41.391,0,2.7594,-3.860533E-05,41.391,0
2.7603,-0.0001242084,41.4045,0,2.7603,1.242084E-05,41.4045,0
2.7612,-0.0001171588,41.418,0,2.7612,6.210422E-05,41.418,0
2.7621,-0.000126894,41.4315,0,2.7621,1.275654E-05,41.4315,0
2.763,-0.0001094377,41.445,0,2.763,-6.61326E-05,41.445,0
2.7639,-2.517739E-05,41.4585,0,2.7639,-3.961242E-05,41.4585,0
2.7648,-1.644922E-05,41.472,0,2.7648,-0.0001349508,41.472,0
2.7657,-5.136187E-05,41.4855,0,2.7657,-0.0001560998,41.4855,0
2.7666,-0.0002178683,41.499,0,2.7666,7.318227E-05,41.499,0
2.7675,-0.0002232395,41.5125,0,2.7675,0.0001544213,41.5125,0
2.7684,-0.0001040665,41.526,0,2.7684,0.0001322652,41.526,0
2.7693,4.53193E-05,41.5395,0,2.7693,0.000186984,41.5395,0
2.7702,6.411841E-05,41.553,0,2.7702,0.0001661708,41.553,0
2.7711,-0.0001087663,41.5665,0,2.7711,8.123904E-05,41.5665,0
2.772,-7.049668E-06,41.58,0,2.772,2.316319E-05,41.58,0
2.7729,7.351797E-05,41.5935,0,2.7729,1.913481E-05,41.5935,0
2.7738,-4.599069E-05,41.607,0,2.7738,7.049668E-05,41.607,0
2.7747,2.450599E-05,41.6205,0,2.7747,3.692683E-05,41.6205,0
2.7756,0.0002218967,41.634,0,2.7756,2.014191E-05,41.634,0
2.7765,-1.544213E-05,41.6475,0,2.7765,-7.016098E-05,41.6475,0
2.7774,-0.0001255512,41.661,0,2.7774,-0.0001678492,41.661,0
2.7783,-4.867628E-05,41.6745,0,2.7783,-0.0001456931,41.6745,0
2.7792,-1.779202E-05,41.688,0,2.7792,-4.867628E-05,41.688,0
2.7801,-0.000105745,41.7015,0,2.7801,3.726253E-05,41.7015,0
2.781,-2.316319E-05,41.715,0,2.781,-8.056763E-06,41.715,0
2.7819,-8.761731E-05,41.7285,0,2.7819,-4.263371E-05,41.7285,0
2.7828,-0.0001265583,41.742,0,2.7828,-5.236896E-05,41.742,0
2.7837,-0.0001399863,41.7555,0,2.7837,-4.599069E-05,41.7555,0
2.7846,-0.0002067903,41.769,0,2.7846,-7.721065E-06,41.769,0
2.7855,-0.0001923552,41.7825,0,2.7855,2.349889E-06,41.7825,0
2.7864,-7.284657E-05,41.796,0,2.7864,2.21561E-05,41.796,0
2.7873,-0.0001050736,41.8095,0,2.7873,7.284657E-05,41.8095,0
2.7882,-0.0001047379,41.823,0,2.7882,5.874724E-05,41.823,0
2.7891,3.121996E-05,41.8365,0,2.7891,7.418937E-05,41.8365,0
2.79,-6.210422E-05,41.85,0,2.79,0.0001822843,41.85,0
2.7909,-2.719158E-05,41.8635,0,2.7909,0.0002547952,41.8635,0
2.7918,4.53193E-05,41.877,0,2.7918,8.560311E-05,41.877,0
2.7927,7.721065E-06,41.8905,0,2.7927,-4.196231E-05,41.8905,0
2.7936,-7.351797E-05,41.904,0,2.7936,-3.524834E-05,41.904,0
2.7945,-8.358892E-05,41.9175,0,2.7945,-1.779202E-05,41.9175,0
2.7954,-7.049668E-06,41.931,0,2.7954,-2.28275E-05,41.931,0
2.7963,5.874724E-05,41.9445,0,2.7963,-8.023193E-05,41.9445,0
2.7972,-1.980621E-05,41.958,0,2.7972,-7.788205E-05,41.958,0
2.7981,-4.599069E-05,41.9715,0,2.7981,-0.0001362936,41.9715,0
2.799,-2.484169E-05,41.985,0,2.799,-0.0001178302,41.985,0
2.7999,-1.040665E-05,41.9985,0,2.7999,-0.000105745,41.9985,0
2.8008,-5.874724E-05,42.012,0,2.8008,-0.0001795987,42.012,0
2.8017,-3.256275E-05,42.0255,0,2.8017,-0.0001467002,42.0255,0
2.8026,8.728161E-06,42.039,0,2.8026,-0.0001832914,42.039,0
2.8035,2.349889E-06,42.0525,0,2.8035,-0.0001701991,42.0525,0
2.8044,-1.443504E-05,42.066,0,2.8044,-0.0001312581,42.066,0
2.8053,1.644922E-05,42.0795,0,2.8053,-0.000123537,42.0795,0
2.8062,2.081331E-05,42.093,0,2.8062,-3.927672E-05,42.093,0
2.8071,5.874724E-05,42.1065,0,2.8071,6.378271E-06,42.1065,0
2.808,1.644922E-05,42.12,0,2.808,3.961242E-05,42.12,0
2.8089,-1.107805E-05,42.1335,0,2.8089,0.000112459,42.1335,0
2.8098,9.869535E-05,42.147,0,2.8098,8.291753E-05,42.147,0
2.8107,0.0001352865,42.1605,0,2.8107,7.888914E-05,42.1605,0
2.8116,7.150377E-05,42.174,0,2.8116,3.927672E-05,42.174,0
2.8125,6.210422E-05,42.1875,0,2.8125,-3.759823E-05,42.1875,0
2.8134,0.0001688563,42.201,0,2.8134,-5.673304E-05,42.201,0
2.8143,-2.349889E-06,42.2145,0,2.8143,-2.450599E-05,42.2145,0
2.8152,2.920577E-05,42.228,0,2.8152,-8.123904E-05,42.228,0
2.8161,0.0001634852,42.2415,0,2.8161,-0.0001198444,42.2415,0
2.817,-1.644922E-05,42.255,0,2.817,1.678492E-06,42.255,0
2.8179,-3.659113E-05,42.2685,0,2.8179,3.323415E-05,42.2685,0
2.8188,9.164568E-05,42.282,0,2.8188,-2.349889E-06,42.282,0
2.8197,2.349889E-06,42.2955,0,2.8197,-2.819867E-05,42.2955,0
2.8206,-5.941863E-05,42.309,0,2.8206,6.378271E-06,42.309,0
2.8215,0,42.3225,0,2.8215,-5.035477E-05,42.3225,0
2.8224,3.591974E-05,42.336,0,2.8224,-3.256275E-05,42.336,0
2.8233,3.927672E-05,42.3495,0,2.8233,-4.196231E-05,42.3495,0
2.8242,9.802396E-05,42.363,0,2.8242,-5.203327E-05,42.363,0
2.8251,9.433127E-05,42.3765,0,2.8251,-4.699779E-05,42.3765,0
2.826,0.0001185016,42.39,0,2.826,-4.968337E-05,42.39,0
2.8269,0.0002229038,42.4035,0,2.8269,5.841154E-05,42.4035,0
2.8278,0.0002413672,42.417,0,2.8278,0.0001842985,42.417,0
2.8287,0.0001514,42.4305,0,2.8287,0.000278294,42.4305,0
2.8296,0.0001591211,42.444,0,2.8296,0.0001339437,42.444,0
2.8305,7.721065E-05,42.4575,0,2.8305,7.788205E-05,42.4575,0
2.8314,4.36408E-06,42.471,0,2.8314,3.659113E-05,42.471,0
2.8323,1.275654E-05,42.4845,0,2.8323,-2.652018E-05,42.4845,0
2.8332,0.0001114519,42.498,0,2.8332,-2.349889E-05,42.498,0
2.8341,-4.800488E-05,42.5115,0,2.8341,-4.129091E-05,42.5115,0
2.835,-3.558404E-05,42.525,0,2.835,-5.404745E-05,42.525,0
2.8359,3.121996E-05,42.5385,0,2.8359,4.867628E-05,42.5385,0
2.8368,2.719158E-05,42.552,0,2.8368,-8.392462E-05,42.552,0
2.8377,-5.304036E-05,42.5655,0,2.8377,-0.0001775845,42.5655,0
2.8386,-0.0001560998,42.579,0,2.8386,-0.0001426719,42.579,0
2.8395,-1.712062E-05,42.5925,0,2.8395,-0.0001910124,42.5925,0
2.8404,0.0001510643,42.606,0,2.8404,-0.0001910124,42.606,0
2.8413,1.040665E-05,42.6195,0,2.8413,-0.000119173,42.6195,0
2.8422,1.376364E-05,42.633,0,2.8422,-0.0001332723,42.633,0
2.8431,9.231708E-05,42.6465,0,2.8431,-0.0001886625,42.6465,0
2.844,-3.424125E-05,42.66,0,2.844,-0.0001198444,42.66,0
2.8449,-7.721065E-06,42.6735,0,2.8449,-7.217517E-05,42.6735,0
2.8458,-1.309224E-05,42.687,0,2.8458,-0.0001225299,42.687,0
2.8467,-0.0001050736,42.7005,0,2.8467,-8.325322E-05,42.7005,0
2.8476,-0.0001769131,42.714,0,2.8476,5.404745E-05,42.714,0
2.8485,-0.0002044404,42.7275,0,2.8485,7.351797E-05,42.7275,0
2.8494,-0.0002480812,42.741,0,2.8494,3.726253E-05,42.741,0
2.8503,-0.0001104448,42.7545,0,2.8503,-4.666209E-05,42.7545,0
2.8512,-6.411841E-05,42.768,0,2.8512,-5.908293E-05,42.768,0
2.8521,-0.0002984359,42.7815,0,2.8521,-6.51255E-05,42.7815,0
2.853,-0.0001829557,42.795,0,2.853,-6.54612E-05,42.795,0
2.8539,-3.155566E-05,42.8085,0,2.8539,-7.284657E-05,42.8085,0
2.8548,-0.0002400244,42.822,0,2.8548,-2.954147E-05,42.822,0
2.8557,-0.0002212253,42.8355,0,2.8557,-6.076142E-05,42.8355,0
2.8566,-6.713969E-07,42.849,0,2.8566,-0.0001745632,42.849,0
2.8575,3.021286E-06,42.8625,0,2.8575,-9.500267E-05,42.8625,0
2.8584,6.143282E-05,42.876,0,2.8584,-2.18204E-05,42.876,0
2.8593,0.0001493858,42.8895,0,2.8593,-8.795301E-05,42.8895,0
2.8602,0.0001634852,42.903,0,2.8602,-6.378271E-05,42.903,0
2.8611,-1.242084E-05,42.9165,0,2.8611,7.721065E-06,42.9165,0
2.862,-4.33051E-05,42.93,0,2.862,3.692683E-05,42.93,0
2.8629,-5.102617E-05,42.9435,0,2.8629,5.136187E-05,42.9435,0
2.8638,-9.567407E-05,42.957,0,2.8638,-5.941863E-05,42.957,0
2.8647,-0.000115816,42.9705,0,2.8647,-2.786297E-05,42.9705,0
2.8656,-0.0001010452,42.984,0,2.8656,-4.263371E-05,42.984,0
2.8665,8.92958E-05,42.9975,0,2.8665,-5.572595E-05,42.9975,0
2.8674,0.0003246204,43.011,0,2.8674,-4.666209E-05,43.011,0
2.8683,0.0002091402,43.0245,0,2.8683,-5.807584E-05,43.0245,0
2.8692,-7.486076E-05,43.038,0,2.8692,4.53193E-05,43.038,0
2.8701,-2.853437E-05,43.0515,0,2.8701,-4.33051E-05,43.0515,0
2.871,-1.242084E-05,43.065,0,2.871,1.577783E-05,43.065,0
2.8719,0.0001067521,43.0785,0,2.8719,5.471885E-05,43.0785,0
2.8728,0.0001366293,43.092,0,2.8728,-7.687495E-05,43.092,0
2.8737,2.081331E-05,43.1055,0,2.8737,4.028382E-06,43.1055,0
2.8746,3.927672E-05,43.119,0,2.8746,0.0001406577,43.119,0
2.8755,2.1149E-05,43.1325,0,2.8755,0.0001587854,43.1325,0
2.8764,-5.404745E-05,43.146,0,2.8764,9.567407E-05,43.146,0
2.8773,9.063859E-06,43.1595,0,2.8773,5.069047E-05,43.1595,0
2.8782,-8.056763E-06,43.173,0,2.8782,9.433127E-05,43.173,0
2.8791,-5.606165E-05,43.1865,0,2.8791,0.0001299153,43.1865,0
2.88,3.726253E-05,43.2,0,2.88,5.270466E-05,43.2,0
2.8809,-1.443504E-05,43.2135,0,2.8809,7.251087E-05,43.2135,0
2.8818,-0.0001406577,43.227,0,2.8818,0.0001205158,43.227,0
2.8827,-5.740444E-05,43.2405,0,2.8827,4.800488E-05,43.2405,0
2.8836,3.054856E-05,43.254,0,2.8836,-5.337606E-05,43.254,0
2.8845,-0.0001453574,43.2675,0,2.8845,-2.1149E-05,43.2675,0
2.8854,-0.0001198444,43.281,0,2.8854,3.356985E-07,43.281,0
2.8863,-2.28275E-05,43.2945,0,2.8863,-1.510643E-05,43.2945,0
2.8872,2.1149E-05,43.308,0,2.8872,-1.141375E-05,43.308,0
2.8881,1.309224E-05,43.3215,0,2.8881,3.189136E-05,43.3215,0
2.889,0.0001138018,43.335,0,2.889,1.342794E-06,43.335,0
2.8899,3.356985E-05,43.3485,0,2.8899,-3.457694E-05,43.3485,0
2.8908,7.083238E-05,43.362,0,2.8908,-2.853437E-05,43.362,0
2.8917,0.0001544213,43.3755,0,2.8917,7.721065E-06,43.3755,0
2.8926,0.0001144732,43.389,0,2.8926,1.846342E-05,43.389,0
2.8935,3.558404E-05,43.4025,0,2.8935,5.841154E-05,43.4025,0
2.8944,8.560311E-05,43.416,0,2.8944,9.970245E-05,43.416,0
2.8953,-3.356985E-07,43.4295,0,2.8953,0.0001594568,43.4295,0
2.8962,-6.009003E-05,43.443,0,2.8962,7.083238E-05,43.443,0
2.8971,2.047761E-05,43.4565,0,2.8971,6.713969E-07,43.4565,0
2.898,-8.86244E-05,43.47,0,2.898,5.774014E-05,43.47,0
2.8989,-7.486076E-05,43.4835,0,2.8989,8.661021E-05,43.4835,0
2.8998,1.947051E-05,43.497,0,2.8998,-5.874724E-05,43.497,0
2.9007,-3.457694E-05,43.5105,0,2.9007,-0.0001309224,43.5105,0
2.9016,-0.000109102,43.524,0,2.9016,-0.0001349508,43.524,0
2.9025,-5.270466E-05,43.5375,0,2.9025,-7.553216E-05,43.5375,0
2.9034,-3.994812E-05,43.551,0,2.9034,2.014191E-06,43.551,0
2.9043,-2.24918E-05,43.5645,0,2.9043,-3.860533E-05,43.5645,0
2.9052,2.652018E-05,43.578,0,2.9052,-7.385367E-06,43.578,0
2.9061,7.083238E-05,43.5915,0,2.9061,5.035477E-06,43.5915,0
2.907,2.18204E-05,43.605,0,2.907,-0.0002517739,43.605,0
2.9079,-8.392462E-06,43.6185,0,2.9079,-0.0002437171,43.6185,0
2.9088,-2.450599E-05,43.632,0,2.9088,-9.030289E-05,43.632,0
2.9097,4.43122E-05,43.6455,0,2.9097,-9.130999E-05,43.6455,0
2.9106,0.0001527428,43.659,0,2.9106,-7.351797E-05,43.659,0
2.9115,3.994812E-05,43.6725,0,2.9115,6.915389E-05,43.6725,0
2.9124,7.150377E-05,43.686,0,2.9124,6.948959E-05,43.686,0
2.9133,0.0001218585,43.6995,0,2.9133,3.961242E-05,43.6995,0
2.9142,4.39765E-05,43.713,0,2.9142,8.459602E-05,43.713,0
2.9151,-2.584878E-05,43.7265,0,2.9151,0.0001406577,43.7265,0
2.916,-4.867628E-05,43.74,0,2.916,0.0001376364,43.74,0
2.9169,-6.71397E-05,43.7535,0,2.9169,0.0001070878,43.7535,0
2.9178,-4.565499E-05,43.767,0,2.9178,-2.047761E-05,43.767,0
2.9187,-0.0001983978,43.7805,0,2.9187,-6.243992E-05,43.7805,0
2.9196,-0.0002759442,43.794,0,2.9196,-9.567407E-05,43.794,0
2.9205,-0.000197055,43.8075,0,2.9205,-9.735256E-05,43.8075,0
2.9214,-0.0001923552,43.821,0,2.9214,-0.0001467002,43.821,0
2.9223,-0.0002715801,43.8345,0,2.9223,-0.0001560998,43.8345,0
2.9232,-7.251087E-05,43.848,0,2.9232,-0.0002222324,43.848,0
2.9241,0.0002648661,43.8615,0,2.9241,-0.0002188754,43.8615,0
2.925,4.095522E-05,43.875,0,2.925,-8.358892E-05,43.875,0
2.9259,-9.970245E-05,43.8885,0,2.9259,-3.356985E-06,43.8885,0
2.9268,2.887007E-05,43.902,0,2.9268,9.500267E-05,43.902,0
2.9277,-5.606165E-05,43.9155,0,2.9277,9.365987E-05,43.9155,0
2.9286,-0.0002077974,43.929,0,2.9286,4.733349E-05,43.929,0
2.9295,-0.0001789273,43.9425,0,2.9295,-2.417029E-05,43.9425,0
2.9304,-0.0001994049,43.956,0,2.9304,-8.426032E-05,43.956,0
2.9313,-0.0001577783,43.9695,0,2.9313,-0.0001389792,43.9695,0
2.9322,-5.136187E-05,43.983,0,2.9322,-8.560311E-05,43.983,0
2.9331,-1.745632E-05,43.9965,0,2.9331,-8.69459E-05,43.9965,0
2.934,3.692683E-05,44.01,0,2.934,-8.224613E-05,44.01,0
2.9349,0.000109102,44.0235,0,2.9349,-3.121996E-05,44.0235,0
2.9358,2.920577E-05,44.037,0,2.9358,4.934768E-05,44.037,0
2.9367,-6.143282E-05,44.0505,0,2.9367,4.061952E-05,44.0505,0
2.9376,-3.356985E-07,44.064,0,2.9376,-3.356985E-05,44.064,0
2.9385,-5.673304E-05,44.0775,0,2.9385,7.956054E-05,44.0775,0
2.9394,-0.0001171588,44.091,0,2.9394,3.826963E-05,44.091,0
2.9403,-4.49836E-05,44.1045,0,2.9403,-5.203327E-05,44.1045,0
2.9412,5.706874E-05,44.118,0,2.9412,-0.0001305867,44.118,0
2.9421,-0.0001440146,44.1315,0,2.9421,-0.0003873961,44.1315,0
2.943,-0.0001483787,44.145,0,2.943,-0.0003847105,44.145,0
2.9439,-1.107805E-05,44.1585,0,2.9439,-0.0002138399,44.1585,0
2.9448,4.49836E-05,44.172,0,2.9448,-0.0001678492,44.172,0
2.9457,7.821774E-05,44.1855,0,2.9457,2.987716E-05,44.1855,0
2.9466,2.786297E-05,44.199,0,2.9466,0.0001282368,44.199,0
2.9475,6.848249E-05,44.2125,0,2.9475,7.418937E-05,44.2125,0
2.9484,5.069047E-05,44.226,0,2.9484,5.740444E-05,44.226,0
2.9493,-7.687495E-05,44.2395,0,2.9493,6.54612E-05,44.2395,0
2.9502,-5.706874E-06,44.253,0,2.9502,5.404745E-05,44.253,0
2.9511,9.903105E-05,44.2665,0,2.9511,1.812772E-05,44.2665,0
2.952,2.887007E-05,44.28,0,2.952,6.143282E-05,44.28,0
2.9529,0.000140322,44.2935,0,2.9529,1.980621E-05,44.2935,0
2.9538,8.82887E-05,44.307,0,2.9538,-2.584878E-05,44.307,0
2.9547,0.0001312581,44.3205,0,2.9547,4.129091E-05,44.3205,0
2.9556,5.673304E-05,44.334,0,2.9556,2.752728E-05,44.334,0
2.9565,4.263371E-05,44.3475,0,2.9565,7.049668E-06,44.3475,0
2.9574,1.611353E-05,44.361,0,2.9574,6.54612E-05,44.361,0
2.9583,1.980621E-05,44.3745,0,2.9583,7.989624E-05,44.3745,0
2.9592,1.342794E-05,44.388,0,2.9592,0.0001487144,44.388,0
2.9601,-0.0001131304,44.4015,0,2.9601,8.023193E-05,44.4015,0
2.961,-5.774014E-05,44.415,0,2.961,1.544213E-05,44.415,0
2.9619,8.090334E-05,44.4285,0,2.9619,1.980621E-05,44.4285,0
2.9628,5.337606E-05,44.442,0,2.9628,5.908293E-05,44.442,0
2.9637,0.0001379721,44.4555,0,2.9637,1.510643E-05,44.4555,0
2.9646,0.000203769,44.469,0,2.9646,8.291753E-05,44.469,0
2.9655,-1.678492E-06,44.4825,0,2.9655,7.418937E-05,44.4825,0
2.9664,-0.0001198444,44.496,0,2.9664,-9.970245E-05,44.496,0
2.9673,-1.107805E-05,44.5095,0,2.9673,-0.0001550927,44.5095,0
2.9682,-5.606165E-05,44.523,0,2.9682,-2.047761E-05,44.523,0
2.9691,-0.0001913481,44.5365,0,2.9691,1.174945E-05,44.5365,0
2.97,-0.0001701991,44.55,0,2.97,-3.692683E-06,44.55,0
2.9709,-5.169757E-05,44.5635,0,2.9709,3.189136E-05,44.5635,0
2.9718,1.309224E-05,44.577,0,2.9718,3.424125E-05,44.577,0
2.9727,4.934768E-05,44.5905,0,2.9727,5.874724E-05,44.5905,0
2.9736,8.426032E-05,44.604,0,2.9736,0,44.604,0
2.9745,0.0001366293,44.6175,0,2.9745,-1.644922E-05,44.6175,0
2.9754,0.000154757,44.631,0,2.9754,-3.121996E-05,44.631,0
2.9763,8.358892E-05,44.6445,0,2.9763,7.788205E-05,44.6445,0
2.9772,5.337606E-05,44.658,0,2.9772,-5.606165E-05,44.658,0
2.9781,0.0001863127,44.6715,0,2.9781,-0.0001695277,44.6715,0
2.979,0.0001500572,44.685,0,2.979,-7.855344E-05,44.685,0
2.9799,3.088426E-05,44.6985,0,2.9799,1.007095E-06,44.6985,0
2.9808,4.800488E-05,44.712,0,2.9808,-3.726253E-05,44.712,0
2.9817,-4.39765E-05,44.7255,0,2.9817,-2.484169E-05,44.7255,0
2.9826,-6.042573E-06,44.739,0,2.9826,1.510643E-05,44.739,0
2.9835,4.43122E-05,44.7525,0,2.9835,3.121996E-05,44.7525,0
2.9844,4.263371E-05,44.766,0,2.9844,5.136187E-05,44.766,0
2.9853,8.023193E-05,44.7795,0,2.9853,-7.150377E-05,44.7795,0
2.9862,7.217517E-05,44.793,0,2.9862,-5.774014E-05,44.793,0
2.9871,-4.095522E-05,44.8065,0,2.9871,-6.78111E-05,44.8065,0
2.988,-2.584878E-05,44.82,0,2.988,-0.0001654994,44.82,0
2.9889,-5.908293E-05,44.8335,0,2.9889,-0.0001641566,44.8335,0
2.9898,-0.0001117876,44.847,0,2.9898,-7.888914E-05,44.847,0
2.9907,-1.309224E-05,44.8605,0,2.9907,-3.625543E-05,44.8605,0
2.9916,5.069047E-05,44.874,0,2.9916,-5.236896E-05,44.874,0
2.9925,-7.016098E-05,44.8875,0,2.9925,4.028382E-06,44.8875,0
2.9934,-1.141375E-05,44.901,0,2.9934,3.692683E-05,44.901,0
2.9943,8.493171E-05,44.9145,0,2.9943,-6.64683E-05,44.9145,0
2.9952,0.0001198444,44.928,0,2.9952,3.927672E-05,44.928,0
2.9961,-1.544213E-05,44.9415,0,2.9961,-6.814679E-05,44.9415,0
2.997,3.189136E-05,44.955,0,2.997,-0.000115816,44.955,0
2.9979,-2.719158E-05,44.9685,0,2.9979,-6.411841E-05,44.9685,0
2.9988,5.941863E-05,44.982,0,2.9988,-6.411841E-05,44.982,0
2.9997,8.426032E-05,44.9955,0,2.9997,1.040665E-05,44.9955,0
3.0006,-1.376364E-05,45.009,0,3.0006,8.056763E-06,45.009,0
3.0015,-3.256275E-05,45.0225,0,3.0015,-4.733349E-05,45.0225,0
3.0024,2.517739E-05,45.036,0,3.0024,-2.584878E-05,45.036,0
3.0033,-7.821774E-05,45.0495,0,3.0033,5.035477E-06,45.0495,0
3.0042,-0.0001064164,45.063,0,3.0042,-8.72816E-05,45.063,0
3.0051,3.927672E-05,45.0765,0,3.0051,-0.0001305867,45.0765,0
3.006,2.551309E-05,45.09,0,3.006,-3.088426E-05,45.09,0
3.0069,-2.987716E-05,45.1035,0,3.0069,-1.644922E-05,45.1035,0
3.0078,9.634547E-05,45.117,0,3.0078,-7.553216E-05,45.117,0
3.0087,9.231708E-05,45.1305,0,3.0087,2.920577E-05,45.1305,0
3.0096,-2.517739E-05,45.144,0,3.0096,5.471885E-05,45.144,0
3.0105,1.174945E-05,45.1575,0,3.0105,-1.242084E-05,45.1575,0
3.0114,-3.524834E-05,45.171,0,3.0114,3.726253E-05,45.171,0
3.0123,-5.941863E-05,45.1845,0,3.0123,-2.047761E-05,45.1845,0
3.0132,-3.390555E-05,45.198,0,3.0132,2.652018E-05,45.198,0
3.0141,-9.567407E-05,45.2115,0,3.0141,-5.136187E-05,45.2115,0
3.015,-8.157473E-05,45.225,0,3.015,-0.0001842985,45.225,0
3.0159,2.719158E-05,45.2385,0,3.0159,-0.0001782559,45.2385,0
3.0168,-0.0001033951,45.252,0,3.0168,-0.0001748989,45.252,0
3.0177,-0.0001356222,45.2655,0,3.0177,-0.0001265583,45.2655,0
3.0186,-0.000126894,45.279,0,3.0186,-8.023193E-05,45.279,0
3.0195,-0.0002581521,45.2925,0,3.0195,8.426032E-05,45.2925,0
3.0204,-0.0001789273,45.306,0,3.0204,0.0002688945,45.306,0
3.0213,-0.0001493858,45.3195,0,3.0213,0.0002611734,45.3195,0
3.0222,-0.0002272679,45.333,0,3.0222,0.0001654994,45.333,0
3.0231,-0.0001846342,45.3465,0,3.0231,0.0001500572,45.3465,0
3.024,-7.251087E-05,45.36,0,3.024,0.0001795987,45.36,0
3.0249,0.0001500572,45.3735,0,3.0249,0.0001621424,45.3735,0
3.0258,0.0003581903,45.387,0,3.0258,0.0001228656,45.387,0
3.0267,0.0002601663,45.4005,0,3.0267,7.217517E-05,45.4005,0
3.0276,0.0001044022,45.414,0,3.0276,2.517739E-05,45.414,0
3.0285,4.53193E-05,45.4275,0,3.0285,-5.539025E-05,45.4275,0
3.0294,5.740444E-05,45.441,0,3.0294,-6.61326E-05,45.441,0
3.0303,-9.835965E-05,45.4545,0,3.0303,2.24918E-05,45.4545,0
3.0312,-9.701686E-05,45.468,0,3.0312,-1.510643E-05,45.468,0
3.0321,9.231708E-05,45.4815,0,3.0321,5.841154E-05,45.4815,0
3.033,-0.0001084306,45.495,0,3.033,-0.0001027237,45.495,0
3.0339,-0.0001131304,45.5085,0,3.0339,-0.0003283131,45.5085,0
3.0348,0.0001030594,45.522,0,3.0348,-0.0002625162,45.522,0
3.0357,5.539025E-05,45.5355,0,3.0357,-0.0001584497,45.5355,0
3.0366,-8.89601E-05,45.549,0,3.0366,-7.519646E-05,45.549,0
3.0375,-6.076142E-05,45.5625,0,3.0375,-9.970245E-05,45.5625,0
3.0384,-4.800488E-05,45.576,0,3.0384,-7.385367E-05,45.576,0
3.0393,1.947051E-05,45.5895,0,3.0393,-9.903105E-05,45.5895,0
3.0402,-5.706874E-06,45.603,0,3.0402,-8.426032E-05,45.603,0
3.0411,-0.0001524071,45.6165,0,3.0411,-4.33051E-05,45.6165,0
3.042,-9.903105E-05,45.63,0,3.042,-8.89601E-05,45.63,0
3.0429,-5.941863E-05,45.6435,0,3.0429,-6.78111E-05,45.6435,0
3.0438,-9.365987E-05,45.657,0,3.0438,1.242084E-05,45.657,0
3.0447,-0.0001799344,45.6705,0,3.0447,-0.0001221943,45.6705,0
3.0456,8.728161E-06,45.684,0,3.0456,-0.0001732204,45.684,0
3.0465,6.74754E-05,45.6975,0,3.0465,-1.007095E-06,45.6975,0
3.0474,6.948959E-05,45.711,0,3.0474,-4.028382E-05,45.711,0
3.0483,8.493171E-05,45.7245,0,3.0483,-0.0001440146,45.7245,0
3.0492,0.0001265583,45.738,0,3.0492,-6.478981E-05,45.738,0
3.0501,2.584878E-05,45.7515,0,3.0501,7.653925E-05,45.7515,0
3.051,0,45.765,0,3.051,0,45.765,0
3.0519,0,45.7785,0,3.0519,0,45.7785,0
3.0528,0,45.792,0,3.0528,0,45.792,0
3.0537,0,45.8055,0,3.0537,0,45.8055,0
3.0546,0,45.819,0,3.0546,0,45.819,0
3.0555,0,45.8325,0,3.0555,0,45.8325,0
3.0564,0,45.846,0,3.0564,0,45.846,0
3.0573,0,45.8595,0,3.0573,0,45.8595,0
3.0582,0,45.873,0,3.0582,0,45.873,0
3.0591,0,45.8865,0,3.0591,0,45.8865,0
3.06,0,45.9,0,3.06,0,45.9,0
3.0609,0,45.9135,0,3.0609,0,45.9135,0
3.0618,0,45.927,0,3.0618,0,45.927,0
3.0627,0,45.9405,0,3.0627,0,45.9405,0
3.0636,0,45.954,0,3.0636,0,45.954,0
3.0645,0,45.9675,0,3.0645,0,45.9675,0
3.0654,0,45.981,0,3.0654,0,45.981,0
3.0663,0,45.9945,0,3.0663,0,45.9945,0
3.0672,0,46.008,0,3.0672,0,46.008,0
3.0681,0,46.0215,0,3.0681,0,46.0215,0
3.069,0,46.035,0,3.069,0,46.035,0
3.0699,0,46.0485,0,3.0699,0,46.0485,0
3.0708,0,46.062,0,3.0708,0,46.062,0
3.0717,0,46.0755,0,3.0717,0,46.0755,0
3.0726,0,46.089,0,3.0726,0,46.089,0
3.0735,0,46.1025,0,3.0735,0,46.1025,0
3.0744,0,46.116,0,3.0744,0,46.116,0
3.0753,0,46.1295,0,3.0753,0,46.1295,0
3.0762,0,46.143,0,3.0762,0,46.143,0
3.0771,0,46.1565,0,3.0771,0,46.1565,0
3.078,0,46.17,0,3.078,0,46.17,0
3.0789,0,46.1835,0,3.0789,0,46.1835,0
3.0798,0,46.197,0,3.0798,0,46.197,0
3.0807,0,46.2105,0,3.0807,0,46.2105,0
3.0816,0,46.224,0,3.0816,0,46.224,0
3.0825,0,46.2375,0,3.0825,0,46.2375,0
3.0834,0,46.251,0,3.0834,0,46.251,0
3.0843,0,46.2645,0,3.0843,0,46.2645,0
3.0852,0,46.278,0,3.0852,0,46.278,0
3.0861,0,46.2915,0,3.0861,0,46.2915,0
3.087,0,46.305,0,3.087,0,46.305,0
3.0879,0,46.3185,0,3.0879,0,46.3185,0
3.0888,0,46.332,0,3.0888,0,46.332,0
3.0897,0,46.3455,0,3.0897,0,46.3455,0
3.0906,0,46.359,0,3.0906,0,46.359,0
3.0915,0,46.3725,0,3.0915,0,46.3725,0
3.0924,0,46.386,0,3.0924,0,46.386,0
3.0933,0,46.3995,0,3.0933,0,46.3995,0
3.0942,0,46.413,0,3.0942,0,46.413,0
3.0951,0,46.4265,0,3.0951,0,46.4265,0
3.096,0,46.44,0,3.096,0,46.44,0
3.0969,0,46.4535,0,3.0969,0,46.4535,0
3.0978,0,46.467,0,3.0978,0,46.467,0
3.0987,0,46.4805,0,3.0987,0,46.4805,0
3.0996,0,46.494,0,3.0996,0,46.494,0
3.1005,0,46.5075,0,3.1005,0,46.5075,0
3.1014,0,46.521,0,3.1014,0,46.521,0
3.1023,0,46.5345,0,3.1023,0,46.5345,0
3.1032,0,46.548,0,3.1032,0,46.548,0
3.1041,0,46.5615,0,3.1041,0,46.5615,0
3.105,0,46.575,0,3.105,0,46.575,0
3.1059,0,46.5885,0,3.1059,0,46.5885,0
3.1068,0,46.602,0,3.1068,0,46.602,0
3.1077,0,46.6155,0,3.1077,0,46.6155,0
3.1086,0,46.629,0,3.1086,0,46.629,0
3.1095,0,46.6425,0,3.1095,0,46.6425,0
3.1104,0,46.656,0,3.1104,0,46.656,0
3.1113,0,46.6695,0,3.1113,0,46.6695,0
3.1122,0,46.683,0,3.1122,0,46.683,0
3.1131,0,46.6965,0,3.1131,0,46.6965,0
3.114,0,46.71,0,3.114,0,46.71,0
3.1149,0,46.7235,0,3.1149,0,46.7235,0
3.1158,0,46.737,0,3.1158,0,46.737,0
3.1167,0,46.7505,0,3.1167,0,46.7505,0
3.1176,0,46.764,0,3.1176,0,46.764,0
3.1185,0,46.7775,0,3.1185,0,46.7775,0
3.1194,0,46.791,0,3.1194,0,46.791,0
3.1203,0,46.8045,0,3.1203,0,46.8045,0
3.1212,0,46.818,0,3.1212,0,46.818,0
3.1221,0,46.8315,0,3.1221,0,46.8315,0
3.123,0,46.845,0,3.123,0,46.845,0
3.1239,0,46.8585,0,3.1239,0,46.8585,0
3.1248,0,46.872,0,3.1248,0,46.872,0
3.1257,0,46.8855,0,3.1257,0,46.8855,0
3.1266,0,46.899,0,3.1266,0,46.899,0
3.1275,0,46.9125,0,3.1275,0,46.9125,0
3.1284,0,46.926,0,3.1284,0,46.926,0
3.1293,0,46.9395,0,3.1293,0,46.9395,0
3.1302,0,46.953,0,3.1302,0,46.953,0
3.1311,0,46.9665,0,3.1311,0,46.9665,0
3.132,0,46.98,0,3.132,0,46.98,0
3.1329,0,46.9935,0,3.1329,0,46.9935,0
3.1338,0,47.007,0,3.1338,0,47.007,0
3.1347,0,47.0205,0,3.1347,0,47.0205,0
3.1356,0,47.034,0,3.1356,0,47.034,0
3.1365,0,47.0475,0,3.1365,0,47.0475,0
3.1374,0,47.061,0,3.1374,0,47.061,0
3.1383,0,47.0745,0,3.1383,0,47.0745,0
3.1392,0,47.088,0,3.1392,0,47.088,0
3.1401,0,47.1015,0,3.1401,0,47.1015,0
3.141,0,47.115,0,3.141,0,47.115,0
3.1419,0,47.1285,0,3.1419,0,47.1285,0
3.1428,0,47.142,0,3.1428,0,47.142,0
3.1437,0,47.1555,0,3.1437,0,47.1555,0
3.1446,0,47.169,0,3.1446,0,47.169,0
3.1455,0,47.1825,0,3.1455,0,47.1825,0
3.1464,0,47.196,0,3.1464,0,47.196,0
3.1473,0,47.2095,0,3.1473,0,47.2095,0
3.1482,0,47.223,0,3.1482,0,47.223,0
3.1491,0,47.2365,0,3.1491,0,47.2365,0
3.15,0,47.25,0,3.15,0,47.25,0
3.1509,0,47.2635,0,3.1509,0,47.2635,0
3.1518,0,47.277,0,3.1518,0,47.277,0
3.1527,0,47.2905,0,3.1527,0,47.2905,0
3.1536,0,47.304,0,3.1536,0,47.304,0
3.1545,0,47.3175,0,3.1545,0,47.3175,0
3.1554,0,47.331,0,3.1554,0,47.331,0
3.1563,0,47.3445,0,3.1563,0,47.3445,0
3.1572,0,47.358,0,3.1572,0,47.358,0
3.1581,0,47.3715,0,3.1581,0,47.3715,0
3.159,0,47.385,0,3.159,0,47.385,0
3.1599,0,47.3985,0,3.1599,0,47.3985,0
3.1608,0,47.412,0,3.1608,0,47.412,0
3.1617,0,47.4255,0,3.1617,0,47.4255,0
3.1626,0,47.439,0,3.1626,0,47.439,0
3.1635,0,47.4525,0,3.1635,0,47.4525,0
3.1644,0,47.466,0,3.1644,0,47.466,0
3.1653,0,47.4795,0,3.1653,0,47.4795,0
3.1662,0,47.493,0,3.1662,0,47.493,0
3.1671,0,47.5065,0,3.1671,0,47.5065,0
3.168,0,47.52,0,3.168,0,47.52,0
3.1689,0,47.5335,0,3.1689,0,47.5335,0
3.1698,0,47.547,0,3.1698,0,47.547,0
3.1707,0,47.5605,0,3.1707,0,47.5605,0
3.1716,0,47.574,0,3.1716,0,47.574,0
3.1725,0,47.5875,0,3.1725,0,47.5875,0
3.1734,0,47.601,0,3.1734,0,47.601,0
3.1743,0,47.6145,0,3.1743,0,47.6145,0
3.1752,0,47.628,0,3.1752,0,47.628,0
3.1761,0,47.6415,0,3.1761,0,47.6415,0
3.177,0,47.655,0,3.177,0,47.655,0
3.1779,0,47.6685,0,3.1779,0,47.6685,0
3.1788,0,47.682,0,3.1788,0,47.682,0
3.1797,0,47.6955,0,3.1797,0,47.6955,0
3.1806,0,47.709,0,3.1806,0,47.709,0
3.1815,0,47.7225,0,3.1815,0,47.7225,0
3.1824,0,47.736,0,3.1824,0,47.736,0
3.1833,0,47.7495,0,3.1833,0,47.7495,0
3.1842,0,47.763,0,3.1842,0,47.763,0
3.1851,0,47.7765,0,3.1851,0,47.7765,0
3.186,0,47.79,0,3.186,0,47.79,0
3.1869,0,47.8035,0,3.1869,0,47.8035,0
3.1878,0,47.817,0,3.1878,0,47.817,0
3.1887,0,47.8305,0,3.1887,0,47.8305,0
3.1896,0,47.844,0,3.1896,0,47.844,0
3.1905,0,47.8575,0,3.1905,0,47.8575,0
3.1914,0,47.871,0,3.1914,0,47.871,0
3.1923,0,47.8845,0,3.1923,0,47.8845,0
3.1932,0,47.898,0,3.1932,0,47.898,0
3.1941,0,47.9115,0,3.1941,0,47.9115,0
3.195,0,47.925,0,3.195,0,47.925,0
3.1959,0,47.9385,0,3.1959,0,47.9385,0
3.1968,0,47.952,0,3.1968,0,47.952,0
3.1977,0,47.9655,0,3.1977,0,47.9655,0
3.1986,0,47.979,0,3.1986,0,47.979,0
3.1995,0,47.9925,0,3.1995,0,47.9925,0
3.2004,0,48.006,0,3.2004,0,48.006,0
3.2013,0,48.0195,0,3.2013,0,48.0195,0
3.2022,0,48.033,0,3.2022,0,48.033,0
3.2031,0,48.0465,0,3.2031,0,48.0465,0
3.204,0,48.06,0,3.204,0,48.06,0
3.2049,0,48.0735,0,3.2049,0,48.0735,0
3.2058,0,48.087,0,3.2058,0,48.087,0
3.2067,0,48.1005,0,3.2067,0,48.1005,0
3.2076,0,48.114,0,3.2076,0,48.114,0
3.2085,0,48.1275,0,3.2085,0,48.1275,0
3.2094,0,48.141,0,3.2094,0,48.141,0
3.2103,0,48.1545,0,3.2103,0,48.1545,0
3.2112,0,48.168,0,3.2112,0,48.168,0
3.2121,0,48.1815,0,3.2121,0,48.1815,0
3.213,0,48.195,0,3.213,0,48.195,0
3.2139,0,48.2085,0,3.2139,0,48.2085,0
3.2148,0,48.222,0,3.2148,0,48.222,0
3.2157,0,48.2355,0,3.2157,0,48.2355,0
3.2166,0,48.249,0,3.2166,0,48.249,0
3.2175,0,48.2625,0,3.2175,0,48.2625,0
3.2184,0,48.276,0,3.2184,0,48.276,0
3.2193,0,48.2895,0,3.2193,0,48.2895,0
3.2202,0,48.303,0,3.2202,0,48.303,0
3.2211,0,48.3165,0,3.2211,0,48.3165,0
3.222,0,48.33,0,3.222,0,48.33,0
3.2229,0,48.3435,0,3.2229,0,48.3435,0
3.2238,0,48.357,0,3.2238,0,48.357,0
3.2247,0,48.3705,0,3.2247,0,48.3705,0
3.2256,0,48.384,0,3.2256,0,48.384,0
3.2265,0,48.3975,0,3.2265,0,48.3975,0
3.2274,0,48.411,0,3.2274,0,48.411,0
3.2283,0,48.4245,0,3.2283,0,48.4245,0
3.2292,0,48.438,0,3.2292,0,48.438,0
3.2301,0,48.4515,0,3.2301,0,48.4515,0
3.231,0,48.465,0,3.231,0,48.465,0
3.2319,0,48.4785,0,3.2319,0,48.4785,0
3.2328,0,48.492,0,3.2328,0,48.492,0
3.2337,0,48.5055,0,3.2337,0,48.5055,0
3.2346,0,48.519,0,3.2346,0,48.519,0
3.2355,0,48.5325,0,3.2355,0,48.5325,0
3.2364,0,48.546,0,3.2364,0,48.546,0
3.2373,0,48.5595,0,3.2373,0,48.5595,0
3.2382,0,48.573,0,3.2382,0,48.573,0
3.2391,0,48.5865,0,3.2391,0,48.5865,0
3.24,0,48.6,0,3.24,0,48.6,0
3.2409,0,48.6135,0,3.2409,0,48.6135,0
3.2418,0,48.627,0,3.2418,0,48.627,0
3.2427,0,48.6405,0,3.2427,0,48.6405,0
3.2436,0,48.654,0,3.2436,0,48.654,0
3.2445,0,48.6675,0,3.2445,0,48.6675,0
3.2454,0,48.681,0,3.2454,0,48.681,0
3.2463,0,48.6945,0,3.2463,0,48.6945,0
3.2472,0,48.708,0,3.2472,0,48.708,0
3.2481,0,48.7215,0,3.2481,0,48.7215,0
3.249,0,48.735,0,3.249,0,48.735,0
3.2499,0,48.7485,0,3.2499,0,48.7485,0
3.2508,0,48.762,0,3.2508,0,48.762,0
3.2517,0,48.7755,0,3.2517,0,48.7755,0
3.2526,0,48.789,0,3.2526,0,48.789,0
3.2535,0,48.8025,0,3.2535,0,48.8025,0
3.2544,0,48.816,0,3.2544,0,48.816,0
3.2553,0,48.8295,0,3.2553,0,48.8295,0
3.2562,0,48.843,0,3.2562,0,48.843,0
3.2571,0,48.8565,0,3.2571,0,48.8565,0
3.258,0,48.87,0,3.258,0,48.87,0
3.2589,0,48.8835,0,3.2589,0,48.8835,0
3.2598,0,48.897,0,3.2598,0,48.897,0
3.2607,0,48.9105,0,3.2607,0,48.9105,0
3.2616,0,48.924,0,3.2616,0,48.924,0
3.2625,0,48.9375,0,3.2625,0,48.9375,0
3.2634,0,48.951,0,3.2634,0,48.951,0
3.2643,0,48.9645,0,3.2643,0,48.9645,0
3.2652,0,48.978,0,3.2652,0,48.978,0
3.2661,0,48.9915,0,3.2661,0,48.9915,0
3.267,0,49.005,0,3.267,0,49.005,0
3.2679,0,49.0185,0,3.2679,0,49.0185,0
3.2688,0,49.032,0,3.2688,0,49.032,0
3.2697,0,49.0455,0,3.2697,0,49.0455,0
3.2706,0,49.059,0,3.2706,0,49.059,0
3.2715,0,49.0725,0,3.2715,0,49.0725,0
3.2724,0,49.086,0,3.2724,0,49.086,0
3.2733,0,49.0995,0,3.2733,0,49.0995,0
3.2742,0,49.113,0,3.2742,0,49.113,0
3.2751,0,49.1265,0,3.2751,0,49.1265,0
3.276,0,49.14,0,3.276,0,49.14,0
3.2769,0,49.1535,0,3.2769,0,49.1535,0
3.2778,0,49.167,0,3.2778,0,49.167,0
3.2787,0,49.1805,0,3.2787,0,49.1805,0
3.2796,0,49.194,0,3.2796,0,49.194,0
3.2805,0,49.2075,0,3.2805,0,49.2075,0
3.2814,0,49.221,0,3.2814,0,49.221,0
3.2823,0,49.2345,0,3.2823,0,49.2345,0
3.2832,0,49.248,0,3.2832,0,49.248,0
3.2841,0,49.2615,0,3.2841,0,49.2615,0
3.285,0,49.275,0,3.285,0,49.275,0
3.2859,0,49.2885,0,3.2859,0,49.2885,0
3.2868,0,49.302,0,3.2868,0,49.302,0
3.2877,0,49.3155,0,3.2877,0,49.3155,0
3.2886,0,49.329,0,3.2886,0,49.329,0
3.2895,0,49.3425,0,3.2895,0,49.3425,0
3.2904,0,49.356,0,3.2904,0,49.356,0
3.2913,0,49.3695,0,3.2913,0,49.3695,0
3.2922,0,49.383,0,3.2922,0,49.383,0
3.2931,0,49.3965,0,3.2931,0,49.3965,0
3.294,0,49.41,0,3.294,0,49.41,0
3.2949,0,49.4235,0,3.2949,0,49.4235,0
3.2958,0,49.437,0,3.2958,0,49.437,0
3.2967,0,49.4505,0,3.2967,0,49.4505,0
3.2976,0,49.464,0,3.2976,0,49.464,0
3.2985,0,49.4775,0,3.2985,0,49.4775,0
3.2994,0,49.491,0,3.2994,0,49.491,0
3.3003,0,49.5045,0,3.3003,0,49.5045,0
3.3012,0,49.518,0,3.3012,0,49.518,0
3.3021,0,49.5315,0,3.3021,0,49.5315,0
3.303,0,49.545,0,3.303,0,49.545,0
3.3039,0,49.5585,0,3.3039,0,49.5585,0
3.3048,0,49.572,0,3.3048,0,49.572,0
3.3057,0,49.5855,0,3.3057,0,49.5855,0
3.3066,0,49.599,0,3.3066,0,49.599,0
3.3075,0,49.6125,0,3.3075,0,49.6125,0
3.3084,0,49.626,0,3.3084,0,49.626,0
3.3093,0,49.6395,0,3.3093,0,49.6395,0
3.3102,0,49.653,0,3.3102,0,49.653,0
3.3111,0,49.6665,0,3.3111,0,49.6665,0
3.312,0,49.68,0,3.312,0,49.68,0
3.3129,0,49.6935,0,3.3129,0,49.6935,0
3.3138,0,49.707,0,3.3138,0,49.707,0
3.3147,0,49.7205,0,3.3147,0,49.7205,0
3.3156,0,49.734,0,3.3156,0,49.734,0
3.3165,0,49.7475,0,3.3165,0,49.7475,0
3.3174,0,49.761,0,3.3174,0,49.761,0
3.3183,0,49.7745,0,3.3183,0,49.7745,0
3.3192,0,49.788,0,3.3192,0,49.788,0
3.3201,0,49.8015,0,3.3201,0,49.8015,0
3.321,0,49.815,0,3.321,0,49.815,0
3.3219,0,49.8285,0,3.3219,0,49.8285,0
3.3228,0,49.842,0,3.3228,0,49.842,0
3.3237,0,49.8555,0,3.3237,0,49.8555,0
3.3246,0,49.869,0,3.3246,0,49.869,0
3.3255,0,49.8825,0,3.3255,0,49.8825,0
3.3264,0,49.896,0,3.3264,0,49.896,0
3.3273,0,49.9095,0,3.3273,0,49.9095,0
3.3282,0,49.923,0,3.3282,0,49.923,0
3.3291,0,49.9365,0,3.3291,0,49.9365,0
3.33,0,49.95,0,3.33,0,49.95,0
3.3309,0,49.9635,0,3.3309,0,49.9635,0
3.3318,0,49.977,0,3.3318,0,49.977,0
3.3327,0,49.9905,0,3.3327,0,49.9905,0
3.3336,0,50.004,0,3.3336,0,50.004,0
3.3345,0,50.0175,0,3.3345,0,50.0175,0
3.3354,0,50.031,0,3.3354,0,50.031,0
3.3363,0,50.0445,0,3.3363,0,50.0445,0
3.3372,0,50.058,0,3.3372,0,50.058,0
3.3381,0,50.0715,0,3.3381,0,50.0715,0
3.339,0,50.085,0,3.339,0,50.085,0
3.3399,0,50.0985,0,3.3399,0,50.0985,0
3.3408,0,50.112,0,3.3408,0,50.112,0
3.3417,0,50.1255,0,3.3417,0,50.1255,0
3.3426,0,50.139,0,3.3426,0,50.139,0
3.3435,0,50.1525,0,3.3435,0,50.1525,0
3.3444,0,50.166,0,3.3444,0,50.166,0
3.3453,0,50.1795,0,3.3453,0,50.1795,0
3.3462,0,50.193,0,3.3462,0,50.193,0
3.3471,0,50.2065,0,3.3471,0,50.2065,0
3.348,0,50.22,0,3.348,0,50.22,0
3.3489,0,50.2335,0,3.3489,0,50.2335,0
3.3498,0,50.247,0,3.3498,0,50.247,0
3.3507,0,50.2605,0,3.3507,0,50.2605,0
3.3516,0,50.274,0,3.3516,0,50.274,0
3.3525,0,50.2875,0,3.3525,0,50.2875,0
3.3534,0,50.301,0,3.3534,0,50.301,0
3.3543,0,50.3145,0,3.3543,0,50.3145,0
3.3552,0,50.328,0,3.3552,0,50.328,0
3.3561,0,50.3415,0,3.3561,0,50.3415,0
3.357,0,50.355,0,3.357,0,50.355,0
3.3579,0,50.3685,0,3.3579,0,50.3685,0
3.3588,0,50.382,0,3.3588,0,50.382,0
3.3597,0,50.3955,0,3.3597,0,50.3955,0
3.3606,0,50.409,0,3.3606,0,50.409,0
3.3615,0,50.4225,0,3.3615,0,50.4225,0
3.3624,0,50.436,0,3.3624,0,50.436,0
3.3633,0,50.4495,0,3.3633,0,50.4495,0
3.3642,0,50.463,0,3.3642,0,50.463,0
3.3651,0,50.4765,0,3.3651,0,50.4765,0
3.366,0,50.49,0,3.366,0,50.49,0
3.3669,0,50.5035,0,3.3669,0,50.5035,0
3.3678,0,50.517,0,3.3678,0,50.517,0
3.3687,0,50.5305,0,3.3687,0,50.5305,0
3.3696,0,50.544,0,3.3696,0,50.544,0
3.3705,0,50.5575,0,3.3705,0,50.5575,0
3.3714,0,50.571,0,3.3714,0,50.571,0
3.3723,0,50.5845,0,3.3723,0,50.5845,0
3.3732,0,50.598,0,3.3732,0,50.598,0
3.3741,0,50.6115,0,3.3741,0,50.6115,0
3.375,0,50.625,0,3.375,0,50.625,0
3.3759,0,50.6385,0,3.3759,0,50.6385,0
3.3768,0,50.652,0,3.3768,0,50.652,0
3.3777,0,50.6655,0,3.3777,0,50.6655,0
3.3786,0,50.679,0,3.3786,0,50.679,0
3.3795,0,50.6925,0,3.3795,0,50.6925,0
3.3804,0,50.706,0,3.3804,0,50.706,0
3.3813,0,50.7195,0,3.3813,0,50.7195,0
3.3822,0,50.733,0,3.3822,0,50.733,0
3.3831,0,50.7465,0,3.3831,0,50.7465,0
3.384,0,50.76,0,3.384,0,50.76,0
3.3849,0,50.7735,0,3.3849,0,50.7735,0
3.3858,0,50.787,0,3.3858,0,50.787,0
3.3867,0,50.8005,0,3.3867,0,50.8005,0
3.3876,0,50.814,0,3.3876,0,50.814,0
3.3885,0,50.8275,0,3.3885,0,50.8275,0
3.3894,0,50.841,0,3.3894,0,50.841,0
3.3903,0,50.8545,0,3.3903,0,50.8545,0
3.3912,0,50.868,0,3.3912,0,50.868,0
3.3921,0,50.8815,0,3.3921,0,50.8815,0
3.393,0,50.895,0,3.393,0,50.895,0
3.3939,0,50.9085,0,3.3939,0,50.9085,0
3.3948,0,50.922,0,3.3948,0,50.922,0
3.3957,0,50.9355,0,3.3957,0,50.9355,0
3.3966,0,50.949,0,3.3966,0,50.949,0
3.3975,0,50.9625,0,3.3975,0,50.9625,0
3.3984,0,50.976,0,3.3984,0,50.976,0
3.3993,0,50.9895,0,3.3993,0,50.9895,0
3.4002,0,51.003,0,3.4002,0,51.003,0
3.4011,0,51.0165,0,3.4011,0,51.0165,0
3.402,0,51.03,0,3.402,0,51.03,0
3.4029,0,51.0435,0,3.4029,0,51.0435,0
3.4038,0,51.057,0,3.4038,0,51.057,0
3.4047,0,51.0705,0,3.4047,0,51.0705,0
3.4056,0,51.084,0,3.4056,0,51.084,0
3.4065,0,51.0975,0,3.4065,0,51.0975,0
3.4074,0,51.111,0,3.4074,0,51.111,0
3.4083,0,51.1245,0,3.4083,0,51.1245,0
3.4092,0,51.138,0,3.4092,0,51.138,0
3.4101,0,51.1515,0,3.4101,0,51.1515,0
3.411,0,51.165,0,3.411,0,51.165,0
3.4119,0,51.1785,0,3.4119,0,51.1785,0
3.4128,0,51.192,0,3.4128,0,51.192,0
3.4137,0,51.2055,0,3.4137,0,51.2055,0
3.4146,0,51.219,0,3.4146,0,51.219,0
3.4155,0,51.2325,0,3.4155,0,51.2325,0
3.4164,0,51.246,0,3.4164,0,51.246,0
3.4173,0,51.2595,0,3.4173,0,51.2595,0
3.4182,0,51.273,0,3.4182,0,51.273,0
3.4191,0,51.2865,0,3.4191,0,51.2865,0
3.42,0,51.3,0,3.42,0,51.3,0
3.4209,0,51.3135,0,3.4209,0,51.3135,0
3.4218,0,51.327,0,3.4218,0,51.327,0
3.4227,0,51.3405,0,3.4227,0,51.3405,0
3.4236,0,51.354,0,3.4236,0,51.354,0
3.4245,0,51.3675,0,3.4245,0,51.3675,0
3.4254,0,51.381,0,3.4254,0,51.381,0
3.4263,0,51.3945,0,3.4263,0,51.3945,0
3.4272,0,51.408,0,3.4272,0,51.408,0
3.4281,0,51.4215,0,3.4281,0,51.4215,0
3.429,0,51.435,0,3.429,0,51.435,0
3.4299,0,51.4485,0,3.4299,0,51.4485,0
3.4308,0,51.462,0,3.4308,0,51.462,0
3.4317,0,51.4755,0,3.4317,0,51.4755,0
3.4326,0,51.489,0,3.4326,0,51.489,0
3.4335,0,51.5025,0,3.4335,0,51.5025,0
3.4344,0,51.516,0,3.4344,0,51.516,0
3.4353,0,51.5295,0,3.4353,0,51.5295,0
3.4362,0,51.543,0,3.4362,0,51.543,0
3.4371,0,51.5565,0,3.4371,0,51.5565,0
3.438,0,51.57,0,3.438,0,51.57,0
3.4389,0,51.5835,0,3.4389,0,51.5835,0
3.4398,0,51.597,0,3.4398,0,51.597,0
3.4407,0,51.6105,0,3.4407,0,51.6105,0
3.4416,0,51.624,0,3.4416,0,51.624,0
3.4425,0,51.6375,0,3.4425,0,51.6375,0
3.4434,0,51.651,0,3.4434,0,51.651,0
3.4443,0,51.6645,0,3.4443,0,51.6645,0
3.4452,0,51.678,0,3.4452,0,51.678,0
3.4461,0,51.6915,0,3.4461,0,51.6915,0
3.447,0,51.705,0,3.447,0,51.705,0
3.4479,0,51.7185,0,3.4479,0,51.7185,0
3.4488,0,51.732,0,3.4488,0,51.732,0
3.4497,0,51.7455,0,3.4497,0,51.7455,0
3.4506,0,51.759,0,3.4506,0,51.759,0
3.4515,0,51.7725,0,3.4515,0,51.7725,0
3.4524,0,51.786,0,3.4524,0,51.786,0
3.4533,0,51.7995,0,3.4533,0,51.7995,0
3.4542,0,51.813,0,3.4542,0,51.813,0
3.4551,0,51.8265,0,3.4551,0,51.8265,0
3.456,0,51.84,0,3.456,0,51.84,0
3.4569,0,51.8535,0,3.4569,0,51.8535,0
3.4578,0,51.867,0,3.4578,0,51.867,0
3.4587,0,51.8805,0,3.4587,0,51.8805,0
3.4596,0,51.894,0,3.4596,0,51.894,0
3.4605,0,51.9075,0,3.4605,0,51.9075,0
3.4614,0,51.921,0,3.4614,0,51.921,0
3.4623,0,51.9345,0,3.4623,0,51.9345,0
3.4632,0,51.948,0,3.4632,0,51.948,0
3.4641,0,51.9615,0,3.4641,0,51.9615,0
3.465,0,51.975,0,3.465,0,51.975,0
3.4659,0,51.9885,0,3.4659,0,51.9885,0
3.4668,0,52.002,0,3.4668,0,52.002,0
3.4677,0,52.0155,0,3.4677,0,52.0155,0
3.4686,0,52.029,0,3.4686,0,52.029,0
3.4695,0,52.0425,0,3.4695,0,52.0425,0
3.4704,0,52.056,0,3.4704,0,52.056,0
3.4713,0,52.0695,0,3.4713,0,52.0695,0
3.4722,0,52.083,0,3.4722,0,52.083,0
3.4731,0,52.0965,0,3.4731,0,52.0965,0
3.474,0,52.11,0,3.474,0,52.11,0
3.4749,0,52.1235,0,3.4749,0,52.1235,0
3.4758,0,52.137,0,3.4758,0,52.137,0
3.4767,0,52.1505,0,3.4767,0,52.1505,0
3.4776,0,52.164,0,3.4776,0,52.164,0
3.4785,0,52.1775,0,3.4785,0,52.1775,0
3.4794,0,52.191,0,3.4794,0,52.191,0
3.4803,0,52.2045,0,3.4803,0,52.2045,0
3.4812,0,52.218,0,3.4812,0,52.218,0
3.4821,0,52.2315,0,3.4821,0,52.2315,0
3.483,0,52.245,0,3.483,0,52.245,0
3.4839,0,52.2585,0,3.4839,0,52.2585,0
3.4848,0,52.272,0,3.4848,0,52.272,0
3.4857,0,52.2855,0,3.4857,0,52.2855,0
3.4866,0,52.299,0,3.4866,0,52.299,0
3.4875,0,52.3125,0,3.4875,0,52.3125,0
3.4884,0,52.326,0,3.4884,0,52.326,0
3.4893,0,52.3395,0,3.4893,0,52.3395,0
3.4902,0,52.353,0,3.4902,0,52.353,0
3.4911,0,52.3665,0,3.4911,0,52.3665,0
3.492,0,52.38,0,3.492,0,52.38,0
3.4929,0,52.3935,0,3.4929,0,52.3935,0
3.4938,0,52.407,0,3.4938,0,52.407,0
3.4947,0,52.4205,0,3.4947,0,52.4205,0
3.4956,0,52.434,0,3.4956,0,52.434,0
