X[s],"Trigno IM sensor 3: EMG 3 (IM)",X[s],"Trigno IM sensor 3: Mag 3.Z (IM)",X[s],"Trigno IM sensor 4: EMG 4 (IM)",X[s],"Trigno IM sensor 4: Mag 4.Z (IM)"
0.000000,-1.040665E-05,0.000000,124,0.000000,1.242084E-05,0.000000,-4
0.0009,-6.948959E-05,0.0135,123,0.0009,3.524834E-05,0.0135,-2
0.0018,-5.975433E-05,0.027,124,0.0018,2.1149E-05,0.027,-2
0.0027,3.927672E-05,0.0405,124,0.0027,3.692683E-06,0.0405,-4
0.0036,0.0001574426,0.054,123,0.0036,-1.107805E-05,0.054,-3
0.0045,0.0003138781,0.0675,124,0.0045,1.242084E-05,0.0675,-2
0.0054,0.0004881056,0.081,122,0.0054,-1.980621E-05,0.081,-5
0.0063,0.0003078355,0.0945,123,0.0063,-2.887007E-05,0.0945,-2
0.0072,-3.793393E-05,0.108,124,0.0072,-4.129091E-05,0.108,-4
0.0081,-0.0001789273,0.1215,123,0.0081,-7.418937E-05,0.1215,-5
0.009000001,-0.0002984359,0.135,123,0.009000001,-5.572595E-05,0.135,-1
0.0099,-0.0005196612,0.1485,123,0.0099,-2.719158E-05,0.1485,-5
0.0108,-0.0004377508,0.162,123,0.0108,-5.404745E-05,0.162,-4
0.0117,-0.0001534142,0.1755,123,0.0117,-8.69459E-05,0.1755,-1
0.0126,-9.500267E-05,0.189,122,0.0126,-8.426032E-05,0.189,-1
0.0135,-2.21561E-05,0.2025,123,0.0135,-9.701686E-05,0.2025,-4
0.0144,1.678492E-06,0.216,122,0.0144,-7.385367E-05,0.216,-2
0.0153,-4.36408E-06,0.2295,123,0.0153,-2.920577E-05,0.2295,-2
0.0162,7.284657E-05,0.243,124,0.0162,9.735256E-06,0.243,-5
0.0171,4.800488E-05,0.2565,125,0.0171,3.927672E-05,0.2565,-6
0.018,-5.673304E-05,0.27,122,0.018,2.349889E-05,0.27,-2
0.0189,-3.793393E-05,0.2835,125,0.0189,-3.927672E-05,0.2835,-3
0.0198,-1.678492E-06,0.297,122,0.0198,-4.33051E-05,0.297,-2
0.0207,-2.014191E-05,0.3105,124,0.0207,-3.692683E-05,0.3105,-4
0.0216,0.0001198444,0.324,123,0.0216,-3.625543E-05,0.324,-3
0.0225,0.0002010834,0.3375,123,0.0225,-3.659113E-05,0.3375,-3
0.0234,0.0002537881,0.351,123,0.0234,-2.24918E-05,0.351,-1
0.0243,0.0001977264,0.3645,123,0.0243,-5.706874E-06,0.3645,0
0.0252,6.915389E-05,0.378,123,0.0252,-2.652018E-05,0.378,-2
0.0261,-0.0001064164,0.3915,123,0.0261,-7.049668E-06,0.3915,-5
0.027,-0.000197055,0.405,124,0.027,2.752728E-05,0.405,-1
0.0279,-0.0002601663,0.4185,123,0.0279,2.517739E-05,0.4185,-3
0.0288,-0.0001221943,0.432,122,0.0288,4.263371E-05,0.432,-3
0.0297,-6.042573E-06,0.4455,123,0.0297,2.786297E-05,0.4455,-1
0.0306,1.678492E-05,0.459,122,0.0306,6.378271E-06,0.459,-1
0.0315,7.318227E-05,0.4725,122,0.0315,-1.812772E-05,0.4725,0
0.0324,4.095522E-05,0.486,123,0.0324,-5.136187E-05,0.486,-3
0.0333,1.477073E-05,0.4995,122,0.0333,-1.947051E-05,0.4995,0
0.0342,-4.36408E-06,0.513,123,0.0342,-1.409934E-05,0.513,-4
0.0351,-5.001907E-05,0.5265,123,0.0351,-6.344701E-05,0.5265,-3
0.036,1.174945E-05,0.54,123,0.036,-2.349889E-05,0.54,-3
0.0369,0.0001393149,0.5535,122,0.0369,1.342794E-06,0.5535,0
0.0378,7.888914E-05,0.567,122,0.0378,-4.733349E-05,0.567,-3
0.0387,-7.049668E-06,0.5805,123,0.0387,-2.450599E-05,0.5805,0
0.0396,-7.351797E-05,0.594,122,0.0396,2.517739E-05,0.594,-4
0.0405,-0.0002111543,0.6075,122,0.0405,1.242084E-05,0.6075,-4
0.0414,-0.0001349508,0.621,123,0.0414,-7.083238E-05,0.621,0
0.0423,5.035477E-06,0.6345,122,0.0423,-0.0001386435,0.6345,-1
0.0432,1.913481E-05,0.648,123,0.0432,-0.0001121233,0.648,-2
0.0441,1.107805E-05,0.6615,123,0.0441,-6.411841E-05,0.6615,-4
0.045,3.121996E-05,0.675,122,0.045,-3.860533E-05,0.675,1
0.0459,1.846342E-05,0.6885,123,0.0459,-1.342794E-06,0.6885,-1
0.0468,-4.800488E-05,0.702,122,0.0468,7.150377E-05,0.702,-1
0.0477,-1.174945E-05,0.7155,124,0.0477,9.164568E-05,0.7155,-1
0.0486,1.376364E-05,0.729,124,0.0486,-2.349889E-05,0.729,-1
0.0495,-9.063859E-06,0.7425,123,0.0495,-8.459602E-05,0.7425,-1
0.0504,6.411841E-05,0.756,122,0.0504,-9.634547E-05,0.756,-2
0.0513,8.560311E-05,0.7695,123,0.0513,-0.0001077592,0.7695,-1
0.0522,8.560311E-05,0.783,123,0.0522,-7.888914E-05,0.783,-1
0.0531,6.848249E-05,0.7965,121,0.0531,1.309224E-05,0.7965,-1
0.054,4.565499E-05,0.81,123,0.054,4.061952E-05,0.81,-3
0.0549,-4.867628E-05,0.8235,121,0.0549,7.318227E-05,0.8235,0
0.0558,-9.567407E-05,0.837,123,0.0558,4.229801E-05,0.837,0
0.0567,-2.719158E-05,0.8505,123,0.0567,8.224613E-05,0.8505,-1
0.0576,-2.517739E-05,0.864,124,0.0576,9.634547E-05,0.864,-3
0.0585,-4.196231E-05,0.8775,123,0.0585,3.189136E-05,0.8775,-1
0.0594,-8.056763E-06,0.891,124,0.0594,4.699779E-06,0.891,-4
0.0603,-1.644922E-05,0.9045,123,0.0603,1.779202E-05,0.9045,-1
0.0612,5.706874E-06,0.918,123,0.0612,-7.721065E-06,0.918,-4
0.0621,2.383459E-05,0.9315,123,0.0621,-5.270466E-05,0.9315,-1
0.063,2.047761E-05,0.945,124,0.063,-5.706874E-06,0.945,-1
0.0639,-1.007095E-06,0.9585,123,0.0639,1.275654E-05,0.9585,-1
0.0648,6.076142E-05,0.972,123,0.0648,-5.136187E-05,0.972,-3
0.0657,8.96315E-05,0.9855,122,0.0657,-0.0001339437,0.9855,-3
0.0666,6.210422E-05,0.999,121,0.0666,-0.0001238727,0.999,-2
0.0675,8.560311E-05,1.0125,121,0.0675,-7.318227E-05,1.0125,-4
0.0684,5.337606E-05,1.026,121,0.0684,-3.189136E-05,1.026,-3
0.0693,6.814679E-05,1.0395,121,0.0693,-5.673304E-05,1.0395,-2
0.0702,4.263371E-05,1.053,122,0.0702,-1.779202E-05,1.053,-3
0.0711,0.0001604639,1.0665,121,0.0711,4.129091E-05,1.0665,-1
0.072,-1.141375E-05,1.08,120,0.072,6.009003E-05,1.08,-3
0.0729,-0.0002299535,1.0935,120,0.0729,2.920577E-05,1.0935,-2
0.07380001,-0.000203769,1.107,120,0.07380001,5.304036E-05,1.107,-2
0.07470001,-0.0001977264,1.1205,119,0.07470001,3.222705E-05,1.1205,-7
0.0756,-0.0002225681,1.134,120,0.0756,-4.39765E-05,1.134,-4
0.0765,-0.0002010834,1.1475,122,0.0765,-3.323415E-05,1.1475,-8
0.0774,-0.0001010452,1.161,120,0.0774,-3.256275E-05,1.161,-6
0.0783,-5.371176E-05,1.1745,121,0.0783,-4.46479E-05,1.1745,-7
0.0792,-7.049668E-06,1.188,120,0.0792,-1.107805E-05,1.188,-7
0.0801,-4.36408E-06,1.2015,121,0.0801,7.049668E-06,1.2015,-2
0.081,-3.726253E-05,1.215,119,0.081,-1.913481E-05,1.215,-6
0.0819,2.349889E-06,1.2285,119,0.0819,-5.471885E-05,1.2285,-3
0.0828,4.061952E-05,1.242,120,0.0828,-8.459602E-05,1.242,-6
0.0837,0.000102388,1.2555,120,0.0837,-6.948959E-05,1.2555,-4
0.0846,0.0001440146,1.269,120,0.0846,-8.493171E-05,1.269,-3
0.0855,0.000112459,1.2825,121,0.0855,-0.0001329366,1.2825,-5
0.0864,8.661021E-05,1.296,120,0.0864,-0.0001399863,1.296,-2
0.0873,8.023193E-05,1.3095,120,0.0873,-5.337606E-05,1.3095,-5
0.0882,1.510643E-05,1.323,121,0.0882,3.356985E-07,1.323,-2
0.0891,-8.526741E-05,1.3365,120,0.0891,-1.678492E-06,1.3365,-2
0.09,-5.136187E-05,1.35,119,0.09,9.903105E-05,1.35,-4
0.0909,-4.33051E-05,1.3635,119,0.0909,0.000109102,1.3635,-1
0.0918,-0.000105745,1.377,120,0.0918,4.263371E-05,1.377,-4
0.0927,-0.0001514,1.3905,121,0.0927,1.107805E-05,1.3905,-1
0.0936,-1.309224E-05,1.404,120,0.0936,1.712062E-05,1.404,-5
0.09450001,0.0001836271,1.4175,120,0.09450001,-1.007095E-06,1.4175,-3
0.09540001,0.0001426719,1.431,121,0.09540001,-3.591974E-05,1.431,-4
0.09630001,6.076142E-05,1.4445,120,0.09630001,-2.584878E-05,1.4445,-4
0.0972,1.309224E-05,1.458,120,0.0972,-1.510643E-05,1.458,-2
0.0981,-2.551309E-05,1.4715,119,0.0981,-2.484169E-05,1.4715,0
0.099,-0.0001641566,1.485,120,0.099,-5.807584E-05,1.485,-2
0.0999,-0.0001571069,1.4985,121,0.0999,-4.666209E-05,1.4985,-2
0.1008,-0.0001003738,1.512,120,0.1008,-1.678492E-06,1.512,0
0.1017,-9.399558E-06,1.5255,119,0.1017,-2.618448E-05,1.5255,-4
0.1026,3.155566E-05,1.539,120,0.1026,-6.076142E-05,1.539,0
0.1035,7.049668E-06,1.5525,120,0.1035,-3.356985E-07,1.5525,-2
0.1044,-1.678492E-06,1.566,119,0.1044,7.721065E-06,1.566,-3
0.1053,-6.881819E-05,1.5795,122,0.1053,-3.524834E-05,1.5795,-3
0.1062,-0.000172549,1.593,120,0.1062,-3.759823E-05,1.593,-3
0.1071,-5.539025E-05,1.6065,120,0.1071,-2.18204E-05,1.6065,0
0.108,-1.040665E-05,1.62,119,0.108,0,1.62,0
0.1089,1.846342E-05,1.6335,120,0.1089,-2.18204E-05,1.6335,-2
0.1098,5.304036E-05,1.647,120,0.1098,-9.030289E-05,1.647,-5
0.1107,9.634547E-05,1.6605,120,0.1107,-7.049668E-05,1.6605,-1
0.1116,0.0001299153,1.674,119,0.1116,-2.450599E-05,1.674,-1
0.1125,8.157473E-05,1.6875,120,0.1125,-3.860533E-05,1.6875,-3
0.1134,-3.121996E-05,1.701,119,0.1134,-5.941863E-05,1.701,-5
0.1143,-3.021286E-06,1.7145,120,0.1143,2.24918E-05,1.7145,-1
0.1152,-2.24918E-05,1.728,121,0.1152,6.478981E-05,1.728,-3
0.1161,-1.980621E-05,1.7415,120,0.1161,3.826963E-05,1.7415,-3
0.117,-6.411841E-05,1.755,120,0.117,6.948959E-05,1.755,-6
0.1179,-6.344701E-05,1.7685,120,0.1179,5.035477E-05,1.7685,-1
0.1188,-3.692683E-06,1.782,119,0.1188,-6.51255E-05,1.782,-5
0.1197,5.606165E-05,1.7955,120,0.1197,-8.795301E-05,1.7955,-2
0.1206,4.196231E-05,1.809,119,0.1206,-5.404745E-05,1.809,-1
0.1215,2.887007E-05,1.8225,118,0.1215,-4.061952E-05,1.8225,-4
0.1224,-6.713969E-07,1.836,121,0.1224,-3.759823E-05,1.836,-2
0.1233,-2.349889E-06,1.8495,121,0.1233,-8.056763E-06,1.8495,-1
0.1242,3.491264E-05,1.863,120,0.1242,8.426032E-05,1.863,-6
0.1251,1.644922E-05,1.8765,119,0.1251,6.61326E-05,1.8765,0
0.126,2.24918E-05,1.89,120,0.126,-2.819867E-05,1.89,0
0.1269,5.774014E-05,1.9035,119,0.1269,-3.524834E-05,1.9035,0
0.1278,3.189136E-05,1.917,120,0.1278,3.356985E-07,1.917,0
0.1287,5.035477E-05,1.9305,120,0.1287,-1.309224E-05,1.9305,-2
0.1296,5.337606E-05,1.944,120,0.1296,-7.754635E-05,1.944,-1
0.1305,-1.409934E-05,1.9575,119,0.1305,-6.915389E-05,1.9575,-5
0.1314,3.726253E-05,1.971,118,0.1314,-2.081331E-05,1.971,-5
0.1323,-1.510643E-05,1.9845,118,0.1323,-6.042573E-06,1.9845,0
0.1332,-0.0002017548,1.998,119,0.1332,-2.014191E-05,1.998,-1
0.1341,-9.970245E-05,2.0115,119,0.1341,-3.021286E-06,2.0115,-1
0.135,3.256275E-05,2.025,118,0.135,-8.056763E-06,2.025,-4
0.1359,-3.021286E-06,2.0385,118,0.1359,-7.049668E-06,2.0385,-3
0.1368,-2.618448E-05,2.052,120,0.1368,-3.927672E-05,2.052,-6
0.1377,2.920577E-05,2.0655,119,0.1377,-5.069047E-05,2.0655,0
0.1386,1.544213E-05,2.079,119,0.1386,-3.054856E-05,2.079,-1
0.1395,-4.867628E-05,2.0925,118,0.1395,-5.505455E-05,2.0925,-1
0.1404,-0.0001080949,2.106,120,0.1404,-5.304036E-05,2.106,-2
0.1413,7.888914E-05,2.1195,118,0.1413,2.752728E-05,2.1195,-4
0.1422,0.000235996,2.133,119,0.1422,4.43122E-05,2.133,-1
0.1431,0.0001171588,2.1465,118,0.1431,2.987716E-05,2.1465,-4
0.144,0.0001050736,2.16,117,0.144,2.484169E-05,2.16,-7
0.1449,7.016098E-05,2.1735,119,0.1449,-7.049668E-06,2.1735,-2
0.1458,-0.0001842985,2.187,119,0.1458,-4.867628E-05,2.187,-3
0.1467,-0.0002769512,2.2005,120,0.1467,-3.826963E-05,2.2005,-3
0.1476,-0.0001997406,2.214,119,0.1476,-1.107805E-05,2.214,-4
0.1485,-0.0001571069,2.2275,119,0.1485,-4.028382E-06,2.2275,-5
0.1494,-5.572595E-05,2.241,118,0.1494,-1.174945E-05,2.241,-2
0.1503,4.46479E-05,2.2545,119,0.1503,5.706874E-06,2.2545,-3
0.1512,2.584878E-05,2.268,117,0.1512,5.841154E-05,2.268,-2
0.1521,-2.987716E-05,2.2815,118,0.1521,1.779202E-05,2.2815,-4
0.153,6.042573E-06,2.295,119,0.153,-2.786297E-05,2.295,-3
0.1539,9.063859E-06,2.3085,119,0.1539,-3.860533E-05,2.3085,-1
0.1548,-1.242084E-05,2.322,120,0.1548,-3.826963E-05,2.322,-2
0.1557,-2.349889E-06,2.3355,120,0.1557,-4.934768E-05,2.3355,-2
0.1566,-2.014191E-06,2.349,120,0.1566,-0.0001010452,2.349,0
0.1575,4.36408E-06,2.3625,121,0.1575,-8.023193E-05,2.3625,-3
0.1584,7.754635E-05,2.376,120,0.1584,-6.6804E-05,2.376,-4
0.1593,6.881819E-05,2.3895,119,0.1593,-9.130999E-05,2.3895,-2
0.1602,3.625543E-05,2.403,120,0.1602,-5.874724E-05,2.403,-5
0.1611,5.975433E-05,2.4165,119,0.1611,2.584878E-05,2.4165,-2
0.162,9.600977E-05,2.43,118,0.162,3.558404E-05,2.43,-5
0.1629,7.385367E-06,2.4435,119,0.1629,7.721065E-06,2.4435,-1
0.1638,7.989624E-05,2.457,120,0.1638,-1.678492E-05,2.457,-3
0.1647,0.0001305867,2.4705,119,0.1647,-6.713969E-07,2.4705,-4
0.1656,-0.0001111162,2.484,121,0.1656,-3.021286E-06,2.484,0
0.1665,-0.0002077974,2.4975,121,0.1665,-5.102617E-05,2.4975,-3
0.1674,-8.996719E-05,2.511,118,0.1674,-6.478981E-05,2.511,0
0.1683,-7.016098E-05,2.5245,119,0.1683,-1.644922E-05,2.5245,-4
0.1692,-0.0001681849,2.538,121,0.1692,-9.735256E-06,2.538,-2
0.1701,-0.0001319295,2.5515,120,0.1701,-3.524834E-05,2.5515,-3
0.171,-8.661021E-05,2.565,119,0.171,1.376364E-05,2.565,-1
0.1719,-6.51255E-05,2.5785,119,0.1719,-1.275654E-05,2.5785,-2
0.1728,8.728161E-06,2.592,119,0.1728,-7.989624E-05,2.592,-3
0.1737,-3.692683E-05,2.6055,120,0.1737,-7.418937E-05,2.6055,-3
0.1746,-5.203327E-05,2.619,119,0.1746,-3.256275E-05,2.619,0
0.1755,5.035477E-06,2.6325,118,0.1755,-3.390555E-05,2.6325,-6
0.1764,2.450599E-05,2.646,118,0.1764,-3.659113E-05,2.646,0
0.1773,6.311131E-05,2.6595,119,0.1773,-5.169757E-05,2.6595,-3
0.1782,0.0001164874,2.673,119,0.1782,-8.056763E-06,2.673,-4
0.1791,0.0001141375,2.6865,119,0.1791,-7.049668E-06,2.6865,-3
0.18,4.36408E-05,2.7,119,0.18,-5.740444E-05,2.7,-3
0.1809,7.553216E-05,2.7135,118,0.1809,-0.000148043,2.7135,-1
0.1818,1.779202E-05,2.727,120,0.1818,-8.96315E-05,2.727,-1
0.1827,-4.061952E-05,2.7405,120,0.1827,-2.047761E-05,2.7405,0
0.1836,5.438316E-05,2.754,119,0.1836,2.014191E-05,2.754,-5
0.1845,-5.001907E-05,2.7675,118,0.1845,9.970245E-05,2.7675,-3
0.1854,-0.0001379721,2.781,119,0.1854,0.0001238727,2.781,0
0.1863,-2.18204E-05,2.7945,120,0.1863,0.0001070878,2.7945,-2
0.1872,-2.081331E-05,2.808,119,0.1872,9.634547E-05,2.808,-4
0.1881,-2.584878E-05,2.8215,119,0.1881,5.706874E-05,2.8215,-2
0.189,-1.980621E-05,2.835,118,0.189,1.141375E-05,2.835,0
0.1899,-1.779202E-05,2.8485,119,0.1899,-6.378271E-06,2.8485,-5
0.1908,3.692683E-06,2.862,119,0.1908,-3.793393E-05,2.862,0
0.1917,9.063859E-06,2.8755,120,0.1917,-2.383459E-05,2.8755,0
0.1926,1.846342E-05,2.889,120,0.1926,-1.409934E-05,2.889,0
0.1935,4.196231E-05,2.9025,121,0.1935,-3.659113E-05,2.9025,-2
0.1944,3.457694E-05,2.916,119,0.1944,-4.095522E-05,2.916,-2
0.1953,6.042573E-06,2.9295,120,0.1953,-3.155566E-05,2.9295,-2
0.1962,2.719158E-05,2.943,121,0.1962,-4.901198E-05,2.943,0
0.1971,4.49836E-05,2.9565,120,0.1971,-6.311131E-05,2.9565,-4
0.198,9.063859E-06,2.97,120,0.198,-5.337606E-05,2.97,-5
0.1989,1.443504E-05,2.9835,120,0.1989,-3.121996E-05,2.9835,-3
0.1998,-3.256275E-05,2.997,119,0.1998,-3.860533E-05,2.997,-3
0.2007,-6.814679E-05,3.0105,119,0.2007,-3.726253E-05,3.0105,-5
0.2016,-2.786297E-05,3.024,118,0.2016,-2.349889E-05,3.024,-1
0.2025,3.323415E-05,3.0375,120,0.2025,-4.632639E-05,3.0375,-3
0.2034,3.826963E-05,3.051,120,0.2034,-6.915389E-05,3.051,0
0.2043,8.392462E-05,3.0645,0,0.2043,-8.392462E-05,3.0645,0
0.2052,0.0001577783,3.078,0,0.2052,-4.800488E-05,3.078,0
0.2061,0.0001487144,3.0915,0,0.2061,1.477073E-05,3.0915,0
0.207,0.0001178302,3.105,0,0.207,6.042573E-05,3.105,0
0.2079,5.337606E-05,3.1185,0,0.2079,5.706874E-05,3.1185,0
0.2088,-0.0001211871,3.132,0,0.2088,3.390555E-05,3.132,0
0.2097,-0.0003259632,3.1455,0,0.2097,-2.349889E-06,3.1455,0
0.2106,-0.0003575189,3.159,0,0.2106,-4.565499E-05,3.159,0
0.2115,-0.0001064164,3.1725,0,0.2115,-6.042573E-05,3.1725,0
0.2124,-8.392462E-06,3.186,0,0.2124,-7.687495E-05,3.186,0
0.2133,-3.356985E-07,3.1995,0,0.2133,-0.0001225299,3.1995,0
0.2142,4.196231E-05,3.213,0,0.2142,-9.198138E-05,3.213,0
0.2151,7.620356E-05,3.2265,0,0.2151,-4.263371E-05,3.2265,0
0.216,7.486076E-05,3.24,0,0.216,2.1149E-05,3.24,0
0.2169,0.0001134661,3.2535,0,0.2169,6.143282E-05,3.2535,0
0.2178,3.189136E-05,3.267,0,0.2178,8.426032E-05,3.267,0
0.2187,-6.881819E-05,3.2805,0,0.2187,5.203327E-05,3.2805,0
0.2196,-0.0001185016,3.294,0,0.2196,3.726253E-05,3.294,0
0.2205,-7.687495E-05,3.3075,0,0.2205,-2.987716E-05,3.3075,0
0.2214,0.0001755703,3.321,0,0.2214,-8.69459E-05,3.321,0
0.2223,0.0001738918,3.3345,0,0.2223,-0.0001050736,3.3345,0
0.2232,7.284657E-05,3.348,0,0.2232,-0.0001000381,3.348,0
0.2241,-5.035477E-05,3.3615,0,0.2241,-0.0001033951,3.3615,0
0.225,-0.000105745,3.375,0,0.225,-2.584878E-05,3.375,0
0.2259,-0.0002124971,3.3885,0,0.2259,1.174945E-05,3.3885,0
0.2268,-0.000207126,3.402,0,0.2268,2.316319E-05,3.402,0
0.2277,-9.634547E-05,3.4155,0,0.2277,8.560311E-05,3.4155,0
0.2286,-4.196231E-05,3.429,0,0.2286,8.560311E-05,3.429,0
0.2295,4.061952E-05,3.4425,0,0.2295,2.24918E-05,3.4425,0
0.2304,5.606165E-05,3.456,0,0.2304,2.21561E-05,3.456,0
0.2313,4.263371E-05,3.4695,0,0.2313,-2.349889E-06,3.4695,0
0.2322,1.141375E-05,3.483,0,0.2322,1.007095E-05,3.483,0
0.2331,-3.021286E-05,3.4965,0,0.2331,4.699779E-06,3.4965,0
0.234,-3.289845E-05,3.51,0,0.234,-3.860533E-05,3.51,0
0.2349,1.040665E-05,3.5235,0,0.2349,-4.36408E-05,3.5235,0
0.2358,-3.289845E-05,3.537,0,0.2358,-1.141375E-05,3.537,0
0.2367,3.390555E-05,3.5505,0,0.2367,-2.887007E-05,3.5505,0
0.2376,0.0001242084,3.564,0,0.2376,-8.69459E-05,3.564,0
0.2385,9.063859E-05,3.5775,0,0.2385,-8.89601E-05,3.5775,0
0.2394,0.0001154803,3.591,0,0.2394,-9.298848E-05,3.591,0
0.2403,0.0001262226,3.6045,0,0.2403,-0.0001161517,3.6045,0
0.2412,8.023193E-05,3.618,0,0.2412,-5.203327E-05,3.618,0
0.2421,5.673304E-05,3.6315,0,0.2421,-3.021286E-06,3.6315,0
0.243,5.941863E-05,3.645,0,0.243,-1.443504E-05,3.645,0
0.2439,2.987716E-05,3.6585,0,0.2439,6.378271E-06,3.6585,0
0.2448,-0.0001705348,3.672,0,0.2448,-2.450599E-05,3.672,0
0.2457,-0.0002866865,3.6855,0,0.2457,0,3.6855,0
0.2466,-0.0001198444,3.699,0,0.2466,3.927672E-05,3.699,0
0.2475,-0.0001863127,3.7125,0,0.2475,3.860533E-05,3.7125,0
0.2484,-9.970245E-05,3.726,0,0.2484,5.471885E-05,3.726,0
0.2493,-1.141375E-05,3.7395,0,0.2493,3.994812E-05,3.7395,0
0.2502,1.107805E-05,3.753,0,0.2502,1.107805E-05,3.753,0
0.2511,-9.231708E-05,3.7665,0,0.2511,-1.644922E-05,3.7665,0
0.252,-0.0001007095,3.78,0,0.252,1.913481E-05,3.78,0
0.2529,-1.409934E-05,3.7935,0,0.2529,4.095522E-05,3.7935,0
0.2538,1.443504E-05,3.807,0,0.2538,1.376364E-05,3.807,0
0.2547,2.24918E-05,3.8205,0,0.2547,-1.107805E-05,3.8205,0
0.2556,1.947051E-05,3.834,0,0.2556,9.399558E-06,3.834,0
0.2565,0.0001064164,3.8475,0,0.2565,-8.728161E-06,3.8475,0
0.2574,1.309224E-05,3.861,0,0.2574,-5.102617E-05,3.861,0
0.2583,-2.853437E-05,3.8745,0,0.2583,-7.922484E-05,3.8745,0
0.2592,9.701686E-05,3.888,0,0.2592,-2.987716E-05,3.888,0
0.2601,9.802396E-05,3.9015,0,0.2601,-1.812772E-05,3.9015,0
0.261,-5.136187E-05,3.915,0,0.261,-6.948959E-05,3.915,0
0.2619,-3.860533E-05,3.9285,0,0.2619,-8.996719E-05,3.9285,0
0.2628,5.035477E-05,3.942,0,0.2628,-7.016098E-05,3.942,0
0.2637,8.459602E-05,3.9555,0,0.2637,-8.89601E-05,3.9555,0
0.2646,3.524834E-05,3.969,0,0.2646,-0.000133608,3.969,0
0.2655,-3.927672E-05,3.9825,0,0.2655,-5.807584E-05,3.9825,0
0.2664,-7.855344E-05,3.996,0,0.2664,-6.713969E-06,3.996,0
0.2673,-0.0001534142,4.0095,0,0.2673,1.678492E-06,4.0095,0
0.2682,-0.0001722133,4.023,0,0.2682,1.443504E-05,4.023,0
0.2691,-8.526741E-05,4.0365,0,0.2691,3.256275E-05,4.0365,0
0.27,0,4.05,0,0.27,1.174945E-05,4.05,0
0.2709,1.644922E-05,4.0635,0,0.2709,-1.812772E-05,4.0635,0
0.2718,2.1149E-05,4.077,0,0.2718,-5.270466E-05,4.077,0
0.2727,3.524834E-05,4.0905,0,0.2727,-1.107805E-05,4.0905,0
0.2736,2.014191E-06,4.104,0,0.2736,3.424125E-05,4.104,0
0.2745,-8.392462E-06,4.1175,0,0.2745,1.510643E-05,4.1175,0
0.2754,-2.652018E-05,4.131,0,0.2754,-7.049668E-06,4.131,0
0.2763,3.726253E-05,4.1445,0,0.2763,0,4.1445,0
0.2772,0.0001413291,4.158,0,0.2772,-2.551309E-05,4.158,0
0.2781,0.0002158541,4.1715,0,0.2781,-6.51255E-05,4.1715,0
0.279,0.0001218585,4.185,0,0.279,-2.786297E-05,4.185,0
0.2799,-4.599069E-05,4.1985,0,0.2799,-4.028382E-06,4.1985,0
0.2808,4.196231E-05,4.212,0,0.2808,-4.061952E-05,4.212,0
0.2817,5.270466E-05,4.2255,0,0.2817,-2.719158E-05,4.2255,0
0.2826,-6.143282E-05,4.239,0,0.2826,2.21561E-05,4.239,0
0.2835,-4.867628E-05,4.2525,0,0.2835,-2.18204E-05,4.2525,0
0.2844,1.376364E-05,4.266,0,0.2844,-9.768826E-05,4.266,0
0.2853,-4.196231E-05,4.2795,0,0.2853,-0.000119173,4.2795,0
0.2862,-3.088426E-05,4.293,0,0.2862,-6.915389E-05,4.293,0
0.2871,-8.627451E-05,4.3065,0,0.2871,-3.591974E-05,4.3065,0
0.288,-0.0001131304,4.32,0,0.288,-2.484169E-05,4.32,0
0.2889,-5.001907E-05,4.3335,0,0.2889,-2.383459E-05,4.3335,0
0.2898,2.584878E-05,4.347,0,0.2898,1.879912E-05,4.347,0
0.2907,6.344701E-05,4.3605,0,0.2907,-1.007095E-05,4.3605,0
0.2916,7.318227E-05,4.374,0,0.2916,-6.478981E-05,4.374,0
0.2925,6.143282E-05,4.3875,0,0.2925,-4.095522E-05,4.3875,0
0.2934,5.706874E-05,4.401,0,0.2934,-1.242084E-05,4.401,0
0.2943,1.510643E-05,4.4145,0,0.2943,1.779202E-05,4.4145,0
0.2952,-8.224613E-05,4.428,0,0.2952,9.802396E-05,4.428,0
0.2961,-8.627451E-05,4.4415,0,0.2961,0.0001255512,4.4415,0
0.297,-0.000109102,4.455,0,0.297,1.107805E-05,4.455,0
0.2979,-7.956054E-05,4.4685,0,0.2979,-1.913481E-05,4.4685,0
0.2988,-7.553216E-05,4.482,0,0.2988,-4.565499E-05,4.482,0
0.2997,-2.853437E-05,4.4955,0,0.2997,-2.920577E-05,4.4955,0
0.3006,3.054856E-05,4.509,0,0.3006,-6.478981E-05,4.509,0
0.3015,2.786297E-05,4.5225,0,0.3015,-8.593881E-05,4.5225,0
0.3024,-5.471885E-05,4.536,0,0.3024,-0.0001295796,4.536,0
0.3033,-7.217517E-05,4.5495,0,0.3033,-0.0001393149,4.5495,0
0.3042,8.728161E-06,4.563,0,0.3042,-0.0001910124,4.563,0
0.3051,4.666209E-05,4.5765,0,0.3051,-0.0002121614,4.5765,0
0.306,7.620356E-05,4.59,0,0.306,-7.351797E-05,4.59,0
0.3069,6.143282E-05,4.6035,0,0.3069,3.659113E-05,4.6035,0
0.3078,-3.356985E-06,4.617,0,0.3078,6.109713E-05,4.617,0
0.3087,-7.183947E-05,4.6305,0,0.3087,0.0001846342,4.6305,0
0.3096,6.713969E-06,4.644,0,0.3096,0.0003017929,4.644,0
0.3105,-1.678492E-06,4.6575,0,0.3105,0.0002514381,4.6575,0
0.3114,-0.0001000381,4.671,0,0.3114,0.0001352865,4.671,0
0.3123,-2.316319E-05,4.6845,0,0.3123,4.095522E-05,4.6845,0
0.3132,1.947051E-05,4.698,0,0.3132,2.24918E-05,4.698,0
0.3141,2.584878E-05,4.7115,0,0.3141,3.189136E-05,4.7115,0
0.315,2.349889E-06,4.725,0,0.315,6.713969E-06,4.725,0
0.3159,-1.007095E-06,4.7385,0,0.3159,-9.399558E-06,4.7385,0
0.3168,1.913481E-05,4.752,0,0.3168,-7.721065E-06,4.752,0
0.3177,3.021286E-06,4.7655,0,0.3177,-5.001907E-05,4.7655,0
0.3186,1.242084E-05,4.779,0,0.3186,-8.526741E-05,4.779,0
0.3195,-4.733349E-05,4.7925,0,0.3195,-4.934768E-05,4.7925,0
0.3204,-5.069047E-05,4.806,0,0.3204,-4.565499E-05,4.806,0
0.3213,1.309224E-05,4.8195,0,0.3213,-7.855344E-05,4.8195,0
0.3222,3.591974E-05,4.833,0,0.3222,-8.560311E-05,4.833,0
0.3231,1.309224E-05,4.8465,0,0.3231,-5.539025E-05,4.8465,0
0.324,7.150377E-05,4.86,0,0.324,-3.692683E-05,4.86,0
0.3249,7.721065E-05,4.8735,0,0.3249,-5.941863E-05,4.8735,0
0.3258,0.0001621424,4.887,0,0.3258,-6.881819E-05,4.887,0
0.3267,0.0002145113,4.9005,0,0.3267,-3.692683E-05,4.9005,0
0.3276,0.0001376364,4.914,0,0.3276,-1.007095E-06,4.914,0
0.3285,2.887007E-05,4.9275,0,0.3285,-3.457694E-05,4.9275,0
0.3294,-9.802396E-05,4.941,0,0.3294,-5.505455E-05,4.941,0
0.3303,-0.0002057832,4.9545,0,0.3303,3.356985E-07,4.9545,0
0.3312,-0.0001896696,4.968,0,0.3312,-1.779202E-05,4.968,0
0.3321,-0.0001477073,4.9815,0,0.3321,-9.835965E-05,4.9815,0
0.333,-0.0001567712,4.995,0,0.333,-5.874724E-05,4.995,0
0.3339,-8.96315E-05,5.0085,0,0.3339,-4.36408E-05,5.0085,0
0.3348,-0.0001101091,5.022,0,0.3348,-6.344701E-05,5.022,0
0.3357,-0.000102388,5.0355,0,0.3357,-6.143282E-05,5.0355,0
0.3366,-2.383459E-05,5.049,0,0.3366,-0.0001117876,5.049,0
0.3375,3.323415E-05,5.0625,0,0.3375,-0.0001198444,5.0625,0
0.3384,0.0001272297,5.076,0,0.3384,-9.567407E-05,5.076,0
0.3393,0.0001500572,5.0895,0,0.3393,-6.109713E-05,5.0895,0
0.3402,-7.385367E-06,5.103,0,0.3402,1.712062E-05,5.103,0
0.3411,-0.0001010452,5.1165,0,0.3411,0.0001017166,5.1165,0
0.342,-5.706874E-05,5.13,0,0.342,0.0001540856,5.13,0
0.3429,-6.009003E-05,5.1435,0,0.3429,3.356985E-07,5.1435,0
0.3438,-0.0001564355,5.157,0,0.3438,7.721065E-06,5.157,0
0.3447,-0.0001121233,5.1705,0,0.3447,3.088426E-05,5.1705,0
0.3456,2.383459E-05,5.184,0,0.3456,-3.793393E-05,5.184,0
0.3465,4.196231E-05,5.1975,0,0.3465,-4.36408E-06,5.1975,0
0.3474,0.0002198825,5.211,0,0.3474,4.36408E-05,5.211,0
0.3483,0.0002521096,5.2245,0,0.3483,-1.107805E-05,5.2245,0
0.3492,7.922484E-05,5.238,0,0.3492,-4.028382E-06,5.238,0
0.3501,-1.007095E-06,5.2515,0,0.3501,-3.356985E-07,5.2515,0
0.351,-4.867628E-05,5.265,0,0.351,-1.342794E-05,5.265,0
0.3519,-0.0001127947,5.2785,0,0.3519,7.385367E-06,5.2785,0
0.3528,-0.0001497215,5.292,0,0.3528,-2.081331E-05,5.292,0
0.3537,-7.888914E-05,5.3055,0,0.3537,-2.618448E-05,5.3055,0
0.3546,-7.016098E-05,5.319,0,0.3546,-8.728161E-06,5.319,0
0.3555,-1.107805E-05,5.3325,0,0.3555,-4.263371E-05,5.3325,0
0.3564,5.740444E-05,5.346,0,0.3564,-5.270466E-05,5.346,0
0.3573,9.231708E-05,5.3595,0,0.3573,-1.007095E-06,5.3595,0
0.3582,0.0001473716,5.373,0,0.3582,-4.800488E-05,5.373,0
0.3591,0.0001013809,5.3865,0,0.3591,-0.0001701991,5.3865,0
0.36,0.0001456931,5.4,0,0.36,-0.0001695277,5.4,0
0.3609,0.000136965,5.4135,0,0.3609,-0.0001728847,5.4135,0
0.3618,-4.49836E-05,5.427,0,0.3618,-0.0001376364,5.427,0
0.3627,-0.0002356603,5.4405,0,0.3627,-3.894102E-05,5.4405,0
0.3636,-0.0002957504,5.454,0,0.3636,8.157473E-05,5.454,0
0.3645,-0.000186984,5.4675,0,0.3645,0.0001584497,5.4675,0
0.3654,-3.256275E-05,5.481,0,0.3654,0.0001654994,5.481,0
0.3663,-3.826963E-05,5.4945,0,0.3663,6.57969E-05,5.4945,0
0.3672,-6.478981E-05,5.508,0,0.3672,4.263371E-05,5.508,0
0.3681,-6.378271E-06,5.5215,0,0.3681,3.826963E-05,5.5215,0
0.369,3.491264E-05,5.535,0,0.369,-2.014191E-05,5.535,0
0.3699,1.846342E-05,5.5485,0,0.3699,-6.6804E-05,5.5485,0
0.3708,2.383459E-05,5.562,0,0.3708,-2.685588E-05,5.562,0
0.3717,5.404745E-05,5.5755,0,0.3717,-2.349889E-06,5.5755,0
0.3726,2.786297E-05,5.589,0,0.3726,-6.378271E-06,5.589,0
0.3735,-7.721065E-06,5.6025,0,0.3735,6.076142E-05,5.6025,0
0.3744,-1.309224E-05,5.616,0,0.3744,2.517739E-05,5.616,0
0.3753,4.53193E-05,5.6295,0,0.3753,-6.210422E-05,5.6295,0
0.3762,0.000190341,5.643,0,0.3762,-6.948959E-05,5.643,0
0.3771,0.0001842985,5.6565,0,0.3771,-8.627451E-05,5.6565,0
0.378,0.0001366293,5.67,0,0.378,-6.478981E-05,5.67,0
0.3789,6.6804E-05,5.6835,0,0.3789,-2.349889E-05,5.6835,0
0.3798,3.994812E-05,5.697,0,0.3798,-1.678492E-06,5.697,0
0.3807,-0.0001144732,5.7105,0,0.3807,2.652018E-05,5.7105,0
0.3816,-0.0001514,5.724,0,0.3816,7.486076E-05,5.724,0
0.3825,-0.0001211871,5.7375,0,0.3825,7.016098E-05,5.7375,0
0.3834,-0.0001386435,5.751,0,0.3834,5.337606E-05,5.751,0
0.3843,-7.721065E-05,5.7645,0,0.3843,8.728161E-06,5.7645,0
0.3852,-0.0001117876,5.778,0,0.3852,-1.913481E-05,5.778,0
0.3861,-4.599069E-05,5.7915,0,0.3861,-5.337606E-05,5.7915,0
0.387,9.399558E-06,5.805,0,0.387,-1.812772E-05,5.805,0
0.3879,7.721065E-06,5.8185,0,0.3879,5.706874E-06,5.8185,0
0.3888,4.49836E-05,5.832,0,0.3888,-4.39765E-05,5.832,0
0.3897,2.1149E-05,5.8455,0,0.3897,-3.659113E-05,5.8455,0
0.3906,1.879912E-05,5.859,0,0.3906,-9.063859E-06,5.859,0
0.3915,9.063859E-06,5.8725,0,0.3915,-3.793393E-05,5.8725,0
0.3924,-3.121996E-05,5.886,0,0.3924,-6.814679E-05,5.886,0
0.3933,1.678492E-05,5.8995,0,0.3933,-8.056764E-05,5.8995,0
0.3942,5.203327E-05,5.913,0,0.3942,-4.699779E-05,5.913,0
0.3951,1.544213E-05,5.9265,0,0.3951,-4.733349E-05,5.9265,0
0.396,7.385367E-06,5.94,0,0.396,-5.539025E-05,5.94,0
0.3969,2.920577E-05,5.9535,0,0.3969,-4.129091E-05,5.9535,0
0.3978,6.042573E-06,5.967,0,0.3978,-1.712062E-05,5.967,0
0.3987,3.591974E-05,5.9805,0,0.3987,-5.337606E-05,5.9805,0
0.3996,9.735256E-06,5.994,0,0.3996,-0.0001121233,5.994,0
0.4005,3.390555E-05,6.0075,0,0.4005,-6.848249E-05,6.0075,0
0.4014,1.712062E-05,6.021,0,0.4014,-2.047761E-05,6.021,0
0.4023,-8.224613E-05,6.0345,0,0.4023,-3.155566E-05,6.0345,0
0.4032,-9.365987E-05,6.048,0,0.4032,-1.376364E-05,6.048,0
0.4041,-0.0001144732,6.0615,0,0.4041,5.069047E-05,6.0615,0
0.405,-3.961242E-05,6.075,0,0.405,2.719158E-05,6.075,0
0.4059,8.090334E-05,6.0885,0,0.4059,-3.021286E-05,6.0885,0
0.4068,4.162661E-05,6.102,0,0.4068,-4.901198E-05,6.102,0
0.4077,-6.243992E-05,6.1155,0,0.4077,-3.021286E-06,6.1155,0
0.4086,-2.316319E-05,6.129,0,0.4086,8.392462E-06,6.129,0
0.4095,-1.846342E-05,6.1425,0,0.4095,-6.478981E-05,6.1425,0
0.4104,-7.385367E-06,6.156,0,0.4104,-0.0001587854,6.156,0
0.4113,-4.33051E-05,6.1695,0,0.4113,-0.0002161898,6.1695,0
0.4122,0.0001064164,6.183,0,0.4122,-0.0003380484,6.183,0
0.4131,0.000257145,6.1965,0,0.4131,-0.0003719539,6.1965,0
0.414,0.0001393149,6.21,0,0.414,-0.0001765774,6.21,0
0.4149,-9.164568E-05,6.2235,0,0.4149,8.728161E-06,6.2235,0
0.4158,-9.903105E-05,6.237,0,0.4158,0.000200412,6.237,0
0.4167,-0.0001017166,6.2505,0,0.4167,0.0003266346,6.2505,0
0.4176,-0.0001443503,6.264,0,0.4176,0.0004088808,6.264,0
0.4185,-2.685588E-06,6.2775,0,0.4185,0.0003914244,6.2775,0
0.4194,-7.016098E-05,6.291,0,0.4194,0.0002111543,6.291,0
0.4203,-9.567407E-05,6.3045,0,0.4203,8.560311E-05,6.3045,0
0.4212,-3.826963E-05,6.318,0,0.4212,4.53193E-05,6.318,0
0.4221,-5.471885E-05,6.3315,0,0.4221,5.001907E-05,6.3315,0
0.423,-3.994812E-05,6.345,0,0.423,3.692683E-06,6.345,0
0.4239,2.047761E-05,6.3585,0,0.4239,-2.618448E-05,6.3585,0
0.4248,2.954147E-05,6.372,0,0.4248,-8.392462E-06,6.372,0
0.4257,6.61326E-05,6.3855,0,0.4257,-2.047761E-05,6.3855,0
0.4266,7.418937E-05,6.399,0,0.4266,-5.673304E-05,6.399,0
0.4275,6.713969E-07,6.4125,0,0.4275,-4.867628E-05,6.4125,0
0.4284,5.337606E-05,6.426,0,0.4284,-4.800488E-05,6.426,0
0.4293,0.000112459,6.4395,0,0.4293,-7.251087E-05,6.4395,0
0.4302,5.706874E-05,6.453,0,0.4302,-0.000123537,6.453,0
0.4311,6.57969E-05,6.4665,0,0.4311,-0.0001168231,6.4665,0
0.432,4.196231E-05,6.48,0,0.432,-9.668116E-05,6.48,0
0.4329,-4.33051E-05,6.4935,0,0.4329,-8.761731E-05,6.4935,0
0.4338,-0.0001926909,6.507,0,0.4338,-9.500267E-05,6.507,0
0.4347,-0.0003414054,6.5205,0,0.4347,-0.0001164874,6.5205,0
0.4356,-0.0001990692,6.534,0,0.4356,-6.411841E-05,6.534,0
0.4365,-5.807584E-05,6.5475,0,0.4365,-2.484169E-05,6.5475,0
0.4374,-3.021286E-05,6.561,0,0.4374,-7.418937E-05,6.561,0
0.4383,-4.129091E-05,6.5745,0,0.4383,-2.484169E-05,6.5745,0
0.4392,3.021286E-05,6.588,0,0.4392,1.577783E-05,6.588,0
0.4401,0.0001017166,6.6015,0,0.4401,4.196231E-05,6.6015,0
0.441,8.69459E-05,6.615,0,0.441,7.016098E-05,6.615,0
0.4419,2.1149E-05,6.6285,0,0.4419,2.28275E-05,6.6285,0
0.4428,2.786297E-05,6.642,0,0.4428,-5.136187E-05,6.642,0
0.4437,0.0001473716,6.6555,0,0.4437,-6.54612E-05,6.6555,0
0.4446,7.653925E-05,6.669,0,0.4446,-7.150377E-05,6.669,0
0.4455,2.1149E-05,6.6825,0,0.4455,-6.982528E-05,6.6825,0
0.4464,1.913481E-05,6.696,0,0.4464,-2.24918E-05,6.696,0
0.4473,-8.728161E-06,6.7095,0,0.4473,4.36408E-06,6.7095,0
0.4482,-7.049668E-06,6.723,0,0.4482,1.007095E-06,6.723,0
0.4491,-7.821774E-05,6.7365,0,0.4491,1.577783E-05,6.7365,0
0.45,-2.450599E-05,6.75,0,0.45,-7.385367E-06,6.75,0
0.4509,0.0001010452,6.7635,0,0.4509,-5.706874E-06,6.7635,0
0.4518,0.0001309224,6.777,0,0.4518,2.349889E-06,6.777,0
0.4527,0.0001178302,6.7905,0,0.4527,-4.43122E-05,6.7905,0
0.4536,0.0001634852,6.804,0,0.4536,-3.994812E-05,6.804,0
0.4545,0.0001339437,6.8175,0,0.4545,-3.692683E-06,6.8175,0
0.4554,0.0001607996,6.831,0,0.4554,-7.049668E-06,6.831,0
0.4563,-1.007095E-06,6.8445,0,0.4563,-5.941863E-05,6.8445,0
0.4572,-0.0003226062,6.858,0,0.4572,-3.692683E-05,6.858,0
0.4581,-0.0004991837,6.8715,0,0.4581,-2.987716E-05,6.8715,0
0.459,-0.0002547952,6.885,0,0.459,-5.706874E-05,6.885,0
0.4599,-0.0001201801,6.8985,0,0.4599,-6.009003E-05,6.8985,0
0.4608,-0.0001104448,6.912,0,0.4608,-3.155566E-05,6.912,0
0.4617,-8.023193E-05,6.9255,0,0.4617,5.774014E-05,6.9255,0
0.4626,-9.231708E-05,6.939,0,0.4626,3.692683E-05,6.939,0
0.4635,-4.229801E-05,6.9525,0,0.4635,-2.18204E-05,6.9525,0
0.4644,1.242084E-05,6.966,0,0.4644,-5.270466E-05,6.966,0
0.4653,-6.042573E-06,6.9795,0,0.4653,-1.712062E-05,6.9795,0
0.4662,-1.947051E-05,6.993,0,0.4662,-1.980621E-05,6.993,0
0.4671,6.948959E-05,7.0065,0,0.4671,-3.961242E-05,7.0065,0
0.468,6.61326E-05,7.02,0,0.468,-1.007095E-06,7.02,0
0.4689,7.016098E-05,7.0335,0,0.4689,6.042573E-06,7.0335,0
0.4698,7.989624E-05,7.047,0,0.4698,-2.584878E-05,7.047,0
0.4707,4.934768E-05,7.0605,0,0.4707,-3.289845E-05,7.0605,0
0.4716,6.78111E-05,7.074,0,0.4716,9.735256E-06,7.074,0
0.4725,9.063859E-05,7.0875,0,0.4725,1.040665E-05,7.0875,0
0.4734,0.0001285725,7.101,0,0.4734,-3.692683E-06,7.101,0
0.4743,8.459602E-05,7.1145,0,0.4743,-3.121996E-05,7.1145,0
0.4752,7.049668E-06,7.128,0,0.4752,-3.424125E-05,7.128,0
0.4761,-8.493171E-05,7.1415,0,0.4761,-6.6804E-05,7.1415,0
0.477,-0.0001701991,7.155,0,0.477,-0.0001178302,7.155,0
0.4779,-5.539025E-05,7.1685,0,0.4779,-0.0001134661,7.1685,0
0.4788,4.666209E-05,7.182,0,0.4788,-4.53193E-05,7.182,0
0.4797,0.0001044022,7.1955,0,0.4797,-3.189136E-05,7.1955,0
0.4806,6.411841E-05,7.209,0,0.4806,-8.661021E-05,7.209,0
0.4815,-1.242084E-05,7.2225,0,0.4815,-3.256275E-05,7.2225,0
0.4824,1.242084E-05,7.236,0,0.4824,7.049668E-06,7.236,0
0.4833,-3.121996E-05,7.2495,0,0.4833,6.042573E-06,7.2495,0
0.4842,-5.136187E-05,7.263,0,0.4842,4.666209E-05,7.263,0
0.4851,4.36408E-06,7.2765,0,0.4851,9.030289E-05,7.2765,0
0.486,8.392462E-06,7.29,0,0.486,9.164568E-05,7.29,0
0.4869,-1.409934E-05,7.3035,0,0.4869,3.994812E-05,7.3035,0
0.4878,-3.457694E-05,7.317,0,0.4878,-3.659113E-05,7.317,0
0.4887,-5.706874E-06,7.3305,0,0.4887,-6.54612E-05,7.3305,0
0.4896,-3.524834E-05,7.344,0,0.4896,-4.766919E-05,7.344,0
0.4905,1.007095E-06,7.3575,0,0.4905,-1.409934E-05,7.3575,0
0.4914,7.049668E-06,7.371,0,0.4914,1.779202E-05,7.371,0
0.4923,1.342794E-06,7.3845,0,0.4923,8.157473E-05,7.3845,0
0.4932,-4.867628E-05,7.398,0,0.4932,4.934768E-05,7.398,0
0.4941,1.141375E-05,7.4115,0,0.4941,-2.18204E-05,7.4115,0
0.495,2.853437E-05,7.425,0,0.495,3.927672E-05,7.425,0
0.4959,2.349889E-06,7.4385,0,0.4959,2.517739E-05,7.4385,0
0.4968,-1.712062E-05,7.452,0,0.4968,-5.841154E-05,7.452,0
0.4977,-3.356985E-06,7.4655,0,0.4977,-7.385367E-06,7.4655,0
0.4986,9.063859E-06,7.479,0,0.4986,2.517739E-05,7.479,0
0.4995,5.706874E-06,7.4925,0,0.4995,-4.901198E-05,7.4925,0
0.5004,2.1149E-05,7.506,0,0.5004,-4.162661E-05,7.506,0
0.5013,3.088426E-05,7.5195,0,0.5013,-8.728161E-06,7.5195,0
0.5022,1.141375E-05,7.533,0,0.5022,6.948959E-05,7.533,0
0.5031,-4.229801E-05,7.5465,0,0.5031,7.418937E-05,7.5465,0
0.504,-5.807584E-05,7.56,0,0.504,-1.040665E-05,7.56,0
0.5049,0.0001272297,7.5735,0,0.5049,-4.766919E-05,7.5735,0
0.5058,0.0002480812,7.587,0,0.5058,-1.644922E-05,7.587,0
0.5067,0.0002514381,7.6005,0,0.5067,-5.539025E-05,7.6005,0
0.5076,0.0001453574,7.614,0,0.5076,-0.0001795987,7.614,0
0.5085,0.0001084306,7.6275,0,0.5085,-0.0001540856,7.6275,0
0.5094,3.457694E-05,7.641,0,0.5094,-0.0001362936,7.641,0
0.5103,-0.0001977264,7.6545,0,0.5103,-0.0002356603,7.6545,0
0.5112,-0.0004505074,7.668,0,0.5112,-0.0002420386,7.668,0
0.5121,-0.0003471122,7.6815,0,0.5121,-0.0001386435,7.6815,0
0.513,-0.0002934005,7.695,0,0.513,6.57969E-05,7.695,0
0.5139,-0.0001983978,7.7085,0,0.5139,0.0001769131,7.7085,0
0.5148,-0.000109102,7.722,0,0.5148,0.0002054475,7.722,0
0.5157,-1.678492E-06,7.7355,0,0.5157,0.0002876936,7.7355,0
0.5166,3.726253E-05,7.749,0,0.5166,0.0001607996,7.749,0
0.5175,-2.18204E-05,7.7625,0,0.5175,5.807584E-05,7.7625,0
0.5184,-1.544213E-05,7.776,0,0.5184,7.721065E-06,7.776,0
0.5193,2.28275E-05,7.7895,0,0.5193,3.793393E-05,7.7895,0
0.5202,2.853437E-05,7.803,0,0.5202,4.699779E-06,7.803,0
0.5211,0.0001567712,7.8165,0,0.5211,-4.33051E-05,7.8165,0
0.522,0.0002682231,7.83,0,0.522,-6.478981E-05,7.83,0
0.5229,0.0001467002,7.8435,0,0.5229,-0.0001373007,7.8435,0
0.5238,4.263371E-05,7.857,0,0.5238,-0.0001755703,7.857,0
0.5247,-6.243992E-05,7.8705,0,0.5247,-0.0001211871,7.8705,0
0.5256,-0.0001628138,7.884,0,0.5256,-3.659113E-05,7.884,0
0.5265,-0.0001550927,7.8975,0,0.5265,-4.46479E-05,7.8975,0
0.5274,-0.000136965,7.911,0,0.5274,9.735256E-06,7.911,0
0.5283,-0.000115816,7.9245,0,0.5283,2.887007E-05,7.9245,0
0.5292,-4.33051E-05,7.938,0,0.5292,3.994812E-05,7.938,0
0.5301,-7.452507E-05,7.9515,0,0.5301,2.752728E-05,7.9515,0
0.531,-7.721065E-06,7.965,0,0.531,-2.719158E-05,7.965,0
0.5319,5.001907E-05,7.9785,0,0.5319,-8.96315E-05,7.9785,0
0.5328,4.733349E-05,7.992,0,0.5328,-5.035477E-05,7.992,0
0.5337,2.752728E-05,8.0055,0,0.5337,-3.524834E-05,8.0055,0
0.5346,2.652018E-05,8.019,0,0.5346,-3.054856E-05,8.019,0
0.5355,4.263371E-05,8.0325,0,0.5355,1.342794E-06,8.0325,0
0.5364,8.761731E-05,8.046,0,0.5364,-1.242084E-05,8.046,0
0.5373,9.634547E-05,8.0595,0,0.5373,-1.477073E-05,8.0595,0
0.5382,4.229801E-05,8.073,0,0.5382,-7.183947E-05,8.073,0
0.5391,6.109713E-05,8.0865,0,0.5391,-7.553216E-05,8.0865,0
0.54,7.318227E-05,8.1,0,0.54,-7.418937E-05,8.1,0
0.5409,0.0001326009,8.1135,0,0.5409,-5.740444E-05,8.1135,0
0.5418,8.291753E-05,8.127,0,0.5418,-6.915389E-05,8.127,0
0.5427,9.298848E-05,8.1405,0,0.5427,-2.652018E-05,8.1405,0
0.5436,5.304036E-05,8.154,0,0.5436,2.652018E-05,8.154,0
0.5445,-0.0001077592,8.1675,0,0.5445,6.042573E-06,8.1675,0
0.5454,-0.0003420768,8.181,0,0.5454,-2.24918E-05,8.181,0
0.5463,-0.0002564736,8.1945,0,0.5463,-2.18204E-05,8.1945,0
0.5472,-1.510643E-05,8.208,0,0.5472,-7.418937E-05,8.208,0
0.5481,6.57969E-05,8.2215,0,0.5481,-8.358892E-05,8.2215,0
0.549,5.304036E-05,8.235,0,0.549,8.728161E-06,8.235,0
0.5499,1.007095E-06,8.2485,0,0.5499,-1.107805E-05,8.2485,0
0.5508,3.927672E-05,8.262,0,0.5508,-4.028382E-05,8.262,0
0.5517,1.376364E-05,8.2755,0,0.5517,1.309224E-05,8.2755,0
0.5526,-0.0001265583,8.289,0,0.5526,2.18204E-05,8.289,0
0.5535,7.049668E-06,8.3025,0,0.5535,2.1149E-05,8.3025,0
0.5544,0.0002702373,8.316,0,0.5544,-4.39765E-05,8.316,0
0.5553,0.0002440528,8.3295,0,0.5553,-9.030289E-05,8.3295,0
0.5562,0.0001148089,8.343,0,0.5562,-9.634547E-05,8.343,0
0.5571,-2.014191E-05,8.3565,0,0.5571,-6.6804E-05,8.3565,0
0.558,-0.0001255512,8.37,0,0.558,-4.33051E-05,8.37,0
0.5589,-0.0002286107,8.3835,0,0.5589,-4.666209E-05,8.3835,0
0.5598,-8.358892E-05,8.397,0,0.5598,-7.721065E-06,8.397,0
0.5607,-1.846342E-05,8.4105,0,0.5607,3.323415E-05,8.4105,0
0.5616,-8.96315E-05,8.424,0,0.5616,6.478981E-05,8.424,0
0.5625,-4.599069E-05,8.4375,0,0.5625,8.090334E-05,8.4375,0
0.5634,4.061952E-05,8.451,0,0.5634,4.934768E-05,8.451,0
0.5643,1.947051E-05,8.4645,0,0.5643,-1.712062E-05,8.4645,0
0.5652,5.203327E-05,8.478,0,0.5652,-6.478981E-05,8.478,0
0.5661,0.0001373007,8.4915,0,0.5661,-0.0001010452,8.4915,0
0.567,0.0001460288,8.505,0,0.567,-8.493171E-05,8.505,0
0.5679,9.768826E-05,8.5185,0,0.5679,-1.678492E-05,8.5185,0
0.5688,-9.097429E-05,8.532,0,0.5688,7.150377E-05,8.532,0
0.5697,-0.0002900435,8.5455,0,0.5697,0.0001420005,8.5455,0
0.5706,-0.0001594568,8.559,0,0.5706,0.0001258869,8.559,0
0.5715,-0.0002044404,8.5725,0,0.5715,6.143282E-05,8.5725,0
0.5724,-0.0001483787,8.586,0,0.5724,1.577783E-05,8.586,0
0.5733,-6.277562E-05,8.5995,0,0.5733,5.539025E-05,8.5995,0
0.5742,-5.505455E-05,8.613,0,0.5742,1.779202E-05,8.613,0
0.5751,-6.848249E-05,8.6265,0,0.5751,-2.719158E-05,8.6265,0
0.576,-2.853437E-05,8.64,0,0.576,-2.685588E-05,8.64,0
0.5769,2.954147E-05,8.6535,0,0.5769,-0.0001315938,8.6535,0
0.5778,6.143282E-05,8.667,0,0.5778,-0.0002017548,8.667,0
0.5787,7.653925E-05,8.6805,0,0.5787,-0.0001732204,8.6805,0
0.5796,0.0001060807,8.694,0,0.5796,-9.970245E-05,8.694,0
0.5805,8.493171E-05,8.7075,0,0.5805,-8.392462E-06,8.7075,0
0.5814,-7.821774E-05,8.721,0,0.5814,0.0001148089,8.721,0
0.5823,-6.344701E-05,8.7345,0,0.5823,0.0002088045,8.7345,0
0.5832,6.143282E-05,8.748,0,0.5832,7.486076E-05,8.748,0
0.5841,1.846342E-05,8.7615,0,0.5841,-4.632639E-05,8.7615,0
0.585,3.591974E-05,8.775,0,0.585,-9.130999E-05,8.775,0
0.5859,5.774014E-05,8.7885,0,0.5859,-0.0001097734,8.7885,0
0.5868,7.284657E-05,8.802,0,0.5868,-7.620356E-05,8.802,0
0.5877,0.0001279011,8.8155,0,0.5877,-3.390555E-05,8.8155,0
0.5886,0.0001493858,8.829,0,0.5886,-2.349889E-06,8.829,0
0.5895,3.726253E-05,8.8425,0,0.5895,6.71397E-05,8.8425,0
0.5904,-7.016098E-05,8.856,0,0.5904,7.284657E-05,8.856,0
0.5913,-8.560311E-05,8.8695,0,0.5913,1.745632E-05,8.8695,0
0.5922,-5.908293E-05,8.883,0,0.5922,-1.242084E-05,8.883,0
0.5931,-8.728161E-06,8.8965,0,0.5931,-5.471885E-05,8.8965,0
0.594,4.36408E-06,8.91,0,0.594,-8.560311E-05,8.91,0
0.5949,-2.18204E-05,8.9235,0,0.5949,-8.627451E-05,8.9235,0
0.5958,-9.466698E-05,8.937,0,0.5958,-8.761731E-05,8.937,0
0.5967,-5.841154E-05,8.9505,0,0.5967,-8.392462E-06,8.9505,0
0.5976,1.443504E-05,8.964,0,0.5976,4.53193E-05,8.964,0
0.5985,-5.069047E-05,8.9775,0,0.5985,1.779202E-05,8.9775,0
0.5994,-6.311131E-05,8.991,0,0.5994,-1.376364E-05,8.991,0
0.6003,3.323415E-05,9.0045,0,0.6003,2.014191E-06,9.0045,0
0.6012,-1.678492E-06,9.018,0,0.6012,-5.740444E-05,9.018,0
0.6021,-1.376364E-05,9.0315,0,0.6021,-0.0001211871,9.0315,0
0.603,-3.356985E-07,9.045,0,0.603,-8.761731E-05,9.045,0
0.6039,2.987716E-05,9.0585,0,0.6039,-0.0001101091,9.0585,0
0.6048,0.0001688563,9.072001,0,0.6048,-0.0001507286,9.072001,0
0.6057,0.0001252155,9.0855,0,0.6057,-5.807584E-05,9.0855,0
0.6066,8.86244E-05,9.099,0,0.6066,0.0001027237,9.099,0
0.6075,8.392462E-05,9.1125,0,0.6075,0.0001396506,9.1125,0
0.6084,-2.853437E-05,9.126,0,0.6084,0.0001080949,9.126,0
0.6093,-9.365987E-05,9.1395,0,0.6093,6.61326E-05,9.1395,0
0.6102,1.007095E-06,9.153,0,0.6102,4.53193E-05,9.153,0
0.6111,-4.733349E-05,9.1665,0,0.6111,3.155566E-05,9.1665,0
0.612,-4.46479E-05,9.18,0,0.612,-3.793393E-05,9.18,0
0.6129,2.786297E-05,9.1935,0,0.6129,-8.291753E-05,9.1935,0
0.6138,-8.82887E-05,9.207,0,0.6138,-4.39765E-05,9.207,0
0.6147,-0.0001769131,9.2205,0,0.6147,-8.426032E-05,9.2205,0
0.6156,-0.000115816,9.234,0,0.6156,-0.000115816,9.234,0
0.6165,-6.64683E-05,9.2475,0,0.6165,-3.860533E-05,9.2475,0
0.6174,-0.0001413291,9.261,0,0.6174,2.349889E-06,9.261,0
0.6183,-0.0001258869,9.2745,0,0.6183,4.36408E-06,9.2745,0
0.6192,-6.076142E-05,9.288,0,0.6192,9.063859E-06,9.288,0
0.6201,-5.203327E-05,9.3015,0,0.6201,6.378271E-06,9.3015,0
0.621,3.390555E-05,9.315,0,0.621,-7.888914E-05,9.315,0
0.6219,5.304036E-05,9.3285,0,0.6219,-0.0001359579,9.3285,0
0.6228,7.217517E-05,9.342,0,0.6228,-0.0001587854,9.342,0
0.6237,0.0001174945,9.3555,0,0.6237,-0.0001299153,9.3555,0
0.6246,-3.726253E-05,9.369,0,0.6246,-7.385367E-05,9.369,0
0.6255,-0.0001003738,9.3825,0,0.6255,-3.356985E-06,9.3825,0
0.6264,3.088426E-05,9.396,0,0.6264,0.0001007095,9.396,0
0.6273,-9.399558E-06,9.4095,0,0.6273,0.0002007477,9.4095,0
0.6282,-0.0001044022,9.423,0,0.6282,0.0001332723,9.423,0
0.6291,-1.376364E-05,9.4365,0,0.6291,2.014191E-06,9.4365,0
0.63,8.224613E-05,9.45,0,0.63,3.659113E-05,9.45,0
0.6309,7.318227E-05,9.4635,0,0.6309,-2.24918E-05,9.4635,0
0.6318,3.256275E-05,9.477,0,0.6318,-9.869535E-05,9.477,0
0.6327,4.934768E-05,9.4905,0,0.6327,-8.392462E-06,9.4905,0
0.6336,2.652018E-05,9.504,0,0.6336,3.994812E-05,9.504,0
0.6345,1.712062E-05,9.5175,0,0.6345,-5.371176E-06,9.5175,0
0.6354,-3.726253E-05,9.531,0,0.6354,-7.653925E-05,9.531,0
0.6363,7.721065E-06,9.5445,0,0.6363,-9.231708E-05,9.5445,0
0.6372,5.270466E-05,9.558,0,0.6372,-4.733349E-05,9.558,0
0.6381,-1.913481E-05,9.5715,0,0.6381,-5.001907E-05,9.5715,0
0.639,-2.349889E-05,9.585,0,0.639,-7.183947E-05,9.585,0
0.6399,-0.0001054093,9.5985,0,0.6399,-0.000148043,9.5985,0
0.6408,-0.0002145113,9.612,0,0.6408,-0.0001383078,9.612,0
0.6417,-0.0001238727,9.6255,0,0.6417,-0.0001238727,9.6255,0
0.6426,0.0001070878,9.639,0,0.6426,-0.0001373007,9.639,0
0.6435,0.0001624781,9.6525,0,0.6435,-3.961242E-05,9.6525,0
0.6444,7.016098E-05,9.666,0,0.6444,6.54612E-05,9.666,0
0.6453,4.666209E-05,9.6795,0,0.6453,0.0001950408,9.6795,0
0.6462,-3.826963E-05,9.693,0,0.6462,0.0001514,9.693,0
0.6471,-5.807584E-05,9.7065,0,0.6471,0.0001567712,9.7065,0
0.648,0.0001376364,9.72,0,0.648,0.0001379721,9.72,0
0.6489,0.0001930266,9.7335,0,0.6489,8.358892E-05,9.7335,0
0.6498,0.0001920195,9.747,0,0.6498,2.24918E-05,9.747,0
0.6507,1.040665E-05,9.7605,0,0.6507,7.385367E-06,9.7605,0
0.6516,-6.277562E-05,9.774,0,0.6516,3.189136E-05,9.774,0
0.6525,3.021286E-06,9.7875,0,0.6525,-1.443504E-05,9.7875,0
0.6534,-5.438316E-05,9.801,0,0.6534,-6.378271E-05,9.801,0
0.6543,2.920577E-05,9.8145,0,0.6543,-4.867628E-05,9.8145,0
0.6552,6.009003E-05,9.828,0,0.6552,-0.0001037308,9.828,0
0.6561,-1.242084E-05,9.8415,0,0.6561,-0.0001514,9.8415,0
0.657,-0.0001527428,9.855,0,0.657,-0.0001097734,9.855,0
0.6579,-0.0002635233,9.8685,0,0.6579,-4.33051E-05,9.8685,0
0.6588,-0.0001453574,9.882,0,0.6588,7.049668E-06,9.882,0
0.6597,-0.0001064164,9.8955,0,0.6597,2.652018E-05,9.8955,0
0.6606,3.591974E-05,9.909,0,0.6606,-3.524834E-05,9.909,0
0.6615,4.39765E-05,9.9225,0,0.6615,-5.639734E-05,9.9225,0
0.6624,-5.404745E-05,9.936,0,0.6624,-4.095522E-05,9.936,0
0.6633,-3.558404E-05,9.9495,0,0.6633,-7.049668E-06,9.9495,0
0.6642,-4.733349E-05,9.963,0,0.6642,1.544213E-05,9.963,0
0.6651,-0.0001420005,9.976501,0,0.6651,3.994812E-05,9.976501,0
0.666,-0.0001863127,9.99,0,0.666,-7.049668E-06,9.99,0
0.6669,-4.632639E-05,10.0035,0,0.6669,-7.486076E-05,10.0035,0
0.6678,-1.443504E-05,10.017,0,0.6678,-3.457694E-05,10.017,0
0.6687,-3.356985E-07,10.0305,0,0.6687,-6.78111E-05,10.0305,0
0.6696,9.433127E-05,10.044,0,0.6696,-0.0001574426,10.044,0
0.6705,0.0001205158,10.0575,0,0.6705,-0.0001255512,10.0575,0
0.6714,6.076142E-05,10.071,0,0.6714,-8.493171E-05,10.071,0
0.6723,1.745632E-05,10.0845,0,0.6723,-0.0001084306,10.0845,0
0.6732,-2.517739E-05,10.098,0,0.6732,-4.028382E-05,10.098,0
0.6741,-3.424125E-05,10.1115,0,0.6741,5.438316E-05,10.1115,0
0.675,-2.618448E-05,10.125,0,0.675,9.802396E-05,10.125,0
0.6759,4.49836E-05,10.1385,0,0.6759,6.54612E-05,10.1385,0
0.6768,0.0001279011,10.152,0,0.6768,2.786297E-05,10.152,0
0.6777,0.0001832914,10.1655,0,0.6777,7.620356E-05,10.1655,0
0.6786,0.0002447242,10.179,0,0.6786,2.887007E-05,10.179,0
0.6795,0.0002366674,10.1925,0,0.6795,-8.493171E-05,10.1925,0
0.6804,0.0001064164,10.206,0,0.6804,-0.0001819486,10.206,0
0.6813,-0.0002098116,10.2195,0,0.6813,-0.0002668803,10.2195,0
0.6822,-0.0001994049,10.233,0,0.6822,-0.000322942,10.233,0
0.6831,-0.0002165255,10.2465,0,0.6831,-0.0002984359,10.2465,0
0.684,-0.000144686,10.26,0,0.684,-0.0001352865,10.26,0
0.6849,-1.174945E-05,10.2735,0,0.6849,4.196231E-05,10.2735,0
0.6858,-5.874724E-05,10.287,0,0.6858,0.0002464027,10.287,0
0.6867,-7.721065E-05,10.3005,0,0.6867,0.0004733349,10.3005,0
0.6876,-1.443504E-05,10.314,0,0.6876,0.0004132448,10.314,0
0.6885,-4.766919E-05,10.3275,0,0.6885,0.0002423743,10.3275,0
0.6894,-4.095522E-05,10.341,0,0.6894,0.0001836271,10.341,0
0.6903,2.047761E-05,10.3545,0,0.6903,9.298848E-05,10.3545,0
0.6912,3.323415E-05,10.368,0,0.6912,3.054856E-05,10.368,0
0.6921,-3.356985E-07,10.3815,0,0.6921,1.242084E-05,10.3815,0
0.693,-1.174945E-05,10.395,0,0.693,-3.256275E-05,10.395,0
0.6939,-3.692683E-06,10.4085,0,0.6939,-5.539025E-05,10.4085,0
0.6948,-2.014191E-06,10.422,0,0.6948,2.685588E-06,10.422,0
0.6957,9.735256E-06,10.4355,0,0.6957,-2.316319E-05,10.4355,0
0.6966,7.083238E-05,10.449,0,0.6966,-0.0001007095,10.449,0
0.6975,7.083238E-05,10.4625,0,0.6975,-0.000133608,10.4625,0
0.6984,3.088426E-05,10.476,0,0.6984,-0.0001238727,10.476,0
0.6993,5.035477E-05,10.4895,0,0.6993,-0.0001299153,10.4895,0
0.7002,3.121996E-05,10.503,0,0.7002,-0.0001138018,10.503,0
0.7011,1.409934E-05,10.5165,0,0.7011,-3.659113E-05,10.5165,0
0.702,7.989624E-05,10.53,0,0.702,1.577783E-05,10.53,0
0.7029,6.277562E-05,10.5435,0,0.7029,-2.1149E-05,10.5435,0
0.7038,8.560311E-05,10.557,0,0.7038,-5.035477E-05,10.557,0
0.7047,-2.517739E-05,10.5705,0,0.7047,-6.076142E-05,10.5705,0
0.7056,-4.129091E-05,10.584,0,0.7056,-7.821774E-05,10.584,0
0.7065,3.390555E-05,10.5975,0,0.7065,-9.835965E-05,10.5975,0
0.7074,1.443504E-05,10.611,0,0.7074,-9.634547E-05,10.611,0
0.7083,6.311131E-05,10.6245,0,0.7083,-6.042573E-05,10.6245,0
0.7092,3.994812E-05,10.638,0,0.7092,-4.766919E-05,10.638,0
0.7101,-1.040665E-05,10.6515,0,0.7101,-5.035477E-05,10.6515,0
0.711,-1.443504E-05,10.665,0,0.711,3.860533E-05,10.665,0
0.7119,-5.169757E-05,10.6785,0,0.7119,2.551309E-05,10.6785,0
0.7128,6.6804E-05,10.692,0,0.7128,-0.0001282368,10.692,0
0.7137,0.0003038071,10.7055,0,0.7137,-0.0002192111,10.7055,0
0.7146,0.0002789654,10.719,0,0.7146,-0.0002218967,10.719,0
0.7155,0.0001117876,10.7325,0,0.7155,-0.0002108186,10.7325,0
0.7164,-7.183947E-05,10.746,0,0.7164,-0.0001060807,10.746,0
0.7173,-0.0003205921,10.7595,0,0.7173,4.666209E-05,10.7595,0
0.7182,-0.0005898222,10.773,0,0.7182,0.0001070878,10.773,0
0.7191,-0.0006703899,10.7865,0,0.7191,0.0001755703,10.7865,0
0.72,-0.0003346914,10.8,0,0.72,0.000218204,10.8,0
0.7209,4.36408E-06,10.8135,0,0.7209,0.0002091402,10.8135,0
0.7218,2.047761E-05,10.827,0,0.7218,0.0001765774,10.827,0
0.7227,-1.275654E-05,10.8405,0,0.7227,7.486076E-05,10.8405,0
0.7236,-3.793393E-05,10.854,0,0.7236,-1.208515E-05,10.854,0
0.7245,-4.666209E-05,10.8675,0,0.7245,-2.685588E-06,10.8675,0
0.7254,-2.752728E-05,10.881,0,0.7254,-6.713969E-07,10.881,0
0.7263,3.323415E-05,10.8945,0,0.7263,-4.800488E-05,10.8945,0
0.7272,3.860533E-05,10.908,0,0.7272,-6.344701E-05,10.908,0
0.7281,3.424125E-05,10.9215,0,0.7281,-4.196231E-05,10.9215,0
0.729,7.855344E-05,10.935,0,0.729,-1.712062E-05,10.935,0
0.7299,8.224613E-05,10.9485,0,0.7299,8.056763E-06,10.9485,0
0.7308,0.0001423362,10.962,0,0.7308,-1.342794E-05,10.962,0
0.7317,0.0004911269,10.9755,0,0.7317,-1.712062E-05,10.9755,0
0.7326,0.0005300679,10.989,0,0.7326,-8.090334E-05,10.989,0
0.7335,0.0003185779,11.0025,0,0.7335,-0.0002453956,11.0025,0
0.7344,4.867628E-05,11.016,0,0.7344,-0.0004427863,11.016,0
0.7353,-0.0003064927,11.0295,0,0.7353,-0.0004394293,11.0295,0
0.7362,-0.0002225681,11.043,0,0.7362,-0.0003894102,11.043,0
0.7371,-9.063859E-05,11.0565,0,0.7371,-0.0001681849,11.0565,0
0.738,-0.0002309606,11.07,0,0.738,0.0001980621,11.07,0
0.7389,-0.0003732967,11.0835,0,0.7389,0.0003467765,11.0835,0
0.7398,-0.0002840009,11.097,0,0.7398,0.000361883,11.097,0
0.7407,-0.0002588235,11.1105,0,0.7407,0.0003967956,11.1105,0
0.7416,-0.0002615091,11.124,0,0.7416,0.0002762798,11.124,0
0.7425,-4.36408E-05,11.1375,0,0.7425,0.0001554284,11.1375,0
0.7434,-1.309224E-05,11.151,0,0.7434,9.970245E-05,11.151,0
0.7443,1.007095E-06,11.1645,0,0.7443,2.920577E-05,11.1645,0
0.7452,2.920577E-05,11.178,0,0.7452,1.745632E-05,11.178,0
0.7461,4.53193E-05,11.1915,0,0.7461,3.356985E-06,11.1915,0
0.747,1.443504E-05,11.205,0,0.747,-5.136187E-05,11.205,0
0.7479,1.577783E-05,11.2185,0,0.7479,-8.761731E-05,11.2185,0
0.7488,7.217517E-05,11.232,0,0.7488,-2.18204E-05,11.232,0
0.7497,5.169757E-05,11.2455,0,0.7497,-3.625543E-05,11.2455,0
0.7506,6.009003E-05,11.259,0,0.7506,-9.298848E-05,11.259,0
0.7515,6.143282E-05,11.2725,0,0.7515,-6.277562E-05,11.2725,0
0.7524,5.035477E-05,11.286,0,0.7524,-3.860533E-05,11.286,0
0.7533,6.311131E-05,11.2995,0,0.7533,-5.740444E-05,11.2995,0
0.7542,3.994812E-05,11.313,0,0.7542,-5.975433E-05,11.313,0
0.7551,4.766919E-05,11.3265,0,0.7551,-2.719158E-05,11.3265,0
0.756,6.109713E-05,11.34,0,0.756,-4.934768E-05,11.34,0
0.7569,7.284657E-05,11.3535,0,0.7569,-5.975433E-05,11.3535,0
0.7578,8.023193E-05,11.367,0,0.7578,-6.74754E-05,11.367,0
0.7587,6.881819E-05,11.3805,0,0.7587,-3.927672E-05,11.3805,0
0.7596,0.0001671778,11.394,0,0.7596,-4.028382E-05,11.394,0
0.7605,0.0002145113,11.4075,0,0.7605,-5.203327E-05,11.4075,0
0.7614,0.0001782559,11.421,0,0.7614,-6.915389E-05,11.421,0
0.7623,0.0001003738,11.4345,0,0.7623,-4.061952E-05,11.4345,0
0.7632,2.719158E-05,11.448,0,0.7632,-3.021286E-05,11.448,0
0.7641,-0.0002517739,11.4615,0,0.7641,-0.0001050736,11.4615,0
0.765,-0.0002635233,11.475,0,0.765,-0.0001963836,11.475,0
0.7659,-0.0001064164,11.4885,0,0.7659,-0.0001889983,11.4885,0
0.7668,-9.365987E-05,11.502,0,0.7668,-0.0001564355,11.502,0
0.7677,-5.136187E-05,11.5155,0,0.7677,-0.0001225299,11.5155,0
0.7686,2.786297E-05,11.529,0,0.7686,-2.18204E-05,11.529,0
0.7695,5.035477E-05,11.5425,0,0.7695,0.0001211871,11.5425,0
0.7704,1.577783E-05,11.556,0,0.7704,9.097429E-05,11.556,0
0.7713,-1.409934E-05,11.5695,0,0.7713,-5.404745E-05,11.5695,0
0.7722,-5.774014E-05,11.583,0,0.7722,-3.591974E-05,11.583,0
0.7731,-5.169757E-05,11.5965,0,0.7731,2.685588E-06,11.5965,0
0.774,7.721065E-06,11.61,0,0.774,3.826963E-05,11.61,0
0.7749,2.450599E-05,11.6235,0,0.7749,2.786297E-05,11.6235,0
0.7758,5.471885E-05,11.637,0,0.7758,0.0001218585,11.637,0
0.7767,9.298848E-05,11.6505,0,0.7767,0.0001151446,11.6505,0
0.7776,8.69459E-05,11.664,0,0.7776,9.735256E-06,11.664,0
0.7785,3.726253E-05,11.6775,0,0.7785,3.659113E-05,11.6775,0
0.7794,-3.356985E-07,11.691,0,0.7794,3.524834E-05,11.691,0
0.7803,-6.143282E-05,11.7045,0,0.7803,-4.901198E-05,11.7045,0
0.7812,-0.000148043,11.718,0,0.7812,-3.256275E-05,11.718,0
0.7821,-8.023193E-05,11.7315,0,0.7821,-2.1149E-05,11.7315,0
0.783,-1.309224E-05,11.745,0,0.783,-1.074235E-05,11.745,0
0.7839,-3.591974E-05,11.7585,0,0.7839,-1.074235E-05,11.7585,0
0.7848,-3.524834E-05,11.772,0,0.7848,-1.141375E-05,11.772,0
0.7857,-2.819867E-05,11.7855,0,0.7857,3.860533E-05,11.7855,0
0.7866,1.007095E-06,11.799,0,0.7866,2.920577E-05,11.799,0
0.7875,0,11.8125,0,0.7875,-9.735256E-06,11.8125,0
0.7884,1.040665E-05,11.826,0,0.7884,-2.752728E-05,11.826,0
0.7893,1.174945E-05,11.8395,0,0.7893,1.040665E-05,11.8395,0
0.7902,-4.196231E-05,11.853,0,0.7902,-3.524834E-05,11.853,0
0.7911,1.879912E-05,11.8665,0,0.7911,-5.539025E-05,11.8665,0
0.792,3.826963E-05,11.88,0,0.792,-2.920577E-05,11.88,0
0.7929,3.189136E-05,11.8935,0,0.7929,-1.107805E-05,11.8935,0
0.7938,5.337606E-05,11.907,0,0.7938,-3.927672E-05,11.907,0
0.7947,5.404745E-05,11.9205,0,0.7947,-5.505455E-05,11.9205,0
0.7956,4.800488E-05,11.934,0,0.7956,-3.054856E-05,11.934,0
0.7965,-2.24918E-05,11.9475,0,0.7965,-4.49836E-05,11.9475,0
0.7974,-2.819867E-05,11.961,0,0.7974,-4.229801E-05,11.961,0
0.7983,-0.0001366293,11.9745,0,0.7983,-7.083238E-05,11.9745,0
0.7992,-0.0001373007,11.988,0,0.7992,-5.270466E-05,11.988,0
0.8001,-5.606165E-05,12.0015,0,0.8001,-1.107805E-05,12.0015,0
0.801,-7.284657E-05,12.015,0,0.801,-1.779202E-05,12.015,0
0.8019,-3.356985E-07,12.0285,0,0.8019,-5.035477E-05,12.0285,0
0.8028,-8.056763E-06,12.042,0,0.8028,-2.484169E-05,12.042,0
0.8037,-5.169757E-05,12.0555,0,0.8037,-2.786297E-05,12.0555,0
0.8046,0,12.069,0,0.8046,-4.968337E-05,12.069,0
0.8055,-2.18204E-05,12.0825,0,0.8055,-5.706874E-06,12.0825,0
0.8064,1.342794E-06,12.096,0,0.8064,7.385367E-06,12.096,0
0.8073,1.712062E-05,12.1095,0,0.8073,-1.275654E-05,12.1095,0
0.8082,-3.088426E-05,12.123,0,0.8082,2.014191E-06,12.123,0
0.8091,-1.309224E-05,12.1365,0,0.8091,3.726253E-05,12.1365,0
0.81,2.24918E-05,12.15,0,0.81,5.001907E-05,12.15,0
0.8109,-1.409934E-05,12.1635,0,0.8109,1.812772E-05,12.1635,0
0.8118,-3.356985E-07,12.177,0,0.8118,-2.014191E-06,12.177,0
0.8127,2.1149E-05,12.1905,0,0.8127,5.035477E-06,12.1905,0
0.8136,-4.699779E-06,12.204,0,0.8136,-1.342794E-06,12.204,0
0.8145,3.457694E-05,12.2175,0,0.8145,-7.385367E-06,12.2175,0
0.8154,7.620356E-05,12.231,0,0.8154,-3.289845E-05,12.231,0
0.8163,7.620356E-05,12.2445,0,0.8163,-2.18204E-05,12.2445,0
0.8172,8.92958E-05,12.258,0,0.8172,-4.36408E-05,12.258,0
0.8181,9.097429E-05,12.2715,0,0.8181,-8.82887E-05,12.2715,0
0.819,6.881819E-05,12.285,0,0.819,-4.867628E-05,12.285,0
0.8199,5.203327E-05,12.2985,0,0.8199,-4.129091E-05,12.2985,0
0.8208,9.802396E-05,12.312,0,0.8208,-7.284657E-05,12.312,0
0.8217,-2.450599E-05,12.3255,0,0.8217,-0.0001010452,12.3255,0
0.8226,-0.0001409934,12.339,0,0.8226,-7.888914E-05,12.339,0
0.8235,-4.766919E-05,12.3525,0,0.8235,-4.39765E-05,12.3525,0
0.8244,-0.0001594568,12.366,0,0.8244,-6.109713E-05,12.366,0
0.8253,-0.0001809415,12.3795,0,0.8253,-5.673304E-05,12.3795,0
0.8262,-7.016098E-05,12.393,0,0.8262,1.812772E-05,12.393,0
0.8271,-0.0001174945,12.4065,0,0.8271,8.358892E-05,12.4065,0
0.828,-0.0001554284,12.42,0,0.828,4.800488E-05,12.42,0
0.8289,-5.404745E-05,12.4335,0,0.8289,2.920577E-05,12.4335,0
0.8298,-2.517739E-05,12.447,0,0.8298,4.39765E-05,12.447,0
0.8307,-8.627451E-05,12.4605,0,0.8307,1.510643E-05,12.4605,0
0.8316,1.846342E-05,12.474,0,0.8316,-4.061952E-05,12.474,0
0.8325,5.539025E-05,12.4875,0,0.8325,5.035477E-06,12.4875,0
0.8334,-2.819867E-05,12.501,0,0.8334,-1.678492E-06,12.501,0
0.8343,-6.210422E-05,12.5145,0,0.8343,-7.284657E-05,12.5145,0
0.8352,-2.987716E-05,12.528,0,0.8352,-4.699779E-05,12.528,0
0.8361,-7.418937E-05,12.5415,0,0.8361,-8.728161E-06,12.5415,0
0.837,3.323415E-05,12.555,0,0.837,-1.678492E-05,12.555,0
0.8379,5.270466E-05,12.5685,0,0.8379,-1.678492E-05,12.5685,0
0.8388,1.510643E-05,12.582,0,0.8388,-3.659113E-05,12.582,0
0.8397,4.196231E-05,12.5955,0,0.8397,-1.846342E-05,12.5955,0
0.8406,5.807584E-05,12.609,0,0.8406,8.728161E-06,12.609,0
0.8415,7.150377E-05,12.6225,0,0.8415,-1.107805E-05,12.6225,0
0.8424,7.183947E-05,12.636,0,0.8424,-3.457694E-05,12.636,0
0.8433,0.0001534142,12.6495,0,0.8433,-6.042573E-06,12.6495,0
0.8442,0.0001346151,12.663,0,0.8442,-1.443504E-05,12.663,0
0.8451,-3.021286E-06,12.6765,0,0.8451,-4.162661E-05,12.6765,0
0.846,-9.433127E-05,12.69,0,0.846,-2.450599E-05,12.69,0
0.8469,-4.095522E-05,12.7035,0,0.8469,-2.719158E-05,12.7035,0
0.8478,-3.356985E-05,12.717,0,0.8478,-4.33051E-05,12.717,0
0.8487,-3.390555E-05,12.7305,0,0.8487,-3.256275E-05,12.7305,0
0.8496,-6.54612E-05,12.744,0,0.8496,-2.484169E-05,12.744,0
0.8505,8.392462E-06,12.7575,0,0.8505,-1.510643E-05,12.7575,0
0.8514,-3.457694E-05,12.771,0,0.8514,-4.095522E-05,12.771,0
0.8523,-3.793393E-05,12.7845,0,0.8523,-4.867628E-05,12.7845,0
0.8532,-5.371176E-06,12.798,0,0.8532,-1.342794E-05,12.798,0
0.8541,-1.208515E-05,12.8115,0,0.8541,-3.692683E-06,12.8115,0
0.855,-1.443504E-05,12.825,0,0.855,-1.376364E-05,12.825,0
0.8559,7.385367E-06,12.8385,0,0.8559,-3.021286E-05,12.8385,0
0.8568,1.141375E-05,12.852,0,0.8568,2.887007E-05,12.852,0
0.8577,3.021286E-06,12.8655,0,0.8577,1.712062E-05,12.8655,0
0.8586,3.289845E-05,12.879,0,0.8586,-4.43122E-05,12.879,0
0.8595001,1.141375E-05,12.8925,0,0.8595001,1.510643E-05,12.8925,0
0.8604,1.644922E-05,12.906,0,0.8604,7.083238E-05,12.906,0
0.8613,3.860533E-05,12.9195,0,0.8613,-2.21561E-05,12.9195,0
0.8622,6.243992E-05,12.933,0,0.8622,-6.076142E-05,12.933,0
0.8631,6.948959E-05,12.9465,0,0.8631,-3.558404E-05,12.9465,0
0.864,7.217517E-05,12.96,0,0.864,-5.069047E-05,12.96,0
0.8649,3.457694E-05,12.9735,0,0.8649,-2.685588E-05,12.9735,0
0.8658,1.712062E-05,12.987,0,0.8658,-4.028382E-06,12.987,0
0.8667,-3.692683E-06,13.0005,0,0.8667,2.752728E-05,13.0005,0
0.8676,-1.309224E-05,13.014,0,0.8676,6.042573E-06,13.014,0
0.8685,-1.644922E-05,13.0275,0,0.8685,-5.169757E-05,13.0275,0
0.8694,-2.786297E-05,13.041,0,0.8694,-6.478981E-05,13.041,0
0.8703,-2.987716E-05,13.0545,0,0.8703,-2.18204E-05,13.0545,0
0.8712,-3.826963E-05,13.068,0,0.8712,-1.376364E-05,13.068,0
0.8721,-3.054856E-05,13.0815,0,0.8721,-1.544213E-05,13.0815,0
0.873,-1.376364E-05,13.095,0,0.873,4.39765E-05,13.095,0
0.8739,-2.24918E-05,13.1085,0,0.8739,4.834058E-05,13.1085,0
0.8748,-4.46479E-05,13.122,0,0.8748,1.745632E-05,13.122,0
0.8757,-3.054856E-05,13.1355,0,0.8757,5.706874E-06,13.1355,0
0.8766,-1.812772E-05,13.149,0,0.8766,6.411841E-05,13.149,0
0.8775,-4.162661E-05,13.1625,0,0.8775,1.242084E-05,13.1625,0
0.8784,-4.129091E-05,13.176,0,0.8784,-5.203327E-05,13.176,0
0.8793,-1.510643E-05,13.1895,0,0.8793,-6.478981E-05,13.1895,0
0.8802,-4.901198E-05,13.203,0,0.8802,-8.69459E-05,13.203,0
0.8811,-6.6804E-05,13.2165,0,0.8811,-0.0001050736,13.2165,0
0.882,-4.733349E-05,13.23,0,0.882,-2.517739E-05,13.23,0
0.8829,-4.129091E-05,13.2435,0,0.8829,-3.390555E-05,13.2435,0
0.8838,-4.733349E-05,13.257,0,0.8838,-3.021286E-05,13.257,0
0.8847,-1.544213E-05,13.2705,0,0.8847,-5.941863E-05,13.2705,0
0.8856,1.477073E-05,13.284,0,0.8856,-7.653925E-05,13.284,0
0.8865,1.409934E-05,13.2975,0,0.8865,3.356985E-07,13.2975,0
0.8874,3.860533E-05,13.311,0,0.8874,1.174945E-05,13.311,0
0.8883,5.606165E-05,13.3245,0,0.8883,-2.987716E-05,13.3245,0
0.8892,2.752728E-05,13.338,0,0.8892,-6.378271E-05,13.338,0
0.8901,4.229801E-05,13.3515,0,0.8901,-2.584878E-05,13.3515,0
0.891,6.277562E-05,13.365,0,0.891,-4.229801E-05,13.365,0
0.8919,2.21561E-05,13.3785,0,0.8919,-7.183947E-05,13.3785,0
0.8928,-5.706874E-06,13.392,0,0.8928,-3.726253E-05,13.392,0
0.8937,-4.699779E-06,13.4055,0,0.8937,2.014191E-06,13.4055,0
0.8946,-3.121996E-05,13.419,0,0.8946,-2.349889E-06,13.419,0
0.8955,-3.994812E-05,13.4325,0,0.8955,-1.007095E-05,13.4325,0
0.8964,-2.786297E-05,13.446,0,0.8964,3.692683E-06,13.446,0
0.8973,-2.954147E-05,13.4595,0,0.8973,5.069047E-05,13.4595,0
0.8982,-5.706874E-06,13.473,0,0.8982,3.021286E-05,13.473,0
0.8991,-3.356985E-07,13.4865,0,0.8991,-2.786297E-05,13.4865,0
0.9,-6.378271E-06,13.5,0,0.9,3.356985E-07,13.5,0
0.9009,-3.189136E-05,13.5135,0,0.9009,2.28275E-05,13.5135,0
0.9018,-6.881819E-05,13.527,0,0.9018,-3.524834E-05,13.527,0
0.9027,-1.141375E-05,13.5405,0,0.9027,-4.129091E-05,13.5405,0
0.9036,-3.793393E-05,13.554,0,0.9036,1.376364E-05,13.554,0
0.9045,-2.786297E-05,13.5675,0,0.9045,4.39765E-05,13.5675,0
0.9054,-7.385367E-06,13.581,0,0.9054,5.404745E-05,13.581,0
0.9063,-1.040665E-05,13.5945,0,0.9063,-2.316319E-05,13.5945,0
0.9072,7.721065E-06,13.608,0,0.9072,-3.323415E-05,13.608,0
0.9081,3.054856E-05,13.6215,0,0.9081,-2.652018E-05,13.6215,0
0.909,3.457694E-05,13.635,0,0.909,-6.210422E-05,13.635,0
0.9099,1.947051E-05,13.6485,0,0.9099,-7.385367E-05,13.6485,0
0.9108,-3.021286E-06,13.662,0,0.9108,-6.378271E-06,13.662,0
0.9117,9.735256E-06,13.6755,0,0.9117,-1.779202E-05,13.6755,0
0.9126,4.061952E-05,13.689,0,0.9126,-6.848249E-05,13.689,0
0.9135,2.517739E-05,13.7025,0,0.9135,-2.685588E-05,13.7025,0
0.9144,4.699779E-06,13.716,0,0.9144,-2.28275E-05,13.716,0
0.9153,-1.342794E-05,13.7295,0,0.9153,-7.956054E-05,13.7295,0
0.9162,-3.121996E-05,13.743,0,0.9162,-9.097429E-05,13.743,0
0.9171,-6.411841E-05,13.7565,0,0.9171,-4.867628E-05,13.7565,0
0.918,-7.217517E-05,13.77,0,0.918,-2.047761E-05,13.77,0
0.9189,-5.539025E-05,13.7835,0,0.9189,-7.049668E-06,13.7835,0
0.9198,-4.196231E-05,13.797,0,0.9198,-2.047761E-05,13.797,0
0.9207,-2.853437E-05,13.8105,0,0.9207,6.54612E-05,13.8105,0
0.9216,-1.007095E-05,13.824,0,0.9216,8.69459E-05,13.824,0
0.9225,-3.021286E-06,13.8375,0,0.9225,2.28275E-05,13.8375,0
0.9234,-2.685588E-06,13.851,0,0.9234,-2.1149E-05,13.851,0
0.9243,-2.014191E-05,13.8645,0,0.9243,4.36408E-06,13.8645,0
0.9252,-5.371176E-06,13.878,0,0.9252,-2.349889E-05,13.878,0
0.9261,-2.349889E-06,13.8915,0,0.9261,-7.284657E-05,13.8915,0
0.927,-2.551309E-05,13.905,0,0.927,-2.719158E-05,13.905,0
0.9279,-2.584878E-05,13.9185,0,0.9279,1.812772E-05,13.9185,0
0.9288,2.383459E-05,13.932,0,0.9288,8.728161E-06,13.932,0
0.9297,-3.323415E-05,13.9455,0,0.9297,9.063859E-06,13.9455,0
0.9306,-5.874724E-05,13.959,0,0.9306,1.678492E-05,13.959,0
0.9315,-1.644922E-05,13.9725,0,0.9315,7.721065E-06,13.9725,0
0.9324,2.349889E-06,13.986,0,0.9324,-3.457694E-05,13.986,0
0.9333,1.947051E-05,13.9995,0,0.9333,-7.620356E-05,13.9995,0
0.9342,2.517739E-05,14.013,0,0.9342,-3.256275E-05,14.013,0
0.9351,5.337606E-05,14.0265,0,0.9351,2.047761E-05,14.0265,0
0.936,3.457694E-05,14.04,0,0.936,-8.056763E-06,14.04,0
0.9369,2.316319E-05,14.0535,0,0.9369,-3.524834E-05,14.0535,0
0.9378,1.409934E-05,14.067,0,0.9378,-4.699779E-06,14.067,0
0.9387,-1.007095E-05,14.0805,0,0.9387,-9.399558E-06,14.0805,0
0.9396001,1.275654E-05,14.094,0,0.9396001,-6.61326E-05,14.094,0
0.9405,5.371176E-06,14.1075,0,0.9405,-3.289845E-05,14.1075,0
0.9414001,2.383459E-05,14.121,0,0.9414001,-3.558404E-05,14.121,0
0.9423,3.793393E-05,14.1345,0,0.9423,-5.606165E-05,14.1345,0
0.9432001,1.141375E-05,14.148,0,0.9432001,-1.913481E-05,14.148,0
0.9441,4.36408E-06,14.1615,0,0.9441,1.174945E-05,14.1615,0
0.9450001,-1.141375E-05,14.175,0,0.9450001,-2.316319E-05,14.175,0
0.9459,-2.081331E-05,14.1885,0,0.9459,-1.779202E-05,14.1885,0
0.9468,-3.256275E-05,14.202,0,0.9468,-1.342794E-05,14.202,0
0.9477,-6.009003E-05,14.2155,0,0.9477,-2.584878E-05,14.2155,0
0.9486,-6.243992E-05,14.229,0,0.9486,-2.517739E-05,14.229,0
0.9495,-5.069047E-05,14.2425,0,0.9495,-4.46479E-05,14.2425,0
0.9504,-4.33051E-05,14.256,0,0.9504,-4.53193E-05,14.256,0
0.9513,-1.107805E-05,14.2695,0,0.9513,-2.18204E-05,14.2695,0
0.9522,-2.014191E-06,14.283,0,0.9522,-5.236896E-05,14.283,0
0.9531,2.24918E-05,14.2965,0,0.9531,-5.539025E-05,14.2965,0
0.954,3.726253E-05,14.31,0,0.954,2.383459E-05,14.31,0
0.9549,3.860533E-05,14.3235,0,0.9549,1.141375E-05,14.3235,0
0.9558,3.189136E-05,14.337,0,0.9558,-2.584878E-05,14.337,0
0.9567,-1.644922E-05,14.3505,0,0.9567,3.356985E-07,14.3505,0
0.9576,-4.599069E-05,14.364,0,0.9576,1.712062E-05,14.364,0
0.9585,-3.793393E-05,14.3775,0,0.9585,-1.409934E-05,14.3775,0
0.9594,-3.256275E-05,14.391,0,0.9594,-3.457694E-05,14.391,0
0.9603,1.980621E-05,14.4045,0,0.9603,-6.210422E-05,14.4045,0
0.9612,3.256275E-05,14.418,0,0.9612,-3.289845E-05,14.418,0
0.9621,2.450599E-05,14.4315,0,0.9621,-1.007095E-05,14.4315,0
0.963,1.007095E-05,14.445,0,0.963,-2.24918E-05,14.445,0
0.9639,2.1149E-05,14.4585,0,0.9639,-4.666209E-05,14.4585,0
0.9648,1.812772E-05,14.472,0,0.9648,-1.812772E-05,14.472,0
0.9657,9.399558E-06,14.4855,0,0.9657,-2.719158E-05,14.4855,0
0.9666,2.21561E-05,14.499,0,0.9666,-3.155566E-05,14.499,0
0.9675,-3.323415E-05,14.5125,0,0.9675,4.263371E-05,14.5125,0
0.9684,-2.18204E-05,14.526,0,0.9684,-7.385367E-06,14.526,0
0.9693,-3.692683E-06,14.5395,0,0.9693,-5.337606E-05,14.5395,0
0.9702,-3.994812E-05,14.553,0,0.9702,9.399558E-06,14.553,0
0.9711,-4.867628E-05,14.5665,0,0.9711,1.342794E-05,14.5665,0
0.972,-5.069047E-05,14.58,0,0.972,-7.150377E-05,14.58,0
0.9729,-5.001907E-05,14.5935,0,0.9729,-6.411841E-05,14.5935,0
0.9738,-3.256275E-05,14.607,0,0.9738,-3.424125E-05,14.607,0
0.9747,0,14.6205,0,0.9747,1.409934E-05,14.6205,0
0.9756,3.054856E-05,14.634,0,0.9756,-7.049668E-06,14.634,0
0.9765,3.927672E-05,14.6475,0,0.9765,1.846342E-05,14.6475,0
0.9774,6.076142E-05,14.661,0,0.9774,4.766919E-05,14.661,0
0.9783,1.309224E-05,14.6745,0,0.9783,6.64683E-05,14.6745,0
0.9792,-2.920577E-05,14.688,0,0.9792,-8.392462E-06,14.688,0
0.9801,3.356985E-06,14.7015,0,0.9801,-7.855344E-05,14.7015,0
0.981,1.947051E-05,14.715,0,0.981,-5.471885E-05,14.715,0
0.9819,-2.719158E-05,14.7285,0,0.9819,-4.263371E-05,14.7285,0
0.9828,-1.242084E-05,14.742,0,0.9828,-6.78111E-05,14.742,0
0.9837,-2.484169E-05,14.7555,0,0.9837,-4.46479E-05,14.7555,0
0.9846,-2.752728E-05,14.769,0,0.9846,4.39765E-05,14.769,0
0.9855,-2.584878E-05,14.7825,0,0.9855,2.652018E-05,14.7825,0
0.9864,-3.021286E-06,14.796,0,0.9864,1.007095E-06,14.796,0
0.9873,6.378271E-06,14.8095,0,0.9873,-1.510643E-05,14.8095,0
0.9882,-1.309224E-05,14.823,0,0.9882,-1.007095E-05,14.823,0
0.9891,-4.129091E-05,14.8365,0,0.9891,1.342794E-06,14.8365,0
0.99,-3.994812E-05,14.85,0,0.99,-2.047761E-05,14.85,0
0.9909,-1.779202E-05,14.8635,0,0.9909,-4.29694E-05,14.8635,0
0.9918,-3.826963E-05,14.877,0,0.9918,-3.356985E-07,14.877,0
0.9927,-2.887007E-05,14.8905,0,0.9927,-2.014191E-06,14.8905,0
0.9936,-1.980621E-05,14.904,0,0.9936,-3.826963E-05,14.904,0
0.9945,-2.517739E-05,14.9175,0,0.9945,-4.699779E-06,14.9175,0
0.9954,7.721065E-06,14.931,0,0.9954,-3.121996E-05,14.931,0
0.9963,2.853437E-05,14.9445,0,0.9963,-5.572595E-05,14.9445,0
0.9972,-1.376364E-05,14.958,0,0.9972,-3.323415E-05,14.958,0
0.9981,1.040665E-05,14.9715,0,0.9981,1.846342E-05,14.9715,0
0.999,5.203327E-05,14.985,0,0.999,1.678492E-06,14.985,0
0.9999,0,14.9985,0,0.9999,-3.524834E-05,14.9985,0
1.0008,-2.517739E-05,15.012,0,1.0008,-3.155566E-05,15.012,0
1.0017,-3.356985E-07,15.0255,0,1.0017,-3.390555E-05,15.0255,0
1.0026,-3.356985E-07,15.039,0,1.0026,-2.652018E-05,15.039,0
1.0035,3.659113E-05,15.0525,0,1.0035,-3.927672E-05,15.0525,0
1.0044,2.517739E-05,15.066,0,1.0044,-4.263371E-05,15.066,0
1.0053,-2.517739E-05,15.0795,0,1.0053,-1.174945E-05,15.0795,0
1.0062,-1.913481E-05,15.093,0,1.0062,-2.887007E-05,15.093,0
1.0071,-1.947051E-05,15.1065,0,1.0071,-3.155566E-05,15.1065,0
1.008,-3.994812E-05,15.12,0,1.008,-1.342794E-06,15.12,0
1.0089,8.392462E-06,15.1335,0,1.0089,1.443504E-05,15.1335,0
1.0098,2.517739E-05,15.147,0,1.0098,-1.913481E-05,15.147,0
1.0107,6.713969E-07,15.1605,0,1.0107,-1.745632E-05,15.1605,0
1.0116,-2.618448E-05,15.174,0,1.0116,-3.256275E-05,15.174,0
1.0125,-6.042573E-06,15.1875,0,1.0125,-4.33051E-05,15.1875,0
1.0134,-5.203327E-05,15.201,0,1.0134,-7.150377E-05,15.201,0
1.0143,-4.934768E-05,15.2145,0,1.0143,-0.0001080949,15.2145,0
1.0152,-5.706874E-06,15.228,0,1.0152,-7.821774E-05,15.228,0
1.0161,-1.309224E-05,15.2415,0,1.0161,-4.36408E-06,15.2415,0
1.017,-1.510643E-05,15.255,0,1.017,8.090334E-05,15.255,0
1.0179,9.063859E-06,15.2685,0,1.0179,0.0001315938,15.2685,0
1.0188,1.980621E-05,15.282,0,1.0188,7.284657E-05,15.282,0
1.0197,7.721065E-06,15.2955,0,1.0197,5.706874E-06,15.2955,0
1.0206,9.063859E-06,15.309,0,1.0206,-2.786297E-05,15.309,0
1.0215,7.049668E-06,15.3225,0,1.0215,-2.014191E-06,15.3225,0
1.0224,1.040665E-05,15.336,0,1.0224,-3.994812E-05,15.336,0
1.0233,5.035477E-06,15.3495,0,1.0233,-0.0001185016,15.3495,0
1.0242,-1.342794E-05,15.363,0,1.0242,-7.754635E-05,15.363,0
1.0251,-2.551309E-05,15.3765,0,1.0251,-1.443504E-05,15.3765,0
1.026,-3.121996E-05,15.39,0,1.026,6.713969E-06,15.39,0
1.0269,-4.129091E-05,15.4035,0,1.0269,3.088426E-05,15.4035,0
1.0278,-9.063859E-06,15.417,0,1.0278,4.599069E-05,15.417,0
1.0287,1.577783E-05,15.4305,0,1.0287,2.047761E-05,15.4305,0
1.0296,4.196231E-05,15.444,0,1.0296,-1.812772E-05,15.444,0
1.0305,-3.356985E-07,15.4575,0,1.0305,-7.418937E-05,15.4575,0
1.0314,-2.719158E-05,15.471,0,1.0314,-0.0001252155,15.471,0
1.0323,-3.793393E-05,15.4845,0,1.0323,-0.0001080949,15.4845,0
1.0332,-1.141375E-05,15.498,0,1.0332,-8.493171E-05,15.498,0
1.0341,1.174945E-05,15.5115,0,1.0341,3.625543E-05,15.5115,0
1.035,-1.779202E-05,15.525,0,1.035,9.735256E-05,15.525,0
1.0359,4.36408E-06,15.5385,0,1.0359,1.678492E-05,15.5385,0
1.0368,2.383459E-05,15.552,0,1.0368,-8.023193E-05,15.552,0
1.0377,1.141375E-05,15.5655,0,1.0377,-5.069047E-05,15.5655,0
1.0386,-3.692683E-06,15.579,0,1.0386,-1.510643E-05,15.579,0
1.0395,-9.399558E-06,15.5925,0,1.0395,-3.222705E-05,15.5925,0
1.0404,-9.735256E-06,15.606,0,1.0404,-2.450599E-05,15.606,0
1.0413,2.24918E-05,15.6195,0,1.0413,-3.894102E-05,15.6195,0
1.0422,5.035477E-05,15.633,0,1.0422,-7.049668E-06,15.633,0
1.0431,-1.678492E-06,15.6465,0,1.0431,2.21561E-05,15.6465,0
1.044,-3.692683E-06,15.66,0,1.044,-3.256275E-05,15.66,0
1.0449,3.323415E-05,15.6735,0,1.0449,-3.961242E-05,15.6735,0
1.0458,-2.081331E-05,15.687,0,1.0458,1.712062E-05,15.687,0
1.0467,-6.881819E-05,15.7005,0,1.0467,7.385367E-06,15.7005,0
1.0476,2.316319E-05,15.714,0,1.0476,-4.29694E-05,15.714,0
1.0485,3.189136E-05,15.7275,0,1.0485,-3.021286E-06,15.7275,0
1.0494,-2.920577E-05,15.741,0,1.0494,-1.779202E-05,15.741,0
1.0503,-1.141375E-05,15.7545,0,1.0503,-4.33051E-05,15.7545,0
1.0512,-2.21561E-05,15.768,0,1.0512,-4.699779E-06,15.768,0
1.0521,-3.793393E-05,15.7815,0,1.0521,-7.721065E-06,15.7815,0
1.053,-2.450599E-05,15.795,0,1.053,-4.934768E-05,15.795,0
1.0539,-2.819867E-05,15.8085,0,1.0539,-9.298848E-05,15.8085,0
1.0548,-2.987716E-05,15.822,0,1.0548,-0.000105745,15.822,0
1.0557,-1.107805E-05,15.8355,0,1.0557,-6.64683E-05,15.8355,0
1.0566,-2.786297E-05,15.849,0,1.0566,-3.390555E-05,15.849,0
1.0575,-3.256275E-05,15.8625,0,1.0575,2.786297E-05,15.8625,0
1.0584,-2.786297E-05,15.876,0,1.0584,7.754635E-05,15.876,0
1.0593,-1.913481E-05,15.8895,0,1.0593,8.358892E-05,15.8895,0
1.0602,-5.706874E-06,15.903,0,1.0602,4.33051E-05,15.903,0
1.0611,1.275654E-05,15.9165,0,1.0611,-5.035477E-06,15.9165,0
1.062,-5.035477E-06,15.93,0,1.062,3.692683E-06,15.93,0
1.0629,1.812772E-05,15.9435,0,1.0629,1.712062E-05,15.9435,0
1.0638,3.256275E-05,15.957,0,1.0638,-2.819867E-05,15.957,0
1.0647,-6.713969E-07,15.9705,0,1.0647,-2.383459E-05,15.9705,0
1.0656,-1.409934E-05,15.984,0,1.0656,-1.678492E-06,15.984,0
1.0665,-1.477073E-05,15.9975,0,1.0665,-1.678492E-06,15.9975,0
1.0674,-1.007095E-06,16.011,0,1.0674,-1.712062E-05,16.011,0
1.0683,-3.356985E-07,16.0245,0,1.0683,-3.256275E-05,16.0245,0
1.0692,4.36408E-06,16.038,0,1.0692,-1.812772E-05,16.038,0
1.0701,-2.349889E-06,16.0515,0,1.0701,-5.035477E-06,16.0515,0
1.071,5.706874E-06,16.065,0,1.071,-2.18204E-05,16.065,0
1.0719,-8.728161E-06,16.0785,0,1.0719,-4.699779E-05,16.0785,0
1.0728,-6.076142E-05,16.092,0,1.0728,-9.735256E-06,16.092,0
1.0737,-6.210422E-05,16.1055,0,1.0737,-2.517739E-05,16.1055,0
1.0746,-3.994812E-05,16.119,0,1.0746,-7.956054E-05,16.119,0
1.0755,-4.867628E-05,16.1325,0,1.0755,-1.644922E-05,16.1325,0
1.0764,-7.016098E-05,16.146,0,1.0764,-1.443504E-05,16.146,0
1.0773,2.685588E-06,16.1595,0,1.0773,-1.879912E-05,16.1595,0
1.0782,4.46479E-05,16.173,0,1.0782,-1.577783E-05,16.173,0
1.0791,1.242084E-05,16.1865,0,1.0791,-2.014191E-06,16.1865,0
1.08,3.323415E-05,16.2,0,1.08,5.371176E-06,16.2,0
1.0809,1.208515E-05,16.2135,0,1.0809,-1.678492E-06,16.2135,0
1.0818,3.457694E-05,16.227,0,1.0818,-2.383459E-05,16.227,0
1.0827,2.853437E-05,16.2405,0,1.0827,-6.042573E-06,16.2405,0
1.0836,1.510643E-05,16.254,0,1.0836,-2.887007E-05,16.254,0
1.0845,2.517739E-05,16.2675,0,1.0845,-6.009003E-05,16.2675,0
1.0854,5.203327E-05,16.281,0,1.0854,-4.867628E-05,16.281,0
1.0863,4.46479E-05,16.2945,0,1.0863,-1.510643E-05,16.2945,0
1.0872,3.692683E-06,16.308,0,1.0872,-2.316319E-05,16.308,0
1.0881,-9.735256E-06,16.3215,0,1.0881,-6.814679E-05,16.3215,0
1.089,-2.987716E-05,16.335,0,1.089,-3.054856E-05,16.335,0
1.0899,-7.486076E-05,16.3485,0,1.0899,-8.392462E-06,16.3485,0
1.0908,-7.217517E-05,16.362,0,1.0908,-4.028382E-05,16.362,0
1.0917,-4.061952E-05,16.3755,0,1.0917,-2.853437E-05,16.3755,0
1.0926,-2.349889E-05,16.389,0,1.0926,7.721065E-06,16.389,0
1.0935,-1.141375E-05,16.4025,0,1.0935,5.035477E-06,16.4025,0
1.0944,-1.107805E-05,16.416,0,1.0944,1.644922E-05,16.416,0
1.0953,-2.584878E-05,16.4295,0,1.0953,3.356985E-06,16.4295,0
1.0962,3.356985E-07,16.443,0,1.0962,2.1149E-05,16.443,0
1.0971,4.162661E-05,16.4565,0,1.0971,1.510643E-05,16.4565,0
1.098,-2.047761E-05,16.47,0,1.098,-3.927672E-05,16.47,0
1.0989,4.36408E-06,16.4835,0,1.0989,-8.426032E-05,16.4835,0
1.0998,4.867628E-05,16.497,0,1.0998,-6.478981E-05,16.497,0
1.1007,1.577783E-05,16.5105,0,1.1007,-3.289845E-05,16.5105,0
1.1016,1.577783E-05,16.524,0,1.1016,-7.486076E-05,16.524,0
1.1025,-2.349889E-06,16.5375,0,1.1025,-4.565499E-05,16.5375,0
1.1034,1.342794E-06,16.551,0,1.1034,-1.007095E-06,16.551,0
1.1043,3.356985E-07,16.5645,0,1.1043,5.203327E-05,16.5645,0
1.1052,-2.719158E-05,16.578,0,1.1052,2.484169E-05,16.578,0
1.1061,-4.162661E-05,16.5915,0,1.1061,1.007095E-05,16.5915,0
1.107,-4.229801E-05,16.605,0,1.107,-1.779202E-05,16.605,0
1.1079,-3.155566E-05,16.6185,0,1.1079,-2.719158E-05,16.6185,0
1.1088,-1.812772E-05,16.632,0,1.1088,-5.471885E-05,16.632,0
1.1097,-1.174945E-05,16.6455,0,1.1097,-2.450599E-05,16.6455,0
1.1106,-4.196231E-05,16.659,0,1.1106,-2.920577E-05,16.659,0
1.1115,-3.256275E-05,16.6725,0,1.1115,-5.001907E-05,16.6725,0
1.1124,-2.349889E-05,16.686,0,1.1124,-6.74754E-05,16.686,0
1.1133,-2.618448E-05,16.6995,0,1.1133,-2.786297E-05,16.6995,0
1.1142,-1.678492E-05,16.713,0,1.1142,-4.36408E-06,16.713,0
1.1151,1.947051E-05,16.7265,0,1.1151,-2.316319E-05,16.7265,0
1.116,1.107805E-05,16.74,0,1.116,2.887007E-05,16.74,0
1.1169,-8.728161E-06,16.7535,0,1.1169,3.356985E-06,16.7535,0
1.1178,-4.36408E-06,16.767,0,1.1178,-3.591974E-05,16.767,0
1.1187,6.042573E-06,16.7805,0,1.1187,-1.947051E-05,16.7805,0
1.1196,-2.719158E-05,16.794,0,1.1196,-2.853437E-05,16.794,0
1.1205,-2.920577E-05,16.8075,0,1.1205,-3.457694E-05,16.8075,0
1.1214,-2.18204E-05,16.821,0,1.1214,-3.591974E-05,16.821,0
1.1223,2.349889E-06,16.8345,0,1.1223,-6.814679E-05,16.8345,0
1.1232,1.376364E-05,16.848,0,1.1232,-4.36408E-05,16.848,0
1.1241,-5.706874E-06,16.8615,0,1.1241,-3.021286E-06,16.8615,0
1.125,4.36408E-06,16.875,0,1.125,-7.049668E-06,16.875,0
1.1259,-3.021286E-06,16.8885,0,1.1259,-2.450599E-05,16.8885,0
1.1268,-3.054856E-05,16.902,0,1.1268,1.712062E-05,16.902,0
1.1277,-4.867628E-05,16.9155,0,1.1277,-6.713969E-06,16.9155,0
1.1286,-5.069047E-05,16.929,0,1.1286,-4.061952E-05,16.929,0
1.1295,-5.740444E-05,16.9425,0,1.1295,5.035477E-06,16.9425,0
1.1304,-1.309224E-05,16.956,0,1.1304,2.920577E-05,16.956,0
1.1313,1.040665E-05,16.9695,0,1.1313,-7.385367E-06,16.9695,0
1.1322,1.309224E-05,16.983,0,1.1322,-2.18204E-05,16.983,0
1.1331,3.894102E-05,16.9965,0,1.1331,2.349889E-05,16.9965,0
1.134,8.358892E-05,17.01,0,1.134,1.678492E-05,17.01,0
1.1349,9.265278E-05,17.0235,0,1.1349,3.356985E-07,17.0235,0
1.1358,5.539025E-05,17.037,0,1.1358,-4.263371E-05,17.037,0
1.1367,5.874724E-05,17.0505,0,1.1367,-2.853437E-05,17.0505,0
1.1376,3.390555E-05,17.064,0,1.1376,-1.409934E-05,17.064,0
1.1385,2.18204E-05,17.0775,0,1.1385,-3.323415E-05,17.0775,0
1.1394,2.047761E-05,17.091,0,1.1394,-6.74754E-05,17.091,0
1.1403,2.752728E-05,17.1045,0,1.1403,-1.107805E-05,17.1045,0
1.1412,3.994812E-05,17.118,0,1.1412,1.174945E-05,17.118,0
1.1421,3.591974E-05,17.1315,0,1.1421,-1.846342E-05,17.1315,0
1.143,3.356985E-07,17.145,0,1.143,1.678492E-06,17.145,0
1.1439,-3.356985E-06,17.1585,0,1.1439,1.577783E-05,17.1585,0
1.1448,-5.270466E-05,17.172,0,1.1448,-2.450599E-05,17.172,0
1.1457,-5.404745E-05,17.1855,0,1.1457,-2.618448E-05,17.1855,0
1.1466,-4.162661E-05,17.199,0,1.1466,-1.879912E-05,17.199,0
1.1475,-8.358892E-05,17.2125,0,1.1475,-4.46479E-05,17.2125,0
1.1484,-8.996719E-05,17.226,0,1.1484,-1.980621E-05,17.226,0
1.1493,-5.069047E-05,17.2395,0,1.1493,-4.33051E-05,17.2395,0
1.1502,-9.063859E-06,17.253,0,1.1502,-7.721065E-06,17.253,0
1.1511,-1.980621E-05,17.2665,0,1.1511,1.376364E-05,17.2665,0
1.152,-4.46479E-05,17.28,0,1.152,-1.644922E-05,17.28,0
1.1529,-1.980621E-05,17.2935,0,1.1529,-2.920577E-05,17.2935,0
1.1538,-4.162661E-05,17.307,0,1.1538,1.040665E-05,17.307,0
1.1547,-4.766919E-05,17.3205,0,1.1547,-4.36408E-06,17.3205,0
1.1556,-4.129091E-05,17.334,0,1.1556,-6.478981E-05,17.334,0
1.1565,-3.457694E-05,17.3475,0,1.1565,-8.056763E-06,17.3475,0
1.1574,9.735256E-06,17.361,0,1.1574,-1.107805E-05,17.361,0
1.1583,6.411841E-05,17.3745,0,1.1583,-5.706874E-05,17.3745,0
1.1592,4.49836E-05,17.388,0,1.1592,-5.673304E-05,17.388,0
1.1601,1.779202E-05,17.4015,0,1.1601,-5.572595E-05,17.4015,0
1.161,2.786297E-05,17.415,0,1.161,-7.855344E-05,17.415,0
1.1619,1.980621E-05,17.4285,0,1.1619,-5.874724E-05,17.4285,0
1.1628,-8.392462E-06,17.442,0,1.1628,1.275654E-05,17.442,0
1.1637,-2.484169E-05,17.4555,0,1.1637,5.337606E-05,17.4555,0
1.1646,-1.174945E-05,17.469,0,1.1646,4.061952E-05,17.469,0
1.1655,-3.894102E-05,17.4825,0,1.1655,-1.342794E-06,17.4825,0
1.1664,-3.054856E-05,17.496,0,1.1664,-3.256275E-05,17.496,0
1.1673,-1.174945E-05,17.5095,0,1.1673,-2.685588E-06,17.5095,0
1.1682,-6.009003E-05,17.523,0,1.1682,-7.049668E-06,17.523,0
1.1691,-1.174945E-05,17.5365,0,1.1691,-3.558404E-05,17.5365,0
1.17,9.735256E-06,17.55,0,1.17,1.342794E-06,17.55,0
1.1709,9.735256E-06,17.5635,0,1.1709,7.721065E-06,17.5635,0
1.1718,2.047761E-05,17.577,0,1.1718,-1.107805E-05,17.577,0
1.1727,-5.203327E-05,17.5905,0,1.1727,3.692683E-06,17.5905,0
1.1736,-0.0001185016,17.604,0,1.1736,-1.779202E-05,17.604,0
1.1745,-0.0001084306,17.6175,0,1.1745,-3.289845E-05,17.6175,0
1.1754,-5.136187E-05,17.631,0,1.1754,-4.46479E-05,17.631,0
1.1763,-3.155566E-05,17.6445,0,1.1763,-8.96315E-05,17.6445,0
1.1772,-3.323415E-05,17.658,0,1.1772,-0.0001295796,17.658,0
1.1781,-1.712062E-05,17.6715,0,1.1781,-0.0001054093,17.6715,0
1.179,-1.678492E-06,17.685,0,1.179,-1.644922E-05,17.685,0
1.1799,6.344701E-05,17.6985,0,1.1799,0.0001121233,17.6985,0
1.1808,0.000102388,17.712,0,1.1808,0.0001285725,17.712,0
1.1817,8.023193E-05,17.7255,0,1.1817,2.819867E-05,17.7255,0
1.1826,7.083238E-05,17.739,0,1.1826,-7.049668E-06,17.739,0
1.1835,4.901198E-05,17.7525,0,1.1835,1.779202E-05,17.7525,0
1.1844,4.968337E-05,17.766,0,1.1844,2.987716E-05,17.766,0
1.1853,6.243992E-05,17.7795,0,1.1853,-1.309224E-05,17.7795,0
1.1862,1.812772E-05,17.793,0,1.1862,-4.36408E-05,17.793,0
1.1871,1.040665E-05,17.8065,0,1.1871,-4.46479E-05,17.8065,0
1.188,-4.33051E-05,17.82,0,1.188,-5.404745E-05,17.82,0
1.1889,-6.210422E-05,17.8335,0,1.1889,-3.121996E-05,17.8335,0
1.1898,-1.376364E-05,17.847,0,1.1898,-3.121996E-05,17.847,0
1.1907,5.706874E-06,17.8605,0,1.1907,-1.107805E-05,17.8605,0
1.1916,3.356985E-06,17.874,0,1.1916,-1.879912E-05,17.874,0
1.1925,3.390555E-05,17.8875,0,1.1925,-5.203327E-05,17.8875,0
1.1934,-1.275654E-05,17.901,0,1.1934,-5.572595E-05,17.901,0
1.1943,-4.39765E-05,17.9145,0,1.1943,-1.779202E-05,17.9145,0
1.1952,-2.24918E-05,17.928,0,1.1952,-2.652018E-05,17.928,0
1.1961,-1.443504E-05,17.9415,0,1.1961,-5.774014E-05,17.9415,0
1.197,-8.392462E-06,17.955,0,1.197,-7.721065E-06,17.955,0
1.1979,-4.33051E-05,17.9685,0,1.1979,5.035477E-06,17.9685,0
1.1988,-4.196231E-05,17.982,0,1.1988,-4.733349E-05,17.982,0
1.1997,1.846342E-05,17.9955,0,1.1997,-5.001907E-05,17.9955,0
1.2006,2.28275E-05,18.009,0,1.2006,5.035477E-06,18.009,0
1.2015,1.678492E-05,18.0225,0,1.2015,-4.028382E-06,18.0225,0
1.2024,9.735256E-06,18.036,0,1.2024,-5.706874E-06,18.036,0
1.2033,-1.678492E-06,18.0495,0,1.2033,-4.46479E-05,18.0495,0
1.2042,7.721065E-06,18.063,0,1.2042,-2.24918E-05,18.063,0
1.2051,2.18204E-05,18.0765,0,1.2051,-6.713969E-07,18.0765,0
1.206,-5.706874E-06,18.09,0,1.206,-1.779202E-05,18.09,0
1.2069,-5.606165E-05,18.1035,0,1.2069,-6.076142E-05,18.1035,0
1.2078,-7.385367E-05,18.117,0,1.2078,-2.752728E-05,18.117,0
1.2087,-5.203327E-05,18.1305,0,1.2087,-6.378271E-06,18.1305,0
1.2096,-3.860533E-05,18.144,0,1.2096,-3.256275E-05,18.144,0
1.2105,-4.129091E-05,18.1575,0,1.2105,1.342794E-05,18.1575,0
1.2114,-5.706874E-05,18.171,0,1.2114,3.860533E-05,18.171,0
1.2123,-5.807584E-05,18.1845,0,1.2123,-5.706874E-06,18.1845,0
1.2132,-6.881819E-05,18.198,0,1.2132,-2.517739E-05,18.198,0
1.2141,-1.007095E-05,18.2115,0,1.2141,-4.36408E-06,18.2115,0
1.215,3.189136E-05,18.225,0,1.215,-1.510643E-05,18.225,0
1.2159,5.001907E-05,18.2385,0,1.2159,-1.879912E-05,18.2385,0
1.2168,5.001907E-05,18.252,0,1.2168,-2.349889E-05,18.252,0
1.2177,3.189136E-05,18.2655,0,1.2177,-2.047761E-05,18.2655,0
1.2186,4.36408E-06,18.279,0,1.2186,-1.376364E-05,18.279,0
1.2195,-1.510643E-05,18.2925,0,1.2195,-2.18204E-05,18.2925,0
1.2204,-1.107805E-05,18.306,0,1.2204,-4.39765E-05,18.306,0
1.2213,-1.879912E-05,18.3195,0,1.2213,-7.385367E-06,18.3195,0
1.2222,-1.712062E-05,18.333,0,1.2222,-1.980621E-05,18.333,0
1.2231,1.846342E-05,18.3465,0,1.2231,-7.049668E-05,18.3465,0
1.224,1.712062E-05,18.36,0,1.224,-3.121996E-05,18.36,0
1.2249,1.712062E-05,18.3735,0,1.2249,-7.385367E-06,18.3735,0
1.2258,-1.275654E-05,18.387,0,1.2258,-4.129091E-05,18.387,0
1.2267,-4.46479E-05,18.4005,0,1.2267,-2.786297E-05,18.4005,0
1.2276,-5.874724E-05,18.414,0,1.2276,3.256275E-05,18.414,0
1.2285,-8.358892E-05,18.4275,0,1.2285,1.040665E-05,18.4275,0
1.2294,-3.524834E-05,18.441,0,1.2294,-3.356985E-06,18.441,0
1.2303,3.021286E-06,18.4545,0,1.2303,-1.779202E-05,18.4545,0
1.2312,1.544213E-05,18.468,0,1.2312,-8.392462E-06,18.468,0
1.2321,1.980621E-05,18.4815,0,1.2321,5.035477E-06,18.4815,0
1.233,1.510643E-05,18.495,0,1.233,-2.618448E-05,18.495,0
1.2339,2.450599E-05,18.5085,0,1.2339,-3.256275E-05,18.5085,0
1.2348,-2.920577E-05,18.522,0,1.2348,-3.692683E-06,18.522,0
1.2357,-3.424125E-05,18.5355,0,1.2357,-3.121996E-05,18.5355,0
1.2366,-9.063859E-06,18.549,0,1.2366,-5.941863E-05,18.549,0
1.2375,-2.047761E-05,18.5625,0,1.2375,-1.309224E-05,18.5625,0
1.2384,-5.706874E-06,18.576,0,1.2384,5.035477E-06,18.576,0
1.2393,-1.208515E-05,18.5895,0,1.2393,-3.894102E-05,18.5895,0
1.2402,3.793393E-05,18.603,0,1.2402,-3.088426E-05,18.603,0
1.2411,4.901198E-05,18.6165,0,1.2411,3.692683E-06,18.6165,0
1.242,3.659113E-05,18.63,0,1.242,-1.644922E-05,18.63,0
1.2429,2.014191E-05,18.6435,0,1.2429,-1.376364E-05,18.6435,0
1.2438,3.054856E-05,18.657,0,1.2438,-2.484169E-05,18.657,0
1.2447,5.572595E-05,18.6705,0,1.2447,1.678492E-06,18.6705,0
1.2456,2.551309E-05,18.684,0,1.2456,1.040665E-05,18.684,0
1.2465,-8.056763E-06,18.6975,0,1.2465,-7.385367E-06,18.6975,0
1.2474,1.007095E-05,18.711,0,1.2474,-4.632639E-05,18.711,0
1.2483,9.735256E-06,18.7245,0,1.2483,-2.517739E-05,18.7245,0
1.2492,5.035477E-06,18.738,0,1.2492,-6.915389E-05,18.738,0
1.2501,-1.443504E-05,18.7515,0,1.2501,-0.0001228656,18.7515,0
1.251,-9.063859E-06,18.765,0,1.251,-4.800488E-05,18.765,0
1.2519,1.040665E-05,18.7785,0,1.2519,-3.356985E-06,18.7785,0
1.2528,-1.342794E-05,18.792,0,1.2528,-3.088426E-05,18.792,0
1.2537,-1.107805E-05,18.8055,0,1.2537,-3.793393E-05,18.8055,0
1.2546,-2.719158E-05,18.819,0,1.2546,-1.644922E-05,18.819,0
1.2555,-2.450599E-05,18.8325,0,1.2555,-1.577783E-05,18.8325,0
1.2564,-4.028382E-06,18.846,0,1.2564,-7.721065E-06,18.846,0
1.2573,1.544213E-05,18.8595,0,1.2573,-1.779202E-05,18.8595,0
1.2582,2.383459E-05,18.873,0,1.2582,1.141375E-05,18.873,0
1.2591,-2.887007E-05,18.8865,0,1.2591,1.007095E-05,18.8865,0
1.26,-4.666209E-05,18.9,0,1.26,-1.846342E-05,18.9,0
1.2609,-2.719158E-05,18.9135,0,1.2609,-3.994812E-05,18.9135,0
1.2618,-2.887007E-05,18.927,0,1.2618,1.409934E-05,18.927,0
1.2627,-2.584878E-05,18.9405,0,1.2627,-1.644922E-05,18.9405,0
1.2636,-3.155566E-05,18.954,0,1.2636,-5.203327E-05,18.954,0
1.2645,-1.443504E-05,18.9675,0,1.2645,-5.706874E-06,18.9675,0
1.2654,4.53193E-05,18.981,0,1.2654,3.927672E-05,18.981,0
1.2663,3.994812E-05,18.9945,0,1.2663,1.007095E-06,18.9945,0
1.2672,2.417029E-05,19.008,0,1.2672,-7.721065E-06,19.008,0
1.2681,1.712062E-05,19.0215,0,1.2681,1.510643E-05,19.0215,0
1.269,1.712062E-05,19.035,0,1.269,-1.376364E-05,19.035,0
1.2699,3.692683E-06,19.0485,0,1.2699,-1.309224E-05,19.0485,0
1.2708,-1.443504E-05,19.062,0,1.2708,-1.477073E-05,19.062,0
1.2717,-3.189136E-05,19.0755,0,1.2717,-4.129091E-05,19.0755,0
1.2726,-3.457694E-05,19.089,0,1.2726,-2.853437E-05,19.089,0
1.2735,-1.208515E-05,19.1025,0,1.2735,-1.846342E-05,19.1025,0
1.2744,-4.699779E-05,19.116,0,1.2744,-3.390555E-05,19.116,0
1.2753,-8.426032E-05,19.1295,0,1.2753,-1.812772E-05,19.1295,0
1.2762,-5.471885E-05,19.143,0,1.2762,-2.987716E-05,19.143,0
1.2771,-3.256275E-05,19.1565,0,1.2771,-5.975433E-05,19.1565,0
1.278,-3.457694E-05,19.17,0,1.278,-2.316319E-05,19.17,0
1.2789,-3.356985E-05,19.1835,0,1.2789,1.040665E-05,19.1835,0
1.2798,3.692683E-06,19.197,0,1.2798,-1.141375E-05,19.197,0
1.2807,7.486076E-05,19.2105,0,1.2807,-2.349889E-05,19.2105,0
1.2816,2.28275E-05,19.224,0,1.2816,3.692683E-06,19.224,0
1.2825,2.24918E-05,19.2375,0,1.2825,3.323415E-05,19.2375,0
1.2834,2.719158E-05,19.251,0,1.2834,3.390555E-05,19.251,0
1.2843,8.056763E-06,19.2645,0,1.2843,-1.812772E-05,19.2645,0
1.2852,-3.356985E-06,19.278,0,1.2852,-2.584878E-05,19.278,0
1.2861,-1.174945E-05,19.2915,0,1.2861,-1.443504E-05,19.2915,0
1.287,-5.706874E-06,19.305,0,1.287,-4.49836E-05,19.305,0
1.2879,3.021286E-06,19.3185,0,1.2879,-4.666209E-05,19.3185,0
1.2888,-9.399558E-06,19.332,0,1.2888,2.349889E-06,19.332,0
1.2897,-2.047761E-05,19.3455,0,1.2897,-1.980621E-05,19.3455,0
1.2906,-1.678492E-06,19.359,0,1.2906,-6.076142E-05,19.359,0
1.2915,-1.376364E-05,19.3725,0,1.2915,-2.450599E-05,19.3725,0
1.2924,-3.054856E-05,19.386,0,1.2924,-1.376364E-05,19.386,0
1.2933,-3.927672E-05,19.3995,0,1.2933,-5.774014E-05,19.3995,0
1.2942,-2.819867E-05,19.413,0,1.2942,-2.24918E-05,19.413,0
1.2951,-2.484169E-05,19.4265,0,1.2951,-6.042573E-06,19.4265,0
1.296,6.713969E-07,19.44,0,1.296,-8.728161E-06,19.44,0
1.2969,-1.174945E-05,19.4535,0,1.2969,-2.417029E-05,19.4535,0
1.2978,-2.954147E-05,19.467,0,1.2978,-5.001907E-05,19.467,0
1.2987,-2.24918E-05,19.4805,0,1.2987,-2.18204E-05,19.4805,0
1.2996,3.356985E-07,19.494,0,1.2996,-6.042573E-06,19.494,0
1.3005,-3.356985E-07,19.5075,0,1.3005,-1.644922E-05,19.5075,0
1.3014,-9.735256E-06,19.521,0,1.3014,-3.256275E-05,19.521,0
1.3023,3.021286E-06,19.5345,0,1.3023,1.510643E-05,19.5345,0
1.3032,-1.242084E-05,19.548,0,1.3032,3.356985E-06,19.548,0
1.3041,1.678492E-06,19.5615,0,1.3041,-3.659113E-05,19.5615,0
1.305,-9.399558E-06,19.575,0,1.305,-5.706874E-06,19.575,0
1.3059,-4.061952E-05,19.5885,0,1.3059,-1.309224E-05,19.5885,0
1.3068,-5.706874E-06,19.602,0,1.3068,-4.33051E-05,19.602,0
1.3077,-3.088426E-05,19.6155,0,1.3077,-3.189136E-05,19.6155,0
1.3086,-2.1149E-05,19.629,0,1.3086,3.356985E-07,19.629,0
1.3095,6.713969E-07,19.6425,0,1.3095,9.399558E-06,19.6425,0
1.3104,7.721065E-06,19.656,0,1.3104,1.040665E-05,19.656,0
1.3113,-1.779202E-05,19.6695,0,1.3113,-5.169757E-05,19.6695,0
1.3122,-5.337606E-05,19.683,0,1.3122,-3.558404E-05,19.683,0
1.3131,-4.800488E-05,19.6965,0,1.3131,2.316319E-05,19.6965,0
1.314,-3.793393E-05,19.71,0,1.314,-6.713969E-07,19.71,0
1.3149,-1.779202E-05,19.7235,0,1.3149,-1.678492E-05,19.7235,0
1.3158,1.577783E-05,19.737,0,1.3158,2.014191E-05,19.737,0
1.3167,3.860533E-05,19.7505,0,1.3167,-7.721065E-06,19.7505,0
1.3176,5.673304E-05,19.764,0,1.3176,-5.136187E-05,19.764,0
1.3185,5.606165E-05,19.7775,0,1.3185,1.342794E-06,19.7775,0
1.3194,3.054856E-05,19.791,0,1.3194,1.544213E-05,19.791,0
1.3203,6.713969E-06,19.8045,0,1.3203,-3.457694E-05,19.8045,0
1.3212,-1.980621E-05,19.818,0,1.3212,-4.33051E-05,19.818,0
1.3221,-2.1149E-05,19.8315,0,1.3221,-1.577783E-05,19.8315,0
1.323,3.021286E-06,19.845,0,1.323,-2.014191E-05,19.845,0
1.3239,1.913481E-05,19.8585,0,1.3239,-5.874724E-05,19.8585,0
1.3248,3.021286E-05,19.872,0,1.3248,-9.332418E-05,19.872,0
1.3257,3.591974E-05,19.8855,0,1.3257,-5.807584E-05,19.8855,0
1.3266,1.040665E-05,19.899,0,1.3266,-2.349889E-05,19.899,0
1.3275,-5.706874E-06,19.9125,0,1.3275,-2.517739E-05,19.9125,0
1.3284,-1.644922E-05,19.926,0,1.3284,-4.36408E-06,19.926,0
1.3293,-4.196231E-05,19.9395,0,1.3293,4.800488E-05,19.9395,0
1.3302,-2.987716E-05,19.953,0,1.3302,1.275654E-05,19.953,0
1.3311,-1.376364E-05,19.9665,0,1.3311,-5.136187E-05,19.9665,0
1.332,-4.36408E-06,19.98,0,1.332,-6.378271E-06,19.98,0
1.3329,-1.678492E-06,19.9935,0,1.3329,-1.376364E-05,19.9935,0
1.3338,-5.438316E-05,20.007,0,1.3338,-4.33051E-05,20.007,0
1.3347,-6.57969E-05,20.0205,0,1.3347,-2.450599E-05,20.0205,0
1.3356,-3.189136E-05,20.034,0,1.3356,2.24918E-05,20.034,0
1.3365,-9.063859E-06,20.0475,0,1.3365,1.611353E-05,20.0475,0
1.3374,3.356985E-07,20.061,0,1.3374,6.713969E-07,20.061,0
1.3383,2.853437E-05,20.0745,0,1.3383,-2.652018E-05,20.0745,0
1.3392,4.699779E-06,20.088,0,1.3392,-2.014191E-05,20.088,0
1.3401,2.1149E-05,20.1015,0,1.3401,-2.920577E-05,20.1015,0
1.341,6.411841E-05,20.115,0,1.341,-4.666209E-05,20.115,0
1.3419,6.076142E-05,20.1285,0,1.3419,-4.39765E-05,20.1285,0
1.3428,2.014191E-05,20.142,0,1.3428,-3.524834E-05,20.142,0
1.3437,1.678492E-06,20.1555,0,1.3437,-4.263371E-05,20.1555,0
1.3446,9.735256E-06,20.169,0,1.3446,-7.251087E-05,20.169,0
1.3455,-1.577783E-05,20.1825,0,1.3455,-3.524834E-05,20.1825,0
1.3464,-3.894102E-05,20.196,0,1.3464,9.063859E-06,20.196,0
1.3473,-5.539025E-05,20.2095,0,1.3473,-8.728161E-06,20.2095,0
1.3482,-4.800488E-05,20.223,0,1.3482,2.450599E-05,20.223,0
1.3491,-5.069047E-05,20.2365,0,1.3491,3.659113E-05,20.2365,0
1.35,2.1149E-05,20.25,0,1.35,1.208515E-05,20.25,0
1.3509,2.618448E-05,20.2635,0,1.3509,-9.063859E-06,20.2635,0
1.3518,-5.673304E-05,20.277,0,1.3518,-6.54612E-05,20.277,0
1.3527,-4.733349E-05,20.2905,0,1.3527,-6.378271E-06,20.2905,0
1.3536,-3.927672E-05,20.304,0,1.3536,1.980621E-05,20.304,0
1.3545,-2.920577E-05,20.3175,0,1.3545,-3.088426E-05,20.3175,0
1.3554,7.721065E-06,20.331,0,1.3554,-4.632639E-05,20.331,0
1.3563,-1.745632E-05,20.3445,0,1.3563,-2.081331E-05,20.3445,0
1.3572,-2.987716E-05,20.358,0,1.3572,-3.121996E-05,20.358,0
1.3581,2.383459E-05,20.3715,0,1.3581,-5.404745E-05,20.3715,0
1.359,-5.035477E-06,20.385,0,1.359,-1.477073E-05,20.385,0
1.3599,-3.021286E-06,20.3985,0,1.3599,5.035477E-06,20.3985,0
1.3608,2.954147E-05,20.412,0,1.3608,-2.450599E-05,20.412,0
1.3617,1.846342E-05,20.4255,0,1.3617,-2.316319E-05,20.4255,0
1.3626,-1.309224E-05,20.439,0,1.3626,-4.028382E-06,20.439,0
1.3635,-4.699779E-06,20.4525,0,1.3635,-2.383459E-05,20.4525,0
1.3644,4.36408E-06,20.466,0,1.3644,-5.975433E-05,20.466,0
1.3653,-2.18204E-05,20.4795,0,1.3653,-7.922484E-05,20.4795,0
1.3662,-4.229801E-05,20.493,0,1.3662,-4.49836E-05,20.493,0
1.3671,-3.524834E-05,20.5065,0,1.3671,-1.275654E-05,20.5065,0
1.368,1.040665E-05,20.52,0,1.368,8.392462E-06,20.52,0
1.3689,1.577783E-05,20.5335,0,1.3689,4.53193E-05,20.5335,0
1.3698,-7.721065E-06,20.547,0,1.3698,8.325322E-05,20.547,0
1.3707,-3.021286E-06,20.5605,0,1.3707,-1.242084E-05,20.5605,0
1.3716,2.014191E-06,20.574,0,1.3716,-4.36408E-05,20.574,0
1.3725,-7.721065E-06,20.5875,0,1.3725,-6.713969E-06,20.5875,0
1.3734,2.24918E-05,20.601,0,1.3734,-1.812772E-05,20.601,0
1.3743,2.1149E-05,20.6145,0,1.3743,-5.169757E-05,20.6145,0
1.3752,-1.443504E-05,20.628,0,1.3752,-6.64683E-05,20.628,0
1.3761,-2.349889E-06,20.6415,0,1.3761,-8.392462E-06,20.6415,0
1.377,9.735256E-06,20.655,0,1.377,-1.678492E-05,20.655,0
1.3779,-3.692683E-06,20.6685,0,1.3779,-2.652018E-05,20.6685,0
1.3788,-6.378271E-06,20.682,0,1.3788,-4.33051E-05,20.682,0
1.3797,4.028382E-06,20.6955,0,1.3797,-1.644922E-05,20.6955,0
1.3806,7.049668E-06,20.709,0,1.3806,1.443504E-05,20.709,0
1.3815,-6.378271E-06,20.7225,0,1.3815,-2.24918E-05,20.7225,0
1.3824,1.443504E-05,20.736,0,1.3824,-3.021286E-05,20.736,0
1.3833,-1.107805E-05,20.7495,0,1.3833,1.678492E-06,20.7495,0
1.3842,-2.18204E-05,20.763,0,1.3842,-3.356985E-06,20.763,0
1.3851,-7.049668E-06,20.7765,0,1.3851,-3.826963E-05,20.7765,0
1.386,-3.659113E-05,20.79,0,1.386,-1.577783E-05,20.79,0
1.3869,-5.069047E-05,20.8035,0,1.3869,-7.721065E-06,20.8035,0
1.3878,-4.49836E-05,20.817,0,1.3878,-3.793393E-05,20.817,0
1.3887,-4.599069E-05,20.8305,0,1.3887,-2.081331E-05,20.8305,0
1.3896,-6.61326E-05,20.844,0,1.3896,7.721065E-06,20.844,0
1.3905,-1.712062E-05,20.8575,0,1.3905,-6.042573E-06,20.8575,0
1.3914,1.107805E-05,20.871,0,1.3914,-2.14847E-05,20.871,0
1.3923,2.1149E-05,20.8845,0,1.3923,-2.014191E-05,20.8845,0
1.3932,2.517739E-05,20.898,0,1.3932,-1.107805E-05,20.898,0
1.3941,3.356985E-06,20.9115,0,1.3941,-1.980621E-05,20.9115,0
1.395,-8.392462E-06,20.925,0,1.395,-4.867628E-05,20.925,0
1.3959,2.28275E-05,20.9385,0,1.3959,-5.236896E-05,20.9385,0
1.3968,1.275654E-05,20.952,0,1.3968,-8.728161E-06,20.952,0
1.3977,-5.136187E-05,20.9655,0,1.3977,-5.270466E-05,20.9655,0
1.3986,-2.1149E-05,20.979,0,1.3986,-8.291753E-05,20.979,0
1.3995,-3.121996E-05,20.9925,0,1.3995,-3.726253E-05,20.9925,0
1.4004,-7.385367E-06,21.006,0,1.4004,1.712062E-05,21.006,0
1.4013,1.947051E-05,21.0195,0,1.4013,-1.040665E-05,21.0195,0
1.4022,6.64683E-05,21.033,0,1.4022,0,21.033,0
1.4031,1.913481E-05,21.0465,0,1.4031,9.399558E-06,21.0465,0
1.404,1.174945E-05,21.06,0,1.404,1.007095E-06,21.06,0
1.4049,4.36408E-06,21.0735,0,1.4049,-3.021286E-06,21.0735,0
1.4058,-3.054856E-05,21.087,0,1.4058,-1.141375E-05,21.087,0
1.4067,-5.304036E-05,21.1005,0,1.4067,7.721065E-06,21.1005,0
1.4076,-2.987716E-05,21.114,0,1.4076,2.383459E-05,21.114,0
1.4085,-1.980621E-05,21.1275,0,1.4085,1.007095E-06,21.1275,0
1.4094,-1.745632E-05,21.141,0,1.4094,-2.18204E-05,21.141,0
1.4103,-4.36408E-06,21.1545,0,1.4103,-4.36408E-06,21.1545,0
1.4112,9.735256E-06,21.168,0,1.4112,-2.752728E-05,21.168,0
1.4121,1.242084E-05,21.1815,0,1.4121,-4.867628E-05,21.1815,0
1.413,7.721065E-06,21.195,0,1.413,-3.356985E-06,21.195,0
1.4139,-5.035477E-06,21.2085,0,1.4139,-4.867628E-05,21.2085,0
1.4148,1.275654E-05,21.222,0,1.4148,-9.466698E-05,21.222,0
1.4157,1.745632E-05,21.2355,0,1.4157,-6.54612E-05,21.2355,0
1.4166,-1.745632E-05,21.249,0,1.4166,-4.028382E-06,21.249,0
1.4175,-3.625543E-05,21.2625,0,1.4175,1.678492E-06,21.2625,0
1.4184,-2.18204E-05,21.276,0,1.4184,3.021286E-06,21.276,0
1.4193,1.242084E-05,21.2895,0,1.4193,-2.014191E-05,21.2895,0
1.4202,-1.779202E-05,21.303,0,1.4202,1.174945E-05,21.303,0
1.4211,-4.229801E-05,21.3165,0,1.4211,2.920577E-05,21.3165,0
1.422,-2.047761E-05,21.33,0,1.422,-2.685588E-06,21.33,0
1.4229,-2.450599E-05,21.3435,0,1.4229,-2.887007E-05,21.3435,0
1.4238,-3.726253E-05,21.357,0,1.4238,3.692683E-06,21.357,0
1.4247,-5.706874E-06,21.3705,0,1.4247,-1.477073E-05,21.3705,0
1.4256,7.049668E-06,21.384,0,1.4256,-6.814679E-05,21.384,0
1.4265,-4.29694E-05,21.3975,0,1.4265,-4.733349E-05,21.3975,0
1.4274,5.706874E-06,21.411,0,1.4274,-2.450599E-05,21.411,0
1.4283,4.599069E-05,21.4245,0,1.4283,-3.860533E-05,21.4245,0
1.4292,3.356985E-05,21.438,0,1.4292,-3.692683E-06,21.438,0
1.4301,1.779202E-05,21.4515,0,1.4301,4.061952E-05,21.4515,0
1.431,2.047761E-05,21.465,0,1.431,-7.049668E-06,21.465,0
1.4319,-7.721065E-06,21.4785,0,1.4319,-2.450599E-05,21.4785,0
1.4328,-1.443504E-05,21.492,0,1.4328,-4.129091E-05,21.492,0
1.4337,-1.007095E-05,21.5055,0,1.4337,-3.692683E-05,21.5055,0
1.4346,-1.040665E-05,21.519,0,1.4346,-2.719158E-05,21.519,0
1.4355,-6.713969E-06,21.5325,0,1.4355,-4.699779E-05,21.5325,0
1.4364,2.349889E-06,21.546,0,1.4364,-5.471885E-05,21.546,0
1.4373,6.713969E-07,21.5595,0,1.4373,-1.678492E-06,21.5595,0
1.4382,-2.652018E-05,21.573,0,1.4382,-1.477073E-05,21.573,0
1.4391,2.349889E-06,21.5865,0,1.4391,-4.934768E-05,21.5865,0
1.44,1.309224E-05,21.6,0,1.44,3.054856E-05,21.6,0
1.4409,2.383459E-05,21.6135,0,1.4409,4.632639E-05,21.6135,0
1.4418,-2.819867E-05,21.627,0,1.4418,-1.577783E-05,21.627,0
1.4427,-6.311131E-05,21.6405,0,1.4427,-5.706874E-06,21.6405,0
1.4436,-3.726253E-05,21.654,0,1.4436,7.385367E-06,21.654,0
1.4445,-2.853437E-05,21.6675,0,1.4445,-4.49836E-05,21.6675,0
1.4454,1.712062E-05,21.681,0,1.4454,-3.961242E-05,21.681,0
1.4463,5.001907E-05,21.6945,0,1.4463,-4.36408E-05,21.6945,0
1.4472,4.36408E-06,21.708,0,1.4472,-3.390555E-05,21.708,0
1.4481,1.309224E-05,21.7215,0,1.4481,-9.735256E-06,21.7215,0
1.449,1.040665E-05,21.735,0,1.449,-2.786297E-05,21.735,0
1.4499,5.035477E-06,21.7485,0,1.4499,-1.913481E-05,21.7485,0
1.4508,-9.063859E-06,21.762,0,1.4508,3.356985E-06,21.762,0
1.4517,-3.021286E-06,21.7755,0,1.4517,-9.399558E-06,21.7755,0
1.4526,2.719158E-05,21.789,0,1.4526,-2.887007E-05,21.789,0
1.4535,3.826963E-05,21.8025,0,1.4535,1.779202E-05,21.8025,0
1.4544,5.706874E-06,21.816,0,1.4544,-2.517739E-05,21.816,0
1.4553,-2.920577E-05,21.8295,0,1.4553,-5.136187E-05,21.8295,0
1.4562,-1.947051E-05,21.843,0,1.4562,6.042573E-06,21.843,0
1.4571,-1.510643E-05,21.8565,0,1.4571,1.409934E-05,21.8565,0
1.458,-2.450599E-05,21.87,0,1.458,-4.632639E-05,21.87,0
1.4589,-3.726253E-05,21.8835,0,1.4589,-4.49836E-05,21.8835,0
1.4598,-3.088426E-05,21.897,0,1.4598,-6.411841E-05,21.897,0
1.4607,-2.584878E-05,21.9105,0,1.4607,-6.478981E-05,21.9105,0
1.4616,-3.692683E-05,21.924,0,1.4616,-3.860533E-05,21.924,0
1.4625,-2.450599E-05,21.9375,0,1.4625,-8.728161E-06,21.9375,0
1.4634,2.652018E-05,21.951,0,1.4634,-1.745632E-05,21.951,0
1.4643,3.021286E-06,21.9645,0,1.4643,-3.021286E-06,21.9645,0
1.4652,6.378271E-06,21.978,0,1.4652,-1.107805E-05,21.978,0
1.4661,1.712062E-05,21.9915,0,1.4661,-4.36408E-05,21.9915,0
1.467,-3.121996E-05,22.005,0,1.467,-1.644922E-05,22.005,0
1.4679,-4.36408E-05,22.0185,0,1.4679,1.174945E-05,22.0185,0
1.4688,-2.316319E-05,22.032,0,1.4688,-9.735256E-06,22.032,0
1.4697,-8.056763E-06,22.0455,0,1.4697,-1.107805E-05,22.0455,0
1.4706,-9.399558E-06,22.059,0,1.4706,-3.021286E-06,22.059,0
1.4715,-2.014191E-06,22.0725,0,1.4715,2.349889E-06,22.0725,0
1.4724,-9.063859E-06,22.086,0,1.4724,6.378271E-06,22.086,0
1.4733,-3.088426E-05,22.0995,0,1.4733,-9.735256E-06,22.0995,0
1.4742,-3.088426E-05,22.113,0,1.4742,7.049668E-06,22.113,0
1.4751,-7.385367E-06,22.1265,0,1.4751,1.779202E-05,22.1265,0
1.476,-4.36408E-06,22.14,0,1.476,2.349889E-06,22.14,0
1.4769,-4.36408E-05,22.1535,0,1.4769,-5.841154E-05,22.1535,0
1.4778,-4.263371E-05,22.167,0,1.4778,-1.309224E-05,22.167,0
1.4787,-2.887007E-05,22.1805,0,1.4787,-3.054856E-05,22.1805,0
1.4796,2.349889E-06,22.194,0,1.4796,-9.600977E-05,22.194,0
1.4805,6.713969E-07,22.2075,0,1.4805,-5.069047E-05,22.2075,0
1.4814,-3.659113E-05,22.221,0,1.4814,-1.712062E-05,22.221,0
1.4823,-3.558404E-05,22.2345,0,1.4823,-4.867628E-05,22.2345,0
1.4832,5.035477E-06,22.248,0,1.4832,-4.229801E-05,22.248,0
1.4841,-1.577783E-05,22.2615,0,1.4841,-2.047761E-05,22.2615,0
1.485,1.107805E-05,22.275,0,1.485,-2.517739E-05,22.275,0
1.4859,4.129091E-05,22.2885,0,1.4859,-1.208515E-05,22.2885,0
1.4868,3.021286E-06,22.302,0,1.4868,-2.786297E-05,22.302,0
1.4877,-1.174945E-05,22.3155,0,1.4877,1.107805E-05,22.3155,0
1.4886,1.846342E-05,22.329,0,1.4886,3.390555E-05,22.329,0
1.4895,1.309224E-05,22.3425,0,1.4895,9.399558E-06,22.3425,0
1.4904,7.721065E-06,22.356,0,1.4904,-2.719158E-05,22.356,0
1.4913,-1.644922E-05,22.3695,0,1.4913,-1.644922E-05,22.3695,0
1.4922,-1.342794E-06,22.383,0,1.4922,-3.659113E-05,22.383,0
1.4931,2.047761E-05,22.3965,0,1.4931,-2.081331E-05,22.3965,0
1.494,-2.21561E-05,22.41,0,1.494,-1.678492E-06,22.41,0
1.4949,5.706874E-06,22.4235,0,1.4949,-1.812772E-05,22.4235,0
1.4958,3.524834E-05,22.437,0,1.4958,-2.21561E-05,22.437,0
1.4967,2.987716E-05,22.4505,0,1.4967,-1.879912E-05,22.4505,0
1.4976,4.095522E-05,22.464,0,1.4976,-1.007095E-06,22.464,0
1.4985,3.793393E-05,22.4775,0,1.4985,-1.477073E-05,22.4775,0
1.4994,4.36408E-06,22.491,0,1.4994,-1.644922E-05,22.491,0
1.5003,1.779202E-05,22.5045,0,1.5003,-3.121996E-05,22.5045,0
1.5012,-8.728161E-06,22.518,0,1.5012,-1.980621E-05,22.518,0
1.5021,-8.493171E-05,22.5315,0,1.5021,0,22.5315,0
1.503,-6.6804E-05,22.545,0,1.503,-2.887007E-05,22.545,0
1.5039,-2.24918E-05,22.5585,0,1.5039,-3.692683E-05,22.5585,0
1.5048,-5.807584E-05,22.572,0,1.5048,-4.36408E-06,22.572,0
1.5057,-2.584878E-05,22.5855,0,1.5057,-1.644922E-05,22.5855,0
1.5066,2.584878E-05,22.599,0,1.5066,-3.524834E-05,22.599,0
1.5075,-1.644922E-05,22.6125,0,1.5075,1.846342E-05,22.6125,0
1.5084,-2.383459E-05,22.626,0,1.5084,2.014191E-05,22.626,0
1.5093,6.713969E-07,22.6395,0,1.5093,-1.443504E-05,22.6395,0
1.5102,-2.349889E-06,22.653,0,1.5102,-1.107805E-05,22.653,0
1.5111,-3.356985E-07,22.6665,0,1.5111,7.721065E-06,22.6665,0
1.512,2.383459E-05,22.68,0,1.512,6.378271E-06,22.68,0
1.5129,4.867628E-05,22.6935,0,1.5129,-6.042573E-06,22.6935,0
1.5138,4.39765E-05,22.707,0,1.5138,-1.779202E-05,22.707,0
1.5147,2.584878E-05,22.7205,0,1.5147,-8.392462E-06,22.7205,0
1.5156,-9.063859E-06,22.734,0,1.5156,-6.378271E-06,22.734,0
1.5165,-4.33051E-05,22.7475,0,1.5165,-1.409934E-05,22.7475,0
1.5174,1.174945E-05,22.761,0,1.5174,-2.517739E-05,22.761,0
1.5183,-2.24918E-05,22.7745,0,1.5183,-2.316319E-05,22.7745,0
1.5192,-2.987716E-05,22.788,0,1.5192,-7.855344E-05,22.788,0
1.5201,-1.846342E-05,22.8015,0,1.5201,-7.553216E-05,22.8015,0
1.521,-2.24918E-05,22.815,0,1.521,-1.309224E-05,22.815,0
1.5219,-7.049668E-06,22.8285,0,1.5219,-1.007095E-06,22.8285,0
1.5228,-1.376364E-05,22.842,0,1.5228,-3.524834E-05,22.842,0
1.5237,6.378271E-06,22.8555,0,1.5237,-2.584878E-05,22.8555,0
1.5246,9.063859E-06,22.869,0,1.5246,-7.721065E-06,22.869,0
1.5255,-1.879912E-05,22.8825,0,1.5255,-8.056763E-06,22.8825,0
1.5264,-3.457694E-05,22.896,0,1.5264,-3.524834E-05,22.896,0
1.5273,-1.409934E-05,22.9095,0,1.5273,-5.706874E-05,22.9095,0
1.5282,-3.457694E-05,22.923,0,1.5282,-2.954147E-05,22.923,0
1.5291,-4.666209E-05,22.9365,0,1.5291,-1.678492E-05,22.9365,0
1.53,-1.242084E-05,22.95,0,1.53,-3.927672E-05,22.95,0
1.5309,1.107805E-05,22.9635,0,1.5309,-4.699779E-05,22.9635,0
1.5318,1.174945E-05,22.977,0,1.5318,1.544213E-05,22.977,0
1.5327,-8.392462E-06,22.9905,0,1.5327,9.063859E-06,22.9905,0
1.5336,-1.309224E-05,23.004,0,1.5336,-1.745632E-05,23.004,0
1.5345,-2.383459E-05,23.0175,0,1.5345,-9.063859E-06,23.0175,0
1.5354,-4.39765E-05,23.031,0,1.5354,-2.24918E-05,23.031,0
1.5363,1.678492E-06,23.0445,0,1.5363,-3.591974E-05,23.0445,0
1.5372,2.24918E-05,23.058,0,1.5372,-2.047761E-05,23.058,0
1.5381,-2.853437E-05,23.0715,0,1.5381,-2.047761E-05,23.0715,0
1.539,1.007095E-06,23.085,0,1.539,-5.740444E-05,23.085,0
1.5399,6.076142E-05,23.0985,0,1.5399,-4.733349E-05,23.0985,0
1.5408,2.517739E-05,23.112,0,1.5408,-9.030289E-05,23.112,0
1.5417,4.46479E-05,23.1255,0,1.5417,-4.36408E-05,23.1255,0
1.5426,1.074235E-05,23.139,0,1.5426,4.36408E-05,23.139,0
1.5435,-1.779202E-05,23.1525,0,1.5435,5.471885E-05,23.1525,0
1.5444,5.706874E-06,23.166,0,1.5444,2.652018E-05,23.166,0
1.5453,-9.735256E-06,23.1795,0,1.5453,4.43122E-05,23.1795,0
1.5462,-2.752728E-05,23.193,0,1.5462,1.242084E-05,23.193,0
1.5471,-8.728161E-06,23.2065,0,1.5471,-3.256275E-05,23.2065,0
1.548,-2.349889E-06,23.22,0,1.548,1.040665E-05,23.22,0
1.5489,-2.1149E-05,23.2335,0,1.5489,-2.349889E-06,23.2335,0
1.5498,2.349889E-06,23.247,0,1.5498,-4.36408E-05,23.247,0
1.5507,-2.24918E-05,23.2605,0,1.5507,-4.565499E-05,23.2605,0
1.5516,-4.061952E-05,23.274,0,1.5516,-8.392462E-06,23.274,0
1.5525,3.692683E-06,23.2875,0,1.5525,-1.577783E-05,23.2875,0
1.5534,-4.36408E-06,23.301,0,1.5534,-2.28275E-05,23.301,0
1.5543,-2.752728E-05,23.3145,0,1.5543,-6.210422E-05,23.3145,0
1.5552,-2.081331E-05,23.328,0,1.5552,-3.054856E-05,23.328,0
1.5561,-8.728161E-06,23.3415,0,1.5561,-1.007095E-06,23.3415,0
1.557,1.174945E-05,23.355,0,1.557,-2.316319E-05,23.355,0
1.5579,1.040665E-05,23.3685,0,1.5579,-4.129091E-05,23.3685,0
1.5588,1.376364E-05,23.382,0,1.5588,2.014191E-06,23.382,0
1.5597,-1.409934E-05,23.3955,0,1.5597,1.342794E-06,23.3955,0
1.5606,-2.819867E-05,23.409,0,1.5606,-5.673304E-05,23.409,0
1.5615,-1.947051E-05,23.4225,0,1.5615,-5.706874E-06,23.4225,0
1.5624,-2.920577E-05,23.436,0,1.5624,-5.706874E-06,23.436,0
1.5633,-4.095522E-05,23.4495,0,1.5633,-4.867628E-05,23.4495,0
1.5642,-7.049668E-06,23.463,0,1.5642,-5.606165E-05,23.463,0
1.5651,2.1149E-05,23.4765,0,1.5651,-1.443504E-05,23.4765,0
1.566,-1.913481E-05,23.49,0,1.566,-2.920577E-05,23.49,0
1.5669,-2.786297E-05,23.5035,0,1.5669,-3.524834E-05,23.5035,0
1.5678,-3.356985E-06,23.517,0,1.5678,-9.735256E-06,23.517,0
1.5687,-1.443504E-05,23.5305,0,1.5687,3.793393E-05,23.5305,0
1.5696,2.920577E-05,23.544,0,1.5696,2.920577E-05,23.544,0
1.5705,-6.378271E-06,23.5575,0,1.5705,-4.901198E-05,23.5575,0
1.5714,-2.786297E-05,23.571,0,1.5714,-7.553216E-05,23.571,0
1.5723,-1.174945E-05,23.5845,0,1.5723,-1.342794E-05,23.5845,0
1.5732,1.879912E-05,23.598,0,1.5732,-9.063859E-06,23.598,0
1.5741,2.920577E-05,23.6115,0,1.5741,-3.927672E-05,23.6115,0
1.575,-3.021286E-06,23.625,0,1.575,-5.035477E-06,23.625,0
1.5759,-2.18204E-05,23.6385,0,1.5759,-1.107805E-05,23.6385,0
1.5768,-1.376364E-05,23.652,0,1.5768,-4.46479E-05,23.652,0
1.5777,-5.841154E-05,23.6655,0,1.5777,-2.987716E-05,23.6655,0
1.5786,-5.404745E-05,23.679,0,1.5786,-9.735256E-06,23.679,0
1.5795,-3.491264E-05,23.6925,0,1.5795,-1.779202E-05,23.6925,0
1.5804,-3.424125E-05,23.706,0,1.5804,-9.399558E-06,23.706,0
1.5813,-1.644922E-05,23.7195,0,1.5813,-1.007095E-06,23.7195,0
1.5822,1.443504E-05,23.733,0,1.5822,-1.980621E-05,23.733,0
1.5831,2.014191E-05,23.7465,0,1.5831,-6.009003E-05,23.7465,0
1.584,1.812772E-05,23.76,0,1.584,-6.915389E-05,23.76,0
1.5849,1.879912E-05,23.7735,0,1.5849,-4.733349E-05,23.7735,0
1.5858,-7.385367E-06,23.787,0,1.5858,-6.713969E-06,23.787,0
1.5867,6.378271E-06,23.8005,0,1.5867,-1.577783E-05,23.8005,0
1.5876,3.659113E-05,23.814,0,1.5876,-5.136187E-05,23.814,0
1.5885,4.46479E-05,23.8275,0,1.5885,4.36408E-06,23.8275,0
1.5894,3.356985E-07,23.841,0,1.5894,1.980621E-05,23.841,0
1.5903,-7.385367E-06,23.8545,0,1.5903,-1.477073E-05,23.8545,0
1.5912,-1.107805E-05,23.868,0,1.5912,-1.376364E-05,23.868,0
1.5921,-5.706874E-05,23.8815,0,1.5921,4.699779E-06,23.8815,0
1.593,-1.040665E-05,23.895,0,1.593,-3.692683E-06,23.895,0
1.5939,1.309224E-05,23.9085,0,1.5939,-1.040665E-05,23.9085,0
1.5948,-5.706874E-06,23.922,0,1.5948,-6.076142E-05,23.922,0
1.5957,-2.081331E-05,23.9355,0,1.5957,-3.021286E-05,23.9355,0
1.5966,-1.644922E-05,23.949,0,1.5966,-3.323415E-05,23.949,0
1.5975,-2.450599E-05,23.9625,0,1.5975,-2.047761E-05,23.9625,0
1.5984,-3.759823E-05,23.976,0,1.5984,-2.450599E-05,23.976,0
1.5993,-3.927672E-05,23.9895,0,1.5993,7.721065E-06,23.9895,0
1.6002,-7.721065E-06,24.003,0,1.6002,2.014191E-06,24.003,0
1.6011,3.692683E-06,24.0165,0,1.6011,-3.793393E-05,24.0165,0
1.602,1.577783E-05,24.03,0,1.602,5.706874E-06,24.03,0
1.6029,5.673304E-05,24.0435,0,1.6029,1.913481E-05,24.0435,0
1.6038,5.337606E-05,24.057,0,1.6038,-1.980621E-05,24.057,0
1.6047,2.819867E-05,24.0705,0,1.6047,-2.719158E-05,24.0705,0
1.6056,1.376364E-05,24.084,0,1.6056,7.721065E-06,24.084,0
1.6065,1.409934E-05,24.0975,0,1.6065,5.706874E-06,24.0975,0
1.6074,1.007095E-06,24.111,0,1.6074,1.309224E-05,24.111,0
1.6083,1.712062E-05,24.1245,0,1.6083,4.36408E-06,24.1245,0
1.6092,-1.879912E-05,24.138,0,1.6092,-5.706874E-06,24.138,0
1.6101,-8.023193E-05,24.1515,0,1.6101,1.443504E-05,24.1515,0
1.611,-5.941863E-05,24.165,0,1.611,1.007095E-06,24.165,0
1.6119,-3.356985E-06,24.1785,0,1.6119,-2.047761E-05,24.1785,0
1.6128,-8.392462E-06,24.192,0,1.6128,1.007095E-06,24.192,0
1.6137,-5.035477E-06,24.2055,0,1.6137,-2.719158E-05,24.2055,0
1.6146,3.356985E-06,24.219,0,1.6146,-7.217517E-05,24.219,0
1.6155,-2.719158E-05,24.2325,0,1.6155,-4.229801E-05,24.2325,0
1.6164,-1.409934E-05,24.246,0,1.6164,-3.659113E-05,24.246,0
1.6173,1.443504E-05,24.2595,0,1.6173,-3.256275E-05,24.2595,0
1.6182,-3.356985E-06,24.273,0,1.6182,-2.719158E-05,24.273,0
1.6191,-6.713969E-07,24.2865,0,1.6191,-2.517739E-05,24.2865,0
1.62,3.155566E-05,24.3,0,1.62,-2.719158E-05,24.3,0
1.6209,2.014191E-06,24.3135,0,1.6209,-4.36408E-06,24.3135,0
1.6218,-8.728161E-06,24.327,0,1.6218,-1.342794E-06,24.327,0
1.6227,3.356985E-06,24.3405,0,1.6227,-2.786297E-05,24.3405,0
1.6236,-2.18204E-05,24.354,0,1.6236,-2.1149E-05,24.354,0
1.6245,-1.510643E-05,24.3675,0,1.6245,-1.040665E-05,24.3675,0
1.6254,-4.061952E-05,24.381,0,1.6254,-3.524834E-05,24.381,0
1.6263,-3.994812E-05,24.3945,0,1.6263,1.678492E-06,24.3945,0
1.6272,-6.378271E-06,24.408,0,1.6272,9.063859E-06,24.408,0
1.6281,3.021286E-06,24.4215,0,1.6281,-3.121996E-05,24.4215,0
1.629,-1.174945E-05,24.435,0,1.629,-1.409934E-05,24.435,0
1.6299,-2.551309E-05,24.4485,0,1.6299,-9.735256E-06,24.4485,0
1.6308,-2.349889E-06,24.462,0,1.6308,-2.987716E-05,24.462,0
1.6317,3.692683E-06,24.4755,0,1.6317,-1.275654E-05,24.4755,0
1.6326,-3.927672E-05,24.489,0,1.6326,1.107805E-05,24.489,0
1.6335,-4.095522E-05,24.5025,0,1.6335,-1.678492E-06,24.5025,0
1.6344,3.692683E-06,24.516,0,1.6344,-3.021286E-05,24.516,0
1.6353,1.275654E-05,24.5295,0,1.6353,-5.304036E-05,24.5295,0
1.6362,2.551309E-05,24.543,0,1.6362,-2.24918E-05,24.543,0
1.6371,5.236896E-05,24.5565,0,1.6371,-2.014191E-05,24.5565,0
1.638,2.987716E-05,24.57,0,1.638,-3.591974E-05,24.57,0
1.6389,-3.021286E-06,24.5835,0,1.6389,-5.304036E-05,24.5835,0
1.6398,7.721065E-06,24.597,0,1.6398,-4.36408E-06,24.597,0
1.6407,6.378271E-06,24.6105,0,1.6407,-3.021286E-05,24.6105,0
1.6416,-1.644922E-05,24.624,0,1.6416,-5.505455E-05,24.624,0
1.6425,-2.652018E-05,24.6375,0,1.6425,-1.242084E-05,24.6375,0
1.6434,-2.584878E-05,24.651,0,1.6434,0,24.651,0
1.6443,-3.659113E-05,24.6645,0,1.6443,-5.136187E-05,24.6645,0
1.6452,-2.450599E-05,24.678,0,1.6452,-2.719158E-05,24.678,0
1.6461,-2.652018E-05,24.6915,0,1.6461,-6.042573E-06,24.6915,0
1.647,-1.644922E-05,24.705,0,1.647,-2.652018E-05,24.705,0
1.6479,-3.189136E-05,24.7185,0,1.6479,-3.323415E-05,24.7185,0
1.6488,-2.719158E-05,24.732,0,1.6488,-5.337606E-05,24.732,0
1.6497,-6.042573E-06,24.7455,0,1.6497,-5.136187E-05,24.7455,0
1.6506,-5.069047E-05,24.759,0,1.6506,7.049668E-06,24.759,0
1.6515,-3.793393E-05,24.7725,0,1.6515,1.712062E-05,24.7725,0
1.6524,1.040665E-05,24.786,0,1.6524,-2.887007E-05,24.786,0
1.6533,-1.409934E-05,24.7995,0,1.6533,3.894102E-05,24.7995,0
1.6542,-4.632639E-05,24.813,0,1.6542,6.814679E-05,24.813,0
1.6551,-1.309224E-05,24.8265,0,1.6551,-2.517739E-05,24.8265,0
1.656,-3.021286E-06,24.84,0,1.656,5.706874E-06,24.84,0
1.6569,4.867628E-05,24.8535,0,1.6569,1.947051E-05,24.8535,0
1.6578,8.224613E-05,24.867,0,1.6578,-1.644922E-05,24.867,0
1.6587,-5.035477E-06,24.8805,0,1.6587,-3.994812E-05,24.8805,0
1.6596,-3.793393E-05,24.894,0,1.6596,-1.644922E-05,24.894,0
1.6605,-1.208515E-05,24.9075,0,1.6605,-2.014191E-05,24.9075,0
1.6614,1.275654E-05,24.921,0,1.6614,-4.196231E-05,24.921,0
1.6623,3.457694E-05,24.9345,0,1.6623,-4.46479E-05,24.9345,0
1.6632,2.1149E-05,24.948,0,1.6632,-2.517739E-05,24.948,0
1.6641,1.376364E-05,24.9615,0,1.6641,-2.24918E-05,24.9615,0
1.665,1.577783E-05,24.975,0,1.665,-4.699779E-05,24.975,0
1.6659,-3.356985E-07,24.9885,0,1.6659,-5.673304E-05,24.9885,0
1.6668,-1.174945E-05,25.002,0,1.6668,1.007095E-06,25.002,0
1.6677,-1.376364E-05,25.0155,0,1.6677,1.007095E-06,25.0155,0
1.6686,1.846342E-05,25.029,0,1.6686,-3.558404E-05,25.029,0
1.6695,-3.692683E-06,25.0425,0,1.6695,3.356985E-07,25.0425,0
1.6704,-1.913481E-05,25.056,0,1.6704,-1.644922E-05,25.056,0
1.6713,-2.484169E-05,25.0695,0,1.6713,-4.39765E-05,25.0695,0
1.6722,-3.793393E-05,25.083,0,1.6722,-3.256275E-05,25.083,0
1.6731,-2.081331E-05,25.0965,0,1.6731,-3.088426E-05,25.0965,0
1.674,-4.934768E-05,25.11,0,1.674,-2.417029E-05,25.11,0
1.6749,-3.356985E-05,25.1235,0,1.6749,-5.673304E-05,25.1235,0
1.6758,9.399558E-06,25.137,0,1.6758,-6.109713E-05,25.137,0
1.6767,-1.376364E-05,25.1505,0,1.6767,-1.980621E-05,25.1505,0
1.6776,-2.987716E-05,25.164,0,1.6776,-6.713969E-06,25.164,0
1.6785,-3.054856E-05,25.1775,0,1.6785,-3.323415E-05,25.1775,0
1.6794,-1.376364E-05,25.191,0,1.6794,-3.927672E-05,25.191,0
1.6803,-2.484169E-05,25.2045,0,1.6803,-3.356985E-07,25.2045,0
1.6812,-1.510643E-05,25.218,0,1.6812,-1.678492E-06,25.218,0
1.6821,1.443504E-05,25.2315,0,1.6821,-4.53193E-05,25.2315,0
1.683,2.349889E-06,25.245,0,1.683,-1.107805E-05,25.245,0
1.6839,-2.349889E-06,25.2585,0,1.6839,4.028382E-06,25.2585,0
1.6848,1.242084E-05,25.272,0,1.6848,-2.047761E-05,25.272,0
1.6857,-3.692683E-06,25.2855,0,1.6857,-1.678492E-05,25.2855,0
1.6866,-2.316319E-05,25.299,0,1.6866,1.577783E-05,25.299,0
1.6875,1.040665E-05,25.3125,0,1.6875,1.309224E-05,25.3125,0
1.6884,1.141375E-05,25.326,0,1.6884,1.007095E-06,25.326,0
1.6893,2.383459E-05,25.3395,0,1.6893,-1.074235E-05,25.3395,0
1.6902,-9.399558E-06,25.353,0,1.6902,-1.443504E-05,25.353,0
1.6911,-1.510643E-05,25.3665,0,1.6911,5.035477E-06,25.3665,0
1.692,5.706874E-06,25.38,0,1.692,-2.28275E-05,25.38,0
1.6929,3.323415E-05,25.3935,0,1.6929,-3.256275E-05,25.3935,0
1.6938,1.577783E-05,25.407,0,1.6938,1.040665E-05,25.407,0
1.6947,-1.443504E-05,25.4205,0,1.6947,1.242084E-05,25.4205,0
1.6956,-1.846342E-05,25.434,0,1.6956,4.699779E-06,25.434,0
1.6965,-2.517739E-05,25.4475,0,1.6965,4.968337E-05,25.4475,0
1.6974,-6.713969E-06,25.461,0,1.6974,2.484169E-05,25.461,0
1.6983,-1.309224E-05,25.4745,0,1.6983,-3.121996E-05,25.4745,0
1.6992,-2.752728E-05,25.488,0,1.6992,-3.524834E-05,25.488,0
1.7001,-3.927672E-05,25.5015,0,1.7001,-3.894102E-05,25.5015,0
1.701,-3.726253E-05,25.515,0,1.701,-7.452507E-05,25.515,0
1.7019,3.692683E-06,25.5285,0,1.7019,-6.54612E-05,25.5285,0
1.7028,-1.812772E-05,25.542,0,1.7028,-8.459602E-05,25.542,0
1.7037,-1.107805E-05,25.5555,0,1.7037,-5.572595E-05,25.5555,0
1.7046,2.752728E-05,25.569,0,1.7046,-2.920577E-05,25.569,0
1.7055,2.383459E-05,25.5825,0,1.7055,-3.021286E-05,25.5825,0
1.7064,4.263371E-05,25.596,0,1.7064,-2.349889E-06,25.596,0
1.7073,3.692683E-05,25.6095,0,1.7073,4.49836E-05,25.6095,0
1.7082,1.779202E-05,25.623,0,1.7082,-6.713969E-07,25.623,0
1.7091,-7.049668E-06,25.6365,0,1.7091,-7.687495E-05,25.6365,0
1.71,-3.659113E-05,25.65,0,1.71,-1.644922E-05,25.65,0
1.7109,-2.920577E-05,25.6635,0,1.7109,-6.042573E-06,25.6635,0
1.7118,-5.471885E-05,25.677,0,1.7118,-4.699779E-05,25.677,0
1.7127,-9.735256E-06,25.6905,0,1.7127,-1.208515E-05,25.6905,0
1.7136,1.846342E-05,25.704,0,1.7136,3.256275E-05,25.704,0
1.7145,-2.450599E-05,25.7175,0,1.7145,-2.1149E-05,25.7175,0
1.7154,-2.987716E-05,25.731,0,1.7154,-2.484169E-05,25.731,0
1.7163,2.652018E-05,25.7445,0,1.7163,-3.558404E-05,25.7445,0
1.7172,1.980621E-05,25.758,0,1.7172,-3.021286E-06,25.758,0
1.7181,-1.879912E-05,25.7715,0,1.7181,-1.879912E-05,25.7715,0
1.719,3.692683E-06,25.785,0,1.719,-5.270466E-05,25.785,0
1.7199,9.063859E-06,25.7985,0,1.7199,-4.800488E-05,25.7985,0
1.7208,-7.385367E-06,25.812,0,1.7208,1.409934E-05,25.812,0
1.7217,-9.735256E-06,25.8255,0,1.7217,-7.385367E-06,25.8255,0
1.7226,-2.887007E-05,25.839,0,1.7226,-4.49836E-05,25.839,0
1.7235,-5.539025E-05,25.8525,0,1.7235,-2.014191E-06,25.8525,0
1.7244,1.510643E-05,25.866,0,1.7244,9.399558E-06,25.866,0
1.7253,4.33051E-05,25.8795,0,1.7253,-1.846342E-05,25.8795,0
1.7262,-2.081331E-05,25.893,0,1.7262,-2.014191E-05,25.893,0
1.7271,-3.726253E-05,25.9065,0,1.7271,7.721065E-06,25.9065,0
1.728,-1.544213E-05,25.92,0,1.728,-1.275654E-05,25.92,0
1.7289,-2.014191E-05,25.9335,0,1.7289,2.954147E-05,25.9335,0
1.7298,-1.510643E-05,25.947,0,1.7298,1.007095E-05,25.947,0
1.7307,-8.728161E-06,25.9605,0,1.7307,-9.063859E-06,25.9605,0
1.7316,9.735256E-06,25.974,0,1.7316,1.040665E-05,25.974,0
1.7325,-1.342794E-06,25.9875,0,1.7325,-1.242084E-05,25.9875,0
1.7334,-1.577783E-05,26.001,0,1.7334,-4.733349E-05,26.001,0
1.7343,-6.713969E-07,26.0145,0,1.7343,-9.063859E-06,26.0145,0
1.7352,5.706874E-06,26.028,0,1.7352,-1.846342E-05,26.028,0
1.7361,-4.028382E-06,26.0415,0,1.7361,-5.337606E-05,26.0415,0
1.737,-1.342794E-06,26.055,0,1.737,-5.706874E-06,26.055,0
1.7379,-1.107805E-05,26.0685,0,1.7379,-1.107805E-05,26.0685,0
1.7388,4.699779E-06,26.082,0,1.7388,-4.901198E-05,26.082,0
1.7397,9.399558E-06,26.0955,0,1.7397,-2.786297E-05,26.0955,0
1.7406,-7.385367E-06,26.109,0,1.7406,-6.378271E-06,26.109,0
1.7415,-6.378271E-06,26.1225,0,1.7415,-6.042573E-06,26.1225,0
1.7424,-7.721065E-06,26.136,0,1.7424,-2.24918E-05,26.136,0
1.7433,-2.887007E-05,26.1495,0,1.7433,-4.46479E-05,26.1495,0
1.7442,-2.450599E-05,26.163,0,1.7442,-3.323415E-05,26.163,0
1.7451,-2.316319E-05,26.1765,0,1.7451,-3.323415E-05,26.1765,0
1.746,-1.409934E-05,26.19,0,1.746,-3.894102E-05,26.19,0
1.7469,-2.484169E-05,26.2035,0,1.7469,-4.599069E-05,26.2035,0
1.7478,-3.121996E-05,26.217,0,1.7478,-2.047761E-05,26.217,0
1.7487,9.063859E-06,26.2305,0,1.7487,-2.920577E-05,26.2305,0
1.7496,4.129091E-05,26.244,0,1.7496,-4.49836E-05,26.244,0
1.7505,1.980621E-05,26.2575,0,1.7505,-1.644922E-05,26.2575,0
1.7514,5.102617E-05,26.271,0,1.7514,1.007095E-06,26.271,0
1.7523,6.61326E-05,26.2845,0,1.7523,-3.457694E-05,26.2845,0
1.7532,3.390555E-05,26.298,0,1.7532,-2.21561E-05,26.298,0
1.7541,-1.980621E-05,26.3115,0,1.7541,2.014191E-06,26.3115,0
1.755,-4.39765E-05,26.325,0,1.755,-1.544213E-05,26.325,0
1.7559,-6.109713E-05,26.3385,0,1.7559,-6.713969E-06,26.3385,0
1.7568,-2.819867E-05,26.352,0,1.7568,-4.29694E-05,26.352,0
1.7577,-6.64683E-05,26.3655,0,1.7577,-7.620356E-05,26.3655,0
1.7586,-7.284657E-05,26.379,0,1.7586,-2.618448E-05,26.379,0
1.7595,-3.121996E-05,26.3925,0,1.7595,-2.28275E-05,26.3925,0
1.7604,6.378271E-06,26.406,0,1.7604,-9.735256E-06,26.406,0
1.7613,-1.510643E-05,26.4195,0,1.7613,5.706874E-05,26.4195,0
1.7622,-2.047761E-05,26.433,0,1.7622,6.076142E-05,26.433,0
1.7631,-1.107805E-05,26.4465,0,1.7631,-1.107805E-05,26.4465,0
1.764,-3.793393E-05,26.46,0,1.764,3.356985E-06,26.46,0
1.7649,-8.728161E-06,26.4735,0,1.7649,1.577783E-05,26.4735,0
1.7658,2.18204E-05,26.487,0,1.7658,-2.987716E-05,26.487,0
1.7667,2.551309E-05,26.5005,0,1.7667,-2.719158E-05,26.5005,0
1.7676,3.692683E-06,26.514,0,1.7676,-9.063859E-06,26.514,0
1.7685,1.510643E-05,26.5275,0,1.7685,-9.063859E-06,26.5275,0
1.7694,-6.713969E-07,26.541,0,1.7694,-1.745632E-05,26.541,0
1.7703,-1.174945E-05,26.5545,0,1.7703,-3.323415E-05,26.5545,0
1.7712,2.349889E-06,26.568,0,1.7712,-2.652018E-05,26.568,0
1.7721,-1.443504E-05,26.5815,0,1.7721,-8.728161E-06,26.5815,0
1.773,-2.719158E-05,26.595,0,1.773,-5.136187E-05,26.595,0
1.7739,-3.356985E-07,26.6085,0,1.7739,-8.72816E-05,26.6085,0
1.7748,1.342794E-06,26.622,0,1.7748,-5.203327E-05,26.622,0
1.7757,-1.510643E-05,26.6355,0,1.7757,-1.644922E-05,26.6355,0
1.7766,7.721065E-06,26.649,0,1.7766,-3.054856E-05,26.649,0
1.7775,-2.014191E-06,26.6625,0,1.7775,1.040665E-05,26.6625,0
1.7784,3.994812E-05,26.676,0,1.7784,-7.721065E-06,26.676,0
1.7793,5.001907E-05,26.6895,0,1.7793,-3.021286E-05,26.6895,0
1.7802,1.309224E-05,26.703,0,1.7802,2.349889E-06,26.703,0
1.7811,-6.378271E-06,26.7165,0,1.7811,-4.36408E-06,26.7165,0
1.782,-1.443504E-05,26.73,0,1.782,-1.242084E-05,26.73,0
1.7829,-2.786297E-05,26.7435,0,1.7829,-7.721065E-06,26.7435,0
1.7838,-1.309224E-05,26.757,0,1.7838,-3.994812E-05,26.757,0
1.7847,-3.021286E-05,26.7705,0,1.7847,-2.853437E-05,26.7705,0
1.7856,-4.53193E-05,26.784,0,1.7856,-1.947051E-05,26.784,0
1.7865,-4.53193E-05,26.7975,0,1.7865,-2.450599E-05,26.7975,0
1.7874,-3.424125E-05,26.811,0,1.7874,-2.584878E-05,26.811,0
1.7883,-2.920577E-05,26.8245,0,1.7883,7.049668E-06,26.8245,0
1.7892,-1.174945E-05,26.838,0,1.7892,-1.007095E-06,26.838,0
1.7901,-4.699779E-06,26.8515,0,1.7901,-5.270466E-05,26.8515,0
1.791,2.349889E-05,26.865,0,1.791,-3.054856E-05,26.865,0
1.7919,3.726253E-05,26.8785,0,1.7919,-4.229801E-05,26.8785,0
1.7928,4.36408E-06,26.892,0,1.7928,-6.344701E-05,26.892,0
1.7937,2.987716E-05,26.9055,0,1.7937,-4.46479E-05,26.9055,0
1.7946,-3.692683E-06,26.919,0,1.7946,9.063859E-06,26.919,0
1.7955,-1.443504E-05,26.9325,0,1.7955,4.095522E-05,26.9325,0
1.7964,7.721065E-06,26.946,0,1.7964,3.155566E-05,26.946,0
1.7973,4.46479E-05,26.9595,0,1.7973,-1.779202E-05,26.9595,0
1.7982,3.088426E-05,26.973,0,1.7982,-4.43122E-05,26.973,0
1.7991,-4.901198E-05,26.9865,0,1.7991,-5.438316E-05,26.9865,0
1.8,-4.766919E-05,27,0,1.8,-4.29694E-05,27,0
1.8009,-2.618448E-05,27.0135,0,1.8009,-4.46479E-05,27.0135,0
1.8018,-4.43122E-05,27.027,0,1.8018,-5.035477E-06,27.027,0
1.8027,-2.1149E-05,27.0405,0,1.8027,-5.706874E-06,27.0405,0
1.8036,2.484169E-05,27.054,0,1.8036,-4.196231E-05,27.054,0
1.8045,-3.356985E-06,27.0675,0,1.8045,3.524834E-05,27.0675,0
1.8054,-5.035477E-06,27.081,0,1.8054,7.016098E-05,27.081,0
1.8063,1.040665E-05,27.0945,0,1.8063,-9.735256E-06,27.0945,0
1.8072,-5.035477E-06,27.108,0,1.8072,-6.042573E-06,27.108,0
1.8081,-5.874724E-05,27.1215,0,1.8081,-2.18204E-05,27.1215,0
1.809,-2.21561E-05,27.135,0,1.809,-1.544213E-05,27.135,0
1.8099,-1.342794E-05,27.1485,0,1.8099,-3.021286E-06,27.1485,0
1.8108,-3.356985E-07,27.162,0,1.8108,-2.853437E-05,27.162,0
1.8117,9.735256E-06,27.1755,0,1.8117,-1.443504E-05,27.1755,0
1.8126,-1.141375E-05,27.189,0,1.8126,1.678492E-06,27.189,0
1.8135,-9.735256E-06,27.2025,0,1.8135,-8.392462E-06,27.2025,0
1.8144,1.242084E-05,27.216,0,1.8144,-5.001907E-05,27.216,0
1.8153,-2.517739E-05,27.2295,0,1.8153,-1.812772E-05,27.2295,0
1.8162,-2.316319E-05,27.243,0,1.8162,1.275654E-05,27.243,0
1.8171,-7.385367E-06,27.2565,0,1.8171,-2.685588E-05,27.2565,0
1.818,-2.21561E-05,27.27,0,1.818,-7.049668E-06,27.27,0
1.8189,1.712062E-05,27.2835,0,1.8189,-1.980621E-05,27.2835,0
1.8198,1.678492E-06,27.297,0,1.8198,-5.975433E-05,27.297,0
1.8207,-6.713969E-07,27.3105,0,1.8207,-6.74754E-05,27.3105,0
1.8216,-1.174945E-05,27.324,0,1.8216,-4.162661E-05,27.324,0
1.8225,-1.678492E-06,27.3375,0,1.8225,-6.51255E-05,27.3375,0
1.8234,3.860533E-05,27.351,0,1.8234,-5.874724E-05,27.351,0
1.8243,3.155566E-05,27.3645,0,1.8243,-4.29694E-05,27.3645,0
1.8252,1.040665E-05,27.378,0,1.8252,-1.443504E-05,27.378,0
1.8261,-1.980621E-05,27.3915,0,1.8261,-1.007095E-05,27.3915,0
1.827,-5.102617E-05,27.405,0,1.827,-2.14847E-05,27.405,0
1.8279,-2.719158E-05,27.4185,0,1.8279,-2.685588E-05,27.4185,0
1.8288,-3.860533E-05,27.432,0,1.8288,3.692683E-06,27.432,0
1.8297,-2.584878E-05,27.4455,0,1.8297,-1.376364E-05,27.4455,0
1.8306,2.014191E-06,27.459,0,1.8306,-3.961242E-05,27.459,0
1.8315,-3.021286E-06,27.4725,0,1.8315,9.063859E-06,27.4725,0
1.8324,2.28275E-05,27.486,0,1.8324,2.349889E-05,27.486,0
1.8333,1.779202E-05,27.4995,0,1.8333,-6.713969E-06,27.4995,0
1.8342,3.021286E-05,27.513,0,1.8342,-2.383459E-05,27.513,0
1.8351,1.577783E-05,27.5265,0,1.8351,4.36408E-06,27.5265,0
1.836,2.349889E-06,27.54,0,1.836,-3.021286E-06,27.54,0
1.8369,-1.477073E-05,27.5535,0,1.8369,-3.692683E-06,27.5535,0
1.8378,-6.042573E-06,27.567,0,1.8378,-3.054856E-05,27.567,0
1.8387,-1.477073E-05,27.5805,0,1.8387,-2.551309E-05,27.5805,0
1.8396,-6.51255E-05,27.594,0,1.8396,-7.049668E-06,27.594,0
1.8405,-4.129091E-05,27.6075,0,1.8405,-3.625543E-05,27.6075,0
1.8414,-2.24918E-05,27.621,0,1.8414,-5.774014E-05,27.621,0
1.8423,-3.457694E-05,27.6345,0,1.8423,-6.713969E-06,27.6345,0
1.8432,1.443504E-05,27.648,0,1.8432,-2.349889E-06,27.648,0
1.8441,6.311131E-05,27.6615,0,1.8441,-1.342794E-05,27.6615,0
1.845,4.934768E-05,27.675,0,1.845,2.853437E-05,27.675,0
1.8459,2.383459E-05,27.6885,0,1.8459,1.812772E-05,27.6885,0
1.8468,5.035477E-06,27.702,0,1.8468,-3.356985E-07,27.702,0
1.8477,-1.107805E-05,27.7155,0,1.8477,1.443504E-05,27.7155,0
1.8486,-6.881819E-05,27.729,0,1.8486,1.040665E-05,27.729,0
1.8495,-8.72816E-05,27.7425,0,1.8495,-3.054856E-05,27.7425,0
1.8504,3.189136E-05,27.756,0,1.8504,-3.390555E-05,27.756,0
1.8513,4.901198E-05,27.7695,0,1.8513,-3.356985E-05,27.7695,0
1.8522,6.042573E-06,27.783,0,1.8522,-1.174945E-05,27.783,0
1.8531,7.385367E-06,27.7965,0,1.8531,-2.316319E-05,27.7965,0
1.854,1.779202E-05,27.81,0,1.854,-2.954147E-05,27.81,0
1.8549,-3.021286E-06,27.8235,0,1.8549,-3.457694E-05,27.8235,0
1.8558,-4.33051E-05,27.837,0,1.8558,-2.24918E-05,27.837,0
1.8567,-3.323415E-05,27.8505,0,1.8567,-4.33051E-05,27.8505,0
1.8576,-1.678492E-06,27.864,0,1.8576,-8.69459E-05,27.864,0
1.8585,6.713969E-07,27.8775,0,1.8585,-5.606165E-05,27.8775,0
1.8594,5.035477E-06,27.891,0,1.8594,-3.726253E-05,27.891,0
1.8603,1.913481E-05,27.9045,0,1.8603,-4.53193E-05,27.9045,0
1.8612,-2.383459E-05,27.918,0,1.8612,1.409934E-05,27.918,0
1.8621,-4.39765E-05,27.9315,0,1.8621,2.551309E-05,27.9315,0
1.863,-2.081331E-05,27.945,0,1.863,-1.107805E-05,27.945,0
1.8639,-9.063859E-06,27.9585,0,1.8639,-1.510643E-05,27.9585,0
1.8648,9.063859E-06,27.972,0,1.8648,-3.524834E-05,27.972,0
1.8657,-6.378271E-06,27.9855,0,1.8657,-1.779202E-05,27.9855,0
1.8666,-3.424125E-05,27.999,0,1.8666,-1.174945E-05,27.999,0
1.8675,-3.826963E-05,28.0125,0,1.8675,-2.987716E-05,28.0125,0
1.8684,-5.169757E-05,28.026,0,1.8684,-3.692683E-05,28.026,0
1.8693,-4.33051E-05,28.0395,0,1.8693,1.376364E-05,28.0395,0
1.8702,-7.049668E-06,28.053,0,1.8702,1.242084E-05,28.053,0
1.8711,-4.028382E-06,28.0665,0,1.8711,-2.987716E-05,28.0665,0
1.872,-8.392462E-06,28.08,0,1.872,-1.342794E-06,28.08,0
1.8729,3.793393E-05,28.0935,0,1.8729,1.577783E-05,28.0935,0
1.8738,3.793393E-05,28.107,0,1.8738,-3.390555E-05,28.107,0
1.8747,-3.524834E-05,28.1205,0,1.8747,-5.673304E-05,28.1205,0
1.8756,-1.242084E-05,28.134,0,1.8756,9.063859E-06,28.134,0
1.8765,3.189136E-05,28.1475,0,1.8765,2.920577E-05,28.1475,0
1.8774,-3.356985E-07,28.161,0,1.8774,-1.443504E-05,28.161,0
1.8783,-5.035477E-06,28.1745,0,1.8783,-3.994812E-05,28.1745,0
1.8792,-5.035477E-06,28.188,0,1.8792,-2.28275E-05,28.188,0
1.8801,-4.733349E-05,28.2015,0,1.8801,-4.733349E-05,28.2015,0
1.881,-3.894102E-05,28.215,0,1.881,-6.948959E-05,28.215,0
1.8819,-1.342794E-05,28.2285,0,1.8819,-8.224613E-05,28.2285,0
1.8828,-2.014191E-05,28.242,0,1.8828,-2.450599E-05,28.242,0
1.8837,1.980621E-05,28.2555,0,1.8837,1.040665E-05,28.2555,0
1.8846,6.411841E-05,28.269,0,1.8846,6.378271E-06,28.269,0
1.8855,4.46479E-05,28.2825,0,1.8855,-1.342794E-06,28.2825,0
1.8864,-3.356985E-07,28.296,0,1.8864,1.342794E-06,28.296,0
1.8873,1.040665E-05,28.3095,0,1.8873,-2.417029E-05,28.3095,0
1.8882,2.18204E-05,28.323,0,1.8882,-4.599069E-05,28.323,0
1.8891,-1.812772E-05,28.3365,0,1.8891,-3.323415E-05,28.3365,0
1.89,-1.678492E-05,28.35,0,1.89,-2.786297E-05,28.35,0
1.8909,2.349889E-06,28.3635,0,1.8909,-1.544213E-05,28.3635,0
1.8918,-9.063859E-06,28.377,0,1.8918,-3.390555E-05,28.377,0
1.8927,-1.779202E-05,28.3905,0,1.8927,1.678492E-06,28.3905,0
1.8936,-1.779202E-05,28.404,0,1.8936,2.954147E-05,28.404,0
1.8945,-5.740444E-05,28.4175,0,1.8945,-2.786297E-05,28.4175,0
1.8954,-3.457694E-05,28.431,0,1.8954,-4.800488E-05,28.431,0
1.8963,-4.229801E-05,28.4445,0,1.8963,-1.007095E-06,28.4445,0
1.8972,-4.33051E-05,28.458,0,1.8972,-2.450599E-05,28.458,0
1.8981,1.007095E-06,28.4715,0,1.8981,-6.411841E-05,28.4715,0
1.899,1.980621E-05,28.485,0,1.899,4.733349E-05,28.485,0
1.8999,2.349889E-05,28.4985,0,1.8999,6.042573E-05,28.4985,0
1.9008,4.229801E-05,28.512,0,1.9008,-7.721065E-06,28.512,0
1.9017,3.659113E-05,28.5255,0,1.9017,8.056763E-06,28.5255,0
1.9026,2.652018E-05,28.539,0,1.9026,2.047761E-05,28.539,0
1.9035,2.987716E-05,28.5525,0,1.9035,1.510643E-05,28.5525,0
1.9044,-5.740444E-05,28.566,0,1.9044,-7.956054E-05,28.566,0
1.9053,-3.088426E-05,28.5795,0,1.9053,-6.814679E-05,28.5795,0
1.9062,-2.786297E-05,28.593,0,1.9062,-2.786297E-05,28.593,0
1.9071,-6.71397E-05,28.6065,0,1.9071,-2.652018E-05,28.6065,0
1.908,-2.417029E-05,28.62,0,1.908,-4.934768E-05,28.62,0
1.9089,1.577783E-05,28.6335,0,1.9089,-4.565499E-05,28.6335,0
1.9098,-1.745632E-05,28.647,0,1.9098,-1.376364E-05,28.647,0
1.9107,-3.256275E-05,28.6605,0,1.9107,-4.36408E-05,28.6605,0
1.9116,-2.014191E-06,28.674,0,1.9116,-6.881819E-05,28.674,0
1.9125,-3.457694E-05,28.6875,0,1.9125,-1.644922E-05,28.6875,0
1.9134,1.980621E-05,28.701,0,1.9134,3.021286E-06,28.701,0
1.9143,5.236896E-05,28.7145,0,1.9143,-2.551309E-05,28.7145,0
1.9152,-3.356985E-07,28.728,0,1.9152,-2.719158E-05,28.728,0
1.9161,-2.618448E-05,28.7415,0,1.9161,2.685588E-06,28.7415,0
1.917,-2.719158E-05,28.755,0,1.917,-2.014191E-06,28.755,0
1.9179,-7.049668E-06,28.7685,0,1.9179,-1.779202E-05,28.7685,0
1.9188,6.713969E-06,28.782,0,1.9188,-2.920577E-05,28.782,0
1.9197,-6.713969E-07,28.7955,0,1.9197,-5.706874E-06,28.7955,0
1.9206,-2.349889E-05,28.809,0,1.9206,1.007095E-06,28.809,0
1.9215,-9.735256E-06,28.8225,0,1.9215,-2.18204E-05,28.8225,0
1.9224,-1.879912E-05,28.836,0,1.9224,-3.793393E-05,28.836,0
1.9233,-1.745632E-05,28.8495,0,1.9233,5.706874E-06,28.8495,0
1.9242,-2.047761E-05,28.863,0,1.9242,6.378271E-06,28.863,0
1.9251,7.385367E-06,28.8765,0,1.9251,-3.793393E-05,28.8765,0
1.926,-1.376364E-05,28.89,0,1.926,-5.706874E-06,28.89,0
1.9269,-4.129091E-05,28.9035,0,1.9269,6.713969E-06,28.9035,0
1.9278,-3.692683E-06,28.917,0,1.9278,-3.457694E-05,28.917,0
1.9287,2.014191E-05,28.9305,0,1.9287,-1.208515E-05,28.9305,0
1.9296,1.040665E-05,28.944,0,1.9296,5.035477E-06,28.944,0
1.9305,4.39765E-05,28.9575,0,1.9305,-1.544213E-05,28.9575,0
1.9314,7.150377E-05,28.971,0,1.9314,-1.040665E-05,28.971,0
1.9323,1.309224E-05,28.9845,0,1.9323,-2.920577E-05,28.9845,0
1.9332,-1.846342E-05,28.998,0,1.9332,-1.309224E-05,28.998,0
1.9341,-4.061952E-05,29.0115,0,1.9341,-2.28275E-05,29.0115,0
1.935,-3.021286E-05,29.025,0,1.935,-4.36408E-05,29.025,0
1.9359,-2.719158E-05,29.0385,0,1.9359,-4.901198E-05,29.0385,0
1.9368,-2.752728E-05,29.052,0,1.9368,-1.107805E-05,29.052,0
1.9377,-1.443504E-05,29.0655,0,1.9377,-2.047761E-05,29.0655,0
1.9386,-1.678492E-06,29.079,0,1.9386,-5.975433E-05,29.079,0
1.9395,8.392462E-06,29.0925,0,1.9395,-1.376364E-05,29.0925,0
1.9404,-1.409934E-05,29.106,0,1.9404,1.846342E-05,29.106,0
1.9413,-4.46479E-05,29.1195,0,1.9413,-1.141375E-05,29.1195,0
1.9422,-4.162661E-05,29.133,0,1.9422,-3.390555E-05,29.133,0
1.9431,-4.061952E-05,29.1465,0,1.9431,1.342794E-06,29.1465,0
1.944,-3.256275E-05,29.16,0,1.944,-1.678492E-05,29.16,0
1.9449,-4.599069E-05,29.1735,0,1.9449,-2.551309E-05,29.1735,0
1.9458,-1.544213E-05,29.187,0,1.9458,-4.229801E-05,29.187,0
1.9467,3.826963E-05,29.2005,0,1.9467,-2.551309E-05,29.2005,0
1.9476,8.728161E-06,29.214,0,1.9476,5.035477E-06,29.214,0
1.9485,-2.417029E-05,29.2275,0,1.9485,-2.484169E-05,29.2275,0
1.9494,6.378271E-06,29.241,0,1.9494,-4.46479E-05,29.241,0
1.9503,-1.577783E-05,29.2545,0,1.9503,-1.007095E-06,29.2545,0
1.9512,5.035477E-06,29.268,0,1.9512,0,29.268,0
1.9521,5.236896E-05,29.2815,0,1.9521,-4.162661E-05,29.2815,0
1.953,4.699779E-06,29.295,0,1.953,-4.028382E-06,29.295,0
1.9539,-2.752728E-05,29.3085,0,1.9539,-2.450599E-05,29.3085,0
1.9548,-2.18204E-05,29.322,0,1.9548,-5.337606E-05,29.322,0
1.9557,-6.378271E-06,29.3355,0,1.9557,-4.43122E-05,29.3355,0
1.9566,-2.1149E-05,29.349,0,1.9566,-2.584878E-05,29.349,0
1.9575,1.141375E-05,29.3625,0,1.9575,-3.323415E-05,29.3625,0
1.9584,3.558404E-05,29.376,0,1.9584,-1.577783E-05,29.376,0
1.9593,-1.174945E-05,29.3895,0,1.9593,-2.450599E-05,29.3895,0
1.9602,9.399558E-06,29.403,0,1.9602,1.040665E-05,29.403,0
1.9611,4.263371E-05,29.4165,0,1.9611,5.505455E-05,29.4165,0
1.962,2.1149E-05,29.43,0,1.962,-6.713969E-07,29.43,0
1.9629,-1.242084E-05,29.4435,0,1.9629,-2.987716E-05,29.4435,0
1.9638,-1.712062E-05,29.457,0,1.9638,1.712062E-05,29.457,0
1.9647,-9.063859E-06,29.4705,0,1.9647,3.155566E-05,29.4705,0
1.9656,1.275654E-05,29.484,0,1.9656,-1.544213E-05,29.484,0
1.9665,7.721065E-06,29.4975,0,1.9665,-2.517739E-05,29.4975,0
1.9674,-2.081331E-05,29.511,0,1.9674,-9.735256E-06,29.511,0
1.9683,-1.342794E-05,29.5245,0,1.9683,-3.390555E-05,29.5245,0
1.9692,2.685588E-05,29.538,0,1.9692,-2.316319E-05,29.538,0
1.9701,8.728161E-06,29.5515,0,1.9701,-7.385367E-06,29.5515,0
1.971,-3.457694E-05,29.565,0,1.971,-5.001907E-05,29.565,0
1.9719,-1.846342E-05,29.5785,0,1.9719,-6.881819E-05,29.5785,0
1.9728,-2.21561E-05,29.592,0,1.9728,-4.46479E-05,29.592,0
1.9737,-7.721065E-05,29.6055,0,1.9737,-1.947051E-05,29.6055,0
1.9746,-3.927672E-05,29.619,0,1.9746,-2.383459E-05,29.619,0
1.9755,6.378271E-06,29.6325,0,1.9755,-4.39765E-05,29.6325,0
1.9764,-2.349889E-06,29.646,0,1.9764,-5.203327E-05,29.646,0
1.9773,-1.644922E-05,29.6595,0,1.9773,-1.141375E-05,29.6595,0
1.9782,4.901198E-05,29.673,0,1.9782,-7.721065E-06,29.673,0
1.9791,5.471885E-05,29.6865,0,1.9791,-3.860533E-05,29.6865,0
1.98,5.035477E-06,29.7,0,1.98,1.007095E-06,29.7,0
1.9809,-1.007095E-05,29.7135,0,1.9809,2.584878E-05,29.7135,0
1.9818,-3.491264E-05,29.727,0,1.9818,-4.061952E-05,29.727,0
1.9827,-5.270466E-05,29.7405,0,1.9827,-4.934768E-05,29.7405,0
1.9836,-3.189136E-05,29.754,0,1.9836,-9.735256E-06,29.754,0
1.9845,3.021286E-06,29.7675,0,1.9845,-2.484169E-05,29.7675,0
1.9854,-4.028382E-06,29.781,0,1.9854,-3.121996E-05,29.781,0
1.9863,-7.721065E-06,29.7945,0,1.9863,-2.517739E-05,29.7945,0
1.9872,1.443504E-05,29.808,0,1.9872,1.409934E-05,29.808,0
1.9881,4.36408E-06,29.8215,0,1.9881,1.074235E-05,29.8215,0
1.989,-1.107805E-05,29.835,0,1.989,-2.24918E-05,29.835,0
1.9899,-3.524834E-05,29.8485,0,1.9899,-5.975433E-05,29.8485,0
1.9908,-7.016098E-05,29.862,0,1.9908,-2.18204E-05,29.862,0
1.9917,-4.061952E-05,29.8755,0,1.9917,5.035477E-06,29.8755,0
1.9926,6.378271E-06,29.889,0,1.9926,4.028382E-06,29.889,0
1.9935,-1.712062E-05,29.9025,0,1.9935,1.141375E-05,29.9025,0
1.9944,-2.551309E-05,29.916,0,1.9944,-6.378271E-06,29.916,0
1.9953,1.174945E-05,29.9295,0,1.9953,-6.344701E-05,29.9295,0
1.9962,3.591974E-05,29.943,0,1.9962,-3.424125E-05,29.943,0
1.9971,-2.1149E-05,29.9565,0,1.9971,1.712062E-05,29.9565,0
1.998,-7.049668E-06,29.97,0,1.998,4.028382E-06,29.97,0
1.9989,-2.28275E-05,29.9835,0,1.9989,-1.779202E-05,29.9835,0
1.9998,-1.477073E-05,29.997,0,1.9998,-2.987716E-05,29.997,0
2.0007,1.678492E-05,30.0105,0,2.0007,-1.409934E-05,30.0105,0
2.0016,5.035477E-06,30.024,0,2.0016,-1.712062E-05,30.024,0
2.0025,5.706874E-06,30.0375,0,2.0025,-3.994812E-05,30.0375,0
2.0034,1.678492E-06,30.051,0,2.0034,-5.203327E-05,30.051,0
2.0043,-1.107805E-05,30.0645,0,2.0043,-1.678492E-06,30.0645,0
2.0052,9.063859E-06,30.078,0,2.0052,2.349889E-06,30.078,0
2.0061,6.042573E-06,30.0915,0,2.0061,-5.471885E-05,30.0915,0
2.007,4.028382E-06,30.105,0,2.007,-1.376364E-05,30.105,0
2.0079,-3.356985E-06,30.1185,0,2.0079,1.007095E-06,30.1185,0
2.0088,-1.174945E-05,30.132,0,2.0088,-2.517739E-05,30.132,0
2.0097,-1.712062E-05,30.1455,0,2.0097,-3.155566E-05,30.1455,0
2.0106,2.349889E-06,30.159,0,2.0106,1.007095E-06,30.159,0
2.0115,-3.323415E-05,30.1725,0,2.0115,-4.36408E-06,30.1725,0
2.0124,-3.424125E-05,30.186,0,2.0124,-9.063859E-06,30.186,0
2.0133,3.591974E-05,30.1995,0,2.0133,-1.409934E-05,30.1995,0
2.0142,2.786297E-05,30.213,0,2.0142,2.349889E-06,30.213,0
2.0151,-2.987716E-05,30.2265,0,2.0151,-2.752728E-05,30.2265,0
2.016,-1.342794E-06,30.24,0,2.016,-4.934768E-05,30.24,0
2.0169,2.450599E-05,30.2535,0,2.0169,-7.183947E-05,30.2535,0
2.0178,-1.644922E-05,30.267,0,2.0178,-3.356985E-05,30.267,0
2.0187,-1.107805E-05,30.2805,0,2.0187,-1.779202E-05,30.2805,0
2.0196,-2.920577E-05,30.294,0,2.0196,-5.001907E-05,30.294,0
2.0205,-6.109713E-05,30.3075,0,2.0205,-4.028382E-06,30.3075,0
2.0214,-1.879912E-05,30.321,0,2.0214,-1.040665E-05,30.321,0
2.0223,2.18204E-05,30.3345,0,2.0223,-2.685588E-05,30.3345,0
2.0232,2.450599E-05,30.348,0,2.0232,-1.007095E-06,30.348,0
2.0241,2.652018E-05,30.3615,0,2.0241,2.081331E-05,30.3615,0
2.025,3.692683E-06,30.375,0,2.025,7.721065E-06,30.375,0
2.0259,7.721065E-06,30.3885,0,2.0259,-8.392462E-06,30.3885,0
2.0268,2.920577E-05,30.402,0,2.0268,-2.14847E-05,30.402,0
2.0277,1.007095E-05,30.4155,0,2.0277,-1.678492E-06,30.4155,0
2.0286,-7.721065E-06,30.429,0,2.0286,-1.477073E-05,30.429,0
2.0295,1.342794E-06,30.4425,0,2.0295,-3.524834E-05,30.4425,0
2.0304,7.049668E-06,30.456,0,2.0304,-6.344701E-05,30.456,0
2.0313,-1.980621E-05,30.4695,0,2.0313,-5.438316E-05,30.4695,0
2.0322,-2.887007E-05,30.483,0,2.0322,-5.874724E-05,30.483,0
2.0331,-8.728161E-06,30.4965,0,2.0331,-8.627451E-05,30.4965,0
2.034,-4.196231E-05,30.51,0,2.034,-2.752728E-05,30.51,0
2.0349,-4.800488E-05,30.5235,0,2.0349,3.894102E-05,30.5235,0
2.0358,-2.18204E-05,30.537,0,2.0358,4.733349E-05,30.537,0
2.0367,1.779202E-05,30.5505,0,2.0367,2.1149E-05,30.5505,0
2.0376,2.349889E-06,30.564,0,2.0376,-4.36408E-06,30.564,0
2.0385,-4.028382E-06,30.5775,0,2.0385,-1.208515E-05,30.5775,0
2.0394,2.28275E-05,30.591,0,2.0394,-1.980621E-05,30.591,0
2.0403,1.812772E-05,30.6045,0,2.0403,-1.712062E-05,30.6045,0
2.0412,-2.450599E-05,30.618,0,2.0412,5.673304E-05,30.618,0
2.0421,-2.517739E-05,30.6315,0,2.0421,5.606165E-05,30.6315,0
2.043,-2.081331E-05,30.645,0,2.043,-9.735256E-06,30.645,0
2.0439,-6.713969E-07,30.6585,0,2.0439,-1.812772E-05,30.6585,0
2.0448,-1.007095E-06,30.672,0,2.0448,-2.450599E-05,30.672,0
2.0457,-1.074235E-05,30.6855,0,2.0457,-6.6804E-05,30.6855,0
2.0466,2.014191E-06,30.699,0,2.0466,-5.169757E-05,30.699,0
2.0475,-1.107805E-05,30.7125,0,2.0475,-3.121996E-05,30.7125,0
2.0484,-2.18204E-05,30.726,0,2.0484,-3.591974E-05,30.726,0
2.0493,-3.894102E-05,30.7395,0,2.0493,-4.934768E-05,30.7395,0
2.0502,-3.356985E-07,30.753,0,2.0502,-4.061952E-05,30.753,0
2.0511,-1.510643E-05,30.7665,0,2.0511,-8.392462E-06,30.7665,0
2.052,-1.678492E-06,30.78,0,2.052,-1.007095E-05,30.78,0
2.0529,-2.752728E-05,30.7935,0,2.0529,-1.913481E-05,30.7935,0
2.0538,-3.826963E-05,30.807,0,2.0538,-3.793393E-05,30.807,0
2.0547,-3.323415E-05,30.8205,0,2.0547,-1.376364E-05,30.8205,0
2.0556,-2.551309E-05,30.834,0,2.0556,2.081331E-05,30.834,0
2.0565,3.323415E-05,30.8475,0,2.0565,-1.443504E-05,30.8475,0
2.0574,4.39765E-05,30.861,0,2.0574,-3.826963E-05,30.861,0
2.0583,-3.356985E-07,30.8745,0,2.0583,0,30.8745,0
2.0592,-1.141375E-05,30.888,0,2.0592,-1.107805E-05,30.888,0
2.0601,-2.349889E-06,30.9015,0,2.0601,-5.740444E-05,30.9015,0
2.061,-3.591974E-05,30.915,0,2.061,-9.063859E-06,30.915,0
2.0619,-1.342794E-05,30.9285,0,2.0619,-1.309224E-05,30.9285,0
2.0628,8.392462E-06,30.942,0,2.0628,-3.860533E-05,30.942,0
2.0637,-3.424125E-05,30.9555,0,2.0637,-7.049668E-06,30.9555,0
2.0646,-6.210422E-05,30.969,0,2.0646,2.450599E-05,30.969,0
2.0655,2.047761E-05,30.9825,0,2.0655,5.035477E-06,30.9825,0
2.0664,2.652018E-05,30.996,0,2.0664,-1.980621E-05,30.996,0
2.0673,9.063859E-06,31.0095,0,2.0673,-2.887007E-05,31.0095,0
2.0682,1.846342E-05,31.023,0,2.0682,5.035477E-06,31.023,0
2.0691,-1.678492E-06,31.0365,0,2.0691,-2.551309E-05,31.0365,0
2.07,-1.913481E-05,31.05,0,2.07,-4.867628E-05,31.05,0
2.0709,2.383459E-05,31.0635,0,2.0709,-1.712062E-05,31.0635,0
2.0718,-1.644922E-05,31.077,0,2.0718,-1.007095E-05,31.077,0
2.0727,-3.524834E-05,31.0905,0,2.0727,-1.812772E-05,31.0905,0
2.0736,-1.007095E-06,31.104,0,2.0736,-4.800488E-05,31.104,0
2.0745,-1.107805E-05,31.1175,0,2.0745,-1.107805E-05,31.1175,0
2.0754,1.107805E-05,31.131,0,2.0754,-7.049668E-06,31.131,0
2.0763,-3.021286E-06,31.1445,0,2.0763,-5.673304E-05,31.1445,0
2.0772,-1.309224E-05,31.158,0,2.0772,-3.356985E-05,31.158,0
2.0781,-5.706874E-06,31.1715,0,2.0781,-6.042573E-06,31.1715,0
2.079,-6.378271E-06,31.185,0,2.079,-1.477073E-05,31.185,0
2.0799,-8.392462E-06,31.1985,0,2.0799,-1.409934E-05,31.1985,0
2.0808,1.141375E-05,31.212,0,2.0808,-3.927672E-05,31.212,0
2.0817,-3.356985E-07,31.2255,0,2.0817,-3.323415E-05,31.2255,0
2.0826,-5.035477E-06,31.239,0,2.0826,-2.24918E-05,31.239,0
2.0835,6.378271E-06,31.2525,0,2.0835,-3.793393E-05,31.2525,0
2.0844,-7.721065E-06,31.266,0,2.0844,-4.968337E-05,31.266,0
2.0853,-7.049668E-06,31.2795,0,2.0853,-2.987716E-05,31.2795,0
2.0862,1.510643E-05,31.293,0,2.0862,-4.061952E-05,31.293,0
2.0871,5.740444E-05,31.3065,0,2.0871,-5.673304E-05,31.3065,0
2.088,2.517739E-05,31.32,0,2.088,-1.107805E-05,31.32,0
2.0889,-8.392462E-06,31.3335,0,2.0889,2.450599E-05,31.3335,0
2.0898,-1.040665E-05,31.347,0,2.0898,-2.685588E-06,31.347,0
2.0907,-5.236896E-05,31.3605,0,2.0907,-9.063859E-06,31.3605,0
2.0916,-4.33051E-05,31.374,0,2.0916,1.174945E-05,31.374,0
2.0925,-3.054856E-05,31.3875,0,2.0925,1.309224E-05,31.3875,0
2.0934,-2.081331E-05,31.401,0,2.0934,-1.007095E-06,31.401,0
2.0943,1.342794E-06,31.4145,0,2.0943,-1.611353E-05,31.4145,0
2.0952,-2.349889E-06,31.428,0,2.0952,-5.035477E-06,31.428,0
2.0961,-2.24918E-05,31.4415,0,2.0961,-7.049668E-06,31.4415,0
2.097,-4.53193E-05,31.455,0,2.097,-2.786297E-05,31.455,0
2.0979,-6.411841E-05,31.4685,0,2.0979,-5.539025E-05,31.4685,0
2.0988,-4.934768E-05,31.482,0,2.0988,-2.685588E-06,31.482,0
2.0997,6.378271E-06,31.4955,0,2.0997,1.342794E-06,31.4955,0
2.1006,5.639734E-05,31.509,0,2.1006,-3.961242E-05,31.509,0
2.1015,3.692683E-05,31.5225,0,2.1015,-4.36408E-06,31.5225,0
2.1024,6.378271E-06,31.536,0,2.1024,7.049668E-06,31.536,0
2.1033,4.36408E-06,31.5495,0,2.1033,-3.390555E-05,31.5495,0
2.1042,3.826963E-05,31.563,0,2.1042,-6.713969E-07,31.563,0
2.1051,1.342794E-06,31.5765,0,2.1051,1.443504E-05,31.5765,0
2.106,-1.007095E-06,31.59,0,2.106,-1.309224E-05,31.59,0
2.1069,2.014191E-06,31.6035,0,2.1069,-1.577783E-05,31.6035,0
2.1078,7.049668E-06,31.617,0,2.1078,-3.659113E-05,31.617,0
2.1087,6.042573E-06,31.6305,0,2.1087,-1.846342E-05,31.6305,0
2.1096,-1.846342E-05,31.644,0,2.1096,-5.908293E-05,31.644,0
2.1105,-2.987716E-05,31.6575,0,2.1105,-7.150377E-05,31.6575,0
2.1114,-2.24918E-05,31.671,0,2.1114,-2.417029E-05,31.671,0
2.1123,-2.887007E-05,31.6845,0,2.1123,7.486076E-05,31.6845,0
2.1132,-1.980621E-05,31.698,0,2.1132,6.143282E-05,31.698,0
2.1141,-4.36408E-05,31.7115,0,2.1141,-3.659113E-05,31.7115,0
2.115,-3.121996E-05,31.725,0,2.115,-4.565499E-05,31.725,0
2.1159,-3.054856E-05,31.7385,0,2.1159,1.913481E-05,31.7385,0
2.1168,2.349889E-06,31.752,0,2.1168,-8.056763E-06,31.752,0
2.1177,3.021286E-05,31.7655,0,2.1177,-3.121996E-05,31.7655,0
2.1186,3.356985E-06,31.779,0,2.1186,-2.719158E-05,31.779,0
2.1195,5.035477E-06,31.7925,0,2.1195,-2.349889E-05,31.7925,0
2.1204,-5.035477E-06,31.806,0,2.1204,-4.867628E-05,31.806,0
2.1213,-1.275654E-05,31.8195,0,2.1213,-6.61326E-05,31.8195,0
2.1222,-1.980621E-05,31.833,0,2.1222,-4.599069E-05,31.833,0
2.1231,8.728161E-06,31.8465,0,2.1231,-2.987716E-05,31.8465,0
2.124,-2.349889E-06,31.86,0,2.124,-4.39765E-05,31.86,0
2.1249,9.735256E-06,31.8735,0,2.1249,-4.33051E-05,31.8735,0
2.1258,-2.18204E-05,31.887,0,2.1258,-5.035477E-06,31.887,0
2.1267,-1.678492E-06,31.9005,0,2.1267,-2.349889E-06,31.9005,0
2.1276,1.007095E-06,31.914,0,2.1276,-3.826963E-05,31.914,0
2.1285,-1.275654E-05,31.9275,0,2.1285,-1.779202E-05,31.9275,0
2.1294,-2.719158E-05,31.941,0,2.1294,-7.049668E-06,31.941,0
2.1303,-4.263371E-05,31.9545,0,2.1303,-3.793393E-05,31.9545,0
2.1312,-5.908293E-05,31.968,0,2.1312,-2.28275E-05,31.968,0
2.1321,-5.404745E-05,31.9815,0,2.1321,-5.035477E-06,31.9815,0
2.133,-3.726253E-05,31.995,0,2.133,4.36408E-06,31.995,0
2.1339,-2.18204E-05,32.0085,0,2.1339,2.081331E-05,32.0085,0
2.1348,1.107805E-05,32.022,0,2.1348,1.007095E-06,32.022,0
2.1357,1.644922E-05,32.0355,0,2.1357,-1.846342E-05,32.0355,0
2.1366,6.378271E-06,32.049,0,2.1366,-4.699779E-06,32.049,0
2.1375,2.24918E-05,32.0625,0,2.1375,-3.390555E-05,32.0625,0
2.1384,1.376364E-05,32.076,0,2.1384,-6.848249E-05,32.076,0
2.1393,1.678492E-06,32.0895,0,2.1393,-3.390555E-05,32.0895,0
2.1402,-6.378271E-06,32.103,0,2.1402,-1.947051E-05,32.103,0
2.1411,-9.063859E-06,32.1165,0,2.1411,-5.404745E-05,32.1165,0
2.142,6.713969E-07,32.13,0,2.142,-1.074235E-05,32.13,0
2.1429,2.450599E-05,32.1435,0,2.1429,-3.692683E-06,32.1435,0
2.1438,2.987716E-05,32.157,0,2.1438,-4.129091E-05,32.157,0
2.1447,-4.49836E-05,32.1705,0,2.1447,-3.692683E-06,32.1705,0
2.1456,-5.203327E-05,32.184,0,2.1456,-1.007095E-06,32.184,0
2.1465,-3.793393E-05,32.1975,0,2.1465,-1.913481E-05,32.1975,0
2.1474,-3.289845E-05,32.211,0,2.1474,-3.558404E-05,32.211,0
2.1483,-1.107805E-05,32.2245,0,2.1483,-4.33051E-05,32.2245,0
2.1492,3.591974E-05,32.238,0,2.1492,-1.913481E-05,32.238,0
2.1501,9.970245E-05,32.2515,0,2.1501,-1.544213E-05,32.2515,0
2.151,4.934768E-05,32.265,0,2.151,-2.920577E-05,32.265,0
2.1519,3.457694E-05,32.2785,0,2.1519,-4.33051E-05,32.2785,0
2.1528,3.155566E-05,32.292,0,2.1528,-9.063859E-06,32.292,0
2.1537,-2.819867E-05,32.3055,0,2.1537,-9.735256E-06,32.3055,0
2.1546,-9.735256E-06,32.319,0,2.1546,-3.390555E-05,32.319,0
2.1555,-6.378271E-06,32.3325,0,2.1555,-1.174945E-05,32.3325,0
2.1564,-2.752728E-05,32.346,0,2.1564,6.713969E-06,32.346,0
2.1573,-1.309224E-05,32.3595,0,2.1573,-1.544213E-05,32.3595,0
2.1582,2.349889E-06,32.373,0,2.1582,-3.692683E-06,32.373,0
2.1591,-1.376364E-05,32.3865,0,2.1591,3.692683E-06,32.3865,0
2.16,-1.510643E-05,32.4,0,2.16,-4.36408E-06,32.4,0
2.1609,4.028382E-06,32.4135,0,2.1609,-5.035477E-06,32.4135,0
2.1618,1.309224E-05,32.427,0,2.1618,-3.726253E-05,32.427,0
2.1627,-2.618448E-05,32.4405,0,2.1627,-3.189136E-05,32.4405,0
2.1636,-3.121996E-05,32.454,0,2.1636,-3.088426E-05,32.454,0
2.1645,-2.24918E-05,32.4675,0,2.1645,-5.706874E-05,32.4675,0
2.1654,-4.061952E-05,32.481,0,2.1654,-4.934768E-05,32.481,0
2.1663,-3.726253E-05,32.4945,0,2.1663,5.035477E-06,32.4945,0
2.1672,-3.692683E-06,32.508,0,2.1672,-9.735256E-06,32.508,0
2.1681,7.049668E-06,32.5215,0,2.1681,-5.001907E-05,32.5215,0
2.169,-2.18204E-05,32.535,0,2.169,-3.021286E-06,32.535,0
2.1699,1.913481E-05,32.5485,0,2.1699,-6.713969E-07,32.5485,0
2.1708,3.726253E-05,32.562,0,2.1708,-3.021286E-05,32.562,0
2.1717,-3.256275E-05,32.5755,0,2.1717,-2.685588E-06,32.5755,0
2.1726,-2.887007E-05,32.589,0,2.1726,1.779202E-05,32.589,0
2.1735,-3.961242E-05,32.6025,0,2.1735,-1.208515E-05,32.6025,0
2.1744,-2.987716E-05,32.616,0,2.1744,-1.107805E-05,32.616,0
2.1753,2.383459E-05,32.6295,0,2.1753,-1.913481E-05,32.6295,0
2.1762,-8.392462E-06,32.643,0,2.1762,-2.652018E-05,32.643,0
2.1771,-1.980621E-05,32.6565,0,2.1771,-4.36408E-06,32.6565,0
2.178,1.678492E-06,32.67,0,2.178,-1.678492E-05,32.67,0
2.1789,-1.242084E-05,32.6835,0,2.1789,-3.591974E-05,32.6835,0
2.1798,-4.129091E-05,32.697,0,2.1798,-5.706874E-06,32.697,0
2.1807,-2.719158E-05,32.7105,0,2.1807,-2.349889E-06,32.7105,0
2.1816,-9.063859E-06,32.724,0,2.1816,-4.061952E-05,32.724,0
2.1825,-1.309224E-05,32.7375,0,2.1825,9.735256E-06,32.7375,0
2.1834,2.819867E-05,32.751,0,2.1834,-6.042573E-06,32.751,0
2.1843,4.766919E-05,32.7645,0,2.1843,-5.807584E-05,32.7645,0
2.1852,1.174945E-05,32.778,0,2.1852,-4.36408E-05,32.778,0
2.1861,-1.712062E-05,32.7915,0,2.1861,-3.692683E-06,32.7915,0
2.187,-7.721065E-06,32.805,0,2.187,-5.035477E-06,32.805,0
2.1879,2.24918E-05,32.8185,0,2.1879,-8.392462E-06,32.8185,0
2.1888,1.779202E-05,32.832,0,2.1888,-4.800488E-05,32.832,0
2.1897,-2.383459E-05,32.8455,0,2.1897,-5.035477E-05,32.8455,0
2.1906,-3.591974E-05,32.859,0,2.1906,-4.263371E-05,32.859,0
2.1915,2.719158E-05,32.8725,0,2.1915,-7.049668E-06,32.8725,0
2.1924,2.517739E-05,32.886,0,2.1924,-3.189136E-05,32.886,0
2.1933,-1.879912E-05,32.8995,0,2.1933,-2.484169E-05,32.8995,0
2.1942,-4.028382E-06,32.913,0,2.1942,-2.316319E-05,32.913,0
2.1951,2.584878E-05,32.9265,0,2.1951,-2.484169E-05,32.9265,0
2.196,-3.356985E-07,32.94,0,2.196,4.129091E-05,32.94,0
2.1969,-2.1149E-05,32.9535,0,2.1969,6.51255E-05,32.9535,0
2.1978,-3.826963E-05,32.967,0,2.1978,-2.517739E-05,32.967,0
2.1987,-5.706874E-05,32.9805,0,2.1987,-3.390555E-05,32.9805,0
2.1996,-4.599069E-05,32.994,0,2.1996,1.309224E-05,32.994,0
2.2005,-4.800488E-05,33.0075,0,2.2005,-9.063859E-06,33.0075,0
2.2014,-3.356985E-05,33.021,0,2.2014,-1.275654E-05,33.021,0
2.2023,-2.853437E-05,33.0345,0,2.2023,-3.189136E-05,33.0345,0
2.2032,-1.712062E-05,33.048,0,2.2032,-1.846342E-05,33.048,0
2.2041,-2.584878E-05,33.0615,0,2.2041,-4.36408E-06,33.0615,0
2.205,-1.275654E-05,33.075,0,2.205,-1.107805E-05,33.075,0
2.2059,-9.063859E-06,33.0885,0,2.2059,-3.121996E-05,33.0885,0
2.2068,-7.385367E-06,33.102,0,2.2068,2.685588E-06,33.102,0
2.2077,-1.678492E-06,33.1155,0,2.2077,-1.107805E-05,33.1155,0
2.2086,1.007095E-05,33.129,0,2.2086,-5.069047E-05,33.129,0
2.2095,-2.618448E-05,33.1425,0,2.2095,-1.577783E-05,33.1425,0
2.2104,-3.524834E-05,33.156,0,2.2104,0,33.156,0
2.2113,-2.719158E-05,33.1695,0,2.2113,-2.853437E-05,33.1695,0
2.2122,-1.443504E-05,33.183,0,2.2122,-4.162661E-05,33.183,0
2.2131,7.721065E-06,33.1965,0,2.2131,5.035477E-06,33.1965,0
2.214,6.344701E-05,33.21,0,2.214,3.121996E-05,33.21,0
2.2149,2.920577E-05,33.2235,0,2.2149,-1.342794E-05,33.2235,0
2.2158,4.733349E-05,33.237,0,2.2158,-7.586786E-05,33.237,0
2.2167,9.365987E-05,33.2505,0,2.2167,-4.666209E-05,33.2505,0
2.2176,1.644922E-05,33.264,0,2.2176,-1.644922E-05,33.264,0
2.2185,-2.349889E-06,33.2775,0,2.2185,-2.719158E-05,33.2775,0
2.2194,-1.644922E-05,33.291,0,2.2194,-4.834058E-05,33.291,0
2.2203,8.392462E-06,33.3045,0,2.2203,7.049668E-06,33.3045,0
2.2212,-3.356985E-07,33.318,0,2.2212,-8.392462E-06,33.318,0
2.2221,-1.644922E-05,33.3315,0,2.2221,-8.426032E-05,33.3315,0
2.223,-3.256275E-05,33.345,0,2.223,-3.860533E-05,33.345,0
2.2239,-2.450599E-05,33.3585,0,2.2239,8.392462E-06,33.3585,0
2.2248,5.035477E-06,33.372,0,2.2248,-3.591974E-05,33.372,0
2.2257,-8.392462E-06,33.3855,0,2.2257,-1.242084E-05,33.3855,0
2.2266,-2.786297E-05,33.399,0,2.2266,7.049668E-06,33.399,0
2.2275,9.063859E-06,33.4125,0,2.2275,-1.309224E-05,33.4125,0
2.2284,2.652018E-05,33.426,0,2.2284,-1.712062E-05,33.426,0
2.2293,7.049668E-06,33.4395,0,2.2293,-4.229801E-05,33.4395,0
2.2302,1.007095E-06,33.453,0,2.2302,-2.450599E-05,33.453,0
2.2311,-3.256275E-05,33.4665,0,2.2311,1.342794E-06,33.4665,0
2.232,-3.390555E-05,33.48,0,2.232,-2.047761E-05,33.48,0
2.2329,-2.383459E-05,33.4935,0,2.2329,-2.584878E-05,33.4935,0
2.2338,-5.539025E-05,33.507,0,2.2338,-1.678492E-06,33.507,0
2.2347,-2.652018E-05,33.5205,0,2.2347,-1.510643E-05,33.5205,0
2.2356,-1.007095E-06,33.534,0,2.2356,-4.834058E-05,33.534,0
2.2365,2.450599E-05,33.5475,0,2.2365,-1.812772E-05,33.5475,0
2.2374,4.061952E-05,33.561,0,2.2374,-1.712062E-05,33.561,0
2.2383,1.644922E-05,33.5745,0,2.2383,-3.625543E-05,33.5745,0
2.2392,1.007095E-06,33.588,0,2.2392,-2.1149E-05,33.588,0
2.2401,-8.392462E-06,33.6015,0,2.2401,3.356985E-06,33.6015,0
2.241,-3.860533E-05,33.615,0,2.241,-5.706874E-06,33.615,0
2.2419,-2.752728E-05,33.6285,0,2.2419,-1.879912E-05,33.6285,0
2.2428,8.392462E-06,33.642,0,2.2428,-3.558404E-05,33.642,0
2.2437,-5.035477E-06,33.6555,0,2.2437,-2.18204E-05,33.6555,0
2.2446,-2.047761E-05,33.669,0,2.2446,-1.309224E-05,33.669,0
2.2455,-1.947051E-05,33.6825,0,2.2455,-4.263371E-05,33.6825,0
2.2464,-1.376364E-05,33.696,0,2.2464,-5.941863E-05,33.696,0
2.2473,-2.450599E-05,33.7095,0,2.2473,-1.376364E-05,33.7095,0
2.2482,-3.591974E-05,33.723,0,2.2482,-2.24918E-05,33.723,0
2.2491,-8.392462E-06,33.7365,0,2.2491,-4.867628E-05,33.7365,0
2.25,-2.18204E-05,33.75,0,2.25,-1.879912E-05,33.75,0
2.2509,-1.913481E-05,33.7635,0,2.2509,-1.644922E-05,33.7635,0
2.2518,-6.378271E-06,33.777,0,2.2518,-4.934768E-05,33.777,0
2.2527,9.063859E-06,33.7905,0,2.2527,-1.678492E-05,33.7905,0
2.2536,3.692683E-06,33.804,0,2.2536,1.275654E-05,33.804,0
2.2545,4.36408E-06,33.8175,0,2.2545,1.577783E-05,33.8175,0
2.2554,-3.356985E-06,33.831,0,2.2554,-4.028382E-06,33.831,0
2.2563,-9.735256E-06,33.8445,0,2.2563,-3.256275E-05,33.8445,0
2.2572,1.577783E-05,33.858,0,2.2572,3.356985E-07,33.858,0
2.2581,1.947051E-05,33.8715,0,2.2581,1.678492E-05,33.8715,0
2.259,2.316319E-05,33.885,0,2.259,1.007095E-06,33.885,0
2.2599,1.275654E-05,33.8985,0,2.2599,-2.18204E-05,33.8985,0
2.2608,5.706874E-06,33.912,0,2.2608,3.021286E-06,33.912,0
2.2617,-7.721065E-06,33.9255,0,2.2617,-6.713969E-06,33.9255,0
2.2626,-2.719158E-05,33.939,0,2.2626,-5.001907E-05,33.939,0
2.2635,-1.678492E-06,33.9525,0,2.2635,-1.107805E-05,33.9525,0
2.2644,-2.18204E-05,33.966,0,2.2644,-1.342794E-05,33.966,0
2.2653,-1.812772E-05,33.9795,0,2.2653,-3.121996E-05,33.9795,0
2.2662,-5.706874E-06,33.993,0,2.2662,-1.644922E-05,33.993,0
2.2671,1.007095E-05,34.0065,0,2.2671,1.812772E-05,34.0065,0
2.268,3.356985E-07,34.02,0,2.268,4.263371E-05,34.02,0
2.2689,1.980621E-05,34.0335,0,2.2689,5.136187E-05,34.0335,0
2.2698,2.920577E-05,34.047,0,2.2698,-3.323415E-05,34.047,0
2.2707,-2.450599E-05,34.0605,0,2.2707,-5.069047E-05,34.0605,0
2.2716,-6.51255E-05,34.074,0,2.2716,-4.36408E-05,34.074,0
2.2725,-3.121996E-05,34.0875,0,2.2725,-6.411841E-05,34.0875,0
2.2734,-2.584878E-05,34.101,0,2.2734,-6.74754E-05,34.101,0
2.2743,-4.39765E-05,34.1145,0,2.2743,-4.599069E-05,34.1145,0
2.2752,-3.826963E-05,34.128,0,2.2752,-4.733349E-05,34.128,0
2.2761,-1.309224E-05,34.1415,0,2.2761,-5.471885E-05,34.1415,0
2.277,-1.443504E-05,34.155,0,2.277,-7.385367E-06,34.155,0
2.2779,-2.584878E-05,34.1685,0,2.2779,9.399558E-06,34.1685,0
2.2788,-2.349889E-06,34.182,0,2.2788,-1.980621E-05,34.182,0
2.2797,1.947051E-05,34.1955,0,2.2797,-1.275654E-05,34.1955,0
2.2806,3.558404E-05,34.209,0,2.2806,3.289845E-05,34.209,0
2.2815,-3.356985E-07,34.2225,0,2.2815,-3.356985E-07,34.2225,0
2.2824,1.007095E-06,34.236,0,2.2824,-1.644922E-05,34.236,0
2.2833,2.920577E-05,34.2495,0,2.2833,-2.450599E-05,34.2495,0
2.2842,2.18204E-05,34.263,0,2.2842,1.678492E-06,34.263,0
2.2851,-4.49836E-05,34.2765,0,2.2851,1.443504E-05,34.2765,0
2.286,-5.035477E-05,34.29,0,2.286,-1.141375E-05,34.29,0
2.2869,-3.390555E-05,34.3035,0,2.2869,-3.927672E-05,34.3035,0
2.2878,-4.934768E-05,34.317,0,2.2878,-2.719158E-05,34.317,0
2.2887,-4.599069E-05,34.3305,0,2.2887,-7.452507E-05,34.3305,0
2.2896,-5.706874E-06,34.344,0,2.2896,-0.0001164874,34.344,0
2.2905,1.644922E-05,34.3575,0,2.2905,-3.591974E-05,34.3575,0
2.2914,4.46479E-05,34.371,0,2.2914,-2.383459E-05,34.371,0
2.2923,6.54612E-05,34.3845,0,2.2923,-9.735256E-06,34.3845,0
2.2932,7.049668E-06,34.398,0,2.2932,4.36408E-05,34.398,0
2.2941,-2.047761E-05,34.4115,0,2.2941,2.719158E-05,34.4115,0
2.295,2.349889E-06,34.425,0,2.295,1.342794E-06,34.425,0
2.2959,-1.376364E-05,34.4385,0,2.2959,-1.107805E-05,34.4385,0
2.2968,-2.752728E-05,34.452,0,2.2968,-2.819867E-05,34.452,0
2.2977,3.692683E-06,34.4655,0,2.2977,-3.021286E-06,34.4655,0
2.2986,2.450599E-05,34.479,0,2.2986,-1.007095E-06,34.479,0
2.2995,2.551309E-05,34.4925,0,2.2995,-3.424125E-05,34.4925,0
2.3004,5.706874E-06,34.506,0,2.3004,-3.256275E-05,34.506,0
2.3013,-6.378271E-06,34.5195,0,2.3013,3.692683E-06,34.5195,0
2.3022,1.846342E-05,34.533,0,2.3022,-1.107805E-05,34.533,0
2.3031,4.028382E-06,34.5465,0,2.3031,-5.471885E-05,34.5465,0
2.304,-1.242084E-05,34.56,0,2.304,-1.443504E-05,34.56,0
2.3049,-3.826963E-05,34.5735,0,2.3049,-1.443504E-05,34.5735,0
2.3058,-2.316319E-05,34.587,0,2.3058,-6.74754E-05,34.587,0
2.3067,1.376364E-05,34.6005,0,2.3067,-5.404745E-05,34.6005,0
2.3076,-1.443504E-05,34.614,0,2.3076,-2.349889E-06,34.614,0
2.3085,-6.042573E-06,34.6275,0,2.3085,-9.735256E-06,34.6275,0
2.3094,1.040665E-05,34.641,0,2.3094,-1.409934E-05,34.641,0
2.3103,-1.913481E-05,34.6545,0,2.3103,-2.047761E-05,34.6545,0
2.3112,-6.277562E-05,34.668,0,2.3112,2.014191E-06,34.668,0
2.3121,-3.356985E-05,34.6815,0,2.3121,1.309224E-05,34.6815,0
2.313,2.014191E-06,34.695,0,2.313,-1.577783E-05,34.695,0
2.3139,-2.517739E-05,34.7085,0,2.3139,-4.800488E-05,34.7085,0
2.3148,-5.975433E-05,34.722,0,2.3148,-1.309224E-05,34.722,0
2.3157,-8.392462E-06,34.7355,0,2.3157,-1.275654E-05,34.7355,0
2.3166,1.846342E-05,34.749,0,2.3166,-3.659113E-05,34.749,0
2.3175,-9.735256E-06,34.7625,0,2.3175,-1.409934E-05,34.7625,0
2.3184,1.007095E-06,34.776,0,2.3184,7.385367E-06,34.776,0
2.3193,6.042573E-06,34.7895,0,2.3193,-2.18204E-05,34.7895,0
2.3202,-1.409934E-05,34.803,0,2.3202,-4.028382E-05,34.803,0
2.3211,-3.021286E-05,34.8165,0,2.3211,-5.035477E-06,34.8165,0
2.322,-4.028382E-06,34.83,0,2.322,-1.141375E-05,34.83,0
2.3229,-1.242084E-05,34.8435,0,2.3229,-2.316319E-05,34.8435,0
2.3238,-2.786297E-05,34.857,0,2.3238,-4.129091E-05,34.857,0
2.3247,-3.189136E-05,34.8705,0,2.3247,-1.107805E-05,34.8705,0
2.3256,-5.136187E-05,34.884,0,2.3256,6.713969E-07,34.884,0
2.3265,-3.390555E-05,34.8975,0,2.3265,-1.846342E-05,34.8975,0
2.3274,3.692683E-06,34.911,0,2.3274,-3.491264E-05,34.911,0
2.3283,-2.584878E-05,34.9245,0,2.3283,3.692683E-06,34.9245,0
2.3292,-4.36408E-06,34.938,0,2.3292,-3.021286E-06,34.938,0
2.3301,5.304036E-05,34.9515,0,2.3301,-3.793393E-05,34.9515,0
2.331,2.719158E-05,34.965,0,2.331,-7.049668E-06,34.965,0
2.3319,-5.035477E-06,34.9785,0,2.3319,-3.356985E-07,34.9785,0
2.3328,2.316319E-05,34.992,0,2.3328,-3.457694E-05,34.992,0
2.3337,4.263371E-05,35.0055,0,2.3337,-2.349889E-05,35.0055,0
2.3346,3.323415E-05,35.019,0,2.3346,-2.349889E-06,35.019,0
2.3355,2.1149E-05,35.0325,0,2.3355,-9.735256E-06,35.0325,0
2.3364,3.256275E-05,35.046,0,2.3364,2.014191E-06,35.046,0
2.3373,3.591974E-05,35.0595,0,2.3373,-3.793393E-05,35.0595,0
2.3382,1.745632E-05,35.073,0,2.3382,-2.14847E-05,35.073,0
2.3391,-6.378271E-06,35.0865,0,2.3391,-2.014191E-06,35.0865,0
2.34,-2.383459E-05,35.1,0,2.34,-2.652018E-05,35.1,0
2.3409,-3.625543E-05,35.1135,0,2.3409,-3.692683E-05,35.1135,0
2.3418,-3.323415E-05,35.127,0,2.3418,-1.779202E-05,35.127,0
2.3427,-9.063859E-06,35.1405,0,2.3427,-4.129091E-05,35.1405,0
2.3436,5.035477E-06,35.154,0,2.3436,-7.620356E-05,35.154,0
2.3445,3.356985E-06,35.1675,0,2.3445,-3.088426E-05,35.1675,0
2.3454,2.349889E-06,35.181,0,2.3454,6.378271E-06,35.181,0
2.3463,-6.378271E-06,35.1945,0,2.3463,-2.887007E-05,35.1945,0
2.3472,-1.913481E-05,35.208,0,2.3472,-3.994812E-05,35.208,0
2.3481,-5.001907E-05,35.2215,0,2.3481,-8.392462E-06,35.2215,0
2.349,-3.021286E-05,35.235,0,2.349,-3.356985E-05,35.235,0
2.3499,-1.107805E-05,35.2485,0,2.3499,-1.947051E-05,35.2485,0
2.3508,-1.980621E-05,35.262,0,2.3508,6.713969E-07,35.262,0
2.3517,3.021286E-06,35.2755,0,2.3517,2.014191E-06,35.2755,0
2.3526,2.517739E-05,35.289,0,2.3526,8.728161E-06,35.289,0
2.3535,2.316319E-05,35.3025,0,2.3535,-2.987716E-05,35.3025,0
2.3544,9.399558E-06,35.316,0,2.3544,-2.450599E-05,35.316,0
2.3553,-2.517739E-05,35.3295,0,2.3553,1.577783E-05,35.3295,0
2.3562,-5.035477E-06,35.343,0,2.3562,-7.385367E-06,35.343,0
2.3571,9.063859E-06,35.3565,0,2.3571,-5.337606E-05,35.3565,0
2.358,-3.054856E-05,35.37,0,2.358,-8.056763E-06,35.37,0
2.3589,-4.29694E-05,35.3835,0,2.3589,0,35.3835,0
2.3598,-4.028382E-05,35.397,0,2.3598,-4.33051E-05,35.397,0
2.3607,-2.24918E-05,35.4105,0,2.3607,-4.46479E-05,35.4105,0
2.3616,-7.049668E-06,35.424,0,2.3616,-1.980621E-05,35.424,0
2.3625,2.786297E-05,35.4375,0,2.3625,-3.524834E-05,35.4375,0
2.3634,-1.779202E-05,35.451,0,2.3634,-5.169757E-05,35.451,0
2.3643,-3.826963E-05,35.4645,0,2.3643,-7.318227E-05,35.4645,0
2.3652,-6.042573E-06,35.478,0,2.3652,-3.793393E-05,35.478,0
2.3661,-5.941863E-05,35.4915,0,2.3661,1.980621E-05,35.4915,0
2.367,-1.376364E-05,35.505,0,2.367,2.786297E-05,35.505,0
2.3679,3.860533E-05,35.5185,0,2.3679,-1.712062E-05,35.5185,0
2.3688,0,35.532,0,2.3688,1.678492E-06,35.532,0
2.3697,-1.913481E-05,35.5455,0,2.3697,1.174945E-05,35.5455,0
2.3706,5.035477E-06,35.559,0,2.3706,-2.316319E-05,35.559,0
2.3715,-3.021286E-06,35.5725,0,2.3715,2.316319E-05,35.5725,0
2.3724,-1.208515E-05,35.586,0,2.3724,2.484169E-05,35.586,0
2.3733,-1.644922E-05,35.5995,0,2.3733,-3.927672E-05,35.5995,0
2.3742,3.054856E-05,35.613,0,2.3742,-7.486076E-05,35.613,0
2.3751,4.028382E-06,35.6265,0,2.3751,-2.450599E-05,35.6265,0
2.376,-2.887007E-05,35.64,0,2.376,2.349889E-06,35.64,0
2.3769,-4.028382E-05,35.6535,0,2.3769,-8.392462E-06,35.6535,0
2.3778,-3.189136E-05,35.667,0,2.3778,-3.894102E-05,35.667,0
2.3787,-2.719158E-05,35.6805,0,2.3787,-1.141375E-05,35.6805,0
2.3796,-1.846342E-05,35.694,0,2.3796,3.961242E-05,35.694,0
2.3805,3.356985E-06,35.7075,0,2.3805,-2.786297E-05,35.7075,0
2.3814,6.311131E-05,35.721,0,2.3814,-5.471885E-05,35.721,0
2.3823,2.853437E-05,35.7345,0,2.3823,-8.728161E-06,35.7345,0
2.3832,-1.309224E-05,35.748,0,2.3832,-1.376364E-05,35.748,0
2.3841,1.040665E-05,35.7615,0,2.3841,-4.800488E-05,35.7615,0
2.385,-4.36408E-06,35.775,0,2.385,-3.256275E-05,35.775,0
2.3859,1.107805E-05,35.7885,0,2.3859,-3.088426E-05,35.7885,0
2.3868,2.685588E-05,35.802,0,2.3868,-4.196231E-05,35.802,0
2.3877,-2.584878E-05,35.8155,0,2.3877,-4.699779E-06,35.8155,0
2.3886,-3.121996E-05,35.829,0,2.3886,3.155566E-05,35.829,0
2.3895,-2.18204E-05,35.8425,0,2.3895,-3.054856E-05,35.8425,0
2.3904,3.356985E-06,35.856,0,2.3904,-1.510643E-05,35.856,0
2.3913,-1.678492E-06,35.8695,0,2.3913,-2.383459E-05,35.8695,0
2.3922,-2.719158E-05,35.883,0,2.3922,-1.443504E-05,35.883,0
2.3931,-3.894102E-05,35.8965,0,2.3931,9.399558E-06,35.8965,0
2.394,-3.390555E-05,35.91,0,2.394,-9.399558E-06,35.91,0
2.3949,1.342794E-06,35.9235,0,2.3949,-3.189136E-05,35.9235,0
2.3958,-1.275654E-05,35.937,0,2.3958,5.035477E-06,35.937,0
2.3967,1.577783E-05,35.9505,0,2.3967,-6.378271E-06,35.9505,0
2.3976,4.129091E-05,35.964,0,2.3976,-6.54612E-05,35.964,0
2.3985,5.706874E-06,35.9775,0,2.3985,-2.014191E-05,35.9775,0
2.3994,3.189136E-05,35.991,0,2.3994,0,35.991,0
2.4003,4.061952E-05,36.0045,0,2.4003,-3.524834E-05,36.0045,0
2.4012,-2.349889E-05,36.018,0,2.4012,-2.1149E-05,36.018,0
2.4021,-3.457694E-05,36.0315,0,2.4021,6.042573E-06,36.0315,0
2.403,-2.719158E-05,36.045,0,2.403,7.721065E-06,36.045,0
2.4039,-4.968337E-05,36.0585,0,2.4039,-1.107805E-05,36.0585,0
2.4048,-5.471885E-05,36.072,0,2.4048,-4.800488E-05,36.072,0
2.4057,-2.584878E-05,36.0855,0,2.4057,-2.316319E-05,36.0855,0
2.4066,-2.752728E-05,36.099,0,2.4066,-1.309224E-05,36.099,0
2.4075,2.24918E-05,36.1125,0,2.4075,-1.342794E-05,36.1125,0
2.4084,5.774014E-05,36.126,0,2.4084,-3.558404E-05,36.126,0
2.4093,5.035477E-06,36.1395,0,2.4093,-1.812772E-05,36.1395,0
2.4102,-4.867628E-05,36.153,0,2.4102,-3.491264E-05,36.153,0
2.4111,6.713969E-06,36.1665,0,2.4111,-4.599069E-05,36.1665,0
2.412,1.174945E-05,36.18,0,2.412,2.349889E-06,36.18,0
2.4129,-9.735256E-06,36.1935,0,2.4129,8.056763E-06,36.1935,0
2.4138,2.316319E-05,36.207,0,2.4138,-2.014191E-05,36.207,0
2.4147,6.042573E-06,36.2205,0,2.4147,-1.443504E-05,36.2205,0
2.4156,-1.577783E-05,36.234,0,2.4156,3.692683E-06,36.234,0
2.4165,-7.385367E-06,36.2475,0,2.4165,-9.735256E-06,36.2475,0
2.4174,5.706874E-06,36.261,0,2.4174,-1.577783E-05,36.261,0
2.4183,-2.081331E-05,36.2745,0,2.4183,-3.021286E-05,36.2745,0
2.4192,3.356985E-07,36.288,0,2.4192,-2.1149E-05,36.288,0
2.4201,-1.275654E-05,36.3015,0,2.4201,2.014191E-06,36.3015,0
2.421,-2.584878E-05,36.315,0,2.421,-3.390555E-05,36.315,0
2.4219,-6.378271E-06,36.3285,0,2.4219,-3.424125E-05,36.3285,0
2.4228,-2.316319E-05,36.342,0,2.4228,7.385367E-06,36.342,0
2.4237,1.275654E-05,36.3555,0,2.4237,-6.713969E-07,36.3555,0
2.4246,2.24918E-05,36.369,0,2.4246,-4.733349E-05,36.369,0
2.4255,1.712062E-05,36.3825,0,2.4255,-2.987716E-05,36.3825,0
2.4264,1.846342E-05,36.396,0,2.4264,-1.712062E-05,36.396,0
2.4273,-1.309224E-05,36.4095,0,2.4273,-4.599069E-05,36.4095,0
2.4282,2.1149E-05,36.423,0,2.4282,-5.069047E-05,36.423,0
2.4291,-7.049668E-06,36.4365,0,2.4291,-1.779202E-05,36.4365,0
2.43,-3.021286E-05,36.45,0,2.43,-8.392462E-06,36.45,0
2.4309,-1.510643E-05,36.4635,0,2.4309,-1.309224E-05,36.4635,0
2.4318,-5.807584E-05,36.477,0,2.4318,-4.867628E-05,36.477,0
2.4327,-4.867628E-05,36.4905,0,2.4327,-3.659113E-05,36.4905,0
2.4336,-4.095522E-05,36.504,0,2.4336,-1.107805E-05,36.504,0
2.4345,-3.457694E-05,36.5175,0,2.4345,-2.719158E-05,36.5175,0
2.4354,-2.014191E-06,36.531,0,2.4354,-3.155566E-05,36.531,0
2.4363,3.356985E-07,36.5445,0,2.4363,1.275654E-05,36.5445,0
2.4372,1.577783E-05,36.558,0,2.4372,2.349889E-06,36.558,0
2.4381,1.409934E-05,36.5715,0,2.4381,-3.121996E-05,36.5715,0
2.439,1.577783E-05,36.585,0,2.439,3.457694E-05,36.585,0
2.4399,1.443504E-05,36.5985,0,2.4399,2.349889E-06,36.5985,0
2.4408,1.040665E-05,36.612,0,2.4408,-4.867628E-05,36.612,0
2.4417,-1.242084E-05,36.6255,0,2.4417,-4.196231E-05,36.6255,0
2.4426,-1.376364E-05,36.639,0,2.4426,-2.987716E-05,36.639,0
2.4435,-1.678492E-05,36.6525,0,2.4435,-3.256275E-05,36.6525,0
2.4444,-1.779202E-05,36.666,0,2.4444,-1.376364E-05,36.666,0
2.4453,-2.081331E-05,36.6795,0,2.4453,-3.390555E-05,36.6795,0
2.4462,-2.1149E-05,36.693,0,2.4462,-8.392462E-06,36.693,0
2.4471,-5.203327E-05,36.7065,0,2.4471,6.378271E-06,36.7065,0
2.448,-4.196231E-05,36.72,0,2.448,-1.309224E-05,36.72,0
2.4489,1.242084E-05,36.7335,0,2.4489,-2.584878E-05,36.7335,0
2.4498,-6.713969E-07,36.747,0,2.4498,3.692683E-06,36.747,0
2.4507,-1.040665E-05,36.7605,0,2.4507,-1.644922E-05,36.7605,0
2.4516,1.846342E-05,36.774,0,2.4516,-6.848249E-05,36.774,0
2.4525,-9.735256E-06,36.7875,0,2.4525,-4.766919E-05,36.7875,0
2.4534,3.356985E-06,36.801,0,2.4534,-2.786297E-05,36.801,0
2.4543,2.014191E-05,36.8145,0,2.4543,-4.800488E-05,36.8145,0
2.4552,-3.390555E-05,36.828,0,2.4552,-2.21561E-05,36.828,0
2.4561,-4.162661E-05,36.8415,0,2.4561,3.457694E-05,36.8415,0
2.457,-2.920577E-05,36.855,0,2.457,2.517739E-05,36.855,0
2.4579,-2.987716E-05,36.8685,0,2.4579,-1.477073E-05,36.8685,0
2.4588,2.24918E-05,36.882,0,2.4588,-3.524834E-05,36.882,0
2.4597,5.203327E-05,36.8955,0,2.4597,1.007095E-06,36.8955,0
2.4606,-2.450599E-05,36.909,0,2.4606,-3.256275E-05,36.909,0
2.4615,-1.779202E-05,36.9225,0,2.4615,-7.385367E-05,36.9225,0
2.4624,3.021286E-06,36.936,0,2.4624,-5.270466E-05,36.936,0
2.4633,-9.735256E-06,36.9495,0,2.4633,-1.040665E-05,36.9495,0
2.4642,-3.356985E-07,36.963,0,2.4642,-2.853437E-05,36.963,0
2.4651,-9.735256E-06,36.9765,0,2.4651,-4.666209E-05,36.9765,0
2.466,-1.644922E-05,36.99,0,2.466,-1.510643E-05,36.99,0
2.4669,-8.392462E-06,37.0035,0,2.4669,1.712062E-05,37.0035,0
2.4678,-8.392462E-06,37.017,0,2.4678,6.042573E-06,37.017,0
2.4687,-8.728161E-06,37.0305,0,2.4687,-6.713969E-07,37.0305,0
2.4696,-4.33051E-05,37.044,0,2.4696,2.014191E-06,37.044,0
2.4705,-1.174945E-05,37.0575,0,2.4705,-1.007095E-06,37.0575,0
2.4714,1.812772E-05,37.071,0,2.4714,1.678492E-06,37.071,0
2.4723,4.028382E-05,37.0845,0,2.4723,-2.316319E-05,37.0845,0
2.4732,5.001907E-05,37.098,0,2.4732,-1.779202E-05,37.098,0
2.4741,4.196231E-05,37.1115,0,2.4741,-1.107805E-05,37.1115,0
2.475,2.584878E-05,37.125,0,2.475,-1.980621E-05,37.125,0
2.4759,-1.947051E-05,37.1385,0,2.4759,-5.069047E-05,37.1385,0
2.4768,-2.24918E-05,37.152,0,2.4768,-1.376364E-05,37.152,0
2.4777,-1.644922E-05,37.1655,0,2.4777,-3.860533E-05,37.1655,0
2.4786,-3.356985E-07,37.179,0,2.4786,-8.325322E-05,37.179,0
2.4795,-5.035477E-06,37.1925,0,2.4795,-3.793393E-05,37.1925,0
2.4804,-1.510643E-05,37.206,0,2.4804,-1.208515E-05,37.206,0
2.4813,-1.107805E-05,37.2195,0,2.4813,-3.591974E-05,37.2195,0
2.4822,-2.853437E-05,37.233,0,2.4822,2.383459E-05,37.233,0
2.4831,-5.304036E-05,37.2465,0,2.4831,5.505455E-05,37.2465,0
2.484,-3.323415E-05,37.26,0,2.484,6.378271E-06,37.26,0
2.4849,-1.174945E-05,37.2735,0,2.4849,-1.107805E-05,37.2735,0
2.4858,-1.107805E-05,37.287,0,2.4858,-3.256275E-05,37.287,0
2.4867,2.819867E-05,37.3005,0,2.4867,-9.399558E-06,37.3005,0
2.4876,7.083238E-05,37.314,0,2.4876,9.063859E-06,37.314,0
2.4885,2.047761E-05,37.3275,0,2.4885,-1.846342E-05,37.3275,0
2.4894,2.1149E-05,37.341,0,2.4894,-2.719158E-05,37.341,0
2.4903,1.644922E-05,37.3545,0,2.4903,8.728161E-06,37.3545,0
2.4912,-1.644922E-05,37.368,0,2.4912,3.692683E-06,37.368,0
2.4921,-1.980621E-05,37.3815,0,2.4921,-3.659113E-05,37.3815,0
2.493,-3.860533E-05,37.395,0,2.493,-8.728161E-06,37.395,0
2.4939,-2.18204E-05,37.4085,0,2.4939,-1.141375E-05,37.4085,0
2.4948,1.208515E-05,37.422,0,2.4948,-4.263371E-05,37.422,0
2.4957,9.399558E-06,37.4355,0,2.4957,4.028382E-06,37.4355,0
2.4966,-2.920577E-05,37.449,0,2.4966,3.256275E-05,37.449,0
2.4975,-2.24918E-05,37.4625,0,2.4975,2.349889E-06,37.4625,0
2.4984,-2.18204E-05,37.476,0,2.4984,-2.14847E-05,37.476,0
2.4993,-1.510643E-05,37.4895,0,2.4993,-5.001907E-05,37.4895,0
2.5002,-3.121996E-05,37.503,0,2.5002,-3.524834E-05,37.503,0
2.5011,-4.129091E-05,37.5165,0,2.5011,-3.390555E-05,37.5165,0
2.502,-2.853437E-05,37.53,0,2.502,-8.627451E-05,37.53,0
2.5029,-3.155566E-05,37.5435,0,2.5029,-8.358892E-05,37.5435,0
2.5038,-4.666209E-05,37.557,0,2.5038,-1.040665E-05,37.557,0
2.5047,-2.920577E-05,37.5705,0,2.5047,-1.510643E-05,37.5705,0
2.5056,-4.36408E-06,37.584,0,2.5056,-6.143282E-05,37.584,0
2.5065,-4.061952E-05,37.5975,0,2.5065,-1.510643E-05,37.5975,0
2.5074,-1.007095E-06,37.611,0,2.5074,-1.174945E-05,37.611,0
2.5083,3.726253E-05,37.6245,0,2.5083,-4.061952E-05,37.6245,0
2.5092,4.867628E-05,37.638,0,2.5092,-2.618448E-05,37.638,0
2.5101,2.047761E-05,37.6515,0,2.5101,2.349889E-06,37.6515,0
2.511,1.174945E-05,37.665,0,2.511,-1.007095E-06,37.665,0
2.5119,-1.409934E-05,37.6785,0,2.5119,-8.392462E-06,37.6785,0
2.5128,-1.510643E-05,37.692,0,2.5128,-1.678492E-05,37.692,0
2.5137,7.721065E-06,37.7055,0,2.5137,2.349889E-06,37.7055,0
2.5146,-6.6804E-05,37.719,0,2.5146,3.692683E-06,37.719,0
2.5155,-6.74754E-05,37.7325,0,2.5155,-2.014191E-05,37.7325,0
2.5164,-2.014191E-06,37.746,0,2.5164,-3.323415E-05,37.746,0
2.5173,4.565499E-05,37.7595,0,2.5173,-2.853437E-05,37.7595,0
2.5182,2.1149E-05,37.773,0,2.5182,-1.510643E-05,37.773,0
2.5191,2.383459E-05,37.7865,0,2.5191,-4.196231E-05,37.7865,0
2.52,1.980621E-05,37.8,0,2.52,4.36408E-06,37.8,0
2.5209,2.316319E-05,37.8135,0,2.5209,-4.028382E-06,37.8135,0
2.5218,1.141375E-05,37.827,0,2.5218,-4.53193E-05,37.827,0
2.5227,2.014191E-06,37.8405,0,2.5227,-4.800488E-05,37.8405,0
2.5236,-4.061952E-05,37.854,0,2.5236,-5.001907E-05,37.854,0
2.5245,-3.121996E-05,37.8675,0,2.5245,-2.383459E-05,37.8675,0
2.5254,-2.081331E-05,37.881,0,2.5254,3.726253E-05,37.881,0
2.5263,-2.517739E-05,37.8945,0,2.5263,2.349889E-06,37.8945,0
2.5272,3.021286E-06,37.908,0,2.5272,5.035477E-06,37.908,0
2.5281,3.189136E-05,37.9215,0,2.5281,4.263371E-05,37.9215,0
2.529,4.934768E-05,37.935,0,2.529,-1.376364E-05,37.935,0
2.5299,4.129091E-05,37.9485,0,2.5299,-3.558404E-05,37.9485,0
2.5308,7.385367E-06,37.962,0,2.5308,3.021286E-06,37.962,0
2.5317,-2.21561E-05,37.9755,0,2.5317,-2.316319E-05,37.9755,0
2.5326,-2.987716E-05,37.989,0,2.5326,-6.277562E-05,37.989,0
2.5335,-4.666209E-05,38.0025,0,2.5335,-3.625543E-05,38.0025,0
2.5344,-4.599069E-05,38.016,0,2.5344,-2.18204E-05,38.016,0
2.5353,-3.054856E-05,38.0295,0,2.5353,-4.901198E-05,38.0295,0
2.5362,-3.692683E-06,38.043,0,2.5362,-3.256275E-05,38.043,0
2.5371,2.719158E-05,38.0565,0,2.5371,6.713969E-07,38.0565,0
2.538,2.853437E-05,38.07,0,2.538,-1.007095E-05,38.07,0
2.5389,-2.349889E-06,38.0835,0,2.5389,-2.18204E-05,38.0835,0
2.5398,-7.721065E-06,38.097,0,2.5398,-1.779202E-05,38.097,0
2.5407,-1.309224E-05,38.1105,0,2.5407,-7.721065E-06,38.1105,0
2.5416,-1.376364E-05,38.124,0,2.5416,-6.042573E-06,38.124,0
2.5425,-3.356985E-07,38.1375,0,2.5425,-2.316319E-05,38.1375,0
2.5434,-5.706874E-06,38.151,0,2.5434,-2.484169E-05,38.151,0
2.5443,-3.927672E-05,38.1645,0,2.5443,7.721065E-06,38.1645,0
2.5452,-4.36408E-06,38.178,0,2.5452,-1.678492E-06,38.178,0
2.5461,7.385367E-06,38.1915,0,2.5461,-3.558404E-05,38.1915,0
2.547,-2.316319E-05,38.205,0,2.547,5.035477E-06,38.205,0
2.5479,3.021286E-06,38.2185,0,2.5479,1.980621E-05,38.2185,0
2.5488,-2.014191E-06,38.232,0,2.5488,-2.047761E-05,38.232,0
2.5497,-6.277562E-05,38.2455,0,2.5497,-3.894102E-05,38.2455,0
2.5506,-4.934768E-05,38.259,0,2.5506,-1.107805E-05,38.259,0
2.5515,-8.392462E-06,38.2725,0,2.5515,-7.049668E-06,38.2725,0
2.5524,-1.678492E-06,38.286,0,2.5524,2.685588E-06,38.286,0
2.5533,-1.678492E-05,38.2995,0,2.5533,-3.289845E-05,38.2995,0
2.5542,1.846342E-05,38.313,0,2.5542,-5.706874E-06,38.313,0
2.5551,1.107805E-05,38.3265,0,2.5551,2.752728E-05,38.3265,0
2.556,-1.376364E-05,38.34,0,2.556,-1.409934E-05,38.34,0
2.5569,-1.107805E-05,38.3535,0,2.5569,-6.74754E-05,38.3535,0
2.5578,-3.155566E-05,38.367,0,2.5578,-2.517739E-05,38.367,0
2.5587,-2.719158E-05,38.3805,0,2.5587,-9.063859E-06,38.3805,0
2.5596,-1.007095E-05,38.394,0,2.5596,-4.666209E-05,38.394,0
2.5605,-3.659113E-05,38.4075,0,2.5605,-2.920577E-05,38.4075,0
2.5614,-1.242084E-05,38.421,0,2.5614,-2.383459E-05,38.421,0
2.5623,2.752728E-05,38.4345,0,2.5623,-5.673304E-05,38.4345,0
2.5632,5.606165E-05,38.448,0,2.5632,-2.719158E-05,38.448,0
2.5641,2.786297E-05,38.4615,0,2.5641,-1.510643E-05,38.4615,0
2.565,9.735256E-06,38.475,0,2.565,-3.726253E-05,38.475,0
2.5659,5.606165E-05,38.4885,0,2.5659,-1.544213E-05,38.4885,0
2.5668,4.733349E-05,38.502,0,2.5668,-7.721065E-06,38.502,0
2.5677,4.699779E-06,38.5155,0,2.5677,5.706874E-06,38.5155,0
2.5686,-6.54612E-05,38.529,0,2.5686,-9.735256E-06,38.529,0
2.5695,-5.035477E-05,38.5425,0,2.5695,-4.263371E-05,38.5425,0
2.5704,-1.510643E-05,38.556,0,2.5704,-2.349889E-05,38.556,0
2.5713,6.713969E-06,38.5695,0,2.5713,2.652018E-05,38.5695,0
2.5722,-7.049668E-06,38.583,0,2.5722,-7.721065E-06,38.583,0
2.5731,-2.551309E-05,38.5965,0,2.5731,-5.740444E-05,38.5965,0
2.574,-2.517739E-05,38.61,0,2.574,-2.316319E-05,38.61,0
2.5749,2.047761E-05,38.6235,0,2.5749,-1.577783E-05,38.6235,0
2.5758,2.349889E-06,38.637,0,2.5758,-6.076142E-05,38.637,0
2.5767,-3.524834E-05,38.6505,0,2.5767,-6.478981E-05,38.6505,0
2.5776,-2.786297E-05,38.664,0,2.5776,-4.129091E-05,38.664,0
2.5785,-1.544213E-05,38.6775,0,2.5785,-4.39765E-05,38.6775,0
2.5794,-3.021286E-05,38.691,0,2.5794,-4.599069E-05,38.691,0
2.5803,-1.779202E-05,38.7045,0,2.5803,-4.766919E-05,38.7045,0
2.5812,-1.544213E-05,38.718,0,2.5812,6.713969E-07,38.718,0
2.5821,-2.047761E-05,38.7315,0,2.5821,4.699779E-05,38.7315,0
2.583,-2.18204E-05,38.745,0,2.583,1.007095E-06,38.745,0
2.5839,4.699779E-06,38.7585,0,2.5839,-3.054856E-05,38.7585,0
2.5848,-4.028382E-06,38.772,0,2.5848,2.316319E-05,38.772,0
2.5857,-6.042573E-06,38.7855,0,2.5857,9.735256E-06,38.7855,0
2.5866,1.510643E-05,38.799,0,2.5866,-4.901198E-05,38.799,0
2.5875,-1.342794E-05,38.8125,0,2.5875,-8.728161E-06,38.8125,0
2.5884,-3.524834E-05,38.826,0,2.5884,-2.349889E-06,38.826,0
2.5893,-1.779202E-05,38.8395,0,2.5893,-5.102617E-05,38.8395,0
2.5902,-1.644922E-05,38.853,0,2.5902,-3.860533E-05,38.853,0
2.5911,-2.987716E-05,38.8665,0,2.5911,-7.721065E-06,38.8665,0
2.592,1.040665E-05,38.88,0,2.592,-4.36408E-06,38.88,0
2.5929,1.846342E-05,38.8935,0,2.5929,-2.18204E-05,38.8935,0
2.5938,1.510643E-05,38.907,0,2.5938,-3.591974E-05,38.907,0
2.5947,1.040665E-05,38.9205,0,2.5947,-7.385367E-06,38.9205,0
2.5956,-1.242084E-05,38.934,0,2.5956,2.014191E-06,38.934,0
2.5965,-2.752728E-05,38.9475,0,2.5965,-3.323415E-05,38.9475,0
2.5974,1.242084E-05,38.961,0,2.5974,-5.404745E-05,38.961,0
2.5983,3.356985E-07,38.9745,0,2.5983,-6.378271E-06,38.9745,0
2.5992,-3.692683E-06,38.988,0,2.5992,-3.692683E-06,38.988,0
2.6001,1.712062E-05,39.0015,0,2.6001,-3.121996E-05,39.0015,0
2.601,7.049668E-06,39.015,0,2.601,-9.735256E-06,39.015,0
2.6019,-3.021286E-06,39.0285,0,2.6019,7.721065E-06,39.0285,0
2.6028,-1.644922E-05,39.042,0,2.6028,-2.1149E-05,39.042,0
2.6037,5.706874E-06,39.0555,0,2.6037,-1.409934E-05,39.0555,0
2.6046,-1.577783E-05,39.069,0,2.6046,-1.242084E-05,39.069,0
2.6055,3.692683E-06,39.0825,0,2.6055,-2.014191E-06,39.0825,0
2.6064,1.409934E-05,39.096,0,2.6064,-1.678492E-06,39.096,0
2.6073,-1.107805E-05,39.1095,0,2.6073,-6.378271E-06,39.1095,0
2.6082,-1.242084E-05,39.123,0,2.6082,2.652018E-05,39.123,0
2.6091,-2.618448E-05,39.1365,0,2.6091,2.584878E-05,39.1365,0
2.61,-1.141375E-05,39.15,0,2.61,3.692683E-06,39.15,0
2.6109,4.36408E-06,39.1635,0,2.6109,-2.584878E-05,39.1635,0
2.6118,-3.659113E-05,39.177,0,2.6118,-1.040665E-05,39.177,0
2.6127,-1.812772E-05,39.1905,0,2.6127,-3.424125E-05,39.1905,0
2.6136,4.699779E-06,39.204,0,2.6136,-8.291753E-05,39.204,0
2.6145,-2.517739E-05,39.2175,0,2.6145,-2.618448E-05,39.2175,0
2.6154,9.735256E-06,39.231,0,2.6154,-1.141375E-05,39.231,0
2.6163,3.591974E-05,39.2445,0,2.6163,-4.061952E-05,39.2445,0
2.6172,-2.584878E-05,39.258,0,2.6172,-4.599069E-05,39.258,0
2.6181,-4.196231E-05,39.2715,0,2.6181,-1.712062E-05,39.2715,0
2.619,-1.577783E-05,39.285,0,2.619,-1.174945E-05,39.285,0
2.6199,-6.042573E-06,39.2985,0,2.6199,-3.826963E-05,39.2985,0
2.6208,2.853437E-05,39.312,0,2.6208,-4.934768E-05,39.312,0
2.6217,1.779202E-05,39.3255,0,2.6217,-1.745632E-05,39.3255,0
2.6226,1.510643E-05,39.339,0,2.6226,1.040665E-05,39.339,0
2.6235,1.040665E-05,39.3525,0,2.6235,-6.713969E-07,39.3525,0
2.6244,1.208515E-05,39.366,0,2.6244,-2.618448E-05,39.366,0
2.6253,-2.752728E-05,39.3795,0,2.6253,-9.063859E-06,39.3795,0
2.6262,-2.719158E-05,39.393,0,2.6262,-1.644922E-05,39.393,0
2.6271,-2.014191E-06,39.4065,0,2.6271,-5.572595E-05,39.4065,0
2.628,-1.678492E-06,39.42,0,2.628,-1.040665E-05,39.42,0
2.6289,2.349889E-06,39.4335,0,2.6289,3.021286E-06,39.4335,0
2.6298,-1.879912E-05,39.447,0,2.6298,-4.599069E-05,39.447,0
2.6307,-3.323415E-05,39.4605,0,2.6307,-8.392462E-06,39.4605,0
2.6316,-1.510643E-05,39.474,0,2.6316,2.786297E-05,39.474,0
2.6325,2.1149E-05,39.4875,0,2.6325,-2.014191E-06,39.4875,0
2.6334,1.007095E-05,39.501,0,2.6334,-1.644922E-05,39.501,0
2.6343,-2.584878E-05,39.5145,0,2.6343,-3.793393E-05,39.5145,0
2.6352,-1.443504E-05,39.528,0,2.6352,-3.894102E-05,39.528,0
2.6361,8.728161E-06,39.5415,0,2.6361,-5.404745E-05,39.5415,0
2.637,0,39.555,0,2.637,-8.426032E-05,39.555,0
2.6379,1.309224E-05,39.5685,0,2.6379,-6.78111E-05,39.5685,0
2.6388,4.699779E-06,39.582,0,2.6388,-9.399558E-06,39.582,0
2.6397,-1.913481E-05,39.5955,0,2.6397,1.007095E-05,39.5955,0
2.6406,-3.356985E-07,39.609,0,2.6406,-1.947051E-05,39.609,0
2.6415,-1.275654E-05,39.6225,0,2.6415,6.378271E-06,39.6225,0
2.6424,-2.014191E-05,39.636,0,2.6424,8.056763E-06,39.636,0
2.6433,-2.081331E-05,39.6495,0,2.6433,-2.853437E-05,39.6495,0
2.6442,4.632639E-05,39.663,0,2.6442,-3.155566E-05,39.663,0
2.6451,1.644922E-05,39.6765,0,2.6451,-6.378271E-06,39.6765,0
2.646,-2.349889E-05,39.69,0,2.646,-3.726253E-05,39.69,0
2.6469,-2.24918E-05,39.7035,0,2.6469,-2.417029E-05,39.7035,0
2.6478,-7.049668E-06,39.717,0,2.6478,-1.980621E-05,39.717,0
2.6487,-4.33051E-05,39.7305,0,2.6487,-4.36408E-06,39.7305,0
2.6496,-6.478981E-05,39.744,0,2.6496,1.242084E-05,39.744,0
2.6505,-2.383459E-05,39.7575,0,2.6505,3.021286E-06,39.7575,0
2.6514,-1.342794E-05,39.771,0,2.6514,-1.577783E-05,39.771,0
2.6523,-2.383459E-05,39.7845,0,2.6523,1.376364E-05,39.7845,0
2.6532,3.189136E-05,39.798,0,2.6532,2.014191E-06,39.798,0
2.6541,1.443504E-05,39.8115,0,2.6541,-5.438316E-05,39.8115,0
2.655,-3.021286E-06,39.825,0,2.655,-4.36408E-05,39.825,0
2.6559,6.378271E-06,39.8385,0,2.6559,-3.457694E-05,39.8385,0
2.6568,-1.913481E-05,39.852,0,2.6568,-6.210422E-05,39.852,0
2.6577,-8.392462E-06,39.8655,0,2.6577,-5.404745E-05,39.8655,0
2.6586,-3.524834E-05,39.879,0,2.6586,-3.189136E-05,39.879,0
2.6595,-1.644922E-05,39.8925,0,2.6595,-1.879912E-05,39.8925,0
2.6604,3.021286E-06,39.906,0,2.6604,2.349889E-06,39.906,0
2.6613,6.713969E-07,39.9195,0,2.6613,3.323415E-05,39.9195,0
2.6622,1.409934E-05,39.933,0,2.6622,2.1149E-05,39.933,0
2.6631,-3.524834E-05,39.9465,0,2.6631,3.457694E-05,39.9465,0
2.664,-3.558404E-05,39.96,0,2.664,1.678492E-05,39.96,0
2.6649,-3.021286E-06,39.9735,0,2.6649,3.692683E-06,39.9735,0
2.6658,-2.987716E-05,39.987,0,2.6658,1.678492E-06,39.987,0
2.6667,-2.24918E-05,40.0005,0,2.6667,-1.510643E-05,40.0005,0
2.6676,1.141375E-05,40.014,0,2.6676,-6.378271E-05,40.014,0
2.6685,-1.409934E-05,40.0275,0,2.6685,-1.678492E-05,40.0275,0
2.6694,7.721065E-06,40.041,0,2.6694,9.399558E-06,40.041,0
2.6703,5.337606E-05,40.0545,0,2.6703,-2.21561E-05,40.0545,0
2.6712,4.263371E-05,40.068,0,2.6712,-2.685588E-06,40.068,0
2.6721,-2.752728E-05,40.0815,0,2.6721,2.719158E-05,40.0815,0
2.673,-1.779202E-05,40.095,0,2.673,-1.544213E-05,40.095,0
2.6739,-1.107805E-05,40.1085,0,2.6739,-7.721065E-06,40.1085,0
2.6748,-3.524834E-05,40.122,0,2.6748,-1.644922E-05,40.122,0
2.6757,-2.349889E-05,40.1355,0,2.6757,-7.385367E-06,40.1355,0
2.6766,3.692683E-06,40.149,0,2.6766,-3.659113E-05,40.149,0
2.6775,2.987716E-05,40.1625,0,2.6775,-6.54612E-05,40.1625,0
2.6784,3.491264E-05,40.176,0,2.6784,-6.478981E-05,40.176,0
2.6793,1.544213E-05,40.1895,0,2.6793,-7.721065E-06,40.1895,0
2.6802,3.692683E-06,40.203,0,2.6802,-8.056763E-06,40.203,0
2.6811,-3.692683E-06,40.2165,0,2.6811,-4.699779E-05,40.2165,0
2.682,-1.577783E-05,40.23,0,2.682,-3.860533E-05,40.23,0
2.6829,2.685588E-06,40.2435,0,2.6829,-2.24918E-05,40.2435,0
2.6838,-1.040665E-05,40.257,0,2.6838,-2.719158E-05,40.257,0
2.6847,-4.599069E-05,40.2705,0,2.6847,-3.155566E-05,40.2705,0
2.6856,-5.874724E-05,40.284,0,2.6856,-1.242084E-05,40.284,0
2.6865,-7.049668E-06,40.2975,0,2.6865,-8.392462E-06,40.2975,0
2.6874,-2.450599E-05,40.311,0,2.6874,-1.846342E-05,40.311,0
2.6883,-2.719158E-05,40.3245,0,2.6883,-3.961242E-05,40.3245,0
2.6892,-1.947051E-05,40.338,0,2.6892,-2.18204E-05,40.338,0
2.6901,1.846342E-05,40.3515,0,2.6901,-1.107805E-05,40.3515,0
2.691,3.558404E-05,40.365,0,2.691,-2.517739E-05,40.365,0
2.6919,2.014191E-06,40.3785,0,2.6919,-6.6804E-05,40.3785,0
2.6928,-3.356985E-06,40.392,0,2.6928,-2.484169E-05,40.392,0
2.6937,7.721065E-06,40.4055,0,2.6937,-4.699779E-06,40.4055,0
2.6946,9.735256E-06,40.419,0,2.6946,-3.289845E-05,40.419,0
2.6955,-1.174945E-05,40.4325,0,2.6955,2.1149E-05,40.4325,0
2.6964,6.713969E-07,40.446,0,2.6964,5.035477E-05,40.446,0
2.6973,0,40.4595,0,2.6973,-5.706874E-06,40.4595,0
2.6982,-3.524834E-05,40.473,0,2.6982,-2.18204E-05,40.473,0
2.6991,-3.659113E-05,40.4865,0,2.6991,-7.049668E-06,40.4865,0
2.7,-1.510643E-05,40.5,0,2.7,-4.867628E-05,40.5,0
2.7009,-2.417029E-05,40.5135,0,2.7009,-8.72816E-05,40.5135,0
2.7018,-8.728161E-06,40.527,0,2.7018,-6.814679E-05,40.527,0
2.7027,8.392462E-06,40.5405,0,2.7027,-1.409934E-05,40.5405,0
2.7036,-2.28275E-05,40.554,0,2.7036,-1.745632E-05,40.554,0
2.7045,-3.189136E-05,40.5675,0,2.7045,-4.061952E-05,40.5675,0
2.7054,-1.174945E-05,40.581,0,2.7054,-3.390555E-05,40.581,0
2.7063,-1.174945E-05,40.5945,0,2.7063,1.678492E-06,40.5945,0
2.7072,1.678492E-06,40.608,0,2.7072,-1.510643E-05,40.608,0
2.7081,2.21561E-05,40.6215,0,2.7081,-2.551309E-05,40.6215,0
2.709,1.577783E-05,40.635,0,2.709,-1.242084E-05,40.635,0
2.7099,2.652018E-05,40.6485,0,2.7099,-5.035477E-06,40.6485,0
2.7108,2.21561E-05,40.662,0,2.7108,-2.316319E-05,40.662,0
2.7117,-1.947051E-05,40.6755,0,2.7117,-2.551309E-05,40.6755,0
2.7126,-4.29694E-05,40.689,0,2.7126,1.107805E-05,40.689,0
2.7135,-4.666209E-05,40.7025,0,2.7135,7.049668E-06,40.7025,0
2.7144,-2.18204E-05,40.716,0,2.7144,-9.735256E-06,40.716,0
2.7153,1.577783E-05,40.7295,0,2.7153,-2.920577E-05,40.7295,0
2.7162,1.879912E-05,40.743,0,2.7162,-2.28275E-05,40.743,0
2.7171,-1.644922E-05,40.7565,0,2.7171,-4.36408E-06,40.7565,0
2.718,2.450599E-05,40.77,0,2.718,-1.980621E-05,40.77,0
2.7189,1.309224E-05,40.7835,0,2.7189,-3.289845E-05,40.7835,0
2.7198,-1.644922E-05,40.797,0,2.7198,7.049668E-06,40.797,0
2.7207,-3.021286E-06,40.8105,0,2.7207,-1.007095E-06,40.8105,0
2.7216,1.779202E-05,40.824,0,2.7216,-4.061952E-05,40.824,0
2.7225,-1.678492E-06,40.8375,0,2.7225,-2.685588E-06,40.8375,0
2.7234,1.510643E-05,40.851,0,2.7234,1.678492E-06,40.851,0
2.7243,2.24918E-05,40.8645,0,2.7243,-3.189136E-05,40.8645,0
2.7252,-2.21561E-05,40.878,0,2.7252,-3.189136E-05,40.878,0
2.7261,-2.383459E-05,40.8915,0,2.7261,-1.007095E-06,40.8915,0
2.727,-2.551309E-05,40.905,0,2.727,-3.021286E-06,40.905,0
2.7279,-2.1149E-05,40.9185,0,2.7279,-1.812772E-05,40.9185,0
2.7288,-3.692683E-06,40.932,0,2.7288,-3.860533E-05,40.932,0
2.7297,4.699779E-06,40.9455,0,2.7297,-1.644922E-05,40.9455,0
2.7306,-2.383459E-05,40.959,0,2.7306,1.208515E-05,40.959,0
2.7315,-2.18204E-05,40.9725,0,2.7315,-5.706874E-06,40.9725,0
2.7324,-6.042573E-06,40.986,0,2.7324,-2.349889E-05,40.986,0
2.7333,-2.719158E-05,40.9995,0,2.7333,2.28275E-05,40.9995,0
2.7342,-9.063859E-06,41.013,0,2.7342,-1.577783E-05,41.013,0
2.7351,-2.014191E-06,41.0265,0,2.7351,-6.478981E-05,41.0265,0
2.736,-4.766919E-05,41.04,0,2.736,-1.242084E-05,41.04,0
2.7369,-3.692683E-06,41.0535,0,2.7369,-2.18204E-05,41.0535,0
2.7378,3.457694E-05,41.067,0,2.7378,-6.210422E-05,41.067,0
2.7387,-3.356985E-07,41.0805,0,2.7387,-5.001907E-05,41.0805,0
2.7396,-1.745632E-05,41.094,0,2.7396,-1.678492E-05,41.094,0
2.7405,-2.517739E-05,41.1075,0,2.7405,2.24918E-05,41.1075,0
2.7414,-2.920577E-05,41.121,0,2.7414,1.040665E-05,41.121,0
2.7423,5.035477E-06,41.1345,0,2.7423,-3.524834E-05,41.1345,0
2.7432,6.378271E-06,41.148,0,2.7432,-1.879912E-05,41.148,0
2.7441,-2.18204E-05,41.1615,0,2.7441,2.349889E-06,41.1615,0
2.745,-3.356985E-07,41.175,0,2.745,-2.719158E-05,41.175,0
2.7459,1.309224E-05,41.1885,0,2.7459,-5.539025E-05,41.1885,0
2.7468,-2.719158E-05,41.202,0,2.7468,-5.001907E-05,41.202,0
2.7477,-3.256275E-05,41.2155,0,2.7477,-2.24918E-05,41.2155,0
2.7486,-8.392462E-06,41.229,0,2.7486,-4.129091E-05,41.229,0
2.7495,-1.644922E-05,41.2425,0,2.7495,4.129091E-05,41.2425,0
2.7504,-3.692683E-06,41.256,0,2.7504,3.826963E-05,41.256,0
2.7513,2.349889E-06,41.2695,0,2.7513,-3.021286E-05,41.2695,0
2.7522,-2.652018E-05,41.283,0,2.7522,-3.793393E-05,41.283,0
2.7531,-3.121996E-05,41.2965,0,2.7531,-1.644922E-05,41.2965,0
2.754,-2.349889E-06,41.31,0,2.754,-2.349889E-06,41.31,0
2.7549,2.752728E-05,41.3235,0,2.7549,0,41.3235,0
2.7558,2.21561E-05,41.337,0,2.7558,-4.800488E-05,41.337,0
2.7567,-9.735256E-06,41.3505,0,2.7567,-5.438316E-05,41.3505,0
2.7576,3.356985E-07,41.364,0,2.7576,-3.021286E-05,41.364,0
2.7585,-4.36408E-06,41.3775,0,2.7585,-1.107805E-05,41.3775,0
2.7594,-3.356985E-07,41.391,0,2.7594,0,41.391,0
2.7603,-3.054856E-05,41.4045,0,2.7603,1.980621E-05,41.4045,0
2.7612,-4.229801E-05,41.418,0,2.7612,-2.383459E-05,41.418,0
2.7621,-1.275654E-05,41.4315,0,2.7621,-5.337606E-05,41.4315,0
2.763,-1.980621E-05,41.445,0,2.763,-2.786297E-05,41.445,0
2.7639,1.779202E-05,41.4585,0,2.7639,-2.819867E-05,41.4585,0
2.7648,2.1149E-05,41.472,0,2.7648,-2.618448E-05,41.472,0
2.7657,2.1149E-05,41.4855,0,2.7657,-1.611353E-05,41.4855,0
2.7666,-6.042573E-06,41.499,0,2.7666,1.007095E-06,41.499,0
2.7675,-5.774014E-05,41.5125,0,2.7675,-1.342794E-06,41.5125,0
2.7684,-5.438316E-05,41.526,0,2.7684,-2.517739E-05,41.526,0
2.7693,6.378271E-06,41.5395,0,2.7693,-4.263371E-05,41.5395,0
2.7702,5.975433E-05,41.553,0,2.7702,-1.309224E-05,41.553,0
2.7711,4.934768E-05,41.5665,0,2.7711,4.699779E-06,41.5665,0
2.772,-1.678492E-06,41.58,0,2.772,-2.652018E-05,41.58,0
2.7729,2.014191E-06,41.5935,0,2.7729,-4.867628E-05,41.5935,0
2.7738,-3.088426E-05,41.607,0,2.7738,-1.007095E-05,41.607,0
2.7747,-2.349889E-05,41.6205,0,2.7747,1.678492E-06,41.6205,0
2.7756,-9.399558E-06,41.634,0,2.7756,-4.39765E-05,41.634,0
2.7765,-1.510643E-05,41.6475,0,2.7765,-2.618448E-05,41.6475,0
2.7774,1.242084E-05,41.661,0,2.7774,7.721065E-06,41.661,0
2.7783,1.913481E-05,41.6745,0,2.7783,-1.107805E-05,41.6745,0
2.7792,-2.987716E-05,41.688,0,2.7792,-2.014191E-05,41.688,0
2.7801,-3.189136E-05,41.7015,0,2.7801,-1.678492E-06,41.7015,0
2.781,-3.054856E-05,41.715,0,2.781,-2.383459E-05,41.715,0
2.7819,-5.169757E-05,41.7285,0,2.7819,-2.853437E-05,41.7285,0
2.7828,-1.644922E-05,41.742,0,2.7828,-4.834058E-05,41.742,0
2.7837,3.189136E-05,41.7555,0,2.7837,0,41.7555,0
2.7846,5.404745E-05,41.769,0,2.7846,9.399558E-06,41.769,0
2.7855,3.994812E-05,41.7825,0,2.7855,-2.21561E-05,41.7825,0
2.7864,4.49836E-05,41.796,0,2.7864,-4.599069E-05,41.796,0
2.7873,1.812772E-05,41.8095,0,2.7873,-3.356985E-06,41.8095,0
2.7882,-9.399558E-06,41.823,0,2.7882,-1.779202E-05,41.823,0
2.7891,-1.309224E-05,41.8365,0,2.7891,-4.733349E-05,41.8365,0
2.79,-2.18204E-05,41.85,0,2.79,-1.510643E-05,41.85,0
2.7909,1.980621E-05,41.8635,0,2.7909,-2.18204E-05,41.8635,0
2.7918,-9.063859E-06,41.877,0,2.7918,-3.659113E-05,41.877,0
2.7927,-3.121996E-05,41.8905,0,2.7927,-3.726253E-05,41.8905,0
2.7936,-1.745632E-05,41.904,0,2.7936,-7.385367E-06,41.904,0
2.7945,-7.721065E-06,41.9175,0,2.7945,-7.049668E-06,41.9175,0
2.7954,-1.007095E-06,41.931,0,2.7954,1.107805E-05,41.931,0
2.7963,-3.021286E-06,41.9445,0,2.7963,-2.21561E-05,41.9445,0
2.7972,-3.021286E-06,41.958,0,2.7972,-1.443504E-05,41.958,0
2.7981,5.035477E-06,41.9715,0,2.7981,-1.644922E-05,41.9715,0
2.799,-1.107805E-05,41.985,0,2.799,-5.069047E-05,41.985,0
2.7999,-3.390555E-05,41.9985,0,2.7999,-7.754635E-05,41.9985,0
2.8008,-4.599069E-05,42.012,0,2.8008,-3.659113E-05,42.012,0
2.8017,-3.927672E-05,42.0255,0,2.8017,-2.417029E-05,42.0255,0
2.8026,-3.121996E-05,42.039,0,2.8026,-5.539025E-05,42.039,0
2.8035,-2.853437E-05,42.0525,0,2.8035,-6.713969E-07,42.0525,0
2.8044,-1.376364E-05,42.066,0,2.8044,1.644922E-05,42.066,0
2.8053,9.735256E-06,42.0795,0,2.8053,-2.719158E-05,42.0795,0
2.8062,4.061952E-05,42.093,0,2.8062,-2.18204E-05,42.093,0
2.8071,-1.141375E-05,42.1065,0,2.8071,2.652018E-05,42.1065,0
2.808,-2.18204E-05,42.12,0,2.808,3.021286E-06,42.12,0
2.8089,-2.786297E-05,42.1335,0,2.8089,-1.007095E-05,42.1335,0
2.8098,-1.040665E-05,42.147,0,2.8098,-2.584878E-05,42.147,0
2.8107,-7.385367E-06,42.1605,0,2.8107,-7.721065E-06,42.1605,0
2.8116,-4.36408E-06,42.174,0,2.8116,-5.035477E-06,42.174,0
2.8125,-5.706874E-06,42.1875,0,2.8125,-4.33051E-05,42.1875,0
2.8134,3.054856E-05,42.201,0,2.8134,-4.263371E-05,42.201,0
2.8143,-3.692683E-06,42.2145,0,2.8143,5.035477E-06,42.2145,0
2.8152,-1.644922E-05,42.228,0,2.8152,9.063859E-06,42.228,0
2.8161,1.342794E-05,42.2415,0,2.8161,-2.853437E-05,42.2415,0
2.817,-8.056763E-06,42.255,0,2.817,-5.035477E-06,42.255,0
2.8179,-4.800488E-05,42.2685,0,2.8179,-9.399558E-06,42.2685,0
2.8188,-5.069047E-05,42.282,0,2.8188,-5.539025E-05,42.282,0
2.8197,2.887007E-05,42.2955,0,2.8197,-2.21561E-05,42.2955,0
2.8206,2.484169E-05,42.309,0,2.8206,-1.141375E-05,42.309,0
2.8215,2.685588E-06,42.3225,0,2.8215,-3.256275E-05,42.3225,0
2.8224,-6.713969E-06,42.336,0,2.8224,-3.121996E-05,42.336,0
2.8233,-1.678492E-06,42.3495,0,2.8233,-4.599069E-05,42.3495,0
2.8242,-4.36408E-06,42.363,0,2.8242,3.189136E-05,42.363,0
2.8251,-4.699779E-06,42.3765,0,2.8251,5.270466E-05,42.3765,0
2.826,-1.040665E-05,42.39,0,2.826,-1.409934E-05,42.39,0
2.8269,-6.378271E-06,42.4035,0,2.8269,-3.356985E-05,42.4035,0
2.8278,-1.040665E-05,42.417,0,2.8278,-3.021286E-06,42.417,0
2.8287,-1.913481E-05,42.4305,0,2.8287,-2.1149E-05,42.4305,0
2.8296,2.349889E-06,42.444,0,2.8296,-4.666209E-05,42.444,0
2.8305,-3.021286E-06,42.4575,0,2.8305,-3.692683E-06,42.4575,0
2.8314,-1.577783E-05,42.471,0,2.8314,2.18204E-05,42.471,0
2.8323,1.678492E-06,42.4845,0,2.8323,-7.049668E-06,42.4845,0
2.8332,4.36408E-06,42.498,0,2.8332,-1.544213E-05,42.498,0
2.8341,-1.107805E-05,42.5115,0,2.8341,-8.392462E-06,42.5115,0
2.835,-3.121996E-05,42.525,0,2.835,-6.378271E-06,42.525,0
2.8359,-3.289845E-05,42.5385,0,2.8359,-1.309224E-05,42.5385,0
2.8368,-1.342794E-05,42.552,0,2.8368,-3.994812E-05,42.552,0
2.8377,-4.229801E-05,42.5655,0,2.8377,-2.853437E-05,42.5655,0
2.8386,-5.941863E-05,42.579,0,2.8386,-2.047761E-05,42.579,0
2.8395,-1.510643E-05,42.5925,0,2.8395,-3.390555E-05,42.5925,0
2.8404,3.021286E-06,42.606,0,2.8404,-3.961242E-05,42.606,0
2.8413,9.735256E-06,42.6195,0,2.8413,1.510643E-05,42.6195,0
2.8422,2.652018E-05,42.633,0,2.8422,5.035477E-06,42.633,0
2.8431,1.242084E-05,42.6465,0,2.8431,-5.874724E-05,42.6465,0
2.844,-2.18204E-05,42.66,0,2.844,-3.323415E-05,42.66,0
2.8449,1.678492E-06,42.6735,0,2.8449,-3.625543E-05,42.6735,0
2.8458,-4.36408E-06,42.687,0,2.8458,-7.418937E-05,42.687,0
2.8467,-3.625543E-05,42.7005,0,2.8467,-7.385367E-05,42.7005,0
2.8476,-2.786297E-05,42.714,0,2.8476,-4.196231E-05,42.714,0
2.8485,-3.021286E-06,42.7275,0,2.8485,-3.390555E-05,42.7275,0
2.8494,-6.378271E-06,42.741,0,2.8494,-2.21561E-05,42.741,0
2.8503,-1.644922E-05,42.7545,0,2.8503,5.706874E-06,42.7545,0
2.8512,-1.510643E-05,42.768,0,2.8512,4.196231E-05,42.768,0
2.8521,-8.392462E-06,42.7815,0,2.8521,3.390555E-05,42.7815,0
2.853,5.035477E-06,42.795,0,2.853,0,42.795,0
2.8539,2.383459E-05,42.8085,0,2.8539,-6.478981E-05,42.8085,0
2.8548,-1.980621E-05,42.822,0,2.8548,-6.378271E-06,42.822,0
2.8557,1.040665E-05,42.8355,0,2.8557,2.1149E-05,42.8355,0
2.8566,4.196231E-05,42.849,0,2.8566,-3.390555E-05,42.849,0
2.8575,-7.721065E-06,42.8625,0,2.8575,-1.342794E-06,42.8625,0
2.8584,6.378271E-06,42.876,0,2.8584,1.712062E-05,42.876,0
2.8593,2.014191E-05,42.8895,0,2.8593,-3.726253E-05,42.8895,0
2.8602,-2.349889E-06,42.903,0,2.8602,-4.565499E-05,42.903,0
2.8611,-2.719158E-05,42.9165,0,2.8611,-8.392462E-06,42.9165,0
2.862,-1.577783E-05,42.93,0,2.862,-1.376364E-05,42.93,0
2.8629,1.040665E-05,42.9435,0,2.8629,-3.289845E-05,42.9435,0
2.8638,1.913481E-05,42.957,0,2.8638,-3.860533E-05,42.957,0
2.8647,2.752728E-05,42.9705,0,2.8647,-3.524834E-05,42.9705,0
2.8656,3.054856E-05,42.984,0,2.8656,1.007095E-06,42.984,0
2.8665,1.577783E-05,42.9975,0,2.8665,-2.685588E-06,42.9975,0
2.8674,1.510643E-05,43.011,0,2.8674,-7.721065E-06,43.011,0
2.8683,-1.779202E-05,43.0245,0,2.8683,3.356985E-06,43.0245,0
2.8692,-2.685588E-06,43.038,0,2.8692,-7.049668E-06,43.038,0
2.8701,1.678492E-05,43.0515,0,2.8701,-2.1149E-05,43.0515,0
2.871,-1.544213E-05,43.065,0,2.871,2.1149E-05,43.065,0
2.8719,-4.229801E-05,43.0785,0,2.8719,9.399558E-06,43.0785,0
2.8728,-2.14847E-05,43.092,0,2.8728,-3.591974E-05,43.092,0
2.8737,1.443504E-05,43.1055,0,2.8737,-1.712062E-05,43.1055,0
2.8746,-1.846342E-05,43.119,0,2.8746,-1.376364E-05,43.119,0
2.8755,-4.028382E-05,43.1325,0,2.8755,-3.558404E-05,43.1325,0
2.8764,-2.349889E-05,43.146,0,2.8764,-3.323415E-05,43.146,0
2.8773,-1.678492E-06,43.1595,0,2.8773,-5.169757E-05,43.1595,0
2.8782,-1.107805E-05,43.173,0,2.8782,-2.853437E-05,43.173,0
2.8791,-5.001907E-05,43.1865,0,2.8791,-3.356985E-06,43.1865,0
2.88,-1.846342E-05,43.2,0,2.88,-2.081331E-05,43.2,0
2.8809,-2.1149E-05,43.2135,0,2.8809,-4.934768E-05,43.2135,0
2.8818,-4.061952E-05,43.227,0,2.8818,-2.18204E-05,43.227,0
2.8827,-2.081331E-05,43.2405,0,2.8827,-2.517739E-05,43.2405,0
2.8836,-2.786297E-05,43.254,0,2.8836,-6.277562E-05,43.254,0
2.8845,-2.28275E-05,43.2675,0,2.8845,-2.014191E-05,43.2675,0
2.8854,6.713969E-07,43.281,0,2.8854,4.699779E-06,43.281,0
2.8863,1.812772E-05,43.2945,0,2.8863,-2.081331E-05,43.2945,0
2.8872,-1.342794E-05,43.308,0,2.8872,2.349889E-06,43.308,0
2.8881,-3.692683E-05,43.3215,0,2.8881,1.174945E-05,43.3215,0
2.889,-8.392462E-06,43.335,0,2.889,-7.385367E-06,43.335,0
2.8899,-2.349889E-06,43.3485,0,2.8899,-1.712062E-05,43.3485,0
2.8908,-3.356985E-07,43.362,0,2.8908,-7.586786E-05,43.362,0
2.8917,1.275654E-05,43.3755,0,2.8917,-5.673304E-05,43.3755,0
2.8926,5.035477E-06,43.389,0,2.8926,-1.309224E-05,43.389,0
2.8935,1.007095E-05,43.4025,0,2.8935,-3.491264E-05,43.4025,0
2.8944,3.289845E-05,43.416,0,2.8944,-2.719158E-05,43.416,0
2.8953,-2.584878E-05,43.4295,0,2.8953,2.18204E-05,43.4295,0
2.8962,-1.678492E-05,43.443,0,2.8962,1.376364E-05,43.443,0
2.8971,2.652018E-05,43.4565,0,2.8971,-3.860533E-05,43.4565,0
2.898,-2.014191E-06,43.47,0,2.898,-1.678492E-06,43.47,0
2.8989,-1.376364E-05,43.4835,0,2.8989,8.392462E-06,43.4835,0
2.8998,-5.706874E-06,43.497,0,2.8998,-2.887007E-05,43.497,0
2.9007,1.342794E-06,43.5105,0,2.9007,-1.376364E-05,43.5105,0
2.9016,-1.745632E-05,43.524,0,2.9016,9.063859E-06,43.524,0
2.9025,-7.049668E-06,43.5375,0,2.9025,-9.735256E-06,43.5375,0
2.9034,-1.040665E-05,43.551,0,2.9034,-2.28275E-05,43.551,0
2.9043,-2.18204E-05,43.5645,0,2.9043,-5.941863E-05,43.5645,0
2.9052,-1.107805E-05,43.578,0,2.9052,-4.766919E-05,43.578,0
2.9061,2.652018E-05,43.5915,0,2.9061,-1.577783E-05,43.5915,0
2.907,1.107805E-05,43.605,0,2.907,1.913481E-05,43.605,0
2.9079,1.040665E-05,43.6185,0,2.9079,-1.342794E-06,43.6185,0
2.9088,-1.107805E-05,43.632,0,2.9088,-4.36408E-06,43.632,0
2.9097,1.141375E-05,43.6455,0,2.9097,-1.510643E-05,43.6455,0
2.9106,-7.049668E-06,43.659,0,2.9106,-4.666209E-05,43.659,0
2.9115,-2.853437E-05,43.6725,0,2.9115,-1.007095E-06,43.6725,0
2.9124,-3.256275E-05,43.686,0,2.9124,-9.399558E-06,43.686,0
2.9133,-3.524834E-05,43.6995,0,2.9133,-3.625543E-05,43.6995,0
2.9142,1.510643E-05,43.713,0,2.9142,-4.196231E-05,43.713,0
2.9151,2.383459E-05,43.7265,0,2.9151,-2.584878E-05,43.7265,0
2.916,3.390555E-05,43.74,0,2.916,-2.752728E-05,43.74,0
2.9169,4.733349E-05,43.7535,0,2.9169,-2.786297E-05,43.7535,0
2.9178,3.021286E-05,43.767,0,2.9178,-1.477073E-05,43.767,0
2.9187,-3.289845E-05,43.7805,0,2.9187,1.376364E-05,43.7805,0
2.9196,-5.505455E-05,43.794,0,2.9196,1.947051E-05,43.794,0
2.9205,-2.28275E-05,43.8075,0,2.9205,-3.256275E-05,43.8075,0
2.9214,-1.376364E-05,43.821,0,2.9214,-4.33051E-05,43.821,0
2.9223,-2.316319E-05,43.8345,0,2.9223,2.349889E-06,43.8345,0
2.9232,-1.107805E-05,43.848,0,2.9232,-6.042573E-06,43.848,0
2.9241,-1.443504E-05,43.8615,0,2.9241,-4.766919E-05,43.8615,0
2.925,-2.987716E-05,43.875,0,2.925,-9.063859E-06,43.875,0
2.9259,6.042573E-06,43.8885,0,2.9259,-8.056763E-06,43.8885,0
2.9268,4.263371E-05,43.902,0,2.9268,-3.121996E-05,43.902,0
2.9277,7.385367E-06,43.9155,0,2.9277,-3.759823E-05,43.9155,0
2.9286,-1.510643E-05,43.929,0,2.9286,-6.378271E-06,43.929,0
2.9295,7.385367E-06,43.9425,0,2.9295,-9.063859E-06,43.9425,0
2.9304,-3.793393E-05,43.956,0,2.9304,-2.652018E-05,43.956,0
2.9313,-1.510643E-05,43.9695,0,2.9313,-5.136187E-05,43.9695,0
2.9322,2.1149E-05,43.983,0,2.9322,-2.081331E-05,43.983,0
2.9331,-3.692683E-06,43.9965,0,2.9331,-7.721065E-06,43.9965,0
2.934,3.356985E-07,44.01,0,2.934,-3.793393E-05,44.01,0
2.9349,1.712062E-05,44.0235,0,2.9349,-4.196231E-05,44.0235,0
2.9358,-1.107805E-05,44.037,0,2.9358,6.713969E-07,44.037,0
2.9367,-2.484169E-05,44.0505,0,2.9367,-2.618448E-05,44.0505,0
2.9376,-1.644922E-05,44.064,0,2.9376,-5.774014E-05,44.064,0
2.9385,-2.987716E-05,44.0775,0,2.9385,-2.047761E-05,44.0775,0
2.9394,-3.524834E-05,44.091,0,2.9394,4.36408E-06,44.091,0
2.9403,-2.417029E-05,44.1045,0,2.9403,-1.544213E-05,44.1045,0
2.9412,9.063859E-06,44.118,0,2.9412,6.042573E-06,44.118,0
2.9421,1.678492E-06,44.1315,0,2.9421,4.36408E-05,44.1315,0
2.943,-1.242084E-05,44.145,0,2.943,5.035477E-06,44.145,0
2.9439,-1.309224E-05,44.1585,0,2.9439,-2.24918E-05,44.1585,0
2.9448,-1.376364E-05,44.172,0,2.9448,-3.491264E-05,44.172,0
2.9457,-2.484169E-05,44.1855,0,2.9457,-3.356985E-07,44.1855,0
2.9466,-5.236896E-05,44.199,0,2.9466,2.383459E-05,44.199,0
2.9475,-3.390555E-05,44.2125,0,2.9475,3.021286E-06,44.2125,0
2.9484,-2.450599E-05,44.226,0,2.9484,-3.558404E-05,44.226,0
2.9493,-5.706874E-06,44.2395,0,2.9493,9.063859E-06,44.2395,0
2.9502,-7.721065E-06,44.253,0,2.9502,-8.392462E-06,44.253,0
2.9511,-2.18204E-05,44.2665,0,2.9511,-6.109713E-05,44.2665,0
2.952,-4.196231E-05,44.28,0,2.952,-6.74754E-05,44.28,0
2.9529,-3.692683E-06,44.2935,0,2.9529,-5.471885E-05,44.2935,0
2.9538,0,44.307,0,2.9538,-5.270466E-05,44.307,0
2.9547,-3.659113E-05,44.3205,0,2.9547,-5.606165E-05,44.3205,0
2.9556,-2.819867E-05,44.334,0,2.9556,-3.894102E-05,44.334,0
2.9565,1.242084E-05,44.3475,0,2.9565,-3.692683E-06,44.3475,0
2.9574,1.712062E-05,44.361,0,2.9574,2.652018E-05,44.361,0
2.9583,2.652018E-05,44.3745,0,2.9583,-1.980621E-05,44.3745,0
2.9592,1.712062E-05,44.388,0,2.9592,-1.309224E-05,44.388,0
2.9601,-1.107805E-05,44.4015,0,2.9601,-2.014191E-06,44.4015,0
2.961,-1.947051E-05,44.415,0,2.961,-2.887007E-05,44.415,0
2.9619,-7.385367E-06,44.4285,0,2.9619,-3.793393E-05,44.4285,0
2.9628,-2.484169E-05,44.442,0,2.9628,-1.678492E-06,44.442,0
2.9637,-1.846342E-05,44.4555,0,2.9637,-7.721065E-06,44.4555,0
2.9646,-6.713969E-07,44.469,0,2.9646,-5.438316E-05,44.469,0
2.9655,-1.107805E-05,44.4825,0,2.9655,-2.014191E-06,44.4825,0
2.9664,2.1149E-05,44.496,0,2.9664,1.007095E-05,44.496,0
2.9673,7.486076E-05,44.5095,0,2.9673,-4.061952E-05,44.5095,0
2.9682,1.678492E-06,44.523,0,2.9682,-3.155566E-05,44.523,0
2.9691,-3.927672E-05,44.5365,0,2.9691,3.021286E-06,44.5365,0
2.97,1.275654E-05,44.55,0,2.97,-5.706874E-06,44.55,0
2.9709,-1.913481E-05,44.5635,0,2.9709,-2.014191E-05,44.5635,0
2.9718,-3.927672E-05,44.577,0,2.9718,-5.807584E-05,44.577,0
2.9727,1.040665E-05,44.5905,0,2.9727,-3.994812E-05,44.5905,0
2.9736,4.061952E-05,44.604,0,2.9736,-1.409934E-05,44.604,0
2.9745,3.994812E-05,44.6175,0,2.9745,-3.961242E-05,44.6175,0
2.9754,4.666209E-05,44.631,0,2.9754,-3.726253E-05,44.631,0
2.9763,2.786297E-05,44.6445,0,2.9763,1.174945E-05,44.6445,0
2.9772,3.121996E-05,44.658,0,2.9772,1.040665E-05,44.658,0
2.9781,1.779202E-05,44.6715,0,2.9781,-2.719158E-05,44.6715,0
2.979,-1.174945E-05,44.685,0,2.979,-1.678492E-06,44.685,0
2.9799,-1.712062E-05,44.6985,0,2.9799,2.014191E-06,44.6985,0
2.9808,0,44.712,0,2.9808,-5.069047E-05,44.712,0
2.9817,1.141375E-05,44.7255,0,2.9817,-5.572595E-05,44.7255,0
2.9826,-5.706874E-06,44.739,0,2.9826,-6.378271E-06,44.739,0
2.9835,-1.409934E-05,44.7525,0,2.9835,-3.021286E-06,44.7525,0
2.9844,-1.007095E-06,44.766,0,2.9844,-1.376364E-05,44.766,0
2.9853,-7.049668E-06,44.7795,0,2.9853,-1.275654E-05,44.7795,0
2.9862,-1.846342E-05,44.793,0,2.9862,5.035477E-06,44.793,0
2.9871,-2.24918E-05,44.8065,0,2.9871,1.040665E-05,44.8065,0
2.988,-4.263371E-05,44.82,0,2.988,-2.987716E-05,44.82,0
2.9889,-4.39765E-05,44.8335,0,2.9889,-6.881819E-05,44.8335,0
2.9898,-3.726253E-05,44.847,0,2.9898,-2.551309E-05,44.847,0
2.9907,-1.174945E-05,44.8605,0,2.9907,1.980621E-05,44.8605,0
2.9916,1.040665E-05,44.874,0,2.9916,-1.779202E-05,44.874,0
2.9925,-2.047761E-05,44.8875,0,2.9925,-3.356985E-07,44.8875,0
2.9934,-4.632639E-05,44.901,0,2.9934,7.721065E-06,44.901,0
2.9943,-2.819867E-05,44.9145,0,2.9943,-5.404745E-05,44.9145,0
2.9952,-1.376364E-05,44.928,0,2.9952,-5.471885E-05,44.928,0
2.9961,-1.712062E-05,44.9415,0,2.9961,-5.035477E-06,44.9415,0
2.997,-1.544213E-05,44.955,0,2.997,-1.443504E-05,44.955,0
2.9979,9.063859E-06,44.9685,0,2.9979,-1.107805E-05,44.9685,0
2.9988,3.189136E-05,44.982,0,2.9988,-4.36408E-06,44.982,0
2.9997,-1.208515E-05,44.9955,0,2.9997,2.081331E-05,44.9955,0
3.0006,-6.848249E-05,45.009,0,3.0006,1.174945E-05,45.009,0
3.0015,-4.39765E-05,45.0225,0,3.0015,-3.054856E-05,45.0225,0
3.0024,-5.706874E-06,45.036,0,3.0024,-2.517739E-05,45.036,0
3.0033,-7.049668E-06,45.0495,0,3.0033,1.174945E-05,45.0495,0
3.0042,-3.356985E-07,45.063,0,3.0042,3.356985E-07,45.063,0
3.0051,2.1149E-05,45.0765,0,3.0051,-3.726253E-05,45.0765,0
3.006,-8.392462E-06,45.09,0,3.006,-9.063859E-06,45.09,0
3.0069,-5.706874E-06,45.1035,0,3.0069,9.735256E-06,45.1035,0
3.0078,-1.242084E-05,45.117,0,3.0078,-3.726253E-05,45.117,0
3.0087,3.692683E-06,45.1305,0,3.0087,-5.572595E-05,45.1305,0
3.0096,-1.812772E-05,45.144,0,3.0096,-1.409934E-05,45.144,0
3.0105,-5.035477E-06,45.1575,0,3.0105,-1.644922E-05,45.1575,0
3.0114,-4.699779E-06,45.171,0,3.0114,-1.409934E-05,45.171,0
3.0123,1.443504E-05,45.1845,0,3.0123,-3.189136E-05,45.1845,0
3.0132,1.342794E-05,45.198,0,3.0132,-1.846342E-05,45.198,0
3.0141,-2.584878E-05,45.2115,0,3.0141,1.007095E-05,45.2115,0
3.015,8.728161E-06,45.225,0,3.015,-1.510643E-05,45.225,0
3.0159,3.289845E-05,45.2385,0,3.0159,-3.289845E-05,45.2385,0
3.0168,3.356985E-06,45.252,0,3.0168,-2.349889E-06,45.252,0
3.0177,-8.056763E-06,45.2655,0,3.0177,-1.174945E-05,45.2655,0
3.0186,-2.316319E-05,45.279,0,3.0186,-4.095522E-05,45.279,0
3.0195,-6.57969E-05,45.2925,0,3.0195,-1.007095E-05,45.2925,0
3.0204,-3.390555E-05,45.306,0,3.0204,-1.779202E-05,45.306,0
3.0213,3.021286E-06,45.3195,0,3.0213,-4.666209E-05,45.3195,0
3.0222,4.36408E-06,45.333,0,3.0222,-3.625543E-05,45.333,0
3.0231,-3.356985E-07,45.3465,0,3.0231,-1.510643E-05,45.3465,0
3.024,-8.728161E-06,45.36,0,3.024,-4.36408E-06,45.36,0
3.0249,1.443504E-05,45.3735,0,3.0249,2.014191E-06,45.3735,0
3.0258,1.174945E-05,45.387,0,3.0258,-4.061952E-05,45.387,0
3.0267,-1.040665E-05,45.4005,0,3.0267,-4.196231E-05,45.4005,0
3.0276,-3.021286E-05,45.414,0,3.0276,-6.210422E-05,45.414,0
3.0285,-6.713969E-06,45.4275,0,3.0285,-6.814679E-05,45.4275,0
3.0294,-7.049668E-06,45.441,0,3.0294,-7.486076E-05,45.441,0
3.0303,-1.712062E-05,45.4545,0,3.0303,-4.46479E-05,45.4545,0
3.0312,2.349889E-06,45.468,0,3.0312,-1.913481E-05,45.468,0
3.0321,1.443504E-05,45.4815,0,3.0321,1.107805E-05,45.4815,0
3.033,6.378271E-06,45.495,0,3.033,6.57969E-05,45.495,0
3.0339,2.1149E-05,45.5085,0,3.0339,6.143282E-05,45.5085,0
3.0348,2.047761E-05,45.522,0,3.0348,1.443504E-05,45.522,0
3.0357,7.721065E-06,45.5355,0,3.0357,-9.063859E-06,45.5355,0
3.0366,3.021286E-06,45.549,0,3.0366,-1.678492E-06,45.549,0
3.0375,5.706874E-06,45.5625,0,3.0375,-2.014191E-06,45.5625,0
3.0384,6.713969E-07,45.576,0,3.0384,-7.385367E-06,45.576,0
3.0393,1.275654E-05,45.5895,0,3.0393,-4.33051E-05,45.5895,0
3.0402,1.577783E-05,45.603,0,3.0402,-2.719158E-05,45.603,0
3.0411,-4.733349E-05,45.6165,0,3.0411,-7.721065E-06,45.6165,0
3.042,-3.390555E-05,45.63,0,3.042,-2.517739E-05,45.63,0
3.0429,-5.706874E-06,45.6435,0,3.0429,-3.390555E-05,45.6435,0
3.0438,-2.383459E-05,45.657,0,3.0438,3.692683E-06,45.657,0
3.0447,-2.786297E-05,45.6705,0,3.0447,-9.399558E-06,45.6705,0
3.0456,-2.18204E-05,45.684,0,3.0456,-4.46479E-05,45.684,0
3.0465,-5.203327E-05,45.6975,0,3.0465,-2.18204E-05,45.6975,0
3.0474,-2.24918E-05,45.711,0,3.0474,-1.007095E-05,45.711,0
3.0483,9.399558E-06,45.7245,0,3.0483,-5.673304E-05,45.7245,0
3.0492,-2.349889E-05,45.738,0,3.0492,-5.169757E-05,45.738,0
3.0501,-1.644922E-05,45.7515,0,3.0501,-4.666209E-05,45.7515,0
3.051,6.54612E-05,45.765,0,3.051,-4.129091E-05,45.765,0
3.0519,7.183947E-05,45.7785,0,3.0519,-2.24918E-05,45.7785,0
3.0528,1.309224E-05,45.792,0,3.0528,-3.793393E-05,45.792,0
3.0537,-2.047761E-05,45.8055,0,3.0537,-1.846342E-05,45.8055,0
3.0546,-4.33051E-05,45.819,0,3.0546,3.692683E-06,45.819,0
3.0555,-5.404745E-05,45.8325,0,3.0555,-8.728161E-06,45.8325,0
3.0564,-1.644922E-05,45.846,0,3.0564,-2.987716E-05,45.846,0
3.0573,-6.378271E-06,45.8595,0,3.0573,-5.706874E-06,45.8595,0
3.0582,-3.491264E-05,45.873,0,3.0582,-6.042573E-06,45.873,0
3.0591,1.040665E-05,45.8865,0,3.0591,-3.457694E-05,45.8865,0
3.06,2.819867E-05,45.9,0,3.06,-2.685588E-06,45.9,0
3.0609,-3.692683E-06,45.9135,0,3.0609,-3.692683E-06,45.9135,0
3.0618,-5.035477E-06,45.927,0,3.0618,-2.316319E-05,45.927,0
3.0627,1.141375E-05,45.9405,0,3.0627,9.735256E-06,45.9405,0
3.0636,-7.721065E-06,45.954,0,3.0636,2.450599E-05,45.954,0
3.0645,0,45.9675,0,3.0645,0,45.9675,0
3.0654,0,45.981,0,3.0654,0,45.981,0
3.0663,0,45.9945,0,3.0663,0,45.9945,0
3.0672,0,46.008,0,3.0672,0,46.008,0
3.0681,0,46.0215,0,3.0681,0,46.0215,0
3.069,0,46.035,0,3.069,0,46.035,0
3.0699,0,46.0485,0,3.0699,0,46.0485,0
3.0708,0,46.062,0,3.0708,0,46.062,0
3.0717,0,46.0755,0,3.0717,0,46.0755,0
3.0726,0,46.089,0,3.0726,0,46.089,0
3.0735,0,46.1025,0,3.0735,0,46.1025,0
3.0744,0,46.116,0,3.0744,0,46.116,0
3.0753,0,46.1295,0,3.0753,0,46.1295,0
3.0762,0,46.143,0,3.0762,0,46.143,0
3.0771,0,46.1565,0,3.0771,0,46.1565,0
3.078,0,46.17,0,3.078,0,46.17,0
3.0789,0,46.1835,0,3.0789,0,46.1835,0
3.0798,0,46.197,0,3.0798,0,46.197,0
3.0807,0,46.2105,0,3.0807,0,46.2105,0
3.0816,0,46.224,0,3.0816,0,46.224,0
3.0825,0,46.2375,0,3.0825,0,46.2375,0
3.0834,0,46.251,0,3.0834,0,46.251,0
3.0843,0,46.2645,0,3.0843,0,46.2645,0
3.0852,0,46.278,0,3.0852,0,46.278,0
3.0861,0,46.2915,0,3.0861,0,46.2915,0
3.087,0,46.305,0,3.087,0,46.305,0
3.0879,0,46.3185,0,3.0879,0,46.3185,0
3.0888,0,46.332,0,3.0888,0,46.332,0
3.0897,0,46.3455,0,3.0897,0,46.3455,0
3.0906,0,46.359,0,3.0906,0,46.359,0
3.0915,0,46.3725,0,3.0915,0,46.3725,0
3.0924,0,46.386,0,3.0924,0,46.386,0
3.0933,0,46.3995,0,3.0933,0,46.3995,0
3.0942,0,46.413,0,3.0942,0,46.413,0
3.0951,0,46.4265,0,3.0951,0,46.4265,0
3.096,0,46.44,0,3.096,0,46.44,0
3.0969,0,46.4535,0,3.0969,0,46.4535,0
3.0978,0,46.467,0,3.0978,0,46.467,0
3.0987,0,46.4805,0,3.0987,0,46.4805,0
3.0996,0,46.494,0,3.0996,0,46.494,0
3.1005,0,46.5075,0,3.1005,0,46.5075,0
3.1014,0,46.521,0,3.1014,0,46.521,0
3.1023,0,46.5345,0,3.1023,0,46.5345,0
3.1032,0,46.548,0,3.1032,0,46.548,0
3.1041,0,46.5615,0,3.1041,0,46.5615,0
3.105,0,46.575,0,3.105,0,46.575,0
3.1059,0,46.5885,0,3.1059,0,46.5885,0
3.1068,0,46.602,0,3.1068,0,46.602,0
3.1077,0,46.6155,0,3.1077,0,46.6155,0
3.1086,0,46.629,0,3.1086,0,46.629,0
3.1095,0,46.6425,0,3.1095,0,46.6425,0
3.1104,0,46.656,0,3.1104,0,46.656,0
3.1113,0,46.6695,0,3.1113,0,46.6695,0
3.1122,0,46.683,0,3.1122,0,46.683,0
3.1131,0,46.6965,0,3.1131,0,46.6965,0
3.114,0,46.71,0,3.114,0,46.71,0
3.1149,0,46.7235,0,3.1149,0,46.7235,0
3.1158,0,46.737,0,3.1158,0,46.737,0
3.1167,0,46.7505,0,3.1167,0,46.7505,0
3.1176,0,46.764,0,3.1176,0,46.764,0
3.1185,0,46.7775,0,3.1185,0,46.7775,0
3.1194,0,46.791,0,3.1194,0,46.791,0
3.1203,0,46.8045,0,3.1203,0,46.8045,0
3.1212,0,46.818,0,3.1212,0,46.818,0
3.1221,0,46.8315,0,3.1221,0,46.8315,0
3.123,0,46.845,0,3.123,0,46.845,0
3.1239,0,46.8585,0,3.1239,0,46.8585,0
3.1248,0,46.872,0,3.1248,0,46.872,0
3.1257,0,46.8855,0,3.1257,0,46.8855,0
3.1266,0,46.899,0,3.1266,0,46.899,0
3.1275,0,46.9125,0,3.1275,0,46.9125,0
3.1284,0,46.926,0,3.1284,0,46.926,0
3.1293,0,46.9395,0,3.1293,0,46.9395,0
3.1302,0,46.953,0,3.1302,0,46.953,0
3.1311,0,46.9665,0,3.1311,0,46.9665,0
3.132,0,46.98,0,3.132,0,46.98,0
3.1329,0,46.9935,0,3.1329,0,46.9935,0
3.1338,0,47.007,0,3.1338,0,47.007,0
3.1347,0,47.0205,0,3.1347,0,47.0205,0
3.1356,0,47.034,0,3.1356,0,47.034,0
3.1365,0,47.0475,0,3.1365,0,47.0475,0
3.1374,0,47.061,0,3.1374,0,47.061,0
3.1383,0,47.0745,0,3.1383,0,47.0745,0
3.1392,0,47.088,0,3.1392,0,47.088,0
3.1401,0,47.1015,0,3.1401,0,47.1015,0
3.141,0,47.115,0,3.141,0,47.115,0
3.1419,0,47.1285,0,3.1419,0,47.1285,0
3.1428,0,47.142,0,3.1428,0,47.142,0
3.1437,0,47.1555,0,3.1437,0,47.1555,0
3.1446,0,47.169,0,3.1446,0,47.169,0
3.1455,0,47.1825,0,3.1455,0,47.1825,0
3.1464,0,47.196,0,3.1464,0,47.196,0
3.1473,0,47.2095,0,3.1473,0,47.2095,0
3.1482,0,47.223,0,3.1482,0,47.223,0
3.1491,0,47.2365,0,3.1491,0,47.2365,0
3.15,0,47.25,0,3.15,0,47.25,0
3.1509,0,47.2635,0,3.1509,0,47.2635,0
3.1518,0,47.277,0,3.1518,0,47.277,0
3.1527,0,47.2905,0,3.1527,0,47.2905,0
3.1536,0,47.304,0,3.1536,0,47.304,0
3.1545,0,47.3175,0,3.1545,0,47.3175,0
3.1554,0,47.331,0,3.1554,0,47.331,0
3.1563,0,47.3445,0,3.1563,0,47.3445,0
3.1572,0,47.358,0,3.1572,0,47.358,0
3.1581,0,47.3715,0,3.1581,0,47.3715,0
3.159,0,47.385,0,3.159,0,47.385,0
3.1599,0,47.3985,0,3.1599,0,47.3985,0
3.1608,0,47.412,0,3.1608,0,47.412,0
3.1617,0,47.4255,0,3.1617,0,47.4255,0
3.1626,0,47.439,0,3.1626,0,47.439,0
3.1635,0,47.4525,0,3.1635,0,47.4525,0
3.1644,0,47.466,0,3.1644,0,47.466,0
3.1653,0,47.4795,0,3.1653,0,47.4795,0
3.1662,0,47.493,0,3.1662,0,47.493,0
3.1671,0,47.5065,0,3.1671,0,47.5065,0
3.168,0,47.52,0,3.168,0,47.52,0
3.1689,0,47.5335,0,3.1689,0,47.5335,0
3.1698,0,47.547,0,3.1698,0,47.547,0
3.1707,0,47.5605,0,3.1707,0,47.5605,0
3.1716,0,47.574,0,3.1716,0,47.574,0
3.1725,0,47.5875,0,3.1725,0,47.5875,0
3.1734,0,47.601,0,3.1734,0,47.601,0
3.1743,0,47.6145,0,3.1743,0,47.6145,0
3.1752,0,47.628,0,3.1752,0,47.628,0
3.1761,0,47.6415,0,3.1761,0,47.6415,0
3.177,0,47.655,0,3.177,0,47.655,0
3.1779,0,47.6685,0,3.1779,0,47.6685,0
3.1788,0,47.682,0,3.1788,0,47.682,0
3.1797,0,47.6955,0,3.1797,0,47.6955,0
3.1806,0,47.709,0,3.1806,0,47.709,0
3.1815,0,47.7225,0,3.1815,0,47.7225,0
3.1824,0,47.736,0,3.1824,0,47.736,0
3.1833,0,47.7495,0,3.1833,0,47.7495,0
3.1842,0,47.763,0,3.1842,0,47.763,0
3.1851,0,47.7765,0,3.1851,0,47.7765,0
3.186,0,47.79,0,3.186,0,47.79,0
3.1869,0,47.8035,0,3.1869,0,47.8035,0
3.1878,0,47.817,0,3.1878,0,47.817,0
3.1887,0,47.8305,0,3.1887,0,47.8305,0
3.1896,0,47.844,0,3.1896,0,47.844,0
3.1905,0,47.8575,0,3.1905,0,47.8575,0
3.1914,0,47.871,0,3.1914,0,47.871,0
3.1923,0,47.8845,0,3.1923,0,47.8845,0
3.1932,0,47.898,0,3.1932,0,47.898,0
3.1941,0,47.9115,0,3.1941,0,47.9115,0
3.195,0,47.925,0,3.195,0,47.925,0
3.1959,0,47.9385,0,3.1959,0,47.9385,0
3.1968,0,47.952,0,3.1968,0,47.952,0
3.1977,0,47.9655,0,3.1977,0,47.9655,0
3.1986,0,47.979,0,3.1986,0,47.979,0
3.1995,0,47.9925,0,3.1995,0,47.9925,0
3.2004,0,48.006,0,3.2004,0,48.006,0
3.2013,0,48.0195,0,3.2013,0,48.0195,0
3.2022,0,48.033,0,3.2022,0,48.033,0
3.2031,0,48.0465,0,3.2031,0,48.0465,0
3.204,0,48.06,0,3.204,0,48.06,0
3.2049,0,48.0735,0,3.2049,0,48.0735,0
3.2058,0,48.087,0,3.2058,0,48.087,0
3.2067,0,48.1005,0,3.2067,0,48.1005,0
3.2076,0,48.114,0,3.2076,0,48.114,0
3.2085,0,48.1275,0,3.2085,0,48.1275,0
3.2094,0,48.141,0,3.2094,0,48.141,0
3.2103,0,48.1545,0,3.2103,0,48.1545,0
3.2112,0,48.168,0,3.2112,0,48.168,0
3.2121,0,48.1815,0,3.2121,0,48.1815,0
3.213,0,48.195,0,3.213,0,48.195,0
3.2139,0,48.2085,0,3.2139,0,48.2085,0
3.2148,0,48.222,0,3.2148,0,48.222,0
3.2157,0,48.2355,0,3.2157,0,48.2355,0
3.2166,0,48.249,0,3.2166,0,48.249,0
3.2175,0,48.2625,0,3.2175,0,48.2625,0
3.2184,0,48.276,0,3.2184,0,48.276,0
3.2193,0,48.2895,0,3.2193,0,48.2895,0
3.2202,0,48.303,0,3.2202,0,48.303,0
3.2211,0,48.3165,0,3.2211,0,48.3165,0
3.222,0,48.33,0,3.222,0,48.33,0
3.2229,0,48.3435,0,3.2229,0,48.3435,0
3.2238,0,48.357,0,3.2238,0,48.357,0
3.2247,0,48.3705,0,3.2247,0,48.3705,0
3.2256,0,48.384,0,3.2256,0,48.384,0
3.2265,0,48.3975,0,3.2265,0,48.3975,0
3.2274,0,48.411,0,3.2274,0,48.411,0
3.2283,0,48.4245,0,3.2283,0,48.4245,0
3.2292,0,48.438,0,3.2292,0,48.438,0
3.2301,0,48.4515,0,3.2301,0,48.4515,0
3.231,0,48.465,0,3.231,0,48.465,0
3.2319,0,48.4785,0,3.2319,0,48.4785,0
3.2328,0,48.492,0,3.2328,0,48.492,0
3.2337,0,48.5055,0,3.2337,0,48.5055,0
3.2346,0,48.519,0,3.2346,0,48.519,0
3.2355,0,48.5325,0,3.2355,0,48.5325,0
3.2364,0,48.546,0,3.2364,0,48.546,0
3.2373,0,48.5595,0,3.2373,0,48.5595,0
3.2382,0,48.573,0,3.2382,0,48.573,0
3.2391,0,48.5865,0,3.2391,0,48.5865,0
3.24,0,48.6,0,3.24,0,48.6,0
3.2409,0,48.6135,0,3.2409,0,48.6135,0
3.2418,0,48.627,0,3.2418,0,48.627,0
3.2427,0,48.6405,0,3.2427,0,48.6405,0
3.2436,0,48.654,0,3.2436,0,48.654,0
3.2445,0,48.6675,0,3.2445,0,48.6675,0
3.2454,0,48.681,0,3.2454,0,48.681,0
3.2463,0,48.6945,0,3.2463,0,48.6945,0
3.2472,0,48.708,0,3.2472,0,48.708,0
3.2481,0,48.7215,0,3.2481,0,48.7215,0
3.249,0,48.735,0,3.249,0,48.735,0
3.2499,0,48.7485,0,3.2499,0,48.7485,0
3.2508,0,48.762,0,3.2508,0,48.762,0
3.2517,0,48.7755,0,3.2517,0,48.7755,0
3.2526,0,48.789,0,3.2526,0,48.789,0
3.2535,0,48.8025,0,3.2535,0,48.8025,0
3.2544,0,48.816,0,3.2544,0,48.816,0
3.2553,0,48.8295,0,3.2553,0,48.8295,0
3.2562,0,48.843,0,3.2562,0,48.843,0
3.2571,0,48.8565,0,3.2571,0,48.8565,0
3.258,0,48.87,0,3.258,0,48.87,0
3.2589,0,48.8835,0,3.2589,0,48.8835,0
3.2598,0,48.897,0,3.2598,0,48.897,0
3.2607,0,48.9105,0,3.2607,0,48.9105,0
3.2616,0,48.924,0,3.2616,0,48.924,0
3.2625,0,48.9375,0,3.2625,0,48.9375,0
3.2634,0,48.951,0,3.2634,0,48.951,0
3.2643,0,48.9645,0,3.2643,0,48.9645,0
3.2652,0,48.978,0,3.2652,0,48.978,0
3.2661,0,48.9915,0,3.2661,0,48.9915,0
3.267,0,49.005,0,3.267,0,49.005,0
3.2679,0,49.0185,0,3.2679,0,49.0185,0
3.2688,0,49.032,0,3.2688,0,49.032,0
3.2697,0,49.0455,0,3.2697,0,49.0455,0
3.2706,0,49.059,0,3.2706,0,49.059,0
3.2715,0,49.0725,0,3.2715,0,49.0725,0
3.2724,0,49.086,0,3.2724,0,49.086,0
3.2733,0,49.0995,0,3.2733,0,49.0995,0
3.2742,0,49.113,0,3.2742,0,49.113,0
3.2751,0,49.1265,0,3.2751,0,49.1265,0
3.276,0,49.14,0,3.276,0,49.14,0
3.2769,0,49.1535,0,3.2769,0,49.1535,0
3.2778,0,49.167,0,3.2778,0,49.167,0
3.2787,0,49.1805,0,3.2787,0,49.1805,0
3.2796,0,49.194,0,3.2796,0,49.194,0
3.2805,0,49.2075,0,3.2805,0,49.2075,0
3.2814,0,49.221,0,3.2814,0,49.221,0
3.2823,0,49.2345,0,3.2823,0,49.2345,0
3.2832,0,49.248,0,3.2832,0,49.248,0
3.2841,0,49.2615,0,3.2841,0,49.2615,0
3.285,0,49.275,0,3.285,0,49.275,0
3.2859,0,49.2885,0,3.2859,0,49.2885,0
3.2868,0,49.302,0,3.2868,0,49.302,0
3.2877,0,49.3155,0,3.2877,0,49.3155,0
3.2886,0,49.329,0,3.2886,0,49.329,0
3.2895,0,49.3425,0,3.2895,0,49.3425,0
3.2904,0,49.356,0,3.2904,0,49.356,0
3.2913,0,49.3695,0,3.2913,0,49.3695,0
3.2922,0,49.383,0,3.2922,0,49.383,0
3.2931,0,49.3965,0,3.2931,0,49.3965,0
3.294,0,49.41,0,3.294,0,49.41,0
3.2949,0,49.4235,0,3.2949,0,49.4235,0
3.2958,0,49.437,0,3.2958,0,49.437,0
3.2967,0,49.4505,0,3.2967,0,49.4505,0
3.2976,0,49.464,0,3.2976,0,49.464,0
3.2985,0,49.4775,0,3.2985,0,49.4775,0
3.2994,0,49.491,0,3.2994,0,49.491,0
3.3003,0,49.5045,0,3.3003,0,49.5045,0
3.3012,0,49.518,0,3.3012,0,49.518,0
3.3021,0,49.5315,0,3.3021,0,49.5315,0
3.303,0,49.545,0,3.303,0,49.545,0
3.3039,0,49.5585,0,3.3039,0,49.5585,0
3.3048,0,49.572,0,3.3048,0,49.572,0
3.3057,0,49.5855,0,3.3057,0,49.5855,0
3.3066,0,49.599,0,3.3066,0,49.599,0
3.3075,0,49.6125,0,3.3075,0,49.6125,0
3.3084,0,49.626,0,3.3084,0,49.626,0
3.3093,0,49.6395,0,3.3093,0,49.6395,0
3.3102,0,49.653,0,3.3102,0,49.653,0
3.3111,0,49.6665,0,3.3111,0,49.6665,0
3.312,0,49.68,0,3.312,0,49.68,0
3.3129,0,49.6935,0,3.3129,0,49.6935,0
3.3138,0,49.707,0,3.3138,0,49.707,0
3.3147,0,49.7205,0,3.3147,0,49.7205,0
3.3156,0,49.734,0,3.3156,0,49.734,0
3.3165,0,49.7475,0,3.3165,0,49.7475,0
3.3174,0,49.761,0,3.3174,0,49.761,0
3.3183,0,49.7745,0,3.3183,0,49.7745,0
3.3192,0,49.788,0,3.3192,0,49.788,0
3.3201,0,49.8015,0,3.3201,0,49.8015,0
3.321,0,49.815,0,3.321,0,49.815,0
3.3219,0,49.8285,0,3.3219,0,49.8285,0
3.3228,0,49.842,0,3.3228,0,49.842,0
3.3237,0,49.8555,0,3.3237,0,49.8555,0
3.3246,0,49.869,0,3.3246,0,49.869,0
3.3255,0,49.8825,0,3.3255,0,49.8825,0
3.3264,0,49.896,0,3.3264,0,49.896,0
3.3273,0,49.9095,0,3.3273,0,49.9095,0
3.3282,0,49.923,0,3.3282,0,49.923,0
3.3291,0,49.9365,0,3.3291,0,49.9365,0
3.33,0,49.95,0,3.33,0,49.95,0
3.3309,0,49.9635,0,3.3309,0,49.9635,0
3.3318,0,49.977,0,3.3318,0,49.977,0
3.3327,0,49.9905,0,3.3327,0,49.9905,0
3.3336,0,50.004,0,3.3336,0,50.004,0
3.3345,0,50.0175,0,3.3345,0,50.0175,0
3.3354,0,50.031,0,3.3354,0,50.031,0
3.3363,0,50.0445,0,3.3363,0,50.0445,0
3.3372,0,50.058,0,3.3372,0,50.058,0
3.3381,0,50.0715,0,3.3381,0,50.0715,0
3.339,0,50.085,0,3.339,0,50.085,0
3.3399,0,50.0985,0,3.3399,0,50.0985,0
3.3408,0,50.112,0,3.3408,0,50.112,0
3.3417,0,50.1255,0,3.3417,0,50.1255,0
3.3426,0,50.139,0,3.3426,0,50.139,0
3.3435,0,50.1525,0,3.3435,0,50.1525,0
3.3444,0,50.166,0,3.3444,0,50.166,0
3.3453,0,50.1795,0,3.3453,0,50.1795,0
3.3462,0,50.193,0,3.3462,0,50.193,0
3.3471,0,50.2065,0,3.3471,0,50.2065,0
3.348,0,50.22,0,3.348,0,50.22,0
3.3489,0,50.2335,0,3.3489,0,50.2335,0
3.3498,0,50.247,0,3.3498,0,50.247,0
3.3507,0,50.2605,0,3.3507,0,50.2605,0
3.3516,0,50.274,0,3.3516,0,50.274,0
3.3525,0,50.2875,0,3.3525,0,50.2875,0
3.3534,0,50.301,0,3.3534,0,50.301,0
3.3543,0,50.3145,0,3.3543,0,50.3145,0
3.3552,0,50.328,0,3.3552,0,50.328,0
3.3561,0,50.3415,0,3.3561,0,50.3415,0
3.357,0,50.355,0,3.357,0,50.355,0
3.3579,0,50.3685,0,3.3579,0,50.3685,0
3.3588,0,50.382,0,3.3588,0,50.382,0
3.3597,0,50.3955,0,3.3597,0,50.3955,0
3.3606,0,50.409,0,3.3606,0,50.409,0
3.3615,0,50.4225,0,3.3615,0,50.4225,0
3.3624,0,50.436,0,3.3624,0,50.436,0
3.3633,0,50.4495,0,3.3633,0,50.4495,0
3.3642,0,50.463,0,3.3642,0,50.463,0
3.3651,0,50.4765,0,3.3651,0,50.4765,0
3.366,0,50.49,0,3.366,0,50.49,0
3.3669,0,50.5035,0,3.3669,0,50.5035,0
3.3678,0,50.517,0,3.3678,0,50.517,0
3.3687,0,50.5305,0,3.3687,0,50.5305,0
3.3696,0,50.544,0,3.3696,0,50.544,0
3.3705,0,50.5575,0,3.3705,0,50.5575,0
3.3714,0,50.571,0,3.3714,0,50.571,0
3.3723,0,50.5845,0,3.3723,0,50.5845,0
3.3732,0,50.598,0,3.3732,0,50.598,0
3.3741,0,50.6115,0,3.3741,0,50.6115,0
3.375,0,50.625,0,3.375,0,50.625,0
3.3759,0,50.6385,0,3.3759,0,50.6385,0
3.3768,0,50.652,0,3.3768,0,50.652,0
3.3777,0,50.6655,0,3.3777,0,50.6655,0
3.3786,0,50.679,0,3.3786,0,50.679,0
3.3795,0,50.6925,0,3.3795,0,50.6925,0
3.3804,0,50.706,0,3.3804,0,50.706,0
3.3813,0,50.7195,0,3.3813,0,50.7195,0
3.3822,0,50.733,0,3.3822,0,50.733,0
3.3831,0,50.7465,0,3.3831,0,50.7465,0
3.384,0,50.76,0,3.384,0,50.76,0
3.3849,0,50.7735,0,3.3849,0,50.7735,0
3.3858,0,50.787,0,3.3858,0,50.787,0
3.3867,0,50.8005,0,3.3867,0,50.8005,0
3.3876,0,50.814,0,3.3876,0,50.814,0
3.3885,0,50.8275,0,3.3885,0,50.8275,0
3.3894,0,50.841,0,3.3894,0,50.841,0
3.3903,0,50.8545,0,3.3903,0,50.8545,0
3.3912,0,50.868,0,3.3912,0,50.868,0
3.3921,0,50.8815,0,3.3921,0,50.8815,0
3.393,0,50.895,0,3.393,0,50.895,0
3.3939,0,50.9085,0,3.3939,0,50.9085,0
3.3948,0,50.922,0,3.3948,0,50.922,0
3.3957,0,50.9355,0,3.3957,0,50.9355,0
3.3966,0,50.949,0,3.3966,0,50.949,0
3.3975,0,50.9625,0,3.3975,0,50.9625,0
3.3984,0,50.976,0,3.3984,0,50.976,0
3.3993,0,50.9895,0,3.3993,0,50.9895,0
3.4002,0,51.003,0,3.4002,0,51.003,0
3.4011,0,51.0165,0,3.4011,0,51.0165,0
3.402,0,51.03,0,3.402,0,51.03,0
3.4029,0,51.0435,0,3.4029,0,51.0435,0
3.4038,0,51.057,0,3.4038,0,51.057,0
3.4047,0,51.0705,0,3.4047,0,51.0705,0
3.4056,0,51.084,0,3.4056,0,51.084,0
3.4065,0,51.0975,0,3.4065,0,51.0975,0
3.4074,0,51.111,0,3.4074,0,51.111,0
3.4083,0,51.1245,0,3.4083,0,51.1245,0
3.4092,0,51.138,0,3.4092,0,51.138,0
3.4101,0,51.1515,0,3.4101,0,51.1515,0
3.411,0,51.165,0,3.411,0,51.165,0
3.4119,0,51.1785,0,3.4119,0,51.1785,0
3.4128,0,51.192,0,3.4128,0,51.192,0
3.4137,0,51.2055,0,3.4137,0,51.2055,0
3.4146,0,51.219,0,3.4146,0,51.219,0
3.4155,0,51.2325,0,3.4155,0,51.2325,0
3.4164,0,51.246,0,3.4164,0,51.246,0
3.4173,0,51.2595,0,3.4173,0,51.2595,0
3.4182,0,51.273,0,3.4182,0,51.273,0
3.4191,0,51.2865,0,3.4191,0,51.2865,0
3.42,0,51.3,0,3.42,0,51.3,0
3.4209,0,51.3135,0,3.4209,0,51.3135,0
3.4218,0,51.327,0,3.4218,0,51.327,0
3.4227,0,51.3405,0,3.4227,0,51.3405,0
3.4236,0,51.354,0,3.4236,0,51.354,0
3.4245,0,51.3675,0,3.4245,0,51.3675,0
3.4254,0,51.381,0,3.4254,0,51.381,0
3.4263,0,51.3945,0,3.4263,0,51.3945,0
3.4272,0,51.408,0,3.4272,0,51.408,0
3.4281,0,51.4215,0,3.4281,0,51.4215,0
3.429,0,51.435,0,3.429,0,51.435,0
3.4299,0,51.4485,0,3.4299,0,51.4485,0
3.4308,0,51.462,0,3.4308,0,51.462,0
3.4317,0,51.4755,0,3.4317,0,51.4755,0
3.4326,0,51.489,0,3.4326,0,51.489,0
3.4335,0,51.5025,0,3.4335,0,51.5025,0
3.4344,0,51.516,0,3.4344,0,51.516,0
3.4353,0,51.5295,0,3.4353,0,51.5295,0
3.4362,0,51.543,0,3.4362,0,51.543,0
3.4371,0,51.5565,0,3.4371,0,51.5565,0
3.438,0,51.57,0,3.438,0,51.57,0
3.4389,0,51.5835,0,3.4389,0,51.5835,0
3.4398,0,51.597,0,3.4398,0,51.597,0
3.4407,0,51.6105,0,3.4407,0,51.6105,0
3.4416,0,51.624,0,3.4416,0,51.624,0
3.4425,0,51.6375,0,3.4425,0,51.6375,0
3.4434,0,51.651,0,3.4434,0,51.651,0
3.4443,0,51.6645,0,3.4443,0,51.6645,0
3.4452,0,51.678,0,3.4452,0,51.678,0
3.4461,0,51.6915,0,3.4461,0,51.6915,0
3.447,0,51.705,0,3.447,0,51.705,0
3.4479,0,51.7185,0,3.4479,0,51.7185,0
3.4488,0,51.732,0,3.4488,0,51.732,0
3.4497,0,51.7455,0,3.4497,0,51.7455,0
3.4506,0,51.759,0,3.4506,0,51.759,0
3.4515,0,51.7725,0,3.4515,0,51.7725,0
3.4524,0,51.786,0,3.4524,0,51.786,0
3.4533,0,51.7995,0,3.4533,0,51.7995,0
3.4542,0,51.813,0,3.4542,0,51.813,0
3.4551,0,51.8265,0,3.4551,0,51.8265,0
3.456,0,51.84,0,3.456,0,51.84,0
3.4569,0,51.8535,0,3.4569,0,51.8535,0
3.4578,0,51.867,0,3.4578,0,51.867,0
3.4587,0,51.8805,0,3.4587,0,51.8805,0
3.4596,0,51.894,0,3.4596,0,51.894,0
3.4605,0,51.9075,0,3.4605,0,51.9075,0
3.4614,0,51.921,0,3.4614,0,51.921,0
3.4623,0,51.9345,0,3.4623,0,51.9345,0
3.4632,0,51.948,0,3.4632,0,51.948,0
3.4641,0,51.9615,0,3.4641,0,51.9615,0
3.465,0,51.975,0,3.465,0,51.975,0
3.4659,0,51.9885,0,3.4659,0,51.9885,0
3.4668,0,52.002,0,3.4668,0,52.002,0
3.4677,0,52.0155,0,3.4677,0,52.0155,0
3.4686,0,52.029,0,3.4686,0,52.029,0
3.4695,0,52.0425,0,3.4695,0,52.0425,0
3.4704,0,52.056,0,3.4704,0,52.056,0
3.4713,0,52.0695,0,3.4713,0,52.0695,0
3.4722,0,52.083,0,3.4722,0,52.083,0
3.4731,0,52.0965,0,3.4731,0,52.0965,0
3.474,0,52.11,0,3.474,0,52.11,0
3.4749,0,52.1235,0,3.4749,0,52.1235,0
3.4758,0,52.137,0,3.4758,0,52.137,0
3.4767,0,52.1505,0,3.4767,0,52.1505,0
3.4776,0,52.164,0,3.4776,0,52.164,0
3.4785,0,52.1775,0,3.4785,0,52.1775,0
3.4794,0,52.191,0,3.4794,0,52.191,0
3.4803,0,52.2045,0,3.4803,0,52.2045,0
3.4812,0,52.218,0,3.4812,0,52.218,0
3.4821,0,52.2315,0,3.4821,0,52.2315,0
3.483,0,52.245,0,3.483,0,52.245,0
3.4839,0,52.2585,0,3.4839,0,52.2585,0
3.4848,0,52.272,0,3.4848,0,52.272,0
3.4857,0,52.2855,0,3.4857,0,52.2855,0
3.4866,0,52.299,0,3.4866,0,52.299,0
3.4875,0,52.3125,0,3.4875,0,52.3125,0
3.4884,0,52.326,0,3.4884,0,52.326,0
3.4893,0,52.3395,0,3.4893,0,52.3395,0
3.4902,0,52.353,0,3.4902,0,52.353,0
3.4911,0,52.3665,0,3.4911,0,52.3665,0
3.492,0,52.38,0,3.492,0,52.38,0
3.4929,0,52.3935,0,3.4929,0,52.3935,0
3.4938,0,52.407,0,3.4938,0,52.407,0
3.4947,0,52.4205,0,3.4947,0,52.4205,0
3.4956,0,52.434,0,3.4956,0,52.434,0
