X[s],"Trigno IM sensor 3: EMG 3 (IM)",X[s],"Trigno IM sensor 3: Mag 3.Z (IM)",X[s],"Trigno IM sensor 4: EMG 4 (IM)",X[s],"Trigno IM sensor 4: Mag 4.Z (IM)"
0.000000,0.0001050736,0.000000,123,0.000000,3.994812E-05,0.000000,-3
0.0009,7.922484E-05,0.0135,124,0.0009,8.493171E-05,0.0135,0
0.0018,1.980621E-05,0.027,124,0.0018,7.888914E-05,0.027,-3
0.0027,-4.666209E-05,0.0405,124,0.0027,0.0001084306,0.0405,-2
0.0036,-0.0001644923,0.054,123,0.0036,0.0001352865,0.054,0
0.0045,-2.551309E-05,0.0675,123,0.0045,6.311131E-05,0.0675,-3
0.0054,0.0001493858,0.081,124,0.0054,2.920577E-05,0.081,-1
0.0063,0.0001426719,0.0945,124,0.0063,2.517739E-05,0.0945,-3
0.0072,6.411841E-05,0.108,125,0.0072,-2.685588E-06,0.108,-4
0.0081,9.970245E-05,0.1215,123,0.0081,-5.471885E-05,0.1215,-2
0.009000001,0.0001168231,0.135,123,0.009000001,-0.0001554284,0.135,-4
0.0099,3.021286E-06,0.1485,123,0.0099,-0.0001876554,0.1485,1
0.0108,-6.74754E-05,0.162,123,0.0108,-0.0001926909,0.162,-4
0.0117,-0.0001430075,0.1755,122,0.0117,-0.0001198444,0.1755,-1
0.0126,-0.0003685969,0.189,123,0.0126,-1.007095E-05,0.189,0
0.0135,-0.0003917601,0.2025,124,0.0135,0.0001550927,0.2025,-3
0.0144,-0.0002108186,0.216,124,0.0144,0.0001497215,0.216,-2
0.0153,-0.0001567712,0.2295,123,0.0153,6.881819E-05,0.2295,-4
0.0162,-7.989624E-05,0.243,124,0.0162,4.46479E-05,0.243,-2
0.0171,-0.0001037308,0.2565,123,0.0171,1.779202E-05,0.2565,-3
0.018,-2.28275E-05,0.27,123,0.018,-2.752728E-05,0.27,-2
0.0189,2.517739E-05,0.2835,124,0.0189,-8.392462E-06,0.2835,0
0.0198,3.793393E-05,0.297,124,0.0198,-1.745632E-05,0.297,0
0.0207,7.183947E-05,0.3105,123,0.0207,-3.659113E-05,0.3105,-1
0.0216,6.411841E-05,0.324,124,0.0216,-4.229801E-05,0.324,-1
0.0225,6.143282E-05,0.3375,123,0.0225,-4.733349E-05,0.3375,-1
0.0234,2.383459E-05,0.351,124,0.0234,-6.64683E-05,0.351,-1
0.0243,-5.337606E-05,0.3645,124,0.0243,-0.000115816,0.3645,-2
0.0252,-5.706874E-06,0.378,124,0.0252,-0.0001604639,0.378,-1
0.0261,1.812772E-05,0.3915,123,0.0261,-0.0001524071,0.3915,-3
0.027,5.874724E-05,0.405,122,0.027,-0.0001205158,0.405,-1
0.0279,9.701686E-05,0.4185,123,0.0279,-7.183947E-05,0.4185,-2
0.0288,9.097429E-05,0.432,124,0.0288,1.678492E-06,0.432,0
0.0297,9.063859E-05,0.4455,122,0.0297,9.903105E-05,0.4455,-1
0.0306,6.6804E-05,0.459,123,0.0306,0.0001010452,0.459,0
0.0315,1.913481E-05,0.4725,124,0.0315,-4.699779E-06,0.4725,-1
0.0324,7.687495E-05,0.486,124,0.0324,-1.309224E-05,0.486,0
0.0333,0.0001178302,0.4995,125,0.0333,1.577783E-05,0.4995,-4
0.0342,0.0001117876,0.513,124,0.0342,-1.409934E-05,0.513,-1
0.0351,6.64683E-05,0.5265,124,0.0351,-2.383459E-05,0.5265,-2
0.036,-4.263371E-05,0.54,124,0.036,4.800488E-05,0.54,-2
0.0369,-0.0001279011,0.5535,124,0.0369,3.155566E-05,0.5535,-2
0.0378,-7.083238E-05,0.567,123,0.0378,-6.210422E-05,0.567,-1
0.0387,-3.356985E-07,0.5805,125,0.0387,-5.236896E-05,0.5805,-4
0.0396,1.208515E-05,0.594,124,0.0396,-1.007095E-06,0.594,-1
0.0405,4.061952E-05,0.6075,124,0.0405,-9.399558E-06,0.6075,-4
0.0414,-2.786297E-05,0.621,124,0.0414,-1.879912E-05,0.621,0
0.0423,-8.157473E-05,0.6345,124,0.0423,-8.392462E-05,0.6345,-2
0.0432,-3.659113E-05,0.648,123,0.0432,-3.390555E-05,0.648,-1
0.0441,-4.699779E-05,0.6615,123,0.0441,-1.409934E-05,0.6615,-5
0.045,-1.644922E-05,0.675,124,0.045,-0.0001010452,0.675,-4
0.0459,1.309224E-05,0.6885,123,0.0459,-0.0001211871,0.6885,-2
0.0468,-1.644922E-05,0.702,124,0.0468,-6.076142E-05,0.702,0
0.0477,-2.24918E-05,0.7155,124,0.0477,-4.229801E-05,0.7155,-2
0.0486,-4.36408E-06,0.729,124,0.0486,-4.196231E-05,0.729,-1
0.0495,-1.007095E-06,0.7425,124,0.0495,3.323415E-05,0.7425,-4
0.0504,2.517739E-05,0.756,124,0.0504,0.0001352865,0.756,0
0.0513,7.888914E-05,0.7695,124,0.0513,0.0001064164,0.7695,-1
0.0522,1.342794E-06,0.783,124,0.0522,2.047761E-05,0.783,-5
0.0531,-3.826963E-05,0.7965,123,0.0531,-1.074235E-05,0.7965,-2
0.054,-2.920577E-05,0.81,125,0.054,-6.478981E-05,0.81,-2
0.0549,-6.411841E-05,0.8235,123,0.0549,-9.567407E-05,0.8235,-4
0.0558,-9.970245E-05,0.837,122,0.0558,-8.258183E-05,0.837,-2
0.0567,-8.82887E-05,0.8505,122,0.0567,-7.016098E-05,0.8505,-5
0.0576,-4.565499E-05,0.864,123,0.0576,-2.24918E-05,0.864,-3
0.0585,-1.242084E-05,0.8775,121,0.0585,-5.639734E-05,0.8775,-6
0.0594,-4.36408E-06,0.891,122,0.0594,-4.061952E-05,0.891,-3
0.0603,1.477073E-05,0.9045,121,0.0603,7.653925E-05,0.9045,-5
0.0612,2.24918E-05,0.918,120,0.0612,1.678492E-06,0.918,-4
0.0621,7.049668E-06,0.9315,122,0.0621,-5.471885E-05,0.9315,-6
0.063,0,0.945,123,0.063,1.846342E-05,0.945,-5
0.0639,4.263371E-05,0.9585,121,0.0639,0.0001037308,0.9585,-7
0.0648,2.1149E-05,0.972,122,0.0648,0.0001050736,0.972,-5
0.0657,-3.860533E-05,0.9855,122,0.0657,5.673304E-05,0.9855,-3
0.0666,-1.510643E-05,0.999,122,0.0666,-1.678492E-05,0.999,-1
0.0675,8.728161E-06,1.0125,122,0.0675,-0.0001067521,1.0125,-1
0.0684,1.309224E-05,1.026,120,0.0684,-0.0001144732,1.026,-1
0.0693,1.342794E-06,1.0395,121,0.0693,-0.0001426719,1.0395,-4
0.0702,3.457694E-05,1.053,120,0.0702,-0.000102388,1.053,0
0.0711,5.069047E-05,1.0665,120,0.0711,-2.752728E-05,1.0665,-2
0.072,4.43122E-05,1.08,120,0.072,4.229801E-05,1.08,0
0.0729,5.874724E-05,1.0935,120,0.0729,7.620356E-05,1.0935,-4
0.07380001,7.049668E-06,1.107,120,0.07380001,5.069047E-05,1.107,-3
0.07470001,-2.014191E-06,1.1205,120,0.07470001,6.814679E-05,1.1205,-2
0.0756,3.558404E-05,1.134,120,0.0756,3.189136E-05,1.134,-3
0.0765,1.007095E-06,1.1475,121,0.0765,4.095522E-05,1.1475,-5
0.0774,-2.652018E-05,1.161,120,0.0774,5.941863E-05,1.161,-1
0.0783,0.0001050736,1.1745,120,0.0783,-7.385367E-06,1.1745,-2
0.0792,0.000112459,1.188,120,0.0792,-5.673304E-05,1.188,-4
0.0801,5.136187E-05,1.2015,120,0.0801,-0.0001185016,1.2015,-3
0.081,0.000144686,1.215,120,0.081,-0.0001309224,1.215,-4
0.0819,0.0002762798,1.2285,121,0.0819,-0.0001339437,1.2285,-1
0.0828,0.0001305867,1.242,120,0.0828,-0.000161471,1.242,-3
0.0837,-9.970245E-05,1.2555,120,0.0837,-9.903105E-05,1.2555,-5
0.0846,-0.0003837034,1.269,120,0.0846,3.390555E-05,1.269,-4
0.0855,-0.0006129854,1.2825,120,0.0855,-7.888914E-05,1.2825,-2
0.0864,-0.0002970932,1.296,120,0.0864,-6.814679E-05,1.296,-3
0.0873,-0.0001379721,1.3095,119,0.0873,5.606165E-05,1.3095,-4
0.0882,-9.735256E-06,1.323,120,0.0882,0.000126894,1.323,-3
0.0891,0.0001242084,1.3365,121,0.0891,0.0001916838,1.3365,-2
0.09,3.323415E-05,1.35,121,0.09,0.0001111162,1.35,-5
0.0909,1.007095E-05,1.3635,120,0.0909,7.620356E-05,1.3635,-5
0.0918,3.189136E-05,1.377,120,0.0918,1.040665E-05,1.377,-2
0.0927,-2.920577E-05,1.3905,120,0.0927,-7.385367E-05,1.3905,0
0.0936,-0.0001312581,1.404,121,0.0936,-6.277562E-05,1.404,-3
0.09450001,-0.0002111543,1.4175,119,0.09450001,-6.881819E-05,1.4175,-6
0.09540001,-3.088426E-05,1.431,121,0.09540001,-0.0001017166,1.431,-5
0.09630001,8.123904E-05,1.4445,121,0.09630001,-0.0001185016,1.4445,-6
0.0972,2.24918E-05,1.458,121,0.0972,-4.39765E-05,1.458,-2
0.0981,1.174945E-05,1.4715,121,0.0981,7.821774E-05,1.4715,-3
0.099,-3.961242E-05,1.485,121,0.099,7.586786E-05,1.485,-2
0.0999,-8.728161E-06,1.4985,120,0.0999,2.450599E-05,1.4985,-6
0.1008,-2.24918E-05,1.512,119,0.1008,3.591974E-05,1.512,-3
0.1017,-4.263371E-05,1.5255,119,0.1017,-3.021286E-06,1.5255,-1
0.1026,9.701686E-05,1.539,120,0.1026,-6.478981E-05,1.539,-2
0.1035,0.0001883268,1.5525,120,0.1035,-2.081331E-05,1.5525,-3
0.1044,0.0002192111,1.566,120,0.1044,-2.618448E-05,1.566,-3
0.1053,0.0001453574,1.5795,121,0.1053,-6.6804E-05,1.5795,-5
0.1062,-5.539025E-05,1.593,120,0.1062,-5.706874E-05,1.593,-3
0.1071,-0.0001534142,1.6065,120,0.1071,-3.021286E-05,1.6065,-2
0.108,-0.0001453574,1.62,121,0.108,-3.054856E-05,1.62,-1
0.1089,-5.606165E-05,1.6335,120,0.1089,-4.867628E-05,1.6335,-2
0.1098,-2.484169E-05,1.647,119,0.1098,-7.754635E-05,1.647,-3
0.1107,-1.913481E-05,1.6605,120,0.1107,-6.344701E-05,1.6605,-3
0.1116,-1.342794E-05,1.674,120,0.1116,-4.36408E-06,1.674,-1
0.1125,-4.699779E-06,1.6875,120,0.1125,-1.745632E-05,1.6875,-5
0.1134,-1.376364E-05,1.701,121,0.1134,-6.344701E-05,1.701,-2
0.1143,-3.591974E-05,1.7145,120,0.1143,-6.881819E-05,1.7145,-2
0.1152,-6.042573E-06,1.728,120,0.1152,-0.0001171588,1.728,-2
0.1161,7.721065E-05,1.7415,119,0.1161,-0.0001406577,1.7415,-2
0.117,7.486076E-05,1.755,121,0.117,-7.821774E-05,1.755,-3
0.1179,6.176852E-05,1.7685,120,0.1179,-7.016098E-05,1.7685,-2
0.1188,-2.316319E-05,1.782,119,0.1188,-3.256275E-05,1.782,0
0.1197,-1.174945E-05,1.7955,120,0.1197,-4.36408E-06,1.7955,-1
0.1206,-4.800488E-05,1.809,121,0.1206,4.36408E-06,1.809,-2
0.1215,-3.424125E-05,1.8225,119,0.1215,2.954147E-05,1.8225,-2
0.1224,-2.349889E-06,1.836,119,0.1224,0.0001050736,1.836,-3
0.1233,8.056763E-06,1.8495,120,0.1233,0.0001215228,1.8495,-1
0.1242,2.819867E-05,1.863,120,0.1242,7.251087E-05,1.863,-4
0.1251,3.860533E-05,1.8765,119,0.1251,1.712062E-05,1.8765,-5
0.126,3.659113E-05,1.89,120,0.126,-7.922484E-05,1.89,-1
0.1269,6.143282E-05,1.9035,119,0.1269,-0.0001443503,1.9035,-2
0.1278,8.023193E-05,1.917,120,0.1278,-0.0001070878,1.917,-1
0.1287,8.761731E-05,1.9305,119,0.1287,-6.78111E-05,1.9305,0
0.1296,1.443504E-05,1.944,119,0.1296,-6.881819E-05,1.944,-1
0.1305,4.565499E-05,1.9575,120,0.1305,3.054856E-05,1.9575,-1
0.1314,6.478981E-05,1.971,120,0.1314,0.0001299153,1.971,-1
0.1323,-8.82887E-05,1.9845,120,0.1323,0.0001299153,1.9845,-1
0.1332,-0.0002259251,1.998,120,0.1332,6.74754E-05,1.998,-1
0.1341,-0.0001413291,2.0115,119,0.1341,3.726253E-05,2.0115,-2
0.135,-2.484169E-05,2.025,119,0.135,1.141375E-05,2.025,-3
0.1359,-1.812772E-05,2.0385,118,0.1359,-1.376364E-05,2.0385,-4
0.1368,-1.040665E-05,2.052,119,0.1368,-1.712062E-05,2.052,-2
0.1377,1.510643E-05,2.0655,119,0.1377,-4.699779E-06,2.0655,-4
0.1386,1.007095E-06,2.079,119,0.1386,-2.383459E-05,2.079,-4
0.1395,-2.047761E-05,2.0925,120,0.1395,-1.745632E-05,2.0925,-2
0.1404,-1.947051E-05,2.106,118,0.1404,-3.591974E-05,2.106,-4
0.1413,4.699779E-06,2.1195,119,0.1413,-2.887007E-05,2.1195,-5
0.1422,3.054856E-05,2.133,119,0.1422,-0.000102388,2.133,-1
0.1431,4.43122E-05,2.1465,119,0.1431,-0.0001453574,2.1465,-4
0.144,-2.047761E-05,2.16,118,0.144,-7.989624E-05,2.16,-4
0.1449,-5.706874E-05,2.1735,119,0.1449,-5.136187E-05,2.1735,-4
0.1458,-4.129091E-05,2.187,117,0.1458,-7.620356E-05,2.187,-3
0.1467,-1.779202E-05,2.2005,120,0.1467,-4.766919E-05,2.2005,-5
0.1476,1.980621E-05,2.214,119,0.1476,4.800488E-05,2.214,-3
0.1485,0.0001050736,2.2275,120,0.1485,7.956054E-05,2.2275,-4
0.1494,0.0001326009,2.241,119,0.1494,6.277562E-05,2.241,-2
0.1503,0.0001900053,2.2545,119,0.1503,-1.812772E-05,2.2545,-3
0.1512,0.0002380102,2.268,119,0.1512,-1.947051E-05,2.268,-2
0.1521,-2.752728E-05,2.2815,119,0.1521,1.577783E-05,2.2815,-2
0.153,-0.0001557641,2.295,119,0.153,-7.049668E-06,2.295,0
0.1539,-9.399558E-06,2.3085,118,0.1539,-0.0001131304,2.3085,0
0.1548,-9.735256E-06,2.322,119,0.1548,-0.0001530785,2.322,-1
0.1557,-9.365987E-05,2.3355,118,0.1557,-0.0001883268,2.3355,-2
0.1566,-5.807584E-05,2.349,119,0.1566,-0.0001587854,2.349,-2
0.1575,-5.941863E-05,2.3625,119,0.1575,-8.795301E-05,2.3625,-2
0.1584,-0.0001560998,2.376,119,0.1584,-3.424125E-05,2.376,-1
0.1593,-0.0002601663,2.3895,119,0.1593,8.023193E-05,2.3895,-3
0.1602,-8.392462E-05,2.403,120,0.1602,0.000102388,2.403,0
0.1611,-5.136187E-05,2.4165,118,0.1611,0.0001728847,2.4165,-2
0.162,-6.210422E-05,2.43,119,0.162,0.0001171588,2.43,-1
0.1629,4.733349E-05,2.4435,118,0.1629,7.217517E-05,2.4435,-3
0.1638,2.652018E-05,2.457,118,0.1638,9.903105E-05,2.457,-1
0.1647,6.713969E-06,2.4705,120,0.1647,3.793393E-05,2.4705,0
0.1656,4.162661E-05,2.484,118,0.1656,-3.189136E-05,2.484,-3
0.1665,9.063859E-06,2.4975,119,0.1665,-9.399557E-05,2.4975,-4
0.1674,-0.0001010452,2.511,119,0.1674,-0.0001255512,2.511,-2
0.1683,-0.000115816,2.5245,119,0.1683,-4.129091E-05,2.5245,-1
0.1692,-0.0001000381,2.538,118,0.1692,1.812772E-05,2.538,-4
0.1701,2.887007E-05,2.5515,120,0.1701,4.229801E-05,2.5515,-3
0.171,9.164568E-05,2.565,118,0.171,7.754635E-05,2.565,-5
0.1719,5.203327E-05,2.5785,120,0.1719,9.332418E-05,2.5785,0
0.1728,-2.652018E-05,2.592,119,0.1728,3.256275E-05,2.592,-2
0.1737,-1.712062E-05,2.6055,119,0.1737,3.356985E-07,2.6055,-2
0.1746,-2.887007E-05,2.619,120,0.1746,-6.713969E-06,2.619,0
0.1755,-2.551309E-05,2.6325,118,0.1755,-0.0001540856,2.6325,0
0.1764,6.51255E-05,2.646,120,0.1764,-0.0002474098,2.646,-4
0.1773,0.0001362936,2.6595,119,0.1773,-0.0002265965,2.6595,-4
0.1782,9.030289E-05,2.673,118,0.1782,-0.0001701991,2.673,-1
0.1791,1.040665E-05,2.6865,120,0.1791,-0.000102388,2.6865,-2
0.18,5.539025E-05,2.7,119,0.18,-1.510643E-05,2.7,-3
0.1809,-7.721065E-06,2.7135,119,0.1809,9.970245E-05,2.7135,-5
0.1818,-9.063859E-05,2.727,119,0.1818,0.0002396887,2.727,-3
0.1827,-1.242084E-05,2.7405,120,0.1827,0.0001983978,2.7405,-3
0.1836,-1.107805E-05,2.754,119,0.1836,5.807584E-05,2.754,-3
0.1845,2.24918E-05,2.7675,118,0.1845,1.712062E-05,2.7675,-3
0.1854,-1.208515E-05,2.781,118,0.1854,2.685588E-06,2.781,-2
0.1863,-7.754635E-05,2.7945,119,0.1863,-7.855344E-05,2.7945,-8
0.1872,-8.728161E-06,2.808,119,0.1872,-9.164568E-05,2.808,-5
0.1881,1.309224E-05,2.8215,119,0.1881,-8.89601E-05,2.8215,-3
0.189,1.577783E-05,2.835,119,0.189,-7.620356E-05,2.835,-4
0.1899,-1.779202E-05,2.8485,118,0.1899,-6.848249E-05,2.8485,-6
0.1908,-3.356985E-07,2.862,119,0.1908,-5.941863E-05,2.862,-3
0.1917,-1.544213E-05,2.8755,118,0.1917,5.706874E-06,2.8755,-1
0.1926,-9.265278E-05,2.889,118,0.1926,1.040665E-05,2.889,-5
0.1935,-0.0001383078,2.9025,119,0.1935,-3.524834E-05,2.9025,-2
0.1944,-4.599069E-05,2.916,120,0.1944,-1.644922E-05,2.916,-4
0.1953,-3.356985E-07,2.9295,119,0.1953,3.390555E-05,2.9295,-2
0.1962,-1.644922E-05,2.943,118,0.1962,-6.378271E-06,2.943,-3
0.1971,2.081331E-05,2.9565,118,0.1971,-5.236896E-05,2.9565,-1
0.198,6.378271E-06,2.97,118,0.198,-3.793393E-05,2.97,-1
0.1989,6.210422E-05,2.9835,119,0.1989,-3.524834E-05,2.9835,-2
0.1998,0.0001188373,2.997,119,0.1998,-7.553216E-05,2.997,-2
0.2007,0.0001520714,3.0105,119,0.2007,-5.169757E-05,3.0105,0
0.2016,9.903105E-05,3.024,118,0.2016,-3.793393E-05,3.024,-1
0.2025,6.277562E-05,3.0375,118,0.2025,-3.289845E-05,3.0375,0
0.2034,3.659113E-05,3.051,120,0.2034,-3.390555E-05,3.051,0
0.2043,-6.378271E-05,3.0645,119,0.2043,-5.304036E-05,3.0645,-5
0.2052,-1.141375E-05,3.078,0,0.2052,-3.826963E-05,3.078,0
0.2061,1.644922E-05,3.0915,0,0.2061,-3.021286E-05,3.0915,0
0.207,-1.577783E-05,3.105,0,0.207,-5.606165E-05,3.105,0
0.2079,-6.076142E-05,3.1185,0,0.2079,-0.0001107805,3.1185,0
0.2088,4.196231E-05,3.132,0,0.2088,-6.478981E-05,3.132,0
0.2097,0.0001567712,3.1455,0,0.2097,-4.766919E-05,3.1455,0
0.2106,0.0001030594,3.159,0,0.2106,-5.337606E-05,3.159,0
0.2115,5.069047E-05,3.1725,0,0.2115,3.793393E-05,3.1725,0
0.2124,-1.678492E-06,3.186,0,0.2124,3.726253E-05,3.186,0
0.2133,-0.0002547952,3.1995,0,0.2133,-5.001907E-05,3.1995,0
0.2142,-0.0001943694,3.213,0,0.2142,-3.155566E-05,3.213,0
0.2151,-0.0001161517,3.2265,0,0.2151,3.860533E-05,3.2265,0
0.216,-0.0001383078,3.24,0,0.216,6.143282E-05,3.24,0
0.2169,-0.0001685206,3.2535,0,0.2169,4.162661E-05,3.2535,0
0.2178,-9.768826E-05,3.267,0,0.2178,1.879912E-05,3.267,0
0.2187,-0.0001050736,3.2805,0,0.2187,3.256275E-05,3.2805,0
0.2196,-7.049668E-05,3.294,0,0.2196,5.404745E-05,3.294,0
0.2205,-4.867628E-05,3.3075,0,0.2205,-4.36408E-06,3.3075,0
0.2214,-2.719158E-05,3.321,0,0.2214,-1.644922E-05,3.321,0
0.2223,3.692683E-06,3.3345,0,0.2223,1.309224E-05,3.3345,0
0.2232,4.699779E-05,3.348,0,0.2232,-3.356985E-06,3.348,0
0.2241,9.030289E-05,3.3615,0,0.2241,-6.478981E-05,3.3615,0
0.225,4.49836E-05,3.375,0,0.225,-2.987716E-05,3.375,0
0.2259,4.46479E-05,3.3885,0,0.2259,-2.24918E-05,3.3885,0
0.2268,4.733349E-05,3.402,0,0.2268,-4.36408E-05,3.402,0
0.2277,8.291753E-05,3.4155,0,0.2277,-1.040665E-05,3.4155,0
0.2286,6.948959E-05,3.429,0,0.2286,-5.706874E-06,3.429,0
0.2295,3.994812E-05,3.4425,0,0.2295,-6.881819E-05,3.4425,0
0.2304,5.371176E-06,3.456,0,0.2304,-0.0001930266,3.456,0
0.2313,4.33051E-05,3.4695,0,0.2313,-0.0003524834,3.4695,0
0.2322,1.040665E-05,3.483,0,0.2322,-0.0003743038,3.483,0
0.2331,4.666209E-05,3.4965,0,0.2331,-0.0002994431,3.4965,0
0.234,9.231708E-05,3.51,0,0.234,-0.000154757,3.51,0
0.2349,2.349889E-06,3.5235,0,0.2349,9.298848E-05,3.5235,0
0.2358,-0.0001947051,3.537,0,0.2358,0.0003219348,3.537,0
0.2367,-0.0002262608,3.5505,0,0.2367,0.0004105592,3.5505,0
0.2376,-7.821774E-05,3.564,0,0.2376,0.0004401007,3.564,0
0.2385,-2.853437E-05,3.5775,0,0.2385,0.0003185779,3.5775,0
0.2394,1.007095E-06,3.591,0,0.2394,0.0001735561,3.591,0
0.2403,-2.417029E-05,3.6045,0,0.2403,7.251087E-05,3.6045,0
0.2412,-3.356985E-05,3.618,0,0.2412,2.652018E-05,3.618,0
0.2421,-4.028382E-06,3.6315,0,0.2421,1.242084E-05,3.6315,0
0.243,6.378271E-06,3.645,0,0.243,-1.477073E-05,3.645,0
0.2439,3.054856E-05,3.6585,0,0.2439,-3.726253E-05,3.6585,0
0.2448,1.443504E-05,3.672,0,0.2448,-8.560311E-05,3.672,0
0.2457,2.652018E-05,3.6855,0,0.2457,-9.835965E-05,3.6855,0
0.2466,5.069047E-05,3.699,0,0.2466,-6.478981E-05,3.699,0
0.2475,4.53193E-05,3.7125,0,0.2475,-6.948959E-05,3.7125,0
0.2484,2.920577E-05,3.726,0,0.2484,-7.049668E-05,3.726,0
0.2493,1.242084E-05,3.7395,0,0.2493,-5.908293E-05,3.7395,0
0.2502,5.203327E-05,3.753,0,0.2502,-0.0001138018,3.753,0
0.2511,4.36408E-05,3.7665,0,0.2511,-0.0001631495,3.7665,0
0.252,5.706874E-06,3.78,0,0.252,-0.0001050736,3.78,0
0.2529,-4.36408E-06,3.7935,0,0.2529,-0.0001221943,3.7935,0
0.2538,-1.275654E-05,3.807,0,0.2538,-0.0001319295,3.807,0
0.2547,2.349889E-05,3.8205,0,0.2547,-7.284657E-05,3.8205,0
0.2556,6.277562E-05,3.834,0,0.2556,4.36408E-06,3.834,0
0.2565,7.083238E-05,3.8475,0,0.2565,1.007095E-05,3.8475,0
0.2574,4.263371E-05,3.861,0,0.2574,-1.510643E-05,3.861,0
0.2583,3.726253E-05,3.8745,0,0.2583,1.980621E-05,3.8745,0
0.2592,-9.231708E-05,3.888,0,0.2592,4.263371E-05,3.888,0
0.2601,-0.0001201801,3.9015,0,0.2601,2.316319E-05,3.9015,0
0.261,-4.33051E-05,3.915,0,0.261,3.289845E-05,3.915,0
0.2619,-1.107805E-05,3.9285,0,0.2619,1.477073E-05,3.9285,0
0.2628,-2.1149E-05,3.942,0,0.2628,1.980621E-05,3.942,0
0.2637,-3.894102E-05,3.9555,0,0.2637,1.342794E-06,3.9555,0
0.2646,-1.712062E-05,3.969,0,0.2646,-5.169757E-05,3.969,0
0.2655,3.692683E-06,3.9825,0,0.2655,-2.517739E-05,3.9825,0
0.2664,6.378271E-06,3.996,0,0.2664,1.678492E-06,3.996,0
0.2673,1.644922E-05,4.0095,0,0.2673,-4.263371E-05,4.0095,0
0.2682,3.356985E-05,4.023,0,0.2682,-5.203327E-05,4.023,0
0.2691,-2.316319E-05,4.0365,0,0.2691,-3.558404E-05,4.0365,0
0.27,1.040665E-05,4.05,0,0.27,-0.0001299153,4.05,0
0.2709,4.46479E-05,4.0635,0,0.2709,-0.0001889983,4.0635,0
0.2718,-3.424125E-05,4.077,0,0.2718,-0.0002269322,4.077,0
0.2727,5.035477E-06,4.0905,0,0.2727,-0.0002145113,4.0905,0
0.2736,5.169757E-05,4.104,0,0.2736,-0.0001554284,4.104,0
0.2745,1.409934E-05,4.1175,0,0.2745,-3.860533E-05,4.1175,0
0.2754,-4.733349E-05,4.131,0,0.2754,0.0001154803,4.131,0
0.2763,-6.814679E-05,4.1445,0,0.2763,0.0002225681,4.1445,0
0.2772,-9.399558E-06,4.158,0,0.2772,0.0001574426,4.158,0
0.2781,4.36408E-06,4.1715,0,0.2781,0.0001628138,4.1715,0
0.279,2.383459E-05,4.185,0,0.279,0.0001698634,4.185,0
0.2799,1.040665E-05,4.1985,0,0.2799,9.634547E-05,4.1985,0
0.2808,-1.544213E-05,4.212,0,0.2808,1.779202E-05,4.212,0
0.2817,-3.860533E-05,4.2255,0,0.2817,-2.517739E-05,4.2255,0
0.2826,-3.558404E-05,4.239,0,0.2826,-2.987716E-05,4.239,0
0.2835,-0.0002027619,4.2525,0,0.2835,-2.954147E-05,4.2525,0
0.2844,-0.0001930266,4.266,0,0.2844,-2.484169E-05,4.266,0
0.2853,-5.807584E-05,4.2795,0,0.2853,-2.618448E-05,4.2795,0
0.2862,-4.061952E-05,4.293,0,0.2862,-2.047761E-05,4.293,0
0.2871,1.208515E-05,4.3065,0,0.2871,-1.309224E-05,4.3065,0
0.288,1.846342E-05,4.32,0,0.288,-3.390555E-05,4.32,0
0.2889,-7.721065E-06,4.3335,0,0.2889,-5.706874E-05,4.3335,0
0.2898,-2.450599E-05,4.347,0,0.2898,-2.652018E-05,4.347,0
0.2907,2.752728E-05,4.3605,0,0.2907,-4.800488E-05,4.3605,0
0.2916,5.740444E-05,4.374,0,0.2916,-0.0001114519,4.374,0
0.2925,8.526741E-05,4.3875,0,0.2925,-7.418937E-05,4.3875,0
0.2934,0.0001151446,4.401,0,0.2934,-6.143282E-05,4.401,0
0.2943,4.834058E-05,4.4145,0,0.2943,-7.754635E-05,4.4145,0
0.2952,3.356985E-07,4.428,0,0.2952,-3.927672E-05,4.428,0
0.2961,-4.263371E-05,4.4415,0,0.2961,1.342794E-05,4.4415,0
0.297,-4.599069E-05,4.455,0,0.297,3.659113E-05,4.455,0
0.2979,6.713969E-06,4.4685,0,0.2979,2.047761E-05,4.4685,0
0.2988,3.356985E-07,4.482,0,0.2988,-1.409934E-05,4.482,0
0.2997,-4.800488E-05,4.4955,0,0.2997,-8.728161E-06,4.4955,0
0.3006,-9.600977E-05,4.509,0,0.3006,1.376364E-05,4.509,0
0.3015,-7.016098E-05,4.5225,0,0.3015,6.713969E-07,4.5225,0
0.3024,5.706874E-06,4.536,0,0.3024,-1.309224E-05,4.536,0
0.3033,6.51255E-05,4.5495,0,0.3033,-5.706874E-06,4.5495,0
0.3042,8.023193E-05,4.563,0,0.3042,-4.632639E-05,4.563,0
0.3051,8.560311E-05,4.5765,0,0.3051,-7.183947E-05,4.5765,0
0.306,7.049668E-06,4.59,0,0.306,-3.256275E-05,4.59,0
0.3069,-4.129091E-05,4.6035,0,0.3069,-3.390555E-05,4.6035,0
0.3078,-3.256275E-05,4.617,0,0.3078,-4.867628E-05,4.617,0
0.3087,-3.524834E-05,4.6305,0,0.3087,-3.491264E-05,4.6305,0
0.3096,-0.0001346151,4.644,0,0.3096,-3.826963E-05,4.644,0
0.3105,-0.0001064164,4.6575,0,0.3105,-4.934768E-05,4.6575,0
0.3114,-4.699779E-06,4.671,0,0.3114,-4.028382E-05,4.671,0
0.3123,4.196231E-05,4.6845,0,0.3123,-3.256275E-05,4.6845,0
0.3132,2.987716E-05,4.698,0,0.3132,-2.081331E-05,4.698,0
0.3141,-2.987716E-05,4.7115,0,0.3141,-1.678492E-05,4.7115,0
0.315,-6.378271E-06,4.725,0,0.315,-2.081331E-05,4.725,0
0.3159,9.735256E-06,4.7385,0,0.3159,-3.256275E-05,4.7385,0
0.3168,-3.356985E-06,4.752,0,0.3168,1.007095E-05,4.752,0
0.3177,-3.793393E-05,4.7655,0,0.3177,-2.719158E-05,4.7655,0
0.3186,-2.18204E-05,4.779,0,0.3186,-5.941863E-05,4.779,0
0.3195,9.063859E-06,4.7925,0,0.3195,-5.035477E-06,4.7925,0
0.3204,-2.450599E-05,4.806,0,0.3204,1.040665E-05,4.806,0
0.3213,-7.049668E-06,4.8195,0,0.3213,1.040665E-05,4.8195,0
0.3222,0.0001433432,4.833,0,0.3222,-2.786297E-05,4.833,0
0.3231,0.000112459,4.8465,0,0.3231,-9.668116E-05,4.8465,0
0.324,3.189136E-05,4.86,0,0.324,-0.0001554284,4.86,0
0.3249,3.793393E-05,4.8735,0,0.3249,-0.0001557641,4.8735,0
0.3258,5.270466E-05,4.887,0,0.3258,-9.198138E-05,4.887,0
0.3267,0.0001044022,4.9005,0,0.3267,3.491264E-05,4.9005,0
0.3276,7.888914E-05,4.914,0,0.3276,0.0001769131,4.914,0
0.3285,-5.572595E-05,4.9275,0,0.3285,0.0001661708,4.9275,0
0.3294,-6.915389E-05,4.941,0,0.3294,6.948959E-05,4.941,0
0.3303,-0.0001148089,4.9545,0,0.3303,5.740444E-05,4.9545,0
0.3312,-0.0001346151,4.968,0,0.3312,1.644922E-05,4.968,0
0.3321,-0.0001171588,4.9815,0,0.3321,-3.155566E-05,4.9815,0
0.333,-6.009003E-05,4.995,0,0.333,2.1149E-05,4.995,0
0.3339,-7.016098E-05,5.0085,0,0.3339,4.36408E-05,5.0085,0
0.3348,-5.136187E-05,5.022,0,0.3348,2.987716E-05,5.022,0
0.3357,1.712062E-05,5.0355,0,0.3357,1.846342E-05,5.0355,0
0.3366,1.040665E-05,5.049,0,0.3366,1.644922E-05,5.049,0
0.3375,1.208515E-05,5.0625,0,0.3375,-2.517739E-05,5.0625,0
0.3384,6.176852E-05,5.076,0,0.3384,-9.768826E-05,5.076,0
0.3393,0.0001258869,5.0895,0,0.3393,-0.0003081712,5.0895,0
0.3402,0.0001060807,5.103,0,0.3402,-0.0004031739,5.103,0
0.3411,0.0001607996,5.1165,0,0.3411,-0.0003471122,5.1165,0
0.342,0.0001769131,5.13,0,0.342,-0.0002752728,5.13,0
0.3429,0.0001493858,5.1435,0,0.3429,-1.477073E-05,5.1435,0
0.3438,6.6804E-05,5.157,0,0.3438,0.0003608759,5.157,0
0.3447,-3.826963E-05,5.1705,0,0.3447,0.000428687,5.1705,0
0.3456,-0.0002410315,5.184,0,0.3456,0.0002558022,5.184,0
0.3465,-0.0004743419,5.1975,0,0.3465,0.0001500572,5.1975,0
0.3474,-0.0003135424,5.211,0,0.3474,0.0001242084,5.211,0
0.3483,-6.848249E-05,5.2245,0,0.3483,4.733349E-05,5.2245,0
0.3492,-1.980621E-05,5.238,0,0.3492,1.846342E-05,5.238,0
0.3501,-3.323415E-05,5.2515,0,0.3501,2.786297E-05,5.2515,0
0.351,8.392462E-06,5.265,0,0.351,1.141375E-05,5.265,0
0.3519,1.947051E-05,5.2785,0,0.3519,-1.376364E-05,5.2785,0
0.3528,2.21561E-05,5.292,0,0.3528,-2.920577E-05,5.292,0
0.3537,2.887007E-05,5.3055,0,0.3537,-3.591974E-05,5.3055,0
0.3546,-1.947051E-05,5.319,0,0.3546,-3.189136E-05,5.319,0
0.3555,-1.242084E-05,5.3325,0,0.3555,-7.452507E-05,5.3325,0
0.3564,7.721065E-06,5.346,0,0.3564,-0.0001117876,5.346,0
0.3573,-1.309224E-05,5.3595,0,0.3573,-0.0001030594,5.3595,0
0.3582,-3.021286E-06,5.373,0,0.3582,-0.0001252155,5.373,0
0.3591,2.652018E-05,5.3865,0,0.3591,-0.0001490501,5.3865,0
0.36,2.887007E-05,5.4,0,0.36,-6.6804E-05,5.4,0
0.3609,4.196231E-05,5.4135,0,0.3609,-1.174945E-05,5.4135,0
0.3618,3.457694E-05,5.427,0,0.3618,-3.927672E-05,5.427,0
0.3627,2.517739E-05,5.4405,0,0.3627,-2.18204E-05,5.4405,0
0.3636,3.021286E-06,5.454,0,0.3636,3.994812E-05,5.454,0
0.3645,-7.049668E-06,5.4675,0,0.3645,3.390555E-05,5.4675,0
0.3654,9.063859E-06,5.481,0,0.3654,-1.812772E-05,5.481,0
0.3663,7.721065E-06,5.4945,0,0.3663,-5.975433E-05,5.4945,0
0.3672,1.947051E-05,5.508,0,0.3672,-2.047761E-05,5.508,0
0.3681,-4.36408E-06,5.5215,0,0.3681,-4.028382E-06,5.5215,0
0.369,1.376364E-05,5.535,0,0.369,-2.819867E-05,5.535,0
0.3699,4.129091E-05,5.5485,0,0.3699,-4.36408E-05,5.5485,0
0.3708,-2.349889E-06,5.562,0,0.3708,-1.577783E-05,5.562,0
0.3717,-1.644922E-05,5.5755,0,0.3717,-2.685588E-05,5.5755,0
0.3726,-8.392462E-06,5.589,0,0.3726,-5.505455E-05,5.589,0
0.3735,3.692683E-06,5.6025,0,0.3735,-5.706874E-06,5.6025,0
0.3744,8.023193E-05,5.616,0,0.3744,3.356985E-07,5.616,0
0.3753,0.0001198444,5.6295,0,0.3753,-8.426032E-05,5.6295,0
0.3762,9.365987E-05,5.643,0,0.3762,-8.69459E-05,5.643,0
0.3771,4.095522E-05,5.6565,0,0.3771,-5.035477E-05,5.6565,0
0.378,2.1149E-05,5.67,0,0.378,-6.54612E-05,5.67,0
0.3789,3.457694E-05,5.6835,0,0.3789,-4.46479E-05,5.6835,0
0.3798,0.0001554284,5.697,0,0.3798,-4.934768E-05,5.697,0
0.3807,0.0002286107,5.7105,0,0.3807,-2.316319E-05,5.7105,0
0.3816,4.666209E-05,5.724,0,0.3816,6.378271E-06,5.724,0
0.3825,-2.316319E-05,5.7375,0,0.3825,-2.584878E-05,5.7375,0
0.3834,-1.409934E-05,5.751,0,0.3834,-6.6804E-05,5.751,0
0.3843,-0.0001540856,5.7645,0,0.3843,-4.733349E-05,5.7645,0
0.3852,-0.0004639353,5.778,0,0.3852,-6.009003E-05,5.778,0
0.3861,-0.000383032,5.7915,0,0.3861,-7.620356E-05,5.7915,0
0.387,-9.701686E-05,5.805,0,0.387,4.36408E-06,5.805,0
0.3879,-8.627451E-05,5.8185,0,0.3879,6.948959E-05,5.8185,0
0.3888,-9.970245E-05,5.832,0,0.3888,9.903105E-05,5.832,0
0.3897,-8.82887E-05,5.8455,0,0.3897,8.224613E-05,5.8455,0
0.3906,-5.807584E-05,5.859,0,0.3906,6.344701E-05,5.859,0
0.3915,-3.524834E-05,5.8725,0,0.3915,4.129091E-05,5.8725,0
0.3924,1.040665E-05,5.886,0,0.3924,2.28275E-05,5.886,0
0.3933,0.0001527428,5.8995,0,0.3933,-6.378271E-06,5.8995,0
0.3942,0.0003085069,5.913,0,0.3942,-2.417029E-05,5.913,0
0.3951,0.0002829938,5.9265,0,0.3951,-0.0001178302,5.9265,0
0.396,0.0001688563,5.94,0,0.396,-0.0003118639,5.94,0
0.3969,1.980621E-05,5.9535,0,0.3969,-0.000562295,5.9535,0
0.3978,-0.000115816,5.967,0,0.3978,-0.0006139925,5.967,0
0.3987,-0.0002789654,5.9805,0,0.3987,-0.0006126497,5.9805,0
0.3996,-0.0002373388,5.994,0,0.3996,-0.0003884031,5.994,0
0.4005,-0.0001373007,6.0075,0,0.4005,0.000144686,6.0075,0
0.4014,-2.21561E-05,6.021,0,0.4014,0.0006438697,6.021,0
0.4023,-4.263371E-05,6.0345,0,0.4023,0.0008624094,6.0345,0
0.4032,-0.0001292439,6.048,0,0.4032,0.0006831464,6.048,0
0.4041,-6.814679E-05,6.0615,0,0.4041,0.0005408102,6.0615,0
0.405,1.107805E-05,6.075,0,0.405,0.0003252918,6.075,0
0.4059,-5.035477E-06,6.0885,0,0.4059,0.0001574426,6.0885,0
0.4068,6.378271E-06,6.102,0,0.4068,4.263371E-05,6.102,0
0.4077,3.692683E-06,6.1155,0,0.4077,4.061952E-05,6.1155,0
0.4086,-1.007095E-05,6.129,0,0.4086,1.812772E-05,6.129,0
0.4095,1.712062E-05,6.1425,0,0.4095,-2.584878E-05,6.1425,0
0.4104,1.040665E-05,6.156,0,0.4104,-5.203327E-05,6.156,0
0.4113,-3.424125E-05,6.1695,0,0.4113,-4.901198E-05,6.1695,0
0.4122,-6.713969E-07,6.183,0,0.4122,-7.821774E-05,6.183,0
0.4131,9.231708E-05,6.1965,0,0.4131,-0.0001305867,6.1965,0
0.414,7.687495E-05,6.21,0,0.414,-0.0001171588,6.21,0
0.4149,1.242084E-05,6.2235,0,0.4149,-0.0001279011,6.2235,0
0.4158,2.517739E-05,6.237,0,0.4158,-0.000203769,6.237,0
0.4167,1.913481E-05,6.2505,0,0.4167,-0.0002098116,6.2505,0
0.4176,-3.759823E-05,6.264,0,0.4176,-0.0001963836,6.264,0
0.4185,-1.947051E-05,6.2775,0,0.4185,-0.0001671778,6.2775,0
0.4194,7.049668E-06,6.291,0,0.4194,-0.0001040665,6.291,0
0.4203,3.323415E-05,6.3045,0,0.4203,-5.035477E-05,6.3045,0
0.4212,3.625543E-05,6.318,0,0.4212,1.342794E-05,6.318,0
0.4221,3.524834E-05,6.3315,0,0.4221,4.43122E-05,6.3315,0
0.423,1.712062E-05,6.345,0,0.423,1.644922E-05,6.345,0
0.4239,1.947051E-05,6.3585,0,0.4239,-3.659113E-05,6.3585,0
0.4248,3.323415E-05,6.372,0,0.4248,1.544213E-05,6.372,0
0.4257,5.270466E-05,6.3855,0,0.4257,-1.678492E-06,6.3855,0
0.4266,8.157473E-05,6.399,0,0.4266,-8.72816E-05,6.399,0
0.4275,6.61326E-05,6.4125,0,0.4275,-7.687495E-05,6.4125,0
0.4284,5.136187E-05,6.426,0,0.4284,-5.673304E-05,6.426,0
0.4293,2.584878E-05,6.4395,0,0.4293,-0.0001500572,6.4395,0
0.4302,-3.994812E-05,6.453,0,0.4302,-0.0001540856,6.453,0
0.4311,-4.129091E-05,6.4665,0,0.4311,-9.466698E-05,6.4665,0
0.432,-9.399558E-06,6.48,0,0.432,-7.452507E-05,6.48,0
0.4329,9.231708E-05,6.4935,0,0.4329,-9.130999E-05,6.4935,0
0.4338,0.000119173,6.507,0,0.4338,-0.0001027237,6.507,0
0.4347,0.000119173,6.5205,0,0.4347,-2.853437E-05,6.5205,0
0.4356,5.673304E-05,6.534,0,0.4356,5.941863E-05,6.534,0
0.4365,-0.000185977,6.5475,0,0.4365,0.0001285725,6.5475,0
0.4374,-0.0002010834,6.561,0,0.4374,0.0001272297,6.561,0
0.4383,-0.0001963836,6.5745,0,0.4383,0.0001339437,6.5745,0
0.4392,-0.0001282368,6.588,0,0.4392,8.392462E-05,6.588,0
0.4401,-4.599069E-05,6.6015,0,0.4401,5.035477E-06,6.6015,0
0.441,-3.121996E-05,6.615,0,0.441,1.812772E-05,6.615,0
0.4419,-4.699779E-06,6.6285,0,0.4419,-1.577783E-05,6.6285,0
0.4428,-2.349889E-06,6.642,0,0.4428,-4.766919E-05,6.642,0
0.4437,3.390555E-05,6.6555,0,0.4437,-3.390555E-05,6.6555,0
0.4446,-3.356985E-07,6.669,0,0.4446,-1.242084E-05,6.669,0
0.4455,-1.510643E-05,6.6825,0,0.4455,-1.342794E-05,6.6825,0
0.4464,-2.349889E-06,6.696,0,0.4464,-2.652018E-05,6.696,0
0.4473,8.056763E-06,6.7095,0,0.4473,-4.733349E-05,6.7095,0
0.4482,2.349889E-06,6.723,0,0.4482,-3.256275E-05,6.723,0
0.4491,-6.713969E-06,6.7365,0,0.4491,-1.644922E-05,6.7365,0
0.45,5.203327E-05,6.75,0,0.45,-2.853437E-05,6.75,0
0.4509,0.0001305867,6.7635,0,0.4509,-4.800488E-05,6.7635,0
0.4518,6.51255E-05,6.777,0,0.4518,-1.980621E-05,6.777,0
0.4527,0.0001460288,6.7905,0,0.4527,3.692683E-06,6.7905,0
0.4536,0.0003591974,6.804,0,0.4536,-5.606165E-05,6.804,0
0.4545,0.000256138,6.8175,0,0.4545,-0.0001070878,6.8175,0
0.4554,6.076142E-05,6.831,0,0.4554,-0.0001722133,6.831,0
0.4563,0.0001111162,6.8445,0,0.4563,-0.0002477455,6.8445,0
0.4572,4.666209E-05,6.858,0,0.4572,-0.0002558022,6.858,0
0.4581,-0.0003894102,6.8715,0,0.4581,-0.000164828,6.8715,0
0.459,-0.0004874342,6.885,0,0.459,-7.553216E-05,6.885,0
0.4599,-0.0002756084,6.8985,0,0.4599,9.634547E-05,6.8985,0
0.4608,-0.0003608759,6.912,0,0.4608,0.0001490501,6.912,0
0.4617,-0.0003041428,6.9255,0,0.4617,0.000169192,6.9255,0
0.4626,-0.0001560998,6.939,0,0.4626,0.0001688563,6.939,0
0.4635,-3.726253E-05,6.9525,0,0.4635,8.89601E-05,6.9525,0
0.4644,1.409934E-05,6.966,0,0.4644,5.874724E-05,6.966,0
0.4653,2.450599E-05,6.9795,0,0.4653,0.0001957122,6.9795,0
0.4662,-1.947051E-05,6.993,0,0.4662,0.0001107805,6.993,0
0.4671,-3.356985E-07,7.0065,0,0.4671,-6.176852E-05,7.0065,0
0.468,-3.054856E-05,7.02,0,0.468,-3.424125E-05,7.02,0
0.4689,-9.231708E-05,7.0335,0,0.4689,-3.524834E-05,7.0335,0
0.4698,1.712062E-05,7.047,0,0.4698,-6.411841E-05,7.047,0
0.4707,4.934768E-05,7.0605,0,0.4707,-5.606165E-05,7.0605,0
0.4716,1.040665E-05,7.074,0,0.4716,4.36408E-06,7.074,0
0.4725,3.356985E-05,7.0875,0,0.4725,7.721065E-06,7.0875,0
0.4734,4.263371E-05,7.101,0,0.4734,-1.510643E-05,7.101,0
0.4743,5.270466E-05,7.1145,0,0.4743,-6.210422E-05,7.1145,0
0.4752,5.572595E-05,7.128,0,0.4752,-2.047761E-05,7.128,0
0.4761,1.040665E-05,7.1415,0,0.4761,1.174945E-05,7.1415,0
0.477,2.349889E-05,7.155,0,0.477,-9.063859E-06,7.155,0
0.4779,2.618448E-05,7.1685,0,0.4779,-1.242084E-05,7.1685,0
0.4788,1.208515E-05,7.182,0,0.4788,6.713969E-06,7.182,0
0.4797,5.438316E-05,7.1955,0,0.4797,-1.510643E-05,7.1955,0
0.4806,6.277562E-05,7.209,0,0.4806,-5.572595E-05,7.209,0
0.4815,6.881819E-05,7.2225,0,0.4815,-1.913481E-05,7.2225,0
0.4824,9.903105E-05,7.236,0,0.4824,-6.378271E-06,7.236,0
0.4833,8.761731E-05,7.2495,0,0.4833,-4.028382E-05,7.2495,0
0.4842,5.572595E-05,7.263,0,0.4842,-5.203327E-05,7.263,0
0.4851,4.39765E-05,7.2765,0,0.4851,-3.189136E-05,7.2765,0
0.486,1.980621E-05,7.29,0,0.486,-4.834058E-05,7.29,0
0.4869,7.049668E-06,7.3035,0,0.4869,-3.927672E-05,7.3035,0
0.4878,7.049668E-06,7.317,0,0.4878,-6.478981E-05,7.317,0
0.4887,1.678492E-05,7.3305,0,0.4887,-5.673304E-05,7.3305,0
0.4896,1.577783E-05,7.344,0,0.4896,-4.129091E-05,7.344,0
0.4905,-2.014191E-05,7.3575,0,0.4905,-7.083238E-05,7.3575,0
0.4914,6.076142E-05,7.371,0,0.4914,-6.51255E-05,7.371,0
0.4923,5.606165E-05,7.3845,0,0.4923,-5.371176E-06,7.3845,0
0.4932,4.666209E-05,7.398,0,0.4932,2.618448E-05,7.398,0
0.4941,1.242084E-05,7.4115,0,0.4941,-3.256275E-05,7.4115,0
0.495,-2.752728E-05,7.425,0,0.495,-2.584878E-05,7.425,0
0.4959,-2.18204E-05,7.4385,0,0.4959,-2.349889E-06,7.4385,0
0.4968,-9.399558E-06,7.452,0,0.4968,-1.644922E-05,7.452,0
0.4977,-6.713969E-07,7.4655,0,0.4977,-3.021286E-06,7.4655,0
0.4986,-1.712062E-05,7.479,0,0.4986,1.779202E-05,7.479,0
0.4995,-3.524834E-05,7.4925,0,0.4995,-2.685588E-06,7.4925,0
0.5004,-2.618448E-05,7.506,0,0.5004,1.678492E-06,7.506,0
0.5013,-2.24918E-05,7.5195,0,0.5013,-1.779202E-05,7.5195,0
0.5022,-3.927672E-05,7.533,0,0.5022,-1.107805E-05,7.533,0
0.5031,-3.323415E-05,7.5465,0,0.5031,-1.107805E-05,7.5465,0
0.504,-3.524834E-05,7.56,0,0.504,-4.29694E-05,7.56,0
0.5049,-4.968337E-05,7.5735,0,0.5049,-6.848249E-05,7.5735,0
0.5058,-5.941863E-05,7.587,0,0.5058,-3.558404E-05,7.587,0
0.5067,-6.277562E-05,7.6005,0,0.5067,-2.28275E-05,7.6005,0
0.5076,-3.659113E-05,7.614,0,0.5076,-7.116808E-05,7.614,0
0.5085,-3.289845E-05,7.6275,0,0.5085,-4.095522E-05,7.6275,0
0.5094,-3.726253E-05,7.641,0,0.5094,7.721065E-06,7.641,0
0.5103,-1.913481E-05,7.6545,0,0.5103,3.692683E-06,7.6545,0
0.5112,-3.558404E-05,7.668,0,0.5112,-1.779202E-05,7.668,0
0.5121,-1.544213E-05,7.6815,0,0.5121,1.275654E-05,7.6815,0
0.513,6.042573E-06,7.695,0,0.513,1.745632E-05,7.695,0
0.5139,-1.510643E-05,7.7085,0,0.5139,-3.457694E-05,7.7085,0
0.5148,-2.18204E-05,7.722,0,0.5148,-5.169757E-05,7.722,0
0.5157,-2.081331E-05,7.7355,0,0.5157,3.189136E-05,7.7355,0
0.5166,-7.721065E-06,7.749,0,0.5166,3.021286E-05,7.749,0
0.5175,2.819867E-05,7.7625,0,0.5175,-9.063859E-06,7.7625,0
0.5184,1.040665E-05,7.776,0,0.5184,-3.491264E-05,7.776,0
0.5193,-1.007095E-05,7.7895,0,0.5193,-5.371176E-06,7.7895,0
0.5202,-3.021286E-06,7.803,0,0.5202,-1.879912E-05,7.803,0
0.5211,-2.887007E-05,7.8165,0,0.5211,-5.841154E-05,7.8165,0
0.522,-6.61326E-05,7.83,0,0.522,-3.356985E-07,7.83,0
0.5229,-2.349889E-05,7.8435,0,0.5229,1.242084E-05,7.8435,0
0.5238,1.275654E-05,7.857,0,0.5238,-2.954147E-05,7.857,0
0.5247,-6.042573E-06,7.8705,0,0.5247,-1.107805E-05,7.8705,0
0.5256,-2.1149E-05,7.884,0,0.5256,-4.028382E-06,7.884,0
0.5265,3.692683E-06,7.8975,0,0.5265,-3.659113E-05,7.8975,0
0.5274,5.706874E-06,7.911,0,0.5274,-6.61326E-05,7.911,0
0.5283,-3.356985E-07,7.9245,0,0.5283,-8.224613E-05,7.9245,0
0.5292,-1.510643E-05,7.938,0,0.5292,-2.652018E-05,7.938,0
0.5301,-4.867628E-05,7.9515,0,0.5301,4.263371E-05,7.9515,0
0.531,-4.867628E-05,7.965,0,0.531,6.311131E-05,7.965,0
0.5319,-1.443504E-05,7.9785,0,0.5319,-7.721065E-06,7.9785,0
0.5328,-1.477073E-05,7.992,0,0.5328,3.088426E-05,7.992,0
0.5337,-1.309224E-05,8.0055,0,0.5337,-1.712062E-05,8.0055,0
0.5346,2.652018E-05,8.019,0,0.5346,-7.083238E-05,8.019,0
0.5355,4.666209E-05,8.0325,0,0.5355,-5.438316E-05,8.0325,0
0.5364,4.599069E-05,8.046,0,0.5364,-6.74754E-05,8.046,0
0.5373,4.766919E-05,8.0595,0,0.5373,-0.000126894,8.0595,0
0.5382,7.519646E-05,8.073,0,0.5382,-0.0001050736,8.073,0
0.5391,9.735256E-05,8.0865,0,0.5391,-4.49836E-05,8.0865,0
0.54,6.311131E-05,8.1,0,0.54,-4.129091E-05,8.1,0
0.5409,-1.846342E-05,8.1135,0,0.5409,-4.934768E-05,8.1135,0
0.5418,-1.107805E-05,8.127,0,0.5418,-3.189136E-05,8.127,0
0.5427,2.887007E-05,8.1405,0,0.5427,5.673304E-05,8.1405,0
0.5436,-3.155566E-05,8.154,0,0.5436,9.600977E-05,8.154,0
0.5445,2.383459E-05,8.1675,0,0.5445,6.51255E-05,8.1675,0
0.5454,8.82887E-05,8.181,0,0.5454,-1.678492E-06,8.181,0
0.5463,0.0001242084,8.1945,0,0.5463,-2.1149E-05,8.1945,0
0.5472,0.0001755703,8.208,0,0.5472,-9.735256E-05,8.208,0
0.5481,0.0002474098,8.2215,0,0.5481,-0.0002517739,8.2215,0
0.549,4.800488E-05,8.235,0,0.549,-0.0002218967,8.235,0
0.5499,-0.0002403601,8.2485,0,0.5499,-0.0002373388,8.2485,0
0.5508,-0.0002410315,8.262,0,0.5508,-0.0002222324,8.262,0
0.5517,-0.000175906,8.2755,0,0.5517,-6.277562E-05,8.2755,0
0.5526,-0.0003252918,8.289,0,0.5526,7.318227E-05,8.289,0
0.5535,-0.0005351034,8.3025,0,0.5535,0.0002135042,8.3025,0
0.5544,-0.0003598688,8.316,0,0.5544,0.0002057832,8.316,0
0.5553,-6.378271E-06,8.3295,0,0.5553,0.0002554666,8.3295,0
0.5562,1.678492E-06,8.343,0,0.5562,0.0002870222,8.343,0
0.5571,-1.275654E-05,8.3565,0,0.5571,0.000203769,8.3565,0
0.558,2.24918E-05,8.37,0,0.558,0.0001362936,8.37,0
0.5589,7.721065E-06,8.3835,0,0.5589,3.894102E-05,8.3835,0
0.5598,-3.021286E-05,8.397,0,0.5598,5.035477E-05,8.397,0
0.5607,3.289845E-05,8.4105,0,0.5607,2.652018E-05,8.4105,0
0.5616,7.754635E-05,8.424,0,0.5616,-8.82887E-05,8.424,0
0.5625,7.049668E-06,8.4375,0,0.5625,-0.0003091783,8.4375,0
0.5634,9.735256E-06,8.451,0,0.5634,-0.0005532311,8.451,0
0.5643,8.82887E-05,8.4645,0,0.5643,-0.0005770657,8.4645,0
0.5652,7.486076E-05,8.478,0,0.5652,-0.0003645686,8.478,0
0.5661,7.452507E-05,8.4915,0,0.5661,-0.0001285725,8.4915,0
0.567,3.961242E-05,8.505,0,0.567,0.0001352865,8.505,0
0.5679,5.136187E-05,8.5185,0,0.5679,0.0005804227,8.5185,0
0.5688,3.088426E-05,8.532,0,0.5688,0.0006703899,8.532,0
0.5697,1.309224E-05,8.5455,0,0.5697,0.0003837034,8.5455,0
0.5706,4.129091E-05,8.559,0,0.5706,0.0001933623,8.559,0
0.5715,1.577783E-05,8.5725,0,0.5715,8.392462E-05,8.5725,0
0.5724,3.994812E-05,8.586,0,0.5724,3.659113E-05,8.586,0
0.5733,3.793393E-05,8.5995,0,0.5733,2.1149E-05,8.5995,0
0.5742,6.78111E-05,8.613,0,0.5742,-9.735256E-06,8.613,0
0.5751,0.0002138399,8.6265,0,0.5751,-5.337606E-05,8.6265,0
0.576,0.0001188373,8.64,0,0.576,-3.323415E-05,8.64,0
0.5769,-2.584878E-05,8.6535,0,0.5769,-5.102617E-05,8.6535,0
0.5778,-4.934768E-05,8.667,0,0.5778,-8.96315E-05,8.667,0
0.5787,-7.284657E-05,8.6805,0,0.5787,-9.231708E-05,8.6805,0
0.5796,-0.0001238727,8.694,0,0.5796,-6.915389E-05,8.694,0
0.5805,-4.29694E-05,8.7075,0,0.5805,-5.908293E-05,8.7075,0
0.5814,-2.21561E-05,8.721,0,0.5814,-0.0001205158,8.721,0
0.5823,1.342794E-06,8.7345,0,0.5823,-0.0001379721,8.7345,0
0.5832,2.752728E-05,8.748,0,0.5832,-9.399557E-05,8.748,0
0.5841,-1.342794E-06,8.7615,0,0.5841,-7.049668E-05,8.7615,0
0.585,4.028382E-06,8.775,0,0.585,-8.224613E-05,8.775,0
0.5859,1.174945E-05,8.7885,0,0.5859,-9.399557E-05,8.7885,0
0.5868,-1.107805E-05,8.802,0,0.5868,-4.800488E-05,8.802,0
0.5877,-2.685588E-06,8.8155,0,0.5877,-4.632639E-05,8.8155,0
0.5886,-1.242084E-05,8.829,0,0.5886,-0.0001084306,8.829,0
0.5895,-5.706874E-06,8.8425,0,0.5895,-0.0001430075,8.8425,0
0.5904,1.577783E-05,8.856,0,0.5904,-0.000164828,8.856,0
0.5913,1.980621E-05,8.8695,0,0.5913,-0.0002088045,8.8695,0
0.5922,0.0001225299,8.883,0,0.5922,-0.0001920195,8.883,0
0.5931,0.0003138781,8.8965,0,0.5931,-0.0001651637,8.8965,0
0.594,0.0005918364,8.91,0,0.594,-9.231708E-05,8.91,0
0.5949,0.0005109331,8.9235,0,0.5949,3.088426E-05,8.9235,0
0.5958,0.0001849699,8.937,0,0.5958,6.478981E-05,8.937,0
0.5967,-0.0001587854,8.9505,0,0.5967,8.728161E-06,8.9505,0
0.5976,-0.0002725872,8.964,0,0.5976,3.726253E-05,8.964,0
0.5985,-0.000643534,8.9775,0,0.5985,8.82887E-05,8.9775,0
0.5994,-0.001080278,8.991,0,0.5994,8.89601E-05,8.991,0
0.6003,-0.0004558785,9.0045,0,0.6003,0.0001540856,9.0045,0
0.6012,-5.740444E-05,9.018,0,0.6012,0.0001326009,9.018,0
0.6021,-6.210422E-05,9.0315,0,0.6021,1.510643E-05,9.0315,0
0.603,-7.083238E-05,9.045,0,0.603,3.021286E-05,9.045,0
0.6039,9.063859E-06,9.0585,0,0.6039,1.980621E-05,9.0585,0
0.6048,7.888914E-05,9.072001,0,0.6048,-9.298848E-05,9.072001,0
0.6057,0.0001279011,9.0855,0,0.6057,-0.0001829557,9.0855,0
0.6066,0.000246067,9.099,0,0.6066,-0.000239353,9.099,0
0.6075,0.0001822843,9.1125,0,0.6075,-0.0002443885,9.1125,0
0.6084,3.692683E-06,9.126,0,0.6084,-0.0001524071,9.126,0
0.6093,-0.0001064164,9.1395,0,0.6093,-6.076142E-05,9.1395,0
0.6102,-0.0001769131,9.153,0,0.6102,0.0001238727,9.153,0
0.6111,-0.000179263,9.1665,0,0.6111,0.0003555047,9.1665,0
0.612,-2.047761E-05,9.18,0,0.612,0.0002957504,9.18,0
0.6129,3.927672E-05,9.1935,0,0.6129,0.0002319677,9.1935,0
0.6138,3.659113E-05,9.207,0,0.6138,0.0002386816,9.207,0
0.6147,2.1149E-05,9.2205,0,0.6147,8.291753E-05,9.2205,0
0.6156,8.023193E-05,9.234,0,0.6156,-2.28275E-05,9.234,0
0.6165,2.920577E-05,9.2475,0,0.6165,-2.047761E-05,9.2475,0
0.6174,0.0002789654,9.261,0,0.6174,-5.404745E-05,9.261,0
0.6183,0.0005690089,9.2745,0,0.6183,-0.0001769131,9.2745,0
0.6192,0.0004401007,9.288,0,0.6192,-0.0002178683,9.288,0
0.6201,0.0002111543,9.3015,0,0.6201,-0.0002410315,9.3015,0
0.621,8.157473E-05,9.315,0,0.621,-0.0002272679,9.315,0
0.6219,-9.533837E-05,9.3285,0,0.6219,-0.0001027237,9.3285,0
0.6228,-0.0006750897,9.342,0,0.6228,-3.256275E-05,9.342,0
0.6237,-0.0005669947,9.3555,0,0.6237,4.39765E-05,9.3555,0
0.6246,-0.0002245823,9.369,0,0.6246,0.0001245441,9.369,0
0.6255,-0.0001440146,9.3825,0,0.6255,0.0001164874,9.3825,0
0.6264,-0.0001399863,9.396,0,0.6264,8.392462E-05,9.396,0
0.6273,-0.0001228656,9.4095,0,0.6273,2.484169E-05,9.4095,0
0.6282,-3.692683E-05,9.423,0,0.6282,1.913481E-05,9.423,0
0.6291,1.242084E-05,9.4365,0,0.6291,-3.793393E-05,9.4365,0
0.63,-1.779202E-05,9.45,0,0.63,-4.129091E-05,9.45,0
0.6309,1.376364E-05,9.4635,0,0.6309,-5.740444E-05,9.4635,0
0.6318,4.061952E-05,9.477,0,0.6318,-0.0001067521,9.477,0
0.6327,-1.510643E-05,9.4905,0,0.6327,-3.793393E-05,9.4905,0
0.6336,5.136187E-05,9.504,0,0.6336,-2.819867E-05,9.504,0
0.6345,0.0002057832,9.5175,0,0.6345,-4.162661E-05,9.5175,0
0.6354,0.000263859,9.531,0,0.6354,-1.644922E-05,9.531,0
0.6363,0.0002346532,9.5445,0,0.6363,-1.107805E-05,9.5445,0
0.6372,9.970245E-05,9.558,0,0.6372,2.652018E-05,9.558,0
0.6381,1.913481E-05,9.5715,0,0.6381,2.584878E-05,9.5715,0
0.639,1.712062E-05,9.585,0,0.639,-3.256275E-05,9.585,0
0.6399,-1.409934E-05,9.5985,0,0.6399,-2.349889E-06,9.5985,0
0.6408,-0.0001215228,9.612,0,0.6408,7.016098E-05,9.612,0
0.6417,-8.761731E-05,9.6255,0,0.6417,-2.853437E-05,9.6255,0
0.6426,-4.33051E-05,9.639,0,0.6426,-0.0001574426,9.639,0
0.6435,-2.853437E-05,9.6525,0,0.6435,-0.000161471,9.6525,0
0.6444,-7.821774E-05,9.666,0,0.6444,-0.000200412,9.666,0
0.6453,9.735256E-06,9.6795,0,0.6453,-0.000330663,9.6795,0
0.6462,2.887007E-05,9.693,0,0.6462,-0.0003091783,9.693,0
0.6471,-8.728161E-06,9.7065,0,0.6471,-0.0001722133,9.7065,0
0.648,-7.385367E-06,9.72,0,0.648,3.491264E-05,9.72,0
0.6489,-8.023193E-05,9.7335,0,0.6489,6.78111E-05,9.7335,0
0.6498,-7.721065E-06,9.747,0,0.6498,0.0001534142,9.747,0
0.6507,0.0001094377,9.7605,0,0.6507,0.0002457313,9.7605,0
0.6516,0.0001292439,9.774,0,0.6516,0.0002715801,9.774,0
0.6525,8.258183E-05,9.7875,0,0.6525,0.0002487526,9.7875,0
0.6534,5.572595E-05,9.801,0,0.6534,0.000112459,9.801,0
0.6543,1.577783E-05,9.8145,0,0.6543,5.740444E-05,9.8145,0
0.6552,-7.318227E-05,9.828,0,0.6552,-4.061952E-05,9.828,0
0.6561,-8.761731E-05,9.8415,0,0.6561,-0.0002192111,9.8415,0
0.657,2.383459E-05,9.855,0,0.657,-0.0004078737,9.855,0
0.6579,0.0001205158,9.8685,0,0.6579,-0.0006374914,9.8685,0
0.6588,0.0002863508,9.882,0,0.6588,-0.0006438697,9.882,0
0.6597,0.0001849699,9.8955,0,0.6597,-0.000421973,9.8955,0
0.6606,-2.316319E-05,9.909,0,0.6606,-7.687495E-05,9.909,0
0.6615,-0.0001376364,9.9225,0,0.6615,0.0002786297,9.9225,0
0.6624,-0.0002128328,9.936,0,0.6624,0.0005938506,9.936,0
0.6633,-0.0002198825,9.9495,0,0.6633,0.0007167163,9.9495,0
0.6642,-0.0002366674,9.963,0,0.6642,0.0006549477,9.963,0
0.6651,-0.0001574426,9.976501,0,0.6651,0.0003031357,9.976501,0
0.666,-0.0001319295,9.99,0,0.666,0.0001299153,9.99,0
0.6669,1.141375E-05,10.0035,0,0.6669,0.0001634852,10.0035,0
0.6678,-1.443504E-05,10.017,0,0.6678,0.0001366293,10.017,0
0.6687,3.692683E-06,10.0305,0,0.6687,5.337606E-05,10.0305,0
0.6696,1.779202E-05,10.044,0,0.6696,-1.443504E-05,10.044,0
0.6705,-2.450599E-05,10.0575,0,0.6705,4.699779E-06,10.0575,0
0.6714,-1.174945E-05,10.071,0,0.6714,-2.719158E-05,10.071,0
0.6723,1.309224E-05,10.0845,0,0.6723,-7.888914E-05,10.0845,0
0.6732,-3.121996E-05,10.098,0,0.6732,-7.116808E-05,10.098,0
0.6741,-3.927672E-05,10.1115,0,0.6741,-8.358892E-05,10.1115,0
0.675,-2.349889E-05,10.125,0,0.675,-0.0001127947,10.125,0
0.6759,-3.021286E-06,10.1385,0,0.6759,-0.0001027237,10.1385,0
0.6768,3.021286E-05,10.152,0,0.6768,-0.0001107805,10.152,0
0.6777,4.800488E-05,10.1655,0,0.6777,-0.0001144732,10.1655,0
0.6786,4.061952E-05,10.179,0,0.6786,-9.701686E-05,10.179,0
0.6795,1.712062E-05,10.1925,0,0.6795,-0.0001141375,10.1925,0
0.6804,7.721065E-06,10.206,0,0.6804,-0.0001292439,10.206,0
0.6813,-7.385367E-06,10.2195,0,0.6813,-0.0001027237,10.2195,0
0.6822,3.356985E-06,10.233,0,0.6822,-0.0001097734,10.233,0
0.6831,1.208515E-05,10.2465,0,0.6831,-0.0001373007,10.2465,0
0.684,5.706874E-06,10.26,0,0.684,-8.627451E-05,10.26,0
0.6849,-9.063859E-06,10.2735,0,0.6849,-8.627451E-05,10.2735,0
0.6858,1.040665E-05,10.287,0,0.6858,-0.0001060807,10.287,0
0.6867,-1.040665E-05,10.3005,0,0.6867,-7.183947E-05,10.3005,0
0.6876,-5.035477E-05,10.314,0,0.6876,-4.666209E-05,10.314,0
0.6885,-5.740444E-05,10.3275,0,0.6885,-3.323415E-05,10.3275,0
0.6894,-1.644922E-05,10.341,0,0.6894,-6.277562E-05,10.341,0
0.6903,1.577783E-05,10.3545,0,0.6903,-8.191043E-05,10.3545,0
0.6912,-1.007095E-06,10.368,0,0.6912,-5.606165E-05,10.368,0
0.6921,4.028382E-06,10.3815,0,0.6921,-2.920577E-05,10.3815,0
0.693,1.779202E-05,10.395,0,0.693,-3.390555E-05,10.395,0
0.6939,2.517739E-05,10.4085,0,0.6939,-5.404745E-05,10.4085,0
0.6948,1.510643E-05,10.422,0,0.6948,-1.107805E-05,10.422,0
0.6957,1.309224E-05,10.4355,0,0.6957,-2.014191E-05,10.4355,0
0.6966,1.644922E-05,10.449,0,0.6966,-6.478981E-05,10.449,0
0.6975,1.812772E-05,10.4625,0,0.6975,-3.021286E-05,10.4625,0
0.6984,6.042573E-05,10.476,0,0.6984,-2.316319E-05,10.476,0
0.6993,8.96315E-05,10.4895,0,0.6993,-4.733349E-05,10.4895,0
0.7002,0.0001527428,10.503,0,0.7002,-2.887007E-05,10.503,0
0.7011,0.0001896696,10.5165,0,0.7011,1.007095E-06,10.5165,0
0.702,0.0001151446,10.53,0,0.702,-3.021286E-06,10.53,0
0.7029,9.030289E-05,10.5435,0,0.7029,-3.155566E-05,10.5435,0
0.7038,5.841154E-05,10.557,0,0.7038,-5.404745E-05,10.557,0
0.7047,-2.752728E-05,10.5705,0,0.7047,6.042573E-06,10.5705,0
0.7056,-0.0001272297,10.584,0,0.7056,5.404745E-05,10.584,0
0.7065,-0.0001782559,10.5975,0,0.7065,1.242084E-05,10.5975,0
0.7074,-0.0002977645,10.611,0,0.7074,3.356985E-07,10.611,0
0.7083,-0.0003642329,10.6245,0,0.7083,7.486076E-05,10.6245,0
0.7092,-0.0001775845,10.638,0,0.7092,6.210422E-05,10.638,0
0.7101,-4.867628E-05,10.6515,0,0.7101,1.577783E-05,10.6515,0
0.711,-3.860533E-05,10.665,0,0.711,2.853437E-05,10.665,0
0.7119,-6.881819E-05,10.6785,0,0.7119,2.920577E-05,10.6785,0
0.7128,-3.961242E-05,10.692,0,0.7128,-9.063859E-06,10.692,0
0.7137,-2.316319E-05,10.7055,0,0.7137,-2.652018E-05,10.7055,0
0.7146,-4.129091E-05,10.719,0,0.7146,-1.544213E-05,10.719,0
0.7155,-5.539025E-05,10.7325,0,0.7155,-2.584878E-05,10.7325,0
0.7164,-4.46479E-05,10.746,0,0.7164,-1.577783E-05,10.746,0
0.7173,-1.879912E-05,10.7595,0,0.7173,-3.692683E-05,10.7595,0
0.7182,9.735256E-06,10.773,0,0.7182,-1.107805E-05,10.773,0
0.7191,3.457694E-05,10.7865,0,0.7191,-3.356985E-07,10.7865,0
0.72,4.46479E-05,10.8,0,0.72,-2.316319E-05,10.8,0
0.7209,8.560311E-05,10.8135,0,0.7209,-2.450599E-05,10.8135,0
0.7218,6.74754E-05,10.827,0,0.7218,-1.510643E-05,10.827,0
0.7227,5.606165E-05,10.8405,0,0.7227,-2.383459E-05,10.8405,0
0.7236,9.030289E-05,10.854,0,0.7236,-3.121996E-05,10.854,0
0.7245,0.000102388,10.8675,0,0.7245,3.390555E-05,10.8675,0
0.7254,4.599069E-05,10.881,0,0.7254,6.277562E-05,10.881,0
0.7263,1.980621E-05,10.8945,0,0.7263,-2.21561E-05,10.8945,0
0.7272,3.860533E-05,10.908,0,0.7272,-5.069047E-05,10.908,0
0.7281,-2.383459E-05,10.9215,0,0.7281,1.040665E-05,10.9215,0
0.729,-7.049668E-05,10.935,0,0.729,5.304036E-05,10.935,0
0.7299,-5.471885E-05,10.9485,0,0.7299,5.606165E-05,10.9485,0
0.7308,-6.54612E-05,10.962,0,0.7308,6.076142E-05,10.962,0
0.7317,-6.143282E-05,10.9755,0,0.7317,3.860533E-05,10.9755,0
0.7326,-5.539025E-05,10.989,0,0.7326,1.678492E-05,10.989,0
0.7335,-4.36408E-05,11.0025,0,0.7335,-1.644922E-05,11.0025,0
0.7344,3.356985E-06,11.016,0,0.7344,-3.860533E-05,11.016,0
0.7353,4.599069E-05,11.0295,0,0.7353,-0.0001514,11.0295,0
0.7362,0.0001185016,11.043,0,0.7362,-0.0001960479,11.043,0
0.7371,0.0001319295,11.0565,0,0.7371,-0.0001661708,11.0565,0
0.738,6.881819E-05,11.07,0,0.738,-8.89601E-05,11.07,0
0.7389,6.74754E-05,11.0835,0,0.7389,-2.853437E-05,11.0835,0
0.7398,3.121996E-05,11.097,0,0.7398,-2.081331E-05,11.097,0
0.7407,3.021286E-05,11.1105,0,0.7407,-7.049668E-06,11.1105,0
0.7416,-3.121996E-05,11.124,0,0.7416,9.063859E-06,11.124,0
0.7425,-7.687495E-05,11.1375,0,0.7425,-2.987716E-05,11.1375,0
0.7434,-8.627451E-05,11.151,0,0.7434,-5.136187E-05,11.151,0
0.7443,-6.948959E-05,11.1645,0,0.7443,-7.855344E-05,11.1645,0
0.7452,-4.666209E-05,11.178,0,0.7452,-1.141375E-05,11.178,0
0.7461,-5.371176E-06,11.1915,0,0.7461,6.311131E-05,11.1915,0
0.747,5.337606E-05,11.205,0,0.747,4.028382E-05,11.205,0
0.7479,5.539025E-05,11.2185,0,0.7479,-3.625543E-05,11.2185,0
0.7488,3.860533E-05,11.232,0,0.7488,-1.275654E-05,11.232,0
0.7497,0.000112459,11.2455,0,0.7497,-2.920577E-05,11.2455,0
0.7506,0.0001232013,11.259,0,0.7506,-0.0001349508,11.259,0
0.7515,4.36408E-05,11.2725,0,0.7515,-1.577783E-05,11.2725,0
0.7524,-1.208515E-05,11.286,0,0.7524,7.956054E-05,11.286,0
0.7533,-2.987716E-05,11.2995,0,0.7533,3.927672E-05,11.2995,0
0.7542,-9.500267E-05,11.313,0,0.7542,2.853437E-05,11.313,0
0.7551,-7.452507E-05,11.3265,0,0.7551,3.189136E-05,11.3265,0
0.756,-7.217517E-05,11.34,0,0.756,-2.18204E-05,11.34,0
0.7569,-0.0001117876,11.3535,0,0.7569,-5.337606E-05,11.3535,0
0.7578,-5.975433E-05,11.367,0,0.7578,-5.404745E-05,11.367,0
0.7587,-6.143282E-05,11.3805,0,0.7587,-5.706874E-06,11.3805,0
0.7596,-8.761731E-05,11.394,0,0.7596,-1.007095E-06,11.394,0
0.7605,-8.123904E-05,11.4075,0,0.7605,-2.014191E-05,11.4075,0
0.7614,-5.169757E-05,11.421,0,0.7614,3.390555E-05,11.421,0
0.7623,-5.807584E-05,11.4345,0,0.7623,3.356985E-07,11.4345,0
0.7632,-4.061952E-05,11.448,0,0.7632,-8.123904E-05,11.448,0
0.7641,-1.712062E-05,11.4615,0,0.7641,-0.0001185016,11.4615,0
0.765,2.551309E-05,11.475,0,0.765,2.349889E-06,11.475,0
0.7659,5.337606E-05,11.4885,0,0.7659,0.0001456931,11.4885,0
0.7668,3.189136E-05,11.502,0,0.7668,3.256275E-05,11.502,0
0.7677,1.644922E-05,11.5155,0,0.7677,-8.358892E-05,11.5155,0
0.7686,-1.174945E-05,11.529,0,0.7686,-3.793393E-05,11.529,0
0.7695,-2.719158E-05,11.5425,0,0.7695,-3.524834E-05,11.5425,0
0.7704,-1.242084E-05,11.556,0,0.7704,-7.620356E-05,11.556,0
0.7713,1.745632E-05,11.5695,0,0.7713,-0.0001265583,11.5695,0
0.7722,5.337606E-05,11.583,0,0.7722,-6.210422E-05,11.583,0
0.7731,8.96315E-05,11.5965,0,0.7731,7.721065E-06,11.5965,0
0.774,3.994812E-05,11.61,0,0.774,-1.443504E-05,11.61,0
0.7749,-7.721065E-06,11.6235,0,0.7749,-4.49836E-05,11.6235,0
0.7758,1.443504E-05,11.637,0,0.7758,3.021286E-06,11.637,0
0.7767,1.107805E-05,11.6505,0,0.7767,1.678492E-06,11.6505,0
0.7776,-2.047761E-05,11.664,0,0.7776,-4.36408E-05,11.664,0
0.7785,-4.666209E-05,11.6775,0,0.7785,-9.399558E-06,11.6775,0
0.7794,-9.399557E-05,11.691,0,0.7794,-1.577783E-05,11.691,0
0.7803,-8.291753E-05,11.7045,0,0.7803,-7.251087E-05,11.7045,0
0.7812,-4.33051E-05,11.718,0,0.7812,-6.243992E-05,11.718,0
0.7821,-2.987716E-05,11.7315,0,0.7821,2.349889E-06,11.7315,0
0.783,1.678492E-06,11.745,0,0.783,2.417029E-05,11.745,0
0.7839,4.129091E-05,11.7585,0,0.7839,6.411841E-05,11.7585,0
0.7848,8.291753E-05,11.772,0,0.7848,6.51255E-05,11.772,0
0.7857,8.325322E-05,11.7855,0,0.7857,4.095522E-05,11.7855,0
0.7866,-3.021286E-06,11.799,0,0.7866,-9.063859E-06,11.799,0
0.7875,-3.524834E-05,11.8125,0,0.7875,-3.793393E-05,11.8125,0
0.7884,-3.390555E-05,11.826,0,0.7884,-4.53193E-05,11.826,0
0.7893,-5.035477E-05,11.8395,0,0.7893,-6.378271E-06,11.8395,0
0.7902,-1.309224E-05,11.853,0,0.7902,3.356985E-07,11.853,0
0.7911,0,11.8665,0,0.7911,-0.0001027237,11.8665,0
0.792,-1.846342E-05,11.88,0,0.792,-0.0001215228,11.88,0
0.7929,2.652018E-05,11.8935,0,0.7929,-7.318227E-05,11.8935,0
0.7938,1.510643E-05,11.907,0,0.7938,-5.404745E-05,11.907,0
0.7947,4.028382E-06,11.9205,0,0.7947,-3.524834E-05,11.9205,0
0.7956,2.786297E-05,11.934,0,0.7956,1.712062E-05,11.934,0
0.7965,2.987716E-05,11.9475,0,0.7965,6.915389E-05,11.9475,0
0.7974,-2.047761E-05,11.961,0,0.7974,0.0001017166,11.961,0
0.7983,-4.196231E-05,11.9745,0,0.7983,7.687495E-05,11.9745,0
0.7992,-6.210422E-05,11.988,0,0.7992,2.853437E-05,11.988,0
0.8001,-7.620356E-05,12.0015,0,0.8001,2.24918E-05,12.0015,0
0.801,-4.666209E-05,12.015,0,0.801,-1.544213E-05,12.015,0
0.8019,-2.551309E-05,12.0285,0,0.8019,3.692683E-06,12.0285,0
0.8028,-7.721065E-06,12.042,0,0.8028,3.021286E-05,12.042,0
0.8037,3.457694E-05,12.0555,0,0.8037,-5.270466E-05,12.0555,0
0.8046,4.934768E-05,12.069,0,0.8046,-0.0001094377,12.069,0
0.8055,-3.356985E-07,12.0825,0,0.8055,-4.028382E-06,12.0825,0
0.8064,6.042573E-06,12.096,0,0.8064,4.733349E-05,12.096,0
0.8073,3.591974E-05,12.1095,0,0.8073,-1.107805E-05,12.1095,0
0.8082,1.846342E-05,12.123,0,0.8082,-5.371176E-06,12.123,0
0.8091,-4.800488E-05,12.1365,0,0.8091,-1.141375E-05,12.1365,0
0.81,-7.351797E-05,12.15,0,0.81,-1.846342E-05,12.15,0
0.8109,-5.874724E-05,12.1635,0,0.8109,-1.309224E-05,12.1635,0
0.8118,-5.136187E-05,12.177,0,0.8118,-8.157473E-05,12.177,0
0.8127,-4.39765E-05,12.1905,0,0.8127,-0.0001087663,12.1905,0
0.8136,-5.035477E-06,12.204,0,0.8136,-5.337606E-05,12.204,0
0.8145,6.881819E-05,12.2175,0,0.8145,-2.685588E-05,12.2175,0
0.8154,7.351797E-05,12.231,0,0.8154,-4.934768E-05,12.231,0
0.8163,3.894102E-05,12.2445,0,0.8163,-2.853437E-05,12.2445,0
0.8172,3.759823E-05,12.258,0,0.8172,-7.049668E-06,12.258,0
0.8181,2.752728E-05,12.2715,0,0.8181,-3.659113E-05,12.2715,0
0.819,1.577783E-05,12.285,0,0.819,-9.063859E-06,12.285,0
0.8199,4.028382E-05,12.2985,0,0.8199,-1.007095E-05,12.2985,0
0.8208,6.74754E-05,12.312,0,0.8208,-5.136187E-05,12.312,0
0.8217,-4.733349E-05,12.3255,0,0.8217,-3.961242E-05,12.3255,0
0.8226,-0.0001104448,12.339,0,0.8226,-2.21561E-05,12.339,0
0.8235,-9.365987E-05,12.3525,0,0.8235,-3.121996E-05,12.3525,0
0.8244,-8.89601E-05,12.366,0,0.8244,-4.028382E-05,12.366,0
0.8253,-8.392462E-05,12.3795,0,0.8253,-6.915389E-05,12.3795,0
0.8262,-4.46479E-05,12.393,0,0.8262,-1.913481E-05,12.393,0
0.8271,-1.141375E-05,12.4065,0,0.8271,1.443504E-05,12.4065,0
0.828,1.779202E-05,12.42,0,0.828,-3.524834E-05,12.42,0
0.8289,8.560311E-05,12.4335,0,0.8289,-6.915389E-05,12.4335,0
0.8298,7.486076E-05,12.447,0,0.8298,9.063859E-06,12.447,0
0.8307,6.948959E-05,12.4605,0,0.8307,2.21561E-05,12.4605,0
0.8316,8.661021E-05,12.474,0,0.8316,-2.28275E-05,12.474,0
0.8325,2.18204E-05,12.4875,0,0.8325,4.666209E-05,12.4875,0
0.8334,6.378271E-06,12.501,0,0.8334,5.203327E-05,12.501,0
0.8343,3.726253E-05,12.5145,0,0.8343,1.107805E-05,12.5145,0
0.8352,-2.685588E-06,12.528,0,0.8352,-3.390555E-05,12.528,0
0.8361,3.659113E-05,12.5415,0,0.8361,6.378271E-06,12.5415,0
0.837,3.457694E-05,12.555,0,0.837,-2.349889E-06,12.555,0
0.8379,-1.846342E-05,12.5685,0,0.8379,-1.107805E-05,12.5685,0
0.8388,-2.584878E-05,12.582,0,0.8388,-1.644922E-05,12.582,0
0.8397,-3.491264E-05,12.5955,0,0.8397,-3.692683E-06,12.5955,0
0.8406,-5.035477E-05,12.609,0,0.8406,1.107805E-05,12.609,0
0.8415,-5.270466E-05,12.6225,0,0.8415,-1.846342E-05,12.6225,0
0.8424,-1.846342E-05,12.636,0,0.8424,-3.424125E-05,12.636,0
0.8433,-2.920577E-05,12.6495,0,0.8433,-3.021286E-06,12.6495,0
0.8442,-3.256275E-05,12.663,0,0.8442,5.035477E-06,12.663,0
0.8451,-6.344701E-05,12.6765,0,0.8451,-4.934768E-05,12.6765,0
0.846,-6.74754E-05,12.69,0,0.846,-1.141375E-05,12.69,0
0.8469,-2.450599E-05,12.7035,0,0.8469,1.040665E-05,12.7035,0
0.8478,-5.874724E-05,12.717,0,0.8478,-3.860533E-05,12.717,0
0.8487,-6.51255E-05,12.7305,0,0.8487,-5.740444E-05,12.7305,0
0.8496,-4.53193E-05,12.744,0,0.8496,-1.644922E-05,12.744,0
0.8505,-2.383459E-05,12.7575,0,0.8505,-4.129091E-05,12.7575,0
0.8514,1.141375E-05,12.771,0,0.8514,-3.961242E-05,12.771,0
0.8523,5.706874E-06,12.7845,0,0.8523,-1.913481E-05,12.7845,0
0.8532,-1.409934E-05,12.798,0,0.8532,1.678492E-05,12.798,0
0.8541,-1.947051E-05,12.8115,0,0.8541,-3.793393E-05,12.8115,0
0.855,4.699779E-06,12.825,0,0.855,-7.821774E-05,12.825,0
0.8559,5.874724E-05,12.8385,0,0.8559,-3.994812E-05,12.8385,0
0.8568,5.136187E-05,12.852,0,0.8568,-4.028382E-06,12.852,0
0.8577,6.378271E-05,12.8655,0,0.8577,-1.510643E-05,12.8655,0
0.8586,3.121996E-05,12.879,0,0.8586,-5.136187E-05,12.879,0
0.8595001,-1.477073E-05,12.8925,0,0.8595001,-2.652018E-05,12.8925,0
0.8604,-2.786297E-05,12.906,0,0.8604,-1.174945E-05,12.906,0
0.8613,-4.53193E-05,12.9195,0,0.8613,-3.457694E-05,12.9195,0
0.8622,-8.090334E-05,12.933,0,0.8622,-1.242084E-05,12.933,0
0.8631,-7.486076E-05,12.9465,0,0.8631,3.356985E-05,12.9465,0
0.864,-5.001907E-05,12.96,0,0.864,1.040665E-05,12.96,0
0.8649,-3.826963E-05,12.9735,0,0.8649,-1.510643E-05,12.9735,0
0.8658,3.021286E-06,12.987,0,0.8658,-2.853437E-05,12.987,0
0.8667,2.047761E-05,13.0005,0,0.8667,-1.443504E-05,13.0005,0
0.8676,-3.558404E-05,13.014,0,0.8676,-2.517739E-05,13.014,0
0.8685,-1.846342E-05,13.0275,0,0.8685,-3.927672E-05,13.0275,0
0.8694,2.1149E-05,13.041,0,0.8694,-2.484169E-05,13.041,0
0.8703,-2.987716E-05,13.0545,0,0.8703,4.061952E-05,13.0545,0
0.8712,-5.505455E-05,13.068,0,0.8712,-8.392462E-06,13.068,0
0.8721,-2.18204E-05,13.0815,0,0.8721,-4.666209E-05,13.0815,0
0.873,-2.719158E-05,13.095,0,0.873,-2.887007E-05,13.095,0
0.8739,1.409934E-05,13.1085,0,0.8739,-4.46479E-05,13.1085,0
0.8748,6.042573E-05,13.122,0,0.8748,-7.888914E-05,13.122,0
0.8757,4.061952E-05,13.1355,0,0.8757,-8.69459E-05,13.1355,0
0.8766,5.740444E-05,13.149,0,0.8766,-3.323415E-05,13.149,0
0.8775,8.89601E-05,13.1625,0,0.8775,-3.692683E-06,13.1625,0
0.8784,8.258183E-05,13.176,0,0.8784,-1.947051E-05,13.176,0
0.8793,5.069047E-05,13.1895,0,0.8793,-7.116808E-05,13.1895,0
0.8802,-7.049668E-06,13.203,0,0.8802,-4.33051E-05,13.203,0
0.8811,7.721065E-06,13.2165,0,0.8811,-1.611353E-05,13.2165,0
0.882,-3.356985E-07,13.23,0,0.882,-2.786297E-05,13.23,0
0.8829,-1.510643E-05,13.2435,0,0.8829,-3.054856E-05,13.2435,0
0.8838,-8.056763E-06,13.257,0,0.8838,1.846342E-05,13.257,0
0.8847,-2.14847E-05,13.2705,0,0.8847,8.392462E-06,13.2705,0
0.8856,-2.786297E-05,13.284,0,0.8856,-2.383459E-05,13.284,0
0.8865,-3.189136E-05,13.2975,0,0.8865,3.356985E-06,13.2975,0
0.8874,-5.874724E-05,13.311,0,0.8874,-2.047761E-05,13.311,0
0.8883,-2.853437E-05,13.3245,0,0.8883,-6.948959E-05,13.3245,0
0.8892,1.141375E-05,13.338,0,0.8892,-7.083238E-05,13.338,0
0.8901,6.713969E-06,13.3515,0,0.8901,-1.846342E-05,13.3515,0
0.891,2.786297E-05,13.365,0,0.891,-7.049668E-06,13.365,0
0.8919,2.383459E-05,13.3785,0,0.8919,5.740444E-05,13.3785,0
0.8928,2.047761E-05,13.392,0,0.8928,-2.014191E-06,13.392,0
0.8937,-2.920577E-05,13.4055,0,0.8937,-3.659113E-05,13.4055,0
0.8946,-2.047761E-05,13.419,0,0.8946,-2.349889E-06,13.419,0
0.8955,-9.063859E-06,13.4325,0,0.8955,-1.913481E-05,13.4325,0
0.8964,-8.728161E-06,13.446,0,0.8964,2.786297E-05,13.446,0
0.8973,-3.457694E-05,13.4595,0,0.8973,5.035477E-05,13.4595,0
0.8982,-3.726253E-05,13.473,0,0.8982,9.063859E-06,13.473,0
0.8991,3.356985E-07,13.4865,0,0.8991,-1.242084E-05,13.4865,0
0.9,-2.1149E-05,13.5,0,0.9,1.242084E-05,13.5,0
0.9009,-1.376364E-05,13.5135,0,0.9009,9.735256E-06,13.5135,0
0.9018,2.014191E-06,13.527,0,0.9018,3.356985E-07,13.527,0
0.9027,1.678492E-06,13.5405,0,0.9027,-2.752728E-05,13.5405,0
0.9036,-5.203327E-05,13.554,0,0.9036,-3.256275E-05,13.554,0
0.9045,-5.706874E-06,13.5675,0,0.9045,-2.920577E-05,13.5675,0
0.9054,1.141375E-05,13.581,0,0.9054,-5.841154E-05,13.581,0
0.9063,6.042573E-06,13.5945,0,0.9063,-8.291753E-05,13.5945,0
0.9072,1.376364E-05,13.608,0,0.9072,-5.539025E-05,13.608,0
0.9081,-3.826963E-05,13.6215,0,0.9081,-2.047761E-05,13.6215,0
0.909,-5.001907E-05,13.635,0,0.909,-2.987716E-05,13.635,0
0.9099,-1.174945E-05,13.6485,0,0.9099,-2.1149E-05,13.6485,0
0.9108,-3.189136E-05,13.662,0,0.9108,6.51255E-05,13.662,0
0.9117,-2.24918E-05,13.6755,0,0.9117,2.786297E-05,13.6755,0
0.9126,-5.706874E-06,13.689,0,0.9126,-5.236896E-05,13.689,0
0.9135,-2.047761E-05,13.7025,0,0.9135,-2.24918E-05,13.7025,0
0.9144,3.088426E-05,13.716,0,0.9144,-2.920577E-05,13.716,0
0.9153,6.277562E-05,13.7295,0,0.9153,-4.33051E-05,13.7295,0
0.9162,2.752728E-05,13.743,0,0.9162,-9.735256E-06,13.743,0
0.9171,-4.599069E-05,13.7565,0,0.9171,-1.443504E-05,13.7565,0
0.918,-6.378271E-05,13.77,0,0.918,8.392462E-06,13.77,0
0.9189,-5.673304E-05,13.7835,0,0.9189,-4.36408E-06,13.7835,0
0.9198,-4.934768E-05,13.797,0,0.9198,-2.719158E-05,13.797,0
0.9207,-4.800488E-05,13.8105,0,0.9207,-3.927672E-05,13.8105,0
0.9216,-1.275654E-05,13.824,0,0.9216,-2.887007E-05,13.824,0
0.9225,1.678492E-06,13.8375,0,0.9225,-3.289845E-05,13.8375,0
0.9234,3.994812E-05,13.851,0,0.9234,-3.994812E-05,13.851,0
0.9243,6.109713E-05,13.8645,0,0.9243,-2.047761E-05,13.8645,0
0.9252,4.162661E-05,13.878,0,0.9252,-2.24918E-05,13.878,0
0.9261,4.33051E-05,13.8915,0,0.9261,-4.599069E-05,13.8915,0
0.927,2.618448E-05,13.905,0,0.927,-1.242084E-05,13.905,0
0.9279,-2.316319E-05,13.9185,0,0.9279,1.342794E-06,13.9185,0
0.9288,-4.095522E-05,13.932,0,0.9288,-3.323415E-05,13.932,0
0.9297,-2.18204E-05,13.9455,0,0.9297,-2.652018E-05,13.9455,0
0.9306,2.349889E-06,13.959,0,0.9306,-1.678492E-05,13.959,0
0.9315,-1.544213E-05,13.9725,0,0.9315,-2.081331E-05,13.9725,0
0.9324,-1.510643E-05,13.986,0,0.9324,-2.484169E-05,13.986,0
0.9333,-8.392462E-06,13.9995,0,0.9333,-4.061952E-05,13.9995,0
0.9342,-1.577783E-05,14.013,0,0.9342,-1.678492E-05,14.013,0
0.9351,-2.383459E-05,14.0265,0,0.9351,-1.342794E-06,14.0265,0
0.936,9.735256E-06,14.04,0,0.936,-2.18204E-05,14.04,0
0.9369,1.846342E-05,14.0535,0,0.9369,-9.399558E-06,14.0535,0
0.9378,2.316319E-05,14.067,0,0.9378,2.349889E-05,14.067,0
0.9387,3.021286E-05,14.0805,0,0.9387,-8.056763E-06,14.0805,0
0.9396001,4.129091E-05,14.094,0,0.9396001,-4.766919E-05,14.094,0
0.9405,1.342794E-06,14.1075,0,0.9405,-7.049668E-06,14.1075,0
0.9414001,-5.035477E-06,14.121,0,0.9414001,-1.678492E-06,14.121,0
0.9423,-8.392462E-06,14.1345,0,0.9423,-2.719158E-05,14.1345,0
0.9432001,-8.224613E-05,14.148,0,0.9432001,-1.846342E-05,14.148,0
0.9441,-7.418937E-05,14.1615,0,0.9441,1.040665E-05,14.1615,0
0.9450001,-1.577783E-05,14.175,0,0.9450001,-3.021286E-06,14.175,0
0.9459,-1.376364E-05,14.1885,0,0.9459,-1.074235E-05,14.1885,0
0.9468,-1.376364E-05,14.202,0,0.9468,-2.618448E-05,14.202,0
0.9477,-1.644922E-05,14.2155,0,0.9477,-1.409934E-05,14.2155,0
0.9486,-1.678492E-06,14.229,0,0.9486,-5.706874E-06,14.229,0
0.9495,0,14.2425,0,0.9495,-2.316319E-05,14.2425,0
0.9504,-1.846342E-05,14.256,0,0.9504,-3.927672E-05,14.256,0
0.9513,-3.121996E-05,14.2695,0,0.9513,-5.706874E-06,14.2695,0
0.9522,-3.121996E-05,14.283,0,0.9522,-1.007095E-05,14.283,0
0.9531,2.014191E-05,14.2965,0,0.9531,-6.948959E-05,14.2965,0
0.954,-2.047761E-05,14.31,0,0.954,-3.759823E-05,14.31,0
0.9549,-1.779202E-05,14.3235,0,0.9549,7.049668E-06,14.3235,0
0.9558,3.054856E-05,14.337,0,0.9558,2.1149E-05,14.337,0
0.9567,4.733349E-05,14.3505,0,0.9567,3.692683E-06,14.3505,0
0.9576,2.920577E-05,14.364,0,0.9576,1.342794E-05,14.364,0
0.9585,-5.035477E-06,14.3775,0,0.9585,-3.021286E-06,14.3775,0
0.9594,3.692683E-06,14.391,0,0.9594,-3.692683E-05,14.391,0
0.9603,-9.735256E-06,14.4045,0,0.9603,-5.941863E-05,14.4045,0
0.9612,-1.443504E-05,14.418,0,0.9612,-2.652018E-05,14.418,0
0.9621,2.349889E-05,14.4315,0,0.9621,-3.356985E-07,14.4315,0
0.963,3.021286E-06,14.445,0,0.963,-3.021286E-05,14.445,0
0.9639,-2.853437E-05,14.4585,0,0.9639,-2.987716E-05,14.4585,0
0.9648,-4.263371E-05,14.472,0,0.9648,-4.36408E-06,14.472,0
0.9657,-4.196231E-05,14.4855,0,0.9657,-2.517739E-05,14.4855,0
0.9666,-3.390555E-05,14.499,0,0.9666,-5.169757E-05,14.499,0
0.9675,-1.409934E-05,14.5125,0,0.9675,-1.812772E-05,14.5125,0
0.9684,-2.652018E-05,14.526,0,0.9684,-2.719158E-05,14.526,0
0.9693,-3.927672E-05,14.5395,0,0.9693,-5.169757E-05,14.5395,0
0.9702,-1.141375E-05,14.553,0,0.9702,-3.793393E-05,14.553,0
0.9711,5.035477E-06,14.5665,0,0.9711,-1.309224E-05,14.5665,0
0.972,2.24918E-05,14.58,0,0.972,-2.551309E-05,14.58,0
0.9729,1.510643E-05,14.5935,0,0.9729,-2.987716E-05,14.5935,0
0.9738,3.121996E-05,14.607,0,0.9738,-4.46479E-05,14.607,0
0.9747,2.652018E-05,14.6205,0,0.9747,-2.517739E-05,14.6205,0
0.9756,2.719158E-05,14.634,0,0.9756,3.591974E-05,14.634,0
0.9765,1.678492E-05,14.6475,0,0.9765,4.968337E-05,14.6475,0
0.9774,2.349889E-05,14.661,0,0.9774,1.443504E-05,14.661,0
0.9783,-1.745632E-05,14.6745,0,0.9783,3.289845E-05,14.6745,0
0.9792,-4.33051E-05,14.688,0,0.9792,1.913481E-05,14.688,0
0.9801,-1.242084E-05,14.7015,0,0.9801,-5.069047E-05,14.7015,0
0.981,1.678492E-06,14.715,0,0.981,-5.807584E-05,14.715,0
0.9819,-2.484169E-05,14.7285,0,0.9819,-4.565499E-05,14.7285,0
0.9828,-1.913481E-05,14.742,0,0.9828,-6.57969E-05,14.742,0
0.9837,-4.599069E-05,14.7555,0,0.9837,-7.351797E-05,14.7555,0
0.9846,-7.318227E-05,14.769,0,0.9846,-3.659113E-05,14.769,0
0.9855,-5.941863E-05,14.7825,0,0.9855,-2.349889E-05,14.7825,0
0.9864,-4.39765E-05,14.796,0,0.9864,-2.719158E-05,14.796,0
0.9873,-1.007095E-06,14.8095,0,0.9873,-3.994812E-05,14.8095,0
0.9882,2.014191E-05,14.823,0,0.9882,-2.752728E-05,14.823,0
0.9891,1.644922E-05,14.8365,0,0.9891,-1.107805E-05,14.8365,0
0.99,7.721065E-06,14.85,0,0.99,-2.517739E-05,14.85,0
0.9909,2.1149E-05,14.8635,0,0.9909,-4.666209E-05,14.8635,0
0.9918,1.712062E-05,14.877,0,0.9918,-1.678492E-06,14.877,0
0.9927,-1.309224E-05,14.8905,0,0.9927,-1.443504E-05,14.8905,0
0.9936,1.947051E-05,14.904,0,0.9936,-3.961242E-05,14.904,0
0.9945,4.196231E-05,14.9175,0,0.9945,1.779202E-05,14.9175,0
0.9954,-3.356985E-07,14.931,0,0.9954,-1.510643E-05,14.931,0
0.9963,3.021286E-06,14.9445,0,0.9963,-5.807584E-05,14.9445,0
0.9972,-2.21561E-05,14.958,0,0.9972,-4.800488E-05,14.958,0
0.9981,-4.33051E-05,14.9715,0,0.9981,-1.275654E-05,14.9715,0
0.999,-6.109713E-05,14.985,0,0.999,4.028382E-06,14.985,0
0.9999,-2.887007E-05,14.9985,0,0.9999,2.18204E-05,14.9985,0
1.0008,-1.779202E-05,15.012,0,1.0008,7.049668E-06,15.012,0
1.0017,-1.443504E-05,15.0255,0,1.0017,1.007095E-06,15.0255,0
1.0026,-5.035477E-06,15.039,0,1.0026,-3.390555E-05,15.039,0
1.0035,-5.706874E-06,15.0525,0,1.0035,-5.304036E-05,15.0525,0
1.0044,2.484169E-05,15.066,0,1.0044,-5.001907E-05,15.066,0
1.0053,1.443504E-05,15.0795,0,1.0053,-2.18204E-05,15.0795,0
1.0062,9.735256E-06,15.093,0,1.0062,-3.793393E-05,15.093,0
1.0071,1.107805E-05,15.1065,0,1.0071,-3.256275E-05,15.1065,0
1.008,-7.049668E-06,15.12,0,1.008,1.577783E-05,15.12,0
1.0089,-3.256275E-05,15.1335,0,1.0089,4.028382E-06,15.1335,0
1.0098,-6.042573E-06,15.147,0,1.0098,2.081331E-05,15.147,0
1.0107,1.947051E-05,15.1605,0,1.0107,6.243992E-05,15.1605,0
1.0116,3.256275E-05,15.174,0,1.0116,6.61326E-05,15.174,0
1.0125,3.894102E-05,15.1875,0,1.0125,4.666209E-05,15.1875,0
1.0134,3.121996E-05,15.201,0,1.0134,2.24918E-05,15.201,0
1.0143,1.913481E-05,15.2145,0,1.0143,-4.196231E-05,15.2145,0
1.0152,-2.14847E-05,15.228,0,1.0152,-6.982528E-05,15.228,0
1.0161,-4.968337E-05,15.2415,0,1.0161,-7.016098E-05,15.2415,0
1.017,-3.994812E-05,15.255,0,1.017,-7.385367E-05,15.255,0
1.0179,-3.457694E-05,15.2685,0,1.0179,-6.78111E-05,15.2685,0
1.0188,-7.821774E-05,15.282,0,1.0188,-3.692683E-06,15.282,0
1.0197,-3.289845E-05,15.2955,0,1.0197,-1.141375E-05,15.2955,0
1.0206,-3.692683E-06,15.309,0,1.0206,-4.061952E-05,15.309,0
1.0215,-3.591974E-05,15.3225,0,1.0215,1.779202E-05,15.3225,0
1.0224,-2.28275E-05,15.336,0,1.0224,2.920577E-05,15.336,0
1.0233,-3.021286E-06,15.3495,0,1.0233,-2.517739E-05,15.3495,0
1.0242,-2.786297E-05,15.363,0,1.0242,-5.270466E-05,15.363,0
1.0251,-3.591974E-05,15.3765,0,1.0251,-5.270466E-05,15.3765,0
1.026,-9.399558E-06,15.39,0,1.026,-6.143282E-05,15.39,0
1.0269,2.28275E-05,15.4035,0,1.0269,-3.524834E-05,15.4035,0
1.0278,4.39765E-05,15.417,0,1.0278,-3.121996E-05,15.417,0
1.0287,3.289845E-05,15.4305,0,1.0287,-1.779202E-05,15.4305,0
1.0296,3.793393E-05,15.444,0,1.0296,-6.713969E-06,15.444,0
1.0305,6.378271E-06,15.4575,0,1.0305,-2.819867E-05,15.4575,0
1.0314,0,15.471,0,1.0314,-6.009003E-05,15.471,0
1.0323,-8.392462E-06,15.4845,0,1.0323,1.342794E-06,15.4845,0
1.0332,-8.728161E-06,15.498,0,1.0332,6.143282E-05,15.498,0
1.0341,1.309224E-05,15.5115,0,1.0341,9.735256E-06,15.5115,0
1.035,-3.793393E-05,15.525,0,1.035,0,15.525,0
1.0359,-1.544213E-05,15.5385,0,1.0359,3.390555E-05,15.5385,0
1.0368,4.699779E-06,15.552,0,1.0368,1.409934E-05,15.552,0
1.0377,2.349889E-06,15.5655,0,1.0377,-1.376364E-05,15.5655,0
1.0386,1.107805E-05,15.579,0,1.0386,-5.706874E-06,15.579,0
1.0395,-3.021286E-06,15.5925,0,1.0395,-1.510643E-05,15.5925,0
1.0404,5.706874E-06,15.606,0,1.0404,-8.392462E-06,15.606,0
1.0413,2.719158E-05,15.6195,0,1.0413,-4.29694E-05,15.6195,0
1.0422,-6.378271E-06,15.633,0,1.0422,-4.33051E-05,15.633,0
1.0431,-3.256275E-05,15.6465,0,1.0431,-4.39765E-05,15.6465,0
1.044,-1.040665E-05,15.66,0,1.044,-7.452507E-05,15.66,0
1.0449,4.36408E-06,15.6735,0,1.0449,-7.855344E-05,15.6735,0
1.0458,-1.309224E-05,15.687,0,1.0458,-1.510643E-05,15.687,0
1.0467,-2.484169E-05,15.7005,0,1.0467,3.457694E-05,15.7005,0
1.0476,-4.028382E-06,15.714,0,1.0476,-6.042573E-06,15.714,0
1.0485,-4.36408E-05,15.7275,0,1.0485,-9.735256E-06,15.7275,0
1.0494,-5.035477E-05,15.741,0,1.0494,-1.309224E-05,15.741,0
1.0503,-1.174945E-05,15.7545,0,1.0503,-4.196231E-05,15.7545,0
1.0512,3.424125E-05,15.768,0,1.0512,-1.712062E-05,15.768,0
1.0521,-1.678492E-05,15.7815,0,1.0521,3.692683E-06,15.7815,0
1.053,-5.203327E-05,15.795,0,1.053,-4.129091E-05,15.795,0
1.0539,-3.256275E-05,15.8085,0,1.0539,-5.337606E-05,15.8085,0
1.0548,1.544213E-05,15.822,0,1.0548,-5.807584E-05,15.822,0
1.0557,3.323415E-05,15.8355,0,1.0557,-2.081331E-05,15.8355,0
1.0566,-3.356985E-07,15.849,0,1.0566,1.309224E-05,15.849,0
1.0575,-6.378271E-06,15.8625,0,1.0575,-7.721065E-06,15.8625,0
1.0584,2.920577E-05,15.876,0,1.0584,-3.457694E-05,15.876,0
1.0593,2.1149E-05,15.8895,0,1.0593,9.063859E-06,15.8895,0
1.0602,-4.36408E-06,15.903,0,1.0602,6.713969E-07,15.903,0
1.0611,2.349889E-06,15.9165,0,1.0611,-4.867628E-05,15.9165,0
1.062,2.786297E-05,15.93,0,1.062,-1.611353E-05,15.93,0
1.0629,3.021286E-06,15.9435,0,1.0629,-2.18204E-05,15.9435,0
1.0638,-2.819867E-05,15.957,0,1.0638,-5.001907E-05,15.957,0
1.0647,-6.109713E-05,15.9705,0,1.0647,-3.323415E-05,15.9705,0
1.0656,-5.706874E-05,15.984,0,1.0656,-6.042573E-06,15.984,0
1.0665,-2.1149E-05,15.9975,0,1.0665,1.007095E-06,15.9975,0
1.0674,-8.392462E-06,16.011,0,1.0674,3.356985E-07,16.011,0
1.0683,-2.853437E-05,16.0245,0,1.0683,-2.719158E-05,16.0245,0
1.0692,-4.196231E-05,16.038,0,1.0692,-4.766919E-05,16.038,0
1.0701,2.24918E-05,16.0515,0,1.0701,-2.047761E-05,16.0515,0
1.071,3.256275E-05,16.065,0,1.071,-4.565499E-05,16.065,0
1.0719,1.376364E-05,16.0785,0,1.0719,-3.961242E-05,16.0785,0
1.0728,1.275654E-05,16.092,0,1.0728,1.712062E-05,16.092,0
1.0737,1.040665E-05,16.1055,0,1.0737,4.129091E-05,16.1055,0
1.0746,-1.107805E-05,16.119,0,1.0746,1.309224E-05,16.119,0
1.0755,-4.196231E-05,16.1325,0,1.0755,7.049668E-06,16.1325,0
1.0764,-6.78111E-05,16.146,0,1.0764,2.014191E-05,16.146,0
1.0773,-5.404745E-05,16.1595,0,1.0773,7.049668E-06,16.1595,0
1.0782,-2.719158E-05,16.173,0,1.0782,-2.853437E-05,16.173,0
1.0791,-4.196231E-05,16.1865,0,1.0791,-2.450599E-05,16.1865,0
1.08,-1.074235E-05,16.2,0,1.08,-2.719158E-05,16.2,0
1.0809,3.826963E-05,16.2135,0,1.0809,-1.309224E-05,16.2135,0
1.0818,6.344701E-05,16.227,0,1.0818,-3.457694E-05,16.227,0
1.0827,3.457694E-05,16.2405,0,1.0827,-4.699779E-05,16.2405,0
1.0836,-1.342794E-05,16.254,0,1.0836,-2.752728E-05,16.254,0
1.0845,-3.692683E-06,16.2675,0,1.0845,-6.982528E-05,16.2675,0
1.0854,2.24918E-05,16.281,0,1.0854,-8.325322E-05,16.281,0
1.0863,-5.706874E-06,16.2945,0,1.0863,-1.980621E-05,16.2945,0
1.0872,-1.678492E-06,16.308,0,1.0872,-2.853437E-05,16.308,0
1.0881,1.510643E-05,16.3215,0,1.0881,-5.471885E-05,16.3215,0
1.089,-4.699779E-06,16.335,0,1.089,1.040665E-05,16.335,0
1.0899,2.584878E-05,16.3485,0,1.0899,2.316319E-05,16.3485,0
1.0908,4.666209E-05,16.362,0,1.0908,-3.424125E-05,16.362,0
1.0917,6.713969E-06,16.3755,0,1.0917,-3.054856E-05,16.3755,0
1.0926,-1.174945E-05,16.389,0,1.0926,3.692683E-06,16.389,0
1.0935,-3.021286E-06,16.4025,0,1.0935,-1.107805E-05,16.4025,0
1.0944,2.014191E-06,16.416,0,1.0944,-1.644922E-05,16.416,0
1.0953,-8.392462E-06,16.4295,0,1.0953,-4.33051E-05,16.4295,0
1.0962,-1.779202E-05,16.443,0,1.0962,-4.867628E-05,16.443,0
1.0971,-6.478981E-05,16.4565,0,1.0971,-1.544213E-05,16.4565,0
1.098,-6.378271E-05,16.47,0,1.098,-1.242084E-05,16.47,0
1.0989,-3.927672E-05,16.4835,0,1.0989,-1.443504E-05,16.4835,0
1.0998,-5.975433E-05,16.497,0,1.0998,1.712062E-05,16.497,0
1.1007,-2.752728E-05,16.5105,0,1.1007,1.040665E-05,16.5105,0
1.1016,3.356985E-06,16.524,0,1.1016,-2.24918E-05,16.524,0
1.1025,-2.18204E-05,16.5375,0,1.1025,3.054856E-05,16.5375,0
1.1034,-5.706874E-06,16.551,0,1.1034,1.242084E-05,16.551,0
1.1043,1.409934E-05,16.5645,0,1.1043,-5.404745E-05,16.5645,0
1.1052,5.539025E-05,16.578,0,1.1052,-4.29694E-05,16.578,0
1.1061,1.913481E-05,16.5915,0,1.1061,-1.745632E-05,16.5915,0
1.107,-1.409934E-05,16.605,0,1.107,-2.18204E-05,16.605,0
1.1079,1.040665E-05,16.6185,0,1.1079,-3.021286E-06,16.6185,0
1.1088,1.208515E-05,16.632,0,1.1088,-2.047761E-05,16.632,0
1.1097,-1.242084E-05,16.6455,0,1.1097,-1.980621E-05,16.6455,0
1.1106,-5.069047E-05,16.659,0,1.1106,-2.484169E-05,16.659,0
1.1115,-3.390555E-05,16.6725,0,1.1115,-3.927672E-05,16.6725,0
1.1124,9.063859E-06,16.686,0,1.1124,-6.344701E-05,16.686,0
1.1133,2.316319E-05,16.6995,0,1.1133,3.692683E-05,16.6995,0
1.1142,1.510643E-05,16.713,0,1.1142,-1.007095E-06,16.713,0
1.1151,-9.735256E-06,16.7265,0,1.1151,-8.96315E-05,16.7265,0
1.116,-5.001907E-05,16.74,0,1.116,-2.18204E-05,16.74,0
1.1169,1.947051E-05,16.7535,0,1.1169,4.39765E-05,16.7535,0
1.1178,5.203327E-05,16.767,0,1.1178,2.014191E-06,16.767,0
1.1187,3.390555E-05,16.7805,0,1.1187,-1.443504E-05,16.7805,0
1.1196,1.007095E-05,16.794,0,1.1196,1.846342E-05,16.794,0
1.1205,-2.24918E-05,16.8075,0,1.1205,1.040665E-05,16.8075,0
1.1214,-1.913481E-05,16.821,0,1.1214,1.208515E-05,16.821,0
1.1223,1.846342E-05,16.8345,0,1.1223,-1.846342E-05,16.8345,0
1.1232,5.706874E-06,16.848,0,1.1232,-2.1149E-05,16.848,0
1.1241,-8.392462E-06,16.8615,0,1.1241,-5.606165E-05,16.8615,0
1.125,3.356985E-07,16.875,0,1.125,-8.795301E-05,16.875,0
1.1259,-1.275654E-05,16.8885,0,1.1259,-7.754635E-05,16.8885,0
1.1268,-2.18204E-05,16.902,0,1.1268,-1.443504E-05,16.902,0
1.1277,-2.652018E-05,16.9155,0,1.1277,-1.443504E-05,16.9155,0
1.1286,-1.510643E-05,16.929,0,1.1286,-6.042573E-06,16.929,0
1.1295,-2.719158E-05,16.9425,0,1.1295,1.846342E-05,16.9425,0
1.1304,-4.800488E-05,16.956,0,1.1304,7.049668E-06,16.956,0
1.1313,-4.46479E-05,16.9695,0,1.1313,-2.24918E-05,16.9695,0
1.1322,-5.136187E-05,16.983,0,1.1322,-2.21561E-05,16.983,0
1.1331,-9.164568E-05,16.9965,0,1.1331,-4.129091E-05,16.9965,0
1.134,-7.049668E-06,17.01,0,1.134,-1.409934E-05,17.01,0
1.1349,-3.692683E-06,17.0235,0,1.1349,-1.544213E-05,17.0235,0
1.1358,-1.107805E-05,17.037,0,1.1358,-1.779202E-05,17.037,0
1.1367,3.356985E-06,17.0505,0,1.1367,-8.392462E-06,17.0505,0
1.1376,3.625543E-05,17.064,0,1.1376,-1.342794E-05,17.064,0
1.1385,-4.028382E-06,17.0775,0,1.1385,-6.344701E-05,17.0775,0
1.1394,-1.242084E-05,17.091,0,1.1394,-5.136187E-05,17.091,0
1.1403,-1.174945E-05,17.1045,0,1.1403,-1.141375E-05,17.1045,0
1.1412,-1.510643E-05,17.118,0,1.1412,-1.644922E-05,17.118,0
1.1421,-1.678492E-06,17.1315,0,1.1421,-3.927672E-05,17.1315,0
1.143,1.577783E-05,17.145,0,1.143,-3.692683E-06,17.145,0
1.1439,1.678492E-06,17.1585,0,1.1439,1.409934E-05,17.1585,0
1.1448,-1.678492E-05,17.172,0,1.1448,-2.719158E-05,17.172,0
1.1457,-7.721065E-06,17.1855,0,1.1457,-3.256275E-05,17.1855,0
1.1466,-5.706874E-06,17.199,0,1.1466,-9.063859E-06,17.199,0
1.1475,1.242084E-05,17.2125,0,1.1475,2.517739E-05,17.2125,0
1.1484,-2.450599E-05,17.226,0,1.1484,-2.484169E-05,17.226,0
1.1493,-3.894102E-05,17.2395,0,1.1493,-6.311131E-05,17.2395,0
1.1502,7.049668E-06,17.253,0,1.1502,0,17.253,0
1.1511,3.356985E-07,17.2665,0,1.1511,4.699779E-06,17.2665,0
1.152,1.174945E-05,17.28,0,1.152,-4.733349E-05,17.28,0
1.1529,1.980621E-05,17.2935,0,1.1529,-4.46479E-05,17.2935,0
1.1538,1.980621E-05,17.307,0,1.1538,6.378271E-06,17.307,0
1.1547,1.040665E-05,17.3205,0,1.1547,-6.042573E-06,17.3205,0
1.1556,2.920577E-05,17.334,0,1.1556,-2.719158E-05,17.334,0
1.1565,-8.392462E-06,17.3475,0,1.1565,-1.510643E-05,17.3475,0
1.1574,-1.678492E-05,17.361,0,1.1574,-1.678492E-06,17.361,0
1.1583,-3.021286E-06,17.3745,0,1.1583,-2.618448E-05,17.3745,0
1.1592,-2.584878E-05,17.388,0,1.1592,-8.728161E-06,17.388,0
1.1601,-3.356985E-07,17.4015,0,1.1601,1.712062E-05,17.4015,0
1.161,-3.189136E-05,17.415,0,1.161,-2.047761E-05,17.415,0
1.1619,-4.263371E-05,17.4285,0,1.1619,-3.927672E-05,17.4285,0
1.1628,-1.174945E-05,17.442,0,1.1628,-4.800488E-05,17.442,0
1.1637,2.517739E-05,17.4555,0,1.1637,-3.054856E-05,17.4555,0
1.1646,7.721065E-06,17.469,0,1.1646,1.342794E-06,17.469,0
1.1655,-9.399558E-06,17.4825,0,1.1655,-1.879912E-05,17.4825,0
1.1664,1.779202E-05,17.496,0,1.1664,2.618448E-05,17.496,0
1.1673,1.007095E-05,17.5095,0,1.1673,6.478981E-05,17.5095,0
1.1682,4.39765E-05,17.523,0,1.1682,5.706874E-06,17.523,0
1.1691,5.203327E-05,17.5365,0,1.1691,-3.793393E-05,17.5365,0
1.17,-1.678492E-05,17.55,0,1.17,-4.028382E-06,17.55,0
1.1709,-4.33051E-05,17.5635,0,1.1709,-3.524834E-05,17.5635,0
1.1718,-2.920577E-05,17.577,0,1.1718,-6.344701E-05,17.577,0
1.1727,-4.666209E-05,17.5905,0,1.1727,-2.014191E-06,17.5905,0
1.1736,-9.768826E-05,17.604,0,1.1736,1.980621E-05,17.604,0
1.1745,-5.404745E-05,17.6175,0,1.1745,-1.141375E-05,17.6175,0
1.1754,-2.685588E-05,17.631,0,1.1754,-5.169757E-05,17.631,0
1.1763,1.745632E-05,17.6445,0,1.1763,-7.418937E-05,17.6445,0
1.1772,3.927672E-05,17.658,0,1.1772,-8.795301E-05,17.658,0
1.1781,2.28275E-05,17.6715,0,1.1781,-9.970245E-05,17.6715,0
1.179,-5.035477E-06,17.685,0,1.179,-4.028382E-05,17.685,0
1.1799,6.378271E-06,17.6985,0,1.1799,8.392462E-06,17.6985,0
1.1808,3.121996E-05,17.712,0,1.1808,2.014191E-06,17.712,0
1.1817,3.189136E-05,17.7255,0,1.1817,-1.477073E-05,17.7255,0
1.1826,2.786297E-05,17.739,0,1.1826,-5.404745E-05,17.739,0
1.1835,1.242084E-05,17.7525,0,1.1835,-3.692683E-06,17.7525,0
1.1844,-1.779202E-05,17.766,0,1.1844,1.443504E-05,17.766,0
1.1853,-4.565499E-05,17.7795,0,1.1853,-1.309224E-05,17.7795,0
1.1862,-2.819867E-05,17.793,0,1.1862,-7.385367E-06,17.793,0
1.1871,-2.920577E-05,17.8065,0,1.1871,5.035477E-06,17.8065,0
1.188,-2.21561E-05,17.82,0,1.188,-2.652018E-05,17.82,0
1.1889,-3.726253E-05,17.8335,0,1.1889,-2.853437E-05,17.8335,0
1.1898,3.021286E-06,17.847,0,1.1898,-2.752728E-05,17.847,0
1.1907,3.088426E-05,17.8605,0,1.1907,-1.242084E-05,17.8605,0
1.1916,-5.069047E-05,17.874,0,1.1916,-1.342794E-05,17.874,0
1.1925,-4.53193E-05,17.8875,0,1.1925,-2.484169E-05,17.8875,0
1.1934,-3.021286E-06,17.901,0,1.1934,-1.879912E-05,17.901,0
1.1943,9.063859E-06,17.9145,0,1.1943,1.846342E-05,17.9145,0
1.1952,1.443504E-05,17.928,0,1.1952,-7.721065E-06,17.928,0
1.1961,3.591974E-05,17.9415,0,1.1961,-4.867628E-05,17.9415,0
1.197,4.229801E-05,17.955,0,1.197,-1.376364E-05,17.955,0
1.1979,-1.007095E-06,17.9685,0,1.1979,-3.356985E-05,17.9685,0
1.1988,-4.867628E-05,17.982,0,1.1988,-6.210422E-05,17.982,0
1.1997,-4.36408E-05,17.9955,0,1.1997,-2.551309E-05,17.9955,0
1.2006,-5.270466E-05,18.009,0,1.2006,-1.107805E-05,18.009,0
1.2015,-3.256275E-05,18.0225,0,1.2015,-1.913481E-05,18.0225,0
1.2024,-1.409934E-05,18.036,0,1.2024,-2.014191E-06,18.036,0
1.2033,-1.678492E-05,18.0495,0,1.2033,-5.673304E-05,18.0495,0
1.2042,-1.712062E-05,18.063,0,1.2042,-4.061952E-05,18.063,0
1.2051,-2.349889E-05,18.0765,0,1.2051,-8.392462E-06,18.0765,0
1.206,-3.692683E-06,18.09,0,1.206,-1.913481E-05,18.09,0
1.2069,5.706874E-06,18.1035,0,1.2069,-5.337606E-05,18.1035,0
1.2078,1.577783E-05,18.117,0,1.2078,0,18.117,0
1.2087,-7.385367E-06,18.1305,0,1.2087,-1.443504E-05,18.1305,0
1.2096,4.36408E-06,18.144,0,1.2096,-5.270466E-05,18.144,0
1.2105,1.107805E-05,18.1575,0,1.2105,-3.356985E-06,18.1575,0
1.2114,3.054856E-05,18.171,0,1.2114,2.21561E-05,18.171,0
1.2123,7.553216E-05,18.1845,0,1.2123,-1.275654E-05,18.1845,0
1.2132,7.586786E-05,18.198,0,1.2132,-1.779202E-05,18.198,0
1.2141,1.980621E-05,18.2115,0,1.2141,-8.056763E-06,18.2115,0
1.215,5.706874E-06,18.225,0,1.215,-3.054856E-05,18.225,0
1.2159,3.692683E-06,18.2385,0,1.2159,-3.189136E-05,18.2385,0
1.2168,6.378271E-06,18.252,0,1.2168,-4.129091E-05,18.252,0
1.2177,-3.659113E-05,18.2655,0,1.2177,-2.383459E-05,18.2655,0
1.2186,-7.217517E-05,18.279,0,1.2186,4.867628E-05,18.279,0
1.2195,-6.78111E-05,18.2925,0,1.2195,3.726253E-05,18.2925,0
1.2204,-1.208515E-05,18.306,0,1.2204,-2.014191E-05,18.306,0
1.2213,-1.577783E-05,18.3195,0,1.2213,6.042573E-06,18.3195,0
1.2222,-1.107805E-05,18.333,0,1.2222,6.713969E-07,18.333,0
1.2231,6.713969E-07,18.3465,0,1.2231,-7.083238E-05,18.3465,0
1.224,7.721065E-06,18.36,0,1.224,-2.316319E-05,18.36,0
1.2249,5.539025E-05,18.3735,0,1.2249,-7.721065E-06,18.3735,0
1.2258,9.063859E-06,18.387,0,1.2258,-1.947051E-05,18.387,0
1.2267,-6.64683E-05,18.4005,0,1.2267,1.107805E-05,18.4005,0
1.2276,-5.001907E-05,18.414,0,1.2276,1.812772E-05,18.414,0
1.2285,-4.49836E-05,18.4275,0,1.2285,-4.162661E-05,18.4275,0
1.2294,-2.383459E-05,18.441,0,1.2294,-3.256275E-05,18.441,0
1.2303,6.378271E-06,18.4545,0,1.2303,-3.021286E-05,18.4545,0
1.2312,1.913481E-05,18.468,0,1.2312,-1.846342E-05,18.468,0
1.2321,-1.678492E-05,18.4815,0,1.2321,-5.371176E-06,18.4815,0
1.233,-2.18204E-05,18.495,0,1.233,-2.18204E-05,18.495,0
1.2339,-2.517739E-05,18.5085,0,1.2339,-3.323415E-05,18.5085,0
1.2348,-3.961242E-05,18.522,0,1.2348,1.477073E-05,18.522,0
1.2357,1.007095E-06,18.5355,0,1.2357,1.342794E-05,18.5355,0
1.2366,2.383459E-05,18.549,0,1.2366,-2.18204E-05,18.549,0
1.2375,-3.289845E-05,18.5625,0,1.2375,-6.042573E-06,18.5625,0
1.2384,-3.625543E-05,18.576,0,1.2384,-1.779202E-05,18.576,0
1.2393,-1.678492E-06,18.5895,0,1.2393,-3.591974E-05,18.5895,0
1.2402,-9.735256E-06,18.603,0,1.2402,-8.191043E-05,18.603,0
1.2411,-1.007095E-06,18.6165,0,1.2411,-6.344701E-05,18.6165,0
1.242,7.217517E-05,18.63,0,1.242,-3.826963E-05,18.63,0
1.2429,5.069047E-05,18.6435,0,1.2429,-3.524834E-05,18.6435,0
1.2438,1.376364E-05,18.657,0,1.2438,-1.443504E-05,18.657,0
1.2447,9.735256E-06,18.6705,0,1.2447,1.678492E-06,18.6705,0
1.2456,1.007095E-06,18.684,0,1.2456,1.342794E-06,18.684,0
1.2465,-1.309224E-05,18.6975,0,1.2465,-1.678492E-05,18.6975,0
1.2474,-2.719158E-05,18.711,0,1.2474,-2.349889E-05,18.711,0
1.2483,-4.095522E-05,18.7245,0,1.2483,-1.376364E-05,18.7245,0
1.2492,-4.33051E-05,18.738,0,1.2492,-5.236896E-05,18.738,0
1.2501,-4.599069E-05,18.7515,0,1.2501,-9.130999E-05,18.7515,0
1.251,-3.356985E-06,18.765,0,1.251,-4.565499E-05,18.765,0
1.2519,2.920577E-05,18.7785,0,1.2519,1.443504E-05,18.7785,0
1.2528,2.417029E-05,18.792,0,1.2528,2.18204E-05,18.792,0
1.2537,5.203327E-05,18.8055,0,1.2537,6.915389E-05,18.8055,0
1.2546,-1.913481E-05,18.819,0,1.2546,4.53193E-05,18.819,0
1.2555,-3.994812E-05,18.8325,0,1.2555,3.356985E-06,18.8325,0
1.2564,1.913481E-05,18.846,0,1.2564,-3.692683E-06,18.846,0
1.2573,-5.371176E-06,18.8595,0,1.2573,-6.64683E-05,18.8595,0
1.2582,-2.450599E-05,18.873,0,1.2582,-5.001907E-05,18.873,0
1.2591,2.047761E-05,18.8865,0,1.2591,-2.383459E-05,18.8865,0
1.26,3.424125E-05,18.9,0,1.26,-4.061952E-05,18.9,0
1.2609,8.392462E-06,18.9135,0,1.2609,-4.229801E-05,18.9135,0
1.2618,-1.644922E-05,18.927,0,1.2618,1.007095E-06,18.927,0
1.2627,-1.712062E-05,18.9405,0,1.2627,-7.049668E-06,18.9405,0
1.2636,-3.289845E-05,18.954,0,1.2636,-3.457694E-05,18.954,0
1.2645,-5.069047E-05,18.9675,0,1.2645,-1.376364E-05,18.9675,0
1.2654,-6.243992E-05,18.981,0,1.2654,-5.706874E-06,18.981,0
1.2663,-5.001907E-05,18.9945,0,1.2663,-3.088426E-05,18.9945,0
1.2672,1.208515E-05,19.008,0,1.2672,6.378271E-06,19.008,0
1.2681,-1.712062E-05,19.0215,0,1.2681,2.28275E-05,19.0215,0
1.269,-3.189136E-05,19.035,0,1.269,-2.014191E-06,19.035,0
1.2699,-8.728161E-06,19.0485,0,1.2699,2.014191E-06,19.0485,0
1.2708,-2.316319E-05,19.062,0,1.2708,-2.786297E-05,19.062,0
1.2717,-3.021286E-05,19.0755,0,1.2717,-3.121996E-05,19.0755,0
1.2726,-3.524834E-05,19.089,0,1.2726,-5.404745E-05,19.089,0
1.2735,-1.107805E-05,19.1025,0,1.2735,-8.023193E-05,19.1025,0
1.2744,1.040665E-05,19.116,0,1.2744,-3.726253E-05,19.116,0
1.2753,-2.081331E-05,19.1295,0,1.2753,0,19.1295,0
1.2762,-2.417029E-05,19.143,0,1.2762,-3.356985E-05,19.143,0
1.2771,0,19.1565,0,1.2771,-6.74754E-05,19.1565,0
1.278,-1.644922E-05,19.17,0,1.278,-1.443504E-05,19.17,0
1.2789,1.174945E-05,19.1835,0,1.2789,1.779202E-05,19.1835,0
1.2798,9.265278E-05,19.197,0,1.2798,2.450599E-05,19.197,0
1.2807,4.934768E-05,19.2105,0,1.2807,9.735256E-06,19.2105,0
1.2816,6.378271E-06,19.224,0,1.2816,2.081331E-05,19.224,0
1.2825,3.256275E-05,19.2375,0,1.2825,1.107805E-05,19.2375,0
1.2834,2.484169E-05,19.251,0,1.2834,-1.242084E-05,19.251,0
1.2843,-6.042573E-06,19.2645,0,1.2843,-4.46479E-05,19.2645,0
1.2852,-4.699779E-06,19.278,0,1.2852,-3.524834E-05,19.278,0
1.2861,1.443504E-05,19.2915,0,1.2861,4.699779E-06,19.2915,0
1.287,4.36408E-06,19.305,0,1.287,-2.349889E-06,19.305,0
1.2879,4.43122E-05,19.3185,0,1.2879,-4.33051E-05,19.3185,0
1.2888,5.001907E-05,19.332,0,1.2888,-5.404745E-05,19.332,0
1.2897,1.242084E-05,19.3455,0,1.2897,-3.189136E-05,19.3455,0
1.2906,1.174945E-05,19.359,0,1.2906,-2.584878E-05,19.359,0
1.2915,-2.719158E-05,19.3725,0,1.2915,8.056763E-06,19.3725,0
1.2924,-7.351797E-05,19.386,0,1.2924,-1.275654E-05,19.386,0
1.2933,-8.258183E-05,19.3995,0,1.2933,-3.356985E-05,19.3995,0
1.2942,-6.009003E-05,19.413,0,1.2942,-1.107805E-05,19.413,0
1.2951,-6.176852E-05,19.4265,0,1.2951,-2.450599E-05,19.4265,0
1.296,-6.948959E-05,19.44,0,1.296,-6.243992E-05,19.44,0
1.2969,-4.061952E-05,19.4535,0,1.2969,-6.74754E-05,19.4535,0
1.2978,-3.390555E-05,19.467,0,1.2978,-6.51255E-05,19.467,0
1.2987,-1.107805E-05,19.4805,0,1.2987,-2.853437E-05,19.4805,0
1.2996,3.054856E-05,19.494,0,1.2996,4.901198E-05,19.494,0
1.3005,9.735256E-06,19.5075,0,1.3005,2.752728E-05,19.5075,0
1.3014,3.692683E-06,19.521,0,1.3014,-2.954147E-05,19.521,0
1.3023,-9.063859E-06,19.5345,0,1.3023,1.544213E-05,19.5345,0
1.3032,-1.275654E-05,19.548,0,1.3032,1.007095E-06,19.548,0
1.3041,-4.733349E-05,19.5615,0,1.3041,-5.706874E-05,19.5615,0
1.305,-3.256275E-05,19.575,0,1.305,-1.107805E-05,19.575,0
1.3059,3.256275E-05,19.5885,0,1.3059,-4.36408E-06,19.5885,0
1.3068,4.666209E-05,19.602,0,1.3068,-3.457694E-05,19.602,0
1.3077,3.994812E-05,19.6155,0,1.3077,-3.189136E-05,19.6155,0
1.3086,1.846342E-05,19.629,0,1.3086,-6.042573E-06,19.629,0
1.3095,-1.678492E-06,19.6425,0,1.3095,-3.491264E-05,19.6425,0
1.3104,-1.376364E-05,19.656,0,1.3104,-4.229801E-05,19.656,0
1.3113,3.457694E-05,19.6695,0,1.3113,-3.793393E-05,19.6695,0
1.3122,-2.349889E-06,19.683,0,1.3122,-5.102617E-05,19.683,0
1.3131,-7.418937E-05,19.6965,0,1.3131,-3.524834E-05,19.6965,0
1.314,-5.539025E-05,19.71,0,1.314,-1.947051E-05,19.71,0
1.3149,-6.378271E-06,19.7235,0,1.3149,-8.392462E-06,19.7235,0
1.3158,-4.028382E-06,19.737,0,1.3158,2.349889E-05,19.737,0
1.3167,-2.719158E-05,19.7505,0,1.3167,-2.21561E-05,19.7505,0
1.3176,2.987716E-05,19.764,0,1.3176,-6.009003E-05,19.764,0
1.3185,-4.028382E-06,19.7775,0,1.3185,-9.399558E-06,19.7775,0
1.3194,-1.141375E-05,19.791,0,1.3194,-6.713969E-06,19.791,0
1.3203,4.699779E-06,19.8045,0,1.3203,-3.323415E-05,19.8045,0
1.3212,-4.36408E-06,19.818,0,1.3212,-1.275654E-05,19.818,0
1.3221,-3.491264E-05,19.8315,0,1.3221,9.735256E-06,19.8315,0
1.323,7.049668E-06,19.845,0,1.323,-4.36408E-06,19.845,0
1.3239,5.270466E-05,19.8585,0,1.3239,-1.342794E-05,19.8585,0
1.3248,5.572595E-05,19.872,0,1.3248,-3.054856E-05,19.872,0
1.3257,6.713969E-07,19.8855,0,1.3257,-1.443504E-05,19.8855,0
1.3266,-5.035477E-06,19.899,0,1.3266,-8.728161E-06,19.899,0
1.3275,1.678492E-05,19.9125,0,1.3275,-5.505455E-05,19.9125,0
1.3284,2.047761E-05,19.926,0,1.3284,-7.888914E-05,19.926,0
1.3293,1.678492E-06,19.9395,0,1.3293,-2.18204E-05,19.9395,0
1.3302,-4.061952E-05,19.953,0,1.3302,2.349889E-06,19.953,0
1.3311,-4.43122E-05,19.9665,0,1.3311,1.007095E-05,19.9665,0
1.332,-1.376364E-05,19.98,0,1.332,5.069047E-05,19.98,0
1.3329,-4.36408E-06,19.9935,0,1.3329,2.685588E-05,19.9935,0
1.3338,-5.236896E-05,20.007,0,1.3338,-2.618448E-05,20.007,0
1.3347,-5.471885E-05,20.0205,0,1.3347,-1.544213E-05,20.0205,0
1.3356,-4.934768E-05,20.034,0,1.3356,7.721065E-06,20.034,0
1.3365,-1.544213E-05,20.0475,0,1.3365,-2.987716E-05,20.0475,0
1.3374,-6.713969E-06,20.061,0,1.3374,-4.867628E-05,20.061,0
1.3383,-1.644922E-05,20.0745,0,1.3383,-4.33051E-05,20.0745,0
1.3392,-3.994812E-05,20.088,0,1.3392,-8.392462E-06,20.088,0
1.3401,-1.947051E-05,20.1015,0,1.3401,9.399558E-06,20.1015,0
1.341,1.846342E-05,20.115,0,1.341,-3.692683E-06,20.115,0
1.3419,5.169757E-05,20.1285,0,1.3419,-4.36408E-06,20.1285,0
1.3428,1.309224E-05,20.142,0,1.3428,4.699779E-06,20.142,0
1.3437,1.846342E-05,20.1555,0,1.3437,-1.141375E-05,20.1555,0
1.3446,5.337606E-05,20.169,0,1.3446,-3.927672E-05,20.169,0
1.3455,1.846342E-05,20.1825,0,1.3455,-9.735256E-06,20.1825,0
1.3464,-7.049668E-06,20.196,0,1.3464,-4.766919E-05,20.196,0
1.3473,-1.275654E-05,20.2095,0,1.3473,-7.553216E-05,20.2095,0
1.3482,-1.275654E-05,20.223,0,1.3482,-6.143282E-05,20.223,0
1.3491,-5.673304E-05,20.2365,0,1.3491,-2.1149E-05,20.2365,0
1.35,-2.047761E-05,20.25,0,1.35,1.007095E-06,20.25,0
1.3509,-3.692683E-06,20.2635,0,1.3509,1.678492E-06,20.2635,0
1.3518,-3.356985E-07,20.277,0,1.3518,-4.028382E-05,20.277,0
1.3527,7.049668E-06,20.2905,0,1.3527,-3.591974E-05,20.2905,0
1.3536,-3.289845E-05,20.304,0,1.3536,-3.054856E-05,20.304,0
1.3545,-6.143282E-05,20.3175,0,1.3545,-5.471885E-05,20.3175,0
1.3554,-1.644922E-05,20.331,0,1.3554,-7.620356E-05,20.331,0
1.3563,-9.063859E-06,20.3445,0,1.3563,-2.18204E-05,20.3445,0
1.3572,-1.107805E-05,20.358,0,1.3572,4.36408E-06,20.358,0
1.3581,9.399558E-06,20.3715,0,1.3581,-1.510643E-05,20.3715,0
1.359,-1.678492E-06,20.385,0,1.359,1.779202E-05,20.385,0
1.3599,-2.719158E-05,20.3985,0,1.3599,2.316319E-05,20.3985,0
1.3608,-2.551309E-05,20.412,0,1.3608,-2.719158E-05,20.412,0
1.3617,3.323415E-05,20.4255,0,1.3617,-1.208515E-05,20.4255,0
1.3626,3.390555E-05,20.439,0,1.3626,-3.021286E-06,20.439,0
1.3635,3.491264E-05,20.4525,0,1.3635,-1.678492E-05,20.4525,0
1.3644,-2.014191E-06,20.466,0,1.3644,-4.36408E-05,20.466,0
1.3653,-1.812772E-05,20.4795,0,1.3653,-6.6804E-05,20.4795,0
1.3662,-2.719158E-05,20.493,0,1.3662,-2.584878E-05,20.493,0
1.3671,-1.678492E-06,20.5065,0,1.3671,8.728161E-06,20.5065,0
1.368,9.063859E-06,20.52,0,1.368,-1.712062E-05,20.52,0
1.3689,2.853437E-05,20.5335,0,1.3689,-1.678492E-05,20.5335,0
1.3698,-4.028382E-06,20.547,0,1.3698,-1.376364E-05,20.547,0
1.3707,-3.424125E-05,20.5605,0,1.3707,-3.826963E-05,20.5605,0
1.3716,8.392462E-06,20.574,0,1.3716,-9.735256E-06,20.574,0
1.3725,-2.047761E-05,20.5875,0,1.3725,-2.18204E-05,20.5875,0
1.3734,-1.644922E-05,20.601,0,1.3734,-1.443504E-05,20.601,0
1.3743,-1.812772E-05,20.6145,0,1.3743,-2.24918E-05,20.6145,0
1.3752,-5.706874E-05,20.628,0,1.3752,1.007095E-06,20.628,0
1.3761,-2.719158E-05,20.6415,0,1.3761,2.719158E-05,20.6415,0
1.377,-2.954147E-05,20.655,0,1.377,-1.242084E-05,20.655,0
1.3779,-8.056763E-06,20.6685,0,1.3779,-2.383459E-05,20.6685,0
1.3788,1.443504E-05,20.682,0,1.3788,-3.021286E-05,20.682,0
1.3797,-7.385367E-06,20.6955,0,1.3797,1.040665E-05,20.6955,0
1.3806,-3.524834E-05,20.709,0,1.3806,3.692683E-05,20.709,0
1.3815,1.040665E-05,20.7225,0,1.3815,-9.063859E-06,20.7225,0
1.3824,-4.028382E-06,20.736,0,1.3824,-2.316319E-05,20.736,0
1.3833,-5.438316E-05,20.7495,0,1.3833,8.392462E-06,20.7495,0
1.3842,-3.591974E-05,20.763,0,1.3842,-2.316319E-05,20.763,0
1.3851,-1.174945E-05,20.7765,0,1.3851,-4.162661E-05,20.7765,0
1.386,-1.712062E-05,20.79,0,1.386,-1.678492E-05,20.79,0
1.3869,1.745632E-05,20.8035,0,1.3869,9.735256E-06,20.8035,0
1.3878,3.726253E-05,20.817,0,1.3878,-1.510643E-05,20.817,0
1.3887,4.46479E-05,20.8305,0,1.3887,-2.853437E-05,20.8305,0
1.3896,2.887007E-05,20.844,0,1.3896,-1.309224E-05,20.844,0
1.3905,4.699779E-05,20.8575,0,1.3905,-2.853437E-05,20.8575,0
1.3914,1.577783E-05,20.871,0,1.3914,-2.316319E-05,20.871,0
1.3923,-1.007095E-06,20.8845,0,1.3923,-3.021286E-05,20.8845,0
1.3932,-1.678492E-06,20.898,0,1.3932,-3.457694E-05,20.898,0
1.3941,-5.471885E-05,20.9115,0,1.3941,-3.390555E-05,20.9115,0
1.395,-4.129091E-05,20.925,0,1.395,-3.659113E-05,20.925,0
1.3959,-1.376364E-05,20.9385,0,1.3959,-5.807584E-05,20.9385,0
1.3968,-2.1149E-05,20.952,0,1.3968,-3.390555E-05,20.952,0
1.3977,-1.107805E-05,20.9655,0,1.3977,-3.491264E-05,20.9655,0
1.3986,1.040665E-05,20.979,0,1.3986,-5.404745E-05,20.979,0
1.3995,-7.049668E-06,20.9925,0,1.3995,-6.378271E-06,20.9925,0
1.4004,-3.356985E-07,21.006,0,1.4004,3.692683E-06,21.006,0
1.4013,-6.713969E-06,21.0195,0,1.4013,-5.841154E-05,21.0195,0
1.4022,-6.378271E-06,21.033,0,1.4022,-4.934768E-05,21.033,0
1.4031,-3.121996E-05,21.0465,0,1.4031,-3.390555E-05,21.0465,0
1.404,-2.987716E-05,21.06,0,1.404,-3.860533E-05,21.06,0
1.4049,-1.040665E-05,21.0735,0,1.4049,-5.706874E-06,21.0735,0
1.4058,1.443504E-05,21.087,0,1.4058,3.323415E-05,21.087,0
1.4067,3.088426E-05,21.1005,0,1.4067,4.46479E-05,21.1005,0
1.4076,2.719158E-05,21.114,0,1.4076,3.054856E-05,21.114,0
1.4085,-5.706874E-06,21.1275,0,1.4085,-8.392462E-06,21.1275,0
1.4094,-3.356985E-07,21.141,0,1.4094,-2.685588E-05,21.141,0
1.4103,-9.063859E-06,21.1545,0,1.4103,1.007095E-05,21.1545,0
1.4112,-3.457694E-05,21.168,0,1.4112,-1.007095E-06,21.168,0
1.4121,-3.961242E-05,21.1815,0,1.4121,-5.001907E-05,21.1815,0
1.413,-1.846342E-05,21.195,0,1.413,-9.735256E-06,21.195,0
1.4139,1.376364E-05,21.2085,0,1.4139,7.049668E-06,21.2085,0
1.4148,9.735256E-06,21.222,0,1.4148,-4.36408E-05,21.222,0
1.4157,0,21.2355,0,1.4157,-5.941863E-05,21.2355,0
1.4166,2.081331E-05,21.249,0,1.4166,-6.713969E-06,21.249,0
1.4175,5.706874E-06,21.2625,0,1.4175,-5.371176E-06,21.2625,0
1.4184,-2.853437E-05,21.276,0,1.4184,-1.141375E-05,21.276,0
1.4193,-5.706874E-06,21.2895,0,1.4193,-1.644922E-05,21.2895,0
1.4202,1.040665E-05,21.303,0,1.4202,-4.699779E-06,21.303,0
1.4211,-4.33051E-05,21.3165,0,1.4211,-1.174945E-05,21.3165,0
1.422,-1.275654E-05,21.33,0,1.422,-7.418937E-05,21.33,0
1.4229,2.014191E-06,21.3435,0,1.4229,-6.948959E-05,21.3435,0
1.4238,-1.409934E-05,21.357,0,1.4238,-9.735256E-06,21.357,0
1.4247,-2.584878E-05,21.3705,0,1.4247,-7.049668E-06,21.3705,0
1.4256,-1.846342E-05,21.384,0,1.4256,-2.450599E-05,21.384,0
1.4265,-2.450599E-05,21.3975,0,1.4265,4.061952E-05,21.3975,0
1.4274,-1.342794E-06,21.411,0,1.4274,4.095522E-05,21.411,0
1.4283,-6.042573E-06,21.4245,0,1.4283,-1.208515E-05,21.4245,0
1.4292,4.028382E-06,21.438,0,1.4292,-2.047761E-05,21.438,0
1.4301,2.349889E-06,21.4515,0,1.4301,3.021286E-06,21.4515,0
1.431,-1.678492E-06,21.465,0,1.431,-2.21561E-05,21.465,0
1.4319,-1.309224E-05,21.4785,0,1.4319,-0.0001033951,21.4785,0
1.4328,1.846342E-05,21.492,0,1.4328,-8.459602E-05,21.492,0
1.4337,5.471885E-05,21.5055,0,1.4337,-5.706874E-06,21.5055,0
1.4346,-2.920577E-05,21.519,0,1.4346,2.819867E-05,21.519,0
1.4355,-3.390555E-05,21.5325,0,1.4355,-2.349889E-06,21.5325,0
1.4364,-2.517739E-05,21.546,0,1.4364,-7.016098E-05,21.546,0
1.4373,-4.599069E-05,21.5595,0,1.4373,-4.46479E-05,21.5595,0
1.4382,-4.36408E-06,21.573,0,1.4382,-1.510643E-05,21.573,0
1.4391,2.786297E-05,21.5865,0,1.4391,-4.934768E-05,21.5865,0
1.44,-8.392462E-06,21.6,0,1.44,-2.349889E-06,21.6,0
1.4409,-1.678492E-06,21.6135,0,1.4409,1.779202E-05,21.6135,0
1.4418,2.349889E-06,21.627,0,1.4418,-1.846342E-05,21.627,0
1.4427,1.510643E-05,21.6405,0,1.4427,-2.484169E-05,21.6405,0
1.4436,-2.047761E-05,21.654,0,1.4436,-2.349889E-06,21.654,0
1.4445,-2.21561E-05,21.6675,0,1.4445,-1.779202E-05,21.6675,0
1.4454,1.846342E-05,21.681,0,1.4454,-1.443504E-05,21.681,0
1.4463,2.1149E-05,21.6945,0,1.4463,-3.793393E-05,21.6945,0
1.4472,1.174945E-05,21.708,0,1.4472,-2.047761E-05,21.708,0
1.4481,1.275654E-05,21.7215,0,1.4481,-1.846342E-05,21.7215,0
1.449,-2.786297E-05,21.735,0,1.449,-6.311131E-05,21.735,0
1.4499,2.081331E-05,21.7485,0,1.4499,-5.337606E-05,21.7485,0
1.4508,2.652018E-05,21.762,0,1.4508,1.007095E-06,21.762,0
1.4517,-1.846342E-05,21.7755,0,1.4517,-2.349889E-06,21.7755,0
1.4526,-2.18204E-05,21.789,0,1.4526,1.309224E-05,21.789,0
1.4535,-7.049668E-06,21.8025,0,1.4535,5.270466E-05,21.8025,0
1.4544,1.779202E-05,21.816,0,1.4544,1.846342E-05,21.816,0
1.4553,-1.913481E-05,21.8295,0,1.4553,-6.311131E-05,21.8295,0
1.4562,-2.584878E-05,21.843,0,1.4562,-4.666209E-05,21.843,0
1.4571,-3.524834E-05,21.8565,0,1.4571,-1.443504E-05,21.8565,0
1.458,-4.867628E-05,21.87,0,1.458,-5.371176E-06,21.87,0
1.4589,-3.591974E-05,21.8835,0,1.4589,3.726253E-05,21.8835,0
1.4598,-2.316319E-05,21.897,0,1.4598,-1.275654E-05,21.897,0
1.4607,-3.356985E-05,21.9105,0,1.4607,-2.450599E-05,21.9105,0
1.4616,-3.424125E-05,21.924,0,1.4616,-8.392462E-06,21.924,0
1.4625,-2.1149E-05,21.9375,0,1.4625,-7.385367E-06,21.9375,0
1.4634,1.510643E-05,21.951,0,1.4634,-3.256275E-05,21.951,0
1.4643,-1.443504E-05,21.9645,0,1.4643,-4.699779E-06,21.9645,0
1.4652,-5.706874E-06,21.978,0,1.4652,-2.24918E-05,21.978,0
1.4661,-3.692683E-06,21.9915,0,1.4661,-6.210422E-05,21.9915,0
1.467,-3.558404E-05,22.005,0,1.467,-3.994812E-05,22.005,0
1.4679,-3.256275E-05,22.0185,0,1.4679,-5.673304E-05,22.0185,0
1.4688,-3.088426E-05,22.032,0,1.4688,-8.86244E-05,22.032,0
1.4697,-1.107805E-05,22.0455,0,1.4697,-3.256275E-05,22.0455,0
1.4706,-4.36408E-06,22.059,0,1.4706,1.275654E-05,22.059,0
1.4715,1.510643E-05,22.0725,0,1.4715,-1.242084E-05,22.0725,0
1.4724,1.779202E-05,22.086,0,1.4724,-2.484169E-05,22.086,0
1.4733,0,22.0995,0,1.4733,-4.699779E-05,22.0995,0
1.4742,1.644922E-05,22.113,0,1.4742,-1.309224E-05,22.113,0
1.4751,4.867628E-05,22.1265,0,1.4751,6.378271E-06,22.1265,0
1.476,2.920577E-05,22.14,0,1.476,-9.735256E-06,22.14,0
1.4769,6.042573E-06,22.1535,0,1.4769,-1.712062E-05,22.1535,0
1.4778,1.107805E-05,22.167,0,1.4778,1.577783E-05,22.167,0
1.4787,-9.735256E-06,22.1805,0,1.4787,4.028382E-06,22.1805,0
1.4796,-5.035477E-06,22.194,0,1.4796,-4.53193E-05,22.194,0
1.4805,2.349889E-06,22.2075,0,1.4805,-9.735256E-06,22.2075,0
1.4814,-2.551309E-05,22.221,0,1.4814,3.021286E-06,22.221,0
1.4823,-2.618448E-05,22.2345,0,1.4823,-2.719158E-05,22.2345,0
1.4832,-2.819867E-05,22.248,0,1.4832,1.309224E-05,22.248,0
1.4841,-4.196231E-05,22.2615,0,1.4841,2.383459E-05,22.2615,0
1.485,-4.33051E-05,22.275,0,1.485,-1.712062E-05,22.275,0
1.4859,-3.323415E-05,22.2885,0,1.4859,-3.994812E-05,22.2885,0
1.4868,1.174945E-05,22.302,0,1.4868,-5.639734E-05,22.302,0
1.4877,5.706874E-06,22.3155,0,1.4877,-3.390555E-05,22.3155,0
1.4886,-4.599069E-05,22.329,0,1.4886,-9.063859E-06,22.329,0
1.4895,-4.666209E-05,22.3425,0,1.4895,-3.155566E-05,22.3425,0
1.4904,-3.323415E-05,22.356,0,1.4904,-3.625543E-05,22.356,0
1.4913,-2.786297E-05,22.3695,0,1.4913,9.735256E-06,22.3695,0
1.4922,2.24918E-05,22.383,0,1.4922,1.007095E-06,22.383,0
1.4931,9.735256E-06,22.3965,0,1.4931,-6.478981E-05,22.3965,0
1.494,-3.356985E-07,22.41,0,1.494,-5.304036E-05,22.41,0
1.4949,4.800488E-05,22.4235,0,1.4949,-2.551309E-05,22.4235,0
1.4958,1.678492E-05,22.437,0,1.4958,-7.217517E-05,22.437,0
1.4967,6.378271E-06,22.4505,0,1.4967,-4.901198E-05,22.4505,0
1.4976,5.371176E-06,22.464,0,1.4976,2.1149E-05,22.464,0
1.4985,4.733349E-05,22.4775,0,1.4985,6.6804E-05,22.4775,0
1.4994,2.047761E-05,22.491,0,1.4994,2.484169E-05,22.491,0
1.5003,1.544213E-05,22.5045,0,1.5003,-4.36408E-06,22.5045,0
1.5012,1.242084E-05,22.518,0,1.5012,-1.678492E-06,22.518,0
1.5021,-4.061952E-05,22.5315,0,1.5021,-1.678492E-06,22.5315,0
1.503,-3.591974E-05,22.545,0,1.503,-2.920577E-05,22.545,0
1.5039,-1.913481E-05,22.5585,0,1.5039,-8.392462E-05,22.5585,0
1.5048,-1.779202E-05,22.572,0,1.5048,-3.793393E-05,22.572,0
1.5057,-3.021286E-06,22.5855,0,1.5057,-1.611353E-05,22.5855,0
1.5066,4.263371E-05,22.599,0,1.5066,-4.766919E-05,22.599,0
1.5075,3.994812E-05,22.6125,0,1.5075,-4.36408E-06,22.6125,0
1.5084,1.678492E-06,22.626,0,1.5084,-4.699779E-06,22.626,0
1.5093,-8.056763E-06,22.6395,0,1.5093,-5.270466E-05,22.6395,0
1.5102,-3.826963E-05,22.653,0,1.5102,-1.342794E-05,22.653,0
1.5111,-6.344701E-05,22.6665,0,1.5111,2.047761E-05,22.6665,0
1.512,-4.46479E-05,22.68,0,1.512,4.36408E-06,22.68,0
1.5129,-1.947051E-05,22.6935,0,1.5129,-6.713969E-06,22.6935,0
1.5138,-1.376364E-05,22.707,0,1.5138,-3.356985E-05,22.707,0
1.5147,3.994812E-05,22.7205,0,1.5147,-1.980621E-05,22.7205,0
1.5156,0.0001084306,22.734,0,1.5156,-1.242084E-05,22.734,0
1.5165,6.378271E-06,22.7475,0,1.5165,-9.768826E-05,22.7475,0
1.5174,-2.18204E-05,22.761,0,1.5174,-3.692683E-05,22.761,0
1.5183,2.752728E-05,22.7745,0,1.5183,4.733349E-05,22.7745,0
1.5192,-2.652018E-05,22.788,0,1.5192,7.721065E-06,22.788,0
1.5201,1.678492E-06,22.8015,0,1.5201,-1.712062E-05,22.8015,0
1.521,2.316319E-05,22.815,0,1.521,2.954147E-05,22.815,0
1.5219,-2.349889E-05,22.8285,0,1.5219,2.685588E-06,22.8285,0
1.5228,-3.793393E-05,22.842,0,1.5228,-5.203327E-05,22.842,0
1.5237,7.049668E-06,22.8555,0,1.5237,-4.599069E-05,22.8555,0
1.5246,8.056763E-06,22.869,0,1.5246,-3.256275E-05,22.869,0
1.5255,1.040665E-05,22.8825,0,1.5255,-4.028382E-05,22.8825,0
1.5264,-3.021286E-06,22.896,0,1.5264,-4.766919E-05,22.896,0
1.5273,-1.577783E-05,22.9095,0,1.5273,-8.123904E-05,22.9095,0
1.5282,-5.606165E-05,22.923,0,1.5282,-5.606165E-05,22.923,0
1.5291,-5.270466E-05,22.9365,0,1.5291,-9.399558E-06,22.9365,0
1.53,-2.719158E-05,22.95,0,1.53,1.309224E-05,22.95,0
1.5309,-1.007095E-05,22.9635,0,1.5309,-6.042573E-06,22.9635,0
1.5318,-1.846342E-05,22.977,0,1.5318,0,22.977,0
1.5327,-2.987716E-05,22.9905,0,1.5327,-8.392462E-06,22.9905,0
1.5336,2.652018E-05,23.004,0,1.5336,-4.800488E-05,23.004,0
1.5345,4.028382E-06,23.0175,0,1.5345,-1.107805E-05,23.0175,0
1.5354,-5.035477E-06,23.031,0,1.5354,3.021286E-06,23.031,0
1.5363,1.812772E-05,23.0445,0,1.5363,-7.049668E-06,23.0445,0
1.5372,-3.759823E-05,23.058,0,1.5372,1.174945E-05,23.058,0
1.5381,-4.49836E-05,23.0715,0,1.5381,2.047761E-05,23.0715,0
1.539,-2.047761E-05,23.085,0,1.539,9.063859E-06,23.085,0
1.5399,-2.081331E-05,23.0985,0,1.5399,-4.36408E-06,23.0985,0
1.5408,-2.551309E-05,23.112,0,1.5408,-3.189136E-05,23.112,0
1.5417,-2.18204E-05,23.1255,0,1.5417,-2.450599E-05,23.1255,0
1.5426,-5.136187E-05,23.139,0,1.5426,-1.107805E-05,23.139,0
1.5435,-5.001907E-05,23.1525,0,1.5435,-6.478981E-05,23.1525,0
1.5444,-6.042573E-06,23.166,0,1.5444,-9.365987E-05,23.166,0
1.5453,-8.392462E-06,23.1795,0,1.5453,-2.954147E-05,23.1795,0
1.5462,-1.544213E-05,23.193,0,1.5462,-2.081331E-05,23.193,0
1.5471,4.095522E-05,23.2065,0,1.5471,-3.793393E-05,23.2065,0
1.548,9.097429E-05,23.22,0,1.548,5.035477E-06,23.22,0
1.5489,5.774014E-05,23.2335,0,1.5489,1.107805E-05,23.2335,0
1.5498,1.141375E-05,23.247,0,1.5498,-2.316319E-05,23.247,0
1.5507,1.309224E-05,23.2605,0,1.5507,-9.399558E-06,23.2605,0
1.5516,-2.584878E-05,23.274,0,1.5516,-4.36408E-06,23.274,0
1.5525,-1.544213E-05,23.2875,0,1.5525,-1.544213E-05,23.2875,0
1.5534,-3.659113E-05,23.301,0,1.5534,-6.713969E-06,23.301,0
1.5543,-2.719158E-05,23.3145,0,1.5543,-1.913481E-05,23.3145,0
1.5552,-1.409934E-05,23.328,0,1.5552,-6.713969E-07,23.328,0
1.5561,-3.256275E-05,23.3415,0,1.5561,-4.028382E-06,23.3415,0
1.557,-3.524834E-05,23.355,0,1.557,-5.270466E-05,23.355,0
1.5579,-4.934768E-05,23.3685,0,1.5579,-6.143282E-05,23.3685,0
1.5588,-6.378271E-06,23.382,0,1.5588,-1.913481E-05,23.382,0
1.5597,1.242084E-05,23.3955,0,1.5597,1.040665E-05,23.3955,0
1.5606,-1.376364E-05,23.409,0,1.5606,-2.316319E-05,23.409,0
1.5615,-3.088426E-05,23.4225,0,1.5615,-4.028382E-06,23.4225,0
1.5624,1.342794E-06,23.436,0,1.5624,-6.378271E-06,23.436,0
1.5633,2.349889E-06,23.4495,0,1.5633,-2.920577E-05,23.4495,0
1.5642,-1.107805E-05,23.463,0,1.5642,-2.316319E-05,23.463,0
1.5651,-1.242084E-05,23.4765,0,1.5651,-4.028382E-06,23.4765,0
1.566,-1.812772E-05,23.49,0,1.566,-1.409934E-05,23.49,0
1.5669,-1.242084E-05,23.5035,0,1.5669,2.1149E-05,23.5035,0
1.5678,-6.042573E-06,23.517,0,1.5678,-6.713969E-06,23.517,0
1.5687,-2.047761E-05,23.5305,0,1.5687,-1.107805E-05,23.5305,0
1.5696,-3.457694E-05,23.544,0,1.5696,1.007095E-06,23.544,0
1.5705,7.721065E-06,23.5575,0,1.5705,-2.383459E-05,23.5575,0
1.5714,2.1149E-05,23.571,0,1.5714,-7.049668E-05,23.571,0
1.5723,-1.678492E-05,23.5845,0,1.5723,-6.61326E-05,23.5845,0
1.5732,9.735256E-06,23.598,0,1.5732,-3.726253E-05,23.598,0
1.5741,2.047761E-05,23.6115,0,1.5741,-2.752728E-05,23.6115,0
1.575,1.208515E-05,23.625,0,1.575,1.040665E-05,23.625,0
1.5759,2.047761E-05,23.6385,0,1.5759,1.242084E-05,23.6385,0
1.5768,7.721065E-06,23.652,0,1.5768,-2.584878E-05,23.652,0
1.5777,1.275654E-05,23.6655,0,1.5777,-3.491264E-05,23.6655,0
1.5786,-3.021286E-06,23.679,0,1.5786,-9.063859E-06,23.679,0
1.5795,2.349889E-06,23.6925,0,1.5795,-6.713969E-06,23.6925,0
1.5804,4.43122E-05,23.706,0,1.5804,-1.174945E-05,23.706,0
1.5813,4.46479E-05,23.7195,0,1.5813,-2.920577E-05,23.7195,0
1.5822,-3.860533E-05,23.733,0,1.5822,-6.713969E-06,23.733,0
1.5831,-7.116808E-05,23.7465,0,1.5831,-3.021286E-06,23.7465,0
1.584,-1.510643E-05,23.76,0,1.584,-3.591974E-05,23.76,0
1.5849,-3.356985E-07,23.7735,0,1.5849,-5.471885E-05,23.7735,0
1.5858,1.510643E-05,23.787,0,1.5858,-1.980621E-05,23.787,0
1.5867,1.779202E-05,23.8005,0,1.5867,0,23.8005,0
1.5876,2.652018E-05,23.814,0,1.5876,-3.155566E-05,23.814,0
1.5885,8.392462E-06,23.8275,0,1.5885,-5.706874E-06,23.8275,0
1.5894,-2.316319E-05,23.841,0,1.5894,-1.007095E-06,23.841,0
1.5903,-1.342794E-06,23.8545,0,1.5903,-3.390555E-05,23.8545,0
1.5912,-2.047761E-05,23.868,0,1.5912,-2.551309E-05,23.868,0
1.5921,-1.644922E-05,23.8815,0,1.5921,-8.392462E-06,23.8815,0
1.593,-6.378271E-06,23.895,0,1.593,-1.947051E-05,23.895,0
1.5939,-9.399558E-06,23.9085,0,1.5939,-1.242084E-05,23.9085,0
1.5948,-2.618448E-05,23.922,0,1.5948,-4.632639E-05,23.922,0
1.5957,-6.243992E-05,23.9355,0,1.5957,-2.652018E-05,23.9355,0
1.5966,-6.881819E-05,23.949,0,1.5966,1.980621E-05,23.949,0
1.5975,-5.807584E-05,23.9625,0,1.5975,1.879912E-05,23.9625,0
1.5984,-2.28275E-05,23.976,0,1.5984,-1.577783E-05,23.976,0
1.5993,-1.275654E-05,23.9895,0,1.5993,-1.443504E-05,23.9895,0
1.6002,1.812772E-05,24.003,0,1.6002,-5.941863E-05,24.003,0
1.6011,6.6804E-05,24.0165,0,1.6011,-5.841154E-05,24.0165,0
1.602,5.673304E-05,24.03,0,1.602,-5.572595E-05,24.03,0
1.6029,3.323415E-05,24.0435,0,1.6029,-3.524834E-05,24.0435,0
1.6038,1.174945E-05,24.057,0,1.6038,-4.196231E-05,24.057,0
1.6047,2.584878E-05,24.0705,0,1.6047,-2.887007E-05,24.0705,0
1.6056,3.692683E-06,24.084,0,1.6056,-7.721065E-06,24.084,0
1.6065,4.028382E-06,24.0975,0,1.6065,-2.652018E-05,24.0975,0
1.6074,-6.713969E-07,24.111,0,1.6074,-3.189136E-05,24.111,0
1.6083,2.484169E-05,24.1245,0,1.6083,-2.719158E-05,24.1245,0
1.6092,2.081331E-05,24.138,0,1.6092,8.728161E-06,24.138,0
1.6101,-1.107805E-05,24.1515,0,1.6101,3.189136E-05,24.1515,0
1.611,-3.994812E-05,24.165,0,1.611,-1.040665E-05,24.165,0
1.6119,-1.544213E-05,24.1785,0,1.6119,-3.121996E-05,24.1785,0
1.6128,-4.867628E-05,24.192,0,1.6128,-1.376364E-05,24.192,0
1.6137,-8.392462E-05,24.2055,0,1.6137,-3.054856E-05,24.2055,0
1.6146,-8.291753E-05,24.219,0,1.6146,-6.57969E-05,24.219,0
1.6155,-7.721065E-05,24.2325,0,1.6155,-1.007095E-05,24.2325,0
1.6164,1.309224E-05,24.246,0,1.6164,5.337606E-05,24.246,0
1.6173,3.356985E-07,24.2595,0,1.6173,-7.385367E-06,24.2595,0
1.6182,1.544213E-05,24.273,0,1.6182,-3.222705E-05,24.273,0
1.6191,-1.678492E-06,24.2865,0,1.6191,-5.035477E-06,24.2865,0
1.62,-7.385367E-06,24.3,0,1.62,-1.040665E-05,24.3,0
1.6209,-8.392462E-06,24.3135,0,1.6209,-5.035477E-06,24.3135,0
1.6218,-1.678492E-06,24.327,0,1.6218,-3.424125E-05,24.327,0
1.6227,1.980621E-05,24.3405,0,1.6227,6.713969E-07,24.3405,0
1.6236,3.390555E-05,24.354,0,1.6236,6.713969E-06,24.354,0
1.6245,3.793393E-05,24.3675,0,1.6245,-2.047761E-05,24.3675,0
1.6254,3.625543E-05,24.381,0,1.6254,-2.954147E-05,24.381,0
1.6263,-1.208515E-05,24.3945,0,1.6263,1.342794E-06,24.3945,0
1.6272,-3.121996E-05,24.408,0,1.6272,-8.392462E-06,24.408,0
1.6281,-9.063859E-06,24.4215,0,1.6281,-2.450599E-05,24.4215,0
1.629,-7.721065E-06,24.435,0,1.629,2.853437E-05,24.435,0
1.6299,-1.980621E-05,24.4485,0,1.6299,1.376364E-05,24.4485,0
1.6308,-3.256275E-05,24.462,0,1.6308,-3.994812E-05,24.462,0
1.6317,-2.450599E-05,24.4755,0,1.6317,-3.189136E-05,24.4755,0
1.6326,-2.450599E-05,24.489,0,1.6326,-3.121996E-05,24.489,0
1.6335,-2.18204E-05,24.5025,0,1.6335,-5.069047E-05,24.5025,0
1.6344,-1.242084E-05,24.516,0,1.6344,-3.591974E-05,24.516,0
1.6353,9.735256E-06,24.5295,0,1.6353,-3.524834E-05,24.5295,0
1.6362,-1.443504E-05,24.543,0,1.6362,-1.644922E-05,24.543,0
1.6371,-4.867628E-05,24.5565,0,1.6371,-2.383459E-05,24.5565,0
1.638,-3.390555E-05,24.57,0,1.638,-3.256275E-05,24.57,0
1.6389,-2.450599E-05,24.5835,0,1.6389,-3.256275E-05,24.5835,0
1.6398,-1.913481E-05,24.597,0,1.6398,1.510643E-05,24.597,0
1.6407,4.699779E-06,24.6105,0,1.6407,-7.721065E-06,24.6105,0
1.6416,1.242084E-05,24.624,0,1.6416,-4.196231E-05,24.624,0
1.6425,3.390555E-05,24.6375,0,1.6425,3.692683E-06,24.6375,0
1.6434,6.143282E-05,24.651,0,1.6434,2.349889E-06,24.651,0
1.6443,6.176852E-05,24.6645,0,1.6443,-3.088426E-05,24.6645,0
1.6452,-8.392462E-06,24.678,0,1.6452,-2.719158E-05,24.678,0
1.6461,-4.33051E-05,24.6915,0,1.6461,-1.477073E-05,24.6915,0
1.647,-3.793393E-05,24.705,0,1.647,-8.392462E-06,24.705,0
1.6479,-3.256275E-05,24.7185,0,1.6479,-2.18204E-05,24.7185,0
1.6488,1.846342E-05,24.732,0,1.6488,-2.685588E-05,24.732,0
1.6497,1.510643E-05,24.7455,0,1.6497,-1.376364E-05,24.7455,0
1.6506,4.699779E-06,24.759,0,1.6506,-9.735256E-06,24.759,0
1.6515,9.735256E-06,24.7725,0,1.6515,-2.987716E-05,24.7725,0
1.6524,-4.028382E-06,24.786,0,1.6524,-4.263371E-05,24.786,0
1.6533,-1.074235E-05,24.7995,0,1.6533,-2.014191E-06,24.7995,0
1.6542,-3.524834E-05,24.813,0,1.6542,-6.378271E-06,24.813,0
1.6551,-8.392462E-06,24.8265,0,1.6551,-5.471885E-05,24.8265,0
1.656,9.063859E-06,24.84,0,1.656,-1.611353E-05,24.84,0
1.6569,-1.947051E-05,24.8535,0,1.6569,-1.678492E-06,24.8535,0
1.6578,8.392462E-06,24.867,0,1.6578,-3.457694E-05,24.867,0
1.6587,2.652018E-05,24.8805,0,1.6587,-3.424125E-05,24.8805,0
1.6596,2.014191E-06,24.894,0,1.6596,-5.673304E-05,24.894,0
1.6605,2.316319E-05,24.9075,0,1.6605,-5.471885E-05,24.9075,0
1.6614,1.174945E-05,24.921,0,1.6614,-6.51255E-05,24.921,0
1.6623,-2.987716E-05,24.9345,0,1.6623,-5.807584E-05,24.9345,0
1.6632,-1.510643E-05,24.948,0,1.6632,3.054856E-05,24.948,0
1.6641,-3.894102E-05,24.9615,0,1.6641,9.735256E-05,24.9615,0
1.665,-5.337606E-05,24.975,0,1.665,2.316319E-05,24.975,0
1.6659,-4.968337E-05,24.9885,0,1.6659,-3.121996E-05,24.9885,0
1.6668,-2.551309E-05,25.002,0,1.6668,-1.342794E-06,25.002,0
1.6677,2.349889E-06,25.0155,0,1.6677,-1.174945E-05,25.0155,0
1.6686,2.819867E-05,25.029,0,1.6686,-3.793393E-05,25.029,0
1.6695,2.014191E-06,25.0425,0,1.6695,-1.074235E-05,25.0425,0
1.6704,8.392462E-06,25.056,0,1.6704,-8.392462E-06,25.056,0
1.6713,2.1149E-05,25.0695,0,1.6713,-1.074235E-05,25.0695,0
1.6722,0,25.083,0,1.6722,9.735256E-06,25.083,0
1.6731,-2.18204E-05,25.0965,0,1.6731,6.713969E-07,25.0965,0
1.674,-5.706874E-06,25.11,0,1.674,-1.510643E-05,25.11,0
1.6749,-3.021286E-06,25.1235,0,1.6749,-1.913481E-05,25.1235,0
1.6758,5.706874E-06,25.137,0,1.6758,-4.33051E-05,25.137,0
1.6767,-3.356985E-06,25.1505,0,1.6767,-4.599069E-05,25.1505,0
1.6776,-7.016098E-05,25.164,0,1.6776,-4.766919E-05,25.164,0
1.6785,-4.867628E-05,25.1775,0,1.6785,-6.78111E-05,25.1775,0
1.6794,-2.853437E-05,25.191,0,1.6794,-7.721065E-05,25.191,0
1.6803,-6.277562E-05,25.2045,0,1.6803,-1.174945E-05,25.2045,0
1.6812,-4.095522E-05,25.218,0,1.6812,-3.860533E-05,25.218,0
1.6821,3.256275E-05,25.2315,0,1.6821,-6.478981E-05,25.2315,0
1.683,3.927672E-05,25.245,0,1.683,5.606165E-05,25.245,0
1.6839,3.323415E-05,25.2585,0,1.6839,5.941863E-05,25.2585,0
1.6848,-1.678492E-06,25.272,0,1.6848,-2.014191E-05,25.272,0
1.6857,-2.081331E-05,25.2855,0,1.6857,-9.735256E-06,25.2855,0
1.6866,3.356985E-06,25.299,0,1.6866,1.443504E-05,25.299,0
1.6875,4.599069E-05,25.3125,0,1.6875,-1.947051E-05,25.3125,0
1.6884,1.309224E-05,25.326,0,1.6884,-3.424125E-05,25.326,0
1.6893,9.063859E-06,25.3395,0,1.6893,-3.659113E-05,25.3395,0
1.6902,1.477073E-05,25.353,0,1.6902,-1.309224E-05,25.353,0
1.6911,-3.591974E-05,25.3665,0,1.6911,-1.712062E-05,25.3665,0
1.692,-4.53193E-05,25.38,0,1.692,-3.759823E-05,25.38,0
1.6929,-1.846342E-05,25.3935,0,1.6929,-3.021286E-05,25.3935,0
1.6938,-3.591974E-05,25.407,0,1.6938,-6.713969E-06,25.407,0
1.6947,-1.409934E-05,25.4205,0,1.6947,-1.242084E-05,25.4205,0
1.6956,3.189136E-05,25.434,0,1.6956,-5.136187E-05,25.434,0
1.6965,-3.356985E-06,25.4475,0,1.6965,-1.577783E-05,25.4475,0
1.6974,-9.735256E-06,25.461,0,1.6974,-7.049668E-06,25.461,0
1.6983,7.721065E-06,25.4745,0,1.6983,-2.652018E-05,25.4745,0
1.6992,-2.349889E-06,25.488,0,1.6992,-3.659113E-05,25.488,0
1.7001,-3.323415E-05,25.5015,0,1.7001,-1.174945E-05,25.5015,0
1.701,1.678492E-06,25.515,0,1.701,8.728161E-06,25.515,0
1.7019,-3.692683E-06,25.5285,0,1.7019,1.107805E-05,25.5285,0
1.7028,-2.584878E-05,25.542,0,1.7028,-3.054856E-05,25.542,0
1.7037,-3.289845E-05,25.5555,0,1.7037,-2.618448E-05,25.5555,0
1.7046,-3.356985E-07,25.569,0,1.7046,-9.735256E-06,25.569,0
1.7055,-1.040665E-05,25.5825,0,1.7055,-4.229801E-05,25.5825,0
1.7064,2.21561E-05,25.596,0,1.7064,-2.920577E-05,25.596,0
1.7073,-2.450599E-05,25.6095,0,1.7073,-1.577783E-05,25.6095,0
1.7082,-2.887007E-05,25.623,0,1.7082,-3.692683E-05,25.623,0
1.7091,-3.356985E-07,25.6365,0,1.7091,-4.968337E-05,25.6365,0
1.71,-3.189136E-05,25.65,0,1.71,2.349889E-06,25.65,0
1.7109,-9.063859E-06,25.6635,0,1.7109,5.874724E-05,25.6635,0
1.7118,-8.728161E-06,25.677,0,1.7118,-3.189136E-05,25.677,0
1.7127,-1.510643E-05,25.6905,0,1.7127,-4.39765E-05,25.6905,0
1.7136,1.242084E-05,25.704,0,1.7136,-1.510643E-05,25.704,0
1.7145,2.920577E-05,25.7175,0,1.7145,-2.920577E-05,25.7175,0
1.7154,2.417029E-05,25.731,0,1.7154,-4.061952E-05,25.731,0
1.7163,1.980621E-05,25.7445,0,1.7163,-6.076142E-05,25.7445,0
1.7172,-3.189136E-05,25.758,0,1.7172,-2.786297E-05,25.758,0
1.7181,-3.793393E-05,25.7715,0,1.7181,6.713969E-07,25.7715,0
1.719,6.713969E-07,25.785,0,1.719,-2.18204E-05,25.785,0
1.7199,-1.275654E-05,25.7985,0,1.7199,-4.36408E-05,25.7985,0
1.7208,-3.054856E-05,25.812,0,1.7208,3.692683E-06,25.812,0
1.7217,-2.920577E-05,25.8255,0,1.7217,-6.713969E-06,25.8255,0
1.7226,1.007095E-06,25.839,0,1.7226,-4.129091E-05,25.839,0
1.7235,-3.289845E-05,25.8525,0,1.7235,-8.392462E-06,25.8525,0
1.7244,-2.014191E-05,25.866,0,1.7244,7.721065E-06,25.866,0
1.7253,2.920577E-05,25.8795,0,1.7253,-7.049668E-06,25.8795,0
1.7262,5.706874E-06,25.893,0,1.7262,-1.644922E-05,25.893,0
1.7271,1.007095E-06,25.9065,0,1.7271,-1.275654E-05,25.9065,0
1.728,5.639734E-05,25.92,0,1.728,-1.007095E-05,25.92,0
1.7289,5.001907E-05,25.9335,0,1.7289,-1.947051E-05,25.9335,0
1.7298,6.378271E-06,25.947,0,1.7298,-3.793393E-05,25.947,0
1.7307,3.692683E-06,25.9605,0,1.7307,-1.812772E-05,25.9605,0
1.7316,-4.46479E-05,25.974,0,1.7316,-1.477073E-05,25.974,0
1.7325,-2.853437E-05,25.9875,0,1.7325,-2.685588E-05,25.9875,0
1.7334,-2.28275E-05,26.001,0,1.7334,-3.121996E-05,26.001,0
1.7343,-4.061952E-05,26.0145,0,1.7343,0,26.0145,0
1.7352,-2.920577E-05,26.028,0,1.7352,-7.385367E-06,26.028,0
1.7361,-1.611353E-05,26.0415,0,1.7361,-1.779202E-05,26.0415,0
1.737,-5.706874E-06,26.055,0,1.737,1.141375E-05,26.055,0
1.7379,1.107805E-05,26.0685,0,1.7379,1.678492E-06,26.0685,0
1.7388,1.577783E-05,26.082,0,1.7388,-3.826963E-05,26.082,0
1.7397,-2.417029E-05,26.0955,0,1.7397,-1.309224E-05,26.0955,0
1.7406,-6.915389E-05,26.109,0,1.7406,5.706874E-06,26.109,0
1.7415,-3.323415E-05,26.1225,0,1.7415,-2.887007E-05,26.1225,0
1.7424,-1.242084E-05,26.136,0,1.7424,-3.524834E-05,26.136,0
1.7433,-3.356985E-06,26.1495,0,1.7433,-3.659113E-05,26.1495,0
1.7442,1.376364E-05,26.163,0,1.7442,-1.846342E-05,26.163,0
1.7451,2.719158E-05,26.1765,0,1.7451,-6.713969E-07,26.1765,0
1.746,2.014191E-06,26.19,0,1.746,-3.692683E-05,26.19,0
1.7469,1.678492E-06,26.2035,0,1.7469,-5.606165E-05,26.2035,0
1.7478,-2.450599E-05,26.217,0,1.7478,-3.021286E-06,26.217,0
1.7487,-2.316319E-05,26.2305,0,1.7487,-1.409934E-05,26.2305,0
1.7496,-2.047761E-05,26.244,0,1.7496,-5.169757E-05,26.244,0
1.7505,-3.591974E-05,26.2575,0,1.7505,-4.43122E-05,26.2575,0
1.7514,-8.728161E-06,26.271,0,1.7514,-1.980621E-05,26.271,0
1.7523,2.081331E-05,26.2845,0,1.7523,-4.129091E-05,26.2845,0
1.7532,5.270466E-05,26.298,0,1.7532,-3.860533E-05,26.298,0
1.7541,2.21561E-05,26.3115,0,1.7541,2.752728E-05,26.3115,0
1.755,-1.208515E-05,26.325,0,1.755,5.471885E-05,26.325,0
1.7559,1.007095E-06,26.3385,0,1.7559,1.309224E-05,26.3385,0
1.7568,3.692683E-05,26.352,0,1.7568,-2.517739E-05,26.352,0
1.7577,2.987716E-05,26.3655,0,1.7577,-2.584878E-05,26.3655,0
1.7586,9.063859E-06,26.379,0,1.7586,-1.174945E-05,26.379,0
1.7595,3.692683E-06,26.3925,0,1.7595,-5.337606E-05,26.3925,0
1.7604,3.356985E-07,26.406,0,1.7604,-6.54612E-05,26.406,0
1.7613,-2.316319E-05,26.4195,0,1.7613,3.390555E-05,26.4195,0
1.7622,-3.591974E-05,26.433,0,1.7622,1.779202E-05,26.433,0
1.7631,-2.719158E-05,26.4465,0,1.7631,-5.639734E-05,26.4465,0
1.764,-3.457694E-05,26.46,0,1.764,1.745632E-05,26.46,0
1.7649,1.242084E-05,26.4735,0,1.7649,5.606165E-05,26.4735,0
1.7658,8.728161E-06,26.487,0,1.7658,-2.014191E-06,26.487,0
1.7667,-7.721065E-06,26.5005,0,1.7667,-3.457694E-05,26.5005,0
1.7676,-3.256275E-05,26.514,0,1.7676,-3.457694E-05,26.514,0
1.7685,-2.349889E-05,26.5275,0,1.7685,-4.095522E-05,26.5275,0
1.7694,-1.242084E-05,26.541,0,1.7694,-3.323415E-05,26.541,0
1.7703,-1.644922E-05,26.5545,0,1.7703,-3.659113E-05,26.5545,0
1.7712,-3.457694E-05,26.568,0,1.7712,-8.728161E-06,26.568,0
1.7721,-4.33051E-05,26.5815,0,1.7721,-5.706874E-06,26.5815,0
1.773,-5.471885E-05,26.595,0,1.773,-2.450599E-05,26.595,0
1.7739,5.035477E-06,26.6085,0,1.7739,-1.040665E-05,26.6085,0
1.7748,1.141375E-05,26.622,0,1.7748,1.174945E-05,26.622,0
1.7757,1.040665E-05,26.6355,0,1.7757,-1.174945E-05,26.6355,0
1.7766,5.069047E-05,26.649,0,1.7766,-5.001907E-05,26.649,0
1.7775,-8.392462E-06,26.6625,0,1.7775,-2.18204E-05,26.6625,0
1.7784,-1.174945E-05,26.676,0,1.7784,-9.063859E-06,26.676,0
1.7793,7.385367E-06,26.6895,0,1.7793,-7.183947E-05,26.6895,0
1.7802,1.644922E-05,26.703,0,1.7802,-4.49836E-05,26.703,0
1.7811,-1.275654E-05,26.7165,0,1.7811,1.745632E-05,26.7165,0
1.782,-5.035477E-06,26.73,0,1.782,1.577783E-05,26.73,0
1.7829,-2.349889E-06,26.7435,0,1.7829,-1.812772E-05,26.7435,0
1.7838,7.049668E-06,26.757,0,1.7838,-5.673304E-05,26.757,0
1.7847,8.392462E-06,26.7705,0,1.7847,-4.53193E-05,26.7705,0
1.7856,1.678492E-06,26.784,0,1.7856,-3.961242E-05,26.784,0
1.7865,-3.356985E-07,26.7975,0,1.7865,-5.874724E-05,26.7975,0
1.7874,-1.712062E-05,26.811,0,1.7874,-6.378271E-06,26.811,0
1.7883,-3.927672E-05,26.8245,0,1.7883,2.21561E-05,26.8245,0
1.7892,-4.061952E-05,26.838,0,1.7892,-9.735256E-06,26.838,0
1.7901,-3.256275E-05,26.8515,0,1.7901,-4.33051E-05,26.8515,0
1.791,-2.24918E-05,26.865,0,1.791,-2.349889E-06,26.865,0
1.7919,2.21561E-05,26.8785,0,1.7919,-9.063859E-06,26.8785,0
1.7928,2.047761E-05,26.892,0,1.7928,-4.263371E-05,26.892,0
1.7937,2.316319E-05,26.9055,0,1.7937,-3.524834E-05,26.9055,0
1.7946,6.64683E-05,26.919,0,1.7946,-3.692683E-06,26.919,0
1.7955,6.076142E-05,26.9325,0,1.7955,-1.779202E-05,26.9325,0
1.7964,-9.063859E-06,26.946,0,1.7964,-2.383459E-05,26.946,0
1.7973,1.040665E-05,26.9595,0,1.7973,-3.860533E-05,26.9595,0
1.7982,1.510643E-05,26.973,0,1.7982,-1.007095E-05,26.973,0
1.7991,-4.733349E-05,26.9865,0,1.7991,1.577783E-05,26.9865,0
1.8,-5.337606E-05,27,0,1.8,-7.049668E-06,27,0
1.8009,-2.349889E-05,27.0135,0,1.8009,-1.309224E-05,27.0135,0
1.8018,-3.189136E-05,27.027,0,1.8018,1.309224E-05,27.027,0
1.8027,-2.383459E-05,27.0405,0,1.8027,8.392462E-06,27.0405,0
1.8036,-4.867628E-05,27.054,0,1.8036,-3.558404E-05,27.054,0
1.8045,-5.304036E-05,27.0675,0,1.8045,4.36408E-06,27.0675,0
1.8054,7.049668E-06,27.081,0,1.8054,-7.385367E-06,27.081,0
1.8063,-1.443504E-05,27.0945,0,1.8063,-4.599069E-05,27.0945,0
1.8072,-9.735256E-06,27.108,0,1.8072,-6.948959E-05,27.108,0
1.8081,-3.121996E-05,27.1215,0,1.8081,-2.316319E-05,27.1215,0
1.809,-2.819867E-05,27.135,0,1.809,-5.371176E-06,27.135,0
1.8099,-2.349889E-06,27.1485,0,1.8099,-5.706874E-06,27.1485,0
1.8108,3.356985E-07,27.162,0,1.8108,-3.726253E-05,27.162,0
1.8117,-1.812772E-05,27.1755,0,1.8117,-3.222705E-05,27.1755,0
1.8126,-4.733349E-05,27.189,0,1.8126,5.706874E-06,27.189,0
1.8135,4.699779E-06,27.2025,0,1.8135,-1.779202E-05,27.2025,0
1.8144,2.652018E-05,27.216,0,1.8144,-2.752728E-05,27.216,0
1.8153,-2.1149E-05,27.2295,0,1.8153,-3.021286E-06,27.2295,0
1.8162,-5.102617E-05,27.243,0,1.8162,-6.713969E-06,27.243,0
1.8171,-2.047761E-05,27.2565,0,1.8171,-3.793393E-05,27.2565,0
1.818,-1.275654E-05,27.27,0,1.818,-1.779202E-05,27.27,0
1.8189,1.409934E-05,27.2835,0,1.8189,-9.735256E-06,27.2835,0
1.8198,1.980621E-05,27.297,0,1.8198,-5.941863E-05,27.297,0
1.8207,1.007095E-05,27.3105,0,1.8207,-1.577783E-05,27.3105,0
1.8216,2.081331E-05,27.324,0,1.8216,2.28275E-05,27.324,0
1.8225,1.980621E-05,27.3375,0,1.8225,-1.107805E-05,27.3375,0
1.8234,-2.349889E-06,27.351,0,1.8234,-1.577783E-05,27.351,0
1.8243,-2.18204E-05,27.3645,0,1.8243,-2.786297E-05,27.3645,0
1.8252,-7.721065E-06,27.378,0,1.8252,-1.477073E-05,27.378,0
1.8261,-3.121996E-05,27.3915,0,1.8261,6.713969E-06,27.3915,0
1.827,-2.316319E-05,27.405,0,1.827,-1.678492E-06,27.405,0
1.8279,-1.980621E-05,27.4185,0,1.8279,-4.46479E-05,27.4185,0
1.8288,-3.155566E-05,27.432,0,1.8288,-4.53193E-05,27.432,0
1.8297,-2.1149E-05,27.4455,0,1.8297,-6.915389E-05,27.4455,0
1.8306,-1.007095E-05,27.459,0,1.8306,-6.042573E-05,27.459,0
1.8315,-2.349889E-06,27.4725,0,1.8315,-9.735256E-06,27.4725,0
1.8324,5.236896E-05,27.486,0,1.8324,3.021286E-06,27.486,0
1.8333,6.277562E-05,27.4995,0,1.8333,-3.256275E-05,27.4995,0
1.8342,4.934768E-05,27.513,0,1.8342,-1.913481E-05,27.513,0
1.8351,6.042573E-06,27.5265,0,1.8351,7.049668E-06,27.5265,0
1.836,-3.155566E-05,27.54,0,1.836,-8.392462E-06,27.54,0
1.8369,-6.57969E-05,27.5535,0,1.8369,-2.517739E-05,27.5535,0
1.8378,-5.270466E-05,27.567,0,1.8378,-3.591974E-05,27.567,0
1.8387,-7.217517E-05,27.5805,0,1.8387,-9.399558E-06,27.5805,0
1.8396,-3.994812E-05,27.594,0,1.8396,-6.042573E-06,27.594,0
1.8405,2.920577E-05,27.6075,0,1.8405,-3.726253E-05,27.6075,0
1.8414,6.243992E-05,27.621,0,1.8414,-7.284657E-05,27.621,0
1.8423,6.076142E-05,27.6345,0,1.8423,-1.980621E-05,27.6345,0
1.8432,2.652018E-05,27.648,0,1.8432,-2.551309E-05,27.648,0
1.8441,3.558404E-05,27.6615,0,1.8441,-4.632639E-05,27.6615,0
1.845,4.36408E-06,27.675,0,1.845,5.169757E-05,27.675,0
1.8459,1.376364E-05,27.6885,0,1.8459,7.620356E-05,27.6885,0
1.8468,3.659113E-05,27.702,0,1.8468,-3.692683E-06,27.702,0
1.8477,-1.309224E-05,27.7155,0,1.8477,-1.443504E-05,27.7155,0
1.8486,-4.263371E-05,27.729,0,1.8486,-5.371176E-06,27.729,0
1.8495,-3.256275E-05,27.7425,0,1.8495,-4.867628E-05,27.7425,0
1.8504,-3.390555E-05,27.756,0,1.8504,-3.994812E-05,27.756,0
1.8513,-3.591974E-05,27.7695,0,1.8513,-7.049668E-05,27.7695,0
1.8522,-2.28275E-05,27.783,0,1.8522,-3.591974E-05,27.783,0
1.8531,-3.927672E-05,27.7965,0,1.8531,1.242084E-05,27.7965,0
1.854,-4.39765E-05,27.81,0,1.854,-2.18204E-05,27.81,0
1.8549,-3.356985E-07,27.8235,0,1.8549,-2.819867E-05,27.8235,0
1.8558,-1.107805E-05,27.837,0,1.8558,2.24918E-05,27.837,0
1.8567,-1.544213E-05,27.8505,0,1.8567,-4.36408E-06,27.8505,0
1.8576,-1.678492E-06,27.864,0,1.8576,-4.061952E-05,27.864,0
1.8585,-8.392462E-06,27.8775,0,1.8585,-1.947051E-05,27.8775,0
1.8594,3.726253E-05,27.891,0,1.8594,3.692683E-06,27.891,0
1.8603,1.309224E-05,27.9045,0,1.8603,-3.457694E-05,27.9045,0
1.8612,0,27.918,0,1.8612,-4.867628E-05,27.918,0
1.8621,2.383459E-05,27.9315,0,1.8621,-1.275654E-05,27.9315,0
1.863,2.1149E-05,27.945,0,1.863,-1.510643E-05,27.945,0
1.8639,-3.356985E-07,27.9585,0,1.8639,-2.14847E-05,27.9585,0
1.8648,4.028382E-06,27.972,0,1.8648,-3.323415E-05,27.972,0
1.8657,-1.678492E-06,27.9855,0,1.8657,-1.141375E-05,27.9855,0
1.8666,-6.713969E-06,27.999,0,1.8666,-1.040665E-05,27.999,0
1.8675,-3.424125E-05,28.0125,0,1.8675,-5.136187E-05,28.0125,0
1.8684,-5.706874E-06,28.026,0,1.8684,-4.36408E-05,28.026,0
1.8693,1.040665E-05,28.0395,0,1.8693,1.040665E-05,28.0395,0
1.8702,-2.1149E-05,28.053,0,1.8702,-2.1149E-05,28.053,0
1.8711,-4.162661E-05,28.0665,0,1.8711,-4.028382E-05,28.0665,0
1.872,-6.54612E-05,28.08,0,1.872,9.063859E-06,28.08,0
1.8729,-5.069047E-05,28.0935,0,1.8729,9.735256E-06,28.0935,0
1.8738,-4.733349E-05,28.107,0,1.8738,-3.189136E-05,28.107,0
1.8747,-8.627451E-05,28.1205,0,1.8747,-5.975433E-05,28.1205,0
1.8756,-3.323415E-05,28.134,0,1.8756,-3.491264E-05,28.134,0
1.8765,7.385367E-06,28.1475,0,1.8765,1.309224E-05,28.1475,0
1.8774,-3.356985E-07,28.161,0,1.8774,5.035477E-05,28.161,0
1.8783,4.800488E-05,28.1745,0,1.8783,-2.349889E-05,28.1745,0
1.8792,4.263371E-05,28.188,0,1.8792,-2.954147E-05,28.188,0
1.8801,4.699779E-06,28.2015,0,1.8801,5.035477E-06,28.2015,0
1.881,-2.987716E-05,28.215,0,1.881,1.342794E-06,28.215,0
1.8819,-3.424125E-05,28.2285,0,1.8819,-2.786297E-05,28.2285,0
1.8828,-4.46479E-05,28.242,0,1.8828,1.678492E-06,28.242,0
1.8837,1.678492E-06,28.2555,0,1.8837,-2.014191E-06,28.2555,0
1.8846,4.53193E-05,28.269,0,1.8846,-3.994812E-05,28.269,0
1.8855,3.659113E-05,28.2825,0,1.8855,-3.121996E-05,28.2825,0
1.8864,3.457694E-05,28.296,0,1.8864,-2.618448E-05,28.296,0
1.8873,2.987716E-05,28.3095,0,1.8873,-6.344701E-05,28.3095,0
1.8882,5.035477E-06,28.323,0,1.8882,-3.759823E-05,28.323,0
1.8891,-1.107805E-05,28.3365,0,1.8891,3.356985E-07,28.3365,0
1.89,-3.558404E-05,28.35,0,1.89,-1.007095E-06,28.35,0
1.8909,-2.685588E-05,28.3635,0,1.8909,-1.510643E-05,28.3635,0
1.8918,-1.913481E-05,28.377,0,1.8918,-3.054856E-05,28.377,0
1.8927,-2.18204E-05,28.3905,0,1.8927,-1.846342E-05,28.3905,0
1.8936,4.699779E-06,28.404,0,1.8936,1.812772E-05,28.404,0
1.8945,3.121996E-05,28.4175,0,1.8945,-9.735256E-06,28.4175,0
1.8954,3.457694E-05,28.431,0,1.8954,-2.18204E-05,28.431,0
1.8963,2.1149E-05,28.4445,0,1.8963,5.706874E-06,28.4445,0
1.8972,2.349889E-06,28.458,0,1.8972,-4.632639E-05,28.458,0
1.8981,-8.728161E-06,28.4715,0,1.8981,-5.807584E-05,28.4715,0
1.899,-1.007095E-05,28.485,0,1.899,7.721065E-06,28.485,0
1.8999,-1.510643E-05,28.4985,0,1.8999,1.007095E-06,28.4985,0
1.9008,-1.745632E-05,28.512,0,1.9008,-4.33051E-05,28.512,0
1.9017,9.735256E-06,28.5255,0,1.9017,-5.404745E-05,28.5255,0
1.9026,1.611353E-05,28.539,0,1.9026,-1.577783E-05,28.539,0
1.9035,3.021286E-06,28.5525,0,1.9035,-2.551309E-05,28.5525,0
1.9044,1.913481E-05,28.566,0,1.9044,-2.24918E-05,28.566,0
1.9053,4.196231E-05,28.5795,0,1.9053,-1.376364E-05,28.5795,0
1.9062,-6.713969E-06,28.593,0,1.9062,-1.644922E-05,28.593,0
1.9071,-7.016098E-05,28.6065,0,1.9071,-2.18204E-05,28.6065,0
1.908,-6.109713E-05,28.62,0,1.908,-8.023193E-05,28.62,0
1.9089,-7.418937E-05,28.6335,0,1.9089,-0.0001003738,28.6335,0
1.9098,-6.64683E-05,28.647,0,1.9098,-1.242084E-05,28.647,0
1.9107,-2.014191E-06,28.6605,0,1.9107,7.721065E-06,28.6605,0
1.9116,-4.53193E-05,28.674,0,1.9116,-5.706874E-06,28.674,0
1.9125,-4.162661E-05,28.6875,0,1.9125,2.786297E-05,28.6875,0
1.9134,-8.392462E-06,28.701,0,1.9134,1.678492E-06,28.701,0
1.9143,-1.510643E-05,28.7145,0,1.9143,-3.491264E-05,28.7145,0
1.9152,-2.685588E-05,28.728,0,1.9152,-4.632639E-05,28.728,0
1.9161,-2.014191E-05,28.7415,0,1.9161,-1.040665E-05,28.7415,0
1.917,1.309224E-05,28.755,0,1.917,1.577783E-05,28.755,0
1.9179,1.510643E-05,28.7685,0,1.9179,1.409934E-05,28.7685,0
1.9188,1.846342E-05,28.782,0,1.9188,-3.961242E-05,28.782,0
1.9197,1.510643E-05,28.7955,0,1.9197,-2.28275E-05,28.7955,0
1.9206,1.007095E-05,28.809,0,1.9206,-4.028382E-06,28.809,0
1.9215,2.618448E-05,28.8225,0,1.9215,-3.021286E-05,28.8225,0
1.9224,5.471885E-05,28.836,0,1.9224,-3.155566E-05,28.836,0
1.9233,1.678492E-05,28.8495,0,1.9233,-2.685588E-06,28.8495,0
1.9242,-5.035477E-06,28.863,0,1.9242,5.035477E-06,28.863,0
1.9251,9.063859E-06,28.8765,0,1.9251,-2.786297E-05,28.8765,0
1.926,-2.14847E-05,28.89,0,1.926,-1.678492E-05,28.89,0
1.9269,-5.169757E-05,28.9035,0,1.9269,1.007095E-06,28.9035,0
1.9278,-2.652018E-05,28.917,0,1.9278,-3.256275E-05,28.917,0
1.9287,-1.477073E-05,28.9305,0,1.9287,-4.061952E-05,28.9305,0
1.9296,-3.054856E-05,28.944,0,1.9296,-7.721065E-06,28.944,0
1.9305,-2.24918E-05,28.9575,0,1.9305,-2.652018E-05,28.9575,0
1.9314,-8.392462E-06,28.971,0,1.9314,-5.270466E-05,28.971,0
1.9323,7.721065E-06,28.9845,0,1.9323,-4.49836E-05,28.9845,0
1.9332,1.644922E-05,28.998,0,1.9332,3.256275E-05,28.998,0
1.9341,2.047761E-05,29.0115,0,1.9341,8.761731E-05,29.0115,0
1.935,2.517739E-05,29.025,0,1.935,1.510643E-05,29.025,0
1.9359,1.577783E-05,29.0385,0,1.9359,-3.994812E-05,29.0385,0
1.9368,-1.980621E-05,29.052,0,1.9368,-6.713969E-06,29.052,0
1.9377,-2.719158E-05,29.0655,0,1.9377,4.028382E-06,29.0655,0
1.9386,3.356985E-06,29.079,0,1.9386,-3.289845E-05,29.079,0
1.9395,-1.242084E-05,29.0925,0,1.9395,-1.141375E-05,29.0925,0
1.9404,-1.812772E-05,29.106,0,1.9404,1.342794E-06,29.106,0
1.9413,-1.107805E-05,29.1195,0,1.9413,-3.256275E-05,29.1195,0
1.9422,1.510643E-05,29.133,0,1.9422,-6.478981E-05,29.133,0
1.9431,7.385367E-06,29.1465,0,1.9431,-3.591974E-05,29.1465,0
1.944,-2.18204E-05,29.16,0,1.944,-2.1149E-05,29.16,0
1.9449,-4.33051E-05,29.1735,0,1.9449,-3.054856E-05,29.1735,0
1.9458,-6.378271E-06,29.187,0,1.9458,-3.759823E-05,29.187,0
1.9467,-1.712062E-05,29.2005,0,1.9467,-1.577783E-05,29.2005,0
1.9476,-3.457694E-05,29.214,0,1.9476,3.021286E-06,29.214,0
1.9485,-3.390555E-05,29.2275,0,1.9485,-1.644922E-05,29.2275,0
1.9494,-2.786297E-05,29.241,0,1.9494,-3.659113E-05,29.241,0
1.9503,-4.699779E-05,29.2545,0,1.9503,4.36408E-06,29.2545,0
1.9512,-1.846342E-05,29.268,0,1.9512,-2.014191E-06,29.268,0
1.9521,-7.721065E-06,29.2815,0,1.9521,-4.229801E-05,29.2815,0
1.953,-1.107805E-05,29.295,0,1.953,-3.390555E-05,29.295,0
1.9539,4.263371E-05,29.3085,0,1.9539,-2.719158E-05,29.3085,0
1.9548,6.076142E-05,29.322,0,1.9548,-5.136187E-05,29.322,0
1.9557,7.049668E-06,29.3355,0,1.9557,-2.652018E-05,29.3355,0
1.9566,-3.356985E-07,29.349,0,1.9566,4.46479E-05,29.349,0
1.9575,4.39765E-05,29.3625,0,1.9575,5.874724E-05,29.3625,0
1.9584,-1.510643E-05,29.376,0,1.9584,-1.309224E-05,29.376,0
1.9593,-2.18204E-05,29.3895,0,1.9593,-5.337606E-05,29.3895,0
1.9602,1.644922E-05,29.403,0,1.9602,-4.162661E-05,29.403,0
1.9611,1.342794E-06,29.4165,0,1.9611,-3.826963E-05,29.4165,0
1.962,-2.349889E-06,29.43,0,1.962,-2.450599E-05,29.43,0
1.9629,-3.356985E-06,29.4435,0,1.9629,-3.961242E-05,29.4435,0
1.9638,-3.121996E-05,29.457,0,1.9638,-1.342794E-05,29.457,0
1.9647,-2.752728E-05,29.4705,0,1.9647,-1.712062E-05,29.4705,0
1.9656,-1.242084E-05,29.484,0,1.9656,-5.908293E-05,29.484,0
1.9665,-2.819867E-05,29.4975,0,1.9665,-3.390555E-05,29.4975,0
1.9674,3.021286E-06,29.511,0,1.9674,-1.275654E-05,29.511,0
1.9683,5.673304E-05,29.5245,0,1.9683,-2.987716E-05,29.5245,0
1.9692,2.450599E-05,29.538,0,1.9692,-2.987716E-05,29.538,0
1.9701,-6.176852E-05,29.5515,0,1.9701,-1.510643E-05,29.5515,0
1.971,-6.478981E-05,29.565,0,1.971,-2.853437E-05,29.565,0
1.9719,-1.913481E-05,29.5785,0,1.9719,-2.047761E-05,29.5785,0
1.9728,-2.28275E-05,29.592,0,1.9728,-3.625543E-05,29.592,0
1.9737,-3.256275E-05,29.6055,0,1.9737,5.706874E-06,29.6055,0
1.9746,1.342794E-05,29.619,0,1.9746,1.309224E-05,29.619,0
1.9755,1.577783E-05,29.6325,0,1.9755,-2.014191E-06,29.6325,0
1.9764,1.544213E-05,29.646,0,1.9764,-1.712062E-05,29.646,0
1.9773,1.309224E-05,29.6595,0,1.9773,-2.18204E-05,29.6595,0
1.9782,-5.706874E-06,29.673,0,1.9782,-4.061952E-05,29.673,0
1.9791,1.712062E-05,29.6865,0,1.9791,-7.989624E-05,29.6865,0
1.98,1.510643E-05,29.7,0,1.98,-3.021286E-05,29.7,0
1.9809,1.678492E-05,29.7135,0,1.9809,8.728161E-06,29.7135,0
1.9818,-9.735256E-06,29.727,0,1.9818,-2.18204E-05,29.727,0
1.9827,-3.121996E-05,29.7405,0,1.9827,-2.551309E-05,29.7405,0
1.9836,-3.625543E-05,29.754,0,1.9836,-2.349889E-06,29.754,0
1.9845,-2.685588E-05,29.7675,0,1.9845,-9.735256E-06,29.7675,0
1.9854,-1.443504E-05,29.781,0,1.9854,-1.980621E-05,29.781,0
1.9863,1.745632E-05,29.7945,0,1.9863,-2.047761E-05,29.7945,0
1.9872,-4.699779E-06,29.808,0,1.9872,-1.678492E-05,29.808,0
1.9881,-5.438316E-05,29.8215,0,1.9881,-1.947051E-05,29.8215,0
1.989,0,29.835,0,1.989,-2.047761E-05,29.835,0
1.9899,-4.46479E-05,29.8485,0,1.9899,-4.129091E-05,29.8485,0
1.9908,-0.0001007095,29.862,0,1.9908,-2.014191E-06,29.862,0
1.9917,-3.994812E-05,29.8755,0,1.9917,6.713969E-06,29.8755,0
1.9926,1.510643E-05,29.889,0,1.9926,-3.054856E-05,29.889,0
1.9935,4.36408E-06,29.9025,0,1.9935,-1.242084E-05,29.9025,0
1.9944,4.733349E-05,29.916,0,1.9944,1.678492E-05,29.916,0
1.9953,4.934768E-05,29.9295,0,1.9953,-3.692683E-05,29.9295,0
1.9962,1.409934E-05,29.943,0,1.9962,-3.793393E-05,29.943,0
1.9971,2.014191E-06,29.9565,0,1.9971,-5.706874E-06,29.9565,0
1.998,2.349889E-06,29.97,0,1.998,-2.349889E-06,29.97,0
1.9989,7.049668E-06,29.9835,0,1.9989,-1.678492E-06,29.9835,0
1.9998,-1.174945E-05,29.997,0,1.9998,-8.728161E-06,29.997,0
2.0007,-1.242084E-05,30.0105,0,2.0007,-1.242084E-05,30.0105,0
2.0016,4.699779E-06,30.024,0,2.0016,-1.644922E-05,30.024,0
2.0025,-4.699779E-06,30.0375,0,2.0025,-4.028382E-05,30.0375,0
2.0034,6.713969E-06,30.051,0,2.0034,-4.33051E-05,30.051,0
2.0043,-1.846342E-05,30.0645,0,2.0043,7.721065E-06,30.0645,0
2.0052,-1.980621E-05,30.078,0,2.0052,-8.392462E-06,30.078,0
2.0061,3.356985E-07,30.0915,0,2.0061,-4.968337E-05,30.0915,0
2.007,-3.054856E-05,30.105,0,2.007,-2.920577E-05,30.105,0
2.0079,-1.107805E-05,30.1185,0,2.0079,-3.927672E-05,30.1185,0
2.0088,6.713969E-06,30.132,0,2.0088,-6.009003E-05,30.132,0
2.0097,4.36408E-06,30.1455,0,2.0097,-8.728161E-06,30.1455,0
2.0106,3.356985E-07,30.159,0,2.0106,5.606165E-05,30.159,0
2.0115,-2.349889E-06,30.1725,0,2.0115,3.591974E-05,30.1725,0
2.0124,-2.349889E-06,30.186,0,2.0124,1.510643E-05,30.186,0
2.0133,6.042573E-06,30.1995,0,2.0133,-3.994812E-05,30.1995,0
2.0142,1.208515E-05,30.213,0,2.0142,-3.826963E-05,30.213,0
2.0151,-7.049668E-06,30.2265,0,2.0151,-2.484169E-05,30.2265,0
2.016,-1.812772E-05,30.24,0,2.016,-2.853437E-05,30.24,0
2.0169,-6.076142E-05,30.2535,0,2.0169,-3.793393E-05,30.2535,0
2.0178,-3.860533E-05,30.267,0,2.0178,4.36408E-06,30.267,0
2.0187,-1.779202E-05,30.2805,0,2.0187,-2.1149E-05,30.2805,0
2.0196,1.107805E-05,30.294,0,2.0196,-6.311131E-05,30.294,0
2.0205,3.189136E-05,30.3075,0,2.0205,-3.054856E-05,30.3075,0
2.0214,3.457694E-05,30.321,0,2.0214,4.699779E-06,30.321,0
2.0223,3.356985E-07,30.3345,0,2.0223,1.644922E-05,30.3345,0
2.0232,-6.109713E-05,30.348,0,2.0232,-2.719158E-05,30.348,0
2.0241,-5.404745E-05,30.3615,0,2.0241,1.510643E-05,30.3615,0
2.025,-2.920577E-05,30.375,0,2.025,5.035477E-06,30.375,0
2.0259,-1.779202E-05,30.3885,0,2.0259,-3.121996E-05,30.3885,0
2.0268,6.713969E-06,30.402,0,2.0268,-5.471885E-05,30.402,0
2.0277,2.014191E-05,30.4155,0,2.0277,-3.591974E-05,30.4155,0
2.0286,-2.920577E-05,30.429,0,2.0286,-9.735256E-06,30.429,0
2.0295,-4.43122E-05,30.4425,0,2.0295,-2.786297E-05,30.4425,0
2.0304,-5.572595E-05,30.456,0,2.0304,-5.337606E-05,30.456,0
2.0313,-3.591974E-05,30.4695,0,2.0313,-1.644922E-05,30.4695,0
2.0322,1.007095E-06,30.483,0,2.0322,-2.081331E-05,30.483,0
2.0331,4.666209E-05,30.4965,0,2.0331,-4.46479E-05,30.4965,0
2.034,2.819867E-05,30.51,0,2.034,-5.706874E-06,30.51,0
2.0349,2.081331E-05,30.5235,0,2.0349,6.713969E-07,30.5235,0
2.0358,1.309224E-05,30.537,0,2.0358,-4.733349E-05,30.537,0
2.0367,1.678492E-05,30.5505,0,2.0367,-3.356985E-05,30.5505,0
2.0376,-1.644922E-05,30.564,0,2.0376,-1.040665E-05,30.564,0
2.0385,-1.980621E-05,30.5775,0,2.0385,-3.793393E-05,30.5775,0
2.0394,1.510643E-05,30.591,0,2.0394,-3.793393E-05,30.591,0
2.0403,4.766919E-05,30.6045,0,2.0403,-2.383459E-05,30.6045,0
2.0412,3.457694E-05,30.618,0,2.0412,-8.056763E-06,30.618,0
2.0421,-5.035477E-06,30.6315,0,2.0421,5.706874E-06,30.6315,0
2.043,-8.392462E-06,30.645,0,2.043,-4.028382E-06,30.645,0
2.0439,3.021286E-06,30.6585,0,2.0439,-2.1149E-05,30.6585,0
2.0448,1.342794E-06,30.672,0,2.0448,1.846342E-05,30.672,0
2.0457,2.349889E-06,30.6855,0,2.0457,1.779202E-05,30.6855,0
2.0466,-1.947051E-05,30.699,0,2.0466,-1.879912E-05,30.699,0
2.0475,-2.786297E-05,30.7125,0,2.0475,2.014191E-06,30.7125,0
2.0484,-3.793393E-05,30.726,0,2.0484,-5.035477E-06,30.726,0
2.0493,-4.061952E-05,30.7395,0,2.0493,-4.43122E-05,30.7395,0
2.0502,3.524834E-05,30.753,0,2.0502,-5.404745E-05,30.753,0
2.0511,2.316319E-05,30.7665,0,2.0511,-3.558404E-05,30.7665,0
2.052,1.376364E-05,30.78,0,2.052,-3.356985E-07,30.78,0
2.0529,2.24918E-05,30.7935,0,2.0529,-1.275654E-05,30.7935,0
2.0538,-1.242084E-05,30.807,0,2.0538,-4.39765E-05,30.807,0
2.0547,-2.987716E-05,30.8205,0,2.0547,-8.056763E-06,30.8205,0
2.0556,-7.553216E-05,30.834,0,2.0556,-6.378271E-06,30.834,0
2.0565,-5.203327E-05,30.8475,0,2.0565,-2.450599E-05,30.8475,0
2.0574,-3.659113E-05,30.861,0,2.0574,-4.39765E-05,30.861,0
2.0583,-5.740444E-05,30.8745,0,2.0583,-1.376364E-05,30.8745,0
2.0592,-1.443504E-05,30.888,0,2.0592,-5.203327E-05,30.888,0
2.0601,7.721065E-06,30.9015,0,2.0601,-6.109713E-05,30.9015,0
2.061,-2.047761E-05,30.915,0,2.061,-4.028382E-06,30.915,0
2.0619,-2.920577E-05,30.9285,0,2.0619,-6.042573E-06,30.9285,0
2.0628,5.371176E-06,30.942,0,2.0628,-2.786297E-05,30.942,0
2.0637,4.699779E-05,30.9555,0,2.0637,1.678492E-06,30.9555,0
2.0646,4.599069E-05,30.969,0,2.0646,2.1149E-05,30.969,0
2.0655,-1.913481E-05,30.9825,0,2.0655,-7.049668E-06,30.9825,0
2.0664,-4.33051E-05,30.996,0,2.0664,-1.007095E-06,30.996,0
2.0673,-1.678492E-05,31.0095,0,2.0673,-1.309224E-05,31.0095,0
2.0682,-4.699779E-06,31.023,0,2.0682,-8.728161E-06,31.023,0
2.0691,-3.591974E-05,31.0365,0,2.0691,-1.342794E-06,31.0365,0
2.07,-2.349889E-06,31.05,0,2.07,-1.309224E-05,31.05,0
2.0709,2.1149E-05,31.0635,0,2.0709,-7.486076E-05,31.0635,0
2.0718,4.36408E-06,31.077,0,2.0718,-5.841154E-05,31.077,0
2.0727,-6.378271E-06,31.0905,0,2.0727,-2.853437E-05,31.0905,0
2.0736,2.584878E-05,31.104,0,2.0736,-3.390555E-05,31.104,0
2.0745,-1.510643E-05,31.1175,0,2.0745,1.107805E-05,31.1175,0
2.0754,-1.812772E-05,31.131,0,2.0754,2.081331E-05,31.131,0
2.0763,-2.21561E-05,31.1445,0,2.0763,-3.894102E-05,31.1445,0
2.0772,-2.349889E-05,31.158,0,2.0772,-2.719158E-05,31.158,0
2.0781,3.356985E-07,31.1715,0,2.0781,1.007095E-06,31.1715,0
2.079,2.685588E-06,31.185,0,2.079,-3.021286E-05,31.185,0
2.0799,1.510643E-05,31.1985,0,2.0799,-3.860533E-05,31.1985,0
2.0808,1.141375E-05,31.212,0,2.0808,-3.054856E-05,31.212,0
2.0817,-3.323415E-05,31.2255,0,2.0817,-1.074235E-05,31.2255,0
2.0826,-7.586786E-05,31.239,0,2.0826,-4.53193E-05,31.239,0
2.0835,-3.491264E-05,31.2525,0,2.0835,-8.560311E-05,31.2525,0
2.0844,1.275654E-05,31.266,0,2.0844,-5.304036E-05,31.266,0
2.0853,4.666209E-05,31.2795,0,2.0853,0,31.2795,0
2.0862,2.383459E-05,31.293,0,2.0862,-1.510643E-05,31.293,0
2.0871,-1.443504E-05,31.3065,0,2.0871,9.735256E-06,31.3065,0
2.088,-1.544213E-05,31.32,0,2.088,3.121996E-05,31.32,0
2.0889,1.409934E-05,31.3335,0,2.0889,3.390555E-05,31.3335,0
2.0898,4.699779E-06,31.347,0,2.0898,2.24918E-05,31.347,0
2.0907,-3.256275E-05,31.3605,0,2.0907,-1.040665E-05,31.3605,0
2.0916,-3.088426E-05,31.374,0,2.0916,-1.342794E-06,31.374,0
2.0925,-1.242084E-05,31.3875,0,2.0925,-4.028382E-06,31.3875,0
2.0934,-1.107805E-05,31.401,0,2.0934,-1.644922E-05,31.401,0
2.0943,1.309224E-05,31.4145,0,2.0943,-6.57969E-05,31.4145,0
2.0952,0,31.428,0,2.0952,-7.922484E-05,31.428,0
2.0961,-1.309224E-05,31.4415,0,2.0961,-3.088426E-05,31.4415,0
2.097,2.450599E-05,31.455,0,2.097,2.786297E-05,31.455,0
2.0979,5.270466E-05,31.4685,0,2.0979,1.812772E-05,31.4685,0
2.0988,3.894102E-05,31.482,0,2.0988,-1.040665E-05,31.482,0
2.0997,3.021286E-05,31.4955,0,2.0997,-3.121996E-05,31.4955,0
2.1006,1.779202E-05,31.509,0,2.1006,-3.591974E-05,31.509,0
2.1015,-5.035477E-06,31.5225,0,2.1015,5.706874E-06,31.5225,0
2.1024,-3.591974E-05,31.536,0,2.1024,-7.721065E-06,31.536,0
2.1033,-2.450599E-05,31.5495,0,2.1033,-4.867628E-05,31.5495,0
2.1042,1.040665E-05,31.563,0,2.1042,-2.786297E-05,31.563,0
2.1051,-1.443504E-05,31.5765,0,2.1051,-5.035477E-06,31.5765,0
2.106,-2.24918E-05,31.59,0,2.106,-1.242084E-05,31.59,0
2.1069,-2.551309E-05,31.6035,0,2.1069,-3.256275E-05,31.6035,0
2.1078,-9.399558E-06,31.617,0,2.1078,-4.43122E-05,31.617,0
2.1087,-2.719158E-05,31.6305,0,2.1087,-1.107805E-05,31.6305,0
2.1096,-5.136187E-05,31.644,0,2.1096,-6.378271E-06,31.644,0
2.1105,-8.392462E-06,31.6575,0,2.1105,-3.927672E-05,31.6575,0
2.1114,3.021286E-06,31.671,0,2.1114,-4.800488E-05,31.671,0
2.1123,-3.692683E-05,31.6845,0,2.1123,-8.392462E-06,31.6845,0
2.1132,-3.289845E-05,31.698,0,2.1132,-2.383459E-05,31.698,0
2.1141,9.735256E-06,31.7115,0,2.1141,-3.591974E-05,31.7115,0
2.115,2.349889E-06,31.725,0,2.115,-1.980621E-05,31.725,0
2.1159,-1.980621E-05,31.7385,0,2.1159,-1.174945E-05,31.7385,0
2.1168,-1.678492E-05,31.752,0,2.1168,-2.28275E-05,31.752,0
2.1177,-2.24918E-05,31.7655,0,2.1177,9.735256E-06,31.7655,0
2.1186,-3.826963E-05,31.779,0,2.1186,1.510643E-05,31.779,0
2.1195,-3.961242E-05,31.7925,0,2.1195,-7.385367E-06,31.7925,0
2.1204,-2.987716E-05,31.806,0,2.1204,-1.242084E-05,31.806,0
2.1213,-3.121996E-05,31.8195,0,2.1213,-3.323415E-05,31.8195,0
2.1222,-1.510643E-05,31.833,0,2.1222,-2.752728E-05,31.833,0
2.1231,-2.047761E-05,31.8465,0,2.1231,-2.18204E-05,31.8465,0
2.124,1.409934E-05,31.86,0,2.124,-3.591974E-05,31.86,0
2.1249,4.33051E-05,31.8735,0,2.1249,-3.323415E-05,31.8735,0
2.1258,-1.107805E-05,31.887,0,2.1258,2.417029E-05,31.887,0
2.1267,-1.544213E-05,31.9005,0,2.1267,1.678492E-06,31.9005,0
2.1276,2.047761E-05,31.914,0,2.1276,-6.210422E-05,31.914,0
2.1285,4.028382E-06,31.9275,0,2.1285,-1.275654E-05,31.9275,0
2.1294,1.644922E-05,31.941,0,2.1294,-8.392462E-06,31.941,0
2.1303,9.063859E-06,31.9545,0,2.1303,-6.210422E-05,31.9545,0
2.1312,-1.678492E-05,31.968,0,2.1312,-3.289845E-05,31.968,0
2.1321,-1.242084E-05,31.9815,0,2.1321,1.275654E-05,31.9815,0
2.133,-6.042573E-06,31.995,0,2.133,6.378271E-06,31.995,0
2.1339,2.1149E-05,32.0085,0,2.1339,-2.1149E-05,32.0085,0
2.1348,4.599069E-05,32.022,0,2.1348,-4.43122E-05,32.022,0
2.1357,1.208515E-05,32.0355,0,2.1357,-1.376364E-05,32.0355,0
2.1366,2.349889E-06,32.049,0,2.1366,-6.042573E-06,32.049,0
2.1375,-1.376364E-05,32.0625,0,2.1375,-2.517739E-05,32.0625,0
2.1384,-2.652018E-05,32.076,0,2.1384,-3.558404E-05,32.076,0
2.1393,-3.994812E-05,32.0895,0,2.1393,-9.735256E-06,32.0895,0
2.1402,-2.551309E-05,32.103,0,2.1402,-1.309224E-05,32.103,0
2.1411,4.229801E-05,32.1165,0,2.1411,-5.471885E-05,32.1165,0
2.142,5.471885E-05,32.13,0,2.142,-5.706874E-06,32.13,0
2.1429,2.551309E-05,32.1435,0,2.1429,-6.378271E-06,32.1435,0
2.1438,4.39765E-05,32.157,0,2.1438,-3.356985E-05,32.157,0
2.1447,2.652018E-05,32.1705,0,2.1447,-1.846342E-05,32.1705,0
2.1456,-3.390555E-05,32.184,0,2.1456,-3.021286E-06,32.184,0
2.1465,-3.121996E-05,32.1975,0,2.1465,-1.007095E-05,32.1975,0
2.1474,-3.961242E-05,32.211,0,2.1474,-1.409934E-05,32.211,0
2.1483,-2.417029E-05,32.2245,0,2.1483,-3.424125E-05,32.2245,0
2.1492,-7.385367E-06,32.238,0,2.1492,-1.980621E-05,32.238,0
2.1501,-2.450599E-05,32.2515,0,2.1501,-1.174945E-05,32.2515,0
2.151,-1.208515E-05,32.265,0,2.151,-3.424125E-05,32.265,0
2.1519,-7.385367E-06,32.2785,0,2.1519,-3.692683E-05,32.2785,0
2.1528,-1.376364E-05,32.292,0,2.1528,1.376364E-05,32.292,0
2.1537,-6.713969E-06,32.3055,0,2.1537,1.007095E-06,32.3055,0
2.1546,-2.24918E-05,32.319,0,2.1546,-7.016098E-05,32.319,0
2.1555,-4.028382E-06,32.3325,0,2.1555,-2.484169E-05,32.3325,0
2.1564,-4.028382E-05,32.346,0,2.1564,8.392462E-06,32.346,0
2.1573,-3.793393E-05,32.3595,0,2.1573,-3.121996E-05,32.3595,0
2.1582,1.174945E-05,32.373,0,2.1582,-3.659113E-05,32.373,0
2.1591,-2.417029E-05,32.3865,0,2.1591,-4.028382E-06,32.3865,0
2.16,-2.853437E-05,32.4,0,2.16,-7.385367E-06,32.4,0
2.1609,1.040665E-05,32.4135,0,2.1609,-1.644922E-05,32.4135,0
2.1618,1.040665E-05,32.427,0,2.1618,-1.980621E-05,32.427,0
2.1627,-1.644922E-05,32.4405,0,2.1627,-1.644922E-05,32.4405,0
2.1636,-1.947051E-05,32.454,0,2.1636,-4.36408E-06,32.454,0
2.1645,-2.28275E-05,32.4675,0,2.1645,-1.174945E-05,32.4675,0
2.1654,-6.344701E-05,32.481,0,2.1654,-2.987716E-05,32.481,0
2.1663,-3.457694E-05,32.4945,0,2.1663,-4.36408E-06,32.4945,0
2.1672,7.385367E-06,32.508,0,2.1672,-3.524834E-05,32.508,0
2.1681,2.18204E-05,32.5215,0,2.1681,-4.666209E-05,32.5215,0
2.169,-1.007095E-06,32.535,0,2.169,1.443504E-05,32.535,0
2.1699,2.349889E-06,32.5485,0,2.1699,-1.007095E-06,32.5485,0
2.1708,1.712062E-05,32.562,0,2.1708,-3.054856E-05,32.562,0
2.1717,2.21561E-05,32.5755,0,2.1717,-1.510643E-05,32.5755,0
2.1726,-2.819867E-05,32.589,0,2.1726,-3.356985E-07,32.589,0
2.1735,-3.088426E-05,32.6025,0,2.1735,-7.049668E-06,32.6025,0
2.1744,-5.706874E-06,32.616,0,2.1744,-7.721065E-06,32.616,0
2.1753,3.021286E-06,32.6295,0,2.1753,-4.196231E-05,32.6295,0
2.1762,-4.36408E-06,32.643,0,2.1762,-3.860533E-05,32.643,0
2.1771,-3.793393E-05,32.6565,0,2.1771,-8.728161E-06,32.6565,0
2.178,-1.275654E-05,32.67,0,2.178,-6.076142E-05,32.67,0
2.1789,-9.063859E-06,32.6835,0,2.1789,-0.0001064164,32.6835,0
2.1798,-2.18204E-05,32.697,0,2.1798,-4.36408E-06,32.697,0
2.1807,1.174945E-05,32.7105,0,2.1807,9.835965E-05,32.7105,0
2.1816,1.913481E-05,32.724,0,2.1816,-2.584878E-05,32.724,0
2.1825,-2.18204E-05,32.7375,0,2.1825,-3.424125E-05,32.7375,0
2.1834,-2.21561E-05,32.751,0,2.1834,3.356985E-07,32.751,0
2.1843,-5.371176E-06,32.7645,0,2.1843,-2.383459E-05,32.7645,0
2.1852,-1.309224E-05,32.778,0,2.1852,-5.639734E-05,32.778,0
2.1861,7.721065E-06,32.7915,0,2.1861,-2.18204E-05,32.7915,0
2.187,2.081331E-05,32.805,0,2.187,-2.24918E-05,32.805,0
2.1879,3.021286E-06,32.8185,0,2.1879,-2.383459E-05,32.8185,0
2.1888,1.242084E-05,32.832,0,2.1888,-3.222705E-05,32.832,0
2.1897,1.477073E-05,32.8455,0,2.1897,-7.721065E-06,32.8455,0
2.1906,-2.047761E-05,32.859,0,2.1906,1.275654E-05,32.859,0
2.1915,-1.980621E-05,32.8725,0,2.1915,-3.356985E-06,32.8725,0
2.1924,-6.378271E-06,32.886,0,2.1924,-3.121996E-05,32.886,0
2.1933,-3.994812E-05,32.8995,0,2.1933,-1.477073E-05,32.8995,0
2.1942,-1.208515E-05,32.913,0,2.1942,-3.692683E-06,32.913,0
2.1951,2.24918E-05,32.9265,0,2.1951,-4.129091E-05,32.9265,0
2.196,6.713969E-07,32.94,0,2.196,7.049668E-06,32.94,0
2.1969,-9.399558E-06,32.9535,0,2.1969,1.309224E-05,32.9535,0
2.1978,-2.920577E-05,32.967,0,2.1978,-1.947051E-05,32.967,0
2.1987,1.678492E-06,32.9805,0,2.1987,-2.18204E-05,32.9805,0
2.1996,-1.074235E-05,32.994,0,2.1996,7.721065E-06,32.994,0
2.2005,-2.887007E-05,33.0075,0,2.2005,5.035477E-06,33.0075,0
2.2014,-1.947051E-05,33.021,0,2.2014,-2.450599E-05,33.021,0
2.2023,-1.443504E-05,33.0345,0,2.2023,-5.270466E-05,33.0345,0
2.2032,-3.021286E-06,33.048,0,2.2032,-3.289845E-05,33.048,0
2.2041,7.049668E-06,33.0615,0,2.2041,-3.021286E-06,33.0615,0
2.205,-2.014191E-05,33.075,0,2.205,-1.779202E-05,33.075,0
2.2059,-9.063859E-06,33.0885,0,2.2059,-4.33051E-05,33.0885,0
2.2068,3.390555E-05,33.102,0,2.2068,1.309224E-05,33.102,0
2.2077,-2.551309E-05,33.1155,0,2.2077,8.728161E-06,33.1155,0
2.2086,-3.659113E-05,33.129,0,2.2086,-2.316319E-05,33.129,0
2.2095,-1.779202E-05,33.1425,0,2.2095,1.242084E-05,33.1425,0
2.2104,3.155566E-05,33.156,0,2.2104,1.040665E-05,33.156,0
2.2113,5.069047E-05,33.1695,0,2.2113,-3.826963E-05,33.1695,0
2.2122,-1.913481E-05,33.183,0,2.2122,-8.89601E-05,33.183,0
2.2131,-4.028382E-05,33.1965,0,2.2131,-7.049668E-05,33.1965,0
2.214,-4.699779E-06,33.21,0,2.214,-3.692683E-05,33.21,0
2.2149,1.544213E-05,33.2235,0,2.2149,-3.457694E-05,33.2235,0
2.2158,8.392462E-06,33.237,0,2.2158,-4.699779E-05,33.237,0
2.2167,0,33.2505,0,2.2167,-1.980621E-05,33.2505,0
2.2176,1.309224E-05,33.264,0,2.2176,-9.399558E-06,33.264,0
2.2185,1.712062E-05,33.2775,0,2.2185,-2.484169E-05,33.2775,0
2.2194,2.652018E-05,33.291,0,2.2194,-3.591974E-05,33.291,0
2.2203,5.706874E-06,33.3045,0,2.2203,-2.349889E-06,33.3045,0
2.2212,7.049668E-06,33.318,0,2.2212,-9.735256E-06,33.318,0
2.2221,2.081331E-05,33.3315,0,2.2221,-3.793393E-05,33.3315,0
2.223,-1.510643E-05,33.345,0,2.223,-1.913481E-05,33.345,0
2.2239,-2.21561E-05,33.3585,0,2.2239,3.692683E-06,33.3585,0
2.2248,2.047761E-05,33.372,0,2.2248,-1.242084E-05,33.372,0
2.2257,-1.342794E-06,33.3855,0,2.2257,8.392462E-06,33.3855,0
2.2266,-3.558404E-05,33.399,0,2.2266,3.021286E-06,33.399,0
2.2275,-4.33051E-05,33.4125,0,2.2275,-1.678492E-06,33.4125,0
2.2284,-3.726253E-05,33.426,0,2.2284,-1.208515E-05,33.426,0
2.2293,-3.424125E-05,33.4395,0,2.2293,-3.659113E-05,33.4395,0
2.2302,-1.644922E-05,33.453,0,2.2302,-2.450599E-05,33.453,0
2.2311,-5.203327E-05,33.4665,0,2.2311,-2.349889E-05,33.4665,0
2.232,-2.920577E-05,33.48,0,2.232,-2.719158E-05,33.48,0
2.2329,1.007095E-06,33.4935,0,2.2329,-3.659113E-05,33.4935,0
2.2338,-2.652018E-05,33.507,0,2.2338,5.706874E-06,33.507,0
2.2347,-2.047761E-05,33.5205,0,2.2347,-5.706874E-06,33.5205,0
2.2356,2.349889E-06,33.534,0,2.2356,-5.102617E-05,33.534,0
2.2365,3.021286E-06,33.5475,0,2.2365,-2.383459E-05,33.5475,0
2.2374,2.21561E-05,33.561,0,2.2374,1.107805E-05,33.561,0
2.2383,4.46479E-05,33.5745,0,2.2383,-3.256275E-05,33.5745,0
2.2392,1.947051E-05,33.588,0,2.2392,-3.323415E-05,33.588,0
2.2401,-4.263371E-05,33.6015,0,2.2401,-2.349889E-06,33.6015,0
2.241,-3.356985E-07,33.615,0,2.241,-1.544213E-05,33.615,0
2.2419,2.517739E-05,33.6285,0,2.2419,-3.121996E-05,33.6285,0
2.2428,5.706874E-06,33.642,0,2.2428,-4.33051E-05,33.642,0
2.2437,-3.356985E-06,33.6555,0,2.2437,-1.174945E-05,33.6555,0
2.2446,-3.793393E-05,33.669,0,2.2446,2.349889E-06,33.669,0
2.2455,-3.793393E-05,33.6825,0,2.2455,-2.316319E-05,33.6825,0
2.2464,-7.049668E-06,33.696,0,2.2464,-4.33051E-05,33.696,0
2.2473,-4.229801E-05,33.7095,0,2.2473,-6.378271E-06,33.7095,0
2.2482,-3.356985E-05,33.723,0,2.2482,3.692683E-06,33.723,0
2.2491,-1.141375E-05,33.7365,0,2.2491,-3.558404E-05,33.7365,0
2.25,-6.713969E-07,33.75,0,2.25,4.36408E-06,33.75,0
2.2509,2.551309E-05,33.7635,0,2.2509,7.049668E-06,33.7635,0
2.2518,3.524834E-05,33.777,0,2.2518,-2.719158E-05,33.777,0
2.2527,-4.36408E-06,33.7905,0,2.2527,-1.678492E-05,33.7905,0
2.2536,-2.417029E-05,33.804,0,2.2536,6.378271E-06,33.804,0
2.2545,-1.644922E-05,33.8175,0,2.2545,-2.21561E-05,33.8175,0
2.2554,-9.399558E-06,33.831,0,2.2554,-3.121996E-05,33.831,0
2.2563,5.035477E-06,33.8445,0,2.2563,-3.927672E-05,33.8445,0
2.2572,9.735256E-06,33.858,0,2.2572,-2.652018E-05,33.858,0
2.2581,-1.947051E-05,33.8715,0,2.2581,-1.947051E-05,33.8715,0
2.259,-2.1149E-05,33.885,0,2.259,-1.242084E-05,33.885,0
2.2599,-1.678492E-06,33.8985,0,2.2599,-3.021286E-05,33.8985,0
2.2608,-2.517739E-05,33.912,0,2.2608,-2.014191E-05,33.912,0
2.2617,-1.242084E-05,33.9255,0,2.2617,-9.063859E-06,33.9255,0
2.2626,8.728161E-06,33.939,0,2.2626,-4.733349E-05,33.939,0
2.2635,-6.713969E-06,33.9525,0,2.2635,-3.189136E-05,33.9525,0
2.2644,6.378271E-06,33.966,0,2.2644,-5.203327E-05,33.966,0
2.2653,1.846342E-05,33.9795,0,2.2653,-9.903105E-05,33.9795,0
2.2662,-7.049668E-06,33.993,0,2.2662,-6.948959E-05,33.993,0
2.2671,-5.270466E-05,34.0065,0,2.2671,2.081331E-05,34.0065,0
2.268,-4.49836E-05,34.02,0,2.268,0.0001010452,34.02,0
2.2689,-4.733349E-05,34.0335,0,2.2689,9.936675E-05,34.0335,0
2.2698,-2.349889E-06,34.047,0,2.2698,4.39765E-05,34.047,0
2.2707,3.289845E-05,34.0605,0,2.2707,1.443504E-05,34.0605,0
2.2716,1.577783E-05,34.074,0,2.2716,-2.719158E-05,34.074,0
2.2725,1.376364E-05,34.0875,0,2.2725,-8.627451E-05,34.0875,0
2.2734,-1.040665E-05,34.101,0,2.2734,-9.835965E-05,34.101,0
2.2743,-1.812772E-05,34.1145,0,2.2743,-4.028382E-05,34.1145,0
2.2752,8.392462E-06,34.128,0,2.2752,-3.256275E-05,34.128,0
2.2761,1.846342E-05,34.1415,0,2.2761,-5.673304E-05,34.1415,0
2.277,1.174945E-05,34.155,0,2.277,6.378271E-06,34.155,0
2.2779,2.1149E-05,34.1685,0,2.2779,3.457694E-05,34.1685,0
2.2788,5.606165E-05,34.182,0,2.2788,-2.1149E-05,34.182,0
2.2797,5.102617E-05,34.1955,0,2.2797,-2.316319E-05,34.1955,0
2.2806,-3.692683E-06,34.209,0,2.2806,-6.713969E-07,34.209,0
2.2815,-2.1149E-05,34.2225,0,2.2815,1.007095E-05,34.2225,0
2.2824,-6.378271E-06,34.236,0,2.2824,-3.021286E-06,34.236,0
2.2833,7.721065E-06,34.2495,0,2.2833,-3.591974E-05,34.2495,0
2.2842,-2.014191E-05,34.263,0,2.2842,-1.242084E-05,34.263,0
2.2851,-3.256275E-05,34.2765,0,2.2851,-3.021286E-06,34.2765,0
2.286,-7.385367E-06,34.29,0,2.286,-2.349889E-05,34.29,0
2.2869,-1.644922E-05,34.3035,0,2.2869,-7.922484E-05,34.3035,0
2.2878,-4.33051E-05,34.317,0,2.2878,-1.980621E-05,34.317,0
2.2887,-2.652018E-05,34.3305,0,2.2887,-5.371176E-06,34.3305,0
2.2896,2.014191E-06,34.344,0,2.2896,-5.001907E-05,34.344,0
2.2905,-2.28275E-05,34.3575,0,2.2905,-3.826963E-05,34.3575,0
2.2914,-2.517739E-05,34.371,0,2.2914,-2.719158E-05,34.371,0
2.2923,8.728161E-06,34.3845,0,2.2923,-3.793393E-05,34.3845,0
2.2932,-1.107805E-05,34.398,0,2.2932,-1.577783E-05,34.398,0
2.2941,-4.867628E-05,34.4115,0,2.2941,-5.706874E-06,34.4115,0
2.295,-2.014191E-05,34.425,0,2.295,-1.342794E-05,34.425,0
2.2959,-2.920577E-05,34.4385,0,2.2959,-1.577783E-05,34.4385,0
2.2968,-3.356985E-05,34.452,0,2.2968,-2.551309E-05,34.452,0
2.2977,-2.786297E-05,34.4655,0,2.2977,-1.107805E-05,34.4655,0
2.2986,-2.014191E-05,34.479,0,2.2986,-2.819867E-05,34.479,0
2.2995,2.014191E-06,34.4925,0,2.2995,-3.927672E-05,34.4925,0
2.3004,1.141375E-05,34.506,0,2.3004,-5.673304E-05,34.506,0
2.3013,-2.349889E-06,34.5195,0,2.3013,-1.980621E-05,34.5195,0
2.3022,2.551309E-05,34.533,0,2.3022,4.028382E-06,34.533,0
2.3031,5.203327E-05,34.5465,0,2.3031,-3.021286E-06,34.5465,0
2.304,-1.510643E-05,34.56,0,2.304,3.021286E-05,34.56,0
2.3049,-2.450599E-05,34.5735,0,2.3049,2.047761E-05,34.5735,0
2.3058,5.035477E-06,34.587,0,2.3058,-2.954147E-05,34.587,0
2.3067,-4.39765E-05,34.6005,0,2.3067,-5.941863E-05,34.6005,0
2.3076,-6.51255E-05,34.614,0,2.3076,-4.36408E-05,34.614,0
2.3085,-4.162661E-05,34.6275,0,2.3085,-3.356985E-05,34.6275,0
2.3094,-2.584878E-05,34.641,0,2.3094,-1.409934E-05,34.641,0
2.3103,-1.510643E-05,34.6545,0,2.3103,-3.457694E-05,34.6545,0
2.3112,-1.644922E-05,34.668,0,2.3112,-3.189136E-05,34.668,0
2.3121,1.174945E-05,34.6815,0,2.3121,-1.007095E-05,34.6815,0
2.313,-9.735256E-06,34.695,0,2.313,-1.040665E-05,34.695,0
2.3139,-2.014191E-06,34.7085,0,2.3139,-3.524834E-05,34.7085,0
2.3148,3.289845E-05,34.722,0,2.3148,5.035477E-06,34.722,0
2.3157,-1.007095E-06,34.7355,0,2.3157,-5.035477E-06,34.7355,0
2.3166,2.1149E-05,34.749,0,2.3166,-4.699779E-05,34.749,0
2.3175,4.43122E-05,34.7625,0,2.3175,5.706874E-06,34.7625,0
2.3184,2.853437E-05,34.776,0,2.3184,-1.678492E-06,34.776,0
2.3193,-3.356985E-07,34.7895,0,2.3193,-4.129091E-05,34.7895,0
2.3202,2.1149E-05,34.803,0,2.3202,-3.793393E-05,34.803,0
2.3211,5.035477E-06,34.8165,0,2.3211,-3.021286E-06,34.8165,0
2.322,-2.920577E-05,34.83,0,2.322,6.713969E-07,34.83,0
2.3229,-3.121996E-05,34.8435,0,2.3229,-1.376364E-05,34.8435,0
2.3238,-3.558404E-05,34.857,0,2.3238,-3.189136E-05,34.857,0
2.3247,-6.344701E-05,34.8705,0,2.3247,-3.021286E-06,34.8705,0
2.3256,-2.954147E-05,34.884,0,2.3256,3.189136E-05,34.884,0
2.3265,2.349889E-05,34.8975,0,2.3265,2.383459E-05,34.8975,0
2.3274,5.304036E-05,34.911,0,2.3274,-2.618448E-05,34.911,0
2.3283,4.599069E-05,34.9245,0,2.3283,2.349889E-06,34.9245,0
2.3292,2.047761E-05,34.938,0,2.3292,-6.713969E-06,34.938,0
2.3301,2.383459E-05,34.9515,0,2.3301,-5.539025E-05,34.9515,0
2.331,-1.846342E-05,34.965,0,2.331,-3.894102E-05,34.965,0
2.3319,-6.143282E-05,34.9785,0,2.3319,-3.390555E-05,34.9785,0
2.3328,-3.155566E-05,34.992,0,2.3328,-5.941863E-05,34.992,0
2.3337,-2.954147E-05,35.0055,0,2.3337,-2.987716E-05,35.0055,0
2.3346,-3.088426E-05,35.019,0,2.3346,-1.174945E-05,35.019,0
2.3355,-1.644922E-05,35.0325,0,2.3355,-1.678492E-05,35.0325,0
2.3364,-1.510643E-05,35.046,0,2.3364,-9.063859E-06,35.046,0
2.3373,-8.056763E-06,35.0595,0,2.3373,-1.913481E-05,35.0595,0
2.3382,-4.699779E-06,35.073,0,2.3382,-1.007095E-06,35.073,0
2.3391,5.035477E-06,35.0865,0,2.3391,0,35.0865,0
2.34,-3.692683E-06,35.1,0,2.34,-2.752728E-05,35.1,0
2.3409,2.349889E-06,35.1135,0,2.3409,-2.484169E-05,35.1135,0
2.3418,-8.392462E-06,35.127,0,2.3418,8.728161E-06,35.127,0
2.3427,-1.947051E-05,35.1405,0,2.3427,-2.1149E-05,35.1405,0
2.3436,2.417029E-05,35.154,0,2.3436,-2.316319E-05,35.154,0
2.3445,-2.18204E-05,35.1675,0,2.3445,-7.049668E-06,35.1675,0
2.3454,-4.129091E-05,35.181,0,2.3454,-3.021286E-06,35.181,0
2.3463,-1.779202E-05,35.1945,0,2.3463,-4.666209E-05,35.1945,0
2.3472,2.484169E-05,35.208,0,2.3472,-3.121996E-05,35.208,0
2.3481,-1.342794E-05,35.2215,0,2.3481,4.36408E-06,35.2215,0
2.349,-2.987716E-05,35.235,0,2.349,1.141375E-05,35.235,0
2.3499,-2.316319E-05,35.2485,0,2.3499,-2.652018E-05,35.2485,0
2.3508,-1.577783E-05,35.262,0,2.3508,-7.150377E-05,35.262,0
2.3517,-1.376364E-05,35.2755,0,2.3517,-5.404745E-05,35.2755,0
2.3526,-4.867628E-05,35.289,0,2.3526,-7.418937E-05,35.289,0
2.3535,6.378271E-06,35.3025,0,2.3535,-4.699779E-06,35.3025,0
2.3544,1.678492E-06,35.316,0,2.3544,5.774014E-05,35.316,0
2.3553,-2.1149E-05,35.3295,0,2.3553,7.956054E-05,35.3295,0
2.3562,-1.007095E-05,35.343,0,2.3562,3.860533E-05,35.343,0
2.3571,-2.685588E-06,35.3565,0,2.3571,-3.524834E-05,35.3565,0
2.358,-1.913481E-05,35.37,0,2.358,-2.21561E-05,35.37,0
2.3589,-3.390555E-05,35.3835,0,2.3589,-2.752728E-05,35.3835,0
2.3598,-5.236896E-05,35.397,0,2.3598,-4.095522E-05,35.397,0
2.3607,-1.174945E-05,35.4105,0,2.3607,-2.383459E-05,35.4105,0
2.3616,6.713969E-07,35.424,0,2.3616,-1.913481E-05,35.424,0
2.3625,1.510643E-05,35.4375,0,2.3625,-2.920577E-05,35.4375,0
2.3634,4.632639E-05,35.451,0,2.3634,-2.1149E-05,35.451,0
2.3643,5.404745E-05,35.4645,0,2.3643,-3.927672E-05,35.4645,0
2.3652,1.779202E-05,35.478,0,2.3652,-1.577783E-05,35.478,0
2.3661,-2.786297E-05,35.4915,0,2.3661,2.014191E-06,35.4915,0
2.367,-8.392462E-06,35.505,0,2.367,-2.719158E-05,35.505,0
2.3679,4.699779E-06,35.5185,0,2.3679,-1.913481E-05,35.5185,0
2.3688,-1.107805E-05,35.532,0,2.3688,1.040665E-05,35.532,0
2.3697,-3.021286E-06,35.5455,0,2.3697,-3.021286E-06,35.5455,0
2.3706,-1.678492E-06,35.559,0,2.3706,-4.901198E-05,35.559,0
2.3715,-1.611353E-05,35.5725,0,2.3715,-5.706874E-06,35.5725,0
2.3724,2.1149E-05,35.586,0,2.3724,7.049668E-06,35.586,0
2.3733,3.457694E-05,35.5995,0,2.3733,-7.284657E-05,35.5995,0
2.3742,2.316319E-05,35.613,0,2.3742,-9.802396E-05,35.613,0
2.3751,2.517739E-05,35.6265,0,2.3751,-4.36408E-05,35.6265,0
2.376,-3.356985E-07,35.64,0,2.376,-2.719158E-05,35.64,0
2.3769,-1.107805E-05,35.6535,0,2.3769,-2.719158E-05,35.6535,0
2.3778,-1.913481E-05,35.667,0,2.3778,-3.826963E-05,35.667,0
2.3787,-3.692683E-05,35.6805,0,2.3787,-2.484169E-05,35.6805,0
2.3796,-6.344701E-05,35.694,0,2.3796,-1.846342E-05,35.694,0
2.3805,-2.920577E-05,35.7075,0,2.3805,-5.001907E-05,35.7075,0
2.3814,1.242084E-05,35.721,0,2.3814,-5.136187E-05,35.721,0
2.3823,-3.692683E-06,35.7345,0,2.3823,-2.383459E-05,35.7345,0
2.3832,-1.208515E-05,35.748,0,2.3832,-2.819867E-05,35.748,0
2.3841,1.040665E-05,35.7615,0,2.3841,-2.987716E-05,35.7615,0
2.385,6.042573E-06,35.775,0,2.385,1.846342E-05,35.775,0
2.3859,7.721065E-06,35.7885,0,2.3859,1.678492E-05,35.7885,0
2.3868,1.644922E-05,35.802,0,2.3868,-3.088426E-05,35.802,0
2.3877,-1.040665E-05,35.8155,0,2.3877,-2.014191E-05,35.8155,0
2.3886,-5.371176E-06,35.829,0,2.3886,3.692683E-06,35.829,0
2.3895,-1.007095E-06,35.8425,0,2.3895,-3.356985E-06,35.8425,0
2.3904,-1.342794E-06,35.856,0,2.3904,-9.063859E-06,35.856,0
2.3913,-1.242084E-05,35.8695,0,2.3913,-3.088426E-05,35.8695,0
2.3922,-7.721065E-06,35.883,0,2.3922,-1.913481E-05,35.883,0
2.3931,3.356985E-06,35.8965,0,2.3931,-1.779202E-05,35.8965,0
2.394,-2.047761E-05,35.91,0,2.394,-3.860533E-05,35.91,0
2.3949,-3.323415E-05,35.9235,0,2.3949,-5.337606E-05,35.9235,0
2.3958,-1.107805E-05,35.937,0,2.3958,-9.735256E-06,35.937,0
2.3967,-1.678492E-06,35.9505,0,2.3967,-9.063859E-06,35.9505,0
2.3976,2.14847E-05,35.964,0,2.3976,-5.270466E-05,35.964,0
2.3985,4.196231E-05,35.9775,0,2.3985,-2.383459E-05,35.9775,0
2.3994,5.035477E-06,35.991,0,2.3994,-3.356985E-07,35.991,0
2.4003,-1.007095E-06,36.0045,0,2.4003,-6.378271E-06,36.0045,0
2.4012,-2.383459E-05,36.018,0,2.4012,1.007095E-06,36.018,0
2.4021,-1.174945E-05,36.0315,0,2.4021,1.846342E-05,36.0315,0
2.403,1.678492E-06,36.045,0,2.403,-2.349889E-06,36.045,0
2.4039,-3.189136E-05,36.0585,0,2.4039,-2.987716E-05,36.0585,0
2.4048,-1.577783E-05,36.072,0,2.4048,-6.411841E-05,36.072,0
2.4057,-3.256275E-05,36.0855,0,2.4057,-1.275654E-05,36.0855,0
2.4066,-4.666209E-05,36.099,0,2.4066,2.349889E-06,36.099,0
2.4075,1.007095E-05,36.1125,0,2.4075,-1.342794E-05,36.1125,0
2.4084,1.980621E-05,36.126,0,2.4084,-1.443504E-05,36.126,0
2.4093,-2.081331E-05,36.1395,0,2.4093,-1.342794E-05,36.1395,0
2.4102,8.392462E-06,36.153,0,2.4102,-8.056763E-06,36.153,0
2.4111,4.36408E-06,36.1665,0,2.4111,-3.826963E-05,36.1665,0
2.412,-3.793393E-05,36.18,0,2.412,-1.007095E-05,36.18,0
2.4129,-2.853437E-05,36.1935,0,2.4129,4.028382E-06,36.1935,0
2.4138,-1.913481E-05,36.207,0,2.4138,-3.659113E-05,36.207,0
2.4147,-4.53193E-05,36.2205,0,2.4147,-1.242084E-05,36.2205,0
2.4156,-7.418937E-05,36.234,0,2.4156,2.349889E-05,36.234,0
2.4165,-5.001907E-05,36.2475,0,2.4165,-1.007095E-06,36.2475,0
2.4174,-1.779202E-05,36.261,0,2.4174,-1.007095E-05,36.261,0
2.4183,1.040665E-05,36.2745,0,2.4183,-4.33051E-05,36.2745,0
2.4192,1.141375E-05,36.288,0,2.4192,-4.196231E-05,36.288,0
2.4201,-2.652018E-05,36.3015,0,2.4201,-8.392462E-06,36.3015,0
2.421,-4.263371E-05,36.315,0,2.421,-3.591974E-05,36.315,0
2.4219,-3.961242E-05,36.3285,0,2.4219,-5.203327E-05,36.3285,0
2.4228,-2.853437E-05,36.342,0,2.4228,2.685588E-06,36.342,0
2.4237,1.342794E-06,36.3555,0,2.4237,4.699779E-06,36.3555,0
2.4246,3.927672E-05,36.369,0,2.4246,-3.961242E-05,36.369,0
2.4255,5.606165E-05,36.3825,0,2.4255,0,36.3825,0
2.4264,5.304036E-05,36.396,0,2.4264,5.035477E-06,36.396,0
2.4273,4.49836E-05,36.4095,0,2.4273,-2.450599E-05,36.4095,0
2.4282,6.713969E-06,36.423,0,2.4282,-2.819867E-05,36.423,0
2.4291,-3.121996E-05,36.4365,0,2.4291,-5.035477E-06,36.4365,0
2.43,-1.376364E-05,36.45,0,2.43,-1.141375E-05,36.45,0
2.4309,1.141375E-05,36.4635,0,2.4309,-2.920577E-05,36.4635,0
2.4318,4.699779E-06,36.477,0,2.4318,-3.994812E-05,36.477,0
2.4327,5.035477E-06,36.4905,0,2.4327,-2.18204E-05,36.4905,0
2.4336,2.517739E-05,36.504,0,2.4336,-3.457694E-05,36.504,0
2.4345,-1.242084E-05,36.5175,0,2.4345,-4.599069E-05,36.5175,0
2.4354,-8.728161E-06,36.531,0,2.4354,-2.954147E-05,36.531,0
2.4363,3.021286E-06,36.5445,0,2.4363,-2.349889E-06,36.5445,0
2.4372,-1.342794E-05,36.558,0,2.4372,-2.719158E-05,36.558,0
2.4381,-2.685588E-06,36.5715,0,2.4381,-2.316319E-05,36.5715,0
2.439,1.007095E-06,36.585,0,2.439,8.056763E-06,36.585,0
2.4399,-1.007095E-05,36.5985,0,2.4399,1.678492E-06,36.5985,0
2.4408,-1.678492E-06,36.612,0,2.4408,-1.107805E-05,36.612,0
2.4417,-3.356985E-07,36.6255,0,2.4417,-1.443504E-05,36.6255,0
2.4426,1.242084E-05,36.639,0,2.4426,2.853437E-05,36.639,0
2.4435,1.275654E-05,36.6525,0,2.4435,-2.987716E-05,36.6525,0
2.4444,-3.524834E-05,36.666,0,2.4444,-4.095522E-05,36.666,0
2.4453,-5.069047E-05,36.6795,0,2.4453,-2.18204E-05,36.6795,0
2.4462,-3.424125E-05,36.693,0,2.4462,3.021286E-06,36.693,0
2.4471,-3.088426E-05,36.7065,0,2.4471,1.779202E-05,36.7065,0
2.448,-1.913481E-05,36.72,0,2.448,-2.28275E-05,36.72,0
2.4489,1.678492E-05,36.7335,0,2.4489,-3.558404E-05,36.7335,0
2.4498,-1.309224E-05,36.747,0,2.4498,-7.385367E-06,36.747,0
2.4507,3.894102E-05,36.7605,0,2.4507,-2.887007E-05,36.7605,0
2.4516,8.426032E-05,36.774,0,2.4516,-5.001907E-05,36.774,0
2.4525,9.735256E-06,36.7875,0,2.4525,-1.208515E-05,36.7875,0
2.4534,-5.438316E-05,36.801,0,2.4534,-1.980621E-05,36.801,0
2.4543,-4.36408E-05,36.8145,0,2.4543,-5.438316E-05,36.8145,0
2.4552,-1.846342E-05,36.828,0,2.4552,-2.685588E-05,36.828,0
2.4561,-1.141375E-05,36.8415,0,2.4561,4.36408E-06,36.8415,0
2.457,2.652018E-05,36.855,0,2.457,-1.779202E-05,36.855,0
2.4579,-2.349889E-06,36.8685,0,2.4579,-3.054856E-05,36.8685,0
2.4588,-4.36408E-06,36.882,0,2.4588,-4.129091E-05,36.882,0
2.4597,1.007095E-06,36.8955,0,2.4597,-9.063859E-06,36.8955,0
2.4606,-3.121996E-05,36.909,0,2.4606,-1.342794E-06,36.909,0
2.4615,-4.599069E-05,36.9225,0,2.4615,-1.980621E-05,36.9225,0
2.4624,-2.047761E-05,36.936,0,2.4624,-4.263371E-05,36.936,0
2.4633,-2.21561E-05,36.9495,0,2.4633,-4.36408E-06,36.9495,0
2.4642,-1.242084E-05,36.963,0,2.4642,-1.510643E-05,36.963,0
2.4651,1.409934E-05,36.9765,0,2.4651,-4.36408E-05,36.9765,0
2.466,-1.678492E-06,36.99,0,2.466,-1.812772E-05,36.99,0
2.4669,-3.692683E-06,37.0035,0,2.4669,3.356985E-07,37.0035,0
2.4678,-2.349889E-06,37.017,0,2.4678,-1.309224E-05,37.017,0
2.4687,-1.644922E-05,37.0305,0,2.4687,-1.242084E-05,37.0305,0
2.4696,-3.659113E-05,37.044,0,2.4696,-1.443504E-05,37.044,0
2.4705,-1.779202E-05,37.0575,0,2.4705,-2.618448E-05,37.0575,0
2.4714,3.692683E-06,37.071,0,2.4714,-2.349889E-06,37.071,0
2.4723,6.378271E-06,37.0845,0,2.4723,-7.385367E-06,37.0845,0
2.4732,2.349889E-06,37.098,0,2.4732,1.712062E-05,37.098,0
2.4741,-3.356985E-07,37.1115,0,2.4741,1.107805E-05,37.1115,0
2.475,0,37.125,0,2.475,-3.021286E-05,37.125,0
2.4759,-3.927672E-05,37.1385,0,2.4759,-4.36408E-05,37.1385,0
2.4768,-5.874724E-05,37.152,0,2.4768,-2.14847E-05,37.152,0
2.4777,-1.040665E-05,37.1655,0,2.4777,-1.208515E-05,37.1655,0
2.4786,6.713969E-07,37.179,0,2.4786,-3.659113E-05,37.179,0
2.4795,-1.376364E-05,37.1925,0,2.4795,9.063859E-06,37.1925,0
2.4804,1.007095E-05,37.206,0,2.4804,4.733349E-05,37.206,0
2.4813,2.383459E-05,37.2195,0,2.4813,1.141375E-05,37.2195,0
2.4822,3.524834E-05,37.233,0,2.4822,-1.242084E-05,37.233,0
2.4831,3.491264E-05,37.2465,0,2.4831,-4.53193E-05,37.2465,0
2.484,2.383459E-05,37.26,0,2.484,-5.807584E-05,37.26,0
2.4849,-1.644922E-05,37.2735,0,2.4849,-5.841154E-05,37.2735,0
2.4858,-1.208515E-05,37.287,0,2.4858,-7.486076E-05,37.287,0
2.4867,2.652018E-05,37.3005,0,2.4867,-4.33051E-05,37.3005,0
2.4876,1.376364E-05,37.314,0,2.4876,-1.007095E-06,37.314,0
2.4885,-1.947051E-05,37.3275,0,2.4885,-5.807584E-05,37.3275,0
2.4894,-2.719158E-05,37.341,0,2.4894,-6.74754E-05,37.341,0
2.4903,-4.263371E-05,37.3545,0,2.4903,-2.954147E-05,37.3545,0
2.4912,-6.411841E-05,37.368,0,2.4912,-2.18204E-05,37.368,0
2.4921,-4.061952E-05,37.3815,0,2.4921,-4.129091E-05,37.3815,0
2.493,-2.584878E-05,37.395,0,2.493,-7.049668E-06,37.395,0
2.4939,-1.678492E-06,37.4085,0,2.4939,5.035477E-06,37.4085,0
2.4948,2.584878E-05,37.422,0,2.4948,-2.752728E-05,37.422,0
2.4957,7.351797E-05,37.4355,0,2.4957,-7.721065E-06,37.4355,0
2.4966,3.256275E-05,37.449,0,2.4966,1.040665E-05,37.449,0
2.4975,2.584878E-05,37.4625,0,2.4975,1.510643E-05,37.4625,0
2.4984,3.189136E-05,37.476,0,2.4984,1.007095E-06,37.476,0
2.4993,2.652018E-05,37.4895,0,2.4993,-2.383459E-05,37.4895,0
2.5002,1.275654E-05,37.503,0,2.5002,-1.443504E-05,37.503,0
2.5011,-1.007095E-06,37.5165,0,2.5011,-1.644922E-05,37.5165,0
2.502,-3.356985E-05,37.53,0,2.502,-3.289845E-05,37.53,0
2.5029,-5.069047E-05,37.5435,0,2.5029,-3.256275E-05,37.5435,0
2.5038,-6.411841E-05,37.557,0,2.5038,8.728161E-06,37.557,0
2.5047,-4.095522E-05,37.5705,0,2.5047,1.275654E-05,37.5705,0
2.5056,-2.316319E-05,37.584,0,2.5056,-4.46479E-05,37.584,0
2.5065,-5.304036E-05,37.5975,0,2.5065,-8.392462E-06,37.5975,0
2.5074,-2.752728E-05,37.611,0,2.5074,5.035477E-06,37.611,0
2.5083,-3.692683E-06,37.6245,0,2.5083,-2.987716E-05,37.6245,0
2.5092,7.721065E-06,37.638,0,2.5092,-2.920577E-05,37.638,0
2.5101,-5.706874E-06,37.6515,0,2.5101,-3.356985E-07,37.6515,0
2.511,-2.987716E-05,37.665,0,2.511,-1.644922E-05,37.665,0
2.5119,-2.652018E-05,37.6785,0,2.5119,-2.316319E-05,37.6785,0
2.5128,-3.021286E-06,37.692,0,2.5128,-4.162661E-05,37.692,0
2.5137,-3.021286E-05,37.7055,0,2.5137,-2.417029E-05,37.7055,0
2.5146,-5.203327E-05,37.719,0,2.5146,-1.376364E-05,37.719,0
2.5155,-1.980621E-05,37.7325,0,2.5155,-2.920577E-05,37.7325,0
2.5164,8.392462E-06,37.746,0,2.5164,-3.692683E-05,37.746,0
2.5173,-1.376364E-05,37.7595,0,2.5173,-2.853437E-05,37.7595,0
2.5182,-3.155566E-05,37.773,0,2.5182,-3.793393E-05,37.773,0
2.5191,-1.376364E-05,37.7865,0,2.5191,-4.599069E-05,37.7865,0
2.52,-1.745632E-05,37.8,0,2.52,-1.174945E-05,37.8,0
2.5209,-5.706874E-06,37.8135,0,2.5209,4.229801E-05,37.8135,0
2.5218,6.713969E-07,37.827,0,2.5218,3.826963E-05,37.827,0
2.5227,-6.378271E-06,37.8405,0,2.5227,7.721065E-06,37.8405,0
2.5236,2.047761E-05,37.854,0,2.5236,1.678492E-06,37.854,0
2.5245,2.28275E-05,37.8675,0,2.5245,-1.812772E-05,37.8675,0
2.5254,2.853437E-05,37.881,0,2.5254,-1.443504E-05,37.881,0
2.5263,5.874724E-05,37.8945,0,2.5263,-7.452507E-05,37.8945,0
2.5272,3.054856E-05,37.908,0,2.5272,-4.33051E-05,37.908,0
2.5281,-2.18204E-05,37.9215,0,2.5281,-4.36408E-06,37.9215,0
2.529,-1.712062E-05,37.935,0,2.529,-2.987716E-05,37.935,0
2.5299,4.028382E-06,37.9485,0,2.5299,-4.229801E-05,37.9485,0
2.5308,-1.275654E-05,37.962,0,2.5308,-6.713969E-07,37.962,0
2.5317,-2.652018E-05,37.9755,0,2.5317,-1.174945E-05,37.9755,0
2.5326,-1.846342E-05,37.989,0,2.5326,-5.673304E-05,37.989,0
2.5335,-2.18204E-05,38.0025,0,2.5335,-7.721065E-06,38.0025,0
2.5344,-7.049668E-06,38.016,0,2.5344,-8.728161E-06,38.016,0
2.5353,1.846342E-05,38.0295,0,2.5353,-3.524834E-05,38.0295,0
2.5362,-3.860533E-05,38.043,0,2.5362,-3.390555E-05,38.043,0
2.5371,-4.934768E-05,38.0565,0,2.5371,-6.378271E-06,38.0565,0
2.538,2.24918E-05,38.07,0,2.538,-2.517739E-05,38.07,0
2.5389,1.644922E-05,38.0835,0,2.5389,-3.155566E-05,38.0835,0
2.5398,-2.450599E-05,38.097,0,2.5398,-5.270466E-05,38.097,0
2.5407,2.450599E-05,38.1105,0,2.5407,-2.28275E-05,38.1105,0
2.5416,5.807584E-05,38.124,0,2.5416,2.18204E-05,38.124,0
2.5425,-1.376364E-05,38.1375,0,2.5425,-2.014191E-06,38.1375,0
2.5434,-2.316319E-05,38.151,0,2.5434,-3.591974E-05,38.151,0
2.5443,-1.342794E-05,38.1645,0,2.5443,-5.706874E-06,38.1645,0
2.5452,1.040665E-05,38.178,0,2.5452,1.309224E-05,38.178,0
2.5461,3.491264E-05,38.1915,0,2.5461,-2.047761E-05,38.1915,0
2.547,4.766919E-05,38.205,0,2.547,1.107805E-05,38.205,0
2.5479,2.24918E-05,38.2185,0,2.5479,-2.349889E-06,38.2185,0
2.5488,-2.383459E-05,38.232,0,2.5488,-6.076142E-05,38.232,0
2.5497,1.342794E-06,38.2455,0,2.5497,-2.14847E-05,38.2455,0
2.5506,3.356985E-07,38.259,0,2.5506,-5.706874E-06,38.259,0
2.5515,-2.417029E-05,38.2725,0,2.5515,-1.846342E-05,38.2725,0
2.5524,-2.752728E-05,38.286,0,2.5524,-1.577783E-05,38.286,0
2.5533,-3.021286E-06,38.2995,0,2.5533,-3.491264E-05,38.2995,0
2.5542,-1.007095E-06,38.313,0,2.5542,-1.846342E-05,38.313,0
2.5551,3.021286E-06,38.3265,0,2.5551,-1.980621E-05,38.3265,0
2.556,2.014191E-06,38.34,0,2.556,-2.652018E-05,38.34,0
2.5569,-2.014191E-06,38.3535,0,2.5569,-6.713969E-06,38.3535,0
2.5578,-2.517739E-05,38.367,0,2.5578,1.913481E-05,38.367,0
2.5587,-3.591974E-05,38.3805,0,2.5587,4.028382E-06,38.3805,0
2.5596,-2.316319E-05,38.394,0,2.5596,-5.740444E-05,38.394,0
2.5605,-4.53193E-05,38.4075,0,2.5605,-4.901198E-05,38.4075,0
2.5614,-3.491264E-05,38.421,0,2.5614,-4.028382E-06,38.421,0
2.5623,-1.409934E-05,38.4345,0,2.5623,-4.36408E-05,38.4345,0
2.5632,5.035477E-06,38.448,0,2.5632,-3.021286E-05,38.448,0
2.5641,-1.947051E-05,38.4615,0,2.5641,-5.035477E-06,38.4615,0
2.565,-5.001907E-05,38.475,0,2.565,-2.349889E-05,38.475,0
2.5659,-5.471885E-05,38.4885,0,2.5659,-3.155566E-05,38.4885,0
2.5668,-3.155566E-05,38.502,0,2.5668,-3.659113E-05,38.502,0
2.5677,-2.987716E-05,38.5155,0,2.5677,-1.644922E-05,38.5155,0
2.5686,-2.987716E-05,38.529,0,2.5686,8.728161E-06,38.529,0
2.5695,1.174945E-05,38.5425,0,2.5695,-7.721065E-06,38.5425,0
2.5704,2.28275E-05,38.556,0,2.5704,-3.659113E-05,38.556,0
2.5713,-2.584878E-05,38.5695,0,2.5713,3.692683E-06,38.5695,0
2.5722,-3.390555E-05,38.583,0,2.5722,-6.042573E-06,38.583,0
2.5731,2.047761E-05,38.5965,0,2.5731,-2.685588E-05,38.5965,0
2.574,1.174945E-05,38.61,0,2.574,-9.063859E-06,38.61,0
2.5749,1.007095E-06,38.6235,0,2.5749,-4.599069E-05,38.6235,0
2.5758,-2.349889E-06,38.637,0,2.5758,-5.404745E-05,38.637,0
2.5767,7.721065E-06,38.6505,0,2.5767,2.014191E-06,38.6505,0
2.5776,-4.39765E-05,38.664,0,2.5776,6.713969E-06,38.664,0
2.5785,-3.189136E-05,38.6775,0,2.5785,-1.007095E-06,38.6775,0
2.5794,3.356985E-06,38.691,0,2.5794,-3.692683E-06,38.691,0
2.5803,-1.107805E-05,38.7045,0,2.5803,-2.786297E-05,38.7045,0
2.5812,7.049668E-06,38.718,0,2.5812,3.021286E-06,38.718,0
2.5821,3.726253E-05,38.7315,0,2.5821,2.316319E-05,38.7315,0
2.583,2.047761E-05,38.745,0,2.583,-1.510643E-05,38.745,0
2.5839,1.376364E-05,38.7585,0,2.5839,-4.129091E-05,38.7585,0
2.5848,3.021286E-06,38.772,0,2.5848,-4.699779E-06,38.772,0
2.5857,-3.356985E-06,38.7855,0,2.5857,-1.913481E-05,38.7855,0
2.5866,4.36408E-06,38.799,0,2.5866,-7.318227E-05,38.799,0
2.5875,-2.18204E-05,38.8125,0,2.5875,-5.169757E-05,38.8125,0
2.5884,-1.242084E-05,38.826,0,2.5884,-3.356985E-05,38.826,0
2.5893,-2.450599E-05,38.8395,0,2.5893,-5.740444E-05,38.8395,0
2.5902,-4.46479E-05,38.853,0,2.5902,-3.088426E-05,38.853,0
2.5911,1.376364E-05,38.8665,0,2.5911,-5.035477E-06,38.8665,0
2.592,-1.007095E-06,38.88,0,2.592,-1.376364E-05,38.88,0
2.5929,-3.994812E-05,38.8935,0,2.5929,-1.443504E-05,38.8935,0
2.5938,-1.577783E-05,38.907,0,2.5938,-3.189136E-05,38.907,0
2.5947,-7.049668E-06,38.9205,0,2.5947,-2.618448E-05,38.9205,0
2.5956,-1.376364E-05,38.934,0,2.5956,-1.980621E-05,38.934,0
2.5965,-7.721065E-06,38.9475,0,2.5965,-3.860533E-05,38.9475,0
2.5974,1.712062E-05,38.961,0,2.5974,-4.599069E-05,38.961,0
2.5983,-2.081331E-05,38.9745,0,2.5983,-2.349889E-06,38.9745,0
2.5992,2.685588E-06,38.988,0,2.5992,5.572595E-05,38.988,0
2.6001,2.853437E-05,39.0015,0,2.6001,4.36408E-06,39.0015,0
2.601,-4.36408E-06,39.015,0,2.601,-8.392462E-06,39.015,0
2.6019,-9.399558E-06,39.0285,0,2.6019,-1.712062E-05,39.0285,0
2.6028,1.309224E-05,39.042,0,2.6028,-4.061952E-05,39.042,0
2.6037,2.1149E-05,39.0555,0,2.6037,-2.014191E-06,39.0555,0
2.6046,7.049668E-06,39.069,0,2.6046,4.46479E-05,39.069,0
2.6055,4.028382E-06,39.0825,0,2.6055,2.1149E-05,39.0825,0
2.6064,-3.054856E-05,39.096,0,2.6064,-4.129091E-05,39.096,0
2.6073,-3.054856E-05,39.1095,0,2.6073,-4.934768E-05,39.1095,0
2.6082,-1.242084E-05,39.123,0,2.6082,-1.846342E-05,39.123,0
2.6091,-9.063859E-06,39.1365,0,2.6091,-1.107805E-05,39.1365,0
2.61,-1.275654E-05,39.15,0,2.61,-3.189136E-05,39.15,0
2.6109,3.155566E-05,39.1635,0,2.6109,-5.606165E-05,39.1635,0
2.6118,4.028382E-05,39.177,0,2.6118,-2.887007E-05,39.177,0
2.6127,4.632639E-05,39.1905,0,2.6127,-2.920577E-05,39.1905,0
2.6136,3.591974E-05,39.204,0,2.6136,-7.116808E-05,39.204,0
2.6145,1.275654E-05,39.2175,0,2.6145,-2.316319E-05,39.2175,0
2.6154,-1.174945E-05,39.231,0,2.6154,2.987716E-05,39.231,0
2.6163,-7.721065E-06,39.2445,0,2.6163,3.256275E-05,39.2445,0
2.6172,-5.706874E-06,39.258,0,2.6172,9.399558E-06,39.258,0
2.6181,-1.846342E-05,39.2715,0,2.6181,6.713969E-07,39.2715,0
2.619,-1.577783E-05,39.285,0,2.619,-1.107805E-05,39.285,0
2.6199,-1.174945E-05,39.2985,0,2.6199,-4.867628E-05,39.2985,0
2.6208,-2.484169E-05,39.312,0,2.6208,-5.438316E-05,39.312,0
2.6217,-4.901198E-05,39.3255,0,2.6217,-2.853437E-05,39.3255,0
2.6226,-4.061952E-05,39.339,0,2.6226,-1.913481E-05,39.339,0
2.6235,-2.618448E-05,39.3525,0,2.6235,-2.954147E-05,39.3525,0
2.6244,-1.376364E-05,39.366,0,2.6244,-4.33051E-05,39.366,0
2.6253,-2.047761E-05,39.3795,0,2.6253,-6.042573E-06,39.3795,0
2.6262,1.678492E-06,39.393,0,2.6262,-1.208515E-05,39.393,0
2.6271,2.584878E-05,39.4065,0,2.6271,-3.356985E-05,39.4065,0
2.628,2.349889E-06,39.42,0,2.628,1.040665E-05,39.42,0
2.6289,-2.24918E-05,39.4335,0,2.6289,1.409934E-05,39.4335,0
2.6298,-3.860533E-05,39.447,0,2.6298,-4.129091E-05,39.447,0
2.6307,-3.625543E-05,39.4605,0,2.6307,-5.337606E-05,39.4605,0
2.6316,-1.678492E-05,39.474,0,2.6316,-2.349889E-06,39.474,0
2.6325,-4.39765E-05,39.4875,0,2.6325,-9.735256E-06,39.4875,0
2.6334,-4.028382E-05,39.501,0,2.6334,-1.947051E-05,39.501,0
2.6343,1.510643E-05,39.5145,0,2.6343,-4.196231E-05,39.5145,0
2.6352,-8.392462E-06,39.528,0,2.6352,-2.551309E-05,39.528,0
2.6361,-1.611353E-05,39.5415,0,2.6361,3.323415E-05,39.5415,0
2.637,4.36408E-06,39.555,0,2.637,-2.954147E-05,39.555,0
2.6379,1.208515E-05,39.5685,0,2.6379,-4.632639E-05,39.5685,0
2.6388,-3.659113E-05,39.582,0,2.6388,-2.1149E-05,39.582,0
2.6397,-2.551309E-05,39.5955,0,2.6397,-2.685588E-05,39.5955,0
2.6406,1.309224E-05,39.609,0,2.6406,-6.009003E-05,39.609,0
2.6415,-2.316319E-05,39.6225,0,2.6415,-1.644922E-05,39.6225,0
2.6424,5.035477E-06,39.636,0,2.6424,-1.846342E-05,39.636,0
2.6433,3.826963E-05,39.6495,0,2.6433,-4.599069E-05,39.6495,0
2.6442,-2.18204E-05,39.663,0,2.6442,-2.383459E-05,39.663,0
2.6451,-2.987716E-05,39.6765,0,2.6451,3.692683E-06,39.6765,0
2.646,1.040665E-05,39.69,0,2.646,-1.040665E-05,39.69,0
2.6469,-2.719158E-05,39.7035,0,2.6469,-2.752728E-05,39.7035,0
2.6478,-1.510643E-05,39.717,0,2.6478,-3.390555E-05,39.717,0
2.6487,5.035477E-06,39.7305,0,2.6487,-1.510643E-05,39.7305,0
2.6496,2.517739E-05,39.744,0,2.6496,-1.007095E-06,39.744,0
2.6505,1.678492E-05,39.7575,0,2.6505,-2.920577E-05,39.7575,0
2.6514,-5.371176E-06,39.771,0,2.6514,-4.599069E-05,39.771,0
2.6523,1.040665E-05,39.7845,0,2.6523,-1.611353E-05,39.7845,0
2.6532,9.735256E-06,39.798,0,2.6532,-2.517739E-05,39.798,0
2.6541,1.443504E-05,39.8115,0,2.6541,-4.934768E-05,39.8115,0
2.655,2.584878E-05,39.825,0,2.655,1.544213E-05,39.825,0
2.6559,-1.678492E-06,39.8385,0,2.6559,4.632639E-05,39.8385,0
2.6568,-1.879912E-05,39.852,0,2.6568,1.007095E-05,39.852,0
2.6577,-5.136187E-05,39.8655,0,2.6577,-3.021286E-06,39.8655,0
2.6586,-3.927672E-05,39.879,0,2.6586,1.107805E-05,39.879,0
2.6595,-4.968337E-05,39.8925,0,2.6595,4.699779E-06,39.8925,0
2.6604,-3.524834E-05,39.906,0,2.6604,1.678492E-06,39.906,0
2.6613,-3.054856E-05,39.9195,0,2.6613,-2.719158E-05,39.9195,0
2.6622,-6.378271E-06,39.933,0,2.6622,1.342794E-06,39.933,0
2.6631,-1.577783E-05,39.9465,0,2.6631,2.887007E-05,39.9465,0
2.664,-3.356985E-06,39.96,0,2.664,-2.18204E-05,39.96,0
2.6649,9.063859E-06,39.9735,0,2.6649,-4.39765E-05,39.9735,0
2.6658,-2.584878E-05,39.987,0,2.6658,-2.853437E-05,39.987,0
2.6667,-2.719158E-05,40.0005,0,2.6667,-5.304036E-05,40.0005,0
2.6676,-2.014191E-06,40.014,0,2.6676,-7.620356E-05,40.014,0
2.6685,1.409934E-05,40.0275,0,2.6685,-1.846342E-05,40.0275,0
2.6694,5.841154E-05,40.041,0,2.6694,9.735256E-06,40.041,0
2.6703,4.162661E-05,40.0545,0,2.6703,-3.054856E-05,40.0545,0
2.6712,4.766919E-05,40.068,0,2.6712,-4.867628E-05,40.068,0
2.6721,3.189136E-05,40.0815,0,2.6721,-1.007095E-05,40.0815,0
2.673,2.21561E-05,40.095,0,2.673,-2.383459E-05,40.095,0
2.6739,2.081331E-05,40.1085,0,2.6739,-3.323415E-05,40.1085,0
2.6748,4.263371E-05,40.122,0,2.6748,-2.18204E-05,40.122,0
2.6757,2.383459E-05,40.1355,0,2.6757,-2.047761E-05,40.1355,0
2.6766,-4.867628E-05,40.149,0,2.6766,-5.606165E-05,40.149,0
2.6775,-8.392462E-06,40.1625,0,2.6775,-3.894102E-05,40.1625,0
2.6784,5.035477E-06,40.176,0,2.6784,-4.39765E-05,40.176,0
2.6793,-3.524834E-05,40.1895,0,2.6793,2.349889E-06,40.1895,0
2.6802,-1.812772E-05,40.203,0,2.6802,4.061952E-05,40.203,0
2.6811,5.706874E-06,40.2165,0,2.6811,-3.256275E-05,40.2165,0
2.682,3.021286E-06,40.23,0,2.682,-1.376364E-05,40.23,0
2.6829,-2.517739E-05,40.2435,0,2.6829,-7.721065E-06,40.2435,0
2.6838,-3.726253E-05,40.257,0,2.6838,-4.229801E-05,40.257,0
2.6847,-6.54612E-05,40.2705,0,2.6847,-2.987716E-05,40.2705,0
2.6856,-4.095522E-05,40.284,0,2.6856,8.392462E-06,40.284,0
2.6865,-2.081331E-05,40.2975,0,2.6865,1.409934E-05,40.2975,0
2.6874,-2.18204E-05,40.311,0,2.6874,8.728161E-06,40.311,0
2.6883,-2.920577E-05,40.3245,0,2.6883,-5.438316E-05,40.3245,0
2.6892,-1.208515E-05,40.338,0,2.6892,-2.752728E-05,40.338,0
2.6901,3.021286E-06,40.3515,0,2.6901,1.544213E-05,40.3515,0
2.691,-1.342794E-05,40.365,0,2.691,1.174945E-05,40.365,0
2.6919,-1.007095E-06,40.3785,0,2.6919,-3.054856E-05,40.3785,0
2.6928,-3.121996E-05,40.392,0,2.6928,-1.242084E-05,40.392,0
2.6937,-1.812772E-05,40.4055,0,2.6937,-1.443504E-05,40.4055,0
2.6946,-1.040665E-05,40.419,0,2.6946,-5.941863E-05,40.419,0
2.6955,7.721065E-06,40.4325,0,2.6955,9.735256E-06,40.4325,0
2.6964,3.155566E-05,40.446,0,2.6964,3.826963E-05,40.446,0
2.6973,4.061952E-05,40.4595,0,2.6973,-4.666209E-05,40.4595,0
2.6982,3.692683E-06,40.473,0,2.6982,-3.759823E-05,40.473,0
2.6991,-1.678492E-06,40.4865,0,2.6991,4.36408E-06,40.4865,0
2.7,4.36408E-06,40.5,0,2.7,-1.040665E-05,40.5,0
2.7009,-6.713969E-06,40.5135,0,2.7009,-2.584878E-05,40.5135,0
2.7018,-1.376364E-05,40.527,0,2.7018,-5.471885E-05,40.527,0
2.7027,-1.577783E-05,40.5405,0,2.7027,-2.450599E-05,40.5405,0
2.7036,-1.007095E-06,40.554,0,2.7036,-6.042573E-06,40.554,0
2.7045,-6.378271E-06,40.5675,0,2.7045,-2.853437E-05,40.5675,0
2.7054,-3.189136E-05,40.581,0,2.7054,-4.196231E-05,40.581,0
2.7063,-3.591974E-05,40.5945,0,2.7063,-1.611353E-05,40.5945,0
2.7072,-2.24918E-05,40.608,0,2.7072,-2.047761E-05,40.608,0
2.7081,-1.510643E-05,40.6215,0,2.7081,-4.49836E-05,40.6215,0
2.709,-6.378271E-06,40.635,0,2.709,-1.510643E-05,40.635,0
2.7099,5.706874E-06,40.6485,0,2.7099,-1.242084E-05,40.6485,0
2.7108,-3.356985E-07,40.662,0,2.7108,-3.491264E-05,40.662,0
2.7117,-3.692683E-06,40.6755,0,2.7117,-2.316319E-05,40.6755,0
2.7126,-2.081331E-05,40.689,0,2.7126,1.141375E-05,40.689,0
2.7135,-3.692683E-05,40.7025,0,2.7135,-5.706874E-06,40.7025,0
2.7144,-4.46479E-05,40.716,0,2.7144,-2.014191E-05,40.716,0
2.7153,-1.913481E-05,40.7295,0,2.7153,-3.860533E-05,40.7295,0
2.7162,-1.376364E-05,40.743,0,2.7162,-1.913481E-05,40.743,0
2.7171,-5.371176E-06,40.7565,0,2.7171,-5.706874E-06,40.7565,0
2.718,1.409934E-05,40.77,0,2.718,-3.860533E-05,40.77,0
2.7189,2.24918E-05,40.7835,0,2.7189,-4.766919E-05,40.7835,0
2.7198,-1.913481E-05,40.797,0,2.7198,-1.141375E-05,40.797,0
2.7207,-3.692683E-05,40.8105,0,2.7207,-2.652018E-05,40.8105,0
2.7216,-4.36408E-06,40.824,0,2.7216,-6.277562E-05,40.824,0
2.7225,-3.256275E-05,40.8375,0,2.7225,-1.477073E-05,40.8375,0
2.7234,-4.766919E-05,40.851,0,2.7234,3.457694E-05,40.851,0
2.7243,1.846342E-05,40.8645,0,2.7243,-1.376364E-05,40.8645,0
2.7252,2.652018E-05,40.878,0,2.7252,-1.544213E-05,40.878,0
2.7261,1.007095E-06,40.8915,0,2.7261,-8.392462E-06,40.8915,0
2.727,1.376364E-05,40.905,0,2.727,-3.692683E-06,40.905,0
2.7279,1.376364E-05,40.9185,0,2.7279,-4.36408E-06,40.9185,0
2.7288,3.189136E-05,40.932,0,2.7288,-1.208515E-05,40.932,0
2.7297,5.001907E-05,40.9455,0,2.7297,-1.678492E-05,40.9455,0
2.7306,-1.577783E-05,40.959,0,2.7306,3.356985E-07,40.959,0
2.7315,-2.349889E-05,40.9725,0,2.7315,-1.443504E-05,40.9725,0
2.7324,-5.706874E-06,40.986,0,2.7324,-3.759823E-05,40.986,0
2.7333,-3.457694E-05,40.9995,0,2.7333,-8.392462E-06,40.9995,0
2.7342,-1.644922E-05,41.013,0,2.7342,-9.735256E-06,41.013,0
2.7351,1.309224E-05,41.0265,0,2.7351,-2.719158E-05,41.0265,0
2.736,2.1149E-05,41.04,0,2.736,8.392462E-06,41.04,0
2.7369,-1.174945E-05,41.0535,0,2.7369,4.699779E-06,41.0535,0
2.7378,-1.846342E-05,41.067,0,2.7378,-3.927672E-05,41.067,0
2.7387,-2.014191E-06,41.0805,0,2.7387,-2.752728E-05,41.0805,0
2.7396,-8.392462E-06,41.094,0,2.7396,-9.399558E-06,41.094,0
2.7405,-6.378271E-06,41.1075,0,2.7405,-1.309224E-05,41.1075,0
2.7414,-1.779202E-05,41.121,0,2.7414,-1.107805E-05,41.121,0
2.7423,-1.947051E-05,41.1345,0,2.7423,-2.316319E-05,41.1345,0
2.7432,-1.242084E-05,41.148,0,2.7432,-2.014191E-06,41.148,0
2.7441,-3.659113E-05,41.1615,0,2.7441,-3.692683E-06,41.1615,0
2.745,-3.659113E-05,41.175,0,2.745,-4.33051E-05,41.175,0
2.7459,-4.061952E-05,41.1885,0,2.7459,-6.61326E-05,41.1885,0
2.7468,-4.968337E-05,41.202,0,2.7468,-1.208515E-05,41.202,0
2.7477,-2.316319E-05,41.2155,0,2.7477,4.699779E-06,41.2155,0
2.7486,2.551309E-05,41.229,0,2.7486,-3.457694E-05,41.229,0
2.7495,2.719158E-05,41.2425,0,2.7495,-3.155566E-05,41.2425,0
2.7504,4.229801E-05,41.256,0,2.7504,-4.934768E-05,41.256,0
2.7513,1.040665E-05,41.2695,0,2.7513,-7.855344E-05,41.2695,0
2.7522,-1.980621E-05,41.283,0,2.7522,-6.109713E-05,41.283,0
2.7531,-3.021286E-05,41.2965,0,2.7531,-9.063859E-06,41.2965,0
2.754,-9.063859E-06,41.31,0,2.754,1.007095E-06,41.31,0
2.7549,3.692683E-06,41.3235,0,2.7549,-1.947051E-05,41.3235,0
2.7558,2.014191E-06,41.337,0,2.7558,-3.189136E-05,41.337,0
2.7567,1.712062E-05,41.3505,0,2.7567,-2.551309E-05,41.3505,0
2.7576,1.577783E-05,41.364,0,2.7576,-2.954147E-05,41.364,0
2.7585,-7.049668E-06,41.3775,0,2.7585,-4.39765E-05,41.3775,0
2.7594,4.162661E-05,41.391,0,2.7594,-3.591974E-05,41.391,0
2.7603,2.047761E-05,41.4045,0,2.7603,4.934768E-05,41.4045,0
2.7612,-3.256275E-05,41.418,0,2.7612,6.64683E-05,41.418,0
2.7621,2.1149E-05,41.4315,0,2.7621,-3.390555E-05,41.4315,0
2.763,2.584878E-05,41.445,0,2.763,-1.678492E-05,41.445,0
2.7639,-3.356985E-07,41.4585,0,2.7639,-1.980621E-05,41.4585,0
2.7648,1.040665E-05,41.472,0,2.7648,-5.606165E-05,41.472,0
2.7657,-6.713969E-07,41.4855,0,2.7657,-5.069047E-05,41.4855,0
2.7666,-1.174945E-05,41.499,0,2.7666,-9.735256E-06,41.499,0
2.7675,-1.846342E-05,41.5125,0,2.7675,3.356985E-06,41.5125,0
2.7684,-1.779202E-05,41.526,0,2.7684,-3.021286E-06,41.526,0
2.7693,-1.745632E-05,41.5395,0,2.7693,-2.316319E-05,41.5395,0
2.7702,-3.289845E-05,41.553,0,2.7702,-1.678492E-05,41.553,0
2.7711,-3.524834E-05,41.5665,0,2.7711,-1.678492E-06,41.5665,0
2.772,-4.263371E-05,41.58,0,2.772,-2.652018E-05,41.58,0
2.7729,-3.390555E-05,41.5935,0,2.7729,-3.558404E-05,41.5935,0
2.7738,-2.28275E-05,41.607,0,2.7738,-3.021286E-06,41.607,0
2.7747,-1.980621E-05,41.6205,0,2.7747,-1.007095E-06,41.6205,0
2.7756,-2.484169E-05,41.634,0,2.7756,-3.726253E-05,41.634,0
2.7765,-2.819867E-05,41.6475,0,2.7765,-1.242084E-05,41.6475,0
2.7774,-9.063859E-06,41.661,0,2.7774,-4.699779E-06,41.661,0
2.7783,-1.007095E-06,41.6745,0,2.7783,-3.457694E-05,41.6745,0
2.7792,-1.443504E-05,41.688,0,2.7792,-3.457694E-05,41.688,0
2.7801,-6.378271E-06,41.7015,0,2.7801,3.356985E-07,41.7015,0
2.781,1.913481E-05,41.715,0,2.781,-1.779202E-05,41.715,0
2.7819,-1.846342E-05,41.7285,0,2.7819,-1.544213E-05,41.7285,0
2.7828,9.735256E-06,41.742,0,2.7828,-2.618448E-05,41.742,0
2.7837,4.229801E-05,41.7555,0,2.7837,-1.712062E-05,41.7555,0
2.7846,1.174945E-05,41.769,0,2.7846,-1.745632E-05,41.769,0
2.7855,-1.141375E-05,41.7825,0,2.7855,-4.061952E-05,41.7825,0
2.7864,-2.517739E-05,41.796,0,2.7864,-5.236896E-05,41.796,0
2.7873,-6.478981E-05,41.8095,0,2.7873,-3.356985E-06,41.8095,0
2.7882,-6.6804E-05,41.823,0,2.7882,-1.007095E-06,41.823,0
2.7891,-1.577783E-05,41.8365,0,2.7891,-4.46479E-05,41.8365,0
2.79,4.36408E-06,41.85,0,2.79,-5.706874E-06,41.85,0
2.7909,-3.692683E-06,41.8635,0,2.7909,-7.721065E-06,41.8635,0
2.7918,-1.947051E-05,41.877,0,2.7918,-4.36408E-05,41.877,0
2.7927,2.24918E-05,41.8905,0,2.7927,-6.378271E-06,41.8905,0
2.7936,3.054856E-05,41.904,0,2.7936,2.417029E-05,41.904,0
2.7945,4.229801E-05,41.9175,0,2.7945,4.901198E-05,41.9175,0
2.7954,1.577783E-05,41.931,0,2.7954,-1.242084E-05,41.931,0
2.7963,-1.040665E-05,41.9445,0,2.7963,-4.46479E-05,41.9445,0
2.7972,4.028382E-06,41.958,0,2.7972,-5.035477E-05,41.958,0
2.7981,-2.450599E-05,41.9715,0,2.7981,-4.934768E-05,41.9715,0
2.799,-2.853437E-05,41.985,0,2.799,-1.644922E-05,41.985,0
2.7999,2.450599E-05,41.9985,0,2.7999,-1.409934E-05,41.9985,0
2.8008,2.316319E-05,42.012,0,2.8008,1.040665E-05,42.012,0
2.8017,1.913481E-05,42.0255,0,2.8017,-1.779202E-05,42.0255,0
2.8026,3.323415E-05,42.039,0,2.8026,-2.786297E-05,42.039,0
2.8035,1.342794E-06,42.0525,0,2.8035,3.256275E-05,42.0525,0
2.8044,1.107805E-05,42.066,0,2.8044,5.035477E-06,42.066,0
2.8053,1.342794E-05,42.0795,0,2.8053,-5.606165E-05,42.0795,0
2.8062,-1.174945E-05,42.093,0,2.8062,-4.49836E-05,42.093,0
2.8071,-3.793393E-05,42.1065,0,2.8071,-1.040665E-05,42.1065,0
2.808,-1.980621E-05,42.12,0,2.808,-1.712062E-05,42.12,0
2.8089,1.007095E-06,42.1335,0,2.8089,8.392462E-06,42.1335,0
2.8098,-2.618448E-05,42.147,0,2.8098,-2.047761E-05,42.147,0
2.8107,-1.443504E-05,42.1605,0,2.8107,-1.745632E-05,42.1605,0
2.8116,1.779202E-05,42.174,0,2.8116,-1.846342E-05,42.174,0
2.8125,5.706874E-06,42.1875,0,2.8125,-4.33051E-05,42.1875,0
2.8134,-5.035477E-06,42.201,0,2.8134,-5.102617E-05,42.201,0
2.8143,1.007095E-06,42.2145,0,2.8143,-1.913481E-05,42.2145,0
2.8152,1.309224E-05,42.228,0,2.8152,-2.18204E-05,42.228,0
2.8161,6.378271E-06,42.2415,0,2.8161,-4.53193E-05,42.2415,0
2.817,-2.584878E-05,42.255,0,2.817,-7.721065E-06,42.255,0
2.8179,3.356985E-07,42.2685,0,2.8179,1.376364E-05,42.2685,0
2.8188,4.36408E-06,42.282,0,2.8188,-1.174945E-05,42.282,0
2.8197,-2.18204E-05,42.2955,0,2.8197,-3.121996E-05,42.2955,0
2.8206,-1.879912E-05,42.309,0,2.8206,1.342794E-06,42.309,0
2.8215,-2.652018E-05,42.3225,0,2.8215,-2.047761E-05,42.3225,0
2.8224,-2.349889E-05,42.336,0,2.8224,-3.591974E-05,42.336,0
2.8233,-2.21561E-05,42.3495,0,2.8233,-4.934768E-05,42.3495,0
2.8242,-1.712062E-05,42.363,0,2.8242,-1.577783E-05,42.363,0
2.8251,-2.920577E-05,42.3765,0,2.8251,3.356985E-06,42.3765,0
2.826,-3.121996E-05,42.39,0,2.826,-5.001907E-05,42.39,0
2.8269,-2.618448E-05,42.4035,0,2.8269,-3.860533E-05,42.4035,0
2.8278,-3.927672E-05,42.417,0,2.8278,8.392462E-06,42.417,0
2.8287,-2.954147E-05,42.4305,0,2.8287,-1.074235E-05,42.4305,0
2.8296,6.378271E-06,42.444,0,2.8296,-4.632639E-05,42.444,0
2.8305,-1.644922E-05,42.4575,0,2.8305,-7.385367E-06,42.4575,0
2.8314,-6.713969E-07,42.471,0,2.8314,9.063859E-06,42.471,0
2.8323,2.081331E-05,42.4845,0,2.8323,-2.584878E-05,42.4845,0
2.8332,-3.356985E-06,42.498,0,2.8332,-1.544213E-05,42.498,0
2.8341,-2.987716E-05,42.5115,0,2.8341,-6.042573E-06,42.5115,0
2.835,1.242084E-05,42.525,0,2.835,-1.443504E-05,42.525,0
2.8359,-1.107805E-05,42.5385,0,2.8359,-1.342794E-05,42.5385,0
2.8368,-3.256275E-05,42.552,0,2.8368,-2.450599E-05,42.552,0
2.8377,-7.721065E-06,42.5655,0,2.8377,-1.242084E-05,42.5655,0
2.8386,-6.713969E-07,42.579,0,2.8386,-1.577783E-05,42.579,0
2.8395,4.36408E-06,42.5925,0,2.8395,-2.316319E-05,42.5925,0
2.8404,1.510643E-05,42.606,0,2.8404,-1.242084E-05,42.606,0
2.8413,9.735256E-06,42.6195,0,2.8413,1.846342E-05,42.6195,0
2.8422,1.242084E-05,42.633,0,2.8422,-1.342794E-05,42.633,0
2.8431,5.035477E-05,42.6465,0,2.8431,-5.069047E-05,42.6465,0
2.844,2.349889E-06,42.66,0,2.844,-3.726253E-05,42.66,0
2.8449,-3.692683E-05,42.6735,0,2.8449,-4.33051E-05,42.6735,0
2.8458,-1.107805E-05,42.687,0,2.8458,-5.471885E-05,42.687,0
2.8467,4.36408E-06,42.7005,0,2.8467,-6.881819E-05,42.7005,0
2.8476,-1.846342E-05,42.714,0,2.8476,-3.390555E-05,42.714,0
2.8485,1.477073E-05,42.7275,0,2.8485,1.846342E-05,42.7275,0
2.8494,-1.510643E-05,42.741,0,2.8494,1.812772E-05,42.741,0
2.8503,-4.49836E-05,42.7545,0,2.8503,-2.719158E-05,42.7545,0
2.8512,-5.874724E-05,42.768,0,2.8512,-2.551309E-05,42.768,0
2.8521,-6.51255E-05,42.7815,0,2.8521,-1.007095E-06,42.7815,0
2.853,-2.450599E-05,42.795,0,2.853,-3.323415E-05,42.795,0
2.8539,-2.987716E-05,42.8085,0,2.8539,-4.29694E-05,42.8085,0
2.8548,-2.24918E-05,42.822,0,2.8548,1.309224E-05,42.822,0
2.8557,2.24918E-05,42.8355,0,2.8557,-1.208515E-05,42.8355,0
2.8566,3.424125E-05,42.849,0,2.8566,-3.121996E-05,42.849,0
2.8575,2.652018E-05,42.8625,0,2.8575,1.544213E-05,42.8625,0
2.8584,1.779202E-05,42.876,0,2.8584,1.174945E-05,42.876,0
2.8593,-5.706874E-06,42.8895,0,2.8593,-1.947051E-05,42.8895,0
2.8602,-2.316319E-05,42.903,0,2.8602,-1.712062E-05,42.903,0
2.8611,-1.544213E-05,42.9165,0,2.8611,-1.040665E-05,42.9165,0
2.862,-2.551309E-05,42.93,0,2.862,-3.054856E-05,42.93,0
2.8629,-8.392462E-06,42.9435,0,2.8629,-2.047761E-05,42.9435,0
2.8638,8.392462E-06,42.957,0,2.8638,-2.987716E-05,42.957,0
2.8647,3.994812E-05,42.9705,0,2.8647,-1.712062E-05,42.9705,0
2.8656,2.652018E-05,42.984,0,2.8656,-7.049668E-06,42.984,0
2.8665,1.779202E-05,42.9975,0,2.8665,-1.577783E-05,42.9975,0
2.8674,3.591974E-05,43.011,0,2.8674,-2.316319E-05,43.011,0
2.8683,1.342794E-06,43.0245,0,2.8683,3.021286E-06,43.0245,0
2.8692,-9.063859E-06,43.038,0,2.8692,-9.063859E-06,43.038,0
2.8701,2.450599E-05,43.0515,0,2.8701,-4.632639E-05,43.0515,0
2.871,-1.242084E-05,43.065,0,2.871,-4.33051E-05,43.065,0
2.8719,-3.088426E-05,43.0785,0,2.8719,-5.874724E-05,43.0785,0
2.8728,-3.256275E-05,43.092,0,2.8728,-9.835965E-05,43.092,0
2.8737,-2.819867E-05,43.1055,0,2.8737,-6.311131E-05,43.1055,0
2.8746,-1.678492E-05,43.119,0,2.8746,-2.24918E-05,43.119,0
2.8755,-8.728161E-06,43.1325,0,2.8755,2.517739E-05,43.1325,0
2.8764,-2.652018E-05,43.146,0,2.8764,4.901198E-05,43.146,0
2.8773,1.846342E-05,43.1595,0,2.8773,-1.409934E-05,43.1595,0
2.8782,1.980621E-05,43.173,0,2.8782,-1.577783E-05,43.173,0
2.8791,4.36408E-06,43.1865,0,2.8791,6.042573E-06,43.1865,0
2.88,-8.392462E-06,43.2,0,2.88,-1.947051E-05,43.2,0
2.8809,0,43.2135,0,2.8809,-1.510643E-05,43.2135,0
2.8818,-1.477073E-05,43.227,0,2.8818,9.063859E-06,43.227,0
2.8827,-2.786297E-05,43.2405,0,2.8827,3.021286E-06,43.2405,0
2.8836,2.349889E-06,43.254,0,2.8836,-4.229801E-05,43.254,0
2.8845,-7.721065E-06,43.2675,0,2.8845,-4.36408E-06,43.2675,0
2.8854,-2.752728E-05,43.281,0,2.8854,1.712062E-05,43.281,0
2.8863,-1.913481E-05,43.2945,0,2.8863,-3.524834E-05,43.2945,0
2.8872,-1.174945E-05,43.308,0,2.8872,-4.599069E-05,43.308,0
2.8881,-4.934768E-05,43.3215,0,2.8881,-2.1149E-05,43.3215,0
2.889,-6.378271E-05,43.335,0,2.889,-3.491264E-05,43.335,0
2.8899,-3.054856E-05,43.3485,0,2.8899,-2.920577E-05,43.3485,0
2.8908,-1.141375E-05,43.362,0,2.8908,-2.819867E-05,43.362,0
2.8917,-9.735256E-06,43.3755,0,2.8917,-6.713969E-07,43.3755,0
2.8926,1.007095E-06,43.389,0,2.8926,1.275654E-05,43.389,0
2.8935,1.242084E-05,43.4025,0,2.8935,-1.779202E-05,43.4025,0
2.8944,2.316319E-05,43.416,0,2.8944,-2.652018E-05,43.416,0
2.8953,9.735256E-06,43.4295,0,2.8953,8.392462E-06,43.4295,0
2.8962,2.685588E-06,43.443,0,2.8962,-7.385367E-06,43.443,0
2.8971,1.309224E-05,43.4565,0,2.8971,-3.659113E-05,43.4565,0
2.898,-1.779202E-05,43.47,0,2.898,-2.081331E-05,43.47,0
2.8989,-1.577783E-05,43.4835,0,2.8989,-2.719158E-05,43.4835,0
2.8998,-1.812772E-05,43.497,0,2.8998,-5.941863E-05,43.497,0
2.9007,2.349889E-06,43.5105,0,2.9007,-2.887007E-05,43.5105,0
2.9016,-6.378271E-06,43.524,0,2.9016,1.376364E-05,43.524,0
2.9025,-1.174945E-05,43.5375,0,2.9025,-4.36408E-06,43.5375,0
2.9034,-4.699779E-06,43.551,0,2.9034,-2.18204E-05,43.551,0
2.9043,2.1149E-05,43.5645,0,2.9043,-3.457694E-05,43.5645,0
2.9052,3.927672E-05,43.578,0,2.9052,-1.275654E-05,43.578,0
2.9061,3.289845E-05,43.5915,0,2.9061,-3.323415E-05,43.5915,0
2.907,5.740444E-05,43.605,0,2.907,-4.800488E-05,43.605,0
2.9079,3.390555E-05,43.6185,0,2.9079,-5.304036E-05,43.6185,0
2.9088,-4.33051E-05,43.632,0,2.9088,-4.36408E-06,43.632,0
2.9097,-4.29694E-05,43.6455,0,2.9097,-6.713969E-07,43.6455,0
2.9106,-2.719158E-05,43.659,0,2.9106,-1.107805E-05,43.659,0
2.9115,-2.584878E-05,43.6725,0,2.9115,1.040665E-05,43.6725,0
2.9124,-1.980621E-05,43.686,0,2.9124,8.392462E-06,43.686,0
2.9133,-6.378271E-06,43.6995,0,2.9133,-3.524834E-05,43.6995,0
2.9142,-1.342794E-05,43.713,0,2.9142,-3.121996E-05,43.713,0
2.9151,-5.304036E-05,43.7265,0,2.9151,-5.035477E-06,43.7265,0
2.916,-5.807584E-05,43.74,0,2.916,-2.1149E-05,43.74,0
2.9169,-4.800488E-05,43.7535,0,2.9169,-1.779202E-05,43.7535,0
2.9178,-5.673304E-05,43.767,0,2.9178,-3.994812E-05,43.767,0
2.9187,-5.102617E-05,43.7805,0,2.9187,-2.18204E-05,43.7805,0
2.9196,-4.39765E-05,43.794,0,2.9196,-6.042573E-06,43.794,0
2.9205,-4.196231E-05,43.8075,0,2.9205,-1.678492E-05,43.8075,0
2.9214,6.378271E-06,43.821,0,2.9214,-3.860533E-05,43.821,0
2.9223,1.275654E-05,43.8345,0,2.9223,-5.371176E-06,43.8345,0
2.9232,2.987716E-05,43.848,0,2.9232,-9.735256E-06,43.848,0
2.9241,4.39765E-05,43.8615,0,2.9241,-4.028382E-05,43.8615,0
2.925,1.510643E-05,43.875,0,2.925,-4.699779E-06,43.875,0
2.9259,4.028382E-05,43.8885,0,2.9259,1.242084E-05,43.8885,0
2.9268,3.860533E-05,43.902,0,2.9268,-2.28275E-05,43.902,0
2.9277,4.699779E-06,43.9155,0,2.9277,-3.121996E-05,43.9155,0
2.9286,-1.007095E-05,43.929,0,2.9286,-3.021286E-06,43.929,0
2.9295,-1.812772E-05,43.9425,0,2.9295,-1.309224E-05,43.9425,0
2.9304,-9.063859E-06,43.956,0,2.9304,-2.014191E-05,43.956,0
2.9313,-5.706874E-06,43.9695,0,2.9313,-3.390555E-05,43.9695,0
2.9322,-8.392462E-06,43.983,0,2.9322,-3.189136E-05,43.983,0
2.9331,-9.735256E-06,43.9965,0,2.9331,-2.920577E-05,43.9965,0
2.934,-1.275654E-05,44.01,0,2.934,-6.076142E-05,44.01,0
2.9349,8.728161E-06,44.0235,0,2.9349,-5.505455E-05,44.0235,0
2.9358,7.049668E-06,44.037,0,2.9358,5.606165E-05,44.037,0
2.9367,3.356985E-07,44.0505,0,2.9367,5.169757E-05,44.0505,0
2.9376,-5.035477E-06,44.064,0,2.9376,-1.745632E-05,44.064,0
2.9385,-1.409934E-05,44.0775,0,2.9385,-5.706874E-06,44.0775,0
2.9394,1.913481E-05,44.091,0,2.9394,-2.349889E-06,44.091,0
2.9403,6.378271E-06,44.1045,0,2.9403,-4.162661E-05,44.1045,0
2.9412,-3.189136E-05,44.118,0,2.9412,-4.565499E-05,44.118,0
2.9421,-4.46479E-05,44.1315,0,2.9421,5.035477E-06,44.1315,0
2.943,-3.524834E-05,44.145,0,2.943,2.450599E-05,44.145,0
2.9439,-4.46479E-05,44.1585,0,2.9439,1.174945E-05,44.1585,0
2.9448,1.007095E-05,44.172,0,2.9448,-3.356985E-05,44.172,0
2.9457,4.800488E-05,44.1855,0,2.9457,-7.821774E-05,44.1855,0
2.9466,4.263371E-05,44.199,0,2.9466,-2.18204E-05,44.199,0
2.9475,1.980621E-05,44.2125,0,2.9475,-6.378271E-06,44.2125,0
2.9484,1.040665E-05,44.226,0,2.9484,-4.095522E-05,44.226,0
2.9493,-1.980621E-05,44.2395,0,2.9493,-3.021286E-06,44.2395,0
2.9502,-4.699779E-06,44.253,0,2.9502,-1.007095E-05,44.253,0
2.9511,1.174945E-05,44.2665,0,2.9511,-5.136187E-05,44.2665,0
2.952,-1.242084E-05,44.28,0,2.952,-1.846342E-05,44.28,0
2.9529,2.349889E-06,44.2935,0,2.9529,-1.879912E-05,44.2935,0
2.9538,1.644922E-05,44.307,0,2.9538,-6.6804E-05,44.307,0
2.9547,-3.591974E-05,44.3205,0,2.9547,-5.371176E-05,44.3205,0
2.9556,-5.404745E-05,44.334,0,2.9556,-3.323415E-05,44.334,0
2.9565,-3.021286E-06,44.3475,0,2.9565,-3.524834E-05,44.3475,0
2.9574,1.309224E-05,44.361,0,2.9574,-4.263371E-05,44.361,0
2.9583,-8.392462E-06,44.3745,0,2.9583,-7.721065E-06,44.3745,0
2.9592,-3.692683E-06,44.388,0,2.9592,3.021286E-05,44.388,0
2.9601,5.035477E-06,44.4015,0,2.9601,2.584878E-05,44.4015,0
2.961,-5.371176E-06,44.415,0,2.961,-3.356985E-07,44.415,0
2.9619,-4.36408E-06,44.4285,0,2.9619,-3.054856E-05,44.4285,0
2.9628,-1.376364E-05,44.442,0,2.9628,-1.242084E-05,44.442,0
2.9637,-2.752728E-05,44.4555,0,2.9637,-2.819867E-05,44.4555,0
2.9646,-6.378271E-06,44.469,0,2.9646,-3.356985E-05,44.469,0
2.9655,-3.356985E-07,44.4825,0,2.9655,2.584878E-05,44.4825,0
2.9664,-5.706874E-06,44.496,0,2.9664,3.692683E-06,44.496,0
2.9673,-9.399558E-06,44.5095,0,2.9673,-3.659113E-05,44.5095,0
2.9682,-1.007095E-06,44.523,0,2.9682,-3.155566E-05,44.523,0
2.9691,-6.713969E-06,44.5365,0,2.9691,-3.021286E-06,44.5365,0
2.97,6.378271E-06,44.55,0,2.97,-3.356985E-07,44.55,0
2.9709,1.678492E-06,44.5635,0,2.9709,-8.392462E-06,44.5635,0
2.9718,-2.18204E-05,44.577,0,2.9718,-5.035477E-05,44.577,0
2.9727,-1.107805E-05,44.5905,0,2.9727,-2.652018E-05,44.5905,0
2.9736,1.644922E-05,44.604,0,2.9736,1.141375E-05,44.604,0
2.9745,2.24918E-05,44.6175,0,2.9745,-2.450599E-05,44.6175,0
2.9754,2.349889E-06,44.631,0,2.9754,-6.64683E-05,44.631,0
2.9763,-2.1149E-05,44.6445,0,2.9763,-2.853437E-05,44.6445,0
2.9772,-2.517739E-05,44.658,0,2.9772,-5.304036E-05,44.658,0
2.9781,-2.652018E-05,44.6715,0,2.9781,-7.754635E-05,44.6715,0
2.979,-4.733349E-05,44.685,0,2.979,-1.611353E-05,44.685,0
2.9799,-2.450599E-05,44.6985,0,2.9799,3.356985E-06,44.6985,0
2.9808,-8.392462E-06,44.712,0,2.9808,-1.107805E-05,44.712,0
2.9817,-1.443504E-05,44.7255,0,2.9817,-7.721065E-06,44.7255,0
2.9826,-6.713969E-07,44.739,0,2.9826,-6.378271E-06,44.739,0
2.9835,9.735256E-06,44.7525,0,2.9835,-1.678492E-05,44.7525,0
2.9844,-1.141375E-05,44.766,0,2.9844,-7.049668E-06,44.766,0
2.9853,1.846342E-05,44.7795,0,2.9853,-4.028382E-06,44.7795,0
2.9862,3.793393E-05,44.793,0,2.9862,1.342794E-06,44.793,0
2.9871,-3.021286E-06,44.8065,0,2.9871,-1.007095E-05,44.8065,0
2.988,-2.719158E-05,44.82,0,2.988,-3.189136E-05,44.82,0
2.9889,-3.894102E-05,44.8335,0,2.9889,-3.826963E-05,44.8335,0
2.9898,-5.136187E-05,44.847,0,2.9898,-3.591974E-05,44.847,0
2.9907,-4.699779E-05,44.8605,0,2.9907,-3.994812E-05,44.8605,0
2.9916,-2.316319E-05,44.874,0,2.9916,-4.666209E-05,44.874,0
2.9925,-3.591974E-05,44.8875,0,2.9925,3.356985E-07,44.8875,0
2.9934,-1.242084E-05,44.901,0,2.9934,1.342794E-05,44.901,0
2.9943,-1.376364E-05,44.9145,0,2.9943,-2.21561E-05,44.9145,0
2.9952,2.987716E-05,44.928,0,2.9952,-2.786297E-05,44.928,0
2.9961,7.721065E-06,44.9415,0,2.9961,-7.049668E-06,44.9415,0
2.997,-2.618448E-05,44.955,0,2.997,-2.18204E-05,44.955,0
2.9979,-1.779202E-05,44.9685,0,2.9979,-1.779202E-05,44.9685,0
2.9988,-1.779202E-05,44.982,0,2.9988,-2.1149E-05,44.982,0
2.9997,-7.385367E-06,44.9955,0,2.9997,-3.021286E-06,44.9955,0
3.0006,0,45.009,0,3.0006,2.383459E-05,45.009,0
3.0015,-1.644922E-05,45.0225,0,3.0015,-1.577783E-05,45.0225,0
3.0024,-1.309224E-05,45.036,0,3.0024,-3.424125E-05,45.036,0
3.0033,-1.040665E-05,45.0495,0,3.0033,-1.040665E-05,45.0495,0
3.0042,3.021286E-06,45.063,0,3.0042,-2.383459E-05,45.063,0
3.0051,2.450599E-05,45.0765,0,3.0051,-5.874724E-05,45.0765,0
3.006,1.846342E-05,45.09,0,3.006,-1.242084E-05,45.09,0
3.0069,9.735256E-06,45.1035,0,3.0069,4.028382E-06,45.1035,0
3.0078,-9.399558E-06,45.117,0,3.0078,-1.913481E-05,45.117,0
3.0087,-2.887007E-05,45.1305,0,3.0087,-2.383459E-05,45.1305,0
3.0096,-2.652018E-05,45.144,0,3.0096,-1.208515E-05,45.144,0
3.0105,-4.263371E-05,45.1575,0,3.0105,-6.713969E-07,45.1575,0
3.0114,-8.728161E-06,45.171,0,3.0114,3.054856E-05,45.171,0
3.0123,2.383459E-05,45.1845,0,3.0123,4.968337E-05,45.1845,0
3.0132,3.927672E-05,45.198,0,3.0132,1.477073E-05,45.198,0
3.0141,2.450599E-05,45.2115,0,3.0141,1.342794E-06,45.2115,0
3.015,9.399558E-06,45.225,0,3.015,-4.33051E-05,45.225,0
3.0159,9.399558E-06,45.2385,0,3.0159,-9.164568E-05,45.2385,0
3.0168,-6.713969E-06,45.252,0,3.0168,-4.095522E-05,45.252,0
3.0177,-1.712062E-05,45.2655,0,3.0177,-3.692683E-05,45.2655,0
3.0186,5.035477E-06,45.279,0,3.0186,-6.076142E-05,45.279,0
3.0195,-5.035477E-06,45.2925,0,3.0195,-5.706874E-06,45.2925,0
3.0204,3.356985E-07,45.306,0,3.0204,-1.242084E-05,45.306,0
3.0213,-6.042573E-06,45.3195,0,3.0213,-4.39765E-05,45.3195,0
3.0222,1.309224E-05,45.333,0,3.0222,-4.196231E-05,45.333,0
3.0231,-1.007095E-06,45.3465,0,3.0231,-6.042573E-06,45.3465,0
3.024,2.081331E-05,45.36,0,3.024,-1.913481E-05,45.36,0
3.0249,-1.174945E-05,45.3735,0,3.0249,-2.316319E-05,45.3735,0
3.0258,-2.584878E-05,45.387,0,3.0258,-4.800488E-05,45.387,0
3.0267,-1.846342E-05,45.4005,0,3.0267,-1.376364E-05,45.4005,0
3.0276,-5.136187E-05,45.414,0,3.0276,2.014191E-06,45.414,0
3.0285,-4.095522E-05,45.4275,0,3.0285,-1.879912E-05,45.4275,0
3.0294,-2.450599E-05,45.441,0,3.0294,-4.800488E-05,45.441,0
3.0303,-4.867628E-05,45.4545,0,3.0303,-8.728161E-06,45.4545,0
3.0312,-3.457694E-05,45.468,0,3.0312,-1.007095E-06,45.468,0
3.0321,-1.678492E-06,45.4815,0,3.0321,-3.591974E-05,45.4815,0
3.033,-1.712062E-05,45.495,0,3.033,-3.692683E-06,45.495,0
3.0339,1.040665E-05,45.5085,0,3.0339,1.980621E-05,45.5085,0
3.0348,3.021286E-06,45.522,0,3.0348,-3.524834E-05,45.522,0
3.0357,-1.040665E-05,45.5355,0,3.0357,-3.054856E-05,45.5355,0
3.0366,-3.356985E-05,45.549,0,3.0366,1.644922E-05,45.549,0
3.0375,-9.735256E-06,45.5625,0,3.0375,6.378271E-06,45.5625,0
3.0384,2.920577E-05,45.576,0,3.0384,1.443504E-05,45.576,0
3.0393,1.712062E-05,45.5895,0,3.0393,-2.652018E-05,45.5895,0
3.0402,8.392462E-06,45.603,0,3.0402,-3.323415E-05,45.603,0
3.0411,4.061952E-05,45.6165,0,3.0411,-5.706874E-06,45.6165,0
3.042,2.786297E-05,45.63,0,3.042,-4.39765E-05,45.63,0
3.0429,2.21561E-05,45.6435,0,3.0429,-5.337606E-05,45.6435,0
3.0438,-8.392462E-06,45.657,0,3.0438,-4.36408E-06,45.657,0
3.0447,-8.728161E-06,45.6705,0,3.0447,-6.378271E-06,45.6705,0
3.0456,8.392462E-06,45.684,0,3.0456,-3.424125E-05,45.684,0
3.0465,1.007095E-05,45.6975,0,3.0465,-6.378271E-06,45.6975,0
3.0474,3.692683E-06,45.711,0,3.0474,0,45.711,0
3.0483,-1.174945E-05,45.7245,0,3.0483,-5.203327E-05,45.7245,0
3.0492,-9.399558E-06,45.738,0,3.0492,-6.54612E-05,45.738,0
3.0501,-1.309224E-05,45.7515,0,3.0501,-5.136187E-05,45.7515,0
3.051,-2.316319E-05,45.765,0,3.051,-5.673304E-05,45.765,0
3.0519,-1.309224E-05,45.7785,0,3.0519,-3.054856E-05,45.7785,0
3.0528,-6.378271E-06,45.792,0,3.0528,1.107805E-05,45.792,0
3.0537,-3.524834E-05,45.8055,0,3.0537,5.606165E-05,45.8055,0
3.0546,-2.853437E-05,45.819,0,3.0546,5.941863E-05,45.819,0
3.0555,-6.378271E-06,45.8325,0,3.0555,2.920577E-05,45.8325,0
3.0564,9.063859E-06,45.846,0,3.0564,9.399558E-06,45.846,0
3.0573,-3.894102E-05,45.8595,0,3.0573,3.894102E-05,45.8595,0
3.0582,-6.64683E-05,45.873,0,3.0582,-3.121996E-05,45.873,0
3.0591,-4.632639E-05,45.8865,0,3.0591,-8.291753E-05,45.8865,0
3.06,-2.954147E-05,45.9,0,3.06,-2.450599E-05,45.9,0
3.0609,1.040665E-05,45.9135,0,3.0609,-4.061952E-05,45.9135,0
3.0618,4.766919E-05,45.927,0,3.0618,-5.639734E-05,45.927,0
3.0627,1.275654E-05,45.9405,0,3.0627,-3.826963E-05,45.9405,0
3.0636,-1.913481E-05,45.954,0,3.0636,-1.242084E-05,45.954,0
3.0645,4.699779E-06,45.9675,0,3.0645,-7.049668E-06,45.9675,0
3.0654,-2.18204E-05,45.981,0,3.0654,-2.685588E-05,45.981,0
3.0663,-2.987716E-05,45.9945,0,3.0663,-4.39765E-05,45.9945,0
3.0672,-2.349889E-06,46.008,0,3.0672,-2.920577E-05,46.008,0
3.0681,1.745632E-05,46.0215,0,3.0681,-1.913481E-05,46.0215,0
3.069,6.713969E-07,46.035,0,3.069,-4.095522E-05,46.035,0
3.0699,-1.007095E-06,46.0485,0,3.0699,-5.203327E-05,46.0485,0
3.0708,-1.678492E-06,46.062,0,3.0708,-1.141375E-05,46.062,0
3.0717,-2.719158E-05,46.0755,0,3.0717,-2.752728E-05,46.0755,0
3.0726,-1.174945E-05,46.089,0,3.0726,-3.323415E-05,46.089,0
3.0735,-3.692683E-06,46.1025,0,3.0735,-2.584878E-05,46.1025,0
3.0744,-1.712062E-05,46.116,0,3.0744,-2.786297E-05,46.116,0
3.0753,-8.392462E-06,46.1295,0,3.0753,-6.411841E-05,46.1295,0
3.0762,-9.735256E-06,46.143,0,3.0762,-5.740444E-05,46.143,0
3.0771,-1.644922E-05,46.1565,0,3.0771,1.510643E-05,46.1565,0
3.078,0,46.17,0,3.078,0,46.17,0
3.0789,0,46.1835,0,3.0789,0,46.1835,0
3.0798,0,46.197,0,3.0798,0,46.197,0
3.0807,0,46.2105,0,3.0807,0,46.2105,0
3.0816,0,46.224,0,3.0816,0,46.224,0
3.0825,0,46.2375,0,3.0825,0,46.2375,0
3.0834,0,46.251,0,3.0834,0,46.251,0
3.0843,0,46.2645,0,3.0843,0,46.2645,0
3.0852,0,46.278,0,3.0852,0,46.278,0
3.0861,0,46.2915,0,3.0861,0,46.2915,0
3.087,0,46.305,0,3.087,0,46.305,0
3.0879,0,46.3185,0,3.0879,0,46.3185,0
3.0888,0,46.332,0,3.0888,0,46.332,0
3.0897,0,46.3455,0,3.0897,0,46.3455,0
3.0906,0,46.359,0,3.0906,0,46.359,0
3.0915,0,46.3725,0,3.0915,0,46.3725,0
3.0924,0,46.386,0,3.0924,0,46.386,0
3.0933,0,46.3995,0,3.0933,0,46.3995,0
3.0942,0,46.413,0,3.0942,0,46.413,0
3.0951,0,46.4265,0,3.0951,0,46.4265,0
3.096,0,46.44,0,3.096,0,46.44,0
3.0969,0,46.4535,0,3.0969,0,46.4535,0
3.0978,0,46.467,0,3.0978,0,46.467,0
3.0987,0,46.4805,0,3.0987,0,46.4805,0
3.0996,0,46.494,0,3.0996,0,46.494,0
3.1005,0,46.5075,0,3.1005,0,46.5075,0
3.1014,0,46.521,0,3.1014,0,46.521,0
3.1023,0,46.5345,0,3.1023,0,46.5345,0
3.1032,0,46.548,0,3.1032,0,46.548,0
3.1041,0,46.5615,0,3.1041,0,46.5615,0
3.105,0,46.575,0,3.105,0,46.575,0
3.1059,0,46.5885,0,3.1059,0,46.5885,0
3.1068,0,46.602,0,3.1068,0,46.602,0
3.1077,0,46.6155,0,3.1077,0,46.6155,0
3.1086,0,46.629,0,3.1086,0,46.629,0
3.1095,0,46.6425,0,3.1095,0,46.6425,0
3.1104,0,46.656,0,3.1104,0,46.656,0
3.1113,0,46.6695,0,3.1113,0,46.6695,0
3.1122,0,46.683,0,3.1122,0,46.683,0
3.1131,0,46.6965,0,3.1131,0,46.6965,0
3.114,0,46.71,0,3.114,0,46.71,0
3.1149,0,46.7235,0,3.1149,0,46.7235,0
3.1158,0,46.737,0,3.1158,0,46.737,0
3.1167,0,46.7505,0,3.1167,0,46.7505,0
3.1176,0,46.764,0,3.1176,0,46.764,0
3.1185,0,46.7775,0,3.1185,0,46.7775,0
3.1194,0,46.791,0,3.1194,0,46.791,0
3.1203,0,46.8045,0,3.1203,0,46.8045,0
3.1212,0,46.818,0,3.1212,0,46.818,0
3.1221,0,46.8315,0,3.1221,0,46.8315,0
3.123,0,46.845,0,3.123,0,46.845,0
3.1239,0,46.8585,0,3.1239,0,46.8585,0
3.1248,0,46.872,0,3.1248,0,46.872,0
3.1257,0,46.8855,0,3.1257,0,46.8855,0
3.1266,0,46.899,0,3.1266,0,46.899,0
3.1275,0,46.9125,0,3.1275,0,46.9125,0
3.1284,0,46.926,0,3.1284,0,46.926,0
3.1293,0,46.9395,0,3.1293,0,46.9395,0
3.1302,0,46.953,0,3.1302,0,46.953,0
3.1311,0,46.9665,0,3.1311,0,46.9665,0
3.132,0,46.98,0,3.132,0,46.98,0
3.1329,0,46.9935,0,3.1329,0,46.9935,0
3.1338,0,47.007,0,3.1338,0,47.007,0
3.1347,0,47.0205,0,3.1347,0,47.0205,0
3.1356,0,47.034,0,3.1356,0,47.034,0
3.1365,0,47.0475,0,3.1365,0,47.0475,0
3.1374,0,47.061,0,3.1374,0,47.061,0
3.1383,0,47.0745,0,3.1383,0,47.0745,0
3.1392,0,47.088,0,3.1392,0,47.088,0
3.1401,0,47.1015,0,3.1401,0,47.1015,0
3.141,0,47.115,0,3.141,0,47.115,0
3.1419,0,47.1285,0,3.1419,0,47.1285,0
3.1428,0,47.142,0,3.1428,0,47.142,0
3.1437,0,47.1555,0,3.1437,0,47.1555,0
3.1446,0,47.169,0,3.1446,0,47.169,0
3.1455,0,47.1825,0,3.1455,0,47.1825,0
3.1464,0,47.196,0,3.1464,0,47.196,0
3.1473,0,47.2095,0,3.1473,0,47.2095,0
3.1482,0,47.223,0,3.1482,0,47.223,0
3.1491,0,47.2365,0,3.1491,0,47.2365,0
3.15,0,47.25,0,3.15,0,47.25,0
3.1509,0,47.2635,0,3.1509,0,47.2635,0
3.1518,0,47.277,0,3.1518,0,47.277,0
3.1527,0,47.2905,0,3.1527,0,47.2905,0
3.1536,0,47.304,0,3.1536,0,47.304,0
3.1545,0,47.3175,0,3.1545,0,47.3175,0
3.1554,0,47.331,0,3.1554,0,47.331,0
3.1563,0,47.3445,0,3.1563,0,47.3445,0
3.1572,0,47.358,0,3.1572,0,47.358,0
3.1581,0,47.3715,0,3.1581,0,47.3715,0
3.159,0,47.385,0,3.159,0,47.385,0
3.1599,0,47.3985,0,3.1599,0,47.3985,0
3.1608,0,47.412,0,3.1608,0,47.412,0
3.1617,0,47.4255,0,3.1617,0,47.4255,0
3.1626,0,47.439,0,3.1626,0,47.439,0
3.1635,0,47.4525,0,3.1635,0,47.4525,0
3.1644,0,47.466,0,3.1644,0,47.466,0
3.1653,0,47.4795,0,3.1653,0,47.4795,0
3.1662,0,47.493,0,3.1662,0,47.493,0
3.1671,0,47.5065,0,3.1671,0,47.5065,0
3.168,0,47.52,0,3.168,0,47.52,0
3.1689,0,47.5335,0,3.1689,0,47.5335,0
3.1698,0,47.547,0,3.1698,0,47.547,0
3.1707,0,47.5605,0,3.1707,0,47.5605,0
3.1716,0,47.574,0,3.1716,0,47.574,0
3.1725,0,47.5875,0,3.1725,0,47.5875,0
3.1734,0,47.601,0,3.1734,0,47.601,0
3.1743,0,47.6145,0,3.1743,0,47.6145,0
3.1752,0,47.628,0,3.1752,0,47.628,0
3.1761,0,47.6415,0,3.1761,0,47.6415,0
3.177,0,47.655,0,3.177,0,47.655,0
3.1779,0,47.6685,0,3.1779,0,47.6685,0
3.1788,0,47.682,0,3.1788,0,47.682,0
3.1797,0,47.6955,0,3.1797,0,47.6955,0
3.1806,0,47.709,0,3.1806,0,47.709,0
3.1815,0,47.7225,0,3.1815,0,47.7225,0
3.1824,0,47.736,0,3.1824,0,47.736,0
3.1833,0,47.7495,0,3.1833,0,47.7495,0
3.1842,0,47.763,0,3.1842,0,47.763,0
3.1851,0,47.7765,0,3.1851,0,47.7765,0
3.186,0,47.79,0,3.186,0,47.79,0
3.1869,0,47.8035,0,3.1869,0,47.8035,0
3.1878,0,47.817,0,3.1878,0,47.817,0
3.1887,0,47.8305,0,3.1887,0,47.8305,0
3.1896,0,47.844,0,3.1896,0,47.844,0
3.1905,0,47.8575,0,3.1905,0,47.8575,0
3.1914,0,47.871,0,3.1914,0,47.871,0
3.1923,0,47.8845,0,3.1923,0,47.8845,0
3.1932,0,47.898,0,3.1932,0,47.898,0
3.1941,0,47.9115,0,3.1941,0,47.9115,0
3.195,0,47.925,0,3.195,0,47.925,0
3.1959,0,47.9385,0,3.1959,0,47.9385,0
3.1968,0,47.952,0,3.1968,0,47.952,0
3.1977,0,47.9655,0,3.1977,0,47.9655,0
3.1986,0,47.979,0,3.1986,0,47.979,0
3.1995,0,47.9925,0,3.1995,0,47.9925,0
3.2004,0,48.006,0,3.2004,0,48.006,0
3.2013,0,48.0195,0,3.2013,0,48.0195,0
3.2022,0,48.033,0,3.2022,0,48.033,0
3.2031,0,48.0465,0,3.2031,0,48.0465,0
3.204,0,48.06,0,3.204,0,48.06,0
3.2049,0,48.0735,0,3.2049,0,48.0735,0
3.2058,0,48.087,0,3.2058,0,48.087,0
3.2067,0,48.1005,0,3.2067,0,48.1005,0
3.2076,0,48.114,0,3.2076,0,48.114,0
3.2085,0,48.1275,0,3.2085,0,48.1275,0
3.2094,0,48.141,0,3.2094,0,48.141,0
3.2103,0,48.1545,0,3.2103,0,48.1545,0
3.2112,0,48.168,0,3.2112,0,48.168,0
3.2121,0,48.1815,0,3.2121,0,48.1815,0
3.213,0,48.195,0,3.213,0,48.195,0
3.2139,0,48.2085,0,3.2139,0,48.2085,0
3.2148,0,48.222,0,3.2148,0,48.222,0
3.2157,0,48.2355,0,3.2157,0,48.2355,0
3.2166,0,48.249,0,3.2166,0,48.249,0
3.2175,0,48.2625,0,3.2175,0,48.2625,0
3.2184,0,48.276,0,3.2184,0,48.276,0
3.2193,0,48.2895,0,3.2193,0,48.2895,0
3.2202,0,48.303,0,3.2202,0,48.303,0
3.2211,0,48.3165,0,3.2211,0,48.3165,0
3.222,0,48.33,0,3.222,0,48.33,0
3.2229,0,48.3435,0,3.2229,0,48.3435,0
3.2238,0,48.357,0,3.2238,0,48.357,0
3.2247,0,48.3705,0,3.2247,0,48.3705,0
3.2256,0,48.384,0,3.2256,0,48.384,0
3.2265,0,48.3975,0,3.2265,0,48.3975,0
3.2274,0,48.411,0,3.2274,0,48.411,0
3.2283,0,48.4245,0,3.2283,0,48.4245,0
3.2292,0,48.438,0,3.2292,0,48.438,0
3.2301,0,48.4515,0,3.2301,0,48.4515,0
3.231,0,48.465,0,3.231,0,48.465,0
3.2319,0,48.4785,0,3.2319,0,48.4785,0
3.2328,0,48.492,0,3.2328,0,48.492,0
3.2337,0,48.5055,0,3.2337,0,48.5055,0
3.2346,0,48.519,0,3.2346,0,48.519,0
3.2355,0,48.5325,0,3.2355,0,48.5325,0
3.2364,0,48.546,0,3.2364,0,48.546,0
3.2373,0,48.5595,0,3.2373,0,48.5595,0
3.2382,0,48.573,0,3.2382,0,48.573,0
3.2391,0,48.5865,0,3.2391,0,48.5865,0
3.24,0,48.6,0,3.24,0,48.6,0
3.2409,0,48.6135,0,3.2409,0,48.6135,0
3.2418,0,48.627,0,3.2418,0,48.627,0
3.2427,0,48.6405,0,3.2427,0,48.6405,0
3.2436,0,48.654,0,3.2436,0,48.654,0
3.2445,0,48.6675,0,3.2445,0,48.6675,0
3.2454,0,48.681,0,3.2454,0,48.681,0
3.2463,0,48.6945,0,3.2463,0,48.6945,0
3.2472,0,48.708,0,3.2472,0,48.708,0
3.2481,0,48.7215,0,3.2481,0,48.7215,0
3.249,0,48.735,0,3.249,0,48.735,0
3.2499,0,48.7485,0,3.2499,0,48.7485,0
3.2508,0,48.762,0,3.2508,0,48.762,0
3.2517,0,48.7755,0,3.2517,0,48.7755,0
3.2526,0,48.789,0,3.2526,0,48.789,0
3.2535,0,48.8025,0,3.2535,0,48.8025,0
3.2544,0,48.816,0,3.2544,0,48.816,0
3.2553,0,48.8295,0,3.2553,0,48.8295,0
3.2562,0,48.843,0,3.2562,0,48.843,0
3.2571,0,48.8565,0,3.2571,0,48.8565,0
3.258,0,48.87,0,3.258,0,48.87,0
3.2589,0,48.8835,0,3.2589,0,48.8835,0
3.2598,0,48.897,0,3.2598,0,48.897,0
3.2607,0,48.9105,0,3.2607,0,48.9105,0
3.2616,0,48.924,0,3.2616,0,48.924,0
3.2625,0,48.9375,0,3.2625,0,48.9375,0
3.2634,0,48.951,0,3.2634,0,48.951,0
3.2643,0,48.9645,0,3.2643,0,48.9645,0
3.2652,0,48.978,0,3.2652,0,48.978,0
3.2661,0,48.9915,0,3.2661,0,48.9915,0
3.267,0,49.005,0,3.267,0,49.005,0
3.2679,0,49.0185,0,3.2679,0,49.0185,0
3.2688,0,49.032,0,3.2688,0,49.032,0
3.2697,0,49.0455,0,3.2697,0,49.0455,0
3.2706,0,49.059,0,3.2706,0,49.059,0
3.2715,0,49.0725,0,3.2715,0,49.0725,0
3.2724,0,49.086,0,3.2724,0,49.086,0
3.2733,0,49.0995,0,3.2733,0,49.0995,0
3.2742,0,49.113,0,3.2742,0,49.113,0
3.2751,0,49.1265,0,3.2751,0,49.1265,0
3.276,0,49.14,0,3.276,0,49.14,0
3.2769,0,49.1535,0,3.2769,0,49.1535,0
3.2778,0,49.167,0,3.2778,0,49.167,0
3.2787,0,49.1805,0,3.2787,0,49.1805,0
3.2796,0,49.194,0,3.2796,0,49.194,0
3.2805,0,49.2075,0,3.2805,0,49.2075,0
3.2814,0,49.221,0,3.2814,0,49.221,0
3.2823,0,49.2345,0,3.2823,0,49.2345,0
3.2832,0,49.248,0,3.2832,0,49.248,0
3.2841,0,49.2615,0,3.2841,0,49.2615,0
3.285,0,49.275,0,3.285,0,49.275,0
3.2859,0,49.2885,0,3.2859,0,49.2885,0
3.2868,0,49.302,0,3.2868,0,49.302,0
3.2877,0,49.3155,0,3.2877,0,49.3155,0
3.2886,0,49.329,0,3.2886,0,49.329,0
3.2895,0,49.3425,0,3.2895,0,49.3425,0
3.2904,0,49.356,0,3.2904,0,49.356,0
3.2913,0,49.3695,0,3.2913,0,49.3695,0
3.2922,0,49.383,0,3.2922,0,49.383,0
3.2931,0,49.3965,0,3.2931,0,49.3965,0
3.294,0,49.41,0,3.294,0,49.41,0
3.2949,0,49.4235,0,3.2949,0,49.4235,0
3.2958,0,49.437,0,3.2958,0,49.437,0
3.2967,0,49.4505,0,3.2967,0,49.4505,0
3.2976,0,49.464,0,3.2976,0,49.464,0
3.2985,0,49.4775,0,3.2985,0,49.4775,0
3.2994,0,49.491,0,3.2994,0,49.491,0
3.3003,0,49.5045,0,3.3003,0,49.5045,0
3.3012,0,49.518,0,3.3012,0,49.518,0
3.3021,0,49.5315,0,3.3021,0,49.5315,0
3.303,0,49.545,0,3.303,0,49.545,0
3.3039,0,49.5585,0,3.3039,0,49.5585,0
3.3048,0,49.572,0,3.3048,0,49.572,0
3.3057,0,49.5855,0,3.3057,0,49.5855,0
3.3066,0,49.599,0,3.3066,0,49.599,0
3.3075,0,49.6125,0,3.3075,0,49.6125,0
3.3084,0,49.626,0,3.3084,0,49.626,0
3.3093,0,49.6395,0,3.3093,0,49.6395,0
3.3102,0,49.653,0,3.3102,0,49.653,0
3.3111,0,49.6665,0,3.3111,0,49.6665,0
3.312,0,49.68,0,3.312,0,49.68,0
3.3129,0,49.6935,0,3.3129,0,49.6935,0
3.3138,0,49.707,0,3.3138,0,49.707,0
3.3147,0,49.7205,0,3.3147,0,49.7205,0
3.3156,0,49.734,0,3.3156,0,49.734,0
3.3165,0,49.7475,0,3.3165,0,49.7475,0
3.3174,0,49.761,0,3.3174,0,49.761,0
3.3183,0,49.7745,0,3.3183,0,49.7745,0
3.3192,0,49.788,0,3.3192,0,49.788,0
3.3201,0,49.8015,0,3.3201,0,49.8015,0
3.321,0,49.815,0,3.321,0,49.815,0
3.3219,0,49.8285,0,3.3219,0,49.8285,0
3.3228,0,49.842,0,3.3228,0,49.842,0
3.3237,0,49.8555,0,3.3237,0,49.8555,0
3.3246,0,49.869,0,3.3246,0,49.869,0
3.3255,0,49.8825,0,3.3255,0,49.8825,0
3.3264,0,49.896,0,3.3264,0,49.896,0
3.3273,0,49.9095,0,3.3273,0,49.9095,0
3.3282,0,49.923,0,3.3282,0,49.923,0
3.3291,0,49.9365,0,3.3291,0,49.9365,0
3.33,0,49.95,0,3.33,0,49.95,0
3.3309,0,49.9635,0,3.3309,0,49.9635,0
3.3318,0,49.977,0,3.3318,0,49.977,0
3.3327,0,49.9905,0,3.3327,0,49.9905,0
3.3336,0,50.004,0,3.3336,0,50.004,0
3.3345,0,50.0175,0,3.3345,0,50.0175,0
3.3354,0,50.031,0,3.3354,0,50.031,0
3.3363,0,50.0445,0,3.3363,0,50.0445,0
3.3372,0,50.058,0,3.3372,0,50.058,0
3.3381,0,50.0715,0,3.3381,0,50.0715,0
3.339,0,50.085,0,3.339,0,50.085,0
3.3399,0,50.0985,0,3.3399,0,50.0985,0
3.3408,0,50.112,0,3.3408,0,50.112,0
3.3417,0,50.1255,0,3.3417,0,50.1255,0
3.3426,0,50.139,0,3.3426,0,50.139,0
3.3435,0,50.1525,0,3.3435,0,50.1525,0
3.3444,0,50.166,0,3.3444,0,50.166,0
3.3453,0,50.1795,0,3.3453,0,50.1795,0
3.3462,0,50.193,0,3.3462,0,50.193,0
3.3471,0,50.2065,0,3.3471,0,50.2065,0
3.348,0,50.22,0,3.348,0,50.22,0
3.3489,0,50.2335,0,3.3489,0,50.2335,0
3.3498,0,50.247,0,3.3498,0,50.247,0
3.3507,0,50.2605,0,3.3507,0,50.2605,0
3.3516,0,50.274,0,3.3516,0,50.274,0
3.3525,0,50.2875,0,3.3525,0,50.2875,0
3.3534,0,50.301,0,3.3534,0,50.301,0
3.3543,0,50.3145,0,3.3543,0,50.3145,0
3.3552,0,50.328,0,3.3552,0,50.328,0
3.3561,0,50.3415,0,3.3561,0,50.3415,0
3.357,0,50.355,0,3.357,0,50.355,0
3.3579,0,50.3685,0,3.3579,0,50.3685,0
3.3588,0,50.382,0,3.3588,0,50.382,0
3.3597,0,50.3955,0,3.3597,0,50.3955,0
3.3606,0,50.409,0,3.3606,0,50.409,0
3.3615,0,50.4225,0,3.3615,0,50.4225,0
3.3624,0,50.436,0,3.3624,0,50.436,0
3.3633,0,50.4495,0,3.3633,0,50.4495,0
3.3642,0,50.463,0,3.3642,0,50.463,0
3.3651,0,50.4765,0,3.3651,0,50.4765,0
3.366,0,50.49,0,3.366,0,50.49,0
3.3669,0,50.5035,0,3.3669,0,50.5035,0
3.3678,0,50.517,0,3.3678,0,50.517,0
3.3687,0,50.5305,0,3.3687,0,50.5305,0
3.3696,0,50.544,0,3.3696,0,50.544,0
3.3705,0,50.5575,0,3.3705,0,50.5575,0
3.3714,0,50.571,0,3.3714,0,50.571,0
3.3723,0,50.5845,0,3.3723,0,50.5845,0
3.3732,0,50.598,0,3.3732,0,50.598,0
3.3741,0,50.6115,0,3.3741,0,50.6115,0
3.375,0,50.625,0,3.375,0,50.625,0
3.3759,0,50.6385,0,3.3759,0,50.6385,0
3.3768,0,50.652,0,3.3768,0,50.652,0
3.3777,0,50.6655,0,3.3777,0,50.6655,0
3.3786,0,50.679,0,3.3786,0,50.679,0
3.3795,0,50.6925,0,3.3795,0,50.6925,0
3.3804,0,50.706,0,3.3804,0,50.706,0
3.3813,0,50.7195,0,3.3813,0,50.7195,0
3.3822,0,50.733,0,3.3822,0,50.733,0
3.3831,0,50.7465,0,3.3831,0,50.7465,0
3.384,0,50.76,0,3.384,0,50.76,0
3.3849,0,50.7735,0,3.3849,0,50.7735,0
3.3858,0,50.787,0,3.3858,0,50.787,0
3.3867,0,50.8005,0,3.3867,0,50.8005,0
3.3876,0,50.814,0,3.3876,0,50.814,0
3.3885,0,50.8275,0,3.3885,0,50.8275,0
3.3894,0,50.841,0,3.3894,0,50.841,0
3.3903,0,50.8545,0,3.3903,0,50.8545,0
3.3912,0,50.868,0,3.3912,0,50.868,0
3.3921,0,50.8815,0,3.3921,0,50.8815,0
3.393,0,50.895,0,3.393,0,50.895,0
3.3939,0,50.9085,0,3.3939,0,50.9085,0
3.3948,0,50.922,0,3.3948,0,50.922,0
3.3957,0,50.9355,0,3.3957,0,50.9355,0
3.3966,0,50.949,0,3.3966,0,50.949,0
3.3975,0,50.9625,0,3.3975,0,50.9625,0
3.3984,0,50.976,0,3.3984,0,50.976,0
3.3993,0,50.9895,0,3.3993,0,50.9895,0
3.4002,0,51.003,0,3.4002,0,51.003,0
3.4011,0,51.0165,0,3.4011,0,51.0165,0
3.402,0,51.03,0,3.402,0,51.03,0
3.4029,0,51.0435,0,3.4029,0,51.0435,0
3.4038,0,51.057,0,3.4038,0,51.057,0
3.4047,0,51.0705,0,3.4047,0,51.0705,0
3.4056,0,51.084,0,3.4056,0,51.084,0
3.4065,0,51.0975,0,3.4065,0,51.0975,0
3.4074,0,51.111,0,3.4074,0,51.111,0
3.4083,0,51.1245,0,3.4083,0,51.1245,0
3.4092,0,51.138,0,3.4092,0,51.138,0
3.4101,0,51.1515,0,3.4101,0,51.1515,0
3.411,0,51.165,0,3.411,0,51.165,0
3.4119,0,51.1785,0,3.4119,0,51.1785,0
3.4128,0,51.192,0,3.4128,0,51.192,0
3.4137,0,51.2055,0,3.4137,0,51.2055,0
3.4146,0,51.219,0,3.4146,0,51.219,0
3.4155,0,51.2325,0,3.4155,0,51.2325,0
3.4164,0,51.246,0,3.4164,0,51.246,0
3.4173,0,51.2595,0,3.4173,0,51.2595,0
3.4182,0,51.273,0,3.4182,0,51.273,0
3.4191,0,51.2865,0,3.4191,0,51.2865,0
3.42,0,51.3,0,3.42,0,51.3,0
3.4209,0,51.3135,0,3.4209,0,51.3135,0
3.4218,0,51.327,0,3.4218,0,51.327,0
3.4227,0,51.3405,0,3.4227,0,51.3405,0
3.4236,0,51.354,0,3.4236,0,51.354,0
3.4245,0,51.3675,0,3.4245,0,51.3675,0
3.4254,0,51.381,0,3.4254,0,51.381,0
3.4263,0,51.3945,0,3.4263,0,51.3945,0
3.4272,0,51.408,0,3.4272,0,51.408,0
3.4281,0,51.4215,0,3.4281,0,51.4215,0
3.429,0,51.435,0,3.429,0,51.435,0
3.4299,0,51.4485,0,3.4299,0,51.4485,0
3.4308,0,51.462,0,3.4308,0,51.462,0
3.4317,0,51.4755,0,3.4317,0,51.4755,0
3.4326,0,51.489,0,3.4326,0,51.489,0
3.4335,0,51.5025,0,3.4335,0,51.5025,0
3.4344,0,51.516,0,3.4344,0,51.516,0
3.4353,0,51.5295,0,3.4353,0,51.5295,0
3.4362,0,51.543,0,3.4362,0,51.543,0
3.4371,0,51.5565,0,3.4371,0,51.5565,0
3.438,0,51.57,0,3.438,0,51.57,0
3.4389,0,51.5835,0,3.4389,0,51.5835,0
3.4398,0,51.597,0,3.4398,0,51.597,0
3.4407,0,51.6105,0,3.4407,0,51.6105,0
3.4416,0,51.624,0,3.4416,0,51.624,0
3.4425,0,51.6375,0,3.4425,0,51.6375,0
3.4434,0,51.651,0,3.4434,0,51.651,0
3.4443,0,51.6645,0,3.4443,0,51.6645,0
3.4452,0,51.678,0,3.4452,0,51.678,0
3.4461,0,51.6915,0,3.4461,0,51.6915,0
3.447,0,51.705,0,3.447,0,51.705,0
3.4479,0,51.7185,0,3.4479,0,51.7185,0
3.4488,0,51.732,0,3.4488,0,51.732,0
3.4497,0,51.7455,0,3.4497,0,51.7455,0
3.4506,0,51.759,0,3.4506,0,51.759,0
3.4515,0,51.7725,0,3.4515,0,51.7725,0
3.4524,0,51.786,0,3.4524,0,51.786,0
3.4533,0,51.7995,0,3.4533,0,51.7995,0
3.4542,0,51.813,0,3.4542,0,51.813,0
3.4551,0,51.8265,0,3.4551,0,51.8265,0
3.456,0,51.84,0,3.456,0,51.84,0
3.4569,0,51.8535,0,3.4569,0,51.8535,0
3.4578,0,51.867,0,3.4578,0,51.867,0
3.4587,0,51.8805,0,3.4587,0,51.8805,0
3.4596,0,51.894,0,3.4596,0,51.894,0
3.4605,0,51.9075,0,3.4605,0,51.9075,0
3.4614,0,51.921,0,3.4614,0,51.921,0
3.4623,0,51.9345,0,3.4623,0,51.9345,0
3.4632,0,51.948,0,3.4632,0,51.948,0
3.4641,0,51.9615,0,3.4641,0,51.9615,0
3.465,0,51.975,0,3.465,0,51.975,0
3.4659,0,51.9885,0,3.4659,0,51.9885,0
3.4668,0,52.002,0,3.4668,0,52.002,0
3.4677,0,52.0155,0,3.4677,0,52.0155,0
3.4686,0,52.029,0,3.4686,0,52.029,0
3.4695,0,52.0425,0,3.4695,0,52.0425,0
3.4704,0,52.056,0,3.4704,0,52.056,0
3.4713,0,52.0695,0,3.4713,0,52.0695,0
3.4722,0,52.083,0,3.4722,0,52.083,0
3.4731,0,52.0965,0,3.4731,0,52.0965,0
3.474,0,52.11,0,3.474,0,52.11,0
3.4749,0,52.1235,0,3.4749,0,52.1235,0
3.4758,0,52.137,0,3.4758,0,52.137,0
3.4767,0,52.1505,0,3.4767,0,52.1505,0
3.4776,0,52.164,0,3.4776,0,52.164,0
3.4785,0,52.1775,0,3.4785,0,52.1775,0
3.4794,0,52.191,0,3.4794,0,52.191,0
3.4803,0,52.2045,0,3.4803,0,52.2045,0
3.4812,0,52.218,0,3.4812,0,52.218,0
3.4821,0,52.2315,0,3.4821,0,52.2315,0
3.483,0,52.245,0,3.483,0,52.245,0
3.4839,0,52.2585,0,3.4839,0,52.2585,0
3.4848,0,52.272,0,3.4848,0,52.272,0
3.4857,0,52.2855,0,3.4857,0,52.2855,0
3.4866,0,52.299,0,3.4866,0,52.299,0
3.4875,0,52.3125,0,3.4875,0,52.3125,0
3.4884,0,52.326,0,3.4884,0,52.326,0
3.4893,0,52.3395,0,3.4893,0,52.3395,0
3.4902,0,52.353,0,3.4902,0,52.353,0
3.4911,0,52.3665,0,3.4911,0,52.3665,0
3.492,0,52.38,0,3.492,0,52.38,0
3.4929,0,52.3935,0,3.4929,0,52.3935,0
3.4938,0,52.407,0,3.4938,0,52.407,0
3.4947,0,52.4205,0,3.4947,0,52.4205,0
3.4956,0,52.434,0,3.4956,0,52.434,0
