X[s],"Trigno IM sensor 3: EMG 3 (IM)",X[s],"Trigno IM sensor 3: Mag 3.Z (IM)",X[s],"Trigno IM sensor 4: EMG 4 (IM)",X[s],"Trigno IM sensor 4: Mag 4.Z (IM)"
0.000000,1.376364E-05,0.000000,125,0.000000,0.0002222324,0.000000,-2
0.0009,-1.745632E-05,0.0135,124,0.0009,0.0002762798,0.0135,0
0.0018,-1.947051E-05,0.027,126,0.0018,0.000190341,0.027,-3
0.0027,2.349889E-06,0.0405,125,0.0027,0.0001044022,0.0405,-2
0.0036,-1.712062E-05,0.054,124,0.0036,6.143282E-05,0.054,-3
0.0045,0.000148043,0.0675,124,0.0045,2.987716E-05,0.0675,-2
0.0054,0.0002373388,0.081,124,0.0054,-9.735256E-06,0.081,-4
0.0063,0.0002235752,0.0945,123,0.0063,-6.948959E-05,0.0945,-3
0.0072,0.0001393149,0.108,124,0.0072,-9.533837E-05,0.108,-4
0.0081,4.934768E-05,0.1215,125,0.0081,-7.888914E-05,0.1215,-4
0.009000001,-1.040665E-05,0.135,124,0.009000001,-6.009003E-05,0.135,-4
0.0099,1.275654E-05,0.1485,125,0.0099,-3.994812E-05,0.1485,-2
0.0108,1.846342E-05,0.162,124,0.0108,-5.371176E-06,0.162,-2
0.0117,-0.0001812772,0.1755,125,0.0117,-1.913481E-05,0.1755,-5
0.0126,-0.0001359579,0.189,125,0.0126,-1.477073E-05,0.189,-2
0.0135,-9.500267E-05,0.2025,125,0.0135,-3.356985E-07,0.2025,-5
0.0144,-0.0002786297,0.216,124,0.0144,-2.316319E-05,0.216,-4
0.0153,-0.0001443503,0.2295,125,0.0153,1.275654E-05,0.2295,-5
0.0162,4.263371E-05,0.243,125,0.0162,6.713969E-07,0.243,-2
0.0171,9.063859E-06,0.2565,125,0.0171,-7.284657E-05,0.2565,-2
0.018,3.390555E-05,0.27,123,0.018,-0.0001393149,0.27,-3
0.0189,-3.390555E-05,0.2835,124,0.0189,-0.0002229038,0.2835,-6
0.0198,-9.802396E-05,0.297,123,0.0198,-0.0001752346,0.297,-5
0.0207,-6.009003E-05,0.3105,125,0.0207,-0.0001460288,0.3105,-4
0.0216,-8.090334E-05,0.324,125,0.0216,-0.0001144732,0.324,-6
0.0225,-6.915389E-05,0.3375,125,0.0225,-3.793393E-05,0.3375,-3
0.0234,6.54612E-05,0.351,125,0.0234,0.0001161517,0.351,-4
0.0243,1.644922E-05,0.3645,125,0.0243,6.478981E-05,0.3645,-1
0.0252,2.517739E-05,0.378,124,0.0252,4.061952E-05,0.378,-5
0.0261,7.620356E-05,0.3915,123,0.0261,0.0001033951,0.3915,-3
0.027,0.0001668421,0.405,124,0.027,0.0001218585,0.405,-4
0.0279,0.0001376364,0.4185,124,0.0279,9.231708E-05,0.4185,-2
0.0288,1.007095E-06,0.432,124,0.0288,6.713969E-06,0.432,-3
0.0297,3.356985E-07,0.4455,125,0.0297,-1.510643E-05,0.4455,-2
0.0306,0.0001453574,0.459,125,0.0306,-8.358892E-05,0.459,-2
0.0315,0.0001376364,0.4725,125,0.0315,-0.0001399863,0.4725,-3
0.0324,-3.524834E-05,0.486,124,0.0324,-0.0001742275,0.486,-2
0.0333,2.047761E-05,0.4995,124,0.0333,-0.0001473716,0.4995,-4
0.0342,6.713969E-06,0.513,125,0.0342,-9.735256E-05,0.513,-3
0.0351,-0.0001712062,0.5265,124,0.0351,-2.081331E-05,0.5265,-4
0.036,-8.157473E-05,0.54,125,0.036,0.0001376364,0.54,-3
0.0369,-1.644922E-05,0.5535,125,0.0369,0.0001514,0.5535,-5
0.0378,-4.39765E-05,0.567,125,0.0378,0.0001453574,0.567,-4
0.0387,-9.735256E-06,0.5805,125,0.0387,9.802396E-05,0.5805,-4
0.0396,-1.208515E-05,0.594,126,0.0396,3.054856E-05,0.594,-3
0.0405,-0.0001003738,0.6075,125,0.0405,-1.107805E-05,0.6075,-7
0.0414,-9.903105E-05,0.621,125,0.0414,3.289845E-05,0.621,-4
0.0423,5.035477E-06,0.6345,125,0.0423,-5.807584E-05,0.6345,-3
0.0432,-8.191043E-05,0.648,124,0.0432,-0.0001097734,0.648,-5
0.0441,-0.0001218585,0.6615,125,0.0441,-0.0001299153,0.6615,-1
0.045,-1.409934E-05,0.675,125,0.045,-0.0001178302,0.675,-2
0.0459,1.376364E-05,0.6885,122,0.0459,-5.975433E-05,0.6885,-3
0.0468,2.987716E-05,0.702,124,0.0468,2.484169E-05,0.702,-5
0.0477,8.69459E-05,0.7155,125,0.0477,3.457694E-05,0.7155,-4
0.0486,0.0001856413,0.729,125,0.0486,-1.644922E-05,0.729,-4
0.0495,0.000144686,0.7425,124,0.0495,-2.24918E-05,0.7425,-2
0.0504,7.049668E-05,0.756,124,0.0504,1.913481E-05,0.756,-5
0.0513,8.023193E-05,0.7695,124,0.0513,-1.812772E-05,0.7695,-2
0.0522,1.007095E-05,0.783,123,0.0522,-3.424125E-05,0.783,-2
0.0531,-5.304036E-05,0.7965,122,0.0531,9.063859E-06,0.7965,-2
0.054,-3.189136E-05,0.81,122,0.054,-4.229801E-05,0.81,-2
0.0549,3.726253E-05,0.8235,123,0.0549,-0.0001070878,0.8235,-5
0.0558,4.800488E-05,0.837,120,0.0558,-0.0001315938,0.837,-5
0.0567,-4.33051E-05,0.8505,122,0.0567,-0.0001044022,0.8505,-3
0.0576,3.558404E-05,0.864,123,0.0576,-3.256275E-05,0.864,-7
0.0585,0.0003118639,0.8775,122,0.0585,-1.611353E-05,0.8775,-6
0.0594,0.0001285725,0.891,122,0.0594,-1.678492E-06,0.891,-6
0.0603,-0.0002752728,0.9045,122,0.0603,9.634547E-05,0.9045,-6
0.0612,-0.000278294,0.918,122,0.0612,8.627451E-05,0.918,-3
0.0621,-0.0002702373,0.9315,121,0.0621,-4.46479E-05,0.9315,-4
0.063,-0.0001806058,0.945,122,0.063,-6.109713E-05,0.945,-6
0.0639,-2.450599E-05,0.9585,120,0.0639,-1.913481E-05,0.9585,-8
0.0648,-3.692683E-05,0.972,122,0.0648,1.040665E-05,0.972,-5
0.0657,-0.0001148089,0.9855,121,0.0657,4.733349E-05,0.9855,-3
0.0666,-0.0001507286,0.999,120,0.0666,3.289845E-05,0.999,-6
0.0675,-4.766919E-05,1.0125,120,0.0675,3.121996E-05,1.0125,-5
0.0684,3.726253E-05,1.026,121,0.0684,4.46479E-05,1.026,-4
0.0693,6.54612E-05,1.0395,121,0.0693,-2.349889E-06,1.0395,-7
0.0702,5.740444E-05,1.053,120,0.0702,-4.53193E-05,1.053,-4
0.0711,-0.0001245441,1.0665,121,0.0711,-8.89601E-05,1.0665,-4
0.072,-0.0002064546,1.08,121,0.072,-0.0001299153,1.08,-3
0.0729,-5.169757E-05,1.0935,121,0.0729,-0.000154757,1.0935,-5
0.07380001,2.014191E-05,1.107,120,0.07380001,-7.553216E-05,1.107,-4
0.07470001,3.491264E-05,1.1205,121,0.07470001,2.1149E-05,1.1205,-3
0.0756,5.304036E-05,1.134,122,0.0756,0.0001218585,1.134,-4
0.0765,1.947051E-05,1.1475,121,0.0765,0.0001413291,1.1475,-6
0.0774,4.263371E-05,1.161,121,0.0774,6.61326E-05,1.161,-5
0.0783,5.505455E-05,1.1745,120,0.0783,-3.524834E-05,1.1745,-1
0.0792,8.92958E-05,1.188,120,0.0792,-0.0001060807,1.188,-5
0.0801,0.0002279393,1.2015,121,0.0801,-9.164568E-05,1.2015,-3
0.081,0.0002252537,1.215,121,0.081,-5.505455E-05,1.215,-3
0.0819,0.000164828,1.2285,122,0.0819,-1.544213E-05,1.2285,-5
0.0828,7.452507E-05,1.242,120,0.0828,2.920577E-05,1.242,-4
0.0837,1.040665E-05,1.2555,121,0.0837,9.701686E-05,1.2555,-3
0.0846,-0.0001037308,1.269,121,0.0846,6.411841E-05,1.269,-6
0.0855,-0.0001849699,1.2825,121,0.0855,-5.941863E-05,1.2825,-2
0.0864,-0.000158114,1.296,120,0.0864,-0.000112459,1.296,-5
0.0873,-4.39765E-05,1.3095,120,0.0873,-9.063859E-05,1.3095,-4
0.0882,5.539025E-05,1.323,121,0.0882,-0.0001107805,1.323,-1
0.0891,-5.404745E-05,1.3365,119,0.0891,-0.0001376364,1.3365,-4
0.09,-0.0001332723,1.35,119,0.09,-8.123904E-05,1.35,-5
0.0909,-9.835965E-05,1.3635,120,0.0909,-8.191043E-05,1.3635,-4
0.0918,-9.466698E-05,1.377,120,0.0918,-8.96315E-05,1.377,-5
0.0927,-9.768826E-05,1.3905,122,0.0927,-2.853437E-05,1.3905,-2
0.0936,-2.484169E-05,1.404,121,0.0936,3.189136E-05,1.404,-2
0.09450001,-3.088426E-05,1.4175,121,0.09450001,7.049668E-05,1.4175,-3
0.09540001,-2.987716E-05,1.431,121,0.09540001,0.0001295796,1.431,-3
0.09630001,3.793393E-05,1.4445,121,0.09630001,0.0001285725,1.4445,-3
0.0972,8.493171E-05,1.458,121,0.0972,0.0001359579,1.458,-4
0.0981,0.0001064164,1.4715,120,0.0981,9.365987E-05,1.4715,-5
0.099,0.0001339437,1.485,120,0.099,-3.692683E-06,1.485,-2
0.0999,0.0001131304,1.4985,121,0.0999,-5.136187E-05,1.4985,-5
0.1008,0.0001198444,1.512,122,0.1008,-3.088426E-05,1.512,-5
0.1017,0.0001027237,1.5255,121,0.1017,-3.793393E-05,1.5255,-6
0.1026,8.392462E-06,1.539,121,0.1026,-0.000144686,1.539,-3
0.1035,-1.947051E-05,1.5525,120,0.1035,-0.0001050736,1.5525,-4
0.1044,9.332418E-05,1.566,122,0.1044,-7.284657E-05,1.566,-3
0.1053,5.001907E-05,1.5795,119,0.1053,-4.867628E-05,1.5795,-1
0.1062,-5.639734E-05,1.593,122,0.1062,-1.376364E-05,1.593,-3
0.1071,-0.0001785916,1.6065,121,0.1071,-3.692683E-06,1.6065,-4
0.108,-0.0001161517,1.62,122,0.108,3.457694E-05,1.62,-2
0.1089,-1.007095E-06,1.6335,121,0.1089,3.793393E-05,1.6335,-5
0.1098,-1.644922E-05,1.647,122,0.1098,-2.853437E-05,1.647,-7
0.1107,-7.385367E-06,1.6605,120,0.1107,-4.934768E-05,1.6605,-3
0.1116,-7.754635E-05,1.674,119,0.1116,-3.961242E-05,1.674,-4
0.1125,-5.404745E-05,1.6875,119,0.1125,-5.606165E-05,1.6875,-2
0.1134,4.699779E-06,1.701,119,0.1134,-0.000126894,1.701,-4
0.1143,3.021286E-06,1.7145,120,0.1143,-0.0001440146,1.7145,-2
0.1152,3.994812E-05,1.728,120,0.1152,-0.00018262,1.728,-2
0.1161,0.0002185397,1.7415,120,0.1161,-0.0001779202,1.7415,-6
0.117,5.941863E-05,1.755,119,0.117,-2.18204E-05,1.755,-3
0.1179,-5.438316E-05,1.7685,122,0.1179,0.0001433432,1.7685,-3
0.1188,-9.567407E-05,1.782,120,0.1188,0.0002373388,1.782,-2
0.1197,-0.0001779202,1.7955,121,0.1197,0.0002534524,1.7955,-5
0.1206,-0.0001641566,1.809,122,0.1206,0.0001326009,1.809,-2
0.1215,7.049668E-06,1.8225,121,0.1215,3.256275E-05,1.8225,-3
0.1224,9.533837E-05,1.836,121,0.1224,-1.577783E-05,1.836,-6
0.1233,-8.426032E-05,1.8495,122,0.1233,-8.224613E-05,1.8495,-4
0.1242,-0.000197055,1.863,120,0.1242,-0.0001765774,1.863,-4
0.1251,-0.0001097734,1.8765,121,0.1251,-0.0002403601,1.8765,-5
0.126,-0.000115816,1.89,120,0.126,-0.0001953765,1.89,-3
0.1269,-6.076142E-05,1.9035,121,0.1269,-0.0001315938,1.9035,-5
0.1278,1.443504E-05,1.917,122,0.1278,3.054856E-05,1.917,-3
0.1287,4.666209E-05,1.9305,122,0.1287,0.0001809415,1.9305,-3
0.1296,0.0001873197,1.944,121,0.1296,0.0002373388,1.944,-3
0.1305,0.0002366674,1.9575,122,0.1305,0.0001876554,1.9575,-6
0.1314,0.0001795987,1.971,122,0.1314,0.0001121233,1.971,-4
0.1323,6.143282E-05,1.9845,121,0.1323,-0.0001070878,1.9845,-4
0.1332,2.920577E-05,1.998,121,0.1332,-0.0002467384,1.998,-6
0.1341,-0.0002319677,2.0115,120,0.1341,-0.0002084688,2.0115,-5
0.135,-0.0003125353,2.025,121,0.135,-0.0001769131,2.025,-4
0.1359,-6.51255E-05,2.0385,121,0.1359,-0.0001242084,2.0385,-4
0.1368,0.0002907149,2.052,122,0.1368,4.129091E-05,2.052,-6
0.1377,0.0006408484,2.0655,121,0.1377,0.0002299535,2.0655,-9
0.1386,0.0004347295,2.079,120,0.1386,0.0002373388,2.079,-5
0.1395,0.0001205158,2.0925,121,0.1395,9.701686E-05,2.0925,-6
0.1404,-2.349889E-05,2.106,120,0.1404,9.735256E-06,2.106,-5
0.1413,-0.0006173495,2.1195,120,0.1413,3.289845E-05,2.1195,-3
0.1422,-0.000770428,2.133,121,0.1422,-5.001907E-05,2.133,-3
0.1431,-0.0003504692,2.1465,120,0.1431,-0.0001154803,2.1465,-3
0.144,-0.0001802701,2.16,120,0.144,-7.351797E-05,2.16,-5
0.1449,-0.000115816,2.1735,121,0.1449,-8.090334E-05,2.1735,-4
0.1458,-6.042573E-05,2.187,121,0.1458,-9.097429E-05,2.187,-7
0.1467,-5.471885E-05,2.2005,120,0.1467,-0.0001003738,2.2005,-4
0.1476,-1.678492E-06,2.214,122,0.1476,-5.069047E-05,2.214,-5
0.1485,2.18204E-05,2.2275,121,0.1485,-6.109713E-05,2.2275,-4
0.1494,0.0001285725,2.241,120,0.1494,-4.46479E-05,2.241,-5
0.1503,0.0001889983,2.2545,121,0.1503,-2.920577E-05,2.2545,-8
0.1512,0.0001050736,2.268,120,0.1512,-2.316319E-05,2.268,-4
0.1521,0.0001782559,2.2815,121,0.1521,-3.121996E-05,2.2815,-7
0.153,0.000418616,2.295,121,0.153,-4.901198E-05,2.295,-3
0.1539,0.0002897078,2.3085,121,0.1539,-4.934768E-05,2.3085,-5
0.1548,2.28275E-05,2.322,119,0.1548,6.378271E-06,2.322,-7
0.1557,-0.0002051118,2.3355,121,0.1557,-2.450599E-05,2.3355,-6
0.1566,-0.0002803082,2.349,120,0.1566,-7.687495E-05,2.349,-6
0.1575,-0.0002695659,2.3625,121,0.1575,-1.007095E-06,2.3625,-5
0.1584,-0.0001433432,2.376,121,0.1584,2.18204E-05,2.376,-4
0.1593,-7.754635E-05,2.3895,120,0.1593,-3.323415E-05,2.3895,-4
0.1602,-9.063859E-06,2.403,121,0.1602,-3.558404E-05,2.403,-3
0.1611,4.800488E-05,2.4165,121,0.1611,2.349889E-06,2.4165,-6
0.162,4.095522E-05,2.43,121,0.162,-3.289845E-05,2.43,-2
0.1629,4.196231E-05,2.4435,120,0.1629,-3.692683E-05,2.4435,-3
0.1638,6.076142E-05,2.457,122,0.1638,-1.678492E-05,2.457,-2
0.1647,6.411841E-05,2.4705,121,0.1647,1.712062E-05,2.4705,-2
0.1656,5.270466E-05,2.484,122,0.1656,-4.834058E-05,2.484,-1
0.1665,2.349889E-05,2.4975,120,0.1665,-0.0001490501,2.4975,-4
0.1674,1.174945E-05,2.511,120,0.1674,-0.0001373007,2.511,-3
0.1683,5.606165E-05,2.5245,121,0.1683,-4.162661E-05,2.5245,-8
0.1692,6.277562E-05,2.538,122,0.1692,1.376364E-05,2.538,-4
0.1701,7.150377E-05,2.5515,121,0.1701,6.109713E-05,2.5515,-5
0.171,8.291753E-05,2.565,120,0.171,0.0001312581,2.565,-2
0.1719,3.189136E-05,2.5785,121,0.1719,0.0001044022,2.5785,-4
0.1728,-2.383459E-05,2.592,122,0.1728,6.54612E-05,2.592,-6
0.1737,-2.719158E-05,2.6055,123,0.1737,5.706874E-05,2.6055,-4
0.1746,-3.256275E-05,2.619,120,0.1746,5.471885E-05,2.619,-5
0.1755,-0.0001399863,2.6325,122,0.1755,1.947051E-05,2.6325,-4
0.1764,-0.0001117876,2.646,121,0.1764,2.517739E-05,2.646,-4
0.1773,-1.007095E-06,2.6595,121,0.1773,-9.735256E-06,2.6595,-4
0.1782,-1.242084E-05,2.673,121,0.1782,-4.46479E-05,2.673,-4
0.1791,-3.692683E-06,2.6865,121,0.1791,-3.524834E-05,2.6865,-4
0.18,3.457694E-05,2.7,121,0.18,-4.229801E-05,2.7,-6
0.1809,2.920577E-05,2.7135,120,0.1809,-8.358892E-05,2.7135,-5
0.1818,-9.735256E-06,2.727,121,0.1818,-9.903105E-05,2.727,-1
0.1827,2.954147E-05,2.7405,120,0.1827,-8.69459E-05,2.7405,-2
0.1836,6.009003E-05,2.754,120,0.1836,-0.0001221943,2.754,-2
0.1845,0.0001104448,2.7675,121,0.1845,-5.304036E-05,2.7675,-5
0.1854,5.673304E-05,2.781,121,0.1854,2.417029E-05,2.781,-4
0.1863,-8.090334E-05,2.7945,121,0.1863,5.740444E-05,2.7945,-4
0.1872,4.028382E-05,2.808,122,0.1872,1.309224E-05,2.808,-5
0.1881,1.644922E-05,2.8215,120,0.1881,-1.376364E-05,2.8215,-3
0.189,-3.054856E-05,2.835,122,0.189,-5.035477E-06,2.835,-6
0.1899,-6.378271E-06,2.8485,121,0.1899,-3.356985E-05,2.8485,-3
0.1908,3.491264E-05,2.862,121,0.1908,-5.874724E-05,2.862,-5
0.1917,-0.0001409934,2.8755,122,0.1917,-4.733349E-05,2.8755,-5
0.1926,-0.0001440146,2.889,120,0.1926,-3.356985E-06,2.889,-7
0.1935,5.270466E-05,2.9025,121,0.1935,4.800488E-05,2.9025,-3
0.1944,0.0001362936,2.916,122,0.1944,8.426032E-05,2.916,-5
0.1953,9.231708E-05,2.9295,120,0.1953,0.0001319295,2.9295,-4
0.1962,-9.063859E-06,2.943,121,0.1962,9.768826E-05,2.943,-6
0.1971,-0.0002054475,2.9565,121,0.1971,-4.129091E-05,2.9565,-2
0.198,-0.0001467002,2.97,121,0.198,-0.0001044022,2.97,-6
0.1989,-0.0001138018,2.9835,120,0.1989,-0.0001399863,2.9835,-7
0.1998,-0.0001510643,2.997,121,0.1998,-0.0001567712,2.997,-4
0.2007,-1.779202E-05,3.0105,121,0.2007,-0.0001000381,3.0105,-4
0.2016,0.0001285725,3.024,121,0.2016,-2.551309E-05,3.024,-3
0.2025,0.0001373007,3.0375,120,0.2025,-1.242084E-05,3.0375,-2
0.2034,0.0001373007,3.051,120,0.2034,-6.713969E-06,3.051,-3
0.2043,0.0002292821,3.0645,120,0.2043,-4.632639E-05,3.0645,-6
0.2052,0.0001312581,3.078,0,0.2052,1.779202E-05,3.078,0
0.2061,-0.0001007095,3.0915,0,0.2061,5.941863E-05,3.0915,0
0.207,-0.0001735561,3.105,0,0.207,1.007095E-06,3.105,0
0.2079,-0.0001688563,3.1185,0,0.2079,-4.766919E-05,3.1185,0
0.2088,-0.000263859,3.132,0,0.2088,2.383459E-05,3.132,0
0.2097,-0.0003467765,3.1455,0,0.2097,2.24918E-05,3.1455,0
0.2106,-0.0002406958,3.159,0,0.2106,-6.57969E-05,3.159,0
0.2115,-6.881819E-05,3.1725,0,0.2115,-5.404745E-05,3.1725,0
0.2124,-7.351797E-05,3.186,0,0.2124,-6.210422E-05,3.186,0
0.2133,-1.074235E-05,3.1995,0,0.2133,-5.639734E-05,3.1995,0
0.2142,2.954147E-05,3.213,0,0.2142,3.256275E-05,3.213,0
0.2151,-2.484169E-05,3.2265,0,0.2151,3.692683E-05,3.2265,0
0.216,5.035477E-06,3.24,0,0.216,8.392462E-06,3.24,0
0.2169,4.129091E-05,3.2535,0,0.2169,4.36408E-06,3.2535,0
0.2178,0.0001030594,3.267,0,0.2178,-4.162661E-05,3.267,0
0.2187,0.000133608,3.2805,0,0.2187,-6.210422E-05,3.2805,0
0.2196,9.030289E-05,3.294,0,0.2196,-3.591974E-05,3.294,0
0.2205,5.874724E-05,3.3075,0,0.2205,-2.014191E-05,3.3075,0
0.2214,8.291753E-05,3.321,0,0.2214,-6.74754E-05,3.321,0
0.2223,4.867628E-05,3.3345,0,0.2223,-0.0001493858,3.3345,0
0.2232,-3.994812E-05,3.348,0,0.2232,-0.0001517357,3.348,0
0.2241,5.069047E-05,3.3615,0,0.2241,-0.0001067521,3.3615,0
0.225,9.835965E-05,3.375,0,0.225,1.846342E-05,3.375,0
0.2259,5.572595E-05,3.3885,0,0.2259,8.090334E-05,3.3885,0
0.2268,7.385367E-06,3.402,0,0.2268,6.344701E-05,3.402,0
0.2277,0.0001047379,3.4155,0,0.2277,0.0001362936,3.4155,0
0.2286,8.493171E-05,3.429,0,0.2286,0.0001017166,3.429,0
0.2295,0.0001641566,3.4425,0,0.2295,-8.157473E-05,3.4425,0
0.2304,0.0001849699,3.456,0,0.2304,-0.0001138018,3.456,0
0.2313,-8.661021E-05,3.4695,0,0.2313,-0.0001379721,3.4695,0
0.2322,-0.0001698634,3.483,0,0.2322,-8.72816E-05,3.483,0
0.2331,-5.035477E-05,3.4965,0,0.2331,-0.0001101091,3.4965,0
0.234,-1.007095E-06,3.51,0,0.234,-9.567407E-05,3.51,0
0.2349,-0.0001322652,3.5235,0,0.2349,4.733349E-05,3.5235,0
0.2358,-0.0001467002,3.537,0,0.2358,0.0001537499,3.537,0
0.2367,-9.030289E-05,3.5505,0,0.2367,9.030289E-05,3.5505,0
0.2376,-4.901198E-05,3.564,0,0.2376,0.0001104448,3.564,0
0.2385,-8.090334E-05,3.5775,0,0.2385,0.0001762417,3.5775,0
0.2394,-1.007095E-06,3.591,0,0.2394,8.560311E-05,3.591,0
0.2403,-5.270466E-05,3.6045,0,0.2403,-2.383459E-05,3.6045,0
0.2412,-0.0001957122,3.618,0,0.2412,-8.123904E-05,3.618,0
0.2421,-0.0001134661,3.6315,0,0.2421,-7.821774E-05,3.6315,0
0.243,-4.599069E-05,3.645,0,0.243,-8.96315E-05,3.645,0
0.2439,-2.383459E-05,3.6585,0,0.2439,-7.989624E-05,3.6585,0
0.2448,0.0001144732,3.672,0,0.2448,-3.894102E-05,3.672,0
0.2457,0.0001406577,3.6855,0,0.2457,6.478981E-05,3.6855,0
0.2466,0.0001275654,3.699,0,0.2466,8.291753E-05,3.699,0
0.2475,0.0001379721,3.7125,0,0.2475,4.129091E-05,3.7125,0
0.2484,0.0001809415,3.726,0,0.2484,-6.076142E-05,3.726,0
0.2493,2.920577E-05,3.7395,0,0.2493,-7.653925E-05,3.7395,0
0.2502,-7.653925E-05,3.753,0,0.2502,-0.0001084306,3.753,0
0.2511,6.6804E-05,3.7665,0,0.2511,-0.0001164874,3.7665,0
0.252,1.544213E-05,3.78,0,0.252,-4.129091E-05,3.78,0
0.2529,-1.376364E-05,3.7935,0,0.2529,2.450599E-05,3.7935,0
0.2538,-2.584878E-05,3.807,0,0.2538,4.061952E-05,3.807,0
0.2547,-2.652018E-05,3.8205,0,0.2547,4.968337E-05,3.8205,0
0.2556,-1.678492E-06,3.834,0,0.2556,4.263371E-05,3.834,0
0.2565,-8.291753E-05,3.8475,0,0.2565,-5.673304E-05,3.8475,0
0.2574,-1.510643E-05,3.861,0,0.2574,-0.0001077592,3.861,0
0.2583,-7.821774E-05,3.8745,0,0.2583,-0.0001460288,3.8745,0
0.2592,-0.00024271,3.888,0,0.2592,-0.0001644923,3.888,0
0.2601,-0.0001473716,3.9015,0,0.2601,-0.0001141375,3.9015,0
0.261,-6.713969E-06,3.915,0,0.261,-0.0001292439,3.915,0
0.2619,-4.699779E-06,3.9285,0,0.2619,-0.0001037308,3.9285,0
0.2628,-4.666209E-05,3.942,0,0.2628,1.208515E-05,3.942,0
0.2637,3.021286E-06,3.9555,0,0.2637,3.860533E-05,3.9555,0
0.2646,3.994812E-05,3.969,0,0.2646,4.766919E-05,3.969,0
0.2655,0.0001003738,3.9825,0,0.2655,9.097429E-05,3.9825,0
0.2664,0.0001084306,3.996,0,0.2664,6.54612E-05,3.996,0
0.2673,8.258183E-05,4.0095,0,0.2673,5.270466E-05,4.0095,0
0.2682,7.183947E-05,4.023,0,0.2682,3.189136E-05,4.023,0
0.2691,9.332418E-05,4.0365,0,0.2691,-8.392462E-06,4.0365,0
0.27,0.0001322652,4.05,0,0.27,-1.712062E-05,4.05,0
0.2709,0.0001514,4.0635,0,0.2709,-3.961242E-05,4.0635,0
0.2718,0.000136965,4.077,0,0.2718,-8.69459E-05,4.077,0
0.2727,-4.46479E-05,4.0905,0,0.2727,-1.309224E-05,4.0905,0
0.2736,-0.000252781,4.104,0,0.2736,9.433127E-05,4.104,0
0.2745,-0.0002168612,4.1175,0,0.2745,3.994812E-05,4.1175,0
0.2754,-0.0001299153,4.131,0,0.2754,1.007095E-06,4.131,0
0.2763,-3.659113E-05,4.1445,0,0.2763,2.618448E-05,4.1445,0
0.2772,2.920577E-05,4.158,0,0.2772,9.735256E-06,4.158,0
0.2781,-1.678492E-06,4.1715,0,0.2781,-4.061952E-05,4.1715,0
0.279,-4.196231E-05,4.185,0,0.279,5.706874E-06,4.185,0
0.2799,-5.001907E-05,4.1985,0,0.2799,-1.443504E-05,4.1985,0
0.2808,-2.853437E-05,4.212,0,0.2808,-0.0001943694,4.212,0
0.2817,5.270466E-05,4.2255,0,0.2817,-0.0002406958,4.2255,0
0.2826,6.277562E-05,4.239,0,0.2826,-0.0002128328,4.239,0
0.2835,3.692683E-06,4.2525,0,0.2835,-0.0001933623,4.2525,0
0.2844,9.634547E-05,4.266,0,0.2844,-0.0001097734,4.266,0
0.2853,0.0001554284,4.2795,0,0.2853,5.203327E-05,4.2795,0
0.2862,-2.618448E-05,4.293,0,0.2862,0.0001003738,4.293,0
0.2871,-4.43122E-05,4.3065,0,0.2871,0.0001084306,4.3065,0
0.288,3.356985E-07,4.32,0,0.288,9.903105E-05,4.32,0
0.2889,-0.0002376745,4.3335,0,0.2889,7.519646E-05,4.3335,0
0.2898,-0.0002568093,4.347,0,0.2898,0.0001849699,4.347,0
0.2907,1.510643E-05,4.3605,0,0.2907,0.0001107805,4.3605,0
0.2916,8.358892E-05,4.374,0,0.2916,3.054856E-05,4.374,0
0.2925,2.853437E-05,4.3875,0,0.2925,7.284657E-05,4.3875,0
0.2934,-7.016098E-05,4.401,0,0.2934,0.0001007095,4.401,0
0.2943,-5.874724E-05,4.4145,0,0.2943,5.706874E-06,4.4145,0
0.2952,-4.800488E-05,4.428,0,0.2952,-1.879912E-05,4.428,0
0.2961,-0.0001832914,4.4415,0,0.2961,-1.644922E-05,4.4415,0
0.297,-7.586786E-05,4.455,0,0.297,-3.256275E-05,4.455,0
0.2979,2.652018E-05,4.4685,0,0.2979,-5.304036E-05,4.4685,0
0.2988,0.0001587854,4.482,0,0.2988,-6.64683E-05,4.482,0
0.2997,0.0002457313,4.4955,0,0.2997,-3.524834E-05,4.4955,0
0.3006,0.0001151446,4.509,0,0.3006,-2.652018E-05,4.509,0
0.3015,9.735256E-05,4.5225,0,0.3015,-7.821774E-05,4.5225,0
0.3024,4.53193E-05,4.536,0,0.3024,-8.291753E-05,4.536,0
0.3033,-8.426032E-05,4.5495,0,0.3033,-2.887007E-05,4.5495,0
0.3042,-1.712062E-05,4.563,0,0.3042,-3.591974E-05,4.563,0
0.3051,-0.0001242084,4.5765,0,0.3051,-7.049668E-05,4.5765,0
0.306,-0.0002977645,4.59,0,0.306,-4.46479E-05,4.59,0
0.3069,-5.438316E-05,4.6035,0,0.3069,-5.069047E-05,4.6035,0
0.3078,3.692683E-05,4.617,0,0.3078,-9.567407E-05,4.617,0
0.3087,-5.706874E-05,4.6305,0,0.3087,-8.82887E-05,4.6305,0
0.3096,-9.097429E-05,4.644,0,0.3096,-6.948959E-05,4.644,0
0.3105,-4.666209E-05,4.6575,0,0.3105,-8.426032E-05,4.6575,0
0.3114,-0.0001151446,4.671,0,0.3114,-8.560311E-05,4.671,0
0.3123,5.035477E-06,4.6845,0,0.3123,-6.64683E-05,4.6845,0
0.3132,7.486076E-05,4.698,0,0.3132,-1.779202E-05,4.698,0
0.3141,0.0001762417,4.7115,0,0.3141,-2.349889E-06,4.7115,0
0.315,0.0001715419,4.725,0,0.315,-4.33051E-05,4.725,0
0.3159,0.0002000763,4.7385,0,0.3159,-6.61326E-05,4.7385,0
0.3168,0.0003931029,4.752,0,0.3168,-9.835965E-05,4.752,0
0.3177,0.0002594949,4.7655,0,0.3177,-0.0003279774,4.7655,0
0.3186,-5.673304E-05,4.779,0,0.3186,-0.0004414435,4.779,0
0.3195,-0.0001836271,4.7925,0,0.3195,-0.0003598688,4.7925,0
0.3204,-0.0001849699,4.806,0,0.3204,-0.0001265583,4.806,0
0.3213,-0.0004870985,4.8195,0,0.3213,0.0001171588,4.8195,0
0.3222,-0.0004454719,4.833,0,0.3222,0.000369604,4.833,0
0.3231,-0.0001393149,4.8465,0,0.3231,0.0005528954,4.8465,0
0.324,-8.82887E-05,4.86,0,0.324,0.0004011597,4.86,0
0.3249,-6.210422E-05,4.8735,0,0.3249,0.0002000763,4.8735,0
0.3258,1.007095E-05,4.887,0,0.3258,0.0001144732,4.887,0
0.3267,4.36408E-05,4.9005,0,0.3267,6.009003E-05,4.9005,0
0.3276,4.36408E-05,4.914,0,0.3276,1.510643E-05,4.914,0
0.3285,0.0001218585,4.9275,0,0.3285,-6.210422E-05,4.9275,0
0.3294,0.0001282368,4.941,0,0.3294,-4.766919E-05,4.941,0
0.3303,8.69459E-05,4.9545,0,0.3303,-1.040665E-05,4.9545,0
0.3312,7.721065E-05,4.968,0,0.3312,-6.210422E-05,4.968,0
0.3321,0.0001500572,4.9815,0,0.3321,-0.0001275654,4.9815,0
0.333,0.0001990692,4.995,0,0.333,-0.0001104448,4.995,0
0.3339,0.0002124971,5.0085,0,0.3339,-3.289845E-05,5.0085,0
0.3348,5.236896E-05,5.022,0,0.3348,-6.64683E-05,5.022,0
0.3357,-3.994812E-05,5.0355,0,0.3357,3.524834E-05,5.0355,0
0.3366,-9.030289E-05,5.049,0,0.3366,0.0001540856,5.049,0
0.3375,-0.0001205158,5.0625,0,0.3375,0.0001688563,5.0625,0
0.3384,-7.519646E-05,5.076,0,0.3384,8.69459E-05,5.076,0
0.3393,-0.0001003738,5.0895,0,0.3393,-3.155566E-05,5.0895,0
0.3402,-5.975433E-05,5.103,0,0.3402,-2.28275E-05,5.103,0
0.3411,1.007095E-05,5.1165,0,0.3411,-2.18204E-05,5.1165,0
0.342,6.51255E-05,5.13,0,0.342,-7.821774E-05,5.13,0
0.3429,-1.309224E-05,5.1435,0,0.3429,-8.627451E-05,5.1435,0
0.3438,-5.975433E-05,5.157,0,0.3438,-2.752728E-05,5.157,0
0.3447,3.457694E-05,5.1705,0,0.3447,-7.821774E-05,5.1705,0
0.3456,9.936675E-05,5.184,0,0.3456,-0.0002158541,5.184,0
0.3465,7.956054E-05,5.1975,0,0.3465,-0.0002158541,5.1975,0
0.3474,5.337606E-05,5.211,0,0.3474,-0.0001819486,5.211,0
0.3483,-2.719158E-05,5.2245,0,0.3483,-0.0001641566,5.2245,0
0.3492,-9.466698E-05,5.238,0,0.3492,-4.968337E-05,5.238,0
0.3501,-0.0002017548,5.2515,0,0.3501,0.0001131304,5.2515,0
0.351,-0.0001789273,5.265,0,0.351,0.0001144732,5.265,0
0.3519,-3.994812E-05,5.2785,0,0.3519,-1.074235E-05,5.2785,0
0.3528,5.841154E-05,5.292,0,0.3528,-5.270466E-05,5.292,0
0.3537,8.560311E-05,5.3055,0,0.3537,7.721065E-06,5.3055,0
0.3546,1.980621E-05,5.319,0,0.3546,4.968337E-05,5.319,0
0.3555,6.713969E-07,5.3325,0,0.3555,5.975433E-05,5.3325,0
0.3564,-3.692683E-06,5.346,0,0.3564,4.263371E-05,5.346,0
0.3573,-0.0001064164,5.3595,0,0.3573,3.994812E-05,5.3595,0
0.3582,-9.701686E-05,5.373,0,0.3582,-1.745632E-05,5.373,0
0.3591,3.323415E-05,5.3865,0,0.3591,-2.853437E-05,5.3865,0
0.36,9.768826E-05,5.4,0,0.36,2.752728E-05,5.4,0
0.3609,0.0002010834,5.4135,0,0.3609,1.443504E-05,5.4135,0
0.3618,0.0002729229,5.427,0,0.3618,-4.934768E-05,5.427,0
0.3627,0.000460914,5.4405,0,0.3627,-9.433127E-05,5.4405,0
0.3636,0.0004078737,5.454,0,0.3636,-9.533837E-05,5.454,0
0.3645,0.0001836271,5.4675,0,0.3645,-0.0001201801,5.4675,0
0.3654,2.383459E-05,5.481,0,0.3654,-0.0001121233,5.481,0
0.3663,-0.0002685588,5.4945,0,0.3663,-7.049668E-05,5.4945,0
0.3672,-0.0008681163,5.508,0,0.3672,6.378271E-06,5.508,0
0.3681,-0.0006059358,5.5215,0,0.3681,-1.577783E-05,5.5215,0
0.369,-0.0002447242,5.535,0,0.369,-4.666209E-05,5.535,0
0.3699,-0.0001534142,5.5485,0,0.3699,1.007095E-05,5.5485,0
0.3708,-3.021286E-06,5.562,0,0.3708,8.291753E-05,5.562,0
0.3717,9.063859E-06,5.5755,0,0.3717,2.517739E-05,5.5755,0
0.3726,8.291753E-05,5.589,0,0.3726,-9.701686E-05,5.589,0
0.3735,4.867628E-05,5.6025,0,0.3735,-0.0001232013,5.6025,0
0.3744,-6.74754E-05,5.616,0,0.3744,-0.0001809415,5.616,0
0.3753,-0.0001114519,5.6295,0,0.3753,-0.0001916838,5.6295,0
0.3762,-3.155566E-05,5.643,0,0.3762,-0.0001181659,5.643,0
0.3771,4.632639E-05,5.6565,0,0.3771,6.411841E-05,5.6565,0
0.378,0.0001010452,5.67,0,0.378,0.0001104448,5.67,0
0.3789,6.176852E-05,5.6835,0,0.3789,0.0001107805,5.6835,0
0.3798,5.001907E-05,5.697,0,0.3798,5.874724E-05,5.697,0
0.3807,2.1149E-05,5.7105,0,0.3807,4.599069E-05,5.7105,0
0.3816,-5.539025E-05,5.724,0,0.3816,2.853437E-05,5.724,0
0.3825,-2.752728E-05,5.7375,0,0.3825,-2.316319E-05,5.7375,0
0.3834,0.0001849699,5.751,0,0.3834,3.054856E-05,5.751,0
0.3843,0.0004911269,5.7645,0,0.3843,6.076142E-05,5.7645,0
0.3852,0.0005300679,5.778,0,0.3852,-2.786297E-05,5.778,0
0.3861,0.0002034333,5.7915,0,0.3861,-0.0001943694,5.7915,0
0.387,-0.0002333104,5.805,0,0.387,-0.0001396506,5.805,0
0.3879,-0.0002860151,5.8185,0,0.3879,-4.53193E-05,5.8185,0
0.3888,-0.0004850843,5.832,0,0.3888,-5.001907E-05,5.832,0
0.3897,-0.0004743419,5.8455,0,0.3897,-6.713969E-07,5.8455,0
0.3906,-7.855344E-05,5.859,0,0.3906,0.0001493858,5.859,0
0.3915,-3.591974E-05,5.8725,0,0.3915,0.0002856794,5.8725,0
0.3924,-2.081331E-05,5.886,0,0.3924,0.0001883268,5.886,0
0.3933,-3.256275E-05,5.8995,0,0.3933,4.263371E-05,5.8995,0
0.3942,-2.349889E-06,5.913,0,0.3942,1.309224E-05,5.913,0
0.3951,7.821774E-05,5.9265,0,0.3951,2.047761E-05,5.9265,0
0.396,0.0001285725,5.94,0,0.396,6.713969E-06,5.94,0
0.3969,0.000190341,5.9535,0,0.3969,-5.774014E-05,5.9535,0
0.3978,0.0003058213,5.967,0,0.3978,-0.000126894,5.967,0
0.3987,0.0004004883,5.9805,0,0.3987,-0.0001829557,5.9805,0
0.3996,0.0004280156,5.994,0,0.3996,-0.0002077974,5.994,0
0.4005,0.0002353246,6.0075,0,0.4005,-0.000126894,6.0075,0
0.4014,-0.0002641947,6.021,0,0.4014,-1.779202E-05,6.021,0
0.4023,-0.0005451743,6.0345,0,0.4023,6.478981E-05,6.0345,0
0.4032,-0.0005740444,6.048,0,0.4032,0.0001292439,6.048,0
0.4041,-0.0004125734,6.0615,0,0.4041,0.0001359579,6.0615,0
0.405,-0.000123537,6.075,0,0.405,5.606165E-05,6.075,0
0.4059,-0.0001359579,6.0885,0,0.4059,-3.356985E-07,6.0885,0
0.4068,-8.69459E-05,6.102,0,0.4068,-3.121996E-05,6.102,0
0.4077,1.510643E-05,6.1155,0,0.4077,-1.309224E-05,6.1155,0
0.4086,1.141375E-05,6.129,0,0.4086,-2.853437E-05,6.129,0
0.4095,1.577783E-05,6.1425,0,0.4095,-6.57969E-05,6.1425,0
0.4104,3.927672E-05,6.156,0,0.4104,-9.030289E-05,6.156,0
0.4113,2.920577E-05,6.1695,0,0.4113,-5.236896E-05,6.1695,0
0.4122,0.0001094377,6.183,0,0.4122,-3.994812E-05,6.183,0
0.4131,8.69459E-05,6.1965,0,0.4131,-0.0001487144,6.1965,0
0.414,3.189136E-05,6.21,0,0.414,-0.0002641947,6.21,0
0.4149,-2.920577E-05,6.2235,0,0.4149,-0.0002702373,6.2235,0
0.4158,5.035477E-06,6.237,0,0.4158,-0.0002232395,6.237,0
0.4167,3.189136E-05,6.2505,0,0.4167,-8.996719E-05,6.2505,0
0.4176,4.934768E-05,6.264,0,0.4176,8.392462E-05,6.264,0
0.4185,0.0001399863,6.2775,0,0.4185,0.0002319677,6.2775,0
0.4194,0.000105745,6.291,0,0.4194,0.0002648661,6.291,0
0.4203,6.814679E-05,6.3045,0,0.4203,0.0001272297,6.3045,0
0.4212,6.109713E-05,6.318,0,0.4212,8.023193E-05,6.318,0
0.4221,1.275654E-05,6.3315,0,0.4221,6.814679E-05,6.3315,0
0.423,2.517739E-05,6.345,0,0.423,2.24918E-05,6.345,0
0.4239,4.263371E-05,6.3585,0,0.4239,1.376364E-05,6.3585,0
0.4248,5.069047E-05,6.372,0,0.4248,-2.450599E-05,6.372,0
0.4257,6.143282E-05,6.3855,0,0.4257,-0.0002138399,6.3855,0
0.4266,0.0001980621,6.399,0,0.4266,-0.0003440909,6.399,0
0.4275,0.0001762417,6.4125,0,0.4275,-0.0003215991,6.4125,0
0.4284,3.659113E-05,6.426,0,0.4284,-0.0002218967,6.426,0
0.4293,7.989624E-05,6.4395,0,0.4293,-0.0001208515,6.4395,0
0.4302,3.021286E-06,6.453,0,0.4302,2.853437E-05,6.453,0
0.4311,-0.0001957122,6.4665,0,0.4311,0.000316228,6.4665,0
0.432,-0.0001245441,6.48,0,0.432,0.0002923934,6.48,0
0.4329,-1.242084E-05,6.4935,0,0.4329,0.0001151446,6.4935,0
0.4338,8.157473E-05,6.507,0,0.4338,3.793393E-05,6.507,0
0.4347,2.014191E-05,6.5205,0,0.4347,4.901198E-05,6.5205,0
0.4356,-0.0002470741,6.534,0,0.4356,9.869535E-05,6.534,0
0.4365,-0.0003951171,6.5475,0,0.4365,6.411841E-05,6.5475,0
0.4374,-0.0001641566,6.561,0,0.4374,-1.007095E-05,6.561,0
0.4383,6.78111E-05,6.5745,0,0.4383,3.591974E-05,6.5745,0
0.4392,0.0002145113,6.588,0,0.4392,7.788205E-05,6.588,0
0.4401,0.0002064546,6.6015,0,0.4401,1.644922E-05,6.6015,0
0.441,0.000158114,6.615,0,0.441,7.754635E-05,6.615,0
0.4419,8.526741E-05,6.6285,0,0.4419,2.316319E-05,6.6285,0
0.4428,-2.1149E-05,6.642,0,0.4428,-0.0001668421,6.642,0
0.4437,-6.076142E-05,6.6555,0,0.4437,-0.0002752728,6.6555,0
0.4446,-5.404745E-05,6.669,0,0.4446,-0.0002329748,6.669,0
0.4455,-0.0001356222,6.6825,0,0.4455,-0.0001638209,6.6825,0
0.4464,-1.913481E-05,6.696,0,0.4464,-6.6804E-05,6.696,0
0.4473,-4.061952E-05,6.7095,0,0.4473,1.812772E-05,6.7095,0
0.4482,-0.0002403601,6.723,0,0.4482,4.263371E-05,6.723,0
0.4491,-0.0004246586,6.7365,0,0.4491,7.351797E-05,6.7365,0
0.45,-0.000383032,6.75,0,0.45,2.047761E-05,6.75,0
0.4509,-0.0001916838,6.7635,0,0.4509,-9.399558E-06,6.7635,0
0.4518,-3.021286E-06,6.777,0,0.4518,4.733349E-05,6.777,0
0.4527,3.356985E-06,6.7905,0,0.4527,1.477073E-05,6.7905,0
0.4536,1.242084E-05,6.804,0,0.4536,-8.661021E-05,6.804,0
0.4545,7.351797E-05,6.8175,0,0.4545,-0.0001060807,6.8175,0
0.4554,8.560311E-05,6.831,0,0.4554,-8.69459E-05,6.831,0
0.4563,0.0001675135,6.8445,0,0.4563,-0.0001312581,6.8445,0
0.4572,0.0001540856,6.858,0,0.4572,-0.0002034333,6.858,0
0.4581,5.505455E-05,6.8715,0,0.4581,-0.0003390555,6.8715,0
0.459,0.0002024262,6.885,0,0.459,-0.000351812,6.885,0
0.4599,0.0002722515,6.8985,0,0.4599,-0.0003494621,6.8985,0
0.4608,0.0001607996,6.912,0,0.4608,-0.0002272679,6.912,0
0.4617,-0.0002339818,6.9255,0,0.4617,7.083238E-05,6.9255,0
0.4626,-0.0001983978,6.939,0,0.4626,0.0004179446,6.939,0
0.4635,-7.452507E-05,6.9525,0,0.4635,0.000646891,6.9525,0
0.4644,-0.0001255512,6.966,0,0.4644,0.0004521859,6.966,0
0.4653,5.035477E-06,6.9795,0,0.4653,0.0002558022,6.9795,0
0.4662,0.0001916838,6.993,0,0.4662,0.0001789273,6.993,0
0.4671,0.0003078355,7.0065,0,0.4671,5.539025E-05,7.0065,0
0.468,0.000200412,7.02,0,0.468,4.699779E-05,7.02,0
0.4689,0.000270573,7.0335,0,0.4689,4.36408E-06,7.0335,0
0.4698,0.0002984359,7.047,0,0.4698,-8.358892E-05,7.047,0
0.4707,4.36408E-06,7.0605,0,0.4707,-0.0001040665,7.0605,0
0.4716,-0.0003581903,7.074,0,0.4716,-4.229801E-05,7.074,0
0.4725,-0.0003702754,7.0875,0,0.4725,-3.826963E-05,7.0875,0
0.4734,-0.0002853437,7.101,0,0.4734,-3.256275E-05,7.101,0
0.4743,-0.0002860151,7.1145,0,0.4743,-8.493171E-05,7.1145,0
0.4752,-0.0003246204,7.128,0,0.4752,-7.989624E-05,7.128,0
0.4761,-9.231708E-05,7.1415,0,0.4761,-5.471885E-05,7.1415,0
0.477,8.493171E-05,7.155,0,0.477,-4.46479E-05,7.155,0
0.4779,7.687495E-05,7.1685,0,0.4779,-4.33051E-05,7.1685,0
0.4788,7.351797E-05,7.182,0,0.4788,-3.356985E-05,7.182,0
0.4797,0.0001161517,7.1955,0,0.4797,-6.009003E-05,7.1955,0
0.4806,3.054856E-05,7.209,0,0.4806,-7.418937E-05,7.209,0
0.4815,-2.987716E-05,7.2225,0,0.4815,-2.383459E-05,7.2225,0
0.4824,0.0001681849,7.236,0,0.4824,-6.076142E-05,7.236,0
0.4833,0.000179263,7.2495,0,0.4833,-8.358892E-05,7.2495,0
0.4842,-1.712062E-05,7.263,0,0.4842,-5.471885E-05,7.263,0
0.4851,-9.500267E-05,7.2765,0,0.4851,-4.43122E-05,7.2765,0
0.486,-9.634547E-05,7.29,0,0.486,-0.0001299153,7.29,0
0.4869,-0.0001467002,7.3035,0,0.4869,-0.0003105211,7.3035,0
0.4878,-3.894102E-05,7.317,0,0.4878,-0.0003212634,7.317,0
0.4887,0.0001762417,7.3305,0,0.4887,-0.0002017548,7.3305,0
0.4896,0.0001822843,7.344,0,0.4896,-8.191043E-05,7.344,0
0.4905,9.164568E-05,7.3575,0,0.4905,6.61326E-05,7.3575,0
0.4914,-0.0002823224,7.371,0,0.4914,0.0002417029,7.371,0
0.4923,-0.0001238727,7.3845,0,0.4923,0.0003951171,7.3845,0
0.4932,-5.035477E-06,7.398,0,0.4932,0.0001930266,7.398,0
0.4941,-3.793393E-05,7.4115,0,0.4941,7.956054E-05,7.4115,0
0.495,-4.934768E-05,7.425,0,0.495,7.821774E-05,7.425,0
0.4959,-1.174945E-05,7.4385,0,0.4959,4.061952E-05,7.4385,0
0.4968,7.284657E-05,7.452,0,0.4968,-2.417029E-05,7.452,0
0.4977,0.0001554284,7.4655,0,0.4977,-4.632639E-05,7.4655,0
0.4986,0.0001346151,7.479,0,0.4986,-2.920577E-05,7.479,0
0.4995,7.888914E-05,7.4925,0,0.4995,-0.0001245441,7.4925,0
0.5004,-0.0001994049,7.506,0,0.5004,-0.0001080949,7.506,0
0.5013,-0.0003538262,7.5195,0,0.5013,-9.164568E-05,7.5195,0
0.5022,-0.0001497215,7.533,0,0.5022,-6.6804E-05,7.533,0
0.5031,-5.807584E-05,7.5465,0,0.5031,-4.028382E-05,7.5465,0
0.504,1.309224E-05,7.56,0,0.504,-8.157473E-05,7.56,0
0.5049,8.291753E-05,7.5735,0,0.5049,-2.450599E-05,7.5735,0
0.5058,5.069047E-05,7.587,0,0.5058,5.572595E-05,7.587,0
0.5067,4.49836E-05,7.6005,0,0.5067,-3.356985E-06,7.6005,0
0.5076,0.0001299153,7.614,0,0.5076,-4.666209E-05,7.614,0
0.5085,0.0002239109,7.6275,0,0.5085,7.452507E-05,7.6275,0
0.5094,0.0002628519,7.641,0,0.5094,0.0001262226,7.641,0
0.5103,0.0001587854,7.6545,0,0.5103,2.1149E-05,7.6545,0
0.5112,8.291753E-05,7.668,0,0.5112,-2.047761E-05,7.668,0
0.5121,-0.0001342794,7.6815,0,0.5121,-0.0001168231,7.6815,0
0.513,-0.0002269322,7.695,0,0.513,-0.0002373388,7.695,0
0.5139,-0.000148043,7.7085,0,0.5139,-0.0003121996,7.7085,0
0.5148,-0.0001030594,7.722,0,0.5148,-0.000295079,7.722,0
0.5157,-0.0001258869,7.7355,0,0.5157,-0.0001980621,7.7355,0
0.5166,-0.0001030594,7.749,0,0.5166,-3.524834E-05,7.749,0
0.5175,-3.457694E-05,7.7625,0,0.5175,0.0002269322,7.7625,0
0.5184,7.721065E-06,7.776,0,0.5184,0.0003074998,7.776,0
0.5193,6.78111E-05,7.7895,0,0.5193,0.000224918,7.7895,0
0.5202,7.888914E-05,7.803,0,0.5202,0.0001607996,7.803,0
0.5211,0,7.8165,0,0.5211,-3.927672E-05,7.8165,0
0.522,-0.0001037308,7.83,0,0.522,-1.208515E-05,7.83,0
0.5229,-8.090334E-05,7.8435,0,0.5229,1.007095E-05,7.8435,0
0.5238,-9.768826E-05,7.857,0,0.5238,-8.090334E-05,7.857,0
0.5247,5.136187E-05,7.8705,0,0.5247,-6.311131E-05,7.8705,0
0.5256,0.0001607996,7.884,0,0.5256,5.539025E-05,7.884,0
0.5265,0.0003434196,7.8975,0,0.5265,0.0001393149,7.8975,0
0.5274,0.0004891127,7.911,0,0.5274,1.678492E-06,7.911,0
0.5283,0.0002591592,7.9245,0,0.5283,-0.0001735561,7.9245,0
0.5292,-9.063859E-05,7.938,0,0.5292,-0.0001252155,7.938,0
0.5301,-0.0002682231,7.9515,0,0.5301,-0.0001409934,7.9515,0
0.531,-0.0004166018,7.965,0,0.531,-0.000130251,7.965,0
0.5319,-0.0003521477,7.9785,0,0.5319,3.356985E-07,7.9785,0
0.5328,-0.0001856413,7.992,0,0.5328,0.0001889983,7.992,0
0.5337,5.673304E-05,8.0055,0,0.5337,8.493171E-05,8.0055,0
0.5346,0.0004716564,8.019,0,0.5346,-0.0001312581,8.019,0
0.5355,0.0003202563,8.0325,0,0.5355,-0.0002326391,8.0325,0
0.5364,8.661021E-05,8.046,0,0.5364,-0.0003111925,8.046,0
0.5373,7.150377E-05,8.0595,0,0.5373,-0.0002057832,8.0595,0
0.5382,-1.779202E-05,8.073,0,0.5382,4.028382E-06,8.073,0
0.5391,-0.0005223468,8.0865,0,0.5391,0.0002111543,8.0865,0
0.54,-0.0006814679,8.1,0,0.54,0.0002574807,8.1,0
0.5409,-0.0001863127,8.1135,0,0.5409,0.0002910506,8.1135,0
0.5418,8.459602E-05,8.127,0,0.5418,0.0003726253,8.127,0
0.5427,5.035477E-06,8.1405,0,0.5427,0.0002594949,8.1405,0
0.5436,-0.0001883268,8.154,0,0.5436,0.0001030594,8.154,0
0.5445,-8.761731E-05,8.1675,0,0.5445,-2.920577E-05,8.1675,0
0.5454,-5.941863E-05,8.181,0,0.5454,-0.0001198444,8.181,0
0.5463,-0.000102388,8.1945,0,0.5463,-5.807584E-05,8.1945,0
0.5472,0.0001121233,8.208,0,0.5472,-1.007095E-05,8.208,0
0.5481,0.0004743419,8.2215,0,0.5481,-3.256275E-05,8.2215,0
0.549,0.0003850462,8.235,0,0.549,-2.383459E-05,8.235,0
0.5499,0.0002735943,8.2485,0,0.5499,-0.0001960479,8.2485,0
0.5508,0.0003581903,8.262,0,0.5508,-0.0003981384,8.262,0
0.5517,0.0004092164,8.2755,0,0.5517,-0.000355169,8.2755,0
0.5526,2.517739E-05,8.289,0,0.5526,-0.0002507668,8.289,0
0.5535,-0.0004196231,8.3025,0,0.5535,-0.0001383078,8.3025,0
0.5544,-0.0005089189,8.316,0,0.5544,8.526741E-05,8.316,0
0.5553,-0.0003158923,8.3295,0,0.5553,0.0002185397,8.3295,0
0.5562,-0.0003810178,8.343,0,0.5562,0.0001775845,8.343,0
0.5571,-0.0003541619,8.3565,0,0.5571,6.277562E-05,8.3565,0
0.558,-5.807584E-05,8.37,0,0.558,-7.687495E-05,8.37,0
0.5589,-0.0002155184,8.3835,0,0.5589,-3.256275E-05,8.3835,0
0.5598,-0.0003048142,8.397,0,0.5598,1.510643E-05,8.397,0
0.5607,-4.800488E-05,8.4105,0,0.5607,1.510643E-05,8.4105,0
0.5616,0.000102388,8.424,0,0.5616,1.812772E-05,8.424,0
0.5625,9.567407E-05,8.4375,0,0.5625,4.733349E-05,8.4375,0
0.5634,0.0001409934,8.451,0,0.5634,7.385367E-06,8.451,0
0.5643,0.0001943694,8.4645,0,0.5643,-0.0001188373,8.4645,0
0.5652,0.0002218967,8.478,0,0.5652,-0.0001883268,8.478,0
0.5661,0.0001816129,8.4915,0,0.5661,-0.0001762417,8.4915,0
0.567,1.577783E-05,8.505,0,0.567,-0.000144686,8.505,0
0.5679,-5.471885E-05,8.5185,0,0.5679,-5.001907E-05,8.5185,0
0.5688,0.0001185016,8.532,0,0.5688,4.867628E-05,8.532,0
0.5697,4.599069E-05,8.5455,0,0.5697,0.0001728847,8.5455,0
0.5706,0.000102388,8.559,0,0.5706,0.0001453574,8.559,0
0.5715,0.0001359579,8.5725,0,0.5715,-4.028382E-06,8.5725,0
0.5724,-6.713969E-07,8.586,0,0.5724,-3.189136E-05,8.586,0
0.5733,-0.00021149,8.5995,0,0.5733,-3.021286E-06,8.5995,0
0.5742,-0.00024271,8.613,0,0.5742,-3.961242E-05,8.613,0
0.5751,1.342794E-05,8.6265,0,0.5751,-5.203327E-05,8.6265,0
0.576,6.411841E-05,8.64,0,0.576,-5.841154E-05,8.64,0
0.5769,0.0001332723,8.6535,0,0.5769,-8.090334E-05,8.6535,0
0.5778,0.0001695277,8.667,0,0.5778,-7.217517E-05,8.667,0
0.5787,0.0001493858,8.6805,0,0.5787,-1.611353E-05,8.6805,0
0.5796,0.0001943694,8.694,0,0.5796,5.001907E-05,8.694,0
0.5805,0.0003048142,8.7075,0,0.5805,5.404745E-05,8.7075,0
0.5814,0.0005485313,8.721,0,0.5814,7.721065E-06,8.721,0
0.5823,0.0006979171,8.7345,0,0.5823,-5.001907E-05,8.7345,0
0.5832,0.0004867628,8.748,0,0.5832,-9.634547E-05,8.748,0
0.5841,-5.069047E-05,8.7615,0,0.5841,-0.0001708705,8.7615,0
0.585,-0.0004129091,8.775,0,0.585,-0.0001574426,8.775,0
0.5859,-0.0009355916,8.7885,0,0.5859,-0.0001228656,8.7885,0
0.5868,-0.001016495,8.802,0,0.5868,-5.874724E-05,8.802,0
0.5877,-0.0004844129,8.8155,0,0.5877,-9.735256E-06,8.8155,0
0.5886,-0.0002017548,8.829,0,0.5886,1.980621E-05,8.829,0
0.5895,-0.0001141375,8.8425,0,0.5895,6.6804E-05,8.8425,0
0.5904,-7.217517E-05,8.856,0,0.5904,1.846342E-05,8.856,0
0.5913,-7.217517E-05,8.8695,0,0.5913,-3.356985E-07,8.8695,0
0.5922,-5.539025E-05,8.883,0,0.5922,8.459602E-05,8.883,0
0.5931,-1.913481E-05,8.8965,0,0.5931,6.277562E-05,8.8965,0
0.594,-1.007095E-05,8.91,0,0.594,-3.323415E-05,8.91,0
0.5949,0.0001201801,8.9235,0,0.5949,-0.0001144732,8.9235,0
0.5958,0.000224918,8.937,0,0.5958,-9.802396E-05,8.937,0
0.5967,0.0001701991,8.9505,0,0.5967,8.023193E-05,8.9505,0
0.5976,6.54612E-05,8.964,0,0.5976,4.666209E-05,8.964,0
0.5985,0.0001037308,8.9775,0,0.5985,-0.0001661708,8.9775,0
0.5994,4.53193E-05,8.991,0,0.5994,-0.0002292821,8.991,0
0.6003,-5.606165E-05,9.0045,0,0.6003,-0.0001688563,9.0045,0
0.6012,8.291753E-05,9.018,0,0.6012,-4.766919E-05,9.018,0
0.6021,0.0002779583,9.0315,0,0.6021,-6.713969E-07,9.0315,0
0.603,0.0003189135,9.045,0,0.603,0.000278294,9.045,0
0.6039,0.0001923552,9.0585,0,0.6039,0.0003988098,9.0585,0
0.6048,0.0001084306,9.072001,0,0.6048,0.0001957122,9.072001,0
0.6057,-0.0002014191,9.0855,0,0.6057,0.0001621424,9.0855,0
0.6066,-0.0004501717,9.099,0,0.6066,0.0001524071,9.099,0
0.6075,-0.0002840009,9.1125,0,0.6075,6.948959E-05,9.1125,0
0.6084,-2.081331E-05,9.126,0,0.6084,3.256275E-05,9.126,0
0.6093,1.242084E-05,9.1395,0,0.6093,7.083238E-05,9.1395,0
0.6102,-5.001907E-05,9.153,0,0.6102,6.378271E-06,9.153,0
0.6111,1.242084E-05,9.1665,0,0.6111,-0.0001849699,9.1665,0
0.612,-2.383459E-05,9.18,0,0.612,-0.000330663,9.18,0
0.6129,2.652018E-05,9.1935,0,0.6129,-0.0004283513,9.1935,0
0.6138,0.0002252537,9.207,0,0.6138,-0.000433051,9.207,0
0.6147,0.0003246204,9.2205,0,0.6147,-0.0004615854,9.2205,0
0.6156,0.0001698634,9.234,0,0.6156,-0.0004021668,9.234,0
0.6165,2.853437E-05,9.2475,0,0.6165,-0.0001426719,9.2475,0
0.6174,-9.433127E-05,9.261,0,0.6174,-4.867628E-05,9.261,0
0.6183,-0.0003387198,9.2745,0,0.6183,0.0001473716,9.2745,0
0.6192,-0.000200412,9.288,0,0.6192,0.0003642329,9.288,0
0.6201,8.89601E-05,9.3015,0,0.6201,0.0005334249,9.3015,0
0.621,0.0001205158,9.315,0,0.621,0.0004750133,9.315,0
0.6219,-2.584878E-05,9.3285,0,0.6219,0.0003964599,9.3285,0
0.6228,-0.0001591211,9.342,0,0.6228,0.0002608377,9.342,0
0.6237,-0.0001775845,9.3555,0,0.6237,7.486076E-05,9.3555,0
0.6246,-3.558404E-05,9.369,0,0.6246,6.243992E-05,9.369,0
0.6255,6.713969E-07,9.3825,0,0.6255,4.632639E-05,9.3825,0
0.6264,-8.86244E-05,9.396,0,0.6264,-7.956054E-05,9.396,0
0.6273,8.560311E-05,9.4095,0,0.6273,-0.0002608377,9.4095,0
0.6282,0.0003215991,9.423,0,0.6282,-0.0002890364,9.423,0
0.6291,0.0004172732,9.4365,0,0.6291,-0.0002581521,9.4365,0
0.63,0.0004276799,9.45,0,0.63,-0.0001624781,9.45,0
0.6309,7.553216E-05,9.4635,0,0.6309,5.706874E-06,9.4635,0
0.6318,-2.316319E-05,9.477,0,0.6318,9.365987E-05,9.477,0
0.6327,1.040665E-05,9.4905,0,0.6327,0.000119173,9.4905,0
0.6336,-0.0002044404,9.504,0,0.6336,9.903105E-05,9.504,0
0.6345,-0.0002702373,9.5175,0,0.6345,-4.028382E-06,9.5175,0
0.6354,-0.000295079,9.531,0,0.6354,-0.0001527428,9.531,0
0.6363,-0.00033402,9.5445,0,0.6363,-0.0002239109,9.5445,0
0.6372,-0.0003363699,9.558,0,0.6372,-0.0001537499,9.558,0
0.6381,-0.0001111162,9.5715,0,0.6381,-9.231708E-05,9.5715,0
0.639,-4.599069E-05,9.585,0,0.639,-4.263371E-05,9.585,0
0.6399,-0.0001493858,9.5985,0,0.6399,2.316319E-05,9.5985,0
0.6408,-0.0001594568,9.612,0,0.6408,6.64683E-05,9.612,0
0.6417,-0.000119173,9.6255,0,0.6417,7.956054E-05,9.6255,0
0.6426,-6.243992E-05,9.639,0,0.6426,-1.309224E-05,9.639,0
0.6435,-0.0001507286,9.6525,0,0.6435,-3.189136E-05,9.6525,0
0.6444,-5.539025E-05,9.666,0,0.6444,8.392462E-06,9.666,0
0.6453,-3.256275E-05,9.6795,0,0.6453,-3.256275E-05,9.6795,0
0.6462,8.89601E-05,9.693,0,0.6462,-4.934768E-05,9.693,0
0.6471,0.0002158541,9.7065,0,0.6471,-3.356985E-05,9.7065,0
0.648,0.0004615854,9.72,0,0.648,-4.46479E-05,9.72,0
0.6489,0.000509926,9.7335,0,0.6489,-7.016098E-05,9.7335,0
0.6498,0.0002863508,9.747,0,0.6498,-0.0001319295,9.747,0
0.6507,0.0001349508,9.7605,0,0.6507,-0.0001198444,9.7605,0
0.6516,-0.0001467002,9.774,0,0.6516,-0.0001379721,9.774,0
0.6525,-0.0002306248,9.7875,0,0.6525,-0.0001315938,9.7875,0
0.6534,-0.0004266728,9.801,0,0.6534,-9.332418E-05,9.801,0
0.6543,-0.0003655757,9.8145,0,0.6543,4.53193E-05,9.8145,0
0.6552,-0.000358526,9.828,0,0.6552,9.936675E-05,9.828,0
0.6561,-6.210422E-05,9.8415,0,0.6561,2.920577E-05,9.8415,0
0.657,1.443504E-05,9.855,0,0.657,9.063859E-05,9.855,0
0.6579,3.659113E-05,9.8685,0,0.6579,4.800488E-05,9.8685,0
0.6588,5.337606E-05,9.882,0,0.6588,-1.107805E-05,9.882,0
0.6597,3.289845E-05,9.8955,0,0.6597,-2.450599E-05,9.8955,0
0.6606,-7.116808E-05,9.909,0,0.6606,-2.1149E-05,9.909,0
0.6615,-2.383459E-05,9.9225,0,0.6615,-2.819867E-05,9.9225,0
0.6624,5.706874E-05,9.936,0,0.6624,-1.980621E-05,9.936,0
0.6633,5.069047E-05,9.9495,0,0.6633,-4.095522E-05,9.9495,0
0.6642,3.860533E-05,9.963,0,0.6642,-3.894102E-05,9.963,0
0.6651,6.143282E-05,9.976501,0,0.6651,-6.713969E-07,9.976501,0
0.666,9.332418E-05,9.99,0,0.666,-2.719158E-05,9.99,0
0.6669,8.493171E-05,10.0035,0,0.6669,-4.53193E-05,10.0035,0
0.6678,6.881819E-05,10.017,0,0.6678,-1.309224E-05,10.017,0
0.6687,8.392462E-05,10.0305,0,0.6687,-1.107805E-05,10.0305,0
0.6696,8.560311E-05,10.044,0,0.6696,-6.6804E-05,10.044,0
0.6705,6.881819E-05,10.0575,0,0.6705,-3.054856E-05,10.0575,0
0.6714,5.539025E-05,10.071,0,0.6714,-1.980621E-05,10.071,0
0.6723,4.33051E-05,10.0845,0,0.6723,-5.471885E-05,10.0845,0
0.6732,2.21561E-05,10.098,0,0.6732,-3.793393E-05,10.098,0
0.6741,5.035477E-06,10.1115,0,0.6741,-1.644922E-05,10.1115,0
0.675,2.786297E-05,10.125,0,0.675,-2.618448E-05,10.125,0
0.6759,2.652018E-05,10.1385,0,0.6759,-2.887007E-05,10.1385,0
0.6768,3.558404E-05,10.152,0,0.6768,-3.826963E-05,10.152,0
0.6777,7.721065E-06,10.1655,0,0.6777,-2.719158E-05,10.1655,0
0.6786,-1.846342E-05,10.179,0,0.6786,-3.356985E-07,10.179,0
0.6795,-3.457694E-05,10.1925,0,0.6795,-1.275654E-05,10.1925,0
0.6804,-4.061952E-05,10.206,0,0.6804,-5.404745E-05,10.206,0
0.6813,-3.323415E-05,10.2195,0,0.6813,-1.342794E-06,10.2195,0
0.6822,-3.256275E-05,10.233,0,0.6822,1.342794E-05,10.233,0
0.6831,-2.685588E-06,10.2465,0,0.6831,-3.860533E-05,10.2465,0
0.684,4.699779E-06,10.26,0,0.684,-3.356985E-06,10.26,0
0.6849,1.678492E-05,10.2735,0,0.6849,1.141375E-05,10.2735,0
0.6858,4.46479E-05,10.287,0,0.6858,-1.678492E-06,10.287,0
0.6867,4.46479E-05,10.3005,0,0.6867,2.316319E-05,10.3005,0
0.6876,2.383459E-05,10.314,0,0.6876,5.337606E-05,10.314,0
0.6885,3.256275E-05,10.3275,0,0.6885,1.007095E-05,10.3275,0
0.6894,2.853437E-05,10.341,0,0.6894,-3.524834E-05,10.341,0
0.6903,2.987716E-05,10.3545,0,0.6903,-5.001907E-05,10.3545,0
0.6912,2.450599E-05,10.368,0,0.6912,-4.263371E-05,10.368,0
0.6921,-1.309224E-05,10.3815,0,0.6921,-8.392462E-06,10.3815,0
0.693,-1.007095E-05,10.395,0,0.693,-1.678492E-06,10.395,0
0.6939,7.721065E-06,10.4085,0,0.6939,-1.678492E-06,10.4085,0
0.6948,-4.699779E-06,10.422,0,0.6948,1.007095E-05,10.422,0
0.6957,-3.189136E-05,10.4355,0,0.6957,-4.43122E-05,10.4355,0
0.6966,-2.14847E-05,10.449,0,0.6966,-8.627451E-05,10.449,0
0.6975,-1.879912E-05,10.4625,0,0.6975,-3.256275E-05,10.4625,0
0.6984,-9.735256E-06,10.476,0,0.6984,-1.007095E-06,10.476,0
0.6993,-2.450599E-05,10.4895,0,0.6993,2.081331E-05,10.4895,0
0.7002,-5.673304E-05,10.503,0,0.7002,4.46479E-05,10.503,0
0.7011,-0.0001164874,10.5165,0,0.7011,4.565499E-05,10.5165,0
0.702,-0.0001399863,10.53,0,0.702,2.081331E-05,10.53,0
0.7029,-0.0001379721,10.5435,0,0.7029,-8.392462E-06,10.5435,0
0.7038,-0.0001346151,10.557,0,0.7038,-4.061952E-05,10.557,0
0.7047,-0.0001171588,10.5705,0,0.7047,9.735256E-06,10.5705,0
0.7056,-0.0001373007,10.584,0,0.7056,4.46479E-05,10.584,0
0.7065,-0.000130251,10.5975,0,0.7065,1.141375E-05,10.5975,0
0.7074,-6.61326E-05,10.611,0,0.7074,-6.478981E-05,10.611,0
0.7083,-2.349889E-06,10.6245,0,0.7083,-7.351797E-05,10.6245,0
0.7092,0.0001030594,10.638,0,0.7092,-6.51255E-05,10.638,0
0.7101,0.0001500572,10.6515,0,0.7101,-0.0001114519,10.6515,0
0.711,0.0001225299,10.665,0,0.711,-5.941863E-05,10.665,0
0.7119,0.0001514,10.6785,0,0.7119,-3.524834E-05,10.6785,0
0.7128,0.0001178302,10.692,0,0.7128,-4.028382E-05,10.692,0
0.7137,7.754635E-05,10.7055,0,0.7137,-4.43122E-05,10.7055,0
0.7146,6.076142E-05,10.719,0,0.7146,7.721065E-06,10.719,0
0.7155,2.1149E-05,10.7325,0,0.7155,1.980621E-05,10.7325,0
0.7164,1.678492E-06,10.746,0,0.7164,2.450599E-05,10.746,0
0.7173,6.378271E-06,10.7595,0,0.7173,-1.913481E-05,10.7595,0
0.7182,-3.457694E-05,10.773,0,0.7182,-1.913481E-05,10.773,0
0.7191,-6.076142E-05,10.7865,0,0.7191,-3.457694E-05,10.7865,0
0.72,-3.256275E-05,10.8,0,0.72,-6.78111E-05,10.8,0
0.7209,-2.349889E-06,10.8135,0,0.7209,-3.189136E-05,10.8135,0
0.7218,-2.349889E-05,10.827,0,0.7218,1.577783E-05,10.827,0
0.7227,1.846342E-05,10.8405,0,0.7227,1.577783E-05,10.8405,0
0.7236,6.042573E-05,10.854,0,0.7236,-2.719158E-05,10.854,0
0.7245,1.779202E-05,10.8675,0,0.7245,-1.174945E-05,10.8675,0
0.7254,-6.277562E-05,10.881,0,0.7254,-5.706874E-06,10.881,0
0.7263,-9.835965E-05,10.8945,0,0.7263,-4.49836E-05,10.8945,0
0.7272,-9.869535E-05,10.908,0,0.7272,-3.826963E-05,10.908,0
0.7281,-0.0001077592,10.9215,0,0.7281,-1.342794E-05,10.9215,0
0.729,-0.000119173,10.935,0,0.729,-9.063859E-06,10.935,0
0.7299,-6.74754E-05,10.9485,0,0.7299,0,10.9485,0
0.7308,-5.673304E-05,10.962,0,0.7308,-1.644922E-05,10.962,0
0.7317,-5.471885E-05,10.9755,0,0.7317,2.584878E-05,10.9755,0
0.7326,-3.356985E-07,10.989,0,0.7326,6.54612E-05,10.989,0
0.7335,8.392462E-06,11.0025,0,0.7335,8.728161E-06,11.0025,0
0.7344,5.371176E-06,11.016,0,0.7344,-4.061952E-05,11.016,0
0.7353,5.270466E-05,11.0295,0,0.7353,2.014191E-06,11.0295,0
0.7362,5.975433E-05,11.043,0,0.7362,5.035477E-06,11.043,0
0.7371,9.063859E-06,11.0565,0,0.7371,-5.505455E-05,11.0565,0
0.738,-1.745632E-05,11.07,0,0.738,-5.069047E-05,11.07,0
0.7389,-9.735256E-06,11.0835,0,0.7389,-4.800488E-05,11.0835,0
0.7398,-3.121996E-05,11.097,0,0.7398,-8.426032E-05,11.097,0
0.7407,3.726253E-05,11.1105,0,0.7407,-5.941863E-05,11.1105,0
0.7416,4.666209E-05,11.124,0,0.7416,-1.913481E-05,11.124,0
0.7425,9.735256E-06,11.1375,0,0.7425,7.721065E-06,11.1375,0
0.7434,2.887007E-05,11.151,0,0.7434,-1.040665E-05,11.151,0
0.7443,5.740444E-05,11.1645,0,0.7443,-4.46479E-05,11.1645,0
0.7452,3.054856E-05,11.178,0,0.7452,-9.735256E-06,11.178,0
0.7461,2.014191E-06,11.1915,0,0.7461,-6.713969E-07,11.1915,0
0.747,-7.049668E-06,11.205,0,0.747,-2.786297E-05,11.205,0
0.7479,-2.047761E-05,11.2185,0,0.7479,-2.417029E-05,11.2185,0
0.7488,-9.735256E-06,11.232,0,0.7488,1.309224E-05,11.232,0
0.7497,-3.155566E-05,11.2455,0,0.7497,3.692683E-06,11.2455,0
0.7506,3.659113E-05,11.259,0,0.7506,-1.779202E-05,11.259,0
0.7515,6.378271E-06,11.2725,0,0.7515,1.577783E-05,11.2725,0
0.7524,-4.800488E-05,11.286,0,0.7524,2.719158E-05,11.286,0
0.7533,-3.121996E-05,11.2995,0,0.7533,-3.323415E-05,11.2995,0
0.7542,-8.426032E-05,11.313,0,0.7542,-4.800488E-05,11.313,0
0.7551,-8.86244E-05,11.3265,0,0.7551,-2.551309E-05,11.3265,0
0.756,-4.800488E-05,11.34,0,0.756,-1.712062E-05,11.34,0
0.7569,-4.196231E-05,11.3535,0,0.7569,-3.121996E-05,11.3535,0
0.7578,-3.491264E-05,11.367,0,0.7578,-7.553216E-05,11.367,0
0.7587,6.042573E-06,11.3805,0,0.7587,-1.947051E-05,11.3805,0
0.7596,4.061952E-05,11.394,0,0.7596,2.316319E-05,11.394,0
0.7605,3.189136E-05,11.4075,0,0.7605,2.584878E-05,11.4075,0
0.7614,1.745632E-05,11.421,0,0.7614,7.049668E-06,11.421,0
0.7623,-5.371176E-06,11.4345,0,0.7623,2.24918E-05,11.4345,0
0.7632,-1.577783E-05,11.448,0,0.7632,-2.081331E-05,11.448,0
0.7641,1.309224E-05,11.4615,0,0.7641,-6.445411E-05,11.4615,0
0.765,3.189136E-05,11.475,0,0.765,-5.035477E-06,11.475,0
0.7659,6.713969E-07,11.4885,0,0.7659,-1.577783E-05,11.4885,0
0.7668,6.042573E-06,11.502,0,0.7668,-5.035477E-05,11.502,0
0.7677,5.706874E-06,11.5155,0,0.7677,-1.779202E-05,11.5155,0
0.7686,-2.853437E-05,11.529,0,0.7686,-1.007095E-05,11.529,0
0.7695,-2.819867E-05,11.5425,0,0.7695,-1.107805E-05,11.5425,0
0.7704,-3.121996E-05,11.556,0,0.7704,1.678492E-06,11.556,0
0.7713,-7.049668E-06,11.5695,0,0.7713,-3.390555E-05,11.5695,0
0.7722,4.36408E-06,11.583,0,0.7722,-2.987716E-05,11.583,0
0.7731,1.040665E-05,11.5965,0,0.7731,-4.229801E-05,11.5965,0
0.774,-2.349889E-06,11.61,0,0.774,-4.901198E-05,11.61,0
0.7749,-3.021286E-06,11.6235,0,0.7749,-4.666209E-05,11.6235,0
0.7758,-3.356985E-07,11.637,0,0.7758,-3.356985E-06,11.637,0
0.7767,9.735256E-06,11.6505,0,0.7767,-1.477073E-05,11.6505,0
0.7776,-1.779202E-05,11.664,0,0.7776,-7.888914E-05,11.664,0
0.7785,-3.860533E-05,11.6775,0,0.7785,-2.920577E-05,11.6775,0
0.7794,-3.994812E-05,11.691,0,0.7794,1.342794E-06,11.691,0
0.7803,-3.121996E-05,11.7045,0,0.7803,-4.968337E-05,11.7045,0
0.7812,6.378271E-06,11.718,0,0.7812,-2.450599E-05,11.718,0
0.7821,1.443504E-05,11.7315,0,0.7821,3.692683E-05,11.7315,0
0.783,5.203327E-05,11.745,0,0.783,2.484169E-05,11.745,0
0.7839,5.874724E-05,11.7585,0,0.7839,1.510643E-05,11.7585,0
0.7848,8.560311E-05,11.772,0,0.7848,-9.735256E-06,11.772,0
0.7857,3.860533E-05,11.7855,0,0.7857,-1.107805E-05,11.7855,0
0.7866,5.706874E-06,11.799,0,0.7866,7.049668E-06,11.799,0
0.7875,2.1149E-05,11.8125,0,0.7875,-2.1149E-05,11.8125,0
0.7884,4.934768E-05,11.826,0,0.7884,-3.591974E-05,11.826,0
0.7893,2.316319E-05,11.8395,0,0.7893,6.042573E-06,11.8395,0
0.7902,-1.443504E-05,11.853,0,0.7902,-3.356985E-06,11.853,0
0.7911,-3.021286E-06,11.8665,0,0.7911,-4.196231E-05,11.8665,0
0.792,-1.678492E-06,11.88,0,0.792,-6.378271E-06,11.88,0
0.7929,-6.478981E-05,11.8935,0,0.7929,-1.107805E-05,11.8935,0
0.7938,-7.721065E-05,11.907,0,0.7938,-3.994812E-05,11.907,0
0.7947,-5.404745E-05,11.9205,0,0.7947,-4.33051E-05,11.9205,0
0.7956,-2.417029E-05,11.934,0,0.7956,-1.208515E-05,11.934,0
0.7965,-1.477073E-05,11.9475,0,0.7965,-1.678492E-06,11.9475,0
0.7974,-6.277562E-05,11.961,0,0.7974,-1.644922E-05,11.961,0
0.7983,-0.0001077592,11.9745,0,0.7983,-3.994812E-05,11.9745,0
0.7992,-9.567407E-05,11.988,0,0.7992,-3.088426E-05,11.988,0
0.8001,-8.92958E-05,12.0015,0,0.8001,-2.450599E-05,12.0015,0
0.801,-8.090334E-05,12.015,0,0.801,-6.210422E-05,12.015,0
0.8019,-3.189136E-05,12.0285,0,0.8019,-9.433127E-05,12.0285,0
0.8028,9.063859E-06,12.042,0,0.8028,-4.46479E-05,12.042,0
0.8037,6.478981E-05,12.0555,0,0.8037,-1.309224E-05,12.0555,0
0.8046,0.0001094377,12.069,0,0.8046,-1.947051E-05,12.069,0
0.8055,0.000105745,12.0825,0,0.8055,4.36408E-06,12.0825,0
0.8064,9.231708E-05,12.096,0,0.8064,-4.36408E-06,12.096,0
0.8073,6.378271E-05,12.1095,0,0.8073,-3.659113E-05,12.1095,0
0.8082,1.544213E-05,12.123,0,0.8082,-2.28275E-05,12.123,0
0.8091,1.644922E-05,12.1365,0,0.8091,-2.584878E-05,12.1365,0
0.81,6.378271E-06,12.15,0,0.81,-1.846342E-05,12.15,0
0.8109,5.035477E-06,12.1635,0,0.8109,-7.049668E-06,12.1635,0
0.8118,1.275654E-05,12.177,0,0.8118,-2.18204E-05,12.177,0
0.8127,-3.591974E-05,12.1905,0,0.8127,1.812772E-05,12.1905,0
0.8136,-3.457694E-05,12.204,0,0.8136,5.539025E-05,12.204,0
0.8145,-9.735256E-06,12.2175,0,0.8145,-3.356985E-07,12.2175,0
0.8154,-9.735256E-06,12.231,0,0.8154,-3.927672E-05,12.231,0
0.8163,-2.24918E-05,12.2445,0,0.8163,3.356985E-06,12.2445,0
0.8172,-7.721065E-06,12.258,0,0.8172,-6.378271E-06,12.258,0
0.8181,1.577783E-05,12.2715,0,0.8181,-7.721065E-05,12.2715,0
0.819,1.678492E-06,12.285,0,0.819,-5.471885E-05,12.285,0
0.8199,1.309224E-05,12.2985,0,0.8199,-1.007095E-05,12.2985,0
0.8208,-1.644922E-05,12.312,0,0.8208,-0.0001201801,12.312,0
0.8217,1.376364E-05,12.3255,0,0.8217,-0.0001013809,12.3255,0
0.8226,-2.349889E-05,12.339,0,0.8226,-1.309224E-05,12.339,0
0.8235,-2.18204E-05,12.3525,0,0.8235,2.014191E-06,12.3525,0
0.8244,-1.779202E-05,12.366,0,0.8244,9.063859E-06,12.366,0
0.8253,-8.728161E-06,12.3795,0,0.8253,-2.383459E-05,12.3795,0
0.8262,-7.721065E-06,12.393,0,0.8262,-1.309224E-05,12.393,0
0.8271,6.713969E-07,12.4065,0,0.8271,-6.713969E-07,12.4065,0
0.828,1.879912E-05,12.42,0,0.828,-1.443504E-05,12.42,0
0.8289,5.404745E-05,12.4335,0,0.8289,-1.980621E-05,12.4335,0
0.8298,1.174945E-05,12.447,0,0.8298,1.040665E-05,12.447,0
0.8307,-2.1149E-05,12.4605,0,0.8307,-2.987716E-05,12.4605,0
0.8316,2.383459E-05,12.474,0,0.8316,-5.471885E-05,12.474,0
0.8325,-2.014191E-06,12.4875,0,0.8325,7.049668E-06,12.4875,0
0.8334,-1.174945E-05,12.501,0,0.8334,9.735256E-06,12.501,0
0.8343,-1.007095E-06,12.5145,0,0.8343,-2.887007E-05,12.5145,0
0.8352,-4.901198E-05,12.528,0,0.8352,-1.376364E-05,12.528,0
0.8361,-6.74754E-05,12.5415,0,0.8361,5.203327E-05,12.5415,0
0.837,-5.606165E-05,12.555,0,0.837,3.390555E-05,12.555,0
0.8379,-4.061952E-05,12.5685,0,0.8379,-6.713969E-07,12.5685,0
0.8388,-4.263371E-05,12.582,0,0.8388,-4.632639E-05,12.582,0
0.8397,-2.316319E-05,12.5955,0,0.8397,-3.457694E-05,12.5955,0
0.8406,-1.107805E-05,12.609,0,0.8406,-5.841154E-05,12.609,0
0.8415,-3.659113E-05,12.6225,0,0.8415,-8.661021E-05,12.6225,0
0.8424,-1.745632E-05,12.636,0,0.8424,-3.591974E-05,12.636,0
0.8433,-3.121996E-05,12.6495,0,0.8433,1.040665E-05,12.6495,0
0.8442,3.692683E-06,12.663,0,0.8442,-7.721065E-06,12.663,0
0.8451,4.53193E-05,12.6765,0,0.8451,-4.46479E-05,12.6765,0
0.846,4.196231E-05,12.69,0,0.846,1.309224E-05,12.69,0
0.8469,-1.980621E-05,12.7035,0,0.8469,3.793393E-05,12.7035,0
0.8478,-3.390555E-05,12.717,0,0.8478,-2.954147E-05,12.717,0
0.8487,-1.007095E-06,12.7305,0,0.8487,-3.390555E-05,12.7305,0
0.8496,3.189136E-05,12.744,0,0.8496,2.349889E-06,12.744,0
0.8505,3.054856E-05,12.7575,0,0.8505,-4.699779E-05,12.7575,0
0.8514,1.947051E-05,12.771,0,0.8514,-4.733349E-05,12.771,0
0.8523,1.510643E-05,12.7845,0,0.8523,-3.726253E-05,12.7845,0
0.8532,-1.107805E-05,12.798,0,0.8532,2.047761E-05,12.798,0
0.8541,-3.860533E-05,12.8115,0,0.8541,5.740444E-05,12.8115,0
0.855,-3.121996E-05,12.825,0,0.855,4.733349E-05,12.825,0
0.8559,-3.692683E-05,12.8385,0,0.8559,2.014191E-05,12.8385,0
0.8568,-5.035477E-05,12.852,0,0.8568,2.417029E-05,12.852,0
0.8577,-2.719158E-05,12.8655,0,0.8577,-1.174945E-05,12.8655,0
0.8586,-1.644922E-05,12.879,0,0.8586,-6.277562E-05,12.879,0
0.8595001,-4.263371E-05,12.8925,0,0.8595001,-3.088426E-05,12.8925,0
0.8604,-5.740444E-05,12.906,0,0.8604,6.378271E-06,12.906,0
0.8613,-5.438316E-05,12.9195,0,0.8613,-3.021286E-06,12.9195,0
0.8622,7.721065E-06,12.933,0,0.8622,6.378271E-06,12.933,0
0.8631,-1.107805E-05,12.9465,0,0.8631,3.659113E-05,12.9465,0
0.864,-8.392462E-06,12.96,0,0.864,1.376364E-05,12.96,0
0.8649,1.107805E-05,12.9735,0,0.8649,-2.047761E-05,12.9735,0
0.8658,8.224613E-05,12.987,0,0.8658,-6.344701E-05,12.987,0
0.8667,0.0001037308,13.0005,0,0.8667,-0.0001000381,13.0005,0
0.8676,1.309224E-05,13.014,0,0.8676,-0.0001094377,13.014,0
0.8685,-1.007095E-06,13.0275,0,0.8685,-7.016098E-05,13.0275,0
0.8694,5.001907E-05,13.041,0,0.8694,-5.438316E-05,13.041,0
0.8703,0,13.0545,0,0.8703,-2.28275E-05,13.0545,0
0.8712,-3.994812E-05,13.068,0,0.8712,-2.21561E-05,13.068,0
0.8721,-3.793393E-05,13.0815,0,0.8721,-4.33051E-05,13.0815,0
0.873,-5.203327E-05,13.095,0,0.873,-7.049668E-06,13.095,0
0.8739,-1.779202E-05,13.1085,0,0.8739,1.510643E-05,13.1085,0
0.8748,9.063859E-06,13.122,0,0.8748,-1.611353E-05,13.122,0
0.8757,4.599069E-05,13.1355,0,0.8757,-5.371176E-06,13.1355,0
0.8766,-5.706874E-06,13.149,0,0.8766,-9.063859E-06,13.149,0
0.8775,-1.678492E-05,13.1625,0,0.8775,-4.061952E-05,13.1625,0
0.8784,-9.735256E-06,13.176,0,0.8784,-2.987716E-05,13.176,0
0.8793,-5.706874E-06,13.1895,0,0.8793,-4.699779E-05,13.1895,0
0.8802,-5.673304E-05,13.203,0,0.8802,-2.618448E-05,13.203,0
0.8811,-8.627451E-05,13.2165,0,0.8811,-2.987716E-05,13.2165,0
0.882,-5.807584E-05,13.23,0,0.882,-3.894102E-05,13.23,0
0.8829,-4.43122E-05,13.2435,0,0.8829,-3.155566E-05,13.2435,0
0.8838,-4.934768E-05,13.257,0,0.8838,3.189136E-05,13.257,0
0.8847,-4.43122E-05,13.2705,0,0.8847,3.256275E-05,13.2705,0
0.8856,-4.36408E-06,13.284,0,0.8856,-2.383459E-05,13.284,0
0.8865,2.1149E-05,13.2975,0,0.8865,1.678492E-05,13.2975,0
0.8874,2.517739E-05,13.311,0,0.8874,2.1149E-05,13.311,0
0.8883,2.652018E-05,13.3245,0,0.8883,-2.1149E-05,13.3245,0
0.8892,5.236896E-05,13.338,0,0.8892,2.24918E-05,13.338,0
0.8901,2.584878E-05,13.3515,0,0.8901,2.383459E-05,13.3515,0
0.891,4.53193E-05,13.365,0,0.891,6.713969E-07,13.365,0
0.8919,3.189136E-05,13.3785,0,0.8919,-3.491264E-05,13.3785,0
0.8928,2.752728E-05,13.392,0,0.8928,-7.150377E-05,13.392,0
0.8937,4.699779E-06,13.4055,0,0.8937,-4.766919E-05,13.4055,0
0.8946,2.652018E-05,13.419,0,0.8946,-1.913481E-05,13.419,0
0.8955,6.814679E-05,13.4325,0,0.8955,-2.517739E-05,13.4325,0
0.8964,3.155566E-05,13.446,0,0.8964,-3.021286E-06,13.446,0
0.8973,-2.987716E-05,13.4595,0,0.8973,4.968337E-05,13.4595,0
0.8982,-4.39765E-05,13.473,0,0.8982,-1.242084E-05,13.473,0
0.8991,-6.378271E-05,13.4865,0,0.8991,-0.0001245441,13.4865,0
0.9,-8.82887E-05,13.5,0,0.9,-6.210422E-05,13.5,0
0.9009,-6.51255E-05,13.5135,0,0.9009,-1.477073E-05,13.5135,0
0.9018,-2.987716E-05,13.527,0,0.9018,-4.162661E-05,13.527,0
0.9027,-1.141375E-05,13.5405,0,0.9027,-3.927672E-05,13.5405,0
0.9036,-2.24918E-05,13.554,0,0.9036,-1.913481E-05,13.554,0
0.9045,6.713969E-07,13.5675,0,0.9045,-1.107805E-05,13.5675,0
0.9054,-2.584878E-05,13.581,0,0.9054,-3.524834E-05,13.581,0
0.9063,-1.846342E-05,13.5945,0,0.9063,-4.46479E-05,13.5945,0
0.9072,2.21561E-05,13.608,0,0.9072,-5.035477E-06,13.608,0
0.9081,-2.18204E-05,13.6215,0,0.9081,4.061952E-05,13.6215,0
0.909,-3.121996E-05,13.635,0,0.909,1.409934E-05,13.635,0
0.9099,-1.040665E-05,13.6485,0,0.9099,-2.18204E-05,13.6485,0
0.9108,-1.242084E-05,13.662,0,0.9108,2.014191E-05,13.662,0
0.9117,-3.390555E-05,13.6755,0,0.9117,-5.706874E-06,13.6755,0
0.9126,-3.524834E-05,13.689,0,0.9126,-5.673304E-05,13.689,0
0.9135,-5.471885E-05,13.7025,0,0.9135,-1.947051E-05,13.7025,0
0.9144,-2.584878E-05,13.716,0,0.9144,-2.383459E-05,13.716,0
0.9153,8.056763E-06,13.7295,0,0.9153,-5.337606E-05,13.7295,0
0.9162,-5.035477E-06,13.743,0,0.9162,7.385367E-06,13.743,0
0.9171,2.383459E-05,13.7565,0,0.9171,3.189136E-05,13.7565,0
0.918,5.539025E-05,13.77,0,0.918,1.846342E-05,13.77,0
0.9189,6.042573E-05,13.7835,0,0.9189,2.21561E-05,13.7835,0
0.9198,5.337606E-05,13.797,0,0.9198,2.047761E-05,13.797,0
0.9207,-1.007095E-06,13.8105,0,0.9207,2.349889E-06,13.8105,0
0.9216,-4.666209E-05,13.824,0,0.9216,5.035477E-06,13.824,0
0.9225,-2.719158E-05,13.8375,0,0.9225,-2.349889E-05,13.8375,0
0.9234,-2.685588E-06,13.851,0,0.9234,-3.625543E-05,13.851,0
0.9243,-1.141375E-05,13.8645,0,0.9243,-5.706874E-06,13.8645,0
0.9252,3.021286E-06,13.878,0,0.9252,-4.028382E-06,13.878,0
0.9261,2.24918E-05,13.8915,0,0.9261,-5.069047E-05,13.8915,0
0.927,2.28275E-05,13.905,0,0.927,-2.014191E-05,13.905,0
0.9279,2.551309E-05,13.9185,0,0.9279,-1.208515E-05,13.9185,0
0.9288,-1.107805E-05,13.932,0,0.9288,-5.539025E-05,13.932,0
0.9297,-9.063859E-06,13.9455,0,0.9297,-4.095522E-05,13.9455,0
0.9306,-3.793393E-05,13.959,0,0.9306,-1.644922E-05,13.959,0
0.9315,-6.64683E-05,13.9725,0,0.9315,-3.591974E-05,13.9725,0
0.9324,-3.088426E-05,13.986,0,0.9324,-3.793393E-05,13.986,0
0.9333,-2.349889E-06,13.9995,0,0.9333,-5.807584E-05,13.9995,0
0.9342,-9.399558E-06,14.013,0,0.9342,-3.390555E-05,14.013,0
0.9351,3.692683E-06,14.0265,0,0.9351,2.014191E-06,14.0265,0
0.936,8.392462E-06,14.04,0,0.936,-3.793393E-05,14.04,0
0.9369,1.477073E-05,14.0535,0,0.9369,-5.706874E-05,14.0535,0
0.9378,-2.349889E-06,14.067,0,0.9378,-6.378271E-06,14.067,0
0.9387,-1.107805E-05,14.0805,0,0.9387,-4.699779E-06,14.0805,0
0.9396001,-5.706874E-06,14.094,0,0.9396001,-3.927672E-05,14.094,0
0.9405,-3.021286E-06,14.1075,0,0.9405,-3.692683E-06,14.1075,0
0.9414001,7.049668E-06,14.121,0,0.9414001,-2.316319E-05,14.121,0
0.9423,-1.376364E-05,14.1345,0,0.9423,-5.404745E-05,14.1345,0
0.9432001,-6.176852E-05,14.148,0,0.9432001,-4.263371E-05,14.148,0
0.9441,-5.069047E-05,14.1615,0,0.9441,-4.36408E-06,14.1615,0
0.9450001,-9.735256E-06,14.175,0,0.9450001,-6.378271E-06,14.175,0
0.9459,1.376364E-05,14.1885,0,0.9459,-2.584878E-05,14.1885,0
0.9468,1.342794E-05,14.202,0,0.9468,-5.069047E-05,14.202,0
0.9477,7.049668E-06,14.2155,0,0.9477,-1.779202E-05,14.2155,0
0.9486,1.376364E-05,14.229,0,0.9486,7.721065E-06,14.229,0
0.9495,3.088426E-05,14.2425,0,0.9495,-1.779202E-05,14.2425,0
0.9504,5.035477E-06,14.256,0,0.9504,-6.64683E-05,14.256,0
0.9513,-3.860533E-05,14.2695,0,0.9513,-8.392462E-06,14.2695,0
0.9522,-2.853437E-05,14.283,0,0.9522,1.846342E-05,14.283,0
0.9531,4.699779E-06,14.2965,0,0.9531,-1.040665E-05,14.2965,0
0.954,-2.18204E-05,14.31,0,0.954,3.155566E-05,14.31,0
0.9549,-3.323415E-05,14.3235,0,0.9549,8.728161E-06,14.3235,0
0.9558,5.706874E-06,14.337,0,0.9558,-7.318227E-05,14.337,0
0.9567,-1.242084E-05,14.3505,0,0.9567,-7.049668E-05,14.3505,0
0.9576,-3.961242E-05,14.364,0,0.9576,-5.371176E-05,14.364,0
0.9585,-1.443504E-05,14.3775,0,0.9585,-5.941863E-05,14.3775,0
0.9594,-2.349889E-06,14.391,0,0.9594,-4.901198E-05,14.391,0
0.9603,-3.524834E-05,14.4045,0,0.9603,-4.49836E-05,14.4045,0
0.9612,-1.947051E-05,14.418,0,0.9612,-3.021286E-06,14.418,0
0.9621,3.021286E-06,14.4315,0,0.9621,3.457694E-05,14.4315,0
0.963,-1.040665E-05,14.445,0,0.963,7.385367E-06,14.445,0
0.9639,1.577783E-05,14.4585,0,0.9639,1.007095E-06,14.4585,0
0.9648,2.450599E-05,14.472,0,0.9648,3.323415E-05,14.472,0
0.9657,8.392462E-06,14.4855,0,0.9657,9.399558E-06,14.4855,0
0.9666,-3.390555E-05,14.499,0,0.9666,-2.316319E-05,14.499,0
0.9675,-4.901198E-05,14.5125,0,0.9675,2.383459E-05,14.5125,0
0.9684,-8.392462E-06,14.526,0,0.9684,2.786297E-05,14.526,0
0.9693,-2.752728E-05,14.5395,0,0.9693,-1.577783E-05,14.5395,0
0.9702,1.980621E-05,14.553,0,0.9702,-1.577783E-05,14.553,0
0.9711,1.712062E-05,14.5665,0,0.9711,6.713969E-07,14.5665,0
0.972,2.047761E-05,14.58,0,0.972,-3.256275E-05,14.58,0
0.9729,2.652018E-05,14.5935,0,0.9729,-5.539025E-05,14.5935,0
0.9738,2.786297E-05,14.607,0,0.9738,-5.001907E-05,14.607,0
0.9747,2.584878E-05,14.6205,0,0.9747,-2.383459E-05,14.6205,0
0.9756,-1.409934E-05,14.634,0,0.9756,-3.155566E-05,14.634,0
0.9765,-2.517739E-05,14.6475,0,0.9765,-4.733349E-05,14.6475,0
0.9774,6.713969E-06,14.661,0,0.9774,-6.74754E-05,14.661,0
0.9783,-2.18204E-05,14.6745,0,0.9783,-3.021286E-05,14.6745,0
0.9792,-5.706874E-06,14.688,0,0.9792,-3.424125E-05,14.688,0
0.9801,8.728161E-06,14.7015,0,0.9801,-4.867628E-05,14.7015,0
0.981,-2.316319E-05,14.715,0,0.981,-9.735256E-06,14.715,0
0.9819,1.577783E-05,14.7285,0,0.9819,-1.007095E-06,14.7285,0
0.9828,3.692683E-05,14.742,0,0.9828,-5.203327E-05,14.742,0
0.9837,-3.692683E-06,14.7555,0,0.9837,-7.721065E-05,14.7555,0
0.9846,-2.28275E-05,14.769,0,0.9846,-5.404745E-05,14.769,0
0.9855,-1.275654E-05,14.7825,0,0.9855,-2.18204E-05,14.7825,0
0.9864,-9.735256E-06,14.796,0,0.9864,2.987716E-05,14.796,0
0.9873,-2.987716E-05,14.8095,0,0.9873,3.726253E-05,14.8095,0
0.9882,-2.417029E-05,14.823,0,0.9882,4.53193E-05,14.823,0
0.9891,5.706874E-06,14.8365,0,0.9891,2.316319E-05,14.8365,0
0.99,-5.035477E-06,14.85,0,0.99,-2.316319E-05,14.85,0
0.9909,-3.356985E-07,14.8635,0,0.9909,-2.047761E-05,14.8635,0
0.9918,2.618448E-05,14.877,0,0.9918,3.457694E-05,14.877,0
0.9927,5.706874E-06,14.8905,0,0.9927,9.063859E-06,14.8905,0
0.9936,5.035477E-06,14.904,0,0.9936,-4.565499E-05,14.904,0
0.9945,1.174945E-05,14.9175,0,0.9945,-2.349889E-06,14.9175,0
0.9954,-1.007095E-05,14.931,0,0.9954,3.390555E-05,14.931,0
0.9963,-1.913481E-05,14.9445,0,0.9963,-1.544213E-05,14.9445,0
0.9972,-1.779202E-05,14.958,0,0.9972,-4.263371E-05,14.958,0
0.9981,-5.706874E-05,14.9715,0,0.9981,-6.042573E-06,14.9715,0
0.999,-7.620356E-05,14.985,0,0.999,-1.107805E-05,14.985,0
0.9999,-5.270466E-05,14.9985,0,0.9999,-1.477073E-05,14.9985,0
1.0008,-2.18204E-05,15.012,0,1.0008,-5.035477E-05,15.012,0
1.0017,-2.316319E-05,15.0255,0,1.0017,-2.517739E-05,15.0255,0
1.0026,-3.659113E-05,15.039,0,1.0026,-1.007095E-06,15.039,0
1.0035,-6.713969E-07,15.0525,0,1.0035,-2.18204E-05,15.0525,0
1.0044,3.826963E-05,15.066,0,1.0044,-4.162661E-05,15.066,0
1.0053,1.443504E-05,15.0795,0,1.0053,-6.713969E-06,15.0795,0
1.0062,-1.544213E-05,15.093,0,1.0062,-2.786297E-05,15.093,0
1.0071,-1.242084E-05,15.1065,0,1.0071,-6.948959E-05,15.1065,0
1.008,-2.752728E-05,15.12,0,1.008,-1.376364E-05,15.12,0
1.0089,-2.081331E-05,15.1335,0,1.0089,2.853437E-05,15.1335,0
1.0098,-2.652018E-05,15.147,0,1.0098,-2.081331E-05,15.147,0
1.0107,1.040665E-05,15.1605,0,1.0107,-2.24918E-05,15.1605,0
1.0116,1.812772E-05,15.174,0,1.0116,2.349889E-06,15.174,0
1.0125,2.484169E-05,15.1875,0,1.0125,-7.049668E-06,15.1875,0
1.0134,5.706874E-06,15.201,0,1.0134,-1.376364E-05,15.201,0
1.0143,-6.378271E-06,15.2145,0,1.0143,-3.088426E-05,15.2145,0
1.0152,1.678492E-06,15.228,0,1.0152,-2.014191E-05,15.228,0
1.0161,-5.706874E-06,15.2415,0,1.0161,1.174945E-05,15.2415,0
1.017,1.007095E-05,15.255,0,1.017,-1.913481E-05,15.255,0
1.0179,9.399558E-06,15.2685,0,1.0179,-5.941863E-05,15.2685,0
1.0188,-2.517739E-05,15.282,0,1.0188,-1.510643E-05,15.282,0
1.0197,-2.047761E-05,15.2955,0,1.0197,-3.356985E-05,15.2955,0
1.0206,1.443504E-05,15.309,0,1.0206,-6.881819E-05,15.309,0
1.0215,-3.793393E-05,15.3225,0,1.0215,-3.356985E-07,15.3225,0
1.0224,-3.826963E-05,15.336,0,1.0224,1.611353E-05,15.336,0
1.0233,3.726253E-05,15.3495,0,1.0233,-4.129091E-05,15.3495,0
1.0242,1.342794E-05,15.363,0,1.0242,-5.069047E-05,15.363,0
1.0251,-1.980621E-05,15.3765,0,1.0251,-8.056763E-06,15.3765,0
1.026,-3.356985E-07,15.39,0,1.026,-5.706874E-06,15.39,0
1.0269,7.721065E-06,15.4035,0,1.0269,-1.376364E-05,15.4035,0
1.0278,4.36408E-06,15.417,0,1.0278,-3.591974E-05,15.417,0
1.0287,2.18204E-05,15.4305,0,1.0287,-1.040665E-05,15.4305,0
1.0296,4.36408E-05,15.444,0,1.0296,9.735256E-06,15.444,0
1.0305,3.994812E-05,15.4575,0,1.0305,-1.846342E-05,15.4575,0
1.0314,7.721065E-06,15.471,0,1.0314,-5.404745E-05,15.471,0
1.0323,-2.652018E-05,15.4845,0,1.0323,-1.980621E-05,15.4845,0
1.0332,-2.081331E-05,15.498,0,1.0332,-4.229801E-05,15.498,0
1.0341,-1.779202E-05,15.5115,0,1.0341,-7.452507E-05,15.5115,0
1.035,-3.289845E-05,15.525,0,1.035,-8.392462E-06,15.525,0
1.0359,-3.457694E-05,15.5385,0,1.0359,3.356985E-06,15.5385,0
1.0368,-3.524834E-05,15.552,0,1.0368,-4.095522E-05,15.552,0
1.0377,3.256275E-05,15.5655,0,1.0377,-4.061952E-05,15.5655,0
1.0386,2.719158E-05,15.579,0,1.0386,-1.040665E-05,15.579,0
1.0395,1.309224E-05,15.5925,0,1.0395,-3.356985E-07,15.5925,0
1.0404,6.378271E-06,15.606,0,1.0404,-2.014191E-06,15.606,0
1.0413,-2.349889E-06,15.6195,0,1.0413,-3.793393E-05,15.6195,0
1.0422,-8.056763E-06,15.633,0,1.0422,-1.477073E-05,15.633,0
1.0431,-1.342794E-06,15.6465,0,1.0431,1.074235E-05,15.6465,0
1.044,1.510643E-05,15.66,0,1.044,-2.047761E-05,15.66,0
1.0449,2.887007E-05,15.6735,0,1.0449,-2.920577E-05,15.6735,0
1.0458,1.577783E-05,15.687,0,1.0458,1.141375E-05,15.687,0
1.0467,-1.544213E-05,15.7005,0,1.0467,-2.551309E-05,15.7005,0
1.0476,-8.392462E-06,15.714,0,1.0476,-6.076142E-05,15.714,0
1.0485,-2.819867E-05,15.7275,0,1.0485,-3.692683E-06,15.7275,0
1.0494,-4.766919E-05,15.741,0,1.0494,9.063859E-06,15.741,0
1.0503,-2.24918E-05,15.7545,0,1.0503,-1.510643E-05,15.7545,0
1.0512,-7.989624E-05,15.768,0,1.0512,-1.678492E-05,15.768,0
1.0521,-7.687495E-05,15.7815,0,1.0521,-1.007095E-05,15.7815,0
1.053,-7.049668E-06,15.795,0,1.053,-5.001907E-05,15.795,0
1.0539,0,15.8085,0,1.0539,-3.793393E-05,15.8085,0
1.0548,3.121996E-05,15.822,0,1.0548,-2.719158E-05,15.822,0
1.0557,1.812772E-05,15.8355,0,1.0557,-2.987716E-05,15.8355,0
1.0566,-4.49836E-05,15.849,0,1.0566,1.913481E-05,15.849,0
1.0575,-3.591974E-05,15.8625,0,1.0575,-2.18204E-05,15.8625,0
1.0584,-2.28275E-05,15.876,0,1.0584,-5.270466E-05,15.876,0
1.0593,-6.848249E-05,15.8895,0,1.0593,-1.644922E-05,15.8895,0
1.0602,-4.901198E-05,15.903,0,1.0602,1.007095E-06,15.903,0
1.0611,-6.713969E-07,15.9165,0,1.0611,-4.53193E-05,15.9165,0
1.062,2.652018E-05,15.93,0,1.062,9.735256E-06,15.93,0
1.0629,2.517739E-05,15.9435,0,1.0629,2.450599E-05,15.9435,0
1.0638,-1.678492E-06,15.957,0,1.0638,-3.424125E-05,15.957,0
1.0647,-4.263371E-05,15.9705,0,1.0647,-3.323415E-05,15.9705,0
1.0656,-4.599069E-05,15.984,0,1.0656,5.035477E-06,15.984,0
1.0665,-1.644922E-05,15.9975,0,1.0665,-8.728161E-06,15.9975,0
1.0674,-5.706874E-06,16.011,0,1.0674,-1.678492E-06,16.011,0
1.0683,1.947051E-05,16.0245,0,1.0683,-2.047761E-05,16.0245,0
1.0692,4.263371E-05,16.038,0,1.0692,-3.356985E-06,16.038,0
1.0701,6.042573E-06,16.0515,0,1.0701,1.107805E-05,16.0515,0
1.071,-1.141375E-05,16.065,0,1.071,-2.719158E-05,16.065,0
1.0719,7.385367E-06,16.0785,0,1.0719,-3.323415E-05,16.0785,0
1.0728,1.678492E-06,16.092,0,1.0728,-6.042573E-06,16.092,0
1.0737,1.007095E-06,16.1055,0,1.0737,-5.371176E-06,16.1055,0
1.0746,5.706874E-06,16.119,0,1.0746,-4.46479E-05,16.119,0
1.0755,-3.356985E-05,16.1325,0,1.0755,2.349889E-06,16.1325,0
1.0764,-1.107805E-05,16.146,0,1.0764,-7.049668E-06,16.146,0
1.0773,-1.342794E-06,16.1595,0,1.0773,-6.243992E-05,16.1595,0
1.0782,-5.706874E-06,16.173,0,1.0782,-2.987716E-05,16.173,0
1.0791,0,16.1865,0,1.0791,9.735256E-06,16.1865,0
1.08,5.035477E-06,16.2,0,1.08,4.36408E-06,16.2,0
1.0809,2.1149E-05,16.2135,0,1.0809,-6.378271E-06,16.2135,0
1.0818,1.846342E-05,16.227,0,1.0818,-3.021286E-06,16.227,0
1.0827,-7.049668E-06,16.2405,0,1.0827,1.510643E-05,16.2405,0
1.0836,-4.800488E-05,16.254,0,1.0836,8.392462E-06,16.254,0
1.0845,-4.028382E-06,16.2675,0,1.0845,-2.853437E-05,16.2675,0
1.0854,5.337606E-05,16.281,0,1.0854,-8.69459E-05,16.281,0
1.0863,2.484169E-05,16.2945,0,1.0863,-4.666209E-05,16.2945,0
1.0872,3.591974E-05,16.308,0,1.0872,-7.351797E-05,16.308,0
1.0881,2.987716E-05,16.3215,0,1.0881,-0.000105745,16.3215,0
1.089,-6.378271E-06,16.335,0,1.089,-2.719158E-05,16.335,0
1.0899,1.040665E-05,16.3485,0,1.0899,7.016098E-05,16.3485,0
1.0908,-4.36408E-06,16.362,0,1.0908,4.934768E-05,16.362,0
1.0917,-4.599069E-05,16.3755,0,1.0917,-1.040665E-05,16.3755,0
1.0926,-4.800488E-05,16.389,0,1.0926,2.014191E-05,16.389,0
1.0935,-2.1149E-05,16.4025,0,1.0935,7.721065E-06,16.4025,0
1.0944,-3.390555E-05,16.416,0,1.0944,-1.947051E-05,16.416,0
1.0953,-1.644922E-05,16.4295,0,1.0953,-4.36408E-05,16.4295,0
1.0962,3.021286E-06,16.443,0,1.0962,-2.18204E-05,16.443,0
1.0971,1.174945E-05,16.4565,0,1.0971,-1.846342E-05,16.4565,0
1.098,7.049668E-06,16.47,0,1.098,-4.800488E-05,16.47,0
1.0989,1.678492E-06,16.4835,0,1.0989,-5.941863E-05,16.4835,0
1.0998,-6.478981E-05,16.497,0,1.0998,-4.699779E-06,16.497,0
1.1007,-6.076142E-05,16.5105,0,1.1007,-1.107805E-05,16.5105,0
1.1016,2.28275E-05,16.524,0,1.1016,-3.054856E-05,16.524,0
1.1025,-3.356985E-07,16.5375,0,1.1025,8.392462E-06,16.5375,0
1.1034,-2.987716E-05,16.551,0,1.1034,2.349889E-06,16.551,0
1.1043,2.584878E-05,16.5645,0,1.1043,-3.591974E-05,16.5645,0
1.1052,1.007095E-06,16.578,0,1.1052,-4.028382E-05,16.578,0
1.1061,-2.551309E-05,16.5915,0,1.1061,-3.021286E-05,16.5915,0
1.107,1.443504E-05,16.605,0,1.107,-3.994812E-05,16.605,0
1.1079,3.356985E-06,16.6185,0,1.1079,-2.24918E-05,16.6185,0
1.1088,-2.987716E-05,16.632,0,1.1088,-2.853437E-05,16.632,0
1.1097,-4.766919E-05,16.6455,0,1.1097,-2.517739E-05,16.6455,0
1.1106,-4.666209E-05,16.659,0,1.1106,-1.107805E-05,16.659,0
1.1115,-2.047761E-05,16.6725,0,1.1115,-3.457694E-05,16.6725,0
1.1124,5.035477E-06,16.686,0,1.1124,-6.009003E-05,16.686,0
1.1133,2.652018E-05,16.6995,0,1.1133,-1.242084E-05,16.6995,0
1.1142,2.24918E-05,16.713,0,1.1142,-5.035477E-06,16.713,0
1.1151,-6.713969E-07,16.7265,0,1.1151,-3.457694E-05,16.7265,0
1.116,7.049668E-06,16.74,0,1.116,-1.510643E-05,16.74,0
1.1169,2.18204E-05,16.7535,0,1.1169,1.477073E-05,16.7535,0
1.1178,-1.913481E-05,16.767,0,1.1178,-2.047761E-05,16.767,0
1.1187,-3.356985E-07,16.7805,0,1.1187,-2.584878E-05,16.7805,0
1.1196,-3.356985E-07,16.794,0,1.1196,1.544213E-05,16.794,0
1.1205,-2.047761E-05,16.8075,0,1.1205,-1.242084E-05,16.8075,0
1.1214,-4.800488E-05,16.821,0,1.1214,-3.524834E-05,16.821,0
1.1223,-3.692683E-06,16.8345,0,1.1223,-3.558404E-05,16.8345,0
1.1232,-9.735256E-06,16.848,0,1.1232,3.356985E-07,16.848,0
1.1241,-7.418937E-05,16.8615,0,1.1241,1.779202E-05,16.8615,0
1.125,-1.174945E-05,16.875,0,1.125,-9.735256E-06,16.875,0
1.1259,1.242084E-05,16.8885,0,1.1259,-2.18204E-05,16.8885,0
1.1268,6.713969E-06,16.902,0,1.1268,1.544213E-05,16.902,0
1.1277,2.887007E-05,16.9155,0,1.1277,-2.786297E-05,16.9155,0
1.1286,3.591974E-05,16.929,0,1.1286,-7.788205E-05,16.929,0
1.1295,1.678492E-06,16.9425,0,1.1295,-1.208515E-05,16.9425,0
1.1304,2.450599E-05,16.956,0,1.1304,-1.342794E-05,16.956,0
1.1313,2.517739E-05,16.9695,0,1.1313,-2.1149E-05,16.9695,0
1.1322,-3.424125E-05,16.983,0,1.1322,1.980621E-05,16.983,0
1.1331,-2.584878E-05,16.9965,0,1.1331,1.040665E-05,16.9965,0
1.134,2.014191E-06,17.01,0,1.134,-2.21561E-05,17.01,0
1.1349,-9.735256E-06,17.0235,0,1.1349,-3.726253E-05,17.0235,0
1.1358,5.035477E-06,17.037,0,1.1358,-4.599069E-05,17.037,0
1.1367,3.121996E-05,17.0505,0,1.1367,-2.652018E-05,17.0505,0
1.1376,2.584878E-05,17.064,0,1.1376,-8.728161E-06,17.064,0
1.1385,7.049668E-06,17.0775,0,1.1385,-2.786297E-05,17.0775,0
1.1394,1.342794E-05,17.091,0,1.1394,-4.43122E-05,17.091,0
1.1403,-2.819867E-05,17.1045,0,1.1403,-2.517739E-05,17.1045,0
1.1412,-1.980621E-05,17.118,0,1.1412,-3.591974E-05,17.118,0
1.1421,1.678492E-06,17.1315,0,1.1421,-5.539025E-05,17.1315,0
1.143,1.678492E-05,17.145,0,1.143,-1.141375E-05,17.145,0
1.1439,-1.141375E-05,17.1585,0,1.1439,1.510643E-05,17.1585,0
1.1448,-4.36408E-06,17.172,0,1.1448,-1.544213E-05,17.172,0
1.1457,-1.007095E-06,17.1855,0,1.1457,3.692683E-06,17.1855,0
1.1466,-4.901198E-05,17.199,0,1.1466,1.611353E-05,17.199,0
1.1475,-4.867628E-05,17.2125,0,1.1475,-1.007095E-06,17.2125,0
1.1484,-3.591974E-05,17.226,0,1.1484,-3.121996E-05,17.226,0
1.1493,-2.786297E-05,17.2395,0,1.1493,-5.740444E-05,17.2395,0
1.1502,-3.457694E-05,17.253,0,1.1502,-4.263371E-05,17.253,0
1.1511,-3.726253E-05,17.2665,0,1.1511,-1.107805E-05,17.2665,0
1.152,-5.639734E-05,17.28,0,1.152,-5.606165E-05,17.28,0
1.1529,-3.424125E-05,17.2935,0,1.1529,-7.754635E-05,17.2935,0
1.1538,-1.812772E-05,17.307,0,1.1538,1.510643E-05,17.307,0
1.1547,-2.685588E-06,17.3205,0,1.1547,4.666209E-05,17.3205,0
1.1556,3.524834E-05,17.334,0,1.1556,-5.706874E-06,17.334,0
1.1565,2.752728E-05,17.3475,0,1.1565,6.378271E-06,17.3475,0
1.1574,7.049668E-06,17.361,0,1.1574,6.042573E-06,17.361,0
1.1583,1.577783E-05,17.3745,0,1.1583,-2.081331E-05,17.3745,0
1.1592,3.121996E-05,17.388,0,1.1592,-2.819867E-05,17.388,0
1.1601,1.007095E-05,17.4015,0,1.1601,-2.081331E-05,17.4015,0
1.161,-1.477073E-05,17.415,0,1.161,-5.371176E-05,17.415,0
1.1619,-1.376364E-05,17.4285,0,1.1619,-3.860533E-05,17.4285,0
1.1628,1.678492E-06,17.442,0,1.1628,-3.021286E-05,17.442,0
1.1637,-1.644922E-05,17.4555,0,1.1637,-2.1149E-05,17.4555,0
1.1646,-5.539025E-05,17.469,0,1.1646,-1.107805E-05,17.469,0
1.1655,-4.901198E-05,17.4825,0,1.1655,-2.618448E-05,17.4825,0
1.1664,-3.457694E-05,17.496,0,1.1664,-3.860533E-05,17.496,0
1.1673,-3.021286E-05,17.5095,0,1.1673,3.356985E-07,17.5095,0
1.1682,-1.678492E-05,17.523,0,1.1682,-3.356985E-07,17.523,0
1.1691,-6.713969E-07,17.5365,0,1.1691,-6.243992E-05,17.5365,0
1.17,-4.699779E-05,17.55,0,1.17,-4.599069E-05,17.55,0
1.1709,4.699779E-06,17.5635,0,1.1709,-3.256275E-05,17.5635,0
1.1718,7.217517E-05,17.577,0,1.1718,-5.807584E-05,17.577,0
1.1727,2.047761E-05,17.5905,0,1.1727,-1.678492E-06,17.5905,0
1.1736,-8.392462E-06,17.604,0,1.1736,6.143282E-05,17.604,0
1.1745,-1.275654E-05,17.6175,0,1.1745,0.000102388,17.6175,0
1.1754,-6.009003E-05,17.631,0,1.1754,1.174945E-05,17.631,0
1.1763,-2.920577E-05,17.6445,0,1.1763,-3.390555E-05,17.6445,0
1.1772,5.337606E-05,17.658,0,1.1772,-1.846342E-05,17.658,0
1.1781,-2.685588E-06,17.6715,0,1.1781,-2.450599E-05,17.6715,0
1.179,-2.719158E-05,17.685,0,1.179,-2.987716E-05,17.685,0
1.1799,1.174945E-05,17.6985,0,1.1799,-4.196231E-05,17.6985,0
1.1808,2.920577E-05,17.712,0,1.1808,-4.36408E-06,17.712,0
1.1817,1.947051E-05,17.7255,0,1.1817,-5.035477E-06,17.7255,0
1.1826,2.685588E-06,17.739,0,1.1826,-4.800488E-05,17.739,0
1.1835,-1.712062E-05,17.7525,0,1.1835,-1.107805E-05,17.7525,0
1.1844,-4.028382E-06,17.766,0,1.1844,6.713969E-07,17.766,0
1.1853,1.712062E-05,17.7795,0,1.1853,-3.793393E-05,17.7795,0
1.1862,2.685588E-05,17.793,0,1.1862,-3.927672E-05,17.793,0
1.1871,-9.735256E-06,17.8065,0,1.1871,1.007095E-06,17.8065,0
1.188,7.049668E-06,17.82,0,1.188,-3.088426E-05,17.82,0
1.1889,1.947051E-05,17.8335,0,1.1889,-2.853437E-05,17.8335,0
1.1898,-1.309224E-05,17.847,0,1.1898,-3.759823E-05,17.847,0
1.1907,-9.063859E-06,17.8605,0,1.1907,-2.920577E-05,17.8605,0
1.1916,-2.652018E-05,17.874,0,1.1916,-6.713969E-07,17.874,0
1.1925,-4.699779E-06,17.8875,0,1.1925,-2.484169E-05,17.8875,0
1.1934,3.356985E-07,17.901,0,1.1934,-3.927672E-05,17.901,0
1.1943,-2.517739E-05,17.9145,0,1.1943,-2.047761E-05,17.9145,0
1.1952,9.735256E-06,17.928,0,1.1952,-1.812772E-05,17.928,0
1.1961,-1.644922E-05,17.9415,0,1.1961,-4.934768E-05,17.9415,0
1.197,-6.881819E-05,17.955,0,1.197,-1.644922E-05,17.955,0
1.1979,-3.323415E-05,17.9685,0,1.1979,-7.721065E-06,17.9685,0
1.1988,-3.692683E-05,17.982,0,1.1988,-1.510643E-05,17.982,0
1.1997,-4.49836E-05,17.9955,0,1.1997,-9.063859E-06,17.9955,0
1.2006,-4.766919E-05,18.009,0,1.2006,-8.392462E-06,18.009,0
1.2015,-6.713969E-07,18.0225,0,1.2015,-1.107805E-05,18.0225,0
1.2024,3.692683E-06,18.036,0,1.2024,-1.309224E-05,18.036,0
1.2033,4.263371E-05,18.0495,0,1.2033,-2.618448E-05,18.0495,0
1.2042,2.920577E-05,18.063,0,1.2042,-1.812772E-05,18.063,0
1.2051,-2.349889E-06,18.0765,0,1.2051,9.063859E-06,18.0765,0
1.206,6.713969E-07,18.09,0,1.206,-1.275654E-05,18.09,0
1.2069,1.745632E-05,18.1035,0,1.2069,-2.819867E-05,18.1035,0
1.2078,-9.063859E-06,18.117,0,1.2078,1.846342E-05,18.117,0
1.2087,3.021286E-06,18.1305,0,1.2087,3.692683E-06,18.1305,0
1.2096,4.061952E-05,18.144,0,1.2096,-2.786297E-05,18.144,0
1.2105,-2.316319E-05,18.1575,0,1.2105,-2.584878E-05,18.1575,0
1.2114,1.947051E-05,18.171,0,1.2114,-1.577783E-05,18.171,0
1.2123,5.069047E-05,18.1845,0,1.2123,-5.337606E-05,18.1845,0
1.2132,-3.424125E-05,18.198,0,1.2132,-5.706874E-05,18.198,0
1.2141,-3.591974E-05,18.2115,0,1.2141,-1.510643E-05,18.2115,0
1.215,-2.081331E-05,18.225,0,1.215,-2.081331E-05,18.225,0
1.2159,-1.174945E-05,18.2385,0,1.2159,-1.644922E-05,18.2385,0
1.2168,-4.33051E-05,18.252,0,1.2168,-4.33051E-05,18.252,0
1.2177,-8.056763E-06,18.2655,0,1.2177,-2.719158E-05,18.2655,0
1.2186,1.779202E-05,18.279,0,1.2186,-3.021286E-06,18.279,0
1.2195,-6.042573E-06,18.2925,0,1.2195,-1.779202E-05,18.2925,0
1.2204,-3.155566E-05,18.306,0,1.2204,-4.263371E-05,18.306,0
1.2213,-1.544213E-05,18.3195,0,1.2213,1.779202E-05,18.3195,0
1.2222,-1.141375E-05,18.333,0,1.2222,-1.107805E-05,18.333,0
1.2231,-3.021286E-05,18.3465,0,1.2231,-5.908293E-05,18.3465,0
1.224,-3.121996E-05,18.36,0,1.224,-1.678492E-05,18.36,0
1.2249,-6.378271E-06,18.3735,0,1.2249,9.735256E-06,18.3735,0
1.2258,1.040665E-05,18.387,0,1.2258,-1.846342E-05,18.387,0
1.2267,6.076142E-05,18.4005,0,1.2267,-2.081331E-05,18.4005,0
1.2276,5.706874E-05,18.414,0,1.2276,3.054856E-05,18.414,0
1.2285,2.853437E-05,18.4275,0,1.2285,1.577783E-05,18.4275,0
1.2294,1.846342E-05,18.441,0,1.2294,2.652018E-05,18.441,0
1.2303,-2.349889E-06,18.4545,0,1.2303,-8.056763E-06,18.4545,0
1.2312,-2.752728E-05,18.468,0,1.2312,5.035477E-06,18.468,0
1.2321,-3.793393E-05,18.4815,0,1.2321,3.021286E-06,18.4815,0
1.233,7.721065E-06,18.495,0,1.233,-4.263371E-05,18.495,0
1.2339,-2.18204E-05,18.5085,0,1.2339,-6.076142E-05,18.5085,0
1.2348,-5.035477E-05,18.522,0,1.2348,3.356985E-06,18.522,0
1.2357,4.699779E-06,18.5355,0,1.2357,-1.242084E-05,18.5355,0
1.2366,1.141375E-05,18.549,0,1.2366,-9.970245E-05,18.549,0
1.2375,-1.242084E-05,18.5625,0,1.2375,-6.948959E-05,18.5625,0
1.2384,1.678492E-06,18.576,0,1.2384,-6.71397E-05,18.576,0
1.2393,2.853437E-05,18.5895,0,1.2393,-4.733349E-05,18.5895,0
1.2402,3.356985E-07,18.603,0,1.2402,-5.706874E-06,18.603,0
1.2411,-5.035477E-05,18.6165,0,1.2411,-3.692683E-06,18.6165,0
1.242,-3.323415E-05,18.63,0,1.242,-1.544213E-05,18.63,0
1.2429,-1.309224E-05,18.6435,0,1.2429,-9.735256E-06,18.6435,0
1.2438,-1.107805E-05,18.657,0,1.2438,-1.510643E-05,18.657,0
1.2447,-2.551309E-05,18.6705,0,1.2447,3.356985E-07,18.6705,0
1.2456,-2.752728E-05,18.684,0,1.2456,3.726253E-05,18.684,0
1.2465,-1.678492E-05,18.6975,0,1.2465,8.392462E-06,18.6975,0
1.2474,-1.712062E-05,18.711,0,1.2474,-4.129091E-05,18.711,0
1.2483,-3.390555E-05,18.7245,0,1.2483,-4.196231E-05,18.7245,0
1.2492,-1.644922E-05,18.738,0,1.2492,-4.43122E-05,18.738,0
1.2501,-5.035477E-06,18.7515,0,1.2501,-5.874724E-05,18.7515,0
1.251,1.443504E-05,18.765,0,1.251,-3.692683E-06,18.765,0
1.2519,-2.517739E-05,18.7785,0,1.2519,4.39765E-05,18.7785,0
1.2528,-1.611353E-05,18.792,0,1.2528,-2.987716E-05,18.792,0
1.2537,3.894102E-05,18.8055,0,1.2537,-6.009003E-05,18.8055,0
1.2546,9.735256E-06,18.819,0,1.2546,4.699779E-06,18.819,0
1.2555,-1.913481E-05,18.8325,0,1.2555,-6.042573E-06,18.8325,0
1.2564,-2.484169E-05,18.846,0,1.2564,-2.618448E-05,18.846,0
1.2573,-1.242084E-05,18.8595,0,1.2573,-3.659113E-05,18.8595,0
1.2582,-1.510643E-05,18.873,0,1.2582,0,18.873,0
1.2591,-4.733349E-05,18.8865,0,1.2591,-3.021286E-06,18.8865,0
1.26,-3.524834E-05,18.9,0,1.26,-2.047761E-05,18.9,0
1.2609,-5.035477E-06,18.9135,0,1.2609,-1.376364E-05,18.9135,0
1.2618,0,18.927,0,1.2618,9.735256E-06,18.927,0
1.2627,-5.035477E-06,18.9405,0,1.2627,-9.063859E-06,18.9405,0
1.2636,1.007095E-05,18.954,0,1.2636,-3.591974E-05,18.954,0
1.2645,-1.745632E-05,18.9675,0,1.2645,-3.021286E-06,18.9675,0
1.2654,-3.390555E-05,18.981,0,1.2654,1.242084E-05,18.981,0
1.2663,-1.846342E-05,18.9945,0,1.2663,-1.913481E-05,18.9945,0
1.2672,1.174945E-05,19.008,0,1.2672,-2.316319E-05,19.008,0
1.2681,3.692683E-06,19.0215,0,1.2681,-2.450599E-05,19.0215,0
1.269,-1.242084E-05,19.035,0,1.269,-4.800488E-05,19.035,0
1.2699,-2.349889E-06,19.0485,0,1.2699,-6.009003E-05,19.0485,0
1.2708,-1.913481E-05,19.062,0,1.2708,-6.109713E-05,19.062,0
1.2717,-1.275654E-05,19.0755,0,1.2717,-2.28275E-05,19.0755,0
1.2726,3.692683E-06,19.089,0,1.2726,2.484169E-05,19.089,0
1.2735,5.807584E-05,19.1025,0,1.2735,-5.371176E-06,19.1025,0
1.2744,6.344701E-05,19.116,0,1.2744,-4.766919E-05,19.116,0
1.2753,5.874724E-05,19.1295,0,1.2753,2.349889E-06,19.1295,0
1.2762,6.009003E-05,19.143,0,1.2762,-1.678492E-06,19.143,0
1.2771,2.484169E-05,19.1565,0,1.2771,-3.894102E-05,19.1565,0
1.278,-1.779202E-05,19.17,0,1.278,7.721065E-06,19.17,0
1.2789,-6.378271E-06,19.1835,0,1.2789,3.189136E-05,19.1835,0
1.2798,-1.510643E-05,19.197,0,1.2798,-1.242084E-05,19.197,0
1.2807,-6.176852E-05,19.2105,0,1.2807,-4.53193E-05,19.2105,0
1.2816,-3.356985E-05,19.224,0,1.2816,-1.510643E-05,19.224,0
1.2825,-4.196231E-05,19.2375,0,1.2825,-7.049668E-06,19.2375,0
1.2834,-3.894102E-05,19.251,0,1.2834,-1.577783E-05,19.251,0
1.2843,-3.558404E-05,19.2645,0,1.2843,-3.726253E-05,19.2645,0
1.2852,-2.383459E-05,19.278,0,1.2852,-2.954147E-05,19.278,0
1.2861,-4.699779E-06,19.2915,0,1.2861,-3.088426E-05,19.2915,0
1.287,-1.544213E-05,19.305,0,1.287,-5.807584E-05,19.305,0
1.2879,-1.242084E-05,19.3185,0,1.2879,-4.901198E-05,19.3185,0
1.2888,-3.793393E-05,19.332,0,1.2888,3.356985E-06,19.332,0
1.2897,-2.1149E-05,19.3455,0,1.2897,1.174945E-05,19.3455,0
1.2906,1.376364E-05,19.359,0,1.2906,-3.793393E-05,19.359,0
1.2915,-9.063859E-06,19.3725,0,1.2915,-1.309224E-05,19.3725,0
1.2924,2.987716E-05,19.386,0,1.2924,1.007095E-06,19.386,0
1.2933,3.961242E-05,19.3995,0,1.2933,-3.927672E-05,19.3995,0
1.2942,-2.920577E-05,19.413,0,1.2942,-3.659113E-05,19.413,0
1.2951,-3.256275E-05,19.4265,0,1.2951,-2.450599E-05,19.4265,0
1.296,2.316319E-05,19.44,0,1.296,-2.18204E-05,19.44,0
1.2969,2.081331E-05,19.4535,0,1.2969,-1.477073E-05,19.4535,0
1.2978,-7.721065E-06,19.467,0,1.2978,-2.014191E-05,19.467,0
1.2987,2.417029E-05,19.4805,0,1.2987,-1.141375E-05,19.4805,0
1.2996,-1.544213E-05,19.494,0,1.2996,-1.107805E-05,19.494,0
1.3005,-3.793393E-05,19.5075,0,1.3005,-3.054856E-05,19.5075,0
1.3014,-3.692683E-06,19.521,0,1.3014,-4.43122E-05,19.521,0
1.3023,-1.779202E-05,19.5345,0,1.3023,-3.692683E-06,19.5345,0
1.3032,-2.014191E-05,19.548,0,1.3032,7.049668E-06,19.548,0
1.3041,3.558404E-05,19.5615,0,1.3041,-1.577783E-05,19.5615,0
1.305,-4.867628E-05,19.575,0,1.305,-2.14847E-05,19.575,0
1.3059,-2.316319E-05,19.5885,0,1.3059,-3.692683E-06,19.5885,0
1.3068,2.719158E-05,19.602,0,1.3068,-2.349889E-06,19.602,0
1.3077,-2.652018E-05,19.6155,0,1.3077,-2.18204E-05,19.6155,0
1.3086,-2.853437E-05,19.629,0,1.3086,-7.721065E-06,19.629,0
1.3095,-8.056763E-06,19.6425,0,1.3095,1.007095E-06,19.6425,0
1.3104,-3.021286E-05,19.656,0,1.3104,7.385367E-06,19.656,0
1.3113,-1.107805E-05,19.6695,0,1.3113,-1.644922E-05,19.6695,0
1.3122,2.24918E-05,19.683,0,1.3122,-5.001907E-05,19.683,0
1.3131,2.349889E-06,19.6965,0,1.3131,-5.203327E-05,19.6965,0
1.314,-3.927672E-05,19.71,0,1.314,-5.136187E-05,19.71,0
1.3149,1.342794E-06,19.7235,0,1.3149,-5.102617E-05,19.7235,0
1.3158,2.081331E-05,19.737,0,1.3158,2.014191E-06,19.737,0
1.3167,1.779202E-05,19.7505,0,1.3167,-5.706874E-06,19.7505,0
1.3176,1.510643E-05,19.764,0,1.3176,-4.229801E-05,19.764,0
1.3185,-6.713969E-07,19.7775,0,1.3185,-1.007095E-06,19.7775,0
1.3194,1.577783E-05,19.791,0,1.3194,-1.107805E-05,19.791,0
1.3203,1.577783E-05,19.8045,0,1.3203,-4.968337E-05,19.8045,0
1.3212,-8.056763E-06,19.818,0,1.3212,-4.632639E-05,19.818,0
1.3221,-2.484169E-05,19.8315,0,1.3221,-1.913481E-05,19.8315,0
1.323,-1.376364E-05,19.845,0,1.323,-3.088426E-05,19.845,0
1.3239,-9.063859E-06,19.8585,0,1.3239,-1.644922E-05,19.8585,0
1.3248,-5.706874E-06,19.872,0,1.3248,-3.860533E-05,19.872,0
1.3257,-4.36408E-06,19.8855,0,1.3257,-2.1149E-05,19.8855,0
1.3266,-3.524834E-05,19.899,0,1.3266,2.047761E-05,19.899,0
1.3275,-2.618448E-05,19.9125,0,1.3275,1.678492E-06,19.9125,0
1.3284,-1.409934E-05,19.926,0,1.3284,-1.174945E-05,19.926,0
1.3293,-4.061952E-05,19.9395,0,1.3293,3.524834E-05,19.9395,0
1.3302,-2.618448E-05,19.953,0,1.3302,2.014191E-05,19.953,0
1.3311,1.007095E-06,19.9665,0,1.3311,-3.390555E-05,19.9665,0
1.332,1.510643E-05,19.98,0,1.332,-1.007095E-06,19.98,0
1.3329,4.129091E-05,19.9935,0,1.3329,-2.484169E-05,19.9935,0
1.3338,4.39765E-05,20.007,0,1.3338,-5.371176E-05,20.007,0
1.3347,7.150377E-05,20.0205,0,1.3347,-2.517739E-05,20.0205,0
1.3356,4.632639E-05,20.034,0,1.3356,5.706874E-06,20.034,0
1.3365,2.1149E-05,20.0475,0,1.3365,-2.1149E-05,20.0475,0
1.3374,1.040665E-05,20.061,0,1.3374,-2.920577E-05,20.061,0
1.3383,2.047761E-05,20.0745,0,1.3383,-2.21561E-05,20.0745,0
1.3392,-2.1149E-05,20.088,0,1.3392,9.735256E-06,20.088,0
1.3401,-7.486076E-05,20.1015,0,1.3401,-9.063859E-06,20.1015,0
1.341,-6.210422E-05,20.115,0,1.341,-2.987716E-05,20.115,0
1.3419,-4.666209E-05,20.1285,0,1.3419,-3.524834E-05,20.1285,0
1.3428,-3.793393E-05,20.142,0,1.3428,5.035477E-06,20.142,0
1.3437,-3.961242E-05,20.1555,0,1.3437,-1.712062E-05,20.1555,0
1.3446,-7.049668E-06,20.169,0,1.3446,-5.975433E-05,20.169,0
1.3455,-2.349889E-06,20.1825,0,1.3455,-1.544213E-05,20.1825,0
1.3464,3.323415E-05,20.196,0,1.3464,8.392462E-06,20.196,0
1.3473,-3.356985E-07,20.2095,0,1.3473,-1.812772E-05,20.2095,0
1.3482,-1.745632E-05,20.223,0,1.3482,-1.745632E-05,20.223,0
1.3491,-2.450599E-05,20.2365,0,1.3491,1.007095E-05,20.2365,0
1.35,4.699779E-06,20.25,0,1.35,-1.007095E-05,20.25,0
1.3509,2.349889E-06,20.2635,0,1.3509,-2.887007E-05,20.2635,0
1.3518,1.242084E-05,20.277,0,1.3518,-4.196231E-05,20.277,0
1.3527,-1.812772E-05,20.2905,0,1.3527,-2.349889E-05,20.2905,0
1.3536,-1.242084E-05,20.304,0,1.3536,-3.356985E-06,20.304,0
1.3545,-3.692683E-06,20.3175,0,1.3545,-1.812772E-05,20.3175,0
1.3554,-5.706874E-06,20.331,0,1.3554,-5.001907E-05,20.331,0
1.3563,-1.577783E-05,20.3445,0,1.3563,-1.040665E-05,20.3445,0
1.3572,-9.063859E-06,20.358,0,1.3572,-1.745632E-05,20.358,0
1.3581,1.040665E-05,20.3715,0,1.3581,-5.404745E-05,20.3715,0
1.359,-3.356985E-05,20.385,0,1.359,-6.378271E-06,20.385,0
1.3599,-5.740444E-05,20.3985,0,1.3599,-3.356985E-06,20.3985,0
1.3608,-4.800488E-05,20.412,0,1.3608,-4.33051E-05,20.412,0
1.3617,-3.659113E-05,20.4255,0,1.3617,-3.860533E-05,20.4255,0
1.3626,-1.913481E-05,20.439,0,1.3626,-2.517739E-05,20.439,0
1.3635,3.692683E-06,20.4525,0,1.3635,-3.289845E-05,20.4525,0
1.3644,1.309224E-05,20.466,0,1.3644,-5.471885E-05,20.466,0
1.3653,-8.728161E-06,20.4795,0,1.3653,-5.001907E-05,20.4795,0
1.3662,-1.342794E-06,20.493,0,1.3662,2.786297E-05,20.493,0
1.3671,1.107805E-05,20.5065,0,1.3671,1.980621E-05,20.5065,0
1.368,2.349889E-06,20.52,0,1.368,-6.042573E-06,20.52,0
1.3689,1.409934E-05,20.5335,0,1.3689,-3.625543E-05,20.5335,0
1.3698,-4.36408E-06,20.547,0,1.3698,-1.913481E-05,20.547,0
1.3707,-2.920577E-05,20.5605,0,1.3707,-3.591974E-05,20.5605,0
1.3716,1.141375E-05,20.574,0,1.3716,-6.51255E-05,20.574,0
1.3725,1.040665E-05,20.5875,0,1.3725,-2.047761E-05,20.5875,0
1.3734,6.378271E-06,20.601,0,1.3734,7.721065E-06,20.601,0
1.3743,1.913481E-05,20.6145,0,1.3743,9.399558E-06,20.6145,0
1.3752,-3.356985E-07,20.628,0,1.3752,3.054856E-05,20.628,0
1.3761,-4.699779E-06,20.6415,0,1.3761,4.733349E-05,20.6415,0
1.377,-6.713969E-06,20.655,0,1.377,-1.342794E-06,20.655,0
1.3779,-3.726253E-05,20.6685,0,1.3779,-3.894102E-05,20.6685,0
1.3788,-4.095522E-05,20.682,0,1.3788,-5.169757E-05,20.682,0
1.3797,-8.392462E-06,20.6955,0,1.3797,-4.36408E-05,20.6955,0
1.3806,-1.577783E-05,20.709,0,1.3806,-6.713969E-07,20.709,0
1.3815,3.021286E-06,20.7225,0,1.3815,3.021286E-06,20.7225,0
1.3824,1.040665E-05,20.736,0,1.3824,-2.081331E-05,20.736,0
1.3833,-4.699779E-06,20.7495,0,1.3833,3.390555E-05,20.7495,0
1.3842,-2.014191E-05,20.763,0,1.3842,2.551309E-05,20.763,0
1.3851,1.577783E-05,20.7765,0,1.3851,-4.632639E-05,20.7765,0
1.386,-7.721065E-06,20.79,0,1.386,-2.652018E-05,20.79,0
1.3869,1.846342E-05,20.8035,0,1.3869,-2.584878E-05,20.8035,0
1.3878,-2.28275E-05,20.817,0,1.3878,-6.411841E-05,20.817,0
1.3887,-4.699779E-05,20.8305,0,1.3887,-4.229801E-05,20.8305,0
1.3896,8.392462E-06,20.844,0,1.3896,-6.713969E-06,20.844,0
1.3905,1.007095E-06,20.8575,0,1.3905,-2.786297E-05,20.8575,0
1.3914,-6.378271E-06,20.871,0,1.3914,-4.565499E-05,20.871,0
1.3923,1.678492E-05,20.8845,0,1.3923,-5.774014E-05,20.8845,0
1.3932,2.349889E-06,20.898,0,1.3932,-1.812772E-05,20.898,0
1.3941,-2.719158E-05,20.9115,0,1.3941,5.035477E-06,20.9115,0
1.395,2.014191E-06,20.925,0,1.395,-2.014191E-05,20.925,0
1.3959,2.987716E-05,20.9385,0,1.3959,-3.424125E-05,20.9385,0
1.3968,-9.063859E-06,20.952,0,1.3968,-3.356985E-07,20.952,0
1.3977,-1.745632E-05,20.9655,0,1.3977,-1.376364E-05,20.9655,0
1.3986,6.713969E-06,20.979,0,1.3986,-5.001907E-05,20.979,0
1.3995,-3.356985E-07,20.9925,0,1.3995,1.174945E-05,20.9925,0
1.4004,5.035477E-06,21.006,0,1.4004,2.920577E-05,21.006,0
1.4013,-9.735256E-06,21.0195,0,1.4013,-2.014191E-06,21.0195,0
1.4022,-3.994812E-05,21.033,0,1.4022,-5.706874E-06,21.033,0
1.4031,-6.848249E-05,21.0465,0,1.4031,-3.021286E-06,21.0465,0
1.404,-2.887007E-05,21.06,0,1.404,1.309224E-05,21.06,0
1.4049,-1.107805E-05,21.0735,0,1.4049,1.174945E-05,21.0735,0
1.4058,1.846342E-05,21.087,0,1.4058,-1.846342E-05,21.087,0
1.4067,3.390555E-05,21.1005,0,1.4067,-4.632639E-05,21.1005,0
1.4076,-4.36408E-06,21.114,0,1.4076,-1.510643E-05,21.114,0
1.4085,-1.309224E-05,21.1275,0,1.4085,-5.874724E-05,21.1275,0
1.4094,2.652018E-05,21.141,0,1.4094,-0.0001050736,21.141,0
1.4103,-1.107805E-05,21.1545,0,1.4103,-5.404745E-05,21.1545,0
1.4112,-1.913481E-05,21.168,0,1.4112,-3.894102E-05,21.168,0
1.4121,7.385367E-06,21.1815,0,1.4121,-7.016098E-05,21.1815,0
1.413,1.443504E-05,21.195,0,1.413,-2.551309E-05,21.195,0
1.4139,3.054856E-05,21.2085,0,1.4139,1.376364E-05,21.2085,0
1.4148,2.853437E-05,21.222,0,1.4148,-2.1149E-05,21.222,0
1.4157,1.342794E-06,21.2355,0,1.4157,-1.577783E-05,21.2355,0
1.4166,-3.356985E-07,21.249,0,1.4166,2.1149E-05,21.249,0
1.4175,3.021286E-06,21.2625,0,1.4175,-7.721065E-06,21.2625,0
1.4184,6.042573E-06,21.276,0,1.4184,-3.121996E-05,21.276,0
1.4193,-2.047761E-05,21.2895,0,1.4193,-3.961242E-05,21.2895,0
1.4202,-2.316319E-05,21.303,0,1.4202,-1.309224E-05,21.303,0
1.4211,-4.39765E-05,21.3165,0,1.4211,6.042573E-06,21.3165,0
1.422,-6.243992E-05,21.33,0,1.422,2.685588E-06,21.33,0
1.4229,-3.054856E-05,21.3435,0,1.4229,-1.712062E-05,21.3435,0
1.4238,-3.457694E-05,21.357,0,1.4238,-5.706874E-06,21.357,0
1.4247,-3.390555E-05,21.3705,0,1.4247,-7.385367E-06,21.3705,0
1.4256,-1.980621E-05,21.384,0,1.4256,-2.383459E-05,21.384,0
1.4265,-8.728161E-06,21.3975,0,1.4265,3.356985E-06,21.3975,0
1.4274,-2.18204E-05,21.411,0,1.4274,-8.392462E-06,21.411,0
1.4283,-1.443504E-05,21.4245,0,1.4283,-3.189136E-05,21.4245,0
1.4292,-6.378271E-06,21.438,0,1.4292,-3.390555E-05,21.438,0
1.4301,-3.021286E-05,21.4515,0,1.4301,-1.242084E-05,21.4515,0
1.431,-1.577783E-05,21.465,0,1.431,-1.007095E-06,21.465,0
1.4319,-1.409934E-05,21.4785,0,1.4319,-8.392462E-06,21.4785,0
1.4328,-5.706874E-06,21.492,0,1.4328,-2.887007E-05,21.492,0
1.4337,-1.678492E-06,21.5055,0,1.4337,-1.141375E-05,21.5055,0
1.4346,-3.625543E-05,21.519,0,1.4346,-1.242084E-05,21.519,0
1.4355,-1.174945E-05,21.5325,0,1.4355,-2.24918E-05,21.5325,0
1.4364,1.409934E-05,21.546,0,1.4364,-4.229801E-05,21.546,0
1.4373,1.174945E-05,21.5595,0,1.4373,3.356985E-07,21.5595,0
1.4382,9.735256E-06,21.573,0,1.4382,-4.36408E-06,21.573,0
1.4391,1.376364E-05,21.5865,0,1.4391,-5.169757E-05,21.5865,0
1.44,-2.1149E-05,21.6,0,1.44,-1.141375E-05,21.6,0
1.4409,-4.36408E-06,21.6135,0,1.4409,3.356985E-07,21.6135,0
1.4418,3.189136E-05,21.627,0,1.4418,-4.061952E-05,21.627,0
1.4427,-6.713969E-06,21.6405,0,1.4427,-2.786297E-05,21.6405,0
1.4436,-1.879912E-05,21.654,0,1.4436,4.028382E-06,21.654,0
1.4445,1.678492E-06,21.6675,0,1.4445,-5.706874E-06,21.6675,0
1.4454,2.987716E-05,21.681,0,1.4454,2.21561E-05,21.681,0
1.4463,4.599069E-05,21.6945,0,1.4463,9.063859E-06,21.6945,0
1.4472,3.927672E-05,21.708,0,1.4472,9.063859E-06,21.708,0
1.4481,-1.107805E-05,21.7215,0,1.4481,-1.678492E-06,21.7215,0
1.449,-1.879912E-05,21.735,0,1.449,-3.256275E-05,21.735,0
1.4499,-1.644922E-05,21.7485,0,1.4499,-6.344701E-05,21.7485,0
1.4508,-3.491264E-05,21.762,0,1.4508,-3.054856E-05,21.762,0
1.4517,-3.591974E-05,21.7755,0,1.4517,-2.450599E-05,21.7755,0
1.4526,-1.712062E-05,21.789,0,1.4526,-6.210422E-05,21.789,0
1.4535,-1.443504E-05,21.8025,0,1.4535,-9.735256E-06,21.8025,0
1.4544,-4.196231E-05,21.816,0,1.4544,-2.517739E-05,21.816,0
1.4553,-1.107805E-05,21.8295,0,1.4553,-2.920577E-05,21.8295,0
1.4562,3.054856E-05,21.843,0,1.4562,-4.43122E-05,21.843,0
1.4571,-9.735256E-06,21.8565,0,1.4571,-3.289845E-05,21.8565,0
1.458,1.644922E-05,21.87,0,1.458,-1.745632E-05,21.87,0
1.4589,1.141375E-05,21.8835,0,1.4589,-1.107805E-05,21.8835,0
1.4598,-4.061952E-05,21.897,0,1.4598,-4.33051E-05,21.897,0
1.4607,-2.21561E-05,21.9105,0,1.4607,-2.584878E-05,21.9105,0
1.4616,-3.558404E-05,21.924,0,1.4616,8.728161E-06,21.924,0
1.4625,-3.793393E-05,21.9375,0,1.4625,-3.021286E-06,21.9375,0
1.4634,-5.371176E-06,21.951,0,1.4634,-2.584878E-05,21.951,0
1.4643,-1.007095E-06,21.9645,0,1.4643,7.385367E-06,21.9645,0
1.4652,3.323415E-05,21.978,0,1.4652,-1.007095E-06,21.978,0
1.4661,4.095522E-05,21.9915,0,1.4661,-5.505455E-05,21.9915,0
1.467,1.040665E-05,22.005,0,1.467,-2.987716E-05,22.005,0
1.4679,2.28275E-05,22.0185,0,1.4679,-2.584878E-05,22.0185,0
1.4688,1.577783E-05,22.032,0,1.4688,-6.143282E-05,22.032,0
1.4697,-1.846342E-05,22.0455,0,1.4697,-5.941863E-05,22.0455,0
1.4706,-1.510643E-05,22.059,0,1.4706,0,22.059,0
1.4715,-6.713969E-06,22.0725,0,1.4715,1.510643E-05,22.0725,0
1.4724,-1.242084E-05,22.086,0,1.4724,-3.659113E-05,22.086,0
1.4733,1.644922E-05,22.0995,0,1.4733,-7.049668E-05,22.0995,0
1.4742,1.644922E-05,22.113,0,1.4742,-1.544213E-05,22.113,0
1.4751,-4.968337E-05,22.1265,0,1.4751,9.063859E-06,22.1265,0
1.476,-1.174945E-05,22.14,0,1.476,2.618448E-05,22.14,0
1.4769,-1.678492E-06,22.1535,0,1.4769,1.342794E-06,22.1535,0
1.4778,-6.6804E-05,22.167,0,1.4778,-3.491264E-05,22.167,0
1.4787,-6.61326E-05,22.1805,0,1.4787,-5.001907E-05,22.1805,0
1.4796,-2.28275E-05,22.194,0,1.4796,-6.478981E-05,22.194,0
1.4805,-3.793393E-05,22.2075,0,1.4805,-2.618448E-05,22.2075,0
1.4814,1.779202E-05,22.221,0,1.4814,3.155566E-05,22.221,0
1.4823,5.740444E-05,22.2345,0,1.4823,2.517739E-05,22.2345,0
1.4832,-5.035477E-06,22.248,0,1.4832,2.316319E-05,22.248,0
1.4841,1.443504E-05,22.2615,0,1.4841,3.256275E-05,22.2615,0
1.485,8.728161E-06,22.275,0,1.485,-2.349889E-06,22.275,0
1.4859,-1.510643E-05,22.2885,0,1.4859,-6.042573E-06,22.2885,0
1.4868,-1.644922E-05,22.302,0,1.4868,-2.853437E-05,22.302,0
1.4877,0,22.3155,0,1.4877,-3.927672E-05,22.3155,0
1.4886,3.524834E-05,22.329,0,1.4886,2.349889E-06,22.329,0
1.4895,-2.618448E-05,22.3425,0,1.4895,-2.1149E-05,22.3425,0
1.4904,-2.24918E-05,22.356,0,1.4904,-5.069047E-05,22.356,0
1.4913,-2.349889E-06,22.3695,0,1.4913,-6.713969E-07,22.3695,0
1.4922,-3.692683E-05,22.383,0,1.4922,-1.779202E-05,22.383,0
1.4931,-2.349889E-06,22.3965,0,1.4931,-5.673304E-05,22.3965,0
1.494,-7.049668E-06,22.41,0,1.494,-2.517739E-05,22.41,0
1.4949,-1.779202E-05,22.4235,0,1.4949,-9.063859E-06,22.4235,0
1.4958,2.887007E-05,22.437,0,1.4958,-1.980621E-05,22.437,0
1.4967,6.277562E-05,22.4505,0,1.4967,-1.074235E-05,22.4505,0
1.4976,3.189136E-05,22.464,0,1.4976,2.047761E-05,22.464,0
1.4985,1.980621E-05,22.4775,0,1.4985,6.713969E-06,22.4775,0
1.4994,1.242084E-05,22.491,0,1.4994,-4.36408E-05,22.491,0
1.5003,-1.678492E-06,22.5045,0,1.5003,-6.64683E-05,22.5045,0
1.5012,-6.948959E-05,22.518,0,1.5012,-6.51255E-05,22.518,0
1.5021,-9.265278E-05,22.5315,0,1.5021,-5.203327E-05,22.5315,0
1.503,-4.263371E-05,22.545,0,1.503,-5.169757E-05,22.545,0
1.5039,-2.28275E-05,22.5585,0,1.5039,-5.270466E-05,22.5585,0
1.5048,-6.076142E-05,22.572,0,1.5048,-6.713969E-06,22.572,0
1.5057,-3.356985E-05,22.5855,0,1.5057,-2.484169E-05,22.5855,0
1.5066,-3.356985E-07,22.599,0,1.5066,-6.210422E-05,22.599,0
1.5075,-1.510643E-05,22.6125,0,1.5075,-1.779202E-05,22.6125,0
1.5084,7.049668E-06,22.626,0,1.5084,3.692683E-06,22.626,0
1.5093,1.913481E-05,22.6395,0,1.5093,-6.042573E-06,22.6395,0
1.5102,-2.349889E-06,22.653,0,1.5102,-3.692683E-06,22.653,0
1.5111,-1.376364E-05,22.6665,0,1.5111,-2.014191E-05,22.6665,0
1.512,-1.141375E-05,22.68,0,1.512,-1.409934E-05,22.68,0
1.5129,-9.735256E-06,22.6935,0,1.5129,-7.721065E-06,22.6935,0
1.5138,1.712062E-05,22.707,0,1.5138,-2.584878E-05,22.707,0
1.5147,4.061952E-05,22.7205,0,1.5147,2.349889E-06,22.7205,0
1.5156,6.378271E-06,22.734,0,1.5156,3.625543E-05,22.734,0
1.5165,4.36408E-06,22.7475,0,1.5165,-1.242084E-05,22.7475,0
1.5174,3.289845E-05,22.761,0,1.5174,-5.673304E-05,22.761,0
1.5183,6.378271E-06,22.7745,0,1.5183,-4.699779E-06,22.7745,0
1.5192,-7.385367E-06,22.788,0,1.5192,1.678492E-06,22.788,0
1.5201,1.947051E-05,22.8015,0,1.5201,-3.088426E-05,22.8015,0
1.521,-2.349889E-06,22.815,0,1.521,3.659113E-05,22.815,0
1.5219,-3.692683E-06,22.8285,0,1.5219,2.887007E-05,22.8285,0
1.5228,-3.356985E-07,22.842,0,1.5228,-2.987716E-05,22.842,0
1.5237,-3.155566E-05,22.8555,0,1.5237,-1.409934E-05,22.8555,0
1.5246,-7.351797E-05,22.869,0,1.5246,3.021286E-06,22.869,0
1.5255,-4.666209E-05,22.8825,0,1.5255,-2.014191E-06,22.8825,0
1.5264,-2.920577E-05,22.896,0,1.5264,-5.035477E-06,22.896,0
1.5273,-3.121996E-05,22.9095,0,1.5273,-1.913481E-05,22.9095,0
1.5282,-9.735256E-06,22.923,0,1.5282,-1.644922E-05,22.923,0
1.5291,2.450599E-05,22.9365,0,1.5291,-8.392462E-06,22.9365,0
1.53,1.007095E-06,22.95,0,1.53,-3.793393E-05,22.95,0
1.5309,1.779202E-05,22.9635,0,1.5309,-4.129091E-05,22.9635,0
1.5318,1.678492E-05,22.977,0,1.5318,-7.721065E-06,22.977,0
1.5327,-1.309224E-05,22.9905,0,1.5327,-2.18204E-05,22.9905,0
1.5336,4.36408E-06,23.004,0,1.5336,-4.666209E-05,23.004,0
1.5345,-3.021286E-06,23.0175,0,1.5345,-1.242084E-05,23.0175,0
1.5354,-1.678492E-06,23.031,0,1.5354,3.692683E-06,23.031,0
1.5363,-2.987716E-05,23.0445,0,1.5363,-4.766919E-05,23.0445,0
1.5372,-4.666209E-05,23.058,0,1.5372,-6.478981E-05,23.058,0
1.5381,-2.21561E-05,23.0715,0,1.5381,-2.18204E-05,23.0715,0
1.539,-9.735256E-06,23.085,0,1.539,4.699779E-06,23.085,0
1.5399,1.678492E-06,23.0985,0,1.5399,1.007095E-06,23.0985,0
1.5408,-3.692683E-06,23.112,0,1.5408,-4.263371E-05,23.112,0
1.5417,-4.49836E-05,23.1255,0,1.5417,-1.644922E-05,23.1255,0
1.5426,3.021286E-06,23.139,0,1.5426,1.107805E-05,23.139,0
1.5435,5.270466E-05,23.1525,0,1.5435,-2.584878E-05,23.1525,0
1.5444,1.577783E-05,23.166,0,1.5444,-6.076142E-05,23.166,0
1.5453,6.378271E-06,23.1795,0,1.5453,-8.728161E-06,23.1795,0
1.5462,3.692683E-06,23.193,0,1.5462,-6.378271E-06,23.193,0
1.5471,1.309224E-05,23.2065,0,1.5471,-3.927672E-05,23.2065,0
1.548,-1.174945E-05,23.22,0,1.548,-1.040665E-05,23.22,0
1.5489,-7.049668E-06,23.2335,0,1.5489,-1.577783E-05,23.2335,0
1.5498,2.349889E-06,23.247,0,1.5498,-3.256275E-05,23.247,0
1.5507,-1.141375E-05,23.2605,0,1.5507,7.049668E-06,23.2605,0
1.5516,-2.618448E-05,23.274,0,1.5516,1.812772E-05,23.274,0
1.5525,-1.342794E-05,23.2875,0,1.5525,-2.14847E-05,23.2875,0
1.5534,1.040665E-05,23.301,0,1.5534,-3.054856E-05,23.301,0
1.5543,1.107805E-05,23.3145,0,1.5543,-5.069047E-05,23.3145,0
1.5552,1.342794E-05,23.328,0,1.5552,-4.33051E-05,23.328,0
1.5561,2.450599E-05,23.3415,0,1.5561,-3.860533E-05,23.3415,0
1.557,1.947051E-05,23.355,0,1.557,-1.577783E-05,23.355,0
1.5579,4.36408E-06,23.3685,0,1.5579,-2.719158E-05,23.3685,0
1.5588,-1.779202E-05,23.382,0,1.5588,6.713969E-07,23.382,0
1.5597,-1.644922E-05,23.3955,0,1.5597,2.014191E-05,23.3955,0
1.5606,-1.544213E-05,23.409,0,1.5606,-3.994812E-05,23.409,0
1.5615,-2.685588E-06,23.4225,0,1.5615,-2.014191E-05,23.4225,0
1.5624,7.049668E-06,23.436,0,1.5624,-9.735256E-06,23.436,0
1.5633,1.577783E-05,23.4495,0,1.5633,-2.920577E-05,23.4495,0
1.5642,-3.591974E-05,23.463,0,1.5642,-1.879912E-05,23.463,0
1.5651,-6.478981E-05,23.4765,0,1.5651,-2.484169E-05,23.4765,0
1.566,-3.088426E-05,23.49,0,1.566,-4.33051E-05,23.49,0
1.5669,3.356985E-07,23.5035,0,1.5669,-4.229801E-05,23.5035,0
1.5678,-6.713969E-07,23.517,0,1.5678,-5.673304E-05,23.517,0
1.5687,-7.385367E-06,23.5305,0,1.5687,-4.36408E-06,23.5305,0
1.5696,2.920577E-05,23.544,0,1.5696,5.740444E-05,23.544,0
1.5705,-5.706874E-06,23.5575,0,1.5705,8.056763E-06,23.5575,0
1.5714,-4.196231E-05,23.571,0,1.5714,-3.591974E-05,23.571,0
1.5723,-5.471885E-05,23.5845,0,1.5723,-3.021286E-06,23.5845,0
1.5732,-1.107805E-05,23.598,0,1.5732,-2.047761E-05,23.598,0
1.5741,2.014191E-06,23.6115,0,1.5741,-5.438316E-05,23.6115,0
1.575,-5.706874E-06,23.625,0,1.575,2.349889E-06,23.625,0
1.5759,-1.846342E-05,23.6385,0,1.5759,1.376364E-05,23.6385,0
1.5768,-1.342794E-06,23.652,0,1.5768,-5.203327E-05,23.652,0
1.5777,2.349889E-06,23.6655,0,1.5777,-2.1149E-05,23.6655,0
1.5786,-1.376364E-05,23.679,0,1.5786,1.107805E-05,23.679,0
1.5795,-2.047761E-05,23.6925,0,1.5795,-3.356985E-06,23.6925,0
1.5804,-2.24918E-05,23.706,0,1.5804,-9.399558E-06,23.706,0
1.5813,3.088426E-05,23.7195,0,1.5813,-1.846342E-05,23.7195,0
1.5822,1.309224E-05,23.733,0,1.5822,2.349889E-06,23.733,0
1.5831,1.040665E-05,23.7465,0,1.5831,-2.685588E-06,23.7465,0
1.584,1.141375E-05,23.76,0,1.584,-2.987716E-05,23.76,0
1.5849,1.712062E-05,23.7735,0,1.5849,-4.33051E-05,23.7735,0
1.5858,-1.980621E-05,23.787,0,1.5858,-1.242084E-05,23.787,0
1.5867,-1.007095E-05,23.8005,0,1.5867,-3.491264E-05,23.8005,0
1.5876,-3.021286E-06,23.814,0,1.5876,-0.0001070878,23.814,0
1.5885,-3.591974E-05,23.8275,0,1.5885,-1.745632E-05,23.8275,0
1.5894,-3.054856E-05,23.841,0,1.5894,1.712062E-05,23.841,0
1.5903,-9.735256E-06,23.8545,0,1.5903,-6.143282E-05,23.8545,0
1.5912,-1.846342E-05,23.868,0,1.5912,-3.021286E-05,23.868,0
1.5921,-3.222705E-05,23.8815,0,1.5921,8.392462E-06,23.8815,0
1.593,-1.141375E-05,23.895,0,1.593,-2.24918E-05,23.895,0
1.5939,6.042573E-06,23.9085,0,1.5939,-3.356985E-07,23.9085,0
1.5948,3.356985E-07,23.922,0,1.5948,-4.36408E-05,23.922,0
1.5957,2.853437E-05,23.9355,0,1.5957,-1.544213E-05,23.9355,0
1.5966,3.323415E-05,23.949,0,1.5966,1.980621E-05,23.949,0
1.5975,1.007095E-06,23.9625,0,1.5975,-1.242084E-05,23.9625,0
1.5984,-4.800488E-05,23.976,0,1.5984,-4.699779E-05,23.976,0
1.5993,-3.524834E-05,23.9895,0,1.5993,9.735256E-06,23.9895,0
1.6002,-5.035477E-06,24.003,0,1.6002,7.721065E-06,24.003,0
1.6011,7.385367E-06,24.0165,0,1.6011,-3.793393E-05,24.0165,0
1.602,-4.36408E-06,24.03,0,1.602,-6.378271E-06,24.03,0
1.6029,-4.599069E-05,24.0435,0,1.6029,-1.040665E-05,24.0435,0
1.6038,-3.927672E-05,24.057,0,1.6038,-4.599069E-05,24.057,0
1.6047,-2.383459E-05,24.0705,0,1.6047,-3.424125E-05,24.0705,0
1.6056,-5.606165E-05,24.084,0,1.6056,-9.735256E-06,24.084,0
1.6065,-1.242084E-05,24.0975,0,1.6065,-2.349889E-05,24.0975,0
1.6074,4.36408E-06,24.111,0,1.6074,-3.088426E-05,24.111,0
1.6083,2.21561E-05,24.1245,0,1.6083,-4.43122E-05,24.1245,0
1.6092,2.752728E-05,24.138,0,1.6092,1.007095E-06,24.138,0
1.6101,-2.349889E-06,24.1515,0,1.6101,1.174945E-05,24.1515,0
1.611,-1.007095E-06,24.165,0,1.611,-3.289845E-05,24.165,0
1.6119,-1.510643E-05,24.1785,0,1.6119,-4.800488E-05,24.1785,0
1.6128,-2.887007E-05,24.192,0,1.6128,1.007095E-06,24.192,0
1.6137,-2.752728E-05,24.2055,0,1.6137,-1.174945E-05,24.2055,0
1.6146,-3.021286E-06,24.219,0,1.6146,-5.001907E-05,24.219,0
1.6155,1.577783E-05,24.2325,0,1.6155,7.721065E-06,24.2325,0
1.6164,1.141375E-05,24.246,0,1.6164,3.356985E-07,24.246,0
1.6173,-2.584878E-05,24.2595,0,1.6173,-4.867628E-05,24.2595,0
1.6182,2.450599E-05,24.273,0,1.6182,-1.846342E-05,24.273,0
1.6191,8.728161E-06,24.2865,0,1.6191,1.678492E-06,24.2865,0
1.62,-9.399558E-06,24.3,0,1.62,-1.275654E-05,24.3,0
1.6209,-8.392462E-06,24.3135,0,1.6209,-1.208515E-05,24.3135,0
1.6218,7.721065E-06,24.327,0,1.6218,-3.524834E-05,24.327,0
1.6227,-3.692683E-06,24.3405,0,1.6227,-5.706874E-06,24.3405,0
1.6236,-3.692683E-05,24.354,0,1.6236,2.349889E-06,24.354,0
1.6245,-1.644922E-05,24.3675,0,1.6245,-2.484169E-05,24.3675,0
1.6254,-7.049668E-06,24.381,0,1.6254,-4.666209E-05,24.381,0
1.6263,-1.510643E-05,24.3945,0,1.6263,1.342794E-06,24.3945,0
1.6272,2.920577E-05,24.408,0,1.6272,-2.685588E-06,24.408,0
1.6281,5.035477E-06,24.4215,0,1.6281,-5.270466E-05,24.4215,0
1.629,-3.390555E-05,24.435,0,1.629,-4.028382E-06,24.435,0
1.6299,-9.063859E-06,24.4485,0,1.6299,0,24.4485,0
1.6308,3.054856E-05,24.462,0,1.6308,-3.390555E-05,24.462,0
1.6317,3.323415E-05,24.4755,0,1.6317,-1.275654E-05,24.4755,0
1.6326,-4.699779E-06,24.489,0,1.6326,6.713969E-07,24.489,0
1.6335,8.392462E-06,24.5025,0,1.6335,-1.577783E-05,24.5025,0
1.6344,-2.014191E-06,24.516,0,1.6344,-1.980621E-05,24.516,0
1.6353,2.349889E-06,24.5295,0,1.6353,-3.155566E-05,24.5295,0
1.6362,7.721065E-06,24.543,0,1.6362,-1.644922E-05,24.543,0
1.6371,-7.284657E-05,24.5565,0,1.6371,-9.735256E-06,24.5565,0
1.638,-6.478981E-05,24.57,0,1.638,-3.659113E-05,24.57,0
1.6389,9.735256E-06,24.5835,0,1.6389,-4.46479E-05,24.5835,0
1.6398,-7.721065E-06,24.597,0,1.6398,-8.728161E-06,24.597,0
1.6407,-2.987716E-05,24.6105,0,1.6407,-1.443504E-05,24.6105,0
1.6416,-2.047761E-05,24.624,0,1.6416,-5.404745E-05,24.624,0
1.6425,-1.342794E-05,24.6375,0,1.6425,-1.376364E-05,24.6375,0
1.6434,2.081331E-05,24.651,0,1.6434,1.007095E-06,24.651,0
1.6443,2.047761E-05,24.6645,0,1.6443,-2.987716E-05,24.6645,0
1.6452,2.652018E-05,24.678,0,1.6452,-1.577783E-05,24.678,0
1.6461,-3.692683E-06,24.6915,0,1.6461,-1.074235E-05,24.6915,0
1.647,1.443504E-05,24.705,0,1.647,-4.36408E-06,24.705,0
1.6479,4.565499E-05,24.7185,0,1.6479,-1.779202E-05,24.7185,0
1.6488,-3.457694E-05,24.732,0,1.6488,-4.33051E-05,24.732,0
1.6497,-3.994812E-05,24.7455,0,1.6497,3.356985E-06,24.7455,0
1.6506,1.913481E-05,24.759,0,1.6506,3.021286E-05,24.759,0
1.6515,-3.692683E-06,24.7725,0,1.6515,-1.678492E-05,24.7725,0
1.6524,-2.719158E-05,24.786,0,1.6524,-3.860533E-05,24.786,0
1.6533,-1.812772E-05,24.7995,0,1.6533,-5.035477E-06,24.7995,0
1.6542,7.385367E-06,24.813,0,1.6542,-7.217517E-05,24.813,0
1.6551,5.035477E-06,24.8265,0,1.6551,-0.0001141375,24.8265,0
1.656,-2.719158E-05,24.84,0,1.656,2.383459E-05,24.84,0
1.6569,-3.021286E-06,24.8535,0,1.6569,6.64683E-05,24.8535,0
1.6578,-1.644922E-05,24.867,0,1.6578,-1.141375E-05,24.867,0
1.6587,-5.102617E-05,24.8805,0,1.6587,-1.913481E-05,24.8805,0
1.6596,-5.774014E-05,24.894,0,1.6596,-2.349889E-06,24.894,0
1.6605,-5.606165E-05,24.9075,0,1.6605,-2.316319E-05,24.9075,0
1.6614,-1.712062E-05,24.921,0,1.6614,-2.450599E-05,24.921,0
1.6623,2.450599E-05,24.9345,0,1.6623,-3.793393E-05,24.9345,0
1.6632,1.846342E-05,24.948,0,1.6632,-6.042573E-06,24.948,0
1.6641,2.887007E-05,24.9615,0,1.6641,-1.443504E-05,24.9615,0
1.665,4.061952E-05,24.975,0,1.665,-4.800488E-05,24.975,0
1.6659,4.263371E-05,24.9885,0,1.6659,-4.666209E-05,24.9885,0
1.6668,-6.042573E-06,25.002,0,1.6668,-2.21561E-05,25.002,0
1.6677,-7.049668E-06,25.0155,0,1.6677,-5.337606E-05,25.0155,0
1.6686,-7.049668E-06,25.029,0,1.6686,-8.392462E-05,25.029,0
1.6695,-1.947051E-05,25.0425,0,1.6695,-2.652018E-05,25.0425,0
1.6704,-3.054856E-05,25.056,0,1.6704,1.376364E-05,25.056,0
1.6713,-1.510643E-05,25.0695,0,1.6713,9.063859E-06,25.0695,0
1.6722,1.846342E-05,25.083,0,1.6722,7.888914E-05,25.083,0
1.6731,-1.678492E-06,25.0965,0,1.6731,8.82887E-05,25.0965,0
1.674,-1.208515E-05,25.11,0,1.674,3.021286E-05,25.11,0
1.6749,-2.349889E-05,25.1235,0,1.6749,-2.685588E-06,25.1235,0
1.6758,-1.007095E-06,25.137,0,1.6758,-7.418937E-05,25.137,0
1.6767,-3.356985E-06,25.1505,0,1.6767,-3.524834E-05,25.1505,0
1.6776,9.063859E-06,25.164,0,1.6776,-1.913481E-05,25.164,0
1.6785,-1.712062E-05,25.1775,0,1.6785,-6.948959E-05,25.1775,0
1.6794,-1.678492E-05,25.191,0,1.6794,-8.224613E-05,25.191,0
1.6803,-3.356985E-07,25.2045,0,1.6803,-2.21561E-05,25.2045,0
1.6812,-1.577783E-05,25.218,0,1.6812,-2.047761E-05,25.218,0
1.6821,-2.014191E-06,25.2315,0,1.6821,-5.102617E-05,25.2315,0
1.683,-3.021286E-06,25.245,0,1.683,-4.36408E-06,25.245,0
1.6839,-2.1149E-05,25.2585,0,1.6839,1.342794E-06,25.2585,0
1.6848,-1.678492E-05,25.272,0,1.6848,-3.256275E-05,25.272,0
1.6857,-3.323415E-05,25.2855,0,1.6857,-2.316319E-05,25.2855,0
1.6866,-4.33051E-05,25.299,0,1.6866,4.36408E-06,25.299,0
1.6875,-4.867628E-05,25.3125,0,1.6875,-1.477073E-05,25.3125,0
1.6884,-1.242084E-05,25.326,0,1.6884,-2.752728E-05,25.326,0
1.6893,1.309224E-05,25.3395,0,1.6893,-3.121996E-05,25.3395,0
1.6902,-1.644922E-05,25.353,0,1.6902,1.007095E-06,25.353,0
1.6911,-4.129091E-05,25.3665,0,1.6911,1.409934E-05,25.3665,0
1.692,-3.054856E-05,25.38,0,1.692,-1.812772E-05,25.38,0
1.6929,-1.342794E-06,25.3935,0,1.6929,-3.256275E-05,25.3935,0
1.6938,9.063859E-06,25.407,0,1.6938,1.309224E-05,25.407,0
1.6947,1.846342E-05,25.4205,0,1.6947,1.544213E-05,25.4205,0
1.6956,6.378271E-06,25.434,0,1.6956,-3.961242E-05,25.434,0
1.6965,-1.342794E-05,25.4475,0,1.6965,-1.376364E-05,25.4475,0
1.6974,3.457694E-05,25.461,0,1.6974,2.349889E-06,25.461,0
1.6983,1.107805E-05,25.4745,0,1.6983,-3.256275E-05,25.4745,0
1.6992,1.174945E-05,25.488,0,1.6992,-4.36408E-06,25.488,0
1.7001,1.174945E-05,25.5015,0,1.7001,-6.713969E-07,25.5015,0
1.701,-1.007095E-06,25.515,0,1.701,-3.189136E-05,25.515,0
1.7019,3.356985E-07,25.5285,0,1.7019,-3.356985E-05,25.5285,0
1.7028,1.510643E-05,25.542,0,1.7028,-5.169757E-05,25.542,0
1.7037,8.392462E-06,25.5555,0,1.7037,-1.980621E-05,25.5555,0
1.7046,-3.591974E-05,25.569,0,1.7046,-1.510643E-05,25.569,0
1.7055,-3.323415E-05,25.5825,0,1.7055,-4.39765E-05,25.5825,0
1.7064,-1.913481E-05,25.596,0,1.7064,-5.136187E-05,25.596,0
1.7073,-4.599069E-05,25.6095,0,1.7073,-9.063859E-06,25.6095,0
1.7082,-3.860533E-05,25.623,0,1.7082,-3.054856E-05,25.623,0
1.7091,2.685588E-06,25.6365,0,1.7091,-7.083238E-05,25.6365,0
1.71,-2.517739E-05,25.65,0,1.71,-1.712062E-05,25.65,0
1.7109,2.349889E-06,25.6635,0,1.7109,1.275654E-05,25.6635,0
1.7118,-1.007095E-06,25.677,0,1.7118,-2.786297E-05,25.677,0
1.7127,-2.014191E-06,25.6905,0,1.7127,-3.289845E-05,25.6905,0
1.7136,-1.510643E-05,25.704,0,1.7136,1.443504E-05,25.704,0
1.7145,2.920577E-05,25.7175,0,1.7145,7.721065E-06,25.7175,0
1.7154,5.069047E-05,25.731,0,1.7154,-1.342794E-05,25.731,0
1.7163,2.584878E-05,25.7445,0,1.7163,-2.987716E-05,25.7445,0
1.7172,2.517739E-05,25.758,0,1.7172,0,25.758,0
1.7181,1.577783E-05,25.7715,0,1.7181,1.376364E-05,25.7715,0
1.719,-4.699779E-06,25.785,0,1.719,-5.035477E-06,25.785,0
1.7199,-1.712062E-05,25.7985,0,1.7199,-2.014191E-05,25.7985,0
1.7208,-4.699779E-06,25.812,0,1.7208,9.735256E-06,25.812,0
1.7217,5.035477E-06,25.8255,0,1.7217,-1.577783E-05,25.8255,0
1.7226,2.21561E-05,25.839,0,1.7226,-6.344701E-05,25.839,0
1.7235,1.107805E-05,25.8525,0,1.7235,-3.558404E-05,25.8525,0
1.7244,-1.007095E-05,25.866,0,1.7244,-2.719158E-05,25.866,0
1.7253,1.040665E-05,25.8795,0,1.7253,-3.591974E-05,25.8795,0
1.7262,-9.063859E-06,25.893,0,1.7262,-6.713969E-07,25.893,0
1.7271,-5.941863E-05,25.9065,0,1.7271,0,25.9065,0
1.728,-3.860533E-05,25.92,0,1.728,3.021286E-06,25.92,0
1.7289,3.356985E-07,25.9335,0,1.7289,-5.371176E-06,25.9335,0
1.7298,2.349889E-06,25.947,0,1.7298,-3.726253E-05,25.947,0
1.7307,-4.36408E-05,25.9605,0,1.7307,-2.752728E-05,25.9605,0
1.7316,-4.263371E-05,25.974,0,1.7316,-2.853437E-05,25.974,0
1.7325,-1.980621E-05,25.9875,0,1.7325,-5.337606E-05,25.9875,0
1.7334,-1.678492E-06,26.001,0,1.7334,-5.539025E-05,26.001,0
1.7343,-2.752728E-05,26.0145,0,1.7343,-1.007095E-05,26.0145,0
1.7352,-1.107805E-05,26.028,0,1.7352,1.980621E-05,26.028,0
1.7361,2.517739E-05,26.0415,0,1.7361,-2.1149E-05,26.0415,0
1.737,1.107805E-05,26.055,0,1.737,-2.316319E-05,26.055,0
1.7379,-2.383459E-05,26.0685,0,1.7379,9.399558E-06,26.0685,0
1.7388,-2.786297E-05,26.082,0,1.7388,-2.18204E-05,26.082,0
1.7397,7.721065E-06,26.0955,0,1.7397,-3.659113E-05,26.0955,0
1.7406,-7.049668E-06,26.109,0,1.7406,-1.409934E-05,26.109,0
1.7415,-1.107805E-05,26.1225,0,1.7415,-1.611353E-05,26.1225,0
1.7424,-2.920577E-05,26.136,0,1.7424,-2.450599E-05,26.136,0
1.7433,-4.129091E-05,26.1495,0,1.7433,-4.129091E-05,26.1495,0
1.7442,-4.49836E-05,26.163,0,1.7442,-5.337606E-05,26.163,0
1.7451,-5.841154E-05,26.1765,0,1.7451,-5.572595E-05,26.1765,0
1.746,-3.659113E-05,26.19,0,1.746,-6.948959E-05,26.19,0
1.7469,-2.920577E-05,26.2035,0,1.7469,-5.807584E-05,26.2035,0
1.7478,-2.349889E-05,26.217,0,1.7478,2.014191E-06,26.217,0
1.7487,3.591974E-05,26.2305,0,1.7487,4.53193E-05,26.2305,0
1.7496,3.088426E-05,26.244,0,1.7496,-3.256275E-05,26.244,0
1.7505,2.887007E-05,26.2575,0,1.7505,-3.356985E-07,26.2575,0
1.7514,5.035477E-05,26.271,0,1.7514,1.779202E-05,26.271,0
1.7523,5.673304E-05,26.2845,0,1.7523,-2.383459E-05,26.2845,0
1.7532,6.378271E-05,26.298,0,1.7532,-2.517739E-05,26.298,0
1.7541,-2.349889E-05,26.3115,0,1.7541,2.014191E-06,26.3115,0
1.755,-1.879912E-05,26.325,0,1.755,3.356985E-07,26.325,0
1.7559,-1.376364E-05,26.3385,0,1.7559,-3.390555E-05,26.3385,0
1.7568,-2.584878E-05,26.352,0,1.7568,-4.33051E-05,26.352,0
1.7577,-2.316319E-05,26.3655,0,1.7577,-5.706874E-06,26.3655,0
1.7586,-2.316319E-05,26.379,0,1.7586,3.088426E-05,26.379,0
1.7595,-1.040665E-05,26.3925,0,1.7595,-5.706874E-06,26.3925,0
1.7604,-5.706874E-06,26.406,0,1.7604,-3.021286E-05,26.406,0
1.7613,-2.014191E-05,26.4195,0,1.7613,8.728161E-06,26.4195,0
1.7622,-3.390555E-05,26.433,0,1.7622,1.678492E-06,26.433,0
1.7631,-1.443504E-05,26.4465,0,1.7631,-4.733349E-05,26.4465,0
1.764,-1.510643E-05,26.46,0,1.764,-8.728161E-06,26.46,0
1.7649,-2.316319E-05,26.4735,0,1.7649,-1.174945E-05,26.4735,0
1.7658,-3.323415E-05,26.487,0,1.7658,-4.53193E-05,26.487,0
1.7667,1.879912E-05,26.5005,0,1.7667,-8.728161E-06,26.5005,0
1.7676,1.779202E-05,26.514,0,1.7676,7.049668E-06,26.514,0
1.7685,1.947051E-05,26.5275,0,1.7685,1.040665E-05,26.5275,0
1.7694,1.309224E-05,26.541,0,1.7694,-1.678492E-06,26.541,0
1.7703,9.063859E-06,26.5545,0,1.7703,-2.853437E-05,26.5545,0
1.7712,3.256275E-05,26.568,0,1.7712,-2.517739E-05,26.568,0
1.7721,2.517739E-05,26.5815,0,1.7721,-4.800488E-05,26.5815,0
1.773,-9.735256E-06,26.595,0,1.773,-0.0001144732,26.595,0
1.7739,-2.887007E-05,26.6085,0,1.7739,-0.0001272297,26.6085,0
1.7748,-3.323415E-05,26.622,0,1.7748,-2.316319E-05,26.622,0
1.7757,-2.21561E-05,26.6355,0,1.7757,2.1149E-05,26.6355,0
1.7766,-1.242084E-05,26.649,0,1.7766,3.692683E-06,26.649,0
1.7775,-3.726253E-05,26.6625,0,1.7775,-1.678492E-06,26.6625,0
1.7784,-3.088426E-05,26.676,0,1.7784,1.678492E-06,26.676,0
1.7793,-4.196231E-05,26.6895,0,1.7793,-2.819867E-05,26.6895,0
1.7802,-1.107805E-05,26.703,0,1.7802,3.692683E-06,26.703,0
1.7811,-2.819867E-05,26.7165,0,1.7811,1.040665E-05,26.7165,0
1.782,-1.879912E-05,26.73,0,1.782,1.342794E-05,26.73,0
1.7829,-1.779202E-05,26.7435,0,1.7829,1.678492E-06,26.7435,0
1.7838,7.385367E-06,26.757,0,1.7838,-4.33051E-05,26.757,0
1.7847,5.001907E-05,26.7705,0,1.7847,-1.275654E-05,26.7705,0
1.7856,1.376364E-05,26.784,0,1.7856,1.947051E-05,26.784,0
1.7865,-2.685588E-06,26.7975,0,1.7865,-1.779202E-05,26.7975,0
1.7874,4.129091E-05,26.811,0,1.7874,-2.887007E-05,26.811,0
1.7883,1.712062E-05,26.8245,0,1.7883,1.577783E-05,26.8245,0
1.7892,-5.706874E-06,26.838,0,1.7892,3.021286E-06,26.838,0
1.7901,1.913481E-05,26.8515,0,1.7901,-4.43122E-05,26.8515,0
1.791,-1.913481E-05,26.865,0,1.791,-1.007095E-06,26.865,0
1.7919,-9.735256E-06,26.8785,0,1.7919,-8.392462E-06,26.8785,0
1.7928,2.786297E-05,26.892,0,1.7928,-1.779202E-05,26.892,0
1.7937,-1.141375E-05,26.9055,0,1.7937,-1.409934E-05,26.9055,0
1.7946,-2.551309E-05,26.919,0,1.7946,5.371176E-06,26.919,0
1.7955,-1.980621E-05,26.9325,0,1.7955,-1.947051E-05,26.9325,0
1.7964,-2.584878E-05,26.946,0,1.7964,-2.618448E-05,26.946,0
1.7973,-5.706874E-06,26.9595,0,1.7973,-3.524834E-05,26.9595,0
1.7982,9.063859E-06,26.973,0,1.7982,-3.961242E-05,26.973,0
1.7991,-9.735256E-06,26.9865,0,1.7991,-4.263371E-05,26.9865,0
1.8,-2.618448E-05,27,0,1.8,-5.337606E-05,27,0
1.8009,-1.007095E-05,27.0135,0,1.8009,-5.438316E-05,27.0135,0
1.8018,3.021286E-06,27.027,0,1.8018,-9.735256E-06,27.027,0
1.8027,-2.24918E-05,27.0405,0,1.8027,-8.728161E-06,27.0405,0
1.8036,-7.049668E-06,27.054,0,1.8036,-5.539025E-05,27.054,0
1.8045,-1.007095E-05,27.0675,0,1.8045,-1.510643E-05,27.0675,0
1.8054,6.713969E-07,27.081,0,1.8054,2.349889E-06,27.081,0
1.8063,3.356985E-07,27.0945,0,1.8063,-2.987716E-05,27.0945,0
1.8072,3.793393E-05,27.108,0,1.8072,-1.913481E-05,27.108,0
1.8081,8.392462E-06,27.1215,0,1.8081,2.383459E-05,27.1215,0
1.809,-4.699779E-06,27.135,0,1.809,-2.21561E-05,27.135,0
1.8099,-6.713969E-06,27.1485,0,1.8099,-1.477073E-05,27.1485,0
1.8108,-2.349889E-06,27.162,0,1.8108,-4.061952E-05,27.162,0
1.8117,-1.107805E-05,27.1755,0,1.8117,-2.517739E-05,27.1755,0
1.8126,-1.544213E-05,27.189,0,1.8126,7.721065E-06,27.189,0
1.8135,4.699779E-06,27.2025,0,1.8135,-1.443504E-05,27.2025,0
1.8144,-8.728161E-06,27.216,0,1.8144,-2.18204E-05,27.216,0
1.8153,-1.779202E-05,27.2295,0,1.8153,6.713969E-06,27.2295,0
1.8162,1.376364E-05,27.243,0,1.8162,-4.36408E-06,27.243,0
1.8171,7.721065E-06,27.2565,0,1.8171,-4.800488E-05,27.2565,0
1.818,-5.136187E-05,27.27,0,1.818,-1.309224E-05,27.27,0
1.8189,-5.941863E-05,27.2835,0,1.8189,-6.378271E-06,27.2835,0
1.8198,-3.793393E-05,27.297,0,1.8198,-4.867628E-05,27.297,0
1.8207,-3.356985E-07,27.3105,0,1.8207,-3.793393E-05,27.3105,0
1.8216,-2.484169E-05,27.324,0,1.8216,6.378271E-06,27.324,0
1.8225,-6.378271E-06,27.3375,0,1.8225,-1.107805E-05,27.3375,0
1.8234,-1.644922E-05,27.351,0,1.8234,-2.047761E-05,27.351,0
1.8243,-3.793393E-05,27.3645,0,1.8243,-3.256275E-05,27.3645,0
1.8252,-4.33051E-05,27.378,0,1.8252,-2.584878E-05,27.378,0
1.8261,-2.047761E-05,27.3915,0,1.8261,-7.721065E-06,27.3915,0
1.827,1.007095E-05,27.405,0,1.827,-2.383459E-05,27.405,0
1.8279,1.409934E-05,27.4185,0,1.8279,-4.934768E-05,27.4185,0
1.8288,2.383459E-05,27.432,0,1.8288,-1.678492E-06,27.432,0
1.8297,8.728161E-06,27.4455,0,1.8297,-7.721065E-06,27.4455,0
1.8306,2.853437E-05,27.459,0,1.8306,-4.33051E-05,27.459,0
1.8315,3.356985E-06,27.4725,0,1.8315,-1.611353E-05,27.4725,0
1.8324,-2.1149E-05,27.486,0,1.8324,-1.745632E-05,27.486,0
1.8333,-1.913481E-05,27.4995,0,1.8333,-4.968337E-05,27.4995,0
1.8342,-3.860533E-05,27.513,0,1.8342,-2.685588E-05,27.513,0
1.8351,-5.404745E-05,27.5265,0,1.8351,6.378271E-06,27.5265,0
1.836,-3.189136E-05,27.54,0,1.836,7.385367E-06,27.54,0
1.8369,5.035477E-06,27.5535,0,1.8369,1.007095E-06,27.5535,0
1.8378,6.042573E-06,27.567,0,1.8378,-4.028382E-05,27.567,0
1.8387,3.793393E-05,27.5805,0,1.8387,-7.049668E-06,27.5805,0
1.8396,4.263371E-05,27.594,0,1.8396,-1.275654E-05,27.594,0
1.8405,-3.860533E-05,27.6075,0,1.8405,-4.028382E-05,27.6075,0
1.8414,-5.740444E-05,27.621,0,1.8414,-4.867628E-05,27.621,0
1.8423,-4.599069E-05,27.6345,0,1.8423,1.376364E-05,27.6345,0
1.8432,-4.766919E-05,27.648,0,1.8432,-8.392462E-06,27.648,0
1.8441,-4.632639E-05,27.6615,0,1.8441,-6.311131E-05,27.6615,0
1.845,-2.887007E-05,27.675,0,1.845,0,27.675,0
1.8459,3.289845E-05,27.6885,0,1.8459,1.275654E-05,27.6885,0
1.8468,2.618448E-05,27.702,0,1.8468,-3.793393E-05,27.702,0
1.8477,4.229801E-05,27.7155,0,1.8477,-1.980621E-05,27.7155,0
1.8486,5.001907E-05,27.729,0,1.8486,1.040665E-05,27.729,0
1.8495,2.383459E-05,27.7425,0,1.8495,3.692683E-06,27.7425,0
1.8504,1.544213E-05,27.756,0,1.8504,5.337606E-05,27.756,0
1.8513,3.726253E-05,27.7695,0,1.8513,-1.678492E-05,27.7695,0
1.8522,2.24918E-05,27.783,0,1.8522,-5.136187E-05,27.783,0
1.8531,-1.107805E-05,27.7965,0,1.8531,1.007095E-06,27.7965,0
1.854,2.383459E-05,27.81,0,1.854,-9.063859E-06,27.81,0
1.8549,-3.021286E-06,27.8235,0,1.8549,-5.035477E-05,27.8235,0
1.8558,-4.162661E-05,27.837,0,1.8558,-3.692683E-05,27.837,0
1.8567,-2.21561E-05,27.8505,0,1.8567,-2.618448E-05,27.8505,0
1.8576,-2.014191E-06,27.864,0,1.8576,-5.069047E-05,27.864,0
1.8585,-3.121996E-05,27.8775,0,1.8585,-2.014191E-05,27.8775,0
1.8594,-5.706874E-06,27.891,0,1.8594,-9.399558E-06,27.891,0
1.8603,1.712062E-05,27.9045,0,1.8603,-6.57969E-05,27.9045,0
1.8612,-2.014191E-05,27.918,0,1.8612,-4.834058E-05,27.918,0
1.8621,-2.719158E-05,27.9315,0,1.8621,-3.356985E-06,27.9315,0
1.863,9.063859E-06,27.945,0,1.863,-9.399558E-06,27.945,0
1.8639,-1.644922E-05,27.9585,0,1.8639,-2.719158E-05,27.9585,0
1.8648,-2.047761E-05,27.972,0,1.8648,-3.524834E-05,27.972,0
1.8657,-1.644922E-05,27.9855,0,1.8657,-1.980621E-05,27.9855,0
1.8666,-2.316319E-05,27.999,0,1.8666,-2.014191E-06,27.999,0
1.8675,2.1149E-05,28.0125,0,1.8675,-2.383459E-05,28.0125,0
1.8684,2.920577E-05,28.026,0,1.8684,-3.323415E-05,28.026,0
1.8693,1.174945E-05,28.0395,0,1.8693,1.141375E-05,28.0395,0
1.8702,-2.18204E-05,28.053,0,1.8702,0,28.053,0
1.8711,-2.1149E-05,28.0665,0,1.8711,-5.673304E-05,28.0665,0
1.872,-9.735256E-06,28.08,0,1.872,-5.136187E-05,28.08,0
1.8729,-1.913481E-05,28.0935,0,1.8729,-3.289845E-05,28.0935,0
1.8738,-1.242084E-05,28.107,0,1.8738,-5.841154E-05,28.107,0
1.8747,4.129091E-05,28.1205,0,1.8747,-1.242084E-05,28.1205,0
1.8756,-6.713969E-07,28.134,0,1.8756,5.874724E-05,28.134,0
1.8765,6.042573E-06,28.1475,0,1.8765,5.539025E-05,28.1475,0
1.8774,6.378271E-06,28.161,0,1.8774,6.042573E-06,28.161,0
1.8783,-1.712062E-05,28.1745,0,1.8783,-1.544213E-05,28.1745,0
1.8792,-3.424125E-05,28.188,0,1.8792,-1.678492E-05,28.188,0
1.8801,-6.54612E-05,28.2015,0,1.8801,-1.812772E-05,28.2015,0
1.881,-3.961242E-05,28.215,0,1.881,-3.424125E-05,28.215,0
1.8819,2.349889E-06,28.2285,0,1.8819,-2.719158E-05,28.2285,0
1.8828,5.706874E-06,28.242,0,1.8828,3.692683E-06,28.242,0
1.8837,3.356985E-07,28.2555,0,1.8837,-3.356985E-06,28.2555,0
1.8846,-1.577783E-05,28.269,0,1.8846,-3.189136E-05,28.269,0
1.8855,-2.383459E-05,28.2825,0,1.8855,-2.349889E-06,28.2825,0
1.8864,9.735256E-06,28.296,0,1.8864,2.383459E-05,28.296,0
1.8873,6.713969E-07,28.3095,0,1.8873,-3.189136E-05,28.3095,0
1.8882,-1.477073E-05,28.323,0,1.8882,-2.21561E-05,28.323,0
1.8891,-5.706874E-06,28.3365,0,1.8891,7.049668E-06,28.3365,0
1.89,-2.18204E-05,28.35,0,1.89,-2.517739E-05,28.35,0
1.8909,-9.399558E-06,28.3635,0,1.8909,-2.1149E-05,28.3635,0
1.8918,-6.042573E-06,28.377,0,1.8918,-5.539025E-05,28.377,0
1.8927,-7.049668E-06,28.3905,0,1.8927,-5.270466E-05,28.3905,0
1.8936,-4.229801E-05,28.404,0,1.8936,-2.618448E-05,28.404,0
1.8945,-2.316319E-05,28.4175,0,1.8945,-3.826963E-05,28.4175,0
1.8954,7.721065E-06,28.431,0,1.8954,-5.606165E-05,28.431,0
1.8963,-3.591974E-05,28.4445,0,1.8963,3.356985E-06,28.4445,0
1.8972,-2.920577E-05,28.458,0,1.8972,-6.713969E-06,28.458,0
1.8981,3.759823E-05,28.4715,0,1.8981,-4.699779E-05,28.4715,0
1.899,2.517739E-05,28.485,0,1.899,-5.706874E-06,28.485,0
1.8999,1.846342E-05,28.4985,0,1.8999,3.356985E-07,28.4985,0
1.9008,1.409934E-05,28.512,0,1.9008,-4.129091E-05,28.512,0
1.9017,-2.047761E-05,28.5255,0,1.9017,-1.980621E-05,28.5255,0
1.9026,-4.39765E-05,28.539,0,1.9026,1.174945E-05,28.539,0
1.9035,-4.36408E-06,28.5525,0,1.9035,-2.685588E-06,28.5525,0
1.9044,-9.399558E-06,28.566,0,1.9044,-2.618448E-05,28.566,0
1.9053,-2.18204E-05,28.5795,0,1.9053,-3.457694E-05,28.5795,0
1.9062,1.040665E-05,28.593,0,1.9062,-3.692683E-06,28.593,0
1.9071,3.189136E-05,28.6065,0,1.9071,-1.107805E-05,28.6065,0
1.908,9.735256E-06,28.62,0,1.908,-4.061952E-05,28.62,0
1.9089,6.713969E-07,28.6335,0,1.9089,-4.49836E-05,28.6335,0
1.9098,-6.042573E-06,28.647,0,1.9098,-1.577783E-05,28.647,0
1.9107,-2.1149E-05,28.6605,0,1.9107,-2.316319E-05,28.6605,0
1.9116,-7.385367E-06,28.674,0,1.9116,-5.270466E-05,28.674,0
1.9125,-4.36408E-06,28.6875,0,1.9125,-4.36408E-06,28.6875,0
1.9134,-1.779202E-05,28.701,0,1.9134,5.035477E-06,28.701,0
1.9143,-1.779202E-05,28.7145,0,1.9143,-2.484169E-05,28.7145,0
1.9152,3.424125E-05,28.728,0,1.9152,-1.913481E-05,28.728,0
1.9161,3.021286E-06,28.7415,0,1.9161,5.706874E-06,28.7415,0
1.917,-1.141375E-05,28.755,0,1.917,-6.042573E-06,28.755,0
1.9179,1.242084E-05,28.7685,0,1.9179,-2.685588E-05,28.7685,0
1.9188,1.980621E-05,28.782,0,1.9188,-4.46479E-05,28.782,0
1.9197,-1.376364E-05,28.7955,0,1.9197,-1.275654E-05,28.7955,0
1.9206,-1.242084E-05,28.809,0,1.9206,-1.712062E-05,28.809,0
1.9215,5.035477E-06,28.8225,0,1.9215,-3.726253E-05,28.8225,0
1.9224,3.356985E-07,28.836,0,1.9224,-3.625543E-05,28.836,0
1.9233,-1.477073E-05,28.8495,0,1.9233,-7.721065E-06,28.8495,0
1.9242,-1.342794E-06,28.863,0,1.9242,-6.378271E-06,28.863,0
1.9251,1.040665E-05,28.8765,0,1.9251,-5.203327E-05,28.8765,0
1.926,-3.021286E-06,28.89,0,1.926,-1.544213E-05,28.89,0
1.9269,-2.047761E-05,28.9035,0,1.9269,1.779202E-05,28.9035,0
1.9278,-4.263371E-05,28.917,0,1.9278,-2.752728E-05,28.917,0
1.9287,-2.18204E-05,28.9305,0,1.9287,-1.879912E-05,28.9305,0
1.9296,-3.457694E-05,28.944,0,1.9296,1.174945E-05,28.944,0
1.9305,-6.109713E-05,28.9575,0,1.9305,-3.021286E-06,28.9575,0
1.9314,-3.390555E-05,28.971,0,1.9314,-4.028382E-06,28.971,0
1.9323,3.054856E-05,28.9845,0,1.9323,-2.954147E-05,28.9845,0
1.9332,3.860533E-05,28.998,0,1.9332,-3.457694E-05,28.998,0
1.9341,1.510643E-05,29.0115,0,1.9341,-2.954147E-05,29.0115,0
1.935,0,29.025,0,1.935,-4.867628E-05,29.025,0
1.9359,-8.728161E-06,29.0385,0,1.9359,-5.539025E-05,29.0385,0
1.9368,-2.047761E-05,29.052,0,1.9368,-9.735256E-06,29.052,0
1.9377,-2.014191E-05,29.0655,0,1.9377,-1.577783E-05,29.0655,0
1.9386,-1.779202E-05,29.079,0,1.9386,-3.457694E-05,29.079,0
1.9395,-2.18204E-05,29.0925,0,1.9395,-2.349889E-06,29.0925,0
1.9404,-3.726253E-05,29.106,0,1.9404,5.706874E-06,29.106,0
1.9413,-2.21561E-05,29.1195,0,1.9413,-7.721065E-06,29.1195,0
1.9422,2.383459E-05,29.133,0,1.9422,-2.014191E-06,29.133,0
1.9431,1.510643E-05,29.1465,0,1.9431,3.356985E-07,29.1465,0
1.944,3.155566E-05,29.16,0,1.944,-7.721065E-06,29.16,0
1.9449,1.913481E-05,29.1735,0,1.9449,-1.242084E-05,29.1735,0
1.9458,-1.007095E-06,29.187,0,1.9458,-2.18204E-05,29.187,0
1.9467,-9.735256E-06,29.2005,0,1.9467,-1.980621E-05,29.2005,0
1.9476,4.36408E-06,29.214,0,1.9476,-5.371176E-06,29.214,0
1.9485,-1.678492E-06,29.2275,0,1.9485,-1.174945E-05,29.2275,0
1.9494,3.021286E-06,29.241,0,1.9494,-3.390555E-05,29.241,0
1.9503,4.699779E-06,29.2545,0,1.9503,2.24918E-05,29.2545,0
1.9512,-3.021286E-05,29.268,0,1.9512,-2.014191E-06,29.268,0
1.9521,-9.063859E-06,29.2815,0,1.9521,-3.860533E-05,29.2815,0
1.953,-9.063859E-06,29.295,0,1.953,-1.678492E-06,29.295,0
1.9539,-4.061952E-05,29.3085,0,1.9539,6.713969E-07,29.3085,0
1.9548,-6.54612E-05,29.322,0,1.9548,-5.404745E-05,29.322,0
1.9557,-7.519646E-05,29.3355,0,1.9557,-6.61326E-05,29.3355,0
1.9566,-5.203327E-05,29.349,0,1.9566,-3.961242E-05,29.349,0
1.9575,-4.46479E-05,29.3625,0,1.9575,-3.021286E-05,29.3625,0
1.9584,5.035477E-06,29.376,0,1.9584,-2.450599E-05,29.376,0
1.9593,3.021286E-05,29.3895,0,1.9593,-4.599069E-05,29.3895,0
1.9602,-1.577783E-05,29.403,0,1.9602,2.383459E-05,29.403,0
1.9611,-4.028382E-06,29.4165,0,1.9611,2.417029E-05,29.4165,0
1.962,1.712062E-05,29.43,0,1.962,-6.378271E-06,29.43,0
1.9629,7.049668E-06,29.4435,0,1.9629,-2.685588E-05,29.4435,0
1.9638,1.779202E-05,29.457,0,1.9638,3.692683E-06,29.457,0
1.9647,4.800488E-05,29.4705,0,1.9647,-1.107805E-05,29.4705,0
1.9656,5.471885E-05,29.484,0,1.9656,-4.36408E-05,29.484,0
1.9665,-2.24918E-05,29.4975,0,1.9665,-1.477073E-05,29.4975,0
1.9674,-2.24918E-05,29.511,0,1.9674,-2.719158E-05,29.511,0
1.9683,5.706874E-06,29.5245,0,1.9683,-5.975433E-05,29.5245,0
1.9692,-8.056763E-06,29.538,0,1.9692,-1.779202E-05,29.538,0
1.9701,-3.121996E-05,29.5515,0,1.9701,0,29.5515,0
1.971,-3.323415E-05,29.565,0,1.971,-3.256275E-05,29.565,0
1.9719,-1.376364E-05,29.5785,0,1.9719,-4.53193E-05,29.5785,0
1.9728,-1.678492E-06,29.592,0,1.9728,-5.740444E-05,29.592,0
1.9737,7.721065E-06,29.6055,0,1.9737,-3.323415E-05,29.6055,0
1.9746,4.36408E-06,29.619,0,1.9746,1.208515E-05,29.619,0
1.9755,2.1149E-05,29.6325,0,1.9755,-1.107805E-05,29.6325,0
1.9764,1.040665E-05,29.646,0,1.9764,-3.826963E-05,29.646,0
1.9773,-3.659113E-05,29.6595,0,1.9773,1.812772E-05,29.6595,0
1.9782,-2.1149E-05,29.673,0,1.9782,-7.049668E-06,29.673,0
1.9791,-6.713969E-06,29.6865,0,1.9791,-4.46479E-05,29.6865,0
1.98,-2.954147E-05,29.7,0,1.98,-1.678492E-06,29.7,0
1.9809,-1.544213E-05,29.7135,0,1.9809,4.36408E-06,29.7135,0
1.9818,-4.129091E-05,29.727,0,1.9818,-3.088426E-05,29.727,0
1.9827,-4.196231E-05,29.7405,0,1.9827,-2.383459E-05,29.7405,0
1.9836,-3.289845E-05,29.754,0,1.9836,-8.728161E-06,29.754,0
1.9845,6.378271E-06,29.7675,0,1.9845,-5.035477E-06,29.7675,0
1.9854,2.517739E-05,29.781,0,1.9854,-1.242084E-05,29.781,0
1.9863,1.242084E-05,29.7945,0,1.9863,-3.424125E-05,29.7945,0
1.9872,1.812772E-05,29.808,0,1.9872,-4.632639E-05,29.808,0
1.9881,1.477073E-05,29.8215,0,1.9881,-3.894102E-05,29.8215,0
1.989,-1.141375E-05,29.835,0,1.989,-5.941863E-05,29.835,0
1.9899,-2.014191E-06,29.8485,0,1.9899,-3.860533E-05,29.8485,0
1.9908,9.063859E-06,29.862,0,1.9908,3.826963E-05,29.862,0
1.9917,1.712062E-05,29.8755,0,1.9917,4.162661E-05,29.8755,0
1.9926,1.846342E-05,29.889,0,1.9926,-3.692683E-05,29.889,0
1.9935,-3.356985E-07,29.9025,0,1.9935,-7.721065E-06,29.9025,0
1.9944,3.894102E-05,29.916,0,1.9944,1.812772E-05,29.916,0
1.9953,3.860533E-05,29.9295,0,1.9953,-3.860533E-05,29.9295,0
1.9962,2.685588E-06,29.943,0,1.9962,-2.24918E-05,29.943,0
1.9971,-8.392462E-06,29.9565,0,1.9971,-1.376364E-05,29.9565,0
1.998,-1.242084E-05,29.97,0,1.998,-1.980621E-05,29.97,0
1.9989,-2.28275E-05,29.9835,0,1.9989,-1.443504E-05,29.9835,0
1.9998,-2.047761E-05,29.997,0,1.9998,-4.129091E-05,29.997,0
2.0007,-3.256275E-05,30.0105,0,2.0007,-2.618448E-05,30.0105,0
2.0016,-4.901198E-05,30.024,0,2.0016,-9.735256E-06,30.024,0
2.0025,-2.349889E-06,30.0375,0,2.0025,-4.129091E-05,30.0375,0
2.0034,1.846342E-05,30.051,0,2.0034,-5.304036E-05,30.051,0
2.0043,-2.584878E-05,30.0645,0,2.0043,5.035477E-06,30.0645,0
2.0052,-1.678492E-06,30.078,0,2.0052,-8.728161E-06,30.078,0
2.0061,2.618448E-05,30.0915,0,2.0061,-4.196231E-05,30.0915,0
2.007,-1.779202E-05,30.105,0,2.007,-9.063859E-06,30.105,0
2.0079,-2.584878E-05,30.1185,0,2.0079,-8.392462E-06,30.1185,0
2.0088,-2.047761E-05,30.132,0,2.0088,-5.337606E-05,30.132,0
2.0097,-2.719158E-05,30.1455,0,2.0097,-4.129091E-05,30.1455,0
2.0106,-2.1149E-05,30.159,0,2.0106,-2.349889E-06,30.159,0
2.0115,3.356985E-07,30.1725,0,2.0115,-2.316319E-05,30.1725,0
2.0124,1.141375E-05,30.186,0,2.0124,-2.1149E-05,30.186,0
2.0133,-3.356985E-06,30.1995,0,2.0133,-3.021286E-05,30.1995,0
2.0142,-1.242084E-05,30.213,0,2.0142,-1.141375E-05,30.213,0
2.0151,-9.735256E-06,30.2265,0,2.0151,1.342794E-06,30.2265,0
2.016,1.141375E-05,30.24,0,2.016,-2.316319E-05,30.24,0
2.0169,-2.014191E-06,30.2535,0,2.0169,-4.49836E-05,30.2535,0
2.0178,-2.652018E-05,30.267,0,2.0178,-4.36408E-06,30.267,0
2.0187,-2.014191E-05,30.2805,0,2.0187,-8.728161E-06,30.2805,0
2.0196,-1.242084E-05,30.294,0,2.0196,-6.210422E-05,30.294,0
2.0205,-2.24918E-05,30.3075,0,2.0205,-8.392462E-06,30.3075,0
2.0214,-3.591974E-05,30.321,0,2.0214,2.1149E-05,30.321,0
2.0223,-9.735256E-06,30.3345,0,2.0223,-1.846342E-05,30.3345,0
2.0232,-2.24918E-05,30.348,0,2.0232,-2.349889E-05,30.348,0
2.0241,-4.666209E-05,30.3615,0,2.0241,-6.713969E-07,30.3615,0
2.025,-3.927672E-05,30.375,0,2.025,-3.692683E-06,30.375,0
2.0259,-1.644922E-05,30.3885,0,2.0259,-8.728161E-06,30.3885,0
2.0268,-2.014191E-06,30.402,0,2.0268,-2.24918E-05,30.402,0
2.0277,-8.392462E-06,30.4155,0,2.0277,4.36408E-06,30.4155,0
2.0286,-1.980621E-05,30.429,0,2.0286,2.047761E-05,30.429,0
2.0295,-7.721065E-06,30.4425,0,2.0295,-1.443504E-05,30.4425,0
2.0304,-5.706874E-06,30.456,0,2.0304,-3.390555E-05,30.456,0
2.0313,-1.980621E-05,30.4695,0,2.0313,-7.385367E-06,30.4695,0
2.0322,-2.18204E-05,30.483,0,2.0322,-1.913481E-05,30.483,0
2.0331,-9.735256E-06,30.4965,0,2.0331,-3.927672E-05,30.4965,0
2.034,-1.644922E-05,30.51,0,2.034,-3.021286E-06,30.51,0
2.0349,1.443504E-05,30.5235,0,2.0349,6.378271E-06,30.5235,0
2.0358,2.21561E-05,30.537,0,2.0358,-3.222705E-05,30.537,0
2.0367,3.692683E-06,30.5505,0,2.0367,-2.853437E-05,30.5505,0
2.0376,2.047761E-05,30.564,0,2.0376,-1.007095E-06,30.564,0
2.0385,2.819867E-05,30.5775,0,2.0385,-1.644922E-05,30.5775,0
2.0394,-5.035477E-06,30.591,0,2.0394,-1.712062E-05,30.591,0
2.0403,-5.706874E-06,30.6045,0,2.0403,-3.256275E-05,30.6045,0
2.0412,6.378271E-06,30.618,0,2.0412,-2.685588E-06,30.618,0
2.0421,4.733349E-05,30.6315,0,2.0421,2.652018E-05,30.6315,0
2.043,5.673304E-05,30.645,0,2.043,-2.24918E-05,30.645,0
2.0439,1.846342E-05,30.6585,0,2.0439,-3.961242E-05,30.6585,0
2.0448,-5.035477E-06,30.672,0,2.0448,1.007095E-05,30.672,0
2.0457,4.36408E-06,30.6855,0,2.0457,-5.706874E-06,30.6855,0
2.0466,4.699779E-06,30.699,0,2.0466,-5.404745E-05,30.699,0
2.0475,1.007095E-05,30.7125,0,2.0475,-1.443504E-05,30.7125,0
2.0484,-3.524834E-05,30.726,0,2.0484,4.028382E-06,30.726,0
2.0493,-4.129091E-05,30.7395,0,2.0493,-4.129091E-05,30.7395,0
2.0502,-1.913481E-05,30.753,0,2.0502,-1.947051E-05,30.753,0
2.0511,-7.049668E-06,30.7665,0,2.0511,3.692683E-06,30.7665,0
2.052,3.692683E-06,30.78,0,2.052,-2.316319E-05,30.78,0
2.0529,-3.692683E-06,30.7935,0,2.0529,-2.652018E-05,30.7935,0
2.0538,-7.049668E-06,30.807,0,2.0538,-7.284657E-05,30.807,0
2.0547,-3.692683E-06,30.8205,0,2.0547,-6.478981E-05,30.8205,0
2.0556,9.735256E-06,30.834,0,2.0556,-2.316319E-05,30.834,0
2.0565,3.021286E-06,30.8475,0,2.0565,-2.887007E-05,30.8475,0
2.0574,1.443504E-05,30.861,0,2.0574,-4.766919E-05,30.861,0
2.0583,-1.577783E-05,30.8745,0,2.0583,5.035477E-06,30.8745,0
2.0592,-3.457694E-05,30.888,0,2.0592,0,30.888,0
2.0601,1.913481E-05,30.9015,0,2.0601,-4.028382E-05,30.9015,0
2.061,3.054856E-05,30.915,0,2.061,6.713969E-07,30.915,0
2.0619,-2.954147E-05,30.9285,0,2.0619,-1.074235E-05,30.9285,0
2.0628,-3.121996E-05,30.942,0,2.0628,-5.740444E-05,30.942,0
2.0637,-2.450599E-05,30.9555,0,2.0637,-6.74754E-05,30.9555,0
2.0646,-5.471885E-05,30.969,0,2.0646,-3.927672E-05,30.969,0
2.0655,-6.881819E-05,30.9825,0,2.0655,-3.625543E-05,30.9825,0
2.0664,-5.169757E-05,30.996,0,2.0664,-3.390555E-05,30.996,0
2.0673,-3.793393E-05,31.0095,0,2.0673,-6.54612E-05,31.0095,0
2.0682,-4.36408E-06,31.023,0,2.0682,-2.618448E-05,31.023,0
2.0691,1.007095E-05,31.0365,0,2.0691,2.786297E-05,31.0365,0
2.07,1.577783E-05,31.05,0,2.07,4.229801E-05,31.05,0
2.0709,2.349889E-05,31.0635,0,2.0709,-1.611353E-05,31.0635,0
2.0718,2.349889E-06,31.077,0,2.0718,-3.356985E-07,31.077,0
2.0727,-7.049668E-06,31.0905,0,2.0727,-5.035477E-06,31.0905,0
2.0736,4.699779E-06,31.104,0,2.0736,-4.46479E-05,31.104,0
2.0745,-6.713969E-07,31.1175,0,2.0745,6.713969E-07,31.1175,0
2.0754,1.040665E-05,31.131,0,2.0754,1.242084E-05,31.131,0
2.0763,9.735256E-06,31.1445,0,2.0763,-4.699779E-06,31.1445,0
2.0772,-2.752728E-05,31.158,0,2.0772,4.699779E-06,31.158,0
2.0781,-3.121996E-05,31.1715,0,2.0781,1.174945E-05,31.1715,0
2.079,-2.517739E-05,31.185,0,2.079,-8.392462E-06,31.185,0
2.0799,-2.1149E-05,31.1985,0,2.0799,-1.040665E-05,31.1985,0
2.0808,-9.735256E-06,31.212,0,2.0808,-2.954147E-05,31.212,0
2.0817,-9.735256E-06,31.2255,0,2.0817,-1.577783E-05,31.2255,0
2.0826,-1.712062E-05,31.239,0,2.0826,-1.913481E-05,31.239,0
2.0835,-1.544213E-05,31.2525,0,2.0835,-4.095522E-05,31.2525,0
2.0844,3.692683E-06,31.266,0,2.0844,-5.001907E-05,31.266,0
2.0853,-3.054856E-05,31.2795,0,2.0853,6.378271E-06,31.2795,0
2.0862,-1.443504E-05,31.293,0,2.0862,-8.392462E-06,31.293,0
2.0871,1.510643E-05,31.3065,0,2.0871,-4.867628E-05,31.3065,0
2.088,-2.316319E-05,31.32,0,2.088,3.356985E-07,31.32,0
2.0889,5.706874E-06,31.3335,0,2.0889,8.392462E-06,31.3335,0
2.0898,3.558404E-05,31.347,0,2.0898,-4.867628E-05,31.347,0
2.0907,1.846342E-05,31.3605,0,2.0907,-5.270466E-05,31.3605,0
2.0916,1.007095E-06,31.374,0,2.0916,-1.980621E-05,31.374,0
2.0925,2.047761E-05,31.3875,0,2.0925,-1.275654E-05,31.3875,0
2.0934,1.141375E-05,31.401,0,2.0934,-1.242084E-05,31.401,0
2.0943,-7.721065E-06,31.4145,0,2.0943,-3.558404E-05,31.4145,0
2.0952,-1.342794E-05,31.428,0,2.0952,-2.987716E-05,31.428,0
2.0961,-2.450599E-05,31.4415,0,2.0961,5.706874E-06,31.4415,0
2.097,-6.277562E-05,31.455,0,2.097,-2.081331E-05,31.455,0
2.0979,-3.659113E-05,31.4685,0,2.0979,-4.733349E-05,31.4685,0
2.0988,-9.735256E-06,31.482,0,2.0988,-3.356985E-07,31.482,0
2.0997,2.349889E-06,31.4955,0,2.0997,-3.021286E-06,31.4955,0
2.1006,1.040665E-05,31.509,0,2.1006,-4.46479E-05,31.509,0
2.1015,5.706874E-06,31.5225,0,2.1015,-9.735256E-06,31.5225,0
2.1024,2.014191E-06,31.536,0,2.1024,1.644922E-05,31.536,0
2.1033,-4.028382E-06,31.5495,0,2.1033,-2.719158E-05,31.5495,0
2.1042,2.014191E-06,31.563,0,2.1042,-1.678492E-05,31.563,0
2.1051,-1.980621E-05,31.5765,0,2.1051,8.728161E-06,31.5765,0
2.106,-5.706874E-06,31.59,0,2.106,-1.342794E-06,31.59,0
2.1069,8.392462E-06,31.6035,0,2.1069,-2.450599E-05,31.6035,0
2.1078,2.618448E-05,31.617,0,2.1078,-4.53193E-05,31.617,0
2.1087,7.049668E-06,31.6305,0,2.1087,-2.18204E-05,31.6305,0
2.1096,-2.1149E-05,31.644,0,2.1096,-2.18204E-05,31.644,0
2.1105,-1.443504E-05,31.6575,0,2.1105,-4.733349E-05,31.6575,0
2.1114,-6.378271E-06,31.671,0,2.1114,-4.867628E-05,31.671,0
2.1123,-1.779202E-05,31.6845,0,2.1123,-5.706874E-06,31.6845,0
2.1132,-2.349889E-06,31.698,0,2.1132,-1.510643E-05,31.698,0
2.1141,0,31.7115,0,2.1141,-4.196231E-05,31.7115,0
2.115,-1.174945E-05,31.725,0,2.115,-9.063859E-06,31.725,0
2.1159,1.913481E-05,31.7385,0,2.1159,-6.378271E-06,31.7385,0
2.1168,-4.36408E-06,31.752,0,2.1168,-3.524834E-05,31.752,0
2.1177,1.443504E-05,31.7655,0,2.1177,-2.383459E-05,31.7655,0
2.1186,1.443504E-05,31.779,0,2.1186,4.028382E-06,31.779,0
2.1195,3.692683E-06,31.7925,0,2.1195,-1.040665E-05,31.7925,0
2.1204,1.007095E-06,31.806,0,2.1204,-1.275654E-05,31.806,0
2.1213,1.208515E-05,31.8195,0,2.1213,-3.793393E-05,31.8195,0
2.1222,1.712062E-05,31.833,0,2.1222,-3.894102E-05,31.833,0
2.1231,-4.49836E-05,31.8465,0,2.1231,-3.390555E-05,31.8465,0
2.124,-4.229801E-05,31.86,0,2.124,-5.270466E-05,31.86,0
2.1249,-1.577783E-05,31.8735,0,2.1249,-5.941863E-05,31.8735,0
2.1258,-4.49836E-05,31.887,0,2.1258,3.692683E-06,31.887,0
2.1267,-1.544213E-05,31.9005,0,2.1267,5.740444E-05,31.9005,0
2.1276,9.735256E-06,31.914,0,2.1276,-5.706874E-06,31.914,0
2.1285,-1.510643E-05,31.9275,0,2.1285,-1.275654E-05,31.9275,0
2.1294,1.577783E-05,31.941,0,2.1294,1.007095E-05,31.941,0
2.1303,1.242084E-05,31.9545,0,2.1303,-1.477073E-05,31.9545,0
2.1312,3.692683E-06,31.968,0,2.1312,0,31.968,0
2.1321,-2.719158E-05,31.9815,0,2.1321,1.275654E-05,31.9815,0
2.133,-1.913481E-05,31.995,0,2.133,-3.692683E-06,31.995,0
2.1339,1.577783E-05,32.0085,0,2.1339,-2.1149E-05,32.0085,0
2.1348,1.443504E-05,32.022,0,2.1348,-3.793393E-05,32.022,0
2.1357,-3.692683E-06,32.0355,0,2.1357,-1.644922E-05,32.0355,0
2.1366,-1.376364E-05,32.049,0,2.1366,-5.035477E-06,32.049,0
2.1375,-1.141375E-05,32.0625,0,2.1375,-2.853437E-05,32.0625,0
2.1384,-6.713969E-07,32.076,0,2.1384,-3.323415E-05,32.076,0
2.1393,-1.342794E-05,32.0895,0,2.1393,-6.378271E-06,32.0895,0
2.1402,-9.735256E-06,32.103,0,2.1402,-3.021286E-06,32.103,0
2.1411,-1.678492E-06,32.1165,0,2.1411,-5.740444E-05,32.1165,0
2.142,-2.853437E-05,32.13,0,2.142,-1.174945E-05,32.13,0
2.1429,-3.021286E-06,32.1435,0,2.1429,-7.385367E-06,32.1435,0
2.1438,-1.913481E-05,32.157,0,2.1438,-4.766919E-05,32.157,0
2.1447,-3.323415E-05,32.1705,0,2.1447,-3.424125E-05,32.1705,0
2.1456,-3.591974E-05,32.184,0,2.1456,-3.021286E-06,32.184,0
2.1465,-3.659113E-05,32.1975,0,2.1465,-1.678492E-05,32.1975,0
2.1474,-3.692683E-06,32.211,0,2.1474,-2.450599E-05,32.211,0
2.1483,2.719158E-05,32.2245,0,2.1483,-2.618448E-05,32.2245,0
2.1492,2.349889E-06,32.238,0,2.1492,-2.014191E-06,32.238,0
2.1501,-2.652018E-05,32.2515,0,2.1501,1.477073E-05,32.2515,0
2.151,-2.28275E-05,32.265,0,2.151,-6.713969E-06,32.265,0
2.1519,-1.107805E-05,32.2785,0,2.1519,-1.141375E-05,32.2785,0
2.1528,-3.457694E-05,32.292,0,2.1528,1.242084E-05,32.292,0
2.1537,-2.18204E-05,32.3055,0,2.1537,-5.706874E-06,32.3055,0
2.1546,-6.713969E-06,32.319,0,2.1546,-6.411841E-05,32.319,0
2.1555,-1.577783E-05,32.3325,0,2.1555,-4.129091E-05,32.3325,0
2.1564,6.713969E-06,32.346,0,2.1564,-6.948959E-05,32.346,0
2.1573,4.699779E-05,32.3595,0,2.1573,-6.109713E-05,32.3595,0
2.1582,9.399558E-06,32.373,0,2.1582,-2.652018E-05,32.373,0
2.1591,-2.584878E-05,32.3865,0,2.1591,8.056763E-06,32.3865,0
2.16,-2.618448E-05,32.4,0,2.16,-2.014191E-06,32.4,0
2.1609,-3.860533E-05,32.4135,0,2.1609,-1.577783E-05,32.4135,0
2.1618,-1.141375E-05,32.427,0,2.1618,-2.584878E-05,32.427,0
2.1627,9.735256E-06,32.4405,0,2.1627,6.378271E-06,32.4405,0
2.1636,-5.706874E-06,32.454,0,2.1636,1.040665E-05,32.454,0
2.1645,1.678492E-06,32.4675,0,2.1645,-2.047761E-05,32.4675,0
2.1654,1.577783E-05,32.481,0,2.1654,-3.088426E-05,32.481,0
2.1663,-7.049668E-06,32.4945,0,2.1663,-5.706874E-06,32.4945,0
2.1672,-3.121996E-05,32.508,0,2.1672,-3.088426E-05,32.508,0
2.1681,-4.699779E-06,32.5215,0,2.1681,-6.54612E-05,32.5215,0
2.169,-1.208515E-05,32.535,0,2.169,-2.014191E-06,32.535,0
2.1699,-2.450599E-05,32.5485,0,2.1699,-3.021286E-06,32.5485,0
2.1708,-2.719158E-05,32.562,0,2.1708,-4.901198E-05,32.562,0
2.1717,2.349889E-06,32.5755,0,2.1717,-5.236896E-05,32.5755,0
2.1726,7.385367E-06,32.589,0,2.1726,-7.049668E-06,32.589,0
2.1735,7.049668E-06,32.6025,0,2.1735,-1.980621E-05,32.6025,0
2.1744,-1.376364E-05,32.616,0,2.1744,-2.719158E-05,32.616,0
2.1753,-1.510643E-05,32.6295,0,2.1753,-4.43122E-05,32.6295,0
2.1762,4.36408E-06,32.643,0,2.1762,-8.728161E-06,32.643,0
2.1771,5.270466E-05,32.6565,0,2.1771,1.141375E-05,32.6565,0
2.178,6.51255E-05,32.67,0,2.178,-2.987716E-05,32.67,0
2.1789,2.18204E-05,32.6835,0,2.1789,-5.236896E-05,32.6835,0
2.1798,5.706874E-06,32.697,0,2.1798,5.035477E-06,32.697,0
2.1807,3.356985E-07,32.7105,0,2.1807,3.021286E-05,32.7105,0
2.1816,-1.007095E-06,32.724,0,2.1816,3.054856E-05,32.724,0
2.1825,-3.356985E-06,32.7375,0,2.1825,1.779202E-05,32.7375,0
2.1834,-2.24918E-05,32.751,0,2.1834,-4.33051E-05,32.751,0
2.1843,-3.860533E-05,32.7645,0,2.1843,-8.224613E-05,32.7645,0
2.1852,2.349889E-06,32.778,0,2.1852,-3.692683E-05,32.778,0
2.1861,1.376364E-05,32.7915,0,2.1861,8.728161E-06,32.7915,0
2.187,-7.721065E-06,32.805,0,2.187,-1.074235E-05,32.805,0
2.1879,-1.107805E-05,32.8185,0,2.1879,-2.18204E-05,32.8185,0
2.1888,7.049668E-06,32.832,0,2.1888,-5.270466E-05,32.832,0
2.1897,-1.812772E-05,32.8455,0,2.1897,-4.46479E-05,32.8455,0
2.1906,-3.457694E-05,32.859,0,2.1906,-3.793393E-05,32.859,0
2.1915,-8.392462E-06,32.8725,0,2.1915,-4.49836E-05,32.8725,0
2.1924,-1.510643E-05,32.886,0,2.1924,-4.934768E-05,32.886,0
2.1933,-4.46479E-05,32.8995,0,2.1933,1.913481E-05,32.8995,0
2.1942,-2.584878E-05,32.913,0,2.1942,9.063859E-06,32.913,0
2.1951,2.819867E-05,32.9265,0,2.1951,-4.733349E-05,32.9265,0
2.196,4.699779E-06,32.94,0,2.196,4.36408E-06,32.94,0
2.1969,-1.779202E-05,32.9535,0,2.1969,1.174945E-05,32.9535,0
2.1978,7.721065E-06,32.967,0,2.1978,-2.584878E-05,32.967,0
2.1987,1.007095E-06,32.9805,0,2.1987,-2.18204E-05,32.9805,0
2.1996,-1.242084E-05,32.994,0,2.1996,2.349889E-06,32.994,0
2.2005,-8.728161E-06,33.0075,0,2.2005,-9.063859E-06,33.0075,0
2.2014,-2.450599E-05,33.021,0,2.2014,-1.577783E-05,33.021,0
2.2023,-2.786297E-05,33.0345,0,2.2023,-2.719158E-05,33.0345,0
2.2032,-2.517739E-05,33.048,0,2.2032,-6.042573E-06,33.048,0
2.2041,-3.021286E-05,33.0615,0,2.2041,2.047761E-05,33.0615,0
2.205,-3.021286E-06,33.075,0,2.205,-5.035477E-06,33.075,0
2.2059,-5.035477E-06,33.0885,0,2.2059,-3.424125E-05,33.0885,0
2.2068,-2.786297E-05,33.102,0,2.2068,-3.356985E-07,33.102,0
2.2077,-1.107805E-05,33.1155,0,2.2077,-1.007095E-06,33.1155,0
2.2086,1.376364E-05,33.129,0,2.2086,-3.826963E-05,33.129,0
2.2095,-3.356985E-07,33.1425,0,2.2095,-7.385367E-06,33.1425,0
2.2104,-9.399558E-06,33.156,0,2.2104,-1.342794E-06,33.156,0
2.2113,-3.021286E-06,33.1695,0,2.2113,-4.934768E-05,33.1695,0
2.2122,-4.33051E-05,33.183,0,2.2122,-3.826963E-05,33.183,0
2.2131,-4.263371E-05,33.1965,0,2.2131,-9.399558E-06,33.1965,0
2.214,-2.584878E-05,33.21,0,2.214,-1.812772E-05,33.21,0
2.2149,5.035477E-06,33.2235,0,2.2149,-3.054856E-05,33.2235,0
2.2158,-1.107805E-05,33.237,0,2.2158,-4.632639E-05,33.237,0
2.2167,-1.644922E-05,33.2505,0,2.2167,-1.980621E-05,33.2505,0
2.2176,1.342794E-06,33.264,0,2.2176,2.349889E-06,33.264,0
2.2185,-3.356985E-07,33.2775,0,2.2185,-2.584878E-05,33.2775,0
2.2194,-1.309224E-05,33.291,0,2.2194,-4.061952E-05,33.291,0
2.2203,-2.316319E-05,33.3045,0,2.2203,2.349889E-06,33.3045,0
2.2212,-1.174945E-05,33.318,0,2.2212,-1.242084E-05,33.318,0
2.2221,-3.692683E-06,33.3315,0,2.2221,-4.028382E-05,33.3315,0
2.223,-1.510643E-05,33.345,0,2.223,-1.678492E-06,33.345,0
2.2239,-3.390555E-05,33.3585,0,2.2239,8.728161E-06,33.3585,0
2.2248,-1.712062E-05,33.372,0,2.2248,-3.256275E-05,33.372,0
2.2257,1.712062E-05,33.3855,0,2.2257,-4.196231E-05,33.3855,0
2.2266,-3.356985E-07,33.399,0,2.2266,-1.275654E-05,33.399,0
2.2275,-9.399558E-06,33.4125,0,2.2275,-2.1149E-05,33.4125,0
2.2284,-1.644922E-05,33.426,0,2.2284,-3.424125E-05,33.426,0
2.2293,9.735256E-06,33.4395,0,2.2293,-4.599069E-05,33.4395,0
2.2302,2.719158E-05,33.453,0,2.2302,-2.920577E-05,33.453,0
2.2311,1.141375E-05,33.4665,0,2.2311,2.014191E-06,33.4665,0
2.232,2.652018E-05,33.48,0,2.232,-1.409934E-05,33.48,0
2.2329,1.577783E-05,33.4935,0,2.2329,-3.256275E-05,33.4935,0
2.2338,-2.383459E-05,33.507,0,2.2338,9.063859E-06,33.507,0
2.2347,-5.706874E-06,33.5205,0,2.2347,-1.040665E-05,33.5205,0
2.2356,-6.713969E-07,33.534,0,2.2356,-4.867628E-05,33.534,0
2.2365,-1.644922E-05,33.5475,0,2.2365,2.349889E-06,33.5475,0
2.2374,1.376364E-05,33.561,0,2.2374,5.035477E-06,33.561,0
2.2383,3.155566E-05,33.5745,0,2.2383,-2.719158E-05,33.5745,0
2.2392,3.289845E-05,33.588,0,2.2392,-2.719158E-05,33.588,0
2.2401,6.378271E-06,33.6015,0,2.2401,2.014191E-06,33.6015,0
2.241,-1.107805E-05,33.615,0,2.241,-1.208515E-05,33.615,0
2.2419,-1.510643E-05,33.6285,0,2.2419,-2.517739E-05,33.6285,0
2.2428,2.349889E-06,33.642,0,2.2428,-4.263371E-05,33.642,0
2.2437,1.544213E-05,33.6555,0,2.2437,-1.812772E-05,33.6555,0
2.2446,-4.599069E-05,33.669,0,2.2446,2.349889E-06,33.669,0
2.2455,-5.337606E-05,33.6825,0,2.2455,-3.222705E-05,33.6825,0
2.2464,-1.510643E-05,33.696,0,2.2464,-3.289845E-05,33.696,0
2.2473,-2.047761E-05,33.7095,0,2.2473,-2.685588E-06,33.7095,0
2.2482,-2.987716E-05,33.723,0,2.2482,-1.242084E-05,33.723,0
2.2491,-1.208515E-05,33.7365,0,2.2491,-6.009003E-05,33.7365,0
2.25,-1.107805E-05,33.75,0,2.25,-1.913481E-05,33.75,0
2.2509,-3.021286E-06,33.7635,0,2.2509,-2.14847E-05,33.7635,0
2.2518,5.706874E-06,33.777,0,2.2518,-3.591974E-05,33.777,0
2.2527,-1.309224E-05,33.7905,0,2.2527,-6.378271E-06,33.7905,0
2.2536,-2.551309E-05,33.804,0,2.2536,-8.056763E-06,33.804,0
2.2545,1.544213E-05,33.8175,0,2.2545,-4.129091E-05,33.8175,0
2.2554,4.934768E-05,33.831,0,2.2554,-3.323415E-05,33.831,0
2.2563,-1.678492E-06,33.8445,0,2.2563,-2.18204E-05,33.8445,0
2.2572,-2.18204E-05,33.858,0,2.2572,7.721065E-06,33.858,0
2.2581,-1.846342E-05,33.8715,0,2.2581,9.735256E-06,33.8715,0
2.259,-1.174945E-05,33.885,0,2.259,-2.24918E-05,33.885,0
2.2599,3.021286E-06,33.8985,0,2.2599,-3.189136E-05,33.8985,0
2.2608,-1.409934E-05,33.912,0,2.2608,8.392462E-06,33.912,0
2.2617,1.141375E-05,33.9255,0,2.2617,9.063859E-06,33.9255,0
2.2626,-4.36408E-06,33.939,0,2.2626,-4.162661E-05,33.939,0
2.2635,-1.040665E-05,33.9525,0,2.2635,-1.242084E-05,33.9525,0
2.2644,1.678492E-06,33.966,0,2.2644,1.577783E-05,33.966,0
2.2653,3.356985E-06,33.9795,0,2.2653,-9.735256E-06,33.9795,0
2.2662,3.591974E-05,33.993,0,2.2662,0,33.993,0
2.2671,1.678492E-06,34.0065,0,2.2671,6.042573E-06,34.0065,0
2.268,-1.678492E-05,34.02,0,2.268,-8.728161E-06,34.02,0
2.2689,1.007095E-05,34.0335,0,2.2689,-7.049668E-06,34.0335,0
2.2698,2.21561E-05,34.047,0,2.2698,-2.1149E-05,34.047,0
2.2707,-4.36408E-06,34.0605,0,2.2707,-9.735256E-06,34.0605,0
2.2716,-2.349889E-06,34.074,0,2.2716,3.692683E-06,34.074,0
2.2725,1.040665E-05,34.0875,0,2.2725,-2.584878E-05,34.0875,0
2.2734,1.443504E-05,34.101,0,2.2734,-5.304036E-05,34.101,0
2.2743,-2.14847E-05,34.1145,0,2.2743,-1.242084E-05,34.1145,0
2.2752,-3.961242E-05,34.128,0,2.2752,-4.565499E-05,34.128,0
2.2761,-1.040665E-05,34.1415,0,2.2761,-7.586786E-05,34.1415,0
2.277,-1.644922E-05,34.155,0,2.277,1.107805E-05,34.155,0
2.2779,-5.404745E-05,34.1685,0,2.2779,1.007095E-06,34.1685,0
2.2788,-2.920577E-05,34.182,0,2.2788,-4.49836E-05,34.182,0
2.2797,-6.042573E-06,34.1955,0,2.2797,-1.879912E-05,34.1955,0
2.2806,-1.779202E-05,34.209,0,2.2806,2.349889E-06,34.209,0
2.2815,-1.107805E-05,34.2225,0,2.2815,-1.846342E-05,34.2225,0
2.2824,-1.678492E-05,34.236,0,2.2824,-2.18204E-05,34.236,0
2.2833,-2.349889E-06,34.2495,0,2.2833,-4.666209E-05,34.2495,0
2.2842,-2.014191E-06,34.263,0,2.2842,-2.21561E-05,34.263,0
2.2851,-3.860533E-05,34.2765,0,2.2851,-7.049668E-06,34.2765,0
2.286,-2.786297E-05,34.29,0,2.286,-2.18204E-05,34.29,0
2.2869,7.721065E-06,34.3035,0,2.2869,-4.632639E-05,34.3035,0
2.2878,-6.713969E-07,34.317,0,2.2878,-8.056763E-06,34.317,0
2.2887,-2.786297E-05,34.3305,0,2.2887,-1.644922E-05,34.3305,0
2.2896,-1.913481E-05,34.344,0,2.2896,-5.102617E-05,34.344,0
2.2905,-6.378271E-06,34.3575,0,2.2905,-1.409934E-05,34.3575,0
2.2914,2.383459E-05,34.371,0,2.2914,-1.174945E-05,34.371,0
2.2923,2.719158E-05,34.3845,0,2.2923,-4.39765E-05,34.3845,0
2.2932,-2.349889E-06,34.398,0,2.2932,-3.524834E-05,34.398,0
2.2941,-2.316319E-05,34.4115,0,2.2941,-8.392462E-06,34.4115,0
2.295,-1.879912E-05,34.425,0,2.295,-3.021286E-05,34.425,0
2.2959,-1.409934E-05,34.4385,0,2.2959,-2.18204E-05,34.4385,0
2.2968,5.706874E-06,34.452,0,2.2968,-3.793393E-05,34.452,0
2.2977,-1.678492E-06,34.4655,0,2.2977,-7.385367E-06,34.4655,0
2.2986,-1.779202E-05,34.479,0,2.2986,7.721065E-06,34.479,0
2.2995,-2.584878E-05,34.4925,0,2.2995,-4.36408E-06,34.4925,0
2.3004,-2.18204E-05,34.506,0,2.3004,-1.376364E-05,34.506,0
2.3013,-4.061952E-05,34.5195,0,2.3013,1.879912E-05,34.5195,0
2.3022,-2.24918E-05,34.533,0,2.3022,-8.392462E-06,34.533,0
2.3031,-1.577783E-05,34.5465,0,2.3031,-4.196231E-05,34.5465,0
2.304,-2.517739E-05,34.56,0,2.304,7.385367E-06,34.56,0
2.3049,5.069047E-05,34.5735,0,2.3049,5.706874E-06,34.5735,0
2.3058,7.150377E-05,34.587,0,2.3058,-2.786297E-05,34.587,0
2.3067,-5.706874E-06,34.6005,0,2.3067,-3.759823E-05,34.6005,0
2.3076,-2.18204E-05,34.614,0,2.3076,-1.174945E-05,34.614,0
2.3085,-8.392462E-06,34.6275,0,2.3085,-2.920577E-05,34.6275,0
2.3094,-2.349889E-06,34.641,0,2.3094,-4.061952E-05,34.641,0
2.3103,9.735256E-06,34.6545,0,2.3103,-4.800488E-05,34.6545,0
2.3112,7.385367E-06,34.668,0,2.3112,-4.263371E-05,34.668,0
2.3121,-3.356985E-05,34.6815,0,2.3121,-2.618448E-05,34.6815,0
2.313,-2.450599E-05,34.695,0,2.313,4.699779E-06,34.695,0
2.3139,7.721065E-06,34.7085,0,2.3139,1.174945E-05,34.7085,0
2.3148,-3.155566E-05,34.722,0,2.3148,4.36408E-06,34.722,0
2.3157,-2.047761E-05,34.7355,0,2.3157,-1.242084E-05,34.7355,0
2.3166,2.517739E-05,34.749,0,2.3166,-4.968337E-05,34.749,0
2.3175,-8.392462E-06,34.7625,0,2.3175,-3.692683E-06,34.7625,0
2.3184,6.042573E-06,34.776,0,2.3184,-9.063859E-06,34.776,0
2.3193,3.994812E-05,34.7895,0,2.3193,-4.53193E-05,34.7895,0
2.3202,2.618448E-05,34.803,0,2.3202,-1.342794E-06,34.803,0
2.3211,-2.081331E-05,34.8165,0,2.3211,1.611353E-05,34.8165,0
2.322,-2.517739E-05,34.83,0,2.322,-5.706874E-06,34.83,0
2.3229,-1.309224E-05,34.8435,0,2.3229,-3.088426E-05,34.8435,0
2.3238,-1.577783E-05,34.857,0,2.3238,-5.136187E-05,34.857,0
2.3247,3.692683E-06,34.8705,0,2.3247,-5.069047E-05,34.8705,0
2.3256,-1.242084E-05,34.884,0,2.3256,-4.129091E-05,34.884,0
2.3265,-2.920577E-05,34.8975,0,2.3265,-3.994812E-05,34.8975,0
2.3274,-2.853437E-05,34.911,0,2.3274,-6.042573E-05,34.911,0
2.3283,-3.659113E-05,34.9245,0,2.3283,-1.611353E-05,34.9245,0
2.3292,-2.987716E-05,34.938,0,2.3292,-1.644922E-05,34.938,0
2.3301,-1.309224E-05,34.9515,0,2.3301,-4.33051E-05,34.9515,0
2.331,-2.316319E-05,34.965,0,2.331,-1.208515E-05,34.965,0
2.3319,2.719158E-05,34.9785,0,2.3319,9.063859E-06,34.9785,0
2.3328,4.800488E-05,34.992,0,2.3328,-2.786297E-05,34.992,0
2.3337,3.994812E-05,35.0055,0,2.3337,-1.644922E-05,35.0055,0
2.3346,2.18204E-05,35.019,0,2.3346,5.706874E-06,35.019,0
2.3355,7.721065E-06,35.0325,0,2.3355,-1.242084E-05,35.0325,0
2.3364,1.644922E-05,35.046,0,2.3364,-2.450599E-05,35.046,0
2.3373,7.721065E-06,35.0595,0,2.3373,-4.901198E-05,35.0595,0
2.3382,-1.409934E-05,35.073,0,2.3382,-2.517739E-05,35.073,0
2.3391,-4.666209E-05,35.0865,0,2.3391,3.356985E-06,35.0865,0
2.34,-5.001907E-05,35.1,0,2.34,-1.477073E-05,35.1,0
2.3409,-4.867628E-05,35.1135,0,2.3409,-4.095522E-05,35.1135,0
2.3418,-5.438316E-05,35.127,0,2.3418,9.063859E-06,35.127,0
2.3427,-3.189136E-05,35.1405,0,2.3427,6.378271E-06,35.1405,0
2.3436,7.721065E-06,35.154,0,2.3436,-2.484169E-05,35.154,0
2.3445,0,35.1675,0,2.3445,-1.913481E-05,35.1675,0
2.3454,2.21561E-05,35.181,0,2.3454,1.040665E-05,35.181,0
2.3463,1.846342E-05,35.1945,0,2.3463,-2.047761E-05,35.1945,0
2.3472,1.208515E-05,35.208,0,2.3472,-4.095522E-05,35.208,0
2.3481,-1.242084E-05,35.2215,0,2.3481,-3.021286E-06,35.2215,0
2.349,-1.107805E-05,35.235,0,2.349,-5.706874E-06,35.235,0
2.3499,-1.443504E-05,35.2485,0,2.3499,-2.047761E-05,35.2485,0
2.3508,1.376364E-05,35.262,0,2.3508,-2.920577E-05,35.262,0
2.3517,1.007095E-06,35.2755,0,2.3517,-8.392462E-06,35.2755,0
2.3526,-6.143282E-05,35.289,0,2.3526,1.007095E-05,35.289,0
2.3535,-2.517739E-05,35.3025,0,2.3535,-1.443504E-05,35.3025,0
2.3544,-3.021286E-06,35.316,0,2.3544,-2.954147E-05,35.316,0
2.3553,-2.24918E-05,35.3295,0,2.3553,-1.107805E-05,35.3295,0
2.3562,-9.735256E-06,35.343,0,2.3562,-4.162661E-05,35.343,0
2.3571,1.477073E-05,35.3565,0,2.3571,-7.821774E-05,35.3565,0
2.358,3.356985E-07,35.37,0,2.358,-2.349889E-06,35.37,0
2.3589,1.544213E-05,35.3835,0,2.3589,-2.685588E-06,35.3835,0
2.3598,1.510643E-05,35.397,0,2.3598,-3.927672E-05,35.397,0
2.3607,-1.040665E-05,35.4105,0,2.3607,-8.392462E-06,35.4105,0
2.3616,-1.510643E-05,35.424,0,2.3616,1.779202E-05,35.424,0
2.3625,0,35.4375,0,2.3625,3.021286E-06,35.4375,0
2.3634,-6.378271E-06,35.451,0,2.3634,-1.107805E-05,35.451,0
2.3643,-4.36408E-06,35.4645,0,2.3643,-2.349889E-05,35.4645,0
2.3652,1.846342E-05,35.478,0,2.3652,-1.510643E-05,35.478,0
2.3661,-1.242084E-05,35.4915,0,2.3661,-1.443504E-05,35.4915,0
2.367,-3.189136E-05,35.505,0,2.367,-6.344701E-05,35.505,0
2.3679,-1.040665E-05,35.5185,0,2.3679,-4.129091E-05,35.5185,0
2.3688,-1.544213E-05,35.532,0,2.3688,1.745632E-05,35.532,0
2.3697,-8.392462E-06,35.5455,0,2.3697,6.713969E-06,35.5455,0
2.3706,-2.484169E-05,35.559,0,2.3706,-5.136187E-05,35.559,0
2.3715,-2.450599E-05,35.5725,0,2.3715,-1.510643E-05,35.5725,0
2.3724,-2.652018E-05,35.586,0,2.3724,-2.349889E-06,35.586,0
2.3733,-1.812772E-05,35.5995,0,2.3733,-5.908293E-05,35.5995,0
2.3742,-1.477073E-05,35.613,0,2.3742,-6.64683E-05,35.613,0
2.3751,-1.577783E-05,35.6265,0,2.3751,-2.954147E-05,35.6265,0
2.376,-5.371176E-06,35.64,0,2.376,-2.383459E-05,35.64,0
2.3769,2.920577E-05,35.6535,0,2.3769,-1.678492E-05,35.6535,0
2.3778,6.143282E-05,35.667,0,2.3778,2.450599E-05,35.667,0
2.3787,9.399558E-06,35.6805,0,2.3787,3.457694E-05,35.6805,0
2.3796,-2.21561E-05,35.694,0,2.3796,8.392462E-06,35.694,0
2.3805,1.275654E-05,35.7075,0,2.3805,-2.28275E-05,35.7075,0
2.3814,1.712062E-05,35.721,0,2.3814,-2.786297E-05,35.721,0
2.3823,2.014191E-06,35.7345,0,2.3823,7.721065E-06,35.7345,0
2.3832,-1.174945E-05,35.748,0,2.3832,-2.349889E-05,35.748,0
2.3841,-3.356985E-07,35.7615,0,2.3841,-5.539025E-05,35.7615,0
2.385,-2.920577E-05,35.775,0,2.385,4.36408E-06,35.775,0
2.3859,-2.349889E-06,35.7885,0,2.3859,-3.356985E-07,35.7885,0
2.3868,2.047761E-05,35.802,0,2.3868,-4.53193E-05,35.802,0
2.3877,-2.517739E-05,35.8155,0,2.3877,-4.263371E-05,35.8155,0
2.3886,-3.894102E-05,35.829,0,2.3886,-3.356985E-07,35.829,0
2.3895,-3.054856E-05,35.8425,0,2.3895,-9.399558E-06,35.8425,0
2.3904,-5.706874E-06,35.856,0,2.3904,-1.779202E-05,35.856,0
2.3913,-1.577783E-05,35.8695,0,2.3913,-3.424125E-05,35.8695,0
2.3922,-1.074235E-05,35.883,0,2.3922,-1.208515E-05,35.883,0
2.3931,2.047761E-05,35.8965,0,2.3931,1.678492E-05,35.8965,0
2.394,1.443504E-05,35.91,0,2.394,0,35.91,0
2.3949,8.392462E-06,35.9235,0,2.3949,-2.383459E-05,35.9235,0
2.3958,2.417029E-05,35.937,0,2.3958,1.342794E-05,35.937,0
2.3967,-1.342794E-06,35.9505,0,2.3967,2.081331E-05,35.9505,0
2.3976,4.36408E-06,35.964,0,2.3976,-6.210422E-05,35.964,0
2.3985,-1.309224E-05,35.9775,0,2.3985,-5.001907E-05,35.9775,0
2.3994,-2.24918E-05,35.991,0,2.3994,-2.18204E-05,35.991,0
2.4003,-3.424125E-05,36.0045,0,2.4003,-5.841154E-05,36.0045,0
2.4012,-4.867628E-05,36.018,0,2.4012,-6.74754E-05,36.018,0
2.4021,-4.33051E-05,36.0315,0,2.4021,1.779202E-05,36.0315,0
2.403,-4.666209E-05,36.045,0,2.403,2.450599E-05,36.045,0
2.4039,2.349889E-06,36.0585,0,2.4039,-2.21561E-05,36.0585,0
2.4048,1.577783E-05,36.072,0,2.4048,-4.46479E-05,36.072,0
2.4057,-2.18204E-05,36.0855,0,2.4057,-1.007095E-05,36.0855,0
2.4066,-1.275654E-05,36.099,0,2.4066,3.021286E-06,36.099,0
2.4075,-3.356985E-06,36.1125,0,2.4075,-2.652018E-05,36.1125,0
2.4084,5.035477E-06,36.126,0,2.4084,-3.659113E-05,36.126,0
2.4093,-3.356985E-06,36.1395,0,2.4093,0,36.1395,0
2.4102,-7.721065E-06,36.153,0,2.4102,-1.913481E-05,36.153,0
2.4111,-1.678492E-06,36.1665,0,2.4111,-5.471885E-05,36.1665,0
2.412,-4.028382E-06,36.18,0,2.412,-1.309224E-05,36.18,0
2.4129,1.846342E-05,36.1935,0,2.4129,-1.712062E-05,36.1935,0
2.4138,8.728161E-06,36.207,0,2.4138,-3.994812E-05,36.207,0
2.4147,6.713969E-07,36.2205,0,2.4147,-2.383459E-05,36.2205,0
2.4156,3.021286E-06,36.234,0,2.4156,5.035477E-06,36.234,0
2.4165,-8.392462E-06,36.2475,0,2.4165,-1.577783E-05,36.2475,0
2.4174,2.014191E-06,36.261,0,2.4174,-1.577783E-05,36.261,0
2.4183,8.728161E-06,36.2745,0,2.4183,-4.46479E-05,36.2745,0
2.4192,-6.378271E-06,36.288,0,2.4192,-3.994812E-05,36.288,0
2.4201,-4.061952E-05,36.3015,0,2.4201,-6.378271E-06,36.3015,0
2.421,-4.53193E-05,36.315,0,2.421,0,36.315,0
2.4219,-2.081331E-05,36.3285,0,2.4219,-3.793393E-05,36.3285,0
2.4228,-1.510643E-05,36.342,0,2.4228,-4.36408E-06,36.342,0
2.4237,6.713969E-07,36.3555,0,2.4237,-1.409934E-05,36.3555,0
2.4246,1.342794E-05,36.369,0,2.4246,-4.867628E-05,36.369,0
2.4255,2.349889E-06,36.3825,0,2.4255,7.721065E-06,36.3825,0
2.4264,2.24918E-05,36.396,0,2.4264,-3.021286E-06,36.396,0
2.4273,2.786297E-05,36.4095,0,2.4273,-3.524834E-05,36.4095,0
2.4282,-4.599069E-05,36.423,0,2.4282,-3.793393E-05,36.423,0
2.4291,-6.6804E-05,36.4365,0,2.4291,-1.007095E-05,36.4365,0
2.43,-1.779202E-05,36.45,0,2.43,-5.706874E-06,36.45,0
2.4309,-6.713969E-07,36.4635,0,2.4309,-1.577783E-05,36.4635,0
2.4318,3.356985E-07,36.477,0,2.4318,-2.349889E-05,36.477,0
2.4327,-1.678492E-05,36.4905,0,2.4327,-2.1149E-05,36.4905,0
2.4336,-4.565499E-05,36.504,0,2.4336,-3.961242E-05,36.504,0
2.4345,-5.270466E-05,36.5175,0,2.4345,-4.263371E-05,36.5175,0
2.4354,3.356985E-07,36.531,0,2.4354,-5.404745E-05,36.531,0
2.4363,-5.035477E-06,36.5445,0,2.4363,-2.517739E-05,36.5445,0
2.4372,1.107805E-05,36.558,0,2.4372,-2.1149E-05,36.558,0
2.4381,4.733349E-05,36.5715,0,2.4381,-5.236896E-05,36.5715,0
2.439,3.424125E-05,36.585,0,2.439,-1.510643E-05,36.585,0
2.4399,1.577783E-05,36.5985,0,2.4399,3.021286E-06,36.5985,0
2.4408,2.383459E-05,36.612,0,2.4408,-2.450599E-05,36.612,0
2.4417,4.46479E-05,36.6255,0,2.4417,7.049668E-06,36.6255,0
2.4426,2.014191E-05,36.639,0,2.4426,2.551309E-05,36.639,0
2.4435,2.719158E-05,36.6525,0,2.4435,1.577783E-05,36.6525,0
2.4444,1.376364E-05,36.666,0,2.4444,1.007095E-05,36.666,0
2.4453,-6.378271E-06,36.6795,0,2.4453,-1.980621E-05,36.6795,0
2.4462,-9.063859E-06,36.693,0,2.4462,-1.107805E-05,36.693,0
2.4471,-2.618448E-05,36.7065,0,2.4471,-2.014191E-06,36.7065,0
2.448,-3.121996E-05,36.72,0,2.448,-1.275654E-05,36.72,0
2.4489,-2.383459E-05,36.7335,0,2.4489,-2.786297E-05,36.7335,0
2.4498,-1.712062E-05,36.747,0,2.4498,1.812772E-05,36.747,0
2.4507,-4.36408E-06,36.7605,0,2.4507,-5.706874E-06,36.7605,0
2.4516,-2.014191E-05,36.774,0,2.4516,-5.706874E-05,36.774,0
2.4525,-4.33051E-05,36.7875,0,2.4525,-2.652018E-05,36.7875,0
2.4534,3.356985E-07,36.801,0,2.4534,1.510643E-05,36.801,0
2.4543,-5.035477E-06,36.8145,0,2.4543,-1.712062E-05,36.8145,0
2.4552,-3.927672E-05,36.828,0,2.4552,-3.961242E-05,36.828,0
2.4561,-3.524834E-05,36.8415,0,2.4561,-4.43122E-05,36.8415,0
2.457,-1.309224E-05,36.855,0,2.457,-1.644922E-05,36.855,0
2.4579,1.678492E-06,36.8685,0,2.4579,-1.644922E-05,36.8685,0
2.4588,5.035477E-06,36.882,0,2.4588,-3.591974E-05,36.882,0
2.4597,7.049668E-06,36.8955,0,2.4597,-2.014191E-06,36.8955,0
2.4606,3.256275E-05,36.909,0,2.4606,-3.356985E-07,36.909,0
2.4615,1.712062E-05,36.9225,0,2.4615,-2.987716E-05,36.9225,0
2.4624,2.786297E-05,36.936,0,2.4624,-4.934768E-05,36.936,0
2.4633,-5.706874E-06,36.9495,0,2.4633,-1.443504E-05,36.9495,0
2.4642,-1.174945E-05,36.963,0,2.4642,-1.309224E-05,36.963,0
2.4651,1.712062E-05,36.9765,0,2.4651,-4.800488E-05,36.9765,0
2.466,3.692683E-06,36.99,0,2.466,-2.685588E-06,36.99,0
2.4669,-2.920577E-05,37.0035,0,2.4669,-3.356985E-06,37.0035,0
2.4678,-2.719158E-05,37.017,0,2.4678,-4.162661E-05,37.017,0
2.4687,-2.652018E-05,37.0305,0,2.4687,-2.484169E-05,37.0305,0
2.4696,-3.491264E-05,37.044,0,2.4696,-5.706874E-06,37.044,0
2.4705,-2.417029E-05,37.0575,0,2.4705,-3.793393E-05,37.0575,0
2.4714,-3.692683E-05,37.071,0,2.4714,-3.390555E-05,37.071,0
2.4723,-1.510643E-05,37.0845,0,2.4723,-4.129091E-05,37.0845,0
2.4732,2.047761E-05,37.098,0,2.4732,6.042573E-06,37.098,0
2.4741,6.378271E-06,37.1115,0,2.4741,3.692683E-06,37.1115,0
2.475,2.652018E-05,37.125,0,2.475,-3.121996E-05,37.125,0
2.4759,1.577783E-05,37.1385,0,2.4759,-3.927672E-05,37.1385,0
2.4768,-1.443504E-05,37.152,0,2.4768,-6.713969E-07,37.152,0
2.4777,-2.752728E-05,37.1655,0,2.4777,3.356985E-07,37.1655,0
2.4786,3.356985E-07,37.179,0,2.4786,-6.009003E-05,37.179,0
2.4795,7.385367E-06,37.1925,0,2.4795,-1.242084E-05,37.1925,0
2.4804,-2.349889E-05,37.206,0,2.4804,1.309224E-05,37.206,0
2.4813,-1.644922E-05,37.2195,0,2.4813,-3.054856E-05,37.2195,0
2.4822,4.699779E-06,37.233,0,2.4822,-1.107805E-05,37.233,0
2.4831,-4.43122E-05,37.2465,0,2.4831,7.721065E-06,37.2465,0
2.484,-4.229801E-05,37.26,0,2.484,-1.007095E-06,37.26,0
2.4849,-3.659113E-05,37.2735,0,2.4849,-1.678492E-05,37.2735,0
2.4858,-2.450599E-05,37.287,0,2.4858,-2.954147E-05,37.287,0
2.4867,-1.947051E-05,37.3005,0,2.4867,-2.316319E-05,37.3005,0
2.4876,-2.18204E-05,37.314,0,2.4876,-2.349889E-06,37.314,0
2.4885,-2.21561E-05,37.3275,0,2.4885,-2.853437E-05,37.3275,0
2.4894,-2.24918E-05,37.341,0,2.4894,-3.692683E-05,37.341,0
2.4903,-3.524834E-05,37.3545,0,2.4903,-1.007095E-05,37.3545,0
2.4912,-2.584878E-05,37.368,0,2.4912,-2.28275E-05,37.368,0
2.4921,3.659113E-05,37.3815,0,2.4921,-7.318227E-05,37.3815,0
2.493,3.323415E-05,37.395,0,2.493,-3.558404E-05,37.395,0
2.4939,8.728161E-06,37.4085,0,2.4939,-2.719158E-05,37.4085,0
2.4948,1.309224E-05,37.422,0,2.4948,-3.793393E-05,37.422,0
2.4957,2.316319E-05,37.4355,0,2.4957,-1.242084E-05,37.4355,0
2.4966,9.399558E-06,37.449,0,2.4966,2.786297E-05,37.449,0
2.4975,7.721065E-06,37.4625,0,2.4975,1.544213E-05,37.4625,0
2.4984,7.721065E-06,37.476,0,2.4984,-2.484169E-05,37.476,0
2.4993,-2.014191E-06,37.4895,0,2.4993,-4.43122E-05,37.4895,0
2.5002,6.713969E-07,37.503,0,2.5002,-9.735256E-06,37.503,0
2.5011,-3.994812E-05,37.5165,0,2.5011,3.692683E-05,37.5165,0
2.502,-3.793393E-05,37.53,0,2.502,-2.987716E-05,37.53,0
2.5029,-2.887007E-05,37.5435,0,2.5029,-6.176852E-05,37.5435,0
2.5038,-3.356985E-05,37.557,0,2.5038,-2.349889E-06,37.557,0
2.5047,-2.920577E-05,37.5705,0,2.5047,1.846342E-05,37.5705,0
2.5056,-1.510643E-05,37.584,0,2.5056,-2.584878E-05,37.584,0
2.5065,-3.524834E-05,37.5975,0,2.5065,2.349889E-06,37.5975,0
2.5074,-1.007095E-06,37.611,0,2.5074,1.779202E-05,37.611,0
2.5083,4.129091E-05,37.6245,0,2.5083,-3.591974E-05,37.6245,0
2.5092,2.652018E-05,37.638,0,2.5092,-3.189136E-05,37.638,0
2.5101,2.28275E-05,37.6515,0,2.5101,-7.049668E-06,37.6515,0
2.511,1.779202E-05,37.665,0,2.511,-2.383459E-05,37.665,0
2.5119,5.035477E-06,37.6785,0,2.5119,-2.551309E-05,37.6785,0
2.5128,-2.450599E-05,37.692,0,2.5128,-3.726253E-05,37.692,0
2.5137,-4.36408E-05,37.7055,0,2.5137,-9.735256E-06,37.7055,0
2.5146,-6.042573E-05,37.719,0,2.5146,3.021286E-06,37.719,0
2.5155,-4.095522E-05,37.7325,0,2.5155,-2.1149E-05,37.7325,0
2.5164,1.007095E-06,37.746,0,2.5164,-2.853437E-05,37.746,0
2.5173,2.954147E-05,37.7595,0,2.5173,-1.275654E-05,37.7595,0
2.5182,2.383459E-05,37.773,0,2.5182,-2.752728E-05,37.773,0
2.5191,1.846342E-05,37.7865,0,2.5191,-5.404745E-05,37.7865,0
2.52,-3.356985E-06,37.8,0,2.52,-1.107805E-05,37.8,0
2.5209,-5.371176E-06,37.8135,0,2.5209,-2.047761E-05,37.8135,0
2.5218,1.309224E-05,37.827,0,2.5218,-4.39765E-05,37.827,0
2.5227,-3.021286E-06,37.8405,0,2.5227,-2.920577E-05,37.8405,0
2.5236,-1.947051E-05,37.854,0,2.5236,3.021286E-06,37.854,0
2.5245,-2.1149E-05,37.8675,0,2.5245,-2.685588E-06,37.8675,0
2.5254,-1.644922E-05,37.881,0,2.5254,-8.728161E-06,37.881,0
2.5263,-7.721065E-06,37.8945,0,2.5263,-3.894102E-05,37.8945,0
2.5272,-6.042573E-06,37.908,0,2.5272,-2.618448E-05,37.908,0
2.5281,7.721065E-06,37.9215,0,2.5281,-2.18204E-05,37.9215,0
2.529,-1.678492E-06,37.935,0,2.529,-4.129091E-05,37.935,0
2.5299,-7.049668E-06,37.9485,0,2.5299,-4.934768E-05,37.9485,0
2.5308,-7.385367E-06,37.962,0,2.5308,-4.699779E-06,37.962,0
2.5317,-1.040665E-05,37.9755,0,2.5317,-3.692683E-06,37.9755,0
2.5326,-1.409934E-05,37.989,0,2.5326,-6.143282E-05,37.989,0
2.5335,-8.392462E-06,38.0025,0,2.5335,-1.007095E-05,38.0025,0
2.5344,0,38.016,0,2.5344,1.477073E-05,38.016,0
2.5353,3.659113E-05,38.0295,0,2.5353,-1.846342E-05,38.0295,0
2.5362,7.049668E-05,38.043,0,2.5362,-6.713969E-06,38.043,0
2.5371,9.399558E-06,38.0565,0,2.5371,5.035477E-06,38.0565,0
2.538,-5.035477E-06,38.07,0,2.538,-6.378271E-06,38.07,0
2.5389,4.36408E-06,38.0835,0,2.5389,-1.913481E-05,38.0835,0
2.5398,1.174945E-05,38.097,0,2.5398,-4.733349E-05,38.097,0
2.5407,7.721065E-06,38.1105,0,2.5407,-4.33051E-05,38.1105,0
2.5416,-2.316319E-05,38.124,0,2.5416,-3.558404E-05,38.124,0
2.5425,-1.376364E-05,38.1375,0,2.5425,-3.524834E-05,38.1375,0
2.5434,-3.356985E-07,38.151,0,2.5434,-2.786297E-05,38.151,0
2.5443,-2.719158E-05,38.1645,0,2.5443,2.383459E-05,38.1645,0
2.5452,-2.047761E-05,38.178,0,2.5452,1.242084E-05,38.178,0
2.5461,3.356985E-07,38.1915,0,2.5461,-3.088426E-05,38.1915,0
2.547,-3.860533E-05,38.205,0,2.547,-5.035477E-06,38.205,0
2.5479,-6.210422E-05,38.2185,0,2.5479,1.007095E-06,38.2185,0
2.5488,-2.584878E-05,38.232,0,2.5488,-5.807584E-05,38.232,0
2.5497,-3.591974E-05,38.2455,0,2.5497,-6.54612E-05,38.2455,0
2.5506,-5.673304E-05,38.259,0,2.5506,-1.376364E-05,38.259,0
2.5515,-3.189136E-05,38.2725,0,2.5515,-8.728161E-06,38.2725,0
2.5524,4.36408E-06,38.286,0,2.5524,-9.735256E-06,38.286,0
2.5533,1.007095E-06,38.2995,0,2.5533,-3.390555E-05,38.2995,0
2.5542,1.510643E-05,38.313,0,2.5542,-1.611353E-05,38.313,0
2.5551,1.141375E-05,38.3265,0,2.5551,6.042573E-06,38.3265,0
2.556,-3.356985E-06,38.34,0,2.556,-2.987716E-05,38.34,0
2.5569,-1.644922E-05,38.3535,0,2.5569,-4.599069E-05,38.3535,0
2.5578,-7.049668E-06,38.367,0,2.5578,2.349889E-06,38.367,0
2.5587,-1.544213E-05,38.3805,0,2.5587,-2.047761E-05,38.3805,0
2.5596,-2.584878E-05,38.394,0,2.5596,-5.471885E-05,38.394,0
2.5605,-1.208515E-05,38.4075,0,2.5605,-5.706874E-06,38.4075,0
2.5614,9.063859E-06,38.421,0,2.5614,2.349889E-05,38.421,0
2.5623,-2.081331E-05,38.4345,0,2.5623,-2.987716E-05,38.4345,0
2.5632,-9.063859E-06,38.448,0,2.5632,-2.752728E-05,38.448,0
2.5641,-3.692683E-06,38.4615,0,2.5641,-1.007095E-06,38.4615,0
2.565,-1.409934E-05,38.475,0,2.565,-5.035477E-06,38.475,0
2.5659,7.721065E-06,38.4885,0,2.5659,-1.242084E-05,38.4885,0
2.5668,2.349889E-05,38.502,0,2.5668,-4.061952E-05,38.502,0
2.5677,1.678492E-06,38.5155,0,2.5677,-5.706874E-06,38.5155,0
2.5686,1.712062E-05,38.529,0,2.5686,2.652018E-05,38.529,0
2.5695,2.014191E-05,38.5425,0,2.5695,6.378271E-06,38.5425,0
2.5704,2.1149E-05,38.556,0,2.5704,-3.826963E-05,38.556,0
2.5713,-2.450599E-05,38.5695,0,2.5713,1.376364E-05,38.5695,0
2.5722,-2.24918E-05,38.583,0,2.5722,-4.36408E-06,38.583,0
2.5731,-5.706874E-06,38.5965,0,2.5731,-3.121996E-05,38.5965,0
2.574,-2.383459E-05,38.61,0,2.574,8.728161E-06,38.61,0
2.5749,-5.706874E-06,38.6235,0,2.5749,-6.713969E-07,38.6235,0
2.5758,1.745632E-05,38.637,0,2.5758,-4.33051E-05,38.637,0
2.5767,-1.040665E-05,38.6505,0,2.5767,-5.102617E-05,38.6505,0
2.5776,-9.399558E-06,38.664,0,2.5776,-2.047761E-05,38.664,0
2.5785,1.812772E-05,38.6775,0,2.5785,-2.18204E-05,38.6775,0
2.5794,1.275654E-05,38.691,0,2.5794,-1.644922E-05,38.691,0
2.5803,3.692683E-06,38.7045,0,2.5803,-4.46479E-05,38.7045,0
2.5812,-3.692683E-06,38.718,0,2.5812,-1.712062E-05,38.718,0
2.5821,-4.733349E-05,38.7315,0,2.5821,8.056763E-06,38.7315,0
2.583,-4.129091E-05,38.745,0,2.583,-2.987716E-05,38.745,0
2.5839,-2.28275E-05,38.7585,0,2.5839,-3.826963E-05,38.7585,0
2.5848,-4.867628E-05,38.772,0,2.5848,0,38.772,0
2.5857,-4.46479E-05,38.7855,0,2.5857,-6.713969E-06,38.7855,0
2.5866,3.021286E-06,38.799,0,2.5866,-5.136187E-05,38.799,0
2.5875,1.779202E-05,38.8125,0,2.5875,3.356985E-07,38.8125,0
2.5884,2.450599E-05,38.826,0,2.5884,5.035477E-06,38.826,0
2.5893,2.383459E-05,38.8395,0,2.5893,-4.834058E-05,38.8395,0
2.5902,3.726253E-05,38.853,0,2.5902,-3.323415E-05,38.853,0
2.5911,-4.36408E-06,38.8665,0,2.5911,-1.644922E-05,38.8665,0
2.592,1.007095E-06,38.88,0,2.592,-1.913481E-05,38.88,0
2.5929,3.021286E-06,38.8935,0,2.5929,-3.860533E-05,38.8935,0
2.5938,-1.712062E-05,38.907,0,2.5938,-3.021286E-05,38.907,0
2.5947,-1.443504E-05,38.9205,0,2.5947,-1.745632E-05,38.9205,0
2.5956,-3.356985E-06,38.934,0,2.5956,-2.887007E-05,38.934,0
2.5965,1.678492E-06,38.9475,0,2.5965,-5.539025E-05,38.9475,0
2.5974,0,38.961,0,2.5974,-6.143282E-05,38.961,0
2.5983,-3.256275E-05,38.9745,0,2.5983,-3.021286E-06,38.9745,0
2.5992,-4.733349E-05,38.988,0,2.5992,3.894102E-05,38.988,0
2.6001,-1.007095E-06,39.0015,0,2.6001,-1.779202E-05,39.0015,0
2.601,-7.721065E-06,39.015,0,2.601,1.174945E-05,39.015,0
2.6019,-1.913481E-05,39.0285,0,2.6019,-1.510643E-05,39.0285,0
2.6028,-1.107805E-05,39.042,0,2.6028,-7.553216E-05,39.042,0
2.6037,7.721065E-06,39.0555,0,2.6037,-7.284657E-05,39.0555,0
2.6046,-6.042573E-06,39.069,0,2.6046,-3.256275E-05,39.069,0
2.6055,3.356985E-06,39.0825,0,2.6055,-1.913481E-05,39.0825,0
2.6064,1.342794E-05,39.096,0,2.6064,-1.611353E-05,39.096,0
2.6073,2.618448E-05,39.1095,0,2.6073,7.049668E-06,39.1095,0
2.6082,-3.356985E-07,39.123,0,2.6082,4.565499E-05,39.123,0
2.6091,-1.644922E-05,39.1365,0,2.6091,1.309224E-05,39.1365,0
2.61,-4.028382E-06,39.15,0,2.61,-2.584878E-05,39.15,0
2.6109,-3.289845E-05,39.1635,0,2.6109,-3.793393E-05,39.1635,0
2.6118,-9.063859E-06,39.177,0,2.6118,5.706874E-06,39.177,0
2.6127,-8.728161E-06,39.1905,0,2.6127,-1.107805E-05,39.1905,0
2.6136,-1.174945E-05,39.204,0,2.6136,-6.277562E-05,39.204,0
2.6145,-2.719158E-05,39.2175,0,2.6145,-9.735256E-06,39.2175,0
2.6154,-1.712062E-05,39.231,0,2.6154,1.712062E-05,39.231,0
2.6163,-1.577783E-05,39.2445,0,2.6163,-1.846342E-05,39.2445,0
2.6172,-4.33051E-05,39.258,0,2.6172,4.028382E-06,39.258,0
2.6181,-4.36408E-05,39.2715,0,2.6181,1.745632E-05,39.2715,0
2.619,-3.424125E-05,39.285,0,2.619,-2.349889E-06,39.285,0
2.6199,-2.786297E-05,39.2985,0,2.6199,-1.846342E-05,39.2985,0
2.6208,3.054856E-05,39.312,0,2.6208,-2.819867E-05,39.312,0
2.6217,2.24918E-05,39.3255,0,2.6217,-3.155566E-05,39.3255,0
2.6226,3.121996E-05,39.339,0,2.6226,-5.001907E-05,39.339,0
2.6235,2.014191E-05,39.3525,0,2.6235,-4.834058E-05,39.3525,0
2.6244,1.007095E-05,39.366,0,2.6244,-5.169757E-05,39.366,0
2.6253,-1.376364E-05,39.3795,0,2.6253,-9.063859E-06,39.3795,0
2.6262,-4.36408E-06,39.393,0,2.6262,-1.510643E-05,39.393,0
2.6271,4.229801E-05,39.4065,0,2.6271,-5.404745E-05,39.4065,0
2.628,1.712062E-05,39.42,0,2.628,-8.392462E-06,39.42,0
2.6289,-1.678492E-05,39.4335,0,2.6289,1.007095E-06,39.4335,0
2.6298,-2.21561E-05,39.447,0,2.6298,-2.987716E-05,39.447,0
2.6307,-2.316319E-05,39.4605,0,2.6307,-4.095522E-05,39.4605,0
2.6316,-4.901198E-05,39.474,0,2.6316,-1.947051E-05,39.474,0
2.6325,-2.987716E-05,39.4875,0,2.6325,-1.443504E-05,39.4875,0
2.6334,-3.356985E-07,39.501,0,2.6334,-5.035477E-06,39.501,0
2.6343,7.721065E-06,39.5145,0,2.6343,-1.510643E-05,39.5145,0
2.6352,3.356985E-07,39.528,0,2.6352,4.699779E-06,39.528,0
2.6361,2.349889E-06,39.5415,0,2.6361,3.054856E-05,39.5415,0
2.637,-1.913481E-05,39.555,0,2.637,-1.107805E-05,39.555,0
2.6379,-5.706874E-06,39.5685,0,2.6379,-4.39765E-05,39.5685,0
2.6388,-7.049668E-06,39.582,0,2.6388,-1.107805E-05,39.582,0
2.6397,-2.719158E-05,39.5955,0,2.6397,-4.061952E-05,39.5955,0
2.6406,-1.644922E-05,39.609,0,2.6406,-6.78111E-05,39.609,0
2.6415,6.378271E-06,39.6225,0,2.6415,5.035477E-06,39.6225,0
2.6424,6.042573E-06,39.636,0,2.6424,2.349889E-06,39.636,0
2.6433,-2.450599E-05,39.6495,0,2.6433,-3.457694E-05,39.6495,0
2.6442,-1.712062E-05,39.663,0,2.6442,-2.383459E-05,39.663,0
2.6451,-2.21561E-05,39.6765,0,2.6451,6.378271E-06,39.6765,0
2.646,-2.652018E-05,39.69,0,2.646,-1.913481E-05,39.69,0
2.6469,-1.275654E-05,39.7035,0,2.6469,-2.450599E-05,39.7035,0
2.6478,1.712062E-05,39.717,0,2.6478,-2.551309E-05,39.717,0
2.6487,2.1149E-05,39.7305,0,2.6487,-7.721065E-06,39.7305,0
2.6496,-3.424125E-05,39.744,0,2.6496,-1.779202E-05,39.744,0
2.6505,-5.169757E-05,39.7575,0,2.6505,-3.189136E-05,39.7575,0
2.6514,-3.256275E-05,39.771,0,2.6514,-3.826963E-05,39.771,0
2.6523,3.356985E-07,39.7845,0,2.6523,-1.745632E-05,39.7845,0
2.6532,2.383459E-05,39.798,0,2.6532,-6.042573E-06,39.798,0
2.6541,5.673304E-05,39.8115,0,2.6541,-4.39765E-05,39.8115,0
2.655,2.450599E-05,39.825,0,2.655,3.356985E-07,39.825,0
2.6559,2.047761E-05,39.8385,0,2.6559,1.141375E-05,39.8385,0
2.6568,2.786297E-05,39.852,0,2.6568,-3.390555E-05,39.852,0
2.6577,1.577783E-05,39.8655,0,2.6577,-2.081331E-05,39.8655,0
2.6586,-4.36408E-06,39.879,0,2.6586,-2.014191E-06,39.879,0
2.6595,7.721065E-06,39.8925,0,2.6595,-8.728161E-06,39.8925,0
2.6604,-7.049668E-06,39.906,0,2.6604,-8.056763E-06,39.906,0
2.6613,-9.735256E-06,39.9195,0,2.6613,-2.719158E-05,39.9195,0
2.6622,1.913481E-05,39.933,0,2.6622,-7.049668E-06,39.933,0
2.6631,-3.021286E-06,39.9465,0,2.6631,1.712062E-05,39.9465,0
2.664,-1.477073E-05,39.96,0,2.664,-2.21561E-05,39.96,0
2.6649,8.728161E-06,39.9735,0,2.6649,-3.390555E-05,39.9735,0
2.6658,0,39.987,0,2.6658,1.510643E-05,39.987,0
2.6667,-1.107805E-05,40.0005,0,2.6667,-3.692683E-06,40.0005,0
2.6676,-2.349889E-06,40.014,0,2.6676,-4.229801E-05,40.014,0
2.6685,-1.712062E-05,40.0275,0,2.6685,-2.014191E-06,40.0275,0
2.6694,-3.390555E-05,40.041,0,2.6694,2.349889E-06,40.041,0
2.6703,-2.584878E-05,40.0545,0,2.6703,-4.800488E-05,40.0545,0
2.6712,1.409934E-05,40.068,0,2.6712,-4.33051E-05,40.068,0
2.6721,-2.652018E-05,40.0815,0,2.6721,-2.450599E-05,40.0815,0
2.673,-1.577783E-05,40.095,0,2.673,-3.457694E-05,40.095,0
2.6739,1.846342E-05,40.1085,0,2.6739,-3.424125E-05,40.1085,0
2.6748,-4.028382E-06,40.122,0,2.6748,-5.136187E-05,40.122,0
2.6757,-1.376364E-05,40.1355,0,2.6757,-2.24918E-05,40.1355,0
2.6766,-4.565499E-05,40.149,0,2.6766,-1.007095E-06,40.149,0
2.6775,-4.599069E-05,40.1625,0,2.6775,-1.510643E-05,40.1625,0
2.6784,-4.800488E-05,40.176,0,2.6784,-4.968337E-05,40.176,0
2.6793,-2.853437E-05,40.1895,0,2.6793,-4.699779E-06,40.1895,0
2.6802,-3.021286E-06,40.203,0,2.6802,-8.392462E-06,40.203,0
2.6811,-4.53193E-05,40.2165,0,2.6811,-4.800488E-05,40.2165,0
2.682,-4.061952E-05,40.23,0,2.682,-4.36408E-06,40.23,0
2.6829,2.316319E-05,40.2435,0,2.6829,3.323415E-05,40.2435,0
2.6838,1.141375E-05,40.257,0,2.6838,1.678492E-06,40.257,0
2.6847,-2.484169E-05,40.2705,0,2.6847,-2.484169E-05,40.2705,0
2.6856,-3.155566E-05,40.284,0,2.6856,-3.356985E-06,40.284,0
2.6865,-2.450599E-05,40.2975,0,2.6865,-2.18204E-05,40.2975,0
2.6874,-7.049668E-06,40.311,0,2.6874,-4.901198E-05,40.311,0
2.6883,1.040665E-05,40.3245,0,2.6883,-5.404745E-05,40.3245,0
2.6892,2.987716E-05,40.338,0,2.6892,3.021286E-06,40.338,0
2.6901,-1.779202E-05,40.3515,0,2.6901,-1.678492E-06,40.3515,0
2.691,-2.584878E-05,40.365,0,2.691,-3.726253E-05,40.365,0
2.6919,7.721065E-06,40.3785,0,2.6919,-4.53193E-05,40.3785,0
2.6928,1.007095E-06,40.392,0,2.6928,-3.356985E-06,40.392,0
2.6937,7.385367E-06,40.4055,0,2.6937,-4.699779E-06,40.4055,0
2.6946,6.042573E-06,40.419,0,2.6946,-4.968337E-05,40.419,0
2.6955,-3.356985E-05,40.4325,0,2.6955,-1.443504E-05,40.4325,0
2.6964,1.611353E-05,40.446,0,2.6964,-1.107805E-05,40.446,0
2.6973,2.652018E-05,40.4595,0,2.6973,-8.493171E-05,40.4595,0
2.6982,2.484169E-05,40.473,0,2.6982,-7.956054E-05,40.473,0
2.6991,-6.713969E-06,40.4865,0,2.6991,-3.927672E-05,40.4865,0
2.7,6.713969E-07,40.5,0,2.7,-9.399558E-06,40.5,0
2.7009,2.685588E-05,40.5135,0,2.7009,5.606165E-05,40.5135,0
2.7018,9.063859E-06,40.527,0,2.7018,3.524834E-05,40.527,0
2.7027,2.349889E-06,40.5405,0,2.7027,3.021286E-06,40.5405,0
2.7036,3.356985E-07,40.554,0,2.7036,2.383459E-05,40.554,0
2.7045,-1.309224E-05,40.5675,0,2.7045,-4.028382E-06,40.5675,0
2.7054,-1.443504E-05,40.581,0,2.7054,-3.524834E-05,40.581,0
2.7063,-1.846342E-05,40.5945,0,2.7063,-6.713969E-07,40.5945,0
2.7072,-2.349889E-05,40.608,0,2.7072,-1.510643E-05,40.608,0
2.7081,-1.544213E-05,40.6215,0,2.7081,-5.203327E-05,40.6215,0
2.709,1.544213E-05,40.635,0,2.709,-7.721065E-06,40.635,0
2.7099,3.021286E-06,40.6485,0,2.7099,-8.392462E-06,40.6485,0
2.7108,-2.24918E-05,40.662,0,2.7108,-3.524834E-05,40.662,0
2.7117,3.524834E-05,40.6755,0,2.7117,1.376364E-05,40.6755,0
2.7126,6.713969E-06,40.689,0,2.7126,-1.007095E-06,40.689,0
2.7135,-8.056763E-06,40.7025,0,2.7135,-2.349889E-05,40.7025,0
2.7144,-4.36408E-06,40.716,0,2.7144,-2.987716E-05,40.716,0
2.7153,4.36408E-06,40.7295,0,2.7153,-4.46479E-05,40.7295,0
2.7162,-2.21561E-05,40.743,0,2.7162,-2.383459E-05,40.743,0
2.7171,-2.047761E-05,40.7565,0,2.7171,-5.035477E-06,40.7565,0
2.718,-1.443504E-05,40.77,0,2.718,-3.390555E-05,40.77,0
2.7189,-2.484169E-05,40.7835,0,2.7189,-4.934768E-05,40.7835,0
2.7198,-2.618448E-05,40.797,0,2.7198,-6.378271E-06,40.797,0
2.7207,-1.712062E-05,40.8105,0,2.7207,-7.721065E-06,40.8105,0
2.7216,-8.392462E-06,40.824,0,2.7216,-5.404745E-05,40.824,0
2.7225,-6.378271E-06,40.8375,0,2.7225,-4.028382E-06,40.8375,0
2.7234,-9.063859E-06,40.851,0,2.7234,-4.699779E-06,40.851,0
2.7243,-1.510643E-05,40.8645,0,2.7243,-4.599069E-05,40.8645,0
2.7252,-3.054856E-05,40.878,0,2.7252,-3.121996E-05,40.878,0
2.7261,-3.591974E-05,40.8915,0,2.7261,-5.706874E-06,40.8915,0
2.727,-2.24918E-05,40.905,0,2.727,-9.063859E-06,40.905,0
2.7279,-1.779202E-05,40.9185,0,2.7279,5.035477E-06,40.9185,0
2.7288,3.356985E-07,40.932,0,2.7288,-1.242084E-05,40.932,0
2.7297,-1.174945E-05,40.9455,0,2.7297,-3.021286E-06,40.9455,0
2.7306,-3.021286E-06,40.959,0,2.7306,-1.107805E-05,40.959,0
2.7315,1.007095E-05,40.9725,0,2.7315,-3.491264E-05,40.9725,0
2.7324,1.980621E-05,40.986,0,2.7324,-4.33051E-05,40.986,0
2.7333,-2.450599E-05,40.9995,0,2.7333,-3.793393E-05,40.9995,0
2.7342,-8.392462E-06,41.013,0,2.7342,-1.040665E-05,41.013,0
2.7351,1.342794E-06,41.0265,0,2.7351,-3.424125E-05,41.0265,0
2.736,5.035477E-06,41.04,0,2.736,-1.779202E-05,41.04,0
2.7369,-1.376364E-05,41.0535,0,2.7369,-2.24918E-05,41.0535,0
2.7378,-2.954147E-05,41.067,0,2.7378,-3.927672E-05,41.067,0
2.7387,-5.539025E-05,41.0805,0,2.7387,-2.18204E-05,41.0805,0
2.7396,-6.6804E-05,41.094,0,2.7396,3.692683E-06,41.094,0
2.7405,-1.242084E-05,41.1075,0,2.7405,-3.356985E-07,41.1075,0
2.7414,3.021286E-06,41.121,0,2.7414,1.678492E-06,41.121,0
2.7423,1.443504E-05,41.1345,0,2.7423,-3.457694E-05,41.1345,0
2.7432,3.659113E-05,41.148,0,2.7432,-2.719158E-05,41.148,0
2.7441,4.129091E-05,41.1615,0,2.7441,-1.208515E-05,41.1615,0
2.745,2.316319E-05,41.175,0,2.745,-3.524834E-05,41.175,0
2.7459,1.846342E-05,41.1885,0,2.7459,-4.632639E-05,41.1885,0
2.7468,-6.713969E-06,41.202,0,2.7468,-8.392462E-06,41.202,0
2.7477,1.007095E-06,41.2155,0,2.7477,-1.443504E-05,41.2155,0
2.7486,1.409934E-05,41.229,0,2.7486,-4.733349E-05,41.229,0
2.7495,-6.042573E-06,41.2425,0,2.7495,-3.021286E-06,41.2425,0
2.7504,-1.712062E-05,41.256,0,2.7504,-2.349889E-06,41.256,0
2.7513,2.349889E-06,41.2695,0,2.7513,-2.450599E-05,41.2695,0
2.7522,-1.409934E-05,41.283,0,2.7522,-6.378271E-06,41.283,0
2.7531,-1.779202E-05,41.2965,0,2.7531,1.678492E-05,41.2965,0
2.754,-2.887007E-05,41.31,0,2.754,-2.349889E-06,41.31,0
2.7549,-2.18204E-05,41.3235,0,2.7549,-1.309224E-05,41.3235,0
2.7558,-1.678492E-06,41.337,0,2.7558,-2.719158E-05,41.337,0
2.7567,1.342794E-06,41.3505,0,2.7567,-2.014191E-05,41.3505,0
2.7576,8.728161E-06,41.364,0,2.7576,-1.208515E-05,41.364,0
2.7585,-1.107805E-05,41.3775,0,2.7585,-1.544213E-05,41.3775,0
2.7594,5.035477E-06,41.391,0,2.7594,-2.28275E-05,41.391,0
2.7603,-2.450599E-05,41.4045,0,2.7603,-4.028382E-06,41.4045,0
2.7612,-2.081331E-05,41.418,0,2.7612,-3.356985E-06,41.418,0
2.7621,2.24918E-05,41.4315,0,2.7621,-5.203327E-05,41.4315,0
2.763,-8.728161E-06,41.445,0,2.763,-2.719158E-05,41.445,0
2.7639,-4.43122E-05,41.4585,0,2.7639,-2.618448E-05,41.4585,0
2.7648,-3.256275E-05,41.472,0,2.7648,-4.599069E-05,41.472,0
2.7657,3.356985E-07,41.4855,0,2.7657,-2.584878E-05,41.4855,0
2.7666,-4.699779E-06,41.499,0,2.7666,-1.342794E-05,41.499,0
2.7675,-6.378271E-06,41.5125,0,2.7675,-1.913481E-05,41.5125,0
2.7684,1.141375E-05,41.526,0,2.7684,-1.913481E-05,41.526,0
2.7693,4.39765E-05,41.5395,0,2.7693,-4.49836E-05,41.5395,0
2.7702,2.081331E-05,41.553,0,2.7702,-2.517739E-05,41.553,0
2.7711,-1.376364E-05,41.5665,0,2.7711,1.040665E-05,41.5665,0
2.772,-9.399558E-06,41.58,0,2.772,-9.063859E-06,41.58,0
2.7729,-2.685588E-06,41.5935,0,2.7729,-3.289845E-05,41.5935,0
2.7738,-1.510643E-05,41.607,0,2.7738,2.349889E-06,41.607,0
2.7747,1.007095E-05,41.6205,0,2.7747,-1.577783E-05,41.6205,0
2.7756,3.591974E-05,41.634,0,2.7756,-5.404745E-05,41.634,0
2.7765,1.040665E-05,41.6475,0,2.7765,-8.392462E-06,41.6475,0
2.7774,-2.18204E-05,41.661,0,2.7774,3.356985E-07,41.661,0
2.7783,-5.706874E-06,41.6745,0,2.7783,-4.565499E-05,41.6745,0
2.7792,1.577783E-05,41.688,0,2.7792,-3.793393E-05,41.688,0
2.7801,-1.846342E-05,41.7015,0,2.7801,-7.721065E-06,41.7015,0
2.781,-1.779202E-05,41.715,0,2.781,-1.141375E-05,41.715,0
2.7819,-3.189136E-05,41.7285,0,2.7819,1.947051E-05,41.7285,0
2.7828,-2.1149E-05,41.742,0,2.7828,-2.316319E-05,41.742,0
2.7837,-2.24918E-05,41.7555,0,2.7837,-5.102617E-05,41.7555,0
2.7846,-3.591974E-05,41.769,0,2.7846,-2.887007E-05,41.769,0
2.7855,-2.786297E-05,41.7825,0,2.7855,-2.21561E-05,41.7825,0
2.7864,-1.309224E-05,41.796,0,2.7864,-3.424125E-05,41.796,0
2.7873,-4.095522E-05,41.8095,0,2.7873,3.356985E-06,41.8095,0
2.7882,-3.793393E-05,41.823,0,2.7882,-1.007095E-06,41.823,0
2.7891,-1.846342E-05,41.8365,0,2.7891,-3.457694E-05,41.8365,0
2.79,-1.107805E-05,41.85,0,2.79,-6.042573E-06,41.85,0
2.7909,9.399558E-06,41.8635,0,2.7909,1.678492E-06,41.8635,0
2.7918,6.713969E-06,41.877,0,2.7918,-2.853437E-05,41.877,0
2.7927,3.793393E-05,41.8905,0,2.7927,-2.484169E-05,41.8905,0
2.7936,-2.349889E-06,41.904,0,2.7936,-1.007095E-06,41.904,0
2.7945,-6.378271E-06,41.9175,0,2.7945,-2.685588E-06,41.9175,0
2.7954,-8.392462E-06,41.931,0,2.7954,-3.021286E-06,41.931,0
2.7963,1.443504E-05,41.9445,0,2.7963,-2.21561E-05,41.9445,0
2.7972,7.049668E-06,41.958,0,2.7972,1.007095E-06,41.958,0
2.7981,-4.162661E-05,41.9715,0,2.7981,1.309224E-05,41.9715,0
2.799,-6.378271E-06,41.985,0,2.799,-1.376364E-05,41.985,0
2.7999,-1.107805E-05,41.9985,0,2.7999,-3.189136E-05,41.9985,0
2.8008,-1.644922E-05,42.012,0,2.8008,1.040665E-05,42.012,0
2.8017,1.309224E-05,42.0255,0,2.8017,-5.706874E-06,42.0255,0
2.8026,-6.713969E-06,42.039,0,2.8026,-5.639734E-05,42.039,0
2.8035,-2.853437E-05,42.0525,0,2.8035,-1.409934E-05,42.0525,0
2.8044,7.049668E-06,42.066,0,2.8044,-6.713969E-06,42.066,0
2.8053,-1.007095E-06,42.0795,0,2.8053,-5.874724E-05,42.0795,0
2.8062,-1.040665E-05,42.093,0,2.8062,-2.987716E-05,42.093,0
2.8071,-5.706874E-06,42.1065,0,2.8071,3.356985E-07,42.1065,0
2.808,-3.356985E-07,42.12,0,2.808,-2.18204E-05,42.12,0
2.8089,-1.510643E-05,42.1335,0,2.8089,-1.644922E-05,42.1335,0
2.8098,1.577783E-05,42.147,0,2.8098,-4.263371E-05,42.147,0
2.8107,2.987716E-05,42.1605,0,2.8107,-2.987716E-05,42.1605,0
2.8116,-1.376364E-05,42.174,0,2.8116,-1.141375E-05,42.174,0
2.8125,-3.088426E-05,42.1875,0,2.8125,-3.793393E-05,42.1875,0
2.8134,-6.713969E-07,42.201,0,2.8134,-4.39765E-05,42.201,0
2.8143,-2.081331E-05,42.2145,0,2.8143,-1.107805E-05,42.2145,0
2.8152,-2.047761E-05,42.228,0,2.8152,-4.699779E-06,42.228,0
2.8161,1.040665E-05,42.2415,0,2.8161,-1.980621E-05,42.2415,0
2.817,1.409934E-05,42.255,0,2.817,1.846342E-05,42.255,0
2.8179,1.678492E-06,42.2685,0,2.8179,-1.477073E-05,42.2685,0
2.8188,-1.174945E-05,42.282,0,2.8188,-7.217517E-05,42.282,0
2.8197,-7.049668E-06,42.2955,0,2.8197,-4.095522E-05,42.2955,0
2.8206,-5.169757E-05,42.309,0,2.8206,-3.088426E-05,42.309,0
2.8215,-4.39765E-05,42.3225,0,2.8215,-3.894102E-05,42.3225,0
2.8224,-6.713969E-07,42.336,0,2.8224,1.644922E-05,42.336,0
2.8233,3.524834E-05,42.3495,0,2.8233,2.047761E-05,42.3495,0
2.8242,3.323415E-05,42.363,0,2.8242,-1.745632E-05,42.363,0
2.8251,7.049668E-06,42.3765,0,2.8251,-1.678492E-06,42.3765,0
2.826,-1.242084E-05,42.39,0,2.826,-3.189136E-05,42.39,0
2.8269,4.36408E-06,42.4035,0,2.8269,-4.766919E-05,42.4035,0
2.8278,9.063859E-06,42.417,0,2.8278,7.721065E-06,42.417,0
2.8287,6.713969E-07,42.4305,0,2.8287,-7.721065E-06,42.4305,0
2.8296,1.812772E-05,42.444,0,2.8296,-4.46479E-05,42.444,0
2.8305,1.376364E-05,42.4575,0,2.8305,-9.063859E-06,42.4575,0
2.8314,2.752728E-05,42.471,0,2.8314,-5.035477E-06,42.471,0
2.8323,3.356985E-07,42.4845,0,2.8323,-4.129091E-05,42.4845,0
2.8332,-6.042573E-06,42.498,0,2.8332,-1.544213E-05,42.498,0
2.8341,-2.719158E-05,42.5115,0,2.8341,-9.063859E-06,42.5115,0
2.835,-2.24918E-05,42.525,0,2.835,-1.779202E-05,42.525,0
2.8359,2.349889E-06,42.5385,0,2.8359,-1.242084E-05,42.5385,0
2.8368,-2.014191E-06,42.552,0,2.8368,-3.390555E-05,42.552,0
2.8377,-3.457694E-05,42.5655,0,2.8377,-1.644922E-05,42.5655,0
2.8386,-6.411841E-05,42.579,0,2.8386,9.735256E-06,42.579,0
2.8395,-4.599069E-05,42.5925,0,2.8395,-2.18204E-05,42.5925,0
2.8404,-3.591974E-05,42.606,0,2.8404,-4.33051E-05,42.606,0
2.8413,-2.316319E-05,42.6195,0,2.8413,-1.376364E-05,42.6195,0
2.8422,-3.021286E-06,42.633,0,2.8422,-1.779202E-05,42.633,0
2.8431,1.040665E-05,42.6465,0,2.8431,-3.894102E-05,42.6465,0
2.844,-4.33051E-05,42.66,0,2.844,8.392462E-06,42.66,0
2.8449,-2.853437E-05,42.6735,0,2.8449,1.779202E-05,42.6735,0
2.8458,3.256275E-05,42.687,0,2.8458,-7.385367E-06,42.687,0
2.8467,-9.063859E-06,42.7005,0,2.8467,-4.196231E-05,42.7005,0
2.8476,-4.36408E-06,42.714,0,2.8476,-3.457694E-05,42.714,0
2.8485,1.712062E-05,42.7275,0,2.8485,-4.565499E-05,42.7275,0
2.8494,4.699779E-06,42.741,0,2.8494,-6.51255E-05,42.741,0
2.8503,3.692683E-06,42.7545,0,2.8503,-6.61326E-05,42.7545,0
2.8512,1.846342E-05,42.768,0,2.8512,5.035477E-06,42.768,0
2.8521,2.081331E-05,42.7815,0,2.8521,3.894102E-05,42.7815,0
2.853,1.309224E-05,42.795,0,2.853,-1.510643E-05,42.795,0
2.8539,1.980621E-05,42.8085,0,2.8539,-3.323415E-05,42.8085,0
2.8548,6.713969E-07,42.822,0,2.8548,7.385367E-06,42.822,0
2.8557,-7.721065E-06,42.8355,0,2.8557,-6.713969E-07,42.8355,0
2.8566,7.721065E-06,42.849,0,2.8566,-3.524834E-05,42.849,0
2.8575,-9.735256E-06,42.8625,0,2.8575,7.721065E-06,42.8625,0
2.8584,-2.887007E-05,42.876,0,2.8584,-1.409934E-05,42.876,0
2.8593,-1.980621E-05,42.8895,0,2.8593,-3.659113E-05,42.8895,0
2.8602,-5.505455E-05,42.903,0,2.8602,-2.047761E-05,42.903,0
2.8611,-6.78111E-05,42.9165,0,2.8611,1.812772E-05,42.9165,0
2.862,-4.43122E-05,42.93,0,2.862,-4.028382E-06,42.93,0
2.8629,-3.323415E-05,42.9435,0,2.8629,-2.081331E-05,42.9435,0
2.8638,-4.36408E-05,42.957,0,2.8638,-3.826963E-05,42.957,0
2.8647,-1.947051E-05,42.9705,0,2.8647,-2.24918E-05,42.9705,0
2.8656,1.040665E-05,42.984,0,2.8656,-1.040665E-05,42.984,0
2.8665,3.994812E-05,42.9975,0,2.8665,-3.390555E-05,42.9975,0
2.8674,3.994812E-05,43.011,0,2.8674,-5.404745E-05,43.011,0
2.8683,6.378271E-06,43.0245,0,2.8683,-1.107805E-05,43.0245,0
2.8692,-1.678492E-06,43.038,0,2.8692,-7.385367E-06,43.038,0
2.8701,1.242084E-05,43.0515,0,2.8701,-4.196231E-05,43.0515,0
2.871,2.349889E-06,43.065,0,2.871,-1.376364E-05,43.065,0
2.8719,5.035477E-06,43.0785,0,2.8719,-1.409934E-05,43.0785,0
2.8728,-2.517739E-05,43.092,0,2.8728,-5.001907E-05,43.092,0
2.8737,-3.457694E-05,43.1055,0,2.8737,-3.927672E-05,43.1055,0
2.8746,-6.042573E-06,43.119,0,2.8746,-1.644922E-05,43.119,0
2.8755,-7.385367E-06,43.1325,0,2.8755,-1.376364E-05,43.1325,0
2.8764,-1.275654E-05,43.146,0,2.8764,-6.713969E-06,43.146,0
2.8773,-2.1149E-05,43.1595,0,2.8773,-3.591974E-05,43.1595,0
2.8782,-3.524834E-05,43.173,0,2.8782,-1.947051E-05,43.173,0
2.8791,-4.33051E-05,43.1865,0,2.8791,2.081331E-05,43.1865,0
2.88,-2.383459E-05,43.2,0,2.88,-5.706874E-06,43.2,0
2.8809,-7.049668E-06,43.2135,0,2.8809,-1.510643E-05,43.2135,0
2.8818,-2.383459E-05,43.227,0,2.8818,2.14847E-05,43.227,0
2.8827,6.378271E-06,43.2405,0,2.8827,3.692683E-06,43.2405,0
2.8836,2.719158E-05,43.254,0,2.8836,-3.927672E-05,43.254,0
2.8845,-1.376364E-05,43.2675,0,2.8845,-1.242084E-05,43.2675,0
2.8854,1.275654E-05,43.281,0,2.8854,-5.035477E-06,43.281,0
2.8863,3.860533E-05,43.2945,0,2.8863,-1.376364E-05,43.2945,0
2.8872,-3.323415E-05,43.308,0,2.8872,-2.685588E-06,43.308,0
2.8881,-2.853437E-05,43.3215,0,2.8881,6.378271E-06,43.3215,0
2.889,-1.678492E-05,43.335,0,2.889,-2.316319E-05,43.335,0
2.8899,-3.323415E-05,43.3485,0,2.8899,-3.457694E-05,43.3485,0
2.8908,-3.256275E-05,43.362,0,2.8908,-4.46479E-05,43.362,0
2.8917,-8.728161E-06,43.3755,0,2.8917,-1.678492E-05,43.3755,0
2.8926,4.061952E-05,43.389,0,2.8926,9.735256E-06,43.389,0
2.8935,2.383459E-05,43.4025,0,2.8935,-2.450599E-05,43.4025,0
2.8944,4.36408E-05,43.416,0,2.8944,-5.841154E-05,43.416,0
2.8953,4.666209E-05,43.4295,0,2.8953,-3.390555E-05,43.4295,0
2.8962,9.735256E-06,43.443,0,2.8962,-4.196231E-05,43.443,0
2.8971,2.383459E-05,43.4565,0,2.8971,-4.33051E-05,43.4565,0
2.898,6.378271E-06,43.47,0,2.898,-1.812772E-05,43.47,0
2.8989,-1.242084E-05,43.4835,0,2.8989,1.678492E-06,43.4835,0
2.8998,1.477073E-05,43.497,0,2.8998,-1.644922E-05,43.497,0
2.9007,9.399558E-06,43.5105,0,2.9007,6.378271E-06,43.5105,0
2.9016,-3.155566E-05,43.524,0,2.9016,3.189136E-05,43.524,0
2.9025,-4.36408E-06,43.5375,0,2.9025,1.174945E-05,43.5375,0
2.9034,-7.385367E-06,43.551,0,2.9034,-5.706874E-06,43.551,0
2.9043,3.021286E-06,43.5645,0,2.9043,-3.323415E-05,43.5645,0
2.9052,-2.685588E-05,43.578,0,2.9052,-1.678492E-05,43.578,0
2.9061,-4.028382E-05,43.5915,0,2.9061,-5.404745E-05,43.5915,0
2.907,-1.678492E-05,43.605,0,2.907,-6.478981E-05,43.605,0
2.9079,-2.685588E-06,43.6185,0,2.9079,-5.539025E-05,43.6185,0
2.9088,-3.256275E-05,43.632,0,2.9088,-1.644922E-05,43.632,0
2.9097,-7.049668E-06,43.6455,0,2.9097,-2.450599E-05,43.6455,0
2.9106,1.913481E-05,43.659,0,2.9106,-6.478981E-05,43.659,0
2.9115,1.846342E-05,43.6725,0,2.9115,-1.040665E-05,43.6725,0
2.9124,1.309224E-05,43.686,0,2.9124,9.735256E-06,43.686,0
2.9133,-2.21561E-05,43.6995,0,2.9133,-4.263371E-05,43.6995,0
2.9142,-5.203327E-05,43.713,0,2.9142,-1.208515E-05,43.713,0
2.9151,-2.853437E-05,43.7265,0,2.9151,1.644922E-05,43.7265,0
2.916,-1.409934E-05,43.74,0,2.916,5.706874E-06,43.74,0
2.9169,-4.632639E-05,43.7535,0,2.9169,-5.371176E-06,43.7535,0
2.9178,-2.18204E-05,43.767,0,2.9178,-3.860533E-05,43.767,0
2.9187,3.021286E-06,43.7805,0,2.9187,-1.242084E-05,43.7805,0
2.9196,-4.129091E-05,43.794,0,2.9196,-1.275654E-05,43.794,0
2.9205,-2.752728E-05,43.8075,0,2.9205,-4.33051E-05,43.8075,0
2.9214,4.699779E-06,43.821,0,2.9214,-5.136187E-05,43.821,0
2.9223,-2.21561E-05,43.8345,0,2.9223,-2.417029E-05,43.8345,0
2.9232,-1.913481E-05,43.848,0,2.9232,-2.618448E-05,43.848,0
2.9241,0,43.8615,0,2.9241,-4.49836E-05,43.8615,0
2.925,-1.544213E-05,43.875,0,2.925,-1.678492E-06,43.875,0
2.9259,0,43.8885,0,2.9259,-5.035477E-06,43.8885,0
2.9268,-1.947051E-05,43.902,0,2.9268,-5.941863E-05,43.902,0
2.9277,1.712062E-05,43.9155,0,2.9277,-4.196231E-05,43.9155,0
2.9286,2.014191E-06,43.929,0,2.9286,-4.028382E-06,43.929,0
2.9295,1.309224E-05,43.9425,0,2.9295,-1.275654E-05,43.9425,0
2.9304,3.457694E-05,43.956,0,2.9304,-3.021286E-06,43.956,0
2.9313,3.189136E-05,43.9695,0,2.9313,6.042573E-06,43.9695,0
2.9322,2.786297E-05,43.983,0,2.9322,1.040665E-05,43.983,0
2.9331,1.510643E-05,43.9965,0,2.9331,3.591974E-05,43.9965,0
2.934,1.007095E-06,44.01,0,2.934,-1.712062E-05,44.01,0
2.9349,-6.713969E-07,44.0235,0,2.9349,-3.659113E-05,44.0235,0
2.9358,-6.713969E-07,44.037,0,2.9358,-5.035477E-06,44.037,0
2.9367,-1.376364E-05,44.0505,0,2.9367,-2.584878E-05,44.0505,0
2.9376,1.007095E-06,44.064,0,2.9376,-4.901198E-05,44.064,0
2.9385,-1.309224E-05,44.0775,0,2.9385,1.242084E-05,44.0775,0
2.9394,-1.510643E-05,44.091,0,2.9394,5.371176E-06,44.091,0
2.9403,-1.510643E-05,44.1045,0,2.9403,-4.061952E-05,44.1045,0
2.9412,-4.46479E-05,44.118,0,2.9412,-3.927672E-05,44.118,0
2.9421,-5.270466E-05,44.1315,0,2.9421,-2.21561E-05,44.1315,0
2.943,-4.263371E-05,44.145,0,2.943,-2.719158E-05,44.145,0
2.9439,-2.417029E-05,44.1585,0,2.9439,-2.618448E-05,44.1585,0
2.9448,-9.735256E-06,44.172,0,2.9448,-3.256275E-05,44.172,0
2.9457,-1.779202E-05,44.1855,0,2.9457,-2.21561E-05,44.1855,0
2.9466,-3.659113E-05,44.199,0,2.9466,7.385367E-06,44.199,0
2.9475,-2.047761E-05,44.2125,0,2.9475,-1.644922E-05,44.2125,0
2.9484,-1.107805E-05,44.226,0,2.9484,-3.793393E-05,44.226,0
2.9493,-2.752728E-05,44.2395,0,2.9493,-9.735256E-06,44.2395,0
2.9502,-1.376364E-05,44.253,0,2.9502,-2.887007E-05,44.253,0
2.9511,2.014191E-06,44.2665,0,2.9511,-6.009003E-05,44.2665,0
2.952,-3.356985E-07,44.28,0,2.952,-1.678492E-05,44.28,0
2.9529,3.659113E-05,44.2935,0,2.9529,-7.049668E-06,44.2935,0
2.9538,3.927672E-05,44.307,0,2.9538,-5.203327E-05,44.307,0
2.9547,-9.735256E-06,44.3205,0,2.9547,-3.256275E-05,44.3205,0
2.9556,-2.21561E-05,44.334,0,2.9556,-3.356985E-07,44.334,0
2.9565,6.378271E-06,44.3475,0,2.9565,-1.074235E-05,44.3475,0
2.9574,7.721065E-06,44.361,0,2.9574,-2.450599E-05,44.361,0
2.9583,1.980621E-05,44.3745,0,2.9583,-4.33051E-05,44.3745,0
2.9592,9.063859E-06,44.388,0,2.9592,-9.399558E-06,44.388,0
2.9601,-3.692683E-05,44.4015,0,2.9601,-2.349889E-06,44.4015,0
2.961,-2.786297E-05,44.415,0,2.961,-3.826963E-05,44.415,0
2.9619,-6.378271E-06,44.4285,0,2.9619,-4.229801E-05,44.4285,0
2.9628,-1.980621E-05,44.442,0,2.9628,1.577783E-05,44.442,0
2.9637,-2.652018E-05,44.4555,0,2.9637,2.719158E-05,44.4555,0
2.9646,-8.392462E-06,44.469,0,2.9646,-2.786297E-05,44.469,0
2.9655,-2.014191E-05,44.4825,0,2.9655,-4.196231E-05,44.4825,0
2.9664,-2.685588E-06,44.496,0,2.9664,-1.644922E-05,44.496,0
2.9673,2.417029E-05,44.5095,0,2.9673,-2.081331E-05,44.5095,0
2.9682,2.551309E-05,44.523,0,2.9682,-3.021286E-06,44.523,0
2.9691,-3.356985E-07,44.5365,0,2.9691,3.189136E-05,44.5365,0
2.97,1.040665E-05,44.55,0,2.97,-1.242084E-05,44.55,0
2.9709,1.846342E-05,44.5635,0,2.9709,-5.035477E-06,44.5635,0
2.9718,1.309224E-05,44.577,0,2.9718,-1.141375E-05,44.577,0
2.9727,9.063859E-06,44.5905,0,2.9727,-6.378271E-06,44.5905,0
2.9736,-1.376364E-05,44.604,0,2.9736,1.712062E-05,44.604,0
2.9745,-2.047761E-05,44.6175,0,2.9745,-1.309224E-05,44.6175,0
2.9754,-4.36408E-06,44.631,0,2.9754,-2.819867E-05,44.631,0
2.9763,-1.141375E-05,44.6445,0,2.9763,2.18204E-05,44.6445,0
2.9772,-1.846342E-05,44.658,0,2.9772,-5.035477E-06,44.658,0
2.9781,-1.510643E-05,44.6715,0,2.9781,-6.210422E-05,44.6715,0
2.979,-6.378271E-06,44.685,0,2.979,-1.779202E-05,44.685,0
2.9799,1.174945E-05,44.6985,0,2.9799,-2.18204E-05,44.6985,0
2.9808,1.242084E-05,44.712,0,2.9808,-2.652018E-05,44.712,0
2.9817,1.242084E-05,44.7255,0,2.9817,7.721065E-06,44.7255,0
2.9826,1.107805E-05,44.739,0,2.9826,-7.385367E-06,44.739,0
2.9835,2.24918E-05,44.7525,0,2.9835,-1.242084E-05,44.7525,0
2.9844,1.275654E-05,44.766,0,2.9844,-1.947051E-05,44.766,0
2.9853,2.014191E-06,44.7795,0,2.9853,-4.733349E-05,44.7795,0
2.9862,-2.786297E-05,44.793,0,2.9862,-2.853437E-05,44.793,0
2.9871,-2.484169E-05,44.8065,0,2.9871,-3.054856E-05,44.8065,0
2.988,-2.652018E-05,44.82,0,2.988,-6.378271E-05,44.82,0
2.9889,-7.721065E-06,44.8335,0,2.9889,-5.337606E-05,44.8335,0
2.9898,-1.745632E-05,44.847,0,2.9898,-2.551309E-05,44.847,0
2.9907,2.517739E-05,44.8605,0,2.9907,-2.484169E-05,44.8605,0
2.9916,3.692683E-05,44.874,0,2.9916,-4.49836E-05,44.874,0
2.9925,-1.812772E-05,44.8875,0,2.9925,-1.007095E-06,44.8875,0
2.9934,-3.793393E-05,44.901,0,2.9934,1.510643E-05,44.901,0
2.9943,-3.726253E-05,44.9145,0,2.9943,-3.356985E-05,44.9145,0
2.9952,-2.1149E-05,44.928,0,2.9952,-1.510643E-05,44.928,0
2.9961,-3.256275E-05,44.9415,0,2.9961,1.007095E-06,44.9415,0
2.997,-2.081331E-05,44.955,0,2.997,-1.510643E-05,44.955,0
2.9979,-2.450599E-05,44.9685,0,2.9979,-1.712062E-05,44.9685,0
2.9988,-1.712062E-05,44.982,0,2.9988,-3.457694E-05,44.982,0
2.9997,3.692683E-06,44.9955,0,2.9997,-2.719158E-05,44.9955,0
3.0006,-6.042573E-06,45.009,0,3.0006,-4.36408E-06,45.009,0
3.0015,1.510643E-05,45.0225,0,3.0015,-8.392462E-06,45.0225,0
3.0024,3.323415E-05,45.036,0,3.0024,-2.081331E-05,45.036,0
3.0033,-2.652018E-05,45.0495,0,3.0033,2.24918E-05,45.0495,0
3.0042,-3.659113E-05,45.063,0,3.0042,1.611353E-05,45.063,0
3.0051,2.24918E-05,45.0765,0,3.0051,-3.121996E-05,45.0765,0
3.006,4.699779E-06,45.09,0,3.006,-6.378271E-06,45.09,0
3.0069,-2.21561E-05,45.1035,0,3.0069,-3.289845E-05,45.1035,0
3.0078,-2.719158E-05,45.117,0,3.0078,-7.721065E-05,45.117,0
3.0087,-3.021286E-05,45.1305,0,3.0087,-6.74754E-05,45.1305,0
3.0096,-4.53193E-05,45.144,0,3.0096,-6.042573E-06,45.144,0
3.0105,-1.812772E-05,45.1575,0,3.0105,-1.141375E-05,45.1575,0
3.0114,-5.706874E-06,45.171,0,3.0114,-1.879912E-05,45.171,0
3.0123,-1.510643E-05,45.1845,0,3.0123,-3.726253E-05,45.1845,0
3.0132,-1.141375E-05,45.198,0,3.0132,-2.21561E-05,45.198,0
3.0141,3.121996E-05,45.2115,0,3.0141,-2.383459E-05,45.2115,0
3.015,2.047761E-05,45.225,0,3.015,-5.404745E-05,45.225,0
3.0159,9.735256E-06,45.2385,0,3.0159,-6.478981E-05,45.2385,0
3.0168,1.443504E-05,45.252,0,3.0168,4.699779E-06,45.252,0
3.0177,8.392462E-06,45.2655,0,3.0177,-1.107805E-05,45.2655,0
3.0186,-2.014191E-06,45.279,0,3.0186,-7.150377E-05,45.279,0
3.0195,9.735256E-06,45.2925,0,3.0195,-2.349889E-06,45.2925,0
3.0204,-2.786297E-05,45.306,0,3.0204,6.378271E-06,45.306,0
3.0213,-3.692683E-05,45.3195,0,3.0213,-3.323415E-05,45.3195,0
3.0222,4.36408E-06,45.333,0,3.0222,3.356985E-06,45.333,0
3.0231,-2.786297E-05,45.3465,0,3.0231,6.109713E-05,45.3465,0
3.024,-4.229801E-05,45.36,0,3.024,2.954147E-05,45.36,0
3.0249,-1.208515E-05,45.3735,0,3.0249,1.376364E-05,45.3735,0
3.0258,1.443504E-05,45.387,0,3.0258,-1.443504E-05,45.387,0
3.0267,-1.007095E-06,45.4005,0,3.0267,-2.450599E-05,45.4005,0
3.0276,5.706874E-06,45.414,0,3.0276,-9.063859E-06,45.414,0
3.0285,1.745632E-05,45.4275,0,3.0285,-1.544213E-05,45.4275,0
3.0294,-3.390555E-05,45.441,0,3.0294,-3.793393E-05,45.441,0
3.0303,-4.46479E-05,45.4545,0,3.0303,3.356985E-06,45.4545,0
3.0312,-1.477073E-05,45.468,0,3.0312,1.007095E-06,45.468,0
3.0321,-1.107805E-05,45.4815,0,3.0321,-4.162661E-05,45.4815,0
3.033,-5.706874E-06,45.495,0,3.033,-1.309224E-05,45.495,0
3.0339,2.1149E-05,45.5085,0,3.0339,-9.399558E-06,45.5085,0
3.0348,3.457694E-05,45.522,0,3.0348,-4.766919E-05,45.522,0
3.0357,5.035477E-06,45.5355,0,3.0357,-5.539025E-05,45.5355,0
3.0366,-2.047761E-05,45.549,0,3.0366,-7.721065E-06,45.549,0
3.0375,-1.879912E-05,45.5625,0,3.0375,-2.551309E-05,45.5625,0
3.0384,-2.24918E-05,45.576,0,3.0384,-3.189136E-05,45.576,0
3.0393,-1.544213E-05,45.5895,0,3.0393,-3.860533E-05,45.5895,0
3.0402,0,45.603,0,3.0402,-1.275654E-05,45.603,0
3.0411,3.021286E-06,45.6165,0,3.0411,1.644922E-05,45.6165,0
3.042,-4.36408E-06,45.63,0,3.042,-1.779202E-05,45.63,0
3.0429,5.337606E-05,45.6435,0,3.0429,-3.323415E-05,45.6435,0
3.0438,2.24918E-05,45.657,0,3.0438,1.141375E-05,45.657,0
3.0447,-1.376364E-05,45.6705,0,3.0447,-1.577783E-05,45.6705,0
3.0456,-5.035477E-06,45.684,0,3.0456,-6.6804E-05,45.684,0
3.0465,-5.035477E-06,45.6975,0,3.0465,-1.644922E-05,45.6975,0
3.0474,-2.081331E-05,45.711,0,3.0474,-7.721065E-06,45.711,0
3.0483,-6.378271E-06,45.7245,0,3.0483,-5.270466E-05,45.7245,0
3.0492,5.706874E-06,45.738,0,3.0492,-3.390555E-05,45.738,0
3.0501,-1.913481E-05,45.7515,0,3.0501,-8.728161E-06,45.7515,0
3.051,-2.987716E-05,45.765,0,3.051,-2.081331E-05,45.765,0
3.0519,-2.24918E-05,45.7785,0,3.0519,-1.712062E-05,45.7785,0
3.0528,-7.385367E-06,45.792,0,3.0528,-3.021286E-05,45.792,0
3.0537,-2.1149E-05,45.8055,0,3.0537,-2.047761E-05,45.8055,0
3.0546,-4.867628E-05,45.819,0,3.0546,-8.728161E-06,45.819,0
3.0555,-2.047761E-05,45.8325,0,3.0555,-2.484169E-05,45.8325,0
3.0564,1.376364E-05,45.846,0,3.0564,-4.33051E-05,45.846,0
3.0573,-1.779202E-05,45.8595,0,3.0573,2.014191E-06,45.8595,0
3.0582,-2.349889E-06,45.873,0,3.0582,-3.356985E-06,45.873,0
3.0591,1.141375E-05,45.8865,0,3.0591,-4.699779E-05,45.8865,0
3.06,-3.356985E-07,45.9,0,3.06,-1.544213E-05,45.9,0
3.0609,2.887007E-05,45.9135,0,3.0609,8.392462E-06,45.9135,0
3.0618,2.652018E-05,45.927,0,3.0618,-2.584878E-05,45.927,0
3.0627,-1.007095E-05,45.9405,0,3.0627,-5.539025E-05,45.9405,0
3.0636,-2.584878E-05,45.954,0,3.0636,-3.189136E-05,45.954,0
3.0645,-4.162661E-05,45.9675,0,3.0645,-1.644922E-05,45.9675,0
3.0654,-2.1149E-05,45.981,0,3.0654,-3.659113E-05,45.981,0
3.0663,1.812772E-05,45.9945,0,3.0663,-1.510643E-05,45.9945,0
3.0672,-1.007095E-06,46.008,0,3.0672,3.155566E-05,46.008,0
3.0681,-1.544213E-05,46.0215,0,3.0681,2.349889E-06,46.0215,0
3.069,-5.706874E-06,46.035,0,3.069,-2.987716E-05,46.035,0
3.0699,7.385367E-06,46.0485,0,3.0699,-3.457694E-05,46.0485,0
3.0708,-1.342794E-05,46.062,0,3.0708,1.174945E-05,46.062,0
3.0717,-1.745632E-05,46.0755,0,3.0717,-5.035477E-06,46.0755,0
3.0726,1.947051E-05,46.089,0,3.0726,-3.457694E-05,46.089,0
3.0735,-1.644922E-05,46.1025,0,3.0735,-9.063859E-06,46.1025,0
3.0744,-1.913481E-05,46.116,0,3.0744,5.035477E-06,46.116,0
3.0753,1.510643E-05,46.1295,0,3.0753,-2.584878E-05,46.1295,0
3.0762,0,46.143,0,3.0762,-1.409934E-05,46.143,0
3.0771,-2.21561E-05,46.1565,0,3.0771,7.049668E-06,46.1565,0
3.078,0,46.17,0,3.078,0,46.17,0
3.0789,0,46.1835,0,3.0789,0,46.1835,0
3.0798,0,46.197,0,3.0798,0,46.197,0
3.0807,0,46.2105,0,3.0807,0,46.2105,0
3.0816,0,46.224,0,3.0816,0,46.224,0
3.0825,0,46.2375,0,3.0825,0,46.2375,0
3.0834,0,46.251,0,3.0834,0,46.251,0
3.0843,0,46.2645,0,3.0843,0,46.2645,0
3.0852,0,46.278,0,3.0852,0,46.278,0
3.0861,0,46.2915,0,3.0861,0,46.2915,0
3.087,0,46.305,0,3.087,0,46.305,0
3.0879,0,46.3185,0,3.0879,0,46.3185,0
3.0888,0,46.332,0,3.0888,0,46.332,0
3.0897,0,46.3455,0,3.0897,0,46.3455,0
3.0906,0,46.359,0,3.0906,0,46.359,0
3.0915,0,46.3725,0,3.0915,0,46.3725,0
3.0924,0,46.386,0,3.0924,0,46.386,0
3.0933,0,46.3995,0,3.0933,0,46.3995,0
3.0942,0,46.413,0,3.0942,0,46.413,0
3.0951,0,46.4265,0,3.0951,0,46.4265,0
3.096,0,46.44,0,3.096,0,46.44,0
3.0969,0,46.4535,0,3.0969,0,46.4535,0
3.0978,0,46.467,0,3.0978,0,46.467,0
3.0987,0,46.4805,0,3.0987,0,46.4805,0
3.0996,0,46.494,0,3.0996,0,46.494,0
3.1005,0,46.5075,0,3.1005,0,46.5075,0
3.1014,0,46.521,0,3.1014,0,46.521,0
3.1023,0,46.5345,0,3.1023,0,46.5345,0
3.1032,0,46.548,0,3.1032,0,46.548,0
3.1041,0,46.5615,0,3.1041,0,46.5615,0
3.105,0,46.575,0,3.105,0,46.575,0
3.1059,0,46.5885,0,3.1059,0,46.5885,0
3.1068,0,46.602,0,3.1068,0,46.602,0
3.1077,0,46.6155,0,3.1077,0,46.6155,0
3.1086,0,46.629,0,3.1086,0,46.629,0
3.1095,0,46.6425,0,3.1095,0,46.6425,0
3.1104,0,46.656,0,3.1104,0,46.656,0
3.1113,0,46.6695,0,3.1113,0,46.6695,0
3.1122,0,46.683,0,3.1122,0,46.683,0
3.1131,0,46.6965,0,3.1131,0,46.6965,0
3.114,0,46.71,0,3.114,0,46.71,0
3.1149,0,46.7235,0,3.1149,0,46.7235,0
3.1158,0,46.737,0,3.1158,0,46.737,0
3.1167,0,46.7505,0,3.1167,0,46.7505,0
3.1176,0,46.764,0,3.1176,0,46.764,0
3.1185,0,46.7775,0,3.1185,0,46.7775,0
3.1194,0,46.791,0,3.1194,0,46.791,0
3.1203,0,46.8045,0,3.1203,0,46.8045,0
3.1212,0,46.818,0,3.1212,0,46.818,0
3.1221,0,46.8315,0,3.1221,0,46.8315,0
3.123,0,46.845,0,3.123,0,46.845,0
3.1239,0,46.8585,0,3.1239,0,46.8585,0
3.1248,0,46.872,0,3.1248,0,46.872,0
3.1257,0,46.8855,0,3.1257,0,46.8855,0
3.1266,0,46.899,0,3.1266,0,46.899,0
3.1275,0,46.9125,0,3.1275,0,46.9125,0
3.1284,0,46.926,0,3.1284,0,46.926,0
3.1293,0,46.9395,0,3.1293,0,46.9395,0
3.1302,0,46.953,0,3.1302,0,46.953,0
3.1311,0,46.9665,0,3.1311,0,46.9665,0
3.132,0,46.98,0,3.132,0,46.98,0
3.1329,0,46.9935,0,3.1329,0,46.9935,0
3.1338,0,47.007,0,3.1338,0,47.007,0
3.1347,0,47.0205,0,3.1347,0,47.0205,0
3.1356,0,47.034,0,3.1356,0,47.034,0
3.1365,0,47.0475,0,3.1365,0,47.0475,0
3.1374,0,47.061,0,3.1374,0,47.061,0
3.1383,0,47.0745,0,3.1383,0,47.0745,0
3.1392,0,47.088,0,3.1392,0,47.088,0
3.1401,0,47.1015,0,3.1401,0,47.1015,0
3.141,0,47.115,0,3.141,0,47.115,0
3.1419,0,47.1285,0,3.1419,0,47.1285,0
3.1428,0,47.142,0,3.1428,0,47.142,0
3.1437,0,47.1555,0,3.1437,0,47.1555,0
3.1446,0,47.169,0,3.1446,0,47.169,0
3.1455,0,47.1825,0,3.1455,0,47.1825,0
3.1464,0,47.196,0,3.1464,0,47.196,0
3.1473,0,47.2095,0,3.1473,0,47.2095,0
3.1482,0,47.223,0,3.1482,0,47.223,0
3.1491,0,47.2365,0,3.1491,0,47.2365,0
3.15,0,47.25,0,3.15,0,47.25,0
3.1509,0,47.2635,0,3.1509,0,47.2635,0
3.1518,0,47.277,0,3.1518,0,47.277,0
3.1527,0,47.2905,0,3.1527,0,47.2905,0
3.1536,0,47.304,0,3.1536,0,47.304,0
3.1545,0,47.3175,0,3.1545,0,47.3175,0
3.1554,0,47.331,0,3.1554,0,47.331,0
3.1563,0,47.3445,0,3.1563,0,47.3445,0
3.1572,0,47.358,0,3.1572,0,47.358,0
3.1581,0,47.3715,0,3.1581,0,47.3715,0
3.159,0,47.385,0,3.159,0,47.385,0
3.1599,0,47.3985,0,3.1599,0,47.3985,0
3.1608,0,47.412,0,3.1608,0,47.412,0
3.1617,0,47.4255,0,3.1617,0,47.4255,0
3.1626,0,47.439,0,3.1626,0,47.439,0
3.1635,0,47.4525,0,3.1635,0,47.4525,0
3.1644,0,47.466,0,3.1644,0,47.466,0
3.1653,0,47.4795,0,3.1653,0,47.4795,0
3.1662,0,47.493,0,3.1662,0,47.493,0
3.1671,0,47.5065,0,3.1671,0,47.5065,0
3.168,0,47.52,0,3.168,0,47.52,0
3.1689,0,47.5335,0,3.1689,0,47.5335,0
3.1698,0,47.547,0,3.1698,0,47.547,0
3.1707,0,47.5605,0,3.1707,0,47.5605,0
3.1716,0,47.574,0,3.1716,0,47.574,0
3.1725,0,47.5875,0,3.1725,0,47.5875,0
3.1734,0,47.601,0,3.1734,0,47.601,0
3.1743,0,47.6145,0,3.1743,0,47.6145,0
3.1752,0,47.628,0,3.1752,0,47.628,0
3.1761,0,47.6415,0,3.1761,0,47.6415,0
3.177,0,47.655,0,3.177,0,47.655,0
3.1779,0,47.6685,0,3.1779,0,47.6685,0
3.1788,0,47.682,0,3.1788,0,47.682,0
3.1797,0,47.6955,0,3.1797,0,47.6955,0
3.1806,0,47.709,0,3.1806,0,47.709,0
3.1815,0,47.7225,0,3.1815,0,47.7225,0
3.1824,0,47.736,0,3.1824,0,47.736,0
3.1833,0,47.7495,0,3.1833,0,47.7495,0
3.1842,0,47.763,0,3.1842,0,47.763,0
3.1851,0,47.7765,0,3.1851,0,47.7765,0
3.186,0,47.79,0,3.186,0,47.79,0
3.1869,0,47.8035,0,3.1869,0,47.8035,0
3.1878,0,47.817,0,3.1878,0,47.817,0
3.1887,0,47.8305,0,3.1887,0,47.8305,0
3.1896,0,47.844,0,3.1896,0,47.844,0
3.1905,0,47.8575,0,3.1905,0,47.8575,0
3.1914,0,47.871,0,3.1914,0,47.871,0
3.1923,0,47.8845,0,3.1923,0,47.8845,0
3.1932,0,47.898,0,3.1932,0,47.898,0
3.1941,0,47.9115,0,3.1941,0,47.9115,0
3.195,0,47.925,0,3.195,0,47.925,0
3.1959,0,47.9385,0,3.1959,0,47.9385,0
3.1968,0,47.952,0,3.1968,0,47.952,0
3.1977,0,47.9655,0,3.1977,0,47.9655,0
3.1986,0,47.979,0,3.1986,0,47.979,0
3.1995,0,47.9925,0,3.1995,0,47.9925,0
3.2004,0,48.006,0,3.2004,0,48.006,0
3.2013,0,48.0195,0,3.2013,0,48.0195,0
3.2022,0,48.033,0,3.2022,0,48.033,0
3.2031,0,48.0465,0,3.2031,0,48.0465,0
3.204,0,48.06,0,3.204,0,48.06,0
3.2049,0,48.0735,0,3.2049,0,48.0735,0
3.2058,0,48.087,0,3.2058,0,48.087,0
3.2067,0,48.1005,0,3.2067,0,48.1005,0
3.2076,0,48.114,0,3.2076,0,48.114,0
3.2085,0,48.1275,0,3.2085,0,48.1275,0
3.2094,0,48.141,0,3.2094,0,48.141,0
3.2103,0,48.1545,0,3.2103,0,48.1545,0
3.2112,0,48.168,0,3.2112,0,48.168,0
3.2121,0,48.1815,0,3.2121,0,48.1815,0
3.213,0,48.195,0,3.213,0,48.195,0
3.2139,0,48.2085,0,3.2139,0,48.2085,0
3.2148,0,48.222,0,3.2148,0,48.222,0
3.2157,0,48.2355,0,3.2157,0,48.2355,0
3.2166,0,48.249,0,3.2166,0,48.249,0
3.2175,0,48.2625,0,3.2175,0,48.2625,0
3.2184,0,48.276,0,3.2184,0,48.276,0
3.2193,0,48.2895,0,3.2193,0,48.2895,0
3.2202,0,48.303,0,3.2202,0,48.303,0
3.2211,0,48.3165,0,3.2211,0,48.3165,0
3.222,0,48.33,0,3.222,0,48.33,0
3.2229,0,48.3435,0,3.2229,0,48.3435,0
3.2238,0,48.357,0,3.2238,0,48.357,0
3.2247,0,48.3705,0,3.2247,0,48.3705,0
3.2256,0,48.384,0,3.2256,0,48.384,0
3.2265,0,48.3975,0,3.2265,0,48.3975,0
3.2274,0,48.411,0,3.2274,0,48.411,0
3.2283,0,48.4245,0,3.2283,0,48.4245,0
3.2292,0,48.438,0,3.2292,0,48.438,0
3.2301,0,48.4515,0,3.2301,0,48.4515,0
3.231,0,48.465,0,3.231,0,48.465,0
3.2319,0,48.4785,0,3.2319,0,48.4785,0
3.2328,0,48.492,0,3.2328,0,48.492,0
3.2337,0,48.5055,0,3.2337,0,48.5055,0
3.2346,0,48.519,0,3.2346,0,48.519,0
3.2355,0,48.5325,0,3.2355,0,48.5325,0
3.2364,0,48.546,0,3.2364,0,48.546,0
3.2373,0,48.5595,0,3.2373,0,48.5595,0
3.2382,0,48.573,0,3.2382,0,48.573,0
3.2391,0,48.5865,0,3.2391,0,48.5865,0
3.24,0,48.6,0,3.24,0,48.6,0
3.2409,0,48.6135,0,3.2409,0,48.6135,0
3.2418,0,48.627,0,3.2418,0,48.627,0
3.2427,0,48.6405,0,3.2427,0,48.6405,0
3.2436,0,48.654,0,3.2436,0,48.654,0
3.2445,0,48.6675,0,3.2445,0,48.6675,0
3.2454,0,48.681,0,3.2454,0,48.681,0
3.2463,0,48.6945,0,3.2463,0,48.6945,0
3.2472,0,48.708,0,3.2472,0,48.708,0
3.2481,0,48.7215,0,3.2481,0,48.7215,0
3.249,0,48.735,0,3.249,0,48.735,0
3.2499,0,48.7485,0,3.2499,0,48.7485,0
3.2508,0,48.762,0,3.2508,0,48.762,0
3.2517,0,48.7755,0,3.2517,0,48.7755,0
3.2526,0,48.789,0,3.2526,0,48.789,0
3.2535,0,48.8025,0,3.2535,0,48.8025,0
3.2544,0,48.816,0,3.2544,0,48.816,0
3.2553,0,48.8295,0,3.2553,0,48.8295,0
3.2562,0,48.843,0,3.2562,0,48.843,0
3.2571,0,48.8565,0,3.2571,0,48.8565,0
3.258,0,48.87,0,3.258,0,48.87,0
3.2589,0,48.8835,0,3.2589,0,48.8835,0
3.2598,0,48.897,0,3.2598,0,48.897,0
3.2607,0,48.9105,0,3.2607,0,48.9105,0
3.2616,0,48.924,0,3.2616,0,48.924,0
3.2625,0,48.9375,0,3.2625,0,48.9375,0
3.2634,0,48.951,0,3.2634,0,48.951,0
3.2643,0,48.9645,0,3.2643,0,48.9645,0
3.2652,0,48.978,0,3.2652,0,48.978,0
3.2661,0,48.9915,0,3.2661,0,48.9915,0
3.267,0,49.005,0,3.267,0,49.005,0
3.2679,0,49.0185,0,3.2679,0,49.0185,0
3.2688,0,49.032,0,3.2688,0,49.032,0
3.2697,0,49.0455,0,3.2697,0,49.0455,0
3.2706,0,49.059,0,3.2706,0,49.059,0
3.2715,0,49.0725,0,3.2715,0,49.0725,0
3.2724,0,49.086,0,3.2724,0,49.086,0
3.2733,0,49.0995,0,3.2733,0,49.0995,0
3.2742,0,49.113,0,3.2742,0,49.113,0
3.2751,0,49.1265,0,3.2751,0,49.1265,0
3.276,0,49.14,0,3.276,0,49.14,0
3.2769,0,49.1535,0,3.2769,0,49.1535,0
3.2778,0,49.167,0,3.2778,0,49.167,0
3.2787,0,49.1805,0,3.2787,0,49.1805,0
3.2796,0,49.194,0,3.2796,0,49.194,0
3.2805,0,49.2075,0,3.2805,0,49.2075,0
3.2814,0,49.221,0,3.2814,0,49.221,0
3.2823,0,49.2345,0,3.2823,0,49.2345,0
3.2832,0,49.248,0,3.2832,0,49.248,0
3.2841,0,49.2615,0,3.2841,0,49.2615,0
3.285,0,49.275,0,3.285,0,49.275,0
3.2859,0,49.2885,0,3.2859,0,49.2885,0
3.2868,0,49.302,0,3.2868,0,49.302,0
3.2877,0,49.3155,0,3.2877,0,49.3155,0
3.2886,0,49.329,0,3.2886,0,49.329,0
3.2895,0,49.3425,0,3.2895,0,49.3425,0
3.2904,0,49.356,0,3.2904,0,49.356,0
3.2913,0,49.3695,0,3.2913,0,49.3695,0
3.2922,0,49.383,0,3.2922,0,49.383,0
3.2931,0,49.3965,0,3.2931,0,49.3965,0
3.294,0,49.41,0,3.294,0,49.41,0
3.2949,0,49.4235,0,3.2949,0,49.4235,0
3.2958,0,49.437,0,3.2958,0,49.437,0
3.2967,0,49.4505,0,3.2967,0,49.4505,0
3.2976,0,49.464,0,3.2976,0,49.464,0
3.2985,0,49.4775,0,3.2985,0,49.4775,0
3.2994,0,49.491,0,3.2994,0,49.491,0
3.3003,0,49.5045,0,3.3003,0,49.5045,0
3.3012,0,49.518,0,3.3012,0,49.518,0
3.3021,0,49.5315,0,3.3021,0,49.5315,0
3.303,0,49.545,0,3.303,0,49.545,0
3.3039,0,49.5585,0,3.3039,0,49.5585,0
3.3048,0,49.572,0,3.3048,0,49.572,0
3.3057,0,49.5855,0,3.3057,0,49.5855,0
3.3066,0,49.599,0,3.3066,0,49.599,0
3.3075,0,49.6125,0,3.3075,0,49.6125,0
3.3084,0,49.626,0,3.3084,0,49.626,0
3.3093,0,49.6395,0,3.3093,0,49.6395,0
3.3102,0,49.653,0,3.3102,0,49.653,0
3.3111,0,49.6665,0,3.3111,0,49.6665,0
3.312,0,49.68,0,3.312,0,49.68,0
3.3129,0,49.6935,0,3.3129,0,49.6935,0
3.3138,0,49.707,0,3.3138,0,49.707,0
3.3147,0,49.7205,0,3.3147,0,49.7205,0
3.3156,0,49.734,0,3.3156,0,49.734,0
3.3165,0,49.7475,0,3.3165,0,49.7475,0
3.3174,0,49.761,0,3.3174,0,49.761,0
3.3183,0,49.7745,0,3.3183,0,49.7745,0
3.3192,0,49.788,0,3.3192,0,49.788,0
3.3201,0,49.8015,0,3.3201,0,49.8015,0
3.321,0,49.815,0,3.321,0,49.815,0
3.3219,0,49.8285,0,3.3219,0,49.8285,0
3.3228,0,49.842,0,3.3228,0,49.842,0
3.3237,0,49.8555,0,3.3237,0,49.8555,0
3.3246,0,49.869,0,3.3246,0,49.869,0
3.3255,0,49.8825,0,3.3255,0,49.8825,0
3.3264,0,49.896,0,3.3264,0,49.896,0
3.3273,0,49.9095,0,3.3273,0,49.9095,0
3.3282,0,49.923,0,3.3282,0,49.923,0
3.3291,0,49.9365,0,3.3291,0,49.9365,0
3.33,0,49.95,0,3.33,0,49.95,0
3.3309,0,49.9635,0,3.3309,0,49.9635,0
3.3318,0,49.977,0,3.3318,0,49.977,0
3.3327,0,49.9905,0,3.3327,0,49.9905,0
3.3336,0,50.004,0,3.3336,0,50.004,0
3.3345,0,50.0175,0,3.3345,0,50.0175,0
3.3354,0,50.031,0,3.3354,0,50.031,0
3.3363,0,50.0445,0,3.3363,0,50.0445,0
3.3372,0,50.058,0,3.3372,0,50.058,0
3.3381,0,50.0715,0,3.3381,0,50.0715,0
3.339,0,50.085,0,3.339,0,50.085,0
3.3399,0,50.0985,0,3.3399,0,50.0985,0
3.3408,0,50.112,0,3.3408,0,50.112,0
3.3417,0,50.1255,0,3.3417,0,50.1255,0
3.3426,0,50.139,0,3.3426,0,50.139,0
3.3435,0,50.1525,0,3.3435,0,50.1525,0
3.3444,0,50.166,0,3.3444,0,50.166,0
3.3453,0,50.1795,0,3.3453,0,50.1795,0
3.3462,0,50.193,0,3.3462,0,50.193,0
3.3471,0,50.2065,0,3.3471,0,50.2065,0
3.348,0,50.22,0,3.348,0,50.22,0
3.3489,0,50.2335,0,3.3489,0,50.2335,0
3.3498,0,50.247,0,3.3498,0,50.247,0
3.3507,0,50.2605,0,3.3507,0,50.2605,0
3.3516,0,50.274,0,3.3516,0,50.274,0
3.3525,0,50.2875,0,3.3525,0,50.2875,0
3.3534,0,50.301,0,3.3534,0,50.301,0
3.3543,0,50.3145,0,3.3543,0,50.3145,0
3.3552,0,50.328,0,3.3552,0,50.328,0
3.3561,0,50.3415,0,3.3561,0,50.3415,0
3.357,0,50.355,0,3.357,0,50.355,0
3.3579,0,50.3685,0,3.3579,0,50.3685,0
3.3588,0,50.382,0,3.3588,0,50.382,0
3.3597,0,50.3955,0,3.3597,0,50.3955,0
3.3606,0,50.409,0,3.3606,0,50.409,0
3.3615,0,50.4225,0,3.3615,0,50.4225,0
3.3624,0,50.436,0,3.3624,0,50.436,0
3.3633,0,50.4495,0,3.3633,0,50.4495,0
3.3642,0,50.463,0,3.3642,0,50.463,0
3.3651,0,50.4765,0,3.3651,0,50.4765,0
3.366,0,50.49,0,3.366,0,50.49,0
3.3669,0,50.5035,0,3.3669,0,50.5035,0
3.3678,0,50.517,0,3.3678,0,50.517,0
3.3687,0,50.5305,0,3.3687,0,50.5305,0
3.3696,0,50.544,0,3.3696,0,50.544,0
3.3705,0,50.5575,0,3.3705,0,50.5575,0
3.3714,0,50.571,0,3.3714,0,50.571,0
3.3723,0,50.5845,0,3.3723,0,50.5845,0
3.3732,0,50.598,0,3.3732,0,50.598,0
3.3741,0,50.6115,0,3.3741,0,50.6115,0
3.375,0,50.625,0,3.375,0,50.625,0
3.3759,0,50.6385,0,3.3759,0,50.6385,0
3.3768,0,50.652,0,3.3768,0,50.652,0
3.3777,0,50.6655,0,3.3777,0,50.6655,0
3.3786,0,50.679,0,3.3786,0,50.679,0
3.3795,0,50.6925,0,3.3795,0,50.6925,0
3.3804,0,50.706,0,3.3804,0,50.706,0
3.3813,0,50.7195,0,3.3813,0,50.7195,0
3.3822,0,50.733,0,3.3822,0,50.733,0
3.3831,0,50.7465,0,3.3831,0,50.7465,0
3.384,0,50.76,0,3.384,0,50.76,0
3.3849,0,50.7735,0,3.3849,0,50.7735,0
3.3858,0,50.787,0,3.3858,0,50.787,0
3.3867,0,50.8005,0,3.3867,0,50.8005,0
3.3876,0,50.814,0,3.3876,0,50.814,0
3.3885,0,50.8275,0,3.3885,0,50.8275,0
3.3894,0,50.841,0,3.3894,0,50.841,0
3.3903,0,50.8545,0,3.3903,0,50.8545,0
3.3912,0,50.868,0,3.3912,0,50.868,0
3.3921,0,50.8815,0,3.3921,0,50.8815,0
3.393,0,50.895,0,3.393,0,50.895,0
3.3939,0,50.9085,0,3.3939,0,50.9085,0
3.3948,0,50.922,0,3.3948,0,50.922,0
3.3957,0,50.9355,0,3.3957,0,50.9355,0
3.3966,0,50.949,0,3.3966,0,50.949,0
3.3975,0,50.9625,0,3.3975,0,50.9625,0
3.3984,0,50.976,0,3.3984,0,50.976,0
3.3993,0,50.9895,0,3.3993,0,50.9895,0
3.4002,0,51.003,0,3.4002,0,51.003,0
3.4011,0,51.0165,0,3.4011,0,51.0165,0
3.402,0,51.03,0,3.402,0,51.03,0
3.4029,0,51.0435,0,3.4029,0,51.0435,0
3.4038,0,51.057,0,3.4038,0,51.057,0
3.4047,0,51.0705,0,3.4047,0,51.0705,0
3.4056,0,51.084,0,3.4056,0,51.084,0
3.4065,0,51.0975,0,3.4065,0,51.0975,0
3.4074,0,51.111,0,3.4074,0,51.111,0
3.4083,0,51.1245,0,3.4083,0,51.1245,0
3.4092,0,51.138,0,3.4092,0,51.138,0
3.4101,0,51.1515,0,3.4101,0,51.1515,0
3.411,0,51.165,0,3.411,0,51.165,0
3.4119,0,51.1785,0,3.4119,0,51.1785,0
3.4128,0,51.192,0,3.4128,0,51.192,0
3.4137,0,51.2055,0,3.4137,0,51.2055,0
3.4146,0,51.219,0,3.4146,0,51.219,0
3.4155,0,51.2325,0,3.4155,0,51.2325,0
3.4164,0,51.246,0,3.4164,0,51.246,0
3.4173,0,51.2595,0,3.4173,0,51.2595,0
3.4182,0,51.273,0,3.4182,0,51.273,0
3.4191,0,51.2865,0,3.4191,0,51.2865,0
3.42,0,51.3,0,3.42,0,51.3,0
3.4209,0,51.3135,0,3.4209,0,51.3135,0
3.4218,0,51.327,0,3.4218,0,51.327,0
3.4227,0,51.3405,0,3.4227,0,51.3405,0
3.4236,0,51.354,0,3.4236,0,51.354,0
3.4245,0,51.3675,0,3.4245,0,51.3675,0
3.4254,0,51.381,0,3.4254,0,51.381,0
3.4263,0,51.3945,0,3.4263,0,51.3945,0
3.4272,0,51.408,0,3.4272,0,51.408,0
3.4281,0,51.4215,0,3.4281,0,51.4215,0
3.429,0,51.435,0,3.429,0,51.435,0
3.4299,0,51.4485,0,3.4299,0,51.4485,0
3.4308,0,51.462,0,3.4308,0,51.462,0
3.4317,0,51.4755,0,3.4317,0,51.4755,0
3.4326,0,51.489,0,3.4326,0,51.489,0
3.4335,0,51.5025,0,3.4335,0,51.5025,0
3.4344,0,51.516,0,3.4344,0,51.516,0
3.4353,0,51.5295,0,3.4353,0,51.5295,0
3.4362,0,51.543,0,3.4362,0,51.543,0
3.4371,0,51.5565,0,3.4371,0,51.5565,0
3.438,0,51.57,0,3.438,0,51.57,0
3.4389,0,51.5835,0,3.4389,0,51.5835,0
3.4398,0,51.597,0,3.4398,0,51.597,0
3.4407,0,51.6105,0,3.4407,0,51.6105,0
3.4416,0,51.624,0,3.4416,0,51.624,0
3.4425,0,51.6375,0,3.4425,0,51.6375,0
3.4434,0,51.651,0,3.4434,0,51.651,0
3.4443,0,51.6645,0,3.4443,0,51.6645,0
3.4452,0,51.678,0,3.4452,0,51.678,0
3.4461,0,51.6915,0,3.4461,0,51.6915,0
3.447,0,51.705,0,3.447,0,51.705,0
3.4479,0,51.7185,0,3.4479,0,51.7185,0
3.4488,0,51.732,0,3.4488,0,51.732,0
3.4497,0,51.7455,0,3.4497,0,51.7455,0
3.4506,0,51.759,0,3.4506,0,51.759,0
3.4515,0,51.7725,0,3.4515,0,51.7725,0
3.4524,0,51.786,0,3.4524,0,51.786,0
3.4533,0,51.7995,0,3.4533,0,51.7995,0
3.4542,0,51.813,0,3.4542,0,51.813,0
3.4551,0,51.8265,0,3.4551,0,51.8265,0
3.456,0,51.84,0,3.456,0,51.84,0
3.4569,0,51.8535,0,3.4569,0,51.8535,0
3.4578,0,51.867,0,3.4578,0,51.867,0
3.4587,0,51.8805,0,3.4587,0,51.8805,0
3.4596,0,51.894,0,3.4596,0,51.894,0
3.4605,0,51.9075,0,3.4605,0,51.9075,0
3.4614,0,51.921,0,3.4614,0,51.921,0
3.4623,0,51.9345,0,3.4623,0,51.9345,0
3.4632,0,51.948,0,3.4632,0,51.948,0
3.4641,0,51.9615,0,3.4641,0,51.9615,0
3.465,0,51.975,0,3.465,0,51.975,0
3.4659,0,51.9885,0,3.4659,0,51.9885,0
3.4668,0,52.002,0,3.4668,0,52.002,0
3.4677,0,52.0155,0,3.4677,0,52.0155,0
3.4686,0,52.029,0,3.4686,0,52.029,0
3.4695,0,52.0425,0,3.4695,0,52.0425,0
3.4704,0,52.056,0,3.4704,0,52.056,0
3.4713,0,52.0695,0,3.4713,0,52.0695,0
3.4722,0,52.083,0,3.4722,0,52.083,0
3.4731,0,52.0965,0,3.4731,0,52.0965,0
3.474,0,52.11,0,3.474,0,52.11,0
3.4749,0,52.1235,0,3.4749,0,52.1235,0
3.4758,0,52.137,0,3.4758,0,52.137,0
3.4767,0,52.1505,0,3.4767,0,52.1505,0
3.4776,0,52.164,0,3.4776,0,52.164,0
3.4785,0,52.1775,0,3.4785,0,52.1775,0
3.4794,0,52.191,0,3.4794,0,52.191,0
3.4803,0,52.2045,0,3.4803,0,52.2045,0
3.4812,0,52.218,0,3.4812,0,52.218,0
3.4821,0,52.2315,0,3.4821,0,52.2315,0
3.483,0,52.245,0,3.483,0,52.245,0
3.4839,0,52.2585,0,3.4839,0,52.2585,0
3.4848,0,52.272,0,3.4848,0,52.272,0
3.4857,0,52.2855,0,3.4857,0,52.2855,0
3.4866,0,52.299,0,3.4866,0,52.299,0
3.4875,0,52.3125,0,3.4875,0,52.3125,0
3.4884,0,52.326,0,3.4884,0,52.326,0
3.4893,0,52.3395,0,3.4893,0,52.3395,0
3.4902,0,52.353,0,3.4902,0,52.353,0
3.4911,0,52.3665,0,3.4911,0,52.3665,0
3.492,0,52.38,0,3.492,0,52.38,0
3.4929,0,52.3935,0,3.4929,0,52.3935,0
3.4938,0,52.407,0,3.4938,0,52.407,0
3.4947,0,52.4205,0,3.4947,0,52.4205,0
3.4956,0,52.434,0,3.4956,0,52.434,0
