X[s],"Trigno IM sensor 3: EMG 3 (IM)",X[s],"Trigno IM sensor 3: Mag 3.Z (IM)",X[s],"Trigno IM sensor 4: EMG 4 (IM)",X[s],"Trigno IM sensor 4: Mag 4.Z (IM)"
0.000000,4.599069E-05,0.000000,121,0.000000,-9.735256E-06,0.000000,-3
0.0009,6.411841E-05,0.0135,122,0.0009,1.174945E-05,0.0135,-1
0.0018,5.740444E-05,0.027,122,0.0018,4.39765E-05,0.027,-4
0.0027,3.994812E-05,0.0405,123,0.0027,1.712062E-05,0.0405,-2
0.0036,-6.881819E-05,0.054,122,0.0036,-9.735256E-06,0.054,-4
0.0045,-4.29694E-05,0.0675,122,0.0045,-2.719158E-05,0.0675,-1
0.0054,-3.927672E-05,0.081,121,0.0054,-5.539025E-05,0.081,0
0.0063,-4.36408E-06,0.0945,120,0.0063,-8.157473E-05,0.0945,-3
0.0072,5.471885E-05,0.108,121,0.0072,-7.888914E-05,0.108,0
0.0081,5.539025E-05,0.1215,123,0.0081,-9.030289E-05,0.1215,-4
0.009000001,3.356985E-07,0.135,121,0.009000001,-6.009003E-05,0.135,-3
0.0099,-2.349889E-05,0.1485,121,0.0099,-2.24918E-05,0.1485,-2
0.0108,-0.0001050736,0.162,122,0.0108,-6.713969E-06,0.162,-2
0.0117,-4.766919E-05,0.1755,122,0.0117,-4.699779E-06,0.1755,0
0.0126,-1.846342E-05,0.189,123,0.0126,-6.713969E-07,0.189,-2
0.0135,1.376364E-05,0.2025,123,0.0135,-7.721065E-06,0.2025,-2
0.0144,2.584878E-05,0.216,121,0.0144,2.752728E-05,0.216,-2
0.0153,3.457694E-05,0.2295,122,0.0153,9.600977E-05,0.2295,-3
0.0162,5.606165E-05,0.243,122,0.0162,0.0001114519,0.243,-5
0.0171,2.014191E-06,0.2565,122,0.0171,5.304036E-05,0.2565,-3
0.018,-3.021286E-05,0.27,123,0.018,1.107805E-05,0.27,-3
0.0189,-3.558404E-05,0.2835,120,0.0189,2.719158E-05,0.2835,-1
0.0198,-1.510643E-05,0.297,121,0.0198,8.056763E-06,0.297,0
0.0207,2.853437E-05,0.3105,122,0.0207,-1.443504E-05,0.3105,-1
0.0216,3.961242E-05,0.324,122,0.0216,-6.61326E-05,0.324,-1
0.0225,4.968337E-05,0.3375,122,0.0225,-8.392462E-05,0.3375,-4
0.0234,4.934768E-05,0.351,122,0.0234,-0.0001097734,0.351,-1
0.0243,1.980621E-05,0.3645,123,0.0243,-0.0002027619,0.3645,-1
0.0252,-8.96315E-05,0.378,122,0.0252,-0.0002450599,0.378,-2
0.0261,-0.0001701991,0.3915,123,0.0261,-0.0001688563,0.3915,-4
0.027,-2.047761E-05,0.405,122,0.027,-6.74754E-05,0.405,-3
0.0279,3.155566E-05,0.4185,123,0.0279,2.584878E-05,0.4185,-2
0.0288,4.39765E-05,0.432,123,0.0288,0.0001379721,0.432,-4
0.0297,7.620356E-05,0.4455,122,0.0297,0.0001319295,0.4455,-3
0.0306,6.076142E-05,0.459,122,0.0306,0.0001809415,0.459,-4
0.0315,1.712062E-05,0.4725,122,0.0315,0.0001319295,0.4725,-2
0.0324,-0.0001027237,0.486,122,0.0324,3.222705E-05,0.486,-2
0.0333,-0.000105745,0.4995,122,0.0333,2.1149E-05,0.4995,0
0.0342,-7.888914E-05,0.513,123,0.0342,-5.706874E-06,0.513,-2
0.0351,-0.0001329366,0.5265,121,0.0351,-5.572595E-05,0.5265,-5
0.036,-7.653925E-05,0.54,122,0.036,-3.860533E-05,0.54,-3
0.0369,-2.383459E-05,0.5535,123,0.0369,-6.009003E-05,0.5535,-5
0.0378,-8.392462E-06,0.567,123,0.0378,-0.000130251,0.567,-5
0.0387,-9.735256E-06,0.5805,122,0.0387,-9.097429E-05,0.5805,-4
0.0396,-1.678492E-05,0.594,122,0.0396,-1.477073E-05,0.594,-3
0.0405,-2.954147E-05,0.6075,121,0.0405,1.141375E-05,0.6075,-2
0.0414,-7.049668E-06,0.621,120,0.0414,-1.544213E-05,0.621,-2
0.0423,3.189136E-05,0.6345,120,0.0423,-6.814679E-05,0.6345,-5
0.0432,1.443504E-05,0.648,120,0.0432,-7.217517E-05,0.648,-7
0.0441,-7.049668E-06,0.6615,120,0.0441,-4.46479E-05,0.6615,-4
0.045,5.706874E-06,0.675,120,0.045,-6.478981E-05,0.675,-3
0.0459,1.980621E-05,0.6885,120,0.0459,-6.009003E-05,0.6885,-4
0.0468,7.251087E-05,0.702,120,0.0468,3.726253E-05,0.702,-4
0.0477,0.0001017166,0.7155,121,0.0477,5.505455E-05,0.7155,-3
0.0486,8.92958E-05,0.729,121,0.0486,-2.1149E-05,0.729,-4
0.0495,5.069047E-05,0.7425,121,0.0495,7.016098E-05,0.7425,-5
0.0504,0.0001178302,0.756,120,0.0504,6.344701E-05,0.756,-1
0.0513,0.0001433432,0.7695,122,0.0513,-1.309224E-05,0.7695,-7
0.0522,3.189136E-05,0.783,121,0.0522,-1.342794E-06,0.783,-3
0.0531,-9.097429E-05,0.7965,120,0.0531,2.21561E-05,0.7965,-6
0.054,-9.802396E-05,0.81,121,0.054,2.484169E-05,0.81,-1
0.0549,-0.0001386435,0.8235,122,0.0549,2.24918E-05,0.8235,-5
0.0558,-0.0001218585,0.837,121,0.0558,-3.424125E-05,0.837,-7
0.0567,5.337606E-05,0.8505,120,0.0567,-3.289845E-05,0.8505,-5
0.0576,0.0001537499,0.864,123,0.0576,-0.0001050736,0.864,-8
0.0585,0.0001654994,0.8775,121,0.0585,-0.0002024262,0.8775,-5
0.0594,-2.819867E-05,0.891,122,0.0594,-0.0002188754,0.891,-3
0.0603,-0.0001379721,0.9045,121,0.0603,-0.0001587854,0.9045,-2
0.0612,-0.000291722,0.918,120,0.0612,-7.150377E-05,0.918,-10
0.0621,-0.0003148852,0.9315,120,0.0621,8.728161E-06,0.9315,-3
0.063,-0.0001319295,0.945,121,0.063,0.0001430075,0.945,-3
0.0639,-5.740444E-05,0.9585,121,0.0639,0.0001634852,0.9585,-4
0.0648,-2.987716E-05,0.972,121,0.0648,8.82887E-05,0.972,-5
0.0657,-3.994812E-05,0.9855,120,0.0657,3.927672E-05,0.9855,-3
0.0666,-3.961242E-05,0.999,122,0.0666,4.666209E-05,0.999,-3
0.0675,-2.551309E-05,1.0125,120,0.0675,1.678492E-06,1.0125,-3
0.0684,-6.713969E-07,1.026,121,0.0684,-2.719158E-05,1.026,-3
0.0693,4.800488E-05,1.0395,122,0.0693,-3.524834E-05,1.0395,-1
0.0702,2.618448E-05,1.053,121,0.0702,-2.24918E-05,1.053,-3
0.0711,3.054856E-05,1.0665,121,0.0711,-2.014191E-05,1.0665,-5
0.072,3.256275E-05,1.08,120,0.072,-5.337606E-05,1.08,-7
0.0729,1.510643E-05,1.0935,119,0.0729,-5.941863E-05,1.0935,-6
0.07380001,1.577783E-05,1.107,120,0.07380001,-1.342794E-06,1.107,-4
0.07470001,3.289845E-05,1.1205,120,0.07470001,-1.510643E-05,1.1205,-4
0.0756,4.095522E-05,1.134,120,0.0756,-5.471885E-05,1.134,-7
0.0765,4.800488E-05,1.1475,120,0.0765,-1.644922E-05,1.1475,-3
0.0774,0.0001973907,1.161,119,0.0774,-7.049668E-06,1.161,-4
0.0783,0.0001641566,1.1745,120,0.0783,-4.33051E-05,1.1745,-3
0.0792,4.061952E-05,1.188,120,0.0792,-7.553216E-05,1.188,-2
0.0801,-1.913481E-05,1.2015,119,0.0801,-5.706874E-05,1.2015,-3
0.081,-4.49836E-05,1.215,119,0.081,-3.390555E-05,1.215,-4
0.0819,-0.0001467002,1.2285,121,0.0819,-3.054856E-05,1.2285,-4
0.0828,-0.0001114519,1.242,120,0.0828,-4.599069E-05,1.242,-5
0.0837,-1.644922E-05,1.2555,119,0.0837,-2.987716E-05,1.2555,-8
0.0846,-2.047761E-05,1.269,120,0.0846,-1.342794E-06,1.269,-5
0.0855,-2.584878E-05,1.2825,119,0.0855,-1.309224E-05,1.2825,-5
0.0864,7.049668E-06,1.296,120,0.0864,-3.155566E-05,1.296,-5
0.0873,-9.735256E-06,1.3095,121,0.0873,-1.510643E-05,1.3095,-3
0.0882,-9.063859E-06,1.323,120,0.0882,-3.121996E-05,1.323,-5
0.0891,8.358892E-05,1.3365,119,0.0891,-5.438316E-05,1.3365,-5
0.09,9.097429E-05,1.35,120,0.09,-2.719158E-05,1.35,-3
0.0909,9.365987E-05,1.3635,119,0.0909,-4.901198E-05,1.3635,-5
0.0918,0.0001044022,1.377,121,0.0918,-9.298848E-05,1.377,-3
0.0927,3.793393E-05,1.3905,120,0.0927,-8.224613E-05,1.3905,-4
0.0936,-7.150377E-05,1.404,120,0.0936,-4.934768E-05,1.404,-3
0.09450001,-5.035477E-05,1.4175,121,0.09450001,-2.551309E-05,1.4175,-2
0.09540001,-3.021286E-06,1.431,119,0.09540001,-6.378271E-06,1.431,-6
0.09630001,-2.1149E-05,1.4445,119,0.09630001,1.846342E-05,1.4445,-3
0.0972,-5.673304E-05,1.458,120,0.0972,3.021286E-06,1.458,-4
0.0981,-8.392462E-06,1.4715,120,0.0981,-3.088426E-05,1.4715,-3
0.099,5.270466E-05,1.485,120,0.099,-3.826963E-05,1.485,0
0.0999,-0.0001255512,1.4985,120,0.0999,-5.941863E-05,1.4985,-6
0.1008,-0.0001255512,1.512,120,0.1008,3.021286E-06,1.512,-2
0.1017,-7.821774E-05,1.5255,120,0.1017,7.150377E-05,1.5255,-4
0.1026,-7.956054E-05,1.539,119,0.1026,7.855344E-05,1.539,-4
0.1035,-0.0001070878,1.5525,121,0.1035,9.903105E-05,1.5525,-5
0.1044,-4.229801E-05,1.566,121,0.1044,6.915389E-05,1.566,-1
0.1053,6.6804E-05,1.5795,121,0.1053,5.035477E-06,1.5795,-4
0.1062,5.203327E-05,1.593,120,0.1062,1.309224E-05,1.593,-5
0.1071,3.289845E-05,1.6065,121,0.1071,3.457694E-05,1.6065,-4
0.108,3.356985E-06,1.62,119,0.108,1.107805E-05,1.62,-2
0.1089,-1.007095E-06,1.6335,119,0.1089,-2.349889E-06,1.6335,-8
0.1098,1.812772E-05,1.647,120,0.1098,-5.270466E-05,1.647,-4
0.1107,1.342794E-06,1.6605,118,0.1107,-9.030289E-05,1.6605,-4
0.1116,-5.069047E-05,1.674,119,0.1116,-0.0001299153,1.674,-1
0.1125,-7.049668E-05,1.6875,119,0.1125,-0.0001379721,1.6875,-3
0.1134,-8.996719E-05,1.701,119,0.1134,-0.0001040665,1.701,-3
0.1143,-3.390555E-05,1.7145,120,0.1143,1.443504E-05,1.7145,-4
0.1152,4.263371E-05,1.728,119,0.1152,8.761731E-05,1.728,-2
0.1161,1.812772E-05,1.7415,119,0.1161,8.157473E-05,1.7415,-3
0.117,-6.378271E-06,1.755,120,0.117,4.53193E-05,1.755,-3
0.1179,2.081331E-05,1.7685,118,0.1179,-3.189136E-05,1.7685,-4
0.1188,-1.342794E-06,1.782,119,0.1188,-0.0001366293,1.782,-3
0.1197,-2.584878E-05,1.7955,119,0.1197,-0.0001963836,1.7955,-2
0.1206,-1.644922E-05,1.809,120,0.1206,-0.0001802701,1.809,-2
0.1215,-1.443504E-05,1.8225,120,0.1215,-0.0001349508,1.8225,-1
0.1224,-6.713969E-06,1.836,120,0.1224,-8.191043E-05,1.836,-4
0.1233,2.517739E-05,1.8495,119,0.1233,2.1149E-05,1.8495,-4
0.1242,3.524834E-05,1.863,121,0.1242,0.0002326391,1.863,-3
0.1251,5.740444E-05,1.8765,120,0.1251,0.0002477455,1.8765,-3
0.126,3.088426E-05,1.89,119,0.126,0.0002084688,1.89,-3
0.1269,2.920577E-05,1.9035,121,0.1269,0.0001151446,1.9035,-3
0.1278,1.376364E-05,1.917,121,0.1278,5.807584E-05,1.917,0
0.1287,3.189136E-05,1.9305,120,0.1287,2.417029E-05,1.9305,-4
0.1296,6.74754E-05,1.944,120,0.1296,-2.819867E-05,1.944,-4
0.1305,6.814679E-05,1.9575,121,0.1305,-1.779202E-05,1.9575,-4
0.1314,1.745632E-05,1.971,120,0.1314,-3.961242E-05,1.971,-2
0.1323,-1.779202E-05,1.9845,120,0.1323,-6.74754E-05,1.9845,-5
0.1332,-8.392462E-06,1.998,119,0.1332,-2.047761E-05,1.998,-2
0.1341,-4.39765E-05,2.0115,120,0.1341,1.678492E-05,2.0115,-2
0.135,-5.404745E-05,2.025,120,0.135,2.719158E-05,2.025,-2
0.1359,5.035477E-06,2.0385,120,0.1359,-1.443504E-05,2.0385,-4
0.1368,-9.063859E-06,2.052,118,0.1368,-6.143282E-05,2.052,-2
0.1377,-5.270466E-05,2.0655,119,0.1377,-6.143282E-05,2.0655,-2
0.1386,-0.0001037308,2.079,119,0.1386,-5.539025E-05,2.079,-3
0.1395,-8.96315E-05,2.0925,119,0.1395,-8.96315E-05,2.0925,-4
0.1404,-2.24918E-05,2.106,119,0.1404,-0.0001007095,2.106,-5
0.1413,1.409934E-05,2.1195,119,0.1413,-1.779202E-05,2.1195,-3
0.1422,0,2.133,121,0.1422,-2.719158E-05,2.133,-4
0.1431,-3.558404E-05,2.1465,120,0.1431,-9.030289E-05,2.1465,-4
0.144,-7.049668E-06,2.16,120,0.144,-7.318227E-05,2.16,-4
0.1449,1.745632E-05,2.1735,120,0.1449,-7.150377E-05,2.1735,-5
0.1458,4.162661E-05,2.187,120,0.1458,-9.433127E-05,2.187,-2
0.1467,4.733349E-05,2.2005,120,0.1467,-0.0001054093,2.2005,-5
0.1476,3.826963E-05,2.214,120,0.1476,-4.599069E-05,2.214,-2
0.1485,-4.196231E-05,2.2275,120,0.1485,-9.399558E-06,2.2275,-3
0.1494,-7.217517E-05,2.241,119,0.1494,3.692683E-06,2.241,-5
0.1503,-2.517739E-05,2.2545,120,0.1503,-1.913481E-05,2.2545,-3
0.1512,5.035477E-06,2.268,120,0.1512,-2.1149E-05,2.268,-5
0.1521,0.0001305867,2.2815,120,0.1521,-9.063859E-06,2.2815,-4
0.153,0.0001591211,2.295,119,0.153,-5.203327E-05,2.295,-3
0.1539,0.0001134661,2.3085,120,0.1539,-8.72816E-05,2.3085,-4
0.1548,2.1149E-05,2.322,120,0.1548,-3.323415E-05,2.322,-5
0.1557,-2.316319E-05,2.3355,120,0.1557,-3.524834E-05,2.3355,-3
0.1566,-0.0001339437,2.349,121,0.1566,-5.035477E-05,2.349,-3
0.1575,-0.0001399863,2.3625,120,0.1575,1.242084E-05,2.3625,-4
0.1584,-1.174945E-05,2.376,121,0.1584,5.069047E-05,2.376,-3
0.1593,6.51255E-05,2.3895,121,0.1593,5.203327E-05,2.3895,-4
0.1602,1.376364E-05,2.403,121,0.1602,-4.36408E-06,2.403,-5
0.1611,-4.061952E-05,2.4165,120,0.1611,-1.779202E-05,2.4165,-3
0.162,-7.956054E-05,2.43,120,0.162,9.735256E-06,2.43,-5
0.1629,5.706874E-06,2.4435,120,0.1629,8.392462E-06,2.4435,-2
0.1638,0.0001070878,2.457,121,0.1638,-3.692683E-06,2.457,0
0.1647,5.001907E-05,2.4705,120,0.1647,2.349889E-06,2.4705,0
0.1656,-0.0001789273,2.484,120,0.1656,-2.1149E-05,2.484,-3
0.1665,-0.0002997787,2.4975,120,0.1665,-1.376364E-05,2.4975,-3
0.1674,-0.0002487526,2.511,120,0.1674,-5.035477E-05,2.511,-3
0.1683,-8.82887E-05,2.5245,122,0.1683,-3.927672E-05,2.5245,-1
0.1692,-3.054856E-05,2.538,121,0.1692,-5.874724E-05,2.538,-6
0.1701,-5.706874E-06,2.5515,121,0.1701,-0.000105745,2.5515,-4
0.171,9.735256E-06,2.565,120,0.171,-4.46479E-05,2.565,-1
0.1719,6.277562E-05,2.5785,122,0.1719,3.457694E-05,2.5785,-3
0.1728,0.0002064546,2.592,119,0.1728,-1.309224E-05,2.592,-3
0.1737,3.726253E-05,2.6055,121,0.1737,-9.332418E-05,2.6055,0
0.1746,-0.0001238727,2.619,121,0.1746,-7.586786E-05,2.619,-5
0.1755,-0.0001366293,2.6325,120,0.1755,-7.956054E-05,2.6325,-5
0.1764,-0.0001426719,2.646,122,0.1764,-6.948959E-05,2.646,-4
0.1773,-7.418937E-05,2.6595,120,0.1773,-1.779202E-05,2.6595,-3
0.1782,3.021286E-06,2.673,121,0.1782,0.0001044022,2.673,-4
0.1791,-1.678492E-06,2.6865,120,0.1791,0.0001997406,2.6865,-5
0.18,-7.721065E-06,2.7,122,0.18,0.0001037308,2.7,-5
0.1809,3.591974E-05,2.7135,121,0.1809,3.390555E-05,2.7135,0
0.1818,4.162661E-05,2.727,122,0.1818,5.304036E-05,2.727,-5
0.1827,2.584878E-05,2.7405,121,0.1827,1.376364E-05,2.7405,-7
0.1836,5.471885E-05,2.754,119,0.1836,-3.927672E-05,2.754,-3
0.1845,4.129091E-05,2.7675,120,0.1845,-1.510643E-05,2.7675,-2
0.1854,5.706874E-05,2.781,121,0.1854,-4.36408E-06,2.781,-3
0.1863,3.927672E-05,2.7945,120,0.1863,-2.081331E-05,2.7945,-3
0.1872,4.061952E-05,2.808,121,0.1872,-2.081331E-05,2.808,-4
0.1881,4.129091E-05,2.8215,120,0.1881,0,2.8215,-6
0.189,1.812772E-05,2.835,121,0.189,-3.256275E-05,2.835,-6
0.1899,2.484169E-05,2.8485,121,0.1899,-4.39765E-05,2.8485,-2
0.1908,4.599069E-05,2.862,120,0.1908,-4.196231E-05,2.862,-5
0.1917,1.812772E-05,2.8755,121,0.1917,-3.054856E-05,2.8755,-4
0.1926,3.692683E-06,2.889,120,0.1926,-3.155566E-05,2.889,-3
0.1935,1.712062E-05,2.9025,121,0.1935,-4.46479E-05,2.9025,-3
0.1944,1.644922E-05,2.916,121,0.1944,-9.735256E-05,2.916,-4
0.1953,-3.692683E-06,2.9295,122,0.1953,-7.956054E-05,2.9295,-3
0.1962,1.846342E-05,2.943,121,0.1962,-8.291753E-05,2.943,-2
0.1971,2.652018E-05,2.9565,120,0.1971,-9.735256E-05,2.9565,-1
0.198,1.275654E-05,2.97,120,0.198,-3.524834E-05,2.97,0
0.1989,-1.947051E-05,2.9835,121,0.1989,1.443504E-05,2.9835,-2
0.1998,7.385367E-06,2.997,121,0.1998,2.014191E-06,2.997,-1
0.2007,1.712062E-05,3.0105,121,0.2007,3.356985E-06,3.0105,-2
0.2016,-3.457694E-05,3.024,121,0.2016,-1.107805E-05,3.024,-2
0.2025,-4.565499E-05,3.0375,121,0.2025,-2.819867E-05,3.0375,-3
0.2034,-3.289845E-05,3.051,120,0.2034,-4.129091E-05,3.051,-8
0.2043,-7.049668E-06,3.0645,118,0.2043,-5.639734E-05,3.0645,-2
0.2052,6.042573E-06,3.078,120,0.2052,-1.846342E-05,3.078,-5
0.2061,2.685588E-06,3.0915,120,0.2061,4.43122E-05,3.0915,-5
0.207,1.443504E-05,3.105,0,0.207,1.107805E-05,3.105,0
0.2079,2.752728E-05,3.1185,0,0.2079,7.721065E-06,3.1185,0
0.2088,-3.424125E-05,3.132,0,0.2088,8.291753E-05,3.132,0
0.2097,-4.46479E-05,3.1455,0,0.2097,3.457694E-05,3.1455,0
0.2106,8.392462E-06,3.159,0,0.2106,-3.356985E-05,3.159,0
0.2115,-3.021286E-06,3.1725,0,0.2115,-4.36408E-05,3.1725,0
0.2124,-1.678492E-06,3.186,0,0.2124,-5.136187E-05,3.186,0
0.2133,1.577783E-05,3.1995,0,0.2133,-4.36408E-05,3.1995,0
0.2142,3.021286E-05,3.213,0,0.2142,-1.342794E-06,3.213,0
0.2151,-2.719158E-05,3.2265,0,0.2151,2.316319E-05,3.2265,0
0.216,-8.392462E-06,3.24,0,0.216,-9.063859E-06,3.24,0
0.2169,-1.141375E-05,3.2535,0,0.2169,-3.692683E-05,3.2535,0
0.2178,-7.956054E-05,3.267,0,0.2178,-5.706874E-05,3.267,0
0.2187,-2.417029E-05,3.2805,0,0.2187,-5.841154E-05,3.2805,0
0.2196,7.721065E-06,3.294,0,0.2196,-0.0001131304,3.294,0
0.2205,-4.46479E-05,3.3075,0,0.2205,-0.000207126,3.3075,0
0.2214,-3.524834E-05,3.321,0,0.2214,-0.0001960479,3.321,0
0.2223,-2.349889E-06,3.3345,0,0.2223,-6.109713E-05,3.3345,0
0.2232,-2.853437E-05,3.348,0,0.2232,1.007095E-06,3.348,0
0.2241,-1.174945E-05,3.3615,0,0.2241,8.291753E-05,3.3615,0
0.225,-2.047761E-05,3.375,0,0.225,0.0002131685,3.375,0
0.2259,-2.383459E-05,3.3885,0,0.2259,0.0001208515,3.3885,0
0.2268,-3.793393E-05,3.402,0,0.2268,-3.692683E-06,3.402,0
0.2277,-4.129091E-05,3.4155,0,0.2277,-3.121996E-05,3.4155,0
0.2286,-2.450599E-05,3.429,0,0.2286,-2.047761E-05,3.429,0
0.2295,-4.632639E-05,3.4425,0,0.2295,5.035477E-06,3.4425,0
0.2304,-2.920577E-05,3.456,0,0.2304,6.210422E-05,3.456,0
0.2313,2.752728E-05,3.4695,0,0.2313,8.358892E-05,3.4695,0
0.2322,-2.853437E-05,3.483,0,0.2322,7.049668E-05,3.483,0
0.2331,-1.980621E-05,3.4965,0,0.2331,9.063859E-06,3.4965,0
0.234,6.411841E-05,3.51,0,0.234,-6.814679E-05,3.51,0
0.2349,0.0001245441,3.5235,0,0.2349,-9.970245E-05,3.5235,0
0.2358,7.855344E-05,3.537,0,0.2358,-6.915389E-05,3.537,0
0.2367,3.726253E-05,3.5505,0,0.2367,-7.620356E-05,3.5505,0
0.2376,3.021286E-06,3.564,0,0.2376,-6.57969E-05,3.564,0
0.2385,-6.210422E-05,3.5775,0,0.2385,6.378271E-06,3.5775,0
0.2394,-6.74754E-05,3.591,0,0.2394,7.183947E-05,3.591,0
0.2403,-3.659113E-05,3.6045,0,0.2403,8.89601E-05,3.6045,0
0.2412,3.356985E-07,3.618,0,0.2412,0.000105745,3.618,0
0.2421,8.392462E-06,3.6315,0,0.2421,6.176852E-05,3.6315,0
0.243,1.779202E-05,3.645,0,0.243,-1.074235E-05,3.645,0
0.2439,1.309224E-05,3.6585,0,0.2439,-2.014191E-05,3.6585,0
0.2448,2.24918E-05,3.672,0,0.2448,-4.934768E-05,3.672,0
0.2457,3.054856E-05,3.6855,0,0.2457,-3.994812E-05,3.6855,0
0.2466,3.356985E-07,3.699,0,0.2466,-2.1149E-05,3.699,0
0.2475,-8.358892E-05,3.7125,0,0.2475,-6.243992E-05,3.7125,0
0.2484,-7.553216E-05,3.726,0,0.2484,-8.69459E-05,3.726,0
0.2493,-5.304036E-05,3.7395,0,0.2493,-6.411841E-05,3.7395,0
0.2502,-8.392462E-05,3.753,0,0.2502,-7.049668E-05,3.753,0
0.2511,-2.786297E-05,3.7665,0,0.2511,-0.0001037308,3.7665,0
0.252,-2.18204E-05,3.78,0,0.252,-6.6804E-05,3.78,0
0.2529,-4.061952E-05,3.7935,0,0.2529,-1.980621E-05,3.7935,0
0.2538,-4.36408E-06,3.807,0,0.2538,-6.478981E-05,3.807,0
0.2547,8.96315E-05,3.8205,0,0.2547,-7.016098E-05,3.8205,0
0.2556,0.0001540856,3.834,0,0.2556,-3.826963E-05,3.834,0
0.2565,0.0001957122,3.8475,0,0.2565,-4.901198E-05,3.8475,0
0.2574,0.0002047761,3.861,0,0.2574,-7.956054E-05,3.861,0
0.2583,0.0001178302,3.8745,0,0.2583,-6.210422E-05,3.8745,0
0.2592,-1.376364E-05,3.888,0,0.2592,-2.786297E-05,3.888,0
0.2601,-0.0002396887,3.9015,0,0.2601,1.443504E-05,3.9015,0
0.261,-0.0003336843,3.915,0,0.261,2.316319E-05,3.915,0
0.2619,-0.0001305867,3.9285,0,0.2619,4.263371E-05,3.9285,0
0.2628,-7.821774E-05,3.942,0,0.2628,6.54612E-05,3.942,0
0.2637,-0.0001352865,3.9555,0,0.2637,7.721065E-06,3.9555,0
0.2646,-0.0001084306,3.969,0,0.2646,-5.505455E-05,3.969,0
0.2655,-2.24918E-05,3.9825,0,0.2655,-1.980621E-05,3.9825,0
0.2664,6.143282E-05,3.996,0,0.2664,-6.378271E-06,3.996,0
0.2673,3.356985E-07,4.0095,0,0.2673,-7.486076E-05,4.0095,0
0.2682,-3.021286E-06,4.023,0,0.2682,-6.076142E-05,4.023,0
0.2691,1.577783E-05,4.0365,0,0.2691,-6.51255E-05,4.0365,0
0.27,-3.289845E-05,4.05,0,0.27,-0.0001366293,4.05,0
0.2709,-6.445411E-05,4.0635,0,0.2709,-0.0001517357,4.0635,0
0.2718,-3.894102E-05,4.077,0,0.2718,-0.000148043,4.077,0
0.2727,3.121996E-05,4.0905,0,0.2727,-8.69459E-05,4.0905,0
0.2736,5.035477E-05,4.104,0,0.2736,-9.063859E-06,4.104,0
0.2745,3.424125E-05,4.1175,0,0.2745,6.143282E-05,4.1175,0
0.2754,2.450599E-05,4.131,0,0.2754,0.0001534142,4.131,0
0.2763,-6.915389E-05,4.1445,0,0.2763,0.000112459,4.1445,0
0.2772,-0.000144686,4.158,0,0.2772,0.0001195087,4.158,0
0.2781,0.000112459,4.1715,0,0.2781,9.903105E-05,4.1715,0
0.279,9.970245E-05,4.185,0,0.279,6.143282E-05,4.185,0
0.2799,9.231708E-05,4.1985,0,0.2799,4.733349E-05,4.1985,0
0.2808,0.0002500954,4.212,0,0.2808,-2.014191E-06,4.212,0
0.2817,0.0002467384,4.2255,0,0.2817,-7.385367E-06,4.2255,0
0.2826,0.0001930266,4.239,0,0.2826,7.049668E-06,4.239,0
0.2835,0.0001409934,4.2525,0,0.2835,0,4.2525,0
0.2844,-2.618448E-05,4.266,0,0.2844,-1.779202E-05,4.266,0
0.2853,-0.0003702754,4.2795,0,0.2853,-4.095522E-05,4.2795,0
0.2862,-0.0004078737,4.293,0,0.2862,-3.524834E-05,4.293,0
0.2871,-0.0002413672,4.3065,0,0.2871,-4.263371E-05,4.3065,0
0.288,-0.0001164874,4.32,0,0.288,-7.116808E-05,4.32,0
0.2889,-3.994812E-05,4.3335,0,0.2889,-6.948959E-05,4.3335,0
0.2898,-2.28275E-05,4.347,0,0.2898,-2.853437E-05,4.347,0
0.2907,-3.054856E-05,4.3605,0,0.2907,-6.076142E-05,4.3605,0
0.2916,3.356985E-07,4.374,0,0.2916,-9.500267E-05,4.374,0
0.2925,1.544213E-05,4.3875,0,0.2925,-4.968337E-05,4.3875,0
0.2934,4.129091E-05,4.401,0,0.2934,-3.222705E-05,4.401,0
0.2943,3.759823E-05,4.4145,0,0.2943,-5.505455E-05,4.4145,0
0.2952,-7.721065E-06,4.428,0,0.2952,-3.726253E-05,4.428,0
0.2961,7.721065E-06,4.4415,0,0.2961,-2.450599E-05,4.4415,0
0.297,6.378271E-06,4.455,0,0.297,-2.719158E-05,4.455,0
0.2979,2.047761E-05,4.4685,0,0.2979,-1.644922E-05,4.4685,0
0.2988,5.505455E-05,4.482,0,0.2988,-3.994812E-05,4.482,0
0.2997,7.754635E-05,4.4955,0,0.2997,-4.263371E-05,4.4955,0
0.3006,9.567407E-05,4.509,0,0.3006,3.021286E-06,4.509,0
0.3015,8.89601E-05,4.5225,0,0.3015,1.309224E-05,4.5225,0
0.3024,3.793393E-05,4.536,0,0.3024,-1.544213E-05,4.536,0
0.3033,1.678492E-06,4.5495,0,0.3033,4.699779E-06,4.5495,0
0.3042,3.524834E-05,4.563,0,0.3042,2.551309E-05,4.563,0
0.3051,2.517739E-05,4.5765,0,0.3051,-2.1149E-05,4.5765,0
0.306,-4.632639E-05,4.59,0,0.306,-3.021286E-06,4.59,0
0.3069,-6.176852E-05,4.6035,0,0.3069,-3.021286E-06,4.6035,0
0.3078,-1.007095E-06,4.617,0,0.3078,-7.351797E-05,4.617,0
0.3087,2.517739E-05,4.6305,0,0.3087,-0.0001238727,4.6305,0
0.3096,-3.692683E-06,4.644,0,0.3096,-0.0001101091,4.644,0
0.3105,-7.049668E-06,4.6575,0,0.3105,-7.922484E-05,4.6575,0
0.3114,7.721065E-06,4.671,0,0.3114,-6.210422E-05,4.671,0
0.3123,-4.43122E-05,4.6845,0,0.3123,-7.049668E-05,4.6845,0
0.3132,-4.196231E-05,4.698,0,0.3132,-1.107805E-05,4.698,0
0.3141,-3.692683E-06,4.7115,0,0.3141,7.620356E-05,4.7115,0
0.315,3.088426E-05,4.725,0,0.315,9.365987E-05,4.725,0
0.3159,4.028382E-06,4.7385,0,0.3159,3.826963E-05,4.7385,0
0.3168,-5.572595E-05,4.752,0,0.3168,-8.392462E-06,4.752,0
0.3177,-2.652018E-05,4.7655,0,0.3177,-3.894102E-05,4.7655,0
0.3186,-1.208515E-05,4.779,0,0.3186,-8.89601E-05,4.779,0
0.3195,-1.779202E-05,4.7925,0,0.3195,-3.491264E-05,4.7925,0
0.3204,-7.385367E-06,4.806,0,0.3204,6.74754E-05,4.806,0
0.3213,-1.376364E-05,4.8195,0,0.3213,0.0001430075,4.8195,0
0.3222,-2.417029E-05,4.833,0,0.3222,0.0002682231,4.833,0
0.3231,-3.121996E-05,4.8465,0,0.3231,0.0001604639,4.8465,0
0.324,-9.063859E-06,4.86,0,0.324,4.53193E-05,4.86,0
0.3249,-4.699779E-06,4.8735,0,0.3249,1.174945E-05,4.8735,0
0.3258,-3.692683E-06,4.887,0,0.3258,-3.021286E-05,4.887,0
0.3267,-4.699779E-06,4.9005,0,0.3267,-2.887007E-05,4.9005,0
0.3276,1.846342E-05,4.914,0,0.3276,-2.383459E-05,4.914,0
0.3285,1.040665E-05,4.9275,0,0.3285,-5.270466E-05,4.9275,0
0.3294,2.014191E-06,4.941,0,0.3294,-8.761731E-05,4.941,0
0.3303,3.356985E-06,4.9545,0,0.3303,-3.961242E-05,4.9545,0
0.3312,3.021286E-06,4.968,0,0.3312,-5.572595E-05,4.968,0
0.3321,3.021286E-06,4.9815,0,0.3321,-7.721065E-05,4.9815,0
0.333,7.721065E-06,4.995,0,0.333,-2.450599E-05,4.995,0
0.3339,2.652018E-05,5.0085,0,0.3339,-1.577783E-05,5.0085,0
0.3348,6.277562E-05,5.022,0,0.3348,-8.358892E-05,5.022,0
0.3357,7.150377E-05,5.0355,0,0.3357,-0.0001185016,5.0355,0
0.3366,1.040665E-05,5.049,0,0.3366,-0.000136965,5.049,0
0.3375,-1.779202E-05,5.0625,0,0.3375,-0.0001332723,5.0625,0
0.3384,-3.726253E-05,5.076,0,0.3384,-0.000109102,5.076,0
0.3393,-5.169757E-05,5.0895,0,0.3393,-9.198138E-05,5.0895,0
0.3402,-7.016098E-05,5.103,0,0.3402,-2.484169E-05,5.103,0
0.3411,-0.0001131304,5.1165,0,0.3411,6.61326E-05,5.1165,0
0.342,-5.136187E-05,5.13,0,0.342,9.097429E-05,5.13,0
0.3429,2.1149E-05,5.1435,0,0.3429,2.1149E-05,5.1435,0
0.3438,-3.021286E-06,5.157,0,0.3438,1.174945E-05,5.157,0
0.3447,-3.356985E-06,5.1705,0,0.3447,6.713969E-07,5.1705,0
0.3456,-5.505455E-05,5.184,0,0.3456,-4.666209E-05,5.184,0
0.3465,-6.009003E-05,5.1975,0,0.3465,-2.014191E-06,5.1975,0
0.3474,3.692683E-06,5.211,0,0.3474,1.376364E-05,5.211,0
0.3483,-1.174945E-05,5.2245,0,0.3483,-2.24918E-05,5.2245,0
0.3492,-6.042573E-05,5.238,0,0.3492,-5.706874E-06,5.238,0
0.3501,-4.733349E-05,5.2515,0,0.3501,1.510643E-05,5.2515,0
0.351,6.713969E-06,5.265,0,0.351,1.309224E-05,5.265,0
0.3519,-8.392462E-06,5.2785,0,0.3519,-1.174945E-05,5.2785,0
0.3528,-3.457694E-05,5.292,0,0.3528,-3.524834E-05,5.292,0
0.3537,1.712062E-05,5.3055,0,0.3537,-2.652018E-05,5.3055,0
0.3546,7.049668E-06,5.319,0,0.3546,-1.980621E-05,5.319,0
0.3555,-7.721065E-06,5.3325,0,0.3555,-5.136187E-05,5.3325,0
0.3564,3.390555E-05,5.346,0,0.3564,-4.766919E-05,5.346,0
0.3573,1.812772E-05,5.3595,0,0.3573,-1.107805E-05,5.3595,0
0.3582,-1.644922E-05,5.373,0,0.3582,-1.913481E-05,5.373,0
0.3591,-4.36408E-06,5.3865,0,0.3591,-6.042573E-05,5.3865,0
0.36,-2.047761E-05,5.4,0,0.36,-2.652018E-05,5.4,0
0.3609,-2.18204E-05,5.4135,0,0.3609,-2.18204E-05,5.4135,0
0.3618,-3.021286E-06,5.427,0,0.3618,-4.867628E-05,5.427,0
0.3627,9.063859E-06,5.4405,0,0.3627,-4.129091E-05,5.4405,0
0.3636,-2.584878E-05,5.454,0,0.3636,-1.577783E-05,5.454,0
0.3645,1.007095E-06,5.4675,0,0.3645,-1.712062E-05,5.4675,0
0.3654,2.349889E-06,5.481,0,0.3654,-1.779202E-05,5.481,0
0.3663,-3.021286E-06,5.4945,0,0.3663,-3.256275E-05,5.4945,0
0.3672,2.920577E-05,5.508,0,0.3672,-1.611353E-05,5.508,0
0.3681,2.1149E-05,5.5215,0,0.3681,8.392462E-06,5.5215,0
0.369,4.196231E-05,5.535,0,0.369,-1.208515E-05,5.535,0
0.3699,9.701686E-05,5.5485,0,0.3699,-1.913481E-05,5.5485,0
0.3708,5.438316E-05,5.562,0,0.3708,-2.752728E-05,5.562,0
0.3717,4.53193E-05,5.5755,0,0.3717,-3.793393E-05,5.5755,0
0.3726,3.121996E-05,5.589,0,0.3726,-3.625543E-05,5.589,0
0.3735,-4.129091E-05,5.6025,0,0.3735,7.049668E-06,5.6025,0
0.3744,-8.358892E-05,5.616,0,0.3744,1.712062E-05,5.616,0
0.3753,-0.0001332723,5.6295,0,0.3753,-1.275654E-05,5.6295,0
0.3762,-0.0001329366,5.643,0,0.3762,5.706874E-06,5.643,0
0.3771,-0.0001094377,5.6565,0,0.3771,7.385367E-06,5.6565,0
0.378,-5.874724E-05,5.67,0,0.378,-1.678492E-06,5.67,0
0.3789,-3.860533E-05,5.6835,0,0.3789,-4.263371E-05,5.6835,0
0.3798,-3.289845E-05,5.697,0,0.3798,-6.210422E-05,5.697,0
0.3807,-3.088426E-05,5.7105,0,0.3807,-4.061952E-05,5.7105,0
0.3816,-9.063859E-06,5.724,0,0.3816,-2.24918E-05,5.724,0
0.3825,1.577783E-05,5.7375,0,0.3825,-1.846342E-05,5.7375,0
0.3834,2.24918E-05,5.751,0,0.3834,-8.728161E-06,5.751,0
0.3843,3.961242E-05,5.7645,0,0.3843,2.517739E-05,5.7645,0
0.3852,8.023193E-05,5.778,0,0.3852,4.36408E-06,5.778,0
0.3861,8.82887E-05,5.7915,0,0.3861,-5.136187E-05,5.7915,0
0.387,4.263371E-05,5.805,0,0.387,-1.107805E-05,5.805,0
0.3879,5.236896E-05,5.8185,0,0.3879,3.356985E-06,5.8185,0
0.3888,3.189136E-05,5.832,0,0.3888,-5.069047E-05,5.832,0
0.3897,1.577783E-05,5.8455,0,0.3897,-4.53193E-05,5.8455,0
0.3906,1.712062E-05,5.859,0,0.3906,-1.745632E-05,5.859,0
0.3915,1.141375E-05,5.8725,0,0.3915,-3.759823E-05,5.8725,0
0.3924,4.028382E-06,5.886,0,0.3924,-4.699779E-06,5.886,0
0.3933,1.678492E-06,5.8995,0,0.3933,-1.544213E-05,5.8995,0
0.3942,-8.392462E-06,5.913,0,0.3942,-2.1149E-05,5.913,0
0.3951,-1.107805E-05,5.9265,0,0.3951,-1.779202E-05,5.9265,0
0.396,-4.968337E-05,5.94,0,0.396,-4.666209E-05,5.94,0
0.3969,-6.411841E-05,5.9535,0,0.3969,-4.43122E-05,5.9535,0
0.3978,-8.023193E-05,5.967,0,0.3978,3.356985E-07,5.967,0
0.3987,-3.793393E-05,5.9805,0,0.3987,-1.208515E-05,5.9805,0
0.3996,3.256275E-05,5.994,0,0.3996,-5.035477E-05,5.994,0
0.4005,5.069047E-05,6.0075,0,0.4005,-7.049668E-06,6.0075,0
0.4014,5.069047E-05,6.021,0,0.4014,6.713969E-07,6.021,0
0.4023,3.323415E-05,6.0345,0,0.4023,-2.18204E-05,6.0345,0
0.4032,-2.014191E-06,6.048,0,0.4032,-2.047761E-05,6.048,0
0.4041,-2.887007E-05,6.0615,0,0.4041,2.081331E-05,6.0615,0
0.405,-6.61326E-05,6.075,0,0.405,5.035477E-06,6.075,0
0.4059,-4.43122E-05,6.0885,0,0.4059,-1.376364E-05,6.0885,0
0.4068,-3.289845E-05,6.102,0,0.4068,-4.229801E-05,6.102,0
0.4077,-3.558404E-05,6.1155,0,0.4077,-2.652018E-05,6.1155,0
0.4086,-1.309224E-05,6.129,0,0.4086,6.713969E-07,6.129,0
0.4095,-1.678492E-05,6.1425,0,0.4095,-1.242084E-05,6.1425,0
0.4104,-1.745632E-05,6.156,0,0.4104,-4.49836E-05,6.156,0
0.4113,-2.18204E-05,6.1695,0,0.4113,-7.049668E-06,6.1695,0
0.4122,-1.644922E-05,6.183,0,0.4122,-1.678492E-06,6.183,0
0.4131,-3.323415E-05,6.1965,0,0.4131,-4.632639E-05,6.1965,0
0.414,-8.728161E-06,6.21,0,0.414,3.323415E-05,6.21,0
0.4149,3.356985E-06,6.2235,0,0.4149,1.577783E-05,6.2235,0
0.4158,-3.524834E-05,6.237,0,0.4158,-5.203327E-05,6.237,0
0.4167,-1.309224E-05,6.2505,0,0.4167,-3.826963E-05,6.2505,0
0.4176,-3.021286E-06,6.264,0,0.4176,-2.987716E-05,6.264,0
0.4185,-2.24918E-05,6.2775,0,0.4185,-1.644922E-05,6.2775,0
0.4194,-2.652018E-05,6.291,0,0.4194,-4.028382E-06,6.291,0
0.4203,5.035477E-06,6.3045,0,0.4203,1.007095E-06,6.3045,0
0.4212,9.735256E-06,6.318,0,0.4212,2.1149E-05,6.318,0
0.4221,3.692683E-06,6.3315,0,0.4221,1.040665E-05,6.3315,0
0.423,1.577783E-05,6.345,0,0.423,-2.081331E-05,6.345,0
0.4239,-3.356985E-07,6.3585,0,0.4239,-4.196231E-05,6.3585,0
0.4248,-7.049668E-06,6.372,0,0.4248,-6.042573E-06,6.372,0
0.4257,3.524834E-05,6.3855,0,0.4257,5.035477E-06,6.3855,0
0.4266,4.53193E-05,6.399,0,0.4266,-3.256275E-05,6.399,0
0.4275,-1.174945E-05,6.4125,0,0.4275,-1.141375E-05,6.4125,0
0.4284,-1.913481E-05,6.426,0,0.4284,-2.987716E-05,6.426,0
0.4293,2.014191E-06,6.4395,0,0.4293,-7.888914E-05,6.4395,0
0.4302,-5.706874E-06,6.453,0,0.4302,-9.231708E-05,6.453,0
0.4311,1.409934E-05,6.4665,0,0.4311,-0.0001389792,6.4665,0
0.432,1.577783E-05,6.48,0,0.432,-0.0001708705,6.48,0
0.4329,7.721065E-06,6.4935,0,0.4329,-0.000148043,6.4935,0
0.4338,3.054856E-05,6.507,0,0.4338,-0.0001255512,6.507,0
0.4347,5.337606E-05,6.5205,0,0.4347,-5.706874E-06,6.5205,0
0.4356,-3.659113E-05,6.534,0,0.4356,0.0001188373,6.534,0
0.4365,-0.0001292439,6.5475,0,0.4365,0.0001628138,6.5475,0
0.4374,-7.586786E-05,6.561,0,0.4374,0.000197055,6.561,0
0.4383,-3.289845E-05,6.5745,0,0.4383,0.0001644923,6.5745,0
0.4392,-2.21561E-05,6.588,0,0.4392,7.217517E-05,6.588,0
0.4401,-1.242084E-05,6.6015,0,0.4401,-5.706874E-06,6.6015,0
0.441,-2.18204E-05,6.615,0,0.441,8.728161E-06,6.615,0
0.4419,-2.383459E-05,6.6285,0,0.4419,1.879912E-05,6.6285,0
0.4428,-3.121996E-05,6.642,0,0.4428,-1.712062E-05,6.642,0
0.4437,-4.766919E-05,6.6555,0,0.4437,-3.021286E-05,6.6555,0
0.4446,-6.814679E-05,6.669,0,0.4446,-1.544213E-05,6.669,0
0.4455,-1.141375E-05,6.6825,0,0.4455,-2.719158E-05,6.6825,0
0.4464,1.443504E-05,6.696,0,0.4464,-3.927672E-05,6.696,0
0.4473,-1.007095E-06,6.7095,0,0.4473,-5.505455E-05,6.7095,0
0.4482,7.721065E-06,6.723,0,0.4482,-2.719158E-05,6.723,0
0.4491,-7.721065E-06,6.7365,0,0.4491,5.035477E-06,6.7365,0
0.45,3.356985E-06,6.75,0,0.45,3.121996E-05,6.75,0
0.4509,2.517739E-05,6.7635,0,0.4509,-1.376364E-05,6.7635,0
0.4518,5.203327E-05,6.777,0,0.4518,-2.584878E-05,6.777,0
0.4527,7.486076E-05,6.7905,0,0.4527,-6.344701E-05,6.7905,0
0.4536,7.888914E-05,6.804,0,0.4536,-0.0001134661,6.804,0
0.4545,5.941863E-05,6.8175,0,0.4545,-3.793393E-05,6.8175,0
0.4554,7.016098E-05,6.831,0,0.4554,-2.081331E-05,6.831,0
0.4563,2.24918E-05,6.8445,0,0.4563,-7.150377E-05,6.8445,0
0.4572,2.1149E-05,6.858,0,0.4572,-5.069047E-05,6.858,0
0.4581,1.443504E-05,6.8715,0,0.4581,-2.28275E-05,6.8715,0
0.459,-1.510643E-05,6.885,0,0.459,-3.894102E-05,6.885,0
0.4599,-9.433127E-05,6.8985,0,0.4599,-3.894102E-05,6.8985,0
0.4608,-0.0001577783,6.912,0,0.4608,-5.774014E-05,6.912,0
0.4617,-4.733349E-05,6.9255,0,0.4617,-3.524834E-05,6.9255,0
0.4626,-3.692683E-05,6.939,0,0.4626,-1.812772E-05,6.939,0
0.4635,-1.846342E-05,6.9525,0,0.4635,-3.121996E-05,6.9525,0
0.4644,-1.107805E-05,6.966,0,0.4644,-3.121996E-05,6.966,0
0.4653,-3.256275E-05,6.9795,0,0.4653,9.399558E-06,6.9795,0
0.4662,-1.510643E-05,6.993,0,0.4662,0,6.993,0
0.4671,4.028382E-06,7.0065,0,0.4671,-5.404745E-05,7.0065,0
0.468,-2.719158E-05,7.02,0,0.468,-1.644922E-05,7.02,0
0.4689,-3.692683E-05,7.0335,0,0.4689,-3.457694E-05,7.0335,0
0.4698,-1.846342E-05,7.047,0,0.4698,-6.881819E-05,7.047,0
0.4707,1.208515E-05,7.0605,0,0.4707,-1.644922E-05,7.0605,0
0.4716,3.860533E-05,7.074,0,0.4716,1.779202E-05,7.074,0
0.4725,-5.706874E-06,7.0875,0,0.4725,-7.687495E-05,7.0875,0
0.4734,5.035477E-06,7.101,0,0.4734,-5.941863E-05,7.101,0
0.4743,3.826963E-05,7.1145,0,0.4743,-4.028382E-05,7.1145,0
0.4752,2.1149E-05,7.128,0,0.4752,-4.33051E-05,7.128,0
0.4761,-7.049668E-06,7.1415,0,0.4761,1.040665E-05,7.1415,0
0.477,-1.107805E-05,7.155,0,0.477,1.745632E-05,7.155,0
0.4779,3.021286E-05,7.1685,0,0.4779,-1.678492E-06,7.1685,0
0.4788,4.599069E-05,7.182,0,0.4788,6.713969E-06,7.182,0
0.4797,8.392462E-06,7.1955,0,0.4797,-1.040665E-05,7.1955,0
0.4806,1.779202E-05,7.209,0,0.4806,-4.632639E-05,7.209,0
0.4815,1.577783E-05,7.2225,0,0.4815,-9.063859E-06,7.2225,0
0.4824,2.349889E-06,7.236,0,0.4824,-1.309224E-05,7.236,0
0.4833,-9.063859E-06,7.2495,0,0.4833,-2.987716E-05,7.2495,0
0.4842,-5.035477E-06,7.263,0,0.4842,-2.1149E-05,7.263,0
0.4851,-3.457694E-05,7.2765,0,0.4851,-6.713969E-06,7.2765,0
0.486,-4.901198E-05,7.29,0,0.486,-9.063859E-06,7.29,0
0.4869,-5.941863E-05,7.3035,0,0.4869,-4.229801E-05,7.3035,0
0.4878,-3.591974E-05,7.317,0,0.4878,-6.74754E-05,7.317,0
0.4887,-6.378271E-06,7.3305,0,0.4887,-4.229801E-05,7.3305,0
0.4896,6.042573E-06,7.344,0,0.4896,-2.349889E-05,7.344,0
0.4905,3.457694E-05,7.3575,0,0.4905,-1.040665E-05,7.3575,0
0.4914,-1.745632E-05,7.371,0,0.4914,-6.378271E-06,7.371,0
0.4923,-9.265278E-05,7.3845,0,0.4923,4.129091E-05,7.3845,0
0.4932,-7.083238E-05,7.398,0,0.4932,6.78111E-05,7.398,0
0.4941,-3.256275E-05,7.4115,0,0.4941,-2.047761E-05,7.4115,0
0.495,-1.779202E-05,7.425,0,0.495,-3.155566E-05,7.425,0
0.4959,-1.544213E-05,7.4385,0,0.4959,-7.049668E-06,7.4385,0
0.4968,-2.752728E-05,7.452,0,0.4968,-2.450599E-05,7.452,0
0.4977,-5.438316E-05,7.4655,0,0.4977,2.014191E-06,7.4655,0
0.4986,-4.53193E-05,7.479,0,0.4986,1.779202E-05,7.479,0
0.4995,-1.678492E-06,7.4925,0,0.4995,6.61326E-05,7.4925,0
0.5004,1.275654E-05,7.506,0,0.5004,6.277562E-05,7.506,0
0.5013,1.745632E-05,7.5195,0,0.5013,2.719158E-05,7.5195,0
0.5022,1.913481E-05,7.533,0,0.5022,3.860533E-05,7.533,0
0.5031,-2.786297E-05,7.5465,0,0.5031,1.812772E-05,7.5465,0
0.504,-2.450599E-05,7.56,0,0.504,-2.450599E-05,7.56,0
0.5049,3.659113E-05,7.5735,0,0.5049,-4.46479E-05,7.5735,0
0.5058,8.426032E-05,7.587,0,0.5058,-8.526741E-05,7.587,0
0.5067,0.0001037308,7.6005,0,0.5067,-8.459602E-05,7.6005,0
0.5076,0.0001121233,7.614,0,0.5076,-0.000109102,7.614,0
0.5085,3.927672E-05,7.6275,0,0.5085,-5.941863E-05,7.6275,0
0.5094,2.316319E-05,7.641,0,0.5094,-2.18204E-05,7.641,0
0.5103,4.699779E-05,7.6545,0,0.5103,-4.766919E-05,7.6545,0
0.5112,2.618448E-05,7.668,0,0.5112,-8.191043E-05,7.668,0
0.5121,-2.18204E-05,7.6815,0,0.5121,-4.599069E-05,7.6815,0
0.513,-4.129091E-05,7.695,0,0.513,-5.270466E-05,7.695,0
0.5139,-3.927672E-05,7.7085,0,0.5139,-5.639734E-05,7.7085,0
0.5148,-1.879912E-05,7.722,0,0.5148,-5.740444E-05,7.722,0
0.5157,-1.510643E-05,7.7355,0,0.5157,-2.685588E-05,7.7355,0
0.5166,-4.36408E-06,7.749,0,0.5166,2.853437E-05,7.749,0
0.5175,5.706874E-06,7.7625,0,0.5175,4.36408E-06,7.7625,0
0.5184,1.040665E-05,7.776,0,0.5184,-4.36408E-05,7.776,0
0.5193,-1.443504E-05,7.7895,0,0.5193,-9.399558E-06,7.7895,0
0.5202,-3.793393E-05,7.803,0,0.5202,3.356985E-06,7.803,0
0.5211,1.040665E-05,7.8165,0,0.5211,-1.745632E-05,7.8165,0
0.522,9.399558E-06,7.83,0,0.522,1.712062E-05,7.83,0
0.5229,-4.196231E-05,7.8435,0,0.5229,1.376364E-05,7.8435,0
0.5238,-4.565499E-05,7.857,0,0.5238,-4.061952E-05,7.857,0
0.5247,-4.53193E-05,7.8705,0,0.5247,-6.411841E-05,7.8705,0
0.5256,-3.726253E-05,7.884,0,0.5256,-3.793393E-05,7.884,0
0.5265,-3.793393E-05,7.8975,0,0.5265,-2.18204E-05,7.8975,0
0.5274,-2.21561E-05,7.911,0,0.5274,-1.712062E-05,7.911,0
0.5283,-1.644922E-05,7.9245,0,0.5283,-6.713969E-07,7.9245,0
0.5292,-4.33051E-05,7.938,0,0.5292,1.510643E-05,7.938,0
0.5301,-6.243992E-05,7.9515,0,0.5301,2.887007E-05,7.9515,0
0.531,-7.049668E-06,7.965,0,0.531,-3.356985E-07,7.965,0
0.5319,2.349889E-06,7.9785,0,0.5319,-3.860533E-05,7.9785,0
0.5328,-7.721065E-06,7.992,0,0.5328,-1.510643E-05,7.992,0
0.5337,2.551309E-05,8.0055,0,0.5337,-3.994812E-05,8.0055,0
0.5346,1.712062E-05,8.019,0,0.5346,-7.754635E-05,8.019,0
0.5355,8.728161E-06,8.0325,0,0.5355,1.443504E-05,8.0325,0
0.5364,3.524834E-05,8.046,0,0.5364,6.411841E-05,8.046,0
0.5373,1.712062E-05,8.0595,0,0.5373,4.800488E-05,8.0595,0
0.5382,-1.275654E-05,8.073,0,0.5382,5.706874E-06,8.073,0
0.5391,-3.054856E-05,8.0865,0,0.5391,-9.063859E-06,8.0865,0
0.54,-3.256275E-05,8.1,0,0.54,-4.699779E-06,8.1,0
0.5409,-5.304036E-05,8.1135,0,0.5409,3.356985E-07,8.1135,0
0.5418,-4.733349E-05,8.127,0,0.5418,-1.712062E-05,8.127,0
0.5427,-4.867628E-05,8.1405,0,0.5427,-3.021286E-06,8.1405,0
0.5436,-8.96315E-05,8.154,0,0.5436,-1.074235E-05,8.154,0
0.5445,-5.270466E-05,8.1675,0,0.5445,-5.740444E-05,8.1675,0
0.5454,-3.659113E-05,8.181,0,0.5454,-8.023193E-05,8.181,0
0.5463,-4.36408E-05,8.1945,0,0.5463,-5.807584E-05,8.1945,0
0.5472,1.275654E-05,8.208,0,0.5472,-5.606165E-05,8.208,0
0.5481,8.090334E-05,8.2215,0,0.5481,-4.196231E-05,8.2215,0
0.549,3.591974E-05,8.235,0,0.549,1.007095E-05,8.235,0
0.5499,6.478981E-05,8.2485,0,0.5499,4.934768E-05,8.2485,0
0.5508,3.726253E-05,8.262,0,0.5508,6.378271E-06,8.262,0
0.5517,3.289845E-05,8.2755,0,0.5517,5.035477E-06,8.2755,0
0.5526,4.129091E-05,8.289,0,0.5526,4.599069E-05,8.289,0
0.5535,2.484169E-05,8.3025,0,0.5535,4.028382E-06,8.3025,0
0.5544,-9.399558E-06,8.316,0,0.5544,-5.404745E-05,8.316,0
0.5553,3.356985E-07,8.3295,0,0.5553,-5.740444E-05,8.3295,0
0.5562,-1.443504E-05,8.343,0,0.5562,-2.484169E-05,8.343,0
0.5571,-6.042573E-06,8.3565,0,0.5571,-2.316319E-05,8.3565,0
0.558,-2.652018E-05,8.37,0,0.558,-4.934768E-05,8.37,0
0.5589,-2.081331E-05,8.3835,0,0.5589,-4.800488E-05,8.3835,0
0.5598,-2.24918E-05,8.397,0,0.5598,-1.947051E-05,8.397,0
0.5607,-2.618448E-05,8.4105,0,0.5607,-2.786297E-05,8.4105,0
0.5616,-1.007095E-05,8.424,0,0.5616,-2.987716E-05,8.424,0
0.5625,0,8.4375,0,0.5625,1.040665E-05,8.4375,0
0.5634,-1.275654E-05,8.451,0,0.5634,-1.712062E-05,8.451,0
0.5643,1.007095E-06,8.4645,0,0.5643,-2.752728E-05,8.4645,0
0.5652,-2.349889E-06,8.478,0,0.5652,-3.692683E-06,8.478,0
0.5661,-2.652018E-05,8.4915,0,0.5661,-6.042573E-06,8.4915,0
0.567,-4.766919E-05,8.505,0,0.567,-1.242084E-05,8.505,0
0.5679,-4.43122E-05,8.5185,0,0.5679,-1.544213E-05,8.5185,0
0.5688,-1.275654E-05,8.532,0,0.5688,-3.726253E-05,8.532,0
0.5697,-3.189136E-05,8.5455,0,0.5697,-7.721065E-06,8.5455,0
0.5706,-6.64683E-05,8.559,0,0.5706,9.063859E-06,8.559,0
0.5715,-3.692683E-06,8.5725,0,0.5715,-5.136187E-05,8.5725,0
0.5724,4.36408E-05,8.586,0,0.5724,-6.042573E-05,8.586,0
0.5733,-4.699779E-06,8.5995,0,0.5733,3.356985E-07,8.5995,0
0.5742,4.36408E-06,8.613,0,0.5742,-1.242084E-05,8.613,0
0.5751,1.376364E-05,8.6265,0,0.5751,-6.71397E-05,8.6265,0
0.576,6.143282E-05,8.64,0,0.576,1.712062E-05,8.64,0
0.5769,0.0001201801,8.6535,0,0.5769,2.719158E-05,8.6535,0
0.5778,7.284657E-05,8.667,0,0.5778,-5.404745E-05,8.667,0
0.5787,-2.1149E-05,8.6805,0,0.5787,-3.088426E-05,8.6805,0
0.5796,-3.457694E-05,8.694,0,0.5796,1.678492E-05,8.694,0
0.5805,-4.129091E-05,8.7075,0,0.5805,-6.713969E-07,8.7075,0
0.5814,-5.471885E-05,8.721,0,0.5814,-1.712062E-05,8.721,0
0.5823,-3.793393E-05,8.7345,0,0.5823,-1.947051E-05,8.7345,0
0.5832,-6.243992E-05,8.748,0,0.5832,-2.14847E-05,8.748,0
0.5841,-8.090334E-05,8.7615,0,0.5841,-2.819867E-05,8.7615,0
0.585,-6.076142E-05,8.775,0,0.585,-3.961242E-05,8.775,0
0.5859,1.007095E-06,8.7885,0,0.5859,-4.196231E-05,8.7885,0
0.5868,5.035477E-06,8.802,0,0.5868,1.712062E-05,8.802,0
0.5877,-3.692683E-06,8.8155,0,0.5877,2.21561E-05,8.8155,0
0.5886,2.484169E-05,8.829,0,0.5886,-1.510643E-05,8.829,0
0.5895,2.1149E-05,8.8425,0,0.5895,1.174945E-05,8.8425,0
0.5904,-3.356985E-07,8.856,0,0.5904,-1.007095E-06,8.856,0
0.5913,5.706874E-06,8.8695,0,0.5913,-4.162661E-05,8.8695,0
0.5922,1.309224E-05,8.883,0,0.5922,-2.987716E-05,8.883,0
0.5931,-5.136187E-05,8.8965,0,0.5931,-2.853437E-05,8.8965,0
0.594,-4.666209E-05,8.91,0,0.594,-4.229801E-05,8.91,0
0.5949,-1.947051E-05,8.9235,0,0.5949,-4.632639E-05,8.9235,0
0.5958,-2.349889E-05,8.937,0,0.5958,-6.51255E-05,8.937,0
0.5967,-6.378271E-06,8.9505,0,0.5967,-6.076142E-05,8.9505,0
0.5976,-1.174945E-05,8.964,0,0.5976,-6.210422E-05,8.964,0
0.5985,-1.980621E-05,8.9775,0,0.5985,-8.96315E-05,8.9775,0
0.5994,-3.726253E-05,8.991,0,0.5994,-9.970245E-05,8.991,0
0.6003,-2.618448E-05,9.0045,0,0.6003,-3.860533E-05,9.0045,0
0.6012,1.007095E-06,9.018,0,0.6012,3.692683E-06,9.018,0
0.6021,1.913481E-05,9.0315,0,0.6021,0,9.0315,0
0.603,1.846342E-05,9.045,0,0.603,5.001907E-05,9.045,0
0.6039,6.411841E-05,9.0585,0,0.6039,4.36408E-05,9.0585,0
0.6048,4.632639E-05,9.072001,0,0.6048,1.779202E-05,9.072001,0
0.6057,-1.242084E-05,9.0855,0,0.6057,5.740444E-05,9.0855,0
0.6066,-1.007095E-05,9.099,0,0.6066,4.800488E-05,9.099,0
0.6075,-7.385367E-06,9.1125,0,0.6075,1.107805E-05,9.1125,0
0.6084,-9.063859E-06,9.126,0,0.6084,1.007095E-06,9.126,0
0.6093,1.007095E-06,9.1395,0,0.6093,-1.309224E-05,9.1395,0
0.6102,-1.174945E-05,9.153,0,0.6102,-1.779202E-05,9.153,0
0.6111,-3.356985E-07,9.1665,0,0.6111,-1.913481E-05,9.1665,0
0.612,1.879912E-05,9.18,0,0.612,-2.417029E-05,9.18,0
0.6129,9.735256E-06,9.1935,0,0.6129,-3.189136E-05,9.1935,0
0.6138,-5.001907E-05,9.207,0,0.6138,-2.24918E-05,9.207,0
0.6147,-1.443504E-05,9.2205,0,0.6147,-1.275654E-05,9.2205,0
0.6156,8.728161E-06,9.234,0,0.6156,-4.766919E-05,9.234,0
0.6165,-4.36408E-06,9.2475,0,0.6165,-1.577783E-05,9.2475,0
0.6174,-4.699779E-06,9.261,0,0.6174,-7.049668E-06,9.261,0
0.6183,1.947051E-05,9.2745,0,0.6183,-4.934768E-05,9.2745,0
0.6192,-2.920577E-05,9.288,0,0.6192,-5.270466E-05,9.288,0
0.6201,-2.349889E-06,9.3015,0,0.6201,-2.551309E-05,9.3015,0
0.621,2.450599E-05,9.315,0,0.621,3.021286E-06,9.315,0
0.6219,-1.342794E-06,9.3285,0,0.6219,3.121996E-05,9.3285,0
0.6228,-2.24918E-05,9.342,0,0.6228,5.035477E-06,9.342,0
0.6237,-8.392462E-06,9.3555,0,0.6237,-1.678492E-06,9.3555,0
0.6246,-1.040665E-05,9.369,0,0.6246,7.721065E-06,9.369,0
0.6255,-1.644922E-05,9.3825,0,0.6255,-0.0001185016,9.3825,0
0.6264,1.611353E-05,9.396,0,0.6264,-0.000189334,9.396,0
0.6273,-1.007095E-05,9.4095,0,0.6273,-7.620356E-05,9.4095,0
0.6282,-2.24918E-05,9.423,0,0.6282,9.063859E-06,9.423,0
0.6291,2.786297E-05,9.4365,0,0.6291,2.24918E-05,9.4365,0
0.63,-7.385367E-06,9.45,0,0.63,2.819867E-05,9.45,0
0.6309,-2.28275E-05,9.4635,0,0.6309,-1.107805E-05,9.4635,0
0.6318,2.1149E-05,9.477,0,0.6318,-6.881819E-05,9.477,0
0.6327,4.229801E-05,9.4905,0,0.6327,-7.284657E-05,9.4905,0
0.6336,3.021286E-06,9.504,0,0.6336,-7.956054E-05,9.504,0
0.6345,-3.994812E-05,9.5175,0,0.6345,-0.0001295796,9.5175,0
0.6354,-2.887007E-05,9.531,0,0.6354,-0.0001399863,9.531,0
0.6363,-8.392462E-06,9.5445,0,0.6363,-0.0001356222,9.5445,0
0.6372,-6.6804E-05,9.558,0,0.6372,-0.0001077592,9.558,0
0.6381,-9.265278E-05,9.5715,0,0.6381,-6.378271E-05,9.5715,0
0.639,-4.934768E-05,9.585,0,0.639,-1.678492E-06,9.585,0
0.6399,-3.424125E-05,9.5985,0,0.6399,7.217517E-05,9.5985,0
0.6408,-2.685588E-06,9.612,0,0.6408,0.0001839628,9.612,0
0.6417,3.189136E-05,9.6255,0,0.6417,0.0002118257,9.6255,0
0.6426,3.558404E-05,9.639,0,0.6426,0.0001205158,9.639,0
0.6435,-1.644922E-05,9.6525,0,0.6435,8.526741E-05,9.6525,0
0.6444,-4.901198E-05,9.666,0,0.6444,5.572595E-05,9.666,0
0.6453,-2.18204E-05,9.6795,0,0.6453,2.349889E-06,9.6795,0
0.6462,-2.853437E-05,9.693,0,0.6462,1.007095E-05,9.693,0
0.6471,-2.24918E-05,9.7065,0,0.6471,2.21561E-05,9.7065,0
0.648,-7.385367E-06,9.72,0,0.648,1.040665E-05,9.72,0
0.6489,9.735256E-06,9.7335,0,0.6489,1.309224E-05,9.7335,0
0.6498,1.779202E-05,9.747,0,0.6498,-2.316319E-05,9.747,0
0.6507,6.042573E-06,9.7605,0,0.6507,-4.632639E-05,9.7605,0
0.6516,1.544213E-05,9.774,0,0.6516,-6.243992E-05,9.774,0
0.6525,3.659113E-05,9.7875,0,0.6525,-8.761731E-05,9.7875,0
0.6534,4.129091E-05,9.801,0,0.6534,-8.69459E-05,9.801,0
0.6543,4.53193E-05,9.8145,0,0.6543,-5.404745E-05,9.8145,0
0.6552,2.081331E-05,9.828,0,0.6552,-6.344701E-05,9.828,0
0.6561,1.644922E-05,9.8415,0,0.6561,-6.076142E-05,9.8415,0
0.657,1.510643E-05,9.855,0,0.657,1.242084E-05,9.855,0
0.6579,5.203327E-05,9.8685,0,0.6579,9.097429E-05,9.8685,0
0.6588,-1.040665E-05,9.882,0,0.6588,1.007095E-05,9.882,0
0.6597,-0.0001366293,9.8955,0,0.6597,-3.256275E-05,9.8955,0
0.6606,-0.0001242084,9.909,0,0.6606,2.349889E-06,9.909,0
0.6615,-5.404745E-05,9.9225,0,0.6615,-2.18204E-05,9.9225,0
0.6624,-3.558404E-05,9.936,0,0.6624,-7.721065E-06,9.936,0
0.6633,-8.526741E-05,9.9495,0,0.6633,-8.392462E-06,9.9495,0
0.6642,-6.009003E-05,9.963,0,0.6642,-3.692683E-06,9.963,0
0.6651,-3.390555E-05,9.976501,0,0.6651,2.21561E-05,9.976501,0
0.666,-6.042573E-05,9.99,0,0.666,0,9.99,0
0.6669,-2.786297E-05,10.0035,0,0.6669,-3.759823E-05,10.0035,0
0.6678,1.040665E-05,10.017,0,0.6678,-2.081331E-05,10.017,0
0.6687,5.706874E-06,10.0305,0,0.6687,-6.478981E-05,10.0305,0
0.6696,2.652018E-05,10.044,0,0.6696,-8.72816E-05,10.044,0
0.6705,6.143282E-05,10.0575,0,0.6705,-2.786297E-05,10.0575,0
0.6714,0.0001406577,10.071,0,0.6714,-1.980621E-05,10.071,0
0.6723,0.0001953765,10.0845,0,0.6723,-4.934768E-05,10.0845,0
0.6732,0.0001406577,10.098,0,0.6732,-2.920577E-05,10.098,0
0.6741,6.009003E-05,10.1115,0,0.6741,-1.846342E-05,10.1115,0
0.675,2.652018E-05,10.125,0,0.675,-3.524834E-05,10.125,0
0.6759,4.36408E-06,10.1385,0,0.6759,-3.860533E-05,10.1385,0
0.6768,-3.927672E-05,10.152,0,0.6768,-8.157473E-05,10.152,0
0.6777,-5.001907E-05,10.1655,0,0.6777,-7.016098E-05,10.1655,0
0.6786,-0.0001077592,10.179,0,0.6786,-7.586786E-05,10.179,0
0.6795,-7.922484E-05,10.1925,0,0.6795,-7.754635E-05,10.1925,0
0.6804,-7.385367E-05,10.206,0,0.6804,-1.007095E-05,10.206,0
0.6813,-7.888914E-05,10.2195,0,0.6813,4.800488E-05,10.2195,0
0.6822,1.611353E-05,10.233,0,0.6822,3.759823E-05,10.233,0
0.6831,2.987716E-05,10.2465,0,0.6831,-2.047761E-05,10.2465,0
0.684,-7.049668E-06,10.26,0,0.684,9.735256E-06,10.26,0
0.6849,1.007095E-06,10.2735,0,0.6849,2.987716E-05,10.2735,0
0.6858,4.36408E-06,10.287,0,0.6858,-1.107805E-05,10.287,0
0.6867,3.356985E-07,10.3005,0,0.6867,8.056763E-06,10.3005,0
0.6876,-2.987716E-05,10.314,0,0.6876,1.611353E-05,10.314,0
0.6885,-3.591974E-05,10.3275,0,0.6885,4.36408E-06,10.3275,0
0.6894,-1.678492E-06,10.341,0,0.6894,1.443504E-05,10.341,0
0.6903,-1.275654E-05,10.3545,0,0.6903,-1.879912E-05,10.3545,0
0.6912,3.692683E-06,10.368,0,0.6912,-2.1149E-05,10.368,0
0.6921,-1.812772E-05,10.3815,0,0.6921,-3.155566E-05,10.3815,0
0.693,-6.378271E-06,10.395,0,0.693,-5.270466E-05,10.395,0
0.6939,2.24918E-05,10.4085,0,0.6939,-4.968337E-05,10.4085,0
0.6948,-7.049668E-06,10.422,0,0.6948,6.378271E-06,10.422,0
0.6957,-2.316319E-05,10.4355,0,0.6957,-1.342794E-05,10.4355,0
0.6966,-7.049668E-06,10.449,0,0.6966,-6.61326E-05,10.449,0
0.6975,-2.819867E-05,10.4625,0,0.6975,-7.083238E-05,10.4625,0
0.6984,-3.356985E-07,10.476,0,0.6984,-0.0001131304,10.476,0
0.6993,2.551309E-05,10.4895,0,0.6993,-0.0002024262,10.4895,0
0.7002,3.054856E-05,10.503,0,0.7002,-0.0002433814,10.503,0
0.7011,-1.846342E-05,10.5165,0,0.7011,-0.0002309606,10.5165,0
0.702,-3.121996E-05,10.53,0,0.702,-0.0002111543,10.53,0
0.7029,-4.33051E-05,10.5435,0,0.7029,-9.164568E-05,10.5435,0
0.7038,-2.450599E-05,10.557,0,0.7038,6.915389E-05,10.557,0
0.7047,-2.719158E-05,10.5705,0,0.7047,0.0002091402,10.5705,0
0.7056,-2.484169E-05,10.584,0,0.7056,0.0003098497,10.584,0
0.7065,-1.007095E-05,10.5975,0,0.7065,0.0002789654,10.5975,0
0.7074,-2.28275E-05,10.611,0,0.7074,0.0001795987,10.611,0
0.7083,-4.599069E-05,10.6245,0,0.7083,0.0001577783,10.6245,0
0.7092,-6.71397E-05,10.638,0,0.7092,0.0001070878,10.638,0
0.7101,-3.121996E-05,10.6515,0,0.7101,1.376364E-05,10.6515,0
0.711,1.007095E-05,10.665,0,0.711,-2.685588E-05,10.665,0
0.7119,2.652018E-05,10.6785,0,0.7119,-6.109713E-05,10.6785,0
0.7128,7.721065E-06,10.692,0,0.7128,-8.123904E-05,10.692,0
0.7137,4.46479E-05,10.7055,0,0.7137,-2.517739E-05,10.7055,0
0.7146,5.203327E-05,10.719,0,0.7146,-2.450599E-05,10.719,0
0.7155,6.61326E-05,10.7325,0,0.7155,-2.1149E-05,10.7325,0
0.7164,3.323415E-05,10.746,0,0.7164,2.450599E-05,10.746,0
0.7173,4.36408E-06,10.7595,0,0.7173,1.376364E-05,10.7595,0
0.7182,-2.652018E-05,10.773,0,0.7182,2.349889E-06,10.773,0
0.7191,-3.927672E-05,10.7865,0,0.7191,-2.719158E-05,10.7865,0
0.72,-1.040665E-05,10.8,0,0.72,-5.001907E-05,10.8,0
0.7209,4.599069E-05,10.8135,0,0.7209,-5.001907E-05,10.8135,0
0.7218,5.471885E-05,10.827,0,0.7218,-2.316319E-05,10.827,0
0.7227,6.6804E-05,10.8405,0,0.7227,-5.539025E-05,10.8405,0
0.7236,9.970245E-05,10.854,0,0.7236,-0.0001272297,10.854,0
0.7245,-2.819867E-05,10.8675,0,0.7245,-0.0001373007,10.8675,0
0.7254,-8.761731E-05,10.881,0,0.7254,-0.0001047379,10.881,0
0.7263,-0.0001077592,10.8945,0,0.7263,-0.0001433432,10.8945,0
0.7272,-9.097429E-05,10.908,0,0.7272,-0.0001101091,10.908,0
0.7281,-8.560311E-05,10.9215,0,0.7281,4.36408E-06,10.9215,0
0.729,-4.49836E-05,10.935,0,0.729,6.74754E-05,10.935,0
0.7299,-3.054856E-05,10.9485,0,0.7299,5.069047E-05,10.9485,0
0.7308,-1.544213E-05,10.962,0,0.7308,-1.007095E-05,10.962,0
0.7317,-2.1149E-05,10.9755,0,0.7317,-1.040665E-05,10.9755,0
0.7326,-3.121996E-05,10.989,0,0.7326,1.309224E-05,10.989,0
0.7335,-3.625543E-05,11.0025,0,0.7335,-1.443504E-05,11.0025,0
0.7344,-2.316319E-05,11.016,0,0.7344,-2.652018E-05,11.016,0
0.7353,8.056763E-06,11.0295,0,0.7353,-1.040665E-05,11.0295,0
0.7362,1.812772E-05,11.043,0,0.7362,-1.644922E-05,11.043,0
0.7371,3.692683E-06,11.0565,0,0.7371,-4.766919E-05,11.0565,0
0.738,-6.982528E-05,11.07,0,0.738,-3.390555E-05,11.07,0
0.7389,-0.0001017166,11.0835,0,0.7389,-2.28275E-05,11.0835,0
0.7398,-8.761731E-05,11.097,0,0.7398,-6.143282E-05,11.097,0
0.7407,-5.001907E-05,11.1105,0,0.7407,-1.174945E-05,11.1105,0
0.7416,-2.987716E-05,11.124,0,0.7416,0,11.124,0
0.7425,3.994812E-05,11.1375,0,0.7425,-3.759823E-05,11.1375,0
0.7434,8.560311E-05,11.151,0,0.7434,-2.047761E-05,11.151,0
0.7443,0.0001285725,11.1645,0,0.7443,2.18204E-05,11.1645,0
0.7452,0.0001500572,11.178,0,0.7452,1.712062E-05,11.178,0
0.7461,8.69459E-05,11.1915,0,0.7461,-9.399558E-06,11.1915,0
0.747,7.083238E-05,11.205,0,0.747,-1.342794E-05,11.205,0
0.7479,1.812772E-05,11.2185,0,0.7479,-3.289845E-05,11.2185,0
0.7488,-2.987716E-05,11.232,0,0.7488,-3.659113E-05,11.232,0
0.7497,1.040665E-05,11.2455,0,0.7497,-1.644922E-05,11.2455,0
0.7506,3.994812E-05,11.259,0,0.7506,-5.136187E-05,11.259,0
0.7515,-4.36408E-06,11.2725,0,0.7515,-1.846342E-05,11.2725,0
0.7524,-3.021286E-06,11.286,0,0.7524,3.021286E-06,11.286,0
0.7533,-2.1149E-05,11.2995,0,0.7533,-2.1149E-05,11.2995,0
0.7542,-4.33051E-05,11.313,0,0.7542,1.242084E-05,11.313,0
0.7551,-6.6804E-05,11.3265,0,0.7551,1.812772E-05,11.3265,0
0.756,-8.123904E-05,11.34,0,0.756,-1.678492E-06,11.34,0
0.7569,-6.57969E-05,11.3535,0,0.7569,-1.174945E-05,11.3535,0
0.7578,-1.779202E-05,11.367,0,0.7578,-9.063859E-06,11.367,0
0.7587,2.652018E-05,11.3805,0,0.7587,3.256275E-05,11.3805,0
0.7596,3.524834E-05,11.394,0,0.7596,-3.692683E-05,11.394,0
0.7605,4.49836E-05,11.4075,0,0.7605,-0.0001326009,11.4075,0
0.7614,1.947051E-05,11.421,0,0.7614,-0.0001292439,11.421,0
0.7623,5.035477E-06,11.4345,0,0.7623,-7.385367E-06,11.4345,0
0.7632,1.678492E-06,11.448,0,0.7632,-6.713969E-07,11.448,0
0.7641,-5.136187E-05,11.4615,0,0.7641,-7.049668E-05,11.4615,0
0.765,-9.097429E-05,11.475,0,0.765,-2.450599E-05,11.475,0
0.7659,-3.390555E-05,11.4885,0,0.7659,1.577783E-05,11.4885,0
0.7668,4.699779E-06,11.502,0,0.7668,-2.954147E-05,11.502,0
0.7677,-5.404745E-05,11.5155,0,0.7677,-4.39765E-05,11.5155,0
0.7686,-4.39765E-05,11.529,0,0.7686,-1.913481E-05,11.529,0
0.7695,-1.376364E-05,11.5425,0,0.7695,-2.28275E-05,11.5425,0
0.7704,-5.807584E-05,11.556,0,0.7704,-1.376364E-05,11.556,0
0.7713,-3.524834E-05,11.5695,0,0.7713,-2.383459E-05,11.5695,0
0.7722,9.063859E-06,11.583,0,0.7722,-2.853437E-05,11.583,0
0.7731,9.164568E-05,11.5965,0,0.7731,-1.342794E-05,11.5965,0
0.774,0.0001070878,11.61,0,0.774,-3.424125E-05,11.61,0
0.7749,0.0001054093,11.6235,0,0.7749,-5.639734E-05,11.6235,0
0.7758,-3.256275E-05,11.637,0,0.7758,-7.385367E-06,11.637,0
0.7767,-8.056764E-05,11.6505,0,0.7767,-6.713969E-06,11.6505,0
0.7776,-6.814679E-05,11.664,0,0.7776,5.035477E-06,11.664,0
0.7785,-5.673304E-05,11.6775,0,0.7785,4.46479E-05,11.6775,0
0.7794,-6.277562E-05,11.691,0,0.7794,7.183947E-05,11.691,0
0.7803,-3.927672E-05,11.7045,0,0.7803,4.263371E-05,11.7045,0
0.7812,1.409934E-05,11.718,0,0.7812,3.021286E-06,11.718,0
0.7821,-2.450599E-05,11.7315,0,0.7821,-5.471885E-05,11.7315,0
0.783,-2.450599E-05,11.745,0,0.783,-3.390555E-05,11.745,0
0.7839,7.385367E-06,11.7585,0,0.7839,1.275654E-05,11.7585,0
0.7848,1.409934E-05,11.772,0,0.7848,-8.157473E-05,11.772,0
0.7857,-4.599069E-05,11.7855,0,0.7857,-0.0001097734,11.7855,0
0.7866,-1.443504E-05,11.799,0,0.7866,-7.721065E-05,11.799,0
0.7875,7.049668E-06,11.8125,0,0.7875,-4.599069E-05,11.8125,0
0.7884,8.056763E-06,11.826,0,0.7884,-4.699779E-06,11.826,0
0.7893,2.987716E-05,11.8395,0,0.7893,3.390555E-05,11.8395,0
0.7902,4.33051E-05,11.853,0,0.7902,4.36408E-06,11.853,0
0.7911,4.263371E-05,11.8665,0,0.7911,-4.43122E-05,11.8665,0
0.792,3.121996E-05,11.88,0,0.792,-1.443504E-05,11.88,0
0.7929,2.047761E-05,11.8935,0,0.7929,-2.349889E-06,11.8935,0
0.7938,1.040665E-05,11.907,0,0.7938,-1.275654E-05,11.907,0
0.7947,3.088426E-05,11.9205,0,0.7947,1.208515E-05,11.9205,0
0.7956,0,11.934,0,0.7956,3.121996E-05,11.934,0
0.7965,-1.947051E-05,11.9475,0,0.7965,1.510643E-05,11.9475,0
0.7974,-3.961242E-05,11.961,0,0.7974,2.014191E-05,11.961,0
0.7983,-5.572595E-05,11.9745,0,0.7983,3.021286E-06,11.9745,0
0.7992,-9.164568E-05,11.988,0,0.7992,-9.735256E-06,11.988,0
0.8001,-0.0001198444,12.0015,0,0.8001,-2.584878E-05,12.0015,0
0.801,-9.970245E-05,12.015,0,0.801,-4.867628E-05,12.015,0
0.8019,-7.620356E-05,12.0285,0,0.8019,-7.586786E-05,12.0285,0
0.8028,-0.0001117876,12.042,0,0.8028,-6.109713E-05,12.042,0
0.8037,-0.0001232013,12.0555,0,0.8037,-4.061952E-05,12.0555,0
0.8046,-8.82887E-05,12.069,0,0.8046,-9.903105E-05,12.069,0
0.8055,7.721065E-06,12.0825,0,0.8055,-6.915389E-05,12.0825,0
0.8064,4.46479E-05,12.096,0,0.8064,-6.042573E-06,12.096,0
0.8073,6.243992E-05,12.1095,0,0.8073,4.162661E-05,12.1095,0
0.8082,0.0001114519,12.123,0,0.8082,0.000186984,12.123,0
0.8091,0.0001440146,12.1365,0,0.8091,0.0001185016,12.1365,0
0.81,0.0002467384,12.15,0,0.81,-1.779202E-05,12.15,0
0.8109,0.0002809796,12.1635,0,0.8109,-4.800488E-05,12.1635,0
0.8118,0.0001644923,12.177,0,0.8118,-2.853437E-05,12.177,0
0.8127,8.157473E-05,12.1905,0,0.8127,-2.618448E-05,12.1905,0
0.8136,8.191043E-05,12.204,0,0.8136,-4.46479E-05,12.204,0
0.8145,4.229801E-05,12.2175,0,0.8145,-6.6804E-05,12.2175,0
0.8154,-4.028382E-06,12.231,0,0.8154,-8.325322E-05,12.231,0
0.8163,-3.894102E-05,12.2445,0,0.8163,-2.752728E-05,12.2445,0
0.8172,-9.567407E-05,12.258,0,0.8172,-2.618448E-05,12.258,0
0.8181,-9.030289E-05,12.2715,0,0.8181,-7.922484E-05,12.2715,0
0.819,-8.627451E-05,12.285,0,0.819,-2.450599E-05,12.285,0
0.8199,-8.627451E-05,12.2985,0,0.8199,-2.014191E-06,12.2985,0
0.8208,-4.867628E-05,12.312,0,0.8208,-8.392462E-06,12.312,0
0.8217,-6.277562E-05,12.3255,0,0.8217,-1.611353E-05,12.3255,0
0.8226,-6.210422E-05,12.339,0,0.8226,1.040665E-05,12.339,0
0.8235,-8.392462E-06,12.3525,0,0.8235,9.399558E-06,12.3525,0
0.8244,1.678492E-05,12.366,0,0.8244,-2.887007E-05,12.366,0
0.8253,6.277562E-05,12.3795,0,0.8253,-4.229801E-05,12.3795,0
0.8262,6.009003E-05,12.393,0,0.8262,-6.713969E-06,12.393,0
0.8271,-2.920577E-05,12.4065,0,0.8271,-6.042573E-06,12.4065,0
0.828,-5.337606E-05,12.42,0,0.828,-2.920577E-05,12.42,0
0.8289,-7.553216E-05,12.4335,0,0.8289,-2.853437E-05,12.4335,0
0.8298,-8.761731E-05,12.447,0,0.8298,6.713969E-07,12.447,0
0.8307,-6.277562E-05,12.4605,0,0.8307,-1.107805E-05,12.4605,0
0.8316,-7.687495E-05,12.474,0,0.8316,-4.867628E-05,12.474,0
0.8325,-7.519646E-05,12.4875,0,0.8325,-1.007095E-05,12.4875,0
0.8334,-2.719158E-05,12.501,0,0.8334,3.356985E-07,12.501,0
0.8343,-5.774014E-05,12.5145,0,0.8343,-4.33051E-05,12.5145,0
0.8352,-9.231708E-05,12.528,0,0.8352,-2.752728E-05,12.528,0
0.8361,-8.426032E-05,12.5415,0,0.8361,2.349889E-06,12.5415,0
0.837,-7.418937E-05,12.555,0,0.837,-8.728161E-06,12.555,0
0.8379,-6.277562E-05,12.5685,0,0.8379,-1.510643E-05,12.5685,0
0.8388,-4.46479E-05,12.582,0,0.8388,-4.162661E-05,12.582,0
0.8397,-4.33051E-05,12.5955,0,0.8397,-1.040665E-05,12.5955,0
0.8406,-3.356985E-07,12.609,0,0.8406,1.275654E-05,12.609,0
0.8415,3.457694E-05,12.6225,0,0.8415,-1.443504E-05,12.6225,0
0.8424,5.035477E-05,12.636,0,0.8424,-3.994812E-05,12.636,0
0.8433,1.678492E-05,12.6495,0,0.8433,3.692683E-06,12.6495,0
0.8442,5.606165E-05,12.663,0,0.8442,4.699779E-06,12.663,0
0.8451,0.0001232013,12.6765,0,0.8451,-2.584878E-05,12.6765,0
0.846,0.0001030594,12.69,0,0.846,-1.678492E-06,12.69,0
0.8469,7.486076E-05,12.7035,0,0.8469,-2.316319E-05,12.7035,0
0.8478,4.39765E-05,12.717,0,0.8478,-5.471885E-05,12.717,0
0.8487,2.081331E-05,12.7305,0,0.8487,-4.666209E-05,12.7305,0
0.8496,-9.063859E-06,12.744,0,0.8496,-1.611353E-05,12.744,0
0.8505,-8.392462E-06,12.7575,0,0.8505,-2.18204E-05,12.7575,0
0.8514,-6.713969E-06,12.771,0,0.8514,-2.786297E-05,12.771,0
0.8523,-2.316319E-05,12.7845,0,0.8523,-3.189136E-05,12.7845,0
0.8532,-1.678492E-06,12.798,0,0.8532,8.728161E-06,12.798,0
0.8541,3.659113E-05,12.8115,0,0.8541,1.980621E-05,12.8115,0
0.855,2.1149E-05,12.825,0,0.855,-2.719158E-05,12.825,0
0.8559,-6.210422E-05,12.8385,0,0.8559,-6.848249E-05,12.8385,0
0.8568,-8.258183E-05,12.852,0,0.8568,-1.947051E-05,12.852,0
0.8577,-4.800488E-05,12.8655,0,0.8577,-1.242084E-05,12.8655,0
0.8586,2.014191E-06,12.879,0,0.8586,-5.001907E-05,12.879,0
0.8595001,-3.927672E-05,12.8925,0,0.8595001,-8.392462E-06,12.8925,0
0.8604,-7.016098E-05,12.906,0,0.8604,9.735256E-06,12.906,0
0.8613,-8.291753E-05,12.9195,0,0.8613,-1.644922E-05,12.9195,0
0.8622,-0.0001104448,12.933,0,0.8622,-2.987716E-05,12.933,0
0.8631,-6.6804E-05,12.9465,0,0.8631,3.356985E-07,12.9465,0
0.864,-2.1149E-05,12.96,0,0.864,-1.678492E-06,12.96,0
0.8649,2.1149E-05,12.9735,0,0.8649,-8.056763E-06,12.9735,0
0.8658,0.0001010452,12.987,0,0.8658,-8.056763E-06,12.987,0
0.8667,0.0001178302,13.0005,0,0.8667,1.342794E-05,13.0005,0
0.8676,5.539025E-05,13.014,0,0.8676,1.544213E-05,13.014,0
0.8685,3.289845E-05,13.0275,0,0.8685,-3.860533E-05,13.0275,0
0.8694,-4.36408E-06,13.041,0,0.8694,-5.136187E-05,13.041,0
0.8703,-3.054856E-05,13.0545,0,0.8703,8.392462E-06,13.0545,0
0.8712,-1.376364E-05,13.068,0,0.8712,-2.24918E-05,13.068,0
0.8721,5.035477E-06,13.0815,0,0.8721,-9.802396E-05,13.0815,0
0.873,-3.356985E-06,13.095,0,0.873,-5.270466E-05,13.095,0
0.8739,6.713969E-07,13.1085,0,0.8739,-1.443504E-05,13.1085,0
0.8748,9.063859E-06,13.122,0,0.8748,-3.054856E-05,13.122,0
0.8757,6.277562E-05,13.1355,0,0.8757,-1.208515E-05,13.1355,0
0.8766,2.18204E-05,13.149,0,0.8766,5.706874E-06,13.149,0
0.8775,1.040665E-05,13.1625,0,0.8775,-1.174945E-05,13.1625,0
0.8784,-3.591974E-05,13.176,0,0.8784,-1.242084E-05,13.176,0
0.8793,-3.793393E-05,13.1895,0,0.8793,-2.719158E-05,13.1895,0
0.8802,-5.471885E-05,13.203,0,0.8802,-1.980621E-05,13.203,0
0.8811,-0.0001366293,13.2165,0,0.8811,-3.021286E-06,13.2165,0
0.882,-0.0001077592,13.23,0,0.882,-2.517739E-05,13.23,0
0.8829,-2.450599E-05,13.2435,0,0.8829,-3.927672E-05,13.2435,0
0.8838,-7.150377E-05,13.257,0,0.8838,-2.920577E-05,13.257,0
0.8847,-4.666209E-05,13.2705,0,0.8847,-4.733349E-05,13.2705,0
0.8856,9.063859E-06,13.284,0,0.8856,-5.471885E-05,13.284,0
0.8865,-8.728161E-06,13.2975,0,0.8865,4.699779E-06,13.2975,0
0.8874,1.846342E-05,13.311,0,0.8874,4.46479E-05,13.311,0
0.8883,3.726253E-05,13.3245,0,0.8883,-2.517739E-05,13.3245,0
0.8892,6.378271E-05,13.338,0,0.8892,-3.054856E-05,13.338,0
0.8901,3.457694E-05,13.3515,0,0.8901,-3.356985E-06,13.3515,0
0.891,2.21561E-05,13.365,0,0.891,-6.378271E-06,13.365,0
0.8919,1.040665E-05,13.3785,0,0.8919,-2.887007E-05,13.3785,0
0.8928,4.061952E-05,13.392,0,0.8928,-1.007095E-06,13.392,0
0.8937,2.987716E-05,13.4055,0,0.8937,5.807584E-05,13.4055,0
0.8946,1.376364E-05,13.419,0,0.8946,8.023193E-05,13.419,0
0.8955,3.659113E-05,13.4325,0,0.8955,-8.728161E-06,13.4325,0
0.8964,5.438316E-05,13.446,0,0.8964,-4.867628E-05,13.446,0
0.8973,3.054856E-05,13.4595,0,0.8973,-3.256275E-05,13.4595,0
0.8982,-1.174945E-05,13.473,0,0.8982,-5.236896E-05,13.473,0
0.8991,-4.196231E-05,13.4865,0,0.8991,-6.71397E-05,13.4865,0
0.9,-7.016098E-05,13.5,0,0.9,-1.577783E-05,13.5,0
0.9009,-7.754635E-05,13.5135,0,0.9009,-1.376364E-05,13.5135,0
0.9018,-8.69459E-05,13.527,0,0.9018,-5.001907E-05,13.527,0
0.9027,-3.256275E-05,13.5405,0,0.9027,-2.719158E-05,13.5405,0
0.9036,-2.24918E-05,13.554,0,0.9036,3.927672E-05,13.554,0
0.9045,-3.256275E-05,13.5675,0,0.9045,1.174945E-05,13.5675,0
0.9054,9.735256E-06,13.581,0,0.9054,-3.860533E-05,13.581,0
0.9063,5.035477E-05,13.5945,0,0.9063,-8.258183E-05,13.5945,0
0.9072,-1.477073E-05,13.608,0,0.9072,-8.493171E-05,13.608,0
0.9081,-8.661021E-05,13.6215,0,0.9081,-7.754635E-05,13.6215,0
0.909,-4.800488E-05,13.635,0,0.909,-5.572595E-05,13.635,0
0.9099,-6.378271E-06,13.6485,0,0.9099,3.356985E-06,13.6485,0
0.9108,1.644922E-05,13.662,0,0.9108,0.0001003738,13.662,0
0.9117,6.814679E-05,13.6755,0,0.9117,1.242084E-05,13.6755,0
0.9126,6.74754E-05,13.689,0,0.9126,-7.049668E-05,13.689,0
0.9135,4.733349E-05,13.7025,0,0.9135,-2.383459E-05,13.7025,0
0.9144,7.855344E-05,13.716,0,0.9144,9.735256E-06,13.716,0
0.9153,8.560311E-05,13.7295,0,0.9153,-2.417029E-05,13.7295,0
0.9162,2.484169E-05,13.743,0,0.9162,-2.786297E-05,13.743,0
0.9171,-1.275654E-05,13.7565,0,0.9171,9.735256E-06,13.7565,0
0.918,-1.174945E-05,13.77,0,0.918,-1.107805E-05,13.77,0
0.9189,1.712062E-05,13.7835,0,0.9189,-1.947051E-05,13.7835,0
0.9198,1.980621E-05,13.797,0,0.9198,-3.054856E-05,13.797,0
0.9207,-2.014191E-06,13.8105,0,0.9207,-2.517739E-05,13.8105,0
0.9216,-4.196231E-05,13.824,0,0.9216,-2.21561E-05,13.824,0
0.9225,-4.800488E-05,13.8375,0,0.9225,-4.867628E-05,13.8375,0
0.9234,-4.36408E-05,13.851,0,0.9234,-6.814679E-05,13.851,0
0.9243,-4.162661E-05,13.8645,0,0.9243,-8.728161E-06,13.8645,0
0.9252,-2.450599E-05,13.878,0,0.9252,-1.107805E-05,13.878,0
0.9261,-2.517739E-05,13.8915,0,0.9261,-5.069047E-05,13.8915,0
0.927,-1.544213E-05,13.905,0,0.927,4.028382E-06,13.905,0
0.9279,2.618448E-05,13.9185,0,0.9279,2.349889E-05,13.9185,0
0.9288,-1.510643E-05,13.932,0,0.9288,1.174945E-05,13.932,0
0.9297,-2.24918E-05,13.9455,0,0.9297,3.155566E-05,13.9455,0
0.9306,-2.349889E-05,13.959,0,0.9306,1.644922E-05,13.959,0
0.9315,-3.591974E-05,13.9725,0,0.9315,-3.390555E-05,13.9725,0
0.9324,6.713969E-07,13.986,0,0.9324,-4.129091E-05,13.986,0
0.9333,-2.517739E-05,13.9995,0,0.9333,-6.411841E-05,13.9995,0
0.9342,-6.076142E-05,14.013,0,0.9342,-5.404745E-05,14.013,0
0.9351,-2.719158E-05,14.0265,0,0.9351,-3.323415E-05,14.0265,0
0.936,-3.692683E-06,14.04,0,0.936,-4.36408E-06,14.04,0
0.9369,-2.450599E-05,14.0535,0,0.9369,-9.063859E-06,14.0535,0
0.9378,-5.539025E-05,14.067,0,0.9378,-1.510643E-05,14.067,0
0.9387,6.378271E-06,14.0805,0,0.9387,-1.107805E-05,14.0805,0
0.9396001,2.316319E-05,14.094,0,0.9396001,-2.14847E-05,14.094,0
0.9405,2.1149E-05,14.1075,0,0.9405,-7.049668E-06,14.1075,0
0.9414001,4.36408E-05,14.121,0,0.9414001,1.846342E-05,14.121,0
0.9423,6.378271E-06,14.1345,0,0.9423,-3.256275E-05,14.1345,0
0.9432001,-5.069047E-05,14.148,0,0.9432001,-3.793393E-05,14.148,0
0.9441,-6.478981E-05,14.1615,0,0.9441,-1.040665E-05,14.1615,0
0.9450001,-3.088426E-05,14.175,0,0.9450001,-1.007095E-05,14.175,0
0.9459,-1.174945E-05,14.1885,0,0.9459,-1.242084E-05,14.1885,0
0.9468,-1.040665E-05,14.202,0,0.9468,-2.920577E-05,14.202,0
0.9477,1.409934E-05,14.2155,0,0.9477,-2.450599E-05,14.2155,0
0.9486,7.721065E-06,14.229,0,0.9486,-9.399558E-06,14.229,0
0.9495,-3.356985E-06,14.2425,0,0.9495,-4.39765E-05,14.2425,0
0.9504,2.349889E-06,14.256,0,0.9504,-4.666209E-05,14.256,0
0.9513,-3.793393E-05,14.2695,0,0.9513,3.356985E-07,14.2695,0
0.9522,-1.644922E-05,14.283,0,0.9522,2.349889E-06,14.283,0
0.9531,1.577783E-05,14.2965,0,0.9531,-2.081331E-05,14.2965,0
0.954,0,14.31,0,0.954,3.021286E-06,14.31,0
0.9549,-1.779202E-05,14.3235,0,0.9549,-3.356985E-07,14.3235,0
0.9558,1.242084E-05,14.337,0,0.9558,-1.040665E-05,14.337,0
0.9567,-3.659113E-05,14.3505,0,0.9567,1.208515E-05,14.3505,0
0.9576,-4.33051E-05,14.364,0,0.9576,1.309224E-05,14.364,0
0.9585,-1.007095E-05,14.3775,0,0.9585,-1.644922E-05,14.3775,0
0.9594,-1.309224E-05,14.391,0,0.9594,-2.21561E-05,14.391,0
0.9603,1.174945E-05,14.4045,0,0.9603,-1.678492E-05,14.4045,0
0.9612,2.618448E-05,14.418,0,0.9612,-1.107805E-05,14.418,0
0.9621,-7.721065E-06,14.4315,0,0.9621,-3.726253E-05,14.4315,0
0.963,-1.007095E-06,14.445,0,0.963,-4.733349E-05,14.445,0
0.9639,7.721065E-05,14.4585,0,0.9639,-4.49836E-05,14.4585,0
0.9648,8.96315E-05,14.472,0,0.9648,-3.692683E-06,14.472,0
0.9657,9.198138E-05,14.4855,0,0.9657,-8.728161E-06,14.4855,0
0.9666,6.277562E-05,14.499,0,0.9666,-5.102617E-05,14.499,0
0.9675,-7.049668E-06,14.5125,0,0.9675,-8.392462E-06,14.5125,0
0.9684,-2.652018E-05,14.526,0,0.9684,-7.385367E-06,14.526,0
0.9693,-6.143282E-05,14.5395,0,0.9693,-4.39765E-05,14.5395,0
0.9702,-5.404745E-05,14.553,0,0.9702,-4.968337E-05,14.553,0
0.9711,-4.599069E-05,14.5665,0,0.9711,-2.18204E-05,14.5665,0
0.972,-9.768826E-05,14.58,0,0.972,-2.081331E-05,14.58,0
0.9729,-6.848249E-05,14.5935,0,0.9729,-3.524834E-05,14.5935,0
0.9738,5.035477E-06,14.607,0,0.9738,-5.673304E-05,14.607,0
0.9747,-1.443504E-05,14.6205,0,0.9747,-2.28275E-05,14.6205,0
0.9756,1.007095E-06,14.634,0,0.9756,9.735256E-06,14.634,0
0.9765,1.712062E-05,14.6475,0,0.9765,-2.349889E-05,14.6475,0
0.9774,7.721065E-06,14.661,0,0.9774,-2.484169E-05,14.661,0
0.9783,1.007095E-06,14.6745,0,0.9783,5.035477E-06,14.6745,0
0.9792,3.054856E-05,14.688,0,0.9792,-1.074235E-05,14.688,0
0.9801,1.577783E-05,14.7015,0,0.9801,-4.53193E-05,14.7015,0
0.981,-2.786297E-05,14.715,0,0.981,-3.021286E-06,14.715,0
0.9819,-6.478981E-05,14.7285,0,0.9819,-7.049668E-06,14.7285,0
0.9828,-5.136187E-05,14.742,0,0.9828,-4.162661E-05,14.742,0
0.9837,-4.733349E-05,14.7555,0,0.9837,-2.853437E-05,14.7555,0
0.9846,-4.599069E-05,14.769,0,0.9846,-6.713969E-06,14.769,0
0.9855,-2.920577E-05,14.7825,0,0.9855,-2.014191E-05,14.7825,0
0.9864,-3.256275E-05,14.796,0,0.9864,-8.392462E-06,14.796,0
0.9873,-2.18204E-05,14.8095,0,0.9873,-1.678492E-05,14.8095,0
0.9882,1.980621E-05,14.823,0,0.9882,-2.047761E-05,14.823,0
0.9891,9.399558E-06,14.8365,0,0.9891,2.685588E-06,14.8365,0
0.99,6.713969E-07,14.85,0,0.99,-2.719158E-05,14.85,0
0.9909,2.349889E-06,14.8635,0,0.9909,-3.524834E-05,14.8635,0
0.9918,-9.735256E-06,14.877,0,0.9918,-1.309224E-05,14.877,0
0.9927,-1.242084E-05,14.8905,0,0.9927,-2.752728E-05,14.8905,0
0.9936,-1.007095E-06,14.904,0,0.9936,-4.36408E-05,14.904,0
0.9945,6.378271E-06,14.9175,0,0.9945,4.028382E-06,14.9175,0
0.9954,2.618448E-05,14.931,0,0.9954,2.484169E-05,14.931,0
0.9963,3.021286E-05,14.9445,0,0.9963,-1.644922E-05,14.9445,0
0.9972,5.337606E-05,14.958,0,0.9972,-7.385367E-06,14.958,0
0.9981,5.706874E-05,14.9715,0,0.9981,2.18204E-05,14.9715,0
0.999,3.424125E-05,14.985,0,0.999,-5.706874E-06,14.985,0
0.9999,-4.095522E-05,14.9985,0,0.9999,-3.491264E-05,14.9985,0
1.0008,-9.298848E-05,15.012,0,1.0008,-8.123904E-05,15.012,0
1.0017,-8.224613E-05,15.0255,0,1.0017,-5.807584E-05,15.0255,0
1.0026,-7.553216E-05,15.039,0,1.0026,-4.196231E-05,15.039,0
1.0035,-4.632639E-05,15.0525,0,1.0035,-1.577783E-05,15.0525,0
1.0044,1.275654E-05,15.066,0,1.0044,-5.404745E-05,15.066,0
1.0053,7.318227E-05,15.0795,0,1.0053,2.652018E-05,15.0795,0
1.0062,6.076142E-05,15.093,0,1.0062,3.323415E-05,15.093,0
1.0071,5.169757E-05,15.1065,0,1.0071,-8.526741E-05,15.1065,0
1.008,0,15.12,0,1.008,-6.915389E-05,15.12,0
1.0089,2.887007E-05,15.1335,0,1.0089,-2.752728E-05,15.1335,0
1.0098,-7.049668E-06,15.147,0,1.0098,-4.632639E-05,15.147,0
1.0107,-3.323415E-05,15.1605,0,1.0107,-1.980621E-05,15.1605,0
1.0116,-1.275654E-05,15.174,0,1.0116,5.069047E-05,15.174,0
1.0125,-1.510643E-05,15.1875,0,1.0125,4.53193E-05,15.1875,0
1.0134,-3.524834E-05,15.201,0,1.0134,4.901198E-05,15.201,0
1.0143,-1.007095E-05,15.2145,0,1.0143,2.618448E-05,15.2145,0
1.0152,-3.356985E-07,15.228,0,1.0152,3.121996E-05,15.228,0
1.0161,2.920577E-05,15.2415,0,1.0161,3.189136E-05,15.2415,0
1.017,3.927672E-05,15.255,0,1.017,-3.692683E-05,15.255,0
1.0179,1.577783E-05,15.2685,0,1.0179,-0.0001007095,15.2685,0
1.0188,3.356985E-07,15.282,0,1.0188,-9.298848E-05,15.282,0
1.0197,3.021286E-05,15.2955,0,1.0197,-6.311131E-05,15.2955,0
1.0206,5.874724E-05,15.309,0,1.0206,-5.404745E-05,15.309,0
1.0215,-3.356985E-07,15.3225,0,1.0215,-1.644922E-05,15.3225,0
1.0224,-2.484169E-05,15.336,0,1.0224,-6.042573E-06,15.336,0
1.0233,-1.544213E-05,15.3495,0,1.0233,-2.719158E-05,15.3495,0
1.0242,-1.913481E-05,15.363,0,1.0242,-1.510643E-05,15.363,0
1.0251,9.399558E-06,15.3765,0,1.0251,2.417029E-05,15.3765,0
1.026,-2.484169E-05,15.39,0,1.026,-8.392462E-06,15.39,0
1.0269,-7.620356E-05,15.4035,0,1.0269,-4.229801E-05,15.4035,0
1.0278,-1.242084E-05,15.417,0,1.0278,-2.383459E-05,15.417,0
1.0287,-1.174945E-05,15.4305,0,1.0287,-1.376364E-05,15.4305,0
1.0296,-4.901198E-05,15.444,0,1.0296,-3.021286E-05,15.444,0
1.0305,-1.913481E-05,15.4575,0,1.0305,-4.263371E-05,15.4575,0
1.0314,1.007095E-05,15.471,0,1.0314,-3.155566E-05,15.471,0
1.0323,-1.947051E-05,15.4845,0,1.0323,1.007095E-05,15.4845,0
1.0332,-1.107805E-05,15.498,0,1.0332,1.544213E-05,15.498,0
1.0341,-3.356985E-07,15.5115,0,1.0341,-2.18204E-05,15.5115,0
1.035,-2.18204E-05,15.525,0,1.035,-2.349889E-06,15.525,0
1.0359,-2.1149E-05,15.5385,0,1.0359,-1.107805E-05,15.5385,0
1.0368,-7.385367E-06,15.552,0,1.0368,-5.438316E-05,15.552,0
1.0377,-3.424125E-05,15.5655,0,1.0377,-4.196231E-05,15.5655,0
1.0386,-6.881819E-05,15.579,0,1.0386,-1.007095E-06,15.579,0
1.0395,-5.404745E-05,15.5925,0,1.0395,-3.021286E-06,15.5925,0
1.0404,-3.591974E-05,15.606,0,1.0404,-9.735256E-06,15.606,0
1.0413,-2.887007E-05,15.6195,0,1.0413,-2.819867E-05,15.6195,0
1.0422,1.712062E-05,15.633,0,1.0422,-2.1149E-05,15.633,0
1.0431,4.901198E-05,15.6465,0,1.0431,-1.678492E-05,15.6465,0
1.044,9.063859E-06,15.66,0,1.044,-2.18204E-05,15.66,0
1.0449,-1.644922E-05,15.6735,0,1.0449,-4.33051E-05,15.6735,0
1.0458,1.040665E-05,15.687,0,1.0458,-1.107805E-05,15.687,0
1.0467,4.733349E-05,15.7005,0,1.0467,-8.392462E-06,15.7005,0
1.0476,5.203327E-05,15.714,0,1.0476,-4.129091E-05,15.714,0
1.0485,3.591974E-05,15.7275,0,1.0485,-5.035477E-06,15.7275,0
1.0494,3.189136E-05,15.741,0,1.0494,3.424125E-05,15.741,0
1.0503,-2.517739E-05,15.7545,0,1.0503,-1.544213E-05,15.7545,0
1.0512,-6.948959E-05,15.768,0,1.0512,-1.242084E-05,15.768,0
1.0521,-7.989624E-05,15.7815,0,1.0521,6.378271E-06,15.7815,0
1.053,-0.0001003738,15.795,0,1.053,-9.735256E-06,15.795,0
1.0539,-6.378271E-05,15.8085,0,1.0539,-3.256275E-05,15.8085,0
1.0548,-1.913481E-05,15.822,0,1.0548,-4.733349E-05,15.822,0
1.0557,-3.088426E-05,15.8355,0,1.0557,-3.054856E-05,15.8355,0
1.0566,-5.706874E-06,15.849,0,1.0566,-1.107805E-05,15.849,0
1.0575,3.021286E-06,15.8625,0,1.0575,-3.591974E-05,15.8625,0
1.0584,5.438316E-05,15.876,0,1.0584,-3.121996E-05,15.876,0
1.0593,3.054856E-05,15.8895,0,1.0593,8.728161E-06,15.8895,0
1.0602,2.786297E-05,15.903,0,1.0602,-1.678492E-05,15.903,0
1.0611,2.450599E-05,15.9165,0,1.0611,-3.860533E-05,15.9165,0
1.062,-3.558404E-05,15.93,0,1.062,-2.349889E-06,15.93,0
1.0629,-4.632639E-05,15.9435,0,1.0629,7.049668E-06,15.9435,0
1.0638,-4.565499E-05,15.957,0,1.0638,-2.584878E-05,15.957,0
1.0647,-8.023193E-05,15.9705,0,1.0647,-2.349889E-05,15.9705,0
1.0656,-5.404745E-05,15.984,0,1.0656,5.371176E-06,15.984,0
1.0665,1.510643E-05,15.9975,0,1.0665,-3.692683E-06,15.9975,0
1.0674,3.256275E-05,16.011,0,1.0674,-6.713969E-06,16.011,0
1.0683,4.095522E-05,16.0245,0,1.0683,-2.584878E-05,16.0245,0
1.0692,5.069047E-05,16.038,0,1.0692,-6.713969E-06,16.038,0
1.0701,5.203327E-05,16.0515,0,1.0701,2.24918E-05,16.0515,0
1.071,4.901198E-05,16.065,0,1.071,-6.713969E-07,16.065,0
1.0719,5.236896E-05,16.0785,0,1.0719,-3.021286E-06,16.0785,0
1.0728,2.786297E-05,16.092,0,1.0728,2.987716E-05,16.092,0
1.0737,-1.107805E-05,16.1055,0,1.0737,-8.728161E-06,16.1055,0
1.0746,8.392462E-06,16.119,0,1.0746,-6.176852E-05,16.119,0
1.0755,6.713969E-06,16.1325,0,1.0755,-1.443504E-05,16.1325,0
1.0764,-4.061952E-05,16.146,0,1.0764,-8.392462E-06,16.146,0
1.0773,-6.478981E-05,16.1595,0,1.0773,-4.43122E-05,16.1595,0
1.0782,-5.941863E-05,16.173,0,1.0782,-4.666209E-05,16.173,0
1.0791,-5.505455E-05,16.1865,0,1.0791,-2.081331E-05,16.1865,0
1.08,-5.136187E-05,16.2,0,1.08,-1.309224E-05,16.2,0
1.0809,-3.021286E-06,16.2135,0,1.0809,-1.141375E-05,16.2135,0
1.0818,2.786297E-05,16.227,0,1.0818,-4.934768E-05,16.227,0
1.0827,3.189136E-05,16.2405,0,1.0827,-3.625543E-05,16.2405,0
1.0836,2.618448E-05,16.254,0,1.0836,-1.107805E-05,16.254,0
1.0845,2.28275E-05,16.2675,0,1.0845,-5.404745E-05,16.2675,0
1.0854,2.752728E-05,16.281,0,1.0854,-3.860533E-05,16.281,0
1.0863,-1.342794E-05,16.2945,0,1.0863,1.443504E-05,16.2945,0
1.0872,-4.867628E-05,16.308,0,1.0872,1.040665E-05,16.308,0
1.0881,-2.987716E-05,16.3215,0,1.0881,-8.627451E-05,16.3215,0
1.089,6.378271E-06,16.335,0,1.089,-4.666209E-05,16.335,0
1.0899,6.378271E-06,16.3485,0,1.0899,-3.390555E-05,16.3485,0
1.0908,-1.174945E-05,16.362,0,1.0908,-0.0001010452,16.362,0
1.0917,7.049668E-06,16.3755,0,1.0917,-0.0001138018,16.3755,0
1.0926,7.721065E-06,16.389,0,1.0926,-1.644922E-05,16.389,0
1.0935,-8.056763E-06,16.4025,0,1.0935,7.418937E-05,16.4025,0
1.0944,-3.121996E-05,16.416,0,1.0944,5.673304E-05,16.416,0
1.0953,-5.069047E-05,16.4295,0,1.0953,-5.035477E-06,16.4295,0
1.0962,-4.666209E-05,16.443,0,1.0962,-1.174945E-05,16.443,0
1.0971,-3.054856E-05,16.4565,0,1.0971,5.035477E-06,16.4565,0
1.098,-3.021286E-06,16.47,0,1.098,-7.016098E-05,16.47,0
1.0989,1.510643E-05,16.4835,0,1.0989,-8.661021E-05,16.4835,0
1.0998,-5.035477E-06,16.497,0,1.0998,-6.378271E-06,16.497,0
1.1007,1.577783E-05,16.5105,0,1.1007,-2.047761E-05,16.5105,0
1.1016,4.39765E-05,16.524,0,1.1016,-5.270466E-05,16.524,0
1.1025,-2.383459E-05,16.5375,0,1.1025,-3.356985E-07,16.5375,0
1.1034,-3.793393E-05,16.551,0,1.1034,3.256275E-05,16.551,0
1.1043,-2.18204E-05,16.5645,0,1.1043,2.349889E-06,16.5645,0
1.1052,-4.061952E-05,16.578,0,1.1052,1.342794E-06,16.578,0
1.1061,-5.807584E-05,16.5915,0,1.1061,1.443504E-05,16.5915,0
1.107,-2.819867E-05,16.605,0,1.107,-1.107805E-05,16.605,0
1.1079,-1.141375E-05,16.6185,0,1.1079,-1.980621E-05,16.6185,0
1.1088,1.007095E-06,16.632,0,1.1088,-2.786297E-05,16.632,0
1.1097,3.826963E-05,16.6455,0,1.1097,-1.678492E-05,16.6455,0
1.1106,2.887007E-05,16.659,0,1.1106,-1.678492E-06,16.659,0
1.1115,-5.035477E-06,16.6725,0,1.1115,-2.584878E-05,16.6725,0
1.1124,1.174945E-05,16.686,0,1.1124,-4.867628E-05,16.686,0
1.1133,-3.021286E-06,16.6995,0,1.1133,1.879912E-05,16.6995,0
1.1142,1.007095E-06,16.713,0,1.1142,1.007095E-05,16.713,0
1.1151,2.484169E-05,16.7265,0,1.1151,-4.46479E-05,16.7265,0
1.116,6.378271E-06,16.74,0,1.116,-2.450599E-05,16.74,0
1.1169,-1.644922E-05,16.7535,0,1.1169,6.713969E-07,16.7535,0
1.1178,-1.309224E-05,16.767,0,1.1178,-1.040665E-05,16.767,0
1.1187,3.692683E-06,16.7805,0,1.1187,-3.860533E-05,16.7805,0
1.1196,-1.443504E-05,16.794,0,1.1196,-5.404745E-05,16.794,0
1.1205,-3.356985E-06,16.8075,0,1.1205,-2.652018E-05,16.8075,0
1.1214,1.174945E-05,16.821,0,1.1214,-1.678492E-05,16.821,0
1.1223,1.712062E-05,16.8345,0,1.1223,-3.457694E-05,16.8345,0
1.1232,2.450599E-05,16.848,0,1.1232,-1.007095E-06,16.848,0
1.1241,1.107805E-05,16.8615,0,1.1241,8.392462E-06,16.8615,0
1.125,-4.095522E-05,16.875,0,1.125,-2.047761E-05,16.875,0
1.1259,-2.920577E-05,16.8885,0,1.1259,-4.39765E-05,16.8885,0
1.1268,-2.18204E-05,16.902,0,1.1268,-6.713969E-07,16.902,0
1.1277,-3.323415E-05,16.9155,0,1.1277,-5.706874E-06,16.9155,0
1.1286,-2.719158E-05,16.929,0,1.1286,-4.36408E-05,16.929,0
1.1295,-1.443504E-05,16.9425,0,1.1295,-7.721065E-06,16.9425,0
1.1304,-3.356985E-07,16.956,0,1.1304,7.049668E-06,16.956,0
1.1313,-3.860533E-05,16.9695,0,1.1313,-3.659113E-05,16.9695,0
1.1322,-4.867628E-05,16.983,0,1.1322,-2.081331E-05,16.983,0
1.1331,-9.399558E-06,16.9965,0,1.1331,6.713969E-06,16.9965,0
1.134,-2.652018E-05,17.01,0,1.134,-1.846342E-05,17.01,0
1.1349,-6.57969E-05,17.0235,0,1.1349,-2.047761E-05,17.0235,0
1.1358,-1.913481E-05,17.037,0,1.1358,-2.719158E-05,17.037,0
1.1367,2.551309E-05,17.0505,0,1.1367,-7.049668E-06,17.0505,0
1.1376,-1.846342E-05,17.064,0,1.1376,-2.18204E-05,17.064,0
1.1385,-1.443504E-05,17.0775,0,1.1385,-3.155566E-05,17.0775,0
1.1394,4.53193E-05,17.091,0,1.1394,-3.659113E-05,17.091,0
1.1403,-6.713969E-07,17.1045,0,1.1403,2.349889E-06,17.1045,0
1.1412,7.721065E-06,17.118,0,1.1412,-1.242084E-05,17.118,0
1.1421,4.867628E-05,17.1315,0,1.1421,-5.001907E-05,17.1315,0
1.143,5.807584E-05,17.145,0,1.143,-1.510643E-05,17.145,0
1.1439,7.116808E-05,17.1585,0,1.1439,-2.349889E-05,17.1585,0
1.1448,3.860533E-05,17.172,0,1.1448,-5.337606E-05,17.172,0
1.1457,2.24918E-05,17.1855,0,1.1457,-4.599069E-05,17.1855,0
1.1466,-1.174945E-05,17.199,0,1.1466,-5.706874E-06,17.199,0
1.1475,-4.36408E-05,17.2125,0,1.1475,-6.378271E-06,17.2125,0
1.1484,-5.874724E-05,17.226,0,1.1484,-2.047761E-05,17.226,0
1.1493,-6.881819E-05,17.2395,0,1.1493,-3.860533E-05,17.2395,0
1.1502,-6.6804E-05,17.253,0,1.1502,-3.088426E-05,17.253,0
1.1511,-6.143282E-05,17.2665,0,1.1511,-1.544213E-05,17.2665,0
1.152,-6.948959E-05,17.28,0,1.152,-2.719158E-05,17.28,0
1.1529,1.779202E-05,17.2935,0,1.1529,-4.095522E-05,17.2935,0
1.1538,2.584878E-05,17.307,0,1.1538,6.713969E-06,17.307,0
1.1547,1.644922E-05,17.3205,0,1.1547,1.443504E-05,17.3205,0
1.1556,4.162661E-05,17.334,0,1.1556,-1.544213E-05,17.334,0
1.1565,1.007095E-05,17.3475,0,1.1565,1.040665E-05,17.3475,0
1.1574,-1.510643E-05,17.361,0,1.1574,2.652018E-05,17.361,0
1.1583,-3.155566E-05,17.3745,0,1.1583,-8.056763E-06,17.3745,0
1.1592,1.376364E-05,17.388,0,1.1592,-5.706874E-06,17.388,0
1.1601,-1.242084E-05,17.4015,0,1.1601,2.1149E-05,17.4015,0
1.161,-3.591974E-05,17.415,0,1.161,-3.692683E-06,17.415,0
1.1619,-2.819867E-05,17.4285,0,1.1619,-3.659113E-05,17.4285,0
1.1628,-1.443504E-05,17.442,0,1.1628,-8.358892E-05,17.442,0
1.1637,5.035477E-06,17.4555,0,1.1637,-6.076142E-05,17.4555,0
1.1646,3.356985E-07,17.469,0,1.1646,-2.517739E-05,17.469,0
1.1655,1.040665E-05,17.4825,0,1.1655,-1.007095E-06,17.4825,0
1.1664,1.712062E-05,17.496,0,1.1664,9.063859E-06,17.496,0
1.1673,3.424125E-05,17.5095,0,1.1673,-8.728161E-06,17.5095,0
1.1682,3.021286E-05,17.523,0,1.1682,-9.063859E-06,17.523,0
1.1691,3.021286E-05,17.5365,0,1.1691,-2.450599E-05,17.5365,0
1.17,1.007095E-05,17.55,0,1.17,-5.035477E-06,17.55,0
1.1709,-3.356985E-05,17.5635,0,1.1709,-4.36408E-06,17.5635,0
1.1718,-2.21561E-05,17.577,0,1.1718,-3.121996E-05,17.577,0
1.1727,-2.316319E-05,17.5905,0,1.1727,-4.263371E-05,17.5905,0
1.1736,-4.061952E-05,17.604,0,1.1736,-2.987716E-05,17.604,0
1.1745,-1.107805E-05,17.6175,0,1.1745,-3.021286E-05,17.6175,0
1.1754,1.409934E-05,17.631,0,1.1754,-2.081331E-05,17.631,0
1.1763,1.678492E-06,17.6445,0,1.1763,-2.652018E-05,17.6445,0
1.1772,1.611353E-05,17.658,0,1.1772,1.174945E-05,17.658,0
1.1781,1.510643E-05,17.6715,0,1.1781,3.591974E-05,17.6715,0
1.179,6.378271E-06,17.685,0,1.179,-2.349889E-06,17.685,0
1.1799,1.779202E-05,17.6985,0,1.1799,-2.24918E-05,17.6985,0
1.1808,-3.088426E-05,17.712,0,1.1808,-1.678492E-06,17.712,0
1.1817,-1.477073E-05,17.7255,0,1.1817,-2.047761E-05,17.7255,0
1.1826,3.591974E-05,17.739,0,1.1826,-5.874724E-05,17.739,0
1.1835,-3.356985E-07,17.7525,0,1.1835,-3.054856E-05,17.7525,0
1.1844,-6.54612E-05,17.766,0,1.1844,-1.644922E-05,17.766,0
1.1853,-7.452507E-05,17.7795,0,1.1853,-4.095522E-05,17.7795,0
1.1862,-5.069047E-05,17.793,0,1.1862,-5.471885E-05,17.793,0
1.1871,-4.934768E-05,17.8065,0,1.1871,-2.618448E-05,17.8065,0
1.188,-6.378271E-05,17.82,0,1.188,-2.1149E-05,17.82,0
1.1889,-3.927672E-05,17.8335,0,1.1889,-2.047761E-05,17.8335,0
1.1898,-1.242084E-05,17.847,0,1.1898,-3.021286E-06,17.847,0
1.1907,-1.409934E-05,17.8605,0,1.1907,-6.713969E-07,17.8605,0
1.1916,8.728161E-06,17.874,0,1.1916,-3.927672E-05,17.874,0
1.1925,1.644922E-05,17.8875,0,1.1925,-6.478981E-05,17.8875,0
1.1934,4.766919E-05,17.901,0,1.1934,-3.793393E-05,17.901,0
1.1943,1.309224E-05,17.9145,0,1.1943,1.275654E-05,17.9145,0
1.1952,-3.323415E-05,17.928,0,1.1952,2.752728E-05,17.928,0
1.1961,4.263371E-05,17.9415,0,1.1961,-2.954147E-05,17.9415,0
1.197,1.678492E-05,17.955,0,1.197,-2.786297E-05,17.955,0
1.1979,-2.316319E-05,17.9685,0,1.1979,-1.477073E-05,17.9685,0
1.1988,-1.174945E-05,17.982,0,1.1988,-3.927672E-05,17.982,0
1.1997,3.961242E-05,17.9955,0,1.1997,-3.021286E-06,17.9955,0
1.2006,-1.040665E-05,18.009,0,1.2006,1.779202E-05,18.009,0
1.2015,-3.189136E-05,18.0225,0,1.2015,-7.049668E-06,18.0225,0
1.2024,-1.980621E-05,18.036,0,1.2024,-2.014191E-06,18.036,0
1.2033,-1.007095E-06,18.0495,0,1.2033,-1.376364E-05,18.0495,0
1.2042,-2.752728E-05,18.063,0,1.2042,1.342794E-06,18.063,0
1.2051,-4.263371E-05,18.0765,0,1.2051,-5.035477E-06,18.0765,0
1.206,-3.390555E-05,18.09,0,1.206,-4.934768E-05,18.09,0
1.2069,-2.887007E-05,18.1035,0,1.2069,-3.793393E-05,18.1035,0
1.2078,-1.644922E-05,18.117,0,1.2078,2.1149E-05,18.117,0
1.2087,-1.376364E-05,18.1305,0,1.2087,1.611353E-05,18.1305,0
1.2096,1.174945E-05,18.144,0,1.2096,-3.927672E-05,18.144,0
1.2105,4.46479E-05,18.1575,0,1.2105,9.735256E-06,18.1575,0
1.2114,4.229801E-05,18.171,0,1.2114,1.174945E-05,18.171,0
1.2123,3.994812E-05,18.1845,0,1.2123,-2.618448E-05,18.1845,0
1.2132,2.28275E-05,18.198,0,1.2132,-3.692683E-05,18.198,0
1.2141,-3.021286E-06,18.2115,0,1.2141,-1.376364E-05,18.2115,0
1.215,-5.706874E-06,18.225,0,1.215,-1.611353E-05,18.225,0
1.2159,1.007095E-05,18.2385,0,1.2159,-1.712062E-05,18.2385,0
1.2168,5.639734E-05,18.252,0,1.2168,-2.719158E-05,18.252,0
1.2177,8.728161E-06,18.2655,0,1.2177,-5.337606E-05,18.2655,0
1.2186,-5.505455E-05,18.279,0,1.2186,-5.136187E-05,18.279,0
1.2195,-2.450599E-05,18.2925,0,1.2195,-3.491264E-05,18.2925,0
1.2204,-5.706874E-06,18.306,0,1.2204,-6.411841E-05,18.306,0
1.2213,-2.18204E-05,18.3195,0,1.2213,-2.853437E-05,18.3195,0
1.2222,-3.256275E-05,18.333,0,1.2222,-5.740444E-05,18.333,0
1.2231,-3.021286E-05,18.3465,0,1.2231,-9.433127E-05,18.3465,0
1.224,-2.853437E-05,18.36,0,1.224,-2.1149E-05,18.36,0
1.2249,-2.584878E-05,18.3735,0,1.2249,6.042573E-06,18.3735,0
1.2258,3.692683E-06,18.387,0,1.2258,-2.920577E-05,18.387,0
1.2267,1.779202E-05,18.4005,0,1.2267,-3.323415E-05,18.4005,0
1.2276,-1.544213E-05,18.414,0,1.2276,-1.107805E-05,18.414,0
1.2285,-3.121996E-05,18.4275,0,1.2285,-1.644922E-05,18.4275,0
1.2294,3.356985E-06,18.441,0,1.2294,-1.376364E-05,18.441,0
1.2303,-7.721065E-06,18.4545,0,1.2303,-3.524834E-05,18.4545,0
1.2312,8.392462E-06,18.468,0,1.2312,8.392462E-06,18.468,0
1.2321,1.107805E-05,18.4815,0,1.2321,4.599069E-05,18.4815,0
1.233,-2.584878E-05,18.495,0,1.233,5.706874E-06,18.495,0
1.2339,-1.745632E-05,18.5085,0,1.2339,-3.256275E-05,18.5085,0
1.2348,-1.510643E-05,18.522,0,1.2348,4.36408E-06,18.522,0
1.2357,-2.853437E-05,18.5355,0,1.2357,1.678492E-06,18.5355,0
1.2366,-7.721065E-06,18.549,0,1.2366,-3.994812E-05,18.549,0
1.2375,-2.450599E-05,18.5625,0,1.2375,-2.1149E-05,18.5625,0
1.2384,-7.049668E-06,18.576,0,1.2384,-1.678492E-06,18.576,0
1.2393,-8.392462E-06,18.5895,0,1.2393,-1.812772E-05,18.5895,0
1.2402,7.385367E-06,18.603,0,1.2402,2.450599E-05,18.603,0
1.2411,-4.028382E-06,18.6165,0,1.2411,5.270466E-05,18.6165,0
1.242,-2.417029E-05,18.63,0,1.242,4.028382E-06,18.63,0
1.2429,-1.342794E-06,18.6435,0,1.2429,-2.786297E-05,18.6435,0
1.2438,0,18.657,0,1.2438,-7.183947E-05,18.657,0
1.2447,-1.644922E-05,18.6705,0,1.2447,-4.666209E-05,18.6705,0
1.2456,-6.210422E-05,18.684,0,1.2456,-2.517739E-05,18.684,0
1.2465,-4.599069E-05,18.6975,0,1.2465,-3.558404E-05,18.6975,0
1.2474,-3.021286E-05,18.711,0,1.2474,-4.49836E-05,18.711,0
1.2483,-1.141375E-05,18.7245,0,1.2483,-4.028382E-06,18.7245,0
1.2492,1.107805E-05,18.738,0,1.2492,-4.49836E-05,18.738,0
1.2501,4.699779E-05,18.7515,0,1.2501,-8.258183E-05,18.7515,0
1.251,2.853437E-05,18.765,0,1.251,5.706874E-06,18.765,0
1.2519,-2.21561E-05,18.7785,0,1.2519,3.356985E-06,18.7785,0
1.2528,-4.43122E-05,18.792,0,1.2528,-1.879912E-05,18.792,0
1.2537,3.356985E-07,18.8055,0,1.2537,1.779202E-05,18.8055,0
1.2546,8.728161E-06,18.819,0,1.2546,1.174945E-05,18.819,0
1.2555,1.879912E-05,18.8325,0,1.2555,-9.063859E-06,18.8325,0
1.2564,1.443504E-05,18.846,0,1.2564,-1.779202E-05,18.846,0
1.2573,3.289845E-05,18.8595,0,1.2573,-3.121996E-05,18.8595,0
1.2582,-1.007095E-06,18.873,0,1.2582,-1.913481E-05,18.873,0
1.2591,-5.371176E-06,18.8865,0,1.2591,6.378271E-06,18.8865,0
1.26,1.443504E-05,18.9,0,1.26,-1.040665E-05,18.9,0
1.2609,1.577783E-05,18.9135,0,1.2609,-3.961242E-05,18.9135,0
1.2618,-1.779202E-05,18.927,0,1.2618,-7.049668E-06,18.927,0
1.2627,-6.378271E-06,18.9405,0,1.2627,-8.392462E-06,18.9405,0
1.2636,1.846342E-05,18.954,0,1.2636,-4.33051E-05,18.954,0
1.2645,-3.256275E-05,18.9675,0,1.2645,3.692683E-06,18.9675,0
1.2654,-5.001907E-05,18.981,0,1.2654,2.349889E-06,18.981,0
1.2663,1.242084E-05,18.9945,0,1.2663,-2.853437E-05,18.9945,0
1.2672,-1.309224E-05,19.008,0,1.2672,-3.894102E-05,19.008,0
1.2681,-1.913481E-05,19.0215,0,1.2681,-7.721065E-06,19.0215,0
1.269,1.644922E-05,19.035,0,1.269,-7.049668E-06,19.035,0
1.2699,1.779202E-05,19.0485,0,1.2699,-1.846342E-05,19.0485,0
1.2708,-2.1149E-05,19.062,0,1.2708,-3.894102E-05,19.062,0
1.2717,-2.853437E-05,19.0755,0,1.2717,-3.256275E-05,19.0755,0
1.2726,-4.061952E-05,19.089,0,1.2726,-2.584878E-05,19.089,0
1.2735,-4.53193E-05,19.1025,0,1.2735,-4.599069E-05,19.1025,0
1.2744,-2.551309E-05,19.116,0,1.2744,-6.176852E-05,19.116,0
1.2753,-1.107805E-05,19.1295,0,1.2753,-2.853437E-05,19.1295,0
1.2762,-2.047761E-05,19.143,0,1.2762,-3.558404E-05,19.143,0
1.2771,-3.356985E-07,19.1565,0,1.2771,-6.54612E-05,19.1565,0
1.278,1.141375E-05,19.17,0,1.278,-8.056763E-06,19.17,0
1.2789,2.517739E-05,19.1835,0,1.2789,8.560311E-05,19.1835,0
1.2798,1.980621E-05,19.197,0,1.2798,2.24918E-05,19.197,0
1.2807,-5.001907E-05,19.2105,0,1.2807,-9.063859E-06,19.2105,0
1.2816,-1.510643E-05,19.224,0,1.2816,-1.275654E-05,19.224,0
1.2825,1.040665E-05,19.2375,0,1.2825,-3.491264E-05,19.2375,0
1.2834,6.378271E-06,19.251,0,1.2834,-3.860533E-05,19.251,0
1.2843,2.685588E-06,19.2645,0,1.2843,-8.627451E-05,19.2645,0
1.2852,3.356985E-07,19.278,0,1.2852,-3.659113E-05,19.278,0
1.2861,3.692683E-06,19.2915,0,1.2861,3.994812E-05,19.2915,0
1.287,1.040665E-05,19.305,0,1.287,3.591974E-05,19.305,0
1.2879,-2.383459E-05,19.3185,0,1.2879,-2.1149E-05,19.3185,0
1.2888,-5.471885E-05,19.332,0,1.2888,-3.692683E-06,19.332,0
1.2897,-3.860533E-05,19.3455,0,1.2897,-1.980621E-05,19.3455,0
1.2906,-2.920577E-05,19.359,0,1.2906,-5.169757E-05,19.359,0
1.2915,-5.941863E-05,19.3725,0,1.2915,-8.392462E-06,19.3725,0
1.2924,1.309224E-05,19.386,0,1.2924,-1.141375E-05,19.386,0
1.2933,7.620356E-05,19.3995,0,1.2933,-4.162661E-05,19.3995,0
1.2942,4.196231E-05,19.413,0,1.2942,-1.980621E-05,19.413,0
1.2951,4.36408E-05,19.4265,0,1.2951,-7.049668E-06,19.4265,0
1.296,4.599069E-05,19.44,0,1.296,-2.450599E-05,19.44,0
1.2969,6.411841E-05,19.4535,0,1.2969,0,19.4535,0
1.2978,2.652018E-05,19.467,0,1.2978,-3.692683E-06,19.467,0
1.2987,4.36408E-06,19.4805,0,1.2987,1.007095E-06,19.4805,0
1.2996,-2.28275E-05,19.494,0,1.2996,-8.392462E-06,19.494,0
1.3005,-1.577783E-05,19.5075,0,1.3005,2.349889E-06,19.5075,0
1.3014,-4.36408E-06,19.521,0,1.3014,1.040665E-05,19.521,0
1.3023,-3.189136E-05,19.5345,0,1.3023,2.450599E-05,19.5345,0
1.3032,-2.719158E-05,19.548,0,1.3032,-1.107805E-05,19.548,0
1.3041,-8.728161E-06,19.5615,0,1.3041,-0.000102388,19.5615,0
1.305,-3.323415E-05,19.575,0,1.305,-5.874724E-05,19.575,0
1.3059,7.721065E-06,19.5885,0,1.3059,-6.277562E-05,19.5885,0
1.3068,4.666209E-05,19.602,0,1.3068,-5.069047E-05,19.602,0
1.3077,6.78111E-05,19.6155,0,1.3077,-2.920577E-05,19.6155,0
1.3086,-1.913481E-05,19.629,0,1.3086,-3.994812E-05,19.629,0
1.3095,-4.196231E-05,19.6425,0,1.3095,-4.33051E-05,19.6425,0
1.3104,-6.076142E-05,19.656,0,1.3104,-3.021286E-05,19.656,0
1.3113,-3.793393E-05,19.6695,0,1.3113,-1.712062E-05,19.6695,0
1.3122,-2.349889E-05,19.683,0,1.3122,1.174945E-05,19.683,0
1.3131,-7.016098E-05,19.6965,0,1.3131,5.069047E-05,19.6965,0
1.314,-3.591974E-05,19.71,0,1.314,3.222705E-05,19.71,0
1.3149,-1.007095E-06,19.7235,0,1.3149,-4.36408E-06,19.7235,0
1.3158,-3.793393E-05,19.737,0,1.3158,1.174945E-05,19.737,0
1.3167,-6.54612E-05,19.7505,0,1.3167,-9.063859E-06,19.7505,0
1.3176,-3.390555E-05,19.764,0,1.3176,-7.754635E-05,19.764,0
1.3185,-4.599069E-05,19.7775,0,1.3185,-4.46479E-05,19.7775,0
1.3194,-3.021286E-06,19.791,0,1.3194,-2.719158E-05,19.791,0
1.3203,1.577783E-05,19.8045,0,1.3203,-4.666209E-05,19.8045,0
1.3212,-1.443504E-05,19.818,0,1.3212,-2.652018E-05,19.818,0
1.3221,-1.040665E-05,19.8315,0,1.3221,-1.007095E-06,19.8315,0
1.323,3.021286E-06,19.845,0,1.323,-1.107805E-05,19.845,0
1.3239,6.713969E-07,19.8585,0,1.3239,-3.155566E-05,19.8585,0
1.3248,2.383459E-05,19.872,0,1.3248,-2.819867E-05,19.872,0
1.3257,3.994812E-05,19.8855,0,1.3257,1.208515E-05,19.8855,0
1.3266,7.721065E-06,19.899,0,1.3266,-1.174945E-05,19.899,0
1.3275,-3.021286E-06,19.9125,0,1.3275,-4.229801E-05,19.9125,0
1.3284,-1.007095E-05,19.926,0,1.3284,-3.189136E-05,19.926,0
1.3293,1.779202E-05,19.9395,0,1.3293,3.021286E-05,19.9395,0
1.3302,1.376364E-05,19.953,0,1.3302,1.947051E-05,19.953,0
1.3311,-9.399558E-06,19.9665,0,1.3311,-4.53193E-05,19.9665,0
1.332,-7.049668E-06,19.98,0,1.332,1.678492E-05,19.98,0
1.3329,-3.726253E-05,19.9935,0,1.3329,-1.644922E-05,19.9935,0
1.3338,-3.659113E-05,20.007,0,1.3338,-7.150377E-05,20.007,0
1.3347,1.913481E-05,20.0205,0,1.3347,-2.618448E-05,20.0205,0
1.3356,1.208515E-05,20.034,0,1.3356,-8.392462E-06,20.034,0
1.3365,2.349889E-05,20.0475,0,1.3365,-1.510643E-05,20.0475,0
1.3374,2.349889E-06,20.061,0,1.3374,-1.913481E-05,20.061,0
1.3383,-2.584878E-05,20.0745,0,1.3383,-3.927672E-05,20.0745,0
1.3392,-5.438316E-05,20.088,0,1.3392,-1.376364E-05,20.088,0
1.3401,-8.560311E-05,20.1015,0,1.3401,1.846342E-05,20.1015,0
1.341,-5.539025E-05,20.115,0,1.341,-1.510643E-05,20.115,0
1.3419,-1.846342E-05,20.1285,0,1.3419,-4.43122E-05,20.1285,0
1.3428,5.035477E-06,20.142,0,1.3428,-1.040665E-05,20.142,0
1.3437,1.712062E-05,20.1555,0,1.3437,-2.349889E-06,20.1555,0
1.3446,4.834058E-05,20.169,0,1.3446,-2.18204E-05,20.169,0
1.3455,3.054856E-05,20.1825,0,1.3455,2.887007E-05,20.1825,0
1.3464,2.517739E-05,20.196,0,1.3464,3.088426E-05,20.196,0
1.3473,1.678492E-05,20.2095,0,1.3473,-4.53193E-05,20.2095,0
1.3482,1.040665E-05,20.223,0,1.3482,-7.486076E-05,20.223,0
1.3491,-1.913481E-05,20.2365,0,1.3491,-3.289845E-05,20.2365,0
1.35,-1.376364E-05,20.25,0,1.35,-6.411841E-05,20.25,0
1.3509,-4.699779E-06,20.2635,0,1.3509,-8.89601E-05,20.2635,0
1.3518,-7.721065E-06,20.277,0,1.3518,-6.378271E-06,20.277,0
1.3527,1.007095E-06,20.2905,0,1.3527,4.162661E-05,20.2905,0
1.3536,-1.678492E-06,20.304,0,1.3536,8.728161E-06,20.304,0
1.3545,1.242084E-05,20.3175,0,1.3545,-7.721065E-06,20.3175,0
1.3554,3.692683E-06,20.331,0,1.3554,-8.392462E-06,20.331,0
1.3563,-3.692683E-06,20.3445,0,1.3563,-3.356985E-06,20.3445,0
1.3572,6.042573E-06,20.358,0,1.3572,-4.095522E-05,20.358,0
1.3581,-1.879912E-05,20.3715,0,1.3581,-9.567407E-05,20.3715,0
1.359,-4.632639E-05,20.385,0,1.359,-4.33051E-05,20.385,0
1.3599,-3.524834E-05,20.3985,0,1.3599,1.678492E-06,20.3985,0
1.3608,-7.452507E-05,20.412,0,1.3608,-1.712062E-05,20.412,0
1.3617,-2.987716E-05,20.4255,0,1.3617,-3.256275E-05,20.4255,0
1.3626,-3.356985E-06,20.439,0,1.3626,-7.049668E-06,20.439,0
1.3635,3.356985E-07,20.4525,0,1.3635,-3.692683E-06,20.4525,0
1.3644,8.728161E-06,20.466,0,1.3644,-1.007095E-06,20.466,0
1.3653,1.577783E-05,20.4795,0,1.3653,-1.107805E-05,20.4795,0
1.3662,1.208515E-05,20.493,0,1.3662,2.21561E-05,20.493,0
1.3671,-2.786297E-05,20.5065,0,1.3671,4.867628E-05,20.5065,0
1.368,-2.316319E-05,20.52,0,1.368,5.035477E-06,20.52,0
1.3689,3.356985E-07,20.5335,0,1.3689,-6.54612E-05,20.5335,0
1.3698,-3.021286E-05,20.547,0,1.3698,-2.786297E-05,20.547,0
1.3707,-2.316319E-05,20.5605,0,1.3707,-5.807584E-05,20.5605,0
1.3716,-3.356985E-07,20.574,0,1.3716,-0.0001185016,20.574,0
1.3725,-3.256275E-05,20.5875,0,1.3725,-4.632639E-05,20.5875,0
1.3734,3.021286E-06,20.601,0,1.3734,-3.558404E-05,20.601,0
1.3743,3.692683E-05,20.6145,0,1.3743,-8.123904E-05,20.6145,0
1.3752,4.263371E-05,20.628,0,1.3752,-5.740444E-05,20.628,0
1.3761,6.378271E-05,20.6415,0,1.3761,2.1149E-05,20.6415,0
1.377,6.64683E-05,20.655,0,1.377,5.337606E-05,20.655,0
1.3779,2.517739E-05,20.6685,0,1.3779,2.081331E-05,20.6685,0
1.3788,-1.644922E-05,20.682,0,1.3788,-1.712062E-05,20.682,0
1.3797,-5.706874E-05,20.6955,0,1.3797,-2.18204E-05,20.6955,0
1.3806,-8.358892E-05,20.709,0,1.3806,-1.074235E-05,20.709,0
1.3815,-6.881819E-05,20.7225,0,1.3815,-1.040665E-05,20.7225,0
1.3824,-6.210422E-05,20.736,0,1.3824,6.713969E-07,20.736,0
1.3833,-2.719158E-05,20.7495,0,1.3833,1.846342E-05,20.7495,0
1.3842,-6.713969E-07,20.763,0,1.3842,-3.659113E-05,20.763,0
1.3851,3.189136E-05,20.7765,0,1.3851,-7.083238E-05,20.7765,0
1.386,4.46479E-05,20.79,0,1.386,-1.846342E-05,20.79,0
1.3869,3.189136E-05,20.8035,0,1.3869,-1.007095E-06,20.8035,0
1.3878,-1.510643E-05,20.817,0,1.3878,-2.584878E-05,20.817,0
1.3887,-2.853437E-05,20.8305,0,1.3887,2.28275E-05,20.8305,0
1.3896,-2.853437E-05,20.844,0,1.3896,4.263371E-05,20.844,0
1.3905,-8.728161E-06,20.8575,0,1.3905,-3.994812E-05,20.8575,0
1.3914,1.342794E-06,20.871,0,1.3914,-5.035477E-05,20.871,0
1.3923,1.007095E-06,20.8845,0,1.3923,-3.121996E-05,20.8845,0
1.3932,-1.947051E-05,20.898,0,1.3932,5.035477E-06,20.898,0
1.3941,5.706874E-06,20.9115,0,1.3941,3.189136E-05,20.9115,0
1.395,2.21561E-05,20.925,0,1.395,1.007095E-06,20.925,0
1.3959,5.035477E-06,20.9385,0,1.3959,-4.766919E-05,20.9385,0
1.3968,2.349889E-06,20.952,0,1.3968,-9.735256E-06,20.952,0
1.3977,1.913481E-05,20.9655,0,1.3977,-2.618448E-05,20.9655,0
1.3986,8.392462E-06,20.979,0,1.3986,-5.673304E-05,20.979,0
1.3995,-1.409934E-05,20.9925,0,1.3995,-1.107805E-05,20.9925,0
1.4004,-3.021286E-06,21.006,0,1.4004,-2.014191E-06,21.006,0
1.4013,-1.678492E-06,21.0195,0,1.4013,-4.095522E-05,21.0195,0
1.4022,4.699779E-06,21.033,0,1.4022,-3.524834E-05,21.033,0
1.4031,-2.853437E-05,21.0465,0,1.4031,-1.913481E-05,21.0465,0
1.404,-4.229801E-05,21.06,0,1.404,-1.846342E-05,21.06,0
1.4049,-3.961242E-05,21.0735,0,1.4049,-1.644922E-05,21.0735,0
1.4058,-3.189136E-05,21.087,0,1.4058,-1.040665E-05,21.087,0
1.4067,-4.39765E-05,21.1005,0,1.4067,1.040665E-05,21.1005,0
1.4076,-2.853437E-05,21.114,0,1.4076,2.349889E-06,21.114,0
1.4085,3.021286E-06,21.1275,0,1.4085,-1.141375E-05,21.1275,0
1.4094,6.344701E-05,21.141,0,1.4094,-3.021286E-06,21.141,0
1.4103,-3.121996E-05,21.1545,0,1.4103,-3.860533E-05,21.1545,0
1.4112,-3.121996E-05,21.168,0,1.4112,-4.800488E-05,21.168,0
1.4121,4.599069E-05,21.1815,0,1.4121,-4.834058E-05,21.1815,0
1.413,-1.309224E-05,21.195,0,1.413,-2.584878E-05,21.195,0
1.4139,-1.309224E-05,21.2085,0,1.4139,-5.706874E-06,21.2085,0
1.4148,1.007095E-05,21.222,0,1.4148,-2.719158E-05,21.222,0
1.4157,-5.706874E-06,21.2355,0,1.4157,-3.356985E-06,21.2355,0
1.4166,-3.155566E-05,21.249,0,1.4166,3.021286E-06,21.249,0
1.4175,-1.913481E-05,21.2625,0,1.4175,3.356985E-07,21.2625,0
1.4184,-1.913481E-05,21.276,0,1.4184,-3.021286E-06,21.276,0
1.4193,-3.021286E-06,21.2895,0,1.4193,-2.987716E-05,21.2895,0
1.4202,8.392462E-06,21.303,0,1.4202,-4.33051E-05,21.303,0
1.4211,-1.309224E-05,21.3165,0,1.4211,-3.457694E-05,21.3165,0
1.422,0,21.33,0,1.422,-5.841154E-05,21.33,0
1.4229,1.678492E-06,21.3435,0,1.4229,-6.51255E-05,21.3435,0
1.4238,-2.28275E-05,21.357,0,1.4238,-1.846342E-05,21.357,0
1.4247,-1.644922E-05,21.3705,0,1.4247,-7.721065E-06,21.3705,0
1.4256,-1.779202E-05,21.384,0,1.4256,-4.834058E-05,21.384,0
1.4265,-5.035477E-06,21.3975,0,1.4265,1.141375E-05,21.3975,0
1.4274,-1.544213E-05,21.411,0,1.4274,3.961242E-05,21.411,0
1.4283,-4.733349E-05,21.4245,0,1.4283,-2.014191E-05,21.4245,0
1.4292,-6.311131E-05,21.438,0,1.4292,-5.136187E-05,21.438,0
1.4301,-5.471885E-05,21.4515,0,1.4301,-9.735256E-06,21.4515,0
1.431,-6.61326E-05,21.465,0,1.431,-9.735256E-06,21.465,0
1.4319,-4.53193E-05,21.4785,0,1.4319,-1.275654E-05,21.4785,0
1.4328,-1.107805E-05,21.492,0,1.4328,-2.450599E-05,21.492,0
1.4337,1.913481E-05,21.5055,0,1.4337,-9.063859E-06,21.5055,0
1.4346,1.779202E-05,21.519,0,1.4346,-3.356985E-06,21.519,0
1.4355,4.699779E-06,21.5325,0,1.4355,-4.061952E-05,21.5325,0
1.4364,-1.007095E-06,21.546,0,1.4364,-4.061952E-05,21.546,0
1.4373,-6.042573E-06,21.5595,0,1.4373,-1.174945E-05,21.5595,0
1.4382,1.040665E-05,21.573,0,1.4382,-9.399558E-06,21.573,0
1.4391,4.43122E-05,21.5865,0,1.4391,7.721065E-06,21.5865,0
1.44,1.577783E-05,21.6,0,1.44,1.342794E-06,21.6,0
1.4409,5.606165E-05,21.6135,0,1.4409,1.577783E-05,21.6135,0
1.4418,0.0001037308,21.627,0,1.4418,4.968337E-05,21.627,0
1.4427,2.349889E-05,21.6405,0,1.4427,2.584878E-05,21.6405,0
1.4436,-3.692683E-06,21.654,0,1.4436,1.107805E-05,21.654,0
1.4445,9.735256E-06,21.6675,0,1.4445,7.049668E-06,21.6675,0
1.4454,-2.685588E-06,21.681,0,1.4454,-3.793393E-05,21.681,0
1.4463,1.443504E-05,21.6945,0,1.4463,-9.198138E-05,21.6945,0
1.4472,2.618448E-05,21.708,0,1.4472,-7.586786E-05,21.708,0
1.4481,2.786297E-05,21.7215,0,1.4481,-3.289845E-05,21.7215,0
1.449,3.356985E-06,21.735,0,1.449,-4.229801E-05,21.735,0
1.4499,-4.36408E-06,21.7485,0,1.4499,-3.826963E-05,21.7485,0
1.4508,-1.040665E-05,21.762,0,1.4508,-2.21561E-05,21.762,0
1.4517,-3.323415E-05,21.7755,0,1.4517,-4.43122E-05,21.7755,0
1.4526,-5.035477E-06,21.789,0,1.4526,-6.57969E-05,21.789,0
1.4535,-1.040665E-05,21.8025,0,1.4535,-3.021286E-06,21.8025,0
1.4544,-3.121996E-05,21.816,0,1.4544,6.713969E-06,21.816,0
1.4553,-2.685588E-06,21.8295,0,1.4553,-2.24918E-05,21.8295,0
1.4562,-3.356985E-05,21.843,0,1.4562,-2.18204E-05,21.843,0
1.4571,-3.726253E-05,21.8565,0,1.4571,-1.074235E-05,21.8565,0
1.458,-5.371176E-06,21.87,0,1.458,-2.316319E-05,21.87,0
1.4589,1.040665E-05,21.8835,0,1.4589,8.392462E-06,21.8835,0
1.4598,-3.021286E-05,21.897,0,1.4598,-1.409934E-05,21.897,0
1.4607,-2.652018E-05,21.9105,0,1.4607,-1.040665E-05,21.9105,0
1.4616,9.063859E-06,21.924,0,1.4616,-1.007095E-05,21.924,0
1.4625,-1.544213E-05,21.9375,0,1.4625,-2.853437E-05,21.9375,0
1.4634,-5.706874E-06,21.951,0,1.4634,-3.659113E-05,21.951,0
1.4643,2.349889E-06,21.9645,0,1.4643,-1.275654E-05,21.9645,0
1.4652,9.735256E-06,21.978,0,1.4652,-1.913481E-05,21.978,0
1.4661,1.007095E-06,21.9915,0,1.4661,-5.606165E-05,21.9915,0
1.467,-2.047761E-05,22.005,0,1.467,-2.719158E-05,22.005,0
1.4679,-4.196231E-05,22.0185,0,1.4679,8.392462E-06,22.0185,0
1.4688,-5.270466E-05,22.032,0,1.4688,1.174945E-05,22.032,0
1.4697,-3.860533E-05,22.0455,0,1.4697,-1.644922E-05,22.0455,0
1.4706,-5.807584E-05,22.059,0,1.4706,4.028382E-06,22.059,0
1.4715,-3.189136E-05,22.0725,0,1.4715,-1.174945E-05,22.0725,0
1.4724,-2.18204E-05,22.086,0,1.4724,-1.779202E-05,22.086,0
1.4733,-1.947051E-05,22.0995,0,1.4733,-5.035477E-05,22.0995,0
1.4742,2.014191E-06,22.113,0,1.4742,-4.29694E-05,22.113,0
1.4751,3.021286E-06,22.1265,0,1.4751,-1.544213E-05,22.1265,0
1.476,-7.385367E-06,22.14,0,1.476,-2.887007E-05,22.14,0
1.4769,2.920577E-05,22.1535,0,1.4769,-5.539025E-05,22.1535,0
1.4778,4.666209E-05,22.167,0,1.4778,6.713969E-07,22.167,0
1.4787,2.1149E-05,22.1805,0,1.4787,1.544213E-05,22.1805,0
1.4796,1.980621E-05,22.194,0,1.4796,-1.980621E-05,22.194,0
1.4805,-9.063859E-06,22.2075,0,1.4805,2.18204E-05,22.2075,0
1.4814,-3.256275E-05,22.221,0,1.4814,3.356985E-07,22.221,0
1.4823,-6.344701E-05,22.2345,0,1.4823,-3.021286E-05,22.2345,0
1.4832,-3.894102E-05,22.248,0,1.4832,-2.819867E-05,22.248,0
1.4841,-2.719158E-05,22.2615,0,1.4841,-3.726253E-05,22.2615,0
1.485,1.846342E-05,22.275,0,1.485,3.692683E-06,22.275,0
1.4859,3.457694E-05,22.2885,0,1.4859,1.577783E-05,22.2885,0
1.4868,8.392462E-06,22.302,0,1.4868,-2.18204E-05,22.302,0
1.4877,3.189136E-05,22.3155,0,1.4877,3.356985E-07,22.3155,0
1.4886,4.028382E-05,22.329,0,1.4886,2.887007E-05,22.329,0
1.4895,-8.392462E-06,22.3425,0,1.4895,-2.786297E-05,22.3425,0
1.4904,-2.316319E-05,22.356,0,1.4904,-7.150377E-05,22.356,0
1.4913,-3.793393E-05,22.3695,0,1.4913,-4.49836E-05,22.3695,0
1.4922,-6.143282E-05,22.383,0,1.4922,-4.263371E-05,22.383,0
1.4931,6.042573E-06,22.3965,0,1.4931,-4.263371E-05,22.3965,0
1.494,-4.867628E-05,22.41,0,1.494,-2.316319E-05,22.41,0
1.4949,-2.450599E-05,22.4235,0,1.4949,-5.706874E-06,22.4235,0
1.4958,-4.028382E-06,22.437,0,1.4958,-3.558404E-05,22.437,0
1.4967,2.484169E-05,22.4505,0,1.4967,-2.28275E-05,22.4505,0
1.4976,1.846342E-05,22.464,0,1.4976,2.685588E-06,22.464,0
1.4985,2.819867E-05,22.4775,0,1.4985,-9.399558E-06,22.4775,0
1.4994,6.109713E-05,22.491,0,1.4994,-1.040665E-05,22.491,0
1.5003,2.316319E-05,22.5045,0,1.5003,-1.812772E-05,22.5045,0
1.5012,1.980621E-05,22.518,0,1.5012,-1.376364E-05,22.518,0
1.5021,1.174945E-05,22.5315,0,1.5021,-1.275654E-05,22.5315,0
1.503,-1.242084E-05,22.545,0,1.503,-4.129091E-05,22.545,0
1.5039,-1.477073E-05,22.5585,0,1.5039,-3.726253E-05,22.5585,0
1.5048,-4.061952E-05,22.572,0,1.5048,1.812772E-05,22.572,0
1.5057,-4.599069E-05,22.5855,0,1.5057,-2.014191E-06,22.5855,0
1.5066,-1.846342E-05,22.599,0,1.5066,-3.591974E-05,22.599,0
1.5075,-4.263371E-05,22.6125,0,1.5075,-2.987716E-05,22.6125,0
1.5084,-5.706874E-06,22.626,0,1.5084,-4.39765E-05,22.626,0
1.5093,2.081331E-05,22.6395,0,1.5093,-5.874724E-05,22.6395,0
1.5102,-1.443504E-05,22.653,0,1.5102,-2.014191E-05,22.653,0
1.5111,-1.980621E-05,22.6665,0,1.5111,2.652018E-05,22.6665,0
1.512,-2.014191E-06,22.68,0,1.512,3.726253E-05,22.68,0
1.5129,-7.721065E-06,22.6935,0,1.5129,7.049668E-05,22.6935,0
1.5138,-9.063859E-06,22.707,0,1.5138,-2.349889E-05,22.707,0
1.5147,2.349889E-06,22.7205,0,1.5147,-3.558404E-05,22.7205,0
1.5156,-3.692683E-06,22.734,0,1.5156,-1.745632E-05,22.734,0
1.5165,1.242084E-05,22.7475,0,1.5165,-4.36408E-06,22.7475,0
1.5174,-7.049668E-06,22.761,0,1.5174,-4.800488E-05,22.761,0
1.5183,-3.054856E-05,22.7745,0,1.5183,-1.980621E-05,22.7745,0
1.5192,-2.316319E-05,22.788,0,1.5192,-2.584878E-05,22.788,0
1.5201,3.692683E-06,22.8015,0,1.5201,-6.009003E-05,22.8015,0
1.521,-1.678492E-05,22.815,0,1.521,-2.920577E-05,22.815,0
1.5219,-1.443504E-05,22.8285,0,1.5219,-2.316319E-05,22.8285,0
1.5228,-1.879912E-05,22.842,0,1.5228,-6.71397E-05,22.842,0
1.5237,-3.256275E-05,22.8555,0,1.5237,-5.001907E-05,22.8555,0
1.5246,3.692683E-06,22.869,0,1.5246,-2.450599E-05,22.869,0
1.5255,1.007095E-05,22.8825,0,1.5255,-2.786297E-05,22.8825,0
1.5264,-3.894102E-05,22.896,0,1.5264,-1.577783E-05,22.896,0
1.5273,-9.399558E-06,22.9095,0,1.5273,-2.920577E-05,22.9095,0
1.5282,4.263371E-05,22.923,0,1.5282,8.392462E-06,22.923,0
1.5291,-1.678492E-06,22.9365,0,1.5291,3.491264E-05,22.9365,0
1.53,-7.754635E-05,22.95,0,1.53,-1.913481E-05,22.95,0
1.5309,-1.745632E-05,22.9635,0,1.5309,-2.920577E-05,22.9635,0
1.5318,-7.385367E-06,22.977,0,1.5318,2.786297E-05,22.977,0
1.5327,-1.913481E-05,22.9905,0,1.5327,7.721065E-06,22.9905,0
1.5336,-4.028382E-06,23.004,0,1.5336,-2.719158E-05,23.004,0
1.5345,1.947051E-05,23.0175,0,1.5345,-3.289845E-05,23.0175,0
1.5354,3.793393E-05,23.031,0,1.5354,-3.625543E-05,23.031,0
1.5363,4.43122E-05,23.0445,0,1.5363,-7.620356E-05,23.0445,0
1.5372,-1.007095E-06,23.058,0,1.5372,-8.056764E-05,23.058,0
1.5381,-3.491264E-05,23.0715,0,1.5381,-3.961242E-05,23.0715,0
1.539,-3.256275E-05,23.085,0,1.539,0,23.085,0
1.5399,-2.920577E-05,23.0985,0,1.5399,4.53193E-05,23.0985,0
1.5408,-1.107805E-05,23.112,0,1.5408,-8.392462E-06,23.112,0
1.5417,-1.409934E-05,23.1255,0,1.5417,-3.323415E-05,23.1255,0
1.5426,8.392462E-06,23.139,0,1.5426,-2.417029E-05,23.139,0
1.5435,1.510643E-05,23.1525,0,1.5435,-1.812772E-05,23.1525,0
1.5444,5.035477E-06,23.166,0,1.5444,1.040665E-05,23.166,0
1.5453,-1.174945E-05,23.1795,0,1.5453,3.356985E-07,23.1795,0
1.5462,-2.1149E-05,23.193,0,1.5462,-2.987716E-05,23.193,0
1.5471,4.699779E-06,23.2065,0,1.5471,-4.129091E-05,23.2065,0
1.548,-6.042573E-06,23.22,0,1.548,7.385367E-06,23.22,0
1.5489,-1.107805E-05,23.2335,0,1.5489,3.860533E-05,23.2335,0
1.5498,-1.342794E-05,23.247,0,1.5498,9.063859E-06,23.247,0
1.5507,-6.713969E-07,23.2605,0,1.5507,-1.544213E-05,23.2605,0
1.5516,-2.450599E-05,23.274,0,1.5516,-1.611353E-05,23.274,0
1.5525,-2.383459E-05,23.2875,0,1.5525,-1.141375E-05,23.2875,0
1.5534,-1.242084E-05,23.301,0,1.5534,-1.846342E-05,23.301,0
1.5543,1.980621E-05,23.3145,0,1.5543,-3.524834E-05,23.3145,0
1.5552,4.901198E-05,23.328,0,1.5552,3.692683E-06,23.328,0
1.5561,2.652018E-05,23.3415,0,1.5561,2.014191E-05,23.3415,0
1.557,2.920577E-05,23.355,0,1.557,-1.745632E-05,23.355,0
1.5579,-1.678492E-06,23.3685,0,1.5579,-4.733349E-05,23.3685,0
1.5588,-4.095522E-05,23.382,0,1.5588,-1.040665E-05,23.382,0
1.5597,-1.712062E-05,23.3955,0,1.5597,-2.450599E-05,23.3955,0
1.5606,1.980621E-05,23.409,0,1.5606,-5.740444E-05,23.409,0
1.5615,-6.713969E-06,23.4225,0,1.5615,-1.644922E-05,23.4225,0
1.5624,2.349889E-06,23.436,0,1.5624,1.846342E-05,23.436,0
1.5633,-1.745632E-05,23.4495,0,1.5633,-2.450599E-05,23.4495,0
1.5642,-0.0001000381,23.463,0,1.5642,-5.740444E-05,23.463,0
1.5651,-6.344701E-05,23.4765,0,1.5651,-1.577783E-05,23.4765,0
1.566,-3.860533E-05,23.49,0,1.566,-2.24918E-05,23.49,0
1.5669,-5.706874E-05,23.5035,0,1.5669,-3.927672E-05,23.5035,0
1.5678,-3.021286E-06,23.517,0,1.5678,-2.920577E-05,23.517,0
1.5687,2.987716E-05,23.5305,0,1.5687,-4.36408E-06,23.5305,0
1.5696,2.517739E-05,23.544,0,1.5696,9.063859E-06,23.544,0
1.5705,-4.028382E-06,23.5575,0,1.5705,-1.510643E-05,23.5575,0
1.5714,6.378271E-06,23.571,0,1.5714,-2.987716E-05,23.571,0
1.5723,4.46479E-05,23.5845,0,1.5723,5.035477E-06,23.5845,0
1.5732,1.644922E-05,23.598,0,1.5732,-2.752728E-05,23.598,0
1.5741,-4.229801E-05,23.6115,0,1.5741,-5.438316E-05,23.6115,0
1.575,-6.78111E-05,23.625,0,1.575,-2.349889E-06,23.625,0
1.5759,-8.560311E-05,23.6385,0,1.5759,-9.063859E-06,23.6385,0
1.5768,-5.404745E-05,23.652,0,1.5768,-3.927672E-05,23.652,0
1.5777,2.1149E-05,23.6655,0,1.5777,-4.129091E-05,23.6655,0
1.5786,3.189136E-05,23.679,0,1.5786,-7.721065E-06,23.679,0
1.5795,4.263371E-05,23.6925,0,1.5795,-2.786297E-05,23.6925,0
1.5804,5.740444E-05,23.706,0,1.5804,-2.920577E-05,23.706,0
1.5813,3.860533E-05,23.7195,0,1.5813,-2.987716E-05,23.7195,0
1.5822,-7.049668E-06,23.733,0,1.5822,-1.745632E-05,23.733,0
1.5831,-2.853437E-05,23.7465,0,1.5831,-3.323415E-05,23.7465,0
1.584,-2.987716E-05,23.76,0,1.584,-4.733349E-05,23.76,0
1.5849,-8.392462E-06,23.7735,0,1.5849,-4.800488E-05,23.7735,0
1.5858,-3.021286E-06,23.787,0,1.5858,7.721065E-06,23.787,0
1.5867,1.577783E-05,23.8005,0,1.5867,2.349889E-06,23.8005,0
1.5876,-6.713969E-07,23.814,0,1.5876,-5.807584E-05,23.814,0
1.5885,-2.652018E-05,23.8275,0,1.5885,-1.913481E-05,23.8275,0
1.5894,1.577783E-05,23.841,0,1.5894,2.21561E-05,23.841,0
1.5903,-6.713969E-06,23.8545,0,1.5903,-3.390555E-05,23.8545,0
1.5912,-2.920577E-05,23.868,0,1.5912,-6.478981E-05,23.868,0
1.5921,-2.047761E-05,23.8815,0,1.5921,-1.409934E-05,23.8815,0
1.593,-1.409934E-05,23.895,0,1.593,3.155566E-05,23.895,0
1.5939,-3.356985E-07,23.9085,0,1.5939,3.390555E-05,23.9085,0
1.5948,2.014191E-06,23.922,0,1.5948,-2.014191E-05,23.922,0
1.5957,2.014191E-06,23.9355,0,1.5957,-2.24918E-05,23.9355,0
1.5966,-3.692683E-05,23.949,0,1.5966,-1.309224E-05,23.949,0
1.5975,-5.438316E-05,23.9625,0,1.5975,-3.256275E-05,23.9625,0
1.5984,-2.24918E-05,23.976,0,1.5984,-3.189136E-05,23.976,0
1.5993,-1.510643E-05,23.9895,0,1.5993,8.392462E-06,23.9895,0
1.6002,-8.728161E-06,24.003,0,1.6002,3.189136E-05,24.003,0
1.6011,1.309224E-05,24.0165,0,1.6011,-5.035477E-06,24.0165,0
1.602,3.692683E-06,24.03,0,1.602,-1.409934E-05,24.03,0
1.6029,3.189136E-05,24.0435,0,1.6029,-2.450599E-05,24.0435,0
1.6038,4.53193E-05,24.057,0,1.6038,-3.054856E-05,24.057,0
1.6047,4.800488E-05,24.0705,0,1.6047,-2.618448E-05,24.0705,0
1.6056,-2.047761E-05,24.084,0,1.6056,6.713969E-07,24.084,0
1.6065,1.947051E-05,24.0975,0,1.6065,1.577783E-05,24.0975,0
1.6074,7.721065E-06,24.111,0,1.6074,-1.174945E-05,24.111,0
1.6083,0,24.1245,0,1.6083,-3.457694E-05,24.1245,0
1.6092,1.007095E-06,24.138,0,1.6092,-2.18204E-05,24.138,0
1.6101,-8.392462E-06,24.1515,0,1.6101,0,24.1515,0
1.611,-1.242084E-05,24.165,0,1.611,-3.323415E-05,24.165,0
1.6119,3.692683E-06,24.1785,0,1.6119,-5.774014E-05,24.1785,0
1.6128,-3.793393E-05,24.192,0,1.6128,-4.867628E-05,24.192,0
1.6137,-7.183947E-05,24.2055,0,1.6137,-4.061952E-05,24.2055,0
1.6146,-3.961242E-05,24.219,0,1.6146,-5.136187E-05,24.219,0
1.6155,-1.174945E-05,24.2325,0,1.6155,-1.644922E-05,24.2325,0
1.6164,-3.021286E-06,24.246,0,1.6164,3.692683E-06,24.246,0
1.6173,-1.107805E-05,24.2595,0,1.6173,-3.826963E-05,24.2595,0
1.6182,1.409934E-05,24.273,0,1.6182,-4.39765E-05,24.273,0
1.6191,-1.208515E-05,24.2865,0,1.6191,-8.392462E-06,24.2865,0
1.62,-7.385367E-06,24.3,0,1.62,-2.652018E-05,24.3,0
1.6209,7.721065E-06,24.3135,0,1.6209,-3.524834E-05,24.3135,0
1.6218,-2.383459E-05,24.327,0,1.6218,-7.150377E-05,24.327,0
1.6227,-4.766919E-05,24.3405,0,1.6227,-5.606165E-05,24.3405,0
1.6236,-5.706874E-06,24.354,0,1.6236,-2.819867E-05,24.354,0
1.6245,7.049668E-06,24.3675,0,1.6245,-1.242084E-05,24.3675,0
1.6254,-1.779202E-05,24.381,0,1.6254,-6.378271E-06,24.381,0
1.6263,-3.558404E-05,24.3945,0,1.6263,4.36408E-06,24.3945,0
1.6272,-1.007095E-05,24.408,0,1.6272,1.846342E-05,24.408,0
1.6281,3.356985E-07,24.4215,0,1.6281,3.356985E-06,24.4215,0
1.629,-2.887007E-05,24.435,0,1.629,-2.450599E-05,24.435,0
1.6299,-4.43122E-05,24.4485,0,1.6299,2.1149E-05,24.4485,0
1.6308,-1.510643E-05,24.462,0,1.6308,9.735256E-06,24.462,0
1.6317,2.819867E-05,24.4755,0,1.6317,3.356985E-07,24.4755,0
1.6326,7.049668E-06,24.489,0,1.6326,-8.392462E-06,24.489,0
1.6335,-3.054856E-05,24.5025,0,1.6335,-2.719158E-05,24.5025,0
1.6344,-4.666209E-05,24.516,0,1.6344,-2.28275E-05,24.516,0
1.6353,2.383459E-05,24.5295,0,1.6353,-2.383459E-05,24.5295,0
1.6362,2.450599E-05,24.543,0,1.6362,7.721065E-06,24.543,0
1.6371,-3.189136E-05,24.5565,0,1.6371,-6.713969E-06,24.5565,0
1.638,-1.779202E-05,24.57,0,1.638,-8.392462E-06,24.57,0
1.6389,1.712062E-05,24.5835,0,1.6389,-2.383459E-05,24.5835,0
1.6398,4.699779E-06,24.597,0,1.6398,-8.392462E-06,24.597,0
1.6407,-3.054856E-05,24.6105,0,1.6407,-5.706874E-06,24.6105,0
1.6416,2.014191E-06,24.624,0,1.6416,-4.632639E-05,24.624,0
1.6425,1.141375E-05,24.6375,0,1.6425,-2.1149E-05,24.6375,0
1.6434,1.242084E-05,24.651,0,1.6434,9.063859E-06,24.651,0
1.6443,1.712062E-05,24.6645,0,1.6443,-2.24918E-05,24.6645,0
1.6452,-1.275654E-05,24.678,0,1.6452,-3.390555E-05,24.678,0
1.6461,-1.443504E-05,24.6915,0,1.6461,-1.443504E-05,24.6915,0
1.647,-3.356985E-07,24.705,0,1.647,-1.342794E-06,24.705,0
1.6479,-9.735256E-06,24.7185,0,1.6479,7.049668E-06,24.7185,0
1.6488,-4.800488E-05,24.732,0,1.6488,-3.054856E-05,24.732,0
1.6497,-2.752728E-05,24.7455,0,1.6497,6.378271E-06,24.7455,0
1.6506,1.040665E-05,24.759,0,1.6506,2.383459E-05,24.759,0
1.6515,4.028382E-06,24.7725,0,1.6515,-2.719158E-05,24.7725,0
1.6524,-1.443504E-05,24.786,0,1.6524,-6.74754E-05,24.786,0
1.6533,0,24.7995,0,1.6533,-6.57969E-05,24.7995,0
1.6542,4.43122E-05,24.813,0,1.6542,-5.001907E-05,24.813,0
1.6551,5.001907E-05,24.8265,0,1.6551,-6.814679E-05,24.8265,0
1.656,3.088426E-05,24.84,0,1.656,-2.618448E-05,24.84,0
1.6569,1.913481E-05,24.8535,0,1.6569,-6.042573E-06,24.8535,0
1.6578,1.141375E-05,24.867,0,1.6578,-2.047761E-05,24.867,0
1.6587,2.987716E-05,24.8805,0,1.6587,-2.316319E-05,24.8805,0
1.6596,-2.014191E-06,24.894,0,1.6596,-1.644922E-05,24.894,0
1.6605,-1.242084E-05,24.9075,0,1.6605,-1.040665E-05,24.9075,0
1.6614,1.040665E-05,24.921,0,1.6614,-2.618448E-05,24.921,0
1.6623,2.1149E-05,24.9345,0,1.6623,-3.826963E-05,24.9345,0
1.6632,-5.136187E-05,24.948,0,1.6632,-2.819867E-05,24.948,0
1.6641,-8.493171E-05,24.9615,0,1.6641,-9.735256E-06,24.9615,0
1.665,-3.558404E-05,24.975,0,1.665,-1.913481E-05,24.975,0
1.6659,-1.913481E-05,24.9885,0,1.6659,-3.121996E-05,24.9885,0
1.6668,-1.644922E-05,25.002,0,1.6668,5.035477E-06,25.002,0
1.6677,2.584878E-05,25.0155,0,1.6677,-3.692683E-06,25.0155,0
1.6686,4.36408E-06,25.029,0,1.6686,-5.404745E-05,25.029,0
1.6695,-2.484169E-05,25.0425,0,1.6695,-5.035477E-06,25.0425,0
1.6704,-1.678492E-06,25.056,0,1.6704,1.141375E-05,25.056,0
1.6713,3.692683E-06,25.0695,0,1.6713,-1.947051E-05,25.0695,0
1.6722,-1.846342E-05,25.083,0,1.6722,-2.920577E-05,25.083,0
1.6731,-2.786297E-05,25.0965,0,1.6731,-4.196231E-05,25.0965,0
1.674,-1.577783E-05,25.11,0,1.674,-5.404745E-05,25.11,0
1.6749,-1.107805E-05,25.1235,0,1.6749,-3.927672E-05,25.1235,0
1.6758,1.779202E-05,25.137,0,1.6758,-6.378271E-06,25.137,0
1.6767,1.477073E-05,25.1505,0,1.6767,0.0001097734,25.1505,0
1.6776,-9.735256E-06,25.164,0,1.6776,8.358892E-05,25.164,0
1.6785,-1.678492E-06,25.1775,0,1.6785,-4.095522E-05,25.1775,0
1.6794,2.652018E-05,25.191,0,1.6794,-6.009003E-05,25.191,0
1.6803,-1.544213E-05,25.2045,0,1.6803,-2.685588E-06,25.2045,0
1.6812,-3.692683E-06,25.218,0,1.6812,-1.007095E-06,25.218,0
1.6821,1.913481E-05,25.2315,0,1.6821,-2.18204E-05,25.2315,0
1.683,-3.155566E-05,25.245,0,1.683,1.443504E-05,25.245,0
1.6839,-1.409934E-05,25.2585,0,1.6839,2.316319E-05,25.2585,0
1.6848,-2.1149E-05,25.272,0,1.6848,-2.819867E-05,25.272,0
1.6857,-6.61326E-05,25.2855,0,1.6857,-3.457694E-05,25.2855,0
1.6866,-3.558404E-05,25.299,0,1.6866,-1.644922E-05,25.299,0
1.6875,-9.735256E-06,25.3125,0,1.6875,-4.53193E-05,25.3125,0
1.6884,-2.618448E-05,25.326,0,1.6884,-5.807584E-05,25.326,0
1.6893,-4.263371E-05,25.3395,0,1.6893,-7.586786E-05,25.3395,0
1.6902,-2.1149E-05,25.353,0,1.6902,-1.712062E-05,25.353,0
1.6911,4.36408E-06,25.3665,0,1.6911,4.699779E-06,25.3665,0
1.692,-5.471885E-05,25.38,0,1.692,-4.599069E-05,25.38,0
1.6929,-2.584878E-05,25.3935,0,1.6929,-4.599069E-05,25.3935,0
1.6938,-3.021286E-06,25.407,0,1.6938,-1.409934E-05,25.407,0
1.6947,-8.056763E-06,25.4205,0,1.6947,-2.18204E-05,25.4205,0
1.6956,3.424125E-05,25.434,0,1.6956,-3.121996E-05,25.434,0
1.6965,2.652018E-05,25.4475,0,1.6965,2.014191E-06,25.4475,0
1.6974,1.913481E-05,25.461,0,1.6974,1.443504E-05,25.461,0
1.6983,1.409934E-05,25.4745,0,1.6983,-2.316319E-05,25.4745,0
1.6992,-2.450599E-05,25.488,0,1.6992,-2.28275E-05,25.488,0
1.7001,-9.063859E-06,25.5015,0,1.7001,3.356985E-07,25.5015,0
1.701,-3.591974E-05,25.515,0,1.701,-2.752728E-05,25.515,0
1.7019,-5.371176E-05,25.5285,0,1.7019,-4.901198E-05,25.5285,0
1.7028,0,25.542,0,1.7028,-5.001907E-05,25.542,0
1.7037,1.846342E-05,25.5555,0,1.7037,-1.510643E-05,25.5555,0
1.7046,2.21561E-05,25.569,0,1.7046,4.095522E-05,25.569,0
1.7055,3.356985E-07,25.5825,0,1.7055,-6.713969E-07,25.5825,0
1.7064,-1.309224E-05,25.596,0,1.7064,-3.088426E-05,25.596,0
1.7073,-2.786297E-05,25.6095,0,1.7073,-1.678492E-06,25.6095,0
1.7082,-1.678492E-05,25.623,0,1.7082,-8.056763E-06,25.623,0
1.7091,-1.947051E-05,25.6365,0,1.7091,-5.606165E-05,25.6365,0
1.71,-2.450599E-05,25.65,0,1.71,-7.721065E-06,25.65,0
1.7109,-5.706874E-06,25.6635,0,1.7109,-1.678492E-06,25.6635,0
1.7118,2.1149E-05,25.677,0,1.7118,-2.987716E-05,25.677,0
1.7127,1.174945E-05,25.6905,0,1.7127,-1.644922E-05,25.6905,0
1.7136,-1.443504E-05,25.704,0,1.7136,-1.309224E-05,25.704,0
1.7145,-1.007095E-06,25.7175,0,1.7145,6.713969E-07,25.7175,0
1.7154,1.443504E-05,25.731,0,1.7154,2.047761E-05,25.731,0
1.7163,2.383459E-05,25.7445,0,1.7163,-1.779202E-05,25.7445,0
1.7172,2.047761E-05,25.758,0,1.7172,-5.706874E-06,25.758,0
1.7181,4.162661E-05,25.7715,0,1.7181,1.376364E-05,25.7715,0
1.719,2.954147E-05,25.785,0,1.719,-3.860533E-05,25.785,0
1.7199,3.121996E-05,25.7985,0,1.7199,-8.358892E-05,25.7985,0
1.7208,-1.846342E-05,25.812,0,1.7208,-5.673304E-05,25.812,0
1.7217,-4.36408E-06,25.8255,0,1.7217,-5.639734E-05,25.8255,0
1.7226,2.719158E-05,25.839,0,1.7226,-5.539025E-05,25.839,0
1.7235,-3.121996E-05,25.8525,0,1.7235,-1.309224E-05,25.8525,0
1.7244,-4.46479E-05,25.866,0,1.7244,-2.819867E-05,25.866,0
1.7253,-1.007095E-06,25.8795,0,1.7253,-5.941863E-05,25.8795,0
1.7262,-1.913481E-05,25.893,0,1.7262,-4.733349E-05,25.893,0
1.7271,-5.304036E-05,25.9065,0,1.7271,-1.846342E-05,25.9065,0
1.728,-5.304036E-05,25.92,0,1.728,-5.706874E-06,25.92,0
1.7289,-3.759823E-05,25.9335,0,1.7289,5.673304E-05,25.9335,0
1.7298,-3.256275E-05,25.947,0,1.7298,1.913481E-05,25.947,0
1.7307,-3.390555E-05,25.9605,0,1.7307,-1.712062E-05,25.9605,0
1.7316,-3.591974E-05,25.974,0,1.7316,-6.378271E-06,25.974,0
1.7325,-6.143282E-05,25.9875,0,1.7325,-3.121996E-05,25.9875,0
1.7334,-2.450599E-05,26.001,0,1.7334,-4.36408E-05,26.001,0
1.7343,1.779202E-05,26.0145,0,1.7343,-2.349889E-06,26.0145,0
1.7352,1.141375E-05,26.028,0,1.7352,-1.577783E-05,26.028,0
1.7361,-1.141375E-05,26.0415,0,1.7361,-4.46479E-05,26.0415,0
1.737,-2.24918E-05,26.055,0,1.737,0,26.055,0
1.7379,4.666209E-05,26.0685,0,1.7379,1.040665E-05,26.0685,0
1.7388,2.21561E-05,26.082,0,1.7388,-1.947051E-05,26.082,0
1.7397,-2.014191E-06,26.0955,0,1.7397,-1.510643E-05,26.0955,0
1.7406,1.577783E-05,26.109,0,1.7406,4.028382E-06,26.109,0
1.7415,1.443504E-05,26.1225,0,1.7415,-8.392462E-06,26.1225,0
1.7424,1.644922E-05,26.136,0,1.7424,-1.477073E-05,26.136,0
1.7433,6.009003E-05,26.1495,0,1.7433,-3.726253E-05,26.1495,0
1.7442,4.599069E-05,26.163,0,1.7442,-1.007095E-05,26.163,0
1.7451,3.021286E-05,26.1765,0,1.7451,-1.846342E-05,26.1765,0
1.746,8.728161E-06,26.19,0,1.746,-4.46479E-05,26.19,0
1.7469,-3.356985E-06,26.2035,0,1.7469,-5.404745E-05,26.2035,0
1.7478,-2.987716E-05,26.217,0,1.7478,-5.035477E-06,26.217,0
1.7487,-5.035477E-06,26.2305,0,1.7487,-1.141375E-05,26.2305,0
1.7496,-1.712062E-05,26.244,0,1.7496,-5.539025E-05,26.244,0
1.7505,-2.484169E-05,26.2575,0,1.7505,-1.208515E-05,26.2575,0
1.7514,-4.867628E-05,26.271,0,1.7514,-1.678492E-06,26.271,0
1.7523,-2.24918E-05,26.2845,0,1.7523,-3.826963E-05,26.2845,0
1.7532,-3.356985E-06,26.298,0,1.7532,-3.457694E-05,26.298,0
1.7541,-2.316319E-05,26.3115,0,1.7541,-5.706874E-06,26.3115,0
1.755,1.174945E-05,26.325,0,1.755,-1.242084E-05,26.325,0
1.7559,3.659113E-05,26.3385,0,1.7559,5.706874E-06,26.3385,0
1.7568,2.786297E-05,26.352,0,1.7568,-1.980621E-05,26.352,0
1.7577,-2.517739E-05,26.3655,0,1.7577,-1.544213E-05,26.3655,0
1.7586,-6.78111E-05,26.379,0,1.7586,-1.107805E-05,26.379,0
1.7595,-3.659113E-05,26.3925,0,1.7595,-2.551309E-05,26.3925,0
1.7604,1.577783E-05,26.406,0,1.7604,-3.189136E-05,26.406,0
1.7613,-1.678492E-06,26.4195,0,1.7613,-1.678492E-06,26.4195,0
1.7622,-1.074235E-05,26.433,0,1.7622,-4.028382E-06,26.433,0
1.7631,-2.618448E-05,26.4465,0,1.7631,-4.061952E-05,26.4465,0
1.764,-1.242084E-05,26.46,0,1.764,-1.141375E-05,26.46,0
1.7649,-3.323415E-05,26.4735,0,1.7649,1.040665E-05,26.4735,0
1.7658,-6.378271E-06,26.487,0,1.7658,-1.141375E-05,26.487,0
1.7667,-4.028382E-05,26.5005,0,1.7667,-9.063859E-06,26.5005,0
1.7676,-8.023193E-05,26.514,0,1.7676,0,26.514,0
1.7685,-4.599069E-05,26.5275,0,1.7685,1.678492E-06,26.5275,0
1.7694,-9.735256E-06,26.541,0,1.7694,-1.712062E-05,26.541,0
1.7703,-6.713969E-07,26.5545,0,1.7703,-4.33051E-05,26.5545,0
1.7712,-2.752728E-05,26.568,0,1.7712,-2.987716E-05,26.568,0
1.7721,-3.356985E-07,26.5815,0,1.7721,-1.309224E-05,26.5815,0
1.773,3.726253E-05,26.595,0,1.773,-3.189136E-05,26.595,0
1.7739,2.719158E-05,26.6085,0,1.7739,-3.994812E-05,26.6085,0
1.7748,6.713969E-06,26.622,0,1.7748,8.392462E-06,26.622,0
1.7757,-2.685588E-06,26.6355,0,1.7757,-1.242084E-05,26.6355,0
1.7766,7.721065E-06,26.649,0,1.7766,-6.042573E-05,26.649,0
1.7775,6.378271E-06,26.6625,0,1.7775,-2.383459E-05,26.6625,0
1.7784,2.1149E-05,26.676,0,1.7784,-1.846342E-05,26.676,0
1.7793,-9.063859E-06,26.6895,0,1.7793,-4.599069E-05,26.6895,0
1.7802,-9.063859E-06,26.703,0,1.7802,-3.826963E-05,26.703,0
1.7811,-2.719158E-05,26.7165,0,1.7811,-1.644922E-05,26.7165,0
1.782,-2.786297E-05,26.73,0,1.782,-1.376364E-05,26.73,0
1.7829,-1.644922E-05,26.7435,0,1.7829,-3.692683E-06,26.7435,0
1.7838,-3.659113E-05,26.757,0,1.7838,3.356985E-07,26.757,0
1.7847,-2.920577E-05,26.7705,0,1.7847,8.728161E-06,26.7705,0
1.7856,1.242084E-05,26.784,0,1.7856,-7.385367E-06,26.784,0
1.7865,4.129091E-05,26.7975,0,1.7865,-2.719158E-05,26.7975,0
1.7874,4.934768E-05,26.811,0,1.7874,-3.894102E-05,26.811,0
1.7883,3.558404E-05,26.8245,0,1.7883,-2.047761E-05,26.8245,0
1.7892,3.793393E-05,26.838,0,1.7892,-1.812772E-05,26.838,0
1.7901,4.061952E-05,26.8515,0,1.7901,-4.33051E-05,26.8515,0
1.791,-9.063859E-06,26.865,0,1.791,-1.980621E-05,26.865,0
1.7919,-1.913481E-05,26.8785,0,1.7919,3.356985E-07,26.8785,0
1.7928,5.035477E-06,26.892,0,1.7928,-4.33051E-05,26.892,0
1.7937,-1.208515E-05,26.9055,0,1.7937,-2.584878E-05,26.9055,0
1.7946,-1.644922E-05,26.919,0,1.7946,6.713969E-07,26.919,0
1.7955,-9.735256E-06,26.9325,0,1.7955,-1.040665E-05,26.9325,0
1.7964,-2.18204E-05,26.946,0,1.7964,-2.719158E-05,26.946,0
1.7973,-2.584878E-05,26.9595,0,1.7973,-4.867628E-05,26.9595,0
1.7982,0,26.973,0,1.7982,-1.544213E-05,26.973,0
1.7991,-2.887007E-05,26.9865,0,1.7991,1.208515E-05,26.9865,0
1.8,-5.941863E-05,27,0,1.8,-3.927672E-05,27,0
1.8009,-2.24918E-05,27.0135,0,1.8009,-5.706874E-05,27.0135,0
1.8018,-3.390555E-05,27.027,0,1.8018,-9.399558E-06,27.027,0
1.8027,-2.081331E-05,27.0405,0,1.8027,-9.063859E-06,27.0405,0
1.8036,-3.021286E-06,27.054,0,1.8036,-2.954147E-05,27.054,0
1.8045,-3.155566E-05,27.0675,0,1.8045,7.721065E-06,27.0675,0
1.8054,-3.927672E-05,27.081,0,1.8054,2.1149E-05,27.081,0
1.8063,-5.035477E-05,27.0945,0,1.8063,-6.713969E-06,27.0945,0
1.8072,-4.129091E-05,27.108,0,1.8072,-2.551309E-05,27.108,0
1.8081,-4.49836E-05,27.1215,0,1.8081,3.021286E-06,27.1215,0
1.809,1.678492E-06,27.135,0,1.809,-3.356985E-06,27.135,0
1.8099,4.968337E-05,27.1485,0,1.8099,-1.107805E-05,27.1485,0
1.8108,2.517739E-05,27.162,0,1.8108,-4.39765E-05,27.162,0
1.8117,2.1149E-05,27.1755,0,1.8117,-3.524834E-05,27.1755,0
1.8126,2.383459E-05,27.189,0,1.8126,-9.063859E-06,27.189,0
1.8135,-1.443504E-05,27.2025,0,1.8135,-1.376364E-05,27.2025,0
1.8144,-7.721065E-06,27.216,0,1.8144,-1.678492E-05,27.216,0
1.8153,-1.342794E-05,27.2295,0,1.8153,2.685588E-06,27.2295,0
1.8162,-6.378271E-06,27.243,0,1.8162,2.920577E-05,27.243,0
1.8171,5.706874E-06,27.2565,0,1.8171,-3.692683E-06,27.2565,0
1.818,-1.879912E-05,27.27,0,1.818,-1.208515E-05,27.27,0
1.8189,9.063859E-06,27.2835,0,1.8189,-7.049668E-06,27.2835,0
1.8198,5.706874E-06,27.297,0,1.8198,-4.229801E-05,27.297,0
1.8207,-5.706874E-06,27.3105,0,1.8207,-4.46479E-05,27.3105,0
1.8216,2.349889E-06,27.324,0,1.8216,-2.853437E-05,27.324,0
1.8225,3.021286E-06,27.3375,0,1.8225,-8.056763E-06,27.3375,0
1.8234,8.728161E-06,27.351,0,1.8234,-2.383459E-05,27.351,0
1.8243,4.699779E-06,27.3645,0,1.8243,-6.915389E-05,27.3645,0
1.8252,-1.913481E-05,27.378,0,1.8252,-4.934768E-05,27.378,0
1.8261,-3.994812E-05,27.3915,0,1.8261,6.713969E-06,27.3915,0
1.827,-7.385367E-06,27.405,0,1.827,1.812772E-05,27.405,0
1.8279,-2.719158E-05,27.4185,0,1.8279,9.735256E-06,27.4185,0
1.8288,-3.927672E-05,27.432,0,1.8288,-2.28275E-05,27.432,0
1.8297,-1.745632E-05,27.4455,0,1.8297,-2.920577E-05,27.4455,0
1.8306,1.242084E-05,27.459,0,1.8306,-4.666209E-05,27.459,0
1.8315,-1.477073E-05,27.4725,0,1.8315,-1.846342E-05,27.4725,0
1.8324,-2.383459E-05,27.486,0,1.8324,-2.18204E-05,27.486,0
1.8333,1.242084E-05,27.4995,0,1.8333,-3.961242E-05,27.4995,0
1.8342,-2.014191E-06,27.513,0,1.8342,-2.081331E-05,27.513,0
1.8351,-3.961242E-05,27.5265,0,1.8351,1.007095E-06,27.5265,0
1.836,-6.378271E-06,27.54,0,1.836,-3.356985E-07,27.54,0
1.8369,7.721065E-06,27.5535,0,1.8369,-1.242084E-05,27.5535,0
1.8378,3.390555E-05,27.567,0,1.8378,-2.584878E-05,27.567,0
1.8387,3.155566E-05,27.5805,0,1.8387,-2.786297E-05,27.5805,0
1.8396,4.53193E-05,27.594,0,1.8396,-1.577783E-05,27.594,0
1.8405,6.814679E-05,27.6075,0,1.8405,-5.404745E-05,27.6075,0
1.8414,1.141375E-05,27.621,0,1.8414,-6.54612E-05,27.621,0
1.8423,-1.644922E-05,27.6345,0,1.8423,-6.713969E-06,27.6345,0
1.8432,-3.524834E-05,27.648,0,1.8432,-2.18204E-05,27.648,0
1.8441,-2.383459E-05,27.6615,0,1.8441,-3.994812E-05,27.6615,0
1.845,-7.049668E-06,27.675,0,1.845,-3.356985E-07,27.675,0
1.8459,-8.728161E-06,27.6885,0,1.8459,1.242084E-05,27.6885,0
1.8468,7.721065E-06,27.702,0,1.8468,-2.1149E-05,27.702,0
1.8477,-2.349889E-06,27.7155,0,1.8477,-3.189136E-05,27.7155,0
1.8486,-1.510643E-05,27.729,0,1.8486,-8.728161E-06,27.729,0
1.8495,-2.349889E-05,27.7425,0,1.8495,-2.18204E-05,27.7425,0
1.8504,-8.392462E-06,27.756,0,1.8504,-4.666209E-05,27.756,0
1.8513,9.063859E-06,27.7695,0,1.8513,-5.270466E-05,27.7695,0
1.8522,-7.721065E-06,27.783,0,1.8522,-3.692683E-05,27.783,0
1.8531,-2.18204E-05,27.7965,0,1.8531,-2.584878E-05,27.7965,0
1.854,-1.678492E-05,27.81,0,1.854,-1.577783E-05,27.81,0
1.8549,-4.834058E-05,27.8235,0,1.8549,2.450599E-05,27.8235,0
1.8558,-3.927672E-05,27.837,0,1.8558,4.733349E-05,27.837,0
1.8567,1.107805E-05,27.8505,0,1.8567,1.510643E-05,27.8505,0
1.8576,-1.342794E-06,27.864,0,1.8576,-2.551309E-05,27.864,0
1.8585,-4.229801E-05,27.8775,0,1.8585,6.378271E-06,27.8775,0
1.8594,-4.46479E-05,27.891,0,1.8594,1.141375E-05,27.891,0
1.8603,-3.155566E-05,27.9045,0,1.8603,-1.980621E-05,27.9045,0
1.8612,-4.39765E-05,27.918,0,1.8612,-2.685588E-06,27.918,0
1.8621,-1.913481E-05,27.9315,0,1.8621,1.812772E-05,27.9315,0
1.863,-6.042573E-06,27.945,0,1.863,-7.721065E-06,27.945,0
1.8639,-1.242084E-05,27.9585,0,1.8639,-1.040665E-05,27.9585,0
1.8648,-1.947051E-05,27.972,0,1.8648,-2.987716E-05,27.972,0
1.8657,1.007095E-06,27.9855,0,1.8657,-1.846342E-05,27.9855,0
1.8666,1.712062E-05,27.999,0,1.8666,-9.063859E-06,27.999,0
1.8675,1.947051E-05,28.0125,0,1.8675,-3.659113E-05,28.0125,0
1.8684,3.021286E-05,28.026,0,1.8684,-5.673304E-05,28.026,0
1.8693,1.577783E-05,28.0395,0,1.8693,-1.376364E-05,28.0395,0
1.8702,1.644922E-05,28.053,0,1.8702,6.713969E-07,28.053,0
1.8711,3.659113E-05,28.0665,0,1.8711,-2.551309E-05,28.0665,0
1.872,-1.309224E-05,28.08,0,1.872,-1.477073E-05,28.08,0
1.8729,-1.779202E-05,28.0935,0,1.8729,-2.24918E-05,28.0935,0
1.8738,-9.735256E-06,28.107,0,1.8738,-4.867628E-05,28.107,0
1.8747,-5.169757E-05,28.1205,0,1.8747,-2.819867E-05,28.1205,0
1.8756,-5.270466E-05,28.134,0,1.8756,2.349889E-06,28.134,0
1.8765,-3.323415E-05,28.1475,0,1.8765,1.007095E-06,28.1475,0
1.8774,-1.107805E-05,28.161,0,1.8774,3.356985E-07,28.161,0
1.8783,2.1149E-05,28.1745,0,1.8783,-2.316319E-05,28.1745,0
1.8792,1.510643E-05,28.188,0,1.8792,-2.316319E-05,28.188,0
1.8801,2.685588E-06,28.2015,0,1.8801,-3.625543E-05,28.2015,0
1.881,-7.721065E-06,28.215,0,1.881,-7.016098E-05,28.215,0
1.8819,-4.36408E-06,28.2285,0,1.8819,-9.835965E-05,28.2285,0
1.8828,1.040665E-05,28.242,0,1.8828,-3.524834E-05,28.242,0
1.8837,-2.786297E-05,28.2555,0,1.8837,-3.424125E-05,28.2555,0
1.8846,-3.524834E-05,28.269,0,1.8846,-7.418937E-05,28.269,0
1.8855,-5.035477E-06,28.2825,0,1.8855,-2.24918E-05,28.2825,0
1.8864,-1.007095E-06,28.296,0,1.8864,-4.36408E-06,28.296,0
1.8873,-1.309224E-05,28.3095,0,1.8873,-3.390555E-05,28.3095,0
1.8882,-1.309224E-05,28.323,0,1.8882,-1.712062E-05,28.323,0
1.8891,-2.349889E-06,28.3365,0,1.8891,-2.685588E-06,28.3365,0
1.89,1.712062E-05,28.35,0,1.89,-2.014191E-06,28.35,0
1.8909,-4.699779E-06,28.3635,0,1.8909,-2.21561E-05,28.3635,0
1.8918,4.028382E-06,28.377,0,1.8918,-2.484169E-05,28.377,0
1.8927,-5.371176E-06,28.3905,0,1.8927,-8.728161E-06,28.3905,0
1.8936,-8.728161E-06,28.404,0,1.8936,4.699779E-06,28.404,0
1.8945,2.450599E-05,28.4175,0,1.8945,2.349889E-06,28.4175,0
1.8954,1.879912E-05,28.431,0,1.8954,-2.517739E-05,28.431,0
1.8963,-2.21561E-05,28.4445,0,1.8963,-1.678492E-06,28.4445,0
1.8972,-1.376364E-05,28.458,0,1.8972,-2.014191E-06,28.458,0
1.8981,-4.36408E-06,28.4715,0,1.8981,-3.390555E-05,28.4715,0
1.899,-1.510643E-05,28.485,0,1.899,-9.063859E-06,28.485,0
1.8999,-4.666209E-05,28.4985,0,1.8999,7.721065E-06,28.4985,0
1.9008,-1.544213E-05,28.512,0,1.9008,-1.779202E-05,28.512,0
1.9017,2.685588E-06,28.5255,0,1.9017,-3.659113E-05,28.5255,0
1.9026,-6.378271E-06,28.539,0,1.9026,-8.392462E-06,28.539,0
1.9035,2.786297E-05,28.5525,0,1.9035,5.706874E-06,28.5525,0
1.9044,4.733349E-05,28.566,0,1.9044,-3.692683E-06,28.566,0
1.9053,3.927672E-05,28.5795,0,1.9053,-2.081331E-05,28.5795,0
1.9062,1.309224E-05,28.593,0,1.9062,-1.107805E-05,28.593,0
1.9071,0,28.6065,0,1.9071,-1.309224E-05,28.6065,0
1.908,1.309224E-05,28.62,0,1.908,-3.659113E-05,28.62,0
1.9089,1.980621E-05,28.6335,0,1.9089,3.356985E-07,28.6335,0
1.9098,-2.987716E-05,28.647,0,1.9098,5.774014E-05,28.647,0
1.9107,-1.040665E-05,28.6605,0,1.9107,1.342794E-06,28.6605,0
1.9116,1.712062E-05,28.674,0,1.9116,-3.189136E-05,28.674,0
1.9125,5.035477E-06,28.6875,0,1.9125,-4.028382E-06,28.6875,0
1.9134,-2.786297E-05,28.701,0,1.9134,-1.074235E-05,28.701,0
1.9143,-4.229801E-05,28.7145,0,1.9143,-5.404745E-05,28.7145,0
1.9152,-3.524834E-05,28.728,0,1.9152,-3.726253E-05,28.728,0
1.9161,-2.484169E-05,28.7415,0,1.9161,-2.316319E-05,28.7415,0
1.917,-1.644922E-05,28.755,0,1.917,-3.088426E-05,28.755,0
1.9179,-3.927672E-05,28.7685,0,1.9179,-2.551309E-05,28.7685,0
1.9188,-1.812772E-05,28.782,0,1.9188,-3.323415E-05,28.782,0
1.9197,-2.920577E-05,28.7955,0,1.9197,-3.424125E-05,28.7955,0
1.9206,-1.174945E-05,28.809,0,1.9206,9.063859E-06,28.809,0
1.9215,-2.719158E-05,28.8225,0,1.9215,-3.692683E-06,28.8225,0
1.9224,-3.356985E-07,28.836,0,1.9224,-2.685588E-05,28.836,0
1.9233,1.577783E-05,28.8495,0,1.9233,-3.021286E-06,28.8495,0
1.9242,3.692683E-06,28.863,0,1.9242,-1.980621E-05,28.863,0
1.9251,-2.1149E-05,28.8765,0,1.9251,-6.277562E-05,28.8765,0
1.926,-2.18204E-05,28.89,0,1.926,-4.968337E-05,28.89,0
1.9269,3.927672E-05,28.9035,0,1.9269,-3.155566E-05,28.9035,0
1.9278,1.980621E-05,28.917,0,1.9278,-2.18204E-05,28.917,0
1.9287,9.063859E-06,28.9305,0,1.9287,-2.014191E-06,28.9305,0
1.9296,2.853437E-05,28.944,0,1.9296,1.779202E-05,28.944,0
1.9305,-2.349889E-06,28.9575,0,1.9305,1.040665E-05,28.9575,0
1.9314,-1.342794E-05,28.971,0,1.9314,-2.584878E-05,28.971,0
1.9323,-1.007095E-05,28.9845,0,1.9323,-6.54612E-05,28.9845,0
1.9332,-2.18204E-05,28.998,0,1.9332,-3.189136E-05,28.998,0
1.9341,-3.692683E-05,29.0115,0,1.9341,-8.392462E-06,29.0115,0
1.935,4.36408E-06,29.025,0,1.935,-1.779202E-05,29.025,0
1.9359,3.457694E-05,29.0385,0,1.9359,-2.24918E-05,29.0385,0
1.9368,-1.644922E-05,29.052,0,1.9368,-9.735256E-06,29.052,0
1.9377,-7.721065E-06,29.0655,0,1.9377,-1.376364E-05,29.0655,0
1.9386,1.174945E-05,29.079,0,1.9386,-3.356985E-05,29.079,0
1.9395,-1.678492E-05,29.0925,0,1.9395,1.309224E-05,29.0925,0
1.9404,-2.349889E-05,29.106,0,1.9404,1.174945E-05,29.106,0
1.9413,-2.853437E-05,29.1195,0,1.9413,-3.021286E-05,29.1195,0
1.9422,-5.438316E-05,29.133,0,1.9422,-5.975433E-05,29.133,0
1.9431,-3.256275E-05,29.1465,0,1.9431,-1.510643E-05,29.1465,0
1.944,-1.443504E-05,29.16,0,1.944,-8.392462E-06,29.16,0
1.9449,-2.316319E-05,29.1735,0,1.9449,-2.517739E-05,29.1735,0
1.9458,-1.644922E-05,29.187,0,1.9458,-3.524834E-05,29.187,0
1.9467,-1.980621E-05,29.2005,0,1.9467,-2.853437E-05,29.2005,0
1.9476,-3.121996E-05,29.214,0,1.9476,-2.1149E-05,29.214,0
1.9485,-1.846342E-05,29.2275,0,1.9485,-3.591974E-05,29.2275,0
1.9494,2.349889E-06,29.241,0,1.9494,-4.095522E-05,29.241,0
1.9503,-1.913481E-05,29.2545,0,1.9503,-1.309224E-05,29.2545,0
1.9512,-5.706874E-06,29.268,0,1.9512,-2.24918E-05,29.268,0
1.9521,1.611353E-05,29.2815,0,1.9521,-4.632639E-05,29.2815,0
1.953,-1.107805E-05,29.295,0,1.953,-1.544213E-05,29.295,0
1.9539,-2.383459E-05,29.3085,0,1.9539,1.644922E-05,29.3085,0
1.9548,1.007095E-06,29.322,0,1.9548,-4.699779E-06,29.322,0
1.9557,-2.987716E-05,29.3355,0,1.9557,-5.035477E-05,29.3355,0
1.9566,-3.323415E-05,29.349,0,1.9566,-3.088426E-05,29.349,0
1.9575,1.275654E-05,29.3625,0,1.9575,-2.349889E-05,29.3625,0
1.9584,3.826963E-05,29.376,0,1.9584,-7.049668E-06,29.376,0
1.9593,3.424125E-05,29.3895,0,1.9593,2.786297E-05,29.3895,0
1.9602,-8.728161E-06,29.403,0,1.9602,4.934768E-05,29.403,0
1.9611,-1.141375E-05,29.4165,0,1.9611,3.189136E-05,29.4165,0
1.962,3.155566E-05,29.43,0,1.962,5.371176E-06,29.43,0
1.9629,3.189136E-05,29.4435,0,1.9629,-2.920577E-05,29.4435,0
1.9638,6.378271E-06,29.457,0,1.9638,1.309224E-05,29.457,0
1.9647,3.121996E-05,29.4705,0,1.9647,-9.735256E-06,29.4705,0
1.9656,1.510643E-05,29.484,0,1.9656,-4.666209E-05,29.484,0
1.9665,-1.376364E-05,29.4975,0,1.9665,-5.706874E-06,29.4975,0
1.9674,-2.1149E-05,29.511,0,1.9674,-1.040665E-05,29.511,0
1.9683,-1.577783E-05,29.5245,0,1.9683,-4.46479E-05,29.5245,0
1.9692,-1.007095E-05,29.538,0,1.9692,-2.618448E-05,29.538,0
1.9701,-4.46479E-05,29.5515,0,1.9701,-5.706874E-06,29.5515,0
1.971,-5.069047E-05,29.565,0,1.971,-3.088426E-05,29.565,0
1.9719,-3.323415E-05,29.5785,0,1.9719,-3.356985E-05,29.5785,0
1.9728,1.342794E-06,29.592,0,1.9728,-4.599069E-05,29.592,0
1.9737,2.1149E-05,29.6055,0,1.9737,-2.920577E-05,29.6055,0
1.9746,1.443504E-05,29.619,0,1.9746,-1.846342E-05,29.619,0
1.9755,1.242084E-05,29.6325,0,1.9755,-1.040665E-05,29.6325,0
1.9764,6.713969E-06,29.646,0,1.9764,-1.208515E-05,29.646,0
1.9773,-1.007095E-06,29.6595,0,1.9773,1.913481E-05,29.6595,0
1.9782,-3.692683E-06,29.673,0,1.9782,3.692683E-06,29.673,0
1.9791,5.035477E-06,29.6865,0,1.9791,-5.505455E-05,29.6865,0
1.98,-1.913481E-05,29.7,0,1.98,-3.793393E-05,29.7,0
1.9809,-3.457694E-05,29.7135,0,1.9809,-2.652018E-05,29.7135,0
1.9818,-2.081331E-05,29.727,0,1.9818,-4.867628E-05,29.727,0
1.9827,-5.069047E-05,29.7405,0,1.9827,-4.061952E-05,29.7405,0
1.9836,-4.33051E-05,29.754,0,1.9836,1.007095E-06,29.754,0
1.9845,-2.349889E-06,29.7675,0,1.9845,-1.510643E-05,29.7675,0
1.9854,-1.812772E-05,29.781,0,1.9854,-2.618448E-05,29.781,0
1.9863,-4.699779E-06,29.7945,0,1.9863,-3.692683E-05,29.7945,0
1.9872,1.275654E-05,29.808,0,1.9872,-3.256275E-05,29.808,0
1.9881,4.36408E-06,29.8215,0,1.9881,-9.735256E-06,29.8215,0
1.989,-1.376364E-05,29.835,0,1.989,-1.846342E-05,29.835,0
1.9899,-8.392462E-06,29.8485,0,1.9899,-3.121996E-05,29.8485,0
1.9908,3.021286E-06,29.862,0,1.9908,6.713969E-07,29.862,0
1.9917,-1.846342E-05,29.8755,0,1.9917,-1.208515E-05,29.8755,0
1.9926,-3.256275E-05,29.889,0,1.9926,-4.43122E-05,29.889,0
1.9935,-2.21561E-05,29.9025,0,1.9935,-2.28275E-05,29.9025,0
1.9944,-1.913481E-05,29.916,0,1.9944,-2.853437E-05,29.916,0
1.9953,-2.652018E-05,29.9295,0,1.9953,-5.740444E-05,29.9295,0
1.9962,8.392462E-06,29.943,0,1.9962,-2.719158E-05,29.943,0
1.9971,7.385367E-06,29.9565,0,1.9971,2.081331E-05,29.9565,0
1.998,2.517739E-05,29.97,0,1.998,1.779202E-05,29.97,0
1.9989,2.349889E-06,29.9835,0,1.9989,-3.457694E-05,29.9835,0
1.9998,-1.846342E-05,29.997,0,1.9998,-9.735256E-06,29.997,0
2.0007,-3.356985E-07,30.0105,0,2.0007,8.392462E-06,30.0105,0
2.0016,6.915389E-05,30.024,0,2.0016,1.712062E-05,30.024,0
2.0025,5.572595E-05,30.0375,0,2.0025,-1.678492E-06,30.0375,0
2.0034,2.383459E-05,30.051,0,2.0034,-2.786297E-05,30.051,0
2.0043,4.36408E-06,30.0645,0,2.0043,-3.356985E-07,30.0645,0
2.0052,-3.121996E-05,30.078,0,2.0052,-1.947051E-05,30.078,0
2.0061,-1.812772E-05,30.0915,0,2.0061,-5.337606E-05,30.0915,0
2.007,-2.316319E-05,30.105,0,2.007,-2.685588E-06,30.105,0
2.0079,-4.968337E-05,30.1185,0,2.0079,7.385367E-06,30.1185,0
2.0088,-2.987716E-05,30.132,0,2.0088,-3.323415E-05,30.132,0
2.0097,-4.028382E-06,30.1455,0,2.0097,-4.263371E-05,30.1455,0
2.0106,-8.728161E-06,30.159,0,2.0106,-2.819867E-05,30.159,0
2.0115,-3.793393E-05,30.1725,0,2.0115,-2.450599E-05,30.1725,0
2.0124,-2.047761E-05,30.186,0,2.0124,-2.484169E-05,30.186,0
2.0133,-7.049668E-06,30.1995,0,2.0133,-4.46479E-05,30.1995,0
2.0142,-2.853437E-05,30.213,0,2.0142,-1.174945E-05,30.213,0
2.0151,2.24918E-05,30.2265,0,2.0151,-6.042573E-06,30.2265,0
2.016,2.1149E-05,30.24,0,2.016,-3.390555E-05,30.24,0
2.0169,-4.36408E-06,30.2535,0,2.0169,-4.33051E-05,30.2535,0
2.0178,-1.980621E-05,30.267,0,2.0178,1.745632E-05,30.267,0
2.0187,4.36408E-06,30.2805,0,2.0187,4.36408E-06,30.2805,0
2.0196,4.263371E-05,30.294,0,2.0196,-4.934768E-05,30.294,0
2.0205,-3.021286E-05,30.3075,0,2.0205,-3.155566E-05,30.3075,0
2.0214,-5.001907E-05,30.321,0,2.0214,-1.342794E-05,30.321,0
2.0223,-2.920577E-05,30.3345,0,2.0223,-3.054856E-05,30.3345,0
2.0232,-1.544213E-05,30.348,0,2.0232,-9.399558E-06,30.348,0
2.0241,-1.947051E-05,30.3615,0,2.0241,-8.056763E-06,30.3615,0
2.025,2.349889E-06,30.375,0,2.025,-1.712062E-05,30.375,0
2.0259,3.356985E-06,30.3885,0,2.0259,1.342794E-06,30.3885,0
2.0268,-1.409934E-05,30.402,0,2.0268,4.699779E-06,30.402,0
2.0277,-1.141375E-05,30.4155,0,2.0277,2.014191E-06,30.4155,0
2.0286,-1.007095E-06,30.429,0,2.0286,5.035477E-06,30.429,0
2.0295,-2.047761E-05,30.4425,0,2.0295,-2.450599E-05,30.4425,0
2.0304,-1.678492E-05,30.456,0,2.0304,-6.210422E-05,30.456,0
2.0313,-4.699779E-06,30.4695,0,2.0313,-4.766919E-05,30.4695,0
2.0322,-1.577783E-05,30.483,0,2.0322,-5.337606E-05,30.483,0
2.0331,2.1149E-05,30.4965,0,2.0331,-5.069047E-05,30.4965,0
2.034,1.242084E-05,30.51,0,2.034,-1.309224E-05,30.51,0
2.0349,1.443504E-05,30.5235,0,2.0349,1.879912E-05,30.5235,0
2.0358,-4.699779E-06,30.537,0,2.0358,-1.477073E-05,30.537,0
2.0367,-1.846342E-05,30.5505,0,2.0367,-2.719158E-05,30.5505,0
2.0376,-2.1149E-05,30.564,0,2.0376,8.392462E-06,30.564,0
2.0385,7.721065E-06,30.5775,0,2.0385,7.385367E-06,30.5775,0
2.0394,2.1149E-05,30.591,0,2.0394,-1.208515E-05,30.591,0
2.0403,1.409934E-05,30.6045,0,2.0403,-4.867628E-05,30.6045,0
2.0412,9.735256E-06,30.618,0,2.0412,-5.606165E-05,30.618,0
2.0421,-1.275654E-05,30.6315,0,2.0421,-5.069047E-05,30.6315,0
2.043,-2.014191E-05,30.645,0,2.043,-5.471885E-05,30.645,0
2.0439,-2.853437E-05,30.6585,0,2.0439,-3.793393E-05,30.6585,0
2.0448,-5.706874E-05,30.672,0,2.0448,2.047761E-05,30.672,0
2.0457,-4.766919E-05,30.6855,0,2.0457,2.652018E-05,30.6855,0
2.0466,-6.713969E-06,30.699,0,2.0466,-5.706874E-06,30.699,0
2.0475,-2.316319E-05,30.7125,0,2.0475,-1.208515E-05,30.7125,0
2.0484,4.196231E-05,30.726,0,2.0484,7.721065E-06,30.726,0
2.0493,8.526741E-05,30.7395,0,2.0493,3.692683E-06,30.7395,0
2.0502,6.64683E-05,30.753,0,2.0502,1.544213E-05,30.753,0
2.0511,2.987716E-05,30.7665,0,2.0511,1.443504E-05,30.7665,0
2.052,4.699779E-06,30.78,0,2.052,-1.913481E-05,30.78,0
2.0529,2.349889E-06,30.7935,0,2.0529,-1.712062E-05,30.7935,0
2.0538,1.611353E-05,30.807,0,2.0538,-3.121996E-05,30.807,0
2.0547,1.141375E-05,30.8205,0,2.0547,-3.121996E-05,30.8205,0
2.0556,-3.457694E-05,30.834,0,2.0556,-4.36408E-06,30.834,0
2.0565,-4.39765E-05,30.8475,0,2.0565,-2.987716E-05,30.8475,0
2.0574,-3.256275E-05,30.861,0,2.0574,-5.807584E-05,30.861,0
2.0583,-5.404745E-05,30.8745,0,2.0583,-2.584878E-05,30.8745,0
2.0592,-3.256275E-05,30.888,0,2.0592,-2.719158E-05,30.888,0
2.0601,-1.510643E-05,30.9015,0,2.0601,-6.478981E-05,30.9015,0
2.061,-2.719158E-05,30.915,0,2.061,-1.913481E-05,30.915,0
2.0619,-1.174945E-05,30.9285,0,2.0619,3.625543E-05,30.9285,0
2.0628,-6.042573E-06,30.942,0,2.0628,3.591974E-05,30.942,0
2.0637,-1.644922E-05,30.9555,0,2.0637,-4.36408E-06,30.9555,0
2.0646,-3.726253E-05,30.969,0,2.0646,-3.356985E-07,30.969,0
2.0655,-3.726253E-05,30.9825,0,2.0655,-9.063859E-06,30.9825,0
2.0664,-3.189136E-05,30.996,0,2.0664,-3.054856E-05,30.996,0
2.0673,-4.36408E-05,31.0095,0,2.0673,-4.229801E-05,31.0095,0
2.0682,-2.047761E-05,31.023,0,2.0682,-2.853437E-05,31.023,0
2.0691,2.1149E-05,31.0365,0,2.0691,-2.618448E-05,31.0365,0
2.07,-4.36408E-06,31.05,0,2.07,-3.189136E-05,31.05,0
2.0709,1.980621E-05,31.0635,0,2.0709,-3.256275E-05,31.0635,0
2.0718,5.337606E-05,31.077,0,2.0718,3.356985E-07,31.077,0
2.0727,2.450599E-05,31.0905,0,2.0727,-3.692683E-06,31.0905,0
2.0736,1.040665E-05,31.104,0,2.0736,-4.565499E-05,31.104,0
2.0745,-2.349889E-06,31.1175,0,2.0745,-3.054856E-05,31.1175,0
2.0754,-1.544213E-05,31.131,0,2.0754,-2.450599E-05,31.131,0
2.0763,-1.376364E-05,31.1445,0,2.0763,-3.826963E-05,31.1445,0
2.0772,-2.1149E-05,31.158,0,2.0772,-1.644922E-05,31.158,0
2.0781,-1.577783E-05,31.1715,0,2.0781,-7.385367E-06,31.1715,0
2.079,-2.1149E-05,31.185,0,2.079,-3.256275E-05,31.185,0
2.0799,-1.980621E-05,31.1985,0,2.0799,-2.719158E-05,31.1985,0
2.0808,-3.356985E-07,31.212,0,2.0808,-4.632639E-05,31.212,0
2.0817,8.392462E-06,31.2255,0,2.0817,-7.049668E-06,31.2255,0
2.0826,-8.728161E-06,31.239,0,2.0826,1.242084E-05,31.239,0
2.0835,-9.735256E-06,31.2525,0,2.0835,-1.510643E-05,31.2525,0
2.0844,-2.18204E-05,31.266,0,2.0844,-3.524834E-05,31.266,0
2.0853,-2.450599E-05,31.2795,0,2.0853,3.692683E-06,31.2795,0
2.0862,-6.378271E-06,31.293,0,2.0862,3.021286E-06,31.293,0
2.0871,1.376364E-05,31.3065,0,2.0871,-3.625543E-05,31.3065,0
2.088,5.035477E-06,31.32,0,2.088,-4.36408E-06,31.32,0
2.0889,9.063859E-06,31.3335,0,2.0889,1.007095E-06,31.3335,0
2.0898,1.141375E-05,31.347,0,2.0898,-4.129091E-05,31.347,0
2.0907,2.383459E-05,31.3605,0,2.0907,-3.155566E-05,31.3605,0
2.0916,5.035477E-06,31.374,0,2.0916,9.735256E-06,31.374,0
2.0925,-4.699779E-06,31.3875,0,2.0925,-1.712062E-05,31.3875,0
2.0934,-2.383459E-05,31.401,0,2.0934,-1.107805E-05,31.401,0
2.0943,-2.954147E-05,31.4145,0,2.0943,-4.028382E-05,31.4145,0
2.0952,-3.692683E-05,31.428,0,2.0952,-2.28275E-05,31.428,0
2.0961,-3.323415E-05,31.4415,0,2.0961,-9.399558E-06,31.4415,0
2.097,2.349889E-06,31.455,0,2.097,-3.054856E-05,31.455,0
2.0979,-4.699779E-06,31.4685,0,2.0979,-6.344701E-05,31.4685,0
2.0988,-5.706874E-06,31.482,0,2.0988,-3.591974E-05,31.482,0
2.0997,3.524834E-05,31.4955,0,2.0997,-3.826963E-05,31.4955,0
2.1006,4.263371E-05,31.509,0,2.1006,-5.270466E-05,31.509,0
2.1015,1.544213E-05,31.5225,0,2.1015,3.121996E-05,31.5225,0
2.1024,-1.376364E-05,31.536,0,2.1024,4.632639E-05,31.536,0
2.1033,-5.069047E-05,31.5495,0,2.1033,-3.793393E-05,31.5495,0
2.1042,-5.706874E-06,31.563,0,2.1042,-1.577783E-05,31.563,0
2.1051,-2.517739E-05,31.5765,0,2.1051,1.174945E-05,31.5765,0
2.106,-1.107805E-05,31.59,0,2.106,-2.014191E-06,31.59,0
2.1069,3.356985E-07,31.6035,0,2.1069,-1.107805E-05,31.6035,0
2.1078,1.678492E-05,31.617,0,2.1078,-2.1149E-05,31.617,0
2.1087,3.692683E-06,31.6305,0,2.1087,-2.24918E-05,31.6305,0
2.1096,-3.155566E-05,31.644,0,2.1096,-2.618448E-05,31.644,0
2.1105,-2.484169E-05,31.6575,0,2.1105,-3.121996E-05,31.6575,0
2.1114,-1.409934E-05,31.671,0,2.1114,-4.800488E-05,31.671,0
2.1123,-2.618448E-05,31.6845,0,2.1123,-6.378271E-06,31.6845,0
2.1132,-3.591974E-05,31.698,0,2.1132,-7.721065E-06,31.698,0
2.1141,2.014191E-06,31.7115,0,2.1141,-4.632639E-05,31.7115,0
2.115,-3.692683E-06,31.725,0,2.115,-8.728161E-06,31.725,0
2.1159,-1.980621E-05,31.7385,0,2.1159,1.678492E-06,31.7385,0
2.1168,-2.24918E-05,31.752,0,2.1168,-4.129091E-05,31.752,0
2.1177,-2.18204E-05,31.7655,0,2.1177,-1.678492E-05,31.7655,0
2.1186,-1.745632E-05,31.779,0,2.1186,1.678492E-06,31.779,0
2.1195,6.378271E-06,31.7925,0,2.1195,1.678492E-06,31.7925,0
2.1204,-1.745632E-05,31.806,0,2.1204,-1.477073E-05,31.806,0
2.1213,-3.356985E-07,31.8195,0,2.1213,-3.021286E-05,31.8195,0
2.1222,-5.706874E-06,31.833,0,2.1222,7.721065E-06,31.833,0
2.1231,-1.409934E-05,31.8465,0,2.1231,1.510643E-05,31.8465,0
2.124,3.356985E-07,31.86,0,2.124,-1.510643E-05,31.86,0
2.1249,-3.356985E-06,31.8735,0,2.1249,-5.337606E-05,31.8735,0
2.1258,-3.121996E-05,31.887,0,2.1258,-2.081331E-05,31.887,0
2.1267,-1.443504E-05,31.9005,0,2.1267,-2.719158E-05,31.9005,0
2.1276,1.107805E-05,31.914,0,2.1276,-8.090334E-05,31.914,0
2.1285,-2.719158E-05,31.9275,0,2.1285,-5.337606E-05,31.9275,0
2.1294,-2.24918E-05,31.941,0,2.1294,-1.342794E-06,31.941,0
2.1303,2.047761E-05,31.9545,0,2.1303,-3.088426E-05,31.9545,0
2.1312,2.1149E-05,31.968,0,2.1312,-2.047761E-05,31.968,0
2.1321,-2.316319E-05,31.9815,0,2.1321,3.692683E-06,31.9815,0
2.133,-2.517739E-05,31.995,0,2.133,-1.779202E-05,31.995,0
2.1339,-1.779202E-05,32.0085,0,2.1339,-2.21561E-05,32.0085,0
2.1348,-8.392462E-06,32.022,0,2.1348,-2.853437E-05,32.022,0
2.1357,-8.392462E-06,32.0355,0,2.1357,-7.049668E-06,32.0355,0
2.1366,-3.289845E-05,32.049,0,2.1366,8.728161E-06,32.049,0
2.1375,-1.913481E-05,32.0625,0,2.1375,-9.735256E-06,32.0625,0
2.1384,9.063859E-06,32.076,0,2.1384,-3.457694E-05,32.076,0
2.1393,1.644922E-05,32.0895,0,2.1393,5.035477E-06,32.0895,0
2.1402,2.349889E-06,32.103,0,2.1402,-3.692683E-06,32.103,0
2.1411,1.040665E-05,32.1165,0,2.1411,-4.33051E-05,32.1165,0
2.142,8.392462E-06,32.13,0,2.142,-7.385367E-06,32.13,0
2.1429,-4.36408E-06,32.1435,0,2.1429,3.021286E-06,32.1435,0
2.1438,-3.256275E-05,32.157,0,2.1438,-3.659113E-05,32.157,0
2.1447,-1.947051E-05,32.1705,0,2.1447,-3.591974E-05,32.1705,0
2.1456,-5.001907E-05,32.184,0,2.1456,-2.18204E-05,32.184,0
2.1465,-5.404745E-05,32.1975,0,2.1465,-2.920577E-05,32.1975,0
2.1474,-2.21561E-05,32.211,0,2.1474,-2.819867E-05,32.211,0
2.1483,2.618448E-05,32.2245,0,2.1483,-2.383459E-05,32.2245,0
2.1492,5.706874E-05,32.238,0,2.1492,1.040665E-05,32.238,0
2.1501,4.129091E-05,32.2515,0,2.1501,3.994812E-05,32.2515,0
2.151,6.411841E-05,32.265,0,2.151,3.054856E-05,32.265,0
2.1519,5.539025E-05,32.2785,0,2.1519,-5.606165E-05,32.2785,0
2.1528,-2.349889E-06,32.292,0,2.1528,-4.061952E-05,32.292,0
2.1537,3.356985E-06,32.3055,0,2.1537,-9.735256E-06,32.3055,0
2.1546,1.947051E-05,32.319,0,2.1546,-4.46479E-05,32.319,0
2.1555,-9.063859E-06,32.3325,0,2.1555,-4.36408E-06,32.3325,0
2.1564,7.721065E-06,32.346,0,2.1564,5.706874E-06,32.346,0
2.1573,-1.342794E-06,32.3595,0,2.1573,-2.987716E-05,32.3595,0
2.1582,1.107805E-05,32.373,0,2.1582,-3.021286E-05,32.373,0
2.1591,7.049668E-06,32.3865,0,2.1591,-8.392462E-06,32.3865,0
2.16,-1.678492E-06,32.4,0,2.16,-1.107805E-05,32.4,0
2.1609,6.378271E-06,32.4135,0,2.1609,-1.208515E-05,32.4135,0
2.1618,-2.349889E-06,32.427,0,2.1618,-3.927672E-05,32.427,0
2.1627,-1.712062E-05,32.4405,0,2.1627,-2.047761E-05,32.4405,0
2.1636,-3.256275E-05,32.454,0,2.1636,-3.021286E-06,32.454,0
2.1645,-2.987716E-05,32.4675,0,2.1645,-3.021286E-05,32.4675,0
2.1654,-1.812772E-05,32.481,0,2.1654,-4.061952E-05,32.481,0
2.1663,-3.524834E-05,32.4945,0,2.1663,-8.392462E-06,32.4945,0
2.1672,-2.24918E-05,32.508,0,2.1672,-1.141375E-05,32.508,0
2.1681,-9.735256E-06,32.5215,0,2.1681,-4.061952E-05,32.5215,0
2.169,-4.53193E-05,32.535,0,2.169,-1.812772E-05,32.535,0
2.1699,-5.539025E-05,32.5485,0,2.1699,-3.021286E-06,32.5485,0
2.1708,-2.517739E-05,32.562,0,2.1708,-3.793393E-05,32.562,0
2.1717,-4.599069E-05,32.5755,0,2.1717,-1.879912E-05,32.5755,0
2.1726,-2.719158E-05,32.589,0,2.1726,2.349889E-06,32.589,0
2.1735,6.378271E-06,32.6025,0,2.1735,-5.035477E-06,32.6025,0
2.1744,1.980621E-05,32.616,0,2.1744,-1.242084E-05,32.616,0
2.1753,1.242084E-05,32.6295,0,2.1753,-2.18204E-05,32.6295,0
2.1762,-8.728161E-06,32.643,0,2.1762,-2.18204E-05,32.643,0
2.1771,-4.36408E-06,32.6565,0,2.1771,-1.141375E-05,32.6565,0
2.178,-1.309224E-05,32.67,0,2.178,-3.390555E-05,32.67,0
2.1789,1.913481E-05,32.6835,0,2.1789,-3.256275E-05,32.6835,0
2.1798,1.846342E-05,32.697,0,2.1798,-9.735256E-06,32.697,0
2.1807,-5.371176E-06,32.7105,0,2.1807,-2.484169E-05,32.7105,0
2.1816,1.678492E-05,32.724,0,2.1816,-4.39765E-05,32.724,0
2.1825,4.36408E-06,32.7375,0,2.1825,-1.107805E-05,32.7375,0
2.1834,-1.007095E-05,32.751,0,2.1834,-2.24918E-05,32.751,0
2.1843,-1.107805E-05,32.7645,0,2.1843,-3.558404E-05,32.7645,0
2.1852,-3.121996E-05,32.778,0,2.1852,-9.063859E-06,32.778,0
2.1861,-2.383459E-05,32.7915,0,2.1861,-1.678492E-06,32.7915,0
2.187,1.275654E-05,32.805,0,2.187,-6.378271E-06,32.805,0
2.1879,3.961242E-05,32.8185,0,2.1879,-2.047761E-05,32.8185,0
2.1888,2.081331E-05,32.832,0,2.1888,-5.539025E-05,32.832,0
2.1897,2.349889E-06,32.8455,0,2.1897,-4.129091E-05,32.8455,0
2.1906,-2.24918E-05,32.859,0,2.1906,1.040665E-05,32.859,0
2.1915,-4.43122E-05,32.8725,0,2.1915,6.61326E-05,32.8725,0
2.1924,-5.136187E-05,32.886,0,2.1924,-1.678492E-06,32.886,0
2.1933,-5.304036E-05,32.8995,0,2.1933,-3.793393E-05,32.8995,0
2.1942,-4.53193E-05,32.913,0,2.1942,-1.544213E-05,32.913,0
2.1951,-2.349889E-05,32.9265,0,2.1951,-5.539025E-05,32.9265,0
2.196,-2.853437E-05,32.94,0,2.196,-2.618448E-05,32.94,0
2.1969,1.174945E-05,32.9535,0,2.1969,-2.618448E-05,32.9535,0
2.1978,-1.342794E-06,32.967,0,2.1978,-5.706874E-05,32.967,0
2.1987,3.356985E-06,32.9805,0,2.1987,-5.069047E-05,32.9805,0
2.1996,-9.063859E-06,32.994,0,2.1996,-2.1149E-05,32.994,0
2.2005,3.356985E-07,33.0075,0,2.2005,-3.424125E-05,33.0075,0
2.2014,-6.042573E-06,33.021,0,2.2014,-3.323415E-05,33.021,0
2.2023,-1.007095E-06,33.0345,0,2.2023,-1.544213E-05,33.0345,0
2.2032,3.256275E-05,33.048,0,2.2032,5.337606E-05,33.048,0
2.2041,-3.692683E-06,33.0615,0,2.2041,1.980621E-05,33.0615,0
2.205,-1.040665E-05,33.075,0,2.205,-3.021286E-05,33.075,0
2.2059,1.040665E-05,33.0885,0,2.2059,-2.316319E-05,33.0885,0
2.2068,0,33.102,0,2.2068,9.063859E-06,33.102,0
2.2077,7.721065E-06,33.1155,0,2.2077,-5.371176E-06,33.1155,0
2.2086,2.316319E-05,33.129,0,2.2086,-3.927672E-05,33.129,0
2.2095,-3.021286E-06,33.1425,0,2.2095,-4.36408E-06,33.1425,0
2.2104,-5.706874E-06,33.156,0,2.2104,6.713969E-06,33.156,0
2.2113,1.846342E-05,33.1695,0,2.2113,-1.107805E-05,33.1695,0
2.2122,6.042573E-06,33.183,0,2.2122,-1.913481E-05,33.183,0
2.2131,-1.678492E-05,33.1965,0,2.2131,-6.378271E-06,33.1965,0
2.214,-3.021286E-06,33.21,0,2.214,-4.028382E-06,33.21,0
2.2149,-9.063859E-06,33.2235,0,2.2149,-9.063859E-06,33.2235,0
2.2158,3.356985E-07,33.237,0,2.2158,-3.759823E-05,33.237,0
2.2167,-1.174945E-05,33.2505,0,2.2167,-2.1149E-05,33.2505,0
2.2176,-6.076142E-05,33.264,0,2.2176,1.712062E-05,33.264,0
2.2185,-7.183947E-05,33.2775,0,2.2185,4.36408E-06,33.2775,0
2.2194,-1.812772E-05,33.291,0,2.2194,-1.712062E-05,33.291,0
2.2203,-7.721065E-06,33.3045,0,2.2203,1.007095E-05,33.3045,0
2.2212,-2.18204E-05,33.318,0,2.2212,-1.443504E-05,33.318,0
2.2221,-3.692683E-06,33.3315,0,2.2221,-6.042573E-05,33.3315,0
2.223,-1.913481E-05,33.345,0,2.223,-2.18204E-05,33.345,0
2.2239,-4.36408E-06,33.3585,0,2.2239,-1.913481E-05,33.3585,0
2.2248,4.36408E-06,33.372,0,2.2248,-4.800488E-05,33.372,0
2.2257,1.007095E-06,33.3855,0,2.2257,-5.807584E-05,33.3855,0
2.2266,-1.141375E-05,33.399,0,2.2266,-3.558404E-05,33.399,0
2.2275,5.706874E-06,33.4125,0,2.2275,-3.659113E-05,33.4125,0
2.2284,3.121996E-05,33.426,0,2.2284,-3.793393E-05,33.426,0
2.2293,3.591974E-05,33.4395,0,2.2293,-3.860533E-05,33.4395,0
2.2302,1.242084E-05,33.453,0,2.2302,-1.544213E-05,33.453,0
2.2311,1.745632E-05,33.4665,0,2.2311,-6.042573E-06,33.4665,0
2.232,-3.021286E-06,33.48,0,2.232,-3.726253E-05,33.48,0
2.2329,-1.275654E-05,33.4935,0,2.2329,-5.337606E-05,33.4935,0
2.2338,-1.577783E-05,33.507,0,2.2338,-1.107805E-05,33.507,0
2.2347,-1.510643E-05,33.5205,0,2.2347,-1.342794E-05,33.5205,0
2.2356,2.450599E-05,33.534,0,2.2356,-4.263371E-05,33.534,0
2.2365,9.735256E-06,33.5475,0,2.2365,-4.36408E-06,33.5475,0
2.2374,-3.021286E-06,33.561,0,2.2374,2.081331E-05,33.561,0
2.2383,-7.721065E-06,33.5745,0,2.2383,-1.544213E-05,33.5745,0
2.2392,-2.014191E-05,33.588,0,2.2392,-9.063859E-06,33.588,0
2.2401,-3.390555E-05,33.6015,0,2.2401,6.378271E-06,33.6015,0
2.241,-3.524834E-05,33.615,0,2.241,-2.081331E-05,33.615,0
2.2419,-2.047761E-05,33.6285,0,2.2419,-2.685588E-06,33.6285,0
2.2428,-1.141375E-05,33.642,0,2.2428,-2.450599E-05,33.642,0
2.2437,-3.524834E-05,33.6555,0,2.2437,-2.450599E-05,33.6555,0
2.2446,-3.121996E-05,33.669,0,2.2446,-2.719158E-05,33.669,0
2.2455,-3.021286E-06,33.6825,0,2.2455,-3.994812E-05,33.6825,0
2.2464,1.577783E-05,33.696,0,2.2464,-4.867628E-05,33.696,0
2.2473,2.081331E-05,33.7095,0,2.2473,2.316319E-05,33.7095,0
2.2482,1.947051E-05,33.723,0,2.2482,1.577783E-05,33.723,0
2.2491,2.24918E-05,33.7365,0,2.2491,-1.678492E-05,33.7365,0
2.25,-1.107805E-05,33.75,0,2.25,2.1149E-05,33.75,0
2.2509,-1.913481E-05,33.7635,0,2.2509,3.021286E-05,33.7635,0
2.2518,1.443504E-05,33.777,0,2.2518,-3.558404E-05,33.777,0
2.2527,-1.678492E-06,33.7905,0,2.2527,-8.426032E-05,33.7905,0
2.2536,-3.591974E-05,33.804,0,2.2536,-3.256275E-05,33.804,0
2.2545,-1.678492E-05,33.8175,0,2.2545,-1.242084E-05,33.8175,0
2.2554,-1.980621E-05,33.831,0,2.2554,-2.719158E-05,33.831,0
2.2563,-2.383459E-05,33.8445,0,2.2563,-4.599069E-05,33.8445,0
2.2572,-1.309224E-05,33.858,0,2.2572,-1.443504E-05,33.858,0
2.2581,3.356985E-06,33.8715,0,2.2581,4.699779E-06,33.8715,0
2.259,3.692683E-06,33.885,0,2.259,-9.735256E-06,33.885,0
2.2599,1.409934E-05,33.8985,0,2.2599,-3.155566E-05,33.8985,0
2.2608,-6.378271E-06,33.912,0,2.2608,2.014191E-06,33.912,0
2.2617,-4.934768E-05,33.9255,0,2.2617,-5.371176E-06,33.9255,0
2.2626,-5.169757E-05,33.939,0,2.2626,-5.337606E-05,33.939,0
2.2635,-4.36408E-06,33.9525,0,2.2635,-4.36408E-06,33.9525,0
2.2644,-4.028382E-06,33.966,0,2.2644,-1.242084E-05,33.966,0
2.2653,-3.189136E-05,33.9795,0,2.2653,-4.934768E-05,33.9795,0
2.2662,2.652018E-05,33.993,0,2.2662,-4.061952E-05,33.993,0
2.2671,1.443504E-05,34.0065,0,2.2671,-1.879912E-05,34.0065,0
2.268,-9.063859E-06,34.02,0,2.268,-2.786297E-05,34.02,0
2.2689,-1.712062E-05,34.0335,0,2.2689,-2.047761E-05,34.0335,0
2.2698,4.36408E-06,34.047,0,2.2698,-1.678492E-05,34.047,0
2.2707,-1.107805E-05,34.0605,0,2.2707,6.713969E-07,34.0605,0
2.2716,-1.510643E-05,34.074,0,2.2716,5.035477E-06,34.074,0
2.2725,-9.735256E-06,34.0875,0,2.2725,-3.424125E-05,34.0875,0
2.2734,-6.378271E-06,34.101,0,2.2734,-4.934768E-05,34.101,0
2.2743,-3.189136E-05,34.1145,0,2.2743,-1.208515E-05,34.1145,0
2.2752,-2.987716E-05,34.128,0,2.2752,-1.644922E-05,34.128,0
2.2761,-1.510643E-05,34.1415,0,2.2761,-4.061952E-05,34.1415,0
2.277,-1.644922E-05,34.155,0,2.277,7.049668E-06,34.155,0
2.2779,5.035477E-06,34.1685,0,2.2779,-3.021286E-06,34.1685,0
2.2788,9.063859E-06,34.182,0,2.2788,-4.867628E-05,34.182,0
2.2797,-7.049668E-06,34.1955,0,2.2797,-1.577783E-05,34.1955,0
2.2806,-2.652018E-05,34.209,0,2.2806,4.36408E-06,34.209,0
2.2815,-2.517739E-05,34.2225,0,2.2815,-4.36408E-06,34.2225,0
2.2824,-2.383459E-05,34.236,0,2.2824,-1.644922E-05,34.236,0
2.2833,-1.913481E-05,34.2495,0,2.2833,-1.376364E-05,34.2495,0
2.2842,-8.392462E-06,34.263,0,2.2842,-7.049668E-06,34.263,0
2.2851,-3.021286E-05,34.2765,0,2.2851,3.692683E-06,34.2765,0
2.286,-3.155566E-05,34.29,0,2.286,-2.987716E-05,34.29,0
2.2869,-3.356985E-07,34.3035,0,2.2869,-3.189136E-05,34.3035,0
2.2878,-3.424125E-05,34.317,0,2.2878,3.356985E-07,34.317,0
2.2887,-2.014191E-05,34.3305,0,2.2887,-1.141375E-05,34.3305,0
2.2896,3.692683E-05,34.344,0,2.2896,-4.162661E-05,34.344,0
2.2905,2.21561E-05,34.3575,0,2.2905,-4.36408E-06,34.3575,0
2.2914,5.471885E-05,34.371,0,2.2914,-5.371176E-06,34.371,0
2.2923,6.6804E-05,34.3845,0,2.2923,-3.659113E-05,34.3845,0
2.2932,-7.049668E-06,34.398,0,2.2932,-4.263371E-05,34.398,0
2.2941,-3.994812E-05,34.4115,0,2.2941,-3.054856E-05,34.4115,0
2.295,1.309224E-05,34.425,0,2.295,-1.913481E-05,34.425,0
2.2959,1.745632E-05,34.4385,0,2.2959,-1.376364E-05,34.4385,0
2.2968,3.692683E-06,34.452,0,2.2968,-2.920577E-05,34.452,0
2.2977,-1.007095E-06,34.4655,0,2.2977,-1.275654E-05,34.4655,0
2.2986,5.035477E-06,34.479,0,2.2986,-9.063859E-06,34.479,0
2.2995,1.141375E-05,34.4925,0,2.2995,-3.860533E-05,34.4925,0
2.3004,1.107805E-05,34.506,0,2.3004,-7.116808E-05,34.506,0
2.3013,7.049668E-06,34.5195,0,2.3013,-2.383459E-05,34.5195,0
2.3022,-6.378271E-06,34.533,0,2.3022,1.611353E-05,34.533,0
2.3031,-1.007095E-06,34.5465,0,2.3031,2.349889E-06,34.5465,0
2.304,-1.107805E-05,34.56,0,2.304,1.544213E-05,34.56,0
2.3049,2.517739E-05,34.5735,0,2.3049,1.644922E-05,34.5735,0
2.3058,-6.713969E-06,34.587,0,2.3058,-5.807584E-05,34.587,0
2.3067,-3.860533E-05,34.6005,0,2.3067,-3.692683E-05,34.6005,0
2.3076,-2.618448E-05,34.614,0,2.3076,-4.36408E-06,34.614,0
2.3085,-2.450599E-05,34.6275,0,2.3085,-2.618448E-05,34.6275,0
2.3094,-4.36408E-06,34.641,0,2.3094,-2.18204E-05,34.641,0
2.3103,-9.399558E-06,34.6545,0,2.3103,-1.544213E-05,34.6545,0
2.3112,2.349889E-06,34.668,0,2.3112,2.417029E-05,34.668,0
2.3121,1.242084E-05,34.6815,0,2.3121,4.699779E-06,34.6815,0
2.313,1.107805E-05,34.695,0,2.313,-3.256275E-05,34.695,0
2.3139,3.692683E-06,34.7085,0,2.3139,-2.18204E-05,34.7085,0
2.3148,4.129091E-05,34.722,0,2.3148,3.155566E-05,34.722,0
2.3157,1.107805E-05,34.7355,0,2.3157,4.028382E-06,34.7355,0
2.3166,6.378271E-06,34.749,0,2.3166,-4.43122E-05,34.749,0
2.3175,-1.510643E-05,34.7625,0,2.3175,-1.040665E-05,34.7625,0
2.3184,-3.659113E-05,34.776,0,2.3184,-2.450599E-05,34.776,0
2.3193,-2.24918E-05,34.7895,0,2.3193,-5.471885E-05,34.7895,0
2.3202,-5.136187E-05,34.803,0,2.3202,-4.33051E-05,34.803,0
2.3211,-6.54612E-05,34.8165,0,2.3211,-3.692683E-06,34.8165,0
2.322,-3.793393E-05,34.83,0,2.322,-1.477073E-05,34.83,0
2.3229,-3.659113E-05,34.8435,0,2.3229,-1.409934E-05,34.8435,0
2.3238,-1.342794E-06,34.857,0,2.3238,-3.189136E-05,34.857,0
2.3247,2.987716E-05,34.8705,0,2.3247,-1.544213E-05,34.8705,0
2.3256,1.846342E-05,34.884,0,2.3256,1.309224E-05,34.884,0
2.3265,8.392462E-06,34.8975,0,2.3265,-1.779202E-05,34.8975,0
2.3274,3.692683E-06,34.911,0,2.3274,-3.289845E-05,34.911,0
2.3283,-1.577783E-05,34.9245,0,2.3283,7.721065E-06,34.9245,0
2.3292,-3.692683E-05,34.938,0,2.3292,3.356985E-07,34.938,0
2.3301,-2.18204E-05,34.9515,0,2.3301,-3.994812E-05,34.9515,0
2.331,-3.155566E-05,34.965,0,2.331,-5.706874E-06,34.965,0
2.3319,-6.344701E-05,34.9785,0,2.3319,-1.242084E-05,34.9785,0
2.3328,-4.867628E-05,34.992,0,2.3328,-3.961242E-05,34.992,0
2.3337,2.24918E-05,35.0055,0,2.3337,-3.256275E-05,35.0055,0
2.3346,-2.517739E-05,35.019,0,2.3346,-1.376364E-05,35.019,0
2.3355,1.107805E-05,35.0325,0,2.3355,-2.047761E-05,35.0325,0
2.3364,5.203327E-05,35.046,0,2.3364,-3.524834E-05,35.046,0
2.3373,4.53193E-05,35.0595,0,2.3373,-4.43122E-05,35.0595,0
2.3382,1.577783E-05,35.073,0,2.3382,-2.383459E-05,35.073,0
2.3391,-1.745632E-05,35.0865,0,2.3391,-1.074235E-05,35.0865,0
2.34,-2.047761E-05,35.1,0,2.34,-3.021286E-05,35.1,0
2.3409,-1.913481E-05,35.1135,0,2.3409,-3.054856E-05,35.1135,0
2.3418,-2.18204E-05,35.127,0,2.3418,1.040665E-05,35.127,0
2.3427,-5.706874E-06,35.1405,0,2.3427,1.007095E-06,35.1405,0
2.3436,1.846342E-05,35.154,0,2.3436,-4.33051E-05,35.154,0
2.3445,4.263371E-05,35.1675,0,2.3445,-1.409934E-05,35.1675,0
2.3454,1.376364E-05,35.181,0,2.3454,-2.21561E-05,35.181,0
2.3463,-1.208515E-05,35.1945,0,2.3463,-3.256275E-05,35.1945,0
2.3472,-2.786297E-05,35.208,0,2.3472,-6.378271E-06,35.208,0
2.3481,-2.652018E-05,35.2215,0,2.3481,-1.007095E-06,35.2215,0
2.349,-4.33051E-05,35.235,0,2.349,-1.309224E-05,35.235,0
2.3499,-3.088426E-05,35.2485,0,2.3499,-1.174945E-05,35.2485,0
2.3508,-2.21561E-05,35.262,0,2.3508,-4.39765E-05,35.262,0
2.3517,-1.644922E-05,35.2755,0,2.3517,-1.779202E-05,35.2755,0
2.3526,1.846342E-05,35.289,0,2.3526,-7.385367E-06,35.289,0
2.3535,1.846342E-05,35.3025,0,2.3535,-3.155566E-05,35.3025,0
2.3544,2.685588E-06,35.316,0,2.3544,-4.800488E-05,35.316,0
2.3553,-1.913481E-05,35.3295,0,2.3553,-1.678492E-06,35.3295,0
2.3562,1.007095E-06,35.343,0,2.3562,6.713969E-06,35.343,0
2.3571,1.678492E-06,35.3565,0,2.3571,-3.860533E-05,35.3565,0
2.358,-4.800488E-05,35.37,0,2.358,-1.644922E-05,35.37,0
2.3589,-2.786297E-05,35.3835,0,2.3589,1.107805E-05,35.3835,0
2.3598,2.349889E-06,35.397,0,2.3598,-2.517739E-05,35.397,0
2.3607,4.699779E-06,35.4105,0,2.3607,-3.558404E-05,35.4105,0
2.3616,-4.39765E-05,35.424,0,2.3616,-3.323415E-05,35.424,0
2.3625,-2.551309E-05,35.4375,0,2.3625,-3.424125E-05,35.4375,0
2.3634,-9.063859E-06,35.451,0,2.3634,-4.061952E-05,35.451,0
2.3643,-1.275654E-05,35.4645,0,2.3643,-4.36408E-05,35.4645,0
2.3652,7.721065E-06,35.478,0,2.3652,-1.409934E-05,35.478,0
2.3661,2.1149E-05,35.4915,0,2.3661,-3.692683E-06,35.4915,0
2.367,-1.040665E-05,35.505,0,2.367,-8.392462E-06,35.505,0
2.3679,-8.392462E-06,35.5185,0,2.3679,-3.457694E-05,35.5185,0
2.3688,-8.056763E-06,35.532,0,2.3688,-4.028382E-06,35.532,0
2.3697,-2.047761E-05,35.5455,0,2.3697,-7.721065E-06,35.5455,0
2.3706,1.040665E-05,35.559,0,2.3706,-3.793393E-05,35.559,0
2.3715,3.424125E-05,35.5725,0,2.3715,-5.706874E-06,35.5725,0
2.3724,1.779202E-05,35.586,0,2.3724,-1.376364E-05,35.586,0
2.3733,-5.706874E-06,35.5995,0,2.3733,-5.136187E-05,35.5995,0
2.3742,-1.040665E-05,35.613,0,2.3742,-4.196231E-05,35.613,0
2.3751,-3.793393E-05,35.6265,0,2.3751,-1.745632E-05,35.6265,0
2.376,-2.853437E-05,35.64,0,2.376,-1.678492E-06,35.64,0
2.3769,-1.644922E-05,35.6535,0,2.3769,1.577783E-05,35.6535,0
2.3778,4.699779E-06,35.667,0,2.3778,-2.21561E-05,35.667,0
2.3787,-8.392462E-06,35.6805,0,2.3787,-1.611353E-05,35.6805,0
2.3796,-4.43122E-05,35.694,0,2.3796,2.349889E-06,35.694,0
2.3805,-3.994812E-05,35.7075,0,2.3805,-2.24918E-05,35.7075,0
2.3814,-2.316319E-05,35.721,0,2.3814,-3.659113E-05,35.721,0
2.3823,-4.028382E-05,35.7345,0,2.3823,2.349889E-06,35.7345,0
2.3832,-1.409934E-05,35.748,0,2.3832,5.035477E-06,35.748,0
2.3841,1.712062E-05,35.7615,0,2.3841,-3.726253E-05,35.7615,0
2.385,3.894102E-05,35.775,0,2.385,-7.721065E-06,35.775,0
2.3859,5.102617E-05,35.7885,0,2.3859,2.652018E-05,35.7885,0
2.3868,-7.721065E-06,35.802,0,2.3868,-2.28275E-05,35.802,0
2.3877,-1.577783E-05,35.8155,0,2.3877,-2.24918E-05,35.8155,0
2.3886,-2.652018E-05,35.829,0,2.3886,1.913481E-05,35.829,0
2.3895,1.510643E-05,35.8425,0,2.3895,7.385367E-06,35.8425,0
2.3904,6.378271E-06,35.856,0,2.3904,-5.706874E-06,35.856,0
2.3913,9.735256E-06,35.8695,0,2.3913,-2.584878E-05,35.8695,0
2.3922,3.558404E-05,35.883,0,2.3922,-2.752728E-05,35.883,0
2.3931,1.913481E-05,35.8965,0,2.3931,-2.786297E-05,35.8965,0
2.394,3.692683E-06,35.91,0,2.394,-4.834058E-05,35.91,0
2.3949,2.584878E-05,35.9235,0,2.3949,-5.270466E-05,35.9235,0
2.3958,-1.409934E-05,35.937,0,2.3958,-3.625543E-05,35.937,0
2.3967,-2.1149E-05,35.9505,0,2.3967,-3.826963E-05,35.9505,0
2.3976,6.378271E-06,35.964,0,2.3976,-4.867628E-05,35.964,0
2.3985,-2.484169E-05,35.9775,0,2.3985,-1.275654E-05,35.9775,0
2.3994,-2.517739E-05,35.991,0,2.3994,-1.007095E-06,35.991,0
2.4003,1.577783E-05,36.0045,0,2.4003,-2.584878E-05,36.0045,0
2.4012,-1.107805E-05,36.018,0,2.4012,-1.510643E-05,36.018,0
2.4021,-4.33051E-05,36.0315,0,2.4021,6.713969E-07,36.0315,0
2.403,-9.735256E-06,36.045,0,2.403,-8.392462E-06,36.045,0
2.4039,-7.049668E-06,36.0585,0,2.4039,-3.793393E-05,36.0585,0
2.4048,-2.853437E-05,36.072,0,2.4048,-5.236896E-05,36.072,0
2.4057,-1.107805E-05,36.0855,0,2.4057,-1.980621E-05,36.0855,0
2.4066,-4.29694E-05,36.099,0,2.4066,2.18204E-05,36.099,0
2.4075,-4.43122E-05,36.1125,0,2.4075,-3.356985E-06,36.1125,0
2.4084,-1.208515E-05,36.126,0,2.4084,-4.46479E-05,36.126,0
2.4093,-3.323415E-05,36.1395,0,2.4093,-5.706874E-06,36.1395,0
2.4102,-2.1149E-05,36.153,0,2.4102,-6.042573E-06,36.153,0
2.4111,-8.728161E-06,36.1665,0,2.4111,-4.061952E-05,36.1665,0
2.412,-1.342794E-05,36.18,0,2.412,-1.007095E-06,36.18,0
2.4129,1.913481E-05,36.1935,0,2.4129,5.035477E-06,36.1935,0
2.4138,3.356985E-07,36.207,0,2.4138,-3.961242E-05,36.207,0
2.4147,-2.417029E-05,36.2205,0,2.4147,-1.174945E-05,36.2205,0
2.4156,-2.450599E-05,36.234,0,2.4156,6.042573E-06,36.234,0
2.4165,-4.36408E-06,36.2475,0,2.4165,-5.706874E-06,36.2475,0
2.4174,1.376364E-05,36.261,0,2.4174,-1.947051E-05,36.261,0
2.4183,3.088426E-05,36.2745,0,2.4183,-3.021286E-05,36.2745,0
2.4192,3.323415E-05,36.288,0,2.4192,-6.378271E-06,36.288,0
2.4201,5.035477E-06,36.3015,0,2.4201,-2.014191E-05,36.3015,0
2.421,1.544213E-05,36.315,0,2.421,-3.659113E-05,36.315,0
2.4219,1.309224E-05,36.3285,0,2.4219,-4.46479E-05,36.3285,0
2.4228,6.713969E-06,36.342,0,2.4228,-5.035477E-06,36.342,0
2.4237,3.356985E-07,36.3555,0,2.4237,-7.721065E-06,36.3555,0
2.4246,2.383459E-05,36.369,0,2.4246,-3.994812E-05,36.369,0
2.4255,3.692683E-06,36.3825,0,2.4255,2.349889E-06,36.3825,0
2.4264,2.450599E-05,36.396,0,2.4264,5.035477E-06,36.396,0
2.4273,4.263371E-05,36.4095,0,2.4273,-2.24918E-05,36.4095,0
2.4282,1.242084E-05,36.423,0,2.4282,-8.056763E-06,36.423,0
2.4291,-1.846342E-05,36.4365,0,2.4291,4.36408E-06,36.4365,0
2.43,-1.342794E-05,36.45,0,2.43,-9.735256E-06,36.45,0
2.4309,-1.544213E-05,36.4635,0,2.4309,-2.1149E-05,36.4635,0
2.4318,-9.063859E-06,36.477,0,2.4318,-5.438316E-05,36.477,0
2.4327,3.021286E-06,36.4905,0,2.4327,-4.229801E-05,36.4905,0
2.4336,-4.800488E-05,36.504,0,2.4336,-2.652018E-05,36.504,0
2.4345,-2.383459E-05,36.5175,0,2.4345,-3.121996E-05,36.5175,0
2.4354,1.980621E-05,36.531,0,2.4354,6.378271E-06,36.531,0
2.4363,3.021286E-06,36.5445,0,2.4363,3.390555E-05,36.5445,0
2.4372,-2.316319E-05,36.558,0,2.4372,-1.510643E-05,36.558,0
2.4381,-9.735256E-06,36.5715,0,2.4381,-4.46479E-05,36.5715,0
2.439,-2.316319E-05,36.585,0,2.439,-6.713969E-07,36.585,0
2.4399,-1.510643E-05,36.5985,0,2.4399,-1.376364E-05,36.5985,0
2.4408,-7.721065E-06,36.612,0,2.4408,-3.860533E-05,36.612,0
2.4417,-2.1149E-05,36.6255,0,2.4417,-3.424125E-05,36.6255,0
2.4426,-4.800488E-05,36.639,0,2.4426,-5.706874E-06,36.639,0
2.4435,-2.719158E-05,36.6525,0,2.4435,-6.378271E-06,36.6525,0
2.4444,-1.980621E-05,36.666,0,2.4444,-2.047761E-05,36.666,0
2.4453,-1.947051E-05,36.6795,0,2.4453,-3.491264E-05,36.6795,0
2.4462,-3.390555E-05,36.693,0,2.4462,-1.107805E-05,36.693,0
2.4471,-1.275654E-05,36.7065,0,2.4471,0,36.7065,0
2.448,-1.510643E-05,36.72,0,2.448,-4.061952E-05,36.72,0
2.4489,-2.517739E-05,36.7335,0,2.4489,-4.095522E-05,36.7335,0
2.4498,-9.063859E-06,36.747,0,2.4498,1.678492E-06,36.747,0
2.4507,2.517739E-05,36.7605,0,2.4507,-1.812772E-05,36.7605,0
2.4516,6.143282E-05,36.774,0,2.4516,-6.109713E-05,36.774,0
2.4525,3.390555E-05,36.7875,0,2.4525,2.014191E-06,36.7875,0
2.4534,0,36.801,0,2.4534,-1.712062E-05,36.801,0
2.4543,-2.450599E-05,36.8145,0,2.4543,-8.224613E-05,36.8145,0
2.4552,-5.136187E-05,36.828,0,2.4552,-4.699779E-06,36.828,0
2.4561,-4.53193E-05,36.8415,0,2.4561,4.800488E-05,36.8415,0
2.457,-1.644922E-05,36.855,0,2.457,-3.356985E-06,36.855,0
2.4579,-3.021286E-06,36.8685,0,2.4579,-6.378271E-06,36.8685,0
2.4588,-1.074235E-05,36.882,0,2.4588,-2.887007E-05,36.882,0
2.4597,4.36408E-06,36.8955,0,2.4597,-2.014191E-06,36.8955,0
2.4606,0,36.909,0,2.4606,3.457694E-05,36.909,0
2.4615,-7.385367E-06,36.9225,0,2.4615,-1.141375E-05,36.9225,0
2.4624,-3.356985E-06,36.936,0,2.4624,-2.987716E-05,36.936,0
2.4633,-1.745632E-05,36.9495,0,2.4633,6.713969E-07,36.9495,0
2.4642,8.392462E-06,36.963,0,2.4642,-5.706874E-06,36.963,0
2.4651,2.719158E-05,36.9765,0,2.4651,-3.155566E-05,36.9765,0
2.466,-8.392462E-06,36.99,0,2.466,-3.356985E-07,36.99,0
2.4669,-2.987716E-05,37.0035,0,2.4669,3.692683E-06,37.0035,0
2.4678,-2.652018E-05,37.017,0,2.4678,-4.632639E-05,37.017,0
2.4687,-4.53193E-05,37.0305,0,2.4687,-5.203327E-05,37.0305,0
2.4696,-4.867628E-05,37.044,0,2.4696,-3.189136E-05,37.044,0
2.4705,-2.383459E-05,37.0575,0,2.4705,-5.136187E-05,37.0575,0
2.4714,-2.450599E-05,37.071,0,2.4714,-5.505455E-05,37.071,0
2.4723,-1.242084E-05,37.0845,0,2.4723,-4.39765E-05,37.0845,0
2.4732,2.047761E-05,37.098,0,2.4732,-9.063859E-06,37.098,0
2.4741,2.484169E-05,37.1115,0,2.4741,-7.385367E-06,37.1115,0
2.475,9.735256E-06,37.125,0,2.475,-2.484169E-05,37.125,0
2.4759,1.678492E-06,37.1385,0,2.4759,-5.874724E-05,37.1385,0
2.4768,-3.021286E-06,37.152,0,2.4768,-3.155566E-05,37.152,0
2.4777,-6.713969E-06,37.1655,0,2.4777,-2.517739E-05,37.1655,0
2.4786,-1.242084E-05,37.179,0,2.4786,-4.901198E-05,37.179,0
2.4795,-4.934768E-05,37.1925,0,2.4795,-1.443504E-05,37.1925,0
2.4804,-8.526741E-05,37.206,0,2.4804,-6.713969E-07,37.206,0
2.4813,-8.090334E-05,37.2195,0,2.4813,-2.551309E-05,37.2195,0
2.4822,-5.270466E-05,37.233,0,2.4822,-9.063859E-06,37.233,0
2.4831,-4.867628E-05,37.2465,0,2.4831,3.356985E-07,37.2465,0
2.484,2.047761E-05,37.26,0,2.484,-1.477073E-05,37.26,0
2.4849,0.0001033951,37.2735,0,2.4849,-1.712062E-05,37.2735,0
2.4858,0.0001070878,37.287,0,2.4858,-2.752728E-05,37.287,0
2.4867,5.975433E-05,37.3005,0,2.4867,8.392462E-06,37.3005,0
2.4876,5.270466E-05,37.314,0,2.4876,2.517739E-05,37.314,0
2.4885,2.618448E-05,37.3275,0,2.4885,-1.242084E-05,37.3275,0
2.4894,3.692683E-06,37.341,0,2.4894,-4.46479E-05,37.341,0
2.4903,2.18204E-05,37.3545,0,2.4903,-4.36408E-06,37.3545,0
2.4912,-8.728161E-06,37.368,0,2.4912,-6.378271E-06,37.368,0
2.4921,1.678492E-06,37.3815,0,2.4921,-4.901198E-05,37.3815,0
2.493,-1.107805E-05,37.395,0,2.493,-1.174945E-05,37.395,0
2.4939,-3.659113E-05,37.4085,0,2.4939,-8.392462E-06,37.4085,0
2.4948,-2.349889E-05,37.422,0,2.4948,-3.793393E-05,37.422,0
2.4957,-1.879912E-05,37.4355,0,2.4957,-2.618448E-05,37.4355,0
2.4966,3.692683E-06,37.449,0,2.4966,2.014191E-06,37.449,0
2.4975,-2.014191E-06,37.4625,0,2.4975,-1.376364E-05,37.4625,0
2.4984,-2.1149E-05,37.476,0,2.4984,-2.987716E-05,37.476,0
2.4993,1.007095E-06,37.4895,0,2.4993,-4.733349E-05,37.4895,0
2.5002,-7.049668E-06,37.503,0,2.5002,-3.356985E-05,37.503,0
2.5011,-2.551309E-05,37.5165,0,2.5011,-1.242084E-05,37.5165,0
2.502,-6.042573E-06,37.53,0,2.502,-7.721065E-06,37.53,0
2.5029,-1.309224E-05,37.5435,0,2.5029,-2.014191E-05,37.5435,0
2.5038,-4.766919E-05,37.557,0,2.5038,-7.049668E-06,37.557,0
2.5047,-2.517739E-05,37.5705,0,2.5047,-6.042573E-06,37.5705,0
2.5056,-6.713969E-07,37.584,0,2.5056,-3.558404E-05,37.584,0
2.5065,-6.713969E-06,37.5975,0,2.5065,-1.678492E-05,37.5975,0
2.5074,7.385367E-06,37.611,0,2.5074,-5.706874E-06,37.611,0
2.5083,2.618448E-05,37.6245,0,2.5083,-3.088426E-05,37.6245,0
2.5092,-1.007095E-06,37.638,0,2.5092,-1.846342E-05,37.638,0
2.5101,-4.834058E-05,37.6515,0,2.5101,-1.678492E-06,37.6515,0
2.511,-3.894102E-05,37.665,0,2.511,2.349889E-06,37.665,0
2.5119,-2.685588E-05,37.6785,0,2.5119,-4.36408E-06,37.6785,0
2.5128,-2.28275E-05,37.692,0,2.5128,-2.484169E-05,37.692,0
2.5137,1.007095E-06,37.7055,0,2.5137,-1.745632E-05,37.7055,0
2.5146,1.309224E-05,37.719,0,2.5146,2.349889E-06,37.719,0
2.5155,2.618448E-05,37.7325,0,2.5155,-3.088426E-05,37.7325,0
2.5164,6.6804E-05,37.746,0,2.5164,-4.49836E-05,37.746,0
2.5173,6.378271E-06,37.7595,0,2.5173,2.349889E-06,37.7595,0
2.5182,-9.063859E-06,37.773,0,2.5182,-1.712062E-05,37.773,0
2.5191,-6.042573E-06,37.7865,0,2.5191,-6.311131E-05,37.7865,0
2.52,-1.107805E-05,37.8,0,2.52,-1.040665E-05,37.8,0
2.5209,-6.378271E-06,37.8135,0,2.5209,-3.356985E-06,37.8135,0
2.5218,-9.735256E-06,37.827,0,2.5218,-4.766919E-05,37.827,0
2.5227,-1.275654E-05,37.8405,0,2.5227,-1.812772E-05,37.8405,0
2.5236,-2.719158E-05,37.854,0,2.5236,5.706874E-06,37.854,0
2.5245,-1.141375E-05,37.8675,0,2.5245,-8.728161E-06,37.8675,0
2.5254,9.063859E-06,37.881,0,2.5254,-3.692683E-06,37.881,0
2.5263,-1.242084E-05,37.8945,0,2.5263,-2.316319E-05,37.8945,0
2.5272,-2.383459E-05,37.908,0,2.5272,-1.980621E-05,37.908,0
2.5281,-1.242084E-05,37.9215,0,2.5281,-2.517739E-05,37.9215,0
2.529,-2.920577E-05,37.935,0,2.529,-3.894102E-05,37.935,0
2.5299,-2.417029E-05,37.9485,0,2.5299,-3.524834E-05,37.9485,0
2.5308,-5.035477E-06,37.962,0,2.5308,-3.021286E-06,37.962,0
2.5317,-2.349889E-06,37.9755,0,2.5317,-1.745632E-05,37.9755,0
2.5326,-2.551309E-05,37.989,0,2.5326,-4.028382E-05,37.989,0
2.5335,-3.121996E-05,38.0025,0,2.5335,-9.735256E-06,38.0025,0
2.5344,-3.524834E-05,38.016,0,2.5344,1.141375E-05,38.016,0
2.5353,-3.424125E-05,38.0295,0,2.5353,-2.18204E-05,38.0295,0
2.5362,1.510643E-05,38.043,0,2.5362,-1.913481E-05,38.043,0
2.5371,7.721065E-06,38.0565,0,2.5371,6.713969E-07,38.0565,0
2.538,1.846342E-05,38.07,0,2.538,-1.443504E-05,38.07,0
2.5389,3.356985E-07,38.0835,0,2.5389,-1.376364E-05,38.0835,0
2.5398,-1.678492E-06,38.097,0,2.5398,-4.36408E-05,38.097,0
2.5407,-2.484169E-05,38.1105,0,2.5407,-4.229801E-05,38.1105,0
2.5416,-5.337606E-05,38.124,0,2.5416,-1.947051E-05,38.124,0
2.5425,-8.728161E-06,38.1375,0,2.5425,-3.793393E-05,38.1375,0
2.5434,4.36408E-06,38.151,0,2.5434,-5.404745E-05,38.151,0
2.5443,-1.107805E-05,38.1645,0,2.5443,2.920577E-05,38.1645,0
2.5452,-3.356985E-07,38.178,0,2.5452,3.424125E-05,38.178,0
2.5461,1.947051E-05,38.1915,0,2.5461,-3.961242E-05,38.1915,0
2.547,-2.014191E-06,38.205,0,2.547,2.349889E-06,38.205,0
2.5479,-4.028382E-06,38.2185,0,2.5479,-1.007095E-06,38.2185,0
2.5488,-5.706874E-06,38.232,0,2.5488,-3.256275E-05,38.232,0
2.5497,-2.752728E-05,38.2455,0,2.5497,-3.390555E-05,38.2455,0
2.5506,-1.678492E-05,38.259,0,2.5506,-3.021286E-06,38.259,0
2.5515,3.054856E-05,38.2725,0,2.5515,-6.713969E-06,38.2725,0
2.5524,2.584878E-05,38.286,0,2.5524,-2.047761E-05,38.286,0
2.5533,3.189136E-05,38.2995,0,2.5533,-3.424125E-05,38.2995,0
2.5542,2.584878E-05,38.313,0,2.5542,-2.1149E-05,38.313,0
2.5551,-9.735256E-06,38.3265,0,2.5551,-2.887007E-05,38.3265,0
2.556,-9.735256E-06,38.34,0,2.556,-4.53193E-05,38.34,0
2.5569,-4.028382E-06,38.3535,0,2.5569,-5.304036E-05,38.3535,0
2.5578,-1.577783E-05,38.367,0,2.5578,-1.879912E-05,38.367,0
2.5587,-3.659113E-05,38.3805,0,2.5587,-9.063859E-06,38.3805,0
2.5596,-8.728161E-06,38.394,0,2.5596,-3.256275E-05,38.394,0
2.5605,7.049668E-06,38.4075,0,2.5605,9.063859E-06,38.4075,0
2.5614,-3.356985E-07,38.421,0,2.5614,7.049668E-06,38.421,0
2.5623,6.042573E-06,38.4345,0,2.5623,-3.256275E-05,38.4345,0
2.5632,-2.517739E-05,38.448,0,2.5632,-3.390555E-05,38.448,0
2.5641,-4.632639E-05,38.4615,0,2.5641,-4.599069E-05,38.4615,0
2.565,-3.491264E-05,38.475,0,2.565,-3.994812E-05,38.475,0
2.5659,-2.719158E-05,38.4885,0,2.5659,-1.980621E-05,38.4885,0
2.5668,-1.107805E-05,38.502,0,2.5668,-2.819867E-05,38.502,0
2.5677,-9.735256E-06,38.5155,0,2.5677,1.443504E-05,38.5155,0
2.5686,7.385367E-06,38.529,0,2.5686,2.1149E-05,38.529,0
2.5695,3.457694E-05,38.5425,0,2.5695,-4.36408E-06,38.5425,0
2.5704,2.1149E-05,38.556,0,2.5704,-2.584878E-05,38.556,0
2.5713,1.678492E-05,38.5695,0,2.5713,1.342794E-06,38.5695,0
2.5722,7.385367E-06,38.583,0,2.5722,-5.706874E-06,38.583,0
2.5731,3.021286E-06,38.5965,0,2.5731,-4.733349E-05,38.5965,0
2.574,-2.1149E-05,38.61,0,2.574,-7.385367E-06,38.61,0
2.5749,-5.371176E-06,38.6235,0,2.5749,1.947051E-05,38.6235,0
2.5758,1.242084E-05,38.637,0,2.5758,-2.987716E-05,38.637,0
2.5767,7.721065E-06,38.6505,0,2.5767,-2.316319E-05,38.6505,0
2.5776,5.035477E-06,38.664,0,2.5776,-1.477073E-05,38.664,0
2.5785,-4.36408E-06,38.6775,0,2.5785,-3.994812E-05,38.6775,0
2.5794,-3.121996E-05,38.691,0,2.5794,-2.987716E-05,38.691,0
2.5803,-1.242084E-05,38.7045,0,2.5803,-2.383459E-05,38.7045,0
2.5812,-1.309224E-05,38.718,0,2.5812,-7.049668E-06,38.718,0
2.5821,-4.934768E-05,38.7315,0,2.5821,2.484169E-05,38.7315,0
2.583,-3.659113E-05,38.745,0,2.583,3.121996E-05,38.745,0
2.5839,-6.378271E-06,38.7585,0,2.5839,-8.728161E-06,38.7585,0
2.5848,-2.719158E-05,38.772,0,2.5848,1.409934E-05,38.772,0
2.5857,-8.056763E-06,38.7855,0,2.5857,-1.007095E-06,38.7855,0
2.5866,1.947051E-05,38.799,0,2.5866,-3.793393E-05,38.799,0
2.5875,-2.047761E-05,38.8125,0,2.5875,-1.745632E-05,38.8125,0
2.5884,-2.014191E-06,38.826,0,2.5884,-1.712062E-05,38.826,0
2.5893,-3.021286E-06,38.8395,0,2.5893,-3.659113E-05,38.8395,0
2.5902,-6.378271E-06,38.853,0,2.5902,-4.968337E-05,38.853,0
2.5911,-2.584878E-05,38.8665,0,2.5911,-3.256275E-05,38.8665,0
2.592,-2.047761E-05,38.88,0,2.592,-1.443504E-05,38.88,0
2.5929,-1.309224E-05,38.8935,0,2.5929,-2.24918E-05,38.8935,0
2.5938,3.356985E-07,38.907,0,2.5938,-4.766919E-05,38.907,0
2.5947,1.174945E-05,38.9205,0,2.5947,-1.644922E-05,38.9205,0
2.5956,-6.042573E-06,38.934,0,2.5956,-2.349889E-06,38.934,0
2.5965,-3.054856E-05,38.9475,0,2.5965,-2.517739E-05,38.9475,0
2.5974,-2.551309E-05,38.961,0,2.5974,-3.088426E-05,38.961,0
2.5983,-3.054856E-05,38.9745,0,2.5983,4.028382E-06,38.9745,0
2.5992,-2.24918E-05,38.988,0,2.5992,-3.356985E-07,38.988,0
2.6001,1.007095E-06,39.0015,0,2.6001,-4.968337E-05,39.0015,0
2.601,-3.356985E-07,39.015,0,2.601,-2.316319E-05,39.015,0
2.6019,3.390555E-05,39.0285,0,2.6019,-5.035477E-06,39.0285,0
2.6028,3.860533E-05,39.042,0,2.6028,-4.934768E-05,39.042,0
2.6037,1.007095E-05,39.0555,0,2.6037,-4.800488E-05,39.0555,0
2.6046,-2.584878E-05,39.069,0,2.6046,-1.611353E-05,39.069,0
2.6055,-4.666209E-05,39.0825,0,2.6055,-2.551309E-05,39.0825,0
2.6064,-1.107805E-05,39.096,0,2.6064,-1.980621E-05,39.096,0
2.6073,3.323415E-05,39.1095,0,2.6073,-3.793393E-05,39.1095,0
2.6082,1.577783E-05,39.123,0,2.6082,-2.14847E-05,39.123,0
2.6091,-1.376364E-05,39.1365,0,2.6091,-1.174945E-05,39.1365,0
2.61,-2.18204E-05,39.15,0,2.61,-3.524834E-05,39.15,0
2.6109,2.18204E-05,39.1635,0,2.6109,-4.36408E-05,39.1635,0
2.6118,5.035477E-06,39.177,0,2.6118,-7.721065E-06,39.177,0
2.6127,-8.392462E-06,39.1905,0,2.6127,-1.376364E-05,39.1905,0
2.6136,3.692683E-06,39.204,0,2.6136,-2.517739E-05,39.204,0
2.6145,-4.061952E-05,39.2175,0,2.6145,2.047761E-05,39.2175,0
2.6154,-2.18204E-05,39.231,0,2.6154,2.014191E-05,39.231,0
2.6163,-2.517739E-05,39.2445,0,2.6163,-1.779202E-05,39.2445,0
2.6172,-5.371176E-05,39.258,0,2.6172,-3.793393E-05,39.258,0
2.6181,-1.678492E-06,39.2715,0,2.6181,-1.342794E-06,39.2715,0
2.619,6.713969E-07,39.285,0,2.619,-1.040665E-05,39.285,0
2.6199,-1.980621E-05,39.2985,0,2.6199,-2.819867E-05,39.2985,0
2.6208,1.544213E-05,39.312,0,2.6208,-3.155566E-05,39.312,0
2.6217,1.980621E-05,39.3255,0,2.6217,-8.728161E-06,39.3255,0
2.6226,8.392462E-06,39.339,0,2.6226,4.36408E-06,39.339,0
2.6235,-8.392462E-06,39.3525,0,2.6235,-3.155566E-05,39.3525,0
2.6244,-8.392462E-06,39.366,0,2.6244,-4.162661E-05,39.366,0
2.6253,-2.21561E-05,39.3795,0,2.6253,2.685588E-06,39.3795,0
2.6262,-2.584878E-05,39.393,0,2.6262,-1.577783E-05,39.393,0
2.6271,1.510643E-05,39.4065,0,2.6271,-4.565499E-05,39.4065,0
2.628,2.014191E-06,39.42,0,2.628,-5.035477E-06,39.42,0
2.6289,1.107805E-05,39.4335,0,2.6289,3.021286E-06,39.4335,0
2.6298,3.726253E-05,39.447,0,2.6298,-2.920577E-05,39.447,0
2.6307,-1.007095E-06,39.4605,0,2.6307,-1.242084E-05,39.4605,0
2.6316,-2.383459E-05,39.474,0,2.6316,5.706874E-06,39.474,0
2.6325,0,39.4875,0,2.6325,8.728161E-06,39.4875,0
2.6334,6.378271E-06,39.501,0,2.6334,-5.706874E-06,39.501,0
2.6343,-1.040665E-05,39.5145,0,2.6343,-2.786297E-05,39.5145,0
2.6352,-2.18204E-05,39.528,0,2.6352,-3.692683E-06,39.528,0
2.6361,-3.424125E-05,39.5415,0,2.6361,-2.081331E-05,39.5415,0
2.637,-3.054856E-05,39.555,0,2.637,-5.169757E-05,39.555,0
2.6379,-2.18204E-05,39.5685,0,2.6379,-6.210422E-05,39.5685,0
2.6388,-1.510643E-05,39.582,0,2.6388,-2.316319E-05,39.582,0
2.6397,1.376364E-05,39.5955,0,2.6397,-9.399558E-06,39.5955,0
2.6406,1.007095E-05,39.609,0,2.6406,1.376364E-05,39.609,0
2.6415,-3.356985E-06,39.6225,0,2.6415,6.378271E-06,39.6225,0
2.6424,7.385367E-06,39.636,0,2.6424,3.356985E-06,39.636,0
2.6433,2.349889E-06,39.6495,0,2.6433,-2.24918E-05,39.6495,0
2.6442,-3.860533E-05,39.663,0,2.6442,-3.793393E-05,39.663,0
2.6451,-5.941863E-05,39.6765,0,2.6451,-1.644922E-05,39.6765,0
2.646,-5.471885E-05,39.69,0,2.646,-1.510643E-05,39.69,0
2.6469,-1.913481E-05,39.7035,0,2.6469,-1.913481E-05,39.7035,0
2.6478,-2.014191E-06,39.717,0,2.6478,-4.36408E-05,39.717,0
2.6487,2.551309E-05,39.7305,0,2.6487,-1.443504E-05,39.7305,0
2.6496,1.074235E-05,39.744,0,2.6496,-4.699779E-06,39.744,0
2.6505,-8.392462E-06,39.7575,0,2.6505,-3.894102E-05,39.7575,0
2.6514,9.063859E-06,39.771,0,2.6514,-3.793393E-05,39.771,0
2.6523,-2.047761E-05,39.7845,0,2.6523,-1.107805E-05,39.7845,0
2.6532,-1.107805E-05,39.798,0,2.6532,-2.987716E-05,39.798,0
2.6541,1.040665E-05,39.8115,0,2.6541,-5.606165E-05,39.8115,0
2.655,-7.049668E-06,39.825,0,2.655,-9.735256E-06,39.825,0
2.6559,1.510643E-05,39.8385,0,2.6559,-7.721065E-06,39.8385,0
2.6568,6.042573E-06,39.852,0,2.6568,-3.994812E-05,39.852,0
2.6577,2.047761E-05,39.8655,0,2.6577,-4.061952E-05,39.8655,0
2.6586,5.035477E-06,39.879,0,2.6586,-1.846342E-05,39.879,0
2.6595,-3.356985E-07,39.8925,0,2.6595,-3.323415E-05,39.8925,0
2.6604,-9.735256E-06,39.906,0,2.6604,-1.577783E-05,39.906,0
2.6613,5.035477E-06,39.9195,0,2.6613,-1.544213E-05,39.9195,0
2.6622,-2.685588E-06,39.933,0,2.6622,-7.049668E-06,39.933,0
2.6631,-6.344701E-05,39.9465,0,2.6631,3.692683E-06,39.9465,0
2.664,-2.047761E-05,39.96,0,2.664,-2.18204E-05,39.96,0
2.6649,1.779202E-05,39.9735,0,2.6649,-3.256275E-05,39.9735,0
2.6658,-2.920577E-05,39.987,0,2.6658,-1.678492E-06,39.987,0
2.6667,-3.591974E-05,40.0005,0,2.6667,-1.007095E-05,40.0005,0
2.6676,-6.378271E-06,40.014,0,2.6676,-4.800488E-05,40.014,0
2.6685,-3.692683E-06,40.0275,0,2.6685,1.007095E-06,40.0275,0
2.6694,2.014191E-05,40.041,0,2.6694,2.954147E-05,40.041,0
2.6703,2.920577E-05,40.0545,0,2.6703,-2.24918E-05,40.0545,0
2.6712,1.007095E-05,40.068,0,2.6712,-4.968337E-05,40.068,0
2.6721,-2.014191E-06,40.0815,0,2.6721,-2.316319E-05,40.0815,0
2.673,1.846342E-05,40.095,0,2.673,-1.174945E-05,40.095,0
2.6739,2.887007E-05,40.1085,0,2.6739,-1.309224E-05,40.1085,0
2.6748,6.713969E-07,40.122,0,2.6748,6.378271E-06,40.122,0
2.6757,-1.309224E-05,40.1355,0,2.6757,4.028382E-05,40.1355,0
2.6766,-5.337606E-05,40.149,0,2.6766,-5.035477E-06,40.149,0
2.6775,-4.43122E-05,40.1625,0,2.6775,-5.136187E-05,40.1625,0
2.6784,-2.853437E-05,40.176,0,2.6784,-4.733349E-05,40.176,0
2.6793,-2.920577E-05,40.1895,0,2.6793,-1.174945E-05,40.1895,0
2.6802,-2.383459E-05,40.203,0,2.6802,-2.383459E-05,40.203,0
2.6811,9.063859E-06,40.2165,0,2.6811,-4.867628E-05,40.2165,0
2.682,-2.349889E-06,40.23,0,2.682,-1.577783E-05,40.23,0
2.6829,1.376364E-05,40.2435,0,2.6829,-2.685588E-06,40.2435,0
2.6838,1.275654E-05,40.257,0,2.6838,-3.894102E-05,40.257,0
2.6847,-1.947051E-05,40.2705,0,2.6847,-3.054856E-05,40.2705,0
2.6856,-1.275654E-05,40.284,0,2.6856,1.007095E-06,40.284,0
2.6865,-3.356985E-06,40.2975,0,2.6865,-2.047761E-05,40.2975,0
2.6874,-1.510643E-05,40.311,0,2.6874,-2.28275E-05,40.311,0
2.6883,-1.577783E-05,40.3245,0,2.6883,-3.524834E-05,40.3245,0
2.6892,-2.18204E-05,40.338,0,2.6892,-1.174945E-05,40.338,0
2.6901,-2.081331E-05,40.3515,0,2.6901,5.706874E-06,40.3515,0
2.691,5.706874E-06,40.365,0,2.691,-2.584878E-05,40.365,0
2.6919,8.392462E-06,40.3785,0,2.6919,-3.894102E-05,40.3785,0
2.6928,3.021286E-06,40.392,0,2.6928,6.713969E-06,40.392,0
2.6937,5.706874E-06,40.4055,0,2.6937,-5.706874E-06,40.4055,0
2.6946,2.21561E-05,40.419,0,2.6946,-3.524834E-05,40.419,0
2.6955,-1.644922E-05,40.4325,0,2.6955,5.706874E-06,40.4325,0
2.6964,-1.174945E-05,40.446,0,2.6964,1.779202E-05,40.446,0
2.6973,2.1149E-05,40.4595,0,2.6973,-1.107805E-05,40.4595,0
2.6982,6.009003E-05,40.473,0,2.6982,-1.712062E-05,40.473,0
2.6991,5.001907E-05,40.4865,0,2.6991,-6.042573E-06,40.4865,0
2.7,3.121996E-05,40.5,0,2.7,-1.376364E-05,40.5,0
2.7009,-9.063859E-06,40.5135,0,2.7009,-2.316319E-05,40.5135,0
2.7018,-6.713969E-06,40.527,0,2.7018,-4.867628E-05,40.527,0
2.7027,-6.713969E-07,40.5405,0,2.7027,-3.726253E-05,40.5405,0
2.7036,-9.063859E-06,40.554,0,2.7036,-2.081331E-05,40.554,0
2.7045,-2.652018E-05,40.5675,0,2.7045,-2.853437E-05,40.5675,0
2.7054,-8.728161E-06,40.581,0,2.7054,-4.39765E-05,40.581,0
2.7063,-9.399558E-06,40.5945,0,2.7063,5.035477E-06,40.5945,0
2.7072,-1.477073E-05,40.608,0,2.7072,-3.021286E-06,40.608,0
2.7081,-1.376364E-05,40.6215,0,2.7081,-5.539025E-05,40.6215,0
2.709,-8.728161E-06,40.635,0,2.709,-1.678492E-05,40.635,0
2.7099,-5.572595E-05,40.6485,0,2.7099,1.007095E-06,40.6485,0
2.7108,-5.136187E-05,40.662,0,2.7108,-3.457694E-05,40.662,0
2.7117,-7.721065E-06,40.6755,0,2.7117,-2.819867E-05,40.6755,0
2.7126,-3.558404E-05,40.689,0,2.7126,1.007095E-06,40.689,0
2.7135,-3.793393E-05,40.7025,0,2.7135,-2.349889E-05,40.7025,0
2.7144,-3.021286E-05,40.716,0,2.7144,-1.174945E-05,40.716,0
2.7153,-2.383459E-05,40.7295,0,2.7153,-3.021286E-05,40.7295,0
2.7162,-3.726253E-05,40.743,0,2.7162,-2.853437E-05,40.743,0
2.7171,-3.491264E-05,40.7565,0,2.7171,-2.349889E-06,40.7565,0
2.718,-3.054856E-05,40.77,0,2.718,-1.913481E-05,40.77,0
2.7189,-2.920577E-05,40.7835,0,2.7189,-3.659113E-05,40.7835,0
2.7198,-4.39765E-05,40.797,0,2.7198,-7.721065E-06,40.797,0
2.7207,-5.740444E-05,40.8105,0,2.7207,-1.712062E-05,40.8105,0
2.7216,-3.860533E-05,40.824,0,2.7216,-5.270466E-05,40.824,0
2.7225,-4.43122E-05,40.8375,0,2.7225,-2.517739E-05,40.8375,0
2.7234,-2.685588E-05,40.851,0,2.7234,-1.040665E-05,40.851,0
2.7243,-8.392462E-06,40.8645,0,2.7243,-2.719158E-05,40.8645,0
2.7252,-8.392462E-06,40.878,0,2.7252,-3.256275E-05,40.878,0
2.7261,7.016098E-05,40.8915,0,2.7261,3.356985E-07,40.8915,0
2.727,7.083238E-05,40.905,0,2.727,-1.174945E-05,40.905,0
2.7279,2.987716E-05,40.9185,0,2.7279,-1.779202E-05,40.9185,0
2.7288,4.061952E-05,40.932,0,2.7288,-3.793393E-05,40.932,0
2.7297,3.625543E-05,40.9455,0,2.7297,1.242084E-05,40.9455,0
2.7306,1.309224E-05,40.959,0,2.7306,5.035477E-05,40.959,0
2.7315,6.378271E-06,40.9725,0,2.7315,-1.644922E-05,40.9725,0
2.7324,1.510643E-05,40.986,0,2.7324,-2.551309E-05,40.986,0
2.7333,-1.242084E-05,40.9995,0,2.7333,6.042573E-06,40.9995,0
2.7342,-2.685588E-06,41.013,0,2.7342,-1.644922E-05,41.013,0
2.7351,2.853437E-05,41.0265,0,2.7351,-7.418937E-05,41.0265,0
2.736,1.342794E-06,41.04,0,2.736,-5.706874E-05,41.04,0
2.7369,1.174945E-05,41.0535,0,2.7369,-4.867628E-05,41.0535,0
2.7378,1.342794E-05,41.067,0,2.7378,-7.687495E-05,41.067,0
2.7387,1.242084E-05,41.0805,0,2.7387,-3.961242E-05,41.0805,0
2.7396,-4.36408E-06,41.094,0,2.7396,-5.706874E-06,41.094,0
2.7405,1.846342E-05,41.1075,0,2.7405,2.18204E-05,41.1075,0
2.7414,5.035477E-06,41.121,0,2.7414,5.438316E-05,41.121,0
2.7423,-1.309224E-05,41.1345,0,2.7423,9.399558E-06,41.1345,0
2.7432,-3.256275E-05,41.148,0,2.7432,-1.376364E-05,41.148,0
2.7441,-3.121996E-05,41.1615,0,2.7441,3.356985E-07,41.1615,0
2.745,-3.021286E-05,41.175,0,2.745,8.056763E-06,41.175,0
2.7459,-1.712062E-05,41.1885,0,2.7459,-2.18204E-05,41.1885,0
2.7468,-1.376364E-05,41.202,0,2.7468,-1.577783E-05,41.202,0
2.7477,2.417029E-05,41.2155,0,2.7477,-3.155566E-05,41.2155,0
2.7486,4.028382E-05,41.229,0,2.7486,-4.53193E-05,41.229,0
2.7495,-1.309224E-05,41.2425,0,2.7495,-5.706874E-06,41.2425,0
2.7504,-2.450599E-05,41.256,0,2.7504,9.063859E-06,41.256,0
2.7513,-5.706874E-06,41.2695,0,2.7513,-4.196231E-05,41.2695,0
2.7522,-1.678492E-05,41.283,0,2.7522,-3.558404E-05,41.283,0
2.7531,-4.867628E-05,41.2965,0,2.7531,-5.035477E-06,41.2965,0
2.754,-4.196231E-05,41.31,0,2.754,-9.399558E-06,41.31,0
2.7549,-1.644922E-05,41.3235,0,2.7549,-1.846342E-05,41.3235,0
2.7558,-5.706874E-06,41.337,0,2.7558,-3.793393E-05,41.337,0
2.7567,-2.349889E-05,41.3505,0,2.7567,-3.558404E-05,41.3505,0
2.7576,-4.666209E-05,41.364,0,2.7576,-1.510643E-05,41.364,0
2.7585,-1.913481E-05,41.3775,0,2.7585,-3.021286E-05,41.3775,0
2.7594,-3.356985E-06,41.391,0,2.7594,-3.625543E-05,41.391,0
2.7603,-1.577783E-05,41.4045,0,2.7603,4.028382E-06,41.4045,0
2.7612,-4.36408E-06,41.418,0,2.7612,-1.275654E-05,41.418,0
2.7621,-3.054856E-05,41.4315,0,2.7621,-4.39765E-05,41.4315,0
2.763,-1.712062E-05,41.445,0,2.763,-6.378271E-06,41.445,0
2.7639,3.256275E-05,41.4585,0,2.7639,-4.699779E-06,41.4585,0
2.7648,4.36408E-06,41.472,0,2.7648,-3.524834E-05,41.472,0
2.7657,-1.443504E-05,41.4855,0,2.7657,-2.517739E-05,41.4855,0
2.7666,-2.14847E-05,41.499,0,2.7666,3.692683E-06,41.499,0
2.7675,-1.342794E-05,41.5125,0,2.7675,-1.947051E-05,41.5125,0
2.7684,-6.378271E-06,41.526,0,2.7684,-2.450599E-05,41.526,0
2.7693,8.392462E-06,41.5395,0,2.7693,-2.383459E-05,41.5395,0
2.7702,2.21561E-05,41.553,0,2.7702,-1.779202E-05,41.553,0
2.7711,1.947051E-05,41.5665,0,2.7711,-8.728161E-06,41.5665,0
2.772,1.577783E-05,41.58,0,2.772,-2.28275E-05,41.58,0
2.7729,3.054856E-05,41.5935,0,2.7729,-3.390555E-05,41.5935,0
2.7738,-1.208515E-05,41.607,0,2.7738,3.356985E-06,41.607,0
2.7747,-2.517739E-05,41.6205,0,2.7747,-3.356985E-06,41.6205,0
2.7756,7.049668E-06,41.634,0,2.7756,-4.53193E-05,41.634,0
2.7765,9.063859E-06,41.6475,0,2.7765,3.692683E-06,41.6475,0
2.7774,-2.652018E-05,41.661,0,2.7774,8.728161E-06,41.661,0
2.7783,-2.752728E-05,41.6745,0,2.7783,-3.256275E-05,41.6745,0
2.7792,-3.356985E-07,41.688,0,2.7792,-3.524834E-05,41.688,0
2.7801,-2.18204E-05,41.7015,0,2.7801,4.028382E-06,41.7015,0
2.781,-1.846342E-05,41.715,0,2.781,-1.678492E-05,41.715,0
2.7819,1.342794E-06,41.7285,0,2.7819,-3.961242E-05,41.7285,0
2.7828,0,41.742,0,2.7828,-5.438316E-05,41.742,0
2.7837,-3.692683E-06,41.7555,0,2.7837,-3.390555E-05,41.7555,0
2.7846,-6.378271E-06,41.769,0,2.7846,-1.309224E-05,41.769,0
2.7855,8.728161E-06,41.7825,0,2.7855,1.477073E-05,41.7825,0
2.7864,4.028382E-06,41.796,0,2.7864,-5.035477E-06,41.796,0
2.7873,-6.378271E-06,41.8095,0,2.7873,-5.706874E-06,41.8095,0
2.7882,-3.692683E-06,41.823,0,2.7882,-6.713969E-06,41.823,0
2.7891,-2.349889E-05,41.8365,0,2.7891,-4.49836E-05,41.8365,0
2.79,-4.229801E-05,41.85,0,2.79,-1.242084E-05,41.85,0
2.7909,-5.001907E-05,41.8635,0,2.7909,8.392462E-06,41.8635,0
2.7918,-2.1149E-05,41.877,0,2.7918,-3.927672E-05,41.877,0
2.7927,6.042573E-06,41.8905,0,2.7927,-3.457694E-05,41.8905,0
2.7936,1.712062E-05,41.904,0,2.7936,2.014191E-06,41.904,0
2.7945,-8.728161E-06,41.9175,0,2.7945,-1.812772E-05,41.9175,0
2.7954,-8.392462E-06,41.931,0,2.7954,-1.376364E-05,41.931,0
2.7963,-2.752728E-05,41.9445,0,2.7963,-3.793393E-05,41.9445,0
2.7972,-3.323415E-05,41.958,0,2.7972,-2.1149E-05,41.958,0
2.7981,-1.644922E-05,41.9715,0,2.7981,2.584878E-05,41.9715,0
2.799,1.644922E-05,41.985,0,2.799,-5.706874E-06,41.985,0
2.7999,3.323415E-05,41.9985,0,2.7999,-3.424125E-05,41.9985,0
2.8008,1.376364E-05,42.012,0,2.8008,2.685588E-06,42.012,0
2.8017,-6.713969E-07,42.0255,0,2.8017,-1.174945E-05,42.0255,0
2.8026,-3.356985E-07,42.039,0,2.8026,-5.572595E-05,42.039,0
2.8035,-1.443504E-05,42.0525,0,2.8035,-3.457694E-05,42.0525,0
2.8044,2.1149E-05,42.066,0,2.8044,-2.28275E-05,42.066,0
2.8053,3.390555E-05,42.0795,0,2.8053,-3.860533E-05,42.0795,0
2.8062,-2.18204E-05,42.093,0,2.8062,-2.316319E-05,42.093,0
2.8071,-2.24918E-05,42.1065,0,2.8071,-2.014191E-06,42.1065,0
2.808,-2.685588E-06,42.12,0,2.808,-7.049668E-06,42.12,0
2.8089,-1.812772E-05,42.1335,0,2.8089,-1.107805E-05,42.1335,0
2.8098,-5.706874E-06,42.147,0,2.8098,-3.591974E-05,42.147,0
2.8107,1.913481E-05,42.1605,0,2.8107,-2.685588E-05,42.1605,0
2.8116,3.356985E-07,42.174,0,2.8116,-1.577783E-05,42.174,0
2.8125,-1.644922E-05,42.1875,0,2.8125,-2.920577E-05,42.1875,0
2.8134,-3.021286E-06,42.201,0,2.8134,-3.793393E-05,42.201,0
2.8143,-1.678492E-05,42.2145,0,2.8143,6.713969E-07,42.2145,0
2.8152,-2.28275E-05,42.228,0,2.8152,-1.879912E-05,42.228,0
2.8161,-2.685588E-05,42.2415,0,2.8161,-4.766919E-05,42.2415,0
2.817,-3.894102E-05,42.255,0,2.817,-1.007095E-06,42.255,0
2.8179,-2.853437E-05,42.2685,0,2.8179,-7.049668E-06,42.2685,0
2.8188,8.056763E-06,42.282,0,2.8188,-4.36408E-05,42.282,0
2.8197,1.409934E-05,42.2955,0,2.8197,-1.678492E-05,42.2955,0
2.8206,4.36408E-06,42.309,0,2.8206,1.342794E-06,42.309,0
2.8215,1.376364E-05,42.3225,0,2.8215,-1.980621E-05,42.3225,0
2.8224,3.356985E-07,42.336,0,2.8224,-1.577783E-05,42.336,0
2.8233,-1.577783E-05,42.3495,0,2.8233,-2.887007E-05,42.3495,0
2.8242,-2.24918E-05,42.363,0,2.8242,-2.853437E-05,42.363,0
2.8251,2.685588E-06,42.3765,0,2.8251,-6.378271E-06,42.3765,0
2.826,-1.443504E-05,42.39,0,2.826,-7.721065E-06,42.39,0
2.8269,-1.644922E-05,42.4035,0,2.8269,-2.920577E-05,42.4035,0
2.8278,-2.584878E-05,42.417,0,2.8278,-5.706874E-06,42.417,0
2.8287,5.035477E-06,42.4305,0,2.8287,-6.378271E-06,42.4305,0
2.8296,3.558404E-05,42.444,0,2.8296,-3.457694E-05,42.444,0
2.8305,3.625543E-05,42.4575,0,2.8305,3.356985E-07,42.4575,0
2.8314,1.846342E-05,42.471,0,2.8314,-6.713969E-07,42.471,0
2.8323,-2.014191E-06,42.4845,0,2.8323,-3.726253E-05,42.4845,0
2.8332,3.692683E-06,42.498,0,2.8332,-3.894102E-05,42.498,0
2.8341,-7.049668E-06,42.5115,0,2.8341,1.409934E-05,42.5115,0
2.835,-2.517739E-05,42.525,0,2.835,1.107805E-05,42.525,0
2.8359,-1.141375E-05,42.5385,0,2.8359,-2.18204E-05,42.5385,0
2.8368,1.275654E-05,42.552,0,2.8368,-4.263371E-05,42.552,0
2.8377,-1.577783E-05,42.5655,0,2.8377,-3.659113E-05,42.5655,0
2.8386,-4.33051E-05,42.579,0,2.8386,-1.376364E-05,42.579,0
2.8395,-1.309224E-05,42.5925,0,2.8395,-3.826963E-05,42.5925,0
2.8404,-2.316319E-05,42.606,0,2.8404,-5.069047E-05,42.606,0
2.8413,-5.471885E-05,42.6195,0,2.8413,2.349889E-06,42.6195,0
2.8422,-4.33051E-05,42.633,0,2.8422,-1.577783E-05,42.633,0
2.8431,9.399558E-06,42.6465,0,2.8431,-5.337606E-05,42.6465,0
2.844,-3.692683E-06,42.66,0,2.844,-1.174945E-05,42.66,0
2.8449,-1.342794E-06,42.6735,0,2.8449,-1.678492E-05,42.6735,0
2.8458,7.721065E-06,42.687,0,2.8458,-4.800488E-05,42.687,0
2.8467,-1.376364E-05,42.7005,0,2.8467,-1.141375E-05,42.7005,0
2.8476,-2.18204E-05,42.714,0,2.8476,-1.007095E-06,42.714,0
2.8485,-8.728161E-06,42.7275,0,2.8485,-1.309224E-05,42.7275,0
2.8494,8.392462E-06,42.741,0,2.8494,-1.376364E-05,42.741,0
2.8503,3.189136E-05,42.7545,0,2.8503,-2.18204E-05,42.7545,0
2.8512,1.812772E-05,42.768,0,2.8512,-1.644922E-05,42.768,0
2.8521,7.721065E-06,42.7815,0,2.8521,-1.913481E-05,42.7815,0
2.853,-6.042573E-06,42.795,0,2.853,-1.779202E-05,42.795,0
2.8539,-2.1149E-05,42.8085,0,2.8539,-1.712062E-05,42.8085,0
2.8548,-1.107805E-05,42.822,0,2.8548,1.040665E-05,42.822,0
2.8557,-1.846342E-05,42.8355,0,2.8557,1.007095E-06,42.8355,0
2.8566,1.342794E-06,42.849,0,2.8566,-3.961242E-05,42.849,0
2.8575,3.356985E-07,42.8625,0,2.8575,-1.174945E-05,42.8625,0
2.8584,-2.047761E-05,42.876,0,2.8584,-1.141375E-05,42.876,0
2.8593,-1.510643E-05,42.8895,0,2.8593,-5.740444E-05,42.8895,0
2.8602,-1.779202E-05,42.903,0,2.8602,-2.383459E-05,42.903,0
2.8611,-3.659113E-05,42.9165,0,2.8611,8.392462E-06,42.9165,0
2.862,-1.275654E-05,42.93,0,2.862,7.721065E-06,42.93,0
2.8629,-1.007095E-06,42.9435,0,2.8629,-9.063859E-06,42.9435,0
2.8638,6.378271E-06,42.957,0,2.8638,-3.121996E-05,42.957,0
2.8647,-1.712062E-05,42.9705,0,2.8647,-1.409934E-05,42.9705,0
2.8656,-1.007095E-05,42.984,0,2.8656,1.107805E-05,42.984,0
2.8665,-1.544213E-05,42.9975,0,2.8665,-2.18204E-05,42.9975,0
2.8674,1.342794E-06,43.011,0,2.8674,-4.162661E-05,43.011,0
2.8683,-3.356985E-07,43.0245,0,2.8683,1.376364E-05,43.0245,0
2.8692,-9.063859E-06,43.038,0,2.8692,4.36408E-06,43.038,0
2.8701,-1.007095E-06,43.0515,0,2.8701,-3.793393E-05,43.0515,0
2.871,6.378271E-06,43.065,0,2.871,-1.745632E-05,43.065,0
2.8719,-3.356985E-07,43.0785,0,2.8719,-3.121996E-05,43.0785,0
2.8728,-1.913481E-05,43.092,0,2.8728,-5.270466E-05,43.092,0
2.8737,-4.061952E-05,43.1055,0,2.8737,-2.21561E-05,43.1055,0
2.8746,-2.887007E-05,43.119,0,2.8746,-3.356985E-06,43.119,0
2.8755,-3.591974E-05,43.1325,0,2.8755,-4.028382E-06,43.1325,0
2.8764,-3.424125E-05,43.146,0,2.8764,-3.356985E-07,43.146,0
2.8773,-2.18204E-05,43.1595,0,2.8773,-1.174945E-05,43.1595,0
2.8782,-1.174945E-05,43.173,0,2.8782,-1.644922E-05,43.173,0
2.8791,2.081331E-05,43.1865,0,2.8791,-3.021286E-05,43.1865,0
2.88,3.054856E-05,43.2,0,2.88,-3.524834E-05,43.2,0
2.8809,2.21561E-05,43.2135,0,2.8809,-4.43122E-05,43.2135,0
2.8818,-6.042573E-06,43.227,0,2.8818,-9.399558E-06,43.227,0
2.8827,1.309224E-05,43.2405,0,2.8827,-2.349889E-05,43.2405,0
2.8836,2.014191E-05,43.254,0,2.8836,-8.123904E-05,43.254,0
2.8845,4.36408E-06,43.2675,0,2.8845,-3.424125E-05,43.2675,0
2.8854,-6.042573E-06,43.281,0,2.8854,-9.063859E-06,43.281,0
2.8863,-1.007095E-06,43.2945,0,2.8863,-2.887007E-05,43.2945,0
2.8872,-3.323415E-05,43.308,0,2.8872,-4.766919E-05,43.308,0
2.8881,-4.867628E-05,43.3215,0,2.8881,2.349889E-05,43.3215,0
2.889,-2.786297E-05,43.335,0,2.889,1.644922E-05,43.335,0
2.8899,-1.443504E-05,43.3485,0,2.8899,-1.913481E-05,43.3485,0
2.8908,2.349889E-06,43.362,0,2.8908,-1.644922E-05,43.362,0
2.8917,2.887007E-05,43.3755,0,2.8917,7.083238E-05,43.3755,0
2.8926,1.577783E-05,43.389,0,2.8926,3.927672E-05,43.389,0
2.8935,5.035477E-06,43.4025,0,2.8935,-3.155566E-05,43.4025,0
2.8944,1.913481E-05,43.416,0,2.8944,-2.719158E-05,43.416,0
2.8953,-3.356985E-07,43.4295,0,2.8953,2.349889E-06,43.4295,0
2.8962,-2.584878E-05,43.443,0,2.8962,-9.735256E-06,43.443,0
2.8971,-1.510643E-05,43.4565,0,2.8971,-4.666209E-05,43.4565,0
2.898,-3.491264E-05,43.47,0,2.898,-1.544213E-05,43.47,0
2.8989,-4.028382E-05,43.4835,0,2.8989,3.692683E-06,43.4835,0
2.8998,-4.53193E-05,43.497,0,2.8998,-1.879912E-05,43.497,0
2.9007,-4.49836E-05,43.5105,0,2.9007,-3.356985E-07,43.5105,0
2.9016,-3.524834E-05,43.524,0,2.9016,9.399558E-06,43.524,0
2.9025,5.706874E-06,43.5375,0,2.9025,-1.275654E-05,43.5375,0
2.9034,1.644922E-05,43.551,0,2.9034,-1.644922E-05,43.551,0
2.9043,9.735256E-06,43.5645,0,2.9043,-2.484169E-05,43.5645,0
2.9052,1.141375E-05,43.578,0,2.9052,-3.356985E-05,43.578,0
2.9061,-2.349889E-06,43.5915,0,2.9061,-1.812772E-05,43.5915,0
2.907,-4.095522E-05,43.605,0,2.907,-3.256275E-05,43.605,0
2.9079,-3.625543E-05,43.6185,0,2.9079,-4.229801E-05,43.6185,0
2.9088,-4.162661E-05,43.632,0,2.9088,-8.392462E-06,43.632,0
2.9097,-4.901198E-05,43.6455,0,2.9097,-2.819867E-05,43.6455,0
2.9106,-1.846342E-05,43.659,0,2.9106,-6.076142E-05,43.659,0
2.9115,-1.779202E-05,43.6725,0,2.9115,-3.155566E-05,43.6725,0
2.9124,5.807584E-05,43.686,0,2.9124,-1.745632E-05,43.686,0
2.9133,0.0001164874,43.6995,0,2.9133,-3.591974E-05,43.6995,0
2.9142,4.599069E-05,43.713,0,2.9142,-5.001907E-05,43.713,0
2.9151,1.141375E-05,43.7265,0,2.9151,-1.074235E-05,43.7265,0
2.916,1.980621E-05,43.74,0,2.916,-1.376364E-05,43.74,0
2.9169,-3.356985E-07,43.7535,0,2.9169,-2.316319E-05,43.7535,0
2.9178,1.544213E-05,43.767,0,2.9178,-3.424125E-05,43.767,0
2.9187,1.242084E-05,43.7805,0,2.9187,-1.544213E-05,43.7805,0
2.9196,-1.376364E-05,43.794,0,2.9196,3.021286E-06,43.794,0
2.9205,-5.035477E-06,43.8075,0,2.9205,-1.812772E-05,43.8075,0
2.9214,-3.021286E-06,43.821,0,2.9214,-3.793393E-05,43.821,0
2.9223,-2.383459E-05,43.8345,0,2.9223,6.378271E-06,43.8345,0
2.9232,-2.081331E-05,43.848,0,2.9232,-8.056763E-06,43.848,0
2.9241,8.056763E-06,43.8615,0,2.9241,-4.33051E-05,43.8615,0
2.925,3.356985E-06,43.875,0,2.925,-7.721065E-06,43.875,0
2.9259,-1.107805E-05,43.8885,0,2.9259,-1.678492E-06,43.8885,0
2.9268,6.042573E-06,43.902,0,2.9268,-3.323415E-05,43.902,0
2.9277,-2.719158E-05,43.9155,0,2.9277,-2.987716E-05,43.9155,0
2.9286,-4.766919E-05,43.929,0,2.9286,-5.371176E-06,43.929,0
2.9295,-2.819867E-05,43.9425,0,2.9295,-2.047761E-05,43.9425,0
2.9304,-2.316319E-05,43.956,0,2.9304,-2.517739E-05,43.956,0
2.9313,-1.174945E-05,43.9695,0,2.9313,-5.471885E-05,43.9695,0
2.9322,5.035477E-06,43.983,0,2.9322,-3.692683E-05,43.983,0
2.9331,-1.644922E-05,43.9965,0,2.9331,-2.18204E-05,43.9965,0
2.934,-2.618448E-05,44.01,0,2.934,-2.383459E-05,44.01,0
2.9349,-4.699779E-06,44.0235,0,2.9349,-2.517739E-05,44.0235,0
2.9358,-1.409934E-05,44.037,0,2.9358,2.349889E-06,44.037,0
2.9367,-1.577783E-05,44.0505,0,2.9367,-1.141375E-05,44.0505,0
2.9376,-3.021286E-06,44.064,0,2.9376,-4.834058E-05,44.064,0
2.9385,-3.692683E-06,44.0775,0,2.9385,-1.107805E-05,44.0775,0
2.9394,1.879912E-05,44.091,0,2.9394,-9.735256E-06,44.091,0
2.9403,2.584878E-05,44.1045,0,2.9403,-3.927672E-05,44.1045,0
2.9412,1.913481E-05,44.118,0,2.9412,-3.155566E-05,44.118,0
2.9421,3.356985E-07,44.1315,0,2.9421,-1.342794E-06,44.1315,0
2.943,-2.484169E-05,44.145,0,2.943,-1.510643E-05,44.145,0
2.9439,-2.18204E-05,44.1585,0,2.9439,-1.779202E-05,44.1585,0
2.9448,-6.042573E-06,44.172,0,2.9448,-4.53193E-05,44.172,0
2.9457,1.174945E-05,44.1855,0,2.9457,-1.275654E-05,44.1855,0
2.9466,2.450599E-05,44.199,0,2.9466,1.611353E-05,44.199,0
2.9475,-2.920577E-05,44.2125,0,2.9475,-2.047761E-05,44.2125,0
2.9484,-5.639734E-05,44.226,0,2.9484,-2.987716E-05,44.226,0
2.9493,-5.337606E-05,44.2395,0,2.9493,1.577783E-05,44.2395,0
2.9502,-3.121996E-05,44.253,0,2.9502,-1.678492E-06,44.253,0
2.9511,-1.644922E-05,44.2665,0,2.9511,-3.759823E-05,44.2665,0
2.952,-2.18204E-05,44.28,0,2.952,1.040665E-05,44.28,0
2.9529,-1.174945E-05,44.2935,0,2.9529,1.678492E-06,44.2935,0
2.9538,1.712062E-05,44.307,0,2.9538,-3.659113E-05,44.307,0
2.9547,-5.035477E-06,44.3205,0,2.9547,-1.443504E-05,44.3205,0
2.9556,-2.24918E-05,44.334,0,2.9556,1.107805E-05,44.334,0
2.9565,-1.947051E-05,44.3475,0,2.9565,5.035477E-06,44.3475,0
2.9574,-1.577783E-05,44.361,0,2.9574,-1.544213E-05,44.361,0
2.9583,2.349889E-06,44.3745,0,2.9583,-3.189136E-05,44.3745,0
2.9592,1.040665E-05,44.388,0,2.9592,-2.417029E-05,44.388,0
2.9601,-9.063859E-06,44.4015,0,2.9601,-5.706874E-06,44.4015,0
2.961,-1.577783E-05,44.415,0,2.961,-2.1149E-05,44.415,0
2.9619,-6.713969E-07,44.4285,0,2.9619,-5.236896E-05,44.4285,0
2.9628,2.349889E-06,44.442,0,2.9628,-1.342794E-06,44.442,0
2.9637,7.049668E-06,44.4555,0,2.9637,-1.678492E-06,44.4555,0
2.9646,1.846342E-05,44.469,0,2.9646,-4.733349E-05,44.469,0
2.9655,1.678492E-06,44.4825,0,2.9655,-1.242084E-05,44.4825,0
2.9664,1.409934E-05,44.496,0,2.9664,1.678492E-06,44.496,0
2.9673,2.920577E-05,44.5095,0,2.9673,-4.129091E-05,44.5095,0
2.9682,-9.735256E-06,44.523,0,2.9682,-6.210422E-05,44.523,0
2.9691,-3.457694E-05,44.5365,0,2.9691,-4.095522E-05,44.5365,0
2.97,-4.028382E-06,44.55,0,2.97,-7.385367E-06,44.55,0
2.9709,-1.309224E-05,44.5635,0,2.9709,-3.289845E-05,44.5635,0
2.9718,1.107805E-05,44.577,0,2.9718,-6.143282E-05,44.577,0
2.9727,8.728161E-06,44.5905,0,2.9727,-5.606165E-05,44.5905,0
2.9736,-3.491264E-05,44.604,0,2.9736,-3.491264E-05,44.604,0
2.9745,-4.196231E-05,44.6175,0,2.9745,-3.961242E-05,44.6175,0
2.9754,-2.1149E-05,44.631,0,2.9754,-2.450599E-05,44.631,0
2.9763,1.879912E-05,44.6445,0,2.9763,1.980621E-05,44.6445,0
2.9772,1.980621E-05,44.658,0,2.9772,8.728161E-06,44.658,0
2.9781,1.174945E-05,44.6715,0,2.9781,-3.591974E-05,44.6715,0
2.979,-4.36408E-06,44.685,0,2.979,-1.174945E-05,44.685,0
2.9799,1.107805E-05,44.6985,0,2.9799,2.1149E-05,44.6985,0
2.9808,-8.392462E-06,44.712,0,2.9808,-1.577783E-05,44.712,0
2.9817,-2.987716E-05,44.7255,0,2.9817,-1.745632E-05,44.7255,0
2.9826,-2.920577E-05,44.739,0,2.9826,1.342794E-06,44.739,0
2.9835,-3.189136E-05,44.7525,0,2.9835,-3.088426E-05,44.7525,0
2.9844,-1.309224E-05,44.766,0,2.9844,-4.53193E-05,44.766,0
2.9853,2.24918E-05,44.7795,0,2.9853,-3.793393E-05,44.7795,0
2.9862,3.356985E-06,44.793,0,2.9862,-2.719158E-05,44.793,0
2.9871,-1.678492E-05,44.8065,0,2.9871,8.392462E-06,44.8065,0
2.988,-1.712062E-05,44.82,0,2.988,3.860533E-05,44.82,0
2.9889,-1.712062E-05,44.8335,0,2.9889,6.042573E-06,44.8335,0
2.9898,-4.834058E-05,44.847,0,2.9898,2.450599E-05,44.847,0
2.9907,-2.719158E-05,44.8605,0,2.9907,5.001907E-05,44.8605,0
2.9916,-1.275654E-05,44.874,0,2.9916,1.644922E-05,44.874,0
2.9925,-6.378271E-06,44.8875,0,2.9925,1.443504E-05,44.8875,0
2.9934,1.913481E-05,44.901,0,2.9934,3.692683E-06,44.901,0
2.9943,2.920577E-05,44.9145,0,2.9943,-3.793393E-05,44.9145,0
2.9952,-1.678492E-05,44.928,0,2.9952,-5.270466E-05,44.928,0
2.9961,-1.779202E-05,44.9415,0,2.9961,-1.443504E-05,44.9415,0
2.997,2.383459E-05,44.955,0,2.997,-2.685588E-06,44.955,0
2.9979,-1.376364E-05,44.9685,0,2.9979,-2.819867E-05,44.9685,0
2.9988,-2.853437E-05,44.982,0,2.9988,-5.001907E-05,44.982,0
2.9997,-4.36408E-06,44.9955,0,2.9997,-2.920577E-05,44.9955,0
3.0006,1.443504E-05,45.009,0,3.0006,-1.376364E-05,45.009,0
3.0015,-8.728161E-06,45.0225,0,3.0015,-3.524834E-05,45.0225,0
3.0024,1.712062E-05,45.036,0,3.0024,-3.927672E-05,45.036,0
3.0033,8.728161E-06,45.0495,0,3.0033,-5.035477E-06,45.0495,0
3.0042,-3.356985E-07,45.063,0,3.0042,-1.443504E-05,45.063,0
3.0051,9.063859E-06,45.0765,0,3.0051,-4.43122E-05,45.0765,0
3.006,-1.644922E-05,45.09,0,3.006,-3.021286E-06,45.09,0
3.0069,-1.913481E-05,45.1035,0,3.0069,-2.014191E-06,45.1035,0
3.0078,-1.544213E-05,45.117,0,3.0078,-2.786297E-05,45.117,0
3.0087,-7.385367E-06,45.1305,0,3.0087,-2.21561E-05,45.1305,0
3.0096,-1.107805E-05,45.144,0,3.0096,-8.392462E-06,45.144,0
3.0105,4.699779E-06,45.1575,0,3.0105,-2.18204E-05,45.1575,0
3.0114,2.28275E-05,45.171,0,3.0114,-2.484169E-05,45.171,0
3.0123,-3.356985E-07,45.1845,0,3.0123,-3.524834E-05,45.1845,0
3.0132,-1.980621E-05,45.198,0,3.0132,-2.349889E-05,45.198,0
3.0141,-2.21561E-05,45.2115,0,3.0141,1.443504E-05,45.2115,0
3.015,-1.947051E-05,45.225,0,3.015,-3.189136E-05,45.225,0
3.0159,-1.208515E-05,45.2385,0,3.0159,-4.33051E-05,45.2385,0
3.0168,-1.174945E-05,45.252,0,3.0168,1.007095E-06,45.252,0
3.0177,2.685588E-06,45.2655,0,3.0177,-4.028382E-06,45.2655,0
3.0186,-1.007095E-06,45.279,0,3.0186,-3.659113E-05,45.279,0
3.0195,-2.719158E-05,45.2925,0,3.0195,-1.275654E-05,45.2925,0
3.0204,1.678492E-06,45.306,0,3.0204,-1.812772E-05,45.306,0
3.0213,-1.007095E-06,45.3195,0,3.0213,-5.908293E-05,45.3195,0
3.0222,-4.36408E-06,45.333,0,3.0222,-5.304036E-05,45.333,0
3.0231,-2.047761E-05,45.3465,0,3.0231,-6.713969E-06,45.3465,0
3.024,-2.047761E-05,45.36,0,3.024,-2.551309E-05,45.36,0
3.0249,-1.745632E-05,45.3735,0,3.0249,-2.920577E-05,45.3735,0
3.0258,-7.049668E-06,45.387,0,3.0258,-2.517739E-05,45.387,0
3.0267,-1.980621E-05,45.4005,0,3.0267,-1.242084E-05,45.4005,0
3.0276,-1.544213E-05,45.414,0,3.0276,-1.208515E-05,45.414,0
3.0285,-3.021286E-06,45.4275,0,3.0285,-3.356985E-07,45.4275,0
3.0294,5.035477E-06,45.441,0,3.0294,-3.659113E-05,45.441,0
3.0303,-1.174945E-05,45.4545,0,3.0303,-1.644922E-05,45.4545,0
3.0312,1.577783E-05,45.468,0,3.0312,-2.652018E-05,45.468,0
3.0321,4.263371E-05,45.4815,0,3.0321,-4.36408E-05,45.4815,0
3.033,9.735256E-06,45.495,0,3.033,2.752728E-05,45.495,0
3.0339,-1.409934E-05,45.5085,0,3.0339,0,45.5085,0
3.0348,-2.014191E-06,45.522,0,3.0348,-5.539025E-05,45.522,0
3.0357,-1.846342E-05,45.5355,0,3.0357,-3.323415E-05,45.5355,0
3.0366,-2.18204E-05,45.549,0,3.0366,-1.443504E-05,45.549,0
3.0375,-1.141375E-05,45.5625,0,3.0375,-7.049668E-06,45.5625,0
3.0384,-2.853437E-05,45.576,0,3.0384,-1.980621E-05,45.576,0
3.0393,-1.947051E-05,45.5895,0,3.0393,-5.136187E-05,45.5895,0
3.0402,-2.047761E-05,45.603,0,3.0402,-1.242084E-05,45.603,0
3.0411,-3.457694E-05,45.6165,0,3.0411,1.007095E-05,45.6165,0
3.042,-2.987716E-05,45.63,0,3.042,-9.735256E-06,45.63,0
3.0429,-2.685588E-06,45.6435,0,3.0429,-3.457694E-05,45.6435,0
3.0438,-1.007095E-06,45.657,0,3.0438,3.356985E-06,45.657,0
3.0447,5.706874E-06,45.6705,0,3.0447,-8.392462E-06,45.6705,0
3.0456,2.517739E-05,45.684,0,3.0456,-5.740444E-05,45.684,0
3.0465,1.712062E-05,45.6975,0,3.0465,-1.644922E-05,45.6975,0
3.0474,2.349889E-06,45.711,0,3.0474,-1.141375E-05,45.711,0
3.0483,1.007095E-06,45.7245,0,3.0483,-3.591974E-05,45.7245,0
3.0492,2.618448E-05,45.738,0,3.0492,-4.061952E-05,45.738,0
3.0501,-9.735256E-06,45.7515,0,3.0501,1.342794E-06,45.7515,0
3.051,-6.378271E-06,45.765,0,3.051,-2.14847E-05,45.765,0
3.0519,-1.544213E-05,45.7785,0,3.0519,-2.18204E-05,45.7785,0
3.0528,-2.584878E-05,45.792,0,3.0528,-3.826963E-05,45.792,0
3.0537,-2.383459E-05,45.8055,0,3.0537,-1.342794E-05,45.8055,0
3.0546,-2.786297E-05,45.819,0,3.0546,-4.36408E-06,45.819,0
3.0555,1.141375E-05,45.8325,0,3.0555,-2.853437E-05,45.8325,0
3.0564,1.107805E-05,45.846,0,3.0564,-4.196231E-05,45.846,0
3.0573,1.443504E-05,45.8595,0,3.0573,-1.678492E-06,45.8595,0
3.0582,2.349889E-06,45.873,0,3.0582,-2.920577E-05,45.873,0
3.0591,-1.242084E-05,45.8865,0,3.0591,-5.203327E-05,45.8865,0
3.06,-3.726253E-05,45.9,0,3.06,-3.692683E-06,45.9,0
3.0609,-1.174945E-05,45.9135,0,3.0609,2.014191E-05,45.9135,0
3.0618,1.174945E-05,45.927,0,3.0618,1.342794E-06,45.927,0
3.0627,7.721065E-06,45.9405,0,3.0627,-2.18204E-05,45.9405,0
3.0636,-1.040665E-05,45.954,0,3.0636,-7.049668E-06,45.954,0
3.0645,-1.947051E-05,45.9675,0,3.0645,-3.356985E-07,45.9675,0
3.0654,-7.385367E-06,45.981,0,3.0654,-1.242084E-05,45.981,0
3.0663,-1.242084E-05,45.9945,0,3.0663,-3.021286E-05,45.9945,0
3.0672,-1.443504E-05,46.008,0,3.0672,-1.644922E-05,46.008,0
3.0681,-5.505455E-05,46.0215,0,3.0681,8.728161E-06,46.0215,0
3.069,-5.001907E-05,46.035,0,3.069,-9.735256E-06,46.035,0
3.0699,-1.812772E-05,46.0485,0,3.0699,-3.726253E-05,46.0485,0
3.0708,-5.203327E-05,46.062,0,3.0708,3.021286E-06,46.062,0
3.0717,-5.136187E-05,46.0755,0,3.0717,-2.685588E-06,46.0755,0
3.0726,9.735256E-06,46.089,0,3.0726,-4.162661E-05,46.089,0
3.0735,4.36408E-06,46.1025,0,3.0735,-4.699779E-06,46.1025,0
3.0744,3.356985E-05,46.116,0,3.0744,0,46.116,0
3.0753,3.491264E-05,46.1295,0,3.0753,-4.129091E-05,46.1295,0
3.0762,-1.007095E-06,46.143,0,3.0762,-2.786297E-05,46.143,0
3.0771,-2.349889E-06,46.1565,0,3.0771,1.678492E-06,46.1565,0
3.078,3.356985E-07,46.17,0,3.078,-1.007095E-06,46.17,0
3.0789,1.141375E-05,46.1835,0,3.0789,-1.712062E-05,46.1835,0
3.0798,1.577783E-05,46.197,0,3.0798,-1.980621E-05,46.197,0
3.0807,5.606165E-05,46.2105,0,3.0807,-1.678492E-06,46.2105,0
3.0816,3.659113E-05,46.224,0,3.0816,6.713969E-07,46.224,0
3.0825,5.035477E-06,46.2375,0,3.0825,-4.028382E-05,46.2375,0
3.0834,3.356985E-07,46.251,0,3.0834,-5.337606E-05,46.251,0
3.0843,2.349889E-06,46.2645,0,3.0843,-1.208515E-05,46.2645,0
3.0852,3.021286E-06,46.278,0,3.0852,-1.678492E-05,46.278,0
3.0861,1.342794E-06,46.2915,0,3.0861,-4.162661E-05,46.2915,0
3.087,-1.107805E-05,46.305,0,3.087,-2.484169E-05,46.305,0
3.0879,-1.577783E-05,46.3185,0,3.0879,-2.517739E-05,46.3185,0
3.0888,-5.706874E-06,46.332,0,3.0888,-2.652018E-05,46.332,0
3.0897,-2.18204E-05,46.3455,0,3.0897,-1.309224E-05,46.3455,0
3.0906,-4.49836E-05,46.359,0,3.0906,-1.107805E-05,46.359,0
3.0915,-4.766919E-05,46.3725,0,3.0915,-5.706874E-06,46.3725,0
3.0924,-2.21561E-05,46.386,0,3.0924,-1.242084E-05,46.386,0
3.0933,5.035477E-06,46.3995,0,3.0933,-7.418937E-05,46.3995,0
3.0942,1.007095E-05,46.413,0,3.0942,-7.183947E-05,46.413,0
3.0951,1.913481E-05,46.4265,0,3.0951,-6.109713E-05,46.4265,0
3.096,1.275654E-05,46.44,0,3.096,-6.78111E-05,46.44,0
3.0969,1.007095E-05,46.4535,0,3.0969,-2.24918E-05,46.4535,0
3.0978,-7.721065E-06,46.467,0,3.0978,8.82887E-05,46.467,0
3.0987,-2.652018E-05,46.4805,0,3.0987,6.277562E-05,46.4805,0
3.0996,-2.383459E-05,46.494,0,3.0996,-1.712062E-05,46.494,0
3.1005,-2.316319E-05,46.5075,0,3.1005,1.040665E-05,46.5075,0
3.1014,-3.054856E-05,46.521,0,3.1014,2.517739E-05,46.521,0
3.1023,-7.049668E-06,46.5345,0,3.1023,-8.392462E-06,46.5345,0
3.1032,-4.061952E-05,46.548,0,3.1032,-9.399558E-06,46.548,0
3.1041,-4.934768E-05,46.5615,0,3.1041,1.107805E-05,46.5615,0
3.105,0,46.575,0,3.105,0,46.575,0
3.1059,0,46.5885,0,3.1059,0,46.5885,0
3.1068,0,46.602,0,3.1068,0,46.602,0
3.1077,0,46.6155,0,3.1077,0,46.6155,0
3.1086,0,46.629,0,3.1086,0,46.629,0
3.1095,0,46.6425,0,3.1095,0,46.6425,0
3.1104,0,46.656,0,3.1104,0,46.656,0
3.1113,0,46.6695,0,3.1113,0,46.6695,0
3.1122,0,46.683,0,3.1122,0,46.683,0
3.1131,0,46.6965,0,3.1131,0,46.6965,0
3.114,0,46.71,0,3.114,0,46.71,0
3.1149,0,46.7235,0,3.1149,0,46.7235,0
3.1158,0,46.737,0,3.1158,0,46.737,0
3.1167,0,46.7505,0,3.1167,0,46.7505,0
3.1176,0,46.764,0,3.1176,0,46.764,0
3.1185,0,46.7775,0,3.1185,0,46.7775,0
3.1194,0,46.791,0,3.1194,0,46.791,0
3.1203,0,46.8045,0,3.1203,0,46.8045,0
3.1212,0,46.818,0,3.1212,0,46.818,0
3.1221,0,46.8315,0,3.1221,0,46.8315,0
3.123,0,46.845,0,3.123,0,46.845,0
3.1239,0,46.8585,0,3.1239,0,46.8585,0
3.1248,0,46.872,0,3.1248,0,46.872,0
3.1257,0,46.8855,0,3.1257,0,46.8855,0
3.1266,0,46.899,0,3.1266,0,46.899,0
3.1275,0,46.9125,0,3.1275,0,46.9125,0
3.1284,0,46.926,0,3.1284,0,46.926,0
3.1293,0,46.9395,0,3.1293,0,46.9395,0
3.1302,0,46.953,0,3.1302,0,46.953,0
3.1311,0,46.9665,0,3.1311,0,46.9665,0
3.132,0,46.98,0,3.132,0,46.98,0
3.1329,0,46.9935,0,3.1329,0,46.9935,0
3.1338,0,47.007,0,3.1338,0,47.007,0
3.1347,0,47.0205,0,3.1347,0,47.0205,0
3.1356,0,47.034,0,3.1356,0,47.034,0
3.1365,0,47.0475,0,3.1365,0,47.0475,0
3.1374,0,47.061,0,3.1374,0,47.061,0
3.1383,0,47.0745,0,3.1383,0,47.0745,0
3.1392,0,47.088,0,3.1392,0,47.088,0
3.1401,0,47.1015,0,3.1401,0,47.1015,0
3.141,0,47.115,0,3.141,0,47.115,0
3.1419,0,47.1285,0,3.1419,0,47.1285,0
3.1428,0,47.142,0,3.1428,0,47.142,0
3.1437,0,47.1555,0,3.1437,0,47.1555,0
3.1446,0,47.169,0,3.1446,0,47.169,0
3.1455,0,47.1825,0,3.1455,0,47.1825,0
3.1464,0,47.196,0,3.1464,0,47.196,0
3.1473,0,47.2095,0,3.1473,0,47.2095,0
3.1482,0,47.223,0,3.1482,0,47.223,0
3.1491,0,47.2365,0,3.1491,0,47.2365,0
3.15,0,47.25,0,3.15,0,47.25,0
3.1509,0,47.2635,0,3.1509,0,47.2635,0
3.1518,0,47.277,0,3.1518,0,47.277,0
3.1527,0,47.2905,0,3.1527,0,47.2905,0
3.1536,0,47.304,0,3.1536,0,47.304,0
3.1545,0,47.3175,0,3.1545,0,47.3175,0
3.1554,0,47.331,0,3.1554,0,47.331,0
3.1563,0,47.3445,0,3.1563,0,47.3445,0
3.1572,0,47.358,0,3.1572,0,47.358,0
3.1581,0,47.3715,0,3.1581,0,47.3715,0
3.159,0,47.385,0,3.159,0,47.385,0
3.1599,0,47.3985,0,3.1599,0,47.3985,0
3.1608,0,47.412,0,3.1608,0,47.412,0
3.1617,0,47.4255,0,3.1617,0,47.4255,0
3.1626,0,47.439,0,3.1626,0,47.439,0
3.1635,0,47.4525,0,3.1635,0,47.4525,0
3.1644,0,47.466,0,3.1644,0,47.466,0
3.1653,0,47.4795,0,3.1653,0,47.4795,0
3.1662,0,47.493,0,3.1662,0,47.493,0
3.1671,0,47.5065,0,3.1671,0,47.5065,0
3.168,0,47.52,0,3.168,0,47.52,0
3.1689,0,47.5335,0,3.1689,0,47.5335,0
3.1698,0,47.547,0,3.1698,0,47.547,0
3.1707,0,47.5605,0,3.1707,0,47.5605,0
3.1716,0,47.574,0,3.1716,0,47.574,0
3.1725,0,47.5875,0,3.1725,0,47.5875,0
3.1734,0,47.601,0,3.1734,0,47.601,0
3.1743,0,47.6145,0,3.1743,0,47.6145,0
3.1752,0,47.628,0,3.1752,0,47.628,0
3.1761,0,47.6415,0,3.1761,0,47.6415,0
3.177,0,47.655,0,3.177,0,47.655,0
3.1779,0,47.6685,0,3.1779,0,47.6685,0
3.1788,0,47.682,0,3.1788,0,47.682,0
3.1797,0,47.6955,0,3.1797,0,47.6955,0
3.1806,0,47.709,0,3.1806,0,47.709,0
3.1815,0,47.7225,0,3.1815,0,47.7225,0
3.1824,0,47.736,0,3.1824,0,47.736,0
3.1833,0,47.7495,0,3.1833,0,47.7495,0
3.1842,0,47.763,0,3.1842,0,47.763,0
3.1851,0,47.7765,0,3.1851,0,47.7765,0
3.186,0,47.79,0,3.186,0,47.79,0
3.1869,0,47.8035,0,3.1869,0,47.8035,0
3.1878,0,47.817,0,3.1878,0,47.817,0
3.1887,0,47.8305,0,3.1887,0,47.8305,0
3.1896,0,47.844,0,3.1896,0,47.844,0
3.1905,0,47.8575,0,3.1905,0,47.8575,0
3.1914,0,47.871,0,3.1914,0,47.871,0
3.1923,0,47.8845,0,3.1923,0,47.8845,0
3.1932,0,47.898,0,3.1932,0,47.898,0
3.1941,0,47.9115,0,3.1941,0,47.9115,0
3.195,0,47.925,0,3.195,0,47.925,0
3.1959,0,47.9385,0,3.1959,0,47.9385,0
3.1968,0,47.952,0,3.1968,0,47.952,0
3.1977,0,47.9655,0,3.1977,0,47.9655,0
3.1986,0,47.979,0,3.1986,0,47.979,0
3.1995,0,47.9925,0,3.1995,0,47.9925,0
3.2004,0,48.006,0,3.2004,0,48.006,0
3.2013,0,48.0195,0,3.2013,0,48.0195,0
3.2022,0,48.033,0,3.2022,0,48.033,0
3.2031,0,48.0465,0,3.2031,0,48.0465,0
3.204,0,48.06,0,3.204,0,48.06,0
3.2049,0,48.0735,0,3.2049,0,48.0735,0
3.2058,0,48.087,0,3.2058,0,48.087,0
3.2067,0,48.1005,0,3.2067,0,48.1005,0
3.2076,0,48.114,0,3.2076,0,48.114,0
3.2085,0,48.1275,0,3.2085,0,48.1275,0
3.2094,0,48.141,0,3.2094,0,48.141,0
3.2103,0,48.1545,0,3.2103,0,48.1545,0
3.2112,0,48.168,0,3.2112,0,48.168,0
3.2121,0,48.1815,0,3.2121,0,48.1815,0
3.213,0,48.195,0,3.213,0,48.195,0
3.2139,0,48.2085,0,3.2139,0,48.2085,0
3.2148,0,48.222,0,3.2148,0,48.222,0
3.2157,0,48.2355,0,3.2157,0,48.2355,0
3.2166,0,48.249,0,3.2166,0,48.249,0
3.2175,0,48.2625,0,3.2175,0,48.2625,0
3.2184,0,48.276,0,3.2184,0,48.276,0
3.2193,0,48.2895,0,3.2193,0,48.2895,0
3.2202,0,48.303,0,3.2202,0,48.303,0
3.2211,0,48.3165,0,3.2211,0,48.3165,0
3.222,0,48.33,0,3.222,0,48.33,0
3.2229,0,48.3435,0,3.2229,0,48.3435,0
3.2238,0,48.357,0,3.2238,0,48.357,0
3.2247,0,48.3705,0,3.2247,0,48.3705,0
3.2256,0,48.384,0,3.2256,0,48.384,0
3.2265,0,48.3975,0,3.2265,0,48.3975,0
3.2274,0,48.411,0,3.2274,0,48.411,0
3.2283,0,48.4245,0,3.2283,0,48.4245,0
3.2292,0,48.438,0,3.2292,0,48.438,0
3.2301,0,48.4515,0,3.2301,0,48.4515,0
3.231,0,48.465,0,3.231,0,48.465,0
3.2319,0,48.4785,0,3.2319,0,48.4785,0
3.2328,0,48.492,0,3.2328,0,48.492,0
3.2337,0,48.5055,0,3.2337,0,48.5055,0
3.2346,0,48.519,0,3.2346,0,48.519,0
3.2355,0,48.5325,0,3.2355,0,48.5325,0
3.2364,0,48.546,0,3.2364,0,48.546,0
3.2373,0,48.5595,0,3.2373,0,48.5595,0
3.2382,0,48.573,0,3.2382,0,48.573,0
3.2391,0,48.5865,0,3.2391,0,48.5865,0
3.24,0,48.6,0,3.24,0,48.6,0
3.2409,0,48.6135,0,3.2409,0,48.6135,0
3.2418,0,48.627,0,3.2418,0,48.627,0
3.2427,0,48.6405,0,3.2427,0,48.6405,0
3.2436,0,48.654,0,3.2436,0,48.654,0
3.2445,0,48.6675,0,3.2445,0,48.6675,0
3.2454,0,48.681,0,3.2454,0,48.681,0
3.2463,0,48.6945,0,3.2463,0,48.6945,0
3.2472,0,48.708,0,3.2472,0,48.708,0
3.2481,0,48.7215,0,3.2481,0,48.7215,0
3.249,0,48.735,0,3.249,0,48.735,0
3.2499,0,48.7485,0,3.2499,0,48.7485,0
3.2508,0,48.762,0,3.2508,0,48.762,0
3.2517,0,48.7755,0,3.2517,0,48.7755,0
3.2526,0,48.789,0,3.2526,0,48.789,0
3.2535,0,48.8025,0,3.2535,0,48.8025,0
3.2544,0,48.816,0,3.2544,0,48.816,0
3.2553,0,48.8295,0,3.2553,0,48.8295,0
3.2562,0,48.843,0,3.2562,0,48.843,0
3.2571,0,48.8565,0,3.2571,0,48.8565,0
3.258,0,48.87,0,3.258,0,48.87,0
3.2589,0,48.8835,0,3.2589,0,48.8835,0
3.2598,0,48.897,0,3.2598,0,48.897,0
3.2607,0,48.9105,0,3.2607,0,48.9105,0
3.2616,0,48.924,0,3.2616,0,48.924,0
3.2625,0,48.9375,0,3.2625,0,48.9375,0
3.2634,0,48.951,0,3.2634,0,48.951,0
3.2643,0,48.9645,0,3.2643,0,48.9645,0
3.2652,0,48.978,0,3.2652,0,48.978,0
3.2661,0,48.9915,0,3.2661,0,48.9915,0
3.267,0,49.005,0,3.267,0,49.005,0
3.2679,0,49.0185,0,3.2679,0,49.0185,0
3.2688,0,49.032,0,3.2688,0,49.032,0
3.2697,0,49.0455,0,3.2697,0,49.0455,0
3.2706,0,49.059,0,3.2706,0,49.059,0
3.2715,0,49.0725,0,3.2715,0,49.0725,0
3.2724,0,49.086,0,3.2724,0,49.086,0
3.2733,0,49.0995,0,3.2733,0,49.0995,0
3.2742,0,49.113,0,3.2742,0,49.113,0
3.2751,0,49.1265,0,3.2751,0,49.1265,0
3.276,0,49.14,0,3.276,0,49.14,0
3.2769,0,49.1535,0,3.2769,0,49.1535,0
3.2778,0,49.167,0,3.2778,0,49.167,0
3.2787,0,49.1805,0,3.2787,0,49.1805,0
3.2796,0,49.194,0,3.2796,0,49.194,0
3.2805,0,49.2075,0,3.2805,0,49.2075,0
3.2814,0,49.221,0,3.2814,0,49.221,0
3.2823,0,49.2345,0,3.2823,0,49.2345,0
3.2832,0,49.248,0,3.2832,0,49.248,0
3.2841,0,49.2615,0,3.2841,0,49.2615,0
3.285,0,49.275,0,3.285,0,49.275,0
3.2859,0,49.2885,0,3.2859,0,49.2885,0
3.2868,0,49.302,0,3.2868,0,49.302,0
3.2877,0,49.3155,0,3.2877,0,49.3155,0
3.2886,0,49.329,0,3.2886,0,49.329,0
3.2895,0,49.3425,0,3.2895,0,49.3425,0
3.2904,0,49.356,0,3.2904,0,49.356,0
3.2913,0,49.3695,0,3.2913,0,49.3695,0
3.2922,0,49.383,0,3.2922,0,49.383,0
3.2931,0,49.3965,0,3.2931,0,49.3965,0
3.294,0,49.41,0,3.294,0,49.41,0
3.2949,0,49.4235,0,3.2949,0,49.4235,0
3.2958,0,49.437,0,3.2958,0,49.437,0
3.2967,0,49.4505,0,3.2967,0,49.4505,0
3.2976,0,49.464,0,3.2976,0,49.464,0
3.2985,0,49.4775,0,3.2985,0,49.4775,0
3.2994,0,49.491,0,3.2994,0,49.491,0
3.3003,0,49.5045,0,3.3003,0,49.5045,0
3.3012,0,49.518,0,3.3012,0,49.518,0
3.3021,0,49.5315,0,3.3021,0,49.5315,0
3.303,0,49.545,0,3.303,0,49.545,0
3.3039,0,49.5585,0,3.3039,0,49.5585,0
3.3048,0,49.572,0,3.3048,0,49.572,0
3.3057,0,49.5855,0,3.3057,0,49.5855,0
3.3066,0,49.599,0,3.3066,0,49.599,0
3.3075,0,49.6125,0,3.3075,0,49.6125,0
3.3084,0,49.626,0,3.3084,0,49.626,0
3.3093,0,49.6395,0,3.3093,0,49.6395,0
3.3102,0,49.653,0,3.3102,0,49.653,0
3.3111,0,49.6665,0,3.3111,0,49.6665,0
3.312,0,49.68,0,3.312,0,49.68,0
3.3129,0,49.6935,0,3.3129,0,49.6935,0
3.3138,0,49.707,0,3.3138,0,49.707,0
3.3147,0,49.7205,0,3.3147,0,49.7205,0
3.3156,0,49.734,0,3.3156,0,49.734,0
3.3165,0,49.7475,0,3.3165,0,49.7475,0
3.3174,0,49.761,0,3.3174,0,49.761,0
3.3183,0,49.7745,0,3.3183,0,49.7745,0
3.3192,0,49.788,0,3.3192,0,49.788,0
3.3201,0,49.8015,0,3.3201,0,49.8015,0
3.321,0,49.815,0,3.321,0,49.815,0
3.3219,0,49.8285,0,3.3219,0,49.8285,0
3.3228,0,49.842,0,3.3228,0,49.842,0
3.3237,0,49.8555,0,3.3237,0,49.8555,0
3.3246,0,49.869,0,3.3246,0,49.869,0
3.3255,0,49.8825,0,3.3255,0,49.8825,0
3.3264,0,49.896,0,3.3264,0,49.896,0
3.3273,0,49.9095,0,3.3273,0,49.9095,0
3.3282,0,49.923,0,3.3282,0,49.923,0
3.3291,0,49.9365,0,3.3291,0,49.9365,0
3.33,0,49.95,0,3.33,0,49.95,0
3.3309,0,49.9635,0,3.3309,0,49.9635,0
3.3318,0,49.977,0,3.3318,0,49.977,0
3.3327,0,49.9905,0,3.3327,0,49.9905,0
3.3336,0,50.004,0,3.3336,0,50.004,0
3.3345,0,50.0175,0,3.3345,0,50.0175,0
3.3354,0,50.031,0,3.3354,0,50.031,0
3.3363,0,50.0445,0,3.3363,0,50.0445,0
3.3372,0,50.058,0,3.3372,0,50.058,0
3.3381,0,50.0715,0,3.3381,0,50.0715,0
3.339,0,50.085,0,3.339,0,50.085,0
3.3399,0,50.0985,0,3.3399,0,50.0985,0
3.3408,0,50.112,0,3.3408,0,50.112,0
3.3417,0,50.1255,0,3.3417,0,50.1255,0
3.3426,0,50.139,0,3.3426,0,50.139,0
3.3435,0,50.1525,0,3.3435,0,50.1525,0
3.3444,0,50.166,0,3.3444,0,50.166,0
3.3453,0,50.1795,0,3.3453,0,50.1795,0
3.3462,0,50.193,0,3.3462,0,50.193,0
3.3471,0,50.2065,0,3.3471,0,50.2065,0
3.348,0,50.22,0,3.348,0,50.22,0
3.3489,0,50.2335,0,3.3489,0,50.2335,0
3.3498,0,50.247,0,3.3498,0,50.247,0
3.3507,0,50.2605,0,3.3507,0,50.2605,0
3.3516,0,50.274,0,3.3516,0,50.274,0
3.3525,0,50.2875,0,3.3525,0,50.2875,0
3.3534,0,50.301,0,3.3534,0,50.301,0
3.3543,0,50.3145,0,3.3543,0,50.3145,0
3.3552,0,50.328,0,3.3552,0,50.328,0
3.3561,0,50.3415,0,3.3561,0,50.3415,0
3.357,0,50.355,0,3.357,0,50.355,0
3.3579,0,50.3685,0,3.3579,0,50.3685,0
3.3588,0,50.382,0,3.3588,0,50.382,0
3.3597,0,50.3955,0,3.3597,0,50.3955,0
3.3606,0,50.409,0,3.3606,0,50.409,0
3.3615,0,50.4225,0,3.3615,0,50.4225,0
3.3624,0,50.436,0,3.3624,0,50.436,0
3.3633,0,50.4495,0,3.3633,0,50.4495,0
3.3642,0,50.463,0,3.3642,0,50.463,0
3.3651,0,50.4765,0,3.3651,0,50.4765,0
3.366,0,50.49,0,3.366,0,50.49,0
3.3669,0,50.5035,0,3.3669,0,50.5035,0
3.3678,0,50.517,0,3.3678,0,50.517,0
3.3687,0,50.5305,0,3.3687,0,50.5305,0
3.3696,0,50.544,0,3.3696,0,50.544,0
3.3705,0,50.5575,0,3.3705,0,50.5575,0
3.3714,0,50.571,0,3.3714,0,50.571,0
3.3723,0,50.5845,0,3.3723,0,50.5845,0
3.3732,0,50.598,0,3.3732,0,50.598,0
3.3741,0,50.6115,0,3.3741,0,50.6115,0
3.375,0,50.625,0,3.375,0,50.625,0
3.3759,0,50.6385,0,3.3759,0,50.6385,0
3.3768,0,50.652,0,3.3768,0,50.652,0
3.3777,0,50.6655,0,3.3777,0,50.6655,0
3.3786,0,50.679,0,3.3786,0,50.679,0
3.3795,0,50.6925,0,3.3795,0,50.6925,0
3.3804,0,50.706,0,3.3804,0,50.706,0
3.3813,0,50.7195,0,3.3813,0,50.7195,0
3.3822,0,50.733,0,3.3822,0,50.733,0
3.3831,0,50.7465,0,3.3831,0,50.7465,0
3.384,0,50.76,0,3.384,0,50.76,0
3.3849,0,50.7735,0,3.3849,0,50.7735,0
3.3858,0,50.787,0,3.3858,0,50.787,0
3.3867,0,50.8005,0,3.3867,0,50.8005,0
3.3876,0,50.814,0,3.3876,0,50.814,0
3.3885,0,50.8275,0,3.3885,0,50.8275,0
3.3894,0,50.841,0,3.3894,0,50.841,0
3.3903,0,50.8545,0,3.3903,0,50.8545,0
3.3912,0,50.868,0,3.3912,0,50.868,0
3.3921,0,50.8815,0,3.3921,0,50.8815,0
3.393,0,50.895,0,3.393,0,50.895,0
3.3939,0,50.9085,0,3.3939,0,50.9085,0
3.3948,0,50.922,0,3.3948,0,50.922,0
3.3957,0,50.9355,0,3.3957,0,50.9355,0
3.3966,0,50.949,0,3.3966,0,50.949,0
3.3975,0,50.9625,0,3.3975,0,50.9625,0
3.3984,0,50.976,0,3.3984,0,50.976,0
3.3993,0,50.9895,0,3.3993,0,50.9895,0
3.4002,0,51.003,0,3.4002,0,51.003,0
3.4011,0,51.0165,0,3.4011,0,51.0165,0
3.402,0,51.03,0,3.402,0,51.03,0
3.4029,0,51.0435,0,3.4029,0,51.0435,0
3.4038,0,51.057,0,3.4038,0,51.057,0
3.4047,0,51.0705,0,3.4047,0,51.0705,0
3.4056,0,51.084,0,3.4056,0,51.084,0
3.4065,0,51.0975,0,3.4065,0,51.0975,0
3.4074,0,51.111,0,3.4074,0,51.111,0
3.4083,0,51.1245,0,3.4083,0,51.1245,0
3.4092,0,51.138,0,3.4092,0,51.138,0
3.4101,0,51.1515,0,3.4101,0,51.1515,0
3.411,0,51.165,0,3.411,0,51.165,0
3.4119,0,51.1785,0,3.4119,0,51.1785,0
3.4128,0,51.192,0,3.4128,0,51.192,0
3.4137,0,51.2055,0,3.4137,0,51.2055,0
3.4146,0,51.219,0,3.4146,0,51.219,0
3.4155,0,51.2325,0,3.4155,0,51.2325,0
3.4164,0,51.246,0,3.4164,0,51.246,0
3.4173,0,51.2595,0,3.4173,0,51.2595,0
3.4182,0,51.273,0,3.4182,0,51.273,0
3.4191,0,51.2865,0,3.4191,0,51.2865,0
3.42,0,51.3,0,3.42,0,51.3,0
3.4209,0,51.3135,0,3.4209,0,51.3135,0
3.4218,0,51.327,0,3.4218,0,51.327,0
3.4227,0,51.3405,0,3.4227,0,51.3405,0
3.4236,0,51.354,0,3.4236,0,51.354,0
3.4245,0,51.3675,0,3.4245,0,51.3675,0
3.4254,0,51.381,0,3.4254,0,51.381,0
3.4263,0,51.3945,0,3.4263,0,51.3945,0
3.4272,0,51.408,0,3.4272,0,51.408,0
3.4281,0,51.4215,0,3.4281,0,51.4215,0
3.429,0,51.435,0,3.429,0,51.435,0
3.4299,0,51.4485,0,3.4299,0,51.4485,0
3.4308,0,51.462,0,3.4308,0,51.462,0
3.4317,0,51.4755,0,3.4317,0,51.4755,0
3.4326,0,51.489,0,3.4326,0,51.489,0
3.4335,0,51.5025,0,3.4335,0,51.5025,0
3.4344,0,51.516,0,3.4344,0,51.516,0
3.4353,0,51.5295,0,3.4353,0,51.5295,0
3.4362,0,51.543,0,3.4362,0,51.543,0
3.4371,0,51.5565,0,3.4371,0,51.5565,0
3.438,0,51.57,0,3.438,0,51.57,0
3.4389,0,51.5835,0,3.4389,0,51.5835,0
3.4398,0,51.597,0,3.4398,0,51.597,0
3.4407,0,51.6105,0,3.4407,0,51.6105,0
3.4416,0,51.624,0,3.4416,0,51.624,0
3.4425,0,51.6375,0,3.4425,0,51.6375,0
3.4434,0,51.651,0,3.4434,0,51.651,0
3.4443,0,51.6645,0,3.4443,0,51.6645,0
3.4452,0,51.678,0,3.4452,0,51.678,0
3.4461,0,51.6915,0,3.4461,0,51.6915,0
3.447,0,51.705,0,3.447,0,51.705,0
3.4479,0,51.7185,0,3.4479,0,51.7185,0
3.4488,0,51.732,0,3.4488,0,51.732,0
3.4497,0,51.7455,0,3.4497,0,51.7455,0
3.4506,0,51.759,0,3.4506,0,51.759,0
3.4515,0,51.7725,0,3.4515,0,51.7725,0
3.4524,0,51.786,0,3.4524,0,51.786,0
3.4533,0,51.7995,0,3.4533,0,51.7995,0
3.4542,0,51.813,0,3.4542,0,51.813,0
3.4551,0,51.8265,0,3.4551,0,51.8265,0
3.456,0,51.84,0,3.456,0,51.84,0
3.4569,0,51.8535,0,3.4569,0,51.8535,0
3.4578,0,51.867,0,3.4578,0,51.867,0
3.4587,0,51.8805,0,3.4587,0,51.8805,0
3.4596,0,51.894,0,3.4596,0,51.894,0
3.4605,0,51.9075,0,3.4605,0,51.9075,0
3.4614,0,51.921,0,3.4614,0,51.921,0
3.4623,0,51.9345,0,3.4623,0,51.9345,0
3.4632,0,51.948,0,3.4632,0,51.948,0
3.4641,0,51.9615,0,3.4641,0,51.9615,0
3.465,0,51.975,0,3.465,0,51.975,0
3.4659,0,51.9885,0,3.4659,0,51.9885,0
3.4668,0,52.002,0,3.4668,0,52.002,0
3.4677,0,52.0155,0,3.4677,0,52.0155,0
3.4686,0,52.029,0,3.4686,0,52.029,0
3.4695,0,52.0425,0,3.4695,0,52.0425,0
3.4704,0,52.056,0,3.4704,0,52.056,0
3.4713,0,52.0695,0,3.4713,0,52.0695,0
3.4722,0,52.083,0,3.4722,0,52.083,0
3.4731,0,52.0965,0,3.4731,0,52.0965,0
3.474,0,52.11,0,3.474,0,52.11,0
3.4749,0,52.1235,0,3.4749,0,52.1235,0
3.4758,0,52.137,0,3.4758,0,52.137,0
3.4767,0,52.1505,0,3.4767,0,52.1505,0
3.4776,0,52.164,0,3.4776,0,52.164,0
3.4785,0,52.1775,0,3.4785,0,52.1775,0
3.4794,0,52.191,0,3.4794,0,52.191,0
3.4803,0,52.2045,0,3.4803,0,52.2045,0
3.4812,0,52.218,0,3.4812,0,52.218,0
3.4821,0,52.2315,0,3.4821,0,52.2315,0
3.483,0,52.245,0,3.483,0,52.245,0
3.4839,0,52.2585,0,3.4839,0,52.2585,0
3.4848,0,52.272,0,3.4848,0,52.272,0
3.4857,0,52.2855,0,3.4857,0,52.2855,0
3.4866,0,52.299,0,3.4866,0,52.299,0
3.4875,0,52.3125,0,3.4875,0,52.3125,0
3.4884,0,52.326,0,3.4884,0,52.326,0
3.4893,0,52.3395,0,3.4893,0,52.3395,0
3.4902,0,52.353,0,3.4902,0,52.353,0
3.4911,0,52.3665,0,3.4911,0,52.3665,0
3.492,0,52.38,0,3.492,0,52.38,0
3.4929,0,52.3935,0,3.4929,0,52.3935,0
3.4938,0,52.407,0,3.4938,0,52.407,0
3.4947,0,52.4205,0,3.4947,0,52.4205,0
3.4956,0,52.434,0,3.4956,0,52.434,0
